urban_community,province_key,happiness,age,ln_wtp_air3,minority,married,age2,female,educ_years,ln_personal_income,rural_hukou,ccp_member,mean_ndvi,ln_household_income,health
1.0,beijing,3.0,56.0,4.6151204,0.0,1.0,3136.0,1.0,15.0,11.002116,0.0,1.0,73.0,11.512936,4.0
1.0,beijing,4.0,25.0,0.0,0.0,0.0,625.0,1.0,16.0,13.122365,0.0,0.0,73.0,13.122365,2.0
1.0,beijing,4.0,51.0,3.4339871,0.0,1.0,2601.0,1.0,12.0,12.611541,1.0,0.0,73.0,12.611541,5.0
1.0,beijing,3.0,62.0,0.0,0.0,1.0,3844.0,0.0,6.0,10.085851,0.0,0.0,73.0,11.407576,4.0
1.0,beijing,5.0,82.0,0.0,0.0,1.0,6724.0,0.0,15.0,10.778977,0.0,1.0,73.0,11.472114,3.0
1.0,beijing,4.0,34.0,0.0,0.0,1.0,1156.0,1.0,16.0,11.289794,0.0,0.0,73.0,12.100718,4.0
1.0,beijing,4.0,83.0,0.0,0.0,1.0,6889.0,1.0,16.0,10.778977,0.0,1.0,73.0,10.778977,1.0
1.0,beijing,4.0,26.0,0.0,0.0,1.0,676.0,0.0,15.0,10.308986,0.0,0.0,73.0,11.289794,4.0
1.0,beijing,4.0,80.0,0.0,0.0,1.0,6400.0,0.0,6.0,10.085851,0.0,1.0,73.0,10.308986,4.0
1.0,beijing,4.0,31.0,5.3033047,0.0,1.0,961.0,0.0,16.0,11.002116,0.0,1.0,73.0,11.695255,4.0
1.0,beijing,4.0,30.0,0.0,0.0,1.0,900.0,0.0,19.0,11.512936,0.0,1.0,73.0,11.918397,2.0
1.0,beijing,4.0,52.0,0.0,0.0,1.0,2704.0,1.0,12.0,10.491302,0.0,0.0,73.0,11.184435,4.0
1.0,beijing,3.0,61.0,0.0,0.0,0.0,3721.0,1.0,12.0,10.59666,0.0,0.0,73.0,11.512936,1.0
1.0,beijing,5.0,28.0,0.0,0.0,0.0,784.0,0.0,6.0,9.9035378,1.0,0.0,73.0,9.9035378,5.0
1.0,beijing,4.0,34.0,5.3033047,0.0,1.0,1156.0,0.0,9.0,10.819798,1.0,0.0,73.0,10.819798,3.0
1.0,beijing,5.0,57.0,0.0,0.0,0.0,3249.0,1.0,15.0,10.819798,0.0,0.0,73.0,,4.0
1.0,beijing,2.0,58.0,0.0,0.0,1.0,3364.0,1.0,12.0,10.308986,0.0,0.0,73.0,11.918397,5.0
1.0,beijing,4.0,70.0,0.0,0.0,1.0,4900.0,0.0,9.0,10.819798,0.0,1.0,73.0,11.512936,4.0
1.0,beijing,4.0,22.0,3.4339871,0.0,0.0,484.0,0.0,15.0,11.002116,1.0,0.0,73.0,11.512936,2.0
1.0,beijing,4.0,58.0,0.0,0.0,1.0,3364.0,0.0,12.0,10.819798,0.0,0.0,73.0,11.512936,4.0
1.0,beijing,5.0,54.0,0.0,0.0,1.0,2916.0,0.0,19.0,11.695255,0.0,1.0,73.0,12.100718,5.0
1.0,beijing,4.0,56.0,3.4339871,0.0,1.0,3136.0,0.0,15.0,10.59666,0.0,1.0,73.0,11.512936,3.0
1.0,beijing,4.0,77.0,0.0,0.0,1.0,5929.0,0.0,9.0,10.71444,0.0,1.0,73.0,11.532738,3.0
1.0,beijing,5.0,78.0,0.0,0.0,1.0,6084.0,1.0,15.0,10.819798,0.0,0.0,73.0,11.608245,5.0
1.0,beijing,4.0,75.0,0.0,0.0,1.0,5625.0,0.0,16.0,11.512936,0.0,1.0,73.0,,4.0
1.0,beijing,4.0,59.0,0.0,0.0,1.0,3481.0,0.0,12.0,,0.0,0.0,73.0,,2.0
1.0,beijing,4.0,53.0,0.0,0.0,1.0,2809.0,1.0,12.0,10.59666,0.0,0.0,73.0,11.918397,4.0
1.0,beijing,4.0,30.0,0.0,0.0,1.0,900.0,0.0,16.0,11.002116,0.0,0.0,73.0,11.512936,3.0
1.0,beijing,5.0,52.0,0.0,0.0,1.0,2704.0,0.0,12.0,11.407576,0.0,0.0,73.0,11.775297,5.0
1.0,beijing,5.0,29.0,0.0,0.0,1.0,841.0,0.0,16.0,12.206078,1.0,0.0,73.0,12.206078,3.0
1.0,beijing,4.0,78.0,0.0,0.0,1.0,6084.0,1.0,16.0,10.819798,0.0,1.0,73.0,11.512936,4.0
1.0,beijing,4.0,41.0,0.0,0.0,1.0,1681.0,1.0,12.0,10.819798,1.0,0.0,73.0,10.819798,4.0
1.0,beijing,4.0,65.0,1.6094379,0.0,1.0,4225.0,1.0,9.0,8.6996813,0.0,0.0,73.0,12.611541,2.0
1.0,beijing,4.0,47.0,0.0,0.0,1.0,2209.0,0.0,15.0,13.815512,0.0,1.0,73.0,13.997833,4.0
1.0,beijing,5.0,54.0,0.0,0.0,1.0,2916.0,0.0,16.0,12.128117,0.0,1.0,73.0,13.122365,5.0
1.0,beijing,4.0,34.0,0.0,0.0,1.0,1156.0,0.0,15.0,0.0,0.0,0.0,73.0,10.819798,4.0
1.0,beijing,2.0,55.0,0.0,0.0,0.0,3025.0,0.0,9.0,10.819798,0.0,0.0,73.0,11.082158,2.0
1.0,beijing,4.0,56.0,0.0,0.0,1.0,3136.0,1.0,12.0,10.778977,0.0,1.0,73.0,10.819798,3.0
1.0,beijing,4.0,62.0,0.0,0.0,0.0,3844.0,1.0,12.0,10.491302,0.0,0.0,73.0,10.491302,4.0
1.0,beijing,5.0,61.0,0.0,0.0,1.0,3721.0,1.0,12.0,10.645449,0.0,0.0,73.0,11.512936,4.0
1.0,beijing,4.0,38.0,3.4339871,0.0,1.0,1444.0,0.0,12.0,10.819798,1.0,0.0,73.0,11.512936,3.0
1.0,beijing,4.0,73.0,0.0,0.0,1.0,5329.0,0.0,12.0,10.827766,0.0,0.0,73.0,11.385103,2.0
1.0,beijing,5.0,48.0,3.4339871,0.0,1.0,2304.0,0.0,12.0,11.512936,1.0,0.0,73.0,12.206078,5.0
1.0,beijing,3.0,69.0,0.0,0.0,1.0,4761.0,0.0,12.0,10.085851,0.0,1.0,73.0,10.085851,5.0
1.0,beijing,4.0,28.0,0.0,0.0,1.0,784.0,1.0,12.0,10.308986,1.0,0.0,73.0,11.002116,4.0
1.0,beijing,4.0,34.0,0.0,0.0,1.0,1156.0,0.0,9.0,11.512936,1.0,0.0,73.0,11.918397,4.0
1.0,beijing,5.0,53.0,0.0,0.0,1.0,2809.0,0.0,16.0,0.0,0.0,0.0,73.0,0.0,4.0
1.0,beijing,5.0,29.0,0.0,0.0,1.0,841.0,1.0,15.0,11.695255,1.0,0.0,73.0,11.695255,5.0
1.0,beijing,4.0,39.0,0.0,0.0,1.0,1521.0,1.0,15.0,11.695255,0.0,0.0,73.0,13.710151,5.0
1.0,beijing,4.0,35.0,0.0,0.0,1.0,1225.0,0.0,16.0,12.206078,0.0,0.0,73.0,13.017005,4.0
1.0,beijing,4.0,50.0,0.0,0.0,1.0,2500.0,1.0,6.0,9.7981825,0.0,0.0,73.0,9.7981825,2.0
1.0,beijing,3.0,38.0,0.0,0.0,0.0,1444.0,1.0,16.0,11.512936,0.0,0.0,73.0,,4.0
1.0,beijing,4.0,30.0,2.3978953,0.0,1.0,900.0,1.0,12.0,11.512936,0.0,0.0,73.0,11.512936,5.0
1.0,beijing,4.0,38.0,0.0,0.0,1.0,1444.0,1.0,9.0,10.819798,1.0,0.0,73.0,11.512936,4.0
1.0,beijing,4.0,26.0,0.0,0.0,0.0,676.0,0.0,15.0,12.206078,1.0,0.0,73.0,12.206078,4.0
1.0,beijing,3.0,44.0,1.9459101,0.0,1.0,1936.0,1.0,16.0,11.512936,0.0,,73.0,11.002116,4.0
1.0,beijing,4.0,87.0,3.0445225,0.0,0.0,7569.0,1.0,6.0,10.778977,0.0,0.0,73.0,10.778977,2.0
1.0,beijing,5.0,81.0,0.0,0.0,0.0,6561.0,1.0,0.0,10.491302,0.0,0.0,73.0,10.491302,4.0
1.0,beijing,5.0,18.0,0.0,0.0,0.0,324.0,1.0,12.0,9.9035378,0.0,0.0,73.0,,5.0
1.0,beijing,4.0,35.0,0.0,0.0,1.0,1225.0,0.0,19.0,12.206078,0.0,0.0,73.0,12.611541,5.0
1.0,beijing,4.0,62.0,0.0,0.0,0.0,3844.0,1.0,6.0,9.9035378,0.0,0.0,73.0,9.9035378,4.0
1.0,beijing,5.0,64.0,0.0,0.0,1.0,4096.0,0.0,12.0,11.002116,0.0,0.0,73.0,12.206078,4.0
1.0,beijing,5.0,35.0,0.0,0.0,1.0,1225.0,1.0,12.0,11.472114,1.0,0.0,73.0,11.951187,5.0
1.0,beijing,4.0,60.0,0.0,0.0,0.0,3600.0,1.0,0.0,0.0,1.0,0.0,73.0,11.512936,3.0
1.0,beijing,4.0,55.0,0.0,0.0,1.0,3025.0,0.0,16.0,11.775297,0.0,1.0,73.0,12.765692,5.0
1.0,beijing,4.0,84.0,0.0,0.0,1.0,7056.0,1.0,16.0,11.608245,0.0,1.0,73.0,12.388398,3.0
1.0,beijing,4.0,56.0,0.0,0.0,1.0,3136.0,0.0,9.0,11.002116,1.0,0.0,73.0,11.918397,3.0
1.0,beijing,4.0,31.0,0.0,0.0,1.0,961.0,1.0,12.0,0.0,1.0,0.0,73.0,11.002116,5.0
1.0,beijing,5.0,60.0,0.0,0.0,1.0,3600.0,0.0,16.0,11.289794,0.0,1.0,73.0,11.775297,4.0
1.0,beijing,5.0,79.0,0.0,0.0,1.0,6241.0,0.0,16.0,11.156265,0.0,1.0,73.0,11.695255,5.0
1.0,beijing,5.0,36.0,0.0,0.0,1.0,1296.0,0.0,15.0,11.002116,0.0,1.0,73.0,11.695255,4.0
1.0,beijing,5.0,79.0,0.0,0.0,0.0,6241.0,1.0,6.0,7.3138866,0.0,0.0,73.0,7.3138866,4.0
1.0,beijing,5.0,74.0,0.0,0.0,1.0,5476.0,1.0,6.0,9.5468836,0.0,0.0,73.0,12.437188,5.0
1.0,beijing,5.0,56.0,0.0,0.0,1.0,3136.0,1.0,9.0,,1.0,0.0,73.0,,4.0
1.0,beijing,5.0,58.0,0.0,0.0,1.0,3364.0,1.0,12.0,10.59666,0.0,1.0,73.0,11.512936,5.0
1.0,beijing,4.0,28.0,3.9318256,0.0,0.0,784.0,1.0,16.0,11.918397,0.0,1.0,73.0,11.918397,4.0
1.0,beijing,5.0,65.0,0.0,0.0,1.0,4225.0,1.0,9.0,12.899222,0.0,0.0,73.0,,3.0
1.0,beijing,4.0,45.0,0.0,0.0,1.0,2025.0,0.0,9.0,10.59666,1.0,0.0,73.0,11.002116,5.0
1.0,beijing,4.0,45.0,0.0,0.0,1.0,2025.0,1.0,9.0,9.9035378,1.0,0.0,73.0,10.819798,4.0
1.0,beijing,5.0,69.0,0.0,0.0,1.0,4761.0,1.0,16.0,11.407576,0.0,1.0,73.0,12.206078,5.0
1.0,beijing,4.0,65.0,0.0,0.0,1.0,4225.0,0.0,16.0,11.695255,0.0,1.0,73.0,,3.0
1.0,beijing,1.0,49.0,0.0,0.0,1.0,2401.0,0.0,9.0,,0.0,0.0,73.0,,2.0
1.0,beijing,4.0,46.0,0.0,0.0,1.0,2116.0,0.0,9.0,10.59666,1.0,0.0,73.0,11.002116,4.0
1.0,beijing,5.0,31.0,0.0,0.0,1.0,961.0,1.0,15.0,11.512936,0.0,0.0,73.0,12.206078,5.0
1.0,beijing,5.0,36.0,5.3033047,0.0,1.0,1296.0,0.0,19.0,13.122365,0.0,0.0,73.0,13.304687,3.0
1.0,beijing,4.0,29.0,0.0,0.0,0.0,841.0,0.0,19.0,12.206078,0.0,0.0,73.0,12.206078,4.0
1.0,beijing,4.0,53.0,0.0,0.0,1.0,2809.0,1.0,12.0,11.002116,0.0,0.0,73.0,11.695255,4.0
1.0,beijing,1.0,34.0,0.0,0.0,0.0,1156.0,1.0,9.0,9.2104406,1.0,0.0,73.0,9.9035378,1.0
0.0,beijing,5.0,62.0,0.0,0.0,1.0,3844.0,0.0,9.0,10.819798,0.0,1.0,73.0,11.512936,3.0
1.0,beijing,3.0,36.0,0.0,0.0,1.0,1296.0,1.0,12.0,10.819798,1.0,0.0,73.0,11.002116,4.0
1.0,beijing,4.0,52.0,0.0,0.0,1.0,2704.0,1.0,9.0,10.819798,1.0,0.0,73.0,11.512936,5.0
1.0,beijing,5.0,44.0,0.0,0.0,1.0,1936.0,1.0,12.0,10.59666,0.0,0.0,73.0,11.512936,4.0
1.0,beijing,4.0,34.0,0.0,0.0,1.0,1156.0,0.0,6.0,10.308986,1.0,0.0,73.0,11.512936,5.0
1.0,beijing,5.0,60.0,0.0,0.0,1.0,3600.0,0.0,6.0,10.59666,0.0,0.0,73.0,11.156265,2.0
1.0,beijing,4.0,27.0,2.3978953,0.0,0.0,729.0,1.0,16.0,11.512936,0.0,0.0,73.0,11.512936,3.0
1.0,beijing,3.0,46.0,0.0,0.0,0.0,2116.0,0.0,9.0,,0.0,0.0,73.0,,4.0
1.0,beijing,4.0,30.0,0.0,0.0,0.0,900.0,1.0,19.0,12.206078,0.0,0.0,73.0,12.206078,5.0
1.0,beijing,4.0,67.0,0.0,0.0,1.0,4489.0,0.0,9.0,10.819798,0.0,1.0,73.0,11.002116,3.0
1.0,beijing,3.0,63.0,0.0,0.0,1.0,3969.0,1.0,12.0,10.491302,0.0,0.0,73.0,11.512936,3.0
1.0,beijing,3.0,47.0,0.0,0.0,1.0,2209.0,0.0,19.0,11.918397,0.0,0.0,73.0,12.42922,1.0
1.0,beijing,4.0,69.0,0.0,0.0,1.0,4761.0,0.0,9.0,10.819798,0.0,0.0,73.0,11.289794,3.0
1.0,beijing,5.0,50.0,0.0,0.0,1.0,2500.0,0.0,15.0,,1.0,0.0,73.0,,4.0
1.0,beijing,4.0,34.0,1.3862944,0.0,1.0,1156.0,1.0,16.0,0.0,0.0,0.0,73.0,11.695255,3.0
1.0,beijing,4.0,72.0,4.6151204,0.0,1.0,5184.0,0.0,16.0,11.407576,0.0,1.0,73.0,11.512936,5.0
1.0,beijing,4.0,73.0,2.3978953,0.0,1.0,5329.0,1.0,6.0,8.9307585,1.0,0.0,73.0,10.691968,4.0
1.0,beijing,4.0,29.0,0.0,0.0,0.0,841.0,1.0,16.0,11.512936,1.0,0.0,73.0,12.206078,4.0
1.0,beijing,3.0,35.0,0.0,0.0,1.0,1225.0,0.0,16.0,12.42922,0.0,1.0,73.0,12.765692,3.0
1.0,beijing,4.0,54.0,0.0,0.0,1.0,2916.0,1.0,6.0,9.9035378,0.0,0.0,73.0,11.512936,4.0
1.0,beijing,4.0,40.0,0.0,0.0,1.0,1600.0,0.0,15.0,11.512936,0.0,0.0,73.0,11.512936,4.0
1.0,beijing,4.0,43.0,0.0,1.0,0.0,1849.0,1.0,19.0,0.0,0.0,0.0,73.0,0.0,4.0
1.0,beijing,4.0,59.0,0.0,0.0,1.0,3481.0,1.0,15.0,,0.0,1.0,73.0,,4.0
1.0,beijing,3.0,55.0,0.0,0.0,1.0,3025.0,0.0,12.0,10.385944,0.0,0.0,73.0,11.842237,3.0
1.0,beijing,5.0,63.0,0.0,0.0,1.0,3969.0,1.0,9.0,7.9728107,0.0,0.0,73.0,9.9035378,3.0
1.0,beijing,4.0,63.0,0.0,0.0,1.0,3969.0,0.0,12.0,10.778977,0.0,1.0,73.0,11.407576,4.0
1.0,beijing,5.0,55.0,0.0,0.0,1.0,3025.0,1.0,12.0,0.0,0.0,1.0,73.0,0.0,4.0
1.0,beijing,3.0,42.0,0.0,0.0,1.0,1764.0,1.0,6.0,,1.0,0.0,73.0,,4.0
1.0,beijing,3.0,33.0,3.9318256,0.0,1.0,1089.0,1.0,16.0,12.100718,0.0,0.0,73.0,13.458838,5.0
1.0,beijing,4.0,42.0,5.3033047,0.0,1.0,1764.0,0.0,15.0,12.206078,0.0,0.0,73.0,12.611541,4.0
1.0,beijing,4.0,38.0,0.0,0.0,1.0,1444.0,0.0,15.0,10.819798,1.0,0.0,73.0,10.819798,5.0
1.0,beijing,5.0,36.0,0.0,0.0,1.0,1296.0,0.0,9.0,,1.0,0.0,73.0,13.458838,5.0
1.0,beijing,4.0,56.0,0.0,0.0,1.0,3136.0,1.0,12.0,10.308986,0.0,0.0,73.0,11.512936,4.0
1.0,beijing,4.0,65.0,3.0445225,0.0,1.0,4225.0,0.0,12.0,10.819798,0.0,0.0,73.0,11.156265,3.0
1.0,beijing,4.0,29.0,0.0,0.0,0.0,841.0,0.0,19.0,,0.0,0.0,73.0,,4.0
1.0,beijing,4.0,62.0,0.0,0.0,0.0,3844.0,1.0,12.0,11.156265,0.0,0.0,73.0,12.206078,2.0
1.0,beijing,4.0,45.0,0.0,0.0,1.0,2025.0,1.0,19.0,11.512936,0.0,1.0,73.0,12.301388,3.0
1.0,beijing,5.0,65.0,0.0,0.0,1.0,4225.0,1.0,12.0,9.9035378,0.0,0.0,73.0,11.695255,3.0
1.0,beijing,4.0,57.0,1.0986123,0.0,1.0,3249.0,1.0,12.0,10.308986,0.0,0.0,73.0,10.308986,5.0
1.0,beijing,4.0,62.0,0.0,0.0,1.0,3844.0,1.0,12.0,0.0,1.0,0.0,73.0,11.225257,4.0
1.0,beijing,5.0,42.0,0.0,0.0,1.0,1764.0,1.0,15.0,13.122365,1.0,0.0,73.0,12.206078,5.0
1.0,beijing,4.0,79.0,0.0,0.0,0.0,6241.0,1.0,0.0,0.0,0.0,0.0,73.0,,5.0
1.0,beijing,5.0,70.0,0.0,0.0,1.0,4900.0,0.0,9.0,9.9035378,0.0,0.0,73.0,11.002116,5.0
1.0,beijing,4.0,61.0,0.0,0.0,0.0,3721.0,0.0,16.0,10.491302,0.0,1.0,73.0,10.491302,5.0
1.0,beijing,4.0,56.0,0.0,0.0,1.0,3136.0,1.0,12.0,10.308986,0.0,0.0,73.0,12.100718,2.0
1.0,beijing,3.0,62.0,0.0,0.0,1.0,3844.0,1.0,12.0,10.308986,0.0,0.0,73.0,13.592368,4.0
1.0,beijing,5.0,40.0,2.0794415,1.0,1.0,1600.0,0.0,12.0,11.512936,1.0,0.0,73.0,11.512936,5.0
1.0,beijing,4.0,38.0,0.0,0.0,1.0,1444.0,1.0,12.0,0.0,0.0,0.0,73.0,11.512936,4.0
1.0,beijing,5.0,80.0,0.0,0.0,0.0,6400.0,1.0,12.0,10.778977,0.0,0.0,73.0,10.778977,2.0
1.0,beijing,4.0,72.0,0.0,0.0,1.0,5184.0,1.0,16.0,11.082158,0.0,0.0,73.0,11.512936,4.0
1.0,beijing,4.0,53.0,0.0,0.0,1.0,2809.0,0.0,19.0,11.512936,0.0,1.0,73.0,12.206078,5.0
1.0,beijing,4.0,55.0,0.0,0.0,1.0,3025.0,0.0,9.0,0.0,0.0,0.0,73.0,12.206078,4.0
1.0,beijing,4.0,51.0,0.0,0.0,1.0,2601.0,0.0,9.0,9.9035378,1.0,0.0,73.0,9.9035378,4.0
1.0,beijing,3.0,55.0,0.0,0.0,1.0,3025.0,1.0,12.0,10.308986,0.0,0.0,73.0,10.308986,4.0
1.0,beijing,4.0,81.0,0.0,0.0,1.0,6561.0,0.0,6.0,11.002116,0.0,1.0,73.0,11.002116,3.0
1.0,beijing,5.0,36.0,0.0,1.0,1.0,1296.0,0.0,19.0,12.206078,0.0,1.0,73.0,12.301388,5.0
1.0,beijing,5.0,26.0,0.0,0.0,1.0,676.0,0.0,16.0,11.695255,0.0,0.0,73.0,12.206078,4.0
1.0,beijing,5.0,32.0,0.0,0.0,1.0,1024.0,1.0,16.0,,1.0,0.0,73.0,,4.0
1.0,beijing,5.0,59.0,0.0,0.0,1.0,3481.0,0.0,12.0,10.59666,0.0,0.0,73.0,11.695255,3.0
1.0,beijing,2.0,35.0,0.0,0.0,1.0,1225.0,0.0,16.0,11.407576,1.0,0.0,73.0,11.407576,5.0
1.0,beijing,4.0,64.0,0.0,0.0,1.0,4096.0,0.0,15.0,10.819798,0.0,1.0,73.0,11.695255,3.0
1.0,beijing,4.0,32.0,0.0,0.0,1.0,1024.0,1.0,16.0,11.512936,0.0,0.0,73.0,12.42922,5.0
1.0,beijing,4.0,55.0,1.7917595,0.0,1.0,3025.0,1.0,9.0,9.9035378,0.0,0.0,73.0,,2.0
0.0,beijing,4.0,50.0,0.0,0.0,1.0,2500.0,0.0,9.0,10.59666,0.0,0.0,73.0,11.002116,3.0
1.0,beijing,2.0,30.0,0.0,0.0,1.0,900.0,1.0,15.0,11.695255,0.0,0.0,73.0,12.206078,4.0
1.0,beijing,5.0,53.0,0.0,0.0,1.0,2809.0,1.0,6.0,0.0,1.0,0.0,73.0,,5.0
1.0,beijing,4.0,28.0,0.0,0.0,0.0,784.0,0.0,19.0,11.918397,0.0,0.0,73.0,13.458838,4.0
1.0,beijing,4.0,31.0,0.0,1.0,0.0,961.0,0.0,16.0,11.407576,0.0,0.0,73.0,,4.0
1.0,beijing,4.0,45.0,0.0,0.0,1.0,2025.0,0.0,12.0,12.206078,0.0,0.0,73.0,12.388398,4.0
1.0,beijing,5.0,62.0,0.0,0.0,1.0,3844.0,0.0,15.0,11.289794,0.0,1.0,73.0,11.407576,4.0
1.0,beijing,4.0,71.0,0.0,0.0,0.0,5041.0,0.0,6.0,10.819798,0.0,1.0,73.0,11.918397,3.0
1.0,beijing,5.0,38.0,0.0,0.0,1.0,1444.0,1.0,12.0,13.122365,1.0,0.0,73.0,13.122365,5.0
1.0,beijing,4.0,51.0,3.4339871,0.0,1.0,2601.0,0.0,9.0,11.736077,1.0,0.0,73.0,12.42922,4.0
1.0,beijing,3.0,36.0,0.0,0.0,1.0,1296.0,0.0,16.0,12.206078,0.0,0.0,73.0,12.611541,2.0
1.0,beijing,5.0,68.0,0.0,0.0,1.0,4624.0,1.0,9.0,10.085851,0.0,1.0,73.0,10.819798,4.0
1.0,beijing,4.0,32.0,1.0986123,0.0,1.0,1024.0,1.0,19.0,11.918397,0.0,1.0,73.0,12.611541,3.0
1.0,beijing,4.0,83.0,0.0,0.0,1.0,6889.0,0.0,6.0,10.819798,0.0,0.0,73.0,11.512936,3.0
0.0,beijing,5.0,28.0,0.0,0.0,1.0,784.0,1.0,9.0,,1.0,0.0,73.0,,5.0
1.0,beijing,4.0,55.0,0.0,0.0,1.0,3025.0,1.0,12.0,10.491302,0.0,0.0,73.0,11.512936,2.0
1.0,beijing,4.0,83.0,0.0,0.0,1.0,6889.0,0.0,12.0,10.819798,0.0,1.0,73.0,11.289794,5.0
1.0,beijing,5.0,20.0,4.7957907,0.0,0.0,400.0,1.0,15.0,8.8538084,0.0,0.0,73.0,12.42922,5.0
1.0,beijing,4.0,40.0,0.0,0.0,1.0,1600.0,1.0,15.0,11.512936,0.0,0.0,73.0,11.918397,3.0
1.0,beijing,4.0,38.0,0.0,0.0,1.0,1444.0,0.0,9.0,9.9035378,1.0,0.0,73.0,10.203629,5.0
1.0,beijing,4.0,37.0,0.0,0.0,1.0,1369.0,1.0,19.0,12.206078,0.0,1.0,73.0,13.122365,3.0
1.0,beijing,4.0,81.0,0.0,0.0,0.0,6561.0,0.0,6.0,10.308986,0.0,0.0,73.0,10.59666,4.0
1.0,beijing,5.0,84.0,0.0,0.0,0.0,7056.0,0.0,6.0,10.896758,0.0,1.0,73.0,10.896758,1.0
1.0,beijing,1.0,47.0,0.0,0.0,0.0,2209.0,1.0,6.0,9.9035378,1.0,0.0,73.0,,5.0
1.0,beijing,4.0,63.0,0.0,0.0,1.0,3969.0,0.0,15.0,11.082158,0.0,1.0,73.0,11.512936,4.0
1.0,beijing,4.0,42.0,0.0,0.0,1.0,1764.0,1.0,15.0,12.611541,0.0,0.0,73.0,,5.0
1.0,beijing,4.0,52.0,2.3978953,0.0,1.0,2704.0,0.0,9.0,11.002116,1.0,0.0,73.0,13.122365,3.0
1.0,beijing,3.0,54.0,0.0,0.0,1.0,2916.0,1.0,9.0,9.9035378,0.0,0.0,73.0,10.819798,4.0
1.0,beijing,3.0,46.0,0.0,0.0,1.0,2116.0,1.0,15.0,11.338584,1.0,0.0,73.0,11.775297,3.0
1.0,beijing,5.0,81.0,0.0,0.0,1.0,6561.0,1.0,15.0,10.819798,0.0,1.0,73.0,11.512936,4.0
1.0,beijing,3.0,44.0,3.9318256,0.0,1.0,1936.0,0.0,15.0,11.512936,0.0,1.0,73.0,11.918397,4.0
1.0,beijing,4.0,83.0,0.0,0.0,0.0,6889.0,1.0,12.0,10.71444,0.0,1.0,73.0,10.71444,4.0
1.0,beijing,4.0,33.0,0.0,0.0,1.0,1089.0,0.0,16.0,11.512936,0.0,1.0,73.0,11.407576,3.0
1.0,beijing,5.0,55.0,0.0,0.0,1.0,3025.0,1.0,16.0,11.002116,0.0,1.0,73.0,12.206078,4.0
1.0,beijing,3.0,65.0,0.0,0.0,1.0,4225.0,0.0,9.0,10.819798,0.0,0.0,73.0,11.309597,2.0
0.0,beijing,4.0,66.0,0.0,0.0,1.0,4356.0,0.0,6.0,8.8819752,1.0,0.0,73.0,9.4727812,3.0
1.0,beijing,4.0,60.0,2.6390574,0.0,1.0,3600.0,1.0,12.0,10.778977,0.0,0.0,73.0,11.695255,3.0
1.0,beijing,5.0,18.0,0.0,0.0,0.0,324.0,1.0,9.0,9.9035378,0.0,0.0,73.0,,5.0
1.0,beijing,4.0,36.0,0.0,0.0,0.0,1296.0,0.0,15.0,11.512936,0.0,1.0,73.0,11.512936,5.0
1.0,beijing,3.0,50.0,3.4339871,0.0,1.0,2500.0,0.0,9.0,11.695255,1.0,0.0,73.0,11.695255,4.0
1.0,beijing,5.0,65.0,0.0,0.0,1.0,4225.0,1.0,9.0,10.819798,0.0,0.0,73.0,12.644331,3.0
1.0,beijing,5.0,47.0,0.0,0.0,1.0,2209.0,0.0,9.0,10.308986,0.0,1.0,73.0,11.407576,3.0
1.0,beijing,3.0,61.0,0.0,0.0,1.0,3721.0,0.0,6.0,11.156265,0.0,0.0,73.0,11.512936,3.0
1.0,beijing,2.0,33.0,0.0,0.0,1.0,1089.0,0.0,16.0,11.695255,0.0,0.0,73.0,12.206078,4.0
1.0,beijing,4.0,27.0,0.0,0.0,1.0,729.0,0.0,12.0,11.002116,1.0,0.0,73.0,11.512936,4.0
1.0,beijing,5.0,67.0,0.0,0.0,1.0,4489.0,0.0,0.0,10.491302,0.0,1.0,73.0,11.156265,2.0
1.0,beijing,4.0,57.0,0.0,0.0,1.0,3249.0,0.0,9.0,,0.0,0.0,73.0,,4.0
1.0,beijing,5.0,37.0,0.0,0.0,1.0,1369.0,0.0,19.0,13.122365,0.0,1.0,73.0,13.815512,5.0
1.0,beijing,5.0,28.0,0.0,0.0,0.0,784.0,0.0,19.0,11.918397,0.0,0.0,73.0,12.765692,3.0
1.0,beijing,5.0,88.0,0.0,0.0,1.0,7744.0,0.0,6.0,11.695255,0.0,0.0,73.0,11.695255,1.0
1.0,beijing,5.0,26.0,0.0,0.0,0.0,676.0,1.0,15.0,10.819798,1.0,0.0,73.0,12.206078,4.0
1.0,beijing,4.0,37.0,0.0,0.0,1.0,1369.0,1.0,12.0,11.512936,0.0,0.0,73.0,,3.0
1.0,beijing,5.0,58.0,0.0,0.0,1.0,3364.0,1.0,19.0,12.611541,0.0,1.0,73.0,12.899222,5.0
1.0,beijing,4.0,55.0,1.0986123,0.0,1.0,3025.0,1.0,12.0,9.9035378,0.0,0.0,73.0,10.819798,3.0
1.0,beijing,3.0,56.0,0.0,0.0,0.0,3136.0,0.0,6.0,9.3057413,0.0,0.0,73.0,9.3057413,2.0
1.0,beijing,5.0,19.0,3.9318256,1.0,0.0,361.0,1.0,12.0,,0.0,0.0,73.0,,5.0
1.0,beijing,2.0,23.0,0.0,0.0,0.0,529.0,0.0,19.0,0.0,0.0,0.0,73.0,,4.0
1.0,beijing,4.0,68.0,0.0,0.0,1.0,4624.0,1.0,12.0,11.002116,0.0,0.0,73.0,11.512936,2.0
1.0,beijing,4.0,24.0,0.0,0.0,0.0,576.0,0.0,15.0,10.819798,0.0,0.0,73.0,12.04356,2.0
1.0,beijing,3.0,29.0,0.0,0.0,1.0,841.0,1.0,19.0,11.849405,0.0,0.0,73.0,12.611541,3.0
1.0,beijing,4.0,58.0,0.0,0.0,1.0,3364.0,0.0,15.0,11.512936,0.0,1.0,73.0,11.918397,4.0
1.0,beijing,3.0,44.0,0.0,0.0,1.0,1936.0,1.0,12.0,9.9035378,0.0,0.0,73.0,11.289794,4.0
1.0,beijing,4.0,21.0,1.0986123,0.0,0.0,441.0,0.0,16.0,8.2943001,0.0,0.0,73.0,12.206078,4.0
1.0,beijing,4.0,43.0,2.3978953,0.0,0.0,1849.0,0.0,0.0,11.289794,0.0,0.0,73.0,11.918397,4.0
1.0,beijing,4.0,34.0,0.0,0.0,1.0,1156.0,0.0,6.0,11.097425,1.0,0.0,73.0,11.385103,4.0
1.0,beijing,4.0,34.0,0.0,0.0,1.0,1156.0,1.0,16.0,0.0,0.0,0.0,73.0,12.42922,3.0
1.0,beijing,4.0,37.0,3.4339871,0.0,0.0,1369.0,0.0,9.0,11.289794,1.0,0.0,73.0,11.289794,4.0
1.0,beijing,4.0,50.0,0.0,1.0,1.0,2500.0,1.0,16.0,11.918397,0.0,0.0,73.0,12.899222,4.0
1.0,beijing,5.0,58.0,0.0,0.0,1.0,3364.0,0.0,16.0,,0.0,0.0,73.0,,5.0
1.0,beijing,3.0,40.0,0.0,0.0,1.0,1600.0,0.0,19.0,12.206078,0.0,0.0,73.0,12.765692,4.0
1.0,beijing,4.0,60.0,0.0,0.0,1.0,3600.0,1.0,12.0,10.59666,0.0,1.0,73.0,11.289794,4.0
1.0,beijing,4.0,56.0,0.0,0.0,1.0,3136.0,0.0,12.0,10.778977,0.0,0.0,73.0,11.338584,4.0
1.0,beijing,4.0,28.0,0.0,1.0,0.0,784.0,1.0,19.0,11.512936,0.0,0.0,73.0,12.206078,3.0
1.0,beijing,5.0,78.0,0.0,0.0,0.0,6084.0,1.0,12.0,10.71444,0.0,1.0,73.0,10.71444,5.0
1.0,beijing,5.0,54.0,2.3978953,0.0,1.0,2916.0,0.0,9.0,9.2104406,0.0,0.0,73.0,,4.0
1.0,beijing,3.0,25.0,0.0,0.0,0.0,625.0,0.0,0.0,10.819798,1.0,0.0,73.0,10.819798,4.0
1.0,beijing,4.0,31.0,0.0,0.0,1.0,961.0,0.0,15.0,13.304687,1.0,0.0,73.0,,2.0
1.0,beijing,3.0,70.0,3.4339871,0.0,1.0,4900.0,0.0,9.0,10.778977,0.0,0.0,73.0,11.512936,4.0
0.0,beijing,2.0,26.0,0.0,0.0,0.0,676.0,0.0,16.0,10.71444,1.0,0.0,73.0,12.42922,4.0
1.0,beijing,5.0,78.0,0.0,0.0,0.0,6084.0,1.0,12.0,9.1696224,1.0,0.0,73.0,12.206078,3.0
1.0,beijing,5.0,30.0,4.6151204,0.0,1.0,900.0,1.0,16.0,0.0,0.0,0.0,73.0,11.918397,4.0
1.0,beijing,3.0,32.0,0.0,0.0,0.0,1024.0,1.0,16.0,11.512936,0.0,0.0,73.0,11.512936,3.0
1.0,beijing,5.0,77.0,3.0445225,0.0,0.0,5929.0,1.0,6.0,10.463132,0.0,0.0,73.0,11.512936,1.0
0.0,beijing,5.0,70.0,0.0,0.0,0.0,4900.0,1.0,12.0,8.4765797,1.0,0.0,73.0,8.4765797,3.0
1.0,beijing,3.0,30.0,0.0,0.0,0.0,900.0,1.0,19.0,,0.0,0.0,73.0,,4.0
1.0,beijing,4.0,90.0,0.0,0.0,1.0,8100.0,1.0,12.0,10.778977,0.0,1.0,73.0,11.512936,2.0
1.0,beijing,5.0,30.0,0.0,0.0,0.0,900.0,1.0,16.0,10.59666,0.0,0.0,73.0,,5.0
1.0,beijing,4.0,51.0,0.0,0.0,1.0,2601.0,1.0,15.0,10.819798,1.0,0.0,73.0,11.849405,3.0
1.0,beijing,4.0,85.0,0.0,1.0,0.0,7225.0,1.0,9.0,10.59666,0.0,0.0,73.0,10.59666,3.0
1.0,beijing,5.0,79.0,0.0,0.0,0.0,6241.0,0.0,6.0,10.778977,0.0,1.0,73.0,10.778977,5.0
1.0,beijing,4.0,44.0,0.0,0.0,1.0,1936.0,0.0,15.0,11.002116,0.0,0.0,73.0,11.289794,4.0
1.0,beijing,4.0,46.0,0.0,0.0,1.0,2116.0,1.0,12.0,0.0,0.0,0.0,73.0,11.289794,5.0
0.0,beijing,5.0,47.0,0.0,0.0,1.0,2209.0,1.0,9.0,11.156265,0.0,0.0,73.0,12.206078,4.0
1.0,beijing,4.0,50.0,0.0,0.0,1.0,2500.0,0.0,9.0,10.308986,1.0,0.0,73.0,10.819798,5.0
1.0,beijing,5.0,55.0,0.0,0.0,1.0,3025.0,1.0,9.0,9.2104406,1.0,0.0,73.0,,2.0
1.0,beijing,4.0,67.0,0.0,0.0,1.0,4489.0,1.0,9.0,10.491302,0.0,0.0,73.0,11.289794,2.0
1.0,beijing,4.0,29.0,3.0445225,0.0,0.0,841.0,0.0,12.0,11.156265,1.0,0.0,73.0,11.512936,5.0
1.0,beijing,4.0,19.0,0.0,0.0,0.0,361.0,0.0,12.0,0.0,0.0,0.0,73.0,13.122365,3.0
1.0,beijing,4.0,35.0,3.4339871,0.0,1.0,1225.0,1.0,16.0,11.512936,1.0,0.0,73.0,11.512936,3.0
1.0,beijing,4.0,39.0,1.7917595,0.0,1.0,1521.0,1.0,12.0,10.491302,1.0,0.0,73.0,11.512936,4.0
1.0,beijing,3.0,84.0,2.3978953,0.0,0.0,7056.0,1.0,2.0,10.308986,0.0,0.0,73.0,11.512936,4.0
1.0,beijing,5.0,60.0,0.0,0.0,1.0,3600.0,1.0,12.0,,0.0,1.0,73.0,,4.0
1.0,beijing,4.0,58.0,0.0,0.0,1.0,3364.0,0.0,16.0,12.611541,0.0,1.0,73.0,12.765692,4.0
1.0,beijing,4.0,33.0,0.0,0.0,0.0,1089.0,0.0,12.0,11.156265,0.0,0.0,73.0,10.819798,4.0
1.0,beijing,5.0,36.0,1.3862944,0.0,1.0,1296.0,1.0,16.0,11.512936,0.0,0.0,73.0,12.206078,5.0
1.0,beijing,4.0,82.0,0.0,1.0,0.0,6724.0,1.0,9.0,10.819798,0.0,0.0,73.0,11.918397,4.0
1.0,beijing,4.0,68.0,3.4339871,1.0,1.0,4624.0,0.0,9.0,10.518701,0.0,0.0,73.0,11.082158,3.0
1.0,beijing,4.0,39.0,0.0,0.0,0.0,1521.0,1.0,12.0,11.407576,0.0,0.0,73.0,11.407576,5.0
1.0,beijing,5.0,55.0,0.0,1.0,1.0,3025.0,0.0,12.0,10.819798,0.0,0.0,73.0,11.512936,3.0
1.0,beijing,4.0,56.0,0.0,0.0,1.0,3136.0,1.0,12.0,10.422311,0.0,0.0,73.0,11.184435,4.0
1.0,beijing,4.0,62.0,2.7725887,0.0,1.0,3844.0,1.0,12.0,11.002116,0.0,1.0,73.0,,4.0
1.0,beijing,4.0,69.0,0.0,0.0,1.0,4761.0,0.0,9.0,11.366755,0.0,0.0,73.0,11.695255,1.0
1.0,beijing,4.0,70.0,0.0,0.0,1.0,4900.0,1.0,15.0,10.778977,0.0,1.0,73.0,11.472114,1.0
1.0,beijing,4.0,61.0,0.0,0.0,1.0,3721.0,0.0,12.0,10.308986,0.0,1.0,73.0,11.002116,3.0
1.0,beijing,5.0,85.0,0.0,0.0,1.0,7225.0,1.0,0.0,10.819798,0.0,0.0,73.0,11.512936,4.0
1.0,beijing,4.0,69.0,0.0,0.0,1.0,4761.0,1.0,9.0,9.9035378,0.0,0.0,73.0,9.9035378,3.0
1.0,beijing,4.0,43.0,0.0,0.0,1.0,1849.0,0.0,16.0,,0.0,0.0,73.0,,5.0
1.0,beijing,5.0,27.0,0.0,0.0,1.0,729.0,0.0,12.0,11.289794,1.0,0.0,73.0,11.512936,5.0
1.0,beijing,3.0,56.0,0.0,0.0,1.0,3136.0,1.0,15.0,11.002116,0.0,0.0,73.0,11.608245,2.0
1.0,beijing,5.0,32.0,4.1108737,0.0,0.0,1024.0,1.0,16.0,11.512936,1.0,0.0,73.0,13.122365,2.0
1.0,beijing,3.0,61.0,0.0,0.0,1.0,3721.0,1.0,12.0,10.524091,0.0,0.0,73.0,12.225881,3.0
1.0,beijing,3.0,54.0,0.0,0.0,1.0,2916.0,0.0,9.0,10.491302,1.0,0.0,73.0,10.59666,3.0
1.0,beijing,5.0,60.0,0.0,0.0,1.0,3600.0,1.0,9.0,10.491302,0.0,0.0,73.0,11.338584,3.0
1.0,beijing,4.0,68.0,0.0,0.0,1.0,4624.0,1.0,6.0,9.9035378,0.0,0.0,73.0,,2.0
1.0,beijing,5.0,65.0,0.0,0.0,1.0,4225.0,1.0,15.0,11.156265,0.0,0.0,73.0,11.775297,5.0
1.0,beijing,5.0,35.0,0.0,0.0,1.0,1225.0,1.0,12.0,11.002116,0.0,0.0,73.0,11.982935,5.0
1.0,beijing,3.0,68.0,0.0,0.0,1.0,4624.0,0.0,16.0,11.695255,0.0,1.0,73.0,11.918397,2.0
1.0,beijing,4.0,49.0,2.7725887,0.0,1.0,2401.0,0.0,12.0,11.512936,0.0,0.0,73.0,11.512936,4.0
1.0,beijing,4.0,57.0,0.69314718,0.0,1.0,3249.0,1.0,15.0,11.002116,0.0,0.0,73.0,11.918397,4.0
1.0,beijing,2.0,56.0,0.0,0.0,1.0,3136.0,1.0,12.0,0.0,1.0,0.0,73.0,10.59666,3.0
1.0,beijing,4.0,74.0,0.0,0.0,1.0,5476.0,0.0,9.0,10.491302,0.0,0.0,73.0,11.289794,3.0
1.0,beijing,5.0,47.0,0.0,0.0,1.0,2209.0,0.0,6.0,10.59666,1.0,0.0,73.0,10.819798,5.0
1.0,beijing,5.0,65.0,5.7071104,0.0,1.0,4225.0,1.0,12.0,10.308986,0.0,0.0,73.0,11.002116,3.0
1.0,beijing,4.0,60.0,0.0,0.0,1.0,3600.0,1.0,6.0,8.8538084,1.0,0.0,73.0,,3.0
1.0,beijing,4.0,41.0,4.6151204,0.0,1.0,1681.0,0.0,16.0,12.611541,0.0,0.0,73.0,13.122365,5.0
1.0,beijing,4.0,60.0,0.0,1.0,1.0,3600.0,0.0,12.0,10.59666,0.0,0.0,73.0,11.002116,3.0
1.0,beijing,5.0,73.0,0.0,0.0,1.0,5329.0,1.0,9.0,10.308986,1.0,0.0,73.0,11.512936,4.0
1.0,beijing,5.0,76.0,0.0,0.0,1.0,5776.0,0.0,15.0,8.5173931,0.0,0.0,73.0,9.2104406,4.0
1.0,beijing,4.0,49.0,0.0,0.0,1.0,2401.0,1.0,12.0,10.308986,0.0,0.0,73.0,,3.0
1.0,beijing,4.0,31.0,0.0,0.0,1.0,961.0,0.0,19.0,13.304687,0.0,1.0,73.0,13.458838,5.0
1.0,beijing,5.0,61.0,3.9318256,0.0,1.0,3721.0,0.0,15.0,11.407576,0.0,1.0,73.0,,4.0
1.0,beijing,4.0,36.0,0.0,0.0,1.0,1296.0,1.0,9.0,0.0,1.0,0.0,73.0,10.308986,4.0
1.0,beijing,5.0,72.0,0.0,0.0,1.0,5184.0,0.0,9.0,8.6996813,1.0,0.0,73.0,9.392745,3.0
1.0,beijing,4.0,70.0,3.4339871,0.0,1.0,4900.0,1.0,12.0,10.819798,0.0,1.0,73.0,11.512936,4.0
1.0,beijing,4.0,65.0,0.0,0.0,1.0,4225.0,0.0,12.0,,0.0,0.0,73.0,,4.0
1.0,beijing,5.0,79.0,0.0,0.0,1.0,6241.0,1.0,9.0,10.645449,0.0,0.0,73.0,11.995358,3.0
1.0,beijing,3.0,74.0,0.0,0.0,1.0,5476.0,1.0,12.0,10.778977,0.0,1.0,73.0,11.289794,4.0
1.0,beijing,5.0,29.0,3.4339871,0.0,1.0,841.0,0.0,19.0,12.765692,0.0,0.0,73.0,13.217675,4.0
1.0,beijing,3.0,51.0,0.0,0.0,1.0,2601.0,1.0,12.0,10.778977,0.0,0.0,73.0,,1.0
1.0,beijing,3.0,57.0,0.0,0.0,1.0,3249.0,1.0,16.0,11.156265,0.0,0.0,73.0,11.156265,4.0
1.0,beijing,4.0,63.0,0.0,0.0,1.0,3969.0,1.0,16.0,11.002116,0.0,1.0,73.0,12.611541,3.0
1.0,beijing,4.0,61.0,0.0,0.0,0.0,3721.0,1.0,12.0,10.727685,0.0,0.0,73.0,10.75366,4.0
1.0,beijing,5.0,42.0,3.9318256,0.0,1.0,1764.0,1.0,16.0,11.775297,0.0,0.0,73.0,12.42922,4.0
1.0,beijing,4.0,49.0,2.3978953,0.0,1.0,2401.0,1.0,15.0,11.156265,0.0,0.0,73.0,11.849405,3.0
1.0,beijing,4.0,38.0,5.3033047,0.0,1.0,1444.0,0.0,16.0,12.206078,0.0,1.0,73.0,12.206078,4.0
1.0,beijing,2.0,45.0,2.3978953,0.0,1.0,2025.0,1.0,12.0,9.9035378,1.0,0.0,73.0,10.819798,4.0
1.0,beijing,3.0,61.0,2.3978953,0.0,1.0,3721.0,1.0,12.0,10.491302,0.0,0.0,73.0,11.512936,3.0
1.0,beijing,4.0,20.0,0.0,0.0,0.0,400.0,0.0,15.0,0.0,0.0,0.0,73.0,0.0,4.0
1.0,beijing,4.0,53.0,0.0,0.0,1.0,2809.0,1.0,9.0,10.59666,1.0,0.0,73.0,13.710151,3.0
1.0,beijing,4.0,64.0,0.0,0.0,1.0,4096.0,0.0,16.0,11.407576,0.0,1.0,73.0,11.695255,3.0
1.0,beijing,2.0,59.0,0.0,0.0,0.0,3481.0,1.0,12.0,10.308986,0.0,0.0,73.0,10.308986,3.0
1.0,beijing,5.0,55.0,0.0,0.0,1.0,3025.0,1.0,12.0,10.308986,0.0,0.0,73.0,11.002116,3.0
1.0,beijing,4.0,62.0,0.0,0.0,1.0,3844.0,0.0,12.0,,0.0,0.0,73.0,,4.0
1.0,beijing,4.0,40.0,0.0,0.0,1.0,1600.0,0.0,19.0,11.918397,0.0,1.0,73.0,12.611541,3.0
1.0,beijing,5.0,40.0,0.0,0.0,1.0,1600.0,0.0,15.0,11.289794,0.0,0.0,73.0,11.289794,3.0
1.0,beijing,5.0,69.0,0.0,0.0,0.0,4761.0,0.0,6.0,11.184435,0.0,0.0,73.0,11.184435,4.0
1.0,beijing,4.0,30.0,0.69314718,0.0,1.0,900.0,0.0,12.0,11.289794,1.0,0.0,73.0,11.608245,5.0
1.0,beijing,4.0,80.0,3.4339871,0.0,1.0,6400.0,0.0,9.0,10.778977,0.0,1.0,73.0,11.002116,5.0
1.0,beijing,4.0,28.0,0.0,0.0,0.0,784.0,0.0,19.0,11.512936,0.0,1.0,73.0,11.512936,4.0
1.0,beijing,5.0,62.0,0.0,0.0,1.0,3844.0,1.0,15.0,11.156265,0.0,0.0,73.0,11.918397,2.0
1.0,beijing,4.0,57.0,1.0986123,0.0,1.0,3249.0,1.0,12.0,10.757924,1.0,0.0,73.0,11.156265,5.0
1.0,beijing,4.0,37.0,2.7725887,0.0,1.0,1369.0,0.0,9.0,11.082158,0.0,0.0,73.0,11.002116,5.0
1.0,beijing,4.0,67.0,0.0,0.0,1.0,4489.0,0.0,9.0,11.350418,0.0,0.0,73.0,11.849405,3.0
1.0,beijing,5.0,27.0,2.3978953,0.0,1.0,729.0,1.0,16.0,11.918397,0.0,0.0,73.0,12.611541,3.0
1.0,beijing,3.0,74.0,0.0,0.0,1.0,5476.0,0.0,15.0,11.002116,0.0,0.0,73.0,11.472114,3.0
1.0,beijing,4.0,40.0,0.0,0.0,1.0,1600.0,0.0,15.0,13.122365,0.0,0.0,73.0,13.815512,4.0
1.0,beijing,4.0,62.0,0.0,0.0,1.0,3844.0,0.0,12.0,10.491302,0.0,0.0,73.0,10.736419,4.0
1.0,beijing,3.0,28.0,0.0,0.0,0.0,784.0,1.0,16.0,11.982935,0.0,1.0,73.0,12.948012,4.0
1.0,beijing,3.0,85.0,0.0,0.0,0.0,7225.0,1.0,2.0,10.491302,0.0,0.0,73.0,11.112463,1.0
1.0,beijing,4.0,58.0,1.3862944,0.0,1.0,3364.0,1.0,9.0,9.6158724,1.0,0.0,73.0,10.819798,5.0
1.0,beijing,4.0,55.0,0.0,0.0,1.0,3025.0,1.0,9.0,10.308986,0.0,0.0,73.0,,3.0
1.0,beijing,4.0,42.0,0.0,0.0,1.0,1764.0,1.0,12.0,11.289794,1.0,0.0,73.0,12.611541,4.0
1.0,beijing,4.0,32.0,3.9318256,0.0,1.0,1024.0,1.0,16.0,11.695255,0.0,0.0,73.0,13.815512,4.0
1.0,beijing,4.0,55.0,0.0,0.0,0.0,3025.0,1.0,12.0,10.778977,0.0,0.0,73.0,10.778977,4.0
1.0,beijing,4.0,71.0,3.0445225,0.0,0.0,5041.0,1.0,12.0,10.308986,0.0,1.0,73.0,10.308986,5.0
1.0,beijing,4.0,37.0,0.0,0.0,1.0,1369.0,1.0,16.0,11.918397,0.0,0.0,73.0,11.918397,5.0
1.0,beijing,4.0,70.0,0.0,0.0,1.0,4900.0,0.0,9.0,10.308986,0.0,1.0,73.0,11.002116,4.0
1.0,beijing,4.0,45.0,0.0,0.0,1.0,2025.0,0.0,9.0,11.512936,0.0,0.0,73.0,12.611541,4.0
1.0,beijing,4.0,56.0,0.0,0.0,1.0,3136.0,1.0,12.0,10.308986,0.0,0.0,73.0,,4.0
1.0,beijing,2.0,36.0,0.0,0.0,1.0,1296.0,0.0,12.0,12.899222,1.0,0.0,73.0,11.512936,4.0
1.0,beijing,4.0,66.0,0.0,0.0,1.0,4356.0,1.0,12.0,10.691968,0.0,1.0,73.0,11.608245,2.0
1.0,beijing,4.0,36.0,3.9318256,0.0,1.0,1296.0,1.0,19.0,11.407576,0.0,0.0,73.0,12.206078,4.0
1.0,beijing,4.0,35.0,0.0,0.0,0.0,1225.0,0.0,15.0,0.0,0.0,0.0,73.0,11.002116,3.0
1.0,beijing,3.0,60.0,0.0,0.0,1.0,3600.0,1.0,12.0,9.9035378,0.0,0.0,73.0,11.512936,4.0
1.0,beijing,3.0,22.0,0.69314718,0.0,0.0,484.0,0.0,16.0,11.512936,1.0,0.0,73.0,11.512936,5.0
1.0,beijing,3.0,25.0,0.0,0.0,0.0,625.0,1.0,19.0,12.206078,0.0,0.0,73.0,13.122365,4.0
1.0,beijing,4.0,59.0,0.0,0.0,1.0,3481.0,0.0,12.0,0.0,0.0,0.0,73.0,11.512936,3.0
1.0,beijing,4.0,56.0,0.0,0.0,1.0,3136.0,1.0,9.0,9.9035378,0.0,0.0,73.0,11.289794,3.0
1.0,beijing,4.0,79.0,0.0,0.0,1.0,6241.0,1.0,9.0,10.778977,0.0,0.0,73.0,11.589896,2.0
1.0,beijing,5.0,39.0,2.3978953,0.0,1.0,1521.0,1.0,15.0,0.0,0.0,0.0,73.0,10.59666,4.0
1.0,beijing,4.0,26.0,4.1108737,0.0,1.0,676.0,1.0,16.0,11.512936,0.0,0.0,73.0,12.206078,4.0
1.0,beijing,5.0,73.0,3.9318256,0.0,0.0,5329.0,1.0,6.0,10.819798,0.0,0.0,73.0,10.819798,3.0
1.0,beijing,4.0,19.0,0.0,0.0,0.0,361.0,0.0,16.0,6.9087548,0.0,0.0,73.0,12.765692,2.0
1.0,beijing,3.0,58.0,0.0,0.0,1.0,3364.0,0.0,12.0,11.338584,0.0,0.0,73.0,12.206078,3.0
1.0,beijing,4.0,63.0,0.0,0.0,1.0,3969.0,1.0,9.0,10.645449,0.0,0.0,73.0,10.645449,4.0
1.0,beijing,3.0,87.0,0.0,0.0,0.0,7569.0,0.0,2.0,11.695255,0.0,0.0,73.0,11.472114,3.0
1.0,beijing,5.0,39.0,0.0,0.0,1.0,1521.0,0.0,15.0,11.289794,1.0,0.0,73.0,11.289794,5.0
1.0,beijing,5.0,79.0,0.0,1.0,1.0,6241.0,1.0,15.0,11.156265,0.0,1.0,73.0,11.775297,2.0
1.0,beijing,5.0,71.0,0.0,0.0,1.0,5041.0,1.0,9.0,10.308986,0.0,0.0,73.0,9.2873936,4.0
1.0,beijing,4.0,28.0,2.7725887,0.0,1.0,784.0,0.0,19.0,11.918397,0.0,0.0,73.0,12.611541,4.0
1.0,beijing,4.0,59.0,0.0,0.0,1.0,3481.0,1.0,12.0,10.463132,0.0,0.0,73.0,11.289794,4.0
1.0,beijing,5.0,59.0,0.0,0.0,1.0,3481.0,0.0,15.0,11.512936,0.0,1.0,73.0,12.206078,4.0
1.0,beijing,4.0,49.0,3.4339871,0.0,1.0,2401.0,1.0,9.0,0.0,0.0,0.0,73.0,11.512936,4.0
1.0,beijing,4.0,37.0,0.0,1.0,1.0,1369.0,1.0,16.0,,0.0,0.0,73.0,,2.0
1.0,beijing,4.0,44.0,0.0,0.0,1.0,1936.0,1.0,6.0,10.308986,1.0,0.0,73.0,11.512936,4.0
1.0,beijing,2.0,29.0,0.0,0.0,1.0,841.0,1.0,19.0,12.206078,0.0,0.0,73.0,12.899222,5.0
1.0,beijing,5.0,84.0,3.0445225,0.0,1.0,7056.0,0.0,6.0,,0.0,1.0,73.0,,2.0
1.0,beijing,4.0,62.0,0.0,0.0,1.0,3844.0,1.0,12.0,10.59666,0.0,0.0,73.0,11.289794,4.0
1.0,beijing,4.0,39.0,0.0,0.0,1.0,1521.0,1.0,19.0,13.122365,0.0,0.0,73.0,13.815512,5.0
1.0,beijing,4.0,39.0,0.0,0.0,1.0,1521.0,0.0,16.0,12.611541,0.0,0.0,73.0,13.304687,3.0
1.0,beijing,4.0,72.0,3.4339871,0.0,1.0,5184.0,1.0,16.0,11.512936,0.0,1.0,73.0,,4.0
1.0,beijing,3.0,59.0,0.0,0.0,1.0,3481.0,1.0,6.0,10.085851,0.0,1.0,73.0,10.819798,4.0
1.0,beijing,4.0,43.0,0.0,0.0,1.0,1849.0,0.0,16.0,11.512936,0.0,1.0,73.0,12.206078,4.0
1.0,beijing,5.0,71.0,1.0986123,0.0,0.0,5041.0,1.0,9.0,9.2104406,1.0,1.0,73.0,9.2104406,4.0
1.0,beijing,3.0,22.0,0.0,0.0,0.0,484.0,0.0,15.0,11.512936,0.0,0.0,73.0,11.512936,5.0
1.0,beijing,5.0,67.0,0.0,0.0,0.0,4489.0,1.0,15.0,10.59666,0.0,0.0,73.0,10.59666,2.0
1.0,beijing,5.0,64.0,0.0,0.0,1.0,4096.0,1.0,9.0,9.9035378,0.0,0.0,73.0,10.819798,4.0
1.0,beijing,4.0,54.0,0.0,0.0,1.0,2916.0,1.0,0.0,10.308986,1.0,0.0,73.0,,3.0
1.0,beijing,4.0,40.0,0.0,0.0,0.0,1600.0,0.0,6.0,12.611541,1.0,0.0,73.0,12.611541,5.0
1.0,beijing,3.0,38.0,0.0,0.0,1.0,1444.0,1.0,19.0,12.301388,0.0,0.0,73.0,12.611541,3.0
1.0,beijing,4.0,50.0,0.095310181,0.0,0.0,2500.0,1.0,6.0,10.308986,0.0,0.0,73.0,11.512936,3.0
1.0,beijing,5.0,40.0,0.0,0.0,1.0,1600.0,1.0,16.0,11.512936,0.0,1.0,73.0,12.42922,4.0
1.0,beijing,4.0,64.0,0.0,0.0,1.0,4096.0,0.0,9.0,11.512936,0.0,1.0,73.0,11.695255,3.0
1.0,beijing,4.0,21.0,0.0,0.0,0.0,441.0,1.0,15.0,8.5173931,1.0,0.0,73.0,8.5173931,4.0
1.0,beijing,4.0,38.0,0.0,0.0,1.0,1444.0,1.0,16.0,,0.0,0.0,73.0,,5.0
1.0,beijing,5.0,64.0,0.0,0.0,1.0,4096.0,0.0,9.0,10.491302,1.0,1.0,73.0,11.002116,4.0
1.0,beijing,5.0,73.0,0.0,0.0,0.0,5329.0,1.0,9.0,10.085851,0.0,0.0,73.0,10.085851,2.0
1.0,beijing,4.0,42.0,0.0,0.0,0.0,1764.0,1.0,0.0,9.9035378,0.0,0.0,73.0,10.819798,3.0
1.0,beijing,5.0,60.0,2.7725887,0.0,1.0,3600.0,1.0,9.0,9.2104406,0.0,0.0,73.0,11.512936,4.0
1.0,beijing,4.0,58.0,0.0,0.0,1.0,3364.0,1.0,12.0,9.9035378,1.0,0.0,73.0,11.289794,3.0
1.0,beijing,4.0,49.0,0.0,0.0,1.0,2401.0,0.0,19.0,13.122365,0.0,0.0,73.0,13.122365,3.0
1.0,beijing,4.0,51.0,3.9318256,0.0,1.0,2601.0,1.0,9.0,10.308986,0.0,0.0,73.0,10.819798,5.0
1.0,beijing,3.0,46.0,3.2580965,0.0,1.0,2116.0,1.0,19.0,11.512936,0.0,1.0,73.0,13.122365,2.0
1.0,beijing,5.0,83.0,0.0,0.0,1.0,6889.0,1.0,6.0,9.0361061,1.0,0.0,73.0,10.819798,4.0
1.0,beijing,4.0,64.0,0.0,0.0,0.0,4096.0,1.0,16.0,11.156265,0.0,0.0,73.0,11.156265,3.0
1.0,beijing,4.0,59.0,0.0,0.0,1.0,3481.0,0.0,16.0,11.512936,0.0,0.0,73.0,12.04356,2.0
1.0,beijing,5.0,47.0,0.0,0.0,1.0,2209.0,0.0,19.0,12.206078,0.0,1.0,73.0,12.899222,5.0
1.0,beijing,3.0,62.0,0.0,0.0,1.0,3844.0,1.0,15.0,11.512936,0.0,0.0,73.0,11.918397,3.0
1.0,beijing,4.0,52.0,0.0,0.0,1.0,2704.0,0.0,9.0,11.512936,1.0,0.0,73.0,11.695255,5.0
1.0,beijing,3.0,65.0,0.0,0.0,1.0,4225.0,0.0,9.0,10.819798,0.0,1.0,73.0,11.407576,3.0
1.0,beijing,5.0,62.0,1.7917595,0.0,1.0,3844.0,0.0,12.0,10.59666,0.0,0.0,73.0,11.512936,5.0
1.0,beijing,3.0,52.0,4.1108737,0.0,1.0,2704.0,1.0,15.0,11.775297,0.0,0.0,73.0,12.206078,3.0
1.0,beijing,4.0,56.0,0.0,0.0,0.0,3136.0,1.0,15.0,10.308986,0.0,0.0,73.0,11.002116,5.0
1.0,beijing,4.0,67.0,2.3978953,0.0,1.0,4489.0,0.0,12.0,7.09091,1.0,0.0,73.0,11.002116,3.0
1.0,beijing,4.0,77.0,0.0,0.0,1.0,5929.0,0.0,9.0,11.002116,0.0,0.0,73.0,12.100718,3.0
1.0,beijing,5.0,68.0,0.0,0.0,0.0,4624.0,1.0,9.0,10.463132,0.0,0.0,73.0,,3.0
1.0,beijing,5.0,50.0,2.7725887,0.0,1.0,2500.0,1.0,9.0,0.0,1.0,0.0,73.0,13.122365,4.0
1.0,beijing,4.0,58.0,0.0,0.0,1.0,3364.0,0.0,16.0,11.512936,0.0,1.0,73.0,11.512936,5.0
1.0,beijing,4.0,53.0,0.0,0.0,1.0,2809.0,0.0,6.0,10.308986,0.0,1.0,73.0,10.308986,5.0
1.0,beijing,4.0,28.0,1.9459101,0.0,0.0,784.0,1.0,12.0,11.002116,0.0,0.0,73.0,13.458838,1.0
1.0,beijing,5.0,53.0,0.0,0.0,1.0,2809.0,1.0,16.0,11.695255,0.0,1.0,73.0,,4.0
1.0,beijing,3.0,19.0,3.4339871,0.0,0.0,361.0,0.0,16.0,0.0,0.0,0.0,73.0,12.206078,5.0
1.0,beijing,4.0,34.0,3.9318256,0.0,1.0,1156.0,0.0,16.0,12.611541,0.0,0.0,73.0,13.017005,4.0
1.0,beijing,3.0,58.0,0.0,0.0,1.0,3364.0,0.0,9.0,9.5468836,0.0,0.0,73.0,10.778977,4.0
1.0,beijing,4.0,66.0,0.0,0.0,1.0,4356.0,1.0,12.0,10.819798,0.0,0.0,73.0,11.512936,4.0
1.0,beijing,4.0,49.0,1.7917595,0.0,1.0,2401.0,1.0,12.0,11.289794,0.0,1.0,73.0,12.206078,4.0
1.0,beijing,4.0,65.0,0.0,0.0,1.0,4225.0,0.0,9.0,11.002116,0.0,1.0,73.0,11.407576,4.0
1.0,beijing,4.0,51.0,0.0,0.0,1.0,2601.0,1.0,6.0,0.0,1.0,0.0,73.0,11.289794,5.0
1.0,beijing,5.0,71.0,0.0,0.0,1.0,5041.0,1.0,9.0,10.778977,0.0,0.0,73.0,11.472114,4.0
1.0,beijing,4.0,19.0,0.0,0.0,0.0,361.0,1.0,16.0,0.0,1.0,0.0,73.0,11.512936,4.0
1.0,beijing,5.0,22.0,0.0,0.0,0.0,484.0,0.0,16.0,7.6014023,0.0,0.0,73.0,11.918397,5.0
1.0,beijing,4.0,44.0,4.5108595,0.0,1.0,1936.0,0.0,16.0,11.512936,0.0,1.0,73.0,11.695255,5.0
1.0,beijing,5.0,78.0,0.0,0.0,0.0,6084.0,1.0,0.0,,0.0,1.0,73.0,,3.0
1.0,beijing,4.0,45.0,0.0,0.0,1.0,2025.0,0.0,9.0,11.512936,1.0,1.0,73.0,11.512936,4.0
1.0,beijing,4.0,35.0,2.3978953,0.0,1.0,1225.0,0.0,16.0,12.206078,0.0,1.0,73.0,12.611541,5.0
1.0,beijing,4.0,73.0,0.0,0.0,1.0,5329.0,0.0,15.0,10.819798,0.0,1.0,73.0,11.512936,3.0
1.0,beijing,4.0,30.0,0.0,0.0,1.0,900.0,0.0,12.0,12.206078,1.0,0.0,73.0,12.42922,4.0
1.0,beijing,4.0,35.0,0.0,0.0,1.0,1225.0,0.0,19.0,10.463132,0.0,1.0,73.0,11.002116,4.0
1.0,beijing,4.0,63.0,0.0,0.0,0.0,3969.0,0.0,16.0,10.645449,0.0,0.0,73.0,10.668979,4.0
1.0,beijing,4.0,66.0,0.0,0.0,1.0,4356.0,0.0,9.0,10.673619,0.0,0.0,73.0,11.695255,3.0
1.0,beijing,5.0,68.0,0.0,0.0,1.0,4624.0,1.0,16.0,,0.0,1.0,73.0,,4.0
1.0,beijing,4.0,39.0,0.0,0.0,1.0,1521.0,0.0,16.0,12.611541,0.0,0.0,73.0,13.304687,4.0
1.0,beijing,3.0,71.0,0.0,0.0,1.0,5041.0,0.0,9.0,10.308986,0.0,0.0,73.0,,3.0
1.0,beijing,4.0,29.0,3.4339871,0.0,1.0,841.0,1.0,12.0,10.819798,1.0,0.0,73.0,11.512936,4.0
1.0,beijing,4.0,29.0,0.0,0.0,1.0,841.0,0.0,12.0,10.819798,1.0,0.0,73.0,10.819798,5.0
0.0,beijing,4.0,41.0,0.0,0.0,1.0,1681.0,0.0,9.0,10.819798,1.0,0.0,73.0,11.156265,5.0
1.0,beijing,2.0,66.0,2.7725887,0.0,1.0,4356.0,0.0,15.0,10.819798,0.0,1.0,73.0,11.512936,3.0
1.0,beijing,4.0,28.0,0.0,0.0,1.0,784.0,0.0,15.0,11.512936,1.0,0.0,73.0,12.206078,4.0
1.0,beijing,5.0,47.0,0.0,0.0,1.0,2209.0,0.0,9.0,10.71444,0.0,0.0,73.0,11.002116,5.0
1.0,beijing,5.0,23.0,2.3978953,0.0,0.0,529.0,0.0,16.0,6.5806394,0.0,0.0,73.0,10.819798,5.0
1.0,beijing,4.0,44.0,0.0,0.0,0.0,1936.0,0.0,6.0,11.184435,1.0,0.0,73.0,11.184435,4.0
1.0,beijing,4.0,35.0,0.0,1.0,1.0,1225.0,1.0,16.0,11.512936,0.0,0.0,73.0,12.206078,4.0
1.0,beijing,5.0,66.0,0.0,0.0,1.0,4356.0,1.0,9.0,10.463132,0.0,1.0,73.0,11.156265,4.0
1.0,beijing,4.0,38.0,0.0,0.0,1.0,1444.0,1.0,15.0,10.819798,0.0,1.0,73.0,11.156265,3.0
1.0,beijing,3.0,59.0,0.0,0.0,1.0,3481.0,0.0,15.0,12.04356,0.0,0.0,73.0,12.611541,4.0
1.0,beijing,5.0,66.0,0.0,0.0,0.0,4356.0,1.0,12.0,10.308986,0.0,1.0,73.0,,3.0
1.0,beijing,5.0,56.0,0.0,0.0,1.0,3136.0,0.0,9.0,10.308986,1.0,0.0,73.0,10.819798,5.0
1.0,beijing,4.0,48.0,0.0,0.0,1.0,2304.0,1.0,9.0,10.59666,1.0,0.0,73.0,11.407576,4.0
1.0,beijing,4.0,35.0,3.4339871,0.0,0.0,1225.0,1.0,15.0,11.608245,0.0,0.0,73.0,11.982935,3.0
1.0,beijing,4.0,32.0,0.0,0.0,1.0,1024.0,0.0,16.0,10.59666,0.0,0.0,73.0,11.289794,5.0
1.0,beijing,4.0,38.0,0.0,0.0,1.0,1444.0,1.0,19.0,11.512936,0.0,1.0,73.0,12.206078,3.0
1.0,beijing,3.0,59.0,0.0,0.0,1.0,3481.0,1.0,12.0,10.491302,0.0,0.0,73.0,11.338584,2.0
1.0,beijing,4.0,44.0,0.0,0.0,1.0,1936.0,0.0,0.0,11.918397,0.0,0.0,73.0,12.42922,4.0
1.0,beijing,4.0,59.0,0.0,0.0,1.0,3481.0,1.0,12.0,11.512936,0.0,0.0,73.0,11.918397,4.0
1.0,beijing,2.0,55.0,0.0,0.0,1.0,3025.0,1.0,12.0,10.085851,0.0,0.0,73.0,,2.0
1.0,beijing,5.0,30.0,0.0,0.0,1.0,900.0,0.0,16.0,11.918397,0.0,1.0,73.0,12.611541,4.0
1.0,beijing,4.0,30.0,0.0,0.0,1.0,900.0,0.0,16.0,11.512936,0.0,0.0,73.0,11.512936,4.0
1.0,beijing,4.0,45.0,0.0,0.0,0.0,2025.0,1.0,16.0,11.512936,0.0,0.0,73.0,11.512936,4.0
1.0,beijing,4.0,56.0,0.0,0.0,1.0,3136.0,1.0,9.0,10.308986,0.0,0.0,73.0,12.206078,4.0
1.0,beijing,4.0,55.0,0.0,0.0,1.0,3025.0,0.0,16.0,11.918397,0.0,0.0,73.0,12.206078,4.0
1.0,beijing,4.0,51.0,0.0,0.0,1.0,2601.0,0.0,15.0,11.512936,0.0,1.0,73.0,12.206078,4.0
1.0,beijing,4.0,39.0,4.6151204,0.0,1.0,1521.0,1.0,16.0,14.220976,0.0,0.0,73.0,14.285515,5.0
1.0,beijing,5.0,41.0,0.0,0.0,1.0,1681.0,0.0,12.0,10.778977,0.0,1.0,73.0,11.695255,4.0
1.0,beijing,2.0,35.0,0.0,0.0,0.0,1225.0,0.0,12.0,10.819798,0.0,0.0,73.0,11.512936,3.0
1.0,beijing,5.0,59.0,3.0445225,0.0,1.0,3481.0,0.0,12.0,10.308986,0.0,0.0,73.0,11.002116,2.0
1.0,beijing,4.0,36.0,0.0,0.0,1.0,1296.0,1.0,12.0,12.42922,1.0,0.0,73.0,12.765692,5.0
1.0,beijing,5.0,68.0,0.0,0.0,1.0,4624.0,1.0,6.0,10.385944,1.0,0.0,73.0,,4.0
1.0,beijing,4.0,61.0,0.0,0.0,1.0,3721.0,1.0,12.0,9.9035378,0.0,0.0,73.0,11.289794,5.0
1.0,beijing,3.0,72.0,0.0,0.0,0.0,5184.0,0.0,15.0,11.184435,0.0,1.0,73.0,11.695255,5.0
1.0,beijing,5.0,85.0,0.0,0.0,1.0,7225.0,0.0,16.0,9.2104406,0.0,1.0,73.0,,3.0
1.0,beijing,5.0,63.0,0.0,0.0,1.0,3969.0,1.0,9.0,11.695255,0.0,1.0,73.0,12.100718,4.0
1.0,beijing,4.0,26.0,0.0,0.0,0.0,676.0,1.0,16.0,11.512936,0.0,0.0,73.0,,4.0
1.0,beijing,3.0,58.0,0.0,0.0,1.0,3364.0,0.0,12.0,11.512936,0.0,1.0,73.0,11.918397,3.0
1.0,beijing,4.0,50.0,0.0,0.0,1.0,2500.0,0.0,6.0,10.59666,1.0,0.0,73.0,10.59666,1.0
1.0,beijing,4.0,29.0,0.0,0.0,1.0,841.0,1.0,9.0,0.0,1.0,0.0,73.0,11.512936,5.0
1.0,beijing,5.0,39.0,0.0,0.0,1.0,1521.0,1.0,16.0,11.775297,0.0,0.0,73.0,13.122365,4.0
0.0,beijing,4.0,24.0,0.0,0.0,0.0,576.0,0.0,12.0,10.819798,1.0,0.0,73.0,12.206078,5.0
1.0,beijing,5.0,86.0,0.0,0.0,1.0,7396.0,1.0,16.0,,0.0,0.0,73.0,,3.0
1.0,beijing,3.0,65.0,0.0,0.0,1.0,4225.0,1.0,9.0,10.491302,0.0,1.0,73.0,11.184435,3.0
1.0,beijing,4.0,37.0,0.0,0.0,1.0,1369.0,1.0,9.0,11.512936,1.0,0.0,73.0,12.206078,4.0
1.0,beijing,3.0,58.0,0.0,0.0,1.0,3364.0,0.0,12.0,0.0,0.0,1.0,73.0,10.308986,4.0
1.0,beijing,4.0,18.0,0.0,0.0,0.0,324.0,0.0,16.0,0.0,0.0,0.0,73.0,,5.0
1.0,beijing,4.0,37.0,0.0,0.0,1.0,1369.0,0.0,19.0,12.899222,0.0,1.0,73.0,13.710151,4.0
1.0,beijing,5.0,70.0,0.0,0.0,0.0,4900.0,1.0,9.0,10.308986,0.0,1.0,73.0,,4.0
1.0,beijing,4.0,29.0,0.0,0.0,0.0,841.0,1.0,16.0,11.918397,0.0,0.0,73.0,12.42922,4.0
1.0,beijing,3.0,24.0,0.0,0.0,0.0,576.0,0.0,16.0,11.512936,1.0,0.0,73.0,12.611541,2.0
1.0,beijing,5.0,84.0,0.0,0.0,0.0,7056.0,1.0,6.0,10.778977,0.0,0.0,73.0,10.778977,2.0
1.0,beijing,4.0,45.0,0.0,0.0,1.0,2025.0,0.0,9.0,11.512936,1.0,0.0,73.0,11.512936,3.0
1.0,beijing,4.0,62.0,0.0,0.0,1.0,3844.0,0.0,15.0,11.156265,0.0,1.0,73.0,11.695255,3.0
1.0,beijing,5.0,81.0,0.0,0.0,0.0,6561.0,0.0,9.0,11.104972,0.0,1.0,73.0,11.112463,4.0
1.0,beijing,3.0,49.0,0.0,0.0,1.0,2401.0,1.0,15.0,11.918397,0.0,0.0,73.0,,4.0
1.0,beijing,5.0,29.0,0.0,0.0,1.0,841.0,1.0,16.0,10.819798,0.0,1.0,73.0,12.206078,5.0
1.0,beijing,4.0,47.0,0.0,0.0,1.0,2209.0,0.0,9.0,10.308986,1.0,0.0,73.0,11.512936,2.0
1.0,beijing,5.0,65.0,0.0,0.0,1.0,4225.0,0.0,9.0,10.59666,0.0,0.0,73.0,11.156265,4.0
1.0,beijing,3.0,35.0,0.0,0.0,1.0,1225.0,0.0,16.0,10.915107,0.0,0.0,73.0,11.695255,4.0
1.0,beijing,4.0,66.0,0.0,0.0,1.0,4356.0,1.0,16.0,11.184435,0.0,1.0,73.0,11.512936,4.0
1.0,beijing,4.0,30.0,5.7071104,0.0,1.0,900.0,0.0,9.0,12.611541,1.0,0.0,73.0,12.899222,4.0
1.0,beijing,4.0,64.0,0.0,0.0,1.0,4096.0,1.0,0.0,9.1050911,1.0,0.0,73.0,9.1050911,3.0
1.0,beijing,5.0,68.0,0.0,0.0,1.0,4624.0,0.0,16.0,11.695255,0.0,1.0,73.0,12.206078,3.0
1.0,beijing,3.0,69.0,0.0,0.0,1.0,4761.0,1.0,9.0,10.571342,0.0,1.0,73.0,11.289794,4.0
1.0,beijing,3.0,68.0,0.0,0.0,0.0,4624.0,1.0,9.0,10.085851,0.0,0.0,73.0,10.491302,2.0
1.0,beijing,2.0,61.0,0.0,0.0,0.0,3721.0,1.0,9.0,10.491302,0.0,0.0,73.0,10.491302,4.0
1.0,beijing,5.0,19.0,2.3978953,1.0,0.0,361.0,0.0,15.0,10.085851,1.0,0.0,73.0,11.289794,2.0
1.0,beijing,4.0,55.0,1.0986123,0.0,1.0,3025.0,1.0,0.0,10.491302,0.0,0.0,73.0,12.206078,5.0
1.0,beijing,4.0,60.0,3.2580965,0.0,1.0,3600.0,1.0,12.0,10.308986,0.0,0.0,73.0,12.100718,3.0
1.0,beijing,5.0,43.0,2.7725887,0.0,1.0,1849.0,0.0,9.0,0.0,1.0,1.0,73.0,9.9035378,5.0
1.0,beijing,4.0,32.0,0.0,0.0,0.0,1024.0,1.0,16.0,11.512936,0.0,1.0,73.0,12.611541,3.0
1.0,beijing,5.0,82.0,0.0,0.0,1.0,6724.0,0.0,9.0,10.778977,0.0,0.0,73.0,13.77469,2.0
1.0,beijing,3.0,62.0,0.0,0.0,1.0,3844.0,0.0,9.0,10.819798,0.0,1.0,73.0,12.611541,4.0
1.0,beijing,5.0,65.0,0.0,0.0,0.0,4225.0,1.0,9.0,10.645449,0.0,0.0,73.0,,2.0
1.0,beijing,4.0,29.0,0.0,0.0,1.0,841.0,0.0,19.0,12.206078,0.0,0.0,73.0,12.899222,4.0
1.0,beijing,3.0,52.0,0.0,0.0,1.0,2704.0,0.0,6.0,9.9035378,1.0,1.0,73.0,10.59666,2.0
1.0,beijing,4.0,27.0,1.7917595,0.0,0.0,729.0,0.0,19.0,10.59666,1.0,1.0,73.0,12.206078,5.0
1.0,beijing,3.0,48.0,0.0,0.0,1.0,2304.0,1.0,9.0,9.9035378,0.0,0.0,73.0,9.9035378,4.0
1.0,beijing,4.0,38.0,0.0,0.0,1.0,1444.0,1.0,15.0,9.2104406,0.0,0.0,73.0,11.918397,4.0
1.0,beijing,4.0,27.0,3.4339871,0.0,0.0,729.0,0.0,16.0,11.156265,0.0,0.0,73.0,,5.0
1.0,beijing,4.0,39.0,3.4339871,0.0,1.0,1521.0,1.0,19.0,11.407576,0.0,0.0,73.0,13.122365,2.0
1.0,beijing,5.0,79.0,0.0,0.0,0.0,6241.0,1.0,0.0,11.002116,0.0,0.0,73.0,,4.0
1.0,beijing,4.0,38.0,0.0,0.0,1.0,1444.0,0.0,12.0,12.206078,0.0,0.0,73.0,12.611541,4.0
1.0,beijing,4.0,68.0,0.0,0.0,1.0,4624.0,0.0,12.0,11.002116,0.0,0.0,73.0,12.206078,3.0
1.0,beijing,4.0,58.0,0.0,0.0,1.0,3364.0,0.0,12.0,10.308986,0.0,0.0,73.0,11.002116,4.0
1.0,beijing,4.0,40.0,0.0,0.0,1.0,1600.0,1.0,12.0,12.206078,0.0,0.0,73.0,12.611541,4.0
1.0,beijing,5.0,30.0,0.0,0.0,1.0,900.0,0.0,19.0,,0.0,0.0,73.0,,5.0
1.0,beijing,5.0,52.0,0.0,0.0,1.0,2704.0,1.0,12.0,10.308986,0.0,0.0,73.0,11.002116,2.0
1.0,beijing,4.0,25.0,0.0,0.0,1.0,625.0,0.0,9.0,11.289794,0.0,0.0,73.0,12.206078,3.0
1.0,beijing,4.0,52.0,0.0,0.0,1.0,2704.0,1.0,6.0,10.819798,1.0,0.0,73.0,13.458838,3.0
1.0,beijing,4.0,23.0,0.0,0.0,0.0,529.0,1.0,16.0,0.0,0.0,0.0,73.0,10.819798,4.0
1.0,beijing,4.0,65.0,0.0,0.0,1.0,4225.0,0.0,9.0,10.59666,0.0,0.0,73.0,11.289794,3.0
1.0,beijing,4.0,49.0,0.0,0.0,1.0,2401.0,0.0,9.0,,1.0,0.0,73.0,11.512936,5.0
1.0,beijing,4.0,50.0,0.0,0.0,1.0,2500.0,1.0,9.0,11.512936,1.0,0.0,73.0,13.815512,4.0
1.0,beijing,3.0,32.0,0.0,0.0,1.0,1024.0,0.0,15.0,12.899222,1.0,1.0,73.0,13.384729,3.0
1.0,beijing,4.0,55.0,0.0,0.0,1.0,3025.0,1.0,12.0,10.308986,0.0,0.0,73.0,12.206078,4.0
1.0,beijing,2.0,48.0,0.0,0.0,0.0,2304.0,1.0,19.0,12.04356,0.0,1.0,73.0,12.04356,5.0
1.0,beijing,4.0,36.0,0.0,0.0,1.0,1296.0,0.0,19.0,12.42922,0.0,1.0,73.0,12.42922,4.0
1.0,beijing,4.0,33.0,5.7071104,0.0,1.0,1089.0,0.0,12.0,10.59666,0.0,0.0,73.0,11.002116,4.0
1.0,beijing,4.0,56.0,0.0,0.0,1.0,3136.0,0.0,6.0,11.512936,0.0,0.0,73.0,11.512936,4.0
1.0,beijing,4.0,57.0,0.095310181,0.0,1.0,3249.0,1.0,12.0,10.463132,0.0,0.0,73.0,11.512936,4.0
1.0,beijing,4.0,36.0,0.0,0.0,1.0,1296.0,1.0,19.0,11.512936,0.0,1.0,73.0,13.122365,5.0
1.0,beijing,4.0,27.0,0.0,0.0,0.0,729.0,1.0,19.0,11.512936,1.0,0.0,73.0,13.122365,2.0
1.0,beijing,4.0,70.0,0.0,0.0,1.0,4900.0,1.0,12.0,10.308986,0.0,1.0,73.0,11.002116,2.0
1.0,beijing,4.0,29.0,0.0,0.0,1.0,841.0,0.0,12.0,,1.0,0.0,73.0,,3.0
1.0,beijing,4.0,60.0,0.0,0.0,1.0,3600.0,0.0,16.0,10.491302,0.0,1.0,73.0,13.487008,4.0
1.0,beijing,5.0,28.0,0.0,0.0,0.0,784.0,0.0,16.0,11.695255,0.0,0.0,73.0,12.206078,5.0
1.0,beijing,2.0,66.0,0.0,0.0,1.0,4356.0,1.0,9.0,11.002116,0.0,0.0,73.0,11.512936,3.0
1.0,beijing,5.0,78.0,0.0,0.0,1.0,6084.0,0.0,12.0,10.085851,0.0,1.0,73.0,10.778977,5.0
1.0,beijing,4.0,83.0,0.0,0.0,0.0,6889.0,1.0,6.0,0.0,0.0,0.0,73.0,,4.0
1.0,beijing,4.0,32.0,0.0,0.0,0.0,1024.0,1.0,16.0,11.512936,0.0,0.0,73.0,11.512936,5.0
1.0,beijing,4.0,61.0,0.0,0.0,1.0,3721.0,0.0,9.0,10.491302,0.0,0.0,73.0,11.184435,2.0
1.0,beijing,4.0,36.0,0.0,0.0,1.0,1296.0,0.0,16.0,11.512936,0.0,0.0,73.0,11.512936,4.0
1.0,beijing,3.0,32.0,0.0,0.0,0.0,1024.0,0.0,19.0,12.42922,0.0,0.0,73.0,12.42922,3.0
1.0,beijing,4.0,28.0,0.0,0.0,1.0,784.0,1.0,12.0,10.819798,1.0,0.0,73.0,12.206078,5.0
1.0,beijing,4.0,61.0,0.0,0.0,1.0,3721.0,1.0,9.0,10.126671,0.0,0.0,73.0,10.819798,4.0
1.0,beijing,3.0,21.0,0.0,0.0,0.0,441.0,1.0,12.0,0.0,0.0,0.0,73.0,,4.0
1.0,beijing,1.0,19.0,6.2166061,0.0,0.0,361.0,0.0,15.0,0.0,1.0,0.0,73.0,,3.0
1.0,beijing,5.0,69.0,0.0,0.0,0.0,4761.0,1.0,9.0,10.491302,0.0,0.0,73.0,12.206078,4.0
1.0,beijing,3.0,20.0,0.0,0.0,0.0,400.0,0.0,16.0,0.0,0.0,0.0,73.0,12.206078,2.0
1.0,beijing,4.0,23.0,4.6151204,0.0,0.0,529.0,0.0,16.0,12.611541,0.0,0.0,73.0,13.122365,4.0
1.0,beijing,4.0,50.0,0.0,0.0,1.0,2500.0,0.0,9.0,10.308986,1.0,0.0,73.0,10.819798,2.0
1.0,beijing,4.0,45.0,0.0,0.0,1.0,2025.0,0.0,12.0,11.289794,0.0,0.0,73.0,11.695255,3.0
1.0,beijing,4.0,34.0,0.0,0.0,1.0,1156.0,1.0,16.0,12.57764,0.0,0.0,73.0,13.458838,4.0
1.0,beijing,5.0,28.0,3.9318256,0.0,1.0,784.0,0.0,12.0,11.156265,0.0,0.0,73.0,11.156265,5.0
1.0,beijing,4.0,67.0,0.0,0.0,0.0,4489.0,1.0,9.0,10.491302,0.0,0.0,73.0,10.491302,4.0
1.0,beijing,5.0,24.0,0.0,0.0,0.0,576.0,0.0,15.0,10.819798,1.0,0.0,73.0,11.512936,5.0
1.0,beijing,4.0,33.0,4.6151204,0.0,0.0,1089.0,1.0,12.0,10.645449,0.0,0.0,73.0,11.695255,3.0
1.0,beijing,4.0,38.0,0.0,0.0,1.0,1444.0,0.0,9.0,11.289794,1.0,0.0,73.0,11.849405,3.0
1.0,beijing,4.0,74.0,0.0,0.0,0.0,5476.0,1.0,9.0,10.491302,0.0,0.0,73.0,,4.0
1.0,beijing,5.0,46.0,0.0,0.0,1.0,2116.0,0.0,15.0,,0.0,1.0,73.0,,4.0
1.0,beijing,4.0,56.0,0.0,0.0,1.0,3136.0,0.0,6.0,,1.0,0.0,73.0,0.0,5.0
1.0,beijing,4.0,44.0,0.0,0.0,1.0,1936.0,1.0,9.0,11.512936,1.0,0.0,73.0,12.04356,5.0
1.0,beijing,4.0,62.0,0.0,0.0,1.0,3844.0,1.0,6.0,9.9035378,0.0,0.0,73.0,10.819798,5.0
1.0,beijing,4.0,36.0,0.0,0.0,1.0,1296.0,1.0,9.0,0.0,0.0,0.0,73.0,12.42922,5.0
1.0,beijing,4.0,76.0,0.0,0.0,1.0,5776.0,0.0,9.0,10.819798,0.0,1.0,73.0,11.407576,2.0
1.0,beijing,4.0,37.0,0.0,0.0,1.0,1369.0,1.0,9.0,10.915107,1.0,0.0,73.0,,4.0
1.0,beijing,4.0,49.0,0.0,0.0,1.0,2401.0,1.0,9.0,0.0,0.0,0.0,73.0,,5.0
1.0,beijing,4.0,63.0,0.0,0.0,0.0,3969.0,1.0,12.0,8.6996813,0.0,0.0,73.0,8.6996813,4.0
0.0,beijing,3.0,50.0,0.0,0.0,1.0,2500.0,1.0,6.0,10.308986,1.0,0.0,73.0,10.59666,1.0
1.0,beijing,5.0,61.0,4.2626801,0.0,1.0,3721.0,1.0,16.0,11.512936,0.0,0.0,73.0,11.918397,5.0
1.0,beijing,4.0,47.0,0.0,0.0,0.0,2209.0,0.0,9.0,11.002116,1.0,0.0,73.0,11.002116,4.0
1.0,beijing,3.0,50.0,3.9318256,0.0,1.0,2500.0,0.0,9.0,11.002116,1.0,0.0,73.0,11.775297,3.0
1.0,beijing,3.0,54.0,2.3978953,0.0,1.0,2916.0,1.0,12.0,10.555839,0.0,0.0,73.0,12.013707,3.0
1.0,beijing,2.0,40.0,0.0,1.0,1.0,1600.0,0.0,9.0,11.918397,1.0,0.0,73.0,12.100718,5.0
1.0,beijing,4.0,30.0,0.0,0.0,1.0,900.0,1.0,12.0,10.778977,1.0,0.0,73.0,11.512936,3.0
1.0,beijing,4.0,78.0,0.0,0.0,0.0,6084.0,1.0,6.0,10.859018,0.0,0.0,73.0,10.859018,3.0
1.0,beijing,4.0,34.0,0.0,0.0,1.0,1156.0,1.0,9.0,10.308986,1.0,0.0,73.0,10.308986,4.0
1.0,beijing,3.0,29.0,0.0,0.0,0.0,841.0,0.0,19.0,11.512936,0.0,1.0,73.0,11.512936,3.0
0.0,beijing,5.0,54.0,0.0,0.0,1.0,2916.0,0.0,9.0,11.002116,0.0,0.0,73.0,12.611541,5.0
1.0,beijing,4.0,23.0,0.0,0.0,0.0,529.0,1.0,12.0,10.59666,1.0,0.0,73.0,10.59666,5.0
1.0,beijing,4.0,75.0,0.0,0.0,1.0,5625.0,0.0,9.0,11.156265,0.0,1.0,73.0,11.695255,3.0
1.0,beijing,5.0,65.0,0.0,0.0,1.0,4225.0,1.0,9.0,10.463132,0.0,0.0,73.0,11.289794,3.0
1.0,beijing,4.0,67.0,0.0,0.0,1.0,4489.0,1.0,6.0,9.9035378,0.0,0.0,73.0,,2.0
1.0,beijing,4.0,57.0,0.0,0.0,1.0,3249.0,1.0,15.0,10.59666,0.0,0.0,73.0,13.592368,5.0
1.0,beijing,4.0,80.0,0.0,0.0,1.0,6400.0,0.0,2.0,11.002116,0.0,1.0,73.0,11.512936,2.0
1.0,beijing,4.0,38.0,0.0,0.0,1.0,1444.0,1.0,16.0,10.463132,0.0,0.0,73.0,11.918397,4.0
1.0,beijing,5.0,47.0,0.0,0.0,0.0,2209.0,0.0,12.0,0.0,0.0,0.0,73.0,10.51328,1.0
1.0,beijing,4.0,36.0,0.0,0.0,1.0,1296.0,1.0,15.0,10.463132,1.0,0.0,73.0,11.512936,4.0
1.0,beijing,3.0,59.0,0.0,0.0,1.0,3481.0,0.0,9.0,11.156265,0.0,0.0,73.0,11.695255,2.0
1.0,beijing,5.0,82.0,0.0,0.0,1.0,6724.0,1.0,0.0,10.645449,0.0,0.0,73.0,11.484536,4.0
1.0,beijing,4.0,44.0,0.0,0.0,1.0,1936.0,0.0,15.0,11.512936,0.0,0.0,73.0,11.918397,5.0
1.0,beijing,4.0,32.0,0.0,0.0,0.0,1024.0,1.0,19.0,,0.0,1.0,73.0,,3.0
1.0,beijing,3.0,52.0,0.0,0.0,0.0,2704.0,1.0,9.0,10.308986,1.0,0.0,73.0,11.608245,2.0
1.0,beijing,3.0,22.0,0.0,0.0,0.0,484.0,0.0,9.0,10.819798,1.0,0.0,73.0,10.819798,4.0
1.0,beijing,4.0,35.0,0.0,0.0,1.0,1225.0,0.0,16.0,11.512936,0.0,1.0,73.0,12.206078,3.0
1.0,beijing,4.0,29.0,0.0,0.0,1.0,841.0,1.0,16.0,10.819798,0.0,0.0,73.0,11.512936,5.0
1.0,beijing,4.0,27.0,0.0,0.0,0.0,729.0,1.0,19.0,0.0,0.0,0.0,73.0,0.0,5.0
1.0,beijing,4.0,46.0,0.0,0.0,1.0,2116.0,0.0,12.0,,0.0,0.0,73.0,11.512936,4.0
1.0,beijing,4.0,64.0,0.0,0.0,1.0,4096.0,0.0,9.0,10.59666,0.0,0.0,73.0,11.289794,3.0
1.0,beijing,4.0,56.0,0.0,0.0,1.0,3136.0,1.0,15.0,10.915107,0.0,1.0,73.0,12.100718,5.0
1.0,beijing,4.0,84.0,0.0,0.0,1.0,7056.0,1.0,9.0,11.918397,0.0,0.0,73.0,12.031725,2.0
1.0,beijing,4.0,39.0,0.0,0.0,1.0,1521.0,1.0,9.0,10.819798,1.0,0.0,73.0,11.918397,4.0
1.0,beijing,5.0,80.0,0.0,0.0,1.0,6400.0,0.0,12.0,11.982935,0.0,1.0,73.0,12.206078,4.0
1.0,beijing,2.0,30.0,0.0,0.0,0.0,900.0,0.0,16.0,12.611541,1.0,1.0,73.0,12.899222,3.0
1.0,beijing,4.0,52.0,0.91629076,0.0,1.0,2704.0,0.0,16.0,11.918397,0.0,1.0,73.0,11.512936,5.0
1.0,beijing,5.0,68.0,0.0,0.0,0.0,4624.0,1.0,6.0,0.0,1.0,0.0,73.0,,5.0
1.0,beijing,4.0,44.0,0.0,0.0,0.0,1936.0,0.0,15.0,0.0,0.0,0.0,73.0,0.0,4.0
1.0,beijing,4.0,50.0,0.0,0.0,1.0,2500.0,1.0,16.0,11.695255,0.0,0.0,73.0,12.611541,3.0
1.0,beijing,4.0,79.0,2.3978953,0.0,1.0,6241.0,1.0,6.0,10.819798,0.0,0.0,73.0,11.790565,2.0
1.0,beijing,3.0,25.0,0.0,0.0,1.0,625.0,0.0,15.0,10.819798,1.0,0.0,73.0,12.206078,3.0
1.0,beijing,3.0,70.0,0.0,0.0,1.0,4900.0,0.0,12.0,11.002116,0.0,0.0,73.0,11.695255,2.0
1.0,beijing,4.0,70.0,0.0,0.0,1.0,4900.0,0.0,9.0,10.819798,0.0,1.0,73.0,10.819798,4.0
0.0,beijing,5.0,59.0,0.0,0.0,1.0,3481.0,1.0,9.0,8.9873219,1.0,0.0,73.0,11.002116,5.0
1.0,beijing,4.0,56.0,3.0445225,0.0,1.0,3136.0,1.0,15.0,10.555839,0.0,0.0,73.0,11.338584,4.0
1.0,beijing,4.0,45.0,0.0,0.0,1.0,2025.0,1.0,9.0,0.0,1.0,0.0,73.0,,5.0
1.0,beijing,2.0,49.0,0.0,0.0,1.0,2401.0,0.0,16.0,12.611541,0.0,0.0,73.0,12.611541,3.0
1.0,beijing,5.0,41.0,0.0,0.0,1.0,1681.0,0.0,16.0,,0.0,1.0,73.0,,5.0
1.0,beijing,3.0,40.0,3.0445225,0.0,1.0,1600.0,1.0,12.0,11.289794,0.0,0.0,73.0,12.206078,5.0
1.0,beijing,5.0,43.0,3.4339871,0.0,1.0,1849.0,0.0,12.0,10.778977,0.0,0.0,73.0,13.081544,5.0
1.0,beijing,4.0,59.0,0.0,0.0,1.0,3481.0,0.0,9.0,10.308986,0.0,0.0,73.0,16.029264,4.0
1.0,beijing,4.0,74.0,0.0,0.0,1.0,5476.0,0.0,9.0,10.778977,0.0,0.0,73.0,11.338584,4.0
1.0,beijing,4.0,43.0,0.0,0.0,1.0,1849.0,1.0,12.0,0.0,0.0,0.0,73.0,,5.0
1.0,beijing,4.0,32.0,3.4339871,0.0,1.0,1024.0,1.0,12.0,11.289794,0.0,0.0,73.0,12.206078,5.0
1.0,beijing,4.0,56.0,0.0,0.0,1.0,3136.0,0.0,12.0,10.59666,0.0,1.0,73.0,11.289794,5.0
1.0,beijing,4.0,68.0,0.0,0.0,1.0,4624.0,0.0,12.0,12.793862,0.0,0.0,73.0,13.487008,2.0
1.0,beijing,2.0,25.0,0.0,0.0,0.0,625.0,1.0,16.0,11.512936,0.0,0.0,73.0,12.206078,2.0
1.0,beijing,4.0,73.0,2.3978953,0.0,0.0,5329.0,1.0,9.0,0.0,0.0,1.0,73.0,0.0,4.0
1.0,beijing,4.0,39.0,0.0,0.0,1.0,1521.0,0.0,12.0,10.915107,1.0,0.0,73.0,10.915107,4.0
1.0,beijing,4.0,61.0,0.0,0.0,0.0,3721.0,1.0,6.0,10.59666,1.0,0.0,73.0,11.289794,4.0
1.0,beijing,4.0,26.0,0.0,0.0,1.0,676.0,0.0,9.0,11.002116,1.0,0.0,73.0,11.002116,4.0
1.0,beijing,4.0,57.0,0.0,0.0,0.0,3249.0,1.0,12.0,10.59666,0.0,0.0,73.0,11.289794,4.0
1.0,beijing,4.0,40.0,2.5649493,0.0,0.0,1600.0,0.0,16.0,11.512936,0.0,0.0,73.0,11.512936,5.0
1.0,beijing,4.0,46.0,2.3978953,0.0,0.0,2116.0,1.0,12.0,10.59666,0.0,1.0,73.0,11.289794,4.0
1.0,beijing,3.0,61.0,0.0,0.0,1.0,3721.0,0.0,12.0,10.71444,0.0,0.0,73.0,11.338584,4.0
1.0,beijing,2.0,72.0,0.0,0.0,1.0,5184.0,0.0,12.0,11.002116,0.0,1.0,73.0,11.608245,3.0
1.0,beijing,5.0,30.0,0.0,0.0,1.0,900.0,0.0,12.0,11.002116,0.0,0.0,73.0,11.002116,4.0
1.0,beijing,4.0,29.0,0.0,0.0,0.0,841.0,0.0,16.0,11.695255,1.0,0.0,73.0,13.122365,4.0
1.0,beijing,3.0,58.0,0.0,0.0,1.0,3364.0,1.0,12.0,10.126671,0.0,0.0,73.0,11.198229,2.0
1.0,beijing,3.0,66.0,0.0,0.0,1.0,4356.0,0.0,12.0,10.59666,0.0,1.0,73.0,11.156265,3.0
1.0,beijing,4.0,56.0,0.0,0.0,1.0,3136.0,1.0,16.0,11.002116,0.0,1.0,73.0,11.289794,3.0
1.0,beijing,4.0,55.0,0.0,0.0,1.0,3025.0,1.0,12.0,10.308986,0.0,0.0,73.0,11.407576,4.0
1.0,beijing,3.0,70.0,0.0,0.0,0.0,4900.0,1.0,9.0,10.59666,0.0,0.0,73.0,11.982935,3.0
1.0,beijing,5.0,33.0,2.3978953,0.0,1.0,1089.0,0.0,15.0,12.611541,0.0,1.0,73.0,13.122365,4.0
1.0,beijing,5.0,27.0,0.0,0.0,1.0,729.0,0.0,15.0,11.512936,1.0,0.0,73.0,11.512936,3.0
1.0,beijing,4.0,31.0,0.0,0.0,1.0,961.0,0.0,16.0,12.899222,0.0,0.0,73.0,13.122365,3.0
1.0,beijing,4.0,62.0,0.0,0.0,1.0,3844.0,1.0,6.0,0.0,1.0,0.0,73.0,,4.0
1.0,beijing,2.0,50.0,0.0,0.0,0.0,2500.0,1.0,19.0,,0.0,1.0,73.0,12.611541,4.0
1.0,beijing,4.0,77.0,4.5108595,0.0,1.0,5929.0,1.0,9.0,11.002116,0.0,1.0,73.0,12.100718,2.0
1.0,beijing,4.0,36.0,0.0,0.0,1.0,1296.0,1.0,9.0,9.9035378,1.0,0.0,73.0,11.082158,4.0
1.0,beijing,4.0,76.0,0.0,0.0,0.0,5776.0,1.0,12.0,11.002116,0.0,0.0,73.0,,5.0
1.0,beijing,1.0,29.0,0.0,0.0,1.0,841.0,0.0,12.0,11.775297,1.0,0.0,73.0,11.982935,4.0
1.0,beijing,5.0,20.0,3.4339871,0.0,0.0,400.0,1.0,16.0,7.6014023,1.0,0.0,73.0,,5.0
1.0,beijing,4.0,42.0,3.0445225,0.0,1.0,1764.0,0.0,15.0,,0.0,1.0,73.0,,5.0
1.0,beijing,4.0,81.0,0.0,0.0,0.0,6561.0,1.0,12.0,10.463132,0.0,0.0,73.0,,3.0
1.0,beijing,4.0,69.0,0.0,0.0,1.0,4761.0,1.0,15.0,10.555839,0.0,1.0,73.0,11.279744,3.0
1.0,beijing,4.0,30.0,0.0,0.0,1.0,900.0,0.0,12.0,12.206078,1.0,1.0,73.0,12.206078,5.0
1.0,beijing,4.0,63.0,0.0,0.0,1.0,3969.0,0.0,9.0,10.59666,0.0,0.0,73.0,11.289794,2.0
1.0,beijing,5.0,61.0,0.0,0.0,1.0,3721.0,0.0,12.0,10.491302,0.0,1.0,73.0,10.491302,2.0
1.0,beijing,4.0,63.0,0.0,0.0,1.0,3969.0,0.0,12.0,10.59666,0.0,0.0,73.0,10.819798,4.0
1.0,beijing,5.0,42.0,0.0,0.0,1.0,1764.0,1.0,9.0,10.308986,1.0,0.0,73.0,10.819798,4.0
1.0,beijing,4.0,29.0,0.0,0.0,1.0,841.0,1.0,9.0,10.308986,1.0,0.0,73.0,10.308986,3.0
1.0,beijing,4.0,48.0,0.0,0.0,1.0,2304.0,1.0,6.0,0.0,1.0,0.0,73.0,,5.0
1.0,beijing,5.0,62.0,4.6151204,0.0,1.0,3844.0,1.0,12.0,10.491302,0.0,1.0,73.0,11.407576,4.0
1.0,beijing,4.0,50.0,0.0,0.0,1.0,2500.0,0.0,12.0,10.491302,0.0,0.0,73.0,11.002116,4.0
1.0,beijing,3.0,83.0,0.0,0.0,0.0,6889.0,1.0,6.0,0.0,0.0,0.0,73.0,10.819798,2.0
1.0,beijing,4.0,49.0,0.0,0.0,1.0,2401.0,0.0,15.0,11.512936,0.0,1.0,73.0,12.388398,4.0
1.0,beijing,4.0,20.0,4.6151204,0.0,0.0,400.0,0.0,12.0,10.71444,1.0,0.0,73.0,11.695255,5.0
1.0,beijing,4.0,23.0,0.0,0.0,0.0,529.0,0.0,16.0,11.512936,0.0,0.0,73.0,12.206078,3.0
1.0,beijing,2.0,25.0,0.0,0.0,0.0,625.0,1.0,16.0,11.512936,0.0,0.0,73.0,,3.0
1.0,beijing,4.0,55.0,0.0,0.0,0.0,3025.0,1.0,12.0,9.9035378,0.0,0.0,73.0,11.289794,3.0
1.0,beijing,5.0,46.0,0.0,0.0,1.0,2116.0,0.0,12.0,11.775297,0.0,1.0,73.0,12.04356,4.0
1.0,beijing,4.0,30.0,0.0,0.0,1.0,900.0,0.0,16.0,12.611541,0.0,0.0,73.0,12.899222,4.0
1.0,beijing,4.0,73.0,0.0,0.0,1.0,5329.0,1.0,12.0,10.778977,0.0,1.0,73.0,11.695255,2.0
1.0,beijing,4.0,56.0,0.0,0.0,1.0,3136.0,1.0,15.0,10.59666,0.0,0.0,73.0,12.899222,4.0
1.0,beijing,4.0,23.0,3.4339871,0.0,0.0,529.0,1.0,15.0,0.0,0.0,0.0,73.0,11.289794,4.0
1.0,beijing,4.0,51.0,0.0,0.0,1.0,2601.0,0.0,9.0,9.7981825,0.0,0.0,73.0,,3.0
1.0,beijing,5.0,45.0,0.0,0.0,1.0,2025.0,1.0,9.0,11.512936,1.0,0.0,73.0,12.206078,4.0
1.0,beijing,3.0,63.0,0.0,0.0,1.0,3969.0,0.0,9.0,10.778977,0.0,0.0,73.0,10.778977,4.0
1.0,beijing,4.0,49.0,0.0,0.0,1.0,2401.0,0.0,15.0,11.918397,0.0,1.0,73.0,12.42922,4.0
1.0,beijing,5.0,60.0,3.0445225,0.0,0.0,3600.0,1.0,9.0,10.59666,0.0,0.0,73.0,11.813038,4.0
1.0,beijing,4.0,32.0,0.0,1.0,1.0,1024.0,0.0,15.0,11.918397,0.0,0.0,73.0,11.918397,5.0
1.0,beijing,4.0,77.0,0.0,0.0,1.0,5929.0,0.0,15.0,13.592368,0.0,1.0,73.0,11.512936,4.0
1.0,beijing,1.0,47.0,0.0,0.0,0.0,2209.0,0.0,9.0,10.819798,0.0,0.0,73.0,10.819798,4.0
1.0,beijing,4.0,24.0,0.0,0.0,0.0,576.0,0.0,16.0,10.819798,1.0,0.0,73.0,12.301388,4.0
1.0,beijing,4.0,37.0,0.0,0.0,1.0,1369.0,0.0,16.0,,0.0,1.0,73.0,,4.0
1.0,beijing,5.0,79.0,0.0,0.0,1.0,6241.0,1.0,12.0,11.184435,0.0,1.0,73.0,11.695255,3.0
1.0,beijing,5.0,55.0,0.0,0.0,1.0,3025.0,0.0,12.0,10.59666,0.0,0.0,73.0,11.289794,4.0
1.0,beijing,4.0,59.0,0.0,0.0,0.0,3481.0,0.0,12.0,10.896758,0.0,0.0,73.0,11.775297,5.0
1.0,beijing,4.0,62.0,0.0,0.0,1.0,3844.0,0.0,6.0,10.126671,0.0,0.0,73.0,10.71444,2.0
1.0,beijing,4.0,40.0,0.0,0.0,1.0,1600.0,1.0,9.0,10.308986,1.0,0.0,73.0,10.819798,4.0
0.0,beijing,4.0,71.0,0.0,0.0,1.0,5041.0,0.0,6.0,0.0,1.0,0.0,73.0,,4.0
0.0,beijing,3.0,52.0,0.0,0.0,1.0,2704.0,1.0,6.0,0.0,1.0,0.0,73.0,10.085851,2.0
1.0,beijing,4.0,68.0,2.7725887,0.0,1.0,4624.0,1.0,15.0,10.819798,0.0,0.0,73.0,11.512936,3.0
1.0,beijing,4.0,30.0,2.3978953,0.0,1.0,900.0,0.0,16.0,11.338584,0.0,0.0,73.0,12.206078,5.0
1.0,beijing,5.0,65.0,0.0,0.0,1.0,4225.0,0.0,9.0,10.59666,0.0,0.0,73.0,11.918397,3.0
1.0,beijing,4.0,33.0,0.0,0.0,1.0,1089.0,1.0,16.0,11.608245,0.0,0.0,73.0,13.122365,4.0
1.0,beijing,4.0,52.0,2.3978953,0.0,1.0,2704.0,1.0,6.0,8.9873219,1.0,0.0,73.0,11.225257,2.0
1.0,beijing,4.0,32.0,0.0,0.0,1.0,1024.0,1.0,16.0,9.9035378,1.0,1.0,73.0,11.512936,4.0
1.0,beijing,5.0,45.0,0.0,0.0,1.0,2025.0,0.0,15.0,12.611541,0.0,0.0,73.0,12.611541,4.0
1.0,beijing,4.0,76.0,0.0,0.0,1.0,5776.0,1.0,9.0,11.002116,0.0,0.0,73.0,11.695255,2.0
1.0,beijing,4.0,81.0,0.0,0.0,0.0,6561.0,1.0,0.0,10.491302,0.0,0.0,73.0,,3.0
1.0,beijing,4.0,21.0,0.0,0.0,0.0,441.0,0.0,12.0,11.002116,1.0,0.0,73.0,11.775297,5.0
1.0,beijing,4.0,49.0,0.0,0.0,1.0,2401.0,0.0,12.0,11.512936,0.0,0.0,73.0,11.512936,4.0
1.0,beijing,4.0,50.0,0.0,0.0,1.0,2500.0,0.0,16.0,11.512936,0.0,0.0,73.0,12.206078,4.0
1.0,beijing,4.0,30.0,0.0,0.0,0.0,900.0,0.0,16.0,11.918397,0.0,0.0,73.0,,4.0
1.0,beijing,2.0,62.0,0.0,0.0,1.0,3844.0,1.0,6.0,10.126671,0.0,0.0,73.0,11.512936,2.0
1.0,beijing,4.0,82.0,0.0,0.0,1.0,6724.0,1.0,0.0,0.0,1.0,0.0,73.0,11.918397,5.0
1.0,beijing,4.0,55.0,0.0,1.0,1.0,3025.0,1.0,12.0,9.9035378,0.0,0.0,73.0,10.59666,3.0
1.0,beijing,4.0,60.0,0.0,0.0,1.0,3600.0,1.0,6.0,9.9035378,0.0,0.0,73.0,10.59666,4.0
1.0,beijing,4.0,57.0,0.0,0.0,1.0,3249.0,1.0,12.0,11.512936,0.0,1.0,73.0,12.206078,5.0
1.0,beijing,4.0,28.0,3.0445225,0.0,0.0,784.0,0.0,16.0,,0.0,0.0,73.0,,5.0
1.0,beijing,4.0,28.0,0.0,0.0,1.0,784.0,0.0,9.0,11.512936,1.0,0.0,73.0,11.512936,4.0
1.0,beijing,5.0,64.0,0.0,0.0,1.0,4096.0,1.0,0.0,0.0,0.0,0.0,73.0,10.915107,4.0
1.0,beijing,4.0,70.0,3.4339871,0.0,1.0,4900.0,1.0,9.0,10.819798,0.0,0.0,73.0,11.512936,4.0
1.0,beijing,4.0,70.0,0.0,1.0,1.0,4900.0,1.0,12.0,10.819798,0.0,0.0,73.0,11.407576,3.0
1.0,beijing,5.0,56.0,0.0,0.0,1.0,3136.0,1.0,16.0,12.206078,0.0,0.0,73.0,13.122365,5.0
1.0,beijing,5.0,66.0,0.0,0.0,1.0,4356.0,0.0,9.0,9.9035378,0.0,0.0,73.0,11.002116,3.0
1.0,beijing,4.0,36.0,3.9318256,0.0,1.0,1296.0,0.0,9.0,10.819798,1.0,0.0,73.0,9.2104406,4.0
1.0,beijing,4.0,29.0,0.0,0.0,0.0,841.0,0.0,15.0,11.775297,0.0,0.0,73.0,,5.0
1.0,beijing,3.0,29.0,6.2166061,0.0,1.0,841.0,0.0,19.0,12.206078,0.0,0.0,73.0,12.206078,4.0
1.0,beijing,4.0,41.0,0.0,0.0,1.0,1681.0,0.0,12.0,11.156265,1.0,0.0,73.0,12.611541,4.0
1.0,beijing,4.0,56.0,0.0,0.0,1.0,3136.0,0.0,9.0,10.308986,1.0,0.0,73.0,11.082158,2.0
1.0,beijing,4.0,43.0,0.0,0.0,1.0,1849.0,1.0,16.0,12.42922,0.0,1.0,73.0,12.611541,5.0
1.0,beijing,3.0,45.0,0.0,0.0,1.0,2025.0,0.0,12.0,11.512936,0.0,0.0,73.0,11.512936,4.0
1.0,beijing,5.0,61.0,0.0,1.0,1.0,3721.0,1.0,12.0,10.819798,0.0,0.0,73.0,11.608245,2.0
1.0,beijing,5.0,88.0,0.0,0.0,1.0,7744.0,0.0,0.0,,0.0,0.0,73.0,,4.0
1.0,beijing,4.0,79.0,0.0,0.0,1.0,6241.0,1.0,12.0,10.718875,0.0,1.0,73.0,11.589896,3.0
1.0,beijing,5.0,58.0,0.0,0.0,0.0,3364.0,1.0,9.0,10.422311,0.0,0.0,73.0,11.002116,5.0
1.0,beijing,4.0,63.0,0.0,0.0,1.0,3969.0,0.0,6.0,9.2104406,1.0,0.0,73.0,9.2104406,4.0
1.0,beijing,5.0,75.0,0.0,0.0,0.0,5625.0,1.0,6.0,10.181157,0.0,0.0,73.0,10.181157,4.0
1.0,beijing,4.0,57.0,0.0,0.0,1.0,3249.0,1.0,16.0,11.407576,0.0,0.0,73.0,12.206078,4.0
1.0,beijing,4.0,36.0,0.0,0.0,0.0,1296.0,1.0,16.0,12.388398,0.0,0.0,73.0,12.388398,4.0
0.0,beijing,4.0,43.0,0.0,0.0,1.0,1849.0,1.0,9.0,10.126671,1.0,0.0,73.0,10.819798,5.0
1.0,beijing,5.0,58.0,0.0,0.0,1.0,3364.0,0.0,16.0,11.512936,0.0,0.0,73.0,11.512936,4.0
1.0,beijing,3.0,57.0,0.0,0.0,0.0,3249.0,0.0,12.0,9.392745,0.0,0.0,73.0,9.392745,2.0
1.0,beijing,5.0,85.0,0.0,0.0,0.0,7225.0,0.0,15.0,11.918397,0.0,1.0,73.0,11.918397,3.0
1.0,beijing,3.0,39.0,6.2166061,1.0,1.0,1521.0,1.0,12.0,11.918397,1.0,1.0,73.0,12.611541,2.0
1.0,beijing,5.0,72.0,0.0,0.0,1.0,5184.0,1.0,6.0,,0.0,0.0,73.0,,5.0
1.0,beijing,5.0,90.0,0.0,0.0,0.0,8100.0,1.0,0.0,10.58661,0.0,0.0,73.0,10.58661,2.0
1.0,beijing,4.0,20.0,0.0,1.0,0.0,400.0,1.0,16.0,0.0,1.0,0.0,73.0,,3.0
1.0,beijing,4.0,67.0,0.0,0.0,1.0,4489.0,0.0,9.0,10.645449,0.0,0.0,73.0,11.407576,4.0
1.0,beijing,4.0,37.0,2.3978953,0.0,1.0,1369.0,0.0,15.0,10.71444,0.0,0.0,73.0,11.156265,4.0
1.0,beijing,4.0,39.0,0.0,0.0,1.0,1521.0,1.0,19.0,13.122365,0.0,0.0,73.0,13.710151,1.0
1.0,beijing,4.0,49.0,0.0,0.0,1.0,2401.0,0.0,15.0,11.512936,0.0,0.0,73.0,11.512936,2.0
1.0,beijing,4.0,71.0,0.0,0.0,1.0,5041.0,0.0,12.0,11.167628,0.0,1.0,73.0,11.695255,4.0
1.0,beijing,4.0,60.0,0.0,1.0,1.0,3600.0,0.0,9.0,11.184435,0.0,0.0,73.0,11.512936,4.0
1.0,beijing,4.0,25.0,0.0,0.0,0.0,625.0,0.0,16.0,9.7981825,0.0,0.0,73.0,12.206078,4.0
1.0,beijing,3.0,38.0,0.0,0.0,1.0,1444.0,0.0,9.0,,1.0,0.0,73.0,,5.0
1.0,beijing,3.0,60.0,0.0,0.0,1.0,3600.0,0.0,9.0,10.491302,0.0,0.0,73.0,11.002116,4.0
1.0,beijing,4.0,62.0,0.0,0.0,1.0,3844.0,1.0,9.0,10.308986,0.0,0.0,73.0,11.002116,4.0
1.0,beijing,5.0,78.0,0.0,0.0,0.0,6084.0,1.0,12.0,10.778977,0.0,0.0,73.0,,4.0
1.0,beijing,4.0,37.0,0.0,0.0,1.0,1369.0,0.0,9.0,11.512936,1.0,0.0,73.0,11.982935,4.0
1.0,beijing,5.0,73.0,0.0,0.0,1.0,5329.0,1.0,6.0,8.8819752,0.0,0.0,73.0,,3.0
1.0,beijing,4.0,26.0,0.0,0.0,1.0,676.0,0.0,15.0,11.512936,1.0,0.0,73.0,11.512936,4.0
1.0,beijing,4.0,51.0,0.0,0.0,1.0,2601.0,0.0,16.0,11.002116,0.0,0.0,73.0,12.206078,4.0
1.0,beijing,4.0,42.0,0.0,1.0,1.0,1764.0,0.0,12.0,12.206078,0.0,0.0,73.0,12.206078,4.0
1.0,beijing,4.0,35.0,0.0,0.0,1.0,1225.0,1.0,15.0,10.819798,1.0,0.0,73.0,11.695255,4.0
1.0,beijing,4.0,56.0,0.0,0.0,1.0,3136.0,0.0,15.0,11.775297,0.0,1.0,73.0,12.611541,4.0
1.0,beijing,3.0,50.0,0.0,0.0,1.0,2500.0,1.0,15.0,10.819798,0.0,0.0,73.0,11.512936,4.0
1.0,beijing,3.0,34.0,0.0,0.0,1.0,1156.0,1.0,15.0,12.611541,0.0,0.0,73.0,13.304687,3.0
1.0,beijing,4.0,64.0,0.0,0.0,0.0,4096.0,0.0,9.0,10.463132,0.0,1.0,73.0,,2.0
1.0,beijing,5.0,40.0,3.4339871,0.0,1.0,1600.0,1.0,12.0,12.206078,1.0,0.0,73.0,12.611541,4.0
1.0,beijing,4.0,82.0,0.0,0.0,1.0,6724.0,1.0,15.0,10.819798,0.0,1.0,73.0,11.695255,4.0
1.0,beijing,4.0,35.0,0.0,0.0,0.0,1225.0,1.0,12.0,,0.0,0.0,73.0,,4.0
1.0,beijing,3.0,73.0,0.0,0.0,0.0,5329.0,0.0,16.0,10.59666,0.0,0.0,73.0,,3.0
1.0,beijing,4.0,24.0,0.0,0.0,0.0,576.0,0.0,12.0,11.002116,1.0,0.0,73.0,11.512936,5.0
1.0,beijing,3.0,38.0,0.0,0.0,1.0,1444.0,1.0,16.0,,0.0,0.0,73.0,,4.0
1.0,beijing,4.0,63.0,0.0,0.0,1.0,3969.0,1.0,9.0,10.491302,0.0,0.0,73.0,11.184435,4.0
1.0,beijing,4.0,57.0,0.0,0.0,1.0,3249.0,1.0,12.0,10.616462,0.0,0.0,73.0,,3.0
0.0,beijing,2.0,31.0,0.0,0.0,0.0,961.0,0.0,12.0,10.819798,1.0,0.0,73.0,10.819798,4.0
1.0,beijing,2.0,71.0,0.0,0.0,1.0,5041.0,1.0,9.0,10.59666,0.0,0.0,73.0,11.512936,2.0
1.0,beijing,4.0,38.0,0.0,0.0,1.0,1444.0,1.0,12.0,9.9035378,1.0,0.0,73.0,9.9035378,3.0
1.0,beijing,5.0,35.0,0.0,0.0,1.0,1225.0,1.0,12.0,10.59666,1.0,0.0,73.0,11.289794,5.0
1.0,beijing,5.0,28.0,3.4339871,0.0,1.0,784.0,1.0,16.0,,0.0,0.0,73.0,,4.0
1.0,beijing,5.0,74.0,0.0,0.0,1.0,5476.0,0.0,16.0,11.156265,0.0,1.0,73.0,11.512936,5.0
1.0,beijing,4.0,40.0,0.0,0.0,1.0,1600.0,1.0,6.0,9.9035378,1.0,0.0,73.0,9.9035378,4.0
1.0,beijing,3.0,74.0,2.3978953,0.0,0.0,5476.0,0.0,15.0,13.122365,0.0,0.0,73.0,10.819798,4.0
1.0,beijing,4.0,28.0,0.0,0.0,1.0,784.0,1.0,16.0,12.04356,0.0,1.0,73.0,12.899222,2.0
1.0,beijing,4.0,72.0,0.0,0.0,1.0,5184.0,0.0,9.0,11.156265,0.0,1.0,73.0,11.289794,3.0
1.0,beijing,3.0,64.0,0.0,0.0,0.0,4096.0,1.0,9.0,10.59666,0.0,0.0,73.0,10.59666,4.0
1.0,beijing,2.0,64.0,3.4339871,0.0,1.0,4096.0,1.0,9.0,10.308986,0.0,0.0,73.0,11.156265,3.0
0.0,beijing,5.0,46.0,0.0,0.0,0.0,2116.0,0.0,6.0,11.002116,1.0,0.0,73.0,11.982935,5.0
1.0,beijing,4.0,32.0,0.0,1.0,1.0,1024.0,1.0,12.0,0.0,0.0,0.0,73.0,11.512936,3.0
1.0,beijing,5.0,68.0,0.0,0.0,1.0,4624.0,0.0,6.0,9.9035378,0.0,0.0,73.0,9.9035378,4.0
1.0,beijing,3.0,65.0,0.0,0.0,1.0,4225.0,0.0,9.0,10.778977,0.0,0.0,73.0,,4.0
1.0,beijing,3.0,78.0,0.0,1.0,1.0,6084.0,0.0,16.0,11.002116,0.0,1.0,73.0,11.695255,1.0
1.0,beijing,4.0,67.0,2.3978953,0.0,1.0,4489.0,1.0,0.0,0.0,0.0,0.0,73.0,10.308986,5.0
1.0,beijing,4.0,25.0,0.0,0.0,0.0,625.0,1.0,16.0,11.695255,1.0,0.0,73.0,11.918397,5.0
1.0,beijing,5.0,67.0,0.0,0.0,1.0,4489.0,0.0,9.0,10.645449,0.0,0.0,73.0,11.156265,4.0
1.0,beijing,5.0,78.0,0.0,0.0,0.0,6084.0,0.0,12.0,11.472114,0.0,1.0,73.0,12.100718,4.0
1.0,beijing,4.0,66.0,0.0,0.0,1.0,4356.0,1.0,12.0,10.59666,0.0,0.0,73.0,11.289794,4.0
1.0,beijing,2.0,61.0,3.8918202,0.0,0.0,3721.0,0.0,12.0,10.819798,0.0,0.0,73.0,10.819798,1.0
1.0,beijing,4.0,58.0,0.0,0.0,1.0,3364.0,0.0,12.0,10.819798,0.0,1.0,73.0,11.156265,4.0
1.0,beijing,4.0,22.0,0.0,0.0,0.0,484.0,1.0,9.0,11.156265,1.0,0.0,73.0,11.156265,3.0
1.0,beijing,3.0,56.0,0.0,0.0,1.0,3136.0,1.0,12.0,10.308986,0.0,0.0,73.0,10.308986,3.0
1.0,beijing,2.0,39.0,3.0445225,0.0,0.0,1521.0,1.0,19.0,13.122365,0.0,0.0,73.0,13.122365,4.0
1.0,beijing,4.0,53.0,0.0,0.0,0.0,2809.0,1.0,12.0,11.512936,0.0,0.0,73.0,11.918397,4.0
1.0,beijing,4.0,21.0,0.0,0.0,0.0,441.0,1.0,16.0,9.2104406,0.0,1.0,73.0,11.512936,4.0
1.0,beijing,4.0,20.0,0.0,0.0,0.0,400.0,0.0,15.0,9.392745,0.0,0.0,73.0,,4.0
1.0,beijing,5.0,48.0,1.0986123,0.0,1.0,2304.0,1.0,15.0,10.778977,0.0,0.0,73.0,11.184435,4.0
1.0,beijing,2.0,40.0,0.0,0.0,1.0,1600.0,0.0,15.0,11.289794,0.0,0.0,73.0,11.512936,4.0
1.0,beijing,4.0,51.0,0.0,0.0,1.0,2601.0,0.0,9.0,12.611541,1.0,0.0,73.0,12.899222,4.0
1.0,beijing,4.0,55.0,0.0,0.0,1.0,3025.0,0.0,15.0,11.918397,0.0,0.0,73.0,12.611541,1.0
1.0,beijing,4.0,47.0,0.0,0.0,1.0,2209.0,1.0,9.0,10.308986,0.0,0.0,73.0,11.002116,3.0
1.0,beijing,4.0,18.0,0.0,0.0,0.0,324.0,0.0,12.0,9.2104406,0.0,0.0,73.0,,4.0
1.0,beijing,4.0,57.0,0.0,0.0,1.0,3249.0,1.0,12.0,10.404293,0.0,1.0,73.0,11.289794,4.0
1.0,beijing,4.0,47.0,0.0,0.0,1.0,2209.0,1.0,9.0,10.59666,1.0,0.0,73.0,12.04356,4.0
1.0,beijing,4.0,60.0,0.0,0.0,0.0,3600.0,0.0,12.0,10.308986,0.0,0.0,73.0,,4.0
1.0,beijing,5.0,25.0,0.0,0.0,1.0,625.0,1.0,12.0,11.512936,1.0,0.0,73.0,11.512936,5.0
1.0,beijing,4.0,76.0,0.0,0.0,1.0,5776.0,1.0,9.0,10.085851,0.0,0.0,73.0,10.165891,1.0
1.0,beijing,4.0,62.0,0.0,0.0,0.0,3844.0,0.0,12.0,11.002116,0.0,0.0,73.0,12.283038,5.0
1.0,beijing,5.0,35.0,0.0,0.0,1.0,1225.0,0.0,16.0,11.350418,0.0,0.0,73.0,12.611541,5.0
1.0,beijing,4.0,35.0,0.0,0.0,0.0,1225.0,0.0,16.0,0.0,0.0,0.0,73.0,,2.0
1.0,beijing,5.0,84.0,0.0,0.0,0.0,7056.0,0.0,2.0,10.778977,0.0,1.0,73.0,10.778977,3.0
1.0,beijing,4.0,29.0,0.0,0.0,1.0,841.0,0.0,16.0,11.918397,0.0,0.0,73.0,12.42922,5.0
1.0,beijing,5.0,73.0,0.0,0.0,1.0,5329.0,1.0,6.0,0.0,1.0,0.0,73.0,10.778977,1.0
1.0,beijing,4.0,48.0,0.0,0.0,1.0,2304.0,1.0,19.0,12.206078,0.0,0.0,73.0,12.611541,4.0
1.0,beijing,5.0,74.0,0.0,0.0,1.0,5476.0,1.0,0.0,10.463132,1.0,0.0,73.0,11.156265,3.0
1.0,beijing,4.0,58.0,0.0,0.0,1.0,3364.0,1.0,12.0,11.289794,0.0,1.0,73.0,12.206078,4.0
1.0,beijing,2.0,65.0,0.0,0.0,0.0,4225.0,1.0,15.0,10.59666,0.0,1.0,73.0,10.59666,2.0
1.0,beijing,4.0,67.0,0.0,0.0,1.0,4489.0,1.0,9.0,12.933623,0.0,0.0,73.0,11.512936,3.0
1.0,beijing,4.0,46.0,0.0,0.0,1.0,2116.0,0.0,16.0,12.206078,0.0,0.0,73.0,12.611541,2.0
1.0,beijing,4.0,55.0,0.0,0.0,1.0,3025.0,0.0,12.0,10.308986,0.0,0.0,73.0,10.308986,3.0
1.0,beijing,3.0,38.0,0.0,0.0,1.0,1444.0,0.0,19.0,12.899222,0.0,0.0,73.0,13.458838,3.0
1.0,beijing,5.0,43.0,4.1108737,0.0,1.0,1849.0,1.0,16.0,13.122365,0.0,0.0,73.0,13.458838,5.0
1.0,beijing,4.0,41.0,2.3978953,0.0,1.0,1681.0,1.0,12.0,11.002116,0.0,0.0,73.0,11.918397,4.0
0.0,beijing,5.0,71.0,2.7725887,0.0,1.0,5041.0,0.0,9.0,8.8819752,1.0,0.0,73.0,12.206078,5.0
1.0,beijing,4.0,18.0,0.0,0.0,0.0,324.0,0.0,15.0,8.2943001,0.0,0.0,73.0,13.458838,2.0
1.0,beijing,4.0,31.0,4.6151204,1.0,1.0,961.0,0.0,15.0,11.918397,0.0,0.0,73.0,12.42922,3.0
0.0,beijing,4.0,29.0,0.0,0.0,1.0,841.0,0.0,6.0,10.59666,1.0,0.0,73.0,10.59666,4.0
1.0,beijing,4.0,38.0,0.0,0.0,1.0,1444.0,0.0,15.0,12.899222,0.0,0.0,73.0,12.899222,3.0
1.0,beijing,4.0,65.0,2.3978953,0.0,1.0,4225.0,1.0,9.0,10.308986,0.0,0.0,73.0,11.002116,3.0
1.0,beijing,4.0,53.0,0.0,0.0,1.0,2809.0,1.0,9.0,10.126671,1.0,0.0,73.0,12.42922,3.0
1.0,beijing,4.0,28.0,0.0,0.0,0.0,784.0,0.0,16.0,12.611541,0.0,0.0,73.0,12.899222,5.0
1.0,beijing,4.0,36.0,0.0,0.0,1.0,1296.0,0.0,6.0,10.819798,1.0,0.0,73.0,11.082158,4.0
1.0,beijing,4.0,65.0,0.0,0.0,0.0,4225.0,1.0,19.0,10.915107,0.0,1.0,73.0,10.915107,3.0
0.0,beijing,4.0,77.0,0.0,0.0,0.0,5929.0,0.0,9.0,8.8819752,1.0,0.0,73.0,8.8819752,4.0
1.0,beijing,4.0,53.0,0.0,0.0,1.0,2809.0,0.0,6.0,10.308986,1.0,0.0,73.0,10.819798,3.0
1.0,beijing,4.0,31.0,0.0,0.0,0.0,961.0,1.0,16.0,11.695255,0.0,0.0,73.0,11.918397,4.0
1.0,beijing,4.0,51.0,6.9087548,0.0,1.0,2601.0,1.0,6.0,0.0,1.0,0.0,73.0,11.002116,3.0
1.0,beijing,2.0,54.0,0.0,0.0,0.0,2916.0,1.0,9.0,10.491302,0.0,0.0,73.0,14.180155,4.0
1.0,beijing,4.0,72.0,0.0,0.0,0.0,5184.0,0.0,6.0,10.778977,0.0,1.0,73.0,,2.0
1.0,beijing,5.0,61.0,1.3862944,0.0,1.0,3721.0,1.0,0.0,10.085851,1.0,0.0,73.0,10.819798,5.0
1.0,beijing,5.0,34.0,0.0,0.0,1.0,1156.0,1.0,12.0,10.819798,1.0,0.0,73.0,11.512936,3.0
1.0,beijing,2.0,57.0,0.0,0.0,1.0,3249.0,1.0,12.0,10.463132,0.0,0.0,73.0,11.775297,2.0
1.0,beijing,5.0,34.0,0.0,0.0,1.0,1156.0,1.0,9.0,9.9035378,1.0,0.0,73.0,10.59666,5.0
1.0,beijing,3.0,50.0,0.0,0.0,1.0,2500.0,0.0,9.0,10.308986,0.0,0.0,73.0,10.308986,5.0
1.0,beijing,2.0,48.0,1.3862944,0.0,0.0,2304.0,1.0,15.0,10.915107,0.0,0.0,73.0,11.918397,3.0
1.0,beijing,4.0,62.0,0.0,0.0,1.0,3844.0,1.0,9.0,10.308986,0.0,0.0,73.0,10.308986,4.0
1.0,beijing,4.0,62.0,0.0,0.0,1.0,3844.0,1.0,6.0,9.9035378,0.0,0.0,73.0,11.289794,4.0
1.0,beijing,5.0,54.0,0.0,0.0,1.0,2916.0,0.0,12.0,0.0,0.0,0.0,73.0,11.338584,5.0
1.0,beijing,4.0,62.0,0.0,0.0,1.0,3844.0,1.0,15.0,11.002116,0.0,1.0,73.0,11.472114,4.0
0.0,beijing,3.0,61.0,0.0,0.0,1.0,3721.0,1.0,9.0,0.0,1.0,0.0,73.0,10.085851,2.0
1.0,beijing,4.0,24.0,3.4339871,0.0,0.0,576.0,1.0,12.0,11.156265,1.0,0.0,73.0,11.918397,5.0
1.0,beijing,4.0,68.0,0.0,0.0,1.0,4624.0,0.0,9.0,10.518701,0.0,1.0,73.0,11.608245,2.0
1.0,beijing,4.0,27.0,0.0,0.0,0.0,729.0,0.0,16.0,12.611541,0.0,0.0,73.0,12.899222,2.0
0.0,beijing,5.0,55.0,0.0,0.0,1.0,3025.0,1.0,6.0,0.0,1.0,0.0,73.0,10.308986,3.0
1.0,beijing,3.0,28.0,4.6151204,0.0,0.0,784.0,1.0,16.0,11.512936,0.0,0.0,73.0,,3.0
0.0,beijing,4.0,44.0,1.9459101,0.0,1.0,1936.0,1.0,15.0,11.002116,0.0,0.0,73.0,11.289794,3.0
1.0,beijing,5.0,86.0,0.0,0.0,0.0,7396.0,1.0,16.0,,0.0,0.0,73.0,,4.0
1.0,beijing,3.0,55.0,1.7917595,0.0,1.0,3025.0,0.0,6.0,10.819798,1.0,0.0,73.0,,4.0
1.0,tianjin,5.0,35.0,0.0,0.0,1.0,1225.0,0.0,15.0,11.512936,0.0,0.0,38.0,12.611541,4.0
1.0,tianjin,3.0,58.0,0.0,0.0,1.0,3364.0,0.0,12.0,10.308986,0.0,0.0,38.0,10.819798,4.0
1.0,tianjin,4.0,48.0,0.0,0.0,1.0,2304.0,1.0,15.0,0.0,0.0,0.0,38.0,11.512936,3.0
1.0,tianjin,2.0,28.0,0.0,0.0,0.0,784.0,1.0,16.0,11.002116,0.0,0.0,38.0,12.100718,3.0
1.0,tianjin,4.0,49.0,0.0,0.0,1.0,2401.0,0.0,6.0,11.512936,1.0,0.0,38.0,11.608245,4.0
1.0,tianjin,2.0,65.0,0.0,0.0,1.0,4225.0,0.0,12.0,10.385944,0.0,1.0,38.0,11.294782,4.0
1.0,tianjin,4.0,73.0,0.0,0.0,1.0,5329.0,0.0,6.0,10.491302,0.0,0.0,38.0,10.616462,2.0
1.0,tianjin,4.0,71.0,0.0,0.0,1.0,5041.0,0.0,15.0,10.59666,0.0,1.0,38.0,11.097425,3.0
1.0,tianjin,5.0,56.0,0.0,0.0,1.0,3136.0,0.0,9.0,10.778977,0.0,0.0,38.0,11.338584,3.0
1.0,tianjin,5.0,47.0,0.0,0.0,1.0,2209.0,1.0,12.0,10.308986,0.0,0.0,38.0,11.695255,3.0
1.0,tianjin,4.0,82.0,0.0,0.0,0.0,6724.0,1.0,12.0,10.659633,0.0,0.0,38.0,11.115443,4.0
1.0,tianjin,2.0,48.0,0.0,0.0,1.0,2304.0,0.0,9.0,10.308986,0.0,0.0,38.0,10.778977,3.0
1.0,tianjin,3.0,61.0,0.0,0.0,1.0,3721.0,0.0,12.0,10.819798,0.0,1.0,38.0,11.407576,3.0
1.0,tianjin,3.0,21.0,0.0,0.0,0.0,441.0,1.0,15.0,4.6151204,1.0,0.0,38.0,9.9035378,3.0
1.0,tianjin,4.0,67.0,0.0,0.0,1.0,4489.0,0.0,9.0,10.085851,0.0,0.0,38.0,10.819798,3.0
1.0,tianjin,4.0,60.0,0.0,0.0,0.0,3600.0,1.0,9.0,10.491302,0.0,0.0,38.0,10.491302,4.0
1.0,tianjin,4.0,70.0,0.0,0.0,1.0,4900.0,1.0,12.0,10.308986,0.0,0.0,38.0,11.002116,3.0
1.0,tianjin,4.0,26.0,1.3862944,0.0,0.0,676.0,0.0,16.0,12.206078,0.0,0.0,38.0,12.206078,3.0
1.0,tianjin,5.0,58.0,0.0,0.0,1.0,3364.0,1.0,12.0,10.819798,0.0,0.0,38.0,11.002116,4.0
1.0,tianjin,4.0,64.0,0.0,0.0,1.0,4096.0,0.0,9.0,10.491302,0.0,0.0,38.0,11.156265,3.0
1.0,tianjin,5.0,27.0,1.0986123,0.0,0.0,729.0,1.0,16.0,10.778977,0.0,0.0,38.0,10.778977,4.0
1.0,tianjin,3.0,35.0,0.0,0.0,0.0,1225.0,0.0,6.0,10.308986,1.0,0.0,38.0,,4.0
1.0,tianjin,4.0,67.0,0.0,0.0,1.0,4489.0,1.0,12.0,10.308986,0.0,0.0,38.0,11.289794,3.0
1.0,tianjin,5.0,85.0,0.0,0.0,0.0,7225.0,1.0,0.0,9.392745,0.0,0.0,38.0,9.392745,4.0
1.0,tianjin,4.0,39.0,0.0,0.0,1.0,1521.0,0.0,12.0,11.002116,1.0,0.0,38.0,11.512936,4.0
1.0,tianjin,4.0,63.0,0.0,0.0,1.0,3969.0,1.0,12.0,10.819798,0.0,0.0,38.0,11.695255,3.0
1.0,tianjin,5.0,34.0,0.0,0.0,1.0,1156.0,1.0,16.0,11.918397,0.0,1.0,38.0,12.611541,2.0
1.0,tianjin,4.0,60.0,0.0,0.0,1.0,3600.0,0.0,12.0,9.9035378,0.0,0.0,38.0,10.668979,2.0
1.0,tianjin,4.0,42.0,0.0,0.0,1.0,1764.0,0.0,15.0,11.512936,0.0,0.0,38.0,12.206078,4.0
1.0,tianjin,4.0,82.0,0.0,0.0,0.0,6724.0,1.0,0.0,9.392745,0.0,0.0,38.0,9.392745,3.0
1.0,tianjin,4.0,57.0,0.0,0.0,1.0,3249.0,0.0,9.0,10.308986,0.0,0.0,38.0,11.002116,3.0
1.0,tianjin,5.0,32.0,0.0,0.0,1.0,1024.0,1.0,15.0,11.289794,1.0,0.0,38.0,11.918397,3.0
1.0,tianjin,4.0,47.0,0.0,0.0,1.0,2209.0,1.0,12.0,10.819798,0.0,0.0,38.0,,4.0
1.0,tianjin,5.0,72.0,0.0,0.0,1.0,5184.0,0.0,6.0,10.59666,0.0,0.0,38.0,11.002116,5.0
1.0,tianjin,5.0,76.0,0.0,0.0,0.0,5776.0,0.0,9.0,10.491302,0.0,0.0,38.0,,3.0
1.0,tianjin,3.0,58.0,0.0,0.0,1.0,3364.0,0.0,9.0,10.71444,0.0,1.0,38.0,11.589896,4.0
1.0,tianjin,2.0,70.0,0.0,0.0,1.0,4900.0,0.0,16.0,11.002116,0.0,1.0,38.0,11.002116,2.0
1.0,tianjin,4.0,43.0,0.0,0.0,1.0,1849.0,0.0,15.0,11.512936,0.0,0.0,38.0,11.918397,4.0
1.0,tianjin,2.0,61.0,0.0,0.0,0.0,3721.0,1.0,12.0,10.085851,0.0,0.0,38.0,10.085851,1.0
1.0,tianjin,5.0,32.0,0.0,0.0,1.0,1024.0,1.0,16.0,11.849405,0.0,1.0,38.0,12.206078,4.0
1.0,tianjin,5.0,21.0,3.4339871,0.0,0.0,441.0,1.0,15.0,,0.0,0.0,38.0,11.002116,3.0
1.0,tianjin,5.0,58.0,0.0,0.0,1.0,3364.0,0.0,15.0,11.289794,0.0,1.0,38.0,11.918397,4.0
1.0,tianjin,4.0,52.0,0.0,0.0,1.0,2704.0,1.0,16.0,11.338584,0.0,0.0,38.0,12.031725,4.0
1.0,tianjin,4.0,59.0,1.6094379,0.0,1.0,3481.0,1.0,12.0,10.239996,0.0,0.0,38.0,10.239996,4.0
1.0,tianjin,5.0,61.0,0.0,0.0,1.0,3721.0,0.0,15.0,10.819798,0.0,1.0,38.0,11.512936,3.0
1.0,tianjin,5.0,34.0,0.0,1.0,1.0,1156.0,1.0,12.0,0.0,0.0,0.0,38.0,11.512936,3.0
1.0,tianjin,4.0,66.0,0.0,0.0,1.0,4356.0,0.0,12.0,11.184435,0.0,1.0,38.0,11.512936,4.0
1.0,tianjin,5.0,60.0,0.0,0.0,1.0,3600.0,0.0,9.0,10.491302,0.0,0.0,38.0,11.289794,2.0
1.0,tianjin,4.0,63.0,0.0,0.0,1.0,3969.0,1.0,15.0,10.268166,0.0,0.0,38.0,10.950824,4.0
1.0,tianjin,5.0,64.0,0.0,0.0,1.0,4096.0,0.0,9.0,10.778977,0.0,1.0,38.0,11.338584,3.0
1.0,tianjin,3.0,41.0,0.0,0.0,1.0,1681.0,1.0,12.0,9.9035378,0.0,0.0,38.0,11.002116,3.0
1.0,tianjin,4.0,21.0,0.0,0.0,0.0,441.0,1.0,15.0,8.5173931,0.0,0.0,38.0,,5.0
1.0,tianjin,4.0,55.0,0.0,0.0,1.0,3025.0,0.0,9.0,9.9035378,0.0,0.0,38.0,10.915107,3.0
1.0,tianjin,4.0,68.0,2.3978953,0.0,0.0,4624.0,1.0,9.0,9.2496576,0.0,0.0,38.0,9.159152,3.0
1.0,tianjin,4.0,66.0,0.0,0.0,1.0,4356.0,1.0,9.0,10.491302,0.0,0.0,38.0,11.289794,4.0
1.0,tianjin,4.0,68.0,0.0,0.0,0.0,4624.0,1.0,9.0,10.126671,0.0,0.0,38.0,12.254868,4.0
1.0,tianjin,5.0,66.0,0.0,0.0,0.0,4356.0,1.0,9.0,10.422311,0.0,0.0,38.0,10.422311,4.0
1.0,tianjin,4.0,74.0,0.0,0.0,1.0,5476.0,0.0,12.0,11.289794,0.0,1.0,38.0,11.775297,4.0
1.0,tianjin,2.0,56.0,0.0,0.0,1.0,3136.0,0.0,12.0,10.308986,0.0,0.0,38.0,10.915107,1.0
1.0,tianjin,4.0,69.0,0.0,1.0,1.0,4761.0,0.0,6.0,10.491302,0.0,1.0,38.0,11.150535,4.0
1.0,tianjin,4.0,77.0,0.0,1.0,1.0,5929.0,1.0,15.0,11.184435,0.0,1.0,38.0,11.695255,3.0
1.0,tianjin,5.0,46.0,3.0445225,0.0,1.0,2116.0,0.0,16.0,10.819798,0.0,1.0,38.0,11.156265,4.0
1.0,tianjin,5.0,66.0,0.0,0.0,1.0,4356.0,0.0,16.0,10.673619,0.0,0.0,38.0,11.695255,3.0
1.0,tianjin,4.0,67.0,0.0,0.0,1.0,4489.0,0.0,9.0,11.002116,0.0,1.0,38.0,11.512936,2.0
1.0,tianjin,1.0,57.0,0.0,0.0,0.0,3249.0,1.0,12.0,10.034559,0.0,0.0,38.0,10.664317,2.0
1.0,tianjin,4.0,49.0,0.0,0.0,1.0,2401.0,1.0,15.0,11.512936,0.0,1.0,38.0,12.206078,5.0
1.0,tianjin,5.0,40.0,0.0,0.0,1.0,1600.0,1.0,16.0,9.9035378,0.0,0.0,38.0,11.918397,3.0
1.0,tianjin,4.0,47.0,0.0,0.0,1.0,2209.0,0.0,16.0,11.512936,0.0,1.0,38.0,12.206078,3.0
1.0,tianjin,3.0,75.0,0.0,0.0,1.0,5625.0,0.0,12.0,10.308986,0.0,0.0,38.0,11.002116,2.0
1.0,tianjin,5.0,79.0,0.0,0.0,0.0,6241.0,0.0,6.0,10.75366,0.0,1.0,38.0,11.790565,4.0
1.0,tianjin,4.0,53.0,0.0,0.0,1.0,2809.0,1.0,12.0,10.819798,0.0,0.0,38.0,11.289794,3.0
1.0,tianjin,4.0,40.0,0.0,0.0,1.0,1600.0,0.0,9.0,11.512936,1.0,0.0,38.0,11.512936,4.0
1.0,tianjin,5.0,33.0,0.0,0.0,1.0,1089.0,1.0,16.0,11.002116,0.0,1.0,38.0,11.918397,4.0
1.0,tianjin,4.0,54.0,0.0,0.0,1.0,2916.0,1.0,12.0,9.9035378,0.0,0.0,38.0,9.9035378,3.0
1.0,tianjin,3.0,55.0,0.0,0.0,1.0,3025.0,1.0,16.0,11.184435,0.0,1.0,38.0,12.100718,2.0
1.0,tianjin,4.0,59.0,0.0,0.0,1.0,3481.0,0.0,12.0,10.491302,0.0,0.0,38.0,11.184435,4.0
1.0,tianjin,4.0,40.0,1.3862944,0.0,0.0,1600.0,0.0,16.0,0.0,0.0,0.0,38.0,10.491302,3.0
1.0,tianjin,2.0,70.0,0.0,0.0,1.0,4900.0,1.0,12.0,10.457401,0.0,0.0,38.0,11.002116,4.0
1.0,tianjin,4.0,63.0,0.0,0.0,1.0,3969.0,0.0,12.0,11.156265,0.0,0.0,38.0,11.512936,3.0
1.0,tianjin,1.0,64.0,2.7725887,1.0,0.0,4096.0,0.0,9.0,10.457401,0.0,0.0,38.0,10.457401,1.0
1.0,tianjin,4.0,72.0,0.0,0.0,0.0,5184.0,1.0,6.0,9.392745,0.0,0.0,38.0,9.392745,2.0
1.0,tianjin,4.0,56.0,0.0,0.0,0.0,3136.0,0.0,9.0,0.0,1.0,0.0,38.0,10.819798,3.0
1.0,tianjin,4.0,21.0,0.0,0.0,0.0,441.0,1.0,9.0,10.308986,1.0,0.0,38.0,9.9035378,4.0
1.0,tianjin,4.0,62.0,0.0,0.0,1.0,3844.0,0.0,12.0,10.75366,0.0,1.0,38.0,11.225257,4.0
1.0,tianjin,1.0,71.0,0.0,0.0,0.0,5041.0,0.0,15.0,10.308986,0.0,0.0,38.0,10.308986,2.0
1.0,tianjin,4.0,57.0,0.0,0.0,1.0,3249.0,1.0,12.0,10.385944,0.0,0.0,38.0,10.71444,2.0
1.0,tianjin,5.0,72.0,0.0,0.0,1.0,5184.0,0.0,15.0,10.819798,0.0,1.0,38.0,11.289794,3.0
1.0,tianjin,5.0,72.0,0.0,0.0,0.0,5184.0,1.0,12.0,10.385944,0.0,0.0,38.0,10.385944,3.0
1.0,tianjin,4.0,67.0,0.0,0.0,1.0,4489.0,1.0,12.0,10.778977,0.0,0.0,38.0,11.383284,3.0
1.0,tianjin,4.0,82.0,0.0,0.0,1.0,6724.0,0.0,15.0,11.338584,0.0,0.0,38.0,11.957618,3.0
1.0,tianjin,4.0,70.0,0.0,0.0,1.0,4900.0,0.0,12.0,11.695255,0.0,0.0,38.0,11.407576,4.0
1.0,tianjin,5.0,64.0,0.0,0.0,1.0,4096.0,0.0,6.0,10.308986,0.0,0.0,38.0,,1.0
1.0,tianjin,5.0,73.0,0.0,0.0,1.0,5329.0,0.0,15.0,10.491302,0.0,1.0,38.0,11.184435,2.0
1.0,tianjin,4.0,72.0,0.0,1.0,0.0,5184.0,1.0,6.0,10.524091,0.0,0.0,38.0,10.524091,3.0
1.0,tianjin,3.0,65.0,0.0,0.0,1.0,4225.0,0.0,9.0,10.59666,0.0,0.0,38.0,11.002116,3.0
1.0,tianjin,4.0,46.0,0.0,0.0,1.0,2116.0,0.0,12.0,10.308986,0.0,0.0,38.0,10.308986,4.0
1.0,tianjin,4.0,64.0,0.0,0.0,1.0,4096.0,1.0,9.0,10.308986,0.0,0.0,38.0,11.082158,3.0
1.0,tianjin,4.0,68.0,0.0,0.0,1.0,4624.0,0.0,15.0,,0.0,0.0,38.0,11.512936,5.0
1.0,tianjin,5.0,40.0,0.0,0.0,1.0,1600.0,1.0,19.0,12.611541,0.0,0.0,38.0,13.122365,5.0
1.0,tianjin,4.0,63.0,0.0,0.0,0.0,3969.0,1.0,6.0,10.268166,0.0,0.0,38.0,,2.0
1.0,tianjin,4.0,37.0,3.0445225,0.0,1.0,1369.0,1.0,12.0,11.002116,1.0,0.0,38.0,11.512936,4.0
1.0,tianjin,4.0,54.0,0.0,0.0,1.0,2916.0,0.0,19.0,12.644331,0.0,1.0,38.0,13.592368,3.0
1.0,tianjin,4.0,46.0,0.0,0.0,0.0,2116.0,1.0,12.0,9.510519,0.0,0.0,38.0,9.510519,2.0
1.0,tianjin,5.0,30.0,0.0,0.0,0.0,900.0,1.0,16.0,10.819798,0.0,0.0,38.0,10.819798,5.0
1.0,tianjin,5.0,60.0,0.0,0.0,1.0,3600.0,0.0,9.0,7.09091,1.0,0.0,38.0,8.0067005,2.0
1.0,tianjin,4.0,24.0,0.0,0.0,0.0,576.0,0.0,16.0,10.819798,1.0,0.0,38.0,10.819798,4.0
1.0,tianjin,4.0,42.0,0.0,0.0,1.0,1764.0,1.0,15.0,11.002116,1.0,0.0,38.0,11.289794,4.0
1.0,tianjin,3.0,58.0,0.0,0.0,1.0,3364.0,1.0,12.0,10.491302,0.0,0.0,38.0,11.512936,3.0
1.0,tianjin,4.0,69.0,4.6151204,0.0,1.0,4761.0,1.0,9.0,10.778977,0.0,0.0,38.0,11.338584,4.0
1.0,tianjin,4.0,62.0,0.0,0.0,1.0,3844.0,1.0,9.0,10.085851,0.0,0.0,38.0,10.819798,2.0
1.0,tianjin,4.0,36.0,0.0,0.0,1.0,1296.0,1.0,12.0,10.308986,0.0,0.0,38.0,11.512936,4.0
1.0,tianjin,5.0,61.0,0.0,0.0,1.0,3721.0,1.0,12.0,10.896758,0.0,1.0,38.0,11.567423,3.0
1.0,tianjin,4.0,65.0,0.0,0.0,0.0,4225.0,1.0,9.0,10.348206,0.0,0.0,38.0,11.156265,2.0
1.0,tianjin,5.0,38.0,0.0,0.0,1.0,1444.0,1.0,16.0,11.512936,0.0,0.0,38.0,12.206078,3.0
1.0,tianjin,5.0,84.0,0.0,0.0,1.0,7056.0,0.0,16.0,10.75366,0.0,1.0,38.0,11.348063,4.0
1.0,tianjin,4.0,38.0,3.4339871,0.0,1.0,1444.0,0.0,16.0,11.918397,0.0,1.0,38.0,12.42922,3.0
1.0,tianjin,4.0,55.0,0.0,0.0,1.0,3025.0,1.0,12.0,10.085851,0.0,0.0,38.0,10.126671,4.0
1.0,tianjin,4.0,71.0,0.0,0.0,1.0,5041.0,1.0,12.0,11.002116,0.0,0.0,38.0,11.918397,4.0
1.0,tianjin,4.0,64.0,0.0,0.0,1.0,4096.0,1.0,9.0,10.308986,0.0,0.0,38.0,11.002116,3.0
1.0,tianjin,3.0,70.0,0.0,0.0,1.0,4900.0,0.0,15.0,11.849405,0.0,1.0,38.0,12.206078,2.0
1.0,tianjin,2.0,55.0,2.3978953,0.0,1.0,3025.0,0.0,15.0,10.308986,0.0,1.0,38.0,,4.0
1.0,tianjin,4.0,69.0,0.0,1.0,0.0,4761.0,1.0,9.0,9.9035378,0.0,0.0,38.0,9.9988432,3.0
1.0,tianjin,2.0,67.0,0.0,0.0,0.0,4489.0,1.0,9.0,10.422311,0.0,0.0,38.0,,2.0
1.0,tianjin,4.0,68.0,0.095310181,0.0,0.0,4624.0,0.0,9.0,10.59666,0.0,0.0,38.0,10.59666,2.0
1.0,tianjin,4.0,70.0,0.0,0.0,1.0,4900.0,1.0,6.0,10.491302,0.0,0.0,38.0,11.184435,2.0
1.0,tianjin,3.0,67.0,0.0,0.0,1.0,4489.0,0.0,9.0,11.002116,0.0,0.0,38.0,11.407576,1.0
1.0,tianjin,4.0,34.0,0.0,0.0,1.0,1156.0,0.0,12.0,11.512936,1.0,0.0,38.0,12.206078,4.0
1.0,tianjin,3.0,42.0,0.0,0.0,1.0,1764.0,1.0,9.0,10.819798,0.0,0.0,38.0,11.289794,3.0
1.0,tianjin,5.0,35.0,0.0,0.0,1.0,1225.0,0.0,15.0,11.512936,0.0,0.0,38.0,12.206078,5.0
1.0,tianjin,4.0,60.0,0.0,0.0,1.0,3600.0,1.0,12.0,10.491302,0.0,0.0,38.0,11.002116,2.0
1.0,tianjin,4.0,80.0,0.0,0.0,0.0,6400.0,0.0,6.0,10.308986,0.0,0.0,38.0,10.308986,3.0
1.0,tianjin,5.0,66.0,0.0,0.0,1.0,4356.0,0.0,6.0,10.463132,0.0,0.0,38.0,11.407576,3.0
1.0,tianjin,4.0,58.0,0.0,0.0,1.0,3364.0,1.0,6.0,10.181157,0.0,0.0,38.0,11.264477,2.0
1.0,tianjin,4.0,64.0,0.0,0.0,0.0,4096.0,1.0,12.0,10.308986,0.0,0.0,38.0,10.308986,5.0
1.0,tianjin,3.0,47.0,1.9459101,0.0,0.0,2209.0,0.0,12.0,10.819798,0.0,0.0,38.0,10.59666,4.0
1.0,tianjin,4.0,63.0,0.0,0.0,1.0,3969.0,1.0,6.0,10.085851,0.0,0.0,38.0,11.184435,2.0
1.0,tianjin,4.0,55.0,0.0,0.0,1.0,3025.0,1.0,12.0,10.308986,0.0,0.0,38.0,11.407576,3.0
1.0,tianjin,3.0,43.0,0.0,0.0,1.0,1849.0,0.0,16.0,10.463132,0.0,0.0,38.0,11.082158,2.0
1.0,tianjin,4.0,64.0,0.0,0.0,0.0,4096.0,1.0,9.0,10.385944,0.0,0.0,38.0,10.385944,3.0
1.0,tianjin,4.0,65.0,0.0,1.0,1.0,4225.0,0.0,12.0,10.491302,0.0,1.0,38.0,11.198229,2.0
1.0,tianjin,5.0,63.0,0.0,0.0,1.0,3969.0,1.0,9.0,10.085851,0.0,0.0,38.0,11.002116,4.0
1.0,tianjin,4.0,22.0,3.4339871,0.0,0.0,484.0,1.0,16.0,0.0,0.0,0.0,38.0,12.42922,4.0
1.0,tianjin,4.0,40.0,0.0,0.0,1.0,1600.0,1.0,15.0,10.819798,0.0,0.0,38.0,11.512936,4.0
1.0,tianjin,5.0,68.0,0.0,0.0,1.0,4624.0,0.0,12.0,10.819798,0.0,1.0,38.0,11.289794,3.0
1.0,tianjin,5.0,61.0,0.0,0.0,1.0,3721.0,0.0,12.0,11.002116,0.0,1.0,38.0,11.407576,3.0
1.0,tianjin,3.0,60.0,0.0,0.0,1.0,3600.0,0.0,9.0,11.512936,0.0,1.0,38.0,11.512936,3.0
1.0,tianjin,4.0,61.0,0.0,0.0,1.0,3721.0,1.0,12.0,10.308986,0.0,0.0,38.0,11.002116,4.0
1.0,tianjin,4.0,54.0,0.0,0.0,1.0,2916.0,0.0,12.0,10.385944,0.0,0.0,38.0,11.338584,3.0
1.0,tianjin,5.0,56.0,0.0,0.0,1.0,3136.0,1.0,15.0,11.512936,0.0,0.0,38.0,12.206078,3.0
1.0,tianjin,4.0,33.0,0.0,0.0,1.0,1089.0,0.0,16.0,,0.0,0.0,38.0,,4.0
1.0,tianjin,4.0,30.0,0.0,0.0,1.0,900.0,0.0,19.0,11.289794,0.0,0.0,38.0,11.289794,5.0
1.0,tianjin,4.0,69.0,0.0,0.0,1.0,4761.0,0.0,12.0,8.2943001,0.0,0.0,38.0,12.206078,3.0
1.0,tianjin,5.0,60.0,0.0,0.0,1.0,3600.0,0.0,12.0,9.9035378,0.0,0.0,38.0,11.512936,3.0
1.0,tianjin,3.0,64.0,0.0,0.0,1.0,4096.0,1.0,15.0,10.59666,0.0,1.0,38.0,11.156265,2.0
1.0,tianjin,3.0,53.0,0.0,0.0,1.0,2809.0,1.0,9.0,9.6158724,0.0,0.0,38.0,11.225257,3.0
1.0,tianjin,3.0,85.0,0.0,0.0,0.0,7225.0,1.0,12.0,10.701017,0.0,0.0,38.0,12.010064,3.0
1.0,tianjin,4.0,37.0,0.0,0.0,1.0,1369.0,0.0,12.0,11.289794,1.0,0.0,38.0,11.918397,4.0
1.0,tianjin,4.0,77.0,0.0,0.0,0.0,5929.0,0.0,15.0,10.491302,0.0,1.0,38.0,10.491302,2.0
1.0,tianjin,3.0,47.0,0.0,0.0,1.0,2209.0,0.0,15.0,11.289794,0.0,0.0,38.0,11.695255,4.0
1.0,tianjin,5.0,60.0,3.4339871,0.0,1.0,3600.0,1.0,12.0,9.9035378,0.0,0.0,38.0,11.002116,3.0
1.0,tianjin,4.0,68.0,0.0,0.0,1.0,4624.0,1.0,9.0,10.819798,0.0,0.0,38.0,11.002116,3.0
1.0,tianjin,4.0,44.0,3.9318256,0.0,1.0,1936.0,1.0,9.0,0.0,1.0,0.0,38.0,11.002116,1.0
1.0,tianjin,4.0,21.0,0.0,0.0,0.0,441.0,0.0,16.0,0.0,0.0,0.0,38.0,12.765692,3.0
1.0,tianjin,4.0,67.0,0.0,0.0,1.0,4489.0,0.0,9.0,10.59666,0.0,0.0,38.0,11.289794,4.0
1.0,tianjin,4.0,50.0,0.0,0.0,1.0,2500.0,0.0,12.0,11.289794,0.0,1.0,38.0,11.918397,4.0
1.0,tianjin,5.0,53.0,0.0,0.0,1.0,2809.0,0.0,9.0,10.59666,0.0,0.0,38.0,11.156265,4.0
1.0,tianjin,4.0,26.0,0.0,0.0,1.0,676.0,1.0,12.0,,1.0,0.0,38.0,,3.0
1.0,tianjin,4.0,55.0,0.0,0.0,1.0,3025.0,0.0,16.0,11.407576,0.0,1.0,38.0,11.849405,3.0
1.0,tianjin,5.0,49.0,0.0,0.0,1.0,2401.0,0.0,9.0,9.9035378,0.0,1.0,38.0,10.819798,4.0
1.0,tianjin,4.0,37.0,0.0,0.0,1.0,1369.0,1.0,12.0,0.0,0.0,0.0,38.0,9.9035378,3.0
1.0,tianjin,4.0,41.0,0.0,0.0,1.0,1681.0,1.0,16.0,12.42922,0.0,0.0,38.0,13.017005,4.0
1.0,tianjin,4.0,77.0,0.0,0.0,1.0,5929.0,1.0,12.0,,0.0,0.0,38.0,,2.0
1.0,tianjin,5.0,67.0,0.0,0.0,1.0,4489.0,1.0,9.0,10.085851,0.0,0.0,38.0,11.407576,3.0
1.0,tianjin,5.0,68.0,3.4339871,0.0,1.0,4624.0,0.0,9.0,10.59666,0.0,0.0,38.0,11.238502,2.0
1.0,tianjin,4.0,50.0,0.0,0.0,1.0,2500.0,1.0,16.0,11.002116,0.0,1.0,38.0,13.458838,4.0
1.0,tianjin,4.0,56.0,4.6151204,0.0,1.0,3136.0,0.0,9.0,10.778977,0.0,0.0,38.0,10.778977,3.0
1.0,tianjin,2.0,71.0,0.0,0.0,1.0,5041.0,0.0,6.0,10.59666,0.0,0.0,38.0,11.512936,4.0
1.0,tianjin,4.0,68.0,0.0,0.0,1.0,4624.0,1.0,9.0,10.385944,0.0,0.0,38.0,11.079077,3.0
1.0,tianjin,4.0,38.0,0.0,0.0,1.0,1444.0,1.0,12.0,,0.0,0.0,38.0,,2.0
1.0,tianjin,4.0,21.0,0.0,1.0,1.0,441.0,0.0,15.0,11.512936,0.0,0.0,38.0,12.04356,5.0
1.0,tianjin,2.0,51.0,1.3862944,0.0,0.0,2601.0,1.0,9.0,10.085851,0.0,0.0,38.0,10.085851,4.0
1.0,tianjin,4.0,38.0,0.0,0.0,1.0,1444.0,0.0,12.0,10.59666,0.0,0.0,38.0,11.156265,3.0
1.0,tianjin,4.0,60.0,0.0,0.0,1.0,3600.0,0.0,12.0,10.308986,0.0,0.0,38.0,11.156265,4.0
1.0,tianjin,3.0,33.0,0.0,0.0,0.0,1089.0,0.0,12.0,9.9035378,0.0,0.0,38.0,,2.0
1.0,tianjin,4.0,43.0,0.0,0.0,1.0,1849.0,1.0,16.0,11.338584,0.0,0.0,38.0,0.0,4.0
1.0,tianjin,4.0,61.0,0.0,0.0,1.0,3721.0,0.0,12.0,9.9988432,0.0,0.0,38.0,10.71444,3.0
1.0,tianjin,4.0,48.0,0.0,0.0,1.0,2304.0,1.0,15.0,10.819798,0.0,0.0,38.0,10.819798,3.0
1.0,tianjin,5.0,76.0,0.0,0.0,0.0,5776.0,1.0,6.0,9.9035378,0.0,0.0,38.0,9.9035378,2.0
1.0,tianjin,5.0,18.0,0.0,0.0,0.0,324.0,1.0,12.0,0.0,0.0,0.0,38.0,11.156265,5.0
1.0,tianjin,4.0,28.0,0.0,0.0,0.0,784.0,1.0,16.0,9.9035378,0.0,0.0,38.0,12.388398,3.0
1.0,tianjin,4.0,24.0,2.3978953,0.0,0.0,576.0,0.0,16.0,11.156265,0.0,0.0,38.0,11.156265,3.0
1.0,tianjin,2.0,59.0,0.0,1.0,1.0,3481.0,0.0,9.0,9.9035378,0.0,1.0,38.0,10.71444,1.0
1.0,tianjin,5.0,62.0,0.0,0.0,0.0,3844.0,0.0,15.0,10.819798,0.0,1.0,38.0,11.695255,5.0
1.0,tianjin,5.0,37.0,4.6151204,0.0,1.0,1369.0,1.0,16.0,10.308986,0.0,0.0,38.0,11.289794,4.0
1.0,tianjin,4.0,52.0,0.0,1.0,1.0,2704.0,0.0,9.0,9.9035378,0.0,0.0,38.0,10.59666,2.0
1.0,tianjin,4.0,64.0,2.7725887,0.0,1.0,4096.0,1.0,9.0,9.9035378,0.0,0.0,38.0,10.59666,3.0
1.0,tianjin,4.0,37.0,0.0,0.0,1.0,1369.0,0.0,12.0,11.002116,0.0,1.0,38.0,11.512936,3.0
1.0,tianjin,4.0,35.0,0.0,0.0,1.0,1225.0,0.0,16.0,11.184435,0.0,1.0,38.0,11.918397,2.0
1.0,tianjin,3.0,71.0,0.0,0.0,1.0,5041.0,0.0,9.0,,0.0,0.0,38.0,,3.0
1.0,tianjin,4.0,57.0,0.0,0.0,1.0,3249.0,0.0,15.0,0.0,0.0,1.0,38.0,10.085851,3.0
1.0,tianjin,4.0,25.0,3.4339871,0.0,1.0,625.0,0.0,16.0,10.778977,0.0,0.0,38.0,10.778977,3.0
1.0,tianjin,4.0,38.0,0.0,0.0,1.0,1444.0,0.0,15.0,11.407576,0.0,0.0,38.0,11.407576,4.0
1.0,tianjin,4.0,60.0,0.0,0.0,0.0,3600.0,1.0,16.0,11.156265,0.0,0.0,38.0,11.849405,3.0
1.0,tianjin,4.0,66.0,0.0,0.0,1.0,4356.0,1.0,9.0,10.348206,0.0,0.0,38.0,11.002116,3.0
1.0,tianjin,4.0,54.0,0.0,0.0,1.0,2916.0,1.0,9.0,9.5060654,0.0,0.0,38.0,10.727685,2.0
1.0,tianjin,4.0,61.0,0.0,0.0,1.0,3721.0,1.0,6.0,9.392745,0.0,0.0,38.0,11.002116,3.0
1.0,tianjin,5.0,46.0,0.0,0.0,1.0,2116.0,1.0,12.0,10.308986,0.0,0.0,38.0,11.918397,5.0
1.0,tianjin,4.0,60.0,4.6151204,0.0,0.0,3600.0,1.0,9.0,10.308986,0.0,0.0,38.0,10.59666,3.0
1.0,tianjin,3.0,56.0,0.0,0.0,1.0,3136.0,1.0,9.0,10.491302,0.0,0.0,38.0,11.097425,3.0
1.0,tianjin,4.0,61.0,0.0,0.0,1.0,3721.0,0.0,9.0,10.859018,0.0,0.0,38.0,11.472114,3.0
1.0,tianjin,3.0,67.0,0.0,0.0,1.0,4489.0,1.0,9.0,10.491302,0.0,0.0,38.0,10.491302,4.0
1.0,tianjin,5.0,61.0,0.0,0.0,1.0,3721.0,1.0,16.0,10.59666,0.0,1.0,38.0,0.0,4.0
1.0,tianjin,2.0,67.0,0.0,0.0,1.0,4489.0,0.0,9.0,9.8627176,0.0,0.0,38.0,10.803669,1.0
1.0,tianjin,4.0,65.0,0.0,0.0,1.0,4225.0,0.0,12.0,10.778977,0.0,1.0,38.0,11.338584,3.0
1.0,tianjin,5.0,30.0,0.0,0.0,1.0,900.0,1.0,16.0,12.899222,0.0,1.0,38.0,12.611541,4.0
1.0,tianjin,4.0,62.0,3.0445225,1.0,0.0,3844.0,0.0,9.0,10.819798,0.0,0.0,38.0,11.695255,4.0
1.0,tianjin,4.0,55.0,0.0,0.0,1.0,3025.0,0.0,9.0,0.0,0.0,0.0,38.0,10.308986,3.0
1.0,tianjin,4.0,28.0,0.0,0.0,1.0,784.0,1.0,16.0,11.002116,1.0,0.0,38.0,11.608245,2.0
1.0,tianjin,1.0,66.0,0.0,0.0,0.0,4356.0,1.0,6.0,10.203629,0.0,0.0,38.0,10.203629,1.0
1.0,tianjin,4.0,83.0,1.3862944,0.0,0.0,6889.0,0.0,15.0,10.691968,0.0,1.0,38.0,10.691968,3.0
1.0,tianjin,5.0,35.0,0.0,0.0,1.0,1225.0,1.0,15.0,0.0,0.0,0.0,38.0,11.918397,5.0
1.0,tianjin,4.0,38.0,0.0,0.0,1.0,1444.0,0.0,16.0,12.206078,0.0,1.0,38.0,12.611541,3.0
1.0,tianjin,4.0,59.0,2.3978953,0.0,0.0,3481.0,0.0,12.0,,0.0,0.0,38.0,,3.0
1.0,tianjin,4.0,61.0,0.0,0.0,0.0,3721.0,1.0,12.0,0.0,0.0,0.0,38.0,11.184435,2.0
1.0,tianjin,5.0,40.0,0.0,0.0,1.0,1600.0,1.0,12.0,10.59666,0.0,0.0,38.0,11.512936,3.0
1.0,tianjin,4.0,52.0,0.0,0.0,0.0,2704.0,1.0,12.0,,0.0,0.0,38.0,,2.0
1.0,tianjin,3.0,62.0,0.0,0.0,1.0,3844.0,1.0,15.0,11.002116,0.0,1.0,38.0,11.608245,3.0
1.0,tianjin,4.0,60.0,3.0445225,0.0,1.0,3600.0,0.0,12.0,11.002116,0.0,0.0,38.0,12.206078,4.0
1.0,tianjin,4.0,62.0,0.0,0.0,1.0,3844.0,1.0,12.0,11.002116,0.0,0.0,38.0,11.446796,4.0
1.0,tianjin,4.0,61.0,0.0,0.0,1.0,3721.0,1.0,12.0,10.491302,0.0,0.0,38.0,11.338584,3.0
1.0,tianjin,4.0,40.0,0.0,0.0,1.0,1600.0,0.0,12.0,11.002116,1.0,0.0,38.0,11.338584,3.0
1.0,tianjin,5.0,68.0,1.3862944,0.0,1.0,4624.0,1.0,12.0,10.491302,0.0,0.0,38.0,11.184435,4.0
1.0,tianjin,5.0,62.0,1.0986123,0.0,1.0,3844.0,1.0,12.0,10.348206,0.0,1.0,38.0,11.002116,4.0
1.0,tianjin,4.0,51.0,0.0,0.0,1.0,2601.0,0.0,12.0,10.778977,0.0,0.0,38.0,11.472114,4.0
1.0,tianjin,5.0,85.0,0.0,0.0,1.0,7225.0,0.0,6.0,11.002116,0.0,0.0,38.0,11.002116,5.0
1.0,tianjin,5.0,63.0,0.0,0.0,1.0,3969.0,1.0,12.0,10.308986,0.0,1.0,38.0,11.407576,3.0
1.0,tianjin,3.0,69.0,0.0,0.0,1.0,4761.0,0.0,9.0,10.463132,0.0,0.0,38.0,11.184435,3.0
1.0,tianjin,4.0,31.0,0.0,0.0,1.0,961.0,0.0,15.0,11.289794,0.0,0.0,38.0,11.512936,5.0
1.0,tianjin,4.0,28.0,0.0,0.0,1.0,784.0,0.0,15.0,11.002116,0.0,0.0,38.0,11.608245,4.0
1.0,tianjin,4.0,33.0,2.3978953,0.0,1.0,1089.0,1.0,12.0,8.412055,0.0,0.0,38.0,10.59666,3.0
1.0,tianjin,4.0,30.0,1.6094379,0.0,1.0,900.0,0.0,16.0,11.918397,1.0,0.0,38.0,11.918397,3.0
1.0,tianjin,4.0,37.0,1.0986123,0.0,1.0,1369.0,0.0,16.0,12.206078,0.0,1.0,38.0,12.206078,3.0
1.0,tianjin,3.0,23.0,0.0,1.0,0.0,529.0,1.0,16.0,10.434145,1.0,0.0,38.0,10.434145,2.0
1.0,tianjin,5.0,73.0,0.0,0.0,1.0,5329.0,0.0,6.0,11.002116,0.0,0.0,38.0,11.420821,3.0
1.0,tianjin,4.0,67.0,0.0,0.0,1.0,4489.0,1.0,6.0,10.332702,0.0,0.0,38.0,11.427379,1.0
1.0,tianjin,4.0,20.0,0.0,0.0,1.0,400.0,1.0,12.0,9.2104406,1.0,0.0,38.0,9.2104406,3.0
1.0,tianjin,4.0,84.0,0.0,0.0,0.0,7056.0,1.0,6.0,10.673619,0.0,0.0,38.0,11.156265,2.0
1.0,tianjin,4.0,36.0,3.0445225,0.0,1.0,1296.0,1.0,12.0,10.491302,0.0,0.0,38.0,10.491302,5.0
1.0,tianjin,4.0,83.0,0.0,0.0,0.0,6889.0,1.0,0.0,7.6014023,0.0,0.0,38.0,10.673619,4.0
1.0,tianjin,4.0,64.0,0.0,0.0,1.0,4096.0,1.0,9.0,10.308986,0.0,0.0,38.0,11.082158,4.0
1.0,tianjin,4.0,61.0,0.0,0.0,1.0,3721.0,0.0,12.0,11.407576,0.0,0.0,38.0,11.512936,4.0
1.0,tianjin,3.0,56.0,0.0,0.0,1.0,3136.0,0.0,12.0,11.002116,0.0,0.0,38.0,11.289794,3.0
1.0,tianjin,2.0,67.0,0.0,0.0,1.0,4489.0,1.0,9.0,10.085851,0.0,0.0,38.0,11.002116,2.0
1.0,tianjin,4.0,66.0,0.0,0.0,1.0,4356.0,0.0,9.0,10.59666,0.0,1.0,38.0,10.819798,2.0
1.0,tianjin,4.0,35.0,2.3978953,0.0,1.0,1225.0,0.0,16.0,10.819798,0.0,0.0,38.0,11.512936,4.0
1.0,tianjin,4.0,65.0,3.0445225,0.0,1.0,4225.0,0.0,9.0,11.002116,0.0,1.0,38.0,11.695255,2.0
1.0,tianjin,5.0,27.0,0.0,0.0,0.0,729.0,0.0,19.0,12.100718,0.0,1.0,38.0,,3.0
1.0,tianjin,4.0,62.0,0.0,0.0,1.0,3844.0,0.0,16.0,11.289794,0.0,1.0,38.0,11.512936,3.0
1.0,tianjin,4.0,92.0,0.0,0.0,0.0,8464.0,0.0,6.0,10.59666,0.0,1.0,38.0,10.819798,3.0
1.0,tianjin,4.0,72.0,0.0,0.0,1.0,5184.0,1.0,12.0,10.085851,0.0,1.0,38.0,11.002116,4.0
1.0,tianjin,4.0,58.0,0.0,0.0,1.0,3364.0,1.0,9.0,0.0,0.0,0.0,38.0,10.819798,3.0
1.0,tianjin,1.0,69.0,0.0,0.0,1.0,4761.0,0.0,9.0,10.308986,0.0,0.0,38.0,10.915107,3.0
1.0,tianjin,4.0,62.0,3.9318256,0.0,1.0,3844.0,0.0,9.0,10.308986,0.0,0.0,38.0,10.819798,3.0
1.0,tianjin,4.0,57.0,0.0,0.0,0.0,3249.0,1.0,12.0,10.239996,0.0,0.0,38.0,,3.0
1.0,tianjin,4.0,45.0,0.0,1.0,1.0,2025.0,1.0,9.0,9.2104406,1.0,0.0,38.0,9.9035378,5.0
1.0,tianjin,4.0,58.0,0.0,0.0,1.0,3364.0,1.0,12.0,10.085851,0.0,0.0,38.0,11.289794,4.0
1.0,tianjin,5.0,76.0,0.0,0.0,0.0,5776.0,1.0,6.0,10.491302,0.0,0.0,38.0,10.491302,2.0
1.0,tianjin,4.0,35.0,0.0,0.0,0.0,1225.0,1.0,15.0,11.608245,0.0,1.0,38.0,11.849405,4.0
1.0,tianjin,3.0,64.0,0.0,0.0,1.0,4096.0,0.0,12.0,10.491302,0.0,1.0,38.0,10.59666,2.0
1.0,tianjin,5.0,61.0,0.0,0.0,1.0,3721.0,1.0,9.0,10.268166,0.0,0.0,38.0,11.079077,2.0
1.0,tianjin,4.0,70.0,0.0,0.0,1.0,4900.0,0.0,9.0,10.268166,0.0,0.0,38.0,11.002116,3.0
1.0,tianjin,4.0,39.0,2.3978953,0.0,1.0,1521.0,0.0,16.0,12.206078,0.0,1.0,38.0,12.506181,4.0
1.0,tianjin,4.0,29.0,4.6151204,0.0,1.0,841.0,1.0,12.0,10.085851,1.0,0.0,38.0,11.472114,5.0
1.0,tianjin,2.0,59.0,0.0,0.0,1.0,3481.0,1.0,12.0,10.385944,0.0,0.0,38.0,11.002116,3.0
1.0,tianjin,5.0,39.0,0.0,0.0,1.0,1521.0,1.0,19.0,11.289794,0.0,0.0,38.0,12.206078,3.0
1.0,tianjin,2.0,27.0,0.0,0.0,0.0,729.0,1.0,16.0,10.308986,0.0,0.0,38.0,11.289794,3.0
1.0,tianjin,4.0,54.0,0.0,0.0,1.0,2916.0,1.0,9.0,9.7410278,0.0,0.0,38.0,10.491302,3.0
1.0,tianjin,4.0,76.0,0.0,0.0,0.0,5776.0,1.0,9.0,10.545368,0.0,0.0,38.0,11.695255,3.0
1.0,tianjin,4.0,51.0,0.0,0.0,1.0,2601.0,0.0,16.0,11.512936,0.0,0.0,38.0,12.206078,4.0
1.0,tianjin,4.0,57.0,4.6151204,0.0,1.0,3249.0,1.0,12.0,10.308986,0.0,0.0,38.0,11.002116,3.0
1.0,tianjin,5.0,25.0,5.3033047,0.0,0.0,625.0,1.0,15.0,10.59666,1.0,0.0,38.0,10.59666,5.0
1.0,tianjin,4.0,48.0,0.0,1.0,1.0,2304.0,0.0,16.0,11.184435,0.0,1.0,38.0,11.849405,4.0
1.0,tianjin,4.0,43.0,0.0,0.0,1.0,1849.0,1.0,16.0,12.611541,0.0,1.0,38.0,13.122365,3.0
1.0,tianjin,4.0,81.0,3.9318256,0.0,0.0,6561.0,0.0,6.0,10.308986,0.0,0.0,38.0,12.206078,4.0
1.0,tianjin,5.0,29.0,0.0,0.0,0.0,841.0,0.0,16.0,13.017005,0.0,1.0,38.0,13.017005,5.0
1.0,tianjin,4.0,36.0,4.6151204,0.0,1.0,1296.0,1.0,16.0,12.100718,0.0,0.0,38.0,12.899222,4.0
1.0,tianjin,4.0,71.0,0.0,0.0,1.0,5041.0,1.0,9.0,10.308986,0.0,0.0,38.0,10.308986,3.0
1.0,tianjin,4.0,31.0,3.4339871,0.0,0.0,961.0,1.0,16.0,,0.0,1.0,38.0,,4.0
1.0,tianjin,4.0,50.0,0.0,0.0,0.0,2500.0,1.0,9.0,9.9035378,0.0,0.0,38.0,10.819798,4.0
1.0,tianjin,5.0,62.0,0.0,0.0,1.0,3844.0,1.0,0.0,0.0,1.0,0.0,38.0,11.918397,3.0
1.0,tianjin,4.0,30.0,0.0,0.0,0.0,900.0,1.0,12.0,11.002116,1.0,0.0,38.0,12.100718,3.0
1.0,tianjin,5.0,55.0,0.0,0.0,1.0,3025.0,0.0,12.0,11.156265,0.0,0.0,38.0,11.918397,2.0
1.0,tianjin,3.0,67.0,0.0,0.0,1.0,4489.0,1.0,9.0,10.308986,0.0,0.0,38.0,11.407576,3.0
1.0,tianjin,4.0,46.0,0.0,0.0,1.0,2116.0,1.0,9.0,10.085851,0.0,0.0,38.0,10.126671,3.0
1.0,tianjin,4.0,65.0,0.0,0.0,1.0,4225.0,0.0,12.0,11.002116,0.0,0.0,38.0,11.407576,3.0
1.0,tianjin,4.0,36.0,0.0,0.0,1.0,1296.0,1.0,16.0,11.002116,0.0,0.0,38.0,12.206078,4.0
1.0,tianjin,1.0,58.0,0.0,0.0,1.0,3364.0,1.0,6.0,0.0,0.0,0.0,38.0,0.0,3.0
1.0,tianjin,4.0,69.0,0.0,0.0,0.0,4761.0,1.0,15.0,10.348206,0.0,0.0,38.0,10.348206,1.0
1.0,tianjin,4.0,53.0,0.0,0.0,1.0,2809.0,0.0,16.0,12.706851,0.0,1.0,38.0,12.899222,4.0
1.0,tianjin,5.0,64.0,0.0,0.0,1.0,4096.0,0.0,15.0,11.289794,0.0,1.0,38.0,11.512936,3.0
1.0,tianjin,4.0,41.0,0.0,0.0,1.0,1681.0,1.0,16.0,11.695255,0.0,0.0,38.0,12.206078,5.0
1.0,tianjin,5.0,84.0,0.0,0.0,1.0,7056.0,0.0,6.0,10.59666,0.0,0.0,38.0,11.512936,5.0
1.0,tianjin,4.0,63.0,0.0,0.0,1.0,3969.0,1.0,9.0,10.491302,0.0,0.0,38.0,11.338584,4.0
1.0,tianjin,4.0,46.0,0.0,0.0,1.0,2116.0,1.0,16.0,11.512936,0.0,0.0,38.0,11.512936,4.0
1.0,tianjin,4.0,36.0,0.91629076,0.0,1.0,1296.0,1.0,9.0,11.289794,1.0,0.0,38.0,11.918397,4.0
1.0,tianjin,3.0,65.0,0.0,0.0,1.0,4225.0,0.0,12.0,10.308986,0.0,0.0,38.0,11.002116,2.0
1.0,tianjin,3.0,81.0,0.0,0.0,0.0,6561.0,1.0,0.0,10.491302,0.0,0.0,38.0,10.491302,3.0
1.0,tianjin,5.0,78.0,0.0,0.0,1.0,6084.0,0.0,9.0,10.673619,0.0,0.0,38.0,11.366755,2.0
1.0,tianjin,5.0,82.0,3.9318256,0.0,0.0,6724.0,1.0,16.0,11.002116,0.0,1.0,38.0,,5.0
1.0,tianjin,4.0,37.0,0.0,0.0,1.0,1369.0,0.0,19.0,10.819798,0.0,0.0,38.0,11.775297,4.0
1.0,tianjin,4.0,57.0,0.0,0.0,1.0,3249.0,1.0,9.0,10.422311,0.0,0.0,38.0,11.150535,3.0
1.0,tianjin,4.0,25.0,0.0,0.0,0.0,625.0,1.0,16.0,10.308986,0.0,0.0,38.0,11.156265,4.0
1.0,tianjin,4.0,70.0,0.0,0.0,1.0,4900.0,0.0,9.0,10.491302,0.0,1.0,38.0,11.184435,3.0
1.0,tianjin,5.0,78.0,0.0,0.0,0.0,6084.0,1.0,12.0,10.819798,0.0,1.0,38.0,10.819798,4.0
1.0,tianjin,3.0,55.0,2.1972246,1.0,1.0,3025.0,1.0,12.0,9.9988432,0.0,0.0,38.0,10.819798,3.0
1.0,tianjin,4.0,62.0,0.0,0.0,0.0,3844.0,1.0,12.0,10.126671,0.0,0.0,38.0,10.126671,4.0
1.0,tianjin,5.0,71.0,0.0,0.0,1.0,5041.0,1.0,6.0,10.308986,0.0,0.0,38.0,11.156265,5.0
1.0,tianjin,5.0,23.0,3.4339871,0.0,1.0,529.0,0.0,12.0,11.156265,0.0,0.0,38.0,11.472114,4.0
1.0,tianjin,5.0,64.0,0.0,0.0,1.0,4096.0,0.0,9.0,9.9035378,0.0,0.0,38.0,10.71444,3.0
1.0,tianjin,4.0,66.0,1.3862944,0.0,1.0,4356.0,1.0,9.0,0.0,0.0,0.0,38.0,10.491302,2.0
1.0,tianjin,5.0,49.0,0.0,0.0,1.0,2401.0,1.0,9.0,10.308986,0.0,0.0,38.0,11.156265,5.0
1.0,tianjin,4.0,56.0,0.0,0.0,1.0,3136.0,0.0,9.0,11.002116,0.0,0.0,38.0,11.512936,5.0
1.0,tianjin,2.0,76.0,0.0,0.0,1.0,5776.0,0.0,12.0,10.59666,0.0,0.0,38.0,10.59666,3.0
1.0,tianjin,5.0,36.0,0.0,0.0,1.0,1296.0,1.0,12.0,10.308986,0.0,0.0,38.0,11.695255,4.0
1.0,tianjin,4.0,48.0,0.0,0.0,1.0,2304.0,0.0,16.0,10.778977,0.0,1.0,38.0,11.184435,4.0
1.0,tianjin,4.0,40.0,0.0,0.0,1.0,1600.0,1.0,15.0,11.775297,0.0,0.0,38.0,12.206078,5.0
1.0,tianjin,5.0,68.0,0.0,0.0,1.0,4624.0,1.0,9.0,10.308986,0.0,0.0,38.0,11.097425,3.0
1.0,tianjin,5.0,65.0,1.3862944,0.0,1.0,4225.0,1.0,12.0,10.915107,0.0,0.0,38.0,11.608245,3.0
1.0,tianjin,4.0,38.0,0.0,0.0,1.0,1444.0,0.0,16.0,12.206078,0.0,0.0,38.0,11.918397,3.0
1.0,tianjin,4.0,24.0,0.0,0.0,0.0,576.0,0.0,15.0,,1.0,0.0,38.0,,3.0
1.0,tianjin,4.0,63.0,0.0,0.0,1.0,3969.0,0.0,12.0,10.491302,1.0,0.0,38.0,11.082158,4.0
1.0,tianjin,3.0,69.0,0.0,0.0,1.0,4761.0,0.0,9.0,10.463132,0.0,0.0,38.0,11.289794,3.0
1.0,tianjin,4.0,57.0,0.0,0.0,1.0,3249.0,0.0,12.0,10.778977,0.0,0.0,38.0,11.002116,4.0
1.0,tianjin,5.0,48.0,0.0,0.0,1.0,2304.0,1.0,19.0,11.918397,0.0,1.0,38.0,12.611541,4.0
1.0,tianjin,4.0,64.0,0.0,0.0,1.0,4096.0,1.0,9.0,9.9035378,0.0,0.0,38.0,11.002116,2.0
1.0,tianjin,4.0,59.0,0.0,0.0,1.0,3481.0,1.0,12.0,10.457401,0.0,0.0,38.0,11.849405,3.0
1.0,tianjin,4.0,54.0,0.0,0.0,0.0,2916.0,0.0,9.0,11.002116,0.0,0.0,38.0,11.002116,4.0
1.0,tianjin,4.0,50.0,0.0,0.0,1.0,2500.0,1.0,6.0,10.819798,1.0,0.0,38.0,11.512936,4.0
1.0,tianjin,4.0,40.0,0.0,0.0,1.0,1600.0,0.0,12.0,0.0,0.0,0.0,38.0,11.289794,3.0
1.0,tianjin,5.0,60.0,0.0,0.0,1.0,3600.0,0.0,9.0,10.085851,0.0,0.0,38.0,,5.0
1.0,tianjin,4.0,72.0,0.0,0.0,1.0,5184.0,1.0,12.0,11.472114,0.0,1.0,38.0,11.472114,2.0
1.0,tianjin,4.0,40.0,0.0,0.0,0.0,1600.0,1.0,12.0,10.085851,1.0,0.0,38.0,10.085851,4.0
1.0,tianjin,5.0,63.0,0.0,0.0,1.0,3969.0,0.0,15.0,11.156265,0.0,1.0,38.0,11.472114,4.0
1.0,tianjin,4.0,60.0,0.0,0.0,1.0,3600.0,0.0,16.0,11.338584,0.0,1.0,38.0,11.512936,5.0
1.0,tianjin,4.0,73.0,0.0,0.0,0.0,5329.0,1.0,12.0,10.778977,0.0,0.0,38.0,10.778977,3.0
1.0,tianjin,4.0,60.0,0.0,0.0,1.0,3600.0,0.0,9.0,10.819798,0.0,0.0,38.0,10.819798,3.0
1.0,tianjin,5.0,49.0,0.0,0.0,1.0,2401.0,1.0,16.0,11.512936,0.0,1.0,38.0,12.206078,4.0
1.0,tianjin,4.0,74.0,0.0,0.0,1.0,5476.0,0.0,12.0,10.463132,0.0,0.0,38.0,11.156265,2.0
1.0,tianjin,5.0,73.0,2.3978953,0.0,1.0,5329.0,1.0,9.0,10.457401,0.0,0.0,38.0,11.184435,4.0
1.0,tianjin,4.0,60.0,0.0,0.0,1.0,3600.0,1.0,15.0,10.308986,0.0,0.0,38.0,11.338584,4.0
1.0,tianjin,3.0,32.0,0.0,0.0,1.0,1024.0,1.0,12.0,,0.0,0.0,38.0,,4.0
1.0,tianjin,4.0,68.0,0.0,0.0,0.0,4624.0,1.0,9.0,10.25418,0.0,0.0,38.0,10.308986,3.0
1.0,tianjin,4.0,56.0,0.0,0.0,1.0,3136.0,0.0,16.0,10.308986,0.0,0.0,38.0,11.512936,2.0
1.0,tianjin,5.0,53.0,0.0,0.0,1.0,2809.0,1.0,12.0,10.308986,0.0,0.0,38.0,11.002116,3.0
1.0,tianjin,4.0,76.0,0.0,0.0,1.0,5776.0,1.0,16.0,10.59666,0.0,1.0,38.0,11.695255,3.0
1.0,tianjin,2.0,64.0,0.0,0.0,0.0,4096.0,1.0,6.0,10.085851,0.0,0.0,38.0,,5.0
1.0,tianjin,5.0,68.0,0.0,0.0,1.0,4624.0,0.0,16.0,10.491302,0.0,1.0,38.0,11.002116,4.0
1.0,tianjin,4.0,52.0,0.0,0.0,1.0,2704.0,1.0,12.0,9.9035378,0.0,0.0,38.0,11.002116,4.0
1.0,tianjin,5.0,67.0,0.0,0.0,1.0,4489.0,0.0,9.0,10.385944,0.0,1.0,38.0,13.381647,4.0
1.0,tianjin,4.0,61.0,0.0,0.0,1.0,3721.0,0.0,12.0,0.0,0.0,0.0,38.0,10.085851,3.0
1.0,tianjin,5.0,72.0,0.0,0.0,0.0,5184.0,1.0,9.0,10.819798,0.0,0.0,38.0,10.819798,4.0
1.0,tianjin,5.0,62.0,0.0,0.0,1.0,3844.0,0.0,9.0,10.341775,0.0,0.0,38.0,10.915107,2.0
1.0,tianjin,5.0,71.0,0.0,0.0,0.0,5041.0,1.0,12.0,11.512936,0.0,0.0,38.0,11.184435,4.0
1.0,tianjin,4.0,45.0,0.0,0.0,1.0,2025.0,1.0,16.0,11.512936,0.0,1.0,38.0,11.695255,2.0
1.0,tianjin,5.0,83.0,0.0,0.0,1.0,6889.0,1.0,6.0,0.0,0.0,0.0,38.0,9.9035378,4.0
1.0,tianjin,5.0,35.0,3.9318256,0.0,1.0,1225.0,1.0,16.0,10.491302,0.0,1.0,38.0,,3.0
1.0,tianjin,4.0,67.0,0.0,0.0,1.0,4489.0,1.0,9.0,10.085851,0.0,0.0,38.0,11.184435,2.0
1.0,tianjin,4.0,81.0,0.0,0.0,0.0,6561.0,1.0,0.0,9.4727812,0.0,0.0,38.0,9.4727812,1.0
1.0,tianjin,5.0,71.0,0.0,0.0,0.0,5041.0,1.0,6.0,8.5173931,0.0,0.0,38.0,8.5173931,4.0
1.0,tianjin,4.0,41.0,0.0,0.0,1.0,1681.0,1.0,16.0,0.0,0.0,0.0,38.0,10.819798,2.0
1.0,hebei,4.0,53.0,0.0,0.0,1.0,2809.0,0.0,9.0,9.9035378,0.0,0.0,100.0,11.512936,3.0
1.0,hebei,5.0,32.0,0.0,0.0,1.0,1024.0,1.0,12.0,10.491302,1.0,0.0,100.0,11.512936,4.0
1.0,hebei,4.0,52.0,0.0,0.0,1.0,2704.0,0.0,6.0,10.308986,0.0,0.0,100.0,11.289794,3.0
1.0,hebei,5.0,49.0,0.0,0.0,0.0,2401.0,1.0,15.0,10.308986,0.0,0.0,100.0,11.918397,3.0
1.0,hebei,4.0,32.0,2.3978953,0.0,1.0,1024.0,1.0,12.0,9.9035378,1.0,0.0,100.0,10.819798,4.0
1.0,hebei,4.0,57.0,0.0,0.0,1.0,3249.0,1.0,9.0,0.0,1.0,0.0,100.0,9.9035378,4.0
0.0,hebei,5.0,49.0,0.0,0.0,1.0,2401.0,1.0,9.0,7.6014023,1.0,0.0,100.0,9.9988432,2.0
0.0,hebei,4.0,37.0,1.9459101,0.0,1.0,1369.0,0.0,9.0,10.59666,1.0,0.0,100.0,11.156265,4.0
1.0,hebei,4.0,37.0,0.0,0.0,1.0,1369.0,0.0,9.0,11.002116,1.0,0.0,100.0,11.289794,4.0
0.0,hebei,4.0,75.0,0.0,0.0,1.0,5625.0,0.0,9.0,10.181157,0.0,0.0,100.0,10.491302,2.0
0.0,hebei,4.0,61.0,0.0,0.0,1.0,3721.0,0.0,9.0,7.6014023,1.0,0.0,100.0,8.0067005,2.0
1.0,hebei,1.0,45.0,5.3033047,0.0,1.0,2025.0,1.0,6.0,0.0,1.0,0.0,100.0,0.0,3.0
1.0,hebei,4.0,54.0,0.0,0.0,1.0,2916.0,1.0,9.0,10.126671,0.0,1.0,100.0,11.512936,3.0
0.0,hebei,4.0,51.0,2.3978953,0.0,1.0,2601.0,0.0,6.0,0.0,1.0,0.0,100.0,0.0,2.0
1.0,hebei,4.0,63.0,0.0,0.0,1.0,3969.0,0.0,15.0,10.59666,0.0,1.0,100.0,13.592368,4.0
1.0,hebei,5.0,59.0,0.0,0.0,1.0,3481.0,0.0,12.0,9.9035378,0.0,1.0,100.0,9.9035378,4.0
1.0,hebei,5.0,69.0,0.0,0.0,0.0,4761.0,1.0,6.0,0.0,0.0,0.0,100.0,10.819798,2.0
1.0,hebei,4.0,73.0,0.0,0.0,0.0,5329.0,0.0,9.0,9.9035378,0.0,0.0,100.0,11.775297,1.0
1.0,hebei,5.0,50.0,0.0,0.0,1.0,2500.0,1.0,9.0,9.9035378,1.0,0.0,100.0,10.59666,4.0
1.0,hebei,4.0,31.0,2.3978953,0.0,1.0,961.0,1.0,6.0,0.0,1.0,0.0,100.0,11.002116,4.0
0.0,hebei,3.0,64.0,0.0,0.0,1.0,4096.0,1.0,6.0,7.09091,1.0,0.0,100.0,7.09091,2.0
1.0,hebei,5.0,67.0,0.0,0.0,1.0,4489.0,0.0,6.0,10.385944,0.0,0.0,100.0,11.512936,3.0
0.0,hebei,4.0,40.0,0.0,0.0,1.0,1600.0,0.0,12.0,10.645449,1.0,1.0,100.0,11.407576,4.0
1.0,hebei,4.0,35.0,4.1108737,0.0,1.0,1225.0,0.0,16.0,11.225257,0.0,1.0,100.0,11.695255,5.0
1.0,hebei,5.0,72.0,0.0,0.0,1.0,5184.0,1.0,9.0,10.225607,0.0,0.0,100.0,10.827766,3.0
1.0,hebei,4.0,38.0,0.0,0.0,1.0,1444.0,1.0,16.0,11.918397,0.0,0.0,100.0,12.611541,5.0
0.0,hebei,4.0,64.0,1.3862944,0.0,1.0,4096.0,1.0,0.0,7.6014023,1.0,0.0,100.0,8.2943001,2.0
1.0,hebei,5.0,53.0,0.0,0.0,1.0,2809.0,0.0,19.0,12.765692,0.0,1.0,100.0,12.847929,3.0
0.0,hebei,4.0,59.0,2.3978953,0.0,1.0,3481.0,1.0,12.0,8.8538084,1.0,0.0,100.0,9.9035378,4.0
1.0,hebei,3.0,63.0,0.0,0.0,1.0,3969.0,1.0,0.0,0.0,1.0,0.0,100.0,9.392745,3.0
1.0,hebei,3.0,37.0,0.0,0.0,1.0,1369.0,1.0,16.0,9.392745,0.0,0.0,100.0,10.181157,4.0
0.0,hebei,4.0,78.0,0.0,0.0,0.0,6084.0,1.0,6.0,7.6966672,1.0,0.0,100.0,7.6966672,2.0
1.0,hebei,4.0,44.0,0.0,0.0,0.0,1936.0,1.0,15.0,9.9035378,1.0,0.0,100.0,9.9035378,2.0
1.0,hebei,2.0,61.0,0.0,0.0,0.0,3721.0,1.0,6.0,10.085851,0.0,0.0,100.0,10.085851,2.0
0.0,hebei,4.0,66.0,0.0,0.0,1.0,4356.0,0.0,6.0,7.3138866,1.0,0.0,100.0,7.3138866,2.0
1.0,hebei,4.0,33.0,3.4339871,0.0,1.0,1089.0,0.0,16.0,11.002116,0.0,0.0,100.0,11.289794,4.0
0.0,hebei,5.0,52.0,0.0,0.0,1.0,2704.0,1.0,12.0,6.9087548,1.0,1.0,100.0,8.5173931,5.0
1.0,hebei,4.0,24.0,0.0,0.0,1.0,576.0,1.0,9.0,9.2104406,1.0,0.0,100.0,10.308986,4.0
1.0,hebei,4.0,51.0,2.3978953,0.0,1.0,2601.0,1.0,15.0,9.8627176,0.0,0.0,100.0,9.8627176,2.0
0.0,hebei,5.0,58.0,0.0,0.0,1.0,3364.0,0.0,9.0,9.6804066,1.0,0.0,100.0,9.6804066,4.0
1.0,hebei,4.0,37.0,3.4339871,0.0,1.0,1369.0,0.0,9.0,10.819798,0.0,0.0,100.0,10.819798,4.0
0.0,hebei,3.0,61.0,0.0,0.0,0.0,3721.0,1.0,9.0,7.6014023,1.0,0.0,100.0,9.9035378,3.0
1.0,hebei,5.0,30.0,0.0,0.0,1.0,900.0,0.0,12.0,10.308986,1.0,0.0,100.0,10.308986,4.0
1.0,hebei,4.0,29.0,0.0,0.0,1.0,841.0,0.0,15.0,9.2104406,1.0,0.0,100.0,9.2104406,5.0
1.0,hebei,5.0,39.0,0.0,0.0,1.0,1521.0,1.0,9.0,8.9873219,1.0,0.0,100.0,9.6804066,4.0
0.0,hebei,4.0,52.0,0.0,0.0,1.0,2704.0,0.0,9.0,9.3057413,1.0,0.0,100.0,9.6804066,3.0
0.0,hebei,3.0,47.0,2.3978953,0.0,1.0,2209.0,0.0,9.0,10.491302,0.0,0.0,100.0,10.491302,4.0
0.0,hebei,5.0,47.0,0.0,0.0,0.0,2209.0,0.0,6.0,9.9035378,1.0,0.0,100.0,11.002116,4.0
1.0,hebei,4.0,42.0,3.4339871,0.0,1.0,1764.0,0.0,9.0,10.491302,0.0,0.0,100.0,11.184435,4.0
0.0,hebei,3.0,74.0,1.3862944,0.0,0.0,5476.0,0.0,6.0,0.0,1.0,0.0,100.0,0.0,3.0
1.0,hebei,4.0,49.0,0.0,0.0,1.0,2401.0,0.0,15.0,11.156265,0.0,1.0,100.0,11.695255,5.0
1.0,hebei,4.0,31.0,0.0,0.0,1.0,961.0,0.0,9.0,0.0,1.0,0.0,100.0,9.9035378,3.0
0.0,hebei,4.0,60.0,3.0445225,0.0,1.0,3600.0,0.0,9.0,7.8244457,1.0,0.0,100.0,8.5173931,2.0
0.0,hebei,4.0,77.0,1.3862944,0.0,0.0,5929.0,0.0,0.0,0.0,1.0,0.0,100.0,0.0,4.0
0.0,hebei,4.0,31.0,0.0,0.0,1.0,961.0,0.0,9.0,10.71444,1.0,0.0,100.0,11.082158,5.0
1.0,hebei,5.0,62.0,0.0,0.0,1.0,3844.0,0.0,12.0,11.211834,0.0,1.0,100.0,11.681832,4.0
1.0,hebei,4.0,52.0,0.0,0.0,1.0,2704.0,0.0,6.0,9.9035378,1.0,0.0,100.0,10.819798,4.0
1.0,hebei,4.0,48.0,0.0,0.0,1.0,2304.0,0.0,12.0,10.308986,0.0,0.0,100.0,10.819798,4.0
1.0,hebei,2.0,41.0,0.0,0.0,1.0,1681.0,1.0,9.0,4.6151204,1.0,0.0,100.0,10.308986,2.0
1.0,hebei,4.0,59.0,0.0,0.0,1.0,3481.0,1.0,12.0,9.6550903,0.0,0.0,100.0,11.225257,4.0
0.0,hebei,4.0,49.0,0.0,0.0,1.0,2401.0,1.0,9.0,7.6014023,1.0,0.0,100.0,10.165891,4.0
1.0,hebei,4.0,46.0,0.0,0.0,1.0,2116.0,0.0,9.0,9.6158724,1.0,0.0,100.0,10.308986,4.0
1.0,hebei,4.0,36.0,0.0,0.0,1.0,1296.0,1.0,12.0,10.491302,0.0,0.0,100.0,11.512936,3.0
0.0,hebei,4.0,61.0,0.0,0.0,1.0,3721.0,1.0,6.0,6.7345915,1.0,0.0,100.0,7.6014023,2.0
0.0,hebei,4.0,51.0,0.0,0.0,1.0,2601.0,1.0,9.0,0.0,1.0,0.0,100.0,9.9035378,4.0
0.0,hebei,2.0,64.0,0.0,0.0,1.0,4096.0,1.0,6.0,6.985642,1.0,0.0,100.0,10.085851,2.0
0.0,hebei,4.0,75.0,0.0,0.0,0.0,5625.0,1.0,9.0,8.0067005,1.0,0.0,100.0,7.6014023,2.0
1.0,hebei,4.0,21.0,0.0,0.0,1.0,441.0,1.0,12.0,10.308986,1.0,0.0,100.0,11.289794,3.0
1.0,hebei,4.0,49.0,0.0,0.0,1.0,2401.0,0.0,12.0,9.7410278,0.0,0.0,100.0,9.7410278,2.0
1.0,hebei,3.0,37.0,0.0,0.0,1.0,1369.0,1.0,6.0,9.2104406,1.0,0.0,100.0,11.45106,4.0
0.0,hebei,4.0,68.0,0.0,0.0,0.0,4624.0,1.0,6.0,0.0,1.0,0.0,100.0,9.9035378,5.0
1.0,hebei,5.0,25.0,0.0,0.0,1.0,625.0,1.0,12.0,10.126671,1.0,0.0,100.0,11.289794,5.0
1.0,hebei,5.0,63.0,0.0,0.0,1.0,3969.0,0.0,9.0,10.348206,0.0,0.0,100.0,11.294782,4.0
0.0,hebei,4.0,62.0,0.0,0.0,1.0,3844.0,0.0,12.0,8.2943001,1.0,0.0,100.0,9.1050911,2.0
0.0,hebei,3.0,73.0,0.0,0.0,1.0,5329.0,1.0,9.0,8.1435175,1.0,0.0,100.0,8.8365192,3.0
1.0,hebei,4.0,48.0,0.0,1.0,1.0,2304.0,1.0,9.0,10.308986,0.0,0.0,100.0,11.002116,4.0
0.0,hebei,4.0,52.0,0.0,0.0,1.0,2704.0,1.0,6.0,10.422311,1.0,0.0,100.0,10.422311,4.0
0.0,hebei,4.0,63.0,0.0,0.0,1.0,3969.0,1.0,9.0,6.985642,1.0,0.0,100.0,10.129866,2.0
1.0,hebei,1.0,35.0,0.0,0.0,1.0,1225.0,0.0,12.0,10.71444,1.0,0.0,100.0,11.082158,3.0
1.0,hebei,4.0,73.0,0.0,0.0,0.0,5329.0,0.0,9.0,6.985642,1.0,1.0,100.0,11.512936,4.0
0.0,hebei,4.0,37.0,0.0,0.0,1.0,1369.0,1.0,9.0,8.0067005,1.0,0.0,100.0,10.308986,4.0
1.0,hebei,5.0,41.0,0.0,0.0,1.0,1681.0,0.0,15.0,10.819798,0.0,1.0,100.0,11.407576,4.0
0.0,hebei,4.0,31.0,0.0,0.0,1.0,961.0,1.0,9.0,0.0,1.0,0.0,100.0,10.518701,4.0
0.0,hebei,4.0,67.0,0.0,0.0,1.0,4489.0,1.0,6.0,7.09091,1.0,0.0,100.0,10.491302,4.0
1.0,hebei,5.0,27.0,0.0,0.0,1.0,729.0,0.0,9.0,10.308986,1.0,0.0,100.0,10.308986,5.0
1.0,hebei,3.0,31.0,0.0,0.0,1.0,961.0,0.0,9.0,9.9035378,1.0,0.0,100.0,9.9035378,3.0
1.0,hebei,3.0,67.0,0.0,0.0,1.0,4489.0,1.0,6.0,0.0,0.0,0.0,100.0,9.4727812,2.0
0.0,hebei,4.0,44.0,0.0,0.0,1.0,1936.0,1.0,0.0,0.0,1.0,0.0,100.0,9.9035378,3.0
1.0,hebei,5.0,33.0,4.6151204,0.0,1.0,1089.0,0.0,12.0,9.9035378,0.0,0.0,100.0,10.819798,4.0
1.0,hebei,2.0,40.0,0.0,0.0,1.0,1600.0,1.0,9.0,9.9035378,1.0,0.0,100.0,10.085851,5.0
0.0,hebei,4.0,66.0,0.0,0.0,1.0,4356.0,1.0,6.0,7.6014023,1.0,0.0,100.0,10.308986,3.0
1.0,hebei,3.0,25.0,0.0,0.0,1.0,625.0,1.0,9.0,9.9035378,1.0,0.0,100.0,10.59666,4.0
1.0,hebei,4.0,29.0,2.7725887,0.0,1.0,841.0,1.0,16.0,11.289794,0.0,0.0,100.0,12.468441,3.0
0.0,hebei,4.0,80.0,1.0986123,0.0,1.0,6400.0,0.0,16.0,8.6996813,1.0,0.0,100.0,8.6996813,4.0
1.0,hebei,4.0,30.0,0.0,0.0,1.0,900.0,1.0,15.0,11.002116,1.0,0.0,100.0,11.695255,4.0
1.0,hebei,5.0,41.0,0.0,0.0,0.0,1681.0,1.0,15.0,10.59666,0.0,1.0,100.0,11.002116,4.0
1.0,hebei,4.0,40.0,0.0,0.0,1.0,1600.0,0.0,9.0,10.778977,0.0,1.0,100.0,10.778977,5.0
1.0,hebei,3.0,73.0,0.0,0.0,1.0,5329.0,1.0,0.0,0.0,1.0,0.0,100.0,0.0,3.0
0.0,hebei,4.0,65.0,0.0,0.0,0.0,4225.0,1.0,0.0,6.9087548,1.0,0.0,100.0,6.9087548,4.0
1.0,hebei,5.0,79.0,0.0,0.0,1.0,6241.0,1.0,6.0,0.0,1.0,0.0,100.0,0.0,2.0
1.0,hebei,5.0,52.0,0.0,0.0,0.0,2704.0,0.0,6.0,0.0,1.0,0.0,100.0,10.077483,2.0
1.0,hebei,5.0,26.0,0.0,0.0,1.0,676.0,1.0,9.0,10.308986,1.0,0.0,100.0,11.002116,4.0
0.0,hebei,4.0,81.0,0.0,0.0,0.0,6561.0,0.0,0.0,0.0,1.0,0.0,100.0,0.0,4.0
1.0,hebei,3.0,47.0,0.0,0.0,1.0,2209.0,1.0,12.0,9.9035378,0.0,0.0,100.0,10.59666,4.0
1.0,hebei,4.0,39.0,0.0,0.0,1.0,1521.0,1.0,9.0,0.0,0.0,0.0,100.0,10.59666,4.0
0.0,hebei,4.0,58.0,0.0,0.0,1.0,3364.0,0.0,9.0,8.0067005,1.0,0.0,100.0,8.0067005,4.0
0.0,hebei,5.0,66.0,0.0,0.0,1.0,4356.0,1.0,6.0,8.0067005,1.0,0.0,100.0,8.9873219,2.0
1.0,hebei,4.0,38.0,3.4339871,0.0,1.0,1444.0,0.0,12.0,10.819798,1.0,0.0,100.0,10.819798,3.0
1.0,hebei,3.0,29.0,0.0,0.0,1.0,841.0,1.0,6.0,9.1050911,1.0,0.0,100.0,10.59666,5.0
0.0,hebei,4.0,66.0,0.0,0.0,1.0,4356.0,0.0,9.0,7.6966672,1.0,0.0,100.0,7.6966672,2.0
1.0,hebei,4.0,65.0,1.6094379,0.0,1.0,4225.0,1.0,6.0,9.9035378,0.0,0.0,100.0,10.59666,3.0
1.0,hebei,4.0,62.0,0.0,0.0,1.0,3844.0,0.0,6.0,8.0067005,0.0,0.0,100.0,9.9035378,4.0
0.0,hebei,4.0,72.0,0.0,0.0,0.0,5184.0,1.0,0.0,0.0,1.0,0.0,100.0,10.896758,2.0
0.0,hebei,3.0,43.0,0.0,0.0,1.0,1849.0,1.0,9.0,11.002116,1.0,0.0,100.0,11.002116,4.0
0.0,hebei,5.0,49.0,5.7071104,0.0,1.0,2401.0,1.0,0.0,7.6014023,1.0,0.0,100.0,11.918397,4.0
1.0,hebei,4.0,24.0,0.0,0.0,0.0,576.0,0.0,19.0,0.0,1.0,0.0,100.0,11.289794,5.0
1.0,hebei,5.0,37.0,0.0,0.0,1.0,1369.0,0.0,12.0,10.59666,0.0,0.0,100.0,10.819798,5.0
1.0,hebei,4.0,50.0,0.0,0.0,1.0,2500.0,0.0,12.0,11.512936,1.0,0.0,100.0,12.206078,4.0
0.0,hebei,4.0,75.0,0.0,0.0,0.0,5625.0,0.0,9.0,0.0,1.0,0.0,100.0,7.09091,4.0
1.0,hebei,4.0,30.0,0.0,0.0,1.0,900.0,1.0,12.0,10.308986,0.0,0.0,100.0,12.899222,5.0
0.0,hebei,3.0,67.0,0.0,0.0,1.0,4489.0,0.0,6.0,7.6014023,1.0,1.0,100.0,8.0067005,2.0
0.0,hebei,4.0,30.0,0.0,0.0,1.0,900.0,1.0,9.0,0.0,1.0,0.0,100.0,10.308986,3.0
0.0,hebei,4.0,44.0,0.0,0.0,1.0,1936.0,1.0,9.0,9.392745,1.0,0.0,100.0,9.9035378,3.0
0.0,hebei,4.0,35.0,0.0,0.0,1.0,1225.0,1.0,6.0,0.0,0.0,0.0,100.0,10.59666,4.0
0.0,hebei,4.0,64.0,2.3978953,0.0,1.0,4096.0,0.0,6.0,10.59666,1.0,0.0,100.0,11.156265,5.0
0.0,hebei,5.0,50.0,1.7917595,0.0,1.0,2500.0,1.0,6.0,8.9873219,1.0,0.0,100.0,10.545368,2.0
1.0,hebei,2.0,54.0,0.0,0.0,1.0,2916.0,0.0,12.0,9.9035378,0.0,0.0,100.0,9.9035378,2.0
0.0,hebei,4.0,42.0,0.0,0.0,1.0,1764.0,1.0,6.0,0.0,1.0,0.0,100.0,10.491302,3.0
0.0,hebei,4.0,50.0,0.0,0.0,1.0,2500.0,0.0,9.0,9.9035378,1.0,0.0,100.0,9.9035378,3.0
0.0,hebei,5.0,69.0,0.0,0.0,1.0,4761.0,0.0,9.0,7.3138866,1.0,0.0,100.0,7.7836404,2.0
0.0,hebei,5.0,67.0,0.0,0.0,1.0,4489.0,1.0,6.0,7.7836404,1.0,0.0,100.0,8.4765797,3.0
1.0,hebei,4.0,61.0,0.0,0.0,0.0,3721.0,1.0,6.0,7.09091,1.0,0.0,100.0,7.09091,4.0
0.0,hebei,4.0,37.0,0.0,0.0,1.0,1369.0,0.0,6.0,10.491302,1.0,0.0,100.0,10.645449,4.0
0.0,hebei,4.0,52.0,0.0,0.0,1.0,2704.0,0.0,6.0,10.126671,1.0,0.0,100.0,10.126671,4.0
1.0,hebei,4.0,61.0,2.3978953,0.0,0.0,3721.0,1.0,0.0,0.0,0.0,0.0,100.0,0.0,2.0
1.0,hebei,5.0,37.0,0.0,0.0,1.0,1369.0,1.0,12.0,11.512936,0.0,0.0,100.0,11.512936,5.0
1.0,hebei,4.0,48.0,0.0,0.0,1.0,2304.0,0.0,12.0,10.308986,0.0,1.0,100.0,10.819798,5.0
1.0,hebei,5.0,25.0,4.6151204,0.0,1.0,625.0,0.0,9.0,10.59666,1.0,0.0,100.0,10.819798,5.0
1.0,hebei,4.0,46.0,3.0445225,0.0,1.0,2116.0,1.0,16.0,10.085851,0.0,0.0,100.0,10.819798,4.0
0.0,hebei,5.0,40.0,0.0,0.0,1.0,1600.0,0.0,9.0,10.819798,1.0,0.0,100.0,11.002116,4.0
1.0,hebei,5.0,38.0,0.0,0.0,1.0,1444.0,0.0,16.0,11.512936,0.0,0.0,100.0,11.918397,4.0
0.0,hebei,4.0,33.0,0.0,0.0,1.0,1089.0,0.0,12.0,7.6014023,1.0,0.0,100.0,10.480129,2.0
0.0,hebei,4.0,65.0,0.0,0.0,1.0,4225.0,0.0,6.0,9.9035378,1.0,0.0,100.0,9.2104406,5.0
1.0,hebei,4.0,30.0,4.1108737,0.0,1.0,900.0,1.0,16.0,10.59666,0.0,1.0,100.0,11.082158,4.0
0.0,hebei,4.0,50.0,0.0,0.0,1.0,2500.0,1.0,6.0,9.2104406,1.0,0.0,100.0,9.9035378,4.0
0.0,hebei,4.0,59.0,0.0,0.0,1.0,3481.0,0.0,12.0,8.2943001,1.0,0.0,100.0,8.2943001,3.0
1.0,hebei,2.0,48.0,0.0,0.0,1.0,2304.0,0.0,9.0,11.512936,1.0,0.0,100.0,11.512936,4.0
1.0,hebei,4.0,63.0,0.0,0.0,1.0,3969.0,1.0,15.0,10.59666,0.0,0.0,100.0,11.695255,4.0
0.0,hebei,4.0,60.0,0.0,0.0,1.0,3600.0,1.0,12.0,8.1608038,1.0,0.0,100.0,9.7111759,2.0
0.0,hebei,4.0,25.0,0.0,0.0,0.0,625.0,0.0,12.0,11.289794,1.0,1.0,100.0,12.206078,5.0
1.0,hebei,4.0,60.0,3.0445225,0.0,1.0,3600.0,1.0,12.0,10.59666,1.0,0.0,100.0,11.512936,3.0
0.0,hebei,4.0,69.0,0.0,0.0,1.0,4761.0,1.0,6.0,7.6014023,1.0,0.0,100.0,10.71177,2.0
0.0,hebei,4.0,66.0,0.0,0.0,1.0,4356.0,0.0,6.0,0.0,1.0,0.0,100.0,8.6996813,2.0
0.0,hebei,4.0,61.0,0.0,0.0,1.0,3721.0,0.0,6.0,8.0067005,1.0,0.0,100.0,8.0067005,4.0
1.0,hebei,3.0,35.0,2.3978953,0.0,1.0,1225.0,0.0,15.0,10.308986,1.0,0.0,100.0,11.156265,4.0
0.0,hebei,4.0,25.0,4.6151204,0.0,0.0,625.0,1.0,16.0,9.392745,0.0,0.0,100.0,11.289794,4.0
1.0,hebei,5.0,28.0,0.0,1.0,1.0,784.0,0.0,9.0,10.59666,1.0,0.0,100.0,10.59666,4.0
0.0,hebei,4.0,63.0,0.0,0.0,1.0,3969.0,1.0,0.0,6.9087548,1.0,0.0,100.0,8.8538084,4.0
1.0,hebei,3.0,45.0,0.0,0.0,1.0,2025.0,0.0,9.0,10.463132,1.0,0.0,100.0,11.156265,3.0
1.0,hebei,5.0,69.0,0.0,0.0,1.0,4761.0,0.0,9.0,10.385944,0.0,0.0,100.0,12.899222,5.0
0.0,hebei,2.0,60.0,0.0,0.0,1.0,3600.0,1.0,12.0,8.0067005,1.0,0.0,100.0,8.2943001,2.0
1.0,hebei,4.0,33.0,0.0,0.0,1.0,1089.0,1.0,15.0,11.156265,1.0,0.0,100.0,11.849405,5.0
1.0,hebei,4.0,31.0,4.3944492,0.0,1.0,961.0,1.0,12.0,0.0,1.0,0.0,100.0,10.819798,2.0
0.0,hebei,4.0,56.0,0.0,0.0,1.0,3136.0,1.0,6.0,0.0,1.0,0.0,100.0,9.9035378,2.0
1.0,hebei,4.0,65.0,0.0,0.0,1.0,4225.0,1.0,9.0,7.6966672,1.0,0.0,100.0,8.1318245,4.0
1.0,hebei,4.0,37.0,0.0,0.0,1.0,1369.0,0.0,9.0,10.308986,1.0,0.0,100.0,10.819798,3.0
1.0,hebei,4.0,29.0,0.0,0.0,1.0,841.0,0.0,15.0,10.819798,1.0,0.0,100.0,11.156265,4.0
0.0,hebei,4.0,50.0,0.0,0.0,1.0,2500.0,0.0,6.0,9.9035378,1.0,0.0,100.0,9.9035378,5.0
0.0,hebei,5.0,28.0,0.0,0.0,1.0,784.0,1.0,9.0,0.0,1.0,0.0,100.0,10.59666,5.0
1.0,hebei,3.0,38.0,0.0,0.0,1.0,1444.0,1.0,9.0,0.0,1.0,0.0,100.0,9.9035378,3.0
0.0,hebei,4.0,51.0,0.0,0.0,1.0,2601.0,0.0,9.0,11.002116,1.0,0.0,100.0,11.002116,4.0
0.0,hebei,3.0,63.0,0.0,0.0,1.0,3969.0,1.0,6.0,7.0396605,1.0,0.0,100.0,7.7323694,4.0
1.0,hebei,5.0,35.0,1.9459101,0.0,1.0,1225.0,1.0,16.0,10.778977,0.0,0.0,100.0,12.100718,5.0
0.0,hebei,2.0,31.0,2.3978953,0.0,1.0,961.0,0.0,9.0,10.778977,1.0,0.0,100.0,10.778977,4.0
1.0,hebei,1.0,25.0,0.0,0.0,1.0,625.0,1.0,12.0,0.0,1.0,0.0,100.0,0.0,3.0
1.0,hebei,4.0,36.0,0.0,0.0,1.0,1296.0,0.0,16.0,11.512936,0.0,0.0,100.0,11.512936,2.0
1.0,hebei,4.0,78.0,0.0,0.0,1.0,6084.0,0.0,12.0,10.778977,0.0,1.0,100.0,10.778977,2.0
0.0,hebei,4.0,65.0,0.0,0.0,1.0,4225.0,1.0,6.0,8.5173931,1.0,0.0,100.0,9.2104406,3.0
1.0,hebei,5.0,77.0,0.0,0.0,0.0,5929.0,1.0,0.0,8.2943001,1.0,0.0,100.0,11.156265,2.0
0.0,hebei,4.0,60.0,0.0,0.0,1.0,3600.0,1.0,6.0,7.3138866,1.0,0.0,100.0,10.126671,2.0
1.0,hebei,5.0,44.0,0.0,0.0,1.0,1936.0,1.0,12.0,0.0,1.0,0.0,100.0,10.819798,3.0
0.0,hebei,4.0,49.0,0.0,0.0,1.0,2401.0,0.0,9.0,11.002116,1.0,0.0,100.0,11.002116,5.0
1.0,hebei,4.0,55.0,0.0,0.0,1.0,3025.0,1.0,9.0,10.085851,0.0,0.0,100.0,10.819798,5.0
0.0,hebei,4.0,80.0,0.0,0.0,0.0,6400.0,1.0,12.0,7.2730927,1.0,0.0,100.0,7.2730927,3.0
1.0,hebei,4.0,74.0,0.0,0.0,1.0,5476.0,0.0,9.0,0.0,1.0,0.0,100.0,0.0,2.0
1.0,hebei,4.0,66.0,0.0,0.0,1.0,4356.0,0.0,6.0,8.9873219,1.0,0.0,100.0,9.1050911,2.0
1.0,hebei,5.0,35.0,0.0,0.0,1.0,1225.0,0.0,9.0,9.392745,0.0,0.0,100.0,11.289794,3.0
0.0,hebei,4.0,77.0,0.0,0.0,1.0,5929.0,1.0,0.0,6.985642,1.0,0.0,100.0,7.6783261,2.0
1.0,hebei,4.0,58.0,0.0,0.0,1.0,3364.0,1.0,12.0,9.9035378,0.0,0.0,100.0,10.59666,3.0
0.0,hebei,4.0,31.0,0.0,0.0,1.0,961.0,0.0,9.0,0.0,1.0,0.0,100.0,9.2104406,4.0
1.0,hebei,3.0,65.0,0.0,0.0,1.0,4225.0,1.0,2.0,7.640604,1.0,0.0,100.0,8.5488853,2.0
1.0,hebei,5.0,43.0,0.0,0.0,1.0,1849.0,0.0,12.0,11.002116,0.0,1.0,100.0,11.775297,3.0
0.0,hebei,4.0,70.0,0.0,0.0,0.0,4900.0,0.0,6.0,8.0067005,1.0,1.0,100.0,8.0067005,3.0
1.0,hebei,4.0,67.0,0.0,0.0,1.0,4489.0,0.0,9.0,9.9035378,1.0,0.0,100.0,10.59666,4.0
0.0,hebei,4.0,42.0,0.0,0.0,1.0,1764.0,1.0,9.0,7.6014023,1.0,0.0,100.0,10.59666,2.0
0.0,hebei,4.0,38.0,0.0,0.0,1.0,1444.0,1.0,9.0,10.915107,1.0,0.0,100.0,11.082158,4.0
1.0,hebei,5.0,18.0,1.9459101,0.0,0.0,324.0,0.0,12.0,0.0,0.0,0.0,100.0,,5.0
0.0,hebei,2.0,57.0,1.6094379,0.0,0.0,3249.0,0.0,6.0,0.0,1.0,0.0,100.0,9.9035378,4.0
0.0,hebei,4.0,67.0,0.0,0.0,0.0,4489.0,0.0,6.0,6.9087548,1.0,0.0,100.0,6.9087548,2.0
0.0,hebei,5.0,85.0,2.3978953,0.0,0.0,7225.0,1.0,0.0,8.0067005,1.0,0.0,100.0,9.2104406,3.0
1.0,hebei,4.0,26.0,0.0,0.0,1.0,676.0,1.0,9.0,0.0,1.0,0.0,100.0,10.126671,5.0
0.0,hebei,4.0,62.0,0.0,0.0,1.0,3844.0,0.0,0.0,0.0,1.0,0.0,100.0,11.289794,4.0
0.0,hebei,5.0,38.0,5.0172796,0.0,1.0,1444.0,1.0,9.0,10.126671,1.0,0.0,100.0,11.407576,2.0
1.0,hebei,4.0,52.0,0.0,0.0,1.0,2704.0,0.0,9.0,9.2104406,1.0,0.0,100.0,10.308986,4.0
0.0,hebei,4.0,59.0,0.0,0.0,0.0,3481.0,0.0,0.0,8.0067005,1.0,0.0,100.0,8.0067005,3.0
0.0,hebei,3.0,68.0,0.0,0.0,0.0,4624.0,1.0,9.0,0.0,0.0,0.0,100.0,0.0,2.0
1.0,hebei,4.0,42.0,0.0,0.0,1.0,1764.0,1.0,12.0,9.2104406,1.0,0.0,100.0,10.308986,3.0
1.0,hebei,5.0,40.0,0.0,0.0,1.0,1600.0,0.0,15.0,10.491302,1.0,1.0,100.0,11.184435,5.0
0.0,hebei,4.0,68.0,0.0,0.0,0.0,4624.0,0.0,6.0,0.0,0.0,0.0,100.0,0.0,3.0
0.0,hebei,4.0,82.0,0.0,0.0,0.0,6724.0,0.0,0.0,9.9035378,1.0,0.0,100.0,9.9035378,4.0
1.0,hebei,4.0,46.0,0.0,0.0,1.0,2116.0,1.0,9.0,0.0,1.0,0.0,100.0,9.9035378,2.0
0.0,hebei,4.0,70.0,0.0,0.0,1.0,4900.0,1.0,9.0,7.6014023,1.0,0.0,100.0,10.555839,3.0
0.0,hebei,4.0,72.0,0.0,0.0,1.0,5184.0,1.0,6.0,5.3033047,1.0,0.0,100.0,5.3033047,2.0
0.0,hebei,4.0,40.0,0.0,0.0,1.0,1600.0,1.0,9.0,0.0,1.0,0.0,100.0,10.819798,3.0
1.0,hebei,5.0,42.0,0.0,0.0,1.0,1764.0,1.0,9.0,0.0,0.0,0.0,100.0,10.463132,4.0
1.0,hebei,4.0,40.0,0.0,0.0,1.0,1600.0,0.0,9.0,10.308986,1.0,0.0,100.0,11.002116,3.0
1.0,hebei,5.0,37.0,3.9318256,0.0,1.0,1369.0,1.0,15.0,0.0,0.0,0.0,100.0,11.512936,4.0
1.0,hebei,4.0,30.0,0.0,0.0,1.0,900.0,0.0,16.0,11.002116,1.0,0.0,100.0,11.002116,4.0
0.0,hebei,4.0,76.0,0.0,0.0,1.0,5776.0,0.0,6.0,9.2873936,1.0,1.0,100.0,11.233225,1.0
1.0,hebei,4.0,46.0,0.0,0.0,1.0,2116.0,0.0,9.0,8.5173931,1.0,0.0,100.0,8.9227915,4.0
0.0,hebei,5.0,63.0,0.0,0.0,1.0,3969.0,1.0,6.0,0.0,1.0,0.0,100.0,9.9035378,4.0
0.0,hebei,5.0,70.0,0.0,0.0,0.0,4900.0,0.0,6.0,9.8564482,1.0,1.0,100.0,11.156265,5.0
1.0,hebei,4.0,28.0,2.7725887,0.0,1.0,784.0,1.0,6.0,0.0,1.0,0.0,100.0,11.002116,2.0
0.0,hebei,4.0,56.0,1.6094379,0.0,1.0,3136.0,0.0,9.0,8.0067005,1.0,0.0,100.0,8.0067005,4.0
1.0,hebei,5.0,38.0,0.0,0.0,1.0,1444.0,1.0,12.0,10.819798,1.0,0.0,100.0,10.819798,2.0
0.0,hebei,3.0,48.0,0.0,0.0,1.0,2304.0,1.0,9.0,6.9087548,1.0,0.0,100.0,10.819798,2.0
0.0,hebei,2.0,62.0,0.0,0.0,1.0,3844.0,0.0,12.0,6.8679743,0.0,1.0,100.0,10.491302,3.0
0.0,hebei,5.0,67.0,0.0,0.0,1.0,4489.0,0.0,6.0,9.2104406,0.0,0.0,100.0,9.2104406,5.0
1.0,hebei,4.0,42.0,0.0,0.0,1.0,1764.0,0.0,15.0,10.645449,0.0,1.0,100.0,11.338584,4.0
1.0,hebei,4.0,40.0,0.0,0.0,1.0,1600.0,0.0,15.0,11.002116,0.0,0.0,100.0,11.695255,5.0
0.0,hebei,5.0,69.0,0.0,0.0,1.0,4761.0,0.0,6.0,10.165891,0.0,1.0,100.0,10.165891,5.0
1.0,hebei,4.0,29.0,0.0,0.0,1.0,841.0,0.0,12.0,10.491302,1.0,0.0,100.0,10.778977,3.0
0.0,hebei,4.0,52.0,0.0,0.0,1.0,2704.0,1.0,9.0,0.0,1.0,0.0,100.0,9.2104406,4.0
1.0,hebei,5.0,66.0,0.0,0.0,1.0,4356.0,0.0,12.0,9.9035378,1.0,1.0,100.0,10.59666,4.0
1.0,hebei,5.0,73.0,0.0,0.0,0.0,5329.0,1.0,0.0,0.0,1.0,1.0,100.0,10.308986,3.0
0.0,hebei,3.0,51.0,0.0,0.0,1.0,2601.0,1.0,9.0,7.6014023,1.0,0.0,100.0,10.308986,3.0
0.0,hebei,5.0,42.0,0.0,0.0,1.0,1764.0,0.0,9.0,11.002116,1.0,0.0,100.0,11.002116,4.0
0.0,hebei,3.0,50.0,1.6094379,0.0,1.0,2500.0,1.0,9.0,9.9035378,1.0,0.0,100.0,11.002116,3.0
0.0,hebei,4.0,60.0,0.0,0.0,1.0,3600.0,1.0,6.0,8.0067005,1.0,0.0,100.0,10.308986,4.0
0.0,hebei,4.0,59.0,1.3862944,0.0,1.0,3481.0,1.0,9.0,8.0067005,1.0,0.0,100.0,9.9035378,1.0
0.0,hebei,5.0,73.0,3.4339871,0.0,1.0,5329.0,0.0,6.0,9.5540009,1.0,0.0,100.0,9.5540009,4.0
0.0,hebei,4.0,45.0,2.3978953,0.0,1.0,2025.0,1.0,6.0,0.0,0.0,0.0,100.0,10.308986,4.0
0.0,hebei,4.0,48.0,0.0,0.0,1.0,2304.0,1.0,9.0,8.9873219,1.0,0.0,100.0,10.545368,3.0
0.0,hebei,3.0,44.0,0.0,0.0,1.0,1936.0,0.0,9.0,10.308986,1.0,0.0,100.0,10.308986,4.0
0.0,hebei,4.0,34.0,6.2166061,0.0,1.0,1156.0,1.0,9.0,0.0,1.0,0.0,100.0,10.819798,4.0
0.0,hebei,5.0,52.0,3.0445225,0.0,1.0,2704.0,1.0,9.0,0.0,1.0,0.0,100.0,9.9035378,4.0
0.0,hebei,3.0,52.0,1.0986123,0.0,1.0,2704.0,0.0,6.0,10.085851,1.0,0.0,100.0,10.275085,4.0
0.0,hebei,4.0,51.0,0.0,0.0,1.0,2601.0,0.0,12.0,7.6014023,1.0,0.0,100.0,6.9087548,4.0
1.0,hebei,5.0,56.0,0.0,0.0,1.0,3136.0,1.0,6.0,0.0,1.0,0.0,100.0,9.2104406,5.0
1.0,hebei,4.0,37.0,0.0,0.0,1.0,1369.0,0.0,9.0,,1.0,0.0,100.0,9.9035378,4.0
0.0,hebei,3.0,54.0,0.0,0.0,1.0,2916.0,1.0,6.0,9.2104406,1.0,0.0,100.0,10.308986,5.0
1.0,hebei,3.0,67.0,0.0,0.0,1.0,4489.0,1.0,0.0,6.985642,1.0,0.0,100.0,10.129866,2.0
0.0,hebei,5.0,70.0,0.0,0.0,1.0,4900.0,0.0,9.0,10.59666,0.0,1.0,100.0,10.645449,2.0
1.0,hebei,3.0,33.0,0.0,0.0,1.0,1089.0,1.0,9.0,10.308986,1.0,1.0,100.0,11.512936,4.0
0.0,hebei,4.0,50.0,0.0,0.0,1.0,2500.0,0.0,9.0,7.3138866,1.0,1.0,100.0,8.5173931,3.0
1.0,hebei,4.0,87.0,0.0,0.0,0.0,7569.0,0.0,2.0,6.985642,1.0,0.0,100.0,9.2104406,5.0
0.0,hebei,5.0,84.0,2.7725887,0.0,0.0,7056.0,0.0,6.0,7.09091,1.0,0.0,100.0,7.09091,2.0
0.0,hebei,4.0,45.0,0.0,0.0,1.0,2025.0,0.0,12.0,11.156265,0.0,0.0,100.0,11.289794,2.0
0.0,hebei,5.0,62.0,0.0,0.0,1.0,3844.0,1.0,6.0,7.3658128,1.0,0.0,100.0,11.156265,4.0
0.0,hebei,3.0,54.0,0.0,0.0,1.0,2916.0,1.0,6.0,0.0,1.0,0.0,100.0,11.184435,1.0
1.0,hebei,3.0,43.0,0.0,0.0,1.0,1849.0,1.0,9.0,10.308986,0.0,0.0,100.0,10.819798,4.0
1.0,hebei,3.0,64.0,4.1108737,0.0,1.0,4096.0,0.0,9.0,10.645449,0.0,1.0,100.0,10.645449,3.0
0.0,hebei,4.0,31.0,1.3862944,0.0,0.0,961.0,0.0,12.0,11.156265,1.0,0.0,100.0,11.156265,5.0
1.0,hebei,4.0,67.0,0.0,0.0,1.0,4489.0,0.0,6.0,9.9035378,1.0,0.0,100.0,10.71444,4.0
0.0,hebei,4.0,67.0,0.0,0.0,1.0,4489.0,0.0,6.0,10.181157,1.0,0.0,100.0,10.59666,3.0
0.0,hebei,4.0,48.0,0.0,0.0,1.0,2304.0,1.0,6.0,6.9087548,1.0,0.0,100.0,10.308986,2.0
0.0,hebei,4.0,26.0,1.0986123,0.0,1.0,676.0,1.0,12.0,9.9035378,0.0,0.0,100.0,11.289794,4.0
0.0,hebei,4.0,40.0,0.0,0.0,1.0,1600.0,1.0,12.0,9.392745,1.0,0.0,100.0,10.71444,4.0
0.0,hebei,4.0,36.0,0.0,0.0,1.0,1296.0,1.0,0.0,10.085851,1.0,0.0,100.0,10.819798,4.0
1.0,hebei,4.0,50.0,0.0,0.0,0.0,2500.0,1.0,9.0,0.0,1.0,0.0,100.0,10.819798,5.0
0.0,hebei,4.0,55.0,0.0,0.0,1.0,3025.0,0.0,12.0,0.0,1.0,0.0,100.0,10.819798,4.0
0.0,hebei,3.0,62.0,0.0,0.0,1.0,3844.0,0.0,9.0,6.9087548,1.0,0.0,100.0,6.9087548,2.0
1.0,hebei,4.0,71.0,0.0,0.0,0.0,5041.0,1.0,6.0,0.0,1.0,0.0,100.0,,2.0
1.0,hebei,4.0,40.0,0.0,0.0,1.0,1600.0,1.0,9.0,10.085851,1.0,0.0,100.0,11.002116,4.0
1.0,hebei,4.0,53.0,0.0,0.0,1.0,2809.0,0.0,12.0,10.308986,1.0,0.0,100.0,11.184435,4.0
0.0,shanxi,4.0,23.0,0.0,0.0,0.0,529.0,0.0,15.0,0.0,0.0,0.0,476.0,10.819798,5.0
1.0,shanxi,5.0,65.0,0.0,0.0,1.0,4225.0,0.0,12.0,10.491302,0.0,1.0,476.0,11.156265,4.0
0.0,shanxi,3.0,38.0,0.0,0.0,1.0,1444.0,0.0,9.0,10.819798,1.0,0.0,476.0,11.156265,4.0
1.0,shanxi,4.0,36.0,1.7917595,0.0,1.0,1296.0,0.0,9.0,10.463132,1.0,0.0,476.0,10.59666,5.0
1.0,shanxi,4.0,43.0,0.0,0.0,1.0,1849.0,1.0,16.0,11.512936,0.0,0.0,476.0,12.611541,4.0
1.0,shanxi,5.0,33.0,0.0,0.0,1.0,1089.0,1.0,12.0,9.9035378,1.0,0.0,476.0,10.59666,4.0
1.0,shanxi,3.0,36.0,1.7917595,0.0,1.0,1296.0,1.0,19.0,11.512936,0.0,0.0,476.0,,4.0
1.0,shanxi,5.0,36.0,0.0,0.0,1.0,1296.0,0.0,16.0,11.512936,0.0,0.0,476.0,11.982935,5.0
1.0,shanxi,4.0,30.0,0.0,0.0,0.0,900.0,0.0,12.0,10.59666,1.0,0.0,476.0,11.002116,5.0
1.0,shanxi,4.0,68.0,0.0,0.0,1.0,4624.0,1.0,6.0,0.0,1.0,0.0,476.0,9.2104406,2.0
1.0,shanxi,4.0,45.0,0.0,0.0,1.0,2025.0,0.0,9.0,9.9035378,1.0,0.0,476.0,9.9035378,4.0
1.0,shanxi,5.0,54.0,0.0,0.0,1.0,2916.0,1.0,12.0,0.0,0.0,0.0,476.0,11.512936,5.0
1.0,shanxi,4.0,77.0,0.0,0.0,1.0,5929.0,1.0,0.0,8.1889668,1.0,0.0,476.0,8.8819752,4.0
1.0,shanxi,3.0,38.0,0.0,0.0,1.0,1444.0,1.0,9.0,10.819798,0.0,0.0,476.0,11.289794,5.0
1.0,shanxi,5.0,45.0,0.0,0.0,1.0,2025.0,0.0,9.0,0.0,0.0,0.0,476.0,10.308986,2.0
1.0,shanxi,5.0,32.0,2.3978953,0.0,1.0,1024.0,0.0,15.0,11.002116,0.0,1.0,476.0,11.512936,4.0
1.0,shanxi,5.0,20.0,0.0,0.0,0.0,400.0,1.0,16.0,10.59666,0.0,0.0,476.0,12.899222,4.0
1.0,shanxi,4.0,58.0,0.0,0.0,1.0,3364.0,0.0,6.0,0.0,1.0,0.0,476.0,9.6158724,4.0
1.0,shanxi,4.0,31.0,0.0,0.0,1.0,961.0,0.0,12.0,10.819798,0.0,0.0,476.0,11.289794,5.0
1.0,shanxi,5.0,41.0,4.6151204,0.0,1.0,1681.0,0.0,9.0,,1.0,0.0,476.0,11.512936,5.0
1.0,shanxi,4.0,69.0,0.0,0.0,1.0,4761.0,1.0,9.0,0.0,0.0,0.0,476.0,11.002116,4.0
1.0,shanxi,4.0,47.0,0.0,0.0,1.0,2209.0,1.0,12.0,0.0,0.0,0.0,476.0,11.156265,5.0
0.0,shanxi,3.0,39.0,0.0,0.0,1.0,1521.0,0.0,9.0,9.8522472,1.0,0.0,476.0,10.819798,4.0
1.0,shanxi,4.0,72.0,0.0,0.0,1.0,5184.0,1.0,6.0,9.9035378,0.0,0.0,476.0,9.9035378,4.0
1.0,shanxi,4.0,30.0,3.0445225,0.0,1.0,900.0,1.0,0.0,11.082158,0.0,0.0,476.0,11.775297,4.0
1.0,shanxi,4.0,52.0,0.0,0.0,1.0,2704.0,0.0,12.0,12.611541,0.0,0.0,476.0,12.765692,4.0
1.0,shanxi,4.0,35.0,0.0,0.0,1.0,1225.0,1.0,9.0,10.308986,1.0,0.0,476.0,11.289794,4.0
0.0,shanxi,3.0,55.0,0.0,0.0,0.0,3025.0,1.0,6.0,0.0,1.0,0.0,476.0,10.308986,5.0
1.0,shanxi,4.0,28.0,0.0,0.0,0.0,784.0,0.0,19.0,0.0,1.0,0.0,476.0,10.59666,5.0
1.0,shanxi,4.0,73.0,0.69314718,0.0,1.0,5329.0,0.0,12.0,10.778977,0.0,0.0,476.0,12.42922,5.0
1.0,shanxi,4.0,47.0,0.0,0.0,1.0,2209.0,1.0,16.0,11.156265,0.0,0.0,476.0,12.42922,5.0
1.0,shanxi,5.0,60.0,0.0,0.0,1.0,3600.0,1.0,0.0,0.0,1.0,0.0,476.0,0.0,4.0
1.0,shanxi,4.0,36.0,0.0,0.0,1.0,1296.0,0.0,19.0,11.512936,1.0,0.0,476.0,12.100718,4.0
1.0,shanxi,4.0,67.0,0.0,0.0,1.0,4489.0,1.0,0.0,10.085851,0.0,0.0,476.0,10.308986,5.0
1.0,shanxi,4.0,60.0,0.0,0.0,1.0,3600.0,1.0,6.0,0.0,1.0,0.0,476.0,10.308986,5.0
1.0,shanxi,3.0,18.0,0.0,0.0,0.0,324.0,0.0,12.0,0.0,1.0,0.0,476.0,10.819798,5.0
1.0,shanxi,4.0,36.0,0.0,0.0,1.0,1296.0,0.0,9.0,10.308986,1.0,0.0,476.0,11.002116,3.0
0.0,shanxi,4.0,72.0,0.0,0.0,0.0,5184.0,1.0,9.0,10.819798,1.0,0.0,476.0,10.819798,3.0
1.0,shanxi,5.0,74.0,0.0,0.0,1.0,5476.0,1.0,12.0,,0.0,0.0,476.0,,2.0
1.0,shanxi,4.0,22.0,0.0,0.0,0.0,484.0,0.0,0.0,,0.0,0.0,476.0,9.6158724,4.0
0.0,shanxi,4.0,59.0,0.0,0.0,1.0,3481.0,1.0,6.0,0.0,0.0,0.0,476.0,11.002116,4.0
1.0,shanxi,4.0,58.0,0.0,0.0,1.0,3364.0,0.0,16.0,11.289794,0.0,1.0,476.0,11.289794,4.0
1.0,shanxi,4.0,36.0,0.0,0.0,1.0,1296.0,1.0,12.0,10.819798,0.0,0.0,476.0,11.512936,4.0
1.0,shanxi,4.0,41.0,0.0,0.0,1.0,1681.0,0.0,0.0,10.819798,0.0,1.0,476.0,10.819798,4.0
0.0,shanxi,3.0,24.0,0.0,0.0,0.0,576.0,1.0,9.0,10.043293,1.0,0.0,476.0,10.463132,4.0
1.0,shanxi,4.0,66.0,0.0,0.0,1.0,4356.0,1.0,9.0,10.085851,0.0,0.0,476.0,11.156265,3.0
1.0,shanxi,5.0,50.0,0.0,0.0,1.0,2500.0,1.0,12.0,,1.0,1.0,476.0,,3.0
1.0,shanxi,4.0,40.0,0.0,0.0,1.0,1600.0,0.0,0.0,11.695255,0.0,0.0,476.0,12.206078,4.0
1.0,shanxi,3.0,54.0,0.0,0.0,1.0,2916.0,0.0,0.0,11.156265,1.0,0.0,476.0,11.156265,5.0
1.0,shanxi,4.0,69.0,0.0,0.0,1.0,4761.0,1.0,6.0,9.1696224,1.0,0.0,476.0,9.1696224,4.0
0.0,shanxi,4.0,64.0,0.0,0.0,1.0,4096.0,1.0,9.0,9.9035378,1.0,0.0,476.0,10.59666,4.0
1.0,shanxi,4.0,21.0,0.0,0.0,0.0,441.0,1.0,16.0,7.6014023,1.0,0.0,476.0,10.819798,4.0
0.0,shanxi,3.0,68.0,0.0,0.0,1.0,4624.0,0.0,6.0,9.4727812,1.0,0.0,476.0,11.775297,4.0
1.0,shanxi,3.0,51.0,0.0,0.0,0.0,2601.0,1.0,6.0,0.0,0.0,0.0,476.0,10.819798,3.0
1.0,shanxi,4.0,40.0,0.0,0.0,1.0,1600.0,0.0,12.0,11.002116,0.0,0.0,476.0,11.289794,5.0
1.0,shanxi,4.0,64.0,0.0,0.0,1.0,4096.0,1.0,6.0,9.7291937,0.0,0.0,476.0,10.896758,4.0
0.0,shanxi,4.0,40.0,1.7917595,0.0,1.0,1600.0,1.0,9.0,9.2104406,1.0,0.0,476.0,10.819798,4.0
1.0,shanxi,4.0,78.0,0.0,0.0,0.0,6084.0,0.0,6.0,10.819798,0.0,1.0,476.0,10.819798,3.0
1.0,shanxi,4.0,72.0,0.0,0.0,1.0,5184.0,0.0,0.0,,1.0,0.0,476.0,,5.0
1.0,shanxi,4.0,39.0,0.0,0.0,1.0,1521.0,0.0,15.0,11.002116,0.0,0.0,476.0,,4.0
1.0,shanxi,3.0,63.0,0.0,0.0,1.0,3969.0,0.0,12.0,0.0,1.0,0.0,476.0,0.0,3.0
1.0,shanxi,3.0,22.0,0.0,0.0,0.0,484.0,0.0,9.0,11.050906,1.0,0.0,476.0,,4.0
1.0,shanxi,5.0,20.0,0.0,0.0,0.0,400.0,0.0,16.0,0.0,0.0,0.0,476.0,11.512936,5.0
0.0,shanxi,3.0,22.0,0.0,0.0,1.0,484.0,1.0,12.0,11.002116,1.0,0.0,476.0,11.289794,5.0
1.0,shanxi,4.0,26.0,0.0,0.0,0.0,676.0,0.0,15.0,10.819798,0.0,0.0,476.0,11.407576,5.0
1.0,shanxi,4.0,45.0,0.0,0.0,1.0,2025.0,0.0,15.0,,0.0,0.0,476.0,,4.0
1.0,shanxi,5.0,27.0,0.0,0.0,0.0,729.0,0.0,15.0,10.59666,1.0,0.0,476.0,11.002116,5.0
1.0,shanxi,4.0,27.0,0.0,0.0,0.0,729.0,1.0,16.0,9.9035378,0.0,0.0,476.0,10.59666,4.0
1.0,shanxi,5.0,55.0,1.3862944,0.0,1.0,3025.0,0.0,12.0,11.918397,0.0,1.0,476.0,12.206078,5.0
0.0,shanxi,4.0,44.0,0.0,0.0,1.0,1936.0,1.0,9.0,10.59666,0.0,0.0,476.0,11.512936,4.0
1.0,shanxi,4.0,40.0,5.7071104,0.0,1.0,1600.0,0.0,0.0,12.206078,0.0,0.0,476.0,12.42922,4.0
1.0,shanxi,4.0,37.0,0.0,0.0,1.0,1369.0,1.0,16.0,10.463132,0.0,1.0,476.0,11.156265,5.0
1.0,shanxi,3.0,61.0,0.0,0.0,1.0,3721.0,1.0,12.0,0.0,0.0,0.0,476.0,10.778977,1.0
1.0,shanxi,2.0,69.0,0.0,0.0,1.0,4761.0,1.0,6.0,8.8538084,1.0,0.0,476.0,8.9873219,3.0
1.0,shanxi,4.0,56.0,1.3862944,0.0,1.0,3136.0,0.0,6.0,11.156265,0.0,0.0,476.0,11.156265,4.0
0.0,shanxi,3.0,50.0,0.69314718,0.0,1.0,2500.0,0.0,9.0,0.0,0.0,0.0,476.0,11.002116,4.0
1.0,shanxi,5.0,35.0,0.0,0.0,0.0,1225.0,0.0,12.0,10.59666,1.0,0.0,476.0,10.59666,5.0
1.0,shanxi,5.0,68.0,0.0,0.0,1.0,4624.0,0.0,9.0,11.512936,0.0,0.0,476.0,11.512936,4.0
0.0,shanxi,4.0,20.0,0.0,0.0,0.0,400.0,0.0,16.0,10.308986,0.0,0.0,476.0,11.512936,4.0
1.0,shanxi,2.0,23.0,0.0,0.0,0.0,529.0,0.0,12.0,9.392745,1.0,0.0,476.0,10.034559,5.0
1.0,shanxi,5.0,79.0,0.0,0.0,1.0,6241.0,0.0,6.0,10.59666,0.0,0.0,476.0,11.289794,2.0
1.0,shanxi,4.0,45.0,0.0,0.0,1.0,2025.0,1.0,0.0,10.819798,0.0,0.0,476.0,11.512936,4.0
0.0,shanxi,4.0,67.0,0.0,0.0,0.0,4489.0,0.0,6.0,9.2104406,1.0,0.0,476.0,11.002116,3.0
1.0,shanxi,4.0,54.0,0.0,0.0,1.0,2916.0,0.0,9.0,0.0,1.0,0.0,476.0,11.512936,3.0
1.0,shanxi,4.0,76.0,0.0,0.0,1.0,5776.0,1.0,6.0,9.2104406,0.0,0.0,476.0,9.9035378,3.0
1.0,shanxi,4.0,70.0,2.7725887,0.0,0.0,4900.0,1.0,6.0,10.085851,0.0,0.0,476.0,10.085851,4.0
1.0,shanxi,5.0,70.0,0.0,0.0,0.0,4900.0,1.0,6.0,,1.0,0.0,476.0,,2.0
1.0,shanxi,4.0,33.0,0.0,0.0,1.0,1089.0,1.0,16.0,12.42922,0.0,0.0,476.0,12.42922,5.0
1.0,shanxi,4.0,63.0,0.0,0.0,1.0,3969.0,1.0,0.0,0.0,1.0,0.0,476.0,11.289794,3.0
1.0,shanxi,4.0,40.0,0.0,0.0,1.0,1600.0,1.0,16.0,10.463132,0.0,0.0,476.0,11.512936,5.0
1.0,shanxi,5.0,39.0,0.0,0.0,1.0,1521.0,1.0,15.0,10.59666,0.0,1.0,476.0,11.512936,4.0
1.0,shanxi,4.0,68.0,4.6151204,0.0,0.0,4624.0,0.0,0.0,,0.0,0.0,476.0,,3.0
1.0,shanxi,4.0,35.0,0.0,0.0,1.0,1225.0,0.0,16.0,11.918397,1.0,0.0,476.0,11.918397,4.0
1.0,shanxi,4.0,29.0,0.0,0.0,0.0,841.0,1.0,15.0,11.002116,1.0,0.0,476.0,11.002116,4.0
1.0,shanxi,5.0,70.0,5.0172796,0.0,1.0,4900.0,0.0,0.0,10.491302,0.0,0.0,476.0,11.002116,4.0
0.0,shanxi,4.0,69.0,0.0,0.0,0.0,4761.0,0.0,6.0,8.2943001,1.0,0.0,476.0,8.2943001,3.0
1.0,shanxi,2.0,50.0,0.0,0.0,1.0,2500.0,1.0,6.0,9.5750532,1.0,0.0,476.0,10.819798,1.0
1.0,shanxi,4.0,47.0,0.0,0.0,1.0,2209.0,0.0,19.0,11.512936,0.0,0.0,476.0,13.815512,5.0
1.0,shanxi,4.0,68.0,0.0,0.0,1.0,4624.0,0.0,12.0,11.512936,0.0,1.0,476.0,12.206078,4.0
1.0,shanxi,5.0,65.0,0.0,0.0,1.0,4225.0,0.0,9.0,8.8538084,1.0,1.0,476.0,,4.0
1.0,shanxi,2.0,43.0,0.0,0.0,1.0,1849.0,0.0,9.0,10.126671,1.0,0.0,476.0,10.126671,5.0
0.0,shanxi,4.0,51.0,0.0,0.0,1.0,2601.0,1.0,6.0,0.0,1.0,0.0,476.0,13.122365,4.0
1.0,shanxi,4.0,20.0,0.0,0.0,0.0,400.0,1.0,16.0,0.0,0.0,0.0,476.0,12.611541,5.0
1.0,shanxi,4.0,81.0,0.0,0.0,1.0,6561.0,1.0,12.0,10.491302,0.0,0.0,476.0,10.491302,5.0
1.0,shanxi,5.0,27.0,0.0,0.0,1.0,729.0,0.0,16.0,10.59666,0.0,0.0,476.0,11.289794,5.0
1.0,shanxi,2.0,65.0,0.0,0.0,1.0,4225.0,0.0,6.0,0.0,1.0,0.0,476.0,0.0,2.0
1.0,shanxi,4.0,58.0,0.0,0.0,1.0,3364.0,0.0,9.0,,1.0,0.0,476.0,,4.0
1.0,shanxi,4.0,45.0,0.0,0.0,1.0,2025.0,1.0,9.0,10.778977,0.0,0.0,476.0,11.695255,5.0
1.0,shanxi,4.0,63.0,0.0,0.0,0.0,3969.0,1.0,6.0,,1.0,0.0,476.0,,5.0
1.0,shanxi,4.0,24.0,0.0,0.0,1.0,576.0,1.0,9.0,0.0,1.0,0.0,476.0,11.002116,4.0
1.0,shanxi,4.0,50.0,0.0,0.0,1.0,2500.0,1.0,0.0,11.002116,0.0,0.0,476.0,11.695255,4.0
1.0,shanxi,4.0,78.0,3.0445225,0.0,1.0,6084.0,1.0,0.0,9.392745,0.0,0.0,476.0,10.126671,4.0
1.0,shanxi,3.0,33.0,0.0,0.0,1.0,1089.0,1.0,12.0,0.0,0.0,0.0,476.0,10.491302,4.0
1.0,shanxi,4.0,24.0,3.4339871,0.0,0.0,576.0,0.0,19.0,,0.0,1.0,476.0,11.512936,4.0
1.0,shanxi,4.0,48.0,1.3862944,0.0,0.0,2304.0,1.0,12.0,0.0,1.0,0.0,476.0,10.308986,3.0
1.0,shanxi,4.0,43.0,1.7917595,0.0,1.0,1849.0,0.0,12.0,9.9035378,0.0,0.0,476.0,9.9035378,5.0
1.0,shanxi,3.0,24.0,1.3862944,0.0,0.0,576.0,1.0,16.0,10.085851,0.0,0.0,476.0,11.512936,5.0
1.0,shanxi,5.0,30.0,0.0,0.0,1.0,900.0,1.0,16.0,10.59666,0.0,0.0,476.0,11.918397,5.0
1.0,shanxi,4.0,68.0,0.0,0.0,1.0,4624.0,1.0,0.0,0.0,1.0,0.0,476.0,0.0,3.0
1.0,shanxi,5.0,27.0,0.0,0.0,1.0,729.0,1.0,15.0,10.819798,0.0,0.0,476.0,10.819798,5.0
1.0,shanxi,5.0,46.0,2.3978953,0.0,1.0,2116.0,1.0,12.0,0.0,1.0,0.0,476.0,10.819798,3.0
1.0,shanxi,5.0,45.0,0.0,0.0,1.0,2025.0,0.0,15.0,10.819798,0.0,1.0,476.0,11.512936,5.0
1.0,shanxi,3.0,40.0,0.0,0.0,1.0,1600.0,0.0,12.0,11.156265,1.0,0.0,476.0,11.512936,4.0
1.0,shanxi,4.0,30.0,0.0,0.0,1.0,900.0,1.0,16.0,11.289794,0.0,0.0,476.0,11.982935,4.0
1.0,shanxi,4.0,65.0,3.0445225,0.0,1.0,4225.0,0.0,15.0,10.727685,0.0,1.0,476.0,10.491302,5.0
1.0,shanxi,4.0,24.0,0.0,0.0,1.0,576.0,1.0,9.0,9.9035378,1.0,0.0,476.0,10.59666,5.0
0.0,shanxi,5.0,68.0,0.0,0.0,1.0,4624.0,1.0,6.0,0.0,1.0,0.0,476.0,9.2104406,4.0
1.0,shanxi,5.0,55.0,2.7725887,0.0,1.0,3025.0,0.0,6.0,0.0,1.0,0.0,476.0,10.59666,4.0
0.0,shanxi,3.0,40.0,0.0,0.0,1.0,1600.0,0.0,9.0,9.392745,1.0,0.0,476.0,9.9035378,4.0
0.0,shanxi,3.0,25.0,0.69314718,0.0,0.0,625.0,0.0,12.0,10.819798,1.0,0.0,476.0,10.819798,4.0
1.0,shanxi,4.0,66.0,0.0,0.0,1.0,4356.0,0.0,16.0,11.002116,0.0,1.0,476.0,,4.0
1.0,shanxi,2.0,50.0,0.0,0.0,1.0,2500.0,0.0,12.0,0.0,0.0,0.0,476.0,10.491302,3.0
1.0,shanxi,4.0,65.0,0.0,0.0,1.0,4225.0,0.0,9.0,10.085851,1.0,0.0,476.0,10.085851,1.0
1.0,shanxi,4.0,32.0,0.0,0.0,1.0,1024.0,1.0,12.0,11.407576,1.0,0.0,476.0,12.100718,3.0
1.0,shanxi,5.0,90.0,0.0,0.0,1.0,8100.0,0.0,0.0,7.8244457,1.0,0.0,476.0,8.0067005,5.0
0.0,shanxi,5.0,66.0,0.0,0.0,1.0,4356.0,1.0,9.0,0.0,1.0,0.0,476.0,10.668979,4.0
1.0,shanxi,5.0,19.0,3.4339871,0.0,0.0,361.0,0.0,16.0,0.0,0.0,0.0,476.0,,5.0
1.0,shanxi,4.0,40.0,1.0986123,0.0,1.0,1600.0,0.0,12.0,11.512936,1.0,0.0,476.0,11.695255,5.0
1.0,shanxi,4.0,50.0,3.9318256,0.0,1.0,2500.0,1.0,12.0,11.002116,0.0,0.0,476.0,11.407576,4.0
1.0,shanxi,4.0,44.0,0.0,0.0,1.0,1936.0,1.0,9.0,9.7981825,0.0,0.0,476.0,11.264477,3.0
1.0,shanxi,5.0,57.0,0.0,0.0,1.0,3249.0,0.0,12.0,11.002116,0.0,1.0,476.0,11.695255,2.0
1.0,shanxi,5.0,38.0,0.0,0.0,1.0,1444.0,0.0,9.0,9.9035378,0.0,0.0,476.0,11.002116,5.0
1.0,shanxi,4.0,70.0,0.69314718,0.0,1.0,4900.0,0.0,12.0,10.778977,0.0,1.0,476.0,11.326608,4.0
1.0,shanxi,5.0,63.0,2.3978953,0.0,1.0,3969.0,0.0,16.0,10.308986,0.0,1.0,476.0,10.819798,4.0
1.0,shanxi,4.0,21.0,0.0,0.0,0.0,441.0,1.0,16.0,8.0067005,1.0,0.0,476.0,11.002116,4.0
0.0,shanxi,4.0,56.0,0.0,0.0,0.0,3136.0,1.0,6.0,9.5468836,1.0,0.0,476.0,11.289794,3.0
1.0,shanxi,4.0,40.0,0.0,0.0,1.0,1600.0,0.0,12.0,11.156265,1.0,0.0,476.0,11.695255,4.0
1.0,shanxi,4.0,45.0,0.0,0.0,1.0,2025.0,1.0,16.0,11.184435,0.0,1.0,476.0,12.031725,4.0
1.0,shanxi,4.0,63.0,0.0,0.0,0.0,3969.0,0.0,12.0,10.308986,0.0,1.0,476.0,10.308986,3.0
0.0,shanxi,2.0,66.0,0.0,0.0,1.0,4356.0,1.0,6.0,9.2104406,1.0,0.0,476.0,9.9035378,4.0
0.0,shanxi,3.0,56.0,0.0,0.0,1.0,3136.0,1.0,0.0,9.2104406,1.0,0.0,476.0,11.002116,4.0
1.0,shanxi,5.0,32.0,0.0,0.0,1.0,1024.0,1.0,15.0,11.512936,0.0,0.0,476.0,12.611541,4.0
1.0,shanxi,4.0,24.0,0.0,0.0,0.0,576.0,0.0,16.0,0.0,0.0,0.0,476.0,11.289794,5.0
1.0,shanxi,4.0,34.0,0.0,0.0,1.0,1156.0,0.0,16.0,10.308986,0.0,1.0,476.0,10.819798,5.0
1.0,shanxi,4.0,25.0,0.0,0.0,0.0,625.0,0.0,19.0,9.2104406,0.0,1.0,476.0,11.918397,4.0
1.0,shanxi,4.0,34.0,0.0,0.0,1.0,1156.0,1.0,12.0,9.2104406,1.0,0.0,476.0,11.002116,5.0
1.0,shanxi,3.0,34.0,0.0,0.0,0.0,1156.0,1.0,15.0,11.002116,0.0,0.0,476.0,11.002116,4.0
0.0,shanxi,4.0,47.0,0.0,0.0,1.0,2209.0,1.0,15.0,10.819798,0.0,0.0,476.0,11.608245,4.0
0.0,shanxi,4.0,54.0,0.0,0.0,1.0,2916.0,0.0,6.0,8.5173931,1.0,0.0,476.0,9.2104406,3.0
1.0,shanxi,5.0,69.0,0.0,0.0,1.0,4761.0,0.0,6.0,9.6158724,1.0,0.0,476.0,9.6158724,4.0
0.0,shanxi,4.0,53.0,0.0,0.0,1.0,2809.0,0.0,6.0,8.0067005,1.0,0.0,476.0,8.0067005,4.0
1.0,shanxi,3.0,50.0,0.0,0.0,1.0,2500.0,0.0,16.0,13.122365,0.0,0.0,476.0,13.122365,5.0
1.0,shanxi,4.0,65.0,0.0,0.0,1.0,4225.0,1.0,6.0,10.308986,0.0,0.0,476.0,11.156265,4.0
1.0,shanxi,4.0,71.0,0.0,0.0,1.0,5041.0,0.0,0.0,0.0,1.0,0.0,476.0,0.0,3.0
1.0,shanxi,5.0,20.0,0.0,0.0,0.0,400.0,1.0,16.0,8.0067005,0.0,1.0,476.0,12.42922,4.0
1.0,shanxi,3.0,42.0,0.0,0.0,0.0,1764.0,0.0,12.0,11.918397,0.0,0.0,476.0,11.918397,4.0
1.0,shanxi,4.0,29.0,0.0,0.0,1.0,841.0,1.0,16.0,11.512936,0.0,0.0,476.0,12.100718,4.0
1.0,shanxi,5.0,67.0,1.0986123,0.0,1.0,4489.0,1.0,0.0,10.308986,0.0,0.0,476.0,11.002116,3.0
1.0,shanxi,3.0,26.0,5.3033047,0.0,0.0,676.0,1.0,16.0,11.156265,0.0,0.0,476.0,,4.0
1.0,shanxi,4.0,28.0,0.0,0.0,1.0,784.0,1.0,12.0,10.819798,1.0,0.0,476.0,11.608245,4.0
1.0,shanxi,4.0,63.0,0.0,0.0,1.0,3969.0,0.0,16.0,11.002116,0.0,1.0,476.0,,4.0
1.0,shanxi,5.0,44.0,0.0,0.0,1.0,1936.0,0.0,12.0,10.896758,0.0,0.0,476.0,11.472114,5.0
1.0,shanxi,4.0,26.0,0.0,0.0,0.0,676.0,0.0,19.0,,0.0,0.0,476.0,11.918397,4.0
1.0,shanxi,4.0,40.0,0.0,0.0,1.0,1600.0,0.0,9.0,11.289794,0.0,0.0,476.0,11.289794,3.0
1.0,shanxi,4.0,20.0,3.0445225,0.0,0.0,400.0,1.0,12.0,,1.0,0.0,476.0,11.156265,4.0
1.0,shanxi,4.0,78.0,0.0,0.0,0.0,6084.0,0.0,0.0,11.695255,0.0,1.0,476.0,11.695255,2.0
1.0,shanxi,4.0,43.0,0.0,0.0,1.0,1849.0,1.0,9.0,0.0,0.0,0.0,476.0,11.002116,3.0
0.0,shanxi,4.0,45.0,0.0,0.0,1.0,2025.0,0.0,9.0,10.59666,1.0,0.0,476.0,10.59666,5.0
1.0,shanxi,4.0,60.0,0.0,0.0,0.0,3600.0,1.0,12.0,9.9035378,0.0,0.0,476.0,,5.0
0.0,shanxi,4.0,70.0,0.0,0.0,0.0,4900.0,0.0,9.0,9.7981825,1.0,0.0,476.0,9.7981825,4.0
0.0,shanxi,4.0,20.0,0.0,0.0,0.0,400.0,0.0,16.0,10.126671,0.0,0.0,476.0,12.611541,5.0
0.0,shanxi,4.0,71.0,0.0,0.0,0.0,5041.0,1.0,6.0,8.9873219,1.0,0.0,476.0,11.289794,3.0
1.0,shanxi,4.0,58.0,0.0,0.0,1.0,3364.0,0.0,16.0,11.695255,0.0,1.0,476.0,12.611541,4.0
1.0,shanxi,5.0,55.0,0.0,0.0,1.0,3025.0,1.0,6.0,0.0,1.0,0.0,476.0,12.206078,3.0
1.0,shanxi,4.0,20.0,0.0,0.0,0.0,400.0,1.0,15.0,0.0,1.0,0.0,476.0,,4.0
1.0,shanxi,5.0,62.0,0.0,0.0,1.0,3844.0,0.0,12.0,9.9035378,1.0,0.0,476.0,10.308986,2.0
1.0,shanxi,4.0,50.0,0.0,0.0,1.0,2500.0,1.0,6.0,9.2104406,1.0,0.0,476.0,11.512936,5.0
1.0,shanxi,4.0,45.0,0.0,0.0,1.0,2025.0,1.0,12.0,10.308986,0.0,0.0,476.0,11.002116,4.0
1.0,shanxi,4.0,75.0,0.0,0.0,1.0,5625.0,1.0,12.0,10.491302,0.0,1.0,476.0,11.589896,5.0
1.0,shanxi,4.0,25.0,3.4339871,0.0,0.0,625.0,0.0,16.0,10.491302,0.0,0.0,476.0,11.695255,3.0
0.0,shanxi,3.0,62.0,0.0,0.0,1.0,3844.0,1.0,6.0,8.9873219,1.0,0.0,476.0,8.9873219,5.0
1.0,shanxi,4.0,68.0,0.0,0.0,0.0,4624.0,0.0,12.0,10.645449,0.0,1.0,476.0,11.863589,4.0
1.0,shanxi,4.0,66.0,0.0,0.0,1.0,4356.0,1.0,12.0,10.491302,0.0,0.0,476.0,15.943743,3.0
1.0,shanxi,4.0,60.0,0.0,0.0,0.0,3600.0,1.0,0.0,0.0,1.0,0.0,476.0,0.0,4.0
1.0,shanxi,5.0,33.0,1.7917595,0.0,1.0,1089.0,1.0,16.0,10.819798,0.0,0.0,476.0,11.918397,5.0
1.0,shanxi,5.0,55.0,0.0,0.0,1.0,3025.0,1.0,12.0,10.126671,0.0,0.0,476.0,11.289794,5.0
0.0,shanxi,4.0,23.0,0.0,0.0,0.0,529.0,0.0,12.0,10.126671,1.0,0.0,476.0,11.002116,4.0
1.0,shanxi,1.0,66.0,0.0,0.0,1.0,4356.0,1.0,0.0,0.0,1.0,0.0,476.0,8.1889668,5.0
0.0,shanxi,4.0,67.0,0.0,0.0,0.0,4489.0,1.0,9.0,10.491302,1.0,1.0,476.0,11.695255,4.0
1.0,shanxi,4.0,33.0,0.0,0.0,1.0,1089.0,0.0,12.0,11.002116,0.0,0.0,476.0,11.472114,3.0
0.0,shanxi,3.0,55.0,0.0,0.0,1.0,3025.0,1.0,9.0,8.6996813,1.0,0.0,476.0,9.392745,4.0
1.0,shanxi,4.0,54.0,0.0,0.0,1.0,2916.0,1.0,15.0,,0.0,0.0,476.0,,3.0
1.0,shanxi,5.0,73.0,0.0,0.0,1.0,5329.0,1.0,0.0,10.308986,0.0,1.0,476.0,11.289794,4.0
1.0,shanxi,4.0,39.0,0.0,0.0,1.0,1521.0,1.0,12.0,10.819798,0.0,0.0,476.0,11.512936,4.0
1.0,shanxi,4.0,45.0,0.0,0.0,1.0,2025.0,0.0,9.0,10.463132,0.0,0.0,476.0,10.819798,3.0
1.0,shanxi,3.0,46.0,0.0,0.0,1.0,2116.0,1.0,12.0,10.308986,1.0,0.0,476.0,11.156265,5.0
1.0,shanxi,5.0,55.0,0.0,0.0,1.0,3025.0,1.0,12.0,10.59666,0.0,0.0,476.0,10.819798,4.0
1.0,shanxi,5.0,47.0,0.0,0.0,1.0,2209.0,0.0,15.0,10.59666,0.0,0.0,476.0,10.59666,5.0
1.0,shanxi,2.0,42.0,1.6094379,0.0,1.0,1764.0,1.0,6.0,9.2104406,1.0,0.0,476.0,10.819798,5.0
1.0,shanxi,4.0,35.0,0.0,0.0,1.0,1225.0,1.0,16.0,11.512936,1.0,0.0,476.0,12.42922,4.0
1.0,shanxi,5.0,45.0,0.0,0.0,1.0,2025.0,0.0,9.0,9.9035378,1.0,0.0,476.0,10.308986,5.0
1.0,shanxi,5.0,66.0,0.0,0.0,1.0,4356.0,0.0,6.0,6.9087548,1.0,1.0,476.0,7.6014023,2.0
1.0,shanxi,5.0,70.0,0.0,0.0,1.0,4900.0,1.0,9.0,10.308986,0.0,1.0,476.0,11.156265,3.0
1.0,shanxi,5.0,65.0,0.0,0.0,1.0,4225.0,1.0,0.0,6.9087548,1.0,0.0,476.0,7.6014023,4.0
1.0,shanxi,5.0,70.0,0.0,0.0,1.0,4900.0,1.0,0.0,9.9035378,1.0,0.0,476.0,9.9035378,3.0
1.0,shanxi,4.0,31.0,0.0,0.0,1.0,961.0,0.0,16.0,11.589896,0.0,1.0,476.0,11.957618,4.0
1.0,shanxi,4.0,83.0,1.9459101,0.0,0.0,6889.0,0.0,12.0,10.778977,0.0,0.0,476.0,10.778977,4.0
1.0,shanxi,4.0,46.0,0.69314718,0.0,1.0,2116.0,0.0,9.0,11.512936,1.0,0.0,476.0,11.695255,4.0
1.0,shanxi,4.0,21.0,0.0,0.0,0.0,441.0,0.0,9.0,11.002116,1.0,0.0,476.0,11.002116,5.0
1.0,shanxi,4.0,30.0,0.0,0.0,1.0,900.0,1.0,9.0,0.0,1.0,0.0,476.0,,5.0
1.0,shanxi,5.0,67.0,0.0,0.0,1.0,4489.0,1.0,6.0,10.59666,1.0,0.0,476.0,10.59666,4.0
1.0,shanxi,4.0,63.0,0.0,0.0,1.0,3969.0,1.0,9.0,0.0,1.0,0.0,476.0,0.0,3.0
1.0,shanxi,4.0,38.0,3.0445225,0.0,1.0,1444.0,0.0,16.0,11.512936,0.0,0.0,476.0,11.695255,5.0
1.0,shanxi,4.0,52.0,0.0,0.0,0.0,2704.0,0.0,0.0,9.2104406,1.0,0.0,476.0,11.512936,4.0
1.0,shanxi,4.0,73.0,0.0,0.0,1.0,5329.0,0.0,6.0,0.0,1.0,0.0,476.0,10.491302,4.0
0.0,shanxi,4.0,50.0,0.0,0.0,1.0,2500.0,1.0,6.0,0.0,1.0,0.0,476.0,9.9035378,5.0
1.0,shanxi,4.0,69.0,0.0,0.0,0.0,4761.0,1.0,6.0,9.9035378,1.0,0.0,476.0,9.9035378,5.0
0.0,shanxi,3.0,40.0,0.0,0.0,1.0,1600.0,0.0,6.0,8.6996813,1.0,1.0,476.0,8.6996813,5.0
1.0,shanxi,4.0,50.0,0.0,0.0,1.0,2500.0,0.0,12.0,11.512936,0.0,0.0,476.0,12.206078,3.0
1.0,shanxi,2.0,78.0,0.0,0.0,1.0,6084.0,0.0,6.0,8.0067005,1.0,0.0,476.0,11.918397,4.0
1.0,shanxi,4.0,25.0,1.7917595,0.0,1.0,625.0,1.0,12.0,0.0,1.0,0.0,476.0,0.0,5.0
0.0,shanxi,4.0,50.0,0.0,0.0,1.0,2500.0,1.0,6.0,8.2943001,1.0,0.0,476.0,8.9873219,3.0
1.0,shanxi,2.0,46.0,0.0,0.0,1.0,2116.0,0.0,9.0,10.308986,1.0,0.0,476.0,10.308986,5.0
1.0,shanxi,5.0,73.0,0.0,0.0,0.0,5329.0,1.0,6.0,9.9035378,0.0,0.0,476.0,,2.0
1.0,shanxi,5.0,47.0,0.0,0.0,1.0,2209.0,1.0,9.0,0.0,1.0,0.0,476.0,11.156265,5.0
1.0,shanxi,4.0,50.0,0.0,0.0,1.0,2500.0,0.0,12.0,11.695255,0.0,0.0,476.0,11.695255,5.0
1.0,shanxi,4.0,55.0,0.0,0.0,1.0,3025.0,1.0,6.0,0.0,1.0,0.0,476.0,,2.0
1.0,shanxi,4.0,44.0,6.3985949,0.0,1.0,1936.0,1.0,9.0,9.392745,1.0,0.0,476.0,10.308986,5.0
1.0,shanxi,4.0,24.0,0.0,0.0,1.0,576.0,1.0,16.0,10.778977,1.0,0.0,476.0,11.589896,5.0
0.0,shanxi,4.0,53.0,0.0,0.0,1.0,2809.0,1.0,9.0,0.0,1.0,0.0,476.0,9.9035378,4.0
1.0,shanxi,4.0,49.0,0.0,0.0,1.0,2401.0,1.0,9.0,0.0,1.0,0.0,476.0,10.645449,3.0
1.0,shanxi,5.0,62.0,0.0,0.0,1.0,3844.0,0.0,6.0,9.9035378,1.0,0.0,476.0,9.9035378,4.0
1.0,shanxi,5.0,32.0,0.0,0.0,1.0,1024.0,1.0,16.0,10.308986,1.0,0.0,476.0,11.289794,5.0
1.0,shanxi,3.0,22.0,1.9459101,0.0,0.0,484.0,1.0,12.0,9.2104406,1.0,0.0,476.0,10.59666,5.0
1.0,shanxi,3.0,25.0,0.0,0.0,1.0,625.0,1.0,15.0,0.0,1.0,0.0,476.0,10.59666,5.0
1.0,shanxi,3.0,39.0,0.0,0.0,1.0,1521.0,1.0,12.0,8.0067005,1.0,0.0,476.0,8.5173931,3.0
0.0,shanxi,4.0,26.0,0.0,0.0,1.0,676.0,1.0,9.0,9.7981825,1.0,0.0,476.0,10.239996,4.0
1.0,shanxi,4.0,52.0,0.0,0.0,1.0,2704.0,1.0,9.0,9.9035378,1.0,1.0,476.0,9.9035378,4.0
1.0,shanxi,5.0,26.0,0.0,0.0,1.0,676.0,1.0,6.0,0.0,1.0,0.0,476.0,9.9035378,4.0
1.0,shanxi,4.0,42.0,0.0,0.0,1.0,1764.0,0.0,9.0,11.002116,1.0,0.0,476.0,11.289794,5.0
1.0,shanxi,5.0,53.0,0.69314718,0.0,1.0,2809.0,1.0,6.0,0.0,1.0,0.0,476.0,10.819798,5.0
0.0,shanxi,5.0,29.0,0.0,0.0,1.0,841.0,0.0,9.0,10.59666,1.0,0.0,476.0,10.59666,5.0
1.0,shanxi,3.0,78.0,0.0,0.0,0.0,6084.0,1.0,0.0,,1.0,0.0,476.0,,3.0
1.0,shanxi,5.0,51.0,0.0,0.0,1.0,2601.0,1.0,0.0,0.0,1.0,0.0,476.0,10.819798,5.0
1.0,shanxi,2.0,60.0,0.0,0.0,0.0,3600.0,0.0,0.0,8.0067005,1.0,0.0,476.0,8.0067005,4.0
0.0,shanxi,2.0,72.0,0.0,0.0,1.0,5184.0,0.0,6.0,6.9285378,1.0,0.0,476.0,7.6211953,2.0
0.0,shanxi,2.0,45.0,0.0,0.0,0.0,2025.0,0.0,9.0,10.126671,1.0,0.0,476.0,10.126671,4.0
1.0,shanxi,5.0,28.0,5.3033047,0.0,1.0,784.0,1.0,15.0,11.512936,1.0,0.0,476.0,12.206078,5.0
1.0,shanxi,5.0,26.0,3.4339871,0.0,1.0,676.0,1.0,12.0,0.0,1.0,0.0,476.0,10.59666,5.0
0.0,shanxi,4.0,48.0,0.0,0.0,1.0,2304.0,0.0,9.0,10.126671,1.0,0.0,476.0,10.126671,5.0
0.0,shanxi,2.0,66.0,0.0,0.0,0.0,4356.0,1.0,6.0,6.9285378,1.0,1.0,476.0,6.9285378,2.0
0.0,shanxi,5.0,45.0,0.69314718,0.0,1.0,2025.0,1.0,6.0,0.0,1.0,0.0,476.0,10.819798,5.0
1.0,shanxi,4.0,72.0,0.0,0.0,0.0,5184.0,0.0,9.0,,1.0,1.0,476.0,,1.0
1.0,shanxi,5.0,76.0,5.3033047,0.0,1.0,5776.0,0.0,9.0,0.0,1.0,1.0,476.0,9.2104406,5.0
1.0,shanxi,2.0,37.0,0.0,0.0,0.0,1369.0,0.0,9.0,10.819798,1.0,0.0,476.0,10.819798,5.0
1.0,shanxi,2.0,31.0,0.0,0.0,1.0,961.0,0.0,9.0,10.491302,1.0,0.0,476.0,10.491302,4.0
0.0,inner_mongolia,4.0,82.0,0.0,0.0,1.0,6724.0,1.0,0.0,8.1889668,1.0,0.0,3267.0,8.8819752,2.0
0.0,inner_mongolia,4.0,68.0,0.0,0.0,1.0,4624.0,1.0,12.0,8.7324657,1.0,0.0,3267.0,10.126671,4.0
1.0,inner_mongolia,4.0,34.0,0.0,1.0,1.0,1156.0,0.0,15.0,11.002116,0.0,0.0,3267.0,11.512936,5.0
0.0,inner_mongolia,4.0,55.0,0.0,0.0,1.0,3025.0,0.0,9.0,9.6158724,1.0,0.0,3267.0,10.308986,4.0
0.0,inner_mongolia,5.0,65.0,0.0,0.0,1.0,4225.0,1.0,6.0,7.09091,1.0,0.0,3267.0,10.59666,5.0
0.0,inner_mongolia,5.0,53.0,1.7917595,0.0,0.0,2809.0,1.0,9.0,10.59666,1.0,0.0,3267.0,10.59666,4.0
0.0,inner_mongolia,4.0,59.0,0.0,0.0,0.0,3481.0,0.0,9.0,9.2104406,1.0,0.0,3267.0,9.2104406,5.0
1.0,inner_mongolia,5.0,62.0,0.0,0.0,1.0,3844.0,1.0,12.0,10.491302,0.0,0.0,3267.0,11.289794,4.0
0.0,inner_mongolia,4.0,58.0,0.0,0.0,1.0,3364.0,1.0,12.0,9.6158724,1.0,0.0,3267.0,10.308986,5.0
0.0,inner_mongolia,4.0,64.0,0.0,0.0,1.0,4096.0,0.0,6.0,9.392745,1.0,0.0,3267.0,9.9988432,3.0
0.0,inner_mongolia,4.0,47.0,0.0,0.0,1.0,2209.0,0.0,9.0,9.9035378,1.0,0.0,3267.0,9.9035378,5.0
0.0,inner_mongolia,5.0,61.0,0.0,0.0,1.0,3721.0,1.0,6.0,9.2104406,1.0,0.0,3267.0,9.9035378,4.0
0.0,inner_mongolia,4.0,55.0,0.0,0.0,1.0,3025.0,1.0,9.0,9.6158724,1.0,0.0,3267.0,10.308986,4.0
0.0,inner_mongolia,5.0,55.0,0.0,0.0,1.0,3025.0,0.0,6.0,9.2104406,1.0,0.0,3267.0,9.9035378,4.0
0.0,inner_mongolia,4.0,60.0,0.0,0.0,1.0,3600.0,0.0,12.0,9.2104406,1.0,0.0,3267.0,9.9035378,5.0
0.0,inner_mongolia,4.0,64.0,0.0,0.0,1.0,4096.0,1.0,0.0,8.2943001,1.0,0.0,3267.0,8.9873219,3.0
1.0,inner_mongolia,4.0,35.0,0.0,0.0,1.0,1225.0,1.0,9.0,11.002116,0.0,0.0,3267.0,11.512936,4.0
0.0,inner_mongolia,4.0,83.0,0.0,0.0,0.0,6889.0,0.0,6.0,8.9873219,1.0,0.0,3267.0,8.9873219,4.0
0.0,inner_mongolia,4.0,66.0,0.0,0.0,1.0,4356.0,0.0,0.0,7.09091,1.0,0.0,3267.0,7.7836404,4.0
0.0,inner_mongolia,4.0,59.0,0.0,0.0,1.0,3481.0,0.0,6.0,10.126671,1.0,0.0,3267.0,10.126671,4.0
0.0,inner_mongolia,4.0,38.0,0.0,0.0,1.0,1444.0,0.0,6.0,8.5173931,1.0,0.0,3267.0,10.308986,4.0
1.0,inner_mongolia,5.0,41.0,0.0,0.0,1.0,1681.0,1.0,9.0,10.819798,0.0,0.0,3267.0,10.819798,3.0
0.0,inner_mongolia,5.0,52.0,0.0,0.0,1.0,2704.0,1.0,6.0,9.9035378,1.0,0.0,3267.0,10.59666,5.0
0.0,inner_mongolia,5.0,66.0,1.7917595,0.0,1.0,4356.0,1.0,6.0,7.4960976,1.0,0.0,3267.0,10.09415,4.0
0.0,inner_mongolia,4.0,90.0,0.0,0.0,0.0,8100.0,1.0,0.0,7.09091,1.0,0.0,3267.0,10.59666,5.0
0.0,inner_mongolia,4.0,56.0,0.0,0.0,1.0,3136.0,0.0,12.0,10.308986,1.0,0.0,3267.0,10.308986,4.0
0.0,inner_mongolia,3.0,54.0,0.0,0.0,1.0,2916.0,1.0,6.0,9.9035378,1.0,0.0,3267.0,10.59666,2.0
0.0,inner_mongolia,5.0,69.0,0.0,0.0,0.0,4761.0,0.0,6.0,8.6996813,1.0,0.0,3267.0,8.6996813,4.0
1.0,inner_mongolia,5.0,72.0,0.0,0.0,1.0,5184.0,0.0,0.0,0.0,1.0,0.0,3267.0,0.0,5.0
0.0,inner_mongolia,4.0,53.0,3.9318256,0.0,1.0,2809.0,0.0,9.0,10.308986,1.0,0.0,3267.0,10.308986,5.0
1.0,inner_mongolia,5.0,62.0,3.0445225,0.0,1.0,3844.0,1.0,15.0,11.002116,0.0,0.0,3267.0,11.512936,4.0
0.0,inner_mongolia,5.0,63.0,0.0,0.0,1.0,3969.0,1.0,0.0,7.09091,1.0,0.0,3267.0,9.9035378,2.0
0.0,inner_mongolia,4.0,28.0,0.0,0.0,0.0,784.0,0.0,9.0,9.2104406,1.0,0.0,3267.0,11.156265,5.0
0.0,inner_mongolia,4.0,51.0,0.0,0.0,1.0,2601.0,0.0,6.0,11.289794,1.0,0.0,3267.0,11.289794,4.0
1.0,inner_mongolia,4.0,59.0,0.0,0.0,1.0,3481.0,1.0,9.0,10.308986,0.0,0.0,3267.0,11.156265,4.0
0.0,inner_mongolia,4.0,53.0,3.2580965,0.0,1.0,2809.0,0.0,9.0,8.5756512,1.0,0.0,3267.0,9.9035378,5.0
0.0,inner_mongolia,4.0,71.0,0.0,0.0,1.0,5041.0,0.0,6.0,8.2943001,1.0,0.0,3267.0,8.2943001,2.0
0.0,inner_mongolia,4.0,74.0,0.0,0.0,0.0,5476.0,0.0,6.0,10.348206,1.0,0.0,3267.0,10.348206,2.0
0.0,inner_mongolia,4.0,71.0,0.0,0.0,0.0,5041.0,1.0,6.0,7.6211953,1.0,0.0,3267.0,,4.0
0.0,inner_mongolia,4.0,57.0,0.0,0.0,1.0,3249.0,1.0,0.0,9.2920122,1.0,0.0,3267.0,9.9851141,3.0
1.0,inner_mongolia,5.0,45.0,2.3978953,0.0,1.0,2025.0,1.0,9.0,9.9035378,1.0,0.0,3267.0,10.59666,5.0
1.0,inner_mongolia,5.0,31.0,0.0,1.0,0.0,961.0,0.0,16.0,10.819798,0.0,0.0,3267.0,11.512936,5.0
0.0,inner_mongolia,5.0,80.0,0.0,0.0,1.0,6400.0,0.0,6.0,7.09091,1.0,0.0,3267.0,9.392745,4.0
0.0,inner_mongolia,4.0,63.0,2.3978953,0.0,1.0,3969.0,1.0,0.0,7.7836404,1.0,0.0,3267.0,9.8934879,1.0
1.0,inner_mongolia,4.0,28.0,0.0,1.0,1.0,784.0,1.0,9.0,10.308986,1.0,0.0,3267.0,10.308986,4.0
0.0,inner_mongolia,4.0,55.0,0.0,0.0,1.0,3025.0,1.0,12.0,9.2104406,1.0,0.0,3267.0,10.308986,4.0
0.0,inner_mongolia,4.0,46.0,0.0,0.0,1.0,2116.0,0.0,9.0,9.9035378,1.0,0.0,3267.0,10.043293,5.0
0.0,inner_mongolia,4.0,62.0,0.0,0.0,1.0,3844.0,1.0,6.0,0.0,1.0,0.0,3267.0,10.819798,3.0
1.0,inner_mongolia,5.0,57.0,0.0,1.0,1.0,3249.0,1.0,16.0,10.819798,0.0,1.0,3267.0,11.512936,5.0
0.0,inner_mongolia,4.0,85.0,0.0,0.0,0.0,7225.0,0.0,6.0,0.0,1.0,0.0,3267.0,10.59666,2.0
1.0,inner_mongolia,5.0,30.0,0.0,1.0,1.0,900.0,0.0,16.0,10.819798,0.0,0.0,3267.0,11.002116,5.0
0.0,inner_mongolia,5.0,84.0,0.0,0.0,0.0,7056.0,1.0,0.0,0.0,1.0,0.0,3267.0,8.2943001,4.0
0.0,inner_mongolia,3.0,71.0,0.0,0.0,0.0,5041.0,1.0,6.0,7.09091,1.0,0.0,3267.0,7.09091,4.0
0.0,inner_mongolia,5.0,54.0,0.0,0.0,1.0,2916.0,0.0,9.0,9.2104406,1.0,0.0,3267.0,0.0,4.0
0.0,inner_mongolia,4.0,89.0,0.0,0.0,0.0,7921.0,1.0,0.0,7.09091,1.0,0.0,3267.0,11.512936,4.0
0.0,inner_mongolia,5.0,67.0,1.3862944,0.0,0.0,4489.0,0.0,6.0,9.0120115,1.0,0.0,3267.0,9.8092318,4.0
1.0,inner_mongolia,5.0,31.0,0.0,0.0,1.0,961.0,1.0,15.0,0.0,0.0,0.0,3267.0,11.512936,5.0
1.0,inner_mongolia,4.0,44.0,0.0,1.0,1.0,1936.0,1.0,6.0,0.0,1.0,0.0,3267.0,9.392745,3.0
1.0,inner_mongolia,4.0,36.0,0.0,0.0,1.0,1296.0,1.0,12.0,11.512936,1.0,0.0,3267.0,12.206078,4.0
0.0,inner_mongolia,4.0,76.0,0.0,0.0,1.0,5776.0,0.0,0.0,8.5173931,1.0,0.0,3267.0,8.5173931,5.0
0.0,inner_mongolia,4.0,50.0,0.0,0.0,1.0,2500.0,1.0,9.0,9.9035378,1.0,0.0,3267.0,11.002116,5.0
0.0,inner_mongolia,5.0,74.0,0.0,0.0,1.0,5476.0,0.0,6.0,7.09091,1.0,0.0,3267.0,7.7836404,3.0
1.0,inner_mongolia,4.0,29.0,0.0,0.0,1.0,841.0,0.0,12.0,10.308986,1.0,0.0,3267.0,10.819798,4.0
0.0,inner_mongolia,5.0,60.0,0.0,0.0,1.0,3600.0,1.0,0.0,9.2104406,1.0,0.0,3267.0,10.308986,4.0
0.0,inner_mongolia,4.0,83.0,0.0,0.0,1.0,6889.0,0.0,0.0,8.8538084,1.0,0.0,3267.0,9.2104406,3.0
0.0,inner_mongolia,4.0,47.0,0.0,0.0,1.0,2209.0,1.0,6.0,9.2104406,1.0,0.0,3267.0,9.2104406,5.0
0.0,inner_mongolia,3.0,49.0,0.0,0.0,1.0,2401.0,0.0,6.0,10.819798,1.0,0.0,3267.0,10.819798,4.0
0.0,inner_mongolia,4.0,73.0,0.0,0.0,0.0,5329.0,1.0,0.0,7.6014023,1.0,0.0,3267.0,9.2104406,4.0
0.0,inner_mongolia,4.0,51.0,0.0,0.0,1.0,2601.0,1.0,9.0,10.59666,1.0,0.0,3267.0,10.819798,5.0
1.0,inner_mongolia,4.0,45.0,0.0,0.0,0.0,2025.0,0.0,15.0,10.819798,1.0,0.0,3267.0,10.819798,4.0
0.0,inner_mongolia,5.0,73.0,0.0,0.0,0.0,5329.0,1.0,0.0,7.8244457,1.0,0.0,3267.0,7.7836404,2.0
1.0,inner_mongolia,5.0,23.0,1.7917595,0.0,0.0,529.0,1.0,15.0,9.9035378,1.0,0.0,3267.0,11.002116,5.0
1.0,inner_mongolia,5.0,27.0,4.6151204,0.0,1.0,729.0,0.0,12.0,11.002116,1.0,0.0,3267.0,11.289794,4.0
0.0,inner_mongolia,4.0,56.0,0.0,0.0,1.0,3136.0,1.0,0.0,9.2104406,1.0,0.0,3267.0,9.9035378,4.0
1.0,inner_mongolia,4.0,55.0,0.0,0.0,1.0,3025.0,1.0,6.0,0.0,1.0,0.0,3267.0,,4.0
1.0,inner_mongolia,4.0,46.0,0.0,1.0,1.0,2116.0,1.0,6.0,9.9035378,1.0,0.0,3267.0,9.9035378,3.0
1.0,inner_mongolia,4.0,42.0,0.0,0.0,1.0,1764.0,1.0,9.0,10.308986,1.0,0.0,3267.0,10.59666,4.0
1.0,inner_mongolia,4.0,53.0,0.0,1.0,1.0,2809.0,1.0,12.0,10.308986,0.0,0.0,3267.0,11.512936,4.0
0.0,inner_mongolia,5.0,68.0,0.0,0.0,1.0,4624.0,1.0,0.0,8.1435175,1.0,0.0,3267.0,9.4619551,1.0
0.0,inner_mongolia,4.0,54.0,0.0,0.0,1.0,2916.0,0.0,6.0,7.6211953,1.0,0.0,3267.0,8.412055,4.0
0.0,inner_mongolia,4.0,30.0,2.3978953,0.0,1.0,900.0,1.0,15.0,0.0,1.0,0.0,3267.0,10.308986,4.0
0.0,inner_mongolia,4.0,64.0,0.0,0.0,0.0,4096.0,0.0,6.0,8.5173931,1.0,0.0,3267.0,8.5173931,5.0
0.0,inner_mongolia,4.0,83.0,0.0,0.0,0.0,6889.0,0.0,0.0,9.2104406,1.0,0.0,3267.0,9.2104406,4.0
0.0,inner_mongolia,5.0,63.0,0.0,0.0,1.0,3969.0,0.0,6.0,8.5173931,1.0,1.0,3267.0,9.2104406,2.0
0.0,inner_mongolia,4.0,53.0,0.0,0.0,1.0,2809.0,0.0,9.0,8.5173931,1.0,0.0,3267.0,9.9035378,3.0
0.0,inner_mongolia,4.0,60.0,0.0,0.0,1.0,3600.0,0.0,9.0,9.9035378,1.0,0.0,3267.0,9.9035378,5.0
0.0,inner_mongolia,4.0,22.0,4.2626801,0.0,0.0,484.0,0.0,16.0,6.2166061,1.0,0.0,3267.0,11.002116,4.0
0.0,inner_mongolia,4.0,47.0,3.4339871,0.0,1.0,2209.0,0.0,9.0,11.002116,1.0,0.0,3267.0,11.002116,5.0
0.0,inner_mongolia,4.0,49.0,0.0,0.0,1.0,2401.0,1.0,6.0,8.0067005,1.0,0.0,3267.0,10.085851,3.0
1.0,inner_mongolia,4.0,86.0,0.0,0.0,1.0,7396.0,0.0,6.0,0.0,1.0,0.0,3267.0,0.0,4.0
0.0,inner_mongolia,5.0,56.0,0.0,0.0,1.0,3136.0,1.0,9.0,9.6158724,1.0,0.0,3267.0,10.308986,4.0
0.0,inner_mongolia,4.0,60.0,0.0,0.0,0.0,3600.0,0.0,6.0,8.5173931,1.0,0.0,3267.0,8.5173931,2.0
0.0,inner_mongolia,5.0,60.0,0.0,0.0,1.0,3600.0,1.0,0.0,8.8538084,1.0,0.0,3267.0,10.6464,3.0
0.0,inner_mongolia,4.0,71.0,0.0,0.0,0.0,5041.0,1.0,6.0,7.4960976,1.0,0.0,3267.0,7.4960976,5.0
1.0,liaoning,4.0,43.0,0.0,0.0,0.0,1849.0,1.0,9.0,10.819798,1.0,0.0,100.0,10.819798,4.0
1.0,liaoning,5.0,50.0,0.0,0.0,1.0,2500.0,0.0,6.0,0.0,1.0,0.0,100.0,0.0,5.0
1.0,liaoning,4.0,30.0,3.9318256,0.0,1.0,900.0,0.0,16.0,11.002116,0.0,1.0,100.0,11.512936,5.0
1.0,liaoning,4.0,41.0,0.0,0.0,1.0,1681.0,0.0,15.0,12.206078,0.0,0.0,100.0,11.918397,5.0
1.0,liaoning,4.0,63.0,2.7725887,0.0,1.0,3969.0,1.0,15.0,10.308986,0.0,0.0,100.0,11.156265,3.0
1.0,liaoning,4.0,59.0,0.0,0.0,1.0,3481.0,0.0,16.0,10.59666,0.0,1.0,100.0,11.512936,4.0
1.0,liaoning,5.0,64.0,0.0,0.0,1.0,4096.0,1.0,0.0,10.59666,0.0,0.0,100.0,11.289794,2.0
0.0,liaoning,4.0,62.0,0.0,0.0,1.0,3844.0,1.0,6.0,0.0,1.0,0.0,100.0,9.2104406,2.0
1.0,liaoning,4.0,22.0,0.0,0.0,0.0,484.0,1.0,9.0,10.308986,1.0,0.0,100.0,11.002116,4.0
1.0,liaoning,4.0,22.0,0.0,0.0,0.0,484.0,1.0,16.0,0.0,1.0,0.0,100.0,9.6158724,4.0
1.0,liaoning,5.0,75.0,0.0,0.0,0.0,5625.0,0.0,9.0,10.819798,0.0,1.0,100.0,10.819798,5.0
1.0,liaoning,4.0,56.0,3.9318256,0.0,1.0,3136.0,1.0,12.0,10.819798,0.0,0.0,100.0,11.512936,2.0
1.0,liaoning,5.0,88.0,0.0,0.0,0.0,7744.0,1.0,6.0,8.4765797,0.0,0.0,100.0,10.59666,4.0
1.0,liaoning,4.0,22.0,0.0,1.0,0.0,484.0,0.0,15.0,11.002116,1.0,0.0,100.0,11.002116,5.0
1.0,liaoning,4.0,72.0,0.0,0.0,1.0,5184.0,1.0,6.0,10.165891,0.0,0.0,100.0,10.778977,2.0
1.0,liaoning,4.0,71.0,0.0,0.0,0.0,5041.0,1.0,9.0,10.165891,0.0,0.0,100.0,11.184435,3.0
1.0,liaoning,1.0,43.0,0.0,0.0,1.0,1849.0,0.0,12.0,11.002116,0.0,0.0,100.0,13.304687,4.0
1.0,liaoning,5.0,58.0,3.9318256,0.0,1.0,3364.0,1.0,9.0,9.9035378,0.0,0.0,100.0,10.59666,4.0
1.0,liaoning,4.0,58.0,0.0,0.0,1.0,3364.0,1.0,9.0,10.085851,0.0,0.0,100.0,10.778977,2.0
1.0,liaoning,4.0,48.0,0.0,0.0,1.0,2304.0,1.0,9.0,0.0,1.0,0.0,100.0,9.9523249,3.0
1.0,liaoning,4.0,48.0,2.3978953,0.0,1.0,2304.0,0.0,19.0,13.122365,0.0,1.0,100.0,11.289794,4.0
1.0,liaoning,4.0,26.0,0.0,0.0,0.0,676.0,0.0,19.0,0.0,0.0,0.0,100.0,10.59666,3.0
1.0,liaoning,3.0,56.0,0.0,0.0,1.0,3136.0,0.0,15.0,10.308986,0.0,1.0,100.0,10.59666,5.0
1.0,liaoning,4.0,79.0,0.0,0.0,0.0,6241.0,0.0,16.0,10.491302,0.0,1.0,100.0,10.308986,4.0
1.0,liaoning,4.0,46.0,0.0,1.0,0.0,2116.0,0.0,16.0,11.002116,0.0,0.0,100.0,11.002116,4.0
0.0,liaoning,4.0,48.0,0.0,0.0,1.0,2304.0,1.0,0.0,7.6014023,1.0,0.0,100.0,8.9873219,2.0
1.0,liaoning,3.0,41.0,0.0,1.0,0.0,1681.0,1.0,16.0,11.512936,0.0,1.0,100.0,11.512936,3.0
1.0,liaoning,4.0,66.0,0.0,0.0,1.0,4356.0,0.0,9.0,10.59666,0.0,0.0,100.0,10.59666,3.0
1.0,liaoning,4.0,39.0,0.0,0.0,1.0,1521.0,1.0,9.0,10.71444,0.0,0.0,100.0,11.512936,4.0
1.0,liaoning,5.0,81.0,0.0,0.0,1.0,6561.0,0.0,12.0,10.673619,0.0,0.0,100.0,10.819798,5.0
1.0,liaoning,5.0,28.0,0.0,0.0,0.0,784.0,0.0,12.0,11.184435,1.0,0.0,100.0,12.206078,4.0
1.0,liaoning,5.0,45.0,0.0,0.0,1.0,2025.0,0.0,15.0,12.611541,0.0,0.0,100.0,12.611541,5.0
1.0,liaoning,3.0,28.0,0.0,1.0,0.0,784.0,1.0,15.0,11.512936,0.0,0.0,100.0,11.512936,4.0
1.0,liaoning,4.0,45.0,0.0,0.0,0.0,2025.0,1.0,9.0,10.463132,0.0,0.0,100.0,11.156265,4.0
1.0,liaoning,5.0,48.0,0.0,0.0,1.0,2304.0,1.0,9.0,9.9035378,0.0,0.0,100.0,11.608245,5.0
1.0,liaoning,5.0,59.0,4.6151204,0.0,1.0,3481.0,1.0,12.0,10.491302,0.0,1.0,100.0,11.289794,5.0
1.0,liaoning,3.0,44.0,0.0,0.0,1.0,1936.0,0.0,6.0,10.59666,1.0,0.0,100.0,11.002116,3.0
1.0,liaoning,4.0,56.0,0.0,0.0,1.0,3136.0,0.0,9.0,0.0,1.0,0.0,100.0,9.9035378,4.0
1.0,liaoning,5.0,78.0,0.0,0.0,1.0,6084.0,1.0,9.0,10.085851,0.0,0.0,100.0,10.308986,2.0
1.0,liaoning,5.0,71.0,1.0986123,0.0,1.0,5041.0,0.0,15.0,10.645449,0.0,1.0,100.0,11.264477,3.0
1.0,liaoning,4.0,28.0,0.0,0.0,1.0,784.0,0.0,12.0,11.002116,0.0,0.0,100.0,11.002116,4.0
1.0,liaoning,4.0,63.0,0.0,0.0,0.0,3969.0,1.0,0.0,0.0,1.0,0.0,100.0,10.308986,2.0
1.0,liaoning,5.0,66.0,0.0,0.0,1.0,4356.0,1.0,0.0,8.0067005,1.0,0.0,100.0,9.9035378,4.0
1.0,liaoning,1.0,85.0,0.0,0.0,0.0,7225.0,1.0,6.0,10.085851,0.0,0.0,100.0,10.085851,1.0
1.0,liaoning,5.0,68.0,2.3978953,0.0,1.0,4624.0,1.0,9.0,9.2104406,1.0,0.0,100.0,10.308986,2.0
1.0,liaoning,4.0,66.0,0.0,0.0,1.0,4356.0,0.0,6.0,9.6158724,1.0,0.0,100.0,9.7981825,4.0
1.0,liaoning,4.0,49.0,0.0,1.0,1.0,2401.0,0.0,12.0,0.0,0.0,0.0,100.0,10.59666,4.0
1.0,liaoning,4.0,28.0,0.0,1.0,1.0,784.0,1.0,15.0,10.819798,1.0,0.0,100.0,11.918397,4.0
1.0,liaoning,5.0,79.0,0.0,0.0,1.0,6241.0,1.0,12.0,10.62961,1.0,0.0,100.0,11.047727,3.0
1.0,liaoning,4.0,61.0,0.0,0.0,1.0,3721.0,0.0,9.0,9.4727812,1.0,0.0,100.0,9.4727812,3.0
1.0,liaoning,4.0,22.0,0.0,0.0,0.0,484.0,0.0,16.0,0.0,0.0,1.0,100.0,10.819798,4.0
1.0,liaoning,2.0,39.0,0.0,0.0,1.0,1521.0,1.0,9.0,8.9873219,0.0,0.0,100.0,10.308986,4.0
1.0,liaoning,4.0,51.0,1.3862944,0.0,1.0,2601.0,1.0,12.0,10.085851,0.0,0.0,100.0,11.002116,4.0
1.0,liaoning,4.0,25.0,1.6094379,0.0,0.0,625.0,0.0,16.0,9.9035378,0.0,0.0,100.0,9.9035378,5.0
0.0,liaoning,4.0,44.0,2.1972246,0.0,1.0,1936.0,1.0,6.0,8.0067005,1.0,0.0,100.0,9.2104406,3.0
1.0,liaoning,3.0,49.0,0.0,0.0,1.0,2401.0,0.0,9.0,0.0,0.0,0.0,100.0,9.9804945,1.0
1.0,liaoning,3.0,46.0,0.0,0.0,1.0,2116.0,1.0,12.0,0.0,0.0,0.0,100.0,10.308986,3.0
1.0,liaoning,4.0,79.0,0.0,0.0,0.0,6241.0,0.0,6.0,10.491302,0.0,1.0,100.0,10.491302,4.0
1.0,liaoning,4.0,55.0,0.0,0.0,1.0,3025.0,0.0,9.0,10.308986,1.0,0.0,100.0,10.59666,3.0
1.0,liaoning,4.0,60.0,2.3978953,0.0,1.0,3600.0,0.0,16.0,11.512936,0.0,1.0,100.0,11.918397,4.0
1.0,liaoning,5.0,66.0,2.3978953,0.0,1.0,4356.0,0.0,15.0,10.915107,0.0,1.0,100.0,11.326608,4.0
1.0,liaoning,4.0,32.0,0.0,0.0,0.0,1024.0,0.0,16.0,12.206078,0.0,0.0,100.0,12.206078,5.0
1.0,liaoning,4.0,63.0,0.0,1.0,0.0,3969.0,1.0,0.0,0.0,1.0,0.0,100.0,8.5173931,1.0
1.0,liaoning,4.0,72.0,0.0,0.0,1.0,5184.0,0.0,12.0,10.491302,0.0,1.0,100.0,11.695255,3.0
1.0,liaoning,5.0,39.0,2.3978953,0.0,1.0,1521.0,0.0,16.0,10.819798,0.0,1.0,100.0,11.512936,4.0
1.0,liaoning,4.0,37.0,0.0,0.0,0.0,1369.0,0.0,16.0,11.512936,0.0,0.0,100.0,11.918397,5.0
1.0,liaoning,5.0,43.0,0.0,0.0,1.0,1849.0,0.0,12.0,9.6804066,1.0,0.0,100.0,9.9035378,5.0
1.0,liaoning,4.0,59.0,1.7917595,0.0,1.0,3481.0,0.0,12.0,0.0,0.0,0.0,100.0,10.308986,3.0
1.0,liaoning,5.0,66.0,0.0,0.0,1.0,4356.0,0.0,9.0,10.59666,0.0,1.0,100.0,10.59666,5.0
1.0,liaoning,4.0,67.0,0.0,0.0,1.0,4489.0,0.0,9.0,10.701017,0.0,1.0,100.0,11.079077,2.0
1.0,liaoning,5.0,30.0,1.7917595,0.0,1.0,900.0,0.0,12.0,10.59666,0.0,0.0,100.0,10.59666,4.0
1.0,liaoning,4.0,72.0,0.0,0.0,1.0,5184.0,1.0,0.0,,1.0,0.0,100.0,,3.0
1.0,liaoning,4.0,55.0,0.0,0.0,0.0,3025.0,1.0,15.0,,0.0,1.0,100.0,11.289794,4.0
1.0,liaoning,3.0,50.0,2.3978953,0.0,1.0,2500.0,1.0,9.0,10.308986,1.0,0.0,100.0,10.819798,2.0
0.0,liaoning,4.0,54.0,0.0,0.0,1.0,2916.0,0.0,9.0,8.8538084,1.0,0.0,100.0,9.9035378,4.0
1.0,liaoning,4.0,62.0,0.0,0.0,1.0,3844.0,0.0,9.0,11.002116,0.0,0.0,100.0,10.59666,3.0
1.0,liaoning,4.0,50.0,1.9459101,0.0,0.0,2500.0,1.0,9.0,0.0,1.0,0.0,100.0,11.512936,3.0
0.0,liaoning,5.0,63.0,0.0,0.0,1.0,3969.0,0.0,12.0,9.9035378,0.0,0.0,100.0,10.308986,3.0
1.0,liaoning,4.0,31.0,0.0,0.0,0.0,961.0,0.0,16.0,12.611541,0.0,0.0,100.0,12.899222,4.0
1.0,liaoning,5.0,58.0,0.0,0.0,1.0,3364.0,0.0,12.0,10.819798,1.0,0.0,100.0,11.156265,4.0
1.0,liaoning,4.0,32.0,0.0,0.0,1.0,1024.0,0.0,16.0,11.082158,0.0,1.0,100.0,11.512936,2.0
1.0,liaoning,4.0,43.0,0.0,0.0,1.0,1849.0,0.0,9.0,10.308986,1.0,0.0,100.0,10.308986,3.0
1.0,liaoning,5.0,68.0,0.0,0.0,1.0,4624.0,1.0,9.0,9.9035378,0.0,1.0,100.0,11.156265,3.0
0.0,liaoning,4.0,60.0,0.0,0.0,1.0,3600.0,1.0,6.0,7.6014023,1.0,0.0,100.0,8.5173931,4.0
1.0,liaoning,4.0,47.0,0.0,0.0,1.0,2209.0,1.0,0.0,0.0,0.0,0.0,100.0,10.308986,4.0
1.0,liaoning,5.0,19.0,0.0,0.0,0.0,361.0,1.0,16.0,0.0,0.0,0.0,100.0,11.002116,4.0
1.0,liaoning,4.0,65.0,0.0,0.0,1.0,4225.0,1.0,6.0,9.5750532,1.0,0.0,100.0,10.778977,4.0
1.0,liaoning,5.0,59.0,0.0,0.0,1.0,3481.0,0.0,9.0,10.71444,0.0,0.0,100.0,11.472114,3.0
1.0,liaoning,4.0,68.0,0.0,0.0,1.0,4624.0,1.0,6.0,10.085851,0.0,0.0,100.0,11.264477,5.0
1.0,liaoning,4.0,44.0,0.0,0.0,1.0,1936.0,1.0,12.0,9.5468836,0.0,0.0,100.0,10.819798,3.0
1.0,liaoning,4.0,32.0,0.0,0.0,1.0,1024.0,0.0,9.0,10.819798,1.0,0.0,100.0,11.002116,3.0
1.0,liaoning,4.0,79.0,1.6094379,0.0,0.0,6241.0,1.0,12.0,10.308986,0.0,0.0,100.0,10.308986,3.0
1.0,liaoning,4.0,51.0,0.0,0.0,1.0,2601.0,1.0,9.0,10.385944,0.0,0.0,100.0,10.71444,3.0
1.0,liaoning,4.0,41.0,1.7917595,0.0,1.0,1681.0,1.0,6.0,10.308986,0.0,0.0,100.0,11.002116,4.0
1.0,liaoning,5.0,46.0,0.0,1.0,1.0,2116.0,1.0,6.0,,1.0,0.0,100.0,,5.0
1.0,liaoning,4.0,58.0,2.3978953,0.0,1.0,3364.0,1.0,6.0,10.59666,0.0,0.0,100.0,10.59666,3.0
1.0,liaoning,4.0,48.0,1.7917595,0.0,0.0,2304.0,1.0,16.0,11.002116,0.0,0.0,100.0,,3.0
1.0,liaoning,4.0,90.0,0.0,0.0,0.0,8100.0,1.0,0.0,10.239996,0.0,0.0,100.0,10.819798,1.0
0.0,liaoning,3.0,53.0,0.0,0.0,1.0,2809.0,0.0,9.0,9.6158724,1.0,0.0,100.0,9.9035378,4.0
1.0,liaoning,2.0,52.0,0.0,0.0,1.0,2704.0,1.0,6.0,0.0,1.0,0.0,100.0,9.6158724,1.0
1.0,liaoning,4.0,53.0,0.0,0.0,1.0,2809.0,0.0,12.0,10.308986,0.0,1.0,100.0,10.308986,4.0
0.0,liaoning,5.0,79.0,0.0,0.0,0.0,6241.0,0.0,12.0,8.412055,1.0,1.0,100.0,9.2104406,3.0
1.0,liaoning,4.0,49.0,0.0,0.0,1.0,2401.0,0.0,12.0,10.308986,1.0,0.0,100.0,10.308986,4.0
1.0,liaoning,4.0,61.0,0.0,0.0,1.0,3721.0,0.0,16.0,11.289794,0.0,1.0,100.0,11.289794,4.0
1.0,liaoning,3.0,28.0,0.0,0.0,0.0,784.0,1.0,16.0,10.819798,0.0,0.0,100.0,11.002116,3.0
1.0,liaoning,5.0,71.0,0.0,0.0,1.0,5041.0,1.0,9.0,10.308986,0.0,1.0,100.0,10.819798,3.0
1.0,liaoning,4.0,20.0,0.0,0.0,0.0,400.0,0.0,16.0,0.0,1.0,0.0,100.0,10.819798,5.0
1.0,liaoning,4.0,55.0,0.0,0.0,0.0,3025.0,1.0,12.0,10.126671,0.0,0.0,100.0,10.126671,4.0
1.0,liaoning,4.0,43.0,3.4339871,0.0,1.0,1849.0,1.0,9.0,9.9035378,1.0,0.0,100.0,10.819798,3.0
1.0,liaoning,3.0,25.0,3.4339871,0.0,0.0,625.0,1.0,16.0,10.819798,1.0,0.0,100.0,10.819798,4.0
1.0,liaoning,2.0,53.0,1.7917595,0.0,0.0,2809.0,0.0,9.0,9.6158724,0.0,0.0,100.0,9.6158724,3.0
1.0,liaoning,4.0,65.0,0.0,0.0,1.0,4225.0,1.0,15.0,11.918397,0.0,1.0,100.0,12.611541,4.0
1.0,liaoning,4.0,84.0,0.0,0.0,1.0,7056.0,1.0,6.0,10.491302,1.0,0.0,100.0,10.491302,1.0
0.0,liaoning,4.0,57.0,0.0,0.0,1.0,3249.0,1.0,9.0,8.6996813,1.0,0.0,100.0,9.2104406,3.0
1.0,liaoning,1.0,37.0,0.0,0.0,0.0,1369.0,0.0,9.0,9.9035378,0.0,0.0,100.0,9.9035378,2.0
1.0,liaoning,5.0,20.0,0.0,0.0,0.0,400.0,1.0,15.0,0.0,0.0,0.0,100.0,9.2104406,4.0
1.0,liaoning,4.0,58.0,0.0,0.0,1.0,3364.0,0.0,9.0,9.9035378,0.0,0.0,100.0,9.2104406,4.0
1.0,liaoning,4.0,46.0,0.0,0.0,1.0,2116.0,1.0,9.0,0.0,0.0,0.0,100.0,10.819798,3.0
1.0,liaoning,4.0,38.0,0.0,0.0,1.0,1444.0,1.0,9.0,0.0,1.0,0.0,100.0,10.085851,5.0
1.0,liaoning,5.0,71.0,0.0,0.0,1.0,5041.0,0.0,12.0,10.085851,0.0,0.0,100.0,11.512936,3.0
1.0,liaoning,4.0,24.0,0.0,0.0,0.0,576.0,0.0,15.0,11.918397,1.0,0.0,100.0,11.918397,4.0
1.0,liaoning,5.0,69.0,0.0,0.0,1.0,4761.0,1.0,9.0,0.0,0.0,0.0,100.0,10.348206,2.0
1.0,liaoning,3.0,56.0,0.0,0.0,1.0,3136.0,1.0,9.0,0.0,1.0,0.0,100.0,10.308986,3.0
1.0,liaoning,4.0,36.0,2.3978953,0.0,1.0,1296.0,0.0,9.0,10.59666,1.0,0.0,100.0,11.002116,5.0
0.0,liaoning,4.0,69.0,0.0,0.0,1.0,4761.0,1.0,6.0,0.0,1.0,0.0,100.0,10.463132,4.0
1.0,liaoning,3.0,28.0,0.4054651,1.0,0.0,784.0,1.0,19.0,11.225257,0.0,0.0,100.0,11.225257,4.0
1.0,liaoning,4.0,67.0,0.0,0.0,1.0,4489.0,1.0,9.0,9.6158724,0.0,0.0,100.0,10.203629,2.0
1.0,liaoning,4.0,66.0,0.0,0.0,1.0,4356.0,0.0,15.0,10.819798,0.0,1.0,100.0,11.156265,3.0
1.0,liaoning,4.0,81.0,2.3978953,0.0,0.0,6561.0,1.0,0.0,10.085851,0.0,0.0,100.0,11.225257,2.0
1.0,liaoning,4.0,27.0,0.0,0.0,0.0,729.0,0.0,12.0,10.085851,0.0,0.0,100.0,10.085851,4.0
1.0,liaoning,4.0,66.0,0.0,0.0,1.0,4356.0,1.0,6.0,9.3057413,1.0,0.0,100.0,10.341775,2.0
1.0,liaoning,2.0,45.0,0.0,0.0,1.0,2025.0,1.0,9.0,0.0,0.0,0.0,100.0,0.0,2.0
1.0,liaoning,4.0,58.0,2.3978953,0.0,0.0,3364.0,1.0,9.0,0.0,0.0,0.0,100.0,10.308986,4.0
1.0,liaoning,4.0,49.0,0.0,1.0,1.0,2401.0,1.0,16.0,10.819798,0.0,0.0,100.0,11.512936,4.0
1.0,liaoning,5.0,59.0,0.0,0.0,1.0,3481.0,0.0,9.0,10.308986,0.0,0.0,100.0,10.819798,4.0
1.0,liaoning,4.0,24.0,0.0,0.0,0.0,576.0,1.0,16.0,9.392745,1.0,0.0,100.0,9.392745,5.0
1.0,liaoning,4.0,80.0,3.0445225,0.0,0.0,6400.0,1.0,15.0,10.819798,0.0,1.0,100.0,13.304687,4.0
1.0,liaoning,4.0,48.0,0.0,0.0,0.0,2304.0,1.0,9.0,0.0,0.0,0.0,100.0,10.59666,2.0
1.0,liaoning,4.0,63.0,0.0,0.0,1.0,3969.0,1.0,12.0,9.9035378,0.0,0.0,100.0,10.819798,3.0
0.0,liaoning,5.0,60.0,0.0,0.0,1.0,3600.0,0.0,6.0,8.8538084,1.0,0.0,100.0,8.8538084,2.0
1.0,liaoning,5.0,20.0,1.0986123,0.0,0.0,400.0,1.0,16.0,0.0,1.0,0.0,100.0,10.819798,5.0
1.0,liaoning,4.0,43.0,0.0,0.0,0.0,1849.0,0.0,16.0,10.491302,0.0,0.0,100.0,10.491302,4.0
1.0,liaoning,5.0,84.0,0.0,0.0,0.0,7056.0,1.0,6.0,10.085851,0.0,1.0,100.0,10.59666,4.0
1.0,liaoning,4.0,75.0,0.0,0.0,0.0,5625.0,1.0,6.0,0.0,1.0,0.0,100.0,0.0,4.0
1.0,liaoning,5.0,84.0,0.0,0.0,0.0,7056.0,1.0,0.0,10.085851,0.0,0.0,100.0,10.085851,5.0
1.0,liaoning,4.0,31.0,0.0,0.0,1.0,961.0,1.0,15.0,10.308986,1.0,0.0,100.0,11.407576,4.0
1.0,liaoning,2.0,62.0,0.0,0.0,0.0,3844.0,1.0,9.0,10.308986,0.0,0.0,100.0,10.308986,3.0
1.0,liaoning,4.0,54.0,0.0,0.0,1.0,2916.0,0.0,9.0,9.7410278,1.0,1.0,100.0,9.7410278,4.0
0.0,liaoning,4.0,64.0,0.0,0.0,1.0,4096.0,1.0,6.0,6.2166061,1.0,0.0,100.0,8.6126852,3.0
1.0,liaoning,4.0,74.0,0.0,0.0,0.0,5476.0,0.0,6.0,9.9035378,1.0,0.0,100.0,9.9035378,4.0
1.0,liaoning,2.0,38.0,0.0,0.0,0.0,1444.0,1.0,9.0,9.6158724,0.0,0.0,100.0,9.6158724,2.0
1.0,liaoning,4.0,62.0,0.0,0.0,1.0,3844.0,1.0,16.0,11.512936,0.0,1.0,100.0,12.206078,4.0
1.0,liaoning,5.0,53.0,0.0,0.0,1.0,2809.0,1.0,9.0,10.181157,0.0,0.0,100.0,11.156265,4.0
1.0,liaoning,4.0,30.0,0.0,0.0,1.0,900.0,1.0,6.0,9.9035378,1.0,0.0,100.0,11.002116,4.0
0.0,liaoning,4.0,41.0,1.3862944,0.0,1.0,1681.0,1.0,6.0,6.9087548,1.0,0.0,100.0,9.9035378,4.0
1.0,liaoning,5.0,47.0,0.0,0.0,1.0,2209.0,0.0,16.0,11.512936,0.0,1.0,100.0,12.04356,5.0
1.0,liaoning,5.0,51.0,0.0,0.0,1.0,2601.0,1.0,15.0,10.71444,0.0,1.0,100.0,11.512936,4.0
1.0,liaoning,5.0,31.0,0.0,0.0,1.0,961.0,0.0,0.0,11.002116,1.0,0.0,100.0,11.289794,5.0
1.0,liaoning,5.0,26.0,0.0,0.0,0.0,676.0,1.0,19.0,9.2104406,0.0,1.0,100.0,9.9035378,4.0
1.0,liaoning,5.0,42.0,0.0,0.0,1.0,1764.0,0.0,12.0,10.308986,0.0,0.0,100.0,11.002116,4.0
1.0,liaoning,5.0,27.0,0.0,0.0,0.0,729.0,1.0,19.0,0.0,1.0,0.0,100.0,11.002116,5.0
1.0,liaoning,4.0,25.0,1.3862944,1.0,0.0,625.0,1.0,16.0,0.0,1.0,0.0,100.0,9.9035378,5.0
1.0,liaoning,4.0,63.0,0.0,0.0,0.0,3969.0,0.0,6.0,9.7981825,1.0,0.0,100.0,9.7981825,2.0
1.0,liaoning,2.0,60.0,1.3862944,0.0,0.0,3600.0,1.0,12.0,0.0,1.0,0.0,100.0,11.002116,2.0
1.0,liaoning,4.0,65.0,0.0,0.0,1.0,4225.0,0.0,9.0,10.422311,0.0,0.0,100.0,10.896758,4.0
1.0,liaoning,4.0,67.0,1.7917595,0.0,0.0,4489.0,0.0,0.0,9.9523249,0.0,0.0,100.0,9.9523249,3.0
1.0,liaoning,5.0,67.0,0.0,0.0,1.0,4489.0,0.0,9.0,10.819798,0.0,0.0,100.0,11.289794,3.0
1.0,liaoning,3.0,80.0,0.0,0.0,0.0,6400.0,1.0,0.0,,1.0,0.0,100.0,,2.0
1.0,liaoning,2.0,18.0,0.0,0.0,0.0,324.0,1.0,12.0,0.0,0.0,0.0,100.0,10.085851,4.0
1.0,liaoning,5.0,46.0,0.0,0.0,1.0,2116.0,0.0,12.0,10.59666,1.0,0.0,100.0,10.59666,5.0
0.0,liaoning,4.0,54.0,2.3978953,0.0,1.0,2916.0,1.0,6.0,10.308986,1.0,0.0,100.0,10.59666,3.0
1.0,liaoning,4.0,36.0,0.0,1.0,1.0,1296.0,0.0,15.0,11.512936,0.0,0.0,100.0,11.512936,4.0
1.0,liaoning,4.0,59.0,2.3978953,0.0,1.0,3481.0,1.0,9.0,10.126671,0.0,0.0,100.0,10.819798,4.0
1.0,liaoning,4.0,39.0,0.0,0.0,1.0,1521.0,0.0,16.0,11.289794,0.0,0.0,100.0,11.002116,5.0
1.0,liaoning,3.0,68.0,0.0,0.0,1.0,4624.0,1.0,12.0,0.0,0.0,0.0,100.0,0.0,4.0
1.0,liaoning,5.0,42.0,0.0,0.0,0.0,1764.0,1.0,9.0,9.6158724,0.0,0.0,100.0,9.6158724,5.0
1.0,liaoning,4.0,66.0,0.0,0.0,1.0,4356.0,0.0,12.0,10.308986,0.0,0.0,100.0,10.59666,3.0
1.0,liaoning,5.0,67.0,0.0,0.0,0.0,4489.0,1.0,9.0,10.308986,0.0,0.0,100.0,10.308986,3.0
1.0,liaoning,2.0,21.0,0.0,0.0,0.0,441.0,0.0,9.0,9.9035378,0.0,0.0,100.0,9.9035378,5.0
1.0,liaoning,4.0,60.0,0.0,0.0,1.0,3600.0,1.0,9.0,0.0,1.0,0.0,100.0,10.308986,2.0
1.0,liaoning,4.0,19.0,0.0,0.0,0.0,361.0,0.0,16.0,0.0,0.0,0.0,100.0,11.512936,5.0
1.0,liaoning,5.0,18.0,0.69314718,0.0,0.0,324.0,1.0,16.0,0.0,0.0,0.0,100.0,11.512936,5.0
1.0,liaoning,5.0,51.0,0.0,0.0,1.0,2601.0,1.0,16.0,11.002116,0.0,0.0,100.0,11.512936,4.0
1.0,liaoning,2.0,70.0,0.0,0.0,1.0,4900.0,0.0,12.0,11.695255,0.0,1.0,100.0,11.695255,4.0
1.0,liaoning,4.0,33.0,1.9459101,0.0,0.0,1089.0,0.0,12.0,10.308986,1.0,0.0,100.0,10.308986,5.0
1.0,liaoning,3.0,20.0,0.0,1.0,0.0,400.0,1.0,16.0,,1.0,0.0,100.0,12.611541,3.0
1.0,liaoning,3.0,50.0,0.0,0.0,0.0,2500.0,1.0,16.0,,0.0,0.0,100.0,,2.0
1.0,liaoning,3.0,58.0,0.0,1.0,0.0,3364.0,1.0,15.0,10.126671,0.0,0.0,100.0,10.126671,4.0
1.0,liaoning,5.0,25.0,0.0,0.0,1.0,625.0,1.0,19.0,0.0,1.0,0.0,100.0,11.002116,4.0
1.0,liaoning,4.0,39.0,0.0,0.0,0.0,1521.0,0.0,12.0,9.9035378,0.0,0.0,100.0,9.9035378,3.0
1.0,liaoning,4.0,53.0,0.0,0.0,1.0,2809.0,1.0,9.0,9.7981825,0.0,0.0,100.0,10.308986,4.0
1.0,liaoning,3.0,54.0,0.0,0.0,1.0,2916.0,1.0,12.0,0.0,0.0,0.0,100.0,11.289794,4.0
1.0,liaoning,4.0,22.0,1.3862944,0.0,0.0,484.0,0.0,16.0,0.0,0.0,0.0,100.0,10.778977,5.0
1.0,liaoning,4.0,60.0,2.3978953,0.0,1.0,3600.0,1.0,6.0,0.0,0.0,0.0,100.0,9.9035378,5.0
1.0,liaoning,4.0,80.0,0.0,0.0,0.0,6400.0,1.0,0.0,6.9087548,0.0,0.0,100.0,9.9035378,2.0
1.0,liaoning,5.0,54.0,0.0,0.0,1.0,2916.0,0.0,9.0,0.0,0.0,0.0,100.0,9.9035378,3.0
1.0,liaoning,4.0,70.0,0.0,0.0,1.0,4900.0,1.0,9.0,10.181157,0.0,0.0,100.0,10.181157,3.0
1.0,liaoning,4.0,30.0,0.0,1.0,1.0,900.0,0.0,9.0,0.0,0.0,1.0,100.0,,5.0
1.0,liaoning,3.0,52.0,0.0,1.0,1.0,2704.0,1.0,9.0,9.9035378,1.0,0.0,100.0,10.308986,5.0
0.0,liaoning,5.0,78.0,0.0,0.0,0.0,6084.0,1.0,6.0,0.0,1.0,0.0,100.0,9.6158724,4.0
1.0,liaoning,4.0,87.0,0.0,0.0,0.0,7569.0,1.0,0.0,8.4765797,0.0,0.0,100.0,8.2430191,1.0
1.0,liaoning,5.0,38.0,0.0,0.0,1.0,1444.0,0.0,9.0,9.6158724,0.0,0.0,100.0,10.308986,5.0
1.0,liaoning,3.0,49.0,0.0,0.0,1.0,2401.0,1.0,15.0,,0.0,1.0,100.0,,4.0
1.0,liaoning,4.0,27.0,0.0,0.0,0.0,729.0,0.0,16.0,11.289794,0.0,0.0,100.0,11.289794,4.0
1.0,liaoning,4.0,26.0,0.0,0.0,1.0,676.0,1.0,9.0,0.0,1.0,0.0,100.0,12.206078,5.0
1.0,liaoning,4.0,18.0,0.0,0.0,0.0,324.0,0.0,12.0,9.2104406,1.0,0.0,100.0,10.819798,5.0
1.0,liaoning,4.0,61.0,0.0,0.0,1.0,3721.0,0.0,12.0,10.58661,0.0,0.0,100.0,11.002116,4.0
1.0,liaoning,4.0,30.0,0.0,0.0,0.0,900.0,0.0,9.0,10.819798,1.0,0.0,100.0,10.819798,4.0
1.0,liaoning,4.0,65.0,0.0,0.0,1.0,4225.0,0.0,15.0,10.778977,0.0,1.0,100.0,10.819798,4.0
1.0,liaoning,2.0,26.0,0.0,0.0,0.0,676.0,0.0,15.0,10.59666,0.0,0.0,100.0,12.100718,4.0
0.0,liaoning,4.0,52.0,0.0,0.0,1.0,2704.0,1.0,6.0,0.0,1.0,0.0,100.0,8.5173931,1.0
1.0,liaoning,4.0,66.0,0.0,0.0,0.0,4356.0,1.0,9.0,10.085851,0.0,0.0,100.0,10.085851,3.0
1.0,liaoning,4.0,45.0,0.0,0.0,1.0,2025.0,0.0,9.0,11.512936,1.0,0.0,100.0,11.918397,3.0
1.0,liaoning,4.0,32.0,0.0,0.0,1.0,1024.0,0.0,16.0,9.9035378,0.0,1.0,100.0,10.59666,4.0
1.0,liaoning,4.0,21.0,0.0,0.0,0.0,441.0,0.0,16.0,7.6014023,1.0,0.0,100.0,10.819798,5.0
1.0,liaoning,5.0,63.0,1.9459101,0.0,1.0,3969.0,0.0,9.0,9.9035378,0.0,0.0,100.0,10.59666,4.0
1.0,liaoning,4.0,45.0,0.0,0.0,1.0,2025.0,0.0,16.0,11.156265,0.0,0.0,100.0,11.512936,2.0
1.0,liaoning,4.0,63.0,0.0,1.0,1.0,3969.0,0.0,15.0,10.645449,0.0,1.0,100.0,11.407576,2.0
1.0,liaoning,4.0,70.0,0.0,0.0,1.0,4900.0,1.0,9.0,10.239996,0.0,0.0,100.0,11.002116,4.0
0.0,liaoning,4.0,56.0,0.0,0.0,1.0,3136.0,1.0,6.0,7.6014023,1.0,0.0,100.0,8.2943001,2.0
1.0,liaoning,3.0,43.0,2.3978953,0.0,1.0,1849.0,1.0,12.0,9.9035378,1.0,0.0,100.0,10.819798,4.0
1.0,liaoning,4.0,78.0,0.0,0.0,1.0,6084.0,1.0,9.0,10.308986,0.0,0.0,100.0,11.002116,3.0
1.0,liaoning,3.0,40.0,0.0,0.0,1.0,1600.0,1.0,0.0,10.59666,0.0,0.0,100.0,11.512936,4.0
1.0,liaoning,4.0,27.0,0.0,0.0,0.0,729.0,1.0,16.0,0.0,1.0,0.0,100.0,10.59666,5.0
1.0,liaoning,5.0,58.0,2.3978953,0.0,1.0,3364.0,0.0,12.0,10.308986,0.0,0.0,100.0,10.308986,5.0
1.0,liaoning,4.0,29.0,0.0,0.0,1.0,841.0,1.0,12.0,,1.0,0.0,100.0,12.206078,4.0
1.0,liaoning,4.0,54.0,0.0,0.0,0.0,2916.0,1.0,9.0,9.2104406,0.0,0.0,100.0,10.59666,3.0
1.0,liaoning,4.0,63.0,0.0,0.0,1.0,3969.0,0.0,6.0,10.308986,0.0,0.0,100.0,11.002116,2.0
1.0,liaoning,4.0,40.0,0.0,0.0,1.0,1600.0,1.0,16.0,11.512936,0.0,1.0,100.0,12.345839,4.0
1.0,liaoning,4.0,20.0,0.0,0.0,0.0,400.0,0.0,16.0,0.0,0.0,0.0,100.0,0.0,5.0
1.0,liaoning,4.0,72.0,2.4849067,0.0,0.0,5184.0,1.0,12.0,9.2104406,0.0,0.0,100.0,9.2104406,4.0
1.0,liaoning,4.0,28.0,0.0,0.0,1.0,784.0,0.0,12.0,11.156265,1.0,0.0,100.0,11.918397,5.0
1.0,liaoning,2.0,56.0,0.0,0.0,1.0,3136.0,1.0,12.0,11.289794,0.0,0.0,100.0,11.512936,2.0
1.0,liaoning,4.0,57.0,0.0,0.0,0.0,3249.0,0.0,12.0,9.9233389,0.0,0.0,100.0,10.701017,1.0
1.0,liaoning,2.0,62.0,0.0,0.0,0.0,3844.0,0.0,9.0,9.7981825,0.0,0.0,100.0,9.7981825,3.0
1.0,liaoning,4.0,67.0,0.0,0.0,0.0,4489.0,0.0,6.0,0.0,1.0,0.0,100.0,10.126671,3.0
1.0,liaoning,4.0,77.0,0.0,1.0,1.0,5929.0,1.0,6.0,0.0,1.0,0.0,100.0,11.512936,2.0
1.0,liaoning,5.0,63.0,0.0,0.0,1.0,3969.0,0.0,9.0,10.491302,0.0,1.0,100.0,11.002116,4.0
1.0,liaoning,4.0,47.0,0.0,0.0,1.0,2209.0,0.0,9.0,9.9035378,0.0,0.0,100.0,10.819798,3.0
1.0,liaoning,4.0,62.0,0.0,0.0,1.0,3844.0,1.0,9.0,9.9035378,0.0,0.0,100.0,10.819798,4.0
1.0,liaoning,4.0,47.0,1.0986123,0.0,1.0,2209.0,0.0,9.0,12.206078,1.0,0.0,100.0,12.206078,5.0
1.0,liaoning,4.0,51.0,0.0,1.0,1.0,2601.0,1.0,9.0,0.0,0.0,0.0,100.0,9.9035378,4.0
1.0,liaoning,4.0,75.0,0.0,0.0,0.0,5625.0,1.0,16.0,11.002116,0.0,1.0,100.0,11.002116,3.0
1.0,liaoning,5.0,20.0,0.0,0.0,0.0,400.0,1.0,16.0,0.0,0.0,0.0,100.0,11.695255,5.0
1.0,liaoning,4.0,54.0,0.0,0.0,1.0,2916.0,0.0,9.0,9.7981825,1.0,0.0,100.0,9.7981825,3.0
1.0,liaoning,4.0,23.0,0.0,0.0,1.0,529.0,0.0,12.0,10.59666,0.0,0.0,100.0,10.59666,3.0
0.0,liaoning,4.0,58.0,0.0,0.0,1.0,3364.0,1.0,6.0,6.9087548,1.0,0.0,100.0,9.9035378,3.0
1.0,liaoning,4.0,60.0,3.9318256,0.0,1.0,3600.0,0.0,0.0,10.341775,0.0,1.0,100.0,10.463132,4.0
1.0,liaoning,4.0,74.0,1.7917595,0.0,1.0,5476.0,0.0,15.0,10.819798,0.0,1.0,100.0,11.512936,4.0
1.0,liaoning,2.0,74.0,0.0,1.0,1.0,5476.0,1.0,0.0,0.0,0.0,0.0,100.0,10.308986,1.0
1.0,liaoning,4.0,39.0,0.0,0.0,1.0,1521.0,0.0,15.0,10.308986,0.0,1.0,100.0,10.819798,3.0
1.0,liaoning,4.0,45.0,0.0,1.0,1.0,2025.0,0.0,12.0,10.819798,0.0,1.0,100.0,11.156265,3.0
1.0,liaoning,4.0,61.0,0.0,0.0,0.0,3721.0,0.0,6.0,10.126671,0.0,0.0,100.0,10.126671,4.0
1.0,liaoning,5.0,54.0,0.0,0.0,1.0,2916.0,1.0,6.0,9.9035378,1.0,0.0,100.0,10.308986,4.0
1.0,liaoning,4.0,75.0,3.9318256,0.0,1.0,5625.0,0.0,9.0,6.9285378,1.0,0.0,100.0,10.452216,3.0
1.0,liaoning,4.0,47.0,0.0,0.0,1.0,2209.0,0.0,6.0,10.085851,0.0,0.0,100.0,10.463132,4.0
1.0,liaoning,4.0,41.0,4.6151204,0.0,1.0,1681.0,0.0,12.0,11.184435,0.0,0.0,100.0,11.289794,4.0
1.0,liaoning,4.0,35.0,0.0,1.0,1.0,1225.0,0.0,15.0,10.819798,0.0,0.0,100.0,10.819798,3.0
1.0,liaoning,5.0,53.0,0.0,0.0,1.0,2809.0,0.0,6.0,9.6158724,0.0,0.0,100.0,9.6158724,3.0
1.0,liaoning,5.0,80.0,0.0,0.0,1.0,6400.0,1.0,6.0,10.085851,0.0,0.0,100.0,11.184435,2.0
1.0,liaoning,4.0,32.0,1.0986123,0.0,1.0,1024.0,1.0,9.0,0.0,1.0,0.0,100.0,13.304687,5.0
1.0,liaoning,5.0,55.0,0.0,0.0,1.0,3025.0,0.0,6.0,10.308986,1.0,0.0,100.0,11.002116,4.0
1.0,liaoning,3.0,63.0,0.0,1.0,1.0,3969.0,0.0,16.0,10.961295,0.0,1.0,100.0,11.918397,1.0
1.0,liaoning,4.0,73.0,0.0,0.0,1.0,5329.0,1.0,6.0,0.0,0.0,0.0,100.0,10.308986,3.0
1.0,liaoning,4.0,76.0,0.0,0.0,1.0,5776.0,0.0,15.0,11.156265,0.0,1.0,100.0,11.695255,3.0
1.0,liaoning,4.0,48.0,0.0,0.0,1.0,2304.0,1.0,12.0,10.819798,0.0,0.0,100.0,11.512936,3.0
1.0,liaoning,4.0,20.0,0.0,0.0,0.0,400.0,0.0,16.0,0.0,0.0,0.0,100.0,11.156265,5.0
1.0,liaoning,5.0,56.0,0.0,0.0,0.0,3136.0,1.0,12.0,10.308986,0.0,0.0,100.0,10.308986,4.0
0.0,liaoning,3.0,43.0,0.0,0.0,1.0,1849.0,0.0,9.0,9.2104406,1.0,0.0,100.0,9.9035378,3.0
1.0,liaoning,5.0,56.0,0.0,0.0,1.0,3136.0,1.0,9.0,0.0,1.0,0.0,100.0,9.2104406,4.0
1.0,liaoning,4.0,35.0,0.0,0.0,1.0,1225.0,1.0,19.0,10.819798,0.0,1.0,100.0,11.512936,4.0
1.0,liaoning,5.0,22.0,0.0,0.0,0.0,484.0,0.0,0.0,10.085851,0.0,0.0,100.0,11.512936,5.0
1.0,liaoning,4.0,65.0,1.9459101,0.0,1.0,4225.0,1.0,9.0,9.7981825,0.0,0.0,100.0,10.491302,4.0
1.0,liaoning,4.0,20.0,0.0,0.0,0.0,400.0,1.0,16.0,0.0,0.0,0.0,100.0,,4.0
1.0,liaoning,3.0,47.0,0.0,0.0,1.0,2209.0,1.0,12.0,9.9035378,0.0,0.0,100.0,10.819798,3.0
1.0,liaoning,3.0,46.0,0.0,0.0,0.0,2116.0,0.0,9.0,0.0,0.0,0.0,100.0,0.0,2.0
1.0,liaoning,5.0,20.0,0.0,0.0,0.0,400.0,0.0,15.0,0.0,0.0,0.0,100.0,11.002116,3.0
1.0,liaoning,5.0,56.0,0.0,0.0,1.0,3136.0,0.0,12.0,10.434145,0.0,0.0,100.0,11.002116,5.0
1.0,liaoning,4.0,62.0,0.0,0.0,1.0,3844.0,1.0,9.0,10.034559,0.0,0.0,100.0,10.778977,3.0
1.0,liaoning,4.0,62.0,0.0,0.0,1.0,3844.0,0.0,12.0,10.239996,0.0,0.0,100.0,10.874286,2.0
1.0,liaoning,4.0,21.0,0.0,0.0,0.0,441.0,0.0,15.0,0.0,0.0,0.0,100.0,12.100718,4.0
1.0,liaoning,4.0,39.0,0.0,0.0,1.0,1521.0,0.0,16.0,10.59666,0.0,0.0,100.0,11.289794,4.0
1.0,liaoning,4.0,56.0,4.2626801,0.0,1.0,3136.0,1.0,9.0,9.9035378,1.0,0.0,100.0,10.308986,4.0
1.0,liaoning,3.0,19.0,0.0,0.0,0.0,361.0,0.0,12.0,0.0,0.0,0.0,100.0,,5.0
1.0,liaoning,4.0,46.0,0.0,0.0,1.0,2116.0,0.0,12.0,11.512936,0.0,0.0,100.0,11.512936,4.0
1.0,liaoning,4.0,66.0,0.0,0.0,1.0,4356.0,0.0,9.0,0.0,0.0,0.0,100.0,10.268166,3.0
1.0,liaoning,4.0,41.0,0.0,0.0,0.0,1681.0,1.0,15.0,10.819798,1.0,0.0,100.0,10.819798,4.0
1.0,liaoning,4.0,25.0,0.0,0.0,0.0,625.0,0.0,15.0,9.2104406,1.0,0.0,100.0,9.2104406,5.0
1.0,liaoning,4.0,19.0,0.0,0.0,0.0,361.0,1.0,16.0,0.0,0.0,0.0,100.0,11.156265,4.0
1.0,liaoning,2.0,48.0,0.0,0.0,1.0,2304.0,0.0,15.0,10.819798,0.0,0.0,100.0,11.156265,4.0
0.0,liaoning,2.0,39.0,0.0,0.0,0.0,1521.0,0.0,6.0,8.0067005,1.0,0.0,100.0,9.2104406,3.0
1.0,liaoning,5.0,88.0,0.0,0.0,1.0,7744.0,1.0,6.0,9.2104406,1.0,0.0,100.0,10.308986,4.0
1.0,liaoning,4.0,57.0,0.0,0.0,1.0,3249.0,0.0,12.0,10.308986,0.0,1.0,100.0,11.002116,5.0
1.0,liaoning,5.0,70.0,0.0,1.0,1.0,4900.0,1.0,9.0,0.0,1.0,0.0,100.0,0.0,4.0
1.0,liaoning,4.0,33.0,0.0,1.0,1.0,1089.0,0.0,15.0,12.206078,0.0,0.0,100.0,12.611541,4.0
1.0,liaoning,3.0,48.0,1.7917595,0.0,1.0,2304.0,1.0,15.0,10.819798,0.0,0.0,100.0,11.289794,5.0
1.0,liaoning,4.0,22.0,0.0,0.0,0.0,484.0,1.0,16.0,0.0,0.0,0.0,100.0,0.0,5.0
1.0,liaoning,4.0,57.0,0.0,0.0,1.0,3249.0,0.0,0.0,10.491302,0.0,0.0,100.0,11.002116,3.0
0.0,liaoning,5.0,68.0,0.0,0.0,1.0,4624.0,1.0,0.0,6.2166061,1.0,0.0,100.0,6.9087548,1.0
1.0,liaoning,4.0,67.0,0.0,0.0,0.0,4489.0,1.0,6.0,9.8522472,1.0,0.0,100.0,9.8522472,3.0
1.0,liaoning,5.0,68.0,2.3978953,0.0,1.0,4624.0,1.0,6.0,9.7410278,1.0,0.0,100.0,10.59666,3.0
1.0,liaoning,4.0,25.0,0.0,0.0,0.0,625.0,0.0,19.0,0.0,1.0,0.0,100.0,11.512936,4.0
1.0,liaoning,4.0,54.0,0.0,0.0,0.0,2916.0,1.0,9.0,10.308986,0.0,0.0,100.0,10.819798,4.0
1.0,liaoning,4.0,73.0,1.3862944,0.0,1.0,5329.0,0.0,6.0,0.0,0.0,0.0,100.0,10.308986,1.0
1.0,liaoning,4.0,65.0,0.0,0.0,1.0,4225.0,1.0,9.0,9.9035378,0.0,0.0,100.0,10.819798,4.0
1.0,liaoning,4.0,71.0,1.0986123,0.0,0.0,5041.0,1.0,9.0,10.308986,0.0,0.0,100.0,10.308986,3.0
1.0,liaoning,5.0,30.0,4.6151204,1.0,1.0,900.0,0.0,9.0,10.915107,0.0,0.0,100.0,11.407576,4.0
1.0,liaoning,5.0,30.0,0.0,0.0,1.0,900.0,0.0,16.0,11.512936,0.0,0.0,100.0,12.100718,4.0
1.0,liaoning,4.0,50.0,0.0,0.0,1.0,2500.0,1.0,6.0,9.9035378,0.0,0.0,100.0,10.59666,4.0
1.0,liaoning,4.0,49.0,0.0,0.0,1.0,2401.0,1.0,9.0,9.2104406,0.0,0.0,100.0,10.308986,4.0
1.0,liaoning,5.0,56.0,0.0,0.0,1.0,3136.0,0.0,9.0,11.512936,1.0,0.0,100.0,11.512936,4.0
1.0,liaoning,4.0,41.0,2.3978953,0.0,1.0,1681.0,1.0,9.0,10.59666,0.0,0.0,100.0,11.156265,4.0
1.0,liaoning,5.0,36.0,0.0,0.0,1.0,1296.0,0.0,16.0,10.915107,1.0,0.0,100.0,11.512936,4.0
1.0,liaoning,4.0,29.0,0.69314718,0.0,1.0,841.0,1.0,9.0,0.0,0.0,0.0,100.0,11.289794,3.0
1.0,liaoning,2.0,31.0,0.0,0.0,1.0,961.0,0.0,12.0,12.611541,1.0,0.0,100.0,12.765692,4.0
1.0,liaoning,5.0,23.0,0.0,0.0,0.0,529.0,1.0,12.0,9.9035378,1.0,0.0,100.0,9.9035378,3.0
1.0,liaoning,4.0,71.0,0.0,0.0,1.0,5041.0,1.0,9.0,9.7981825,1.0,0.0,100.0,10.463132,4.0
1.0,liaoning,5.0,60.0,0.0,0.0,1.0,3600.0,0.0,15.0,9.9035378,0.0,1.0,100.0,10.59666,1.0
1.0,liaoning,4.0,25.0,0.0,1.0,0.0,625.0,0.0,9.0,11.002116,1.0,0.0,100.0,11.002116,5.0
1.0,liaoning,1.0,47.0,1.6094379,0.0,0.0,2209.0,0.0,16.0,9.5468836,0.0,0.0,100.0,11.512936,3.0
1.0,liaoning,4.0,78.0,0.0,0.0,0.0,6084.0,0.0,9.0,10.491302,0.0,0.0,100.0,10.491302,2.0
1.0,liaoning,4.0,40.0,0.0,0.0,1.0,1600.0,1.0,12.0,9.2104406,0.0,0.0,100.0,9.2104406,4.0
1.0,liaoning,4.0,46.0,0.0,0.0,1.0,2116.0,1.0,16.0,9.392745,0.0,0.0,100.0,11.407576,4.0
1.0,liaoning,4.0,82.0,0.0,0.0,1.0,6724.0,1.0,0.0,0.0,0.0,0.0,100.0,9.9035378,2.0
1.0,liaoning,4.0,37.0,1.6094379,0.0,1.0,1369.0,0.0,16.0,10.59666,0.0,1.0,100.0,11.289794,5.0
1.0,liaoning,4.0,26.0,0.0,0.0,0.0,676.0,1.0,19.0,9.6804066,0.0,1.0,100.0,11.918397,4.0
1.0,liaoning,5.0,80.0,4.6151204,0.0,1.0,6400.0,0.0,9.0,10.491302,0.0,0.0,100.0,11.002116,3.0
0.0,liaoning,4.0,44.0,0.0,0.0,1.0,1936.0,1.0,9.0,0.0,1.0,0.0,100.0,10.126671,2.0
1.0,liaoning,5.0,45.0,0.69314718,0.0,1.0,2025.0,0.0,12.0,10.085851,0.0,0.0,100.0,10.085851,3.0
0.0,liaoning,5.0,19.0,0.0,0.0,0.0,361.0,1.0,12.0,0.0,1.0,0.0,100.0,11.002116,5.0
1.0,liaoning,4.0,42.0,0.0,0.0,1.0,1764.0,1.0,12.0,10.308986,0.0,0.0,100.0,11.002116,5.0
1.0,liaoning,4.0,49.0,3.9318256,0.0,1.0,2401.0,1.0,12.0,0.0,0.0,0.0,100.0,10.308986,3.0
1.0,liaoning,5.0,29.0,0.0,1.0,0.0,841.0,1.0,15.0,9.8522472,0.0,0.0,100.0,10.59666,4.0
1.0,liaoning,4.0,41.0,0.0,0.0,1.0,1681.0,0.0,16.0,11.289794,0.0,0.0,100.0,11.884496,3.0
1.0,liaoning,4.0,76.0,0.0,0.0,0.0,5776.0,1.0,9.0,9.9035378,0.0,0.0,100.0,9.9035378,2.0
1.0,liaoning,4.0,25.0,0.0,0.0,0.0,625.0,1.0,19.0,0.0,0.0,1.0,100.0,0.0,4.0
1.0,liaoning,4.0,42.0,0.0,0.0,1.0,1764.0,1.0,15.0,10.308986,0.0,0.0,100.0,10.819798,4.0
1.0,liaoning,4.0,73.0,0.0,0.0,0.0,5329.0,1.0,6.0,10.385944,0.0,0.0,100.0,10.385944,2.0
1.0,liaoning,2.0,61.0,0.0,0.0,1.0,3721.0,1.0,9.0,9.392745,0.0,0.0,100.0,10.819798,1.0
0.0,liaoning,5.0,61.0,0.0,0.0,1.0,3721.0,1.0,6.0,7.6014023,1.0,0.0,100.0,8.6996813,2.0
1.0,liaoning,3.0,64.0,0.0,0.0,1.0,4096.0,1.0,9.0,10.126671,0.0,0.0,100.0,11.002116,2.0
1.0,liaoning,2.0,21.0,0.0,0.0,0.0,441.0,1.0,15.0,0.0,0.0,0.0,100.0,0.0,2.0
1.0,liaoning,4.0,74.0,0.0,0.0,0.0,5476.0,0.0,9.0,10.268166,0.0,1.0,100.0,10.268166,2.0
1.0,liaoning,4.0,50.0,0.0,0.0,1.0,2500.0,0.0,19.0,11.512936,0.0,1.0,100.0,11.918397,4.0
1.0,liaoning,4.0,31.0,0.0,0.0,1.0,961.0,0.0,12.0,10.308986,0.0,0.0,100.0,10.308986,3.0
1.0,liaoning,4.0,61.0,0.0,0.0,1.0,3721.0,1.0,0.0,10.819798,0.0,1.0,100.0,10.819798,3.0
1.0,liaoning,5.0,69.0,0.0,0.0,1.0,4761.0,0.0,6.0,9.392745,0.0,0.0,100.0,10.819798,3.0
1.0,liaoning,4.0,35.0,0.0,0.0,1.0,1225.0,1.0,12.0,11.918397,0.0,0.0,100.0,12.04356,4.0
1.0,jilin,4.0,65.0,1.9459101,0.0,1.0,4225.0,0.0,9.0,10.308986,1.0,0.0,434.0,9.6158724,3.0
0.0,jilin,4.0,63.0,0.0,1.0,1.0,3969.0,0.0,9.0,9.9035378,1.0,0.0,434.0,10.308986,4.0
0.0,jilin,2.0,72.0,0.0,0.0,1.0,5184.0,1.0,9.0,0.0,1.0,0.0,434.0,0.0,2.0
0.0,jilin,4.0,47.0,3.4339871,0.0,1.0,2209.0,0.0,9.0,9.2104406,1.0,0.0,434.0,9.9035378,3.0
1.0,jilin,5.0,33.0,0.0,0.0,1.0,1089.0,0.0,9.0,9.9035378,1.0,0.0,434.0,10.59666,4.0
0.0,jilin,4.0,52.0,0.0,0.0,1.0,2704.0,1.0,6.0,8.6483965,1.0,0.0,434.0,9.9035378,2.0
1.0,jilin,4.0,81.0,0.0,0.0,0.0,6561.0,1.0,0.0,8.5173931,1.0,0.0,434.0,8.5173931,1.0
1.0,jilin,4.0,40.0,0.0,0.0,0.0,1600.0,1.0,6.0,9.9035378,1.0,0.0,434.0,9.9035378,5.0
0.0,jilin,5.0,55.0,0.0,0.0,1.0,3025.0,1.0,6.0,10.221977,1.0,0.0,434.0,10.915107,3.0
1.0,jilin,4.0,34.0,0.0,0.0,1.0,1156.0,1.0,9.0,9.9035378,1.0,0.0,434.0,10.819798,4.0
1.0,jilin,4.0,52.0,0.0,0.0,1.0,2704.0,1.0,12.0,11.407576,0.0,0.0,434.0,12.206078,4.0
1.0,jilin,4.0,20.0,0.0,0.0,0.0,400.0,1.0,16.0,8.6996813,1.0,0.0,434.0,11.775297,4.0
1.0,jilin,2.0,69.0,0.0,0.0,1.0,4761.0,0.0,6.0,10.308986,0.0,0.0,434.0,10.819798,1.0
1.0,jilin,5.0,73.0,0.0,0.0,1.0,5329.0,1.0,9.0,10.308986,0.0,0.0,434.0,10.819798,4.0
0.0,jilin,4.0,53.0,3.9318256,0.0,1.0,2809.0,1.0,6.0,10.59666,1.0,0.0,434.0,12.42922,5.0
0.0,jilin,3.0,70.0,0.0,0.0,1.0,4900.0,1.0,0.0,9.4727812,1.0,0.0,434.0,9.4727812,3.0
1.0,jilin,4.0,31.0,0.0,0.0,1.0,961.0,1.0,16.0,10.59666,0.0,0.0,434.0,11.289794,4.0
1.0,jilin,4.0,32.0,0.0,0.0,0.0,1024.0,1.0,15.0,10.085851,0.0,0.0,434.0,11.512936,4.0
0.0,jilin,5.0,62.0,0.0,0.0,1.0,3844.0,0.0,6.0,9.2104406,1.0,0.0,434.0,9.9035378,4.0
0.0,jilin,2.0,58.0,0.0,0.0,1.0,3364.0,1.0,6.0,7.09091,1.0,0.0,434.0,8.1889668,2.0
0.0,jilin,4.0,48.0,0.0,1.0,0.0,2304.0,0.0,6.0,9.2104406,1.0,0.0,434.0,9.2104406,4.0
0.0,jilin,5.0,36.0,0.0,0.0,1.0,1296.0,0.0,6.0,10.308986,1.0,0.0,434.0,10.308986,4.0
0.0,jilin,4.0,58.0,5.3518581,0.0,1.0,3364.0,0.0,6.0,9.1696224,1.0,0.0,434.0,10.819798,2.0
1.0,jilin,3.0,49.0,2.3978953,0.0,1.0,2401.0,0.0,16.0,12.206078,0.0,0.0,434.0,12.899222,3.0
1.0,jilin,4.0,53.0,3.4339871,0.0,1.0,2809.0,0.0,9.0,9.6158724,1.0,0.0,434.0,10.308986,3.0
1.0,jilin,4.0,54.0,4.6151204,0.0,1.0,2916.0,0.0,15.0,11.350418,0.0,1.0,434.0,12.206078,2.0
1.0,jilin,4.0,32.0,0.0,0.0,0.0,1024.0,0.0,16.0,12.899222,0.0,0.0,434.0,12.899222,4.0
1.0,jilin,4.0,25.0,1.7917595,0.0,0.0,625.0,0.0,16.0,11.184435,1.0,0.0,434.0,11.184435,5.0
0.0,jilin,4.0,44.0,0.0,0.0,1.0,1936.0,1.0,9.0,6.9087548,1.0,0.0,434.0,7.6014023,3.0
0.0,jilin,5.0,57.0,0.0,0.0,1.0,3249.0,1.0,6.0,9.2104406,1.0,0.0,434.0,10.308986,2.0
0.0,jilin,4.0,49.0,0.0,0.0,1.0,2401.0,0.0,9.0,11.512936,1.0,0.0,434.0,11.512936,4.0
0.0,jilin,3.0,48.0,0.0,0.0,0.0,2304.0,0.0,6.0,8.5173931,1.0,0.0,434.0,8.5173931,2.0
1.0,jilin,4.0,79.0,2.1972246,0.0,0.0,6241.0,1.0,9.0,9.9035378,0.0,0.0,434.0,11.512936,5.0
0.0,jilin,4.0,53.0,0.0,0.0,1.0,2809.0,0.0,9.0,7.3138866,1.0,0.0,434.0,8.0067005,2.0
0.0,jilin,4.0,38.0,0.0,0.0,1.0,1444.0,1.0,9.0,11.002116,1.0,0.0,434.0,11.002116,4.0
1.0,jilin,4.0,66.0,0.0,0.0,1.0,4356.0,0.0,9.0,10.308986,0.0,1.0,434.0,11.002116,2.0
1.0,jilin,3.0,21.0,0.0,0.0,0.0,441.0,0.0,12.0,11.512936,0.0,0.0,434.0,11.512936,4.0
1.0,jilin,2.0,62.0,0.0,0.0,1.0,3844.0,0.0,12.0,10.727685,0.0,0.0,434.0,10.961295,3.0
1.0,jilin,5.0,40.0,2.3978953,0.0,1.0,1600.0,1.0,9.0,10.819798,1.0,0.0,434.0,11.512936,5.0
0.0,jilin,5.0,61.0,0.0,0.0,1.0,3721.0,1.0,6.0,7.8244457,1.0,0.0,434.0,9.2104406,5.0
1.0,jilin,4.0,60.0,0.0,0.0,1.0,3600.0,0.0,12.0,10.043293,0.0,0.0,434.0,10.71444,3.0
0.0,jilin,3.0,43.0,0.0,0.0,1.0,1849.0,0.0,9.0,9.1050911,1.0,0.0,434.0,9.1050911,2.0
1.0,jilin,5.0,45.0,0.0,0.0,1.0,2025.0,1.0,16.0,11.512936,0.0,0.0,434.0,12.206078,5.0
1.0,jilin,4.0,57.0,0.0,0.0,1.0,3249.0,0.0,9.0,10.491302,0.0,0.0,434.0,11.184435,2.0
1.0,jilin,4.0,66.0,0.0,0.0,1.0,4356.0,0.0,9.0,8.9873219,1.0,0.0,434.0,9.9035378,4.0
1.0,jilin,4.0,48.0,0.0,0.0,1.0,2304.0,1.0,9.0,9.9035378,0.0,0.0,434.0,9.9035378,4.0
0.0,jilin,3.0,81.0,0.0,0.0,0.0,6561.0,1.0,0.0,8.6483965,1.0,0.0,434.0,8.6483965,1.0
0.0,jilin,4.0,28.0,0.0,0.0,1.0,784.0,1.0,12.0,10.308986,1.0,1.0,434.0,11.002116,4.0
0.0,jilin,4.0,46.0,3.4339871,0.0,0.0,2116.0,0.0,0.0,0.0,1.0,0.0,434.0,9.2104406,2.0
1.0,jilin,2.0,60.0,0.0,0.0,1.0,3600.0,1.0,0.0,6.9087548,1.0,0.0,434.0,8.2943001,1.0
1.0,jilin,3.0,31.0,3.0445225,0.0,1.0,961.0,1.0,9.0,10.308986,1.0,0.0,434.0,11.002116,5.0
1.0,jilin,4.0,22.0,0.0,0.0,0.0,484.0,0.0,16.0,0.0,0.0,0.0,434.0,0.0,4.0
1.0,jilin,3.0,62.0,3.0445225,0.0,1.0,3844.0,0.0,12.0,10.085851,0.0,1.0,434.0,10.819798,2.0
1.0,jilin,4.0,33.0,0.0,0.0,1.0,1089.0,0.0,16.0,10.819798,1.0,1.0,434.0,11.512936,3.0
0.0,jilin,5.0,56.0,3.4339871,0.0,1.0,3136.0,1.0,6.0,8.0067005,1.0,0.0,434.0,8.6996813,2.0
1.0,jilin,4.0,22.0,0.0,0.0,0.0,484.0,0.0,16.0,0.0,0.0,0.0,434.0,11.512936,5.0
0.0,jilin,4.0,28.0,3.0445225,1.0,1.0,784.0,0.0,6.0,10.819798,1.0,0.0,434.0,10.819798,5.0
1.0,jilin,4.0,41.0,0.0,0.0,1.0,1681.0,1.0,15.0,10.126671,0.0,0.0,434.0,10.819798,4.0
0.0,jilin,4.0,24.0,0.0,0.0,0.0,576.0,0.0,15.0,11.082158,1.0,0.0,434.0,11.289794,5.0
1.0,jilin,5.0,49.0,2.3978953,0.0,1.0,2401.0,0.0,16.0,11.695255,0.0,1.0,434.0,12.206078,4.0
0.0,jilin,5.0,73.0,0.0,1.0,1.0,5329.0,0.0,9.0,7.6014023,1.0,0.0,434.0,8.5173931,2.0
1.0,jilin,4.0,26.0,2.0794415,0.0,0.0,676.0,0.0,12.0,10.491302,0.0,0.0,434.0,10.839601,4.0
1.0,jilin,4.0,58.0,0.0,0.0,0.0,3364.0,1.0,6.0,9.392745,1.0,0.0,434.0,10.778977,3.0
1.0,jilin,5.0,41.0,0.0,0.0,1.0,1681.0,0.0,6.0,11.156265,1.0,0.0,434.0,11.156265,4.0
1.0,jilin,4.0,61.0,0.0,0.0,1.0,3721.0,1.0,9.0,10.085851,0.0,0.0,434.0,10.819798,4.0
0.0,jilin,5.0,47.0,0.0,0.0,1.0,2209.0,0.0,6.0,0.0,1.0,0.0,434.0,0.0,5.0
1.0,jilin,5.0,28.0,0.0,0.0,1.0,784.0,0.0,12.0,10.819798,0.0,0.0,434.0,11.289794,5.0
1.0,jilin,4.0,29.0,0.0,0.0,0.0,841.0,0.0,15.0,10.59666,0.0,0.0,434.0,11.002116,4.0
1.0,jilin,3.0,41.0,0.0,0.0,1.0,1681.0,1.0,9.0,9.6158724,1.0,0.0,434.0,10.308986,5.0
1.0,jilin,4.0,63.0,0.0,0.0,1.0,3969.0,0.0,12.0,9.9035378,0.0,1.0,434.0,10.59666,2.0
0.0,jilin,4.0,65.0,1.9459101,0.0,0.0,4225.0,1.0,0.0,8.6996813,1.0,0.0,434.0,10.819798,2.0
0.0,jilin,4.0,65.0,0.0,0.0,1.0,4225.0,1.0,0.0,7.6014023,1.0,0.0,434.0,8.2943001,4.0
1.0,jilin,4.0,56.0,0.0,0.0,1.0,3136.0,1.0,6.0,9.2104406,1.0,0.0,434.0,9.9035378,1.0
1.0,jilin,4.0,55.0,2.7725887,0.0,1.0,3025.0,1.0,12.0,9.9988432,0.0,0.0,434.0,10.71444,3.0
1.0,jilin,3.0,42.0,0.0,0.0,1.0,1764.0,0.0,9.0,9.6158724,1.0,0.0,434.0,10.308986,2.0
1.0,jilin,4.0,50.0,6.3985949,1.0,1.0,2500.0,0.0,15.0,12.611541,0.0,0.0,434.0,13.017005,5.0
0.0,jilin,4.0,58.0,0.0,1.0,1.0,3364.0,1.0,15.0,10.757924,1.0,0.0,434.0,10.757924,3.0
0.0,jilin,4.0,52.0,0.0,0.0,1.0,2704.0,1.0,9.0,0.0,1.0,0.0,434.0,11.156265,3.0
0.0,jilin,4.0,65.0,0.0,0.0,1.0,4225.0,1.0,6.0,9.2104406,1.0,0.0,434.0,9.9035378,4.0
1.0,jilin,4.0,19.0,0.0,0.0,0.0,361.0,0.0,12.0,10.491302,0.0,0.0,434.0,10.491302,4.0
1.0,jilin,4.0,76.0,0.0,0.0,1.0,5776.0,1.0,2.0,10.085851,0.0,0.0,434.0,11.211834,2.0
0.0,jilin,4.0,59.0,2.3978953,0.0,1.0,3481.0,1.0,9.0,8.0067005,1.0,0.0,434.0,8.6996813,4.0
0.0,jilin,5.0,69.0,0.0,1.0,1.0,4761.0,1.0,15.0,10.819798,0.0,1.0,434.0,10.59666,3.0
1.0,jilin,3.0,23.0,2.7725887,0.0,0.0,529.0,1.0,16.0,5.7071104,0.0,0.0,434.0,,4.0
1.0,jilin,4.0,43.0,0.0,0.0,1.0,1849.0,1.0,9.0,10.308986,1.0,0.0,434.0,10.819798,3.0
1.0,jilin,4.0,30.0,0.0,0.0,1.0,900.0,1.0,15.0,10.819798,0.0,0.0,434.0,11.512936,4.0
0.0,jilin,5.0,68.0,2.3978953,0.0,0.0,4624.0,1.0,6.0,10.308986,1.0,0.0,434.0,9.2104406,4.0
0.0,jilin,4.0,37.0,0.0,0.0,1.0,1369.0,1.0,9.0,8.8538084,1.0,0.0,434.0,10.59666,5.0
1.0,jilin,4.0,23.0,0.0,0.0,0.0,529.0,0.0,16.0,0.0,0.0,0.0,434.0,12.206078,5.0
1.0,jilin,4.0,48.0,3.4339871,0.0,1.0,2304.0,1.0,12.0,9.9804945,0.0,0.0,434.0,10.63588,5.0
1.0,jilin,4.0,21.0,0.0,0.0,0.0,441.0,1.0,16.0,9.6158724,1.0,0.0,434.0,,4.0
0.0,jilin,4.0,37.0,1.3862944,1.0,1.0,1369.0,0.0,12.0,10.59666,1.0,1.0,434.0,11.002116,4.0
0.0,jilin,2.0,53.0,0.0,1.0,1.0,2809.0,1.0,6.0,9.9035378,1.0,0.0,434.0,9.9035378,1.0
1.0,jilin,4.0,71.0,0.0,0.0,1.0,5041.0,1.0,9.0,9.2104406,0.0,0.0,434.0,8.0067005,4.0
1.0,jilin,4.0,42.0,0.0,0.0,1.0,1764.0,1.0,12.0,0.0,0.0,0.0,434.0,11.002116,3.0
0.0,jilin,4.0,31.0,0.0,0.0,0.0,961.0,1.0,9.0,10.126671,1.0,0.0,434.0,11.512936,5.0
0.0,jilin,4.0,49.0,0.0,0.0,1.0,2401.0,0.0,9.0,9.2104406,1.0,0.0,434.0,10.59666,4.0
0.0,jilin,5.0,37.0,0.0,0.0,1.0,1369.0,1.0,9.0,9.2104406,1.0,1.0,434.0,10.819798,4.0
1.0,jilin,4.0,25.0,0.0,0.0,0.0,625.0,1.0,12.0,10.126671,0.0,0.0,434.0,10.126671,5.0
0.0,jilin,5.0,71.0,0.0,0.0,1.0,5041.0,0.0,6.0,9.9035378,1.0,0.0,434.0,10.59666,2.0
0.0,jilin,2.0,30.0,0.0,0.0,1.0,900.0,1.0,12.0,10.126671,1.0,0.0,434.0,10.59666,5.0
0.0,jilin,5.0,44.0,0.0,0.0,1.0,1936.0,1.0,9.0,8.0067005,1.0,0.0,434.0,8.6996813,5.0
0.0,jilin,4.0,40.0,0.0,0.0,1.0,1600.0,0.0,9.0,9.9035378,1.0,0.0,434.0,9.9035378,4.0
1.0,jilin,4.0,35.0,0.0,0.0,0.0,1225.0,0.0,9.0,9.9035378,0.0,0.0,434.0,9.9035378,4.0
1.0,jilin,4.0,58.0,0.0,0.0,1.0,3364.0,0.0,12.0,8.6996813,0.0,0.0,434.0,11.002116,5.0
1.0,jilin,4.0,46.0,1.3862944,0.0,1.0,2116.0,0.0,9.0,11.289794,1.0,0.0,434.0,11.156265,4.0
1.0,jilin,5.0,74.0,0.0,1.0,0.0,5476.0,1.0,9.0,7.3783836,0.0,0.0,434.0,9.8627176,4.0
1.0,jilin,3.0,54.0,0.0,0.0,1.0,2916.0,1.0,12.0,9.2104406,0.0,0.0,434.0,9.2104406,2.0
0.0,jilin,5.0,66.0,0.0,0.0,1.0,4356.0,1.0,0.0,9.6158724,1.0,0.0,434.0,10.308986,4.0
0.0,jilin,5.0,69.0,0.0,0.0,1.0,4761.0,0.0,6.0,9.2104406,1.0,0.0,434.0,9.2104406,1.0
0.0,jilin,4.0,64.0,0.0,0.0,1.0,4096.0,1.0,6.0,8.5173931,1.0,0.0,434.0,9.2104406,2.0
0.0,jilin,4.0,55.0,3.4339871,0.0,1.0,3025.0,0.0,6.0,9.9035378,1.0,0.0,434.0,9.9035378,2.0
1.0,jilin,4.0,65.0,0.0,0.0,1.0,4225.0,0.0,12.0,9.6158724,0.0,1.0,434.0,10.308986,2.0
1.0,jilin,4.0,45.0,1.0986123,0.0,1.0,2025.0,1.0,12.0,9.9035378,0.0,0.0,434.0,11.918397,5.0
1.0,jilin,4.0,34.0,0.0,0.0,1.0,1156.0,0.0,12.0,11.289794,0.0,0.0,434.0,11.512936,4.0
1.0,jilin,5.0,31.0,0.0,0.0,1.0,961.0,1.0,9.0,9.2104406,1.0,0.0,434.0,9.9035378,4.0
0.0,jilin,4.0,40.0,0.0,0.0,1.0,1600.0,1.0,6.0,9.6804066,1.0,0.0,434.0,10.404293,2.0
0.0,jilin,4.0,28.0,0.0,0.0,1.0,784.0,1.0,9.0,,1.0,0.0,434.0,11.002116,4.0
0.0,jilin,4.0,72.0,0.0,0.0,1.0,5184.0,0.0,6.0,6.2166061,1.0,0.0,434.0,6.9087548,1.0
1.0,jilin,4.0,52.0,0.0,0.0,1.0,2704.0,0.0,12.0,11.002116,0.0,0.0,434.0,11.407576,4.0
0.0,jilin,5.0,23.0,0.0,0.0,0.0,529.0,0.0,16.0,0.0,1.0,0.0,434.0,,4.0
0.0,jilin,4.0,56.0,0.0,0.0,1.0,3136.0,1.0,9.0,9.9035378,1.0,0.0,434.0,10.308986,4.0
1.0,jilin,4.0,41.0,2.7725887,0.0,1.0,1681.0,0.0,12.0,9.9035378,0.0,0.0,434.0,10.308986,4.0
0.0,jilin,2.0,28.0,0.0,0.0,0.0,784.0,0.0,9.0,8.5173931,1.0,0.0,434.0,9.2104406,4.0
1.0,jilin,4.0,22.0,0.0,0.0,0.0,484.0,0.0,16.0,,0.0,0.0,434.0,12.388398,3.0
1.0,jilin,4.0,54.0,0.0,0.0,1.0,2916.0,0.0,12.0,10.308986,0.0,0.0,434.0,11.002116,3.0
0.0,jilin,2.0,60.0,0.0,0.0,1.0,3600.0,0.0,12.0,0.0,1.0,1.0,434.0,7.09091,4.0
1.0,jilin,4.0,54.0,0.0,0.0,1.0,2916.0,1.0,9.0,0.0,0.0,0.0,434.0,10.085851,4.0
1.0,jilin,4.0,54.0,0.0,0.0,1.0,2916.0,1.0,9.0,,1.0,0.0,434.0,9.9035378,4.0
0.0,jilin,4.0,43.0,0.0,0.0,1.0,1849.0,1.0,9.0,9.2104406,0.0,0.0,434.0,10.308986,3.0
1.0,jilin,3.0,45.0,0.0,0.0,0.0,2025.0,0.0,12.0,0.0,0.0,0.0,434.0,8.6996813,2.0
0.0,jilin,4.0,36.0,0.0,0.0,1.0,1296.0,1.0,6.0,0.0,1.0,0.0,434.0,0.0,5.0
0.0,jilin,3.0,62.0,0.0,0.0,1.0,3844.0,0.0,6.0,8.9227915,1.0,0.0,434.0,9.6158724,2.0
1.0,jilin,4.0,61.0,0.0,1.0,1.0,3721.0,0.0,15.0,10.308986,0.0,0.0,434.0,10.819798,2.0
1.0,jilin,4.0,42.0,4.1108737,0.0,1.0,1764.0,1.0,6.0,11.002116,0.0,0.0,434.0,12.206078,5.0
1.0,jilin,4.0,64.0,0.0,0.0,1.0,4096.0,1.0,6.0,0.0,1.0,0.0,434.0,10.055393,2.0
1.0,jilin,4.0,63.0,0.0,0.0,0.0,3969.0,1.0,0.0,8.5173931,1.0,0.0,434.0,9.2104406,1.0
1.0,jilin,4.0,80.0,0.0,0.0,1.0,6400.0,1.0,6.0,8.9873219,1.0,0.0,434.0,10.819798,3.0
0.0,jilin,4.0,48.0,0.0,0.0,1.0,2304.0,0.0,9.0,10.126671,1.0,0.0,434.0,10.463132,4.0
0.0,jilin,4.0,38.0,0.0,0.0,1.0,1444.0,1.0,6.0,9.2104406,1.0,0.0,434.0,10.308986,4.0
1.0,jilin,4.0,62.0,0.0,0.0,1.0,3844.0,0.0,0.0,8.5173931,1.0,0.0,434.0,9.2104406,4.0
0.0,jilin,4.0,62.0,0.0,0.0,1.0,3844.0,1.0,9.0,6.9087548,1.0,0.0,434.0,8.0067005,5.0
0.0,jilin,5.0,51.0,0.0,0.0,1.0,2601.0,1.0,6.0,9.6158724,1.0,0.0,434.0,10.308986,3.0
0.0,jilin,4.0,73.0,0.0,0.0,1.0,5329.0,0.0,6.0,7.6014023,1.0,0.0,434.0,7.6014023,1.0
0.0,jilin,4.0,69.0,0.0,0.0,0.0,4761.0,1.0,9.0,9.9035378,0.0,0.0,434.0,11.002116,2.0
1.0,jilin,4.0,46.0,1.7917595,0.0,1.0,2116.0,0.0,9.0,10.819798,0.0,0.0,434.0,10.933125,5.0
1.0,jilin,5.0,54.0,0.0,0.0,1.0,2916.0,1.0,12.0,9.392745,0.0,0.0,434.0,10.085851,2.0
1.0,jilin,3.0,24.0,0.0,0.0,0.0,576.0,0.0,6.0,10.308986,1.0,1.0,434.0,11.512936,5.0
1.0,jilin,4.0,48.0,0.0,0.0,1.0,2304.0,0.0,9.0,9.9035378,1.0,0.0,434.0,11.156265,2.0
1.0,jilin,4.0,39.0,0.0,0.0,1.0,1521.0,0.0,9.0,10.268166,1.0,0.0,434.0,10.819798,4.0
0.0,jilin,4.0,55.0,0.0,0.0,1.0,3025.0,0.0,9.0,10.308986,1.0,0.0,434.0,11.002116,4.0
0.0,jilin,4.0,60.0,2.3978953,0.0,0.0,3600.0,1.0,0.0,0.0,1.0,0.0,434.0,0.0,2.0
1.0,jilin,4.0,21.0,0.0,0.0,0.0,441.0,1.0,16.0,0.0,1.0,0.0,434.0,9.392745,5.0
1.0,jilin,5.0,40.0,5.3033047,0.0,1.0,1600.0,0.0,15.0,11.156265,1.0,1.0,434.0,11.156265,3.0
0.0,jilin,2.0,54.0,0.0,0.0,0.0,2916.0,1.0,6.0,7.6014023,1.0,0.0,434.0,9.2104406,2.0
1.0,jilin,4.0,44.0,0.0,0.0,1.0,1936.0,0.0,9.0,11.184435,0.0,0.0,434.0,11.589896,3.0
0.0,jilin,4.0,73.0,0.0,0.0,1.0,5329.0,1.0,6.0,7.6014023,1.0,0.0,434.0,8.2943001,4.0
1.0,jilin,4.0,56.0,0.0,0.0,0.0,3136.0,0.0,6.0,9.2104406,1.0,0.0,434.0,10.59666,4.0
0.0,jilin,4.0,49.0,0.0,0.0,1.0,2401.0,1.0,6.0,8.5173931,1.0,0.0,434.0,9.2104406,2.0
1.0,jilin,4.0,33.0,0.0,0.0,1.0,1089.0,1.0,16.0,10.308986,0.0,0.0,434.0,12.611541,5.0
1.0,jilin,5.0,67.0,0.0,0.0,1.0,4489.0,1.0,6.0,6.9087548,1.0,0.0,434.0,7.6014023,2.0
0.0,jilin,4.0,38.0,0.0,0.0,1.0,1444.0,1.0,9.0,10.819798,1.0,0.0,434.0,11.918397,5.0
1.0,jilin,4.0,74.0,0.0,0.0,1.0,5476.0,0.0,9.0,10.491302,0.0,0.0,434.0,10.896758,3.0
1.0,jilin,4.0,64.0,0.0,0.0,0.0,4096.0,0.0,12.0,10.308986,0.0,0.0,434.0,10.308986,4.0
0.0,jilin,4.0,39.0,0.0,0.0,1.0,1521.0,1.0,6.0,8.1608038,1.0,0.0,434.0,9.2104406,4.0
1.0,jilin,4.0,68.0,0.0,0.0,1.0,4624.0,1.0,6.0,10.034559,0.0,0.0,434.0,11.002116,4.0
1.0,jilin,4.0,50.0,0.0,0.0,1.0,2500.0,1.0,12.0,8.6996813,0.0,0.0,434.0,9.1696224,5.0
0.0,jilin,4.0,38.0,0.0,0.0,1.0,1444.0,1.0,6.0,0.0,1.0,0.0,434.0,11.918397,3.0
1.0,jilin,4.0,35.0,1.7917595,0.0,1.0,1225.0,1.0,9.0,10.59666,1.0,0.0,434.0,10.59666,5.0
1.0,jilin,4.0,65.0,0.0,0.0,1.0,4225.0,0.0,12.0,8.0067005,1.0,0.0,434.0,9.9035378,3.0
1.0,jilin,4.0,43.0,0.0,0.0,0.0,1849.0,0.0,19.0,11.156265,0.0,0.0,434.0,11.156265,4.0
0.0,jilin,5.0,54.0,0.0,0.0,1.0,2916.0,1.0,6.0,9.2104406,1.0,0.0,434.0,9.9035378,2.0
1.0,jilin,4.0,28.0,1.7917595,0.0,1.0,784.0,0.0,12.0,11.472114,1.0,0.0,434.0,11.472114,5.0
0.0,jilin,4.0,70.0,0.0,0.0,1.0,4900.0,0.0,6.0,9.2104406,1.0,0.0,434.0,9.2104406,4.0
0.0,jilin,4.0,60.0,0.0,0.0,1.0,3600.0,1.0,6.0,9.3057413,1.0,0.0,434.0,9.3057413,2.0
1.0,jilin,3.0,22.0,3.9318256,1.0,0.0,484.0,1.0,16.0,7.09091,0.0,0.0,434.0,11.512936,3.0
0.0,jilin,3.0,33.0,3.0445225,0.0,0.0,1089.0,0.0,9.0,9.6158724,1.0,0.0,434.0,9.6158724,4.0
1.0,jilin,4.0,56.0,0.0,0.0,0.0,3136.0,1.0,12.0,10.308986,0.0,0.0,434.0,10.308986,4.0
1.0,jilin,5.0,31.0,0.0,1.0,1.0,961.0,0.0,15.0,11.002116,0.0,0.0,434.0,11.695255,4.0
1.0,jilin,5.0,24.0,0.0,0.0,1.0,576.0,0.0,12.0,9.9035378,1.0,0.0,434.0,11.512936,5.0
1.0,jilin,5.0,63.0,0.0,0.0,1.0,3969.0,0.0,12.0,10.621352,1.0,1.0,434.0,10.645449,4.0
0.0,jilin,2.0,44.0,0.0,0.0,1.0,1936.0,1.0,0.0,8.6996813,1.0,0.0,434.0,9.2104406,2.0
0.0,jilin,4.0,42.0,0.0,0.0,1.0,1764.0,1.0,9.0,10.59666,1.0,0.0,434.0,10.59666,4.0
0.0,jilin,3.0,86.0,0.0,0.0,0.0,7396.0,0.0,6.0,6.8679743,1.0,0.0,434.0,9.2104406,2.0
0.0,jilin,4.0,65.0,0.0,1.0,1.0,4225.0,0.0,9.0,8.6996813,1.0,0.0,434.0,11.289794,4.0
1.0,jilin,4.0,68.0,0.0,0.0,1.0,4624.0,1.0,6.0,10.308986,0.0,0.0,434.0,10.819798,3.0
1.0,jilin,4.0,55.0,0.0,0.0,1.0,3025.0,0.0,12.0,10.268166,0.0,0.0,434.0,10.268166,4.0
1.0,jilin,4.0,48.0,0.0,0.0,1.0,2304.0,0.0,9.0,10.308986,0.0,0.0,434.0,10.819798,4.0
0.0,jilin,4.0,63.0,0.0,0.0,1.0,3969.0,1.0,6.0,8.9227915,1.0,0.0,434.0,9.6158724,2.0
1.0,jilin,4.0,57.0,1.3862944,0.0,1.0,3249.0,0.0,6.0,10.59666,0.0,0.0,434.0,11.289794,4.0
0.0,jilin,4.0,55.0,0.0,0.0,1.0,3025.0,0.0,9.0,10.59666,1.0,0.0,434.0,10.59666,4.0
1.0,jilin,5.0,30.0,0.0,0.0,0.0,900.0,0.0,16.0,11.289794,1.0,1.0,434.0,11.512936,4.0
0.0,jilin,4.0,73.0,0.0,0.0,0.0,5329.0,0.0,6.0,8.1608038,1.0,0.0,434.0,8.8538084,2.0
1.0,jilin,4.0,21.0,3.0445225,0.0,0.0,441.0,1.0,12.0,9.9035378,1.0,0.0,434.0,9.9035378,4.0
1.0,jilin,3.0,32.0,1.7917595,0.0,1.0,1024.0,1.0,12.0,,0.0,0.0,434.0,,4.0
0.0,jilin,5.0,61.0,0.0,0.0,0.0,3721.0,0.0,0.0,7.6014023,1.0,0.0,434.0,7.6014023,2.0
1.0,jilin,5.0,18.0,3.9318256,0.0,0.0,324.0,1.0,16.0,7.003974,0.0,0.0,434.0,11.184435,5.0
1.0,jilin,4.0,49.0,0.0,0.0,1.0,2401.0,1.0,12.0,10.819798,0.0,0.0,434.0,11.512936,4.0
0.0,jilin,3.0,52.0,0.0,0.0,1.0,2704.0,1.0,6.0,9.2104406,1.0,0.0,434.0,9.9035378,3.0
1.0,jilin,4.0,40.0,0.0,0.0,0.0,1600.0,0.0,12.0,0.0,0.0,0.0,434.0,10.308986,2.0
0.0,jilin,2.0,48.0,0.0,0.0,1.0,2304.0,1.0,6.0,9.2104406,1.0,0.0,434.0,9.9988432,2.0
0.0,jilin,4.0,54.0,0.0,0.0,1.0,2916.0,1.0,6.0,8.1608038,1.0,0.0,434.0,9.2104406,2.0
1.0,jilin,4.0,45.0,5.7071104,0.0,1.0,2025.0,1.0,9.0,11.289794,0.0,0.0,434.0,11.289794,4.0
0.0,jilin,5.0,33.0,0.0,0.0,1.0,1089.0,1.0,6.0,9.2104406,1.0,0.0,434.0,9.9035378,4.0
1.0,jilin,4.0,86.0,0.0,0.0,0.0,7396.0,1.0,0.0,9.392745,0.0,1.0,434.0,9.392745,3.0
0.0,jilin,4.0,67.0,2.7725887,0.0,1.0,4489.0,0.0,6.0,7.5501351,1.0,0.0,434.0,8.2430191,2.0
1.0,jilin,4.0,46.0,0.0,0.0,1.0,2116.0,1.0,12.0,11.918397,0.0,0.0,434.0,12.611541,4.0
1.0,jilin,4.0,28.0,1.6094379,0.0,1.0,784.0,0.0,12.0,10.59666,0.0,0.0,434.0,10.59666,5.0
1.0,jilin,4.0,64.0,0.0,0.0,1.0,4096.0,1.0,6.0,8.6996813,0.0,0.0,434.0,9.2104406,2.0
0.0,jilin,1.0,45.0,0.0,0.0,1.0,2025.0,1.0,6.0,9.6158724,1.0,0.0,434.0,10.308986,4.0
1.0,jilin,4.0,35.0,0.0,0.0,1.0,1225.0,1.0,9.0,9.2104406,1.0,0.0,434.0,10.308986,2.0
0.0,jilin,4.0,43.0,0.0,0.0,1.0,1849.0,1.0,6.0,9.2104406,1.0,0.0,434.0,14.508658,5.0
1.0,jilin,4.0,64.0,0.0,0.0,1.0,4096.0,0.0,9.0,10.59666,0.0,0.0,434.0,11.156265,4.0
0.0,jilin,4.0,60.0,0.0,0.0,1.0,3600.0,1.0,0.0,8.5173931,1.0,0.0,434.0,9.2104406,2.0
1.0,jilin,4.0,40.0,0.0,1.0,1.0,1600.0,1.0,9.0,9.6158724,1.0,0.0,434.0,10.308986,3.0
1.0,jilin,4.0,61.0,1.7917595,0.0,1.0,3721.0,0.0,9.0,9.9035378,0.0,0.0,434.0,10.59666,4.0
1.0,jilin,4.0,54.0,0.0,0.0,1.0,2916.0,0.0,12.0,10.819798,0.0,0.0,434.0,11.156265,4.0
0.0,jilin,5.0,41.0,3.9318256,0.0,1.0,1681.0,0.0,6.0,11.512936,1.0,0.0,434.0,11.512936,3.0
1.0,jilin,4.0,45.0,0.0,1.0,1.0,2025.0,0.0,9.0,10.819798,1.0,0.0,434.0,11.289794,3.0
1.0,jilin,3.0,40.0,1.7917595,0.0,1.0,1600.0,1.0,6.0,9.2104406,1.0,0.0,434.0,10.819798,2.0
0.0,jilin,4.0,32.0,0.0,0.0,1.0,1024.0,1.0,9.0,9.6158724,0.0,0.0,434.0,10.126671,2.0
1.0,jilin,4.0,29.0,0.0,1.0,1.0,841.0,0.0,12.0,10.59666,0.0,0.0,434.0,11.289794,4.0
0.0,jilin,4.0,31.0,0.0,0.0,1.0,961.0,1.0,9.0,11.156265,1.0,0.0,434.0,11.289794,4.0
0.0,jilin,2.0,46.0,0.0,0.0,1.0,2116.0,1.0,9.0,9.9035378,1.0,0.0,434.0,10.59666,2.0
1.0,jilin,4.0,21.0,0.0,0.0,0.0,441.0,1.0,16.0,0.0,0.0,0.0,434.0,11.002116,4.0
1.0,jilin,4.0,63.0,2.7725887,0.0,1.0,3969.0,0.0,9.0,10.555839,0.0,0.0,434.0,11.041337,1.0
1.0,jilin,4.0,40.0,0.0,1.0,0.0,1600.0,0.0,9.0,10.308986,1.0,0.0,434.0,10.308986,4.0
1.0,jilin,4.0,44.0,0.0,0.0,1.0,1936.0,1.0,12.0,9.8627176,0.0,0.0,434.0,11.446796,5.0
1.0,jilin,4.0,47.0,0.0,0.0,1.0,2209.0,1.0,15.0,11.407576,0.0,1.0,434.0,12.100718,4.0
1.0,jilin,5.0,61.0,0.0,0.0,1.0,3721.0,0.0,0.0,10.59666,0.0,1.0,434.0,10.59666,4.0
0.0,jilin,4.0,45.0,2.3978953,0.0,1.0,2025.0,1.0,6.0,8.5173931,1.0,0.0,434.0,9.9035378,3.0
1.0,jilin,5.0,69.0,2.1972246,0.0,1.0,4761.0,1.0,6.0,9.0361061,0.0,0.0,434.0,10.691968,2.0
1.0,jilin,4.0,71.0,3.0445225,0.0,0.0,5041.0,1.0,6.0,8.3335104,1.0,0.0,434.0,8.3572588,4.0
1.0,jilin,4.0,81.0,0.0,0.0,0.0,6561.0,0.0,16.0,11.002116,0.0,1.0,434.0,11.115443,4.0
0.0,jilin,5.0,77.0,0.0,0.0,1.0,5929.0,1.0,6.0,8.9873219,1.0,0.0,434.0,9.1050911,2.0
0.0,jilin,5.0,63.0,0.0,0.0,1.0,3969.0,1.0,6.0,0.0,1.0,0.0,434.0,9.9035378,4.0
0.0,jilin,4.0,60.0,0.0,0.0,1.0,3600.0,0.0,6.0,0.0,1.0,0.0,434.0,0.0,5.0
1.0,jilin,4.0,80.0,0.0,0.0,1.0,6400.0,0.0,16.0,10.819798,0.0,1.0,434.0,11.002116,4.0
0.0,jilin,5.0,58.0,0.0,0.0,1.0,3364.0,1.0,0.0,8.9227915,1.0,0.0,434.0,9.6158724,2.0
1.0,jilin,4.0,64.0,0.0,0.0,1.0,4096.0,0.0,9.0,10.308986,0.0,1.0,434.0,10.59666,1.0
1.0,jilin,3.0,55.0,0.0,0.0,1.0,3025.0,0.0,6.0,9.9035378,1.0,0.0,434.0,9.9035378,2.0
0.0,jilin,4.0,48.0,0.0,0.0,1.0,2304.0,0.0,9.0,10.59666,1.0,0.0,434.0,10.819798,4.0
0.0,jilin,4.0,67.0,0.0,0.0,0.0,4489.0,1.0,6.0,8.0067005,1.0,0.0,434.0,8.2943001,2.0
0.0,jilin,4.0,65.0,0.0,0.0,1.0,4225.0,0.0,6.0,7.3138866,1.0,0.0,434.0,7.3138866,4.0
0.0,jilin,4.0,62.0,0.0,0.0,1.0,3844.0,1.0,6.0,9.2104406,1.0,0.0,434.0,10.308986,4.0
1.0,jilin,4.0,41.0,0.0,0.0,1.0,1681.0,1.0,9.0,10.59666,0.0,0.0,434.0,11.849405,5.0
1.0,jilin,4.0,83.0,0.0,0.0,0.0,6889.0,0.0,0.0,0.0,0.0,0.0,434.0,0.0,3.0
1.0,jilin,4.0,43.0,0.0,0.0,0.0,1849.0,0.0,19.0,11.849405,0.0,0.0,434.0,11.982935,5.0
0.0,jilin,5.0,60.0,0.0,0.0,1.0,3600.0,0.0,6.0,9.2104406,1.0,0.0,434.0,10.819798,5.0
0.0,jilin,4.0,57.0,0.0,0.0,1.0,3249.0,1.0,12.0,9.2104406,1.0,0.0,434.0,9.2104406,2.0
0.0,jilin,4.0,35.0,2.3978953,0.0,1.0,1225.0,1.0,9.0,10.126671,1.0,0.0,434.0,10.59666,4.0
0.0,jilin,5.0,69.0,0.0,0.0,1.0,4761.0,1.0,9.0,8.9227915,1.0,0.0,434.0,9.6158724,4.0
1.0,jilin,4.0,30.0,0.0,0.0,1.0,900.0,0.0,12.0,11.512936,0.0,0.0,434.0,11.512936,5.0
1.0,jilin,3.0,22.0,0.0,0.0,0.0,484.0,0.0,12.0,12.793862,1.0,0.0,434.0,12.847929,5.0
0.0,jilin,3.0,41.0,2.3978953,0.0,1.0,1681.0,1.0,6.0,9.392745,1.0,0.0,434.0,10.645449,2.0
1.0,jilin,4.0,21.0,0.0,0.0,0.0,441.0,1.0,16.0,,0.0,0.0,434.0,,5.0
0.0,jilin,5.0,40.0,0.0,0.0,1.0,1600.0,1.0,6.0,8.2943001,1.0,0.0,434.0,9.9035378,2.0
1.0,jilin,4.0,67.0,0.0,0.0,1.0,4489.0,1.0,0.0,9.2104406,1.0,0.0,434.0,10.491302,4.0
0.0,jilin,4.0,44.0,0.0,0.0,1.0,1936.0,1.0,9.0,9.9035378,1.0,0.0,434.0,10.59666,4.0
1.0,jilin,4.0,60.0,0.0,0.0,1.0,3600.0,0.0,12.0,9.9035378,0.0,0.0,434.0,10.308986,4.0
1.0,jilin,2.0,25.0,0.0,0.0,0.0,625.0,1.0,16.0,10.491302,1.0,0.0,434.0,11.512936,2.0
1.0,jilin,4.0,67.0,0.0,1.0,1.0,4489.0,0.0,6.0,10.308986,0.0,0.0,434.0,10.819798,4.0
1.0,jilin,4.0,47.0,2.7725887,0.0,0.0,2209.0,1.0,15.0,11.184435,0.0,0.0,434.0,11.184435,5.0
1.0,jilin,4.0,21.0,0.0,0.0,0.0,441.0,1.0,16.0,,0.0,0.0,434.0,14.508658,5.0
0.0,jilin,4.0,30.0,0.0,0.0,1.0,900.0,1.0,9.0,8.5173931,1.0,0.0,434.0,9.2104406,4.0
0.0,jilin,5.0,68.0,0.0,0.0,1.0,4624.0,0.0,6.0,7.3138866,1.0,0.0,434.0,9.6158724,4.0
1.0,jilin,3.0,49.0,0.0,0.0,1.0,2401.0,1.0,16.0,11.512936,0.0,1.0,434.0,11.918397,3.0
0.0,jilin,4.0,49.0,2.3978953,0.0,1.0,2401.0,1.0,9.0,9.6804066,1.0,0.0,434.0,10.819798,4.0
0.0,jilin,5.0,69.0,0.0,0.0,0.0,4761.0,1.0,0.0,,1.0,0.0,434.0,,2.0
0.0,jilin,4.0,62.0,0.0,0.0,1.0,3844.0,1.0,0.0,9.2104406,1.0,0.0,434.0,9.2104406,3.0
0.0,jilin,2.0,50.0,0.0,1.0,1.0,2500.0,0.0,9.0,11.002116,1.0,0.0,434.0,11.289794,4.0
1.0,jilin,5.0,49.0,2.0794415,0.0,1.0,2401.0,1.0,6.0,9.9035378,1.0,0.0,434.0,11.002116,3.0
1.0,jilin,4.0,45.0,0.0,0.0,1.0,2025.0,1.0,9.0,0.0,1.0,0.0,434.0,10.819798,5.0
0.0,jilin,4.0,39.0,0.0,1.0,1.0,1521.0,0.0,6.0,10.819798,1.0,0.0,434.0,10.819798,4.0
0.0,jilin,4.0,57.0,0.0,0.0,1.0,3249.0,1.0,9.0,8.5173931,1.0,0.0,434.0,10.59666,4.0
0.0,jilin,5.0,62.0,0.0,0.0,1.0,3844.0,0.0,12.0,9.2104406,1.0,0.0,434.0,9.9035378,4.0
0.0,jilin,5.0,76.0,0.0,0.0,0.0,5776.0,1.0,0.0,,1.0,0.0,434.0,,1.0
0.0,jilin,5.0,60.0,0.0,0.0,1.0,3600.0,1.0,6.0,6.9087548,1.0,0.0,434.0,8.0067005,4.0
0.0,jilin,5.0,63.0,0.0,0.0,1.0,3969.0,1.0,0.0,,1.0,0.0,434.0,,3.0
1.0,jilin,4.0,45.0,3.4339871,0.0,1.0,2025.0,1.0,16.0,11.156265,1.0,0.0,434.0,11.918397,5.0
0.0,jilin,3.0,52.0,0.0,0.0,1.0,2704.0,0.0,15.0,9.2104406,1.0,0.0,434.0,10.308986,4.0
0.0,jilin,4.0,39.0,0.0,0.0,1.0,1521.0,1.0,6.0,9.6158724,1.0,0.0,434.0,9.6158724,2.0
1.0,jilin,4.0,43.0,1.0986123,0.0,1.0,1849.0,1.0,9.0,10.308986,0.0,0.0,434.0,10.819798,4.0
0.0,jilin,2.0,49.0,0.0,0.0,1.0,2401.0,0.0,6.0,9.2104406,1.0,0.0,434.0,9.2104406,4.0
1.0,jilin,4.0,66.0,1.0986123,0.0,1.0,4356.0,0.0,15.0,10.491302,0.0,0.0,434.0,11.156265,3.0
1.0,jilin,4.0,45.0,0.0,0.0,1.0,2025.0,1.0,9.0,9.9035378,0.0,0.0,434.0,10.59666,4.0
1.0,jilin,4.0,35.0,0.0,0.0,0.0,1225.0,1.0,12.0,9.9035378,0.0,0.0,434.0,11.002116,4.0
0.0,jilin,5.0,36.0,0.0,0.0,1.0,1296.0,1.0,6.0,9.6158724,1.0,0.0,434.0,10.308986,4.0
1.0,jilin,5.0,68.0,1.7917595,0.0,0.0,4624.0,0.0,9.0,11.775297,1.0,1.0,434.0,11.775297,4.0
1.0,jilin,2.0,21.0,0.0,0.0,0.0,441.0,1.0,16.0,10.491302,0.0,0.0,434.0,11.184435,3.0
1.0,jilin,5.0,44.0,0.0,0.0,1.0,1936.0,1.0,9.0,10.819798,0.0,0.0,434.0,11.002116,5.0
1.0,jilin,4.0,55.0,0.0,0.0,0.0,3025.0,1.0,12.0,9.6158724,0.0,0.0,434.0,9.6158724,4.0
1.0,jilin,3.0,18.0,0.0,0.0,0.0,324.0,1.0,12.0,0.0,0.0,0.0,434.0,,4.0
1.0,jilin,4.0,45.0,0.0,0.0,1.0,2025.0,0.0,9.0,11.225257,0.0,0.0,434.0,11.918397,4.0
0.0,jilin,4.0,35.0,0.0,0.0,1.0,1225.0,0.0,9.0,8.8538084,1.0,0.0,434.0,9.392745,2.0
0.0,jilin,5.0,55.0,0.0,1.0,1.0,3025.0,1.0,6.0,9.2104406,1.0,0.0,434.0,9.9035378,4.0
0.0,jilin,2.0,51.0,0.0,0.0,1.0,2601.0,0.0,6.0,9.392745,1.0,0.0,434.0,11.002116,2.0
1.0,jilin,5.0,76.0,0.0,0.0,0.0,5776.0,1.0,6.0,9.8812933,0.0,0.0,434.0,9.8812933,5.0
0.0,jilin,4.0,60.0,1.3862944,0.0,1.0,3600.0,1.0,6.0,0.0,1.0,0.0,434.0,0.0,3.0
1.0,jilin,5.0,60.0,5.0172796,0.0,1.0,3600.0,1.0,9.0,10.308986,0.0,0.0,434.0,10.819798,2.0
1.0,jilin,5.0,45.0,3.0445225,0.0,1.0,2025.0,0.0,19.0,13.122365,0.0,0.0,434.0,13.458838,4.0
1.0,jilin,4.0,61.0,2.0794415,0.0,1.0,3721.0,1.0,0.0,10.085851,0.0,0.0,434.0,10.778977,2.0
0.0,jilin,4.0,39.0,0.0,0.0,1.0,1521.0,0.0,9.0,9.2104406,1.0,0.0,434.0,6.9087548,4.0
1.0,jilin,4.0,29.0,0.0,0.0,1.0,841.0,1.0,9.0,9.6158724,1.0,0.0,434.0,9.9035378,4.0
1.0,jilin,4.0,44.0,4.6151204,1.0,0.0,1936.0,1.0,15.0,10.308986,0.0,0.0,434.0,10.308986,3.0
1.0,jilin,4.0,71.0,0.0,0.0,1.0,5041.0,0.0,6.0,11.002116,1.0,0.0,434.0,11.002116,3.0
0.0,jilin,5.0,54.0,0.0,0.0,1.0,2916.0,0.0,6.0,8.5173931,1.0,0.0,434.0,9.2104406,3.0
0.0,jilin,5.0,50.0,0.0,1.0,1.0,2500.0,1.0,9.0,8.5173931,1.0,0.0,434.0,9.2104406,4.0
1.0,jilin,4.0,48.0,2.3978953,0.0,1.0,2304.0,0.0,12.0,11.002116,0.0,0.0,434.0,11.695255,4.0
1.0,jilin,4.0,47.0,3.0445225,0.0,1.0,2209.0,0.0,12.0,10.819798,0.0,0.0,434.0,11.512936,4.0
1.0,jilin,4.0,49.0,0.0,1.0,1.0,2401.0,1.0,12.0,10.819798,0.0,1.0,434.0,11.512936,5.0
0.0,jilin,4.0,56.0,0.0,0.0,1.0,3136.0,1.0,9.0,8.5173931,0.0,0.0,434.0,10.59666,2.0
1.0,jilin,2.0,65.0,0.0,1.0,1.0,4225.0,1.0,6.0,10.59666,1.0,0.0,434.0,10.59666,4.0
1.0,jilin,5.0,41.0,0.0,0.0,1.0,1681.0,0.0,6.0,10.308986,1.0,0.0,434.0,11.002116,5.0
0.0,jilin,4.0,61.0,0.0,0.0,1.0,3721.0,1.0,6.0,8.0067005,1.0,0.0,434.0,8.0067005,2.0
1.0,jilin,4.0,36.0,0.0,0.0,1.0,1296.0,0.0,9.0,11.002116,1.0,1.0,434.0,11.002116,4.0
1.0,jilin,4.0,60.0,0.0,0.0,1.0,3600.0,1.0,12.0,9.9035378,0.0,0.0,434.0,11.002116,2.0
0.0,jilin,5.0,28.0,0.4054651,0.0,1.0,784.0,1.0,9.0,0.0,1.0,0.0,434.0,10.59666,5.0
0.0,jilin,4.0,61.0,5.0172796,0.0,1.0,3721.0,0.0,12.0,10.463132,1.0,0.0,434.0,10.59666,2.0
1.0,jilin,4.0,71.0,0.0,0.0,1.0,5041.0,0.0,15.0,10.308986,0.0,1.0,434.0,10.915107,3.0
1.0,jilin,4.0,23.0,0.0,0.0,0.0,529.0,1.0,15.0,9.9035378,0.0,0.0,434.0,11.813038,5.0
0.0,jilin,3.0,64.0,0.0,0.0,1.0,4096.0,1.0,0.0,8.0067005,1.0,0.0,434.0,8.6996813,3.0
0.0,jilin,4.0,49.0,0.0,0.0,1.0,2401.0,1.0,0.0,10.463132,1.0,0.0,434.0,10.308986,4.0
1.0,jilin,4.0,32.0,0.0,0.0,1.0,1024.0,0.0,12.0,11.002116,0.0,0.0,434.0,11.002116,4.0
1.0,jilin,4.0,47.0,0.0,0.0,1.0,2209.0,1.0,6.0,9.9035378,1.0,0.0,434.0,9.9988432,4.0
0.0,jilin,5.0,36.0,0.0,0.0,1.0,1296.0,0.0,9.0,9.2104406,1.0,0.0,434.0,10.59666,4.0
0.0,jilin,4.0,72.0,0.0,0.0,1.0,5184.0,0.0,6.0,7.3783836,1.0,0.0,434.0,8.0712185,5.0
0.0,jilin,5.0,19.0,3.0445225,0.0,0.0,361.0,1.0,9.0,9.1050911,1.0,0.0,434.0,11.512936,5.0
1.0,jilin,4.0,68.0,2.0794415,0.0,1.0,4624.0,0.0,9.0,10.59666,0.0,1.0,434.0,10.59666,4.0
1.0,jilin,4.0,71.0,0.0,0.0,0.0,5041.0,1.0,6.0,9.2104406,0.0,0.0,434.0,9.2104406,3.0
1.0,jilin,4.0,45.0,0.0,0.0,1.0,2025.0,1.0,6.0,10.085851,1.0,0.0,434.0,11.407576,4.0
1.0,jilin,5.0,67.0,0.0,0.0,1.0,4489.0,1.0,9.0,9.9035378,0.0,0.0,434.0,10.59666,4.0
0.0,jilin,4.0,76.0,0.0,0.0,0.0,5776.0,0.0,6.0,8.0067005,1.0,0.0,434.0,9.2104406,4.0
0.0,jilin,2.0,63.0,0.0,0.0,1.0,3969.0,0.0,0.0,7.3138866,1.0,0.0,434.0,7.6014023,1.0
0.0,jilin,4.0,58.0,0.0,0.0,1.0,3364.0,1.0,6.0,9.2104406,1.0,0.0,434.0,9.9035378,2.0
0.0,jilin,3.0,49.0,2.3978953,0.0,1.0,2401.0,1.0,12.0,9.2104406,1.0,0.0,434.0,9.9035378,2.0
1.0,jilin,5.0,64.0,0.0,0.0,0.0,4096.0,1.0,9.0,10.085851,0.0,0.0,434.0,10.085851,4.0
0.0,jilin,4.0,42.0,0.0,1.0,1.0,1764.0,0.0,12.0,9.9035378,1.0,0.0,434.0,9.9035378,4.0
0.0,jilin,4.0,64.0,0.0,0.0,1.0,4096.0,0.0,12.0,7.6014023,1.0,0.0,434.0,8.0067005,2.0
0.0,jilin,4.0,88.0,2.3978953,0.0,0.0,7744.0,0.0,2.0,7.09091,1.0,0.0,434.0,9.2104406,4.0
1.0,jilin,5.0,70.0,0.0,0.0,1.0,4900.0,1.0,9.0,10.085851,0.0,0.0,434.0,11.002116,5.0
0.0,jilin,4.0,69.0,0.0,0.0,0.0,4761.0,0.0,0.0,7.3530817,1.0,0.0,434.0,7.3530817,3.0
1.0,jilin,3.0,60.0,2.5649493,1.0,1.0,3600.0,1.0,9.0,10.085851,0.0,0.0,434.0,10.085851,4.0
0.0,jilin,4.0,49.0,0.0,0.0,1.0,2401.0,0.0,9.0,10.819798,1.0,0.0,434.0,10.819798,4.0
1.0,jilin,4.0,45.0,0.0,0.0,1.0,2025.0,1.0,16.0,11.918397,0.0,0.0,434.0,13.122365,5.0
1.0,jilin,4.0,63.0,0.0,0.0,0.0,3969.0,1.0,6.0,9.6158724,1.0,0.0,434.0,9.6158724,3.0
0.0,jilin,4.0,50.0,0.0,0.0,1.0,2500.0,1.0,9.0,9.6158724,1.0,0.0,434.0,10.308986,4.0
0.0,jilin,4.0,39.0,0.0,0.0,1.0,1521.0,1.0,6.0,9.9035378,1.0,0.0,434.0,10.819798,5.0
1.0,jilin,4.0,47.0,0.0,0.0,1.0,2209.0,0.0,15.0,11.082158,0.0,1.0,434.0,11.918397,4.0
1.0,jilin,4.0,23.0,0.0,0.0,0.0,529.0,0.0,16.0,0.0,0.0,0.0,434.0,11.289794,5.0
0.0,jilin,3.0,30.0,0.0,0.0,1.0,900.0,1.0,6.0,9.2104406,1.0,0.0,434.0,10.819798,5.0
0.0,jilin,4.0,34.0,0.0,0.0,1.0,1156.0,0.0,9.0,9.2104406,1.0,0.0,434.0,9.2104406,4.0
1.0,jilin,5.0,42.0,0.0,0.0,1.0,1764.0,0.0,12.0,10.819798,0.0,0.0,434.0,11.289794,4.0
0.0,jilin,3.0,80.0,0.0,0.0,1.0,6400.0,1.0,6.0,0.0,1.0,0.0,434.0,0.0,2.0
0.0,jilin,4.0,64.0,0.0,0.0,0.0,4096.0,1.0,0.0,7.9013772,1.0,0.0,434.0,8.2842522,3.0
0.0,jilin,4.0,63.0,0.0,0.0,1.0,3969.0,1.0,6.0,8.5173931,1.0,0.0,434.0,9.2104406,1.0
1.0,jilin,4.0,46.0,0.0,0.0,1.0,2116.0,1.0,16.0,10.819798,0.0,1.0,434.0,11.156265,3.0
1.0,jilin,4.0,55.0,0.0,0.0,1.0,3025.0,0.0,6.0,9.2104406,1.0,0.0,434.0,9.9035378,3.0
0.0,jilin,1.0,60.0,0.0,0.0,0.0,3600.0,1.0,0.0,0.0,1.0,0.0,434.0,10.308986,1.0
1.0,jilin,5.0,59.0,0.0,0.0,1.0,3481.0,1.0,0.0,8.9227915,0.0,0.0,434.0,9.6158724,1.0
0.0,jilin,4.0,50.0,0.0,0.0,1.0,2500.0,1.0,9.0,9.2104406,1.0,0.0,434.0,9.9035378,3.0
0.0,jilin,4.0,33.0,0.0,0.0,0.0,1089.0,1.0,6.0,9.9035378,1.0,0.0,434.0,11.002116,2.0
1.0,jilin,3.0,57.0,0.0,0.0,1.0,3249.0,0.0,15.0,10.961295,0.0,1.0,434.0,10.491302,3.0
1.0,jilin,4.0,49.0,0.0,0.0,1.0,2401.0,0.0,9.0,11.156265,1.0,0.0,434.0,11.407576,4.0
0.0,jilin,4.0,56.0,0.0,0.0,1.0,3136.0,0.0,6.0,9.6158724,1.0,0.0,434.0,10.308986,3.0
0.0,jilin,4.0,59.0,0.0,0.0,1.0,3481.0,0.0,9.0,9.2104406,1.0,0.0,434.0,10.308986,5.0
0.0,jilin,4.0,54.0,0.0,0.0,1.0,2916.0,0.0,6.0,9.9035378,1.0,0.0,434.0,10.463132,4.0
1.0,jilin,4.0,50.0,0.0,0.0,1.0,2500.0,1.0,12.0,10.126671,0.0,0.0,434.0,11.002116,4.0
0.0,jilin,5.0,42.0,0.0,0.0,1.0,1764.0,0.0,9.0,9.9035378,1.0,0.0,434.0,10.819798,5.0
0.0,jilin,3.0,63.0,0.0,0.0,1.0,3969.0,0.0,9.0,8.9873219,1.0,0.0,434.0,8.9873219,2.0
0.0,jilin,4.0,66.0,0.0,0.0,1.0,4356.0,0.0,6.0,8.4340286,1.0,0.0,434.0,8.4340286,5.0
0.0,jilin,4.0,60.0,0.0,0.0,1.0,3600.0,0.0,6.0,0.0,1.0,0.0,434.0,9.6804066,1.0
0.0,jilin,4.0,66.0,3.4339871,0.0,1.0,4356.0,0.0,6.0,8.0067005,1.0,0.0,434.0,9.2104406,4.0
1.0,jilin,4.0,48.0,0.0,0.0,1.0,2304.0,1.0,12.0,9.9115057,0.0,0.0,434.0,10.778977,4.0
0.0,jilin,4.0,71.0,0.0,0.0,0.0,5041.0,0.0,6.0,7.3530817,1.0,0.0,434.0,7.3530817,2.0
0.0,jilin,4.0,71.0,0.0,0.0,1.0,5041.0,1.0,9.0,7.6014023,1.0,0.0,434.0,8.2943001,2.0
0.0,jilin,4.0,28.0,0.0,0.0,0.0,784.0,0.0,9.0,10.491302,0.0,0.0,434.0,10.59666,4.0
1.0,jilin,4.0,56.0,0.0,0.0,0.0,3136.0,1.0,0.0,9.2104406,1.0,0.0,434.0,9.2104406,2.0
1.0,jilin,5.0,34.0,0.0,0.0,1.0,1156.0,0.0,9.0,11.512936,1.0,0.0,434.0,11.512936,5.0
0.0,jilin,5.0,21.0,0.0,0.0,0.0,441.0,0.0,9.0,10.59666,1.0,0.0,434.0,11.002116,5.0
1.0,jilin,5.0,37.0,0.0,0.0,1.0,1369.0,0.0,12.0,10.616462,0.0,0.0,434.0,11.338584,3.0
0.0,jilin,4.0,37.0,1.7917595,1.0,1.0,1369.0,1.0,9.0,10.126671,0.0,0.0,434.0,10.819798,4.0
1.0,jilin,4.0,62.0,2.3978953,0.0,0.0,3844.0,0.0,6.0,0.0,1.0,0.0,434.0,0.0,2.0
1.0,jilin,4.0,43.0,0.0,0.0,1.0,1849.0,0.0,6.0,9.9035378,1.0,0.0,434.0,10.59666,4.0
0.0,jilin,4.0,62.0,2.7725887,0.0,1.0,3844.0,0.0,9.0,8.2842522,1.0,0.0,434.0,8.977273,1.0
1.0,jilin,4.0,65.0,0.0,0.0,1.0,4225.0,1.0,6.0,7.7836404,1.0,0.0,434.0,7.6014023,2.0
0.0,jilin,5.0,61.0,0.0,0.0,1.0,3721.0,0.0,6.0,9.7981825,1.0,0.0,434.0,9.7981825,2.0
1.0,jilin,4.0,67.0,0.0,0.0,1.0,4489.0,0.0,6.0,6.8679743,1.0,0.0,434.0,7.5606012,3.0
0.0,jilin,5.0,65.0,0.0,0.0,1.0,4225.0,0.0,6.0,9.2104406,1.0,0.0,434.0,9.2104406,2.0
1.0,jilin,4.0,75.0,0.0,0.0,1.0,5625.0,0.0,9.0,6.9087548,1.0,0.0,434.0,10.645449,4.0
1.0,jilin,5.0,62.0,1.3862944,0.0,1.0,3844.0,1.0,9.0,9.2104406,1.0,0.0,434.0,9.9035378,4.0
0.0,jilin,4.0,63.0,0.0,0.0,1.0,3969.0,0.0,0.0,6.9087548,1.0,0.0,434.0,6.9087548,1.0
1.0,jilin,4.0,54.0,0.0,0.0,1.0,2916.0,1.0,12.0,9.6158724,0.0,0.0,434.0,9.6158724,4.0
1.0,jilin,4.0,58.0,0.0,0.0,1.0,3364.0,1.0,15.0,10.819798,0.0,0.0,434.0,11.156265,4.0
1.0,jilin,4.0,20.0,0.0,0.0,0.0,400.0,1.0,12.0,12.301388,1.0,1.0,434.0,12.611541,2.0
0.0,jilin,4.0,55.0,0.0,0.0,1.0,3025.0,0.0,9.0,0.0,1.0,0.0,434.0,11.156265,1.0
0.0,jilin,5.0,41.0,0.0,0.0,1.0,1681.0,0.0,9.0,9.6158724,1.0,0.0,434.0,10.308986,5.0
1.0,jilin,2.0,72.0,1.3862944,0.0,1.0,5184.0,0.0,12.0,10.308986,0.0,0.0,434.0,10.59666,4.0
0.0,jilin,4.0,61.0,0.0,0.0,1.0,3721.0,1.0,0.0,8.2943001,1.0,0.0,434.0,8.2943001,1.0
1.0,jilin,4.0,63.0,0.0,0.0,1.0,3969.0,1.0,12.0,10.308986,0.0,0.0,434.0,10.819798,5.0
0.0,jilin,4.0,70.0,0.0,0.0,0.0,4900.0,1.0,6.0,8.0067005,1.0,0.0,434.0,8.0067005,4.0
0.0,jilin,3.0,71.0,1.7917595,0.0,1.0,5041.0,0.0,9.0,9.2104406,1.0,0.0,434.0,9.6158724,4.0
0.0,jilin,4.0,37.0,0.0,0.0,1.0,1369.0,0.0,9.0,9.9035378,1.0,0.0,434.0,10.59666,4.0
1.0,jilin,4.0,53.0,3.9318256,0.0,1.0,2809.0,0.0,12.0,10.126671,0.0,1.0,434.0,,4.0
0.0,jilin,4.0,45.0,2.3978953,0.0,1.0,2025.0,1.0,6.0,8.5173931,1.0,0.0,434.0,9.2104406,5.0
0.0,jilin,4.0,57.0,0.0,0.0,1.0,3249.0,1.0,6.0,10.819798,1.0,0.0,434.0,10.819798,3.0
0.0,jilin,4.0,40.0,0.0,0.0,0.0,1600.0,0.0,6.0,11.002116,1.0,0.0,434.0,11.002116,4.0
0.0,jilin,1.0,76.0,0.0,0.0,1.0,5776.0,1.0,0.0,6.9087548,1.0,0.0,434.0,7.6014023,2.0
1.0,jilin,1.0,54.0,3.4339871,0.0,0.0,2916.0,0.0,9.0,8.5173931,1.0,0.0,434.0,8.5173931,2.0
1.0,jilin,4.0,50.0,0.0,0.0,1.0,2500.0,0.0,9.0,10.126671,1.0,0.0,434.0,10.126671,2.0
1.0,jilin,4.0,22.0,0.0,0.0,0.0,484.0,0.0,16.0,,1.0,0.0,434.0,11.289794,3.0
0.0,jilin,4.0,78.0,0.0,0.0,1.0,6084.0,0.0,0.0,8.2943001,1.0,0.0,434.0,8.9873219,1.0
0.0,jilin,2.0,55.0,0.0,0.0,1.0,3025.0,1.0,9.0,0.0,1.0,0.0,434.0,10.308986,4.0
0.0,jilin,4.0,53.0,4.3944492,0.0,1.0,2809.0,0.0,9.0,10.819798,1.0,0.0,434.0,11.512936,4.0
0.0,jilin,2.0,52.0,0.0,0.0,1.0,2704.0,0.0,9.0,9.6158724,1.0,0.0,434.0,9.6158724,5.0
1.0,jilin,4.0,36.0,0.0,0.0,1.0,1296.0,1.0,9.0,9.9035378,1.0,0.0,434.0,10.819798,3.0
1.0,jilin,4.0,39.0,0.0,1.0,1.0,1521.0,0.0,9.0,10.59666,1.0,0.0,434.0,10.59666,3.0
0.0,jilin,4.0,55.0,0.0,0.0,1.0,3025.0,0.0,9.0,0.0,1.0,0.0,434.0,8.0067005,2.0
0.0,jilin,5.0,63.0,0.0,0.0,1.0,3969.0,1.0,6.0,8.9300976,1.0,0.0,434.0,10.308986,4.0
0.0,jilin,5.0,65.0,0.0,0.0,0.0,4225.0,1.0,0.0,0.0,1.0,0.0,434.0,0.0,1.0
0.0,jilin,4.0,56.0,0.0,0.0,1.0,3136.0,1.0,0.0,8.2943001,1.0,0.0,434.0,9.2104406,2.0
0.0,jilin,4.0,47.0,0.0,0.0,1.0,2209.0,0.0,6.0,10.819798,1.0,0.0,434.0,10.915107,4.0
0.0,jilin,4.0,56.0,0.0,0.0,1.0,3136.0,1.0,6.0,0.0,1.0,0.0,434.0,9.6158724,2.0
0.0,jilin,4.0,38.0,0.0,0.0,1.0,1444.0,1.0,9.0,10.308986,1.0,0.0,434.0,11.002116,2.0
0.0,jilin,4.0,66.0,0.0,0.0,1.0,4356.0,0.0,0.0,0.0,1.0,0.0,434.0,10.819798,2.0
0.0,jilin,2.0,68.0,0.0,0.0,1.0,4624.0,0.0,12.0,8.0067005,1.0,0.0,434.0,8.6996813,2.0
0.0,jilin,4.0,40.0,0.0,0.0,1.0,1600.0,1.0,6.0,10.308986,1.0,0.0,434.0,11.002116,4.0
1.0,jilin,4.0,50.0,0.0,0.0,1.0,2500.0,1.0,9.0,0.0,0.0,0.0,434.0,0.0,4.0
0.0,jilin,5.0,63.0,0.0,0.0,1.0,3969.0,1.0,0.0,9.6158724,1.0,0.0,434.0,10.308986,3.0
0.0,jilin,4.0,81.0,2.3978953,0.0,1.0,6561.0,0.0,6.0,8.5173931,1.0,0.0,434.0,8.5173931,3.0
1.0,jilin,4.0,49.0,0.0,0.0,1.0,2401.0,0.0,9.0,11.002116,1.0,0.0,434.0,11.002116,4.0
0.0,jilin,4.0,71.0,0.0,0.0,1.0,5041.0,0.0,6.0,7.6014023,1.0,0.0,434.0,9.4727812,2.0
1.0,jilin,5.0,74.0,3.9318256,0.0,0.0,5476.0,1.0,12.0,10.268166,0.0,0.0,434.0,10.268166,4.0
0.0,jilin,4.0,47.0,0.0,0.0,1.0,2209.0,1.0,9.0,11.002116,1.0,0.0,434.0,11.002116,2.0
1.0,jilin,5.0,74.0,0.0,0.0,0.0,5476.0,1.0,9.0,10.491302,0.0,1.0,434.0,10.491302,4.0
0.0,jilin,5.0,52.0,0.0,0.0,1.0,2704.0,0.0,15.0,12.899222,0.0,0.0,434.0,12.901719,5.0
0.0,jilin,4.0,50.0,0.0,0.0,1.0,2500.0,1.0,6.0,9.2104406,1.0,0.0,434.0,9.9035378,3.0
1.0,jilin,4.0,45.0,0.0,0.0,1.0,2025.0,0.0,0.0,11.156265,0.0,0.0,434.0,11.156265,4.0
0.0,jilin,4.0,18.0,0.0,0.0,0.0,324.0,1.0,0.0,0.0,1.0,0.0,434.0,11.156265,5.0
1.0,jilin,4.0,40.0,0.0,0.0,0.0,1600.0,1.0,16.0,10.819798,0.0,1.0,434.0,10.819798,4.0
0.0,jilin,4.0,47.0,0.0,0.0,1.0,2209.0,0.0,9.0,8.6126852,1.0,0.0,434.0,8.6126852,2.0
0.0,jilin,4.0,46.0,0.0,0.0,1.0,2116.0,1.0,6.0,7.8244457,1.0,0.0,434.0,8.5173931,2.0
0.0,jilin,4.0,34.0,4.1108737,0.0,1.0,1156.0,1.0,6.0,9.392745,1.0,0.0,434.0,10.126671,5.0
0.0,jilin,5.0,84.0,0.0,0.0,0.0,7056.0,0.0,0.0,7.9233484,1.0,0.0,434.0,7.9233484,4.0
1.0,jilin,4.0,23.0,0.0,0.0,0.0,529.0,1.0,16.0,0.0,0.0,1.0,434.0,0.0,3.0
1.0,jilin,4.0,53.0,2.0794415,0.0,1.0,2809.0,1.0,9.0,10.59666,0.0,1.0,434.0,10.59666,4.0
0.0,jilin,5.0,45.0,0.0,0.0,1.0,2025.0,0.0,9.0,10.308986,1.0,1.0,434.0,11.002116,2.0
0.0,jilin,5.0,64.0,0.0,1.0,0.0,4096.0,1.0,0.0,8.0067005,1.0,0.0,434.0,11.002116,2.0
1.0,jilin,4.0,37.0,0.0,0.0,1.0,1369.0,0.0,6.0,11.002116,0.0,0.0,434.0,11.002116,5.0
0.0,jilin,4.0,43.0,0.0,0.0,1.0,1849.0,0.0,9.0,10.819798,1.0,0.0,434.0,11.512936,5.0
0.0,jilin,2.0,61.0,0.0,0.0,1.0,3721.0,0.0,12.0,8.9873219,1.0,0.0,434.0,9.6804066,4.0
1.0,jilin,2.0,53.0,0.0,0.0,1.0,2809.0,1.0,12.0,9.9035378,0.0,0.0,434.0,9.9035378,3.0
0.0,jilin,2.0,34.0,0.0,0.0,1.0,1156.0,0.0,9.0,9.2104406,1.0,0.0,434.0,9.2104406,5.0
0.0,jilin,4.0,62.0,0.0,0.0,1.0,3844.0,1.0,9.0,0.0,1.0,0.0,434.0,9.2104406,3.0
0.0,jilin,4.0,53.0,0.0,0.0,1.0,2809.0,1.0,0.0,8.8538084,1.0,0.0,434.0,9.2104406,4.0
0.0,jilin,4.0,67.0,0.0,0.0,1.0,4489.0,0.0,6.0,8.1608038,1.0,0.0,434.0,,2.0
0.0,jilin,3.0,35.0,0.0,0.0,1.0,1225.0,0.0,9.0,9.9035378,1.0,0.0,434.0,10.59666,5.0
0.0,jilin,4.0,51.0,0.0,0.0,1.0,2601.0,1.0,6.0,7.6014023,1.0,0.0,434.0,9.9035378,4.0
0.0,jilin,5.0,54.0,0.0,0.0,1.0,2916.0,1.0,6.0,8.9873219,1.0,0.0,434.0,9.9035378,4.0
1.0,jilin,4.0,41.0,0.0,1.0,1.0,1681.0,1.0,9.0,10.308986,1.0,0.0,434.0,11.156265,3.0
0.0,jilin,4.0,35.0,0.0,0.0,1.0,1225.0,1.0,9.0,9.2104406,1.0,0.0,434.0,9.9035378,4.0
0.0,jilin,4.0,31.0,0.0,0.0,1.0,961.0,1.0,6.0,10.819798,1.0,0.0,434.0,9.2104406,4.0
1.0,jilin,4.0,51.0,0.0,0.0,1.0,2601.0,1.0,9.0,0.0,0.0,0.0,434.0,,4.0
1.0,jilin,4.0,70.0,0.0,0.0,0.0,4900.0,0.0,9.0,9.6158724,1.0,0.0,434.0,10.126671,4.0
1.0,jilin,4.0,46.0,0.0,0.0,1.0,2116.0,1.0,9.0,10.59666,1.0,0.0,434.0,10.59666,2.0
0.0,jilin,4.0,49.0,0.0,0.0,1.0,2401.0,1.0,9.0,9.1050911,1.0,0.0,434.0,9.7981825,4.0
1.0,jilin,4.0,36.0,0.0,0.0,1.0,1296.0,0.0,9.0,10.491302,1.0,0.0,434.0,11.002116,3.0
0.0,jilin,4.0,44.0,1.7917595,0.0,1.0,1936.0,0.0,6.0,10.819798,1.0,0.0,434.0,10.59666,2.0
1.0,jilin,4.0,26.0,0.0,0.0,1.0,676.0,1.0,15.0,11.289794,1.0,0.0,434.0,11.695255,5.0
0.0,jilin,5.0,68.0,0.0,0.0,1.0,4624.0,0.0,9.0,9.2104406,0.0,0.0,434.0,9.2104406,5.0
1.0,jilin,5.0,20.0,0.0,1.0,0.0,400.0,0.0,15.0,7.8244457,1.0,0.0,434.0,11.512936,4.0
1.0,jilin,4.0,52.0,1.7917595,0.0,1.0,2704.0,1.0,6.0,9.392745,1.0,0.0,434.0,9.9035378,4.0
0.0,jilin,4.0,42.0,0.0,0.0,1.0,1764.0,1.0,6.0,7.6014023,1.0,0.0,434.0,8.0067005,5.0
1.0,jilin,1.0,43.0,0.0,0.0,0.0,1849.0,0.0,6.0,9.9035378,1.0,0.0,434.0,9.9035378,5.0
1.0,jilin,4.0,49.0,2.3978953,1.0,1.0,2401.0,0.0,9.0,10.819798,1.0,0.0,434.0,10.819798,2.0
1.0,heilongjiang,5.0,39.0,0.0,0.0,1.0,1521.0,1.0,12.0,,0.0,0.0,1359.0,,3.0
1.0,heilongjiang,3.0,44.0,0.0,0.0,1.0,1936.0,0.0,9.0,10.819798,1.0,0.0,1359.0,11.156265,5.0
1.0,heilongjiang,5.0,54.0,0.0,0.0,1.0,2916.0,1.0,15.0,9.9465952,0.0,1.0,1359.0,9.9465952,4.0
1.0,heilongjiang,2.0,29.0,1.3862944,0.0,0.0,841.0,0.0,12.0,10.463132,0.0,0.0,1359.0,10.463132,5.0
0.0,heilongjiang,4.0,64.0,0.0,0.0,1.0,4096.0,0.0,12.0,0.0,1.0,0.0,1359.0,,3.0
1.0,heilongjiang,4.0,29.0,0.0,0.0,1.0,841.0,1.0,9.0,10.308986,1.0,0.0,1359.0,10.819798,4.0
1.0,heilongjiang,2.0,52.0,0.0,0.0,0.0,2704.0,0.0,6.0,0.0,1.0,0.0,1359.0,0.0,2.0
1.0,heilongjiang,5.0,38.0,0.0,0.0,1.0,1444.0,0.0,9.0,11.002116,0.0,0.0,1359.0,11.589896,5.0
0.0,heilongjiang,5.0,50.0,0.0,0.0,1.0,2500.0,0.0,6.0,10.491302,1.0,0.0,1359.0,11.002116,5.0
1.0,heilongjiang,4.0,49.0,0.0,0.0,1.0,2401.0,1.0,12.0,10.126671,0.0,1.0,1359.0,11.918397,4.0
1.0,heilongjiang,5.0,53.0,0.0,0.0,1.0,2809.0,1.0,12.0,9.2104406,0.0,1.0,1359.0,9.9035378,4.0
1.0,heilongjiang,5.0,86.0,0.0,0.0,0.0,7396.0,1.0,0.0,,1.0,0.0,1359.0,10.819798,2.0
0.0,heilongjiang,4.0,47.0,0.0,0.0,1.0,2209.0,1.0,9.0,7.8244457,1.0,0.0,1359.0,7.8244457,4.0
1.0,heilongjiang,4.0,67.0,2.7725887,0.0,1.0,4489.0,1.0,9.0,10.308986,0.0,0.0,1359.0,11.512936,3.0
1.0,heilongjiang,5.0,62.0,0.0,0.0,1.0,3844.0,1.0,12.0,10.491302,0.0,0.0,1359.0,11.184435,5.0
1.0,heilongjiang,4.0,32.0,0.0,0.0,1.0,1024.0,0.0,12.0,11.982935,1.0,0.0,1359.0,11.982935,4.0
0.0,heilongjiang,4.0,69.0,0.0,0.0,1.0,4761.0,1.0,6.0,7.6501689,1.0,0.0,1359.0,8.7797117,2.0
1.0,heilongjiang,4.0,39.0,0.0,0.0,1.0,1521.0,0.0,9.0,11.512936,1.0,0.0,1359.0,11.512936,4.0
1.0,heilongjiang,4.0,27.0,0.0,0.0,1.0,729.0,0.0,12.0,11.512936,1.0,0.0,1359.0,11.918397,4.0
0.0,heilongjiang,1.0,47.0,0.0,0.0,1.0,2209.0,1.0,9.0,9.2104406,1.0,0.0,1359.0,9.2104406,2.0
1.0,heilongjiang,5.0,66.0,0.0,0.0,1.0,4356.0,0.0,9.0,8.5173931,1.0,0.0,1359.0,9.2104406,5.0
1.0,heilongjiang,4.0,43.0,0.0,0.0,1.0,1849.0,1.0,16.0,10.71444,0.0,1.0,1359.0,11.156265,4.0
0.0,heilongjiang,4.0,46.0,0.0,0.0,1.0,2116.0,0.0,6.0,10.308986,1.0,0.0,1359.0,10.308986,4.0
1.0,heilongjiang,4.0,89.0,1.7917595,0.0,1.0,7921.0,0.0,2.0,11.211834,0.0,1.0,1359.0,11.211834,4.0
0.0,heilongjiang,4.0,65.0,2.3978953,0.0,1.0,4225.0,1.0,0.0,8.1889668,0.0,0.0,1359.0,8.9873219,2.0
1.0,heilongjiang,3.0,18.0,0.0,0.0,0.0,324.0,0.0,9.0,9.3057413,1.0,0.0,1359.0,11.608245,5.0
1.0,heilongjiang,2.0,47.0,0.0,0.0,1.0,2209.0,1.0,12.0,10.308986,0.0,1.0,1359.0,10.308986,4.0
1.0,heilongjiang,3.0,58.0,0.0,0.0,0.0,3364.0,0.0,6.0,9.9035378,0.0,0.0,1359.0,9.9035378,4.0
1.0,heilongjiang,4.0,39.0,0.0,0.0,1.0,1521.0,1.0,9.0,0.0,0.0,0.0,1359.0,10.308986,4.0
1.0,heilongjiang,3.0,46.0,0.0,0.0,1.0,2116.0,0.0,9.0,9.9035378,0.0,0.0,1359.0,9.9035378,2.0
1.0,heilongjiang,4.0,18.0,0.0,0.0,1.0,324.0,0.0,12.0,10.491302,0.0,0.0,1359.0,10.308986,4.0
1.0,heilongjiang,2.0,51.0,0.0,0.0,0.0,2601.0,1.0,6.0,9.3414564,0.0,0.0,1359.0,9.3414564,2.0
1.0,heilongjiang,4.0,76.0,0.0,0.0,1.0,5776.0,1.0,6.0,8.0067005,1.0,0.0,1359.0,9.2104406,2.0
0.0,heilongjiang,2.0,51.0,0.0,0.0,1.0,2601.0,1.0,9.0,9.2104406,1.0,0.0,1359.0,9.2104406,1.0
0.0,heilongjiang,2.0,54.0,0.0,0.0,0.0,2916.0,0.0,9.0,7.4960976,1.0,0.0,1359.0,8.1889668,1.0
1.0,heilongjiang,4.0,88.0,0.0,0.0,0.0,7744.0,0.0,2.0,9.392745,1.0,0.0,1359.0,11.034905,2.0
1.0,heilongjiang,3.0,63.0,0.0,0.0,1.0,3969.0,1.0,6.0,7.6501689,1.0,0.0,1359.0,8.3430777,2.0
1.0,heilongjiang,3.0,41.0,0.0,0.0,1.0,1681.0,1.0,12.0,10.819798,0.0,0.0,1359.0,11.512936,5.0
1.0,heilongjiang,4.0,53.0,0.0,0.0,1.0,2809.0,0.0,15.0,13.122365,0.0,1.0,1359.0,11.156265,4.0
0.0,heilongjiang,4.0,69.0,0.0,0.0,0.0,4761.0,0.0,6.0,8.5173931,1.0,1.0,1359.0,8.5173931,2.0
0.0,heilongjiang,5.0,47.0,0.0,0.0,1.0,2209.0,0.0,9.0,10.59666,1.0,0.0,1359.0,9.9035378,5.0
1.0,heilongjiang,5.0,57.0,0.0,0.0,1.0,3249.0,1.0,6.0,0.0,0.0,0.0,1359.0,11.002116,4.0
0.0,heilongjiang,3.0,64.0,0.0,0.0,1.0,4096.0,0.0,0.0,9.2104406,1.0,0.0,1359.0,9.2104406,4.0
1.0,heilongjiang,2.0,70.0,0.0,0.0,1.0,4900.0,0.0,6.0,8.0067005,1.0,0.0,1359.0,8.5173931,2.0
1.0,heilongjiang,5.0,64.0,0.0,0.0,1.0,4096.0,0.0,9.0,10.308986,0.0,0.0,1359.0,10.165891,4.0
1.0,heilongjiang,4.0,40.0,0.0,0.0,1.0,1600.0,1.0,9.0,10.59666,1.0,0.0,1359.0,11.512936,4.0
1.0,heilongjiang,5.0,36.0,0.0,0.0,1.0,1296.0,1.0,16.0,11.002116,0.0,1.0,1359.0,11.608245,4.0
0.0,heilongjiang,4.0,57.0,0.0,0.0,1.0,3249.0,0.0,9.0,8.6996813,1.0,0.0,1359.0,11.156265,3.0
1.0,heilongjiang,4.0,48.0,0.0,0.0,1.0,2304.0,0.0,9.0,10.491302,0.0,0.0,1359.0,10.59666,4.0
1.0,heilongjiang,3.0,47.0,0.0,0.0,1.0,2209.0,1.0,6.0,9.2104406,1.0,0.0,1359.0,9.9035378,4.0
1.0,heilongjiang,3.0,59.0,0.0,0.0,1.0,3481.0,1.0,12.0,10.126671,0.0,0.0,1359.0,10.59666,5.0
0.0,heilongjiang,4.0,55.0,0.0,1.0,1.0,3025.0,0.0,6.0,9.9035378,1.0,0.0,1359.0,10.308986,5.0
0.0,heilongjiang,3.0,55.0,0.0,0.0,0.0,3025.0,1.0,0.0,6.9087548,1.0,0.0,1359.0,8.6996813,4.0
0.0,heilongjiang,2.0,66.0,3.9318256,0.0,0.0,4356.0,1.0,6.0,0.0,1.0,0.0,1359.0,0.0,1.0
1.0,heilongjiang,4.0,62.0,0.0,0.0,1.0,3844.0,0.0,12.0,10.134639,0.0,0.0,1359.0,10.827766,3.0
1.0,heilongjiang,4.0,60.0,0.0,0.0,0.0,3600.0,1.0,12.0,10.085851,0.0,0.0,1359.0,10.085851,4.0
1.0,heilongjiang,3.0,56.0,0.0,0.0,1.0,3136.0,0.0,12.0,8.9873219,0.0,0.0,1359.0,10.308986,3.0
1.0,heilongjiang,4.0,51.0,0.0,0.0,1.0,2601.0,1.0,6.0,6.9087548,1.0,0.0,1359.0,7.6014023,3.0
1.0,heilongjiang,4.0,67.0,0.0,1.0,0.0,4489.0,0.0,6.0,6.8679743,1.0,0.0,1359.0,7.6014023,3.0
1.0,heilongjiang,4.0,68.0,0.0,0.0,1.0,4624.0,1.0,12.0,10.961295,1.0,0.0,1359.0,10.961295,3.0
1.0,heilongjiang,4.0,34.0,0.0,1.0,0.0,1156.0,1.0,16.0,11.512936,0.0,1.0,1359.0,11.608245,3.0
1.0,heilongjiang,4.0,43.0,3.713572,0.0,1.0,1849.0,0.0,16.0,10.491302,0.0,1.0,1359.0,11.184435,4.0
1.0,heilongjiang,4.0,38.0,0.0,0.0,1.0,1444.0,0.0,6.0,9.9035378,1.0,0.0,1359.0,10.308986,4.0
1.0,heilongjiang,4.0,62.0,3.0445225,0.0,0.0,3844.0,1.0,9.0,10.126671,0.0,0.0,1359.0,10.126671,3.0
1.0,heilongjiang,4.0,45.0,0.0,0.0,1.0,2025.0,1.0,12.0,9.392745,1.0,0.0,1359.0,10.645449,5.0
1.0,heilongjiang,4.0,47.0,0.0,0.0,1.0,2209.0,0.0,9.0,10.308986,0.0,1.0,1359.0,10.819798,4.0
1.0,heilongjiang,4.0,67.0,0.0,0.0,1.0,4489.0,1.0,0.0,10.085851,0.0,0.0,1359.0,10.736419,2.0
1.0,heilongjiang,4.0,66.0,0.0,0.0,1.0,4356.0,0.0,6.0,8.5173931,1.0,0.0,1359.0,8.8538084,4.0
1.0,heilongjiang,4.0,53.0,0.0,0.0,1.0,2809.0,0.0,12.0,8.5173931,0.0,0.0,1359.0,8.5173931,4.0
1.0,heilongjiang,4.0,60.0,3.0445225,0.0,1.0,3600.0,0.0,6.0,9.6158724,0.0,0.0,1359.0,9.6158724,4.0
1.0,heilongjiang,4.0,50.0,0.0,0.0,1.0,2500.0,1.0,6.0,0.0,0.0,0.0,1359.0,10.59666,4.0
1.0,heilongjiang,3.0,64.0,0.0,0.0,1.0,4096.0,0.0,16.0,11.918397,0.0,0.0,1359.0,13.815512,4.0
0.0,heilongjiang,4.0,63.0,0.0,0.0,1.0,3969.0,1.0,0.0,8.2943001,1.0,0.0,1359.0,8.2943001,2.0
1.0,heilongjiang,5.0,54.0,0.0,0.0,1.0,2916.0,0.0,12.0,10.308986,0.0,0.0,1359.0,10.819798,5.0
0.0,heilongjiang,2.0,21.0,0.0,0.0,0.0,441.0,0.0,9.0,9.9035378,1.0,0.0,1359.0,10.819798,3.0
1.0,heilongjiang,5.0,64.0,0.0,0.0,1.0,4096.0,0.0,0.0,11.002116,0.0,1.0,1359.0,11.695255,3.0
1.0,heilongjiang,5.0,69.0,2.3978953,0.0,1.0,4761.0,0.0,0.0,6.9087548,1.0,0.0,1359.0,10.819798,4.0
1.0,heilongjiang,4.0,46.0,3.4339871,0.0,1.0,2116.0,1.0,6.0,12.206078,0.0,0.0,1359.0,12.206078,4.0
1.0,heilongjiang,3.0,56.0,0.0,0.0,1.0,3136.0,1.0,12.0,10.085851,0.0,0.0,1359.0,10.819798,2.0
1.0,heilongjiang,4.0,83.0,2.3978953,0.0,1.0,6889.0,0.0,9.0,10.59666,0.0,0.0,1359.0,10.988693,2.0
1.0,heilongjiang,3.0,49.0,0.0,0.0,1.0,2401.0,1.0,6.0,0.0,0.0,0.0,1359.0,10.308986,3.0
1.0,heilongjiang,4.0,69.0,0.0,0.0,1.0,4761.0,1.0,9.0,0.0,1.0,0.0,1359.0,8.0067005,3.0
1.0,heilongjiang,3.0,60.0,0.0,0.0,1.0,3600.0,0.0,9.0,9.392745,0.0,1.0,1359.0,10.59666,1.0
0.0,heilongjiang,4.0,32.0,0.0,0.0,0.0,1024.0,0.0,6.0,9.9035378,1.0,0.0,1359.0,9.9035378,4.0
1.0,heilongjiang,4.0,36.0,0.0,1.0,0.0,1296.0,0.0,9.0,11.002116,0.0,0.0,1359.0,11.512936,4.0
1.0,heilongjiang,4.0,53.0,0.0,0.0,1.0,2809.0,1.0,9.0,9.2104406,0.0,0.0,1359.0,9.9035378,2.0
1.0,heilongjiang,5.0,33.0,2.3978953,0.0,1.0,1089.0,1.0,9.0,11.512936,0.0,0.0,1359.0,11.512936,3.0
1.0,heilongjiang,4.0,47.0,2.3978953,0.0,1.0,2209.0,1.0,12.0,9.2104406,0.0,1.0,1359.0,9.2104406,4.0
1.0,heilongjiang,4.0,49.0,3.713572,0.0,0.0,2401.0,0.0,9.0,8.8538084,0.0,0.0,1359.0,8.8538084,2.0
1.0,heilongjiang,4.0,65.0,0.0,0.0,0.0,4225.0,1.0,6.0,10.126671,0.0,0.0,1359.0,10.126671,2.0
0.0,heilongjiang,5.0,34.0,1.7917595,0.0,1.0,1156.0,1.0,9.0,10.126671,1.0,0.0,1359.0,10.819798,5.0
1.0,heilongjiang,4.0,30.0,0.0,0.0,1.0,900.0,1.0,16.0,10.673619,0.0,0.0,1359.0,11.442513,4.0
1.0,heilongjiang,5.0,50.0,0.0,0.0,1.0,2500.0,0.0,12.0,10.085851,0.0,0.0,1359.0,10.819798,5.0
1.0,heilongjiang,4.0,72.0,0.0,0.0,1.0,5184.0,1.0,6.0,10.961295,0.0,0.0,1359.0,10.961295,2.0
0.0,heilongjiang,4.0,49.0,1.3862944,0.0,1.0,2401.0,0.0,6.0,8.5173931,1.0,0.0,1359.0,8.5173931,4.0
1.0,heilongjiang,3.0,50.0,0.0,0.0,1.0,2500.0,0.0,6.0,9.9035378,1.0,0.0,1359.0,9.9035378,4.0
1.0,heilongjiang,4.0,21.0,5.7071104,0.0,0.0,441.0,1.0,16.0,8.4765797,0.0,0.0,1359.0,11.082158,5.0
0.0,heilongjiang,2.0,31.0,0.0,0.0,1.0,961.0,0.0,9.0,10.308986,1.0,0.0,1359.0,10.59666,4.0
1.0,heilongjiang,4.0,59.0,0.0,0.0,1.0,3481.0,1.0,12.0,,0.0,0.0,1359.0,9.392745,4.0
1.0,heilongjiang,5.0,34.0,0.0,0.0,0.0,1156.0,0.0,6.0,8.2943001,0.0,0.0,1359.0,9.392745,2.0
1.0,heilongjiang,4.0,71.0,0.0,0.0,1.0,5041.0,0.0,0.0,9.9035378,1.0,0.0,1359.0,10.308986,4.0
1.0,heilongjiang,4.0,42.0,0.0,0.0,0.0,1764.0,1.0,12.0,0.0,0.0,0.0,1359.0,0.0,3.0
1.0,heilongjiang,5.0,57.0,0.0,0.0,1.0,3249.0,1.0,0.0,9.6158724,0.0,0.0,1359.0,10.71444,3.0
1.0,heilongjiang,5.0,36.0,0.0,0.0,1.0,1296.0,0.0,9.0,9.9035378,1.0,0.0,1359.0,10.59666,3.0
0.0,heilongjiang,4.0,48.0,3.2580965,0.0,1.0,2304.0,0.0,9.0,9.2104406,1.0,0.0,1359.0,9.2104406,4.0
1.0,heilongjiang,2.0,64.0,0.0,0.0,1.0,4096.0,0.0,6.0,7.09091,1.0,0.0,1359.0,11.002116,4.0
0.0,heilongjiang,4.0,49.0,0.0,0.0,1.0,2401.0,1.0,9.0,9.9035378,1.0,0.0,1359.0,10.819798,4.0
1.0,heilongjiang,4.0,58.0,0.0,0.0,1.0,3364.0,0.0,6.0,9.2104406,1.0,0.0,1359.0,9.9523249,5.0
0.0,heilongjiang,4.0,78.0,0.0,0.0,1.0,6084.0,0.0,9.0,9.3237581,1.0,0.0,1359.0,9.4255323,4.0
1.0,heilongjiang,1.0,52.0,0.0,0.0,1.0,2704.0,1.0,9.0,8.5173931,1.0,0.0,1359.0,9.2104406,2.0
1.0,heilongjiang,4.0,34.0,0.0,0.0,1.0,1156.0,0.0,12.0,9.392745,0.0,0.0,1359.0,10.491302,4.0
1.0,heilongjiang,3.0,47.0,0.0,0.0,1.0,2209.0,1.0,12.0,9.9035378,1.0,0.0,1359.0,10.819798,3.0
1.0,heilongjiang,5.0,39.0,0.0,0.0,1.0,1521.0,1.0,12.0,12.611541,1.0,0.0,1359.0,12.899222,5.0
1.0,heilongjiang,4.0,51.0,0.0,0.0,1.0,2601.0,1.0,9.0,10.59666,1.0,0.0,1359.0,11.002116,3.0
1.0,heilongjiang,4.0,54.0,0.0,0.0,1.0,2916.0,1.0,12.0,10.134639,0.0,0.0,1359.0,10.827766,4.0
0.0,heilongjiang,4.0,40.0,0.0,0.0,1.0,1600.0,1.0,9.0,0.0,0.0,0.0,1359.0,8.5173931,2.0
1.0,heilongjiang,1.0,50.0,0.0,1.0,0.0,2500.0,0.0,6.0,0.0,1.0,0.0,1359.0,8.6996813,1.0
1.0,heilongjiang,4.0,33.0,3.4339871,0.0,1.0,1089.0,0.0,9.0,11.002116,1.0,0.0,1359.0,11.002116,4.0
0.0,heilongjiang,4.0,48.0,0.0,0.0,1.0,2304.0,1.0,6.0,9.2104406,1.0,0.0,1359.0,9.9035378,2.0
1.0,heilongjiang,4.0,34.0,0.0,0.0,1.0,1156.0,0.0,15.0,9.7410278,0.0,1.0,1359.0,10.819798,4.0
1.0,heilongjiang,4.0,55.0,0.0,0.0,1.0,3025.0,1.0,0.0,8.5173931,1.0,0.0,1359.0,9.2104406,4.0
0.0,heilongjiang,4.0,42.0,0.0,0.0,1.0,1764.0,0.0,9.0,9.2104406,1.0,0.0,1359.0,9.9035378,4.0
1.0,heilongjiang,4.0,36.0,0.0,0.0,1.0,1296.0,0.0,9.0,9.6158724,1.0,0.0,1359.0,10.308986,4.0
0.0,heilongjiang,3.0,59.0,0.0,0.0,1.0,3481.0,0.0,6.0,10.915107,1.0,0.0,1359.0,9.392745,2.0
1.0,heilongjiang,4.0,32.0,0.0,0.0,1.0,1024.0,1.0,9.0,10.126671,1.0,0.0,1359.0,10.819798,4.0
0.0,heilongjiang,4.0,56.0,0.0,0.0,0.0,3136.0,1.0,6.0,7.6014023,1.0,0.0,1359.0,8.5173931,4.0
0.0,heilongjiang,4.0,70.0,0.0,0.0,1.0,4900.0,0.0,6.0,8.0394802,1.0,0.0,1359.0,7.09091,2.0
1.0,heilongjiang,1.0,53.0,0.0,0.0,0.0,2809.0,0.0,9.0,8.0067005,0.0,0.0,1359.0,9.9035378,2.0
1.0,heilongjiang,4.0,63.0,0.0,0.0,1.0,3969.0,1.0,15.0,10.463132,0.0,0.0,1359.0,11.156265,3.0
1.0,heilongjiang,4.0,35.0,0.0,0.0,1.0,1225.0,1.0,9.0,11.002116,1.0,0.0,1359.0,11.695255,5.0
0.0,heilongjiang,5.0,51.0,0.0,0.0,1.0,2601.0,1.0,6.0,0.0,1.0,0.0,1359.0,8.0067005,1.0
0.0,heilongjiang,4.0,72.0,0.0,0.0,1.0,5184.0,1.0,6.0,0.0,1.0,0.0,1359.0,9.9035378,3.0
1.0,heilongjiang,5.0,32.0,0.0,0.0,1.0,1024.0,1.0,9.0,9.4727812,1.0,0.0,1359.0,10.308986,4.0
1.0,heilongjiang,5.0,31.0,0.0,0.0,1.0,961.0,0.0,9.0,8.6996813,1.0,0.0,1359.0,9.2104406,5.0
1.0,heilongjiang,4.0,65.0,0.0,0.0,1.0,4225.0,0.0,9.0,8.6996813,1.0,0.0,1359.0,8.6996813,4.0
1.0,heilongjiang,5.0,61.0,0.0,0.0,1.0,3721.0,1.0,12.0,10.085851,0.0,0.0,1359.0,11.002116,3.0
0.0,heilongjiang,4.0,66.0,0.0,0.0,1.0,4356.0,0.0,0.0,9.2104406,1.0,0.0,1359.0,9.2104406,4.0
1.0,heilongjiang,3.0,67.0,0.0,0.0,1.0,4489.0,0.0,6.0,7.6014023,1.0,0.0,1359.0,8.412055,3.0
0.0,heilongjiang,4.0,47.0,3.0445225,0.0,1.0,2209.0,0.0,9.0,8.6996813,1.0,0.0,1359.0,8.6996813,3.0
0.0,heilongjiang,4.0,64.0,0.0,0.0,1.0,4096.0,0.0,6.0,9.9035378,1.0,0.0,1359.0,10.308986,3.0
0.0,heilongjiang,4.0,42.0,0.0,0.0,1.0,1764.0,0.0,9.0,11.289794,1.0,0.0,1359.0,11.512936,2.0
0.0,heilongjiang,4.0,56.0,0.0,0.0,1.0,3136.0,0.0,0.0,8.8538084,1.0,0.0,1359.0,8.8538084,5.0
0.0,heilongjiang,1.0,52.0,0.0,0.0,1.0,2704.0,1.0,0.0,7.6014023,1.0,0.0,1359.0,7.6014023,3.0
0.0,heilongjiang,4.0,69.0,0.0,0.0,1.0,4761.0,0.0,6.0,10.308986,1.0,0.0,1359.0,10.308986,4.0
1.0,heilongjiang,4.0,66.0,0.0,0.0,1.0,4356.0,0.0,12.0,10.085851,0.0,1.0,1359.0,10.778977,3.0
0.0,heilongjiang,5.0,25.0,0.0,0.0,1.0,625.0,0.0,9.0,10.308986,1.0,0.0,1359.0,10.819798,5.0
1.0,heilongjiang,4.0,61.0,0.0,0.0,1.0,3721.0,1.0,9.0,9.9035378,0.0,0.0,1359.0,10.59666,3.0
1.0,heilongjiang,5.0,33.0,0.0,0.0,1.0,1089.0,0.0,9.0,10.308986,1.0,0.0,1359.0,10.308986,5.0
1.0,heilongjiang,4.0,64.0,0.0,0.0,0.0,4096.0,1.0,9.0,10.085851,0.0,0.0,1359.0,10.085851,4.0
1.0,heilongjiang,2.0,54.0,0.0,0.0,1.0,2916.0,0.0,9.0,9.9035378,0.0,0.0,1359.0,10.308986,2.0
1.0,heilongjiang,4.0,38.0,0.0,0.0,1.0,1444.0,1.0,15.0,10.819798,0.0,1.0,1359.0,11.512936,3.0
1.0,heilongjiang,5.0,58.0,0.0,0.0,1.0,3364.0,0.0,9.0,9.2104406,1.0,0.0,1359.0,9.6158724,2.0
1.0,heilongjiang,5.0,42.0,0.0,0.0,1.0,1764.0,0.0,9.0,11.002116,1.0,0.0,1359.0,11.002116,4.0
1.0,heilongjiang,5.0,38.0,0.0,0.0,0.0,1444.0,1.0,12.0,0.0,0.0,0.0,1359.0,,3.0
1.0,heilongjiang,4.0,25.0,0.0,0.0,1.0,625.0,1.0,9.0,10.819798,1.0,0.0,1359.0,11.002116,5.0
1.0,heilongjiang,4.0,48.0,0.0,0.0,1.0,2304.0,0.0,15.0,11.002116,0.0,0.0,1359.0,11.289794,4.0
1.0,heilongjiang,4.0,31.0,0.0,0.0,1.0,961.0,0.0,16.0,10.59666,0.0,1.0,1359.0,11.289794,5.0
1.0,heilongjiang,5.0,26.0,4.6151204,0.0,0.0,676.0,1.0,16.0,9.6158724,1.0,0.0,1359.0,10.819798,5.0
0.0,heilongjiang,3.0,56.0,0.0,0.0,1.0,3136.0,1.0,6.0,0.0,1.0,0.0,1359.0,9.2104406,3.0
1.0,heilongjiang,4.0,24.0,5.7071104,0.0,0.0,576.0,0.0,9.0,10.59666,0.0,0.0,1359.0,11.695255,4.0
1.0,heilongjiang,5.0,72.0,0.0,0.0,0.0,5184.0,1.0,9.0,9.392745,0.0,0.0,1359.0,9.392745,4.0
1.0,heilongjiang,5.0,37.0,0.0,0.0,1.0,1369.0,0.0,12.0,10.126671,1.0,0.0,1359.0,10.819798,3.0
1.0,heilongjiang,4.0,38.0,0.0,0.0,1.0,1444.0,1.0,15.0,10.308986,0.0,0.0,1359.0,11.156265,3.0
1.0,heilongjiang,4.0,45.0,3.0445225,0.0,1.0,2025.0,0.0,9.0,8.1889668,0.0,0.0,1359.0,9.6550903,2.0
1.0,heilongjiang,4.0,51.0,0.0,0.0,1.0,2601.0,1.0,6.0,0.0,1.0,0.0,1359.0,9.2104406,3.0
0.0,heilongjiang,4.0,43.0,0.0,0.0,1.0,1849.0,0.0,9.0,10.308986,1.0,0.0,1359.0,10.308986,4.0
1.0,heilongjiang,2.0,65.0,0.0,0.0,0.0,4225.0,1.0,6.0,0.0,1.0,0.0,1359.0,8.9873219,3.0
1.0,heilongjiang,4.0,58.0,0.0,0.0,1.0,3364.0,1.0,12.0,9.9035378,0.0,0.0,1359.0,10.59666,4.0
1.0,heilongjiang,4.0,55.0,1.3862944,0.0,0.0,3025.0,0.0,9.0,8.0067005,0.0,0.0,1359.0,8.0067005,1.0
1.0,heilongjiang,2.0,66.0,0.0,0.0,1.0,4356.0,0.0,9.0,,1.0,0.0,1359.0,8.2943001,2.0
1.0,heilongjiang,4.0,41.0,0.0,0.0,0.0,1681.0,1.0,12.0,11.002116,0.0,0.0,1359.0,11.289794,5.0
1.0,heilongjiang,4.0,64.0,0.0,0.0,1.0,4096.0,0.0,6.0,10.308986,0.0,0.0,1359.0,10.59666,4.0
0.0,heilongjiang,4.0,44.0,0.0,0.0,1.0,1936.0,1.0,6.0,9.2104406,1.0,0.0,1359.0,9.2104406,4.0
0.0,heilongjiang,4.0,43.0,0.0,0.0,1.0,1849.0,0.0,9.0,0.0,0.0,0.0,1359.0,9.2104406,4.0
0.0,heilongjiang,4.0,50.0,0.0,0.0,1.0,2500.0,0.0,9.0,9.9035378,1.0,0.0,1359.0,9.9035378,4.0
1.0,heilongjiang,4.0,31.0,0.0,0.0,0.0,961.0,0.0,16.0,11.225257,0.0,0.0,1359.0,11.225257,4.0
1.0,heilongjiang,4.0,55.0,0.0,0.0,1.0,3025.0,1.0,12.0,10.819798,0.0,0.0,1359.0,11.512936,3.0
1.0,heilongjiang,4.0,55.0,4.3694477,0.0,1.0,3025.0,0.0,12.0,10.308986,0.0,0.0,1359.0,11.156265,4.0
1.0,heilongjiang,4.0,74.0,3.9318256,0.0,0.0,5476.0,1.0,6.0,9.6158724,0.0,0.0,1359.0,9.6158724,3.0
1.0,heilongjiang,4.0,72.0,0.0,0.0,0.0,5184.0,0.0,6.0,0.0,1.0,1.0,1359.0,8.0067005,2.0
1.0,heilongjiang,3.0,61.0,0.0,0.0,1.0,3721.0,1.0,12.0,9.9035378,0.0,0.0,1359.0,11.512936,4.0
1.0,heilongjiang,4.0,32.0,0.0,0.0,1.0,1024.0,1.0,12.0,10.308986,0.0,0.0,1359.0,10.085851,4.0
1.0,heilongjiang,2.0,48.0,3.4339871,0.0,0.0,2304.0,1.0,9.0,9.6158724,0.0,0.0,1359.0,9.6158724,3.0
1.0,heilongjiang,4.0,37.0,2.7725887,0.0,0.0,1369.0,0.0,16.0,10.819798,0.0,1.0,1359.0,10.819798,4.0
1.0,heilongjiang,5.0,74.0,0.0,0.0,1.0,5476.0,0.0,9.0,10.203629,0.0,0.0,1359.0,10.203629,4.0
0.0,heilongjiang,4.0,67.0,0.0,0.0,0.0,4489.0,0.0,6.0,8.2943001,1.0,0.0,1359.0,8.2943001,2.0
1.0,heilongjiang,5.0,43.0,0.0,1.0,0.0,1849.0,0.0,12.0,10.308986,0.0,0.0,1359.0,11.002116,5.0
0.0,heilongjiang,4.0,43.0,0.0,0.0,1.0,1849.0,0.0,12.0,11.775297,1.0,1.0,1359.0,11.775297,4.0
0.0,heilongjiang,3.0,26.0,0.0,0.0,1.0,676.0,1.0,0.0,0.0,1.0,0.0,1359.0,9.9035378,5.0
1.0,heilongjiang,4.0,66.0,0.0,0.0,1.0,4356.0,0.0,12.0,10.308986,0.0,1.0,1359.0,11.002116,4.0
0.0,heilongjiang,3.0,28.0,0.0,0.0,1.0,784.0,1.0,0.0,0.0,1.0,0.0,1359.0,9.9035378,4.0
0.0,heilongjiang,1.0,53.0,2.0794415,0.0,1.0,2809.0,0.0,9.0,6.9087548,1.0,0.0,1359.0,7.6014023,1.0
1.0,heilongjiang,4.0,47.0,0.0,0.0,1.0,2209.0,0.0,9.0,10.308986,0.0,0.0,1359.0,10.59666,4.0
1.0,heilongjiang,4.0,70.0,0.0,0.0,1.0,4900.0,0.0,9.0,10.59666,0.0,1.0,1359.0,10.819798,4.0
1.0,heilongjiang,4.0,70.0,0.0,0.0,1.0,4900.0,1.0,6.0,10.085851,0.0,0.0,1359.0,10.59666,2.0
1.0,heilongjiang,4.0,57.0,3.0445225,0.0,1.0,3249.0,1.0,9.0,10.491302,0.0,0.0,1359.0,10.085851,4.0
1.0,heilongjiang,4.0,29.0,0.0,0.0,1.0,841.0,0.0,9.0,9.9035378,0.0,0.0,1359.0,11.225257,4.0
1.0,heilongjiang,1.0,46.0,0.0,0.0,1.0,2116.0,1.0,12.0,9.9035378,0.0,0.0,1359.0,11.156265,4.0
1.0,heilongjiang,4.0,54.0,0.0,0.0,1.0,2916.0,0.0,9.0,,0.0,0.0,1359.0,,3.0
1.0,heilongjiang,4.0,69.0,0.0,0.0,1.0,4761.0,0.0,0.0,8.5173931,1.0,0.0,1359.0,9.2104406,3.0
0.0,heilongjiang,4.0,50.0,0.0,0.0,1.0,2500.0,0.0,6.0,10.308986,1.0,0.0,1359.0,10.308986,4.0
0.0,heilongjiang,4.0,64.0,0.0,0.0,1.0,4096.0,0.0,6.0,0.0,1.0,0.0,1359.0,8.5173931,2.0
0.0,heilongjiang,2.0,67.0,0.0,0.0,1.0,4489.0,0.0,9.0,10.203629,1.0,0.0,1359.0,10.165891,2.0
1.0,heilongjiang,5.0,48.0,0.0,0.0,0.0,2304.0,1.0,16.0,10.491302,0.0,1.0,1359.0,10.491302,3.0
0.0,heilongjiang,4.0,75.0,0.0,0.0,1.0,5625.0,1.0,0.0,0.0,1.0,0.0,1359.0,8.8538084,4.0
0.0,heilongjiang,4.0,63.0,0.0,0.0,1.0,3969.0,0.0,6.0,10.59666,1.0,0.0,1359.0,10.59666,3.0
1.0,heilongjiang,4.0,71.0,0.0,0.0,1.0,5041.0,0.0,9.0,7.6014023,1.0,0.0,1359.0,8.2943001,2.0
1.0,heilongjiang,3.0,40.0,0.0,0.0,1.0,1600.0,1.0,9.0,10.463132,1.0,0.0,1359.0,11.350418,3.0
1.0,heilongjiang,3.0,29.0,0.0,0.0,1.0,841.0,1.0,16.0,10.59666,0.0,0.0,1359.0,11.512936,3.0
0.0,heilongjiang,4.0,53.0,0.0,0.0,1.0,2809.0,1.0,0.0,9.9035378,1.0,0.0,1359.0,10.308986,3.0
1.0,heilongjiang,5.0,37.0,1.3862944,0.0,1.0,1369.0,1.0,9.0,9.2104406,1.0,0.0,1359.0,10.59666,3.0
1.0,heilongjiang,4.0,63.0,0.0,0.0,1.0,3969.0,1.0,9.0,9.9035378,0.0,0.0,1359.0,9.9035378,5.0
1.0,heilongjiang,5.0,60.0,0.0,0.0,1.0,3600.0,1.0,6.0,9.392745,0.0,0.0,1359.0,9.2104406,4.0
1.0,heilongjiang,4.0,64.0,0.0,0.0,1.0,4096.0,0.0,9.0,10.59666,1.0,0.0,1359.0,8.9873219,2.0
0.0,heilongjiang,4.0,69.0,0.0,0.0,1.0,4761.0,1.0,0.0,10.819798,1.0,0.0,1359.0,9.6158724,2.0
1.0,heilongjiang,4.0,45.0,0.0,0.0,0.0,2025.0,0.0,9.0,11.156265,0.0,0.0,1359.0,11.512936,4.0
0.0,heilongjiang,4.0,65.0,0.0,0.0,0.0,4225.0,0.0,6.0,9.4010429,1.0,0.0,1359.0,11.695255,4.0
1.0,heilongjiang,4.0,43.0,0.0,0.0,1.0,1849.0,1.0,6.0,10.308986,0.0,0.0,1359.0,12.611541,4.0
1.0,heilongjiang,3.0,64.0,0.0,0.0,1.0,4096.0,0.0,6.0,,1.0,0.0,1359.0,,4.0
1.0,heilongjiang,4.0,51.0,0.0,0.0,1.0,2601.0,0.0,0.0,9.9035378,0.0,0.0,1359.0,9.9035378,4.0
1.0,heilongjiang,1.0,24.0,0.0,0.0,1.0,576.0,1.0,12.0,9.6158724,0.0,0.0,1359.0,10.308986,4.0
1.0,heilongjiang,4.0,18.0,0.0,0.0,0.0,324.0,0.0,12.0,0.0,0.0,0.0,1359.0,10.59666,5.0
1.0,heilongjiang,4.0,34.0,3.4339871,0.0,1.0,1156.0,0.0,12.0,10.085851,0.0,0.0,1359.0,11.002116,5.0
0.0,heilongjiang,4.0,59.0,0.0,0.0,1.0,3481.0,0.0,9.0,9.9035378,1.0,0.0,1359.0,10.308986,3.0
1.0,heilongjiang,4.0,62.0,0.0,0.0,1.0,3844.0,1.0,9.0,7.6309466,0.0,0.0,1359.0,10.090838,3.0
0.0,heilongjiang,4.0,60.0,0.0,0.0,1.0,3600.0,1.0,0.0,0.0,1.0,0.0,1359.0,8.7162075,2.0
1.0,heilongjiang,5.0,52.0,0.0,0.0,1.0,2704.0,1.0,16.0,11.002116,0.0,0.0,1359.0,11.156265,5.0
0.0,heilongjiang,4.0,48.0,0.0,0.0,1.0,2304.0,1.0,0.0,8.6996813,1.0,0.0,1359.0,8.6996813,3.0
1.0,heilongjiang,4.0,73.0,0.0,1.0,0.0,5329.0,1.0,9.0,10.126671,0.0,0.0,1359.0,10.126671,2.0
1.0,heilongjiang,4.0,26.0,0.0,0.0,1.0,676.0,0.0,9.0,10.308986,0.0,0.0,1359.0,10.308986,5.0
0.0,heilongjiang,4.0,59.0,1.7917595,0.0,1.0,3481.0,0.0,6.0,8.5173931,1.0,0.0,1359.0,8.5173931,1.0
1.0,heilongjiang,4.0,68.0,0.0,1.0,1.0,4624.0,0.0,6.0,9.2104406,1.0,0.0,1359.0,9.4727812,4.0
0.0,heilongjiang,4.0,32.0,0.0,0.0,0.0,1024.0,0.0,6.0,8.2943001,1.0,0.0,1359.0,8.2943001,1.0
0.0,heilongjiang,3.0,59.0,0.0,0.0,1.0,3481.0,0.0,12.0,8.8538084,1.0,1.0,1359.0,8.8538084,2.0
0.0,heilongjiang,3.0,44.0,0.0,0.0,0.0,1936.0,0.0,6.0,9.2104406,1.0,0.0,1359.0,9.2104406,4.0
0.0,heilongjiang,5.0,59.0,0.0,1.0,1.0,3481.0,0.0,12.0,10.308986,1.0,0.0,1359.0,10.308986,2.0
1.0,heilongjiang,4.0,42.0,0.0,0.0,1.0,1764.0,1.0,9.0,10.239996,1.0,0.0,1359.0,11.002116,4.0
1.0,heilongjiang,5.0,28.0,0.0,0.0,0.0,784.0,0.0,16.0,10.59666,0.0,1.0,1359.0,10.59666,4.0
1.0,heilongjiang,4.0,64.0,0.0,0.0,1.0,4096.0,1.0,9.0,10.134639,0.0,0.0,1359.0,10.126671,4.0
1.0,heilongjiang,4.0,72.0,0.0,0.0,1.0,5184.0,0.0,6.0,9.9035378,0.0,1.0,1359.0,10.59666,2.0
0.0,heilongjiang,4.0,69.0,0.0,0.0,1.0,4761.0,1.0,6.0,7.6014023,1.0,0.0,1359.0,7.6014023,2.0
0.0,heilongjiang,4.0,62.0,0.0,0.0,1.0,3844.0,1.0,9.0,6.9087548,1.0,0.0,1359.0,9.2104406,4.0
1.0,heilongjiang,5.0,53.0,0.0,0.0,0.0,2809.0,0.0,12.0,,0.0,0.0,1359.0,,2.0
0.0,heilongjiang,5.0,62.0,0.0,0.0,1.0,3844.0,1.0,6.0,6.6858611,1.0,0.0,1359.0,9.2104406,1.0
1.0,heilongjiang,4.0,37.0,0.0,0.0,1.0,1369.0,1.0,9.0,0.0,1.0,0.0,1359.0,9.2104406,5.0
0.0,heilongjiang,4.0,34.0,3.9318256,0.0,1.0,1156.0,1.0,0.0,0.0,1.0,0.0,1359.0,10.59666,4.0
1.0,heilongjiang,5.0,46.0,3.4339871,0.0,1.0,2116.0,0.0,16.0,10.727685,0.0,1.0,1359.0,11.178864,5.0
1.0,heilongjiang,2.0,44.0,0.0,0.0,0.0,1936.0,0.0,12.0,9.2104406,0.0,0.0,1359.0,9.2104406,4.0
1.0,heilongjiang,4.0,64.0,0.0,0.0,1.0,4096.0,0.0,12.0,9.9804945,0.0,0.0,1359.0,10.778977,3.0
1.0,heilongjiang,4.0,44.0,0.0,0.0,1.0,1936.0,1.0,12.0,0.0,0.0,0.0,1359.0,10.778977,4.0
1.0,heilongjiang,4.0,65.0,1.0986123,0.0,1.0,4225.0,1.0,9.0,10.126671,0.0,0.0,1359.0,10.819798,3.0
1.0,heilongjiang,5.0,54.0,0.0,0.0,1.0,2916.0,1.0,0.0,9.2104406,1.0,0.0,1359.0,10.308986,4.0
1.0,heilongjiang,4.0,47.0,0.0,0.0,1.0,2209.0,1.0,12.0,10.085851,0.0,0.0,1359.0,10.778977,4.0
1.0,heilongjiang,4.0,47.0,0.0,0.0,1.0,2209.0,1.0,15.0,11.289794,0.0,0.0,1359.0,11.512936,3.0
1.0,heilongjiang,4.0,52.0,0.0,0.0,1.0,2704.0,1.0,9.0,0.0,1.0,0.0,1359.0,8.5173931,5.0
1.0,heilongjiang,4.0,70.0,0.0,0.0,1.0,4900.0,1.0,9.0,10.126671,0.0,0.0,1359.0,11.002116,2.0
1.0,heilongjiang,1.0,62.0,0.0,0.0,1.0,3844.0,1.0,6.0,6.8679743,1.0,0.0,1359.0,9.2104406,2.0
1.0,heilongjiang,5.0,31.0,5.0172796,0.0,1.0,961.0,1.0,9.0,9.9035378,1.0,0.0,1359.0,7.8244457,5.0
1.0,heilongjiang,4.0,65.0,4.2626801,0.0,1.0,4225.0,1.0,9.0,9.9035378,0.0,0.0,1359.0,10.819798,2.0
1.0,heilongjiang,4.0,37.0,0.0,0.0,1.0,1369.0,0.0,9.0,9.9035378,1.0,0.0,1359.0,10.308986,5.0
0.0,heilongjiang,3.0,55.0,0.0,0.0,1.0,3025.0,1.0,0.0,8.5173931,1.0,0.0,1359.0,9.2104406,5.0
1.0,heilongjiang,5.0,52.0,0.0,0.0,1.0,2704.0,1.0,9.0,9.2104406,1.0,0.0,1359.0,9.9035378,4.0
1.0,heilongjiang,5.0,58.0,0.0,0.0,1.0,3364.0,1.0,9.0,9.9035378,0.0,0.0,1359.0,9.9035378,3.0
0.0,heilongjiang,2.0,52.0,0.0,0.0,1.0,2704.0,0.0,9.0,9.9035378,1.0,1.0,1359.0,9.9035378,3.0
0.0,heilongjiang,4.0,51.0,0.0,0.0,1.0,2601.0,1.0,6.0,9.2104406,1.0,0.0,1359.0,9.9035378,3.0
1.0,heilongjiang,4.0,71.0,0.0,0.0,1.0,5041.0,1.0,9.0,0.0,0.0,0.0,1359.0,9.4727812,3.0
1.0,heilongjiang,4.0,39.0,0.0,0.0,1.0,1521.0,1.0,9.0,8.6996813,0.0,0.0,1359.0,11.002116,2.0
1.0,heilongjiang,4.0,58.0,0.0,0.0,1.0,3364.0,1.0,12.0,9.2104406,1.0,0.0,1359.0,9.1050911,4.0
1.0,heilongjiang,3.0,69.0,0.0,0.0,1.0,4761.0,1.0,9.0,11.002116,0.0,1.0,1359.0,11.002116,2.0
1.0,heilongjiang,4.0,33.0,0.0,0.0,0.0,1089.0,0.0,15.0,11.512936,1.0,0.0,1359.0,12.42922,5.0
0.0,heilongjiang,4.0,61.0,2.0794415,0.0,1.0,3721.0,1.0,0.0,6.9087548,1.0,0.0,1359.0,8.5173931,4.0
1.0,heilongjiang,4.0,40.0,0.0,1.0,1.0,1600.0,1.0,9.0,0.0,1.0,0.0,1359.0,11.002116,4.0
0.0,heilongjiang,4.0,52.0,3.0445225,0.0,1.0,2704.0,1.0,6.0,8.5173931,1.0,0.0,1359.0,9.2104406,2.0
1.0,heilongjiang,4.0,75.0,0.0,0.0,1.0,5625.0,0.0,9.0,10.645449,0.0,0.0,1359.0,10.645449,5.0
1.0,heilongjiang,4.0,34.0,0.0,0.0,0.0,1156.0,0.0,9.0,9.9035378,1.0,0.0,1359.0,9.9035378,5.0
1.0,heilongjiang,4.0,46.0,0.0,0.0,1.0,2116.0,1.0,9.0,0.0,1.0,0.0,1359.0,10.645449,2.0
1.0,heilongjiang,4.0,59.0,0.0,0.0,1.0,3481.0,0.0,9.0,8.5173931,1.0,0.0,1359.0,8.8538084,2.0
0.0,heilongjiang,5.0,34.0,0.0,0.0,1.0,1156.0,0.0,9.0,8.6996813,1.0,0.0,1359.0,9.392745,4.0
1.0,heilongjiang,5.0,43.0,0.0,0.0,1.0,1849.0,1.0,15.0,10.645449,0.0,1.0,1359.0,11.472114,4.0
0.0,heilongjiang,2.0,51.0,1.3862944,0.0,1.0,2601.0,1.0,0.0,8.5173931,1.0,0.0,1359.0,8.5173931,4.0
1.0,heilongjiang,3.0,60.0,0.0,0.0,1.0,3600.0,1.0,12.0,10.126671,0.0,1.0,1359.0,11.225257,3.0
1.0,heilongjiang,4.0,62.0,0.0,0.0,1.0,3844.0,1.0,12.0,9.9035378,0.0,0.0,1359.0,9.9988432,4.0
1.0,heilongjiang,5.0,42.0,5.7071104,1.0,0.0,1764.0,1.0,15.0,9.9035378,0.0,1.0,1359.0,9.9035378,2.0
0.0,heilongjiang,4.0,68.0,0.0,0.0,1.0,4624.0,1.0,6.0,6.6858611,1.0,0.0,1359.0,10.308986,3.0
1.0,heilongjiang,4.0,67.0,3.4339871,0.0,1.0,4489.0,1.0,6.0,0.0,0.0,0.0,1359.0,10.308986,3.0
0.0,heilongjiang,4.0,51.0,0.0,0.0,1.0,2601.0,1.0,0.0,8.5173931,1.0,0.0,1359.0,9.9035378,3.0
0.0,heilongjiang,3.0,34.0,0.0,0.0,1.0,1156.0,1.0,9.0,0.0,1.0,0.0,1359.0,8.5173931,4.0
1.0,heilongjiang,2.0,50.0,0.0,0.0,1.0,2500.0,0.0,9.0,8.5173931,0.0,0.0,1359.0,9.2104406,5.0
0.0,heilongjiang,4.0,67.0,0.0,0.0,1.0,4489.0,0.0,6.0,9.2104406,1.0,0.0,1359.0,9.2104406,4.0
1.0,heilongjiang,4.0,68.0,0.0,0.0,1.0,4624.0,0.0,6.0,10.239996,0.0,0.0,1359.0,10.268166,4.0
0.0,heilongjiang,5.0,58.0,0.0,0.0,1.0,3364.0,1.0,0.0,8.5173931,1.0,0.0,1359.0,9.2104406,5.0
1.0,heilongjiang,4.0,40.0,0.0,0.0,1.0,1600.0,1.0,12.0,9.2104406,1.0,0.0,1359.0,9.9035378,5.0
1.0,heilongjiang,5.0,45.0,0.0,0.0,1.0,2025.0,1.0,0.0,10.819798,0.0,1.0,1359.0,11.512936,2.0
1.0,heilongjiang,5.0,55.0,0.0,0.0,1.0,3025.0,1.0,12.0,9.9988432,0.0,0.0,1359.0,11.289794,4.0
1.0,heilongjiang,5.0,75.0,0.0,0.0,1.0,5625.0,0.0,9.0,10.621352,0.0,0.0,1359.0,11.018645,3.0
0.0,heilongjiang,3.0,81.0,0.0,0.0,1.0,6561.0,0.0,6.0,,1.0,0.0,1359.0,,2.0
1.0,heilongjiang,2.0,47.0,0.0,0.0,1.0,2209.0,1.0,9.0,8.1889668,1.0,0.0,1359.0,8.8819752,2.0
1.0,heilongjiang,5.0,48.0,0.0,0.0,1.0,2304.0,0.0,9.0,0.0,0.0,0.0,1359.0,11.289794,4.0
1.0,heilongjiang,2.0,61.0,0.0,0.0,0.0,3721.0,1.0,6.0,0.0,0.0,0.0,1359.0,10.819798,1.0
1.0,heilongjiang,4.0,56.0,0.0,0.0,0.0,3136.0,1.0,9.0,9.2104406,0.0,0.0,1359.0,6.9087548,3.0
1.0,heilongjiang,4.0,47.0,0.0,0.0,1.0,2209.0,1.0,9.0,10.819798,0.0,0.0,1359.0,10.819798,2.0
0.0,heilongjiang,4.0,68.0,0.0,0.0,1.0,4624.0,0.0,9.0,9.9035378,0.0,0.0,1359.0,9.9035378,4.0
0.0,heilongjiang,5.0,27.0,4.6151204,0.0,1.0,729.0,0.0,9.0,11.002116,1.0,0.0,1359.0,11.002116,5.0
1.0,heilongjiang,2.0,71.0,0.0,0.0,1.0,5041.0,1.0,6.0,9.2104406,1.0,0.0,1359.0,11.512936,2.0
1.0,heilongjiang,4.0,23.0,0.0,0.0,0.0,529.0,0.0,16.0,0.0,1.0,0.0,1359.0,10.819798,4.0
0.0,heilongjiang,4.0,64.0,0.0,0.0,1.0,4096.0,0.0,9.0,9.2104406,1.0,0.0,1359.0,9.2104406,5.0
0.0,heilongjiang,4.0,67.0,0.0,0.0,1.0,4489.0,1.0,9.0,10.203629,0.0,0.0,1359.0,10.308986,4.0
1.0,heilongjiang,5.0,71.0,3.0445225,0.0,1.0,5041.0,1.0,0.0,9.5468836,0.0,0.0,1359.0,10.819798,4.0
1.0,heilongjiang,4.0,51.0,0.0,0.0,0.0,2601.0,0.0,6.0,8.5173931,1.0,0.0,1359.0,8.2943001,2.0
1.0,heilongjiang,4.0,48.0,0.0,0.0,1.0,2304.0,1.0,9.0,10.819798,0.0,0.0,1359.0,11.512936,4.0
0.0,heilongjiang,4.0,53.0,0.0,0.0,1.0,2809.0,0.0,9.0,10.308986,1.0,0.0,1359.0,10.59666,4.0
1.0,heilongjiang,3.0,34.0,0.0,0.0,1.0,1156.0,1.0,6.0,0.0,1.0,0.0,1359.0,10.59666,2.0
0.0,heilongjiang,4.0,50.0,0.0,0.0,1.0,2500.0,1.0,6.0,10.308986,1.0,0.0,1359.0,10.59666,3.0
1.0,heilongjiang,4.0,29.0,0.0,0.0,1.0,841.0,0.0,15.0,10.819798,0.0,1.0,1359.0,11.512936,4.0
1.0,heilongjiang,4.0,55.0,0.0,0.0,0.0,3025.0,1.0,12.0,9.2104406,0.0,0.0,1359.0,11.289794,2.0
1.0,heilongjiang,4.0,64.0,0.0,0.0,1.0,4096.0,1.0,6.0,10.085851,0.0,0.0,1359.0,10.819798,3.0
1.0,heilongjiang,4.0,32.0,0.0,0.0,1.0,1024.0,1.0,9.0,10.59666,0.0,0.0,1359.0,11.775297,4.0
1.0,heilongjiang,4.0,32.0,0.0,0.0,1.0,1024.0,1.0,9.0,11.156265,0.0,0.0,1359.0,11.982935,4.0
1.0,heilongjiang,4.0,48.0,0.0,0.0,1.0,2304.0,1.0,12.0,9.1696224,0.0,0.0,1359.0,10.422311,4.0
1.0,heilongjiang,4.0,40.0,3.0445225,0.0,1.0,1600.0,0.0,12.0,10.308986,0.0,0.0,1359.0,10.59666,1.0
1.0,heilongjiang,5.0,31.0,0.0,0.0,1.0,961.0,1.0,0.0,8.2943001,1.0,0.0,1359.0,10.819798,4.0
1.0,heilongjiang,4.0,47.0,0.0,0.0,1.0,2209.0,1.0,6.0,9.6158724,1.0,0.0,1359.0,10.59666,4.0
1.0,heilongjiang,4.0,32.0,0.0,0.0,1.0,1024.0,1.0,9.0,10.819798,0.0,0.0,1359.0,10.819798,5.0
1.0,heilongjiang,5.0,70.0,0.0,0.0,1.0,4900.0,0.0,6.0,9.2104406,1.0,0.0,1359.0,10.165891,5.0
1.0,heilongjiang,4.0,61.0,0.0,0.0,1.0,3721.0,0.0,9.0,8.5173931,1.0,0.0,1359.0,8.8538084,2.0
0.0,heilongjiang,4.0,56.0,0.0,1.0,1.0,3136.0,1.0,12.0,9.9035378,1.0,0.0,1359.0,10.308986,4.0
1.0,heilongjiang,4.0,46.0,0.0,0.0,1.0,2116.0,1.0,6.0,0.0,0.0,0.0,1359.0,11.002116,4.0
0.0,heilongjiang,1.0,70.0,0.0,0.0,1.0,4900.0,1.0,0.0,8.0067005,1.0,0.0,1359.0,8.0067005,1.0
1.0,heilongjiang,2.0,36.0,0.0,1.0,0.0,1296.0,0.0,6.0,,0.0,0.0,1359.0,9.7981825,1.0
1.0,heilongjiang,4.0,60.0,0.0,0.0,1.0,3600.0,0.0,12.0,8.9873219,0.0,0.0,1359.0,9.6804066,4.0
1.0,heilongjiang,4.0,30.0,0.0,0.0,0.0,900.0,1.0,15.0,9.9035378,0.0,1.0,1359.0,9.9035378,4.0
1.0,heilongjiang,4.0,69.0,0.0,0.0,1.0,4761.0,1.0,6.0,,0.0,0.0,1359.0,10.59666,3.0
1.0,heilongjiang,4.0,74.0,0.0,0.0,0.0,5476.0,1.0,9.0,10.308986,0.0,0.0,1359.0,10.308986,2.0
0.0,heilongjiang,4.0,53.0,0.0,0.0,1.0,2809.0,0.0,6.0,9.9035378,1.0,0.0,1359.0,9.9035378,4.0
0.0,heilongjiang,3.0,45.0,0.0,0.0,0.0,2025.0,0.0,9.0,8.8538084,1.0,0.0,1359.0,8.8538084,3.0
1.0,heilongjiang,4.0,40.0,0.0,0.0,1.0,1600.0,1.0,15.0,10.819798,0.0,0.0,1359.0,11.512936,5.0
1.0,heilongjiang,3.0,64.0,0.0,0.0,1.0,4096.0,1.0,6.0,8.7949762,1.0,0.0,1359.0,8.7949762,2.0
0.0,heilongjiang,1.0,43.0,0.0,0.0,0.0,1849.0,0.0,6.0,7.3783836,1.0,0.0,1359.0,7.3783836,4.0
1.0,heilongjiang,4.0,72.0,0.0,0.0,0.0,5184.0,1.0,6.0,0.0,1.0,0.0,1359.0,,3.0
1.0,heilongjiang,2.0,31.0,0.0,0.0,1.0,961.0,0.0,15.0,10.085851,0.0,0.0,1359.0,10.645449,4.0
1.0,heilongjiang,3.0,40.0,0.0,0.0,1.0,1600.0,1.0,15.0,9.2104406,0.0,0.0,1359.0,10.308986,4.0
1.0,heilongjiang,4.0,61.0,0.0,0.0,1.0,3721.0,0.0,9.0,9.9035378,0.0,1.0,1359.0,10.819798,2.0
0.0,heilongjiang,3.0,18.0,0.0,1.0,0.0,324.0,0.0,9.0,,1.0,0.0,1359.0,9.6158724,5.0
1.0,heilongjiang,4.0,70.0,0.0,1.0,1.0,4900.0,0.0,9.0,9.2104406,1.0,0.0,1359.0,9.2104406,4.0
1.0,heilongjiang,3.0,25.0,0.0,0.0,0.0,625.0,1.0,16.0,9.9523249,0.0,1.0,1359.0,9.9523249,4.0
1.0,heilongjiang,4.0,26.0,1.7917595,0.0,0.0,676.0,0.0,16.0,10.59666,0.0,0.0,1359.0,10.59666,4.0
0.0,heilongjiang,4.0,55.0,0.0,0.0,1.0,3025.0,1.0,6.0,10.819798,1.0,0.0,1359.0,10.819798,4.0
1.0,heilongjiang,4.0,42.0,0.0,1.0,1.0,1764.0,1.0,12.0,9.9035378,0.0,0.0,1359.0,10.59666,4.0
0.0,heilongjiang,4.0,62.0,0.0,0.0,1.0,3844.0,0.0,12.0,8.5173931,1.0,0.0,1359.0,8.6996813,2.0
1.0,heilongjiang,4.0,33.0,0.0,0.0,1.0,1089.0,0.0,9.0,9.9035378,1.0,0.0,1359.0,10.308986,5.0
0.0,heilongjiang,4.0,55.0,1.3862944,0.0,1.0,3025.0,0.0,6.0,8.8538084,1.0,0.0,1359.0,9.5468836,2.0
1.0,heilongjiang,4.0,58.0,0.0,0.0,1.0,3364.0,0.0,12.0,10.085851,0.0,0.0,1359.0,10.668979,2.0
1.0,heilongjiang,5.0,57.0,0.0,0.0,1.0,3249.0,0.0,6.0,9.9035378,1.0,0.0,1359.0,10.308986,4.0
0.0,heilongjiang,4.0,54.0,0.0,0.0,1.0,2916.0,0.0,6.0,8.5173931,1.0,0.0,1359.0,8.5173931,2.0
1.0,heilongjiang,4.0,43.0,3.4339871,0.0,1.0,1849.0,0.0,15.0,10.59666,0.0,1.0,1359.0,11.156265,4.0
1.0,heilongjiang,4.0,37.0,0.0,0.0,1.0,1369.0,0.0,15.0,11.184435,0.0,0.0,1359.0,11.461642,5.0
1.0,heilongjiang,4.0,54.0,0.0,0.0,1.0,2916.0,0.0,9.0,10.308986,0.0,0.0,1359.0,15.424949,4.0
1.0,heilongjiang,4.0,64.0,0.0,0.0,1.0,4096.0,1.0,9.0,9.9035378,0.0,0.0,1359.0,10.59666,2.0
1.0,heilongjiang,2.0,25.0,0.0,0.0,1.0,625.0,1.0,9.0,9.2104406,0.0,0.0,1359.0,9.2104406,4.0
1.0,heilongjiang,3.0,55.0,0.0,0.0,0.0,3025.0,1.0,9.0,10.085851,0.0,0.0,1359.0,10.778977,3.0
1.0,heilongjiang,4.0,69.0,0.0,0.0,1.0,4761.0,1.0,0.0,7.6501689,1.0,0.0,1359.0,8.8819752,2.0
1.0,heilongjiang,3.0,50.0,0.0,0.0,0.0,2500.0,0.0,6.0,10.308986,1.0,0.0,1359.0,10.59666,3.0
0.0,heilongjiang,4.0,43.0,0.0,0.0,1.0,1849.0,0.0,9.0,10.308986,1.0,0.0,1359.0,11.002116,4.0
1.0,heilongjiang,4.0,44.0,3.4339871,0.0,1.0,1936.0,1.0,6.0,9.2104406,1.0,0.0,1359.0,10.819798,4.0
1.0,heilongjiang,4.0,29.0,1.7917595,0.0,0.0,841.0,1.0,12.0,11.156265,0.0,0.0,1359.0,11.156265,5.0
1.0,heilongjiang,2.0,67.0,0.0,1.0,1.0,4489.0,1.0,6.0,7.3138866,1.0,0.0,1359.0,8.0712185,3.0
1.0,heilongjiang,5.0,77.0,0.0,0.0,0.0,5929.0,1.0,9.0,9.6158724,0.0,0.0,1359.0,9.9035378,3.0
0.0,heilongjiang,5.0,62.0,0.0,1.0,1.0,3844.0,1.0,6.0,,1.0,0.0,1359.0,10.819798,2.0
1.0,heilongjiang,4.0,42.0,0.0,0.0,1.0,1764.0,0.0,9.0,10.308986,0.0,1.0,1359.0,10.308986,4.0
0.0,heilongjiang,3.0,73.0,0.0,0.0,1.0,5329.0,0.0,6.0,6.8679743,1.0,0.0,1359.0,8.5093622,4.0
0.0,heilongjiang,3.0,54.0,0.0,1.0,0.0,2916.0,0.0,6.0,9.9035378,1.0,0.0,1359.0,9.9035378,4.0
0.0,heilongjiang,4.0,62.0,0.0,0.0,1.0,3844.0,1.0,0.0,9.2104406,1.0,0.0,1359.0,10.308986,1.0
0.0,heilongjiang,2.0,60.0,0.0,0.0,0.0,3600.0,0.0,0.0,8.5173931,1.0,0.0,1359.0,9.2104406,4.0
1.0,heilongjiang,5.0,23.0,0.0,1.0,0.0,529.0,0.0,9.0,10.645449,0.0,0.0,1359.0,11.156265,3.0
1.0,heilongjiang,4.0,58.0,0.0,0.0,1.0,3364.0,1.0,6.0,9.9035378,0.0,0.0,1359.0,10.819798,3.0
0.0,heilongjiang,2.0,26.0,5.3033047,1.0,0.0,676.0,0.0,6.0,10.819798,1.0,0.0,1359.0,10.819798,5.0
1.0,heilongjiang,3.0,69.0,0.0,0.0,1.0,4761.0,1.0,9.0,10.085851,0.0,0.0,1359.0,10.778977,4.0
1.0,heilongjiang,4.0,32.0,0.0,0.0,1.0,1024.0,1.0,9.0,,1.0,0.0,1359.0,10.819798,4.0
1.0,heilongjiang,4.0,66.0,0.0,0.0,1.0,4356.0,1.0,9.0,9.9035378,0.0,0.0,1359.0,10.71444,2.0
0.0,heilongjiang,2.0,54.0,0.0,0.0,1.0,2916.0,1.0,9.0,0.0,1.0,0.0,1359.0,9.2104406,2.0
1.0,heilongjiang,5.0,40.0,3.4339871,0.0,1.0,1600.0,1.0,9.0,9.6158724,1.0,0.0,1359.0,11.608245,4.0
1.0,heilongjiang,1.0,63.0,2.3978953,0.0,0.0,3969.0,0.0,9.0,9.392745,0.0,0.0,1359.0,9.392745,4.0
1.0,heilongjiang,4.0,22.0,5.3033047,0.0,0.0,484.0,0.0,9.0,9.2104406,0.0,0.0,1359.0,9.9035378,4.0
0.0,heilongjiang,2.0,62.0,0.0,0.0,1.0,3844.0,1.0,9.0,,1.0,0.0,1359.0,,2.0
1.0,heilongjiang,4.0,43.0,0.0,0.0,0.0,1849.0,0.0,6.0,9.6158724,1.0,0.0,1359.0,10.308986,3.0
1.0,heilongjiang,4.0,34.0,0.0,0.0,1.0,1156.0,0.0,9.0,11.002116,0.0,0.0,1359.0,11.512936,5.0
1.0,heilongjiang,4.0,50.0,0.0,0.0,1.0,2500.0,0.0,9.0,9.7981825,0.0,0.0,1359.0,9.7981825,3.0
1.0,heilongjiang,2.0,60.0,0.0,0.0,1.0,3600.0,0.0,12.0,9.2104406,0.0,1.0,1359.0,9.2104406,4.0
1.0,heilongjiang,4.0,49.0,0.0,0.0,1.0,2401.0,1.0,9.0,10.819798,0.0,0.0,1359.0,11.512936,3.0
1.0,heilongjiang,2.0,22.0,0.0,0.0,0.0,484.0,1.0,9.0,10.126671,0.0,0.0,1359.0,10.126671,2.0
1.0,heilongjiang,5.0,48.0,0.0,0.0,1.0,2304.0,0.0,9.0,9.2104406,1.0,0.0,1359.0,9.3057413,3.0
1.0,heilongjiang,3.0,70.0,0.0,0.0,1.0,4900.0,0.0,6.0,8.5680761,1.0,0.0,1359.0,9.2611284,1.0
1.0,heilongjiang,3.0,26.0,0.0,0.0,1.0,676.0,0.0,16.0,10.819798,0.0,0.0,1359.0,11.156265,4.0
1.0,heilongjiang,3.0,62.0,0.0,0.0,1.0,3844.0,0.0,12.0,8.2943001,1.0,0.0,1359.0,8.8538084,3.0
1.0,heilongjiang,4.0,44.0,0.0,0.0,1.0,1936.0,1.0,0.0,0.0,0.0,0.0,1359.0,0.0,5.0
1.0,heilongjiang,4.0,53.0,3.0445225,0.0,0.0,2809.0,0.0,9.0,9.2104406,1.0,0.0,1359.0,9.2104406,1.0
0.0,heilongjiang,4.0,73.0,0.0,0.0,1.0,5329.0,1.0,0.0,8.5173931,0.0,0.0,1359.0,10.308986,2.0
1.0,heilongjiang,5.0,70.0,0.0,0.0,1.0,4900.0,1.0,6.0,8.8538084,1.0,0.0,1359.0,9.5468836,3.0
1.0,heilongjiang,4.0,42.0,1.3862944,0.0,1.0,1764.0,1.0,12.0,9.5750532,1.0,0.0,1359.0,10.904138,3.0
1.0,heilongjiang,2.0,20.0,0.0,0.0,0.0,400.0,1.0,12.0,0.0,0.0,0.0,1359.0,,4.0
0.0,heilongjiang,4.0,56.0,0.0,0.0,1.0,3136.0,0.0,0.0,10.308986,1.0,0.0,1359.0,10.308986,4.0
1.0,heilongjiang,4.0,39.0,3.0445225,0.0,1.0,1521.0,0.0,9.0,12.206078,1.0,0.0,1359.0,10.308986,4.0
1.0,heilongjiang,4.0,55.0,4.0253515,0.0,1.0,3025.0,0.0,0.0,10.59666,1.0,0.0,1359.0,10.819798,4.0
1.0,heilongjiang,4.0,64.0,0.0,1.0,1.0,4096.0,1.0,6.0,8.2943001,1.0,0.0,1359.0,8.2943001,4.0
1.0,heilongjiang,4.0,25.0,0.0,0.0,1.0,625.0,1.0,12.0,10.308986,0.0,0.0,1359.0,11.918397,3.0
1.0,heilongjiang,2.0,59.0,0.0,0.0,1.0,3481.0,1.0,9.0,6.9087548,1.0,0.0,1359.0,8.5173931,2.0
1.0,heilongjiang,4.0,34.0,0.0,0.0,1.0,1156.0,1.0,12.0,0.0,0.0,0.0,1359.0,10.308986,4.0
1.0,heilongjiang,2.0,73.0,0.0,0.0,0.0,5329.0,1.0,6.0,6.9087548,0.0,0.0,1359.0,6.9087548,1.0
0.0,heilongjiang,3.0,74.0,0.0,0.0,0.0,5476.0,0.0,9.0,0.0,1.0,0.0,1359.0,0.0,4.0
1.0,heilongjiang,4.0,34.0,0.0,0.0,1.0,1156.0,1.0,12.0,10.308986,1.0,0.0,1359.0,11.289794,4.0
1.0,heilongjiang,4.0,61.0,0.0,1.0,1.0,3721.0,1.0,9.0,10.126671,0.0,0.0,1359.0,11.289794,4.0
1.0,heilongjiang,4.0,53.0,0.0,0.0,1.0,2809.0,0.0,9.0,8.5173931,0.0,0.0,1359.0,8.5173931,2.0
1.0,heilongjiang,4.0,27.0,2.3978953,0.0,0.0,729.0,0.0,12.0,10.819798,0.0,0.0,1359.0,11.156265,4.0
1.0,heilongjiang,4.0,60.0,0.0,0.0,1.0,3600.0,0.0,6.0,9.2104406,0.0,1.0,1359.0,9.9035378,3.0
0.0,heilongjiang,2.0,43.0,0.0,0.0,1.0,1849.0,0.0,9.0,9.9523249,1.0,0.0,1359.0,10.463132,4.0
0.0,heilongjiang,5.0,40.0,0.0,0.0,1.0,1600.0,1.0,9.0,0.0,1.0,0.0,1359.0,10.819798,4.0
1.0,heilongjiang,4.0,40.0,0.0,0.0,1.0,1600.0,1.0,9.0,10.819798,0.0,0.0,1359.0,11.512936,4.0
1.0,heilongjiang,4.0,38.0,0.0,0.0,0.0,1444.0,1.0,0.0,0.0,0.0,0.0,1359.0,10.59666,2.0
1.0,heilongjiang,4.0,24.0,0.0,0.0,0.0,576.0,1.0,16.0,0.0,0.0,0.0,1359.0,12.206078,4.0
1.0,heilongjiang,4.0,47.0,3.4339871,0.0,1.0,2209.0,0.0,12.0,0.0,0.0,0.0,1359.0,10.491302,4.0
0.0,heilongjiang,4.0,52.0,0.0,0.0,1.0,2704.0,0.0,6.0,8.8538084,1.0,0.0,1359.0,9.2104406,2.0
1.0,heilongjiang,4.0,71.0,0.0,0.0,0.0,5041.0,1.0,6.0,7.09091,1.0,0.0,1359.0,10.308986,2.0
1.0,heilongjiang,4.0,60.0,0.0,0.0,0.0,3600.0,1.0,0.0,10.085851,0.0,0.0,1359.0,10.085851,5.0
1.0,heilongjiang,4.0,30.0,0.0,0.0,1.0,900.0,1.0,16.0,10.819798,0.0,1.0,1359.0,11.775297,4.0
1.0,heilongjiang,2.0,40.0,0.0,0.0,1.0,1600.0,0.0,9.0,10.043293,1.0,0.0,1359.0,10.691968,3.0
0.0,heilongjiang,3.0,66.0,0.0,0.0,1.0,4356.0,1.0,0.0,,1.0,0.0,1359.0,9.4727812,2.0
1.0,heilongjiang,5.0,69.0,0.0,0.0,1.0,4761.0,0.0,12.0,10.819798,1.0,1.0,1359.0,10.819798,4.0
0.0,heilongjiang,2.0,66.0,2.3978953,0.0,0.0,4356.0,0.0,2.0,8.6996813,1.0,0.0,1359.0,8.6996813,2.0
0.0,heilongjiang,4.0,46.0,0.0,1.0,1.0,2116.0,0.0,9.0,9.392745,1.0,0.0,1359.0,9.392745,4.0
1.0,heilongjiang,4.0,41.0,0.0,0.0,1.0,1681.0,0.0,12.0,11.002116,0.0,0.0,1359.0,11.695255,4.0
1.0,heilongjiang,4.0,42.0,0.0,0.0,1.0,1764.0,1.0,12.0,10.819798,0.0,0.0,1359.0,11.512936,5.0
1.0,heilongjiang,4.0,36.0,0.0,0.0,1.0,1296.0,0.0,6.0,10.59666,1.0,1.0,1359.0,10.819798,4.0
1.0,heilongjiang,4.0,49.0,3.4339871,0.0,1.0,2401.0,1.0,16.0,11.512936,0.0,0.0,1359.0,12.206078,4.0
0.0,heilongjiang,2.0,50.0,0.0,0.0,1.0,2500.0,0.0,6.0,9.4727812,1.0,0.0,1359.0,10.043293,2.0
0.0,heilongjiang,4.0,67.0,0.0,0.0,1.0,4489.0,0.0,6.0,8.5173931,1.0,0.0,1359.0,8.2943001,3.0
0.0,heilongjiang,4.0,70.0,0.0,0.0,1.0,4900.0,1.0,6.0,9.9035378,1.0,0.0,1359.0,9.9035378,3.0
1.0,heilongjiang,3.0,49.0,0.0,0.0,1.0,2401.0,1.0,6.0,0.0,1.0,0.0,1359.0,9.5750532,3.0
0.0,heilongjiang,4.0,43.0,0.0,0.0,1.0,1849.0,0.0,6.0,11.002116,1.0,0.0,1359.0,11.156265,4.0
0.0,heilongjiang,4.0,78.0,0.0,0.0,1.0,6084.0,1.0,6.0,8.2943001,1.0,0.0,1359.0,9.1050911,2.0
0.0,heilongjiang,4.0,45.0,0.0,1.0,1.0,2025.0,1.0,12.0,9.392745,1.0,0.0,1359.0,9.9988432,2.0
1.0,heilongjiang,4.0,47.0,0.0,0.0,1.0,2209.0,1.0,9.0,8.5173931,1.0,0.0,1359.0,10.59666,2.0
1.0,heilongjiang,4.0,69.0,0.0,0.0,0.0,4761.0,1.0,0.0,9.6158724,0.0,0.0,1359.0,9.6158724,2.0
0.0,heilongjiang,3.0,47.0,0.0,0.0,0.0,2209.0,0.0,0.0,9.2104406,1.0,0.0,1359.0,9.2104406,3.0
0.0,heilongjiang,4.0,68.0,0.0,1.0,1.0,4624.0,1.0,0.0,6.5806394,1.0,0.0,1359.0,9.9730606,2.0
1.0,heilongjiang,4.0,48.0,0.0,0.0,1.0,2304.0,1.0,9.0,10.819798,1.0,0.0,1359.0,11.512936,4.0
1.0,heilongjiang,3.0,50.0,0.0,0.0,0.0,2500.0,1.0,12.0,0.0,0.0,0.0,1359.0,15.60727,1.0
0.0,heilongjiang,5.0,38.0,0.0,0.0,1.0,1444.0,0.0,9.0,11.002116,1.0,0.0,1359.0,11.002116,4.0
1.0,heilongjiang,4.0,31.0,0.0,0.0,1.0,961.0,0.0,9.0,10.308986,1.0,0.0,1359.0,10.59666,4.0
1.0,heilongjiang,4.0,46.0,0.0,1.0,1.0,2116.0,1.0,12.0,9.5468836,0.0,0.0,1359.0,11.002116,5.0
0.0,heilongjiang,2.0,52.0,0.0,0.0,1.0,2704.0,1.0,9.0,8.0067005,1.0,0.0,1359.0,8.5173931,2.0
1.0,heilongjiang,4.0,62.0,0.0,0.0,1.0,3844.0,1.0,6.0,10.085851,0.0,0.0,1359.0,10.085851,4.0
1.0,heilongjiang,5.0,51.0,0.0,0.0,0.0,2601.0,1.0,9.0,9.7291937,0.0,0.0,1359.0,9.7291937,5.0
0.0,heilongjiang,4.0,71.0,0.0,0.0,0.0,5041.0,1.0,6.0,11.002116,1.0,0.0,1359.0,9.1050911,3.0
0.0,heilongjiang,3.0,38.0,0.0,0.0,1.0,1444.0,0.0,9.0,9.2104406,1.0,0.0,1359.0,9.2104406,5.0
0.0,heilongjiang,2.0,50.0,0.0,0.0,1.0,2500.0,1.0,0.0,0.0,1.0,0.0,1359.0,8.8538084,1.0
0.0,heilongjiang,4.0,62.0,0.0,0.0,1.0,3844.0,0.0,6.0,9.9035378,1.0,0.0,1359.0,9.9035378,2.0
1.0,heilongjiang,5.0,55.0,0.0,1.0,1.0,3025.0,1.0,16.0,10.915107,0.0,1.0,1359.0,11.225257,3.0
0.0,heilongjiang,3.0,67.0,0.0,0.0,0.0,4489.0,0.0,0.0,8.6996813,1.0,0.0,1359.0,8.6996813,3.0
1.0,heilongjiang,4.0,33.0,2.3978953,0.0,1.0,1089.0,1.0,16.0,11.002116,0.0,1.0,1359.0,11.695255,3.0
1.0,heilongjiang,5.0,56.0,0.0,0.0,1.0,3136.0,1.0,12.0,10.59666,0.0,1.0,1359.0,10.308986,3.0
1.0,heilongjiang,3.0,58.0,0.0,0.0,0.0,3364.0,1.0,0.0,9.392745,0.0,0.0,1359.0,11.695255,5.0
1.0,heilongjiang,4.0,47.0,0.0,0.0,0.0,2209.0,0.0,15.0,10.59666,0.0,1.0,1359.0,10.59666,1.0
1.0,heilongjiang,4.0,51.0,0.0,0.0,1.0,2601.0,1.0,16.0,10.308986,1.0,0.0,1359.0,11.289794,4.0
1.0,heilongjiang,3.0,31.0,4.1108737,0.0,1.0,961.0,1.0,15.0,10.308986,0.0,0.0,1359.0,11.156265,4.0
1.0,heilongjiang,4.0,28.0,0.0,0.0,0.0,784.0,1.0,9.0,11.608245,0.0,0.0,1359.0,11.512936,4.0
0.0,heilongjiang,4.0,81.0,0.0,0.0,0.0,6561.0,0.0,0.0,6.6858611,1.0,0.0,1359.0,6.6858611,4.0
0.0,heilongjiang,4.0,55.0,0.0,0.0,1.0,3025.0,1.0,9.0,0.0,1.0,0.0,1359.0,10.819798,3.0
1.0,heilongjiang,4.0,46.0,0.0,0.0,0.0,2116.0,0.0,9.0,,0.0,0.0,1359.0,,4.0
0.0,heilongjiang,4.0,24.0,0.0,0.0,0.0,576.0,0.0,9.0,10.085851,1.0,0.0,1359.0,10.085851,5.0
0.0,heilongjiang,4.0,67.0,0.0,0.0,1.0,4489.0,1.0,0.0,8.0394802,1.0,0.0,1359.0,7.6501689,2.0
0.0,heilongjiang,4.0,61.0,0.0,0.0,1.0,3721.0,1.0,0.0,9.2104406,1.0,0.0,1359.0,9.2104406,4.0
0.0,heilongjiang,5.0,62.0,0.0,0.0,1.0,3844.0,1.0,6.0,9.2104406,1.0,0.0,1359.0,9.7981825,3.0
0.0,heilongjiang,4.0,29.0,0.0,0.0,1.0,841.0,1.0,6.0,,1.0,0.0,1359.0,7.6014023,4.0
1.0,heilongjiang,4.0,51.0,0.0,0.0,1.0,2601.0,0.0,9.0,10.308986,1.0,0.0,1359.0,10.491302,4.0
0.0,heilongjiang,3.0,66.0,0.0,0.0,0.0,4356.0,0.0,0.0,7.6014023,1.0,0.0,1359.0,8.2943001,4.0
0.0,heilongjiang,4.0,81.0,0.0,0.0,0.0,6561.0,0.0,6.0,0.0,1.0,0.0,1359.0,0.0,5.0
0.0,heilongjiang,4.0,53.0,0.0,0.0,1.0,2809.0,0.0,6.0,10.126671,1.0,0.0,1359.0,11.512936,5.0
1.0,heilongjiang,4.0,34.0,0.0,0.0,1.0,1156.0,1.0,9.0,9.2104406,1.0,0.0,1359.0,10.819798,3.0
0.0,heilongjiang,4.0,46.0,0.0,0.0,1.0,2116.0,0.0,9.0,9.9035378,1.0,0.0,1359.0,10.59666,4.0
1.0,heilongjiang,5.0,40.0,0.0,0.0,1.0,1600.0,1.0,9.0,9.9035378,1.0,0.0,1359.0,10.308986,5.0
1.0,heilongjiang,5.0,74.0,0.0,0.0,1.0,5476.0,1.0,6.0,9.2104406,0.0,0.0,1359.0,11.512936,4.0
1.0,heilongjiang,5.0,64.0,0.0,0.0,1.0,4096.0,0.0,9.0,0.0,1.0,0.0,1359.0,9.9035378,2.0
1.0,heilongjiang,4.0,50.0,1.7917595,0.0,1.0,2500.0,0.0,9.0,10.59666,1.0,0.0,1359.0,10.463132,5.0
0.0,heilongjiang,4.0,21.0,0.0,0.0,1.0,441.0,0.0,9.0,11.982935,1.0,0.0,1359.0,11.982935,5.0
0.0,heilongjiang,4.0,36.0,0.0,0.0,1.0,1296.0,0.0,9.0,9.2104406,1.0,0.0,1359.0,10.59666,4.0
0.0,heilongjiang,2.0,54.0,0.0,0.0,1.0,2916.0,1.0,0.0,7.6014023,1.0,0.0,1359.0,7.6014023,2.0
1.0,heilongjiang,5.0,46.0,0.0,0.0,1.0,2116.0,1.0,15.0,10.59666,0.0,1.0,1359.0,11.289794,4.0
0.0,heilongjiang,4.0,51.0,0.0,0.0,1.0,2601.0,0.0,6.0,8.5173931,1.0,0.0,1359.0,9.9035378,3.0
1.0,heilongjiang,4.0,54.0,0.0,0.0,0.0,2916.0,1.0,0.0,8.6126852,1.0,0.0,1359.0,8.9873219,2.0
0.0,heilongjiang,3.0,40.0,1.3862944,0.0,1.0,1600.0,1.0,9.0,0.0,1.0,0.0,1359.0,10.308986,5.0
0.0,heilongjiang,4.0,60.0,0.0,0.0,1.0,3600.0,1.0,0.0,8.9873219,1.0,0.0,1359.0,8.9873219,4.0
0.0,heilongjiang,4.0,64.0,0.0,0.0,1.0,4096.0,0.0,9.0,10.308986,1.0,0.0,1359.0,10.463132,2.0
0.0,heilongjiang,2.0,66.0,1.3862944,0.0,1.0,4356.0,0.0,0.0,8.0067005,1.0,0.0,1359.0,8.0067005,1.0
1.0,heilongjiang,4.0,60.0,0.0,0.0,1.0,3600.0,0.0,9.0,9.9035378,0.0,0.0,1359.0,10.463132,3.0
1.0,heilongjiang,5.0,24.0,0.0,0.0,0.0,576.0,0.0,9.0,11.512936,1.0,0.0,1359.0,11.512936,5.0
0.0,heilongjiang,4.0,75.0,0.0,0.0,1.0,5625.0,1.0,6.0,0.0,1.0,0.0,1359.0,8.9873219,2.0
0.0,heilongjiang,4.0,67.0,0.0,0.0,1.0,4489.0,0.0,0.0,9.2104406,1.0,0.0,1359.0,9.2104406,5.0
0.0,heilongjiang,5.0,66.0,0.0,0.0,1.0,4356.0,0.0,9.0,9.2104406,1.0,1.0,1359.0,9.2104406,4.0
0.0,heilongjiang,3.0,62.0,4.6151204,0.0,1.0,3844.0,1.0,0.0,6.6858611,1.0,0.0,1359.0,9.2104406,4.0
0.0,heilongjiang,4.0,42.0,0.0,0.0,1.0,1764.0,0.0,6.0,10.308986,1.0,0.0,1359.0,10.308986,4.0
0.0,heilongjiang,5.0,19.0,0.0,0.0,0.0,361.0,0.0,12.0,0.0,1.0,0.0,1359.0,9.9035378,5.0
1.0,heilongjiang,4.0,56.0,0.0,0.0,0.0,3136.0,0.0,12.0,9.2104406,1.0,0.0,1359.0,9.6158724,3.0
0.0,heilongjiang,4.0,83.0,0.0,0.0,0.0,6889.0,0.0,0.0,9.9035378,1.0,1.0,1359.0,10.59666,4.0
0.0,heilongjiang,3.0,52.0,0.0,0.0,1.0,2704.0,0.0,9.0,8.5173931,1.0,0.0,1359.0,9.9035378,2.0
1.0,heilongjiang,4.0,69.0,0.0,0.0,1.0,4761.0,1.0,16.0,11.512936,0.0,1.0,1359.0,11.512936,3.0
0.0,heilongjiang,4.0,52.0,0.0,0.0,1.0,2704.0,0.0,9.0,10.819798,1.0,0.0,1359.0,10.819798,4.0
1.0,heilongjiang,5.0,63.0,0.0,0.0,1.0,3969.0,0.0,6.0,9.9035378,0.0,0.0,1359.0,11.289794,3.0
0.0,heilongjiang,4.0,63.0,0.0,0.0,1.0,3969.0,1.0,9.0,9.2104406,1.0,0.0,1359.0,9.9035378,4.0
1.0,heilongjiang,3.0,38.0,3.9318256,0.0,1.0,1444.0,0.0,6.0,10.819798,1.0,0.0,1359.0,10.59666,4.0
0.0,heilongjiang,3.0,33.0,0.0,0.0,1.0,1089.0,0.0,9.0,9.9035378,1.0,0.0,1359.0,10.59666,5.0
0.0,heilongjiang,4.0,56.0,0.0,0.0,1.0,3136.0,0.0,12.0,9.9035378,1.0,1.0,1359.0,9.9035378,2.0
1.0,heilongjiang,4.0,50.0,0.0,0.0,1.0,2500.0,1.0,9.0,13.304687,1.0,0.0,1359.0,11.775297,4.0
0.0,heilongjiang,4.0,32.0,0.0,0.0,1.0,1024.0,1.0,6.0,9.7700129,1.0,0.0,1359.0,10.463132,4.0
0.0,heilongjiang,5.0,63.0,2.3978953,0.0,1.0,3969.0,1.0,6.0,9.2104406,1.0,0.0,1359.0,10.308986,3.0
1.0,heilongjiang,2.0,56.0,4.1108737,0.0,1.0,3136.0,0.0,12.0,9.6550903,0.0,1.0,1359.0,10.308986,2.0
1.0,heilongjiang,4.0,37.0,0.0,0.0,1.0,1369.0,0.0,12.0,9.392745,0.0,0.0,1359.0,10.308986,5.0
0.0,heilongjiang,4.0,49.0,0.0,0.0,1.0,2401.0,1.0,9.0,9.3057413,1.0,0.0,1359.0,10.308986,2.0
1.0,heilongjiang,5.0,45.0,1.0986123,0.0,1.0,2025.0,0.0,9.0,9.9035378,1.0,0.0,1359.0,9.9035378,4.0
1.0,heilongjiang,5.0,34.0,0.0,0.0,1.0,1156.0,1.0,12.0,10.819798,0.0,0.0,1359.0,12.206078,5.0
0.0,heilongjiang,4.0,71.0,1.0986123,0.0,1.0,5041.0,0.0,0.0,11.289794,1.0,0.0,1359.0,9.2104406,2.0
0.0,heilongjiang,4.0,49.0,0.0,0.0,1.0,2401.0,1.0,9.0,10.043293,1.0,0.0,1359.0,10.373523,3.0
0.0,heilongjiang,4.0,76.0,3.0445225,0.0,1.0,5776.0,1.0,2.0,,1.0,0.0,1359.0,,4.0
0.0,heilongjiang,4.0,39.0,0.0,0.0,1.0,1521.0,1.0,9.0,9.9035378,1.0,0.0,1359.0,10.308986,5.0
1.0,heilongjiang,2.0,66.0,0.0,0.0,1.0,4356.0,0.0,9.0,9.9035378,0.0,0.0,1359.0,10.308986,3.0
0.0,heilongjiang,4.0,55.0,0.0,0.0,1.0,3025.0,1.0,12.0,8.6996813,1.0,0.0,1359.0,11.002116,4.0
0.0,heilongjiang,5.0,39.0,0.0,1.0,1.0,1521.0,1.0,6.0,9.392745,1.0,0.0,1359.0,10.085851,2.0
0.0,heilongjiang,4.0,44.0,0.0,0.0,1.0,1936.0,1.0,9.0,10.59666,1.0,0.0,1359.0,11.289794,2.0
0.0,heilongjiang,4.0,42.0,0.0,0.0,1.0,1764.0,0.0,6.0,10.819798,1.0,0.0,1359.0,10.819798,5.0
0.0,heilongjiang,5.0,54.0,0.0,0.0,1.0,2916.0,1.0,9.0,,1.0,0.0,1359.0,,5.0
0.0,heilongjiang,4.0,24.0,0.0,0.0,0.0,576.0,0.0,9.0,10.308986,1.0,0.0,1359.0,10.308986,5.0
0.0,heilongjiang,5.0,63.0,0.0,0.0,1.0,3969.0,1.0,6.0,0.0,1.0,0.0,1359.0,9.9035378,2.0
0.0,heilongjiang,3.0,66.0,0.0,0.0,1.0,4356.0,1.0,6.0,7.6014023,1.0,0.0,1359.0,8.5173931,2.0
0.0,heilongjiang,2.0,53.0,0.0,0.0,1.0,2809.0,0.0,9.0,9.9035378,1.0,0.0,1359.0,10.25418,2.0
0.0,heilongjiang,5.0,63.0,0.0,0.0,1.0,3969.0,0.0,6.0,9.392745,1.0,0.0,1359.0,9.6158724,2.0
0.0,heilongjiang,4.0,60.0,0.0,0.0,1.0,3600.0,0.0,6.0,9.392745,1.0,0.0,1359.0,9.6158724,4.0
0.0,heilongjiang,5.0,55.0,0.0,0.0,0.0,3025.0,0.0,6.0,0.0,1.0,0.0,1359.0,7.8636513,3.0
0.0,heilongjiang,4.0,70.0,0.0,0.0,0.0,4900.0,1.0,0.0,0.0,1.0,0.0,1359.0,9.2104406,3.0
0.0,heilongjiang,4.0,58.0,0.0,1.0,1.0,3364.0,1.0,0.0,9.9035378,1.0,0.0,1359.0,9.9035378,4.0
0.0,heilongjiang,2.0,70.0,0.0,0.0,1.0,4900.0,0.0,6.0,6.9087548,1.0,0.0,1359.0,10.308986,4.0
0.0,heilongjiang,3.0,57.0,0.0,0.0,1.0,3249.0,0.0,12.0,0.0,1.0,0.0,1359.0,0.0,3.0
1.0,heilongjiang,5.0,34.0,0.0,0.0,1.0,1156.0,1.0,9.0,10.308986,1.0,0.0,1359.0,10.819798,2.0
0.0,heilongjiang,4.0,35.0,0.0,0.0,1.0,1225.0,1.0,9.0,10.085851,1.0,0.0,1359.0,10.691968,5.0
0.0,heilongjiang,4.0,66.0,0.0,1.0,1.0,4356.0,1.0,9.0,9.9035378,1.0,0.0,1359.0,10.59666,4.0
0.0,heilongjiang,4.0,48.0,0.0,0.0,0.0,2304.0,0.0,9.0,9.9035378,1.0,0.0,1359.0,10.59666,3.0
1.0,heilongjiang,2.0,65.0,0.0,0.0,1.0,4225.0,0.0,0.0,8.0067005,1.0,0.0,1359.0,8.6996813,2.0
0.0,heilongjiang,4.0,53.0,0.0,0.0,1.0,2809.0,0.0,9.0,8.2943001,1.0,0.0,1359.0,10.896758,3.0
0.0,heilongjiang,2.0,59.0,0.0,0.0,1.0,3481.0,0.0,6.0,9.2104406,1.0,0.0,1359.0,9.2104406,1.0
0.0,heilongjiang,1.0,67.0,0.0,0.0,1.0,4489.0,1.0,6.0,0.0,1.0,0.0,1359.0,9.2104406,1.0
0.0,heilongjiang,5.0,74.0,0.0,1.0,0.0,5476.0,1.0,6.0,9.4727812,0.0,0.0,1359.0,9.7410278,4.0
1.0,heilongjiang,5.0,52.0,0.0,0.0,1.0,2704.0,0.0,6.0,10.308986,1.0,0.0,1359.0,11.002116,4.0
0.0,heilongjiang,5.0,46.0,0.0,0.0,1.0,2116.0,0.0,9.0,8.5173931,1.0,0.0,1359.0,11.002116,1.0
0.0,heilongjiang,5.0,66.0,0.0,0.0,1.0,4356.0,1.0,9.0,9.9035378,0.0,0.0,1359.0,10.819798,3.0
0.0,heilongjiang,4.0,60.0,0.0,1.0,1.0,3600.0,1.0,0.0,0.0,1.0,0.0,1359.0,7.2730927,2.0
0.0,heilongjiang,4.0,56.0,0.0,0.0,1.0,3136.0,1.0,6.0,9.2104406,1.0,0.0,1359.0,10.308986,4.0
0.0,heilongjiang,4.0,66.0,1.7917595,0.0,0.0,4356.0,0.0,6.0,6.9087548,1.0,0.0,1359.0,9.9035378,4.0
0.0,heilongjiang,4.0,34.0,2.3978953,1.0,1.0,1156.0,1.0,9.0,9.2104406,1.0,0.0,1359.0,10.308986,5.0
0.0,heilongjiang,4.0,53.0,0.0,0.0,1.0,2809.0,0.0,9.0,10.463132,1.0,0.0,1359.0,10.463132,4.0
0.0,heilongjiang,4.0,35.0,0.0,0.0,1.0,1225.0,1.0,9.0,,1.0,0.0,1359.0,10.308986,3.0
0.0,heilongjiang,4.0,73.0,0.0,0.0,1.0,5329.0,1.0,0.0,8.9873219,1.0,0.0,1359.0,8.9873219,2.0
1.0,heilongjiang,5.0,74.0,0.0,0.0,0.0,5476.0,0.0,6.0,0.0,1.0,0.0,1359.0,10.819798,2.0
1.0,heilongjiang,4.0,64.0,1.3862944,0.0,1.0,4096.0,0.0,6.0,9.9035378,1.0,0.0,1359.0,10.819798,4.0
1.0,heilongjiang,4.0,45.0,0.0,0.0,0.0,2025.0,0.0,6.0,8.5173931,1.0,0.0,1359.0,9.2104406,4.0
0.0,heilongjiang,4.0,69.0,0.0,0.0,1.0,4761.0,0.0,6.0,7.6014023,1.0,0.0,1359.0,7.6014023,4.0
0.0,heilongjiang,4.0,36.0,0.0,0.0,1.0,1296.0,1.0,9.0,0.0,1.0,0.0,1359.0,10.59666,2.0
0.0,heilongjiang,4.0,58.0,0.0,0.0,1.0,3364.0,1.0,6.0,7.6014023,1.0,0.0,1359.0,8.0067005,4.0
0.0,heilongjiang,4.0,45.0,0.0,0.0,1.0,2025.0,0.0,6.0,10.308986,1.0,0.0,1359.0,10.126671,4.0
1.0,heilongjiang,4.0,60.0,0.0,1.0,1.0,3600.0,1.0,6.0,0.0,1.0,0.0,1359.0,11.002116,4.0
0.0,heilongjiang,4.0,60.0,0.0,0.0,1.0,3600.0,0.0,6.0,9.9035378,1.0,0.0,1359.0,9.9035378,4.0
1.0,heilongjiang,4.0,41.0,5.7071104,0.0,1.0,1681.0,1.0,9.0,10.915107,1.0,0.0,1359.0,11.002116,4.0
0.0,heilongjiang,4.0,43.0,0.0,0.0,1.0,1849.0,1.0,6.0,9.2104406,1.0,0.0,1359.0,10.59666,4.0
0.0,heilongjiang,3.0,53.0,0.0,0.0,1.0,2809.0,0.0,6.0,8.6996813,1.0,0.0,1359.0,8.6996813,3.0
0.0,heilongjiang,4.0,71.0,3.4339871,0.0,1.0,5041.0,1.0,0.0,0.0,1.0,0.0,1359.0,8.8538084,2.0
0.0,heilongjiang,4.0,56.0,0.0,0.0,1.0,3136.0,1.0,0.0,0.0,1.0,0.0,1359.0,9.2104406,3.0
0.0,heilongjiang,4.0,63.0,0.0,0.0,1.0,3969.0,1.0,6.0,9.2104406,1.0,0.0,1359.0,9.9035378,2.0
1.0,heilongjiang,4.0,32.0,0.0,0.0,1.0,1024.0,0.0,9.0,10.819798,1.0,0.0,1359.0,10.819798,4.0
0.0,heilongjiang,5.0,53.0,0.0,0.0,1.0,2809.0,1.0,6.0,9.6158724,1.0,0.0,1359.0,10.308986,3.0
0.0,heilongjiang,3.0,31.0,0.0,0.0,0.0,961.0,1.0,0.0,0.0,1.0,0.0,1359.0,9.2104406,3.0
0.0,heilongjiang,4.0,27.0,0.0,0.0,1.0,729.0,1.0,9.0,9.9035378,1.0,0.0,1359.0,10.59666,3.0
1.0,shanghai,5.0,37.0,0.0,0.0,1.0,1369.0,0.0,15.0,11.512936,0.0,0.0,14.0,12.206078,4.0
1.0,shanghai,4.0,80.0,3.0445225,0.0,0.0,6400.0,0.0,12.0,11.184435,0.0,0.0,14.0,12.542548,3.0
1.0,shanghai,5.0,48.0,5.7071104,0.0,1.0,2304.0,0.0,16.0,11.918397,0.0,0.0,14.0,12.611541,4.0
1.0,shanghai,3.0,65.0,0.0,0.0,1.0,4225.0,0.0,9.0,10.819798,0.0,0.0,14.0,11.512936,3.0
1.0,shanghai,4.0,85.0,0.0,0.0,0.0,7225.0,1.0,12.0,10.778977,0.0,1.0,14.0,10.778977,2.0
1.0,shanghai,4.0,67.0,0.0,0.0,1.0,4489.0,1.0,12.0,10.819798,0.0,0.0,14.0,11.512936,4.0
1.0,shanghai,4.0,62.0,0.0,0.0,1.0,3844.0,0.0,12.0,9.392745,1.0,1.0,14.0,13.122365,4.0
1.0,shanghai,4.0,77.0,0.0,0.0,1.0,5929.0,0.0,12.0,10.645449,0.0,0.0,14.0,11.289794,3.0
1.0,shanghai,5.0,63.0,0.0,1.0,0.0,3969.0,1.0,15.0,11.002116,0.0,0.0,14.0,11.002116,4.0
1.0,shanghai,5.0,61.0,0.0,0.0,1.0,3721.0,1.0,12.0,10.308986,0.0,0.0,14.0,11.338584,3.0
1.0,shanghai,4.0,55.0,0.0,0.0,1.0,3025.0,0.0,12.0,10.203629,0.0,0.0,14.0,11.156265,3.0
1.0,shanghai,4.0,69.0,0.0,0.0,0.0,4761.0,0.0,16.0,11.002116,0.0,1.0,14.0,11.002116,4.0
1.0,shanghai,4.0,28.0,0.0,0.0,0.0,784.0,0.0,12.0,11.002116,0.0,0.0,14.0,,4.0
1.0,shanghai,5.0,36.0,0.0,0.0,1.0,1296.0,0.0,15.0,11.695255,0.0,0.0,14.0,12.100718,5.0
1.0,shanghai,5.0,84.0,0.0,0.0,0.0,7056.0,1.0,9.0,11.002116,0.0,0.0,14.0,11.957618,3.0
1.0,shanghai,4.0,63.0,0.0,0.0,1.0,3969.0,0.0,12.0,11.512936,0.0,0.0,14.0,11.918397,4.0
1.0,shanghai,4.0,72.0,0.0,0.0,1.0,5184.0,0.0,12.0,10.59666,0.0,0.0,14.0,11.472114,3.0
1.0,shanghai,4.0,61.0,0.0,0.0,1.0,3721.0,1.0,15.0,11.156265,0.0,1.0,14.0,,4.0
1.0,shanghai,5.0,29.0,0.0,0.0,1.0,841.0,1.0,12.0,10.819798,0.0,0.0,14.0,11.775297,4.0
1.0,shanghai,4.0,74.0,0.0,0.0,1.0,5476.0,0.0,12.0,10.819798,0.0,0.0,14.0,11.472114,3.0
1.0,shanghai,4.0,62.0,0.0,0.0,1.0,3844.0,0.0,15.0,,0.0,1.0,14.0,,3.0
1.0,shanghai,5.0,62.0,0.0,0.0,1.0,3844.0,1.0,15.0,11.156265,0.0,0.0,14.0,12.100718,3.0
1.0,shanghai,4.0,66.0,0.0,0.0,1.0,4356.0,0.0,9.0,10.778977,0.0,0.0,14.0,11.264477,4.0
1.0,shanghai,4.0,22.0,3.9318256,0.0,0.0,484.0,1.0,16.0,,0.0,1.0,14.0,11.918397,4.0
1.0,shanghai,4.0,78.0,0.0,0.0,1.0,6084.0,0.0,16.0,11.002116,0.0,0.0,14.0,11.695255,5.0
1.0,shanghai,4.0,49.0,0.0,0.0,1.0,2401.0,0.0,15.0,11.002116,0.0,0.0,14.0,11.695255,4.0
1.0,shanghai,4.0,76.0,0.0,0.0,1.0,5776.0,1.0,6.0,,0.0,0.0,14.0,10.308986,3.0
1.0,shanghai,5.0,62.0,0.0,0.0,1.0,3844.0,1.0,12.0,10.691968,0.0,0.0,14.0,11.472114,4.0
1.0,shanghai,4.0,81.0,0.0,0.0,0.0,6561.0,1.0,6.0,11.041337,0.0,0.0,14.0,11.041337,3.0
1.0,shanghai,4.0,70.0,1.7917595,0.0,1.0,4900.0,1.0,9.0,10.819798,0.0,0.0,14.0,10.819798,4.0
1.0,shanghai,4.0,70.0,2.3978953,0.0,0.0,4900.0,0.0,9.0,10.225607,0.0,0.0,14.0,11.661354,4.0
1.0,shanghai,4.0,57.0,4.6151204,0.0,1.0,3249.0,0.0,12.0,10.59666,0.0,0.0,14.0,11.156265,4.0
1.0,shanghai,5.0,90.0,0.0,0.0,0.0,8100.0,1.0,0.0,10.778977,0.0,0.0,14.0,10.778977,3.0
1.0,shanghai,4.0,33.0,0.0,0.0,1.0,1089.0,0.0,12.0,11.289794,0.0,0.0,14.0,11.918397,3.0
1.0,shanghai,4.0,55.0,2.3978953,0.0,1.0,3025.0,0.0,12.0,11.289794,0.0,0.0,14.0,12.611541,4.0
1.0,shanghai,4.0,23.0,0.0,0.0,0.0,529.0,1.0,15.0,11.002116,0.0,0.0,14.0,11.002116,5.0
1.0,shanghai,4.0,83.0,0.0,0.0,1.0,6889.0,0.0,6.0,10.59666,0.0,1.0,14.0,11.338584,2.0
1.0,shanghai,4.0,57.0,0.0,0.0,1.0,3249.0,1.0,12.0,10.463132,0.0,0.0,14.0,11.695255,4.0
1.0,shanghai,5.0,53.0,0.0,0.0,1.0,2809.0,1.0,12.0,11.512936,0.0,1.0,14.0,12.206078,5.0
1.0,shanghai,5.0,49.0,0.0,0.0,1.0,2401.0,1.0,15.0,10.59666,0.0,1.0,14.0,11.289794,3.0
1.0,shanghai,4.0,44.0,0.0,0.0,1.0,1936.0,1.0,12.0,10.819798,0.0,0.0,14.0,11.775297,3.0
1.0,shanghai,4.0,59.0,0.0,0.0,1.0,3481.0,1.0,16.0,11.512936,0.0,0.0,14.0,12.42922,3.0
1.0,shanghai,4.0,52.0,0.0,0.0,1.0,2704.0,0.0,12.0,11.082158,0.0,0.0,14.0,12.206078,3.0
1.0,shanghai,4.0,62.0,0.0,0.0,1.0,3844.0,0.0,12.0,10.571342,0.0,0.0,14.0,11.695255,4.0
1.0,shanghai,4.0,75.0,2.3978953,0.0,0.0,5625.0,1.0,0.0,10.545368,0.0,0.0,14.0,10.545368,4.0
1.0,shanghai,5.0,62.0,0.0,0.0,1.0,3844.0,1.0,12.0,10.778977,0.0,0.0,14.0,11.589896,5.0
1.0,shanghai,5.0,68.0,0.0,0.0,1.0,4624.0,1.0,0.0,9.9035378,0.0,0.0,14.0,10.819798,4.0
1.0,shanghai,4.0,36.0,0.0,0.0,1.0,1296.0,1.0,15.0,0.0,1.0,0.0,14.0,11.156265,4.0
1.0,shanghai,2.0,31.0,0.0,0.0,1.0,961.0,1.0,15.0,10.308986,0.0,0.0,14.0,11.407576,3.0
1.0,shanghai,4.0,60.0,2.3978953,0.0,1.0,3600.0,0.0,12.0,11.512936,0.0,0.0,14.0,12.611541,4.0
1.0,shanghai,5.0,60.0,0.0,0.0,1.0,3600.0,0.0,12.0,13.122365,0.0,0.0,14.0,11.982935,4.0
1.0,shanghai,4.0,60.0,0.0,0.0,0.0,3600.0,1.0,12.0,10.896758,0.0,0.0,14.0,11.512936,3.0
1.0,shanghai,4.0,44.0,2.7725887,0.0,1.0,1936.0,0.0,16.0,11.918397,0.0,0.0,14.0,11.918397,4.0
1.0,shanghai,5.0,45.0,0.0,0.0,1.0,2025.0,0.0,16.0,11.695255,0.0,1.0,14.0,12.611541,4.0
1.0,shanghai,5.0,55.0,0.0,0.0,1.0,3025.0,0.0,12.0,11.156265,0.0,0.0,14.0,11.289794,2.0
1.0,shanghai,5.0,70.0,0.0,0.0,1.0,4900.0,1.0,12.0,10.71444,0.0,0.0,14.0,11.512936,3.0
1.0,shanghai,3.0,37.0,0.0,0.0,0.0,1369.0,1.0,9.0,11.002116,0.0,0.0,14.0,11.002116,5.0
1.0,shanghai,4.0,67.0,2.3978953,0.0,0.0,4489.0,1.0,9.0,10.819798,0.0,0.0,14.0,10.819798,3.0
1.0,shanghai,4.0,63.0,0.0,0.0,1.0,3969.0,0.0,9.0,10.292857,0.0,0.0,14.0,12.206078,3.0
1.0,shanghai,5.0,30.0,0.0,0.0,1.0,900.0,1.0,12.0,10.819798,1.0,0.0,14.0,,5.0
1.0,shanghai,4.0,49.0,0.0,0.0,1.0,2401.0,0.0,9.0,10.819798,1.0,0.0,14.0,11.918397,5.0
1.0,shanghai,5.0,38.0,0.0,0.0,1.0,1444.0,1.0,16.0,11.289794,0.0,0.0,14.0,11.289794,5.0
1.0,shanghai,4.0,21.0,6.2166061,0.0,0.0,441.0,0.0,12.0,,0.0,1.0,14.0,13.815512,4.0
1.0,shanghai,4.0,61.0,0.0,0.0,1.0,3721.0,1.0,12.0,10.59666,0.0,0.0,14.0,11.512936,3.0
1.0,shanghai,4.0,65.0,0.0,0.0,0.0,4225.0,1.0,9.0,11.002116,0.0,0.0,14.0,11.918397,3.0
1.0,shanghai,4.0,39.0,0.0,0.0,1.0,1521.0,1.0,12.0,10.59666,1.0,0.0,14.0,12.206078,5.0
1.0,shanghai,4.0,76.0,0.0,0.0,1.0,5776.0,0.0,9.0,10.827766,0.0,1.0,14.0,11.394154,2.0
1.0,shanghai,4.0,68.0,0.0,0.0,1.0,4624.0,0.0,6.0,10.422311,0.0,0.0,14.0,11.380548,4.0
1.0,shanghai,5.0,47.0,0.0,0.0,1.0,2209.0,0.0,15.0,12.611541,0.0,0.0,14.0,12.899222,5.0
1.0,shanghai,4.0,41.0,0.0,0.0,0.0,1681.0,1.0,15.0,9.2104406,0.0,0.0,14.0,9.2104406,3.0
1.0,shanghai,5.0,79.0,0.0,0.0,1.0,6241.0,1.0,16.0,11.289794,0.0,0.0,14.0,11.982935,3.0
1.0,shanghai,5.0,61.0,0.0,0.0,1.0,3721.0,1.0,16.0,11.002116,0.0,0.0,14.0,11.695255,2.0
1.0,shanghai,4.0,62.0,0.0,0.0,1.0,3844.0,0.0,12.0,10.491302,0.0,0.0,14.0,11.184435,3.0
1.0,shanghai,4.0,64.0,0.0,0.0,1.0,4096.0,1.0,15.0,10.781058,0.0,1.0,14.0,11.512936,3.0
1.0,shanghai,2.0,65.0,0.0,0.0,1.0,4225.0,1.0,9.0,10.491302,0.0,0.0,14.0,11.338584,2.0
1.0,shanghai,3.0,22.0,0.0,1.0,0.0,484.0,0.0,16.0,0.0,0.0,0.0,14.0,11.289794,4.0
1.0,shanghai,5.0,27.0,0.0,0.0,1.0,729.0,1.0,16.0,11.918397,0.0,0.0,14.0,12.611541,4.0
1.0,shanghai,4.0,73.0,0.0,0.0,1.0,5329.0,1.0,15.0,11.184435,0.0,0.0,14.0,12.388398,3.0
1.0,shanghai,4.0,31.0,0.0,0.0,1.0,961.0,1.0,15.0,11.002116,0.0,0.0,14.0,11.695255,3.0
1.0,shanghai,5.0,48.0,0.0,0.0,0.0,2304.0,0.0,9.0,11.512936,0.0,0.0,14.0,11.775297,4.0
1.0,shanghai,4.0,34.0,0.0,0.0,1.0,1156.0,1.0,6.0,9.9988432,1.0,0.0,14.0,,5.0
1.0,shanghai,4.0,30.0,0.0,0.0,0.0,900.0,1.0,16.0,11.156265,0.0,0.0,14.0,,5.0
1.0,shanghai,4.0,42.0,5.0172796,0.0,0.0,1764.0,0.0,19.0,12.225881,0.0,1.0,14.0,12.483708,5.0
1.0,shanghai,5.0,77.0,0.0,0.0,1.0,5929.0,0.0,0.0,10.59666,0.0,1.0,14.0,11.289794,3.0
1.0,shanghai,4.0,61.0,0.0,0.0,1.0,3721.0,0.0,9.0,10.59666,0.0,0.0,14.0,11.338584,3.0
1.0,shanghai,4.0,69.0,0.0,0.0,1.0,4761.0,1.0,6.0,9.6158724,1.0,0.0,14.0,10.59666,3.0
1.0,shanghai,4.0,74.0,0.0,0.0,1.0,5476.0,1.0,12.0,10.645449,0.0,0.0,14.0,11.472114,2.0
1.0,shanghai,4.0,56.0,0.0,0.0,1.0,3136.0,1.0,12.0,10.491302,0.0,0.0,14.0,11.350418,3.0
1.0,shanghai,4.0,45.0,0.0,0.0,1.0,2025.0,0.0,19.0,11.289794,0.0,0.0,14.0,11.289794,4.0
1.0,shanghai,4.0,69.0,0.0,0.0,1.0,4761.0,1.0,9.0,10.491302,0.0,0.0,14.0,11.496806,3.0
1.0,shanghai,5.0,76.0,0.0,0.0,0.0,5776.0,1.0,0.0,11.512936,0.0,0.0,14.0,10.085851,4.0
1.0,shanghai,4.0,84.0,0.0,0.0,1.0,7056.0,0.0,12.0,10.778977,0.0,1.0,14.0,11.338584,1.0
1.0,shanghai,5.0,21.0,3.4339871,0.0,0.0,441.0,1.0,16.0,0.0,0.0,0.0,14.0,13.815512,5.0
1.0,shanghai,4.0,60.0,0.0,0.0,1.0,3600.0,1.0,12.0,10.778977,0.0,0.0,14.0,11.472114,4.0
1.0,shanghai,4.0,57.0,3.9318256,0.0,0.0,3249.0,0.0,9.0,10.819798,0.0,0.0,14.0,10.819798,3.0
1.0,shanghai,4.0,48.0,0.0,0.0,1.0,2304.0,1.0,9.0,11.512936,0.0,0.0,14.0,12.611541,4.0
1.0,shanghai,4.0,44.0,0.0,0.0,1.0,1936.0,0.0,9.0,10.59666,0.0,0.0,14.0,11.156265,3.0
1.0,shanghai,4.0,57.0,0.0,0.0,1.0,3249.0,0.0,12.0,10.268166,0.0,0.0,14.0,10.819798,3.0
1.0,shanghai,3.0,60.0,0.0,0.0,1.0,3600.0,1.0,12.0,10.59666,0.0,0.0,14.0,12.189948,3.0
1.0,shanghai,4.0,28.0,4.6151204,1.0,0.0,784.0,0.0,19.0,,0.0,0.0,14.0,,4.0
1.0,shanghai,5.0,68.0,0.0,0.0,1.0,4624.0,1.0,12.0,10.778977,0.0,0.0,14.0,11.695255,4.0
1.0,shanghai,4.0,34.0,0.0,0.0,1.0,1156.0,0.0,15.0,11.002116,0.0,0.0,14.0,11.918397,4.0
1.0,shanghai,4.0,32.0,0.0,0.0,0.0,1024.0,1.0,16.0,12.100718,0.0,0.0,14.0,12.100718,4.0
1.0,shanghai,4.0,66.0,0.0,0.0,1.0,4356.0,1.0,9.0,10.308986,0.0,0.0,14.0,10.308986,2.0
1.0,shanghai,4.0,42.0,0.0,0.0,1.0,1764.0,0.0,16.0,,0.0,0.0,14.0,,4.0
1.0,shanghai,4.0,31.0,0.0,0.0,1.0,961.0,0.0,16.0,11.512936,0.0,0.0,14.0,12.100718,5.0
1.0,shanghai,5.0,65.0,0.0,0.0,0.0,4225.0,0.0,9.0,10.308986,0.0,0.0,14.0,10.308986,5.0
1.0,shanghai,4.0,33.0,0.0,0.0,0.0,1089.0,0.0,19.0,12.206078,0.0,1.0,14.0,12.506181,5.0
1.0,shanghai,5.0,19.0,0.0,0.0,0.0,361.0,0.0,12.0,11.512936,1.0,0.0,14.0,12.206078,5.0
1.0,shanghai,4.0,54.0,0.0,0.0,1.0,2916.0,0.0,12.0,10.819798,0.0,1.0,14.0,11.775297,2.0
1.0,shanghai,4.0,30.0,0.0,0.0,0.0,900.0,0.0,15.0,11.512936,1.0,0.0,14.0,,5.0
1.0,shanghai,4.0,72.0,0.0,0.0,1.0,5184.0,1.0,12.0,10.71444,0.0,0.0,14.0,11.407576,1.0
1.0,shanghai,5.0,79.0,0.0,0.0,1.0,6241.0,1.0,9.0,10.819798,0.0,0.0,14.0,11.512936,3.0
1.0,shanghai,5.0,54.0,3.4339871,0.0,1.0,2916.0,0.0,9.0,11.849405,0.0,0.0,14.0,,5.0
1.0,shanghai,4.0,69.0,0.0,0.0,1.0,4761.0,0.0,15.0,9.2104406,0.0,0.0,14.0,11.512936,3.0
1.0,shanghai,2.0,66.0,0.0,0.0,1.0,4356.0,0.0,9.0,9.392745,1.0,0.0,14.0,10.491302,1.0
1.0,shanghai,4.0,40.0,0.0,0.0,1.0,1600.0,0.0,12.0,0.0,1.0,0.0,14.0,10.162808,4.0
1.0,shanghai,5.0,73.0,3.0445225,0.0,1.0,5329.0,0.0,16.0,11.156265,0.0,1.0,14.0,11.608245,3.0
1.0,shanghai,5.0,70.0,0.0,0.0,1.0,4900.0,1.0,12.0,10.59666,0.0,0.0,14.0,12.206078,4.0
1.0,shanghai,4.0,42.0,0.0,0.0,1.0,1764.0,0.0,15.0,10.915107,0.0,0.0,14.0,11.156265,5.0
1.0,shanghai,5.0,39.0,0.0,0.0,1.0,1521.0,1.0,9.0,10.308986,0.0,0.0,14.0,11.289794,4.0
1.0,shanghai,4.0,60.0,0.0,0.0,1.0,3600.0,0.0,12.0,11.512936,0.0,0.0,14.0,11.695255,3.0
1.0,shanghai,5.0,79.0,0.0,0.0,0.0,6241.0,1.0,9.0,10.819798,0.0,1.0,14.0,10.819798,2.0
1.0,shanghai,4.0,31.0,0.0,0.0,1.0,961.0,1.0,16.0,11.289794,0.0,0.0,14.0,11.982935,4.0
1.0,shanghai,3.0,71.0,0.0,0.0,1.0,5041.0,0.0,12.0,9.3201809,0.0,0.0,14.0,10.308986,4.0
1.0,shanghai,5.0,78.0,0.0,0.0,0.0,6084.0,1.0,2.0,10.085851,0.0,0.0,14.0,10.085851,3.0
1.0,shanghai,5.0,86.0,1.3862944,0.0,0.0,7396.0,1.0,16.0,12.100718,0.0,1.0,14.0,12.100718,3.0
1.0,shanghai,3.0,63.0,0.0,0.0,0.0,3969.0,1.0,6.0,10.308986,0.0,0.0,14.0,11.512936,3.0
1.0,shanghai,5.0,28.0,4.6151204,0.0,0.0,784.0,1.0,16.0,11.512936,1.0,0.0,14.0,12.206078,4.0
1.0,shanghai,4.0,29.0,5.5254531,0.0,1.0,841.0,0.0,16.0,12.206078,1.0,0.0,14.0,12.611541,3.0
1.0,shanghai,4.0,39.0,0.0,0.0,1.0,1521.0,1.0,15.0,10.308986,0.0,0.0,14.0,11.512936,5.0
1.0,shanghai,4.0,75.0,0.0,0.0,1.0,5625.0,1.0,15.0,10.778977,0.0,0.0,14.0,11.512936,3.0
1.0,shanghai,5.0,60.0,3.9318256,0.0,1.0,3600.0,1.0,12.0,10.819798,0.0,0.0,14.0,11.512936,4.0
1.0,shanghai,5.0,23.0,0.0,0.0,0.0,529.0,1.0,16.0,10.308986,0.0,0.0,14.0,,4.0
1.0,shanghai,4.0,49.0,0.0,0.0,1.0,2401.0,0.0,16.0,11.695255,0.0,1.0,14.0,11.982935,4.0
1.0,shanghai,5.0,63.0,0.0,0.0,1.0,3969.0,1.0,12.0,10.59666,0.0,1.0,14.0,11.512936,3.0
1.0,shanghai,4.0,36.0,0.0,0.0,1.0,1296.0,1.0,16.0,10.819798,0.0,1.0,14.0,11.918397,5.0
1.0,shanghai,4.0,32.0,3.9318256,0.0,0.0,1024.0,1.0,16.0,11.289794,0.0,0.0,14.0,12.206078,4.0
1.0,shanghai,4.0,24.0,0.0,0.0,1.0,576.0,1.0,15.0,11.002116,0.0,0.0,14.0,12.611541,4.0
1.0,shanghai,5.0,65.0,1.7917595,0.0,1.0,4225.0,0.0,12.0,10.904138,0.0,0.0,14.0,,5.0
1.0,shanghai,4.0,78.0,0.0,0.0,0.0,6084.0,1.0,9.0,11.002116,0.0,0.0,14.0,11.002116,2.0
1.0,shanghai,3.0,37.0,0.0,0.0,0.0,1369.0,1.0,16.0,,0.0,0.0,14.0,,5.0
1.0,shanghai,4.0,86.0,0.0,0.0,1.0,7396.0,1.0,6.0,10.71444,0.0,0.0,14.0,11.512936,3.0
1.0,shanghai,4.0,62.0,0.0,0.0,0.0,3844.0,0.0,12.0,10.59666,0.0,0.0,14.0,10.59666,4.0
1.0,shanghai,4.0,55.0,0.0,0.0,1.0,3025.0,1.0,9.0,0.0,0.0,0.0,14.0,10.308986,4.0
1.0,shanghai,4.0,44.0,0.0,0.0,1.0,1936.0,0.0,12.0,10.308986,1.0,0.0,14.0,10.308986,5.0
1.0,shanghai,3.0,28.0,2.3978953,0.0,0.0,784.0,1.0,9.0,11.097425,1.0,0.0,14.0,11.790565,3.0
1.0,shanghai,5.0,59.0,0.0,0.0,1.0,3481.0,0.0,6.0,,0.0,0.0,14.0,9.9035378,2.0
1.0,shanghai,4.0,33.0,0.0,0.0,1.0,1089.0,1.0,12.0,10.308986,0.0,0.0,14.0,11.512936,5.0
1.0,shanghai,2.0,67.0,2.3978953,0.0,1.0,4489.0,1.0,9.0,10.819798,0.0,0.0,14.0,11.407576,1.0
1.0,shanghai,5.0,65.0,0.0,0.0,0.0,4225.0,1.0,9.0,10.59666,0.0,0.0,14.0,10.59666,3.0
1.0,shanghai,2.0,25.0,2.7725887,0.0,0.0,625.0,0.0,15.0,11.407576,0.0,0.0,14.0,11.918397,4.0
1.0,shanghai,4.0,55.0,0.0,0.0,1.0,3025.0,0.0,9.0,0.0,0.0,0.0,14.0,0.0,2.0
1.0,shanghai,4.0,38.0,0.0,0.0,0.0,1444.0,0.0,16.0,11.156265,0.0,0.0,14.0,11.918397,4.0
1.0,shanghai,5.0,49.0,0.0,0.0,1.0,2401.0,0.0,12.0,16.056221,0.0,0.0,14.0,12.899222,4.0
1.0,shanghai,2.0,63.0,0.0,0.0,1.0,3969.0,1.0,9.0,10.59666,0.0,0.0,14.0,9.9035378,3.0
1.0,shanghai,4.0,60.0,0.0,0.0,1.0,3600.0,1.0,12.0,10.819798,0.0,0.0,14.0,11.608245,3.0
1.0,shanghai,4.0,45.0,0.0,0.0,0.0,2025.0,0.0,12.0,11.002116,0.0,0.0,14.0,11.002116,5.0
1.0,shanghai,5.0,56.0,0.0,0.0,1.0,3136.0,0.0,16.0,11.289794,0.0,0.0,14.0,12.206078,5.0
1.0,shanghai,4.0,63.0,0.0,0.0,1.0,3969.0,0.0,9.0,8.6996813,0.0,0.0,14.0,11.512936,4.0
1.0,shanghai,5.0,73.0,0.0,0.0,1.0,5329.0,1.0,15.0,11.289794,0.0,0.0,14.0,11.775297,5.0
1.0,shanghai,4.0,38.0,0.0,0.0,1.0,1444.0,1.0,16.0,11.512936,0.0,1.0,14.0,11.512936,5.0
1.0,shanghai,4.0,69.0,0.0,0.0,1.0,4761.0,0.0,9.0,10.819798,0.0,0.0,14.0,11.289794,3.0
1.0,shanghai,4.0,82.0,0.0,0.0,1.0,6724.0,0.0,15.0,10.819798,0.0,1.0,14.0,11.407576,4.0
1.0,shanghai,3.0,66.0,0.0,0.0,1.0,4356.0,1.0,9.0,10.491302,0.0,0.0,14.0,11.407576,3.0
1.0,shanghai,4.0,59.0,0.0,0.0,1.0,3481.0,0.0,12.0,11.289794,0.0,0.0,14.0,9.5468836,4.0
1.0,shanghai,4.0,30.0,0.0,0.0,1.0,900.0,1.0,16.0,12.611541,0.0,0.0,14.0,12.899222,3.0
1.0,shanghai,5.0,67.0,0.0,0.0,0.0,4489.0,1.0,9.0,10.778977,0.0,0.0,14.0,10.778977,3.0
1.0,shanghai,5.0,64.0,0.0,0.0,1.0,4096.0,1.0,12.0,10.819798,0.0,0.0,14.0,11.775297,3.0
1.0,shanghai,4.0,39.0,0.0,0.0,1.0,1521.0,0.0,15.0,10.819798,0.0,0.0,14.0,11.512936,3.0
1.0,shanghai,5.0,51.0,4.1108737,0.0,1.0,2601.0,1.0,9.0,10.308986,0.0,0.0,14.0,10.308986,3.0
1.0,shanghai,5.0,58.0,0.0,0.0,1.0,3364.0,1.0,12.0,10.778977,0.0,1.0,14.0,,3.0
1.0,shanghai,4.0,34.0,0.0,0.0,1.0,1156.0,0.0,15.0,12.42922,1.0,0.0,14.0,13.122365,4.0
1.0,shanghai,5.0,79.0,0.0,0.0,1.0,6241.0,0.0,0.0,10.778977,0.0,0.0,14.0,11.289794,2.0
1.0,shanghai,4.0,76.0,0.0,0.0,1.0,5776.0,0.0,12.0,10.778977,0.0,0.0,14.0,11.338584,3.0
1.0,shanghai,4.0,24.0,4.6151204,0.0,1.0,576.0,1.0,15.0,0.0,0.0,0.0,14.0,13.122365,3.0
1.0,shanghai,4.0,88.0,0.0,0.0,1.0,7744.0,1.0,12.0,11.002116,0.0,0.0,14.0,11.695255,3.0
1.0,shanghai,5.0,66.0,0.0,0.0,0.0,4356.0,1.0,6.0,10.085851,0.0,0.0,14.0,11.289794,3.0
1.0,shanghai,4.0,67.0,0.0,0.0,1.0,4489.0,1.0,9.0,10.463132,0.0,0.0,14.0,11.407576,3.0
1.0,shanghai,5.0,61.0,0.0,0.0,1.0,3721.0,1.0,12.0,10.491302,0.0,0.0,14.0,11.472114,3.0
1.0,shanghai,4.0,23.0,0.0,0.0,0.0,529.0,0.0,9.0,,1.0,0.0,14.0,,5.0
1.0,shanghai,4.0,87.0,0.0,0.0,0.0,7569.0,0.0,6.0,10.778977,0.0,0.0,14.0,10.778977,4.0
1.0,shanghai,4.0,42.0,0.0,0.0,1.0,1764.0,1.0,12.0,,0.0,0.0,14.0,,5.0
1.0,shanghai,5.0,32.0,0.0,0.0,1.0,1024.0,1.0,15.0,12.206078,1.0,0.0,14.0,12.611541,5.0
1.0,shanghai,4.0,40.0,0.0,0.0,1.0,1600.0,1.0,15.0,11.512936,0.0,0.0,14.0,12.206078,3.0
1.0,shanghai,5.0,59.0,0.0,0.0,1.0,3481.0,1.0,6.0,11.002116,0.0,0.0,14.0,11.695255,5.0
1.0,shanghai,5.0,73.0,3.4339871,0.0,0.0,5329.0,0.0,12.0,11.002116,0.0,0.0,14.0,12.611541,4.0
1.0,shanghai,5.0,26.0,0.0,0.0,0.0,676.0,0.0,12.0,11.289794,0.0,0.0,14.0,12.206078,4.0
1.0,shanghai,4.0,61.0,0.0,0.0,1.0,3721.0,1.0,12.0,10.491302,0.0,0.0,14.0,11.338584,3.0
1.0,shanghai,5.0,39.0,0.0,0.0,0.0,1521.0,1.0,19.0,11.918397,0.0,1.0,14.0,11.918397,5.0
1.0,shanghai,4.0,57.0,0.0,0.0,0.0,3249.0,1.0,12.0,10.71444,0.0,0.0,14.0,10.819798,4.0
1.0,shanghai,3.0,80.0,0.0,0.0,1.0,6400.0,0.0,15.0,10.819798,0.0,1.0,14.0,11.775297,3.0
1.0,shanghai,5.0,60.0,0.0,0.0,1.0,3600.0,1.0,9.0,9.9035378,0.0,0.0,14.0,11.918397,4.0
1.0,shanghai,3.0,72.0,0.0,0.0,1.0,5184.0,1.0,9.0,9.9035378,0.0,0.0,14.0,9.9035378,3.0
1.0,shanghai,4.0,67.0,0.0,0.0,1.0,4489.0,0.0,6.0,10.819798,0.0,0.0,14.0,11.512936,5.0
1.0,shanghai,4.0,20.0,0.0,0.0,0.0,400.0,0.0,16.0,0.0,0.0,0.0,14.0,12.611541,3.0
1.0,shanghai,4.0,66.0,3.4339871,0.0,0.0,4356.0,1.0,9.0,10.691968,0.0,0.0,14.0,10.691968,4.0
1.0,shanghai,4.0,69.0,0.0,0.0,0.0,4761.0,1.0,9.0,10.645449,0.0,0.0,14.0,10.645449,3.0
1.0,shanghai,5.0,74.0,0.0,0.0,1.0,5476.0,1.0,12.0,10.59666,0.0,1.0,14.0,11.289794,4.0
1.0,shanghai,4.0,77.0,0.0,0.0,1.0,5929.0,1.0,9.0,10.59666,0.0,1.0,14.0,11.918397,4.0
1.0,shanghai,4.0,66.0,0.0,0.0,1.0,4356.0,0.0,9.0,10.668979,0.0,0.0,14.0,11.289794,3.0
1.0,shanghai,5.0,70.0,0.0,0.0,1.0,4900.0,0.0,6.0,10.645449,0.0,0.0,14.0,11.002116,3.0
1.0,shanghai,5.0,56.0,0.0,0.0,1.0,3136.0,0.0,12.0,11.184435,0.0,0.0,14.0,12.611541,2.0
1.0,shanghai,4.0,52.0,0.0,0.0,1.0,2704.0,1.0,9.0,0.0,1.0,0.0,14.0,12.611541,4.0
1.0,shanghai,4.0,62.0,0.0,0.0,1.0,3844.0,1.0,12.0,10.819798,0.0,0.0,14.0,11.512936,4.0
1.0,shanghai,5.0,37.0,0.0,0.0,1.0,1369.0,1.0,15.0,10.819798,0.0,0.0,14.0,11.512936,5.0
1.0,shanghai,4.0,58.0,0.0,0.0,1.0,3364.0,1.0,6.0,10.645449,0.0,0.0,14.0,12.206078,4.0
1.0,shanghai,4.0,76.0,3.0445225,0.0,1.0,5776.0,1.0,12.0,11.002116,0.0,0.0,14.0,11.512936,4.0
1.0,shanghai,4.0,58.0,0.0,0.0,1.0,3364.0,1.0,12.0,10.59666,0.0,0.0,14.0,12.154784,5.0
1.0,shanghai,3.0,66.0,0.0,0.0,1.0,4356.0,0.0,9.0,10.491302,0.0,0.0,14.0,11.184435,3.0
1.0,shanghai,4.0,68.0,0.0,0.0,1.0,4624.0,1.0,9.0,8.0067005,0.0,1.0,14.0,11.695255,3.0
1.0,shanghai,4.0,55.0,0.0,0.0,1.0,3025.0,0.0,12.0,11.512936,0.0,1.0,14.0,11.512936,5.0
1.0,shanghai,4.0,39.0,0.0,0.0,1.0,1521.0,1.0,16.0,11.695255,0.0,0.0,14.0,12.611541,5.0
1.0,shanghai,4.0,38.0,0.0,0.0,1.0,1444.0,1.0,15.0,11.695255,0.0,0.0,14.0,13.217675,3.0
1.0,shanghai,5.0,66.0,0.0,0.0,1.0,4356.0,1.0,9.0,10.491302,0.0,0.0,14.0,13.541075,4.0
1.0,shanghai,4.0,63.0,0.0,0.0,1.0,3969.0,0.0,15.0,10.778977,0.0,1.0,14.0,11.338584,2.0
1.0,shanghai,4.0,76.0,0.0,0.0,1.0,5776.0,0.0,12.0,11.002116,0.0,0.0,14.0,11.512936,3.0
1.0,shanghai,3.0,67.0,0.0,0.0,1.0,4489.0,0.0,15.0,11.133142,0.0,1.0,14.0,11.512936,3.0
1.0,shanghai,2.0,49.0,0.0,0.0,1.0,2401.0,1.0,6.0,10.239996,0.0,0.0,14.0,10.819798,3.0
1.0,shanghai,4.0,36.0,3.4339871,0.0,1.0,1296.0,1.0,16.0,12.206078,0.0,1.0,14.0,12.611541,4.0
1.0,shanghai,3.0,65.0,0.0,0.0,0.0,4225.0,1.0,9.0,10.308986,0.0,0.0,14.0,10.308986,4.0
1.0,shanghai,4.0,42.0,0.0,0.0,1.0,1764.0,0.0,12.0,11.156265,0.0,0.0,14.0,11.695255,3.0
1.0,shanghai,5.0,65.0,0.0,0.0,1.0,4225.0,1.0,9.0,10.491302,0.0,0.0,14.0,11.512936,2.0
1.0,shanghai,5.0,69.0,0.0,0.0,1.0,4761.0,1.0,0.0,10.085851,0.0,0.0,14.0,10.819798,5.0
1.0,shanghai,4.0,72.0,1.9459101,0.0,1.0,5184.0,0.0,6.0,10.59666,0.0,0.0,14.0,11.002116,3.0
1.0,shanghai,5.0,82.0,2.3978953,0.0,0.0,6724.0,1.0,15.0,11.338584,0.0,1.0,14.0,11.338584,2.0
1.0,shanghai,4.0,48.0,0.0,0.0,1.0,2304.0,1.0,15.0,10.819798,0.0,0.0,14.0,11.512936,3.0
1.0,shanghai,4.0,60.0,0.0,0.0,1.0,3600.0,0.0,9.0,10.126671,0.0,0.0,14.0,10.819798,4.0
1.0,shanghai,5.0,75.0,2.7725887,0.0,1.0,5625.0,1.0,12.0,10.819798,0.0,1.0,14.0,10.819798,3.0
1.0,shanghai,4.0,74.0,0.0,0.0,1.0,5476.0,1.0,6.0,10.308986,0.0,0.0,14.0,11.695255,4.0
1.0,shanghai,4.0,28.0,0.0,0.0,1.0,784.0,1.0,16.0,12.100718,0.0,0.0,14.0,12.899222,4.0
1.0,shanghai,5.0,29.0,0.0,0.0,1.0,841.0,1.0,9.0,0.0,1.0,0.0,14.0,10.819798,5.0
1.0,shanghai,4.0,68.0,0.0,0.0,1.0,4624.0,1.0,9.0,10.59666,0.0,0.0,14.0,11.289794,3.0
1.0,shanghai,5.0,40.0,0.0,0.0,1.0,1600.0,1.0,16.0,11.472114,0.0,0.0,14.0,12.42922,3.0
1.0,shanghai,4.0,64.0,0.0,0.0,1.0,4096.0,1.0,9.0,10.71444,0.0,0.0,14.0,11.472114,2.0
1.0,shanghai,5.0,67.0,0.0,0.0,1.0,4489.0,0.0,9.0,10.819798,0.0,0.0,14.0,11.289794,3.0
1.0,shanghai,4.0,86.0,0.0,0.0,0.0,7396.0,1.0,0.0,10.71444,0.0,0.0,14.0,11.362114,2.0
1.0,shanghai,5.0,52.0,0.0,0.0,1.0,2704.0,0.0,9.0,10.819798,0.0,1.0,14.0,11.512936,4.0
1.0,shanghai,4.0,77.0,0.0,0.0,1.0,5929.0,0.0,12.0,10.896758,0.0,0.0,14.0,11.695255,3.0
1.0,shanghai,4.0,66.0,0.0,0.0,1.0,4356.0,0.0,9.0,11.002116,0.0,1.0,14.0,11.002116,3.0
1.0,shanghai,5.0,63.0,0.0,0.0,1.0,3969.0,0.0,9.0,10.59666,0.0,0.0,14.0,,4.0
1.0,shanghai,4.0,79.0,0.0,0.0,1.0,6241.0,0.0,12.0,13.458838,0.0,0.0,14.0,11.512936,3.0
1.0,shanghai,4.0,55.0,0.0,0.0,1.0,3025.0,0.0,0.0,10.491302,0.0,0.0,14.0,11.156265,3.0
1.0,shanghai,5.0,80.0,0.0,0.0,0.0,6400.0,0.0,9.0,10.819798,0.0,1.0,14.0,10.819798,5.0
1.0,shanghai,4.0,38.0,0.0,0.0,1.0,1444.0,1.0,16.0,10.819798,0.0,1.0,14.0,11.512936,5.0
1.0,shanghai,4.0,58.0,0.0,0.0,1.0,3364.0,0.0,12.0,10.341775,0.0,0.0,14.0,11.608245,4.0
1.0,shanghai,5.0,62.0,0.0,0.0,1.0,3844.0,0.0,12.0,13.122365,0.0,0.0,14.0,11.608245,3.0
1.0,shanghai,3.0,52.0,2.3978953,0.0,1.0,2704.0,1.0,15.0,11.512936,0.0,0.0,14.0,12.206078,3.0
1.0,shanghai,4.0,56.0,0.0,0.0,1.0,3136.0,0.0,12.0,10.308986,0.0,0.0,14.0,11.918397,4.0
1.0,shanghai,5.0,59.0,0.0,0.0,1.0,3481.0,1.0,12.0,10.645449,0.0,0.0,14.0,11.429555,3.0
1.0,shanghai,3.0,63.0,1.3862944,0.0,0.0,3969.0,1.0,12.0,10.727685,0.0,0.0,14.0,10.727685,3.0
1.0,shanghai,4.0,31.0,0.0,0.0,1.0,961.0,0.0,15.0,11.512936,0.0,0.0,14.0,12.206078,3.0
1.0,shanghai,4.0,29.0,0.0,0.0,0.0,841.0,1.0,16.0,10.778977,0.0,0.0,14.0,11.695255,5.0
1.0,shanghai,4.0,35.0,2.7725887,0.0,1.0,1225.0,1.0,16.0,11.002116,0.0,0.0,14.0,11.982935,4.0
1.0,shanghai,5.0,60.0,0.0,0.0,1.0,3600.0,1.0,6.0,9.392745,1.0,0.0,14.0,,5.0
1.0,shanghai,4.0,59.0,0.0,0.0,1.0,3481.0,1.0,6.0,10.491302,0.0,0.0,14.0,11.184435,4.0
1.0,shanghai,5.0,47.0,3.9318256,0.0,1.0,2209.0,1.0,12.0,10.819798,0.0,0.0,14.0,11.695255,4.0
1.0,shanghai,4.0,78.0,0.0,0.0,1.0,6084.0,0.0,16.0,11.512936,0.0,1.0,14.0,11.918397,3.0
1.0,shanghai,4.0,37.0,2.3978953,0.0,1.0,1369.0,0.0,19.0,11.918397,0.0,0.0,14.0,12.611541,4.0
1.0,shanghai,3.0,70.0,0.0,0.0,1.0,4900.0,0.0,12.0,11.097425,0.0,1.0,14.0,11.695255,3.0
1.0,shanghai,3.0,35.0,0.0,0.0,0.0,1225.0,0.0,15.0,11.002116,0.0,0.0,14.0,11.849405,3.0
1.0,shanghai,3.0,63.0,0.0,0.0,1.0,3969.0,1.0,9.0,10.778977,0.0,0.0,14.0,11.695255,3.0
1.0,shanghai,4.0,76.0,0.0,0.0,0.0,5776.0,1.0,12.0,11.338584,0.0,1.0,14.0,11.338584,4.0
1.0,shanghai,4.0,64.0,0.0,0.0,0.0,4096.0,1.0,9.0,10.308986,0.0,0.0,14.0,12.154784,3.0
1.0,shanghai,3.0,64.0,0.0,0.0,1.0,4096.0,1.0,12.0,10.59666,0.0,0.0,14.0,11.512936,3.0
1.0,shanghai,5.0,82.0,4.6151204,0.0,1.0,6724.0,0.0,2.0,10.819798,0.0,1.0,14.0,11.512936,3.0
1.0,shanghai,3.0,62.0,0.0,0.0,0.0,3844.0,1.0,9.0,10.778977,0.0,0.0,14.0,10.778977,2.0
1.0,shanghai,4.0,50.0,0.0,0.0,1.0,2500.0,1.0,6.0,10.819798,0.0,0.0,14.0,11.156265,3.0
1.0,shanghai,5.0,84.0,0.0,0.0,1.0,7056.0,1.0,6.0,10.491302,0.0,1.0,14.0,11.512936,3.0
1.0,shanghai,4.0,55.0,0.0,0.0,1.0,3025.0,0.0,12.0,11.002116,0.0,0.0,14.0,11.695255,4.0
1.0,shanghai,4.0,60.0,0.0,0.0,0.0,3600.0,0.0,12.0,10.778977,0.0,0.0,14.0,10.819798,3.0
1.0,shanghai,4.0,50.0,0.0,0.0,1.0,2500.0,1.0,12.0,,0.0,0.0,14.0,,4.0
1.0,shanghai,4.0,67.0,0.0,0.0,1.0,4489.0,0.0,9.0,11.002116,0.0,0.0,14.0,11.512936,4.0
1.0,shanghai,4.0,83.0,0.0,0.0,1.0,6889.0,0.0,9.0,10.778977,0.0,0.0,14.0,,3.0
1.0,shanghai,2.0,40.0,2.7725887,0.0,1.0,1600.0,0.0,12.0,10.308986,0.0,0.0,14.0,11.225257,4.0
1.0,shanghai,4.0,45.0,2.3978953,0.0,1.0,2025.0,0.0,9.0,11.512936,1.0,0.0,14.0,10.819798,5.0
1.0,shanghai,4.0,35.0,4.6151204,0.0,0.0,1225.0,0.0,15.0,11.002116,0.0,0.0,14.0,12.206078,5.0
1.0,shanghai,4.0,47.0,0.0,0.0,1.0,2209.0,1.0,0.0,,1.0,0.0,14.0,,5.0
1.0,shanghai,2.0,66.0,0.0,0.0,0.0,4356.0,0.0,9.0,10.778977,0.0,0.0,14.0,10.778977,3.0
1.0,shanghai,4.0,31.0,2.1972246,0.0,1.0,961.0,1.0,15.0,11.097425,0.0,0.0,14.0,12.149508,5.0
1.0,shanghai,5.0,73.0,0.0,0.0,0.0,5329.0,1.0,12.0,11.289794,0.0,0.0,14.0,12.225881,4.0
1.0,shanghai,4.0,70.0,0.0,0.0,1.0,4900.0,0.0,9.0,13.122365,0.0,1.0,14.0,12.206078,3.0
1.0,shanghai,4.0,65.0,0.0,0.0,1.0,4225.0,1.0,12.0,11.097425,0.0,1.0,14.0,11.600945,5.0
1.0,shanghai,4.0,80.0,0.0,0.0,0.0,6400.0,1.0,0.0,9.3622885,0.0,0.0,14.0,8.2867737,2.0
1.0,shanghai,4.0,59.0,0.0,0.0,1.0,3481.0,0.0,12.0,10.71444,0.0,0.0,14.0,13.592368,5.0
1.0,shanghai,4.0,64.0,0.0,0.0,1.0,4096.0,0.0,9.0,11.002116,0.0,0.0,14.0,11.589896,3.0
1.0,shanghai,4.0,59.0,0.0,0.0,1.0,3481.0,1.0,12.0,10.645449,0.0,0.0,14.0,11.918397,3.0
1.0,shanghai,3.0,76.0,1.0986123,0.0,0.0,5776.0,1.0,15.0,10.819798,0.0,0.0,14.0,10.819798,3.0
1.0,shanghai,4.0,35.0,0.0,0.0,1.0,1225.0,1.0,15.0,11.002116,1.0,0.0,14.0,13.122365,4.0
1.0,shanghai,4.0,74.0,0.0,0.0,0.0,5476.0,0.0,9.0,10.819798,0.0,0.0,14.0,10.819798,3.0
1.0,shanghai,4.0,39.0,0.0,0.0,1.0,1521.0,1.0,16.0,,0.0,0.0,14.0,,4.0
1.0,shanghai,5.0,60.0,0.0,0.0,1.0,3600.0,0.0,9.0,10.778977,0.0,0.0,14.0,10.778977,4.0
1.0,shanghai,4.0,76.0,0.0,0.0,1.0,5776.0,1.0,16.0,11.184435,0.0,0.0,14.0,12.04356,4.0
1.0,shanghai,3.0,26.0,0.0,0.0,0.0,676.0,1.0,15.0,11.082158,0.0,0.0,14.0,11.082158,5.0
1.0,shanghai,4.0,30.0,0.0,0.0,1.0,900.0,0.0,15.0,11.512936,0.0,0.0,14.0,12.206078,3.0
1.0,shanghai,4.0,26.0,0.0,0.0,1.0,676.0,0.0,16.0,12.899222,0.0,0.0,14.0,13.180634,3.0
1.0,shanghai,4.0,33.0,0.0,0.0,0.0,1089.0,0.0,15.0,11.695255,0.0,0.0,14.0,11.695255,5.0
1.0,shanghai,3.0,28.0,0.0,0.0,0.0,784.0,0.0,19.0,11.918397,0.0,1.0,14.0,11.918397,3.0
1.0,shanghai,4.0,36.0,5.3033047,0.0,1.0,1296.0,0.0,19.0,12.206078,0.0,1.0,14.0,12.611541,4.0
1.0,shanghai,4.0,56.0,0.0,0.0,1.0,3136.0,1.0,15.0,10.491302,0.0,1.0,14.0,12.42922,2.0
1.0,shanghai,4.0,45.0,0.0,0.0,0.0,2025.0,0.0,12.0,11.289794,1.0,0.0,14.0,9.6158724,3.0
1.0,shanghai,4.0,78.0,3.0445225,0.0,1.0,6084.0,0.0,16.0,10.819798,0.0,0.0,14.0,11.918397,3.0
1.0,shanghai,5.0,75.0,0.0,0.0,1.0,5625.0,0.0,9.0,10.645449,0.0,0.0,14.0,11.338584,3.0
1.0,shanghai,5.0,69.0,3.0445225,0.0,1.0,4761.0,0.0,6.0,10.878066,0.0,1.0,14.0,11.407576,3.0
1.0,shanghai,4.0,26.0,0.0,0.0,0.0,676.0,1.0,19.0,0.0,0.0,1.0,14.0,11.512936,5.0
1.0,shanghai,5.0,65.0,0.0,0.0,0.0,4225.0,0.0,12.0,10.71444,0.0,0.0,14.0,11.982935,5.0
1.0,shanghai,4.0,22.0,4.1108737,0.0,0.0,484.0,1.0,15.0,11.289794,0.0,0.0,14.0,11.918397,4.0
1.0,shanghai,5.0,63.0,0.0,0.0,1.0,3969.0,1.0,12.0,10.59666,0.0,0.0,14.0,11.289794,4.0
1.0,shanghai,4.0,57.0,0.0,0.0,1.0,3249.0,0.0,12.0,10.429428,0.0,0.0,14.0,10.429428,5.0
1.0,shanghai,5.0,39.0,2.3978953,0.0,1.0,1521.0,1.0,16.0,11.512936,0.0,0.0,14.0,12.42922,3.0
1.0,shanghai,4.0,32.0,0.0,0.0,1.0,1024.0,0.0,9.0,11.512936,1.0,0.0,14.0,11.512936,5.0
1.0,shanghai,4.0,75.0,0.0,0.0,1.0,5625.0,0.0,12.0,10.819798,0.0,1.0,14.0,11.407576,4.0
1.0,shanghai,4.0,64.0,0.0,0.0,0.0,4096.0,1.0,12.0,10.819798,0.0,0.0,14.0,13.017005,4.0
1.0,shanghai,4.0,69.0,0.0,0.0,0.0,4761.0,1.0,9.0,10.727685,0.0,0.0,14.0,11.418626,4.0
1.0,shanghai,4.0,60.0,0.0,0.0,1.0,3600.0,1.0,12.0,10.59666,0.0,0.0,14.0,10.59666,5.0
1.0,shanghai,5.0,24.0,0.0,0.0,0.0,576.0,1.0,16.0,11.156265,0.0,0.0,14.0,13.122365,5.0
1.0,shanghai,4.0,70.0,2.3978953,0.0,1.0,4900.0,1.0,9.0,10.59666,0.0,0.0,14.0,11.407576,4.0
1.0,shanghai,5.0,36.0,0.0,0.0,1.0,1296.0,1.0,15.0,11.512936,0.0,0.0,14.0,12.206078,4.0
1.0,shanghai,4.0,70.0,0.0,0.0,1.0,4900.0,0.0,9.0,10.918736,0.0,0.0,14.0,11.608245,2.0
1.0,shanghai,4.0,75.0,0.0,0.0,1.0,5625.0,1.0,6.0,10.491302,0.0,0.0,14.0,11.338584,4.0
1.0,shanghai,3.0,63.0,0.0,0.0,1.0,3969.0,1.0,12.0,10.518701,0.0,0.0,14.0,11.877576,3.0
1.0,shanghai,4.0,61.0,0.0,0.0,1.0,3721.0,0.0,0.0,10.896758,0.0,0.0,14.0,12.100718,4.0
1.0,shanghai,5.0,84.0,1.7917595,0.0,0.0,7056.0,1.0,15.0,10.658176,0.0,1.0,14.0,10.874286,2.0
1.0,shanghai,4.0,71.0,3.0445225,0.0,1.0,5041.0,1.0,12.0,11.156265,0.0,0.0,14.0,11.289794,4.0
1.0,shanghai,4.0,75.0,1.3862944,0.0,1.0,5625.0,1.0,0.0,9.9282293,0.0,0.0,14.0,11.050906,3.0
1.0,shanghai,4.0,33.0,0.0,0.0,1.0,1089.0,0.0,16.0,11.184435,0.0,0.0,14.0,11.918397,5.0
1.0,shanghai,4.0,79.0,0.0,0.0,1.0,6241.0,0.0,9.0,10.778977,0.0,1.0,14.0,11.407576,4.0
1.0,shanghai,4.0,62.0,0.0,0.0,1.0,3844.0,0.0,12.0,11.225257,0.0,1.0,14.0,11.512936,3.0
1.0,shanghai,4.0,37.0,0.0,0.0,1.0,1369.0,1.0,12.0,0.0,1.0,0.0,14.0,,4.0
1.0,shanghai,4.0,54.0,0.0,0.0,1.0,2916.0,1.0,9.0,10.422311,0.0,0.0,14.0,12.206078,3.0
1.0,shanghai,4.0,46.0,0.0,0.0,1.0,2116.0,1.0,16.0,11.918397,0.0,1.0,14.0,11.918397,3.0
1.0,shanghai,5.0,37.0,0.0,0.0,1.0,1369.0,1.0,16.0,11.512936,0.0,1.0,14.0,13.122365,2.0
1.0,shanghai,4.0,23.0,1.3862944,0.0,1.0,529.0,1.0,16.0,11.512936,0.0,0.0,14.0,12.611541,5.0
1.0,shanghai,4.0,46.0,0.0,0.0,0.0,2116.0,0.0,12.0,,0.0,0.0,14.0,,5.0
1.0,shanghai,4.0,50.0,0.0,0.0,1.0,2500.0,1.0,9.0,10.308986,1.0,0.0,14.0,11.918397,5.0
1.0,shanghai,5.0,60.0,3.713572,0.0,0.0,3600.0,1.0,9.0,10.043293,0.0,0.0,14.0,11.918397,2.0
1.0,shanghai,4.0,47.0,0.0,0.0,1.0,2209.0,0.0,9.0,11.512936,1.0,0.0,14.0,11.512936,3.0
1.0,shanghai,5.0,39.0,0.0,1.0,1.0,1521.0,0.0,16.0,12.100718,0.0,1.0,14.0,12.468441,5.0
1.0,shanghai,5.0,39.0,0.0,0.0,1.0,1521.0,1.0,12.0,11.407576,0.0,0.0,14.0,12.42922,5.0
1.0,shanghai,5.0,50.0,3.4339871,0.0,1.0,2500.0,0.0,9.0,11.775297,0.0,0.0,14.0,11.775297,3.0
1.0,shanghai,4.0,75.0,0.0,0.0,0.0,5625.0,1.0,12.0,10.59666,0.0,0.0,14.0,10.59666,3.0
1.0,shanghai,5.0,74.0,0.0,0.0,1.0,5476.0,1.0,9.0,10.59666,0.0,0.0,14.0,11.512936,3.0
1.0,shanghai,3.0,37.0,0.0,0.0,1.0,1369.0,0.0,16.0,11.289794,0.0,0.0,14.0,12.388398,5.0
1.0,shanghai,4.0,58.0,0.0,0.0,0.0,3364.0,0.0,12.0,10.225607,0.0,0.0,14.0,11.233225,1.0
1.0,shanghai,4.0,29.0,0.0,0.0,1.0,841.0,1.0,15.0,0.0,0.0,0.0,14.0,13.815512,2.0
1.0,shanghai,5.0,73.0,0.0,0.0,1.0,5329.0,1.0,6.0,10.59666,0.0,0.0,14.0,11.289794,4.0
1.0,shanghai,4.0,37.0,0.0,0.0,1.0,1369.0,1.0,16.0,0.0,0.0,1.0,14.0,,5.0
1.0,shanghai,1.0,67.0,2.7725887,0.0,1.0,4489.0,1.0,9.0,10.491302,0.0,0.0,14.0,11.002116,1.0
1.0,shanghai,5.0,63.0,2.7725887,0.0,1.0,3969.0,0.0,15.0,11.156265,0.0,0.0,14.0,11.695255,5.0
1.0,shanghai,2.0,24.0,0.0,0.0,0.0,576.0,0.0,16.0,10.778977,0.0,0.0,14.0,11.407576,5.0
1.0,shanghai,5.0,75.0,0.0,0.0,1.0,5625.0,1.0,16.0,10.645449,0.0,0.0,14.0,11.002116,4.0
1.0,shanghai,4.0,46.0,0.0,0.0,1.0,2116.0,0.0,6.0,10.308986,0.0,1.0,14.0,10.308986,5.0
1.0,shanghai,4.0,50.0,0.0,0.0,1.0,2500.0,1.0,9.0,11.512936,1.0,0.0,14.0,12.611541,4.0
1.0,shanghai,5.0,74.0,0.0,0.0,1.0,5476.0,0.0,9.0,10.819798,0.0,1.0,14.0,11.407576,3.0
1.0,shanghai,5.0,68.0,3.4339871,0.0,1.0,4624.0,0.0,9.0,10.778977,0.0,1.0,14.0,11.512936,5.0
1.0,shanghai,5.0,69.0,4.6151204,0.0,1.0,4761.0,1.0,16.0,,0.0,1.0,14.0,,5.0
1.0,shanghai,5.0,79.0,0.0,0.0,0.0,6241.0,1.0,6.0,10.308986,0.0,1.0,14.0,11.156265,3.0
1.0,shanghai,3.0,72.0,0.0,0.0,1.0,5184.0,1.0,6.0,10.085851,0.0,0.0,14.0,,3.0
1.0,shanghai,4.0,69.0,0.0,0.0,1.0,4761.0,1.0,9.0,10.59666,0.0,0.0,14.0,,4.0
1.0,shanghai,4.0,67.0,2.3978953,0.0,1.0,4489.0,1.0,9.0,10.778977,0.0,0.0,14.0,11.472114,3.0
1.0,shanghai,5.0,80.0,1.3862944,0.0,1.0,6400.0,1.0,9.0,0.0,0.0,0.0,14.0,11.002116,2.0
1.0,shanghai,5.0,60.0,0.0,0.0,1.0,3600.0,1.0,15.0,11.002116,0.0,1.0,14.0,11.002116,3.0
1.0,shanghai,4.0,54.0,0.0,0.0,1.0,2916.0,0.0,9.0,10.308986,0.0,0.0,14.0,11.289794,4.0
1.0,shanghai,4.0,29.0,5.7071104,0.0,1.0,841.0,0.0,19.0,12.206078,0.0,1.0,14.0,12.611541,4.0
1.0,shanghai,5.0,38.0,0.0,0.0,1.0,1444.0,1.0,16.0,11.512936,0.0,1.0,14.0,12.899222,5.0
1.0,shanghai,5.0,84.0,0.0,0.0,0.0,7056.0,1.0,9.0,10.59666,0.0,1.0,14.0,,3.0
1.0,shanghai,4.0,41.0,0.0,0.0,1.0,1681.0,0.0,16.0,,0.0,1.0,14.0,,5.0
1.0,shanghai,5.0,37.0,0.0,0.0,1.0,1369.0,1.0,15.0,11.512936,0.0,0.0,14.0,12.206078,4.0
1.0,shanghai,5.0,66.0,0.0,0.0,1.0,4356.0,0.0,9.0,13.081544,0.0,1.0,14.0,11.918397,5.0
1.0,shanghai,4.0,50.0,0.0,0.0,1.0,2500.0,1.0,16.0,9.9035378,0.0,1.0,14.0,12.899222,4.0
1.0,shanghai,3.0,66.0,0.0,0.0,1.0,4356.0,0.0,9.0,10.778977,0.0,0.0,14.0,11.407576,3.0
1.0,shanghai,4.0,45.0,0.0,0.0,1.0,2025.0,1.0,15.0,11.338584,0.0,0.0,14.0,11.849405,3.0
1.0,shanghai,5.0,75.0,0.0,0.0,0.0,5625.0,1.0,9.0,10.085851,0.0,0.0,14.0,10.085851,5.0
1.0,shanghai,4.0,33.0,0.0,0.0,0.0,1089.0,0.0,16.0,13.122365,0.0,0.0,14.0,13.122365,4.0
1.0,shanghai,4.0,83.0,0.0,0.0,1.0,6889.0,1.0,6.0,10.819798,0.0,0.0,14.0,11.512936,2.0
1.0,shanghai,4.0,57.0,3.4339871,0.0,1.0,3249.0,1.0,12.0,10.59666,0.0,0.0,14.0,11.942114,4.0
1.0,shanghai,4.0,40.0,0.0,0.0,1.0,1600.0,1.0,15.0,11.289794,0.0,0.0,14.0,11.918397,4.0
1.0,shanghai,5.0,65.0,0.0,0.0,1.0,4225.0,1.0,12.0,11.264477,0.0,0.0,14.0,11.869207,3.0
1.0,shanghai,4.0,33.0,0.0,0.0,1.0,1089.0,1.0,16.0,0.0,0.0,0.0,14.0,12.206078,4.0
1.0,shanghai,4.0,64.0,0.0,0.0,1.0,4096.0,0.0,15.0,11.512936,0.0,0.0,14.0,11.918397,4.0
1.0,shanghai,4.0,48.0,1.7917595,0.0,1.0,2304.0,1.0,9.0,10.463132,0.0,0.0,14.0,11.002116,5.0
1.0,shanghai,3.0,36.0,0.0,0.0,0.0,1296.0,1.0,16.0,12.206078,0.0,0.0,14.0,12.206078,5.0
1.0,shanghai,4.0,65.0,0.0,0.0,1.0,4225.0,1.0,9.0,10.491302,0.0,0.0,14.0,11.407576,3.0
1.0,shanghai,2.0,67.0,1.7917595,0.0,0.0,4489.0,1.0,12.0,10.491302,0.0,0.0,14.0,10.491302,3.0
1.0,shanghai,3.0,24.0,3.9318256,0.0,0.0,576.0,1.0,16.0,11.289794,0.0,1.0,14.0,11.289794,3.0
1.0,shanghai,4.0,76.0,0.0,0.0,0.0,5776.0,1.0,12.0,11.289794,0.0,0.0,14.0,11.289794,3.0
1.0,shanghai,4.0,25.0,0.0,0.0,0.0,625.0,0.0,16.0,11.512936,0.0,0.0,14.0,12.206078,5.0
1.0,shanghai,4.0,30.0,1.7917595,0.0,1.0,900.0,0.0,12.0,11.097425,0.0,0.0,14.0,11.097425,3.0
1.0,shanghai,4.0,50.0,0.0,0.0,1.0,2500.0,1.0,9.0,10.308986,1.0,0.0,14.0,11.289794,4.0
1.0,shanghai,5.0,50.0,0.0,0.0,1.0,2500.0,0.0,9.0,11.002116,1.0,0.0,14.0,11.512936,5.0
1.0,shanghai,4.0,40.0,0.0,1.0,1.0,1600.0,0.0,19.0,11.289794,0.0,1.0,14.0,11.289794,5.0
1.0,shanghai,5.0,75.0,0.0,0.0,0.0,5625.0,0.0,15.0,10.308986,0.0,1.0,14.0,11.002116,3.0
1.0,shanghai,4.0,36.0,0.0,0.0,0.0,1296.0,0.0,15.0,11.512936,0.0,1.0,14.0,11.512936,5.0
1.0,shanghai,4.0,32.0,0.0,0.0,0.0,1024.0,0.0,12.0,11.002116,0.0,0.0,14.0,11.512936,4.0
1.0,shanghai,4.0,73.0,4.1108737,0.0,1.0,5329.0,0.0,6.0,10.778977,0.0,1.0,14.0,13.652993,2.0
1.0,shanghai,5.0,74.0,0.0,0.0,1.0,5476.0,0.0,9.0,11.002116,0.0,0.0,14.0,11.512936,3.0
1.0,shanghai,4.0,68.0,0.0,0.0,1.0,4624.0,0.0,12.0,11.002116,0.0,1.0,14.0,,3.0
1.0,shanghai,5.0,62.0,0.0,0.0,0.0,3844.0,1.0,9.0,10.778977,0.0,0.0,14.0,10.778977,5.0
1.0,shanghai,4.0,44.0,0.0,0.0,1.0,1936.0,0.0,12.0,10.819798,0.0,0.0,14.0,11.512936,4.0
1.0,shanghai,4.0,53.0,0.0,0.0,1.0,2809.0,1.0,16.0,11.512936,0.0,0.0,14.0,11.512936,4.0
1.0,shanghai,3.0,51.0,0.0,0.0,1.0,2601.0,0.0,12.0,10.819798,0.0,0.0,14.0,11.289794,3.0
1.0,shanghai,4.0,86.0,0.0,0.0,1.0,7396.0,0.0,15.0,11.060385,0.0,0.0,14.0,11.589896,1.0
1.0,shanghai,4.0,81.0,0.0,0.0,0.0,6561.0,0.0,15.0,10.940242,0.0,0.0,14.0,10.940242,2.0
1.0,shanghai,4.0,47.0,0.0,0.0,1.0,2209.0,0.0,15.0,12.100718,0.0,0.0,14.0,12.611541,4.0
1.0,shanghai,4.0,64.0,0.0,0.0,1.0,4096.0,0.0,12.0,10.819798,0.0,1.0,14.0,11.512936,3.0
1.0,shanghai,4.0,67.0,4.6151204,0.0,1.0,4489.0,0.0,9.0,10.085851,0.0,0.0,14.0,11.156265,3.0
1.0,shanghai,4.0,60.0,0.0,0.0,0.0,3600.0,0.0,9.0,10.491302,0.0,0.0,14.0,10.491302,1.0
1.0,shanghai,4.0,65.0,0.0,0.0,1.0,4225.0,0.0,16.0,10.59666,0.0,0.0,14.0,10.59666,3.0
1.0,shanghai,4.0,31.0,0.0,0.0,1.0,961.0,1.0,15.0,10.491302,0.0,0.0,14.0,11.695255,3.0
1.0,shanghai,4.0,48.0,2.3978953,0.0,1.0,2304.0,1.0,15.0,10.308986,0.0,0.0,14.0,,4.0
1.0,shanghai,4.0,61.0,0.0,0.0,1.0,3721.0,1.0,15.0,10.645449,0.0,1.0,14.0,10.645449,4.0
1.0,shanghai,3.0,48.0,0.0,0.0,0.0,2304.0,1.0,15.0,10.59666,0.0,0.0,14.0,11.775297,4.0
1.0,shanghai,5.0,37.0,0.0,0.0,1.0,1369.0,0.0,16.0,12.42922,0.0,1.0,14.0,12.611541,4.0
1.0,shanghai,4.0,68.0,0.0,0.0,1.0,4624.0,0.0,6.0,10.819798,0.0,0.0,14.0,11.512936,2.0
1.0,shanghai,5.0,65.0,0.0,0.0,1.0,4225.0,1.0,9.0,10.59666,0.0,0.0,14.0,12.206078,5.0
1.0,shanghai,5.0,64.0,0.0,0.0,1.0,4096.0,1.0,12.0,10.59666,0.0,0.0,14.0,11.512936,3.0
1.0,shanghai,4.0,81.0,0.0,0.0,0.0,6561.0,1.0,0.0,10.691968,0.0,0.0,14.0,11.289794,3.0
1.0,shanghai,5.0,65.0,0.0,0.0,1.0,4225.0,0.0,9.0,10.308986,0.0,0.0,14.0,11.289794,3.0
1.0,shanghai,4.0,57.0,2.7725887,0.0,1.0,3249.0,1.0,9.0,10.085851,0.0,0.0,14.0,11.289794,3.0
1.0,shanghai,3.0,60.0,3.713572,0.0,1.0,3600.0,0.0,9.0,10.085851,0.0,0.0,14.0,11.695255,3.0
1.0,shanghai,4.0,49.0,0.0,0.0,1.0,2401.0,0.0,12.0,11.512936,0.0,0.0,14.0,12.206078,4.0
1.0,shanghai,4.0,68.0,1.7917595,0.0,0.0,4624.0,1.0,9.0,10.727685,0.0,0.0,14.0,10.819798,4.0
1.0,shanghai,4.0,68.0,0.0,0.0,1.0,4624.0,1.0,9.0,10.819798,0.0,0.0,14.0,12.42922,3.0
1.0,shanghai,4.0,48.0,0.0,0.0,1.0,2304.0,1.0,15.0,0.0,0.0,0.0,14.0,12.206078,5.0
1.0,shanghai,4.0,34.0,0.0,0.0,1.0,1156.0,1.0,12.0,,0.0,0.0,14.0,,4.0
1.0,shanghai,4.0,48.0,4.2626801,0.0,1.0,2304.0,0.0,6.0,11.512936,1.0,0.0,14.0,11.512936,5.0
1.0,shanghai,4.0,38.0,0.0,0.0,0.0,1444.0,0.0,16.0,11.695255,0.0,1.0,14.0,12.254868,4.0
1.0,shanghai,5.0,56.0,0.0,0.0,0.0,3136.0,1.0,15.0,10.757924,0.0,0.0,14.0,10.757924,4.0
1.0,shanghai,3.0,66.0,0.0,0.0,0.0,4356.0,0.0,12.0,10.59666,0.0,0.0,14.0,11.289794,4.0
1.0,shanghai,3.0,66.0,0.0,0.0,1.0,4356.0,0.0,9.0,10.799596,0.0,0.0,14.0,12.706851,4.0
1.0,shanghai,4.0,84.0,0.0,0.0,0.0,7056.0,1.0,0.0,9.2873936,0.0,0.0,14.0,9.2873936,3.0
1.0,shanghai,2.0,84.0,0.0,0.0,0.0,7056.0,1.0,2.0,10.59666,0.0,0.0,14.0,11.407576,4.0
1.0,shanghai,4.0,25.0,0.0,0.0,0.0,625.0,0.0,16.0,,1.0,0.0,14.0,11.472114,4.0
1.0,shanghai,3.0,79.0,0.0,0.0,1.0,6241.0,0.0,15.0,11.178864,0.0,1.0,14.0,11.695255,3.0
1.0,shanghai,4.0,38.0,0.0,0.0,1.0,1444.0,0.0,15.0,11.512936,0.0,0.0,14.0,12.206078,5.0
1.0,shanghai,4.0,73.0,3.9318256,0.0,1.0,5329.0,1.0,9.0,10.819798,0.0,0.0,14.0,11.695255,4.0
1.0,shanghai,4.0,71.0,0.0,0.0,1.0,5041.0,1.0,9.0,10.762171,0.0,0.0,14.0,11.472114,3.0
1.0,shanghai,3.0,35.0,0.0,0.0,1.0,1225.0,0.0,12.0,10.819798,0.0,0.0,14.0,11.512936,4.0
1.0,shanghai,2.0,74.0,0.0,0.0,1.0,5476.0,1.0,12.0,10.59666,0.0,1.0,14.0,11.289794,3.0
1.0,shanghai,4.0,76.0,0.0,0.0,1.0,5776.0,0.0,6.0,10.819798,0.0,1.0,14.0,11.156265,3.0
1.0,shanghai,5.0,88.0,0.0,0.0,1.0,7744.0,0.0,6.0,10.851296,0.0,0.0,14.0,11.472114,3.0
1.0,shanghai,4.0,67.0,0.0,0.0,1.0,4489.0,0.0,9.0,10.59666,0.0,0.0,14.0,11.849405,4.0
1.0,shanghai,4.0,56.0,0.0,0.0,1.0,3136.0,0.0,12.0,10.308986,0.0,0.0,14.0,11.512936,3.0
1.0,shanghai,4.0,56.0,0.0,0.0,1.0,3136.0,1.0,12.0,10.71444,0.0,0.0,14.0,10.915107,1.0
1.0,shanghai,5.0,27.0,0.0,0.0,1.0,729.0,1.0,16.0,11.156265,1.0,0.0,14.0,11.918397,5.0
1.0,shanghai,3.0,65.0,0.0,0.0,1.0,4225.0,1.0,9.0,10.778977,0.0,0.0,14.0,11.338584,2.0
1.0,shanghai,5.0,60.0,0.0,0.0,1.0,3600.0,1.0,9.0,10.691968,0.0,0.0,14.0,11.289794,4.0
1.0,shanghai,4.0,64.0,0.0,0.0,1.0,4096.0,0.0,12.0,11.002116,0.0,0.0,14.0,12.100718,5.0
1.0,shanghai,4.0,67.0,0.0,0.0,1.0,4489.0,1.0,9.0,9.392745,1.0,1.0,14.0,,4.0
1.0,shanghai,4.0,75.0,0.0,0.0,1.0,5625.0,0.0,9.0,10.819798,0.0,0.0,14.0,11.695255,4.0
1.0,shanghai,5.0,60.0,0.0,0.0,1.0,3600.0,1.0,12.0,10.59666,0.0,0.0,14.0,12.206078,3.0
1.0,shanghai,2.0,44.0,2.3978953,0.0,0.0,1936.0,1.0,9.0,0.0,0.0,0.0,14.0,10.275085,2.0
1.0,shanghai,4.0,41.0,1.3862944,0.0,1.0,1681.0,1.0,15.0,10.819798,0.0,1.0,14.0,11.512936,4.0
1.0,shanghai,4.0,49.0,0.0,0.0,1.0,2401.0,1.0,12.0,11.184435,0.0,0.0,14.0,,4.0
1.0,shanghai,4.0,58.0,0.0,0.0,1.0,3364.0,1.0,9.0,,0.0,0.0,14.0,,4.0
1.0,shanghai,3.0,64.0,0.0,0.0,1.0,4096.0,1.0,9.0,10.308986,0.0,0.0,14.0,11.156265,3.0
1.0,shanghai,3.0,27.0,0.0,0.0,1.0,729.0,1.0,12.0,11.002116,1.0,0.0,14.0,11.512936,4.0
1.0,shanghai,5.0,53.0,4.6151204,0.0,1.0,2809.0,0.0,12.0,12.42922,1.0,0.0,14.0,13.017005,4.0
1.0,shanghai,4.0,31.0,0.0,0.0,0.0,961.0,1.0,16.0,12.611541,0.0,0.0,14.0,12.611541,5.0
1.0,shanghai,3.0,31.0,4.6151204,0.0,1.0,961.0,1.0,9.0,0.0,0.0,0.0,14.0,11.184435,4.0
1.0,shanghai,4.0,81.0,3.9318256,0.0,1.0,6561.0,0.0,0.0,7.6014023,0.0,0.0,14.0,10.778977,2.0
1.0,shanghai,4.0,65.0,0.0,0.0,1.0,4225.0,0.0,9.0,10.827766,0.0,0.0,14.0,11.264477,4.0
1.0,shanghai,4.0,74.0,0.0,0.0,1.0,5476.0,0.0,9.0,11.115443,0.0,1.0,14.0,11.843675,4.0
1.0,shanghai,4.0,68.0,0.0,0.0,0.0,4624.0,0.0,15.0,11.082158,0.0,1.0,14.0,12.206078,5.0
1.0,shanghai,5.0,37.0,0.0,0.0,1.0,1369.0,1.0,15.0,11.002116,0.0,0.0,14.0,12.206078,5.0
1.0,shanghai,3.0,39.0,0.0,0.0,1.0,1521.0,1.0,16.0,11.695255,0.0,1.0,14.0,12.206078,4.0
1.0,shanghai,4.0,50.0,0.0,0.0,0.0,2500.0,0.0,15.0,11.512936,0.0,0.0,14.0,11.512936,4.0
1.0,shanghai,4.0,63.0,1.0986123,0.0,1.0,3969.0,1.0,9.0,10.645449,0.0,1.0,14.0,11.472114,3.0
1.0,shanghai,4.0,64.0,0.0,0.0,1.0,4096.0,1.0,9.0,10.308986,0.0,0.0,14.0,11.338584,3.0
1.0,shanghai,3.0,49.0,0.0,0.0,0.0,2401.0,0.0,6.0,10.296914,0.0,0.0,14.0,10.181157,2.0
1.0,shanghai,5.0,32.0,0.0,0.0,1.0,1024.0,0.0,12.0,11.156265,1.0,0.0,14.0,11.849405,5.0
1.0,shanghai,4.0,77.0,0.0,0.0,1.0,5929.0,0.0,9.0,10.778977,0.0,0.0,14.0,11.472114,3.0
1.0,shanghai,4.0,45.0,0.0,1.0,1.0,2025.0,0.0,16.0,12.100718,0.0,0.0,14.0,12.611541,4.0
1.0,shanghai,4.0,67.0,0.0,0.0,1.0,4489.0,1.0,12.0,10.59666,0.0,1.0,14.0,11.289794,3.0
1.0,shanghai,4.0,72.0,0.0,0.0,0.0,5184.0,1.0,9.0,10.491302,0.0,0.0,14.0,10.491302,2.0
1.0,shanghai,4.0,31.0,0.0,0.0,1.0,961.0,1.0,9.0,10.308986,1.0,0.0,14.0,11.918397,5.0
1.0,shanghai,5.0,70.0,0.0,0.0,1.0,4900.0,1.0,15.0,11.156265,0.0,1.0,14.0,11.695255,4.0
1.0,shanghai,4.0,55.0,0.0,0.0,1.0,3025.0,1.0,2.0,10.126671,0.0,0.0,14.0,11.736077,2.0
1.0,shanghai,2.0,72.0,0.0,0.0,0.0,5184.0,1.0,16.0,10.819798,0.0,0.0,14.0,10.819798,3.0
1.0,shanghai,5.0,29.0,0.0,0.0,1.0,841.0,1.0,19.0,11.289794,0.0,1.0,14.0,,4.0
1.0,shanghai,4.0,66.0,0.0,0.0,0.0,4356.0,1.0,9.0,10.308986,0.0,0.0,14.0,10.545368,3.0
1.0,shanghai,4.0,67.0,0.0,0.0,1.0,4489.0,0.0,9.0,11.002116,0.0,1.0,14.0,11.512936,4.0
1.0,shanghai,4.0,36.0,0.0,0.0,0.0,1296.0,0.0,16.0,11.695255,0.0,1.0,14.0,11.695255,5.0
1.0,shanghai,5.0,60.0,0.0,0.0,1.0,3600.0,1.0,9.0,10.59666,0.0,0.0,14.0,11.695255,5.0
1.0,shanghai,4.0,30.0,4.6151204,0.0,1.0,900.0,1.0,15.0,11.512936,0.0,0.0,14.0,12.206078,4.0
1.0,shanghai,5.0,26.0,0.0,0.0,0.0,676.0,1.0,16.0,11.918397,0.0,0.0,14.0,11.918397,5.0
1.0,shanghai,4.0,69.0,1.2527629,0.0,1.0,4761.0,1.0,9.0,10.134639,0.0,0.0,14.0,11.002116,2.0
1.0,shanghai,5.0,55.0,0.0,0.0,1.0,3025.0,1.0,12.0,10.308986,0.0,0.0,14.0,11.512936,3.0
1.0,shanghai,4.0,57.0,0.0,0.0,1.0,3249.0,0.0,16.0,10.463132,0.0,0.0,14.0,11.156265,4.0
1.0,shanghai,2.0,63.0,0.0,0.0,0.0,3969.0,0.0,9.0,9.2104406,0.0,0.0,14.0,9.2104406,3.0
1.0,shanghai,4.0,46.0,0.0,0.0,1.0,2116.0,1.0,15.0,11.849405,0.0,0.0,14.0,11.849405,3.0
1.0,shanghai,5.0,69.0,0.0,0.0,1.0,4761.0,1.0,12.0,10.819798,0.0,0.0,14.0,11.695255,3.0
1.0,shanghai,4.0,59.0,0.0,0.0,1.0,3481.0,1.0,12.0,10.778977,0.0,0.0,14.0,12.611541,5.0
1.0,shanghai,3.0,44.0,1.7917595,0.0,0.0,1936.0,1.0,12.0,11.156265,0.0,0.0,14.0,11.849405,2.0
1.0,shanghai,3.0,63.0,0.0,0.0,1.0,3969.0,0.0,12.0,10.915107,0.0,0.0,14.0,11.512936,3.0
1.0,shanghai,4.0,70.0,2.3978953,0.0,1.0,4900.0,1.0,9.0,10.778977,0.0,0.0,14.0,10.778977,4.0
1.0,shanghai,5.0,72.0,0.0,0.0,0.0,5184.0,0.0,12.0,10.819798,0.0,0.0,14.0,10.819798,4.0
1.0,shanghai,4.0,59.0,0.0,0.0,1.0,3481.0,1.0,9.0,10.085851,0.0,0.0,14.0,10.778977,4.0
1.0,shanghai,4.0,47.0,3.0445225,0.0,0.0,2209.0,0.0,0.0,12.206078,0.0,0.0,14.0,12.206078,4.0
1.0,shanghai,5.0,69.0,0.0,0.0,0.0,4761.0,0.0,6.0,10.59666,0.0,0.0,14.0,10.59666,3.0
1.0,shanghai,4.0,64.0,0.0,0.0,1.0,4096.0,1.0,9.0,10.308986,0.0,0.0,14.0,11.002116,4.0
1.0,shanghai,4.0,69.0,0.0,0.0,1.0,4761.0,1.0,9.0,10.59666,0.0,0.0,14.0,11.512936,2.0
1.0,shanghai,2.0,48.0,0.0,0.0,0.0,2304.0,0.0,12.0,10.239996,0.0,0.0,14.0,11.097425,2.0
1.0,shanghai,5.0,32.0,0.0,0.0,0.0,1024.0,1.0,16.0,11.289794,0.0,0.0,14.0,12.206078,5.0
1.0,shanghai,2.0,77.0,0.0,0.0,0.0,5929.0,1.0,0.0,10.616462,0.0,0.0,14.0,10.616462,2.0
1.0,shanghai,4.0,27.0,0.0,0.0,1.0,729.0,0.0,16.0,11.918397,0.0,0.0,14.0,12.765692,5.0
1.0,shanghai,4.0,60.0,0.0,0.0,1.0,3600.0,1.0,15.0,10.71444,0.0,0.0,14.0,11.512936,3.0
1.0,shanghai,3.0,65.0,0.0,0.0,1.0,4225.0,1.0,9.0,,0.0,0.0,14.0,,3.0
1.0,shanghai,5.0,70.0,0.0,0.0,0.0,4900.0,1.0,0.0,10.59666,0.0,0.0,14.0,10.59666,4.0
1.0,shanghai,5.0,23.0,0.0,0.0,0.0,529.0,0.0,9.0,12.206078,0.0,0.0,14.0,12.206078,3.0
1.0,shanghai,4.0,56.0,4.6151204,0.0,1.0,3136.0,1.0,15.0,10.778977,0.0,0.0,14.0,11.407576,2.0
1.0,shanghai,4.0,82.0,0.0,0.0,0.0,6724.0,1.0,0.0,10.308986,0.0,1.0,14.0,10.308986,3.0
1.0,shanghai,2.0,33.0,0.0,0.0,0.0,1089.0,1.0,12.0,10.819798,0.0,0.0,14.0,11.289794,3.0
1.0,shanghai,5.0,87.0,0.0,0.0,0.0,7569.0,1.0,0.0,10.59666,0.0,0.0,14.0,10.59666,3.0
1.0,shanghai,2.0,66.0,0.0,0.0,1.0,4356.0,1.0,9.0,10.59666,0.0,1.0,14.0,11.156265,3.0
1.0,shanghai,4.0,46.0,0.0,0.0,0.0,2116.0,0.0,12.0,11.002116,0.0,0.0,14.0,11.695255,5.0
1.0,shanghai,5.0,67.0,0.0,0.0,1.0,4489.0,1.0,12.0,10.645449,0.0,0.0,14.0,11.407576,3.0
1.0,shanghai,3.0,63.0,0.0,0.0,0.0,3969.0,1.0,9.0,10.308986,0.0,0.0,14.0,10.308986,4.0
1.0,shanghai,3.0,64.0,2.3978953,0.0,1.0,4096.0,0.0,12.0,11.002116,0.0,0.0,14.0,11.512936,3.0
1.0,shanghai,4.0,25.0,3.4339871,0.0,0.0,625.0,0.0,15.0,10.819798,1.0,0.0,14.0,11.512936,4.0
1.0,shanghai,3.0,49.0,0.0,0.0,0.0,2401.0,0.0,15.0,11.695255,0.0,0.0,14.0,11.695255,3.0
1.0,shanghai,5.0,59.0,0.0,0.0,1.0,3481.0,1.0,12.0,10.701017,0.0,0.0,14.0,11.775297,5.0
1.0,shanghai,4.0,68.0,0.0,0.0,1.0,4624.0,1.0,12.0,,0.0,0.0,14.0,11.512936,3.0
1.0,shanghai,5.0,53.0,0.0,0.0,1.0,2809.0,1.0,6.0,10.018645,0.0,0.0,14.0,11.512936,3.0
1.0,shanghai,4.0,60.0,0.0,0.0,1.0,3600.0,1.0,9.0,10.819798,0.0,0.0,14.0,11.512936,3.0
1.0,shanghai,4.0,87.0,0.0,0.0,0.0,7569.0,1.0,6.0,10.778977,0.0,0.0,14.0,10.778977,3.0
1.0,shanghai,5.0,64.0,0.0,0.0,1.0,4096.0,0.0,15.0,11.289794,0.0,1.0,14.0,11.695255,4.0
1.0,shanghai,4.0,35.0,0.0,0.0,1.0,1225.0,0.0,16.0,12.206078,0.0,0.0,14.0,12.611541,5.0
1.0,shanghai,4.0,66.0,2.3978953,0.0,1.0,4356.0,1.0,9.0,9.9035378,0.0,0.0,14.0,10.59666,4.0
1.0,shanghai,5.0,39.0,0.0,0.0,0.0,1521.0,1.0,16.0,11.407576,0.0,0.0,14.0,11.982935,4.0
1.0,shanghai,5.0,55.0,0.0,0.0,1.0,3025.0,1.0,16.0,11.225257,0.0,1.0,14.0,12.100718,5.0
1.0,shanghai,4.0,77.0,0.0,0.0,0.0,5929.0,1.0,2.0,10.555839,0.0,0.0,14.0,11.918397,5.0
1.0,shanghai,3.0,77.0,0.0,0.0,0.0,5929.0,0.0,16.0,10.819798,0.0,1.0,14.0,11.512936,5.0
1.0,shanghai,4.0,26.0,0.0,0.0,0.0,676.0,1.0,19.0,11.472114,1.0,1.0,14.0,11.512936,4.0
1.0,shanghai,4.0,75.0,0.0,0.0,1.0,5625.0,1.0,15.0,10.819798,0.0,1.0,14.0,11.512936,3.0
1.0,shanghai,4.0,71.0,0.0,0.0,0.0,5041.0,1.0,12.0,10.59666,0.0,1.0,14.0,10.59666,2.0
1.0,shanghai,2.0,38.0,3.4339871,0.0,0.0,1444.0,0.0,19.0,,1.0,1.0,14.0,,5.0
1.0,shanghai,5.0,70.0,1.3862944,0.0,1.0,4900.0,1.0,0.0,0.0,1.0,0.0,14.0,9.9035378,5.0
1.0,shanghai,4.0,31.0,0.0,0.0,1.0,961.0,1.0,15.0,10.933125,0.0,0.0,14.0,11.512936,5.0
1.0,shanghai,4.0,38.0,0.0,0.0,1.0,1444.0,1.0,16.0,11.512936,0.0,0.0,14.0,,4.0
1.0,shanghai,5.0,76.0,2.3978953,0.0,0.0,5776.0,0.0,6.0,10.819798,0.0,0.0,14.0,,3.0
1.0,shanghai,4.0,77.0,1.7917595,0.0,1.0,5929.0,0.0,16.0,11.002116,0.0,0.0,14.0,11.643963,4.0
1.0,shanghai,2.0,74.0,0.0,0.0,0.0,5476.0,1.0,12.0,10.085851,0.0,0.0,14.0,10.085851,2.0
1.0,shanghai,5.0,27.0,5.3033047,0.0,0.0,729.0,1.0,16.0,11.350418,0.0,0.0,14.0,12.301388,5.0
1.0,shanghai,4.0,66.0,0.0,0.0,1.0,4356.0,1.0,9.0,10.491302,0.0,0.0,14.0,11.407576,4.0
1.0,shanghai,4.0,31.0,0.0,0.0,1.0,961.0,0.0,9.0,10.819798,1.0,0.0,14.0,10.819798,4.0
1.0,shanghai,4.0,45.0,0.69314718,0.0,1.0,2025.0,1.0,9.0,10.463132,1.0,0.0,14.0,11.156265,3.0
1.0,shanghai,4.0,78.0,2.3978953,0.0,1.0,6084.0,1.0,16.0,11.156265,0.0,0.0,14.0,12.100718,3.0
1.0,shanghai,4.0,56.0,0.0,0.0,1.0,3136.0,1.0,9.0,10.778977,0.0,0.0,14.0,11.407576,4.0
1.0,shanghai,5.0,64.0,0.0,0.0,0.0,4096.0,0.0,9.0,11.115443,0.0,0.0,14.0,11.115443,3.0
1.0,shanghai,3.0,26.0,3.0445225,0.0,0.0,676.0,0.0,0.0,10.308986,0.0,0.0,14.0,10.308986,4.0
1.0,shanghai,4.0,61.0,0.0,0.0,1.0,3721.0,0.0,15.0,10.268166,0.0,1.0,14.0,11.394154,4.0
1.0,shanghai,4.0,60.0,0.0,0.0,0.0,3600.0,1.0,9.0,10.819798,0.0,0.0,14.0,10.819798,4.0
1.0,shanghai,5.0,73.0,0.0,0.0,0.0,5329.0,1.0,16.0,10.491302,0.0,0.0,14.0,10.491302,3.0
1.0,shanghai,3.0,67.0,3.9318256,0.0,0.0,4489.0,0.0,9.0,10.819798,0.0,0.0,14.0,10.819798,3.0
1.0,shanghai,4.0,77.0,0.0,0.0,1.0,5929.0,0.0,9.0,11.002116,0.0,0.0,14.0,11.512936,2.0
1.0,shanghai,4.0,50.0,0.0,0.0,1.0,2500.0,0.0,12.0,11.002116,0.0,0.0,14.0,11.512936,4.0
1.0,shanghai,4.0,61.0,0.0,0.0,0.0,3721.0,1.0,15.0,10.778977,0.0,0.0,14.0,10.819798,4.0
1.0,shanghai,4.0,62.0,0.0,0.0,1.0,3844.0,1.0,0.0,10.085851,0.0,0.0,14.0,10.819798,3.0
1.0,shanghai,4.0,23.0,0.0,0.0,0.0,529.0,0.0,16.0,11.156265,0.0,0.0,14.0,13.304687,4.0
1.0,shanghai,4.0,61.0,0.0,0.0,1.0,3721.0,1.0,12.0,10.701017,0.0,0.0,14.0,13.736468,3.0
1.0,shanghai,4.0,32.0,1.7917595,0.0,1.0,1024.0,1.0,12.0,10.819798,0.0,0.0,14.0,10.819798,4.0
1.0,shanghai,4.0,47.0,0.0,0.0,1.0,2209.0,0.0,12.0,11.002116,0.0,0.0,14.0,11.289794,3.0
1.0,shanghai,5.0,66.0,0.0,0.0,0.0,4356.0,0.0,0.0,10.308986,0.0,0.0,14.0,,2.0
1.0,shanghai,4.0,49.0,0.0,0.0,1.0,2401.0,1.0,9.0,11.002116,0.0,0.0,14.0,11.002116,3.0
1.0,shanghai,3.0,27.0,0.0,0.0,0.0,729.0,0.0,16.0,11.002116,0.0,0.0,14.0,11.695255,4.0
1.0,shanghai,5.0,25.0,0.0,0.0,1.0,625.0,0.0,12.0,11.512936,1.0,0.0,14.0,12.206078,5.0
1.0,shanghai,4.0,72.0,0.0,0.0,0.0,5184.0,0.0,9.0,11.002116,0.0,1.0,14.0,11.002116,2.0
1.0,shanghai,4.0,72.0,0.0,0.0,1.0,5184.0,1.0,15.0,11.512936,0.0,0.0,14.0,11.918397,4.0
1.0,shanghai,4.0,62.0,0.0,0.0,1.0,3844.0,0.0,12.0,11.002116,0.0,0.0,14.0,11.775297,4.0
1.0,shanghai,5.0,47.0,0.0,0.0,1.0,2209.0,0.0,16.0,12.100718,0.0,1.0,14.0,12.42922,4.0
1.0,shanghai,3.0,30.0,0.0,0.0,1.0,900.0,1.0,16.0,10.819798,0.0,0.0,14.0,12.206078,5.0
1.0,shanghai,3.0,66.0,0.0,0.0,1.0,4356.0,1.0,6.0,10.71444,0.0,0.0,14.0,11.512936,4.0
1.0,shanghai,4.0,39.0,0.0,0.0,1.0,1521.0,1.0,16.0,11.982935,0.0,0.0,14.0,12.899222,5.0
1.0,shanghai,5.0,61.0,0.0,0.0,1.0,3721.0,1.0,12.0,10.645449,0.0,0.0,14.0,11.461642,3.0
1.0,shanghai,4.0,39.0,0.0,0.0,0.0,1521.0,0.0,9.0,10.819798,1.0,0.0,14.0,11.289794,4.0
1.0,shanghai,4.0,72.0,0.0,0.0,1.0,5184.0,0.0,9.0,10.134639,0.0,0.0,14.0,11.608245,4.0
1.0,shanghai,4.0,23.0,3.713572,0.0,0.0,529.0,1.0,15.0,11.002116,0.0,0.0,14.0,12.206078,4.0
1.0,shanghai,4.0,80.0,0.0,0.0,0.0,6400.0,1.0,0.0,10.71444,0.0,0.0,14.0,,3.0
1.0,shanghai,5.0,31.0,0.0,0.0,1.0,961.0,0.0,12.0,11.002116,0.0,1.0,14.0,11.289794,5.0
1.0,shanghai,4.0,84.0,0.0,0.0,1.0,7056.0,1.0,0.0,9.2104406,1.0,0.0,14.0,11.184435,2.0
1.0,shanghai,3.0,19.0,0.0,0.0,0.0,361.0,1.0,16.0,6.9087548,0.0,0.0,14.0,11.918397,4.0
1.0,shanghai,4.0,29.0,0.0,0.0,1.0,841.0,1.0,15.0,11.002116,0.0,0.0,14.0,12.100718,3.0
1.0,shanghai,5.0,27.0,3.4339871,0.0,0.0,729.0,0.0,19.0,11.512936,0.0,0.0,14.0,11.512936,5.0
1.0,shanghai,4.0,60.0,0.0,0.0,0.0,3600.0,0.0,6.0,11.002116,0.0,0.0,14.0,10.59666,4.0
1.0,shanghai,4.0,54.0,0.0,0.0,1.0,2916.0,0.0,9.0,10.645449,0.0,0.0,14.0,11.695255,3.0
1.0,shanghai,4.0,29.0,4.6151204,0.0,0.0,841.0,0.0,16.0,11.512936,0.0,0.0,14.0,12.04356,5.0
1.0,shanghai,4.0,70.0,4.6151204,0.0,1.0,4900.0,1.0,12.0,11.002116,0.0,0.0,14.0,11.608245,4.0
1.0,shanghai,4.0,56.0,0.0,0.0,1.0,3136.0,0.0,12.0,10.819798,0.0,0.0,14.0,12.42922,4.0
1.0,shanghai,4.0,67.0,0.0,0.0,1.0,4489.0,1.0,9.0,10.463132,0.0,0.0,14.0,11.407576,2.0
1.0,shanghai,2.0,57.0,0.0,0.0,1.0,3249.0,1.0,9.0,10.59666,0.0,0.0,14.0,11.156265,3.0
1.0,shanghai,3.0,21.0,0.0,0.0,0.0,441.0,0.0,15.0,,0.0,0.0,14.0,11.512936,5.0
1.0,shanghai,5.0,57.0,0.0,0.0,1.0,3249.0,1.0,12.0,10.491302,0.0,0.0,14.0,10.491302,5.0
1.0,shanghai,5.0,64.0,0.0,0.0,1.0,4096.0,0.0,9.0,10.308986,0.0,0.0,14.0,11.002116,3.0
1.0,shanghai,4.0,48.0,0.0,0.0,1.0,2304.0,0.0,12.0,,0.0,0.0,14.0,,4.0
1.0,shanghai,5.0,21.0,0.0,0.0,0.0,441.0,0.0,16.0,11.512936,0.0,0.0,14.0,,5.0
1.0,shanghai,5.0,87.0,0.0,0.0,0.0,7569.0,1.0,2.0,10.59666,0.0,0.0,14.0,10.59666,4.0
1.0,shanghai,3.0,37.0,0.0,0.0,1.0,1369.0,0.0,19.0,12.206078,0.0,0.0,14.0,12.611541,4.0
1.0,shanghai,3.0,63.0,0.0,0.0,1.0,3969.0,0.0,9.0,13.304687,0.0,0.0,14.0,11.289794,2.0
1.0,shanghai,4.0,30.0,0.0,0.0,0.0,900.0,0.0,16.0,12.611541,0.0,1.0,14.0,13.122365,4.0
1.0,shanghai,3.0,30.0,3.0445225,0.0,0.0,900.0,1.0,16.0,0.0,0.0,0.0,14.0,12.206078,3.0
1.0,shanghai,4.0,46.0,0.0,0.0,0.0,2116.0,0.0,15.0,11.695255,0.0,0.0,14.0,11.695255,4.0
1.0,shanghai,4.0,74.0,0.0,0.0,1.0,5476.0,0.0,12.0,11.184435,0.0,0.0,14.0,11.608245,3.0
1.0,shanghai,4.0,22.0,0.0,0.0,0.0,484.0,0.0,16.0,,0.0,0.0,14.0,11.338584,4.0
1.0,shanghai,4.0,66.0,0.0,0.0,1.0,4356.0,1.0,0.0,10.085851,0.0,0.0,14.0,10.819798,4.0
1.0,shanghai,5.0,49.0,2.5649493,0.0,0.0,2401.0,1.0,16.0,11.289794,0.0,0.0,14.0,11.289794,4.0
1.0,shanghai,5.0,72.0,0.0,0.0,1.0,5184.0,1.0,6.0,10.645449,0.0,0.0,14.0,11.338584,4.0
1.0,shanghai,4.0,24.0,0.0,0.0,0.0,576.0,1.0,16.0,,0.0,0.0,14.0,,4.0
1.0,shanghai,4.0,53.0,0.0,0.0,1.0,2809.0,1.0,0.0,10.308986,0.0,0.0,14.0,11.156265,3.0
1.0,shanghai,4.0,68.0,0.0,0.0,1.0,4624.0,0.0,12.0,10.59666,0.0,0.0,14.0,9.392745,5.0
1.0,shanghai,4.0,86.0,2.3978953,0.0,0.0,7396.0,1.0,6.0,8.2943001,0.0,0.0,14.0,11.407576,4.0
1.0,shanghai,4.0,39.0,0.0,0.0,0.0,1521.0,1.0,15.0,11.512936,0.0,0.0,14.0,12.206078,4.0
1.0,shanghai,5.0,68.0,0.0,0.0,1.0,4624.0,1.0,9.0,10.59666,0.0,0.0,14.0,11.695255,3.0
1.0,shanghai,4.0,37.0,0.0,0.0,0.0,1369.0,1.0,15.0,,0.0,0.0,14.0,,4.0
1.0,shanghai,5.0,57.0,0.0,0.0,1.0,3249.0,1.0,12.0,10.819798,0.0,0.0,14.0,11.608245,5.0
1.0,shanghai,5.0,36.0,0.0,0.0,1.0,1296.0,0.0,12.0,11.512936,1.0,0.0,14.0,12.206078,5.0
1.0,shanghai,5.0,51.0,0.0,0.0,1.0,2601.0,1.0,6.0,0.0,0.0,0.0,14.0,11.512936,3.0
1.0,shanghai,4.0,37.0,0.0,0.0,1.0,1369.0,1.0,15.0,12.206078,0.0,0.0,14.0,12.611541,4.0
1.0,shanghai,5.0,64.0,0.0,0.0,1.0,4096.0,1.0,15.0,11.512936,0.0,1.0,14.0,12.899222,5.0
1.0,shanghai,4.0,59.0,0.0,0.0,0.0,3481.0,1.0,12.0,10.59666,0.0,0.0,14.0,10.59666,4.0
1.0,shanghai,3.0,60.0,0.0,0.0,1.0,3600.0,1.0,12.0,10.308986,0.0,1.0,14.0,11.984184,3.0
1.0,shanghai,5.0,38.0,0.0,0.0,1.0,1444.0,0.0,16.0,11.512936,0.0,1.0,14.0,12.42922,4.0
1.0,shanghai,4.0,56.0,0.0,0.0,1.0,3136.0,1.0,9.0,,1.0,0.0,14.0,,4.0
1.0,shanghai,4.0,29.0,0.0,0.0,0.0,841.0,0.0,15.0,9.9035378,0.0,0.0,14.0,,5.0
1.0,shanghai,4.0,62.0,0.0,0.0,1.0,3844.0,0.0,12.0,10.819798,0.0,0.0,14.0,10.59666,3.0
1.0,shanghai,4.0,62.0,0.0,0.0,1.0,3844.0,1.0,12.0,10.59666,0.0,0.0,14.0,,3.0
1.0,shanghai,5.0,66.0,2.3978953,0.0,1.0,4356.0,1.0,12.0,11.366755,0.0,1.0,14.0,11.9382,4.0
1.0,shanghai,4.0,67.0,0.0,0.0,1.0,4489.0,0.0,9.0,10.819798,0.0,0.0,14.0,11.608245,2.0
1.0,shanghai,5.0,86.0,0.0,0.0,0.0,7396.0,1.0,0.0,10.59666,0.0,0.0,14.0,10.59666,3.0
1.0,shanghai,4.0,60.0,0.0,0.0,1.0,3600.0,0.0,9.0,10.819798,0.0,0.0,14.0,11.512936,3.0
1.0,shanghai,4.0,34.0,0.0,0.0,1.0,1156.0,0.0,16.0,11.775297,0.0,0.0,14.0,12.611541,4.0
1.0,shanghai,4.0,61.0,0.0,0.0,1.0,3721.0,0.0,9.0,10.225607,0.0,0.0,14.0,10.778977,3.0
1.0,shanghai,4.0,62.0,0.0,0.0,1.0,3844.0,1.0,12.0,11.156265,0.0,0.0,14.0,11.156265,5.0
1.0,shanghai,4.0,82.0,0.0,0.0,1.0,6724.0,0.0,15.0,11.156265,0.0,1.0,14.0,11.156265,4.0
1.0,shanghai,4.0,27.0,0.0,0.0,0.0,729.0,1.0,16.0,11.184435,0.0,0.0,14.0,12.031725,5.0
1.0,shanghai,3.0,59.0,0.0,0.0,1.0,3481.0,0.0,12.0,11.512936,0.0,0.0,14.0,11.775297,4.0
1.0,shanghai,4.0,74.0,0.0,0.0,1.0,5476.0,0.0,12.0,9.2104406,0.0,0.0,14.0,10.819798,4.0
1.0,shanghai,3.0,68.0,0.0,0.0,0.0,4624.0,1.0,15.0,10.645449,0.0,0.0,14.0,10.645449,2.0
1.0,shanghai,4.0,73.0,0.0,0.0,1.0,5329.0,0.0,9.0,10.59666,0.0,0.0,14.0,11.289794,2.0
1.0,shanghai,3.0,72.0,0.0,0.0,0.0,5184.0,1.0,12.0,10.463132,0.0,0.0,14.0,10.463132,4.0
1.0,shanghai,4.0,21.0,0.0,0.0,0.0,441.0,0.0,16.0,0.0,0.0,0.0,14.0,10.819798,4.0
1.0,shanghai,4.0,68.0,4.6151204,0.0,0.0,4624.0,1.0,9.0,10.491302,0.0,0.0,14.0,10.491302,3.0
1.0,shanghai,4.0,21.0,0.0,0.0,0.0,441.0,0.0,15.0,10.645449,0.0,0.0,14.0,11.512936,3.0
1.0,shanghai,4.0,74.0,0.0,0.0,1.0,5476.0,0.0,16.0,11.002116,0.0,0.0,14.0,11.849405,4.0
1.0,shanghai,4.0,59.0,0.0,0.0,1.0,3481.0,1.0,9.0,10.085851,0.0,0.0,14.0,10.819798,4.0
1.0,shanghai,4.0,64.0,0.0,0.0,1.0,4096.0,0.0,12.0,10.59666,0.0,0.0,14.0,11.289794,4.0
1.0,shanghai,3.0,19.0,0.0,0.0,0.0,361.0,1.0,16.0,8.0067005,0.0,0.0,14.0,11.512936,4.0
1.0,shanghai,4.0,82.0,0.0,0.0,1.0,6724.0,1.0,9.0,10.491302,0.0,1.0,14.0,11.695255,3.0
1.0,shanghai,5.0,58.0,4.1108737,0.0,1.0,3364.0,0.0,12.0,,0.0,0.0,14.0,,2.0
1.0,shanghai,4.0,35.0,0.0,0.0,1.0,1225.0,0.0,15.0,11.512936,0.0,0.0,14.0,12.206078,4.0
1.0,shanghai,3.0,74.0,2.7725887,0.0,0.0,5476.0,0.0,15.0,11.002116,0.0,0.0,14.0,11.002116,2.0
1.0,shanghai,2.0,54.0,0.0,0.0,0.0,2916.0,1.0,9.0,8.0067005,0.0,0.0,14.0,8.0067005,2.0
1.0,shanghai,4.0,63.0,0.0,0.0,1.0,3969.0,0.0,9.0,11.002116,0.0,0.0,14.0,11.472114,3.0
1.0,shanghai,4.0,63.0,0.0,0.0,1.0,3969.0,0.0,12.0,11.002116,0.0,0.0,14.0,,4.0
1.0,shanghai,5.0,34.0,5.0172796,0.0,1.0,1156.0,0.0,16.0,12.611541,0.0,0.0,14.0,12.611541,5.0
1.0,shanghai,4.0,43.0,0.0,0.0,1.0,1849.0,1.0,9.0,10.819798,0.0,0.0,14.0,11.918397,5.0
1.0,shanghai,3.0,45.0,0.0,0.0,1.0,2025.0,0.0,16.0,11.918397,0.0,1.0,14.0,12.04356,4.0
1.0,shanghai,4.0,55.0,0.0,0.0,1.0,3025.0,0.0,9.0,11.156265,0.0,1.0,14.0,11.407576,4.0
1.0,shanghai,4.0,35.0,0.0,0.0,1.0,1225.0,1.0,16.0,10.819798,0.0,0.0,14.0,12.611541,5.0
1.0,shanghai,5.0,86.0,2.7725887,0.0,1.0,7396.0,0.0,12.0,10.961295,0.0,1.0,14.0,12.031725,4.0
1.0,shanghai,4.0,62.0,0.0,0.0,0.0,3844.0,1.0,12.0,10.308986,0.0,0.0,14.0,10.308986,4.0
1.0,shanghai,3.0,42.0,0.0,0.0,1.0,1764.0,0.0,15.0,11.002116,0.0,0.0,14.0,11.512936,4.0
1.0,shanghai,3.0,78.0,0.0,0.0,0.0,6084.0,0.0,9.0,10.59666,0.0,0.0,14.0,10.59666,2.0
1.0,shanghai,5.0,26.0,0.0,0.0,1.0,676.0,0.0,6.0,12.206078,1.0,0.0,14.0,12.899222,4.0
1.0,shanghai,4.0,74.0,3.4339871,0.0,1.0,5476.0,0.0,12.0,10.819798,0.0,0.0,14.0,11.512936,2.0
1.0,shanghai,4.0,42.0,5.0172796,0.0,1.0,1764.0,1.0,9.0,,1.0,0.0,14.0,13.815512,4.0
1.0,shanghai,4.0,66.0,0.0,0.0,1.0,4356.0,1.0,9.0,10.59666,0.0,0.0,14.0,12.206078,4.0
1.0,shanghai,4.0,35.0,0.0,0.0,0.0,1225.0,0.0,15.0,,0.0,0.0,14.0,,2.0
1.0,shanghai,4.0,42.0,0.0,0.0,1.0,1764.0,1.0,9.0,9.9035378,1.0,0.0,14.0,11.002116,3.0
1.0,shanghai,4.0,58.0,0.0,0.0,1.0,3364.0,1.0,16.0,10.404293,0.0,0.0,14.0,12.206078,3.0
1.0,shanghai,4.0,88.0,2.3978953,0.0,0.0,7744.0,0.0,16.0,11.472114,0.0,0.0,14.0,11.472114,4.0
1.0,shanghai,4.0,62.0,0.0,0.0,1.0,3844.0,1.0,9.0,10.491302,0.0,0.0,14.0,11.184435,3.0
1.0,shanghai,4.0,24.0,0.0,0.0,0.0,576.0,1.0,15.0,10.59666,0.0,0.0,14.0,,3.0
1.0,shanghai,4.0,27.0,2.3978953,0.0,0.0,729.0,1.0,19.0,11.512936,0.0,1.0,14.0,12.206078,5.0
1.0,shanghai,4.0,40.0,0.0,0.0,0.0,1600.0,0.0,15.0,9.6158724,0.0,0.0,14.0,9.6158724,4.0
1.0,shanghai,5.0,33.0,0.0,0.0,1.0,1089.0,0.0,16.0,11.695255,0.0,0.0,14.0,12.388398,4.0
1.0,shanghai,4.0,90.0,0.0,0.0,0.0,8100.0,1.0,12.0,10.778977,0.0,1.0,14.0,10.778977,3.0
1.0,shanghai,5.0,72.0,4.6151204,0.0,0.0,5184.0,1.0,12.0,10.71444,0.0,0.0,14.0,10.71444,3.0
1.0,shanghai,4.0,46.0,0.0,0.0,1.0,2116.0,0.0,9.0,11.472114,0.0,0.0,14.0,11.957618,4.0
1.0,shanghai,2.0,53.0,0.0,0.0,0.0,2809.0,1.0,15.0,9.9035378,0.0,0.0,14.0,9.9035378,2.0
1.0,shanghai,4.0,64.0,0.0,0.0,1.0,4096.0,1.0,9.0,10.491302,0.0,0.0,14.0,11.184435,2.0
1.0,shanghai,4.0,70.0,0.0,0.0,1.0,4900.0,0.0,12.0,11.002116,0.0,0.0,14.0,11.589896,4.0
1.0,shanghai,4.0,57.0,0.0,0.0,0.0,3249.0,1.0,12.0,10.778977,0.0,0.0,14.0,11.512936,4.0
1.0,shanghai,4.0,26.0,0.0,0.0,0.0,676.0,0.0,15.0,11.002116,0.0,0.0,14.0,11.589896,3.0
1.0,shanghai,4.0,68.0,0.0,0.0,1.0,4624.0,0.0,12.0,11.002116,0.0,1.0,14.0,11.695255,5.0
1.0,shanghai,4.0,34.0,0.0,0.0,1.0,1156.0,1.0,16.0,,0.0,0.0,14.0,,4.0
1.0,shanghai,4.0,58.0,0.0,0.0,0.0,3364.0,0.0,9.0,10.268166,0.0,0.0,14.0,10.268166,4.0
1.0,shanghai,4.0,37.0,0.0,0.0,1.0,1369.0,0.0,12.0,10.819798,1.0,0.0,14.0,11.512936,5.0
1.0,shanghai,5.0,71.0,1.7917595,0.0,0.0,5041.0,1.0,9.0,11.289794,0.0,0.0,14.0,11.289794,2.0
1.0,shanghai,4.0,40.0,0.0,0.0,1.0,1600.0,1.0,9.0,10.645449,1.0,0.0,14.0,11.695255,4.0
1.0,shanghai,3.0,26.0,0.0,0.0,1.0,676.0,0.0,15.0,10.819798,0.0,0.0,14.0,10.819798,4.0
1.0,shanghai,4.0,26.0,5.7071104,0.0,1.0,676.0,1.0,9.0,10.491302,1.0,0.0,14.0,11.289794,3.0
1.0,shanghai,4.0,60.0,0.0,0.0,1.0,3600.0,0.0,12.0,10.915107,0.0,0.0,14.0,12.206078,3.0
1.0,shanghai,4.0,63.0,0.0,0.0,1.0,3969.0,1.0,9.0,11.018645,0.0,0.0,14.0,11.695255,3.0
1.0,shanghai,4.0,48.0,0.0,0.0,1.0,2304.0,1.0,12.0,11.156265,0.0,0.0,14.0,12.206078,3.0
1.0,shanghai,4.0,65.0,0.0,0.0,1.0,4225.0,1.0,9.0,10.491302,0.0,0.0,14.0,,3.0
1.0,shanghai,5.0,59.0,0.0,0.0,1.0,3481.0,1.0,9.0,11.472114,0.0,0.0,14.0,11.472114,4.0
1.0,shanghai,4.0,42.0,3.9318256,0.0,0.0,1764.0,0.0,12.0,11.156265,0.0,0.0,14.0,11.775297,3.0
1.0,shanghai,4.0,69.0,0.0,0.0,1.0,4761.0,0.0,12.0,,0.0,1.0,14.0,11.472114,3.0
1.0,shanghai,3.0,35.0,0.0,0.0,1.0,1225.0,1.0,16.0,10.819798,0.0,0.0,14.0,12.04356,4.0
1.0,shanghai,4.0,62.0,0.0,0.0,1.0,3844.0,0.0,9.0,0.0,0.0,0.0,14.0,,2.0
1.0,shanghai,5.0,62.0,0.0,0.0,1.0,3844.0,1.0,12.0,10.701017,0.0,0.0,14.0,11.380548,3.0
1.0,shanghai,4.0,64.0,2.7725887,0.0,1.0,4096.0,0.0,9.0,11.002116,0.0,0.0,14.0,11.608245,4.0
1.0,shanghai,5.0,49.0,2.1972246,0.0,1.0,2401.0,1.0,9.0,0.0,1.0,0.0,14.0,12.206078,5.0
1.0,shanghai,4.0,60.0,0.0,0.0,0.0,3600.0,1.0,12.0,10.819798,0.0,1.0,14.0,10.819798,5.0
1.0,shanghai,4.0,50.0,1.7917595,0.0,1.0,2500.0,1.0,9.0,10.491302,0.0,0.0,14.0,11.156265,3.0
1.0,shanghai,4.0,61.0,0.0,0.0,1.0,3721.0,0.0,6.0,10.71444,0.0,0.0,14.0,11.407576,4.0
1.0,shanghai,5.0,32.0,0.0,0.0,1.0,1024.0,0.0,16.0,11.512936,0.0,0.0,14.0,11.512936,5.0
1.0,shanghai,4.0,67.0,0.0,0.0,1.0,4489.0,1.0,12.0,10.308986,0.0,1.0,14.0,,3.0
1.0,shanghai,2.0,69.0,0.0,0.0,1.0,4761.0,1.0,15.0,10.59666,0.0,1.0,14.0,11.407576,2.0
1.0,shanghai,4.0,60.0,0.0,0.0,1.0,3600.0,1.0,9.0,10.308986,0.0,0.0,14.0,,4.0
1.0,shanghai,4.0,66.0,0.0,0.0,0.0,4356.0,1.0,9.0,10.59666,0.0,1.0,14.0,10.59666,3.0
1.0,shanghai,5.0,61.0,0.0,0.0,1.0,3721.0,0.0,12.0,10.819798,0.0,0.0,14.0,11.289794,4.0
1.0,shanghai,4.0,69.0,0.0,0.0,1.0,4761.0,0.0,15.0,11.002116,0.0,1.0,14.0,11.608245,5.0
1.0,shanghai,5.0,63.0,0.0,0.0,1.0,3969.0,1.0,12.0,10.545368,0.0,0.0,14.0,11.238502,3.0
1.0,shanghai,4.0,63.0,1.9459101,0.0,1.0,3969.0,0.0,12.0,11.407576,0.0,0.0,14.0,11.289794,4.0
1.0,shanghai,4.0,70.0,0.0,0.0,1.0,4900.0,1.0,12.0,10.71444,0.0,1.0,14.0,9.2104406,3.0
1.0,shanghai,4.0,31.0,0.0,0.0,0.0,961.0,1.0,16.0,10.819798,0.0,0.0,14.0,11.695255,4.0
1.0,shanghai,4.0,39.0,0.0,0.0,1.0,1521.0,0.0,9.0,,1.0,0.0,14.0,,4.0
1.0,shanghai,4.0,76.0,0.0,0.0,1.0,5776.0,1.0,9.0,10.59666,0.0,0.0,14.0,10.59666,3.0
1.0,shanghai,5.0,53.0,0.0,0.0,0.0,2809.0,1.0,6.0,9.9988432,0.0,0.0,14.0,15.687313,3.0
1.0,shanghai,4.0,68.0,0.0,0.0,1.0,4624.0,1.0,9.0,10.085851,0.0,1.0,14.0,11.472114,3.0
1.0,shanghai,5.0,52.0,0.0,0.0,1.0,2704.0,0.0,16.0,12.100718,0.0,1.0,14.0,,4.0
1.0,shanghai,5.0,64.0,0.0,0.0,1.0,4096.0,0.0,9.0,10.819798,0.0,0.0,14.0,11.512936,4.0
1.0,shanghai,4.0,67.0,0.0,0.0,1.0,4489.0,1.0,12.0,10.59666,0.0,1.0,14.0,9.2104406,4.0
1.0,shanghai,4.0,66.0,0.0,0.0,0.0,4356.0,1.0,0.0,10.308986,0.0,0.0,14.0,10.308986,4.0
1.0,shanghai,3.0,72.0,0.0,0.0,1.0,5184.0,1.0,9.0,10.491302,0.0,0.0,14.0,11.472114,4.0
1.0,shanghai,4.0,27.0,0.0,0.0,0.0,729.0,0.0,16.0,11.156265,0.0,0.0,14.0,12.42922,5.0
1.0,shanghai,4.0,22.0,1.3862944,0.0,0.0,484.0,0.0,12.0,10.819798,0.0,0.0,14.0,11.289794,4.0
1.0,shanghai,4.0,85.0,0.0,0.0,0.0,7225.0,1.0,6.0,11.264477,0.0,1.0,14.0,11.918397,4.0
1.0,shanghai,4.0,79.0,0.0,0.0,0.0,6241.0,1.0,6.0,10.491302,0.0,0.0,14.0,10.491302,2.0
1.0,shanghai,4.0,63.0,0.0,0.0,0.0,3969.0,1.0,12.0,10.819798,0.0,0.0,14.0,10.819798,4.0
1.0,shanghai,4.0,68.0,0.0,0.0,1.0,4624.0,1.0,6.0,10.59666,0.0,0.0,14.0,11.512936,4.0
1.0,shanghai,3.0,43.0,0.0,0.0,1.0,1849.0,0.0,15.0,10.491302,0.0,1.0,14.0,10.819798,2.0
1.0,shanghai,5.0,75.0,0.0,0.0,1.0,5625.0,0.0,15.0,11.002116,0.0,0.0,14.0,11.512936,3.0
1.0,shanghai,4.0,65.0,0.0,0.0,0.0,4225.0,1.0,12.0,10.491302,0.0,0.0,14.0,11.512936,4.0
1.0,shanghai,4.0,39.0,0.0,0.0,1.0,1521.0,1.0,9.0,10.59666,0.0,0.0,14.0,11.695255,5.0
1.0,shanghai,4.0,64.0,0.0,0.0,1.0,4096.0,1.0,9.0,10.918736,0.0,1.0,14.0,10.918736,2.0
1.0,shanghai,4.0,68.0,0.0,0.0,1.0,4624.0,1.0,9.0,10.59666,0.0,0.0,14.0,11.407576,4.0
1.0,shanghai,4.0,41.0,3.9318256,0.0,1.0,1681.0,1.0,15.0,,0.0,0.0,14.0,,3.0
1.0,shanghai,2.0,62.0,0.0,0.0,1.0,3844.0,0.0,12.0,10.71444,0.0,0.0,14.0,11.289794,3.0
1.0,shanghai,4.0,67.0,0.0,0.0,0.0,4489.0,1.0,6.0,10.491302,0.0,0.0,14.0,10.491302,4.0
1.0,shanghai,4.0,74.0,4.6151204,0.0,1.0,5476.0,1.0,6.0,10.308986,0.0,0.0,14.0,11.407576,4.0
1.0,shanghai,4.0,56.0,0.0,0.0,0.0,3136.0,0.0,12.0,10.645449,0.0,1.0,14.0,11.744045,4.0
1.0,shanghai,4.0,30.0,0.0,0.0,0.0,900.0,0.0,19.0,12.388398,0.0,1.0,14.0,,4.0
1.0,shanghai,4.0,22.0,0.0,0.0,0.0,484.0,0.0,16.0,0.0,0.0,0.0,14.0,11.512936,5.0
1.0,shanghai,5.0,66.0,3.0445225,0.0,1.0,4356.0,0.0,12.0,11.289794,0.0,1.0,14.0,11.512936,4.0
1.0,shanghai,4.0,62.0,0.69314718,0.0,1.0,3844.0,1.0,12.0,10.819798,0.0,0.0,14.0,11.512936,3.0
1.0,shanghai,4.0,64.0,0.0,0.0,1.0,4096.0,1.0,12.0,10.778977,0.0,0.0,14.0,12.42922,3.0
1.0,shanghai,4.0,69.0,0.0,0.0,0.0,4761.0,0.0,15.0,11.002116,0.0,0.0,14.0,11.512936,4.0
1.0,shanghai,4.0,23.0,0.0,0.0,0.0,529.0,0.0,16.0,11.512936,1.0,1.0,14.0,12.206078,5.0
1.0,shanghai,4.0,30.0,0.0,0.0,1.0,900.0,1.0,19.0,,0.0,0.0,14.0,,5.0
1.0,shanghai,4.0,50.0,0.0,0.0,0.0,2500.0,1.0,9.0,9.392745,1.0,0.0,14.0,11.626263,4.0
1.0,shanghai,4.0,28.0,0.0,0.0,0.0,784.0,1.0,16.0,11.695255,0.0,0.0,14.0,11.695255,3.0
1.0,shanghai,4.0,44.0,0.0,0.0,0.0,1936.0,0.0,15.0,12.206078,0.0,0.0,14.0,12.206078,4.0
1.0,shanghai,4.0,61.0,0.0,0.0,0.0,3721.0,0.0,15.0,10.491302,0.0,0.0,14.0,10.491302,4.0
1.0,shanghai,5.0,39.0,4.6151204,0.0,1.0,1521.0,0.0,16.0,12.206078,0.0,0.0,14.0,12.611541,4.0
1.0,shanghai,4.0,39.0,0.0,0.0,1.0,1521.0,1.0,12.0,11.002116,0.0,0.0,14.0,11.695255,5.0
1.0,shanghai,4.0,35.0,4.6151204,0.0,1.0,1225.0,1.0,15.0,,0.0,0.0,14.0,12.611541,4.0
1.0,shanghai,4.0,74.0,0.0,0.0,1.0,5476.0,0.0,12.0,11.002116,0.0,0.0,14.0,12.611541,2.0
1.0,shanghai,5.0,65.0,1.3862944,0.0,1.0,4225.0,1.0,9.0,11.002116,0.0,0.0,14.0,11.695255,3.0
1.0,shanghai,4.0,81.0,0.0,0.0,1.0,6561.0,1.0,0.0,9.6158724,0.0,0.0,14.0,10.59666,3.0
1.0,shanghai,4.0,62.0,0.0,0.0,1.0,3844.0,1.0,12.0,10.59666,0.0,0.0,14.0,11.512936,4.0
1.0,shanghai,4.0,66.0,0.0,0.0,1.0,4356.0,1.0,9.0,10.308986,0.0,0.0,14.0,10.491302,4.0
1.0,shanghai,4.0,41.0,0.0,0.0,0.0,1681.0,1.0,9.0,10.819798,0.0,0.0,14.0,11.407576,4.0
1.0,shanghai,4.0,39.0,0.0,0.0,0.0,1521.0,0.0,16.0,11.156265,0.0,0.0,14.0,11.512936,4.0
1.0,shanghai,5.0,57.0,0.0,0.0,1.0,3249.0,0.0,16.0,12.206078,0.0,0.0,14.0,12.388398,5.0
1.0,shanghai,4.0,65.0,3.0445225,0.0,1.0,4225.0,0.0,9.0,10.819798,0.0,0.0,14.0,11.512936,4.0
1.0,shanghai,4.0,40.0,0.0,0.0,0.0,1600.0,1.0,16.0,11.002116,0.0,0.0,14.0,11.695255,4.0
1.0,shanghai,4.0,60.0,4.6151204,0.0,1.0,3600.0,1.0,12.0,10.308986,0.0,0.0,14.0,11.512936,3.0
1.0,shanghai,5.0,69.0,0.0,0.0,1.0,4761.0,1.0,15.0,10.896758,0.0,1.0,14.0,11.512936,4.0
1.0,shanghai,4.0,55.0,0.0,0.0,1.0,3025.0,1.0,9.0,10.308986,0.0,0.0,14.0,11.512936,4.0
1.0,shanghai,5.0,54.0,0.0,0.0,1.0,2916.0,1.0,19.0,13.122365,0.0,0.0,14.0,13.458838,4.0
1.0,shanghai,4.0,24.0,0.0,0.0,0.0,576.0,0.0,16.0,11.512936,0.0,1.0,14.0,13.122365,5.0
1.0,shanghai,5.0,85.0,0.0,0.0,1.0,7225.0,1.0,0.0,9.9035378,1.0,0.0,14.0,9.9035378,4.0
1.0,shanghai,4.0,81.0,0.0,0.0,0.0,6561.0,1.0,12.0,11.002116,0.0,0.0,14.0,11.002116,2.0
1.0,shanghai,4.0,56.0,4.7957907,0.0,1.0,3136.0,1.0,12.0,10.308986,0.0,0.0,14.0,11.002116,5.0
1.0,shanghai,4.0,48.0,3.4339871,0.0,1.0,2304.0,0.0,12.0,11.407576,0.0,0.0,14.0,11.695255,3.0
1.0,shanghai,4.0,72.0,3.4339871,0.0,1.0,5184.0,0.0,9.0,10.819798,0.0,1.0,14.0,11.512936,3.0
1.0,shanghai,4.0,25.0,0.0,0.0,1.0,625.0,1.0,19.0,0.0,1.0,1.0,14.0,0.0,5.0
1.0,shanghai,5.0,65.0,0.0,0.0,1.0,4225.0,1.0,9.0,10.491302,0.0,0.0,14.0,11.338584,3.0
1.0,shanghai,4.0,72.0,0.0,0.0,1.0,5184.0,1.0,12.0,10.706408,0.0,0.0,14.0,11.472114,3.0
1.0,shanghai,5.0,74.0,0.0,0.0,1.0,5476.0,0.0,12.0,11.002116,0.0,1.0,14.0,11.608245,4.0
1.0,shanghai,4.0,48.0,0.0,0.0,1.0,2304.0,1.0,9.0,10.491302,1.0,0.0,14.0,11.918397,4.0
1.0,shanghai,4.0,62.0,0.0,0.0,0.0,3844.0,1.0,15.0,11.338584,0.0,1.0,14.0,11.362114,1.0
1.0,shanghai,5.0,66.0,0.0,0.0,1.0,4356.0,1.0,0.0,0.0,0.0,0.0,14.0,10.819798,2.0
1.0,shanghai,3.0,70.0,0.0,0.0,0.0,4900.0,1.0,9.0,10.59666,0.0,0.0,14.0,10.59666,2.0
1.0,shanghai,4.0,31.0,0.0,0.0,1.0,961.0,1.0,19.0,11.156265,1.0,1.0,14.0,12.206078,3.0
1.0,shanghai,4.0,62.0,2.3978953,0.0,0.0,3844.0,1.0,9.0,10.308986,0.0,0.0,14.0,10.308986,4.0
1.0,shanghai,5.0,79.0,1.3862944,0.0,0.0,6241.0,1.0,12.0,11.264477,0.0,0.0,14.0,,3.0
1.0,shanghai,4.0,42.0,5.7071104,0.0,1.0,1764.0,1.0,9.0,10.915107,1.0,0.0,14.0,11.512936,4.0
1.0,shanghai,4.0,64.0,0.0,0.0,0.0,4096.0,1.0,9.0,10.085851,0.0,0.0,14.0,11.002116,4.0
1.0,shanghai,4.0,41.0,0.0,0.0,1.0,1681.0,1.0,16.0,11.849405,0.0,0.0,14.0,12.206078,4.0
1.0,shanghai,4.0,76.0,0.0,0.0,1.0,5776.0,0.0,9.0,10.59666,0.0,0.0,14.0,11.512936,2.0
1.0,shanghai,4.0,36.0,0.0,0.0,1.0,1296.0,0.0,15.0,11.225257,0.0,0.0,14.0,12.206078,3.0
1.0,shanghai,4.0,45.0,2.7725887,0.0,1.0,2025.0,1.0,9.0,9.9035378,1.0,0.0,14.0,11.289794,4.0
1.0,shanghai,4.0,65.0,0.0,0.0,1.0,4225.0,0.0,16.0,10.778977,0.0,1.0,14.0,11.350418,5.0
1.0,shanghai,3.0,60.0,0.0,0.0,1.0,3600.0,0.0,6.0,10.874286,1.0,0.0,14.0,,3.0
1.0,shanghai,4.0,84.0,0.0,0.0,1.0,7056.0,1.0,9.0,10.645449,0.0,0.0,14.0,11.472114,2.0
1.0,shanghai,4.0,64.0,0.69314718,0.0,1.0,4096.0,1.0,9.0,10.803669,0.0,0.0,14.0,12.254868,3.0
1.0,shanghai,5.0,52.0,0.0,0.0,1.0,2704.0,1.0,6.0,10.308986,0.0,0.0,14.0,10.308986,3.0
1.0,shanghai,4.0,77.0,0.0,0.0,1.0,5929.0,0.0,9.0,10.819798,0.0,0.0,14.0,11.407576,3.0
1.0,shanghai,4.0,77.0,0.0,0.0,1.0,5929.0,0.0,6.0,10.778977,0.0,0.0,14.0,11.472114,5.0
1.0,shanghai,4.0,56.0,1.6094379,0.0,0.0,3136.0,1.0,12.0,11.021919,0.0,0.0,14.0,11.021919,3.0
1.0,shanghai,5.0,78.0,0.0,0.0,0.0,6084.0,0.0,0.0,10.034559,1.0,0.0,14.0,10.034559,4.0
1.0,shanghai,5.0,76.0,0.0,0.0,1.0,5776.0,1.0,9.0,10.58661,0.0,0.0,14.0,10.859018,4.0
1.0,shanghai,4.0,26.0,0.0,0.0,0.0,676.0,1.0,19.0,0.0,1.0,0.0,14.0,,4.0
1.0,shanghai,4.0,53.0,0.0,0.0,1.0,2809.0,0.0,15.0,11.775297,1.0,1.0,14.0,12.100718,4.0
1.0,shanghai,4.0,84.0,0.0,1.0,0.0,7056.0,0.0,9.0,10.59666,0.0,0.0,14.0,0.0,3.0
1.0,shanghai,5.0,60.0,0.0,0.0,1.0,3600.0,1.0,12.0,10.491302,0.0,0.0,14.0,11.695255,3.0
1.0,shanghai,5.0,24.0,3.4339871,0.0,0.0,576.0,1.0,15.0,10.308986,0.0,0.0,14.0,11.289794,3.0
1.0,shanghai,5.0,56.0,0.0,0.0,1.0,3136.0,1.0,12.0,10.545368,0.0,0.0,14.0,11.775297,3.0
1.0,shanghai,5.0,55.0,0.0,0.0,1.0,3025.0,1.0,12.0,10.59666,0.0,0.0,14.0,11.512936,4.0
1.0,shanghai,4.0,54.0,0.0,0.0,0.0,2916.0,0.0,12.0,0.0,0.0,0.0,14.0,0.0,5.0
1.0,shanghai,4.0,74.0,0.0,0.0,0.0,5476.0,1.0,16.0,10.819798,0.0,0.0,14.0,10.819798,4.0
1.0,shanghai,4.0,69.0,0.0,0.0,1.0,4761.0,1.0,9.0,11.289794,0.0,0.0,14.0,11.289794,3.0
1.0,shanghai,4.0,69.0,0.0,0.0,1.0,4761.0,0.0,9.0,10.778977,0.0,0.0,14.0,12.301388,3.0
1.0,shanghai,4.0,75.0,0.0,0.0,1.0,5625.0,1.0,12.0,11.184435,0.0,0.0,14.0,11.849405,4.0
1.0,shanghai,2.0,31.0,0.0,1.0,1.0,961.0,0.0,19.0,12.206078,0.0,1.0,14.0,12.611541,3.0
1.0,shanghai,4.0,77.0,0.0,0.0,0.0,5929.0,1.0,9.0,10.463132,0.0,0.0,14.0,10.463132,2.0
1.0,shanghai,4.0,55.0,0.0,0.0,1.0,3025.0,1.0,12.0,10.59666,0.0,0.0,14.0,12.611541,3.0
1.0,shanghai,4.0,72.0,3.4339871,0.0,0.0,5184.0,0.0,9.0,8.5173931,0.0,0.0,14.0,11.512936,2.0
1.0,shanghai,4.0,54.0,0.0,0.0,1.0,2916.0,0.0,15.0,11.512936,0.0,1.0,14.0,12.206078,4.0
1.0,shanghai,4.0,70.0,0.0,0.0,1.0,4900.0,0.0,12.0,10.308986,0.0,0.0,14.0,11.849405,3.0
1.0,shanghai,4.0,58.0,1.3862944,0.0,1.0,3364.0,1.0,12.0,10.518701,0.0,0.0,14.0,11.289794,1.0
1.0,shanghai,5.0,61.0,0.0,0.0,1.0,3721.0,1.0,12.0,10.621352,0.0,0.0,14.0,11.289794,4.0
1.0,shanghai,3.0,46.0,0.0,0.0,0.0,2116.0,1.0,9.0,10.491302,0.0,0.0,14.0,10.491302,3.0
1.0,shanghai,4.0,77.0,0.0,0.0,1.0,5929.0,1.0,0.0,10.778977,0.0,0.0,14.0,11.472114,2.0
1.0,shanghai,4.0,64.0,0.0,0.0,1.0,4096.0,1.0,9.0,10.59666,0.0,0.0,14.0,12.206078,3.0
1.0,shanghai,4.0,74.0,1.7917595,0.0,1.0,5476.0,0.0,12.0,10.59666,0.0,0.0,14.0,11.695255,5.0
1.0,shanghai,5.0,76.0,0.0,0.0,0.0,5776.0,0.0,6.0,9.9035378,0.0,0.0,14.0,9.9035378,3.0
1.0,shanghai,4.0,29.0,0.0,1.0,0.0,841.0,0.0,16.0,12.611541,0.0,0.0,14.0,10.308986,4.0
1.0,shanghai,4.0,68.0,0.0,0.0,0.0,4624.0,1.0,9.0,10.491302,0.0,0.0,14.0,10.491302,3.0
1.0,shanghai,5.0,72.0,3.0445225,0.0,1.0,5184.0,0.0,9.0,10.915107,0.0,0.0,14.0,11.289794,2.0
1.0,shanghai,3.0,40.0,0.0,0.0,1.0,1600.0,0.0,9.0,11.002116,1.0,0.0,14.0,11.512936,5.0
1.0,shanghai,3.0,58.0,0.0,0.0,0.0,3364.0,0.0,12.0,12.611541,0.0,0.0,14.0,12.67608,4.0
1.0,shanghai,4.0,56.0,0.0,0.0,1.0,3136.0,0.0,15.0,11.982935,0.0,1.0,14.0,12.206078,3.0
1.0,shanghai,4.0,90.0,1.7917595,0.0,1.0,8100.0,0.0,16.0,11.338584,0.0,0.0,14.0,11.790565,2.0
1.0,shanghai,4.0,69.0,1.7917595,0.0,1.0,4761.0,0.0,6.0,10.819798,1.0,0.0,14.0,10.896758,4.0
1.0,shanghai,4.0,35.0,3.4339871,0.0,0.0,1225.0,1.0,16.0,11.512936,0.0,0.0,14.0,11.512936,3.0
1.0,shanghai,4.0,26.0,3.0445225,0.0,1.0,676.0,1.0,15.0,11.156265,0.0,0.0,14.0,11.918397,4.0
1.0,shanghai,4.0,58.0,0.0,0.0,1.0,3364.0,0.0,15.0,11.082158,0.0,0.0,14.0,11.608245,5.0
1.0,shanghai,4.0,72.0,0.0,0.0,0.0,5184.0,1.0,9.0,10.915107,0.0,0.0,14.0,11.407576,2.0
1.0,shanghai,4.0,65.0,0.0,0.0,1.0,4225.0,0.0,9.0,10.59666,0.0,1.0,14.0,11.002116,4.0
1.0,shanghai,4.0,46.0,0.0,0.0,0.0,2116.0,1.0,15.0,11.512936,0.0,0.0,14.0,11.512936,5.0
1.0,shanghai,4.0,40.0,0.0,0.0,1.0,1600.0,0.0,19.0,12.42922,0.0,1.0,14.0,,4.0
1.0,shanghai,4.0,26.0,0.0,0.0,0.0,676.0,0.0,9.0,10.819798,1.0,0.0,14.0,11.512936,5.0
1.0,shanghai,4.0,42.0,0.0,0.0,1.0,1764.0,0.0,15.0,11.512936,0.0,1.0,14.0,12.100718,5.0
1.0,shanghai,5.0,57.0,0.0,0.0,1.0,3249.0,1.0,9.0,0.0,1.0,0.0,14.0,10.59666,4.0
1.0,shanghai,4.0,77.0,0.0,0.0,1.0,5929.0,0.0,12.0,6.9087548,0.0,0.0,14.0,9.9035378,3.0
1.0,shanghai,3.0,50.0,0.0,0.0,0.0,2500.0,1.0,9.0,9.9897108,0.0,0.0,14.0,10.819798,2.0
1.0,shanghai,5.0,69.0,0.0,0.0,1.0,4761.0,1.0,15.0,10.819798,0.0,0.0,14.0,11.849405,5.0
1.0,shanghai,4.0,53.0,1.0986123,0.0,1.0,2809.0,1.0,6.0,0.0,0.0,0.0,14.0,10.308986,3.0
1.0,shanghai,3.0,55.0,0.0,0.0,1.0,3025.0,0.0,9.0,10.59666,1.0,0.0,14.0,11.918397,4.0
1.0,shanghai,4.0,61.0,3.4339871,0.0,0.0,3721.0,1.0,6.0,10.819798,0.0,0.0,14.0,10.819798,4.0
1.0,shanghai,4.0,60.0,0.0,0.0,0.0,3600.0,0.0,12.0,10.491302,0.0,0.0,14.0,10.491302,5.0
1.0,shanghai,4.0,66.0,0.0,0.0,1.0,4356.0,1.0,9.0,10.819798,0.0,0.0,14.0,11.608245,3.0
1.0,shanghai,4.0,61.0,0.0,0.0,1.0,3721.0,0.0,12.0,11.002116,0.0,0.0,14.0,11.289794,4.0
1.0,shanghai,4.0,56.0,0.0,0.0,1.0,3136.0,1.0,9.0,10.308986,1.0,0.0,14.0,11.225257,4.0
1.0,shanghai,4.0,70.0,2.3978953,0.0,1.0,4900.0,1.0,9.0,10.59666,0.0,0.0,14.0,10.59666,3.0
1.0,shanghai,3.0,49.0,0.69314718,0.0,1.0,2401.0,1.0,9.0,10.308986,0.0,0.0,14.0,11.156265,2.0
1.0,shanghai,5.0,64.0,0.0,0.0,1.0,4096.0,1.0,9.0,10.778977,0.0,0.0,14.0,11.695255,3.0
1.0,shanghai,4.0,45.0,2.3978953,0.0,1.0,2025.0,1.0,9.0,0.0,0.0,0.0,14.0,12.206078,4.0
1.0,shanghai,4.0,68.0,2.3978953,0.0,1.0,4624.0,1.0,9.0,11.002116,0.0,0.0,14.0,11.695255,2.0
1.0,shanghai,4.0,43.0,0.0,0.0,1.0,1849.0,1.0,16.0,11.512936,0.0,0.0,14.0,12.206078,4.0
1.0,shanghai,5.0,65.0,0.0,0.0,1.0,4225.0,1.0,9.0,10.308986,0.0,0.0,14.0,11.156265,3.0
1.0,shanghai,4.0,63.0,0.0,0.0,1.0,3969.0,1.0,12.0,10.819798,0.0,0.0,14.0,11.695255,3.0
1.0,shanghai,1.0,50.0,0.0,0.0,0.0,2500.0,0.0,12.0,9.392745,0.0,0.0,14.0,,2.0
1.0,shanghai,4.0,66.0,0.0,0.0,1.0,4356.0,1.0,6.0,10.59666,0.0,0.0,14.0,10.59666,3.0
1.0,shanghai,4.0,75.0,0.0,0.0,1.0,5625.0,1.0,9.0,10.655398,0.0,0.0,14.0,11.264477,2.0
1.0,shanghai,4.0,50.0,0.0,0.0,1.0,2500.0,0.0,12.0,11.156265,0.0,0.0,14.0,11.918397,5.0
1.0,shanghai,4.0,74.0,0.0,0.0,1.0,5476.0,0.0,12.0,10.819798,0.0,1.0,14.0,11.289794,3.0
1.0,shanghai,5.0,74.0,0.0,0.0,1.0,5476.0,1.0,12.0,10.59666,0.0,1.0,14.0,11.512936,4.0
1.0,shanghai,3.0,72.0,0.0,0.0,0.0,5184.0,0.0,12.0,10.819798,0.0,0.0,14.0,10.819798,3.0
1.0,shanghai,5.0,65.0,0.0,0.0,1.0,4225.0,0.0,9.0,11.002116,0.0,0.0,14.0,11.695255,5.0
1.0,shanghai,4.0,51.0,0.0,0.0,1.0,2601.0,0.0,9.0,10.308986,1.0,0.0,14.0,11.156265,5.0
1.0,shanghai,3.0,27.0,0.0,0.0,0.0,729.0,0.0,16.0,12.611541,1.0,0.0,14.0,12.765692,5.0
1.0,shanghai,5.0,55.0,0.0,0.0,1.0,3025.0,1.0,6.0,8.6996813,1.0,0.0,14.0,10.59666,4.0
1.0,shanghai,4.0,68.0,0.0,0.0,1.0,4624.0,0.0,12.0,10.71444,0.0,0.0,14.0,10.915107,3.0
1.0,shanghai,4.0,21.0,0.0,0.0,0.0,441.0,1.0,12.0,0.0,0.0,0.0,14.0,11.512936,5.0
1.0,shanghai,4.0,53.0,0.0,0.0,1.0,2809.0,1.0,9.0,0.0,0.0,0.0,14.0,9.392745,2.0
1.0,shanghai,1.0,72.0,0.0,0.0,1.0,5184.0,0.0,9.0,10.819798,0.0,0.0,14.0,10.819798,2.0
1.0,shanghai,5.0,55.0,0.0,0.0,1.0,3025.0,0.0,16.0,12.388398,0.0,0.0,14.0,12.388398,5.0
1.0,shanghai,4.0,31.0,0.0,0.0,1.0,961.0,0.0,12.0,12.611541,0.0,0.0,14.0,12.611541,5.0
1.0,shanghai,5.0,38.0,1.0986123,0.0,1.0,1444.0,1.0,15.0,10.645449,1.0,0.0,14.0,10.896758,5.0
1.0,shanghai,4.0,61.0,0.0,0.0,1.0,3721.0,0.0,15.0,11.097425,0.0,0.0,14.0,11.790565,5.0
1.0,shanghai,4.0,62.0,0.0,0.0,1.0,3844.0,0.0,12.0,11.184435,0.0,0.0,14.0,12.72487,4.0
1.0,jiangsu,2.0,43.0,0.0,0.0,1.0,1849.0,1.0,0.0,7.09091,1.0,0.0,147.0,7.7836404,2.0
0.0,jiangsu,4.0,43.0,0.0,0.0,1.0,1849.0,1.0,0.0,9.6158724,1.0,0.0,147.0,10.59666,4.0
1.0,jiangsu,4.0,43.0,0.0,0.0,1.0,1849.0,0.0,12.0,10.59666,0.0,0.0,147.0,11.156265,3.0
1.0,jiangsu,4.0,55.0,0.0,0.0,1.0,3025.0,0.0,19.0,11.918397,0.0,1.0,147.0,12.611541,3.0
1.0,jiangsu,4.0,35.0,0.0,0.0,1.0,1225.0,0.0,16.0,12.42922,1.0,0.0,147.0,12.67608,4.0
1.0,jiangsu,5.0,35.0,0.0,0.0,1.0,1225.0,0.0,2.0,8.5943394,1.0,0.0,147.0,9.2873936,4.0
0.0,jiangsu,2.0,72.0,0.0,0.0,0.0,5184.0,1.0,0.0,0.0,1.0,0.0,147.0,0.0,2.0
1.0,jiangsu,5.0,26.0,0.0,0.0,1.0,676.0,0.0,16.0,11.512936,0.0,0.0,147.0,11.918397,4.0
1.0,jiangsu,4.0,23.0,0.0,0.0,0.0,529.0,0.0,16.0,9.2104406,0.0,0.0,147.0,11.918397,5.0
0.0,jiangsu,4.0,63.0,0.0,0.0,1.0,3969.0,1.0,0.0,10.308986,1.0,0.0,147.0,10.308986,4.0
1.0,jiangsu,4.0,67.0,0.0,0.0,1.0,4489.0,0.0,12.0,11.097425,0.0,1.0,147.0,11.918397,4.0
1.0,jiangsu,5.0,28.0,0.0,0.0,1.0,784.0,1.0,9.0,10.126671,1.0,0.0,147.0,10.819798,5.0
1.0,jiangsu,3.0,53.0,0.0,0.0,1.0,2809.0,0.0,9.0,10.463132,1.0,0.0,147.0,10.463132,5.0
1.0,jiangsu,4.0,64.0,0.0,0.0,1.0,4096.0,1.0,0.0,9.1050911,1.0,0.0,147.0,11.264477,2.0
1.0,jiangsu,4.0,53.0,0.0,0.0,1.0,2809.0,0.0,12.0,10.819798,1.0,0.0,147.0,9.392745,4.0
1.0,jiangsu,4.0,72.0,2.3978953,0.0,1.0,5184.0,1.0,0.0,10.308986,0.0,0.0,147.0,11.002116,4.0
0.0,jiangsu,5.0,71.0,0.0,0.0,1.0,5041.0,0.0,6.0,7.6014023,1.0,0.0,147.0,7.6014023,2.0
1.0,jiangsu,2.0,41.0,1.7917595,0.0,1.0,1681.0,1.0,15.0,8.5173931,0.0,0.0,147.0,11.918397,4.0
1.0,jiangsu,4.0,80.0,1.3862944,0.0,0.0,6400.0,0.0,16.0,10.59666,0.0,0.0,147.0,10.59666,3.0
1.0,jiangsu,4.0,71.0,0.0,0.0,1.0,5041.0,0.0,6.0,10.404293,0.0,0.0,147.0,10.778977,3.0
1.0,jiangsu,4.0,44.0,0.0,0.0,1.0,1936.0,1.0,0.0,9.9035378,1.0,0.0,147.0,11.002116,4.0
1.0,jiangsu,4.0,25.0,0.0,0.0,0.0,625.0,1.0,12.0,11.082158,1.0,0.0,147.0,,2.0
1.0,jiangsu,4.0,46.0,2.3978953,0.0,1.0,2116.0,0.0,9.0,11.002116,0.0,0.0,147.0,11.982935,4.0
1.0,jiangsu,3.0,55.0,0.0,0.0,1.0,3025.0,0.0,0.0,10.491302,1.0,0.0,147.0,11.184435,4.0
0.0,jiangsu,2.0,82.0,0.0,0.0,0.0,6724.0,1.0,6.0,8.9873219,1.0,0.0,147.0,8.9873219,3.0
1.0,jiangsu,4.0,51.0,1.7917595,0.0,1.0,2601.0,1.0,9.0,0.0,1.0,0.0,147.0,11.002116,2.0
1.0,jiangsu,2.0,40.0,0.0,0.0,1.0,1600.0,1.0,6.0,0.0,1.0,0.0,147.0,9.2104406,2.0
1.0,jiangsu,2.0,46.0,0.0,0.0,0.0,2116.0,0.0,6.0,8.0067005,1.0,0.0,147.0,9.4727812,1.0
1.0,jiangsu,4.0,88.0,0.0,0.0,0.0,7744.0,0.0,12.0,11.002116,0.0,1.0,147.0,11.002116,2.0
1.0,jiangsu,5.0,42.0,3.4339871,0.0,1.0,1764.0,1.0,9.0,11.156265,1.0,0.0,147.0,11.156265,3.0
1.0,jiangsu,4.0,29.0,0.0,0.0,1.0,841.0,1.0,15.0,10.819798,0.0,0.0,147.0,11.512936,5.0
0.0,jiangsu,4.0,21.0,0.0,0.0,0.0,441.0,1.0,15.0,10.434145,1.0,0.0,147.0,11.002116,5.0
0.0,jiangsu,4.0,52.0,4.6151204,0.0,1.0,2704.0,0.0,15.0,11.512936,0.0,0.0,147.0,11.512936,4.0
1.0,jiangsu,3.0,65.0,0.0,0.0,0.0,4225.0,0.0,6.0,8.5173931,1.0,0.0,147.0,8.5173931,2.0
1.0,jiangsu,5.0,29.0,0.0,0.0,1.0,841.0,1.0,15.0,10.778977,0.0,0.0,147.0,11.512936,4.0
0.0,jiangsu,4.0,80.0,0.0,0.0,0.0,6400.0,0.0,0.0,0.0,1.0,0.0,147.0,0.0,3.0
1.0,jiangsu,4.0,40.0,0.0,0.0,1.0,1600.0,0.0,15.0,10.819798,0.0,0.0,147.0,11.775297,4.0
1.0,jiangsu,3.0,50.0,0.0,0.0,1.0,2500.0,0.0,6.0,11.156265,1.0,0.0,147.0,11.512936,4.0
1.0,jiangsu,5.0,36.0,5.0172796,0.0,1.0,1296.0,1.0,15.0,10.819798,0.0,0.0,147.0,11.512936,4.0
1.0,jiangsu,5.0,77.0,0.0,0.0,1.0,5929.0,0.0,15.0,11.918397,0.0,1.0,147.0,11.918397,5.0
0.0,jiangsu,3.0,85.0,0.0,0.0,0.0,7225.0,1.0,0.0,7.09091,1.0,0.0,147.0,7.09091,3.0
1.0,jiangsu,4.0,40.0,1.7917595,0.0,1.0,1600.0,0.0,16.0,11.918397,0.0,0.0,147.0,12.206078,4.0
1.0,jiangsu,4.0,48.0,1.6094379,0.0,1.0,2304.0,1.0,6.0,11.512936,1.0,0.0,147.0,11.695255,4.0
1.0,jiangsu,5.0,44.0,0.0,0.0,1.0,1936.0,1.0,0.0,10.819798,0.0,0.0,147.0,11.512936,4.0
1.0,jiangsu,4.0,22.0,0.0,0.0,0.0,484.0,1.0,16.0,0.0,1.0,0.0,147.0,11.512936,3.0
1.0,jiangsu,4.0,26.0,0.0,0.0,0.0,676.0,0.0,15.0,11.512936,0.0,0.0,147.0,12.206078,4.0
1.0,jiangsu,2.0,48.0,0.0,0.0,1.0,2304.0,1.0,9.0,9.9035378,1.0,0.0,147.0,11.289794,4.0
1.0,jiangsu,4.0,75.0,0.0,0.0,1.0,5625.0,0.0,0.0,10.819798,0.0,1.0,147.0,11.156265,5.0
1.0,jiangsu,4.0,56.0,1.7917595,0.0,1.0,3136.0,1.0,6.0,9.2104406,1.0,0.0,147.0,11.156265,5.0
1.0,jiangsu,4.0,68.0,0.0,0.0,1.0,4624.0,1.0,9.0,0.0,0.0,0.0,147.0,10.491302,4.0
1.0,jiangsu,4.0,56.0,1.9459101,0.0,1.0,3136.0,1.0,0.0,0.0,1.0,0.0,147.0,10.819798,4.0
0.0,jiangsu,5.0,64.0,0.0,0.0,1.0,4096.0,0.0,6.0,9.6158724,1.0,0.0,147.0,10.819798,2.0
0.0,jiangsu,3.0,40.0,3.9318256,0.0,1.0,1600.0,1.0,6.0,9.9035378,1.0,0.0,147.0,9.9035378,4.0
1.0,jiangsu,4.0,50.0,0.0,0.0,1.0,2500.0,1.0,12.0,11.002116,0.0,0.0,147.0,11.002116,4.0
1.0,jiangsu,2.0,50.0,0.0,0.0,1.0,2500.0,1.0,0.0,0.0,1.0,0.0,147.0,10.778977,4.0
1.0,jiangsu,4.0,41.0,0.0,1.0,1.0,1681.0,1.0,0.0,0.0,1.0,0.0,147.0,11.156265,2.0
1.0,jiangsu,3.0,35.0,0.0,0.0,1.0,1225.0,1.0,6.0,0.0,1.0,0.0,147.0,11.002116,4.0
1.0,jiangsu,4.0,61.0,0.0,0.0,1.0,3721.0,1.0,9.0,0.0,1.0,0.0,147.0,11.156265,4.0
1.0,jiangsu,4.0,41.0,0.0,0.0,1.0,1681.0,1.0,6.0,10.819798,1.0,0.0,147.0,11.918397,4.0
0.0,jiangsu,4.0,51.0,0.0,0.0,1.0,2601.0,1.0,6.0,,1.0,0.0,147.0,10.308986,3.0
1.0,jiangsu,3.0,40.0,0.0,0.0,1.0,1600.0,0.0,12.0,11.082158,0.0,0.0,147.0,11.918397,4.0
1.0,jiangsu,2.0,74.0,0.0,0.0,0.0,5476.0,1.0,6.0,0.0,0.0,0.0,147.0,10.59666,1.0
1.0,jiangsu,4.0,58.0,0.0,0.0,1.0,3364.0,1.0,0.0,0.0,1.0,0.0,147.0,9.6627531,4.0
1.0,jiangsu,4.0,25.0,0.0,0.0,0.0,625.0,0.0,15.0,11.512936,0.0,0.0,147.0,11.512936,4.0
1.0,jiangsu,4.0,26.0,0.0,0.0,0.0,676.0,0.0,16.0,9.2104406,1.0,0.0,147.0,,5.0
1.0,jiangsu,4.0,31.0,3.4339871,0.0,1.0,961.0,0.0,12.0,11.225257,1.0,0.0,147.0,11.225257,4.0
1.0,jiangsu,3.0,28.0,0.0,0.0,0.0,784.0,0.0,15.0,11.512936,1.0,0.0,147.0,,4.0
1.0,jiangsu,4.0,67.0,0.0,0.0,1.0,4489.0,1.0,9.0,10.085851,0.0,0.0,147.0,12.206078,4.0
1.0,jiangsu,4.0,70.0,3.2580965,0.0,1.0,4900.0,0.0,12.0,10.59666,0.0,1.0,147.0,11.156265,2.0
1.0,jiangsu,3.0,67.0,1.9459101,0.0,1.0,4489.0,1.0,0.0,10.373523,0.0,0.0,147.0,10.933125,2.0
1.0,jiangsu,4.0,34.0,0.0,0.0,1.0,1156.0,1.0,6.0,0.0,1.0,0.0,147.0,10.819798,4.0
1.0,jiangsu,4.0,42.0,0.0,0.0,1.0,1764.0,1.0,6.0,0.0,1.0,0.0,147.0,10.819798,4.0
0.0,jiangsu,4.0,78.0,0.0,0.0,1.0,6084.0,0.0,12.0,10.491302,0.0,0.0,147.0,11.289794,4.0
1.0,jiangsu,4.0,25.0,0.0,0.0,0.0,625.0,0.0,15.0,11.002116,1.0,0.0,147.0,11.002116,4.0
1.0,jiangsu,4.0,34.0,0.0,0.0,1.0,1156.0,0.0,12.0,12.206078,0.0,0.0,147.0,12.611541,4.0
0.0,jiangsu,4.0,54.0,0.0,0.0,1.0,2916.0,0.0,6.0,9.9035378,1.0,0.0,147.0,9.9035378,2.0
1.0,jiangsu,5.0,60.0,0.0,0.0,1.0,3600.0,0.0,0.0,0.0,1.0,0.0,147.0,12.611541,4.0
1.0,jiangsu,3.0,64.0,0.0,0.0,0.0,4096.0,0.0,9.0,10.491302,0.0,0.0,147.0,10.491302,3.0
1.0,jiangsu,4.0,30.0,0.0,0.0,0.0,900.0,1.0,0.0,11.289794,0.0,0.0,147.0,11.289794,4.0
1.0,jiangsu,2.0,51.0,0.0,0.0,0.0,2601.0,1.0,0.0,0.0,1.0,0.0,147.0,9.9035378,2.0
1.0,jiangsu,3.0,50.0,0.0,0.0,1.0,2500.0,1.0,9.0,9.6158724,0.0,0.0,147.0,11.512936,3.0
1.0,jiangsu,4.0,92.0,0.0,0.0,0.0,8464.0,0.0,2.0,9.392745,1.0,0.0,147.0,9.392745,2.0
1.0,jiangsu,4.0,63.0,0.0,0.0,1.0,3969.0,1.0,9.0,9.7981825,0.0,0.0,147.0,11.184435,5.0
1.0,jiangsu,4.0,77.0,0.0,0.0,0.0,5929.0,1.0,16.0,11.338584,0.0,1.0,147.0,11.982935,1.0
1.0,jiangsu,4.0,40.0,0.0,0.0,1.0,1600.0,0.0,12.0,11.156265,0.0,0.0,147.0,11.512936,4.0
1.0,jiangsu,4.0,62.0,0.0,0.0,1.0,3844.0,0.0,0.0,8.2943001,1.0,0.0,147.0,9.5468836,3.0
1.0,jiangsu,4.0,67.0,3.9318256,0.0,0.0,4489.0,1.0,0.0,0.0,1.0,0.0,147.0,9.2104406,2.0
1.0,jiangsu,2.0,57.0,0.0,0.0,1.0,3249.0,1.0,0.0,0.0,1.0,0.0,147.0,9.9035378,1.0
1.0,jiangsu,4.0,27.0,0.0,0.0,0.0,729.0,0.0,0.0,11.002116,0.0,1.0,147.0,12.206078,5.0
0.0,jiangsu,3.0,51.0,0.0,0.0,1.0,2601.0,0.0,6.0,10.308986,1.0,0.0,147.0,10.308986,3.0
1.0,jiangsu,4.0,76.0,0.0,0.0,1.0,5776.0,0.0,12.0,11.184435,0.0,0.0,147.0,11.484536,4.0
1.0,jiangsu,2.0,50.0,0.0,0.0,1.0,2500.0,1.0,16.0,11.695255,0.0,0.0,147.0,12.765692,2.0
1.0,jiangsu,4.0,67.0,0.0,0.0,1.0,4489.0,1.0,0.0,7.3530817,1.0,0.0,147.0,7.8789129,2.0
1.0,jiangsu,5.0,37.0,1.7917595,0.0,1.0,1369.0,0.0,0.0,11.289794,1.0,0.0,147.0,11.512936,5.0
1.0,jiangsu,4.0,25.0,0.0,0.0,0.0,625.0,1.0,16.0,11.002116,0.0,0.0,147.0,11.512936,5.0
1.0,jiangsu,4.0,57.0,0.0,0.0,1.0,3249.0,0.0,9.0,10.491302,0.0,0.0,147.0,11.211834,2.0
1.0,jiangsu,4.0,43.0,0.0,0.0,1.0,1849.0,1.0,6.0,10.819798,1.0,0.0,147.0,11.695255,4.0
1.0,jiangsu,3.0,76.0,0.0,0.0,1.0,5776.0,0.0,0.0,9.9035378,1.0,0.0,147.0,9.9035378,3.0
0.0,jiangsu,3.0,75.0,0.0,0.0,0.0,5625.0,1.0,0.0,8.9873219,1.0,0.0,147.0,8.9873219,3.0
0.0,jiangsu,3.0,67.0,0.0,0.0,0.0,4489.0,0.0,0.0,0.0,1.0,0.0,147.0,11.002116,4.0
1.0,jiangsu,4.0,87.0,0.0,0.0,1.0,7569.0,1.0,0.0,0.0,1.0,0.0,147.0,11.289794,4.0
1.0,jiangsu,5.0,52.0,1.7917595,0.0,1.0,2704.0,1.0,9.0,0.0,1.0,0.0,147.0,11.512936,3.0
1.0,jiangsu,4.0,49.0,0.0,0.0,1.0,2401.0,0.0,16.0,11.407576,0.0,1.0,147.0,12.611541,3.0
1.0,jiangsu,4.0,36.0,0.0,0.0,1.0,1296.0,1.0,9.0,10.819798,1.0,0.0,147.0,12.100718,4.0
0.0,jiangsu,2.0,36.0,0.0,0.0,1.0,1296.0,0.0,0.0,0.0,1.0,0.0,147.0,0.0,5.0
0.0,jiangsu,3.0,37.0,0.0,0.0,0.0,1369.0,0.0,9.0,10.491302,1.0,0.0,147.0,10.59666,4.0
1.0,jiangsu,4.0,29.0,4.1108737,0.0,1.0,841.0,1.0,0.0,10.59666,0.0,0.0,147.0,11.512936,4.0
1.0,jiangsu,4.0,32.0,0.0,0.0,1.0,1024.0,1.0,12.0,11.184435,1.0,0.0,147.0,12.04356,5.0
1.0,jiangsu,1.0,67.0,0.0,0.0,1.0,4489.0,0.0,0.0,9.0361061,1.0,0.0,147.0,9.7291937,3.0
1.0,jiangsu,4.0,53.0,4.6151204,0.0,1.0,2809.0,0.0,9.0,11.156265,1.0,0.0,147.0,11.289794,4.0
1.0,jiangsu,4.0,74.0,5.3033047,0.0,1.0,5476.0,1.0,12.0,10.491302,0.0,0.0,147.0,11.589896,4.0
0.0,jiangsu,4.0,71.0,0.0,0.0,1.0,5041.0,0.0,0.0,0.0,1.0,0.0,147.0,10.819798,4.0
1.0,jiangsu,4.0,49.0,0.0,0.0,1.0,2401.0,0.0,12.0,10.491302,0.0,0.0,147.0,11.289794,5.0
1.0,jiangsu,4.0,32.0,0.0,0.0,1.0,1024.0,1.0,9.0,10.308986,1.0,0.0,147.0,11.289794,4.0
1.0,jiangsu,3.0,34.0,0.0,0.0,1.0,1156.0,1.0,9.0,9.9035378,1.0,0.0,147.0,9.9035378,4.0
1.0,jiangsu,4.0,22.0,0.0,0.0,0.0,484.0,0.0,15.0,9.6158724,0.0,0.0,147.0,12.206078,5.0
1.0,jiangsu,4.0,71.0,0.0,0.0,1.0,5041.0,1.0,9.0,10.491302,0.0,0.0,147.0,11.184435,3.0
1.0,jiangsu,4.0,54.0,0.0,0.0,1.0,2916.0,1.0,12.0,9.9035378,0.0,0.0,147.0,12.42922,5.0
1.0,jiangsu,1.0,47.0,0.0,0.0,0.0,2209.0,0.0,12.0,9.1050911,0.0,0.0,147.0,11.002116,1.0
1.0,jiangsu,4.0,80.0,0.0,0.0,1.0,6400.0,0.0,6.0,10.778977,0.0,0.0,147.0,11.366755,2.0
0.0,jiangsu,4.0,38.0,0.0,0.0,1.0,1444.0,0.0,12.0,10.819798,1.0,0.0,147.0,10.819798,4.0
1.0,jiangsu,4.0,67.0,0.0,0.0,1.0,4489.0,0.0,0.0,8.4555302,1.0,0.0,147.0,9.2104406,4.0
0.0,jiangsu,4.0,50.0,0.0,0.0,1.0,2500.0,1.0,6.0,10.308986,1.0,0.0,147.0,10.308986,4.0
0.0,jiangsu,4.0,52.0,0.0,0.0,1.0,2704.0,0.0,6.0,0.0,1.0,0.0,147.0,0.0,4.0
1.0,jiangsu,4.0,68.0,0.0,0.0,1.0,4624.0,0.0,0.0,0.0,0.0,0.0,147.0,10.819798,4.0
1.0,jiangsu,4.0,50.0,0.0,0.0,1.0,2500.0,0.0,9.0,10.819798,1.0,0.0,147.0,11.695255,5.0
1.0,jiangsu,4.0,82.0,0.0,0.0,0.0,6724.0,1.0,0.0,8.5173931,1.0,0.0,147.0,8.5173931,4.0
1.0,jiangsu,4.0,47.0,3.9318256,0.0,1.0,2209.0,1.0,15.0,12.206078,0.0,0.0,147.0,12.765692,4.0
1.0,jiangsu,4.0,59.0,0.0,0.0,1.0,3481.0,1.0,9.0,9.7981825,0.0,0.0,147.0,11.512936,2.0
1.0,jiangsu,4.0,64.0,0.0,0.0,1.0,4096.0,0.0,9.0,10.778977,0.0,0.0,147.0,11.338584,4.0
1.0,jiangsu,4.0,54.0,4.6151204,0.0,1.0,2916.0,0.0,9.0,10.59666,0.0,0.0,147.0,11.289794,3.0
1.0,jiangsu,4.0,29.0,0.0,0.0,1.0,841.0,0.0,16.0,11.156265,0.0,0.0,147.0,11.775297,4.0
1.0,jiangsu,4.0,63.0,0.0,0.0,1.0,3969.0,1.0,0.0,9.5468836,1.0,0.0,147.0,16.118095,4.0
1.0,jiangsu,2.0,80.0,0.0,0.0,1.0,6400.0,0.0,0.0,10.085851,0.0,0.0,147.0,10.778977,4.0
1.0,jiangsu,4.0,30.0,0.0,0.0,1.0,900.0,1.0,16.0,11.002116,0.0,0.0,147.0,12.04356,4.0
1.0,jiangsu,3.0,24.0,0.0,0.0,0.0,576.0,0.0,12.0,10.308986,0.0,0.0,147.0,10.915107,5.0
1.0,jiangsu,4.0,41.0,1.9459101,0.0,1.0,1681.0,1.0,16.0,10.819798,1.0,1.0,147.0,11.695255,5.0
0.0,jiangsu,4.0,71.0,0.0,0.0,1.0,5041.0,0.0,6.0,6.9087548,1.0,0.0,147.0,10.819798,5.0
1.0,jiangsu,3.0,51.0,0.0,0.0,1.0,2601.0,0.0,9.0,9.9035378,1.0,0.0,147.0,9.9035378,3.0
1.0,jiangsu,4.0,86.0,0.0,0.0,1.0,7396.0,0.0,6.0,9.9035378,0.0,0.0,147.0,11.512936,4.0
1.0,jiangsu,2.0,90.0,0.0,0.0,0.0,8100.0,1.0,0.0,0.0,1.0,0.0,147.0,,4.0
1.0,jiangsu,4.0,25.0,2.3978953,0.0,1.0,625.0,1.0,15.0,0.0,1.0,0.0,147.0,12.345839,4.0
1.0,jiangsu,4.0,48.0,0.0,0.0,0.0,2304.0,0.0,16.0,11.512936,0.0,1.0,147.0,12.206078,4.0
1.0,jiangsu,5.0,56.0,1.0986123,0.0,1.0,3136.0,1.0,0.0,0.0,1.0,0.0,147.0,11.695255,5.0
1.0,jiangsu,4.0,50.0,0.0,0.0,0.0,2500.0,1.0,0.0,0.0,1.0,0.0,147.0,11.982935,4.0
1.0,jiangsu,3.0,56.0,0.0,0.0,1.0,3136.0,1.0,6.0,9.9035378,1.0,0.0,147.0,10.819798,5.0
1.0,jiangsu,3.0,27.0,0.0,0.0,0.0,729.0,0.0,12.0,10.819798,1.0,0.0,147.0,11.156265,3.0
1.0,jiangsu,5.0,58.0,0.0,0.0,1.0,3364.0,1.0,9.0,9.9035378,0.0,0.0,147.0,10.59666,5.0
1.0,jiangsu,4.0,67.0,0.0,0.0,1.0,4489.0,0.0,9.0,0.0,1.0,0.0,147.0,9.2104406,3.0
1.0,jiangsu,4.0,71.0,0.0,0.0,1.0,5041.0,0.0,0.0,10.308986,0.0,0.0,147.0,11.407576,4.0
1.0,jiangsu,4.0,77.0,0.0,0.0,1.0,5929.0,1.0,9.0,10.757924,0.0,0.0,147.0,11.289794,4.0
0.0,jiangsu,4.0,46.0,0.0,0.0,1.0,2116.0,1.0,0.0,10.59666,1.0,0.0,147.0,10.59666,2.0
0.0,jiangsu,4.0,82.0,0.0,0.0,0.0,6724.0,0.0,0.0,7.3138866,1.0,0.0,147.0,11.527824,3.0
0.0,jiangsu,4.0,27.0,0.0,0.0,0.0,729.0,0.0,12.0,0.0,1.0,0.0,147.0,10.819798,2.0
1.0,jiangsu,5.0,28.0,0.0,0.0,1.0,784.0,1.0,12.0,10.59666,1.0,0.0,147.0,12.206078,4.0
1.0,jiangsu,4.0,70.0,0.0,0.0,1.0,4900.0,1.0,0.0,10.308986,0.0,0.0,147.0,10.59666,4.0
1.0,jiangsu,3.0,48.0,0.0,0.0,0.0,2304.0,0.0,0.0,9.2104406,1.0,0.0,147.0,9.2104406,3.0
1.0,jiangsu,4.0,47.0,1.7917595,0.0,1.0,2209.0,1.0,6.0,11.156265,1.0,0.0,147.0,11.849405,4.0
1.0,jiangsu,4.0,20.0,0.0,0.0,0.0,400.0,1.0,16.0,0.0,0.0,0.0,147.0,10.308986,4.0
0.0,jiangsu,4.0,65.0,0.0,0.0,1.0,4225.0,0.0,6.0,7.2730927,1.0,0.0,147.0,11.307634,4.0
0.0,jiangsu,5.0,69.0,0.0,0.0,1.0,4761.0,1.0,0.0,9.2104406,1.0,0.0,147.0,9.9035378,4.0
1.0,jiangsu,5.0,50.0,0.0,0.0,0.0,2500.0,1.0,6.0,0.0,0.0,0.0,147.0,12.611541,4.0
1.0,jiangsu,4.0,80.0,0.0,0.0,1.0,6400.0,1.0,6.0,10.385944,0.0,0.0,147.0,10.385944,4.0
1.0,jiangsu,4.0,57.0,0.0,0.0,1.0,3249.0,0.0,12.0,10.819798,0.0,0.0,147.0,11.289794,4.0
1.0,jiangsu,4.0,61.0,0.0,0.0,1.0,3721.0,0.0,9.0,0.0,1.0,0.0,147.0,5.484797,2.0
1.0,jiangsu,2.0,67.0,3.0445225,0.0,1.0,4489.0,0.0,9.0,10.571342,0.0,0.0,147.0,11.184435,2.0
1.0,jiangsu,4.0,40.0,0.0,0.0,1.0,1600.0,1.0,12.0,9.6804066,1.0,1.0,147.0,11.512936,4.0
1.0,jiangsu,4.0,50.0,0.0,0.0,0.0,2500.0,0.0,12.0,10.819798,0.0,0.0,147.0,11.775297,4.0
1.0,jiangsu,3.0,53.0,2.7725887,0.0,1.0,2809.0,1.0,6.0,6.3985949,1.0,0.0,147.0,9.933095,4.0
1.0,jiangsu,4.0,39.0,3.4339871,0.0,1.0,1521.0,0.0,12.0,10.819798,0.0,0.0,147.0,11.156265,4.0
1.0,jiangsu,4.0,68.0,0.0,0.0,1.0,4624.0,0.0,2.0,8.6235332,1.0,0.0,147.0,11.002116,3.0
1.0,jiangsu,4.0,76.0,0.0,0.0,0.0,5776.0,1.0,0.0,10.491302,0.0,0.0,147.0,10.491302,3.0
1.0,jiangsu,4.0,46.0,0.0,0.0,1.0,2116.0,1.0,12.0,9.9035378,0.0,0.0,147.0,10.819798,4.0
0.0,jiangsu,4.0,48.0,0.0,0.0,1.0,2304.0,0.0,9.0,9.9035378,1.0,0.0,147.0,10.308986,2.0
1.0,jiangsu,4.0,58.0,0.0,0.0,1.0,3364.0,1.0,0.0,9.2104406,1.0,0.0,147.0,13.122365,2.0
1.0,jiangsu,4.0,33.0,2.3978953,0.0,1.0,1089.0,0.0,9.0,11.918397,1.0,0.0,147.0,11.918397,4.0
0.0,jiangsu,4.0,56.0,0.0,0.0,1.0,3136.0,1.0,9.0,9.9035378,1.0,1.0,147.0,11.512936,4.0
1.0,jiangsu,4.0,55.0,0.0,0.0,1.0,3025.0,1.0,12.0,11.002116,0.0,0.0,147.0,11.695255,3.0
1.0,jiangsu,4.0,25.0,3.0445225,0.0,1.0,625.0,1.0,15.0,11.002116,0.0,0.0,147.0,12.206078,4.0
0.0,jiangsu,5.0,32.0,0.0,0.0,0.0,1024.0,0.0,9.0,10.308986,1.0,0.0,147.0,10.819798,5.0
1.0,jiangsu,4.0,75.0,0.0,0.0,1.0,5625.0,1.0,0.0,10.308986,0.0,0.0,147.0,11.608245,3.0
1.0,jiangsu,5.0,45.0,3.0445225,0.0,1.0,2025.0,0.0,6.0,10.463132,1.0,0.0,147.0,11.002116,4.0
1.0,jiangsu,3.0,63.0,0.0,1.0,1.0,3969.0,0.0,9.0,10.819798,0.0,0.0,147.0,10.819798,5.0
1.0,jiangsu,4.0,41.0,0.0,0.0,1.0,1681.0,1.0,15.0,11.002116,0.0,0.0,147.0,12.611541,4.0
1.0,jiangsu,5.0,63.0,0.0,0.0,1.0,3969.0,0.0,12.0,10.126671,0.0,1.0,147.0,10.819798,4.0
1.0,jiangsu,4.0,74.0,0.0,0.0,1.0,5476.0,0.0,6.0,0.0,1.0,0.0,147.0,9.9035378,4.0
0.0,jiangsu,4.0,57.0,0.0,0.0,1.0,3249.0,0.0,12.0,11.002116,1.0,0.0,147.0,11.512936,3.0
1.0,jiangsu,4.0,49.0,0.0,0.0,1.0,2401.0,0.0,0.0,10.308986,0.0,0.0,147.0,10.59666,4.0
1.0,jiangsu,4.0,63.0,0.0,0.0,1.0,3969.0,0.0,16.0,10.819798,0.0,1.0,147.0,11.289794,5.0
1.0,jiangsu,4.0,23.0,2.3978953,0.0,1.0,529.0,1.0,15.0,10.308986,1.0,0.0,147.0,11.289794,5.0
1.0,jiangsu,4.0,56.0,0.0,0.0,1.0,3136.0,1.0,0.0,0.0,1.0,0.0,147.0,11.512936,4.0
1.0,jiangsu,5.0,32.0,0.0,0.0,1.0,1024.0,1.0,6.0,0.0,1.0,0.0,147.0,11.695255,5.0
1.0,jiangsu,4.0,30.0,0.0,0.0,1.0,900.0,1.0,12.0,10.308986,1.0,0.0,147.0,11.918397,5.0
1.0,jiangsu,4.0,20.0,3.0445225,0.0,0.0,400.0,1.0,15.0,10.491302,1.0,0.0,147.0,12.611541,4.0
1.0,jiangsu,4.0,50.0,0.0,0.0,1.0,2500.0,0.0,9.0,9.9035378,1.0,0.0,147.0,10.819798,4.0
1.0,jiangsu,4.0,57.0,3.0445225,0.0,1.0,3249.0,1.0,9.0,0.0,1.0,0.0,147.0,10.819798,5.0
0.0,jiangsu,4.0,67.0,0.0,0.0,1.0,4489.0,1.0,0.0,9.9389029,1.0,0.0,147.0,8.8538084,1.0
0.0,jiangsu,4.0,64.0,1.7917595,0.0,1.0,4096.0,0.0,9.0,6.9087548,1.0,0.0,147.0,6.9087548,3.0
0.0,jiangsu,4.0,55.0,0.0,0.0,1.0,3025.0,1.0,9.0,0.0,1.0,0.0,147.0,0.0,4.0
1.0,jiangsu,4.0,71.0,0.0,0.0,1.0,5041.0,1.0,6.0,10.085851,1.0,0.0,147.0,11.002116,4.0
1.0,jiangsu,3.0,46.0,0.0,0.0,1.0,2116.0,1.0,0.0,10.819798,0.0,0.0,147.0,10.819798,1.0
1.0,jiangsu,4.0,60.0,0.0,0.0,1.0,3600.0,1.0,0.0,0.0,1.0,0.0,147.0,,2.0
1.0,jiangsu,4.0,63.0,0.0,0.0,1.0,3969.0,1.0,0.0,0.0,1.0,0.0,147.0,11.407576,3.0
1.0,jiangsu,5.0,33.0,3.0445225,0.0,1.0,1089.0,1.0,9.0,9.9035378,1.0,0.0,147.0,11.289794,5.0
1.0,jiangsu,4.0,60.0,0.0,0.0,1.0,3600.0,0.0,15.0,10.59666,0.0,0.0,147.0,11.289794,4.0
1.0,jiangsu,5.0,79.0,4.6151204,0.0,1.0,6241.0,1.0,0.0,8.5173931,1.0,0.0,147.0,11.512936,4.0
1.0,jiangsu,4.0,66.0,0.0,0.0,1.0,4356.0,0.0,9.0,10.308986,0.0,0.0,147.0,10.308986,4.0
0.0,jiangsu,4.0,65.0,0.0,0.0,0.0,4225.0,0.0,0.0,,1.0,0.0,147.0,,4.0
1.0,jiangsu,4.0,18.0,0.0,0.0,0.0,324.0,1.0,16.0,0.0,0.0,0.0,147.0,9.392745,5.0
1.0,jiangsu,3.0,50.0,0.0,0.0,0.0,2500.0,1.0,9.0,9.9035378,0.0,0.0,147.0,10.308986,4.0
0.0,jiangsu,4.0,61.0,0.0,0.0,1.0,3721.0,1.0,0.0,,1.0,0.0,147.0,10.59666,4.0
1.0,jiangsu,4.0,43.0,0.0,0.0,1.0,1849.0,1.0,12.0,12.206078,0.0,0.0,147.0,12.765692,4.0
1.0,jiangsu,4.0,52.0,1.0986123,0.0,1.0,2704.0,0.0,9.0,10.59666,1.0,0.0,147.0,11.407576,4.0
1.0,jiangsu,4.0,52.0,0.0,0.0,0.0,2704.0,1.0,6.0,9.9035378,1.0,0.0,147.0,9.9035378,5.0
1.0,jiangsu,3.0,73.0,0.0,0.0,0.0,5329.0,0.0,12.0,10.819798,0.0,1.0,147.0,,3.0
1.0,jiangsu,4.0,25.0,0.0,0.0,0.0,625.0,1.0,16.0,10.819798,0.0,0.0,147.0,,3.0
0.0,jiangsu,4.0,50.0,0.0,0.0,1.0,2500.0,1.0,0.0,9.6158724,1.0,0.0,147.0,11.289794,4.0
1.0,jiangsu,2.0,56.0,0.0,0.0,1.0,3136.0,0.0,9.0,10.819798,1.0,0.0,147.0,11.775297,4.0
1.0,jiangsu,4.0,39.0,0.0,0.0,1.0,1521.0,1.0,0.0,0.0,0.0,0.0,147.0,9.7981825,4.0
1.0,jiangsu,4.0,28.0,0.0,0.0,1.0,784.0,0.0,16.0,11.695255,1.0,0.0,147.0,12.100718,5.0
1.0,jiangsu,5.0,36.0,0.0,0.0,1.0,1296.0,1.0,9.0,10.308986,1.0,0.0,147.0,11.918397,5.0
1.0,jiangsu,4.0,31.0,0.0,0.0,1.0,961.0,1.0,12.0,10.59666,0.0,0.0,147.0,11.512936,5.0
1.0,jiangsu,5.0,67.0,0.0,0.0,1.0,4489.0,1.0,0.0,8.412055,1.0,0.0,147.0,11.402005,3.0
1.0,jiangsu,4.0,64.0,0.0,0.0,1.0,4096.0,0.0,15.0,10.819798,0.0,0.0,147.0,11.512936,5.0
1.0,jiangsu,3.0,56.0,0.0,0.0,1.0,3136.0,1.0,9.0,10.085851,0.0,0.0,147.0,11.002116,4.0
1.0,jiangsu,4.0,55.0,0.0,0.0,1.0,3025.0,0.0,9.0,10.778977,0.0,0.0,147.0,11.184435,4.0
1.0,jiangsu,4.0,71.0,0.0,0.0,1.0,5041.0,0.0,6.0,10.491302,0.0,0.0,147.0,13.399997,4.0
1.0,jiangsu,4.0,50.0,0.0,0.0,1.0,2500.0,1.0,9.0,11.512936,0.0,0.0,147.0,12.206078,2.0
1.0,jiangsu,4.0,56.0,0.0,0.0,1.0,3136.0,0.0,6.0,10.59666,1.0,0.0,147.0,11.512936,5.0
1.0,jiangsu,4.0,55.0,0.0,0.0,0.0,3025.0,0.0,15.0,10.645449,1.0,0.0,147.0,11.608245,5.0
1.0,jiangsu,4.0,55.0,0.0,0.0,1.0,3025.0,1.0,6.0,0.0,1.0,0.0,147.0,10.819798,4.0
1.0,jiangsu,4.0,32.0,0.0,0.0,0.0,1024.0,0.0,16.0,11.512936,1.0,1.0,147.0,11.512936,4.0
1.0,jiangsu,3.0,29.0,0.0,0.0,1.0,841.0,0.0,12.0,12.611541,0.0,0.0,147.0,12.611541,5.0
1.0,jiangsu,4.0,43.0,5.0172796,0.0,1.0,1849.0,1.0,6.0,10.085851,0.0,0.0,147.0,11.156265,4.0
1.0,jiangsu,4.0,57.0,0.0,0.0,1.0,3249.0,0.0,0.0,10.308986,0.0,1.0,147.0,10.819798,3.0
1.0,jiangsu,4.0,33.0,0.0,0.0,1.0,1089.0,0.0,15.0,11.156265,0.0,0.0,147.0,11.512936,5.0
1.0,jiangsu,5.0,66.0,0.0,0.0,0.0,4356.0,0.0,6.0,6.9087548,1.0,0.0,147.0,10.308986,4.0
1.0,jiangsu,4.0,53.0,0.0,0.0,1.0,2809.0,0.0,9.0,10.819798,1.0,0.0,147.0,11.289794,4.0
1.0,jiangsu,3.0,83.0,0.0,0.0,0.0,6889.0,0.0,16.0,10.275085,0.0,1.0,147.0,10.275085,2.0
1.0,jiangsu,4.0,77.0,0.0,0.0,0.0,5929.0,0.0,12.0,11.289794,0.0,1.0,147.0,11.512936,3.0
1.0,jiangsu,2.0,42.0,0.0,0.0,1.0,1764.0,0.0,6.0,9.9035378,1.0,0.0,147.0,12.899222,4.0
0.0,jiangsu,3.0,21.0,0.0,0.0,0.0,441.0,0.0,16.0,0.0,1.0,0.0,147.0,9.9035378,5.0
1.0,jiangsu,4.0,81.0,0.0,1.0,0.0,6561.0,1.0,6.0,9.9035378,0.0,0.0,147.0,9.9035378,4.0
0.0,jiangsu,4.0,85.0,0.0,0.0,1.0,7225.0,1.0,0.0,6.3985949,1.0,0.0,147.0,7.09091,3.0
1.0,jiangsu,4.0,50.0,0.0,0.0,1.0,2500.0,0.0,15.0,11.289794,0.0,0.0,147.0,11.918397,4.0
1.0,jiangsu,4.0,49.0,0.0,0.0,0.0,2401.0,1.0,9.0,0.0,0.0,0.0,147.0,10.819798,4.0
1.0,jiangsu,4.0,47.0,0.0,0.0,1.0,2209.0,0.0,9.0,12.899222,1.0,1.0,147.0,13.122365,4.0
0.0,jiangsu,5.0,35.0,0.0,0.0,1.0,1225.0,1.0,9.0,10.819798,1.0,0.0,147.0,11.512936,5.0
1.0,jiangsu,3.0,48.0,0.0,0.0,1.0,2304.0,1.0,9.0,10.571342,0.0,0.0,147.0,11.350418,4.0
1.0,jiangsu,4.0,44.0,0.0,0.0,1.0,1936.0,0.0,16.0,11.156265,0.0,1.0,147.0,11.512936,4.0
1.0,jiangsu,4.0,60.0,3.713572,0.0,1.0,3600.0,0.0,12.0,10.491302,0.0,0.0,147.0,11.156265,4.0
1.0,jiangsu,4.0,70.0,0.0,0.0,1.0,4900.0,1.0,0.0,0.0,1.0,0.0,147.0,9.9035378,4.0
1.0,jiangsu,4.0,88.0,0.0,1.0,0.0,7744.0,0.0,0.0,10.819798,1.0,0.0,147.0,10.819798,3.0
1.0,jiangsu,4.0,31.0,0.0,0.0,1.0,961.0,1.0,9.0,10.308986,1.0,0.0,147.0,12.206078,4.0
1.0,jiangsu,5.0,62.0,0.0,0.0,1.0,3844.0,1.0,6.0,0.0,1.0,0.0,147.0,9.6158724,4.0
1.0,jiangsu,5.0,30.0,0.0,0.0,0.0,900.0,0.0,19.0,11.918397,0.0,1.0,147.0,11.918397,5.0
1.0,jiangsu,4.0,60.0,0.0,0.0,1.0,3600.0,0.0,12.0,10.308986,0.0,1.0,147.0,11.002116,4.0
1.0,jiangsu,4.0,65.0,2.3978953,0.0,1.0,4225.0,0.0,0.0,11.184435,1.0,0.0,147.0,11.184435,5.0
1.0,jiangsu,4.0,28.0,0.0,0.0,1.0,784.0,0.0,16.0,11.002116,0.0,0.0,147.0,11.695255,5.0
1.0,jiangsu,4.0,78.0,0.0,0.0,0.0,6084.0,1.0,6.0,10.491302,0.0,0.0,147.0,11.775297,4.0
1.0,jiangsu,4.0,20.0,3.9318256,0.0,0.0,400.0,0.0,0.0,10.819798,0.0,0.0,147.0,12.206078,4.0
1.0,jiangsu,5.0,47.0,0.0,0.0,1.0,2209.0,0.0,15.0,11.002116,0.0,0.0,147.0,11.512936,4.0
1.0,jiangsu,4.0,67.0,0.0,0.0,1.0,4489.0,1.0,9.0,10.491302,0.0,0.0,147.0,11.184435,4.0
1.0,jiangsu,4.0,63.0,0.0,0.0,0.0,3969.0,1.0,9.0,10.422311,0.0,0.0,147.0,10.422311,3.0
1.0,jiangsu,3.0,83.0,0.0,0.0,1.0,6889.0,1.0,0.0,9.392745,1.0,0.0,147.0,9.392745,4.0
1.0,jiangsu,4.0,81.0,0.0,0.0,0.0,6561.0,1.0,0.0,11.407576,1.0,0.0,147.0,11.050906,3.0
1.0,jiangsu,1.0,50.0,0.0,0.0,0.0,2500.0,0.0,9.0,0.0,0.0,0.0,147.0,0.0,2.0
1.0,jiangsu,5.0,48.0,0.0,0.0,1.0,2304.0,0.0,12.0,11.002116,0.0,0.0,147.0,11.512936,4.0
1.0,jiangsu,5.0,33.0,0.0,0.0,1.0,1089.0,0.0,15.0,11.512936,0.0,0.0,147.0,11.512936,5.0
0.0,jiangsu,3.0,36.0,0.0,0.0,0.0,1296.0,1.0,12.0,10.778977,1.0,0.0,147.0,8.8538084,4.0
1.0,jiangsu,4.0,22.0,2.3978953,0.0,0.0,484.0,0.0,12.0,10.126671,0.0,0.0,147.0,11.407576,4.0
1.0,jiangsu,4.0,32.0,0.0,0.0,1.0,1024.0,0.0,12.0,11.338584,1.0,0.0,147.0,11.338584,4.0
1.0,jiangsu,5.0,40.0,0.0,0.0,1.0,1600.0,0.0,12.0,11.512936,1.0,0.0,147.0,11.512936,5.0
1.0,jiangsu,5.0,81.0,0.0,0.0,0.0,6561.0,1.0,0.0,9.392745,0.0,0.0,147.0,9.392745,5.0
1.0,jiangsu,5.0,67.0,0.0,0.0,1.0,4489.0,0.0,12.0,9.6158724,1.0,0.0,147.0,10.819798,4.0
1.0,jiangsu,4.0,45.0,0.0,0.0,1.0,2025.0,0.0,12.0,12.206078,0.0,0.0,147.0,12.899222,3.0
1.0,jiangsu,4.0,40.0,0.0,0.0,1.0,1600.0,1.0,0.0,10.59666,0.0,0.0,147.0,11.407576,5.0
1.0,jiangsu,4.0,47.0,0.0,0.0,1.0,2209.0,0.0,6.0,10.126671,1.0,0.0,147.0,10.126671,5.0
1.0,jiangsu,4.0,57.0,0.0,0.0,1.0,3249.0,1.0,9.0,0.0,1.0,0.0,147.0,11.156265,4.0
1.0,jiangsu,3.0,53.0,0.0,0.0,1.0,2809.0,0.0,6.0,11.156265,1.0,0.0,147.0,11.407576,5.0
1.0,jiangsu,4.0,33.0,0.0,0.0,1.0,1089.0,0.0,16.0,10.59666,0.0,1.0,147.0,11.289794,5.0
1.0,jiangsu,5.0,30.0,0.0,0.0,1.0,900.0,0.0,16.0,11.289794,0.0,1.0,147.0,11.982935,5.0
1.0,jiangsu,3.0,32.0,0.0,0.0,1.0,1024.0,1.0,15.0,11.184435,0.0,0.0,147.0,11.918397,4.0
0.0,jiangsu,3.0,35.0,0.0,0.0,1.0,1225.0,0.0,9.0,11.002116,1.0,0.0,147.0,11.156265,3.0
1.0,jiangsu,3.0,62.0,0.0,0.0,1.0,3844.0,0.0,0.0,,1.0,0.0,147.0,,3.0
1.0,jiangsu,4.0,43.0,1.7917595,0.0,1.0,1849.0,1.0,12.0,11.156265,0.0,0.0,147.0,11.156265,4.0
1.0,jiangsu,3.0,40.0,3.4339871,0.0,1.0,1600.0,1.0,9.0,10.491302,1.0,0.0,147.0,11.472114,4.0
1.0,jiangsu,4.0,51.0,0.0,0.0,0.0,2601.0,0.0,15.0,11.918397,0.0,0.0,147.0,11.918397,5.0
1.0,jiangsu,4.0,61.0,0.0,0.0,0.0,3721.0,0.0,0.0,9.9035378,1.0,0.0,147.0,9.9035378,5.0
1.0,jiangsu,4.0,50.0,0.0,0.0,1.0,2500.0,1.0,12.0,9.9035378,0.0,0.0,147.0,10.59666,4.0
0.0,jiangsu,4.0,18.0,1.3862944,0.0,0.0,324.0,0.0,15.0,9.2104406,1.0,0.0,147.0,11.002116,5.0
1.0,jiangsu,4.0,55.0,2.3978953,0.0,1.0,3025.0,0.0,9.0,11.002116,0.0,1.0,147.0,11.407576,4.0
1.0,jiangsu,5.0,84.0,0.0,0.0,1.0,7056.0,0.0,9.0,11.002116,0.0,0.0,147.0,11.338584,3.0
1.0,jiangsu,4.0,48.0,0.0,0.0,1.0,2304.0,1.0,12.0,10.819798,0.0,0.0,147.0,11.918397,4.0
1.0,jiangsu,2.0,44.0,0.0,0.0,1.0,1936.0,1.0,9.0,10.126671,1.0,0.0,147.0,10.819798,4.0
1.0,jiangsu,3.0,67.0,0.0,0.0,0.0,4489.0,1.0,6.0,10.126671,0.0,0.0,147.0,10.126671,4.0
1.0,jiangsu,4.0,61.0,2.3978953,0.0,0.0,3721.0,0.0,9.0,10.819798,1.0,0.0,147.0,10.819798,3.0
1.0,jiangsu,4.0,40.0,0.0,0.0,1.0,1600.0,1.0,12.0,10.463132,0.0,0.0,147.0,11.225257,4.0
1.0,jiangsu,4.0,74.0,3.0445225,0.0,1.0,5476.0,0.0,6.0,10.463132,1.0,0.0,147.0,11.918397,3.0
0.0,jiangsu,4.0,47.0,0.0,0.0,1.0,2209.0,1.0,6.0,6.9087548,1.0,0.0,147.0,,4.0
1.0,jiangsu,2.0,59.0,0.0,0.0,1.0,3481.0,0.0,9.0,0.0,1.0,0.0,147.0,9.1696224,2.0
1.0,jiangsu,4.0,54.0,0.0,0.0,1.0,2916.0,1.0,9.0,10.308986,0.0,0.0,147.0,10.819798,3.0
1.0,jiangsu,3.0,56.0,0.0,0.0,0.0,3136.0,1.0,0.0,10.819798,1.0,0.0,147.0,10.819798,4.0
1.0,jiangsu,2.0,68.0,0.0,0.0,1.0,4624.0,0.0,0.0,,1.0,0.0,147.0,,3.0
0.0,jiangsu,4.0,25.0,0.0,0.0,1.0,625.0,0.0,15.0,10.819798,1.0,0.0,147.0,10.819798,5.0
1.0,jiangsu,2.0,56.0,0.0,0.0,1.0,3136.0,0.0,9.0,9.9233389,0.0,0.0,147.0,10.385944,3.0
1.0,jiangsu,4.0,28.0,0.0,0.0,0.0,784.0,0.0,15.0,11.156265,1.0,0.0,147.0,11.156265,4.0
1.0,jiangsu,4.0,61.0,0.0,0.0,1.0,3721.0,1.0,16.0,10.308986,0.0,0.0,147.0,12.611541,4.0
0.0,jiangsu,4.0,40.0,0.0,0.0,1.0,1600.0,0.0,6.0,10.308986,1.0,0.0,147.0,10.463132,4.0
1.0,jiangsu,5.0,61.0,0.0,0.0,1.0,3721.0,1.0,6.0,10.308986,0.0,0.0,147.0,11.407576,3.0
1.0,jiangsu,2.0,52.0,0.0,0.0,1.0,2704.0,0.0,9.0,9.7981825,1.0,1.0,147.0,10.491302,4.0
1.0,jiangsu,4.0,66.0,0.0,0.0,1.0,4356.0,1.0,0.0,8.0067005,1.0,0.0,147.0,11.156265,4.0
1.0,jiangsu,4.0,23.0,0.0,0.0,0.0,529.0,1.0,0.0,8.9873219,0.0,0.0,147.0,11.289794,4.0
1.0,jiangsu,4.0,46.0,0.0,0.0,1.0,2116.0,0.0,0.0,9.9035378,0.0,0.0,147.0,9.9035378,2.0
1.0,jiangsu,3.0,79.0,0.0,0.0,1.0,6241.0,1.0,12.0,10.491302,0.0,0.0,147.0,10.616462,2.0
1.0,jiangsu,4.0,68.0,0.0,0.0,1.0,4624.0,0.0,9.0,10.819798,0.0,0.0,147.0,11.407576,4.0
1.0,jiangsu,3.0,66.0,0.0,0.0,1.0,4356.0,0.0,9.0,11.294782,0.0,0.0,147.0,11.294782,3.0
1.0,jiangsu,4.0,28.0,0.0,0.0,1.0,784.0,0.0,15.0,11.695255,0.0,0.0,147.0,12.42922,4.0
1.0,jiangsu,3.0,53.0,0.0,0.0,1.0,2809.0,1.0,0.0,10.126671,1.0,0.0,147.0,10.71444,3.0
1.0,jiangsu,4.0,79.0,0.0,0.0,1.0,6241.0,0.0,6.0,10.778977,0.0,1.0,147.0,11.338584,4.0
1.0,jiangsu,4.0,36.0,0.0,0.0,1.0,1296.0,0.0,12.0,11.225257,0.0,0.0,147.0,11.512936,5.0
1.0,jiangsu,4.0,67.0,3.4339871,0.0,1.0,4489.0,0.0,9.0,9.2104406,1.0,0.0,147.0,9.9035378,4.0
1.0,jiangsu,3.0,56.0,0.0,0.0,1.0,3136.0,0.0,0.0,9.9035378,0.0,0.0,147.0,10.59666,5.0
1.0,jiangsu,4.0,67.0,0.0,0.0,1.0,4489.0,1.0,9.0,10.308986,0.0,0.0,147.0,11.918397,4.0
1.0,jiangsu,5.0,64.0,0.0,0.0,1.0,4096.0,0.0,0.0,9.9035378,0.0,0.0,147.0,9.9035378,5.0
1.0,jiangsu,4.0,40.0,3.9318256,0.0,1.0,1600.0,0.0,15.0,11.002116,0.0,0.0,147.0,11.849405,4.0
1.0,jiangsu,4.0,33.0,2.3978953,0.0,1.0,1089.0,1.0,9.0,10.778977,1.0,0.0,147.0,11.695255,4.0
1.0,jiangsu,4.0,72.0,0.0,0.0,1.0,5184.0,1.0,6.0,5.7071104,1.0,0.0,147.0,8.5756512,4.0
1.0,jiangsu,5.0,28.0,4.6151204,0.0,1.0,784.0,0.0,12.0,11.918397,0.0,0.0,147.0,11.918397,4.0
1.0,jiangsu,5.0,24.0,1.7917595,0.0,0.0,576.0,1.0,19.0,,0.0,1.0,147.0,11.695255,5.0
1.0,jiangsu,4.0,52.0,0.0,0.0,0.0,2704.0,1.0,9.0,10.308986,1.0,0.0,147.0,11.002116,3.0
1.0,jiangsu,3.0,72.0,1.7917595,0.0,1.0,5184.0,0.0,6.0,9.2104406,1.0,0.0,147.0,9.9035378,4.0
1.0,jiangsu,4.0,48.0,0.0,0.0,1.0,2304.0,1.0,0.0,10.819798,1.0,0.0,147.0,11.512936,5.0
1.0,jiangsu,4.0,56.0,0.0,0.0,1.0,3136.0,1.0,6.0,10.59666,1.0,0.0,147.0,11.512936,4.0
1.0,jiangsu,3.0,48.0,0.0,0.0,1.0,2304.0,0.0,0.0,10.819798,0.0,0.0,147.0,11.156265,1.0
0.0,jiangsu,4.0,55.0,0.0,0.0,1.0,3025.0,1.0,12.0,10.308986,1.0,0.0,147.0,11.002116,2.0
0.0,jiangsu,4.0,59.0,0.0,0.0,1.0,3481.0,1.0,0.0,0.0,1.0,0.0,147.0,10.819798,3.0
1.0,jiangsu,4.0,39.0,0.0,0.0,1.0,1521.0,0.0,16.0,11.002116,1.0,0.0,147.0,11.918397,4.0
1.0,jiangsu,4.0,56.0,0.0,0.0,1.0,3136.0,0.0,0.0,12.42922,1.0,0.0,147.0,12.611541,4.0
1.0,jiangsu,3.0,48.0,0.0,0.0,1.0,2304.0,1.0,6.0,9.9035378,1.0,0.0,147.0,10.819798,4.0
1.0,jiangsu,3.0,55.0,0.0,0.0,1.0,3025.0,0.0,12.0,10.59666,1.0,0.0,147.0,10.59666,5.0
0.0,jiangsu,3.0,50.0,0.0,0.0,1.0,2500.0,1.0,9.0,0.0,1.0,0.0,147.0,9.9035378,3.0
0.0,jiangsu,4.0,45.0,0.0,0.0,1.0,2025.0,1.0,0.0,9.9035378,1.0,0.0,147.0,11.002116,5.0
1.0,jiangsu,4.0,61.0,0.0,0.0,0.0,3721.0,1.0,0.0,8.1199942,1.0,0.0,147.0,9.495594,2.0
1.0,jiangsu,4.0,37.0,0.0,0.0,1.0,1369.0,1.0,16.0,11.982935,0.0,0.0,147.0,12.611541,4.0
1.0,jiangsu,4.0,30.0,0.0,0.0,0.0,900.0,1.0,12.0,10.819798,1.0,0.0,147.0,10.819798,4.0
1.0,jiangsu,2.0,52.0,0.0,0.0,1.0,2704.0,0.0,0.0,10.308986,0.0,0.0,147.0,10.308986,4.0
1.0,jiangsu,4.0,56.0,0.0,0.0,1.0,3136.0,0.0,9.0,10.59666,0.0,0.0,147.0,0.0,5.0
1.0,jiangsu,5.0,47.0,0.0,0.0,1.0,2209.0,0.0,16.0,11.918397,0.0,0.0,147.0,11.918397,5.0
0.0,jiangsu,5.0,67.0,0.0,0.0,0.0,4489.0,1.0,0.0,8.6996813,1.0,0.0,147.0,9.2104406,1.0
1.0,jiangsu,4.0,47.0,0.0,0.0,1.0,2209.0,1.0,9.0,10.645449,0.0,0.0,147.0,10.645449,4.0
1.0,jiangsu,4.0,59.0,0.0,0.0,1.0,3481.0,1.0,12.0,10.422311,0.0,0.0,147.0,11.380548,4.0
1.0,jiangsu,4.0,73.0,0.0,0.0,0.0,5329.0,0.0,0.0,8.6996813,1.0,0.0,147.0,8.6996813,4.0
1.0,jiangsu,4.0,48.0,0.0,0.0,1.0,2304.0,1.0,9.0,9.6550903,0.0,0.0,147.0,11.002116,4.0
0.0,jiangsu,5.0,37.0,5.7071104,0.0,1.0,1369.0,1.0,9.0,9.9035378,1.0,0.0,147.0,10.819798,4.0
1.0,jiangsu,4.0,56.0,0.0,0.0,1.0,3136.0,0.0,9.0,10.308986,1.0,0.0,147.0,10.819798,5.0
1.0,jiangsu,4.0,68.0,0.0,0.0,1.0,4624.0,0.0,6.0,11.002116,0.0,0.0,147.0,11.512936,4.0
1.0,jiangsu,4.0,66.0,0.0,0.0,1.0,4356.0,0.0,12.0,10.59666,0.0,0.0,147.0,10.59666,4.0
1.0,jiangsu,5.0,45.0,0.0,0.0,1.0,2025.0,1.0,0.0,9.2104406,0.0,0.0,147.0,10.308986,2.0
1.0,jiangsu,4.0,32.0,0.0,0.0,1.0,1024.0,1.0,15.0,11.512936,0.0,0.0,147.0,12.765692,4.0
1.0,jiangsu,4.0,60.0,0.0,0.0,1.0,3600.0,1.0,0.0,0.0,1.0,0.0,147.0,11.002116,4.0
1.0,jiangsu,3.0,68.0,0.0,0.0,1.0,4624.0,0.0,9.0,9.2104406,1.0,1.0,147.0,9.2104406,4.0
0.0,jiangsu,4.0,32.0,0.0,0.0,1.0,1024.0,1.0,6.0,10.191182,1.0,0.0,147.0,10.819798,5.0
1.0,jiangsu,4.0,67.0,0.0,0.0,1.0,4489.0,1.0,0.0,10.422311,0.0,0.0,147.0,11.860768,3.0
1.0,jiangsu,3.0,70.0,0.0,0.0,1.0,4900.0,1.0,9.0,10.085851,0.0,0.0,147.0,10.085851,3.0
1.0,jiangsu,4.0,55.0,0.0,0.0,1.0,3025.0,0.0,12.0,11.918397,1.0,0.0,147.0,11.918397,3.0
0.0,jiangsu,3.0,74.0,0.0,0.0,0.0,5476.0,1.0,0.0,0.0,1.0,0.0,147.0,11.289794,3.0
1.0,jiangsu,2.0,51.0,0.0,0.0,0.0,2601.0,0.0,0.0,9.9035378,0.0,0.0,147.0,9.9035378,2.0
1.0,jiangsu,4.0,36.0,0.0,0.0,1.0,1296.0,1.0,12.0,10.645449,1.0,0.0,147.0,10.819798,4.0
1.0,jiangsu,4.0,48.0,0.0,0.0,1.0,2304.0,1.0,12.0,10.308986,0.0,0.0,147.0,11.512936,4.0
1.0,jiangsu,4.0,64.0,0.0,0.0,0.0,4096.0,0.0,0.0,8.6996813,1.0,0.0,147.0,11.225257,4.0
1.0,jiangsu,3.0,64.0,0.0,0.0,0.0,4096.0,1.0,0.0,0.0,1.0,0.0,147.0,11.289794,4.0
1.0,jiangsu,3.0,58.0,0.0,0.0,1.0,3364.0,1.0,12.0,10.308986,0.0,0.0,147.0,11.082158,4.0
0.0,jiangsu,4.0,83.0,0.0,0.0,0.0,6889.0,1.0,0.0,0.0,1.0,0.0,147.0,12.206078,4.0
1.0,jiangsu,4.0,49.0,0.0,0.0,0.0,2401.0,1.0,6.0,9.9035378,1.0,0.0,147.0,11.156265,4.0
1.0,jiangsu,4.0,40.0,0.0,0.0,1.0,1600.0,0.0,12.0,12.42922,0.0,0.0,147.0,12.42922,4.0
0.0,jiangsu,3.0,44.0,0.0,0.0,1.0,1936.0,1.0,9.0,10.463132,1.0,0.0,147.0,10.819798,5.0
1.0,jiangsu,4.0,51.0,0.0,0.0,1.0,2601.0,0.0,9.0,10.308986,1.0,0.0,147.0,11.002116,5.0
0.0,jiangsu,3.0,38.0,0.0,0.0,1.0,1444.0,0.0,9.0,10.308986,1.0,0.0,147.0,11.002116,3.0
1.0,jiangsu,4.0,42.0,0.0,0.0,1.0,1764.0,0.0,0.0,8.5173931,0.0,0.0,147.0,9.2104406,4.0
1.0,jiangsu,3.0,54.0,0.0,0.0,1.0,2916.0,1.0,9.0,0.0,1.0,0.0,147.0,11.156265,2.0
0.0,jiangsu,4.0,28.0,0.0,0.0,1.0,784.0,1.0,12.0,10.819798,1.0,0.0,147.0,10.819798,5.0
1.0,jiangsu,4.0,42.0,0.0,0.0,1.0,1764.0,0.0,9.0,11.156265,0.0,0.0,147.0,11.695255,4.0
1.0,jiangsu,3.0,28.0,0.0,1.0,0.0,784.0,0.0,16.0,10.819798,1.0,0.0,147.0,11.156265,4.0
1.0,jiangsu,4.0,28.0,2.3978953,0.0,0.0,784.0,0.0,12.0,11.512936,1.0,0.0,147.0,11.512936,4.0
1.0,jiangsu,4.0,26.0,0.0,0.0,0.0,676.0,0.0,15.0,11.289794,0.0,0.0,147.0,12.206078,5.0
1.0,jiangsu,3.0,43.0,4.3944492,0.0,1.0,1849.0,0.0,6.0,10.150387,1.0,0.0,147.0,10.308986,4.0
0.0,jiangsu,4.0,22.0,0.0,0.0,1.0,484.0,1.0,9.0,0.0,1.0,0.0,147.0,10.308986,2.0
1.0,jiangsu,4.0,48.0,0.0,0.0,1.0,2304.0,0.0,16.0,11.289794,0.0,0.0,147.0,12.100718,4.0
1.0,jiangsu,5.0,84.0,0.0,0.0,1.0,7056.0,0.0,12.0,11.156265,0.0,1.0,147.0,12.206078,4.0
1.0,jiangsu,4.0,52.0,0.0,0.0,1.0,2704.0,0.0,9.0,10.59666,0.0,0.0,147.0,11.512936,4.0
0.0,jiangsu,4.0,52.0,0.0,0.0,1.0,2704.0,0.0,6.0,10.59666,1.0,0.0,147.0,11.289794,4.0
1.0,jiangsu,3.0,64.0,0.0,0.0,1.0,4096.0,0.0,6.0,10.819798,0.0,0.0,147.0,11.156265,4.0
0.0,jiangsu,3.0,50.0,0.0,0.0,1.0,2500.0,1.0,6.0,8.5173931,1.0,0.0,147.0,9.2104406,3.0
0.0,jiangsu,4.0,26.0,0.0,0.0,1.0,676.0,1.0,6.0,9.9035378,1.0,0.0,147.0,9.9035378,3.0
0.0,jiangsu,4.0,54.0,0.0,0.0,0.0,2916.0,1.0,0.0,10.819798,0.0,0.0,147.0,10.819798,5.0
0.0,jiangsu,4.0,84.0,0.0,0.0,1.0,7056.0,0.0,6.0,6.9087548,1.0,0.0,147.0,6.9087548,2.0
1.0,jiangsu,4.0,79.0,0.0,0.0,0.0,6241.0,1.0,2.0,9.1050911,1.0,0.0,147.0,11.407576,3.0
1.0,jiangsu,5.0,63.0,0.0,0.0,1.0,3969.0,1.0,15.0,10.859018,0.0,0.0,147.0,11.512936,5.0
1.0,jiangsu,4.0,37.0,0.69314718,0.0,1.0,1369.0,0.0,16.0,12.225881,1.0,0.0,147.0,12.611541,4.0
0.0,jiangsu,4.0,81.0,0.0,0.0,1.0,6561.0,1.0,0.0,0.0,1.0,0.0,147.0,8.5173931,4.0
1.0,jiangsu,3.0,57.0,0.0,0.0,1.0,3249.0,1.0,0.0,10.422311,0.0,0.0,147.0,10.851296,5.0
1.0,jiangsu,3.0,62.0,0.0,0.0,1.0,3844.0,1.0,0.0,9.9233389,1.0,0.0,147.0,11.289794,4.0
1.0,jiangsu,4.0,47.0,0.0,0.0,1.0,2209.0,1.0,6.0,8.9873219,1.0,0.0,147.0,11.512936,4.0
0.0,jiangsu,4.0,30.0,0.0,0.0,1.0,900.0,0.0,12.0,11.002116,1.0,0.0,147.0,11.512936,3.0
1.0,jiangsu,4.0,53.0,0.0,0.0,1.0,2809.0,1.0,0.0,9.392745,1.0,0.0,147.0,10.491302,4.0
1.0,jiangsu,4.0,32.0,0.0,0.0,1.0,1024.0,0.0,9.0,11.289794,1.0,0.0,147.0,11.512936,4.0
0.0,jiangsu,4.0,48.0,0.0,0.0,1.0,2304.0,0.0,6.0,10.308986,1.0,0.0,147.0,11.289794,4.0
1.0,jiangsu,3.0,32.0,0.0,0.0,1.0,1024.0,0.0,12.0,11.002116,1.0,0.0,147.0,11.695255,3.0
0.0,jiangsu,3.0,71.0,0.0,0.0,0.0,5041.0,1.0,6.0,6.3985949,1.0,0.0,147.0,11.695255,4.0
0.0,jiangsu,4.0,26.0,2.3978953,0.0,1.0,676.0,1.0,9.0,0.0,1.0,0.0,147.0,12.206078,4.0
1.0,jiangsu,4.0,69.0,0.0,0.0,1.0,4761.0,0.0,6.0,0.0,1.0,0.0,147.0,0.0,3.0
1.0,jiangsu,4.0,49.0,6.2166061,0.0,1.0,2401.0,0.0,9.0,,0.0,0.0,147.0,,3.0
0.0,jiangsu,4.0,52.0,0.0,0.0,1.0,2704.0,0.0,12.0,10.308986,1.0,0.0,147.0,10.308986,4.0
0.0,jiangsu,1.0,40.0,0.0,0.0,1.0,1600.0,0.0,6.0,9.9035378,1.0,0.0,147.0,9.9035378,4.0
1.0,jiangsu,4.0,59.0,5.3033047,0.0,1.0,3481.0,1.0,9.0,10.491302,0.0,0.0,147.0,11.184435,4.0
0.0,jiangsu,4.0,52.0,0.0,0.0,1.0,2704.0,0.0,0.0,10.819798,1.0,0.0,147.0,11.002116,5.0
1.0,jiangsu,3.0,46.0,0.0,0.0,1.0,2116.0,0.0,9.0,10.819798,1.0,0.0,147.0,11.695255,3.0
0.0,jiangsu,4.0,66.0,0.0,0.0,1.0,4356.0,0.0,12.0,11.407576,1.0,0.0,147.0,,3.0
1.0,jiangsu,4.0,81.0,0.0,0.0,0.0,6561.0,1.0,9.0,10.491302,0.0,0.0,147.0,10.491302,3.0
1.0,jiangsu,4.0,82.0,2.7725887,0.0,0.0,6724.0,1.0,0.0,6.3985949,1.0,0.0,147.0,6.3985949,2.0
0.0,jiangsu,4.0,66.0,0.0,0.0,1.0,4356.0,1.0,6.0,7.6014023,1.0,0.0,147.0,8.2943001,2.0
1.0,jiangsu,4.0,51.0,0.0,0.0,1.0,2601.0,0.0,9.0,0.0,0.0,0.0,147.0,11.512936,2.0
0.0,jiangsu,4.0,31.0,0.0,0.0,1.0,961.0,1.0,16.0,11.982935,1.0,0.0,147.0,12.345839,4.0
0.0,jiangsu,4.0,60.0,0.0,0.0,1.0,3600.0,0.0,12.0,9.9035378,1.0,0.0,147.0,10.308986,2.0
1.0,jiangsu,4.0,65.0,0.0,0.0,1.0,4225.0,0.0,9.0,9.9035378,0.0,1.0,147.0,10.59666,4.0
1.0,jiangsu,4.0,74.0,0.0,0.0,1.0,5476.0,1.0,9.0,11.002116,0.0,0.0,147.0,11.338584,4.0
0.0,jiangsu,3.0,70.0,0.0,0.0,1.0,4900.0,1.0,6.0,9.2104406,1.0,0.0,147.0,9.2104406,3.0
1.0,jiangsu,4.0,71.0,0.0,0.0,0.0,5041.0,1.0,0.0,0.0,1.0,0.0,147.0,10.915107,2.0
1.0,jiangsu,3.0,40.0,0.0,0.0,0.0,1600.0,1.0,0.0,10.308986,1.0,0.0,147.0,10.491302,3.0
0.0,jiangsu,4.0,35.0,0.0,0.0,1.0,1225.0,0.0,9.0,,1.0,0.0,147.0,,3.0
1.0,jiangsu,4.0,73.0,0.0,0.0,0.0,5329.0,0.0,12.0,10.778977,0.0,0.0,147.0,11.338584,3.0
0.0,jiangsu,4.0,62.0,0.0,0.0,1.0,3844.0,1.0,0.0,0.0,1.0,0.0,147.0,10.819798,2.0
1.0,jiangsu,4.0,67.0,0.0,0.0,1.0,4489.0,0.0,0.0,6.5806394,1.0,0.0,147.0,7.2730927,2.0
0.0,jiangsu,4.0,73.0,3.0445225,0.0,0.0,5329.0,1.0,6.0,0.0,1.0,0.0,147.0,,3.0
1.0,jiangsu,3.0,49.0,0.0,0.0,1.0,2401.0,0.0,9.0,10.181157,1.0,0.0,147.0,10.940242,4.0
1.0,jiangsu,3.0,68.0,0.0,0.0,1.0,4624.0,1.0,6.0,10.385944,0.0,0.0,147.0,11.294782,3.0
0.0,jiangsu,4.0,31.0,3.0445225,0.0,1.0,961.0,0.0,9.0,10.308986,1.0,0.0,147.0,10.819798,5.0
1.0,jiangsu,3.0,60.0,0.0,0.0,1.0,3600.0,0.0,6.0,0.0,1.0,0.0,147.0,9.2104406,3.0
1.0,jiangsu,4.0,39.0,0.0,0.0,1.0,1521.0,1.0,16.0,11.512936,0.0,0.0,147.0,12.206078,4.0
1.0,jiangsu,4.0,71.0,0.0,0.0,1.0,5041.0,0.0,9.0,10.308986,0.0,0.0,147.0,10.819798,4.0
0.0,jiangsu,4.0,78.0,0.0,0.0,0.0,6084.0,1.0,0.0,,1.0,0.0,147.0,11.512936,5.0
1.0,jiangsu,4.0,42.0,2.3978953,0.0,1.0,1764.0,1.0,12.0,10.308986,1.0,0.0,147.0,11.512936,4.0
1.0,jiangsu,4.0,73.0,0.0,0.0,1.0,5329.0,1.0,9.0,10.457401,0.0,1.0,147.0,11.578723,4.0
0.0,jiangsu,4.0,46.0,0.0,0.0,1.0,2116.0,1.0,9.0,11.289794,1.0,0.0,147.0,11.289794,4.0
1.0,jiangsu,4.0,76.0,0.0,0.0,1.0,5776.0,1.0,0.0,0.0,1.0,0.0,147.0,9.2104406,4.0
0.0,jiangsu,4.0,46.0,0.0,0.0,1.0,2116.0,1.0,6.0,9.2104406,1.0,0.0,147.0,10.308986,4.0
1.0,jiangsu,4.0,54.0,0.0,0.0,1.0,2916.0,1.0,6.0,0.0,1.0,0.0,147.0,11.002116,4.0
0.0,jiangsu,4.0,64.0,0.0,0.0,1.0,4096.0,1.0,0.0,9.2104406,1.0,0.0,147.0,9.6158724,4.0
1.0,jiangsu,3.0,50.0,2.3978953,0.0,1.0,2500.0,1.0,9.0,10.422311,0.0,0.0,147.0,11.225257,4.0
1.0,jiangsu,2.0,78.0,0.0,0.0,0.0,6084.0,1.0,6.0,0.0,1.0,0.0,147.0,0.0,5.0
0.0,jiangsu,4.0,71.0,0.0,0.0,1.0,5041.0,1.0,0.0,0.0,1.0,0.0,147.0,,4.0
0.0,jiangsu,4.0,46.0,0.0,0.0,0.0,2116.0,1.0,9.0,10.308986,1.0,0.0,147.0,11.918397,5.0
1.0,jiangsu,3.0,47.0,0.0,0.0,1.0,2209.0,1.0,6.0,10.085851,1.0,0.0,147.0,11.002116,3.0
0.0,jiangsu,3.0,67.0,0.0,0.0,0.0,4489.0,1.0,0.0,9.9035378,1.0,0.0,147.0,9.9035378,4.0
0.0,jiangsu,4.0,62.0,0.0,0.0,1.0,3844.0,0.0,12.0,10.308986,1.0,0.0,147.0,10.308986,4.0
0.0,jiangsu,5.0,24.0,0.0,0.0,1.0,576.0,1.0,6.0,,0.0,0.0,147.0,,3.0
1.0,jiangsu,4.0,70.0,0.0,0.0,1.0,4900.0,1.0,6.0,10.085851,0.0,0.0,147.0,11.695255,3.0
1.0,jiangsu,4.0,46.0,0.0,0.0,1.0,2116.0,1.0,0.0,10.126671,1.0,0.0,147.0,13.217675,4.0
1.0,jiangsu,4.0,71.0,0.0,0.0,1.0,5041.0,0.0,12.0,10.491302,0.0,1.0,147.0,11.184435,4.0
1.0,jiangsu,4.0,63.0,0.0,0.0,0.0,3969.0,1.0,0.0,9.6158724,1.0,0.0,147.0,9.2104406,4.0
0.0,jiangsu,4.0,52.0,0.0,0.0,1.0,2704.0,1.0,0.0,,1.0,0.0,147.0,11.695255,4.0
0.0,jiangsu,2.0,68.0,0.0,0.0,1.0,4624.0,0.0,0.0,8.5173931,1.0,0.0,147.0,11.512936,2.0
0.0,jiangsu,4.0,55.0,0.0,0.0,1.0,3025.0,0.0,9.0,9.9035378,1.0,0.0,147.0,9.9035378,4.0
0.0,jiangsu,4.0,49.0,0.0,0.0,1.0,2401.0,0.0,9.0,9.9035378,1.0,0.0,147.0,9.9035378,4.0
0.0,jiangsu,4.0,43.0,0.0,0.0,1.0,1849.0,1.0,9.0,,1.0,0.0,147.0,10.59666,4.0
1.0,zhejiang,2.0,60.0,0.0,0.0,1.0,3600.0,1.0,9.0,10.59666,0.0,0.0,201.0,,4.0
1.0,zhejiang,4.0,55.0,0.0,0.0,1.0,3025.0,0.0,16.0,11.918397,0.0,1.0,201.0,12.611541,4.0
1.0,zhejiang,5.0,82.0,0.0,0.0,1.0,6724.0,0.0,15.0,11.156265,0.0,1.0,201.0,11.695255,3.0
1.0,zhejiang,5.0,36.0,3.0445225,0.0,1.0,1296.0,1.0,15.0,11.512936,0.0,0.0,201.0,12.611541,5.0
1.0,zhejiang,4.0,87.0,0.0,0.0,1.0,7569.0,0.0,12.0,11.156265,0.0,0.0,201.0,11.849405,2.0
1.0,zhejiang,4.0,60.0,4.6151204,0.0,1.0,3600.0,1.0,12.0,11.002116,0.0,0.0,201.0,11.918397,3.0
1.0,zhejiang,3.0,48.0,0.0,0.0,1.0,2304.0,1.0,12.0,11.002116,0.0,0.0,201.0,11.512936,3.0
1.0,zhejiang,2.0,62.0,0.0,0.0,1.0,3844.0,1.0,12.0,10.645449,0.0,0.0,201.0,12.611541,3.0
1.0,zhejiang,4.0,45.0,0.0,0.0,1.0,2025.0,0.0,0.0,11.512936,1.0,0.0,201.0,11.918397,5.0
1.0,zhejiang,4.0,60.0,0.0,0.0,0.0,3600.0,0.0,12.0,10.71444,0.0,0.0,201.0,10.71444,4.0
1.0,zhejiang,4.0,71.0,0.0,0.0,1.0,5041.0,1.0,0.0,8.0067005,1.0,0.0,201.0,9.2104406,3.0
1.0,zhejiang,4.0,67.0,3.9318256,0.0,1.0,4489.0,0.0,9.0,10.819798,0.0,0.0,201.0,11.407576,4.0
0.0,zhejiang,4.0,66.0,0.0,0.0,1.0,4356.0,1.0,0.0,9.5288668,1.0,0.0,201.0,10.915107,3.0
1.0,zhejiang,4.0,58.0,0.0,0.0,1.0,3364.0,1.0,6.0,9.2104406,1.0,0.0,201.0,11.156265,4.0
1.0,zhejiang,5.0,39.0,0.0,0.0,1.0,1521.0,0.0,12.0,11.918397,1.0,0.0,201.0,11.918397,5.0
1.0,zhejiang,4.0,71.0,0.0,0.0,0.0,5041.0,1.0,9.0,11.002116,0.0,0.0,201.0,11.002116,4.0
1.0,zhejiang,4.0,74.0,0.0,0.0,1.0,5476.0,1.0,12.0,11.289794,0.0,1.0,201.0,11.918397,4.0
1.0,zhejiang,4.0,33.0,0.0,0.0,1.0,1089.0,1.0,15.0,11.918397,0.0,0.0,201.0,12.42922,4.0
1.0,zhejiang,4.0,47.0,0.0,0.0,0.0,2209.0,1.0,12.0,10.59666,0.0,0.0,201.0,10.59666,3.0
1.0,zhejiang,3.0,48.0,0.0,0.0,1.0,2304.0,1.0,6.0,10.819798,1.0,0.0,201.0,11.289794,3.0
0.0,zhejiang,4.0,31.0,0.0,0.0,1.0,961.0,0.0,16.0,11.512936,0.0,1.0,201.0,12.206078,4.0
1.0,zhejiang,4.0,26.0,0.0,0.0,0.0,676.0,1.0,16.0,11.350418,1.0,1.0,201.0,13.122365,5.0
1.0,zhejiang,3.0,69.0,0.0,0.0,1.0,4761.0,0.0,6.0,10.827766,1.0,1.0,201.0,11.338584,4.0
1.0,zhejiang,4.0,53.0,0.0,0.0,1.0,2809.0,1.0,15.0,12.611541,0.0,0.0,201.0,12.899222,5.0
1.0,zhejiang,5.0,47.0,0.0,0.0,1.0,2209.0,0.0,6.0,10.308986,1.0,0.0,201.0,11.002116,1.0
1.0,zhejiang,5.0,19.0,0.0,0.0,0.0,361.0,1.0,12.0,9.392745,0.0,0.0,201.0,9.9035378,5.0
1.0,zhejiang,4.0,39.0,3.9318256,0.0,1.0,1521.0,0.0,9.0,12.100718,0.0,0.0,201.0,12.611541,4.0
1.0,zhejiang,3.0,54.0,5.7071104,0.0,0.0,2916.0,0.0,15.0,10.308986,1.0,0.0,201.0,10.308986,3.0
1.0,zhejiang,2.0,72.0,0.0,0.0,1.0,5184.0,0.0,9.0,10.645449,0.0,0.0,201.0,,4.0
1.0,zhejiang,4.0,75.0,0.0,0.0,1.0,5625.0,1.0,12.0,10.491302,0.0,0.0,201.0,11.289794,4.0
1.0,zhejiang,4.0,33.0,0.0,0.0,1.0,1089.0,1.0,16.0,11.608245,0.0,0.0,201.0,12.388398,4.0
1.0,zhejiang,4.0,42.0,0.0,0.0,1.0,1764.0,1.0,12.0,10.819798,0.0,0.0,201.0,11.608245,1.0
1.0,zhejiang,4.0,87.0,0.0,0.0,0.0,7569.0,1.0,16.0,11.002116,0.0,0.0,201.0,11.002116,2.0
1.0,zhejiang,4.0,64.0,0.0,0.0,1.0,4096.0,1.0,9.0,11.156265,0.0,1.0,201.0,11.608245,4.0
1.0,zhejiang,4.0,45.0,0.0,0.0,1.0,2025.0,0.0,9.0,10.819798,1.0,0.0,201.0,11.512936,4.0
1.0,zhejiang,3.0,58.0,0.0,0.0,0.0,3364.0,1.0,9.0,9.7981825,1.0,0.0,201.0,9.7981825,3.0
1.0,zhejiang,4.0,44.0,0.0,0.0,1.0,1936.0,1.0,9.0,9.510519,1.0,0.0,201.0,11.156265,3.0
1.0,zhejiang,3.0,60.0,0.0,0.0,1.0,3600.0,0.0,12.0,0.0,1.0,0.0,201.0,10.308986,3.0
1.0,zhejiang,4.0,33.0,0.0,0.0,1.0,1089.0,0.0,16.0,,0.0,0.0,201.0,,4.0
1.0,zhejiang,3.0,28.0,0.0,0.0,0.0,784.0,0.0,15.0,11.407576,1.0,0.0,201.0,11.918397,4.0
1.0,zhejiang,4.0,45.0,0.0,0.0,1.0,2025.0,0.0,16.0,12.388398,0.0,0.0,201.0,12.611541,3.0
0.0,zhejiang,4.0,76.0,0.0,0.0,1.0,5776.0,0.0,0.0,8.6126852,1.0,0.0,201.0,12.206078,5.0
1.0,zhejiang,5.0,24.0,0.0,0.0,0.0,576.0,1.0,16.0,11.289794,1.0,0.0,201.0,12.206078,4.0
0.0,zhejiang,4.0,51.0,0.0,0.0,1.0,2601.0,1.0,9.0,10.308986,1.0,0.0,201.0,12.206078,4.0
1.0,zhejiang,5.0,25.0,3.0445225,0.0,0.0,625.0,0.0,12.0,10.993749,1.0,0.0,201.0,11.512936,5.0
1.0,zhejiang,2.0,46.0,0.0,0.0,1.0,2116.0,0.0,6.0,,0.0,0.0,201.0,,4.0
1.0,zhejiang,4.0,55.0,2.7725887,0.0,0.0,3025.0,1.0,6.0,9.6158724,0.0,0.0,201.0,11.695255,3.0
1.0,zhejiang,4.0,44.0,0.0,0.0,1.0,1936.0,1.0,15.0,11.002116,0.0,0.0,201.0,12.206078,4.0
1.0,zhejiang,4.0,82.0,0.0,0.0,0.0,6724.0,1.0,9.0,10.71444,0.0,0.0,201.0,10.71444,4.0
1.0,zhejiang,5.0,50.0,0.0,0.0,1.0,2500.0,1.0,9.0,9.9035378,0.0,0.0,201.0,11.918397,4.0
1.0,zhejiang,4.0,62.0,0.0,0.0,1.0,3844.0,0.0,9.0,9.5750532,1.0,0.0,201.0,10.268166,5.0
1.0,zhejiang,3.0,76.0,0.0,0.0,0.0,5776.0,1.0,9.0,0.0,0.0,0.0,201.0,0.0,2.0
1.0,zhejiang,5.0,29.0,0.0,0.0,1.0,841.0,1.0,12.0,11.156265,1.0,0.0,201.0,12.301388,4.0
1.0,zhejiang,2.0,60.0,0.0,0.0,1.0,3600.0,0.0,9.0,10.819798,0.0,0.0,201.0,11.338584,3.0
0.0,zhejiang,4.0,23.0,0.0,0.0,0.0,529.0,0.0,16.0,10.819798,1.0,0.0,201.0,12.611541,5.0
1.0,zhejiang,5.0,55.0,0.0,0.0,1.0,3025.0,0.0,12.0,,0.0,0.0,201.0,,4.0
1.0,zhejiang,4.0,31.0,0.0,0.0,1.0,961.0,1.0,16.0,11.695255,0.0,0.0,201.0,12.611541,4.0
1.0,zhejiang,4.0,64.0,0.0,0.0,1.0,4096.0,1.0,6.0,10.58661,0.0,0.0,201.0,11.589896,4.0
0.0,zhejiang,5.0,62.0,0.0,0.0,1.0,3844.0,1.0,0.0,10.126671,1.0,0.0,201.0,11.982935,5.0
1.0,zhejiang,4.0,76.0,0.0,1.0,0.0,5776.0,1.0,6.0,9.2104406,0.0,0.0,201.0,9.392745,3.0
1.0,zhejiang,4.0,52.0,0.0,0.0,1.0,2704.0,0.0,9.0,10.308986,1.0,0.0,201.0,11.289794,3.0
1.0,zhejiang,4.0,84.0,0.0,0.0,1.0,7056.0,1.0,2.0,10.933125,0.0,1.0,201.0,11.589896,2.0
0.0,zhejiang,5.0,26.0,0.0,0.0,0.0,676.0,0.0,15.0,11.002116,1.0,0.0,201.0,11.695255,4.0
1.0,zhejiang,4.0,21.0,0.0,0.0,0.0,441.0,0.0,9.0,,1.0,0.0,201.0,,3.0
1.0,zhejiang,4.0,36.0,0.0,0.0,1.0,1296.0,1.0,12.0,,1.0,0.0,201.0,,4.0
1.0,zhejiang,4.0,56.0,0.0,0.0,1.0,3136.0,1.0,12.0,10.59666,0.0,0.0,201.0,11.289794,4.0
1.0,zhejiang,5.0,20.0,0.0,0.0,0.0,400.0,1.0,12.0,0.0,0.0,0.0,201.0,11.512936,5.0
1.0,zhejiang,2.0,52.0,0.0,0.0,1.0,2704.0,1.0,6.0,9.9035378,0.0,0.0,201.0,10.819798,4.0
1.0,zhejiang,4.0,73.0,3.0445225,0.0,1.0,5329.0,0.0,16.0,11.982935,0.0,1.0,201.0,12.206078,3.0
1.0,zhejiang,5.0,56.0,0.0,1.0,1.0,3136.0,0.0,6.0,11.082158,1.0,0.0,201.0,12.100718,4.0
1.0,zhejiang,4.0,50.0,0.0,0.0,0.0,2500.0,0.0,9.0,0.0,1.0,0.0,201.0,,4.0
1.0,zhejiang,4.0,32.0,0.0,0.0,0.0,1024.0,0.0,9.0,11.289794,0.0,0.0,201.0,11.289794,5.0
1.0,zhejiang,4.0,42.0,0.0,0.0,1.0,1764.0,0.0,12.0,12.100718,1.0,0.0,201.0,12.611541,3.0
1.0,zhejiang,3.0,55.0,3.0445225,0.0,1.0,3025.0,0.0,9.0,10.924156,1.0,0.0,201.0,10.59666,4.0
1.0,zhejiang,4.0,32.0,0.0,0.0,1.0,1024.0,1.0,9.0,0.0,1.0,0.0,201.0,11.512936,5.0
0.0,zhejiang,3.0,39.0,0.0,0.0,1.0,1521.0,1.0,9.0,10.59666,1.0,0.0,201.0,12.611541,4.0
1.0,zhejiang,4.0,39.0,0.0,0.0,0.0,1521.0,0.0,16.0,11.289794,0.0,0.0,201.0,11.982935,5.0
1.0,zhejiang,4.0,68.0,0.0,0.0,1.0,4624.0,0.0,12.0,11.512936,0.0,1.0,201.0,11.820417,5.0
1.0,zhejiang,5.0,61.0,0.0,0.0,1.0,3721.0,0.0,6.0,9.9035378,1.0,0.0,201.0,11.002116,5.0
1.0,zhejiang,4.0,61.0,0.0,0.0,1.0,3721.0,0.0,0.0,9.9035378,1.0,0.0,201.0,9.9035378,4.0
1.0,zhejiang,3.0,23.0,4.6151204,0.0,0.0,529.0,1.0,9.0,9.6158724,1.0,0.0,201.0,,5.0
1.0,zhejiang,3.0,57.0,0.0,0.0,1.0,3249.0,1.0,6.0,0.0,1.0,0.0,201.0,11.635152,5.0
1.0,zhejiang,4.0,30.0,2.7725887,0.0,0.0,900.0,0.0,16.0,,0.0,0.0,201.0,,3.0
1.0,zhejiang,3.0,67.0,0.0,0.0,1.0,4489.0,0.0,0.0,11.156265,0.0,0.0,201.0,11.156265,3.0
1.0,zhejiang,4.0,47.0,0.0,0.0,1.0,2209.0,1.0,9.0,0.0,0.0,0.0,201.0,13.122365,5.0
1.0,zhejiang,5.0,29.0,0.0,0.0,0.0,841.0,0.0,12.0,10.71444,1.0,0.0,201.0,11.849405,5.0
0.0,zhejiang,5.0,30.0,3.0445225,0.0,1.0,900.0,0.0,16.0,11.289794,1.0,0.0,201.0,12.206078,5.0
1.0,zhejiang,5.0,70.0,1.7917595,0.0,1.0,4900.0,0.0,9.0,10.308986,1.0,0.0,201.0,11.472114,2.0
1.0,zhejiang,4.0,30.0,0.0,0.0,1.0,900.0,0.0,16.0,,0.0,0.0,201.0,,4.0
1.0,zhejiang,2.0,63.0,0.0,0.0,0.0,3969.0,0.0,6.0,9.6158724,1.0,0.0,201.0,9.6158724,2.0
1.0,zhejiang,4.0,37.0,0.0,0.0,0.0,1369.0,1.0,16.0,12.206078,0.0,0.0,201.0,13.122365,5.0
1.0,zhejiang,4.0,48.0,1.7917595,0.0,1.0,2304.0,1.0,0.0,13.458838,0.0,0.0,201.0,12.206078,4.0
1.0,zhejiang,5.0,47.0,1.0986123,0.0,1.0,2209.0,1.0,9.0,10.819798,0.0,0.0,201.0,10.819798,5.0
0.0,zhejiang,5.0,22.0,5.3033047,0.0,0.0,484.0,0.0,15.0,11.156265,1.0,0.0,201.0,12.206078,4.0
0.0,zhejiang,4.0,31.0,0.0,0.0,1.0,961.0,0.0,16.0,11.918397,1.0,0.0,201.0,12.611541,2.0
1.0,zhejiang,4.0,71.0,0.0,0.0,1.0,5041.0,0.0,0.0,10.751221,0.0,1.0,201.0,11.444229,4.0
0.0,zhejiang,5.0,32.0,0.0,0.0,1.0,1024.0,0.0,12.0,11.918397,1.0,0.0,201.0,12.611541,4.0
1.0,zhejiang,4.0,80.0,0.0,0.0,1.0,6400.0,0.0,9.0,11.156265,0.0,1.0,201.0,11.775297,2.0
1.0,zhejiang,4.0,55.0,0.0,0.0,0.0,3025.0,1.0,12.0,11.695255,0.0,0.0,201.0,,2.0
0.0,zhejiang,4.0,56.0,0.0,0.0,1.0,3136.0,0.0,9.0,10.59666,1.0,0.0,201.0,11.512936,5.0
0.0,zhejiang,5.0,51.0,0.0,0.0,1.0,2601.0,1.0,6.0,9.9035378,1.0,0.0,201.0,12.206078,4.0
1.0,zhejiang,4.0,42.0,0.0,0.0,1.0,1764.0,1.0,16.0,11.512936,0.0,0.0,201.0,12.100718,4.0
1.0,zhejiang,4.0,31.0,0.0,1.0,1.0,961.0,1.0,12.0,10.126671,1.0,0.0,201.0,,2.0
1.0,zhejiang,5.0,30.0,0.0,0.0,1.0,900.0,0.0,9.0,11.002116,1.0,0.0,201.0,11.849405,4.0
1.0,zhejiang,3.0,53.0,5.0172796,0.0,0.0,2809.0,0.0,6.0,10.126671,0.0,0.0,201.0,10.126671,5.0
1.0,zhejiang,4.0,24.0,3.0445225,0.0,0.0,576.0,1.0,16.0,0.0,1.0,0.0,201.0,11.289794,4.0
1.0,zhejiang,4.0,81.0,0.0,0.0,0.0,6561.0,1.0,9.0,10.778977,0.0,0.0,201.0,10.915107,3.0
1.0,zhejiang,4.0,62.0,0.0,0.0,1.0,3844.0,0.0,16.0,13.122365,0.0,1.0,201.0,13.304687,4.0
1.0,zhejiang,4.0,48.0,0.0,0.0,1.0,2304.0,0.0,16.0,12.206078,0.0,0.0,201.0,12.206078,4.0
1.0,zhejiang,3.0,43.0,4.2626801,0.0,1.0,1849.0,0.0,6.0,11.002116,1.0,0.0,201.0,11.002116,4.0
1.0,zhejiang,4.0,64.0,5.7071104,0.0,1.0,4096.0,1.0,12.0,10.819798,0.0,0.0,201.0,10.819798,3.0
1.0,zhejiang,4.0,40.0,0.0,0.0,1.0,1600.0,1.0,9.0,10.308986,1.0,0.0,201.0,11.002116,4.0
1.0,zhejiang,5.0,82.0,0.0,0.0,0.0,6724.0,1.0,0.0,10.491302,0.0,0.0,201.0,10.491302,4.0
1.0,zhejiang,3.0,45.0,0.0,0.0,1.0,2025.0,0.0,12.0,10.819798,0.0,0.0,201.0,11.289794,5.0
1.0,zhejiang,5.0,57.0,0.0,0.0,0.0,3249.0,1.0,12.0,9.392745,0.0,0.0,201.0,10.59666,5.0
1.0,zhejiang,4.0,69.0,2.3978953,0.0,1.0,4761.0,0.0,9.0,10.59666,0.0,0.0,201.0,11.407576,4.0
1.0,zhejiang,4.0,81.0,3.2580965,0.0,1.0,6561.0,0.0,16.0,11.407576,0.0,1.0,201.0,11.849405,5.0
1.0,zhejiang,4.0,47.0,0.0,0.0,1.0,2209.0,0.0,12.0,10.819798,0.0,0.0,201.0,13.592368,5.0
1.0,zhejiang,4.0,44.0,0.0,0.0,1.0,1936.0,0.0,15.0,11.512936,0.0,0.0,201.0,11.512936,5.0
1.0,zhejiang,4.0,31.0,0.0,0.0,1.0,961.0,1.0,12.0,0.0,0.0,0.0,201.0,,4.0
0.0,zhejiang,4.0,35.0,5.3033047,1.0,1.0,1225.0,1.0,15.0,10.491302,1.0,0.0,201.0,12.611541,5.0
1.0,zhejiang,5.0,24.0,0.0,1.0,0.0,576.0,0.0,15.0,10.819798,0.0,0.0,201.0,,2.0
1.0,zhejiang,4.0,29.0,0.0,0.0,1.0,841.0,0.0,12.0,11.512936,1.0,0.0,201.0,12.154784,3.0
1.0,zhejiang,4.0,74.0,0.0,0.0,1.0,5476.0,1.0,9.0,10.491302,0.0,0.0,201.0,11.002116,5.0
1.0,zhejiang,3.0,36.0,0.0,0.0,1.0,1296.0,1.0,15.0,11.289794,0.0,0.0,201.0,12.611541,4.0
0.0,zhejiang,5.0,57.0,0.0,0.0,1.0,3249.0,0.0,12.0,10.819798,1.0,0.0,201.0,11.289794,4.0
1.0,zhejiang,4.0,28.0,3.4339871,1.0,1.0,784.0,1.0,9.0,0.0,1.0,0.0,201.0,11.407576,5.0
1.0,zhejiang,5.0,66.0,1.7917595,0.0,1.0,4356.0,0.0,15.0,10.085851,0.0,0.0,201.0,0.0,3.0
1.0,zhejiang,4.0,32.0,0.0,0.0,1.0,1024.0,0.0,16.0,12.206078,0.0,0.0,201.0,12.765692,4.0
1.0,zhejiang,2.0,71.0,0.0,0.0,1.0,5041.0,0.0,6.0,10.59666,0.0,0.0,201.0,11.066654,3.0
1.0,zhejiang,5.0,47.0,0.0,0.0,1.0,2209.0,1.0,6.0,10.819798,1.0,0.0,201.0,11.512936,3.0
1.0,zhejiang,4.0,18.0,0.0,0.0,0.0,324.0,1.0,12.0,10.59666,1.0,0.0,201.0,12.42922,5.0
1.0,zhejiang,5.0,30.0,0.0,0.0,0.0,900.0,0.0,16.0,,0.0,0.0,201.0,,5.0
1.0,zhejiang,5.0,57.0,0.0,0.0,1.0,3249.0,1.0,12.0,10.59666,0.0,1.0,201.0,11.289794,5.0
1.0,zhejiang,5.0,52.0,0.0,0.0,1.0,2704.0,1.0,9.0,10.59666,0.0,0.0,201.0,11.512936,5.0
1.0,zhejiang,4.0,48.0,0.0,0.0,1.0,2304.0,0.0,12.0,11.156265,1.0,0.0,201.0,11.512936,5.0
1.0,zhejiang,4.0,25.0,0.0,0.0,0.0,625.0,1.0,15.0,10.915107,1.0,0.0,201.0,11.918397,5.0
1.0,zhejiang,3.0,40.0,0.0,0.0,0.0,1600.0,0.0,12.0,11.512936,1.0,0.0,201.0,11.512936,5.0
1.0,zhejiang,4.0,27.0,0.0,0.0,0.0,729.0,0.0,16.0,11.982935,0.0,1.0,201.0,11.982935,4.0
1.0,zhejiang,4.0,45.0,3.9318256,0.0,1.0,2025.0,1.0,9.0,10.819798,1.0,0.0,201.0,11.512936,5.0
1.0,zhejiang,5.0,24.0,0.0,0.0,1.0,576.0,1.0,9.0,10.59666,1.0,0.0,201.0,11.512936,5.0
1.0,zhejiang,4.0,55.0,0.0,0.0,1.0,3025.0,1.0,6.0,10.043293,0.0,0.0,201.0,10.085851,5.0
1.0,zhejiang,4.0,46.0,0.0,0.0,1.0,2116.0,1.0,15.0,11.156265,0.0,1.0,201.0,12.206078,5.0
1.0,zhejiang,5.0,75.0,0.69314718,0.0,1.0,5625.0,0.0,9.0,10.778977,0.0,1.0,201.0,11.156265,5.0
1.0,zhejiang,5.0,36.0,1.7917595,0.0,1.0,1296.0,1.0,15.0,11.407576,1.0,0.0,201.0,12.206078,4.0
1.0,zhejiang,4.0,61.0,0.0,0.0,1.0,3721.0,0.0,9.0,11.002116,0.0,0.0,201.0,11.512936,3.0
1.0,zhejiang,3.0,29.0,0.0,0.0,0.0,841.0,0.0,9.0,10.308986,0.0,0.0,201.0,,3.0
1.0,zhejiang,4.0,34.0,0.0,0.0,1.0,1156.0,1.0,9.0,10.308986,1.0,0.0,201.0,11.289794,3.0
1.0,zhejiang,5.0,34.0,0.0,0.0,1.0,1156.0,1.0,16.0,12.611541,0.0,1.0,201.0,11.512936,4.0
1.0,zhejiang,5.0,45.0,0.0,0.0,0.0,2025.0,0.0,6.0,11.002116,1.0,0.0,201.0,11.002116,5.0
1.0,zhejiang,4.0,42.0,0.0,0.0,1.0,1764.0,1.0,9.0,0.0,0.0,0.0,201.0,12.100718,4.0
1.0,zhejiang,4.0,48.0,0.0,0.0,1.0,2304.0,1.0,9.0,9.9035378,0.0,0.0,201.0,11.156265,3.0
1.0,zhejiang,4.0,78.0,0.0,0.0,0.0,6084.0,1.0,6.0,8.1608038,1.0,0.0,201.0,8.1608038,2.0
0.0,zhejiang,5.0,83.0,0.0,0.0,0.0,6889.0,1.0,0.0,8.6996813,1.0,0.0,201.0,13.815512,5.0
0.0,zhejiang,4.0,52.0,0.0,0.0,1.0,2704.0,0.0,6.0,10.59666,0.0,0.0,201.0,11.512936,3.0
1.0,zhejiang,5.0,36.0,0.0,0.0,1.0,1296.0,1.0,15.0,10.085851,0.0,0.0,201.0,11.156265,5.0
1.0,zhejiang,4.0,60.0,0.0,0.0,1.0,3600.0,1.0,12.0,10.59666,0.0,0.0,201.0,11.350418,3.0
1.0,zhejiang,4.0,28.0,1.7917595,0.0,1.0,784.0,1.0,16.0,11.225257,0.0,1.0,201.0,11.289794,3.0
0.0,zhejiang,5.0,40.0,3.0445225,0.0,1.0,1600.0,1.0,12.0,11.156265,1.0,0.0,201.0,11.849405,5.0
1.0,zhejiang,4.0,38.0,0.0,0.0,1.0,1444.0,1.0,12.0,,1.0,0.0,201.0,11.918397,4.0
1.0,zhejiang,4.0,47.0,0.0,0.0,1.0,2209.0,1.0,9.0,10.308986,0.0,0.0,201.0,11.002116,5.0
1.0,zhejiang,4.0,69.0,0.0,0.0,1.0,4761.0,0.0,9.0,11.407576,0.0,1.0,201.0,11.918397,4.0
1.0,zhejiang,4.0,26.0,0.0,0.0,0.0,676.0,0.0,12.0,12.611541,1.0,0.0,201.0,12.611541,3.0
1.0,zhejiang,4.0,26.0,3.4339871,0.0,0.0,676.0,0.0,9.0,10.59666,0.0,0.0,201.0,11.002116,5.0
1.0,zhejiang,5.0,55.0,0.0,0.0,1.0,3025.0,0.0,6.0,10.59666,0.0,0.0,201.0,11.608245,5.0
1.0,zhejiang,5.0,32.0,0.0,0.0,0.0,1024.0,0.0,9.0,11.002116,1.0,0.0,201.0,10.819798,4.0
1.0,zhejiang,3.0,63.0,2.3978953,0.0,1.0,3969.0,1.0,0.0,10.819798,0.0,0.0,201.0,10.819798,4.0
1.0,zhejiang,4.0,37.0,0.0,0.0,1.0,1369.0,1.0,12.0,0.0,0.0,0.0,201.0,11.002116,2.0
1.0,zhejiang,4.0,47.0,0.0,0.0,1.0,2209.0,0.0,15.0,10.463132,1.0,0.0,201.0,10.915107,5.0
0.0,zhejiang,5.0,54.0,0.0,0.0,1.0,2916.0,1.0,6.0,10.126671,1.0,0.0,201.0,11.512936,4.0
1.0,zhejiang,4.0,44.0,3.4339871,0.0,1.0,1936.0,0.0,9.0,10.308986,1.0,0.0,201.0,11.289794,4.0
1.0,zhejiang,4.0,56.0,0.0,0.0,1.0,3136.0,0.0,9.0,9.6158724,1.0,0.0,201.0,,2.0
1.0,zhejiang,2.0,57.0,0.0,0.0,1.0,3249.0,0.0,9.0,11.512936,0.0,0.0,201.0,12.100718,4.0
1.0,zhejiang,5.0,63.0,0.0,0.0,1.0,3969.0,1.0,0.0,0.0,1.0,0.0,201.0,0.0,4.0
1.0,zhejiang,4.0,37.0,1.0986123,0.0,1.0,1369.0,0.0,12.0,10.59666,1.0,0.0,201.0,11.156265,2.0
1.0,zhejiang,2.0,43.0,2.3978953,0.0,1.0,1849.0,1.0,15.0,10.915107,1.0,0.0,201.0,11.082158,2.0
1.0,zhejiang,5.0,52.0,0.0,0.0,0.0,2704.0,1.0,0.0,9.2104406,1.0,0.0,201.0,10.308986,5.0
1.0,zhejiang,4.0,66.0,0.0,0.0,1.0,4356.0,1.0,6.0,10.085851,0.0,0.0,201.0,11.156265,1.0
1.0,zhejiang,5.0,24.0,0.0,0.0,0.0,576.0,1.0,12.0,10.308986,1.0,0.0,201.0,,5.0
1.0,zhejiang,5.0,79.0,0.0,0.0,0.0,6241.0,1.0,0.0,,0.0,0.0,201.0,,2.0
1.0,zhejiang,4.0,53.0,3.713572,0.0,1.0,2809.0,1.0,9.0,10.085851,0.0,0.0,201.0,11.512936,5.0
1.0,zhejiang,4.0,46.0,0.0,0.0,1.0,2116.0,1.0,12.0,11.512936,1.0,0.0,201.0,12.765692,5.0
1.0,zhejiang,4.0,26.0,0.0,0.0,0.0,676.0,0.0,16.0,11.918397,0.0,0.0,201.0,,4.0
1.0,zhejiang,4.0,71.0,0.0,0.0,0.0,5041.0,1.0,2.0,9.6158724,0.0,0.0,201.0,9.6158724,4.0
1.0,zhejiang,4.0,69.0,2.3978953,0.0,1.0,4761.0,1.0,9.0,10.491302,0.0,0.0,201.0,11.264477,4.0
1.0,zhejiang,4.0,28.0,0.0,0.0,0.0,784.0,1.0,9.0,11.407576,1.0,0.0,201.0,11.407576,5.0
1.0,zhejiang,5.0,61.0,0.0,0.0,1.0,3721.0,0.0,9.0,11.002116,0.0,0.0,201.0,11.695255,5.0
1.0,zhejiang,5.0,25.0,0.0,0.0,1.0,625.0,1.0,16.0,10.491302,1.0,1.0,201.0,14.508658,4.0
1.0,zhejiang,3.0,41.0,0.0,0.0,1.0,1681.0,1.0,9.0,11.002116,0.0,0.0,201.0,11.695255,5.0
1.0,zhejiang,5.0,76.0,0.0,0.0,0.0,5776.0,1.0,6.0,10.491302,0.0,0.0,201.0,10.491302,3.0
1.0,zhejiang,4.0,42.0,0.0,0.0,1.0,1764.0,1.0,9.0,,0.0,0.0,201.0,11.156265,5.0
1.0,zhejiang,4.0,25.0,3.4339871,0.0,1.0,625.0,1.0,15.0,10.308986,1.0,0.0,201.0,11.289794,4.0
1.0,zhejiang,4.0,47.0,0.0,0.0,1.0,2209.0,1.0,9.0,11.002116,0.0,0.0,201.0,11.512936,4.0
1.0,zhejiang,5.0,49.0,1.7917595,0.0,1.0,2401.0,1.0,6.0,10.819798,0.0,0.0,201.0,13.815512,4.0
1.0,zhejiang,4.0,23.0,0.0,0.0,0.0,529.0,1.0,6.0,10.819798,1.0,0.0,201.0,11.156265,5.0
1.0,zhejiang,4.0,64.0,0.0,0.0,1.0,4096.0,0.0,15.0,11.002116,0.0,1.0,201.0,11.002116,3.0
1.0,zhejiang,4.0,67.0,0.0,0.0,1.0,4489.0,0.0,0.0,10.308986,1.0,0.0,201.0,10.59666,4.0
1.0,zhejiang,4.0,37.0,0.0,0.0,1.0,1369.0,1.0,6.0,10.819798,1.0,0.0,201.0,11.512936,4.0
1.0,zhejiang,3.0,60.0,0.0,0.0,1.0,3600.0,0.0,6.0,9.9035378,1.0,0.0,201.0,9.9035378,3.0
1.0,zhejiang,5.0,50.0,0.0,0.0,1.0,2500.0,0.0,6.0,9.2104406,1.0,0.0,201.0,9.2104406,4.0
1.0,zhejiang,4.0,30.0,1.3862944,0.0,0.0,900.0,0.0,16.0,11.918397,0.0,1.0,201.0,13.592368,4.0
1.0,zhejiang,4.0,31.0,0.0,0.0,1.0,961.0,0.0,9.0,11.512936,1.0,0.0,201.0,11.918397,4.0
1.0,zhejiang,4.0,29.0,0.0,0.0,1.0,841.0,1.0,9.0,11.289794,1.0,0.0,201.0,11.918397,3.0
1.0,zhejiang,5.0,31.0,4.6151204,0.0,1.0,961.0,1.0,16.0,10.819798,1.0,1.0,201.0,11.608245,5.0
1.0,zhejiang,4.0,64.0,0.0,0.0,1.0,4096.0,0.0,12.0,10.819798,0.0,0.0,201.0,11.472114,4.0
1.0,zhejiang,4.0,58.0,0.0,0.0,1.0,3364.0,1.0,9.0,9.9035378,0.0,0.0,201.0,10.59666,3.0
1.0,zhejiang,4.0,45.0,2.3978953,0.0,0.0,2025.0,1.0,12.0,,1.0,0.0,201.0,,2.0
1.0,zhejiang,4.0,60.0,0.0,0.0,1.0,3600.0,0.0,16.0,11.512936,0.0,1.0,201.0,12.611541,4.0
0.0,zhejiang,4.0,56.0,0.0,0.0,1.0,3136.0,0.0,6.0,10.819798,1.0,0.0,201.0,11.289794,5.0
1.0,zhejiang,4.0,40.0,0.0,0.0,1.0,1600.0,0.0,16.0,12.206078,0.0,0.0,201.0,12.899222,5.0
1.0,zhejiang,5.0,34.0,0.0,0.0,1.0,1156.0,0.0,9.0,10.819798,1.0,0.0,201.0,11.407576,4.0
1.0,zhejiang,3.0,60.0,0.0,0.0,0.0,3600.0,0.0,9.0,9.392745,0.0,0.0,201.0,9.9035378,3.0
1.0,zhejiang,4.0,73.0,0.0,0.0,1.0,5329.0,0.0,9.0,10.44001,0.0,0.0,201.0,11.156265,5.0
1.0,zhejiang,4.0,24.0,0.0,0.0,0.0,576.0,1.0,9.0,12.62259,1.0,0.0,201.0,13.122365,5.0
1.0,zhejiang,4.0,57.0,0.0,0.0,1.0,3249.0,0.0,15.0,9.9035378,0.0,1.0,201.0,9.9035378,5.0
1.0,zhejiang,5.0,71.0,0.0,0.0,1.0,5041.0,1.0,12.0,11.002116,0.0,0.0,201.0,11.002116,4.0
1.0,zhejiang,4.0,51.0,3.4339871,0.0,1.0,2601.0,0.0,16.0,11.695255,0.0,0.0,201.0,13.122365,4.0
1.0,zhejiang,4.0,29.0,0.0,0.0,1.0,841.0,0.0,9.0,11.512936,1.0,0.0,201.0,12.206078,4.0
1.0,zhejiang,4.0,40.0,0.0,0.0,0.0,1600.0,1.0,12.0,10.085851,0.0,0.0,201.0,11.407576,4.0
1.0,zhejiang,4.0,57.0,0.0,0.0,1.0,3249.0,0.0,12.0,10.59666,0.0,0.0,201.0,11.695255,3.0
1.0,zhejiang,4.0,70.0,0.0,0.0,1.0,4900.0,0.0,9.0,10.819798,0.0,1.0,201.0,11.512936,3.0
1.0,zhejiang,4.0,35.0,0.0,0.0,0.0,1225.0,0.0,12.0,11.225257,1.0,0.0,201.0,,5.0
1.0,zhejiang,4.0,51.0,0.0,0.0,1.0,2601.0,1.0,9.0,0.0,0.0,0.0,201.0,11.918397,3.0
0.0,zhejiang,4.0,32.0,0.0,0.0,1.0,1024.0,0.0,9.0,10.819798,1.0,0.0,201.0,11.512936,3.0
1.0,zhejiang,5.0,33.0,0.0,0.0,1.0,1089.0,0.0,9.0,11.512936,1.0,0.0,201.0,,4.0
1.0,zhejiang,4.0,87.0,0.0,0.0,1.0,7569.0,0.0,6.0,11.002116,0.0,0.0,201.0,11.512936,2.0
1.0,zhejiang,5.0,40.0,0.0,0.0,1.0,1600.0,0.0,15.0,12.206078,0.0,0.0,201.0,12.611541,4.0
1.0,zhejiang,4.0,31.0,4.6151204,0.0,0.0,961.0,1.0,16.0,12.42922,0.0,1.0,201.0,12.42922,4.0
1.0,zhejiang,4.0,50.0,0.0,0.0,1.0,2500.0,1.0,6.0,10.819798,1.0,0.0,201.0,10.819798,5.0
1.0,zhejiang,4.0,70.0,3.4339871,0.0,1.0,4900.0,1.0,12.0,10.463132,0.0,0.0,201.0,11.156265,4.0
1.0,zhejiang,4.0,43.0,0.0,0.0,1.0,1849.0,0.0,19.0,12.42922,0.0,1.0,201.0,13.017005,4.0
1.0,zhejiang,4.0,48.0,2.3978953,0.0,1.0,2304.0,0.0,12.0,11.918397,0.0,0.0,201.0,12.42922,5.0
1.0,zhejiang,4.0,70.0,0.0,0.0,1.0,4900.0,0.0,6.0,10.778977,1.0,0.0,201.0,11.918397,4.0
1.0,zhejiang,4.0,84.0,0.0,0.0,1.0,7056.0,0.0,9.0,11.184435,0.0,1.0,201.0,11.589896,2.0
0.0,zhejiang,4.0,67.0,0.0,0.0,0.0,4489.0,1.0,6.0,8.0067005,1.0,0.0,201.0,11.512936,2.0
1.0,zhejiang,4.0,62.0,0.0,0.0,1.0,3844.0,0.0,15.0,10.915107,0.0,1.0,201.0,,4.0
1.0,zhejiang,4.0,26.0,0.0,0.0,1.0,676.0,1.0,9.0,0.0,1.0,0.0,201.0,11.512936,4.0
1.0,zhejiang,5.0,84.0,0.0,0.0,0.0,7056.0,1.0,6.0,10.668979,0.0,0.0,201.0,10.668979,5.0
1.0,zhejiang,5.0,53.0,0.0,0.0,1.0,2809.0,0.0,6.0,10.71444,1.0,0.0,201.0,11.289794,5.0
1.0,zhejiang,4.0,32.0,0.0,0.0,0.0,1024.0,0.0,15.0,11.002116,0.0,0.0,201.0,12.765692,4.0
1.0,zhejiang,5.0,64.0,0.0,0.0,1.0,4096.0,0.0,6.0,10.085851,0.0,0.0,201.0,10.819798,5.0
1.0,zhejiang,5.0,49.0,0.0,0.0,1.0,2401.0,0.0,6.0,11.002116,1.0,0.0,201.0,12.706851,3.0
1.0,zhejiang,5.0,72.0,0.0,0.0,0.0,5184.0,1.0,6.0,10.126671,0.0,0.0,201.0,10.126671,4.0
0.0,zhejiang,2.0,23.0,0.0,0.0,0.0,529.0,1.0,15.0,10.491302,1.0,0.0,201.0,,2.0
1.0,zhejiang,4.0,85.0,0.0,0.0,1.0,7225.0,0.0,12.0,11.338584,0.0,1.0,201.0,11.695255,4.0
1.0,zhejiang,5.0,84.0,0.0,0.0,0.0,7056.0,0.0,16.0,13.304687,0.0,1.0,201.0,16.034714,4.0
0.0,zhejiang,3.0,23.0,0.0,0.0,1.0,529.0,1.0,0.0,0.0,1.0,0.0,201.0,,3.0
1.0,zhejiang,4.0,49.0,0.0,0.0,1.0,2401.0,1.0,0.0,11.512936,1.0,0.0,201.0,12.154784,2.0
1.0,zhejiang,5.0,55.0,0.0,0.0,1.0,3025.0,1.0,9.0,10.59666,0.0,0.0,201.0,11.695255,2.0
1.0,zhejiang,5.0,34.0,0.0,0.0,1.0,1156.0,1.0,16.0,10.819798,1.0,0.0,201.0,12.206078,5.0
1.0,zhejiang,4.0,47.0,2.3978953,0.0,1.0,2209.0,0.0,6.0,10.778977,1.0,0.0,201.0,10.778977,5.0
1.0,zhejiang,4.0,32.0,0.0,0.0,1.0,1024.0,1.0,9.0,10.59666,1.0,0.0,201.0,11.512936,4.0
1.0,zhejiang,3.0,34.0,0.0,0.0,0.0,1156.0,0.0,9.0,11.225257,1.0,0.0,201.0,12.013707,3.0
1.0,zhejiang,4.0,64.0,0.0,0.0,1.0,4096.0,0.0,9.0,11.002116,0.0,0.0,201.0,11.472114,3.0
1.0,zhejiang,4.0,58.0,0.0,0.0,1.0,3364.0,0.0,12.0,10.085851,0.0,0.0,201.0,12.206078,4.0
1.0,zhejiang,5.0,50.0,0.0,0.0,1.0,2500.0,1.0,12.0,11.002116,1.0,0.0,201.0,11.002116,5.0
1.0,zhejiang,3.0,66.0,0.0,0.0,1.0,4356.0,1.0,6.0,10.896758,0.0,0.0,201.0,11.695255,4.0
1.0,zhejiang,4.0,47.0,0.0,0.0,1.0,2209.0,0.0,12.0,11.184435,1.0,0.0,201.0,12.611541,4.0
1.0,zhejiang,4.0,52.0,0.0,0.0,0.0,2704.0,1.0,0.0,0.0,1.0,0.0,201.0,11.002116,2.0
1.0,zhejiang,4.0,60.0,0.0,0.0,1.0,3600.0,1.0,12.0,10.491302,0.0,0.0,201.0,11.338584,3.0
1.0,zhejiang,4.0,33.0,0.0,0.0,0.0,1089.0,0.0,16.0,10.819798,0.0,0.0,201.0,11.918397,3.0
1.0,zhejiang,4.0,43.0,0.0,0.0,1.0,1849.0,1.0,9.0,,0.0,0.0,201.0,,5.0
1.0,zhejiang,4.0,54.0,0.0,0.0,0.0,2916.0,0.0,6.0,0.0,1.0,0.0,201.0,11.289794,3.0
1.0,zhejiang,4.0,54.0,0.0,0.0,1.0,2916.0,1.0,9.0,11.695255,1.0,0.0,201.0,12.206078,4.0
1.0,zhejiang,3.0,26.0,0.0,0.0,0.0,676.0,1.0,16.0,11.289794,1.0,,201.0,12.206078,3.0
1.0,zhejiang,4.0,65.0,0.0,0.0,1.0,4225.0,0.0,16.0,11.156265,0.0,1.0,201.0,12.42922,4.0
1.0,zhejiang,4.0,67.0,0.0,0.0,1.0,4489.0,0.0,9.0,10.819798,0.0,0.0,201.0,11.608245,3.0
0.0,zhejiang,4.0,29.0,3.4339871,0.0,1.0,841.0,1.0,16.0,11.512936,0.0,0.0,201.0,12.611541,4.0
1.0,zhejiang,4.0,70.0,0.0,0.0,1.0,4900.0,0.0,9.0,10.59666,0.0,1.0,201.0,11.156265,4.0
1.0,zhejiang,5.0,18.0,0.0,0.0,0.0,324.0,1.0,12.0,0.0,1.0,0.0,201.0,13.815512,5.0
1.0,zhejiang,3.0,92.0,0.0,0.0,1.0,8464.0,1.0,16.0,,0.0,1.0,201.0,,3.0
1.0,zhejiang,4.0,71.0,0.0,0.0,1.0,5041.0,0.0,15.0,11.407576,0.0,0.0,201.0,11.849405,5.0
1.0,zhejiang,4.0,19.0,0.0,0.0,0.0,361.0,0.0,16.0,11.289794,1.0,0.0,201.0,12.611541,4.0
1.0,zhejiang,4.0,18.0,3.4339871,0.0,0.0,324.0,0.0,12.0,,0.0,0.0,201.0,11.775297,4.0
1.0,zhejiang,4.0,61.0,0.0,0.0,1.0,3721.0,1.0,12.0,9.9035378,0.0,0.0,201.0,11.156265,5.0
1.0,zhejiang,4.0,20.0,0.0,0.0,0.0,400.0,0.0,16.0,0.0,0.0,0.0,201.0,12.611541,4.0
0.0,zhejiang,4.0,47.0,2.7725887,0.0,1.0,2209.0,0.0,9.0,11.289794,1.0,0.0,201.0,11.695255,5.0
1.0,zhejiang,5.0,41.0,0.0,0.0,1.0,1681.0,0.0,15.0,12.611541,0.0,1.0,201.0,12.611541,5.0
1.0,zhejiang,4.0,25.0,0.0,0.0,0.0,625.0,0.0,15.0,11.002116,0.0,0.0,201.0,12.301388,5.0
1.0,zhejiang,5.0,63.0,0.0,0.0,1.0,3969.0,1.0,9.0,10.645449,0.0,0.0,201.0,11.251574,5.0
1.0,zhejiang,4.0,69.0,0.0,0.0,1.0,4761.0,0.0,12.0,,0.0,0.0,201.0,,4.0
1.0,zhejiang,5.0,75.0,0.0,0.0,1.0,5625.0,0.0,6.0,7.7836404,1.0,0.0,201.0,8.4765797,5.0
0.0,zhejiang,5.0,59.0,0.0,0.0,1.0,3481.0,0.0,9.0,10.819798,1.0,0.0,201.0,11.082158,5.0
0.0,zhejiang,4.0,26.0,0.69314718,0.0,1.0,676.0,0.0,15.0,11.512936,0.0,0.0,201.0,12.42922,3.0
1.0,zhejiang,4.0,47.0,0.0,0.0,1.0,2209.0,0.0,0.0,11.695255,1.0,0.0,201.0,12.388398,4.0
1.0,zhejiang,4.0,51.0,3.4339871,0.0,1.0,2601.0,0.0,0.0,10.59666,0.0,0.0,201.0,11.608245,4.0
1.0,zhejiang,4.0,56.0,0.0,0.0,1.0,3136.0,1.0,12.0,10.126671,0.0,0.0,201.0,12.42922,4.0
1.0,zhejiang,4.0,40.0,0.0,0.0,1.0,1600.0,1.0,16.0,11.289794,0.0,1.0,201.0,12.206078,4.0
1.0,zhejiang,4.0,49.0,0.0,0.0,0.0,2401.0,1.0,12.0,11.338584,0.0,1.0,201.0,11.338584,5.0
1.0,zhejiang,4.0,58.0,0.0,0.0,1.0,3364.0,0.0,0.0,12.206078,0.0,0.0,201.0,12.899222,4.0
1.0,zhejiang,2.0,50.0,0.0,0.0,0.0,2500.0,0.0,0.0,0.0,1.0,0.0,201.0,9.2104406,4.0
1.0,zhejiang,4.0,52.0,0.0,0.0,1.0,2704.0,1.0,9.0,0.0,0.0,0.0,201.0,12.468441,4.0
1.0,zhejiang,4.0,32.0,0.0,0.0,1.0,1024.0,0.0,16.0,,0.0,0.0,201.0,,5.0
1.0,zhejiang,3.0,75.0,0.0,0.0,1.0,5625.0,1.0,6.0,0.0,0.0,0.0,201.0,11.512936,3.0
1.0,zhejiang,4.0,35.0,0.0,0.0,1.0,1225.0,1.0,15.0,11.289794,0.0,0.0,201.0,12.206078,4.0
1.0,zhejiang,4.0,30.0,0.0,0.0,1.0,900.0,1.0,15.0,11.002116,1.0,0.0,201.0,,4.0
1.0,zhejiang,4.0,62.0,0.0,0.0,1.0,3844.0,0.0,0.0,10.308986,1.0,0.0,201.0,11.695255,4.0
1.0,zhejiang,2.0,62.0,3.0445225,0.0,1.0,3844.0,0.0,9.0,10.308986,1.0,0.0,201.0,11.002116,4.0
1.0,zhejiang,4.0,77.0,2.3978953,0.0,0.0,5929.0,1.0,12.0,10.727685,0.0,0.0,201.0,,4.0
1.0,zhejiang,4.0,33.0,3.2580965,0.0,0.0,1089.0,1.0,12.0,,0.0,0.0,201.0,,4.0
1.0,zhejiang,4.0,37.0,4.6151204,0.0,1.0,1369.0,0.0,9.0,11.512936,0.0,0.0,201.0,11.512936,4.0
1.0,zhejiang,4.0,48.0,0.0,0.0,1.0,2304.0,1.0,0.0,11.695255,0.0,0.0,201.0,12.42922,4.0
1.0,zhejiang,5.0,61.0,0.0,0.0,1.0,3721.0,0.0,12.0,11.289794,0.0,1.0,201.0,11.918397,3.0
1.0,zhejiang,4.0,27.0,0.0,0.0,1.0,729.0,1.0,12.0,10.896758,1.0,0.0,201.0,11.918397,5.0
1.0,zhejiang,3.0,26.0,0.0,0.0,0.0,676.0,0.0,16.0,11.512936,1.0,0.0,201.0,11.512936,4.0
1.0,zhejiang,4.0,75.0,0.0,0.0,1.0,5625.0,0.0,6.0,9.2104406,0.0,0.0,201.0,10.819798,4.0
1.0,zhejiang,4.0,57.0,0.0,0.0,1.0,3249.0,1.0,0.0,10.308986,0.0,1.0,201.0,,4.0
1.0,zhejiang,4.0,38.0,0.0,0.0,1.0,1444.0,0.0,19.0,12.206078,0.0,0.0,201.0,12.611541,4.0
1.0,zhejiang,4.0,44.0,0.0,0.0,1.0,1936.0,0.0,9.0,,0.0,0.0,201.0,0.0,4.0
1.0,zhejiang,4.0,61.0,0.0,0.0,1.0,3721.0,0.0,12.0,11.002116,0.0,0.0,201.0,11.512936,4.0
1.0,zhejiang,4.0,71.0,0.0,0.0,1.0,5041.0,0.0,9.0,10.308986,0.0,1.0,201.0,11.002116,3.0
1.0,zhejiang,4.0,40.0,0.0,0.0,1.0,1600.0,0.0,16.0,13.122365,1.0,0.0,201.0,13.122365,5.0
1.0,zhejiang,4.0,47.0,1.3862944,0.0,0.0,2209.0,0.0,16.0,12.793862,0.0,1.0,201.0,14.508658,4.0
1.0,zhejiang,4.0,38.0,2.7725887,0.0,1.0,1444.0,1.0,15.0,11.002116,1.0,0.0,201.0,11.918397,5.0
1.0,zhejiang,2.0,64.0,0.0,0.0,0.0,4096.0,1.0,6.0,9.9035378,1.0,0.0,201.0,9.9035378,5.0
1.0,zhejiang,4.0,30.0,0.0,0.0,1.0,900.0,1.0,15.0,0.0,0.0,0.0,201.0,12.206078,4.0
1.0,zhejiang,5.0,53.0,3.4339871,0.0,0.0,2809.0,1.0,9.0,10.819798,0.0,0.0,201.0,,4.0
1.0,zhejiang,4.0,39.0,0.0,0.0,1.0,1521.0,0.0,9.0,11.512936,1.0,0.0,201.0,11.512936,5.0
1.0,zhejiang,4.0,27.0,2.3978953,0.0,0.0,729.0,1.0,19.0,9.9035378,0.0,1.0,201.0,11.695255,5.0
1.0,zhejiang,5.0,86.0,0.0,0.0,1.0,7396.0,1.0,9.0,10.491302,0.0,1.0,201.0,11.512936,5.0
1.0,zhejiang,4.0,45.0,0.0,0.0,1.0,2025.0,1.0,6.0,9.2104406,0.0,0.0,201.0,11.156265,4.0
1.0,zhejiang,4.0,31.0,0.0,0.0,0.0,961.0,0.0,15.0,10.59666,0.0,0.0,201.0,,3.0
1.0,zhejiang,4.0,73.0,0.0,0.0,1.0,5329.0,1.0,6.0,9.0361061,1.0,0.0,201.0,9.0361061,4.0
1.0,zhejiang,4.0,59.0,0.0,0.0,0.0,3481.0,1.0,12.0,11.225257,0.0,0.0,201.0,11.225257,3.0
1.0,zhejiang,3.0,70.0,0.0,0.0,1.0,4900.0,0.0,6.0,6.5806394,1.0,0.0,201.0,12.301388,3.0
1.0,zhejiang,3.0,52.0,0.0,0.0,1.0,2704.0,1.0,9.0,9.392745,1.0,0.0,201.0,10.59666,3.0
1.0,zhejiang,4.0,71.0,1.0986123,0.0,1.0,5041.0,1.0,6.0,8.2943001,1.0,0.0,201.0,8.2943001,4.0
1.0,zhejiang,4.0,29.0,0.0,0.0,0.0,841.0,0.0,9.0,11.918397,1.0,0.0,201.0,11.918397,5.0
1.0,zhejiang,5.0,63.0,0.0,0.0,1.0,3969.0,0.0,9.0,11.002116,0.0,0.0,201.0,12.42922,5.0
1.0,zhejiang,2.0,60.0,0.0,0.0,1.0,3600.0,0.0,16.0,11.918397,0.0,1.0,201.0,12.611541,4.0
1.0,zhejiang,5.0,55.0,0.0,0.0,1.0,3025.0,1.0,9.0,10.491302,1.0,0.0,201.0,10.819798,4.0
1.0,zhejiang,3.0,40.0,0.0,0.0,1.0,1600.0,0.0,15.0,11.512936,0.0,0.0,201.0,12.206078,2.0
1.0,zhejiang,4.0,57.0,0.0,0.0,1.0,3249.0,0.0,0.0,10.491302,0.0,0.0,201.0,11.407576,4.0
1.0,zhejiang,5.0,23.0,3.0445225,0.0,0.0,529.0,1.0,16.0,10.71444,0.0,0.0,201.0,12.206078,2.0
1.0,zhejiang,4.0,22.0,5.7071104,0.0,0.0,484.0,0.0,16.0,,0.0,0.0,201.0,13.815512,5.0
1.0,zhejiang,4.0,33.0,0.0,0.0,1.0,1089.0,1.0,12.0,11.918397,0.0,0.0,201.0,11.918397,1.0
0.0,zhejiang,4.0,72.0,0.0,0.0,1.0,5184.0,0.0,6.0,9.9035378,1.0,0.0,201.0,9.2104406,3.0
1.0,zhejiang,4.0,40.0,0.0,0.0,1.0,1600.0,0.0,16.0,11.512936,0.0,0.0,201.0,11.512936,5.0
1.0,zhejiang,4.0,53.0,4.6151204,0.0,1.0,2809.0,0.0,15.0,11.512936,0.0,0.0,201.0,11.775297,4.0
1.0,zhejiang,3.0,56.0,0.0,0.0,1.0,3136.0,1.0,12.0,10.308986,0.0,0.0,201.0,10.915107,3.0
0.0,zhejiang,4.0,29.0,0.0,0.0,1.0,841.0,1.0,12.0,9.9035378,0.0,0.0,201.0,11.918397,4.0
1.0,zhejiang,4.0,32.0,0.0,0.0,1.0,1024.0,0.0,12.0,,1.0,0.0,201.0,,3.0
1.0,zhejiang,4.0,28.0,0.0,0.0,0.0,784.0,0.0,15.0,11.918397,1.0,0.0,201.0,12.206078,4.0
1.0,zhejiang,4.0,33.0,2.3978953,0.0,1.0,1089.0,0.0,6.0,11.002116,1.0,0.0,201.0,11.002116,5.0
1.0,zhejiang,5.0,69.0,0.0,0.0,1.0,4761.0,0.0,9.0,10.348206,0.0,0.0,201.0,11.654433,3.0
0.0,zhejiang,3.0,67.0,0.0,0.0,1.0,4489.0,0.0,6.0,0.0,1.0,0.0,201.0,0.0,3.0
1.0,zhejiang,4.0,59.0,0.0,0.0,1.0,3481.0,0.0,9.0,10.727685,0.0,0.0,201.0,11.314487,4.0
1.0,zhejiang,4.0,49.0,0.0,0.0,1.0,2401.0,0.0,9.0,9.9035378,1.0,0.0,201.0,10.308986,4.0
1.0,zhejiang,2.0,64.0,0.0,0.0,0.0,4096.0,1.0,12.0,,0.0,0.0,201.0,,2.0
1.0,zhejiang,2.0,57.0,3.0445225,0.0,1.0,3249.0,1.0,9.0,10.085851,1.0,0.0,201.0,10.819798,5.0
1.0,zhejiang,3.0,48.0,3.4339871,0.0,1.0,2304.0,1.0,12.0,10.71444,1.0,0.0,201.0,11.289794,3.0
1.0,zhejiang,4.0,57.0,0.0,0.0,1.0,3249.0,1.0,12.0,10.645449,0.0,0.0,201.0,12.611541,4.0
1.0,zhejiang,3.0,38.0,0.0,0.0,1.0,1444.0,0.0,12.0,12.301388,0.0,0.0,201.0,12.42922,2.0
1.0,zhejiang,4.0,71.0,2.3978953,0.0,1.0,5041.0,0.0,9.0,10.827766,0.0,1.0,201.0,10.827766,3.0
1.0,zhejiang,4.0,60.0,0.0,0.0,1.0,3600.0,1.0,12.0,10.59666,0.0,0.0,201.0,11.512936,4.0
1.0,zhejiang,5.0,65.0,2.3978953,0.0,1.0,4225.0,1.0,9.0,10.308986,0.0,0.0,201.0,11.156265,1.0
1.0,zhejiang,5.0,60.0,3.0445225,0.0,1.0,3600.0,1.0,0.0,0.0,1.0,0.0,201.0,11.002116,5.0
1.0,zhejiang,5.0,23.0,0.0,0.0,0.0,529.0,0.0,12.0,11.849405,1.0,0.0,201.0,13.815512,5.0
1.0,zhejiang,4.0,21.0,0.0,0.0,0.0,441.0,1.0,15.0,,0.0,0.0,201.0,,4.0
1.0,zhejiang,3.0,44.0,0.0,0.0,1.0,1936.0,1.0,6.0,9.9035378,1.0,0.0,201.0,10.59666,4.0
1.0,zhejiang,4.0,29.0,0.0,0.0,1.0,841.0,1.0,9.0,10.59666,1.0,0.0,201.0,11.512936,5.0
1.0,zhejiang,5.0,50.0,3.2580965,0.0,1.0,2500.0,0.0,9.0,11.002116,1.0,0.0,201.0,11.002116,5.0
0.0,zhejiang,5.0,61.0,0.0,0.0,1.0,3721.0,1.0,0.0,10.308986,1.0,0.0,201.0,12.42922,5.0
1.0,zhejiang,5.0,65.0,0.0,0.0,1.0,4225.0,1.0,6.0,11.002116,0.0,0.0,201.0,11.695255,3.0
1.0,zhejiang,3.0,41.0,0.0,0.0,1.0,1681.0,1.0,12.0,10.71444,1.0,0.0,201.0,11.512936,3.0
1.0,zhejiang,4.0,25.0,4.2626801,0.0,0.0,625.0,1.0,16.0,0.0,0.0,0.0,201.0,,3.0
0.0,zhejiang,3.0,28.0,0.0,0.0,1.0,784.0,1.0,16.0,,0.0,0.0,201.0,12.206078,5.0
1.0,zhejiang,4.0,33.0,0.0,0.0,1.0,1089.0,1.0,6.0,10.491302,1.0,0.0,201.0,11.289794,4.0
1.0,zhejiang,5.0,80.0,3.0445225,0.0,1.0,6400.0,0.0,9.0,10.59666,0.0,0.0,201.0,11.289794,3.0
0.0,zhejiang,5.0,65.0,0.0,0.0,1.0,4225.0,0.0,0.0,10.59666,0.0,0.0,201.0,11.512936,5.0
1.0,zhejiang,4.0,57.0,3.9318256,0.0,1.0,3249.0,0.0,12.0,9.9035378,0.0,0.0,201.0,10.59666,2.0
1.0,zhejiang,4.0,83.0,0.0,0.0,0.0,6889.0,1.0,6.0,9.2104406,1.0,0.0,201.0,9.2104406,4.0
1.0,zhejiang,5.0,80.0,0.0,0.0,1.0,6400.0,1.0,15.0,11.184435,0.0,1.0,201.0,11.877576,3.0
1.0,zhejiang,2.0,48.0,0.0,0.0,0.0,2304.0,1.0,6.0,10.308986,1.0,0.0,201.0,10.308986,3.0
1.0,zhejiang,4.0,75.0,0.0,0.0,1.0,5625.0,0.0,9.0,10.59666,0.0,0.0,201.0,11.184435,3.0
0.0,zhejiang,5.0,23.0,0.0,0.0,0.0,529.0,0.0,15.0,11.695255,1.0,0.0,201.0,12.42922,4.0
1.0,zhejiang,4.0,65.0,0.0,0.0,1.0,4225.0,1.0,9.0,10.676693,0.0,0.0,201.0,11.512936,3.0
1.0,zhejiang,4.0,71.0,0.0,0.0,0.0,5041.0,1.0,12.0,10.59666,0.0,1.0,201.0,10.59666,5.0
1.0,zhejiang,4.0,52.0,0.0,0.0,1.0,2704.0,0.0,9.0,10.308986,0.0,0.0,201.0,10.819798,4.0
1.0,zhejiang,4.0,25.0,0.0,0.0,1.0,625.0,0.0,12.0,11.289794,1.0,0.0,201.0,11.918397,4.0
1.0,zhejiang,5.0,54.0,0.0,0.0,1.0,2916.0,0.0,9.0,11.608245,1.0,0.0,201.0,11.608245,5.0
1.0,zhejiang,4.0,54.0,0.0,0.0,1.0,2916.0,0.0,12.0,11.156265,0.0,0.0,201.0,11.156265,4.0
1.0,zhejiang,4.0,60.0,2.3978953,0.0,1.0,3600.0,0.0,12.0,10.645449,0.0,0.0,201.0,11.512936,4.0
1.0,zhejiang,4.0,71.0,0.0,0.0,1.0,5041.0,1.0,12.0,10.645449,0.0,1.0,201.0,11.512936,4.0
1.0,zhejiang,3.0,63.0,0.0,0.0,1.0,3969.0,0.0,16.0,12.42922,0.0,0.0,201.0,12.611541,3.0
1.0,zhejiang,4.0,43.0,0.0,0.0,1.0,1849.0,0.0,9.0,11.512936,1.0,0.0,201.0,12.04356,5.0
1.0,zhejiang,4.0,23.0,0.0,0.0,0.0,529.0,0.0,16.0,8.9873219,0.0,1.0,201.0,13.458838,3.0
0.0,zhejiang,4.0,49.0,0.0,0.0,1.0,2401.0,0.0,9.0,10.59666,0.0,0.0,201.0,11.512936,4.0
1.0,zhejiang,5.0,58.0,0.0,0.0,1.0,3364.0,0.0,15.0,11.918397,0.0,1.0,201.0,13.122365,3.0
1.0,zhejiang,4.0,26.0,0.0,0.0,1.0,676.0,0.0,9.0,11.289794,1.0,0.0,201.0,,3.0
1.0,zhejiang,4.0,50.0,0.0,0.0,1.0,2500.0,0.0,19.0,12.611541,0.0,0.0,201.0,13.122365,4.0
1.0,zhejiang,4.0,78.0,1.6094379,0.0,0.0,6084.0,1.0,9.0,0.0,1.0,0.0,201.0,0.0,2.0
1.0,zhejiang,4.0,51.0,0.0,0.0,1.0,2601.0,0.0,9.0,9.9035378,1.0,0.0,201.0,10.308986,5.0
1.0,zhejiang,4.0,36.0,0.0,0.0,1.0,1296.0,1.0,16.0,11.002116,0.0,0.0,201.0,,4.0
1.0,zhejiang,4.0,53.0,0.0,0.0,1.0,2809.0,1.0,6.0,10.59666,1.0,0.0,201.0,10.645449,4.0
1.0,zhejiang,4.0,86.0,0.0,0.0,1.0,7396.0,0.0,6.0,10.778977,0.0,0.0,201.0,,4.0
1.0,zhejiang,4.0,77.0,0.0,0.0,1.0,5929.0,0.0,9.0,10.491302,1.0,0.0,201.0,11.184435,4.0
1.0,zhejiang,4.0,78.0,0.0,0.0,1.0,6084.0,1.0,6.0,0.0,1.0,0.0,201.0,11.512936,5.0
0.0,zhejiang,3.0,26.0,0.0,0.0,0.0,676.0,0.0,12.0,10.59666,1.0,0.0,201.0,11.407576,3.0
1.0,zhejiang,4.0,24.0,0.0,0.0,0.0,576.0,1.0,16.0,12.072547,0.0,1.0,201.0,,4.0
1.0,zhejiang,4.0,70.0,0.0,0.0,1.0,4900.0,0.0,6.0,9.392745,1.0,0.0,201.0,10.085851,4.0
1.0,zhejiang,2.0,34.0,0.0,0.0,0.0,1156.0,1.0,19.0,,0.0,0.0,201.0,,5.0
1.0,zhejiang,3.0,57.0,0.0,0.0,1.0,3249.0,0.0,12.0,10.59666,0.0,0.0,201.0,,4.0
0.0,zhejiang,5.0,44.0,0.0,0.0,1.0,1936.0,1.0,6.0,10.308986,0.0,0.0,201.0,10.819798,3.0
1.0,zhejiang,4.0,31.0,0.0,0.0,1.0,961.0,1.0,15.0,0.0,0.0,0.0,201.0,12.899222,4.0
1.0,zhejiang,5.0,35.0,0.0,0.0,1.0,1225.0,0.0,16.0,,0.0,0.0,201.0,,5.0
1.0,zhejiang,4.0,24.0,0.0,0.0,1.0,576.0,1.0,12.0,0.0,0.0,0.0,201.0,,4.0
1.0,zhejiang,4.0,60.0,0.0,0.0,0.0,3600.0,1.0,12.0,10.668979,0.0,0.0,201.0,,4.0
1.0,zhejiang,5.0,60.0,0.0,0.0,1.0,3600.0,1.0,12.0,10.308986,0.0,0.0,201.0,11.002116,4.0
1.0,zhejiang,4.0,66.0,0.0,0.0,1.0,4356.0,0.0,9.0,11.002116,0.0,0.0,201.0,11.512936,4.0
1.0,zhejiang,4.0,20.0,0.0,0.0,0.0,400.0,0.0,15.0,0.0,0.0,0.0,201.0,11.512936,4.0
1.0,zhejiang,4.0,37.0,0.0,0.0,1.0,1369.0,1.0,15.0,11.289794,1.0,0.0,201.0,11.512936,5.0
1.0,zhejiang,4.0,56.0,0.0,0.0,0.0,3136.0,0.0,16.0,,0.0,0.0,201.0,9.9035378,2.0
1.0,zhejiang,2.0,65.0,0.0,0.0,0.0,4225.0,1.0,6.0,8.8819752,1.0,0.0,201.0,8.8819752,3.0
1.0,anhui,4.0,60.0,0.0,0.0,0.0,3600.0,1.0,0.0,10.308986,1.0,0.0,154.0,10.308986,4.0
0.0,anhui,4.0,67.0,0.0,0.0,1.0,4489.0,1.0,0.0,9.2104406,1.0,0.0,154.0,11.002116,2.0
1.0,anhui,4.0,45.0,0.0,0.0,1.0,2025.0,1.0,12.0,0.0,1.0,0.0,154.0,10.59666,3.0
1.0,anhui,3.0,47.0,1.3862944,0.0,1.0,2209.0,0.0,9.0,10.308986,1.0,1.0,154.0,11.156265,3.0
1.0,anhui,2.0,59.0,0.0,0.0,1.0,3481.0,0.0,12.0,10.308986,0.0,0.0,154.0,11.002116,3.0
1.0,anhui,5.0,71.0,2.3978953,0.0,1.0,5041.0,0.0,6.0,9.6158724,0.0,0.0,154.0,9.6158724,3.0
1.0,anhui,5.0,45.0,0.0,0.0,1.0,2025.0,1.0,12.0,0.0,0.0,0.0,154.0,10.59666,5.0
1.0,anhui,4.0,48.0,0.0,0.0,1.0,2304.0,1.0,9.0,0.0,0.0,0.0,154.0,11.512936,4.0
1.0,anhui,4.0,70.0,0.0,0.0,1.0,4900.0,0.0,6.0,8.6996813,1.0,0.0,154.0,9.392745,4.0
0.0,anhui,2.0,54.0,0.0,0.0,0.0,2916.0,1.0,0.0,7.6014023,1.0,0.0,154.0,9.2104406,4.0
1.0,anhui,4.0,58.0,0.0,0.0,1.0,3364.0,0.0,9.0,9.7981825,0.0,0.0,154.0,9.7981825,2.0
0.0,anhui,4.0,73.0,0.0,0.0,1.0,5329.0,0.0,9.0,7.7836404,1.0,0.0,154.0,8.8819752,1.0
0.0,anhui,3.0,63.0,0.0,0.0,1.0,3969.0,0.0,0.0,9.2104406,1.0,0.0,154.0,9.2104406,4.0
1.0,anhui,3.0,64.0,1.3862944,0.0,1.0,4096.0,0.0,9.0,8.5173931,1.0,0.0,154.0,8.5173931,2.0
0.0,anhui,4.0,54.0,2.3978953,0.0,1.0,2916.0,1.0,6.0,6.9087548,1.0,0.0,154.0,7.6014023,2.0
1.0,anhui,4.0,67.0,2.3978953,0.0,1.0,4489.0,0.0,6.0,8.2943001,1.0,0.0,154.0,8.2943001,4.0
1.0,anhui,4.0,40.0,0.0,0.0,1.0,1600.0,1.0,16.0,10.778977,0.0,0.0,154.0,11.512936,4.0
1.0,anhui,4.0,53.0,0.0,0.0,0.0,2809.0,0.0,9.0,9.2104406,1.0,0.0,154.0,10.59666,4.0
1.0,anhui,4.0,59.0,0.0,0.0,1.0,3481.0,1.0,6.0,0.0,1.0,0.0,154.0,9.6158724,4.0
1.0,anhui,4.0,63.0,0.0,0.0,1.0,3969.0,0.0,12.0,9.9035378,0.0,0.0,154.0,11.156265,4.0
0.0,anhui,5.0,77.0,0.0,0.0,1.0,5929.0,1.0,0.0,6.985642,1.0,0.0,154.0,7.6014023,4.0
0.0,anhui,4.0,65.0,0.0,0.0,1.0,4225.0,1.0,6.0,0.0,1.0,0.0,154.0,9.392745,2.0
1.0,anhui,4.0,43.0,4.1108737,1.0,1.0,1849.0,1.0,6.0,9.9035378,0.0,0.0,154.0,11.002116,3.0
1.0,anhui,4.0,56.0,0.0,0.0,1.0,3136.0,1.0,6.0,7.6014023,1.0,0.0,154.0,8.5173931,4.0
0.0,anhui,5.0,54.0,0.0,0.0,1.0,2916.0,0.0,6.0,8.9873219,1.0,0.0,154.0,8.9873219,5.0
0.0,anhui,4.0,28.0,0.0,0.0,1.0,784.0,1.0,9.0,9.6158724,1.0,0.0,154.0,10.59666,5.0
0.0,anhui,4.0,70.0,0.0,0.0,0.0,4900.0,1.0,0.0,8.5173931,1.0,0.0,154.0,8.5173931,4.0
0.0,anhui,3.0,49.0,0.0,0.0,1.0,2401.0,1.0,0.0,8.2943001,1.0,0.0,154.0,9.1696224,1.0
0.0,anhui,4.0,66.0,0.0,0.0,1.0,4356.0,1.0,6.0,8.6996813,1.0,0.0,154.0,9.392745,3.0
1.0,anhui,5.0,70.0,0.0,0.0,1.0,4900.0,0.0,12.0,10.819798,0.0,1.0,154.0,11.156265,4.0
1.0,anhui,4.0,77.0,0.0,0.0,1.0,5929.0,1.0,9.0,0.0,0.0,0.0,154.0,11.289794,3.0
0.0,anhui,4.0,59.0,0.0,0.0,1.0,3481.0,0.0,12.0,9.9035378,1.0,0.0,154.0,10.59666,4.0
1.0,anhui,5.0,69.0,0.0,0.0,1.0,4761.0,1.0,0.0,7.8244457,1.0,0.0,154.0,8.5173931,2.0
1.0,anhui,3.0,45.0,1.3862944,0.0,1.0,2025.0,1.0,9.0,10.308986,1.0,0.0,154.0,10.308986,3.0
0.0,anhui,4.0,69.0,0.0,0.0,0.0,4761.0,0.0,6.0,8.9873219,1.0,0.0,154.0,10.59666,4.0
1.0,anhui,2.0,68.0,0.0,0.0,1.0,4624.0,1.0,9.0,7.6014023,1.0,0.0,154.0,8.2943001,2.0
0.0,anhui,4.0,19.0,0.0,0.0,0.0,361.0,1.0,12.0,0.0,1.0,0.0,154.0,11.512936,4.0
1.0,anhui,4.0,66.0,0.0,0.0,1.0,4356.0,1.0,0.0,0.0,1.0,0.0,154.0,,2.0
0.0,anhui,2.0,66.0,0.0,0.0,1.0,4356.0,1.0,0.0,0.0,1.0,0.0,154.0,9.2104406,3.0
1.0,anhui,3.0,66.0,0.0,0.0,1.0,4356.0,0.0,9.0,0.0,1.0,0.0,154.0,10.819798,5.0
0.0,anhui,5.0,64.0,3.0445225,0.0,1.0,4096.0,0.0,6.0,8.2430191,1.0,0.0,154.0,8.2430191,3.0
0.0,anhui,4.0,49.0,0.0,0.0,1.0,2401.0,1.0,0.0,10.819798,1.0,0.0,154.0,11.512936,4.0
0.0,anhui,4.0,64.0,0.0,0.0,1.0,4096.0,1.0,0.0,0.0,1.0,0.0,154.0,11.289794,2.0
1.0,anhui,4.0,47.0,0.0,1.0,0.0,2209.0,1.0,12.0,10.308986,0.0,0.0,154.0,11.156265,3.0
0.0,anhui,3.0,25.0,2.3978953,1.0,1.0,625.0,1.0,9.0,0.0,1.0,0.0,154.0,8.0067005,4.0
1.0,anhui,5.0,65.0,0.0,0.0,1.0,4225.0,1.0,0.0,9.9035378,1.0,0.0,154.0,10.308986,5.0
1.0,anhui,4.0,67.0,2.3978953,0.0,1.0,4489.0,0.0,6.0,10.59666,1.0,0.0,154.0,11.512936,4.0
0.0,anhui,4.0,80.0,0.0,0.0,1.0,6400.0,0.0,9.0,8.0067005,1.0,0.0,154.0,0.0,2.0
1.0,anhui,4.0,70.0,0.0,0.0,0.0,4900.0,0.0,2.0,7.6014023,1.0,0.0,154.0,,4.0
1.0,anhui,4.0,38.0,0.0,0.0,1.0,1444.0,0.0,12.0,11.407576,0.0,0.0,154.0,11.407576,4.0
1.0,anhui,4.0,78.0,0.0,0.0,1.0,6084.0,1.0,2.0,9.2104406,0.0,0.0,154.0,11.002116,4.0
0.0,anhui,5.0,55.0,2.3978953,0.0,1.0,3025.0,1.0,0.0,8.2943001,1.0,0.0,154.0,10.968216,2.0
0.0,anhui,4.0,51.0,1.7917595,0.0,1.0,2601.0,0.0,6.0,9.2104406,1.0,0.0,154.0,10.308986,4.0
1.0,anhui,4.0,68.0,4.6151204,0.0,1.0,4624.0,0.0,9.0,10.308986,0.0,0.0,154.0,,4.0
0.0,anhui,3.0,56.0,2.3978953,0.0,1.0,3136.0,1.0,0.0,0.0,1.0,0.0,154.0,9.392745,2.0
0.0,anhui,4.0,50.0,0.0,0.0,1.0,2500.0,1.0,0.0,7.6014023,1.0,0.0,154.0,9.2104406,3.0
1.0,anhui,4.0,81.0,2.7725887,0.0,0.0,6561.0,1.0,0.0,8.4252968,0.0,1.0,154.0,9.2419357,4.0
1.0,anhui,1.0,53.0,0.0,0.0,0.0,2809.0,1.0,6.0,9.2104406,0.0,0.0,154.0,9.2104406,3.0
0.0,anhui,4.0,28.0,0.0,0.0,1.0,784.0,1.0,9.0,0.0,1.0,0.0,154.0,10.819798,5.0
1.0,anhui,4.0,37.0,2.3978953,0.0,1.0,1369.0,0.0,12.0,10.819798,0.0,0.0,154.0,10.819798,4.0
0.0,anhui,4.0,70.0,0.0,0.0,1.0,4900.0,1.0,6.0,6.2166061,1.0,0.0,154.0,6.6858611,4.0
1.0,anhui,4.0,30.0,0.0,0.0,1.0,900.0,1.0,9.0,10.819798,1.0,0.0,154.0,11.407576,4.0
1.0,anhui,5.0,48.0,0.0,0.0,1.0,2304.0,1.0,9.0,0.0,0.0,0.0,154.0,11.695255,4.0
0.0,anhui,4.0,74.0,0.0,0.0,1.0,5476.0,1.0,6.0,8.6996813,1.0,0.0,154.0,8.6996813,4.0
1.0,anhui,5.0,77.0,0.0,0.0,0.0,5929.0,1.0,0.0,0.0,1.0,0.0,154.0,10.819798,2.0
1.0,anhui,3.0,64.0,0.0,0.0,1.0,4096.0,0.0,6.0,9.392745,1.0,0.0,154.0,9.9035378,5.0
1.0,anhui,4.0,47.0,0.0,0.0,1.0,2209.0,1.0,9.0,9.2104406,1.0,1.0,154.0,10.308986,3.0
1.0,anhui,4.0,57.0,0.0,0.0,1.0,3249.0,0.0,9.0,10.308986,0.0,0.0,154.0,10.308986,4.0
0.0,anhui,3.0,50.0,0.0,0.0,1.0,2500.0,1.0,0.0,8.0067005,1.0,0.0,154.0,8.5173931,4.0
1.0,anhui,4.0,66.0,0.0,0.0,1.0,4356.0,1.0,0.0,7.09091,1.0,0.0,154.0,7.7836404,3.0
0.0,anhui,4.0,70.0,0.0,0.0,1.0,4900.0,0.0,9.0,8.5173931,1.0,1.0,154.0,9.2104406,2.0
0.0,anhui,4.0,64.0,1.3862944,0.0,1.0,4096.0,0.0,6.0,7.6014023,1.0,0.0,154.0,8.5173931,2.0
1.0,anhui,3.0,76.0,0.0,0.0,1.0,5776.0,1.0,6.0,,1.0,0.0,154.0,,3.0
1.0,anhui,3.0,43.0,0.0,0.0,1.0,1849.0,1.0,9.0,0.0,1.0,0.0,154.0,13.567051,3.0
1.0,anhui,5.0,26.0,3.713572,0.0,1.0,676.0,1.0,12.0,0.0,1.0,0.0,154.0,11.156265,5.0
0.0,anhui,4.0,82.0,0.0,0.0,0.0,6724.0,0.0,2.0,,1.0,0.0,154.0,,2.0
0.0,anhui,3.0,38.0,0.0,0.0,1.0,1444.0,1.0,9.0,0.0,1.0,0.0,154.0,9.2104406,3.0
0.0,anhui,4.0,72.0,0.0,0.0,1.0,5184.0,1.0,0.0,9.3057413,1.0,0.0,154.0,9.3057413,3.0
1.0,anhui,4.0,63.0,0.0,0.0,1.0,3969.0,1.0,9.0,9.9035378,1.0,0.0,154.0,,4.0
0.0,anhui,1.0,66.0,0.0,0.0,1.0,4356.0,1.0,0.0,0.0,1.0,0.0,154.0,,2.0
1.0,anhui,4.0,19.0,0.0,0.0,0.0,361.0,0.0,12.0,0.0,1.0,0.0,154.0,10.085851,5.0
0.0,anhui,4.0,44.0,0.0,0.0,1.0,1936.0,1.0,9.0,9.9035378,1.0,1.0,154.0,10.59666,3.0
0.0,anhui,3.0,34.0,0.0,0.0,1.0,1156.0,1.0,9.0,8.5173931,1.0,0.0,154.0,10.126671,3.0
1.0,anhui,5.0,46.0,0.0,0.0,1.0,2116.0,0.0,15.0,11.156265,0.0,0.0,154.0,11.608245,4.0
1.0,anhui,4.0,47.0,0.0,0.0,1.0,2209.0,0.0,6.0,10.308986,1.0,0.0,154.0,10.819798,5.0
1.0,anhui,4.0,69.0,0.0,0.0,1.0,4761.0,0.0,0.0,0.0,0.0,0.0,154.0,10.896758,4.0
1.0,anhui,4.0,42.0,0.0,0.0,1.0,1764.0,1.0,9.0,0.0,0.0,0.0,154.0,10.915107,2.0
0.0,anhui,2.0,44.0,0.0,0.0,1.0,1936.0,1.0,6.0,8.9873219,1.0,0.0,154.0,8.9873219,3.0
1.0,anhui,5.0,75.0,0.0,0.0,1.0,5625.0,0.0,9.0,7.6014023,1.0,0.0,154.0,8.2943001,4.0
1.0,anhui,5.0,34.0,3.0445225,0.0,1.0,1156.0,1.0,6.0,0.0,0.0,0.0,154.0,10.819798,5.0
1.0,anhui,4.0,52.0,3.0445225,0.0,1.0,2704.0,0.0,9.0,10.085851,1.0,1.0,154.0,10.778977,5.0
1.0,anhui,2.0,54.0,0.0,0.0,1.0,2916.0,0.0,6.0,9.6158724,1.0,0.0,154.0,10.308986,2.0
0.0,anhui,4.0,55.0,2.3978953,0.0,1.0,3025.0,1.0,0.0,8.0067005,1.0,0.0,154.0,10.404293,4.0
0.0,anhui,4.0,80.0,0.0,0.0,0.0,6400.0,1.0,0.0,0.0,1.0,0.0,154.0,8.5173931,3.0
0.0,anhui,4.0,50.0,0.0,0.0,1.0,2500.0,1.0,0.0,8.5173931,1.0,0.0,154.0,10.59666,2.0
1.0,anhui,4.0,43.0,0.0,0.0,1.0,1849.0,1.0,9.0,10.308986,0.0,0.0,154.0,11.002116,5.0
1.0,anhui,4.0,36.0,0.0,0.0,1.0,1296.0,1.0,9.0,9.2104406,1.0,0.0,154.0,10.71444,2.0
1.0,anhui,4.0,55.0,0.0,0.0,1.0,3025.0,1.0,9.0,8.6996813,0.0,0.0,154.0,10.308986,4.0
0.0,anhui,4.0,49.0,0.0,0.0,1.0,2401.0,1.0,0.0,,1.0,0.0,154.0,9.9035378,4.0
1.0,anhui,4.0,65.0,3.0445225,0.0,1.0,4225.0,0.0,9.0,6.9087548,1.0,0.0,154.0,7.6014023,2.0
0.0,anhui,4.0,45.0,0.0,0.0,1.0,2025.0,1.0,0.0,8.0067005,1.0,0.0,154.0,8.0067005,3.0
1.0,anhui,3.0,51.0,0.0,0.0,1.0,2601.0,0.0,6.0,9.9035378,0.0,0.0,154.0,10.308986,2.0
1.0,anhui,3.0,69.0,0.0,0.0,1.0,4761.0,0.0,6.0,8.5173931,1.0,0.0,154.0,8.5173931,2.0
1.0,anhui,4.0,71.0,0.0,0.0,1.0,5041.0,1.0,9.0,0.0,0.0,0.0,154.0,11.289794,2.0
0.0,anhui,4.0,21.0,0.0,0.0,1.0,441.0,1.0,9.0,10.491302,1.0,0.0,154.0,11.156265,4.0
1.0,anhui,4.0,40.0,0.0,0.0,1.0,1600.0,1.0,6.0,11.695255,1.0,0.0,154.0,11.695255,3.0
0.0,anhui,5.0,70.0,3.0445225,0.0,1.0,4900.0,1.0,9.0,7.6014023,1.0,0.0,154.0,10.819798,5.0
0.0,anhui,4.0,70.0,0.0,0.0,1.0,4900.0,0.0,0.0,9.6158724,1.0,0.0,154.0,10.308986,4.0
1.0,anhui,5.0,57.0,0.0,0.0,1.0,3249.0,1.0,0.0,0.0,1.0,0.0,154.0,11.309597,4.0
1.0,anhui,4.0,50.0,0.0,0.0,1.0,2500.0,0.0,9.0,9.9035378,1.0,0.0,154.0,10.59666,4.0
1.0,anhui,5.0,69.0,0.0,0.0,1.0,4761.0,1.0,6.0,0.0,1.0,0.0,154.0,11.289794,1.0
1.0,anhui,1.0,77.0,0.0,0.0,0.0,5929.0,1.0,6.0,6.9087548,1.0,0.0,154.0,6.9087548,4.0
1.0,anhui,4.0,55.0,3.9318256,0.0,1.0,3025.0,0.0,9.0,8.2430191,0.0,0.0,154.0,8.9093704,4.0
1.0,anhui,4.0,70.0,0.0,0.0,1.0,4900.0,0.0,9.0,8.5173931,1.0,0.0,154.0,8.8538084,3.0
0.0,anhui,3.0,72.0,0.0,0.0,0.0,5184.0,1.0,0.0,6.6858611,1.0,0.0,154.0,6.6858611,1.0
0.0,anhui,4.0,72.0,0.0,0.0,0.0,5184.0,0.0,9.0,8.6996813,1.0,0.0,154.0,8.6996813,3.0
1.0,anhui,4.0,48.0,2.7080503,0.0,1.0,2304.0,0.0,12.0,10.59666,0.0,0.0,154.0,11.156265,4.0
0.0,anhui,4.0,33.0,0.0,0.0,1.0,1089.0,1.0,9.0,9.9035378,1.0,0.0,154.0,11.512936,4.0
1.0,anhui,5.0,44.0,0.0,0.0,1.0,1936.0,1.0,12.0,9.6158724,0.0,1.0,154.0,10.308986,3.0
1.0,anhui,5.0,70.0,0.0,0.0,1.0,4900.0,1.0,0.0,8.8306894,0.0,0.0,154.0,10.611745,4.0
1.0,anhui,4.0,26.0,0.0,0.0,0.0,676.0,1.0,6.0,10.085851,1.0,0.0,154.0,10.085851,5.0
0.0,anhui,4.0,54.0,0.0,0.0,0.0,2916.0,0.0,9.0,9.9035378,1.0,0.0,154.0,9.9035378,3.0
1.0,anhui,4.0,39.0,3.0445225,0.0,1.0,1521.0,1.0,12.0,0.0,1.0,0.0,154.0,10.819798,5.0
0.0,anhui,4.0,63.0,1.6094379,0.0,1.0,3969.0,1.0,0.0,8.6996813,1.0,0.0,154.0,9.392745,3.0
0.0,anhui,4.0,52.0,2.3978953,0.0,1.0,2704.0,1.0,0.0,9.2104406,1.0,0.0,154.0,9.2104406,4.0
1.0,anhui,5.0,43.0,0.0,0.0,1.0,1849.0,1.0,12.0,9.9035378,0.0,0.0,154.0,10.59666,5.0
1.0,anhui,4.0,45.0,3.0445225,0.0,1.0,2025.0,1.0,9.0,10.59666,0.0,0.0,154.0,12.206078,5.0
0.0,anhui,4.0,50.0,1.7917595,0.0,1.0,2500.0,0.0,6.0,10.463132,1.0,0.0,154.0,11.156265,3.0
1.0,anhui,4.0,63.0,0.0,0.0,1.0,3969.0,0.0,12.0,10.308986,0.0,0.0,154.0,10.819798,5.0
1.0,anhui,5.0,65.0,0.0,0.0,1.0,4225.0,0.0,9.0,9.9035378,1.0,0.0,154.0,11.512936,4.0
1.0,anhui,5.0,30.0,0.0,0.0,1.0,900.0,0.0,12.0,10.819798,1.0,1.0,154.0,10.819798,5.0
0.0,anhui,4.0,60.0,0.0,0.0,0.0,3600.0,1.0,0.0,0.0,1.0,0.0,154.0,10.59666,4.0
1.0,anhui,4.0,43.0,0.0,0.0,1.0,1849.0,1.0,12.0,10.308986,0.0,0.0,154.0,11.512936,4.0
0.0,anhui,4.0,63.0,0.0,0.0,1.0,3969.0,0.0,6.0,7.6014023,1.0,0.0,154.0,7.6014023,2.0
0.0,anhui,4.0,55.0,0.0,0.0,1.0,3025.0,0.0,9.0,9.9035378,1.0,0.0,154.0,10.59666,3.0
1.0,anhui,5.0,71.0,4.1108737,0.0,0.0,5041.0,0.0,9.0,8.5173931,0.0,0.0,154.0,8.5173931,2.0
1.0,anhui,4.0,76.0,0.0,0.0,1.0,5776.0,0.0,12.0,8.0067005,0.0,1.0,154.0,8.0067005,4.0
1.0,anhui,4.0,28.0,0.0,0.0,1.0,784.0,0.0,9.0,0.0,1.0,0.0,154.0,,5.0
0.0,anhui,3.0,72.0,3.2580965,0.0,0.0,5184.0,0.0,0.0,,1.0,0.0,154.0,,2.0
1.0,anhui,5.0,61.0,0.0,0.0,1.0,3721.0,0.0,2.0,0.0,0.0,0.0,154.0,9.392745,3.0
1.0,anhui,4.0,75.0,0.0,0.0,1.0,5625.0,1.0,9.0,10.819798,0.0,0.0,154.0,10.819798,4.0
0.0,anhui,4.0,72.0,0.0,0.0,1.0,5184.0,1.0,6.0,6.9087548,1.0,0.0,154.0,8.0067005,2.0
0.0,anhui,4.0,28.0,0.0,0.0,1.0,784.0,1.0,9.0,9.2104406,1.0,0.0,154.0,10.59666,3.0
1.0,anhui,4.0,73.0,0.0,0.0,1.0,5329.0,0.0,6.0,8.6996813,1.0,0.0,154.0,8.6996813,2.0
1.0,anhui,4.0,65.0,0.0,0.0,1.0,4225.0,1.0,6.0,,0.0,0.0,154.0,9.9035378,2.0
1.0,anhui,4.0,59.0,2.3978953,0.0,1.0,3481.0,0.0,9.0,8.0067005,1.0,0.0,154.0,8.2943001,4.0
0.0,anhui,4.0,71.0,0.0,0.0,0.0,5041.0,1.0,0.0,6.9087548,1.0,0.0,154.0,6.9087548,5.0
1.0,anhui,4.0,35.0,0.0,0.0,1.0,1225.0,1.0,9.0,9.9035378,1.0,0.0,154.0,11.512936,5.0
0.0,anhui,3.0,55.0,0.0,0.0,1.0,3025.0,1.0,0.0,0.0,1.0,0.0,154.0,8.7949762,2.0
1.0,anhui,4.0,36.0,0.0,0.0,1.0,1296.0,1.0,9.0,9.2104406,1.0,0.0,154.0,11.002116,5.0
1.0,anhui,4.0,79.0,0.0,0.0,0.0,6241.0,1.0,0.0,,1.0,0.0,154.0,,3.0
0.0,anhui,4.0,51.0,3.0445225,0.0,1.0,2601.0,0.0,0.0,9.2104406,1.0,0.0,154.0,11.002116,2.0
1.0,anhui,4.0,26.0,0.0,0.0,1.0,676.0,1.0,12.0,8.5173931,1.0,0.0,154.0,10.819798,3.0
1.0,anhui,4.0,39.0,0.0,0.0,1.0,1521.0,1.0,9.0,10.308986,0.0,0.0,154.0,10.59666,4.0
0.0,anhui,4.0,72.0,0.0,0.0,1.0,5184.0,0.0,6.0,8.8538084,1.0,0.0,154.0,9.5468836,2.0
1.0,anhui,5.0,51.0,0.0,0.0,1.0,2601.0,0.0,6.0,10.59666,0.0,0.0,154.0,10.59666,5.0
0.0,anhui,4.0,33.0,3.4339871,0.0,1.0,1089.0,1.0,9.0,0.0,1.0,0.0,154.0,11.512936,4.0
1.0,anhui,4.0,71.0,0.0,0.0,1.0,5041.0,1.0,6.0,8.0067005,1.0,0.0,154.0,8.6996813,2.0
1.0,anhui,4.0,49.0,2.7725887,0.0,1.0,2401.0,0.0,16.0,11.156265,0.0,1.0,154.0,11.512936,3.0
1.0,anhui,4.0,64.0,0.0,0.0,1.0,4096.0,1.0,6.0,9.4880476,0.0,0.0,154.0,10.181157,1.0
0.0,anhui,4.0,56.0,0.0,0.0,1.0,3136.0,1.0,0.0,9.2104406,1.0,0.0,154.0,9.2104406,2.0
1.0,anhui,4.0,69.0,0.0,0.0,0.0,4761.0,1.0,6.0,,1.0,0.0,154.0,10.819798,4.0
1.0,anhui,4.0,66.0,0.0,0.0,1.0,4356.0,1.0,0.0,8.5173931,1.0,0.0,154.0,8.6996813,3.0
0.0,anhui,3.0,72.0,1.0986123,0.0,1.0,5184.0,0.0,6.0,8.5173931,1.0,0.0,154.0,8.5173931,4.0
1.0,anhui,3.0,47.0,0.0,0.0,1.0,2209.0,1.0,9.0,9.9035378,1.0,0.0,154.0,11.512936,3.0
1.0,anhui,4.0,84.0,0.0,0.0,0.0,7056.0,0.0,6.0,10.385944,0.0,0.0,154.0,10.385944,3.0
1.0,anhui,4.0,70.0,0.0,0.0,0.0,4900.0,0.0,6.0,7.7836404,1.0,0.0,154.0,7.6014023,4.0
1.0,anhui,4.0,80.0,0.0,0.0,1.0,6400.0,0.0,0.0,8.5173931,1.0,0.0,154.0,8.5173931,4.0
1.0,anhui,4.0,42.0,0.0,0.0,1.0,1764.0,0.0,15.0,10.819798,0.0,0.0,154.0,11.512936,5.0
0.0,anhui,4.0,47.0,0.0,0.0,1.0,2209.0,1.0,9.0,9.9035378,1.0,0.0,154.0,10.308986,4.0
0.0,anhui,4.0,65.0,0.0,0.0,1.0,4225.0,1.0,0.0,9.2104406,1.0,0.0,154.0,9.9035378,2.0
0.0,anhui,4.0,66.0,0.0,0.0,0.0,4356.0,1.0,0.0,7.7836404,1.0,0.0,154.0,7.7836404,4.0
1.0,anhui,4.0,54.0,0.0,1.0,1.0,2916.0,1.0,9.0,0.0,0.0,0.0,154.0,10.59666,5.0
1.0,anhui,4.0,47.0,0.0,0.0,1.0,2209.0,0.0,6.0,8.9873219,1.0,0.0,154.0,9.9035378,5.0
1.0,anhui,2.0,57.0,4.3944492,0.0,1.0,3249.0,0.0,12.0,11.512936,1.0,0.0,154.0,11.695255,3.0
0.0,anhui,4.0,43.0,1.3862944,0.0,1.0,1849.0,1.0,6.0,8.8538084,1.0,0.0,154.0,9.392745,4.0
1.0,anhui,4.0,50.0,0.0,0.0,1.0,2500.0,1.0,0.0,8.2943001,1.0,0.0,154.0,8.8538084,3.0
1.0,anhui,4.0,56.0,2.3978953,0.0,1.0,3136.0,1.0,9.0,10.085851,0.0,0.0,154.0,10.778977,4.0
0.0,anhui,4.0,63.0,0.0,0.0,1.0,3969.0,1.0,0.0,0.0,1.0,0.0,154.0,,4.0
0.0,anhui,3.0,78.0,0.0,0.0,0.0,6084.0,1.0,0.0,0.0,1.0,0.0,154.0,0.0,3.0
0.0,anhui,4.0,56.0,0.0,0.0,0.0,3136.0,0.0,12.0,10.819798,1.0,0.0,154.0,11.512936,4.0
1.0,anhui,5.0,70.0,0.0,0.0,0.0,4900.0,1.0,0.0,,1.0,0.0,154.0,11.156265,2.0
1.0,anhui,5.0,72.0,0.0,0.0,1.0,5184.0,0.0,6.0,0.0,1.0,0.0,154.0,9.9035378,4.0
1.0,anhui,4.0,23.0,0.0,0.0,1.0,529.0,1.0,15.0,0.0,1.0,0.0,154.0,11.289794,4.0
1.0,anhui,5.0,77.0,0.0,0.0,1.0,5929.0,0.0,6.0,9.2104406,1.0,0.0,154.0,9.2104406,5.0
0.0,anhui,2.0,59.0,0.0,0.0,1.0,3481.0,1.0,9.0,8.5173931,1.0,0.0,154.0,9.9035378,3.0
1.0,anhui,1.0,70.0,0.0,0.0,1.0,4900.0,0.0,0.0,7.6014023,1.0,0.0,154.0,7.6014023,2.0
1.0,anhui,3.0,81.0,3.9318256,0.0,1.0,6561.0,0.0,16.0,10.463132,0.0,0.0,154.0,11.918397,3.0
0.0,anhui,4.0,32.0,0.0,0.0,1.0,1024.0,1.0,9.0,9.2104406,1.0,0.0,154.0,10.59666,3.0
1.0,anhui,5.0,71.0,0.0,0.0,0.0,5041.0,0.0,9.0,0.0,0.0,0.0,154.0,11.002116,4.0
0.0,anhui,5.0,44.0,0.0,0.0,1.0,1936.0,0.0,9.0,9.9035378,1.0,0.0,154.0,10.59666,4.0
0.0,anhui,4.0,94.0,0.0,0.0,0.0,8836.0,1.0,0.0,6.8679743,1.0,0.0,154.0,6.8679743,4.0
0.0,anhui,4.0,38.0,2.3978953,0.0,1.0,1444.0,0.0,9.0,9.6158724,1.0,0.0,154.0,11.918397,4.0
0.0,anhui,4.0,58.0,0.0,0.0,1.0,3364.0,0.0,15.0,10.819798,0.0,1.0,154.0,11.695255,5.0
1.0,anhui,3.0,47.0,0.0,0.0,1.0,2209.0,0.0,6.0,10.085851,1.0,0.0,154.0,10.308986,3.0
1.0,anhui,4.0,44.0,0.0,0.0,1.0,1936.0,1.0,9.0,9.6804066,0.0,0.0,154.0,9.9035378,4.0
0.0,anhui,4.0,49.0,2.3978953,0.0,1.0,2401.0,1.0,0.0,7.6014023,1.0,0.0,154.0,8.2943001,5.0
0.0,anhui,2.0,52.0,1.0986123,0.0,1.0,2704.0,1.0,0.0,0.0,1.0,0.0,154.0,0.0,2.0
1.0,anhui,4.0,49.0,0.0,0.0,1.0,2401.0,1.0,15.0,11.512936,0.0,0.0,154.0,12.611541,4.0
1.0,anhui,4.0,48.0,0.0,0.0,1.0,2304.0,1.0,0.0,0.0,1.0,0.0,154.0,10.308986,3.0
1.0,anhui,4.0,59.0,0.0,0.0,0.0,3481.0,1.0,6.0,9.392745,1.0,0.0,154.0,9.392745,2.0
0.0,anhui,4.0,35.0,0.0,0.0,1.0,1225.0,1.0,9.0,9.6158724,1.0,0.0,154.0,11.002116,4.0
1.0,anhui,4.0,54.0,0.0,0.0,1.0,2916.0,1.0,6.0,9.2104406,1.0,0.0,154.0,10.308986,5.0
1.0,anhui,4.0,41.0,2.7725887,0.0,1.0,1681.0,1.0,9.0,10.819798,0.0,0.0,154.0,10.819798,4.0
1.0,anhui,4.0,82.0,0.0,0.0,1.0,6724.0,0.0,0.0,7.09091,1.0,0.0,154.0,8.2943001,2.0
1.0,anhui,4.0,80.0,0.0,0.0,0.0,6400.0,1.0,6.0,6.9285378,1.0,0.0,154.0,6.9285378,4.0
1.0,anhui,4.0,34.0,0.0,0.0,1.0,1156.0,1.0,12.0,9.2104406,1.0,0.0,154.0,9.9035378,4.0
0.0,anhui,4.0,60.0,0.0,0.0,1.0,3600.0,1.0,0.0,,1.0,0.0,154.0,,2.0
1.0,anhui,3.0,63.0,0.0,0.0,1.0,3969.0,1.0,6.0,9.2104406,1.0,0.0,154.0,10.308986,4.0
1.0,anhui,4.0,42.0,2.3978953,0.0,1.0,1764.0,0.0,12.0,9.1050911,1.0,0.0,154.0,11.512936,3.0
1.0,anhui,4.0,23.0,0.0,0.0,0.0,529.0,0.0,9.0,11.002116,1.0,0.0,154.0,11.512936,4.0
1.0,anhui,4.0,64.0,0.0,0.0,1.0,4096.0,0.0,12.0,10.59666,0.0,0.0,154.0,11.512936,5.0
1.0,anhui,4.0,50.0,0.0,0.0,1.0,2500.0,1.0,6.0,0.0,0.0,0.0,154.0,8.0067005,2.0
0.0,anhui,4.0,75.0,3.0445225,0.0,1.0,5625.0,1.0,0.0,0.0,1.0,0.0,154.0,10.819798,2.0
1.0,anhui,4.0,46.0,2.7725887,0.0,1.0,2116.0,0.0,12.0,8.6996813,0.0,0.0,154.0,9.392745,3.0
1.0,anhui,4.0,47.0,0.0,0.0,1.0,2209.0,1.0,6.0,9.2104406,1.0,0.0,154.0,9.9035378,3.0
1.0,anhui,4.0,67.0,0.0,0.0,0.0,4489.0,0.0,6.0,9.2104406,1.0,0.0,154.0,10.915107,4.0
1.0,anhui,4.0,44.0,3.9318256,0.0,1.0,1936.0,0.0,9.0,9.9035378,0.0,0.0,154.0,9.9035378,5.0
1.0,anhui,4.0,48.0,0.0,0.0,1.0,2304.0,1.0,9.0,9.6158724,1.0,0.0,154.0,10.819798,4.0
1.0,anhui,4.0,70.0,0.0,0.0,1.0,4900.0,0.0,0.0,10.422311,0.0,0.0,154.0,10.981915,1.0
1.0,anhui,4.0,48.0,2.7725887,0.0,1.0,2304.0,0.0,9.0,9.7981825,1.0,0.0,154.0,9.9035378,4.0
0.0,anhui,3.0,67.0,0.0,0.0,0.0,4489.0,1.0,0.0,0.0,1.0,0.0,154.0,11.156265,4.0
1.0,anhui,2.0,56.0,0.0,0.0,1.0,3136.0,0.0,6.0,0.0,1.0,0.0,154.0,10.463132,3.0
0.0,anhui,3.0,31.0,0.0,0.0,1.0,961.0,1.0,6.0,10.308986,1.0,0.0,154.0,11.775297,3.0
0.0,anhui,5.0,64.0,0.0,0.0,1.0,4096.0,1.0,0.0,8.8538084,1.0,0.0,154.0,9.5468836,3.0
0.0,anhui,4.0,62.0,0.0,0.0,1.0,3844.0,0.0,9.0,8.5173931,1.0,0.0,154.0,9.9035378,4.0
0.0,anhui,4.0,90.0,0.0,0.0,0.0,8100.0,0.0,6.0,0.0,1.0,1.0,154.0,0.0,2.0
1.0,anhui,4.0,65.0,0.0,0.0,1.0,4225.0,1.0,6.0,10.134639,0.0,0.0,154.0,11.423012,3.0
0.0,anhui,4.0,71.0,0.0,0.0,1.0,5041.0,0.0,6.0,8.6996813,1.0,0.0,154.0,11.512936,2.0
0.0,anhui,4.0,88.0,0.0,0.0,1.0,7744.0,0.0,0.0,7.3783836,1.0,0.0,154.0,8.0712185,2.0
1.0,anhui,4.0,47.0,0.0,0.0,1.0,2209.0,1.0,9.0,9.2104406,1.0,0.0,154.0,10.308986,3.0
0.0,anhui,2.0,70.0,0.0,0.0,0.0,4900.0,1.0,6.0,0.0,1.0,0.0,154.0,6.9087548,1.0
1.0,anhui,3.0,31.0,2.7725887,0.0,1.0,961.0,1.0,9.0,12.611541,0.0,0.0,154.0,13.122365,5.0
0.0,anhui,4.0,78.0,1.7917595,0.0,1.0,6084.0,0.0,9.0,8.6996813,1.0,1.0,154.0,8.6996813,3.0
1.0,anhui,5.0,75.0,0.0,0.0,1.0,5625.0,1.0,0.0,0.0,1.0,0.0,154.0,8.3895874,2.0
0.0,anhui,3.0,72.0,0.0,0.0,1.0,5184.0,1.0,6.0,7.8244457,1.0,0.0,154.0,7.8244457,3.0
1.0,anhui,4.0,56.0,3.4339871,0.0,1.0,3136.0,1.0,12.0,9.9035378,0.0,0.0,154.0,11.512936,5.0
1.0,anhui,4.0,29.0,0.0,0.0,1.0,841.0,0.0,9.0,10.59666,1.0,0.0,154.0,11.289794,2.0
0.0,anhui,2.0,56.0,0.0,0.0,1.0,3136.0,0.0,16.0,9.2104406,1.0,1.0,154.0,10.308986,4.0
0.0,anhui,2.0,55.0,0.0,0.0,1.0,3025.0,1.0,6.0,0.0,1.0,0.0,154.0,0.0,2.0
1.0,anhui,5.0,37.0,0.0,0.0,1.0,1369.0,1.0,0.0,10.819798,1.0,0.0,154.0,12.206078,4.0
1.0,anhui,5.0,73.0,3.4339871,0.0,1.0,5329.0,0.0,9.0,8.6996813,1.0,0.0,154.0,8.5173931,2.0
1.0,anhui,4.0,86.0,0.0,0.0,0.0,7396.0,1.0,0.0,0.0,1.0,0.0,154.0,10.819798,3.0
0.0,anhui,4.0,75.0,0.0,0.0,0.0,5625.0,0.0,6.0,9.2104406,1.0,0.0,154.0,9.2104406,4.0
1.0,anhui,4.0,93.0,0.0,0.0,1.0,8649.0,1.0,0.0,0.0,0.0,0.0,154.0,0.0,2.0
0.0,anhui,4.0,70.0,0.0,0.0,0.0,4900.0,1.0,0.0,0.0,1.0,0.0,154.0,8.2943001,2.0
0.0,anhui,4.0,68.0,0.0,0.0,1.0,4624.0,1.0,0.0,9.6158724,1.0,0.0,154.0,11.289794,2.0
1.0,anhui,3.0,33.0,0.0,0.0,1.0,1089.0,1.0,9.0,0.0,0.0,0.0,154.0,10.165891,3.0
1.0,anhui,5.0,77.0,0.0,0.0,1.0,5929.0,0.0,12.0,,1.0,0.0,154.0,11.512936,4.0
1.0,anhui,5.0,65.0,0.0,0.0,1.0,4225.0,1.0,9.0,9.7642832,0.0,0.0,154.0,10.76005,3.0
1.0,anhui,4.0,80.0,0.0,0.0,1.0,6400.0,1.0,6.0,0.0,1.0,0.0,154.0,10.59666,4.0
1.0,anhui,4.0,25.0,2.3978953,0.0,0.0,625.0,0.0,15.0,9.2104406,0.0,0.0,154.0,9.9035378,4.0
1.0,anhui,4.0,65.0,0.0,0.0,0.0,4225.0,1.0,0.0,8.0067005,1.0,0.0,154.0,8.0067005,4.0
1.0,anhui,4.0,55.0,0.0,0.0,1.0,3025.0,1.0,9.0,8.5173931,1.0,0.0,154.0,10.819798,4.0
1.0,anhui,5.0,34.0,3.0445225,0.0,1.0,1156.0,1.0,12.0,0.0,0.0,0.0,154.0,9.9035378,5.0
0.0,anhui,4.0,50.0,0.0,0.0,1.0,2500.0,0.0,6.0,7.6014023,1.0,0.0,154.0,9.2104406,3.0
0.0,anhui,4.0,83.0,0.0,0.0,1.0,6889.0,1.0,0.0,0.0,1.0,0.0,154.0,7.09091,4.0
0.0,anhui,4.0,65.0,0.0,0.0,1.0,4225.0,1.0,0.0,7.8244457,1.0,0.0,154.0,8.5173931,4.0
1.0,anhui,4.0,55.0,2.3978953,0.0,1.0,3025.0,1.0,6.0,0.0,0.0,0.0,154.0,10.126671,2.0
1.0,anhui,3.0,85.0,0.0,0.0,0.0,7225.0,1.0,0.0,0.0,1.0,0.0,154.0,0.0,2.0
0.0,anhui,4.0,56.0,0.0,0.0,1.0,3136.0,1.0,0.0,8.2943001,1.0,0.0,154.0,10.819798,2.0
1.0,anhui,2.0,57.0,0.0,0.0,1.0,3249.0,1.0,9.0,8.0067005,1.0,0.0,154.0,9.2104406,4.0
0.0,anhui,4.0,59.0,0.0,0.0,1.0,3481.0,1.0,15.0,11.002116,1.0,1.0,154.0,11.002116,4.0
0.0,anhui,4.0,47.0,0.0,0.0,1.0,2209.0,1.0,6.0,9.2104406,1.0,0.0,154.0,10.308986,2.0
0.0,anhui,4.0,58.0,0.0,0.0,0.0,3364.0,1.0,0.0,,1.0,0.0,154.0,,2.0
1.0,anhui,4.0,46.0,2.7725887,0.0,1.0,2116.0,1.0,6.0,9.9035378,1.0,0.0,154.0,10.59666,4.0
0.0,anhui,4.0,38.0,0.0,0.0,0.0,1444.0,0.0,9.0,8.0067005,1.0,0.0,154.0,8.0067005,5.0
0.0,anhui,4.0,48.0,0.0,0.0,0.0,2304.0,0.0,9.0,9.2104406,1.0,0.0,154.0,9.2104406,2.0
0.0,anhui,2.0,57.0,2.3978953,0.0,1.0,3249.0,1.0,0.0,8.2534876,0.0,0.0,154.0,10.126671,2.0
1.0,anhui,5.0,51.0,3.9318256,0.0,0.0,2601.0,1.0,9.0,11.512936,0.0,0.0,154.0,11.918397,5.0
1.0,anhui,4.0,55.0,0.0,0.0,1.0,3025.0,1.0,6.0,0.0,1.0,0.0,154.0,10.819798,3.0
0.0,anhui,4.0,45.0,0.0,0.0,1.0,2025.0,1.0,0.0,9.2104406,1.0,0.0,154.0,10.819798,3.0
0.0,anhui,3.0,79.0,0.0,0.0,1.0,6241.0,0.0,0.0,8.6996813,1.0,0.0,154.0,8.6996813,4.0
0.0,anhui,5.0,70.0,2.3978953,0.0,1.0,4900.0,0.0,6.0,10.545368,0.0,0.0,154.0,10.463132,3.0
0.0,anhui,2.0,54.0,0.0,0.0,1.0,2916.0,1.0,0.0,0.0,1.0,0.0,154.0,7.6014023,2.0
1.0,anhui,4.0,58.0,0.0,0.0,1.0,3364.0,0.0,0.0,9.0120115,1.0,0.0,154.0,9.0120115,5.0
1.0,anhui,3.0,40.0,3.0445225,0.0,1.0,1600.0,0.0,9.0,10.126671,0.0,0.0,154.0,10.126671,5.0
0.0,anhui,2.0,49.0,3.0445225,0.0,1.0,2401.0,1.0,0.0,6.6858611,1.0,0.0,154.0,9.392745,4.0
1.0,anhui,2.0,85.0,0.0,0.0,0.0,7225.0,0.0,12.0,8.5173931,1.0,0.0,154.0,8.5173931,2.0
0.0,anhui,3.0,83.0,0.0,0.0,1.0,6889.0,1.0,0.0,7.3138866,1.0,0.0,154.0,7.3138866,1.0
0.0,anhui,4.0,68.0,0.0,0.0,1.0,4624.0,0.0,6.0,0.0,1.0,0.0,154.0,8.5173931,2.0
0.0,anhui,4.0,30.0,0.0,0.0,1.0,900.0,0.0,12.0,0.0,1.0,0.0,154.0,10.59666,4.0
1.0,anhui,3.0,56.0,3.0445225,0.0,1.0,3136.0,1.0,0.0,10.308986,1.0,0.0,154.0,10.308986,2.0
1.0,anhui,4.0,48.0,0.0,0.0,1.0,2304.0,1.0,6.0,9.2104406,1.0,0.0,154.0,9.9035378,3.0
1.0,anhui,4.0,29.0,0.0,0.0,1.0,841.0,1.0,12.0,10.308986,1.0,0.0,154.0,,5.0
0.0,anhui,4.0,63.0,0.0,0.0,1.0,3969.0,0.0,6.0,9.4727812,1.0,0.0,154.0,9.4727812,4.0
1.0,anhui,5.0,66.0,0.0,0.0,1.0,4356.0,1.0,6.0,9.7291937,0.0,0.0,154.0,10.203629,4.0
1.0,anhui,4.0,64.0,0.0,0.0,1.0,4096.0,1.0,0.0,6.2166061,1.0,0.0,154.0,6.9087548,3.0
1.0,anhui,4.0,60.0,0.0,0.0,1.0,3600.0,1.0,6.0,0.0,1.0,0.0,154.0,9.2104406,4.0
0.0,anhui,4.0,37.0,0.0,0.0,1.0,1369.0,1.0,12.0,8.9873219,1.0,0.0,154.0,9.9035378,2.0
0.0,anhui,4.0,20.0,0.0,0.0,1.0,400.0,0.0,6.0,9.9035378,1.0,0.0,154.0,11.512936,4.0
0.0,anhui,3.0,52.0,0.0,0.0,1.0,2704.0,1.0,6.0,,1.0,0.0,154.0,10.933125,4.0
1.0,anhui,4.0,64.0,0.0,0.0,1.0,4096.0,1.0,0.0,0.0,1.0,0.0,154.0,9.2104406,3.0
1.0,anhui,5.0,68.0,0.0,0.0,0.0,4624.0,0.0,6.0,9.2104406,1.0,0.0,154.0,9.2104406,5.0
0.0,anhui,4.0,45.0,0.0,0.0,1.0,2025.0,0.0,9.0,8.5173931,1.0,0.0,154.0,8.5173931,4.0
0.0,anhui,4.0,63.0,4.2626801,0.0,1.0,3969.0,1.0,0.0,9.2104406,1.0,0.0,154.0,12.055256,2.0
0.0,anhui,4.0,58.0,0.0,0.0,0.0,3364.0,0.0,0.0,9.9035378,1.0,0.0,154.0,9.9035378,4.0
1.0,anhui,4.0,54.0,0.0,0.0,1.0,2916.0,0.0,0.0,,1.0,0.0,154.0,,3.0
1.0,anhui,4.0,68.0,0.0,0.0,1.0,4624.0,1.0,0.0,0.0,1.0,0.0,154.0,9.9035378,3.0
0.0,anhui,4.0,22.0,6.2166061,0.0,0.0,484.0,0.0,16.0,0.0,0.0,0.0,154.0,11.156265,5.0
1.0,anhui,3.0,38.0,3.0445225,0.0,0.0,1444.0,0.0,6.0,10.819798,1.0,0.0,154.0,10.819798,4.0
0.0,anhui,4.0,74.0,0.0,0.0,1.0,5476.0,0.0,9.0,7.6014023,1.0,0.0,154.0,10.819798,2.0
0.0,anhui,1.0,76.0,0.0,0.0,1.0,5776.0,1.0,9.0,0.0,1.0,0.0,154.0,0.0,2.0
0.0,anhui,5.0,55.0,0.0,0.0,1.0,3025.0,1.0,12.0,9.2104406,1.0,0.0,154.0,11.289794,5.0
0.0,anhui,4.0,40.0,0.0,0.0,1.0,1600.0,0.0,9.0,9.2104406,1.0,0.0,154.0,9.9035378,4.0
1.0,anhui,5.0,49.0,0.0,0.0,1.0,2401.0,0.0,12.0,11.002116,0.0,1.0,154.0,11.695255,4.0
1.0,anhui,5.0,20.0,0.0,0.0,0.0,400.0,0.0,16.0,0.0,1.0,0.0,154.0,10.308986,5.0
1.0,anhui,5.0,55.0,0.0,0.0,1.0,3025.0,0.0,9.0,10.308986,0.0,0.0,154.0,11.512936,5.0
0.0,anhui,4.0,40.0,0.0,0.0,1.0,1600.0,0.0,9.0,10.59666,1.0,1.0,154.0,10.59666,4.0
0.0,anhui,3.0,63.0,1.7917595,0.0,1.0,3969.0,0.0,6.0,8.6996813,1.0,0.0,154.0,,4.0
1.0,anhui,4.0,30.0,0.0,0.0,0.0,900.0,1.0,9.0,0.0,1.0,0.0,154.0,10.308986,5.0
0.0,anhui,3.0,63.0,0.0,0.0,0.0,3969.0,1.0,0.0,0.0,1.0,0.0,154.0,8.5173931,3.0
1.0,anhui,4.0,47.0,2.3978953,0.0,1.0,2209.0,0.0,6.0,8.2943001,1.0,0.0,154.0,9.9035378,4.0
0.0,anhui,4.0,42.0,1.3862944,0.0,1.0,1764.0,0.0,9.0,9.9035378,1.0,0.0,154.0,9.9035378,4.0
1.0,anhui,5.0,66.0,0.0,0.0,1.0,4356.0,1.0,0.0,7.6014023,1.0,0.0,154.0,7.6014023,2.0
1.0,anhui,4.0,24.0,3.4339871,0.0,1.0,576.0,0.0,9.0,10.59666,0.0,0.0,154.0,11.918397,5.0
1.0,anhui,4.0,57.0,3.4339871,0.0,1.0,3249.0,0.0,6.0,9.2104406,1.0,0.0,154.0,9.2104406,5.0
1.0,anhui,5.0,28.0,0.0,0.0,1.0,784.0,1.0,12.0,11.512936,1.0,0.0,154.0,11.512936,4.0
1.0,anhui,4.0,74.0,0.0,0.0,1.0,5476.0,0.0,9.0,10.308986,1.0,0.0,154.0,10.59666,3.0
0.0,anhui,4.0,57.0,2.3978953,0.0,1.0,3249.0,1.0,6.0,7.6014023,1.0,0.0,154.0,9.2104406,4.0
1.0,anhui,3.0,90.0,0.0,0.0,1.0,8100.0,0.0,0.0,7.6014023,1.0,0.0,154.0,8.0067005,2.0
1.0,anhui,4.0,51.0,0.0,0.0,1.0,2601.0,1.0,6.0,8.6996813,0.0,0.0,154.0,8.8538084,2.0
1.0,anhui,4.0,80.0,1.3862944,0.0,0.0,6400.0,1.0,0.0,8.1608038,1.0,0.0,154.0,8.1608038,3.0
0.0,anhui,2.0,33.0,0.0,0.0,1.0,1089.0,1.0,9.0,9.6158724,1.0,0.0,154.0,9.6158724,3.0
1.0,anhui,5.0,86.0,0.0,0.0,0.0,7396.0,1.0,16.0,10.778977,0.0,0.0,154.0,11.775297,2.0
1.0,anhui,4.0,61.0,0.0,0.0,1.0,3721.0,0.0,12.0,9.2104406,1.0,0.0,154.0,9.9035378,2.0
1.0,anhui,2.0,55.0,3.0445225,0.0,1.0,3025.0,1.0,9.0,9.2104406,1.0,0.0,154.0,9.9035378,2.0
1.0,anhui,5.0,63.0,0.0,0.0,1.0,3969.0,0.0,12.0,9.9035378,1.0,0.0,154.0,9.9035378,4.0
0.0,anhui,4.0,26.0,2.7725887,0.0,1.0,676.0,1.0,9.0,7.6014023,1.0,0.0,154.0,10.308986,5.0
0.0,anhui,4.0,79.0,0.0,0.0,1.0,6241.0,0.0,6.0,6.6858611,1.0,0.0,154.0,6.6858611,1.0
1.0,anhui,4.0,73.0,3.0445225,0.0,1.0,5329.0,0.0,9.0,8.412055,1.0,0.0,154.0,10.71444,2.0
1.0,anhui,5.0,65.0,0.0,0.0,1.0,4225.0,0.0,9.0,9.9035378,1.0,0.0,154.0,10.819798,2.0
1.0,anhui,3.0,50.0,0.0,0.0,1.0,2500.0,1.0,0.0,,1.0,0.0,154.0,,4.0
1.0,anhui,2.0,37.0,0.0,0.0,1.0,1369.0,1.0,6.0,0.0,1.0,0.0,154.0,8.6996813,5.0
0.0,anhui,4.0,57.0,0.0,0.0,1.0,3249.0,0.0,9.0,9.2104406,1.0,0.0,154.0,10.085851,3.0
0.0,anhui,3.0,36.0,1.3862944,0.0,1.0,1296.0,1.0,9.0,9.392745,1.0,0.0,154.0,10.085851,4.0
1.0,anhui,4.0,60.0,0.0,0.0,1.0,3600.0,0.0,6.0,10.59666,1.0,0.0,154.0,10.762171,2.0
0.0,anhui,4.0,64.0,0.0,0.0,1.0,4096.0,1.0,0.0,7.6014023,1.0,0.0,154.0,8.2943001,1.0
1.0,anhui,5.0,74.0,2.7725887,0.0,0.0,5476.0,1.0,0.0,6.9087548,1.0,0.0,154.0,10.59666,2.0
1.0,anhui,4.0,64.0,1.0986123,0.0,1.0,4096.0,1.0,0.0,0.0,1.0,0.0,154.0,8.0067005,4.0
1.0,anhui,1.0,53.0,0.0,0.0,0.0,2809.0,0.0,6.0,10.308986,1.0,0.0,154.0,10.308986,3.0
1.0,anhui,3.0,67.0,0.0,0.0,1.0,4489.0,1.0,9.0,10.422311,0.0,0.0,154.0,10.851296,2.0
1.0,anhui,2.0,86.0,0.0,0.0,0.0,7396.0,1.0,0.0,8.6996813,1.0,0.0,154.0,8.6996813,2.0
0.0,anhui,4.0,52.0,2.3978953,0.0,1.0,2704.0,1.0,6.0,8.9873219,1.0,0.0,154.0,9.9035378,4.0
0.0,anhui,4.0,55.0,0.0,0.0,1.0,3025.0,1.0,0.0,6.9087548,1.0,0.0,154.0,9.2104406,3.0
1.0,anhui,4.0,53.0,0.0,0.0,1.0,2809.0,1.0,12.0,10.59666,0.0,1.0,154.0,11.849405,4.0
0.0,anhui,3.0,30.0,0.0,0.0,1.0,900.0,1.0,6.0,0.0,1.0,0.0,154.0,9.392745,3.0
1.0,anhui,3.0,70.0,0.0,0.0,1.0,4900.0,0.0,6.0,0.0,1.0,0.0,154.0,10.778977,2.0
1.0,anhui,4.0,80.0,0.0,0.0,0.0,6400.0,0.0,12.0,8.8819752,1.0,1.0,154.0,,2.0
0.0,anhui,4.0,78.0,0.0,0.0,0.0,6084.0,0.0,0.0,8.8538084,1.0,0.0,154.0,8.8538084,2.0
1.0,anhui,4.0,46.0,0.0,0.0,1.0,2116.0,0.0,9.0,9.9035378,1.0,0.0,154.0,10.308986,4.0
1.0,anhui,5.0,23.0,0.0,1.0,1.0,529.0,1.0,9.0,9.2104406,1.0,0.0,154.0,9.9035378,5.0
1.0,anhui,5.0,46.0,0.0,0.0,1.0,2116.0,0.0,9.0,10.463132,1.0,0.0,154.0,10.819798,5.0
1.0,anhui,4.0,52.0,0.0,0.0,1.0,2704.0,0.0,9.0,9.2104406,1.0,0.0,154.0,9.9035378,4.0
0.0,anhui,4.0,23.0,0.0,0.0,0.0,529.0,1.0,16.0,10.126671,1.0,0.0,154.0,11.289794,3.0
1.0,anhui,4.0,89.0,0.0,0.0,0.0,7921.0,0.0,6.0,6.985642,1.0,0.0,154.0,6.985642,2.0
0.0,anhui,4.0,62.0,0.0,0.0,1.0,3844.0,1.0,0.0,8.0067005,1.0,0.0,154.0,8.0067005,3.0
0.0,anhui,3.0,63.0,0.0,0.0,1.0,3969.0,1.0,6.0,0.0,1.0,0.0,154.0,9.9035378,3.0
1.0,anhui,3.0,51.0,0.0,0.0,1.0,2601.0,1.0,0.0,8.5173931,1.0,0.0,154.0,9.9035378,4.0
0.0,anhui,4.0,48.0,0.0,0.0,1.0,2304.0,1.0,9.0,10.308986,1.0,0.0,154.0,10.819798,4.0
1.0,anhui,5.0,37.0,3.0445225,0.0,1.0,1369.0,0.0,9.0,10.59666,1.0,1.0,154.0,11.289794,5.0
0.0,anhui,4.0,47.0,0.0,0.0,1.0,2209.0,1.0,0.0,8.5173931,1.0,0.0,154.0,10.491302,5.0
0.0,anhui,4.0,28.0,0.0,0.0,1.0,784.0,1.0,15.0,,1.0,0.0,154.0,10.59666,4.0
0.0,anhui,4.0,39.0,0.0,0.0,1.0,1521.0,0.0,9.0,9.392745,1.0,0.0,154.0,9.392745,3.0
0.0,anhui,3.0,52.0,1.7917595,0.0,1.0,2704.0,1.0,0.0,8.5173931,1.0,0.0,154.0,10.819798,3.0
0.0,anhui,2.0,52.0,0.0,0.0,1.0,2704.0,1.0,6.0,9.9035378,1.0,0.0,154.0,10.59666,2.0
1.0,anhui,4.0,69.0,2.7725887,0.0,1.0,4761.0,1.0,9.0,10.165891,0.0,0.0,154.0,11.289794,3.0
1.0,anhui,3.0,46.0,0.0,0.0,1.0,2116.0,0.0,6.0,9.6158724,1.0,0.0,154.0,9.6158724,4.0
1.0,anhui,4.0,69.0,0.0,0.0,1.0,4761.0,1.0,12.0,7.7836404,0.0,0.0,154.0,11.512936,2.0
1.0,anhui,5.0,39.0,0.0,0.0,1.0,1521.0,1.0,6.0,0.0,1.0,0.0,154.0,10.308986,4.0
1.0,anhui,4.0,31.0,2.3978953,0.0,1.0,961.0,0.0,6.0,9.9035378,1.0,0.0,154.0,10.308986,4.0
0.0,anhui,5.0,62.0,0.0,0.0,0.0,3844.0,0.0,0.0,8.1608038,1.0,0.0,154.0,0.0,4.0
1.0,anhui,4.0,65.0,0.0,0.0,0.0,4225.0,1.0,0.0,7.6014023,1.0,0.0,154.0,,4.0
1.0,anhui,4.0,50.0,0.0,0.0,1.0,2500.0,1.0,9.0,0.0,0.0,0.0,154.0,10.819798,2.0
1.0,anhui,4.0,48.0,0.0,0.0,1.0,2304.0,1.0,9.0,,1.0,0.0,154.0,10.59666,3.0
1.0,anhui,4.0,62.0,0.0,0.0,1.0,3844.0,0.0,6.0,9.1050911,0.0,0.0,154.0,9.6158724,4.0
1.0,anhui,2.0,68.0,2.3978953,0.0,1.0,4624.0,0.0,0.0,6.7345915,1.0,0.0,154.0,10.308986,2.0
1.0,anhui,4.0,51.0,0.0,0.0,1.0,2601.0,0.0,9.0,9.9035378,1.0,0.0,154.0,10.819798,3.0
1.0,anhui,4.0,60.0,0.0,0.0,1.0,3600.0,1.0,6.0,10.308986,1.0,0.0,154.0,10.308986,4.0
1.0,anhui,5.0,53.0,0.0,0.0,1.0,2809.0,0.0,9.0,9.9035378,1.0,0.0,154.0,9.9035378,5.0
1.0,anhui,4.0,32.0,0.0,0.0,1.0,1024.0,1.0,9.0,,1.0,0.0,154.0,11.608245,4.0
1.0,anhui,4.0,52.0,0.0,0.0,1.0,2704.0,1.0,6.0,9.2104406,1.0,0.0,154.0,12.206078,4.0
1.0,anhui,2.0,35.0,2.7725887,0.0,0.0,1225.0,1.0,9.0,8.2943001,1.0,0.0,154.0,8.2943001,2.0
0.0,anhui,4.0,65.0,0.0,0.0,0.0,4225.0,0.0,6.0,9.2104406,1.0,0.0,154.0,11.156265,5.0
1.0,anhui,4.0,64.0,3.4339871,0.0,0.0,4096.0,0.0,12.0,10.308986,0.0,0.0,154.0,11.407576,4.0
0.0,anhui,4.0,54.0,0.0,0.0,1.0,2916.0,1.0,0.0,0.0,1.0,0.0,154.0,0.0,3.0
1.0,anhui,4.0,31.0,0.0,0.0,1.0,961.0,0.0,12.0,10.308986,1.0,0.0,154.0,10.308986,5.0
1.0,anhui,5.0,46.0,0.0,0.0,1.0,2116.0,1.0,6.0,0.0,1.0,0.0,154.0,10.59666,4.0
0.0,anhui,5.0,68.0,0.0,0.0,0.0,4624.0,1.0,0.0,8.0067005,1.0,0.0,154.0,8.0067005,2.0
1.0,anhui,4.0,60.0,0.0,0.0,1.0,3600.0,0.0,9.0,11.225257,0.0,0.0,154.0,11.225257,3.0
0.0,anhui,5.0,66.0,0.0,0.0,1.0,4356.0,0.0,9.0,8.5173931,1.0,0.0,154.0,9.2104406,4.0
1.0,anhui,4.0,66.0,0.0,0.0,1.0,4356.0,0.0,0.0,7.3138866,1.0,0.0,154.0,8.0067005,4.0
1.0,anhui,2.0,53.0,0.0,0.0,1.0,2809.0,1.0,6.0,0.0,1.0,0.0,154.0,11.695255,2.0
1.0,anhui,4.0,41.0,2.3978953,0.0,1.0,1681.0,0.0,9.0,9.4727812,1.0,0.0,154.0,9.392745,5.0
0.0,anhui,4.0,51.0,0.0,0.0,1.0,2601.0,1.0,0.0,7.09091,1.0,0.0,154.0,9.9035378,1.0
1.0,anhui,5.0,27.0,1.7917595,0.0,1.0,729.0,1.0,16.0,11.002116,0.0,0.0,154.0,9.2104406,5.0
0.0,anhui,4.0,30.0,0.0,0.0,1.0,900.0,1.0,9.0,10.933125,1.0,0.0,154.0,10.308986,5.0
0.0,anhui,4.0,86.0,0.0,0.0,1.0,7396.0,0.0,0.0,7.3783836,1.0,0.0,154.0,8.0712185,5.0
1.0,anhui,5.0,71.0,3.0445225,0.0,0.0,5041.0,1.0,0.0,,1.0,0.0,154.0,10.819798,4.0
0.0,anhui,2.0,67.0,0.0,0.0,0.0,4489.0,1.0,0.0,8.9873219,1.0,0.0,154.0,9.9035378,2.0
1.0,anhui,4.0,44.0,1.3862944,0.0,1.0,1936.0,0.0,9.0,9.2104406,1.0,0.0,154.0,10.59666,4.0
0.0,anhui,5.0,62.0,0.0,0.0,1.0,3844.0,0.0,12.0,8.0067005,1.0,0.0,154.0,10.59666,4.0
1.0,anhui,2.0,56.0,0.0,0.0,1.0,3136.0,0.0,6.0,0.0,1.0,0.0,154.0,9.6158724,2.0
0.0,anhui,5.0,36.0,0.0,0.0,1.0,1296.0,0.0,9.0,9.2104406,1.0,0.0,154.0,9.9035378,5.0
0.0,anhui,4.0,47.0,0.0,0.0,1.0,2209.0,1.0,0.0,8.2943001,1.0,0.0,154.0,8.6996813,4.0
1.0,anhui,4.0,45.0,3.0445225,0.0,1.0,2025.0,0.0,0.0,9.9035378,1.0,0.0,154.0,10.308986,4.0
1.0,anhui,2.0,47.0,0.0,0.0,0.0,2209.0,1.0,6.0,7.6014023,1.0,0.0,154.0,7.6014023,5.0
0.0,anhui,2.0,49.0,0.0,0.0,0.0,2401.0,1.0,6.0,9.1050911,1.0,0.0,154.0,10.71444,2.0
0.0,anhui,4.0,57.0,0.0,0.0,1.0,3249.0,1.0,6.0,9.6158724,1.0,0.0,154.0,11.512936,1.0
1.0,anhui,4.0,88.0,0.0,0.0,1.0,7744.0,0.0,0.0,0.0,1.0,0.0,154.0,0.0,2.0
1.0,anhui,5.0,35.0,0.0,0.0,1.0,1225.0,0.0,6.0,11.082158,1.0,0.0,154.0,11.289794,4.0
1.0,anhui,4.0,70.0,0.0,0.0,0.0,4900.0,0.0,9.0,7.3138866,1.0,0.0,154.0,10.819798,2.0
1.0,anhui,4.0,72.0,0.0,0.0,1.0,5184.0,0.0,6.0,7.09091,1.0,0.0,154.0,7.7836404,3.0
0.0,anhui,5.0,54.0,0.0,0.0,1.0,2916.0,1.0,6.0,0.0,1.0,0.0,154.0,10.59666,2.0
1.0,anhui,4.0,74.0,0.0,0.0,1.0,5476.0,1.0,0.0,0.0,1.0,0.0,154.0,11.156265,4.0
1.0,anhui,2.0,55.0,0.0,0.0,1.0,3025.0,1.0,0.0,0.0,1.0,0.0,154.0,11.512936,1.0
1.0,anhui,5.0,52.0,0.0,0.0,1.0,2704.0,1.0,6.0,8.9732246,1.0,0.0,154.0,10.59666,4.0
1.0,anhui,4.0,63.0,0.0,0.0,1.0,3969.0,1.0,6.0,8.2943001,1.0,0.0,154.0,9.9035378,4.0
1.0,anhui,5.0,27.0,0.0,0.0,1.0,729.0,1.0,12.0,0.0,0.0,0.0,154.0,,5.0
1.0,anhui,4.0,44.0,0.0,0.0,1.0,1936.0,1.0,9.0,10.308986,1.0,0.0,154.0,10.308986,4.0
0.0,fujian,4.0,64.0,0.0,0.0,0.0,4096.0,0.0,6.0,8.6996813,1.0,0.0,167.0,8.6996813,5.0
1.0,fujian,4.0,49.0,0.0,0.0,1.0,2401.0,1.0,0.0,9.2104406,0.0,0.0,167.0,10.819798,5.0
1.0,fujian,5.0,72.0,3.9318256,0.0,1.0,5184.0,0.0,9.0,10.491302,0.0,0.0,167.0,11.002116,4.0
1.0,fujian,4.0,60.0,0.0,0.0,1.0,3600.0,1.0,9.0,6.2166061,0.0,0.0,167.0,10.308986,4.0
1.0,fujian,4.0,19.0,0.0,0.0,0.0,361.0,1.0,12.0,6.9087548,1.0,0.0,167.0,12.100718,5.0
0.0,fujian,2.0,57.0,0.0,0.0,1.0,3249.0,1.0,0.0,0.0,1.0,0.0,167.0,13.458838,2.0
1.0,fujian,4.0,55.0,0.0,0.0,1.0,3025.0,1.0,9.0,0.0,0.0,0.0,167.0,11.512936,4.0
1.0,fujian,4.0,46.0,0.0,0.0,1.0,2116.0,1.0,9.0,0.0,1.0,0.0,167.0,11.512936,4.0
1.0,fujian,4.0,49.0,0.0,0.0,1.0,2401.0,1.0,6.0,10.463132,0.0,0.0,167.0,11.289794,5.0
0.0,fujian,3.0,72.0,1.7917595,0.0,0.0,5184.0,0.0,0.0,0.0,1.0,0.0,167.0,8.5173931,3.0
1.0,fujian,4.0,61.0,3.0445225,0.0,1.0,3721.0,0.0,0.0,0.0,1.0,0.0,167.0,13.122365,3.0
1.0,fujian,4.0,34.0,0.0,0.0,0.0,1156.0,1.0,9.0,10.819798,0.0,1.0,167.0,10.819798,4.0
1.0,fujian,3.0,51.0,0.0,0.0,1.0,2601.0,0.0,0.0,9.2104406,1.0,0.0,167.0,10.59666,4.0
0.0,fujian,4.0,64.0,0.0,0.0,1.0,4096.0,0.0,12.0,0.0,1.0,0.0,167.0,0.0,3.0
1.0,fujian,4.0,20.0,0.0,0.0,0.0,400.0,0.0,16.0,0.0,0.0,0.0,167.0,11.050906,5.0
1.0,fujian,5.0,52.0,3.0445225,0.0,1.0,2704.0,0.0,15.0,11.289794,0.0,0.0,167.0,11.982935,5.0
0.0,fujian,4.0,60.0,0.0,0.0,1.0,3600.0,0.0,12.0,0.0,1.0,0.0,167.0,,2.0
1.0,fujian,5.0,51.0,0.0,0.0,1.0,2601.0,0.0,9.0,10.968216,1.0,0.0,167.0,11.002116,5.0
1.0,fujian,5.0,54.0,0.0,0.0,1.0,2916.0,0.0,12.0,12.611541,1.0,0.0,167.0,12.611541,5.0
0.0,fujian,2.0,62.0,0.0,0.0,0.0,3844.0,0.0,6.0,10.126671,1.0,0.0,167.0,10.126671,2.0
1.0,fujian,4.0,51.0,0.0,0.0,1.0,2601.0,1.0,6.0,11.002116,1.0,0.0,167.0,10.308986,4.0
0.0,fujian,4.0,48.0,0.0,0.0,1.0,2304.0,0.0,9.0,10.085851,1.0,0.0,167.0,,5.0
1.0,fujian,4.0,51.0,0.0,0.0,1.0,2601.0,0.0,9.0,10.819798,0.0,0.0,167.0,11.002116,5.0
0.0,fujian,4.0,77.0,0.0,0.0,0.0,5929.0,1.0,0.0,0.0,1.0,0.0,167.0,,2.0
1.0,fujian,4.0,40.0,0.0,0.0,1.0,1600.0,1.0,15.0,11.512936,0.0,0.0,167.0,11.512936,4.0
1.0,fujian,5.0,45.0,0.0,0.0,1.0,2025.0,0.0,9.0,12.611541,1.0,0.0,167.0,12.611541,4.0
1.0,fujian,4.0,63.0,1.3862944,0.0,1.0,3969.0,0.0,0.0,10.085851,0.0,0.0,167.0,10.085851,4.0
1.0,fujian,4.0,61.0,2.3978953,0.0,1.0,3721.0,1.0,12.0,10.085851,0.0,0.0,167.0,11.002116,3.0
1.0,fujian,4.0,81.0,0.0,0.0,1.0,6561.0,0.0,0.0,0.0,0.0,0.0,167.0,10.085851,3.0
1.0,fujian,4.0,41.0,0.0,0.0,1.0,1681.0,0.0,9.0,11.289794,1.0,0.0,167.0,,4.0
1.0,fujian,5.0,21.0,4.6151204,0.0,0.0,441.0,1.0,0.0,0.0,1.0,0.0,167.0,11.512936,4.0
0.0,fujian,3.0,52.0,0.0,0.0,1.0,2704.0,1.0,0.0,9.9035378,1.0,0.0,167.0,10.819798,2.0
1.0,fujian,4.0,42.0,0.0,0.0,1.0,1764.0,1.0,6.0,10.491302,0.0,0.0,167.0,11.512936,4.0
1.0,fujian,4.0,39.0,0.0,0.0,1.0,1521.0,0.0,12.0,10.491302,0.0,0.0,167.0,10.819798,4.0
1.0,fujian,3.0,37.0,0.0,0.0,1.0,1369.0,0.0,9.0,10.491302,1.0,0.0,167.0,10.491302,3.0
1.0,fujian,4.0,54.0,0.0,0.0,1.0,2916.0,0.0,0.0,10.491302,0.0,0.0,167.0,10.778977,5.0
1.0,fujian,4.0,65.0,0.0,0.0,1.0,4225.0,0.0,9.0,9.2104406,0.0,0.0,167.0,13.458838,4.0
1.0,fujian,4.0,47.0,0.0,0.0,1.0,2209.0,1.0,0.0,9.9035378,1.0,0.0,167.0,9.9035378,4.0
0.0,fujian,5.0,75.0,0.0,0.0,1.0,5625.0,0.0,6.0,9.1050911,1.0,0.0,167.0,9.1050911,2.0
1.0,fujian,5.0,28.0,0.0,0.0,0.0,784.0,0.0,12.0,10.491302,1.0,0.0,167.0,11.512936,5.0
0.0,fujian,2.0,76.0,0.0,0.0,0.0,5776.0,0.0,6.0,8.1608038,1.0,0.0,167.0,8.4765797,3.0
0.0,fujian,4.0,38.0,0.0,0.0,1.0,1444.0,0.0,6.0,11.512936,1.0,0.0,167.0,11.512936,5.0
1.0,fujian,3.0,22.0,0.0,0.0,0.0,484.0,0.0,12.0,9.2104406,1.0,0.0,167.0,10.59666,5.0
1.0,fujian,3.0,42.0,0.0,0.0,1.0,1764.0,1.0,9.0,0.0,1.0,0.0,167.0,0.0,3.0
1.0,fujian,5.0,52.0,0.0,0.0,1.0,2704.0,1.0,9.0,0.0,0.0,0.0,167.0,11.289794,5.0
1.0,fujian,5.0,39.0,0.0,0.0,1.0,1521.0,0.0,6.0,11.002116,0.0,0.0,167.0,11.289794,5.0
1.0,fujian,4.0,61.0,0.0,0.0,1.0,3721.0,1.0,0.0,5.9939613,0.0,0.0,167.0,10.819798,2.0
0.0,fujian,4.0,83.0,0.0,0.0,1.0,6889.0,0.0,0.0,0.0,1.0,0.0,167.0,0.0,2.0
1.0,fujian,2.0,26.0,0.0,0.0,0.0,676.0,0.0,9.0,10.491302,1.0,0.0,167.0,11.957618,4.0
1.0,fujian,5.0,56.0,3.0445225,0.0,1.0,3136.0,0.0,6.0,10.59666,0.0,0.0,167.0,10.59666,5.0
0.0,fujian,2.0,31.0,2.3978953,0.0,0.0,961.0,0.0,6.0,10.463132,1.0,0.0,167.0,10.308986,3.0
1.0,fujian,4.0,53.0,0.0,0.0,1.0,2809.0,0.0,9.0,9.2104406,1.0,0.0,167.0,9.9035378,4.0
0.0,fujian,4.0,56.0,3.0445225,0.0,1.0,3136.0,0.0,12.0,10.819798,1.0,0.0,167.0,11.002116,4.0
1.0,fujian,4.0,53.0,0.0,0.0,1.0,2809.0,0.0,9.0,9.9035378,1.0,0.0,167.0,10.59666,4.0
1.0,fujian,4.0,19.0,0.0,0.0,0.0,361.0,1.0,15.0,0.0,1.0,0.0,167.0,11.512936,4.0
1.0,fujian,4.0,29.0,0.0,0.0,1.0,841.0,1.0,16.0,8.6996813,1.0,0.0,167.0,12.611541,4.0
1.0,fujian,5.0,69.0,2.7725887,0.0,1.0,4761.0,1.0,6.0,9.392745,1.0,0.0,167.0,11.289794,5.0
1.0,fujian,3.0,65.0,0.0,0.0,1.0,4225.0,0.0,9.0,10.491302,1.0,0.0,167.0,10.491302,3.0
1.0,fujian,2.0,67.0,0.0,0.0,1.0,4489.0,0.0,9.0,9.9035378,0.0,0.0,167.0,9.9035378,2.0
1.0,fujian,2.0,58.0,0.0,0.0,1.0,3364.0,0.0,0.0,8.4765797,1.0,0.0,167.0,9.1696224,3.0
1.0,fujian,5.0,52.0,0.0,0.0,1.0,2704.0,1.0,6.0,0.0,0.0,0.0,167.0,11.512936,5.0
1.0,fujian,4.0,49.0,0.0,0.0,1.0,2401.0,1.0,9.0,11.512936,0.0,0.0,167.0,11.512936,4.0
1.0,fujian,5.0,47.0,2.3978953,0.0,1.0,2209.0,1.0,6.0,10.491302,1.0,0.0,167.0,12.031725,5.0
0.0,fujian,3.0,66.0,0.0,0.0,1.0,4356.0,1.0,0.0,9.392745,1.0,0.0,167.0,10.778977,1.0
1.0,fujian,4.0,49.0,0.0,0.0,1.0,2401.0,1.0,9.0,9.2104406,0.0,0.0,167.0,11.156265,3.0
1.0,fujian,4.0,49.0,0.0,0.0,1.0,2401.0,0.0,6.0,12.206078,0.0,0.0,167.0,12.206078,5.0
0.0,fujian,3.0,57.0,0.0,0.0,1.0,3249.0,0.0,12.0,9.9035378,1.0,0.0,167.0,10.308986,2.0
1.0,fujian,4.0,39.0,0.0,0.0,1.0,1521.0,1.0,9.0,10.915107,1.0,0.0,167.0,11.608245,5.0
1.0,fujian,5.0,40.0,3.713572,0.0,1.0,1600.0,0.0,9.0,11.918397,0.0,0.0,167.0,11.918397,4.0
1.0,fujian,5.0,62.0,0.0,0.0,1.0,3844.0,0.0,6.0,9.9035378,0.0,0.0,167.0,10.308986,3.0
0.0,fujian,4.0,50.0,0.0,0.0,1.0,2500.0,1.0,6.0,0.0,1.0,0.0,167.0,9.2104406,3.0
0.0,fujian,4.0,82.0,0.0,0.0,0.0,6724.0,0.0,2.0,6.9087548,1.0,0.0,167.0,6.9087548,2.0
1.0,fujian,4.0,80.0,0.0,0.0,1.0,6400.0,0.0,9.0,10.491302,0.0,1.0,167.0,11.512936,4.0
1.0,fujian,5.0,50.0,3.9318256,0.0,1.0,2500.0,1.0,0.0,10.126671,0.0,0.0,167.0,10.915107,4.0
1.0,fujian,4.0,47.0,0.0,0.0,1.0,2209.0,1.0,9.0,9.9035378,0.0,0.0,167.0,10.308986,4.0
1.0,fujian,4.0,73.0,0.0,0.0,1.0,5329.0,0.0,9.0,10.308986,0.0,0.0,167.0,11.512936,3.0
0.0,fujian,4.0,41.0,0.0,0.0,1.0,1681.0,0.0,9.0,8.9873219,1.0,0.0,167.0,8.9873219,4.0
1.0,fujian,4.0,55.0,0.0,0.0,1.0,3025.0,0.0,12.0,10.819798,0.0,1.0,167.0,11.289794,4.0
1.0,fujian,5.0,86.0,0.0,0.0,1.0,7396.0,1.0,12.0,10.778977,0.0,1.0,167.0,11.472114,4.0
1.0,fujian,4.0,54.0,0.0,0.0,1.0,2916.0,0.0,9.0,10.308986,0.0,0.0,167.0,11.002116,5.0
1.0,fujian,4.0,43.0,0.0,0.0,0.0,1849.0,0.0,9.0,10.71444,0.0,0.0,167.0,10.71444,4.0
0.0,fujian,4.0,71.0,0.0,0.0,1.0,5041.0,0.0,0.0,9.2104406,1.0,0.0,167.0,9.2104406,2.0
1.0,fujian,4.0,45.0,0.0,0.0,1.0,2025.0,0.0,9.0,10.491302,0.0,0.0,167.0,11.002116,5.0
1.0,fujian,3.0,76.0,0.0,0.0,1.0,5776.0,1.0,12.0,10.308986,0.0,0.0,167.0,10.59666,3.0
1.0,fujian,4.0,53.0,0.0,0.0,1.0,2809.0,1.0,9.0,9.2104406,0.0,0.0,167.0,10.59666,4.0
1.0,fujian,2.0,71.0,0.0,0.0,1.0,5041.0,1.0,0.0,0.0,0.0,0.0,167.0,10.491302,3.0
1.0,fujian,5.0,58.0,0.0,0.0,1.0,3364.0,1.0,12.0,9.392745,0.0,0.0,167.0,11.775297,2.0
0.0,fujian,3.0,46.0,0.0,0.0,1.0,2116.0,1.0,6.0,0.0,1.0,0.0,167.0,10.308986,3.0
1.0,fujian,4.0,54.0,0.0,0.0,1.0,2916.0,0.0,12.0,11.512936,0.0,0.0,167.0,11.918397,4.0
1.0,fujian,4.0,19.0,0.0,0.0,0.0,361.0,0.0,12.0,0.0,1.0,0.0,167.0,11.512936,5.0
1.0,fujian,3.0,40.0,0.0,0.0,0.0,1600.0,1.0,9.0,10.126671,1.0,0.0,167.0,10.126671,5.0
1.0,fujian,4.0,68.0,3.9318256,0.0,0.0,4624.0,1.0,0.0,0.0,1.0,0.0,167.0,11.156265,4.0
1.0,fujian,5.0,63.0,0.0,0.0,1.0,3969.0,0.0,12.0,11.002116,0.0,0.0,167.0,11.775297,4.0
1.0,fujian,4.0,35.0,0.0,0.0,1.0,1225.0,0.0,9.0,10.308986,1.0,0.0,167.0,11.002116,5.0
1.0,fujian,4.0,27.0,0.0,0.0,1.0,729.0,0.0,15.0,11.608245,1.0,0.0,167.0,9.3057413,5.0
0.0,fujian,4.0,23.0,0.0,0.0,0.0,529.0,0.0,12.0,11.512936,1.0,0.0,167.0,12.206078,5.0
1.0,fujian,2.0,66.0,0.0,0.0,1.0,4356.0,1.0,0.0,0.0,0.0,0.0,167.0,0.0,3.0
1.0,fujian,5.0,84.0,0.0,0.0,0.0,7056.0,1.0,0.0,7.2730927,1.0,0.0,167.0,10.530521,3.0
0.0,fujian,1.0,59.0,0.0,0.0,0.0,3481.0,1.0,0.0,9.9035378,1.0,0.0,167.0,9.9035378,1.0
1.0,fujian,4.0,44.0,0.0,0.0,1.0,1936.0,0.0,12.0,10.819798,0.0,0.0,167.0,,4.0
1.0,fujian,4.0,35.0,0.0,0.0,1.0,1225.0,0.0,9.0,11.002116,1.0,0.0,167.0,11.512936,5.0
1.0,fujian,4.0,73.0,0.0,0.0,1.0,5329.0,0.0,9.0,10.491302,0.0,0.0,167.0,10.126671,4.0
1.0,fujian,4.0,47.0,0.0,0.0,1.0,2209.0,1.0,0.0,10.59666,0.0,0.0,167.0,11.289794,4.0
1.0,fujian,3.0,55.0,0.0,0.0,0.0,3025.0,0.0,9.0,10.126671,0.0,0.0,167.0,10.308986,4.0
1.0,fujian,4.0,42.0,0.0,0.0,1.0,1764.0,1.0,12.0,0.0,0.0,0.0,167.0,12.206078,4.0
1.0,fujian,4.0,51.0,0.0,0.0,1.0,2601.0,1.0,0.0,10.308986,1.0,0.0,167.0,10.308986,3.0
0.0,fujian,2.0,53.0,0.0,0.0,1.0,2809.0,0.0,6.0,10.165891,1.0,0.0,167.0,10.308986,3.0
1.0,fujian,4.0,90.0,0.0,0.0,0.0,8100.0,0.0,6.0,10.778977,0.0,1.0,167.0,10.778977,4.0
1.0,fujian,4.0,41.0,0.0,0.0,1.0,1681.0,0.0,12.0,11.002116,1.0,0.0,167.0,11.002116,4.0
0.0,fujian,3.0,66.0,0.0,0.0,0.0,4356.0,0.0,0.0,10.043293,1.0,0.0,167.0,10.043293,4.0
1.0,fujian,4.0,62.0,0.0,0.0,1.0,3844.0,0.0,0.0,8.6996813,0.0,1.0,167.0,,4.0
1.0,fujian,4.0,23.0,0.0,0.0,0.0,529.0,1.0,16.0,8.0067005,1.0,1.0,167.0,10.385944,4.0
1.0,fujian,2.0,37.0,0.0,0.0,1.0,1369.0,0.0,9.0,11.289794,0.0,0.0,167.0,11.982935,4.0
0.0,fujian,4.0,59.0,0.0,0.0,1.0,3481.0,0.0,6.0,9.9035378,1.0,0.0,167.0,10.59666,4.0
1.0,fujian,5.0,37.0,0.0,0.0,1.0,1369.0,1.0,9.0,11.512936,0.0,0.0,167.0,,4.0
1.0,fujian,5.0,81.0,0.0,0.0,0.0,6561.0,1.0,0.0,0.0,1.0,0.0,167.0,11.695255,2.0
1.0,fujian,4.0,20.0,0.0,0.0,0.0,400.0,1.0,9.0,11.512936,0.0,0.0,167.0,12.611541,5.0
1.0,fujian,4.0,25.0,0.0,0.0,0.0,625.0,1.0,15.0,11.512936,0.0,0.0,167.0,11.918397,5.0
1.0,fujian,2.0,65.0,0.0,0.0,1.0,4225.0,0.0,6.0,9.9035378,0.0,0.0,167.0,10.59666,5.0
0.0,fujian,4.0,29.0,0.0,0.0,1.0,841.0,0.0,12.0,10.819798,1.0,0.0,167.0,11.512936,4.0
1.0,fujian,2.0,66.0,0.0,0.0,0.0,4356.0,0.0,9.0,8.2943001,0.0,0.0,167.0,9.2104406,3.0
1.0,fujian,4.0,19.0,0.0,0.0,0.0,361.0,0.0,12.0,0.0,0.0,0.0,167.0,11.002116,5.0
1.0,fujian,4.0,73.0,0.0,0.0,1.0,5329.0,1.0,0.0,8.8538084,0.0,0.0,167.0,10.308986,3.0
1.0,fujian,4.0,51.0,0.0,0.0,1.0,2601.0,1.0,12.0,10.308986,0.0,0.0,167.0,10.308986,4.0
1.0,fujian,4.0,52.0,0.0,0.0,1.0,2704.0,1.0,6.0,8.6996813,1.0,0.0,167.0,8.6996813,2.0
1.0,fujian,4.0,55.0,0.0,0.0,0.0,3025.0,0.0,9.0,10.308986,1.0,0.0,167.0,11.512936,5.0
1.0,fujian,4.0,59.0,0.0,0.0,0.0,3481.0,1.0,12.0,10.59666,0.0,0.0,167.0,10.59666,4.0
1.0,fujian,4.0,40.0,0.0,0.0,0.0,1600.0,0.0,6.0,,0.0,0.0,167.0,9.2104406,4.0
1.0,fujian,4.0,37.0,3.9318256,0.0,1.0,1369.0,1.0,6.0,0.0,1.0,0.0,167.0,11.407576,2.0
1.0,fujian,4.0,46.0,4.3944492,0.0,1.0,2116.0,1.0,9.0,11.512936,0.0,0.0,167.0,12.206078,5.0
1.0,fujian,3.0,45.0,0.0,0.0,1.0,2025.0,1.0,6.0,10.308986,0.0,0.0,167.0,11.002116,4.0
1.0,fujian,4.0,84.0,0.0,0.0,1.0,7056.0,0.0,12.0,10.491302,0.0,0.0,167.0,10.491302,4.0
1.0,fujian,3.0,39.0,0.0,0.0,1.0,1521.0,1.0,9.0,0.0,1.0,0.0,167.0,10.308986,3.0
1.0,fujian,4.0,62.0,0.0,0.0,1.0,3844.0,1.0,0.0,10.308986,0.0,0.0,167.0,11.133142,4.0
0.0,fujian,2.0,64.0,0.0,0.0,1.0,4096.0,0.0,6.0,0.0,1.0,0.0,167.0,0.0,3.0
1.0,fujian,4.0,67.0,0.0,0.0,1.0,4489.0,0.0,6.0,0.0,0.0,0.0,167.0,,2.0
0.0,fujian,4.0,40.0,2.3978953,0.0,1.0,1600.0,0.0,12.0,12.206078,1.0,1.0,167.0,13.122365,4.0
1.0,fujian,4.0,61.0,0.0,0.0,1.0,3721.0,0.0,12.0,10.778977,0.0,1.0,167.0,11.512936,5.0
1.0,fujian,4.0,61.0,0.0,0.0,1.0,3721.0,1.0,0.0,0.0,1.0,0.0,167.0,9.2104406,4.0
1.0,fujian,4.0,47.0,0.0,0.0,1.0,2209.0,0.0,15.0,10.819798,0.0,0.0,167.0,11.608245,4.0
1.0,fujian,4.0,48.0,0.0,0.0,1.0,2304.0,0.0,6.0,10.819798,1.0,1.0,167.0,11.512936,3.0
1.0,fujian,4.0,32.0,3.4339871,0.0,1.0,1024.0,1.0,6.0,0.0,0.0,0.0,167.0,10.59666,5.0
1.0,fujian,3.0,75.0,0.0,0.0,0.0,5625.0,1.0,9.0,10.126671,0.0,0.0,167.0,,2.0
1.0,fujian,5.0,59.0,0.0,0.0,1.0,3481.0,1.0,9.0,10.085851,0.0,0.0,167.0,10.778977,3.0
1.0,fujian,4.0,21.0,0.0,0.0,0.0,441.0,1.0,16.0,7.6014023,0.0,0.0,167.0,11.512936,4.0
1.0,fujian,5.0,50.0,0.0,0.0,1.0,2500.0,1.0,6.0,10.126671,1.0,0.0,167.0,10.71444,5.0
1.0,fujian,3.0,34.0,0.0,0.0,1.0,1156.0,1.0,9.0,0.0,1.0,0.0,167.0,11.512936,5.0
1.0,fujian,5.0,59.0,0.0,0.0,1.0,3481.0,1.0,12.0,10.308986,0.0,0.0,167.0,11.512936,5.0
1.0,fujian,3.0,49.0,0.0,0.0,1.0,2401.0,0.0,9.0,12.100718,1.0,0.0,167.0,12.100718,4.0
0.0,fujian,3.0,55.0,1.7917595,0.0,0.0,3025.0,0.0,9.0,9.9035378,1.0,0.0,167.0,9.9035378,4.0
1.0,fujian,4.0,32.0,0.0,0.0,1.0,1024.0,0.0,9.0,13.122365,0.0,0.0,167.0,13.652993,5.0
0.0,fujian,4.0,61.0,0.0,0.0,0.0,3721.0,0.0,6.0,9.5468836,1.0,0.0,167.0,9.5468836,4.0
1.0,fujian,4.0,25.0,0.0,0.0,0.0,625.0,0.0,16.0,11.512936,0.0,0.0,167.0,13.122365,5.0
1.0,fujian,4.0,63.0,0.0,0.0,1.0,3969.0,0.0,9.0,8.9873219,1.0,0.0,167.0,10.165891,4.0
1.0,fujian,4.0,50.0,0.0,0.0,1.0,2500.0,1.0,0.0,10.59666,1.0,0.0,167.0,11.918397,5.0
1.0,fujian,5.0,83.0,0.0,0.0,1.0,6889.0,0.0,15.0,10.491302,0.0,1.0,167.0,11.512936,5.0
1.0,fujian,4.0,58.0,0.0,0.0,0.0,3364.0,0.0,9.0,12.206078,1.0,0.0,167.0,12.611541,2.0
1.0,fujian,3.0,87.0,0.0,0.0,0.0,7569.0,1.0,0.0,0.0,1.0,0.0,167.0,8.5173931,3.0
1.0,fujian,5.0,33.0,0.0,0.0,1.0,1089.0,0.0,15.0,10.819798,0.0,0.0,167.0,11.512936,5.0
1.0,fujian,4.0,78.0,2.3978953,1.0,1.0,6084.0,0.0,9.0,0.0,0.0,0.0,167.0,0.0,3.0
1.0,fujian,4.0,51.0,0.0,0.0,1.0,2601.0,0.0,6.0,10.819798,0.0,0.0,167.0,11.512936,5.0
1.0,fujian,4.0,49.0,0.0,0.0,1.0,2401.0,1.0,9.0,0.0,0.0,0.0,167.0,11.289794,3.0
1.0,fujian,2.0,48.0,0.0,0.0,0.0,2304.0,0.0,12.0,0.0,0.0,0.0,167.0,,3.0
1.0,fujian,3.0,54.0,0.0,0.0,0.0,2916.0,0.0,9.0,11.002116,0.0,0.0,167.0,11.002116,4.0
1.0,fujian,4.0,39.0,0.0,0.0,1.0,1521.0,1.0,15.0,10.819798,0.0,0.0,167.0,11.512936,5.0
1.0,fujian,4.0,64.0,0.0,0.0,0.0,4096.0,1.0,12.0,9.392745,0.0,1.0,167.0,11.512936,4.0
1.0,fujian,3.0,41.0,0.0,0.0,1.0,1681.0,0.0,15.0,10.915107,0.0,0.0,167.0,11.289794,2.0
0.0,fujian,5.0,53.0,0.0,0.0,1.0,2809.0,0.0,12.0,11.512936,1.0,0.0,167.0,12.100718,4.0
1.0,fujian,3.0,45.0,0.0,0.0,0.0,2025.0,1.0,12.0,10.778977,0.0,0.0,167.0,11.184435,5.0
1.0,fujian,4.0,45.0,0.0,0.0,1.0,2025.0,0.0,6.0,9.6158724,1.0,0.0,167.0,10.308986,5.0
1.0,fujian,5.0,26.0,0.0,0.0,0.0,676.0,1.0,15.0,9.2104406,1.0,0.0,167.0,9.2104406,5.0
1.0,fujian,4.0,46.0,0.0,0.0,1.0,2116.0,1.0,6.0,9.392745,0.0,0.0,167.0,10.819798,3.0
1.0,fujian,4.0,50.0,0.0,0.0,1.0,2500.0,1.0,12.0,11.156265,0.0,0.0,167.0,11.918397,5.0
1.0,fujian,4.0,54.0,0.0,0.0,1.0,2916.0,0.0,9.0,,1.0,0.0,167.0,11.512936,3.0
1.0,fujian,4.0,38.0,0.0,0.0,1.0,1444.0,0.0,9.0,10.308986,1.0,0.0,167.0,10.819798,4.0
1.0,fujian,4.0,45.0,0.0,0.0,1.0,2025.0,1.0,12.0,10.308986,0.0,0.0,167.0,11.512936,4.0
1.0,fujian,4.0,73.0,0.0,0.0,1.0,5329.0,0.0,6.0,8.9093704,0.0,0.0,167.0,10.59666,4.0
1.0,fujian,4.0,41.0,0.0,0.0,1.0,1681.0,0.0,15.0,11.184435,0.0,1.0,167.0,11.957618,4.0
1.0,fujian,4.0,43.0,4.1108737,0.0,1.0,1849.0,0.0,16.0,11.512936,0.0,0.0,167.0,11.918397,5.0
1.0,fujian,4.0,52.0,0.0,0.0,1.0,2704.0,0.0,6.0,9.392745,1.0,0.0,167.0,10.308986,5.0
1.0,fujian,4.0,60.0,0.0,0.0,1.0,3600.0,1.0,0.0,0.0,1.0,0.0,167.0,10.819798,5.0
1.0,fujian,5.0,60.0,0.0,0.0,1.0,3600.0,0.0,15.0,11.156265,0.0,1.0,167.0,11.849405,5.0
1.0,fujian,4.0,33.0,0.0,0.0,1.0,1089.0,1.0,15.0,10.819798,1.0,0.0,167.0,11.512936,4.0
1.0,fujian,5.0,31.0,0.0,0.0,1.0,961.0,1.0,9.0,0.0,1.0,0.0,167.0,,4.0
1.0,fujian,5.0,40.0,0.0,0.0,1.0,1600.0,1.0,6.0,8.6996813,1.0,0.0,167.0,11.156265,2.0
1.0,fujian,4.0,56.0,0.0,0.0,1.0,3136.0,1.0,0.0,0.0,1.0,0.0,167.0,,5.0
0.0,fujian,5.0,48.0,1.6094379,0.0,1.0,2304.0,0.0,6.0,9.9035378,1.0,1.0,167.0,9.9035378,4.0
1.0,fujian,4.0,55.0,0.0,0.0,1.0,3025.0,1.0,12.0,10.59666,0.0,0.0,167.0,11.289794,3.0
1.0,fujian,4.0,30.0,0.0,0.0,1.0,900.0,1.0,9.0,10.308986,0.0,0.0,167.0,11.002116,5.0
1.0,fujian,3.0,21.0,0.0,0.0,0.0,441.0,1.0,16.0,0.0,1.0,0.0,167.0,11.512936,5.0
1.0,fujian,3.0,44.0,0.0,0.0,1.0,1936.0,1.0,12.0,10.59666,0.0,0.0,167.0,11.002116,3.0
1.0,fujian,4.0,42.0,0.0,0.0,1.0,1764.0,1.0,12.0,10.819798,0.0,0.0,167.0,11.512936,2.0
1.0,fujian,4.0,56.0,0.0,0.0,1.0,3136.0,1.0,0.0,10.308986,0.0,0.0,167.0,10.308986,4.0
1.0,fujian,4.0,31.0,0.0,0.0,1.0,961.0,1.0,12.0,10.819798,0.0,0.0,167.0,10.819798,4.0
1.0,fujian,4.0,54.0,0.0,0.0,1.0,2916.0,0.0,9.0,10.308986,1.0,1.0,167.0,10.819798,2.0
1.0,fujian,2.0,45.0,0.0,0.0,0.0,2025.0,0.0,12.0,0.0,0.0,0.0,167.0,0.0,2.0
1.0,fujian,2.0,46.0,0.0,0.0,1.0,2116.0,1.0,6.0,8.9873219,1.0,0.0,167.0,11.002116,5.0
1.0,fujian,3.0,33.0,0.0,0.0,0.0,1089.0,0.0,12.0,10.126671,0.0,0.0,167.0,11.002116,4.0
1.0,fujian,4.0,62.0,0.0,0.0,1.0,3844.0,0.0,6.0,8.4765797,1.0,0.0,167.0,11.508927,2.0
1.0,fujian,5.0,68.0,0.0,0.0,1.0,4624.0,0.0,12.0,11.227308,0.0,1.0,167.0,11.514934,2.0
1.0,fujian,3.0,68.0,0.0,0.0,0.0,4624.0,1.0,12.0,9.2104406,1.0,0.0,167.0,9.2104406,4.0
1.0,fujian,4.0,63.0,0.0,0.0,1.0,3969.0,1.0,6.0,0.0,0.0,0.0,167.0,11.002116,4.0
0.0,fujian,4.0,62.0,0.0,0.0,1.0,3844.0,1.0,0.0,0.0,1.0,0.0,167.0,8.0067005,4.0
1.0,fujian,3.0,63.0,0.0,0.0,0.0,3969.0,0.0,9.0,0.0,1.0,1.0,167.0,0.0,2.0
1.0,fujian,3.0,73.0,0.0,0.0,0.0,5329.0,1.0,0.0,0.0,1.0,0.0,167.0,0.0,3.0
0.0,fujian,3.0,41.0,0.0,0.0,1.0,1681.0,1.0,9.0,9.2104406,0.0,0.0,167.0,11.407576,3.0
1.0,fujian,4.0,31.0,1.7917595,0.0,1.0,961.0,1.0,16.0,9.2104406,0.0,0.0,167.0,11.512936,4.0
1.0,fujian,4.0,31.0,0.0,0.0,0.0,961.0,0.0,12.0,10.819798,1.0,0.0,167.0,11.512936,5.0
1.0,fujian,5.0,52.0,0.0,0.0,1.0,2704.0,0.0,12.0,11.512936,0.0,0.0,167.0,11.512936,3.0
1.0,fujian,5.0,68.0,0.0,0.0,0.0,4624.0,1.0,6.0,10.59666,0.0,0.0,167.0,11.512936,4.0
0.0,fujian,4.0,41.0,0.0,0.0,1.0,1681.0,0.0,9.0,,1.0,0.0,167.0,,4.0
1.0,fujian,4.0,47.0,0.0,0.0,1.0,2209.0,1.0,0.0,10.085851,1.0,0.0,167.0,10.819798,5.0
0.0,fujian,5.0,74.0,0.0,0.0,1.0,5476.0,0.0,0.0,8.8538084,1.0,0.0,167.0,8.8538084,4.0
1.0,fujian,3.0,67.0,0.0,0.0,1.0,4489.0,0.0,9.0,8.2943001,1.0,0.0,167.0,11.050906,2.0
0.0,fujian,5.0,74.0,0.0,0.0,1.0,5476.0,0.0,6.0,8.2943001,1.0,0.0,167.0,9.6158724,4.0
1.0,fujian,4.0,47.0,0.0,0.0,1.0,2209.0,1.0,0.0,0.0,0.0,0.0,167.0,11.289794,4.0
1.0,fujian,5.0,69.0,0.0,0.0,1.0,4761.0,0.0,9.0,7.6014023,0.0,0.0,167.0,10.545368,5.0
1.0,fujian,4.0,30.0,0.0,0.0,1.0,900.0,1.0,9.0,10.165891,1.0,0.0,167.0,12.206078,5.0
1.0,fujian,4.0,53.0,0.0,0.0,1.0,2809.0,1.0,9.0,0.0,0.0,0.0,167.0,10.463132,4.0
1.0,fujian,4.0,54.0,0.0,0.0,0.0,2916.0,1.0,12.0,8.8819752,0.0,0.0,167.0,11.289794,5.0
1.0,fujian,4.0,55.0,3.4339871,0.0,1.0,3025.0,0.0,6.0,9.9035378,1.0,0.0,167.0,10.59666,3.0
1.0,fujian,5.0,65.0,4.3944492,0.0,0.0,4225.0,1.0,0.0,9.9035378,0.0,0.0,167.0,12.611541,4.0
1.0,fujian,3.0,78.0,0.0,0.0,1.0,6084.0,0.0,12.0,0.0,0.0,0.0,167.0,9.9035378,3.0
1.0,fujian,2.0,35.0,0.0,0.0,1.0,1225.0,1.0,15.0,11.512936,0.0,0.0,167.0,12.206078,3.0
1.0,fujian,4.0,39.0,0.0,0.0,1.0,1521.0,1.0,0.0,10.819798,1.0,0.0,167.0,11.512936,4.0
1.0,fujian,5.0,54.0,0.0,0.0,1.0,2916.0,0.0,15.0,11.002116,0.0,1.0,167.0,11.512936,5.0
0.0,fujian,4.0,98.0,0.0,0.0,0.0,9604.0,0.0,0.0,10.778977,1.0,0.0,167.0,10.778977,4.0
1.0,fujian,4.0,68.0,0.0,0.0,0.0,4624.0,1.0,6.0,0.0,0.0,0.0,167.0,,3.0
1.0,fujian,4.0,66.0,0.0,0.0,1.0,4356.0,1.0,12.0,11.002116,1.0,1.0,167.0,10.778977,5.0
1.0,fujian,5.0,80.0,0.0,0.0,1.0,6400.0,1.0,6.0,0.0,1.0,0.0,167.0,,5.0
1.0,fujian,4.0,23.0,0.0,0.0,0.0,529.0,0.0,9.0,10.491302,1.0,0.0,167.0,9.9035378,4.0
1.0,fujian,4.0,49.0,0.0,0.0,1.0,2401.0,0.0,12.0,9.9035378,0.0,0.0,167.0,10.59666,5.0
1.0,fujian,5.0,26.0,0.0,0.0,0.0,676.0,1.0,16.0,10.126671,1.0,0.0,167.0,10.126671,5.0
0.0,fujian,3.0,56.0,1.0986123,0.0,1.0,3136.0,0.0,6.0,10.71444,1.0,1.0,167.0,10.819798,4.0
0.0,fujian,4.0,38.0,0.0,0.0,1.0,1444.0,0.0,9.0,9.6158724,1.0,0.0,167.0,9.392745,5.0
1.0,fujian,3.0,69.0,0.0,0.0,1.0,4761.0,1.0,0.0,0.0,0.0,1.0,167.0,0.0,2.0
1.0,fujian,3.0,21.0,0.0,0.0,0.0,441.0,0.0,12.0,11.512936,0.0,0.0,167.0,12.611541,5.0
1.0,fujian,3.0,51.0,2.3978953,0.0,1.0,2601.0,1.0,12.0,10.819798,0.0,0.0,167.0,10.819798,4.0
0.0,fujian,4.0,40.0,0.0,0.0,1.0,1600.0,1.0,9.0,9.2104406,1.0,0.0,167.0,10.819798,3.0
1.0,fujian,4.0,23.0,3.4339871,0.0,0.0,529.0,1.0,12.0,10.491302,1.0,0.0,167.0,11.512936,4.0
1.0,fujian,4.0,40.0,0.0,0.0,0.0,1600.0,0.0,12.0,12.206078,0.0,0.0,167.0,12.206078,4.0
0.0,fujian,4.0,65.0,0.0,0.0,1.0,4225.0,0.0,9.0,8.9873219,1.0,1.0,167.0,11.918397,3.0
1.0,fujian,2.0,65.0,0.0,0.0,0.0,4225.0,1.0,0.0,0.0,0.0,0.0,167.0,0.0,3.0
0.0,fujian,4.0,62.0,0.0,0.0,0.0,3844.0,1.0,6.0,7.6014023,1.0,0.0,167.0,7.6014023,2.0
1.0,fujian,3.0,26.0,0.0,0.0,1.0,676.0,1.0,12.0,10.308986,1.0,0.0,167.0,11.512936,3.0
1.0,fujian,5.0,53.0,0.0,0.0,1.0,2809.0,1.0,12.0,0.0,0.0,0.0,167.0,11.002116,3.0
1.0,fujian,4.0,46.0,0.0,0.0,1.0,2116.0,0.0,6.0,9.9035378,1.0,0.0,167.0,10.819798,4.0
0.0,fujian,5.0,67.0,3.0445225,0.0,1.0,4489.0,1.0,0.0,9.2104406,1.0,0.0,167.0,9.9035378,2.0
0.0,fujian,4.0,43.0,0.0,0.0,1.0,1849.0,1.0,6.0,0.0,1.0,0.0,167.0,10.308986,4.0
1.0,fujian,4.0,89.0,0.0,0.0,1.0,7921.0,0.0,0.0,8.4765797,1.0,0.0,167.0,8.4765797,4.0
0.0,fujian,4.0,70.0,0.0,0.0,1.0,4900.0,1.0,0.0,7.6014023,1.0,0.0,167.0,7.6014023,1.0
0.0,fujian,4.0,76.0,0.0,0.0,1.0,5776.0,0.0,0.0,8.0067005,1.0,0.0,167.0,8.5173931,2.0
1.0,fujian,3.0,43.0,0.0,0.0,1.0,1849.0,0.0,12.0,10.819798,0.0,0.0,167.0,10.819798,4.0
1.0,fujian,2.0,40.0,2.3978953,0.0,1.0,1600.0,1.0,6.0,9.9035378,1.0,0.0,167.0,10.819798,2.0
1.0,fujian,4.0,46.0,0.0,0.0,0.0,2116.0,0.0,9.0,10.491302,0.0,0.0,167.0,10.819798,4.0
1.0,fujian,4.0,56.0,0.0,0.0,0.0,3136.0,0.0,6.0,11.512936,1.0,0.0,167.0,11.512936,4.0
1.0,fujian,4.0,53.0,0.0,0.0,1.0,2809.0,0.0,9.0,11.002116,1.0,0.0,167.0,11.002116,4.0
1.0,fujian,5.0,44.0,0.0,0.0,1.0,1936.0,0.0,9.0,11.350418,1.0,0.0,167.0,11.918397,4.0
0.0,fujian,3.0,74.0,0.0,0.0,0.0,5476.0,0.0,6.0,8.0067005,1.0,0.0,167.0,8.0067005,3.0
0.0,fujian,3.0,54.0,4.6151204,0.0,0.0,2916.0,0.0,6.0,10.819798,1.0,0.0,167.0,10.819798,4.0
0.0,fujian,4.0,62.0,0.0,0.0,1.0,3844.0,0.0,0.0,7.09091,1.0,0.0,167.0,7.09091,2.0
0.0,fujian,3.0,62.0,0.0,0.0,0.0,3844.0,0.0,9.0,6.9087548,1.0,0.0,167.0,8.0067005,4.0
0.0,fujian,2.0,47.0,0.0,0.0,1.0,2209.0,0.0,6.0,9.9035378,1.0,0.0,167.0,10.59666,4.0
0.0,fujian,5.0,68.0,0.0,0.0,1.0,4624.0,1.0,0.0,0.0,1.0,0.0,167.0,8.5173931,3.0
0.0,fujian,5.0,64.0,0.0,0.0,1.0,4096.0,1.0,6.0,9.9035378,1.0,0.0,167.0,9.9035378,2.0
0.0,fujian,3.0,54.0,0.0,0.0,1.0,2916.0,0.0,6.0,7.6014023,1.0,0.0,167.0,9.9035378,5.0
0.0,fujian,3.0,63.0,0.0,0.0,1.0,3969.0,0.0,12.0,10.819798,1.0,1.0,167.0,11.512936,5.0
0.0,fujian,3.0,65.0,0.0,0.0,0.0,4225.0,0.0,6.0,9.3057413,1.0,0.0,167.0,9.3057413,2.0
0.0,fujian,4.0,54.0,0.0,0.0,0.0,2916.0,0.0,0.0,0.0,1.0,0.0,167.0,9.2104406,3.0
0.0,fujian,2.0,64.0,0.0,0.0,1.0,4096.0,1.0,6.0,7.09091,1.0,0.0,167.0,7.09091,2.0
0.0,fujian,3.0,42.0,0.0,0.0,1.0,1764.0,1.0,6.0,8.0067005,1.0,0.0,167.0,11.002116,3.0
0.0,fujian,3.0,55.0,0.0,0.0,1.0,3025.0,0.0,0.0,10.308986,1.0,0.0,167.0,11.289794,2.0
0.0,fujian,4.0,78.0,0.0,0.0,1.0,6084.0,0.0,0.0,7.09091,1.0,0.0,167.0,7.7836404,2.0
0.0,fujian,4.0,32.0,0.0,0.0,1.0,1024.0,1.0,9.0,11.156265,1.0,0.0,167.0,11.289794,3.0
0.0,fujian,2.0,65.0,0.0,0.0,1.0,4225.0,1.0,0.0,7.6014023,1.0,0.0,167.0,9.2104406,4.0
0.0,fujian,3.0,68.0,0.0,0.0,1.0,4624.0,0.0,9.0,9.2104406,1.0,0.0,167.0,9.4727812,2.0
0.0,fujian,3.0,50.0,0.0,0.0,0.0,2500.0,0.0,9.0,8.6996813,1.0,0.0,167.0,9.2104406,1.0
0.0,fujian,4.0,18.0,0.0,0.0,0.0,324.0,0.0,12.0,8.0067005,1.0,0.0,167.0,11.512936,5.0
0.0,fujian,2.0,64.0,0.0,0.0,1.0,4096.0,0.0,0.0,8.5173931,1.0,0.0,167.0,9.6158724,3.0
1.0,jiangxi,3.0,60.0,0.0,0.0,1.0,3600.0,1.0,9.0,10.085851,0.0,1.0,288.0,10.915107,3.0
1.0,jiangxi,4.0,49.0,0.0,0.0,1.0,2401.0,0.0,15.0,11.918397,0.0,1.0,288.0,11.918397,2.0
1.0,jiangxi,4.0,60.0,0.0,0.0,1.0,3600.0,1.0,0.0,0.0,1.0,0.0,288.0,,4.0
1.0,jiangxi,3.0,25.0,0.0,0.0,1.0,625.0,0.0,12.0,9.9035378,1.0,0.0,288.0,11.512936,4.0
1.0,jiangxi,4.0,67.0,2.3978953,0.0,1.0,4489.0,1.0,6.0,7.7410989,0.0,1.0,288.0,8.6996813,4.0
1.0,jiangxi,4.0,37.0,0.0,0.0,1.0,1369.0,0.0,12.0,12.611541,0.0,0.0,288.0,12.765692,5.0
1.0,jiangxi,4.0,55.0,0.0,0.0,1.0,3025.0,0.0,12.0,11.002116,1.0,0.0,288.0,11.512936,4.0
0.0,jiangxi,4.0,67.0,0.0,0.0,0.0,4489.0,1.0,0.0,7.6014023,1.0,0.0,288.0,8.0067005,5.0
0.0,jiangxi,3.0,50.0,0.0,0.0,0.0,2500.0,0.0,9.0,0.0,1.0,0.0,288.0,11.002116,3.0
1.0,jiangxi,3.0,68.0,0.0,0.0,1.0,4624.0,1.0,6.0,10.134639,0.0,0.0,288.0,,3.0
1.0,jiangxi,4.0,64.0,0.0,0.0,1.0,4096.0,0.0,6.0,,0.0,0.0,288.0,10.71444,3.0
1.0,jiangxi,3.0,47.0,0.0,0.0,1.0,2209.0,1.0,6.0,0.0,1.0,0.0,288.0,9.2104406,4.0
1.0,jiangxi,4.0,79.0,0.0,0.0,1.0,6241.0,0.0,9.0,,0.0,0.0,288.0,10.545368,4.0
1.0,jiangxi,4.0,21.0,0.0,0.0,0.0,441.0,1.0,16.0,0.0,0.0,0.0,288.0,11.002116,4.0
0.0,jiangxi,5.0,68.0,0.0,0.0,1.0,4624.0,0.0,6.0,8.0067005,1.0,0.0,288.0,11.002116,5.0
1.0,jiangxi,5.0,84.0,0.0,0.0,0.0,7056.0,1.0,6.0,0.0,1.0,0.0,288.0,0.0,1.0
1.0,jiangxi,4.0,47.0,2.3978953,0.0,1.0,2209.0,1.0,12.0,11.002116,0.0,0.0,288.0,11.608245,5.0
0.0,jiangxi,4.0,60.0,0.0,0.0,1.0,3600.0,1.0,6.0,0.0,1.0,0.0,288.0,9.9035378,1.0
1.0,jiangxi,3.0,40.0,0.0,0.0,0.0,1600.0,1.0,15.0,10.085851,0.0,0.0,288.0,10.085851,4.0
1.0,jiangxi,4.0,39.0,0.0,0.0,1.0,1521.0,0.0,16.0,10.778977,0.0,0.0,288.0,10.819798,4.0
1.0,jiangxi,3.0,47.0,0.0,0.0,1.0,2209.0,1.0,6.0,11.002116,1.0,0.0,288.0,11.002116,3.0
1.0,jiangxi,4.0,80.0,0.0,0.0,0.0,6400.0,1.0,0.0,0.0,1.0,0.0,288.0,0.0,2.0
1.0,jiangxi,4.0,23.0,0.0,0.0,1.0,529.0,1.0,9.0,0.0,1.0,0.0,288.0,9.9035378,4.0
0.0,jiangxi,4.0,28.0,0.0,0.0,1.0,784.0,1.0,12.0,10.778977,1.0,0.0,288.0,11.918397,4.0
1.0,jiangxi,3.0,42.0,0.0,0.0,1.0,1764.0,0.0,12.0,11.289794,1.0,0.0,288.0,11.289794,4.0
1.0,jiangxi,4.0,65.0,0.0,0.0,1.0,4225.0,1.0,9.0,10.134639,0.0,0.0,288.0,10.874286,3.0
1.0,jiangxi,4.0,41.0,0.0,0.0,1.0,1681.0,1.0,9.0,10.308986,0.0,0.0,288.0,10.308986,5.0
0.0,jiangxi,4.0,18.0,1.9459101,0.0,0.0,324.0,0.0,12.0,0.0,1.0,0.0,288.0,12.611541,5.0
0.0,jiangxi,4.0,58.0,3.4339871,0.0,1.0,3364.0,1.0,6.0,0.0,1.0,0.0,288.0,8.8538084,2.0
0.0,jiangxi,4.0,50.0,3.4339871,0.0,1.0,2500.0,1.0,9.0,,1.0,0.0,288.0,9.2104406,3.0
1.0,jiangxi,2.0,43.0,0.0,0.0,1.0,1849.0,1.0,6.0,10.819798,1.0,0.0,288.0,,2.0
1.0,jiangxi,4.0,47.0,0.0,0.0,1.0,2209.0,0.0,9.0,9.9035378,0.0,0.0,288.0,11.512936,4.0
0.0,jiangxi,3.0,61.0,0.0,0.0,0.0,3721.0,1.0,6.0,0.0,1.0,0.0,288.0,11.918397,2.0
1.0,jiangxi,4.0,47.0,3.4339871,0.0,1.0,2209.0,0.0,6.0,11.002116,0.0,0.0,288.0,11.156265,3.0
1.0,jiangxi,4.0,19.0,0.0,0.0,0.0,361.0,1.0,12.0,0.0,1.0,0.0,288.0,11.407576,5.0
0.0,jiangxi,4.0,49.0,0.0,0.0,1.0,2401.0,1.0,0.0,10.308986,1.0,0.0,288.0,10.308986,2.0
1.0,jiangxi,4.0,45.0,0.0,0.0,1.0,2025.0,1.0,6.0,0.0,1.0,0.0,288.0,9.9035378,4.0
1.0,jiangxi,4.0,48.0,0.0,0.0,1.0,2304.0,0.0,0.0,10.308986,1.0,0.0,288.0,13.458838,4.0
1.0,jiangxi,4.0,85.0,0.0,0.0,0.0,7225.0,1.0,0.0,0.0,1.0,0.0,288.0,11.512936,4.0
1.0,jiangxi,4.0,77.0,0.0,0.0,0.0,5929.0,0.0,16.0,0.0,0.0,0.0,288.0,11.512936,3.0
1.0,jiangxi,4.0,50.0,0.0,0.0,1.0,2500.0,1.0,6.0,0.0,1.0,0.0,288.0,10.308986,4.0
1.0,jiangxi,5.0,65.0,0.0,0.0,1.0,4225.0,1.0,0.0,10.085851,0.0,0.0,288.0,10.348206,4.0
1.0,jiangxi,2.0,50.0,0.0,0.0,1.0,2500.0,0.0,9.0,0.0,1.0,0.0,288.0,10.819798,4.0
1.0,jiangxi,3.0,25.0,0.0,0.0,0.0,625.0,0.0,9.0,7.6014023,1.0,0.0,288.0,9.9035378,5.0
1.0,jiangxi,5.0,60.0,0.0,0.0,1.0,3600.0,0.0,6.0,0.0,1.0,0.0,288.0,11.002116,4.0
1.0,jiangxi,4.0,40.0,0.0,0.0,1.0,1600.0,1.0,9.0,11.512936,1.0,0.0,288.0,11.775297,4.0
1.0,jiangxi,4.0,50.0,0.0,0.0,1.0,2500.0,0.0,16.0,11.002116,0.0,0.0,288.0,11.338584,5.0
1.0,jiangxi,4.0,47.0,0.0,0.0,1.0,2209.0,1.0,6.0,9.9988432,0.0,0.0,288.0,10.819798,4.0
1.0,jiangxi,4.0,57.0,3.4339871,0.0,1.0,3249.0,1.0,0.0,0.0,1.0,0.0,288.0,9.392745,4.0
1.0,jiangxi,4.0,60.0,0.0,0.0,1.0,3600.0,0.0,6.0,9.3057413,0.0,0.0,288.0,10.691968,4.0
0.0,jiangxi,4.0,20.0,0.0,0.0,0.0,400.0,0.0,15.0,0.0,1.0,0.0,288.0,,5.0
1.0,jiangxi,3.0,22.0,0.0,0.0,0.0,484.0,1.0,15.0,10.085851,1.0,0.0,288.0,11.314487,5.0
1.0,jiangxi,4.0,57.0,0.0,0.0,1.0,3249.0,1.0,6.0,9.2104406,1.0,0.0,288.0,11.289794,4.0
1.0,jiangxi,4.0,52.0,0.0,0.0,1.0,2704.0,1.0,6.0,10.126671,1.0,0.0,288.0,10.308986,3.0
1.0,jiangxi,1.0,63.0,0.0,0.0,0.0,3969.0,0.0,0.0,9.2104406,1.0,0.0,288.0,,2.0
1.0,jiangxi,4.0,38.0,0.0,0.0,1.0,1444.0,0.0,12.0,10.491302,0.0,1.0,288.0,11.184435,4.0
1.0,jiangxi,4.0,34.0,0.0,0.0,1.0,1156.0,0.0,12.0,11.002116,1.0,0.0,288.0,11.002116,5.0
0.0,jiangxi,1.0,53.0,0.0,0.0,1.0,2809.0,1.0,0.0,0.0,1.0,0.0,288.0,,1.0
0.0,jiangxi,4.0,71.0,0.0,0.0,1.0,5041.0,1.0,6.0,8.5173931,1.0,1.0,288.0,9.6158724,4.0
1.0,jiangxi,4.0,51.0,0.0,0.0,1.0,2601.0,1.0,12.0,10.491302,0.0,0.0,288.0,11.238502,4.0
1.0,jiangxi,4.0,44.0,4.6151204,0.0,1.0,1936.0,0.0,16.0,11.695255,0.0,1.0,288.0,12.206078,4.0
0.0,jiangxi,5.0,63.0,0.0,0.0,1.0,3969.0,0.0,9.0,10.275085,1.0,0.0,288.0,11.002116,5.0
1.0,jiangxi,3.0,70.0,0.0,0.0,1.0,4900.0,0.0,9.0,0.0,1.0,0.0,288.0,10.308986,3.0
1.0,jiangxi,2.0,68.0,0.0,0.0,1.0,4624.0,1.0,6.0,9.1050911,1.0,0.0,288.0,11.407576,3.0
1.0,jiangxi,3.0,58.0,0.0,0.0,1.0,3364.0,0.0,9.0,0.0,1.0,0.0,288.0,0.0,2.0
1.0,jiangxi,4.0,66.0,0.0,0.0,1.0,4356.0,0.0,9.0,0.0,0.0,0.0,288.0,,4.0
1.0,jiangxi,4.0,67.0,3.0445225,0.0,1.0,4489.0,0.0,0.0,0.0,0.0,0.0,288.0,11.002116,4.0
1.0,jiangxi,4.0,43.0,4.6151204,0.0,1.0,1849.0,1.0,6.0,,1.0,0.0,288.0,,4.0
0.0,jiangxi,3.0,55.0,3.0445225,0.0,1.0,3025.0,0.0,9.0,0.0,1.0,0.0,288.0,10.819798,4.0
1.0,jiangxi,4.0,52.0,0.0,0.0,1.0,2704.0,1.0,0.0,9.9035378,1.0,0.0,288.0,10.819798,4.0
0.0,jiangxi,3.0,55.0,0.0,0.0,1.0,3025.0,1.0,0.0,,1.0,0.0,288.0,,3.0
0.0,jiangxi,5.0,70.0,0.0,0.0,1.0,4900.0,0.0,6.0,0.0,0.0,1.0,288.0,9.2104406,4.0
1.0,jiangxi,2.0,44.0,3.2580965,0.0,1.0,1936.0,0.0,0.0,0.0,1.0,0.0,288.0,9.9035378,2.0
1.0,jiangxi,4.0,27.0,0.0,0.0,1.0,729.0,0.0,16.0,11.002116,1.0,0.0,288.0,11.512936,5.0
1.0,jiangxi,4.0,44.0,0.0,0.0,1.0,1936.0,1.0,12.0,9.2104406,0.0,0.0,288.0,9.9035378,3.0
1.0,jiangxi,4.0,30.0,0.0,0.0,1.0,900.0,1.0,9.0,0.0,1.0,0.0,288.0,11.156265,3.0
1.0,jiangxi,2.0,51.0,0.0,0.0,1.0,2601.0,1.0,9.0,,0.0,0.0,288.0,,4.0
1.0,jiangxi,5.0,43.0,0.0,0.0,1.0,1849.0,0.0,0.0,10.819798,0.0,0.0,288.0,10.819798,5.0
1.0,jiangxi,4.0,63.0,0.0,0.0,1.0,3969.0,0.0,0.0,10.819798,0.0,0.0,288.0,,4.0
0.0,jiangxi,2.0,55.0,0.0,0.0,1.0,3025.0,0.0,0.0,10.404293,1.0,0.0,288.0,10.308986,3.0
1.0,jiangxi,3.0,19.0,1.7917595,0.0,0.0,361.0,0.0,12.0,0.0,0.0,0.0,288.0,11.338584,5.0
1.0,jiangxi,3.0,48.0,0.0,0.0,1.0,2304.0,0.0,12.0,11.002116,0.0,0.0,288.0,11.512936,3.0
1.0,jiangxi,4.0,52.0,0.0,0.0,1.0,2704.0,0.0,9.0,10.59666,1.0,0.0,288.0,11.512936,4.0
1.0,jiangxi,3.0,43.0,0.0,0.0,1.0,1849.0,1.0,6.0,10.819798,1.0,0.0,288.0,11.512936,4.0
1.0,jiangxi,4.0,53.0,1.7917595,0.0,1.0,2809.0,0.0,12.0,10.778977,0.0,0.0,288.0,10.778977,4.0
1.0,jiangxi,3.0,81.0,0.0,0.0,1.0,6561.0,1.0,0.0,9.2762213,0.0,0.0,288.0,9.2762213,2.0
1.0,jiangxi,3.0,32.0,0.0,0.0,1.0,1024.0,0.0,9.0,13.458838,1.0,0.0,288.0,13.458838,3.0
0.0,jiangxi,5.0,55.0,1.9459101,0.0,0.0,3025.0,1.0,12.0,0.0,1.0,0.0,288.0,12.388398,3.0
1.0,jiangxi,4.0,61.0,0.0,0.0,1.0,3721.0,1.0,0.0,9.2104406,1.0,0.0,288.0,10.308986,4.0
1.0,jiangxi,4.0,35.0,5.3033047,0.0,1.0,1225.0,1.0,9.0,11.918397,1.0,0.0,288.0,11.918397,4.0
1.0,jiangxi,4.0,55.0,0.0,0.0,1.0,3025.0,1.0,6.0,0.0,0.0,0.0,288.0,11.918397,4.0
1.0,jiangxi,2.0,42.0,0.0,0.0,0.0,1764.0,0.0,6.0,9.3057413,1.0,0.0,288.0,9.3057413,4.0
1.0,jiangxi,4.0,24.0,0.0,0.0,0.0,576.0,1.0,16.0,0.0,0.0,0.0,288.0,11.512936,5.0
1.0,jiangxi,4.0,60.0,0.0,0.0,1.0,3600.0,1.0,0.0,7.6014023,1.0,0.0,288.0,9.9035378,2.0
1.0,jiangxi,4.0,53.0,0.0,0.0,1.0,2809.0,0.0,16.0,10.778977,0.0,0.0,288.0,11.184435,3.0
1.0,jiangxi,4.0,54.0,0.0,0.0,1.0,2916.0,1.0,9.0,9.392745,1.0,1.0,288.0,9.392745,5.0
1.0,jiangxi,5.0,50.0,0.0,0.0,1.0,2500.0,0.0,16.0,11.512936,0.0,1.0,288.0,12.206078,4.0
1.0,jiangxi,2.0,33.0,0.0,0.0,0.0,1089.0,0.0,0.0,,0.0,0.0,288.0,,3.0
0.0,jiangxi,4.0,50.0,0.0,0.0,1.0,2500.0,1.0,9.0,9.2104406,1.0,0.0,288.0,,3.0
1.0,jiangxi,3.0,85.0,0.0,0.0,0.0,7225.0,0.0,6.0,11.512936,1.0,0.0,288.0,11.512936,5.0
0.0,jiangxi,3.0,66.0,0.0,0.0,1.0,4356.0,0.0,0.0,0.0,1.0,0.0,288.0,,2.0
1.0,jiangxi,3.0,63.0,0.0,0.0,1.0,3969.0,1.0,0.0,0.0,1.0,0.0,288.0,10.463132,4.0
1.0,jiangxi,3.0,52.0,0.0,0.0,0.0,2704.0,0.0,6.0,9.6158724,1.0,0.0,288.0,,4.0
1.0,jiangxi,4.0,25.0,0.0,0.0,1.0,625.0,0.0,12.0,10.59666,0.0,0.0,288.0,11.002116,5.0
0.0,jiangxi,4.0,53.0,0.0,0.0,1.0,2809.0,0.0,6.0,10.308986,1.0,0.0,288.0,11.002116,3.0
1.0,jiangxi,4.0,36.0,3.4339871,0.0,1.0,1296.0,1.0,12.0,10.59666,0.0,0.0,288.0,11.512936,3.0
1.0,jiangxi,4.0,52.0,2.7725887,0.0,1.0,2704.0,0.0,6.0,10.463132,1.0,0.0,288.0,10.819798,4.0
1.0,jiangxi,3.0,77.0,0.0,0.0,1.0,5929.0,0.0,0.0,0.0,1.0,0.0,288.0,0.0,1.0
1.0,jiangxi,2.0,44.0,0.0,0.0,1.0,1936.0,0.0,9.0,11.156265,1.0,0.0,288.0,11.289794,3.0
1.0,jiangxi,2.0,42.0,2.3978953,0.0,1.0,1764.0,1.0,9.0,11.225257,0.0,1.0,288.0,12.206078,1.0
0.0,jiangxi,4.0,48.0,0.0,0.0,1.0,2304.0,1.0,6.0,0.0,1.0,0.0,288.0,,4.0
1.0,jiangxi,4.0,42.0,0.0,0.0,1.0,1764.0,1.0,12.0,10.085851,0.0,0.0,288.0,11.002116,5.0
1.0,jiangxi,5.0,26.0,0.0,0.0,1.0,676.0,1.0,6.0,10.59666,1.0,0.0,288.0,10.59666,5.0
1.0,jiangxi,5.0,18.0,0.0,0.0,0.0,324.0,1.0,16.0,0.0,0.0,0.0,288.0,11.695255,5.0
1.0,jiangxi,4.0,34.0,0.0,0.0,1.0,1156.0,1.0,16.0,11.002116,0.0,0.0,288.0,12.206078,5.0
1.0,jiangxi,4.0,24.0,2.3978953,0.0,0.0,576.0,1.0,16.0,10.778977,0.0,0.0,288.0,,5.0
0.0,jiangxi,4.0,54.0,0.0,0.0,0.0,2916.0,0.0,9.0,0.0,1.0,0.0,288.0,0.0,5.0
1.0,jiangxi,4.0,37.0,0.0,0.0,1.0,1369.0,1.0,16.0,10.308986,0.0,0.0,288.0,11.002116,3.0
1.0,jiangxi,5.0,28.0,0.0,0.0,1.0,784.0,1.0,12.0,,1.0,0.0,288.0,12.206078,5.0
1.0,jiangxi,4.0,22.0,0.0,0.0,0.0,484.0,0.0,15.0,10.085851,0.0,0.0,288.0,11.512936,4.0
1.0,jiangxi,4.0,52.0,0.0,0.0,1.0,2704.0,1.0,6.0,10.819798,1.0,0.0,288.0,11.512936,4.0
1.0,jiangxi,5.0,66.0,0.0,0.0,1.0,4356.0,1.0,0.0,7.6014023,1.0,0.0,288.0,9.2104406,3.0
1.0,jiangxi,3.0,59.0,0.0,0.0,1.0,3481.0,0.0,6.0,9.2104406,0.0,0.0,288.0,10.308986,5.0
1.0,jiangxi,3.0,68.0,2.3978953,0.0,1.0,4624.0,1.0,12.0,10.308986,0.0,0.0,288.0,11.407576,4.0
1.0,jiangxi,3.0,73.0,0.0,0.0,1.0,5329.0,1.0,6.0,0.0,0.0,0.0,288.0,0.0,2.0
1.0,jiangxi,4.0,48.0,0.0,0.0,1.0,2304.0,1.0,0.0,0.0,1.0,0.0,288.0,10.59666,4.0
1.0,jiangxi,3.0,29.0,0.0,0.0,0.0,841.0,1.0,19.0,10.491302,0.0,0.0,288.0,11.520904,5.0
0.0,jiangxi,5.0,44.0,0.0,0.0,1.0,1936.0,1.0,6.0,0.0,1.0,0.0,288.0,9.9035378,4.0
1.0,jiangxi,3.0,68.0,0.0,0.0,1.0,4624.0,1.0,6.0,0.0,1.0,0.0,288.0,0.0,4.0
1.0,jiangxi,3.0,52.0,0.0,0.0,1.0,2704.0,0.0,9.0,,0.0,0.0,288.0,,4.0
1.0,jiangxi,4.0,43.0,0.0,0.0,1.0,1849.0,1.0,0.0,9.9035378,1.0,0.0,288.0,11.156265,2.0
1.0,jiangxi,4.0,37.0,3.4339871,0.0,1.0,1369.0,1.0,12.0,0.0,0.0,0.0,288.0,11.918397,3.0
0.0,jiangxi,4.0,66.0,1.9459101,0.0,0.0,4356.0,1.0,0.0,0.0,1.0,0.0,288.0,12.206078,5.0
1.0,jiangxi,4.0,71.0,0.0,0.0,1.0,5041.0,1.0,0.0,9.9035378,0.0,0.0,288.0,9.9035378,4.0
0.0,jiangxi,4.0,82.0,0.0,0.0,1.0,6724.0,0.0,6.0,0.0,1.0,0.0,288.0,0.0,4.0
0.0,jiangxi,4.0,35.0,3.0445225,0.0,1.0,1225.0,1.0,9.0,10.308986,1.0,0.0,288.0,11.512936,4.0
1.0,jiangxi,4.0,35.0,0.0,0.0,1.0,1225.0,1.0,12.0,10.085851,0.0,0.0,288.0,11.512936,5.0
1.0,jiangxi,4.0,64.0,0.0,0.0,0.0,4096.0,1.0,9.0,10.308986,0.0,0.0,288.0,10.308986,4.0
0.0,jiangxi,4.0,54.0,1.0986123,0.0,1.0,2916.0,1.0,6.0,9.6158724,1.0,0.0,288.0,9.9035378,4.0
0.0,jiangxi,2.0,50.0,0.0,0.0,1.0,2500.0,0.0,0.0,,1.0,0.0,288.0,,4.0
1.0,jiangxi,4.0,84.0,0.0,0.0,1.0,7056.0,0.0,12.0,0.0,1.0,0.0,288.0,11.407576,2.0
1.0,jiangxi,4.0,39.0,0.0,0.0,1.0,1521.0,0.0,9.0,10.491302,0.0,0.0,288.0,10.491302,3.0
1.0,jiangxi,5.0,27.0,0.0,0.0,0.0,729.0,1.0,16.0,8.8538084,0.0,0.0,288.0,10.308986,4.0
1.0,jiangxi,4.0,67.0,0.0,0.0,1.0,4489.0,1.0,0.0,9.392745,1.0,0.0,288.0,10.308986,4.0
0.0,jiangxi,4.0,53.0,0.0,0.0,1.0,2809.0,1.0,6.0,0.0,1.0,0.0,288.0,9.9035378,5.0
1.0,jiangxi,5.0,36.0,0.0,0.0,1.0,1296.0,1.0,12.0,,0.0,0.0,288.0,,4.0
1.0,jiangxi,4.0,40.0,0.0,0.0,1.0,1600.0,1.0,9.0,10.968216,0.0,0.0,288.0,11.407576,4.0
1.0,jiangxi,4.0,32.0,5.3033047,0.0,1.0,1024.0,1.0,12.0,10.308986,0.0,0.0,288.0,11.512936,4.0
1.0,jiangxi,3.0,41.0,0.0,0.0,1.0,1681.0,0.0,9.0,10.819798,1.0,0.0,288.0,10.819798,4.0
0.0,jiangxi,4.0,57.0,0.0,0.0,1.0,3249.0,1.0,6.0,0.0,1.0,0.0,288.0,9.9035378,4.0
0.0,jiangxi,4.0,62.0,0.0,0.0,0.0,3844.0,1.0,0.0,0.0,1.0,0.0,288.0,0.0,2.0
1.0,jiangxi,4.0,58.0,0.0,0.0,1.0,3364.0,1.0,9.0,9.9035378,0.0,0.0,288.0,11.512936,4.0
1.0,jiangxi,5.0,21.0,0.0,0.0,0.0,441.0,0.0,16.0,0.0,0.0,0.0,288.0,11.289794,5.0
1.0,jiangxi,5.0,72.0,0.0,0.0,0.0,5184.0,0.0,6.0,10.374709,0.0,0.0,288.0,10.434145,5.0
1.0,jiangxi,4.0,54.0,0.0,0.0,1.0,2916.0,0.0,6.0,10.308986,1.0,0.0,288.0,12.899222,3.0
1.0,jiangxi,4.0,55.0,0.0,0.0,1.0,3025.0,0.0,12.0,9.9035378,0.0,0.0,288.0,11.512936,3.0
1.0,jiangxi,4.0,68.0,0.0,0.0,1.0,4624.0,0.0,12.0,0.0,1.0,0.0,288.0,0.0,3.0
1.0,jiangxi,3.0,45.0,0.0,0.0,1.0,2025.0,1.0,6.0,10.819798,1.0,0.0,288.0,10.819798,4.0
1.0,jiangxi,4.0,60.0,0.0,0.0,0.0,3600.0,1.0,0.0,0.0,1.0,0.0,288.0,,4.0
0.0,jiangxi,4.0,73.0,0.0,0.0,1.0,5329.0,0.0,6.0,0.0,1.0,0.0,288.0,,4.0
1.0,jiangxi,4.0,20.0,1.7917595,0.0,0.0,400.0,1.0,16.0,0.0,0.0,0.0,288.0,12.206078,5.0
1.0,jiangxi,5.0,41.0,0.0,0.0,1.0,1681.0,1.0,9.0,,1.0,0.0,288.0,,5.0
1.0,jiangxi,2.0,53.0,0.0,0.0,1.0,2809.0,1.0,6.0,9.6158724,0.0,0.0,288.0,11.002116,3.0
1.0,jiangxi,4.0,44.0,0.0,0.0,1.0,1936.0,1.0,9.0,10.778977,0.0,0.0,288.0,11.512936,4.0
0.0,jiangxi,3.0,56.0,0.0,0.0,1.0,3136.0,1.0,0.0,6.2166061,1.0,0.0,288.0,9.9035378,2.0
1.0,jiangxi,4.0,69.0,0.0,0.0,1.0,4761.0,1.0,6.0,6.9087548,1.0,0.0,288.0,,4.0
1.0,jiangxi,4.0,59.0,3.4339871,0.0,1.0,3481.0,1.0,9.0,9.9035378,0.0,0.0,288.0,11.608245,5.0
0.0,jiangxi,3.0,57.0,0.0,0.0,1.0,3249.0,1.0,6.0,,1.0,0.0,288.0,,3.0
1.0,jiangxi,4.0,56.0,0.0,0.0,1.0,3136.0,0.0,12.0,9.9035378,0.0,0.0,288.0,9.9035378,5.0
1.0,jiangxi,4.0,77.0,0.0,0.0,0.0,5929.0,1.0,0.0,10.165891,0.0,0.0,288.0,11.002116,5.0
1.0,jiangxi,4.0,41.0,3.4339871,0.0,1.0,1681.0,1.0,9.0,11.512936,0.0,0.0,288.0,11.775297,3.0
1.0,jiangxi,3.0,69.0,0.0,0.0,0.0,4761.0,0.0,12.0,10.308986,0.0,1.0,288.0,10.819798,2.0
1.0,jiangxi,4.0,55.0,0.0,0.0,1.0,3025.0,1.0,6.0,0.0,0.0,0.0,288.0,13.122365,3.0
1.0,jiangxi,4.0,43.0,0.0,0.0,1.0,1849.0,0.0,16.0,11.775297,0.0,0.0,288.0,9.6158724,4.0
0.0,jiangxi,4.0,60.0,0.0,0.0,0.0,3600.0,1.0,0.0,0.0,1.0,0.0,288.0,,3.0
1.0,jiangxi,4.0,48.0,0.0,0.0,1.0,2304.0,0.0,12.0,10.491302,0.0,0.0,288.0,11.156265,4.0
1.0,jiangxi,4.0,33.0,0.0,0.0,1.0,1089.0,1.0,15.0,10.126671,0.0,0.0,288.0,10.819798,3.0
1.0,jiangxi,3.0,32.0,0.0,0.0,1.0,1024.0,0.0,9.0,10.308986,1.0,0.0,288.0,11.407576,4.0
1.0,jiangxi,4.0,59.0,0.0,0.0,1.0,3481.0,1.0,0.0,9.6158724,0.0,0.0,288.0,10.819798,4.0
0.0,jiangxi,4.0,50.0,0.0,0.0,1.0,2500.0,1.0,6.0,9.2104406,1.0,0.0,288.0,9.6158724,4.0
1.0,jiangxi,4.0,65.0,0.0,0.0,1.0,4225.0,1.0,0.0,0.0,1.0,0.0,288.0,11.156265,3.0
1.0,jiangxi,4.0,44.0,0.0,0.0,1.0,1936.0,1.0,0.0,10.308986,1.0,0.0,288.0,10.308986,2.0
0.0,jiangxi,5.0,74.0,0.0,0.0,1.0,5476.0,1.0,9.0,0.0,1.0,1.0,288.0,,3.0
1.0,jiangxi,4.0,33.0,0.0,0.0,1.0,1089.0,0.0,12.0,13.081544,0.0,0.0,288.0,11.472114,5.0
1.0,jiangxi,4.0,30.0,0.0,0.0,1.0,900.0,1.0,12.0,8.9873219,1.0,0.0,288.0,10.308986,5.0
1.0,jiangxi,5.0,34.0,0.0,0.0,0.0,1156.0,0.0,9.0,0.0,1.0,0.0,288.0,11.002116,3.0
1.0,jiangxi,5.0,73.0,4.6151204,0.0,1.0,5329.0,1.0,6.0,0.0,0.0,1.0,288.0,11.918397,2.0
1.0,jiangxi,4.0,50.0,0.0,0.0,1.0,2500.0,0.0,6.0,6.9087548,1.0,0.0,288.0,9.7410278,2.0
1.0,jiangxi,5.0,50.0,0.0,0.0,1.0,2500.0,0.0,0.0,10.203629,0.0,0.0,288.0,11.002116,5.0
1.0,jiangxi,2.0,59.0,0.0,0.0,1.0,3481.0,0.0,2.0,9.2104406,1.0,0.0,288.0,10.126671,3.0
1.0,jiangxi,3.0,63.0,0.0,0.0,1.0,3969.0,0.0,6.0,0.0,1.0,0.0,288.0,0.0,2.0
1.0,jiangxi,4.0,49.0,0.0,0.0,1.0,2401.0,1.0,12.0,11.695255,0.0,0.0,288.0,11.695255,4.0
0.0,jiangxi,4.0,68.0,0.0,0.0,1.0,4624.0,1.0,6.0,6.2166061,1.0,0.0,288.0,6.2166061,3.0
1.0,jiangxi,5.0,50.0,2.7725887,0.0,0.0,2500.0,1.0,6.0,10.085851,0.0,0.0,288.0,10.085851,4.0
1.0,jiangxi,4.0,68.0,4.6151204,0.0,1.0,4624.0,1.0,0.0,7.6014023,1.0,0.0,288.0,7.6014023,2.0
0.0,jiangxi,4.0,43.0,0.0,0.0,1.0,1849.0,0.0,9.0,10.71444,1.0,0.0,288.0,10.71444,4.0
1.0,jiangxi,4.0,71.0,0.0,0.0,1.0,5041.0,0.0,0.0,0.0,1.0,0.0,288.0,10.819798,4.0
1.0,jiangxi,4.0,55.0,0.0,0.0,1.0,3025.0,1.0,6.0,0.0,0.0,0.0,288.0,11.289794,3.0
0.0,jiangxi,5.0,59.0,0.0,0.0,1.0,3481.0,0.0,0.0,8.0067005,1.0,0.0,288.0,11.512936,3.0
1.0,jiangxi,4.0,21.0,0.0,0.0,0.0,441.0,0.0,15.0,8.6996813,0.0,0.0,288.0,,4.0
0.0,jiangxi,4.0,78.0,0.0,0.0,0.0,6084.0,1.0,0.0,8.9873219,1.0,0.0,288.0,16.116896,2.0
1.0,jiangxi,4.0,75.0,0.0,0.0,1.0,5625.0,0.0,6.0,10.348206,0.0,0.0,288.0,11.512936,3.0
1.0,jiangxi,4.0,63.0,0.0,0.0,1.0,3969.0,1.0,12.0,0.0,1.0,0.0,288.0,,4.0
1.0,jiangxi,4.0,24.0,0.0,0.0,0.0,576.0,1.0,16.0,11.472114,0.0,0.0,288.0,11.695255,5.0
1.0,jiangxi,4.0,56.0,0.0,0.0,1.0,3136.0,0.0,12.0,0.0,0.0,0.0,288.0,,4.0
1.0,jiangxi,5.0,71.0,0.0,0.0,0.0,5041.0,1.0,6.0,8.0067005,0.0,0.0,288.0,8.0067005,5.0
1.0,jiangxi,4.0,18.0,0.0,0.0,0.0,324.0,1.0,12.0,0.0,1.0,0.0,288.0,,3.0
1.0,jiangxi,4.0,26.0,0.0,0.0,1.0,676.0,1.0,6.0,10.491302,1.0,0.0,288.0,10.308986,4.0
1.0,jiangxi,4.0,50.0,0.0,0.0,0.0,2500.0,0.0,9.0,10.59666,1.0,0.0,288.0,11.512936,3.0
1.0,jiangxi,5.0,43.0,3.0445225,0.0,1.0,1849.0,0.0,0.0,10.59666,0.0,0.0,288.0,13.122365,4.0
0.0,jiangxi,4.0,53.0,0.0,0.0,1.0,2809.0,1.0,6.0,0.0,1.0,0.0,288.0,10.819798,4.0
1.0,jiangxi,4.0,64.0,0.0,0.0,1.0,4096.0,0.0,12.0,10.085851,0.0,0.0,288.0,10.165891,5.0
1.0,jiangxi,4.0,18.0,0.0,0.0,0.0,324.0,0.0,12.0,0.0,1.0,0.0,288.0,10.308986,5.0
1.0,jiangxi,4.0,66.0,3.713572,0.0,1.0,4356.0,0.0,6.0,10.085851,1.0,0.0,288.0,11.184435,3.0
1.0,jiangxi,4.0,38.0,0.0,0.0,1.0,1444.0,0.0,9.0,10.819798,1.0,0.0,288.0,10.819798,4.0
0.0,jiangxi,4.0,32.0,0.0,0.0,1.0,1024.0,1.0,9.0,11.002116,1.0,0.0,288.0,11.982935,4.0
1.0,jiangxi,4.0,20.0,0.0,0.0,0.0,400.0,1.0,0.0,0.0,1.0,0.0,288.0,11.512936,4.0
1.0,jiangxi,1.0,61.0,0.0,0.0,0.0,3721.0,1.0,9.0,8.8819752,0.0,0.0,288.0,8.8819752,3.0
1.0,jiangxi,4.0,60.0,0.0,0.0,0.0,3600.0,1.0,0.0,0.0,0.0,0.0,288.0,11.002116,4.0
0.0,jiangxi,5.0,68.0,0.0,0.0,1.0,4624.0,0.0,9.0,9.9035378,1.0,0.0,288.0,9.9035378,4.0
1.0,jiangxi,3.0,64.0,0.0,0.0,0.0,4096.0,1.0,0.0,0.0,1.0,0.0,288.0,9.9035378,2.0
1.0,jiangxi,4.0,45.0,0.0,0.0,1.0,2025.0,1.0,9.0,9.9035378,0.0,0.0,288.0,10.59666,3.0
1.0,jiangxi,4.0,48.0,0.0,0.0,1.0,2304.0,1.0,6.0,9.9035378,0.0,0.0,288.0,11.407576,5.0
1.0,jiangxi,3.0,44.0,0.0,0.0,1.0,1936.0,0.0,9.0,12.345839,1.0,0.0,288.0,12.42922,4.0
1.0,jiangxi,5.0,88.0,0.0,0.0,0.0,7744.0,0.0,0.0,8.5173931,1.0,0.0,288.0,0.0,4.0
1.0,jiangxi,4.0,34.0,0.0,0.0,1.0,1156.0,1.0,6.0,10.778977,0.0,0.0,288.0,11.695255,4.0
1.0,jiangxi,5.0,54.0,0.0,0.0,1.0,2916.0,0.0,9.0,10.819798,0.0,0.0,288.0,11.512936,4.0
0.0,jiangxi,4.0,73.0,0.0,0.0,1.0,5329.0,1.0,0.0,0.0,1.0,0.0,288.0,,3.0
1.0,jiangxi,4.0,39.0,0.0,0.0,1.0,1521.0,0.0,9.0,10.59666,1.0,0.0,288.0,8.5173931,3.0
1.0,jiangxi,3.0,45.0,0.0,0.0,1.0,2025.0,0.0,0.0,9.9035378,1.0,0.0,288.0,,4.0
0.0,jiangxi,3.0,42.0,0.0,0.0,1.0,1764.0,1.0,6.0,11.695255,1.0,0.0,288.0,12.04356,2.0
1.0,jiangxi,3.0,32.0,0.0,0.0,1.0,1024.0,0.0,16.0,10.645449,1.0,0.0,288.0,11.338584,5.0
1.0,jiangxi,4.0,32.0,0.0,0.0,0.0,1024.0,0.0,9.0,10.463132,0.0,0.0,288.0,11.561726,5.0
1.0,jiangxi,5.0,18.0,0.0,0.0,0.0,324.0,0.0,12.0,0.0,0.0,0.0,288.0,0.0,5.0
0.0,jiangxi,4.0,53.0,1.3862944,0.0,1.0,2809.0,1.0,9.0,8.2943001,1.0,0.0,288.0,12.206078,4.0
0.0,jiangxi,2.0,53.0,0.0,0.0,0.0,2809.0,1.0,6.0,0.0,1.0,0.0,288.0,,2.0
1.0,jiangxi,4.0,41.0,0.0,0.0,1.0,1681.0,0.0,6.0,9.6158724,0.0,0.0,288.0,9.9035378,3.0
1.0,jiangxi,4.0,60.0,0.0,0.0,1.0,3600.0,1.0,6.0,10.085851,0.0,0.0,288.0,10.085851,5.0
1.0,jiangxi,4.0,40.0,0.0,0.0,1.0,1600.0,0.0,15.0,11.918397,0.0,1.0,288.0,12.254868,4.0
1.0,jiangxi,4.0,35.0,0.0,0.0,1.0,1225.0,0.0,9.0,,0.0,0.0,288.0,,4.0
1.0,jiangxi,5.0,73.0,0.0,0.0,1.0,5329.0,1.0,9.0,9.6158724,0.0,1.0,288.0,8.2943001,3.0
0.0,jiangxi,4.0,49.0,4.6151204,0.0,1.0,2401.0,1.0,6.0,0.0,1.0,0.0,288.0,10.308986,4.0
0.0,jiangxi,4.0,62.0,3.9318256,0.0,1.0,3844.0,1.0,0.0,0.0,1.0,0.0,288.0,8.9873219,3.0
1.0,jiangxi,5.0,70.0,0.0,0.0,1.0,4900.0,0.0,6.0,8.0067005,1.0,0.0,288.0,,4.0
1.0,jiangxi,5.0,52.0,2.3978953,0.0,1.0,2704.0,1.0,0.0,10.308986,0.0,0.0,288.0,11.097425,5.0
1.0,jiangxi,1.0,53.0,0.0,0.0,1.0,2809.0,0.0,0.0,9.2104406,1.0,0.0,288.0,9.2104406,3.0
1.0,jiangxi,5.0,46.0,0.0,0.0,1.0,2116.0,1.0,9.0,0.0,0.0,0.0,288.0,12.611541,3.0
1.0,jiangxi,4.0,18.0,0.0,0.0,0.0,324.0,1.0,12.0,0.0,1.0,0.0,288.0,9.9035378,5.0
1.0,jiangxi,3.0,28.0,0.0,0.0,1.0,784.0,0.0,16.0,10.819798,0.0,1.0,288.0,11.407576,4.0
0.0,jiangxi,4.0,68.0,3.4339871,0.0,1.0,4624.0,0.0,6.0,8.5173931,1.0,0.0,288.0,12.42922,3.0
1.0,jiangxi,4.0,42.0,1.7917595,0.0,1.0,1764.0,1.0,12.0,10.59666,0.0,0.0,288.0,11.512936,5.0
0.0,jiangxi,4.0,53.0,0.0,0.0,0.0,2809.0,1.0,0.0,0.0,1.0,0.0,288.0,,4.0
1.0,jiangxi,4.0,50.0,0.0,0.0,1.0,2500.0,0.0,15.0,10.59666,0.0,0.0,288.0,10.59666,5.0
1.0,jiangxi,4.0,22.0,0.0,0.0,1.0,484.0,1.0,9.0,0.0,1.0,0.0,288.0,11.512936,4.0
0.0,jiangxi,4.0,74.0,0.0,0.0,0.0,5476.0,1.0,6.0,9.9035378,1.0,0.0,288.0,,2.0
1.0,jiangxi,4.0,40.0,2.3978953,0.0,1.0,1600.0,1.0,9.0,9.9035378,0.0,0.0,288.0,10.819798,4.0
1.0,jiangxi,4.0,53.0,0.0,0.0,1.0,2809.0,1.0,12.0,,0.0,0.0,288.0,,4.0
0.0,jiangxi,3.0,31.0,0.0,0.0,1.0,961.0,1.0,6.0,9.392745,1.0,0.0,288.0,,3.0
1.0,jiangxi,4.0,30.0,4.6151204,0.0,1.0,900.0,1.0,16.0,10.491302,0.0,0.0,288.0,11.184435,5.0
1.0,jiangxi,2.0,55.0,0.0,0.0,1.0,3025.0,1.0,0.0,10.134639,0.0,0.0,288.0,10.896758,1.0
1.0,jiangxi,4.0,24.0,0.0,0.0,0.0,576.0,1.0,16.0,0.0,0.0,0.0,288.0,10.673619,5.0
1.0,jiangxi,5.0,60.0,0.0,0.0,1.0,3600.0,1.0,9.0,10.308986,0.0,1.0,288.0,11.156265,5.0
1.0,jiangxi,4.0,52.0,0.0,0.0,1.0,2704.0,1.0,0.0,0.0,1.0,0.0,288.0,10.819798,3.0
1.0,jiangxi,4.0,58.0,0.0,0.0,1.0,3364.0,0.0,12.0,10.59666,0.0,0.0,288.0,11.407576,4.0
1.0,jiangxi,4.0,36.0,0.0,0.0,0.0,1296.0,1.0,12.0,9.392745,0.0,0.0,288.0,11.695255,4.0
1.0,jiangxi,4.0,21.0,0.0,0.0,0.0,441.0,0.0,16.0,0.0,0.0,0.0,288.0,12.611541,5.0
1.0,jiangxi,4.0,54.0,0.0,0.0,1.0,2916.0,0.0,9.0,10.085851,0.0,0.0,288.0,10.778977,5.0
1.0,jiangxi,4.0,32.0,0.0,0.0,1.0,1024.0,1.0,16.0,10.819798,0.0,0.0,288.0,11.512936,5.0
1.0,jiangxi,5.0,66.0,0.0,0.0,1.0,4356.0,1.0,6.0,10.085851,0.0,0.0,288.0,10.778977,2.0
1.0,jiangxi,4.0,51.0,3.5553482,0.0,1.0,2601.0,0.0,12.0,10.308986,1.0,0.0,288.0,11.289794,4.0
1.0,jiangxi,3.0,45.0,3.0445225,0.0,1.0,2025.0,1.0,0.0,8.5173931,1.0,0.0,288.0,10.308986,3.0
1.0,jiangxi,4.0,44.0,0.0,0.0,1.0,1936.0,1.0,6.0,0.0,1.0,0.0,288.0,10.463132,2.0
1.0,jiangxi,4.0,52.0,0.0,0.0,0.0,2704.0,1.0,12.0,10.308986,0.0,1.0,288.0,10.463132,4.0
1.0,jiangxi,4.0,52.0,0.0,0.0,1.0,2704.0,1.0,12.0,11.002116,0.0,0.0,288.0,12.100718,4.0
1.0,jiangxi,4.0,33.0,0.0,0.0,1.0,1089.0,1.0,6.0,11.918397,1.0,0.0,288.0,11.918397,4.0
1.0,jiangxi,5.0,58.0,3.0445225,0.0,0.0,3364.0,1.0,12.0,0.0,0.0,0.0,288.0,13.458838,3.0
1.0,jiangxi,4.0,67.0,0.0,0.0,1.0,4489.0,0.0,6.0,0.0,1.0,0.0,288.0,11.289794,4.0
1.0,jiangxi,4.0,51.0,0.0,0.0,1.0,2601.0,1.0,6.0,0.0,0.0,0.0,288.0,10.59666,5.0
0.0,jiangxi,4.0,50.0,2.3978953,0.0,1.0,2500.0,1.0,6.0,9.2104406,1.0,0.0,288.0,10.308986,4.0
1.0,jiangxi,4.0,58.0,0.0,0.0,1.0,3364.0,0.0,9.0,9.9035378,1.0,0.0,288.0,10.59666,3.0
1.0,jiangxi,4.0,24.0,0.0,0.0,0.0,576.0,0.0,9.0,10.308986,0.0,0.0,288.0,11.407576,5.0
1.0,jiangxi,4.0,29.0,3.0445225,0.0,0.0,841.0,0.0,9.0,11.002116,0.0,0.0,288.0,11.156265,5.0
1.0,jiangxi,4.0,19.0,3.4339871,0.0,0.0,361.0,0.0,16.0,0.0,1.0,0.0,288.0,11.512936,4.0
1.0,jiangxi,3.0,32.0,0.0,0.0,1.0,1024.0,1.0,6.0,9.9035378,1.0,0.0,288.0,10.819798,3.0
1.0,jiangxi,4.0,54.0,0.0,0.0,1.0,2916.0,1.0,0.0,0.0,1.0,0.0,288.0,9.9035378,3.0
1.0,jiangxi,4.0,45.0,0.0,0.0,1.0,2025.0,1.0,9.0,0.0,0.0,0.0,288.0,10.308986,3.0
1.0,jiangxi,5.0,28.0,0.0,0.0,1.0,784.0,1.0,15.0,10.819798,0.0,0.0,288.0,11.512936,4.0
1.0,jiangxi,4.0,34.0,0.0,0.0,1.0,1156.0,0.0,0.0,13.815512,0.0,0.0,288.0,14.220976,4.0
1.0,jiangxi,4.0,44.0,0.0,0.0,1.0,1936.0,1.0,15.0,,0.0,0.0,288.0,,4.0
1.0,jiangxi,4.0,43.0,0.0,0.0,1.0,1849.0,1.0,9.0,9.9035378,1.0,0.0,288.0,11.002116,4.0
1.0,jiangxi,3.0,43.0,0.0,0.0,1.0,1849.0,0.0,12.0,11.512936,0.0,0.0,288.0,11.512936,3.0
1.0,jiangxi,3.0,70.0,0.0,0.0,0.0,4900.0,0.0,9.0,9.2104406,0.0,0.0,288.0,,4.0
1.0,jiangxi,3.0,52.0,0.0,0.0,0.0,2704.0,1.0,6.0,9.9035378,1.0,0.0,288.0,9.9035378,5.0
1.0,jiangxi,4.0,55.0,0.0,0.0,0.0,3025.0,1.0,12.0,0.0,0.0,0.0,288.0,11.695255,5.0
1.0,jiangxi,4.0,18.0,2.3978953,0.0,0.0,324.0,1.0,12.0,0.0,0.0,0.0,288.0,11.289794,5.0
0.0,jiangxi,2.0,45.0,0.0,0.0,0.0,2025.0,0.0,9.0,0.0,1.0,0.0,288.0,0.0,1.0
1.0,jiangxi,4.0,49.0,0.0,0.0,1.0,2401.0,0.0,16.0,11.695255,0.0,1.0,288.0,12.206078,5.0
1.0,jiangxi,2.0,57.0,0.0,0.0,1.0,3249.0,1.0,0.0,10.308986,1.0,0.0,288.0,11.407576,4.0
1.0,jiangxi,4.0,19.0,0.0,0.0,0.0,361.0,0.0,12.0,0.0,0.0,0.0,288.0,11.918397,5.0
1.0,jiangxi,3.0,53.0,3.713572,0.0,1.0,2809.0,0.0,6.0,11.156265,1.0,0.0,288.0,11.289794,4.0
0.0,jiangxi,4.0,55.0,0.0,0.0,1.0,3025.0,1.0,0.0,8.9873219,1.0,0.0,288.0,8.9873219,4.0
1.0,jiangxi,4.0,39.0,3.9318256,0.0,1.0,1521.0,0.0,9.0,11.695255,0.0,0.0,288.0,11.695255,5.0
1.0,jiangxi,4.0,42.0,3.0445225,0.0,1.0,1764.0,1.0,9.0,10.778977,1.0,0.0,288.0,11.502885,3.0
1.0,jiangxi,4.0,66.0,0.0,0.0,1.0,4356.0,1.0,0.0,7.6014023,1.0,0.0,288.0,13.122365,4.0
0.0,jiangxi,4.0,71.0,2.3978953,0.0,1.0,5041.0,0.0,9.0,8.6126852,1.0,0.0,288.0,8.412055,3.0
1.0,jiangxi,4.0,83.0,0.0,0.0,1.0,6889.0,0.0,12.0,10.59666,0.0,1.0,288.0,11.918397,4.0
1.0,jiangxi,4.0,41.0,0.0,0.0,1.0,1681.0,1.0,9.0,10.491302,1.0,0.0,288.0,12.611541,4.0
1.0,jiangxi,5.0,46.0,0.0,0.0,1.0,2116.0,1.0,6.0,10.085851,0.0,0.0,288.0,11.775297,4.0
1.0,jiangxi,2.0,41.0,0.0,0.0,1.0,1681.0,0.0,16.0,10.491302,0.0,0.0,288.0,11.512936,4.0
1.0,jiangxi,4.0,58.0,0.0,0.0,1.0,3364.0,1.0,9.0,10.308986,0.0,0.0,288.0,10.819798,4.0
1.0,jiangxi,3.0,60.0,0.0,0.0,1.0,3600.0,0.0,0.0,11.407576,1.0,0.0,288.0,11.512936,4.0
1.0,jiangxi,4.0,19.0,0.0,0.0,0.0,361.0,1.0,16.0,0.0,1.0,0.0,288.0,11.918397,4.0
0.0,jiangxi,3.0,71.0,0.0,0.0,1.0,5041.0,0.0,6.0,8.5173931,1.0,0.0,288.0,8.5173931,4.0
1.0,jiangxi,4.0,50.0,0.0,0.0,1.0,2500.0,1.0,6.0,10.308986,0.0,0.0,288.0,10.819798,3.0
1.0,jiangxi,4.0,45.0,0.0,0.0,1.0,2025.0,1.0,6.0,10.819798,0.0,0.0,288.0,11.002116,3.0
1.0,jiangxi,4.0,67.0,0.0,0.0,0.0,4489.0,1.0,0.0,7.6014023,1.0,0.0,288.0,,2.0
1.0,jiangxi,3.0,39.0,0.0,0.0,1.0,1521.0,0.0,12.0,11.512936,1.0,0.0,288.0,11.512936,5.0
1.0,jiangxi,4.0,42.0,0.0,0.0,1.0,1764.0,0.0,6.0,11.512936,1.0,0.0,288.0,11.512936,5.0
0.0,jiangxi,4.0,65.0,2.3978953,0.0,1.0,4225.0,0.0,12.0,10.308986,1.0,1.0,288.0,10.819798,2.0
0.0,jiangxi,3.0,69.0,0.0,0.0,1.0,4761.0,1.0,12.0,0.0,0.0,1.0,288.0,0.0,2.0
0.0,jiangxi,4.0,84.0,0.0,0.0,0.0,7056.0,1.0,0.0,0.0,1.0,0.0,288.0,0.0,2.0
1.0,jiangxi,4.0,28.0,0.0,0.0,1.0,784.0,1.0,12.0,0.0,0.0,0.0,288.0,11.289794,4.0
0.0,jiangxi,4.0,60.0,0.0,0.0,1.0,3600.0,1.0,0.0,9.9035378,1.0,0.0,288.0,10.126671,1.0
1.0,jiangxi,5.0,69.0,0.0,0.0,1.0,4761.0,0.0,0.0,6.9087548,1.0,0.0,288.0,8.5173931,2.0
1.0,jiangxi,4.0,65.0,0.0,0.0,1.0,4225.0,1.0,6.0,9.392745,0.0,0.0,288.0,10.59666,4.0
0.0,jiangxi,4.0,61.0,0.0,0.0,1.0,3721.0,0.0,6.0,10.308986,1.0,0.0,288.0,11.002116,5.0
1.0,jiangxi,4.0,84.0,0.0,0.0,0.0,7056.0,1.0,6.0,0.0,1.0,0.0,288.0,,4.0
1.0,jiangxi,3.0,40.0,0.0,0.0,1.0,1600.0,1.0,12.0,9.2104406,0.0,0.0,288.0,9.2104406,2.0
0.0,jiangxi,5.0,81.0,0.0,0.0,1.0,6561.0,0.0,6.0,0.0,1.0,0.0,288.0,0.0,3.0
1.0,jiangxi,4.0,23.0,0.0,0.0,0.0,529.0,0.0,9.0,0.0,1.0,0.0,288.0,11.512936,4.0
1.0,jiangxi,4.0,65.0,0.0,0.0,0.0,4225.0,1.0,6.0,8.7484636,1.0,0.0,288.0,11.695255,2.0
0.0,jiangxi,4.0,88.0,0.0,0.0,0.0,7744.0,0.0,6.0,0.0,1.0,0.0,288.0,,2.0
1.0,jiangxi,4.0,54.0,0.0,0.0,1.0,2916.0,1.0,6.0,0.0,1.0,0.0,288.0,,2.0
1.0,jiangxi,4.0,24.0,0.0,0.0,0.0,576.0,1.0,6.0,10.308986,1.0,0.0,288.0,10.308986,5.0
1.0,jiangxi,4.0,45.0,0.0,0.0,1.0,2025.0,0.0,9.0,9.6158724,1.0,0.0,288.0,9.6158724,4.0
0.0,jiangxi,4.0,72.0,0.0,0.0,1.0,5184.0,0.0,6.0,0.0,1.0,0.0,288.0,0.0,3.0
0.0,jiangxi,2.0,58.0,0.0,0.0,0.0,3364.0,0.0,0.0,8.5173931,1.0,0.0,288.0,8.5173931,3.0
1.0,jiangxi,4.0,59.0,0.0,0.0,1.0,3481.0,1.0,9.0,,1.0,0.0,288.0,10.915107,3.0
1.0,jiangxi,4.0,72.0,1.9459101,0.0,0.0,5184.0,1.0,12.0,0.0,0.0,0.0,288.0,12.42922,5.0
1.0,jiangxi,4.0,28.0,0.0,0.0,1.0,784.0,0.0,0.0,10.308986,0.0,1.0,288.0,11.512936,4.0
0.0,jiangxi,1.0,57.0,0.0,0.0,1.0,3249.0,1.0,9.0,0.0,1.0,0.0,288.0,9.2104406,2.0
1.0,jiangxi,4.0,44.0,0.0,0.0,1.0,1936.0,0.0,16.0,11.512936,0.0,0.0,288.0,11.695255,4.0
0.0,jiangxi,4.0,52.0,0.0,0.0,1.0,2704.0,1.0,6.0,9.2104406,1.0,0.0,288.0,9.2104406,3.0
1.0,jiangxi,4.0,23.0,0.0,0.0,0.0,529.0,0.0,15.0,10.819798,0.0,0.0,288.0,11.918397,5.0
1.0,jiangxi,4.0,45.0,0.0,0.0,1.0,2025.0,0.0,9.0,10.308986,1.0,0.0,288.0,11.002116,3.0
0.0,jiangxi,3.0,58.0,0.0,0.0,0.0,3364.0,0.0,6.0,8.412055,1.0,0.0,288.0,8.412055,2.0
1.0,jiangxi,4.0,24.0,0.0,0.0,0.0,576.0,1.0,16.0,11.338584,1.0,0.0,288.0,11.918397,4.0
0.0,jiangxi,4.0,70.0,0.0,0.0,1.0,4900.0,0.0,0.0,6.9087548,1.0,0.0,288.0,6.9087548,2.0
0.0,jiangxi,4.0,84.0,0.0,0.0,1.0,7056.0,0.0,0.0,7.5812097,1.0,0.0,288.0,,1.0
1.0,jiangxi,4.0,60.0,0.0,0.0,1.0,3600.0,1.0,6.0,9.9035378,1.0,0.0,288.0,10.819798,1.0
1.0,jiangxi,3.0,41.0,0.0,0.0,1.0,1681.0,0.0,12.0,10.819798,0.0,0.0,288.0,11.418626,4.0
1.0,jiangxi,4.0,40.0,0.0,0.0,1.0,1600.0,0.0,16.0,10.59666,0.0,0.0,288.0,,5.0
0.0,jiangxi,4.0,44.0,0.0,0.0,1.0,1936.0,0.0,6.0,10.308986,1.0,0.0,288.0,10.308986,4.0
1.0,jiangxi,3.0,40.0,0.0,0.0,1.0,1600.0,1.0,9.0,10.308986,0.0,0.0,288.0,11.512936,3.0
0.0,jiangxi,2.0,64.0,0.0,0.0,1.0,4096.0,1.0,9.0,0.0,1.0,0.0,288.0,9.2104406,4.0
0.0,jiangxi,3.0,54.0,0.0,0.0,1.0,2916.0,1.0,6.0,7.4960976,1.0,0.0,288.0,10.59666,2.0
0.0,jiangxi,3.0,50.0,0.0,0.0,1.0,2500.0,1.0,9.0,10.085851,1.0,0.0,288.0,10.085851,5.0
0.0,jiangxi,2.0,70.0,2.3978953,0.0,1.0,4900.0,1.0,6.0,10.308986,1.0,0.0,288.0,10.59666,3.0
0.0,jiangxi,4.0,46.0,1.7917595,0.0,1.0,2116.0,1.0,6.0,9.9035378,1.0,0.0,288.0,11.002116,1.0
0.0,jiangxi,5.0,71.0,0.0,0.0,1.0,5041.0,0.0,6.0,9.2104406,1.0,0.0,288.0,11.289794,4.0
1.0,jiangxi,4.0,52.0,0.0,0.0,1.0,2704.0,0.0,6.0,10.308986,1.0,0.0,288.0,11.695255,4.0
1.0,jiangxi,4.0,55.0,0.0,0.0,1.0,3025.0,1.0,0.0,8.2943001,1.0,0.0,288.0,10.308986,5.0
0.0,jiangxi,4.0,65.0,0.0,0.0,1.0,4225.0,0.0,6.0,8.5173931,1.0,0.0,288.0,9.2104406,3.0
1.0,jiangxi,4.0,57.0,0.0,0.0,1.0,3249.0,1.0,6.0,10.778977,1.0,0.0,288.0,10.819798,4.0
0.0,jiangxi,4.0,57.0,3.0445225,0.0,1.0,3249.0,1.0,6.0,0.0,1.0,0.0,288.0,10.308986,2.0
1.0,jiangxi,5.0,60.0,0.0,0.0,1.0,3600.0,1.0,0.0,0.0,1.0,0.0,288.0,,4.0
0.0,jiangxi,4.0,36.0,0.0,0.0,1.0,1296.0,0.0,6.0,10.819798,1.0,0.0,288.0,11.338584,4.0
1.0,jiangxi,4.0,18.0,0.0,0.0,0.0,324.0,0.0,12.0,0.0,0.0,0.0,288.0,11.002116,5.0
0.0,jiangxi,4.0,37.0,0.0,0.0,0.0,1369.0,0.0,9.0,12.388398,1.0,0.0,288.0,12.388398,5.0
1.0,jiangxi,5.0,46.0,0.0,0.0,1.0,2116.0,1.0,9.0,10.085851,1.0,0.0,288.0,11.407576,5.0
1.0,jiangxi,3.0,65.0,0.0,0.0,0.0,4225.0,0.0,6.0,0.0,1.0,0.0,288.0,0.0,2.0
0.0,jiangxi,3.0,41.0,0.0,0.0,1.0,1681.0,0.0,9.0,0.0,1.0,0.0,288.0,10.59666,5.0
0.0,jiangxi,5.0,65.0,0.0,0.0,1.0,4225.0,1.0,0.0,7.6014023,1.0,0.0,288.0,11.918397,3.0
1.0,jiangxi,4.0,36.0,0.0,0.0,1.0,1296.0,1.0,15.0,,0.0,0.0,288.0,,4.0
0.0,jiangxi,4.0,63.0,0.0,0.0,1.0,3969.0,0.0,9.0,9.2104406,1.0,0.0,288.0,11.225257,4.0
0.0,jiangxi,4.0,65.0,0.0,0.0,1.0,4225.0,0.0,6.0,7.6014023,1.0,0.0,288.0,7.6014023,4.0
0.0,jiangxi,5.0,41.0,4.6151204,0.0,1.0,1681.0,0.0,9.0,9.9035378,1.0,0.0,288.0,10.126671,5.0
1.0,jiangxi,4.0,42.0,0.0,0.0,1.0,1764.0,1.0,9.0,11.512936,1.0,0.0,288.0,11.512936,4.0
0.0,jiangxi,4.0,69.0,0.0,0.0,1.0,4761.0,1.0,6.0,0.0,1.0,0.0,288.0,12.206078,3.0
0.0,jiangxi,4.0,58.0,0.0,0.0,1.0,3364.0,0.0,9.0,11.002116,1.0,0.0,288.0,11.002116,3.0
0.0,jiangxi,4.0,44.0,3.4339871,0.0,1.0,1936.0,1.0,6.0,9.2104406,1.0,0.0,288.0,10.308986,5.0
1.0,jiangxi,5.0,42.0,0.0,0.0,1.0,1764.0,0.0,9.0,11.512936,0.0,0.0,288.0,,4.0
1.0,jiangxi,5.0,81.0,0.0,0.0,1.0,6561.0,0.0,9.0,8.0067005,1.0,0.0,288.0,9.2104406,5.0
0.0,jiangxi,4.0,52.0,0.0,0.0,1.0,2704.0,1.0,0.0,9.6158724,1.0,0.0,288.0,10.308986,3.0
1.0,jiangxi,4.0,51.0,0.0,0.0,1.0,2601.0,1.0,9.0,10.915107,1.0,0.0,288.0,10.915107,4.0
1.0,jiangxi,3.0,53.0,0.0,0.0,1.0,2809.0,1.0,6.0,9.2104406,1.0,0.0,288.0,9.6158724,2.0
1.0,jiangxi,4.0,55.0,0.0,0.0,1.0,3025.0,1.0,6.0,9.9035378,0.0,0.0,288.0,10.59666,2.0
1.0,jiangxi,4.0,77.0,0.0,0.0,0.0,5929.0,1.0,0.0,7.6014023,1.0,0.0,288.0,8.0067005,1.0
0.0,jiangxi,2.0,52.0,0.0,0.0,1.0,2704.0,1.0,0.0,0.0,1.0,0.0,288.0,10.085851,2.0
1.0,jiangxi,4.0,34.0,0.0,0.0,1.0,1156.0,1.0,9.0,9.6158724,1.0,0.0,288.0,10.308986,4.0
1.0,jiangxi,4.0,26.0,0.0,0.0,1.0,676.0,0.0,9.0,10.819798,1.0,0.0,288.0,12.899222,5.0
1.0,jiangxi,4.0,47.0,3.4339871,0.0,1.0,2209.0,0.0,15.0,9.9035378,0.0,1.0,288.0,11.512936,3.0
0.0,jiangxi,4.0,66.0,0.0,0.0,0.0,4356.0,1.0,0.0,8.2943001,1.0,0.0,288.0,9.9035378,3.0
0.0,jiangxi,4.0,56.0,0.0,0.0,1.0,3136.0,1.0,0.0,0.0,1.0,0.0,288.0,8.5173931,3.0
1.0,jiangxi,2.0,47.0,0.0,0.0,0.0,2209.0,1.0,0.0,8.6996813,1.0,0.0,288.0,8.6996813,1.0
0.0,jiangxi,4.0,62.0,0.0,0.0,0.0,3844.0,0.0,9.0,10.308986,1.0,0.0,288.0,10.819798,4.0
0.0,jiangxi,4.0,56.0,0.0,0.0,1.0,3136.0,1.0,6.0,6.9087548,1.0,0.0,288.0,11.512936,3.0
0.0,jiangxi,5.0,85.0,0.0,0.0,0.0,7225.0,1.0,0.0,0.0,1.0,0.0,288.0,11.002116,4.0
1.0,jiangxi,4.0,29.0,0.0,0.0,1.0,841.0,1.0,12.0,8.5173931,1.0,0.0,288.0,10.819798,4.0
0.0,jiangxi,3.0,84.0,0.0,0.0,0.0,7056.0,0.0,0.0,0.0,0.0,0.0,288.0,0.0,2.0
0.0,jiangxi,3.0,48.0,3.0445225,0.0,1.0,2304.0,1.0,0.0,0.0,1.0,0.0,288.0,11.512936,3.0
1.0,jiangxi,3.0,50.0,0.0,0.0,1.0,2500.0,1.0,6.0,0.0,0.0,0.0,288.0,10.915107,2.0
1.0,jiangxi,3.0,34.0,0.0,0.0,0.0,1156.0,0.0,9.0,9.9035378,0.0,0.0,288.0,9.9035378,4.0
1.0,jiangxi,1.0,43.0,0.0,0.0,0.0,1849.0,1.0,0.0,8.5173931,1.0,0.0,288.0,8.5173931,2.0
0.0,jiangxi,4.0,52.0,1.3862944,0.0,1.0,2704.0,1.0,9.0,9.2104406,1.0,0.0,288.0,11.407576,4.0
0.0,jiangxi,3.0,67.0,0.0,0.0,1.0,4489.0,0.0,9.0,8.0067005,1.0,1.0,288.0,8.0067005,3.0
0.0,jiangxi,4.0,80.0,0.0,0.0,1.0,6400.0,1.0,0.0,6.9087548,1.0,0.0,288.0,10.819798,2.0
0.0,jiangxi,3.0,35.0,0.0,0.0,1.0,1225.0,1.0,6.0,,1.0,0.0,288.0,,4.0
1.0,jiangxi,5.0,65.0,1.0986123,0.0,1.0,4225.0,0.0,6.0,10.819798,1.0,0.0,288.0,10.819798,3.0
0.0,jiangxi,5.0,29.0,0.0,0.0,1.0,841.0,1.0,9.0,9.9035378,1.0,0.0,288.0,,5.0
0.0,jiangxi,4.0,51.0,1.9459101,0.0,1.0,2601.0,1.0,9.0,8.5173931,1.0,0.0,288.0,10.915107,2.0
1.0,jiangxi,4.0,46.0,0.0,0.0,1.0,2116.0,0.0,6.0,10.491302,0.0,0.0,288.0,11.512936,4.0
0.0,jiangxi,4.0,50.0,0.0,0.0,1.0,2500.0,1.0,6.0,8.0067005,1.0,0.0,288.0,8.0067005,4.0
0.0,jiangxi,2.0,68.0,0.0,0.0,1.0,4624.0,0.0,0.0,0.0,1.0,0.0,288.0,0.0,2.0
1.0,jiangxi,4.0,23.0,0.0,0.0,0.0,529.0,1.0,15.0,10.491302,1.0,0.0,288.0,11.775297,5.0
0.0,jiangxi,4.0,46.0,0.0,0.0,1.0,2116.0,0.0,6.0,0.0,1.0,0.0,288.0,10.819798,2.0
1.0,jiangxi,5.0,46.0,0.0,0.0,1.0,2116.0,1.0,9.0,10.085851,1.0,0.0,288.0,11.512936,4.0
1.0,jiangxi,4.0,42.0,0.0,0.0,1.0,1764.0,1.0,6.0,10.491302,1.0,0.0,288.0,11.472114,5.0
0.0,jiangxi,4.0,63.0,0.0,0.0,1.0,3969.0,1.0,0.0,9.2104406,1.0,0.0,288.0,9.2104406,4.0
1.0,jiangxi,4.0,89.0,0.0,0.0,0.0,7921.0,1.0,0.0,0.0,1.0,0.0,288.0,,2.0
0.0,jiangxi,4.0,44.0,0.0,0.0,1.0,1936.0,0.0,9.0,11.156265,1.0,0.0,288.0,11.512936,4.0
1.0,jiangxi,4.0,40.0,0.0,0.0,1.0,1600.0,0.0,0.0,10.819798,0.0,0.0,288.0,11.512936,4.0
1.0,jiangxi,4.0,26.0,0.0,0.0,1.0,676.0,0.0,9.0,11.512936,1.0,0.0,288.0,11.512936,4.0
0.0,jiangxi,2.0,28.0,0.0,0.0,1.0,784.0,0.0,6.0,0.0,1.0,0.0,288.0,9.6158724,1.0
0.0,jiangxi,4.0,52.0,0.0,0.0,1.0,2704.0,1.0,0.0,0.0,1.0,0.0,288.0,10.819798,2.0
1.0,jiangxi,4.0,49.0,0.0,0.0,1.0,2401.0,1.0,6.0,10.308986,1.0,0.0,288.0,11.002116,4.0
0.0,jiangxi,4.0,38.0,0.0,0.0,1.0,1444.0,0.0,6.0,9.9035378,1.0,0.0,288.0,9.9035378,5.0
0.0,jiangxi,5.0,76.0,0.0,0.0,1.0,5776.0,0.0,6.0,0.0,1.0,0.0,288.0,10.819798,3.0
0.0,jiangxi,2.0,27.0,0.0,0.0,1.0,729.0,0.0,6.0,8.5173931,1.0,0.0,288.0,9.6158724,3.0
0.0,jiangxi,3.0,44.0,0.0,0.0,1.0,1936.0,0.0,9.0,7.6014023,1.0,0.0,288.0,8.2943001,3.0
0.0,jiangxi,2.0,28.0,0.0,0.0,1.0,784.0,0.0,9.0,9.9035378,1.0,0.0,288.0,9.9035378,3.0
0.0,jiangxi,4.0,68.0,0.0,0.0,0.0,4624.0,0.0,9.0,0.0,1.0,0.0,288.0,11.695255,5.0
1.0,jiangxi,4.0,28.0,3.0445225,0.0,1.0,784.0,1.0,9.0,10.085851,1.0,0.0,288.0,11.211834,4.0
1.0,jiangxi,4.0,28.0,2.3978953,0.0,0.0,784.0,0.0,9.0,,1.0,0.0,288.0,11.289794,4.0
0.0,jiangxi,2.0,50.0,0.0,0.0,1.0,2500.0,1.0,9.0,0.0,1.0,0.0,288.0,8.5173931,2.0
1.0,jiangxi,4.0,64.0,3.0445225,0.0,0.0,4096.0,0.0,6.0,0.0,1.0,1.0,288.0,11.002116,4.0
0.0,jiangxi,1.0,61.0,0.0,0.0,1.0,3721.0,0.0,12.0,0.0,1.0,0.0,288.0,0.0,1.0
0.0,jiangxi,4.0,42.0,0.0,0.0,1.0,1764.0,1.0,9.0,9.9035378,0.0,0.0,288.0,9.9035378,5.0
0.0,jiangxi,4.0,18.0,0.0,0.0,0.0,324.0,0.0,12.0,0.0,1.0,0.0,288.0,,4.0
0.0,jiangxi,3.0,65.0,0.0,0.0,1.0,4225.0,1.0,6.0,0.0,1.0,0.0,288.0,0.0,2.0
0.0,jiangxi,2.0,69.0,0.0,0.0,1.0,4761.0,0.0,0.0,8.2943001,1.0,0.0,288.0,8.9873219,1.0
0.0,jiangxi,4.0,70.0,0.0,0.0,1.0,4900.0,0.0,6.0,9.2104406,1.0,0.0,288.0,9.2104406,4.0
0.0,jiangxi,4.0,62.0,0.0,0.0,1.0,3844.0,1.0,0.0,0.0,1.0,0.0,288.0,9.2104406,2.0
0.0,jiangxi,4.0,54.0,0.0,0.0,0.0,2916.0,0.0,12.0,10.819798,1.0,0.0,288.0,10.819798,4.0
0.0,jiangxi,4.0,54.0,0.0,0.0,1.0,2916.0,1.0,9.0,9.2104406,1.0,0.0,288.0,10.59666,2.0
0.0,jiangxi,4.0,59.0,0.0,0.0,1.0,3481.0,0.0,9.0,9.9035378,1.0,0.0,288.0,10.308986,3.0
0.0,jiangxi,2.0,55.0,0.0,0.0,1.0,3025.0,1.0,0.0,9.6158724,1.0,0.0,288.0,9.6158724,2.0
0.0,jiangxi,2.0,33.0,0.0,0.0,1.0,1089.0,1.0,6.0,0.0,1.0,0.0,288.0,10.308986,4.0
0.0,jiangxi,4.0,40.0,4.0253515,0.0,1.0,1600.0,1.0,6.0,0.0,1.0,0.0,288.0,,2.0
0.0,jiangxi,4.0,38.0,0.0,0.0,1.0,1444.0,0.0,9.0,9.9035378,1.0,0.0,288.0,10.373523,4.0
0.0,jiangxi,3.0,23.0,0.0,0.0,1.0,529.0,1.0,0.0,0.0,1.0,0.0,288.0,10.819798,4.0
1.0,shandong,4.0,18.0,0.0,0.0,0.0,324.0,1.0,9.0,0.0,0.0,0.0,216.0,,4.0
1.0,shandong,4.0,33.0,0.0,0.0,1.0,1089.0,0.0,0.0,11.407576,0.0,0.0,216.0,11.407576,4.0
0.0,shandong,4.0,50.0,0.0,0.0,1.0,2500.0,0.0,9.0,9.6158724,1.0,0.0,216.0,10.126671,5.0
1.0,shandong,4.0,49.0,0.0,0.0,1.0,2401.0,1.0,12.0,10.59666,0.0,0.0,216.0,10.59666,2.0
1.0,shandong,4.0,66.0,0.0,0.0,1.0,4356.0,1.0,0.0,0.0,1.0,0.0,216.0,8.0067005,3.0
1.0,shandong,1.0,55.0,0.0,0.0,1.0,3025.0,1.0,9.0,10.778977,0.0,0.0,216.0,11.512936,2.0
0.0,shandong,5.0,82.0,0.0,0.0,0.0,6724.0,1.0,2.0,8.5173931,1.0,0.0,216.0,8.5173931,3.0
1.0,shandong,5.0,75.0,0.0,0.0,1.0,5625.0,0.0,0.0,10.308986,1.0,0.0,216.0,10.308986,5.0
1.0,shandong,4.0,50.0,0.0,0.0,1.0,2500.0,1.0,16.0,9.2104406,0.0,1.0,216.0,12.206078,4.0
1.0,shandong,5.0,40.0,0.0,0.0,1.0,1600.0,1.0,12.0,10.308986,1.0,1.0,216.0,11.002116,4.0
1.0,shandong,5.0,44.0,0.0,0.0,1.0,1936.0,0.0,9.0,10.59666,1.0,0.0,216.0,11.407576,2.0
1.0,shandong,4.0,47.0,0.0,0.0,1.0,2209.0,0.0,12.0,11.512936,1.0,0.0,216.0,11.775297,5.0
1.0,shandong,5.0,40.0,0.0,0.0,1.0,1600.0,1.0,12.0,10.819798,0.0,0.0,216.0,12.206078,5.0
1.0,shandong,4.0,82.0,0.0,0.0,1.0,6724.0,1.0,0.0,10.896758,1.0,0.0,216.0,11.002116,2.0
1.0,shandong,4.0,64.0,2.1972246,0.0,1.0,4096.0,0.0,9.0,10.308986,0.0,0.0,216.0,11.002116,4.0
1.0,shandong,4.0,18.0,0.0,0.0,0.0,324.0,0.0,12.0,,0.0,0.0,216.0,11.512936,4.0
1.0,shandong,4.0,55.0,0.0,0.0,0.0,3025.0,0.0,9.0,9.9035378,0.0,0.0,216.0,9.9035378,3.0
1.0,shandong,5.0,23.0,0.0,0.0,0.0,529.0,1.0,16.0,,1.0,0.0,216.0,,5.0
1.0,shandong,5.0,40.0,2.7725887,0.0,1.0,1600.0,1.0,9.0,9.9035378,1.0,0.0,216.0,10.819798,5.0
1.0,shandong,5.0,35.0,0.0,0.0,1.0,1225.0,0.0,12.0,11.512936,1.0,0.0,216.0,11.512936,2.0
1.0,shandong,4.0,60.0,0.0,0.0,1.0,3600.0,1.0,6.0,8.6996813,1.0,0.0,216.0,11.289794,4.0
1.0,shandong,4.0,43.0,0.0,0.0,1.0,1849.0,1.0,6.0,11.512936,1.0,0.0,216.0,11.918397,4.0
1.0,shandong,3.0,53.0,0.0,0.0,1.0,2809.0,1.0,9.0,0.0,1.0,0.0,216.0,0.0,1.0
1.0,shandong,4.0,33.0,0.0,0.0,1.0,1089.0,1.0,16.0,11.002116,0.0,1.0,216.0,11.407576,4.0
1.0,shandong,4.0,56.0,0.0,1.0,1.0,3136.0,0.0,9.0,9.9804945,0.0,1.0,216.0,10.727685,5.0
0.0,shandong,4.0,59.0,0.0,0.0,1.0,3481.0,0.0,9.0,9.2104406,1.0,0.0,216.0,9.7981825,5.0
1.0,shandong,4.0,70.0,0.0,0.0,1.0,4900.0,1.0,6.0,10.308986,0.0,0.0,216.0,11.156265,3.0
1.0,shandong,5.0,72.0,0.0,0.0,1.0,5184.0,1.0,6.0,9.9035378,1.0,0.0,216.0,10.308986,3.0
1.0,shandong,4.0,50.0,0.0,0.0,1.0,2500.0,0.0,12.0,11.156265,0.0,0.0,216.0,,4.0
1.0,shandong,3.0,75.0,0.0,0.0,0.0,5625.0,1.0,6.0,7.09091,1.0,0.0,216.0,7.5606012,3.0
1.0,shandong,4.0,28.0,3.4339871,0.0,1.0,784.0,1.0,15.0,11.156265,0.0,0.0,216.0,11.608245,5.0
1.0,shandong,4.0,88.0,0.0,0.0,0.0,7744.0,1.0,2.0,8.5012674,0.0,0.0,216.0,8.5012674,4.0
1.0,shandong,5.0,27.0,0.0,0.0,1.0,729.0,1.0,9.0,,1.0,0.0,216.0,,4.0
0.0,shandong,4.0,71.0,0.0,0.0,0.0,5041.0,1.0,6.0,9.2104406,0.0,0.0,216.0,9.2104406,2.0
1.0,shandong,3.0,43.0,0.0,0.0,1.0,1849.0,0.0,9.0,10.59666,1.0,0.0,216.0,10.819798,5.0
1.0,shandong,5.0,34.0,0.0,0.0,1.0,1156.0,0.0,9.0,11.512936,1.0,0.0,216.0,11.918397,5.0
1.0,shandong,5.0,30.0,0.0,0.0,0.0,900.0,1.0,15.0,10.778977,0.0,0.0,216.0,10.778977,4.0
1.0,shandong,2.0,65.0,0.0,0.0,1.0,4225.0,1.0,0.0,7.09091,0.0,0.0,216.0,7.7836404,2.0
0.0,shandong,3.0,31.0,0.0,1.0,1.0,961.0,1.0,9.0,0.0,1.0,0.0,216.0,11.002116,5.0
1.0,shandong,5.0,62.0,0.0,0.0,1.0,3844.0,1.0,0.0,0.0,1.0,0.0,216.0,11.512936,4.0
1.0,shandong,4.0,63.0,0.0,0.0,1.0,3969.0,1.0,6.0,9.9035378,0.0,0.0,216.0,11.695255,4.0
1.0,shandong,4.0,35.0,6.3985949,0.0,1.0,1225.0,0.0,12.0,11.918397,0.0,0.0,216.0,11.918397,5.0
1.0,shandong,4.0,77.0,0.0,0.0,1.0,5929.0,1.0,0.0,8.6996813,0.0,0.0,216.0,10.819798,3.0
1.0,shandong,4.0,47.0,0.0,0.0,1.0,2209.0,0.0,15.0,11.289794,0.0,0.0,216.0,11.512936,5.0
1.0,shandong,4.0,33.0,0.0,0.0,1.0,1089.0,1.0,9.0,0.0,0.0,0.0,216.0,9.2104406,3.0
1.0,shandong,1.0,36.0,0.0,0.0,1.0,1296.0,1.0,6.0,12.611541,1.0,0.0,216.0,12.611541,3.0
0.0,shandong,5.0,82.0,0.0,0.0,1.0,6724.0,0.0,12.0,11.002116,0.0,1.0,216.0,11.002116,4.0
1.0,shandong,5.0,81.0,0.0,0.0,1.0,6561.0,1.0,2.0,10.491302,0.0,0.0,216.0,11.492733,3.0
1.0,shandong,4.0,23.0,0.0,0.0,0.0,529.0,1.0,15.0,,1.0,0.0,216.0,,5.0
1.0,shandong,4.0,41.0,0.0,0.0,1.0,1681.0,0.0,9.0,9.9035378,0.0,0.0,216.0,9.9035378,4.0
0.0,shandong,4.0,54.0,0.0,0.0,1.0,2916.0,1.0,9.0,0.0,1.0,0.0,216.0,10.126671,4.0
1.0,shandong,4.0,66.0,0.0,0.0,1.0,4356.0,0.0,6.0,7.09091,1.0,0.0,216.0,9.7410278,5.0
1.0,shandong,4.0,38.0,0.0,0.0,1.0,1444.0,1.0,16.0,12.206078,1.0,0.0,216.0,12.301388,4.0
1.0,shandong,3.0,50.0,0.0,0.0,1.0,2500.0,0.0,15.0,11.002116,0.0,1.0,216.0,11.002116,1.0
1.0,shandong,5.0,75.0,0.0,0.0,1.0,5625.0,1.0,12.0,13.122365,0.0,1.0,216.0,13.304687,4.0
1.0,shandong,4.0,41.0,0.0,0.0,1.0,1681.0,1.0,15.0,10.819798,0.0,0.0,216.0,11.512936,4.0
1.0,shandong,2.0,34.0,0.0,0.0,1.0,1156.0,1.0,15.0,10.819798,1.0,0.0,216.0,12.206078,3.0
0.0,shandong,4.0,55.0,0.0,0.0,1.0,3025.0,0.0,9.0,10.308986,1.0,0.0,216.0,10.59666,2.0
1.0,shandong,4.0,45.0,0.0,0.0,1.0,2025.0,0.0,12.0,11.512936,1.0,0.0,216.0,11.512936,4.0
0.0,shandong,5.0,68.0,0.0,0.0,1.0,4624.0,1.0,6.0,8.0712185,1.0,0.0,216.0,8.0712185,2.0
1.0,shandong,5.0,76.0,0.0,0.0,1.0,5776.0,1.0,16.0,11.512936,0.0,1.0,216.0,11.695255,4.0
1.0,shandong,5.0,26.0,0.0,0.0,1.0,676.0,1.0,12.0,11.512936,0.0,0.0,216.0,12.206078,4.0
1.0,shandong,4.0,44.0,0.0,0.0,1.0,1936.0,0.0,15.0,,0.0,0.0,216.0,,4.0
1.0,shandong,3.0,53.0,0.0,0.0,1.0,2809.0,1.0,9.0,10.308986,1.0,0.0,216.0,11.002116,2.0
1.0,shandong,3.0,43.0,0.0,0.0,1.0,1849.0,1.0,6.0,9.2104406,0.0,0.0,216.0,10.819798,4.0
1.0,shandong,4.0,51.0,0.0,1.0,1.0,2601.0,1.0,6.0,9.2104406,1.0,0.0,216.0,9.9035378,4.0
1.0,shandong,4.0,19.0,0.0,0.0,0.0,361.0,0.0,16.0,0.0,0.0,0.0,216.0,12.206078,5.0
1.0,shandong,4.0,27.0,0.0,0.0,1.0,729.0,0.0,12.0,11.512936,0.0,0.0,216.0,11.918397,5.0
0.0,shandong,5.0,67.0,0.0,0.0,0.0,4489.0,1.0,0.0,0.0,1.0,0.0,216.0,,2.0
1.0,shandong,4.0,69.0,0.0,0.0,1.0,4761.0,0.0,0.0,0.0,1.0,0.0,216.0,6.9087548,3.0
0.0,shandong,4.0,45.0,4.6151204,0.0,1.0,2025.0,1.0,9.0,10.545368,1.0,0.0,216.0,11.608245,5.0
1.0,shandong,5.0,60.0,0.0,0.0,1.0,3600.0,1.0,15.0,11.982935,0.0,1.0,216.0,12.206078,5.0
0.0,shandong,5.0,62.0,0.0,0.0,1.0,3844.0,1.0,0.0,8.6996813,1.0,0.0,216.0,9.2104406,4.0
0.0,shandong,4.0,62.0,0.0,0.0,1.0,3844.0,1.0,0.0,0.0,1.0,0.0,216.0,0.0,5.0
0.0,shandong,4.0,80.0,0.0,1.0,0.0,6400.0,1.0,0.0,8.6126852,1.0,0.0,216.0,8.6126852,3.0
1.0,shandong,5.0,63.0,0.0,0.0,1.0,3969.0,1.0,0.0,7.6014023,1.0,0.0,216.0,8.2943001,3.0
1.0,shandong,4.0,46.0,1.9459101,0.0,1.0,2116.0,1.0,9.0,10.085851,1.0,0.0,216.0,11.184435,5.0
0.0,shandong,5.0,23.0,4.6151204,0.0,1.0,529.0,0.0,12.0,11.512936,0.0,0.0,216.0,11.512936,5.0
0.0,shandong,5.0,66.0,0.0,0.0,1.0,4356.0,1.0,6.0,7.09091,1.0,0.0,216.0,7.7836404,3.0
1.0,shandong,5.0,81.0,3.4339871,0.0,1.0,6561.0,0.0,2.0,10.308986,0.0,0.0,216.0,11.512936,3.0
1.0,shandong,4.0,42.0,0.0,0.0,1.0,1764.0,1.0,16.0,11.002116,0.0,0.0,216.0,11.512936,4.0
0.0,shandong,4.0,63.0,0.0,0.0,1.0,3969.0,1.0,0.0,0.0,1.0,0.0,216.0,11.002116,3.0
1.0,shandong,5.0,66.0,0.0,0.0,0.0,4356.0,1.0,6.0,9.9035378,0.0,0.0,216.0,11.002116,2.0
1.0,shandong,4.0,51.0,0.0,0.0,1.0,2601.0,1.0,9.0,11.002116,1.0,0.0,216.0,11.112463,4.0
0.0,shandong,4.0,46.0,0.0,0.0,1.0,2116.0,0.0,12.0,9.2104406,1.0,1.0,216.0,10.308986,4.0
0.0,shandong,4.0,87.0,0.0,0.0,1.0,7569.0,1.0,0.0,7.09091,1.0,0.0,216.0,9.1050911,2.0
0.0,shandong,5.0,46.0,2.3978953,0.0,1.0,2116.0,0.0,12.0,11.156265,1.0,0.0,216.0,11.512936,3.0
1.0,shandong,4.0,51.0,1.7917595,0.0,1.0,2601.0,1.0,6.0,0.0,1.0,0.0,216.0,11.002116,4.0
1.0,shandong,3.0,68.0,0.0,0.0,1.0,4624.0,0.0,9.0,10.463132,0.0,0.0,216.0,11.156265,3.0
1.0,shandong,5.0,62.0,0.0,0.0,1.0,3844.0,0.0,9.0,9.239996,1.0,0.0,216.0,10.59666,5.0
1.0,shandong,5.0,31.0,0.0,0.0,1.0,961.0,1.0,9.0,9.2104406,1.0,0.0,216.0,11.512936,5.0
1.0,shandong,5.0,33.0,0.0,0.0,1.0,1089.0,0.0,9.0,10.819798,1.0,0.0,216.0,10.819798,5.0
1.0,shandong,2.0,63.0,0.0,0.0,1.0,3969.0,1.0,0.0,0.0,1.0,0.0,216.0,0.0,2.0
1.0,shandong,2.0,74.0,4.6151204,0.0,1.0,5476.0,1.0,0.0,0.0,1.0,0.0,216.0,,4.0
1.0,shandong,5.0,53.0,0.0,0.0,1.0,2809.0,1.0,12.0,10.308986,0.0,0.0,216.0,11.512936,5.0
1.0,shandong,4.0,35.0,0.0,1.0,1.0,1225.0,1.0,9.0,11.002116,1.0,0.0,216.0,11.512936,4.0
1.0,shandong,4.0,64.0,0.0,0.0,1.0,4096.0,0.0,0.0,0.0,0.0,1.0,216.0,0.0,4.0
0.0,shandong,4.0,68.0,0.0,0.0,1.0,4624.0,1.0,6.0,7.09091,1.0,0.0,216.0,7.09091,4.0
1.0,shandong,5.0,45.0,0.0,0.0,1.0,2025.0,0.0,9.0,10.308986,1.0,0.0,216.0,11.002116,5.0
1.0,shandong,4.0,32.0,0.0,0.0,1.0,1024.0,0.0,9.0,10.463132,1.0,0.0,216.0,10.71444,5.0
1.0,shandong,4.0,63.0,5.3033047,0.0,1.0,3969.0,1.0,9.0,0.0,1.0,0.0,216.0,11.002116,3.0
1.0,shandong,4.0,68.0,0.0,0.0,1.0,4624.0,1.0,12.0,10.385944,0.0,0.0,216.0,11.589896,3.0
1.0,shandong,4.0,73.0,0.0,0.0,1.0,5329.0,0.0,9.0,10.491302,0.0,0.0,216.0,11.097425,4.0
1.0,shandong,5.0,45.0,0.0,0.0,1.0,2025.0,1.0,15.0,10.819798,0.0,1.0,216.0,11.608245,5.0
1.0,shandong,5.0,39.0,0.0,0.0,1.0,1521.0,0.0,12.0,10.491302,1.0,0.0,216.0,11.002116,5.0
1.0,shandong,4.0,33.0,3.0445225,0.0,1.0,1089.0,0.0,12.0,10.59666,1.0,0.0,216.0,,4.0
1.0,shandong,4.0,28.0,0.0,0.0,1.0,784.0,1.0,12.0,0.0,1.0,0.0,216.0,0.0,4.0
0.0,shandong,4.0,66.0,0.0,0.0,1.0,4356.0,1.0,2.0,10.308986,1.0,0.0,216.0,10.308986,3.0
1.0,shandong,5.0,33.0,0.0,0.0,1.0,1089.0,0.0,12.0,11.512936,0.0,0.0,216.0,11.512936,3.0
1.0,shandong,5.0,44.0,0.0,0.0,1.0,1936.0,1.0,6.0,9.392745,1.0,0.0,216.0,11.156265,5.0
0.0,shandong,4.0,49.0,0.0,0.0,1.0,2401.0,0.0,9.0,10.308986,1.0,0.0,216.0,10.308986,4.0
0.0,shandong,2.0,54.0,0.0,0.0,0.0,2916.0,0.0,9.0,8.0067005,1.0,0.0,216.0,7.6014023,1.0
1.0,shandong,3.0,47.0,4.6151204,0.0,1.0,2209.0,0.0,9.0,0.0,0.0,0.0,216.0,9.9035378,3.0
1.0,shandong,4.0,55.0,0.0,0.0,1.0,3025.0,1.0,12.0,10.126671,0.0,0.0,216.0,10.59666,4.0
0.0,shandong,5.0,60.0,0.0,0.0,1.0,3600.0,1.0,0.0,0.0,1.0,0.0,216.0,8.1889668,4.0
1.0,shandong,5.0,52.0,0.0,0.0,1.0,2704.0,1.0,0.0,0.0,0.0,0.0,216.0,9.9035378,2.0
1.0,shandong,4.0,43.0,3.4339871,0.0,1.0,1849.0,1.0,9.0,10.308986,1.0,0.0,216.0,11.512936,4.0
1.0,shandong,4.0,60.0,4.7957907,0.0,1.0,3600.0,1.0,0.0,9.2104406,1.0,0.0,216.0,9.9035378,1.0
0.0,shandong,4.0,32.0,0.0,0.0,1.0,1024.0,0.0,6.0,10.819798,1.0,0.0,216.0,10.819798,3.0
1.0,shandong,5.0,60.0,0.0,0.0,1.0,3600.0,1.0,15.0,10.308986,0.0,0.0,216.0,11.695255,4.0
1.0,shandong,4.0,45.0,0.0,0.0,1.0,2025.0,1.0,9.0,10.491302,0.0,0.0,216.0,11.512936,4.0
1.0,shandong,5.0,70.0,0.0,0.0,1.0,4900.0,0.0,6.0,8.9873219,1.0,0.0,216.0,9.1270676,3.0
0.0,shandong,4.0,31.0,1.0986123,0.0,1.0,961.0,1.0,12.0,0.0,1.0,0.0,216.0,,4.0
1.0,shandong,4.0,66.0,4.6151204,0.0,1.0,4356.0,1.0,12.0,0.0,1.0,0.0,216.0,10.126671,1.0
1.0,shandong,4.0,36.0,0.0,0.0,1.0,1296.0,1.0,15.0,0.0,0.0,0.0,216.0,,4.0
1.0,shandong,3.0,56.0,5.7071104,0.0,1.0,3136.0,1.0,9.0,6.9087548,1.0,0.0,216.0,9.9035378,1.0
1.0,shandong,4.0,58.0,0.0,0.0,1.0,3364.0,0.0,9.0,0.0,1.0,0.0,216.0,0.0,1.0
1.0,shandong,4.0,79.0,1.0986123,0.0,1.0,6241.0,1.0,0.0,10.308986,0.0,0.0,216.0,11.156265,4.0
1.0,shandong,4.0,62.0,0.0,0.0,1.0,3844.0,1.0,0.0,0.0,0.0,0.0,216.0,,5.0
0.0,shandong,4.0,56.0,0.0,0.0,1.0,3136.0,1.0,9.0,8.5173931,1.0,0.0,216.0,9.2104406,3.0
1.0,shandong,4.0,50.0,0.0,0.0,1.0,2500.0,1.0,9.0,9.392745,1.0,0.0,216.0,10.819798,2.0
0.0,shandong,4.0,74.0,0.0,1.0,0.0,5476.0,1.0,6.0,7.2232957,1.0,0.0,216.0,7.2232957,1.0
1.0,shandong,4.0,48.0,0.0,0.0,1.0,2304.0,1.0,6.0,9.392745,1.0,0.0,216.0,10.463132,4.0
1.0,shandong,5.0,50.0,0.0,0.0,1.0,2500.0,1.0,12.0,16.023785,1.0,0.0,216.0,12.611541,5.0
1.0,shandong,4.0,19.0,0.0,0.0,0.0,361.0,0.0,12.0,0.0,0.0,0.0,216.0,0.0,5.0
1.0,shandong,4.0,46.0,4.6151204,0.0,1.0,2116.0,1.0,9.0,0.0,1.0,0.0,216.0,,5.0
1.0,shandong,4.0,45.0,0.0,0.0,1.0,2025.0,1.0,15.0,0.0,0.0,0.0,216.0,11.512936,4.0
1.0,shandong,4.0,62.0,0.0,0.0,1.0,3844.0,1.0,9.0,8.8819752,1.0,0.0,216.0,9.392745,3.0
1.0,shandong,4.0,18.0,5.7071104,0.0,0.0,324.0,1.0,12.0,,1.0,0.0,216.0,,4.0
1.0,shandong,4.0,58.0,0.0,0.0,1.0,3364.0,0.0,15.0,9.9035378,1.0,0.0,216.0,10.308986,3.0
1.0,shandong,5.0,40.0,0.0,0.0,0.0,1600.0,0.0,6.0,9.9035378,1.0,0.0,216.0,9.9035378,5.0
0.0,shandong,4.0,42.0,0.0,0.0,1.0,1764.0,0.0,9.0,12.206078,1.0,1.0,216.0,12.206078,5.0
1.0,shandong,4.0,61.0,0.0,0.0,1.0,3721.0,0.0,12.0,9.9035378,1.0,0.0,216.0,11.512936,4.0
1.0,shandong,5.0,76.0,0.0,0.0,1.0,5776.0,0.0,0.0,8.2943001,1.0,0.0,216.0,8.5173931,3.0
0.0,shandong,4.0,52.0,0.0,0.0,1.0,2704.0,1.0,6.0,8.5173931,1.0,0.0,216.0,9.9035378,3.0
1.0,shandong,3.0,39.0,0.0,0.0,1.0,1521.0,1.0,12.0,11.512936,0.0,0.0,216.0,12.206078,4.0
1.0,shandong,3.0,57.0,3.2580965,0.0,1.0,3249.0,1.0,6.0,9.2104406,1.0,0.0,216.0,9.9035378,3.0
1.0,shandong,3.0,44.0,0.0,0.0,0.0,1936.0,1.0,12.0,9.2104406,0.0,0.0,216.0,9.2104406,5.0
0.0,shandong,4.0,64.0,0.0,0.0,1.0,4096.0,1.0,0.0,6.5806394,1.0,0.0,216.0,11.695255,4.0
1.0,shandong,5.0,46.0,1.7917595,0.0,1.0,2116.0,1.0,9.0,9.9035378,1.0,0.0,216.0,10.59666,4.0
1.0,shandong,5.0,29.0,0.0,0.0,1.0,841.0,0.0,12.0,10.819798,1.0,0.0,216.0,11.002116,4.0
1.0,shandong,4.0,28.0,0.0,0.0,1.0,784.0,0.0,12.0,11.512936,1.0,0.0,216.0,12.206078,5.0
1.0,shandong,4.0,54.0,4.6151204,0.0,1.0,2916.0,1.0,9.0,9.6158724,1.0,1.0,216.0,11.407576,3.0
1.0,shandong,4.0,59.0,2.0794415,0.0,1.0,3481.0,0.0,15.0,10.491302,0.0,0.0,216.0,11.156265,3.0
1.0,shandong,4.0,40.0,0.0,0.0,1.0,1600.0,1.0,0.0,,1.0,0.0,216.0,,5.0
0.0,shandong,4.0,83.0,0.0,0.0,1.0,6889.0,0.0,6.0,8.5566063,1.0,0.0,216.0,8.5566063,3.0
0.0,shandong,2.0,52.0,0.0,0.0,1.0,2704.0,0.0,6.0,9.2104406,1.0,0.0,216.0,9.2104406,2.0
1.0,shandong,5.0,81.0,0.0,0.0,1.0,6561.0,1.0,0.0,0.0,0.0,0.0,216.0,10.819798,2.0
1.0,shandong,5.0,45.0,0.0,0.0,1.0,2025.0,0.0,6.0,11.289794,1.0,0.0,216.0,11.982935,4.0
1.0,shandong,4.0,67.0,0.0,0.0,1.0,4489.0,0.0,6.0,8.2943001,1.0,0.0,216.0,8.2943001,2.0
1.0,shandong,4.0,30.0,0.0,0.0,1.0,900.0,1.0,6.0,11.002116,0.0,0.0,216.0,11.608245,5.0
0.0,shandong,4.0,48.0,0.0,0.0,1.0,2304.0,0.0,9.0,11.225257,1.0,0.0,216.0,11.561726,5.0
1.0,shandong,4.0,26.0,3.2580965,0.0,1.0,676.0,1.0,15.0,0.0,0.0,0.0,216.0,11.289794,4.0
1.0,shandong,5.0,62.0,0.0,0.0,1.0,3844.0,0.0,12.0,6.9087548,1.0,0.0,216.0,6.9087548,4.0
1.0,shandong,4.0,42.0,0.0,0.0,1.0,1764.0,1.0,6.0,10.126671,1.0,0.0,216.0,10.126671,4.0
1.0,shandong,4.0,62.0,0.0,0.0,1.0,3844.0,1.0,12.0,10.308986,0.0,0.0,216.0,11.002116,4.0
1.0,shandong,5.0,69.0,3.4339871,0.0,1.0,4761.0,1.0,2.0,0.0,1.0,0.0,216.0,10.933125,5.0
1.0,shandong,4.0,67.0,0.0,0.0,1.0,4489.0,1.0,6.0,8.2943001,1.0,0.0,216.0,9.2104406,4.0
1.0,shandong,4.0,70.0,2.3978953,0.0,1.0,4900.0,0.0,0.0,0.0,1.0,0.0,216.0,0.0,3.0
0.0,shandong,5.0,62.0,0.0,0.0,1.0,3844.0,1.0,6.0,0.0,1.0,0.0,216.0,0.0,4.0
1.0,shandong,4.0,63.0,0.0,0.0,0.0,3969.0,1.0,0.0,0.0,1.0,0.0,216.0,11.695255,3.0
1.0,shandong,4.0,45.0,0.0,0.0,1.0,2025.0,0.0,15.0,11.156265,0.0,0.0,216.0,11.512936,5.0
1.0,shandong,4.0,30.0,0.0,0.0,1.0,900.0,0.0,15.0,11.002116,0.0,0.0,216.0,11.695255,4.0
1.0,shandong,3.0,46.0,2.3978953,0.0,1.0,2116.0,0.0,6.0,9.2104406,0.0,0.0,216.0,9.9035378,5.0
1.0,shandong,2.0,39.0,4.6151204,0.0,1.0,1521.0,1.0,9.0,,1.0,0.0,216.0,,5.0
0.0,shandong,4.0,53.0,0.0,0.0,0.0,2809.0,1.0,6.0,0.0,1.0,0.0,216.0,9.9035378,4.0
1.0,shandong,4.0,50.0,0.0,0.0,1.0,2500.0,1.0,12.0,11.512936,0.0,0.0,216.0,11.918397,4.0
1.0,shandong,5.0,59.0,0.0,0.0,0.0,3481.0,1.0,12.0,0.0,0.0,0.0,216.0,10.308986,4.0
0.0,shandong,5.0,61.0,0.0,1.0,1.0,3721.0,0.0,0.0,10.621352,1.0,0.0,216.0,10.645449,5.0
1.0,shandong,5.0,67.0,0.0,1.0,1.0,4489.0,1.0,2.0,0.0,0.0,0.0,216.0,0.0,2.0
0.0,shandong,5.0,71.0,0.0,0.0,1.0,5041.0,0.0,6.0,8.0712185,1.0,1.0,216.0,8.5173931,5.0
1.0,shandong,4.0,34.0,0.0,0.0,1.0,1156.0,1.0,16.0,11.002116,0.0,0.0,216.0,11.512936,5.0
1.0,shandong,5.0,31.0,0.0,0.0,1.0,961.0,0.0,19.0,11.002116,1.0,0.0,216.0,11.289794,5.0
1.0,shandong,4.0,80.0,3.4339871,0.0,1.0,6400.0,0.0,0.0,9.2104406,0.0,0.0,216.0,10.126671,2.0
1.0,shandong,4.0,63.0,0.0,0.0,1.0,3969.0,1.0,2.0,7.6014023,1.0,0.0,216.0,10.736419,5.0
1.0,shandong,4.0,81.0,3.0445225,0.0,0.0,6561.0,0.0,6.0,0.0,0.0,0.0,216.0,10.308986,4.0
1.0,shandong,5.0,30.0,0.0,0.0,1.0,900.0,1.0,9.0,10.308986,1.0,0.0,216.0,11.512936,5.0
1.0,shandong,5.0,20.0,0.0,0.0,0.0,400.0,1.0,12.0,0.0,1.0,0.0,216.0,,5.0
1.0,shandong,2.0,79.0,0.0,0.0,0.0,6241.0,1.0,6.0,7.09091,1.0,0.0,216.0,9.2104406,1.0
1.0,shandong,4.0,45.0,0.0,1.0,1.0,2025.0,1.0,9.0,,0.0,0.0,216.0,,3.0
1.0,shandong,4.0,47.0,0.69314718,1.0,1.0,2209.0,0.0,9.0,11.289794,0.0,0.0,216.0,11.775297,4.0
1.0,shandong,4.0,77.0,0.0,0.0,0.0,5929.0,0.0,6.0,10.491302,0.0,0.0,216.0,10.491302,2.0
1.0,shandong,4.0,38.0,0.0,0.0,1.0,1444.0,0.0,12.0,9.9035378,0.0,0.0,216.0,10.373523,4.0
1.0,shandong,3.0,42.0,0.0,0.0,1.0,1764.0,1.0,9.0,8.8538084,0.0,0.0,216.0,9.9035378,4.0
1.0,shandong,5.0,48.0,0.0,0.0,1.0,2304.0,1.0,12.0,11.002116,0.0,0.0,216.0,11.512936,3.0
1.0,shandong,4.0,66.0,0.0,0.0,0.0,4356.0,1.0,6.0,10.085851,0.0,0.0,216.0,10.085851,3.0
1.0,shandong,4.0,57.0,0.0,0.0,1.0,3249.0,1.0,12.0,9.392745,1.0,0.0,216.0,9.392745,5.0
1.0,shandong,4.0,73.0,6.906755,0.0,1.0,5329.0,0.0,12.0,10.59666,0.0,0.0,216.0,10.59666,3.0
1.0,shandong,4.0,35.0,0.0,0.0,1.0,1225.0,0.0,12.0,11.156265,0.0,0.0,216.0,11.512936,4.0
0.0,shandong,5.0,67.0,0.0,0.0,1.0,4489.0,0.0,9.0,9.9233389,1.0,0.0,216.0,9.9636889,4.0
0.0,shandong,4.0,51.0,0.0,0.0,1.0,2601.0,1.0,6.0,7.6014023,1.0,0.0,216.0,10.308986,4.0
1.0,shandong,3.0,30.0,0.0,0.0,1.0,900.0,1.0,16.0,10.819798,1.0,0.0,216.0,11.512936,3.0
0.0,shandong,5.0,35.0,0.0,1.0,1.0,1225.0,0.0,6.0,10.308986,1.0,0.0,216.0,10.308986,5.0
0.0,shandong,5.0,29.0,0.0,0.0,1.0,841.0,0.0,16.0,11.289794,1.0,0.0,216.0,11.695255,5.0
1.0,shandong,4.0,29.0,3.0445225,0.0,1.0,841.0,0.0,15.0,,0.0,0.0,216.0,,5.0
1.0,shandong,4.0,48.0,0.0,0.0,1.0,2304.0,0.0,9.0,10.819798,1.0,0.0,216.0,11.002116,5.0
1.0,shandong,3.0,63.0,0.0,0.0,1.0,3969.0,0.0,6.0,8.6996813,0.0,0.0,216.0,9.7981825,2.0
1.0,shandong,2.0,45.0,3.9318256,0.0,1.0,2025.0,0.0,15.0,11.002116,0.0,0.0,216.0,11.982935,2.0
0.0,shandong,4.0,66.0,0.0,0.0,1.0,4356.0,1.0,9.0,0.0,1.0,0.0,216.0,10.165891,4.0
0.0,shandong,5.0,22.0,0.0,0.0,0.0,484.0,0.0,15.0,9.9035378,1.0,0.0,216.0,11.918397,4.0
1.0,shandong,4.0,53.0,0.0,0.0,1.0,2809.0,1.0,6.0,10.59666,1.0,0.0,216.0,10.819798,4.0
1.0,shandong,4.0,64.0,3.0445225,0.0,1.0,4096.0,0.0,9.0,10.308986,0.0,1.0,216.0,10.59666,4.0
1.0,shandong,4.0,41.0,0.0,0.0,1.0,1681.0,1.0,9.0,9.9035378,1.0,0.0,216.0,10.819798,3.0
1.0,shandong,4.0,36.0,0.0,0.0,1.0,1296.0,1.0,15.0,11.512936,0.0,0.0,216.0,11.918397,5.0
1.0,shandong,4.0,35.0,0.0,0.0,1.0,1225.0,1.0,12.0,10.59666,0.0,0.0,216.0,10.819798,5.0
0.0,shandong,4.0,56.0,0.0,0.0,1.0,3136.0,1.0,0.0,9.2104406,1.0,0.0,216.0,10.126671,4.0
1.0,shandong,5.0,43.0,0.0,0.0,1.0,1849.0,1.0,9.0,0.0,0.0,0.0,216.0,,4.0
0.0,shandong,5.0,44.0,0.0,0.0,1.0,1936.0,1.0,9.0,0.0,1.0,0.0,216.0,10.308986,3.0
1.0,shandong,5.0,89.0,0.0,0.0,0.0,7921.0,1.0,2.0,0.0,0.0,0.0,216.0,9.2104406,3.0
1.0,shandong,5.0,60.0,0.0,0.0,1.0,3600.0,0.0,16.0,9.9035378,0.0,0.0,216.0,11.289794,3.0
1.0,shandong,5.0,30.0,0.0,0.0,1.0,900.0,0.0,16.0,11.002116,0.0,0.0,216.0,11.695255,4.0
1.0,shandong,4.0,56.0,2.7725887,0.0,1.0,3136.0,0.0,12.0,9.9035378,1.0,0.0,216.0,9.9035378,5.0
1.0,shandong,4.0,54.0,0.0,0.0,0.0,2916.0,1.0,9.0,6.5806394,0.0,0.0,216.0,7.6014023,5.0
1.0,shandong,5.0,44.0,0.0,0.0,1.0,1936.0,1.0,9.0,10.085851,0.0,0.0,216.0,11.512936,4.0
1.0,shandong,4.0,21.0,0.0,0.0,0.0,441.0,1.0,16.0,0.0,1.0,0.0,216.0,10.463132,5.0
1.0,shandong,4.0,41.0,0.0,0.0,1.0,1681.0,1.0,12.0,10.308986,1.0,0.0,216.0,11.512936,5.0
0.0,shandong,5.0,72.0,0.0,0.0,1.0,5184.0,1.0,6.0,9.3588467,1.0,0.0,216.0,9.4572783,4.0
1.0,shandong,5.0,54.0,0.0,0.0,1.0,2916.0,1.0,9.0,8.0067005,0.0,0.0,216.0,8.5173931,4.0
1.0,shandong,5.0,20.0,1.7917595,0.0,0.0,400.0,1.0,16.0,,1.0,0.0,216.0,12.611541,5.0
0.0,shandong,4.0,79.0,0.0,0.0,0.0,6241.0,0.0,2.0,6.9087548,1.0,0.0,216.0,6.9087548,5.0
0.0,shandong,5.0,79.0,0.0,0.0,0.0,6241.0,1.0,0.0,7.09091,1.0,0.0,216.0,7.09091,3.0
1.0,shandong,4.0,57.0,0.0,0.0,1.0,3249.0,1.0,12.0,0.0,1.0,0.0,216.0,10.59666,4.0
1.0,shandong,4.0,26.0,1.7917595,0.0,0.0,676.0,0.0,12.0,11.002116,1.0,0.0,216.0,11.002116,3.0
0.0,shandong,5.0,71.0,0.0,1.0,1.0,5041.0,1.0,6.0,7.518064,1.0,0.0,216.0,8.0067005,5.0
1.0,shandong,4.0,47.0,0.0,0.0,1.0,2209.0,1.0,6.0,9.1696224,0.0,0.0,216.0,11.150535,4.0
1.0,shandong,4.0,51.0,0.0,0.0,1.0,2601.0,1.0,9.0,0.0,0.0,0.0,216.0,11.695255,4.0
0.0,shandong,4.0,76.0,0.0,0.0,0.0,5776.0,1.0,6.0,0.0,1.0,0.0,216.0,0.0,5.0
1.0,shandong,4.0,26.0,3.0445225,0.0,1.0,676.0,1.0,9.0,10.59666,1.0,0.0,216.0,10.59666,4.0
1.0,shandong,5.0,69.0,3.2580965,0.0,1.0,4761.0,0.0,9.0,7.6014023,1.0,0.0,216.0,7.6014023,4.0
1.0,shandong,5.0,58.0,0.0,0.0,1.0,3364.0,1.0,6.0,9.2104406,1.0,0.0,216.0,,5.0
1.0,shandong,5.0,54.0,3.4339871,0.0,1.0,2916.0,0.0,9.0,9.2104406,1.0,0.0,216.0,9.9035378,5.0
1.0,shandong,4.0,35.0,0.0,0.0,1.0,1225.0,0.0,16.0,11.512936,0.0,0.0,216.0,11.918397,4.0
1.0,shandong,5.0,44.0,0.0,0.0,1.0,1936.0,0.0,9.0,10.819798,1.0,0.0,216.0,11.289794,5.0
0.0,shandong,2.0,68.0,1.3862944,0.0,0.0,4624.0,1.0,0.0,6.9087548,1.0,0.0,216.0,0.0,4.0
1.0,shandong,4.0,63.0,0.0,0.0,1.0,3969.0,0.0,9.0,7.6014023,0.0,1.0,216.0,7.6014023,2.0
1.0,shandong,4.0,34.0,0.0,0.0,1.0,1156.0,0.0,12.0,10.308986,1.0,0.0,216.0,10.308986,4.0
1.0,shandong,4.0,90.0,0.0,0.0,0.0,8100.0,0.0,0.0,9.392745,1.0,0.0,216.0,9.392745,3.0
1.0,shandong,3.0,23.0,0.0,0.0,0.0,529.0,1.0,16.0,0.0,0.0,0.0,216.0,0.0,4.0
1.0,shandong,2.0,51.0,0.0,0.0,1.0,2601.0,1.0,9.0,0.0,1.0,0.0,216.0,9.7981825,2.0
1.0,shandong,5.0,51.0,2.7725887,0.0,1.0,2601.0,0.0,9.0,10.819798,0.0,0.0,216.0,11.512936,4.0
1.0,shandong,5.0,59.0,3.713572,0.0,1.0,3481.0,0.0,12.0,9.6804066,1.0,0.0,216.0,10.308986,3.0
1.0,shandong,3.0,58.0,0.0,0.0,1.0,3364.0,0.0,12.0,10.819798,0.0,0.0,216.0,10.819798,4.0
0.0,shandong,4.0,66.0,0.0,0.0,1.0,4356.0,0.0,6.0,9.0120115,1.0,0.0,216.0,9.9035378,3.0
1.0,shandong,5.0,59.0,0.0,0.0,1.0,3481.0,1.0,6.0,0.0,1.0,0.0,216.0,10.308986,5.0
1.0,shandong,5.0,78.0,0.0,0.0,0.0,6084.0,1.0,0.0,7.6783261,1.0,0.0,216.0,7.6783261,2.0
0.0,shandong,4.0,53.0,0.0,1.0,1.0,2809.0,1.0,6.0,10.221977,1.0,0.0,216.0,10.915107,5.0
1.0,shandong,5.0,52.0,0.0,0.0,1.0,2704.0,0.0,12.0,11.002116,0.0,0.0,216.0,11.002116,5.0
1.0,shandong,4.0,69.0,0.0,0.0,1.0,4761.0,1.0,0.0,7.09091,0.0,0.0,216.0,10.59666,5.0
1.0,shandong,4.0,72.0,0.0,0.0,1.0,5184.0,0.0,6.0,9.4727812,1.0,0.0,216.0,9.9035378,3.0
1.0,shandong,4.0,39.0,0.0,0.0,1.0,1521.0,1.0,15.0,10.819798,0.0,0.0,216.0,11.512936,4.0
1.0,shandong,4.0,45.0,0.0,0.0,1.0,2025.0,0.0,9.0,9.9035378,1.0,1.0,216.0,9.9035378,4.0
0.0,shandong,4.0,32.0,0.0,0.0,1.0,1024.0,0.0,9.0,10.308986,1.0,0.0,216.0,10.819798,4.0
1.0,shandong,5.0,87.0,0.0,0.0,0.0,7569.0,1.0,2.0,0.0,0.0,0.0,216.0,8.4765797,2.0
1.0,shandong,4.0,50.0,0.0,0.0,1.0,2500.0,1.0,9.0,0.0,1.0,0.0,216.0,11.512936,4.0
0.0,shandong,5.0,72.0,0.0,1.0,0.0,5184.0,0.0,6.0,8.6996813,1.0,0.0,216.0,8.5173931,3.0
1.0,shandong,5.0,45.0,0.0,0.0,1.0,2025.0,1.0,9.0,10.126671,1.0,0.0,216.0,10.819798,4.0
1.0,shandong,5.0,64.0,0.0,0.0,1.0,4096.0,0.0,15.0,8.5173931,0.0,1.0,216.0,8.8538084,4.0
1.0,shandong,3.0,50.0,0.0,0.0,1.0,2500.0,1.0,9.0,0.0,1.0,0.0,216.0,9.9035378,2.0
1.0,shandong,3.0,28.0,0.0,0.0,1.0,784.0,1.0,15.0,10.819798,0.0,0.0,216.0,11.695255,4.0
0.0,shandong,4.0,48.0,4.1108737,0.0,1.0,2304.0,0.0,9.0,10.308986,1.0,0.0,216.0,10.819798,5.0
1.0,shandong,5.0,33.0,0.0,0.0,1.0,1089.0,1.0,9.0,10.819798,0.0,0.0,216.0,9.2104406,4.0
1.0,shandong,2.0,55.0,0.0,0.0,0.0,3025.0,1.0,6.0,0.0,0.0,0.0,216.0,11.407576,2.0
1.0,shandong,4.0,40.0,0.0,0.0,1.0,1600.0,0.0,9.0,10.308986,1.0,0.0,216.0,11.002116,5.0
1.0,shandong,5.0,50.0,6.9087548,0.0,1.0,2500.0,0.0,9.0,10.308986,1.0,0.0,216.0,10.463132,4.0
1.0,shandong,4.0,34.0,0.0,0.0,1.0,1156.0,1.0,12.0,10.308986,1.0,0.0,216.0,,4.0
1.0,shandong,3.0,31.0,0.0,0.0,1.0,961.0,1.0,9.0,10.778977,1.0,0.0,216.0,,4.0
1.0,shandong,5.0,54.0,0.0,0.0,1.0,2916.0,1.0,6.0,0.0,1.0,0.0,216.0,10.463132,1.0
0.0,shandong,5.0,48.0,0.0,0.0,1.0,2304.0,1.0,9.0,11.002116,1.0,0.0,216.0,11.289794,4.0
1.0,shandong,4.0,70.0,0.0,0.0,1.0,4900.0,0.0,9.0,0.0,0.0,0.0,216.0,0.0,3.0
1.0,shandong,3.0,25.0,0.0,0.0,0.0,625.0,1.0,16.0,10.59666,1.0,0.0,216.0,10.308986,5.0
1.0,shandong,5.0,45.0,0.0,1.0,1.0,2025.0,1.0,12.0,10.819798,0.0,0.0,216.0,11.002116,5.0
0.0,shandong,4.0,77.0,0.0,0.0,1.0,5929.0,1.0,6.0,7.3138866,1.0,0.0,216.0,8.0067005,3.0
1.0,shandong,4.0,35.0,0.0,0.0,1.0,1225.0,0.0,15.0,10.819798,0.0,0.0,216.0,11.512936,3.0
1.0,shandong,5.0,24.0,0.0,1.0,0.0,576.0,0.0,12.0,10.308986,0.0,0.0,216.0,11.512936,4.0
1.0,shandong,4.0,46.0,3.4339871,0.0,1.0,2116.0,0.0,15.0,11.082158,0.0,0.0,216.0,11.289794,5.0
1.0,shandong,4.0,44.0,0.0,0.0,1.0,1936.0,0.0,9.0,10.308986,0.0,0.0,216.0,10.819798,5.0
1.0,shandong,4.0,76.0,0.0,0.0,0.0,5776.0,0.0,6.0,0.0,1.0,0.0,216.0,0.0,5.0
1.0,shandong,2.0,55.0,0.0,0.0,1.0,3025.0,0.0,15.0,10.308986,0.0,1.0,216.0,11.512936,4.0
1.0,shandong,2.0,49.0,0.0,0.0,0.0,2401.0,0.0,12.0,12.206078,0.0,0.0,216.0,12.42922,3.0
1.0,shandong,3.0,54.0,0.0,0.0,0.0,2916.0,0.0,6.0,10.308986,1.0,0.0,216.0,10.308986,4.0
1.0,shandong,5.0,47.0,0.0,0.0,1.0,2209.0,0.0,9.0,11.002116,1.0,1.0,216.0,11.264477,5.0
1.0,shandong,3.0,71.0,0.0,0.0,1.0,5041.0,0.0,0.0,7.09091,1.0,0.0,216.0,7.7836404,2.0
1.0,shandong,5.0,61.0,3.4339871,0.0,1.0,3721.0,1.0,16.0,11.289794,0.0,0.0,216.0,11.918397,4.0
1.0,shandong,4.0,67.0,0.0,0.0,1.0,4489.0,0.0,0.0,9.2104406,1.0,0.0,216.0,9.7410278,2.0
1.0,shandong,4.0,24.0,0.0,0.0,0.0,576.0,0.0,19.0,9.392745,1.0,1.0,216.0,9.392745,4.0
1.0,shandong,4.0,72.0,0.0,0.0,1.0,5184.0,1.0,6.0,7.09091,1.0,0.0,216.0,8.0067005,3.0
1.0,shandong,4.0,48.0,0.0,0.0,1.0,2304.0,0.0,9.0,11.695255,0.0,0.0,216.0,11.695255,5.0
0.0,shandong,4.0,44.0,0.0,0.0,1.0,1936.0,1.0,9.0,0.0,1.0,0.0,216.0,10.59666,4.0
0.0,shandong,4.0,43.0,0.0,0.0,1.0,1849.0,0.0,9.0,8.0067005,1.0,0.0,216.0,9.9035378,2.0
1.0,shandong,4.0,40.0,2.5649493,0.0,1.0,1600.0,1.0,12.0,0.0,0.0,0.0,216.0,10.308986,4.0
1.0,shandong,5.0,44.0,0.0,0.0,1.0,1936.0,1.0,9.0,0.0,1.0,0.0,216.0,,5.0
1.0,shandong,4.0,60.0,0.0,0.0,1.0,3600.0,1.0,9.0,10.463132,1.0,0.0,216.0,11.082158,4.0
0.0,shandong,4.0,23.0,0.0,0.0,0.0,529.0,1.0,9.0,0.0,1.0,0.0,216.0,9.9035378,2.0
1.0,shandong,4.0,43.0,0.0,0.0,1.0,1849.0,1.0,6.0,8.5173931,1.0,0.0,216.0,9.2104406,4.0
1.0,shandong,4.0,40.0,0.0,0.0,1.0,1600.0,1.0,12.0,11.002116,1.0,0.0,216.0,11.512936,5.0
1.0,shandong,5.0,34.0,0.0,0.0,1.0,1156.0,0.0,9.0,9.6158724,0.0,0.0,216.0,11.813038,5.0
1.0,shandong,3.0,61.0,0.0,0.0,1.0,3721.0,0.0,0.0,,1.0,0.0,216.0,,2.0
1.0,shandong,4.0,70.0,0.0,0.0,1.0,4900.0,0.0,9.0,,1.0,0.0,216.0,9.6703568,5.0
1.0,shandong,3.0,53.0,2.7725887,0.0,1.0,2809.0,0.0,15.0,10.308986,0.0,0.0,216.0,,3.0
1.0,shandong,4.0,90.0,0.0,0.0,0.0,8100.0,0.0,0.0,10.491302,0.0,0.0,216.0,10.491302,2.0
1.0,shandong,4.0,47.0,0.0,0.0,1.0,2209.0,1.0,9.0,10.308986,0.0,0.0,216.0,11.002116,3.0
0.0,shandong,4.0,57.0,0.0,1.0,1.0,3249.0,1.0,0.0,0.0,1.0,0.0,216.0,10.126671,5.0
1.0,shandong,4.0,27.0,0.0,0.0,1.0,729.0,0.0,0.0,11.289794,0.0,0.0,216.0,11.289794,5.0
1.0,shandong,5.0,64.0,0.0,0.0,1.0,4096.0,1.0,9.0,10.308986,0.0,0.0,216.0,11.407576,3.0
0.0,shandong,5.0,40.0,0.0,0.0,1.0,1600.0,0.0,9.0,10.308986,1.0,0.0,216.0,10.59666,4.0
1.0,shandong,4.0,77.0,0.0,0.0,0.0,5929.0,0.0,12.0,10.778977,1.0,1.0,216.0,10.778977,3.0
1.0,shandong,4.0,49.0,0.0,0.0,1.0,2401.0,1.0,9.0,9.2104406,1.0,0.0,216.0,10.645449,2.0
1.0,shandong,4.0,72.0,0.0,0.0,1.0,5184.0,0.0,6.0,10.457401,0.0,0.0,216.0,10.981915,3.0
0.0,shandong,5.0,23.0,0.0,0.0,1.0,529.0,1.0,9.0,0.0,0.0,0.0,216.0,,5.0
1.0,shandong,4.0,54.0,0.0,0.0,1.0,2916.0,1.0,9.0,8.0067005,1.0,0.0,216.0,8.5173931,4.0
1.0,shandong,4.0,30.0,0.0,0.0,1.0,900.0,1.0,9.0,0.0,1.0,0.0,216.0,10.819798,4.0
0.0,shandong,5.0,83.0,0.0,0.0,0.0,6889.0,1.0,0.0,7.6014023,1.0,0.0,216.0,7.6014023,2.0
1.0,shandong,4.0,43.0,0.0,0.0,1.0,1849.0,1.0,9.0,10.308986,1.0,0.0,216.0,11.002116,4.0
1.0,shandong,5.0,60.0,0.0,0.0,1.0,3600.0,0.0,0.0,0.0,1.0,0.0,216.0,5.7071104,2.0
1.0,shandong,4.0,59.0,0.0,0.0,1.0,3481.0,0.0,9.0,9.392745,1.0,0.0,216.0,11.002116,4.0
0.0,shandong,5.0,70.0,0.0,0.0,1.0,4900.0,1.0,6.0,8.5173931,1.0,0.0,216.0,8.5173931,4.0
0.0,shandong,4.0,78.0,0.0,0.0,0.0,6084.0,0.0,0.0,7.09091,1.0,0.0,216.0,0.0,4.0
1.0,shandong,4.0,60.0,0.0,0.0,0.0,3600.0,1.0,12.0,10.308986,0.0,0.0,216.0,11.225257,4.0
1.0,shandong,4.0,71.0,0.0,0.0,1.0,5041.0,0.0,9.0,9.7981825,1.0,0.0,216.0,9.7981825,2.0
1.0,shandong,5.0,44.0,0.0,0.0,1.0,1936.0,0.0,12.0,11.512936,0.0,0.0,216.0,12.206078,5.0
0.0,shandong,1.0,60.0,0.0,0.0,1.0,3600.0,0.0,12.0,0.0,1.0,0.0,216.0,9.2104406,1.0
1.0,shandong,4.0,67.0,0.0,0.0,0.0,4489.0,1.0,0.0,0.0,1.0,0.0,216.0,,2.0
1.0,shandong,4.0,49.0,0.0,0.0,1.0,2401.0,1.0,16.0,11.512936,0.0,1.0,216.0,12.206078,4.0
0.0,shandong,4.0,30.0,0.0,0.0,1.0,900.0,1.0,9.0,0.0,1.0,0.0,216.0,11.184435,4.0
1.0,shandong,5.0,49.0,5.3033047,1.0,1.0,2401.0,1.0,15.0,10.085851,0.0,0.0,216.0,11.918397,4.0
1.0,shandong,3.0,40.0,0.0,0.0,1.0,1600.0,1.0,9.0,0.0,0.0,0.0,216.0,10.308986,4.0
1.0,shandong,4.0,41.0,0.0,0.0,0.0,1681.0,0.0,6.0,7.9377317,1.0,0.0,216.0,8.2943001,3.0
0.0,shandong,5.0,31.0,0.0,0.0,1.0,961.0,1.0,9.0,10.59666,1.0,0.0,216.0,11.512936,5.0
1.0,shandong,4.0,29.0,0.0,0.0,1.0,841.0,1.0,9.0,11.002116,1.0,0.0,216.0,11.982935,4.0
0.0,shandong,4.0,48.0,0.0,0.0,1.0,2304.0,0.0,9.0,,1.0,0.0,216.0,11.002116,4.0
0.0,shandong,4.0,53.0,0.0,0.0,1.0,2809.0,0.0,9.0,10.491302,1.0,0.0,216.0,10.491302,3.0
1.0,shandong,5.0,74.0,0.0,0.0,1.0,5476.0,1.0,6.0,7.3138866,1.0,0.0,216.0,10.571342,2.0
1.0,shandong,4.0,77.0,0.0,0.0,1.0,5929.0,0.0,15.0,0.0,0.0,0.0,216.0,0.0,5.0
1.0,shandong,4.0,42.0,0.0,0.0,1.0,1764.0,0.0,15.0,10.819798,0.0,0.0,216.0,,5.0
0.0,shandong,4.0,77.0,0.0,0.0,1.0,5929.0,0.0,6.0,7.09091,1.0,0.0,216.0,9.1799841,2.0
0.0,shandong,4.0,49.0,0.0,0.0,0.0,2401.0,0.0,6.0,9.9035378,1.0,0.0,216.0,9.9035378,5.0
0.0,shandong,4.0,61.0,0.0,0.0,1.0,3721.0,0.0,12.0,8.0067005,1.0,0.0,216.0,8.0067005,2.0
1.0,shandong,3.0,40.0,4.1108737,0.0,1.0,1600.0,0.0,16.0,11.002116,0.0,0.0,216.0,11.512936,5.0
0.0,shandong,4.0,39.0,0.0,1.0,1.0,1521.0,0.0,9.0,10.308986,1.0,1.0,216.0,10.59666,4.0
1.0,shandong,4.0,71.0,0.0,0.0,0.0,5041.0,1.0,6.0,10.308986,0.0,0.0,216.0,12.206078,3.0
1.0,shandong,5.0,68.0,0.0,0.0,1.0,4624.0,0.0,6.0,7.6783261,1.0,0.0,216.0,9.6158724,4.0
1.0,shandong,2.0,39.0,0.0,0.0,1.0,1521.0,0.0,9.0,11.156265,1.0,0.0,216.0,11.608245,4.0
0.0,shandong,4.0,49.0,0.0,0.0,1.0,2401.0,0.0,9.0,10.59666,1.0,0.0,216.0,10.819798,5.0
1.0,shandong,5.0,25.0,0.0,0.0,1.0,625.0,1.0,12.0,0.0,0.0,0.0,216.0,12.611541,5.0
1.0,shandong,4.0,54.0,4.6151204,0.0,1.0,2916.0,1.0,15.0,11.918397,0.0,0.0,216.0,12.765692,4.0
0.0,shandong,4.0,73.0,0.0,0.0,1.0,5329.0,1.0,0.0,0.0,1.0,0.0,216.0,0.0,2.0
0.0,shandong,5.0,57.0,0.0,0.0,1.0,3249.0,1.0,9.0,9.2104406,1.0,0.0,216.0,9.9988432,5.0
0.0,shandong,4.0,68.0,0.0,0.0,1.0,4624.0,0.0,6.0,8.5173931,1.0,0.0,216.0,9.9988432,2.0
1.0,shandong,4.0,54.0,0.0,0.0,1.0,2916.0,0.0,9.0,9.9035378,1.0,0.0,216.0,10.308986,4.0
1.0,shandong,4.0,67.0,0.0,0.0,1.0,4489.0,0.0,9.0,10.308986,1.0,0.0,216.0,10.308986,4.0
0.0,shandong,4.0,58.0,0.0,0.0,0.0,3364.0,0.0,9.0,0.0,1.0,0.0,216.0,0.0,4.0
1.0,shandong,5.0,74.0,0.0,0.0,1.0,5476.0,1.0,6.0,,0.0,0.0,216.0,,3.0
1.0,shandong,5.0,63.0,0.0,0.0,1.0,3969.0,1.0,0.0,0.0,1.0,0.0,216.0,11.512936,3.0
0.0,shandong,5.0,63.0,0.0,1.0,1.0,3969.0,0.0,9.0,9.9035378,0.0,0.0,216.0,10.819798,5.0
1.0,shandong,5.0,32.0,0.0,0.0,1.0,1024.0,0.0,15.0,10.59666,1.0,0.0,216.0,11.156265,5.0
1.0,shandong,4.0,57.0,0.0,0.0,1.0,3249.0,1.0,6.0,0.0,1.0,0.0,216.0,7.3138866,4.0
0.0,shandong,4.0,62.0,0.0,0.0,1.0,3844.0,1.0,6.0,0.0,1.0,0.0,216.0,11.918397,4.0
0.0,shandong,4.0,38.0,2.3978953,0.0,1.0,1444.0,1.0,9.0,,1.0,0.0,216.0,,4.0
1.0,shandong,5.0,89.0,0.0,0.0,0.0,7921.0,0.0,6.0,9.2104406,0.0,1.0,216.0,9.2104406,4.0
1.0,shandong,4.0,26.0,0.0,0.0,0.0,676.0,0.0,16.0,11.198229,0.0,0.0,216.0,11.198229,5.0
1.0,shandong,4.0,62.0,1.7917595,0.0,1.0,3844.0,0.0,0.0,10.463132,0.0,0.0,216.0,13.384729,4.0
1.0,shandong,4.0,28.0,5.7071104,0.0,0.0,784.0,1.0,12.0,0.0,1.0,0.0,216.0,,5.0
0.0,shandong,5.0,68.0,0.0,0.0,1.0,4624.0,1.0,0.0,0.0,1.0,0.0,216.0,0.0,5.0
0.0,shandong,4.0,48.0,0.0,0.0,1.0,2304.0,1.0,0.0,0.0,1.0,0.0,216.0,0.0,4.0
0.0,shandong,4.0,30.0,0.0,0.0,0.0,900.0,0.0,9.0,11.512936,1.0,0.0,216.0,11.918397,4.0
1.0,shandong,5.0,66.0,3.0445225,0.0,1.0,4356.0,1.0,9.0,0.0,1.0,0.0,216.0,,4.0
1.0,shandong,4.0,43.0,3.9318256,0.0,1.0,1849.0,0.0,9.0,10.491302,1.0,0.0,216.0,11.695255,4.0
1.0,shandong,3.0,36.0,0.0,0.0,1.0,1296.0,0.0,12.0,9.9035378,0.0,1.0,216.0,10.308986,3.0
1.0,shandong,4.0,49.0,0.0,0.0,1.0,2401.0,0.0,12.0,10.819798,0.0,0.0,216.0,11.608245,4.0
1.0,shandong,3.0,52.0,0.0,0.0,1.0,2704.0,1.0,9.0,0.0,1.0,0.0,216.0,10.308986,3.0
1.0,shandong,4.0,52.0,0.0,0.0,1.0,2704.0,0.0,9.0,10.404293,0.0,0.0,216.0,10.59666,4.0
0.0,shandong,4.0,47.0,0.0,0.0,1.0,2209.0,1.0,0.0,0.0,1.0,0.0,216.0,10.126671,4.0
1.0,shandong,4.0,50.0,0.0,0.0,1.0,2500.0,1.0,9.0,8.6996813,1.0,0.0,216.0,8.6996813,3.0
0.0,shandong,4.0,94.0,0.0,0.0,1.0,8836.0,0.0,6.0,8.4765797,1.0,0.0,216.0,8.4765797,3.0
1.0,shandong,5.0,67.0,0.0,0.0,1.0,4489.0,0.0,12.0,11.156265,0.0,1.0,216.0,11.571204,2.0
0.0,shandong,5.0,78.0,0.0,0.0,1.0,6084.0,0.0,6.0,10.491302,0.0,0.0,216.0,11.184435,3.0
1.0,shandong,4.0,19.0,0.0,0.0,0.0,361.0,1.0,16.0,0.0,0.0,0.0,216.0,,4.0
1.0,shandong,5.0,30.0,0.0,0.0,1.0,900.0,0.0,15.0,10.778977,1.0,0.0,216.0,11.512936,5.0
1.0,shandong,4.0,69.0,0.0,0.0,1.0,4761.0,1.0,6.0,9.6550903,0.0,0.0,216.0,12.42922,3.0
1.0,shandong,4.0,34.0,3.0445225,0.0,1.0,1156.0,1.0,9.0,0.0,0.0,0.0,216.0,9.9035378,3.0
1.0,shandong,2.0,63.0,0.0,0.0,1.0,3969.0,0.0,9.0,7.7836404,1.0,1.0,216.0,8.1889668,2.0
1.0,shandong,5.0,67.0,0.0,0.0,1.0,4489.0,0.0,6.0,9.3237581,1.0,0.0,216.0,9.3237581,2.0
1.0,shandong,4.0,93.0,2.3978953,0.0,0.0,8649.0,1.0,0.0,7.4960976,1.0,0.0,216.0,11.031674,3.0
1.0,shandong,4.0,43.0,0.0,0.0,1.0,1849.0,1.0,12.0,10.308986,0.0,0.0,216.0,9.9035378,4.0
0.0,shandong,4.0,63.0,0.0,0.0,1.0,3969.0,0.0,9.0,10.778977,0.0,0.0,216.0,11.002116,4.0
1.0,shandong,5.0,52.0,0.0,0.0,1.0,2704.0,0.0,12.0,10.819798,0.0,1.0,216.0,10.59666,4.0
1.0,shandong,3.0,36.0,0.0,0.0,1.0,1296.0,0.0,9.0,10.308986,1.0,0.0,216.0,10.59666,3.0
1.0,shandong,5.0,54.0,2.3978953,0.0,1.0,2916.0,0.0,9.0,9.6158724,1.0,1.0,216.0,10.308986,5.0
1.0,shandong,5.0,73.0,0.0,0.0,1.0,5329.0,0.0,6.0,9.2104406,1.0,0.0,216.0,9.9035378,4.0
1.0,shandong,4.0,34.0,2.7725887,0.0,1.0,1156.0,0.0,12.0,11.407576,1.0,0.0,216.0,11.512936,4.0
1.0,shandong,4.0,37.0,0.0,0.0,1.0,1369.0,0.0,16.0,11.156265,0.0,0.0,216.0,11.512936,2.0
1.0,shandong,4.0,47.0,0.0,0.0,1.0,2209.0,0.0,12.0,,0.0,0.0,216.0,10.308986,4.0
1.0,shandong,4.0,59.0,0.0,0.0,1.0,3481.0,0.0,9.0,7.8244457,1.0,0.0,216.0,9.2104406,2.0
0.0,shandong,4.0,52.0,0.0,0.0,1.0,2704.0,1.0,9.0,9.6158724,1.0,0.0,216.0,10.308986,4.0
0.0,shandong,5.0,66.0,0.0,0.0,1.0,4356.0,1.0,0.0,7.4960976,1.0,0.0,216.0,9.9035378,2.0
1.0,shandong,5.0,18.0,3.4339871,0.0,0.0,324.0,0.0,12.0,0.0,1.0,0.0,216.0,11.002116,5.0
1.0,shandong,2.0,19.0,0.0,0.0,0.0,361.0,0.0,9.0,10.308986,1.0,0.0,216.0,11.512936,3.0
1.0,shandong,5.0,20.0,0.0,0.0,0.0,400.0,0.0,12.0,10.71444,1.0,0.0,216.0,11.156265,5.0
1.0,shandong,5.0,64.0,0.0,0.0,1.0,4096.0,0.0,6.0,10.308986,0.0,0.0,216.0,10.308986,4.0
1.0,shandong,2.0,48.0,0.0,0.0,0.0,2304.0,1.0,6.0,10.085851,1.0,0.0,216.0,11.512936,4.0
1.0,shandong,4.0,40.0,3.4339871,0.0,1.0,1600.0,1.0,12.0,9.9035378,0.0,0.0,216.0,11.289794,3.0
1.0,shandong,4.0,60.0,0.0,0.0,0.0,3600.0,1.0,12.0,10.819798,0.0,1.0,216.0,12.206078,4.0
1.0,shandong,4.0,20.0,0.0,0.0,0.0,400.0,0.0,16.0,0.0,0.0,0.0,216.0,10.59666,5.0
1.0,shandong,2.0,28.0,0.0,0.0,0.0,784.0,0.0,12.0,9.9035378,1.0,0.0,216.0,9.9035378,5.0
1.0,shandong,4.0,30.0,4.2626801,0.0,1.0,900.0,0.0,16.0,11.918397,1.0,0.0,216.0,12.100718,4.0
1.0,shandong,5.0,53.0,0.0,0.0,1.0,2809.0,1.0,12.0,10.308986,0.0,0.0,216.0,11.695255,4.0
1.0,shandong,2.0,65.0,0.0,0.0,0.0,4225.0,1.0,6.0,7.6014023,1.0,0.0,216.0,7.6014023,2.0
1.0,shandong,4.0,45.0,0.0,0.0,1.0,2025.0,0.0,9.0,10.819798,1.0,0.0,216.0,10.819798,4.0
0.0,shandong,5.0,65.0,0.0,0.0,1.0,4225.0,0.0,9.0,7.3783836,1.0,1.0,216.0,8.0712185,2.0
1.0,shandong,4.0,71.0,0.0,0.0,0.0,5041.0,1.0,6.0,9.2104406,1.0,0.0,216.0,13.458838,3.0
0.0,shandong,5.0,78.0,0.0,0.0,0.0,6084.0,0.0,9.0,7.09091,1.0,1.0,216.0,7.09091,4.0
1.0,shandong,4.0,36.0,0.0,0.0,1.0,1296.0,0.0,9.0,11.512936,1.0,0.0,216.0,11.918397,4.0
1.0,shandong,4.0,70.0,0.0,0.0,1.0,4900.0,1.0,0.0,0.0,1.0,0.0,216.0,8.2943001,4.0
0.0,shandong,5.0,48.0,0.0,0.0,1.0,2304.0,1.0,9.0,8.412055,1.0,0.0,216.0,10.308986,2.0
0.0,shandong,4.0,54.0,0.0,0.0,1.0,2916.0,1.0,9.0,8.2943001,1.0,0.0,216.0,11.512936,4.0
1.0,shandong,5.0,79.0,0.0,0.0,0.0,6241.0,1.0,0.0,0.0,1.0,0.0,216.0,0.0,3.0
1.0,shandong,4.0,55.0,0.0,0.0,0.0,3025.0,1.0,9.0,9.6158724,0.0,0.0,216.0,9.6158724,4.0
0.0,shandong,4.0,35.0,0.0,0.0,1.0,1225.0,1.0,12.0,10.308986,1.0,0.0,216.0,10.819798,4.0
1.0,shandong,4.0,46.0,0.0,0.0,1.0,2116.0,1.0,9.0,10.085851,0.0,0.0,216.0,11.289794,4.0
0.0,shandong,5.0,30.0,0.0,0.0,1.0,900.0,1.0,9.0,0.0,1.0,0.0,216.0,11.002116,5.0
0.0,shandong,4.0,65.0,0.0,0.0,1.0,4225.0,1.0,6.0,10.085851,0.0,0.0,216.0,10.308986,4.0
1.0,shandong,3.0,40.0,0.0,0.0,0.0,1600.0,1.0,9.0,,1.0,0.0,216.0,,4.0
1.0,shandong,2.0,64.0,0.0,0.0,0.0,4096.0,0.0,0.0,8.2943001,1.0,0.0,216.0,8.2943001,2.0
1.0,shandong,5.0,63.0,0.0,0.0,1.0,3969.0,1.0,9.0,10.308986,0.0,0.0,216.0,11.002116,5.0
1.0,shandong,4.0,38.0,0.0,0.0,1.0,1444.0,0.0,12.0,10.59666,0.0,1.0,216.0,11.002116,4.0
1.0,shandong,4.0,26.0,0.0,0.0,1.0,676.0,1.0,9.0,9.9035378,1.0,0.0,216.0,11.002116,3.0
1.0,shandong,3.0,63.0,0.0,0.0,1.0,3969.0,0.0,0.0,9.2104406,0.0,1.0,216.0,9.2104406,5.0
1.0,shandong,5.0,35.0,0.0,0.0,1.0,1225.0,1.0,6.0,0.0,1.0,0.0,216.0,10.819798,5.0
0.0,shandong,5.0,57.0,0.0,1.0,1.0,3249.0,0.0,9.0,10.819798,1.0,0.0,216.0,10.819798,5.0
1.0,shandong,4.0,36.0,3.4339871,0.0,1.0,1296.0,1.0,6.0,0.0,1.0,0.0,216.0,11.512936,3.0
1.0,shandong,2.0,40.0,0.0,0.0,1.0,1600.0,0.0,12.0,11.695255,0.0,0.0,216.0,10.819798,4.0
1.0,shandong,2.0,67.0,0.0,0.0,1.0,4489.0,1.0,9.0,,1.0,0.0,216.0,,4.0
1.0,shandong,4.0,62.0,4.3944492,0.0,1.0,3844.0,0.0,9.0,7.09091,1.0,0.0,216.0,11.002116,4.0
1.0,shandong,5.0,81.0,0.0,0.0,0.0,6561.0,1.0,0.0,0.0,1.0,0.0,216.0,0.0,2.0
1.0,shandong,4.0,56.0,3.0445225,0.0,1.0,3136.0,1.0,9.0,8.6996813,1.0,0.0,216.0,8.6996813,2.0
1.0,shandong,4.0,80.0,0.0,0.0,0.0,6400.0,1.0,6.0,8.8538084,1.0,0.0,216.0,8.8538084,2.0
1.0,shandong,4.0,49.0,0.0,0.0,1.0,2401.0,1.0,9.0,9.9035378,1.0,0.0,216.0,10.308986,4.0
1.0,shandong,5.0,53.0,0.0,0.0,1.0,2809.0,0.0,9.0,11.512936,1.0,0.0,216.0,11.512936,5.0
1.0,shandong,4.0,64.0,0.0,0.0,1.0,4096.0,1.0,0.0,7.3138866,1.0,0.0,216.0,11.289794,3.0
0.0,shandong,4.0,65.0,0.0,0.0,1.0,4225.0,0.0,12.0,8.6996813,1.0,1.0,216.0,8.6996813,4.0
0.0,shandong,5.0,40.0,0.0,0.0,1.0,1600.0,1.0,9.0,9.2104406,1.0,0.0,216.0,10.59666,5.0
0.0,shandong,5.0,85.0,0.0,1.0,0.0,7225.0,1.0,0.0,8.412055,1.0,0.0,216.0,8.412055,2.0
0.0,shandong,4.0,38.0,0.0,0.0,1.0,1444.0,1.0,0.0,9.2104406,1.0,0.0,216.0,10.126671,2.0
0.0,shandong,2.0,40.0,0.0,0.0,1.0,1600.0,1.0,6.0,11.002116,1.0,0.0,216.0,12.206078,2.0
0.0,shandong,5.0,24.0,0.0,0.0,1.0,576.0,1.0,9.0,0.0,1.0,0.0,216.0,9.6158724,5.0
0.0,shandong,4.0,88.0,0.0,1.0,0.0,7744.0,0.0,6.0,0.0,1.0,0.0,216.0,9.2104406,2.0
0.0,shandong,3.0,59.0,0.0,1.0,1.0,3481.0,1.0,0.0,6.2166061,1.0,0.0,216.0,7.6014023,3.0
1.0,shandong,4.0,60.0,0.0,0.0,1.0,3600.0,1.0,0.0,9.2104406,1.0,0.0,216.0,10.778977,4.0
1.0,shandong,5.0,47.0,0.0,0.0,1.0,2209.0,1.0,9.0,9.2104406,1.0,0.0,216.0,10.308986,5.0
1.0,shandong,4.0,22.0,2.3978953,0.0,0.0,484.0,0.0,12.0,9.2104406,0.0,0.0,216.0,11.512936,4.0
0.0,shandong,4.0,84.0,0.0,0.0,1.0,7056.0,0.0,2.0,7.6014023,1.0,0.0,216.0,8.0067005,2.0
0.0,shandong,4.0,49.0,5.3033047,0.0,1.0,2401.0,0.0,9.0,10.308986,1.0,0.0,216.0,10.463132,5.0
1.0,shandong,5.0,69.0,0.0,0.0,0.0,4761.0,0.0,6.0,7.09091,1.0,0.0,216.0,,1.0
0.0,shandong,4.0,63.0,0.0,0.0,1.0,3969.0,1.0,0.0,0.0,1.0,0.0,216.0,0.0,2.0
0.0,shandong,4.0,62.0,0.0,0.0,1.0,3844.0,0.0,0.0,11.512936,1.0,0.0,216.0,11.512936,4.0
0.0,shandong,5.0,60.0,0.0,0.0,1.0,3600.0,0.0,15.0,10.59666,0.0,1.0,216.0,10.59666,4.0
0.0,shandong,4.0,29.0,0.0,1.0,1.0,841.0,1.0,9.0,10.819798,1.0,0.0,216.0,11.512936,5.0
1.0,shandong,4.0,38.0,2.3978953,0.0,1.0,1444.0,1.0,9.0,9.392745,1.0,0.0,216.0,10.819798,3.0
1.0,shandong,4.0,51.0,0.0,0.0,1.0,2601.0,0.0,9.0,10.819798,1.0,0.0,216.0,11.002116,4.0
0.0,shandong,4.0,66.0,4.6151204,0.0,1.0,4356.0,0.0,9.0,0.0,1.0,0.0,216.0,0.0,4.0
0.0,shandong,3.0,62.0,0.0,0.0,1.0,3844.0,0.0,0.0,8.2943001,1.0,0.0,216.0,8.5173931,2.0
1.0,shandong,3.0,32.0,0.0,0.0,1.0,1024.0,1.0,12.0,10.71444,1.0,0.0,216.0,11.849405,4.0
0.0,shandong,5.0,46.0,0.0,0.0,1.0,2116.0,1.0,6.0,8.9873219,1.0,0.0,216.0,9.6804066,5.0
0.0,shandong,4.0,25.0,0.0,0.0,1.0,625.0,0.0,9.0,11.002116,1.0,0.0,216.0,11.002116,5.0
0.0,shandong,4.0,51.0,0.0,0.0,1.0,2601.0,0.0,12.0,,1.0,0.0,216.0,,3.0
0.0,shandong,4.0,67.0,0.0,0.0,1.0,4489.0,0.0,6.0,8.5173931,1.0,0.0,216.0,8.5173931,4.0
0.0,shandong,4.0,40.0,0.0,0.0,1.0,1600.0,1.0,9.0,9.9035378,1.0,0.0,216.0,9.9035378,3.0
1.0,shandong,4.0,58.0,0.0,0.0,1.0,3364.0,1.0,6.0,0.0,1.0,0.0,216.0,10.71444,2.0
1.0,shandong,4.0,66.0,0.0,0.0,1.0,4356.0,0.0,9.0,9.9035378,1.0,0.0,216.0,9.9035378,4.0
0.0,shandong,4.0,62.0,0.0,1.0,1.0,3844.0,0.0,9.0,6.5525079,1.0,0.0,216.0,9.2104406,3.0
1.0,shandong,2.0,67.0,0.0,0.0,1.0,4489.0,0.0,9.0,0.0,1.0,0.0,216.0,0.0,2.0
0.0,shandong,4.0,41.0,0.0,0.0,1.0,1681.0,0.0,9.0,11.002116,1.0,0.0,216.0,11.002116,4.0
0.0,shandong,4.0,43.0,0.0,0.0,1.0,1849.0,1.0,6.0,9.9035378,1.0,0.0,216.0,10.59666,4.0
1.0,shandong,4.0,37.0,0.0,0.0,1.0,1369.0,0.0,9.0,10.71444,1.0,0.0,216.0,10.819798,4.0
0.0,shandong,4.0,27.0,0.0,0.0,1.0,729.0,0.0,9.0,11.002116,1.0,0.0,216.0,11.002116,4.0
1.0,shandong,5.0,65.0,0.0,0.0,1.0,4225.0,0.0,9.0,8.2943001,1.0,0.0,216.0,8.6996813,3.0
0.0,shandong,5.0,52.0,0.0,1.0,1.0,2704.0,1.0,6.0,0.0,1.0,0.0,216.0,9.9035378,2.0
0.0,shandong,3.0,65.0,0.0,0.0,1.0,4225.0,1.0,0.0,8.0067005,1.0,0.0,216.0,9.6804066,2.0
0.0,shandong,4.0,85.0,0.0,1.0,0.0,7225.0,1.0,0.0,7.6014023,1.0,0.0,216.0,7.6014023,3.0
1.0,shandong,4.0,54.0,0.0,0.0,1.0,2916.0,0.0,9.0,10.463132,1.0,0.0,216.0,10.915107,4.0
1.0,shandong,3.0,50.0,3.4339871,0.0,1.0,2500.0,1.0,9.0,0.0,0.0,0.0,216.0,,4.0
0.0,shandong,4.0,57.0,0.0,0.0,1.0,3249.0,1.0,12.0,6.9087548,1.0,0.0,216.0,8.0067005,3.0
0.0,shandong,4.0,57.0,0.0,0.0,1.0,3249.0,1.0,15.0,11.002116,0.0,1.0,216.0,10.308986,4.0
1.0,shandong,4.0,40.0,0.0,0.0,1.0,1600.0,0.0,15.0,10.308986,0.0,0.0,216.0,9.9035378,3.0
1.0,shandong,3.0,39.0,0.0,0.0,1.0,1521.0,0.0,6.0,10.308986,1.0,0.0,216.0,10.819798,4.0
1.0,shandong,4.0,55.0,0.0,0.0,1.0,3025.0,0.0,9.0,9.9035378,1.0,0.0,216.0,10.308986,4.0
1.0,shandong,3.0,46.0,0.0,0.0,1.0,2116.0,1.0,9.0,10.645449,1.0,0.0,216.0,11.338584,2.0
0.0,shandong,5.0,76.0,0.0,0.0,0.0,5776.0,0.0,6.0,8.6996813,1.0,0.0,216.0,8.6996813,5.0
1.0,shandong,4.0,37.0,0.0,0.0,1.0,1369.0,1.0,16.0,10.819798,0.0,1.0,216.0,11.512936,5.0
1.0,shandong,5.0,46.0,0.0,0.0,1.0,2116.0,1.0,6.0,6.5525079,1.0,0.0,216.0,10.308986,4.0
0.0,shandong,1.0,55.0,0.0,0.0,1.0,3025.0,0.0,9.0,10.043293,1.0,0.0,216.0,10.043293,4.0
1.0,shandong,4.0,46.0,0.0,0.0,1.0,2116.0,0.0,9.0,9.9035378,0.0,1.0,216.0,10.308986,4.0
0.0,shandong,4.0,85.0,0.0,0.0,0.0,7225.0,1.0,6.0,7.09091,1.0,0.0,216.0,5.3033047,2.0
0.0,shandong,4.0,23.0,0.0,0.0,0.0,529.0,1.0,15.0,9.4727812,1.0,0.0,216.0,10.819798,5.0
0.0,shandong,4.0,58.0,0.0,0.0,1.0,3364.0,0.0,12.0,9.9035378,1.0,0.0,216.0,,5.0
1.0,shandong,4.0,27.0,3.713572,0.0,1.0,729.0,1.0,9.0,0.0,0.0,0.0,216.0,13.122365,5.0
0.0,shandong,5.0,70.0,0.0,0.0,1.0,4900.0,0.0,0.0,7.09091,1.0,0.0,216.0,10.463132,5.0
0.0,shandong,4.0,66.0,0.0,1.0,1.0,4356.0,1.0,0.0,0.0,1.0,0.0,216.0,,2.0
1.0,shandong,5.0,49.0,0.0,0.0,1.0,2401.0,0.0,9.0,11.512936,1.0,0.0,216.0,11.512936,4.0
0.0,shandong,4.0,75.0,0.0,0.0,0.0,5625.0,1.0,0.0,6.3985949,1.0,0.0,216.0,6.3985949,3.0
0.0,shandong,4.0,53.0,0.0,1.0,1.0,2809.0,1.0,6.0,9.6158724,1.0,0.0,216.0,9.9035378,4.0
0.0,shandong,4.0,78.0,0.0,0.0,0.0,6084.0,1.0,0.0,0.0,1.0,0.0,216.0,0.0,2.0
1.0,shandong,4.0,64.0,0.0,0.0,1.0,4096.0,1.0,0.0,6.9087548,1.0,0.0,216.0,8.6996813,4.0
1.0,shandong,4.0,40.0,0.0,0.0,1.0,1600.0,1.0,6.0,8.0067005,1.0,0.0,216.0,10.59666,5.0
1.0,shandong,4.0,53.0,0.0,0.0,1.0,2809.0,0.0,6.0,8.8538084,1.0,0.0,216.0,10.308986,3.0
1.0,shandong,2.0,55.0,0.0,0.0,1.0,3025.0,0.0,12.0,7.6014023,1.0,0.0,216.0,9.9035378,2.0
1.0,shandong,4.0,82.0,0.0,0.0,1.0,6724.0,0.0,9.0,7.7323694,1.0,0.0,216.0,8.4252968,3.0
0.0,shandong,4.0,66.0,0.0,0.0,1.0,4356.0,1.0,6.0,8.6996813,1.0,0.0,216.0,9.9035378,5.0
1.0,shandong,4.0,37.0,0.0,0.0,1.0,1369.0,0.0,9.0,10.308986,1.0,0.0,216.0,13.592368,4.0
0.0,shandong,4.0,55.0,0.0,0.0,1.0,3025.0,1.0,9.0,9.2104406,1.0,0.0,216.0,10.819798,2.0
1.0,shandong,3.0,47.0,0.0,0.0,1.0,2209.0,1.0,9.0,8.2943001,1.0,0.0,216.0,10.308986,5.0
0.0,shandong,4.0,34.0,0.0,0.0,1.0,1156.0,1.0,9.0,9.2104406,1.0,0.0,216.0,11.512936,3.0
0.0,shandong,4.0,67.0,0.0,0.0,1.0,4489.0,0.0,6.0,10.491302,0.0,0.0,216.0,10.491302,4.0
1.0,shandong,4.0,20.0,0.0,0.0,0.0,400.0,0.0,16.0,0.0,1.0,0.0,216.0,11.002116,3.0
0.0,shandong,5.0,62.0,0.0,0.0,1.0,3844.0,0.0,12.0,10.422311,0.0,0.0,216.0,10.778977,3.0
1.0,shandong,4.0,48.0,0.0,0.0,1.0,2304.0,1.0,12.0,10.308986,1.0,0.0,216.0,11.512936,4.0
1.0,shandong,2.0,37.0,0.0,0.0,1.0,1369.0,1.0,6.0,0.0,1.0,0.0,216.0,10.308986,5.0
0.0,shandong,4.0,42.0,0.0,0.0,1.0,1764.0,1.0,9.0,9.7981825,1.0,0.0,216.0,10.71444,5.0
0.0,shandong,4.0,31.0,0.0,0.0,1.0,961.0,1.0,15.0,10.308986,1.0,0.0,216.0,11.512936,5.0
0.0,shandong,4.0,44.0,0.0,0.0,1.0,1936.0,0.0,9.0,11.156265,1.0,0.0,216.0,11.512936,5.0
1.0,shandong,4.0,34.0,0.0,0.0,1.0,1156.0,1.0,9.0,9.9035378,1.0,0.0,216.0,11.156265,5.0
0.0,shandong,5.0,43.0,0.0,0.0,1.0,1849.0,1.0,12.0,10.308986,1.0,0.0,216.0,11.512936,5.0
1.0,shandong,4.0,88.0,0.0,0.0,1.0,7744.0,0.0,0.0,,1.0,0.0,216.0,,3.0
0.0,shandong,4.0,69.0,0.0,0.0,0.0,4761.0,1.0,6.0,8.0712185,1.0,0.0,216.0,8.412055,2.0
0.0,shandong,3.0,18.0,0.0,0.0,0.0,324.0,0.0,12.0,10.126671,1.0,0.0,216.0,11.156265,4.0
0.0,shandong,4.0,43.0,0.0,0.0,1.0,1849.0,1.0,9.0,9.2104406,1.0,0.0,216.0,11.002116,4.0
0.0,shandong,4.0,74.0,0.0,0.0,0.0,5476.0,0.0,6.0,7.6014023,1.0,0.0,216.0,8.0067005,2.0
0.0,shandong,3.0,72.0,1.7917595,0.0,1.0,5184.0,0.0,6.0,7.09091,1.0,0.0,216.0,7.7836404,4.0
0.0,henan,4.0,81.0,0.0,0.0,0.0,6561.0,1.0,6.0,6.8679743,1.0,0.0,198.0,,3.0
1.0,henan,4.0,56.0,0.0,0.0,1.0,3136.0,0.0,12.0,9.6158724,1.0,1.0,198.0,10.308986,5.0
0.0,henan,4.0,45.0,0.0,0.0,1.0,2025.0,1.0,9.0,7.6014023,1.0,0.0,198.0,7.6014023,4.0
1.0,henan,4.0,61.0,0.0,1.0,1.0,3721.0,0.0,9.0,9.9035378,1.0,0.0,198.0,11.512936,5.0
1.0,henan,4.0,77.0,0.0,0.0,0.0,5929.0,1.0,0.0,6.8679743,1.0,0.0,198.0,6.8679743,3.0
1.0,henan,4.0,60.0,0.0,0.0,1.0,3600.0,0.0,9.0,,1.0,0.0,198.0,11.002116,4.0
1.0,henan,2.0,77.0,0.0,0.0,1.0,5929.0,1.0,0.0,6.9087548,1.0,0.0,198.0,7.6014023,3.0
0.0,henan,2.0,70.0,0.0,0.0,0.0,4900.0,0.0,6.0,0.0,1.0,0.0,198.0,0.0,2.0
0.0,henan,4.0,51.0,0.0,0.0,1.0,2601.0,1.0,0.0,0.0,1.0,0.0,198.0,10.59666,4.0
0.0,henan,4.0,23.0,0.0,0.0,1.0,529.0,1.0,12.0,8.5173931,1.0,0.0,198.0,11.775297,4.0
1.0,henan,4.0,45.0,0.0,0.0,1.0,2025.0,0.0,9.0,10.308986,1.0,0.0,198.0,11.512936,4.0
0.0,henan,1.0,62.0,2.3025851,0.0,0.0,3844.0,0.0,9.0,8.0067005,1.0,0.0,198.0,9.9035378,4.0
1.0,henan,5.0,38.0,0.0,0.0,1.0,1444.0,1.0,15.0,9.9035378,0.0,0.0,198.0,11.289794,4.0
1.0,henan,4.0,50.0,0.0,1.0,1.0,2500.0,1.0,12.0,10.085851,0.0,0.0,198.0,,5.0
1.0,henan,4.0,41.0,0.0,0.0,1.0,1681.0,0.0,12.0,10.645449,1.0,1.0,198.0,10.645449,5.0
1.0,henan,4.0,45.0,0.0,0.0,1.0,2025.0,1.0,9.0,8.0067005,1.0,0.0,198.0,9.4727812,5.0
0.0,henan,4.0,62.0,0.0,0.0,1.0,3844.0,1.0,0.0,6.9087548,1.0,0.0,198.0,9.9035378,3.0
0.0,henan,4.0,24.0,0.0,0.0,1.0,576.0,1.0,9.0,9.1050911,1.0,0.0,198.0,9.2104406,5.0
1.0,henan,4.0,40.0,2.7725887,0.0,1.0,1600.0,1.0,12.0,9.9035378,0.0,0.0,198.0,11.156265,5.0
0.0,henan,4.0,60.0,0.0,0.0,1.0,3600.0,0.0,12.0,9.9035378,1.0,0.0,198.0,11.512936,4.0
1.0,henan,3.0,67.0,0.0,0.0,1.0,4489.0,1.0,0.0,6.5806394,1.0,0.0,198.0,,2.0
1.0,henan,5.0,48.0,3.713572,0.0,1.0,2304.0,1.0,6.0,10.463132,1.0,0.0,198.0,11.350418,5.0
1.0,henan,4.0,55.0,2.7725887,0.0,1.0,3025.0,1.0,6.0,8.5173931,1.0,0.0,198.0,10.308986,3.0
0.0,henan,4.0,63.0,0.0,0.0,1.0,3969.0,1.0,0.0,7.6014023,1.0,0.0,198.0,8.9873219,2.0
1.0,henan,4.0,73.0,0.0,0.0,1.0,5329.0,0.0,6.0,10.308986,0.0,1.0,198.0,10.308986,3.0
0.0,henan,5.0,62.0,0.0,0.0,1.0,3844.0,1.0,0.0,7.5812097,1.0,0.0,198.0,7.5812097,3.0
1.0,henan,4.0,65.0,0.0,0.0,0.0,4225.0,1.0,12.0,9.4727812,0.0,0.0,198.0,10.819798,3.0
1.0,henan,4.0,40.0,0.0,0.0,1.0,1600.0,1.0,15.0,10.819798,0.0,0.0,198.0,11.289794,4.0
0.0,henan,4.0,60.0,0.0,0.0,0.0,3600.0,1.0,6.0,7.6014023,1.0,0.0,198.0,10.308986,4.0
1.0,henan,4.0,52.0,0.0,0.0,1.0,2704.0,1.0,9.0,0.0,0.0,0.0,198.0,9.2104406,3.0
1.0,henan,3.0,46.0,0.0,0.0,1.0,2116.0,1.0,9.0,9.2104406,1.0,0.0,198.0,9.2104406,4.0
0.0,henan,3.0,48.0,0.0,0.0,1.0,2304.0,1.0,0.0,6.9087548,1.0,0.0,198.0,,5.0
1.0,henan,4.0,68.0,0.0,0.0,1.0,4624.0,0.0,0.0,7.6014023,1.0,0.0,198.0,8.1608038,4.0
0.0,henan,4.0,66.0,0.0,0.0,1.0,4356.0,1.0,6.0,,1.0,0.0,198.0,,2.0
0.0,henan,4.0,24.0,0.0,0.0,1.0,576.0,1.0,9.0,9.2104406,1.0,0.0,198.0,10.308986,4.0
0.0,henan,4.0,51.0,0.0,0.0,1.0,2601.0,0.0,9.0,9.2104406,1.0,0.0,198.0,10.308986,5.0
1.0,henan,5.0,76.0,0.0,0.0,1.0,5776.0,1.0,9.0,0.0,1.0,1.0,198.0,,2.0
1.0,henan,5.0,39.0,1.7917595,0.0,1.0,1521.0,1.0,9.0,9.9035378,0.0,0.0,198.0,10.085851,5.0
0.0,henan,4.0,56.0,0.0,0.0,1.0,3136.0,1.0,9.0,7.6014023,1.0,0.0,198.0,9.9035378,4.0
0.0,henan,5.0,23.0,0.0,0.0,0.0,529.0,0.0,12.0,11.002116,1.0,0.0,198.0,11.512936,4.0
1.0,henan,4.0,71.0,0.0,0.0,0.0,5041.0,1.0,12.0,10.085851,0.0,0.0,198.0,11.472114,3.0
0.0,henan,4.0,30.0,0.0,0.0,1.0,900.0,1.0,9.0,0.0,1.0,0.0,198.0,11.918397,4.0
1.0,henan,4.0,49.0,2.7725887,0.0,1.0,2401.0,1.0,0.0,9.2104406,1.0,0.0,198.0,9.9035378,4.0
1.0,henan,5.0,47.0,3.4339871,0.0,1.0,2209.0,0.0,12.0,10.308986,0.0,1.0,198.0,11.156265,4.0
0.0,henan,3.0,47.0,0.0,0.0,1.0,2209.0,1.0,0.0,0.0,1.0,0.0,198.0,,3.0
1.0,henan,5.0,69.0,0.0,0.0,1.0,4761.0,1.0,9.0,9.9035378,0.0,0.0,198.0,11.156265,2.0
1.0,henan,3.0,44.0,0.0,0.0,1.0,1936.0,1.0,9.0,10.203629,1.0,0.0,198.0,10.819798,3.0
0.0,henan,4.0,98.0,0.0,0.0,0.0,9604.0,0.0,0.0,0.0,1.0,0.0,198.0,0.0,3.0
1.0,henan,4.0,19.0,0.0,0.0,0.0,361.0,0.0,12.0,,0.0,0.0,198.0,12.206078,5.0
1.0,henan,4.0,19.0,0.0,0.0,0.0,361.0,0.0,16.0,7.6014023,0.0,0.0,198.0,12.206078,5.0
1.0,henan,4.0,72.0,0.0,0.0,1.0,5184.0,0.0,6.0,9.9035378,1.0,0.0,198.0,10.308986,3.0
0.0,henan,4.0,55.0,0.0,0.0,0.0,3025.0,0.0,9.0,9.6158724,1.0,0.0,198.0,9.9035378,4.0
1.0,henan,4.0,67.0,0.0,0.0,0.0,4489.0,1.0,6.0,6.8679743,1.0,0.0,198.0,10.59666,2.0
0.0,henan,4.0,40.0,2.3978953,0.0,1.0,1600.0,1.0,0.0,8.0096951,1.0,0.0,198.0,10.59666,4.0
1.0,henan,4.0,22.0,0.0,0.0,0.0,484.0,0.0,16.0,0.0,1.0,0.0,198.0,10.308986,4.0
1.0,henan,4.0,50.0,0.0,0.0,1.0,2500.0,1.0,9.0,9.9988432,0.0,0.0,198.0,10.819798,3.0
0.0,henan,4.0,30.0,0.0,0.0,1.0,900.0,1.0,9.0,0.0,1.0,0.0,198.0,10.819798,5.0
0.0,henan,4.0,30.0,3.0445225,0.0,1.0,900.0,1.0,9.0,0.0,1.0,0.0,198.0,9.9035378,3.0
0.0,henan,5.0,68.0,0.0,0.0,1.0,4624.0,1.0,6.0,6.3985949,1.0,0.0,198.0,7.09091,3.0
1.0,henan,4.0,61.0,0.0,0.0,1.0,3721.0,1.0,12.0,7.6014023,1.0,0.0,198.0,8.2943001,2.0
1.0,henan,4.0,54.0,0.0,0.0,1.0,2916.0,1.0,12.0,10.308986,0.0,0.0,198.0,10.819798,4.0
1.0,henan,3.0,35.0,0.0,0.0,0.0,1225.0,1.0,16.0,10.59666,0.0,0.0,198.0,10.59666,5.0
1.0,henan,4.0,46.0,0.0,0.0,1.0,2116.0,0.0,12.0,10.085851,0.0,0.0,198.0,10.819798,4.0
0.0,henan,4.0,36.0,0.0,0.0,1.0,1296.0,1.0,6.0,0.0,1.0,0.0,198.0,9.9035378,4.0
0.0,henan,4.0,62.0,0.0,0.0,1.0,3844.0,1.0,0.0,0.0,1.0,0.0,198.0,7.6014023,4.0
0.0,henan,4.0,73.0,0.0,0.0,0.0,5329.0,0.0,6.0,6.5806394,1.0,0.0,198.0,6.5806394,4.0
0.0,henan,4.0,26.0,2.9444389,0.0,1.0,676.0,0.0,9.0,10.668979,1.0,0.0,198.0,10.819798,5.0
1.0,henan,4.0,47.0,0.0,0.0,1.0,2209.0,1.0,15.0,10.819798,0.0,0.0,198.0,11.918397,4.0
1.0,henan,4.0,64.0,0.0,0.0,1.0,4096.0,0.0,9.0,9.2104406,1.0,0.0,198.0,10.819798,5.0
1.0,henan,4.0,81.0,0.0,0.0,0.0,6561.0,1.0,0.0,0.0,1.0,0.0,198.0,8.6996813,2.0
0.0,henan,3.0,54.0,0.0,0.0,1.0,2916.0,1.0,9.0,9.2104406,1.0,0.0,198.0,9.9035378,3.0
1.0,henan,2.0,54.0,0.0,0.0,1.0,2916.0,1.0,9.0,8.2943001,1.0,0.0,198.0,8.2943001,3.0
1.0,henan,5.0,68.0,0.0,0.0,1.0,4624.0,1.0,6.0,6.8679743,1.0,0.0,198.0,11.002116,2.0
0.0,henan,4.0,44.0,0.0,0.0,1.0,1936.0,1.0,6.0,9.9035378,1.0,0.0,198.0,9.9035378,2.0
1.0,henan,4.0,30.0,0.69314718,0.0,1.0,900.0,0.0,12.0,0.0,0.0,0.0,198.0,9.9035378,4.0
1.0,henan,5.0,50.0,0.0,0.0,1.0,2500.0,1.0,9.0,10.308986,0.0,0.0,198.0,10.308986,4.0
1.0,henan,4.0,40.0,0.0,0.0,1.0,1600.0,1.0,12.0,9.9035378,0.0,0.0,198.0,10.819798,5.0
1.0,henan,4.0,19.0,0.0,0.0,0.0,361.0,1.0,12.0,0.0,0.0,0.0,198.0,9.9035378,5.0
1.0,henan,4.0,90.0,0.0,0.0,0.0,8100.0,1.0,0.0,,1.0,0.0,198.0,10.59666,4.0
1.0,henan,5.0,50.0,0.0,0.0,1.0,2500.0,1.0,12.0,0.0,0.0,0.0,198.0,10.819798,4.0
0.0,henan,2.0,54.0,0.0,0.0,1.0,2916.0,0.0,6.0,7.6014023,1.0,0.0,198.0,8.2943001,3.0
1.0,henan,4.0,60.0,0.0,0.0,1.0,3600.0,1.0,0.0,4.6151204,1.0,0.0,198.0,4.6151204,5.0
0.0,henan,4.0,33.0,0.0,0.0,1.0,1089.0,0.0,9.0,10.308986,1.0,0.0,198.0,11.002116,5.0
1.0,henan,4.0,28.0,0.0,0.0,1.0,784.0,1.0,9.0,0.0,1.0,0.0,198.0,10.819798,5.0
0.0,henan,4.0,65.0,0.0,0.0,0.0,4225.0,1.0,0.0,8.5173931,1.0,0.0,198.0,,2.0
1.0,henan,3.0,57.0,0.0,0.0,1.0,3249.0,0.0,9.0,10.309286,1.0,0.0,198.0,10.308986,4.0
1.0,henan,4.0,31.0,5.0172796,0.0,1.0,961.0,1.0,9.0,0.0,1.0,0.0,198.0,10.59666,4.0
1.0,henan,5.0,55.0,0.0,0.0,1.0,3025.0,0.0,12.0,10.59666,0.0,1.0,198.0,11.002116,5.0
0.0,henan,4.0,44.0,1.7917595,0.0,1.0,1936.0,1.0,6.0,7.6014023,1.0,0.0,198.0,8.9873219,4.0
1.0,henan,4.0,26.0,0.0,0.0,0.0,676.0,0.0,15.0,10.819798,1.0,0.0,198.0,,5.0
1.0,henan,2.0,45.0,0.0,0.0,1.0,2025.0,0.0,12.0,7.6014023,1.0,0.0,198.0,10.915107,2.0
0.0,henan,4.0,44.0,0.0,0.0,1.0,1936.0,0.0,12.0,8.0067005,1.0,0.0,198.0,9.9035378,3.0
1.0,henan,5.0,18.0,0.0,0.0,0.0,324.0,1.0,16.0,0.0,0.0,0.0,198.0,11.695255,5.0
0.0,henan,2.0,65.0,1.7917595,0.0,0.0,4225.0,1.0,0.0,,1.0,0.0,198.0,,2.0
0.0,henan,4.0,61.0,0.0,0.0,1.0,3721.0,0.0,9.0,9.2104406,1.0,0.0,198.0,10.308986,3.0
1.0,henan,4.0,82.0,0.0,0.0,1.0,6724.0,0.0,12.0,10.308986,0.0,1.0,198.0,10.819798,3.0
0.0,henan,5.0,74.0,0.0,0.0,0.0,5476.0,0.0,0.0,8.2943001,1.0,0.0,198.0,10.126671,5.0
0.0,henan,2.0,55.0,0.0,0.0,1.0,3025.0,1.0,9.0,,1.0,0.0,198.0,9.9035378,4.0
1.0,henan,2.0,51.0,0.0,0.0,1.0,2601.0,1.0,6.0,8.5173931,1.0,0.0,198.0,8.2943001,3.0
0.0,henan,4.0,62.0,0.0,0.0,1.0,3844.0,1.0,0.0,9.2104406,1.0,0.0,198.0,10.308986,3.0
1.0,henan,4.0,60.0,0.0,0.0,1.0,3600.0,1.0,0.0,0.0,1.0,0.0,198.0,,4.0
0.0,henan,5.0,35.0,0.0,0.0,1.0,1225.0,0.0,12.0,9.9035378,1.0,0.0,198.0,10.308986,5.0
0.0,henan,4.0,70.0,0.0,0.0,1.0,4900.0,0.0,0.0,9.9035378,1.0,0.0,198.0,10.308986,2.0
1.0,henan,4.0,70.0,0.0,0.0,1.0,4900.0,1.0,12.0,10.085851,0.0,0.0,198.0,11.512936,4.0
1.0,henan,4.0,60.0,0.0,0.0,1.0,3600.0,1.0,0.0,,1.0,,198.0,11.512936,3.0
0.0,henan,2.0,47.0,0.0,0.0,1.0,2209.0,1.0,9.0,9.2104406,1.0,0.0,198.0,9.2104406,5.0
0.0,henan,5.0,28.0,0.0,1.0,0.0,784.0,1.0,6.0,8.5173931,1.0,0.0,198.0,10.71444,5.0
0.0,henan,4.0,63.0,0.0,0.0,1.0,3969.0,1.0,9.0,9.2104406,1.0,0.0,198.0,9.2104406,2.0
0.0,henan,4.0,67.0,0.0,0.0,1.0,4489.0,1.0,0.0,7.1708884,1.0,0.0,198.0,7.7836404,2.0
1.0,henan,1.0,49.0,0.0,0.0,1.0,2401.0,1.0,6.0,9.2104406,1.0,0.0,198.0,9.2104406,4.0
1.0,henan,4.0,56.0,1.3862944,0.0,1.0,3136.0,1.0,9.0,10.308986,0.0,0.0,198.0,11.002116,3.0
1.0,henan,4.0,28.0,0.0,0.0,1.0,784.0,1.0,15.0,10.308986,0.0,0.0,198.0,,5.0
1.0,henan,4.0,27.0,0.0,0.0,1.0,729.0,0.0,9.0,10.308986,1.0,0.0,198.0,10.308986,3.0
0.0,henan,4.0,51.0,1.7917595,0.0,1.0,2601.0,1.0,9.0,8.6996813,1.0,0.0,198.0,9.2104406,2.0
1.0,henan,4.0,80.0,0.0,0.0,0.0,6400.0,1.0,0.0,10.308986,0.0,0.0,198.0,10.308986,4.0
0.0,henan,5.0,21.0,0.0,0.0,0.0,441.0,1.0,12.0,0.0,1.0,0.0,198.0,10.59666,5.0
1.0,henan,2.0,72.0,0.0,0.0,1.0,5184.0,0.0,6.0,,1.0,0.0,198.0,,2.0
0.0,henan,4.0,68.0,0.0,0.0,1.0,4624.0,1.0,0.0,6.9087548,1.0,0.0,198.0,9.2104406,3.0
0.0,henan,5.0,85.0,0.0,0.0,1.0,7225.0,1.0,0.0,6.9087548,1.0,0.0,198.0,9.2104406,1.0
0.0,henan,5.0,38.0,0.0,0.0,1.0,1444.0,1.0,0.0,8.5173931,1.0,0.0,198.0,9.9035378,2.0
1.0,henan,4.0,52.0,0.0,0.0,1.0,2704.0,1.0,9.0,0.0,0.0,0.0,198.0,,4.0
1.0,henan,4.0,50.0,0.0,0.0,1.0,2500.0,0.0,12.0,9.2104406,0.0,0.0,198.0,9.2104406,4.0
0.0,henan,5.0,62.0,0.0,0.0,1.0,3844.0,0.0,6.0,7.9233484,1.0,0.0,198.0,7.9233484,5.0
1.0,henan,5.0,60.0,0.0,0.0,1.0,3600.0,1.0,12.0,10.085851,0.0,0.0,198.0,10.71444,5.0
1.0,henan,4.0,68.0,0.0,0.0,1.0,4624.0,1.0,9.0,0.0,1.0,0.0,198.0,10.308986,3.0
0.0,henan,1.0,46.0,0.0,0.0,1.0,2116.0,1.0,6.0,8.5173931,1.0,0.0,198.0,9.9035378,5.0
0.0,henan,4.0,65.0,3.4339871,0.0,1.0,4225.0,0.0,9.0,0.0,1.0,0.0,198.0,,5.0
0.0,henan,4.0,37.0,0.0,0.0,1.0,1369.0,1.0,12.0,7.09091,1.0,0.0,198.0,7.09091,5.0
0.0,henan,4.0,58.0,0.0,0.0,1.0,3364.0,1.0,6.0,8.0067005,1.0,0.0,198.0,9.9035378,3.0
1.0,henan,4.0,39.0,0.0,0.0,1.0,1521.0,0.0,9.0,10.819798,1.0,0.0,198.0,11.512936,5.0
1.0,henan,5.0,50.0,0.0,0.0,1.0,2500.0,1.0,9.0,,1.0,0.0,198.0,,4.0
1.0,henan,4.0,62.0,2.7725887,0.0,1.0,3844.0,0.0,12.0,11.082158,0.0,1.0,198.0,11.289794,3.0
0.0,henan,3.0,50.0,0.0,0.0,1.0,2500.0,1.0,0.0,0.0,1.0,0.0,198.0,0.0,5.0
1.0,henan,4.0,74.0,0.0,0.0,1.0,5476.0,1.0,0.0,8.8819752,1.0,0.0,198.0,10.308986,2.0
1.0,henan,3.0,26.0,0.0,0.0,1.0,676.0,1.0,12.0,0.0,1.0,0.0,198.0,11.289794,5.0
1.0,henan,2.0,78.0,0.0,1.0,1.0,6084.0,1.0,0.0,8.6996813,0.0,0.0,198.0,8.6996813,4.0
0.0,henan,3.0,40.0,0.0,0.0,1.0,1600.0,0.0,6.0,10.126671,1.0,0.0,198.0,9.9035378,5.0
0.0,henan,4.0,61.0,1.7917595,0.0,1.0,3721.0,0.0,0.0,8.0067005,1.0,0.0,198.0,9.2104406,4.0
1.0,henan,4.0,32.0,0.0,0.0,1.0,1024.0,1.0,12.0,0.0,1.0,0.0,198.0,11.512936,5.0
0.0,henan,2.0,56.0,0.0,0.0,1.0,3136.0,0.0,12.0,8.8538084,0.0,0.0,198.0,8.8538084,4.0
1.0,henan,4.0,64.0,0.0,0.0,1.0,4096.0,1.0,9.0,0.0,1.0,0.0,198.0,8.6996813,5.0
1.0,henan,4.0,56.0,0.0,0.0,1.0,3136.0,1.0,9.0,0.0,0.0,0.0,198.0,11.002116,4.0
0.0,henan,4.0,25.0,0.0,0.0,1.0,625.0,1.0,9.0,0.0,1.0,0.0,198.0,9.9035378,5.0
1.0,henan,3.0,27.0,3.4339871,0.0,1.0,729.0,1.0,6.0,0.0,1.0,0.0,198.0,10.308986,4.0
1.0,henan,4.0,40.0,0.0,0.0,1.0,1600.0,0.0,9.0,10.59666,1.0,0.0,198.0,11.608245,4.0
1.0,henan,4.0,80.0,0.0,0.0,1.0,6400.0,1.0,6.0,0.0,0.0,0.0,198.0,,4.0
1.0,henan,4.0,48.0,1.7917595,0.0,1.0,2304.0,1.0,12.0,10.308986,0.0,0.0,198.0,10.819798,4.0
1.0,henan,4.0,60.0,0.0,0.0,1.0,3600.0,0.0,9.0,9.2104406,0.0,0.0,198.0,9.9035378,5.0
1.0,henan,3.0,46.0,0.0,0.0,1.0,2116.0,0.0,15.0,10.491302,0.0,0.0,198.0,11.002116,2.0
1.0,henan,4.0,24.0,0.0,0.0,0.0,576.0,1.0,16.0,0.0,1.0,0.0,198.0,,5.0
0.0,henan,3.0,65.0,0.0,0.0,1.0,4225.0,1.0,6.0,7.6014023,1.0,0.0,198.0,8.2943001,1.0
1.0,henan,4.0,53.0,0.0,0.0,1.0,2809.0,1.0,9.0,0.0,1.0,0.0,198.0,10.819798,4.0
0.0,henan,4.0,71.0,0.0,0.0,1.0,5041.0,0.0,9.0,9.4727812,1.0,1.0,198.0,9.9035378,2.0
0.0,henan,4.0,67.0,0.0,0.0,0.0,4489.0,1.0,12.0,6.8679743,1.0,0.0,198.0,0.0,4.0
0.0,henan,4.0,58.0,0.0,0.0,1.0,3364.0,0.0,9.0,8.9873219,1.0,0.0,198.0,10.308986,4.0
0.0,henan,4.0,44.0,0.0,0.0,1.0,1936.0,1.0,6.0,0.0,1.0,0.0,198.0,9.9035378,2.0
1.0,henan,3.0,30.0,0.0,0.0,1.0,900.0,1.0,12.0,10.085851,1.0,0.0,198.0,11.512936,5.0
1.0,henan,4.0,50.0,0.0,0.0,1.0,2500.0,0.0,9.0,10.59666,0.0,0.0,198.0,10.819798,5.0
0.0,henan,2.0,55.0,0.0,0.0,1.0,3025.0,1.0,9.0,8.0067005,1.0,0.0,198.0,8.5173931,2.0
0.0,henan,2.0,46.0,0.0,0.0,1.0,2116.0,0.0,12.0,9.9035378,1.0,0.0,198.0,10.308986,4.0
0.0,henan,3.0,74.0,0.0,0.0,0.0,5476.0,1.0,0.0,6.8679743,1.0,0.0,198.0,6.8679743,4.0
0.0,henan,3.0,80.0,0.0,0.0,0.0,6400.0,1.0,0.0,6.8679743,1.0,0.0,198.0,9.3020992,2.0
1.0,henan,3.0,55.0,2.6390574,0.0,1.0,3025.0,0.0,12.0,10.59666,0.0,1.0,198.0,11.002116,4.0
1.0,henan,4.0,50.0,0.0,0.0,1.0,2500.0,0.0,12.0,,0.0,0.0,198.0,11.002116,3.0
1.0,henan,4.0,24.0,0.0,0.0,0.0,576.0,0.0,19.0,,0.0,0.0,198.0,11.289794,5.0
1.0,henan,4.0,45.0,0.0,0.0,1.0,2025.0,1.0,9.0,10.59666,0.0,0.0,198.0,11.002116,4.0
1.0,henan,5.0,48.0,2.7725887,0.0,1.0,2304.0,1.0,6.0,9.2104406,1.0,0.0,198.0,9.9035378,2.0
1.0,henan,2.0,44.0,0.0,0.0,1.0,1936.0,0.0,9.0,9.2104406,0.0,0.0,198.0,9.9035378,4.0
0.0,henan,4.0,54.0,0.0,0.0,1.0,2916.0,1.0,6.0,8.2943001,1.0,0.0,198.0,8.9873219,4.0
0.0,henan,4.0,63.0,2.7725887,0.0,1.0,3969.0,0.0,9.0,9.9504185,1.0,0.0,198.0,9.9952002,5.0
1.0,henan,4.0,50.0,2.7725887,0.0,1.0,2500.0,1.0,6.0,0.0,1.0,0.0,198.0,10.308986,4.0
0.0,henan,3.0,73.0,3.9318256,0.0,1.0,5329.0,1.0,6.0,8.0067005,1.0,0.0,198.0,8.0067005,4.0
1.0,henan,4.0,67.0,0.0,0.0,1.0,4489.0,1.0,0.0,8.0067005,1.0,0.0,198.0,8.0067005,3.0
1.0,henan,4.0,24.0,0.0,0.0,0.0,576.0,0.0,16.0,0.0,0.0,1.0,198.0,11.156265,5.0
1.0,henan,4.0,37.0,0.0,0.0,1.0,1369.0,1.0,12.0,10.59666,0.0,0.0,198.0,11.407576,5.0
1.0,henan,4.0,71.0,0.0,0.0,0.0,5041.0,1.0,6.0,0.0,1.0,0.0,198.0,,2.0
1.0,henan,3.0,20.0,0.0,0.0,0.0,400.0,1.0,15.0,0.0,1.0,0.0,198.0,10.59666,5.0
1.0,henan,4.0,50.0,0.0,0.0,1.0,2500.0,0.0,9.0,0.0,1.0,0.0,198.0,0.0,3.0
0.0,henan,4.0,35.0,3.713572,0.0,1.0,1225.0,0.0,9.0,10.778977,1.0,0.0,198.0,11.472114,5.0
1.0,henan,4.0,69.0,0.0,0.0,1.0,4761.0,1.0,6.0,6.5806394,1.0,0.0,198.0,9.9035378,2.0
1.0,henan,4.0,67.0,0.0,0.0,1.0,4489.0,0.0,6.0,0.0,1.0,0.0,198.0,6.9087548,4.0
0.0,henan,3.0,62.0,0.0,0.0,1.0,3844.0,0.0,6.0,8.0067005,1.0,0.0,198.0,8.5173931,3.0
1.0,henan,4.0,70.0,0.0,0.0,0.0,4900.0,1.0,0.0,6.8035054,1.0,0.0,198.0,11.156265,3.0
1.0,henan,4.0,38.0,0.0,0.0,1.0,1444.0,1.0,15.0,10.126671,0.0,0.0,198.0,11.002116,5.0
0.0,henan,4.0,85.0,0.0,0.0,0.0,7225.0,0.0,0.0,6.5806394,1.0,0.0,198.0,11.512936,3.0
0.0,henan,4.0,66.0,0.0,0.0,1.0,4356.0,1.0,0.0,8.5173931,1.0,0.0,198.0,9.2104406,4.0
1.0,henan,5.0,85.0,0.0,0.0,0.0,7225.0,1.0,9.0,10.819798,0.0,0.0,198.0,11.512936,4.0
1.0,henan,4.0,49.0,3.4339871,0.0,1.0,2401.0,1.0,9.0,,1.0,0.0,198.0,10.819798,4.0
0.0,henan,4.0,61.0,2.7725887,0.0,1.0,3721.0,1.0,0.0,9.2104406,1.0,0.0,198.0,9.2104406,4.0
0.0,henan,4.0,27.0,0.0,0.0,1.0,729.0,1.0,12.0,0.0,1.0,0.0,198.0,10.71444,5.0
0.0,henan,3.0,66.0,0.0,0.0,1.0,4356.0,0.0,0.0,6.9087548,1.0,0.0,198.0,7.6014023,3.0
1.0,henan,4.0,51.0,0.0,0.0,1.0,2601.0,0.0,16.0,11.225257,0.0,1.0,198.0,12.206078,5.0
0.0,henan,4.0,32.0,0.0,0.0,1.0,1024.0,0.0,6.0,10.308986,1.0,0.0,198.0,11.002116,5.0
0.0,henan,4.0,68.0,0.0,0.0,0.0,4624.0,0.0,9.0,6.5806394,1.0,0.0,198.0,9.9035378,5.0
0.0,henan,5.0,71.0,0.0,0.0,0.0,5041.0,1.0,6.0,6.8679743,1.0,0.0,198.0,,4.0
1.0,henan,3.0,82.0,0.0,0.0,0.0,6724.0,1.0,0.0,6.8679743,1.0,0.0,198.0,6.8679743,5.0
1.0,henan,3.0,80.0,0.0,0.0,0.0,6400.0,1.0,12.0,9.9035378,0.0,0.0,198.0,9.9035378,4.0
1.0,henan,2.0,54.0,0.0,0.0,1.0,2916.0,0.0,9.0,8.9873219,1.0,0.0,198.0,,2.0
1.0,henan,4.0,76.0,0.0,0.0,1.0,5776.0,0.0,16.0,10.778977,0.0,1.0,198.0,11.338584,3.0
0.0,henan,2.0,77.0,0.0,0.0,0.0,5929.0,0.0,0.0,8.2943001,1.0,0.0,198.0,8.2943001,2.0
1.0,henan,5.0,29.0,0.0,0.0,1.0,841.0,0.0,9.0,11.512936,0.0,0.0,198.0,,3.0
0.0,henan,4.0,70.0,0.0,0.0,1.0,4900.0,1.0,0.0,6.8679743,1.0,0.0,198.0,7.6014023,4.0
0.0,henan,4.0,47.0,0.0,0.0,1.0,2209.0,1.0,6.0,0.0,1.0,0.0,198.0,9.2104406,4.0
0.0,henan,5.0,64.0,0.0,0.0,1.0,4096.0,0.0,12.0,8.5173931,1.0,0.0,198.0,9.2104406,3.0
0.0,henan,4.0,27.0,0.0,0.0,1.0,729.0,0.0,15.0,10.819798,1.0,0.0,198.0,11.512936,5.0
0.0,henan,4.0,65.0,0.0,0.0,0.0,4225.0,1.0,0.0,7.6014023,1.0,0.0,198.0,7.6014023,3.0
0.0,henan,4.0,38.0,0.0,0.0,1.0,1444.0,1.0,0.0,0.0,1.0,0.0,198.0,8.0067005,3.0
1.0,henan,5.0,64.0,0.0,0.0,1.0,4096.0,1.0,6.0,8.7797117,0.0,0.0,198.0,10.126671,5.0
0.0,henan,5.0,53.0,0.0,0.0,1.0,2809.0,1.0,9.0,7.6014023,1.0,0.0,198.0,10.126671,2.0
1.0,henan,4.0,42.0,2.0794415,0.0,1.0,1764.0,1.0,12.0,9.9035378,0.0,0.0,198.0,10.308986,5.0
0.0,henan,4.0,57.0,0.0,0.0,1.0,3249.0,1.0,9.0,0.0,1.0,0.0,198.0,8.5173931,4.0
1.0,henan,4.0,21.0,0.0,0.0,1.0,441.0,0.0,9.0,11.002116,1.0,0.0,198.0,11.002116,5.0
0.0,henan,5.0,26.0,0.0,0.0,1.0,676.0,1.0,12.0,0.0,1.0,0.0,198.0,10.819798,5.0
0.0,henan,2.0,48.0,0.0,0.0,1.0,2304.0,0.0,6.0,9.9035378,1.0,0.0,198.0,9.9035378,4.0
0.0,henan,4.0,32.0,2.3978953,0.0,1.0,1024.0,1.0,6.0,,1.0,0.0,198.0,10.308986,4.0
1.0,henan,4.0,35.0,0.0,0.0,1.0,1225.0,1.0,6.0,0.0,1.0,0.0,198.0,11.289794,4.0
0.0,henan,2.0,42.0,0.0,0.0,1.0,1764.0,1.0,0.0,9.2104406,1.0,0.0,198.0,9.9035378,5.0
1.0,henan,4.0,60.0,0.0,0.0,1.0,3600.0,0.0,12.0,9.2104406,1.0,0.0,198.0,9.9035378,2.0
0.0,henan,2.0,66.0,0.0,0.0,1.0,4356.0,0.0,0.0,10.59666,1.0,0.0,198.0,10.59666,2.0
0.0,henan,4.0,50.0,0.0,0.0,1.0,2500.0,0.0,9.0,8.5173931,1.0,0.0,198.0,9.2104406,4.0
0.0,henan,4.0,56.0,0.0,0.0,1.0,3136.0,1.0,0.0,,1.0,0.0,198.0,,4.0
1.0,henan,4.0,24.0,0.0,0.0,1.0,576.0,1.0,9.0,0.0,1.0,0.0,198.0,11.512936,4.0
1.0,henan,4.0,37.0,0.0,0.0,1.0,1369.0,0.0,6.0,9.7981825,1.0,0.0,198.0,9.7981825,4.0
1.0,henan,5.0,45.0,0.0,0.0,1.0,2025.0,0.0,16.0,11.512936,0.0,1.0,198.0,11.512936,3.0
0.0,henan,4.0,68.0,0.0,0.0,1.0,4624.0,1.0,0.0,7.4506607,1.0,0.0,198.0,9.9374542,2.0
1.0,henan,4.0,63.0,0.0,0.0,1.0,3969.0,0.0,9.0,6.9087548,1.0,0.0,198.0,8.0067005,5.0
1.0,henan,4.0,51.0,0.0,0.0,1.0,2601.0,1.0,6.0,9.6158724,1.0,1.0,198.0,12.206078,4.0
1.0,henan,5.0,40.0,0.0,0.0,1.0,1600.0,0.0,12.0,10.308986,0.0,0.0,198.0,11.002116,4.0
0.0,henan,4.0,85.0,1.3862944,0.0,0.0,7225.0,0.0,0.0,6.9087548,1.0,0.0,198.0,6.9087548,4.0
1.0,henan,4.0,43.0,0.0,0.0,1.0,1849.0,1.0,12.0,10.59666,0.0,1.0,198.0,11.289794,4.0
1.0,henan,4.0,36.0,0.69314718,0.0,1.0,1296.0,0.0,6.0,10.308986,1.0,0.0,198.0,0.0,4.0
1.0,henan,4.0,76.0,0.0,0.0,1.0,5776.0,0.0,9.0,10.308986,0.0,1.0,198.0,11.002116,2.0
0.0,henan,4.0,56.0,0.0,0.0,1.0,3136.0,1.0,9.0,10.126671,1.0,0.0,198.0,10.126671,4.0
0.0,henan,4.0,70.0,0.0,0.0,1.0,4900.0,0.0,6.0,0.0,1.0,0.0,198.0,,2.0
0.0,henan,4.0,54.0,0.0,0.0,1.0,2916.0,1.0,9.0,7.6014023,1.0,0.0,198.0,10.59666,4.0
0.0,henan,4.0,72.0,0.0,0.0,1.0,5184.0,1.0,6.0,0.0,1.0,0.0,198.0,10.308986,1.0
1.0,henan,4.0,30.0,0.0,0.0,1.0,900.0,0.0,9.0,10.819798,1.0,0.0,198.0,11.512936,4.0
1.0,henan,4.0,20.0,3.0445225,0.0,0.0,400.0,0.0,15.0,7.9377317,0.0,0.0,198.0,11.289794,5.0
1.0,henan,4.0,44.0,3.0445225,0.0,1.0,1936.0,1.0,9.0,0.0,1.0,0.0,198.0,11.002116,5.0
1.0,henan,5.0,39.0,0.0,0.0,1.0,1521.0,1.0,0.0,9.9233389,1.0,0.0,198.0,9.9523249,5.0
1.0,henan,4.0,74.0,1.7917595,0.0,1.0,5476.0,1.0,12.0,10.085851,0.0,0.0,198.0,,2.0
0.0,henan,4.0,55.0,3.0445225,0.0,1.0,3025.0,1.0,9.0,0.0,1.0,0.0,198.0,8.6996813,2.0
1.0,henan,4.0,45.0,0.0,0.0,1.0,2025.0,0.0,9.0,10.308986,1.0,0.0,198.0,10.819798,5.0
1.0,henan,5.0,77.0,0.0,0.0,1.0,5929.0,0.0,12.0,10.59666,0.0,0.0,198.0,10.778977,4.0
1.0,henan,4.0,28.0,0.0,0.0,1.0,784.0,1.0,16.0,10.819798,0.0,1.0,198.0,11.695255,5.0
0.0,henan,4.0,61.0,0.0,0.0,1.0,3721.0,0.0,9.0,8.0067005,1.0,0.0,198.0,9.9035378,2.0
0.0,henan,4.0,53.0,1.7917595,0.0,1.0,2809.0,1.0,6.0,8.0067005,1.0,0.0,198.0,8.6996813,4.0
0.0,henan,4.0,40.0,2.3978953,0.0,1.0,1600.0,0.0,12.0,11.002116,0.0,0.0,198.0,11.512936,3.0
0.0,henan,4.0,25.0,3.4339871,0.0,1.0,625.0,1.0,9.0,0.0,1.0,0.0,198.0,9.9035378,5.0
0.0,henan,4.0,18.0,0.0,0.0,0.0,324.0,1.0,9.0,0.0,1.0,0.0,198.0,11.695255,4.0
0.0,henan,4.0,75.0,0.0,0.0,1.0,5625.0,1.0,0.0,0.0,1.0,0.0,198.0,9.9035378,2.0
1.0,henan,4.0,29.0,0.0,0.0,1.0,841.0,1.0,12.0,9.2104406,1.0,0.0,198.0,10.308986,4.0
0.0,henan,4.0,70.0,0.0,0.0,0.0,4900.0,1.0,6.0,6.9087548,1.0,0.0,198.0,,3.0
1.0,henan,4.0,40.0,0.0,0.0,1.0,1600.0,1.0,16.0,10.819798,0.0,0.0,198.0,11.156265,3.0
0.0,henan,1.0,83.0,0.0,0.0,1.0,6889.0,1.0,0.0,6.8679743,1.0,0.0,198.0,7.5606012,2.0
0.0,henan,4.0,18.0,0.0,0.0,0.0,324.0,0.0,12.0,10.59666,1.0,0.0,198.0,10.819798,5.0
0.0,henan,4.0,33.0,2.7725887,1.0,1.0,1089.0,1.0,9.0,9.392745,1.0,0.0,198.0,10.859018,4.0
1.0,henan,4.0,67.0,0.0,0.0,0.0,4489.0,1.0,9.0,9.392745,1.0,0.0,198.0,9.3057413,4.0
1.0,henan,5.0,62.0,0.69314718,0.0,1.0,3844.0,0.0,15.0,10.491302,0.0,0.0,198.0,10.778977,4.0
1.0,henan,4.0,60.0,0.0,0.0,0.0,3600.0,0.0,6.0,10.085851,0.0,0.0,198.0,13.815111,2.0
0.0,henan,5.0,76.0,0.0,0.0,1.0,5776.0,0.0,6.0,9.2104406,1.0,0.0,198.0,9.2104406,3.0
1.0,henan,4.0,35.0,0.0,0.0,1.0,1225.0,0.0,16.0,10.308986,0.0,1.0,198.0,11.002116,5.0
1.0,henan,4.0,28.0,0.0,0.0,1.0,784.0,1.0,12.0,10.819798,0.0,0.0,198.0,13.122365,4.0
1.0,henan,4.0,44.0,0.0,0.0,1.0,1936.0,1.0,6.0,0.0,1.0,0.0,198.0,11.002116,4.0
1.0,henan,5.0,34.0,0.0,0.0,1.0,1156.0,1.0,6.0,0.0,1.0,0.0,198.0,,5.0
0.0,henan,2.0,68.0,0.0,0.0,1.0,4624.0,0.0,0.0,8.5173931,1.0,0.0,198.0,8.5173931,4.0
1.0,henan,4.0,29.0,0.0,0.0,1.0,841.0,0.0,15.0,11.156265,1.0,0.0,198.0,11.512936,5.0
1.0,henan,4.0,60.0,3.0445225,0.0,1.0,3600.0,0.0,15.0,10.308986,0.0,1.0,198.0,11.512936,4.0
0.0,henan,2.0,29.0,0.0,0.0,1.0,841.0,0.0,9.0,10.819798,1.0,0.0,198.0,10.819798,4.0
1.0,henan,4.0,59.0,0.0,0.0,1.0,3481.0,0.0,6.0,10.59666,1.0,0.0,198.0,11.289794,3.0
1.0,henan,2.0,77.0,0.0,0.0,0.0,5929.0,1.0,0.0,6.8679743,1.0,0.0,198.0,6.8679743,2.0
0.0,henan,4.0,81.0,0.0,0.0,0.0,6561.0,1.0,0.0,0.0,1.0,0.0,198.0,8.5173931,3.0
0.0,henan,4.0,52.0,0.0,0.0,1.0,2704.0,1.0,9.0,0.0,1.0,0.0,198.0,9.2104406,3.0
1.0,henan,2.0,83.0,0.0,1.0,1.0,6889.0,0.0,9.0,6.5806394,1.0,0.0,198.0,7.2730927,1.0
1.0,henan,3.0,52.0,0.0,0.0,1.0,2704.0,0.0,12.0,10.59666,0.0,0.0,198.0,11.002116,4.0
1.0,henan,4.0,22.0,3.713572,0.0,0.0,484.0,0.0,16.0,,1.0,0.0,198.0,11.695255,5.0
1.0,henan,4.0,35.0,1.7917595,0.0,1.0,1225.0,0.0,9.0,10.819798,0.0,0.0,198.0,11.289794,5.0
0.0,henan,4.0,55.0,2.3978953,0.0,1.0,3025.0,0.0,9.0,9.392745,1.0,0.0,198.0,9.392745,4.0
0.0,henan,4.0,34.0,0.0,0.0,1.0,1156.0,1.0,9.0,8.5173931,1.0,0.0,198.0,9.2104406,5.0
1.0,henan,4.0,65.0,0.0,0.0,1.0,4225.0,1.0,0.0,6.9087548,1.0,0.0,198.0,10.819798,5.0
0.0,henan,4.0,40.0,4.5108595,0.0,1.0,1600.0,0.0,6.0,10.819798,1.0,0.0,198.0,10.819798,5.0
1.0,henan,4.0,56.0,0.0,0.0,1.0,3136.0,1.0,6.0,8.9873219,1.0,0.0,198.0,8.9873219,5.0
0.0,henan,2.0,41.0,0.0,0.0,1.0,1681.0,0.0,9.0,8.5173931,1.0,0.0,198.0,8.5173931,3.0
1.0,henan,4.0,43.0,0.0,0.0,1.0,1849.0,0.0,15.0,10.778977,0.0,1.0,198.0,11.289794,5.0
1.0,henan,4.0,65.0,0.0,0.0,1.0,4225.0,1.0,6.0,6.9087548,1.0,0.0,198.0,6.9087548,2.0
0.0,henan,2.0,45.0,0.0,0.0,1.0,2025.0,1.0,9.0,0.0,1.0,0.0,198.0,10.308986,3.0
0.0,henan,3.0,41.0,3.9318256,0.0,1.0,1681.0,1.0,6.0,7.6014023,1.0,0.0,198.0,9.9035378,4.0
1.0,henan,3.0,55.0,0.0,0.0,1.0,3025.0,0.0,12.0,0.0,1.0,0.0,198.0,10.463132,2.0
0.0,henan,2.0,84.0,0.0,0.0,0.0,7056.0,1.0,0.0,6.5806394,1.0,0.0,198.0,6.5806394,2.0
0.0,henan,5.0,38.0,5.7071104,0.0,1.0,1444.0,0.0,16.0,10.778977,1.0,0.0,198.0,11.407576,4.0
1.0,henan,2.0,40.0,0.0,0.0,1.0,1600.0,0.0,12.0,10.126671,0.0,0.0,198.0,10.126671,4.0
0.0,henan,1.0,70.0,0.0,0.0,0.0,4900.0,1.0,0.0,6.2166061,1.0,0.0,198.0,6.6214056,4.0
1.0,henan,4.0,35.0,0.0,0.0,1.0,1225.0,0.0,16.0,11.512936,0.0,1.0,198.0,11.918397,4.0
0.0,henan,5.0,74.0,0.0,0.0,1.0,5476.0,1.0,0.0,6.8679743,1.0,0.0,198.0,10.819798,2.0
0.0,henan,5.0,21.0,0.0,0.0,1.0,441.0,0.0,9.0,0.0,1.0,0.0,198.0,9.9035378,5.0
1.0,henan,4.0,52.0,0.0,0.0,1.0,2704.0,0.0,9.0,10.778977,0.0,1.0,198.0,11.512936,4.0
1.0,henan,5.0,29.0,0.0,0.0,1.0,841.0,0.0,15.0,10.819798,1.0,0.0,198.0,11.512936,5.0
1.0,henan,4.0,56.0,0.0,0.0,1.0,3136.0,1.0,15.0,11.156265,0.0,0.0,198.0,11.918397,3.0
1.0,henan,2.0,50.0,0.0,0.0,1.0,2500.0,1.0,6.0,9.9035378,1.0,0.0,198.0,10.308986,2.0
0.0,henan,4.0,68.0,0.0,0.0,0.0,4624.0,1.0,6.0,8.5173931,1.0,0.0,198.0,8.5173931,4.0
1.0,henan,4.0,78.0,0.0,0.0,0.0,6084.0,1.0,0.0,8.9620075,0.0,0.0,198.0,8.9620075,3.0
0.0,henan,4.0,26.0,0.0,0.0,1.0,676.0,1.0,9.0,0.0,1.0,0.0,198.0,,5.0
1.0,henan,3.0,69.0,0.0,0.0,1.0,4761.0,1.0,6.0,9.9035378,0.0,0.0,198.0,10.59666,3.0
1.0,henan,5.0,56.0,0.0,0.0,1.0,3136.0,0.0,15.0,10.308986,0.0,1.0,198.0,10.308986,3.0
1.0,henan,4.0,82.0,0.0,0.0,0.0,6724.0,1.0,0.0,6.9087548,1.0,0.0,198.0,6.8679743,3.0
1.0,henan,4.0,43.0,0.0,0.0,1.0,1849.0,1.0,9.0,10.308986,0.0,0.0,198.0,10.819798,4.0
0.0,henan,4.0,22.0,5.0172796,0.0,1.0,484.0,0.0,9.0,10.819798,1.0,0.0,198.0,11.289794,4.0
0.0,henan,3.0,60.0,0.0,0.0,1.0,3600.0,0.0,9.0,8.6996813,1.0,0.0,198.0,9.9035378,4.0
0.0,henan,4.0,48.0,0.0,0.0,1.0,2304.0,0.0,6.0,9.9035378,1.0,0.0,198.0,10.308986,4.0
0.0,henan,4.0,59.0,0.0,0.0,1.0,3481.0,1.0,2.0,8.0067005,1.0,0.0,198.0,9.2104406,5.0
1.0,henan,4.0,50.0,0.0,0.0,1.0,2500.0,1.0,9.0,9.9035378,1.0,0.0,198.0,11.775297,4.0
1.0,henan,4.0,65.0,0.0,0.0,1.0,4225.0,0.0,0.0,10.308986,1.0,0.0,198.0,8.0067005,4.0
0.0,henan,2.0,58.0,0.0,0.0,1.0,3364.0,0.0,9.0,9.2104406,1.0,0.0,198.0,9.2104406,5.0
0.0,henan,4.0,61.0,0.0,0.0,1.0,3721.0,1.0,0.0,0.0,1.0,0.0,198.0,10.308986,4.0
0.0,henan,3.0,37.0,0.0,0.0,1.0,1369.0,1.0,9.0,0.0,1.0,0.0,198.0,8.8538084,5.0
0.0,henan,4.0,46.0,0.0,0.0,1.0,2116.0,1.0,0.0,7.3138866,1.0,0.0,198.0,8.0067005,2.0
0.0,henan,4.0,62.0,0.0,0.0,1.0,3844.0,0.0,9.0,8.0067005,1.0,0.0,198.0,8.0067005,2.0
1.0,henan,3.0,50.0,5.0172796,0.0,1.0,2500.0,1.0,15.0,9.9035378,0.0,0.0,198.0,11.512936,3.0
0.0,henan,3.0,64.0,0.0,0.0,1.0,4096.0,1.0,0.0,7.1708884,1.0,0.0,198.0,,2.0
1.0,henan,4.0,37.0,0.0,0.0,1.0,1369.0,0.0,15.0,10.085851,0.0,1.0,198.0,10.59666,5.0
1.0,henan,5.0,46.0,0.0,0.0,1.0,2116.0,0.0,12.0,9.9035378,1.0,0.0,198.0,11.002116,5.0
0.0,henan,4.0,72.0,0.0,0.0,0.0,5184.0,1.0,6.0,6.8679743,1.0,0.0,198.0,9.2104406,3.0
1.0,henan,4.0,62.0,0.0,0.0,1.0,3844.0,1.0,12.0,10.308986,0.0,0.0,198.0,10.819798,5.0
1.0,henan,2.0,76.0,0.0,0.0,1.0,5776.0,1.0,6.0,9.5468836,0.0,0.0,198.0,10.308986,2.0
0.0,henan,2.0,55.0,1.7917595,0.0,1.0,3025.0,1.0,0.0,0.0,1.0,0.0,198.0,10.308986,2.0
0.0,henan,3.0,80.0,0.0,0.0,1.0,6400.0,1.0,0.0,6.5806394,1.0,0.0,198.0,6.5806394,3.0
1.0,henan,5.0,28.0,0.0,0.0,1.0,784.0,0.0,9.0,11.156265,1.0,0.0,198.0,11.289794,5.0
0.0,henan,4.0,53.0,1.9459101,0.0,0.0,2809.0,1.0,0.0,8.1608038,1.0,0.0,198.0,9.2104406,2.0
0.0,henan,3.0,70.0,0.0,0.0,1.0,4900.0,0.0,6.0,8.0067005,1.0,0.0,198.0,8.6996813,3.0
1.0,henan,4.0,59.0,0.0,0.0,1.0,3481.0,1.0,12.0,9.9035378,0.0,0.0,198.0,11.512936,3.0
1.0,henan,3.0,37.0,0.0,0.0,1.0,1369.0,0.0,9.0,11.512936,1.0,0.0,198.0,11.918397,4.0
0.0,henan,3.0,23.0,0.0,0.0,1.0,529.0,0.0,6.0,8.5173931,1.0,0.0,198.0,9.2104406,4.0
0.0,henan,4.0,72.0,0.0,0.0,0.0,5184.0,0.0,6.0,8.5173931,1.0,0.0,198.0,8.5173931,2.0
1.0,henan,4.0,71.0,0.0,0.0,1.0,5041.0,1.0,6.0,0.0,1.0,0.0,198.0,10.645449,4.0
1.0,henan,4.0,62.0,0.0,0.0,0.0,3844.0,1.0,0.0,9.9035378,1.0,0.0,198.0,9.9035378,4.0
1.0,henan,4.0,52.0,0.0,1.0,1.0,2704.0,1.0,9.0,0.0,1.0,0.0,198.0,9.6158724,2.0
0.0,henan,4.0,64.0,3.0445225,0.0,0.0,4096.0,1.0,6.0,6.9087548,1.0,0.0,198.0,11.156265,3.0
1.0,henan,5.0,74.0,0.0,0.0,0.0,5476.0,1.0,0.0,0.0,1.0,0.0,198.0,9.9035378,1.0
1.0,henan,4.0,18.0,0.0,0.0,0.0,324.0,0.0,12.0,0.0,0.0,0.0,198.0,11.512936,5.0
0.0,henan,4.0,69.0,2.7725887,0.0,1.0,4761.0,1.0,6.0,8.0067005,1.0,0.0,198.0,8.5173931,4.0
1.0,henan,5.0,53.0,0.0,0.0,1.0,2809.0,1.0,9.0,0.0,0.0,0.0,198.0,,3.0
0.0,henan,2.0,49.0,0.0,0.0,1.0,2401.0,0.0,6.0,7.6014023,1.0,0.0,198.0,7.6014023,5.0
0.0,henan,4.0,74.0,0.0,0.0,0.0,5476.0,1.0,6.0,6.8679743,1.0,0.0,198.0,6.8679743,2.0
0.0,henan,4.0,19.0,1.7917595,0.0,0.0,361.0,1.0,12.0,0.0,1.0,0.0,198.0,7.6014023,4.0
1.0,henan,4.0,39.0,0.0,0.0,1.0,1521.0,0.0,12.0,10.59666,0.0,1.0,198.0,11.002116,4.0
0.0,henan,2.0,73.0,0.0,0.0,1.0,5329.0,1.0,0.0,7.6014023,1.0,0.0,198.0,9.2104406,3.0
0.0,henan,4.0,21.0,0.0,0.0,0.0,441.0,0.0,16.0,0.0,1.0,0.0,198.0,10.59666,5.0
1.0,henan,4.0,86.0,1.7917595,0.0,1.0,7396.0,1.0,0.0,0.0,0.0,0.0,198.0,11.512936,2.0
1.0,henan,4.0,50.0,0.0,0.0,1.0,2500.0,0.0,12.0,10.308986,0.0,1.0,198.0,11.512936,5.0
0.0,henan,2.0,46.0,0.0,0.0,1.0,2116.0,1.0,6.0,9.6158724,1.0,0.0,198.0,10.308986,2.0
0.0,henan,5.0,78.0,0.0,0.0,1.0,6084.0,0.0,6.0,8.6996813,1.0,0.0,198.0,10.126671,2.0
0.0,henan,4.0,22.0,0.0,0.0,0.0,484.0,1.0,16.0,8.0067005,1.0,0.0,198.0,11.002116,3.0
1.0,henan,4.0,47.0,0.0,0.0,1.0,2209.0,1.0,12.0,10.308986,0.0,1.0,198.0,10.819798,5.0
1.0,henan,3.0,61.0,0.0,0.0,1.0,3721.0,0.0,16.0,10.59666,0.0,0.0,198.0,11.002116,3.0
1.0,henan,2.0,65.0,0.0,0.0,0.0,4225.0,1.0,0.0,0.0,1.0,0.0,198.0,0.0,5.0
0.0,henan,3.0,88.0,0.0,0.0,1.0,7744.0,0.0,0.0,6.8679743,1.0,0.0,198.0,7.5606012,3.0
0.0,henan,4.0,59.0,0.0,0.0,1.0,3481.0,1.0,12.0,0.0,1.0,0.0,198.0,8.0067005,2.0
1.0,henan,4.0,64.0,0.0,0.0,1.0,4096.0,1.0,0.0,8.9873219,1.0,0.0,198.0,8.9873219,2.0
0.0,henan,4.0,48.0,0.0,0.0,1.0,2304.0,1.0,0.0,8.5173931,1.0,0.0,198.0,9.2104406,2.0
0.0,henan,4.0,30.0,3.4339871,0.0,1.0,900.0,0.0,6.0,10.463132,1.0,0.0,198.0,,5.0
1.0,henan,4.0,79.0,0.0,0.0,1.0,6241.0,1.0,0.0,6.8679743,1.0,0.0,198.0,10.59666,3.0
1.0,henan,4.0,69.0,0.0,0.0,1.0,4761.0,1.0,0.0,6.5806394,1.0,0.0,198.0,10.085851,4.0
1.0,henan,4.0,51.0,0.0,0.0,1.0,2601.0,1.0,15.0,11.695255,0.0,0.0,198.0,11.982935,5.0
0.0,henan,4.0,56.0,0.0,0.0,1.0,3136.0,0.0,9.0,7.6014023,1.0,0.0,198.0,9.9035378,2.0
1.0,henan,3.0,63.0,0.0,0.0,1.0,3969.0,0.0,9.0,9.2104406,1.0,0.0,198.0,9.2104406,4.0
0.0,henan,2.0,52.0,0.0,0.0,1.0,2704.0,1.0,6.0,0.0,1.0,0.0,198.0,10.463132,5.0
1.0,henan,5.0,43.0,0.0,0.0,1.0,1849.0,0.0,12.0,10.308986,0.0,0.0,198.0,10.308986,5.0
0.0,henan,2.0,56.0,0.0,0.0,1.0,3136.0,1.0,0.0,9.2104406,1.0,0.0,198.0,9.9035378,3.0
0.0,henan,4.0,70.0,0.0,0.0,1.0,4900.0,1.0,0.0,6.9087548,1.0,0.0,198.0,7.6014023,5.0
0.0,henan,4.0,37.0,0.0,0.0,1.0,1369.0,1.0,0.0,0.0,1.0,0.0,198.0,9.9035378,5.0
0.0,henan,5.0,71.0,2.3978953,0.0,1.0,5041.0,0.0,0.0,8.0067005,1.0,0.0,198.0,8.5173931,3.0
0.0,henan,5.0,43.0,0.0,0.0,1.0,1849.0,1.0,6.0,,1.0,0.0,198.0,9.9035378,3.0
0.0,henan,5.0,70.0,0.0,0.0,1.0,4900.0,1.0,0.0,6.8679743,1.0,0.0,198.0,7.5606012,2.0
0.0,henan,2.0,62.0,1.7917595,0.0,1.0,3844.0,1.0,0.0,,1.0,0.0,198.0,7.6014023,2.0
1.0,henan,4.0,67.0,2.3978953,0.0,1.0,4489.0,0.0,6.0,7.6014023,1.0,0.0,198.0,7.6014023,5.0
1.0,henan,4.0,44.0,0.0,0.0,1.0,1936.0,1.0,9.0,0.0,0.0,0.0,198.0,10.308986,4.0
1.0,henan,4.0,50.0,0.0,0.0,1.0,2500.0,1.0,12.0,,0.0,0.0,198.0,11.002116,4.0
0.0,henan,4.0,27.0,0.0,0.0,0.0,729.0,1.0,16.0,0.0,1.0,0.0,198.0,9.6158724,5.0
0.0,henan,3.0,45.0,0.0,0.0,1.0,2025.0,0.0,6.0,0.0,1.0,0.0,198.0,0.0,5.0
0.0,henan,5.0,62.0,0.0,0.0,0.0,3844.0,1.0,12.0,6.6346335,1.0,0.0,198.0,6.6346335,3.0
1.0,henan,4.0,28.0,0.0,0.0,1.0,784.0,1.0,15.0,0.0,0.0,0.0,198.0,,5.0
1.0,henan,2.0,76.0,0.0,0.0,0.0,5776.0,1.0,0.0,6.8679743,0.0,0.0,198.0,6.8679743,2.0
0.0,henan,4.0,61.0,0.0,0.0,1.0,3721.0,1.0,0.0,8.5173931,1.0,0.0,198.0,9.9035378,2.0
0.0,henan,5.0,69.0,0.0,0.0,1.0,4761.0,1.0,0.0,6.9087548,1.0,0.0,198.0,8.0067005,2.0
1.0,henan,3.0,55.0,0.0,0.0,1.0,3025.0,1.0,9.0,9.2104406,1.0,0.0,198.0,9.9035378,5.0
1.0,henan,4.0,56.0,0.0,0.0,1.0,3136.0,0.0,16.0,10.59666,0.0,1.0,198.0,11.264477,5.0
0.0,henan,1.0,52.0,0.0,0.0,0.0,2704.0,1.0,6.0,8.5173931,1.0,0.0,198.0,9.9035378,3.0
1.0,henan,5.0,70.0,0.0,0.0,1.0,4900.0,0.0,9.0,10.085851,0.0,0.0,198.0,10.59666,4.0
0.0,henan,4.0,52.0,0.0,0.0,1.0,2704.0,0.0,6.0,11.407576,1.0,0.0,198.0,11.407576,5.0
1.0,henan,5.0,27.0,3.4339871,0.0,1.0,729.0,0.0,15.0,10.308986,0.0,0.0,198.0,11.002116,4.0
0.0,henan,4.0,74.0,0.0,0.0,0.0,5476.0,1.0,0.0,,1.0,0.0,198.0,,3.0
1.0,henan,4.0,43.0,0.0,0.0,1.0,1849.0,1.0,9.0,10.126671,1.0,0.0,198.0,11.225257,5.0
0.0,henan,4.0,71.0,0.0,0.0,1.0,5041.0,1.0,0.0,8.5173931,1.0,0.0,198.0,9.2104406,3.0
0.0,henan,4.0,47.0,0.0,0.0,1.0,2209.0,1.0,6.0,0.0,1.0,0.0,198.0,0.0,4.0
0.0,henan,4.0,63.0,0.0,0.0,1.0,3969.0,1.0,0.0,6.8679743,1.0,0.0,198.0,7.5606012,4.0
0.0,henan,5.0,65.0,2.3978953,0.0,1.0,4225.0,1.0,0.0,8.5173931,1.0,0.0,198.0,9.2104406,2.0
1.0,henan,4.0,31.0,3.4339871,0.0,1.0,961.0,1.0,9.0,10.308986,1.0,0.0,198.0,11.156265,5.0
1.0,henan,4.0,29.0,0.0,0.0,1.0,841.0,1.0,9.0,0.0,1.0,0.0,198.0,9.9035378,4.0
1.0,henan,4.0,60.0,0.0,0.0,1.0,3600.0,0.0,9.0,8.0067005,1.0,0.0,198.0,8.8538084,3.0
0.0,henan,5.0,51.0,0.0,0.0,1.0,2601.0,1.0,0.0,8.2943001,1.0,0.0,198.0,10.819798,5.0
0.0,henan,4.0,46.0,0.0,0.0,1.0,2116.0,0.0,6.0,9.6158724,1.0,0.0,198.0,10.71444,4.0
0.0,henan,5.0,86.0,0.0,0.0,0.0,7396.0,1.0,0.0,6.5806394,1.0,0.0,198.0,10.203629,4.0
0.0,henan,4.0,46.0,3.4339871,0.0,1.0,2116.0,1.0,6.0,9.2104406,1.0,0.0,198.0,9.9035378,3.0
0.0,henan,4.0,66.0,0.0,0.0,0.0,4356.0,0.0,9.0,8.0067005,1.0,0.0,198.0,8.0067005,4.0
1.0,henan,5.0,40.0,0.0,0.0,1.0,1600.0,0.0,12.0,11.002116,1.0,0.0,198.0,11.002116,4.0
0.0,henan,4.0,53.0,2.3978953,0.0,1.0,2809.0,1.0,0.0,10.308986,1.0,0.0,198.0,11.395144,4.0
1.0,henan,4.0,59.0,3.9318256,0.0,0.0,3481.0,1.0,9.0,,1.0,0.0,198.0,11.512936,4.0
1.0,henan,3.0,31.0,0.0,0.0,0.0,961.0,0.0,0.0,10.819798,1.0,0.0,198.0,10.819798,5.0
0.0,henan,5.0,59.0,0.0,0.0,1.0,3481.0,1.0,9.0,0.0,1.0,0.0,198.0,9.2104406,2.0
0.0,henan,3.0,43.0,0.0,0.0,1.0,1849.0,1.0,6.0,0.0,1.0,0.0,198.0,8.0067005,5.0
0.0,henan,5.0,55.0,0.0,0.0,1.0,3025.0,0.0,12.0,0.0,1.0,1.0,198.0,10.463132,5.0
1.0,henan,4.0,68.0,0.0,0.0,1.0,4624.0,1.0,6.0,10.085851,0.0,0.0,198.0,10.778977,5.0
0.0,henan,3.0,54.0,0.0,0.0,1.0,2916.0,0.0,6.0,9.2104406,1.0,0.0,198.0,9.2104406,4.0
0.0,henan,4.0,67.0,0.0,0.0,1.0,4489.0,1.0,0.0,7.3138866,1.0,0.0,198.0,10.308986,3.0
0.0,henan,4.0,76.0,1.3862944,0.0,0.0,5776.0,1.0,6.0,10.085851,0.0,0.0,198.0,10.085851,2.0
0.0,henan,4.0,39.0,0.0,0.0,1.0,1521.0,1.0,0.0,6.9087548,1.0,0.0,198.0,9.3057413,4.0
1.0,henan,4.0,75.0,1.7917595,0.0,1.0,5625.0,0.0,9.0,10.819798,0.0,1.0,198.0,11.512936,4.0
0.0,henan,4.0,63.0,1.7917595,0.0,0.0,3969.0,0.0,9.0,9.6158724,1.0,0.0,198.0,9.6158724,4.0
0.0,henan,4.0,58.0,0.0,0.0,1.0,3364.0,0.0,0.0,8.6996813,1.0,0.0,198.0,9.2104406,2.0
1.0,henan,5.0,31.0,0.0,0.0,1.0,961.0,0.0,12.0,11.512936,0.0,0.0,198.0,11.775297,4.0
0.0,henan,4.0,29.0,0.0,0.0,1.0,841.0,1.0,9.0,,1.0,0.0,198.0,10.819798,4.0
0.0,henan,5.0,55.0,0.0,0.0,1.0,3025.0,0.0,6.0,9.9035378,1.0,0.0,198.0,10.308986,5.0
1.0,henan,4.0,45.0,2.3978953,0.0,1.0,2025.0,0.0,0.0,10.308986,1.0,0.0,198.0,10.819798,3.0
1.0,henan,4.0,32.0,0.0,0.0,1.0,1024.0,1.0,9.0,0.0,0.0,0.0,198.0,11.512936,5.0
1.0,henan,3.0,21.0,0.0,0.0,0.0,441.0,0.0,12.0,9.9035378,0.0,0.0,198.0,11.289794,5.0
1.0,henan,5.0,65.0,0.0,0.0,1.0,4225.0,0.0,12.0,10.126671,1.0,1.0,198.0,10.126671,5.0
0.0,henan,5.0,53.0,2.3025851,0.0,1.0,2809.0,0.0,9.0,10.308986,1.0,0.0,198.0,11.918397,5.0
1.0,henan,5.0,28.0,0.0,0.0,0.0,784.0,0.0,15.0,10.308986,0.0,0.0,198.0,11.156265,4.0
0.0,henan,4.0,54.0,0.0,0.0,1.0,2916.0,0.0,0.0,8.8538084,1.0,0.0,198.0,9.9035378,3.0
0.0,henan,4.0,56.0,0.0,0.0,1.0,3136.0,0.0,9.0,9.2104406,1.0,0.0,198.0,9.4727812,5.0
1.0,henan,4.0,73.0,0.0,0.0,0.0,5329.0,0.0,9.0,6.9087548,1.0,1.0,198.0,7.6014023,3.0
0.0,henan,4.0,80.0,2.3978953,0.0,1.0,6400.0,0.0,6.0,6.8679743,1.0,0.0,198.0,9.2104406,2.0
0.0,henan,4.0,52.0,1.9459101,0.0,1.0,2704.0,0.0,12.0,8.9873219,1.0,0.0,198.0,8.9873219,4.0
0.0,henan,4.0,49.0,2.3978953,0.0,1.0,2401.0,0.0,9.0,9.2104406,1.0,0.0,198.0,10.126671,5.0
0.0,henan,4.0,46.0,2.3978953,0.0,1.0,2116.0,0.0,6.0,9.1050911,1.0,0.0,198.0,,2.0
1.0,henan,4.0,53.0,0.0,0.0,1.0,2809.0,1.0,9.0,0.0,1.0,0.0,198.0,10.819798,4.0
0.0,henan,4.0,46.0,0.0,0.0,1.0,2116.0,0.0,0.0,9.2104406,1.0,0.0,198.0,9.9035378,4.0
1.0,henan,5.0,80.0,0.0,0.0,1.0,6400.0,1.0,12.0,11.472114,0.0,1.0,198.0,11.472114,3.0
0.0,henan,4.0,74.0,0.0,0.0,1.0,5476.0,0.0,6.0,7.8244457,1.0,0.0,198.0,8.5173931,4.0
1.0,henan,5.0,41.0,0.0,0.0,1.0,1681.0,1.0,15.0,10.71444,0.0,1.0,198.0,11.407576,5.0
0.0,henan,4.0,50.0,0.0,0.0,1.0,2500.0,1.0,9.0,10.308986,1.0,0.0,198.0,10.308986,3.0
1.0,henan,4.0,50.0,0.0,0.0,1.0,2500.0,0.0,9.0,8.5173931,1.0,0.0,198.0,9.2104406,4.0
0.0,henan,4.0,63.0,2.7725887,0.0,1.0,3969.0,0.0,0.0,8.6996813,1.0,0.0,198.0,9.9035378,3.0
1.0,henan,4.0,20.0,0.0,0.0,0.0,400.0,1.0,16.0,0.0,1.0,0.0,198.0,9.9035378,5.0
1.0,henan,4.0,74.0,0.0,0.0,0.0,5476.0,1.0,9.0,10.225607,0.0,0.0,198.0,10.308986,4.0
1.0,henan,3.0,47.0,0.0,0.0,1.0,2209.0,1.0,9.0,9.6158724,0.0,0.0,198.0,10.126671,5.0
1.0,henan,4.0,44.0,0.0,1.0,1.0,1936.0,1.0,12.0,10.308986,0.0,1.0,198.0,11.156265,4.0
0.0,henan,4.0,71.0,2.3978953,0.0,1.0,5041.0,0.0,6.0,6.7345915,1.0,1.0,198.0,9.9035378,4.0
1.0,henan,4.0,40.0,4.6151204,0.0,1.0,1600.0,1.0,9.0,10.126671,0.0,0.0,198.0,10.59666,4.0
0.0,henan,4.0,78.0,0.0,0.0,0.0,6084.0,1.0,0.0,6.8679743,1.0,0.0,198.0,6.8679743,3.0
1.0,henan,2.0,52.0,1.7917595,0.0,1.0,2704.0,1.0,6.0,9.1050911,1.0,0.0,198.0,9.9035378,4.0
1.0,henan,2.0,74.0,0.0,0.0,1.0,5476.0,1.0,6.0,6.9087548,1.0,0.0,198.0,7.3138866,4.0
0.0,henan,4.0,68.0,0.0,0.0,1.0,4624.0,0.0,6.0,0.0,1.0,0.0,198.0,0.0,2.0
1.0,henan,3.0,20.0,2.3978953,0.0,0.0,400.0,0.0,12.0,9.9035378,1.0,0.0,198.0,10.308986,5.0
0.0,henan,4.0,42.0,0.0,0.0,1.0,1764.0,0.0,9.0,10.308986,1.0,0.0,198.0,10.308986,5.0
1.0,henan,4.0,20.0,0.0,0.0,0.0,400.0,0.0,16.0,0.0,0.0,0.0,198.0,11.695255,5.0
0.0,henan,3.0,50.0,0.0,0.0,0.0,2500.0,1.0,12.0,0.0,1.0,0.0,198.0,8.0067005,3.0
0.0,henan,5.0,65.0,0.0,0.0,1.0,4225.0,0.0,0.0,8.0067005,1.0,0.0,198.0,8.0067005,3.0
0.0,henan,5.0,61.0,3.0445225,0.0,1.0,3721.0,1.0,0.0,8.0067005,1.0,0.0,198.0,8.2943001,5.0
0.0,henan,4.0,70.0,0.0,0.0,0.0,4900.0,0.0,0.0,6.8679743,1.0,0.0,198.0,9.2104406,2.0
0.0,henan,5.0,44.0,0.0,0.0,1.0,1936.0,1.0,6.0,9.6158724,1.0,0.0,198.0,10.819798,4.0
0.0,henan,4.0,62.0,0.0,0.0,1.0,3844.0,1.0,0.0,6.8679743,1.0,0.0,198.0,9.9035378,2.0
0.0,henan,5.0,37.0,0.0,0.0,1.0,1369.0,0.0,6.0,9.2104406,1.0,0.0,198.0,9.2104406,4.0
1.0,henan,4.0,37.0,0.0,0.0,1.0,1369.0,1.0,12.0,0.0,0.0,0.0,198.0,11.002116,5.0
0.0,henan,2.0,84.0,0.0,0.0,0.0,7056.0,1.0,0.0,8.0067005,1.0,0.0,198.0,8.9873219,2.0
1.0,henan,4.0,38.0,2.7725887,0.0,1.0,1444.0,0.0,15.0,10.59666,1.0,0.0,198.0,11.289794,5.0
0.0,henan,5.0,80.0,0.0,0.0,0.0,6400.0,1.0,0.0,6.8679743,1.0,0.0,198.0,,2.0
0.0,henan,4.0,79.0,0.0,0.0,0.0,6241.0,0.0,6.0,8.0067005,1.0,0.0,198.0,8.0067005,2.0
1.0,henan,5.0,41.0,0.0,0.0,1.0,1681.0,1.0,12.0,9.9035378,0.0,0.0,198.0,10.59666,3.0
0.0,henan,4.0,72.0,0.0,0.0,1.0,5184.0,1.0,6.0,6.5806394,1.0,0.0,198.0,,4.0
0.0,henan,4.0,57.0,0.0,0.0,1.0,3249.0,1.0,0.0,7.6014023,1.0,0.0,198.0,9.392745,1.0
1.0,henan,4.0,55.0,0.0,1.0,1.0,3025.0,0.0,6.0,9.6158724,1.0,0.0,198.0,9.6158724,2.0
1.0,henan,3.0,37.0,0.0,0.0,1.0,1369.0,1.0,9.0,0.0,1.0,0.0,198.0,11.512936,4.0
0.0,henan,3.0,52.0,0.0,0.0,1.0,2704.0,1.0,0.0,8.5173931,1.0,0.0,198.0,8.9873219,5.0
0.0,henan,5.0,42.0,0.0,0.0,1.0,1764.0,1.0,0.0,0.0,0.0,0.0,198.0,10.819798,5.0
1.0,henan,4.0,39.0,2.3978953,0.0,1.0,1521.0,1.0,6.0,10.085851,1.0,0.0,198.0,10.126671,2.0
0.0,henan,4.0,75.0,0.0,0.0,1.0,5625.0,0.0,9.0,0.0,1.0,0.0,198.0,0.0,2.0
1.0,henan,4.0,71.0,0.0,0.0,1.0,5041.0,0.0,12.0,10.341775,0.0,1.0,198.0,11.156265,3.0
0.0,henan,5.0,20.0,0.0,0.0,0.0,400.0,1.0,16.0,0.0,1.0,0.0,198.0,9.9035378,5.0
0.0,henan,4.0,80.0,0.0,0.0,1.0,6400.0,1.0,0.0,0.0,1.0,0.0,198.0,0.0,2.0
1.0,henan,4.0,20.0,1.7917595,0.0,0.0,400.0,1.0,16.0,0.0,1.0,0.0,198.0,,5.0
0.0,henan,3.0,42.0,0.0,0.0,1.0,1764.0,0.0,6.0,10.59666,1.0,0.0,198.0,10.59666,4.0
0.0,henan,4.0,73.0,0.0,0.0,1.0,5329.0,0.0,0.0,8.2943001,1.0,1.0,198.0,,4.0
1.0,henan,5.0,76.0,0.0,0.0,1.0,5776.0,0.0,9.0,10.491302,0.0,1.0,198.0,10.491302,4.0
0.0,henan,5.0,49.0,0.0,0.0,1.0,2401.0,0.0,9.0,8.1608038,1.0,0.0,198.0,8.1608038,5.0
0.0,henan,4.0,50.0,0.0,0.0,1.0,2500.0,0.0,0.0,9.9035378,1.0,0.0,198.0,10.126671,4.0
0.0,henan,4.0,69.0,0.0,0.0,0.0,4761.0,1.0,0.0,6.8679743,1.0,0.0,198.0,6.9087548,4.0
0.0,henan,4.0,64.0,0.0,0.0,0.0,4096.0,1.0,0.0,6.9087548,1.0,0.0,198.0,8.0067005,2.0
0.0,henan,4.0,69.0,0.0,0.0,1.0,4761.0,1.0,6.0,8.2943001,1.0,0.0,198.0,8.5173931,3.0
1.0,henan,4.0,45.0,0.0,0.0,1.0,2025.0,1.0,9.0,9.2104406,1.0,0.0,198.0,9.6158724,5.0
1.0,henan,5.0,68.0,0.0,0.0,1.0,4624.0,1.0,0.0,7.6014023,1.0,0.0,198.0,8.0067005,4.0
0.0,henan,4.0,68.0,0.0,0.0,1.0,4624.0,1.0,0.0,8.5173931,1.0,0.0,198.0,9.2104406,2.0
0.0,henan,4.0,68.0,0.0,0.0,1.0,4624.0,0.0,6.0,7.8244457,1.0,0.0,198.0,,2.0
0.0,henan,4.0,84.0,0.0,0.0,0.0,7056.0,1.0,0.0,0.0,1.0,0.0,198.0,0.0,2.0
0.0,henan,4.0,50.0,0.0,0.0,1.0,2500.0,1.0,6.0,0.0,1.0,0.0,198.0,9.9035378,2.0
0.0,henan,5.0,64.0,0.0,0.0,1.0,4096.0,0.0,9.0,6.9087548,1.0,0.0,198.0,8.5173931,2.0
1.0,henan,4.0,58.0,0.0,1.0,1.0,3364.0,1.0,9.0,,1.0,0.0,198.0,10.126671,4.0
1.0,henan,2.0,22.0,0.0,0.0,0.0,484.0,0.0,16.0,0.0,1.0,0.0,198.0,11.512936,5.0
0.0,henan,4.0,48.0,0.0,0.0,1.0,2304.0,1.0,0.0,0.0,1.0,0.0,198.0,9.9035378,5.0
0.0,henan,4.0,66.0,0.0,0.0,1.0,4356.0,0.0,0.0,7.6014023,1.0,0.0,198.0,8.0067005,4.0
1.0,henan,4.0,60.0,0.0,0.0,0.0,3600.0,1.0,0.0,0.0,1.0,1.0,198.0,,2.0
0.0,henan,4.0,66.0,0.0,0.0,1.0,4356.0,0.0,6.0,8.0067005,1.0,0.0,198.0,8.6996813,4.0
0.0,henan,4.0,69.0,0.0,0.0,1.0,4761.0,1.0,0.0,,1.0,0.0,198.0,,3.0
1.0,henan,4.0,63.0,0.0,1.0,0.0,3969.0,1.0,0.0,8.0067005,1.0,0.0,198.0,10.308986,2.0
0.0,henan,2.0,56.0,0.0,0.0,0.0,3136.0,0.0,0.0,9.6158724,1.0,0.0,198.0,9.6158724,4.0
0.0,henan,5.0,61.0,0.0,0.0,1.0,3721.0,0.0,15.0,9.6804066,1.0,1.0,198.0,9.9035378,5.0
1.0,henan,4.0,55.0,0.0,0.0,1.0,3025.0,1.0,6.0,8.5173931,1.0,0.0,198.0,8.5173931,5.0
1.0,henan,4.0,74.0,1.0986123,0.0,1.0,5476.0,0.0,12.0,11.002116,1.0,0.0,198.0,8.6996813,3.0
0.0,henan,2.0,18.0,2.0794415,0.0,0.0,324.0,1.0,0.0,,1.0,0.0,198.0,9.2104406,5.0
0.0,henan,5.0,78.0,0.0,0.0,1.0,6084.0,0.0,0.0,7.6014023,1.0,0.0,198.0,7.6014023,3.0
1.0,henan,3.0,78.0,0.0,1.0,0.0,6084.0,1.0,6.0,6.8679743,1.0,0.0,198.0,6.9087548,3.0
0.0,henan,4.0,64.0,0.0,0.0,1.0,4096.0,1.0,0.0,,1.0,0.0,198.0,,4.0
0.0,henan,4.0,45.0,0.0,0.0,1.0,2025.0,0.0,9.0,0.0,1.0,0.0,198.0,8.5173931,5.0
0.0,henan,3.0,59.0,0.0,0.0,1.0,3481.0,1.0,9.0,7.6014023,1.0,0.0,198.0,8.2943001,3.0
1.0,henan,4.0,19.0,0.0,0.0,0.0,361.0,0.0,12.0,0.0,1.0,0.0,198.0,,4.0
0.0,henan,4.0,47.0,0.0,0.0,1.0,2209.0,0.0,9.0,0.0,1.0,0.0,198.0,10.308986,4.0
0.0,henan,2.0,72.0,0.0,0.0,0.0,5184.0,1.0,0.0,6.7345915,1.0,0.0,198.0,6.7345915,3.0
0.0,henan,5.0,43.0,0.0,0.0,1.0,1849.0,0.0,9.0,10.308986,1.0,0.0,198.0,10.59666,5.0
0.0,henan,4.0,26.0,1.3862944,0.0,1.0,676.0,1.0,9.0,,1.0,0.0,198.0,11.002116,5.0
1.0,henan,5.0,65.0,0.0,0.0,1.0,4225.0,1.0,0.0,6.5525079,1.0,0.0,198.0,8.9873219,5.0
0.0,henan,2.0,31.0,0.0,0.0,1.0,961.0,0.0,6.0,10.308986,1.0,0.0,198.0,10.819798,4.0
0.0,henan,2.0,64.0,0.0,0.0,1.0,4096.0,1.0,0.0,6.9087548,1.0,0.0,198.0,8.6996813,2.0
0.0,henan,2.0,82.0,0.0,0.0,1.0,6724.0,0.0,0.0,6.9087548,1.0,0.0,198.0,7.6014023,2.0
0.0,henan,5.0,63.0,0.0,0.0,1.0,3969.0,1.0,0.0,8.5173931,1.0,0.0,198.0,9.2104406,5.0
1.0,henan,5.0,70.0,0.0,0.0,1.0,4900.0,0.0,0.0,9.2104406,1.0,0.0,198.0,13.815512,5.0
0.0,henan,4.0,47.0,2.0794415,0.0,1.0,2209.0,1.0,6.0,7.6014023,1.0,0.0,198.0,8.8538084,2.0
0.0,henan,4.0,35.0,0.0,0.0,1.0,1225.0,1.0,9.0,10.59666,1.0,0.0,198.0,11.002116,5.0
0.0,henan,4.0,61.0,0.0,0.0,0.0,3721.0,0.0,6.0,8.5173931,1.0,0.0,198.0,,2.0
1.0,henan,4.0,53.0,0.0,0.0,1.0,2809.0,0.0,12.0,9.2104406,1.0,0.0,198.0,9.9035378,5.0
1.0,henan,4.0,48.0,2.0794415,0.0,1.0,2304.0,0.0,6.0,10.819798,1.0,0.0,198.0,10.933125,5.0
0.0,henan,4.0,65.0,0.0,0.0,1.0,4225.0,0.0,0.0,7.6014023,1.0,0.0,198.0,,2.0
0.0,henan,4.0,31.0,0.0,0.0,1.0,961.0,1.0,9.0,0.0,1.0,0.0,198.0,10.308986,4.0
0.0,henan,5.0,80.0,0.0,0.0,0.0,6400.0,0.0,12.0,8.1199942,1.0,0.0,198.0,8.1199942,3.0
0.0,henan,1.0,41.0,0.0,0.0,1.0,1681.0,1.0,15.0,9.6158724,0.0,0.0,198.0,10.308986,3.0
0.0,henan,4.0,19.0,0.0,0.0,0.0,361.0,0.0,16.0,,1.0,0.0,198.0,10.71444,5.0
1.0,henan,4.0,57.0,0.0,1.0,1.0,3249.0,1.0,12.0,8.412055,1.0,0.0,198.0,9.1050911,5.0
0.0,henan,4.0,50.0,0.0,0.0,1.0,2500.0,1.0,0.0,0.0,1.0,0.0,198.0,9.2104406,3.0
0.0,henan,4.0,18.0,0.0,0.0,0.0,324.0,0.0,15.0,0.0,1.0,0.0,198.0,,5.0
1.0,henan,4.0,40.0,0.0,0.0,1.0,1600.0,1.0,6.0,10.126671,1.0,0.0,198.0,10.915107,5.0
0.0,henan,5.0,67.0,0.0,0.0,1.0,4489.0,1.0,0.0,8.412055,1.0,0.0,198.0,9.2104406,4.0
1.0,henan,2.0,61.0,0.0,0.0,1.0,3721.0,1.0,0.0,6.5806394,1.0,0.0,198.0,,2.0
0.0,henan,4.0,57.0,0.0,0.0,1.0,3249.0,1.0,6.0,7.3138866,1.0,0.0,198.0,8.2943001,3.0
0.0,henan,3.0,40.0,2.3978953,0.0,1.0,1600.0,0.0,9.0,9.9035378,1.0,0.0,198.0,10.71444,4.0
0.0,henan,4.0,79.0,0.0,0.0,0.0,6241.0,1.0,0.0,6.8679743,1.0,0.0,198.0,6.8679743,2.0
0.0,henan,4.0,69.0,0.0,0.0,0.0,4761.0,0.0,6.0,8.2943001,1.0,1.0,198.0,10.239996,3.0
0.0,henan,4.0,68.0,0.0,0.0,1.0,4624.0,0.0,6.0,6.8035054,1.0,0.0,198.0,7.6014023,4.0
0.0,henan,2.0,48.0,0.0,0.0,1.0,2304.0,0.0,6.0,0.0,1.0,1.0,198.0,0.0,2.0
0.0,henan,4.0,42.0,0.0,0.0,1.0,1764.0,0.0,9.0,10.308986,1.0,0.0,198.0,10.59666,2.0
0.0,henan,4.0,25.0,0.0,0.0,0.0,625.0,0.0,16.0,10.59666,1.0,0.0,198.0,10.59666,5.0
1.0,hubei,4.0,63.0,0.0,0.0,0.0,3969.0,1.0,6.0,0.0,1.0,0.0,445.0,,2.0
0.0,hubei,4.0,66.0,0.0,0.0,0.0,4356.0,1.0,6.0,0.0,1.0,0.0,445.0,9.9035378,2.0
0.0,hubei,4.0,57.0,0.0,0.0,1.0,3249.0,1.0,12.0,0.0,1.0,0.0,445.0,10.308986,2.0
1.0,hubei,2.0,47.0,0.0,0.0,1.0,2209.0,1.0,9.0,9.9035378,0.0,0.0,445.0,9.9035378,3.0
1.0,hubei,3.0,56.0,0.0,0.0,0.0,3136.0,1.0,0.0,8.5173931,1.0,0.0,445.0,,4.0
1.0,hubei,4.0,67.0,0.0,0.0,1.0,4489.0,0.0,12.0,10.308986,0.0,1.0,445.0,11.002116,4.0
0.0,hubei,4.0,60.0,1.0986123,0.0,1.0,3600.0,0.0,9.0,8.5173931,1.0,0.0,445.0,8.5173931,3.0
1.0,hubei,4.0,86.0,0.0,0.0,1.0,7396.0,0.0,0.0,7.6014023,0.0,0.0,445.0,8.5173931,2.0
1.0,hubei,4.0,84.0,0.0,0.0,1.0,7056.0,1.0,6.0,8.8538084,1.0,0.0,445.0,8.9873219,3.0
0.0,hubei,4.0,36.0,0.0,0.0,0.0,1296.0,1.0,9.0,10.819798,0.0,0.0,445.0,10.819798,3.0
0.0,hubei,4.0,63.0,0.0,0.0,1.0,3969.0,0.0,2.0,0.0,1.0,0.0,445.0,9.1696224,3.0
1.0,hubei,5.0,55.0,1.7917595,0.0,1.0,3025.0,0.0,0.0,11.002116,0.0,0.0,445.0,11.695255,3.0
1.0,hubei,5.0,30.0,0.0,0.0,1.0,900.0,0.0,16.0,11.225257,1.0,0.0,445.0,12.611541,4.0
1.0,hubei,3.0,40.0,1.9459101,0.0,1.0,1600.0,0.0,9.0,10.778977,0.0,0.0,445.0,11.407576,4.0
1.0,hubei,4.0,61.0,0.0,0.0,1.0,3721.0,0.0,12.0,10.308986,0.0,0.0,445.0,10.819798,4.0
1.0,hubei,4.0,33.0,0.0,0.0,1.0,1089.0,1.0,15.0,10.308986,0.0,0.0,445.0,11.156265,4.0
1.0,hubei,5.0,63.0,0.0,0.0,1.0,3969.0,0.0,9.0,9.2104406,1.0,0.0,445.0,10.308986,4.0
0.0,hubei,4.0,65.0,0.0,1.0,1.0,4225.0,0.0,9.0,8.9873219,1.0,0.0,445.0,8.9873219,2.0
0.0,hubei,2.0,54.0,0.0,0.0,1.0,2916.0,0.0,12.0,8.0867176,1.0,0.0,445.0,9.4335642,2.0
1.0,hubei,4.0,33.0,0.0,0.0,1.0,1089.0,0.0,9.0,11.002116,1.0,0.0,445.0,9.9035378,4.0
0.0,hubei,1.0,60.0,0.0,0.0,1.0,3600.0,0.0,9.0,,1.0,0.0,445.0,,2.0
1.0,hubei,3.0,47.0,0.0,0.0,1.0,2209.0,0.0,9.0,,1.0,0.0,445.0,,2.0
1.0,hubei,4.0,80.0,0.0,0.0,0.0,6400.0,1.0,12.0,10.491302,0.0,0.0,445.0,10.491302,4.0
0.0,hubei,4.0,52.0,0.0,0.0,1.0,2704.0,1.0,6.0,10.308986,1.0,0.0,445.0,11.002116,4.0
1.0,hubei,4.0,48.0,0.0,0.0,1.0,2304.0,0.0,6.0,10.59666,0.0,0.0,445.0,10.819798,3.0
0.0,hubei,3.0,70.0,0.0,0.0,1.0,4900.0,0.0,6.0,7.9087548,1.0,0.0,445.0,7.9087548,3.0
0.0,hubei,5.0,58.0,0.0,0.0,1.0,3364.0,1.0,0.0,,0.0,0.0,445.0,,5.0
1.0,hubei,3.0,80.0,0.0,0.0,0.0,6400.0,0.0,0.0,8.5173931,1.0,0.0,445.0,10.308986,2.0
1.0,hubei,2.0,72.0,0.0,0.0,1.0,5184.0,0.0,6.0,10.085851,0.0,0.0,445.0,10.085851,2.0
1.0,hubei,4.0,46.0,0.0,0.0,1.0,2116.0,0.0,9.0,10.819798,0.0,0.0,445.0,11.512936,3.0
1.0,hubei,4.0,52.0,0.0,0.0,1.0,2704.0,0.0,9.0,7.6014023,1.0,0.0,445.0,8.5173931,4.0
0.0,hubei,4.0,25.0,0.0,0.0,0.0,625.0,1.0,12.0,10.308986,0.0,0.0,445.0,10.819798,3.0
0.0,hubei,3.0,32.0,0.0,0.0,0.0,1024.0,1.0,9.0,,1.0,0.0,445.0,9.9035378,4.0
0.0,hubei,3.0,76.0,0.0,0.0,0.0,5776.0,0.0,6.0,6.7345915,1.0,0.0,445.0,10.463132,2.0
0.0,hubei,4.0,71.0,0.0,1.0,1.0,5041.0,1.0,0.0,9.2104406,1.0,0.0,445.0,9.2104406,2.0
1.0,hubei,4.0,31.0,0.0,0.0,1.0,961.0,1.0,16.0,11.002116,0.0,0.0,445.0,12.388398,3.0
0.0,hubei,4.0,85.0,0.0,0.0,1.0,7225.0,0.0,0.0,0.0,1.0,0.0,445.0,,4.0
0.0,hubei,4.0,40.0,0.0,1.0,1.0,1600.0,1.0,6.0,0.0,1.0,0.0,445.0,10.308986,4.0
0.0,hubei,4.0,65.0,0.0,0.0,1.0,4225.0,1.0,6.0,7.6014023,1.0,0.0,445.0,8.2943001,2.0
0.0,hubei,4.0,30.0,0.0,0.0,1.0,900.0,1.0,9.0,10.308986,1.0,0.0,445.0,11.289794,5.0
1.0,hubei,5.0,51.0,5.3033047,0.0,1.0,2601.0,0.0,9.0,10.308986,0.0,0.0,445.0,11.002116,5.0
0.0,hubei,4.0,49.0,0.0,0.0,1.0,2401.0,1.0,9.0,0.0,1.0,0.0,445.0,10.308986,3.0
1.0,hubei,3.0,60.0,0.0,0.0,0.0,3600.0,1.0,12.0,8.2943001,1.0,0.0,445.0,,4.0
1.0,hubei,4.0,37.0,0.0,0.0,1.0,1369.0,1.0,9.0,0.0,1.0,0.0,445.0,10.463132,4.0
0.0,hubei,2.0,64.0,0.0,0.0,1.0,4096.0,0.0,9.0,10.341775,1.0,1.0,445.0,10.341775,3.0
1.0,hubei,4.0,71.0,0.0,0.0,0.0,5041.0,1.0,6.0,9.6158724,0.0,0.0,445.0,9.6158724,4.0
0.0,hubei,5.0,72.0,0.0,0.0,1.0,5184.0,0.0,9.0,6.8035054,1.0,0.0,445.0,8.0067005,2.0
1.0,hubei,3.0,36.0,1.3862944,0.0,1.0,1296.0,0.0,9.0,10.778977,0.0,0.0,445.0,13.458838,4.0
0.0,hubei,4.0,53.0,0.0,0.0,1.0,2809.0,0.0,12.0,10.308986,1.0,0.0,445.0,10.59666,2.0
1.0,hubei,4.0,62.0,0.0,1.0,1.0,3844.0,0.0,9.0,10.308986,1.0,0.0,445.0,10.308986,3.0
1.0,hubei,4.0,57.0,1.3862944,0.0,1.0,3249.0,0.0,9.0,9.7981825,0.0,0.0,445.0,11.225257,4.0
1.0,hubei,4.0,42.0,0.0,0.0,1.0,1764.0,1.0,9.0,10.308986,0.0,0.0,445.0,11.002116,4.0
1.0,hubei,4.0,60.0,1.3862944,0.0,1.0,3600.0,0.0,12.0,11.002116,0.0,0.0,445.0,11.289794,4.0
1.0,hubei,4.0,78.0,0.0,0.0,1.0,6084.0,1.0,12.0,10.59666,0.0,0.0,445.0,11.350418,2.0
0.0,hubei,4.0,79.0,0.0,0.0,0.0,6241.0,1.0,0.0,,1.0,0.0,445.0,,2.0
1.0,hubei,4.0,71.0,0.0,0.0,1.0,5041.0,0.0,12.0,11.002116,0.0,0.0,445.0,11.184435,4.0
1.0,hubei,2.0,50.0,0.0,0.0,1.0,2500.0,1.0,9.0,,0.0,0.0,445.0,9.6158724,2.0
1.0,hubei,2.0,43.0,1.7917595,0.0,1.0,1849.0,1.0,9.0,10.819798,1.0,0.0,445.0,11.512936,4.0
1.0,hubei,4.0,58.0,0.0,0.0,1.0,3364.0,0.0,12.0,10.308986,0.0,0.0,445.0,10.71444,3.0
0.0,hubei,4.0,85.0,0.0,1.0,0.0,7225.0,0.0,0.0,8.2943001,1.0,0.0,445.0,8.5173931,2.0
1.0,hubei,4.0,39.0,0.0,0.0,1.0,1521.0,1.0,9.0,11.775297,1.0,0.0,445.0,12.388398,3.0
0.0,hubei,4.0,70.0,0.0,1.0,1.0,4900.0,0.0,9.0,9.2104406,1.0,0.0,445.0,8.6996813,2.0
1.0,hubei,4.0,47.0,0.0,0.0,1.0,2209.0,1.0,12.0,11.156265,0.0,0.0,445.0,11.695255,3.0
1.0,hubei,4.0,37.0,0.0,0.0,1.0,1369.0,1.0,6.0,9.9035378,0.0,0.0,445.0,9.9035378,4.0
0.0,hubei,2.0,65.0,0.0,0.0,1.0,4225.0,0.0,9.0,8.0067005,0.0,0.0,445.0,8.6996813,2.0
1.0,hubei,4.0,52.0,0.0,0.0,1.0,2704.0,1.0,6.0,,0.0,0.0,445.0,,4.0
1.0,hubei,5.0,63.0,0.0,0.0,0.0,3969.0,1.0,0.0,8.0067005,1.0,0.0,445.0,,4.0
0.0,hubei,4.0,60.0,0.0,1.0,1.0,3600.0,0.0,6.0,,1.0,0.0,445.0,,2.0
1.0,hubei,4.0,83.0,0.0,0.0,0.0,6889.0,1.0,9.0,8.0067005,0.0,0.0,445.0,8.0067005,4.0
1.0,hubei,2.0,52.0,0.0,0.0,1.0,2704.0,0.0,9.0,9.9035378,0.0,0.0,445.0,9.9035378,4.0
0.0,hubei,2.0,31.0,0.0,1.0,1.0,961.0,1.0,0.0,0.0,1.0,0.0,445.0,10.59666,3.0
1.0,hubei,4.0,65.0,0.0,0.0,1.0,4225.0,0.0,6.0,9.392745,1.0,0.0,445.0,10.126671,4.0
1.0,hubei,5.0,82.0,0.0,0.0,1.0,6724.0,1.0,2.0,10.085851,0.0,0.0,445.0,11.184435,2.0
0.0,hubei,3.0,75.0,0.0,0.0,1.0,5625.0,1.0,0.0,7.6014023,0.0,0.0,445.0,9.2104406,1.0
1.0,hubei,2.0,68.0,0.0,0.0,1.0,4624.0,0.0,6.0,8.2943001,1.0,0.0,445.0,8.5173931,3.0
0.0,hubei,4.0,34.0,0.0,0.0,1.0,1156.0,1.0,9.0,10.308986,1.0,0.0,445.0,11.512936,4.0
1.0,hubei,5.0,77.0,0.0,0.0,0.0,5929.0,1.0,6.0,8.7797117,1.0,0.0,445.0,8.6126852,4.0
1.0,hubei,4.0,44.0,0.0,0.0,1.0,1936.0,0.0,15.0,11.775297,0.0,1.0,445.0,12.206078,3.0
1.0,hubei,3.0,55.0,0.0,1.0,1.0,3025.0,1.0,9.0,0.0,1.0,0.0,445.0,9.392745,2.0
0.0,hubei,4.0,26.0,0.0,0.0,1.0,676.0,0.0,12.0,0.0,1.0,0.0,445.0,9.6158724,5.0
1.0,hubei,5.0,66.0,0.0,0.0,1.0,4356.0,1.0,0.0,9.5468836,1.0,0.0,445.0,10.308986,4.0
1.0,hubei,4.0,35.0,0.0,0.0,1.0,1225.0,1.0,15.0,13.122365,1.0,0.0,445.0,13.592368,5.0
1.0,hubei,4.0,56.0,1.3862944,0.0,1.0,3136.0,1.0,9.0,9.2104406,0.0,0.0,445.0,9.2104406,2.0
1.0,hubei,3.0,55.0,0.0,0.0,0.0,3025.0,1.0,6.0,10.819798,1.0,0.0,445.0,10.819798,4.0
1.0,hubei,3.0,52.0,0.0,0.0,1.0,2704.0,1.0,0.0,0.0,1.0,0.0,445.0,,4.0
0.0,hubei,4.0,55.0,0.0,0.0,1.0,3025.0,1.0,9.0,10.819798,1.0,0.0,445.0,10.819798,4.0
1.0,hubei,4.0,49.0,0.0,0.0,1.0,2401.0,1.0,9.0,9.9035378,1.0,0.0,445.0,11.156265,3.0
1.0,hubei,2.0,30.0,0.0,0.0,1.0,900.0,0.0,12.0,10.59666,1.0,0.0,445.0,11.002116,4.0
1.0,hubei,4.0,56.0,0.0,0.0,1.0,3136.0,1.0,6.0,0.0,1.0,0.0,445.0,8.6996813,4.0
1.0,hubei,3.0,56.0,0.0,0.0,1.0,3136.0,0.0,15.0,11.002116,0.0,0.0,445.0,12.206078,4.0
1.0,hubei,4.0,52.0,0.0,0.0,1.0,2704.0,0.0,16.0,10.819798,0.0,1.0,445.0,11.512936,3.0
0.0,hubei,2.0,56.0,0.0,0.0,0.0,3136.0,0.0,0.0,9.2104406,1.0,0.0,445.0,9.2104406,1.0
1.0,hubei,4.0,60.0,0.0,1.0,0.0,3600.0,1.0,0.0,0.0,1.0,0.0,445.0,0.0,2.0
0.0,hubei,3.0,76.0,0.0,1.0,0.0,5776.0,0.0,9.0,,1.0,1.0,445.0,,2.0
1.0,hubei,4.0,50.0,0.0,0.0,1.0,2500.0,1.0,0.0,9.2104406,0.0,0.0,445.0,10.819798,4.0
0.0,hubei,4.0,65.0,1.7917595,0.0,1.0,4225.0,0.0,6.0,8.5173931,1.0,0.0,445.0,8.5173931,3.0
0.0,hubei,4.0,62.0,0.0,0.0,1.0,3844.0,1.0,12.0,9.2104406,0.0,0.0,445.0,9.9035378,4.0
0.0,hubei,4.0,57.0,0.0,0.0,1.0,3249.0,1.0,12.0,9.6158724,1.0,0.0,445.0,11.289794,2.0
1.0,hubei,2.0,25.0,0.0,0.0,0.0,625.0,1.0,12.0,10.085851,0.0,0.0,445.0,10.819798,4.0
1.0,hubei,2.0,81.0,0.0,0.0,0.0,6561.0,0.0,0.0,6.9087548,1.0,0.0,445.0,11.002116,2.0
0.0,hubei,3.0,58.0,0.69314718,0.0,1.0,3364.0,1.0,12.0,6.9087548,1.0,0.0,445.0,10.59666,4.0
0.0,hubei,4.0,68.0,0.0,0.0,1.0,4624.0,1.0,0.0,6.7345915,1.0,0.0,445.0,7.4389715,4.0
0.0,hubei,4.0,36.0,0.0,0.0,1.0,1296.0,1.0,9.0,10.308986,0.0,0.0,445.0,11.289794,4.0
0.0,hubei,4.0,78.0,0.0,1.0,0.0,6084.0,1.0,0.0,8.9873219,1.0,0.0,445.0,8.9873219,2.0
1.0,hubei,4.0,80.0,1.3862944,0.0,0.0,6400.0,1.0,6.0,10.463132,0.0,0.0,445.0,10.491302,2.0
1.0,hubei,4.0,72.0,0.0,0.0,0.0,5184.0,1.0,9.0,10.308986,0.0,0.0,445.0,10.308986,3.0
1.0,hubei,2.0,52.0,2.3978953,0.0,1.0,2704.0,1.0,6.0,8.5173931,0.0,0.0,445.0,11.289794,2.0
1.0,hubei,4.0,64.0,0.0,0.0,0.0,4096.0,0.0,12.0,8.6996813,1.0,1.0,445.0,,4.0
1.0,hubei,4.0,31.0,0.0,0.0,1.0,961.0,1.0,12.0,0.0,0.0,0.0,445.0,11.512936,4.0
1.0,hubei,4.0,66.0,0.0,0.0,1.0,4356.0,0.0,6.0,9.2104406,1.0,0.0,445.0,9.9035378,3.0
1.0,hubei,4.0,38.0,0.0,1.0,1.0,1444.0,1.0,9.0,8.5173931,0.0,0.0,445.0,9.2104406,3.0
0.0,hubei,3.0,81.0,0.0,0.0,1.0,6561.0,0.0,9.0,7.6014023,1.0,1.0,445.0,7.6014023,4.0
1.0,hubei,3.0,44.0,0.0,0.0,1.0,1936.0,1.0,9.0,10.819798,1.0,0.0,445.0,10.819798,3.0
0.0,hubei,4.0,53.0,0.0,0.0,1.0,2809.0,1.0,6.0,6.9087548,1.0,0.0,445.0,8.5173931,3.0
1.0,hubei,3.0,53.0,0.0,0.0,1.0,2809.0,1.0,9.0,10.463132,1.0,0.0,445.0,11.156265,4.0
1.0,hubei,4.0,41.0,0.0,0.0,1.0,1681.0,1.0,16.0,10.819798,0.0,1.0,445.0,11.461642,3.0
1.0,hubei,4.0,56.0,0.0,0.0,1.0,3136.0,0.0,12.0,10.819798,1.0,0.0,445.0,11.082158,3.0
1.0,hubei,5.0,47.0,0.0,0.0,1.0,2209.0,1.0,12.0,10.085851,0.0,0.0,445.0,11.289794,4.0
1.0,hubei,1.0,49.0,0.0,0.0,1.0,2401.0,0.0,9.0,8.8819752,0.0,0.0,445.0,8.9360352,1.0
1.0,hubei,4.0,68.0,0.0,0.0,1.0,4624.0,1.0,0.0,0.0,1.0,0.0,445.0,9.6158724,3.0
1.0,hubei,4.0,69.0,0.0,0.0,0.0,4761.0,1.0,0.0,8.0067005,1.0,0.0,445.0,10.819798,4.0
1.0,hubei,1.0,76.0,0.0,1.0,1.0,5776.0,1.0,0.0,,0.0,0.0,445.0,,2.0
0.0,hubei,3.0,61.0,0.0,0.0,0.0,3721.0,1.0,6.0,7.3138866,1.0,0.0,445.0,9.9035378,5.0
1.0,hubei,5.0,54.0,0.0,0.0,0.0,2916.0,1.0,9.0,0.0,0.0,0.0,445.0,12.04356,5.0
1.0,hubei,4.0,52.0,1.7917595,0.0,1.0,2704.0,0.0,9.0,0.0,0.0,0.0,445.0,0.0,4.0
0.0,hubei,4.0,49.0,0.0,0.0,1.0,2401.0,0.0,9.0,0.0,1.0,0.0,445.0,0.0,4.0
0.0,hubei,4.0,65.0,0.0,0.0,1.0,4225.0,1.0,0.0,0.0,1.0,0.0,445.0,10.59666,4.0
1.0,hubei,4.0,21.0,0.0,0.0,0.0,441.0,0.0,15.0,0.0,0.0,0.0,445.0,10.819798,5.0
1.0,hubei,4.0,50.0,0.0,0.0,1.0,2500.0,1.0,16.0,10.59666,0.0,0.0,445.0,10.463132,4.0
1.0,hubei,4.0,63.0,0.0,0.0,0.0,3969.0,1.0,6.0,,1.0,0.0,445.0,10.819798,3.0
0.0,hubei,4.0,71.0,0.0,0.0,0.0,5041.0,1.0,6.0,8.0067005,1.0,0.0,445.0,11.002116,4.0
0.0,hubei,2.0,49.0,0.0,0.0,1.0,2401.0,1.0,6.0,0.0,1.0,0.0,445.0,9.9035378,3.0
1.0,hubei,2.0,67.0,0.69314718,0.0,1.0,4489.0,0.0,6.0,8.0067005,0.0,0.0,445.0,10.59666,2.0
1.0,hubei,4.0,60.0,2.3978953,0.0,0.0,3600.0,1.0,9.0,8.0067005,1.0,0.0,445.0,,4.0
1.0,hubei,2.0,63.0,0.0,0.0,1.0,3969.0,1.0,6.0,9.7981825,1.0,0.0,445.0,10.778977,2.0
1.0,hubei,2.0,60.0,0.0,0.0,1.0,3600.0,1.0,0.0,10.308986,1.0,0.0,445.0,10.308986,2.0
1.0,hubei,4.0,65.0,0.0,0.0,1.0,4225.0,1.0,6.0,9.392745,0.0,0.0,445.0,11.608245,3.0
1.0,hubei,3.0,65.0,0.0,0.0,0.0,4225.0,1.0,0.0,9.9035378,0.0,0.0,445.0,10.819798,2.0
1.0,hubei,4.0,46.0,0.0,0.0,1.0,2116.0,1.0,6.0,,1.0,0.0,445.0,,4.0
0.0,hubei,4.0,55.0,0.0,0.0,0.0,3025.0,0.0,9.0,11.002116,1.0,0.0,445.0,11.002116,4.0
0.0,hubei,3.0,58.0,0.0,0.0,0.0,3364.0,1.0,6.0,7.6014023,1.0,0.0,445.0,7.6014023,2.0
1.0,hubei,5.0,56.0,0.0,0.0,1.0,3136.0,1.0,9.0,0.0,1.0,0.0,445.0,11.512936,5.0
1.0,hubei,3.0,55.0,0.0,0.0,1.0,3025.0,1.0,6.0,0.0,0.0,0.0,445.0,11.002116,2.0
1.0,hubei,4.0,65.0,2.3978953,0.0,1.0,4225.0,0.0,6.0,10.463132,0.0,0.0,445.0,10.71444,2.0
1.0,hubei,4.0,38.0,0.0,0.0,1.0,1444.0,1.0,12.0,9.9804945,1.0,0.0,445.0,11.178864,4.0
0.0,hubei,2.0,70.0,0.0,1.0,1.0,4900.0,1.0,9.0,,1.0,0.0,445.0,,2.0
1.0,hubei,4.0,23.0,0.0,0.0,0.0,529.0,0.0,15.0,10.819798,0.0,0.0,445.0,11.156265,4.0
1.0,hubei,4.0,38.0,0.0,0.0,0.0,1444.0,1.0,0.0,8.6126852,0.0,0.0,445.0,15.384127,2.0
0.0,hubei,4.0,59.0,0.0,1.0,1.0,3481.0,1.0,12.0,8.0067005,1.0,1.0,445.0,11.156265,2.0
1.0,hubei,4.0,37.0,0.0,0.0,1.0,1369.0,1.0,12.0,10.308986,1.0,0.0,445.0,11.608245,4.0
1.0,hubei,4.0,35.0,0.0,0.0,1.0,1225.0,0.0,15.0,12.206078,0.0,0.0,445.0,12.206078,4.0
1.0,hubei,4.0,33.0,0.0,0.0,1.0,1089.0,0.0,9.0,11.002116,0.0,0.0,445.0,11.156265,3.0
1.0,hubei,2.0,30.0,0.0,0.0,0.0,900.0,1.0,12.0,10.819798,0.0,0.0,445.0,10.819798,4.0
1.0,hubei,3.0,67.0,0.0,0.0,1.0,4489.0,0.0,9.0,10.778977,0.0,1.0,445.0,11.289794,4.0
1.0,hubei,4.0,55.0,1.3862944,0.0,1.0,3025.0,1.0,9.0,10.085851,0.0,0.0,445.0,10.819798,5.0
1.0,hubei,3.0,53.0,0.0,0.0,0.0,2809.0,1.0,9.0,8.5173931,0.0,0.0,445.0,0.0,5.0
1.0,hubei,4.0,66.0,0.0,0.0,1.0,4356.0,0.0,9.0,10.491302,0.0,1.0,445.0,11.156265,5.0
0.0,hubei,4.0,58.0,0.0,0.0,1.0,3364.0,0.0,6.0,9.2104406,1.0,0.0,445.0,10.59666,2.0
1.0,hubei,4.0,20.0,0.0,0.0,0.0,400.0,0.0,16.0,0.0,1.0,0.0,445.0,11.918397,4.0
0.0,hubei,3.0,52.0,0.0,0.0,1.0,2704.0,1.0,9.0,0.0,0.0,0.0,445.0,10.778977,4.0
0.0,hubei,2.0,74.0,0.0,0.0,1.0,5476.0,1.0,0.0,,0.0,0.0,445.0,0.0,2.0
1.0,hubei,4.0,49.0,0.0,0.0,1.0,2401.0,1.0,9.0,12.301388,1.0,0.0,445.0,11.512936,2.0
1.0,hubei,4.0,43.0,0.0,0.0,0.0,1849.0,0.0,6.0,,1.0,0.0,445.0,,4.0
1.0,hubei,2.0,69.0,0.0,0.0,1.0,4761.0,0.0,6.0,9.2104406,0.0,0.0,445.0,9.9035378,2.0
1.0,hubei,4.0,40.0,0.0,0.0,1.0,1600.0,1.0,12.0,0.0,0.0,0.0,445.0,12.611541,4.0
1.0,hubei,4.0,39.0,0.0,0.0,1.0,1521.0,1.0,9.0,0.0,1.0,0.0,445.0,10.308986,3.0
1.0,hubei,2.0,57.0,0.0,1.0,0.0,3249.0,1.0,6.0,0.0,1.0,0.0,445.0,10.126671,2.0
1.0,hubei,4.0,32.0,0.0,0.0,1.0,1024.0,0.0,9.0,10.819798,1.0,1.0,445.0,10.819798,4.0
1.0,hubei,4.0,36.0,1.0986123,0.0,1.0,1296.0,1.0,9.0,0.0,1.0,0.0,445.0,10.308986,5.0
0.0,hubei,1.0,50.0,0.0,0.0,1.0,2500.0,0.0,6.0,9.2104406,1.0,0.0,445.0,9.9035378,1.0
1.0,hubei,3.0,83.0,1.7917595,0.0,0.0,6889.0,1.0,0.0,6.9087548,1.0,0.0,445.0,10.71444,2.0
1.0,hubei,4.0,72.0,0.0,0.0,0.0,5184.0,1.0,6.0,10.043293,0.0,0.0,445.0,,2.0
1.0,hubei,4.0,71.0,0.0,0.0,0.0,5041.0,1.0,0.0,0.0,1.0,0.0,445.0,6.9087548,5.0
1.0,hubei,5.0,28.0,0.0,0.0,1.0,784.0,0.0,16.0,11.184435,0.0,0.0,445.0,11.184435,4.0
0.0,hubei,4.0,23.0,0.0,0.0,1.0,529.0,1.0,9.0,9.7981825,1.0,0.0,445.0,,4.0
0.0,hubei,4.0,52.0,0.0,0.0,1.0,2704.0,0.0,9.0,9.9035378,1.0,0.0,445.0,10.308986,4.0
0.0,hubei,4.0,66.0,0.0,0.0,1.0,4356.0,0.0,9.0,9.9035378,1.0,0.0,445.0,9.9035378,4.0
1.0,hubei,4.0,58.0,0.0,0.0,1.0,3364.0,0.0,12.0,10.59666,1.0,0.0,445.0,11.695255,4.0
0.0,hubei,3.0,50.0,0.0,0.0,0.0,2500.0,0.0,6.0,0.0,1.0,0.0,445.0,0.0,2.0
1.0,hubei,4.0,34.0,0.0,0.0,1.0,1156.0,1.0,12.0,10.778977,0.0,0.0,445.0,11.512936,4.0
1.0,hubei,4.0,56.0,0.0,0.0,1.0,3136.0,1.0,9.0,9.392745,0.0,0.0,445.0,10.778977,2.0
1.0,hubei,2.0,44.0,0.0,0.0,0.0,1936.0,0.0,9.0,10.463132,0.0,0.0,445.0,10.463132,4.0
1.0,hubei,5.0,78.0,0.0,0.0,1.0,6084.0,0.0,12.0,10.422311,0.0,0.0,445.0,11.156265,3.0
1.0,hubei,3.0,56.0,0.0,0.0,0.0,3136.0,1.0,12.0,9.2104406,0.0,0.0,445.0,,2.0
1.0,hubei,4.0,37.0,0.0,0.0,1.0,1369.0,1.0,6.0,0.0,1.0,0.0,445.0,12.611541,1.0
1.0,hubei,4.0,66.0,0.0,0.0,1.0,4356.0,1.0,0.0,10.085851,0.0,0.0,445.0,11.002116,4.0
0.0,hubei,4.0,55.0,0.0,0.0,1.0,3025.0,0.0,9.0,8.5173931,1.0,0.0,445.0,9.2104406,4.0
1.0,hubei,4.0,73.0,0.0,1.0,1.0,5329.0,1.0,0.0,10.126671,1.0,0.0,445.0,12.254868,4.0
1.0,hubei,3.0,26.0,0.0,0.0,1.0,676.0,0.0,12.0,11.002116,1.0,0.0,445.0,11.002116,5.0
0.0,hubei,4.0,55.0,0.0,0.0,1.0,3025.0,0.0,9.0,9.9035378,1.0,0.0,445.0,11.156265,4.0
1.0,hubei,4.0,69.0,0.0,0.0,1.0,4761.0,0.0,6.0,10.778977,0.0,1.0,445.0,11.002116,2.0
1.0,hubei,4.0,63.0,0.0,0.0,1.0,3969.0,1.0,6.0,9.6158724,1.0,0.0,445.0,9.2104406,4.0
1.0,hubei,4.0,20.0,0.0,0.0,0.0,400.0,1.0,16.0,8.0067005,1.0,0.0,445.0,,3.0
1.0,hubei,4.0,79.0,1.7917595,0.0,0.0,6241.0,1.0,0.0,9.7410278,0.0,0.0,445.0,9.7410278,2.0
0.0,hubei,4.0,48.0,0.0,0.0,1.0,2304.0,0.0,9.0,8.5173931,1.0,0.0,445.0,9.2104406,4.0
1.0,hubei,4.0,24.0,0.0,0.0,1.0,576.0,1.0,12.0,8.5173931,1.0,0.0,445.0,10.819798,4.0
0.0,hubei,4.0,40.0,0.0,0.0,1.0,1600.0,0.0,9.0,10.308986,1.0,0.0,445.0,10.308986,2.0
0.0,hubei,4.0,57.0,0.0,0.0,1.0,3249.0,1.0,6.0,9.9035378,1.0,0.0,445.0,10.59666,2.0
1.0,hubei,4.0,53.0,1.7917595,0.0,1.0,2809.0,1.0,6.0,0.0,0.0,0.0,445.0,0.0,4.0
1.0,hubei,4.0,45.0,0.0,0.0,1.0,2025.0,0.0,9.0,11.002116,1.0,0.0,445.0,11.156265,3.0
1.0,hubei,4.0,81.0,0.0,0.0,1.0,6561.0,1.0,0.0,6.5525079,1.0,0.0,445.0,6.3985949,2.0
1.0,hubei,4.0,60.0,0.0,0.0,1.0,3600.0,0.0,6.0,0.0,1.0,0.0,445.0,10.491302,3.0
1.0,hubei,4.0,74.0,1.7917595,0.0,0.0,5476.0,1.0,6.0,9.6158724,0.0,0.0,445.0,9.6158724,2.0
0.0,hubei,4.0,30.0,2.3978953,0.0,1.0,900.0,1.0,9.0,9.6158724,1.0,0.0,445.0,10.819798,4.0
0.0,hubei,3.0,46.0,0.0,0.0,1.0,2116.0,1.0,9.0,0.0,1.0,0.0,445.0,10.308986,4.0
1.0,hubei,4.0,62.0,0.0,0.0,0.0,3844.0,0.0,0.0,8.5173931,1.0,0.0,445.0,,5.0
0.0,hubei,4.0,29.0,0.0,0.0,1.0,841.0,1.0,12.0,10.59666,1.0,0.0,445.0,11.289794,4.0
0.0,hubei,4.0,62.0,0.0,0.0,1.0,3844.0,0.0,6.0,9.9035378,1.0,0.0,445.0,,3.0
1.0,hubei,4.0,83.0,0.0,0.0,0.0,6889.0,1.0,12.0,10.650009,0.0,0.0,445.0,10.687686,4.0
0.0,hubei,4.0,59.0,0.0,0.0,1.0,3481.0,1.0,9.0,0.0,1.0,0.0,445.0,9.2104406,3.0
1.0,hubei,3.0,56.0,0.0,1.0,0.0,3136.0,0.0,6.0,11.127277,1.0,0.0,445.0,,3.0
1.0,hubei,3.0,29.0,0.0,1.0,0.0,841.0,0.0,19.0,0.0,1.0,0.0,445.0,10.308986,4.0
0.0,hubei,5.0,78.0,0.0,0.0,0.0,6084.0,0.0,6.0,,0.0,0.0,445.0,,1.0
1.0,hubei,2.0,57.0,2.0794415,0.0,1.0,3249.0,1.0,12.0,0.0,1.0,0.0,445.0,9.2104406,2.0
1.0,hubei,2.0,47.0,0.0,0.0,1.0,2209.0,1.0,9.0,0.0,1.0,0.0,445.0,11.002116,4.0
1.0,hubei,2.0,39.0,0.0,0.0,1.0,1521.0,1.0,6.0,0.0,1.0,0.0,445.0,10.819798,5.0
0.0,hubei,4.0,50.0,0.0,1.0,1.0,2500.0,1.0,6.0,8.0067005,1.0,0.0,445.0,10.59666,2.0
0.0,hubei,4.0,55.0,0.0,1.0,1.0,3025.0,0.0,9.0,9.6804066,1.0,0.0,445.0,9.9035378,4.0
1.0,hubei,3.0,80.0,0.0,0.0,0.0,6400.0,1.0,2.0,0.0,1.0,0.0,445.0,,4.0
1.0,hubei,5.0,40.0,0.0,0.0,1.0,1600.0,1.0,12.0,10.308986,0.0,0.0,445.0,11.407576,5.0
1.0,hubei,5.0,49.0,1.7917595,0.0,1.0,2401.0,0.0,12.0,,0.0,0.0,445.0,12.793862,4.0
1.0,hubei,4.0,33.0,1.9459101,0.0,1.0,1089.0,1.0,15.0,10.085851,0.0,0.0,445.0,10.819798,4.0
1.0,hubei,4.0,66.0,0.0,0.0,1.0,4356.0,0.0,6.0,10.59666,0.0,0.0,445.0,10.915107,2.0
1.0,hubei,3.0,55.0,1.7917595,0.0,1.0,3025.0,1.0,9.0,0.0,0.0,0.0,445.0,13.458838,5.0
1.0,hubei,5.0,42.0,4.1108737,0.0,1.0,1764.0,0.0,6.0,10.308986,1.0,0.0,445.0,10.819798,4.0
0.0,hubei,4.0,50.0,0.0,0.0,1.0,2500.0,1.0,6.0,9.3057413,1.0,0.0,445.0,9.9035378,4.0
0.0,hubei,5.0,63.0,0.0,0.0,1.0,3969.0,1.0,6.0,9.6158724,1.0,0.0,445.0,10.308986,4.0
1.0,hubei,4.0,54.0,0.0,0.0,1.0,2916.0,1.0,12.0,10.348206,0.0,0.0,445.0,11.643963,5.0
1.0,hubei,4.0,64.0,0.0,0.0,1.0,4096.0,0.0,6.0,9.392745,0.0,0.0,445.0,10.59666,3.0
1.0,hubei,4.0,20.0,0.0,0.0,0.0,400.0,1.0,16.0,6.9087548,0.0,0.0,445.0,10.59666,5.0
1.0,hubei,3.0,36.0,0.0,0.0,1.0,1296.0,0.0,16.0,,0.0,0.0,445.0,,4.0
0.0,hubei,2.0,52.0,0.0,0.0,1.0,2704.0,1.0,6.0,6.2166061,1.0,0.0,445.0,10.126671,2.0
1.0,hubei,4.0,50.0,0.0,0.0,1.0,2500.0,0.0,12.0,11.918397,1.0,1.0,445.0,12.345839,4.0
1.0,hubei,4.0,73.0,0.0,0.0,1.0,5329.0,1.0,6.0,10.491302,0.0,0.0,445.0,11.338584,3.0
1.0,hubei,4.0,19.0,0.0,1.0,0.0,361.0,0.0,15.0,11.512936,0.0,0.0,445.0,12.611541,5.0
1.0,hubei,2.0,50.0,0.0,0.0,1.0,2500.0,1.0,6.0,6.8035054,1.0,0.0,445.0,11.196857,4.0
1.0,hubei,4.0,55.0,5.7071104,0.0,1.0,3025.0,0.0,9.0,10.463132,0.0,1.0,445.0,9.9035378,4.0
1.0,hubei,3.0,36.0,0.0,0.0,1.0,1296.0,0.0,6.0,10.491302,1.0,0.0,445.0,11.002116,2.0
1.0,hubei,4.0,48.0,0.0,0.0,1.0,2304.0,1.0,12.0,10.308986,0.0,0.0,445.0,11.156265,2.0
1.0,hubei,5.0,49.0,0.0,1.0,1.0,2401.0,0.0,6.0,10.819798,1.0,0.0,445.0,11.512936,2.0
1.0,hubei,4.0,57.0,0.0,0.0,0.0,3249.0,1.0,9.0,9.392745,0.0,0.0,445.0,,4.0
0.0,hubei,3.0,60.0,0.0,0.0,1.0,3600.0,0.0,6.0,8.5173931,1.0,0.0,445.0,8.5173931,2.0
1.0,hubei,4.0,76.0,0.0,0.0,0.0,5776.0,1.0,12.0,10.085851,0.0,1.0,445.0,10.085851,3.0
1.0,hubei,4.0,79.0,0.0,0.0,0.0,6241.0,0.0,0.0,9.392745,1.0,0.0,445.0,,2.0
1.0,hubei,4.0,70.0,0.0,0.0,0.0,4900.0,1.0,2.0,9.9035378,1.0,0.0,445.0,11.002116,4.0
1.0,hubei,3.0,41.0,0.0,0.0,0.0,1681.0,0.0,9.0,9.9035378,0.0,0.0,445.0,9.9035378,4.0
1.0,hubei,3.0,34.0,0.0,0.0,1.0,1156.0,1.0,9.0,0.0,1.0,0.0,445.0,9.7981825,2.0
1.0,hubei,4.0,48.0,0.0,0.0,1.0,2304.0,0.0,6.0,11.002116,1.0,0.0,445.0,11.002116,5.0
0.0,hubei,3.0,43.0,0.0,0.0,0.0,1849.0,0.0,9.0,9.2104406,1.0,0.0,445.0,9.2104406,3.0
0.0,hubei,4.0,68.0,0.0,0.0,1.0,4624.0,1.0,6.0,8.5173931,0.0,0.0,445.0,10.59666,3.0
1.0,hubei,4.0,50.0,0.0,0.0,1.0,2500.0,0.0,9.0,9.9035378,1.0,0.0,445.0,10.126671,4.0
1.0,hubei,4.0,84.0,1.7917595,0.0,0.0,7056.0,1.0,6.0,0.0,1.0,0.0,445.0,,4.0
1.0,hubei,4.0,41.0,0.0,0.0,1.0,1681.0,0.0,15.0,10.308986,0.0,1.0,445.0,11.002116,4.0
1.0,hubei,4.0,59.0,0.0,0.0,1.0,3481.0,0.0,6.0,8.5173931,1.0,0.0,445.0,10.308986,4.0
1.0,hubei,3.0,55.0,0.0,0.0,1.0,3025.0,0.0,12.0,9.2104406,1.0,0.0,445.0,9.9035378,4.0
1.0,hubei,4.0,66.0,0.0,0.0,1.0,4356.0,0.0,9.0,,1.0,0.0,445.0,,3.0
1.0,hubei,3.0,54.0,0.0,0.0,1.0,2916.0,0.0,9.0,9.392745,1.0,0.0,445.0,10.463132,3.0
0.0,hubei,1.0,61.0,0.0,0.0,1.0,3721.0,0.0,6.0,6.2005091,1.0,0.0,445.0,6.8926415,2.0
1.0,hubei,4.0,70.0,0.0,0.0,0.0,4900.0,0.0,6.0,10.126671,1.0,0.0,445.0,10.463132,1.0
1.0,hubei,4.0,56.0,0.0,0.0,1.0,3136.0,1.0,12.0,7.4389715,0.0,0.0,445.0,11.918397,4.0
1.0,hubei,4.0,48.0,0.0,0.0,1.0,2304.0,1.0,6.0,9.9035378,0.0,0.0,445.0,11.289794,4.0
1.0,hubei,4.0,39.0,0.0,0.0,1.0,1521.0,0.0,9.0,10.71444,1.0,0.0,445.0,10.71444,4.0
1.0,hubei,4.0,67.0,0.0,0.0,1.0,4489.0,0.0,9.0,9.9035378,0.0,0.0,445.0,9.9035378,4.0
1.0,hubei,3.0,77.0,0.0,1.0,0.0,5929.0,1.0,0.0,,0.0,0.0,445.0,,2.0
0.0,hubei,4.0,53.0,0.0,0.0,1.0,2809.0,1.0,9.0,9.2104406,1.0,0.0,445.0,9.2104406,5.0
1.0,hubei,5.0,61.0,0.0,0.0,1.0,3721.0,0.0,9.0,10.308986,0.0,1.0,445.0,,3.0
0.0,hubei,4.0,22.0,0.0,1.0,1.0,484.0,1.0,6.0,0.0,1.0,0.0,445.0,10.308986,4.0
1.0,hubei,4.0,61.0,0.0,0.0,0.0,3721.0,1.0,6.0,9.6550903,1.0,0.0,445.0,10.896758,4.0
1.0,hubei,4.0,25.0,1.3862944,0.0,1.0,625.0,1.0,15.0,0.0,1.0,1.0,445.0,11.002116,5.0
1.0,hubei,4.0,78.0,0.0,0.0,1.0,6084.0,0.0,15.0,7.9377317,0.0,1.0,445.0,9.0361061,1.0
0.0,hubei,4.0,25.0,0.0,0.0,1.0,625.0,1.0,9.0,10.085851,1.0,0.0,445.0,10.778977,4.0
1.0,hubei,4.0,54.0,0.0,1.0,1.0,2916.0,0.0,12.0,10.819798,0.0,0.0,445.0,10.819798,3.0
1.0,hubei,4.0,70.0,0.0,0.0,1.0,4900.0,1.0,0.0,9.7981825,0.0,0.0,445.0,10.896758,2.0
0.0,hubei,4.0,52.0,0.0,0.0,1.0,2704.0,1.0,6.0,,0.0,0.0,445.0,10.308986,4.0
1.0,hubei,4.0,53.0,0.0,1.0,1.0,2809.0,1.0,6.0,8.9873219,1.0,0.0,445.0,8.9873219,2.0
1.0,hubei,4.0,23.0,0.0,0.0,0.0,529.0,0.0,12.0,,0.0,0.0,445.0,,4.0
0.0,hubei,4.0,46.0,0.0,0.0,1.0,2116.0,1.0,6.0,8.0067005,1.0,0.0,445.0,9.6158724,4.0
1.0,hubei,4.0,50.0,0.0,0.0,0.0,2500.0,1.0,12.0,10.819798,0.0,0.0,445.0,11.156265,4.0
1.0,hubei,2.0,48.0,0.0,0.0,1.0,2304.0,0.0,0.0,9.7981825,1.0,0.0,445.0,10.126671,1.0
1.0,hubei,3.0,66.0,0.0,0.0,1.0,4356.0,1.0,6.0,7.6014023,1.0,0.0,445.0,10.819798,2.0
1.0,hubei,4.0,66.0,0.0,0.0,1.0,4356.0,0.0,9.0,10.165891,0.0,0.0,445.0,10.463132,4.0
1.0,hubei,5.0,42.0,3.4339871,0.0,1.0,1764.0,1.0,6.0,,1.0,0.0,445.0,,4.0
0.0,hubei,4.0,29.0,0.0,0.0,1.0,841.0,1.0,6.0,,1.0,0.0,445.0,,4.0
1.0,hubei,4.0,21.0,0.0,0.0,0.0,441.0,1.0,16.0,0.0,0.0,0.0,445.0,11.608245,4.0
0.0,hubei,4.0,63.0,0.0,0.0,1.0,3969.0,1.0,6.0,9.2104406,1.0,0.0,445.0,9.2104406,1.0
1.0,hubei,4.0,82.0,0.0,0.0,0.0,6724.0,0.0,9.0,10.819798,0.0,0.0,445.0,10.819798,4.0
1.0,hubei,4.0,81.0,1.3862944,0.0,1.0,6561.0,0.0,0.0,8.2943001,0.0,0.0,445.0,11.002116,3.0
1.0,hubei,4.0,60.0,0.0,0.0,1.0,3600.0,0.0,12.0,9.392745,0.0,0.0,445.0,10.491302,4.0
1.0,hubei,4.0,24.0,0.0,0.0,0.0,576.0,0.0,16.0,10.308986,0.0,0.0,445.0,12.899222,4.0
0.0,hubei,5.0,40.0,0.0,0.0,1.0,1600.0,1.0,6.0,10.491302,1.0,0.0,445.0,11.407576,4.0
1.0,hubei,4.0,72.0,0.0,0.0,1.0,5184.0,1.0,6.0,9.6158724,0.0,0.0,445.0,10.778977,3.0
1.0,hubei,4.0,42.0,0.0,0.0,1.0,1764.0,0.0,12.0,10.463132,0.0,0.0,445.0,10.463132,3.0
0.0,hubei,3.0,43.0,0.0,1.0,1.0,1849.0,0.0,6.0,10.308986,1.0,0.0,445.0,10.308986,3.0
0.0,hubei,4.0,64.0,0.0,0.0,1.0,4096.0,1.0,6.0,9.2104406,1.0,0.0,445.0,9.9035378,3.0
1.0,hubei,4.0,59.0,0.0,0.0,1.0,3481.0,0.0,15.0,10.778977,0.0,1.0,445.0,11.512936,5.0
1.0,hubei,5.0,29.0,1.3862944,0.0,1.0,841.0,1.0,12.0,0.0,0.0,0.0,445.0,11.512936,5.0
1.0,hubei,5.0,77.0,0.0,0.0,0.0,5929.0,1.0,0.0,0.0,1.0,0.0,445.0,,5.0
1.0,hubei,4.0,24.0,0.0,0.0,0.0,576.0,1.0,16.0,10.126671,0.0,1.0,445.0,11.326608,4.0
0.0,hubei,1.0,66.0,0.0,0.0,0.0,4356.0,1.0,0.0,0.0,1.0,0.0,445.0,0.0,1.0
1.0,hubei,3.0,26.0,0.0,1.0,1.0,676.0,0.0,9.0,11.156265,1.0,0.0,445.0,10.819798,4.0
1.0,hubei,4.0,60.0,0.0,0.0,0.0,3600.0,1.0,9.0,9.392745,0.0,0.0,445.0,,4.0
1.0,hubei,5.0,48.0,0.0,0.0,1.0,2304.0,0.0,12.0,11.156265,0.0,0.0,445.0,10.59666,4.0
0.0,hubei,4.0,36.0,0.0,0.0,1.0,1296.0,0.0,12.0,9.7981825,1.0,0.0,445.0,9.7981825,4.0
1.0,hubei,3.0,28.0,0.69314718,0.0,1.0,784.0,1.0,12.0,10.308986,1.0,0.0,445.0,11.002116,4.0
1.0,hubei,5.0,56.0,0.0,0.0,1.0,3136.0,0.0,15.0,11.512936,0.0,1.0,445.0,11.982935,5.0
1.0,hubei,3.0,48.0,0.0,0.0,1.0,2304.0,0.0,12.0,10.819798,0.0,0.0,445.0,11.002116,3.0
1.0,hubei,4.0,54.0,0.0,0.0,1.0,2916.0,1.0,0.0,,1.0,0.0,445.0,,2.0
1.0,hubei,4.0,64.0,0.0,0.0,1.0,4096.0,0.0,9.0,,1.0,0.0,445.0,9.2104406,3.0
0.0,hubei,4.0,52.0,0.0,0.0,1.0,2704.0,0.0,6.0,10.308986,1.0,0.0,445.0,9.3057413,2.0
1.0,hubei,4.0,72.0,0.0,0.0,1.0,5184.0,0.0,6.0,10.385944,0.0,0.0,445.0,11.079077,4.0
1.0,hubei,4.0,52.0,0.0,0.0,1.0,2704.0,1.0,12.0,9.2104406,0.0,0.0,445.0,10.59666,2.0
1.0,hubei,4.0,60.0,0.0,0.0,1.0,3600.0,0.0,2.0,9.9035378,0.0,0.0,445.0,10.308986,2.0
0.0,hubei,4.0,36.0,0.0,0.0,1.0,1296.0,1.0,9.0,9.7981825,1.0,0.0,445.0,10.819798,3.0
1.0,hubei,4.0,52.0,0.0,0.0,1.0,2704.0,1.0,9.0,0.0,1.0,0.0,445.0,10.085851,5.0
0.0,hubei,4.0,24.0,0.0,0.0,0.0,576.0,1.0,12.0,10.59666,1.0,0.0,445.0,10.59666,4.0
0.0,hubei,4.0,52.0,0.0,0.0,1.0,2704.0,0.0,9.0,11.002116,1.0,0.0,445.0,11.512936,4.0
1.0,hubei,4.0,46.0,0.0,0.0,1.0,2116.0,1.0,9.0,9.9035378,0.0,0.0,445.0,10.819798,4.0
1.0,hubei,4.0,57.0,0.0,0.0,0.0,3249.0,1.0,9.0,10.085851,1.0,0.0,445.0,10.308986,4.0
1.0,hubei,4.0,68.0,0.0,0.0,1.0,4624.0,0.0,9.0,9.6158724,0.0,0.0,445.0,11.289794,1.0
0.0,hubei,4.0,56.0,0.0,0.0,1.0,3136.0,1.0,6.0,10.308986,0.0,0.0,445.0,10.819798,4.0
1.0,hubei,4.0,23.0,0.0,0.0,1.0,529.0,1.0,9.0,0.0,0.0,0.0,445.0,11.156265,5.0
1.0,hubei,5.0,49.0,0.0,0.0,1.0,2401.0,0.0,6.0,9.9035378,1.0,0.0,445.0,9.9035378,3.0
1.0,hubei,4.0,25.0,0.0,0.0,1.0,625.0,1.0,0.0,0.0,1.0,0.0,445.0,10.308986,4.0
1.0,hubei,5.0,36.0,0.0,0.0,1.0,1296.0,1.0,12.0,10.085851,1.0,0.0,445.0,11.512936,4.0
0.0,hubei,4.0,30.0,5.7071104,0.0,1.0,900.0,1.0,6.0,9.9035378,1.0,0.0,445.0,11.512936,4.0
1.0,hubei,2.0,85.0,0.0,0.0,0.0,7225.0,1.0,0.0,7.3138866,1.0,0.0,445.0,,2.0
0.0,hubei,3.0,67.0,0.0,0.0,1.0,4489.0,1.0,0.0,8.9873219,1.0,0.0,445.0,9.6158724,4.0
1.0,hubei,4.0,53.0,0.0,1.0,1.0,2809.0,1.0,9.0,10.126671,0.0,0.0,445.0,,4.0
1.0,hubei,4.0,30.0,0.0,0.0,1.0,900.0,0.0,9.0,10.915107,0.0,0.0,445.0,11.608245,4.0
0.0,hubei,4.0,28.0,0.0,0.0,1.0,784.0,1.0,9.0,10.59666,1.0,0.0,445.0,11.429555,4.0
0.0,hubei,5.0,63.0,0.0,0.0,1.0,3969.0,1.0,0.0,0.0,1.0,0.0,445.0,9.1050911,2.0
1.0,hubei,3.0,61.0,0.0,0.0,0.0,3721.0,1.0,6.0,,1.0,0.0,445.0,,4.0
1.0,hubei,4.0,75.0,0.0,0.0,0.0,5625.0,1.0,6.0,9.6158724,0.0,0.0,445.0,9.6158724,2.0
0.0,hubei,4.0,55.0,0.0,0.0,0.0,3025.0,1.0,0.0,0.0,1.0,0.0,445.0,9.9035378,4.0
1.0,hubei,3.0,75.0,0.0,0.0,1.0,5625.0,0.0,9.0,10.308986,1.0,0.0,445.0,10.308986,5.0
0.0,hubei,4.0,62.0,0.0,0.0,1.0,3844.0,0.0,0.0,10.819798,1.0,0.0,445.0,11.002116,1.0
0.0,hubei,4.0,32.0,2.7725887,0.0,1.0,1024.0,1.0,16.0,10.59666,1.0,1.0,445.0,10.819798,4.0
1.0,hubei,4.0,26.0,0.0,0.0,0.0,676.0,1.0,15.0,11.849405,1.0,0.0,445.0,12.100718,5.0
1.0,hubei,4.0,76.0,0.0,0.0,1.0,5776.0,0.0,12.0,11.289794,0.0,0.0,445.0,11.695255,4.0
1.0,hubei,5.0,55.0,0.0,0.0,1.0,3025.0,0.0,12.0,10.827766,0.0,1.0,445.0,11.225257,4.0
1.0,hubei,2.0,47.0,0.0,0.0,1.0,2209.0,0.0,9.0,10.491302,1.0,0.0,445.0,10.59666,3.0
0.0,hubei,4.0,60.0,0.0,0.0,1.0,3600.0,0.0,12.0,9.2104406,1.0,0.0,445.0,10.126671,3.0
1.0,hubei,4.0,63.0,0.0,0.0,1.0,3969.0,0.0,6.0,9.2104406,1.0,0.0,445.0,8.5173931,3.0
1.0,hubei,2.0,31.0,0.0,0.0,0.0,961.0,0.0,0.0,,1.0,0.0,445.0,,3.0
0.0,hubei,2.0,61.0,0.0,0.0,1.0,3721.0,0.0,12.0,8.0067005,0.0,0.0,445.0,9.2104406,2.0
1.0,hubei,5.0,80.0,0.0,0.0,1.0,6400.0,0.0,16.0,11.184435,0.0,0.0,445.0,11.446796,4.0
1.0,hubei,4.0,51.0,0.0,0.0,1.0,2601.0,0.0,12.0,9.9035378,1.0,0.0,445.0,11.156265,4.0
0.0,hubei,4.0,55.0,0.0,0.0,0.0,3025.0,0.0,6.0,8.2943001,1.0,0.0,445.0,8.2943001,2.0
1.0,hubei,3.0,51.0,0.0,0.0,0.0,2601.0,1.0,9.0,10.59666,0.0,0.0,445.0,11.002116,4.0
0.0,hubei,2.0,49.0,0.0,0.0,1.0,2401.0,1.0,6.0,8.8538084,1.0,0.0,445.0,9.6158724,4.0
0.0,hubei,2.0,83.0,0.0,1.0,0.0,6889.0,1.0,0.0,8.2943001,1.0,0.0,445.0,8.2943001,4.0
1.0,hubei,4.0,72.0,0.0,0.0,1.0,5184.0,1.0,6.0,8.6996813,0.0,0.0,445.0,10.59666,3.0
0.0,hubei,2.0,46.0,0.0,0.0,1.0,2116.0,1.0,6.0,8.0067005,1.0,0.0,445.0,9.9035378,4.0
0.0,hubei,2.0,69.0,0.0,0.0,0.0,4761.0,1.0,0.0,0.0,1.0,0.0,445.0,0.0,2.0
0.0,hubei,4.0,70.0,0.0,0.0,1.0,4900.0,1.0,0.0,7.6014023,1.0,0.0,445.0,8.2943001,2.0
0.0,hubei,5.0,45.0,0.0,0.0,1.0,2025.0,0.0,12.0,9.9035378,1.0,0.0,445.0,10.819798,5.0
0.0,hubei,4.0,68.0,0.0,1.0,1.0,4624.0,1.0,0.0,9.2104406,1.0,0.0,445.0,9.2104406,3.0
1.0,hubei,3.0,60.0,0.0,0.0,1.0,3600.0,0.0,9.0,10.59666,1.0,0.0,445.0,11.002116,3.0
0.0,hubei,3.0,56.0,0.0,0.0,1.0,3136.0,1.0,6.0,7.3138866,1.0,0.0,445.0,9.2104406,1.0
0.0,hubei,4.0,53.0,0.0,0.0,0.0,2809.0,1.0,9.0,0.0,1.0,0.0,445.0,9.9035378,3.0
0.0,hubei,2.0,83.0,0.0,1.0,0.0,6889.0,1.0,0.0,7.4389715,1.0,0.0,445.0,,2.0
0.0,hubei,2.0,60.0,0.0,0.0,0.0,3600.0,1.0,0.0,,1.0,0.0,445.0,,4.0
1.0,hubei,4.0,71.0,3.0445225,0.0,0.0,5041.0,0.0,12.0,8.0067005,0.0,0.0,445.0,10.308986,4.0
0.0,hubei,4.0,72.0,0.0,0.0,1.0,5184.0,1.0,6.0,8.0067005,1.0,0.0,445.0,10.308986,2.0
1.0,hubei,3.0,56.0,0.0,0.0,1.0,3136.0,0.0,12.0,10.59666,1.0,0.0,445.0,11.512936,4.0
1.0,hubei,4.0,35.0,0.0,0.0,1.0,1225.0,1.0,12.0,10.085851,1.0,0.0,445.0,13.017005,4.0
1.0,hubei,4.0,69.0,0.0,0.0,1.0,4761.0,0.0,6.0,,1.0,0.0,445.0,,4.0
1.0,hubei,4.0,26.0,3.0445225,0.0,0.0,676.0,1.0,16.0,10.819798,0.0,0.0,445.0,11.512936,4.0
1.0,hubei,4.0,55.0,3.9318256,0.0,0.0,3025.0,0.0,0.0,10.308986,0.0,0.0,445.0,11.002116,4.0
0.0,hubei,5.0,68.0,0.0,0.0,0.0,4624.0,1.0,0.0,,1.0,0.0,445.0,10.308986,2.0
0.0,hubei,4.0,52.0,0.0,0.0,1.0,2704.0,1.0,6.0,9.9134874,1.0,0.0,445.0,10.308986,4.0
1.0,hubei,4.0,51.0,2.3978953,0.0,1.0,2601.0,0.0,12.0,0.0,0.0,0.0,445.0,10.308986,4.0
1.0,hubei,4.0,34.0,2.3978953,0.0,1.0,1156.0,0.0,9.0,10.308986,0.0,0.0,445.0,11.002116,4.0
0.0,hubei,3.0,65.0,0.0,0.0,1.0,4225.0,0.0,6.0,7.6014023,1.0,0.0,445.0,7.6014023,2.0
0.0,hubei,2.0,36.0,0.0,0.0,1.0,1296.0,1.0,6.0,9.9035378,1.0,0.0,445.0,9.9035378,4.0
0.0,hubei,4.0,63.0,0.0,0.0,1.0,3969.0,0.0,9.0,8.8538084,1.0,1.0,445.0,9.5468836,3.0
1.0,hubei,3.0,31.0,0.0,0.0,0.0,961.0,0.0,16.0,,1.0,0.0,445.0,,3.0
0.0,hubei,3.0,60.0,0.0,0.0,1.0,3600.0,0.0,9.0,10.59666,1.0,0.0,445.0,10.819798,3.0
1.0,hubei,4.0,61.0,0.0,0.0,1.0,3721.0,0.0,6.0,9.9035378,0.0,0.0,445.0,,4.0
0.0,hubei,4.0,48.0,0.0,0.0,1.0,2304.0,1.0,9.0,9.2104406,1.0,0.0,445.0,10.308986,4.0
1.0,hubei,4.0,65.0,2.3978953,0.0,1.0,4225.0,0.0,9.0,6.3985949,0.0,0.0,445.0,11.002116,4.0
0.0,hubei,4.0,70.0,0.0,0.0,1.0,4900.0,1.0,6.0,9.9035378,1.0,0.0,445.0,9.9035378,4.0
1.0,hubei,2.0,35.0,0.0,0.0,1.0,1225.0,0.0,6.0,9.7981825,1.0,0.0,445.0,9.4727812,5.0
0.0,hubei,4.0,56.0,0.0,0.0,1.0,3136.0,1.0,6.0,10.308986,1.0,0.0,445.0,10.308986,2.0
1.0,hubei,4.0,84.0,0.0,0.0,1.0,7056.0,0.0,0.0,6.9087548,1.0,0.0,445.0,,4.0
1.0,hubei,4.0,67.0,0.0,0.0,1.0,4489.0,1.0,6.0,9.6158724,0.0,0.0,445.0,10.491302,1.0
1.0,hubei,3.0,48.0,0.0,0.0,1.0,2304.0,0.0,12.0,10.59666,0.0,1.0,445.0,11.002116,2.0
1.0,hubei,5.0,27.0,0.0,0.0,1.0,729.0,1.0,16.0,10.819798,1.0,1.0,445.0,11.512936,5.0
1.0,hubei,5.0,76.0,0.0,0.0,0.0,5776.0,1.0,0.0,6.8679743,1.0,0.0,445.0,11.695255,3.0
1.0,hubei,4.0,72.0,0.0,0.0,0.0,5184.0,0.0,6.0,10.085851,0.0,0.0,445.0,10.085851,4.0
1.0,hubei,4.0,57.0,0.0,0.0,1.0,3249.0,0.0,0.0,9.9035378,1.0,0.0,445.0,10.819798,3.0
0.0,hubei,3.0,51.0,0.0,0.0,1.0,2601.0,1.0,9.0,,1.0,0.0,445.0,,2.0
1.0,hubei,3.0,41.0,0.0,1.0,1.0,1681.0,0.0,0.0,11.695255,1.0,0.0,445.0,11.775297,3.0
1.0,hubei,5.0,27.0,0.0,0.0,1.0,729.0,0.0,15.0,,1.0,0.0,445.0,11.918397,4.0
1.0,hubei,3.0,64.0,0.0,0.0,0.0,4096.0,0.0,12.0,8.5173931,1.0,0.0,445.0,8.6996813,4.0
0.0,hubei,2.0,49.0,0.0,0.0,0.0,2401.0,1.0,6.0,8.5173931,1.0,0.0,445.0,8.5173931,4.0
0.0,hubei,4.0,50.0,0.0,1.0,1.0,2500.0,1.0,0.0,0.0,1.0,0.0,445.0,9.9035378,2.0
1.0,hubei,4.0,77.0,0.0,0.0,0.0,5929.0,0.0,9.0,8.2943001,1.0,0.0,445.0,8.2943001,4.0
0.0,hubei,4.0,74.0,0.0,0.0,1.0,5476.0,0.0,6.0,8.1608038,1.0,1.0,445.0,9.2104406,1.0
1.0,hubei,4.0,50.0,0.0,0.0,1.0,2500.0,0.0,12.0,10.59666,0.0,0.0,445.0,11.289794,4.0
0.0,hubei,4.0,51.0,0.0,0.0,0.0,2601.0,0.0,9.0,10.126671,1.0,0.0,445.0,10.308986,4.0
1.0,hubei,4.0,37.0,0.0,0.0,1.0,1369.0,1.0,15.0,,0.0,0.0,445.0,10.308986,4.0
0.0,hubei,2.0,68.0,0.0,0.0,1.0,4624.0,1.0,0.0,6.9087548,1.0,0.0,445.0,8.0067005,2.0
0.0,hubei,4.0,27.0,0.0,0.0,1.0,729.0,0.0,12.0,9.6158724,1.0,0.0,445.0,9.9035378,4.0
0.0,hubei,2.0,81.0,0.0,1.0,1.0,6561.0,1.0,0.0,8.0067005,1.0,0.0,445.0,10.308986,2.0
0.0,hubei,4.0,31.0,0.0,0.0,1.0,961.0,1.0,0.0,8.0067005,1.0,0.0,445.0,9.9035378,3.0
0.0,hubei,4.0,83.0,0.0,0.0,0.0,6889.0,1.0,0.0,,1.0,0.0,445.0,,4.0
0.0,hubei,3.0,63.0,0.0,0.0,0.0,3969.0,1.0,6.0,0.0,1.0,0.0,445.0,0.0,2.0
0.0,hubei,4.0,50.0,0.0,0.0,1.0,2500.0,0.0,9.0,9.9035378,1.0,0.0,445.0,10.463132,2.0
1.0,hubei,3.0,40.0,0.0,0.0,1.0,1600.0,0.0,9.0,10.463132,1.0,0.0,445.0,10.71444,2.0
0.0,hubei,3.0,74.0,0.0,0.0,1.0,5476.0,1.0,0.0,7.003974,1.0,0.0,445.0,8.8538084,3.0
1.0,hubei,4.0,36.0,0.0,0.0,1.0,1296.0,0.0,9.0,11.695255,1.0,0.0,445.0,12.206078,4.0
0.0,hubei,4.0,81.0,0.0,0.0,0.0,6561.0,1.0,0.0,6.9087548,1.0,0.0,445.0,6.9087548,4.0
1.0,hubei,3.0,51.0,0.0,0.0,0.0,2601.0,1.0,6.0,9.6158724,0.0,0.0,445.0,10.819798,4.0
1.0,hubei,4.0,61.0,0.0,0.0,1.0,3721.0,0.0,9.0,0.0,0.0,0.0,445.0,11.512936,4.0
0.0,hubei,4.0,90.0,0.0,1.0,1.0,8100.0,0.0,2.0,8.0067005,1.0,0.0,445.0,8.6996813,3.0
0.0,hubei,2.0,56.0,0.0,0.0,1.0,3136.0,0.0,9.0,9.9035378,1.0,0.0,445.0,9.9988432,4.0
1.0,hubei,4.0,42.0,0.0,0.0,1.0,1764.0,0.0,12.0,,0.0,1.0,445.0,,4.0
1.0,hubei,2.0,51.0,0.0,0.0,1.0,2601.0,0.0,16.0,10.59666,0.0,1.0,445.0,11.289794,2.0
1.0,hubei,2.0,58.0,0.0,0.0,1.0,3364.0,0.0,6.0,9.2104406,1.0,0.0,445.0,10.463132,4.0
1.0,hubei,3.0,25.0,0.0,0.0,1.0,625.0,1.0,12.0,9.6158724,1.0,0.0,445.0,9.9035378,3.0
1.0,hubei,2.0,50.0,0.0,0.0,0.0,2500.0,1.0,6.0,10.308986,0.0,0.0,445.0,10.308986,4.0
0.0,hubei,2.0,56.0,0.0,0.0,1.0,3136.0,0.0,12.0,9.2104406,1.0,0.0,445.0,10.308986,2.0
0.0,hubei,4.0,32.0,1.7917595,0.0,1.0,1024.0,1.0,6.0,,1.0,0.0,445.0,10.126671,5.0
0.0,hubei,3.0,57.0,0.69314718,0.0,1.0,3249.0,1.0,9.0,0.0,1.0,0.0,445.0,0.0,4.0
0.0,hubei,3.0,56.0,0.0,0.0,1.0,3136.0,1.0,9.0,7.6014023,1.0,0.0,445.0,10.308986,2.0
1.0,hubei,3.0,26.0,0.0,0.0,1.0,676.0,1.0,9.0,0.0,1.0,0.0,445.0,11.002116,5.0
0.0,hubei,5.0,29.0,0.0,0.0,1.0,841.0,1.0,9.0,0.0,1.0,0.0,445.0,11.002116,5.0
0.0,hubei,2.0,85.0,0.0,0.0,0.0,7225.0,1.0,0.0,0.0,1.0,0.0,445.0,0.0,1.0
0.0,hubei,3.0,53.0,0.0,0.0,0.0,2809.0,1.0,9.0,8.2943001,1.0,0.0,445.0,10.308986,2.0
1.0,hubei,4.0,50.0,0.0,0.0,1.0,2500.0,0.0,12.0,11.512936,1.0,1.0,445.0,12.611541,4.0
0.0,hubei,5.0,59.0,0.0,0.0,1.0,3481.0,0.0,12.0,9.6158724,1.0,0.0,445.0,10.126671,3.0
0.0,hubei,4.0,64.0,0.0,0.0,1.0,4096.0,1.0,0.0,0.0,1.0,0.0,445.0,10.59666,2.0
0.0,hubei,4.0,76.0,0.0,0.0,1.0,5776.0,0.0,6.0,6.8679743,1.0,0.0,445.0,7.5606012,4.0
0.0,hubei,3.0,62.0,0.0,0.0,0.0,3844.0,0.0,0.0,7.6014023,1.0,0.0,445.0,7.6014023,2.0
0.0,hubei,3.0,77.0,0.0,0.0,1.0,5929.0,0.0,6.0,7.9377317,1.0,0.0,445.0,8.2943001,2.0
1.0,hubei,5.0,45.0,0.0,0.0,1.0,2025.0,0.0,9.0,10.308986,1.0,0.0,445.0,10.819798,3.0
1.0,hubei,3.0,63.0,0.0,0.0,1.0,3969.0,1.0,9.0,8.6996813,1.0,0.0,445.0,9.2104406,3.0
0.0,hubei,4.0,40.0,0.0,0.0,1.0,1600.0,0.0,9.0,9.7981825,1.0,0.0,445.0,10.043293,4.0
1.0,hubei,4.0,64.0,0.0,0.0,1.0,4096.0,1.0,6.0,9.2104406,1.0,0.0,445.0,9.9035378,4.0
0.0,hubei,3.0,62.0,0.0,0.0,1.0,3844.0,0.0,9.0,8.8538084,1.0,0.0,445.0,10.463132,3.0
0.0,hubei,4.0,66.0,0.0,0.0,0.0,4356.0,1.0,0.0,7.7836404,1.0,0.0,445.0,,3.0
1.0,hubei,4.0,50.0,0.0,0.0,1.0,2500.0,1.0,12.0,9.9035378,0.0,0.0,445.0,11.002116,4.0
1.0,hubei,5.0,56.0,0.0,0.0,1.0,3136.0,1.0,12.0,0.0,0.0,0.0,445.0,11.156265,5.0
1.0,hubei,4.0,21.0,0.0,0.0,0.0,441.0,0.0,12.0,11.002116,0.0,0.0,445.0,11.472114,5.0
0.0,hubei,4.0,46.0,0.0,0.0,1.0,2116.0,0.0,0.0,10.59666,1.0,0.0,445.0,11.289794,4.0
0.0,hubei,4.0,50.0,0.0,0.0,1.0,2500.0,1.0,9.0,9.2104406,1.0,0.0,445.0,10.59666,2.0
1.0,hubei,4.0,57.0,0.0,0.0,1.0,3249.0,0.0,6.0,10.308986,1.0,,445.0,10.59666,2.0
1.0,hubei,3.0,35.0,0.0,1.0,1.0,1225.0,1.0,6.0,0.0,1.0,0.0,445.0,9.9035378,2.0
1.0,hubei,4.0,63.0,0.0,0.0,1.0,3969.0,0.0,12.0,10.308986,0.0,1.0,445.0,11.156265,2.0
1.0,hubei,4.0,48.0,0.0,0.0,1.0,2304.0,0.0,12.0,10.126671,0.0,0.0,445.0,10.819798,4.0
0.0,hubei,4.0,69.0,0.0,1.0,0.0,4761.0,1.0,6.0,8.0067005,1.0,0.0,445.0,10.308986,3.0
1.0,hubei,4.0,36.0,0.0,0.0,1.0,1296.0,0.0,12.0,,0.0,0.0,445.0,,4.0
1.0,hubei,4.0,57.0,0.0,0.0,1.0,3249.0,0.0,12.0,12.611541,0.0,0.0,445.0,12.611541,4.0
0.0,hubei,4.0,66.0,0.0,0.0,1.0,4356.0,0.0,9.0,7.6014023,1.0,0.0,445.0,11.552155,2.0
1.0,hubei,4.0,46.0,0.0,0.0,1.0,2116.0,0.0,12.0,11.082158,0.0,1.0,445.0,11.512936,4.0
1.0,hubei,4.0,30.0,2.3978953,0.0,1.0,900.0,1.0,12.0,10.308986,0.0,0.0,445.0,11.608245,4.0
0.0,hubei,5.0,65.0,0.0,0.0,1.0,4225.0,1.0,0.0,9.9035378,1.0,0.0,445.0,10.126671,3.0
0.0,hubei,3.0,72.0,0.0,1.0,1.0,5184.0,0.0,6.0,8.6996813,1.0,0.0,445.0,9.2104406,2.0
0.0,hubei,3.0,58.0,0.0,0.0,1.0,3364.0,1.0,6.0,7.8244457,1.0,0.0,445.0,10.819798,3.0
1.0,hubei,4.0,52.0,0.0,0.0,1.0,2704.0,0.0,0.0,10.308986,1.0,0.0,445.0,10.308986,4.0
0.0,hubei,4.0,29.0,0.0,0.0,0.0,841.0,0.0,12.0,10.59666,1.0,0.0,445.0,11.289794,5.0
0.0,hubei,4.0,61.0,0.0,0.0,1.0,3721.0,0.0,12.0,9.2104406,1.0,1.0,445.0,9.2104406,3.0
1.0,hubei,4.0,65.0,0.0,0.0,1.0,4225.0,1.0,6.0,8.0067005,1.0,0.0,445.0,8.0067005,4.0
0.0,hubei,5.0,67.0,0.0,0.0,1.0,4489.0,0.0,9.0,10.915107,1.0,1.0,445.0,10.915107,4.0
1.0,hubei,4.0,66.0,0.0,0.0,1.0,4356.0,0.0,9.0,10.268166,0.0,0.0,445.0,11.060385,4.0
0.0,hubei,2.0,44.0,0.0,0.0,1.0,1936.0,0.0,9.0,11.002116,1.0,0.0,445.0,11.512936,4.0
1.0,hubei,4.0,64.0,0.0,0.0,1.0,4096.0,1.0,6.0,0.0,1.0,0.0,445.0,9.9035378,4.0
0.0,hubei,5.0,55.0,0.0,0.0,1.0,3025.0,0.0,9.0,9.6158724,1.0,0.0,445.0,10.308986,5.0
0.0,hubei,4.0,60.0,0.0,0.0,1.0,3600.0,1.0,15.0,10.463132,0.0,0.0,445.0,10.463132,2.0
1.0,hubei,1.0,63.0,0.0,0.0,1.0,3969.0,0.0,9.0,10.085851,0.0,0.0,445.0,10.851296,2.0
0.0,hubei,3.0,34.0,0.0,0.0,1.0,1156.0,0.0,6.0,10.308986,1.0,0.0,445.0,11.156265,4.0
1.0,hubei,5.0,80.0,1.7917595,0.0,1.0,6400.0,0.0,16.0,10.727685,0.0,0.0,445.0,11.097425,1.0
0.0,hubei,4.0,70.0,0.0,0.0,1.0,4900.0,0.0,0.0,0.0,1.0,0.0,445.0,8.2943001,2.0
1.0,hubei,4.0,18.0,0.0,0.0,0.0,324.0,1.0,16.0,0.0,0.0,0.0,445.0,10.491302,5.0
1.0,hubei,5.0,43.0,0.0,0.0,1.0,1849.0,1.0,6.0,10.308986,0.0,0.0,445.0,11.461642,4.0
1.0,hubei,4.0,49.0,0.0,0.0,1.0,2401.0,0.0,6.0,10.126671,1.0,0.0,445.0,10.819798,4.0
1.0,hubei,4.0,88.0,1.7917595,0.0,0.0,7744.0,0.0,0.0,6.9087548,1.0,0.0,445.0,,2.0
1.0,hunan,5.0,24.0,0.0,0.0,0.0,576.0,1.0,19.0,0.0,1.0,0.0,256.0,12.206078,5.0
0.0,hunan,4.0,50.0,0.0,0.0,1.0,2500.0,0.0,9.0,0.0,1.0,0.0,256.0,10.59666,3.0
1.0,hunan,4.0,50.0,0.0,0.0,1.0,2500.0,0.0,6.0,0.0,0.0,0.0,256.0,9.7981825,4.0
1.0,hunan,4.0,37.0,0.0,0.0,1.0,1369.0,1.0,6.0,8.5943394,1.0,0.0,256.0,,4.0
1.0,hunan,4.0,76.0,1.9459101,0.0,1.0,5776.0,0.0,6.0,6.9087548,1.0,0.0,256.0,,4.0
0.0,hunan,3.0,61.0,0.0,0.0,1.0,3721.0,0.0,12.0,,1.0,0.0,256.0,,2.0
1.0,hunan,5.0,70.0,0.0,0.0,0.0,4900.0,0.0,9.0,,0.0,0.0,256.0,,4.0
0.0,hunan,4.0,42.0,0.0,0.0,1.0,1764.0,0.0,6.0,9.4727812,1.0,1.0,256.0,9.4727812,4.0
0.0,hunan,5.0,57.0,0.0,1.0,1.0,3249.0,1.0,6.0,0.0,1.0,0.0,256.0,7.8244457,2.0
1.0,hunan,2.0,60.0,0.0,0.0,1.0,3600.0,1.0,6.0,0.0,0.0,0.0,256.0,10.819798,2.0
0.0,hunan,4.0,69.0,0.0,0.0,1.0,4761.0,1.0,6.0,0.0,1.0,0.0,256.0,10.308986,2.0
1.0,hunan,5.0,51.0,0.0,0.0,0.0,2601.0,1.0,12.0,9.392745,1.0,1.0,256.0,,3.0
1.0,hunan,4.0,58.0,0.0,0.0,1.0,3364.0,0.0,12.0,10.819798,0.0,0.0,256.0,10.866681,4.0
0.0,hunan,4.0,67.0,0.0,0.0,0.0,4489.0,1.0,0.0,6.8035054,1.0,0.0,256.0,11.002116,2.0
1.0,hunan,4.0,44.0,0.0,0.0,1.0,1936.0,1.0,9.0,0.0,1.0,0.0,256.0,10.308986,4.0
0.0,hunan,4.0,30.0,0.0,0.0,1.0,900.0,0.0,16.0,10.819798,1.0,0.0,256.0,11.512936,5.0
1.0,hunan,1.0,59.0,0.0,0.0,1.0,3481.0,0.0,12.0,,0.0,0.0,256.0,,1.0
1.0,hunan,4.0,62.0,0.0,0.0,1.0,3844.0,0.0,16.0,11.002116,0.0,1.0,256.0,11.512936,4.0
1.0,hunan,4.0,71.0,0.0,0.0,1.0,5041.0,1.0,0.0,8.0067005,1.0,0.0,256.0,8.0067005,2.0
0.0,hunan,4.0,50.0,0.0,0.0,1.0,2500.0,1.0,0.0,0.0,1.0,0.0,256.0,11.957618,5.0
1.0,hunan,4.0,51.0,0.0,0.0,1.0,2601.0,0.0,12.0,9.392745,1.0,0.0,256.0,9.4727812,2.0
1.0,hunan,4.0,43.0,0.0,0.0,1.0,1849.0,0.0,6.0,11.002116,1.0,1.0,256.0,11.512936,3.0
0.0,hunan,4.0,59.0,3.0445225,0.0,1.0,3481.0,0.0,9.0,,1.0,0.0,256.0,,4.0
1.0,hunan,5.0,65.0,0.0,0.0,1.0,4225.0,1.0,0.0,,1.0,0.0,256.0,8.6996813,3.0
1.0,hunan,4.0,32.0,1.7917595,0.0,1.0,1024.0,1.0,12.0,10.59666,1.0,0.0,256.0,11.289794,4.0
1.0,hunan,4.0,56.0,0.0,0.0,0.0,3136.0,0.0,12.0,11.289794,0.0,0.0,256.0,11.289794,2.0
0.0,hunan,5.0,53.0,0.0,0.0,0.0,2809.0,1.0,6.0,0.0,1.0,0.0,256.0,,5.0
1.0,hunan,4.0,68.0,0.0,0.0,1.0,4624.0,1.0,0.0,0.0,0.0,0.0,256.0,,2.0
1.0,hunan,5.0,52.0,0.0,0.0,1.0,2704.0,1.0,0.0,0.0,1.0,0.0,256.0,10.085851,4.0
1.0,hunan,4.0,43.0,0.0,1.0,1.0,1849.0,0.0,9.0,10.819798,1.0,0.0,256.0,10.819798,4.0
0.0,hunan,4.0,81.0,4.1108737,0.0,1.0,6561.0,0.0,0.0,0.0,1.0,1.0,256.0,,1.0
1.0,hunan,4.0,74.0,0.0,0.0,0.0,5476.0,1.0,0.0,6.9087548,0.0,0.0,256.0,8.6996813,2.0
1.0,hunan,5.0,73.0,0.0,0.0,1.0,5329.0,0.0,0.0,10.59666,0.0,0.0,256.0,10.819798,3.0
0.0,hunan,4.0,51.0,3.713572,0.0,1.0,2601.0,0.0,9.0,7.9377317,1.0,0.0,256.0,,5.0
1.0,hunan,1.0,64.0,0.0,0.0,1.0,4096.0,0.0,6.0,0.0,1.0,0.0,256.0,12.206078,2.0
1.0,hunan,3.0,65.0,0.0,0.0,1.0,4225.0,0.0,12.0,10.819798,0.0,1.0,256.0,11.918397,3.0
0.0,hunan,4.0,55.0,0.0,0.0,0.0,3025.0,1.0,6.0,0.0,1.0,0.0,256.0,9.2104406,3.0
1.0,hunan,4.0,48.0,0.0,0.0,1.0,2304.0,1.0,6.0,0.0,1.0,0.0,256.0,10.308986,1.0
0.0,hunan,4.0,39.0,0.0,0.0,1.0,1521.0,0.0,9.0,10.463132,0.0,0.0,256.0,10.933125,2.0
1.0,hunan,3.0,29.0,0.0,0.0,1.0,841.0,1.0,15.0,0.0,0.0,0.0,256.0,,5.0
1.0,hunan,4.0,69.0,0.0,0.0,1.0,4761.0,0.0,15.0,10.491302,0.0,0.0,256.0,11.184435,4.0
1.0,hunan,4.0,32.0,0.0,1.0,1.0,1024.0,1.0,9.0,0.0,1.0,0.0,256.0,10.308986,3.0
0.0,hunan,4.0,49.0,0.0,1.0,1.0,2401.0,1.0,0.0,0.0,1.0,0.0,256.0,9.2104406,4.0
0.0,hunan,4.0,73.0,0.0,0.0,1.0,5329.0,0.0,6.0,8.8819752,1.0,1.0,256.0,8.9873219,3.0
1.0,hunan,2.0,65.0,0.0,0.0,0.0,4225.0,0.0,9.0,0.0,0.0,0.0,256.0,0.0,4.0
1.0,hunan,4.0,63.0,0.0,0.0,1.0,3969.0,1.0,6.0,10.126671,1.0,0.0,256.0,10.799596,1.0
1.0,hunan,5.0,31.0,0.0,0.0,1.0,961.0,1.0,12.0,9.9035378,1.0,0.0,256.0,9.9035378,4.0
1.0,hunan,5.0,22.0,0.0,0.0,0.0,484.0,1.0,16.0,0.0,0.0,0.0,256.0,9.9035378,5.0
1.0,hunan,4.0,48.0,0.0,0.0,1.0,2304.0,0.0,9.0,10.491302,0.0,0.0,256.0,10.491302,5.0
1.0,hunan,1.0,35.0,5.0172796,0.0,1.0,1225.0,1.0,15.0,13.304687,0.0,0.0,256.0,13.815512,4.0
1.0,hunan,5.0,39.0,0.0,0.0,1.0,1521.0,1.0,9.0,0.0,1.0,0.0,256.0,10.308986,3.0
1.0,hunan,3.0,40.0,0.0,0.0,1.0,1600.0,1.0,9.0,0.0,1.0,0.0,256.0,10.308986,4.0
0.0,hunan,4.0,63.0,0.0,0.0,1.0,3969.0,1.0,6.0,6.8679743,1.0,0.0,256.0,7.4960976,3.0
0.0,hunan,4.0,21.0,3.9318256,0.0,0.0,441.0,0.0,6.0,,1.0,0.0,256.0,,5.0
0.0,hunan,4.0,81.0,0.0,0.0,0.0,6561.0,1.0,6.0,7.09091,1.0,0.0,256.0,11.608245,2.0
1.0,hunan,4.0,68.0,0.0,0.0,0.0,4624.0,1.0,12.0,9.9035378,0.0,0.0,256.0,9.9035378,2.0
1.0,hunan,3.0,53.0,0.0,0.0,1.0,2809.0,1.0,6.0,,1.0,0.0,256.0,,3.0
1.0,hunan,5.0,77.0,2.3978953,0.0,1.0,5929.0,1.0,0.0,0.0,1.0,0.0,256.0,16.118088,3.0
1.0,hunan,5.0,84.0,0.0,0.0,0.0,7056.0,1.0,0.0,0.0,1.0,0.0,256.0,10.59666,1.0
0.0,hunan,5.0,64.0,0.0,1.0,1.0,4096.0,1.0,6.0,0.0,1.0,0.0,256.0,10.460844,2.0
0.0,hunan,4.0,32.0,2.1972246,0.0,1.0,1024.0,1.0,9.0,11.156265,1.0,0.0,256.0,11.156265,4.0
1.0,hunan,4.0,19.0,0.0,0.0,0.0,361.0,1.0,15.0,0.0,1.0,0.0,256.0,,5.0
1.0,hunan,4.0,34.0,0.0,0.0,1.0,1156.0,0.0,15.0,11.512936,1.0,0.0,256.0,11.512936,4.0
0.0,hunan,4.0,68.0,3.0445225,0.0,1.0,4624.0,0.0,9.0,0.0,1.0,0.0,256.0,0.0,2.0
1.0,hunan,4.0,72.0,0.0,0.0,1.0,5184.0,0.0,6.0,10.59666,0.0,1.0,256.0,11.775297,4.0
1.0,hunan,3.0,47.0,0.0,0.0,1.0,2209.0,0.0,9.0,13.122365,1.0,0.0,256.0,13.122365,4.0
0.0,hunan,4.0,49.0,1.7917595,0.0,1.0,2401.0,0.0,9.0,11.002116,1.0,0.0,256.0,11.002116,5.0
0.0,hunan,4.0,31.0,0.0,0.0,1.0,961.0,1.0,12.0,0.0,1.0,0.0,256.0,11.002116,5.0
1.0,hunan,4.0,62.0,0.0,0.0,0.0,3844.0,0.0,12.0,10.308986,0.0,1.0,256.0,,3.0
1.0,hunan,4.0,68.0,0.0,0.0,1.0,4624.0,0.0,15.0,10.778977,0.0,1.0,256.0,11.338584,2.0
0.0,hunan,2.0,55.0,0.0,1.0,0.0,3025.0,0.0,6.0,6.9087548,1.0,0.0,256.0,9.9035378,4.0
1.0,hunan,4.0,73.0,1.3862944,0.0,0.0,5329.0,1.0,12.0,10.491302,0.0,0.0,256.0,10.491302,4.0
1.0,hunan,5.0,21.0,0.0,0.0,0.0,441.0,0.0,16.0,,1.0,0.0,256.0,,5.0
0.0,hunan,4.0,53.0,0.0,0.0,1.0,2809.0,0.0,9.0,0.0,1.0,1.0,256.0,,3.0
0.0,hunan,4.0,68.0,0.0,0.0,1.0,4624.0,1.0,0.0,0.0,1.0,0.0,256.0,10.308986,3.0
0.0,hunan,3.0,56.0,2.3978953,0.0,1.0,3136.0,0.0,12.0,,1.0,0.0,256.0,,2.0
0.0,hunan,4.0,54.0,0.0,1.0,1.0,2916.0,1.0,0.0,10.308986,1.0,0.0,256.0,10.308986,3.0
1.0,hunan,4.0,49.0,0.0,0.0,1.0,2401.0,0.0,9.0,9.9035378,1.0,0.0,256.0,9.9035378,4.0
0.0,hunan,4.0,65.0,0.0,0.0,1.0,4225.0,1.0,0.0,0.0,1.0,0.0,256.0,6.9087548,4.0
1.0,hunan,4.0,45.0,0.0,0.0,1.0,2025.0,1.0,9.0,,1.0,0.0,256.0,,4.0
1.0,hunan,5.0,41.0,0.0,0.0,1.0,1681.0,1.0,9.0,8.5173931,1.0,0.0,256.0,10.819798,4.0
1.0,hunan,4.0,56.0,0.0,0.0,1.0,3136.0,0.0,9.0,13.122365,1.0,0.0,256.0,13.710151,3.0
1.0,hunan,4.0,27.0,3.9318256,0.0,1.0,729.0,0.0,12.0,10.59666,1.0,0.0,256.0,11.775297,4.0
1.0,hunan,4.0,47.0,0.0,0.0,1.0,2209.0,0.0,12.0,13.017005,1.0,0.0,256.0,,4.0
1.0,hunan,4.0,55.0,0.0,0.0,1.0,3025.0,0.0,9.0,9.2104406,1.0,0.0,256.0,9.9035378,3.0
0.0,hunan,4.0,65.0,0.0,0.0,1.0,4225.0,0.0,12.0,0.0,1.0,1.0,256.0,7.6211953,3.0
1.0,hunan,5.0,20.0,0.0,0.0,0.0,400.0,1.0,16.0,0.0,0.0,0.0,256.0,10.308986,4.0
1.0,hunan,4.0,22.0,0.0,0.0,0.0,484.0,0.0,16.0,0.0,1.0,0.0,256.0,11.512936,5.0
1.0,hunan,4.0,48.0,3.9318256,0.0,1.0,2304.0,1.0,16.0,11.918397,0.0,1.0,256.0,,4.0
1.0,hunan,3.0,27.0,2.3978953,0.0,1.0,729.0,1.0,6.0,0.0,1.0,0.0,256.0,10.126671,4.0
1.0,hunan,4.0,33.0,0.0,0.0,1.0,1089.0,0.0,16.0,11.512936,0.0,1.0,256.0,11.608245,5.0
1.0,hunan,5.0,35.0,0.0,0.0,1.0,1225.0,1.0,15.0,10.819798,0.0,0.0,256.0,11.608245,5.0
1.0,hunan,4.0,45.0,2.7725887,0.0,1.0,2025.0,1.0,9.0,11.918397,1.0,1.0,256.0,11.918397,4.0
1.0,hunan,4.0,80.0,0.0,0.0,1.0,6400.0,0.0,12.0,10.085851,0.0,1.0,256.0,11.695255,3.0
1.0,hunan,4.0,31.0,0.0,0.0,1.0,961.0,0.0,16.0,11.002116,0.0,1.0,256.0,,4.0
1.0,hunan,1.0,40.0,0.0,0.0,1.0,1600.0,1.0,12.0,0.0,1.0,0.0,256.0,10.59666,2.0
0.0,hunan,4.0,73.0,0.0,0.0,1.0,5329.0,0.0,12.0,10.308986,1.0,1.0,256.0,10.59666,3.0
0.0,hunan,3.0,71.0,1.0986123,0.0,1.0,5041.0,1.0,9.0,0.0,1.0,0.0,256.0,0.0,4.0
1.0,hunan,4.0,24.0,0.0,0.0,1.0,576.0,1.0,15.0,10.778977,1.0,0.0,256.0,11.407576,4.0
0.0,hunan,4.0,55.0,0.0,1.0,1.0,3025.0,0.0,9.0,7.3530817,1.0,0.0,256.0,9.9035378,2.0
0.0,hunan,2.0,60.0,0.0,0.0,1.0,3600.0,1.0,12.0,0.0,1.0,0.0,256.0,10.59666,2.0
1.0,hunan,4.0,57.0,0.0,0.0,1.0,3249.0,0.0,16.0,9.2104406,0.0,1.0,256.0,11.512936,2.0
1.0,hunan,3.0,62.0,0.0,0.0,1.0,3844.0,0.0,9.0,10.491302,0.0,0.0,256.0,10.691968,1.0
1.0,hunan,4.0,79.0,0.0,0.0,1.0,6241.0,0.0,12.0,10.59666,0.0,0.0,256.0,10.59666,3.0
1.0,hunan,4.0,69.0,0.0,0.0,0.0,4761.0,1.0,6.0,8.8819752,1.0,1.0,256.0,11.184435,3.0
1.0,hunan,4.0,43.0,3.0445225,0.0,1.0,1849.0,0.0,16.0,10.819798,0.0,0.0,256.0,10.819798,3.0
1.0,hunan,5.0,48.0,0.0,0.0,1.0,2304.0,1.0,12.0,10.819798,0.0,0.0,256.0,11.512936,5.0
1.0,hunan,4.0,69.0,3.0445225,0.0,1.0,4761.0,1.0,12.0,10.308986,0.0,0.0,256.0,11.002116,3.0
1.0,hunan,4.0,45.0,0.0,0.0,1.0,2025.0,0.0,9.0,10.819798,1.0,0.0,256.0,10.819798,5.0
1.0,hunan,4.0,48.0,0.0,0.0,1.0,2304.0,1.0,12.0,0.0,0.0,0.0,256.0,11.002116,3.0
0.0,hunan,4.0,66.0,0.0,1.0,1.0,4356.0,1.0,6.0,6.9186954,1.0,0.0,256.0,8.0394802,5.0
1.0,hunan,4.0,40.0,0.0,0.0,1.0,1600.0,1.0,12.0,11.512936,1.0,0.0,256.0,12.206078,4.0
0.0,hunan,4.0,64.0,0.0,0.0,1.0,4096.0,0.0,9.0,9.5468836,1.0,0.0,256.0,11.775297,2.0
1.0,hunan,4.0,65.0,3.4339871,0.0,1.0,4225.0,0.0,12.0,10.778977,0.0,1.0,256.0,12.611541,2.0
1.0,hunan,4.0,25.0,1.6094379,0.0,0.0,625.0,0.0,15.0,11.002116,1.0,0.0,256.0,11.512936,5.0
1.0,hunan,4.0,42.0,0.0,0.0,1.0,1764.0,1.0,6.0,9.7981825,0.0,0.0,256.0,11.512936,4.0
1.0,hunan,4.0,45.0,0.0,0.0,1.0,2025.0,0.0,15.0,12.206078,1.0,0.0,256.0,12.206078,5.0
0.0,hunan,5.0,54.0,0.0,0.0,1.0,2916.0,1.0,6.0,0.0,1.0,0.0,256.0,,3.0
1.0,hunan,4.0,62.0,0.0,1.0,1.0,3844.0,0.0,9.0,9.392745,1.0,1.0,256.0,9.392745,2.0
1.0,hunan,3.0,51.0,0.0,0.0,0.0,2601.0,1.0,9.0,0.0,1.0,0.0,256.0,0.0,3.0
1.0,hunan,4.0,44.0,0.0,0.0,1.0,1936.0,1.0,9.0,10.308986,1.0,0.0,256.0,10.308986,3.0
0.0,hunan,2.0,86.0,0.0,0.0,1.0,7396.0,0.0,6.0,0.0,1.0,0.0,256.0,,2.0
1.0,hunan,5.0,47.0,0.0,0.0,0.0,2209.0,0.0,9.0,11.512936,1.0,0.0,256.0,11.512936,4.0
1.0,hunan,4.0,41.0,0.0,0.0,1.0,1681.0,1.0,9.0,,1.0,0.0,256.0,,4.0
1.0,hunan,4.0,80.0,0.0,1.0,0.0,6400.0,1.0,6.0,9.8833361,0.0,0.0,256.0,11.289794,4.0
1.0,hunan,5.0,79.0,1.3862944,0.0,1.0,6241.0,0.0,9.0,8.5173931,1.0,1.0,256.0,11.918397,4.0
1.0,hunan,5.0,69.0,0.0,0.0,0.0,4761.0,0.0,9.0,10.491302,0.0,0.0,256.0,11.097425,2.0
1.0,hunan,4.0,50.0,0.0,0.0,1.0,2500.0,1.0,9.0,0.0,1.0,0.0,256.0,10.463132,4.0
0.0,hunan,4.0,78.0,0.0,0.0,0.0,6084.0,0.0,0.0,6.9285378,1.0,0.0,256.0,11.002116,3.0
1.0,hunan,4.0,35.0,0.0,0.0,1.0,1225.0,1.0,12.0,,1.0,0.0,256.0,,4.0
0.0,hunan,1.0,59.0,0.0,0.0,1.0,3481.0,1.0,6.0,8.2943001,0.0,0.0,256.0,,2.0
1.0,hunan,5.0,54.0,0.0,0.0,1.0,2916.0,1.0,15.0,10.389026,0.0,0.0,256.0,0.0,4.0
0.0,hunan,4.0,37.0,0.0,1.0,1.0,1369.0,0.0,9.0,9.9035378,1.0,0.0,256.0,10.308986,4.0
0.0,hunan,4.0,74.0,0.0,0.0,1.0,5476.0,1.0,0.0,0.0,1.0,0.0,256.0,,1.0
0.0,hunan,4.0,31.0,0.0,0.0,1.0,961.0,1.0,15.0,9.2104406,1.0,0.0,256.0,10.59666,4.0
0.0,hunan,5.0,78.0,0.0,0.0,1.0,6084.0,0.0,9.0,8.9873219,1.0,0.0,256.0,8.9873219,3.0
0.0,hunan,4.0,48.0,0.0,1.0,1.0,2304.0,1.0,6.0,8.5173931,1.0,0.0,256.0,8.5173931,2.0
1.0,hunan,5.0,45.0,1.7917595,0.0,1.0,2025.0,1.0,0.0,0.0,1.0,0.0,256.0,11.184435,3.0
1.0,hunan,5.0,72.0,0.0,0.0,1.0,5184.0,1.0,6.0,0.0,0.0,0.0,256.0,10.308986,4.0
1.0,hunan,5.0,52.0,1.7917595,0.0,1.0,2704.0,0.0,9.0,11.512936,1.0,0.0,256.0,11.512936,3.0
0.0,hunan,3.0,71.0,0.0,0.0,1.0,5041.0,0.0,6.0,6.8679743,1.0,0.0,256.0,,4.0
1.0,hunan,5.0,74.0,0.0,1.0,1.0,5476.0,1.0,6.0,0.0,1.0,0.0,256.0,10.085851,2.0
0.0,hunan,2.0,45.0,0.0,1.0,1.0,2025.0,1.0,9.0,0.0,1.0,0.0,256.0,9.9035378,5.0
1.0,hunan,4.0,49.0,0.0,0.0,1.0,2401.0,1.0,12.0,,0.0,0.0,256.0,11.512936,5.0
1.0,hunan,3.0,54.0,0.0,0.0,1.0,2916.0,1.0,9.0,9.3057413,1.0,0.0,256.0,10.819798,4.0
1.0,hunan,5.0,67.0,0.0,0.0,1.0,4489.0,1.0,0.0,0.0,1.0,0.0,256.0,10.491302,4.0
1.0,hunan,3.0,63.0,0.0,0.0,1.0,3969.0,0.0,0.0,,1.0,0.0,256.0,9.2104406,2.0
1.0,hunan,4.0,76.0,0.0,0.0,0.0,5776.0,1.0,6.0,0.0,0.0,0.0,256.0,0.0,3.0
1.0,hunan,4.0,46.0,0.0,0.0,1.0,2116.0,1.0,15.0,10.71444,0.0,0.0,256.0,11.350418,4.0
0.0,hunan,5.0,59.0,0.0,0.0,1.0,3481.0,1.0,0.0,0.0,1.0,0.0,256.0,,4.0
1.0,hunan,3.0,62.0,0.0,0.0,1.0,3844.0,1.0,6.0,0.0,1.0,0.0,256.0,10.308986,3.0
0.0,hunan,4.0,69.0,0.0,0.0,1.0,4761.0,1.0,6.0,8.0067005,1.0,0.0,256.0,11.289794,3.0
0.0,hunan,3.0,55.0,0.0,0.0,1.0,3025.0,1.0,12.0,0.0,1.0,0.0,256.0,9.2104406,3.0
0.0,hunan,4.0,64.0,0.0,1.0,0.0,4096.0,1.0,12.0,0.0,1.0,0.0,256.0,10.308986,5.0
1.0,hunan,4.0,24.0,0.0,0.0,1.0,576.0,1.0,9.0,,1.0,0.0,256.0,,4.0
1.0,hunan,4.0,39.0,0.0,0.0,1.0,1521.0,1.0,9.0,,0.0,0.0,256.0,,4.0
1.0,hunan,4.0,33.0,0.0,0.0,1.0,1089.0,1.0,12.0,,0.0,0.0,256.0,9.2104406,4.0
1.0,hunan,2.0,48.0,0.0,0.0,1.0,2304.0,0.0,12.0,11.002116,1.0,0.0,256.0,11.002116,4.0
1.0,hunan,4.0,42.0,0.0,0.0,1.0,1764.0,1.0,9.0,9.392745,1.0,0.0,256.0,11.472114,3.0
0.0,hunan,3.0,74.0,0.0,1.0,1.0,5476.0,0.0,9.0,9.2104406,1.0,0.0,256.0,9.2104406,1.0
1.0,hunan,4.0,41.0,0.0,0.0,1.0,1681.0,1.0,16.0,10.819798,0.0,1.0,256.0,11.512936,4.0
1.0,hunan,4.0,26.0,0.0,0.0,1.0,676.0,1.0,15.0,,1.0,0.0,256.0,,4.0
0.0,hunan,4.0,37.0,2.3978953,0.0,1.0,1369.0,1.0,9.0,0.0,1.0,0.0,256.0,11.608245,3.0
0.0,hunan,3.0,46.0,0.0,0.0,1.0,2116.0,1.0,6.0,0.0,1.0,0.0,256.0,11.512936,4.0
1.0,hunan,4.0,55.0,0.0,0.0,1.0,3025.0,0.0,9.0,10.308986,1.0,0.0,256.0,10.819798,4.0
1.0,hunan,4.0,64.0,0.0,0.0,1.0,4096.0,0.0,16.0,8.2943001,0.0,1.0,256.0,10.691968,3.0
1.0,hunan,4.0,66.0,0.0,0.0,0.0,4356.0,1.0,2.0,,1.0,0.0,256.0,,3.0
1.0,hunan,4.0,38.0,0.0,0.0,1.0,1444.0,0.0,12.0,10.126671,1.0,0.0,256.0,10.59666,3.0
0.0,hunan,3.0,87.0,0.0,0.0,0.0,7569.0,1.0,0.0,6.9087548,1.0,0.0,256.0,6.9087548,2.0
0.0,hunan,4.0,55.0,0.0,0.0,1.0,3025.0,0.0,12.0,10.819798,0.0,0.0,256.0,11.289794,4.0
0.0,hunan,5.0,72.0,0.0,0.0,1.0,5184.0,0.0,12.0,8.3430777,1.0,0.0,256.0,,4.0
1.0,hunan,4.0,71.0,0.0,0.0,1.0,5041.0,1.0,6.0,0.0,1.0,1.0,256.0,11.512936,4.0
0.0,hunan,4.0,65.0,0.0,0.0,1.0,4225.0,0.0,9.0,8.9227915,1.0,1.0,256.0,12.206078,4.0
0.0,hunan,4.0,44.0,0.0,1.0,1.0,1936.0,1.0,6.0,0.0,1.0,0.0,256.0,,4.0
1.0,hunan,3.0,63.0,0.0,0.0,0.0,3969.0,1.0,0.0,0.0,1.0,0.0,256.0,,2.0
0.0,hunan,5.0,76.0,0.0,1.0,1.0,5776.0,0.0,6.0,6.9087548,1.0,1.0,256.0,10.621352,2.0
1.0,hunan,2.0,47.0,0.0,0.0,1.0,2209.0,0.0,12.0,10.59666,0.0,0.0,256.0,10.59666,1.0
1.0,hunan,4.0,81.0,0.0,0.0,1.0,6561.0,1.0,0.0,,1.0,1.0,256.0,,1.0
1.0,hunan,4.0,74.0,0.0,0.0,1.0,5476.0,1.0,6.0,6.5806394,1.0,0.0,256.0,,2.0
0.0,hunan,4.0,79.0,0.0,0.0,0.0,6241.0,0.0,6.0,,1.0,0.0,256.0,0.0,3.0
1.0,hunan,4.0,52.0,0.0,0.0,1.0,2704.0,1.0,6.0,9.6158724,1.0,0.0,256.0,10.491302,4.0
0.0,hunan,5.0,99.0,0.0,1.0,1.0,9801.0,0.0,0.0,7.6211953,1.0,0.0,256.0,7.6113477,5.0
0.0,hunan,4.0,50.0,0.0,0.0,1.0,2500.0,0.0,6.0,9.9035378,1.0,0.0,256.0,10.308986,3.0
0.0,hunan,3.0,70.0,0.0,0.0,1.0,4900.0,1.0,0.0,7.6014023,1.0,0.0,256.0,9.2104406,3.0
1.0,hunan,4.0,73.0,0.0,0.0,0.0,5329.0,0.0,6.0,10.225607,0.0,1.0,256.0,10.225607,3.0
0.0,hunan,4.0,54.0,0.0,0.0,1.0,2916.0,1.0,6.0,8.0067005,1.0,0.0,256.0,9.9035378,2.0
1.0,hunan,2.0,74.0,0.0,0.0,1.0,5476.0,1.0,6.0,10.673619,0.0,0.0,256.0,10.673619,2.0
1.0,hunan,3.0,29.0,0.0,0.0,1.0,841.0,1.0,12.0,10.308986,1.0,0.0,256.0,10.308986,5.0
1.0,hunan,4.0,36.0,3.9318256,0.0,0.0,1296.0,1.0,12.0,9.2104406,1.0,0.0,256.0,10.819798,2.0
1.0,hunan,4.0,43.0,0.0,0.0,1.0,1849.0,1.0,9.0,10.085851,1.0,0.0,256.0,10.308986,2.0
1.0,hunan,4.0,69.0,0.0,0.0,1.0,4761.0,0.0,6.0,8.0067005,1.0,0.0,256.0,8.0067005,1.0
1.0,hunan,4.0,43.0,0.0,0.0,1.0,1849.0,1.0,12.0,10.819798,0.0,0.0,256.0,11.289794,3.0
1.0,hunan,4.0,64.0,0.0,0.0,1.0,4096.0,0.0,6.0,9.5819731,1.0,0.0,256.0,9.9035378,3.0
1.0,hunan,4.0,64.0,0.0,0.0,1.0,4096.0,1.0,6.0,0.0,0.0,0.0,256.0,8.5173931,4.0
1.0,hunan,4.0,63.0,0.0,0.0,1.0,3969.0,1.0,12.0,,0.0,0.0,256.0,,3.0
1.0,hunan,4.0,72.0,3.0445225,0.0,1.0,5184.0,0.0,0.0,9.392745,1.0,0.0,256.0,10.59666,2.0
0.0,hunan,4.0,29.0,0.0,0.0,1.0,841.0,1.0,12.0,10.819798,1.0,0.0,256.0,10.819798,1.0
1.0,hunan,4.0,27.0,0.0,0.0,1.0,729.0,1.0,16.0,,1.0,0.0,256.0,,4.0
0.0,hunan,2.0,46.0,0.0,0.0,1.0,2116.0,1.0,6.0,8.9227915,1.0,0.0,256.0,10.463132,2.0
1.0,hunan,5.0,27.0,0.0,0.0,1.0,729.0,1.0,15.0,0.0,0.0,0.0,256.0,11.512936,4.0
0.0,hunan,3.0,69.0,0.0,1.0,1.0,4761.0,0.0,0.0,,1.0,0.0,256.0,0.0,2.0
0.0,hunan,4.0,48.0,0.0,0.0,1.0,2304.0,1.0,6.0,9.7981825,1.0,0.0,256.0,10.819798,2.0
1.0,hunan,4.0,25.0,0.0,0.0,1.0,625.0,1.0,15.0,11.512936,1.0,0.0,256.0,12.206078,4.0
1.0,hunan,4.0,55.0,0.0,0.0,1.0,3025.0,0.0,12.0,10.308986,1.0,0.0,256.0,10.308986,2.0
1.0,hunan,3.0,32.0,0.0,0.0,1.0,1024.0,1.0,12.0,10.308986,1.0,0.0,256.0,11.156265,5.0
1.0,hunan,5.0,45.0,0.0,0.0,1.0,2025.0,1.0,9.0,0.0,0.0,0.0,256.0,10.691968,1.0
0.0,hunan,4.0,47.0,0.0,0.0,1.0,2209.0,0.0,9.0,13.304687,0.0,0.0,256.0,13.815512,4.0
1.0,hunan,4.0,64.0,0.0,0.0,1.0,4096.0,0.0,12.0,10.491302,0.0,1.0,256.0,,4.0
1.0,hunan,4.0,24.0,4.1108737,0.0,0.0,576.0,0.0,19.0,0.0,0.0,1.0,256.0,10.308986,5.0
0.0,hunan,4.0,47.0,3.2580965,1.0,1.0,2209.0,0.0,12.0,11.264477,1.0,1.0,256.0,11.264477,3.0
1.0,hunan,4.0,40.0,1.3862944,0.0,1.0,1600.0,1.0,9.0,9.9035378,1.0,0.0,256.0,11.002116,4.0
0.0,hunan,4.0,48.0,0.0,0.0,1.0,2304.0,0.0,9.0,,1.0,0.0,256.0,,4.0
1.0,hunan,4.0,33.0,0.0,0.0,1.0,1089.0,1.0,9.0,0.0,0.0,0.0,256.0,11.156265,5.0
0.0,hunan,4.0,50.0,0.0,0.0,1.0,2500.0,0.0,9.0,9.2104406,1.0,0.0,256.0,8.2943001,3.0
0.0,hunan,4.0,42.0,0.0,0.0,0.0,1764.0,1.0,9.0,0.0,1.0,0.0,256.0,8.8538084,5.0
0.0,hunan,4.0,75.0,0.0,0.0,0.0,5625.0,1.0,0.0,0.0,1.0,0.0,256.0,10.59666,3.0
1.0,hunan,4.0,47.0,0.0,0.0,1.0,2209.0,1.0,9.0,10.819798,1.0,1.0,256.0,12.611541,5.0
1.0,hunan,4.0,45.0,0.0,0.0,1.0,2025.0,1.0,12.0,10.491302,1.0,0.0,256.0,11.918397,5.0
1.0,hunan,4.0,37.0,0.0,0.0,1.0,1369.0,0.0,12.0,9.7981825,0.0,0.0,256.0,11.156265,4.0
0.0,hunan,4.0,44.0,0.0,0.0,1.0,1936.0,1.0,6.0,9.9035378,1.0,0.0,256.0,10.59666,4.0
1.0,hunan,4.0,54.0,0.0,0.0,1.0,2916.0,1.0,6.0,0.0,1.0,0.0,256.0,10.308986,2.0
1.0,hunan,2.0,25.0,0.0,0.0,0.0,625.0,1.0,12.0,11.002116,1.0,0.0,256.0,12.899222,4.0
1.0,hunan,4.0,56.0,0.0,0.0,1.0,3136.0,1.0,12.0,0.0,1.0,0.0,256.0,0.0,2.0
1.0,hunan,4.0,42.0,0.0,0.0,1.0,1764.0,0.0,6.0,,1.0,,256.0,,4.0
0.0,hunan,4.0,49.0,0.0,0.0,1.0,2401.0,1.0,6.0,9.6158724,1.0,0.0,256.0,10.308986,4.0
1.0,hunan,5.0,52.0,0.0,0.0,1.0,2704.0,0.0,15.0,10.59666,0.0,0.0,256.0,11.289794,4.0
1.0,hunan,1.0,80.0,0.0,0.0,1.0,6400.0,0.0,12.0,10.545368,0.0,1.0,256.0,10.545368,5.0
1.0,hunan,3.0,45.0,1.7917595,0.0,1.0,2025.0,1.0,12.0,10.59666,0.0,0.0,256.0,11.002116,4.0
1.0,hunan,5.0,49.0,0.0,0.0,1.0,2401.0,1.0,9.0,9.9035378,1.0,0.0,256.0,11.695255,5.0
0.0,hunan,4.0,74.0,0.0,1.0,1.0,5476.0,0.0,6.0,6.3985949,1.0,1.0,256.0,7.3783836,4.0
1.0,hunan,4.0,43.0,0.0,0.0,1.0,1849.0,0.0,12.0,10.491302,0.0,0.0,256.0,10.491302,5.0
0.0,hunan,2.0,19.0,0.0,0.0,0.0,361.0,0.0,9.0,10.308986,1.0,0.0,256.0,,4.0
1.0,hunan,4.0,40.0,2.7725887,0.0,0.0,1600.0,0.0,12.0,10.819798,0.0,0.0,256.0,10.819798,4.0
1.0,hunan,5.0,70.0,0.0,0.0,1.0,4900.0,1.0,6.0,,1.0,0.0,256.0,,1.0
1.0,hunan,4.0,44.0,0.0,0.0,1.0,1936.0,0.0,9.0,10.308986,0.0,0.0,256.0,10.308986,5.0
0.0,hunan,4.0,84.0,0.0,0.0,1.0,7056.0,0.0,6.0,8.4971943,1.0,1.0,256.0,11.002116,4.0
1.0,hunan,4.0,62.0,0.0,0.0,1.0,3844.0,1.0,12.0,10.59666,0.0,1.0,256.0,11.156265,4.0
1.0,hunan,4.0,21.0,0.0,0.0,0.0,441.0,0.0,12.0,,0.0,0.0,256.0,9.9035378,4.0
0.0,hunan,4.0,55.0,0.0,1.0,1.0,3025.0,0.0,9.0,10.308986,1.0,0.0,256.0,10.59666,3.0
0.0,hunan,5.0,82.0,1.7917595,0.0,1.0,6724.0,1.0,0.0,6.8679743,1.0,0.0,256.0,10.896758,1.0
0.0,hunan,3.0,33.0,1.7917595,0.0,1.0,1089.0,0.0,12.0,,1.0,0.0,256.0,10.59666,4.0
0.0,hunan,4.0,37.0,0.0,1.0,1.0,1369.0,0.0,0.0,6.9087548,1.0,0.0,256.0,10.518701,4.0
0.0,hunan,4.0,49.0,0.0,0.0,1.0,2401.0,1.0,6.0,,1.0,0.0,256.0,10.085851,3.0
0.0,hunan,4.0,61.0,0.0,1.0,1.0,3721.0,0.0,9.0,9.2104406,1.0,0.0,256.0,,4.0
0.0,hunan,5.0,44.0,0.0,0.0,0.0,1936.0,0.0,6.0,9.9035378,1.0,0.0,256.0,11.002116,5.0
0.0,hunan,4.0,62.0,0.0,0.0,0.0,3844.0,1.0,0.0,0.0,1.0,0.0,256.0,9.9035378,2.0
0.0,hunan,3.0,67.0,0.0,0.0,1.0,4489.0,1.0,6.0,0.0,1.0,0.0,256.0,13.815512,3.0
0.0,hunan,5.0,76.0,3.4339871,1.0,1.0,5776.0,0.0,9.0,7.9233484,1.0,0.0,256.0,10.463132,5.0
1.0,hunan,5.0,78.0,0.0,0.0,1.0,6084.0,1.0,0.0,0.0,0.0,0.0,256.0,12.388398,3.0
1.0,hunan,4.0,40.0,0.0,0.0,1.0,1600.0,1.0,6.0,0.0,1.0,0.0,256.0,10.043293,4.0
1.0,hunan,3.0,51.0,0.0,0.0,1.0,2601.0,0.0,9.0,10.308986,0.0,0.0,256.0,,4.0
1.0,hunan,4.0,39.0,0.0,0.0,1.0,1521.0,1.0,16.0,12.206078,0.0,0.0,256.0,12.611541,4.0
1.0,hunan,3.0,40.0,0.0,0.0,1.0,1600.0,1.0,9.0,10.308986,1.0,0.0,256.0,10.308986,4.0
0.0,hunan,4.0,74.0,0.0,0.0,1.0,5476.0,0.0,0.0,7.6014023,1.0,0.0,256.0,8.5173931,4.0
1.0,hunan,5.0,66.0,0.0,0.0,1.0,4356.0,1.0,9.0,0.0,1.0,0.0,256.0,,4.0
0.0,hunan,4.0,29.0,0.0,0.0,1.0,841.0,1.0,15.0,0.0,1.0,0.0,256.0,12.206078,5.0
0.0,hunan,4.0,42.0,2.5649493,0.0,1.0,1764.0,0.0,12.0,9.9035378,1.0,0.0,256.0,9.9035378,4.0
1.0,hunan,4.0,66.0,0.0,0.0,0.0,4356.0,0.0,6.0,10.308986,0.0,0.0,256.0,10.373523,4.0
0.0,hunan,3.0,48.0,0.0,0.0,0.0,2304.0,0.0,0.0,0.0,0.0,0.0,256.0,,3.0
0.0,hunan,5.0,72.0,0.0,0.0,0.0,5184.0,0.0,6.0,,1.0,0.0,256.0,,2.0
1.0,hunan,3.0,31.0,0.0,0.0,1.0,961.0,1.0,12.0,0.0,0.0,0.0,256.0,,4.0
0.0,hunan,5.0,55.0,0.0,0.0,1.0,3025.0,0.0,0.0,0.0,1.0,0.0,256.0,,4.0
1.0,hunan,4.0,60.0,0.0,0.0,0.0,3600.0,1.0,6.0,9.2104406,0.0,0.0,256.0,10.308986,2.0
1.0,hunan,3.0,21.0,6.2166061,0.0,0.0,441.0,0.0,16.0,0.0,0.0,0.0,256.0,12.611541,5.0
0.0,hunan,5.0,52.0,0.0,0.0,1.0,2704.0,1.0,6.0,0.0,1.0,0.0,256.0,10.59666,2.0
1.0,hunan,4.0,36.0,0.0,0.0,1.0,1296.0,1.0,6.0,10.819798,1.0,0.0,256.0,11.512936,4.0
1.0,hunan,4.0,60.0,0.0,0.0,0.0,3600.0,1.0,0.0,9.392745,1.0,0.0,256.0,9.392745,3.0
1.0,hunan,3.0,56.0,0.0,0.0,1.0,3136.0,0.0,9.0,8.6126852,1.0,0.0,256.0,9.2104406,1.0
1.0,hunan,5.0,50.0,5.7071104,0.0,1.0,2500.0,0.0,12.0,11.289794,0.0,1.0,256.0,11.289794,4.0
1.0,hunan,3.0,75.0,1.3862944,0.0,0.0,5625.0,0.0,0.0,10.819798,0.0,0.0,256.0,10.819798,4.0
1.0,hunan,3.0,34.0,0.0,0.0,0.0,1156.0,0.0,9.0,10.59666,0.0,0.0,256.0,11.289794,4.0
0.0,hunan,4.0,22.0,0.0,0.0,0.0,484.0,0.0,15.0,0.0,1.0,0.0,256.0,10.308986,5.0
1.0,hunan,3.0,67.0,0.0,0.0,1.0,4489.0,0.0,0.0,8.0067005,1.0,1.0,256.0,9.2104406,1.0
1.0,hunan,5.0,34.0,0.0,0.0,1.0,1156.0,1.0,6.0,0.0,1.0,0.0,256.0,9.9035378,3.0
1.0,hunan,4.0,53.0,1.3862944,0.0,1.0,2809.0,0.0,9.0,9.9035378,0.0,0.0,256.0,10.491302,3.0
0.0,hunan,4.0,72.0,0.0,0.0,0.0,5184.0,1.0,9.0,0.0,1.0,0.0,256.0,10.085851,3.0
1.0,hunan,4.0,74.0,0.0,0.0,0.0,5476.0,0.0,9.0,,1.0,0.0,256.0,,2.0
1.0,hunan,5.0,48.0,0.0,0.0,1.0,2304.0,1.0,12.0,,1.0,0.0,256.0,,3.0
1.0,hunan,4.0,38.0,0.0,1.0,1.0,1444.0,1.0,12.0,7.6014023,1.0,0.0,256.0,8.9873219,3.0
0.0,hunan,5.0,74.0,0.0,0.0,1.0,5476.0,1.0,9.0,0.0,1.0,0.0,256.0,0.0,3.0
1.0,hunan,5.0,76.0,1.3862944,0.0,1.0,5776.0,0.0,9.0,10.59666,0.0,1.0,256.0,10.59666,4.0
0.0,hunan,3.0,50.0,2.7725887,1.0,1.0,2500.0,1.0,12.0,9.1050911,1.0,0.0,256.0,9.6158724,2.0
0.0,hunan,4.0,82.0,0.0,1.0,1.0,6724.0,0.0,0.0,0.0,1.0,0.0,256.0,,2.0
1.0,hunan,1.0,55.0,0.0,0.0,1.0,3025.0,1.0,9.0,,1.0,0.0,256.0,,1.0
1.0,hunan,5.0,71.0,0.0,0.0,1.0,5041.0,0.0,12.0,10.778977,0.0,1.0,256.0,11.472114,5.0
0.0,hunan,4.0,65.0,0.0,0.0,1.0,4225.0,0.0,6.0,8.0067005,1.0,0.0,256.0,10.308986,4.0
1.0,hunan,5.0,46.0,0.0,0.0,1.0,2116.0,1.0,16.0,10.59666,0.0,1.0,256.0,11.407576,5.0
1.0,hunan,4.0,56.0,0.0,0.0,1.0,3136.0,1.0,12.0,0.0,1.0,0.0,256.0,10.308986,4.0
1.0,hunan,4.0,72.0,0.0,0.0,0.0,5184.0,1.0,6.0,6.9087548,1.0,0.0,256.0,9.2104406,2.0
0.0,hunan,2.0,62.0,0.0,0.0,1.0,3844.0,0.0,9.0,0.0,1.0,0.0,256.0,0.0,3.0
1.0,hunan,4.0,35.0,0.0,0.0,1.0,1225.0,1.0,6.0,0.0,1.0,0.0,256.0,11.407576,4.0
1.0,hunan,4.0,82.0,0.0,0.0,0.0,6724.0,0.0,6.0,6.9087548,1.0,0.0,256.0,8.5173931,3.0
1.0,hunan,3.0,18.0,0.0,0.0,0.0,324.0,0.0,12.0,,1.0,0.0,256.0,,3.0
0.0,hunan,5.0,67.0,0.0,1.0,0.0,4489.0,1.0,6.0,0.0,1.0,0.0,256.0,,4.0
0.0,hunan,3.0,29.0,0.0,0.0,1.0,841.0,1.0,9.0,0.0,1.0,0.0,256.0,11.002116,3.0
1.0,hunan,3.0,51.0,0.0,0.0,1.0,2601.0,1.0,6.0,,1.0,0.0,256.0,8.5173931,1.0
1.0,hunan,4.0,61.0,2.3978953,0.0,0.0,3721.0,1.0,12.0,9.6550903,0.0,0.0,256.0,9.6550903,4.0
1.0,hunan,2.0,81.0,0.0,0.0,0.0,6561.0,1.0,0.0,0.0,0.0,0.0,256.0,,3.0
1.0,hunan,4.0,44.0,0.0,0.0,1.0,1936.0,1.0,15.0,0.0,0.0,0.0,256.0,,5.0
1.0,hunan,4.0,75.0,0.0,0.0,0.0,5625.0,0.0,9.0,0.0,0.0,0.0,256.0,,4.0
1.0,hunan,4.0,46.0,4.6151204,0.0,1.0,2116.0,1.0,9.0,9.6158724,1.0,0.0,256.0,10.126671,3.0
1.0,hunan,3.0,56.0,0.0,0.0,1.0,3136.0,1.0,6.0,5.9939613,1.0,0.0,256.0,8.0067005,2.0
1.0,hunan,2.0,52.0,0.0,0.0,1.0,2704.0,1.0,6.0,8.6996813,1.0,0.0,256.0,9.9035378,4.0
0.0,hunan,4.0,77.0,0.0,1.0,1.0,5929.0,0.0,9.0,0.0,1.0,0.0,256.0,0.0,3.0
0.0,hunan,4.0,19.0,0.0,1.0,0.0,361.0,1.0,15.0,,0.0,0.0,256.0,10.59666,5.0
1.0,hunan,4.0,64.0,0.0,0.0,1.0,4096.0,0.0,9.0,,1.0,0.0,256.0,,3.0
0.0,hunan,5.0,67.0,0.0,0.0,0.0,4489.0,1.0,0.0,0.0,1.0,0.0,256.0,,4.0
1.0,hunan,4.0,42.0,1.6094379,0.0,0.0,1764.0,0.0,15.0,9.2104406,0.0,0.0,256.0,9.2104406,5.0
0.0,hunan,4.0,52.0,0.0,1.0,1.0,2704.0,1.0,9.0,0.0,1.0,0.0,256.0,,2.0
1.0,hunan,3.0,61.0,0.0,1.0,1.0,3721.0,1.0,0.0,8.5173931,1.0,0.0,256.0,8.0067005,3.0
0.0,hunan,4.0,67.0,0.0,0.0,1.0,4489.0,1.0,0.0,8.8538084,1.0,0.0,256.0,10.308986,1.0
0.0,hunan,5.0,62.0,0.0,0.0,0.0,3844.0,1.0,6.0,7.6014023,1.0,0.0,256.0,9.9035378,4.0
1.0,hunan,1.0,54.0,0.0,0.0,1.0,2916.0,0.0,12.0,11.156265,0.0,1.0,256.0,11.289794,3.0
1.0,hunan,4.0,66.0,0.0,0.0,1.0,4356.0,1.0,6.0,9.392745,1.0,1.0,256.0,,4.0
0.0,hunan,2.0,57.0,0.0,1.0,0.0,3249.0,0.0,6.0,10.463132,1.0,0.0,256.0,10.463132,4.0
1.0,hunan,3.0,58.0,0.0,0.0,1.0,3364.0,1.0,9.0,0.0,1.0,0.0,256.0,9.2104406,3.0
1.0,hunan,3.0,47.0,0.0,0.0,1.0,2209.0,1.0,6.0,0.0,1.0,0.0,256.0,9.2104406,3.0
1.0,hunan,4.0,49.0,0.0,0.0,1.0,2401.0,1.0,6.0,10.308986,1.0,0.0,256.0,,3.0
0.0,hunan,4.0,80.0,0.0,0.0,1.0,6400.0,0.0,6.0,0.0,1.0,1.0,256.0,0.0,2.0
0.0,hunan,2.0,70.0,0.0,0.0,1.0,4900.0,0.0,6.0,9.392745,1.0,1.0,256.0,9.6158724,2.0
0.0,hunan,4.0,74.0,0.0,1.0,0.0,5476.0,1.0,6.0,0.0,1.0,0.0,256.0,,1.0
0.0,hunan,4.0,49.0,0.0,0.0,1.0,2401.0,1.0,12.0,10.71444,1.0,0.0,256.0,9.6158724,4.0
0.0,hunan,5.0,68.0,0.0,0.0,1.0,4624.0,0.0,6.0,11.918397,1.0,0.0,256.0,,3.0
0.0,hunan,4.0,72.0,0.0,1.0,1.0,5184.0,1.0,6.0,6.2166061,1.0,1.0,256.0,7.6014023,3.0
1.0,hunan,4.0,50.0,3.0445225,0.0,1.0,2500.0,0.0,12.0,10.819798,1.0,0.0,256.0,10.819798,3.0
1.0,hunan,3.0,35.0,0.0,0.0,1.0,1225.0,1.0,9.0,10.491302,0.0,0.0,256.0,11.289794,4.0
1.0,hunan,4.0,20.0,0.0,0.0,0.0,400.0,0.0,15.0,0.0,1.0,0.0,256.0,0.0,5.0
0.0,hunan,3.0,69.0,1.0986123,1.0,1.0,4761.0,0.0,6.0,8.0067005,1.0,0.0,256.0,,3.0
1.0,hunan,5.0,45.0,0.0,0.0,1.0,2025.0,0.0,9.0,9.9035378,1.0,0.0,256.0,9.9035378,4.0
0.0,hunan,4.0,70.0,0.0,0.0,0.0,4900.0,1.0,0.0,0.0,1.0,0.0,256.0,0.0,2.0
1.0,hunan,4.0,68.0,0.0,0.0,1.0,4624.0,0.0,9.0,8.4340286,0.0,0.0,256.0,9.0120115,4.0
0.0,hunan,4.0,62.0,0.0,0.0,1.0,3844.0,1.0,0.0,8.0067005,1.0,0.0,256.0,,3.0
0.0,hunan,5.0,51.0,0.0,0.0,0.0,2601.0,1.0,6.0,9.2104406,1.0,0.0,256.0,10.59666,2.0
0.0,hunan,5.0,49.0,0.0,0.0,1.0,2401.0,1.0,6.0,0.0,1.0,0.0,256.0,10.308986,5.0
0.0,hunan,3.0,56.0,0.0,0.0,0.0,3136.0,0.0,9.0,,1.0,0.0,256.0,,3.0
0.0,hunan,5.0,79.0,0.0,0.0,0.0,6241.0,0.0,9.0,6.8679743,1.0,0.0,256.0,12.210866,2.0
0.0,hunan,4.0,70.0,0.0,0.0,0.0,4900.0,1.0,0.0,0.0,1.0,0.0,256.0,10.819798,3.0
0.0,hunan,1.0,74.0,0.0,0.0,1.0,5476.0,0.0,6.0,7.6014023,1.0,1.0,256.0,7.6014023,1.0
1.0,hunan,4.0,29.0,0.0,0.0,0.0,841.0,0.0,15.0,0.0,1.0,0.0,256.0,10.819798,5.0
0.0,hunan,4.0,48.0,0.0,0.0,1.0,2304.0,1.0,9.0,9.392745,1.0,0.0,256.0,10.308986,2.0
0.0,hunan,5.0,84.0,0.0,0.0,1.0,7056.0,0.0,0.0,0.0,1.0,1.0,256.0,,2.0
0.0,hunan,3.0,66.0,2.3978953,0.0,1.0,4356.0,0.0,6.0,8.0067005,1.0,0.0,256.0,,3.0
1.0,hunan,4.0,81.0,0.0,0.0,1.0,6561.0,0.0,6.0,7.8244457,1.0,1.0,256.0,7.8244457,3.0
0.0,hunan,4.0,56.0,0.0,0.0,1.0,3136.0,0.0,6.0,9.2104406,1.0,0.0,256.0,,2.0
1.0,hunan,3.0,64.0,0.0,0.0,1.0,4096.0,0.0,6.0,,1.0,0.0,256.0,11.289794,1.0
1.0,hunan,3.0,62.0,0.0,0.0,1.0,3844.0,1.0,6.0,0.0,1.0,0.0,256.0,8.2943001,4.0
0.0,hunan,4.0,62.0,0.0,0.0,1.0,3844.0,0.0,6.0,0.0,1.0,0.0,256.0,12.206078,2.0
1.0,hunan,3.0,55.0,0.0,0.0,1.0,3025.0,1.0,9.0,9.6158724,1.0,0.0,256.0,10.308986,3.0
1.0,hunan,3.0,64.0,0.0,0.0,1.0,4096.0,0.0,9.0,9.9035378,0.0,0.0,256.0,,3.0
0.0,hunan,4.0,63.0,0.0,0.0,1.0,3969.0,0.0,6.0,10.122663,1.0,1.0,256.0,10.158169,3.0
1.0,hunan,4.0,31.0,1.9459101,0.0,1.0,961.0,1.0,15.0,,0.0,0.0,256.0,,4.0
1.0,hunan,5.0,19.0,0.0,0.0,0.0,361.0,0.0,16.0,0.0,0.0,0.0,256.0,11.512936,5.0
1.0,hunan,4.0,76.0,0.0,0.0,0.0,5776.0,0.0,0.0,10.085851,0.0,0.0,256.0,10.085851,2.0
0.0,hunan,4.0,72.0,0.0,0.0,1.0,5184.0,1.0,0.0,,1.0,0.0,256.0,,3.0
0.0,hunan,5.0,53.0,0.0,1.0,1.0,2809.0,0.0,15.0,11.156265,0.0,1.0,256.0,11.512936,5.0
1.0,hunan,4.0,52.0,0.0,0.0,1.0,2704.0,1.0,9.0,,1.0,0.0,256.0,,4.0
0.0,hunan,5.0,63.0,0.0,0.0,1.0,3969.0,1.0,12.0,8.5173931,1.0,0.0,256.0,10.819798,5.0
0.0,hunan,4.0,41.0,0.0,1.0,1.0,1681.0,1.0,6.0,0.0,1.0,0.0,256.0,,3.0
0.0,hunan,4.0,84.0,0.0,0.0,1.0,7056.0,0.0,9.0,0.0,1.0,0.0,256.0,11.512936,3.0
1.0,hunan,4.0,54.0,0.0,0.0,1.0,2916.0,1.0,0.0,9.7981825,1.0,0.0,256.0,9.7981825,4.0
1.0,hunan,2.0,36.0,0.0,0.0,0.0,1296.0,0.0,9.0,9.2104406,0.0,0.0,256.0,10.59666,1.0
0.0,hunan,4.0,44.0,0.0,1.0,1.0,1936.0,1.0,12.0,9.2104406,1.0,0.0,256.0,10.59666,4.0
1.0,hunan,5.0,75.0,0.0,0.0,1.0,5625.0,0.0,12.0,10.308986,0.0,0.0,256.0,,5.0
0.0,hunan,3.0,56.0,0.0,0.0,1.0,3136.0,0.0,12.0,8.5173931,1.0,0.0,256.0,8.6996813,2.0
0.0,hunan,4.0,50.0,0.0,1.0,1.0,2500.0,1.0,6.0,0.0,1.0,0.0,256.0,9.9035378,4.0
0.0,hunan,4.0,64.0,0.0,0.0,1.0,4096.0,0.0,6.0,9.2104406,1.0,0.0,256.0,9.2104406,4.0
1.0,hunan,2.0,55.0,0.0,0.0,1.0,3025.0,0.0,9.0,10.308986,1.0,0.0,256.0,10.308986,4.0
0.0,hunan,4.0,42.0,0.0,0.0,1.0,1764.0,1.0,6.0,0.0,1.0,0.0,256.0,11.512936,3.0
0.0,hunan,4.0,51.0,0.0,0.0,1.0,2601.0,1.0,9.0,0.0,1.0,0.0,256.0,11.002116,3.0
1.0,hunan,4.0,58.0,0.0,1.0,1.0,3364.0,1.0,12.0,10.085851,0.0,0.0,256.0,11.184435,3.0
0.0,hunan,2.0,58.0,0.0,0.0,1.0,3364.0,1.0,12.0,8.2943001,1.0,0.0,256.0,10.819798,3.0
1.0,hunan,1.0,34.0,2.3978953,0.0,0.0,1156.0,1.0,12.0,11.289794,1.0,0.0,256.0,11.982935,5.0
1.0,hunan,5.0,62.0,0.0,0.0,1.0,3844.0,0.0,9.0,10.463132,0.0,0.0,256.0,10.915107,4.0
1.0,hunan,4.0,50.0,0.0,0.0,1.0,2500.0,1.0,6.0,8.5173931,1.0,0.0,256.0,,3.0
0.0,hunan,3.0,56.0,0.0,0.0,1.0,3136.0,0.0,9.0,9.392745,1.0,0.0,256.0,,3.0
0.0,hunan,4.0,70.0,0.0,0.0,1.0,4900.0,1.0,6.0,6.8679743,1.0,0.0,256.0,8.0067005,2.0
0.0,hunan,5.0,63.0,0.0,0.0,0.0,3969.0,0.0,9.0,8.1608038,1.0,0.0,256.0,11.512936,3.0
0.0,hunan,3.0,41.0,0.0,1.0,0.0,1681.0,0.0,9.0,8.0067005,1.0,0.0,256.0,7.6014023,4.0
0.0,hunan,5.0,56.0,0.0,0.0,1.0,3136.0,0.0,6.0,10.085851,1.0,0.0,256.0,9.9804945,1.0
0.0,hunan,3.0,58.0,0.0,1.0,1.0,3364.0,0.0,9.0,9.9035378,1.0,0.0,256.0,10.308986,5.0
0.0,hunan,5.0,72.0,0.0,0.0,1.0,5184.0,0.0,6.0,9.9035378,1.0,1.0,256.0,10.308986,4.0
0.0,hunan,4.0,79.0,0.0,0.0,1.0,6241.0,0.0,6.0,,1.0,0.0,256.0,,4.0
1.0,hunan,4.0,71.0,0.0,0.0,0.0,5041.0,1.0,6.0,,1.0,0.0,256.0,,3.0
0.0,hunan,4.0,62.0,0.0,0.0,1.0,3844.0,1.0,0.0,0.0,1.0,0.0,256.0,10.085851,2.0
0.0,hunan,4.0,60.0,0.0,0.0,1.0,3600.0,0.0,0.0,,1.0,0.0,256.0,10.59666,3.0
1.0,hunan,4.0,19.0,0.0,0.0,0.0,361.0,1.0,15.0,0.0,1.0,0.0,256.0,10.59666,4.0
0.0,hunan,5.0,51.0,0.0,1.0,1.0,2601.0,1.0,6.0,,1.0,0.0,256.0,,2.0
0.0,hunan,4.0,38.0,3.0445225,0.0,1.0,1444.0,1.0,9.0,10.819798,1.0,0.0,256.0,10.819798,5.0
0.0,hunan,4.0,47.0,2.3978953,0.0,1.0,2209.0,0.0,9.0,9.2104406,1.0,0.0,256.0,9.9035378,4.0
0.0,hunan,5.0,70.0,0.0,0.0,0.0,4900.0,0.0,6.0,0.0,1.0,0.0,256.0,0.0,2.0
0.0,hunan,5.0,68.0,0.69314718,0.0,0.0,4624.0,0.0,0.0,6.9087548,1.0,0.0,256.0,10.819798,4.0
0.0,hunan,4.0,24.0,0.0,1.0,0.0,576.0,0.0,12.0,9.6158724,1.0,0.0,256.0,,3.0
0.0,hunan,3.0,79.0,0.0,1.0,0.0,6241.0,1.0,6.0,,1.0,0.0,256.0,,4.0
0.0,hunan,4.0,57.0,0.0,0.0,1.0,3249.0,1.0,6.0,0.0,1.0,0.0,256.0,10.085851,2.0
0.0,hunan,5.0,80.0,0.0,0.0,1.0,6400.0,0.0,6.0,7.6113477,1.0,0.0,256.0,7.6113477,3.0
0.0,hunan,2.0,74.0,0.0,1.0,0.0,5476.0,1.0,9.0,0.0,1.0,0.0,256.0,,1.0
0.0,hunan,4.0,36.0,0.0,0.0,1.0,1296.0,0.0,9.0,9.2104406,1.0,0.0,256.0,11.156265,5.0
0.0,hunan,4.0,30.0,0.0,0.0,1.0,900.0,1.0,12.0,0.0,1.0,0.0,256.0,10.491302,4.0
0.0,hunan,4.0,65.0,0.0,0.0,0.0,4225.0,1.0,6.0,,1.0,0.0,256.0,9.2104406,3.0
0.0,hunan,4.0,64.0,0.0,0.0,1.0,4096.0,0.0,12.0,6.3985949,1.0,0.0,256.0,7.09091,4.0
0.0,hunan,5.0,71.0,0.0,0.0,1.0,5041.0,0.0,6.0,8.8819752,1.0,0.0,256.0,7.6014023,4.0
1.0,hunan,5.0,70.0,0.0,0.0,1.0,4900.0,1.0,6.0,0.0,1.0,0.0,256.0,,2.0
0.0,hunan,4.0,50.0,0.0,0.0,0.0,2500.0,1.0,9.0,9.2104406,1.0,0.0,256.0,10.308986,2.0
0.0,hunan,5.0,29.0,0.0,0.0,1.0,841.0,0.0,15.0,11.512936,1.0,0.0,256.0,11.918397,5.0
0.0,hunan,4.0,46.0,0.0,1.0,1.0,2116.0,1.0,6.0,5.3033047,1.0,0.0,256.0,9.2104406,2.0
0.0,hunan,5.0,53.0,0.0,0.0,1.0,2809.0,1.0,6.0,0.0,1.0,0.0,256.0,8.5173931,2.0
0.0,hunan,2.0,62.0,0.0,1.0,1.0,3844.0,1.0,0.0,0.0,1.0,0.0,256.0,,1.0
0.0,hunan,5.0,29.0,1.6094379,0.0,1.0,841.0,1.0,16.0,11.002116,1.0,0.0,256.0,,4.0
0.0,hunan,5.0,67.0,0.0,1.0,1.0,4489.0,0.0,12.0,8.6996813,1.0,1.0,256.0,,1.0
0.0,hunan,5.0,89.0,0.0,0.0,0.0,7921.0,0.0,2.0,7.09091,1.0,0.0,256.0,10.308986,4.0
0.0,hunan,4.0,53.0,0.0,0.0,1.0,2809.0,0.0,6.0,8.2430191,1.0,0.0,256.0,9.7981825,2.0
0.0,hunan,4.0,46.0,0.0,0.0,0.0,2116.0,1.0,6.0,0.0,1.0,0.0,256.0,0.0,2.0
0.0,hunan,4.0,47.0,3.0445225,1.0,1.0,2209.0,1.0,0.0,0.0,1.0,0.0,256.0,10.308986,4.0
0.0,hunan,4.0,34.0,0.0,0.0,1.0,1156.0,1.0,9.0,9.2104406,1.0,0.0,256.0,10.819798,4.0
0.0,hunan,3.0,49.0,0.0,0.0,1.0,2401.0,1.0,0.0,0.0,1.0,0.0,256.0,6.6858611,3.0
0.0,hunan,2.0,71.0,0.0,0.0,1.0,5041.0,0.0,6.0,6.9285378,1.0,1.0,256.0,9.9532776,1.0
1.0,guangdong,4.0,26.0,3.9318256,0.0,0.0,676.0,0.0,12.0,11.338584,1.0,0.0,330.0,,4.0
1.0,guangdong,2.0,49.0,4.6151204,0.0,0.0,2401.0,1.0,9.0,9.2104406,0.0,0.0,330.0,9.2104406,3.0
1.0,guangdong,4.0,30.0,0.0,0.0,1.0,900.0,1.0,19.0,11.918397,0.0,1.0,330.0,,2.0
1.0,guangdong,4.0,45.0,0.0,0.0,1.0,2025.0,1.0,9.0,,0.0,0.0,330.0,,3.0
1.0,guangdong,5.0,53.0,0.0,0.0,1.0,2809.0,1.0,6.0,0.0,1.0,0.0,330.0,11.775297,4.0
1.0,guangdong,3.0,22.0,0.0,0.0,0.0,484.0,0.0,9.0,11.289794,1.0,0.0,330.0,,2.0
1.0,guangdong,4.0,20.0,2.3978953,0.0,0.0,400.0,0.0,9.0,10.085851,1.0,0.0,330.0,10.819798,4.0
1.0,guangdong,5.0,27.0,0.0,0.0,1.0,729.0,0.0,16.0,11.512936,0.0,0.0,330.0,13.304687,4.0
1.0,guangdong,3.0,71.0,0.0,0.0,1.0,5041.0,0.0,6.0,10.968216,0.0,0.0,330.0,11.532738,1.0
1.0,guangdong,3.0,55.0,0.0,0.0,0.0,3025.0,0.0,9.0,10.085851,0.0,0.0,330.0,10.165891,3.0
1.0,guangdong,4.0,44.0,0.0,0.0,1.0,1936.0,1.0,16.0,10.308986,0.0,1.0,330.0,10.308986,4.0
1.0,guangdong,4.0,48.0,0.0,0.0,1.0,2304.0,0.0,9.0,10.778977,0.0,0.0,330.0,,4.0
1.0,guangdong,4.0,46.0,1.7917595,0.0,0.0,2116.0,1.0,16.0,,0.0,0.0,330.0,,4.0
1.0,guangdong,4.0,52.0,0.0,0.0,1.0,2704.0,1.0,9.0,10.134639,0.0,0.0,330.0,11.512936,4.0
1.0,guangdong,3.0,37.0,0.0,0.0,1.0,1369.0,0.0,6.0,10.491302,1.0,0.0,330.0,10.819798,5.0
1.0,guangdong,4.0,59.0,0.0,0.0,1.0,3481.0,1.0,6.0,9.9523249,1.0,0.0,330.0,,2.0
1.0,guangdong,3.0,32.0,3.0445225,0.0,1.0,1024.0,1.0,9.0,0.0,1.0,0.0,330.0,,3.0
1.0,guangdong,4.0,65.0,0.0,0.0,1.0,4225.0,1.0,12.0,10.404293,0.0,0.0,330.0,11.338584,4.0
1.0,guangdong,4.0,65.0,0.0,0.0,0.0,4225.0,1.0,15.0,,0.0,0.0,330.0,,3.0
1.0,guangdong,4.0,27.0,0.0,0.0,1.0,729.0,0.0,12.0,11.695255,1.0,0.0,330.0,,5.0
1.0,guangdong,3.0,77.0,0.0,0.0,1.0,5929.0,1.0,0.0,10.491302,0.0,0.0,330.0,,1.0
1.0,guangdong,3.0,31.0,0.0,0.0,0.0,961.0,0.0,12.0,10.819798,0.0,0.0,330.0,12.206078,4.0
1.0,guangdong,5.0,25.0,0.0,1.0,0.0,625.0,0.0,15.0,12.206078,1.0,0.0,330.0,12.765692,5.0
1.0,guangdong,4.0,45.0,0.0,0.0,1.0,2025.0,0.0,15.0,11.289794,0.0,0.0,330.0,11.982935,4.0
1.0,guangdong,4.0,25.0,0.0,0.0,0.0,625.0,0.0,12.0,12.206078,0.0,0.0,330.0,,3.0
1.0,guangdong,4.0,68.0,0.0,0.0,1.0,4624.0,0.0,6.0,9.392745,1.0,1.0,330.0,,4.0
1.0,guangdong,5.0,44.0,0.0,0.0,1.0,1936.0,1.0,9.0,0.0,1.0,0.0,330.0,11.002116,5.0
1.0,guangdong,4.0,41.0,0.0,0.0,1.0,1681.0,0.0,12.0,11.156265,0.0,0.0,330.0,11.512936,4.0
1.0,guangdong,4.0,31.0,0.0,0.0,1.0,961.0,1.0,16.0,11.289794,0.0,1.0,330.0,12.611541,4.0
1.0,guangdong,4.0,49.0,0.0,0.0,0.0,2401.0,1.0,0.0,,1.0,0.0,330.0,,2.0
1.0,guangdong,4.0,20.0,0.0,0.0,0.0,400.0,0.0,15.0,0.0,0.0,0.0,330.0,12.100718,5.0
1.0,guangdong,4.0,21.0,0.0,0.0,0.0,441.0,1.0,12.0,0.0,1.0,0.0,330.0,,5.0
1.0,guangdong,4.0,50.0,0.0,0.0,1.0,2500.0,1.0,6.0,9.9035378,1.0,0.0,330.0,10.59666,5.0
1.0,guangdong,4.0,44.0,0.0,0.0,0.0,1936.0,1.0,15.0,11.289794,0.0,0.0,330.0,11.289794,4.0
1.0,guangdong,3.0,59.0,0.0,0.0,1.0,3481.0,0.0,15.0,10.59666,0.0,0.0,330.0,11.849405,3.0
1.0,guangdong,4.0,30.0,0.0,0.0,1.0,900.0,1.0,9.0,0.0,1.0,0.0,330.0,,4.0
1.0,guangdong,4.0,24.0,0.0,1.0,0.0,576.0,0.0,16.0,13.487008,1.0,0.0,330.0,13.795309,4.0
1.0,guangdong,3.0,64.0,0.0,0.0,0.0,4096.0,1.0,12.0,10.491302,0.0,0.0,330.0,10.491302,2.0
1.0,guangdong,5.0,30.0,0.0,0.0,1.0,900.0,1.0,12.0,,1.0,0.0,330.0,11.002116,5.0
1.0,guangdong,4.0,64.0,0.0,0.0,1.0,4096.0,0.0,6.0,6.7345915,1.0,0.0,330.0,,4.0
1.0,guangdong,4.0,53.0,0.0,0.0,0.0,2809.0,0.0,12.0,9.9035378,0.0,0.0,330.0,10.819798,3.0
1.0,guangdong,3.0,62.0,0.0,0.0,1.0,3844.0,1.0,6.0,10.085851,0.0,0.0,330.0,10.085851,2.0
1.0,guangdong,4.0,35.0,4.6151204,0.0,1.0,1225.0,1.0,12.0,,1.0,0.0,330.0,,2.0
1.0,guangdong,3.0,30.0,0.0,0.0,0.0,900.0,1.0,12.0,0.0,1.0,0.0,330.0,10.778977,4.0
1.0,guangdong,3.0,49.0,0.0,0.0,0.0,2401.0,1.0,6.0,10.491302,1.0,0.0,330.0,10.491302,4.0
1.0,guangdong,4.0,42.0,0.0,0.0,1.0,1764.0,0.0,15.0,,1.0,0.0,330.0,,5.0
1.0,guangdong,4.0,29.0,0.0,0.0,0.0,841.0,0.0,15.0,12.206078,1.0,0.0,330.0,,4.0
1.0,guangdong,4.0,23.0,0.0,0.0,0.0,529.0,1.0,15.0,10.491302,0.0,0.0,330.0,,3.0
1.0,guangdong,4.0,49.0,0.0,0.0,0.0,2401.0,0.0,12.0,11.002116,0.0,0.0,330.0,11.957618,4.0
1.0,guangdong,5.0,60.0,0.0,0.0,1.0,3600.0,0.0,12.0,12.165256,0.0,1.0,330.0,12.67608,4.0
1.0,guangdong,4.0,36.0,0.0,0.0,0.0,1296.0,1.0,9.0,10.778977,0.0,0.0,330.0,10.778977,5.0
1.0,guangdong,4.0,35.0,0.0,0.0,1.0,1225.0,0.0,16.0,,0.0,,330.0,,4.0
1.0,guangdong,3.0,32.0,0.0,0.0,1.0,1024.0,1.0,16.0,11.512936,0.0,0.0,330.0,12.206078,5.0
1.0,guangdong,4.0,25.0,0.0,0.0,0.0,625.0,1.0,15.0,11.289794,1.0,1.0,330.0,11.918397,4.0
1.0,guangdong,4.0,41.0,0.0,0.0,1.0,1681.0,0.0,9.0,10.819798,1.0,0.0,330.0,11.002116,5.0
1.0,guangdong,4.0,28.0,0.0,0.0,0.0,784.0,0.0,16.0,12.388398,1.0,0.0,330.0,,2.0
1.0,guangdong,4.0,57.0,0.0,0.0,1.0,3249.0,0.0,16.0,11.695255,0.0,0.0,330.0,,4.0
1.0,guangdong,3.0,18.0,0.0,0.0,0.0,324.0,0.0,12.0,7.8244457,0.0,0.0,330.0,,2.0
1.0,guangdong,4.0,37.0,0.0,0.0,1.0,1369.0,0.0,16.0,12.301388,0.0,1.0,330.0,12.611541,4.0
1.0,guangdong,4.0,72.0,0.0,0.0,0.0,5184.0,1.0,12.0,11.002116,0.0,0.0,330.0,11.002116,4.0
1.0,guangdong,4.0,44.0,2.3978953,0.0,1.0,1936.0,0.0,16.0,,0.0,0.0,330.0,,4.0
1.0,guangdong,5.0,60.0,0.0,0.0,1.0,3600.0,0.0,0.0,10.819798,1.0,0.0,330.0,12.206078,4.0
1.0,guangdong,4.0,19.0,0.0,0.0,0.0,361.0,1.0,12.0,0.0,1.0,0.0,330.0,,3.0
1.0,guangdong,4.0,73.0,0.0,0.0,0.0,5329.0,0.0,9.0,10.085851,0.0,0.0,330.0,10.085851,2.0
1.0,guangdong,4.0,25.0,0.0,0.0,0.0,625.0,1.0,16.0,12.206078,0.0,1.0,330.0,,4.0
1.0,guangdong,4.0,43.0,0.0,0.0,1.0,1849.0,0.0,12.0,11.512936,1.0,0.0,330.0,11.512936,5.0
1.0,guangdong,4.0,24.0,0.0,0.0,0.0,576.0,0.0,15.0,11.338584,1.0,0.0,330.0,11.338584,5.0
1.0,guangdong,3.0,39.0,0.0,0.0,1.0,1521.0,1.0,15.0,11.002116,0.0,0.0,330.0,11.407576,4.0
1.0,guangdong,4.0,49.0,0.0,0.0,1.0,2401.0,0.0,6.0,10.819798,1.0,0.0,330.0,10.819798,4.0
1.0,guangdong,2.0,28.0,0.0,0.0,0.0,784.0,0.0,12.0,10.59666,1.0,0.0,330.0,11.289794,4.0
1.0,guangdong,4.0,66.0,0.0,0.0,1.0,4356.0,0.0,12.0,11.002116,0.0,1.0,330.0,11.608245,2.0
1.0,guangdong,4.0,51.0,0.0,0.0,1.0,2601.0,1.0,9.0,9.9035378,0.0,0.0,330.0,10.126671,3.0
1.0,guangdong,5.0,29.0,2.3978953,0.0,1.0,841.0,1.0,16.0,11.695255,0.0,0.0,330.0,12.644331,5.0
1.0,guangdong,3.0,57.0,0.0,0.0,0.0,3249.0,1.0,9.0,10.275085,0.0,0.0,330.0,10.275085,3.0
1.0,guangdong,4.0,20.0,0.0,1.0,0.0,400.0,0.0,12.0,10.308986,1.0,0.0,330.0,11.512936,3.0
1.0,guangdong,4.0,41.0,0.0,0.0,1.0,1681.0,1.0,9.0,10.491302,0.0,0.0,330.0,11.002116,4.0
1.0,guangdong,4.0,29.0,0.0,0.0,1.0,841.0,1.0,16.0,11.002116,0.0,0.0,330.0,11.918397,4.0
1.0,guangdong,5.0,64.0,0.0,0.0,1.0,4096.0,0.0,12.0,10.778977,0.0,1.0,330.0,12.72487,4.0
1.0,guangdong,5.0,82.0,0.0,0.0,1.0,6724.0,0.0,9.0,10.308986,0.0,1.0,330.0,11.002116,3.0
1.0,guangdong,5.0,60.0,4.3944492,0.0,1.0,3600.0,1.0,12.0,10.71444,0.0,0.0,330.0,11.289794,5.0
1.0,guangdong,3.0,65.0,0.0,0.0,1.0,4225.0,0.0,0.0,,1.0,0.0,330.0,,4.0
1.0,guangdong,4.0,73.0,0.0,0.0,1.0,5329.0,1.0,6.0,10.463132,0.0,0.0,330.0,11.156265,3.0
1.0,guangdong,4.0,84.0,0.0,0.0,0.0,7056.0,0.0,12.0,11.695255,0.0,1.0,330.0,,3.0
1.0,guangdong,4.0,41.0,0.0,0.0,1.0,1681.0,1.0,12.0,0.0,1.0,0.0,330.0,8.9873219,5.0
1.0,guangdong,4.0,24.0,0.0,0.0,0.0,576.0,0.0,16.0,10.778977,1.0,0.0,330.0,10.778977,5.0
1.0,guangdong,2.0,80.0,0.0,0.0,1.0,6400.0,0.0,0.0,9.392745,0.0,0.0,330.0,,2.0
1.0,guangdong,3.0,56.0,0.0,0.0,1.0,3136.0,0.0,9.0,10.126671,1.0,0.0,330.0,11.695255,2.0
1.0,guangdong,4.0,43.0,0.0,0.0,1.0,1849.0,0.0,0.0,10.308986,1.0,0.0,330.0,10.308986,4.0
1.0,guangdong,3.0,56.0,0.0,0.0,1.0,3136.0,1.0,12.0,10.545368,0.0,0.0,330.0,11.695255,3.0
1.0,guangdong,4.0,80.0,0.0,0.0,1.0,6400.0,1.0,9.0,10.75366,0.0,0.0,330.0,,2.0
1.0,guangdong,3.0,67.0,0.0,0.0,1.0,4489.0,1.0,9.0,8.8819752,0.0,0.0,330.0,12.388398,2.0
1.0,guangdong,4.0,68.0,0.0,0.0,0.0,4624.0,1.0,6.0,10.491302,0.0,0.0,330.0,11.918397,1.0
1.0,guangdong,3.0,69.0,0.0,0.0,1.0,4761.0,0.0,9.0,9.2873936,0.0,0.0,330.0,,3.0
1.0,guangdong,4.0,59.0,0.0,0.0,1.0,3481.0,0.0,15.0,0.0,0.0,1.0,330.0,10.085851,5.0
1.0,guangdong,3.0,74.0,0.0,0.0,0.0,5476.0,0.0,6.0,11.002116,0.0,1.0,330.0,11.002116,3.0
1.0,guangdong,4.0,57.0,0.0,0.0,1.0,3249.0,0.0,12.0,10.308986,0.0,0.0,330.0,12.100718,4.0
1.0,guangdong,3.0,74.0,3.4339871,0.0,1.0,5476.0,0.0,9.0,0.0,1.0,0.0,330.0,10.308986,5.0
1.0,guangdong,4.0,18.0,0.0,0.0,0.0,324.0,0.0,12.0,0.0,1.0,0.0,330.0,11.156265,5.0
1.0,guangdong,5.0,62.0,0.0,0.0,1.0,3844.0,0.0,6.0,9.1696224,0.0,0.0,330.0,,4.0
1.0,guangdong,4.0,29.0,0.0,0.0,0.0,841.0,0.0,16.0,10.896758,0.0,1.0,330.0,11.440366,4.0
1.0,guangdong,5.0,80.0,0.0,0.0,1.0,6400.0,1.0,12.0,10.085851,0.0,0.0,330.0,11.002116,3.0
1.0,guangdong,4.0,78.0,0.0,0.0,1.0,6084.0,0.0,9.0,10.819798,0.0,0.0,330.0,11.982935,2.0
1.0,guangdong,4.0,48.0,0.0,0.0,1.0,2304.0,1.0,0.0,7.6014023,1.0,0.0,330.0,10.545368,4.0
1.0,guangdong,5.0,70.0,4.1108737,0.0,1.0,4900.0,0.0,16.0,11.512936,0.0,1.0,330.0,,4.0
1.0,guangdong,4.0,36.0,0.0,0.0,1.0,1296.0,0.0,9.0,10.778977,0.0,0.0,330.0,11.675053,4.0
1.0,guangdong,4.0,55.0,0.0,0.0,0.0,3025.0,1.0,12.0,10.308986,0.0,0.0,330.0,10.308986,3.0
1.0,guangdong,2.0,41.0,0.0,0.0,1.0,1681.0,0.0,15.0,0.0,0.0,0.0,330.0,0.0,3.0
1.0,guangdong,5.0,34.0,0.0,0.0,1.0,1156.0,0.0,12.0,10.308986,0.0,1.0,330.0,,4.0
1.0,guangdong,4.0,67.0,0.0,0.0,1.0,4489.0,1.0,6.0,6.9087548,1.0,0.0,330.0,,4.0
1.0,guangdong,3.0,32.0,0.0,0.0,0.0,1024.0,0.0,16.0,12.611541,0.0,1.0,330.0,,3.0
1.0,guangdong,4.0,69.0,0.0,0.0,1.0,4761.0,1.0,9.0,10.75366,0.0,0.0,330.0,11.817472,3.0
1.0,guangdong,3.0,48.0,0.0,0.0,1.0,2304.0,0.0,15.0,11.156265,0.0,0.0,330.0,11.918397,4.0
1.0,guangdong,4.0,77.0,0.0,0.0,1.0,5929.0,0.0,9.0,11.338584,0.0,0.0,330.0,,4.0
1.0,guangdong,4.0,23.0,0.0,0.0,1.0,529.0,1.0,12.0,10.491302,0.0,0.0,330.0,11.338584,3.0
1.0,guangdong,5.0,48.0,0.0,0.0,1.0,2304.0,1.0,6.0,9.9035378,1.0,0.0,330.0,13.592368,4.0
1.0,guangdong,5.0,28.0,0.0,0.0,1.0,784.0,0.0,15.0,11.002116,1.0,0.0,330.0,11.002116,5.0
1.0,guangdong,4.0,22.0,0.0,0.0,0.0,484.0,1.0,15.0,10.58661,1.0,0.0,330.0,,5.0
1.0,guangdong,3.0,24.0,0.0,0.0,0.0,576.0,1.0,16.0,10.645449,1.0,0.0,330.0,,5.0
1.0,guangdong,2.0,35.0,0.0,0.0,1.0,1225.0,0.0,6.0,10.491302,1.0,0.0,330.0,10.491302,5.0
1.0,guangdong,1.0,57.0,4.6151204,0.0,1.0,3249.0,1.0,0.0,0.0,1.0,0.0,330.0,9.9035378,3.0
1.0,guangdong,4.0,41.0,3.9318256,0.0,1.0,1681.0,0.0,0.0,10.308986,1.0,0.0,330.0,11.289794,4.0
1.0,guangdong,4.0,35.0,0.0,0.0,1.0,1225.0,0.0,16.0,12.206078,0.0,0.0,330.0,12.611541,4.0
1.0,guangdong,4.0,69.0,0.0,0.0,1.0,4761.0,0.0,15.0,11.002116,0.0,1.0,330.0,,3.0
1.0,guangdong,5.0,66.0,0.0,0.0,1.0,4356.0,0.0,6.0,0.0,1.0,0.0,330.0,11.695255,3.0
1.0,guangdong,4.0,56.0,0.0,0.0,1.0,3136.0,1.0,9.0,9.6158724,1.0,0.0,330.0,10.819798,3.0
1.0,guangdong,5.0,21.0,0.0,0.0,0.0,441.0,0.0,16.0,,0.0,0.0,330.0,,3.0
1.0,guangdong,4.0,38.0,0.0,0.0,1.0,1444.0,0.0,9.0,10.59666,1.0,0.0,330.0,10.59666,2.0
1.0,guangdong,5.0,69.0,0.0,0.0,1.0,4761.0,1.0,0.0,0.0,1.0,0.0,330.0,0.0,3.0
1.0,guangdong,3.0,65.0,0.0,0.0,1.0,4225.0,1.0,0.0,0.0,1.0,0.0,330.0,,3.0
1.0,guangdong,4.0,64.0,0.0,0.0,1.0,4096.0,1.0,12.0,10.778977,0.0,0.0,330.0,11.512936,3.0
1.0,guangdong,4.0,67.0,0.0,0.0,1.0,4489.0,0.0,6.0,6.9087548,1.0,0.0,330.0,10.819798,4.0
1.0,guangdong,3.0,39.0,0.0,0.0,1.0,1521.0,0.0,6.0,11.512936,1.0,0.0,330.0,11.512936,4.0
1.0,guangdong,4.0,93.0,0.0,0.0,0.0,8649.0,1.0,6.0,10.778977,0.0,0.0,330.0,11.918397,2.0
1.0,guangdong,4.0,21.0,0.0,0.0,0.0,441.0,1.0,9.0,10.491302,1.0,0.0,330.0,11.918397,4.0
1.0,guangdong,4.0,33.0,0.0,0.0,1.0,1089.0,1.0,15.0,0.0,0.0,0.0,330.0,11.338584,4.0
1.0,guangdong,4.0,47.0,0.0,0.0,1.0,2209.0,1.0,15.0,10.59666,0.0,0.0,330.0,11.289794,4.0
1.0,guangdong,4.0,32.0,2.3978953,0.0,1.0,1024.0,1.0,16.0,11.512936,0.0,1.0,330.0,12.04356,3.0
1.0,guangdong,3.0,42.0,0.0,0.0,1.0,1764.0,0.0,19.0,13.122365,0.0,1.0,330.0,13.458838,4.0
1.0,guangdong,2.0,58.0,0.0,0.0,1.0,3364.0,0.0,12.0,9.9035378,0.0,0.0,330.0,10.59666,3.0
1.0,guangdong,4.0,67.0,0.0,0.0,1.0,4489.0,0.0,9.0,10.491302,0.0,0.0,330.0,11.156265,3.0
1.0,guangdong,3.0,60.0,0.0,0.0,1.0,3600.0,1.0,12.0,10.701017,0.0,0.0,330.0,11.133142,3.0
1.0,guangdong,4.0,49.0,0.0,0.0,0.0,2401.0,0.0,12.0,10.491302,0.0,0.0,330.0,10.491302,3.0
1.0,guangdong,3.0,30.0,0.0,0.0,1.0,900.0,1.0,15.0,10.645449,1.0,0.0,330.0,11.532738,5.0
1.0,guangdong,4.0,49.0,0.0,0.0,0.0,2401.0,1.0,12.0,10.59666,0.0,0.0,330.0,10.59666,3.0
1.0,guangdong,4.0,29.0,0.0,0.0,0.0,841.0,1.0,16.0,11.512936,1.0,0.0,330.0,,4.0
1.0,guangdong,4.0,51.0,0.0,0.0,1.0,2601.0,1.0,9.0,10.491302,1.0,0.0,330.0,11.002116,4.0
1.0,guangdong,4.0,70.0,0.0,0.0,0.0,4900.0,1.0,9.0,10.126671,0.0,0.0,330.0,,4.0
1.0,guangdong,4.0,21.0,0.0,0.0,0.0,441.0,1.0,15.0,10.778977,1.0,0.0,330.0,,4.0
1.0,guangdong,5.0,22.0,0.0,0.0,0.0,484.0,0.0,9.0,9.9035378,1.0,0.0,330.0,,5.0
1.0,guangdong,4.0,49.0,0.0,0.0,1.0,2401.0,0.0,6.0,,1.0,0.0,330.0,,3.0
1.0,guangdong,4.0,26.0,0.0,0.0,0.0,676.0,1.0,16.0,11.156265,1.0,0.0,330.0,11.512936,3.0
1.0,guangdong,5.0,55.0,3.4339871,0.0,1.0,3025.0,1.0,2.0,10.085851,0.0,0.0,330.0,11.002116,5.0
1.0,guangdong,4.0,28.0,0.0,0.0,0.0,784.0,1.0,16.0,11.407576,0.0,0.0,330.0,,4.0
1.0,guangdong,4.0,32.0,0.0,0.0,1.0,1024.0,0.0,12.0,,0.0,0.0,330.0,,3.0
1.0,guangdong,3.0,44.0,0.0,0.0,1.0,1936.0,1.0,9.0,10.819798,0.0,0.0,330.0,,4.0
1.0,guangdong,4.0,33.0,0.0,0.0,1.0,1089.0,1.0,9.0,,1.0,0.0,330.0,,4.0
1.0,guangdong,4.0,25.0,3.9318256,0.0,0.0,625.0,0.0,16.0,12.206078,0.0,0.0,330.0,,3.0
1.0,guangdong,3.0,32.0,0.0,0.0,1.0,1024.0,0.0,15.0,11.512936,0.0,0.0,330.0,11.918397,5.0
1.0,guangdong,5.0,61.0,0.0,0.0,1.0,3721.0,1.0,0.0,9.392745,0.0,0.0,330.0,11.589896,3.0
1.0,guangdong,4.0,35.0,0.0,0.0,1.0,1225.0,1.0,19.0,12.100718,0.0,1.0,330.0,12.611541,4.0
1.0,guangdong,4.0,37.0,5.3033047,0.0,1.0,1369.0,0.0,16.0,10.308986,0.0,0.0,330.0,10.308986,1.0
1.0,guangdong,4.0,18.0,0.0,0.0,0.0,324.0,1.0,16.0,,0.0,0.0,330.0,11.512936,5.0
1.0,guangdong,5.0,31.0,0.0,0.0,0.0,961.0,0.0,16.0,11.512936,0.0,0.0,330.0,12.206078,2.0
1.0,guangdong,2.0,58.0,0.0,0.0,0.0,3364.0,0.0,6.0,0.0,1.0,0.0,330.0,,2.0
1.0,guangdong,5.0,70.0,0.0,0.0,1.0,4900.0,1.0,0.0,0.0,1.0,0.0,330.0,,4.0
1.0,guangdong,5.0,52.0,0.0,0.0,1.0,2704.0,0.0,6.0,11.002116,1.0,0.0,330.0,11.156265,5.0
1.0,guangdong,5.0,32.0,0.0,0.0,1.0,1024.0,1.0,6.0,8.9873219,0.0,0.0,330.0,9.9035378,4.0
1.0,guangdong,3.0,44.0,0.0,0.0,1.0,1936.0,1.0,6.0,10.085851,1.0,0.0,330.0,,3.0
1.0,guangdong,4.0,55.0,0.0,0.0,1.0,3025.0,0.0,0.0,10.085851,0.0,0.0,330.0,10.778977,4.0
1.0,guangdong,3.0,53.0,5.7071104,0.0,1.0,2809.0,0.0,6.0,9.6158724,0.0,0.0,330.0,12.100718,2.0
1.0,guangdong,4.0,51.0,5.7071104,0.0,1.0,2601.0,0.0,16.0,11.407576,0.0,1.0,330.0,11.982935,4.0
1.0,guangdong,3.0,37.0,0.0,0.0,1.0,1369.0,1.0,6.0,0.0,1.0,0.0,330.0,,4.0
1.0,guangdong,4.0,43.0,0.0,0.0,1.0,1849.0,0.0,6.0,10.819798,1.0,0.0,330.0,11.156265,4.0
1.0,guangdong,2.0,67.0,1.3862944,0.0,0.0,4489.0,1.0,6.0,10.778977,0.0,0.0,330.0,10.778977,2.0
1.0,guangdong,4.0,54.0,0.0,0.0,1.0,2916.0,0.0,6.0,10.59666,1.0,0.0,330.0,10.59666,4.0
1.0,guangdong,2.0,27.0,0.0,0.0,0.0,729.0,1.0,16.0,13.77469,0.0,0.0,330.0,,3.0
1.0,guangdong,3.0,41.0,0.0,0.0,1.0,1681.0,0.0,6.0,10.308986,1.0,0.0,330.0,10.308986,4.0
1.0,guangdong,4.0,20.0,0.0,0.0,0.0,400.0,0.0,16.0,0.0,0.0,0.0,330.0,,4.0
1.0,guangdong,4.0,78.0,0.0,0.0,0.0,6084.0,1.0,12.0,10.491302,0.0,1.0,330.0,10.491302,3.0
1.0,guangdong,4.0,74.0,0.0,0.0,0.0,5476.0,1.0,6.0,10.896758,0.0,0.0,330.0,10.896758,3.0
1.0,guangdong,4.0,48.0,0.0,0.0,0.0,2304.0,1.0,6.0,11.002116,1.0,0.0,330.0,11.002116,2.0
1.0,guangdong,3.0,28.0,0.0,0.0,0.0,784.0,0.0,16.0,13.997833,0.0,0.0,330.0,14.914124,5.0
1.0,guangdong,4.0,31.0,0.0,0.0,1.0,961.0,1.0,16.0,10.819798,0.0,1.0,330.0,11.512936,4.0
1.0,guangdong,4.0,40.0,0.0,1.0,1.0,1600.0,0.0,9.0,10.59666,1.0,0.0,330.0,11.002116,4.0
1.0,guangdong,5.0,84.0,0.0,0.0,0.0,7056.0,1.0,0.0,10.491302,0.0,0.0,330.0,10.491302,4.0
1.0,guangdong,4.0,63.0,0.0,0.0,1.0,3969.0,1.0,9.0,10.491302,0.0,0.0,330.0,11.695255,4.0
1.0,guangdong,4.0,49.0,0.0,0.0,1.0,2401.0,0.0,12.0,13.487008,0.0,0.0,330.0,13.592368,3.0
1.0,guangdong,4.0,19.0,0.0,0.0,0.0,361.0,0.0,12.0,0.0,1.0,0.0,330.0,10.491302,4.0
1.0,guangdong,4.0,54.0,4.1108737,0.0,1.0,2916.0,0.0,12.0,11.002116,0.0,1.0,330.0,,4.0
1.0,guangdong,4.0,22.0,4.6151204,0.0,0.0,484.0,1.0,16.0,8.9873219,0.0,0.0,330.0,,4.0
1.0,guangdong,4.0,70.0,0.0,0.0,1.0,4900.0,0.0,9.0,11.695255,0.0,0.0,330.0,11.982935,4.0
1.0,guangdong,4.0,69.0,0.0,0.0,1.0,4761.0,0.0,9.0,9.9035378,0.0,0.0,330.0,11.472114,4.0
1.0,guangdong,5.0,50.0,0.0,0.0,1.0,2500.0,0.0,12.0,,0.0,1.0,330.0,11.184435,4.0
1.0,guangdong,5.0,24.0,0.0,0.0,0.0,576.0,0.0,15.0,11.918397,1.0,0.0,330.0,,4.0
1.0,guangdong,4.0,63.0,0.0,0.0,1.0,3969.0,0.0,9.0,11.002116,1.0,0.0,330.0,12.206078,2.0
1.0,guangdong,4.0,52.0,0.0,0.0,0.0,2704.0,1.0,15.0,10.59666,0.0,1.0,330.0,11.002116,3.0
1.0,guangdong,3.0,21.0,0.0,0.0,1.0,441.0,0.0,12.0,10.819798,1.0,0.0,330.0,10.819798,4.0
1.0,guangdong,2.0,48.0,0.0,0.0,0.0,2304.0,0.0,15.0,10.819798,0.0,0.0,330.0,11.512936,4.0
1.0,guangdong,4.0,60.0,0.0,0.0,1.0,3600.0,1.0,12.0,,0.0,1.0,330.0,,4.0
1.0,guangdong,3.0,29.0,0.0,0.0,1.0,841.0,1.0,12.0,10.308986,1.0,0.0,330.0,11.338584,5.0
1.0,guangdong,4.0,62.0,0.0,0.0,1.0,3844.0,0.0,12.0,10.778977,0.0,1.0,330.0,11.289794,4.0
1.0,guangdong,4.0,24.0,0.0,0.0,0.0,576.0,0.0,12.0,11.289794,0.0,0.0,330.0,11.289794,4.0
1.0,guangdong,4.0,47.0,3.0445225,0.0,1.0,2209.0,1.0,6.0,0.0,1.0,0.0,330.0,,4.0
1.0,guangdong,4.0,38.0,0.0,0.0,1.0,1444.0,1.0,15.0,11.918397,0.0,0.0,330.0,12.899222,5.0
1.0,guangdong,4.0,20.0,0.0,0.0,0.0,400.0,1.0,9.0,0.0,0.0,0.0,330.0,10.085851,4.0
1.0,guangdong,4.0,69.0,2.3978953,0.0,1.0,4761.0,0.0,15.0,11.002116,0.0,1.0,330.0,11.407576,2.0
1.0,guangdong,4.0,22.0,0.0,0.0,0.0,484.0,1.0,15.0,0.0,1.0,0.0,330.0,11.918397,5.0
1.0,guangdong,3.0,26.0,4.6151204,0.0,0.0,676.0,0.0,16.0,11.918397,0.0,0.0,330.0,12.42922,3.0
1.0,guangdong,2.0,57.0,0.0,0.0,1.0,3249.0,1.0,12.0,10.545368,0.0,0.0,330.0,11.289794,2.0
1.0,guangdong,4.0,40.0,0.0,0.0,1.0,1600.0,0.0,15.0,12.206078,0.0,0.0,330.0,12.611541,4.0
1.0,guangdong,3.0,30.0,0.0,1.0,1.0,900.0,1.0,19.0,12.206078,0.0,0.0,330.0,12.611541,4.0
1.0,guangdong,4.0,80.0,0.0,0.0,1.0,6400.0,1.0,12.0,10.491302,0.0,1.0,330.0,11.407576,3.0
1.0,guangdong,4.0,42.0,5.7071104,0.0,1.0,1764.0,0.0,15.0,10.915107,0.0,1.0,330.0,11.695255,5.0
1.0,guangdong,4.0,45.0,0.0,0.0,1.0,2025.0,0.0,6.0,10.491302,1.0,0.0,330.0,11.002116,5.0
1.0,guangdong,4.0,49.0,0.0,0.0,1.0,2401.0,1.0,6.0,0.0,1.0,0.0,330.0,8.9873219,3.0
1.0,guangdong,2.0,63.0,0.0,0.0,1.0,3969.0,0.0,9.0,10.225607,0.0,0.0,330.0,11.002116,4.0
1.0,guangdong,5.0,38.0,0.0,0.0,1.0,1444.0,1.0,16.0,11.289794,0.0,1.0,330.0,,4.0
1.0,guangdong,3.0,30.0,0.0,0.0,1.0,900.0,0.0,9.0,9.2104406,1.0,0.0,330.0,9.2104406,4.0
1.0,guangdong,2.0,36.0,3.713572,0.0,1.0,1296.0,1.0,16.0,,0.0,0.0,330.0,11.512936,3.0
1.0,guangdong,3.0,23.0,0.0,0.0,0.0,529.0,0.0,16.0,10.819798,1.0,0.0,330.0,,5.0
1.0,guangdong,4.0,31.0,0.0,0.0,1.0,961.0,1.0,12.0,11.002116,1.0,0.0,330.0,11.512936,5.0
1.0,guangdong,5.0,82.0,0.0,0.0,0.0,6724.0,0.0,0.0,9.5750532,0.0,0.0,330.0,9.5750532,5.0
1.0,guangdong,4.0,80.0,0.0,0.0,0.0,6400.0,1.0,12.0,10.616462,0.0,0.0,330.0,,2.0
1.0,guangdong,4.0,20.0,0.0,0.0,0.0,400.0,0.0,16.0,0.0,0.0,0.0,330.0,,5.0
1.0,guangdong,4.0,21.0,0.0,0.0,0.0,441.0,0.0,6.0,10.085851,1.0,0.0,330.0,11.184435,5.0
1.0,guangdong,4.0,28.0,0.0,0.0,1.0,784.0,1.0,9.0,0.0,0.0,0.0,330.0,9.9035378,3.0
1.0,guangdong,4.0,59.0,0.0,0.0,1.0,3481.0,0.0,0.0,9.392745,0.0,0.0,330.0,10.819798,3.0
1.0,guangdong,4.0,56.0,0.0,0.0,1.0,3136.0,0.0,12.0,10.491302,0.0,0.0,330.0,11.608245,4.0
1.0,guangdong,2.0,30.0,0.0,0.0,1.0,900.0,1.0,16.0,11.156265,0.0,0.0,330.0,11.849504,2.0
1.0,guangdong,5.0,39.0,0.0,0.0,1.0,1521.0,0.0,6.0,10.085851,1.0,0.0,330.0,11.002116,5.0
1.0,guangdong,3.0,23.0,0.0,0.0,0.0,529.0,1.0,16.0,11.002116,0.0,0.0,330.0,11.512936,2.0
1.0,guangdong,5.0,62.0,2.3978953,0.0,0.0,3844.0,0.0,12.0,10.778977,0.0,0.0,330.0,,4.0
1.0,guangdong,4.0,50.0,0.0,0.0,1.0,2500.0,0.0,19.0,11.918397,0.0,1.0,330.0,11.918397,4.0
1.0,guangdong,5.0,58.0,0.0,0.0,1.0,3364.0,1.0,12.0,8.0067005,0.0,0.0,330.0,,4.0
1.0,guangdong,4.0,59.0,0.0,0.0,1.0,3481.0,1.0,6.0,9.2104406,0.0,0.0,330.0,,2.0
1.0,guangdong,4.0,28.0,0.0,0.0,0.0,784.0,1.0,16.0,11.002116,0.0,0.0,330.0,12.206078,5.0
1.0,guangdong,4.0,52.0,0.0,0.0,1.0,2704.0,1.0,9.0,9.2104406,0.0,0.0,330.0,9.9035378,4.0
1.0,guangdong,5.0,25.0,0.0,0.0,0.0,625.0,1.0,19.0,12.899222,0.0,0.0,330.0,,2.0
1.0,guangdong,4.0,43.0,3.9318256,0.0,1.0,1849.0,1.0,6.0,9.6158724,1.0,0.0,330.0,10.308986,4.0
1.0,guangdong,4.0,31.0,0.0,0.0,1.0,961.0,0.0,16.0,12.206078,0.0,0.0,330.0,,3.0
1.0,guangdong,4.0,50.0,0.0,0.0,0.0,2500.0,1.0,9.0,10.491302,0.0,0.0,330.0,10.491302,5.0
1.0,guangdong,3.0,28.0,0.0,0.0,0.0,784.0,1.0,15.0,0.0,1.0,0.0,330.0,,5.0
1.0,guangdong,4.0,48.0,0.0,0.0,1.0,2304.0,1.0,6.0,,1.0,0.0,330.0,,4.0
1.0,guangdong,4.0,34.0,0.0,0.0,0.0,1156.0,0.0,12.0,10.645449,0.0,0.0,330.0,10.896758,5.0
1.0,guangdong,4.0,29.0,0.0,0.0,1.0,841.0,1.0,6.0,10.59666,1.0,0.0,330.0,11.289794,5.0
1.0,guangdong,4.0,83.0,0.0,0.0,0.0,6889.0,1.0,0.0,0.0,1.0,0.0,330.0,0.0,3.0
1.0,guangdong,4.0,62.0,0.0,0.0,0.0,3844.0,1.0,15.0,11.002116,0.0,0.0,330.0,,2.0
1.0,guangdong,4.0,41.0,0.0,0.0,1.0,1681.0,1.0,12.0,0.0,0.0,0.0,330.0,11.512936,4.0
1.0,guangdong,3.0,36.0,0.0,0.0,1.0,1296.0,0.0,9.0,10.308986,1.0,0.0,330.0,10.308986,4.0
1.0,guangdong,4.0,19.0,0.0,0.0,0.0,361.0,0.0,12.0,0.0,1.0,,330.0,9.2104406,3.0
1.0,guangdong,4.0,21.0,1.0986123,0.0,0.0,441.0,1.0,16.0,0.0,1.0,0.0,330.0,11.238502,3.0
1.0,guangdong,5.0,74.0,0.0,0.0,1.0,5476.0,0.0,6.0,10.862857,0.0,0.0,330.0,11.350418,2.0
1.0,guangdong,4.0,76.0,0.0,0.0,0.0,5776.0,1.0,0.0,0.0,1.0,0.0,330.0,9.2104406,4.0
1.0,guangdong,5.0,48.0,0.0,0.0,1.0,2304.0,1.0,15.0,10.819798,0.0,1.0,330.0,10.819798,3.0
1.0,guangdong,5.0,78.0,0.0,0.0,0.0,6084.0,1.0,0.0,9.392745,0.0,0.0,330.0,10.491302,3.0
1.0,guangdong,4.0,40.0,5.7071104,0.0,1.0,1600.0,1.0,9.0,10.308986,1.0,0.0,330.0,10.819798,4.0
1.0,guangdong,4.0,24.0,0.0,0.0,1.0,576.0,1.0,15.0,10.491302,0.0,0.0,330.0,11.918397,5.0
1.0,guangdong,4.0,76.0,0.0,0.0,0.0,5776.0,1.0,0.0,7.1708884,1.0,0.0,330.0,10.920547,4.0
1.0,guangdong,4.0,83.0,0.0,0.0,1.0,6889.0,0.0,0.0,9.0361061,1.0,0.0,330.0,9.0361061,4.0
1.0,guangdong,4.0,61.0,0.0,0.0,1.0,3721.0,0.0,12.0,11.002116,0.0,1.0,330.0,11.695255,4.0
1.0,guangdong,4.0,60.0,0.0,0.0,1.0,3600.0,1.0,0.0,9.0361061,0.0,0.0,330.0,,2.0
1.0,guangdong,4.0,18.0,2.7725887,0.0,0.0,324.0,0.0,12.0,0.0,0.0,0.0,330.0,11.695255,5.0
1.0,guangdong,5.0,55.0,0.0,0.0,1.0,3025.0,1.0,12.0,11.289794,0.0,0.0,330.0,11.775297,3.0
1.0,guangdong,4.0,30.0,0.0,0.0,0.0,900.0,0.0,16.0,10.819798,0.0,0.0,330.0,11.156265,2.0
1.0,guangdong,4.0,51.0,3.4339871,0.0,1.0,2601.0,1.0,0.0,0.0,1.0,0.0,330.0,,4.0
1.0,guangdong,2.0,20.0,0.0,0.0,0.0,400.0,0.0,12.0,10.59666,0.0,0.0,330.0,,5.0
1.0,guangdong,3.0,65.0,0.0,0.0,1.0,4225.0,0.0,12.0,9.2419357,0.0,0.0,330.0,,4.0
1.0,guangdong,4.0,53.0,0.0,0.0,1.0,2809.0,0.0,12.0,11.695255,0.0,0.0,330.0,11.695255,3.0
1.0,guangdong,4.0,40.0,0.0,0.0,1.0,1600.0,0.0,12.0,10.59666,0.0,0.0,330.0,11.512936,4.0
1.0,guangdong,4.0,70.0,0.0,0.0,0.0,4900.0,0.0,12.0,11.002116,0.0,1.0,330.0,,3.0
1.0,guangdong,4.0,64.0,0.0,0.0,1.0,4096.0,1.0,6.0,0.0,1.0,0.0,330.0,,3.0
1.0,guangdong,4.0,68.0,0.0,0.0,1.0,4624.0,0.0,12.0,10.819798,0.0,0.0,330.0,,2.0
1.0,guangdong,3.0,18.0,0.0,0.0,0.0,324.0,0.0,12.0,0.0,0.0,0.0,330.0,,4.0
1.0,guangdong,4.0,35.0,0.0,0.0,1.0,1225.0,1.0,12.0,11.002116,1.0,0.0,330.0,11.695255,3.0
1.0,guangdong,4.0,36.0,0.0,0.0,1.0,1296.0,1.0,12.0,,1.0,0.0,330.0,,5.0
1.0,guangdong,4.0,59.0,0.0,0.0,1.0,3481.0,1.0,6.0,10.085851,0.0,1.0,330.0,,3.0
1.0,guangdong,4.0,30.0,0.0,0.0,1.0,900.0,0.0,16.0,12.611541,0.0,0.0,330.0,13.122365,4.0
1.0,guangdong,4.0,32.0,3.9318256,0.0,1.0,1024.0,1.0,6.0,10.463132,1.0,0.0,330.0,11.512936,4.0
1.0,guangdong,3.0,51.0,0.0,0.0,1.0,2601.0,1.0,6.0,10.308986,0.0,0.0,330.0,10.308986,4.0
1.0,guangdong,4.0,30.0,3.9318256,0.0,1.0,900.0,1.0,15.0,11.695255,1.0,0.0,330.0,,4.0
1.0,guangdong,5.0,23.0,3.4339871,0.0,0.0,529.0,1.0,12.0,9.6158724,1.0,0.0,330.0,,5.0
1.0,guangdong,2.0,72.0,0.0,0.0,1.0,5184.0,1.0,0.0,11.472114,0.0,0.0,330.0,,2.0
1.0,guangdong,2.0,40.0,0.0,0.0,0.0,1600.0,0.0,9.0,10.085851,0.0,0.0,330.0,11.472114,3.0
1.0,guangdong,5.0,75.0,0.0,0.0,0.0,5625.0,1.0,6.0,10.778977,0.0,0.0,330.0,11.589896,2.0
1.0,guangdong,3.0,47.0,0.0,0.0,1.0,2209.0,1.0,0.0,7.3138866,0.0,0.0,330.0,10.308986,3.0
1.0,guangdong,5.0,25.0,3.0445225,0.0,0.0,625.0,1.0,15.0,11.002116,1.0,0.0,330.0,,4.0
1.0,guangdong,3.0,62.0,0.0,0.0,1.0,3844.0,1.0,0.0,9.392745,1.0,0.0,330.0,10.085851,4.0
1.0,guangdong,4.0,80.0,0.0,0.0,1.0,6400.0,0.0,6.0,8.6996813,1.0,0.0,330.0,,4.0
1.0,guangdong,4.0,47.0,3.0445225,0.0,1.0,2209.0,1.0,9.0,0.0,1.0,0.0,330.0,10.59666,4.0
1.0,guangdong,3.0,39.0,0.0,0.0,1.0,1521.0,1.0,15.0,0.0,1.0,0.0,330.0,11.002116,4.0
1.0,guangdong,4.0,46.0,3.4339871,0.0,1.0,2116.0,0.0,16.0,12.42922,0.0,0.0,330.0,12.611541,3.0
1.0,guangdong,4.0,64.0,0.0,0.0,1.0,4096.0,0.0,12.0,10.896758,0.0,1.0,330.0,10.896758,3.0
1.0,guangdong,4.0,39.0,0.0,0.0,1.0,1521.0,1.0,12.0,0.0,0.0,0.0,330.0,11.002116,3.0
1.0,guangdong,4.0,62.0,0.0,0.0,1.0,3844.0,1.0,0.0,0.0,0.0,0.0,330.0,0.0,4.0
1.0,guangdong,2.0,53.0,0.0,0.0,0.0,2809.0,1.0,6.0,0.0,0.0,0.0,330.0,,2.0
1.0,guangdong,5.0,70.0,0.0,0.0,1.0,4900.0,1.0,0.0,0.0,1.0,0.0,330.0,11.849405,2.0
1.0,guangdong,4.0,34.0,0.0,0.0,1.0,1156.0,0.0,15.0,,0.0,0.0,330.0,,4.0
1.0,guangdong,5.0,44.0,0.0,0.0,1.0,1936.0,1.0,12.0,0.0,0.0,0.0,330.0,11.695255,3.0
1.0,guangdong,3.0,36.0,0.0,0.0,1.0,1296.0,1.0,9.0,10.778977,0.0,0.0,330.0,11.472114,5.0
1.0,guangdong,4.0,46.0,0.0,0.0,1.0,2116.0,1.0,6.0,0.0,1.0,0.0,330.0,,3.0
1.0,guangdong,5.0,71.0,0.0,0.0,0.0,5041.0,1.0,6.0,10.434145,0.0,0.0,330.0,10.457401,4.0
1.0,guangdong,4.0,37.0,0.0,0.0,1.0,1369.0,0.0,19.0,,0.0,1.0,330.0,,3.0
1.0,guangdong,4.0,81.0,0.0,0.0,1.0,6561.0,1.0,0.0,,0.0,0.0,330.0,,2.0
1.0,guangdong,5.0,75.0,0.0,0.0,0.0,5625.0,1.0,6.0,10.819798,0.0,1.0,330.0,10.819798,4.0
1.0,guangdong,4.0,69.0,2.3978953,0.0,1.0,4761.0,0.0,6.0,10.491302,0.0,1.0,330.0,11.002116,3.0
1.0,guangdong,4.0,32.0,0.0,0.0,0.0,1024.0,1.0,19.0,12.206078,0.0,0.0,330.0,12.206078,3.0
1.0,guangdong,4.0,77.0,0.0,0.0,1.0,5929.0,0.0,16.0,10.778977,0.0,0.0,330.0,13.77469,3.0
1.0,guangdong,5.0,31.0,0.0,0.0,0.0,961.0,0.0,12.0,11.695255,0.0,0.0,330.0,12.765692,2.0
1.0,guangdong,4.0,63.0,0.0,0.0,1.0,3969.0,0.0,6.0,0.0,1.0,0.0,330.0,11.512936,3.0
1.0,guangdong,4.0,45.0,3.0445225,0.0,0.0,2025.0,0.0,9.0,9.9035378,0.0,0.0,330.0,,4.0
1.0,guangdong,4.0,26.0,0.0,0.0,1.0,676.0,0.0,16.0,11.512936,0.0,0.0,330.0,13.122365,2.0
1.0,guangdong,4.0,30.0,0.0,0.0,0.0,900.0,0.0,15.0,11.002116,0.0,0.0,330.0,11.002116,4.0
1.0,guangdong,4.0,35.0,3.4339871,0.0,1.0,1225.0,0.0,6.0,10.819798,1.0,0.0,330.0,11.512936,4.0
1.0,guangdong,4.0,82.0,3.9318256,0.0,1.0,6724.0,1.0,0.0,11.238502,0.0,0.0,330.0,,2.0
1.0,guangdong,4.0,80.0,5.3033047,0.0,1.0,6400.0,1.0,6.0,0.0,1.0,0.0,330.0,0.0,3.0
1.0,guangdong,4.0,58.0,0.0,0.0,1.0,3364.0,1.0,6.0,9.1696224,1.0,0.0,330.0,9.1696224,4.0
1.0,guangdong,5.0,64.0,3.0445225,0.0,1.0,4096.0,1.0,0.0,9.2104406,1.0,0.0,330.0,10.308986,3.0
1.0,guangdong,4.0,28.0,0.0,0.0,1.0,784.0,1.0,15.0,0.0,1.0,0.0,330.0,11.512936,3.0
1.0,guangdong,4.0,32.0,0.0,0.0,1.0,1024.0,0.0,9.0,11.002116,1.0,0.0,330.0,11.512936,4.0
1.0,guangdong,4.0,46.0,0.0,0.0,1.0,2116.0,1.0,6.0,10.085851,1.0,0.0,330.0,,4.0
1.0,guangdong,4.0,38.0,0.0,0.0,1.0,1444.0,0.0,16.0,11.695255,0.0,0.0,330.0,11.982935,3.0
1.0,guangdong,4.0,54.0,0.0,0.0,0.0,2916.0,0.0,9.0,9.9035378,0.0,0.0,330.0,9.9035378,3.0
1.0,guangdong,5.0,65.0,0.0,0.0,1.0,4225.0,0.0,12.0,11.184435,0.0,0.0,330.0,11.664797,3.0
1.0,guangdong,5.0,18.0,0.0,0.0,0.0,324.0,1.0,15.0,10.268166,1.0,0.0,330.0,10.268166,3.0
1.0,guangdong,4.0,43.0,0.0,0.0,1.0,1849.0,1.0,0.0,9.5468836,1.0,0.0,330.0,10.463132,3.0
1.0,guangdong,4.0,54.0,0.0,0.0,1.0,2916.0,1.0,16.0,11.512936,0.0,0.0,330.0,12.206078,3.0
1.0,guangdong,4.0,64.0,0.0,0.0,0.0,4096.0,1.0,0.0,0.0,1.0,0.0,330.0,,2.0
1.0,guangdong,5.0,64.0,0.0,0.0,0.0,4096.0,1.0,9.0,8.0067005,0.0,0.0,330.0,7.6014023,4.0
1.0,guangdong,4.0,44.0,0.0,0.0,1.0,1936.0,1.0,0.0,0.0,1.0,0.0,330.0,,4.0
1.0,guangdong,4.0,26.0,0.0,0.0,0.0,676.0,0.0,9.0,9.9035378,1.0,0.0,330.0,11.512936,3.0
1.0,guangdong,4.0,43.0,0.0,0.0,1.0,1849.0,0.0,15.0,10.59666,1.0,0.0,330.0,11.156265,4.0
1.0,guangdong,4.0,81.0,0.0,0.0,1.0,6561.0,0.0,9.0,10.819798,0.0,1.0,330.0,12.206078,4.0
1.0,guangdong,5.0,61.0,0.0,0.0,1.0,3721.0,0.0,9.0,10.239996,0.0,1.0,330.0,11.775297,5.0
1.0,guangdong,4.0,73.0,0.0,0.0,1.0,5329.0,0.0,12.0,10.308986,0.0,1.0,330.0,11.002116,2.0
1.0,guangdong,2.0,53.0,0.0,0.0,1.0,2809.0,1.0,15.0,,0.0,0.0,330.0,10.59666,3.0
1.0,guangdong,4.0,42.0,0.0,0.0,1.0,1764.0,1.0,6.0,9.9035378,1.0,0.0,330.0,,4.0
1.0,guangdong,3.0,55.0,0.0,0.0,1.0,3025.0,0.0,6.0,9.392745,1.0,0.0,330.0,9.9035378,4.0
1.0,guangdong,4.0,19.0,4.6151204,0.0,0.0,361.0,0.0,12.0,0.0,1.0,0.0,330.0,11.472114,5.0
1.0,guangdong,3.0,48.0,0.0,0.0,1.0,2304.0,0.0,12.0,10.71444,1.0,1.0,330.0,11.002116,4.0
1.0,guangdong,4.0,26.0,0.0,0.0,0.0,676.0,1.0,16.0,10.308986,1.0,0.0,330.0,,4.0
1.0,guangdong,4.0,36.0,0.0,0.0,1.0,1296.0,1.0,16.0,,0.0,0.0,330.0,,4.0
1.0,guangdong,5.0,79.0,3.4339871,0.0,1.0,6241.0,0.0,16.0,11.561726,0.0,1.0,330.0,11.918397,4.0
1.0,guangdong,3.0,71.0,0.0,0.0,1.0,5041.0,0.0,9.0,11.233225,0.0,0.0,330.0,11.233225,3.0
1.0,guangdong,4.0,53.0,3.4339871,0.0,1.0,2809.0,0.0,16.0,12.899222,0.0,1.0,330.0,13.122365,3.0
1.0,guangdong,3.0,49.0,2.3978953,0.0,1.0,2401.0,1.0,15.0,11.289794,0.0,1.0,330.0,11.695255,2.0
1.0,guangdong,5.0,61.0,0.0,0.0,1.0,3721.0,1.0,12.0,10.645449,0.0,0.0,330.0,11.002116,4.0
1.0,guangdong,4.0,63.0,0.0,0.0,1.0,3969.0,0.0,15.0,10.778977,0.0,1.0,330.0,11.472114,3.0
1.0,guangdong,4.0,37.0,0.0,0.0,1.0,1369.0,1.0,15.0,11.512936,1.0,0.0,330.0,12.206078,3.0
1.0,guangdong,4.0,63.0,0.0,0.0,1.0,3969.0,1.0,15.0,10.225607,0.0,1.0,330.0,10.896758,4.0
1.0,guangdong,4.0,58.0,0.0,0.0,1.0,3364.0,0.0,12.0,11.695255,0.0,1.0,330.0,,5.0
1.0,guangdong,4.0,86.0,0.0,0.0,1.0,7396.0,0.0,6.0,10.896758,0.0,0.0,330.0,11.589896,3.0
1.0,guangdong,3.0,62.0,3.9318256,0.0,1.0,3844.0,0.0,12.0,0.0,1.0,0.0,330.0,,2.0
1.0,guangdong,3.0,28.0,4.6151204,0.0,0.0,784.0,1.0,16.0,11.512936,1.0,0.0,330.0,,4.0
1.0,guangdong,4.0,66.0,0.0,0.0,1.0,4356.0,1.0,0.0,6.9087548,1.0,0.0,330.0,10.308986,3.0
1.0,guangdong,4.0,38.0,0.0,0.0,1.0,1444.0,1.0,15.0,,0.0,0.0,330.0,,4.0
1.0,guangdong,4.0,56.0,0.0,0.0,1.0,3136.0,1.0,0.0,,1.0,0.0,330.0,,2.0
1.0,guangdong,4.0,31.0,0.0,0.0,1.0,961.0,0.0,9.0,10.59666,1.0,0.0,330.0,11.289794,5.0
1.0,guangdong,2.0,51.0,0.0,0.0,1.0,2601.0,1.0,6.0,0.0,1.0,0.0,330.0,,4.0
1.0,guangdong,4.0,56.0,0.0,0.0,1.0,3136.0,0.0,12.0,9.9035378,1.0,0.0,330.0,10.545368,4.0
1.0,guangdong,4.0,30.0,2.3025851,0.0,1.0,900.0,0.0,6.0,10.896758,1.0,0.0,330.0,11.066654,4.0
1.0,guangdong,3.0,34.0,0.0,0.0,1.0,1156.0,1.0,6.0,0.0,1.0,0.0,330.0,11.512936,4.0
1.0,guangdong,4.0,36.0,0.0,0.0,1.0,1296.0,1.0,12.0,0.0,1.0,0.0,330.0,10.778977,5.0
1.0,guangdong,3.0,43.0,0.0,0.0,1.0,1849.0,1.0,6.0,8.5173931,1.0,0.0,330.0,9.6158724,4.0
1.0,guangdong,4.0,45.0,0.0,0.0,0.0,2025.0,0.0,12.0,10.59666,0.0,0.0,330.0,10.59666,5.0
1.0,guangdong,4.0,31.0,0.0,0.0,1.0,961.0,1.0,9.0,10.491302,1.0,1.0,330.0,11.512936,4.0
1.0,guangdong,4.0,36.0,0.0,0.0,1.0,1296.0,1.0,15.0,11.002116,0.0,0.0,330.0,,3.0
1.0,guangdong,4.0,60.0,0.0,0.0,0.0,3600.0,1.0,12.0,,0.0,0.0,330.0,,3.0
1.0,guangdong,5.0,48.0,0.0,0.0,1.0,2304.0,1.0,16.0,11.512936,0.0,0.0,330.0,,3.0
1.0,guangdong,4.0,61.0,0.0,0.0,0.0,3721.0,1.0,16.0,11.918397,0.0,0.0,330.0,11.918397,3.0
0.0,guangxi,4.0,41.0,0.0,1.0,1.0,1681.0,0.0,9.0,9.9035378,0.0,0.0,301.0,10.308986,4.0
0.0,guangxi,5.0,53.0,0.0,1.0,1.0,2809.0,1.0,6.0,0.0,1.0,0.0,301.0,,5.0
1.0,guangxi,3.0,51.0,0.0,0.0,1.0,2601.0,0.0,12.0,0.0,0.0,0.0,301.0,0.0,4.0
0.0,guangxi,4.0,53.0,1.7917595,1.0,1.0,2809.0,0.0,6.0,10.463132,1.0,0.0,301.0,10.463132,3.0
0.0,guangxi,2.0,55.0,0.0,1.0,1.0,3025.0,1.0,6.0,8.0067005,1.0,0.0,301.0,10.59666,3.0
0.0,guangxi,2.0,73.0,0.0,1.0,1.0,5329.0,1.0,6.0,8.0067005,1.0,0.0,301.0,,2.0
0.0,guangxi,3.0,49.0,0.0,0.0,1.0,2401.0,1.0,6.0,0.0,1.0,0.0,301.0,10.59666,1.0
0.0,guangxi,5.0,48.0,0.0,1.0,1.0,2304.0,1.0,0.0,0.0,1.0,0.0,301.0,,4.0
1.0,guangxi,4.0,76.0,0.0,0.0,0.0,5776.0,1.0,6.0,10.126671,0.0,0.0,301.0,10.126671,4.0
1.0,guangxi,3.0,34.0,0.0,0.0,0.0,1156.0,0.0,16.0,11.918397,0.0,0.0,301.0,11.918397,4.0
0.0,guangxi,3.0,48.0,0.0,1.0,1.0,2304.0,0.0,6.0,11.512936,1.0,0.0,301.0,11.512936,4.0
1.0,guangxi,4.0,62.0,0.0,0.0,1.0,3844.0,1.0,9.0,10.085851,0.0,0.0,301.0,11.002116,3.0
0.0,guangxi,2.0,63.0,0.0,1.0,0.0,3969.0,1.0,0.0,7.09091,1.0,0.0,301.0,10.308986,1.0
1.0,guangxi,4.0,54.0,0.0,0.0,1.0,2916.0,0.0,15.0,12.206078,1.0,1.0,301.0,12.611541,4.0
0.0,guangxi,4.0,81.0,0.0,1.0,0.0,6561.0,0.0,9.0,7.09091,1.0,0.0,301.0,9.4727812,2.0
1.0,guangxi,3.0,39.0,0.0,1.0,1.0,1521.0,1.0,16.0,10.819798,0.0,0.0,301.0,,3.0
1.0,guangxi,3.0,40.0,0.0,0.0,1.0,1600.0,0.0,15.0,10.59666,1.0,0.0,301.0,10.59666,5.0
1.0,guangxi,5.0,40.0,0.0,1.0,0.0,1600.0,0.0,12.0,12.100718,0.0,0.0,301.0,12.100718,3.0
0.0,guangxi,3.0,62.0,0.0,1.0,1.0,3844.0,1.0,0.0,5.9939613,1.0,0.0,301.0,,2.0
1.0,guangxi,4.0,41.0,0.0,0.0,1.0,1681.0,1.0,12.0,0.0,0.0,0.0,301.0,9.2104406,5.0
1.0,guangxi,4.0,68.0,0.0,0.0,1.0,4624.0,0.0,9.0,10.778977,0.0,0.0,301.0,11.133142,3.0
0.0,guangxi,4.0,21.0,0.0,1.0,0.0,441.0,0.0,12.0,10.308986,1.0,0.0,301.0,10.308986,3.0
1.0,guangxi,3.0,22.0,0.0,0.0,0.0,484.0,0.0,12.0,9.2104406,1.0,0.0,301.0,10.819798,4.0
0.0,guangxi,3.0,35.0,2.1972246,1.0,1.0,1225.0,0.0,12.0,10.126671,0.0,0.0,301.0,10.126671,3.0
0.0,guangxi,4.0,38.0,0.0,1.0,1.0,1444.0,0.0,6.0,,1.0,0.0,301.0,,3.0
1.0,guangxi,4.0,72.0,0.0,0.0,1.0,5184.0,0.0,9.0,9.2104406,1.0,1.0,301.0,9.9035378,2.0
1.0,guangxi,3.0,56.0,0.0,1.0,1.0,3136.0,0.0,12.0,,0.0,0.0,301.0,10.819798,2.0
0.0,guangxi,3.0,29.0,0.0,0.0,0.0,841.0,0.0,9.0,9.2104406,1.0,0.0,301.0,9.9035378,4.0
1.0,guangxi,4.0,60.0,0.0,0.0,0.0,3600.0,1.0,12.0,0.0,1.0,0.0,301.0,11.289794,4.0
0.0,guangxi,5.0,50.0,0.0,1.0,1.0,2500.0,1.0,0.0,7.6014023,1.0,0.0,301.0,8.6996813,5.0
1.0,guangxi,3.0,45.0,0.0,0.0,1.0,2025.0,0.0,9.0,9.392745,1.0,0.0,301.0,10.085851,4.0
1.0,guangxi,4.0,33.0,0.0,0.0,1.0,1089.0,0.0,16.0,11.512936,0.0,0.0,301.0,11.512936,4.0
0.0,guangxi,5.0,35.0,0.0,1.0,1.0,1225.0,1.0,0.0,,1.0,0.0,301.0,,5.0
1.0,guangxi,4.0,53.0,0.0,0.0,1.0,2809.0,1.0,12.0,0.0,1.0,0.0,301.0,0.0,4.0
1.0,guangxi,4.0,81.0,0.0,0.0,0.0,6561.0,1.0,12.0,0.0,0.0,0.0,301.0,0.0,2.0
0.0,guangxi,4.0,49.0,0.0,1.0,1.0,2401.0,1.0,6.0,7.6014023,1.0,0.0,301.0,8.5173931,4.0
1.0,guangxi,4.0,37.0,2.3978953,0.0,1.0,1369.0,0.0,9.0,11.407576,1.0,0.0,301.0,11.982935,4.0
0.0,guangxi,5.0,66.0,0.0,1.0,0.0,4356.0,0.0,6.0,8.0067005,1.0,0.0,301.0,8.0067005,5.0
0.0,guangxi,4.0,65.0,0.0,1.0,1.0,4225.0,0.0,9.0,8.6126852,1.0,0.0,301.0,11.407576,2.0
1.0,guangxi,4.0,48.0,2.7725887,1.0,0.0,2304.0,0.0,9.0,9.9035378,0.0,0.0,301.0,11.156265,3.0
1.0,guangxi,3.0,61.0,0.0,1.0,1.0,3721.0,0.0,15.0,11.002116,0.0,1.0,301.0,11.289794,3.0
1.0,guangxi,5.0,22.0,0.0,0.0,0.0,484.0,0.0,15.0,,1.0,0.0,301.0,11.982935,4.0
0.0,guangxi,4.0,29.0,0.0,1.0,0.0,841.0,0.0,9.0,8.9873219,1.0,0.0,301.0,10.126671,3.0
0.0,guangxi,2.0,55.0,0.0,0.0,0.0,3025.0,1.0,6.0,0.0,1.0,0.0,301.0,9.9035378,4.0
0.0,guangxi,3.0,39.0,0.0,1.0,1.0,1521.0,0.0,9.0,9.2104406,1.0,0.0,301.0,9.2104406,5.0
0.0,guangxi,5.0,57.0,0.0,1.0,1.0,3249.0,0.0,12.0,10.308986,1.0,1.0,301.0,11.002116,4.0
0.0,guangxi,4.0,34.0,0.0,1.0,1.0,1156.0,0.0,9.0,8.9873219,1.0,0.0,301.0,9.6158724,4.0
1.0,guangxi,5.0,80.0,0.0,0.0,1.0,6400.0,1.0,12.0,,0.0,1.0,301.0,,2.0
0.0,guangxi,2.0,35.0,4.6151204,1.0,0.0,1225.0,0.0,9.0,9.9035378,1.0,0.0,301.0,9.9035378,3.0
0.0,guangxi,4.0,30.0,0.0,1.0,1.0,900.0,1.0,9.0,9.6158724,1.0,0.0,301.0,10.308986,5.0
1.0,guangxi,4.0,85.0,0.0,0.0,0.0,7225.0,1.0,9.0,10.085851,0.0,0.0,301.0,10.59666,2.0
1.0,guangxi,4.0,78.0,0.0,0.0,1.0,6084.0,0.0,9.0,10.308986,0.0,0.0,301.0,11.156265,4.0
0.0,guangxi,4.0,37.0,0.0,1.0,1.0,1369.0,0.0,9.0,9.6158724,1.0,0.0,301.0,9.6158724,3.0
1.0,guangxi,4.0,68.0,0.0,0.0,0.0,4624.0,1.0,15.0,,0.0,0.0,301.0,,4.0
0.0,guangxi,4.0,62.0,2.3978953,1.0,1.0,3844.0,1.0,6.0,7.2159748,1.0,0.0,301.0,,3.0
0.0,guangxi,5.0,80.0,0.0,1.0,1.0,6400.0,0.0,6.0,0.0,1.0,0.0,301.0,,4.0
0.0,guangxi,4.0,41.0,0.0,1.0,1.0,1681.0,1.0,9.0,0.0,1.0,0.0,301.0,11.002116,5.0
0.0,guangxi,4.0,46.0,0.0,1.0,1.0,2116.0,1.0,6.0,9.2104406,1.0,0.0,301.0,10.308986,4.0
1.0,guangxi,4.0,70.0,2.3978953,0.0,0.0,4900.0,0.0,9.0,10.268166,0.0,0.0,301.0,10.874286,3.0
1.0,guangxi,3.0,30.0,0.0,0.0,0.0,900.0,1.0,9.0,10.165891,1.0,0.0,301.0,10.819798,5.0
0.0,guangxi,4.0,29.0,4.6151204,1.0,1.0,841.0,1.0,9.0,9.2104406,0.0,0.0,301.0,11.512936,3.0
1.0,guangxi,3.0,59.0,0.0,0.0,1.0,3481.0,0.0,9.0,0.0,1.0,0.0,301.0,0.0,4.0
0.0,guangxi,4.0,56.0,0.0,1.0,1.0,3136.0,1.0,9.0,,1.0,1.0,301.0,,5.0
1.0,guangxi,3.0,38.0,0.0,0.0,1.0,1444.0,0.0,6.0,10.819798,1.0,0.0,301.0,11.918397,5.0
1.0,guangxi,3.0,66.0,0.0,0.0,1.0,4356.0,1.0,9.0,10.308986,0.0,1.0,301.0,11.002116,3.0
1.0,guangxi,4.0,42.0,0.0,0.0,1.0,1764.0,1.0,12.0,10.819798,1.0,0.0,301.0,11.002116,5.0
1.0,guangxi,4.0,32.0,0.0,0.0,1.0,1024.0,1.0,12.0,10.518701,1.0,0.0,301.0,11.002116,4.0
0.0,guangxi,4.0,56.0,0.0,0.0,1.0,3136.0,1.0,6.0,7.3138866,1.0,0.0,301.0,8.7797117,3.0
1.0,guangxi,3.0,59.0,0.0,0.0,1.0,3481.0,0.0,12.0,8.6996813,0.0,0.0,301.0,9.2104406,3.0
0.0,guangxi,4.0,70.0,0.0,1.0,1.0,4900.0,1.0,0.0,7.3138866,1.0,0.0,301.0,7.3138866,4.0
0.0,guangxi,4.0,28.0,1.7917595,1.0,1.0,784.0,0.0,9.0,10.308986,1.0,0.0,301.0,11.002116,5.0
1.0,guangxi,4.0,21.0,0.0,0.0,0.0,441.0,0.0,16.0,,1.0,0.0,301.0,11.002116,4.0
1.0,guangxi,4.0,48.0,0.0,0.0,1.0,2304.0,0.0,12.0,10.308986,0.0,0.0,301.0,11.512936,4.0
1.0,guangxi,4.0,32.0,0.0,0.0,0.0,1024.0,1.0,16.0,11.002116,0.0,0.0,301.0,11.982935,4.0
0.0,guangxi,4.0,57.0,0.0,0.0,1.0,3249.0,0.0,12.0,9.7981825,1.0,0.0,301.0,,4.0
1.0,guangxi,5.0,76.0,0.0,0.0,0.0,5776.0,1.0,12.0,11.156265,0.0,1.0,301.0,11.156265,4.0
0.0,guangxi,5.0,45.0,2.3978953,1.0,1.0,2025.0,0.0,9.0,9.2104406,1.0,0.0,301.0,9.9035378,4.0
1.0,guangxi,4.0,28.0,0.0,0.0,1.0,784.0,1.0,12.0,0.0,1.0,0.0,301.0,10.308986,3.0
1.0,guangxi,3.0,35.0,0.0,0.0,1.0,1225.0,1.0,6.0,9.6158724,1.0,0.0,301.0,9.392745,4.0
0.0,guangxi,4.0,50.0,0.0,1.0,1.0,2500.0,0.0,9.0,8.0067005,1.0,0.0,301.0,9.2104406,4.0
0.0,guangxi,4.0,40.0,2.3978953,1.0,1.0,1600.0,1.0,9.0,8.2943001,1.0,0.0,301.0,9.2104406,2.0
1.0,guangxi,5.0,72.0,0.0,0.0,1.0,5184.0,0.0,6.0,9.2104406,1.0,0.0,301.0,11.918397,2.0
0.0,guangxi,4.0,55.0,0.0,1.0,1.0,3025.0,1.0,12.0,10.819798,1.0,0.0,301.0,11.002116,3.0
0.0,guangxi,4.0,63.0,0.0,1.0,1.0,3969.0,0.0,12.0,8.9873219,1.0,1.0,301.0,9.9035378,4.0
0.0,guangxi,5.0,82.0,0.0,1.0,1.0,6724.0,1.0,0.0,7.6966672,1.0,0.0,301.0,,2.0
0.0,guangxi,4.0,71.0,2.3978953,1.0,0.0,5041.0,0.0,12.0,10.819798,0.0,0.0,301.0,10.819798,3.0
0.0,guangxi,3.0,63.0,0.0,1.0,1.0,3969.0,0.0,6.0,7.6014023,1.0,0.0,301.0,10.308986,2.0
1.0,guangxi,4.0,82.0,0.0,0.0,0.0,6724.0,0.0,9.0,10.085851,1.0,0.0,301.0,10.819798,4.0
1.0,guangxi,4.0,24.0,0.0,0.0,0.0,576.0,1.0,12.0,10.819798,1.0,0.0,301.0,11.512936,4.0
1.0,guangxi,4.0,38.0,0.0,0.0,1.0,1444.0,0.0,16.0,10.819798,0.0,0.0,301.0,11.002116,3.0
0.0,guangxi,5.0,26.0,0.0,1.0,1.0,676.0,0.0,12.0,11.512936,1.0,0.0,301.0,11.512936,5.0
0.0,guangxi,2.0,64.0,0.0,0.0,1.0,4096.0,0.0,6.0,8.6996813,0.0,0.0,301.0,8.6996813,3.0
0.0,guangxi,4.0,53.0,0.0,1.0,1.0,2809.0,0.0,6.0,7.6014023,1.0,0.0,301.0,8.9873219,4.0
0.0,guangxi,4.0,54.0,2.3978953,1.0,1.0,2916.0,1.0,6.0,8.5173931,1.0,0.0,301.0,9.2104406,4.0
1.0,guangxi,3.0,33.0,0.0,0.0,1.0,1089.0,0.0,9.0,10.085851,1.0,0.0,301.0,10.085851,4.0
1.0,guangxi,3.0,28.0,0.0,1.0,0.0,784.0,0.0,15.0,9.9804945,0.0,0.0,301.0,10.940242,4.0
0.0,guangxi,5.0,71.0,0.0,1.0,1.0,5041.0,0.0,6.0,,1.0,0.0,301.0,,3.0
1.0,guangxi,4.0,30.0,0.0,0.0,0.0,900.0,1.0,12.0,11.289794,0.0,0.0,301.0,11.289794,4.0
0.0,guangxi,2.0,37.0,0.0,1.0,0.0,1369.0,0.0,12.0,8.2943001,1.0,0.0,301.0,8.9873219,2.0
1.0,guangxi,4.0,78.0,0.0,0.0,1.0,6084.0,0.0,16.0,10.803669,0.0,1.0,301.0,,3.0
0.0,guangxi,4.0,62.0,0.0,1.0,1.0,3844.0,0.0,9.0,7.0396605,1.0,0.0,301.0,,4.0
1.0,guangxi,3.0,26.0,2.1972246,0.0,1.0,676.0,1.0,12.0,10.126671,0.0,0.0,301.0,11.002116,4.0
0.0,guangxi,4.0,43.0,0.0,1.0,1.0,1849.0,1.0,6.0,8.5173931,0.0,0.0,301.0,9.2104406,3.0
0.0,guangxi,3.0,55.0,0.0,1.0,1.0,3025.0,1.0,6.0,,1.0,0.0,301.0,,1.0
1.0,guangxi,4.0,56.0,0.0,0.0,1.0,3136.0,1.0,9.0,10.819798,1.0,0.0,301.0,11.512936,3.0
0.0,guangxi,4.0,58.0,0.0,1.0,1.0,3364.0,1.0,6.0,8.9873219,1.0,0.0,301.0,10.373523,2.0
1.0,guangxi,4.0,45.0,0.0,0.0,1.0,2025.0,1.0,16.0,10.491302,0.0,0.0,301.0,11.407576,3.0
0.0,guangxi,5.0,56.0,0.0,0.0,1.0,3136.0,0.0,9.0,,0.0,0.0,301.0,,5.0
0.0,guangxi,3.0,66.0,0.0,1.0,1.0,4356.0,1.0,0.0,6.985642,0.0,0.0,301.0,,2.0
0.0,guangxi,4.0,62.0,3.0445225,1.0,1.0,3844.0,0.0,9.0,8.6996813,1.0,0.0,301.0,10.085851,3.0
1.0,guangxi,3.0,82.0,0.0,0.0,1.0,6724.0,1.0,6.0,8.5173931,1.0,0.0,301.0,10.819798,2.0
1.0,guangxi,5.0,20.0,0.0,0.0,0.0,400.0,1.0,16.0,9.6158724,0.0,0.0,301.0,12.42922,5.0
1.0,guangxi,4.0,39.0,0.0,0.0,1.0,1521.0,1.0,9.0,11.512936,1.0,0.0,301.0,12.206078,4.0
0.0,guangxi,4.0,32.0,0.0,1.0,1.0,1024.0,0.0,6.0,9.6158724,1.0,0.0,301.0,10.308986,3.0
0.0,guangxi,3.0,60.0,0.0,1.0,1.0,3600.0,0.0,12.0,7.3783836,0.0,1.0,301.0,,4.0
0.0,guangxi,2.0,25.0,0.0,1.0,1.0,625.0,1.0,9.0,10.463132,1.0,0.0,301.0,11.512936,3.0
1.0,guangxi,4.0,34.0,0.0,0.0,1.0,1156.0,0.0,9.0,10.463132,1.0,0.0,301.0,10.308986,5.0
1.0,guangxi,4.0,69.0,0.0,0.0,0.0,4761.0,0.0,12.0,9.9035378,0.0,0.0,301.0,10.819798,3.0
0.0,guangxi,4.0,69.0,0.0,1.0,1.0,4761.0,1.0,0.0,8.0067005,1.0,0.0,301.0,8.6996813,3.0
1.0,guangxi,4.0,22.0,0.0,0.0,1.0,484.0,1.0,9.0,9.6158724,1.0,0.0,301.0,11.002116,4.0
0.0,guangxi,4.0,70.0,1.6094379,1.0,1.0,4900.0,0.0,9.0,10.126671,1.0,0.0,301.0,11.002116,3.0
1.0,guangxi,3.0,49.0,0.0,0.0,1.0,2401.0,1.0,16.0,11.407576,0.0,0.0,301.0,12.42922,3.0
1.0,guangxi,4.0,50.0,0.0,0.0,1.0,2500.0,0.0,6.0,11.512936,1.0,0.0,301.0,11.918397,4.0
0.0,guangxi,3.0,39.0,0.0,1.0,0.0,1521.0,0.0,6.0,9.9035378,1.0,0.0,301.0,10.308986,5.0
0.0,guangxi,3.0,62.0,0.0,1.0,0.0,3844.0,1.0,6.0,9.7050972,0.0,0.0,301.0,,5.0
0.0,guangxi,3.0,51.0,0.0,1.0,1.0,2601.0,1.0,6.0,8.9873219,1.0,0.0,301.0,10.043293,2.0
1.0,guangxi,4.0,60.0,0.0,0.0,1.0,3600.0,1.0,12.0,9.6158724,0.0,0.0,301.0,10.308986,3.0
0.0,guangxi,2.0,31.0,0.0,1.0,1.0,961.0,1.0,6.0,10.819798,1.0,0.0,301.0,,4.0
0.0,guangxi,4.0,56.0,0.0,0.0,1.0,3136.0,1.0,9.0,9.9035378,1.0,0.0,301.0,10.126671,4.0
0.0,guangxi,4.0,78.0,0.0,1.0,0.0,6084.0,0.0,6.0,6.985642,1.0,0.0,301.0,,2.0
0.0,guangxi,4.0,55.0,0.0,1.0,1.0,3025.0,1.0,0.0,9.1050911,1.0,0.0,301.0,9.1050911,4.0
0.0,guangxi,4.0,50.0,0.0,1.0,1.0,2500.0,0.0,9.0,8.5173931,1.0,1.0,301.0,10.59666,2.0
1.0,guangxi,3.0,35.0,1.7917595,0.0,1.0,1225.0,0.0,12.0,11.002116,0.0,0.0,301.0,11.289794,4.0
1.0,guangxi,3.0,74.0,0.0,0.0,1.0,5476.0,1.0,15.0,10.308986,1.0,0.0,301.0,11.002116,4.0
0.0,guangxi,4.0,34.0,0.0,1.0,1.0,1156.0,1.0,9.0,9.2104406,1.0,0.0,301.0,,4.0
0.0,guangxi,3.0,40.0,0.0,1.0,1.0,1600.0,1.0,6.0,8.0067005,1.0,0.0,301.0,8.0067005,4.0
0.0,guangxi,4.0,60.0,0.0,0.0,1.0,3600.0,0.0,6.0,6.9087548,1.0,0.0,301.0,6.9087548,3.0
0.0,guangxi,4.0,22.0,0.0,0.0,0.0,484.0,0.0,15.0,,1.0,0.0,301.0,,5.0
0.0,guangxi,4.0,58.0,0.0,0.0,1.0,3364.0,0.0,12.0,9.6158724,1.0,0.0,301.0,10.819798,3.0
1.0,guangxi,4.0,82.0,0.0,0.0,0.0,6724.0,1.0,9.0,10.085851,0.0,0.0,301.0,10.085851,3.0
0.0,guangxi,3.0,45.0,0.0,1.0,1.0,2025.0,1.0,6.0,8.0067005,1.0,0.0,301.0,9.392745,3.0
0.0,guangxi,5.0,49.0,0.0,0.0,1.0,2401.0,1.0,9.0,9.6158724,0.0,0.0,301.0,10.463132,2.0
1.0,guangxi,5.0,22.0,0.0,0.0,0.0,484.0,1.0,16.0,0.0,1.0,0.0,301.0,10.308986,4.0
1.0,guangxi,3.0,68.0,0.0,0.0,0.0,4624.0,0.0,6.0,10.085851,0.0,0.0,301.0,11.289794,4.0
0.0,guangxi,4.0,19.0,0.0,1.0,0.0,361.0,1.0,9.0,10.491302,1.0,0.0,301.0,11.407576,5.0
1.0,guangxi,3.0,56.0,1.3862944,0.0,1.0,3136.0,0.0,12.0,8.9873219,0.0,0.0,301.0,9.9035378,4.0
1.0,guangxi,4.0,43.0,0.0,0.0,1.0,1849.0,0.0,12.0,11.472114,0.0,0.0,301.0,11.744045,3.0
0.0,guangxi,4.0,28.0,0.0,1.0,1.0,784.0,0.0,6.0,10.085851,1.0,0.0,301.0,10.59666,3.0
0.0,guangxi,2.0,51.0,0.0,1.0,1.0,2601.0,1.0,6.0,11.002116,1.0,0.0,301.0,9.392745,1.0
1.0,guangxi,4.0,65.0,0.0,0.0,1.0,4225.0,1.0,6.0,10.181157,0.0,1.0,301.0,11.396403,3.0
1.0,guangxi,4.0,50.0,0.0,0.0,0.0,2500.0,0.0,15.0,10.59666,0.0,0.0,301.0,10.59666,5.0
0.0,guangxi,3.0,61.0,0.0,1.0,1.0,3721.0,0.0,6.0,7.3138866,1.0,0.0,301.0,8.0067005,3.0
1.0,guangxi,3.0,40.0,0.0,0.0,1.0,1600.0,1.0,15.0,10.778977,1.0,0.0,301.0,11.512936,4.0
0.0,guangxi,3.0,46.0,0.0,1.0,1.0,2116.0,0.0,6.0,9.2104406,1.0,0.0,301.0,9.9035378,4.0
1.0,guangxi,2.0,55.0,0.0,0.0,1.0,3025.0,1.0,9.0,10.085851,1.0,0.0,301.0,10.819798,3.0
0.0,guangxi,5.0,78.0,0.0,1.0,0.0,6084.0,0.0,6.0,7.8324108,1.0,1.0,301.0,11.002116,3.0
1.0,guangxi,3.0,60.0,0.0,0.0,1.0,3600.0,1.0,15.0,10.268166,0.0,0.0,301.0,11.079077,3.0
1.0,guangxi,4.0,20.0,0.0,0.0,0.0,400.0,0.0,16.0,0.0,0.0,0.0,301.0,11.918397,4.0
0.0,guangxi,4.0,92.0,0.0,1.0,0.0,8464.0,0.0,6.0,7.09091,1.0,0.0,301.0,9.9035378,3.0
1.0,guangxi,3.0,41.0,0.0,0.0,1.0,1681.0,1.0,15.0,,0.0,0.0,301.0,,4.0
0.0,guangxi,4.0,91.0,0.0,0.0,0.0,8281.0,1.0,0.0,0.0,1.0,0.0,301.0,,2.0
1.0,guangxi,4.0,48.0,0.0,0.0,0.0,2304.0,0.0,12.0,11.002116,0.0,0.0,301.0,11.512936,5.0
1.0,guangxi,3.0,58.0,0.0,0.0,0.0,3364.0,0.0,12.0,0.0,0.0,0.0,301.0,11.512936,3.0
1.0,guangxi,3.0,51.0,0.0,0.0,1.0,2601.0,1.0,9.0,10.308986,0.0,0.0,301.0,11.156265,3.0
1.0,guangxi,4.0,80.0,0.0,0.0,1.0,6400.0,0.0,12.0,0.0,1.0,0.0,301.0,10.819798,3.0
1.0,guangxi,3.0,55.0,0.0,0.0,1.0,3025.0,1.0,12.0,11.002116,0.0,0.0,301.0,11.512936,4.0
1.0,guangxi,3.0,58.0,0.0,0.0,0.0,3364.0,1.0,9.0,,1.0,0.0,301.0,11.289794,4.0
1.0,guangxi,4.0,72.0,0.0,0.0,1.0,5184.0,1.0,6.0,0.0,1.0,0.0,301.0,,3.0
0.0,guangxi,3.0,66.0,0.0,1.0,1.0,4356.0,0.0,6.0,9.392745,1.0,0.0,301.0,10.085851,2.0
0.0,guangxi,5.0,56.0,0.0,1.0,1.0,3136.0,1.0,6.0,8.0067005,1.0,0.0,301.0,11.512936,2.0
1.0,guangxi,3.0,50.0,0.0,0.0,0.0,2500.0,0.0,6.0,11.512936,1.0,0.0,301.0,11.918397,4.0
0.0,guangxi,4.0,45.0,0.0,1.0,1.0,2025.0,0.0,9.0,9.9035378,1.0,0.0,301.0,10.308986,4.0
1.0,guangxi,3.0,48.0,0.0,0.0,1.0,2304.0,1.0,16.0,11.002116,0.0,0.0,301.0,11.918397,4.0
0.0,guangxi,4.0,48.0,0.0,1.0,1.0,2304.0,0.0,9.0,11.002116,1.0,0.0,301.0,11.002116,3.0
1.0,guangxi,2.0,75.0,0.0,1.0,0.0,5625.0,0.0,6.0,6.985642,1.0,0.0,301.0,10.463132,1.0
1.0,guangxi,3.0,75.0,0.0,0.0,1.0,5625.0,0.0,12.0,10.126671,0.0,0.0,301.0,10.819798,2.0
0.0,guangxi,2.0,44.0,2.3978953,0.0,1.0,1936.0,0.0,6.0,9.6158724,1.0,0.0,301.0,9.6158724,3.0
0.0,guangxi,4.0,47.0,0.0,1.0,1.0,2209.0,1.0,6.0,9.6158724,1.0,0.0,301.0,10.308986,2.0
0.0,guangxi,3.0,69.0,0.0,1.0,1.0,4761.0,0.0,6.0,7.6014023,1.0,1.0,301.0,8.2943001,4.0
1.0,guangxi,3.0,50.0,0.0,0.0,1.0,2500.0,1.0,6.0,10.819798,1.0,0.0,301.0,11.407576,3.0
1.0,guangxi,3.0,26.0,0.0,0.0,0.0,676.0,0.0,12.0,9.9035378,0.0,0.0,301.0,11.002116,5.0
0.0,guangxi,3.0,46.0,0.0,1.0,1.0,2116.0,0.0,6.0,8.8538084,1.0,0.0,301.0,8.6996813,3.0
1.0,guangxi,3.0,55.0,0.0,0.0,1.0,3025.0,1.0,9.0,9.2104406,0.0,0.0,301.0,10.59666,4.0
1.0,guangxi,4.0,20.0,0.0,0.0,0.0,400.0,1.0,16.0,0.0,0.0,0.0,301.0,12.42922,5.0
1.0,guangxi,3.0,44.0,0.0,0.0,1.0,1936.0,1.0,6.0,10.308986,1.0,0.0,301.0,11.289794,3.0
1.0,guangxi,2.0,63.0,0.0,0.0,1.0,3969.0,0.0,9.0,9.9035378,1.0,0.0,301.0,10.308986,2.0
1.0,guangxi,3.0,54.0,0.0,0.0,1.0,2916.0,0.0,16.0,11.695255,0.0,0.0,301.0,11.849405,4.0
1.0,guangxi,3.0,43.0,0.0,0.0,0.0,1849.0,1.0,6.0,9.9035378,1.0,0.0,301.0,10.819798,5.0
0.0,guangxi,4.0,72.0,0.0,1.0,1.0,5184.0,0.0,6.0,7.6014023,1.0,0.0,301.0,11.002116,3.0
1.0,guangxi,3.0,58.0,0.0,0.0,0.0,3364.0,1.0,9.0,9.9035378,0.0,0.0,301.0,9.9035378,3.0
1.0,guangxi,5.0,33.0,0.0,1.0,1.0,1089.0,1.0,12.0,,1.0,0.0,301.0,,4.0
0.0,guangxi,5.0,80.0,0.0,1.0,0.0,6400.0,1.0,0.0,7.4960976,1.0,0.0,301.0,10.308986,4.0
0.0,guangxi,4.0,76.0,0.0,1.0,1.0,5776.0,1.0,6.0,7.09091,1.0,0.0,301.0,,4.0
1.0,guangxi,3.0,38.0,0.0,0.0,1.0,1444.0,1.0,9.0,10.043293,1.0,0.0,301.0,10.915107,4.0
0.0,guangxi,3.0,64.0,0.0,1.0,1.0,4096.0,1.0,0.0,6.2166061,1.0,0.0,301.0,7.6014023,1.0
1.0,guangxi,4.0,80.0,3.2580965,0.0,0.0,6400.0,0.0,9.0,10.463132,0.0,1.0,301.0,10.463132,3.0
0.0,guangxi,4.0,66.0,0.0,1.0,1.0,4356.0,0.0,6.0,8.5173931,0.0,0.0,301.0,8.9873219,2.0
1.0,guangxi,4.0,41.0,0.0,1.0,1.0,1681.0,1.0,9.0,9.2104406,0.0,0.0,301.0,10.308986,4.0
0.0,guangxi,4.0,45.0,0.0,1.0,1.0,2025.0,0.0,9.0,10.819798,1.0,0.0,301.0,11.512936,4.0
0.0,guangxi,5.0,47.0,0.0,0.0,1.0,2209.0,1.0,6.0,8.0067005,1.0,0.0,301.0,10.778977,5.0
0.0,guangxi,2.0,61.0,0.0,1.0,1.0,3721.0,0.0,12.0,10.819798,1.0,0.0,301.0,10.819798,4.0
0.0,guangxi,4.0,56.0,0.0,0.0,1.0,3136.0,1.0,9.0,0.0,1.0,0.0,301.0,11.289794,5.0
0.0,guangxi,5.0,86.0,0.0,1.0,1.0,7396.0,1.0,6.0,,1.0,0.0,301.0,9.9035378,4.0
1.0,guangxi,4.0,39.0,0.0,0.0,1.0,1521.0,1.0,15.0,10.308986,0.0,0.0,301.0,11.289794,5.0
0.0,guangxi,3.0,38.0,0.0,1.0,1.0,1444.0,0.0,6.0,8.2943001,1.0,0.0,301.0,8.2943001,3.0
1.0,guangxi,3.0,39.0,0.0,0.0,1.0,1521.0,1.0,9.0,9.9035378,0.0,0.0,301.0,10.463132,4.0
0.0,guangxi,5.0,66.0,0.0,1.0,0.0,4356.0,0.0,6.0,9.9860344,1.0,0.0,301.0,10.576458,3.0
0.0,guangxi,5.0,40.0,0.0,1.0,1.0,1600.0,0.0,9.0,,1.0,0.0,301.0,,4.0
0.0,guangxi,4.0,42.0,1.7917595,0.0,1.0,1764.0,1.0,9.0,9.9035378,1.0,0.0,301.0,10.59666,4.0
1.0,guangxi,4.0,46.0,0.0,1.0,1.0,2116.0,1.0,9.0,10.085851,0.0,0.0,301.0,,3.0
0.0,guangxi,5.0,41.0,0.0,1.0,1.0,1681.0,1.0,6.0,7.6014023,1.0,0.0,301.0,7.6014023,4.0
0.0,guangxi,4.0,63.0,2.3978953,0.0,1.0,3969.0,1.0,0.0,8.0067005,1.0,1.0,301.0,8.5173931,2.0
0.0,guangxi,4.0,71.0,0.0,1.0,1.0,5041.0,0.0,6.0,9.392745,1.0,1.0,301.0,,2.0
1.0,guangxi,4.0,41.0,0.0,0.0,0.0,1681.0,0.0,12.0,9.9035378,0.0,0.0,301.0,11.002116,3.0
1.0,guangxi,4.0,77.0,2.3978953,0.0,1.0,5929.0,0.0,16.0,10.308986,0.0,1.0,301.0,11.002116,3.0
0.0,guangxi,2.0,48.0,0.0,1.0,1.0,2304.0,0.0,6.0,8.2943001,0.0,0.0,301.0,8.2943001,2.0
1.0,guangxi,3.0,31.0,0.0,0.0,1.0,961.0,1.0,15.0,10.778977,0.0,0.0,301.0,11.407576,4.0
1.0,guangxi,4.0,63.0,1.7917595,0.0,1.0,3969.0,1.0,9.0,10.085851,0.0,0.0,301.0,11.002116,3.0
0.0,guangxi,5.0,57.0,0.0,0.0,1.0,3249.0,0.0,12.0,10.463132,1.0,0.0,301.0,,4.0
0.0,guangxi,4.0,61.0,0.0,1.0,1.0,3721.0,1.0,0.0,0.0,1.0,0.0,301.0,5.3033047,4.0
0.0,guangxi,2.0,37.0,0.0,1.0,0.0,1369.0,0.0,6.0,8.2943001,1.0,0.0,301.0,,2.0
1.0,guangxi,4.0,48.0,0.0,0.0,0.0,2304.0,1.0,9.0,,0.0,0.0,301.0,,3.0
0.0,guangxi,4.0,54.0,0.0,1.0,1.0,2916.0,0.0,6.0,7.6014023,1.0,0.0,301.0,7.8244457,4.0
1.0,guangxi,4.0,35.0,0.0,0.0,1.0,1225.0,1.0,12.0,10.859018,1.0,0.0,301.0,11.289794,4.0
1.0,guangxi,3.0,55.0,0.0,0.0,1.0,3025.0,1.0,9.0,8.5173931,0.0,0.0,301.0,9.9035378,4.0
0.0,guangxi,4.0,37.0,3.2580965,1.0,0.0,1369.0,0.0,9.0,6.5525079,0.0,0.0,301.0,,3.0
1.0,guangxi,4.0,36.0,0.0,0.0,1.0,1296.0,1.0,15.0,10.819798,0.0,0.0,301.0,11.512936,3.0
1.0,guangxi,4.0,46.0,0.0,0.0,0.0,2116.0,1.0,9.0,,1.0,0.0,301.0,,4.0
0.0,guangxi,3.0,87.0,0.0,1.0,0.0,7569.0,0.0,0.0,7.09091,1.0,0.0,301.0,,2.0
1.0,guangxi,5.0,71.0,0.0,0.0,1.0,5041.0,0.0,6.0,0.0,1.0,0.0,301.0,0.0,4.0
1.0,guangxi,2.0,87.0,0.0,0.0,0.0,7569.0,1.0,0.0,,1.0,0.0,301.0,,3.0
0.0,guangxi,3.0,37.0,0.0,1.0,1.0,1369.0,1.0,9.0,8.2943001,1.0,0.0,301.0,8.9873219,4.0
1.0,guangxi,4.0,71.0,0.0,0.0,1.0,5041.0,1.0,15.0,10.778977,0.0,0.0,301.0,11.512936,2.0
1.0,guangxi,4.0,30.0,0.0,1.0,1.0,900.0,1.0,19.0,,0.0,1.0,301.0,,5.0
1.0,guangxi,4.0,49.0,0.0,0.0,1.0,2401.0,1.0,9.0,9.2104406,1.0,0.0,301.0,11.289794,4.0
1.0,guangxi,4.0,19.0,0.0,0.0,0.0,361.0,1.0,0.0,0.0,1.0,0.0,301.0,10.308986,5.0
0.0,guangxi,1.0,79.0,0.0,1.0,1.0,6241.0,0.0,2.0,,1.0,0.0,301.0,9.9035378,1.0
1.0,guangxi,4.0,40.0,0.0,0.0,1.0,1600.0,1.0,12.0,0.0,1.0,0.0,301.0,,5.0
0.0,guangxi,4.0,53.0,0.0,1.0,1.0,2809.0,0.0,6.0,0.0,1.0,0.0,301.0,9.9035378,4.0
0.0,guangxi,4.0,82.0,0.0,1.0,1.0,6724.0,1.0,6.0,7.09091,1.0,0.0,301.0,,2.0
0.0,guangxi,4.0,74.0,2.3978953,1.0,1.0,5476.0,0.0,15.0,10.819798,0.0,1.0,301.0,10.819798,4.0
0.0,guangxi,4.0,21.0,0.0,1.0,0.0,441.0,0.0,12.0,10.085851,1.0,0.0,301.0,,2.0
0.0,guangxi,4.0,30.0,0.0,0.0,1.0,900.0,1.0,15.0,0.0,1.0,0.0,301.0,,4.0
0.0,guangxi,4.0,44.0,0.0,1.0,1.0,1936.0,1.0,9.0,8.9873219,1.0,0.0,301.0,10.308986,3.0
0.0,guangxi,4.0,33.0,0.0,1.0,1.0,1089.0,1.0,9.0,10.645449,1.0,0.0,301.0,11.289794,5.0
1.0,guangxi,4.0,49.0,0.0,0.0,1.0,2401.0,1.0,9.0,9.7981825,0.0,0.0,301.0,10.727685,3.0
0.0,guangxi,5.0,32.0,0.0,1.0,1.0,1024.0,1.0,9.0,0.0,1.0,0.0,301.0,,3.0
1.0,guangxi,4.0,40.0,0.0,0.0,1.0,1600.0,1.0,9.0,9.6158724,1.0,0.0,301.0,9.9035378,3.0
1.0,guangxi,3.0,20.0,0.0,0.0,0.0,400.0,0.0,15.0,0.0,1.0,0.0,301.0,10.59666,5.0
1.0,guangxi,3.0,38.0,0.0,0.0,1.0,1444.0,1.0,9.0,10.308986,0.0,0.0,301.0,11.289794,4.0
0.0,guangxi,4.0,41.0,3.4339871,1.0,1.0,1681.0,0.0,9.0,8.5173931,1.0,0.0,301.0,10.308986,3.0
0.0,guangxi,4.0,74.0,0.0,1.0,0.0,5476.0,1.0,6.0,,1.0,0.0,301.0,9.7410278,3.0
1.0,guangxi,4.0,22.0,0.0,0.0,0.0,484.0,0.0,16.0,,1.0,0.0,301.0,10.819798,4.0
1.0,guangxi,4.0,28.0,1.7917595,0.0,1.0,784.0,1.0,16.0,10.491302,1.0,0.0,301.0,11.472114,3.0
0.0,guangxi,5.0,51.0,0.0,1.0,1.0,2601.0,1.0,6.0,7.6014023,0.0,0.0,301.0,10.165891,5.0
1.0,guangxi,3.0,33.0,0.0,0.0,1.0,1089.0,0.0,15.0,11.156265,1.0,0.0,301.0,11.512936,3.0
0.0,guangxi,4.0,55.0,0.0,1.0,1.0,3025.0,1.0,9.0,,1.0,0.0,301.0,,2.0
1.0,guangxi,4.0,28.0,1.7917595,0.0,1.0,784.0,0.0,6.0,10.819798,1.0,0.0,301.0,10.819798,4.0
0.0,guangxi,3.0,76.0,0.0,1.0,1.0,5776.0,1.0,0.0,6.985642,1.0,0.0,301.0,9.6158724,4.0
0.0,guangxi,5.0,45.0,0.0,1.0,1.0,2025.0,1.0,6.0,,1.0,0.0,301.0,,5.0
1.0,guangxi,3.0,47.0,0.0,0.0,1.0,2209.0,1.0,9.0,9.392745,1.0,0.0,301.0,10.71444,3.0
0.0,guangxi,4.0,73.0,0.0,1.0,1.0,5329.0,0.0,6.0,,1.0,0.0,301.0,,4.0
1.0,guangxi,4.0,33.0,0.0,0.0,1.0,1089.0,0.0,19.0,11.512936,0.0,1.0,301.0,12.206078,4.0
1.0,guangxi,5.0,29.0,0.0,0.0,1.0,841.0,0.0,16.0,11.695255,0.0,1.0,301.0,12.206078,5.0
1.0,guangxi,3.0,51.0,0.0,0.0,1.0,2601.0,0.0,12.0,10.308986,1.0,0.0,301.0,11.512936,4.0
1.0,guangxi,3.0,50.0,0.0,0.0,1.0,2500.0,1.0,9.0,9.9035378,1.0,0.0,301.0,11.002116,5.0
1.0,guangxi,4.0,55.0,0.0,0.0,1.0,3025.0,0.0,9.0,10.819798,1.0,0.0,301.0,10.59666,4.0
0.0,guangxi,4.0,75.0,0.0,1.0,0.0,5625.0,0.0,9.0,,1.0,0.0,301.0,,1.0
1.0,guangxi,4.0,65.0,0.0,0.0,1.0,4225.0,0.0,12.0,10.308986,0.0,0.0,301.0,11.512936,4.0
0.0,guangxi,3.0,58.0,3.713572,1.0,1.0,3364.0,0.0,0.0,9.5468836,1.0,0.0,301.0,10.184937,3.0
0.0,guangxi,3.0,45.0,0.0,1.0,1.0,2025.0,1.0,6.0,,0.0,0.0,301.0,,5.0
0.0,guangxi,5.0,65.0,0.0,1.0,0.0,4225.0,1.0,0.0,6.8679743,1.0,0.0,301.0,9.6158724,2.0
0.0,guangxi,5.0,71.0,1.3862944,1.0,0.0,5041.0,1.0,6.0,8.0067005,1.0,0.0,301.0,8.0067005,3.0
1.0,guangxi,4.0,48.0,0.0,0.0,1.0,2304.0,0.0,12.0,10.085851,0.0,0.0,301.0,10.819798,4.0
1.0,guangxi,4.0,20.0,0.0,0.0,0.0,400.0,0.0,15.0,11.512936,0.0,0.0,301.0,12.206078,3.0
1.0,guangxi,4.0,22.0,0.0,0.0,0.0,484.0,0.0,16.0,0.0,0.0,0.0,301.0,11.512936,4.0
0.0,guangxi,4.0,61.0,0.0,1.0,1.0,3721.0,0.0,9.0,9.2104406,1.0,0.0,301.0,9.9035378,2.0
1.0,guangxi,3.0,50.0,0.0,1.0,0.0,2500.0,0.0,9.0,9.6158724,1.0,0.0,301.0,10.463132,4.0
0.0,guangxi,4.0,50.0,0.0,1.0,1.0,2500.0,1.0,9.0,8.0067005,1.0,0.0,301.0,8.2943001,3.0
0.0,guangxi,4.0,44.0,3.0445225,1.0,1.0,1936.0,0.0,12.0,9.2104406,0.0,0.0,301.0,9.9035378,4.0
1.0,guangxi,4.0,32.0,0.0,0.0,1.0,1024.0,1.0,12.0,,1.0,0.0,301.0,,4.0
0.0,guangxi,5.0,53.0,0.0,1.0,1.0,2809.0,1.0,9.0,,0.0,0.0,301.0,,5.0
0.0,guangxi,5.0,53.0,0.0,1.0,1.0,2809.0,0.0,12.0,10.308986,1.0,1.0,301.0,10.59666,4.0
0.0,guangxi,4.0,54.0,0.0,0.0,1.0,2916.0,1.0,9.0,10.308986,1.0,0.0,301.0,11.002116,5.0
1.0,guangxi,3.0,42.0,0.0,0.0,1.0,1764.0,1.0,6.0,8.4765797,1.0,0.0,301.0,10.59666,2.0
0.0,guangxi,3.0,50.0,0.0,0.0,0.0,2500.0,1.0,6.0,8.6996813,1.0,0.0,301.0,9.2104406,3.0
0.0,guangxi,4.0,72.0,0.0,1.0,1.0,5184.0,1.0,0.0,0.0,1.0,0.0,301.0,0.0,3.0
0.0,guangxi,4.0,40.0,0.0,1.0,1.0,1600.0,0.0,9.0,8.5173931,1.0,1.0,301.0,9.2104406,3.0
1.0,guangxi,3.0,25.0,0.0,0.0,0.0,625.0,1.0,19.0,0.0,0.0,1.0,301.0,11.512936,5.0
0.0,guangxi,2.0,78.0,1.0986123,1.0,0.0,6084.0,1.0,6.0,8.6828775,1.0,0.0,301.0,8.6828775,2.0
0.0,guangxi,4.0,51.0,1.7917595,1.0,1.0,2601.0,1.0,6.0,8.5173931,1.0,0.0,301.0,9.9035378,4.0
1.0,guangxi,4.0,47.0,2.7725887,0.0,1.0,2209.0,1.0,9.0,10.308986,0.0,0.0,301.0,11.002116,3.0
1.0,guangxi,4.0,72.0,2.3978953,0.0,1.0,5184.0,1.0,9.0,10.308986,1.0,0.0,301.0,11.512936,3.0
1.0,guangxi,4.0,33.0,0.0,0.0,1.0,1089.0,1.0,6.0,0.0,1.0,0.0,301.0,11.695255,5.0
0.0,guangxi,4.0,68.0,0.0,1.0,1.0,4624.0,1.0,0.0,9.9035378,0.0,0.0,301.0,10.308986,2.0
0.0,guangxi,4.0,51.0,1.7917595,1.0,1.0,2601.0,1.0,9.0,8.0067005,1.0,0.0,301.0,8.0067005,3.0
1.0,guangxi,4.0,69.0,0.0,0.0,1.0,4761.0,0.0,6.0,0.0,1.0,0.0,301.0,,4.0
1.0,guangxi,4.0,31.0,0.0,0.0,1.0,961.0,1.0,12.0,10.819798,0.0,0.0,301.0,11.512936,5.0
0.0,guangxi,4.0,41.0,0.0,0.0,1.0,1681.0,0.0,9.0,10.59666,1.0,0.0,301.0,10.59666,3.0
0.0,guangxi,3.0,75.0,0.0,1.0,1.0,5625.0,0.0,9.0,6.985642,1.0,0.0,301.0,7.3530817,2.0
1.0,guangxi,2.0,54.0,0.0,0.0,0.0,2916.0,0.0,12.0,0.0,1.0,0.0,301.0,0.0,4.0
0.0,guangxi,4.0,66.0,0.0,1.0,1.0,4356.0,0.0,6.0,7.8244457,1.0,0.0,301.0,8.5173931,4.0
0.0,guangxi,4.0,62.0,2.3978953,1.0,1.0,3844.0,1.0,0.0,6.985642,1.0,0.0,301.0,7.6783261,4.0
0.0,guangxi,5.0,51.0,0.0,1.0,1.0,2601.0,1.0,6.0,7.3138866,1.0,0.0,301.0,7.8244457,1.0
0.0,guangxi,4.0,50.0,0.0,1.0,1.0,2500.0,1.0,9.0,10.59666,1.0,0.0,301.0,11.512936,4.0
0.0,guangxi,4.0,65.0,0.0,0.0,1.0,4225.0,1.0,6.0,6.985642,1.0,0.0,301.0,11.695255,3.0
0.0,guangxi,5.0,69.0,0.0,1.0,1.0,4761.0,0.0,6.0,6.985642,1.0,0.0,301.0,,5.0
0.0,guangxi,4.0,65.0,0.0,1.0,1.0,4225.0,0.0,6.0,8.9873219,1.0,0.0,301.0,9.2104406,3.0
0.0,guangxi,4.0,63.0,0.0,1.0,1.0,3969.0,0.0,9.0,6.2166061,1.0,0.0,301.0,6.9087548,3.0
1.0,guangxi,4.0,18.0,0.0,0.0,0.0,324.0,0.0,12.0,0.0,1.0,0.0,301.0,10.59666,4.0
1.0,guangxi,4.0,36.0,0.0,0.0,1.0,1296.0,1.0,12.0,,0.0,0.0,301.0,,4.0
0.0,guangxi,5.0,56.0,1.7917595,1.0,1.0,3136.0,1.0,6.0,7.6014023,1.0,0.0,301.0,9.9035378,3.0
0.0,guangxi,4.0,39.0,0.0,1.0,1.0,1521.0,1.0,9.0,10.819798,1.0,0.0,301.0,11.695255,4.0
0.0,guangxi,4.0,70.0,0.0,1.0,0.0,4900.0,1.0,0.0,7.6014023,1.0,0.0,301.0,7.6014023,5.0
1.0,guangxi,3.0,34.0,0.0,0.0,0.0,1156.0,0.0,12.0,10.819798,1.0,0.0,301.0,10.819798,4.0
0.0,guangxi,4.0,55.0,0.0,1.0,1.0,3025.0,0.0,9.0,8.0067005,1.0,0.0,301.0,8.9873219,3.0
0.0,guangxi,5.0,20.0,0.0,1.0,0.0,400.0,1.0,16.0,6.8035054,1.0,0.0,301.0,11.002116,4.0
0.0,guangxi,3.0,52.0,0.0,1.0,1.0,2704.0,0.0,9.0,9.9035378,1.0,0.0,301.0,9.9035378,3.0
0.0,guangxi,5.0,70.0,0.0,1.0,0.0,4900.0,1.0,6.0,10.085851,1.0,0.0,301.0,10.085851,5.0
0.0,guangxi,3.0,66.0,0.0,1.0,1.0,4356.0,0.0,9.0,8.8651705,1.0,0.0,301.0,9.9035378,4.0
0.0,guangxi,4.0,84.0,0.0,1.0,0.0,7056.0,1.0,0.0,7.8244457,1.0,0.0,301.0,,1.0
0.0,guangxi,4.0,63.0,0.0,1.0,1.0,3969.0,0.0,9.0,7.6014023,1.0,0.0,301.0,8.2943001,3.0
1.0,guangxi,3.0,28.0,0.0,0.0,1.0,784.0,1.0,16.0,11.002116,0.0,0.0,301.0,11.512936,4.0
1.0,guangxi,3.0,47.0,0.0,0.0,0.0,2209.0,0.0,12.0,11.156265,1.0,0.0,301.0,11.156265,3.0
0.0,guangxi,4.0,74.0,0.0,1.0,0.0,5476.0,1.0,12.0,,1.0,0.0,301.0,,2.0
0.0,guangxi,4.0,74.0,0.0,1.0,1.0,5476.0,1.0,6.0,7.2305632,1.0,0.0,301.0,8.0067005,2.0
0.0,guangxi,4.0,65.0,0.0,1.0,1.0,4225.0,1.0,0.0,7.1708884,1.0,0.0,301.0,10.308986,3.0
0.0,guangxi,5.0,70.0,0.0,1.0,1.0,4900.0,0.0,6.0,10.126671,1.0,0.0,301.0,10.819798,1.0
0.0,guangxi,4.0,74.0,0.0,1.0,0.0,5476.0,1.0,0.0,,1.0,0.0,301.0,10.308986,3.0
1.0,guangxi,3.0,27.0,0.0,0.0,0.0,729.0,0.0,12.0,10.308986,1.0,0.0,301.0,10.59666,4.0
1.0,guangxi,4.0,37.0,0.0,0.0,1.0,1369.0,0.0,15.0,11.775297,1.0,0.0,301.0,12.206078,4.0
1.0,guangxi,3.0,28.0,1.3862944,0.0,0.0,784.0,1.0,12.0,9.9035378,0.0,0.0,301.0,9.9035378,3.0
0.0,guangxi,1.0,61.0,0.0,0.0,0.0,3721.0,1.0,6.0,0.0,1.0,0.0,301.0,0.0,1.0
0.0,guangxi,5.0,67.0,0.0,1.0,0.0,4489.0,1.0,0.0,0.0,1.0,0.0,301.0,,2.0
1.0,guangxi,2.0,47.0,0.0,0.0,0.0,2209.0,1.0,6.0,9.6158724,1.0,0.0,301.0,10.308986,4.0
0.0,guangxi,4.0,48.0,0.0,0.0,1.0,2304.0,0.0,9.0,10.463132,1.0,0.0,301.0,10.819798,4.0
0.0,guangxi,4.0,84.0,0.0,1.0,1.0,7056.0,1.0,0.0,0.0,1.0,0.0,301.0,9.9035378,2.0
0.0,guangxi,5.0,51.0,0.0,1.0,1.0,2601.0,1.0,6.0,8.6996813,1.0,0.0,301.0,8.9873219,4.0
1.0,guangxi,4.0,73.0,0.0,0.0,1.0,5329.0,0.0,12.0,10.308986,0.0,0.0,301.0,11.289794,4.0
0.0,guangxi,4.0,49.0,0.0,1.0,1.0,2401.0,1.0,9.0,8.2943001,1.0,0.0,301.0,9.2104406,3.0
0.0,guangxi,2.0,41.0,0.0,1.0,0.0,1681.0,0.0,9.0,8.8538084,1.0,0.0,301.0,8.8538084,2.0
0.0,guangxi,4.0,61.0,0.0,1.0,1.0,3721.0,0.0,6.0,8.2943001,1.0,0.0,301.0,8.2943001,2.0
0.0,guangxi,4.0,73.0,0.0,1.0,1.0,5329.0,1.0,0.0,6.985642,1.0,0.0,301.0,,3.0
0.0,guangxi,2.0,62.0,0.0,1.0,1.0,3844.0,1.0,0.0,8.0067005,1.0,0.0,301.0,8.3140974,3.0
0.0,guangxi,4.0,18.0,0.0,1.0,0.0,324.0,0.0,12.0,,1.0,0.0,301.0,,4.0
0.0,guangxi,4.0,57.0,0.0,1.0,1.0,3249.0,1.0,12.0,7.4960976,1.0,0.0,301.0,8.1889668,5.0
1.0,guangxi,3.0,28.0,0.0,0.0,0.0,784.0,1.0,15.0,11.289794,1.0,0.0,301.0,11.918397,4.0
0.0,guangxi,4.0,45.0,0.0,1.0,1.0,2025.0,0.0,6.0,9.9035378,1.0,0.0,301.0,10.59666,4.0
0.0,guangxi,4.0,51.0,0.0,1.0,1.0,2601.0,1.0,0.0,8.0067005,1.0,0.0,301.0,8.0067005,3.0
0.0,guangxi,4.0,63.0,0.0,1.0,1.0,3969.0,0.0,9.0,,1.0,0.0,301.0,10.085851,3.0
1.0,guangxi,3.0,69.0,0.0,0.0,0.0,4761.0,0.0,6.0,9.6158724,1.0,0.0,301.0,10.308986,4.0
0.0,guangxi,3.0,54.0,0.0,0.0,1.0,2916.0,1.0,6.0,6.9087548,1.0,0.0,301.0,7.6014023,2.0
0.0,guangxi,4.0,67.0,0.0,1.0,1.0,4489.0,1.0,0.0,9.8522472,1.0,0.0,301.0,10.915107,4.0
0.0,guangxi,2.0,60.0,0.0,0.0,1.0,3600.0,1.0,0.0,0.0,1.0,0.0,301.0,0.0,2.0
0.0,guangxi,4.0,59.0,0.0,1.0,1.0,3481.0,1.0,6.0,8.5173931,1.0,0.0,301.0,9.1050911,2.0
0.0,guangxi,3.0,49.0,0.0,1.0,0.0,2401.0,0.0,6.0,10.463132,1.0,0.0,301.0,10.59666,4.0
1.0,guangxi,4.0,70.0,0.0,0.0,1.0,4900.0,0.0,6.0,9.9035378,0.0,0.0,301.0,11.512936,3.0
1.0,guangxi,3.0,55.0,0.0,0.0,1.0,3025.0,1.0,9.0,9.1696224,1.0,0.0,301.0,9.1696224,3.0
1.0,guangxi,3.0,75.0,2.3978953,0.0,0.0,5625.0,1.0,6.0,10.085851,0.0,0.0,301.0,10.085851,2.0
1.0,guangxi,4.0,51.0,0.0,1.0,0.0,2601.0,1.0,12.0,10.491302,0.0,0.0,301.0,10.491302,3.0
1.0,guangxi,4.0,66.0,0.0,0.0,0.0,4356.0,0.0,9.0,9.2104406,1.0,1.0,301.0,11.002116,5.0
0.0,guangxi,3.0,51.0,0.0,1.0,0.0,2601.0,0.0,6.0,5.7071104,1.0,0.0,301.0,5.7071104,2.0
1.0,guangxi,3.0,23.0,0.0,0.0,0.0,529.0,0.0,9.0,10.71444,1.0,0.0,301.0,11.512936,5.0
0.0,guangxi,4.0,33.0,2.3978953,1.0,1.0,1089.0,1.0,6.0,,1.0,0.0,301.0,10.308986,4.0
0.0,guangxi,4.0,65.0,0.0,0.0,1.0,4225.0,1.0,9.0,8.4765797,1.0,0.0,301.0,8.6794825,1.0
0.0,guangxi,4.0,73.0,3.0445225,1.0,1.0,5329.0,1.0,0.0,6.985642,1.0,0.0,301.0,8.2943001,4.0
0.0,guangxi,4.0,54.0,2.7725887,1.0,1.0,2916.0,1.0,6.0,8.0067005,1.0,0.0,301.0,8.5173931,3.0
0.0,guangxi,4.0,74.0,0.0,1.0,1.0,5476.0,0.0,6.0,,1.0,0.0,301.0,11.407576,4.0
0.0,guangxi,4.0,44.0,0.0,0.0,1.0,1936.0,0.0,9.0,10.59666,1.0,0.0,301.0,8.5173931,4.0
0.0,guangxi,4.0,56.0,0.0,1.0,1.0,3136.0,0.0,12.0,9.2104406,1.0,0.0,301.0,9.2104406,4.0
0.0,guangxi,3.0,49.0,2.3978953,1.0,1.0,2401.0,0.0,6.0,8.5173931,1.0,0.0,301.0,8.8538084,3.0
0.0,guangxi,4.0,65.0,0.0,0.0,0.0,4225.0,1.0,0.0,0.0,1.0,0.0,301.0,,1.0
0.0,guangxi,4.0,75.0,0.0,1.0,0.0,5625.0,1.0,0.0,7.4271441,1.0,0.0,301.0,,3.0
0.0,guangxi,5.0,73.0,0.0,1.0,0.0,5329.0,1.0,0.0,6.2166061,1.0,0.0,301.0,9.2104406,4.0
0.0,guangxi,4.0,49.0,0.0,1.0,1.0,2401.0,1.0,6.0,7.6014023,1.0,0.0,301.0,9.2104406,3.0
1.0,chongqing,5.0,68.0,2.3025851,0.0,0.0,4624.0,1.0,6.0,9.6395874,1.0,0.0,143.0,9.6395874,3.0
1.0,chongqing,4.0,38.0,0.0,0.0,1.0,1444.0,0.0,9.0,9.392745,0.0,0.0,143.0,11.184435,4.0
1.0,chongqing,4.0,70.0,3.4339871,0.0,1.0,4900.0,0.0,0.0,9.6395874,0.0,0.0,143.0,11.264477,4.0
0.0,chongqing,2.0,49.0,0.0,0.0,1.0,2401.0,1.0,6.0,0.0,1.0,0.0,143.0,9.9035378,2.0
1.0,chongqing,4.0,82.0,0.0,0.0,0.0,6724.0,0.0,0.0,7.6014023,1.0,0.0,143.0,10.59666,4.0
1.0,chongqing,2.0,55.0,3.4339871,0.0,1.0,3025.0,1.0,0.0,8.2943001,0.0,0.0,143.0,9.9035378,2.0
1.0,chongqing,5.0,20.0,0.0,0.0,0.0,400.0,1.0,16.0,,0.0,0.0,143.0,9.9035378,5.0
0.0,chongqing,3.0,73.0,0.0,0.0,1.0,5329.0,1.0,6.0,9.5468836,1.0,0.0,143.0,10.59666,2.0
0.0,chongqing,4.0,65.0,0.0,0.0,1.0,4225.0,0.0,0.0,7.6014023,1.0,0.0,143.0,9.9035378,5.0
0.0,chongqing,2.0,60.0,0.0,0.0,1.0,3600.0,0.0,0.0,9.9804945,1.0,0.0,143.0,10.126671,3.0
0.0,chongqing,3.0,67.0,0.0,0.0,0.0,4489.0,1.0,0.0,7.3138866,1.0,0.0,143.0,8.0067005,3.0
1.0,chongqing,4.0,59.0,0.0,0.0,1.0,3481.0,0.0,6.0,0.0,1.0,0.0,143.0,9.7291937,3.0
0.0,chongqing,2.0,70.0,3.4339871,0.0,1.0,4900.0,0.0,0.0,9.1902399,0.0,0.0,143.0,9.2104406,1.0
0.0,chongqing,3.0,66.0,0.0,0.0,0.0,4356.0,1.0,0.0,6.9285378,1.0,0.0,143.0,7.6501689,2.0
0.0,chongqing,3.0,53.0,0.0,0.0,1.0,2809.0,1.0,6.0,8.6996813,1.0,0.0,143.0,9.2104406,3.0
1.0,chongqing,4.0,52.0,0.0,0.0,0.0,2704.0,0.0,0.0,9.9035378,1.0,0.0,143.0,11.407576,4.0
0.0,chongqing,3.0,70.0,0.0,0.0,0.0,4900.0,1.0,0.0,6.9087548,1.0,0.0,143.0,10.518701,2.0
0.0,chongqing,4.0,23.0,0.0,0.0,0.0,529.0,0.0,9.0,8.9873219,1.0,0.0,143.0,9.2104406,4.0
1.0,chongqing,4.0,55.0,0.0,0.0,1.0,3025.0,1.0,9.0,10.308986,1.0,0.0,143.0,11.289794,2.0
1.0,chongqing,4.0,78.0,0.0,0.0,0.0,6084.0,1.0,6.0,7.09091,1.0,0.0,143.0,7.09091,2.0
1.0,chongqing,5.0,50.0,0.0,0.0,1.0,2500.0,1.0,0.0,8.1889668,0.0,0.0,143.0,9.9035378,2.0
1.0,chongqing,3.0,45.0,1.0986123,0.0,1.0,2025.0,0.0,9.0,9.2104406,0.0,0.0,143.0,9.2104406,4.0
1.0,chongqing,2.0,48.0,1.3862944,0.0,1.0,2304.0,0.0,6.0,8.0067005,0.0,0.0,143.0,9.2104406,2.0
1.0,chongqing,4.0,71.0,0.0,0.0,1.0,5041.0,1.0,6.0,9.6158724,0.0,0.0,143.0,10.404293,4.0
1.0,chongqing,4.0,55.0,0.0,0.0,1.0,3025.0,0.0,9.0,9.6158724,0.0,0.0,143.0,,2.0
1.0,chongqing,3.0,53.0,0.0,0.0,1.0,2809.0,1.0,9.0,10.308986,1.0,0.0,143.0,,3.0
1.0,chongqing,4.0,25.0,0.0,0.0,0.0,625.0,0.0,16.0,11.002116,0.0,1.0,143.0,11.082158,4.0
1.0,chongqing,4.0,41.0,1.7917595,0.0,1.0,1681.0,0.0,6.0,16.113083,1.0,0.0,143.0,11.512936,5.0
0.0,chongqing,4.0,42.0,3.0445225,0.0,1.0,1764.0,1.0,6.0,9.9035378,1.0,0.0,143.0,10.308986,2.0
1.0,chongqing,4.0,44.0,0.0,0.0,1.0,1936.0,0.0,9.0,10.308986,1.0,0.0,143.0,10.819798,5.0
1.0,chongqing,2.0,56.0,0.0,0.0,1.0,3136.0,0.0,12.0,9.2104406,1.0,0.0,143.0,9.9035378,4.0
0.0,chongqing,4.0,63.0,1.0986123,0.0,0.0,3969.0,1.0,0.0,6.9285378,1.0,0.0,143.0,6.9285378,2.0
1.0,chongqing,4.0,49.0,0.0,0.0,1.0,2401.0,0.0,6.0,8.4765797,0.0,0.0,143.0,9.2873936,2.0
0.0,chongqing,4.0,61.0,0.0,0.0,1.0,3721.0,1.0,0.0,8.5173931,1.0,0.0,143.0,9.2104406,4.0
1.0,chongqing,4.0,19.0,0.0,0.0,0.0,361.0,0.0,12.0,0.0,1.0,0.0,143.0,,5.0
1.0,chongqing,4.0,49.0,0.0,0.0,1.0,2401.0,1.0,6.0,9.392745,1.0,0.0,143.0,9.7981825,4.0
1.0,chongqing,3.0,79.0,0.0,0.0,0.0,6241.0,1.0,6.0,7.09091,1.0,0.0,143.0,10.59666,4.0
0.0,chongqing,4.0,54.0,0.0,0.0,0.0,2916.0,0.0,0.0,9.2104406,1.0,0.0,143.0,9.2104406,5.0
0.0,chongqing,3.0,63.0,0.0,0.0,1.0,3969.0,1.0,6.0,9.2104406,1.0,0.0,143.0,10.308986,2.0
0.0,chongqing,5.0,69.0,1.0986123,0.0,0.0,4761.0,1.0,6.0,8.722743,1.0,0.0,143.0,8.722743,4.0
0.0,chongqing,4.0,48.0,0.0,0.0,1.0,2304.0,1.0,9.0,0.0,1.0,0.0,143.0,8.0067005,3.0
1.0,chongqing,4.0,30.0,0.0,0.0,1.0,900.0,0.0,12.0,10.819798,1.0,0.0,143.0,,4.0
0.0,chongqing,3.0,48.0,1.9459101,0.0,1.0,2304.0,1.0,6.0,9.2104406,1.0,0.0,143.0,10.59666,2.0
0.0,chongqing,4.0,65.0,0.0,0.0,1.0,4225.0,1.0,0.0,7.1396604,1.0,0.0,143.0,10.308986,2.0
1.0,chongqing,4.0,48.0,0.0,0.0,1.0,2304.0,0.0,6.0,8.9360352,0.0,0.0,143.0,10.110542,2.0
0.0,chongqing,2.0,35.0,0.0,0.0,1.0,1225.0,1.0,6.0,8.6996813,1.0,0.0,143.0,9.9035378,2.0
0.0,chongqing,4.0,53.0,0.0,0.0,1.0,2809.0,1.0,0.0,0.0,1.0,0.0,143.0,9.9035378,4.0
1.0,chongqing,4.0,36.0,0.0,0.0,1.0,1296.0,1.0,0.0,11.695255,0.0,0.0,143.0,12.301388,4.0
0.0,chongqing,3.0,26.0,0.0,0.0,1.0,676.0,1.0,9.0,0.0,1.0,0.0,143.0,10.308986,4.0
0.0,chongqing,4.0,66.0,0.0,0.0,0.0,4356.0,0.0,6.0,0.0,1.0,0.0,143.0,0.0,4.0
1.0,chongqing,3.0,64.0,0.0,0.0,1.0,4096.0,0.0,6.0,9.3759394,0.0,0.0,143.0,10.034559,4.0
0.0,chongqing,4.0,55.0,0.0,0.0,1.0,3025.0,1.0,9.0,8.9873219,1.0,0.0,143.0,8.9873219,4.0
1.0,chongqing,3.0,44.0,0.0,0.0,1.0,1936.0,1.0,9.0,11.082158,0.0,0.0,143.0,11.082158,3.0
1.0,chongqing,4.0,55.0,0.0,0.0,1.0,3025.0,0.0,9.0,10.59666,0.0,0.0,143.0,10.819798,4.0
0.0,chongqing,3.0,47.0,0.0,0.0,1.0,2209.0,0.0,9.0,8.5173931,1.0,0.0,143.0,9.6158724,4.0
1.0,chongqing,4.0,18.0,0.0,0.0,0.0,324.0,0.0,12.0,0.0,0.0,0.0,143.0,11.289794,5.0
1.0,chongqing,4.0,43.0,1.3862944,0.0,1.0,1849.0,0.0,6.0,10.308986,0.0,0.0,143.0,0.0,4.0
0.0,chongqing,4.0,47.0,0.0,0.0,1.0,2209.0,0.0,9.0,8.5173931,1.0,0.0,143.0,9.2104406,3.0
1.0,chongqing,2.0,59.0,1.0986123,0.0,1.0,3481.0,0.0,9.0,6.2166061,1.0,0.0,143.0,10.491302,1.0
1.0,chongqing,2.0,72.0,1.0986123,0.0,1.0,5184.0,0.0,6.0,7.5913572,1.0,0.0,143.0,8.0836372,1.0
0.0,chongqing,3.0,69.0,0.0,0.0,1.0,4761.0,0.0,0.0,8.5173931,0.0,0.0,143.0,9.2104406,4.0
0.0,chongqing,4.0,54.0,0.0,0.0,1.0,2916.0,0.0,0.0,10.308986,1.0,0.0,143.0,10.819798,4.0
1.0,chongqing,4.0,75.0,0.0,0.0,1.0,5625.0,0.0,6.0,9.6928282,0.0,0.0,143.0,10.348206,2.0
0.0,chongqing,4.0,67.0,0.0,0.0,1.0,4489.0,0.0,0.0,7.6966672,1.0,0.0,143.0,9.2104406,4.0
0.0,chongqing,4.0,60.0,0.0,0.0,1.0,3600.0,0.0,15.0,10.463132,0.0,1.0,143.0,10.819798,4.0
1.0,chongqing,4.0,49.0,2.7725887,0.0,0.0,2401.0,0.0,0.0,11.407576,1.0,0.0,143.0,11.407576,1.0
1.0,chongqing,4.0,66.0,0.0,0.0,1.0,4356.0,0.0,0.0,9.2104406,0.0,0.0,143.0,9.9035378,1.0
1.0,chongqing,3.0,58.0,0.0,0.0,1.0,3364.0,0.0,9.0,9.2104406,1.0,0.0,143.0,9.9035378,3.0
0.0,chongqing,4.0,51.0,1.7917595,0.0,1.0,2601.0,1.0,0.0,0.0,1.0,0.0,143.0,10.819798,2.0
0.0,chongqing,2.0,66.0,0.0,0.0,1.0,4356.0,0.0,0.0,8.2943001,1.0,0.0,143.0,10.59666,2.0
0.0,chongqing,4.0,45.0,0.0,0.0,1.0,2025.0,0.0,6.0,9.6158724,1.0,0.0,143.0,9.6158724,4.0
1.0,chongqing,4.0,31.0,0.0,0.0,1.0,961.0,1.0,0.0,10.819798,1.0,0.0,143.0,11.512936,5.0
0.0,chongqing,2.0,77.0,0.0,0.0,1.0,5929.0,0.0,0.0,5.7071104,1.0,0.0,143.0,9.9035378,1.0
0.0,chongqing,4.0,46.0,0.0,0.0,1.0,2116.0,0.0,12.0,9.6158724,1.0,0.0,143.0,10.59666,3.0
1.0,chongqing,4.0,65.0,0.0,0.0,1.0,4225.0,0.0,0.0,9.392745,0.0,0.0,143.0,10.819798,4.0
0.0,chongqing,4.0,59.0,0.0,0.0,1.0,3481.0,0.0,12.0,8.5173931,1.0,0.0,143.0,9.9035378,3.0
0.0,chongqing,4.0,50.0,0.0,0.0,0.0,2500.0,1.0,9.0,9.9035378,1.0,0.0,143.0,11.002116,4.0
1.0,chongqing,2.0,49.0,1.7917595,0.0,0.0,2401.0,0.0,6.0,10.308986,1.0,0.0,143.0,9.9035378,4.0
1.0,chongqing,4.0,40.0,2.3978953,0.0,0.0,1600.0,1.0,0.0,0.0,1.0,0.0,143.0,10.736419,4.0
0.0,chongqing,3.0,50.0,0.0,0.0,1.0,2500.0,1.0,0.0,0.0,1.0,0.0,143.0,10.59666,2.0
0.0,chongqing,3.0,47.0,0.0,0.0,1.0,2209.0,1.0,6.0,6.9087548,1.0,0.0,143.0,8.5173931,2.0
1.0,chongqing,4.0,67.0,1.3862944,0.0,0.0,4489.0,0.0,0.0,7.4960976,1.0,0.0,143.0,8.1889668,3.0
0.0,chongqing,4.0,74.0,0.0,0.0,1.0,5476.0,0.0,6.0,9.6158724,0.0,0.0,143.0,10.288784,2.0
1.0,chongqing,4.0,83.0,0.0,0.0,0.0,6889.0,1.0,0.0,8.3572588,1.0,0.0,143.0,,4.0
0.0,chongqing,4.0,68.0,2.1400661,0.0,0.0,4624.0,0.0,6.0,7.8244457,1.0,0.0,143.0,10.308986,4.0
0.0,chongqing,2.0,23.0,4.0253515,0.0,0.0,529.0,0.0,0.0,10.308986,1.0,0.0,143.0,11.512936,3.0
1.0,chongqing,4.0,52.0,0.0,0.0,1.0,2704.0,0.0,9.0,10.308986,1.0,0.0,143.0,11.512936,4.0
1.0,chongqing,3.0,51.0,0.0,0.0,1.0,2601.0,1.0,6.0,0.0,0.0,0.0,143.0,10.085851,3.0
0.0,chongqing,4.0,28.0,0.0,0.0,1.0,784.0,1.0,9.0,,1.0,0.0,143.0,11.849405,4.0
0.0,chongqing,4.0,71.0,0.0,0.0,0.0,5041.0,1.0,0.0,8.4889994,1.0,0.0,143.0,,1.0
1.0,chongqing,3.0,54.0,0.0,0.0,0.0,2916.0,1.0,6.0,0.0,1.0,0.0,143.0,16.023785,5.0
1.0,chongqing,4.0,87.0,1.3862944,0.0,0.0,7569.0,1.0,0.0,9.5750532,0.0,0.0,143.0,8.6996813,2.0
1.0,chongqing,4.0,39.0,0.0,0.0,0.0,1521.0,1.0,0.0,10.59666,1.0,0.0,143.0,11.289794,4.0
1.0,chongqing,2.0,72.0,0.0,0.0,0.0,5184.0,1.0,0.0,9.2104406,0.0,0.0,143.0,12.611541,2.0
0.0,chongqing,4.0,71.0,0.0,0.0,0.0,5041.0,0.0,6.0,7.09091,1.0,0.0,143.0,7.09091,3.0
1.0,chongqing,4.0,65.0,3.4339871,0.0,1.0,4225.0,0.0,0.0,9.3057413,0.0,0.0,143.0,10.819798,2.0
0.0,chongqing,4.0,69.0,0.0,0.0,1.0,4761.0,1.0,6.0,8.2000141,1.0,0.0,143.0,8.8930235,5.0
0.0,chongqing,3.0,74.0,0.0,0.0,1.0,5476.0,0.0,6.0,8.6996813,1.0,0.0,143.0,10.819798,4.0
0.0,chongqing,5.0,82.0,1.3862944,0.0,1.0,6724.0,1.0,0.0,0.0,1.0,0.0,143.0,8.5173931,2.0
0.0,chongqing,2.0,58.0,0.0,0.0,1.0,3364.0,1.0,0.0,7.3138866,1.0,0.0,143.0,8.5173931,2.0
0.0,chongqing,5.0,31.0,0.0,0.0,1.0,961.0,0.0,9.0,9.2104406,1.0,0.0,143.0,9.9035378,5.0
0.0,chongqing,5.0,73.0,0.0,0.0,0.0,5329.0,1.0,6.0,9.2104406,1.0,0.0,143.0,11.775297,2.0
1.0,chongqing,5.0,48.0,0.0,0.0,1.0,2304.0,1.0,6.0,9.2104406,0.0,0.0,143.0,11.156265,2.0
1.0,chongqing,3.0,26.0,0.0,0.0,0.0,676.0,0.0,16.0,11.002116,1.0,0.0,143.0,11.512936,3.0
0.0,chongqing,4.0,46.0,0.0,0.0,1.0,2116.0,0.0,6.0,9.6158724,1.0,0.0,143.0,9.6158724,4.0
0.0,chongqing,1.0,56.0,0.0,0.0,1.0,3136.0,0.0,6.0,9.2104406,0.0,0.0,143.0,9.6158724,1.0
0.0,chongqing,4.0,30.0,0.0,0.0,1.0,900.0,1.0,6.0,9.2104406,1.0,0.0,143.0,10.819798,5.0
1.0,chongqing,5.0,84.0,0.0,0.0,1.0,7056.0,1.0,0.0,9.7981825,0.0,0.0,143.0,10.491302,2.0
1.0,chongqing,4.0,29.0,0.0,0.0,0.0,841.0,1.0,6.0,12.206078,1.0,0.0,143.0,12.611541,4.0
0.0,chongqing,3.0,74.0,0.0,0.0,1.0,5476.0,0.0,6.0,7.09091,1.0,0.0,143.0,10.308986,3.0
0.0,chongqing,4.0,55.0,0.0,0.0,1.0,3025.0,0.0,9.0,0.0,0.0,0.0,143.0,10.819798,2.0
1.0,chongqing,3.0,53.0,0.0,0.0,1.0,2809.0,1.0,0.0,9.2104406,1.0,0.0,143.0,10.308986,2.0
0.0,chongqing,4.0,48.0,0.0,0.0,1.0,2304.0,0.0,0.0,8.5173931,1.0,0.0,143.0,9.2104406,4.0
1.0,chongqing,2.0,61.0,2.7725887,0.0,1.0,3721.0,1.0,6.0,9.392745,0.0,0.0,143.0,11.002116,3.0
0.0,chongqing,4.0,52.0,0.0,0.0,1.0,2704.0,0.0,6.0,9.9035378,1.0,1.0,143.0,10.59666,3.0
1.0,chongqing,3.0,26.0,1.6094379,0.0,1.0,676.0,1.0,15.0,10.491302,0.0,0.0,143.0,10.59666,3.0
1.0,chongqing,4.0,55.0,1.6094379,0.0,1.0,3025.0,0.0,12.0,9.2104406,0.0,0.0,143.0,9.9035378,4.0
0.0,chongqing,3.0,60.0,0.0,0.0,1.0,3600.0,0.0,6.0,7.6014023,1.0,0.0,143.0,8.2943001,4.0
1.0,chongqing,3.0,48.0,3.2580965,0.0,1.0,2304.0,1.0,9.0,8.5173931,1.0,0.0,143.0,11.512936,4.0
0.0,chongqing,5.0,49.0,0.0,0.0,1.0,2401.0,1.0,12.0,11.289794,0.0,0.0,143.0,11.775297,4.0
0.0,chongqing,4.0,50.0,0.0,0.0,1.0,2500.0,0.0,6.0,9.6158724,1.0,0.0,143.0,10.308986,4.0
1.0,chongqing,3.0,47.0,0.0,0.0,1.0,2209.0,0.0,6.0,0.0,1.0,0.0,143.0,9.1696224,2.0
0.0,chongqing,3.0,77.0,0.0,0.0,0.0,5929.0,0.0,0.0,9.392745,1.0,0.0,143.0,9.6158724,4.0
0.0,chongqing,5.0,62.0,0.0,0.0,0.0,3844.0,0.0,0.0,7.3138866,1.0,0.0,143.0,7.3138866,2.0
1.0,chongqing,1.0,55.0,0.0,0.0,1.0,3025.0,1.0,0.0,0.0,1.0,0.0,143.0,10.59666,1.0
1.0,chongqing,3.0,57.0,0.0,0.0,1.0,3249.0,1.0,6.0,0.0,1.0,0.0,143.0,10.819798,4.0
1.0,chongqing,5.0,71.0,3.4339871,0.0,0.0,5041.0,1.0,6.0,9.7981825,0.0,0.0,143.0,9.7981825,4.0
1.0,chongqing,4.0,82.0,0.0,0.0,0.0,6724.0,1.0,0.0,9.7291937,0.0,0.0,143.0,9.7291937,2.0
1.0,chongqing,4.0,28.0,0.0,0.0,1.0,784.0,1.0,15.0,10.819798,0.0,0.0,143.0,12.42922,5.0
0.0,chongqing,2.0,68.0,3.4339871,0.0,1.0,4624.0,0.0,0.0,8.0067005,0.0,0.0,143.0,9.9035378,3.0
1.0,chongqing,4.0,49.0,1.7917595,0.0,1.0,2401.0,0.0,6.0,9.2104406,0.0,0.0,143.0,9.9035378,3.0
0.0,chongqing,4.0,41.0,0.0,0.0,1.0,1681.0,1.0,9.0,7.6014023,1.0,0.0,143.0,8.5173931,3.0
0.0,chongqing,3.0,42.0,2.7725887,0.0,1.0,1764.0,1.0,6.0,8.0067005,1.0,0.0,143.0,9.9035378,2.0
1.0,chongqing,4.0,82.0,0.0,0.0,1.0,6724.0,0.0,0.0,12.100718,0.0,1.0,143.0,10.491302,2.0
0.0,chongqing,4.0,56.0,0.0,0.0,0.0,3136.0,0.0,6.0,10.085851,1.0,0.0,143.0,10.085851,4.0
0.0,chongqing,5.0,59.0,0.0,0.0,0.0,3481.0,1.0,0.0,0.0,1.0,0.0,143.0,10.819798,2.0
0.0,chongqing,4.0,54.0,0.0,0.0,1.0,2916.0,1.0,12.0,9.7981825,0.0,0.0,143.0,10.75366,4.0
0.0,chongqing,5.0,46.0,0.0,0.0,1.0,2116.0,1.0,6.0,9.9035378,1.0,0.0,143.0,10.463132,4.0
1.0,chongqing,4.0,53.0,0.0,0.0,1.0,2809.0,1.0,9.0,8.5173931,0.0,0.0,143.0,8.9873219,4.0
1.0,chongqing,5.0,39.0,0.0,0.0,1.0,1521.0,1.0,15.0,10.819798,0.0,0.0,143.0,11.512936,5.0
1.0,chongqing,2.0,56.0,0.0,0.0,1.0,3136.0,0.0,6.0,0.0,1.0,0.0,143.0,0.0,5.0
0.0,chongqing,2.0,53.0,3.4339871,0.0,0.0,2809.0,0.0,9.0,10.950824,1.0,0.0,143.0,10.950824,2.0
1.0,chongqing,4.0,30.0,0.0,0.0,1.0,900.0,1.0,9.0,10.308986,0.0,0.0,143.0,11.002116,4.0
1.0,chongqing,4.0,49.0,0.0,0.0,1.0,2401.0,0.0,9.0,9.2104406,0.0,0.0,143.0,10.819798,4.0
0.0,chongqing,4.0,73.0,0.0,0.0,1.0,5329.0,0.0,6.0,6.9087548,1.0,0.0,143.0,8.0067005,3.0
0.0,chongqing,3.0,45.0,0.0,0.0,1.0,2025.0,0.0,6.0,8.9873219,1.0,0.0,143.0,9.9035378,5.0
0.0,chongqing,3.0,42.0,0.0,0.0,1.0,1764.0,0.0,6.0,10.59666,1.0,0.0,143.0,10.819798,3.0
1.0,chongqing,1.0,61.0,0.0,0.0,1.0,3721.0,1.0,6.0,9.2104406,1.0,0.0,143.0,9.4255323,1.0
1.0,chongqing,5.0,47.0,0.0,0.0,1.0,2209.0,0.0,9.0,10.308986,0.0,0.0,143.0,11.002116,5.0
0.0,chongqing,3.0,57.0,1.3862944,0.0,1.0,3249.0,1.0,0.0,0.0,1.0,0.0,143.0,,2.0
0.0,chongqing,2.0,62.0,0.0,0.0,0.0,3844.0,1.0,0.0,0.0,1.0,0.0,143.0,9.2104406,1.0
0.0,chongqing,4.0,61.0,0.0,0.0,1.0,3721.0,0.0,0.0,6.9087548,1.0,0.0,143.0,8.5173931,3.0
1.0,chongqing,4.0,38.0,0.0,0.0,1.0,1444.0,1.0,9.0,9.9035378,1.0,0.0,143.0,11.407576,4.0
1.0,chongqing,2.0,41.0,0.0,0.0,1.0,1681.0,0.0,6.0,8.3430777,0.0,0.0,143.0,10.457401,3.0
0.0,chongqing,4.0,88.0,0.0,0.0,0.0,7744.0,1.0,0.0,8.6996813,1.0,0.0,143.0,8.6996813,3.0
1.0,chongqing,3.0,51.0,1.0986123,0.0,1.0,2601.0,0.0,12.0,9.7410278,1.0,0.0,143.0,9.7410278,3.0
1.0,chongqing,4.0,74.0,0.0,0.0,0.0,5476.0,1.0,0.0,9.7351284,0.0,0.0,143.0,9.7351284,2.0
1.0,chongqing,4.0,43.0,0.0,0.0,1.0,1849.0,0.0,6.0,0.0,0.0,0.0,143.0,10.085851,4.0
1.0,chongqing,4.0,50.0,0.0,0.0,1.0,2500.0,1.0,6.0,10.126671,0.0,0.0,143.0,10.59666,2.0
1.0,chongqing,4.0,68.0,0.0,0.0,1.0,4624.0,0.0,0.0,9.0361061,0.0,0.0,143.0,9.7291937,4.0
0.0,chongqing,5.0,43.0,0.0,0.0,1.0,1849.0,1.0,6.0,9.6158724,1.0,0.0,143.0,10.819798,4.0
1.0,chongqing,4.0,19.0,0.0,0.0,0.0,361.0,0.0,12.0,0.0,0.0,0.0,143.0,10.308986,5.0
1.0,chongqing,4.0,60.0,0.0,0.0,1.0,3600.0,0.0,0.0,9.2104406,0.0,0.0,143.0,9.2104406,4.0
0.0,chongqing,3.0,61.0,0.0,0.0,0.0,3721.0,0.0,0.0,8.0067005,1.0,0.0,143.0,8.6996813,3.0
1.0,chongqing,4.0,40.0,0.0,0.0,1.0,1600.0,1.0,9.0,9.9035378,1.0,0.0,143.0,10.819798,4.0
0.0,chongqing,1.0,76.0,0.0,0.0,1.0,5776.0,0.0,6.0,7.1396604,1.0,0.0,143.0,7.8244457,2.0
0.0,chongqing,3.0,88.0,0.0,0.0,1.0,7744.0,1.0,0.0,9.2104406,1.0,0.0,143.0,9.9035378,2.0
1.0,chongqing,3.0,38.0,0.0,0.0,1.0,1444.0,1.0,9.0,0.0,1.0,0.0,143.0,10.59666,3.0
1.0,chongqing,4.0,46.0,0.0,0.0,0.0,2116.0,0.0,6.0,10.59666,1.0,0.0,143.0,9.2104406,3.0
1.0,chongqing,4.0,18.0,5.7071104,0.0,0.0,324.0,1.0,16.0,0.0,1.0,0.0,143.0,10.308986,5.0
0.0,chongqing,3.0,46.0,0.0,0.0,1.0,2116.0,1.0,0.0,8.9873219,1.0,0.0,143.0,10.126671,5.0
0.0,chongqing,4.0,77.0,0.0,0.0,1.0,5929.0,0.0,6.0,0.0,1.0,0.0,143.0,11.512936,3.0
1.0,chongqing,4.0,48.0,0.0,0.0,1.0,2304.0,1.0,6.0,,0.0,0.0,143.0,9.2104406,4.0
0.0,chongqing,4.0,67.0,0.0,0.0,1.0,4489.0,0.0,9.0,7.6014023,1.0,0.0,143.0,7.6014023,2.0
1.0,chongqing,1.0,34.0,0.0,0.0,1.0,1156.0,1.0,6.0,9.2104406,1.0,0.0,143.0,9.9035378,2.0
0.0,chongqing,4.0,53.0,0.0,0.0,1.0,2809.0,0.0,9.0,7.6014023,1.0,0.0,143.0,10.308986,3.0
1.0,chongqing,5.0,26.0,0.0,0.0,1.0,676.0,1.0,9.0,0.0,1.0,0.0,143.0,10.819798,4.0
0.0,chongqing,5.0,44.0,0.0,0.0,1.0,1936.0,1.0,6.0,7.6014023,1.0,0.0,143.0,10.308986,2.0
0.0,chongqing,4.0,46.0,0.0,0.0,1.0,2116.0,0.0,9.0,10.59666,1.0,1.0,143.0,11.775297,4.0
0.0,chongqing,4.0,50.0,3.4339871,0.0,1.0,2500.0,0.0,9.0,9.9035378,1.0,0.0,143.0,10.59666,4.0
0.0,chongqing,3.0,53.0,0.0,0.0,1.0,2809.0,0.0,6.0,8.6996813,1.0,0.0,143.0,9.392745,4.0
0.0,chongqing,4.0,55.0,0.0,0.0,1.0,3025.0,0.0,9.0,8.0067005,0.0,0.0,143.0,9.6158724,3.0
0.0,chongqing,3.0,75.0,0.0,0.0,0.0,5625.0,0.0,6.0,7.7836404,1.0,0.0,143.0,7.7836404,2.0
0.0,chongqing,4.0,26.0,0.0,0.0,0.0,676.0,0.0,9.0,11.289794,1.0,0.0,143.0,9.9035378,4.0
0.0,chongqing,4.0,48.0,4.3944492,0.0,1.0,2304.0,1.0,0.0,8.0067005,1.0,0.0,143.0,10.126671,2.0
1.0,chongqing,5.0,82.0,2.1972246,0.0,0.0,6724.0,1.0,0.0,9.7981825,0.0,0.0,143.0,9.7981825,3.0
0.0,chongqing,5.0,76.0,0.0,0.0,1.0,5776.0,0.0,16.0,10.819798,0.0,0.0,143.0,13.122365,3.0
1.0,chongqing,4.0,29.0,0.0,0.0,1.0,841.0,1.0,12.0,0.0,1.0,1.0,143.0,9.2104406,4.0
0.0,chongqing,3.0,59.0,0.0,0.0,1.0,3481.0,1.0,0.0,0.0,1.0,0.0,143.0,9.9035378,3.0
0.0,chongqing,4.0,50.0,0.0,0.0,1.0,2500.0,1.0,6.0,9.2104406,1.0,0.0,143.0,10.59666,3.0
0.0,chongqing,4.0,29.0,0.0,0.0,1.0,841.0,1.0,16.0,11.082158,0.0,0.0,143.0,11.982935,5.0
0.0,chongqing,4.0,63.0,0.0,0.0,1.0,3969.0,0.0,9.0,6.5806394,1.0,0.0,143.0,6.5806394,2.0
1.0,chongqing,5.0,73.0,3.583519,0.0,1.0,5329.0,1.0,6.0,9.6550903,0.0,0.0,143.0,10.348206,4.0
0.0,chongqing,5.0,25.0,0.0,0.0,1.0,625.0,1.0,6.0,10.463132,1.0,0.0,143.0,11.289794,5.0
0.0,chongqing,4.0,54.0,0.0,0.0,1.0,2916.0,0.0,6.0,9.2104406,1.0,0.0,143.0,10.308986,2.0
1.0,chongqing,5.0,27.0,0.0,0.0,1.0,729.0,1.0,9.0,10.819798,1.0,0.0,143.0,10.819798,4.0
1.0,chongqing,5.0,62.0,0.0,0.0,1.0,3844.0,0.0,6.0,0.0,1.0,0.0,143.0,9.9035378,2.0
0.0,chongqing,4.0,46.0,0.0,0.0,1.0,2116.0,1.0,6.0,8.2943001,1.0,0.0,143.0,8.9873219,2.0
0.0,chongqing,2.0,32.0,0.0,0.0,1.0,1024.0,1.0,9.0,0.0,1.0,0.0,143.0,10.59666,2.0
0.0,chongqing,5.0,51.0,0.0,0.0,1.0,2601.0,0.0,6.0,10.308986,1.0,0.0,143.0,11.512936,5.0
0.0,chongqing,3.0,65.0,0.0,0.0,1.0,4225.0,0.0,6.0,0.0,1.0,0.0,143.0,9.9035378,3.0
0.0,chongqing,4.0,21.0,0.0,0.0,0.0,441.0,1.0,16.0,0.0,1.0,0.0,143.0,9.9035378,5.0
0.0,chongqing,5.0,31.0,0.0,0.0,1.0,961.0,1.0,12.0,9.2104406,1.0,0.0,143.0,10.308986,3.0
0.0,chongqing,4.0,69.0,0.0,0.0,1.0,4761.0,0.0,6.0,7.0396605,1.0,0.0,143.0,9.2104406,4.0
0.0,chongqing,4.0,91.0,1.3862944,0.0,1.0,8281.0,0.0,0.0,6.9087548,1.0,0.0,143.0,8.1318245,2.0
0.0,chongqing,4.0,70.0,0.69314718,0.0,1.0,4900.0,1.0,0.0,6.9087548,1.0,0.0,143.0,8.0067005,1.0
1.0,chongqing,4.0,48.0,0.0,0.0,1.0,2304.0,0.0,9.0,9.1050911,0.0,0.0,143.0,10.308986,2.0
0.0,chongqing,2.0,48.0,0.0,0.0,1.0,2304.0,0.0,6.0,10.59666,1.0,0.0,143.0,10.59666,1.0
0.0,chongqing,5.0,58.0,0.0,0.0,1.0,3364.0,0.0,6.0,8.0067005,1.0,0.0,143.0,10.308986,4.0
0.0,chongqing,4.0,42.0,0.0,0.0,1.0,1764.0,1.0,6.0,9.2104406,1.0,0.0,143.0,9.9035378,3.0
0.0,chongqing,1.0,73.0,1.3862944,0.0,1.0,5329.0,1.0,0.0,6.9087548,1.0,0.0,143.0,8.0067005,2.0
0.0,chongqing,4.0,54.0,0.0,0.0,1.0,2916.0,0.0,0.0,9.9035378,1.0,0.0,143.0,10.239996,5.0
0.0,chongqing,4.0,85.0,0.0,0.0,0.0,7225.0,1.0,6.0,6.9285378,1.0,0.0,143.0,6.9285378,2.0
1.0,chongqing,1.0,30.0,0.0,0.0,0.0,900.0,0.0,6.0,8.6996813,1.0,0.0,143.0,8.9873219,2.0
0.0,chongqing,4.0,76.0,0.0,0.0,0.0,5776.0,0.0,9.0,7.6014023,1.0,0.0,143.0,10.308986,2.0
0.0,chongqing,4.0,58.0,0.0,0.0,1.0,3364.0,1.0,0.0,9.2104406,1.0,0.0,143.0,9.9035378,4.0
0.0,chongqing,4.0,72.0,0.0,0.0,1.0,5184.0,0.0,6.0,7.6014023,1.0,0.0,143.0,7.6014023,4.0
0.0,chongqing,4.0,73.0,0.0,0.0,1.0,5329.0,1.0,0.0,0.0,1.0,0.0,143.0,8.0067005,2.0
0.0,chongqing,4.0,65.0,0.0,0.0,1.0,4225.0,0.0,6.0,9.9035378,1.0,0.0,143.0,9.9035378,4.0
0.0,chongqing,3.0,41.0,0.0,0.0,1.0,1681.0,0.0,6.0,9.9035378,1.0,0.0,143.0,10.308986,4.0
0.0,chongqing,4.0,64.0,0.0,0.0,1.0,4096.0,1.0,6.0,7.0396605,1.0,0.0,143.0,10.491302,2.0
0.0,chongqing,4.0,45.0,0.0,0.0,1.0,2025.0,0.0,6.0,10.463132,1.0,0.0,143.0,10.819798,3.0
0.0,chongqing,3.0,77.0,0.0,0.0,1.0,5929.0,1.0,0.0,7.09091,1.0,0.0,143.0,10.491302,3.0
0.0,chongqing,4.0,51.0,1.3862944,0.0,0.0,2601.0,0.0,0.0,9.2104406,1.0,0.0,143.0,9.2104406,4.0
0.0,chongqing,3.0,62.0,0.0,0.0,0.0,3844.0,1.0,0.0,0.0,1.0,0.0,143.0,9.9035378,3.0
0.0,chongqing,2.0,66.0,0.0,0.0,0.0,4356.0,1.0,0.0,7.6014023,1.0,0.0,143.0,7.6014023,2.0
0.0,chongqing,5.0,19.0,3.0445225,0.0,0.0,361.0,1.0,15.0,0.0,1.0,0.0,143.0,9.9035378,5.0
0.0,chongqing,3.0,74.0,0.0,0.0,0.0,5476.0,1.0,0.0,0.0,1.0,0.0,143.0,,3.0
0.0,chongqing,4.0,72.0,0.0,0.0,1.0,5184.0,0.0,0.0,8.9873219,1.0,0.0,143.0,8.9873219,3.0
0.0,chongqing,5.0,65.0,1.0986123,0.0,0.0,4225.0,0.0,0.0,5.7071104,1.0,0.0,143.0,5.7071104,4.0
0.0,chongqing,4.0,60.0,0.0,0.0,1.0,3600.0,1.0,0.0,7.6014023,1.0,0.0,143.0,8.2943001,3.0
0.0,chongqing,2.0,55.0,0.0,0.0,1.0,3025.0,1.0,6.0,8.9873219,1.0,0.0,143.0,9.6158724,3.0
0.0,chongqing,3.0,65.0,0.0,0.0,0.0,4225.0,1.0,0.0,7.09091,1.0,0.0,143.0,9.2104406,2.0
0.0,chongqing,4.0,47.0,0.0,0.0,1.0,2209.0,0.0,9.0,8.5173931,1.0,0.0,143.0,9.6158724,2.0
0.0,chongqing,4.0,24.0,0.0,0.0,0.0,576.0,0.0,12.0,9.9035378,1.0,0.0,143.0,10.819798,5.0
0.0,chongqing,4.0,37.0,1.0986123,0.0,1.0,1369.0,1.0,9.0,,0.0,0.0,143.0,9.6158724,4.0
0.0,chongqing,1.0,40.0,0.0,0.0,1.0,1600.0,1.0,6.0,0.0,1.0,0.0,143.0,11.289794,4.0
0.0,chongqing,4.0,70.0,0.0,0.0,1.0,4900.0,0.0,6.0,9.392745,1.0,1.0,143.0,9.6158724,2.0
0.0,chongqing,2.0,68.0,0.0,0.0,1.0,4624.0,1.0,0.0,0.0,1.0,0.0,143.0,9.2104406,3.0
0.0,chongqing,4.0,46.0,0.0,0.0,0.0,2116.0,0.0,6.0,,1.0,0.0,143.0,9.9035378,4.0
0.0,chongqing,3.0,28.0,0.0,0.0,0.0,784.0,0.0,9.0,9.9035378,1.0,0.0,143.0,10.126671,5.0
0.0,chongqing,4.0,58.0,0.0,0.0,1.0,3364.0,0.0,9.0,8.0067005,1.0,0.0,143.0,10.043293,2.0
0.0,chongqing,4.0,66.0,0.0,0.0,0.0,4356.0,1.0,0.0,7.09091,1.0,0.0,143.0,9.2104406,1.0
0.0,chongqing,5.0,74.0,0.0,0.0,0.0,5476.0,1.0,0.0,7.0501227,1.0,0.0,143.0,,2.0
0.0,chongqing,4.0,50.0,0.0,0.0,1.0,2500.0,1.0,6.0,9.2104406,1.0,0.0,143.0,11.002116,4.0
0.0,chongqing,3.0,54.0,0.0,0.0,1.0,2916.0,1.0,9.0,9.392745,1.0,0.0,143.0,11.289794,3.0
0.0,chongqing,3.0,51.0,0.0,0.0,1.0,2601.0,0.0,6.0,9.6158724,1.0,0.0,143.0,9.9035378,2.0
0.0,chongqing,2.0,69.0,0.0,0.0,1.0,4761.0,1.0,0.0,8.0067005,0.0,0.0,143.0,8.6996813,2.0
0.0,chongqing,4.0,44.0,0.0,1.0,1.0,1936.0,1.0,6.0,9.2104406,1.0,0.0,143.0,10.126671,4.0
0.0,chongqing,4.0,65.0,1.9459101,0.0,1.0,4225.0,0.0,6.0,7.3138866,1.0,0.0,143.0,7.6014023,4.0
0.0,chongqing,4.0,79.0,0.0,0.0,1.0,6241.0,0.0,6.0,0.0,1.0,0.0,143.0,7.6014023,3.0
0.0,chongqing,2.0,48.0,0.0,0.0,1.0,2304.0,0.0,6.0,8.0067005,1.0,0.0,143.0,10.308986,2.0
0.0,chongqing,4.0,63.0,1.7917595,0.0,1.0,3969.0,1.0,0.0,9.2104406,0.0,0.0,143.0,9.2104406,3.0
0.0,chongqing,4.0,60.0,0.0,0.0,1.0,3600.0,0.0,6.0,8.9873219,1.0,1.0,143.0,10.308986,3.0
0.0,chongqing,4.0,55.0,0.0,0.0,0.0,3025.0,1.0,9.0,8.0067005,1.0,0.0,143.0,8.0067005,1.0
0.0,chongqing,3.0,61.0,0.0,0.0,0.0,3721.0,0.0,0.0,8.1608038,1.0,0.0,143.0,8.1608038,2.0
0.0,chongqing,2.0,51.0,0.0,0.0,1.0,2601.0,1.0,0.0,8.2943001,1.0,0.0,143.0,9.2104406,2.0
0.0,chongqing,3.0,60.0,0.0,0.0,1.0,3600.0,0.0,6.0,0.0,1.0,0.0,143.0,8.5173931,1.0
0.0,chongqing,4.0,58.0,0.0,0.0,1.0,3364.0,0.0,6.0,8.0067005,1.0,0.0,143.0,8.6996813,2.0
0.0,chongqing,4.0,54.0,0.0,0.0,1.0,2916.0,0.0,9.0,8.5173931,1.0,0.0,143.0,10.308986,2.0
0.0,chongqing,4.0,39.0,0.0,0.0,1.0,1521.0,0.0,6.0,7.3783836,1.0,0.0,143.0,8.5173931,1.0
0.0,chongqing,5.0,50.0,1.3862944,0.0,1.0,2500.0,0.0,6.0,10.308986,1.0,0.0,143.0,10.308986,5.0
0.0,chongqing,4.0,62.0,0.0,0.0,1.0,3844.0,1.0,0.0,0.0,1.0,0.0,143.0,,4.0
0.0,chongqing,4.0,72.0,0.0,0.0,0.0,5184.0,0.0,0.0,8.2943001,1.0,0.0,143.0,11.289794,3.0
0.0,chongqing,2.0,43.0,0.0,0.0,1.0,1849.0,0.0,0.0,8.5173931,1.0,0.0,143.0,8.8538084,4.0
0.0,chongqing,5.0,51.0,0.0,0.0,1.0,2601.0,0.0,6.0,8.5173931,1.0,0.0,143.0,8.6996813,3.0
0.0,chongqing,5.0,63.0,0.0,0.0,0.0,3969.0,0.0,9.0,10.59666,0.0,0.0,143.0,12.42922,5.0
0.0,chongqing,2.0,68.0,0.0,0.0,1.0,4624.0,0.0,0.0,8.0067005,1.0,0.0,143.0,8.0067005,3.0
0.0,chongqing,4.0,28.0,0.0,0.0,1.0,784.0,1.0,6.0,9.9035378,1.0,0.0,143.0,9.9035378,3.0
0.0,chongqing,4.0,80.0,0.0,0.0,0.0,6400.0,0.0,6.0,0.0,1.0,0.0,143.0,0.0,3.0
0.0,chongqing,4.0,55.0,1.6094379,0.0,1.0,3025.0,1.0,0.0,8.1889668,0.0,0.0,143.0,9.9035378,1.0
0.0,chongqing,4.0,65.0,0.0,0.0,1.0,4225.0,1.0,6.0,6.9087548,0.0,0.0,143.0,9.2104406,3.0
0.0,chongqing,4.0,70.0,0.0,0.0,1.0,4900.0,1.0,0.0,7.6014023,1.0,0.0,143.0,,1.0
0.0,chongqing,2.0,30.0,0.0,0.0,0.0,900.0,0.0,6.0,0.0,1.0,0.0,143.0,0.0,1.0
0.0,chongqing,4.0,68.0,0.0,0.0,0.0,4624.0,0.0,0.0,8.5173931,1.0,0.0,143.0,8.5173931,3.0
0.0,chongqing,2.0,93.0,0.0,0.0,0.0,8649.0,1.0,0.0,0.0,1.0,0.0,143.0,0.0,1.0
0.0,chongqing,4.0,42.0,0.0,0.0,1.0,1764.0,1.0,6.0,8.5173931,1.0,0.0,143.0,9.2104406,4.0
0.0,chongqing,4.0,61.0,0.0,0.0,1.0,3721.0,0.0,6.0,7.6014023,0.0,0.0,143.0,9.9035378,4.0
0.0,chongqing,5.0,69.0,0.0,0.0,1.0,4761.0,0.0,6.0,10.308986,0.0,0.0,143.0,10.308986,5.0
0.0,chongqing,4.0,65.0,0.0,0.0,1.0,4225.0,0.0,9.0,8.5173931,1.0,0.0,143.0,10.59666,3.0
0.0,chongqing,4.0,44.0,1.7917595,0.0,1.0,1936.0,0.0,9.0,8.9873219,1.0,0.0,143.0,9.9035378,1.0
0.0,chongqing,3.0,54.0,0.0,0.0,0.0,2916.0,0.0,0.0,8.0067005,1.0,0.0,143.0,8.5173931,2.0
0.0,chongqing,4.0,52.0,0.0,0.0,1.0,2704.0,1.0,0.0,9.2104406,1.0,0.0,143.0,9.9035378,4.0
0.0,chongqing,3.0,61.0,0.0,0.0,0.0,3721.0,0.0,6.0,8.6996813,1.0,0.0,143.0,10.59666,3.0
0.0,chongqing,3.0,55.0,0.0,0.0,1.0,3025.0,1.0,0.0,0.0,1.0,0.0,143.0,7.6014023,1.0
0.0,chongqing,4.0,43.0,1.0986123,0.0,1.0,1849.0,1.0,12.0,10.308986,1.0,0.0,143.0,11.512936,4.0
0.0,chongqing,4.0,74.0,0.0,0.0,0.0,5476.0,1.0,0.0,6.8679743,1.0,0.0,143.0,9.6158724,2.0
0.0,chongqing,4.0,49.0,0.0,0.0,1.0,2401.0,0.0,6.0,9.2104406,1.0,0.0,143.0,9.2104406,5.0
0.0,chongqing,5.0,81.0,0.0,0.0,1.0,6561.0,1.0,0.0,0.0,1.0,0.0,143.0,6.9087548,2.0
0.0,chongqing,4.0,49.0,0.0,0.0,1.0,2401.0,0.0,6.0,8.5173931,1.0,0.0,143.0,9.9035378,4.0
0.0,chongqing,4.0,65.0,0.0,0.0,1.0,4225.0,0.0,6.0,8.5173931,1.0,0.0,143.0,8.5173931,2.0
0.0,chongqing,5.0,80.0,0.0,0.0,0.0,6400.0,0.0,0.0,7.1396604,1.0,0.0,143.0,7.1396604,3.0
0.0,chongqing,4.0,66.0,1.0986123,0.0,1.0,4356.0,0.0,6.0,6.985642,1.0,0.0,143.0,7.6211953,2.0
0.0,chongqing,5.0,67.0,0.0,0.0,0.0,4489.0,0.0,6.0,6.9087548,1.0,0.0,143.0,9.9035378,2.0
0.0,chongqing,4.0,65.0,0.0,0.0,0.0,4225.0,1.0,0.0,7.09091,1.0,0.0,143.0,10.819798,4.0
0.0,chongqing,4.0,47.0,0.0,0.0,1.0,2209.0,0.0,6.0,9.9035378,1.0,0.0,143.0,9.9035378,5.0
1.0,sichuan,4.0,75.0,0.0,0.0,0.0,5625.0,1.0,0.0,9.5750532,1.0,0.0,702.0,,4.0
1.0,sichuan,5.0,70.0,0.0,0.0,1.0,4900.0,1.0,16.0,10.645449,0.0,0.0,702.0,13.122365,4.0
0.0,sichuan,4.0,44.0,0.0,0.0,1.0,1936.0,1.0,6.0,0.0,1.0,0.0,702.0,9.9035378,4.0
0.0,sichuan,5.0,67.0,0.0,0.0,0.0,4489.0,1.0,6.0,0.0,1.0,0.0,702.0,,4.0
0.0,sichuan,3.0,68.0,0.0,0.0,0.0,4624.0,1.0,0.0,6.9087548,1.0,0.0,702.0,8.5173931,2.0
1.0,sichuan,3.0,37.0,1.7917595,0.0,1.0,1369.0,0.0,9.0,9.9035378,1.0,0.0,702.0,10.308986,4.0
1.0,sichuan,4.0,32.0,2.3978953,0.0,1.0,1024.0,1.0,15.0,10.59666,0.0,0.0,702.0,12.031725,5.0
1.0,sichuan,4.0,86.0,0.0,0.0,1.0,7396.0,0.0,0.0,0.0,1.0,0.0,702.0,,4.0
1.0,sichuan,4.0,55.0,0.0,0.0,1.0,3025.0,0.0,12.0,10.308986,0.0,0.0,702.0,11.156265,4.0
0.0,sichuan,2.0,53.0,0.0,0.0,0.0,2809.0,0.0,0.0,8.0067005,1.0,0.0,702.0,8.0067005,2.0
1.0,sichuan,5.0,75.0,0.0,0.0,1.0,5625.0,0.0,6.0,10.308986,0.0,0.0,702.0,10.59666,3.0
1.0,sichuan,4.0,88.0,4.6151204,0.0,0.0,7744.0,1.0,2.0,9.9804945,1.0,0.0,702.0,10.59666,2.0
1.0,sichuan,4.0,50.0,0.0,0.0,0.0,2500.0,1.0,6.0,0.0,1.0,0.0,702.0,,1.0
1.0,sichuan,5.0,69.0,0.0,0.0,1.0,4761.0,1.0,6.0,9.2104406,0.0,0.0,702.0,9.2104406,3.0
1.0,sichuan,2.0,53.0,0.0,0.0,0.0,2809.0,0.0,6.0,0.0,1.0,0.0,702.0,10.126671,2.0
1.0,sichuan,3.0,63.0,0.0,0.0,0.0,3969.0,0.0,6.0,8.2943001,1.0,0.0,702.0,8.2943001,4.0
0.0,sichuan,5.0,48.0,0.0,0.0,1.0,2304.0,1.0,9.0,6.6858611,1.0,0.0,702.0,11.002116,1.0
0.0,sichuan,4.0,36.0,0.0,0.0,1.0,1296.0,0.0,9.0,10.491302,1.0,0.0,702.0,10.819798,4.0
0.0,sichuan,5.0,29.0,0.0,0.0,1.0,841.0,1.0,12.0,9.9035378,1.0,0.0,702.0,11.156265,5.0
1.0,sichuan,4.0,64.0,0.0,0.0,1.0,4096.0,1.0,6.0,7.3138866,1.0,0.0,702.0,10.463132,2.0
0.0,sichuan,3.0,66.0,0.0,0.0,1.0,4356.0,1.0,6.0,0.0,0.0,0.0,702.0,,1.0
1.0,sichuan,4.0,67.0,0.0,0.0,0.0,4489.0,1.0,0.0,8.2377434,1.0,0.0,702.0,8.0067005,2.0
1.0,sichuan,4.0,46.0,3.4339871,0.0,1.0,2116.0,1.0,9.0,9.9035378,1.0,0.0,702.0,11.472114,4.0
1.0,sichuan,4.0,80.0,0.0,0.0,1.0,6400.0,1.0,0.0,8.6996813,1.0,0.0,702.0,11.002116,3.0
1.0,sichuan,4.0,63.0,0.0,0.0,1.0,3969.0,1.0,6.0,10.308986,0.0,0.0,702.0,11.982935,4.0
1.0,sichuan,2.0,43.0,0.0,1.0,0.0,1849.0,1.0,6.0,9.9035378,0.0,0.0,702.0,9.9035378,3.0
1.0,sichuan,4.0,34.0,0.0,0.0,1.0,1156.0,1.0,9.0,10.491302,0.0,0.0,702.0,10.819798,3.0
0.0,sichuan,4.0,87.0,0.0,0.0,0.0,7569.0,0.0,6.0,8.5173931,1.0,1.0,702.0,8.5173931,2.0
1.0,sichuan,4.0,29.0,1.7917595,0.0,0.0,841.0,0.0,16.0,10.778977,0.0,0.0,702.0,10.778977,5.0
1.0,sichuan,3.0,46.0,0.0,0.0,1.0,2116.0,1.0,6.0,8.2943001,1.0,0.0,702.0,8.6996813,4.0
1.0,sichuan,5.0,52.0,2.7725887,0.0,1.0,2704.0,0.0,0.0,,1.0,0.0,702.0,,5.0
1.0,sichuan,4.0,48.0,0.0,0.0,1.0,2304.0,0.0,16.0,11.512936,0.0,1.0,702.0,12.206078,4.0
1.0,sichuan,4.0,65.0,0.0,0.0,1.0,4225.0,0.0,0.0,9.392745,1.0,0.0,702.0,11.512936,4.0
1.0,sichuan,2.0,53.0,0.0,0.0,1.0,2809.0,1.0,6.0,9.2104406,0.0,0.0,702.0,9.9035378,2.0
0.0,sichuan,3.0,61.0,0.0,0.0,0.0,3721.0,1.0,0.0,6.9087548,1.0,0.0,702.0,7.6014023,3.0
1.0,sichuan,4.0,72.0,2.0794415,0.0,0.0,5184.0,0.0,0.0,8.9873219,1.0,0.0,702.0,8.9873219,3.0
1.0,sichuan,3.0,60.0,0.0,0.0,1.0,3600.0,1.0,0.0,7.6014023,1.0,0.0,702.0,9.2104406,4.0
1.0,sichuan,3.0,54.0,0.0,0.0,1.0,2916.0,1.0,9.0,0.0,1.0,0.0,702.0,9.9035378,4.0
0.0,sichuan,4.0,68.0,0.0,0.0,0.0,4624.0,0.0,0.0,6.9087548,1.0,0.0,702.0,9.2104406,4.0
1.0,sichuan,4.0,44.0,0.0,0.0,1.0,1936.0,0.0,15.0,11.002116,0.0,0.0,702.0,11.289794,5.0
1.0,sichuan,4.0,56.0,0.0,0.0,0.0,3136.0,0.0,15.0,11.407576,0.0,1.0,702.0,11.407576,5.0
1.0,sichuan,2.0,87.0,0.0,0.0,1.0,7569.0,0.0,6.0,10.645449,0.0,0.0,702.0,10.645449,3.0
1.0,sichuan,4.0,40.0,0.0,0.0,1.0,1600.0,0.0,12.0,10.819798,1.0,0.0,702.0,11.002116,4.0
0.0,sichuan,4.0,87.0,0.0,0.0,0.0,7569.0,1.0,0.0,0.0,1.0,0.0,702.0,10.308986,3.0
1.0,sichuan,3.0,87.0,0.0,0.0,1.0,7569.0,0.0,12.0,7.3138866,1.0,0.0,702.0,8.0067005,4.0
1.0,sichuan,4.0,44.0,0.0,0.0,1.0,1936.0,0.0,6.0,8.2943001,1.0,0.0,702.0,8.2943001,2.0
1.0,sichuan,3.0,19.0,0.0,0.0,0.0,361.0,1.0,16.0,0.0,1.0,0.0,702.0,11.407576,4.0
0.0,sichuan,4.0,68.0,0.0,0.0,0.0,4624.0,1.0,6.0,8.4971943,1.0,0.0,702.0,10.799596,3.0
1.0,sichuan,4.0,72.0,1.9459101,0.0,0.0,5184.0,1.0,0.0,9.8627176,0.0,0.0,702.0,11.002116,3.0
0.0,sichuan,3.0,54.0,0.0,0.0,1.0,2916.0,1.0,6.0,8.5173931,0.0,0.0,702.0,9.2104406,4.0
0.0,sichuan,4.0,43.0,1.9459101,0.0,1.0,1849.0,0.0,15.0,12.206078,1.0,1.0,702.0,11.407576,5.0
0.0,sichuan,5.0,63.0,0.0,0.0,1.0,3969.0,1.0,0.0,6.8035054,1.0,0.0,702.0,9.6158724,2.0
1.0,sichuan,3.0,46.0,1.3862944,0.0,1.0,2116.0,1.0,9.0,9.392745,0.0,0.0,702.0,11.002116,3.0
1.0,sichuan,4.0,45.0,0.0,0.0,1.0,2025.0,1.0,6.0,8.0067005,1.0,0.0,702.0,,2.0
1.0,sichuan,2.0,46.0,0.0,0.0,0.0,2116.0,1.0,9.0,0.0,0.0,0.0,702.0,10.819798,4.0
1.0,sichuan,5.0,67.0,0.0,0.0,0.0,4489.0,0.0,12.0,10.827766,0.0,1.0,702.0,12.338859,4.0
1.0,sichuan,4.0,66.0,0.0,0.0,1.0,4356.0,0.0,6.0,0.0,1.0,0.0,702.0,,3.0
0.0,sichuan,4.0,37.0,1.6094379,0.0,0.0,1369.0,0.0,9.0,10.668979,1.0,0.0,702.0,10.668979,4.0
1.0,sichuan,4.0,56.0,0.0,0.0,1.0,3136.0,0.0,6.0,9.9035378,1.0,0.0,702.0,9.9035378,3.0
1.0,sichuan,3.0,55.0,0.0,0.0,1.0,3025.0,0.0,9.0,7.6014023,0.0,0.0,702.0,7.6014023,2.0
1.0,sichuan,4.0,34.0,0.0,0.0,0.0,1156.0,0.0,9.0,,1.0,0.0,702.0,,5.0
1.0,sichuan,4.0,65.0,0.0,0.0,1.0,4225.0,1.0,9.0,7.3138866,1.0,0.0,702.0,11.512936,4.0
0.0,sichuan,4.0,45.0,0.0,0.0,1.0,2025.0,0.0,9.0,10.59666,0.0,0.0,702.0,10.59666,5.0
1.0,sichuan,4.0,74.0,1.6094379,0.0,0.0,5476.0,0.0,6.0,8.4765797,1.0,0.0,702.0,10.308986,2.0
1.0,sichuan,4.0,40.0,0.0,0.0,1.0,1600.0,0.0,6.0,10.308986,1.0,0.0,702.0,15.771654,5.0
1.0,sichuan,4.0,29.0,0.0,0.0,1.0,841.0,0.0,12.0,11.338584,1.0,0.0,702.0,9.2104406,5.0
1.0,sichuan,4.0,78.0,0.0,0.0,0.0,6084.0,1.0,0.0,6.9087548,1.0,0.0,702.0,9.9035378,3.0
1.0,sichuan,5.0,76.0,0.0,0.0,0.0,5776.0,1.0,12.0,9.9693222,0.0,0.0,702.0,9.2104406,1.0
1.0,sichuan,4.0,38.0,0.0,0.0,1.0,1444.0,0.0,9.0,,1.0,0.0,702.0,10.819798,4.0
1.0,sichuan,4.0,55.0,0.0,0.0,1.0,3025.0,0.0,6.0,9.2104406,0.0,0.0,702.0,10.59666,4.0
0.0,sichuan,4.0,44.0,0.0,0.0,1.0,1936.0,0.0,6.0,9.2104406,1.0,0.0,702.0,9.2104406,3.0
1.0,sichuan,4.0,41.0,0.0,0.0,0.0,1681.0,1.0,9.0,10.308986,1.0,0.0,702.0,9.9035378,5.0
0.0,sichuan,2.0,46.0,2.7725887,0.0,1.0,2116.0,1.0,0.0,9.392745,1.0,0.0,702.0,10.819798,2.0
1.0,sichuan,4.0,69.0,0.0,0.0,1.0,4761.0,0.0,6.0,10.308986,0.0,1.0,702.0,10.819798,2.0
1.0,sichuan,4.0,34.0,0.0,0.0,1.0,1156.0,1.0,9.0,10.819798,0.0,0.0,702.0,,5.0
1.0,sichuan,5.0,30.0,2.3978953,0.0,1.0,900.0,1.0,16.0,11.002116,0.0,1.0,702.0,,5.0
0.0,sichuan,4.0,75.0,0.0,0.0,0.0,5625.0,0.0,0.0,8.0067005,1.0,0.0,702.0,7.6014023,1.0
1.0,sichuan,5.0,45.0,0.0,0.0,1.0,2025.0,1.0,6.0,9.2104406,0.0,0.0,702.0,9.6158724,5.0
0.0,sichuan,4.0,76.0,0.0,0.0,1.0,5776.0,0.0,6.0,8.1608038,1.0,1.0,702.0,8.1608038,4.0
1.0,sichuan,4.0,36.0,0.0,0.0,1.0,1296.0,0.0,9.0,10.308986,1.0,0.0,702.0,10.819798,4.0
0.0,sichuan,4.0,56.0,0.0,0.0,1.0,3136.0,1.0,9.0,7.8244457,1.0,0.0,702.0,8.5173931,2.0
1.0,sichuan,4.0,66.0,0.0,0.0,1.0,4356.0,0.0,9.0,9.2104406,0.0,0.0,702.0,9.2104406,3.0
1.0,sichuan,5.0,59.0,0.0,0.0,0.0,3481.0,1.0,6.0,9.2104406,1.0,0.0,702.0,9.392745,4.0
1.0,sichuan,2.0,53.0,0.0,1.0,1.0,2809.0,1.0,9.0,10.308986,0.0,0.0,702.0,10.819798,3.0
0.0,sichuan,4.0,55.0,0.0,0.0,1.0,3025.0,0.0,6.0,8.2943001,1.0,0.0,702.0,9.2104406,4.0
1.0,sichuan,3.0,48.0,3.4339871,0.0,0.0,2304.0,0.0,15.0,11.289794,0.0,1.0,702.0,11.289794,2.0
1.0,sichuan,4.0,19.0,0.0,0.0,0.0,361.0,0.0,12.0,,1.0,0.0,702.0,11.512936,5.0
1.0,sichuan,4.0,65.0,4.1108737,0.0,0.0,4225.0,0.0,6.0,9.7981825,1.0,0.0,702.0,11.289794,2.0
0.0,sichuan,4.0,54.0,0.0,0.0,1.0,2916.0,0.0,9.0,9.9035378,1.0,0.0,702.0,9.9035378,5.0
1.0,sichuan,4.0,21.0,0.0,0.0,0.0,441.0,0.0,16.0,0.0,0.0,0.0,702.0,,5.0
1.0,sichuan,4.0,37.0,0.0,0.0,1.0,1369.0,1.0,16.0,10.085851,1.0,0.0,702.0,10.778977,4.0
0.0,sichuan,4.0,68.0,0.0,0.0,0.0,4624.0,1.0,0.0,6.9087548,1.0,0.0,702.0,10.59666,3.0
0.0,sichuan,4.0,55.0,0.0,0.0,1.0,3025.0,0.0,6.0,8.8819752,1.0,0.0,702.0,10.126671,4.0
1.0,sichuan,4.0,55.0,0.0,0.0,1.0,3025.0,1.0,15.0,11.512936,0.0,0.0,702.0,11.522885,3.0
0.0,sichuan,2.0,66.0,0.0,0.0,0.0,4356.0,0.0,0.0,8.6996813,1.0,0.0,702.0,8.6996813,3.0
1.0,sichuan,4.0,81.0,0.0,0.0,1.0,6561.0,0.0,15.0,10.819798,0.0,0.0,702.0,11.512936,5.0
1.0,sichuan,5.0,84.0,0.0,0.0,0.0,7056.0,1.0,0.0,9.9035378,0.0,0.0,702.0,9.9035378,3.0
1.0,sichuan,4.0,56.0,0.0,0.0,1.0,3136.0,0.0,12.0,,1.0,0.0,702.0,,4.0
1.0,sichuan,4.0,53.0,0.0,0.0,1.0,2809.0,0.0,16.0,10.819798,0.0,0.0,702.0,11.918397,4.0
1.0,sichuan,3.0,44.0,0.0,0.0,1.0,1936.0,1.0,9.0,9.9035378,1.0,0.0,702.0,10.59666,2.0
1.0,sichuan,4.0,32.0,0.0,0.0,0.0,1024.0,0.0,12.0,11.512936,1.0,0.0,702.0,11.512936,5.0
0.0,sichuan,3.0,63.0,0.0,0.0,1.0,3969.0,1.0,6.0,8.412055,1.0,0.0,702.0,10.819798,3.0
1.0,sichuan,4.0,68.0,0.0,0.0,1.0,4624.0,1.0,6.0,0.0,0.0,0.0,702.0,10.819798,4.0
1.0,sichuan,4.0,56.0,2.3025851,0.0,1.0,3136.0,0.0,9.0,10.308986,1.0,0.0,702.0,11.289794,4.0
1.0,sichuan,3.0,28.0,0.0,0.0,0.0,784.0,0.0,9.0,9.9035378,1.0,0.0,702.0,9.9035378,5.0
0.0,sichuan,4.0,69.0,0.0,0.0,1.0,4761.0,0.0,6.0,7.6014023,1.0,1.0,702.0,11.002116,3.0
1.0,sichuan,4.0,66.0,0.0,0.0,1.0,4356.0,0.0,0.0,8.0067005,1.0,0.0,702.0,9.6158724,3.0
0.0,sichuan,4.0,67.0,1.3862944,0.0,1.0,4489.0,1.0,0.0,7.0483866,1.0,0.0,702.0,7.7410989,2.0
1.0,sichuan,4.0,83.0,0.0,0.0,1.0,6889.0,0.0,6.0,10.034559,0.0,1.0,702.0,10.727685,3.0
0.0,sichuan,2.0,52.0,0.0,0.0,1.0,2704.0,0.0,6.0,9.6158724,1.0,0.0,702.0,9.6158724,4.0
0.0,sichuan,4.0,54.0,0.0,0.0,0.0,2916.0,1.0,12.0,10.308986,1.0,0.0,702.0,10.308986,3.0
1.0,sichuan,5.0,65.0,2.3978953,0.0,1.0,4225.0,1.0,9.0,10.616462,0.0,0.0,702.0,11.309597,4.0
0.0,sichuan,4.0,59.0,0.0,0.0,1.0,3481.0,0.0,6.0,9.9035378,0.0,0.0,702.0,9.9035378,4.0
0.0,sichuan,4.0,74.0,0.0,0.0,0.0,5476.0,1.0,6.0,8.0067005,1.0,0.0,702.0,10.819798,4.0
0.0,sichuan,2.0,71.0,0.0,0.0,1.0,5041.0,1.0,0.0,7.6211953,1.0,0.0,702.0,7.09091,1.0
1.0,sichuan,4.0,65.0,0.0,0.0,1.0,4225.0,1.0,0.0,0.0,1.0,0.0,702.0,10.819798,3.0
1.0,sichuan,4.0,78.0,0.0,0.0,0.0,6084.0,1.0,6.0,9.6158724,1.0,0.0,702.0,9.1050911,3.0
1.0,sichuan,4.0,66.0,0.0,0.0,1.0,4356.0,1.0,6.0,9.392745,1.0,0.0,702.0,10.085851,4.0
1.0,sichuan,4.0,59.0,2.3978953,0.0,0.0,3481.0,0.0,0.0,10.308986,1.0,0.0,702.0,10.308986,4.0
0.0,sichuan,2.0,53.0,0.0,0.0,1.0,2809.0,1.0,0.0,8.0067005,1.0,0.0,702.0,8.9873219,2.0
0.0,sichuan,5.0,77.0,0.0,0.0,1.0,5929.0,0.0,6.0,0.0,1.0,0.0,702.0,11.289794,4.0
0.0,sichuan,4.0,64.0,0.0,0.0,1.0,4096.0,1.0,6.0,6.8926415,1.0,1.0,702.0,9.9035378,2.0
0.0,sichuan,3.0,33.0,0.0,0.0,0.0,1089.0,0.0,12.0,10.491302,1.0,0.0,702.0,11.002116,5.0
0.0,sichuan,4.0,70.0,0.0,0.0,0.0,4900.0,0.0,6.0,8.0067005,1.0,0.0,702.0,8.0067005,3.0
0.0,sichuan,4.0,62.0,0.0,0.0,1.0,3844.0,1.0,0.0,9.9523249,0.0,0.0,702.0,10.659633,4.0
1.0,sichuan,4.0,20.0,3.9318256,0.0,0.0,400.0,1.0,12.0,0.0,0.0,0.0,702.0,10.434145,4.0
1.0,sichuan,4.0,45.0,5.0172796,0.0,1.0,2025.0,1.0,9.0,10.085851,1.0,0.0,702.0,12.736704,4.0
1.0,sichuan,4.0,50.0,0.0,0.0,1.0,2500.0,1.0,9.0,9.2104406,0.0,0.0,702.0,10.819798,5.0
0.0,sichuan,4.0,88.0,0.0,0.0,0.0,7744.0,1.0,0.0,6.9087548,1.0,0.0,702.0,10.308986,4.0
0.0,sichuan,4.0,30.0,0.0,0.0,1.0,900.0,1.0,12.0,9.392745,1.0,0.0,702.0,10.308986,3.0
1.0,sichuan,4.0,25.0,0.0,0.0,1.0,625.0,1.0,12.0,8.8538084,1.0,0.0,702.0,10.308986,3.0
1.0,sichuan,3.0,56.0,1.7917595,0.0,1.0,3136.0,1.0,6.0,8.5173931,0.0,0.0,702.0,9.2104406,3.0
1.0,sichuan,5.0,81.0,0.0,0.0,1.0,6561.0,0.0,6.0,10.457401,0.0,0.0,702.0,10.907807,3.0
0.0,sichuan,3.0,50.0,0.0,0.0,1.0,2500.0,0.0,9.0,8.5173931,1.0,0.0,702.0,8.5173931,2.0
1.0,sichuan,4.0,28.0,0.0,0.0,1.0,784.0,0.0,12.0,10.819798,1.0,0.0,702.0,9.2104406,5.0
1.0,sichuan,4.0,23.0,0.0,0.0,0.0,529.0,0.0,16.0,0.0,0.0,1.0,702.0,,5.0
1.0,sichuan,4.0,31.0,0.0,0.0,1.0,961.0,1.0,12.0,0.0,1.0,0.0,702.0,11.512936,4.0
1.0,sichuan,4.0,63.0,0.0,0.0,1.0,3969.0,1.0,9.0,10.308986,0.0,0.0,702.0,10.491302,4.0
1.0,sichuan,4.0,28.0,2.3978953,0.0,0.0,784.0,0.0,12.0,11.512936,0.0,0.0,702.0,11.512936,3.0
1.0,sichuan,4.0,65.0,0.0,0.0,1.0,4225.0,0.0,6.0,7.3138866,1.0,0.0,702.0,10.491302,3.0
0.0,sichuan,4.0,80.0,0.0,0.0,0.0,6400.0,1.0,0.0,7.3138866,1.0,0.0,702.0,,2.0
1.0,sichuan,5.0,42.0,0.0,0.0,1.0,1764.0,0.0,9.0,11.918397,1.0,0.0,702.0,12.206078,3.0
0.0,sichuan,4.0,48.0,0.0,0.0,1.0,2304.0,0.0,9.0,,1.0,0.0,702.0,11.407576,4.0
0.0,sichuan,4.0,58.0,2.6390574,0.0,1.0,3364.0,0.0,6.0,9.2104406,1.0,0.0,702.0,9.2104406,3.0
0.0,sichuan,2.0,42.0,0.0,0.0,1.0,1764.0,0.0,6.0,6.9087548,1.0,0.0,702.0,9.2104406,3.0
1.0,sichuan,5.0,54.0,0.0,0.0,1.0,2916.0,0.0,15.0,11.289794,0.0,0.0,702.0,11.918397,4.0
1.0,sichuan,4.0,54.0,3.4339871,0.0,1.0,2916.0,1.0,9.0,9.2104406,0.0,0.0,702.0,10.308986,5.0
1.0,sichuan,4.0,70.0,0.0,0.0,1.0,4900.0,1.0,0.0,,1.0,0.0,702.0,9.2104406,4.0
0.0,sichuan,4.0,64.0,0.0,0.0,1.0,4096.0,1.0,0.0,7.6014023,1.0,0.0,702.0,,4.0
1.0,sichuan,4.0,54.0,0.0,0.0,1.0,2916.0,1.0,0.0,0.0,0.0,0.0,702.0,11.156265,5.0
0.0,sichuan,4.0,64.0,0.0,0.0,0.0,4096.0,1.0,6.0,10.59666,1.0,0.0,702.0,10.59666,3.0
1.0,sichuan,2.0,82.0,0.0,0.0,1.0,6724.0,0.0,6.0,8.2943001,1.0,0.0,702.0,8.2943001,1.0
1.0,sichuan,5.0,49.0,0.0,0.0,0.0,2401.0,1.0,9.0,9.1050911,0.0,0.0,702.0,8.9873219,4.0
1.0,sichuan,5.0,31.0,0.0,0.0,1.0,961.0,0.0,15.0,10.915107,0.0,0.0,702.0,11.512936,5.0
1.0,sichuan,4.0,63.0,0.0,0.0,1.0,3969.0,0.0,6.0,10.491302,0.0,0.0,702.0,10.819798,5.0
0.0,sichuan,4.0,64.0,0.0,0.0,1.0,4096.0,0.0,9.0,8.6996813,1.0,0.0,702.0,8.9873219,3.0
1.0,sichuan,4.0,21.0,0.0,0.0,0.0,441.0,0.0,16.0,0.0,1.0,0.0,702.0,10.308986,5.0
1.0,sichuan,4.0,43.0,0.0,0.0,1.0,1849.0,1.0,6.0,9.2104406,1.0,0.0,702.0,9.9035378,2.0
1.0,sichuan,4.0,87.0,3.4339871,0.0,0.0,7569.0,1.0,0.0,10.085851,0.0,0.0,702.0,10.085851,2.0
1.0,sichuan,4.0,42.0,0.0,0.0,1.0,1764.0,1.0,9.0,0.0,1.0,0.0,702.0,,5.0
1.0,sichuan,5.0,33.0,1.7917595,0.0,1.0,1089.0,1.0,9.0,0.0,0.0,0.0,702.0,10.308986,2.0
0.0,sichuan,4.0,58.0,0.0,0.0,1.0,3364.0,0.0,9.0,7.09091,1.0,0.0,702.0,7.6014023,4.0
1.0,sichuan,2.0,40.0,0.0,0.0,1.0,1600.0,0.0,6.0,8.0067005,1.0,0.0,702.0,8.9873219,3.0
1.0,sichuan,4.0,41.0,1.0986123,0.0,1.0,1681.0,1.0,9.0,0.0,1.0,0.0,702.0,11.338584,4.0
0.0,sichuan,5.0,78.0,1.7917595,0.0,1.0,6084.0,0.0,6.0,7.6014023,0.0,0.0,702.0,8.0067005,1.0
1.0,sichuan,4.0,72.0,1.7917595,0.0,0.0,5184.0,1.0,0.0,9.7981825,0.0,0.0,702.0,9.7981825,3.0
1.0,sichuan,2.0,68.0,0.0,0.0,1.0,4624.0,0.0,6.0,10.126671,0.0,0.0,702.0,10.59666,1.0
0.0,sichuan,2.0,50.0,0.0,0.0,1.0,2500.0,1.0,6.0,5.3033047,1.0,0.0,702.0,6.9087548,2.0
1.0,sichuan,4.0,63.0,0.0,0.0,0.0,3969.0,1.0,12.0,10.491302,0.0,0.0,702.0,11.289794,4.0
0.0,sichuan,2.0,50.0,0.0,0.0,1.0,2500.0,1.0,6.0,7.6014023,1.0,0.0,702.0,8.2943001,3.0
1.0,sichuan,3.0,53.0,0.0,0.0,0.0,2809.0,1.0,12.0,9.9035378,0.0,0.0,702.0,9.9035378,3.0
1.0,sichuan,4.0,26.0,0.0,0.0,1.0,676.0,1.0,12.0,10.819798,0.0,0.0,702.0,11.695255,4.0
1.0,sichuan,4.0,38.0,2.3978953,0.0,1.0,1444.0,0.0,16.0,11.289794,0.0,1.0,702.0,11.289794,5.0
1.0,sichuan,4.0,60.0,2.7725887,0.0,0.0,3600.0,0.0,0.0,9.7981825,0.0,0.0,702.0,11.695255,4.0
1.0,sichuan,3.0,53.0,1.7917595,0.0,0.0,2809.0,1.0,9.0,9.7981825,1.0,0.0,702.0,9.7981825,2.0
1.0,sichuan,4.0,37.0,2.3978953,0.0,1.0,1369.0,0.0,9.0,9.2104406,1.0,1.0,702.0,9.2104406,5.0
0.0,sichuan,2.0,56.0,1.9459101,0.0,1.0,3136.0,1.0,0.0,7.6014023,1.0,0.0,702.0,9.2104406,5.0
1.0,sichuan,4.0,67.0,0.0,0.0,1.0,4489.0,0.0,0.0,9.9035378,0.0,0.0,702.0,10.308986,3.0
0.0,sichuan,4.0,55.0,0.69314718,0.0,1.0,3025.0,1.0,0.0,0.0,1.0,0.0,702.0,9.9035378,5.0
0.0,sichuan,4.0,48.0,0.0,0.0,0.0,2304.0,0.0,12.0,10.59666,1.0,0.0,702.0,9.6158724,4.0
0.0,sichuan,3.0,48.0,0.0,0.0,0.0,2304.0,1.0,0.0,8.0712185,1.0,0.0,702.0,9.6158724,4.0
1.0,sichuan,4.0,69.0,1.7917595,0.0,1.0,4761.0,0.0,12.0,10.134639,0.0,1.0,702.0,10.851296,4.0
0.0,sichuan,4.0,43.0,0.0,0.0,1.0,1849.0,1.0,6.0,9.2104406,1.0,0.0,702.0,9.9035378,3.0
1.0,sichuan,4.0,83.0,0.0,0.0,0.0,6889.0,0.0,2.0,8.4765797,1.0,0.0,702.0,8.4765797,4.0
0.0,sichuan,4.0,65.0,0.0,0.0,1.0,4225.0,1.0,0.0,7.3138866,1.0,0.0,702.0,8.0067005,3.0
1.0,sichuan,4.0,52.0,0.0,0.0,0.0,2704.0,0.0,9.0,9.9035378,0.0,0.0,702.0,9.9035378,4.0
1.0,sichuan,4.0,53.0,2.3978953,0.0,1.0,2809.0,0.0,6.0,9.9035378,0.0,0.0,702.0,10.59666,4.0
0.0,sichuan,4.0,33.0,0.0,0.0,1.0,1089.0,1.0,9.0,9.9035378,1.0,0.0,702.0,10.819798,4.0
1.0,sichuan,4.0,75.0,0.0,0.0,1.0,5625.0,1.0,0.0,8.4765797,0.0,0.0,702.0,9.9035378,3.0
0.0,sichuan,3.0,65.0,0.0,0.0,1.0,4225.0,0.0,0.0,8.2943001,1.0,0.0,702.0,8.2943001,5.0
0.0,sichuan,4.0,72.0,1.7917595,0.0,0.0,5184.0,1.0,6.0,8.1889668,1.0,0.0,702.0,8.8819752,4.0
1.0,sichuan,5.0,84.0,0.0,0.0,1.0,7056.0,1.0,0.0,10.4996,0.0,0.0,702.0,11.362114,4.0
0.0,sichuan,3.0,44.0,0.0,0.0,1.0,1936.0,0.0,0.0,7.6014023,1.0,0.0,702.0,8.0067005,4.0
0.0,sichuan,1.0,62.0,0.0,0.0,1.0,3844.0,0.0,6.0,9.6158724,1.0,0.0,702.0,9.6158724,2.0
0.0,sichuan,3.0,84.0,0.0,0.0,0.0,7056.0,1.0,0.0,9.7981825,0.0,0.0,702.0,9.7981825,1.0
0.0,sichuan,1.0,67.0,0.0,0.0,0.0,4489.0,0.0,0.0,9.6158724,1.0,0.0,702.0,9.6158724,5.0
0.0,sichuan,4.0,85.0,0.0,0.0,0.0,7225.0,1.0,0.0,6.9087548,1.0,0.0,702.0,10.819798,3.0
1.0,sichuan,3.0,79.0,0.0,0.0,1.0,6241.0,0.0,12.0,10.819798,0.0,1.0,702.0,11.002116,2.0
0.0,sichuan,2.0,49.0,2.3978953,0.0,0.0,2401.0,0.0,6.0,9.9035378,1.0,0.0,702.0,9.9035378,1.0
1.0,sichuan,3.0,46.0,0.0,0.0,1.0,2116.0,0.0,9.0,11.002116,1.0,0.0,702.0,11.309597,2.0
1.0,sichuan,2.0,68.0,0.0,0.0,0.0,4624.0,0.0,6.0,9.9035378,0.0,0.0,702.0,9.9035378,2.0
1.0,sichuan,4.0,64.0,0.0,0.0,1.0,4096.0,1.0,9.0,9.6158724,1.0,0.0,702.0,10.308986,4.0
1.0,sichuan,4.0,77.0,0.0,0.0,0.0,5929.0,1.0,12.0,9.9035378,0.0,0.0,702.0,11.512936,4.0
0.0,sichuan,5.0,48.0,1.9459101,0.0,1.0,2304.0,0.0,6.0,8.5173931,1.0,0.0,702.0,9.2104406,2.0
1.0,sichuan,4.0,43.0,0.0,0.0,1.0,1849.0,1.0,9.0,10.59666,1.0,0.0,702.0,11.289794,4.0
1.0,sichuan,4.0,68.0,0.0,0.0,0.0,4624.0,0.0,6.0,0.0,1.0,0.0,702.0,,4.0
0.0,sichuan,3.0,49.0,0.0,0.0,1.0,2401.0,0.0,6.0,8.0067005,0.0,0.0,702.0,8.0067005,3.0
0.0,sichuan,4.0,83.0,0.0,0.0,0.0,6889.0,1.0,6.0,9.9465952,1.0,0.0,702.0,9.9465952,2.0
1.0,sichuan,3.0,39.0,0.0,0.0,1.0,1521.0,1.0,6.0,9.9035378,1.0,0.0,702.0,9.9035378,4.0
0.0,sichuan,3.0,56.0,0.0,0.0,0.0,3136.0,1.0,6.0,0.0,1.0,0.0,702.0,0.0,2.0
1.0,sichuan,4.0,46.0,1.3862944,0.0,1.0,2116.0,0.0,9.0,9.2104406,1.0,0.0,702.0,9.2104406,2.0
0.0,sichuan,4.0,72.0,0.0,0.0,0.0,5184.0,0.0,6.0,7.6014023,1.0,0.0,702.0,7.6014023,4.0
1.0,sichuan,4.0,29.0,0.0,0.0,1.0,841.0,0.0,12.0,9.9035378,1.0,0.0,702.0,10.085851,5.0
1.0,sichuan,4.0,47.0,0.0,0.0,1.0,2209.0,1.0,9.0,9.2104406,1.0,0.0,702.0,9.9035378,5.0
0.0,sichuan,4.0,40.0,0.0,0.0,1.0,1600.0,0.0,9.0,9.9035378,1.0,0.0,702.0,10.308986,4.0
1.0,sichuan,4.0,86.0,0.0,0.0,0.0,7396.0,0.0,0.0,0.0,1.0,0.0,702.0,10.819798,3.0
0.0,sichuan,4.0,72.0,0.0,0.0,0.0,5184.0,1.0,0.0,0.0,1.0,0.0,702.0,9.2104406,4.0
1.0,sichuan,4.0,78.0,0.0,0.0,0.0,6084.0,0.0,0.0,10.491302,1.0,0.0,702.0,10.491302,3.0
1.0,sichuan,4.0,42.0,0.0,0.0,1.0,1764.0,0.0,9.0,10.308986,1.0,0.0,702.0,10.308986,4.0
1.0,sichuan,4.0,46.0,0.0,0.0,1.0,2116.0,1.0,9.0,9.9233389,0.0,0.0,702.0,10.491302,4.0
1.0,sichuan,3.0,20.0,0.0,0.0,0.0,400.0,0.0,9.0,,0.0,0.0,702.0,9.9233389,5.0
1.0,sichuan,4.0,25.0,0.0,0.0,1.0,625.0,1.0,12.0,10.308986,1.0,0.0,702.0,11.512936,5.0
1.0,sichuan,3.0,43.0,1.0986123,0.0,1.0,1849.0,1.0,6.0,9.6158724,1.0,0.0,702.0,10.308986,4.0
1.0,sichuan,4.0,46.0,0.0,0.0,1.0,2116.0,0.0,12.0,10.819798,1.0,0.0,702.0,11.002116,5.0
1.0,sichuan,3.0,39.0,0.0,0.0,1.0,1521.0,1.0,9.0,9.2104406,0.0,0.0,702.0,10.434145,2.0
1.0,sichuan,4.0,60.0,0.0,0.0,1.0,3600.0,0.0,12.0,11.002116,0.0,0.0,702.0,11.982935,4.0
0.0,sichuan,4.0,84.0,2.7725887,0.0,0.0,7056.0,1.0,0.0,10.59666,1.0,0.0,702.0,,1.0
0.0,sichuan,3.0,34.0,0.0,0.0,1.0,1156.0,0.0,16.0,10.59666,1.0,0.0,702.0,11.156265,4.0
1.0,sichuan,2.0,63.0,0.0,0.0,1.0,3969.0,1.0,0.0,9.2104406,0.0,0.0,702.0,10.308986,4.0
1.0,sichuan,3.0,54.0,0.0,0.0,1.0,2916.0,0.0,9.0,9.9035378,1.0,0.0,702.0,10.308986,4.0
1.0,sichuan,4.0,55.0,0.0,0.0,1.0,3025.0,1.0,6.0,9.2104406,0.0,0.0,702.0,10.308986,2.0
1.0,sichuan,4.0,31.0,0.0,0.0,0.0,961.0,0.0,9.0,11.002116,0.0,0.0,702.0,11.002116,5.0
0.0,sichuan,4.0,51.0,0.0,0.0,0.0,2601.0,1.0,6.0,,0.0,0.0,702.0,,3.0
1.0,sichuan,5.0,65.0,2.7725887,0.0,1.0,4225.0,0.0,12.0,10.691968,0.0,0.0,702.0,11.385103,5.0
1.0,sichuan,4.0,74.0,0.0,0.0,0.0,5476.0,0.0,6.0,9.5750532,0.0,0.0,702.0,9.5750532,3.0
0.0,sichuan,3.0,55.0,0.0,0.0,0.0,3025.0,0.0,0.0,8.0067005,1.0,0.0,702.0,8.0067005,4.0
1.0,sichuan,4.0,82.0,0.0,0.0,0.0,6724.0,1.0,0.0,6.8035054,1.0,0.0,702.0,10.308986,4.0
0.0,sichuan,4.0,73.0,0.0,0.0,1.0,5329.0,0.0,6.0,8.5173931,1.0,0.0,702.0,8.5173931,3.0
0.0,sichuan,5.0,54.0,0.0,0.0,0.0,2916.0,1.0,6.0,6.9087548,1.0,0.0,702.0,11.002116,3.0
0.0,sichuan,2.0,44.0,0.0,0.0,1.0,1936.0,0.0,0.0,6.2166061,1.0,0.0,702.0,6.9087548,4.0
0.0,sichuan,3.0,55.0,2.3025851,0.0,1.0,3025.0,1.0,9.0,0.0,0.0,0.0,702.0,10.308986,4.0
0.0,sichuan,3.0,87.0,0.0,0.0,0.0,7569.0,1.0,0.0,8.2943001,0.0,0.0,702.0,8.2943001,2.0
1.0,sichuan,4.0,67.0,1.3862944,0.0,0.0,4489.0,0.0,6.0,7.09091,1.0,0.0,702.0,,2.0
1.0,sichuan,3.0,63.0,0.0,0.0,0.0,3969.0,0.0,6.0,10.308986,0.0,0.0,702.0,10.308986,4.0
0.0,sichuan,5.0,52.0,0.0,0.0,1.0,2704.0,0.0,6.0,9.392745,1.0,0.0,702.0,9.6158724,5.0
0.0,sichuan,4.0,22.0,0.0,0.0,0.0,484.0,0.0,16.0,9.2104406,1.0,0.0,702.0,10.308986,4.0
0.0,sichuan,4.0,49.0,1.3862944,0.0,1.0,2401.0,1.0,6.0,6.2166061,1.0,0.0,702.0,10.491302,1.0
0.0,sichuan,4.0,73.0,0.0,0.0,1.0,5329.0,1.0,6.0,0.0,1.0,0.0,702.0,0.0,4.0
0.0,sichuan,4.0,65.0,0.0,0.0,0.0,4225.0,1.0,0.0,9.392745,1.0,0.0,702.0,9.8363323,4.0
1.0,sichuan,4.0,39.0,0.0,0.0,1.0,1521.0,0.0,12.0,10.819798,1.0,0.0,702.0,10.819798,5.0
1.0,sichuan,4.0,19.0,4.2626801,0.0,0.0,361.0,0.0,12.0,0.0,0.0,0.0,702.0,,4.0
1.0,sichuan,4.0,73.0,2.3978953,0.0,1.0,5329.0,1.0,6.0,10.645449,0.0,0.0,702.0,11.338584,3.0
1.0,sichuan,5.0,65.0,0.0,0.0,1.0,4225.0,0.0,12.0,10.819798,0.0,1.0,702.0,11.002116,5.0
1.0,sichuan,4.0,37.0,0.0,0.0,1.0,1369.0,1.0,9.0,10.819798,1.0,0.0,702.0,10.819798,4.0
1.0,sichuan,2.0,33.0,0.0,0.0,0.0,1089.0,0.0,9.0,0.0,0.0,0.0,702.0,9.9035378,5.0
1.0,sichuan,4.0,49.0,0.0,0.0,0.0,2401.0,0.0,0.0,,0.0,0.0,702.0,,5.0
1.0,sichuan,4.0,66.0,0.0,0.0,1.0,4356.0,1.0,0.0,7.6014023,1.0,0.0,702.0,10.819798,4.0
0.0,sichuan,5.0,56.0,0.0,0.0,1.0,3136.0,1.0,6.0,,1.0,0.0,702.0,11.002116,5.0
0.0,sichuan,4.0,74.0,0.0,0.0,0.0,5476.0,1.0,6.0,9.2104406,0.0,0.0,702.0,10.59666,4.0
0.0,sichuan,3.0,25.0,0.0,0.0,0.0,625.0,0.0,12.0,8.5173931,1.0,0.0,702.0,8.9873219,4.0
1.0,sichuan,4.0,46.0,0.0,0.0,1.0,2116.0,0.0,9.0,9.7981825,1.0,0.0,702.0,9.392745,5.0
0.0,sichuan,4.0,82.0,0.0,0.0,1.0,6724.0,0.0,6.0,0.0,1.0,0.0,702.0,9.2104406,2.0
1.0,sichuan,4.0,54.0,0.0,0.0,1.0,2916.0,1.0,0.0,0.0,1.0,0.0,702.0,9.6158724,4.0
0.0,sichuan,5.0,65.0,0.0,0.0,1.0,4225.0,0.0,6.0,7.3138866,1.0,0.0,702.0,8.0067005,4.0
1.0,sichuan,4.0,63.0,0.0,0.0,0.0,3969.0,1.0,12.0,10.59666,1.0,0.0,702.0,10.59666,3.0
1.0,sichuan,3.0,28.0,0.0,0.0,0.0,784.0,0.0,16.0,10.819798,0.0,0.0,702.0,,5.0
0.0,sichuan,5.0,29.0,1.3862944,0.0,1.0,841.0,1.0,12.0,9.2104406,1.0,0.0,702.0,10.308986,5.0
1.0,sichuan,4.0,80.0,0.0,0.0,0.0,6400.0,1.0,0.0,9.9035378,0.0,0.0,702.0,10.819798,4.0
1.0,sichuan,3.0,51.0,1.6094379,0.0,1.0,2601.0,1.0,9.0,8.6996813,1.0,0.0,702.0,9.2104406,3.0
0.0,sichuan,3.0,65.0,0.0,0.0,1.0,4225.0,1.0,0.0,0.0,1.0,0.0,702.0,9.9035378,1.0
1.0,sichuan,4.0,80.0,0.0,0.0,0.0,6400.0,1.0,0.0,9.9988432,0.0,0.0,702.0,11.407576,2.0
1.0,sichuan,3.0,58.0,0.0,0.0,0.0,3364.0,1.0,9.0,10.308986,0.0,0.0,702.0,10.308986,3.0
1.0,sichuan,4.0,23.0,0.0,0.0,0.0,529.0,1.0,15.0,10.308986,1.0,0.0,702.0,11.512936,4.0
0.0,sichuan,4.0,75.0,0.0,0.0,0.0,5625.0,1.0,0.0,10.819798,1.0,0.0,702.0,8.5173931,3.0
0.0,sichuan,5.0,72.0,2.3978953,0.0,1.0,5184.0,1.0,0.0,6.9087548,1.0,0.0,702.0,7.6014023,2.0
1.0,sichuan,2.0,36.0,0.0,0.0,0.0,1296.0,0.0,9.0,0.0,0.0,0.0,702.0,11.002116,1.0
1.0,sichuan,4.0,50.0,0.0,0.0,1.0,2500.0,1.0,6.0,7.6014023,0.0,0.0,702.0,10.308986,3.0
0.0,sichuan,4.0,86.0,0.0,0.0,0.0,7396.0,1.0,0.0,0.0,0.0,0.0,702.0,,2.0
1.0,sichuan,5.0,43.0,0.0,0.0,1.0,1849.0,1.0,15.0,12.847929,0.0,0.0,702.0,12.899222,5.0
1.0,sichuan,3.0,42.0,0.0,0.0,0.0,1764.0,0.0,6.0,8.5173931,0.0,0.0,702.0,11.512936,3.0
1.0,sichuan,4.0,60.0,0.0,0.0,1.0,3600.0,1.0,6.0,10.328788,0.0,0.0,702.0,11.134895,4.0
1.0,sichuan,5.0,68.0,0.0,0.0,0.0,4624.0,0.0,9.0,11.918397,0.0,1.0,702.0,12.206078,2.0
0.0,sichuan,4.0,24.0,0.0,0.0,1.0,576.0,1.0,12.0,0.0,1.0,0.0,702.0,10.308986,5.0
1.0,sichuan,4.0,55.0,0.0,0.0,1.0,3025.0,1.0,9.0,0.0,1.0,0.0,702.0,11.407576,4.0
0.0,sichuan,4.0,66.0,1.3862944,0.0,1.0,4356.0,1.0,0.0,0.0,1.0,0.0,702.0,8.412055,2.0
0.0,sichuan,3.0,46.0,0.0,0.0,1.0,2116.0,1.0,6.0,9.2104406,1.0,0.0,702.0,9.9035378,4.0
1.0,sichuan,4.0,81.0,0.0,0.0,0.0,6561.0,0.0,0.0,,1.0,0.0,702.0,,3.0
0.0,sichuan,4.0,75.0,0.0,0.0,1.0,5625.0,1.0,9.0,6.9087548,1.0,0.0,702.0,7.6014023,3.0
1.0,sichuan,4.0,76.0,0.0,0.0,0.0,5776.0,0.0,0.0,10.126671,0.0,0.0,702.0,10.819798,1.0
1.0,sichuan,4.0,24.0,2.7725887,0.0,0.0,576.0,0.0,0.0,,1.0,0.0,702.0,,5.0
1.0,sichuan,4.0,86.0,0.0,0.0,1.0,7396.0,0.0,0.0,12.899222,0.0,1.0,702.0,11.407576,2.0
0.0,sichuan,2.0,49.0,0.0,0.0,0.0,2401.0,1.0,6.0,8.2943001,1.0,0.0,702.0,11.082158,2.0
0.0,sichuan,3.0,74.0,0.0,0.0,0.0,5476.0,1.0,0.0,8.5173931,1.0,0.0,702.0,10.308986,2.0
1.0,sichuan,4.0,55.0,0.0,0.0,1.0,3025.0,0.0,9.0,0.0,0.0,1.0,702.0,9.9035378,5.0
0.0,sichuan,4.0,61.0,0.0,0.0,1.0,3721.0,1.0,0.0,0.0,1.0,0.0,702.0,,4.0
0.0,sichuan,4.0,54.0,0.0,0.0,0.0,2916.0,1.0,9.0,8.2943001,1.0,0.0,702.0,,2.0
1.0,sichuan,4.0,58.0,0.0,0.0,1.0,3364.0,1.0,16.0,11.407576,0.0,1.0,702.0,12.206078,4.0
0.0,sichuan,4.0,63.0,0.0,0.0,1.0,3969.0,1.0,0.0,6.9087548,1.0,0.0,702.0,8.0067005,4.0
1.0,sichuan,2.0,76.0,0.0,0.0,1.0,5776.0,0.0,6.0,10.491302,0.0,0.0,702.0,10.491302,2.0
1.0,sichuan,4.0,65.0,0.0,0.0,1.0,4225.0,1.0,6.0,9.6158724,0.0,0.0,702.0,10.308986,3.0
0.0,sichuan,3.0,45.0,0.0,0.0,1.0,2025.0,1.0,9.0,7.6014023,1.0,0.0,702.0,9.9035378,3.0
1.0,sichuan,4.0,89.0,0.0,0.0,0.0,7921.0,1.0,6.0,0.0,0.0,0.0,702.0,10.819798,2.0
0.0,sichuan,5.0,66.0,0.0,0.0,1.0,4356.0,0.0,6.0,0.0,1.0,0.0,702.0,0.0,4.0
1.0,sichuan,3.0,25.0,1.3862944,0.0,0.0,625.0,0.0,9.0,0.0,0.0,0.0,702.0,10.59666,4.0
0.0,sichuan,4.0,57.0,0.0,0.0,1.0,3249.0,1.0,12.0,8.2943001,1.0,1.0,702.0,10.308986,1.0
0.0,sichuan,2.0,54.0,2.7725887,0.0,0.0,2916.0,0.0,9.0,9.9035378,0.0,0.0,702.0,9.9035378,4.0
1.0,sichuan,4.0,59.0,2.3978953,0.0,0.0,3481.0,0.0,6.0,9.9035378,0.0,0.0,702.0,11.156265,3.0
1.0,sichuan,4.0,82.0,0.0,0.0,0.0,6724.0,1.0,6.0,10.085851,0.0,0.0,702.0,11.289794,3.0
1.0,sichuan,4.0,45.0,0.0,0.0,1.0,2025.0,1.0,12.0,10.308986,0.0,0.0,702.0,10.59666,5.0
1.0,sichuan,5.0,54.0,0.0,0.0,1.0,2916.0,1.0,6.0,8.0067005,1.0,0.0,702.0,10.308986,3.0
1.0,sichuan,5.0,38.0,0.0,0.0,1.0,1444.0,1.0,15.0,10.308986,0.0,0.0,702.0,11.289794,5.0
0.0,sichuan,4.0,54.0,0.0,0.0,1.0,2916.0,0.0,0.0,8.5173931,1.0,0.0,702.0,9.9035378,4.0
1.0,sichuan,3.0,52.0,2.3978953,1.0,1.0,2704.0,1.0,12.0,9.6158724,0.0,0.0,702.0,9.9035378,3.0
0.0,sichuan,4.0,71.0,1.7917595,0.0,1.0,5041.0,1.0,6.0,6.9087548,0.0,0.0,702.0,,1.0
1.0,sichuan,3.0,41.0,0.0,0.0,1.0,1681.0,1.0,6.0,9.9035378,1.0,0.0,702.0,9.9035378,2.0
1.0,sichuan,5.0,77.0,0.0,0.0,0.0,5929.0,1.0,9.0,9.2104406,0.0,0.0,702.0,9.2104406,3.0
1.0,sichuan,2.0,66.0,0.0,0.0,1.0,4356.0,1.0,6.0,6.9087548,1.0,0.0,702.0,8.2943001,2.0
0.0,sichuan,4.0,66.0,0.0,0.0,0.0,4356.0,1.0,0.0,8.0067005,1.0,0.0,702.0,8.0067005,3.0
1.0,sichuan,3.0,65.0,0.0,0.0,1.0,4225.0,0.0,6.0,8.2943001,0.0,0.0,702.0,,4.0
1.0,sichuan,4.0,58.0,1.3862944,0.0,0.0,3364.0,1.0,6.0,9.1050911,1.0,0.0,702.0,10.59666,4.0
0.0,sichuan,3.0,78.0,0.0,0.0,1.0,6084.0,0.0,0.0,0.0,1.0,0.0,702.0,8.8538084,1.0
1.0,sichuan,4.0,30.0,0.0,0.0,1.0,900.0,1.0,9.0,0.0,1.0,0.0,702.0,10.308986,4.0
0.0,sichuan,4.0,59.0,0.0,0.0,1.0,3481.0,1.0,6.0,7.8244457,0.0,0.0,702.0,9.9035378,2.0
1.0,sichuan,4.0,73.0,0.0,0.0,1.0,5329.0,1.0,9.0,6.9087548,1.0,0.0,702.0,10.819798,2.0
0.0,sichuan,3.0,77.0,0.0,0.0,1.0,5929.0,1.0,0.0,0.0,1.0,0.0,702.0,,1.0
1.0,sichuan,4.0,54.0,0.0,0.0,1.0,2916.0,0.0,0.0,0.0,0.0,0.0,702.0,10.308986,4.0
1.0,sichuan,4.0,66.0,0.0,0.0,0.0,4356.0,1.0,0.0,7.6014023,1.0,0.0,702.0,,3.0
0.0,sichuan,4.0,52.0,2.3025851,0.0,1.0,2704.0,1.0,9.0,9.5750532,0.0,0.0,702.0,10.463132,3.0
0.0,sichuan,4.0,52.0,0.0,0.0,0.0,2704.0,1.0,9.0,8.0067005,1.0,0.0,702.0,8.6996813,2.0
1.0,sichuan,4.0,73.0,2.3978953,0.0,1.0,5329.0,0.0,15.0,10.819798,0.0,1.0,702.0,11.156265,4.0
0.0,sichuan,3.0,52.0,0.0,0.0,1.0,2704.0,1.0,9.0,8.5173931,0.0,0.0,702.0,10.308986,4.0
0.0,sichuan,4.0,72.0,0.0,0.0,0.0,5184.0,0.0,6.0,8.0067005,1.0,0.0,702.0,8.9873219,3.0
1.0,sichuan,4.0,54.0,2.5649493,0.0,1.0,2916.0,0.0,9.0,10.308986,0.0,0.0,702.0,10.819798,5.0
0.0,sichuan,3.0,75.0,0.0,0.0,0.0,5625.0,0.0,0.0,6.9087548,1.0,0.0,702.0,6.9087548,1.0
1.0,sichuan,4.0,57.0,0.0,0.0,1.0,3249.0,0.0,6.0,11.512936,1.0,0.0,702.0,12.206078,3.0
1.0,sichuan,4.0,25.0,0.0,0.0,1.0,625.0,1.0,12.0,9.6158724,1.0,0.0,702.0,9.9035378,4.0
1.0,sichuan,5.0,26.0,0.0,0.0,0.0,676.0,0.0,0.0,9.6804066,1.0,0.0,702.0,10.308986,5.0
1.0,sichuan,4.0,50.0,0.0,0.0,1.0,2500.0,1.0,12.0,9.9035378,0.0,0.0,702.0,10.59666,5.0
1.0,sichuan,2.0,82.0,0.0,0.0,0.0,6724.0,1.0,0.0,8.4765797,1.0,0.0,702.0,8.4765797,3.0
1.0,sichuan,4.0,70.0,1.7917595,0.0,1.0,4900.0,0.0,6.0,9.4727812,1.0,1.0,702.0,10.518701,4.0
0.0,sichuan,2.0,86.0,2.7725887,0.0,0.0,7396.0,1.0,0.0,0.0,1.0,0.0,702.0,,2.0
1.0,sichuan,2.0,71.0,2.3025851,0.0,0.0,5041.0,1.0,6.0,9.7291937,1.0,0.0,702.0,9.7291937,2.0
1.0,sichuan,4.0,82.0,0.0,0.0,0.0,6724.0,1.0,0.0,9.2104406,0.0,0.0,702.0,,1.0
1.0,sichuan,5.0,62.0,1.3862944,0.0,0.0,3844.0,1.0,0.0,7.09091,1.0,0.0,702.0,10.308986,2.0
1.0,sichuan,3.0,74.0,0.0,0.0,1.0,5476.0,0.0,6.0,8.8538084,0.0,0.0,702.0,8.8538084,4.0
1.0,sichuan,4.0,37.0,0.0,0.0,0.0,1369.0,0.0,9.0,9.1696224,1.0,0.0,702.0,9.1696224,5.0
0.0,sichuan,3.0,45.0,0.0,0.0,1.0,2025.0,1.0,9.0,6.2166061,1.0,0.0,702.0,8.0067005,2.0
0.0,sichuan,4.0,55.0,0.0,0.0,1.0,3025.0,1.0,6.0,0.0,1.0,0.0,702.0,8.9873219,3.0
1.0,sichuan,5.0,83.0,0.0,1.0,1.0,6889.0,0.0,16.0,11.695255,0.0,1.0,702.0,11.695255,4.0
1.0,sichuan,5.0,26.0,0.0,0.0,1.0,676.0,1.0,9.0,9.2104406,1.0,0.0,702.0,10.59666,4.0
0.0,sichuan,4.0,67.0,1.0986123,0.0,0.0,4489.0,1.0,0.0,9.2104406,1.0,0.0,702.0,8.0067005,5.0
1.0,sichuan,4.0,29.0,0.0,0.0,1.0,841.0,1.0,16.0,10.819798,0.0,0.0,702.0,11.982935,4.0
1.0,sichuan,2.0,45.0,0.0,0.0,1.0,2025.0,0.0,12.0,10.308986,0.0,0.0,702.0,10.59666,4.0
1.0,sichuan,4.0,44.0,0.0,0.0,1.0,1936.0,1.0,9.0,9.9035378,1.0,0.0,702.0,9.9035378,4.0
1.0,sichuan,2.0,28.0,0.0,0.0,1.0,784.0,1.0,12.0,0.0,1.0,0.0,702.0,9.2104406,5.0
1.0,sichuan,4.0,38.0,3.4339871,0.0,1.0,1444.0,0.0,9.0,10.308986,1.0,0.0,702.0,10.819798,4.0
0.0,sichuan,4.0,52.0,0.0,0.0,1.0,2704.0,0.0,9.0,8.1889668,1.0,0.0,702.0,9.5468836,3.0
1.0,sichuan,4.0,26.0,0.0,0.0,0.0,676.0,1.0,0.0,9.2104406,1.0,0.0,702.0,9.2104406,4.0
1.0,sichuan,4.0,54.0,0.0,0.0,1.0,2916.0,1.0,9.0,6.9087548,1.0,0.0,702.0,8.5173931,4.0
1.0,sichuan,5.0,66.0,0.0,0.0,1.0,4356.0,0.0,6.0,10.308986,0.0,0.0,702.0,10.463132,4.0
1.0,sichuan,4.0,29.0,0.69314718,0.0,1.0,841.0,1.0,15.0,0.0,1.0,0.0,702.0,10.819798,4.0
1.0,sichuan,4.0,75.0,0.0,0.0,0.0,5625.0,1.0,2.0,8.9873219,1.0,0.0,702.0,10.404293,4.0
0.0,sichuan,2.0,85.0,0.0,0.0,0.0,7225.0,0.0,2.0,0.0,1.0,0.0,702.0,8.0067005,2.0
0.0,sichuan,4.0,55.0,0.0,0.0,1.0,3025.0,0.0,9.0,8.5173931,1.0,0.0,702.0,9.6158724,3.0
1.0,sichuan,4.0,69.0,0.0,0.0,0.0,4761.0,1.0,6.0,0.0,1.0,0.0,702.0,11.512936,2.0
0.0,sichuan,4.0,55.0,0.0,0.0,0.0,3025.0,1.0,6.0,9.2104406,1.0,0.0,702.0,9.2104406,3.0
1.0,sichuan,4.0,46.0,0.0,0.0,1.0,2116.0,0.0,12.0,10.308986,0.0,0.0,702.0,11.156265,2.0
1.0,sichuan,4.0,63.0,0.0,0.0,1.0,3969.0,1.0,0.0,9.2104406,1.0,0.0,702.0,9.2104406,3.0
0.0,sichuan,4.0,64.0,0.0,0.0,1.0,4096.0,0.0,12.0,8.5173931,1.0,0.0,702.0,9.9035378,3.0
0.0,sichuan,4.0,39.0,3.0445225,0.0,1.0,1521.0,0.0,12.0,10.819798,1.0,0.0,702.0,11.289794,4.0
1.0,sichuan,4.0,49.0,0.0,0.0,1.0,2401.0,0.0,9.0,9.2104406,1.0,0.0,702.0,11.407576,5.0
1.0,sichuan,4.0,32.0,0.0,0.0,1.0,1024.0,1.0,15.0,,1.0,0.0,702.0,10.819798,5.0
0.0,sichuan,5.0,26.0,0.0,0.0,1.0,676.0,1.0,15.0,11.512936,1.0,0.0,702.0,11.918397,5.0
1.0,sichuan,3.0,53.0,0.0,0.0,1.0,2809.0,1.0,6.0,9.9035378,0.0,0.0,702.0,10.819798,4.0
1.0,sichuan,4.0,44.0,0.0,0.0,1.0,1936.0,0.0,9.0,11.512936,0.0,0.0,702.0,11.695255,4.0
1.0,sichuan,3.0,32.0,2.3978953,0.0,1.0,1024.0,1.0,12.0,9.9035378,0.0,0.0,702.0,10.59666,3.0
1.0,sichuan,4.0,43.0,0.0,0.0,1.0,1849.0,1.0,9.0,9.392745,0.0,0.0,702.0,10.308986,4.0
1.0,sichuan,4.0,53.0,4.7957907,0.0,0.0,2809.0,0.0,12.0,11.289794,0.0,1.0,702.0,11.289794,4.0
1.0,sichuan,4.0,43.0,0.0,0.0,1.0,1849.0,0.0,9.0,10.819798,0.0,0.0,702.0,10.819798,5.0
1.0,sichuan,3.0,37.0,3.4339871,0.0,0.0,1369.0,1.0,16.0,11.002116,0.0,1.0,702.0,11.695255,3.0
0.0,sichuan,3.0,53.0,0.0,0.0,0.0,2809.0,0.0,9.0,7.7836404,0.0,0.0,702.0,7.7836404,4.0
1.0,sichuan,4.0,68.0,2.3978953,0.0,1.0,4624.0,0.0,0.0,9.9035378,1.0,0.0,702.0,10.819798,5.0
0.0,sichuan,4.0,53.0,0.0,0.0,1.0,2809.0,0.0,0.0,6.9087548,1.0,0.0,702.0,6.9087548,3.0
0.0,sichuan,4.0,61.0,0.0,0.0,1.0,3721.0,0.0,6.0,9.392745,0.0,0.0,702.0,10.778977,5.0
0.0,sichuan,4.0,67.0,1.0986123,0.0,1.0,4489.0,0.0,0.0,8.0067005,1.0,0.0,702.0,8.0067005,4.0
0.0,sichuan,4.0,68.0,0.0,0.0,0.0,4624.0,1.0,0.0,7.0396605,1.0,0.0,702.0,,4.0
0.0,sichuan,4.0,49.0,1.0986123,0.0,1.0,2401.0,0.0,6.0,9.9035378,1.0,0.0,702.0,10.126671,4.0
0.0,sichuan,4.0,52.0,0.0,0.0,1.0,2704.0,1.0,0.0,8.2943001,1.0,0.0,702.0,9.2104406,3.0
1.0,sichuan,4.0,20.0,3.9318256,0.0,0.0,400.0,0.0,16.0,0.0,1.0,1.0,702.0,11.512936,5.0
0.0,sichuan,4.0,55.0,0.0,0.0,1.0,3025.0,0.0,6.0,8.5173931,1.0,0.0,702.0,8.8538084,2.0
0.0,sichuan,4.0,75.0,0.0,0.0,0.0,5625.0,1.0,16.0,9.2104406,0.0,1.0,702.0,,3.0
1.0,sichuan,4.0,90.0,1.3862944,0.0,1.0,8100.0,0.0,2.0,10.645449,0.0,1.0,702.0,10.998777,3.0
1.0,sichuan,3.0,76.0,0.0,0.0,0.0,5776.0,1.0,0.0,7.3907986,1.0,0.0,702.0,,3.0
1.0,sichuan,4.0,37.0,0.0,0.0,1.0,1369.0,0.0,9.0,7.6014023,1.0,0.0,702.0,10.308986,5.0
1.0,sichuan,5.0,75.0,0.0,0.0,0.0,5625.0,1.0,12.0,10.268166,0.0,0.0,702.0,10.268166,3.0
0.0,sichuan,3.0,68.0,0.0,0.0,0.0,4624.0,1.0,9.0,8.0067005,1.0,0.0,702.0,9.6158724,2.0
0.0,sichuan,4.0,70.0,0.0,0.0,1.0,4900.0,0.0,6.0,15.424949,1.0,0.0,702.0,11.156265,3.0
0.0,sichuan,4.0,43.0,0.0,0.0,0.0,1849.0,1.0,0.0,0.0,1.0,0.0,702.0,9.2104406,4.0
1.0,sichuan,4.0,37.0,0.0,0.0,1.0,1369.0,1.0,15.0,10.308986,0.0,1.0,702.0,11.289794,5.0
1.0,sichuan,4.0,50.0,0.0,0.0,1.0,2500.0,0.0,16.0,11.002116,0.0,1.0,702.0,11.512936,2.0
0.0,sichuan,2.0,58.0,3.0445225,0.0,1.0,3364.0,0.0,0.0,8.6996813,1.0,0.0,702.0,9.2104406,4.0
1.0,sichuan,5.0,75.0,0.0,0.0,1.0,5625.0,0.0,9.0,10.851296,0.0,1.0,702.0,10.851296,1.0
1.0,sichuan,3.0,41.0,0.0,0.0,1.0,1681.0,0.0,6.0,7.6014023,1.0,0.0,702.0,8.0067005,1.0
0.0,sichuan,4.0,66.0,0.0,0.0,1.0,4356.0,1.0,6.0,6.9087548,1.0,0.0,702.0,7.9377317,4.0
1.0,sichuan,4.0,32.0,2.0794415,0.0,1.0,1024.0,1.0,9.0,6.9087548,1.0,0.0,702.0,10.308986,4.0
1.0,sichuan,4.0,71.0,0.0,0.0,1.0,5041.0,0.0,9.0,9.9035378,1.0,0.0,702.0,10.59666,4.0
0.0,sichuan,3.0,66.0,0.0,0.0,1.0,4356.0,0.0,9.0,7.6014023,1.0,0.0,702.0,7.6014023,2.0
1.0,sichuan,5.0,19.0,0.0,0.0,0.0,361.0,1.0,12.0,0.0,1.0,0.0,702.0,11.512936,5.0
1.0,sichuan,4.0,65.0,0.0,0.0,0.0,4225.0,1.0,0.0,,1.0,0.0,702.0,,2.0
0.0,sichuan,4.0,50.0,0.0,0.0,0.0,2500.0,0.0,12.0,11.695255,1.0,0.0,702.0,11.695255,5.0
0.0,sichuan,3.0,53.0,0.0,0.0,1.0,2809.0,0.0,0.0,7.6014023,1.0,0.0,702.0,7.6014023,2.0
1.0,sichuan,3.0,61.0,0.0,0.0,1.0,3721.0,0.0,6.0,9.9035378,0.0,0.0,702.0,10.308986,3.0
1.0,sichuan,4.0,66.0,2.3978953,0.0,1.0,4356.0,0.0,6.0,9.9035378,0.0,0.0,702.0,9.6804066,4.0
1.0,sichuan,4.0,22.0,1.7917595,0.0,0.0,484.0,0.0,15.0,0.0,0.0,0.0,702.0,8.5173931,5.0
1.0,sichuan,5.0,43.0,0.0,0.0,1.0,1849.0,0.0,9.0,10.308986,1.0,0.0,702.0,11.002116,5.0
0.0,sichuan,4.0,48.0,0.0,0.0,1.0,2304.0,1.0,6.0,0.0,0.0,0.0,702.0,10.819798,3.0
1.0,sichuan,3.0,33.0,0.0,0.0,1.0,1089.0,0.0,12.0,10.308986,0.0,0.0,702.0,10.308986,3.0
0.0,sichuan,4.0,53.0,0.0,0.0,1.0,2809.0,1.0,0.0,0.0,1.0,0.0,702.0,8.5173931,3.0
0.0,sichuan,4.0,45.0,0.0,0.0,1.0,2025.0,1.0,9.0,10.308986,1.0,0.0,702.0,11.289794,4.0
0.0,sichuan,3.0,28.0,0.0,0.0,0.0,784.0,0.0,12.0,10.491302,1.0,0.0,702.0,10.59666,4.0
0.0,sichuan,3.0,43.0,0.0,0.0,1.0,1849.0,0.0,9.0,8.0067005,1.0,0.0,702.0,8.0067005,3.0
1.0,sichuan,5.0,62.0,0.0,0.0,1.0,3844.0,0.0,9.0,9.6158724,1.0,0.0,702.0,9.2104406,2.0
0.0,sichuan,4.0,72.0,0.0,0.0,0.0,5184.0,0.0,9.0,8.0067005,1.0,0.0,702.0,9.6158724,4.0
0.0,sichuan,3.0,52.0,0.0,0.0,1.0,2704.0,0.0,0.0,8.6996813,1.0,0.0,702.0,8.0067005,4.0
1.0,sichuan,4.0,69.0,2.0794415,0.0,1.0,4761.0,1.0,6.0,9.7291937,1.0,0.0,702.0,10.819798,2.0
0.0,sichuan,4.0,73.0,0.0,0.0,0.0,5329.0,0.0,6.0,8.0067005,1.0,0.0,702.0,0.0,4.0
1.0,sichuan,5.0,75.0,0.0,0.0,0.0,5625.0,1.0,6.0,6.2166061,1.0,0.0,702.0,11.002116,3.0
0.0,sichuan,4.0,51.0,0.0,0.0,1.0,2601.0,0.0,6.0,8.5173931,1.0,0.0,702.0,9.2104406,3.0
1.0,sichuan,5.0,48.0,0.0,0.0,1.0,2304.0,1.0,9.0,0.0,0.0,0.0,702.0,10.819798,2.0
0.0,sichuan,5.0,54.0,1.7917595,0.0,1.0,2916.0,1.0,6.0,8.9873219,1.0,0.0,702.0,8.6996813,4.0
1.0,sichuan,4.0,43.0,3.0445225,0.0,0.0,1849.0,0.0,12.0,10.819798,1.0,0.0,702.0,11.512936,4.0
0.0,sichuan,3.0,64.0,0.0,0.0,1.0,4096.0,1.0,0.0,8.5173931,1.0,0.0,702.0,8.2943001,3.0
0.0,sichuan,4.0,58.0,0.0,0.0,1.0,3364.0,1.0,6.0,7.6014023,1.0,0.0,702.0,9.9035378,3.0
1.0,sichuan,3.0,53.0,0.0,0.0,0.0,2809.0,1.0,9.0,8.6996813,0.0,0.0,702.0,9.9035378,2.0
1.0,sichuan,2.0,60.0,0.0,0.0,1.0,3600.0,1.0,6.0,9.9035378,0.0,0.0,702.0,10.308986,4.0
0.0,sichuan,4.0,84.0,0.0,0.0,1.0,7056.0,0.0,0.0,7.8244457,1.0,0.0,702.0,7.8244457,3.0
0.0,sichuan,4.0,43.0,3.0445225,0.0,0.0,1849.0,1.0,9.0,0.0,0.0,0.0,702.0,11.002116,4.0
0.0,sichuan,4.0,50.0,0.0,1.0,1.0,2500.0,1.0,6.0,9.2104406,0.0,0.0,702.0,10.819798,3.0
0.0,sichuan,3.0,70.0,0.0,0.0,0.0,4900.0,0.0,0.0,7.4960976,1.0,0.0,702.0,,2.0
1.0,sichuan,4.0,62.0,0.0,0.0,1.0,3844.0,0.0,12.0,6.9087548,1.0,0.0,702.0,9.6158724,3.0
1.0,sichuan,3.0,28.0,0.0,0.0,0.0,784.0,0.0,16.0,10.59666,0.0,0.0,702.0,,2.0
0.0,sichuan,5.0,70.0,0.0,0.0,0.0,4900.0,0.0,9.0,8.2943001,1.0,1.0,702.0,10.085851,3.0
0.0,sichuan,4.0,70.0,0.0,0.0,1.0,4900.0,1.0,0.0,6.8297939,1.0,0.0,702.0,11.002116,1.0
0.0,sichuan,4.0,75.0,0.0,0.0,1.0,5625.0,1.0,0.0,6.9087548,1.0,0.0,702.0,6.9087548,3.0
0.0,sichuan,2.0,68.0,0.0,0.0,1.0,4624.0,0.0,6.0,7.8244457,1.0,0.0,702.0,8.5173931,4.0
0.0,sichuan,3.0,88.0,0.0,0.0,0.0,7744.0,0.0,0.0,7.09091,1.0,0.0,702.0,7.09091,3.0
1.0,sichuan,4.0,53.0,0.0,0.0,1.0,2809.0,0.0,9.0,9.2104406,1.0,0.0,702.0,9.9035378,5.0
0.0,sichuan,4.0,46.0,0.0,0.0,1.0,2116.0,1.0,9.0,10.59666,1.0,0.0,702.0,11.407576,4.0
0.0,sichuan,3.0,64.0,0.0,0.0,1.0,4096.0,1.0,6.0,9.2104406,1.0,0.0,702.0,9.9035378,4.0
1.0,sichuan,4.0,65.0,0.0,0.0,1.0,4225.0,1.0,6.0,8.5173931,0.0,0.0,702.0,9.6158724,4.0
1.0,sichuan,3.0,28.0,1.3862944,0.0,1.0,784.0,1.0,12.0,10.308986,1.0,0.0,702.0,12.206078,5.0
1.0,sichuan,3.0,44.0,2.4849067,0.0,0.0,1936.0,1.0,9.0,0.0,1.0,0.0,702.0,9.9035378,1.0
1.0,sichuan,3.0,61.0,0.0,0.0,0.0,3721.0,0.0,9.0,0.0,0.0,0.0,702.0,9.9035378,2.0
1.0,sichuan,4.0,54.0,0.0,0.0,1.0,2916.0,1.0,12.0,10.085851,0.0,0.0,702.0,11.338584,4.0
1.0,sichuan,4.0,53.0,0.0,0.0,1.0,2809.0,1.0,9.0,9.2104406,0.0,0.0,702.0,10.819798,3.0
0.0,sichuan,4.0,37.0,0.0,0.0,1.0,1369.0,0.0,0.0,0.0,1.0,0.0,702.0,9.9035378,2.0
1.0,sichuan,4.0,46.0,0.0,0.0,1.0,2116.0,1.0,9.0,0.0,0.0,0.0,702.0,8.9873219,4.0
0.0,sichuan,4.0,54.0,0.0,0.0,1.0,2916.0,1.0,6.0,0.0,1.0,0.0,702.0,8.5173931,2.0
0.0,sichuan,3.0,49.0,0.0,0.0,1.0,2401.0,1.0,6.0,9.4880476,1.0,0.0,702.0,,2.0
1.0,sichuan,4.0,60.0,0.0,0.0,1.0,3600.0,0.0,12.0,10.491302,0.0,0.0,702.0,11.184435,4.0
1.0,sichuan,4.0,43.0,0.0,0.0,1.0,1849.0,1.0,6.0,9.6158724,1.0,0.0,702.0,10.308986,4.0
0.0,sichuan,3.0,45.0,0.0,0.0,1.0,2025.0,1.0,0.0,9.9035378,0.0,0.0,702.0,10.59666,4.0
0.0,sichuan,4.0,43.0,0.0,0.0,1.0,1849.0,0.0,6.0,9.2104406,1.0,0.0,702.0,9.9035378,4.0
0.0,sichuan,4.0,43.0,0.0,0.0,1.0,1849.0,1.0,0.0,8.8538084,1.0,0.0,702.0,8.6996813,4.0
1.0,sichuan,4.0,47.0,0.0,0.0,1.0,2209.0,1.0,9.0,10.308986,1.0,0.0,702.0,11.512936,4.0
1.0,sichuan,4.0,45.0,0.0,0.0,1.0,2025.0,1.0,6.0,8.1889668,1.0,0.0,702.0,9.9035378,2.0
0.0,sichuan,4.0,70.0,0.0,0.0,1.0,4900.0,0.0,6.0,10.308986,0.0,0.0,702.0,10.434145,4.0
0.0,sichuan,5.0,59.0,0.0,0.0,1.0,3481.0,0.0,9.0,0.0,1.0,0.0,702.0,9.2104406,2.0
1.0,sichuan,4.0,50.0,0.0,0.0,1.0,2500.0,0.0,12.0,11.512936,0.0,0.0,702.0,12.206078,4.0
0.0,sichuan,4.0,80.0,0.0,0.0,1.0,6400.0,0.0,0.0,0.0,1.0,0.0,702.0,10.308986,1.0
0.0,sichuan,3.0,62.0,0.0,0.0,1.0,3844.0,1.0,0.0,9.2104406,1.0,0.0,702.0,9.2104406,3.0
0.0,sichuan,2.0,70.0,0.0,0.0,1.0,4900.0,1.0,0.0,6.9087548,1.0,0.0,702.0,6.9087548,3.0
1.0,sichuan,2.0,34.0,0.0,0.0,1.0,1156.0,0.0,0.0,8.9873219,1.0,0.0,702.0,9.6158724,3.0
0.0,sichuan,5.0,66.0,0.0,0.0,1.0,4356.0,0.0,0.0,9.6158724,1.0,1.0,702.0,10.308986,3.0
1.0,sichuan,5.0,63.0,0.0,0.0,1.0,3969.0,1.0,6.0,7.8244457,0.0,0.0,702.0,8.5173931,4.0
0.0,sichuan,4.0,72.0,0.0,0.0,1.0,5184.0,1.0,0.0,7.6014023,1.0,0.0,702.0,8.0067005,2.0
0.0,sichuan,4.0,66.0,0.0,0.0,1.0,4356.0,1.0,12.0,0.0,1.0,1.0,702.0,0.0,3.0
1.0,sichuan,5.0,47.0,0.0,0.0,1.0,2209.0,0.0,12.0,11.512936,1.0,0.0,702.0,11.775297,4.0
0.0,sichuan,5.0,70.0,0.0,0.0,1.0,4900.0,0.0,6.0,8.0067005,1.0,0.0,702.0,8.0067005,4.0
1.0,sichuan,4.0,64.0,0.0,0.0,1.0,4096.0,1.0,6.0,8.9873219,0.0,0.0,702.0,9.9035378,4.0
0.0,sichuan,4.0,64.0,0.0,0.0,1.0,4096.0,0.0,6.0,6.9087548,1.0,0.0,702.0,9.2104406,2.0
1.0,sichuan,4.0,46.0,0.0,0.0,1.0,2116.0,0.0,12.0,11.002116,0.0,0.0,702.0,11.156265,4.0
0.0,sichuan,5.0,67.0,0.0,0.0,1.0,4489.0,1.0,6.0,6.7345915,1.0,0.0,702.0,10.308986,4.0
1.0,sichuan,3.0,50.0,0.0,0.0,1.0,2500.0,0.0,6.0,8.1608038,1.0,0.0,702.0,8.1608038,3.0
0.0,sichuan,3.0,29.0,0.0,0.0,1.0,841.0,1.0,9.0,0.0,1.0,0.0,702.0,,5.0
0.0,sichuan,4.0,50.0,2.0794415,0.0,1.0,2500.0,1.0,9.0,0.0,1.0,0.0,702.0,10.308986,2.0
0.0,sichuan,4.0,52.0,1.9459101,0.0,1.0,2704.0,0.0,6.0,9.6158724,1.0,0.0,702.0,9.9035378,3.0
1.0,sichuan,4.0,60.0,0.0,0.0,1.0,3600.0,0.0,9.0,9.6158724,1.0,0.0,702.0,10.463132,3.0
0.0,sichuan,4.0,61.0,0.0,0.0,1.0,3721.0,0.0,9.0,9.9035378,1.0,0.0,702.0,10.829748,4.0
0.0,sichuan,4.0,70.0,0.0,0.0,1.0,4900.0,0.0,0.0,8.0067005,1.0,0.0,702.0,9.9035378,4.0
0.0,sichuan,4.0,78.0,0.0,0.0,1.0,6084.0,1.0,0.0,6.8035054,1.0,0.0,702.0,11.407576,2.0
0.0,sichuan,5.0,33.0,0.0,0.0,1.0,1089.0,1.0,6.0,0.0,1.0,0.0,702.0,8.8538084,5.0
1.0,sichuan,5.0,80.0,0.0,0.0,0.0,6400.0,1.0,6.0,0.0,1.0,0.0,702.0,9.2104406,2.0
1.0,sichuan,2.0,56.0,0.0,0.0,1.0,3136.0,1.0,6.0,0.0,1.0,0.0,702.0,11.002116,2.0
0.0,sichuan,4.0,47.0,0.0,0.0,1.0,2209.0,0.0,6.0,9.9035378,1.0,0.0,702.0,11.156265,4.0
0.0,sichuan,2.0,48.0,0.0,0.0,1.0,2304.0,1.0,6.0,0.0,1.0,0.0,702.0,7.6014023,2.0
0.0,sichuan,4.0,76.0,0.0,0.0,0.0,5776.0,1.0,9.0,9.2104406,1.0,0.0,702.0,9.2104406,2.0
0.0,sichuan,2.0,55.0,0.0,0.0,1.0,3025.0,1.0,6.0,7.6014023,1.0,0.0,702.0,8.5173931,2.0
1.0,sichuan,3.0,63.0,0.0,0.0,0.0,3969.0,1.0,0.0,7.6014023,1.0,0.0,702.0,10.819798,2.0
1.0,sichuan,3.0,78.0,0.0,0.0,1.0,6084.0,0.0,0.0,10.126671,0.0,1.0,702.0,10.819798,3.0
0.0,sichuan,4.0,66.0,0.0,0.0,0.0,4356.0,0.0,6.0,6.9087548,1.0,0.0,702.0,9.2104406,2.0
0.0,sichuan,4.0,66.0,0.0,0.0,1.0,4356.0,1.0,0.0,9.7981825,1.0,0.0,702.0,10.308986,4.0
0.0,sichuan,4.0,74.0,0.0,0.0,1.0,5476.0,1.0,0.0,7.6014023,1.0,0.0,702.0,,4.0
0.0,sichuan,4.0,29.0,2.7725887,0.0,1.0,841.0,1.0,15.0,0.0,1.0,0.0,702.0,11.695255,5.0
1.0,sichuan,5.0,66.0,0.0,0.0,1.0,4356.0,1.0,9.0,6.8035054,1.0,0.0,702.0,11.512936,4.0
0.0,sichuan,4.0,44.0,0.0,0.0,1.0,1936.0,1.0,9.0,0.0,1.0,0.0,702.0,10.71444,4.0
0.0,sichuan,4.0,67.0,0.0,0.0,0.0,4489.0,0.0,0.0,9.2104406,1.0,0.0,702.0,9.2104406,4.0
0.0,sichuan,4.0,78.0,0.0,0.0,1.0,6084.0,1.0,0.0,6.9087548,1.0,0.0,702.0,9.2104406,2.0
0.0,sichuan,5.0,76.0,0.0,0.0,1.0,5776.0,1.0,6.0,0.0,0.0,0.0,702.0,0.0,3.0
1.0,sichuan,4.0,67.0,0.0,0.0,1.0,4489.0,1.0,0.0,9.6158724,0.0,0.0,702.0,9.9035378,2.0
0.0,sichuan,4.0,47.0,0.0,0.0,1.0,2209.0,0.0,6.0,9.2104406,1.0,0.0,702.0,9.9035378,5.0
0.0,sichuan,4.0,51.0,0.0,0.0,1.0,2601.0,1.0,6.0,6.9087548,1.0,0.0,702.0,9.2104406,4.0
1.0,sichuan,2.0,64.0,0.0,0.0,1.0,4096.0,1.0,0.0,8.5173931,1.0,0.0,702.0,9.2104406,2.0
0.0,sichuan,3.0,65.0,0.0,0.0,1.0,4225.0,0.0,9.0,9.9035378,1.0,0.0,702.0,10.819798,3.0
1.0,sichuan,4.0,53.0,1.7917595,0.0,0.0,2809.0,0.0,9.0,0.0,0.0,0.0,702.0,9.9035378,4.0
0.0,sichuan,4.0,70.0,0.0,0.0,0.0,4900.0,0.0,6.0,8.0067005,1.0,0.0,702.0,10.126671,2.0
1.0,sichuan,4.0,69.0,0.0,0.0,1.0,4761.0,0.0,9.0,10.268166,0.0,0.0,702.0,11.002116,2.0
0.0,sichuan,5.0,79.0,0.0,0.0,0.0,6241.0,1.0,6.0,6.8035054,1.0,0.0,702.0,,4.0
0.0,sichuan,5.0,55.0,4.1108737,0.0,1.0,3025.0,0.0,9.0,8.5173931,1.0,0.0,702.0,9.9035378,2.0
0.0,sichuan,3.0,40.0,0.0,0.0,1.0,1600.0,1.0,9.0,6.9087548,1.0,0.0,702.0,8.0067005,3.0
0.0,sichuan,4.0,48.0,0.0,0.0,1.0,2304.0,0.0,9.0,10.308986,0.0,0.0,702.0,10.308986,4.0
0.0,sichuan,4.0,71.0,0.0,0.0,0.0,5041.0,1.0,0.0,6.6858611,1.0,0.0,702.0,10.463132,1.0
0.0,sichuan,4.0,82.0,0.0,0.0,0.0,6724.0,0.0,0.0,8.0067005,1.0,0.0,702.0,8.0067005,4.0
1.0,sichuan,4.0,91.0,0.0,0.0,0.0,8281.0,1.0,0.0,8.1889668,0.0,0.0,702.0,8.1889668,2.0
1.0,sichuan,3.0,63.0,0.0,0.0,0.0,3969.0,1.0,6.0,9.9035378,0.0,0.0,702.0,,3.0
0.0,sichuan,5.0,71.0,1.3862944,0.0,0.0,5041.0,1.0,0.0,7.3783836,1.0,0.0,702.0,7.3783836,2.0
0.0,sichuan,5.0,19.0,0.0,0.0,0.0,361.0,0.0,16.0,0.0,1.0,0.0,702.0,10.59666,5.0
0.0,sichuan,2.0,53.0,0.0,0.0,1.0,2809.0,1.0,9.0,0.0,1.0,0.0,702.0,6.9087548,2.0
0.0,sichuan,4.0,88.0,0.0,0.0,0.0,7744.0,0.0,6.0,9.7981825,1.0,0.0,702.0,9.7981825,3.0
0.0,sichuan,5.0,52.0,0.0,0.0,1.0,2704.0,1.0,9.0,9.2104406,1.0,0.0,702.0,11.002116,4.0
1.0,sichuan,4.0,47.0,0.0,0.0,1.0,2209.0,0.0,6.0,9.2104406,1.0,0.0,702.0,10.308986,2.0
0.0,sichuan,4.0,59.0,0.0,0.0,0.0,3481.0,1.0,0.0,8.0067005,1.0,0.0,702.0,11.512936,3.0
0.0,sichuan,5.0,67.0,0.0,0.0,1.0,4489.0,0.0,6.0,9.9035378,1.0,0.0,702.0,10.819798,4.0
0.0,sichuan,4.0,76.0,0.0,0.0,0.0,5776.0,1.0,2.0,7.6014023,1.0,0.0,702.0,8.0067005,3.0
0.0,sichuan,4.0,71.0,0.0,0.0,1.0,5041.0,0.0,6.0,7.6014023,1.0,0.0,702.0,7.6014023,1.0
0.0,sichuan,4.0,66.0,0.0,0.0,1.0,4356.0,0.0,0.0,7.7836404,1.0,0.0,702.0,8.0067005,2.0
1.0,sichuan,4.0,21.0,0.0,0.0,0.0,441.0,0.0,16.0,8.2943001,1.0,0.0,702.0,10.308986,5.0
0.0,sichuan,4.0,68.0,0.0,0.0,1.0,4624.0,0.0,6.0,0.0,1.0,0.0,702.0,,2.0
0.0,sichuan,4.0,73.0,0.0,0.0,1.0,5329.0,1.0,6.0,8.4971943,1.0,0.0,702.0,9.2104406,3.0
0.0,sichuan,4.0,47.0,0.0,0.0,1.0,2209.0,1.0,6.0,7.6014023,1.0,0.0,702.0,8.2943001,2.0
0.0,sichuan,5.0,62.0,2.3978953,0.0,1.0,3844.0,0.0,6.0,9.9035378,1.0,0.0,702.0,10.308986,3.0
0.0,sichuan,4.0,42.0,0.0,0.0,0.0,1764.0,0.0,6.0,9.2104406,1.0,0.0,702.0,9.3057413,4.0
0.0,sichuan,4.0,36.0,0.0,0.0,1.0,1296.0,1.0,9.0,9.9035378,1.0,0.0,702.0,10.59666,3.0
0.0,sichuan,4.0,53.0,0.0,0.0,1.0,2809.0,0.0,6.0,8.5173931,1.0,0.0,702.0,9.2104406,4.0
1.0,sichuan,4.0,39.0,0.0,0.0,1.0,1521.0,0.0,12.0,9.9035378,0.0,0.0,702.0,9.9035378,4.0
1.0,sichuan,4.0,49.0,0.0,0.0,1.0,2401.0,1.0,6.0,0.0,1.0,0.0,702.0,9.2104406,4.0
0.0,sichuan,2.0,77.0,0.0,0.0,0.0,5929.0,1.0,9.0,9.392745,1.0,0.0,702.0,10.308986,2.0
0.0,sichuan,4.0,65.0,0.0,0.0,1.0,4225.0,0.0,0.0,7.6014023,1.0,0.0,702.0,9.2104406,4.0
0.0,sichuan,3.0,42.0,0.0,0.0,1.0,1764.0,0.0,9.0,8.0067005,1.0,0.0,702.0,9.1050911,3.0
1.0,sichuan,4.0,64.0,0.0,0.0,1.0,4096.0,1.0,6.0,9.392745,0.0,0.0,702.0,,4.0
0.0,sichuan,2.0,48.0,0.0,0.0,0.0,2304.0,1.0,0.0,8.5173931,1.0,0.0,702.0,9.9035378,3.0
0.0,sichuan,5.0,54.0,0.0,0.0,0.0,2916.0,0.0,6.0,,1.0,0.0,702.0,9.9035378,2.0
0.0,sichuan,3.0,53.0,0.0,0.0,1.0,2809.0,1.0,6.0,6.9087548,1.0,0.0,702.0,10.308986,2.0
1.0,sichuan,3.0,55.0,0.0,0.0,1.0,3025.0,1.0,9.0,8.0067005,1.0,0.0,702.0,9.9035378,4.0
0.0,sichuan,3.0,60.0,0.0,0.0,1.0,3600.0,0.0,0.0,8.0067005,1.0,0.0,702.0,8.0067005,2.0
0.0,sichuan,3.0,62.0,0.0,0.0,0.0,3844.0,0.0,9.0,8.2943001,1.0,1.0,702.0,10.819798,3.0
0.0,sichuan,4.0,46.0,0.0,0.0,0.0,2116.0,0.0,9.0,0.0,1.0,0.0,702.0,8.5173931,4.0
0.0,sichuan,3.0,48.0,0.69314718,0.0,1.0,2304.0,0.0,9.0,8.2943001,1.0,0.0,702.0,9.9035378,5.0
0.0,sichuan,2.0,66.0,0.0,0.0,0.0,4356.0,0.0,6.0,8.8394213,1.0,0.0,702.0,8.8394213,4.0
0.0,sichuan,2.0,61.0,0.0,0.0,1.0,3721.0,1.0,0.0,6.9087548,1.0,0.0,702.0,8.0067005,4.0
0.0,sichuan,4.0,64.0,0.0,0.0,0.0,4096.0,1.0,0.0,8.1318245,1.0,0.0,702.0,9.2104406,2.0
0.0,sichuan,4.0,78.0,0.0,0.0,0.0,6084.0,0.0,6.0,6.9087548,1.0,0.0,702.0,6.9087548,4.0
1.0,sichuan,4.0,64.0,0.0,0.0,0.0,4096.0,0.0,6.0,8.5173931,1.0,0.0,702.0,8.5173931,1.0
0.0,sichuan,4.0,52.0,0.0,0.0,1.0,2704.0,0.0,9.0,10.308986,1.0,0.0,702.0,11.512936,4.0
1.0,sichuan,4.0,19.0,1.3862944,0.0,0.0,361.0,0.0,12.0,0.0,1.0,0.0,702.0,9.2104406,4.0
0.0,sichuan,4.0,72.0,1.3862944,0.0,1.0,5184.0,0.0,9.0,7.6014023,1.0,0.0,702.0,,2.0
1.0,sichuan,4.0,66.0,0.0,0.0,0.0,4356.0,1.0,0.0,6.9087548,1.0,0.0,702.0,6.9087548,3.0
0.0,sichuan,3.0,67.0,0.0,0.0,1.0,4489.0,0.0,0.0,7.4960976,1.0,0.0,702.0,8.1889668,2.0
1.0,sichuan,4.0,42.0,0.0,0.0,1.0,1764.0,1.0,9.0,8.5173931,1.0,0.0,702.0,9.9035378,5.0
0.0,sichuan,4.0,63.0,0.0,0.0,0.0,3969.0,0.0,6.0,8.0067005,1.0,0.0,702.0,9.2104406,2.0
0.0,sichuan,2.0,46.0,0.0,0.0,1.0,2116.0,1.0,0.0,7.6014023,1.0,0.0,702.0,10.545368,2.0
0.0,sichuan,2.0,30.0,0.0,0.0,1.0,900.0,1.0,6.0,0.0,1.0,0.0,702.0,9.9035378,4.0
0.0,sichuan,4.0,66.0,2.7725887,0.0,0.0,4356.0,1.0,0.0,6.6858611,1.0,0.0,702.0,10.308986,2.0
0.0,sichuan,3.0,47.0,0.0,0.0,1.0,2209.0,1.0,6.0,9.5468836,1.0,0.0,702.0,,3.0
0.0,sichuan,4.0,35.0,1.6094379,0.0,0.0,1225.0,0.0,6.0,9.6158724,1.0,0.0,702.0,9.9035378,4.0
1.0,guizhou,4.0,30.0,0.0,0.0,1.0,900.0,0.0,9.0,10.308986,1.0,0.0,202.0,10.308986,4.0
1.0,guizhou,4.0,45.0,0.0,0.0,0.0,2025.0,0.0,0.0,10.308986,1.0,0.0,202.0,10.59666,5.0
1.0,guizhou,4.0,39.0,3.9318256,0.0,0.0,1521.0,1.0,9.0,10.59666,0.0,0.0,202.0,11.289794,5.0
1.0,guizhou,3.0,28.0,0.0,0.0,1.0,784.0,1.0,9.0,9.392745,1.0,0.0,202.0,9.9988432,5.0
1.0,guizhou,4.0,45.0,0.0,1.0,0.0,2025.0,1.0,12.0,10.463132,0.0,,202.0,10.463132,3.0
1.0,guizhou,4.0,48.0,0.0,0.0,1.0,2304.0,1.0,6.0,10.59666,1.0,0.0,202.0,10.59666,4.0
0.0,guizhou,2.0,26.0,0.0,1.0,0.0,676.0,0.0,15.0,10.308986,1.0,0.0,202.0,10.819798,5.0
1.0,guizhou,4.0,41.0,0.0,0.0,1.0,1681.0,0.0,6.0,11.918397,1.0,0.0,202.0,11.918397,4.0
1.0,guizhou,4.0,46.0,0.0,1.0,0.0,2116.0,1.0,0.0,6.7345915,1.0,0.0,202.0,,3.0
0.0,guizhou,4.0,65.0,0.0,0.0,1.0,4225.0,0.0,6.0,6.5525079,1.0,0.0,202.0,,3.0
1.0,guizhou,3.0,25.0,0.0,0.0,0.0,625.0,0.0,16.0,11.002116,1.0,0.0,202.0,11.608245,5.0
0.0,guizhou,4.0,61.0,0.0,0.0,1.0,3721.0,0.0,6.0,10.308986,1.0,0.0,202.0,10.819798,4.0
1.0,guizhou,4.0,66.0,0.0,0.0,0.0,4356.0,1.0,9.0,10.085851,0.0,0.0,202.0,10.085851,4.0
1.0,guizhou,4.0,41.0,0.0,0.0,1.0,1681.0,0.0,9.0,10.59666,0.0,0.0,202.0,11.289794,5.0
1.0,guizhou,3.0,48.0,0.0,0.0,1.0,2304.0,0.0,0.0,10.463132,1.0,0.0,202.0,9.9035378,5.0
1.0,guizhou,4.0,29.0,0.0,0.0,1.0,841.0,1.0,16.0,10.126671,0.0,0.0,202.0,10.819798,4.0
1.0,guizhou,3.0,50.0,0.0,1.0,0.0,2500.0,0.0,6.0,9.9035378,1.0,0.0,202.0,9.9035378,4.0
1.0,guizhou,4.0,37.0,0.0,0.0,1.0,1369.0,1.0,9.0,9.9035378,1.0,0.0,202.0,10.645449,1.0
1.0,guizhou,5.0,48.0,4.6151204,0.0,1.0,2304.0,1.0,16.0,11.695255,0.0,0.0,202.0,12.923915,4.0
0.0,guizhou,4.0,76.0,0.0,0.0,0.0,5776.0,1.0,0.0,0.0,1.0,0.0,202.0,11.156265,3.0
1.0,guizhou,4.0,58.0,0.0,0.0,1.0,3364.0,1.0,9.0,13.122365,0.0,0.0,202.0,,4.0
1.0,guizhou,4.0,27.0,0.0,0.0,0.0,729.0,0.0,0.0,11.512936,1.0,0.0,202.0,,5.0
1.0,guizhou,5.0,57.0,0.0,0.0,0.0,3249.0,1.0,12.0,10.085851,0.0,0.0,202.0,11.289794,4.0
1.0,guizhou,2.0,22.0,0.0,0.0,0.0,484.0,0.0,15.0,9.392745,0.0,0.0,202.0,11.695255,4.0
1.0,guizhou,5.0,40.0,0.0,0.0,1.0,1600.0,1.0,9.0,0.0,1.0,0.0,202.0,10.165891,4.0
1.0,guizhou,4.0,45.0,0.0,0.0,1.0,2025.0,1.0,9.0,10.308986,1.0,0.0,202.0,10.59666,4.0
1.0,guizhou,4.0,55.0,0.0,0.0,0.0,3025.0,1.0,9.0,9.9035378,1.0,0.0,202.0,,3.0
1.0,guizhou,3.0,23.0,0.0,0.0,0.0,529.0,1.0,15.0,0.0,1.0,0.0,202.0,10.59666,4.0
1.0,guizhou,4.0,29.0,0.0,0.0,1.0,841.0,0.0,16.0,11.407576,1.0,0.0,202.0,11.407576,4.0
1.0,guizhou,4.0,85.0,0.0,0.0,1.0,7225.0,0.0,6.0,10.645449,1.0,1.0,202.0,,4.0
1.0,guizhou,4.0,75.0,0.0,0.0,0.0,5625.0,1.0,0.0,6.6214056,1.0,0.0,202.0,,3.0
1.0,guizhou,3.0,20.0,0.0,0.0,0.0,400.0,0.0,9.0,10.59666,1.0,0.0,202.0,10.308986,5.0
1.0,guizhou,4.0,61.0,0.0,0.0,0.0,3721.0,0.0,0.0,9.9035378,1.0,0.0,202.0,10.59666,4.0
0.0,guizhou,3.0,55.0,0.0,0.0,0.0,3025.0,0.0,6.0,9.2104406,1.0,0.0,202.0,9.2104406,2.0
1.0,guizhou,3.0,36.0,0.0,0.0,1.0,1296.0,1.0,9.0,10.59666,1.0,0.0,202.0,11.407576,5.0
1.0,guizhou,3.0,54.0,0.0,1.0,1.0,2916.0,1.0,6.0,6.9087548,1.0,0.0,202.0,7.6014023,2.0
1.0,guizhou,4.0,40.0,0.0,0.0,1.0,1600.0,1.0,9.0,11.512936,1.0,0.0,202.0,11.512936,4.0
1.0,guizhou,3.0,28.0,0.0,0.0,1.0,784.0,0.0,9.0,10.59666,1.0,0.0,202.0,11.156265,5.0
1.0,guizhou,4.0,25.0,0.0,0.0,0.0,625.0,0.0,16.0,11.289794,0.0,0.0,202.0,,5.0
0.0,guizhou,3.0,26.0,2.7725887,0.0,1.0,676.0,0.0,9.0,10.085851,1.0,0.0,202.0,10.085851,4.0
1.0,guizhou,4.0,40.0,0.0,0.0,0.0,1600.0,0.0,6.0,11.289794,1.0,0.0,202.0,11.918397,2.0
1.0,guizhou,5.0,72.0,0.0,0.0,1.0,5184.0,1.0,12.0,11.002116,0.0,0.0,202.0,11.512936,4.0
1.0,guizhou,2.0,75.0,0.0,0.0,1.0,5625.0,0.0,0.0,7.8244457,1.0,0.0,202.0,8.5173931,3.0
1.0,guizhou,4.0,63.0,0.0,0.0,1.0,3969.0,0.0,6.0,9.9035378,0.0,0.0,202.0,,3.0
1.0,guizhou,4.0,32.0,0.0,1.0,0.0,1024.0,1.0,9.0,11.002116,1.0,0.0,202.0,11.002116,4.0
1.0,guizhou,3.0,23.0,4.6151204,0.0,0.0,529.0,0.0,12.0,10.165891,1.0,0.0,202.0,10.308986,5.0
1.0,guizhou,4.0,48.0,2.7725887,0.0,1.0,2304.0,1.0,6.0,9.9035378,1.0,0.0,202.0,9.9035378,5.0
1.0,guizhou,4.0,19.0,3.4339871,0.0,0.0,361.0,1.0,16.0,7.6014023,1.0,0.0,202.0,8.9873219,4.0
1.0,guizhou,3.0,22.0,3.0445225,0.0,0.0,484.0,1.0,16.0,10.59666,1.0,0.0,202.0,11.407576,5.0
1.0,guizhou,4.0,65.0,0.0,0.0,0.0,4225.0,0.0,9.0,6.6858611,1.0,0.0,202.0,6.6858611,2.0
0.0,guizhou,5.0,45.0,2.0794415,0.0,0.0,2025.0,0.0,9.0,8.0067005,1.0,0.0,202.0,8.5173931,3.0
1.0,guizhou,4.0,23.0,0.0,1.0,0.0,529.0,0.0,0.0,11.338584,1.0,,202.0,11.849405,5.0
1.0,guizhou,3.0,22.0,0.0,0.0,0.0,484.0,0.0,9.0,9.9035378,1.0,0.0,202.0,9.9035378,5.0
1.0,guizhou,4.0,25.0,1.7917595,0.0,1.0,625.0,0.0,9.0,11.002116,0.0,0.0,202.0,11.289794,5.0
1.0,guizhou,2.0,38.0,0.0,0.0,1.0,1444.0,0.0,16.0,,0.0,0.0,202.0,,4.0
1.0,guizhou,5.0,21.0,0.0,0.0,0.0,441.0,1.0,0.0,0.0,0.0,0.0,202.0,,4.0
1.0,guizhou,5.0,75.0,4.6151204,0.0,0.0,5625.0,1.0,9.0,9.6158724,0.0,0.0,202.0,11.407576,3.0
0.0,guizhou,4.0,39.0,0.0,0.0,1.0,1521.0,1.0,0.0,8.5173931,1.0,0.0,202.0,10.59666,5.0
1.0,guizhou,4.0,49.0,0.0,0.0,0.0,2401.0,0.0,12.0,11.918397,1.0,0.0,202.0,12.206078,2.0
1.0,guizhou,4.0,54.0,0.0,0.0,1.0,2916.0,1.0,9.0,10.308986,0.0,0.0,202.0,10.308986,4.0
1.0,guizhou,4.0,42.0,2.3978953,0.0,0.0,1764.0,1.0,0.0,8.2943001,0.0,0.0,202.0,8.2943001,5.0
1.0,guizhou,4.0,22.0,0.0,0.0,1.0,484.0,1.0,9.0,9.9035378,1.0,0.0,202.0,10.915107,5.0
1.0,guizhou,4.0,27.0,0.0,0.0,0.0,729.0,0.0,15.0,10.778977,0.0,0.0,202.0,11.695255,5.0
0.0,guizhou,4.0,66.0,0.0,0.0,0.0,4356.0,1.0,0.0,6.9087548,1.0,0.0,202.0,,4.0
1.0,guizhou,4.0,65.0,0.0,0.0,1.0,4225.0,1.0,9.0,9.2104406,1.0,0.0,202.0,9.9035378,3.0
1.0,guizhou,4.0,29.0,0.0,0.0,0.0,841.0,0.0,19.0,12.206078,0.0,0.0,202.0,12.611541,3.0
1.0,guizhou,3.0,75.0,0.0,0.0,0.0,5625.0,0.0,15.0,9.9035378,0.0,1.0,202.0,9.9035378,3.0
1.0,guizhou,5.0,45.0,0.0,1.0,1.0,2025.0,1.0,12.0,,0.0,0.0,202.0,11.512936,5.0
1.0,guizhou,3.0,32.0,0.0,0.0,1.0,1024.0,0.0,9.0,10.59666,0.0,0.0,202.0,11.156265,4.0
1.0,guizhou,4.0,63.0,0.0,0.0,1.0,3969.0,1.0,0.0,9.9035378,1.0,0.0,202.0,9.9035378,4.0
1.0,guizhou,4.0,32.0,0.0,0.0,1.0,1024.0,1.0,9.0,10.59666,1.0,0.0,202.0,11.289794,4.0
1.0,guizhou,4.0,24.0,0.0,1.0,0.0,576.0,0.0,12.0,11.849405,1.0,0.0,202.0,12.301388,5.0
1.0,guizhou,2.0,53.0,2.7725887,0.0,0.0,2809.0,0.0,16.0,12.42922,0.0,0.0,202.0,12.506181,3.0
1.0,guizhou,3.0,28.0,0.0,1.0,1.0,784.0,1.0,12.0,10.819798,1.0,0.0,202.0,11.512936,4.0
1.0,guizhou,4.0,48.0,2.7725887,0.0,1.0,2304.0,0.0,0.0,9.9035378,0.0,0.0,202.0,10.59666,4.0
1.0,guizhou,4.0,21.0,0.0,0.0,0.0,441.0,0.0,9.0,10.940615,1.0,0.0,202.0,11.395144,4.0
0.0,guizhou,3.0,75.0,0.0,0.0,1.0,5625.0,1.0,0.0,8.6996813,1.0,0.0,202.0,6.9087548,2.0
0.0,guizhou,3.0,26.0,0.0,0.0,1.0,676.0,1.0,12.0,9.9035378,1.0,0.0,202.0,11.002116,4.0
1.0,guizhou,4.0,24.0,0.0,0.0,1.0,576.0,0.0,6.0,10.571342,0.0,0.0,202.0,11.211834,5.0
1.0,guizhou,3.0,26.0,0.0,0.0,0.0,676.0,0.0,0.0,11.156265,1.0,0.0,202.0,12.04356,4.0
1.0,guizhou,4.0,68.0,2.3978953,0.0,0.0,4624.0,0.0,9.0,9.9035378,0.0,,202.0,10.308986,4.0
1.0,guizhou,4.0,25.0,0.0,0.0,1.0,625.0,0.0,12.0,10.308986,1.0,0.0,202.0,11.002116,5.0
1.0,guizhou,4.0,81.0,0.0,0.0,0.0,6561.0,1.0,0.0,6.6858611,1.0,0.0,202.0,,2.0
0.0,guizhou,3.0,54.0,0.0,0.0,1.0,2916.0,1.0,12.0,0.0,1.0,0.0,202.0,,4.0
1.0,guizhou,4.0,22.0,0.0,0.0,0.0,484.0,0.0,12.0,11.002116,0.0,0.0,202.0,8.6996813,5.0
1.0,guizhou,4.0,27.0,3.4339871,0.0,1.0,729.0,1.0,16.0,10.59666,1.0,0.0,202.0,11.512936,4.0
1.0,guizhou,4.0,20.0,0.0,0.0,0.0,400.0,0.0,12.0,10.59666,1.0,0.0,202.0,11.407576,5.0
1.0,guizhou,4.0,19.0,0.0,0.0,0.0,361.0,1.0,16.0,0.0,1.0,0.0,202.0,,4.0
1.0,guizhou,4.0,52.0,0.0,0.0,1.0,2704.0,1.0,6.0,6.9087548,1.0,0.0,202.0,8.5173931,3.0
1.0,guizhou,4.0,19.0,0.0,1.0,0.0,361.0,1.0,16.0,,1.0,0.0,202.0,,5.0
1.0,guizhou,4.0,88.0,0.0,0.0,1.0,7744.0,0.0,9.0,11.289794,0.0,1.0,202.0,11.512936,2.0
1.0,guizhou,4.0,28.0,0.0,0.0,1.0,784.0,1.0,9.0,9.9035378,1.0,0.0,202.0,10.126671,5.0
0.0,guizhou,4.0,56.0,0.0,0.0,1.0,3136.0,0.0,12.0,9.392745,1.0,1.0,202.0,9.9035378,4.0
1.0,guizhou,4.0,42.0,0.0,0.0,1.0,1764.0,1.0,6.0,10.308986,1.0,0.0,202.0,11.002116,4.0
0.0,guizhou,4.0,28.0,0.0,0.0,1.0,784.0,1.0,12.0,0.0,0.0,0.0,202.0,10.085851,5.0
1.0,guizhou,3.0,23.0,0.0,0.0,1.0,529.0,0.0,9.0,10.463132,1.0,0.0,202.0,10.308986,5.0
1.0,guizhou,4.0,52.0,0.0,0.0,1.0,2704.0,1.0,6.0,9.6804066,1.0,0.0,202.0,10.308986,4.0
1.0,guizhou,5.0,23.0,0.0,0.0,0.0,529.0,1.0,15.0,10.645449,0.0,0.0,202.0,12.254868,5.0
1.0,guizhou,3.0,48.0,0.0,0.0,0.0,2304.0,1.0,0.0,12.899222,0.0,0.0,202.0,11.238502,3.0
1.0,guizhou,5.0,35.0,0.0,0.0,1.0,1225.0,1.0,9.0,0.0,0.0,0.0,202.0,10.819798,5.0
1.0,guizhou,4.0,45.0,0.0,0.0,1.0,2025.0,1.0,12.0,11.289794,0.0,0.0,202.0,12.206078,4.0
1.0,guizhou,4.0,27.0,0.0,0.0,1.0,729.0,0.0,9.0,10.59666,1.0,0.0,202.0,10.819798,4.0
1.0,guizhou,3.0,20.0,0.0,0.0,0.0,400.0,0.0,12.0,10.434145,0.0,0.0,202.0,10.778977,4.0
1.0,guizhou,4.0,22.0,0.0,0.0,0.0,484.0,1.0,12.0,10.308986,1.0,0.0,202.0,10.819798,5.0
1.0,guizhou,4.0,22.0,0.0,0.0,0.0,484.0,0.0,15.0,13.592368,0.0,0.0,202.0,13.017005,5.0
1.0,guizhou,4.0,21.0,0.0,0.0,0.0,441.0,0.0,16.0,0.0,0.0,0.0,202.0,,4.0
1.0,guizhou,2.0,25.0,0.0,0.0,1.0,625.0,0.0,15.0,11.512936,0.0,0.0,202.0,,5.0
1.0,guizhou,3.0,25.0,3.4339871,0.0,0.0,625.0,1.0,9.0,10.59666,1.0,0.0,202.0,12.206078,5.0
1.0,guizhou,2.0,23.0,0.0,0.0,0.0,529.0,1.0,9.0,11.002116,1.0,0.0,202.0,11.289794,3.0
1.0,guizhou,4.0,40.0,0.0,0.0,1.0,1600.0,1.0,12.0,11.002116,1.0,0.0,202.0,12.736704,4.0
1.0,guizhou,4.0,25.0,2.4849067,0.0,1.0,625.0,1.0,12.0,10.308986,0.0,0.0,202.0,11.002116,5.0
1.0,guizhou,1.0,25.0,0.0,0.0,0.0,625.0,1.0,9.0,10.819798,1.0,0.0,202.0,11.608245,4.0
1.0,guizhou,4.0,28.0,0.0,0.0,1.0,784.0,0.0,9.0,10.59666,1.0,0.0,202.0,11.695255,5.0
1.0,guizhou,4.0,19.0,0.0,0.0,0.0,361.0,1.0,12.0,0.0,1.0,0.0,202.0,11.512936,4.0
0.0,guizhou,4.0,45.0,0.0,0.0,1.0,2025.0,1.0,6.0,9.2104406,1.0,0.0,202.0,9.9035378,3.0
0.0,guizhou,5.0,59.0,0.0,0.0,1.0,3481.0,0.0,6.0,7.6014023,1.0,0.0,202.0,,5.0
1.0,guizhou,5.0,18.0,0.0,0.0,0.0,324.0,1.0,12.0,0.0,0.0,0.0,202.0,12.971542,5.0
1.0,guizhou,5.0,26.0,0.0,0.0,0.0,676.0,1.0,16.0,11.407576,0.0,0.0,202.0,12.62807,5.0
1.0,guizhou,4.0,24.0,0.0,0.0,1.0,576.0,0.0,9.0,11.289794,1.0,0.0,202.0,12.542548,4.0
1.0,guizhou,4.0,32.0,0.0,0.0,1.0,1024.0,1.0,6.0,10.308986,0.0,0.0,202.0,8.2943001,3.0
1.0,guizhou,3.0,26.0,3.4339871,0.0,1.0,676.0,1.0,15.0,11.002116,1.0,0.0,202.0,11.695255,3.0
1.0,guizhou,3.0,22.0,0.0,0.0,0.0,484.0,0.0,16.0,11.289794,0.0,0.0,202.0,11.289794,4.0
1.0,guizhou,5.0,77.0,0.0,0.0,0.0,5929.0,1.0,12.0,8.6996813,0.0,1.0,202.0,,5.0
1.0,guizhou,4.0,46.0,0.0,0.0,1.0,2116.0,0.0,9.0,10.308986,0.0,0.0,202.0,11.002116,4.0
0.0,guizhou,4.0,67.0,2.7725887,0.0,1.0,4489.0,1.0,0.0,0.0,1.0,0.0,202.0,11.002116,4.0
0.0,guizhou,3.0,36.0,0.0,0.0,1.0,1296.0,1.0,9.0,8.9873219,1.0,0.0,202.0,8.9873219,4.0
1.0,guizhou,4.0,25.0,0.0,0.0,0.0,625.0,1.0,15.0,,0.0,0.0,202.0,,5.0
1.0,guizhou,4.0,50.0,5.3033047,1.0,0.0,2500.0,0.0,12.0,11.695255,1.0,0.0,202.0,11.775297,3.0
1.0,guizhou,5.0,85.0,0.0,0.0,1.0,7225.0,1.0,0.0,8.0067005,1.0,0.0,202.0,,2.0
1.0,guizhou,4.0,42.0,0.0,0.0,1.0,1764.0,0.0,9.0,10.778977,0.0,0.0,202.0,11.289794,5.0
0.0,guizhou,4.0,64.0,0.0,0.0,1.0,4096.0,0.0,9.0,8.0067005,1.0,0.0,202.0,,3.0
0.0,guizhou,4.0,19.0,2.3978953,0.0,0.0,361.0,0.0,16.0,0.0,1.0,0.0,202.0,9.9035378,5.0
1.0,guizhou,3.0,30.0,1.0986123,0.0,1.0,900.0,1.0,16.0,11.608245,0.0,0.0,202.0,12.899222,1.0
1.0,guizhou,5.0,26.0,0.0,0.0,0.0,676.0,1.0,12.0,10.819798,1.0,,202.0,10.819798,4.0
0.0,guizhou,3.0,47.0,0.0,0.0,1.0,2209.0,1.0,6.0,0.0,1.0,0.0,202.0,,3.0
1.0,guizhou,4.0,23.0,2.3978953,1.0,0.0,529.0,1.0,15.0,8.9873219,0.0,0.0,202.0,11.695255,4.0
1.0,guizhou,4.0,20.0,0.0,0.0,0.0,400.0,0.0,16.0,0.0,1.0,0.0,202.0,,3.0
1.0,guizhou,4.0,47.0,1.9459101,0.0,1.0,2209.0,0.0,9.0,10.308986,0.0,0.0,202.0,10.308986,5.0
1.0,guizhou,3.0,40.0,3.4339871,0.0,1.0,1600.0,1.0,6.0,10.819798,1.0,0.0,202.0,11.002116,5.0
1.0,guizhou,5.0,64.0,0.0,0.0,0.0,4096.0,0.0,6.0,11.407576,1.0,0.0,202.0,11.512936,3.0
1.0,guizhou,3.0,32.0,0.0,0.0,0.0,1024.0,0.0,15.0,,1.0,0.0,202.0,,4.0
1.0,guizhou,4.0,42.0,4.1108737,0.0,1.0,1764.0,0.0,6.0,11.918397,1.0,0.0,202.0,12.506181,2.0
1.0,guizhou,5.0,42.0,2.3025851,0.0,1.0,1764.0,0.0,9.0,10.308986,0.0,0.0,202.0,11.002116,5.0
1.0,guizhou,4.0,22.0,0.0,0.0,0.0,484.0,0.0,12.0,9.2104406,0.0,0.0,202.0,10.819798,5.0
1.0,guizhou,3.0,45.0,0.0,0.0,0.0,2025.0,1.0,12.0,11.918397,0.0,0.0,202.0,12.206078,4.0
1.0,guizhou,5.0,43.0,0.0,0.0,1.0,1849.0,0.0,9.0,10.59666,1.0,0.0,202.0,11.289794,5.0
1.0,guizhou,3.0,25.0,0.0,0.0,1.0,625.0,1.0,16.0,11.002116,1.0,0.0,202.0,11.775297,4.0
1.0,guizhou,3.0,53.0,0.0,0.0,0.0,2809.0,0.0,9.0,11.002116,0.0,0.0,202.0,11.695255,5.0
1.0,guizhou,5.0,18.0,0.0,0.0,0.0,324.0,1.0,15.0,0.0,1.0,0.0,202.0,0.0,5.0
1.0,guizhou,4.0,33.0,3.4339871,0.0,1.0,1089.0,0.0,16.0,11.695255,0.0,0.0,202.0,11.695255,4.0
1.0,guizhou,4.0,18.0,0.0,0.0,0.0,324.0,1.0,15.0,9.2104406,1.0,0.0,202.0,12.42922,5.0
1.0,guizhou,5.0,72.0,0.0,0.0,0.0,5184.0,1.0,6.0,10.308986,0.0,0.0,202.0,10.896758,5.0
1.0,guizhou,4.0,45.0,0.0,1.0,0.0,2025.0,0.0,15.0,11.156265,0.0,0.0,202.0,11.407576,4.0
1.0,guizhou,5.0,63.0,0.0,0.0,0.0,3969.0,0.0,9.0,10.778977,0.0,0.0,202.0,10.778977,2.0
1.0,guizhou,4.0,53.0,0.0,0.0,0.0,2809.0,0.0,9.0,11.289794,1.0,0.0,202.0,,5.0
1.0,guizhou,3.0,81.0,0.0,1.0,1.0,6561.0,1.0,0.0,,0.0,0.0,202.0,,4.0
0.0,guizhou,4.0,71.0,0.0,1.0,1.0,5041.0,1.0,0.0,0.0,1.0,0.0,202.0,7.2449417,2.0
1.0,guizhou,4.0,50.0,0.0,0.0,1.0,2500.0,0.0,0.0,12.154784,1.0,0.0,202.0,12.345839,4.0
0.0,guizhou,4.0,54.0,3.0445225,0.0,1.0,2916.0,1.0,6.0,9.2104406,1.0,0.0,202.0,9.2104406,3.0
0.0,guizhou,4.0,68.0,0.0,0.0,1.0,4624.0,0.0,6.0,6.8035054,1.0,0.0,202.0,8.5173931,3.0
1.0,guizhou,4.0,60.0,0.0,0.0,0.0,3600.0,0.0,6.0,11.156265,0.0,0.0,202.0,12.206078,4.0
0.0,guizhou,4.0,22.0,0.0,0.0,0.0,484.0,1.0,12.0,10.59666,1.0,0.0,202.0,,4.0
1.0,guizhou,4.0,22.0,0.0,1.0,0.0,484.0,1.0,16.0,8.8538084,0.0,0.0,202.0,12.67608,5.0
1.0,guizhou,5.0,22.0,4.1108737,0.0,0.0,484.0,1.0,12.0,9.9035378,1.0,0.0,202.0,,5.0
0.0,guizhou,2.0,56.0,0.0,0.0,0.0,3136.0,0.0,12.0,9.392745,1.0,0.0,202.0,9.392745,2.0
1.0,guizhou,4.0,27.0,0.0,0.0,0.0,729.0,0.0,16.0,11.512936,0.0,0.0,202.0,12.100718,5.0
1.0,guizhou,3.0,40.0,0.0,0.0,1.0,1600.0,1.0,6.0,11.002116,1.0,0.0,202.0,11.512936,5.0
1.0,guizhou,4.0,25.0,0.0,0.0,0.0,625.0,0.0,15.0,11.289794,1.0,0.0,202.0,11.695255,4.0
1.0,guizhou,5.0,40.0,0.0,0.0,1.0,1600.0,1.0,12.0,11.289794,1.0,0.0,202.0,12.100718,5.0
0.0,guizhou,4.0,68.0,2.3978953,0.0,1.0,4624.0,0.0,0.0,9.2104406,1.0,0.0,202.0,10.819798,4.0
1.0,guizhou,3.0,20.0,6.2166061,0.0,0.0,400.0,0.0,12.0,10.308986,1.0,0.0,202.0,11.002116,5.0
1.0,guizhou,4.0,23.0,0.0,1.0,0.0,529.0,1.0,12.0,0.0,1.0,,202.0,10.59666,3.0
1.0,guizhou,5.0,30.0,5.0814042,0.0,1.0,900.0,0.0,12.0,11.061861,1.0,0.0,202.0,11.238502,5.0
1.0,guizhou,3.0,66.0,0.0,0.0,1.0,4356.0,0.0,0.0,6.5525079,1.0,0.0,202.0,6.5525079,3.0
1.0,guizhou,4.0,45.0,0.0,0.0,1.0,2025.0,1.0,0.0,11.289794,1.0,0.0,202.0,11.156265,4.0
1.0,guizhou,5.0,24.0,0.0,0.0,1.0,576.0,1.0,12.0,11.002116,1.0,0.0,202.0,11.695255,3.0
0.0,guizhou,4.0,30.0,0.0,0.0,1.0,900.0,1.0,9.0,9.9035378,0.0,0.0,202.0,10.819798,5.0
1.0,guizhou,5.0,59.0,2.6390574,0.0,0.0,3481.0,1.0,0.0,9.9035378,0.0,0.0,202.0,11.512936,5.0
1.0,guizhou,4.0,23.0,0.0,0.0,0.0,529.0,1.0,15.0,8.5173931,0.0,0.0,202.0,10.308986,5.0
1.0,guizhou,4.0,52.0,4.2626801,0.0,1.0,2704.0,1.0,6.0,9.4335642,1.0,0.0,202.0,10.126671,3.0
0.0,guizhou,4.0,51.0,0.0,0.0,1.0,2601.0,1.0,9.0,7.6014023,1.0,0.0,202.0,,4.0
1.0,guizhou,2.0,66.0,0.0,0.0,1.0,4356.0,1.0,0.0,,1.0,0.0,202.0,,4.0
1.0,guizhou,4.0,60.0,1.9459101,0.0,1.0,3600.0,0.0,12.0,11.289794,0.0,0.0,202.0,11.512936,4.0
1.0,guizhou,4.0,42.0,0.0,0.0,1.0,1764.0,0.0,15.0,10.819798,1.0,0.0,202.0,11.156265,5.0
1.0,guizhou,4.0,23.0,0.0,0.0,1.0,529.0,1.0,16.0,10.59666,0.0,0.0,202.0,,5.0
0.0,guizhou,4.0,44.0,0.0,0.0,0.0,1936.0,0.0,0.0,9.9035378,1.0,0.0,202.0,9.9035378,5.0
1.0,guizhou,4.0,47.0,1.9459101,0.0,0.0,2209.0,1.0,6.0,10.59666,0.0,0.0,202.0,10.434145,3.0
0.0,guizhou,4.0,30.0,0.0,0.0,1.0,900.0,1.0,9.0,9.2104406,1.0,0.0,202.0,10.126671,4.0
1.0,guizhou,4.0,71.0,0.0,0.0,1.0,5041.0,0.0,2.0,8.5173931,0.0,0.0,202.0,10.819798,3.0
1.0,guizhou,5.0,20.0,0.0,1.0,0.0,400.0,1.0,16.0,,1.0,0.0,202.0,10.819798,5.0
0.0,guizhou,4.0,25.0,0.0,0.0,1.0,625.0,0.0,0.0,10.778977,0.0,0.0,202.0,10.968216,4.0
1.0,guizhou,5.0,32.0,0.0,0.0,1.0,1024.0,0.0,16.0,11.289794,0.0,0.0,202.0,11.289794,5.0
1.0,guizhou,4.0,87.0,0.0,1.0,0.0,7569.0,0.0,6.0,9.9035378,0.0,1.0,202.0,,2.0
1.0,guizhou,5.0,46.0,0.0,1.0,1.0,2116.0,0.0,12.0,11.002116,0.0,0.0,202.0,11.289794,4.0
1.0,guizhou,4.0,20.0,0.0,0.0,0.0,400.0,1.0,16.0,0.0,1.0,0.0,202.0,,4.0
1.0,guizhou,3.0,19.0,3.8286414,0.0,0.0,361.0,1.0,0.0,11.512936,0.0,0.0,202.0,11.954408,1.0
1.0,guizhou,4.0,24.0,0.0,0.0,1.0,576.0,1.0,16.0,11.407576,0.0,0.0,202.0,12.154784,4.0
1.0,guizhou,4.0,52.0,0.0,1.0,1.0,2704.0,0.0,12.0,10.308986,0.0,0.0,202.0,11.918397,5.0
1.0,guizhou,3.0,40.0,0.0,0.0,1.0,1600.0,1.0,12.0,11.512936,1.0,0.0,202.0,11.289794,5.0
0.0,guizhou,5.0,31.0,4.6151204,0.0,1.0,961.0,0.0,9.0,10.308986,1.0,0.0,202.0,11.002116,5.0
1.0,guizhou,4.0,30.0,2.0794415,0.0,1.0,900.0,0.0,9.0,10.085851,0.0,0.0,202.0,10.819798,4.0
1.0,guizhou,4.0,22.0,0.0,0.0,1.0,484.0,1.0,12.0,0.0,1.0,0.0,202.0,10.59666,5.0
1.0,guizhou,4.0,65.0,0.0,0.0,1.0,4225.0,0.0,0.0,6.9087548,1.0,0.0,202.0,6.9087548,3.0
1.0,guizhou,3.0,25.0,0.0,0.0,0.0,625.0,0.0,12.0,10.819798,0.0,0.0,202.0,10.819798,5.0
1.0,guizhou,3.0,33.0,0.0,0.0,0.0,1089.0,0.0,0.0,6.9087548,1.0,0.0,202.0,8.5173931,3.0
1.0,guizhou,4.0,64.0,0.0,0.0,1.0,4096.0,1.0,6.0,10.308986,1.0,0.0,202.0,13.458838,4.0
0.0,guizhou,4.0,39.0,2.3978953,0.0,0.0,1521.0,0.0,9.0,9.9035378,1.0,0.0,202.0,9.9035378,5.0
1.0,guizhou,4.0,34.0,0.0,1.0,1.0,1156.0,1.0,6.0,9.9035378,1.0,0.0,202.0,10.819798,5.0
1.0,guizhou,4.0,40.0,0.0,0.0,1.0,1600.0,0.0,9.0,11.512936,0.0,0.0,202.0,,4.0
0.0,guizhou,3.0,62.0,0.0,0.0,1.0,3844.0,1.0,12.0,,1.0,1.0,202.0,,4.0
0.0,guizhou,3.0,72.0,0.0,0.0,1.0,5184.0,1.0,6.0,0.0,1.0,0.0,202.0,,3.0
1.0,guizhou,4.0,70.0,3.4339871,0.0,0.0,4900.0,1.0,0.0,9.4727812,0.0,0.0,202.0,9.4727812,4.0
0.0,guizhou,4.0,66.0,0.0,0.0,1.0,4356.0,1.0,0.0,,1.0,0.0,202.0,,2.0
1.0,guizhou,4.0,43.0,0.0,0.0,1.0,1849.0,0.0,0.0,8.5173931,1.0,0.0,202.0,8.5173931,4.0
0.0,guizhou,4.0,43.0,0.0,0.0,1.0,1849.0,0.0,0.0,9.2104406,1.0,0.0,202.0,9.2104406,4.0
0.0,guizhou,5.0,56.0,1.7917595,0.0,0.0,3136.0,0.0,9.0,9.9035378,1.0,0.0,202.0,10.308986,5.0
1.0,guizhou,4.0,36.0,4.3944492,0.0,1.0,1296.0,0.0,6.0,9.2104406,1.0,0.0,202.0,9.2104406,5.0
0.0,guizhou,3.0,56.0,0.0,0.0,0.0,3136.0,0.0,0.0,6.9177055,1.0,0.0,202.0,6.9087548,2.0
0.0,guizhou,4.0,60.0,2.5649493,0.0,1.0,3600.0,1.0,0.0,9.3057413,1.0,0.0,202.0,9.9035378,2.0
0.0,guizhou,4.0,56.0,0.0,0.0,0.0,3136.0,1.0,6.0,8.4589281,1.0,0.0,202.0,8.8538084,3.0
0.0,guizhou,4.0,69.0,4.6151204,0.0,1.0,4761.0,0.0,9.0,0.0,1.0,0.0,202.0,11.512936,5.0
0.0,guizhou,3.0,84.0,0.0,0.0,0.0,7056.0,1.0,0.0,0.0,1.0,0.0,202.0,,2.0
1.0,guizhou,4.0,73.0,0.0,0.0,1.0,5329.0,1.0,0.0,0.0,1.0,0.0,202.0,10.308986,3.0
0.0,guizhou,2.0,25.0,4.6151204,0.0,1.0,625.0,1.0,12.0,0.0,1.0,0.0,202.0,0.0,5.0
0.0,guizhou,4.0,47.0,0.0,0.0,1.0,2209.0,0.0,6.0,10.819798,1.0,0.0,202.0,11.512936,5.0
1.0,guizhou,4.0,68.0,0.0,0.0,1.0,4624.0,0.0,9.0,7.6014023,1.0,1.0,202.0,8.5173931,3.0
1.0,guizhou,4.0,74.0,0.0,0.0,1.0,5476.0,0.0,0.0,6.9087548,1.0,0.0,202.0,,2.0
1.0,guizhou,5.0,85.0,0.0,0.0,0.0,7225.0,0.0,12.0,10.59666,0.0,1.0,202.0,11.512936,4.0
1.0,guizhou,4.0,33.0,4.6151204,0.0,1.0,1089.0,0.0,12.0,10.239996,1.0,0.0,202.0,10.308986,5.0
1.0,guizhou,4.0,72.0,4.6151204,0.0,1.0,5184.0,1.0,0.0,0.0,1.0,0.0,202.0,10.59666,3.0
0.0,guizhou,4.0,43.0,0.0,0.0,1.0,1849.0,1.0,9.0,7.6014023,1.0,0.0,202.0,,4.0
1.0,guizhou,3.0,69.0,0.0,0.0,1.0,4761.0,0.0,6.0,9.9035378,1.0,0.0,202.0,9.9035378,2.0
1.0,guizhou,4.0,22.0,0.0,0.0,0.0,484.0,0.0,9.0,10.308986,1.0,0.0,202.0,10.59666,3.0
0.0,guizhou,5.0,70.0,2.3978953,0.0,0.0,4900.0,0.0,6.0,8.1608038,1.0,0.0,202.0,8.6996813,4.0
1.0,guizhou,3.0,84.0,0.0,0.0,0.0,7056.0,1.0,0.0,7.09091,1.0,0.0,202.0,,2.0
0.0,guizhou,4.0,50.0,0.0,0.0,1.0,2500.0,1.0,9.0,0.0,1.0,0.0,202.0,8.2943001,2.0
0.0,yunnan,4.0,78.0,0.0,0.0,0.0,6084.0,0.0,0.0,0.0,1.0,0.0,978.0,10.308986,3.0
0.0,yunnan,4.0,81.0,0.0,0.0,0.0,6561.0,1.0,0.0,0.0,1.0,0.0,978.0,5.3033047,2.0
0.0,yunnan,4.0,69.0,2.3978953,0.0,1.0,4761.0,0.0,0.0,11.002116,0.0,0.0,978.0,8.9873219,2.0
0.0,yunnan,4.0,63.0,0.0,1.0,1.0,3969.0,1.0,0.0,8.0067005,1.0,0.0,978.0,8.2943001,4.0
0.0,yunnan,4.0,47.0,0.0,1.0,1.0,2209.0,1.0,6.0,9.9035378,1.0,0.0,978.0,11.156265,1.0
1.0,yunnan,4.0,22.0,0.0,1.0,0.0,484.0,1.0,16.0,0.0,1.0,0.0,978.0,,4.0
1.0,yunnan,4.0,40.0,0.0,1.0,1.0,1600.0,1.0,9.0,,1.0,0.0,978.0,,4.0
1.0,yunnan,4.0,39.0,1.3862944,0.0,1.0,1521.0,0.0,9.0,9.9035378,0.0,0.0,978.0,10.819798,5.0
0.0,yunnan,5.0,86.0,0.0,0.0,1.0,7396.0,0.0,0.0,7.8605709,1.0,0.0,978.0,8.7937641,3.0
0.0,yunnan,4.0,69.0,0.0,1.0,1.0,4761.0,1.0,6.0,6.8035054,1.0,0.0,978.0,7.4960976,1.0
0.0,yunnan,4.0,50.0,0.0,0.0,1.0,2500.0,1.0,0.0,9.9035378,1.0,0.0,978.0,10.308986,3.0
0.0,yunnan,4.0,56.0,0.0,0.0,0.0,3136.0,0.0,9.0,8.0067005,1.0,0.0,978.0,9.9035378,2.0
0.0,yunnan,4.0,37.0,0.0,0.0,1.0,1369.0,0.0,9.0,8.2943001,1.0,0.0,978.0,8.2943001,4.0
1.0,yunnan,4.0,85.0,0.0,0.0,1.0,7225.0,0.0,9.0,10.085851,0.0,0.0,978.0,10.59666,2.0
0.0,yunnan,4.0,30.0,0.0,1.0,0.0,900.0,0.0,6.0,9.6158724,1.0,0.0,978.0,9.9035378,5.0
0.0,yunnan,5.0,40.0,0.0,1.0,1.0,1600.0,0.0,6.0,10.59666,1.0,0.0,978.0,10.59666,4.0
0.0,yunnan,4.0,36.0,1.3862944,0.0,1.0,1296.0,0.0,9.0,8.2943001,1.0,0.0,978.0,9.2104406,4.0
0.0,yunnan,4.0,51.0,0.0,0.0,1.0,2601.0,0.0,0.0,9.2104406,1.0,0.0,978.0,9.2104406,4.0
1.0,yunnan,4.0,57.0,0.0,0.0,1.0,3249.0,1.0,9.0,0.0,1.0,0.0,978.0,11.002116,2.0
1.0,yunnan,4.0,60.0,0.0,1.0,1.0,3600.0,1.0,9.0,9.2104406,0.0,0.0,978.0,9.9035378,4.0
0.0,yunnan,2.0,56.0,3.0445225,1.0,1.0,3136.0,0.0,6.0,8.5173931,1.0,1.0,978.0,8.6996813,2.0
0.0,yunnan,1.0,50.0,0.0,1.0,1.0,2500.0,0.0,6.0,9.2104406,1.0,0.0,978.0,9.2104406,1.0
0.0,yunnan,4.0,44.0,0.0,0.0,1.0,1936.0,1.0,6.0,8.5173931,1.0,0.0,978.0,9.9035378,5.0
1.0,yunnan,4.0,60.0,2.3978953,1.0,1.0,3600.0,0.0,9.0,0.0,1.0,0.0,978.0,,2.0
1.0,yunnan,3.0,43.0,0.0,0.0,1.0,1849.0,0.0,0.0,7.09091,1.0,0.0,978.0,7.3138866,1.0
0.0,yunnan,3.0,24.0,0.0,0.0,0.0,576.0,0.0,6.0,8.0067005,1.0,0.0,978.0,9.6158724,5.0
0.0,yunnan,4.0,37.0,0.0,0.0,0.0,1369.0,1.0,12.0,8.5173931,1.0,0.0,978.0,8.5173931,5.0
0.0,yunnan,2.0,75.0,0.0,1.0,1.0,5625.0,1.0,6.0,10.373523,1.0,1.0,978.0,10.373523,4.0
0.0,yunnan,4.0,69.0,0.0,0.0,1.0,4761.0,0.0,6.0,,1.0,0.0,978.0,,4.0
1.0,yunnan,4.0,29.0,0.0,1.0,1.0,841.0,1.0,15.0,11.156265,1.0,1.0,978.0,11.849405,4.0
0.0,yunnan,4.0,77.0,0.0,1.0,0.0,5929.0,0.0,12.0,7.2449417,1.0,0.0,978.0,9.9035378,2.0
1.0,yunnan,4.0,47.0,0.0,0.0,1.0,2209.0,1.0,12.0,9.9523249,1.0,0.0,978.0,10.341775,4.0
1.0,yunnan,4.0,28.0,2.6390574,0.0,1.0,784.0,0.0,15.0,0.0,1.0,0.0,978.0,0.0,4.0
1.0,yunnan,5.0,23.0,0.0,1.0,0.0,529.0,1.0,16.0,0.0,1.0,0.0,978.0,9.9035378,5.0
1.0,yunnan,4.0,32.0,1.3862944,1.0,1.0,1024.0,0.0,15.0,11.289794,0.0,0.0,978.0,12.04356,5.0
1.0,yunnan,4.0,46.0,0.0,1.0,1.0,2116.0,0.0,9.0,10.59666,0.0,0.0,978.0,11.512936,3.0
0.0,yunnan,4.0,63.0,0.0,1.0,1.0,3969.0,0.0,0.0,8.7797117,1.0,0.0,978.0,8.7797117,2.0
1.0,yunnan,4.0,33.0,0.0,1.0,1.0,1089.0,0.0,9.0,10.308986,1.0,0.0,978.0,10.463132,4.0
1.0,yunnan,4.0,54.0,0.0,1.0,1.0,2916.0,0.0,9.0,10.308986,1.0,0.0,978.0,10.71444,3.0
1.0,yunnan,4.0,63.0,0.0,0.0,1.0,3969.0,0.0,9.0,7.1396604,1.0,0.0,978.0,8.2943001,4.0
0.0,yunnan,3.0,45.0,0.0,0.0,0.0,2025.0,0.0,9.0,9.5468836,1.0,0.0,978.0,9.5468836,3.0
0.0,yunnan,4.0,47.0,0.0,0.0,1.0,2209.0,0.0,6.0,10.308986,1.0,0.0,978.0,10.71444,3.0
0.0,yunnan,4.0,69.0,0.0,0.0,1.0,4761.0,1.0,6.0,6.6605749,1.0,0.0,978.0,10.933125,2.0
1.0,yunnan,3.0,41.0,0.0,0.0,1.0,1681.0,0.0,16.0,,1.0,0.0,978.0,12.611541,5.0
0.0,yunnan,3.0,69.0,0.0,0.0,1.0,4761.0,1.0,0.0,7.6014023,1.0,0.0,978.0,10.126671,2.0
1.0,yunnan,4.0,25.0,3.0445225,0.0,0.0,625.0,0.0,9.0,10.126671,1.0,0.0,978.0,10.434145,4.0
1.0,yunnan,4.0,41.0,1.0986123,1.0,1.0,1681.0,1.0,6.0,0.0,1.0,0.0,978.0,9.7981825,4.0
0.0,yunnan,3.0,38.0,0.0,0.0,1.0,1444.0,0.0,6.0,9.2104406,1.0,0.0,978.0,9.2104406,4.0
0.0,yunnan,4.0,47.0,0.0,1.0,1.0,2209.0,1.0,6.0,8.0067005,1.0,0.0,978.0,9.9988432,3.0
0.0,yunnan,5.0,50.0,1.7917595,1.0,1.0,2500.0,1.0,6.0,9.9035378,1.0,1.0,978.0,10.819798,3.0
1.0,yunnan,4.0,74.0,0.0,1.0,1.0,5476.0,1.0,0.0,0.0,1.0,0.0,978.0,0.0,2.0
1.0,yunnan,4.0,47.0,0.0,1.0,1.0,2209.0,0.0,9.0,9.6158724,1.0,0.0,978.0,10.308986,4.0
0.0,yunnan,2.0,59.0,0.0,1.0,1.0,3481.0,1.0,6.0,,1.0,0.0,978.0,,3.0
0.0,yunnan,4.0,22.0,0.0,0.0,1.0,484.0,0.0,12.0,10.308986,1.0,0.0,978.0,10.59666,5.0
1.0,yunnan,3.0,55.0,0.0,0.0,1.0,3025.0,0.0,0.0,10.308986,1.0,0.0,978.0,11.289794,5.0
1.0,yunnan,3.0,44.0,1.9459101,1.0,1.0,1936.0,0.0,6.0,9.2104406,1.0,0.0,978.0,9.9035378,5.0
0.0,yunnan,2.0,56.0,0.0,0.0,1.0,3136.0,1.0,0.0,0.0,1.0,0.0,978.0,8.0067005,1.0
1.0,yunnan,4.0,42.0,0.0,1.0,1.0,1764.0,0.0,6.0,10.308986,1.0,0.0,978.0,10.59666,4.0
1.0,yunnan,4.0,48.0,0.0,1.0,1.0,2304.0,0.0,9.0,9.1050911,1.0,0.0,978.0,9.7981825,3.0
0.0,yunnan,4.0,73.0,0.0,0.0,0.0,5329.0,0.0,6.0,0.0,1.0,0.0,978.0,10.819798,2.0
0.0,yunnan,4.0,20.0,0.0,0.0,0.0,400.0,0.0,12.0,8.8538084,1.0,0.0,978.0,9.9035378,4.0
1.0,yunnan,4.0,84.0,0.0,1.0,0.0,7056.0,1.0,0.0,,1.0,0.0,978.0,,2.0
0.0,yunnan,4.0,47.0,0.0,1.0,1.0,2209.0,0.0,0.0,8.9227915,1.0,0.0,978.0,9.6158724,2.0
0.0,yunnan,4.0,43.0,0.0,0.0,1.0,1849.0,1.0,9.0,7.6014023,1.0,0.0,978.0,9.6804066,3.0
1.0,yunnan,4.0,57.0,1.7917595,0.0,1.0,3249.0,0.0,12.0,10.085851,0.0,1.0,978.0,11.002116,3.0
0.0,yunnan,5.0,55.0,0.0,0.0,1.0,3025.0,0.0,6.0,8.9873219,1.0,0.0,978.0,9.9035378,2.0
1.0,yunnan,4.0,41.0,3.0445225,0.0,1.0,1681.0,0.0,15.0,,1.0,0.0,978.0,,4.0
0.0,yunnan,2.0,81.0,0.0,0.0,0.0,6561.0,1.0,6.0,9.6158724,1.0,0.0,978.0,9.2104406,2.0
1.0,yunnan,4.0,45.0,0.0,1.0,1.0,2025.0,1.0,0.0,8.5173931,1.0,0.0,978.0,9.2104406,5.0
1.0,yunnan,5.0,62.0,0.0,0.0,1.0,3844.0,0.0,0.0,6.9087548,1.0,0.0,978.0,8.5173931,1.0
0.0,yunnan,3.0,59.0,0.0,0.0,1.0,3481.0,0.0,9.0,0.0,1.0,0.0,978.0,0.0,3.0
1.0,yunnan,5.0,38.0,0.0,0.0,1.0,1444.0,1.0,16.0,11.472114,0.0,0.0,978.0,11.512936,3.0
0.0,yunnan,4.0,61.0,0.0,0.0,1.0,3721.0,1.0,0.0,6.1758671,1.0,0.0,978.0,10.308986,2.0
1.0,yunnan,4.0,78.0,0.0,1.0,0.0,6084.0,0.0,0.0,0.0,1.0,0.0,978.0,10.308986,4.0
0.0,yunnan,4.0,49.0,0.0,1.0,1.0,2401.0,0.0,6.0,9.4010429,1.0,0.0,978.0,10.968216,4.0
0.0,yunnan,4.0,68.0,0.0,0.0,1.0,4624.0,1.0,0.0,7.4960976,1.0,0.0,978.0,8.0067005,2.0
1.0,yunnan,3.0,79.0,0.0,1.0,0.0,6241.0,1.0,0.0,6.6605749,1.0,0.0,978.0,9.7981825,1.0
0.0,yunnan,4.0,59.0,0.0,1.0,1.0,3481.0,0.0,6.0,9.2104406,1.0,0.0,978.0,9.2104406,3.0
0.0,yunnan,4.0,60.0,0.0,0.0,1.0,3600.0,0.0,6.0,9.9035378,1.0,0.0,978.0,9.9035378,4.0
1.0,yunnan,1.0,30.0,0.0,0.0,1.0,900.0,1.0,9.0,0.0,1.0,0.0,978.0,8.0067005,1.0
1.0,yunnan,4.0,64.0,2.3978953,1.0,1.0,4096.0,0.0,12.0,,1.0,0.0,978.0,9.2104406,2.0
0.0,yunnan,5.0,37.0,0.0,1.0,1.0,1369.0,1.0,6.0,9.2104406,1.0,0.0,978.0,10.043293,3.0
0.0,yunnan,4.0,25.0,0.0,1.0,1.0,625.0,0.0,15.0,10.819798,1.0,0.0,978.0,12.42922,4.0
1.0,yunnan,3.0,62.0,0.0,0.0,1.0,3844.0,0.0,6.0,6.9087548,1.0,0.0,978.0,8.5173931,1.0
1.0,yunnan,4.0,56.0,1.7917595,0.0,1.0,3136.0,1.0,12.0,10.59666,0.0,0.0,978.0,11.002116,3.0
1.0,yunnan,4.0,35.0,0.0,0.0,1.0,1225.0,0.0,9.0,10.463132,1.0,1.0,978.0,11.002116,4.0
0.0,yunnan,4.0,30.0,0.0,0.0,1.0,900.0,1.0,9.0,0.0,1.0,0.0,978.0,11.918397,4.0
1.0,yunnan,4.0,56.0,0.0,0.0,1.0,3136.0,0.0,9.0,11.097425,1.0,0.0,978.0,9.1050911,3.0
1.0,yunnan,4.0,42.0,0.0,0.0,1.0,1764.0,0.0,6.0,10.126671,1.0,0.0,978.0,10.341775,4.0
1.0,yunnan,3.0,47.0,3.4339871,1.0,1.0,2209.0,1.0,9.0,9.9035378,1.0,0.0,978.0,10.308986,4.0
1.0,yunnan,3.0,21.0,1.7917595,1.0,0.0,441.0,0.0,12.0,10.59666,1.0,0.0,978.0,10.59666,3.0
0.0,yunnan,2.0,54.0,0.0,0.0,0.0,2916.0,1.0,0.0,6.9087548,1.0,0.0,978.0,9.2104406,2.0
0.0,yunnan,2.0,66.0,0.0,1.0,0.0,4356.0,1.0,0.0,7.7836404,1.0,0.0,978.0,8.5173931,2.0
0.0,yunnan,3.0,48.0,0.0,1.0,1.0,2304.0,1.0,6.0,,1.0,0.0,978.0,,2.0
0.0,yunnan,2.0,61.0,0.0,0.0,1.0,3721.0,0.0,6.0,7.9932823,1.0,1.0,978.0,9.2104406,2.0
0.0,yunnan,3.0,24.0,0.0,0.0,0.0,576.0,0.0,9.0,9.2104406,1.0,0.0,978.0,8.9873219,3.0
0.0,yunnan,4.0,38.0,0.0,0.0,1.0,1444.0,0.0,6.0,9.9035378,1.0,0.0,978.0,10.308986,4.0
0.0,yunnan,4.0,39.0,0.0,1.0,1.0,1521.0,1.0,6.0,9.392745,1.0,0.0,978.0,10.239996,4.0
0.0,yunnan,4.0,60.0,2.3978953,0.0,1.0,3600.0,0.0,6.0,7.6014023,1.0,0.0,978.0,9.9035378,3.0
1.0,yunnan,4.0,51.0,2.3978953,1.0,1.0,2601.0,1.0,9.0,0.0,1.0,0.0,978.0,10.59666,3.0
0.0,yunnan,4.0,32.0,0.0,0.0,1.0,1024.0,0.0,0.0,6.6858611,1.0,0.0,978.0,9.9035378,4.0
0.0,yunnan,4.0,56.0,0.0,1.0,1.0,3136.0,0.0,9.0,0.69314718,1.0,0.0,978.0,8.9873219,2.0
1.0,yunnan,2.0,62.0,0.0,1.0,1.0,3844.0,0.0,9.0,0.0,1.0,0.0,978.0,9.2104406,5.0
0.0,yunnan,4.0,51.0,0.0,0.0,1.0,2601.0,1.0,2.0,8.0067005,1.0,0.0,978.0,8.0067005,4.0
0.0,yunnan,4.0,30.0,0.0,1.0,1.0,900.0,0.0,9.0,9.2104406,1.0,0.0,978.0,9.2104406,4.0
1.0,yunnan,3.0,50.0,0.0,1.0,1.0,2500.0,1.0,0.0,8.8538084,1.0,0.0,978.0,9.9035378,3.0
0.0,yunnan,3.0,36.0,0.0,1.0,1.0,1296.0,1.0,6.0,9.2104406,1.0,0.0,978.0,10.308986,5.0
1.0,yunnan,2.0,38.0,0.0,1.0,1.0,1444.0,0.0,9.0,,1.0,0.0,978.0,,4.0
0.0,yunnan,2.0,37.0,2.7725887,1.0,1.0,1369.0,0.0,6.0,9.9523249,1.0,0.0,978.0,10.165891,1.0
0.0,yunnan,1.0,63.0,0.0,0.0,1.0,3969.0,0.0,6.0,6.9087548,0.0,0.0,978.0,8.9873219,3.0
0.0,yunnan,4.0,46.0,0.0,1.0,1.0,2116.0,1.0,6.0,9.2104406,1.0,0.0,978.0,10.308986,3.0
1.0,yunnan,4.0,22.0,1.0986123,0.0,0.0,484.0,1.0,12.0,0.0,1.0,0.0,978.0,9.7410278,4.0
0.0,yunnan,4.0,41.0,0.0,1.0,1.0,1681.0,0.0,6.0,10.308986,1.0,0.0,978.0,10.819798,4.0
0.0,yunnan,4.0,78.0,0.0,1.0,1.0,6084.0,0.0,0.0,8.5173931,0.0,0.0,978.0,,2.0
0.0,yunnan,2.0,35.0,0.0,0.0,1.0,1225.0,1.0,6.0,8.5173931,1.0,0.0,978.0,9.2104406,3.0
0.0,yunnan,3.0,58.0,0.0,0.0,1.0,3364.0,0.0,6.0,8.5173931,1.0,0.0,978.0,8.5173931,3.0
0.0,yunnan,4.0,68.0,0.0,1.0,1.0,4624.0,1.0,0.0,0.0,1.0,0.0,978.0,9.2104406,2.0
0.0,yunnan,4.0,56.0,0.0,0.0,1.0,3136.0,0.0,0.0,9.2104406,1.0,0.0,978.0,9.2104406,3.0
0.0,yunnan,4.0,55.0,0.0,0.0,1.0,3025.0,0.0,9.0,5.9939613,0.0,0.0,978.0,8.6996813,2.0
0.0,yunnan,4.0,67.0,0.0,0.0,0.0,4489.0,1.0,0.0,7.4960976,1.0,0.0,978.0,10.463132,3.0
0.0,yunnan,4.0,37.0,0.0,0.0,1.0,1369.0,1.0,6.0,8.0067005,1.0,0.0,978.0,8.1608038,4.0
0.0,yunnan,4.0,52.0,2.1972246,0.0,1.0,2704.0,1.0,0.0,8.5173931,1.0,0.0,978.0,9.2104406,4.0
0.0,yunnan,4.0,25.0,0.0,0.0,1.0,625.0,0.0,9.0,9.9035378,1.0,0.0,978.0,10.819798,5.0
0.0,yunnan,3.0,81.0,0.69314718,1.0,1.0,6561.0,0.0,0.0,0.0,1.0,0.0,978.0,9.9035378,1.0
0.0,yunnan,4.0,18.0,0.0,1.0,0.0,324.0,0.0,9.0,0.0,1.0,0.0,978.0,10.308986,4.0
0.0,yunnan,5.0,69.0,0.0,1.0,1.0,4761.0,0.0,9.0,10.819798,1.0,0.0,978.0,10.819798,3.0
0.0,yunnan,4.0,37.0,0.0,0.0,1.0,1369.0,0.0,6.0,9.9035378,1.0,0.0,978.0,10.308986,3.0
1.0,yunnan,4.0,42.0,0.0,1.0,1.0,1764.0,0.0,6.0,10.308986,1.0,0.0,978.0,10.308986,4.0
0.0,yunnan,3.0,54.0,0.0,0.0,1.0,2916.0,0.0,6.0,,1.0,0.0,978.0,,3.0
1.0,yunnan,4.0,74.0,0.0,1.0,1.0,5476.0,0.0,6.0,8.5173931,1.0,0.0,978.0,,1.0
0.0,yunnan,4.0,26.0,0.0,1.0,1.0,676.0,0.0,6.0,8.0067005,1.0,0.0,978.0,8.5173931,4.0
1.0,yunnan,5.0,55.0,0.0,1.0,1.0,3025.0,1.0,6.0,9.2104406,1.0,0.0,978.0,10.645449,3.0
0.0,yunnan,3.0,42.0,0.0,0.0,1.0,1764.0,1.0,9.0,7.6014023,1.0,0.0,978.0,10.308986,3.0
0.0,yunnan,5.0,46.0,0.0,0.0,1.0,2116.0,0.0,6.0,10.308986,1.0,0.0,978.0,10.933125,4.0
0.0,yunnan,2.0,45.0,0.0,0.0,0.0,2025.0,0.0,6.0,6.9087548,1.0,0.0,978.0,6.9087548,4.0
0.0,yunnan,4.0,20.0,0.0,1.0,1.0,400.0,1.0,12.0,10.308986,1.0,0.0,978.0,11.082158,5.0
0.0,yunnan,5.0,37.0,0.0,1.0,1.0,1369.0,1.0,12.0,8.2943001,1.0,1.0,978.0,8.9873219,3.0
0.0,yunnan,4.0,18.0,0.0,1.0,0.0,324.0,0.0,9.0,8.6996813,1.0,0.0,978.0,11.289794,5.0
0.0,yunnan,4.0,75.0,0.69314718,1.0,1.0,5625.0,1.0,9.0,7.6014023,0.0,1.0,978.0,9.9035378,3.0
1.0,yunnan,4.0,63.0,0.0,1.0,1.0,3969.0,0.0,9.0,0.0,1.0,0.0,978.0,0.0,2.0
0.0,yunnan,5.0,40.0,0.0,0.0,1.0,1600.0,0.0,12.0,8.8538084,1.0,0.0,978.0,8.8538084,4.0
0.0,yunnan,4.0,75.0,0.0,1.0,0.0,5625.0,1.0,0.0,7.3138866,1.0,0.0,978.0,9.9035378,4.0
1.0,yunnan,3.0,28.0,0.0,1.0,1.0,784.0,1.0,9.0,9.1050911,1.0,0.0,978.0,9.9035378,4.0
1.0,yunnan,4.0,67.0,2.3978953,1.0,1.0,4489.0,1.0,12.0,9.392745,0.0,0.0,978.0,11.512936,4.0
0.0,yunnan,4.0,22.0,0.0,1.0,1.0,484.0,1.0,6.0,8.0067005,1.0,0.0,978.0,8.2943001,2.0
0.0,yunnan,4.0,47.0,0.0,1.0,1.0,2209.0,0.0,9.0,11.289794,1.0,0.0,978.0,11.289794,5.0
0.0,yunnan,2.0,41.0,0.0,0.0,1.0,1681.0,0.0,6.0,8.9873219,1.0,0.0,978.0,9.6158724,3.0
0.0,yunnan,4.0,61.0,0.0,0.0,0.0,3721.0,0.0,6.0,,1.0,0.0,978.0,,4.0
0.0,yunnan,4.0,73.0,0.0,1.0,1.0,5329.0,1.0,0.0,6.9087548,1.0,0.0,978.0,,4.0
0.0,yunnan,4.0,39.0,0.0,0.0,1.0,1521.0,0.0,0.0,7.6014023,1.0,0.0,978.0,8.2943001,5.0
1.0,yunnan,4.0,46.0,0.69314718,0.0,1.0,2116.0,1.0,9.0,9.2104406,1.0,0.0,978.0,9.9035378,4.0
1.0,yunnan,4.0,42.0,0.4054651,0.0,1.0,1764.0,1.0,6.0,9.9035378,1.0,0.0,978.0,10.085851,2.0
1.0,yunnan,4.0,27.0,0.0,1.0,1.0,729.0,1.0,12.0,0.0,1.0,0.0,978.0,10.308986,4.0
0.0,yunnan,3.0,60.0,0.0,0.0,1.0,3600.0,0.0,12.0,7.3138866,1.0,0.0,978.0,8.5173931,3.0
1.0,yunnan,3.0,24.0,0.0,0.0,1.0,576.0,1.0,9.0,0.0,1.0,0.0,978.0,8.0067005,3.0
0.0,yunnan,4.0,49.0,0.0,0.0,1.0,2401.0,0.0,0.0,8.2943001,1.0,0.0,978.0,8.5173931,3.0
0.0,yunnan,3.0,46.0,1.0986123,1.0,1.0,2116.0,1.0,0.0,7.6014023,1.0,0.0,978.0,8.0067005,3.0
0.0,yunnan,4.0,68.0,0.0,0.0,1.0,4624.0,1.0,0.0,0.0,1.0,0.0,978.0,8.5173931,1.0
0.0,yunnan,3.0,31.0,0.0,0.0,1.0,961.0,0.0,6.0,9.9035378,1.0,0.0,978.0,11.002116,5.0
0.0,yunnan,4.0,32.0,0.0,1.0,1.0,1024.0,0.0,6.0,9.9035378,1.0,0.0,978.0,10.308986,2.0
1.0,yunnan,4.0,67.0,0.0,1.0,1.0,4489.0,1.0,6.0,0.0,1.0,0.0,978.0,,4.0
1.0,yunnan,4.0,33.0,0.0,1.0,1.0,1089.0,1.0,9.0,0.0,1.0,0.0,978.0,9.9035378,3.0
1.0,yunnan,3.0,50.0,0.0,1.0,1.0,2500.0,0.0,12.0,8.9873219,1.0,0.0,978.0,9.9035378,4.0
1.0,yunnan,4.0,46.0,0.0,1.0,1.0,2116.0,0.0,6.0,6.9087548,1.0,0.0,978.0,8.0067005,5.0
0.0,yunnan,4.0,19.0,2.3978953,1.0,0.0,361.0,1.0,15.0,0.0,1.0,0.0,978.0,10.308986,5.0
0.0,yunnan,4.0,54.0,0.0,0.0,1.0,2916.0,0.0,9.0,9.9035378,1.0,1.0,978.0,10.126671,4.0
1.0,yunnan,4.0,54.0,0.0,1.0,1.0,2916.0,0.0,12.0,10.308986,0.0,0.0,978.0,10.819798,4.0
0.0,yunnan,4.0,45.0,0.0,0.0,1.0,2025.0,0.0,0.0,9.9035378,1.0,0.0,978.0,10.308986,3.0
1.0,yunnan,3.0,76.0,2.7725887,1.0,1.0,5776.0,1.0,6.0,0.0,1.0,0.0,978.0,11.289794,2.0
1.0,yunnan,3.0,65.0,0.69314718,0.0,1.0,4225.0,1.0,2.0,6.9087548,1.0,0.0,978.0,0.0,2.0
0.0,yunnan,5.0,46.0,1.6094379,1.0,1.0,2116.0,1.0,6.0,8.2943001,1.0,0.0,978.0,10.59666,4.0
0.0,yunnan,4.0,50.0,0.0,1.0,1.0,2500.0,0.0,6.0,9.9035378,1.0,0.0,978.0,9.9035378,3.0
0.0,yunnan,4.0,67.0,0.0,1.0,1.0,4489.0,0.0,6.0,6.9087548,1.0,0.0,978.0,9.7981825,2.0
0.0,yunnan,4.0,59.0,0.0,1.0,1.0,3481.0,0.0,9.0,9.2104406,1.0,0.0,978.0,9.7981825,3.0
0.0,yunnan,4.0,46.0,0.0,1.0,1.0,2116.0,0.0,0.0,9.9035378,1.0,0.0,978.0,10.308986,3.0
0.0,yunnan,4.0,32.0,0.0,0.0,1.0,1024.0,1.0,6.0,6.9087548,1.0,0.0,978.0,8.0067005,5.0
1.0,yunnan,4.0,85.0,0.0,1.0,0.0,7225.0,0.0,9.0,6.9087548,1.0,0.0,978.0,9.2104406,4.0
0.0,yunnan,3.0,46.0,0.0,0.0,1.0,2116.0,1.0,9.0,9.2104406,1.0,0.0,978.0,9.2104406,2.0
0.0,yunnan,4.0,59.0,0.0,0.0,1.0,3481.0,1.0,0.0,8.5173931,1.0,0.0,978.0,10.59666,2.0
1.0,yunnan,4.0,69.0,0.0,1.0,1.0,4761.0,1.0,6.0,0.0,0.0,0.0,978.0,,3.0
0.0,yunnan,3.0,70.0,0.0,0.0,0.0,4900.0,1.0,0.0,6.3985949,0.0,0.0,978.0,9.9035378,3.0
0.0,yunnan,1.0,45.0,0.0,0.0,1.0,2025.0,1.0,6.0,9.2104406,1.0,0.0,978.0,10.463132,1.0
1.0,yunnan,3.0,46.0,0.4054651,1.0,1.0,2116.0,1.0,6.0,9.6158724,1.0,0.0,978.0,9.8522472,3.0
0.0,yunnan,4.0,74.0,0.0,0.0,1.0,5476.0,1.0,0.0,6.9087548,1.0,0.0,978.0,8.5173931,2.0
1.0,yunnan,5.0,73.0,0.0,0.0,1.0,5329.0,0.0,6.0,11.156265,1.0,0.0,978.0,8.8538084,5.0
1.0,yunnan,4.0,45.0,0.0,1.0,1.0,2025.0,1.0,9.0,8.5173931,0.0,0.0,978.0,9.9035378,2.0
0.0,yunnan,2.0,79.0,0.0,0.0,0.0,6241.0,1.0,0.0,6.8035054,1.0,0.0,978.0,8.9873219,1.0
1.0,yunnan,3.0,62.0,1.7917595,1.0,1.0,3844.0,1.0,9.0,8.2943001,1.0,0.0,978.0,8.9873219,2.0
0.0,yunnan,5.0,58.0,0.0,0.0,1.0,3364.0,0.0,6.0,8.2943001,1.0,0.0,978.0,8.9873219,2.0
1.0,yunnan,4.0,48.0,0.0,1.0,1.0,2304.0,0.0,6.0,8.6996813,1.0,0.0,978.0,9.2104406,5.0
0.0,yunnan,3.0,68.0,0.0,1.0,1.0,4624.0,0.0,6.0,0.0,1.0,0.0,978.0,,3.0
0.0,yunnan,3.0,46.0,0.0,1.0,1.0,2116.0,1.0,6.0,8.6996813,1.0,0.0,978.0,9.392745,4.0
0.0,yunnan,4.0,48.0,0.0,1.0,1.0,2304.0,1.0,6.0,8.0067005,1.0,0.0,978.0,10.59666,2.0
1.0,yunnan,4.0,33.0,0.0,1.0,1.0,1089.0,1.0,15.0,12.206078,1.0,1.0,978.0,12.611541,4.0
1.0,yunnan,4.0,69.0,2.3978953,1.0,1.0,4761.0,1.0,15.0,8.8538084,0.0,0.0,978.0,10.819798,3.0
0.0,yunnan,4.0,19.0,0.0,0.0,0.0,361.0,0.0,12.0,0.0,1.0,0.0,978.0,10.126671,3.0
0.0,yunnan,4.0,76.0,0.0,0.0,0.0,5776.0,0.0,0.0,8.7949762,1.0,0.0,978.0,,2.0
1.0,yunnan,5.0,47.0,0.0,0.0,1.0,2209.0,0.0,12.0,11.002116,1.0,0.0,978.0,11.289794,5.0
0.0,yunnan,2.0,60.0,0.0,0.0,1.0,3600.0,1.0,0.0,0.0,1.0,0.0,978.0,10.308986,3.0
0.0,yunnan,4.0,48.0,0.0,0.0,1.0,2304.0,0.0,6.0,9.9035378,1.0,0.0,978.0,10.126671,4.0
1.0,yunnan,4.0,63.0,0.0,1.0,1.0,3969.0,0.0,0.0,9.9035378,1.0,0.0,978.0,10.59666,3.0
1.0,yunnan,2.0,69.0,0.0,0.0,1.0,4761.0,0.0,9.0,9.9035378,1.0,0.0,978.0,9.2104406,4.0
1.0,yunnan,3.0,67.0,0.0,0.0,1.0,4489.0,1.0,0.0,6.2166061,1.0,0.0,978.0,10.308986,3.0
0.0,yunnan,4.0,36.0,0.0,0.0,1.0,1296.0,1.0,6.0,7.6014023,1.0,0.0,978.0,9.2104406,3.0
1.0,yunnan,4.0,63.0,2.3978953,1.0,1.0,3969.0,1.0,0.0,,0.0,0.0,978.0,,3.0
0.0,yunnan,4.0,46.0,0.0,1.0,1.0,2116.0,0.0,6.0,10.239996,1.0,0.0,978.0,11.002116,3.0
1.0,yunnan,5.0,33.0,0.0,0.0,1.0,1089.0,1.0,12.0,0.0,1.0,0.0,978.0,12.206078,2.0
1.0,yunnan,4.0,50.0,0.0,1.0,1.0,2500.0,1.0,6.0,8.9873219,1.0,0.0,978.0,10.126671,4.0
1.0,yunnan,4.0,20.0,1.9459101,0.0,0.0,400.0,0.0,16.0,8.3430777,0.0,0.0,978.0,12.206078,5.0
1.0,yunnan,4.0,51.0,0.0,1.0,1.0,2601.0,1.0,9.0,8.5173931,1.0,0.0,978.0,10.308986,4.0
1.0,yunnan,4.0,41.0,0.0,0.0,1.0,1681.0,1.0,0.0,10.819798,1.0,0.0,978.0,11.289794,4.0
0.0,yunnan,4.0,35.0,2.7725887,1.0,1.0,1225.0,0.0,12.0,9.2104406,1.0,1.0,978.0,9.9035378,5.0
0.0,yunnan,4.0,47.0,0.0,0.0,1.0,2209.0,1.0,9.0,6.2166061,1.0,0.0,978.0,9.4727812,2.0
0.0,yunnan,4.0,71.0,0.0,0.0,1.0,5041.0,0.0,6.0,7.8244457,1.0,0.0,978.0,8.5173931,3.0
1.0,yunnan,4.0,70.0,0.0,1.0,1.0,4900.0,0.0,0.0,0.0,1.0,0.0,978.0,9.2104406,5.0
0.0,yunnan,4.0,51.0,0.0,0.0,1.0,2601.0,0.0,6.0,9.9035378,1.0,0.0,978.0,9.9035378,4.0
1.0,yunnan,4.0,42.0,0.0,1.0,1.0,1764.0,0.0,9.0,9.9035378,0.0,0.0,978.0,9.9035378,3.0
0.0,yunnan,4.0,63.0,2.3978953,0.0,0.0,3969.0,1.0,0.0,6.9087548,1.0,0.0,978.0,,4.0
0.0,yunnan,4.0,24.0,0.0,0.0,0.0,576.0,1.0,9.0,9.2104406,1.0,0.0,978.0,9.3057413,4.0
1.0,yunnan,5.0,31.0,0.0,0.0,1.0,961.0,1.0,15.0,10.085851,0.0,0.0,978.0,10.819798,5.0
0.0,yunnan,3.0,52.0,0.0,0.0,0.0,2704.0,0.0,0.0,,1.0,0.0,978.0,,2.0
0.0,yunnan,4.0,48.0,0.0,1.0,1.0,2304.0,1.0,0.0,7.6014023,1.0,0.0,978.0,8.2943001,4.0
0.0,yunnan,3.0,67.0,0.0,0.0,1.0,4489.0,0.0,6.0,,1.0,0.0,978.0,6.9087548,3.0
0.0,yunnan,4.0,33.0,0.0,0.0,1.0,1089.0,1.0,0.0,0.0,1.0,0.0,978.0,9.9035378,5.0
1.0,yunnan,4.0,45.0,0.0,1.0,1.0,2025.0,0.0,9.0,0.0,1.0,0.0,978.0,10.308986,2.0
1.0,yunnan,4.0,75.0,0.0,0.0,0.0,5625.0,0.0,6.0,0.0,1.0,0.0,978.0,11.002116,2.0
1.0,yunnan,5.0,41.0,0.0,0.0,1.0,1681.0,0.0,15.0,10.59666,1.0,0.0,978.0,11.289794,5.0
0.0,yunnan,3.0,42.0,0.0,1.0,1.0,1764.0,1.0,6.0,9.2104406,1.0,0.0,978.0,10.308986,4.0
1.0,yunnan,4.0,70.0,0.0,0.0,1.0,4900.0,1.0,0.0,9.7981825,1.0,0.0,978.0,10.645449,4.0
0.0,yunnan,4.0,75.0,0.0,0.0,1.0,5625.0,1.0,0.0,,1.0,0.0,978.0,,4.0
0.0,yunnan,4.0,37.0,0.0,0.0,1.0,1369.0,0.0,6.0,9.9035378,1.0,0.0,978.0,10.308986,4.0
1.0,yunnan,2.0,49.0,0.0,1.0,0.0,2401.0,1.0,6.0,9.2104406,0.0,0.0,978.0,9.2104406,2.0
0.0,yunnan,2.0,55.0,2.3978953,0.0,1.0,3025.0,0.0,6.0,7.09091,1.0,0.0,978.0,9.2104406,3.0
1.0,yunnan,3.0,35.0,0.0,1.0,0.0,1225.0,0.0,6.0,9.392745,1.0,0.0,978.0,9.9035378,4.0
1.0,yunnan,5.0,21.0,2.3978953,0.0,0.0,441.0,1.0,12.0,0.0,1.0,0.0,978.0,7.6014023,4.0
0.0,yunnan,5.0,69.0,0.0,1.0,1.0,4761.0,0.0,6.0,6.9087548,1.0,0.0,978.0,7.6014023,4.0
0.0,yunnan,4.0,40.0,1.3862944,0.0,1.0,1600.0,1.0,0.0,7.6014023,1.0,0.0,978.0,7.6014023,3.0
1.0,yunnan,5.0,48.0,0.0,0.0,1.0,2304.0,0.0,12.0,10.308986,1.0,0.0,978.0,10.819798,4.0
1.0,yunnan,4.0,41.0,0.0,1.0,1.0,1681.0,0.0,9.0,9.9035378,1.0,0.0,978.0,10.819798,5.0
1.0,yunnan,4.0,26.0,0.0,1.0,0.0,676.0,1.0,9.0,7.6014023,1.0,0.0,978.0,9.6158724,3.0
0.0,yunnan,3.0,32.0,0.0,1.0,0.0,1024.0,0.0,6.0,8.9873219,1.0,0.0,978.0,9.6804066,3.0
0.0,yunnan,4.0,54.0,0.0,0.0,1.0,2916.0,0.0,6.0,9.9035378,1.0,0.0,978.0,10.59666,4.0
0.0,yunnan,4.0,69.0,0.91629076,1.0,1.0,4761.0,0.0,9.0,12.206078,1.0,0.0,978.0,12.206078,4.0
1.0,yunnan,4.0,23.0,0.0,0.0,1.0,529.0,0.0,0.0,11.002116,1.0,0.0,978.0,11.512936,4.0
1.0,yunnan,2.0,72.0,0.0,1.0,1.0,5184.0,0.0,0.0,0.0,1.0,0.0,978.0,8.2943001,1.0
1.0,yunnan,4.0,43.0,1.0986123,0.0,1.0,1849.0,0.0,9.0,11.066654,0.0,0.0,978.0,11.289794,4.0
1.0,yunnan,4.0,51.0,2.3978953,1.0,1.0,2601.0,1.0,9.0,10.59666,0.0,0.0,978.0,11.156265,2.0
1.0,yunnan,5.0,19.0,1.7917595,0.0,0.0,361.0,1.0,15.0,0.0,1.0,0.0,978.0,10.463132,5.0
1.0,yunnan,4.0,54.0,5.0172796,1.0,1.0,2916.0,1.0,6.0,9.6158724,0.0,0.0,978.0,9.7981825,3.0
0.0,yunnan,4.0,63.0,0.0,1.0,1.0,3969.0,0.0,9.0,11.002116,0.0,1.0,978.0,11.156265,3.0
1.0,yunnan,4.0,27.0,0.0,0.0,1.0,729.0,0.0,15.0,10.819798,1.0,0.0,978.0,12.206078,5.0
1.0,yunnan,2.0,46.0,0.0,1.0,1.0,2116.0,1.0,0.0,9.2104406,1.0,0.0,978.0,10.819798,4.0
0.0,yunnan,4.0,55.0,0.0,1.0,1.0,3025.0,1.0,12.0,9.9035378,1.0,1.0,978.0,10.308986,4.0
0.0,yunnan,2.0,65.0,0.0,0.0,0.0,4225.0,1.0,0.0,7.8410997,1.0,0.0,978.0,8.0067005,2.0
1.0,yunnan,4.0,28.0,2.7725887,1.0,1.0,784.0,1.0,15.0,0.0,1.0,0.0,978.0,,4.0
1.0,yunnan,4.0,32.0,0.0,1.0,1.0,1024.0,0.0,9.0,10.819798,1.0,0.0,978.0,11.512936,4.0
0.0,yunnan,4.0,24.0,0.0,0.0,0.0,576.0,1.0,9.0,9.9035378,1.0,0.0,978.0,10.308986,4.0
0.0,yunnan,4.0,46.0,0.0,0.0,1.0,2116.0,0.0,0.0,8.8538084,1.0,0.0,978.0,9.9035378,4.0
1.0,yunnan,4.0,42.0,2.7725887,1.0,1.0,1764.0,0.0,6.0,10.043293,1.0,0.0,978.0,10.491302,4.0
0.0,yunnan,4.0,42.0,0.0,0.0,1.0,1764.0,1.0,0.0,9.6158724,1.0,0.0,978.0,10.308986,2.0
1.0,yunnan,4.0,84.0,0.0,1.0,1.0,7056.0,1.0,0.0,8.5173931,1.0,0.0,978.0,9.2104406,3.0
0.0,yunnan,4.0,49.0,0.0,0.0,0.0,2401.0,0.0,6.0,9.9035378,1.0,0.0,978.0,9.9035378,5.0
0.0,yunnan,1.0,34.0,0.0,0.0,1.0,1156.0,0.0,9.0,9.9035378,1.0,0.0,978.0,9.392745,3.0
0.0,yunnan,5.0,36.0,0.0,0.0,1.0,1296.0,1.0,9.0,9.2104406,1.0,0.0,978.0,10.308986,5.0
0.0,yunnan,4.0,77.0,0.0,0.0,1.0,5929.0,0.0,0.0,7.6014023,1.0,0.0,978.0,10.165891,2.0
0.0,yunnan,4.0,34.0,2.3978953,1.0,1.0,1156.0,1.0,6.0,9.2104406,1.0,0.0,978.0,9.9988432,3.0
1.0,yunnan,4.0,28.0,0.0,1.0,1.0,784.0,1.0,12.0,0.0,1.0,0.0,978.0,9.2104406,5.0
0.0,yunnan,4.0,40.0,0.0,0.0,1.0,1600.0,1.0,6.0,10.59666,1.0,0.0,978.0,9.9035378,3.0
0.0,yunnan,4.0,71.0,2.3978953,0.0,1.0,5041.0,0.0,0.0,8.2943001,1.0,0.0,978.0,8.412055,2.0
0.0,yunnan,4.0,24.0,0.0,0.0,1.0,576.0,1.0,9.0,8.0067005,1.0,0.0,978.0,10.308986,4.0
0.0,yunnan,4.0,67.0,0.0,0.0,1.0,4489.0,1.0,6.0,0.0,1.0,0.0,978.0,0.0,5.0
1.0,yunnan,4.0,42.0,0.0,1.0,1.0,1764.0,0.0,9.0,9.9035378,1.0,0.0,978.0,10.59666,4.0
0.0,yunnan,2.0,56.0,0.0,1.0,1.0,3136.0,0.0,9.0,0.0,1.0,0.0,978.0,9.4727812,3.0
0.0,yunnan,4.0,44.0,0.0,1.0,1.0,1936.0,1.0,9.0,9.2104406,1.0,0.0,978.0,10.59666,3.0
1.0,yunnan,4.0,43.0,0.0,1.0,1.0,1849.0,0.0,12.0,8.2943001,1.0,0.0,978.0,9.9035378,2.0
0.0,yunnan,4.0,48.0,0.0,1.0,1.0,2304.0,0.0,6.0,9.9035378,1.0,0.0,978.0,10.126671,5.0
0.0,yunnan,5.0,71.0,0.0,0.0,1.0,5041.0,0.0,6.0,,1.0,0.0,978.0,9.9035378,4.0
0.0,yunnan,4.0,32.0,0.0,0.0,0.0,1024.0,0.0,6.0,9.9035378,1.0,0.0,978.0,10.308986,3.0
0.0,yunnan,4.0,62.0,0.0,1.0,1.0,3844.0,1.0,6.0,0.0,1.0,0.0,978.0,,3.0
0.0,yunnan,4.0,35.0,0.0,0.0,1.0,1225.0,1.0,0.0,8.0067005,1.0,0.0,978.0,8.5173931,3.0
0.0,yunnan,4.0,49.0,0.0,0.0,1.0,2401.0,0.0,6.0,8.5173931,1.0,0.0,978.0,8.9873219,2.0
1.0,yunnan,4.0,67.0,0.0,1.0,1.0,4489.0,0.0,6.0,10.59666,0.0,0.0,978.0,10.59666,2.0
0.0,yunnan,3.0,64.0,0.0,0.0,1.0,4096.0,1.0,0.0,,1.0,0.0,978.0,,1.0
1.0,yunnan,5.0,70.0,0.0,0.0,1.0,4900.0,0.0,6.0,8.5173931,0.0,0.0,978.0,9.2104406,3.0
0.0,yunnan,4.0,56.0,2.1972246,1.0,1.0,3136.0,0.0,6.0,10.59666,1.0,0.0,978.0,10.819798,4.0
0.0,yunnan,5.0,71.0,0.0,1.0,1.0,5041.0,1.0,6.0,8.8538084,1.0,0.0,978.0,9.392745,4.0
1.0,yunnan,1.0,60.0,0.0,1.0,0.0,3600.0,1.0,6.0,8.2943001,1.0,0.0,978.0,9.2104406,2.0
0.0,yunnan,4.0,38.0,2.3978953,0.0,1.0,1444.0,1.0,0.0,9.6158724,1.0,0.0,978.0,9.6158724,5.0
1.0,yunnan,3.0,43.0,0.0,0.0,1.0,1849.0,1.0,0.0,0.0,1.0,0.0,978.0,10.308986,4.0
1.0,yunnan,4.0,37.0,4.6151204,0.0,1.0,1369.0,1.0,9.0,0.0,1.0,0.0,978.0,11.512936,5.0
0.0,yunnan,4.0,53.0,0.0,1.0,1.0,2809.0,0.0,0.0,0.0,1.0,0.0,978.0,9.9035378,4.0
1.0,yunnan,4.0,35.0,0.0,1.0,1.0,1225.0,0.0,12.0,,1.0,0.0,978.0,,4.0
0.0,yunnan,4.0,56.0,0.0,1.0,1.0,3136.0,1.0,6.0,7.9377317,1.0,0.0,978.0,10.668979,3.0
0.0,yunnan,4.0,42.0,2.7725887,1.0,1.0,1764.0,1.0,6.0,8.5173931,1.0,1.0,978.0,9.9035378,4.0
1.0,yunnan,1.0,52.0,0.0,1.0,1.0,2704.0,1.0,9.0,9.1050911,1.0,0.0,978.0,9.9035378,4.0
1.0,yunnan,4.0,46.0,2.3978953,0.0,0.0,2116.0,1.0,9.0,8.5173931,0.0,0.0,978.0,10.463132,5.0
0.0,yunnan,5.0,25.0,0.0,0.0,1.0,625.0,0.0,9.0,0.0,1.0,0.0,978.0,10.59666,3.0
1.0,yunnan,4.0,67.0,0.0,0.0,1.0,4489.0,0.0,6.0,10.239996,0.0,1.0,978.0,,3.0
1.0,yunnan,4.0,71.0,0.0,1.0,1.0,5041.0,0.0,6.0,0.0,1.0,0.0,978.0,8.8538084,5.0
1.0,yunnan,4.0,62.0,0.0,0.0,0.0,3844.0,1.0,12.0,10.308986,0.0,1.0,978.0,11.512936,5.0
0.0,yunnan,3.0,44.0,0.0,1.0,1.0,1936.0,1.0,6.0,8.2943001,1.0,0.0,978.0,9.2104406,2.0
1.0,yunnan,4.0,37.0,0.0,0.0,1.0,1369.0,1.0,0.0,9.9035378,1.0,0.0,978.0,9.9035378,4.0
0.0,yunnan,4.0,36.0,0.0,0.0,1.0,1296.0,0.0,6.0,10.308986,1.0,0.0,978.0,10.308986,3.0
1.0,yunnan,4.0,28.0,1.7917595,0.0,1.0,784.0,0.0,9.0,10.126671,0.0,0.0,978.0,10.71444,4.0
0.0,yunnan,3.0,82.0,0.0,1.0,0.0,6724.0,1.0,0.0,7.6211953,1.0,0.0,978.0,7.6211953,1.0
0.0,yunnan,3.0,33.0,1.0986123,1.0,1.0,1089.0,0.0,9.0,9.9035378,1.0,0.0,978.0,10.308986,3.0
1.0,yunnan,5.0,40.0,0.0,0.0,1.0,1600.0,1.0,9.0,10.915107,0.0,0.0,978.0,11.695255,5.0
0.0,yunnan,5.0,67.0,0.0,1.0,1.0,4489.0,1.0,0.0,,1.0,0.0,978.0,,4.0
0.0,yunnan,4.0,31.0,0.0,1.0,1.0,961.0,0.0,6.0,9.9035378,1.0,0.0,978.0,10.59666,3.0
0.0,yunnan,5.0,43.0,0.0,1.0,1.0,1849.0,0.0,6.0,9.4727812,1.0,0.0,978.0,10.819798,4.0
0.0,yunnan,4.0,39.0,0.0,1.0,1.0,1521.0,0.0,6.0,8.5173931,1.0,0.0,978.0,9.2104406,5.0
1.0,yunnan,5.0,51.0,0.0,0.0,1.0,2601.0,0.0,12.0,11.002116,0.0,1.0,978.0,11.289794,5.0
0.0,yunnan,4.0,22.0,0.0,0.0,0.0,484.0,0.0,6.0,10.308986,1.0,,978.0,,4.0
0.0,yunnan,3.0,46.0,0.0,0.0,1.0,2116.0,0.0,6.0,,1.0,0.0,978.0,,3.0
0.0,yunnan,4.0,19.0,2.7725887,1.0,0.0,361.0,0.0,12.0,,1.0,0.0,978.0,9.9035378,5.0
0.0,yunnan,5.0,49.0,0.0,1.0,1.0,2401.0,1.0,0.0,9.2104406,1.0,0.0,978.0,10.819798,3.0
1.0,yunnan,2.0,51.0,0.0,1.0,1.0,2601.0,1.0,0.0,0.0,1.0,0.0,978.0,9.9035378,2.0
0.0,yunnan,4.0,43.0,0.0,0.0,1.0,1849.0,1.0,6.0,8.0067005,1.0,0.0,978.0,9.2104406,1.0
0.0,yunnan,4.0,20.0,0.0,1.0,1.0,400.0,1.0,9.0,9.2104406,1.0,0.0,978.0,10.819798,4.0
1.0,yunnan,4.0,55.0,0.0,1.0,1.0,3025.0,0.0,0.0,9.9035378,1.0,0.0,978.0,9.9035378,4.0
0.0,yunnan,3.0,50.0,0.0,1.0,1.0,2500.0,0.0,6.0,9.392745,1.0,0.0,978.0,9.9035378,4.0
1.0,yunnan,5.0,35.0,0.0,0.0,1.0,1225.0,1.0,9.0,0.0,1.0,0.0,978.0,10.819798,5.0
1.0,yunnan,4.0,66.0,0.0,1.0,1.0,4356.0,0.0,9.0,0.0,1.0,0.0,978.0,10.59666,5.0
0.0,yunnan,5.0,51.0,0.0,1.0,1.0,2601.0,1.0,6.0,8.2943001,1.0,0.0,978.0,9.6158724,3.0
1.0,yunnan,4.0,33.0,0.0,1.0,1.0,1089.0,0.0,9.0,9.392745,1.0,0.0,978.0,9.392745,4.0
0.0,yunnan,4.0,52.0,0.0,1.0,0.0,2704.0,0.0,6.0,9.6158724,1.0,0.0,978.0,9.9035378,4.0
1.0,yunnan,4.0,27.0,0.0,1.0,1.0,729.0,1.0,9.0,10.308986,1.0,0.0,978.0,11.002116,4.0
1.0,yunnan,5.0,44.0,0.0,0.0,1.0,1936.0,1.0,16.0,11.289794,0.0,0.0,978.0,11.695255,3.0
0.0,yunnan,4.0,46.0,0.0,0.0,1.0,2116.0,0.0,0.0,0.0,1.0,0.0,978.0,0.0,2.0
0.0,yunnan,4.0,48.0,0.0,0.0,1.0,2304.0,1.0,0.0,9.6158724,1.0,0.0,978.0,10.126671,3.0
0.0,yunnan,4.0,86.0,0.0,1.0,0.0,7396.0,0.0,0.0,8.2943001,1.0,0.0,978.0,8.5173931,3.0
0.0,yunnan,3.0,60.0,1.7917595,1.0,0.0,3600.0,0.0,6.0,6.3985949,1.0,0.0,978.0,9.2104406,1.0
0.0,yunnan,4.0,75.0,0.0,0.0,0.0,5625.0,1.0,0.0,0.0,1.0,0.0,978.0,10.308986,2.0
0.0,yunnan,2.0,45.0,0.0,1.0,1.0,2025.0,1.0,6.0,0.0,1.0,0.0,978.0,9.392745,3.0
1.0,yunnan,2.0,34.0,0.0,1.0,0.0,1156.0,1.0,6.0,8.2943001,1.0,0.0,978.0,8.0067005,2.0
1.0,yunnan,3.0,30.0,0.0,0.0,1.0,900.0,1.0,6.0,10.819798,1.0,0.0,978.0,10.819798,4.0
0.0,yunnan,4.0,48.0,0.0,1.0,1.0,2304.0,0.0,12.0,8.6996813,1.0,0.0,978.0,9.6804066,4.0
0.0,yunnan,5.0,52.0,0.0,1.0,1.0,2704.0,0.0,9.0,8.0067005,1.0,0.0,978.0,9.9035378,2.0
1.0,yunnan,5.0,43.0,0.0,0.0,1.0,1849.0,0.0,16.0,11.289794,0.0,0.0,978.0,11.849405,3.0
0.0,yunnan,4.0,48.0,0.0,1.0,1.0,2304.0,0.0,6.0,9.2104406,1.0,0.0,978.0,10.59666,3.0
0.0,yunnan,4.0,56.0,0.0,1.0,1.0,3136.0,0.0,6.0,8.9873219,1.0,0.0,978.0,10.373523,2.0
0.0,yunnan,4.0,58.0,0.0,1.0,1.0,3364.0,1.0,6.0,8.5173931,0.0,0.0,978.0,9.2104406,2.0
0.0,yunnan,5.0,57.0,0.0,0.0,1.0,3249.0,1.0,0.0,9.6158724,1.0,0.0,978.0,10.308986,2.0
0.0,yunnan,4.0,31.0,0.0,1.0,1.0,961.0,1.0,0.0,8.5173931,1.0,0.0,978.0,10.59666,5.0
0.0,yunnan,3.0,80.0,0.0,0.0,1.0,6400.0,1.0,6.0,,1.0,0.0,978.0,,2.0
0.0,yunnan,3.0,47.0,0.0,0.0,1.0,2209.0,0.0,12.0,10.59666,1.0,0.0,978.0,11.002116,3.0
0.0,yunnan,4.0,58.0,0.0,1.0,1.0,3364.0,1.0,6.0,0.0,1.0,0.0,978.0,10.59666,2.0
0.0,yunnan,5.0,38.0,0.0,0.0,1.0,1444.0,0.0,6.0,10.308986,1.0,0.0,978.0,10.308986,3.0
0.0,yunnan,3.0,35.0,0.0,0.0,1.0,1225.0,1.0,6.0,8.0067005,1.0,0.0,978.0,9.9035378,4.0
0.0,yunnan,5.0,68.0,0.0,0.0,1.0,4624.0,0.0,0.0,8.5173931,1.0,0.0,978.0,9.2104406,2.0
0.0,yunnan,3.0,46.0,0.0,0.0,0.0,2116.0,0.0,6.0,9.9035378,1.0,0.0,978.0,9.2104406,3.0
0.0,yunnan,5.0,65.0,0.0,1.0,1.0,4225.0,0.0,0.0,9.392745,1.0,0.0,978.0,9.4727812,4.0
0.0,yunnan,4.0,81.0,0.0,0.0,0.0,6561.0,1.0,0.0,0.0,1.0,0.0,978.0,0.0,1.0
0.0,yunnan,3.0,52.0,0.0,0.0,1.0,2704.0,1.0,9.0,0.0,1.0,0.0,978.0,8.2943001,2.0
1.0,shaanxi,4.0,42.0,0.0,0.0,0.0,1764.0,0.0,6.0,9.392745,1.0,0.0,1128.0,9.7111759,1.0
1.0,shaanxi,4.0,44.0,0.0,0.0,1.0,1936.0,0.0,15.0,10.71444,0.0,1.0,1128.0,13.304687,4.0
1.0,shaanxi,4.0,26.0,0.0,0.0,0.0,676.0,0.0,15.0,10.308986,1.0,1.0,1128.0,11.918397,4.0
1.0,shaanxi,2.0,39.0,0.0,0.0,1.0,1521.0,1.0,6.0,9.2104406,0.0,0.0,1128.0,9.9035378,2.0
1.0,shaanxi,4.0,67.0,0.0,0.0,1.0,4489.0,1.0,0.0,0.0,0.0,0.0,1128.0,0.0,4.0
1.0,shaanxi,4.0,31.0,0.0,0.0,1.0,961.0,0.0,16.0,12.793862,0.0,1.0,1128.0,12.899222,4.0
1.0,shaanxi,5.0,52.0,2.3978953,0.0,1.0,2704.0,1.0,6.0,9.6158724,1.0,0.0,1128.0,11.002116,3.0
1.0,shaanxi,5.0,35.0,0.0,0.0,1.0,1225.0,0.0,16.0,10.819798,0.0,1.0,1128.0,11.512936,4.0
1.0,shaanxi,4.0,52.0,0.0,0.0,1.0,2704.0,0.0,9.0,10.819798,0.0,0.0,1128.0,13.710151,4.0
0.0,shaanxi,5.0,60.0,1.7917595,0.0,1.0,3600.0,0.0,9.0,8.6126852,1.0,0.0,1128.0,9.3057413,3.0
1.0,shaanxi,5.0,64.0,0.0,0.0,1.0,4096.0,0.0,9.0,11.002116,0.0,1.0,1128.0,11.002116,3.0
0.0,shaanxi,5.0,55.0,0.0,0.0,1.0,3025.0,0.0,9.0,8.6996813,1.0,0.0,1128.0,9.392745,4.0
1.0,shaanxi,5.0,77.0,0.0,0.0,0.0,5929.0,1.0,0.0,0.0,0.0,0.0,1128.0,,5.0
0.0,shaanxi,5.0,57.0,0.0,0.0,1.0,3249.0,1.0,0.0,10.819798,1.0,0.0,1128.0,10.819798,1.0
1.0,shaanxi,5.0,66.0,0.0,0.0,1.0,4356.0,0.0,9.0,11.695255,0.0,1.0,1128.0,11.695255,2.0
1.0,shaanxi,4.0,33.0,0.0,0.0,1.0,1089.0,0.0,15.0,10.308986,1.0,0.0,1128.0,10.308986,4.0
1.0,shaanxi,4.0,64.0,0.0,0.0,0.0,4096.0,0.0,6.0,9.6550903,1.0,0.0,1128.0,9.6550903,3.0
1.0,shaanxi,4.0,60.0,0.0,0.0,1.0,3600.0,0.0,9.0,9.4335642,1.0,1.0,1128.0,10.126671,4.0
1.0,shaanxi,4.0,61.0,0.0,0.0,1.0,3721.0,0.0,9.0,10.308986,0.0,0.0,1128.0,10.361577,4.0
1.0,shaanxi,4.0,48.0,0.0,0.0,0.0,2304.0,0.0,9.0,9.9035378,1.0,0.0,1128.0,9.9035378,5.0
1.0,shaanxi,4.0,72.0,0.0,0.0,0.0,5184.0,0.0,0.0,0.0,0.0,0.0,1128.0,7.8244457,3.0
0.0,shaanxi,4.0,60.0,0.0,0.0,1.0,3600.0,0.0,0.0,0.0,1.0,0.0,1128.0,9.9035378,1.0
1.0,shaanxi,4.0,40.0,0.0,0.0,0.0,1600.0,0.0,12.0,10.463132,0.0,1.0,1128.0,11.002116,4.0
1.0,shaanxi,4.0,40.0,0.0,0.0,0.0,1600.0,1.0,6.0,8.8538084,1.0,0.0,1128.0,9.6158724,5.0
1.0,shaanxi,4.0,21.0,0.0,0.0,0.0,441.0,1.0,16.0,8.0067005,0.0,0.0,1128.0,11.289794,4.0
1.0,shaanxi,5.0,68.0,0.0,0.0,1.0,4624.0,0.0,12.0,7.6014023,1.0,0.0,1128.0,,5.0
1.0,shaanxi,4.0,72.0,0.0,0.0,1.0,5184.0,1.0,6.0,9.1696224,1.0,0.0,1128.0,10.59666,3.0
1.0,shaanxi,2.0,48.0,0.0,0.0,0.0,2304.0,1.0,9.0,9.6158724,0.0,0.0,1128.0,9.6158724,4.0
1.0,shaanxi,3.0,61.0,0.0,0.0,0.0,3721.0,0.0,9.0,9.7981825,1.0,0.0,1128.0,,3.0
1.0,shaanxi,1.0,63.0,0.0,0.0,1.0,3969.0,1.0,9.0,6.8035054,1.0,0.0,1128.0,8.5173931,3.0
1.0,shaanxi,3.0,45.0,0.0,0.0,0.0,2025.0,1.0,12.0,0.0,1.0,0.0,1128.0,10.819798,3.0
0.0,shaanxi,4.0,58.0,0.0,0.0,1.0,3364.0,0.0,9.0,8.9873219,1.0,0.0,1128.0,9.9035378,2.0
1.0,shaanxi,5.0,64.0,0.0,0.0,0.0,4096.0,1.0,0.0,0.0,0.0,0.0,1128.0,11.002116,1.0
0.0,shaanxi,4.0,47.0,0.0,0.0,1.0,2209.0,0.0,9.0,11.289794,1.0,0.0,1128.0,11.289794,4.0
0.0,shaanxi,3.0,59.0,0.0,0.0,1.0,3481.0,0.0,12.0,9.3501892,1.0,0.0,1128.0,10.043293,3.0
1.0,shaanxi,1.0,60.0,0.0,0.0,0.0,3600.0,1.0,12.0,0.0,0.0,0.0,1128.0,0.0,2.0
1.0,shaanxi,4.0,27.0,0.0,0.0,0.0,729.0,1.0,15.0,9.9035378,0.0,0.0,1128.0,10.819798,5.0
1.0,shaanxi,2.0,46.0,0.0,0.0,0.0,2116.0,0.0,9.0,,0.0,1.0,1128.0,,5.0
0.0,shaanxi,5.0,69.0,0.0,0.0,0.0,4761.0,1.0,6.0,9.2104406,1.0,0.0,1128.0,,2.0
1.0,shaanxi,4.0,67.0,0.0,0.0,1.0,4489.0,1.0,6.0,8.0067005,1.0,0.0,1128.0,8.6996813,2.0
0.0,shaanxi,5.0,64.0,0.0,0.0,1.0,4096.0,0.0,6.0,8.1608038,1.0,0.0,1128.0,8.8538084,5.0
1.0,shaanxi,4.0,57.0,0.0,0.0,1.0,3249.0,1.0,12.0,10.59666,0.0,0.0,1128.0,11.002116,4.0
1.0,shaanxi,2.0,40.0,0.0,0.0,0.0,1600.0,0.0,9.0,10.308986,0.0,0.0,1128.0,10.59666,4.0
1.0,shaanxi,4.0,35.0,0.0,0.0,1.0,1225.0,1.0,9.0,10.308986,0.0,0.0,1128.0,11.156265,5.0
1.0,shaanxi,5.0,56.0,0.0,0.0,1.0,3136.0,1.0,6.0,10.308986,1.0,0.0,1128.0,11.002116,5.0
1.0,shaanxi,2.0,63.0,0.0,0.0,1.0,3969.0,0.0,0.0,8.4971943,1.0,0.0,1128.0,9.2104406,4.0
0.0,shaanxi,4.0,51.0,0.69314718,0.0,1.0,2601.0,1.0,6.0,7.6014023,1.0,0.0,1128.0,,5.0
1.0,shaanxi,3.0,67.0,0.0,0.0,1.0,4489.0,1.0,12.0,,1.0,0.0,1128.0,8.1608038,1.0
1.0,shaanxi,4.0,34.0,0.0,0.0,1.0,1156.0,1.0,12.0,10.59666,0.0,0.0,1128.0,11.289794,4.0
0.0,shaanxi,4.0,20.0,3.9318256,0.0,0.0,400.0,1.0,16.0,7.8244457,1.0,0.0,1128.0,9.9035378,4.0
1.0,shaanxi,3.0,22.0,5.3033047,0.0,0.0,484.0,0.0,16.0,,0.0,0.0,1128.0,11.407576,3.0
0.0,shaanxi,4.0,44.0,0.0,0.0,1.0,1936.0,1.0,9.0,8.5173931,1.0,0.0,1128.0,9.2104406,4.0
1.0,shaanxi,5.0,75.0,0.0,0.0,1.0,5625.0,0.0,6.0,8.1889668,0.0,0.0,1128.0,8.9873219,3.0
0.0,shaanxi,4.0,76.0,3.9318256,0.0,1.0,5776.0,1.0,6.0,7.3138866,1.0,0.0,1128.0,8.6996813,2.0
1.0,shaanxi,5.0,32.0,0.0,0.0,1.0,1024.0,0.0,15.0,11.002116,0.0,0.0,1128.0,11.002116,5.0
0.0,shaanxi,1.0,52.0,0.0,0.0,1.0,2704.0,0.0,0.0,8.5173931,1.0,0.0,1128.0,9.2104406,2.0
1.0,shaanxi,4.0,66.0,0.0,0.0,0.0,4356.0,0.0,6.0,9.2104406,1.0,0.0,1128.0,9.2104406,2.0
1.0,shaanxi,4.0,26.0,0.0,0.0,0.0,676.0,0.0,15.0,,0.0,0.0,1128.0,11.512936,3.0
1.0,shaanxi,4.0,40.0,0.0,0.0,0.0,1600.0,1.0,9.0,11.156265,1.0,0.0,1128.0,11.512936,4.0
1.0,shaanxi,4.0,36.0,0.0,0.0,1.0,1296.0,0.0,15.0,10.71444,1.0,0.0,1128.0,11.289794,5.0
1.0,shaanxi,4.0,46.0,0.0,0.0,1.0,2116.0,0.0,9.0,9.9035378,1.0,0.0,1128.0,12.899222,3.0
1.0,shaanxi,4.0,77.0,0.0,0.0,0.0,5929.0,1.0,6.0,7.1708884,1.0,0.0,1128.0,,2.0
0.0,shaanxi,1.0,46.0,0.0,0.0,1.0,2116.0,0.0,0.0,10.308986,1.0,0.0,1128.0,10.59666,2.0
1.0,shaanxi,4.0,54.0,0.0,0.0,1.0,2916.0,1.0,12.0,8.5173931,1.0,0.0,1128.0,8.5173931,2.0
1.0,shaanxi,4.0,35.0,0.0,0.0,1.0,1225.0,1.0,15.0,11.289794,1.0,0.0,1128.0,11.289794,4.0
1.0,shaanxi,4.0,29.0,0.0,0.0,0.0,841.0,0.0,12.0,10.308986,1.0,0.0,1128.0,10.308986,5.0
1.0,shaanxi,3.0,61.0,0.0,0.0,1.0,3721.0,0.0,9.0,0.0,0.0,0.0,1128.0,0.0,3.0
1.0,shaanxi,4.0,56.0,0.0,0.0,1.0,3136.0,0.0,9.0,9.4727812,1.0,1.0,1128.0,10.308986,5.0
1.0,shaanxi,5.0,33.0,0.0,0.0,1.0,1089.0,0.0,15.0,10.59666,0.0,0.0,1128.0,10.819798,5.0
1.0,shaanxi,4.0,18.0,0.0,0.0,0.0,324.0,0.0,16.0,0.0,1.0,0.0,1128.0,11.002116,5.0
1.0,shaanxi,3.0,57.0,0.0,0.0,1.0,3249.0,0.0,9.0,8.0067005,1.0,0.0,1128.0,10.239996,2.0
1.0,shaanxi,5.0,51.0,0.0,0.0,1.0,2601.0,0.0,9.0,10.308986,1.0,0.0,1128.0,9.9035378,4.0
1.0,shaanxi,4.0,30.0,0.0,0.0,1.0,900.0,0.0,6.0,10.308986,1.0,0.0,1128.0,10.308986,5.0
1.0,shaanxi,4.0,22.0,0.0,0.0,0.0,484.0,1.0,16.0,9.9035378,1.0,0.0,1128.0,11.289794,5.0
1.0,shaanxi,4.0,48.0,0.0,0.0,1.0,2304.0,0.0,9.0,10.59666,1.0,0.0,1128.0,11.002116,4.0
1.0,shaanxi,3.0,23.0,2.3978953,0.0,0.0,529.0,0.0,12.0,11.002116,0.0,0.0,1128.0,11.156265,4.0
1.0,shaanxi,4.0,57.0,0.0,0.0,1.0,3249.0,0.0,6.0,0.0,1.0,0.0,1128.0,10.308986,4.0
1.0,shaanxi,4.0,35.0,0.0,0.0,1.0,1225.0,0.0,15.0,10.308986,0.0,0.0,1128.0,10.819798,4.0
1.0,shaanxi,2.0,40.0,0.0,0.0,1.0,1600.0,0.0,9.0,10.819798,1.0,0.0,1128.0,10.819798,2.0
1.0,shaanxi,5.0,25.0,0.0,0.0,0.0,625.0,0.0,12.0,9.9035378,0.0,0.0,1128.0,12.206078,5.0
1.0,shaanxi,2.0,34.0,0.0,0.0,1.0,1156.0,0.0,9.0,,1.0,0.0,1128.0,9.9035378,3.0
1.0,shaanxi,4.0,56.0,0.0,0.0,1.0,3136.0,1.0,9.0,0.0,0.0,0.0,1128.0,10.308986,4.0
1.0,shaanxi,5.0,27.0,0.0,0.0,1.0,729.0,1.0,9.0,0.0,1.0,0.0,1128.0,10.308986,2.0
1.0,shaanxi,4.0,56.0,0.0,0.0,1.0,3136.0,0.0,9.0,9.6158724,1.0,0.0,1128.0,10.308986,3.0
1.0,shaanxi,3.0,56.0,0.0,0.0,1.0,3136.0,0.0,0.0,11.918397,0.0,0.0,1128.0,11.918397,4.0
1.0,shaanxi,5.0,24.0,0.0,0.0,1.0,576.0,1.0,9.0,9.9035378,1.0,0.0,1128.0,10.308986,5.0
1.0,shaanxi,5.0,37.0,0.0,0.0,0.0,1369.0,1.0,0.0,10.308986,0.0,0.0,1128.0,11.002116,2.0
1.0,shaanxi,3.0,74.0,0.0,0.0,0.0,5476.0,1.0,9.0,0.0,1.0,0.0,1128.0,11.695255,2.0
1.0,shaanxi,4.0,55.0,0.0,0.0,1.0,3025.0,0.0,12.0,10.819798,0.0,1.0,1128.0,11.002116,4.0
1.0,shaanxi,4.0,58.0,0.0,0.0,1.0,3364.0,1.0,0.0,0.0,1.0,0.0,1128.0,10.819798,3.0
1.0,shaanxi,2.0,50.0,0.0,0.0,1.0,2500.0,0.0,6.0,,1.0,0.0,1128.0,,3.0
1.0,shaanxi,4.0,64.0,0.0,0.0,1.0,4096.0,1.0,0.0,7.6014023,1.0,0.0,1128.0,8.0067005,3.0
0.0,shaanxi,3.0,48.0,0.0,0.0,1.0,2304.0,0.0,9.0,10.308986,1.0,0.0,1128.0,11.695255,4.0
1.0,shaanxi,4.0,62.0,0.0,0.0,1.0,3844.0,0.0,6.0,8.5173931,0.0,0.0,1128.0,9.2104406,3.0
0.0,shaanxi,4.0,45.0,2.3978953,0.0,1.0,2025.0,0.0,9.0,9.2104406,1.0,0.0,1128.0,9.9035378,4.0
1.0,shaanxi,3.0,44.0,1.3862944,0.0,1.0,1936.0,0.0,9.0,10.308986,1.0,0.0,1128.0,10.308986,3.0
1.0,shaanxi,4.0,42.0,0.0,0.0,1.0,1764.0,0.0,9.0,11.002116,1.0,0.0,1128.0,9.4727812,5.0
1.0,shaanxi,3.0,31.0,5.7071104,0.0,1.0,961.0,1.0,16.0,10.308986,1.0,0.0,1128.0,11.407576,5.0
1.0,shaanxi,4.0,72.0,0.0,0.0,1.0,5184.0,0.0,6.0,7.6501689,1.0,0.0,1128.0,9.6158724,4.0
0.0,shaanxi,4.0,29.0,2.7725887,0.0,1.0,841.0,1.0,15.0,10.308986,0.0,0.0,1128.0,10.59666,5.0
1.0,shaanxi,4.0,55.0,0.0,0.0,1.0,3025.0,1.0,15.0,9.392745,1.0,0.0,1128.0,10.819798,4.0
0.0,shaanxi,4.0,71.0,0.0,0.0,1.0,5041.0,1.0,9.0,0.0,1.0,0.0,1128.0,0.0,1.0
0.0,shaanxi,4.0,42.0,0.0,0.0,1.0,1764.0,1.0,6.0,9.2104406,1.0,0.0,1128.0,11.512936,2.0
1.0,shaanxi,2.0,60.0,0.0,0.0,1.0,3600.0,1.0,0.0,9.2104406,1.0,0.0,1128.0,9.2104406,1.0
1.0,shaanxi,4.0,74.0,0.0,0.0,0.0,5476.0,1.0,0.0,7.6014023,0.0,0.0,1128.0,8.0067005,2.0
1.0,shaanxi,1.0,41.0,0.0,0.0,1.0,1681.0,0.0,0.0,9.2104406,1.0,0.0,1128.0,9.2104406,4.0
1.0,shaanxi,4.0,55.0,0.0,0.0,1.0,3025.0,1.0,9.0,9.2104406,1.0,0.0,1128.0,9.392745,4.0
1.0,shaanxi,4.0,46.0,0.0,0.0,1.0,2116.0,0.0,9.0,9.392745,0.0,1.0,1128.0,9.392745,3.0
0.0,shaanxi,4.0,56.0,0.0,0.0,1.0,3136.0,0.0,9.0,11.002116,1.0,0.0,1128.0,11.002116,4.0
1.0,shaanxi,4.0,36.0,3.0445225,0.0,1.0,1296.0,1.0,12.0,11.608245,1.0,0.0,1128.0,11.002116,3.0
1.0,shaanxi,4.0,57.0,0.0,0.0,1.0,3249.0,1.0,9.0,0.0,1.0,0.0,1128.0,9.2104406,4.0
0.0,shaanxi,4.0,39.0,0.0,0.0,1.0,1521.0,1.0,6.0,8.412055,1.0,0.0,1128.0,8.9873219,5.0
1.0,shaanxi,4.0,72.0,0.0,0.0,0.0,5184.0,1.0,6.0,7.6014023,1.0,0.0,1128.0,8.5173931,1.0
0.0,shaanxi,4.0,30.0,0.0,0.0,1.0,900.0,0.0,12.0,10.819798,1.0,0.0,1128.0,12.04356,4.0
0.0,shaanxi,4.0,63.0,0.0,0.0,1.0,3969.0,0.0,6.0,9.6646595,1.0,0.0,1128.0,11.002116,1.0
1.0,shaanxi,4.0,60.0,0.0,0.0,1.0,3600.0,1.0,9.0,9.9035378,0.0,0.0,1128.0,9.9035378,4.0
1.0,shaanxi,5.0,67.0,0.0,0.0,0.0,4489.0,1.0,0.0,9.2104406,0.0,0.0,1128.0,9.9035378,4.0
1.0,shaanxi,4.0,29.0,0.0,0.0,0.0,841.0,0.0,12.0,10.819798,0.0,0.0,1128.0,11.156265,4.0
1.0,shaanxi,4.0,33.0,0.0,0.0,0.0,1089.0,1.0,12.0,10.819798,0.0,0.0,1128.0,10.819798,5.0
1.0,shaanxi,4.0,33.0,0.0,0.0,0.0,1089.0,1.0,15.0,10.819798,0.0,0.0,1128.0,11.407576,5.0
1.0,shaanxi,4.0,40.0,0.0,0.0,1.0,1600.0,1.0,9.0,9.2104406,1.0,0.0,1128.0,9.9035378,4.0
1.0,shaanxi,4.0,40.0,0.0,0.0,1.0,1600.0,0.0,9.0,10.308986,0.0,0.0,1128.0,11.002116,4.0
0.0,shaanxi,5.0,36.0,0.0,0.0,1.0,1296.0,1.0,9.0,0.0,1.0,0.0,1128.0,11.156265,5.0
0.0,shaanxi,5.0,71.0,0.0,0.0,0.0,5041.0,0.0,6.0,0.0,1.0,0.0,1128.0,0.0,2.0
1.0,shaanxi,1.0,56.0,0.0,0.0,1.0,3136.0,0.0,6.0,9.7981825,1.0,0.0,1128.0,10.341775,3.0
1.0,shaanxi,3.0,61.0,0.0,0.0,1.0,3721.0,1.0,9.0,6.9087548,1.0,0.0,1128.0,,2.0
0.0,shaanxi,4.0,20.0,5.7071104,0.0,0.0,400.0,1.0,9.0,10.308986,1.0,0.0,1128.0,11.512936,5.0
1.0,shaanxi,1.0,45.0,0.0,0.0,1.0,2025.0,1.0,6.0,0.0,1.0,0.0,1128.0,10.308986,4.0
1.0,shaanxi,4.0,38.0,2.3978953,0.0,1.0,1444.0,1.0,9.0,9.9035378,1.0,0.0,1128.0,10.819798,5.0
0.0,shaanxi,5.0,72.0,0.0,0.0,1.0,5184.0,1.0,0.0,7.6014023,0.0,0.0,1128.0,,4.0
1.0,shaanxi,4.0,60.0,0.0,0.0,1.0,3600.0,1.0,0.0,7.3138866,1.0,0.0,1128.0,8.5173931,4.0
1.0,shaanxi,5.0,33.0,0.0,0.0,1.0,1089.0,0.0,9.0,10.126671,1.0,1.0,1128.0,10.308986,5.0
1.0,shaanxi,4.0,58.0,0.0,0.0,1.0,3364.0,0.0,9.0,0.0,0.0,0.0,1128.0,0.0,4.0
1.0,shaanxi,3.0,54.0,0.0,0.0,0.0,2916.0,1.0,0.0,8.5173931,0.0,0.0,1128.0,8.5173931,4.0
0.0,shaanxi,2.0,49.0,0.0,0.0,1.0,2401.0,1.0,6.0,0.0,1.0,0.0,1128.0,9.9035378,2.0
0.0,shaanxi,4.0,55.0,0.0,0.0,1.0,3025.0,1.0,9.0,8.5173931,1.0,0.0,1128.0,9.392745,2.0
1.0,shaanxi,4.0,29.0,0.0,0.0,1.0,841.0,1.0,15.0,9.9035378,0.0,1.0,1128.0,10.819798,4.0
1.0,shaanxi,4.0,22.0,0.0,0.0,0.0,484.0,1.0,15.0,0.0,1.0,0.0,1128.0,11.512936,5.0
1.0,shaanxi,4.0,27.0,2.3978953,0.0,0.0,729.0,1.0,15.0,9.9035378,0.0,1.0,1128.0,9.9035378,5.0
1.0,shaanxi,4.0,33.0,0.0,0.0,1.0,1089.0,1.0,9.0,10.463132,1.0,0.0,1128.0,11.002116,4.0
1.0,shaanxi,4.0,33.0,4.6151204,0.0,1.0,1089.0,0.0,16.0,10.59666,0.0,1.0,1128.0,11.289794,4.0
1.0,shaanxi,4.0,49.0,0.0,0.0,1.0,2401.0,1.0,12.0,0.0,0.0,0.0,1128.0,9.2104406,4.0
0.0,shaanxi,4.0,41.0,0.0,0.0,0.0,1681.0,0.0,9.0,9.9035378,1.0,0.0,1128.0,10.308986,3.0
1.0,shaanxi,4.0,20.0,0.0,0.0,0.0,400.0,1.0,12.0,5.7071104,1.0,0.0,1128.0,,5.0
1.0,shaanxi,3.0,47.0,0.0,0.0,1.0,2209.0,0.0,6.0,9.9035378,1.0,0.0,1128.0,10.59666,4.0
1.0,shaanxi,3.0,68.0,0.0,0.0,0.0,4624.0,0.0,12.0,10.518701,0.0,0.0,1128.0,10.518701,1.0
1.0,shaanxi,1.0,72.0,0.0,0.0,1.0,5184.0,1.0,0.0,9.1696224,1.0,0.0,1128.0,9.1696224,2.0
1.0,shaanxi,4.0,29.0,0.0,0.0,0.0,841.0,1.0,12.0,10.463132,0.0,0.0,1128.0,10.819798,3.0
0.0,shaanxi,3.0,41.0,0.0,0.0,1.0,1681.0,0.0,6.0,0.0,1.0,0.0,1128.0,9.2104406,1.0
0.0,shaanxi,5.0,61.0,0.0,0.0,1.0,3721.0,1.0,6.0,8.9873219,1.0,0.0,1128.0,,5.0
1.0,shaanxi,4.0,23.0,0.0,0.0,0.0,529.0,0.0,15.0,10.308986,0.0,0.0,1128.0,11.512936,4.0
1.0,shaanxi,2.0,55.0,0.0,0.0,1.0,3025.0,0.0,9.0,9.9035378,1.0,0.0,1128.0,9.9035378,4.0
1.0,shaanxi,4.0,67.0,0.0,0.0,1.0,4489.0,0.0,12.0,10.819798,0.0,0.0,1128.0,11.918397,3.0
0.0,shaanxi,4.0,73.0,0.0,0.0,0.0,5329.0,1.0,6.0,4.8751974,1.0,0.0,1128.0,,4.0
1.0,shaanxi,5.0,35.0,3.0445225,0.0,1.0,1225.0,1.0,9.0,10.308986,1.0,0.0,1128.0,11.002116,5.0
1.0,shaanxi,4.0,27.0,0.0,0.0,1.0,729.0,1.0,15.0,9.9035378,1.0,0.0,1128.0,10.819798,4.0
1.0,shaanxi,4.0,30.0,0.0,0.0,1.0,900.0,1.0,12.0,10.308986,1.0,1.0,1128.0,12.899222,5.0
1.0,shaanxi,4.0,53.0,4.1108737,0.0,1.0,2809.0,1.0,9.0,9.9035378,1.0,0.0,1128.0,11.002116,5.0
1.0,shaanxi,3.0,28.0,0.0,0.0,0.0,784.0,0.0,9.0,11.002116,1.0,0.0,1128.0,11.002116,4.0
1.0,shaanxi,4.0,40.0,0.0,0.0,1.0,1600.0,0.0,12.0,11.002116,0.0,1.0,1128.0,11.918397,5.0
1.0,shaanxi,5.0,72.0,0.0,0.0,1.0,5184.0,0.0,9.0,10.819798,0.0,0.0,1128.0,10.819798,5.0
1.0,shaanxi,4.0,26.0,0.0,0.0,0.0,676.0,0.0,16.0,10.308986,0.0,0.0,1128.0,11.407576,3.0
0.0,shaanxi,5.0,60.0,0.0,0.0,1.0,3600.0,1.0,0.0,7.8244457,1.0,0.0,1128.0,10.819798,5.0
1.0,shaanxi,4.0,40.0,0.0,0.0,1.0,1600.0,0.0,15.0,10.59666,0.0,0.0,1128.0,11.695255,4.0
1.0,shaanxi,4.0,64.0,0.0,0.0,1.0,4096.0,0.0,9.0,8.6996813,1.0,0.0,1128.0,8.6996813,3.0
0.0,shaanxi,3.0,62.0,0.0,0.0,1.0,3844.0,1.0,0.0,0.0,1.0,0.0,1128.0,8.2943001,2.0
0.0,shaanxi,4.0,42.0,0.0,0.0,1.0,1764.0,0.0,9.0,11.407576,1.0,1.0,1128.0,11.407576,3.0
1.0,shaanxi,4.0,48.0,0.0,0.0,1.0,2304.0,1.0,12.0,9.2104406,1.0,0.0,1128.0,9.9035378,3.0
1.0,shaanxi,4.0,26.0,2.7725887,0.0,1.0,676.0,1.0,15.0,0.0,0.0,0.0,1128.0,,4.0
1.0,shaanxi,4.0,60.0,0.0,0.0,1.0,3600.0,0.0,6.0,9.2104406,1.0,0.0,1128.0,10.308986,4.0
1.0,shaanxi,4.0,57.0,0.0,0.0,1.0,3249.0,1.0,12.0,0.0,1.0,1.0,1128.0,9.6158724,3.0
1.0,shaanxi,4.0,32.0,0.0,0.0,1.0,1024.0,1.0,9.0,0.0,1.0,0.0,1128.0,10.819798,4.0
0.0,shaanxi,4.0,55.0,0.0,0.0,1.0,3025.0,1.0,9.0,8.5173931,1.0,0.0,1128.0,10.463132,1.0
0.0,shaanxi,5.0,76.0,0.0,0.0,0.0,5776.0,0.0,9.0,9.6158724,1.0,0.0,1128.0,9.6158724,2.0
0.0,shaanxi,3.0,31.0,0.0,0.0,1.0,961.0,1.0,9.0,0.0,1.0,0.0,1128.0,11.775297,2.0
0.0,shaanxi,3.0,48.0,0.0,0.0,1.0,2304.0,1.0,6.0,7.3138866,1.0,0.0,1128.0,9.9035378,4.0
0.0,shaanxi,5.0,55.0,0.0,0.0,1.0,3025.0,0.0,9.0,9.7981825,1.0,0.0,1128.0,9.7981825,4.0
1.0,shaanxi,2.0,48.0,0.0,0.0,0.0,2304.0,1.0,12.0,,1.0,0.0,1128.0,,2.0
1.0,shaanxi,5.0,74.0,0.0,0.0,1.0,5476.0,1.0,0.0,8.1608038,1.0,0.0,1128.0,,4.0
0.0,shaanxi,4.0,44.0,0.0,0.0,1.0,1936.0,0.0,9.0,9.1050911,1.0,1.0,1128.0,9.1050911,5.0
0.0,shaanxi,4.0,63.0,0.0,0.0,1.0,3969.0,1.0,6.0,7.6014023,1.0,0.0,1128.0,10.126671,3.0
1.0,shaanxi,4.0,73.0,1.7917595,0.0,0.0,5329.0,1.0,0.0,0.0,1.0,0.0,1128.0,11.289794,4.0
1.0,shaanxi,4.0,80.0,0.0,0.0,1.0,6400.0,0.0,6.0,10.819798,0.0,1.0,1128.0,10.819798,3.0
0.0,shaanxi,4.0,27.0,0.0,0.0,1.0,729.0,1.0,15.0,0.0,1.0,0.0,1128.0,11.156265,4.0
1.0,shaanxi,5.0,37.0,0.0,0.0,1.0,1369.0,1.0,12.0,10.819798,0.0,0.0,1128.0,11.512936,5.0
0.0,shaanxi,4.0,72.0,0.0,0.0,1.0,5184.0,1.0,9.0,9.2104406,1.0,0.0,1128.0,11.002116,5.0
0.0,shaanxi,4.0,40.0,0.0,0.0,1.0,1600.0,0.0,9.0,9.2104406,1.0,0.0,1128.0,9.9035378,5.0
1.0,shaanxi,4.0,78.0,0.0,0.0,0.0,6084.0,0.0,9.0,10.308986,1.0,0.0,1128.0,10.59666,3.0
1.0,shaanxi,4.0,19.0,0.0,0.0,0.0,361.0,1.0,16.0,0.0,0.0,0.0,1128.0,,4.0
1.0,shaanxi,4.0,74.0,0.0,0.0,1.0,5476.0,1.0,9.0,0.0,1.0,0.0,1128.0,9.9035378,4.0
0.0,shaanxi,4.0,60.0,0.0,0.0,1.0,3600.0,1.0,0.0,0.0,1.0,0.0,1128.0,0.0,3.0
0.0,shaanxi,1.0,50.0,0.0,0.0,1.0,2500.0,1.0,9.0,8.2943001,1.0,0.0,1128.0,10.59666,1.0
1.0,shaanxi,4.0,61.0,0.0,0.0,1.0,3721.0,1.0,9.0,0.0,1.0,1.0,1128.0,8.5173931,4.0
0.0,shaanxi,3.0,42.0,0.0,0.0,1.0,1764.0,1.0,6.0,,1.0,0.0,1128.0,10.819798,5.0
0.0,shaanxi,2.0,47.0,0.0,0.0,1.0,2209.0,1.0,6.0,7.8244457,1.0,0.0,1128.0,8.5173931,1.0
1.0,shaanxi,4.0,20.0,0.0,0.0,0.0,400.0,0.0,15.0,0.0,1.0,1.0,1128.0,9.9035378,4.0
1.0,shaanxi,4.0,56.0,0.0,0.0,1.0,3136.0,1.0,9.0,0.0,1.0,0.0,1128.0,10.819798,1.0
0.0,shaanxi,4.0,55.0,0.0,0.0,1.0,3025.0,1.0,0.0,9.2104406,1.0,0.0,1128.0,9.2104406,2.0
0.0,shaanxi,4.0,29.0,0.0,0.0,1.0,841.0,1.0,6.0,0.0,1.0,0.0,1128.0,11.002116,2.0
1.0,shaanxi,5.0,20.0,0.0,0.0,0.0,400.0,1.0,12.0,0.0,1.0,0.0,1128.0,11.002116,5.0
0.0,shaanxi,5.0,44.0,3.9318256,0.0,1.0,1936.0,1.0,9.0,0.0,0.0,0.0,1128.0,0.0,5.0
1.0,shaanxi,2.0,61.0,0.0,0.0,1.0,3721.0,1.0,0.0,7.09091,0.0,0.0,1128.0,10.318936,3.0
1.0,shaanxi,5.0,64.0,0.0,0.0,1.0,4096.0,0.0,0.0,8.5173931,1.0,0.0,1128.0,8.5173931,5.0
1.0,shaanxi,5.0,81.0,0.0,0.0,1.0,6561.0,0.0,9.0,8.2163582,1.0,0.0,1128.0,8.6126852,5.0
0.0,shaanxi,5.0,31.0,2.3978953,0.0,1.0,961.0,1.0,15.0,10.308986,1.0,0.0,1128.0,11.512936,5.0
1.0,shaanxi,4.0,29.0,3.713572,0.0,1.0,841.0,0.0,12.0,12.42922,1.0,0.0,1128.0,13.304687,4.0
0.0,shaanxi,4.0,63.0,0.0,0.0,0.0,3969.0,0.0,6.0,8.6996813,1.0,0.0,1128.0,8.6996813,2.0
1.0,shaanxi,5.0,66.0,0.0,0.0,0.0,4356.0,1.0,0.0,7.09091,1.0,0.0,1128.0,,5.0
1.0,shaanxi,3.0,53.0,0.0,0.0,1.0,2809.0,0.0,6.0,9.9035378,1.0,0.0,1128.0,10.819798,5.0
1.0,shaanxi,3.0,42.0,0.0,0.0,0.0,1764.0,0.0,9.0,8.6996813,1.0,0.0,1128.0,9.2104406,4.0
0.0,shaanxi,4.0,44.0,0.0,0.0,1.0,1936.0,0.0,9.0,10.463132,0.0,0.0,1128.0,10.59666,4.0
1.0,shaanxi,4.0,62.0,0.0,0.0,1.0,3844.0,0.0,12.0,8.0067005,1.0,0.0,1128.0,8.9873219,3.0
0.0,shaanxi,3.0,50.0,0.0,0.0,1.0,2500.0,1.0,6.0,9.2104406,1.0,0.0,1128.0,10.59666,3.0
1.0,shaanxi,4.0,55.0,0.0,0.0,1.0,3025.0,1.0,6.0,8.6126852,1.0,0.0,1128.0,8.9227915,4.0
0.0,shaanxi,4.0,59.0,0.0,0.0,1.0,3481.0,1.0,9.0,9.2104406,1.0,0.0,1128.0,10.915107,3.0
0.0,shaanxi,4.0,46.0,0.0,0.0,1.0,2116.0,1.0,9.0,9.2104406,1.0,0.0,1128.0,11.082158,5.0
1.0,shaanxi,3.0,46.0,0.0,0.0,1.0,2116.0,1.0,9.0,9.7981825,1.0,0.0,1128.0,10.308986,3.0
1.0,shaanxi,5.0,24.0,0.0,0.0,0.0,576.0,1.0,16.0,11.156265,0.0,0.0,1128.0,11.407576,4.0
1.0,shaanxi,3.0,55.0,0.0,0.0,1.0,3025.0,1.0,12.0,9.2104406,1.0,0.0,1128.0,11.156265,5.0
1.0,shaanxi,5.0,55.0,0.0,0.0,1.0,3025.0,1.0,0.0,10.308986,1.0,0.0,1128.0,10.308986,4.0
0.0,shaanxi,5.0,65.0,0.0,1.0,0.0,4225.0,1.0,0.0,5.3033047,1.0,0.0,1128.0,7.6014023,1.0
1.0,shaanxi,5.0,74.0,0.0,0.0,1.0,5476.0,0.0,0.0,6.9087548,1.0,0.0,1128.0,7.6014023,4.0
0.0,shaanxi,4.0,54.0,0.0,0.0,1.0,2916.0,0.0,9.0,8.9227915,1.0,0.0,1128.0,9.9035378,5.0
0.0,shaanxi,5.0,51.0,0.0,0.0,1.0,2601.0,1.0,9.0,10.126671,1.0,0.0,1128.0,11.512936,3.0
1.0,shaanxi,4.0,68.0,3.0445225,0.0,0.0,4624.0,1.0,0.0,7.6014023,1.0,0.0,1128.0,8.8538084,4.0
1.0,shaanxi,4.0,73.0,0.0,0.0,1.0,5329.0,0.0,0.0,7.3138866,1.0,0.0,1128.0,7.9377317,2.0
0.0,shaanxi,5.0,73.0,0.0,0.0,0.0,5329.0,1.0,6.0,7.6014023,1.0,0.0,1128.0,10.308986,2.0
1.0,shaanxi,2.0,47.0,0.0,0.0,1.0,2209.0,0.0,9.0,10.71444,1.0,0.0,1128.0,11.407576,3.0
1.0,shaanxi,4.0,45.0,3.9318256,0.0,1.0,2025.0,1.0,9.0,9.2104406,1.0,0.0,1128.0,10.308986,1.0
1.0,shaanxi,5.0,67.0,0.0,0.0,1.0,4489.0,0.0,6.0,10.72417,1.0,0.0,1128.0,10.776474,5.0
0.0,shaanxi,1.0,80.0,0.0,0.0,0.0,6400.0,1.0,6.0,0.0,1.0,0.0,1128.0,,1.0
0.0,shaanxi,5.0,62.0,3.9318256,0.0,1.0,3844.0,0.0,9.0,9.392745,1.0,0.0,1128.0,10.126671,2.0
1.0,shaanxi,4.0,46.0,0.0,0.0,1.0,2116.0,1.0,6.0,8.9873219,1.0,0.0,1128.0,9.7981825,5.0
0.0,shaanxi,5.0,77.0,0.0,0.0,1.0,5929.0,1.0,0.0,7.6014023,1.0,0.0,1128.0,9.9988432,4.0
0.0,shaanxi,3.0,40.0,0.0,0.0,1.0,1600.0,1.0,9.0,8.5173931,1.0,0.0,1128.0,10.308986,4.0
0.0,shaanxi,4.0,69.0,0.0,0.0,1.0,4761.0,0.0,6.0,6.9087548,1.0,0.0,1128.0,9.9035378,2.0
1.0,shaanxi,4.0,40.0,0.0,0.0,1.0,1600.0,0.0,9.0,9.9035378,1.0,0.0,1128.0,10.308986,4.0
1.0,shaanxi,4.0,55.0,0.0,0.0,1.0,3025.0,0.0,6.0,9.9035378,1.0,0.0,1128.0,10.308986,2.0
0.0,shaanxi,4.0,67.0,0.0,0.0,1.0,4489.0,1.0,0.0,7.6014023,1.0,0.0,1128.0,8.0067005,1.0
1.0,shaanxi,4.0,56.0,0.0,0.0,1.0,3136.0,0.0,9.0,7.8244457,0.0,0.0,1128.0,7.8244457,4.0
0.0,shaanxi,4.0,78.0,0.0,0.0,1.0,6084.0,0.0,6.0,8.9620075,1.0,1.0,1128.0,9.6550903,2.0
0.0,shaanxi,4.0,51.0,0.0,0.0,1.0,2601.0,0.0,6.0,9.2104406,1.0,0.0,1128.0,9.2104406,2.0
1.0,shaanxi,5.0,27.0,0.0,0.0,1.0,729.0,1.0,9.0,0.0,1.0,0.0,1128.0,,5.0
1.0,shaanxi,2.0,63.0,0.0,0.0,1.0,3969.0,1.0,0.0,,1.0,0.0,1128.0,8.0067005,1.0
1.0,shaanxi,2.0,34.0,0.0,0.0,1.0,1156.0,1.0,12.0,0.0,0.0,0.0,1128.0,9.2104406,4.0
0.0,shaanxi,5.0,48.0,0.0,0.0,1.0,2304.0,0.0,9.0,9.9035378,1.0,0.0,1128.0,10.308986,5.0
1.0,shaanxi,4.0,63.0,0.0,0.0,1.0,3969.0,1.0,0.0,0.0,1.0,0.0,1128.0,10.915107,4.0
1.0,shaanxi,4.0,77.0,0.0,0.0,1.0,5929.0,0.0,12.0,10.59666,0.0,0.0,1128.0,10.819798,2.0
0.0,shaanxi,3.0,64.0,0.0,0.0,0.0,4096.0,0.0,0.0,0.0,1.0,0.0,1128.0,9.9035378,3.0
1.0,shaanxi,5.0,41.0,0.0,0.0,1.0,1681.0,0.0,9.0,9.9035378,0.0,1.0,1128.0,9.9035378,5.0
0.0,shaanxi,5.0,76.0,0.0,0.0,0.0,5776.0,0.0,6.0,7.9519114,1.0,0.0,1128.0,9.9035378,3.0
1.0,shaanxi,5.0,78.0,0.0,0.0,1.0,6084.0,1.0,0.0,7.09091,1.0,0.0,1128.0,7.7836404,2.0
0.0,shaanxi,5.0,69.0,0.0,0.0,1.0,4761.0,0.0,6.0,9.2104406,1.0,0.0,1128.0,9.4727812,4.0
0.0,shaanxi,3.0,63.0,0.0,0.0,1.0,3969.0,0.0,6.0,9.2104406,1.0,1.0,1128.0,9.2104406,2.0
1.0,shaanxi,5.0,36.0,0.0,0.0,1.0,1296.0,0.0,9.0,10.59666,1.0,0.0,1128.0,11.695255,5.0
0.0,shaanxi,5.0,69.0,0.0,0.0,0.0,4761.0,1.0,6.0,9.0120115,1.0,0.0,1128.0,,2.0
0.0,shaanxi,4.0,49.0,0.0,0.0,1.0,2401.0,1.0,6.0,8.5173931,1.0,0.0,1128.0,,5.0
0.0,shaanxi,4.0,51.0,0.0,0.0,1.0,2601.0,1.0,6.0,10.915107,1.0,0.0,1128.0,11.608245,5.0
0.0,shaanxi,3.0,60.0,0.0,0.0,1.0,3600.0,0.0,9.0,8.0067005,1.0,0.0,1128.0,9.6158724,3.0
1.0,shaanxi,4.0,70.0,0.0,0.0,1.0,4900.0,1.0,6.0,9.2104406,1.0,0.0,1128.0,9.2104406,1.0
1.0,shaanxi,4.0,71.0,0.0,0.0,0.0,5041.0,1.0,0.0,0.0,1.0,0.0,1128.0,0.0,2.0
0.0,shaanxi,4.0,54.0,0.0,0.0,1.0,2916.0,1.0,9.0,9.9035378,1.0,0.0,1128.0,11.512936,4.0
1.0,shaanxi,1.0,46.0,0.0,0.0,1.0,2116.0,0.0,6.0,10.308986,1.0,0.0,1128.0,10.819798,2.0
1.0,shaanxi,4.0,62.0,0.0,0.0,0.0,3844.0,1.0,6.0,7.6014023,1.0,0.0,1128.0,9.9035378,2.0
0.0,shaanxi,5.0,51.0,0.0,0.0,1.0,2601.0,1.0,9.0,9.4727812,1.0,0.0,1128.0,10.59666,5.0
1.0,shaanxi,4.0,66.0,0.0,0.0,1.0,4356.0,0.0,12.0,8.8538084,1.0,0.0,1128.0,8.9873219,5.0
0.0,shaanxi,4.0,56.0,0.0,0.0,1.0,3136.0,1.0,6.0,0.0,1.0,0.0,1128.0,9.6158724,2.0
1.0,shaanxi,4.0,35.0,0.0,0.0,1.0,1225.0,1.0,12.0,10.126671,1.0,0.0,1128.0,10.308986,4.0
1.0,shaanxi,4.0,50.0,0.0,0.0,1.0,2500.0,1.0,6.0,9.2104406,1.0,0.0,1128.0,10.308986,4.0
0.0,shaanxi,5.0,28.0,0.0,0.0,1.0,784.0,1.0,9.0,,1.0,0.0,1128.0,11.225257,4.0
1.0,shaanxi,4.0,65.0,0.0,0.0,1.0,4225.0,0.0,12.0,7.09091,1.0,0.0,1128.0,11.918397,4.0
1.0,shaanxi,2.0,50.0,0.0,0.0,1.0,2500.0,1.0,6.0,9.2104406,0.0,0.0,1128.0,11.407576,3.0
0.0,shaanxi,5.0,54.0,0.0,0.0,1.0,2916.0,0.0,12.0,11.512936,1.0,0.0,1128.0,11.512936,5.0
1.0,shaanxi,4.0,53.0,0.0,0.0,1.0,2809.0,0.0,9.0,10.308986,1.0,0.0,1128.0,10.71444,3.0
1.0,shaanxi,5.0,22.0,0.0,0.0,1.0,484.0,1.0,12.0,0.0,1.0,0.0,1128.0,9.9035378,5.0
0.0,shaanxi,4.0,31.0,5.3033047,0.0,1.0,961.0,1.0,9.0,9.9035378,1.0,0.0,1128.0,10.59666,4.0
1.0,shaanxi,5.0,53.0,0.0,0.0,1.0,2809.0,0.0,9.0,10.819798,0.0,0.0,1128.0,11.407576,4.0
0.0,shaanxi,4.0,54.0,0.0,0.0,1.0,2916.0,1.0,12.0,9.1050911,1.0,0.0,1128.0,10.126671,5.0
0.0,shaanxi,2.0,63.0,0.0,0.0,1.0,3969.0,0.0,12.0,9.7002077,1.0,0.0,1128.0,10.887456,2.0
0.0,shaanxi,5.0,50.0,0.0,0.0,1.0,2500.0,0.0,9.0,9.2104406,1.0,0.0,1128.0,10.308986,4.0
0.0,shaanxi,3.0,45.0,0.0,0.0,1.0,2025.0,0.0,6.0,9.6158724,1.0,0.0,1128.0,9.6158724,2.0
0.0,shaanxi,4.0,48.0,0.0,0.0,1.0,2304.0,1.0,0.0,8.5173931,1.0,0.0,1128.0,9.6158724,2.0
0.0,shaanxi,3.0,81.0,0.0,0.0,0.0,6561.0,1.0,0.0,7.6014023,1.0,0.0,1128.0,10.308986,2.0
1.0,shaanxi,5.0,30.0,0.0,0.0,1.0,900.0,0.0,6.0,9.6158724,1.0,0.0,1128.0,9.9035378,4.0
1.0,shaanxi,4.0,66.0,0.0,0.0,1.0,4356.0,0.0,9.0,8.6126852,1.0,0.0,1128.0,,5.0
1.0,shaanxi,5.0,50.0,5.0172796,0.0,1.0,2500.0,1.0,9.0,0.0,1.0,0.0,1128.0,10.308986,5.0
1.0,shaanxi,4.0,52.0,0.0,0.0,0.0,2704.0,1.0,9.0,8.0067005,1.0,1.0,1128.0,9.9035378,2.0
0.0,shaanxi,4.0,71.0,0.0,0.0,1.0,5041.0,0.0,6.0,9.2104406,1.0,0.0,1128.0,9.9035378,2.0
1.0,shaanxi,4.0,19.0,5.0172796,0.0,0.0,361.0,0.0,16.0,8.9873219,0.0,0.0,1128.0,,4.0
1.0,shaanxi,4.0,40.0,0.0,0.0,1.0,1600.0,1.0,6.0,9.0361061,1.0,0.0,1128.0,9.9035378,4.0
0.0,shaanxi,4.0,70.0,5.7071104,0.0,1.0,4900.0,1.0,0.0,9.6158724,1.0,0.0,1128.0,11.289794,1.0
1.0,shaanxi,3.0,40.0,0.0,0.0,1.0,1600.0,1.0,12.0,10.59666,1.0,0.0,1128.0,11.918397,3.0
1.0,shaanxi,3.0,44.0,0.0,0.0,1.0,1936.0,0.0,15.0,10.819798,1.0,0.0,1128.0,11.289794,5.0
0.0,shaanxi,4.0,56.0,0.0,0.0,1.0,3136.0,0.0,12.0,10.819798,1.0,0.0,1128.0,11.002116,4.0
0.0,shaanxi,4.0,19.0,0.0,0.0,0.0,361.0,0.0,15.0,8.0067005,1.0,0.0,1128.0,10.308986,5.0
0.0,shaanxi,4.0,55.0,1.0986123,0.0,1.0,3025.0,0.0,9.0,0.0,1.0,1.0,1128.0,13.592368,3.0
1.0,shaanxi,4.0,73.0,0.0,0.0,0.0,5329.0,0.0,6.0,8.2943001,1.0,0.0,1128.0,8.2943001,4.0
1.0,shaanxi,1.0,55.0,0.0,0.0,1.0,3025.0,0.0,9.0,,1.0,1.0,1128.0,9.7981825,4.0
0.0,shaanxi,1.0,60.0,0.0,0.0,1.0,3600.0,1.0,6.0,7.1708884,1.0,0.0,1128.0,9.2104406,4.0
0.0,shaanxi,4.0,56.0,0.0,0.0,1.0,3136.0,1.0,6.0,10.819798,1.0,0.0,1128.0,10.819798,3.0
0.0,shaanxi,1.0,50.0,0.0,0.0,0.0,2500.0,0.0,6.0,11.775297,1.0,0.0,1128.0,11.775297,5.0
0.0,shaanxi,5.0,76.0,0.0,0.0,0.0,5776.0,1.0,0.0,7.2730927,1.0,1.0,1128.0,,4.0
0.0,shaanxi,4.0,45.0,0.0,0.0,1.0,2025.0,0.0,9.0,10.59666,1.0,0.0,1128.0,10.59666,4.0
0.0,shaanxi,2.0,72.0,0.0,0.0,0.0,5184.0,1.0,6.0,0.0,1.0,0.0,1128.0,9.0479393,1.0
0.0,shaanxi,4.0,51.0,0.0,0.0,1.0,2601.0,0.0,9.0,10.308986,1.0,1.0,1128.0,11.002116,2.0
1.0,shaanxi,4.0,67.0,0.0,0.0,1.0,4489.0,1.0,0.0,7.9013772,1.0,0.0,1128.0,8.3430777,1.0
0.0,shaanxi,3.0,75.0,0.0,0.0,1.0,5625.0,1.0,0.0,6.9087548,1.0,0.0,1128.0,10.308986,2.0
0.0,shaanxi,2.0,46.0,1.7917595,0.0,1.0,2116.0,1.0,6.0,8.6126852,1.0,0.0,1128.0,9.9035378,4.0
0.0,shaanxi,4.0,30.0,0.0,0.0,0.0,900.0,0.0,9.0,10.463132,1.0,0.0,1128.0,10.59666,5.0
1.0,shaanxi,4.0,44.0,0.0,0.0,1.0,1936.0,1.0,6.0,0.0,1.0,0.0,1128.0,8.2943001,3.0
0.0,shaanxi,5.0,68.0,0.0,0.0,0.0,4624.0,0.0,6.0,7.6014023,0.0,0.0,1128.0,,5.0
0.0,shaanxi,4.0,33.0,0.0,0.0,1.0,1089.0,1.0,9.0,0.0,0.0,0.0,1128.0,11.512936,5.0
0.0,shaanxi,5.0,59.0,2.7725887,0.0,1.0,3481.0,1.0,0.0,0.0,1.0,0.0,1128.0,10.819798,4.0
0.0,shaanxi,5.0,51.0,0.0,0.0,1.0,2601.0,0.0,6.0,10.59666,1.0,0.0,1128.0,10.59666,2.0
0.0,shaanxi,3.0,52.0,4.1108737,0.0,0.0,2704.0,0.0,6.0,9.6158724,1.0,0.0,1128.0,10.71444,4.0
0.0,shaanxi,2.0,48.0,0.0,0.0,1.0,2304.0,0.0,9.0,8.1608038,1.0,0.0,1128.0,9.9035378,3.0
1.0,shaanxi,2.0,51.0,0.0,0.0,0.0,2601.0,0.0,9.0,9.9035378,1.0,0.0,1128.0,10.308986,4.0
0.0,shaanxi,4.0,60.0,0.0,0.0,1.0,3600.0,0.0,9.0,9.2104406,1.0,0.0,1128.0,9.2104406,4.0
1.0,shaanxi,4.0,46.0,0.0,0.0,1.0,2116.0,1.0,0.0,10.59666,1.0,0.0,1128.0,10.308986,4.0
0.0,shaanxi,4.0,54.0,0.0,0.0,1.0,2916.0,1.0,6.0,8.0067005,1.0,0.0,1128.0,8.6996813,3.0
0.0,shaanxi,4.0,54.0,0.0,0.0,0.0,2916.0,0.0,9.0,9.5468836,1.0,0.0,1128.0,9.9035378,3.0
0.0,shaanxi,5.0,58.0,0.0,0.0,1.0,3364.0,1.0,6.0,0.0,1.0,0.0,1128.0,9.2104406,2.0
0.0,shaanxi,4.0,78.0,0.0,0.0,0.0,6084.0,0.0,0.0,7.3138866,1.0,0.0,1128.0,7.3138866,2.0
1.0,shaanxi,1.0,50.0,0.0,0.0,1.0,2500.0,1.0,6.0,9.9035378,1.0,0.0,1128.0,9.9035378,2.0
0.0,shaanxi,5.0,72.0,0.0,0.0,1.0,5184.0,0.0,9.0,8.7797117,1.0,1.0,1128.0,8.7797117,1.0
0.0,shaanxi,4.0,56.0,0.0,0.0,1.0,3136.0,0.0,9.0,8.5173931,1.0,0.0,1128.0,8.9873219,4.0
0.0,shaanxi,4.0,58.0,0.0,0.0,0.0,3364.0,1.0,9.0,8.0067005,1.0,0.0,1128.0,9.2104406,3.0
0.0,shaanxi,3.0,61.0,4.5108595,0.0,1.0,3721.0,1.0,0.0,9.9035378,1.0,0.0,1128.0,10.59666,2.0
0.0,gansu,4.0,33.0,0.0,0.0,1.0,1089.0,1.0,9.0,0.0,1.0,0.0,2523.0,9.6158724,3.0
0.0,gansu,3.0,39.0,3.0445225,0.0,1.0,1521.0,1.0,0.0,0.0,1.0,0.0,2523.0,9.9035378,2.0
0.0,gansu,3.0,65.0,0.0,0.0,1.0,4225.0,1.0,0.0,7.1396604,1.0,0.0,2523.0,7.7886262,1.0
1.0,gansu,4.0,66.0,0.0,0.0,1.0,4356.0,1.0,2.0,9.5750532,1.0,0.0,2523.0,8.0067005,4.0
0.0,gansu,4.0,67.0,0.0,0.0,1.0,4489.0,0.0,9.0,8.5173931,1.0,0.0,2523.0,9.2104406,1.0
1.0,gansu,4.0,54.0,0.0,0.0,1.0,2916.0,0.0,12.0,11.289794,0.0,1.0,2523.0,12.206078,4.0
0.0,gansu,5.0,66.0,0.0,0.0,1.0,4356.0,0.0,9.0,8.2943001,1.0,0.0,2523.0,8.6996813,2.0
0.0,gansu,4.0,53.0,0.0,0.0,1.0,2809.0,1.0,0.0,9.2104406,1.0,0.0,2523.0,10.308986,1.0
1.0,gansu,4.0,28.0,0.0,0.0,1.0,784.0,1.0,16.0,10.308986,0.0,0.0,2523.0,11.002116,4.0
0.0,gansu,1.0,52.0,0.0,0.0,1.0,2704.0,1.0,0.0,0.0,1.0,0.0,2523.0,,1.0
0.0,gansu,5.0,55.0,0.0,0.0,1.0,3025.0,0.0,12.0,11.156265,0.0,0.0,2523.0,11.695255,5.0
0.0,gansu,5.0,23.0,0.0,0.0,1.0,529.0,1.0,9.0,7.6014023,1.0,0.0,2523.0,8.6996813,5.0
1.0,gansu,5.0,74.0,0.0,0.0,1.0,5476.0,0.0,12.0,11.289794,0.0,0.0,2523.0,11.407576,4.0
0.0,gansu,2.0,52.0,0.0,0.0,1.0,2704.0,0.0,0.0,9.2104406,1.0,0.0,2523.0,9.9035378,1.0
0.0,gansu,5.0,59.0,3.9318256,0.0,1.0,3481.0,1.0,0.0,7.8244457,1.0,0.0,2523.0,9.9035378,1.0
0.0,gansu,5.0,65.0,0.0,0.0,1.0,4225.0,1.0,0.0,6.9087548,1.0,0.0,2523.0,,4.0
0.0,gansu,4.0,29.0,0.0,0.0,1.0,841.0,1.0,9.0,0.0,1.0,0.0,2523.0,10.819798,4.0
0.0,gansu,5.0,51.0,0.0,0.0,1.0,2601.0,1.0,0.0,9.6158724,1.0,0.0,2523.0,10.308986,2.0
0.0,gansu,4.0,47.0,1.7917595,0.0,1.0,2209.0,1.0,6.0,8.7079792,1.0,0.0,2523.0,9.4010429,4.0
0.0,gansu,4.0,58.0,0.0,0.0,1.0,3364.0,1.0,6.0,9.2104406,1.0,0.0,2523.0,,2.0
0.0,gansu,3.0,66.0,0.0,0.0,1.0,4356.0,0.0,6.0,6.9087548,1.0,0.0,2523.0,7.6014023,2.0
0.0,gansu,4.0,45.0,0.0,0.0,1.0,2025.0,1.0,0.0,0.0,1.0,0.0,2523.0,10.126671,1.0
0.0,gansu,5.0,53.0,0.0,0.0,1.0,2809.0,0.0,12.0,9.9035378,1.0,0.0,2523.0,9.9035378,4.0
0.0,gansu,1.0,54.0,0.0,0.0,1.0,2916.0,1.0,6.0,9.6158724,1.0,0.0,2523.0,10.308986,3.0
0.0,gansu,5.0,77.0,0.0,0.0,1.0,5929.0,0.0,9.0,10.819798,0.0,0.0,2523.0,10.819798,4.0
0.0,gansu,4.0,20.0,0.0,0.0,0.0,400.0,0.0,12.0,0.0,1.0,0.0,2523.0,,3.0
0.0,gansu,4.0,46.0,0.0,0.0,1.0,2116.0,0.0,6.0,9.6158724,1.0,0.0,2523.0,10.126671,5.0
0.0,gansu,5.0,54.0,0.0,0.0,1.0,2916.0,1.0,6.0,9.6158724,1.0,0.0,2523.0,10.308986,3.0
0.0,gansu,5.0,32.0,0.0,0.0,1.0,1024.0,1.0,9.0,9.9035378,1.0,0.0,2523.0,11.002116,5.0
0.0,gansu,4.0,58.0,0.0,0.0,1.0,3364.0,1.0,6.0,9.2104406,1.0,0.0,2523.0,9.9035378,4.0
0.0,gansu,3.0,48.0,3.4339871,0.0,1.0,2304.0,1.0,6.0,9.2104406,1.0,0.0,2523.0,9.2104406,2.0
0.0,gansu,5.0,56.0,0.0,0.0,0.0,3136.0,0.0,9.0,7.6014023,1.0,0.0,2523.0,10.043293,5.0
0.0,gansu,4.0,63.0,0.0,0.0,1.0,3969.0,0.0,6.0,9.9035378,1.0,0.0,2523.0,11.002116,2.0
1.0,gansu,5.0,43.0,0.0,0.0,0.0,1849.0,1.0,12.0,,1.0,0.0,2523.0,,4.0
0.0,gansu,4.0,48.0,2.3978953,0.0,1.0,2304.0,1.0,0.0,8.2943001,1.0,0.0,2523.0,8.2943001,1.0
0.0,gansu,4.0,47.0,0.0,0.0,1.0,2209.0,0.0,6.0,8.2943001,1.0,0.0,2523.0,8.9873219,3.0
0.0,gansu,4.0,47.0,3.9318256,0.0,1.0,2209.0,0.0,0.0,9.2104406,1.0,0.0,2523.0,11.002116,2.0
0.0,gansu,2.0,74.0,4.6151204,0.0,0.0,5476.0,0.0,0.0,8.0067005,1.0,0.0,2523.0,9.1050911,3.0
0.0,gansu,5.0,62.0,0.0,0.0,1.0,3844.0,1.0,0.0,7.09091,1.0,0.0,2523.0,7.7836404,3.0
0.0,gansu,5.0,21.0,0.0,0.0,0.0,441.0,1.0,16.0,0.0,1.0,0.0,2523.0,8.5173931,4.0
0.0,gansu,4.0,56.0,0.0,0.0,1.0,3136.0,1.0,9.0,0.0,1.0,0.0,2523.0,0.0,1.0
0.0,gansu,4.0,44.0,0.0,0.0,1.0,1936.0,1.0,0.0,0.0,1.0,0.0,2523.0,,4.0
1.0,gansu,4.0,43.0,3.0445225,0.0,1.0,1849.0,0.0,9.0,10.308986,1.0,0.0,2523.0,10.308986,4.0
0.0,gansu,4.0,50.0,0.0,0.0,1.0,2500.0,0.0,6.0,10.308986,1.0,0.0,2523.0,10.308986,4.0
0.0,gansu,5.0,78.0,0.0,0.0,1.0,6084.0,1.0,0.0,0.0,1.0,0.0,2523.0,9.2104406,2.0
0.0,gansu,2.0,49.0,3.0445225,0.0,1.0,2401.0,0.0,9.0,10.819798,1.0,0.0,2523.0,10.819798,1.0
1.0,gansu,5.0,40.0,0.0,0.0,1.0,1600.0,1.0,9.0,0.0,1.0,0.0,2523.0,10.819798,4.0
0.0,gansu,4.0,30.0,0.0,0.0,1.0,900.0,1.0,9.0,8.9873219,1.0,0.0,2523.0,9.9035378,5.0
1.0,gansu,3.0,30.0,0.0,0.0,1.0,900.0,0.0,16.0,10.308986,1.0,1.0,2523.0,10.308986,5.0
0.0,gansu,3.0,53.0,0.0,0.0,1.0,2809.0,1.0,0.0,7.6014023,1.0,0.0,2523.0,8.2943001,2.0
1.0,gansu,5.0,22.0,0.0,0.0,0.0,484.0,0.0,16.0,0.0,1.0,0.0,2523.0,11.512936,4.0
0.0,gansu,5.0,67.0,0.0,0.0,1.0,4489.0,0.0,0.0,7.09091,1.0,0.0,2523.0,7.09091,4.0
0.0,gansu,1.0,42.0,0.0,0.0,1.0,1764.0,1.0,6.0,9.9035378,1.0,0.0,2523.0,10.59666,3.0
1.0,gansu,2.0,42.0,3.713572,0.0,1.0,1764.0,1.0,12.0,0.0,0.0,0.0,2523.0,10.819798,3.0
0.0,gansu,4.0,71.0,0.0,0.0,1.0,5041.0,1.0,0.0,0.0,1.0,0.0,2523.0,10.308986,1.0
0.0,gansu,5.0,64.0,0.0,0.0,0.0,4096.0,1.0,0.0,6.8679743,1.0,0.0,2523.0,,4.0
0.0,gansu,5.0,51.0,0.0,0.0,1.0,2601.0,1.0,6.0,9.9035378,1.0,0.0,2523.0,10.59666,4.0
0.0,gansu,4.0,53.0,3.4339871,0.0,1.0,2809.0,1.0,9.0,8.8538084,1.0,0.0,2523.0,9.9035378,2.0
0.0,gansu,4.0,48.0,0.0,0.0,1.0,2304.0,0.0,6.0,9.9035378,1.0,0.0,2523.0,9.9035378,4.0
0.0,gansu,5.0,55.0,0.0,0.0,1.0,3025.0,1.0,0.0,9.2104406,1.0,0.0,2523.0,9.6158724,1.0
0.0,gansu,4.0,57.0,3.4339871,0.0,1.0,3249.0,1.0,9.0,10.778977,0.0,0.0,2523.0,11.002116,4.0
0.0,gansu,3.0,80.0,0.0,0.0,0.0,6400.0,1.0,0.0,7.2449417,1.0,0.0,2523.0,,4.0
0.0,gansu,4.0,48.0,0.0,0.0,1.0,2304.0,0.0,15.0,11.002116,1.0,0.0,2523.0,11.002116,3.0
0.0,gansu,5.0,70.0,0.69314718,0.0,1.0,4900.0,1.0,0.0,0.0,1.0,0.0,2523.0,7.7836404,1.0
0.0,gansu,1.0,50.0,0.0,0.0,1.0,2500.0,1.0,6.0,9.9035378,1.0,0.0,2523.0,10.59666,1.0
1.0,gansu,4.0,50.0,0.0,0.0,1.0,2500.0,1.0,9.0,10.308986,1.0,0.0,2523.0,11.289794,4.0
0.0,gansu,4.0,63.0,0.0,0.0,1.0,3969.0,0.0,12.0,9.2104406,1.0,0.0,2523.0,9.2104406,4.0
0.0,gansu,4.0,35.0,0.0,0.0,1.0,1225.0,0.0,9.0,9.2104406,1.0,0.0,2523.0,10.59666,4.0
0.0,gansu,2.0,36.0,0.0,0.0,0.0,1296.0,1.0,9.0,9.6158724,1.0,0.0,2523.0,10.126671,5.0
0.0,gansu,4.0,27.0,1.3862944,0.0,0.0,729.0,0.0,16.0,0.0,1.0,1.0,2523.0,,4.0
0.0,gansu,4.0,20.0,0.0,0.0,0.0,400.0,0.0,12.0,0.0,1.0,0.0,2523.0,9.9035378,5.0
1.0,gansu,4.0,35.0,3.9318256,0.0,1.0,1225.0,1.0,15.0,10.819798,0.0,0.0,2523.0,9.2104406,4.0
0.0,gansu,5.0,54.0,0.0,0.0,1.0,2916.0,1.0,9.0,0.0,1.0,0.0,2523.0,9.2104406,5.0
0.0,gansu,2.0,47.0,0.0,0.0,1.0,2209.0,1.0,6.0,7.6014023,1.0,0.0,2523.0,9.159152,1.0
1.0,gansu,4.0,43.0,3.0445225,0.0,1.0,1849.0,0.0,12.0,10.819798,0.0,1.0,2523.0,11.512936,3.0
1.0,gansu,4.0,36.0,0.0,0.0,1.0,1296.0,0.0,9.0,11.512936,1.0,0.0,2523.0,11.512936,4.0
1.0,gansu,4.0,30.0,0.0,0.0,1.0,900.0,1.0,16.0,10.819798,0.0,0.0,2523.0,11.512936,4.0
0.0,gansu,4.0,44.0,0.0,0.0,1.0,1936.0,0.0,9.0,9.6158724,1.0,0.0,2523.0,9.9035378,1.0
0.0,gansu,5.0,29.0,0.0,0.0,1.0,841.0,1.0,6.0,0.0,1.0,0.0,2523.0,9.2104406,5.0
0.0,gansu,4.0,60.0,2.3978953,0.0,0.0,3600.0,0.0,6.0,8.5173931,1.0,0.0,2523.0,8.5173931,5.0
1.0,gansu,5.0,67.0,0.0,0.0,1.0,4489.0,0.0,9.0,12.206078,1.0,0.0,2523.0,12.206078,4.0
0.0,gansu,2.0,43.0,0.0,0.0,1.0,1849.0,1.0,0.0,0.0,1.0,0.0,2523.0,8.0067005,1.0
0.0,gansu,4.0,58.0,0.0,0.0,1.0,3364.0,0.0,12.0,9.2104406,1.0,0.0,2523.0,9.9035378,4.0
0.0,gansu,5.0,68.0,0.0,0.0,1.0,4624.0,1.0,0.0,7.09091,1.0,0.0,2523.0,10.491302,3.0
1.0,gansu,4.0,44.0,0.0,0.0,1.0,1936.0,0.0,9.0,10.59666,1.0,0.0,2523.0,10.59666,2.0
0.0,gansu,3.0,29.0,0.0,0.0,1.0,841.0,1.0,12.0,0.0,1.0,0.0,2523.0,0.0,3.0
0.0,gansu,5.0,27.0,4.5108595,0.0,1.0,729.0,1.0,12.0,0.0,0.0,0.0,2523.0,10.819798,4.0
1.0,gansu,1.0,43.0,1.7917595,0.0,1.0,1849.0,0.0,9.0,8.9873219,1.0,0.0,2523.0,8.9873219,2.0
1.0,gansu,4.0,26.0,0.0,0.0,1.0,676.0,1.0,16.0,10.819798,0.0,0.0,2523.0,11.512936,4.0
0.0,gansu,2.0,38.0,2.7725887,0.0,1.0,1444.0,0.0,9.0,9.2104406,1.0,1.0,2523.0,9.2104406,1.0
1.0,gansu,5.0,36.0,0.0,0.0,1.0,1296.0,1.0,15.0,10.819798,0.0,0.0,2523.0,11.512936,5.0
0.0,gansu,5.0,58.0,2.7725887,0.0,1.0,3364.0,0.0,6.0,9.3458319,1.0,0.0,2523.0,9.4650602,5.0
1.0,gansu,5.0,32.0,0.0,0.0,1.0,1024.0,0.0,9.0,12.206078,1.0,0.0,2523.0,12.206078,5.0
1.0,gansu,4.0,50.0,2.3978953,0.0,1.0,2500.0,1.0,15.0,9.2104406,0.0,0.0,2523.0,10.819798,4.0
0.0,gansu,5.0,80.0,3.8286414,0.0,0.0,6400.0,1.0,0.0,7.1396604,1.0,0.0,2523.0,7.1396604,2.0
0.0,gansu,5.0,56.0,0.0,0.0,1.0,3136.0,1.0,0.0,0.0,1.0,1.0,2523.0,0.0,5.0
0.0,gansu,3.0,68.0,0.0,0.0,1.0,4624.0,1.0,0.0,7.09091,1.0,0.0,2523.0,8.3895874,1.0
0.0,gansu,4.0,31.0,0.0,0.0,1.0,961.0,1.0,9.0,9.9035378,1.0,0.0,2523.0,10.59666,5.0
1.0,gansu,4.0,63.0,0.0,0.0,0.0,3969.0,0.0,12.0,11.156265,1.0,0.0,2523.0,11.512936,1.0
1.0,gansu,4.0,42.0,5.0172796,0.0,1.0,1764.0,1.0,15.0,11.512936,0.0,0.0,2523.0,12.206078,3.0
0.0,gansu,4.0,45.0,0.0,0.0,1.0,2025.0,1.0,0.0,8.0067005,1.0,0.0,2523.0,10.308986,4.0
1.0,gansu,4.0,26.0,2.0794415,0.0,0.0,676.0,0.0,16.0,11.512936,1.0,1.0,2523.0,11.918397,5.0
0.0,gansu,4.0,61.0,0.0,0.0,1.0,3721.0,1.0,9.0,0.0,1.0,0.0,2523.0,7.1553965,2.0
0.0,gansu,4.0,62.0,0.0,0.0,1.0,3844.0,1.0,0.0,6.8035054,1.0,0.0,2523.0,7.4960976,1.0
1.0,gansu,4.0,33.0,3.9318256,0.0,1.0,1089.0,1.0,16.0,10.59666,0.0,0.0,2523.0,11.289794,3.0
0.0,gansu,5.0,74.0,0.0,0.0,1.0,5476.0,0.0,9.0,8.9873219,1.0,0.0,2523.0,10.819798,4.0
1.0,gansu,5.0,56.0,0.0,0.0,1.0,3136.0,1.0,15.0,11.002116,0.0,0.0,2523.0,11.695255,4.0
0.0,gansu,3.0,44.0,1.7917595,0.0,1.0,1936.0,0.0,0.0,8.0067005,1.0,0.0,2523.0,10.308986,3.0
1.0,gansu,4.0,34.0,0.0,0.0,1.0,1156.0,1.0,16.0,10.308986,0.0,1.0,2523.0,11.002116,3.0
0.0,gansu,5.0,62.0,0.0,0.0,1.0,3844.0,1.0,0.0,0.0,1.0,0.0,2523.0,,2.0
0.0,gansu,2.0,56.0,0.0,0.0,1.0,3136.0,1.0,0.0,9.2104406,1.0,0.0,2523.0,9.9035378,2.0
0.0,gansu,4.0,30.0,0.0,0.0,1.0,900.0,1.0,12.0,0.0,1.0,0.0,2523.0,11.187209,3.0
0.0,gansu,5.0,56.0,0.0,0.0,1.0,3136.0,1.0,6.0,9.9035378,1.0,0.0,2523.0,10.59666,4.0
0.0,gansu,4.0,22.0,0.0,0.0,0.0,484.0,1.0,16.0,8.5173931,1.0,1.0,2523.0,9.9035378,5.0
0.0,gansu,5.0,51.0,2.3978953,0.0,1.0,2601.0,0.0,6.0,7.6014023,1.0,0.0,2523.0,8.0067005,1.0
0.0,gansu,1.0,39.0,4.1108737,0.0,1.0,1521.0,1.0,9.0,9.9035378,1.0,0.0,2523.0,10.59666,1.0
0.0,gansu,1.0,60.0,0.0,0.0,1.0,3600.0,0.0,9.0,7.2730927,1.0,0.0,2523.0,7.2730927,1.0
0.0,gansu,4.0,47.0,0.0,0.0,1.0,2209.0,1.0,0.0,8.5173931,1.0,0.0,2523.0,9.6158724,3.0
0.0,gansu,4.0,62.0,1.6094379,0.0,0.0,3844.0,0.0,0.0,8.3430777,1.0,0.0,2523.0,8.3430777,1.0
0.0,gansu,5.0,31.0,3.9318256,0.0,1.0,961.0,1.0,9.0,8.5173931,1.0,0.0,2523.0,10.308986,4.0
0.0,gansu,4.0,58.0,0.0,0.0,1.0,3364.0,1.0,9.0,9.9035378,1.0,0.0,2523.0,10.59666,1.0
0.0,gansu,4.0,48.0,0.0,0.0,0.0,2304.0,0.0,6.0,0.0,1.0,0.0,2523.0,8.5173931,4.0
1.0,gansu,4.0,74.0,1.6094379,0.0,0.0,5476.0,0.0,9.0,11.002116,0.0,1.0,2523.0,11.002116,2.0
0.0,gansu,5.0,39.0,0.0,0.0,1.0,1521.0,1.0,0.0,9.2104406,1.0,0.0,2523.0,9.2104406,4.0
0.0,gansu,5.0,36.0,0.0,0.0,1.0,1296.0,0.0,12.0,9.2104406,0.0,0.0,2523.0,9.9035378,2.0
1.0,gansu,5.0,54.0,0.0,0.0,1.0,2916.0,0.0,12.0,10.59666,1.0,0.0,2523.0,10.59666,5.0
0.0,gansu,4.0,36.0,5.3033047,0.0,1.0,1296.0,0.0,6.0,9.9035378,1.0,0.0,2523.0,10.59666,5.0
0.0,gansu,4.0,65.0,0.0,0.0,1.0,4225.0,0.0,0.0,0.0,1.0,0.0,2523.0,6.9087548,1.0
0.0,gansu,4.0,48.0,0.0,0.0,1.0,2304.0,1.0,9.0,8.5173931,1.0,0.0,2523.0,9.7981825,5.0
1.0,gansu,4.0,25.0,0.0,0.0,0.0,625.0,0.0,12.0,10.819798,1.0,,2523.0,11.695255,5.0
1.0,gansu,4.0,31.0,2.3978953,0.0,1.0,961.0,1.0,15.0,10.463132,0.0,0.0,2523.0,10.819798,4.0
0.0,gansu,4.0,43.0,0.0,0.0,1.0,1849.0,1.0,0.0,10.59666,1.0,0.0,2523.0,10.819798,2.0
0.0,gansu,5.0,65.0,0.0,0.0,1.0,4225.0,1.0,0.0,9.2104406,1.0,0.0,2523.0,10.308986,4.0
1.0,gansu,4.0,31.0,0.0,0.0,0.0,961.0,1.0,16.0,10.59666,0.0,1.0,2523.0,10.819798,4.0
1.0,gansu,5.0,39.0,0.0,0.0,1.0,1521.0,1.0,12.0,9.2104406,1.0,0.0,2523.0,10.59666,4.0
0.0,gansu,4.0,44.0,0.0,0.0,1.0,1936.0,0.0,6.0,8.5173931,1.0,0.0,2523.0,8.5173931,4.0
0.0,gansu,4.0,39.0,0.0,0.0,1.0,1521.0,1.0,6.0,9.2104406,1.0,0.0,2523.0,10.308986,4.0
1.0,gansu,4.0,54.0,0.0,0.0,1.0,2916.0,1.0,9.0,0.0,0.0,0.0,2523.0,11.225257,4.0
1.0,gansu,4.0,26.0,3.4339871,0.0,1.0,676.0,1.0,16.0,10.308986,1.0,0.0,2523.0,11.156265,4.0
1.0,gansu,4.0,49.0,0.0,0.0,1.0,2401.0,1.0,12.0,0.0,0.0,0.0,2523.0,,5.0
0.0,gansu,5.0,39.0,0.0,0.0,1.0,1521.0,1.0,9.0,8.5173931,1.0,0.0,2523.0,9.2104406,4.0
0.0,gansu,5.0,60.0,0.0,0.0,1.0,3600.0,1.0,0.0,0.0,1.0,0.0,2523.0,0.0,2.0
1.0,gansu,4.0,53.0,0.0,0.0,1.0,2809.0,1.0,9.0,0.0,1.0,0.0,2523.0,12.899222,4.0
0.0,gansu,2.0,63.0,0.0,0.0,1.0,3969.0,1.0,0.0,8.5173931,1.0,0.0,2523.0,9.2104406,2.0
1.0,gansu,4.0,40.0,0.0,0.0,1.0,1600.0,0.0,15.0,11.512936,1.0,1.0,2523.0,11.512936,5.0
0.0,gansu,1.0,50.0,0.0,0.0,1.0,2500.0,1.0,0.0,6.2166061,1.0,0.0,2523.0,9.2592258,2.0
1.0,gansu,5.0,20.0,2.3978953,0.0,1.0,400.0,1.0,9.0,0.0,1.0,0.0,2523.0,0.0,5.0
0.0,gansu,5.0,50.0,0.0,0.0,1.0,2500.0,0.0,0.0,9.9035378,1.0,0.0,2523.0,10.59666,4.0
0.0,gansu,4.0,67.0,2.3978953,0.0,0.0,4489.0,0.0,6.0,7.1708884,1.0,0.0,2523.0,10.819798,4.0
0.0,gansu,4.0,49.0,0.0,0.0,1.0,2401.0,1.0,0.0,8.5173931,1.0,0.0,2523.0,9.2104406,1.0
1.0,gansu,5.0,49.0,0.0,0.0,1.0,2401.0,1.0,12.0,0.0,0.0,0.0,2523.0,10.308986,2.0
1.0,gansu,4.0,27.0,0.0,0.0,0.0,729.0,0.0,15.0,11.512936,1.0,0.0,2523.0,11.289794,5.0
0.0,gansu,4.0,37.0,4.5108595,0.0,1.0,1369.0,1.0,0.0,6.9087548,1.0,0.0,2523.0,9.9035378,1.0
0.0,gansu,5.0,54.0,0.0,0.0,1.0,2916.0,0.0,12.0,11.002116,0.0,1.0,2523.0,11.156265,5.0
0.0,gansu,4.0,36.0,0.0,0.0,1.0,1296.0,1.0,0.0,0.0,1.0,0.0,2523.0,11.289794,2.0
0.0,gansu,4.0,22.0,0.0,0.0,0.0,484.0,1.0,12.0,0.0,1.0,0.0,2523.0,11.918397,4.0
0.0,gansu,5.0,41.0,0.0,0.0,1.0,1681.0,1.0,6.0,8.0067005,1.0,0.0,2523.0,10.308986,2.0
0.0,gansu,1.0,64.0,0.0,0.0,0.0,4096.0,1.0,2.0,0.0,1.0,0.0,2523.0,10.308986,1.0
0.0,gansu,2.0,63.0,0.0,0.0,1.0,3969.0,0.0,0.0,8.5173931,1.0,0.0,2523.0,9.2104406,2.0
0.0,gansu,5.0,50.0,0.0,0.0,1.0,2500.0,0.0,6.0,10.59666,1.0,0.0,2523.0,10.819798,3.0
0.0,gansu,5.0,79.0,0.0,0.0,0.0,6241.0,0.0,0.0,7.6014023,1.0,0.0,2523.0,7.6014023,1.0
1.0,gansu,5.0,22.0,0.0,0.0,0.0,484.0,0.0,16.0,0.0,0.0,0.0,2523.0,10.819798,3.0
0.0,gansu,4.0,39.0,0.0,0.0,1.0,1521.0,1.0,0.0,9.2104406,1.0,0.0,2523.0,14.69098,2.0
1.0,gansu,4.0,53.0,0.0,0.0,1.0,2809.0,0.0,6.0,9.2104406,1.0,0.0,2523.0,9.9035378,2.0
1.0,gansu,5.0,44.0,0.0,0.0,1.0,1936.0,1.0,9.0,0.0,0.0,0.0,2523.0,10.819798,4.0
0.0,gansu,5.0,48.0,0.0,0.0,1.0,2304.0,1.0,6.0,6.9087548,1.0,0.0,2523.0,9.6158724,2.0
0.0,gansu,3.0,64.0,0.0,0.0,1.0,4096.0,1.0,6.0,6.9087548,1.0,0.0,2523.0,8.6996813,1.0
1.0,gansu,4.0,19.0,0.0,0.0,0.0,361.0,1.0,12.0,0.0,0.0,0.0,2523.0,11.289794,4.0
0.0,gansu,5.0,51.0,0.0,0.0,1.0,2601.0,1.0,6.0,9.2104406,1.0,0.0,2523.0,10.308986,2.0
1.0,gansu,5.0,62.0,0.0,0.0,1.0,3844.0,1.0,12.0,9.9035378,0.0,0.0,2523.0,10.59666,4.0
0.0,gansu,4.0,64.0,0.0,0.0,1.0,4096.0,1.0,0.0,,1.0,0.0,2523.0,8.5943394,1.0
0.0,gansu,5.0,78.0,0.0,0.0,1.0,6084.0,1.0,0.0,7.09091,1.0,0.0,2523.0,9.3414564,1.0
1.0,gansu,4.0,19.0,0.0,0.0,0.0,361.0,0.0,12.0,0.0,1.0,0.0,2523.0,11.918397,5.0
0.0,gansu,2.0,56.0,0.0,0.0,1.0,3136.0,0.0,9.0,10.59666,1.0,0.0,2523.0,13.122365,2.0
0.0,gansu,3.0,32.0,0.0,0.0,0.0,1024.0,0.0,0.0,0.0,1.0,0.0,2523.0,10.308986,5.0
0.0,gansu,4.0,24.0,0.0,0.0,1.0,576.0,0.0,9.0,9.9035378,1.0,0.0,2523.0,10.308986,5.0
1.0,qinghai,5.0,72.0,0.0,0.0,0.0,5184.0,1.0,9.0,10.491302,0.0,0.0,923.0,11.407576,4.0
0.0,qinghai,4.0,57.0,0.0,0.0,1.0,3249.0,1.0,0.0,0.0,1.0,0.0,923.0,10.348206,2.0
1.0,qinghai,4.0,18.0,0.0,0.0,0.0,324.0,0.0,6.0,0.0,0.0,0.0,923.0,9.2104406,4.0
1.0,qinghai,5.0,57.0,0.0,0.0,1.0,3249.0,1.0,9.0,10.085851,0.0,0.0,923.0,11.002116,4.0
1.0,qinghai,4.0,18.0,0.0,0.0,0.0,324.0,0.0,12.0,0.0,1.0,0.0,923.0,12.765692,4.0
1.0,qinghai,5.0,38.0,0.0,0.0,1.0,1444.0,1.0,15.0,11.002116,0.0,0.0,923.0,11.695255,5.0
1.0,qinghai,4.0,25.0,0.0,0.0,0.0,625.0,0.0,19.0,9.6158724,0.0,0.0,923.0,9.9035378,4.0
0.0,qinghai,4.0,61.0,0.0,0.0,1.0,3721.0,0.0,9.0,7.8244457,1.0,0.0,923.0,8.6996813,4.0
1.0,qinghai,3.0,50.0,0.0,0.0,1.0,2500.0,0.0,9.0,11.156265,1.0,0.0,923.0,11.512936,5.0
1.0,qinghai,4.0,65.0,0.0,0.0,1.0,4225.0,1.0,9.0,9.7981825,0.0,0.0,923.0,11.034905,4.0
1.0,qinghai,5.0,70.0,0.0,0.0,1.0,4900.0,0.0,9.0,10.59666,0.0,1.0,923.0,11.289794,4.0
1.0,qinghai,4.0,63.0,0.0,0.0,1.0,3969.0,0.0,6.0,10.085851,0.0,0.0,923.0,10.085851,4.0
1.0,qinghai,5.0,43.0,0.0,0.0,1.0,1849.0,1.0,6.0,0.0,1.0,0.0,923.0,10.308986,5.0
1.0,qinghai,3.0,52.0,0.0,0.0,1.0,2704.0,0.0,9.0,9.9035378,0.0,0.0,923.0,10.308986,3.0
0.0,qinghai,4.0,41.0,0.0,0.0,1.0,1681.0,1.0,9.0,9.9035378,1.0,0.0,923.0,10.308986,4.0
1.0,qinghai,4.0,45.0,0.0,0.0,1.0,2025.0,0.0,9.0,10.819798,0.0,0.0,923.0,10.819798,5.0
0.0,qinghai,4.0,39.0,0.0,0.0,1.0,1521.0,0.0,9.0,9.2104406,1.0,0.0,923.0,9.9035378,3.0
1.0,qinghai,4.0,75.0,0.0,0.0,0.0,5625.0,0.0,6.0,10.778977,0.0,1.0,923.0,10.778977,4.0
1.0,qinghai,4.0,50.0,0.0,0.0,1.0,2500.0,1.0,9.0,9.7981825,0.0,0.0,923.0,11.002116,5.0
1.0,qinghai,4.0,26.0,0.0,0.0,0.0,676.0,0.0,16.0,11.289794,0.0,0.0,923.0,11.512936,2.0
1.0,qinghai,4.0,28.0,0.0,0.0,1.0,784.0,1.0,9.0,9.9035378,1.0,0.0,923.0,,5.0
1.0,qinghai,4.0,71.0,0.0,0.0,0.0,5041.0,1.0,6.0,9.7981825,0.0,0.0,923.0,9.7981825,3.0
0.0,qinghai,4.0,37.0,3.9318256,0.0,1.0,1369.0,0.0,9.0,10.819798,1.0,0.0,923.0,11.512936,5.0
1.0,qinghai,5.0,18.0,0.0,0.0,0.0,324.0,1.0,16.0,0.0,0.0,0.0,923.0,11.918397,5.0
0.0,qinghai,4.0,52.0,0.0,0.0,1.0,2704.0,0.0,12.0,10.034559,1.0,0.0,923.0,10.308986,4.0
1.0,qinghai,5.0,70.0,0.0,0.0,1.0,4900.0,0.0,15.0,10.819798,0.0,1.0,923.0,10.819798,4.0
1.0,qinghai,4.0,31.0,0.0,1.0,0.0,961.0,0.0,16.0,11.512936,0.0,0.0,923.0,11.695255,4.0
1.0,qinghai,5.0,32.0,0.0,0.0,0.0,1024.0,0.0,16.0,10.491302,0.0,0.0,923.0,12.225881,5.0
1.0,qinghai,4.0,26.0,0.0,0.0,1.0,676.0,0.0,12.0,10.819798,1.0,1.0,923.0,11.512936,4.0
1.0,qinghai,4.0,74.0,0.0,0.0,0.0,5476.0,1.0,0.0,7.7836404,0.0,0.0,923.0,7.7836404,3.0
1.0,qinghai,4.0,20.0,1.3862944,1.0,0.0,400.0,1.0,15.0,0.0,0.0,0.0,923.0,11.184435,4.0
0.0,qinghai,4.0,29.0,0.0,0.0,1.0,841.0,1.0,12.0,0.0,0.0,0.0,923.0,9.9035378,5.0
1.0,qinghai,4.0,81.0,0.0,0.0,0.0,6561.0,1.0,6.0,10.422311,0.0,0.0,923.0,11.338584,3.0
1.0,qinghai,4.0,55.0,0.0,0.0,0.0,3025.0,0.0,12.0,9.392745,0.0,0.0,923.0,9.392745,2.0
1.0,qinghai,4.0,47.0,0.0,0.0,1.0,2209.0,0.0,6.0,10.819798,1.0,0.0,923.0,11.156265,5.0
1.0,qinghai,3.0,32.0,0.0,0.0,1.0,1024.0,1.0,9.0,9.9035378,1.0,0.0,923.0,,3.0
1.0,qinghai,4.0,34.0,0.0,0.0,1.0,1156.0,1.0,12.0,11.512936,0.0,0.0,923.0,12.206078,5.0
1.0,qinghai,4.0,19.0,0.0,1.0,0.0,361.0,0.0,9.0,10.819798,1.0,0.0,923.0,11.695255,5.0
1.0,qinghai,5.0,82.0,0.0,0.0,1.0,6724.0,0.0,6.0,10.727685,0.0,0.0,923.0,11.695255,2.0
1.0,qinghai,4.0,45.0,0.0,0.0,1.0,2025.0,1.0,9.0,10.59666,0.0,0.0,923.0,11.289794,3.0
1.0,qinghai,5.0,44.0,0.0,1.0,1.0,1936.0,1.0,0.0,0.0,1.0,0.0,923.0,11.918397,5.0
1.0,qinghai,4.0,24.0,0.0,1.0,0.0,576.0,1.0,16.0,10.308986,0.0,0.0,923.0,11.002116,4.0
1.0,qinghai,4.0,25.0,0.0,1.0,0.0,625.0,1.0,16.0,10.308986,1.0,0.0,923.0,11.918397,4.0
0.0,qinghai,5.0,33.0,0.0,0.0,1.0,1089.0,0.0,9.0,10.819798,1.0,0.0,923.0,11.407576,5.0
1.0,qinghai,5.0,27.0,1.9459101,1.0,0.0,729.0,0.0,19.0,0.0,1.0,1.0,923.0,9.9035378,5.0
0.0,qinghai,4.0,27.0,0.0,0.0,1.0,729.0,0.0,9.0,9.9035378,1.0,0.0,923.0,10.308986,4.0
0.0,qinghai,4.0,51.0,0.0,0.0,1.0,2601.0,1.0,6.0,8.9873219,1.0,0.0,923.0,10.819798,2.0
1.0,qinghai,4.0,47.0,0.0,0.0,1.0,2209.0,0.0,15.0,10.59666,0.0,0.0,923.0,11.512936,5.0
1.0,qinghai,5.0,53.0,0.0,0.0,1.0,2809.0,0.0,9.0,11.512936,1.0,0.0,923.0,11.918397,5.0
1.0,qinghai,4.0,65.0,0.0,0.0,1.0,4225.0,0.0,9.0,9.9035378,0.0,0.0,923.0,10.819798,3.0
1.0,qinghai,4.0,48.0,0.0,1.0,1.0,2304.0,0.0,9.0,10.308986,0.0,0.0,923.0,10.59666,3.0
0.0,qinghai,4.0,58.0,0.0,0.0,1.0,3364.0,1.0,6.0,9.9035378,1.0,0.0,923.0,10.308986,4.0
0.0,qinghai,4.0,60.0,0.0,0.0,1.0,3600.0,0.0,6.0,0.0,1.0,0.0,923.0,10.819798,2.0
1.0,qinghai,5.0,32.0,0.0,0.0,1.0,1024.0,0.0,15.0,10.819798,0.0,0.0,923.0,11.512936,5.0
0.0,qinghai,4.0,41.0,0.0,0.0,1.0,1681.0,1.0,9.0,0.0,1.0,0.0,923.0,12.611541,4.0
0.0,qinghai,4.0,41.0,0.0,0.0,1.0,1681.0,1.0,9.0,0.0,1.0,0.0,923.0,10.308986,5.0
1.0,qinghai,5.0,56.0,0.0,0.0,1.0,3136.0,1.0,9.0,10.491302,0.0,0.0,923.0,11.184435,4.0
1.0,qinghai,5.0,65.0,0.0,0.0,0.0,4225.0,1.0,9.0,10.308986,0.0,0.0,923.0,11.512936,4.0
1.0,qinghai,4.0,30.0,0.0,0.0,1.0,900.0,1.0,15.0,11.512936,1.0,0.0,923.0,12.206078,5.0
0.0,qinghai,2.0,52.0,0.0,0.0,1.0,2704.0,1.0,6.0,0.0,1.0,0.0,923.0,10.59666,2.0
1.0,qinghai,4.0,20.0,0.0,0.0,0.0,400.0,0.0,12.0,10.819798,1.0,0.0,923.0,10.819798,4.0
0.0,qinghai,4.0,69.0,0.0,0.0,1.0,4761.0,1.0,6.0,7.5606012,1.0,0.0,923.0,9.5468836,1.0
1.0,qinghai,5.0,23.0,0.0,1.0,1.0,529.0,0.0,16.0,11.156265,1.0,0.0,923.0,12.611541,5.0
1.0,qinghai,4.0,48.0,0.0,0.0,1.0,2304.0,1.0,12.0,10.308986,0.0,0.0,923.0,11.289794,5.0
1.0,qinghai,5.0,30.0,0.0,0.0,1.0,900.0,0.0,16.0,11.512936,1.0,1.0,923.0,11.512936,3.0
1.0,qinghai,4.0,52.0,0.0,0.0,1.0,2704.0,1.0,9.0,9.9035378,0.0,0.0,923.0,11.918397,3.0
1.0,qinghai,4.0,76.0,0.0,0.0,1.0,5776.0,1.0,6.0,9.7981825,0.0,0.0,923.0,10.778977,2.0
1.0,qinghai,4.0,49.0,0.0,0.0,0.0,2401.0,0.0,0.0,10.085851,1.0,0.0,923.0,10.085851,4.0
1.0,qinghai,4.0,26.0,0.0,0.0,0.0,676.0,0.0,16.0,10.463132,0.0,0.0,923.0,11.512936,5.0
1.0,qinghai,4.0,29.0,0.0,0.0,1.0,841.0,1.0,12.0,11.512936,1.0,0.0,923.0,12.42922,3.0
1.0,qinghai,2.0,31.0,0.0,0.0,0.0,961.0,0.0,12.0,11.002116,0.0,0.0,923.0,11.512936,3.0
1.0,qinghai,4.0,30.0,0.0,0.0,1.0,900.0,1.0,6.0,0.0,1.0,0.0,923.0,9.9035378,5.0
1.0,qinghai,5.0,24.0,0.0,1.0,0.0,576.0,1.0,16.0,0.0,0.0,0.0,923.0,11.695255,4.0
1.0,qinghai,5.0,33.0,1.0986123,0.0,1.0,1089.0,0.0,16.0,11.002116,0.0,0.0,923.0,11.695255,5.0
1.0,qinghai,3.0,27.0,0.0,0.0,0.0,729.0,1.0,15.0,10.819798,1.0,0.0,923.0,11.289794,4.0
1.0,qinghai,4.0,30.0,0.0,1.0,0.0,900.0,0.0,15.0,11.512936,0.0,0.0,923.0,11.512936,4.0
0.0,qinghai,4.0,54.0,0.0,0.0,1.0,2916.0,0.0,0.0,0.0,1.0,0.0,923.0,,2.0
1.0,qinghai,4.0,47.0,0.0,0.0,1.0,2209.0,1.0,0.0,9.9035378,1.0,0.0,923.0,9.9035378,4.0
0.0,qinghai,4.0,50.0,0.0,0.0,1.0,2500.0,1.0,6.0,9.6158724,0.0,0.0,923.0,10.463132,4.0
0.0,qinghai,4.0,65.0,0.0,0.0,1.0,4225.0,0.0,9.0,10.491302,0.0,0.0,923.0,10.491302,2.0
0.0,qinghai,2.0,56.0,0.0,0.0,1.0,3136.0,0.0,9.0,13.592368,1.0,0.0,923.0,13.815512,2.0
0.0,qinghai,4.0,18.0,0.0,0.0,0.0,324.0,1.0,12.0,0.0,0.0,0.0,923.0,11.289794,5.0
0.0,qinghai,2.0,51.0,0.0,0.0,1.0,2601.0,0.0,6.0,0.0,1.0,0.0,923.0,9.9035378,4.0
0.0,qinghai,4.0,49.0,0.0,0.0,1.0,2401.0,0.0,9.0,0.0,0.0,1.0,923.0,9.9035378,5.0
0.0,qinghai,3.0,27.0,0.0,0.0,0.0,729.0,0.0,0.0,10.308986,1.0,0.0,923.0,10.308986,4.0
0.0,qinghai,4.0,34.0,0.0,0.0,1.0,1156.0,0.0,6.0,11.002116,0.0,0.0,923.0,13.304687,4.0
1.0,ningxia,5.0,25.0,0.0,0.0,1.0,625.0,0.0,12.0,11.289794,1.0,0.0,438.0,11.918397,4.0
0.0,ningxia,4.0,52.0,0.0,1.0,1.0,2704.0,1.0,0.0,8.412055,1.0,0.0,438.0,9.1050911,1.0
1.0,ningxia,5.0,66.0,0.0,1.0,1.0,4356.0,1.0,6.0,10.645449,0.0,0.0,438.0,11.918397,2.0
0.0,ningxia,4.0,19.0,0.0,1.0,0.0,361.0,1.0,12.0,0.0,1.0,0.0,438.0,11.512936,4.0
1.0,ningxia,3.0,30.0,0.0,0.0,0.0,900.0,0.0,9.0,10.308986,1.0,0.0,438.0,10.819798,4.0
1.0,ningxia,3.0,47.0,0.0,1.0,1.0,2209.0,1.0,6.0,9.2104406,0.0,0.0,438.0,10.819798,2.0
1.0,ningxia,3.0,45.0,0.0,1.0,1.0,2025.0,1.0,12.0,0.0,1.0,0.0,438.0,11.512936,4.0
1.0,ningxia,4.0,26.0,0.0,1.0,1.0,676.0,1.0,6.0,0.0,1.0,0.0,438.0,10.308986,4.0
0.0,ningxia,4.0,47.0,0.0,1.0,1.0,2209.0,0.0,6.0,8.5173931,1.0,0.0,438.0,9.2104406,1.0
0.0,ningxia,3.0,53.0,0.0,1.0,1.0,2809.0,0.0,6.0,0.0,1.0,0.0,438.0,10.819798,1.0
1.0,ningxia,4.0,40.0,4.2626801,1.0,1.0,1600.0,0.0,9.0,10.126671,1.0,1.0,438.0,10.463132,5.0
0.0,ningxia,3.0,51.0,0.0,1.0,1.0,2601.0,1.0,0.0,8.0067005,1.0,0.0,438.0,9.2104406,2.0
1.0,ningxia,5.0,39.0,0.0,1.0,1.0,1521.0,1.0,16.0,11.002116,0.0,0.0,438.0,11.695255,3.0
0.0,ningxia,4.0,59.0,4.6151204,1.0,1.0,3481.0,0.0,0.0,9.2104406,1.0,0.0,438.0,9.9035378,4.0
1.0,ningxia,4.0,23.0,0.0,1.0,0.0,529.0,1.0,16.0,0.0,1.0,0.0,438.0,11.289794,4.0
0.0,ningxia,5.0,62.0,0.0,1.0,1.0,3844.0,1.0,0.0,7.6211953,1.0,0.0,438.0,8.9873219,4.0
0.0,ningxia,4.0,29.0,0.0,1.0,1.0,841.0,1.0,9.0,8.0067005,1.0,0.0,438.0,9.9035378,4.0
1.0,ningxia,5.0,65.0,0.0,1.0,1.0,4225.0,0.0,12.0,11.002116,0.0,0.0,438.0,11.512936,5.0
0.0,ningxia,5.0,43.0,0.0,1.0,1.0,1849.0,1.0,6.0,7.6014023,1.0,0.0,438.0,9.2104406,2.0
0.0,ningxia,4.0,40.0,0.0,1.0,1.0,1600.0,1.0,0.0,9.9035378,1.0,0.0,438.0,12.206078,1.0
1.0,ningxia,4.0,36.0,3.9318256,1.0,1.0,1296.0,0.0,16.0,11.156265,0.0,0.0,438.0,11.512936,4.0
0.0,ningxia,5.0,42.0,0.0,1.0,1.0,1764.0,1.0,6.0,9.9035378,1.0,0.0,438.0,9.9035378,1.0
0.0,ningxia,5.0,26.0,0.0,1.0,1.0,676.0,1.0,12.0,0.0,1.0,0.0,438.0,10.308986,4.0
0.0,ningxia,3.0,27.0,0.0,1.0,1.0,729.0,0.0,12.0,10.308986,1.0,0.0,438.0,10.308986,4.0
0.0,ningxia,4.0,26.0,0.0,1.0,1.0,676.0,0.0,15.0,10.59666,1.0,1.0,438.0,11.512936,4.0
1.0,ningxia,4.0,49.0,0.0,1.0,1.0,2401.0,1.0,9.0,0.0,0.0,0.0,438.0,12.206078,4.0
1.0,ningxia,5.0,44.0,3.4339871,0.0,1.0,1936.0,1.0,9.0,9.2104406,1.0,0.0,438.0,9.9035378,4.0
0.0,ningxia,4.0,64.0,0.0,1.0,1.0,4096.0,0.0,0.0,8.2943001,1.0,0.0,438.0,8.2943001,2.0
1.0,ningxia,1.0,40.0,0.0,1.0,0.0,1600.0,1.0,6.0,0.0,1.0,0.0,438.0,9.9035378,2.0
1.0,ningxia,4.0,28.0,0.0,0.0,1.0,784.0,1.0,15.0,,1.0,0.0,438.0,,4.0
0.0,ningxia,4.0,23.0,0.0,1.0,1.0,529.0,1.0,6.0,8.5173931,1.0,0.0,438.0,10.308986,4.0
0.0,ningxia,5.0,32.0,0.0,1.0,1.0,1024.0,0.0,6.0,9.9035378,1.0,0.0,438.0,9.9035378,5.0
0.0,ningxia,5.0,76.0,0.0,1.0,1.0,5776.0,0.0,0.0,7.6783261,1.0,0.0,438.0,8.3712425,2.0
0.0,ningxia,4.0,40.0,0.0,1.0,1.0,1600.0,0.0,6.0,9.9035378,0.0,0.0,438.0,9.9035378,5.0
1.0,ningxia,4.0,24.0,0.0,1.0,1.0,576.0,1.0,15.0,9.6158724,0.0,0.0,438.0,11.289794,3.0
0.0,ningxia,4.0,45.0,0.0,1.0,1.0,2025.0,1.0,0.0,8.9873219,1.0,0.0,438.0,10.239996,2.0
1.0,ningxia,1.0,38.0,0.0,1.0,0.0,1444.0,1.0,9.0,7.7836404,0.0,0.0,438.0,7.7836404,1.0
1.0,ningxia,4.0,21.0,2.3978953,1.0,0.0,441.0,1.0,16.0,0.0,1.0,0.0,438.0,10.308986,3.0
1.0,ningxia,5.0,37.0,0.0,1.0,1.0,1369.0,1.0,16.0,10.71444,0.0,0.0,438.0,11.512936,5.0
1.0,ningxia,4.0,40.0,0.0,1.0,1.0,1600.0,1.0,9.0,0.0,0.0,0.0,438.0,10.59666,4.0
0.0,ningxia,5.0,60.0,0.0,1.0,1.0,3600.0,1.0,0.0,9.0361061,1.0,0.0,438.0,9.7291937,3.0
0.0,ningxia,2.0,60.0,0.0,1.0,1.0,3600.0,1.0,0.0,7.6014023,1.0,0.0,438.0,8.0067005,2.0
1.0,ningxia,4.0,23.0,0.0,1.0,0.0,529.0,1.0,16.0,0.0,0.0,0.0,438.0,,3.0
1.0,ningxia,5.0,20.0,0.0,1.0,0.0,400.0,1.0,12.0,0.0,1.0,0.0,438.0,9.6158724,5.0
1.0,ningxia,4.0,42.0,0.0,1.0,1.0,1764.0,0.0,16.0,10.819798,0.0,0.0,438.0,11.407576,2.0
0.0,ningxia,2.0,56.0,0.0,1.0,1.0,3136.0,1.0,0.0,8.0067005,1.0,0.0,438.0,9.2104406,5.0
1.0,ningxia,5.0,32.0,4.6151204,1.0,1.0,1024.0,1.0,12.0,10.59666,1.0,0.0,438.0,11.512936,5.0
1.0,ningxia,4.0,46.0,0.0,1.0,1.0,2116.0,0.0,9.0,10.59666,1.0,0.0,438.0,11.156265,5.0
0.0,ningxia,5.0,55.0,0.0,1.0,1.0,3025.0,1.0,6.0,0.0,1.0,0.0,438.0,9.4727812,2.0
1.0,ningxia,4.0,19.0,0.0,1.0,0.0,361.0,1.0,12.0,0.0,0.0,0.0,438.0,10.819798,4.0
1.0,ningxia,5.0,40.0,1.7917595,1.0,1.0,1600.0,1.0,9.0,10.308986,0.0,0.0,438.0,11.002116,4.0
1.0,ningxia,3.0,55.0,0.0,1.0,1.0,3025.0,1.0,12.0,9.6158724,0.0,0.0,438.0,11.002116,3.0
1.0,ningxia,5.0,40.0,0.0,1.0,1.0,1600.0,0.0,16.0,10.819798,0.0,0.0,438.0,11.512936,2.0
1.0,ningxia,5.0,56.0,0.0,1.0,1.0,3136.0,1.0,0.0,0.0,1.0,0.0,438.0,11.512936,4.0
1.0,ningxia,4.0,27.0,1.3862944,1.0,1.0,729.0,1.0,15.0,9.6158724,1.0,0.0,438.0,13.304687,4.0
1.0,ningxia,4.0,40.0,0.0,1.0,1.0,1600.0,1.0,16.0,10.819798,0.0,0.0,438.0,11.512936,3.0
1.0,ningxia,4.0,38.0,0.0,1.0,1.0,1444.0,1.0,9.0,9.9035378,0.0,0.0,438.0,11.512936,5.0
0.0,ningxia,5.0,23.0,1.3862944,1.0,1.0,529.0,1.0,6.0,0.0,1.0,0.0,438.0,9.9035378,3.0
1.0,ningxia,5.0,24.0,4.6151204,1.0,1.0,576.0,0.0,9.0,11.695255,1.0,0.0,438.0,12.206078,5.0
1.0,ningxia,4.0,34.0,3.4339871,1.0,1.0,1156.0,1.0,15.0,9.9035378,0.0,0.0,438.0,10.59666,4.0
1.0,ningxia,4.0,37.0,0.0,1.0,1.0,1369.0,0.0,16.0,10.59666,0.0,0.0,438.0,11.407576,4.0
1.0,ningxia,5.0,88.0,0.0,1.0,0.0,7744.0,0.0,0.0,7.09091,1.0,0.0,438.0,10.126671,3.0
1.0,ningxia,4.0,39.0,0.0,0.0,1.0,1521.0,1.0,0.0,10.308986,1.0,0.0,438.0,10.308986,4.0
1.0,ningxia,4.0,33.0,0.0,1.0,1.0,1089.0,1.0,9.0,9.6158724,0.0,0.0,438.0,10.463132,5.0
1.0,ningxia,4.0,42.0,0.0,1.0,1.0,1764.0,1.0,9.0,11.512936,0.0,0.0,438.0,11.918397,4.0
0.0,ningxia,5.0,82.0,0.0,1.0,0.0,6724.0,1.0,0.0,8.0067005,1.0,0.0,438.0,8.0067005,3.0
1.0,ningxia,4.0,38.0,0.0,0.0,1.0,1444.0,1.0,12.0,9.9035378,0.0,0.0,438.0,11.289794,3.0
0.0,ningxia,4.0,19.0,0.0,1.0,0.0,361.0,0.0,12.0,0.0,1.0,0.0,438.0,10.308986,5.0
1.0,ningxia,5.0,59.0,0.0,1.0,0.0,3481.0,0.0,12.0,11.156265,1.0,1.0,438.0,11.156265,3.0
1.0,ningxia,4.0,37.0,0.0,1.0,1.0,1369.0,1.0,9.0,9.9035378,1.0,0.0,438.0,11.512936,4.0
1.0,ningxia,4.0,19.0,0.0,1.0,0.0,361.0,0.0,16.0,8.0067005,1.0,0.0,438.0,,5.0
1.0,ningxia,4.0,50.0,0.0,1.0,1.0,2500.0,1.0,6.0,0.0,1.0,0.0,438.0,10.308986,2.0
1.0,ningxia,4.0,48.0,0.0,1.0,1.0,2304.0,0.0,15.0,10.859018,0.0,1.0,438.0,10.915107,2.0
1.0,ningxia,4.0,35.0,0.0,0.0,1.0,1225.0,1.0,6.0,0.0,1.0,0.0,438.0,9.2104406,2.0
1.0,ningxia,4.0,68.0,5.3033047,1.0,1.0,4624.0,0.0,12.0,11.002116,0.0,1.0,438.0,11.695255,3.0
0.0,ningxia,4.0,52.0,0.0,1.0,1.0,2704.0,1.0,0.0,0.0,1.0,0.0,438.0,8.6996813,1.0
1.0,ningxia,5.0,48.0,0.0,1.0,1.0,2304.0,1.0,6.0,0.0,1.0,0.0,438.0,9.9035378,3.0
0.0,ningxia,4.0,35.0,0.0,1.0,1.0,1225.0,1.0,0.0,0.0,1.0,0.0,438.0,9.9035378,2.0
0.0,ningxia,4.0,30.0,0.0,1.0,1.0,900.0,1.0,0.0,0.0,1.0,0.0,438.0,9.9035378,2.0
0.0,ningxia,3.0,36.0,1.9459101,1.0,0.0,1296.0,1.0,6.0,9.4727812,0.0,0.0,438.0,9.6158724,4.0
0.0,ningxia,2.0,38.0,0.0,1.0,1.0,1444.0,1.0,6.0,8.5173931,1.0,0.0,438.0,9.9035378,1.0
0.0,ningxia,4.0,49.0,0.0,1.0,1.0,2401.0,1.0,6.0,0.0,1.0,0.0,438.0,9.9035378,1.0
0.0,ningxia,5.0,31.0,3.4339871,1.0,1.0,961.0,1.0,9.0,10.308986,1.0,0.0,438.0,10.308986,4.0
0.0,ningxia,2.0,22.0,0.0,1.0,1.0,484.0,1.0,9.0,0.0,1.0,0.0,438.0,10.59666,5.0
0.0,ningxia,5.0,63.0,0.0,1.0,0.0,3969.0,1.0,0.0,0.0,1.0,0.0,438.0,10.308986,5.0
0.0,ningxia,5.0,80.0,3.4339871,1.0,0.0,6400.0,1.0,0.0,0.0,1.0,0.0,438.0,7.6014023,4.0
0.0,ningxia,4.0,65.0,0.0,1.0,0.0,4225.0,1.0,0.0,0.0,1.0,0.0,438.0,,2.0
0.0,ningxia,4.0,63.0,0.0,1.0,0.0,3969.0,1.0,0.0,0.0,1.0,0.0,438.0,7.09091,1.0
0.0,ningxia,5.0,80.0,0.0,1.0,1.0,6400.0,0.0,0.0,8.5173931,1.0,0.0,438.0,8.5173931,1.0
0.0,ningxia,3.0,30.0,0.0,1.0,1.0,900.0,1.0,6.0,0.0,1.0,0.0,438.0,9.392745,2.0
0.0,ningxia,5.0,23.0,0.0,1.0,1.0,529.0,1.0,6.0,0.0,1.0,0.0,438.0,11.512936,5.0
0.0,ningxia,5.0,26.0,5.0172796,1.0,1.0,676.0,1.0,0.0,0.0,1.0,0.0,438.0,10.59666,5.0
0.0,ningxia,1.0,51.0,0.0,1.0,1.0,2601.0,1.0,0.0,8.2943001,1.0,0.0,438.0,9.2104406,1.0
