date,n_tiles,tiles,n_crs_groups,crs_groups,n_chunks_processed,n_chunks_with_valid_pixels,mean_ndvi,sd_ndvi,n_valid_pixels,n_inside_pixels,valid_pixel_coverage,per_crs_debug,files
2018-01-01,6,"T49SED,T49TEE,T49TFE,T49TGE,T50TKK,T50TMN",2,"EPSG:32649,EPSG:32650",17,12,0.1620185155739545,0.06861062120382287,14519303,36968173,0.39275143513313465,EPSG:32649:4files:12953607valid:8chunks|EPSG:32650:2files:1565696valid:9chunks,HLS-VI.S30.T49SED.2018001T032119.v2.0.NDVI.tif|HLS-VI.S30.T49TEE.2018001T032119.v2.0.NDVI.tif|HLS-VI.S30.T49TFE.2018001T032119.v2.0.NDVI.tif|HLS-VI.S30.T49TGE.2018001T032119.v2.0.NDVI.tif|HLS-VI.S30.T50TKK.2018001T032119.v2.0.NDVI.tif|HLS-VI.S30.T50TMN.2018001T032119.v2.0.NDVI.tif
2018-01-02,12,"T50TPL,T50TQL,T50TQM,T50TQN,T50TQQ,T51TTG,T51TUG,T51TUH,T51TUJ,T51TVH,T51TWH,T51TWJ",2,"EPSG:32650,EPSG:32651",39,36,0.2213181955832534,0.07436178843650897,59325850,110371582,0.5375101898965261,EPSG:32650:5files:19313116valid:17chunks|EPSG:32651:7files:40012734valid:22chunks,HLS-VI.S30.T50TPL.2018002T025109.v2.0.NDVI.tif|HLS-VI.S30.T50TQL.2018002T025109.v2.0.NDVI.tif|HLS-VI.S30.T50TQM.2018002T025109.v2.0.NDVI.tif|HLS-VI.S30.T50TQN.2018002T025109.v2.0.NDVI.tif|HLS-VI.S30.T50TQQ.2018002T025109.v2.0.NDVI.tif|HLS-VI.S30.T51TTG.2018002T025109.v2.0.NDVI.tif|HLS-VI.S30.T51TUG.2018002T025109.v2.0.NDVI.tif|HLS-VI.S30.T51TUH.2018002T025109.v2.0.NDVI.tif|HLS-VI.S30.T51TUJ.2018002T025109.v2.0.NDVI.tif|HLS-VI.S30.T51TVH.2018002T025109.v2.0.NDVI.tif|HLS-VI.S30.T51TWH.2018002T025109.v2.0.NDVI.tif|HLS-VI.S30.T51TWJ.2018002T025109.v2.0.NDVI.tif
2018-01-04,1,T49TGL,1,EPSG:32649,3,1,0.004396087285668202,0.01663353338916935,26683,2096663,0.012726413353028121,EPSG:32649:1files:26683valid:3chunks,HLS-VI.S30.T49TGL.2018004T033129.v2.0.NDVI.tif
2018-01-05,10,"T48TYN,T50TQM,T50TQN,T50UPA,T51TTG,T51TUG,T51TUH,T51TUJ,T51UVP,T51UWP",3,"EPSG:32648,EPSG:32650,EPSG:32651",39,30,0.18843994624939467,0.1204476722457312,40689550,107933778,0.37698624799365404,EPSG:32648:1files:595783valid:2chunks|EPSG:32650:3files:16927204valid:14chunks|EPSG:32651:6files:23166563valid:23chunks,HLS-VI.S30.T48TYN.2018005T035131.v2.0.NDVI.tif|HLS-VI.S30.T50TQM.2018005T030109.v2.0.NDVI.tif|HLS-VI.S30.T50TQN.2018005T030109.v2.0.NDVI.tif|HLS-VI.S30.T50UPA.2018005T030109.v2.0.NDVI.tif|HLS-VI.S30.T51TTG.2018005T030109.v2.0.NDVI.tif|HLS-VI.S30.T51TUG.2018005T030109.v2.0.NDVI.tif|HLS-VI.S30.T51TUH.2018005T030109.v2.0.NDVI.tif|HLS-VI.S30.T51TUJ.2018005T030109.v2.0.NDVI.tif|HLS-VI.S30.T51UVP.2018005T030109.v2.0.NDVI.tif|HLS-VI.S30.T51UWP.2018005T030109.v2.0.NDVI.tif
2018-01-06,11,"T50TMP,T50TMR,T50TMS,T50TMT,T50TNT,T50UMA,T50UMU,T50UNA,T50UNU,T50UNV,T50UPA",1,EPSG:32650,37,27,0.03702767625177252,0.07544188293412683,46647841,91965096,0.5072341902410453,EPSG:32650:11files:46647841valid:37chunks,HLS-VI.S30.T50TMP.2018006T032121.v2.0.NDVI.tif|HLS-VI.S30.T50TMR.2018006T032121.v2.0.NDVI.tif|HLS-VI.S30.T50TMS.2018006T032121.v2.0.NDVI.tif|HLS-VI.S30.T50TMT.2018006T032121.v2.0.NDVI.tif|HLS-VI.S30.T50TNT.2018006T032121.v2.0.NDVI.tif|HLS-VI.S30.T50UMA.2018006T032121.v2.0.NDVI.tif|HLS-VI.S30.T50UMU.2018006T032121.v2.0.NDVI.tif|HLS-VI.S30.T50UNA.2018006T032121.v2.0.NDVI.tif|HLS-VI.S30.T50UNU.2018006T032121.v2.0.NDVI.tif|HLS-VI.S30.T50UNV.2018006T032121.v2.0.NDVI.tif|HLS-VI.S30.T50UPA.2018006T032121.v2.0.NDVI.tif
2018-01-07,1,T51UXR,1,EPSG:32651,4,4,0.09826572341947529,0.1680081562475448,5547305,8817856,0.6290990689800332,EPSG:32651:1files:5547305valid:4chunks,HLS-VI.S30.T51UXR.2018007T025101.v2.0.NDVI.tif
2018-01-08,4,"T47TPF,T47TQE,T47TQG,T48TTM",2,"EPSG:32647,EPSG:32648",23,19,0.026374851087737766,0.03307020295199969,28021774,65134146,0.4302163415177041,EPSG:32647:3files:20832506valid:19chunks|EPSG:32648:1files:7189268valid:4chunks,HLS-VI.S30.T47TPF.2018008T040131.v2.0.NDVI.tif|HLS-VI.S30.T47TQE.2018008T040131.v2.0.NDVI.tif|HLS-VI.S30.T47TQG.2018008T040131.v2.0.NDVI.tif|HLS-VI.S30.T48TTM.2018008T040131.v2.0.NDVI.tif
2018-01-09,5,"T47TME,T47TMH,T47TNG,T47TNH,T47TPH",1,EPSG:32647,16,14,0.02811759678551063,0.04465300101390555,16650876,41785189,0.39848751192677384,EPSG:32647:5files:16650876valid:16chunks,HLS-VI.S30.T47TME.2018009T042139.v2.0.NDVI.tif|HLS-VI.S30.T47TMH.2018009T042139.v2.0.NDVI.tif|HLS-VI.S30.T47TNG.2018009T042139.v2.0.NDVI.tif|HLS-VI.S30.T47TNH.2018009T042139.v2.0.NDVI.tif|HLS-VI.S30.T47TPH.2018009T042139.v2.0.NDVI.tif
2018-01-11,6,"T47TMF,T47TNE,T47TNG,T47TNH,T47TPG,T47TQH",1,EPSG:32647,26,19,0.029264955314829307,0.043975506762911,26304702,72083892,0.3649178931681436,EPSG:32647:6files:26304702valid:26chunks,HLS-VI.S30.T47TMF.2018011T041131.v2.0.NDVI.tif|HLS-VI.S30.T47TNE.2018011T041131.v2.0.NDVI.tif|HLS-VI.S30.T47TNG.2018011T041131.v2.0.NDVI.tif|HLS-VI.S30.T47TNH.2018011T041131.v2.0.NDVI.tif|HLS-VI.S30.T47TPG.2018011T041131.v2.0.NDVI.tif|HLS-VI.S30.T47TQH.2018011T041131.v2.0.NDVI.tif
2018-01-12,5,"T47TMH,T51TWN,T51UWP,T51UWR,T51UXS",2,"EPSG:32647,EPSG:32651",19,18,0.11675130208062962,0.1711300668534072,27471040,57272384,0.4796559542553703,EPSG:32647:1files:512195valid:2chunks|EPSG:32651:4files:26958845valid:17chunks,HLS-VI.S30.T47TMH.2018012T043129.v2.0.NDVI.tif|HLS-VI.S30.T51TWN.2018012T025049.v2.0.NDVI.tif|HLS-VI.S30.T51UWP.2018012T025049.v2.0.NDVI.tif|HLS-VI.S30.T51UWR.2018012T025049.v2.0.NDVI.tif|HLS-VI.S30.T51UXS.2018012T025049.v2.0.NDVI.tif
2018-01-13,1,T47TPE,1,EPSG:32647,4,2,0.05461111645294329,0.03162123638591657,2548386,12610687,0.20208145678344092,EPSG:32647:1files:2548386valid:4chunks,HLS-VI.S30.T47TPE.2018013T040119.v2.0.NDVI.tif
2018-01-15,3,"T50UPA,T50UPV,T51UWQ",2,"EPSG:32650,EPSG:32651",12,7,0.05547316823680523,0.13845945282842953,9861491,34743417,0.2838376835531174,EPSG:32650:2files:6112248valid:8chunks|EPSG:32651:1files:3749243valid:4chunks,HLS-VI.S30.T50UPA.2018015T030049.v2.0.NDVI.tif|HLS-VI.S30.T50UPV.2018015T030049.v2.0.NDVI.tif|HLS-VI.S30.T51UWQ.2018015T030049.v2.0.NDVI.tif
2018-01-17,1,T48TXN,1,EPSG:32648,1,1,0.06293899384628272,0.01602160860746284,292083,292083,1.0,EPSG:32648:1files:292083valid:1chunks,HLS-VI.S30.T48TXN.2018017T034059.v2.0.NDVI.tif
2018-01-18,1,T50TPN,1,EPSG:32650,4,2,0.20386815637448386,0.0623633853765786,1454199,13279307,0.1095086513174219,EPSG:32650:1files:1454199valid:4chunks,HLS-VI.S30.T50TPN.2018018T031039.v2.0.NDVI.tif
2018-01-19,8,"T49SCB,T49SDC,T49TBE,T49TCH,T49TDE,T49TDH,T49TEL,T51TWM",2,"EPSG:32649,EPSG:32651",32,24,0.11912438811971988,0.06654916406454468,21695466,91184412,0.2379295487478715,EPSG:32649:7files:21593522valid:30chunks|EPSG:32651:1files:101944valid:2chunks,HLS-VI.S30.T49SCB.2018019T033041.v2.0.NDVI.tif|HLS-VI.S30.T49SDC.2018019T033041.v2.0.NDVI.tif|HLS-VI.S30.T49TBE.2018019T033041.v2.0.NDVI.tif|HLS-VI.S30.T49TCH.2018019T033041.v2.0.NDVI.tif|HLS-VI.S30.T49TDE.2018019T033041.v2.0.NDVI.tif|HLS-VI.S30.T49TDH.2018019T033041.v2.0.NDVI.tif|HLS-VI.S30.T49TEL.2018019T033041.v2.0.NDVI.tif|HLS-VI.S30.T51TWM.2018019T024019.v2.0.NDVI.tif
2018-01-20,6,"T48TVL,T48TWM,T48TXN,T48TYM,T48TYN,T49TBG",2,"EPSG:32648,EPSG:32649",25,20,0.07134662739377559,0.019336736820766247,28124911,69961139,0.40200762025901265,EPSG:32648:5files:22493123valid:21chunks|EPSG:32649:1files:5631788valid:4chunks,HLS-VI.S30.T48TVL.2018020T035049.v2.0.NDVI.tif|HLS-VI.S30.T48TWM.2018020T035049.v2.0.NDVI.tif|HLS-VI.S30.T48TXN.2018020T035049.v2.0.NDVI.tif|HLS-VI.S30.T48TYM.2018020T035049.v2.0.NDVI.tif|HLS-VI.S30.T48TYN.2018020T035049.v2.0.NDVI.tif|HLS-VI.S30.T49TBG.2018020T035049.v2.0.NDVI.tif
2018-01-23,1,T48SVG,1,EPSG:32648,2,1,0.08977210374987604,0.022071960522525733,269714,4532100,0.05951192603870171,EPSG:32648:1files:269714valid:2chunks,HLS-VI.S30.T48SVG.2018023T040039.v2.0.NDVI.tif
2018-01-24,1,T49TEL,1,EPSG:32649,1,1,-0.016728282006948116,0.006006148017118065,12605,12605,1.0,EPSG:32649:1files:12605valid:1chunks,HLS-VI.S30.T49TEL.2018024T033029.v2.0.NDVI.tif
2018-01-27,2,"T51UXP,T51UXQ",1,EPSG:32651,4,4,0.003265098617845592,0.09791482460157006,6216015,6540805,0.9503440325770299,EPSG:32651:2files:6216015valid:4chunks,HLS-VI.S30.T51UXP.2018027T024951.v2.0.NDVI.tif|HLS-VI.S30.T51UXQ.2018027T024951.v2.0.NDVI.tif
2018-01-29,4,"T51TWN,T51UWP,T51UXP,T51UXQ",1,EPSG:32651,10,6,0.009408591431206917,0.06883529329645434,6113771,20862736,0.29304742196804867,EPSG:32651:4files:6113771valid:10chunks,HLS-VI.S30.T51TWN.2018029T023939.v2.0.NDVI.tif|HLS-VI.S30.T51UWP.2018029T023939.v2.0.NDVI.tif|HLS-VI.S30.T51UXP.2018029T023939.v2.0.NDVI.tif|HLS-VI.S30.T51UXQ.2018029T023939.v2.0.NDVI.tif
2018-01-30,2,"T48TXN,T48TYN",1,EPSG:32648,3,2,0.06856442766594978,0.018610398412995426,759790,1610977,0.47163305248926585,EPSG:32648:2files:759790valid:3chunks,HLS-VI.S30.T48TXN.2018030T034959.v2.0.NDVI.tif|HLS-VI.S30.T48TYN.2018030T034959.v2.0.NDVI.tif
2018-01-31,2,"T47TQE,T48TTK",2,"EPSG:32647,EPSG:32648",8,8,0.07647721303916177,0.015913391739316468,17358424,26791200,0.6479151363134164,EPSG:32647:1files:9348611valid:4chunks|EPSG:32648:1files:8009813valid:4chunks,HLS-VI.S30.T47TQE.2018031T041011.v2.0.NDVI.tif|HLS-VI.S30.T48TTK.2018031T041011.v2.0.NDVI.tif
2018-02-01,2,"T51UXR,T51UYS",1,EPSG:32651,7,7,0.06448632136216402,0.12917426990985592,8977207,16423763,0.5465986692574656,EPSG:32651:2files:8977207valid:7chunks,HLS-VI.S30.T51UXR.2018032T024929.v2.0.NDVI.tif|HLS-VI.S30.T51UYS.2018032T024929.v2.0.NDVI.tif
2018-02-02,6,"T48TTL,T48TUL,T50TMT,T50UMU,T50UMV,T50UNU",2,"EPSG:32648,EPSG:32650",22,20,0.03731591966643642,0.04324979585556089,41987972,59635747,0.7040738837395631,EPSG:32648:2files:24721545valid:8chunks|EPSG:32650:4files:17266427valid:14chunks,HLS-VI.S30.T48TTL.2018033T035949.v2.0.NDVI.tif|HLS-VI.S30.T48TUL.2018033T035949.v2.0.NDVI.tif|HLS-VI.S30.T50TMT.2018033T030931.v2.0.NDVI.tif|HLS-VI.S30.T50UMU.2018033T030931.v2.0.NDVI.tif|HLS-VI.S30.T50UMV.2018033T030931.v2.0.NDVI.tif|HLS-VI.S30.T50UNU.2018033T030931.v2.0.NDVI.tif
2018-02-03,10,"T49SDC,T49TCH,T49TDH,T49TGJ,T51TVH,T51UXP,T51UXQ,T51UXR,T51UXS,T51UYS",2,"EPSG:32649,EPSG:32651",33,25,0.09773301335772033,0.11139475094156927,30302560,91556014,0.33097290583227007,EPSG:32649:4files:9733861valid:16chunks|EPSG:32651:6files:20568699valid:17chunks,HLS-VI.S30.T49SDC.2018034T032939.v2.0.NDVI.tif|HLS-VI.S30.T49TCH.2018034T032939.v2.0.NDVI.tif|HLS-VI.S30.T49TDH.2018034T032939.v2.0.NDVI.tif|HLS-VI.S30.T49TGJ.2018034T032939.v2.0.NDVI.tif|HLS-VI.S30.T51TVH.2018034T023911.v2.0.NDVI.tif|HLS-VI.S30.T51UXP.2018034T023911.v2.0.NDVI.tif|HLS-VI.S30.T51UXQ.2018034T023911.v2.0.NDVI.tif|HLS-VI.S30.T51UXR.2018034T023911.v2.0.NDVI.tif|HLS-VI.S30.T51UXS.2018034T023911.v2.0.NDVI.tif|HLS-VI.S30.T51UYS.2018034T023911.v2.0.NDVI.tif
2018-02-04,1,T51TUG,1,EPSG:32651,1,1,0.20561843575933922,0.11331346007276066,258322,786940,0.32826136681322593,EPSG:32651:1files:258322valid:1chunks,HLS-VI.S30.T51TUG.2018035T025919.v2.0.NDVI.tif
2018-02-05,1,T48TUM,1,EPSG:32648,4,2,0.04461759791918798,0.016628534288405702,1434835,6346423,0.22608562335035026,EPSG:32648:1files:1434835valid:4chunks,HLS-VI.S30.T48TUM.2018036T040939.v2.0.NDVI.tif
2018-02-06,6,"T48TXM,T48TXN,T48TYN,T49SCB,T49TCH,T49TDF",2,"EPSG:32648,EPSG:32649",21,17,0.09180582305480177,0.03604434774652558,13654844,51457288,0.26536268293035575,EPSG:32648:3files:8295888valid:8chunks|EPSG:32649:3files:5358956valid:13chunks,HLS-VI.S30.T48TXM.2018037T033919.v2.0.NDVI.tif|HLS-VI.S30.T48TXN.2018037T033919.v2.0.NDVI.tif|HLS-VI.S30.T48TYN.2018037T033919.v2.0.NDVI.tif|HLS-VI.S30.T49SCB.2018037T033919.v2.0.NDVI.tif|HLS-VI.S30.T49TCH.2018037T033919.v2.0.NDVI.tif|HLS-VI.S30.T49TDF.2018037T033919.v2.0.NDVI.tif
2018-02-08,8,"T47TLF,T47TNF,T49SCB,T49SCC,T49TDJ,T51UXQ,T51UXR,T51UYS",3,"EPSG:32647,EPSG:32649,EPSG:32651",22,22,0.07259003653977601,0.07989989652648694,26419192,46893939,0.563381805055873,EPSG:32647:2files:9843184valid:6chunks|EPSG:32649:3files:5724460valid:6chunks|EPSG:32651:3files:10851548valid:10chunks,HLS-VI.S30.T47TLF.2018039T041929.v2.0.NDVI.tif|HLS-VI.S30.T47TNF.2018039T041929.v2.0.NDVI.tif|HLS-VI.S30.T49SCB.2018039T032911.v2.0.NDVI.tif|HLS-VI.S30.T49SCC.2018039T032911.v2.0.NDVI.tif|HLS-VI.S30.T49TDJ.2018039T032911.v2.0.NDVI.tif|HLS-VI.S30.T51UXQ.2018039T023839.v2.0.NDVI.tif|HLS-VI.S30.T51UXR.2018039T023839.v2.0.NDVI.tif|HLS-VI.S30.T51UYS.2018039T023839.v2.0.NDVI.tif
2018-02-10,3,"T47TNG,T48TTK,T48TTL",2,"EPSG:32647,EPSG:32648",12,11,0.0670959376438271,0.01860107904672898,29574699,38991657,0.7584878734443115,EPSG:32647:1files:10760372valid:4chunks|EPSG:32648:2files:18814327valid:8chunks,HLS-VI.S30.T47TNG.2018041T040911.v2.0.NDVI.tif|HLS-VI.S30.T48TTK.2018041T040911.v2.0.NDVI.tif|HLS-VI.S30.T48TTL.2018041T040911.v2.0.NDVI.tif
2018-02-11,4,"T47TMG,T48TXN,T48TYN,T49TBG",3,"EPSG:32647,EPSG:32648,EPSG:32649",11,9,0.08778534023471603,0.02114549327946718,15908812,28365790,0.560845017889507,EPSG:32647:1files:1086071valid:4chunks|EPSG:32648:2files:1609277valid:3chunks|EPSG:32649:1files:13213464valid:4chunks,HLS-VI.S30.T47TMG.2018042T042909.v2.0.NDVI.tif|HLS-VI.S30.T48TXN.2018042T033851.v2.0.NDVI.tif|HLS-VI.S30.T48TYN.2018042T033851.v2.0.NDVI.tif|HLS-VI.S30.T49TBG.2018042T033851.v2.0.NDVI.tif
2018-02-12,14,"T48TTL,T48TUL,T48TUM,T48TVL,T48TVM,T48TWL,T48TWM,T50TMS,T50TMT,T50TNR,T50TNT,T50UMU,T50UMV,T50UNU",2,"EPSG:32648,EPSG:32650",52,42,0.04179117145810041,0.04477869383161953,77933240,128958505,0.604328035595636,EPSG:32648:7files:44281026valid:25chunks|EPSG:32650:7files:33652214valid:27chunks,HLS-VI.S30.T48TTL.2018043T035849.v2.0.NDVI.tif|HLS-VI.S30.T48TUL.2018043T035849.v2.0.NDVI.tif|HLS-VI.S30.T48TUM.2018043T035849.v2.0.NDVI.tif|HLS-VI.S30.T48TVL.2018043T035849.v2.0.NDVI.tif|HLS-VI.S30.T48TVM.2018043T035849.v2.0.NDVI.tif|HLS-VI.S30.T48TWL.2018043T035849.v2.0.NDVI.tif|HLS-VI.S30.T48TWM.2018043T035849.v2.0.NDVI.tif|HLS-VI.S30.T50TMS.2018043T030831.v2.0.NDVI.tif|HLS-VI.S30.T50TMT.2018043T030831.v2.0.NDVI.tif|HLS-VI.S30.T50TNR.2018043T030831.v2.0.NDVI.tif|HLS-VI.S30.T50TNT.2018043T030831.v2.0.NDVI.tif|HLS-VI.S30.T50UMU.2018043T030831.v2.0.NDVI.tif|HLS-VI.S30.T50UMV.2018043T030831.v2.0.NDVI.tif|HLS-VI.S30.T50UNU.2018043T030831.v2.0.NDVI.tif
2018-02-13,6,"T47TLH,T47TNG,T49SDC,T49SDD,T49SED,T49TCH",2,"EPSG:32647,EPSG:32649",17,16,0.08472005519849185,0.054514664821228465,20700342,40691014,0.5087202299750997,EPSG:32647:2files:14309863valid:7chunks|EPSG:32649:4files:6390479valid:10chunks,HLS-VI.S30.T47TLH.2018044T041901.v2.0.NDVI.tif|HLS-VI.S30.T47TNG.2018044T041901.v2.0.NDVI.tif|HLS-VI.S30.T49SDC.2018044T032829.v2.0.NDVI.tif|HLS-VI.S30.T49SDD.2018044T032829.v2.0.NDVI.tif|HLS-VI.S30.T49SED.2018044T032829.v2.0.NDVI.tif|HLS-VI.S30.T49TCH.2018044T032829.v2.0.NDVI.tif
2018-02-14,7,"T48TVL,T48TXN,T48TYN,T51TUH,T51TVL,T51UUV,T51UWP",2,"EPSG:32648,EPSG:32651",30,18,0.11373144695215016,0.08529271095657438,19050741,70107195,0.27173731597734013,EPSG:32648:3files:12057183valid:10chunks|EPSG:32651:4files:6993558valid:20chunks,HLS-VI.S30.T48TVL.2018045T034841.v2.0.NDVI.tif|HLS-VI.S30.T48TXN.2018045T034841.v2.0.NDVI.tif|HLS-VI.S30.T48TYN.2018045T034841.v2.0.NDVI.tif|HLS-VI.S30.T51TUH.2018045T025819.v2.0.NDVI.tif|HLS-VI.S30.T51TVL.2018045T025819.v2.0.NDVI.tif|HLS-VI.S30.T51UUV.2018045T025819.v2.0.NDVI.tif|HLS-VI.S30.T51UWP.2018045T025819.v2.0.NDVI.tif
2018-02-15,7,"T47TNG,T47TNH,T49TEH,T49TFG,T49TFH,T49TGJ,T50TMT",3,"EPSG:32647,EPSG:32649,EPSG:32650",31,28,0.10101873894143007,0.03531297438019869,51430849,89095763,0.577253589488874,EPSG:32647:2files:11461578valid:6chunks|EPSG:32649:4files:39489371valid:23chunks|EPSG:32650:1files:479900valid:2chunks,HLS-VI.S30.T47TNG.2018046T040839.v2.0.NDVI.tif|HLS-VI.S30.T47TNH.2018046T040839.v2.0.NDVI.tif|HLS-VI.S30.T49TEH.2018046T031821.v2.0.NDVI.tif|HLS-VI.S30.T49TFG.2018046T031821.v2.0.NDVI.tif|HLS-VI.S30.T49TFH.2018046T031821.v2.0.NDVI.tif|HLS-VI.S30.T49TGJ.2018046T031821.v2.0.NDVI.tif|HLS-VI.S30.T50TMT.2018046T031821.v2.0.NDVI.tif
2018-02-16,19,"T48TXM,T48TYL,T48TYM,T48TYN,T49SCB,T49SCC,T49TBF,T49TBG,T49TCE,T49TCF,T49TCH,T50TPL,T50TPM,T50TQQ,T51TUH,T51TUJ,T51TVH,T51UXQ,T51UXS",4,"EPSG:32648,EPSG:32649,EPSG:32650,EPSG:32651",82,75,0.12012021760746042,0.08892876499635935,140486406,239275069,0.5871334886126394,EPSG:32648:4files:31434034valid:18chunks|EPSG:32649:7files:54157792valid:27chunks|EPSG:32650:3files:6861729valid:12chunks|EPSG:32651:5files:48032851valid:25chunks,HLS-VI.S30.T48TXM.2018047T033819.v2.0.NDVI.tif|HLS-VI.S30.T48TYL.2018047T033819.v2.0.NDVI.tif|HLS-VI.S30.T48TYM.2018047T033819.v2.0.NDVI.tif|HLS-VI.S30.T48TYN.2018047T033819.v2.0.NDVI.tif|HLS-VI.S30.T49SCB.2018047T033819.v2.0.NDVI.tif|HLS-VI.S30.T49SCC.2018047T033819.v2.0.NDVI.tif|HLS-VI.S30.T49TBF.2018047T033819.v2.0.NDVI.tif|HLS-VI.S30.T49TBG.2018047T033819.v2.0.NDVI.tif|HLS-VI.S30.T49TCE.2018047T033819.v2.0.NDVI.tif|HLS-VI.S30.T49TCF.2018047T033819.v2.0.NDVI.tif|HLS-VI.S30.T49TCH.2018047T033819.v2.0.NDVI.tif|HLS-VI.S30.T50TPL.2018047T024801.v2.0.NDVI.tif|HLS-VI.S30.T50TPM.2018047T024801.v2.0.NDVI.tif|HLS-VI.S30.T50TQQ.2018047T024801.v2.0.NDVI.tif|HLS-VI.S30.T51TUH.2018047T024801.v2.0.NDVI.tif|HLS-VI.S30.T51TUJ.2018047T024801.v2.0.NDVI.tif|HLS-VI.S30.T51TVH.2018047T024801.v2.0.NDVI.tif|HLS-VI.S30.T51UXQ.2018047T024801.v2.0.NDVI.tif|HLS-VI.S30.T51UXS.2018047T024801.v2.0.NDVI.tif
2018-02-17,10,"T47TQF,T48TTL,T48TUM,T48TVM,T50TMS,T50TMT,T50TNT,T50UMU,T50UMV,T50UNU",3,"EPSG:32647,EPSG:32648,EPSG:32650",35,31,0.040976195308096125,0.04302812330050657,54520553,86596739,0.6295912944250707,EPSG:32647:1files:12195473valid:4chunks|EPSG:32648:3files:21900784valid:12chunks|EPSG:32650:6files:20424296valid:19chunks,HLS-VI.S30.T47TQF.2018048T035821.v2.0.NDVI.tif|HLS-VI.S30.T48TTL.2018048T035821.v2.0.NDVI.tif|HLS-VI.S30.T48TUM.2018048T035821.v2.0.NDVI.tif|HLS-VI.S30.T48TVM.2018048T035821.v2.0.NDVI.tif|HLS-VI.S30.T50TMS.2018048T030759.v2.0.NDVI.tif|HLS-VI.S30.T50TMT.2018048T030759.v2.0.NDVI.tif|HLS-VI.S30.T50TNT.2018048T030759.v2.0.NDVI.tif|HLS-VI.S30.T50UMU.2018048T030759.v2.0.NDVI.tif|HLS-VI.S30.T50UMV.2018048T030759.v2.0.NDVI.tif|HLS-VI.S30.T50UNU.2018048T030759.v2.0.NDVI.tif
2018-02-18,17,"T49SDD,T49SED,T49TBE,T49TCH,T49TDE,T49TDG,T49TDH,T49TDJ,T49TEE,T49TEG,T49TEH,T49TEJ,T49TFG,T49TFH,T49TGL,T51UWP,T51UXP",2,"EPSG:32649,EPSG:32651",61,49,0.11558527320570283,0.043017687160481426,94008276,199181368,0.4719732419952051,EPSG:32649:15files:92755441valid:57chunks|EPSG:32651:2files:1252835valid:4chunks,HLS-VI.S30.T49SDD.2018049T032801.v2.0.NDVI.tif|HLS-VI.S30.T49SED.2018049T032801.v2.0.NDVI.tif|HLS-VI.S30.T49TBE.2018049T032801.v2.0.NDVI.tif|HLS-VI.S30.T49TCH.2018049T032801.v2.0.NDVI.tif|HLS-VI.S30.T49TDE.2018049T032801.v2.0.NDVI.tif|HLS-VI.S30.T49TDG.2018049T032801.v2.0.NDVI.tif|HLS-VI.S30.T49TDH.2018049T032801.v2.0.NDVI.tif|HLS-VI.S30.T49TDJ.2018049T032801.v2.0.NDVI.tif|HLS-VI.S30.T49TEE.2018049T032801.v2.0.NDVI.tif|HLS-VI.S30.T49TEG.2018049T032801.v2.0.NDVI.tif|HLS-VI.S30.T49TEH.2018049T032801.v2.0.NDVI.tif|HLS-VI.S30.T49TEJ.2018049T032801.v2.0.NDVI.tif|HLS-VI.S30.T49TFG.2018049T032801.v2.0.NDVI.tif|HLS-VI.S30.T49TFH.2018049T032801.v2.0.NDVI.tif|HLS-VI.S30.T49TGL.2018049T032801.v2.0.NDVI.tif|HLS-VI.S30.T51UWP.2018049T023739.v2.0.NDVI.tif|HLS-VI.S30.T51UXP.2018049T023739.v2.0.NDVI.tif
2018-02-19,4,"T50TNR,T50TNS,T50TPR,T50TQP",1,EPSG:32650,23,19,0.09725330133716671,0.1070166755412251,29141879,76512141,0.38087914701014575,EPSG:32650:4files:29141879valid:23chunks,HLS-VI.S30.T50TNR.2018050T025751.v2.0.NDVI.tif|HLS-VI.S30.T50TNS.2018050T025751.v2.0.NDVI.tif|HLS-VI.S30.T50TPR.2018050T025751.v2.0.NDVI.tif|HLS-VI.S30.T50TQP.2018050T025751.v2.0.NDVI.tif
2018-02-20,16,"T47TQH,T49TEH,T49TFH,T49TGJ,T50TLR,T50TLT,T50TMN,T50TMS,T50TMT,T50TNR,T50TNS,T50TNT,T50UMA,T50UMV,T50UNU,T50UPV",3,"EPSG:32647,EPSG:32649,EPSG:32650",65,41,0.06504631649745705,0.06505357706934517,56910250,185918449,0.30610329585957335,EPSG:32647:1files:474969valid:1chunks|EPSG:32649:3files:27433974valid:17chunks|EPSG:32650:12files:29001307valid:47chunks,HLS-VI.S30.T47TQH.2018051T040811.v2.0.NDVI.tif|HLS-VI.S30.T49TEH.2018051T031739.v2.0.NDVI.tif|HLS-VI.S30.T49TFH.2018051T031739.v2.0.NDVI.tif|HLS-VI.S30.T49TGJ.2018051T031739.v2.0.NDVI.tif|HLS-VI.S30.T50TLR.2018051T031739.v2.0.NDVI.tif|HLS-VI.S30.T50TLT.2018051T031739.v2.0.NDVI.tif|HLS-VI.S30.T50TMN.2018051T031739.v2.0.NDVI.tif|HLS-VI.S30.T50TMS.2018051T031739.v2.0.NDVI.tif|HLS-VI.S30.T50TMT.2018051T031739.v2.0.NDVI.tif|HLS-VI.S30.T50TNR.2018051T031739.v2.0.NDVI.tif|HLS-VI.S30.T50TNS.2018051T031739.v2.0.NDVI.tif|HLS-VI.S30.T50TNT.2018051T031739.v2.0.NDVI.tif|HLS-VI.S30.T50UMA.2018051T031739.v2.0.NDVI.tif|HLS-VI.S30.T50UMV.2018051T031739.v2.0.NDVI.tif|HLS-VI.S30.T50UNU.2018051T031739.v2.0.NDVI.tif|HLS-VI.S30.T50UPV.2018051T031739.v2.0.NDVI.tif
2018-02-21,15,"T47TMG,T47TMH,T48TWK,T48TXM,T48TXN,T48TYM,T48TYN,T49TBF,T49TBG,T49TCG,T49TCH,T49TDH,T49TDJ,T51TWH,T51TWJ",4,"EPSG:32647,EPSG:32648,EPSG:32649,EPSG:32651",51,37,0.1015747785977112,0.05368193536292904,70303329,142221153,0.4943239983436219,EPSG:32647:2files:1356743valid:6chunks|EPSG:32648:5files:20048074valid:20chunks|EPSG:32649:6files:42143998valid:21chunks|EPSG:32651:2files:6754514valid:4chunks,HLS-VI.S30.T47TMG.2018052T042809.v2.0.NDVI.tif|HLS-VI.S30.T47TMH.2018052T042809.v2.0.NDVI.tif|HLS-VI.S30.T48TWK.2018052T033751.v2.0.NDVI.tif|HLS-VI.S30.T48TXM.2018052T033751.v2.0.NDVI.tif|HLS-VI.S30.T48TXN.2018052T033751.v2.0.NDVI.tif|HLS-VI.S30.T48TYM.2018052T033751.v2.0.NDVI.tif|HLS-VI.S30.T48TYN.2018052T033751.v2.0.NDVI.tif|HLS-VI.S30.T49TBF.2018052T033751.v2.0.NDVI.tif|HLS-VI.S30.T49TBG.2018052T033751.v2.0.NDVI.tif|HLS-VI.S30.T49TCG.2018052T033751.v2.0.NDVI.tif|HLS-VI.S30.T49TCH.2018052T033751.v2.0.NDVI.tif|HLS-VI.S30.T49TDH.2018052T033751.v2.0.NDVI.tif|HLS-VI.S30.T49TDJ.2018052T033751.v2.0.NDVI.tif|HLS-VI.S30.T51TWH.2018052T024719.v2.0.NDVI.tif|HLS-VI.S30.T51TWJ.2018052T024719.v2.0.NDVI.tif
2018-02-22,12,"T47TPE,T47TQE,T47TQF,T48SVG,T48TTK,T48TTL,T48TUL,T48TUM,T48TVK,T48TVL,T48TVM,T48TWL",2,"EPSG:32647,EPSG:32648",52,40,0.07037933991617246,0.01677813428088391,91133725,173149422,0.5263299406220369,EPSG:32647:3files:25728492valid:15chunks|EPSG:32648:9files:65405233valid:37chunks,HLS-VI.S30.T47TPE.2018053T035749.v2.0.NDVI.tif|HLS-VI.S30.T47TQE.2018053T035749.v2.0.NDVI.tif|HLS-VI.S30.T47TQF.2018053T035749.v2.0.NDVI.tif|HLS-VI.S30.T48SVG.2018053T035749.v2.0.NDVI.tif|HLS-VI.S30.T48TTK.2018053T035749.v2.0.NDVI.tif|HLS-VI.S30.T48TTL.2018053T035749.v2.0.NDVI.tif|HLS-VI.S30.T48TUL.2018053T035749.v2.0.NDVI.tif|HLS-VI.S30.T48TUM.2018053T035749.v2.0.NDVI.tif|HLS-VI.S30.T48TVK.2018053T035749.v2.0.NDVI.tif|HLS-VI.S30.T48TVL.2018053T035749.v2.0.NDVI.tif|HLS-VI.S30.T48TVM.2018053T035749.v2.0.NDVI.tif|HLS-VI.S30.T48TWL.2018053T035749.v2.0.NDVI.tif
2018-02-23,5,"T49TEJ,T51UXQ,T51UXR,T51UXS,T51UYS",2,"EPSG:32649,EPSG:32651",15,15,0.06813944825655388,0.08391361348180483,23280638,32374482,0.7191045713102066,EPSG:32649:1files:6718060valid:4chunks|EPSG:32651:4files:16562578valid:11chunks,HLS-VI.S30.T49TEJ.2018054T032729.v2.0.NDVI.tif|HLS-VI.S30.T51UXQ.2018054T023711.v2.0.NDVI.tif|HLS-VI.S30.T51UXR.2018054T023711.v2.0.NDVI.tif|HLS-VI.S30.T51UXS.2018054T023711.v2.0.NDVI.tif|HLS-VI.S30.T51UYS.2018054T023711.v2.0.NDVI.tif
2018-02-24,5,"T48TVL,T48TVM,T48TXK,T48TXN,T51TVL",2,"EPSG:32648,EPSG:32651",23,19,0.08514652927050972,0.05566750443760165,26019548,54021582,0.48165098163915304,EPSG:32648:4files:24359377valid:20chunks|EPSG:32651:1files:1660171valid:3chunks,HLS-VI.S30.T48TVL.2018055T034731.v2.0.NDVI.tif|HLS-VI.S30.T48TVM.2018055T034731.v2.0.NDVI.tif|HLS-VI.S30.T48TXK.2018055T034731.v2.0.NDVI.tif|HLS-VI.S30.T48TXN.2018055T034731.v2.0.NDVI.tif|HLS-VI.S30.T51TVL.2018055T025709.v2.0.NDVI.tif
2018-02-25,16,"T47TNF,T47TNG,T47TNH,T47TPE,T47TQE,T47TQF,T47TQH,T48STJ,T48TTK,T48TTL,T48TUL,T48TUM,T49TGE,T50TKK,T50TMT,T50UPA",4,"EPSG:32647,EPSG:32648,EPSG:32649,EPSG:32650",61,46,0.06807211530856055,0.027369117457331688,78149441,163189447,0.47888783519194106,EPSG:32647:7files:51389423valid:27chunks|EPSG:32648:5files:23370784valid:20chunks|EPSG:32649:1files:862981valid:1chunks|EPSG:32650:3files:2526253valid:13chunks,HLS-VI.S30.T47TNF.2018056T040729.v2.0.NDVI.tif|HLS-VI.S30.T47TNG.2018056T040729.v2.0.NDVI.tif|HLS-VI.S30.T47TNH.2018056T040729.v2.0.NDVI.tif|HLS-VI.S30.T47TPE.2018056T040729.v2.0.NDVI.tif|HLS-VI.S30.T47TQE.2018056T040729.v2.0.NDVI.tif|HLS-VI.S30.T47TQF.2018056T040729.v2.0.NDVI.tif|HLS-VI.S30.T47TQH.2018056T040729.v2.0.NDVI.tif|HLS-VI.S30.T48STJ.2018056T040729.v2.0.NDVI.tif|HLS-VI.S30.T48TTK.2018056T040729.v2.0.NDVI.tif|HLS-VI.S30.T48TTL.2018056T040729.v2.0.NDVI.tif|HLS-VI.S30.T48TUL.2018056T040729.v2.0.NDVI.tif|HLS-VI.S30.T48TUM.2018056T040729.v2.0.NDVI.tif|HLS-VI.S30.T49TGE.2018056T031711.v2.0.NDVI.tif|HLS-VI.S30.T50TKK.2018056T031711.v2.0.NDVI.tif|HLS-VI.S30.T50TMT.2018056T031711.v2.0.NDVI.tif|HLS-VI.S30.T50UPA.2018056T031711.v2.0.NDVI.tif
2018-02-26,10,"T48TXM,T48TYL,T48TYM,T49TBF,T49TBG,T49TCE,T49TCG,T49TDE,T49TDF,T49TDG",2,"EPSG:32648,EPSG:32649",47,36,0.09376794980187077,0.05140641299189512,89060929,138998210,0.6407343590971424,EPSG:32648:3files:31100872valid:14chunks|EPSG:32649:7files:57960057valid:33chunks,HLS-VI.S30.T48TXM.2018057T033709.v2.0.NDVI.tif|HLS-VI.S30.T48TYL.2018057T033709.v2.0.NDVI.tif|HLS-VI.S30.T48TYM.2018057T033709.v2.0.NDVI.tif|HLS-VI.S30.T49TBF.2018057T033709.v2.0.NDVI.tif|HLS-VI.S30.T49TBG.2018057T033709.v2.0.NDVI.tif|HLS-VI.S30.T49TCE.2018057T033709.v2.0.NDVI.tif|HLS-VI.S30.T49TCG.2018057T033709.v2.0.NDVI.tif|HLS-VI.S30.T49TDE.2018057T033709.v2.0.NDVI.tif|HLS-VI.S30.T49TDF.2018057T033709.v2.0.NDVI.tif|HLS-VI.S30.T49TDG.2018057T033709.v2.0.NDVI.tif
2018-02-27,2,"T47TPE,T47TQH",1,EPSG:32647,8,4,0.07475598724531266,0.011839738872448165,2602654,23594733,0.11030656714784609,EPSG:32647:2files:2602654valid:8chunks,HLS-VI.S30.T47TPE.2018058T035711.v2.0.NDVI.tif|HLS-VI.S30.T47TQH.2018058T035711.v2.0.NDVI.tif
2018-02-28,9,"T49SBB,T49SCB,T49SCC,T49SDC,T49SDD,T49SED,T49TCE,T49TCF,T49TDE",1,EPSG:32649,28,27,0.12569981888398374,0.060390510289492716,42892961,94356410,0.4545844951074336,EPSG:32649:9files:42892961valid:28chunks,HLS-VI.S30.T49SBB.2018059T032701.v2.0.NDVI.tif|HLS-VI.S30.T49SCB.2018059T032701.v2.0.NDVI.tif|HLS-VI.S30.T49SCC.2018059T032701.v2.0.NDVI.tif|HLS-VI.S30.T49SDC.2018059T032701.v2.0.NDVI.tif|HLS-VI.S30.T49SDD.2018059T032701.v2.0.NDVI.tif|HLS-VI.S30.T49SED.2018059T032701.v2.0.NDVI.tif|HLS-VI.S30.T49TCE.2018059T032701.v2.0.NDVI.tif|HLS-VI.S30.T49TCF.2018059T032701.v2.0.NDVI.tif|HLS-VI.S30.T49TDE.2018059T032701.v2.0.NDVI.tif
2018-03-01,3,"T48TYL,T49TBF,T50TPM",3,"EPSG:32648,EPSG:32649,EPSG:32650",12,8,0.1954694073242649,0.11724596352802498,15612978,38304910,0.4075973028000849,EPSG:32648:1files:2435752valid:4chunks|EPSG:32649:1files:1826553valid:4chunks|EPSG:32650:1files:11350673valid:4chunks,HLS-VI.S30.T48TYL.2018060T034649.v2.0.NDVI.tif|HLS-VI.S30.T49TBF.2018060T034649.v2.0.NDVI.tif|HLS-VI.S30.T50TPM.2018060T025631.v2.0.NDVI.tif
2018-03-02,2,"T49TEH,T50TNT",2,"EPSG:32649,EPSG:32650",5,3,0.08369991523381728,0.0418024255519532,2563542,13864088,0.18490520256363058,EPSG:32649:1files:2081750valid:4chunks|EPSG:32650:1files:481792valid:1chunks,HLS-VI.S30.T49TEH.2018061T031629.v2.0.NDVI.tif|HLS-VI.S30.T50TNT.2018061T031629.v2.0.NDVI.tif
2018-03-04,2,"T48SVG,T50TMP",2,"EPSG:32648,EPSG:32650",6,5,0.14249862915198122,0.05479187708557856,13584521,17927700,0.7577391968852669,EPSG:32648:1files:280837valid:2chunks|EPSG:32650:1files:13303684valid:4chunks,HLS-VI.S30.T48SVG.2018063T035629.v2.0.NDVI.tif|HLS-VI.S30.T50TMP.2018063T030621.v2.0.NDVI.tif
2018-03-05,27,"T47TLH,T47TMG,T47TMH,T47TNG,T47TNH,T49TCF,T49TCG,T49TCH,T49TDF,T49TDG,T49TDH,T49TDJ,T49TEF,T49TEG,T49TEH,T49TEJ,T49TEK,T49TFF,T49TFG,T49TFH,T49TFJ,T49TFK,T49TGJ,T51TVH,T51TWH,T51UXS,T51UYS",3,"EPSG:32647,EPSG:32649,EPSG:32651",81,69,0.11386228578838299,0.0532110105428547,169186624,245361326,0.6895407143340919,EPSG:32647:5files:27732967valid:12chunks|EPSG:32649:18files:128235530valid:57chunks|EPSG:32651:4files:13218127valid:12chunks,HLS-VI.S30.T47TLH.2018064T041701.v2.0.NDVI.tif|HLS-VI.S30.T47TMG.2018064T041701.v2.0.NDVI.tif|HLS-VI.S30.T47TMH.2018064T041701.v2.0.NDVI.tif|HLS-VI.S30.T47TNG.2018064T041701.v2.0.NDVI.tif|HLS-VI.S30.T47TNH.2018064T041701.v2.0.NDVI.tif|HLS-VI.S30.T49TCF.2018064T032619.v2.0.NDVI.tif|HLS-VI.S30.T49TCG.2018064T032619.v2.0.NDVI.tif|HLS-VI.S30.T49TCH.2018064T032619.v2.0.NDVI.tif|HLS-VI.S30.T49TDF.2018064T032619.v2.0.NDVI.tif|HLS-VI.S30.T49TDG.2018064T032619.v2.0.NDVI.tif|HLS-VI.S30.T49TDH.2018064T032619.v2.0.NDVI.tif|HLS-VI.S30.T49TDJ.2018064T032619.v2.0.NDVI.tif|HLS-VI.S30.T49TEF.2018064T032619.v2.0.NDVI.tif|HLS-VI.S30.T49TEG.2018064T032619.v2.0.NDVI.tif|HLS-VI.S30.T49TEH.2018064T032619.v2.0.NDVI.tif|HLS-VI.S30.T49TEJ.2018064T032619.v2.0.NDVI.tif|HLS-VI.S30.T49TEK.2018064T032619.v2.0.NDVI.tif|HLS-VI.S30.T49TFF.2018064T032619.v2.0.NDVI.tif|HLS-VI.S30.T49TFG.2018064T032619.v2.0.NDVI.tif|HLS-VI.S30.T49TFH.2018064T032619.v2.0.NDVI.tif|HLS-VI.S30.T49TFJ.2018064T032619.v2.0.NDVI.tif|HLS-VI.S30.T49TFK.2018064T032619.v2.0.NDVI.tif|HLS-VI.S30.T49TGJ.2018064T032619.v2.0.NDVI.tif|HLS-VI.S30.T51TVH.2018064T023601.v2.0.NDVI.tif|HLS-VI.S30.T51TWH.2018064T023601.v2.0.NDVI.tif|HLS-VI.S30.T51UXS.2018064T023601.v2.0.NDVI.tif|HLS-VI.S30.T51UYS.2018064T023601.v2.0.NDVI.tif
2018-03-06,4,"T48TUK,T48TVL,T48TVM,T50TNR",2,"EPSG:32648,EPSG:32650",19,12,0.060139578896454556,0.024262825070762536,17953526,54090496,0.3319164608880643,EPSG:32648:3files:14718085valid:15chunks|EPSG:32650:1files:3235441valid:4chunks,HLS-VI.S30.T48TUK.2018065T034621.v2.0.NDVI.tif|HLS-VI.S30.T48TVL.2018065T034621.v2.0.NDVI.tif|HLS-VI.S30.T48TVM.2018065T034621.v2.0.NDVI.tif|HLS-VI.S30.T50TNR.2018065T025549.v2.0.NDVI.tif
2018-03-07,11,"T47TNF,T47TNG,T47TNH,T47TPE,T47TQE,T48STJ,T48TTK,T48TTL,T48TUL,T48TUM,T50TMT",3,"EPSG:32647,EPSG:32648,EPSG:32650",44,34,0.06631024640380416,0.019926957471169283,63687022,125774085,0.506360447782228,EPSG:32647:5files:39787021valid:22chunks|EPSG:32648:5files:23419753valid:20chunks|EPSG:32650:1files:480248valid:2chunks,HLS-VI.S30.T47TNF.2018066T040619.v2.0.NDVI.tif|HLS-VI.S30.T47TNG.2018066T040619.v2.0.NDVI.tif|HLS-VI.S30.T47TNH.2018066T040619.v2.0.NDVI.tif|HLS-VI.S30.T47TPE.2018066T040619.v2.0.NDVI.tif|HLS-VI.S30.T47TQE.2018066T040619.v2.0.NDVI.tif|HLS-VI.S30.T48STJ.2018066T040619.v2.0.NDVI.tif|HLS-VI.S30.T48TTK.2018066T040619.v2.0.NDVI.tif|HLS-VI.S30.T48TTL.2018066T040619.v2.0.NDVI.tif|HLS-VI.S30.T48TUL.2018066T040619.v2.0.NDVI.tif|HLS-VI.S30.T48TUM.2018066T040619.v2.0.NDVI.tif|HLS-VI.S30.T50TMT.2018066T031601.v2.0.NDVI.tif
2018-03-08,19,"T47TLH,T48TYL,T48TYM,T49SCB,T49SCC,T49TBG,T49TCE,T49TCF,T49TCG,T49TCH,T49TDE,T49TDF,T49TDG,T49TDJ,T49TEJ,T51UWP,T51UXR,T51UXS,T51UYS",4,"EPSG:32647,EPSG:32648,EPSG:32649,EPSG:32651",70,55,0.09065121713621904,0.06946116091548735,115101554,233861394,0.4921785166473437,EPSG:32647:1files:1054903valid:1chunks|EPSG:32648:2files:25267990valid:8chunks|EPSG:32649:12files:60964089valid:46chunks|EPSG:32651:4files:27814572valid:15chunks,HLS-VI.S30.T47TLH.2018067T042701.v2.0.NDVI.tif|HLS-VI.S30.T48TYL.2018067T033559.v2.0.NDVI.tif|HLS-VI.S30.T48TYM.2018067T033559.v2.0.NDVI.tif|HLS-VI.S30.T49SCB.2018067T033559.v2.0.NDVI.tif|HLS-VI.S30.T49SCC.2018067T033559.v2.0.NDVI.tif|HLS-VI.S30.T49TBG.2018067T033559.v2.0.NDVI.tif|HLS-VI.S30.T49TCE.2018067T033559.v2.0.NDVI.tif|HLS-VI.S30.T49TCF.2018067T033559.v2.0.NDVI.tif|HLS-VI.S30.T49TCG.2018067T033559.v2.0.NDVI.tif|HLS-VI.S30.T49TCH.2018067T033559.v2.0.NDVI.tif|HLS-VI.S30.T49TDE.2018067T033559.v2.0.NDVI.tif|HLS-VI.S30.T49TDF.2018067T033559.v2.0.NDVI.tif|HLS-VI.S30.T49TDG.2018067T033559.v2.0.NDVI.tif|HLS-VI.S30.T49TDJ.2018067T033559.v2.0.NDVI.tif|HLS-VI.S30.T49TEJ.2018067T033559.v2.0.NDVI.tif|HLS-VI.S30.T51UWP.2018067T024541.v2.0.NDVI.tif|HLS-VI.S30.T51UXR.2018067T024541.v2.0.NDVI.tif|HLS-VI.S30.T51UXS.2018067T024541.v2.0.NDVI.tif|HLS-VI.S30.T51UYS.2018067T024541.v2.0.NDVI.tif
2018-03-09,12,"T47TPE,T47TQE,T47TQF,T48TTK,T48TTL,T48TUK,T48TUL,T48TUM,T48TVK,T48TVL,T48TVM,T48TWM",2,"EPSG:32647,EPSG:32648",50,41,0.07307069606745663,0.014582177879794832,100982094,147549354,0.6843953650925506,EPSG:32647:3files:25867649valid:15chunks|EPSG:32648:9files:75114445valid:35chunks,HLS-VI.S30.T47TPE.2018068T035601.v2.0.NDVI.tif|HLS-VI.S30.T47TQE.2018068T035601.v2.0.NDVI.tif|HLS-VI.S30.T47TQF.2018068T035601.v2.0.NDVI.tif|HLS-VI.S30.T48TTK.2018068T035601.v2.0.NDVI.tif|HLS-VI.S30.T48TTL.2018068T035601.v2.0.NDVI.tif|HLS-VI.S30.T48TUK.2018068T035601.v2.0.NDVI.tif|HLS-VI.S30.T48TUL.2018068T035601.v2.0.NDVI.tif|HLS-VI.S30.T48TUM.2018068T035601.v2.0.NDVI.tif|HLS-VI.S30.T48TVK.2018068T035601.v2.0.NDVI.tif|HLS-VI.S30.T48TVL.2018068T035601.v2.0.NDVI.tif|HLS-VI.S30.T48TVM.2018068T035601.v2.0.NDVI.tif|HLS-VI.S30.T48TWM.2018068T035601.v2.0.NDVI.tif
2018-03-10,43,"T47TLF,T47TLG,T47TLH,T47TMF,T47TMG,T47TMH,T47TNF,T47TNG,T47TNH,T49SCC,T49SDC,T49SDD,T49SED,T49TBE,T49TCE,T49TCF,T49TCG,T49TCH,T49TDE,T49TDF,T49TDG,T49TDH,T49TDJ,T49TEE,T49TEF,T49TEG,T49TEH,T49TEJ,T49TEK,T49TEL,T49TFG,T49TFH,T49TFJ,T49TFK,T49TGK,T49TGL,T51TVH,T51TWM,T51UXP,T51UXR,T51UXS,T51UXT,T51UYS",3,"EPSG:32647,EPSG:32649,EPSG:32651",118,101,0.1072106628602017,0.05647696877087487,234520988,361224165,0.6492394770986598,EPSG:32647:9files:48182765valid:17chunks|EPSG:32649:27files:168659077valid:79chunks|EPSG:32651:7files:17679146valid:22chunks,HLS-VI.S30.T47TLF.2018069T041559.v2.0.NDVI.tif|HLS-VI.S30.T47TLG.2018069T041559.v2.0.NDVI.tif|HLS-VI.S30.T47TLH.2018069T041559.v2.0.NDVI.tif|HLS-VI.S30.T47TMF.2018069T041559.v2.0.NDVI.tif|HLS-VI.S30.T47TMG.2018069T041559.v2.0.NDVI.tif|HLS-VI.S30.T47TMH.2018069T041559.v2.0.NDVI.tif|HLS-VI.S30.T47TNF.2018069T041559.v2.0.NDVI.tif|HLS-VI.S30.T47TNG.2018069T041559.v2.0.NDVI.tif|HLS-VI.S30.T47TNH.2018069T041559.v2.0.NDVI.tif|HLS-VI.S30.T49SCC.2018069T032541.v2.0.NDVI.tif|HLS-VI.S30.T49SDC.2018069T032541.v2.0.NDVI.tif|HLS-VI.S30.T49SDD.2018069T032541.v2.0.NDVI.tif|HLS-VI.S30.T49SED.2018069T032541.v2.0.NDVI.tif|HLS-VI.S30.T49TBE.2018069T032541.v2.0.NDVI.tif|HLS-VI.S30.T49TCE.2018069T032541.v2.0.NDVI.tif|HLS-VI.S30.T49TCF.2018069T032541.v2.0.NDVI.tif|HLS-VI.S30.T49TCG.2018069T032541.v2.0.NDVI.tif|HLS-VI.S30.T49TCH.2018069T032541.v2.0.NDVI.tif|HLS-VI.S30.T49TDE.2018069T032541.v2.0.NDVI.tif|HLS-VI.S30.T49TDF.2018069T032541.v2.0.NDVI.tif|HLS-VI.S30.T49TDG.2018069T032541.v2.0.NDVI.tif|HLS-VI.S30.T49TDH.2018069T032541.v2.0.NDVI.tif|HLS-VI.S30.T49TDJ.2018069T032541.v2.0.NDVI.tif|HLS-VI.S30.T49TEE.2018069T032541.v2.0.NDVI.tif|HLS-VI.S30.T49TEF.2018069T032541.v2.0.NDVI.tif|HLS-VI.S30.T49TEG.2018069T032541.v2.0.NDVI.tif|HLS-VI.S30.T49TEH.2018069T032541.v2.0.NDVI.tif|HLS-VI.S30.T49TEJ.2018069T032541.v2.0.NDVI.tif|HLS-VI.S30.T49TEK.2018069T032541.v2.0.NDVI.tif|HLS-VI.S30.T49TEL.2018069T032541.v2.0.NDVI.tif|HLS-VI.S30.T49TFG.2018069T032541.v2.0.NDVI.tif|HLS-VI.S30.T49TFH.2018069T032541.v2.0.NDVI.tif|HLS-VI.S30.T49TFJ.2018069T032541.v2.0.NDVI.tif|HLS-VI.S30.T49TFK.2018069T032541.v2.0.NDVI.tif|HLS-VI.S30.T49TGK.2018069T032541.v2.0.NDVI.tif|HLS-VI.S30.T49TGL.2018069T032541.v2.0.NDVI.tif|HLS-VI.S30.T51TVH.2018069T023539.v2.0.NDVI.tif|HLS-VI.S30.T51TWM.2018069T023539.v2.0.NDVI.tif|HLS-VI.S30.T51UXP.2018069T023539.v2.0.NDVI.tif|HLS-VI.S30.T51UXR.2018069T023539.v2.0.NDVI.tif|HLS-VI.S30.T51UXS.2018069T023539.v2.0.NDVI.tif|HLS-VI.S30.T51UXT.2018069T023539.v2.0.NDVI.tif|HLS-VI.S30.T51UYS.2018069T023539.v2.0.NDVI.tif
2018-03-11,26,"T48SUG,T48SVG,T48SWG,T48SWH,T48SXH,T48SXJ,T48TUK,T48TVK,T48TVM,T48TWK,T48TWL,T48TWM,T48TXK,T48TXL,T48TXM,T48TXN,T48TYL,T48TYM,T48TYN,T49TBF,T49TBG,T50TNS,T50UQU,T51TVN,T51UWR,T51UWS",4,"EPSG:32648,EPSG:32649,EPSG:32650,EPSG:32651",99,76,0.08960351700761385,0.07540802450149825,145544963,294650505,0.4939579621626645,EPSG:32648:19files:97776360valid:61chunks|EPSG:32649:2files:7349673valid:8chunks|EPSG:32650:2files:13702224valid:12chunks|EPSG:32651:3files:26716706valid:18chunks,HLS-VI.S30.T48SUG.2018070T034539.v2.0.NDVI.tif|HLS-VI.S30.T48SVG.2018070T034539.v2.0.NDVI.tif|HLS-VI.S30.T48SWG.2018070T034539.v2.0.NDVI.tif|HLS-VI.S30.T48SWH.2018070T034539.v2.0.NDVI.tif|HLS-VI.S30.T48SXH.2018070T034539.v2.0.NDVI.tif|HLS-VI.S30.T48SXJ.2018070T034539.v2.0.NDVI.tif|HLS-VI.S30.T48TUK.2018070T034539.v2.0.NDVI.tif|HLS-VI.S30.T48TVK.2018070T034539.v2.0.NDVI.tif|HLS-VI.S30.T48TVM.2018070T034539.v2.0.NDVI.tif|HLS-VI.S30.T48TWK.2018070T034539.v2.0.NDVI.tif|HLS-VI.S30.T48TWL.2018070T034539.v2.0.NDVI.tif|HLS-VI.S30.T48TWM.2018070T034539.v2.0.NDVI.tif|HLS-VI.S30.T48TXK.2018070T034539.v2.0.NDVI.tif|HLS-VI.S30.T48TXL.2018070T034539.v2.0.NDVI.tif|HLS-VI.S30.T48TXM.2018070T034539.v2.0.NDVI.tif|HLS-VI.S30.T48TXN.2018070T034539.v2.0.NDVI.tif|HLS-VI.S30.T48TYL.2018070T034539.v2.0.NDVI.tif|HLS-VI.S30.T48TYM.2018070T034539.v2.0.NDVI.tif|HLS-VI.S30.T48TYN.2018070T034539.v2.0.NDVI.tif|HLS-VI.S30.T49TBF.2018070T034539.v2.0.NDVI.tif|HLS-VI.S30.T49TBG.2018070T034539.v2.0.NDVI.tif|HLS-VI.S30.T50TNS.2018070T025541.v2.0.NDVI.tif|HLS-VI.S30.T50UQU.2018070T025541.v2.0.NDVI.tif|HLS-VI.S30.T51TVN.2018070T025541.v2.0.NDVI.tif|HLS-VI.S30.T51UWR.2018070T025541.v2.0.NDVI.tif|HLS-VI.S30.T51UWS.2018070T025541.v2.0.NDVI.tif
2018-03-12,15,"T47SPD,T47TMF,T47TNE,T47TNF,T47TNH,T47TPE,T47TPF,T47TQE,T48TTK,T49TEH,T49TFH,T49TGE,T50TKK,T50TLM,T50TMP",4,"EPSG:32647,EPSG:32648,EPSG:32649,EPSG:32650",59,46,0.08548747575961486,0.03899502065434269,80626312,175504741,0.4593967749281485,EPSG:32647:8files:47235011valid:30chunks|EPSG:32648:1files:7977705valid:4chunks|EPSG:32649:3files:14983267valid:11chunks|EPSG:32650:3files:10430329valid:14chunks,HLS-VI.S30.T47SPD.2018071T040551.v2.0.NDVI.tif|HLS-VI.S30.T47TMF.2018071T040551.v2.0.NDVI.tif|HLS-VI.S30.T47TNE.2018071T040551.v2.0.NDVI.tif|HLS-VI.S30.T47TNF.2018071T040551.v2.0.NDVI.tif|HLS-VI.S30.T47TNH.2018071T040551.v2.0.NDVI.tif|HLS-VI.S30.T47TPE.2018071T040551.v2.0.NDVI.tif|HLS-VI.S30.T47TPF.2018071T040551.v2.0.NDVI.tif|HLS-VI.S30.T47TQE.2018071T040551.v2.0.NDVI.tif|HLS-VI.S30.T48TTK.2018071T040551.v2.0.NDVI.tif|HLS-VI.S30.T49TEH.2018071T031529.v2.0.NDVI.tif|HLS-VI.S30.T49TFH.2018071T031529.v2.0.NDVI.tif|HLS-VI.S30.T49TGE.2018071T031529.v2.0.NDVI.tif|HLS-VI.S30.T50TKK.2018071T031529.v2.0.NDVI.tif|HLS-VI.S30.T50TLM.2018071T031529.v2.0.NDVI.tif|HLS-VI.S30.T50TMP.2018071T031529.v2.0.NDVI.tif
2018-03-13,10,"T48SWH,T48SWJ,T48SXJ,T48SYG,T49SBB,T49SBD,T49TBE,T49TCE,T50TQQ,T51TUK",4,"EPSG:32648,EPSG:32649,EPSG:32650,EPSG:32651",38,35,0.1368001385720852,0.07323379086244605,67848865,116172996,0.5840330140061121,EPSG:32648:4files:11252776valid:14chunks|EPSG:32649:4files:37171953valid:16chunks|EPSG:32650:1files:6086943valid:4chunks|EPSG:32651:1files:13337193valid:4chunks,HLS-VI.S30.T48SWH.2018072T033531.v2.0.NDVI.tif|HLS-VI.S30.T48SWJ.2018072T033531.v2.0.NDVI.tif|HLS-VI.S30.T48SXJ.2018072T033531.v2.0.NDVI.tif|HLS-VI.S30.T48SYG.2018072T033531.v2.0.NDVI.tif|HLS-VI.S30.T49SBB.2018072T033531.v2.0.NDVI.tif|HLS-VI.S30.T49SBD.2018072T033531.v2.0.NDVI.tif|HLS-VI.S30.T49TBE.2018072T033531.v2.0.NDVI.tif|HLS-VI.S30.T49TCE.2018072T033531.v2.0.NDVI.tif|HLS-VI.S30.T50TQQ.2018072T024539.v2.0.NDVI.tif|HLS-VI.S30.T51TUK.2018072T024539.v2.0.NDVI.tif
2018-03-14,6,"T48TUL,T48TVK,T48TVL,T48TVM,T48TWL,T48TWM",1,EPSG:32648,27,17,0.06707158109439292,0.012450880160704425,37265949,74267517,0.5017799235162258,EPSG:32648:6files:37265949valid:27chunks,HLS-VI.S30.T48TUL.2018073T035529.v2.0.NDVI.tif|HLS-VI.S30.T48TVK.2018073T035529.v2.0.NDVI.tif|HLS-VI.S30.T48TVL.2018073T035529.v2.0.NDVI.tif|HLS-VI.S30.T48TVM.2018073T035529.v2.0.NDVI.tif|HLS-VI.S30.T48TWL.2018073T035529.v2.0.NDVI.tif|HLS-VI.S30.T48TWM.2018073T035529.v2.0.NDVI.tif
2018-03-15,5,"T49SBB,T49SCB,T49SCC,T51UWQ,T51UXQ",2,"EPSG:32649,EPSG:32651",12,10,0.07834077231255915,0.07694353319287266,11777635,31707018,0.371451992111021,EPSG:32649:3files:6309229valid:6chunks|EPSG:32651:2files:5468406valid:6chunks,HLS-VI.S30.T49SBB.2018074T032529.v2.0.NDVI.tif|HLS-VI.S30.T49SCB.2018074T032529.v2.0.NDVI.tif|HLS-VI.S30.T49SCC.2018074T032529.v2.0.NDVI.tif|HLS-VI.S30.T51UWQ.2018074T023541.v2.0.NDVI.tif|HLS-VI.S30.T51UXQ.2018074T023541.v2.0.NDVI.tif
2018-03-16,20,"T50UPA,T50UPV,T50UQA,T50UQB,T50UQC,T50UQV,T51TVL,T51TVN,T51UUP,T51UUQ,T51UUR,T51UUS,T51UUT,T51UVS,T51UVT,T51UWQ,T51UWR,T51UWS,T51UWT,T51UXT",2,"EPSG:32650,EPSG:32651",78,65,0.1036901941232023,0.1364692773986713,153703655,248007748,0.6197534401223627,EPSG:32650:6files:45225483valid:24chunks|EPSG:32651:14files:108478172valid:54chunks,HLS-VI.S30.T50UPA.2018075T025539.v2.0.NDVI.tif|HLS-VI.S30.T50UPV.2018075T025539.v2.0.NDVI.tif|HLS-VI.S30.T50UQA.2018075T025539.v2.0.NDVI.tif|HLS-VI.S30.T50UQB.2018075T025539.v2.0.NDVI.tif|HLS-VI.S30.T50UQC.2018075T025539.v2.0.NDVI.tif|HLS-VI.S30.T50UQV.2018075T025539.v2.0.NDVI.tif|HLS-VI.S30.T51TVL.2018075T025539.v2.0.NDVI.tif|HLS-VI.S30.T51TVN.2018075T025539.v2.0.NDVI.tif|HLS-VI.S30.T51UUP.2018075T025539.v2.0.NDVI.tif|HLS-VI.S30.T51UUQ.2018075T025539.v2.0.NDVI.tif|HLS-VI.S30.T51UUR.2018075T025539.v2.0.NDVI.tif|HLS-VI.S30.T51UUS.2018075T025539.v2.0.NDVI.tif|HLS-VI.S30.T51UUT.2018075T025539.v2.0.NDVI.tif|HLS-VI.S30.T51UVS.2018075T025539.v2.0.NDVI.tif|HLS-VI.S30.T51UVT.2018075T025539.v2.0.NDVI.tif|HLS-VI.S30.T51UWQ.2018075T025539.v2.0.NDVI.tif|HLS-VI.S30.T51UWR.2018075T025539.v2.0.NDVI.tif|HLS-VI.S30.T51UWS.2018075T025539.v2.0.NDVI.tif|HLS-VI.S30.T51UWT.2018075T025539.v2.0.NDVI.tif|HLS-VI.S30.T51UXT.2018075T025539.v2.0.NDVI.tif
2018-03-17,15,"T49TFJ,T49TFK,T49TGJ,T49TGK,T49TGL,T50TLQ,T50TLR,T50TMS,T50TMT,T50TNT,T50UMA,T50UMU,T50UMV,T50UNU,T50UNV",2,"EPSG:32649,EPSG:32650",54,48,0.08630105178251207,0.07425251295136857,98993470,117834085,0.8401089548919568,EPSG:32649:5files:40913224valid:20chunks|EPSG:32650:10files:58080246valid:34chunks,HLS-VI.S30.T49TFJ.2018076T031541.v2.0.NDVI.tif|HLS-VI.S30.T49TFK.2018076T031541.v2.0.NDVI.tif|HLS-VI.S30.T49TGJ.2018076T031541.v2.0.NDVI.tif|HLS-VI.S30.T49TGK.2018076T031541.v2.0.NDVI.tif|HLS-VI.S30.T49TGL.2018076T031541.v2.0.NDVI.tif|HLS-VI.S30.T50TLQ.2018076T031541.v2.0.NDVI.tif|HLS-VI.S30.T50TLR.2018076T031541.v2.0.NDVI.tif|HLS-VI.S30.T50TMS.2018076T031541.v2.0.NDVI.tif|HLS-VI.S30.T50TMT.2018076T031541.v2.0.NDVI.tif|HLS-VI.S30.T50TNT.2018076T031541.v2.0.NDVI.tif|HLS-VI.S30.T50UMA.2018076T031541.v2.0.NDVI.tif|HLS-VI.S30.T50UMU.2018076T031541.v2.0.NDVI.tif|HLS-VI.S30.T50UMV.2018076T031541.v2.0.NDVI.tif|HLS-VI.S30.T50UNU.2018076T031541.v2.0.NDVI.tif|HLS-VI.S30.T50UNV.2018076T031541.v2.0.NDVI.tif
2018-03-18,5,"T47TLG,T50TQQ,T50TQR,T51TUL,T51TVK",3,"EPSG:32647,EPSG:32650,EPSG:32651",21,19,0.19451228305614804,0.07457312699989334,32014000,57340077,0.5583180503925728,EPSG:32647:1files:4106201valid:2chunks|EPSG:32650:2files:9457423valid:8chunks|EPSG:32651:2files:18450376valid:11chunks,HLS-VI.S30.T47TLG.2018077T042701.v2.0.NDVI.tif|HLS-VI.S30.T50TQQ.2018077T024541.v2.0.NDVI.tif|HLS-VI.S30.T50TQR.2018077T024541.v2.0.NDVI.tif|HLS-VI.S30.T51TUL.2018077T024541.v2.0.NDVI.tif|HLS-VI.S30.T51TVK.2018077T024541.v2.0.NDVI.tif
2018-03-19,15,"T50TLR,T50TMS,T50TNP,T50TNQ,T50TNS,T50TPP,T50TPQ,T50TPR,T50TPS,T50TQS,T50TQT,T50UQC,T50UQE,T51UUV,T51UVV",2,"EPSG:32650,EPSG:32651",53,41,0.15563622892057602,0.10489353601376634,82673588,157222528,0.5258380529283946,EPSG:32650:13files:81362783valid:51chunks|EPSG:32651:2files:1310805valid:2chunks,HLS-VI.S30.T50TLR.2018078T030539.v2.0.NDVI.tif|HLS-VI.S30.T50TMS.2018078T030539.v2.0.NDVI.tif|HLS-VI.S30.T50TNP.2018078T030539.v2.0.NDVI.tif|HLS-VI.S30.T50TNQ.2018078T030539.v2.0.NDVI.tif|HLS-VI.S30.T50TNS.2018078T030539.v2.0.NDVI.tif|HLS-VI.S30.T50TPP.2018078T030539.v2.0.NDVI.tif|HLS-VI.S30.T50TPQ.2018078T030539.v2.0.NDVI.tif|HLS-VI.S30.T50TPR.2018078T030539.v2.0.NDVI.tif|HLS-VI.S30.T50TPS.2018078T030539.v2.0.NDVI.tif|HLS-VI.S30.T50TQS.2018078T030539.v2.0.NDVI.tif|HLS-VI.S30.T50TQT.2018078T030539.v2.0.NDVI.tif|HLS-VI.S30.T50UQC.2018078T030539.v2.0.NDVI.tif|HLS-VI.S30.T50UQE.2018078T030539.v2.0.NDVI.tif|HLS-VI.S30.T51UUV.2018078T030539.v2.0.NDVI.tif|HLS-VI.S30.T51UVV.2018078T030539.v2.0.NDVI.tif
2018-03-20,12,"T47TNG,T49TGK,T49TGL,T51TVH,T51TVJ,T51TWH,T51TWJ,T51UWP,T51UXP,T51UXQ,T51UXR,T51UXS",3,"EPSG:32647,EPSG:32649,EPSG:32651",39,27,0.09993739725064173,0.09044228049128128,49535027,103904277,0.47673713181219673,EPSG:32647:1files:13273573valid:4chunks|EPSG:32649:2files:3667108valid:7chunks|EPSG:32651:9files:32594346valid:28chunks,HLS-VI.S30.T47TNG.2018079T041539.v2.0.NDVI.tif|HLS-VI.S30.T49TGK.2018079T032531.v2.0.NDVI.tif|HLS-VI.S30.T49TGL.2018079T032531.v2.0.NDVI.tif|HLS-VI.S30.T51TVH.2018079T023539.v2.0.NDVI.tif|HLS-VI.S30.T51TVJ.2018079T023539.v2.0.NDVI.tif|HLS-VI.S30.T51TWH.2018079T023539.v2.0.NDVI.tif|HLS-VI.S30.T51TWJ.2018079T023539.v2.0.NDVI.tif|HLS-VI.S30.T51UWP.2018079T023539.v2.0.NDVI.tif|HLS-VI.S30.T51UXP.2018079T023539.v2.0.NDVI.tif|HLS-VI.S30.T51UXQ.2018079T023539.v2.0.NDVI.tif|HLS-VI.S30.T51UXR.2018079T023539.v2.0.NDVI.tif|HLS-VI.S30.T51UXS.2018079T023539.v2.0.NDVI.tif
2018-03-21,40,"T50TNQ,T50TNS,T50TPL,T50TPM,T50TPQ,T50TPR,T50TPS,T50TPT,T50TQM,T50TQN,T50TQP,T50TQQ,T50TQR,T50UPU,T50UQD,T50UQE,T50UQU,T51TTG,T51TUJ,T51TUK,T51TUL,T51TVM,T51UUP,T51UUQ,T51UUR,T51UUS,T51UUT,T51UUU,T51UUV,T51UVQ,T51UVR,T51UVS,T51UVT,T51UVU,T51UVV,T51UWQ,T51UWR,T51UWS,T51UWT,T51UXT",2,"EPSG:32650,EPSG:32651",158,137,0.15229730303479352,0.12163393607699,288792626,494497277,0.5840125708113859,EPSG:32650:17files:127231649valid:72chunks|EPSG:32651:23files:161560977valid:86chunks,HLS-VI.S30.T50TNQ.2018080T025541.v2.0.NDVI.tif|HLS-VI.S30.T50TNS.2018080T025541.v2.0.NDVI.tif|HLS-VI.S30.T50TPL.2018080T025541.v2.0.NDVI.tif|HLS-VI.S30.T50TPM.2018080T025541.v2.0.NDVI.tif|HLS-VI.S30.T50TPQ.2018080T025541.v2.0.NDVI.tif|HLS-VI.S30.T50TPR.2018080T025541.v2.0.NDVI.tif|HLS-VI.S30.T50TPS.2018080T025541.v2.0.NDVI.tif|HLS-VI.S30.T50TPT.2018080T025541.v2.0.NDVI.tif|HLS-VI.S30.T50TQM.2018080T025541.v2.0.NDVI.tif|HLS-VI.S30.T50TQN.2018080T025541.v2.0.NDVI.tif|HLS-VI.S30.T50TQP.2018080T025541.v2.0.NDVI.tif|HLS-VI.S30.T50TQQ.2018080T025541.v2.0.NDVI.tif|HLS-VI.S30.T50TQR.2018080T025541.v2.0.NDVI.tif|HLS-VI.S30.T50UPU.2018080T025541.v2.0.NDVI.tif|HLS-VI.S30.T50UQD.2018080T025541.v2.0.NDVI.tif|HLS-VI.S30.T50UQE.2018080T025541.v2.0.NDVI.tif|HLS-VI.S30.T50UQU.2018080T025541.v2.0.NDVI.tif|HLS-VI.S30.T51TTG.2018080T025541.v2.0.NDVI.tif|HLS-VI.S30.T51TUJ.2018080T025541.v2.0.NDVI.tif|HLS-VI.S30.T51TUK.2018080T025541.v2.0.NDVI.tif|HLS-VI.S30.T51TUL.2018080T025541.v2.0.NDVI.tif|HLS-VI.S30.T51TVM.2018080T025541.v2.0.NDVI.tif|HLS-VI.S30.T51UUP.2018080T025541.v2.0.NDVI.tif|HLS-VI.S30.T51UUQ.2018080T025541.v2.0.NDVI.tif|HLS-VI.S30.T51UUR.2018080T025541.v2.0.NDVI.tif|HLS-VI.S30.T51UUS.2018080T025541.v2.0.NDVI.tif|HLS-VI.S30.T51UUT.2018080T025541.v2.0.NDVI.tif|HLS-VI.S30.T51UUU.2018080T025541.v2.0.NDVI.tif|HLS-VI.S30.T51UUV.2018080T025541.v2.0.NDVI.tif|HLS-VI.S30.T51UVQ.2018080T025541.v2.0.NDVI.tif|HLS-VI.S30.T51UVR.2018080T025541.v2.0.NDVI.tif|HLS-VI.S30.T51UVS.2018080T025541.v2.0.NDVI.tif|HLS-VI.S30.T51UVT.2018080T025541.v2.0.NDVI.tif|HLS-VI.S30.T51UVU.2018080T025541.v2.0.NDVI.tif|HLS-VI.S30.T51UVV.2018080T025541.v2.0.NDVI.tif|HLS-VI.S30.T51UWQ.2018080T025541.v2.0.NDVI.tif|HLS-VI.S30.T51UWR.2018080T025541.v2.0.NDVI.tif|HLS-VI.S30.T51UWS.2018080T025541.v2.0.NDVI.tif|HLS-VI.S30.T51UWT.2018080T025541.v2.0.NDVI.tif|HLS-VI.S30.T51UXT.2018080T025541.v2.0.NDVI.tif
2018-03-22,12,"T47SPD,T47TMF,T47TNE,T47TNF,T47TPE,T49TFJ,T49TGH,T50TLM,T50TLN,T50UPV,T50UQD,T51UUU",4,"EPSG:32647,EPSG:32649,EPSG:32650,EPSG:32651",59,48,0.10601700118759076,0.047457251397916324,70626462,164787098,0.4285921826234236,EPSG:32647:5files:26631540valid:20chunks|EPSG:32649:2files:24638530valid:12chunks|EPSG:32650:4files:18905186valid:23chunks|EPSG:32651:1files:451206valid:4chunks,HLS-VI.S30.T47SPD.2018081T040701.v2.0.NDVI.tif|HLS-VI.S30.T47TMF.2018081T040701.v2.0.NDVI.tif|HLS-VI.S30.T47TNE.2018081T040701.v2.0.NDVI.tif|HLS-VI.S30.T47TNF.2018081T040701.v2.0.NDVI.tif|HLS-VI.S30.T47TPE.2018081T040701.v2.0.NDVI.tif|HLS-VI.S30.T49TFJ.2018081T031539.v2.0.NDVI.tif|HLS-VI.S30.T49TGH.2018081T031539.v2.0.NDVI.tif|HLS-VI.S30.T50TLM.2018081T031539.v2.0.NDVI.tif|HLS-VI.S30.T50TLN.2018081T031539.v2.0.NDVI.tif|HLS-VI.S30.T50UPV.2018081T031539.v2.0.NDVI.tif|HLS-VI.S30.T50UQD.2018081T031539.v2.0.NDVI.tif|HLS-VI.S30.T51UUU.2018081T031539.v2.0.NDVI.tif
2018-03-23,30,"T47TLF,T47TLG,T47TLH,T47TMG,T47TMH,T48TXK,T48TXL,T48TXN,T48TYL,T48TYM,T48TYN,T49TBE,T49TBF,T49TBG,T49TCE,T49TCG,T49TCH,T49TDG,T49TDH,T49TDJ,T50TQP,T50TQQ,T50TQR,T51TUK,T51TUL,T51TVM,T51UUP,T51UVP,T51UWQ,T51UWS",5,"EPSG:32647,EPSG:32648,EPSG:32649,EPSG:32650,EPSG:32651",118,99,0.13702886983551693,0.0863628004269066,212992154,358076348,0.594823297293012,EPSG:32647:5files:5637257valid:10chunks|EPSG:32648:6files:46015979valid:21chunks|EPSG:32649:9files:70314762valid:35chunks|EPSG:32650:3files:17347633valid:12chunks|EPSG:32651:7files:73676523valid:40chunks,HLS-VI.S30.T47TLF.2018082T042659.v2.0.NDVI.tif|HLS-VI.S30.T47TLG.2018082T042659.v2.0.NDVI.tif|HLS-VI.S30.T47TLH.2018082T042659.v2.0.NDVI.tif|HLS-VI.S30.T47TMG.2018082T042659.v2.0.NDVI.tif|HLS-VI.S30.T47TMH.2018082T042659.v2.0.NDVI.tif|HLS-VI.S30.T48TXK.2018082T033531.v2.0.NDVI.tif|HLS-VI.S30.T48TXL.2018082T033531.v2.0.NDVI.tif|HLS-VI.S30.T48TXN.2018082T033531.v2.0.NDVI.tif|HLS-VI.S30.T48TYL.2018082T033531.v2.0.NDVI.tif|HLS-VI.S30.T48TYM.2018082T033531.v2.0.NDVI.tif|HLS-VI.S30.T48TYN.2018082T033531.v2.0.NDVI.tif|HLS-VI.S30.T49TBE.2018082T033531.v2.0.NDVI.tif|HLS-VI.S30.T49TBF.2018082T033531.v2.0.NDVI.tif|HLS-VI.S30.T49TBG.2018082T033531.v2.0.NDVI.tif|HLS-VI.S30.T49TCE.2018082T033531.v2.0.NDVI.tif|HLS-VI.S30.T49TCG.2018082T033531.v2.0.NDVI.tif|HLS-VI.S30.T49TCH.2018082T033531.v2.0.NDVI.tif|HLS-VI.S30.T49TDG.2018082T033531.v2.0.NDVI.tif|HLS-VI.S30.T49TDH.2018082T033531.v2.0.NDVI.tif|HLS-VI.S30.T49TDJ.2018082T033531.v2.0.NDVI.tif|HLS-VI.S30.T50TQP.2018082T024539.v2.0.NDVI.tif|HLS-VI.S30.T50TQQ.2018082T024539.v2.0.NDVI.tif|HLS-VI.S30.T50TQR.2018082T024539.v2.0.NDVI.tif|HLS-VI.S30.T51TUK.2018082T024539.v2.0.NDVI.tif|HLS-VI.S30.T51TUL.2018082T024539.v2.0.NDVI.tif|HLS-VI.S30.T51TVM.2018082T024539.v2.0.NDVI.tif|HLS-VI.S30.T51UUP.2018082T024539.v2.0.NDVI.tif|HLS-VI.S30.T51UVP.2018082T024539.v2.0.NDVI.tif|HLS-VI.S30.T51UWQ.2018082T024539.v2.0.NDVI.tif|HLS-VI.S30.T51UWS.2018082T024539.v2.0.NDVI.tif
2018-03-24,25,"T47SQD,T48SUH,T48SVG,T48TUL,T48TUM,T48TVL,T48TVM,T48TWM,T49TGF,T49TGG,T50TKL,T50TLR,T50TMS,T50TMT,T50TNQ,T50TNS,T50TNT,T50TPQ,T50TPS,T50TPT,T50TQT,T50UNU,T50UPU,T50UQU,T51UVT",5,"EPSG:32647,EPSG:32648,EPSG:32649,EPSG:32650,EPSG:32651",95,76,0.10745262743726576,0.11197805213957313,128476132,286290414,0.44876155720673205,EPSG:32647:1files:10293169valid:4chunks|EPSG:32648:7files:34686570valid:23chunks|EPSG:32649:2files:1301703valid:8chunks|EPSG:32650:14files:76222454valid:56chunks|EPSG:32651:1files:5972236valid:4chunks,HLS-VI.S30.T47SQD.2018083T035529.v2.0.NDVI.tif|HLS-VI.S30.T48SUH.2018083T035529.v2.0.NDVI.tif|HLS-VI.S30.T48SVG.2018083T035529.v2.0.NDVI.tif|HLS-VI.S30.T48TUL.2018083T035529.v2.0.NDVI.tif|HLS-VI.S30.T48TUM.2018083T035529.v2.0.NDVI.tif|HLS-VI.S30.T48TVL.2018083T035529.v2.0.NDVI.tif|HLS-VI.S30.T48TVM.2018083T035529.v2.0.NDVI.tif|HLS-VI.S30.T48TWM.2018083T035529.v2.0.NDVI.tif|HLS-VI.S30.T49TGF.2018083T030541.v2.0.NDVI.tif|HLS-VI.S30.T49TGG.2018083T030541.v2.0.NDVI.tif|HLS-VI.S30.T50TKL.2018083T030541.v2.0.NDVI.tif|HLS-VI.S30.T50TLR.2018083T030541.v2.0.NDVI.tif|HLS-VI.S30.T50TMS.2018083T030541.v2.0.NDVI.tif|HLS-VI.S30.T50TMT.2018083T030541.v2.0.NDVI.tif|HLS-VI.S30.T50TNQ.2018083T030541.v2.0.NDVI.tif|HLS-VI.S30.T50TNS.2018083T030541.v2.0.NDVI.tif|HLS-VI.S30.T50TNT.2018083T030541.v2.0.NDVI.tif|HLS-VI.S30.T50TPQ.2018083T030541.v2.0.NDVI.tif|HLS-VI.S30.T50TPS.2018083T030541.v2.0.NDVI.tif|HLS-VI.S30.T50TPT.2018083T030541.v2.0.NDVI.tif|HLS-VI.S30.T50TQT.2018083T030541.v2.0.NDVI.tif|HLS-VI.S30.T50UNU.2018083T030541.v2.0.NDVI.tif|HLS-VI.S30.T50UPU.2018083T030541.v2.0.NDVI.tif|HLS-VI.S30.T50UQU.2018083T030541.v2.0.NDVI.tif|HLS-VI.S30.T51UVT.2018083T030541.v2.0.NDVI.tif
2018-03-25,22,"T49SDC,T49TCF,T49TCG,T49TDG,T49TDH,T49TDJ,T49TEE,T49TEH,T49TEJ,T49TEK,T49TEL,T49TFE,T49TFJ,T49TFK,T49TGJ,T49TGK,T49TGL,T51TVJ,T51TWJ,T51TWK,T51TWM,T51UWQ",2,"EPSG:32649,EPSG:32651",78,58,0.12651113515609724,0.04548891485276615,104272539,224318538,0.4648413810542934,EPSG:32649:17files:92024385valid:59chunks|EPSG:32651:5files:12248154valid:19chunks,HLS-VI.S30.T49SDC.2018084T032529.v2.0.NDVI.tif|HLS-VI.S30.T49TCF.2018084T032529.v2.0.NDVI.tif|HLS-VI.S30.T49TCG.2018084T032529.v2.0.NDVI.tif|HLS-VI.S30.T49TDG.2018084T032529.v2.0.NDVI.tif|HLS-VI.S30.T49TDH.2018084T032529.v2.0.NDVI.tif|HLS-VI.S30.T49TDJ.2018084T032529.v2.0.NDVI.tif|HLS-VI.S30.T49TEE.2018084T032529.v2.0.NDVI.tif|HLS-VI.S30.T49TEH.2018084T032529.v2.0.NDVI.tif|HLS-VI.S30.T49TEJ.2018084T032529.v2.0.NDVI.tif|HLS-VI.S30.T49TEK.2018084T032529.v2.0.NDVI.tif|HLS-VI.S30.T49TEL.2018084T032529.v2.0.NDVI.tif|HLS-VI.S30.T49TFE.2018084T032529.v2.0.NDVI.tif|HLS-VI.S30.T49TFJ.2018084T032529.v2.0.NDVI.tif|HLS-VI.S30.T49TFK.2018084T032529.v2.0.NDVI.tif|HLS-VI.S30.T49TGJ.2018084T032529.v2.0.NDVI.tif|HLS-VI.S30.T49TGK.2018084T032529.v2.0.NDVI.tif|HLS-VI.S30.T49TGL.2018084T032529.v2.0.NDVI.tif|HLS-VI.S30.T51TVJ.2018084T023651.v2.0.NDVI.tif|HLS-VI.S30.T51TWJ.2018084T023651.v2.0.NDVI.tif|HLS-VI.S30.T51TWK.2018084T023651.v2.0.NDVI.tif|HLS-VI.S30.T51TWM.2018084T023651.v2.0.NDVI.tif|HLS-VI.S30.T51UWQ.2018084T023651.v2.0.NDVI.tif
2018-03-26,1,T51UXT,1,EPSG:32651,2,1,0.2787044991300718,0.13414084861673942,95802,2069135,0.046300507216783825,EPSG:32651:1files:95802valid:2chunks,HLS-VI.S30.T51UXT.2018085T025539.v2.0.NDVI.tif
2018-03-28,18,"T47TLH,T48TYM,T49SCB,T49SCC,T49TBG,T49TCG,T49TDG,T50TQP,T50TQQ,T50TQR,T51TUJ,T51TUK,T51TUL,T51TVJ,T51TVK,T51TWJ,T51UXP,T51UXR",5,"EPSG:32647,EPSG:32648,EPSG:32649,EPSG:32650,EPSG:32651",68,62,0.15500209553390917,0.06881891890478253,133351762,194645654,0.6851001255851312,EPSG:32647:1files:1048724valid:1chunks|EPSG:32648:1files:13242257valid:4chunks|EPSG:32649:5files:35541232valid:18chunks|EPSG:32650:3files:17532421valid:12chunks|EPSG:32651:8files:65987128valid:33chunks,HLS-VI.S30.T47TLH.2018087T042701.v2.0.NDVI.tif|HLS-VI.S30.T48TYM.2018087T033739.v2.0.NDVI.tif|HLS-VI.S30.T49SCB.2018087T033739.v2.0.NDVI.tif|HLS-VI.S30.T49SCC.2018087T033739.v2.0.NDVI.tif|HLS-VI.S30.T49TBG.2018087T033739.v2.0.NDVI.tif|HLS-VI.S30.T49TCG.2018087T033739.v2.0.NDVI.tif|HLS-VI.S30.T49TDG.2018087T033739.v2.0.NDVI.tif|HLS-VI.S30.T50TQP.2018087T024651.v2.0.NDVI.tif|HLS-VI.S30.T50TQQ.2018087T024651.v2.0.NDVI.tif|HLS-VI.S30.T50TQR.2018087T024651.v2.0.NDVI.tif|HLS-VI.S30.T51TUJ.2018087T024651.v2.0.NDVI.tif|HLS-VI.S30.T51TUK.2018087T024651.v2.0.NDVI.tif|HLS-VI.S30.T51TUL.2018087T024651.v2.0.NDVI.tif|HLS-VI.S30.T51TVJ.2018087T024651.v2.0.NDVI.tif|HLS-VI.S30.T51TVK.2018087T024651.v2.0.NDVI.tif|HLS-VI.S30.T51TWJ.2018087T024651.v2.0.NDVI.tif|HLS-VI.S30.T51UXP.2018087T024651.v2.0.NDVI.tif|HLS-VI.S30.T51UXR.2018087T024651.v2.0.NDVI.tif
2018-03-29,15,"T50TPS,T50TPT,T50TQS,T50TQT,T50UPA,T50UPU,T50UPV,T50UQU,T50UQV,T51UUP,T51UUQ,T51UUS,T51UVR,T51UVS,T51UVT",2,"EPSG:32650,EPSG:32651",63,45,0.1988447683652593,0.13089078169819127,93086298,194487710,0.4786230348436927,EPSG:32650:9files:64392153valid:34chunks|EPSG:32651:6files:28694145valid:29chunks,HLS-VI.S30.T50TPS.2018088T030539.v2.0.NDVI.tif|HLS-VI.S30.T50TPT.2018088T030539.v2.0.NDVI.tif|HLS-VI.S30.T50TQS.2018088T030539.v2.0.NDVI.tif|HLS-VI.S30.T50TQT.2018088T030539.v2.0.NDVI.tif|HLS-VI.S30.T50UPA.2018088T030539.v2.0.NDVI.tif|HLS-VI.S30.T50UPU.2018088T030539.v2.0.NDVI.tif|HLS-VI.S30.T50UPV.2018088T030539.v2.0.NDVI.tif|HLS-VI.S30.T50UQU.2018088T030539.v2.0.NDVI.tif|HLS-VI.S30.T50UQV.2018088T030539.v2.0.NDVI.tif|HLS-VI.S30.T51UUP.2018088T030539.v2.0.NDVI.tif|HLS-VI.S30.T51UUQ.2018088T030539.v2.0.NDVI.tif|HLS-VI.S30.T51UUS.2018088T030539.v2.0.NDVI.tif|HLS-VI.S30.T51UVR.2018088T030539.v2.0.NDVI.tif|HLS-VI.S30.T51UVS.2018088T030539.v2.0.NDVI.tif|HLS-VI.S30.T51UVT.2018088T030539.v2.0.NDVI.tif
2018-03-30,6,"T47TNF,T47TNG,T47TNH,T51UWP,T51UXP,T51UXQ",2,"EPSG:32647,EPSG:32651",16,13,0.10105013582260645,0.10688174209073609,26434139,42716811,0.6188228564159436,EPSG:32647:3files:20740292valid:8chunks|EPSG:32651:3files:5693847valid:8chunks,HLS-VI.S30.T47TNF.2018089T041659.v2.0.NDVI.tif|HLS-VI.S30.T47TNG.2018089T041659.v2.0.NDVI.tif|HLS-VI.S30.T47TNH.2018089T041659.v2.0.NDVI.tif|HLS-VI.S30.T51UWP.2018089T023549.v2.0.NDVI.tif|HLS-VI.S30.T51UXP.2018089T023549.v2.0.NDVI.tif|HLS-VI.S30.T51UXQ.2018089T023549.v2.0.NDVI.tif
2018-03-31,13,"T48TVL,T48TVM,T48TWM,T48TXM,T48TXN,T48TYM,T48TYN,T49TBG,T50TNM,T50TPM,T50TQM,T50TQN,T51TTG",4,"EPSG:32648,EPSG:32649,EPSG:32650,EPSG:32651",46,41,0.1348586401886753,0.08136676561125807,68822171,109326821,0.6295085722834656,EPSG:32648:7files:33018067valid:22chunks|EPSG:32649:1files:5691493valid:4chunks|EPSG:32650:4files:26773561valid:16chunks|EPSG:32651:1files:3339050valid:4chunks,HLS-VI.S30.T48TVL.2018090T034529.v2.0.NDVI.tif|HLS-VI.S30.T48TVM.2018090T034529.v2.0.NDVI.tif|HLS-VI.S30.T48TWM.2018090T034529.v2.0.NDVI.tif|HLS-VI.S30.T48TXM.2018090T034529.v2.0.NDVI.tif|HLS-VI.S30.T48TXN.2018090T034529.v2.0.NDVI.tif|HLS-VI.S30.T48TYM.2018090T034529.v2.0.NDVI.tif|HLS-VI.S30.T48TYN.2018090T034529.v2.0.NDVI.tif|HLS-VI.S30.T49TBG.2018090T034529.v2.0.NDVI.tif|HLS-VI.S30.T50TNM.2018090T025541.v2.0.NDVI.tif|HLS-VI.S30.T50TPM.2018090T025541.v2.0.NDVI.tif|HLS-VI.S30.T50TQM.2018090T025541.v2.0.NDVI.tif|HLS-VI.S30.T50TQN.2018090T025541.v2.0.NDVI.tif|HLS-VI.S30.T51TTG.2018090T025541.v2.0.NDVI.tif
2018-04-01,2,"T47TMF,T49TGL",2,"EPSG:32647,EPSG:32649",7,5,0.1245304208532909,0.04001487397680083,2824736,13507927,0.2091169133502128,EPSG:32647:1files:735474valid:4chunks|EPSG:32649:1files:2089262valid:3chunks,HLS-VI.S30.T47TMF.2018091T040541.v2.0.NDVI.tif|HLS-VI.S30.T49TGL.2018091T031539.v2.0.NDVI.tif
2018-04-02,3,"T48SWJ,T48TYL,T49TBF",2,"EPSG:32648,EPSG:32649",16,13,0.09059641370165929,0.047661633000015524,28793046,45806815,0.6285755951379723,EPSG:32648:2files:15410818valid:12chunks|EPSG:32649:1files:13382228valid:4chunks,HLS-VI.S30.T48SWJ.2018092T033531.v2.0.NDVI.tif|HLS-VI.S30.T48TYL.2018092T033531.v2.0.NDVI.tif|HLS-VI.S30.T49TBF.2018092T033531.v2.0.NDVI.tif
2018-04-03,1,T47TQH,1,EPSG:32647,1,1,0.05967514753688988,0.0061292563512846095,9396,474969,0.0197823436897987,EPSG:32647:1files:9396valid:1chunks,HLS-VI.S30.T47TQH.2018093T035539.v2.0.NDVI.tif
2018-04-04,5,"T51UWP,T51UXR,T51UXS,T51UXT,T51UYS",1,EPSG:32651,18,12,0.2968738175035452,0.05669196747658799,13158362,49164827,0.2676377158817217,EPSG:32651:5files:13158362valid:18chunks,HLS-VI.S30.T51UWP.2018094T023551.v2.0.NDVI.tif|HLS-VI.S30.T51UXR.2018094T023551.v2.0.NDVI.tif|HLS-VI.S30.T51UXS.2018094T023551.v2.0.NDVI.tif|HLS-VI.S30.T51UXT.2018094T023551.v2.0.NDVI.tif|HLS-VI.S30.T51UYS.2018094T023551.v2.0.NDVI.tif
2018-04-05,2,"T51UWS,T51UXS",1,EPSG:32651,8,4,0.2917234145244819,0.10451903466207967,11090403,23614932,0.4696351867538725,EPSG:32651:2files:11090403valid:8chunks,HLS-VI.S30.T51UWS.2018095T025539.v2.0.NDVI.tif|HLS-VI.S30.T51UXS.2018095T025539.v2.0.NDVI.tif
2018-04-06,9,"T47TNF,T47TNG,T47TNH,T47TQE,T47TQH,T48TTK,T48TTL,T48TUL,T48TUM",2,"EPSG:32647,EPSG:32648",38,27,0.06535529200662882,0.018113798288819972,49118925,104142417,0.47165147895501597,EPSG:32647:5files:28888062valid:20chunks|EPSG:32648:4files:20230863valid:18chunks,HLS-VI.S30.T47TNF.2018096T040539.v2.0.NDVI.tif|HLS-VI.S30.T47TNG.2018096T040539.v2.0.NDVI.tif|HLS-VI.S30.T47TNH.2018096T040539.v2.0.NDVI.tif|HLS-VI.S30.T47TQE.2018096T040539.v2.0.NDVI.tif|HLS-VI.S30.T47TQH.2018096T040539.v2.0.NDVI.tif|HLS-VI.S30.T48TTK.2018096T040539.v2.0.NDVI.tif|HLS-VI.S30.T48TTL.2018096T040539.v2.0.NDVI.tif|HLS-VI.S30.T48TUL.2018096T040539.v2.0.NDVI.tif|HLS-VI.S30.T48TUM.2018096T040539.v2.0.NDVI.tif
2018-04-07,8,"T49SCB,T49SCC,T49TDE,T51TUN,T51TVN,T51TWN,T51UWP,T51UXP",2,"EPSG:32649,EPSG:32651",27,20,0.2389324518365499,0.07704880097006181,27658184,68292513,0.40499584485930396,EPSG:32649:3files:4744023valid:10chunks|EPSG:32651:5files:22914161valid:17chunks,HLS-VI.S30.T49SCB.2018097T033529.v2.0.NDVI.tif|HLS-VI.S30.T49SCC.2018097T033529.v2.0.NDVI.tif|HLS-VI.S30.T49TDE.2018097T033529.v2.0.NDVI.tif|HLS-VI.S30.T51TUN.2018097T024551.v2.0.NDVI.tif|HLS-VI.S30.T51TVN.2018097T024551.v2.0.NDVI.tif|HLS-VI.S30.T51TWN.2018097T024551.v2.0.NDVI.tif|HLS-VI.S30.T51UWP.2018097T024551.v2.0.NDVI.tif|HLS-VI.S30.T51UXP.2018097T024551.v2.0.NDVI.tif
2018-04-08,18,"T47TPF,T48SUH,T48TUK,T49TGE,T50TPT,T50TQT,T50UPA,T50UPB,T50UQA,T50UQB,T50UQU,T50UQV,T51UUP,T51UUQ,T51UUR,T51UUS,T51UVS,T51UVV",5,"EPSG:32647,EPSG:32648,EPSG:32649,EPSG:32650,EPSG:32651",67,53,0.23365503945199326,0.10649188812799265,108063757,197538460,0.5470517336218982,EPSG:32647:1files:396796valid:4chunks|EPSG:32648:2files:15234593valid:7chunks|EPSG:32649:1files:33768valid:1chunks|EPSG:32650:8files:58515289valid:31chunks|EPSG:32651:6files:33883311valid:24chunks,HLS-VI.S30.T47TPF.2018098T035541.v2.0.NDVI.tif|HLS-VI.S30.T48SUH.2018098T035541.v2.0.NDVI.tif|HLS-VI.S30.T48TUK.2018098T035541.v2.0.NDVI.tif|HLS-VI.S30.T49TGE.2018098T030539.v2.0.NDVI.tif|HLS-VI.S30.T50TPT.2018098T030539.v2.0.NDVI.tif|HLS-VI.S30.T50TQT.2018098T030539.v2.0.NDVI.tif|HLS-VI.S30.T50UPA.2018098T030539.v2.0.NDVI.tif|HLS-VI.S30.T50UPB.2018098T030539.v2.0.NDVI.tif|HLS-VI.S30.T50UQA.2018098T030539.v2.0.NDVI.tif|HLS-VI.S30.T50UQB.2018098T030539.v2.0.NDVI.tif|HLS-VI.S30.T50UQU.2018098T030539.v2.0.NDVI.tif|HLS-VI.S30.T50UQV.2018098T030539.v2.0.NDVI.tif|HLS-VI.S30.T51UUP.2018098T030539.v2.0.NDVI.tif|HLS-VI.S30.T51UUQ.2018098T030539.v2.0.NDVI.tif|HLS-VI.S30.T51UUR.2018098T030539.v2.0.NDVI.tif|HLS-VI.S30.T51UUS.2018098T030539.v2.0.NDVI.tif|HLS-VI.S30.T51UVS.2018098T030539.v2.0.NDVI.tif|HLS-VI.S30.T51UVV.2018098T030539.v2.0.NDVI.tif
2018-04-09,15,"T47TLG,T47TLH,T47TMG,T47TMH,T47TNG,T47TNH,T49SCB,T51TWN,T51UWP,T51UXP,T51UXQ,T51UXR,T51UXS,T51UXT,T51UYS",3,"EPSG:32647,EPSG:32649,EPSG:32651",33,27,0.1394179673130311,0.11622459499158658,49025581,80744719,0.6071676464686192,EPSG:32647:6files:30934641valid:12chunks|EPSG:32649:1files:99026valid:1chunks|EPSG:32651:8files:17991914valid:20chunks,HLS-VI.S30.T47TLG.2018099T041549.v2.0.NDVI.tif|HLS-VI.S30.T47TLH.2018099T041549.v2.0.NDVI.tif|HLS-VI.S30.T47TMG.2018099T041549.v2.0.NDVI.tif|HLS-VI.S30.T47TMH.2018099T041549.v2.0.NDVI.tif|HLS-VI.S30.T47TNG.2018099T041549.v2.0.NDVI.tif|HLS-VI.S30.T47TNH.2018099T041549.v2.0.NDVI.tif|HLS-VI.S30.T49SCB.2018099T032541.v2.0.NDVI.tif|HLS-VI.S30.T51TWN.2018099T023549.v2.0.NDVI.tif|HLS-VI.S30.T51UWP.2018099T023549.v2.0.NDVI.tif|HLS-VI.S30.T51UXP.2018099T023549.v2.0.NDVI.tif|HLS-VI.S30.T51UXQ.2018099T023549.v2.0.NDVI.tif|HLS-VI.S30.T51UXR.2018099T023549.v2.0.NDVI.tif|HLS-VI.S30.T51UXS.2018099T023549.v2.0.NDVI.tif|HLS-VI.S30.T51UXT.2018099T023549.v2.0.NDVI.tif|HLS-VI.S30.T51UYS.2018099T023549.v2.0.NDVI.tif
2018-04-10,3,"T48TUK,T48TVK,T48TVL",1,EPSG:32648,15,12,0.07806985061223679,0.014099128042179812,24302420,44707744,0.5435841271704517,EPSG:32648:3files:24302420valid:15chunks,HLS-VI.S30.T48TUK.2018100T034529.v2.0.NDVI.tif|HLS-VI.S30.T48TVK.2018100T034529.v2.0.NDVI.tif|HLS-VI.S30.T48TVL.2018100T034529.v2.0.NDVI.tif
2018-04-11,1,T49TGK,1,EPSG:32649,4,4,0.13943988110375588,0.026145432768502386,11965491,12091148,0.9896075211386048,EPSG:32649:1files:11965491valid:4chunks,HLS-VI.S30.T49TGK.2018101T031539.v2.0.NDVI.tif
2018-04-12,9,"T50TQP,T50TQQ,T50TQR,T51TUJ,T51TUK,T51TUL,T51TVH,T51TVJ,T51TWH",2,"EPSG:32650,EPSG:32651",33,31,0.20100832496181925,0.040528402782175066,73940584,111389999,0.6637991261675117,EPSG:32650:3files:17531094valid:12chunks|EPSG:32651:6files:56409490valid:21chunks,HLS-VI.S30.T50TQP.2018102T024549.v2.0.NDVI.tif|HLS-VI.S30.T50TQQ.2018102T024549.v2.0.NDVI.tif|HLS-VI.S30.T50TQR.2018102T024549.v2.0.NDVI.tif|HLS-VI.S30.T51TUJ.2018102T024549.v2.0.NDVI.tif|HLS-VI.S30.T51TUK.2018102T024549.v2.0.NDVI.tif|HLS-VI.S30.T51TUL.2018102T024549.v2.0.NDVI.tif|HLS-VI.S30.T51TVH.2018102T024549.v2.0.NDVI.tif|HLS-VI.S30.T51TVJ.2018102T024549.v2.0.NDVI.tif|HLS-VI.S30.T51TWH.2018102T024549.v2.0.NDVI.tif
2018-04-13,3,"T47TQF,T48TTL,T48TVK",2,"EPSG:32647,EPSG:32648",17,14,0.07443662580150791,0.011469310116839519,34704171,50856988,0.6823874626629481,EPSG:32647:1files:12233309valid:4chunks|EPSG:32648:2files:22470862valid:13chunks,HLS-VI.S30.T47TQF.2018103T035539.v2.0.NDVI.tif|HLS-VI.S30.T48TTL.2018103T035539.v2.0.NDVI.tif|HLS-VI.S30.T48TVK.2018103T035539.v2.0.NDVI.tif
2018-04-14,8,"T47TNH,T49SBC,T49SCD,T49TCF,T49TDF,T49TDG,T49TEL,T50ULU",3,"EPSG:32647,EPSG:32649,EPSG:32650",34,31,0.14422951446418278,0.05980936266596866,53905577,110096474,0.4896212843292329,EPSG:32647:1files:1945532valid:2chunks|EPSG:32649:6files:51943407valid:30chunks|EPSG:32650:1files:16638valid:2chunks,HLS-VI.S30.T47TNH.2018104T041551.v2.0.NDVI.tif|HLS-VI.S30.T49SBC.2018104T032539.v2.0.NDVI.tif|HLS-VI.S30.T49SCD.2018104T032539.v2.0.NDVI.tif|HLS-VI.S30.T49TCF.2018104T032539.v2.0.NDVI.tif|HLS-VI.S30.T49TDF.2018104T032539.v2.0.NDVI.tif|HLS-VI.S30.T49TDG.2018104T032539.v2.0.NDVI.tif|HLS-VI.S30.T49TEL.2018104T032539.v2.0.NDVI.tif|HLS-VI.S30.T50ULU.2018104T032539.v2.0.NDVI.tif
2018-04-15,54,"T48TUK,T48TVK,T48TVL,T48TVM,T48TWK,T48TWL,T48TWM,T48TXL,T48TXM,T48TXN,T48TYM,T48TYN,T49TBG,T50TNM,T50TNN,T50TPM,T50TPN,T50TPS,T50TPT,T50TQL,T50TQM,T50TQN,T50TQP,T50TQT,T50UPU,T50UPV,T50UQC,T50UQU,T50UQV,T51TTF,T51TTG,T51TUG,T51TUH,T51TUJ,T51TUK,T51TUL,T51TUM,T51TUN,T51TVL,T51TVM,T51TVN,T51UUP,T51UUQ,T51UUT,T51UVP,T51UVQ,T51UVR,T51UVS,T51UVT,T51UVU,T51UWP,T51UWQ,T51UXS,T51UXT",4,"EPSG:32648,EPSG:32649,EPSG:32650,EPSG:32651",204,170,0.16240389151587084,0.11771625397906775,372440579,640569271,0.5814212386719375,EPSG:32648:12files:79369583valid:40chunks|EPSG:32649:1files:5597068valid:4chunks|EPSG:32650:16files:122051846valid:66chunks|EPSG:32651:25files:165422082valid:94chunks,HLS-VI.S30.T48TUK.2018105T034541.v2.0.NDVI.tif|HLS-VI.S30.T48TVK.2018105T034541.v2.0.NDVI.tif|HLS-VI.S30.T48TVL.2018105T034541.v2.0.NDVI.tif|HLS-VI.S30.T48TVM.2018105T034541.v2.0.NDVI.tif|HLS-VI.S30.T48TWK.2018105T034541.v2.0.NDVI.tif|HLS-VI.S30.T48TWL.2018105T034541.v2.0.NDVI.tif|HLS-VI.S30.T48TWM.2018105T034541.v2.0.NDVI.tif|HLS-VI.S30.T48TXL.2018105T034541.v2.0.NDVI.tif|HLS-VI.S30.T48TXM.2018105T034541.v2.0.NDVI.tif|HLS-VI.S30.T48TXN.2018105T034541.v2.0.NDVI.tif|HLS-VI.S30.T48TYM.2018105T034541.v2.0.NDVI.tif|HLS-VI.S30.T48TYN.2018105T034541.v2.0.NDVI.tif|HLS-VI.S30.T49TBG.2018105T034541.v2.0.NDVI.tif|HLS-VI.S30.T50TNM.2018105T025539.v2.0.NDVI.tif|HLS-VI.S30.T50TNN.2018105T025539.v2.0.NDVI.tif|HLS-VI.S30.T50TPM.2018105T025539.v2.0.NDVI.tif|HLS-VI.S30.T50TPN.2018105T025539.v2.0.NDVI.tif|HLS-VI.S30.T50TPS.2018105T025539.v2.0.NDVI.tif|HLS-VI.S30.T50TPT.2018105T025539.v2.0.NDVI.tif|HLS-VI.S30.T50TQL.2018105T025539.v2.0.NDVI.tif|HLS-VI.S30.T50TQM.2018105T025539.v2.0.NDVI.tif|HLS-VI.S30.T50TQN.2018105T025539.v2.0.NDVI.tif|HLS-VI.S30.T50TQP.2018105T025539.v2.0.NDVI.tif|HLS-VI.S30.T50TQT.2018105T025539.v2.0.NDVI.tif|HLS-VI.S30.T50UPU.2018105T025539.v2.0.NDVI.tif|HLS-VI.S30.T50UPV.2018105T025539.v2.0.NDVI.tif|HLS-VI.S30.T50UQC.2018105T025539.v2.0.NDVI.tif|HLS-VI.S30.T50UQU.2018105T025539.v2.0.NDVI.tif|HLS-VI.S30.T50UQV.2018105T025539.v2.0.NDVI.tif|HLS-VI.S30.T51TTF.2018105T025539.v2.0.NDVI.tif|HLS-VI.S30.T51TTG.2018105T025539.v2.0.NDVI.tif|HLS-VI.S30.T51TUG.2018105T025539.v2.0.NDVI.tif|HLS-VI.S30.T51TUH.2018105T025539.v2.0.NDVI.tif|HLS-VI.S30.T51TUJ.2018105T025539.v2.0.NDVI.tif|HLS-VI.S30.T51TUK.2018105T025539.v2.0.NDVI.tif|HLS-VI.S30.T51TUL.2018105T025539.v2.0.NDVI.tif|HLS-VI.S30.T51TUM.2018105T025539.v2.0.NDVI.tif|HLS-VI.S30.T51TUN.2018105T025539.v2.0.NDVI.tif|HLS-VI.S30.T51TVL.2018105T025539.v2.0.NDVI.tif|HLS-VI.S30.T51TVM.2018105T025539.v2.0.NDVI.tif|HLS-VI.S30.T51TVN.2018105T025539.v2.0.NDVI.tif|HLS-VI.S30.T51UUP.2018105T025539.v2.0.NDVI.tif|HLS-VI.S30.T51UUQ.2018105T025539.v2.0.NDVI.tif|HLS-VI.S30.T51UUT.2018105T025539.v2.0.NDVI.tif|HLS-VI.S30.T51UVP.2018105T025539.v2.0.NDVI.tif|HLS-VI.S30.T51UVQ.2018105T025539.v2.0.NDVI.tif|HLS-VI.S30.T51UVR.2018105T025539.v2.0.NDVI.tif|HLS-VI.S30.T51UVS.2018105T025539.v2.0.NDVI.tif|HLS-VI.S30.T51UVT.2018105T025539.v2.0.NDVI.tif|HLS-VI.S30.T51UVU.2018105T025539.v2.0.NDVI.tif|HLS-VI.S30.T51UWP.2018105T025539.v2.0.NDVI.tif|HLS-VI.S30.T51UWQ.2018105T025539.v2.0.NDVI.tif|HLS-VI.S30.T51UXS.2018105T025539.v2.0.NDVI.tif|HLS-VI.S30.T51UXT.2018105T025539.v2.0.NDVI.tif
2018-04-16,5,"T47TQE,T48TTK,T48TUM,T49SED,T49TEE",3,"EPSG:32647,EPSG:32648,EPSG:32649",20,18,0.10861961550785457,0.06338626786379692,28237922,54674449,0.5164738285702706,EPSG:32647:1files:9362191valid:4chunks|EPSG:32648:2files:9440553valid:11chunks|EPSG:32649:2files:9435178valid:5chunks,HLS-VI.S30.T47TQE.2018106T040539.v2.0.NDVI.tif|HLS-VI.S30.T48TTK.2018106T040539.v2.0.NDVI.tif|HLS-VI.S30.T48TUM.2018106T040539.v2.0.NDVI.tif|HLS-VI.S30.T49SED.2018106T031541.v2.0.NDVI.tif|HLS-VI.S30.T49TEE.2018106T031541.v2.0.NDVI.tif
2018-04-17,11,"T48SYG,T49SBB,T49SCB,T49SCC,T49SCD,T49TDE,T49TDF,T49TDG,T49TDH,T49TDJ,T50TQR",3,"EPSG:32648,EPSG:32649,EPSG:32650",39,24,0.14465028952127015,0.06549932947878531,31411943,96062365,0.3269953118476731,EPSG:32648:1files:670828valid:2chunks|EPSG:32649:9files:26892979valid:33chunks|EPSG:32650:1files:3848136valid:4chunks,HLS-VI.S30.T48SYG.2018107T033539.v2.0.NDVI.tif|HLS-VI.S30.T49SBB.2018107T033539.v2.0.NDVI.tif|HLS-VI.S30.T49SCB.2018107T033539.v2.0.NDVI.tif|HLS-VI.S30.T49SCC.2018107T033539.v2.0.NDVI.tif|HLS-VI.S30.T49SCD.2018107T033539.v2.0.NDVI.tif|HLS-VI.S30.T49TDE.2018107T033539.v2.0.NDVI.tif|HLS-VI.S30.T49TDF.2018107T033539.v2.0.NDVI.tif|HLS-VI.S30.T49TDG.2018107T033539.v2.0.NDVI.tif|HLS-VI.S30.T49TDH.2018107T033539.v2.0.NDVI.tif|HLS-VI.S30.T49TDJ.2018107T033539.v2.0.NDVI.tif|HLS-VI.S30.T50TQR.2018107T024551.v2.0.NDVI.tif
2018-04-18,6,"T49TGE,T49TGF,T50TKK,T50TKL,T50TLN,T51UVV",3,"EPSG:32649,EPSG:32650,EPSG:32651",16,13,0.153965446930943,0.05257906232820564,13950413,35716337,0.3905891301227223,EPSG:32649:2files:632770valid:4chunks|EPSG:32650:3files:12932497valid:11chunks|EPSG:32651:1files:385146valid:1chunks,HLS-VI.S30.T49TGE.2018108T030539.v2.0.NDVI.tif|HLS-VI.S30.T49TGF.2018108T030539.v2.0.NDVI.tif|HLS-VI.S30.T50TKK.2018108T030539.v2.0.NDVI.tif|HLS-VI.S30.T50TKL.2018108T030539.v2.0.NDVI.tif|HLS-VI.S30.T50TLN.2018108T030539.v2.0.NDVI.tif|HLS-VI.S30.T51UVV.2018108T030539.v2.0.NDVI.tif
2018-04-19,9,"T48SYJ,T49SBB,T49SBD,T49TBE,T51TWN,T51UWP,T51UXR,T51UXS,T51UYS",3,"EPSG:32648,EPSG:32649,EPSG:32651",32,20,0.25052650410991884,0.08348463061263785,18002428,100378016,0.1793463222066473,EPSG:32648:1files:1074411valid:4chunks|EPSG:32649:3files:4254341valid:12chunks|EPSG:32651:5files:12673676valid:16chunks,HLS-VI.S30.T48SYJ.2018109T032541.v2.0.NDVI.tif|HLS-VI.S30.T49SBB.2018109T032541.v2.0.NDVI.tif|HLS-VI.S30.T49SBD.2018109T032541.v2.0.NDVI.tif|HLS-VI.S30.T49TBE.2018109T032541.v2.0.NDVI.tif|HLS-VI.S30.T51TWN.2018109T023549.v2.0.NDVI.tif|HLS-VI.S30.T51UWP.2018109T023549.v2.0.NDVI.tif|HLS-VI.S30.T51UXR.2018109T023549.v2.0.NDVI.tif|HLS-VI.S30.T51UXS.2018109T023549.v2.0.NDVI.tif|HLS-VI.S30.T51UYS.2018109T023549.v2.0.NDVI.tif
2018-04-20,3,"T48TUK,T48TVL,T50TPL",2,"EPSG:32648,EPSG:32650",13,10,0.09829826100422295,0.07396325658037627,14691252,37735454,0.38932225381467517,EPSG:32648:2files:13273551valid:11chunks|EPSG:32650:1files:1417701valid:2chunks,HLS-VI.S30.T48TUK.2018110T034539.v2.0.NDVI.tif|HLS-VI.S30.T48TVL.2018110T034539.v2.0.NDVI.tif|HLS-VI.S30.T50TPL.2018110T025551.v2.0.NDVI.tif
2018-04-21,4,"T50UNA,T50UPA,T50UQD,T51UUU",2,"EPSG:32650,EPSG:32651",19,9,0.25356287182076953,0.1327756829675167,3690737,37938172,0.09728294236211486,EPSG:32650:3files:3123742valid:15chunks|EPSG:32651:1files:566995valid:4chunks,HLS-VI.S30.T50UNA.2018111T031539.v2.0.NDVI.tif|HLS-VI.S30.T50UPA.2018111T031539.v2.0.NDVI.tif|HLS-VI.S30.T50UQD.2018111T031539.v2.0.NDVI.tif|HLS-VI.S30.T51UUU.2018111T031539.v2.0.NDVI.tif
2018-04-22,7,"T51UVR,T51UWR,T51UWS,T51UXQ,T51UXR,T51UXS,T51UYS",1,EPSG:32651,23,23,0.3156159462751175,0.06454959395385239,54336171,76106751,0.7139467956003009,EPSG:32651:7files:54336171valid:23chunks,HLS-VI.S30.T51UVR.2018112T024549.v2.0.NDVI.tif|HLS-VI.S30.T51UWR.2018112T024549.v2.0.NDVI.tif|HLS-VI.S30.T51UWS.2018112T024549.v2.0.NDVI.tif|HLS-VI.S30.T51UXQ.2018112T024549.v2.0.NDVI.tif|HLS-VI.S30.T51UXR.2018112T024549.v2.0.NDVI.tif|HLS-VI.S30.T51UXS.2018112T024549.v2.0.NDVI.tif|HLS-VI.S30.T51UYS.2018112T024549.v2.0.NDVI.tif
2018-04-23,7,"T50UNA,T50UPB,T50UPU,T50UQC,T50UQV,T51UUQ,T51UUT",2,"EPSG:32650,EPSG:32651",41,37,0.30742720800348333,0.11012367812916264,55538281,112150296,0.4952129684972031,EPSG:32650:5files:37979731valid:31chunks|EPSG:32651:2files:17558550valid:10chunks,HLS-VI.S30.T50UNA.2018113T030541.v2.0.NDVI.tif|HLS-VI.S30.T50UPB.2018113T030541.v2.0.NDVI.tif|HLS-VI.S30.T50UPU.2018113T030541.v2.0.NDVI.tif|HLS-VI.S30.T50UQC.2018113T030541.v2.0.NDVI.tif|HLS-VI.S30.T50UQV.2018113T030541.v2.0.NDVI.tif|HLS-VI.S30.T51UUQ.2018113T030541.v2.0.NDVI.tif|HLS-VI.S30.T51UUT.2018113T030541.v2.0.NDVI.tif
2018-04-24,17,"T49TDJ,T49TEJ,T49TEK,T49TEL,T49TFH,T49TFK,T49TGL,T51TVH,T51TVJ,T51TVK,T51TWH,T51TWJ,T51TWK,T51UXR,T51UXS,T51UXT,T51UYS",2,"EPSG:32649,EPSG:32651",50,41,0.17868063111668173,0.08723286652024914,62218942,137712587,0.45180286969701616,EPSG:32649:7files:32612275valid:27chunks|EPSG:32651:10files:29606667valid:23chunks,HLS-VI.S30.T49TDJ.2018114T032539.v2.0.NDVI.tif|HLS-VI.S30.T49TEJ.2018114T032539.v2.0.NDVI.tif|HLS-VI.S30.T49TEK.2018114T032539.v2.0.NDVI.tif|HLS-VI.S30.T49TEL.2018114T032539.v2.0.NDVI.tif|HLS-VI.S30.T49TFH.2018114T032539.v2.0.NDVI.tif|HLS-VI.S30.T49TFK.2018114T032539.v2.0.NDVI.tif|HLS-VI.S30.T49TGL.2018114T032539.v2.0.NDVI.tif|HLS-VI.S30.T51TVH.2018114T023651.v2.0.NDVI.tif|HLS-VI.S30.T51TVJ.2018114T023651.v2.0.NDVI.tif|HLS-VI.S30.T51TVK.2018114T023651.v2.0.NDVI.tif|HLS-VI.S30.T51TWH.2018114T023651.v2.0.NDVI.tif|HLS-VI.S30.T51TWJ.2018114T023651.v2.0.NDVI.tif|HLS-VI.S30.T51TWK.2018114T023651.v2.0.NDVI.tif|HLS-VI.S30.T51UXR.2018114T023651.v2.0.NDVI.tif|HLS-VI.S30.T51UXS.2018114T023651.v2.0.NDVI.tif|HLS-VI.S30.T51UXT.2018114T023651.v2.0.NDVI.tif|HLS-VI.S30.T51UYS.2018114T023651.v2.0.NDVI.tif
2018-04-25,46,"T48SWJ,T48TVL,T50TNM,T50TNN,T50TNP,T50TNQ,T50TPL,T50TPM,T50TPN,T50TPP,T50TPQ,T50TPS,T50TPT,T50TQL,T50TQM,T50TQN,T50TQP,T50TQQ,T50TQR,T50TQS,T50TQT,T50UPA,T50UPU,T50UQA,T50UQB,T50UQU,T50UQV,T51TTF,T51TTG,T51TUH,T51TUJ,T51TUK,T51TUL,T51TUM,T51TUN,T51TVL,T51TVM,T51TVN,T51UUP,T51UUQ,T51UUR,T51UUS,T51UVP,T51UVQ,T51UWP,T51UWQ",3,"EPSG:32648,EPSG:32650,EPSG:32651",176,157,0.247745501909569,0.08547084780936834,374653803,550386512,0.6807103641377026,EPSG:32648:2files:23651692valid:12chunks|EPSG:32650:25files:203765114valid:92chunks|EPSG:32651:19files:147236997valid:72chunks,HLS-VI.S30.T48SWJ.2018115T034711.v2.0.NDVI.tif|HLS-VI.S30.T48TVL.2018115T034711.v2.0.NDVI.tif|HLS-VI.S30.T50TNM.2018115T025549.v2.0.NDVI.tif|HLS-VI.S30.T50TNN.2018115T025549.v2.0.NDVI.tif|HLS-VI.S30.T50TNP.2018115T025549.v2.0.NDVI.tif|HLS-VI.S30.T50TNQ.2018115T025549.v2.0.NDVI.tif|HLS-VI.S30.T50TPL.2018115T025549.v2.0.NDVI.tif|HLS-VI.S30.T50TPM.2018115T025549.v2.0.NDVI.tif|HLS-VI.S30.T50TPN.2018115T025549.v2.0.NDVI.tif|HLS-VI.S30.T50TPP.2018115T025549.v2.0.NDVI.tif|HLS-VI.S30.T50TPQ.2018115T025549.v2.0.NDVI.tif|HLS-VI.S30.T50TPS.2018115T025549.v2.0.NDVI.tif|HLS-VI.S30.T50TPT.2018115T025549.v2.0.NDVI.tif|HLS-VI.S30.T50TQL.2018115T025549.v2.0.NDVI.tif|HLS-VI.S30.T50TQM.2018115T025549.v2.0.NDVI.tif|HLS-VI.S30.T50TQN.2018115T025549.v2.0.NDVI.tif|HLS-VI.S30.T50TQP.2018115T025549.v2.0.NDVI.tif|HLS-VI.S30.T50TQQ.2018115T025549.v2.0.NDVI.tif|HLS-VI.S30.T50TQR.2018115T025549.v2.0.NDVI.tif|HLS-VI.S30.T50TQS.2018115T025549.v2.0.NDVI.tif|HLS-VI.S30.T50TQT.2018115T025549.v2.0.NDVI.tif|HLS-VI.S30.T50UPA.2018115T025549.v2.0.NDVI.tif|HLS-VI.S30.T50UPU.2018115T025549.v2.0.NDVI.tif|HLS-VI.S30.T50UQA.2018115T025549.v2.0.NDVI.tif|HLS-VI.S30.T50UQB.2018115T025549.v2.0.NDVI.tif|HLS-VI.S30.T50UQU.2018115T025549.v2.0.NDVI.tif|HLS-VI.S30.T50UQV.2018115T025549.v2.0.NDVI.tif|HLS-VI.S30.T51TTF.2018115T025549.v2.0.NDVI.tif|HLS-VI.S30.T51TTG.2018115T025549.v2.0.NDVI.tif|HLS-VI.S30.T51TUH.2018115T025549.v2.0.NDVI.tif|HLS-VI.S30.T51TUJ.2018115T025549.v2.0.NDVI.tif|HLS-VI.S30.T51TUK.2018115T025549.v2.0.NDVI.tif|HLS-VI.S30.T51TUL.2018115T025549.v2.0.NDVI.tif|HLS-VI.S30.T51TUM.2018115T025549.v2.0.NDVI.tif|HLS-VI.S30.T51TUN.2018115T025549.v2.0.NDVI.tif|HLS-VI.S30.T51TVL.2018115T025549.v2.0.NDVI.tif|HLS-VI.S30.T51TVM.2018115T025549.v2.0.NDVI.tif|HLS-VI.S30.T51TVN.2018115T025549.v2.0.NDVI.tif|HLS-VI.S30.T51UUP.2018115T025549.v2.0.NDVI.tif|HLS-VI.S30.T51UUQ.2018115T025549.v2.0.NDVI.tif|HLS-VI.S30.T51UUR.2018115T025549.v2.0.NDVI.tif|HLS-VI.S30.T51UUS.2018115T025549.v2.0.NDVI.tif|HLS-VI.S30.T51UVP.2018115T025549.v2.0.NDVI.tif|HLS-VI.S30.T51UVQ.2018115T025549.v2.0.NDVI.tif|HLS-VI.S30.T51UWP.2018115T025549.v2.0.NDVI.tif|HLS-VI.S30.T51UWQ.2018115T025549.v2.0.NDVI.tif
2018-04-26,18,"T47TNG,T47TQF,T47TQH,T48TTL,T48TUM,T49TEE,T49TEF,T49TEG,T49TEH,T49TFE,T49TFG,T49TFH,T49TFJ,T49TFK,T49TGE,T49TGG,T49TGH,T50TLR",4,"EPSG:32647,EPSG:32648,EPSG:32649,EPSG:32650",71,63,0.1267114012098179,0.06174575547361772,125985934,211019447,0.597034708369793,EPSG:32647:3files:23407984valid:17chunks|EPSG:32648:2files:13107187valid:10chunks|EPSG:32649:12files:84319559valid:41chunks|EPSG:32650:1files:5151204valid:3chunks,HLS-VI.S30.T47TNG.2018116T040539.v2.0.NDVI.tif|HLS-VI.S30.T47TQF.2018116T040539.v2.0.NDVI.tif|HLS-VI.S30.T47TQH.2018116T040539.v2.0.NDVI.tif|HLS-VI.S30.T48TTL.2018116T040539.v2.0.NDVI.tif|HLS-VI.S30.T48TUM.2018116T040539.v2.0.NDVI.tif|HLS-VI.S30.T49TEE.2018116T031731.v2.0.NDVI.tif|HLS-VI.S30.T49TEF.2018116T031731.v2.0.NDVI.tif|HLS-VI.S30.T49TEG.2018116T031731.v2.0.NDVI.tif|HLS-VI.S30.T49TEH.2018116T031731.v2.0.NDVI.tif|HLS-VI.S30.T49TFE.2018116T031731.v2.0.NDVI.tif|HLS-VI.S30.T49TFG.2018116T031731.v2.0.NDVI.tif|HLS-VI.S30.T49TFH.2018116T031731.v2.0.NDVI.tif|HLS-VI.S30.T49TFJ.2018116T031731.v2.0.NDVI.tif|HLS-VI.S30.T49TFK.2018116T031731.v2.0.NDVI.tif|HLS-VI.S30.T49TGE.2018116T031731.v2.0.NDVI.tif|HLS-VI.S30.T49TGG.2018116T031731.v2.0.NDVI.tif|HLS-VI.S30.T49TGH.2018116T031731.v2.0.NDVI.tif|HLS-VI.S30.T50TLR.2018116T031731.v2.0.NDVI.tif
2018-04-27,32,"T47TLF,T47TLG,T47TLH,T47TMH,T48SWJ,T48SXJ,T48TXK,T48TXL,T48TXM,T48TXN,T48TYL,T48TYM,T48TYN,T49SCC,T49TBF,T49TBG,T49TCE,T49TCF,T49TCG,T49TCH,T49TDF,T49TDG,T49TDH,T50TPL,T50TPM,T50TQL,T50TQM,T51TTF,T51TTG,T51TVH,T51TWJ,T51UXT",5,"EPSG:32647,EPSG:32648,EPSG:32649,EPSG:32650,EPSG:32651",107,88,0.12852988772571342,0.0835532653040819,161384705,295374261,0.5463736225818268,EPSG:32647:4files:5258341valid:6chunks|EPSG:32648:9files:59368706valid:36chunks|EPSG:32649:10files:75221113valid:40chunks|EPSG:32650:4files:3656820valid:7chunks|EPSG:32651:5files:17879725valid:18chunks,HLS-VI.S30.T47TLF.2018117T042711.v2.0.NDVI.tif|HLS-VI.S30.T47TLG.2018117T042711.v2.0.NDVI.tif|HLS-VI.S30.T47TLH.2018117T042711.v2.0.NDVI.tif|HLS-VI.S30.T47TMH.2018117T042711.v2.0.NDVI.tif|HLS-VI.S30.T48SWJ.2018117T033539.v2.0.NDVI.tif|HLS-VI.S30.T48SXJ.2018117T033539.v2.0.NDVI.tif|HLS-VI.S30.T48TXK.2018117T033539.v2.0.NDVI.tif|HLS-VI.S30.T48TXL.2018117T033539.v2.0.NDVI.tif|HLS-VI.S30.T48TXM.2018117T033539.v2.0.NDVI.tif|HLS-VI.S30.T48TXN.2018117T033539.v2.0.NDVI.tif|HLS-VI.S30.T48TYL.2018117T033539.v2.0.NDVI.tif|HLS-VI.S30.T48TYM.2018117T033539.v2.0.NDVI.tif|HLS-VI.S30.T48TYN.2018117T033539.v2.0.NDVI.tif|HLS-VI.S30.T49SCC.2018117T033539.v2.0.NDVI.tif|HLS-VI.S30.T49TBF.2018117T033539.v2.0.NDVI.tif|HLS-VI.S30.T49TBG.2018117T033539.v2.0.NDVI.tif|HLS-VI.S30.T49TCE.2018117T033539.v2.0.NDVI.tif|HLS-VI.S30.T49TCF.2018117T033539.v2.0.NDVI.tif|HLS-VI.S30.T49TCG.2018117T033539.v2.0.NDVI.tif|HLS-VI.S30.T49TCH.2018117T033539.v2.0.NDVI.tif|HLS-VI.S30.T49TDF.2018117T033539.v2.0.NDVI.tif|HLS-VI.S30.T49TDG.2018117T033539.v2.0.NDVI.tif|HLS-VI.S30.T49TDH.2018117T033539.v2.0.NDVI.tif|HLS-VI.S30.T50TPL.2018117T024551.v2.0.NDVI.tif|HLS-VI.S30.T50TPM.2018117T024551.v2.0.NDVI.tif|HLS-VI.S30.T50TQL.2018117T024551.v2.0.NDVI.tif|HLS-VI.S30.T50TQM.2018117T024551.v2.0.NDVI.tif|HLS-VI.S30.T51TTF.2018117T024551.v2.0.NDVI.tif|HLS-VI.S30.T51TTG.2018117T024551.v2.0.NDVI.tif|HLS-VI.S30.T51TVH.2018117T024551.v2.0.NDVI.tif|HLS-VI.S30.T51TWJ.2018117T024551.v2.0.NDVI.tif|HLS-VI.S30.T51UXT.2018117T024551.v2.0.NDVI.tif
2018-04-28,23,"T47SPD,T47SQD,T47TPE,T47TQE,T48STJ,T48TTK,T48TUK,T48TVK,T48TVL,T49TGE,T49TGF,T49TGG,T50TKK,T50TKL,T50TLQ,T50TLR,T50TMM,T50TNM,T50TNN,T50TNP,T50TPN,T50TPP,T50TPQ",4,"EPSG:32647,EPSG:32648,EPSG:32649,EPSG:32650",91,67,0.13036411171951942,0.07364502524449604,129361386,267753813,0.48313555108923883,EPSG:32647:4files:25987302valid:15chunks|EPSG:32648:5files:54916532valid:23chunks|EPSG:32649:3files:1301836valid:8chunks|EPSG:32650:11files:47155716valid:45chunks,HLS-VI.S30.T47SPD.2018118T035541.v2.0.NDVI.tif|HLS-VI.S30.T47SQD.2018118T035541.v2.0.NDVI.tif|HLS-VI.S30.T47TPE.2018118T035541.v2.0.NDVI.tif|HLS-VI.S30.T47TQE.2018118T035541.v2.0.NDVI.tif|HLS-VI.S30.T48STJ.2018118T035541.v2.0.NDVI.tif|HLS-VI.S30.T48TTK.2018118T035541.v2.0.NDVI.tif|HLS-VI.S30.T48TUK.2018118T035541.v2.0.NDVI.tif|HLS-VI.S30.T48TVK.2018118T035541.v2.0.NDVI.tif|HLS-VI.S30.T48TVL.2018118T035541.v2.0.NDVI.tif|HLS-VI.S30.T49TGE.2018118T030539.v2.0.NDVI.tif|HLS-VI.S30.T49TGF.2018118T030539.v2.0.NDVI.tif|HLS-VI.S30.T49TGG.2018118T030539.v2.0.NDVI.tif|HLS-VI.S30.T50TKK.2018118T030539.v2.0.NDVI.tif|HLS-VI.S30.T50TKL.2018118T030539.v2.0.NDVI.tif|HLS-VI.S30.T50TLQ.2018118T030539.v2.0.NDVI.tif|HLS-VI.S30.T50TLR.2018118T030539.v2.0.NDVI.tif|HLS-VI.S30.T50TMM.2018118T030539.v2.0.NDVI.tif|HLS-VI.S30.T50TNM.2018118T030539.v2.0.NDVI.tif|HLS-VI.S30.T50TNN.2018118T030539.v2.0.NDVI.tif|HLS-VI.S30.T50TNP.2018118T030539.v2.0.NDVI.tif|HLS-VI.S30.T50TPN.2018118T030539.v2.0.NDVI.tif|HLS-VI.S30.T50TPP.2018118T030539.v2.0.NDVI.tif|HLS-VI.S30.T50TPQ.2018118T030539.v2.0.NDVI.tif
2018-04-29,1,T51UXS,1,EPSG:32651,4,4,0.31882176266679857,0.04694945244138533,6691566,12435003,0.5381233924913408,EPSG:32651:1files:6691566valid:4chunks,HLS-VI.S30.T51UXS.2018119T023549.v2.0.NDVI.tif
2018-05-01,5,"T47TMF,T47TNE,T47TNF,T47TNG,T47TNH",1,EPSG:32647,20,15,0.05897646396100002,0.023223546767513516,21281804,40077091,0.5310216752009271,EPSG:32647:5files:21281804valid:20chunks,HLS-VI.S30.T47TMF.2018121T040551.v2.0.NDVI.tif|HLS-VI.S30.T47TNE.2018121T040551.v2.0.NDVI.tif|HLS-VI.S30.T47TNF.2018121T040551.v2.0.NDVI.tif|HLS-VI.S30.T47TNG.2018121T040551.v2.0.NDVI.tif|HLS-VI.S30.T47TNH.2018121T040551.v2.0.NDVI.tif
2018-05-02,5,"T47TLG,T48TXK,T48TXL,T48TXM,T48TXN",2,"EPSG:32647,EPSG:32648",14,14,0.09997625201589638,0.07262563493889015,31615689,40609288,0.7785334478161745,EPSG:32647:1files:4009988valid:2chunks|EPSG:32648:4files:27605701valid:12chunks,HLS-VI.S30.T47TLG.2018122T042659.v2.0.NDVI.tif|HLS-VI.S30.T48TXK.2018122T033541.v2.0.NDVI.tif|HLS-VI.S30.T48TXL.2018122T033541.v2.0.NDVI.tif|HLS-VI.S30.T48TXM.2018122T033541.v2.0.NDVI.tif|HLS-VI.S30.T48TXN.2018122T033541.v2.0.NDVI.tif
2018-05-03,13,"T47SPD,T47SQD,T47TPE,T47TQE,T47TQF,T48STJ,T48SUG,T48SVG,T48TTK,T48TTL,T48TUK,T48TUL,T48TVK",2,"EPSG:32647,EPSG:32648",49,38,0.07921930453039633,0.012975561937614878,103512984,149550409,0.6921611561757748,EPSG:32647:5files:36956726valid:18chunks|EPSG:32648:8files:66556258valid:31chunks,HLS-VI.S30.T47SPD.2018123T035539.v2.0.NDVI.tif|HLS-VI.S30.T47SQD.2018123T035539.v2.0.NDVI.tif|HLS-VI.S30.T47TPE.2018123T035539.v2.0.NDVI.tif|HLS-VI.S30.T47TQE.2018123T035539.v2.0.NDVI.tif|HLS-VI.S30.T47TQF.2018123T035539.v2.0.NDVI.tif|HLS-VI.S30.T48STJ.2018123T035539.v2.0.NDVI.tif|HLS-VI.S30.T48SUG.2018123T035539.v2.0.NDVI.tif|HLS-VI.S30.T48SVG.2018123T035539.v2.0.NDVI.tif|HLS-VI.S30.T48TTK.2018123T035539.v2.0.NDVI.tif|HLS-VI.S30.T48TTL.2018123T035539.v2.0.NDVI.tif|HLS-VI.S30.T48TUK.2018123T035539.v2.0.NDVI.tif|HLS-VI.S30.T48TUL.2018123T035539.v2.0.NDVI.tif|HLS-VI.S30.T48TVK.2018123T035539.v2.0.NDVI.tif
2018-05-04,10,"T49SED,T49TCF,T49TEE,T49TFE,T49TFH,T51TVH,T51TVK,T51TWH,T51TWJ,T51TWK",2,"EPSG:32649,EPSG:32651",34,30,0.18831800541817423,0.0901307611939381,45732249,106355935,0.4299924494105571,EPSG:32649:5files:32852727valid:23chunks|EPSG:32651:5files:12879522valid:11chunks,HLS-VI.S30.T49SED.2018124T032539.v2.0.NDVI.tif|HLS-VI.S30.T49TCF.2018124T032539.v2.0.NDVI.tif|HLS-VI.S30.T49TEE.2018124T032539.v2.0.NDVI.tif|HLS-VI.S30.T49TFE.2018124T032539.v2.0.NDVI.tif|HLS-VI.S30.T49TFH.2018124T032539.v2.0.NDVI.tif|HLS-VI.S30.T51TVH.2018124T023551.v2.0.NDVI.tif|HLS-VI.S30.T51TVK.2018124T023551.v2.0.NDVI.tif|HLS-VI.S30.T51TWH.2018124T023551.v2.0.NDVI.tif|HLS-VI.S30.T51TWJ.2018124T023551.v2.0.NDVI.tif|HLS-VI.S30.T51TWK.2018124T023551.v2.0.NDVI.tif
2018-05-05,2,"T48TXN,T51TVN",2,"EPSG:32648,EPSG:32651",5,5,0.3767141136998596,0.15320958648773522,9513895,10912742,0.871815259629523,EPSG:32648:1files:292083valid:1chunks|EPSG:32651:1files:9221812valid:4chunks,HLS-VI.S30.T48TXN.2018125T034541.v2.0.NDVI.tif|HLS-VI.S30.T51TVN.2018125T025549.v2.0.NDVI.tif
2018-05-06,21,"T47SPD,T47SQD,T47TNE,T47TNF,T47TNG,T47TNH,T47TQE,T47TQF,T47TQH,T48STJ,T48TTK,T48TTL,T48TUL,T48TUM,T49TEH,T49TFJ,T49TFK,T49TGJ,T49TGK,T50TLQ,T50TLT",4,"EPSG:32647,EPSG:32648,EPSG:32649,EPSG:32650",81,65,0.10204595062317394,0.04249360700931699,129480705,231885398,0.5583823134909082,EPSG:32647:9files:50938830valid:29chunks|EPSG:32648:5files:23408746valid:20chunks|EPSG:32649:5files:41769639valid:25chunks|EPSG:32650:2files:13363490valid:7chunks,HLS-VI.S30.T47SPD.2018126T040539.v2.0.NDVI.tif|HLS-VI.S30.T47SQD.2018126T040539.v2.0.NDVI.tif|HLS-VI.S30.T47TNE.2018126T040539.v2.0.NDVI.tif|HLS-VI.S30.T47TNF.2018126T040539.v2.0.NDVI.tif|HLS-VI.S30.T47TNG.2018126T040539.v2.0.NDVI.tif|HLS-VI.S30.T47TNH.2018126T040539.v2.0.NDVI.tif|HLS-VI.S30.T47TQE.2018126T040539.v2.0.NDVI.tif|HLS-VI.S30.T47TQF.2018126T040539.v2.0.NDVI.tif|HLS-VI.S30.T47TQH.2018126T040539.v2.0.NDVI.tif|HLS-VI.S30.T48STJ.2018126T040539.v2.0.NDVI.tif|HLS-VI.S30.T48TTK.2018126T040539.v2.0.NDVI.tif|HLS-VI.S30.T48TTL.2018126T040539.v2.0.NDVI.tif|HLS-VI.S30.T48TUL.2018126T040539.v2.0.NDVI.tif|HLS-VI.S30.T48TUM.2018126T040539.v2.0.NDVI.tif|HLS-VI.S30.T49TEH.2018126T031541.v2.0.NDVI.tif|HLS-VI.S30.T49TFJ.2018126T031541.v2.0.NDVI.tif|HLS-VI.S30.T49TFK.2018126T031541.v2.0.NDVI.tif|HLS-VI.S30.T49TGJ.2018126T031541.v2.0.NDVI.tif|HLS-VI.S30.T49TGK.2018126T031541.v2.0.NDVI.tif|HLS-VI.S30.T50TLQ.2018126T031541.v2.0.NDVI.tif|HLS-VI.S30.T50TLT.2018126T031541.v2.0.NDVI.tif
2018-05-07,24,"T48TXM,T48TXN,T48TYM,T48TYN,T49TBG,T49TCF,T49TCG,T49TCH,T49TDE,T49TDF,T49TDG,T49TDH,T49TDJ,T50TQN,T50TQP,T50TQQ,T50TQR,T51TUG,T51TUH,T51TUJ,T51TUK,T51TUL,T51TVH,T51TVJ",4,"EPSG:32648,EPSG:32649,EPSG:32650,EPSG:32651",80,65,0.1864959707826981,0.10105276845376829,161619016,237010248,0.6819072903548036,EPSG:32648:4files:19417412valid:12chunks|EPSG:32649:9files:49467922valid:34chunks|EPSG:32650:4files:27698548valid:14chunks|EPSG:32651:7files:65035134valid:20chunks,HLS-VI.S30.T48TXM.2018127T033539.v2.0.NDVI.tif|HLS-VI.S30.T48TXN.2018127T033539.v2.0.NDVI.tif|HLS-VI.S30.T48TYM.2018127T033539.v2.0.NDVI.tif|HLS-VI.S30.T48TYN.2018127T033539.v2.0.NDVI.tif|HLS-VI.S30.T49TBG.2018127T033539.v2.0.NDVI.tif|HLS-VI.S30.T49TCF.2018127T033539.v2.0.NDVI.tif|HLS-VI.S30.T49TCG.2018127T033539.v2.0.NDVI.tif|HLS-VI.S30.T49TCH.2018127T033539.v2.0.NDVI.tif|HLS-VI.S30.T49TDE.2018127T033539.v2.0.NDVI.tif|HLS-VI.S30.T49TDF.2018127T033539.v2.0.NDVI.tif|HLS-VI.S30.T49TDG.2018127T033539.v2.0.NDVI.tif|HLS-VI.S30.T49TDH.2018127T033539.v2.0.NDVI.tif|HLS-VI.S30.T49TDJ.2018127T033539.v2.0.NDVI.tif|HLS-VI.S30.T50TQN.2018127T024551.v2.0.NDVI.tif|HLS-VI.S30.T50TQP.2018127T024551.v2.0.NDVI.tif|HLS-VI.S30.T50TQQ.2018127T024551.v2.0.NDVI.tif|HLS-VI.S30.T50TQR.2018127T024551.v2.0.NDVI.tif|HLS-VI.S30.T51TUG.2018127T024551.v2.0.NDVI.tif|HLS-VI.S30.T51TUH.2018127T024551.v2.0.NDVI.tif|HLS-VI.S30.T51TUJ.2018127T024551.v2.0.NDVI.tif|HLS-VI.S30.T51TUK.2018127T024551.v2.0.NDVI.tif|HLS-VI.S30.T51TUL.2018127T024551.v2.0.NDVI.tif|HLS-VI.S30.T51TVH.2018127T024551.v2.0.NDVI.tif|HLS-VI.S30.T51TVJ.2018127T024551.v2.0.NDVI.tif
2018-05-08,12,"T50TLQ,T50TMN,T50TMP,T50TNP,T50TPN,T50TQT,T50UQU,T50UQV,T51UUP,T51UUQ,T51UVS,T51UVT",2,"EPSG:32650,EPSG:32651",71,54,0.2709087262971837,0.11453569133428301,86297601,235100539,0.36706679349637733,EPSG:32650:8files:67128694valid:49chunks|EPSG:32651:4files:19168907valid:22chunks,HLS-VI.S30.T50TLQ.2018128T030539.v2.0.NDVI.tif|HLS-VI.S30.T50TMN.2018128T030539.v2.0.NDVI.tif|HLS-VI.S30.T50TMP.2018128T030539.v2.0.NDVI.tif|HLS-VI.S30.T50TNP.2018128T030539.v2.0.NDVI.tif|HLS-VI.S30.T50TPN.2018128T030539.v2.0.NDVI.tif|HLS-VI.S30.T50TQT.2018128T030539.v2.0.NDVI.tif|HLS-VI.S30.T50UQU.2018128T030539.v2.0.NDVI.tif|HLS-VI.S30.T50UQV.2018128T030539.v2.0.NDVI.tif|HLS-VI.S30.T51UUP.2018128T030539.v2.0.NDVI.tif|HLS-VI.S30.T51UUQ.2018128T030539.v2.0.NDVI.tif|HLS-VI.S30.T51UVS.2018128T030539.v2.0.NDVI.tif|HLS-VI.S30.T51UVT.2018128T030539.v2.0.NDVI.tif
2018-05-09,16,"T47TLH,T47TMH,T47TNH,T51TVH,T51TVJ,T51TVK,T51TWH,T51TWJ,T51TWK,T51UWP,T51UXP,T51UXQ,T51UXR,T51UXS,T51UXT,T51UYS",2,"EPSG:32647,EPSG:32651",35,26,0.26039811110695693,0.141767241284077,39547720,85999148,0.4598617651421384,EPSG:32647:3files:4615513valid:4chunks|EPSG:32651:13files:34932207valid:31chunks,HLS-VI.S30.T47TLH.2018129T041549.v2.0.NDVI.tif|HLS-VI.S30.T47TMH.2018129T041549.v2.0.NDVI.tif|HLS-VI.S30.T47TNH.2018129T041549.v2.0.NDVI.tif|HLS-VI.S30.T51TVH.2018129T023549.v2.0.NDVI.tif|HLS-VI.S30.T51TVJ.2018129T023549.v2.0.NDVI.tif|HLS-VI.S30.T51TVK.2018129T023549.v2.0.NDVI.tif|HLS-VI.S30.T51TWH.2018129T023549.v2.0.NDVI.tif|HLS-VI.S30.T51TWJ.2018129T023549.v2.0.NDVI.tif|HLS-VI.S30.T51TWK.2018129T023549.v2.0.NDVI.tif|HLS-VI.S30.T51UWP.2018129T023549.v2.0.NDVI.tif|HLS-VI.S30.T51UXP.2018129T023549.v2.0.NDVI.tif|HLS-VI.S30.T51UXQ.2018129T023549.v2.0.NDVI.tif|HLS-VI.S30.T51UXR.2018129T023549.v2.0.NDVI.tif|HLS-VI.S30.T51UXS.2018129T023549.v2.0.NDVI.tif|HLS-VI.S30.T51UXT.2018129T023549.v2.0.NDVI.tif|HLS-VI.S30.T51UYS.2018129T023549.v2.0.NDVI.tif
2018-05-10,2,"T51TUM,T51TVM",1,EPSG:32651,8,6,0.3607071439090772,0.15324491680373653,18010226,24663029,0.7302519897292421,EPSG:32651:2files:18010226valid:8chunks,HLS-VI.S30.T51TUM.2018130T025551.v2.0.NDVI.tif|HLS-VI.S30.T51TVM.2018130T025551.v2.0.NDVI.tif
2018-05-11,9,"T47TNE,T47TPE,T47TQE,T47TQF,T48TTK,T48TTL,T48TTM,T49TFK,T49TGL",3,"EPSG:32647,EPSG:32648,EPSG:32649",39,33,0.07950959667598212,0.03767372089673365,70350660,94519034,0.7443015128571882,EPSG:32647:4files:33097213valid:19chunks|EPSG:32648:3files:28564199valid:12chunks|EPSG:32649:2files:8689248valid:8chunks,HLS-VI.S30.T47TNE.2018131T040551.v2.0.NDVI.tif|HLS-VI.S30.T47TPE.2018131T040551.v2.0.NDVI.tif|HLS-VI.S30.T47TQE.2018131T040551.v2.0.NDVI.tif|HLS-VI.S30.T47TQF.2018131T040551.v2.0.NDVI.tif|HLS-VI.S30.T48TTK.2018131T040551.v2.0.NDVI.tif|HLS-VI.S30.T48TTL.2018131T040551.v2.0.NDVI.tif|HLS-VI.S30.T48TTM.2018131T040551.v2.0.NDVI.tif|HLS-VI.S30.T49TFK.2018131T031539.v2.0.NDVI.tif|HLS-VI.S30.T49TGL.2018131T031539.v2.0.NDVI.tif
2018-05-12,11,"T48SXJ,T48TWK,T48TXM,T48TXN,T48TYN,T49TCH,T50TQN,T50TQP,T50TQQ,T51TUJ,T51TUK",4,"EPSG:32648,EPSG:32649,EPSG:32650,EPSG:32651",46,39,0.20157248927025911,0.10393969789475266,68603901,137261584,0.4998040893947428,EPSG:32648:5files:17224271valid:24chunks|EPSG:32649:1files:1887263valid:2chunks|EPSG:32650:3files:24046900valid:12chunks|EPSG:32651:2files:25445467valid:8chunks,HLS-VI.S30.T48SXJ.2018132T033541.v2.0.NDVI.tif|HLS-VI.S30.T48TWK.2018132T033541.v2.0.NDVI.tif|HLS-VI.S30.T48TXM.2018132T033541.v2.0.NDVI.tif|HLS-VI.S30.T48TXN.2018132T033541.v2.0.NDVI.tif|HLS-VI.S30.T48TYN.2018132T033541.v2.0.NDVI.tif|HLS-VI.S30.T49TCH.2018132T033541.v2.0.NDVI.tif|HLS-VI.S30.T50TQN.2018132T024549.v2.0.NDVI.tif|HLS-VI.S30.T50TQP.2018132T024549.v2.0.NDVI.tif|HLS-VI.S30.T50TQQ.2018132T024549.v2.0.NDVI.tif|HLS-VI.S30.T51TUJ.2018132T024549.v2.0.NDVI.tif|HLS-VI.S30.T51TUK.2018132T024549.v2.0.NDVI.tif
2018-05-13,10,"T47SPD,T47TPE,T47TQE,T47TQF,T48SUG,T48SVG,T48TTK,T48TTL,T48TUK,T48TVK",2,"EPSG:32647,EPSG:32648",43,32,0.07781215998414,0.013109046023054575,75043852,132379025,0.5668862722021105,EPSG:32647:4files:28560647valid:16chunks|EPSG:32648:6files:46483205valid:27chunks,HLS-VI.S30.T47SPD.2018133T035539.v2.0.NDVI.tif|HLS-VI.S30.T47TPE.2018133T035539.v2.0.NDVI.tif|HLS-VI.S30.T47TQE.2018133T035539.v2.0.NDVI.tif|HLS-VI.S30.T47TQF.2018133T035539.v2.0.NDVI.tif|HLS-VI.S30.T48SUG.2018133T035539.v2.0.NDVI.tif|HLS-VI.S30.T48SVG.2018133T035539.v2.0.NDVI.tif|HLS-VI.S30.T48TTK.2018133T035539.v2.0.NDVI.tif|HLS-VI.S30.T48TTL.2018133T035539.v2.0.NDVI.tif|HLS-VI.S30.T48TUK.2018133T035539.v2.0.NDVI.tif|HLS-VI.S30.T48TVK.2018133T035539.v2.0.NDVI.tif
2018-05-14,30,"T47TLF,T47TLG,T47TMF,T47TMG,T47TNG,T47TNH,T48SYG,T48SYH,T49SBB,T49SBC,T49SBD,T49SCC,T49SCD,T49SDC,T49SDD,T49SED,T49TCE,T49TCF,T49TCG,T49TDE,T49TDF,T49TDG,T49TEE,T49TEF,T49TEG,T49TFE,T49TFF,T49TFG,T49TFJ,T49TGJ",3,"EPSG:32647,EPSG:32648,EPSG:32649",84,70,0.17007808831946516,0.10302403386268483,187170304,296111592,0.6320938087422123,EPSG:32647:6files:40939211valid:16chunks|EPSG:32648:2files:3139081valid:4chunks|EPSG:32649:22files:143092012valid:64chunks,HLS-VI.S30.T47TLF.2018134T041551.v2.0.NDVI.tif|HLS-VI.S30.T47TLG.2018134T041551.v2.0.NDVI.tif|HLS-VI.S30.T47TMF.2018134T041551.v2.0.NDVI.tif|HLS-VI.S30.T47TMG.2018134T041551.v2.0.NDVI.tif|HLS-VI.S30.T47TNG.2018134T041551.v2.0.NDVI.tif|HLS-VI.S30.T47TNH.2018134T041551.v2.0.NDVI.tif|HLS-VI.S30.T48SYG.2018134T032539.v2.0.NDVI.tif|HLS-VI.S30.T48SYH.2018134T032539.v2.0.NDVI.tif|HLS-VI.S30.T49SBB.2018134T032539.v2.0.NDVI.tif|HLS-VI.S30.T49SBC.2018134T032539.v2.0.NDVI.tif|HLS-VI.S30.T49SBD.2018134T032539.v2.0.NDVI.tif|HLS-VI.S30.T49SCC.2018134T032539.v2.0.NDVI.tif|HLS-VI.S30.T49SCD.2018134T032539.v2.0.NDVI.tif|HLS-VI.S30.T49SDC.2018134T032539.v2.0.NDVI.tif|HLS-VI.S30.T49SDD.2018134T032539.v2.0.NDVI.tif|HLS-VI.S30.T49SED.2018134T032539.v2.0.NDVI.tif|HLS-VI.S30.T49TCE.2018134T032539.v2.0.NDVI.tif|HLS-VI.S30.T49TCF.2018134T032539.v2.0.NDVI.tif|HLS-VI.S30.T49TCG.2018134T032539.v2.0.NDVI.tif|HLS-VI.S30.T49TDE.2018134T032539.v2.0.NDVI.tif|HLS-VI.S30.T49TDF.2018134T032539.v2.0.NDVI.tif|HLS-VI.S30.T49TDG.2018134T032539.v2.0.NDVI.tif|HLS-VI.S30.T49TEE.2018134T032539.v2.0.NDVI.tif|HLS-VI.S30.T49TEF.2018134T032539.v2.0.NDVI.tif|HLS-VI.S30.T49TEG.2018134T032539.v2.0.NDVI.tif|HLS-VI.S30.T49TFE.2018134T032539.v2.0.NDVI.tif|HLS-VI.S30.T49TFF.2018134T032539.v2.0.NDVI.tif|HLS-VI.S30.T49TFG.2018134T032539.v2.0.NDVI.tif|HLS-VI.S30.T49TFJ.2018134T032539.v2.0.NDVI.tif|HLS-VI.S30.T49TGJ.2018134T032539.v2.0.NDVI.tif
2018-05-15,11,"T48SWG,T48SWH,T48SWJ,T48SXJ,T48TWK,T48TWL,T50TNP,T50TPM,T50TPP,T50TQM,T51TTG",3,"EPSG:32648,EPSG:32650,EPSG:32651",45,40,0.20155346978196728,0.154010532889881,86219817,115972402,0.7434511617686421,EPSG:32648:6files:47664467valid:21chunks|EPSG:32650:4files:35206724valid:20chunks|EPSG:32651:1files:3348626valid:4chunks,HLS-VI.S30.T48SWG.2018135T034541.v2.0.NDVI.tif|HLS-VI.S30.T48SWH.2018135T034541.v2.0.NDVI.tif|HLS-VI.S30.T48SWJ.2018135T034541.v2.0.NDVI.tif|HLS-VI.S30.T48SXJ.2018135T034541.v2.0.NDVI.tif|HLS-VI.S30.T48TWK.2018135T034541.v2.0.NDVI.tif|HLS-VI.S30.T48TWL.2018135T034541.v2.0.NDVI.tif|HLS-VI.S30.T50TNP.2018135T025539.v2.0.NDVI.tif|HLS-VI.S30.T50TPM.2018135T025539.v2.0.NDVI.tif|HLS-VI.S30.T50TPP.2018135T025539.v2.0.NDVI.tif|HLS-VI.S30.T50TQM.2018135T025539.v2.0.NDVI.tif|HLS-VI.S30.T51TTG.2018135T025539.v2.0.NDVI.tif
2018-05-17,3,"T48TXK,T48TXL,T49TCG",2,"EPSG:32648,EPSG:32649",12,12,0.1251086137958294,0.08319801819433663,34622051,38993640,0.8878896917548605,EPSG:32648:2files:21280278valid:8chunks|EPSG:32649:1files:13341773valid:4chunks,HLS-VI.S30.T48TXK.2018137T033539.v2.0.NDVI.tif|HLS-VI.S30.T48TXL.2018137T033539.v2.0.NDVI.tif|HLS-VI.S30.T49TCG.2018137T033539.v2.0.NDVI.tif
2018-05-18,6,"T50UQD,T50UQE,T51UUU,T51UUV,T51UVU,T51UVV",2,"EPSG:32650,EPSG:32651",16,15,0.6416702701901388,0.10677143663390039,21697283,21774159,0.996469392916622,EPSG:32650:2files:9950808valid:6chunks|EPSG:32651:4files:11746475valid:10chunks,HLS-VI.S30.T50UQD.2018138T030539.v2.0.NDVI.tif|HLS-VI.S30.T50UQE.2018138T030539.v2.0.NDVI.tif|HLS-VI.S30.T51UUU.2018138T030539.v2.0.NDVI.tif|HLS-VI.S30.T51UUV.2018138T030539.v2.0.NDVI.tif|HLS-VI.S30.T51UVU.2018138T030539.v2.0.NDVI.tif|HLS-VI.S30.T51UVV.2018138T030539.v2.0.NDVI.tif
2018-05-19,6,"T47TLG,T47TMG,T47TMH,T47TNG,T51UWP,T51UXP",2,"EPSG:32647,EPSG:32651",16,14,0.06893243514944437,0.07509259296782686,30839461,39339781,0.7839255892146425,EPSG:32647:4files:29707867valid:12chunks|EPSG:32651:2files:1131594valid:4chunks,HLS-VI.S30.T47TLG.2018139T041549.v2.0.NDVI.tif|HLS-VI.S30.T47TMG.2018139T041549.v2.0.NDVI.tif|HLS-VI.S30.T47TMH.2018139T041549.v2.0.NDVI.tif|HLS-VI.S30.T47TNG.2018139T041549.v2.0.NDVI.tif|HLS-VI.S30.T51UWP.2018139T023549.v2.0.NDVI.tif|HLS-VI.S30.T51UXP.2018139T023549.v2.0.NDVI.tif
2018-05-20,2,"T50UQE,T51UUV",2,"EPSG:32650,EPSG:32651",4,2,0.6749889670141306,0.12630717153273313,2377760,3085944,0.7705130099574069,EPSG:32650:1files:1360933valid:2chunks|EPSG:32651:1files:1016827valid:2chunks,HLS-VI.S30.T50UQE.2018140T025551.v2.0.NDVI.tif|HLS-VI.S30.T51UUV.2018140T025551.v2.0.NDVI.tif
2018-05-22,29,"T47TLF,T47TLG,T47TLH,T47TMG,T47TMH,T48SYG,T48SYH,T48SYJ,T48TWK,T48TXK,T48TXL,T48TXM,T48TXN,T48TYL,T48TYM,T48TYN,T49SBB,T49SBC,T49SBD,T49SCD,T49TBE,T49TBF,T49TBG,T49TCE,T49TCG,T49TCH,T49TDG,T49TDH,T49TDJ",3,"EPSG:32647,EPSG:32648,EPSG:32649",96,77,0.15206187564171408,0.09131932648059028,181934214,288888644,0.6297728130843385,EPSG:32647:5files:5644179valid:10chunks|EPSG:32648:11files:75389476valid:43chunks|EPSG:32649:13files:100900559valid:43chunks,HLS-VI.S30.T47TLF.2018142T042659.v2.0.NDVI.tif|HLS-VI.S30.T47TLG.2018142T042659.v2.0.NDVI.tif|HLS-VI.S30.T47TLH.2018142T042659.v2.0.NDVI.tif|HLS-VI.S30.T47TMG.2018142T042659.v2.0.NDVI.tif|HLS-VI.S30.T47TMH.2018142T042659.v2.0.NDVI.tif|HLS-VI.S30.T48SYG.2018142T033541.v2.0.NDVI.tif|HLS-VI.S30.T48SYH.2018142T033541.v2.0.NDVI.tif|HLS-VI.S30.T48SYJ.2018142T033541.v2.0.NDVI.tif|HLS-VI.S30.T48TWK.2018142T033541.v2.0.NDVI.tif|HLS-VI.S30.T48TXK.2018142T033541.v2.0.NDVI.tif|HLS-VI.S30.T48TXL.2018142T033541.v2.0.NDVI.tif|HLS-VI.S30.T48TXM.2018142T033541.v2.0.NDVI.tif|HLS-VI.S30.T48TXN.2018142T033541.v2.0.NDVI.tif|HLS-VI.S30.T48TYL.2018142T033541.v2.0.NDVI.tif|HLS-VI.S30.T48TYM.2018142T033541.v2.0.NDVI.tif|HLS-VI.S30.T48TYN.2018142T033541.v2.0.NDVI.tif|HLS-VI.S30.T49SBB.2018142T033541.v2.0.NDVI.tif|HLS-VI.S30.T49SBC.2018142T033541.v2.0.NDVI.tif|HLS-VI.S30.T49SBD.2018142T033541.v2.0.NDVI.tif|HLS-VI.S30.T49SCD.2018142T033541.v2.0.NDVI.tif|HLS-VI.S30.T49TBE.2018142T033541.v2.0.NDVI.tif|HLS-VI.S30.T49TBF.2018142T033541.v2.0.NDVI.tif|HLS-VI.S30.T49TBG.2018142T033541.v2.0.NDVI.tif|HLS-VI.S30.T49TCE.2018142T033541.v2.0.NDVI.tif|HLS-VI.S30.T49TCG.2018142T033541.v2.0.NDVI.tif|HLS-VI.S30.T49TCH.2018142T033541.v2.0.NDVI.tif|HLS-VI.S30.T49TDG.2018142T033541.v2.0.NDVI.tif|HLS-VI.S30.T49TDH.2018142T033541.v2.0.NDVI.tif|HLS-VI.S30.T49TDJ.2018142T033541.v2.0.NDVI.tif
2018-05-23,5,"T47TQF,T47TQH,T50TKK,T50TKL,T50TLR",2,"EPSG:32647,EPSG:32650",15,12,0.1022131910255669,0.07696427395749654,14468977,31175278,0.4641170160535537,EPSG:32647:2files:12191669valid:7chunks|EPSG:32650:3files:2277308valid:8chunks,HLS-VI.S30.T47TQF.2018143T035829.v2.0.NDVI.tif|HLS-VI.S30.T47TQH.2018143T035829.v2.0.NDVI.tif|HLS-VI.S30.T50TKK.2018143T030541.v2.0.NDVI.tif|HLS-VI.S30.T50TKL.2018143T030541.v2.0.NDVI.tif|HLS-VI.S30.T50TLR.2018143T030541.v2.0.NDVI.tif
2018-05-24,11,"T49SBD,T49SDC,T49SED,T49TDJ,T49TEJ,T49TEK,T49TEL,T49TFJ,T49TGJ,T51TVK,T51TWH",2,"EPSG:32649,EPSG:32651",39,29,0.15224840549072183,0.08198901856625522,33657592,112369523,0.29952598446110695,EPSG:32649:9files:29793032valid:33chunks|EPSG:32651:2files:3864560valid:6chunks,HLS-VI.S30.T49SBD.2018144T032539.v2.0.NDVI.tif|HLS-VI.S30.T49SDC.2018144T032539.v2.0.NDVI.tif|HLS-VI.S30.T49SED.2018144T032539.v2.0.NDVI.tif|HLS-VI.S30.T49TDJ.2018144T032539.v2.0.NDVI.tif|HLS-VI.S30.T49TEJ.2018144T032539.v2.0.NDVI.tif|HLS-VI.S30.T49TEK.2018144T032539.v2.0.NDVI.tif|HLS-VI.S30.T49TEL.2018144T032539.v2.0.NDVI.tif|HLS-VI.S30.T49TFJ.2018144T032539.v2.0.NDVI.tif|HLS-VI.S30.T49TGJ.2018144T032539.v2.0.NDVI.tif|HLS-VI.S30.T51TVK.2018144T023551.v2.0.NDVI.tif|HLS-VI.S30.T51TWH.2018144T023551.v2.0.NDVI.tif
2018-05-25,4,"T50UQD,T51TTF,T51TUJ,T51UUU",2,"EPSG:32650,EPSG:32651",20,15,0.5163112750619914,0.2375579402636147,19270120,49579237,0.38867318591449884,EPSG:32650:1files:5895580valid:4chunks|EPSG:32651:3files:13374540valid:16chunks,HLS-VI.S30.T50UQD.2018145T025539.v2.0.NDVI.tif|HLS-VI.S30.T51TTF.2018145T025539.v2.0.NDVI.tif|HLS-VI.S30.T51TUJ.2018145T025539.v2.0.NDVI.tif|HLS-VI.S30.T51UUU.2018145T025539.v2.0.NDVI.tif
2018-05-26,8,"T47TNE,T47TNF,T47TNG,T47TNH,T47TQE,T47TQF,T48TTK,T48TUL",2,"EPSG:32647,EPSG:32648",33,25,0.0697064573966966,0.019485151472733917,50292606,95896500,0.5244467316325413,EPSG:32647:6files:41771121valid:22chunks|EPSG:32648:2files:8521485valid:11chunks,HLS-VI.S30.T47TNE.2018146T040659.v2.0.NDVI.tif|HLS-VI.S30.T47TNF.2018146T040659.v2.0.NDVI.tif|HLS-VI.S30.T47TNG.2018146T040659.v2.0.NDVI.tif|HLS-VI.S30.T47TNH.2018146T040659.v2.0.NDVI.tif|HLS-VI.S30.T47TQE.2018146T040659.v2.0.NDVI.tif|HLS-VI.S30.T47TQF.2018146T040659.v2.0.NDVI.tif|HLS-VI.S30.T48TTK.2018146T040659.v2.0.NDVI.tif|HLS-VI.S30.T48TUL.2018146T040659.v2.0.NDVI.tif
2018-05-27,10,"T47TLF,T47TLG,T47TLH,T50TPL,T50TPM,T50TQL,T50TQM,T51TTF,T51TTG,T51TUG",3,"EPSG:32647,EPSG:32650,EPSG:32651",16,13,0.24439710873802437,0.19521769188538243,12212598,25788248,0.4735722256122246,EPSG:32647:3files:4996543valid:4chunks|EPSG:32650:4files:3581327valid:7chunks|EPSG:32651:3files:3634728valid:5chunks,HLS-VI.S30.T47TLF.2018147T042711.v2.0.NDVI.tif|HLS-VI.S30.T47TLG.2018147T042711.v2.0.NDVI.tif|HLS-VI.S30.T47TLH.2018147T042711.v2.0.NDVI.tif|HLS-VI.S30.T50TPL.2018147T024551.v2.0.NDVI.tif|HLS-VI.S30.T50TPM.2018147T024551.v2.0.NDVI.tif|HLS-VI.S30.T50TQL.2018147T024551.v2.0.NDVI.tif|HLS-VI.S30.T50TQM.2018147T024551.v2.0.NDVI.tif|HLS-VI.S30.T51TTF.2018147T024551.v2.0.NDVI.tif|HLS-VI.S30.T51TTG.2018147T024551.v2.0.NDVI.tif|HLS-VI.S30.T51TUG.2018147T024551.v2.0.NDVI.tif
2018-05-28,19,"T47SPD,T47SQD,T47TPE,T47TQE,T47TQF,T47TQH,T48STJ,T48SUJ,T48TTK,T48TTL,T48TUK,T48TUL,T48TUM,T48TVK,T48TVL,T48TVM,T50UQE,T51UUV,T51UVV",4,"EPSG:32647,EPSG:32648,EPSG:32650,EPSG:32651",59,51,0.09760206422210667,0.10543191314313428,127537664,169257508,0.7535125945491292,EPSG:32647:6files:36956639valid:20chunks|EPSG:32648:10files:87338250valid:35chunks|EPSG:32650:1files:1773283valid:2chunks|EPSG:32651:2files:1469492valid:2chunks,HLS-VI.S30.T47SPD.2018148T035711.v2.0.NDVI.tif|HLS-VI.S30.T47SQD.2018148T035711.v2.0.NDVI.tif|HLS-VI.S30.T47TPE.2018148T035711.v2.0.NDVI.tif|HLS-VI.S30.T47TQE.2018148T035711.v2.0.NDVI.tif|HLS-VI.S30.T47TQF.2018148T035711.v2.0.NDVI.tif|HLS-VI.S30.T47TQH.2018148T035711.v2.0.NDVI.tif|HLS-VI.S30.T48STJ.2018148T035711.v2.0.NDVI.tif|HLS-VI.S30.T48SUJ.2018148T035711.v2.0.NDVI.tif|HLS-VI.S30.T48TTK.2018148T035711.v2.0.NDVI.tif|HLS-VI.S30.T48TTL.2018148T035711.v2.0.NDVI.tif|HLS-VI.S30.T48TUK.2018148T035711.v2.0.NDVI.tif|HLS-VI.S30.T48TUL.2018148T035711.v2.0.NDVI.tif|HLS-VI.S30.T48TUM.2018148T035711.v2.0.NDVI.tif|HLS-VI.S30.T48TVK.2018148T035711.v2.0.NDVI.tif|HLS-VI.S30.T48TVL.2018148T035711.v2.0.NDVI.tif|HLS-VI.S30.T48TVM.2018148T035711.v2.0.NDVI.tif|HLS-VI.S30.T50UQE.2018148T030539.v2.0.NDVI.tif|HLS-VI.S30.T51UUV.2018148T030539.v2.0.NDVI.tif|HLS-VI.S30.T51UVV.2018148T030539.v2.0.NDVI.tif
2018-05-29,10,"T49SCD,T49SDC,T49SDD,T49SED,T49TBE,T49TCE,T49TCF,T49TCG,T49TCH,T51UXT",2,"EPSG:32649,EPSG:32651",34,28,0.23117792529879355,0.12793258796273937,43043172,110529282,0.38942777172840043,EPSG:32649:9files:42177871valid:32chunks|EPSG:32651:1files:865301valid:2chunks,HLS-VI.S30.T49SCD.2018149T032541.v2.0.NDVI.tif|HLS-VI.S30.T49SDC.2018149T032541.v2.0.NDVI.tif|HLS-VI.S30.T49SDD.2018149T032541.v2.0.NDVI.tif|HLS-VI.S30.T49SED.2018149T032541.v2.0.NDVI.tif|HLS-VI.S30.T49TBE.2018149T032541.v2.0.NDVI.tif|HLS-VI.S30.T49TCE.2018149T032541.v2.0.NDVI.tif|HLS-VI.S30.T49TCF.2018149T032541.v2.0.NDVI.tif|HLS-VI.S30.T49TCG.2018149T032541.v2.0.NDVI.tif|HLS-VI.S30.T49TCH.2018149T032541.v2.0.NDVI.tif|HLS-VI.S30.T51UXT.2018149T023549.v2.0.NDVI.tif
2018-05-30,21,"T48TYN,T50TPS,T50TPT,T50UPA,T50UQA,T50UQB,T50UQC,T50UQD,T50UQU,T50UQV,T51TUK,T51TVM,T51TVN,T51UUP,T51UUR,T51UUS,T51UUT,T51UUU,T51UVR,T51UVT,T51UVU",3,"EPSG:32648,EPSG:32650,EPSG:32651",95,85,0.6188769936258994,0.20235081322788814,176405530,263556485,0.669327222208173,EPSG:32648:1files:611729valid:2chunks|EPSG:32650:9files:74270183valid:42chunks|EPSG:32651:11files:101523618valid:51chunks,HLS-VI.S30.T48TYN.2018150T034529.v2.0.NDVI.tif|HLS-VI.S30.T50TPS.2018150T025551.v2.0.NDVI.tif|HLS-VI.S30.T50TPT.2018150T025551.v2.0.NDVI.tif|HLS-VI.S30.T50UPA.2018150T025551.v2.0.NDVI.tif|HLS-VI.S30.T50UQA.2018150T025551.v2.0.NDVI.tif|HLS-VI.S30.T50UQB.2018150T025551.v2.0.NDVI.tif|HLS-VI.S30.T50UQC.2018150T025551.v2.0.NDVI.tif|HLS-VI.S30.T50UQD.2018150T025551.v2.0.NDVI.tif|HLS-VI.S30.T50UQU.2018150T025551.v2.0.NDVI.tif|HLS-VI.S30.T50UQV.2018150T025551.v2.0.NDVI.tif|HLS-VI.S30.T51TUK.2018150T025551.v2.0.NDVI.tif|HLS-VI.S30.T51TVM.2018150T025551.v2.0.NDVI.tif|HLS-VI.S30.T51TVN.2018150T025551.v2.0.NDVI.tif|HLS-VI.S30.T51UUP.2018150T025551.v2.0.NDVI.tif|HLS-VI.S30.T51UUR.2018150T025551.v2.0.NDVI.tif|HLS-VI.S30.T51UUS.2018150T025551.v2.0.NDVI.tif|HLS-VI.S30.T51UUT.2018150T025551.v2.0.NDVI.tif|HLS-VI.S30.T51UUU.2018150T025551.v2.0.NDVI.tif|HLS-VI.S30.T51UVR.2018150T025551.v2.0.NDVI.tif|HLS-VI.S30.T51UVT.2018150T025551.v2.0.NDVI.tif|HLS-VI.S30.T51UVU.2018150T025551.v2.0.NDVI.tif
2018-05-31,29,"T49TEE,T49TEF,T49TEG,T49TEH,T49TFE,T49TFG,T49TFH,T49TFJ,T49TFK,T49TGE,T49TGG,T49TGH,T49TGJ,T50TKK,T50TKL,T50TKM,T50TLM,T50TLQ,T50TLR,T50TLT,T50TMP,T50TMS,T50TNR,T50TNS,T50UNA,T50UPA,T50UPV,T50UQD,T51UUU",3,"EPSG:32649,EPSG:32650,EPSG:32651",112,83,0.20899400912265065,0.1123616614620456,145791799,360801376,0.40407772447076257,EPSG:32649:13files:94465907valid:45chunks|EPSG:32650:15files:50716083valid:63chunks|EPSG:32651:1files:609809valid:4chunks,HLS-VI.S30.T49TEE.2018151T031539.v2.0.NDVI.tif|HLS-VI.S30.T49TEF.2018151T031539.v2.0.NDVI.tif|HLS-VI.S30.T49TEG.2018151T031539.v2.0.NDVI.tif|HLS-VI.S30.T49TEH.2018151T031539.v2.0.NDVI.tif|HLS-VI.S30.T49TFE.2018151T031539.v2.0.NDVI.tif|HLS-VI.S30.T49TFG.2018151T031539.v2.0.NDVI.tif|HLS-VI.S30.T49TFH.2018151T031539.v2.0.NDVI.tif|HLS-VI.S30.T49TFJ.2018151T031539.v2.0.NDVI.tif|HLS-VI.S30.T49TFK.2018151T031539.v2.0.NDVI.tif|HLS-VI.S30.T49TGE.2018151T031539.v2.0.NDVI.tif|HLS-VI.S30.T49TGG.2018151T031539.v2.0.NDVI.tif|HLS-VI.S30.T49TGH.2018151T031539.v2.0.NDVI.tif|HLS-VI.S30.T49TGJ.2018151T031539.v2.0.NDVI.tif|HLS-VI.S30.T50TKK.2018151T031539.v2.0.NDVI.tif|HLS-VI.S30.T50TKL.2018151T031539.v2.0.NDVI.tif|HLS-VI.S30.T50TKM.2018151T031539.v2.0.NDVI.tif|HLS-VI.S30.T50TLM.2018151T031539.v2.0.NDVI.tif|HLS-VI.S30.T50TLQ.2018151T031539.v2.0.NDVI.tif|HLS-VI.S30.T50TLR.2018151T031539.v2.0.NDVI.tif|HLS-VI.S30.T50TLT.2018151T031539.v2.0.NDVI.tif|HLS-VI.S30.T50TMP.2018151T031539.v2.0.NDVI.tif|HLS-VI.S30.T50TMS.2018151T031539.v2.0.NDVI.tif|HLS-VI.S30.T50TNR.2018151T031539.v2.0.NDVI.tif|HLS-VI.S30.T50TNS.2018151T031539.v2.0.NDVI.tif|HLS-VI.S30.T50UNA.2018151T031539.v2.0.NDVI.tif|HLS-VI.S30.T50UPA.2018151T031539.v2.0.NDVI.tif|HLS-VI.S30.T50UPV.2018151T031539.v2.0.NDVI.tif|HLS-VI.S30.T50UQD.2018151T031539.v2.0.NDVI.tif|HLS-VI.S30.T51UUU.2018151T031539.v2.0.NDVI.tif
2018-06-01,33,"T47TLH,T47TMG,T47TMH,T49TCG,T49TCH,T49TDH,T50TPL,T50TQL,T50TQM,T50TQN,T50TQP,T50TQQ,T50TQR,T51TTF,T51TTG,T51TUG,T51TUH,T51TUJ,T51TUK,T51TUL,T51TUM,T51TUN,T51TVH,T51TVJ,T51TVK,T51TVL,T51TVM,T51TWJ,T51UVR,T51UVS,T51UWS,T51UXT,T51UYS",4,"EPSG:32647,EPSG:32649,EPSG:32650,EPSG:32651",117,98,0.3565135523290804,0.23186010136072813,177865017,346302418,0.5136118252573102,EPSG:32647:3files:2285754valid:9chunks|EPSG:32649:3files:18002930valid:10chunks|EPSG:32650:7files:29521908valid:26chunks|EPSG:32651:20files:128054425valid:72chunks,HLS-VI.S30.T47TLH.2018152T042659.v2.0.NDVI.tif|HLS-VI.S30.T47TMG.2018152T042659.v2.0.NDVI.tif|HLS-VI.S30.T47TMH.2018152T042659.v2.0.NDVI.tif|HLS-VI.S30.T49TCG.2018152T033711.v2.0.NDVI.tif|HLS-VI.S30.T49TCH.2018152T033711.v2.0.NDVI.tif|HLS-VI.S30.T49TDH.2018152T033711.v2.0.NDVI.tif|HLS-VI.S30.T50TPL.2018152T024539.v2.0.NDVI.tif|HLS-VI.S30.T50TQL.2018152T024539.v2.0.NDVI.tif|HLS-VI.S30.T50TQM.2018152T024539.v2.0.NDVI.tif|HLS-VI.S30.T50TQN.2018152T024539.v2.0.NDVI.tif|HLS-VI.S30.T50TQP.2018152T024539.v2.0.NDVI.tif|HLS-VI.S30.T50TQQ.2018152T024539.v2.0.NDVI.tif|HLS-VI.S30.T50TQR.2018152T024539.v2.0.NDVI.tif|HLS-VI.S30.T51TTF.2018152T024539.v2.0.NDVI.tif|HLS-VI.S30.T51TTG.2018152T024539.v2.0.NDVI.tif|HLS-VI.S30.T51TUG.2018152T024539.v2.0.NDVI.tif|HLS-VI.S30.T51TUH.2018152T024539.v2.0.NDVI.tif|HLS-VI.S30.T51TUJ.2018152T024539.v2.0.NDVI.tif|HLS-VI.S30.T51TUK.2018152T024539.v2.0.NDVI.tif|HLS-VI.S30.T51TUL.2018152T024539.v2.0.NDVI.tif|HLS-VI.S30.T51TUM.2018152T024539.v2.0.NDVI.tif|HLS-VI.S30.T51TUN.2018152T024539.v2.0.NDVI.tif|HLS-VI.S30.T51TVH.2018152T024539.v2.0.NDVI.tif|HLS-VI.S30.T51TVJ.2018152T024539.v2.0.NDVI.tif|HLS-VI.S30.T51TVK.2018152T024539.v2.0.NDVI.tif|HLS-VI.S30.T51TVL.2018152T024539.v2.0.NDVI.tif|HLS-VI.S30.T51TVM.2018152T024539.v2.0.NDVI.tif|HLS-VI.S30.T51TWJ.2018152T024539.v2.0.NDVI.tif|HLS-VI.S30.T51UVR.2018152T024539.v2.0.NDVI.tif|HLS-VI.S30.T51UVS.2018152T024539.v2.0.NDVI.tif|HLS-VI.S30.T51UWS.2018152T024539.v2.0.NDVI.tif|HLS-VI.S30.T51UXT.2018152T024539.v2.0.NDVI.tif|HLS-VI.S30.T51UYS.2018152T024539.v2.0.NDVI.tif
2018-06-02,2,"T47TQH,T50TQT",2,"EPSG:32647,EPSG:32650",5,3,0.6735338428562228,0.1568741633447641,4460943,13128548,0.33978951823156683,EPSG:32647:1files:7028valid:1chunks|EPSG:32650:1files:4453915valid:4chunks,HLS-VI.S30.T47TQH.2018153T035709.v2.0.NDVI.tif|HLS-VI.S30.T50TQT.2018153T030631.v2.0.NDVI.tif
2018-06-03,5,"T47TLH,T47TMG,T47TMH,T47TNG,T47TNH",1,EPSG:32647,12,12,0.05998758325841919,0.01505689771373689,27788133,31081019,0.894054760559813,EPSG:32647:5files:27788133valid:12chunks,HLS-VI.S30.T47TLH.2018154T041701.v2.0.NDVI.tif|HLS-VI.S30.T47TMG.2018154T041701.v2.0.NDVI.tif|HLS-VI.S30.T47TMH.2018154T041701.v2.0.NDVI.tif|HLS-VI.S30.T47TNG.2018154T041701.v2.0.NDVI.tif|HLS-VI.S30.T47TNH.2018154T041701.v2.0.NDVI.tif
2018-06-04,15,"T48SWG,T48SWH,T48SWJ,T48TUK,T48TVK,T48TVL,T48TVM,T48TWK,T48TWL,T48TWM,T48TXK,T48TXL,T48TXM,T48TYM,T49TBG",2,"EPSG:32648,EPSG:32649",52,42,0.10313517835612286,0.06391311944439242,113083169,177351448,0.6376219099152773,EPSG:32648:14files:107415232valid:48chunks|EPSG:32649:1files:5667937valid:4chunks,HLS-VI.S30.T48SWG.2018155T034541.v2.0.NDVI.tif|HLS-VI.S30.T48SWH.2018155T034541.v2.0.NDVI.tif|HLS-VI.S30.T48SWJ.2018155T034541.v2.0.NDVI.tif|HLS-VI.S30.T48TUK.2018155T034541.v2.0.NDVI.tif|HLS-VI.S30.T48TVK.2018155T034541.v2.0.NDVI.tif|HLS-VI.S30.T48TVL.2018155T034541.v2.0.NDVI.tif|HLS-VI.S30.T48TVM.2018155T034541.v2.0.NDVI.tif|HLS-VI.S30.T48TWK.2018155T034541.v2.0.NDVI.tif|HLS-VI.S30.T48TWL.2018155T034541.v2.0.NDVI.tif|HLS-VI.S30.T48TWM.2018155T034541.v2.0.NDVI.tif|HLS-VI.S30.T48TXK.2018155T034541.v2.0.NDVI.tif|HLS-VI.S30.T48TXL.2018155T034541.v2.0.NDVI.tif|HLS-VI.S30.T48TXM.2018155T034541.v2.0.NDVI.tif|HLS-VI.S30.T48TYM.2018155T034541.v2.0.NDVI.tif|HLS-VI.S30.T49TBG.2018155T034541.v2.0.NDVI.tif
2018-06-05,1,T48TUL,1,EPSG:32648,4,1,0.07047231827139262,0.01246162145980974,368635,13395600,0.027519110752784497,EPSG:32648:1files:368635valid:4chunks,HLS-VI.S30.T48TUL.2018156T040659.v2.0.NDVI.tif
2018-06-07,1,T47TQH,1,EPSG:32647,1,1,0.06323648999618776,0.004722992577589418,5900,474969,0.012421863321606252,EPSG:32647:1files:5900valid:1chunks,HLS-VI.S30.T47TQH.2018158T035711.v2.0.NDVI.tif
2018-06-08,1,T47TNF,1,EPSG:32647,4,4,0.06380637289490804,0.014090631247548054,7836633,9010335,0.8697382505755891,EPSG:32647:1files:7836633valid:4chunks,HLS-VI.S30.T47TNF.2018159T041659.v2.0.NDVI.tif
2018-06-10,1,T49TEH,1,EPSG:32649,4,2,0.11891268373126533,0.013442923024689241,2042229,13382296,0.1526067724103547,EPSG:32649:1files:2042229valid:4chunks,HLS-VI.S30.T49TEH.2018161T031539.v2.0.NDVI.tif
2018-06-11,5,"T47TLH,T48TWK,T48TXN,T48TYN,T50TQP",3,"EPSG:32647,EPSG:32648,EPSG:32650",15,11,0.2332760036464135,0.1508006191457106,11684010,40760887,0.2866475893912711,EPSG:32647:1files:1035478valid:1chunks|EPSG:32648:3files:2108110valid:10chunks|EPSG:32650:1files:8540422valid:4chunks,HLS-VI.S30.T47TLH.2018162T042659.v2.0.NDVI.tif|HLS-VI.S30.T48TWK.2018162T033531.v2.0.NDVI.tif|HLS-VI.S30.T48TXN.2018162T033531.v2.0.NDVI.tif|HLS-VI.S30.T48TYN.2018162T033531.v2.0.NDVI.tif|HLS-VI.S30.T50TQP.2018162T024549.v2.0.NDVI.tif
2018-06-12,8,"T47SQD,T47TPE,T47TQE,T47TQF,T48STJ,T48SUH,T48TTK,T48TVL",2,"EPSG:32647,EPSG:32648",37,32,0.08125351461118471,0.01770667731305282,71946988,109825663,0.6551017861827066,EPSG:32647:4files:34781357valid:18chunks|EPSG:32648:4files:37165631valid:19chunks,HLS-VI.S30.T47SQD.2018163T035539.v2.0.NDVI.tif|HLS-VI.S30.T47TPE.2018163T035539.v2.0.NDVI.tif|HLS-VI.S30.T47TQE.2018163T035539.v2.0.NDVI.tif|HLS-VI.S30.T47TQF.2018163T035539.v2.0.NDVI.tif|HLS-VI.S30.T48STJ.2018163T035539.v2.0.NDVI.tif|HLS-VI.S30.T48SUH.2018163T035539.v2.0.NDVI.tif|HLS-VI.S30.T48TTK.2018163T035539.v2.0.NDVI.tif|HLS-VI.S30.T48TVL.2018163T035539.v2.0.NDVI.tif
2018-06-13,5,"T47TMH,T49SBB,T49SCB,T49SCC,T49SDC",2,"EPSG:32647,EPSG:32649",8,8,0.21135768270186456,0.1263948662580314,8266901,15617693,0.5293292037434723,EPSG:32647:1files:1930850valid:2chunks|EPSG:32649:4files:6336051valid:6chunks,HLS-VI.S30.T47TMH.2018164T041551.v2.0.NDVI.tif|HLS-VI.S30.T49SBB.2018164T032539.v2.0.NDVI.tif|HLS-VI.S30.T49SCB.2018164T032539.v2.0.NDVI.tif|HLS-VI.S30.T49SCC.2018164T032539.v2.0.NDVI.tif|HLS-VI.S30.T49SDC.2018164T032539.v2.0.NDVI.tif
2018-06-14,7,"T48SWJ,T48TXK,T48TXL,T48TXN,T48TYM,T48TYN,T49TBG",2,"EPSG:32648,EPSG:32649",30,25,0.13057794535409276,0.10926640478344093,47378254,93765036,0.5052870027160231,EPSG:32648:6files:41633692valid:26chunks|EPSG:32649:1files:5744562valid:4chunks,HLS-VI.S30.T48SWJ.2018165T034531.v2.0.NDVI.tif|HLS-VI.S30.T48TXK.2018165T034531.v2.0.NDVI.tif|HLS-VI.S30.T48TXL.2018165T034531.v2.0.NDVI.tif|HLS-VI.S30.T48TXN.2018165T034531.v2.0.NDVI.tif|HLS-VI.S30.T48TYM.2018165T034531.v2.0.NDVI.tif|HLS-VI.S30.T48TYN.2018165T034531.v2.0.NDVI.tif|HLS-VI.S30.T49TBG.2018165T034531.v2.0.NDVI.tif
2018-06-17,5,"T47TPE,T47TQE,T48TTK,T48TUL,T48TUM",2,"EPSG:32647,EPSG:32648",24,22,0.08301780703080147,0.020403088488072096,46375871,69618878,0.6661393049166923,EPSG:32647:2files:14604811valid:8chunks|EPSG:32648:3files:31771060valid:16chunks,HLS-VI.S30.T47TPE.2018168T035541.v2.0.NDVI.tif|HLS-VI.S30.T47TQE.2018168T035541.v2.0.NDVI.tif|HLS-VI.S30.T48TTK.2018168T035541.v2.0.NDVI.tif|HLS-VI.S30.T48TUL.2018168T035541.v2.0.NDVI.tif|HLS-VI.S30.T48TUM.2018168T035541.v2.0.NDVI.tif
2018-06-18,2,"T49TEJ,T49TFJ",1,EPSG:32649,8,8,0.11546405178166623,0.017668118562225183,18744217,18995828,0.9867544073361793,EPSG:32649:2files:18744217valid:8chunks,HLS-VI.S30.T49TEJ.2018169T032541.v2.0.NDVI.tif|HLS-VI.S30.T49TFJ.2018169T032541.v2.0.NDVI.tif
2018-06-19,1,T48TYN,1,EPSG:32648,2,1,0.07198539520206387,0.013251603888964552,591324,1451917,0.4072712145391231,EPSG:32648:1files:591324valid:2chunks,HLS-VI.S30.T48TYN.2018170T034539.v2.0.NDVI.tif
2018-06-20,5,"T47TNE,T47TNF,T47TPF,T49TEG,T49TFG",2,"EPSG:32647,EPSG:32649",18,17,0.11690144532299591,0.06793324315925357,39277964,50981765,0.7704316239345578,EPSG:32647:3files:22404292valid:10chunks|EPSG:32649:2files:16873672valid:8chunks,HLS-VI.S30.T47TNE.2018171T040541.v2.0.NDVI.tif|HLS-VI.S30.T47TNF.2018171T040541.v2.0.NDVI.tif|HLS-VI.S30.T47TPF.2018171T040541.v2.0.NDVI.tif|HLS-VI.S30.T49TEG.2018171T031729.v2.0.NDVI.tif|HLS-VI.S30.T49TFG.2018171T031729.v2.0.NDVI.tif
2018-06-21,13,"T48TWK,T50TQL,T50TQM,T50TQN,T51TTF,T51TTG,T51TUG,T51TUH,T51TVH,T51TVJ,T51TVL,T51TVM,T51TWN",3,"EPSG:32648,EPSG:32650,EPSG:32651",47,43,0.3893970854903487,0.14776314345435723,63709863,114001947,0.5588489028174229,EPSG:32648:1files:515418valid:4chunks|EPSG:32650:3files:13003128valid:7chunks|EPSG:32651:9files:50191317valid:36chunks,HLS-VI.S30.T48TWK.2018172T033541.v2.0.NDVI.tif|HLS-VI.S30.T50TQL.2018172T024549.v2.0.NDVI.tif|HLS-VI.S30.T50TQM.2018172T024549.v2.0.NDVI.tif|HLS-VI.S30.T50TQN.2018172T024549.v2.0.NDVI.tif|HLS-VI.S30.T51TTF.2018172T024549.v2.0.NDVI.tif|HLS-VI.S30.T51TTG.2018172T024549.v2.0.NDVI.tif|HLS-VI.S30.T51TUG.2018172T024549.v2.0.NDVI.tif|HLS-VI.S30.T51TUH.2018172T024549.v2.0.NDVI.tif|HLS-VI.S30.T51TVH.2018172T024549.v2.0.NDVI.tif|HLS-VI.S30.T51TVJ.2018172T024549.v2.0.NDVI.tif|HLS-VI.S30.T51TVL.2018172T024549.v2.0.NDVI.tif|HLS-VI.S30.T51TVM.2018172T024549.v2.0.NDVI.tif|HLS-VI.S30.T51TWN.2018172T024549.v2.0.NDVI.tif
2018-06-22,1,T50UPB,1,EPSG:32650,3,3,0.7086498126971484,0.1674314561841277,3503534,3504884,0.9996148232009961,EPSG:32650:1files:3503534valid:3chunks,HLS-VI.S30.T50UPB.2018173T030541.v2.0.NDVI.tif
2018-06-23,5,"T48SYH,T49SBC,T49TDH,T49TEE,T49TFE",2,"EPSG:32648,EPSG:32649",26,20,0.27227268596264564,0.15401227206298465,28857637,84405110,0.34189443032536776,EPSG:32648:1files:3082072valid:4chunks|EPSG:32649:4files:25775565valid:22chunks,HLS-VI.S30.T48SYH.2018174T032539.v2.0.NDVI.tif|HLS-VI.S30.T49SBC.2018174T032539.v2.0.NDVI.tif|HLS-VI.S30.T49TDH.2018174T032539.v2.0.NDVI.tif|HLS-VI.S30.T49TEE.2018174T032539.v2.0.NDVI.tif|HLS-VI.S30.T49TFE.2018174T032539.v2.0.NDVI.tif
2018-06-26,8,"T48TXK,T48TXM,T48TXN,T48TYK,T48TYM,T48TYN,T49TBE,T49TBG",2,"EPSG:32648,EPSG:32649",34,34,0.1332453953301936,0.08428114190504708,70494958,100796926,0.699376070258333,EPSG:32648:6files:43866762valid:24chunks|EPSG:32649:2files:26628196valid:10chunks,HLS-VI.S30.T48TXK.2018177T033539.v2.0.NDVI.tif|HLS-VI.S30.T48TXM.2018177T033539.v2.0.NDVI.tif|HLS-VI.S30.T48TXN.2018177T033539.v2.0.NDVI.tif|HLS-VI.S30.T48TYK.2018177T033539.v2.0.NDVI.tif|HLS-VI.S30.T48TYM.2018177T033539.v2.0.NDVI.tif|HLS-VI.S30.T48TYN.2018177T033539.v2.0.NDVI.tif|HLS-VI.S30.T49TBE.2018177T033539.v2.0.NDVI.tif|HLS-VI.S30.T49TBG.2018177T033539.v2.0.NDVI.tif
2018-06-28,8,"T48SYG,T49SBB,T49SCB,T49TBE,T49TCE,T51TWM,T51TWN,T51UWP",3,"EPSG:32648,EPSG:32649,EPSG:32651",20,12,0.28242510439436364,0.17055150687745751,13792401,47384372,0.2910748927937675,EPSG:32648:1files:250319valid:2chunks|EPSG:32649:4files:12851379valid:13chunks|EPSG:32651:3files:690703valid:5chunks,HLS-VI.S30.T48SYG.2018179T032541.v2.0.NDVI.tif|HLS-VI.S30.T49SBB.2018179T032541.v2.0.NDVI.tif|HLS-VI.S30.T49SCB.2018179T032541.v2.0.NDVI.tif|HLS-VI.S30.T49TBE.2018179T032541.v2.0.NDVI.tif|HLS-VI.S30.T49TCE.2018179T032541.v2.0.NDVI.tif|HLS-VI.S30.T51TWM.2018179T023549.v2.0.NDVI.tif|HLS-VI.S30.T51TWN.2018179T023549.v2.0.NDVI.tif|HLS-VI.S30.T51UWP.2018179T023549.v2.0.NDVI.tif
2018-06-30,3,"T49TFJ,T50TMS,T50TNR",2,"EPSG:32649,EPSG:32650",15,8,0.1619292675123243,0.09161078530243894,14603924,38509947,0.37922472342015945,EPSG:32649:1files:11560800valid:4chunks|EPSG:32650:2files:3043124valid:11chunks,HLS-VI.S30.T49TFJ.2018181T031539.v2.0.NDVI.tif|HLS-VI.S30.T50TMS.2018181T031539.v2.0.NDVI.tif|HLS-VI.S30.T50TNR.2018181T031539.v2.0.NDVI.tif
2018-07-01,8,"T50TQP,T50TQQ,T51TUH,T51TUJ,T51TUK,T51TVJ,T51TVK,T51TWJ",2,"EPSG:32650,EPSG:32651",28,28,0.44138327210143796,0.16253177683864437,71012078,89156227,0.7964903898411941,EPSG:32650:2files:14193788valid:8chunks|EPSG:32651:6files:56818290valid:20chunks,HLS-VI.S30.T50TQP.2018182T024549.v2.0.NDVI.tif|HLS-VI.S30.T50TQQ.2018182T024549.v2.0.NDVI.tif|HLS-VI.S30.T51TUH.2018182T024549.v2.0.NDVI.tif|HLS-VI.S30.T51TUJ.2018182T024549.v2.0.NDVI.tif|HLS-VI.S30.T51TUK.2018182T024549.v2.0.NDVI.tif|HLS-VI.S30.T51TVJ.2018182T024549.v2.0.NDVI.tif|HLS-VI.S30.T51TVK.2018182T024549.v2.0.NDVI.tif|HLS-VI.S30.T51TWJ.2018182T024549.v2.0.NDVI.tif
2018-07-02,2,"T48TUM,T48TWL",1,EPSG:32648,13,7,0.059021733992518165,0.013225349225449762,7527306,27719323,0.2715544676181305,EPSG:32648:2files:7527306valid:13chunks,HLS-VI.S30.T48TUM.2018183T035539.v2.0.NDVI.tif|HLS-VI.S30.T48TWL.2018183T035539.v2.0.NDVI.tif
2018-07-03,1,T49TFH,1,EPSG:32649,4,4,0.12449297207450903,0.027754332102360932,10952547,13395600,0.8176227268655379,EPSG:32649:1files:10952547valid:4chunks,HLS-VI.S30.T49TFH.2018184T032539.v2.0.NDVI.tif
2018-07-08,14,"T47TLH,T47TMH,T47TNG,T47TNH,T47TPH,T49TCH,T49TDG,T49TDH,T49TDJ,T49TEH,T49TEJ,T49TEK,T49TFH,T49TFJ",2,"EPSG:32647,EPSG:32649",42,39,0.11599091577388689,0.049294828623694185,81641786,121282708,0.6731527300660206,EPSG:32647:5files:17177967valid:10chunks|EPSG:32649:9files:64463819valid:32chunks,HLS-VI.S30.T47TLH.2018189T041549.v2.0.NDVI.tif|HLS-VI.S30.T47TMH.2018189T041549.v2.0.NDVI.tif|HLS-VI.S30.T47TNG.2018189T041549.v2.0.NDVI.tif|HLS-VI.S30.T47TNH.2018189T041549.v2.0.NDVI.tif|HLS-VI.S30.T47TPH.2018189T041549.v2.0.NDVI.tif|HLS-VI.S30.T49TCH.2018189T032541.v2.0.NDVI.tif|HLS-VI.S30.T49TDG.2018189T032541.v2.0.NDVI.tif|HLS-VI.S30.T49TDH.2018189T032541.v2.0.NDVI.tif|HLS-VI.S30.T49TDJ.2018189T032541.v2.0.NDVI.tif|HLS-VI.S30.T49TEH.2018189T032541.v2.0.NDVI.tif|HLS-VI.S30.T49TEJ.2018189T032541.v2.0.NDVI.tif|HLS-VI.S30.T49TEK.2018189T032541.v2.0.NDVI.tif|HLS-VI.S30.T49TFH.2018189T032541.v2.0.NDVI.tif|HLS-VI.S30.T49TFJ.2018189T032541.v2.0.NDVI.tif
2018-07-09,8,"T48SUH,T48SVH,T48TVK,T48TVL,T50TNQ,T50TNR,T50TNS,T50TPQ",2,"EPSG:32648,EPSG:32650",40,34,0.2505872875277118,0.23329219261922715,58002979,108120011,0.5364684896304718,EPSG:32648:4files:36633573valid:22chunks|EPSG:32650:4files:21369406valid:18chunks,HLS-VI.S30.T48SUH.2018190T034539.v2.0.NDVI.tif|HLS-VI.S30.T48SVH.2018190T034539.v2.0.NDVI.tif|HLS-VI.S30.T48TVK.2018190T034539.v2.0.NDVI.tif|HLS-VI.S30.T48TVL.2018190T034539.v2.0.NDVI.tif|HLS-VI.S30.T50TNQ.2018190T025551.v2.0.NDVI.tif|HLS-VI.S30.T50TNR.2018190T025551.v2.0.NDVI.tif|HLS-VI.S30.T50TNS.2018190T025551.v2.0.NDVI.tif|HLS-VI.S30.T50TPQ.2018190T025551.v2.0.NDVI.tif
2018-07-10,1,T49TGJ,1,EPSG:32649,4,4,0.22087281393848707,0.07878217394151624,13277716,13395600,0.9911997969482517,EPSG:32649:1files:13277716valid:4chunks,HLS-VI.S30.T49TGJ.2018191T031539.v2.0.NDVI.tif
2018-07-12,9,"T47SQD,T48STJ,T48SUH,T48SUJ,T48SVG,T48SVH,T48SVJ,T50TMS,T50TMT",3,"EPSG:32647,EPSG:32648,EPSG:32650",31,24,0.11450012059573636,0.0866950768406617,35219253,55548706,0.6340247241762932,EPSG:32647:1files:10339180valid:4chunks|EPSG:32648:6files:21950672valid:21chunks|EPSG:32650:2files:2929401valid:6chunks,HLS-VI.S30.T47SQD.2018193T035539.v2.0.NDVI.tif|HLS-VI.S30.T48STJ.2018193T035539.v2.0.NDVI.tif|HLS-VI.S30.T48SUH.2018193T035539.v2.0.NDVI.tif|HLS-VI.S30.T48SUJ.2018193T035539.v2.0.NDVI.tif|HLS-VI.S30.T48SVG.2018193T035539.v2.0.NDVI.tif|HLS-VI.S30.T48SVH.2018193T035539.v2.0.NDVI.tif|HLS-VI.S30.T48SVJ.2018193T035539.v2.0.NDVI.tif|HLS-VI.S30.T50TMS.2018193T030541.v2.0.NDVI.tif|HLS-VI.S30.T50TMT.2018193T030541.v2.0.NDVI.tif
2018-07-13,9,"T47TMG,T49TEJ,T49TEK,T49TEL,T49TFJ,T49TFK,T49TGJ,T49TGK,T49TGL",2,"EPSG:32647,EPSG:32649",35,25,0.14111140405481878,0.07140107234051887,49519515,70121469,0.7061962007669862,EPSG:32647:1files:13391925valid:4chunks|EPSG:32649:8files:36127590valid:31chunks,HLS-VI.S30.T47TMG.2018194T041551.v2.0.NDVI.tif|HLS-VI.S30.T49TEJ.2018194T032539.v2.0.NDVI.tif|HLS-VI.S30.T49TEK.2018194T032539.v2.0.NDVI.tif|HLS-VI.S30.T49TEL.2018194T032539.v2.0.NDVI.tif|HLS-VI.S30.T49TFJ.2018194T032539.v2.0.NDVI.tif|HLS-VI.S30.T49TFK.2018194T032539.v2.0.NDVI.tif|HLS-VI.S30.T49TGJ.2018194T032539.v2.0.NDVI.tif|HLS-VI.S30.T49TGK.2018194T032539.v2.0.NDVI.tif|HLS-VI.S30.T49TGL.2018194T032539.v2.0.NDVI.tif
2018-07-14,1,T50TNQ,1,EPSG:32650,4,4,0.4916959947702459,0.16052867297849605,6040648,13395600,0.45094269760219774,EPSG:32650:1files:6040648valid:4chunks,HLS-VI.S30.T50TNQ.2018195T025539.v2.0.NDVI.tif
2018-07-15,12,"T47TNF,T47TNG,T47TPE,T47TPG,T47TQE,T47TQF,T47TQG,T48TTK,T48TTL,T48TTM,T48TUL,T48TUM",2,"EPSG:32647,EPSG:32648",51,42,0.07251005961634009,0.04317246848218326,100171218,141970145,0.7055794582727235,EPSG:32647:7files:70840549valid:32chunks|EPSG:32648:5files:29330669valid:19chunks,HLS-VI.S30.T47TNF.2018196T040539.v2.0.NDVI.tif|HLS-VI.S30.T47TNG.2018196T040539.v2.0.NDVI.tif|HLS-VI.S30.T47TPE.2018196T040539.v2.0.NDVI.tif|HLS-VI.S30.T47TPG.2018196T040539.v2.0.NDVI.tif|HLS-VI.S30.T47TQE.2018196T040539.v2.0.NDVI.tif|HLS-VI.S30.T47TQF.2018196T040539.v2.0.NDVI.tif|HLS-VI.S30.T47TQG.2018196T040539.v2.0.NDVI.tif|HLS-VI.S30.T48TTK.2018196T040539.v2.0.NDVI.tif|HLS-VI.S30.T48TTL.2018196T040539.v2.0.NDVI.tif|HLS-VI.S30.T48TTM.2018196T040539.v2.0.NDVI.tif|HLS-VI.S30.T48TUL.2018196T040539.v2.0.NDVI.tif|HLS-VI.S30.T48TUM.2018196T040539.v2.0.NDVI.tif
2018-07-16,1,T47TMH,1,EPSG:32647,2,1,0.06166084613084973,0.015190878009492885,521052,1938990,0.2687234075472282,EPSG:32647:1files:521052valid:2chunks,HLS-VI.S30.T47TMH.2018197T042711.v2.0.NDVI.tif
2018-07-17,9,"T47SPD,T47SQD,T47TPE,T47TQE,T48STJ,T48SUH,T48SUJ,T48TTK,T48TVK",2,"EPSG:32647,EPSG:32648",37,32,0.0875960909351863,0.025248939541036637,64738842,92277207,0.7015691534747037,EPSG:32647:4files:25997939valid:15chunks|EPSG:32648:5files:38740903valid:22chunks,HLS-VI.S30.T47SPD.2018198T035541.v2.0.NDVI.tif|HLS-VI.S30.T47SQD.2018198T035541.v2.0.NDVI.tif|HLS-VI.S30.T47TPE.2018198T035541.v2.0.NDVI.tif|HLS-VI.S30.T47TQE.2018198T035541.v2.0.NDVI.tif|HLS-VI.S30.T48STJ.2018198T035541.v2.0.NDVI.tif|HLS-VI.S30.T48SUH.2018198T035541.v2.0.NDVI.tif|HLS-VI.S30.T48SUJ.2018198T035541.v2.0.NDVI.tif|HLS-VI.S30.T48TTK.2018198T035541.v2.0.NDVI.tif|HLS-VI.S30.T48TVK.2018198T035541.v2.0.NDVI.tif
2018-07-18,1,T49TDG,1,EPSG:32649,4,4,0.19251654701407606,0.08585035158969986,13273196,13395600,0.9908623727194004,EPSG:32649:1files:13273196valid:4chunks,HLS-VI.S30.T49TDG.2018199T032711.v2.0.NDVI.tif
2018-07-19,8,"T48SVH,T48TVL,T48TVM,T48TWM,T50TQQ,T50TQS,T51TUJ,T51TUM",3,"EPSG:32648,EPSG:32650,EPSG:32651",36,35,0.4488195682177488,0.3143106770544662,76953197,110829922,0.6943359303275518,EPSG:32648:4files:30381420valid:16chunks|EPSG:32650:2files:26166194valid:10chunks|EPSG:32651:2files:20405583valid:10chunks,HLS-VI.S30.T48SVH.2018200T034529.v2.0.NDVI.tif|HLS-VI.S30.T48TVL.2018200T034529.v2.0.NDVI.tif|HLS-VI.S30.T48TVM.2018200T034529.v2.0.NDVI.tif|HLS-VI.S30.T48TWM.2018200T034529.v2.0.NDVI.tif|HLS-VI.S30.T50TQQ.2018200T025551.v2.0.NDVI.tif|HLS-VI.S30.T50TQS.2018200T025551.v2.0.NDVI.tif|HLS-VI.S30.T51TUJ.2018200T025551.v2.0.NDVI.tif|HLS-VI.S30.T51TUM.2018200T025551.v2.0.NDVI.tif
2018-07-20,6,"T47TMF,T47TNG,T47TPE,T47TPF,T47TQG,T48TTM",2,"EPSG:32647,EPSG:32648",33,30,0.06992521329469324,0.03592250544307636,57334289,105295787,0.5445069611379608,EPSG:32647:5files:46408240valid:29chunks|EPSG:32648:1files:10926049valid:4chunks,HLS-VI.S30.T47TMF.2018201T040541.v2.0.NDVI.tif|HLS-VI.S30.T47TNG.2018201T040541.v2.0.NDVI.tif|HLS-VI.S30.T47TPE.2018201T040541.v2.0.NDVI.tif|HLS-VI.S30.T47TPF.2018201T040541.v2.0.NDVI.tif|HLS-VI.S30.T47TQG.2018201T040541.v2.0.NDVI.tif|HLS-VI.S30.T48TTM.2018201T040541.v2.0.NDVI.tif
2018-07-21,9,"T47TLF,T47TLG,T47TLH,T47TMG,T47TMH,T48TXK,T48TYK,T49TDG,T49TDH",3,"EPSG:32647,EPSG:32648,EPSG:32649",26,18,0.18583909271954388,0.14549985304795626,40401858,69537588,0.5810074689389572,EPSG:32647:5files:5555180valid:10chunks|EPSG:32648:2files:24491659valid:8chunks|EPSG:32649:2files:10355019valid:8chunks,HLS-VI.S30.T47TLF.2018202T042659.v2.0.NDVI.tif|HLS-VI.S30.T47TLG.2018202T042659.v2.0.NDVI.tif|HLS-VI.S30.T47TLH.2018202T042659.v2.0.NDVI.tif|HLS-VI.S30.T47TMG.2018202T042659.v2.0.NDVI.tif|HLS-VI.S30.T47TMH.2018202T042659.v2.0.NDVI.tif|HLS-VI.S30.T48TXK.2018202T033541.v2.0.NDVI.tif|HLS-VI.S30.T48TYK.2018202T033541.v2.0.NDVI.tif|HLS-VI.S30.T49TDG.2018202T033541.v2.0.NDVI.tif|HLS-VI.S30.T49TDH.2018202T033541.v2.0.NDVI.tif
2018-07-22,9,"T49TGH,T50TLR,T50TMS,T50TMT,T50TNS,T50TNT,T50TPS,T50TPT,T50TQT",2,"EPSG:32649,EPSG:32650",31,23,0.5875555254784328,0.20226516045058665,30550976,70686941,0.4322011331626304,EPSG:32649:1files:1551812valid:4chunks|EPSG:32650:8files:28999164valid:27chunks,HLS-VI.S30.T49TGH.2018203T030541.v2.0.NDVI.tif|HLS-VI.S30.T50TLR.2018203T030541.v2.0.NDVI.tif|HLS-VI.S30.T50TMS.2018203T030541.v2.0.NDVI.tif|HLS-VI.S30.T50TMT.2018203T030541.v2.0.NDVI.tif|HLS-VI.S30.T50TNS.2018203T030541.v2.0.NDVI.tif|HLS-VI.S30.T50TNT.2018203T030541.v2.0.NDVI.tif|HLS-VI.S30.T50TPS.2018203T030541.v2.0.NDVI.tif|HLS-VI.S30.T50TPT.2018203T030541.v2.0.NDVI.tif|HLS-VI.S30.T50TQT.2018203T030541.v2.0.NDVI.tif
2018-07-23,9,"T47TLF,T47TLG,T47TLH,T47TMF,T47TMG,T47TNH,T51TWN,T51UWP,T51UWQ",2,"EPSG:32647,EPSG:32651",23,18,0.1039266921253319,0.1554545891733647,31927062,59391022,0.5375738777487278,EPSG:32647:6files:30542381valid:14chunks|EPSG:32651:3files:1384681valid:9chunks,HLS-VI.S30.T47TLF.2018204T041551.v2.0.NDVI.tif|HLS-VI.S30.T47TLG.2018204T041551.v2.0.NDVI.tif|HLS-VI.S30.T47TLH.2018204T041551.v2.0.NDVI.tif|HLS-VI.S30.T47TMF.2018204T041551.v2.0.NDVI.tif|HLS-VI.S30.T47TMG.2018204T041551.v2.0.NDVI.tif|HLS-VI.S30.T47TNH.2018204T041551.v2.0.NDVI.tif|HLS-VI.S30.T51TWN.2018204T023551.v2.0.NDVI.tif|HLS-VI.S30.T51UWP.2018204T023551.v2.0.NDVI.tif|HLS-VI.S30.T51UWQ.2018204T023551.v2.0.NDVI.tif
2018-07-24,8,"T48SUH,T48SVH,T48SVJ,T48TVK,T48TVL,T48TVM,T48TWK,T48TWL",1,EPSG:32648,35,32,0.09643070642432205,0.03472197056116835,70488510,100527411,0.7011869628274819,EPSG:32648:8files:70488510valid:35chunks,HLS-VI.S30.T48SUH.2018205T034541.v2.0.NDVI.tif|HLS-VI.S30.T48SVH.2018205T034541.v2.0.NDVI.tif|HLS-VI.S30.T48SVJ.2018205T034541.v2.0.NDVI.tif|HLS-VI.S30.T48TVK.2018205T034541.v2.0.NDVI.tif|HLS-VI.S30.T48TVL.2018205T034541.v2.0.NDVI.tif|HLS-VI.S30.T48TVM.2018205T034541.v2.0.NDVI.tif|HLS-VI.S30.T48TWK.2018205T034541.v2.0.NDVI.tif|HLS-VI.S30.T48TWL.2018205T034541.v2.0.NDVI.tif
2018-07-25,6,"T47SQD,T47TQE,T47TQH,T48STJ,T48TTL,T48TUM",2,"EPSG:32647,EPSG:32648",25,20,0.07802617006926531,0.021651060362316378,31382757,81610460,0.38454331711890855,EPSG:32647:3files:14537987valid:9chunks|EPSG:32648:3files:16844770valid:16chunks,HLS-VI.S30.T47SQD.2018206T040539.v2.0.NDVI.tif|HLS-VI.S30.T47TQE.2018206T040539.v2.0.NDVI.tif|HLS-VI.S30.T47TQH.2018206T040539.v2.0.NDVI.tif|HLS-VI.S30.T48STJ.2018206T040539.v2.0.NDVI.tif|HLS-VI.S30.T48TTL.2018206T040539.v2.0.NDVI.tif|HLS-VI.S30.T48TUM.2018206T040539.v2.0.NDVI.tif
2018-07-26,3,"T49TCF,T49TDF,T51UXT",2,"EPSG:32649,EPSG:32651",10,8,0.42001267038860796,0.26617544884403743,17580887,27659855,0.6356102372915549,EPSG:32649:2files:15513448valid:8chunks|EPSG:32651:1files:2067439valid:2chunks,HLS-VI.S30.T49TCF.2018207T033529.v2.0.NDVI.tif|HLS-VI.S30.T49TDF.2018207T033529.v2.0.NDVI.tif|HLS-VI.S30.T51UXT.2018207T024551.v2.0.NDVI.tif
2018-07-29,1,T50TQP,1,EPSG:32650,4,4,0.5408059281573486,0.201094814981388,13326363,13395600,0.9948313625369525,EPSG:32650:1files:13326363valid:4chunks,HLS-VI.S30.T50TQP.2018210T025551.v2.0.NDVI.tif
2018-07-30,2,"T49TEH,T49TFJ",1,EPSG:32649,11,8,0.26745072218593513,0.10209623894199024,13606342,33746658,0.403190798922963,EPSG:32649:2files:13606342valid:11chunks,HLS-VI.S30.T49TEH.2018211T031539.v2.0.NDVI.tif|HLS-VI.S30.T49TFJ.2018211T031539.v2.0.NDVI.tif
2018-08-01,3,"T47TPE,T49TGH,T50TLM",3,"EPSG:32647,EPSG:32649,EPSG:32650",12,8,0.40463444637233403,0.22574467786076655,11128204,33072025,0.33648390142423995,EPSG:32647:1files:2541359valid:4chunks|EPSG:32649:1files:1569252valid:4chunks|EPSG:32650:1files:7017593valid:4chunks,HLS-VI.S30.T47TPE.2018213T035709.v2.0.NDVI.tif|HLS-VI.S30.T49TGH.2018213T030541.v2.0.NDVI.tif|HLS-VI.S30.T50TLM.2018213T030541.v2.0.NDVI.tif
2018-08-02,2,"T51TVH,T51TWH",1,EPSG:32651,5,5,0.6459854966132429,0.15542054646412848,6334275,9596174,0.6600833832316921,EPSG:32651:2files:6334275valid:5chunks,HLS-VI.S30.T51TVH.2018214T023551.v2.0.NDVI.tif|HLS-VI.S30.T51TWH.2018214T023551.v2.0.NDVI.tif
2018-08-03,12,"T50TPN,T50TQL,T50TQM,T50TQN,T50TQP,T51TTF,T51TTG,T51TUG,T51TUH,T51TUJ,T51TUK,T51TVL",2,"EPSG:32650,EPSG:32651",43,37,0.5581002101151195,0.20161781864622144,64278482,129202733,0.4975009468259468,EPSG:32650:5files:39465018valid:18chunks|EPSG:32651:7files:24813464valid:25chunks,HLS-VI.S30.T50TPN.2018215T025539.v2.0.NDVI.tif|HLS-VI.S30.T50TQL.2018215T025539.v2.0.NDVI.tif|HLS-VI.S30.T50TQM.2018215T025539.v2.0.NDVI.tif|HLS-VI.S30.T50TQN.2018215T025539.v2.0.NDVI.tif|HLS-VI.S30.T50TQP.2018215T025539.v2.0.NDVI.tif|HLS-VI.S30.T51TTF.2018215T025539.v2.0.NDVI.tif|HLS-VI.S30.T51TTG.2018215T025539.v2.0.NDVI.tif|HLS-VI.S30.T51TUG.2018215T025539.v2.0.NDVI.tif|HLS-VI.S30.T51TUH.2018215T025539.v2.0.NDVI.tif|HLS-VI.S30.T51TUJ.2018215T025539.v2.0.NDVI.tif|HLS-VI.S30.T51TUK.2018215T025539.v2.0.NDVI.tif|HLS-VI.S30.T51TVL.2018215T025539.v2.0.NDVI.tif
2018-08-05,4,"T47TLH,T48SXJ,T48TYK,T49TBE",3,"EPSG:32647,EPSG:32648,EPSG:32649",16,16,0.24195918251043316,0.13061448355818034,35940281,45778966,0.7850828478738467,EPSG:32647:1files:1054903valid:1chunks|EPSG:32648:2files:21610474valid:11chunks|EPSG:32649:1files:13274904valid:4chunks,HLS-VI.S30.T47TLH.2018217T042701.v2.0.NDVI.tif|HLS-VI.S30.T48SXJ.2018217T033529.v2.0.NDVI.tif|HLS-VI.S30.T48TYK.2018217T033529.v2.0.NDVI.tif|HLS-VI.S30.T49TBE.2018217T033529.v2.0.NDVI.tif
2018-08-07,3,"T47TNH,T47TPG,T47TPH",1,EPSG:32647,10,5,0.054303410253415736,0.01128606745868641,2514235,21375916,0.1176199887761535,EPSG:32647:3files:2514235valid:10chunks,HLS-VI.S30.T47TNH.2018219T041549.v2.0.NDVI.tif|HLS-VI.S30.T47TPG.2018219T041549.v2.0.NDVI.tif|HLS-VI.S30.T47TPH.2018219T041549.v2.0.NDVI.tif
2018-08-08,8,"T48TUK,T48TVK,T48TVL,T48TWL,T48TWM,T48TXN,T48TYK,T48TYN",1,EPSG:32648,37,25,0.09744188793519215,0.037094841657124906,42157306,118460149,0.35587753650385834,EPSG:32648:8files:42157306valid:37chunks,HLS-VI.S30.T48TUK.2018220T034529.v2.0.NDVI.tif|HLS-VI.S30.T48TVK.2018220T034529.v2.0.NDVI.tif|HLS-VI.S30.T48TVL.2018220T034529.v2.0.NDVI.tif|HLS-VI.S30.T48TWL.2018220T034529.v2.0.NDVI.tif|HLS-VI.S30.T48TWM.2018220T034529.v2.0.NDVI.tif|HLS-VI.S30.T48TXN.2018220T034529.v2.0.NDVI.tif|HLS-VI.S30.T48TYK.2018220T034529.v2.0.NDVI.tif|HLS-VI.S30.T48TYN.2018220T034529.v2.0.NDVI.tif
2018-08-09,1,T47TQH,1,EPSG:32647,1,1,0.07114759097997449,0.012360418980008865,474402,474969,0.998806237880788,EPSG:32647:1files:474402valid:1chunks,HLS-VI.S30.T47TQH.2018221T040541.v2.0.NDVI.tif
2018-08-10,10,"T50TQN,T50TQP,T50TQQ,T51TUH,T51TUJ,T51TUK,T51TVH,T51TVJ,T51TVL,T51TWJ",2,"EPSG:32650,EPSG:32651",36,36,0.6274613221666058,0.19262329511484266,86306507,111753113,0.7722962222985233,EPSG:32650:3files:23981581valid:12chunks|EPSG:32651:7files:62324926valid:24chunks,HLS-VI.S30.T50TQN.2018222T024539.v2.0.NDVI.tif|HLS-VI.S30.T50TQP.2018222T024539.v2.0.NDVI.tif|HLS-VI.S30.T50TQQ.2018222T024539.v2.0.NDVI.tif|HLS-VI.S30.T51TUH.2018222T024539.v2.0.NDVI.tif|HLS-VI.S30.T51TUJ.2018222T024539.v2.0.NDVI.tif|HLS-VI.S30.T51TUK.2018222T024539.v2.0.NDVI.tif|HLS-VI.S30.T51TVH.2018222T024539.v2.0.NDVI.tif|HLS-VI.S30.T51TVJ.2018222T024539.v2.0.NDVI.tif|HLS-VI.S30.T51TVL.2018222T024539.v2.0.NDVI.tif|HLS-VI.S30.T51TWJ.2018222T024539.v2.0.NDVI.tif
2018-08-13,6,"T48TVM,T48TWM,T48TXN,T48TYN,T50UQE,T51UUV",3,"EPSG:32648,EPSG:32650,EPSG:32651",16,12,0.24696445119814903,0.28189565204439665,10928016,19519439,0.5598529752827425,EPSG:32648:4files:8584643valid:12chunks|EPSG:32650:1files:1343121valid:2chunks|EPSG:32651:1files:1000252valid:2chunks,HLS-VI.S30.T48TVM.2018225T034531.v2.0.NDVI.tif|HLS-VI.S30.T48TWM.2018225T034531.v2.0.NDVI.tif|HLS-VI.S30.T48TXN.2018225T034531.v2.0.NDVI.tif|HLS-VI.S30.T48TYN.2018225T034531.v2.0.NDVI.tif|HLS-VI.S30.T50UQE.2018225T025539.v2.0.NDVI.tif|HLS-VI.S30.T51UUV.2018225T025539.v2.0.NDVI.tif
2018-08-16,1,T47TQH,1,EPSG:32647,1,1,0.07189981485313109,0.005974822049351048,12544,474969,0.02641014466207268,EPSG:32647:1files:12544valid:1chunks,HLS-VI.S30.T47TQH.2018228T035541.v2.0.NDVI.tif
2018-08-17,13,"T47TLF,T47TLG,T47TLH,T47TME,T47TMG,T47TMH,T47TNF,T47TNG,T47TNH,T47TPG,T47TPH,T49TEJ,T49TEK",2,"EPSG:32647,EPSG:32649",32,27,0.11503888757128856,0.10232280503243027,53583190,80152907,0.6685121227106585,EPSG:32647:11files:41032238valid:24chunks|EPSG:32649:2files:12550952valid:8chunks,HLS-VI.S30.T47TLF.2018229T041539.v2.0.NDVI.tif|HLS-VI.S30.T47TLG.2018229T041539.v2.0.NDVI.tif|HLS-VI.S30.T47TLH.2018229T041539.v2.0.NDVI.tif|HLS-VI.S30.T47TME.2018229T041539.v2.0.NDVI.tif|HLS-VI.S30.T47TMG.2018229T041539.v2.0.NDVI.tif|HLS-VI.S30.T47TMH.2018229T041539.v2.0.NDVI.tif|HLS-VI.S30.T47TNF.2018229T041539.v2.0.NDVI.tif|HLS-VI.S30.T47TNG.2018229T041539.v2.0.NDVI.tif|HLS-VI.S30.T47TNH.2018229T041539.v2.0.NDVI.tif|HLS-VI.S30.T47TPG.2018229T041539.v2.0.NDVI.tif|HLS-VI.S30.T47TPH.2018229T041539.v2.0.NDVI.tif|HLS-VI.S30.T49TEJ.2018229T032541.v2.0.NDVI.tif|HLS-VI.S30.T49TEK.2018229T032541.v2.0.NDVI.tif
2018-08-18,13,"T48TVL,T48TVM,T48TWK,T48TWM,T48TXL,T48TXM,T48TYL,T48TYM,T48TYN,T49TBF,T49TBG,T50TNP,T50TNQ",3,"EPSG:32648,EPSG:32649,EPSG:32650",51,43,0.2518005584639239,0.24138367040923478,80893970,164201444,0.49265078326594985,EPSG:32648:9files:59366316valid:35chunks|EPSG:32649:2files:7273528valid:8chunks|EPSG:32650:2files:14254126valid:8chunks,HLS-VI.S30.T48TVL.2018230T034529.v2.0.NDVI.tif|HLS-VI.S30.T48TVM.2018230T034529.v2.0.NDVI.tif|HLS-VI.S30.T48TWK.2018230T034529.v2.0.NDVI.tif|HLS-VI.S30.T48TWM.2018230T034529.v2.0.NDVI.tif|HLS-VI.S30.T48TXL.2018230T034529.v2.0.NDVI.tif|HLS-VI.S30.T48TXM.2018230T034529.v2.0.NDVI.tif|HLS-VI.S30.T48TYL.2018230T034529.v2.0.NDVI.tif|HLS-VI.S30.T48TYM.2018230T034529.v2.0.NDVI.tif|HLS-VI.S30.T48TYN.2018230T034529.v2.0.NDVI.tif|HLS-VI.S30.T49TBF.2018230T034529.v2.0.NDVI.tif|HLS-VI.S30.T49TBG.2018230T034529.v2.0.NDVI.tif|HLS-VI.S30.T50TNP.2018230T025541.v2.0.NDVI.tif|HLS-VI.S30.T50TNQ.2018230T025541.v2.0.NDVI.tif
2018-08-19,13,"T47TQH,T49TEG,T49TEH,T49TFG,T49TFH,T49TFK,T49TGH,T49TGJ,T49TGK,T49TGL,T50TLR,T50TMR,T50TNS",3,"EPSG:32647,EPSG:32649,EPSG:32650",59,47,0.3841989717080763,0.13872277131362926,87534133,149860406,0.5841044698624398,EPSG:32647:1files:474969valid:1chunks|EPSG:32649:9files:72133533valid:43chunks|EPSG:32650:3files:14925631valid:15chunks,HLS-VI.S30.T47TQH.2018231T040541.v2.0.NDVI.tif|HLS-VI.S30.T49TEG.2018231T031529.v2.0.NDVI.tif|HLS-VI.S30.T49TEH.2018231T031529.v2.0.NDVI.tif|HLS-VI.S30.T49TFG.2018231T031529.v2.0.NDVI.tif|HLS-VI.S30.T49TFH.2018231T031529.v2.0.NDVI.tif|HLS-VI.S30.T49TFK.2018231T031529.v2.0.NDVI.tif|HLS-VI.S30.T49TGH.2018231T031529.v2.0.NDVI.tif|HLS-VI.S30.T49TGJ.2018231T031529.v2.0.NDVI.tif|HLS-VI.S30.T49TGK.2018231T031529.v2.0.NDVI.tif|HLS-VI.S30.T49TGL.2018231T031529.v2.0.NDVI.tif|HLS-VI.S30.T50TLR.2018231T031529.v2.0.NDVI.tif|HLS-VI.S30.T50TMR.2018231T031529.v2.0.NDVI.tif|HLS-VI.S30.T50TNS.2018231T031529.v2.0.NDVI.tif
2018-08-20,3,"T48TYM,T49TBG,T49TCG",2,"EPSG:32648,EPSG:32649",12,12,0.25394354958190907,0.10554225616022528,38800701,38901993,0.997396225946573,EPSG:32648:1files:13289901valid:4chunks|EPSG:32649:2files:25510800valid:8chunks,HLS-VI.S30.T48TYM.2018232T033531.v2.0.NDVI.tif|HLS-VI.S30.T49TBG.2018232T033531.v2.0.NDVI.tif|HLS-VI.S30.T49TCG.2018232T033531.v2.0.NDVI.tif
2018-08-22,6,"T47TLF,T47TLH,T47TMG,T47TMH,T47TNG,T51TWM",2,"EPSG:32647,EPSG:32651",15,14,0.06976186727989922,0.043714699066790874,29088864,42989494,0.6766505323370403,EPSG:32647:5files:28986080valid:13chunks|EPSG:32651:1files:102784valid:2chunks,HLS-VI.S30.T47TLF.2018234T041551.v2.0.NDVI.tif|HLS-VI.S30.T47TLH.2018234T041551.v2.0.NDVI.tif|HLS-VI.S30.T47TMG.2018234T041551.v2.0.NDVI.tif|HLS-VI.S30.T47TMH.2018234T041551.v2.0.NDVI.tif|HLS-VI.S30.T47TNG.2018234T041551.v2.0.NDVI.tif|HLS-VI.S30.T51TWM.2018234T023551.v2.0.NDVI.tif
2018-08-23,4,"T48SVG,T48SVH,T48SWG,T48TXN",1,EPSG:32648,10,9,0.1520087009434452,0.095104884178961,16209414,21385714,0.7579552405872444,EPSG:32648:4files:16209414valid:10chunks,HLS-VI.S30.T48SVG.2018235T034531.v2.0.NDVI.tif|HLS-VI.S30.T48SVH.2018235T034531.v2.0.NDVI.tif|HLS-VI.S30.T48SWG.2018235T034531.v2.0.NDVI.tif|HLS-VI.S30.T48TXN.2018235T034531.v2.0.NDVI.tif
2018-08-24,1,T49TEH,1,EPSG:32649,4,2,0.29630948530383455,0.07723363703475686,2181684,13382296,0.1630276299373441,EPSG:32649:1files:2181684valid:4chunks,HLS-VI.S30.T49TEH.2018236T031541.v2.0.NDVI.tif
2018-08-25,1,T47TLF,1,EPSG:32647,2,1,0.08180986078590428,0.019362399043842123,576832,2094931,0.2753465388597524,EPSG:32647:1files:576832valid:2chunks,HLS-VI.S30.T47TLF.2018237T042701.v2.0.NDVI.tif
2018-08-27,7,"T47TLF,T47TME,T47TMF,T47TMG,T47TMH,T47TNG,T47TPG",1,EPSG:32647,22,18,0.06659759178264929,0.016243866757869815,38790707,64773907,0.5988631656879984,EPSG:32647:7files:38790707valid:22chunks,HLS-VI.S30.T47TLF.2018239T041539.v2.0.NDVI.tif|HLS-VI.S30.T47TME.2018239T041539.v2.0.NDVI.tif|HLS-VI.S30.T47TMF.2018239T041539.v2.0.NDVI.tif|HLS-VI.S30.T47TMG.2018239T041539.v2.0.NDVI.tif|HLS-VI.S30.T47TMH.2018239T041539.v2.0.NDVI.tif|HLS-VI.S30.T47TNG.2018239T041539.v2.0.NDVI.tif|HLS-VI.S30.T47TPG.2018239T041539.v2.0.NDVI.tif
2018-08-28,2,"T48TVL,T48TXK",1,EPSG:32648,13,11,0.1541837869497726,0.14821624868704286,22812761,37471280,0.6088065579825402,EPSG:32648:2files:22812761valid:13chunks,HLS-VI.S30.T48TVL.2018240T034529.v2.0.NDVI.tif|HLS-VI.S30.T48TXK.2018240T034529.v2.0.NDVI.tif
2018-08-30,1,T47TMG,1,EPSG:32647,4,2,0.06864671982581766,0.014805698987593943,1181607,13395600,0.08820859088058766,EPSG:32647:1files:1181607valid:4chunks,HLS-VI.S30.T47TMG.2018242T042659.v2.0.NDVI.tif
2018-09-02,8,"T48TVL,T48TVM,T48TWL,T48TWM,T48TXL,T48TXM,T48TXN,T48TYN",1,EPSG:32648,28,26,0.16740670626621829,0.14578159448232916,51629748,69263703,0.7454084284231814,EPSG:32648:8files:51629748valid:28chunks,HLS-VI.S30.T48TVL.2018245T034531.v2.0.NDVI.tif|HLS-VI.S30.T48TVM.2018245T034531.v2.0.NDVI.tif|HLS-VI.S30.T48TWL.2018245T034531.v2.0.NDVI.tif|HLS-VI.S30.T48TWM.2018245T034531.v2.0.NDVI.tif|HLS-VI.S30.T48TXL.2018245T034531.v2.0.NDVI.tif|HLS-VI.S30.T48TXM.2018245T034531.v2.0.NDVI.tif|HLS-VI.S30.T48TXN.2018245T034531.v2.0.NDVI.tif|HLS-VI.S30.T48TYN.2018245T034531.v2.0.NDVI.tif
2018-09-04,6,"T50TPL,T50TPM,T50TQL,T50TQM,T50TQN,T51TTG",2,"EPSG:32650,EPSG:32651",17,14,0.5541221083045299,0.1786077131269911,16879233,37388386,0.45145658333579847,EPSG:32650:5files:13716114valid:13chunks|EPSG:32651:1files:3163119valid:4chunks,HLS-VI.S30.T50TPL.2018247T024541.v2.0.NDVI.tif|HLS-VI.S30.T50TPM.2018247T024541.v2.0.NDVI.tif|HLS-VI.S30.T50TQL.2018247T024541.v2.0.NDVI.tif|HLS-VI.S30.T50TQM.2018247T024541.v2.0.NDVI.tif|HLS-VI.S30.T50TQN.2018247T024541.v2.0.NDVI.tif|HLS-VI.S30.T51TTG.2018247T024541.v2.0.NDVI.tif
2018-09-05,9,"T47TQH,T48TUM,T48TVM,T50TMM,T50TMN,T50TNM,T50TNN,T50TPN,T50TPP",3,"EPSG:32647,EPSG:32648,EPSG:32650",32,23,0.41703725849644185,0.24323422834968889,41265170,77707707,0.5310305964889686,EPSG:32647:1files:14525valid:1chunks|EPSG:32648:2files:9384265valid:6chunks|EPSG:32650:6files:31866380valid:25chunks,HLS-VI.S30.T47TQH.2018248T035531.v2.0.NDVI.tif|HLS-VI.S30.T48TUM.2018248T035531.v2.0.NDVI.tif|HLS-VI.S30.T48TVM.2018248T035531.v2.0.NDVI.tif|HLS-VI.S30.T50TMM.2018248T030539.v2.0.NDVI.tif|HLS-VI.S30.T50TMN.2018248T030539.v2.0.NDVI.tif|HLS-VI.S30.T50TNM.2018248T030539.v2.0.NDVI.tif|HLS-VI.S30.T50TNN.2018248T030539.v2.0.NDVI.tif|HLS-VI.S30.T50TPN.2018248T030539.v2.0.NDVI.tif|HLS-VI.S30.T50TPP.2018248T030539.v2.0.NDVI.tif
2018-09-06,13,"T47TLF,T47TLG,T47TLH,T47TMF,T47TMG,T47TNF,T47TNG,T48SYG,T48SYH,T49SBB,T49SBC,T49SCB,T49SCC",3,"EPSG:32647,EPSG:32648,EPSG:32649",28,26,0.13296283142378365,0.1422454812188856,60992732,79491895,0.7672824003000558,EPSG:32647:7files:46735095valid:17chunks|EPSG:32648:2files:3280512valid:4chunks|EPSG:32649:4files:10977125valid:7chunks,HLS-VI.S30.T47TLF.2018249T041659.v2.0.NDVI.tif|HLS-VI.S30.T47TLG.2018249T041659.v2.0.NDVI.tif|HLS-VI.S30.T47TLH.2018249T041659.v2.0.NDVI.tif|HLS-VI.S30.T47TMF.2018249T041659.v2.0.NDVI.tif|HLS-VI.S30.T47TMG.2018249T041659.v2.0.NDVI.tif|HLS-VI.S30.T47TNF.2018249T041659.v2.0.NDVI.tif|HLS-VI.S30.T47TNG.2018249T041659.v2.0.NDVI.tif|HLS-VI.S30.T48SYG.2018249T032531.v2.0.NDVI.tif|HLS-VI.S30.T48SYH.2018249T032531.v2.0.NDVI.tif|HLS-VI.S30.T49SBB.2018249T032531.v2.0.NDVI.tif|HLS-VI.S30.T49SBC.2018249T032531.v2.0.NDVI.tif|HLS-VI.S30.T49SCB.2018249T032531.v2.0.NDVI.tif|HLS-VI.S30.T49SCC.2018249T032531.v2.0.NDVI.tif
2018-09-07,11,"T48SVG,T48SWG,T48TUK,T48TVK,T48TWL,T48TXM,T48TXN,T48TYM,T48TYN,T49TBF,T49TBG",2,"EPSG:32648,EPSG:32649",47,36,0.15142784025856734,0.08709051622442009,55128921,149282855,0.36929171136229944,EPSG:32648:9files:47925195valid:39chunks|EPSG:32649:2files:7203726valid:8chunks,HLS-VI.S30.T48SVG.2018250T034529.v2.0.NDVI.tif|HLS-VI.S30.T48SWG.2018250T034529.v2.0.NDVI.tif|HLS-VI.S30.T48TUK.2018250T034529.v2.0.NDVI.tif|HLS-VI.S30.T48TVK.2018250T034529.v2.0.NDVI.tif|HLS-VI.S30.T48TWL.2018250T034529.v2.0.NDVI.tif|HLS-VI.S30.T48TXM.2018250T034529.v2.0.NDVI.tif|HLS-VI.S30.T48TXN.2018250T034529.v2.0.NDVI.tif|HLS-VI.S30.T48TYM.2018250T034529.v2.0.NDVI.tif|HLS-VI.S30.T48TYN.2018250T034529.v2.0.NDVI.tif|HLS-VI.S30.T49TBF.2018250T034529.v2.0.NDVI.tif|HLS-VI.S30.T49TBG.2018250T034529.v2.0.NDVI.tif
2018-09-08,6,"T47TNH,T47TQH,T49TEG,T49TEH,T49TFG,T49TFH",2,"EPSG:32647,EPSG:32649",19,16,0.3113805000545467,0.13055519681227823,31682404,51928113,0.6101204563316214,EPSG:32647:2files:2072403valid:3chunks|EPSG:32649:4files:29610001valid:16chunks,HLS-VI.S30.T47TNH.2018251T040541.v2.0.NDVI.tif|HLS-VI.S30.T47TQH.2018251T040541.v2.0.NDVI.tif|HLS-VI.S30.T49TEG.2018251T031529.v2.0.NDVI.tif|HLS-VI.S30.T49TEH.2018251T031529.v2.0.NDVI.tif|HLS-VI.S30.T49TFG.2018251T031529.v2.0.NDVI.tif|HLS-VI.S30.T49TFH.2018251T031529.v2.0.NDVI.tif
2018-09-09,24,"T47TLG,T47TLH,T47TMG,T47TMH,T48TXM,T48TXN,T48TYM,T49TBG,T51TUM,T51TWH,T51TWJ,T51TWM,T51UVQ,T51UVR,T51UVS,T51UWP,T51UWQ,T51UWR,T51UWS,T51UWT,T51UXP,T51UXQ,T51UXR,T51UXS",4,"EPSG:32647,EPSG:32648,EPSG:32649,EPSG:32651",81,70,0.580688537867927,0.27201685168709006,138933792,220344600,0.630529597730101,EPSG:32647:4files:5254921valid:9chunks|EPSG:32648:3files:19247959valid:12chunks|EPSG:32649:1files:13349988valid:4chunks|EPSG:32651:16files:101080924valid:56chunks,HLS-VI.S30.T47TLG.2018252T042659.v2.0.NDVI.tif|HLS-VI.S30.T47TLH.2018252T042659.v2.0.NDVI.tif|HLS-VI.S30.T47TMG.2018252T042659.v2.0.NDVI.tif|HLS-VI.S30.T47TMH.2018252T042659.v2.0.NDVI.tif|HLS-VI.S30.T48TXM.2018252T033531.v2.0.NDVI.tif|HLS-VI.S30.T48TXN.2018252T033531.v2.0.NDVI.tif|HLS-VI.S30.T48TYM.2018252T033531.v2.0.NDVI.tif|HLS-VI.S30.T49TBG.2018252T033531.v2.0.NDVI.tif|HLS-VI.S30.T51TUM.2018252T024539.v2.0.NDVI.tif|HLS-VI.S30.T51TWH.2018252T024539.v2.0.NDVI.tif|HLS-VI.S30.T51TWJ.2018252T024539.v2.0.NDVI.tif|HLS-VI.S30.T51TWM.2018252T024539.v2.0.NDVI.tif|HLS-VI.S30.T51UVQ.2018252T024539.v2.0.NDVI.tif|HLS-VI.S30.T51UVR.2018252T024539.v2.0.NDVI.tif|HLS-VI.S30.T51UVS.2018252T024539.v2.0.NDVI.tif|HLS-VI.S30.T51UWP.2018252T024539.v2.0.NDVI.tif|HLS-VI.S30.T51UWQ.2018252T024539.v2.0.NDVI.tif|HLS-VI.S30.T51UWR.2018252T024539.v2.0.NDVI.tif|HLS-VI.S30.T51UWS.2018252T024539.v2.0.NDVI.tif|HLS-VI.S30.T51UWT.2018252T024539.v2.0.NDVI.tif|HLS-VI.S30.T51UXP.2018252T024539.v2.0.NDVI.tif|HLS-VI.S30.T51UXQ.2018252T024539.v2.0.NDVI.tif|HLS-VI.S30.T51UXR.2018252T024539.v2.0.NDVI.tif|HLS-VI.S30.T51UXS.2018252T024539.v2.0.NDVI.tif
2018-09-10,16,"T47SPD,T47TPE,T48SUH,T48SUJ,T48SVG,T48SVH,T48SVJ,T48TVK,T48TWL,T50TLR,T50TMT,T50TNQ,T50TPS,T50TPT,T50UNA,T51UVV",4,"EPSG:32647,EPSG:32648,EPSG:32650,EPSG:32651",72,49,0.33125810038370623,0.2392732200659263,58581461,191581675,0.30577799781737997,EPSG:32647:2files:5352998valid:7chunks|EPSG:32648:7files:23057635valid:28chunks|EPSG:32650:6files:29723060valid:36chunks|EPSG:32651:1files:447768valid:1chunks,HLS-VI.S30.T47SPD.2018253T035529.v2.0.NDVI.tif|HLS-VI.S30.T47TPE.2018253T035529.v2.0.NDVI.tif|HLS-VI.S30.T48SUH.2018253T035529.v2.0.NDVI.tif|HLS-VI.S30.T48SUJ.2018253T035529.v2.0.NDVI.tif|HLS-VI.S30.T48SVG.2018253T035529.v2.0.NDVI.tif|HLS-VI.S30.T48SVH.2018253T035529.v2.0.NDVI.tif|HLS-VI.S30.T48SVJ.2018253T035529.v2.0.NDVI.tif|HLS-VI.S30.T48TVK.2018253T035529.v2.0.NDVI.tif|HLS-VI.S30.T48TWL.2018253T035529.v2.0.NDVI.tif|HLS-VI.S30.T50TLR.2018253T030541.v2.0.NDVI.tif|HLS-VI.S30.T50TMT.2018253T030541.v2.0.NDVI.tif|HLS-VI.S30.T50TNQ.2018253T030541.v2.0.NDVI.tif|HLS-VI.S30.T50TPS.2018253T030541.v2.0.NDVI.tif|HLS-VI.S30.T50TPT.2018253T030541.v2.0.NDVI.tif|HLS-VI.S30.T50UNA.2018253T030541.v2.0.NDVI.tif|HLS-VI.S30.T51UVV.2018253T030541.v2.0.NDVI.tif
2018-09-11,5,"T47TNF,T51UWP,T51UWQ,T51UXP,T51UXQ",2,"EPSG:32647,EPSG:32651",13,9,0.318278502380265,0.3241720339591491,13999306,33936585,0.41251369281853195,EPSG:32647:1files:7680677valid:4chunks|EPSG:32651:4files:6318629valid:9chunks,HLS-VI.S30.T47TNF.2018254T041551.v2.0.NDVI.tif|HLS-VI.S30.T51UWP.2018254T023551.v2.0.NDVI.tif|HLS-VI.S30.T51UWQ.2018254T023551.v2.0.NDVI.tif|HLS-VI.S30.T51UXP.2018254T023551.v2.0.NDVI.tif|HLS-VI.S30.T51UXQ.2018254T023551.v2.0.NDVI.tif
2018-09-12,7,"T48TUK,T48TVK,T48TVL,T48TVM,T48TWM,T48TXN,T48TYN",1,EPSG:32648,26,20,0.10744437923596192,0.03522207940374865,32390449,77594316,0.4174332692100798,EPSG:32648:7files:32390449valid:26chunks,HLS-VI.S30.T48TUK.2018255T034531.v2.0.NDVI.tif|HLS-VI.S30.T48TVK.2018255T034531.v2.0.NDVI.tif|HLS-VI.S30.T48TVL.2018255T034531.v2.0.NDVI.tif|HLS-VI.S30.T48TVM.2018255T034531.v2.0.NDVI.tif|HLS-VI.S30.T48TWM.2018255T034531.v2.0.NDVI.tif|HLS-VI.S30.T48TXN.2018255T034531.v2.0.NDVI.tif|HLS-VI.S30.T48TYN.2018255T034531.v2.0.NDVI.tif
2018-09-13,6,"T50TLN,T50TLP,T50TLT,T50TMS,T50TMT,T50UMU",1,EPSG:32650,19,18,0.3841342077961407,0.11052848590483631,38908745,50051697,0.7773711448784644,EPSG:32650:6files:38908745valid:19chunks,HLS-VI.S30.T50TLN.2018256T031541.v2.0.NDVI.tif|HLS-VI.S30.T50TLP.2018256T031541.v2.0.NDVI.tif|HLS-VI.S30.T50TLT.2018256T031541.v2.0.NDVI.tif|HLS-VI.S30.T50TMS.2018256T031541.v2.0.NDVI.tif|HLS-VI.S30.T50TMT.2018256T031541.v2.0.NDVI.tif|HLS-VI.S30.T50UMU.2018256T031541.v2.0.NDVI.tif
2018-09-14,3,"T47TLG,T47TLH,T50TQP",2,"EPSG:32647,EPSG:32650",7,7,0.3555497138950085,0.2450172089095351,13318717,18700651,0.7122060617034134,EPSG:32647:2files:4584484valid:3chunks|EPSG:32650:1files:8734233valid:4chunks,HLS-VI.S30.T47TLG.2018257T042701.v2.0.NDVI.tif|HLS-VI.S30.T47TLH.2018257T042701.v2.0.NDVI.tif|HLS-VI.S30.T50TQP.2018257T024541.v2.0.NDVI.tif
2018-09-15,19,"T50TLQ,T50TLR,T50TMP,T50TMQ,T50TMR,T50TMS,T50TMT,T50TNN,T50TNQ,T50TNR,T50TNS,T50TNT,T50TPN,T50TPR,T50TPS,T50TPT,T50TQS,T50TQT,T50UMU",1,EPSG:32650,70,54,0.4902874578561647,0.12946936707491313,114873036,225877852,0.5085626367652903,EPSG:32650:19files:114873036valid:70chunks,HLS-VI.S30.T50TLQ.2018258T030539.v2.0.NDVI.tif|HLS-VI.S30.T50TLR.2018258T030539.v2.0.NDVI.tif|HLS-VI.S30.T50TMP.2018258T030539.v2.0.NDVI.tif|HLS-VI.S30.T50TMQ.2018258T030539.v2.0.NDVI.tif|HLS-VI.S30.T50TMR.2018258T030539.v2.0.NDVI.tif|HLS-VI.S30.T50TMS.2018258T030539.v2.0.NDVI.tif|HLS-VI.S30.T50TMT.2018258T030539.v2.0.NDVI.tif|HLS-VI.S30.T50TNN.2018258T030539.v2.0.NDVI.tif|HLS-VI.S30.T50TNQ.2018258T030539.v2.0.NDVI.tif|HLS-VI.S30.T50TNR.2018258T030539.v2.0.NDVI.tif|HLS-VI.S30.T50TNS.2018258T030539.v2.0.NDVI.tif|HLS-VI.S30.T50TNT.2018258T030539.v2.0.NDVI.tif|HLS-VI.S30.T50TPN.2018258T030539.v2.0.NDVI.tif|HLS-VI.S30.T50TPR.2018258T030539.v2.0.NDVI.tif|HLS-VI.S30.T50TPS.2018258T030539.v2.0.NDVI.tif|HLS-VI.S30.T50TPT.2018258T030539.v2.0.NDVI.tif|HLS-VI.S30.T50TQS.2018258T030539.v2.0.NDVI.tif|HLS-VI.S30.T50TQT.2018258T030539.v2.0.NDVI.tif|HLS-VI.S30.T50UMU.2018258T030539.v2.0.NDVI.tif
2018-09-16,2,"T47TNH,T51TWJ",2,"EPSG:32647,EPSG:32651",5,5,0.43328444398330557,0.2621889536707787,7453590,7485639,0.9957186019790695,EPSG:32647:1files:1972570valid:2chunks|EPSG:32651:1files:5481020valid:3chunks,HLS-VI.S30.T47TNH.2018259T041539.v2.0.NDVI.tif|HLS-VI.S30.T51TWJ.2018259T023539.v2.0.NDVI.tif
2018-09-17,8,"T50TPS,T50TQS,T50UPA,T50UQC,T51TUL,T51TUM,T51TVM,T51UUT",2,"EPSG:32650,EPSG:32651",42,35,0.5793342382394916,0.12524257899548918,72238811,120825723,0.5978760913352863,EPSG:32650:4files:32394627valid:22chunks|EPSG:32651:4files:39844184valid:20chunks,HLS-VI.S30.T50TPS.2018260T025541.v2.0.NDVI.tif|HLS-VI.S30.T50TQS.2018260T025541.v2.0.NDVI.tif|HLS-VI.S30.T50UPA.2018260T025541.v2.0.NDVI.tif|HLS-VI.S30.T50UQC.2018260T025541.v2.0.NDVI.tif|HLS-VI.S30.T51TUL.2018260T025541.v2.0.NDVI.tif|HLS-VI.S30.T51TUM.2018260T025541.v2.0.NDVI.tif|HLS-VI.S30.T51TVM.2018260T025541.v2.0.NDVI.tif|HLS-VI.S30.T51UUT.2018260T025541.v2.0.NDVI.tif
2018-09-18,5,"T49TGL,T50TLR,T50TMR,T50TNR,T50UPV",2,"EPSG:32649,EPSG:32650",25,17,0.3852964791217318,0.08345214886891174,17662344,66757291,0.2645755053182131,EPSG:32649:1files:2094689valid:3chunks|EPSG:32650:4files:15567655valid:22chunks,HLS-VI.S30.T49TGL.2018261T031529.v2.0.NDVI.tif|HLS-VI.S30.T50TLR.2018261T031529.v2.0.NDVI.tif|HLS-VI.S30.T50TMR.2018261T031529.v2.0.NDVI.tif|HLS-VI.S30.T50TNR.2018261T031529.v2.0.NDVI.tif|HLS-VI.S30.T50UPV.2018261T031529.v2.0.NDVI.tif
2018-09-19,8,"T48TXN,T49TDH,T49TDJ,T50TQR,T51TUL,T51TVL,T51TWM,T51TWN",4,"EPSG:32648,EPSG:32649,EPSG:32650,EPSG:32651",25,23,0.49268205785773217,0.19045981317640212,25092026,44784186,0.5602876426067005,EPSG:32648:1files:292083valid:1chunks|EPSG:32649:2files:4144979valid:5chunks|EPSG:32650:1files:3740907valid:4chunks|EPSG:32651:4files:16914057valid:15chunks,HLS-VI.S30.T48TXN.2018262T033531.v2.0.NDVI.tif|HLS-VI.S30.T49TDH.2018262T033531.v2.0.NDVI.tif|HLS-VI.S30.T49TDJ.2018262T033531.v2.0.NDVI.tif|HLS-VI.S30.T50TQR.2018262T024539.v2.0.NDVI.tif|HLS-VI.S30.T51TUL.2018262T024539.v2.0.NDVI.tif|HLS-VI.S30.T51TVL.2018262T024539.v2.0.NDVI.tif|HLS-VI.S30.T51TWM.2018262T024539.v2.0.NDVI.tif|HLS-VI.S30.T51TWN.2018262T024539.v2.0.NDVI.tif
2018-09-20,14,"T47SPD,T47TPE,T47TQE,T47TQF,T47TQH,T48SUH,T48SVJ,T48TTL,T48TUK,T48TUL,T48TUM,T48TVK,T48TVL,T48TWL",2,"EPSG:32647,EPSG:32648",59,47,0.0867006207810831,0.028650664291969427,96095785,192700835,0.4986786123682339,EPSG:32647:5files:28412539valid:18chunks|EPSG:32648:9files:67683246valid:41chunks,HLS-VI.S30.T47SPD.2018263T035529.v2.0.NDVI.tif|HLS-VI.S30.T47TPE.2018263T035529.v2.0.NDVI.tif|HLS-VI.S30.T47TQE.2018263T035529.v2.0.NDVI.tif|HLS-VI.S30.T47TQF.2018263T035529.v2.0.NDVI.tif|HLS-VI.S30.T47TQH.2018263T035529.v2.0.NDVI.tif|HLS-VI.S30.T48SUH.2018263T035529.v2.0.NDVI.tif|HLS-VI.S30.T48SVJ.2018263T035529.v2.0.NDVI.tif|HLS-VI.S30.T48TTL.2018263T035529.v2.0.NDVI.tif|HLS-VI.S30.T48TUK.2018263T035529.v2.0.NDVI.tif|HLS-VI.S30.T48TUL.2018263T035529.v2.0.NDVI.tif|HLS-VI.S30.T48TUM.2018263T035529.v2.0.NDVI.tif|HLS-VI.S30.T48TVK.2018263T035529.v2.0.NDVI.tif|HLS-VI.S30.T48TVL.2018263T035529.v2.0.NDVI.tif|HLS-VI.S30.T48TWL.2018263T035529.v2.0.NDVI.tif
2018-09-21,12,"T48SYH,T49SBC,T49SBD,T49SCC,T49SCD,T49SDC,T49SDD,T49SED,T49TCE,T49TDE,T49TEE,T49TFE",2,"EPSG:32648,EPSG:32649",34,27,0.3428930220350005,0.15297646764748624,64302433,101117400,0.635918575833635,EPSG:32648:1files:3047664valid:4chunks|EPSG:32649:11files:61254769valid:30chunks,HLS-VI.S30.T48SYH.2018264T032529.v2.0.NDVI.tif|HLS-VI.S30.T49SBC.2018264T032529.v2.0.NDVI.tif|HLS-VI.S30.T49SBD.2018264T032529.v2.0.NDVI.tif|HLS-VI.S30.T49SCC.2018264T032529.v2.0.NDVI.tif|HLS-VI.S30.T49SCD.2018264T032529.v2.0.NDVI.tif|HLS-VI.S30.T49SDC.2018264T032529.v2.0.NDVI.tif|HLS-VI.S30.T49SDD.2018264T032529.v2.0.NDVI.tif|HLS-VI.S30.T49SED.2018264T032529.v2.0.NDVI.tif|HLS-VI.S30.T49TCE.2018264T032529.v2.0.NDVI.tif|HLS-VI.S30.T49TDE.2018264T032529.v2.0.NDVI.tif|HLS-VI.S30.T49TEE.2018264T032529.v2.0.NDVI.tif|HLS-VI.S30.T49TFE.2018264T032529.v2.0.NDVI.tif
2018-09-22,18,"T48SUG,T48SVG,T48SWG,T48SXJ,T48TUK,T48TVK,T48TVL,T48TVM,T48TWK,T48TWL,T48TWM,T48TXK,T48TXL,T48TXM,T48TXN,T48TYM,T48TYN,T49TBG",2,"EPSG:32648,EPSG:32649",59,46,0.14294431433989682,0.08806092755971687,102560459,184447501,0.5560414667802954,EPSG:32648:17files:96953346valid:55chunks|EPSG:32649:1files:5607113valid:4chunks,HLS-VI.S30.T48SUG.2018265T034531.v2.0.NDVI.tif|HLS-VI.S30.T48SVG.2018265T034531.v2.0.NDVI.tif|HLS-VI.S30.T48SWG.2018265T034531.v2.0.NDVI.tif|HLS-VI.S30.T48SXJ.2018265T034531.v2.0.NDVI.tif|HLS-VI.S30.T48TUK.2018265T034531.v2.0.NDVI.tif|HLS-VI.S30.T48TVK.2018265T034531.v2.0.NDVI.tif|HLS-VI.S30.T48TVL.2018265T034531.v2.0.NDVI.tif|HLS-VI.S30.T48TVM.2018265T034531.v2.0.NDVI.tif|HLS-VI.S30.T48TWK.2018265T034531.v2.0.NDVI.tif|HLS-VI.S30.T48TWL.2018265T034531.v2.0.NDVI.tif|HLS-VI.S30.T48TWM.2018265T034531.v2.0.NDVI.tif|HLS-VI.S30.T48TXK.2018265T034531.v2.0.NDVI.tif|HLS-VI.S30.T48TXL.2018265T034531.v2.0.NDVI.tif|HLS-VI.S30.T48TXM.2018265T034531.v2.0.NDVI.tif|HLS-VI.S30.T48TXN.2018265T034531.v2.0.NDVI.tif|HLS-VI.S30.T48TYM.2018265T034531.v2.0.NDVI.tif|HLS-VI.S30.T48TYN.2018265T034531.v2.0.NDVI.tif|HLS-VI.S30.T49TBG.2018265T034531.v2.0.NDVI.tif
2018-09-23,6,"T47TNH,T47TQE,T47TQH,T48TTK,T48TTL,T48TUM",2,"EPSG:32647,EPSG:32648",27,21,0.0751416844014547,0.01895618563218293,31813238,69969123,0.4546753858841421,EPSG:32647:3files:11494904valid:13chunks|EPSG:32648:3files:20318334valid:14chunks,HLS-VI.S30.T47TNH.2018266T040539.v2.0.NDVI.tif|HLS-VI.S30.T47TQE.2018266T040539.v2.0.NDVI.tif|HLS-VI.S30.T47TQH.2018266T040539.v2.0.NDVI.tif|HLS-VI.S30.T48TTK.2018266T040539.v2.0.NDVI.tif|HLS-VI.S30.T48TTL.2018266T040539.v2.0.NDVI.tif|HLS-VI.S30.T48TUM.2018266T040539.v2.0.NDVI.tif
2018-09-24,3,"T47TLH,T48TXN,T48TYN",2,"EPSG:32647,EPSG:32648",4,4,0.1167810014081599,0.06005304241912564,2662214,2665880,0.998624844329077,EPSG:32647:1files:1054903valid:1chunks|EPSG:32648:2files:1607311valid:3chunks,HLS-VI.S30.T47TLH.2018267T042701.v2.0.NDVI.tif|HLS-VI.S30.T48TXN.2018267T033529.v2.0.NDVI.tif|HLS-VI.S30.T48TYN.2018267T033529.v2.0.NDVI.tif
2018-09-25,25,"T48TUL,T48TVK,T48TVL,T48TVM,T50TPS,T50TQS,T50TQT,T50UNA,T50UPA,T50UPB,T50UPU,T50UPV,T50UQB,T50UQC,T50UQD,T50UQE,T50UQU,T51UUP,T51UUQ,T51UUR,T51UUU,T51UUV,T51UVT,T51UVU,T51UVV",3,"EPSG:32648,EPSG:32650,EPSG:32651",101,83,0.3424503928234762,0.1624935997295694,162033166,266051658,0.6090289653447677,EPSG:32648:4files:36124367valid:19chunks|EPSG:32650:13files:88129401valid:57chunks|EPSG:32651:8files:37779398valid:25chunks,HLS-VI.S30.T48TUL.2018268T035531.v2.0.NDVI.tif|HLS-VI.S30.T48TVK.2018268T035531.v2.0.NDVI.tif|HLS-VI.S30.T48TVL.2018268T035531.v2.0.NDVI.tif|HLS-VI.S30.T48TVM.2018268T035531.v2.0.NDVI.tif|HLS-VI.S30.T50TPS.2018268T030539.v2.0.NDVI.tif|HLS-VI.S30.T50TQS.2018268T030539.v2.0.NDVI.tif|HLS-VI.S30.T50TQT.2018268T030539.v2.0.NDVI.tif|HLS-VI.S30.T50UNA.2018268T030539.v2.0.NDVI.tif|HLS-VI.S30.T50UPA.2018268T030539.v2.0.NDVI.tif|HLS-VI.S30.T50UPB.2018268T030539.v2.0.NDVI.tif|HLS-VI.S30.T50UPU.2018268T030539.v2.0.NDVI.tif|HLS-VI.S30.T50UPV.2018268T030539.v2.0.NDVI.tif|HLS-VI.S30.T50UQB.2018268T030539.v2.0.NDVI.tif|HLS-VI.S30.T50UQC.2018268T030539.v2.0.NDVI.tif|HLS-VI.S30.T50UQD.2018268T030539.v2.0.NDVI.tif|HLS-VI.S30.T50UQE.2018268T030539.v2.0.NDVI.tif|HLS-VI.S30.T50UQU.2018268T030539.v2.0.NDVI.tif|HLS-VI.S30.T51UUP.2018268T030539.v2.0.NDVI.tif|HLS-VI.S30.T51UUQ.2018268T030539.v2.0.NDVI.tif|HLS-VI.S30.T51UUR.2018268T030539.v2.0.NDVI.tif|HLS-VI.S30.T51UUU.2018268T030539.v2.0.NDVI.tif|HLS-VI.S30.T51UUV.2018268T030539.v2.0.NDVI.tif|HLS-VI.S30.T51UVT.2018268T030539.v2.0.NDVI.tif|HLS-VI.S30.T51UVU.2018268T030539.v2.0.NDVI.tif|HLS-VI.S30.T51UVV.2018268T030539.v2.0.NDVI.tif
2018-09-26,11,"T47TMH,T47TNH,T51TWM,T51TWN,T51UWP,T51UXP,T51UXQ,T51UXR,T51UXS,T51UXT,T51UYS",2,"EPSG:32647,EPSG:32651",26,19,0.3803829033872292,0.19732095648604714,21435825,54808094,0.39110692300301486,EPSG:32647:2files:3788834valid:4chunks|EPSG:32651:9files:17646991valid:22chunks,HLS-VI.S30.T47TMH.2018269T041539.v2.0.NDVI.tif|HLS-VI.S30.T47TNH.2018269T041539.v2.0.NDVI.tif|HLS-VI.S30.T51TWM.2018269T023539.v2.0.NDVI.tif|HLS-VI.S30.T51TWN.2018269T023539.v2.0.NDVI.tif|HLS-VI.S30.T51UWP.2018269T023539.v2.0.NDVI.tif|HLS-VI.S30.T51UXP.2018269T023539.v2.0.NDVI.tif|HLS-VI.S30.T51UXQ.2018269T023539.v2.0.NDVI.tif|HLS-VI.S30.T51UXR.2018269T023539.v2.0.NDVI.tif|HLS-VI.S30.T51UXS.2018269T023539.v2.0.NDVI.tif|HLS-VI.S30.T51UXT.2018269T023539.v2.0.NDVI.tif|HLS-VI.S30.T51UYS.2018269T023539.v2.0.NDVI.tif
2018-09-27,11,"T48TUK,T50UPA,T50UQB,T50UQD,T50UQU,T50UQV,T51UUT,T51UUU,T51UWQ,T51UWR,T51UWS",3,"EPSG:32648,EPSG:32650,EPSG:32651",60,47,0.4104155137403952,0.09981124824131203,84792124,163336374,0.5191257888460289,EPSG:32648:1files:2061055valid:4chunks|EPSG:32650:5files:44316118valid:30chunks|EPSG:32651:5files:38414951valid:26chunks,HLS-VI.S30.T48TUK.2018270T034529.v2.0.NDVI.tif|HLS-VI.S30.T50UPA.2018270T025641.v2.0.NDVI.tif|HLS-VI.S30.T50UQB.2018270T025641.v2.0.NDVI.tif|HLS-VI.S30.T50UQD.2018270T025641.v2.0.NDVI.tif|HLS-VI.S30.T50UQU.2018270T025641.v2.0.NDVI.tif|HLS-VI.S30.T50UQV.2018270T025641.v2.0.NDVI.tif|HLS-VI.S30.T51UUT.2018270T025641.v2.0.NDVI.tif|HLS-VI.S30.T51UUU.2018270T025641.v2.0.NDVI.tif|HLS-VI.S30.T51UWQ.2018270T025641.v2.0.NDVI.tif|HLS-VI.S30.T51UWR.2018270T025641.v2.0.NDVI.tif|HLS-VI.S30.T51UWS.2018270T025641.v2.0.NDVI.tif
2018-09-28,6,"T47TMF,T47TNF,T47TNG,T47TNH,T47TQE,T48TTK",2,"EPSG:32647,EPSG:32648",31,24,0.07103510546357444,0.025534486376053916,36651021,92929699,0.39439513303491924,EPSG:32647:5files:28665922valid:27chunks|EPSG:32648:1files:7985099valid:4chunks,HLS-VI.S30.T47TMF.2018271T040541.v2.0.NDVI.tif|HLS-VI.S30.T47TNF.2018271T040541.v2.0.NDVI.tif|HLS-VI.S30.T47TNG.2018271T040541.v2.0.NDVI.tif|HLS-VI.S30.T47TNH.2018271T040541.v2.0.NDVI.tif|HLS-VI.S30.T47TQE.2018271T040541.v2.0.NDVI.tif|HLS-VI.S30.T48TTK.2018271T040541.v2.0.NDVI.tif
2018-09-29,6,"T48SWJ,T48SXH,T48SXJ,T48SYH,T49SBB,T49SBC",2,"EPSG:32648,EPSG:32649",22,19,0.246459724939149,0.1048949039383732,37985189,57296755,0.6629553279238938,EPSG:32648:4files:24658515valid:18chunks|EPSG:32649:2files:13326674valid:4chunks,HLS-VI.S30.T48SWJ.2018272T033531.v2.0.NDVI.tif|HLS-VI.S30.T48SXH.2018272T033531.v2.0.NDVI.tif|HLS-VI.S30.T48SXJ.2018272T033531.v2.0.NDVI.tif|HLS-VI.S30.T48SYH.2018272T033531.v2.0.NDVI.tif|HLS-VI.S30.T49SBB.2018272T033531.v2.0.NDVI.tif|HLS-VI.S30.T49SBC.2018272T033531.v2.0.NDVI.tif
2018-09-30,10,"T48TVK,T48TWL,T48TWM,T50UQB,T50UQC,T50UQD,T51UUT,T51UUU,T51UUV,T51UVV",3,"EPSG:32648,EPSG:32650,EPSG:32651",37,29,0.35015763664702915,0.1467747278506609,61444768,94154620,0.6525942964880533,EPSG:32648:3files:11508008valid:16chunks|EPSG:32650:3files:29929901valid:12chunks|EPSG:32651:4files:20006859valid:9chunks,HLS-VI.S30.T48TVK.2018273T035539.v2.0.NDVI.tif|HLS-VI.S30.T48TWL.2018273T035539.v2.0.NDVI.tif|HLS-VI.S30.T48TWM.2018273T035539.v2.0.NDVI.tif|HLS-VI.S30.T50UQB.2018273T030541.v2.0.NDVI.tif|HLS-VI.S30.T50UQC.2018273T030541.v2.0.NDVI.tif|HLS-VI.S30.T50UQD.2018273T030541.v2.0.NDVI.tif|HLS-VI.S30.T51UUT.2018273T030541.v2.0.NDVI.tif|HLS-VI.S30.T51UUU.2018273T030541.v2.0.NDVI.tif|HLS-VI.S30.T51UUV.2018273T030541.v2.0.NDVI.tif|HLS-VI.S30.T51UVV.2018273T030541.v2.0.NDVI.tif
2018-10-01,38,"T47TLF,T47TLG,T47TLH,T47TMF,T47TMG,T47TMH,T47TNF,T47TNG,T47TNH,T48SYG,T48SYH,T49SBB,T49SBC,T49SBD,T49SCD,T49TCE,T49TCG,T49TCH,T49TDH,T49TDJ,T49TEH,T49TEJ,T49TEK,T49TEL,T49TFH,T49TFJ,T51TVH,T51TVJ,T51TVK,T51TWJ,T51TWM,T51TWN,T51UWP,T51UWQ,T51UXP,T51UXQ,T51UXR,T51UYS",4,"EPSG:32647,EPSG:32648,EPSG:32649,EPSG:32651",109,87,0.21153713307295416,0.14424495165182644,167408720,326526948,0.5126949583346487,EPSG:32647:9files:47982756valid:17chunks|EPSG:32648:2files:3159979valid:4chunks|EPSG:32649:15files:89129257valid:53chunks|EPSG:32651:12files:27136728valid:35chunks,HLS-VI.S30.T47TLF.2018274T041551.v2.0.NDVI.tif|HLS-VI.S30.T47TLG.2018274T041551.v2.0.NDVI.tif|HLS-VI.S30.T47TLH.2018274T041551.v2.0.NDVI.tif|HLS-VI.S30.T47TMF.2018274T041551.v2.0.NDVI.tif|HLS-VI.S30.T47TMG.2018274T041551.v2.0.NDVI.tif|HLS-VI.S30.T47TMH.2018274T041551.v2.0.NDVI.tif|HLS-VI.S30.T47TNF.2018274T041551.v2.0.NDVI.tif|HLS-VI.S30.T47TNG.2018274T041551.v2.0.NDVI.tif|HLS-VI.S30.T47TNH.2018274T041551.v2.0.NDVI.tif|HLS-VI.S30.T48SYG.2018274T032529.v2.0.NDVI.tif|HLS-VI.S30.T48SYH.2018274T032529.v2.0.NDVI.tif|HLS-VI.S30.T49SBB.2018274T032529.v2.0.NDVI.tif|HLS-VI.S30.T49SBC.2018274T032529.v2.0.NDVI.tif|HLS-VI.S30.T49SBD.2018274T032529.v2.0.NDVI.tif|HLS-VI.S30.T49SCD.2018274T032529.v2.0.NDVI.tif|HLS-VI.S30.T49TCE.2018274T032529.v2.0.NDVI.tif|HLS-VI.S30.T49TCG.2018274T032529.v2.0.NDVI.tif|HLS-VI.S30.T49TCH.2018274T032529.v2.0.NDVI.tif|HLS-VI.S30.T49TDH.2018274T032529.v2.0.NDVI.tif|HLS-VI.S30.T49TDJ.2018274T032529.v2.0.NDVI.tif|HLS-VI.S30.T49TEH.2018274T032529.v2.0.NDVI.tif|HLS-VI.S30.T49TEJ.2018274T032529.v2.0.NDVI.tif|HLS-VI.S30.T49TEK.2018274T032529.v2.0.NDVI.tif|HLS-VI.S30.T49TEL.2018274T032529.v2.0.NDVI.tif|HLS-VI.S30.T49TFH.2018274T032529.v2.0.NDVI.tif|HLS-VI.S30.T49TFJ.2018274T032529.v2.0.NDVI.tif|HLS-VI.S30.T51TVH.2018274T023551.v2.0.NDVI.tif|HLS-VI.S30.T51TVJ.2018274T023551.v2.0.NDVI.tif|HLS-VI.S30.T51TVK.2018274T023551.v2.0.NDVI.tif|HLS-VI.S30.T51TWJ.2018274T023551.v2.0.NDVI.tif|HLS-VI.S30.T51TWM.2018274T023551.v2.0.NDVI.tif|HLS-VI.S30.T51TWN.2018274T023551.v2.0.NDVI.tif|HLS-VI.S30.T51UWP.2018274T023551.v2.0.NDVI.tif|HLS-VI.S30.T51UWQ.2018274T023551.v2.0.NDVI.tif|HLS-VI.S30.T51UXP.2018274T023551.v2.0.NDVI.tif|HLS-VI.S30.T51UXQ.2018274T023551.v2.0.NDVI.tif|HLS-VI.S30.T51UXR.2018274T023551.v2.0.NDVI.tif|HLS-VI.S30.T51UYS.2018274T023551.v2.0.NDVI.tif
2018-10-02,35,"T48SWH,T48TUK,T48TVK,T48TVL,T48TVM,T48TWL,T48TWM,T48TXK,T48TXL,T48TXM,T48TXN,T48TYM,T48TYN,T49TBG,T50TNM,T50TNN,T50TPM,T50TPN,T50TPR,T50TPS,T50TPT,T50TQM,T50TQN,T50TQR,T50UPA,T50UPU,T50UQA,T50UQV,T51TTG,T51TUH,T51TUL,T51TVL,T51TVM,T51UUQ,T51UWP",4,"EPSG:32648,EPSG:32649,EPSG:32650,EPSG:32651",151,127,0.29063727978814285,0.1610013367382773,248226224,459132433,0.5406418849090541,EPSG:32648:13files:86644947valid:47chunks|EPSG:32649:1files:5579355valid:4chunks|EPSG:32650:14files:115274984valid:57chunks|EPSG:32651:7files:40726938valid:43chunks,HLS-VI.S30.T48SWH.2018275T034551.v2.0.NDVI.tif|HLS-VI.S30.T48TUK.2018275T034551.v2.0.NDVI.tif|HLS-VI.S30.T48TVK.2018275T034551.v2.0.NDVI.tif|HLS-VI.S30.T48TVL.2018275T034551.v2.0.NDVI.tif|HLS-VI.S30.T48TVM.2018275T034551.v2.0.NDVI.tif|HLS-VI.S30.T48TWL.2018275T034551.v2.0.NDVI.tif|HLS-VI.S30.T48TWM.2018275T034551.v2.0.NDVI.tif|HLS-VI.S30.T48TXK.2018275T034551.v2.0.NDVI.tif|HLS-VI.S30.T48TXL.2018275T034551.v2.0.NDVI.tif|HLS-VI.S30.T48TXM.2018275T034551.v2.0.NDVI.tif|HLS-VI.S30.T48TXN.2018275T034551.v2.0.NDVI.tif|HLS-VI.S30.T48TYM.2018275T034551.v2.0.NDVI.tif|HLS-VI.S30.T48TYN.2018275T034551.v2.0.NDVI.tif|HLS-VI.S30.T49TBG.2018275T034551.v2.0.NDVI.tif|HLS-VI.S30.T50TNM.2018275T025539.v2.0.NDVI.tif|HLS-VI.S30.T50TNN.2018275T025539.v2.0.NDVI.tif|HLS-VI.S30.T50TPM.2018275T025539.v2.0.NDVI.tif|HLS-VI.S30.T50TPN.2018275T025539.v2.0.NDVI.tif|HLS-VI.S30.T50TPR.2018275T025539.v2.0.NDVI.tif|HLS-VI.S30.T50TPS.2018275T025539.v2.0.NDVI.tif|HLS-VI.S30.T50TPT.2018275T025539.v2.0.NDVI.tif|HLS-VI.S30.T50TQM.2018275T025539.v2.0.NDVI.tif|HLS-VI.S30.T50TQN.2018275T025539.v2.0.NDVI.tif|HLS-VI.S30.T50TQR.2018275T025539.v2.0.NDVI.tif|HLS-VI.S30.T50UPA.2018275T025539.v2.0.NDVI.tif|HLS-VI.S30.T50UPU.2018275T025539.v2.0.NDVI.tif|HLS-VI.S30.T50UQA.2018275T025539.v2.0.NDVI.tif|HLS-VI.S30.T50UQV.2018275T025539.v2.0.NDVI.tif|HLS-VI.S30.T51TTG.2018275T025539.v2.0.NDVI.tif|HLS-VI.S30.T51TUH.2018275T025539.v2.0.NDVI.tif|HLS-VI.S30.T51TUL.2018275T025539.v2.0.NDVI.tif|HLS-VI.S30.T51TVL.2018275T025539.v2.0.NDVI.tif|HLS-VI.S30.T51TVM.2018275T025539.v2.0.NDVI.tif|HLS-VI.S30.T51UUQ.2018275T025539.v2.0.NDVI.tif|HLS-VI.S30.T51UWP.2018275T025539.v2.0.NDVI.tif
2018-10-03,40,"T47SPD,T47SQD,T47TNG,T47TNH,T47TQE,T48STJ,T48TTK,T48TUM,T49SED,T49TEE,T49TEF,T49TEG,T49TEH,T49TFE,T49TFF,T49TFG,T49TFH,T49TFJ,T49TFK,T49TGE,T49TGF,T49TGG,T49TGH,T49TGJ,T49TGK,T49TGL,T50TKK,T50TKL,T50TKM,T50TLM,T50TLN,T50TLP,T50TLQ,T50TLR,T50TLT,T50TMR,T50TMS,T50TMT,T50UMU,T50UNA",4,"EPSG:32647,EPSG:32648,EPSG:32649,EPSG:32650",137,121,0.24438191926923455,0.11837068244418132,249399584,403907652,0.6174668461096647,EPSG:32647:5files:29695570valid:21chunks|EPSG:32648:3files:12635352valid:13chunks|EPSG:32649:18files:122459495valid:56chunks|EPSG:32650:14files:84609167valid:47chunks,HLS-VI.S30.T47SPD.2018276T040559.v2.0.NDVI.tif|HLS-VI.S30.T47SQD.2018276T040559.v2.0.NDVI.tif|HLS-VI.S30.T47TNG.2018276T040559.v2.0.NDVI.tif|HLS-VI.S30.T47TNH.2018276T040559.v2.0.NDVI.tif|HLS-VI.S30.T47TQE.2018276T040559.v2.0.NDVI.tif|HLS-VI.S30.T48STJ.2018276T040559.v2.0.NDVI.tif|HLS-VI.S30.T48TTK.2018276T040559.v2.0.NDVI.tif|HLS-VI.S30.T48TUM.2018276T040559.v2.0.NDVI.tif|HLS-VI.S30.T49SED.2018276T031541.v2.0.NDVI.tif|HLS-VI.S30.T49TEE.2018276T031541.v2.0.NDVI.tif|HLS-VI.S30.T49TEF.2018276T031541.v2.0.NDVI.tif|HLS-VI.S30.T49TEG.2018276T031541.v2.0.NDVI.tif|HLS-VI.S30.T49TEH.2018276T031541.v2.0.NDVI.tif|HLS-VI.S30.T49TFE.2018276T031541.v2.0.NDVI.tif|HLS-VI.S30.T49TFF.2018276T031541.v2.0.NDVI.tif|HLS-VI.S30.T49TFG.2018276T031541.v2.0.NDVI.tif|HLS-VI.S30.T49TFH.2018276T031541.v2.0.NDVI.tif|HLS-VI.S30.T49TFJ.2018276T031541.v2.0.NDVI.tif|HLS-VI.S30.T49TFK.2018276T031541.v2.0.NDVI.tif|HLS-VI.S30.T49TGE.2018276T031541.v2.0.NDVI.tif|HLS-VI.S30.T49TGF.2018276T031541.v2.0.NDVI.tif|HLS-VI.S30.T49TGG.2018276T031541.v2.0.NDVI.tif|HLS-VI.S30.T49TGH.2018276T031541.v2.0.NDVI.tif|HLS-VI.S30.T49TGJ.2018276T031541.v2.0.NDVI.tif|HLS-VI.S30.T49TGK.2018276T031541.v2.0.NDVI.tif|HLS-VI.S30.T49TGL.2018276T031541.v2.0.NDVI.tif|HLS-VI.S30.T50TKK.2018276T031541.v2.0.NDVI.tif|HLS-VI.S30.T50TKL.2018276T031541.v2.0.NDVI.tif|HLS-VI.S30.T50TKM.2018276T031541.v2.0.NDVI.tif|HLS-VI.S30.T50TLM.2018276T031541.v2.0.NDVI.tif|HLS-VI.S30.T50TLN.2018276T031541.v2.0.NDVI.tif|HLS-VI.S30.T50TLP.2018276T031541.v2.0.NDVI.tif|HLS-VI.S30.T50TLQ.2018276T031541.v2.0.NDVI.tif|HLS-VI.S30.T50TLR.2018276T031541.v2.0.NDVI.tif|HLS-VI.S30.T50TLT.2018276T031541.v2.0.NDVI.tif|HLS-VI.S30.T50TMR.2018276T031541.v2.0.NDVI.tif|HLS-VI.S30.T50TMS.2018276T031541.v2.0.NDVI.tif|HLS-VI.S30.T50TMT.2018276T031541.v2.0.NDVI.tif|HLS-VI.S30.T50UMU.2018276T031541.v2.0.NDVI.tif|HLS-VI.S30.T50UNA.2018276T031541.v2.0.NDVI.tif
2018-10-04,51,"T47TLH,T48SWJ,T48SYG,T48SYH,T49SBC,T49SBD,T49TCF,T49TDF,T49TDG,T50TPL,T50TPM,T50TQL,T50TQM,T50TQN,T50TQP,T50TQQ,T50TQR,T50TQS,T51TTF,T51TTG,T51TUG,T51TUH,T51TUJ,T51TUK,T51TUL,T51TUM,T51TUN,T51TVJ,T51TVL,T51TVM,T51TVN,T51TWJ,T51TWM,T51TWN,T51UUP,T51UVP,T51UVQ,T51UVR,T51UVS,T51UVT,T51UWP,T51UWQ,T51UWR,T51UWS,T51UWT,T51UXP,T51UXQ,T51UXR,T51UXS,T51UXT,T51UYS",5,"EPSG:32647,EPSG:32648,EPSG:32649,EPSG:32650,EPSG:32651",168,137,0.34747363390591246,0.119243400793206,291382737,529240987,0.5505672163671632,EPSG:32647:1files:1054897valid:1chunks|EPSG:32648:3files:14101641valid:13chunks|EPSG:32649:5files:46947472valid:28chunks|EPSG:32650:9files:31639383valid:33chunks|EPSG:32651:33files:197639344valid:93chunks,HLS-VI.S30.T47TLH.2018277T042701.v2.0.NDVI.tif|HLS-VI.S30.T48SWJ.2018277T033559.v2.0.NDVI.tif|HLS-VI.S30.T48SYG.2018277T033559.v2.0.NDVI.tif|HLS-VI.S30.T48SYH.2018277T033559.v2.0.NDVI.tif|HLS-VI.S30.T49SBC.2018277T033559.v2.0.NDVI.tif|HLS-VI.S30.T49SBD.2018277T033559.v2.0.NDVI.tif|HLS-VI.S30.T49TCF.2018277T033559.v2.0.NDVI.tif|HLS-VI.S30.T49TDF.2018277T033559.v2.0.NDVI.tif|HLS-VI.S30.T49TDG.2018277T033559.v2.0.NDVI.tif|HLS-VI.S30.T50TPL.2018277T024541.v2.0.NDVI.tif|HLS-VI.S30.T50TPM.2018277T024541.v2.0.NDVI.tif|HLS-VI.S30.T50TQL.2018277T024541.v2.0.NDVI.tif|HLS-VI.S30.T50TQM.2018277T024541.v2.0.NDVI.tif|HLS-VI.S30.T50TQN.2018277T024541.v2.0.NDVI.tif|HLS-VI.S30.T50TQP.2018277T024541.v2.0.NDVI.tif|HLS-VI.S30.T50TQQ.2018277T024541.v2.0.NDVI.tif|HLS-VI.S30.T50TQR.2018277T024541.v2.0.NDVI.tif|HLS-VI.S30.T50TQS.2018277T024541.v2.0.NDVI.tif|HLS-VI.S30.T51TTF.2018277T024541.v2.0.NDVI.tif|HLS-VI.S30.T51TTG.2018277T024541.v2.0.NDVI.tif|HLS-VI.S30.T51TUG.2018277T024541.v2.0.NDVI.tif|HLS-VI.S30.T51TUH.2018277T024541.v2.0.NDVI.tif|HLS-VI.S30.T51TUJ.2018277T024541.v2.0.NDVI.tif|HLS-VI.S30.T51TUK.2018277T024541.v2.0.NDVI.tif|HLS-VI.S30.T51TUL.2018277T024541.v2.0.NDVI.tif|HLS-VI.S30.T51TUM.2018277T024541.v2.0.NDVI.tif|HLS-VI.S30.T51TUN.2018277T024541.v2.0.NDVI.tif|HLS-VI.S30.T51TVJ.2018277T024541.v2.0.NDVI.tif|HLS-VI.S30.T51TVL.2018277T024541.v2.0.NDVI.tif|HLS-VI.S30.T51TVM.2018277T024541.v2.0.NDVI.tif|HLS-VI.S30.T51TVN.2018277T024541.v2.0.NDVI.tif|HLS-VI.S30.T51TWJ.2018277T024541.v2.0.NDVI.tif|HLS-VI.S30.T51TWM.2018277T024541.v2.0.NDVI.tif|HLS-VI.S30.T51TWN.2018277T024541.v2.0.NDVI.tif|HLS-VI.S30.T51UUP.2018277T024541.v2.0.NDVI.tif|HLS-VI.S30.T51UVP.2018277T024541.v2.0.NDVI.tif|HLS-VI.S30.T51UVQ.2018277T024541.v2.0.NDVI.tif|HLS-VI.S30.T51UVR.2018277T024541.v2.0.NDVI.tif|HLS-VI.S30.T51UVS.2018277T024541.v2.0.NDVI.tif|HLS-VI.S30.T51UVT.2018277T024541.v2.0.NDVI.tif|HLS-VI.S30.T51UWP.2018277T024541.v2.0.NDVI.tif|HLS-VI.S30.T51UWQ.2018277T024541.v2.0.NDVI.tif|HLS-VI.S30.T51UWR.2018277T024541.v2.0.NDVI.tif|HLS-VI.S30.T51UWS.2018277T024541.v2.0.NDVI.tif|HLS-VI.S30.T51UWT.2018277T024541.v2.0.NDVI.tif|HLS-VI.S30.T51UXP.2018277T024541.v2.0.NDVI.tif|HLS-VI.S30.T51UXQ.2018277T024541.v2.0.NDVI.tif|HLS-VI.S30.T51UXR.2018277T024541.v2.0.NDVI.tif|HLS-VI.S30.T51UXS.2018277T024541.v2.0.NDVI.tif|HLS-VI.S30.T51UXT.2018277T024541.v2.0.NDVI.tif|HLS-VI.S30.T51UYS.2018277T024541.v2.0.NDVI.tif
2018-10-05,17,"T47TPE,T47TQE,T47TQF,T47TQH,T48TTK,T48TTL,T48TUL,T48TUM,T48TVL,T48TVM,T49TGF,T50TKL,T50TMM,T50TNM,T50TNN,T50TPN,T51UVU",5,"EPSG:32647,EPSG:32648,EPSG:32649,EPSG:32650,EPSG:32651",68,55,0.13864538791322517,0.12846815376426468,101735119,179735160,0.5660279213037671,EPSG:32647:4files:25729438valid:17chunks|EPSG:32648:6files:55696899valid:24chunks|EPSG:32649:1files:629961valid:4chunks|EPSG:32650:5files:17080577valid:20chunks|EPSG:32651:1files:2598244valid:3chunks,HLS-VI.S30.T47TPE.2018278T035611.v2.0.NDVI.tif|HLS-VI.S30.T47TQE.2018278T035611.v2.0.NDVI.tif|HLS-VI.S30.T47TQF.2018278T035611.v2.0.NDVI.tif|HLS-VI.S30.T47TQH.2018278T035611.v2.0.NDVI.tif|HLS-VI.S30.T48TTK.2018278T035611.v2.0.NDVI.tif|HLS-VI.S30.T48TTL.2018278T035611.v2.0.NDVI.tif|HLS-VI.S30.T48TUL.2018278T035611.v2.0.NDVI.tif|HLS-VI.S30.T48TUM.2018278T035611.v2.0.NDVI.tif|HLS-VI.S30.T48TVL.2018278T035611.v2.0.NDVI.tif|HLS-VI.S30.T48TVM.2018278T035611.v2.0.NDVI.tif|HLS-VI.S30.T49TGF.2018278T030549.v2.0.NDVI.tif|HLS-VI.S30.T50TKL.2018278T030549.v2.0.NDVI.tif|HLS-VI.S30.T50TMM.2018278T030549.v2.0.NDVI.tif|HLS-VI.S30.T50TNM.2018278T030549.v2.0.NDVI.tif|HLS-VI.S30.T50TNN.2018278T030549.v2.0.NDVI.tif|HLS-VI.S30.T50TPN.2018278T030549.v2.0.NDVI.tif|HLS-VI.S30.T51UVU.2018278T030549.v2.0.NDVI.tif
2018-10-06,25,"T47TLF,T47TMF,T47TMG,T47TNF,T47TNG,T48SYJ,T49SBD,T49SCD,T49SDD,T49TBE,T49TCE,T49TCF,T49TCG,T49TCH,T49TDE,T49TDF,T49TDH,T49TDJ,T49TEE,T49TEF,T49TEG,T49TEJ,T49TFG,T49TFH,T49TFJ",3,"EPSG:32647,EPSG:32648,EPSG:32649",83,71,0.20879844521561508,0.12491307901188095,184460903,280904272,0.6566682011870578,EPSG:32647:5files:42872779valid:15chunks|EPSG:32648:1files:1064877valid:4chunks|EPSG:32649:19files:140523247valid:64chunks,HLS-VI.S30.T47TLF.2018279T041619.v2.0.NDVI.tif|HLS-VI.S30.T47TMF.2018279T041619.v2.0.NDVI.tif|HLS-VI.S30.T47TMG.2018279T041619.v2.0.NDVI.tif|HLS-VI.S30.T47TNF.2018279T041619.v2.0.NDVI.tif|HLS-VI.S30.T47TNG.2018279T041619.v2.0.NDVI.tif|HLS-VI.S30.T48SYJ.2018279T032611.v2.0.NDVI.tif|HLS-VI.S30.T49SBD.2018279T032611.v2.0.NDVI.tif|HLS-VI.S30.T49SCD.2018279T032611.v2.0.NDVI.tif|HLS-VI.S30.T49SDD.2018279T032611.v2.0.NDVI.tif|HLS-VI.S30.T49TBE.2018279T032611.v2.0.NDVI.tif|HLS-VI.S30.T49TCE.2018279T032611.v2.0.NDVI.tif|HLS-VI.S30.T49TCF.2018279T032611.v2.0.NDVI.tif|HLS-VI.S30.T49TCG.2018279T032611.v2.0.NDVI.tif|HLS-VI.S30.T49TCH.2018279T032611.v2.0.NDVI.tif|HLS-VI.S30.T49TDE.2018279T032611.v2.0.NDVI.tif|HLS-VI.S30.T49TDF.2018279T032611.v2.0.NDVI.tif|HLS-VI.S30.T49TDH.2018279T032611.v2.0.NDVI.tif|HLS-VI.S30.T49TDJ.2018279T032611.v2.0.NDVI.tif|HLS-VI.S30.T49TEE.2018279T032611.v2.0.NDVI.tif|HLS-VI.S30.T49TEF.2018279T032611.v2.0.NDVI.tif|HLS-VI.S30.T49TEG.2018279T032611.v2.0.NDVI.tif|HLS-VI.S30.T49TEJ.2018279T032611.v2.0.NDVI.tif|HLS-VI.S30.T49TFG.2018279T032611.v2.0.NDVI.tif|HLS-VI.S30.T49TFH.2018279T032611.v2.0.NDVI.tif|HLS-VI.S30.T49TFJ.2018279T032611.v2.0.NDVI.tif
2018-10-07,14,"T48SWG,T48SXH,T48SXJ,T48TUK,T48TVK,T48TVL,T48TVM,T48TWL,T48TWM,T48TXL,T48TXM,T48TYM,T48TYN,T49TBG",2,"EPSG:32648,EPSG:32649",56,43,0.11807021851035733,0.058262581163110325,78547150,176604280,0.44476356971643044,EPSG:32648:13files:72896618valid:52chunks|EPSG:32649:1files:5650532valid:4chunks,HLS-VI.S30.T48SWG.2018280T034619.v2.0.NDVI.tif|HLS-VI.S30.T48SXH.2018280T034619.v2.0.NDVI.tif|HLS-VI.S30.T48SXJ.2018280T034619.v2.0.NDVI.tif|HLS-VI.S30.T48TUK.2018280T034619.v2.0.NDVI.tif|HLS-VI.S30.T48TVK.2018280T034619.v2.0.NDVI.tif|HLS-VI.S30.T48TVL.2018280T034619.v2.0.NDVI.tif|HLS-VI.S30.T48TVM.2018280T034619.v2.0.NDVI.tif|HLS-VI.S30.T48TWL.2018280T034619.v2.0.NDVI.tif|HLS-VI.S30.T48TWM.2018280T034619.v2.0.NDVI.tif|HLS-VI.S30.T48TXL.2018280T034619.v2.0.NDVI.tif|HLS-VI.S30.T48TXM.2018280T034619.v2.0.NDVI.tif|HLS-VI.S30.T48TYM.2018280T034619.v2.0.NDVI.tif|HLS-VI.S30.T48TYN.2018280T034619.v2.0.NDVI.tif|HLS-VI.S30.T49TBG.2018280T034619.v2.0.NDVI.tif
2018-10-08,8,"T47SPD,T47TMF,T47TNF,T47TNG,T47TQE,T47TQH,T48TTK,T49SED",3,"EPSG:32647,EPSG:32648,EPSG:32649",38,31,0.0793527239178753,0.04940847258614061,42195093,109517841,0.3852805407294324,EPSG:32647:6files:33314472valid:32chunks|EPSG:32648:1files:7973712valid:4chunks|EPSG:32649:1files:906909valid:2chunks,HLS-VI.S30.T47SPD.2018281T040631.v2.0.NDVI.tif|HLS-VI.S30.T47TMF.2018281T040631.v2.0.NDVI.tif|HLS-VI.S30.T47TNF.2018281T040631.v2.0.NDVI.tif|HLS-VI.S30.T47TNG.2018281T040631.v2.0.NDVI.tif|HLS-VI.S30.T47TQE.2018281T040631.v2.0.NDVI.tif|HLS-VI.S30.T47TQH.2018281T040631.v2.0.NDVI.tif|HLS-VI.S30.T48TTK.2018281T040631.v2.0.NDVI.tif|HLS-VI.S30.T49SED.2018281T031619.v2.0.NDVI.tif
2018-10-09,7,"T48SXH,T48SYJ,T48TXL,T48TYL,T49SBD,T49TBF,T49TCE",2,"EPSG:32648,EPSG:32649",37,32,0.1887155678710832,0.10536216257460507,66535390,115277048,0.5771781213550854,EPSG:32648:4files:28437972valid:20chunks|EPSG:32649:3files:38097418valid:17chunks,HLS-VI.S30.T48SXH.2018282T033631.v2.0.NDVI.tif|HLS-VI.S30.T48SYJ.2018282T033631.v2.0.NDVI.tif|HLS-VI.S30.T48TXL.2018282T033631.v2.0.NDVI.tif|HLS-VI.S30.T48TYL.2018282T033631.v2.0.NDVI.tif|HLS-VI.S30.T49SBD.2018282T033631.v2.0.NDVI.tif|HLS-VI.S30.T49TBF.2018282T033631.v2.0.NDVI.tif|HLS-VI.S30.T49TCE.2018282T033631.v2.0.NDVI.tif
2018-10-10,16,"T47SPD,T47TPE,T47TQE,T47TQH,T48SVG,T48TTK,T48TTL,T48TUK,T48TUL,T48TUM,T48TVK,T48TVL,T48TVM,T48TWL,T48TWM,T50UNA",3,"EPSG:32647,EPSG:32648,EPSG:32650",57,43,0.08452114170410115,0.03192674895286182,94647351,184996594,0.5116167219813788,EPSG:32647:4files:17601571valid:15chunks|EPSG:32648:11files:75648303valid:40chunks|EPSG:32650:1files:1397477valid:2chunks,HLS-VI.S30.T47SPD.2018283T035649.v2.0.NDVI.tif|HLS-VI.S30.T47TPE.2018283T035649.v2.0.NDVI.tif|HLS-VI.S30.T47TQE.2018283T035649.v2.0.NDVI.tif|HLS-VI.S30.T47TQH.2018283T035649.v2.0.NDVI.tif|HLS-VI.S30.T48SVG.2018283T035649.v2.0.NDVI.tif|HLS-VI.S30.T48TTK.2018283T035649.v2.0.NDVI.tif|HLS-VI.S30.T48TTL.2018283T035649.v2.0.NDVI.tif|HLS-VI.S30.T48TUK.2018283T035649.v2.0.NDVI.tif|HLS-VI.S30.T48TUL.2018283T035649.v2.0.NDVI.tif|HLS-VI.S30.T48TUM.2018283T035649.v2.0.NDVI.tif|HLS-VI.S30.T48TVK.2018283T035649.v2.0.NDVI.tif|HLS-VI.S30.T48TVL.2018283T035649.v2.0.NDVI.tif|HLS-VI.S30.T48TVM.2018283T035649.v2.0.NDVI.tif|HLS-VI.S30.T48TWL.2018283T035649.v2.0.NDVI.tif|HLS-VI.S30.T48TWM.2018283T035649.v2.0.NDVI.tif|HLS-VI.S30.T50UNA.2018283T030631.v2.0.NDVI.tif
2018-10-11,19,"T47TLF,T47TLG,T47TLH,T47TMF,T47TMG,T47TMH,T47TNF,T47TNG,T49SCB,T49SDC,T49TEF,T49TEG,T49TFE,T49TFF,T49TFK,T49TGJ,T49TGL,T51UXP,T51UYS",3,"EPSG:32647,EPSG:32649,EPSG:32651",63,48,0.15573021517041172,0.11507365440399697,90840784,177298883,0.5123595956326471,EPSG:32647:8files:47252304valid:17chunks|EPSG:32649:9files:42060485valid:41chunks|EPSG:32651:2files:1527995valid:5chunks,HLS-VI.S30.T47TLF.2018284T041701.v2.0.NDVI.tif|HLS-VI.S30.T47TLG.2018284T041701.v2.0.NDVI.tif|HLS-VI.S30.T47TLH.2018284T041701.v2.0.NDVI.tif|HLS-VI.S30.T47TMF.2018284T041701.v2.0.NDVI.tif|HLS-VI.S30.T47TMG.2018284T041701.v2.0.NDVI.tif|HLS-VI.S30.T47TMH.2018284T041701.v2.0.NDVI.tif|HLS-VI.S30.T47TNF.2018284T041701.v2.0.NDVI.tif|HLS-VI.S30.T47TNG.2018284T041701.v2.0.NDVI.tif|HLS-VI.S30.T49SCB.2018284T032639.v2.0.NDVI.tif|HLS-VI.S30.T49SDC.2018284T032639.v2.0.NDVI.tif|HLS-VI.S30.T49TEF.2018284T032639.v2.0.NDVI.tif|HLS-VI.S30.T49TEG.2018284T032639.v2.0.NDVI.tif|HLS-VI.S30.T49TFE.2018284T032639.v2.0.NDVI.tif|HLS-VI.S30.T49TFF.2018284T032639.v2.0.NDVI.tif|HLS-VI.S30.T49TFK.2018284T032639.v2.0.NDVI.tif|HLS-VI.S30.T49TGJ.2018284T032639.v2.0.NDVI.tif|HLS-VI.S30.T49TGL.2018284T032639.v2.0.NDVI.tif|HLS-VI.S30.T51UXP.2018284T023621.v2.0.NDVI.tif|HLS-VI.S30.T51UYS.2018284T023621.v2.0.NDVI.tif
2018-10-12,38,"T48SUG,T48TUK,T48TVK,T48TVL,T48TVM,T48TWL,T48TWM,T48TXL,T48TXM,T48TXN,T48TYM,T48TYN,T49TBG,T50TNN,T50TPM,T50TPN,T50TPP,T50TPR,T50TPS,T50TQM,T50TQN,T50TQP,T50TQQ,T50TQR,T50TQS,T50UPU,T51TTG,T51TUG,T51TUH,T51TUJ,T51TUK,T51TUL,T51TUM,T51TUN,T51TVL,T51TVM,T51TVN,T51UUP",4,"EPSG:32648,EPSG:32649,EPSG:32650,EPSG:32651",152,132,0.26811963073914175,0.12492608226013094,290662169,474890245,0.612061780717353,EPSG:32648:12files:69008698valid:40chunks|EPSG:32649:1files:5581164valid:4chunks|EPSG:32650:13files:131873257valid:59chunks|EPSG:32651:12files:84199050valid:49chunks,HLS-VI.S30.T48SUG.2018285T034701.v2.0.NDVI.tif|HLS-VI.S30.T48TUK.2018285T034701.v2.0.NDVI.tif|HLS-VI.S30.T48TVK.2018285T034701.v2.0.NDVI.tif|HLS-VI.S30.T48TVL.2018285T034701.v2.0.NDVI.tif|HLS-VI.S30.T48TVM.2018285T034701.v2.0.NDVI.tif|HLS-VI.S30.T48TWL.2018285T034701.v2.0.NDVI.tif|HLS-VI.S30.T48TWM.2018285T034701.v2.0.NDVI.tif|HLS-VI.S30.T48TXL.2018285T034701.v2.0.NDVI.tif|HLS-VI.S30.T48TXM.2018285T034701.v2.0.NDVI.tif|HLS-VI.S30.T48TXN.2018285T034701.v2.0.NDVI.tif|HLS-VI.S30.T48TYM.2018285T034701.v2.0.NDVI.tif|HLS-VI.S30.T48TYN.2018285T034701.v2.0.NDVI.tif|HLS-VI.S30.T49TBG.2018285T034701.v2.0.NDVI.tif|HLS-VI.S30.T50TNN.2018285T025639.v2.0.NDVI.tif|HLS-VI.S30.T50TPM.2018285T025639.v2.0.NDVI.tif|HLS-VI.S30.T50TPN.2018285T025639.v2.0.NDVI.tif|HLS-VI.S30.T50TPP.2018285T025639.v2.0.NDVI.tif|HLS-VI.S30.T50TPR.2018285T025639.v2.0.NDVI.tif|HLS-VI.S30.T50TPS.2018285T025639.v2.0.NDVI.tif|HLS-VI.S30.T50TQM.2018285T025639.v2.0.NDVI.tif|HLS-VI.S30.T50TQN.2018285T025639.v2.0.NDVI.tif|HLS-VI.S30.T50TQP.2018285T025639.v2.0.NDVI.tif|HLS-VI.S30.T50TQQ.2018285T025639.v2.0.NDVI.tif|HLS-VI.S30.T50TQR.2018285T025639.v2.0.NDVI.tif|HLS-VI.S30.T50TQS.2018285T025639.v2.0.NDVI.tif|HLS-VI.S30.T50UPU.2018285T025639.v2.0.NDVI.tif|HLS-VI.S30.T51TTG.2018285T025639.v2.0.NDVI.tif|HLS-VI.S30.T51TUG.2018285T025639.v2.0.NDVI.tif|HLS-VI.S30.T51TUH.2018285T025639.v2.0.NDVI.tif|HLS-VI.S30.T51TUJ.2018285T025639.v2.0.NDVI.tif|HLS-VI.S30.T51TUK.2018285T025639.v2.0.NDVI.tif|HLS-VI.S30.T51TUL.2018285T025639.v2.0.NDVI.tif|HLS-VI.S30.T51TUM.2018285T025639.v2.0.NDVI.tif|HLS-VI.S30.T51TUN.2018285T025639.v2.0.NDVI.tif|HLS-VI.S30.T51TVL.2018285T025639.v2.0.NDVI.tif|HLS-VI.S30.T51TVM.2018285T025639.v2.0.NDVI.tif|HLS-VI.S30.T51TVN.2018285T025639.v2.0.NDVI.tif|HLS-VI.S30.T51UUP.2018285T025639.v2.0.NDVI.tif
2018-10-13,6,"T47TQH,T48TUM,T49TEH,T50TLQ,T50TMR,T50TMS",4,"EPSG:32647,EPSG:32648,EPSG:32649,EPSG:32650",24,20,0.22014246464163165,0.06244781730549158,28774124,54290857,0.5299994435527146,EPSG:32647:1files:473737valid:1chunks|EPSG:32648:1files:1419582valid:4chunks|EPSG:32649:1files:2139098valid:4chunks|EPSG:32650:3files:24741707valid:15chunks,HLS-VI.S30.T47TQH.2018286T040709.v2.0.NDVI.tif|HLS-VI.S30.T48TUM.2018286T040709.v2.0.NDVI.tif|HLS-VI.S30.T49TEH.2018286T031651.v2.0.NDVI.tif|HLS-VI.S30.T50TLQ.2018286T031651.v2.0.NDVI.tif|HLS-VI.S30.T50TMR.2018286T031651.v2.0.NDVI.tif|HLS-VI.S30.T50TMS.2018286T031651.v2.0.NDVI.tif
2018-10-14,13,"T47TLG,T47TLH,T48TXN,T48TYN,T49TCH,T49TDJ,T50TPM,T50TQN,T50TQP,T50TQQ,T51TUH,T51TUJ,T51TUK",5,"EPSG:32647,EPSG:32648,EPSG:32649,EPSG:32650,EPSG:32651",43,37,0.26515406042002637,0.11012562532738428,69176168,113634161,0.6087620781571134,EPSG:32647:2files:4641738valid:3chunks|EPSG:32648:2files:1610272valid:3chunks|EPSG:32649:2files:1889491valid:4chunks|EPSG:32650:4files:24868368valid:22chunks|EPSG:32651:3files:36166299valid:11chunks,HLS-VI.S30.T47TLG.2018287T042731.v2.0.NDVI.tif|HLS-VI.S30.T47TLH.2018287T042731.v2.0.NDVI.tif|HLS-VI.S30.T48TXN.2018287T033709.v2.0.NDVI.tif|HLS-VI.S30.T48TYN.2018287T033709.v2.0.NDVI.tif|HLS-VI.S30.T49TCH.2018287T033709.v2.0.NDVI.tif|HLS-VI.S30.T49TDJ.2018287T033709.v2.0.NDVI.tif|HLS-VI.S30.T50TPM.2018287T024641.v2.0.NDVI.tif|HLS-VI.S30.T50TQN.2018287T024641.v2.0.NDVI.tif|HLS-VI.S30.T50TQP.2018287T024641.v2.0.NDVI.tif|HLS-VI.S30.T50TQQ.2018287T024641.v2.0.NDVI.tif|HLS-VI.S30.T51TUH.2018287T024641.v2.0.NDVI.tif|HLS-VI.S30.T51TUJ.2018287T024641.v2.0.NDVI.tif|HLS-VI.S30.T51TUK.2018287T024641.v2.0.NDVI.tif
2018-10-15,43,"T47SPD,T47TPE,T47TQH,T48TTK,T48TTL,T48TUK,T48TUL,T48TUM,T48TVL,T48TVM,T50TLQ,T50TLR,T50TMP,T50TMR,T50TMS,T50TMT,T50TNQ,T50TNT,T50TPN,T50TPP,T50TPQ,T50TPR,T50TPS,T50TPT,T50TQS,T50TQT,T50UNA,T50UPA,T50UPB,T50UPC,T50UPU,T50UQA,T50UQB,T50UQU,T50UQV,T51UUP,T51UUQ,T51UUS,T51UUT,T51UVS,T51UVT,T51UVU,T51UVV",4,"EPSG:32647,EPSG:32648,EPSG:32650,EPSG:32651",166,134,0.24877116505953933,0.1341986624070915,263013858,512546477,0.5131512356488209,EPSG:32647:3files:5489007valid:9chunks|EPSG:32648:7files:66798117valid:28chunks|EPSG:32650:25files:149142775valid:98chunks|EPSG:32651:8files:41583959valid:31chunks,HLS-VI.S30.T47SPD.2018288T035721.v2.0.NDVI.tif|HLS-VI.S30.T47TPE.2018288T035721.v2.0.NDVI.tif|HLS-VI.S30.T47TQH.2018288T035721.v2.0.NDVI.tif|HLS-VI.S30.T48TTK.2018288T035721.v2.0.NDVI.tif|HLS-VI.S30.T48TTL.2018288T035721.v2.0.NDVI.tif|HLS-VI.S30.T48TUK.2018288T035721.v2.0.NDVI.tif|HLS-VI.S30.T48TUL.2018288T035721.v2.0.NDVI.tif|HLS-VI.S30.T48TUM.2018288T035721.v2.0.NDVI.tif|HLS-VI.S30.T48TVL.2018288T035721.v2.0.NDVI.tif|HLS-VI.S30.T48TVM.2018288T035721.v2.0.NDVI.tif|HLS-VI.S30.T50TLQ.2018288T030659.v2.0.NDVI.tif|HLS-VI.S30.T50TLR.2018288T030659.v2.0.NDVI.tif|HLS-VI.S30.T50TMP.2018288T030659.v2.0.NDVI.tif|HLS-VI.S30.T50TMR.2018288T030659.v2.0.NDVI.tif|HLS-VI.S30.T50TMS.2018288T030659.v2.0.NDVI.tif|HLS-VI.S30.T50TMT.2018288T030659.v2.0.NDVI.tif|HLS-VI.S30.T50TNQ.2018288T030659.v2.0.NDVI.tif|HLS-VI.S30.T50TNT.2018288T030659.v2.0.NDVI.tif|HLS-VI.S30.T50TPN.2018288T030659.v2.0.NDVI.tif|HLS-VI.S30.T50TPP.2018288T030659.v2.0.NDVI.tif|HLS-VI.S30.T50TPQ.2018288T030659.v2.0.NDVI.tif|HLS-VI.S30.T50TPR.2018288T030659.v2.0.NDVI.tif|HLS-VI.S30.T50TPS.2018288T030659.v2.0.NDVI.tif|HLS-VI.S30.T50TPT.2018288T030659.v2.0.NDVI.tif|HLS-VI.S30.T50TQS.2018288T030659.v2.0.NDVI.tif|HLS-VI.S30.T50TQT.2018288T030659.v2.0.NDVI.tif|HLS-VI.S30.T50UNA.2018288T030659.v2.0.NDVI.tif|HLS-VI.S30.T50UPA.2018288T030659.v2.0.NDVI.tif|HLS-VI.S30.T50UPB.2018288T030659.v2.0.NDVI.tif|HLS-VI.S30.T50UPC.2018288T030659.v2.0.NDVI.tif|HLS-VI.S30.T50UPU.2018288T030659.v2.0.NDVI.tif|HLS-VI.S30.T50UQA.2018288T030659.v2.0.NDVI.tif|HLS-VI.S30.T50UQB.2018288T030659.v2.0.NDVI.tif|HLS-VI.S30.T50UQU.2018288T030659.v2.0.NDVI.tif|HLS-VI.S30.T50UQV.2018288T030659.v2.0.NDVI.tif|HLS-VI.S30.T51UUP.2018288T030659.v2.0.NDVI.tif|HLS-VI.S30.T51UUQ.2018288T030659.v2.0.NDVI.tif|HLS-VI.S30.T51UUS.2018288T030659.v2.0.NDVI.tif|HLS-VI.S30.T51UUT.2018288T030659.v2.0.NDVI.tif|HLS-VI.S30.T51UVS.2018288T030659.v2.0.NDVI.tif|HLS-VI.S30.T51UVT.2018288T030659.v2.0.NDVI.tif|HLS-VI.S30.T51UVU.2018288T030659.v2.0.NDVI.tif|HLS-VI.S30.T51UVV.2018288T030659.v2.0.NDVI.tif
2018-10-16,45,"T47TLF,T47TLG,T47TLH,T47TMF,T47TMG,T47TMH,T47TNF,T47TNG,T47TNH,T48SYH,T48SYJ,T49SBC,T49SBD,T49SCB,T49SCD,T49SED,T49TBE,T49TCE,T49TCF,T49TCG,T49TCH,T49TDE,T49TDF,T49TDG,T49TDH,T49TDJ,T49TEE,T49TEF,T49TEG,T49TEH,T49TEJ,T49TEK,T49TEL,T49TFG,T49TFH,T49TFJ,T49TFK,T49TGL,T51TVH,T51TWH,T51TWM,T51TWN,T51UXQ,T51UXR,T51UXS",4,"EPSG:32647,EPSG:32648,EPSG:32649,EPSG:32651",132,107,0.1913864487223247,0.10937237905246125,250866193,405759209,0.6182637077252386,EPSG:32647:9files:48038462valid:17chunks|EPSG:32648:2files:4042088valid:8chunks|EPSG:32649:27files:176056528valid:82chunks|EPSG:32651:7files:22729115valid:25chunks,HLS-VI.S30.T47TLF.2018289T041739.v2.0.NDVI.tif|HLS-VI.S30.T47TLG.2018289T041739.v2.0.NDVI.tif|HLS-VI.S30.T47TLH.2018289T041739.v2.0.NDVI.tif|HLS-VI.S30.T47TMF.2018289T041739.v2.0.NDVI.tif|HLS-VI.S30.T47TMG.2018289T041739.v2.0.NDVI.tif|HLS-VI.S30.T47TMH.2018289T041739.v2.0.NDVI.tif|HLS-VI.S30.T47TNF.2018289T041739.v2.0.NDVI.tif|HLS-VI.S30.T47TNG.2018289T041739.v2.0.NDVI.tif|HLS-VI.S30.T47TNH.2018289T041739.v2.0.NDVI.tif|HLS-VI.S30.T48SYH.2018289T032711.v2.0.NDVI.tif|HLS-VI.S30.T48SYJ.2018289T032711.v2.0.NDVI.tif|HLS-VI.S30.T49SBC.2018289T032711.v2.0.NDVI.tif|HLS-VI.S30.T49SBD.2018289T032711.v2.0.NDVI.tif|HLS-VI.S30.T49SCB.2018289T032711.v2.0.NDVI.tif|HLS-VI.S30.T49SCD.2018289T032711.v2.0.NDVI.tif|HLS-VI.S30.T49SED.2018289T032711.v2.0.NDVI.tif|HLS-VI.S30.T49TBE.2018289T032711.v2.0.NDVI.tif|HLS-VI.S30.T49TCE.2018289T032711.v2.0.NDVI.tif|HLS-VI.S30.T49TCF.2018289T032711.v2.0.NDVI.tif|HLS-VI.S30.T49TCG.2018289T032711.v2.0.NDVI.tif|HLS-VI.S30.T49TCH.2018289T032711.v2.0.NDVI.tif|HLS-VI.S30.T49TDE.2018289T032711.v2.0.NDVI.tif|HLS-VI.S30.T49TDF.2018289T032711.v2.0.NDVI.tif|HLS-VI.S30.T49TDG.2018289T032711.v2.0.NDVI.tif|HLS-VI.S30.T49TDH.2018289T032711.v2.0.NDVI.tif|HLS-VI.S30.T49TDJ.2018289T032711.v2.0.NDVI.tif|HLS-VI.S30.T49TEE.2018289T032711.v2.0.NDVI.tif|HLS-VI.S30.T49TEF.2018289T032711.v2.0.NDVI.tif|HLS-VI.S30.T49TEG.2018289T032711.v2.0.NDVI.tif|HLS-VI.S30.T49TEH.2018289T032711.v2.0.NDVI.tif|HLS-VI.S30.T49TEJ.2018289T032711.v2.0.NDVI.tif|HLS-VI.S30.T49TEK.2018289T032711.v2.0.NDVI.tif|HLS-VI.S30.T49TEL.2018289T032711.v2.0.NDVI.tif|HLS-VI.S30.T49TFG.2018289T032711.v2.0.NDVI.tif|HLS-VI.S30.T49TFH.2018289T032711.v2.0.NDVI.tif|HLS-VI.S30.T49TFJ.2018289T032711.v2.0.NDVI.tif|HLS-VI.S30.T49TFK.2018289T032711.v2.0.NDVI.tif|HLS-VI.S30.T49TGL.2018289T032711.v2.0.NDVI.tif|HLS-VI.S30.T51TVH.2018289T023659.v2.0.NDVI.tif|HLS-VI.S30.T51TWH.2018289T023659.v2.0.NDVI.tif|HLS-VI.S30.T51TWM.2018289T023659.v2.0.NDVI.tif|HLS-VI.S30.T51TWN.2018289T023659.v2.0.NDVI.tif|HLS-VI.S30.T51UXQ.2018289T023659.v2.0.NDVI.tif|HLS-VI.S30.T51UXR.2018289T023659.v2.0.NDVI.tif|HLS-VI.S30.T51UXS.2018289T023659.v2.0.NDVI.tif
2018-10-17,42,"T48TVM,T48TWM,T48TXN,T50TNM,T50TNN,T50TNP,T50TNQ,T50TNS,T50TPL,T50TPN,T50TPP,T50TPQ,T50TQM,T50TQN,T50TQP,T50TQR,T50TQS,T50UPA,T50UPU,T50UQA,T50UQB,T50UQC,T50UQU,T51TTG,T51TUJ,T51TUK,T51TUM,T51TUN,T51TVM,T51UUP,T51UUQ,T51UUR,T51UUS,T51UUT,T51UVP,T51UVQ,T51UVR,T51UVS,T51UVT,T51UWR,T51UWS,T51UWT",3,"EPSG:32648,EPSG:32650,EPSG:32651",184,166,0.32467372395800115,0.09669743359867185,347550074,565536550,0.614549270069282,EPSG:32648:3files:8131608valid:11chunks|EPSG:32650:20files:161044919valid:92chunks|EPSG:32651:19files:178373547valid:81chunks,HLS-VI.S30.T48TVM.2018290T034729.v2.0.NDVI.tif|HLS-VI.S30.T48TWM.2018290T034729.v2.0.NDVI.tif|HLS-VI.S30.T48TXN.2018290T034729.v2.0.NDVI.tif|HLS-VI.S30.T50TNM.2018290T025711.v2.0.NDVI.tif|HLS-VI.S30.T50TNN.2018290T025711.v2.0.NDVI.tif|HLS-VI.S30.T50TNP.2018290T025711.v2.0.NDVI.tif|HLS-VI.S30.T50TNQ.2018290T025711.v2.0.NDVI.tif|HLS-VI.S30.T50TNS.2018290T025711.v2.0.NDVI.tif|HLS-VI.S30.T50TPL.2018290T025711.v2.0.NDVI.tif|HLS-VI.S30.T50TPN.2018290T025711.v2.0.NDVI.tif|HLS-VI.S30.T50TPP.2018290T025711.v2.0.NDVI.tif|HLS-VI.S30.T50TPQ.2018290T025711.v2.0.NDVI.tif|HLS-VI.S30.T50TQM.2018290T025711.v2.0.NDVI.tif|HLS-VI.S30.T50TQN.2018290T025711.v2.0.NDVI.tif|HLS-VI.S30.T50TQP.2018290T025711.v2.0.NDVI.tif|HLS-VI.S30.T50TQR.2018290T025711.v2.0.NDVI.tif|HLS-VI.S30.T50TQS.2018290T025711.v2.0.NDVI.tif|HLS-VI.S30.T50UPA.2018290T025711.v2.0.NDVI.tif|HLS-VI.S30.T50UPU.2018290T025711.v2.0.NDVI.tif|HLS-VI.S30.T50UQA.2018290T025711.v2.0.NDVI.tif|HLS-VI.S30.T50UQB.2018290T025711.v2.0.NDVI.tif|HLS-VI.S30.T50UQC.2018290T025711.v2.0.NDVI.tif|HLS-VI.S30.T50UQU.2018290T025711.v2.0.NDVI.tif|HLS-VI.S30.T51TTG.2018290T025711.v2.0.NDVI.tif|HLS-VI.S30.T51TUJ.2018290T025711.v2.0.NDVI.tif|HLS-VI.S30.T51TUK.2018290T025711.v2.0.NDVI.tif|HLS-VI.S30.T51TUM.2018290T025711.v2.0.NDVI.tif|HLS-VI.S30.T51TUN.2018290T025711.v2.0.NDVI.tif|HLS-VI.S30.T51TVM.2018290T025711.v2.0.NDVI.tif|HLS-VI.S30.T51UUP.2018290T025711.v2.0.NDVI.tif|HLS-VI.S30.T51UUQ.2018290T025711.v2.0.NDVI.tif|HLS-VI.S30.T51UUR.2018290T025711.v2.0.NDVI.tif|HLS-VI.S30.T51UUS.2018290T025711.v2.0.NDVI.tif|HLS-VI.S30.T51UUT.2018290T025711.v2.0.NDVI.tif|HLS-VI.S30.T51UVP.2018290T025711.v2.0.NDVI.tif|HLS-VI.S30.T51UVQ.2018290T025711.v2.0.NDVI.tif|HLS-VI.S30.T51UVR.2018290T025711.v2.0.NDVI.tif|HLS-VI.S30.T51UVS.2018290T025711.v2.0.NDVI.tif|HLS-VI.S30.T51UVT.2018290T025711.v2.0.NDVI.tif|HLS-VI.S30.T51UWR.2018290T025711.v2.0.NDVI.tif|HLS-VI.S30.T51UWS.2018290T025711.v2.0.NDVI.tif|HLS-VI.S30.T51UWT.2018290T025711.v2.0.NDVI.tif
2018-10-18,9,"T50TLR,T50TLT,T50TMR,T50TMS,T50TNR,T50TNS,T50UMU,T50UNA,T50UPA",1,EPSG:32650,32,21,0.20450979995991897,0.0506930487668426,30220464,81558971,0.37053513095450896,EPSG:32650:9files:30220464valid:32chunks,HLS-VI.S30.T50TLR.2018291T031729.v2.0.NDVI.tif|HLS-VI.S30.T50TLT.2018291T031729.v2.0.NDVI.tif|HLS-VI.S30.T50TMR.2018291T031729.v2.0.NDVI.tif|HLS-VI.S30.T50TMS.2018291T031729.v2.0.NDVI.tif|HLS-VI.S30.T50TNR.2018291T031729.v2.0.NDVI.tif|HLS-VI.S30.T50TNS.2018291T031729.v2.0.NDVI.tif|HLS-VI.S30.T50UMU.2018291T031729.v2.0.NDVI.tif|HLS-VI.S30.T50UNA.2018291T031729.v2.0.NDVI.tif|HLS-VI.S30.T50UPA.2018291T031729.v2.0.NDVI.tif
2018-10-19,24,"T50TQL,T50TQM,T50TQN,T50TQP,T50TQQ,T51TTF,T51TTG,T51TUG,T51TUJ,T51TUN,T51TVH,T51TWH,T51TWJ,T51TWN,T51UUP,T51UVP,T51UVQ,T51UVR,T51UWP,T51UWQ,T51UWR,T51UXP,T51UXQ,T51UXS",2,"EPSG:32650,EPSG:32651",78,69,0.3064234434123247,0.08883689324521048,139317204,256071813,0.5440552100125132,EPSG:32650:5files:26455897valid:13chunks|EPSG:32651:19files:112861307valid:65chunks,HLS-VI.S30.T50TQL.2018292T024719.v2.0.NDVI.tif|HLS-VI.S30.T50TQM.2018292T024719.v2.0.NDVI.tif|HLS-VI.S30.T50TQN.2018292T024719.v2.0.NDVI.tif|HLS-VI.S30.T50TQP.2018292T024719.v2.0.NDVI.tif|HLS-VI.S30.T50TQQ.2018292T024719.v2.0.NDVI.tif|HLS-VI.S30.T51TTF.2018292T024719.v2.0.NDVI.tif|HLS-VI.S30.T51TTG.2018292T024719.v2.0.NDVI.tif|HLS-VI.S30.T51TUG.2018292T024719.v2.0.NDVI.tif|HLS-VI.S30.T51TUJ.2018292T024719.v2.0.NDVI.tif|HLS-VI.S30.T51TUN.2018292T024719.v2.0.NDVI.tif|HLS-VI.S30.T51TVH.2018292T024719.v2.0.NDVI.tif|HLS-VI.S30.T51TWH.2018292T024719.v2.0.NDVI.tif|HLS-VI.S30.T51TWJ.2018292T024719.v2.0.NDVI.tif|HLS-VI.S30.T51TWN.2018292T024719.v2.0.NDVI.tif|HLS-VI.S30.T51UUP.2018292T024719.v2.0.NDVI.tif|HLS-VI.S30.T51UVP.2018292T024719.v2.0.NDVI.tif|HLS-VI.S30.T51UVQ.2018292T024719.v2.0.NDVI.tif|HLS-VI.S30.T51UVR.2018292T024719.v2.0.NDVI.tif|HLS-VI.S30.T51UWP.2018292T024719.v2.0.NDVI.tif|HLS-VI.S30.T51UWQ.2018292T024719.v2.0.NDVI.tif|HLS-VI.S30.T51UWR.2018292T024719.v2.0.NDVI.tif|HLS-VI.S30.T51UXP.2018292T024719.v2.0.NDVI.tif|HLS-VI.S30.T51UXQ.2018292T024719.v2.0.NDVI.tif|HLS-VI.S30.T51UXS.2018292T024719.v2.0.NDVI.tif
2018-10-20,21,"T50TPS,T50TPT,T50TQT,T50UNA,T50UPA,T50UPB,T50UPC,T50UPU,T50UQA,T50UQB,T50UQC,T50UQE,T50UQU,T50UQV,T51UUQ,T51UUR,T51UUS,T51UUT,T51UUV,T51UVT,T51UVU",2,"EPSG:32650,EPSG:32651",78,69,0.32471921028382333,0.0934112248318466,138643491,210470032,0.6587326931180397,EPSG:32650:14files:90865052valid:54chunks|EPSG:32651:7files:47778439valid:24chunks,HLS-VI.S30.T50TPS.2018293T030731.v2.0.NDVI.tif|HLS-VI.S30.T50TPT.2018293T030731.v2.0.NDVI.tif|HLS-VI.S30.T50TQT.2018293T030731.v2.0.NDVI.tif|HLS-VI.S30.T50UNA.2018293T030731.v2.0.NDVI.tif|HLS-VI.S30.T50UPA.2018293T030731.v2.0.NDVI.tif|HLS-VI.S30.T50UPB.2018293T030731.v2.0.NDVI.tif|HLS-VI.S30.T50UPC.2018293T030731.v2.0.NDVI.tif|HLS-VI.S30.T50UPU.2018293T030731.v2.0.NDVI.tif|HLS-VI.S30.T50UQA.2018293T030731.v2.0.NDVI.tif|HLS-VI.S30.T50UQB.2018293T030731.v2.0.NDVI.tif|HLS-VI.S30.T50UQC.2018293T030731.v2.0.NDVI.tif|HLS-VI.S30.T50UQE.2018293T030731.v2.0.NDVI.tif|HLS-VI.S30.T50UQU.2018293T030731.v2.0.NDVI.tif|HLS-VI.S30.T50UQV.2018293T030731.v2.0.NDVI.tif|HLS-VI.S30.T51UUQ.2018293T030731.v2.0.NDVI.tif|HLS-VI.S30.T51UUR.2018293T030731.v2.0.NDVI.tif|HLS-VI.S30.T51UUS.2018293T030731.v2.0.NDVI.tif|HLS-VI.S30.T51UUT.2018293T030731.v2.0.NDVI.tif|HLS-VI.S30.T51UUV.2018293T030731.v2.0.NDVI.tif|HLS-VI.S30.T51UVT.2018293T030731.v2.0.NDVI.tif|HLS-VI.S30.T51UVU.2018293T030731.v2.0.NDVI.tif
2018-10-21,6,"T47TLF,T47TNG,T51UWQ,T51UXP,T51UXQ,T51UXR",2,"EPSG:32647,EPSG:32651",20,15,0.17508993151872732,0.1586516765086233,26168473,59894955,0.43690613007389356,EPSG:32647:2files:15298420valid:7chunks|EPSG:32651:4files:10870053valid:13chunks,HLS-VI.S30.T47TLF.2018294T041811.v2.0.NDVI.tif|HLS-VI.S30.T47TNG.2018294T041811.v2.0.NDVI.tif|HLS-VI.S30.T51UWQ.2018294T023731.v2.0.NDVI.tif|HLS-VI.S30.T51UXP.2018294T023731.v2.0.NDVI.tif|HLS-VI.S30.T51UXQ.2018294T023731.v2.0.NDVI.tif|HLS-VI.S30.T51UXR.2018294T023731.v2.0.NDVI.tif
2018-10-22,11,"T48SXJ,T48TUK,T48TVK,T48TVL,T48TVM,T48TWL,T48TWM,T48TXL,T50TNN,T50TQS,T50UQV",2,"EPSG:32648,EPSG:32650",59,51,0.16752190481258925,0.10352410991642662,94229767,186973120,0.5039749403550629,EPSG:32648:8files:58594121valid:39chunks|EPSG:32650:3files:35635646valid:20chunks,HLS-VI.S30.T48SXJ.2018295T034801.v2.0.NDVI.tif|HLS-VI.S30.T48TUK.2018295T034801.v2.0.NDVI.tif|HLS-VI.S30.T48TVK.2018295T034801.v2.0.NDVI.tif|HLS-VI.S30.T48TVL.2018295T034801.v2.0.NDVI.tif|HLS-VI.S30.T48TVM.2018295T034801.v2.0.NDVI.tif|HLS-VI.S30.T48TWL.2018295T034801.v2.0.NDVI.tif|HLS-VI.S30.T48TWM.2018295T034801.v2.0.NDVI.tif|HLS-VI.S30.T48TXL.2018295T034801.v2.0.NDVI.tif|HLS-VI.S30.T50TNN.2018295T025739.v2.0.NDVI.tif|HLS-VI.S30.T50TQS.2018295T025739.v2.0.NDVI.tif|HLS-VI.S30.T50UQV.2018295T025739.v2.0.NDVI.tif
2018-10-23,18,"T47SPD,T47SQD,T47TNF,T47TNG,T47TNH,T47TQE,T47TQH,T48STJ,T48TTK,T48TUM,T49SED,T49TEE,T49TEF,T49TEG,T49TFF,T49TFG,T49TGE,T50TKK",4,"EPSG:32647,EPSG:32648,EPSG:32649,EPSG:32650",60,50,0.1471542549322573,0.0961801327911121,95264530,178219343,0.5345353001329378,EPSG:32647:7files:37737793valid:26chunks|EPSG:32648:3files:12504930valid:13chunks|EPSG:32649:7files:44430456valid:20chunks|EPSG:32650:1files:591351valid:1chunks,HLS-VI.S30.T47SPD.2018296T040819.v2.0.NDVI.tif|HLS-VI.S30.T47SQD.2018296T040819.v2.0.NDVI.tif|HLS-VI.S30.T47TNF.2018296T040819.v2.0.NDVI.tif|HLS-VI.S30.T47TNG.2018296T040819.v2.0.NDVI.tif|HLS-VI.S30.T47TNH.2018296T040819.v2.0.NDVI.tif|HLS-VI.S30.T47TQE.2018296T040819.v2.0.NDVI.tif|HLS-VI.S30.T47TQH.2018296T040819.v2.0.NDVI.tif|HLS-VI.S30.T48STJ.2018296T040819.v2.0.NDVI.tif|HLS-VI.S30.T48TTK.2018296T040819.v2.0.NDVI.tif|HLS-VI.S30.T48TUM.2018296T040819.v2.0.NDVI.tif|HLS-VI.S30.T49SED.2018296T031801.v2.0.NDVI.tif|HLS-VI.S30.T49TEE.2018296T031801.v2.0.NDVI.tif|HLS-VI.S30.T49TEF.2018296T031801.v2.0.NDVI.tif|HLS-VI.S30.T49TEG.2018296T031801.v2.0.NDVI.tif|HLS-VI.S30.T49TFF.2018296T031801.v2.0.NDVI.tif|HLS-VI.S30.T49TFG.2018296T031801.v2.0.NDVI.tif|HLS-VI.S30.T49TGE.2018296T031801.v2.0.NDVI.tif|HLS-VI.S30.T50TKK.2018296T031801.v2.0.NDVI.tif
2018-10-24,29,"T48SXJ,T48SYJ,T48TXM,T48TXN,T48TYK,T48TYL,T48TYM,T49SBD,T49SCD,T49TBE,T49TBF,T49TBG,T49TCF,T49TCG,T49TCH,T49TDF,T49TDG,T49TDJ,T50TPL,T50TQL,T50TQM,T50TQN,T51TTF,T51TTG,T51TUG,T51TUH,T51TVH,T51TVN,T51TWN",4,"EPSG:32648,EPSG:32649,EPSG:32650,EPSG:32651",98,89,0.17554836269667828,0.09885269540678308,196931891,275792426,0.7140583730171038,EPSG:32648:7files:62812865valid:30chunks|EPSG:32649:11files:88447096valid:37chunks|EPSG:32650:4files:13249370valid:11chunks|EPSG:32651:7files:32422560valid:20chunks,HLS-VI.S30.T48SXJ.2018297T033809.v2.0.NDVI.tif|HLS-VI.S30.T48SYJ.2018297T033809.v2.0.NDVI.tif|HLS-VI.S30.T48TXM.2018297T033809.v2.0.NDVI.tif|HLS-VI.S30.T48TXN.2018297T033809.v2.0.NDVI.tif|HLS-VI.S30.T48TYK.2018297T033809.v2.0.NDVI.tif|HLS-VI.S30.T48TYL.2018297T033809.v2.0.NDVI.tif|HLS-VI.S30.T48TYM.2018297T033809.v2.0.NDVI.tif|HLS-VI.S30.T49SBD.2018297T033809.v2.0.NDVI.tif|HLS-VI.S30.T49SCD.2018297T033809.v2.0.NDVI.tif|HLS-VI.S30.T49TBE.2018297T033809.v2.0.NDVI.tif|HLS-VI.S30.T49TBF.2018297T033809.v2.0.NDVI.tif|HLS-VI.S30.T49TBG.2018297T033809.v2.0.NDVI.tif|HLS-VI.S30.T49TCF.2018297T033809.v2.0.NDVI.tif|HLS-VI.S30.T49TCG.2018297T033809.v2.0.NDVI.tif|HLS-VI.S30.T49TCH.2018297T033809.v2.0.NDVI.tif|HLS-VI.S30.T49TDF.2018297T033809.v2.0.NDVI.tif|HLS-VI.S30.T49TDG.2018297T033809.v2.0.NDVI.tif|HLS-VI.S30.T49TDJ.2018297T033809.v2.0.NDVI.tif|HLS-VI.S30.T50TPL.2018297T024751.v2.0.NDVI.tif|HLS-VI.S30.T50TQL.2018297T024751.v2.0.NDVI.tif|HLS-VI.S30.T50TQM.2018297T024751.v2.0.NDVI.tif|HLS-VI.S30.T50TQN.2018297T024751.v2.0.NDVI.tif|HLS-VI.S30.T51TTF.2018297T024751.v2.0.NDVI.tif|HLS-VI.S30.T51TTG.2018297T024751.v2.0.NDVI.tif|HLS-VI.S30.T51TUG.2018297T024751.v2.0.NDVI.tif|HLS-VI.S30.T51TUH.2018297T024751.v2.0.NDVI.tif|HLS-VI.S30.T51TVH.2018297T024751.v2.0.NDVI.tif|HLS-VI.S30.T51TVN.2018297T024751.v2.0.NDVI.tif|HLS-VI.S30.T51TWN.2018297T024751.v2.0.NDVI.tif
2018-10-25,7,"T47SPD,T47TQE,T47TQH,T48TUK,T48TUL,T48TVL,T48TVM",2,"EPSG:32647,EPSG:32648",30,27,0.08079536172261638,0.02050781593532562,55923049,88315505,0.633218923449512,EPSG:32647:3files:16466210valid:13chunks|EPSG:32648:4files:39456839valid:17chunks,HLS-VI.S30.T47SPD.2018298T035821.v2.0.NDVI.tif|HLS-VI.S30.T47TQE.2018298T035821.v2.0.NDVI.tif|HLS-VI.S30.T47TQH.2018298T035821.v2.0.NDVI.tif|HLS-VI.S30.T48TUK.2018298T035821.v2.0.NDVI.tif|HLS-VI.S30.T48TUL.2018298T035821.v2.0.NDVI.tif|HLS-VI.S30.T48TVL.2018298T035821.v2.0.NDVI.tif|HLS-VI.S30.T48TVM.2018298T035821.v2.0.NDVI.tif
2018-10-26,30,"T47TLF,T47TLG,T47TLH,T47TMF,T47TMG,T47TMH,T47TNF,T47TNG,T47TNH,T48SYH,T48SYJ,T49SBB,T49SBC,T49SBD,T49SCB,T49SCC,T49SCD,T49SDC,T49SDD,T49TBE,T49TCE,T49TCF,T49TCG,T49TCH,T49TDE,T49TDF,T49TDG,T49TDH,T49TEG,T49TEH",3,"EPSG:32647,EPSG:32648,EPSG:32649",78,66,0.14502692841234674,0.08219450785317389,167112162,256746250,0.6508845289853309,EPSG:32647:9files:48003427valid:17chunks|EPSG:32648:2files:3988674valid:8chunks|EPSG:32649:19files:115120061valid:53chunks,HLS-VI.S30.T47TLF.2018299T041839.v2.0.NDVI.tif|HLS-VI.S30.T47TLG.2018299T041839.v2.0.NDVI.tif|HLS-VI.S30.T47TLH.2018299T041839.v2.0.NDVI.tif|HLS-VI.S30.T47TMF.2018299T041839.v2.0.NDVI.tif|HLS-VI.S30.T47TMG.2018299T041839.v2.0.NDVI.tif|HLS-VI.S30.T47TMH.2018299T041839.v2.0.NDVI.tif|HLS-VI.S30.T47TNF.2018299T041839.v2.0.NDVI.tif|HLS-VI.S30.T47TNG.2018299T041839.v2.0.NDVI.tif|HLS-VI.S30.T47TNH.2018299T041839.v2.0.NDVI.tif|HLS-VI.S30.T48SYH.2018299T032821.v2.0.NDVI.tif|HLS-VI.S30.T48SYJ.2018299T032821.v2.0.NDVI.tif|HLS-VI.S30.T49SBB.2018299T032821.v2.0.NDVI.tif|HLS-VI.S30.T49SBC.2018299T032821.v2.0.NDVI.tif|HLS-VI.S30.T49SBD.2018299T032821.v2.0.NDVI.tif|HLS-VI.S30.T49SCB.2018299T032821.v2.0.NDVI.tif|HLS-VI.S30.T49SCC.2018299T032821.v2.0.NDVI.tif|HLS-VI.S30.T49SCD.2018299T032821.v2.0.NDVI.tif|HLS-VI.S30.T49SDC.2018299T032821.v2.0.NDVI.tif|HLS-VI.S30.T49SDD.2018299T032821.v2.0.NDVI.tif|HLS-VI.S30.T49TBE.2018299T032821.v2.0.NDVI.tif|HLS-VI.S30.T49TCE.2018299T032821.v2.0.NDVI.tif|HLS-VI.S30.T49TCF.2018299T032821.v2.0.NDVI.tif|HLS-VI.S30.T49TCG.2018299T032821.v2.0.NDVI.tif|HLS-VI.S30.T49TCH.2018299T032821.v2.0.NDVI.tif|HLS-VI.S30.T49TDE.2018299T032821.v2.0.NDVI.tif|HLS-VI.S30.T49TDF.2018299T032821.v2.0.NDVI.tif|HLS-VI.S30.T49TDG.2018299T032821.v2.0.NDVI.tif|HLS-VI.S30.T49TDH.2018299T032821.v2.0.NDVI.tif|HLS-VI.S30.T49TEG.2018299T032821.v2.0.NDVI.tif|HLS-VI.S30.T49TEH.2018299T032821.v2.0.NDVI.tif
2018-10-27,14,"T48SWG,T48SXH,T48SXJ,T48TUK,T48TVK,T48TVL,T48TVM,T48TWL,T48TWM,T48TXM,T48TXN,T48TYM,T48TYN,T49TBG",2,"EPSG:32648,EPSG:32649",54,41,0.09322331982835246,0.035995272114397195,67619446,168215672,0.40198065492970236,EPSG:32648:13files:62034880valid:50chunks|EPSG:32649:1files:5584566valid:4chunks,HLS-VI.S30.T48SWG.2018300T034839.v2.0.NDVI.tif|HLS-VI.S30.T48SXH.2018300T034839.v2.0.NDVI.tif|HLS-VI.S30.T48SXJ.2018300T034839.v2.0.NDVI.tif|HLS-VI.S30.T48TUK.2018300T034839.v2.0.NDVI.tif|HLS-VI.S30.T48TVK.2018300T034839.v2.0.NDVI.tif|HLS-VI.S30.T48TVL.2018300T034839.v2.0.NDVI.tif|HLS-VI.S30.T48TVM.2018300T034839.v2.0.NDVI.tif|HLS-VI.S30.T48TWL.2018300T034839.v2.0.NDVI.tif|HLS-VI.S30.T48TWM.2018300T034839.v2.0.NDVI.tif|HLS-VI.S30.T48TXM.2018300T034839.v2.0.NDVI.tif|HLS-VI.S30.T48TXN.2018300T034839.v2.0.NDVI.tif|HLS-VI.S30.T48TYM.2018300T034839.v2.0.NDVI.tif|HLS-VI.S30.T48TYN.2018300T034839.v2.0.NDVI.tif|HLS-VI.S30.T49TBG.2018300T034839.v2.0.NDVI.tif
2018-10-28,9,"T47SPD,T47TNF,T47TNG,T47TNH,T47TQE,T47TQH,T48TTK,T49SED,T49TEE",3,"EPSG:32647,EPSG:32648,EPSG:32649",33,28,0.0981189683513546,0.07165702136202504,51344725,89916764,0.5710250537930835,EPSG:32647:6files:33919627valid:24chunks|EPSG:32648:1files:7996017valid:4chunks|EPSG:32649:2files:9429081valid:5chunks,HLS-VI.S30.T47SPD.2018301T040851.v2.0.NDVI.tif|HLS-VI.S30.T47TNF.2018301T040851.v2.0.NDVI.tif|HLS-VI.S30.T47TNG.2018301T040851.v2.0.NDVI.tif|HLS-VI.S30.T47TNH.2018301T040851.v2.0.NDVI.tif|HLS-VI.S30.T47TQE.2018301T040851.v2.0.NDVI.tif|HLS-VI.S30.T47TQH.2018301T040851.v2.0.NDVI.tif|HLS-VI.S30.T48TTK.2018301T040851.v2.0.NDVI.tif|HLS-VI.S30.T49SED.2018301T031829.v2.0.NDVI.tif|HLS-VI.S30.T49TEE.2018301T031829.v2.0.NDVI.tif
2018-10-29,21,"T47TLF,T47TLG,T47TLH,T47TMG,T47TMH,T48SYG,T48SYJ,T48TXL,T48TXM,T48TXN,T48TYM,T48TYN,T49SBB,T49SBD,T49SCD,T49TBF,T49TBG,T49TCE,T49TCF,T49TCG,T49TCH",3,"EPSG:32647,EPSG:32648,EPSG:32649",74,64,0.13696862681553484,0.07863235273258938,128648758,221145812,0.581737256683839,EPSG:32647:5files:5457613valid:10chunks|EPSG:32648:7files:42431711valid:29chunks|EPSG:32649:9files:80759434valid:35chunks,HLS-VI.S30.T47TLF.2018302T042909.v2.0.NDVI.tif|HLS-VI.S30.T47TLG.2018302T042909.v2.0.NDVI.tif|HLS-VI.S30.T47TLH.2018302T042909.v2.0.NDVI.tif|HLS-VI.S30.T47TMG.2018302T042909.v2.0.NDVI.tif|HLS-VI.S30.T47TMH.2018302T042909.v2.0.NDVI.tif|HLS-VI.S30.T48SYG.2018302T033841.v2.0.NDVI.tif|HLS-VI.S30.T48SYJ.2018302T033841.v2.0.NDVI.tif|HLS-VI.S30.T48TXL.2018302T033841.v2.0.NDVI.tif|HLS-VI.S30.T48TXM.2018302T033841.v2.0.NDVI.tif|HLS-VI.S30.T48TXN.2018302T033841.v2.0.NDVI.tif|HLS-VI.S30.T48TYM.2018302T033841.v2.0.NDVI.tif|HLS-VI.S30.T48TYN.2018302T033841.v2.0.NDVI.tif|HLS-VI.S30.T49SBB.2018302T033841.v2.0.NDVI.tif|HLS-VI.S30.T49SBD.2018302T033841.v2.0.NDVI.tif|HLS-VI.S30.T49SCD.2018302T033841.v2.0.NDVI.tif|HLS-VI.S30.T49TBF.2018302T033841.v2.0.NDVI.tif|HLS-VI.S30.T49TBG.2018302T033841.v2.0.NDVI.tif|HLS-VI.S30.T49TCE.2018302T033841.v2.0.NDVI.tif|HLS-VI.S30.T49TCF.2018302T033841.v2.0.NDVI.tif|HLS-VI.S30.T49TCG.2018302T033841.v2.0.NDVI.tif|HLS-VI.S30.T49TCH.2018302T033841.v2.0.NDVI.tif
2018-10-30,8,"T47TPE,T47TQE,T47TQH,T48TTK,T50TLR,T50TMT,T50TNN,T51UUP",4,"EPSG:32647,EPSG:32648,EPSG:32650,EPSG:32651",36,26,0.09867457159800182,0.08766315530602171,42678977,95305596,0.4478118682558787,EPSG:32647:3files:14822869valid:14chunks|EPSG:32648:1files:13368656valid:4chunks|EPSG:32650:3files:11911160valid:14chunks|EPSG:32651:1files:2576292valid:4chunks,HLS-VI.S30.T47TPE.2018303T035859.v2.0.NDVI.tif|HLS-VI.S30.T47TQE.2018303T035859.v2.0.NDVI.tif|HLS-VI.S30.T47TQH.2018303T035859.v2.0.NDVI.tif|HLS-VI.S30.T48TTK.2018303T035859.v2.0.NDVI.tif|HLS-VI.S30.T50TLR.2018303T030831.v2.0.NDVI.tif|HLS-VI.S30.T50TMT.2018303T030831.v2.0.NDVI.tif|HLS-VI.S30.T50TNN.2018303T030831.v2.0.NDVI.tif|HLS-VI.S30.T51UUP.2018303T030831.v2.0.NDVI.tif
2018-10-31,27,"T49SDD,T49SED,T49TCE,T49TCF,T49TCG,T49TCH,T49TDE,T49TDF,T49TDG,T49TDH,T49TEE,T49TEF,T49TEG,T49TEH,T49TEJ,T49TEK,T49TFE,T49TFF,T49TFG,T49TFH,T49TGJ,T49TGL,T50ULU,T51UXR,T51UXS,T51UXT,T51UYS",3,"EPSG:32649,EPSG:32650,EPSG:32651",84,69,0.16653000539264398,0.07806473243935011,152095668,249443205,0.6097406742348424,EPSG:32649:22files:142116192valid:72chunks|EPSG:32650:1files:10435valid:2chunks|EPSG:32651:4files:9969041valid:10chunks,HLS-VI.S30.T49SDD.2018304T032849.v2.0.NDVI.tif|HLS-VI.S30.T49SED.2018304T032849.v2.0.NDVI.tif|HLS-VI.S30.T49TCE.2018304T032849.v2.0.NDVI.tif|HLS-VI.S30.T49TCF.2018304T032849.v2.0.NDVI.tif|HLS-VI.S30.T49TCG.2018304T032849.v2.0.NDVI.tif|HLS-VI.S30.T49TCH.2018304T032849.v2.0.NDVI.tif|HLS-VI.S30.T49TDE.2018304T032849.v2.0.NDVI.tif|HLS-VI.S30.T49TDF.2018304T032849.v2.0.NDVI.tif|HLS-VI.S30.T49TDG.2018304T032849.v2.0.NDVI.tif|HLS-VI.S30.T49TDH.2018304T032849.v2.0.NDVI.tif|HLS-VI.S30.T49TEE.2018304T032849.v2.0.NDVI.tif|HLS-VI.S30.T49TEF.2018304T032849.v2.0.NDVI.tif|HLS-VI.S30.T49TEG.2018304T032849.v2.0.NDVI.tif|HLS-VI.S30.T49TEH.2018304T032849.v2.0.NDVI.tif|HLS-VI.S30.T49TEJ.2018304T032849.v2.0.NDVI.tif|HLS-VI.S30.T49TEK.2018304T032849.v2.0.NDVI.tif|HLS-VI.S30.T49TFE.2018304T032849.v2.0.NDVI.tif|HLS-VI.S30.T49TFF.2018304T032849.v2.0.NDVI.tif|HLS-VI.S30.T49TFG.2018304T032849.v2.0.NDVI.tif|HLS-VI.S30.T49TFH.2018304T032849.v2.0.NDVI.tif|HLS-VI.S30.T49TGJ.2018304T032849.v2.0.NDVI.tif|HLS-VI.S30.T49TGL.2018304T032849.v2.0.NDVI.tif|HLS-VI.S30.T50ULU.2018304T032849.v2.0.NDVI.tif|HLS-VI.S30.T51UXR.2018304T023831.v2.0.NDVI.tif|HLS-VI.S30.T51UXS.2018304T023831.v2.0.NDVI.tif|HLS-VI.S30.T51UXT.2018304T023831.v2.0.NDVI.tif|HLS-VI.S30.T51UYS.2018304T023831.v2.0.NDVI.tif
2018-11-01,24,"T48SUG,T48SWG,T48TUK,T48TVK,T48TVL,T48TVM,T50TNQ,T50TPN,T50TQM,T50TQN,T50TQP,T50UQA,T50UQV,T51TTG,T51TUG,T51TUH,T51TUJ,T51TUK,T51TUL,T51TUM,T51TVL,T51TVM,T51UUQ,T51UUR",3,"EPSG:32648,EPSG:32650,EPSG:32651",107,87,0.19925733088376463,0.11321081878250201,151587061,353798317,0.42845613932075316,EPSG:32648:6files:27149757valid:21chunks|EPSG:32650:7files:59732835valid:37chunks|EPSG:32651:11files:64704469valid:49chunks,HLS-VI.S30.T48SUG.2018305T034901.v2.0.NDVI.tif|HLS-VI.S30.T48SWG.2018305T034901.v2.0.NDVI.tif|HLS-VI.S30.T48TUK.2018305T034901.v2.0.NDVI.tif|HLS-VI.S30.T48TVK.2018305T034901.v2.0.NDVI.tif|HLS-VI.S30.T48TVL.2018305T034901.v2.0.NDVI.tif|HLS-VI.S30.T48TVM.2018305T034901.v2.0.NDVI.tif|HLS-VI.S30.T50TNQ.2018305T025839.v2.0.NDVI.tif|HLS-VI.S30.T50TPN.2018305T025839.v2.0.NDVI.tif|HLS-VI.S30.T50TQM.2018305T025839.v2.0.NDVI.tif|HLS-VI.S30.T50TQN.2018305T025839.v2.0.NDVI.tif|HLS-VI.S30.T50TQP.2018305T025839.v2.0.NDVI.tif|HLS-VI.S30.T50UQA.2018305T025839.v2.0.NDVI.tif|HLS-VI.S30.T50UQV.2018305T025839.v2.0.NDVI.tif|HLS-VI.S30.T51TTG.2018305T025839.v2.0.NDVI.tif|HLS-VI.S30.T51TUG.2018305T025839.v2.0.NDVI.tif|HLS-VI.S30.T51TUH.2018305T025839.v2.0.NDVI.tif|HLS-VI.S30.T51TUJ.2018305T025839.v2.0.NDVI.tif|HLS-VI.S30.T51TUK.2018305T025839.v2.0.NDVI.tif|HLS-VI.S30.T51TUL.2018305T025839.v2.0.NDVI.tif|HLS-VI.S30.T51TUM.2018305T025839.v2.0.NDVI.tif|HLS-VI.S30.T51TVL.2018305T025839.v2.0.NDVI.tif|HLS-VI.S30.T51TVM.2018305T025839.v2.0.NDVI.tif|HLS-VI.S30.T51UUQ.2018305T025839.v2.0.NDVI.tif|HLS-VI.S30.T51UUR.2018305T025839.v2.0.NDVI.tif
2018-11-02,12,"T47SPD,T47SQD,T47TQE,T48STJ,T48TTK,T49SED,T49TEE,T49TFE,T49TFF,T49TGE,T49TGH,T50TKK",4,"EPSG:32647,EPSG:32648,EPSG:32649,EPSG:32650",44,39,0.15072856642123722,0.08029510902936217,68062437,118482768,0.5744500921855573,EPSG:32647:3files:18034254valid:14chunks|EPSG:32648:2files:11018355valid:8chunks|EPSG:32649:6files:38418035valid:21chunks|EPSG:32650:1files:591793valid:1chunks,HLS-VI.S30.T47SPD.2018306T040919.v2.0.NDVI.tif|HLS-VI.S30.T47SQD.2018306T040919.v2.0.NDVI.tif|HLS-VI.S30.T47TQE.2018306T040919.v2.0.NDVI.tif|HLS-VI.S30.T48STJ.2018306T040919.v2.0.NDVI.tif|HLS-VI.S30.T48TTK.2018306T040919.v2.0.NDVI.tif|HLS-VI.S30.T49SED.2018306T031901.v2.0.NDVI.tif|HLS-VI.S30.T49TEE.2018306T031901.v2.0.NDVI.tif|HLS-VI.S30.T49TFE.2018306T031901.v2.0.NDVI.tif|HLS-VI.S30.T49TFF.2018306T031901.v2.0.NDVI.tif|HLS-VI.S30.T49TGE.2018306T031901.v2.0.NDVI.tif|HLS-VI.S30.T49TGH.2018306T031901.v2.0.NDVI.tif|HLS-VI.S30.T50TKK.2018306T031901.v2.0.NDVI.tif
2018-11-03,4,"T50TPL,T50TQL,T50TQQ,T50TQR",1,EPSG:32650,14,9,0.29012483947687473,0.05783660615223583,9839298,42745830,0.23018147033289563,EPSG:32650:4files:9839298valid:14chunks,HLS-VI.S30.T50TPL.2018307T024851.v2.0.NDVI.tif|HLS-VI.S30.T50TQL.2018307T024851.v2.0.NDVI.tif|HLS-VI.S30.T50TQQ.2018307T024851.v2.0.NDVI.tif|HLS-VI.S30.T50TQR.2018307T024851.v2.0.NDVI.tif
2018-11-05,14,"T49TCH,T49TDJ,T49TEK,T49TEL,T49TFG,T49TFH,T49TFK,T51TVH,T51TWH,T51TWJ,T51TWM,T51TWN,T51UWP,T51UXP",2,"EPSG:32649,EPSG:32651",49,37,0.12508325366345163,0.11139191902398282,46910125,123292226,0.3804791796037489,EPSG:32649:7files:34605356valid:30chunks|EPSG:32651:7files:12304769valid:19chunks,HLS-VI.S30.T49TCH.2018309T032921.v2.0.NDVI.tif|HLS-VI.S30.T49TDJ.2018309T032921.v2.0.NDVI.tif|HLS-VI.S30.T49TEK.2018309T032921.v2.0.NDVI.tif|HLS-VI.S30.T49TEL.2018309T032921.v2.0.NDVI.tif|HLS-VI.S30.T49TFG.2018309T032921.v2.0.NDVI.tif|HLS-VI.S30.T49TFH.2018309T032921.v2.0.NDVI.tif|HLS-VI.S30.T49TFK.2018309T032921.v2.0.NDVI.tif|HLS-VI.S30.T51TVH.2018309T023859.v2.0.NDVI.tif|HLS-VI.S30.T51TWH.2018309T023859.v2.0.NDVI.tif|HLS-VI.S30.T51TWJ.2018309T023859.v2.0.NDVI.tif|HLS-VI.S30.T51TWM.2018309T023859.v2.0.NDVI.tif|HLS-VI.S30.T51TWN.2018309T023859.v2.0.NDVI.tif|HLS-VI.S30.T51UWP.2018309T023859.v2.0.NDVI.tif|HLS-VI.S30.T51UXP.2018309T023859.v2.0.NDVI.tif
2018-11-06,7,"T48TVM,T48TXN,T50TNQ,T50TPQ,T51TUM,T51TVN,T51UXT",3,"EPSG:32648,EPSG:32650,EPSG:32651",29,26,0.21203614207737145,0.15021201079431906,41979866,69754886,0.6018197205569227,EPSG:32648:2files:2459144valid:7chunks|EPSG:32650:2files:17371189valid:8chunks|EPSG:32651:3files:22149533valid:14chunks,HLS-VI.S30.T48TVM.2018310T034929.v2.0.NDVI.tif|HLS-VI.S30.T48TXN.2018310T034929.v2.0.NDVI.tif|HLS-VI.S30.T50TNQ.2018310T025911.v2.0.NDVI.tif|HLS-VI.S30.T50TPQ.2018310T025911.v2.0.NDVI.tif|HLS-VI.S30.T51TUM.2018310T025911.v2.0.NDVI.tif|HLS-VI.S30.T51TVN.2018310T025911.v2.0.NDVI.tif|HLS-VI.S30.T51UXT.2018310T025911.v2.0.NDVI.tif
2018-11-07,9,"T47SPD,T47TNF,T47TNG,T47TNH,T47TQE,T47TQH,T49TFK,T50TLR,T50TNS",3,"EPSG:32647,EPSG:32649,EPSG:32650",38,29,0.08125629484902032,0.047155279114044234,46699421,91640129,0.5095957579893847,EPSG:32647:6files:33910656valid:24chunks|EPSG:32649:1files:6697325valid:4chunks|EPSG:32650:2files:6091440valid:10chunks,HLS-VI.S30.T47SPD.2018311T040941.v2.0.NDVI.tif|HLS-VI.S30.T47TNF.2018311T040941.v2.0.NDVI.tif|HLS-VI.S30.T47TNG.2018311T040941.v2.0.NDVI.tif|HLS-VI.S30.T47TNH.2018311T040941.v2.0.NDVI.tif|HLS-VI.S30.T47TQE.2018311T040941.v2.0.NDVI.tif|HLS-VI.S30.T47TQH.2018311T040941.v2.0.NDVI.tif|HLS-VI.S30.T49TFK.2018311T031929.v2.0.NDVI.tif|HLS-VI.S30.T50TLR.2018311T031929.v2.0.NDVI.tif|HLS-VI.S30.T50TNS.2018311T031929.v2.0.NDVI.tif
2018-11-08,2,"T51TUN,T51UWP",1,EPSG:32651,11,10,0.307139465409645,0.06829447262733453,12826042,29927190,0.42857488457820464,EPSG:32651:2files:12826042valid:11chunks,HLS-VI.S30.T51TUN.2018312T024919.v2.0.NDVI.tif|HLS-VI.S30.T51UWP.2018312T024919.v2.0.NDVI.tif
2018-11-09,5,"T49TGE,T50TKK,T50TMP,T50TMS,T50TMT",2,"EPSG:32649,EPSG:32650",19,18,0.05064721138164308,0.0919417088772562,15889569,33485277,0.47452404231268563,EPSG:32649:1files:33751valid:1chunks|EPSG:32650:4files:15855818valid:18chunks,HLS-VI.S30.T49TGE.2018313T030931.v2.0.NDVI.tif|HLS-VI.S30.T50TKK.2018313T030931.v2.0.NDVI.tif|HLS-VI.S30.T50TMP.2018313T030931.v2.0.NDVI.tif|HLS-VI.S30.T50TMS.2018313T030931.v2.0.NDVI.tif|HLS-VI.S30.T50TMT.2018313T030931.v2.0.NDVI.tif
2018-11-10,11,"T47TLF,T47TLG,T47TLH,T47TMF,T47TMG,T47TMH,T47TNF,T47TNG,T47TNH,T51TVH,T51TWH",2,"EPSG:32647,EPSG:32651",22,22,0.0847139917905264,0.06323424069844896,54345197,58968751,0.9215931502432534,EPSG:32647:9files:48041432valid:17chunks|EPSG:32651:2files:6303765valid:5chunks,HLS-VI.S30.T47TLF.2018314T042001.v2.0.NDVI.tif|HLS-VI.S30.T47TLG.2018314T042001.v2.0.NDVI.tif|HLS-VI.S30.T47TLH.2018314T042001.v2.0.NDVI.tif|HLS-VI.S30.T47TMF.2018314T042001.v2.0.NDVI.tif|HLS-VI.S30.T47TMG.2018314T042001.v2.0.NDVI.tif|HLS-VI.S30.T47TMH.2018314T042001.v2.0.NDVI.tif|HLS-VI.S30.T47TNF.2018314T042001.v2.0.NDVI.tif|HLS-VI.S30.T47TNG.2018314T042001.v2.0.NDVI.tif|HLS-VI.S30.T47TNH.2018314T042001.v2.0.NDVI.tif|HLS-VI.S30.T51TVH.2018314T023921.v2.0.NDVI.tif|HLS-VI.S30.T51TWH.2018314T023921.v2.0.NDVI.tif
2018-11-11,14,"T48SWG,T48TUK,T48TVK,T48TVL,T48TVM,T48TWL,T48TWM,T48TXM,T48TXN,T48TYN,T51TTF,T51TUH,T51TUK,T51UWP",2,"EPSG:32648,EPSG:32651",60,47,0.12328778176791537,0.07781579223776204,69454199,195888736,0.3545594321462159,EPSG:32648:10files:54276370valid:36chunks|EPSG:32651:4files:15177829valid:24chunks,HLS-VI.S30.T48SWG.2018315T035001.v2.0.NDVI.tif|HLS-VI.S30.T48TUK.2018315T035001.v2.0.NDVI.tif|HLS-VI.S30.T48TVK.2018315T035001.v2.0.NDVI.tif|HLS-VI.S30.T48TVL.2018315T035001.v2.0.NDVI.tif|HLS-VI.S30.T48TVM.2018315T035001.v2.0.NDVI.tif|HLS-VI.S30.T48TWL.2018315T035001.v2.0.NDVI.tif|HLS-VI.S30.T48TWM.2018315T035001.v2.0.NDVI.tif|HLS-VI.S30.T48TXM.2018315T035001.v2.0.NDVI.tif|HLS-VI.S30.T48TXN.2018315T035001.v2.0.NDVI.tif|HLS-VI.S30.T48TYN.2018315T035001.v2.0.NDVI.tif|HLS-VI.S30.T51TTF.2018315T025939.v2.0.NDVI.tif|HLS-VI.S30.T51TUH.2018315T025939.v2.0.NDVI.tif|HLS-VI.S30.T51TUK.2018315T025939.v2.0.NDVI.tif|HLS-VI.S30.T51UWP.2018315T025939.v2.0.NDVI.tif
2018-11-12,13,"T47TNG,T47TNH,T47TQH,T48TUM,T49SED,T49TEE,T49TFE,T49TFG,T49TFH,T49TFK,T49TGE,T50TKK,T50TLR",4,"EPSG:32647,EPSG:32648,EPSG:32649,EPSG:32650",45,39,0.14164831909031952,0.07496745411862672,64023244,124832395,0.512873633482719,EPSG:32647:3files:12055785valid:8chunks|EPSG:32648:1files:1390527valid:4chunks|EPSG:32649:7files:44825860valid:26chunks|EPSG:32650:2files:5751072valid:7chunks,HLS-VI.S30.T47TNG.2018316T041009.v2.0.NDVI.tif|HLS-VI.S30.T47TNH.2018316T041009.v2.0.NDVI.tif|HLS-VI.S30.T47TQH.2018316T041009.v2.0.NDVI.tif|HLS-VI.S30.T48TUM.2018316T041009.v2.0.NDVI.tif|HLS-VI.S30.T49SED.2018316T031951.v2.0.NDVI.tif|HLS-VI.S30.T49TEE.2018316T031951.v2.0.NDVI.tif|HLS-VI.S30.T49TFE.2018316T031951.v2.0.NDVI.tif|HLS-VI.S30.T49TFG.2018316T031951.v2.0.NDVI.tif|HLS-VI.S30.T49TFH.2018316T031951.v2.0.NDVI.tif|HLS-VI.S30.T49TFK.2018316T031951.v2.0.NDVI.tif|HLS-VI.S30.T49TGE.2018316T031951.v2.0.NDVI.tif|HLS-VI.S30.T50TKK.2018316T031951.v2.0.NDVI.tif|HLS-VI.S30.T50TLR.2018316T031951.v2.0.NDVI.tif
2018-11-13,14,"T50TQQ,T50TQR,T51TUK,T51TUL,T51TUM,T51TUN,T51TVH,T51TVL,T51TVM,T51TVN,T51TWM,T51TWN,T51UWP,T51UXT",2,"EPSG:32650,EPSG:32651",49,46,0.28142959158325964,0.07993786698909526,84672542,139734196,0.6059543363315305,EPSG:32650:2files:9534770valid:8chunks|EPSG:32651:12files:75137772valid:41chunks,HLS-VI.S30.T50TQQ.2018317T024941.v2.0.NDVI.tif|HLS-VI.S30.T50TQR.2018317T024941.v2.0.NDVI.tif|HLS-VI.S30.T51TUK.2018317T024941.v2.0.NDVI.tif|HLS-VI.S30.T51TUL.2018317T024941.v2.0.NDVI.tif|HLS-VI.S30.T51TUM.2018317T024941.v2.0.NDVI.tif|HLS-VI.S30.T51TUN.2018317T024941.v2.0.NDVI.tif|HLS-VI.S30.T51TVH.2018317T024941.v2.0.NDVI.tif|HLS-VI.S30.T51TVL.2018317T024941.v2.0.NDVI.tif|HLS-VI.S30.T51TVM.2018317T024941.v2.0.NDVI.tif|HLS-VI.S30.T51TVN.2018317T024941.v2.0.NDVI.tif|HLS-VI.S30.T51TWM.2018317T024941.v2.0.NDVI.tif|HLS-VI.S30.T51TWN.2018317T024941.v2.0.NDVI.tif|HLS-VI.S30.T51UWP.2018317T024941.v2.0.NDVI.tif|HLS-VI.S30.T51UXT.2018317T024941.v2.0.NDVI.tif
2018-11-15,8,"T47TLH,T47TMG,T47TNF,T47TNG,T47TNH,T49TEL,T51UXT,T51UYS",3,"EPSG:32647,EPSG:32649,EPSG:32651",19,19,0.06194224936750587,0.04245051652142126,35128511,52181192,0.6732025401029551,EPSG:32647:5files:33696286valid:14chunks|EPSG:32649:1files:12605valid:1chunks|EPSG:32651:2files:1419620valid:4chunks,HLS-VI.S30.T47TLH.2018319T042029.v2.0.NDVI.tif|HLS-VI.S30.T47TMG.2018319T042029.v2.0.NDVI.tif|HLS-VI.S30.T47TNF.2018319T042029.v2.0.NDVI.tif|HLS-VI.S30.T47TNG.2018319T042029.v2.0.NDVI.tif|HLS-VI.S30.T47TNH.2018319T042029.v2.0.NDVI.tif|HLS-VI.S30.T49TEL.2018319T033011.v2.0.NDVI.tif|HLS-VI.S30.T51UXT.2018319T023949.v2.0.NDVI.tif|HLS-VI.S30.T51UYS.2018319T023949.v2.0.NDVI.tif
2018-11-16,6,"T48TXN,T48TYN,T50TPN,T50TQP,T50TQQ,T50TQR",2,"EPSG:32648,EPSG:32650",25,24,0.23295740118469274,0.06743743526112969,51181417,76085603,0.6726820184365234,EPSG:32648:2files:749704valid:3chunks|EPSG:32650:4files:50431713valid:22chunks,HLS-VI.S30.T48TXN.2018320T035019.v2.0.NDVI.tif|HLS-VI.S30.T48TYN.2018320T035019.v2.0.NDVI.tif|HLS-VI.S30.T50TPN.2018320T030001.v2.0.NDVI.tif|HLS-VI.S30.T50TQP.2018320T030001.v2.0.NDVI.tif|HLS-VI.S30.T50TQQ.2018320T030001.v2.0.NDVI.tif|HLS-VI.S30.T50TQR.2018320T030001.v2.0.NDVI.tif
2018-11-17,1,T47TQE,1,EPSG:32647,4,4,0.07733988058154133,0.015888021857098616,9386876,13395600,0.7007432291200095,EPSG:32647:1files:9386876valid:4chunks,HLS-VI.S30.T47TQE.2018321T041031.v2.0.NDVI.tif
2018-11-18,25,"T48SXH,T48SXJ,T48TXL,T48TXM,T48TXN,T48TYL,T48TYM,T48TYN,T49SBD,T49TBF,T49TBG,T49TCF,T49TCG,T50TPL,T50TQL,T50TQM,T50TQN,T50TQP,T51TTF,T51TTG,T51TUG,T51TUH,T51TUJ,T51TVH,T51TWH",4,"EPSG:32648,EPSG:32649,EPSG:32650,EPSG:32651",87,83,0.15288364281201308,0.08705927185895476,169651151,258599875,0.6560372505980523,EPSG:32648:8files:51371705valid:28chunks|EPSG:32649:5files:61779963valid:22chunks|EPSG:32650:5files:21156110valid:17chunks|EPSG:32651:7files:35343373valid:20chunks,HLS-VI.S30.T48SXH.2018322T034021.v2.0.NDVI.tif|HLS-VI.S30.T48SXJ.2018322T034021.v2.0.NDVI.tif|HLS-VI.S30.T48TXL.2018322T034021.v2.0.NDVI.tif|HLS-VI.S30.T48TXM.2018322T034021.v2.0.NDVI.tif|HLS-VI.S30.T48TXN.2018322T034021.v2.0.NDVI.tif|HLS-VI.S30.T48TYL.2018322T034021.v2.0.NDVI.tif|HLS-VI.S30.T48TYM.2018322T034021.v2.0.NDVI.tif|HLS-VI.S30.T48TYN.2018322T034021.v2.0.NDVI.tif|HLS-VI.S30.T49SBD.2018322T034021.v2.0.NDVI.tif|HLS-VI.S30.T49TBF.2018322T034021.v2.0.NDVI.tif|HLS-VI.S30.T49TBG.2018322T034021.v2.0.NDVI.tif|HLS-VI.S30.T49TCF.2018322T034021.v2.0.NDVI.tif|HLS-VI.S30.T49TCG.2018322T034021.v2.0.NDVI.tif|HLS-VI.S30.T50TPL.2018322T025009.v2.0.NDVI.tif|HLS-VI.S30.T50TQL.2018322T025009.v2.0.NDVI.tif|HLS-VI.S30.T50TQM.2018322T025009.v2.0.NDVI.tif|HLS-VI.S30.T50TQN.2018322T025009.v2.0.NDVI.tif|HLS-VI.S30.T50TQP.2018322T025009.v2.0.NDVI.tif|HLS-VI.S30.T51TTF.2018322T025009.v2.0.NDVI.tif|HLS-VI.S30.T51TTG.2018322T025009.v2.0.NDVI.tif|HLS-VI.S30.T51TUG.2018322T025009.v2.0.NDVI.tif|HLS-VI.S30.T51TUH.2018322T025009.v2.0.NDVI.tif|HLS-VI.S30.T51TUJ.2018322T025009.v2.0.NDVI.tif|HLS-VI.S30.T51TVH.2018322T025009.v2.0.NDVI.tif|HLS-VI.S30.T51TWH.2018322T025009.v2.0.NDVI.tif
2018-11-19,7,"T47TPE,T47TQE,T48TTK,T48TUK,T48TWM,T49TGE,T50TKK",4,"EPSG:32647,EPSG:32648,EPSG:32649,EPSG:32650",27,22,0.07656622993060448,0.021446470150877753,40990785,70220267,0.5837457866686836,EPSG:32647:2files:14841657valid:8chunks|EPSG:32648:3files:26083040valid:17chunks|EPSG:32649:1files:32520valid:1chunks|EPSG:32650:1files:33568valid:1chunks,HLS-VI.S30.T47TPE.2018323T040039.v2.0.NDVI.tif|HLS-VI.S30.T47TQE.2018323T040039.v2.0.NDVI.tif|HLS-VI.S30.T48TTK.2018323T040039.v2.0.NDVI.tif|HLS-VI.S30.T48TUK.2018323T040039.v2.0.NDVI.tif|HLS-VI.S30.T48TWM.2018323T040039.v2.0.NDVI.tif|HLS-VI.S30.T49TGE.2018323T031011.v2.0.NDVI.tif|HLS-VI.S30.T50TKK.2018323T031011.v2.0.NDVI.tif
2018-11-20,9,"T47TLH,T47TMH,T47TNG,T47TNH,T49TEG,T49TFH,T51UXR,T51UXS,T51UYS",3,"EPSG:32647,EPSG:32649,EPSG:32651",27,27,0.11130659584782684,0.08720359264887322,50729389,76628309,0.662018902178828,EPSG:32647:4files:16652601valid:8chunks|EPSG:32649:2files:24027020valid:11chunks|EPSG:32651:3files:10049768valid:8chunks,HLS-VI.S30.T47TLH.2018324T042051.v2.0.NDVI.tif|HLS-VI.S30.T47TMH.2018324T042051.v2.0.NDVI.tif|HLS-VI.S30.T47TNG.2018324T042051.v2.0.NDVI.tif|HLS-VI.S30.T47TNH.2018324T042051.v2.0.NDVI.tif|HLS-VI.S30.T49TEG.2018324T033029.v2.0.NDVI.tif|HLS-VI.S30.T49TFH.2018324T033029.v2.0.NDVI.tif|HLS-VI.S30.T51UXR.2018324T024001.v2.0.NDVI.tif|HLS-VI.S30.T51UXS.2018324T024001.v2.0.NDVI.tif|HLS-VI.S30.T51UYS.2018324T024001.v2.0.NDVI.tif
2018-11-21,16,"T48TVK,T48TVL,T48TVM,T48TWL,T48TWM,T48TXL,T48TXM,T48TXN,T48TYN,T50TQM,T50TQN,T50TQP,T51TTG,T51TUH,T51TUJ,T51UWP",3,"EPSG:32648,EPSG:32650,EPSG:32651",62,55,0.1405270558698562,0.08912723820109175,104683984,187653890,0.5578567222880378,EPSG:32648:9files:63475090valid:30chunks|EPSG:32650:3files:27024424valid:11chunks|EPSG:32651:4files:14184470valid:21chunks,HLS-VI.S30.T48TVK.2018325T035041.v2.0.NDVI.tif|HLS-VI.S30.T48TVL.2018325T035041.v2.0.NDVI.tif|HLS-VI.S30.T48TVM.2018325T035041.v2.0.NDVI.tif|HLS-VI.S30.T48TWL.2018325T035041.v2.0.NDVI.tif|HLS-VI.S30.T48TWM.2018325T035041.v2.0.NDVI.tif|HLS-VI.S30.T48TXL.2018325T035041.v2.0.NDVI.tif|HLS-VI.S30.T48TXM.2018325T035041.v2.0.NDVI.tif|HLS-VI.S30.T48TXN.2018325T035041.v2.0.NDVI.tif|HLS-VI.S30.T48TYN.2018325T035041.v2.0.NDVI.tif|HLS-VI.S30.T50TQM.2018325T030019.v2.0.NDVI.tif|HLS-VI.S30.T50TQN.2018325T030019.v2.0.NDVI.tif|HLS-VI.S30.T50TQP.2018325T030019.v2.0.NDVI.tif|HLS-VI.S30.T51TTG.2018325T030019.v2.0.NDVI.tif|HLS-VI.S30.T51TUH.2018325T030019.v2.0.NDVI.tif|HLS-VI.S30.T51TUJ.2018325T030019.v2.0.NDVI.tif|HLS-VI.S30.T51UWP.2018325T030019.v2.0.NDVI.tif
2018-11-22,14,"T47TNG,T47TQE,T48STJ,T48TTK,T49TEE,T49TEG,T49TEH,T49TFE,T49TFG,T49TFH,T49TFK,T49TGE,T50TKK,T50TLR",4,"EPSG:32647,EPSG:32648,EPSG:32649,EPSG:32650",57,46,0.1223134595798064,0.06633127365017913,85462064,173396203,0.4928715999623129,EPSG:32647:2files:20068833valid:13chunks|EPSG:32648:2files:11023828valid:8chunks|EPSG:32649:8files:48642644valid:29chunks|EPSG:32650:2files:5726759valid:7chunks,HLS-VI.S30.T47TNG.2018326T041059.v2.0.NDVI.tif|HLS-VI.S30.T47TQE.2018326T041059.v2.0.NDVI.tif|HLS-VI.S30.T48STJ.2018326T041059.v2.0.NDVI.tif|HLS-VI.S30.T48TTK.2018326T041059.v2.0.NDVI.tif|HLS-VI.S30.T49TEE.2018326T032031.v2.0.NDVI.tif|HLS-VI.S30.T49TEG.2018326T032031.v2.0.NDVI.tif|HLS-VI.S30.T49TEH.2018326T032031.v2.0.NDVI.tif|HLS-VI.S30.T49TFE.2018326T032031.v2.0.NDVI.tif|HLS-VI.S30.T49TFG.2018326T032031.v2.0.NDVI.tif|HLS-VI.S30.T49TFH.2018326T032031.v2.0.NDVI.tif|HLS-VI.S30.T49TFK.2018326T032031.v2.0.NDVI.tif|HLS-VI.S30.T49TGE.2018326T032031.v2.0.NDVI.tif|HLS-VI.S30.T50TKK.2018326T032031.v2.0.NDVI.tif|HLS-VI.S30.T50TLR.2018326T032031.v2.0.NDVI.tif
2018-11-23,21,"T48TXK,T48TXL,T48TXM,T48TXN,T48TYL,T48TYM,T48TYN,T49SCB,T49SCC,T49TBF,T49TBG,T49TCE,T49TCF,T49TCG,T49TCH,T49TDF,T49TDG,T49TDJ,T50TQQ,T51TUJ,T51UYS",4,"EPSG:32648,EPSG:32649,EPSG:32650,EPSG:32651",72,64,0.1296275374047747,0.07989855108343479,142539920,225252076,0.6328018037889249,EPSG:32648:7files:51028053valid:22chunks|EPSG:32649:11files:71529220valid:40chunks|EPSG:32650:1files:6088179valid:4chunks|EPSG:32651:2files:13894468valid:6chunks,HLS-VI.S30.T48TXK.2018327T034049.v2.0.NDVI.tif|HLS-VI.S30.T48TXL.2018327T034049.v2.0.NDVI.tif|HLS-VI.S30.T48TXM.2018327T034049.v2.0.NDVI.tif|HLS-VI.S30.T48TXN.2018327T034049.v2.0.NDVI.tif|HLS-VI.S30.T48TYL.2018327T034049.v2.0.NDVI.tif|HLS-VI.S30.T48TYM.2018327T034049.v2.0.NDVI.tif|HLS-VI.S30.T48TYN.2018327T034049.v2.0.NDVI.tif|HLS-VI.S30.T49SCB.2018327T034049.v2.0.NDVI.tif|HLS-VI.S30.T49SCC.2018327T034049.v2.0.NDVI.tif|HLS-VI.S30.T49TBF.2018327T034049.v2.0.NDVI.tif|HLS-VI.S30.T49TBG.2018327T034049.v2.0.NDVI.tif|HLS-VI.S30.T49TCE.2018327T034049.v2.0.NDVI.tif|HLS-VI.S30.T49TCF.2018327T034049.v2.0.NDVI.tif|HLS-VI.S30.T49TCG.2018327T034049.v2.0.NDVI.tif|HLS-VI.S30.T49TCH.2018327T034049.v2.0.NDVI.tif|HLS-VI.S30.T49TDF.2018327T034049.v2.0.NDVI.tif|HLS-VI.S30.T49TDG.2018327T034049.v2.0.NDVI.tif|HLS-VI.S30.T49TDJ.2018327T034049.v2.0.NDVI.tif|HLS-VI.S30.T50TQQ.2018327T025021.v2.0.NDVI.tif|HLS-VI.S30.T51TUJ.2018327T025021.v2.0.NDVI.tif|HLS-VI.S30.T51UYS.2018327T025021.v2.0.NDVI.tif
2018-11-24,9,"T47SPD,T47TPE,T47TQH,T48TUM,T48TVM,T50TLM,T50TMM,T50TMP,T50TNP",3,"EPSG:32647,EPSG:32648,EPSG:32650",33,29,0.12244783660911138,0.10537802578687393,50611771,87192169,0.5804623463375478,EPSG:32647:3files:5274996valid:9chunks|EPSG:32648:2files:9423291valid:6chunks|EPSG:32650:4files:35913484valid:18chunks,HLS-VI.S30.T47SPD.2018328T040051.v2.0.NDVI.tif|HLS-VI.S30.T47TPE.2018328T040051.v2.0.NDVI.tif|HLS-VI.S30.T47TQH.2018328T040051.v2.0.NDVI.tif|HLS-VI.S30.T48TUM.2018328T040051.v2.0.NDVI.tif|HLS-VI.S30.T48TVM.2018328T040051.v2.0.NDVI.tif|HLS-VI.S30.T50TLM.2018328T031039.v2.0.NDVI.tif|HLS-VI.S30.T50TMM.2018328T031039.v2.0.NDVI.tif|HLS-VI.S30.T50TMP.2018328T031039.v2.0.NDVI.tif|HLS-VI.S30.T50TNP.2018328T031039.v2.0.NDVI.tif
2018-11-25,17,"T49SCB,T49SDC,T49SDD,T49SED,T49TCE,T49TCF,T49TCH,T49TDE,T49TDH,T49TDJ,T49TEE,T49TEJ,T49TEK,T49TFG,T49TFK,T51UXP,T51UYS",2,"EPSG:32649,EPSG:32651",56,52,0.15390164585191865,0.06809386010163976,85392266,172794047,0.4941852308141148,EPSG:32649:15files:84127033valid:51chunks|EPSG:32651:2files:1265233valid:5chunks,HLS-VI.S30.T49SCB.2018329T033051.v2.0.NDVI.tif|HLS-VI.S30.T49SDC.2018329T033051.v2.0.NDVI.tif|HLS-VI.S30.T49SDD.2018329T033051.v2.0.NDVI.tif|HLS-VI.S30.T49SED.2018329T033051.v2.0.NDVI.tif|HLS-VI.S30.T49TCE.2018329T033051.v2.0.NDVI.tif|HLS-VI.S30.T49TCF.2018329T033051.v2.0.NDVI.tif|HLS-VI.S30.T49TCH.2018329T033051.v2.0.NDVI.tif|HLS-VI.S30.T49TDE.2018329T033051.v2.0.NDVI.tif|HLS-VI.S30.T49TDH.2018329T033051.v2.0.NDVI.tif|HLS-VI.S30.T49TDJ.2018329T033051.v2.0.NDVI.tif|HLS-VI.S30.T49TEE.2018329T033051.v2.0.NDVI.tif|HLS-VI.S30.T49TEJ.2018329T033051.v2.0.NDVI.tif|HLS-VI.S30.T49TEK.2018329T033051.v2.0.NDVI.tif|HLS-VI.S30.T49TFG.2018329T033051.v2.0.NDVI.tif|HLS-VI.S30.T49TFK.2018329T033051.v2.0.NDVI.tif|HLS-VI.S30.T51UXP.2018329T024029.v2.0.NDVI.tif|HLS-VI.S30.T51UYS.2018329T024029.v2.0.NDVI.tif
2018-11-26,9,"T48TVK,T48TVL,T48TVM,T48TWL,T48TWM,T48TXL,T48TXM,T48TYM,T49TBG",2,"EPSG:32648,EPSG:32649",32,29,0.08039632420253225,0.028305498977562536,72528501,110338920,0.6573247318353307,EPSG:32648:8files:66999670valid:28chunks|EPSG:32649:1files:5528831valid:4chunks,HLS-VI.S30.T48TVK.2018330T035059.v2.0.NDVI.tif|HLS-VI.S30.T48TVL.2018330T035059.v2.0.NDVI.tif|HLS-VI.S30.T48TVM.2018330T035059.v2.0.NDVI.tif|HLS-VI.S30.T48TWL.2018330T035059.v2.0.NDVI.tif|HLS-VI.S30.T48TWM.2018330T035059.v2.0.NDVI.tif|HLS-VI.S30.T48TXL.2018330T035059.v2.0.NDVI.tif|HLS-VI.S30.T48TXM.2018330T035059.v2.0.NDVI.tif|HLS-VI.S30.T48TYM.2018330T035059.v2.0.NDVI.tif|HLS-VI.S30.T49TBG.2018330T035059.v2.0.NDVI.tif
2018-11-27,10,"T47TQE,T49TEE,T49TEG,T49TEH,T49TFE,T49TFG,T49TFH,T49TFK,T49TGE,T50TKK",3,"EPSG:32647,EPSG:32649,EPSG:32650",34,29,0.14049352222594416,0.056643038768604104,59378575,119441875,0.49713364764242024,EPSG:32647:1files:9434880valid:4chunks|EPSG:32649:8files:49356896valid:29chunks|EPSG:32650:1files:586799valid:1chunks,HLS-VI.S30.T47TQE.2018331T041111.v2.0.NDVI.tif|HLS-VI.S30.T49TEE.2018331T032049.v2.0.NDVI.tif|HLS-VI.S30.T49TEG.2018331T032049.v2.0.NDVI.tif|HLS-VI.S30.T49TEH.2018331T032049.v2.0.NDVI.tif|HLS-VI.S30.T49TFE.2018331T032049.v2.0.NDVI.tif|HLS-VI.S30.T49TFG.2018331T032049.v2.0.NDVI.tif|HLS-VI.S30.T49TFH.2018331T032049.v2.0.NDVI.tif|HLS-VI.S30.T49TFK.2018331T032049.v2.0.NDVI.tif|HLS-VI.S30.T49TGE.2018331T032049.v2.0.NDVI.tif|HLS-VI.S30.T50TKK.2018331T032049.v2.0.NDVI.tif
2018-11-28,3,"T51TUM,T51TVN,T51TWN",1,EPSG:32651,12,12,0.29568186538352126,0.07326909450033901,18883748,33913284,0.5568245174958579,EPSG:32651:3files:18883748valid:12chunks,HLS-VI.S30.T51TUM.2018332T025039.v2.0.NDVI.tif|HLS-VI.S30.T51TVN.2018332T025039.v2.0.NDVI.tif|HLS-VI.S30.T51TWN.2018332T025039.v2.0.NDVI.tif
2018-11-29,14,"T47SPD,T47TPE,T47TQE,T48TTK,T48TUK,T48TVK,T48TVL,T48TVM,T48TWM,T49TGE,T50TKK,T50TLQ,T50TMM,T50TMP",4,"EPSG:32647,EPSG:32648,EPSG:32649,EPSG:32650",59,47,0.09216195857421815,0.05880733763019416,90534628,170294698,0.5316350365764176,EPSG:32647:3files:17729442valid:11chunks|EPSG:32648:6files:48534577valid:27chunks|EPSG:32649:1files:30567valid:1chunks|EPSG:32650:4files:24240042valid:20chunks,HLS-VI.S30.T47SPD.2018333T040119.v2.0.NDVI.tif|HLS-VI.S30.T47TPE.2018333T040119.v2.0.NDVI.tif|HLS-VI.S30.T47TQE.2018333T040119.v2.0.NDVI.tif|HLS-VI.S30.T48TTK.2018333T040119.v2.0.NDVI.tif|HLS-VI.S30.T48TUK.2018333T040119.v2.0.NDVI.tif|HLS-VI.S30.T48TVK.2018333T040119.v2.0.NDVI.tif|HLS-VI.S30.T48TVL.2018333T040119.v2.0.NDVI.tif|HLS-VI.S30.T48TVM.2018333T040119.v2.0.NDVI.tif|HLS-VI.S30.T48TWM.2018333T040119.v2.0.NDVI.tif|HLS-VI.S30.T49TGE.2018333T031051.v2.0.NDVI.tif|HLS-VI.S30.T50TKK.2018333T031051.v2.0.NDVI.tif|HLS-VI.S30.T50TLQ.2018333T031051.v2.0.NDVI.tif|HLS-VI.S30.T50TMM.2018333T031051.v2.0.NDVI.tif|HLS-VI.S30.T50TMP.2018333T031051.v2.0.NDVI.tif
2018-11-30,25,"T47TLF,T47TLG,T47TLH,T47TMG,T47TMH,T47TNG,T47TNH,T49TCH,T49TDE,T49TDF,T49TDG,T49TDH,T49TDJ,T49TEE,T49TEG,T49TEH,T49TEJ,T49TEK,T49TFE,T49TFF,T49TFG,T49TFH,T49TGJ,T51TVH,T51TWH",3,"EPSG:32647,EPSG:32649,EPSG:32651",75,64,0.13391157165035872,0.06664898589951944,149800779,249837402,0.5995930865467453,EPSG:32647:7files:32561590valid:13chunks|EPSG:32649:16files:110970440valid:57chunks|EPSG:32651:2files:6268749valid:5chunks,HLS-VI.S30.T47TLF.2018334T042121.v2.0.NDVI.tif|HLS-VI.S30.T47TLG.2018334T042121.v2.0.NDVI.tif|HLS-VI.S30.T47TLH.2018334T042121.v2.0.NDVI.tif|HLS-VI.S30.T47TMG.2018334T042121.v2.0.NDVI.tif|HLS-VI.S30.T47TMH.2018334T042121.v2.0.NDVI.tif|HLS-VI.S30.T47TNG.2018334T042121.v2.0.NDVI.tif|HLS-VI.S30.T47TNH.2018334T042121.v2.0.NDVI.tif|HLS-VI.S30.T49TCH.2018334T033109.v2.0.NDVI.tif|HLS-VI.S30.T49TDE.2018334T033109.v2.0.NDVI.tif|HLS-VI.S30.T49TDF.2018334T033109.v2.0.NDVI.tif|HLS-VI.S30.T49TDG.2018334T033109.v2.0.NDVI.tif|HLS-VI.S30.T49TDH.2018334T033109.v2.0.NDVI.tif|HLS-VI.S30.T49TDJ.2018334T033109.v2.0.NDVI.tif|HLS-VI.S30.T49TEE.2018334T033109.v2.0.NDVI.tif|HLS-VI.S30.T49TEG.2018334T033109.v2.0.NDVI.tif|HLS-VI.S30.T49TEH.2018334T033109.v2.0.NDVI.tif|HLS-VI.S30.T49TEJ.2018334T033109.v2.0.NDVI.tif|HLS-VI.S30.T49TEK.2018334T033109.v2.0.NDVI.tif|HLS-VI.S30.T49TFE.2018334T033109.v2.0.NDVI.tif|HLS-VI.S30.T49TFF.2018334T033109.v2.0.NDVI.tif|HLS-VI.S30.T49TFG.2018334T033109.v2.0.NDVI.tif|HLS-VI.S30.T49TFH.2018334T033109.v2.0.NDVI.tif|HLS-VI.S30.T49TGJ.2018334T033109.v2.0.NDVI.tif|HLS-VI.S30.T51TVH.2018334T024041.v2.0.NDVI.tif|HLS-VI.S30.T51TWH.2018334T024041.v2.0.NDVI.tif
2018-12-01,24,"T48SVG,T48SWG,T48SWH,T48TVK,T48TVL,T48TVM,T48TWL,T48TWM,T48TXM,T48TXN,T48TYN,T50TNM,T50TPN,T50TPP,T50TQL,T50TQM,T50TQN,T50TQP,T50TQQ,T51TTF,T51TTG,T51TUH,T51TUJ,T51TUK",3,"EPSG:32648,EPSG:32650,EPSG:32651",85,78,0.16280867103768612,0.08657166616814037,150762330,251416859,0.5996508372574967,EPSG:32648:11files:65063696valid:34chunks|EPSG:32650:8files:63020428valid:31chunks|EPSG:32651:5files:22678206valid:20chunks,HLS-VI.S30.T48SVG.2018335T035111.v2.0.NDVI.tif|HLS-VI.S30.T48SWG.2018335T035111.v2.0.NDVI.tif|HLS-VI.S30.T48SWH.2018335T035111.v2.0.NDVI.tif|HLS-VI.S30.T48TVK.2018335T035111.v2.0.NDVI.tif|HLS-VI.S30.T48TVL.2018335T035111.v2.0.NDVI.tif|HLS-VI.S30.T48TVM.2018335T035111.v2.0.NDVI.tif|HLS-VI.S30.T48TWL.2018335T035111.v2.0.NDVI.tif|HLS-VI.S30.T48TWM.2018335T035111.v2.0.NDVI.tif|HLS-VI.S30.T48TXM.2018335T035111.v2.0.NDVI.tif|HLS-VI.S30.T48TXN.2018335T035111.v2.0.NDVI.tif|HLS-VI.S30.T48TYN.2018335T035111.v2.0.NDVI.tif|HLS-VI.S30.T50TNM.2018335T030059.v2.0.NDVI.tif|HLS-VI.S30.T50TPN.2018335T030059.v2.0.NDVI.tif|HLS-VI.S30.T50TPP.2018335T030059.v2.0.NDVI.tif|HLS-VI.S30.T50TQL.2018335T030059.v2.0.NDVI.tif|HLS-VI.S30.T50TQM.2018335T030059.v2.0.NDVI.tif|HLS-VI.S30.T50TQN.2018335T030059.v2.0.NDVI.tif|HLS-VI.S30.T50TQP.2018335T030059.v2.0.NDVI.tif|HLS-VI.S30.T50TQQ.2018335T030059.v2.0.NDVI.tif|HLS-VI.S30.T51TTF.2018335T030059.v2.0.NDVI.tif|HLS-VI.S30.T51TTG.2018335T030059.v2.0.NDVI.tif|HLS-VI.S30.T51TUH.2018335T030059.v2.0.NDVI.tif|HLS-VI.S30.T51TUJ.2018335T030059.v2.0.NDVI.tif|HLS-VI.S30.T51TUK.2018335T030059.v2.0.NDVI.tif
2018-12-03,1,T51UXR,1,EPSG:32651,4,4,0.14141547845512037,0.17560812061614922,7043593,8817856,0.7987874830344247,EPSG:32651:1files:7043593valid:4chunks,HLS-VI.S30.T51UXR.2018337T025051.v2.0.NDVI.tif
2018-12-04,1,T50TLQ,1,EPSG:32650,4,4,0.16282515562723185,0.03209957811321443,6085997,13395600,0.454328062946042,EPSG:32650:1files:6085997valid:4chunks,HLS-VI.S30.T50TLQ.2018338T031109.v2.0.NDVI.tif
2018-12-05,3,"T47TNG,T49TEL,T51TWN",3,"EPSG:32647,EPSG:32649,EPSG:32651",7,6,0.05131951759397049,0.018923273248437376,13211790,13703580,0.9641122976623627,EPSG:32647:1files:13198973valid:4chunks|EPSG:32649:1files:12605valid:1chunks|EPSG:32651:1files:212valid:2chunks,HLS-VI.S30.T47TNG.2018339T042139.v2.0.NDVI.tif|HLS-VI.S30.T49TEL.2018339T033111.v2.0.NDVI.tif|HLS-VI.S30.T51TWN.2018339T024059.v2.0.NDVI.tif
2018-12-07,2,"T49TEH,T49TFK",1,EPSG:32649,12,7,0.13215180367968982,0.03293461824058725,8852003,33284275,0.2659515041261977,EPSG:32649:2files:8852003valid:12chunks,HLS-VI.S30.T49TEH.2018341T032119.v2.0.NDVI.tif|HLS-VI.S30.T49TFK.2018341T032119.v2.0.NDVI.tif
2018-12-08,3,"T49TCH,T49TDH,T49TDJ",1,EPSG:32649,8,7,0.11542479035929774,0.04371317517366958,5905689,8873896,0.6655125324885485,EPSG:32649:3files:5905689valid:8chunks,HLS-VI.S30.T49TCH.2018342T034121.v2.0.NDVI.tif|HLS-VI.S30.T49TDH.2018342T034121.v2.0.NDVI.tif|HLS-VI.S30.T49TDJ.2018342T034121.v2.0.NDVI.tif
2018-12-09,1,T47TQH,1,EPSG:32647,1,1,0.056717197084874965,0.006623926094573742,12943,474969,0.027250199486703344,EPSG:32647:1files:12943valid:1chunks,HLS-VI.S30.T47TQH.2018343T040139.v2.0.NDVI.tif
2018-12-10,6,"T47TMG,T47TNG,T49TCH,T51TVH,T51TWN,T51UWP",3,"EPSG:32647,EPSG:32649,EPSG:32651",23,15,0.09231752006738579,0.07796109839481748,31146323,59878092,0.5201622489908329,EPSG:32647:2files:25362288valid:8chunks|EPSG:32649:1files:860875valid:2chunks|EPSG:32651:3files:4923160valid:13chunks,HLS-VI.S30.T47TMG.2018344T042141.v2.0.NDVI.tif|HLS-VI.S30.T47TNG.2018344T042141.v2.0.NDVI.tif|HLS-VI.S30.T49TCH.2018344T033129.v2.0.NDVI.tif|HLS-VI.S30.T51TVH.2018344T024101.v2.0.NDVI.tif|HLS-VI.S30.T51TWN.2018344T024101.v2.0.NDVI.tif|HLS-VI.S30.T51UWP.2018344T024101.v2.0.NDVI.tif
2018-12-11,4,"T48TVL,T48TVM,T48TXN,T48TYN",1,EPSG:32648,12,10,0.07140018215796658,0.02166840364630716,13266744,21414479,0.6195221466746867,EPSG:32648:4files:13266744valid:12chunks,HLS-VI.S30.T48TVL.2018345T035131.v2.0.NDVI.tif|HLS-VI.S30.T48TVM.2018345T035131.v2.0.NDVI.tif|HLS-VI.S30.T48TXN.2018345T035131.v2.0.NDVI.tif|HLS-VI.S30.T48TYN.2018345T035131.v2.0.NDVI.tif
2018-12-12,5,"T47TNE,T47TNG,T48TUM,T49TFG,T49TFH",3,"EPSG:32647,EPSG:32648,EPSG:32649",18,16,0.10437473353320911,0.05598241068133019,39457676,48905387,0.8068165578569085,EPSG:32647:2files:12679644valid:6chunks|EPSG:32648:1files:1412349valid:4chunks|EPSG:32649:2files:25365683valid:8chunks,HLS-VI.S30.T47TNE.2018346T041139.v2.0.NDVI.tif|HLS-VI.S30.T47TNG.2018346T041139.v2.0.NDVI.tif|HLS-VI.S30.T48TUM.2018346T041139.v2.0.NDVI.tif|HLS-VI.S30.T49TFG.2018346T032121.v2.0.NDVI.tif|HLS-VI.S30.T49TFH.2018346T032121.v2.0.NDVI.tif
2018-12-13,17,"T48TXN,T48TYN,T49TCH,T49TDG,T49TDH,T49TDJ,T50TQL,T50TQN,T50TQP,T50TQQ,T51TTF,T51TUH,T51TUJ,T51TUK,T51TVK,T51UXR,T51UYS",4,"EPSG:32648,EPSG:32649,EPSG:32650,EPSG:32651",63,59,0.19804183693993163,0.08700687683210485,86572954,167260741,0.5175927924413536,EPSG:32648:2files:1606928valid:3chunks|EPSG:32649:4files:12093074valid:14chunks|EPSG:32650:4files:24097457valid:13chunks|EPSG:32651:7files:48775495valid:33chunks,HLS-VI.S30.T48TXN.2018347T034139.v2.0.NDVI.tif|HLS-VI.S30.T48TYN.2018347T034139.v2.0.NDVI.tif|HLS-VI.S30.T49TCH.2018347T034139.v2.0.NDVI.tif|HLS-VI.S30.T49TDG.2018347T034139.v2.0.NDVI.tif|HLS-VI.S30.T49TDH.2018347T034139.v2.0.NDVI.tif|HLS-VI.S30.T49TDJ.2018347T034139.v2.0.NDVI.tif|HLS-VI.S30.T50TQL.2018347T025111.v2.0.NDVI.tif|HLS-VI.S30.T50TQN.2018347T025111.v2.0.NDVI.tif|HLS-VI.S30.T50TQP.2018347T025111.v2.0.NDVI.tif|HLS-VI.S30.T50TQQ.2018347T025111.v2.0.NDVI.tif|HLS-VI.S30.T51TTF.2018347T025111.v2.0.NDVI.tif|HLS-VI.S30.T51TUH.2018347T025111.v2.0.NDVI.tif|HLS-VI.S30.T51TUJ.2018347T025111.v2.0.NDVI.tif|HLS-VI.S30.T51TUK.2018347T025111.v2.0.NDVI.tif|HLS-VI.S30.T51TVK.2018347T025111.v2.0.NDVI.tif|HLS-VI.S30.T51UXR.2018347T025111.v2.0.NDVI.tif|HLS-VI.S30.T51UYS.2018347T025111.v2.0.NDVI.tif
2018-12-14,7,"T47TQH,T48TTL,T48TUK,T50TLQ,T50TLR,T50TPN,T50UPV",3,"EPSG:32647,EPSG:32648,EPSG:32650",34,29,0.09744706536873436,0.05923611945408211,47522363,103119469,0.46084763101330556,EPSG:32647:1files:10616valid:1chunks|EPSG:32648:2files:25753166valid:12chunks|EPSG:32650:4files:21758581valid:21chunks,HLS-VI.S30.T47TQH.2018348T040141.v2.0.NDVI.tif|HLS-VI.S30.T48TTL.2018348T040141.v2.0.NDVI.tif|HLS-VI.S30.T48TUK.2018348T040141.v2.0.NDVI.tif|HLS-VI.S30.T50TLQ.2018348T031129.v2.0.NDVI.tif|HLS-VI.S30.T50TLR.2018348T031129.v2.0.NDVI.tif|HLS-VI.S30.T50TPN.2018348T031129.v2.0.NDVI.tif|HLS-VI.S30.T50UPV.2018348T031129.v2.0.NDVI.tif
2018-12-15,6,"T49TCH,T49TDJ,T49TEJ,T49TEK,T49TEL,T49TFK",1,EPSG:32649,19,17,0.1333908948038045,0.03686919795544181,22567164,45208583,0.4991787510791922,EPSG:32649:6files:22567164valid:19chunks,HLS-VI.S30.T49TCH.2018349T033131.v2.0.NDVI.tif|HLS-VI.S30.T49TDJ.2018349T033131.v2.0.NDVI.tif|HLS-VI.S30.T49TEJ.2018349T033131.v2.0.NDVI.tif|HLS-VI.S30.T49TEK.2018349T033131.v2.0.NDVI.tif|HLS-VI.S30.T49TEL.2018349T033131.v2.0.NDVI.tif|HLS-VI.S30.T49TFK.2018349T033131.v2.0.NDVI.tif
2018-12-16,15,"T48SWG,T48SXJ,T48TVK,T48TVL,T48TVM,T48TWL,T48TWM,T48TXM,T48TXN,T48TYM,T48TYN,T49TBG,T50TQN,T50TQP,T50UPA",3,"EPSG:32648,EPSG:32649,EPSG:32650",60,49,0.1152949680844137,0.07105935398123478,93451187,191138431,0.4889188768113305,EPSG:32648:11files:60978178valid:40chunks|EPSG:32649:1files:5706939valid:4chunks|EPSG:32650:3files:26766070valid:16chunks,HLS-VI.S30.T48SWG.2018350T035149.v2.0.NDVI.tif|HLS-VI.S30.T48SXJ.2018350T035149.v2.0.NDVI.tif|HLS-VI.S30.T48TVK.2018350T035149.v2.0.NDVI.tif|HLS-VI.S30.T48TVL.2018350T035149.v2.0.NDVI.tif|HLS-VI.S30.T48TVM.2018350T035149.v2.0.NDVI.tif|HLS-VI.S30.T48TWL.2018350T035149.v2.0.NDVI.tif|HLS-VI.S30.T48TWM.2018350T035149.v2.0.NDVI.tif|HLS-VI.S30.T48TXM.2018350T035149.v2.0.NDVI.tif|HLS-VI.S30.T48TXN.2018350T035149.v2.0.NDVI.tif|HLS-VI.S30.T48TYM.2018350T035149.v2.0.NDVI.tif|HLS-VI.S30.T48TYN.2018350T035149.v2.0.NDVI.tif|HLS-VI.S30.T49TBG.2018350T035149.v2.0.NDVI.tif|HLS-VI.S30.T50TQN.2018350T030121.v2.0.NDVI.tif|HLS-VI.S30.T50TQP.2018350T030121.v2.0.NDVI.tif|HLS-VI.S30.T50UPA.2018350T030121.v2.0.NDVI.tif
2018-12-17,3,"T49SED,T49TEE,T49TEG",1,EPSG:32649,9,8,0.1780036917485436,0.058116242707270796,14083988,29439490,0.4784046191017575,EPSG:32649:3files:14083988valid:9chunks,HLS-VI.S30.T49SED.2018351T032129.v2.0.NDVI.tif|HLS-VI.S30.T49TEE.2018351T032129.v2.0.NDVI.tif|HLS-VI.S30.T49TEG.2018351T032129.v2.0.NDVI.tif
2018-12-18,10,"T50TPL,T50TQL,T50TQM,T50TQN,T50TQP,T50TQQ,T51TTG,T51TUH,T51TUJ,T51TVH",2,"EPSG:32650,EPSG:32651",40,36,0.2187673498887222,0.07311572248244455,60058899,110446637,0.5437820528659465,EPSG:32650:6files:26299304valid:20chunks|EPSG:32651:4files:33759595valid:20chunks,HLS-VI.S30.T50TPL.2018352T025119.v2.0.NDVI.tif|HLS-VI.S30.T50TQL.2018352T025119.v2.0.NDVI.tif|HLS-VI.S30.T50TQM.2018352T025119.v2.0.NDVI.tif|HLS-VI.S30.T50TQN.2018352T025119.v2.0.NDVI.tif|HLS-VI.S30.T50TQP.2018352T025119.v2.0.NDVI.tif|HLS-VI.S30.T50TQQ.2018352T025119.v2.0.NDVI.tif|HLS-VI.S30.T51TTG.2018352T025119.v2.0.NDVI.tif|HLS-VI.S30.T51TUH.2018352T025119.v2.0.NDVI.tif|HLS-VI.S30.T51TUJ.2018352T025119.v2.0.NDVI.tif|HLS-VI.S30.T51TVH.2018352T025119.v2.0.NDVI.tif
2018-12-20,2,"T47TMG,T47TNG",1,EPSG:32647,8,8,0.06215194990345557,0.022742351527776625,25469357,25596057,0.9950500188368857,EPSG:32647:2files:25469357valid:8chunks,HLS-VI.S30.T47TMG.2018354T042151.v2.0.NDVI.tif|HLS-VI.S30.T47TNG.2018354T042151.v2.0.NDVI.tif
2018-12-21,14,"T48TVM,T48TWM,T48TXM,T48TYN,T50TPN,T50TQL,T50TQM,T50TQN,T50TQP,T50UPA,T51TTF,T51TTG,T51TUH,T51TUJ",3,"EPSG:32648,EPSG:32650,EPSG:32651",54,46,0.1753526714384509,0.08865844152924036,72670934,131312420,0.5534201106033991,EPSG:32648:4files:18891759valid:16chunks|EPSG:32650:6files:40624273valid:22chunks|EPSG:32651:4files:13154902valid:16chunks,HLS-VI.S30.T48TVM.2018355T035141.v2.0.NDVI.tif|HLS-VI.S30.T48TWM.2018355T035141.v2.0.NDVI.tif|HLS-VI.S30.T48TXM.2018355T035141.v2.0.NDVI.tif|HLS-VI.S30.T48TYN.2018355T035141.v2.0.NDVI.tif|HLS-VI.S30.T50TPN.2018355T030129.v2.0.NDVI.tif|HLS-VI.S30.T50TQL.2018355T030129.v2.0.NDVI.tif|HLS-VI.S30.T50TQM.2018355T030129.v2.0.NDVI.tif|HLS-VI.S30.T50TQN.2018355T030129.v2.0.NDVI.tif|HLS-VI.S30.T50TQP.2018355T030129.v2.0.NDVI.tif|HLS-VI.S30.T50UPA.2018355T030129.v2.0.NDVI.tif|HLS-VI.S30.T51TTF.2018355T030129.v2.0.NDVI.tif|HLS-VI.S30.T51TTG.2018355T030129.v2.0.NDVI.tif|HLS-VI.S30.T51TUH.2018355T030129.v2.0.NDVI.tif|HLS-VI.S30.T51TUJ.2018355T030129.v2.0.NDVI.tif
2018-12-23,5,"T49TCH,T49TDH,T51TUH,T51TUJ,T51TVJ",2,"EPSG:32649,EPSG:32651",18,17,0.2027732759814669,0.06514003102490692,41797320,47482697,0.8802642360437108,EPSG:32649:2files:5762929valid:6chunks|EPSG:32651:3files:36034391valid:12chunks,HLS-VI.S30.T49TCH.2018357T034149.v2.0.NDVI.tif|HLS-VI.S30.T49TDH.2018357T034149.v2.0.NDVI.tif|HLS-VI.S30.T51TUH.2018357T025121.v2.0.NDVI.tif|HLS-VI.S30.T51TUJ.2018357T025121.v2.0.NDVI.tif|HLS-VI.S30.T51TVJ.2018357T025121.v2.0.NDVI.tif
2018-12-24,6,"T47TQF,T48TTL,T48TUL,T48TUM,T48TVL,T48TVM",2,"EPSG:32647,EPSG:32648",24,23,0.06727429258137127,0.018950342117047506,55654482,63657108,0.8742854293663482,EPSG:32647:1files:12090115valid:4chunks|EPSG:32648:5files:43564367valid:20chunks,HLS-VI.S30.T47TQF.2018358T040151.v2.0.NDVI.tif|HLS-VI.S30.T48TTL.2018358T040151.v2.0.NDVI.tif|HLS-VI.S30.T48TUL.2018358T040151.v2.0.NDVI.tif|HLS-VI.S30.T48TUM.2018358T040151.v2.0.NDVI.tif|HLS-VI.S30.T48TVL.2018358T040151.v2.0.NDVI.tif|HLS-VI.S30.T48TVM.2018358T040151.v2.0.NDVI.tif
2018-12-25,14,"T47TLH,T47TMG,T47TMH,T47TNG,T49TCF,T49TCH,T49TDE,T49TDF,T49TDG,T49TDH,T49TEE,T49TEG,T49TEH,T49TFK",2,"EPSG:32647,EPSG:32649",54,52,0.12759966398563466,0.06537992900580897,122715315,183747179,0.6678487020472842,EPSG:32647:4files:27019711valid:12chunks|EPSG:32649:10files:95695604valid:42chunks,HLS-VI.S30.T47TLH.2018359T042159.v2.0.NDVI.tif|HLS-VI.S30.T47TMG.2018359T042159.v2.0.NDVI.tif|HLS-VI.S30.T47TMH.2018359T042159.v2.0.NDVI.tif|HLS-VI.S30.T47TNG.2018359T042159.v2.0.NDVI.tif|HLS-VI.S30.T49TCF.2018359T033141.v2.0.NDVI.tif|HLS-VI.S30.T49TCH.2018359T033141.v2.0.NDVI.tif|HLS-VI.S30.T49TDE.2018359T033141.v2.0.NDVI.tif|HLS-VI.S30.T49TDF.2018359T033141.v2.0.NDVI.tif|HLS-VI.S30.T49TDG.2018359T033141.v2.0.NDVI.tif|HLS-VI.S30.T49TDH.2018359T033141.v2.0.NDVI.tif|HLS-VI.S30.T49TEE.2018359T033141.v2.0.NDVI.tif|HLS-VI.S30.T49TEG.2018359T033141.v2.0.NDVI.tif|HLS-VI.S30.T49TEH.2018359T033141.v2.0.NDVI.tif|HLS-VI.S30.T49TFK.2018359T033141.v2.0.NDVI.tif
2018-12-27,1,T49TEH,1,EPSG:32649,4,2,0.12197358722818191,0.02838828953175468,2090890,13382296,0.15624299447568638,EPSG:32649:1files:2090890valid:4chunks,HLS-VI.S30.T49TEH.2018361T032139.v2.0.NDVI.tif
2018-12-28,5,"T48TYN,T49TDJ,T50TQQ,T51TUH,T51TVN",4,"EPSG:32648,EPSG:32649,EPSG:32650,EPSG:32651",17,17,0.24276975247807064,0.08429879095131088,29385309,46700403,0.6292303087834167,EPSG:32648:1files:1392972valid:2chunks|EPSG:32649:1files:4588valid:1chunks|EPSG:32650:1files:6101730valid:4chunks|EPSG:32651:2files:21886019valid:10chunks,HLS-VI.S30.T48TYN.2018362T034141.v2.0.NDVI.tif|HLS-VI.S30.T49TDJ.2018362T034141.v2.0.NDVI.tif|HLS-VI.S30.T50TQQ.2018362T025119.v2.0.NDVI.tif|HLS-VI.S30.T51TUH.2018362T025119.v2.0.NDVI.tif|HLS-VI.S30.T51TVN.2018362T025119.v2.0.NDVI.tif
2018-12-29,1,T50TLQ,1,EPSG:32650,4,4,0.16239181574718212,0.03396205967617038,5942631,13395600,0.4436255934784556,EPSG:32650:1files:5942631valid:4chunks,HLS-VI.S30.T50TLQ.2018363T031131.v2.0.NDVI.tif
2018-12-30,6,"T49TDJ,T49TEJ,T49TEK,T49TEL,T49TFK,T49TGJ",1,EPSG:32649,24,19,0.1278782674452718,0.03544958002167655,23533346,51456525,0.45734425323124717,EPSG:32649:6files:23533346valid:24chunks,HLS-VI.S30.T49TDJ.2018364T033139.v2.0.NDVI.tif|HLS-VI.S30.T49TEJ.2018364T033139.v2.0.NDVI.tif|HLS-VI.S30.T49TEK.2018364T033139.v2.0.NDVI.tif|HLS-VI.S30.T49TEL.2018364T033139.v2.0.NDVI.tif|HLS-VI.S30.T49TFK.2018364T033139.v2.0.NDVI.tif|HLS-VI.S30.T49TGJ.2018364T033139.v2.0.NDVI.tif
2018-12-31,11,"T48SWG,T48TVK,T48TVL,T50TQN,T50TQP,T51TUH,T51TUJ,T51TUK,T51TVL,T51TVM,T51UWP",3,"EPSG:32648,EPSG:32650,EPSG:32651",46,36,0.17634657305956156,0.08902582434378643,77169425,144065909,0.5356536153185276,EPSG:32648:3files:24003708valid:11chunks|EPSG:32650:2files:24865882valid:8chunks|EPSG:32651:6files:28299835valid:27chunks,HLS-VI.S30.T48SWG.2018365T035141.v2.0.NDVI.tif|HLS-VI.S30.T48TVK.2018365T035141.v2.0.NDVI.tif|HLS-VI.S30.T48TVL.2018365T035141.v2.0.NDVI.tif|HLS-VI.S30.T50TQN.2018365T030129.v2.0.NDVI.tif|HLS-VI.S30.T50TQP.2018365T030129.v2.0.NDVI.tif|HLS-VI.S30.T51TUH.2018365T030129.v2.0.NDVI.tif|HLS-VI.S30.T51TUJ.2018365T030129.v2.0.NDVI.tif|HLS-VI.S30.T51TUK.2018365T030129.v2.0.NDVI.tif|HLS-VI.S30.T51TVL.2018365T030129.v2.0.NDVI.tif|HLS-VI.S30.T51TVM.2018365T030129.v2.0.NDVI.tif|HLS-VI.S30.T51UWP.2018365T030129.v2.0.NDVI.tif
