path,filename,sensor,tile,date,julian_date,hms,raster_crs,raster_left,raster_bottom,raster_right,raster_top,intersects_target
/home/ec2-user/ndvi_sqs_work/inner_mongolia/raw/HLS-VI.S30.T49SED.2018001T032119.v2.0.NDVI.tif,HLS-VI.S30.T49SED.2018001T032119.v2.0.NDVI.tif,S30,T49SED,2018-01-01,2018001,032119,EPSG:32649,499980.0,4290240.0,609780.0,4400040.0,True
/home/ec2-user/ndvi_sqs_work/inner_mongolia/raw/HLS-VI.S30.T49TEE.2018001T032119.v2.0.NDVI.tif,HLS-VI.S30.T49TEE.2018001T032119.v2.0.NDVI.tif,S30,T49TEE,2018-01-01,2018001,032119,EPSG:32649,499980.0,4390200.0,609780.0,4500000.0,True
/home/ec2-user/ndvi_sqs_work/inner_mongolia/raw/HLS-VI.S30.T49TFE.2018001T032119.v2.0.NDVI.tif,HLS-VI.S30.T49TFE.2018001T032119.v2.0.NDVI.tif,S30,T49TFE,2018-01-01,2018001,032119,EPSG:32649,600000.0,4390200.0,709800.0,4500000.0,True
/home/ec2-user/ndvi_sqs_work/inner_mongolia/raw/HLS-VI.S30.T49TGE.2018001T032119.v2.0.NDVI.tif,HLS-VI.S30.T49TGE.2018001T032119.v2.0.NDVI.tif,S30,T49TGE,2018-01-01,2018001,032119,EPSG:32649,699960.0,4390200.0,809760.0,4500000.0,True
/home/ec2-user/ndvi_sqs_work/inner_mongolia/raw/HLS-VI.S30.T50TKK.2018001T032119.v2.0.NDVI.tif,HLS-VI.S30.T50TKK.2018001T032119.v2.0.NDVI.tif,S30,T50TKK,2018-01-01,2018001,032119,EPSG:32650,199980.0,4390200.0,309780.0,4500000.0,True
/home/ec2-user/ndvi_sqs_work/inner_mongolia/raw/HLS-VI.S30.T50TMN.2018001T032119.v2.0.NDVI.tif,HLS-VI.S30.T50TMN.2018001T032119.v2.0.NDVI.tif,S30,T50TMN,2018-01-01,2018001,032119,EPSG:32650,399960.0,4690200.0,509760.0,4800000.0,True
/home/ec2-user/ndvi_sqs_work/inner_mongolia/raw/HLS-VI.S30.T50TPL.2018002T025109.v2.0.NDVI.tif,HLS-VI.S30.T50TPL.2018002T025109.v2.0.NDVI.tif,S30,T50TPL,2018-01-02,2018002,025109,EPSG:32650,600000.0,4490220.0,709800.0,4600020.0,True
/home/ec2-user/ndvi_sqs_work/inner_mongolia/raw/HLS-VI.S30.T50TQL.2018002T025109.v2.0.NDVI.tif,HLS-VI.S30.T50TQL.2018002T025109.v2.0.NDVI.tif,S30,T50TQL,2018-01-02,2018002,025109,EPSG:32650,699960.0,4490220.0,809760.0,4600020.0,True
/home/ec2-user/ndvi_sqs_work/inner_mongolia/raw/HLS-VI.S30.T50TQM.2018002T025109.v2.0.NDVI.tif,HLS-VI.S30.T50TQM.2018002T025109.v2.0.NDVI.tif,S30,T50TQM,2018-01-02,2018002,025109,EPSG:32650,699960.0,4590240.0,809760.0,4700040.0,True
/home/ec2-user/ndvi_sqs_work/inner_mongolia/raw/HLS-VI.S30.T50TQN.2018002T025109.v2.0.NDVI.tif,HLS-VI.S30.T50TQN.2018002T025109.v2.0.NDVI.tif,S30,T50TQN,2018-01-02,2018002,025109,EPSG:32650,699960.0,4690200.0,809760.0,4800000.0,True
/home/ec2-user/ndvi_sqs_work/inner_mongolia/raw/HLS-VI.S30.T50TQQ.2018002T025109.v2.0.NDVI.tif,HLS-VI.S30.T50TQQ.2018002T025109.v2.0.NDVI.tif,S30,T50TQQ,2018-01-02,2018002,025109,EPSG:32650,699960.0,4890240.0,809760.0,5000040.0,True
/home/ec2-user/ndvi_sqs_work/inner_mongolia/raw/HLS-VI.S30.T51TTG.2018002T025109.v2.0.NDVI.tif,HLS-VI.S30.T51TTG.2018002T025109.v2.0.NDVI.tif,S30,T51TTG,2018-01-02,2018002,025109,EPSG:32651,199980.0,4590240.0,309780.0,4700040.0,True
/home/ec2-user/ndvi_sqs_work/inner_mongolia/raw/HLS-VI.S30.T51TUG.2018002T025109.v2.0.NDVI.tif,HLS-VI.S30.T51TUG.2018002T025109.v2.0.NDVI.tif,S30,T51TUG,2018-01-02,2018002,025109,EPSG:32651,300000.0,4590240.0,409800.0,4700040.0,True
/home/ec2-user/ndvi_sqs_work/inner_mongolia/raw/HLS-VI.S30.T51TUH.2018002T025109.v2.0.NDVI.tif,HLS-VI.S30.T51TUH.2018002T025109.v2.0.NDVI.tif,S30,T51TUH,2018-01-02,2018002,025109,EPSG:32651,300000.0,4690200.0,409800.0,4800000.0,True
/home/ec2-user/ndvi_sqs_work/inner_mongolia/raw/HLS-VI.S30.T51TUJ.2018002T025109.v2.0.NDVI.tif,HLS-VI.S30.T51TUJ.2018002T025109.v2.0.NDVI.tif,S30,T51TUJ,2018-01-02,2018002,025109,EPSG:32651,300000.0,4790220.0,409800.0,4900020.0,True
/home/ec2-user/ndvi_sqs_work/inner_mongolia/raw/HLS-VI.S30.T51TVH.2018002T025109.v2.0.NDVI.tif,HLS-VI.S30.T51TVH.2018002T025109.v2.0.NDVI.tif,S30,T51TVH,2018-01-02,2018002,025109,EPSG:32651,399960.0,4690200.0,509760.0,4800000.0,True
/home/ec2-user/ndvi_sqs_work/inner_mongolia/raw/HLS-VI.S30.T51TWH.2018002T025109.v2.0.NDVI.tif,HLS-VI.S30.T51TWH.2018002T025109.v2.0.NDVI.tif,S30,T51TWH,2018-01-02,2018002,025109,EPSG:32651,499980.0,4690200.0,609780.0,4800000.0,True
/home/ec2-user/ndvi_sqs_work/inner_mongolia/raw/HLS-VI.S30.T51TWJ.2018002T025109.v2.0.NDVI.tif,HLS-VI.S30.T51TWJ.2018002T025109.v2.0.NDVI.tif,S30,T51TWJ,2018-01-02,2018002,025109,EPSG:32651,499980.0,4790220.0,609780.0,4900020.0,True
/home/ec2-user/ndvi_sqs_work/inner_mongolia/raw/HLS-VI.S30.T49TGL.2018004T033129.v2.0.NDVI.tif,HLS-VI.S30.T49TGL.2018004T033129.v2.0.NDVI.tif,S30,T49TGL,2018-01-04,2018004,033129,EPSG:32649,699960.0,4990200.0,809760.0,5100000.0,True
/home/ec2-user/ndvi_sqs_work/inner_mongolia/raw/HLS-VI.S30.T48TYN.2018005T035131.v2.0.NDVI.tif,HLS-VI.S30.T48TYN.2018005T035131.v2.0.NDVI.tif,S30,T48TYN,2018-01-05,2018005,035131,EPSG:32648,699960.0,4690200.0,809760.0,4800000.0,True
/home/ec2-user/ndvi_sqs_work/inner_mongolia/raw/HLS-VI.S30.T50TQM.2018005T030109.v2.0.NDVI.tif,HLS-VI.S30.T50TQM.2018005T030109.v2.0.NDVI.tif,S30,T50TQM,2018-01-05,2018005,030109,EPSG:32650,699960.0,4590240.0,809760.0,4700040.0,True
/home/ec2-user/ndvi_sqs_work/inner_mongolia/raw/HLS-VI.S30.T50TQN.2018005T030109.v2.0.NDVI.tif,HLS-VI.S30.T50TQN.2018005T030109.v2.0.NDVI.tif,S30,T50TQN,2018-01-05,2018005,030109,EPSG:32650,699960.0,4690200.0,809760.0,4800000.0,True
/home/ec2-user/ndvi_sqs_work/inner_mongolia/raw/HLS-VI.S30.T50UPA.2018005T030109.v2.0.NDVI.tif,HLS-VI.S30.T50UPA.2018005T030109.v2.0.NDVI.tif,S30,T50UPA,2018-01-05,2018005,030109,EPSG:32650,600000.0,5490240.0,709800.0,5600040.0,True
/home/ec2-user/ndvi_sqs_work/inner_mongolia/raw/HLS-VI.S30.T51TTG.2018005T030109.v2.0.NDVI.tif,HLS-VI.S30.T51TTG.2018005T030109.v2.0.NDVI.tif,S30,T51TTG,2018-01-05,2018005,030109,EPSG:32651,199980.0,4590240.0,309780.0,4700040.0,True
/home/ec2-user/ndvi_sqs_work/inner_mongolia/raw/HLS-VI.S30.T51TUG.2018005T030109.v2.0.NDVI.tif,HLS-VI.S30.T51TUG.2018005T030109.v2.0.NDVI.tif,S30,T51TUG,2018-01-05,2018005,030109,EPSG:32651,300000.0,4590240.0,409800.0,4700040.0,True
/home/ec2-user/ndvi_sqs_work/inner_mongolia/raw/HLS-VI.S30.T51TUH.2018005T030109.v2.0.NDVI.tif,HLS-VI.S30.T51TUH.2018005T030109.v2.0.NDVI.tif,S30,T51TUH,2018-01-05,2018005,030109,EPSG:32651,300000.0,4690200.0,409800.0,4800000.0,True
/home/ec2-user/ndvi_sqs_work/inner_mongolia/raw/HLS-VI.S30.T51TUJ.2018005T030109.v2.0.NDVI.tif,HLS-VI.S30.T51TUJ.2018005T030109.v2.0.NDVI.tif,S30,T51TUJ,2018-01-05,2018005,030109,EPSG:32651,300000.0,4790220.0,409800.0,4900020.0,True
/home/ec2-user/ndvi_sqs_work/inner_mongolia/raw/HLS-VI.S30.T51UVP.2018005T030109.v2.0.NDVI.tif,HLS-VI.S30.T51UVP.2018005T030109.v2.0.NDVI.tif,S30,T51UVP,2018-01-05,2018005,030109,EPSG:32651,399960.0,5290200.0,509760.0,5400000.0,True
/home/ec2-user/ndvi_sqs_work/inner_mongolia/raw/HLS-VI.S30.T51UWP.2018005T030109.v2.0.NDVI.tif,HLS-VI.S30.T51UWP.2018005T030109.v2.0.NDVI.tif,S30,T51UWP,2018-01-05,2018005,030109,EPSG:32651,499980.0,5290200.0,609780.0,5400000.0,True
/home/ec2-user/ndvi_sqs_work/inner_mongolia/raw/HLS-VI.S30.T50TMP.2018006T032121.v2.0.NDVI.tif,HLS-VI.S30.T50TMP.2018006T032121.v2.0.NDVI.tif,S30,T50TMP,2018-01-06,2018006,032121,EPSG:32650,399960.0,4790220.0,509760.0,4900020.0,True
/home/ec2-user/ndvi_sqs_work/inner_mongolia/raw/HLS-VI.S30.T50TMR.2018006T032121.v2.0.NDVI.tif,HLS-VI.S30.T50TMR.2018006T032121.v2.0.NDVI.tif,S30,T50TMR,2018-01-06,2018006,032121,EPSG:32650,399960.0,4990200.0,509760.0,5100000.0,True
/home/ec2-user/ndvi_sqs_work/inner_mongolia/raw/HLS-VI.S30.T50TMS.2018006T032121.v2.0.NDVI.tif,HLS-VI.S30.T50TMS.2018006T032121.v2.0.NDVI.tif,S30,T50TMS,2018-01-06,2018006,032121,EPSG:32650,399960.0,5090220.0,509760.0,5200020.0,True
/home/ec2-user/ndvi_sqs_work/inner_mongolia/raw/HLS-VI.S30.T50TMT.2018006T032121.v2.0.NDVI.tif,HLS-VI.S30.T50TMT.2018006T032121.v2.0.NDVI.tif,S30,T50TMT,2018-01-06,2018006,032121,EPSG:32650,399960.0,5190240.0,509760.0,5300040.0,True
/home/ec2-user/ndvi_sqs_work/inner_mongolia/raw/HLS-VI.S30.T50TNT.2018006T032121.v2.0.NDVI.tif,HLS-VI.S30.T50TNT.2018006T032121.v2.0.NDVI.tif,S30,T50TNT,2018-01-06,2018006,032121,EPSG:32650,499980.0,5190240.0,609780.0,5300040.0,True
/home/ec2-user/ndvi_sqs_work/inner_mongolia/raw/HLS-VI.S30.T50UMA.2018006T032121.v2.0.NDVI.tif,HLS-VI.S30.T50UMA.2018006T032121.v2.0.NDVI.tif,S30,T50UMA,2018-01-06,2018006,032121,EPSG:32650,399960.0,5490240.0,509760.0,5600040.0,True
/home/ec2-user/ndvi_sqs_work/inner_mongolia/raw/HLS-VI.S30.T50UMU.2018006T032121.v2.0.NDVI.tif,HLS-VI.S30.T50UMU.2018006T032121.v2.0.NDVI.tif,S30,T50UMU,2018-01-06,2018006,032121,EPSG:32650,399960.0,5290200.0,509760.0,5400000.0,True
/home/ec2-user/ndvi_sqs_work/inner_mongolia/raw/HLS-VI.S30.T50UNA.2018006T032121.v2.0.NDVI.tif,HLS-VI.S30.T50UNA.2018006T032121.v2.0.NDVI.tif,S30,T50UNA,2018-01-06,2018006,032121,EPSG:32650,499980.0,5490240.0,609780.0,5600040.0,True
/home/ec2-user/ndvi_sqs_work/inner_mongolia/raw/HLS-VI.S30.T50UNU.2018006T032121.v2.0.NDVI.tif,HLS-VI.S30.T50UNU.2018006T032121.v2.0.NDVI.tif,S30,T50UNU,2018-01-06,2018006,032121,EPSG:32650,499980.0,5290200.0,609780.0,5400000.0,True
/home/ec2-user/ndvi_sqs_work/inner_mongolia/raw/HLS-VI.S30.T50UNV.2018006T032121.v2.0.NDVI.tif,HLS-VI.S30.T50UNV.2018006T032121.v2.0.NDVI.tif,S30,T50UNV,2018-01-06,2018006,032121,EPSG:32650,499980.0,5390220.0,609780.0,5500020.0,True
/home/ec2-user/ndvi_sqs_work/inner_mongolia/raw/HLS-VI.S30.T50UPA.2018006T032121.v2.0.NDVI.tif,HLS-VI.S30.T50UPA.2018006T032121.v2.0.NDVI.tif,S30,T50UPA,2018-01-06,2018006,032121,EPSG:32650,600000.0,5490240.0,709800.0,5600040.0,True
/home/ec2-user/ndvi_sqs_work/inner_mongolia/raw/HLS-VI.S30.T51UXR.2018007T025101.v2.0.NDVI.tif,HLS-VI.S30.T51UXR.2018007T025101.v2.0.NDVI.tif,S30,T51UXR,2018-01-07,2018007,025101,EPSG:32651,600000.0,5490240.0,709800.0,5600040.0,True
/home/ec2-user/ndvi_sqs_work/inner_mongolia/raw/HLS-VI.S30.T47TPF.2018008T040131.v2.0.NDVI.tif,HLS-VI.S30.T47TPF.2018008T040131.v2.0.NDVI.tif,S30,T47TPF,2018-01-08,2018008,040131,EPSG:32647,600000.0,4490220.0,709800.0,4600020.0,True
/home/ec2-user/ndvi_sqs_work/inner_mongolia/raw/HLS-VI.S30.T47TQE.2018008T040131.v2.0.NDVI.tif,HLS-VI.S30.T47TQE.2018008T040131.v2.0.NDVI.tif,S30,T47TQE,2018-01-08,2018008,040131,EPSG:32647,699960.0,4390200.0,809760.0,4500000.0,True
/home/ec2-user/ndvi_sqs_work/inner_mongolia/raw/HLS-VI.S30.T47TQG.2018008T040131.v2.0.NDVI.tif,HLS-VI.S30.T47TQG.2018008T040131.v2.0.NDVI.tif,S30,T47TQG,2018-01-08,2018008,040131,EPSG:32647,699960.0,4590240.0,809760.0,4700040.0,True
/home/ec2-user/ndvi_sqs_work/inner_mongolia/raw/HLS-VI.S30.T48TTM.2018008T040131.v2.0.NDVI.tif,HLS-VI.S30.T48TTM.2018008T040131.v2.0.NDVI.tif,S30,T48TTM,2018-01-08,2018008,040131,EPSG:32648,199980.0,4590240.0,309780.0,4700040.0,True
/home/ec2-user/ndvi_sqs_work/inner_mongolia/raw/HLS-VI.S30.T47TME.2018009T042139.v2.0.NDVI.tif,HLS-VI.S30.T47TME.2018009T042139.v2.0.NDVI.tif,S30,T47TME,2018-01-09,2018009,042139,EPSG:32647,399960.0,4390200.0,509760.0,4500000.0,True
/home/ec2-user/ndvi_sqs_work/inner_mongolia/raw/HLS-VI.S30.T47TMH.2018009T042139.v2.0.NDVI.tif,HLS-VI.S30.T47TMH.2018009T042139.v2.0.NDVI.tif,S30,T47TMH,2018-01-09,2018009,042139,EPSG:32647,399960.0,4690200.0,509760.0,4800000.0,True
/home/ec2-user/ndvi_sqs_work/inner_mongolia/raw/HLS-VI.S30.T47TNG.2018009T042139.v2.0.NDVI.tif,HLS-VI.S30.T47TNG.2018009T042139.v2.0.NDVI.tif,S30,T47TNG,2018-01-09,2018009,042139,EPSG:32647,499980.0,4590240.0,609780.0,4700040.0,True
/home/ec2-user/ndvi_sqs_work/inner_mongolia/raw/HLS-VI.S30.T47TNH.2018009T042139.v2.0.NDVI.tif,HLS-VI.S30.T47TNH.2018009T042139.v2.0.NDVI.tif,S30,T47TNH,2018-01-09,2018009,042139,EPSG:32647,499980.0,4690200.0,609780.0,4800000.0,True
/home/ec2-user/ndvi_sqs_work/inner_mongolia/raw/HLS-VI.S30.T47TPH.2018009T042139.v2.0.NDVI.tif,HLS-VI.S30.T47TPH.2018009T042139.v2.0.NDVI.tif,S30,T47TPH,2018-01-09,2018009,042139,EPSG:32647,600000.0,4690200.0,709800.0,4800000.0,True
/home/ec2-user/ndvi_sqs_work/inner_mongolia/raw/HLS-VI.S30.T47TMF.2018011T041131.v2.0.NDVI.tif,HLS-VI.S30.T47TMF.2018011T041131.v2.0.NDVI.tif,S30,T47TMF,2018-01-11,2018011,041131,EPSG:32647,399960.0,4490220.0,509760.0,4600020.0,True
/home/ec2-user/ndvi_sqs_work/inner_mongolia/raw/HLS-VI.S30.T47TNE.2018011T041131.v2.0.NDVI.tif,HLS-VI.S30.T47TNE.2018011T041131.v2.0.NDVI.tif,S30,T47TNE,2018-01-11,2018011,041131,EPSG:32647,499980.0,4390200.0,609780.0,4500000.0,True
/home/ec2-user/ndvi_sqs_work/inner_mongolia/raw/HLS-VI.S30.T47TNG.2018011T041131.v2.0.NDVI.tif,HLS-VI.S30.T47TNG.2018011T041131.v2.0.NDVI.tif,S30,T47TNG,2018-01-11,2018011,041131,EPSG:32647,499980.0,4590240.0,609780.0,4700040.0,True
/home/ec2-user/ndvi_sqs_work/inner_mongolia/raw/HLS-VI.S30.T47TNH.2018011T041131.v2.0.NDVI.tif,HLS-VI.S30.T47TNH.2018011T041131.v2.0.NDVI.tif,S30,T47TNH,2018-01-11,2018011,041131,EPSG:32647,499980.0,4690200.0,609780.0,4800000.0,True
/home/ec2-user/ndvi_sqs_work/inner_mongolia/raw/HLS-VI.S30.T47TPG.2018011T041131.v2.0.NDVI.tif,HLS-VI.S30.T47TPG.2018011T041131.v2.0.NDVI.tif,S30,T47TPG,2018-01-11,2018011,041131,EPSG:32647,600000.0,4590240.0,709800.0,4700040.0,True
/home/ec2-user/ndvi_sqs_work/inner_mongolia/raw/HLS-VI.S30.T47TQH.2018011T041131.v2.0.NDVI.tif,HLS-VI.S30.T47TQH.2018011T041131.v2.0.NDVI.tif,S30,T47TQH,2018-01-11,2018011,041131,EPSG:32647,699960.0,4690200.0,809760.0,4800000.0,True
/home/ec2-user/ndvi_sqs_work/inner_mongolia/raw/HLS-VI.S30.T47TMH.2018012T043129.v2.0.NDVI.tif,HLS-VI.S30.T47TMH.2018012T043129.v2.0.NDVI.tif,S30,T47TMH,2018-01-12,2018012,043129,EPSG:32647,399960.0,4690200.0,509760.0,4800000.0,True
/home/ec2-user/ndvi_sqs_work/inner_mongolia/raw/HLS-VI.S30.T51TWN.2018012T025049.v2.0.NDVI.tif,HLS-VI.S30.T51TWN.2018012T025049.v2.0.NDVI.tif,S30,T51TWN,2018-01-12,2018012,025049,EPSG:32651,499980.0,5190240.0,609780.0,5300040.0,True
/home/ec2-user/ndvi_sqs_work/inner_mongolia/raw/HLS-VI.S30.T51UWP.2018012T025049.v2.0.NDVI.tif,HLS-VI.S30.T51UWP.2018012T025049.v2.0.NDVI.tif,S30,T51UWP,2018-01-12,2018012,025049,EPSG:32651,499980.0,5290200.0,609780.0,5400000.0,True
/home/ec2-user/ndvi_sqs_work/inner_mongolia/raw/HLS-VI.S30.T51UWR.2018012T025049.v2.0.NDVI.tif,HLS-VI.S30.T51UWR.2018012T025049.v2.0.NDVI.tif,S30,T51UWR,2018-01-12,2018012,025049,EPSG:32651,499980.0,5490240.0,609780.0,5600040.0,True
/home/ec2-user/ndvi_sqs_work/inner_mongolia/raw/HLS-VI.S30.T51UXS.2018012T025049.v2.0.NDVI.tif,HLS-VI.S30.T51UXS.2018012T025049.v2.0.NDVI.tif,S30,T51UXS,2018-01-12,2018012,025049,EPSG:32651,600000.0,5590200.0,709800.0,5700000.0,True
/home/ec2-user/ndvi_sqs_work/inner_mongolia/raw/HLS-VI.S30.T47TPE.2018013T040119.v2.0.NDVI.tif,HLS-VI.S30.T47TPE.2018013T040119.v2.0.NDVI.tif,S30,T47TPE,2018-01-13,2018013,040119,EPSG:32647,600000.0,4390200.0,709800.0,4500000.0,True
/home/ec2-user/ndvi_sqs_work/inner_mongolia/raw/HLS-VI.S30.T50UPA.2018015T030049.v2.0.NDVI.tif,HLS-VI.S30.T50UPA.2018015T030049.v2.0.NDVI.tif,S30,T50UPA,2018-01-15,2018015,030049,EPSG:32650,600000.0,5490240.0,709800.0,5600040.0,True
/home/ec2-user/ndvi_sqs_work/inner_mongolia/raw/HLS-VI.S30.T50UPV.2018015T030049.v2.0.NDVI.tif,HLS-VI.S30.T50UPV.2018015T030049.v2.0.NDVI.tif,S30,T50UPV,2018-01-15,2018015,030049,EPSG:32650,600000.0,5390220.0,709800.0,5500020.0,True
/home/ec2-user/ndvi_sqs_work/inner_mongolia/raw/HLS-VI.S30.T51UWQ.2018015T030049.v2.0.NDVI.tif,HLS-VI.S30.T51UWQ.2018015T030049.v2.0.NDVI.tif,S30,T51UWQ,2018-01-15,2018015,030049,EPSG:32651,499980.0,5390220.0,609780.0,5500020.0,True
/home/ec2-user/ndvi_sqs_work/inner_mongolia/raw/HLS-VI.S30.T48TXN.2018017T034059.v2.0.NDVI.tif,HLS-VI.S30.T48TXN.2018017T034059.v2.0.NDVI.tif,S30,T48TXN,2018-01-17,2018017,034059,EPSG:32648,600000.0,4690200.0,709800.0,4800000.0,True
/home/ec2-user/ndvi_sqs_work/inner_mongolia/raw/HLS-VI.S30.T50TPN.2018018T031039.v2.0.NDVI.tif,HLS-VI.S30.T50TPN.2018018T031039.v2.0.NDVI.tif,S30,T50TPN,2018-01-18,2018018,031039,EPSG:32650,600000.0,4690200.0,709800.0,4800000.0,True
/home/ec2-user/ndvi_sqs_work/inner_mongolia/raw/HLS-VI.S30.T49SCB.2018019T033041.v2.0.NDVI.tif,HLS-VI.S30.T49SCB.2018019T033041.v2.0.NDVI.tif,S30,T49SCB,2018-01-19,2018019,033041,EPSG:32649,300000.0,4090200.0,409800.0,4200000.0,True
/home/ec2-user/ndvi_sqs_work/inner_mongolia/raw/HLS-VI.S30.T49SDC.2018019T033041.v2.0.NDVI.tif,HLS-VI.S30.T49SDC.2018019T033041.v2.0.NDVI.tif,S30,T49SDC,2018-01-19,2018019,033041,EPSG:32649,399960.0,4190220.0,509760.0,4300020.0,True
/home/ec2-user/ndvi_sqs_work/inner_mongolia/raw/HLS-VI.S30.T49TBE.2018019T033041.v2.0.NDVI.tif,HLS-VI.S30.T49TBE.2018019T033041.v2.0.NDVI.tif,S30,T49TBE,2018-01-19,2018019,033041,EPSG:32649,199980.0,4390200.0,309780.0,4500000.0,True
/home/ec2-user/ndvi_sqs_work/inner_mongolia/raw/HLS-VI.S30.T49TCH.2018019T033041.v2.0.NDVI.tif,HLS-VI.S30.T49TCH.2018019T033041.v2.0.NDVI.tif,S30,T49TCH,2018-01-19,2018019,033041,EPSG:32649,300000.0,4690200.0,409800.0,4800000.0,True
/home/ec2-user/ndvi_sqs_work/inner_mongolia/raw/HLS-VI.S30.T49TDE.2018019T033041.v2.0.NDVI.tif,HLS-VI.S30.T49TDE.2018019T033041.v2.0.NDVI.tif,S30,T49TDE,2018-01-19,2018019,033041,EPSG:32649,399960.0,4390200.0,509760.0,4500000.0,True
/home/ec2-user/ndvi_sqs_work/inner_mongolia/raw/HLS-VI.S30.T49TDH.2018019T033041.v2.0.NDVI.tif,HLS-VI.S30.T49TDH.2018019T033041.v2.0.NDVI.tif,S30,T49TDH,2018-01-19,2018019,033041,EPSG:32649,399960.0,4690200.0,509760.0,4800000.0,True
/home/ec2-user/ndvi_sqs_work/inner_mongolia/raw/HLS-VI.S30.T49TEL.2018019T033041.v2.0.NDVI.tif,HLS-VI.S30.T49TEL.2018019T033041.v2.0.NDVI.tif,S30,T49TEL,2018-01-19,2018019,033041,EPSG:32649,499980.0,4990200.0,609780.0,5100000.0,True
/home/ec2-user/ndvi_sqs_work/inner_mongolia/raw/HLS-VI.S30.T51TWM.2018019T024019.v2.0.NDVI.tif,HLS-VI.S30.T51TWM.2018019T024019.v2.0.NDVI.tif,S30,T51TWM,2018-01-19,2018019,024019,EPSG:32651,499980.0,5090220.0,609780.0,5200020.0,True
/home/ec2-user/ndvi_sqs_work/inner_mongolia/raw/HLS-VI.S30.T48TVL.2018020T035049.v2.0.NDVI.tif,HLS-VI.S30.T48TVL.2018020T035049.v2.0.NDVI.tif,S30,T48TVL,2018-01-20,2018020,035049,EPSG:32648,399960.0,4490220.0,509760.0,4600020.0,True
/home/ec2-user/ndvi_sqs_work/inner_mongolia/raw/HLS-VI.S30.T48TWM.2018020T035049.v2.0.NDVI.tif,HLS-VI.S30.T48TWM.2018020T035049.v2.0.NDVI.tif,S30,T48TWM,2018-01-20,2018020,035049,EPSG:32648,499980.0,4590240.0,609780.0,4700040.0,True
/home/ec2-user/ndvi_sqs_work/inner_mongolia/raw/HLS-VI.S30.T48TXN.2018020T035049.v2.0.NDVI.tif,HLS-VI.S30.T48TXN.2018020T035049.v2.0.NDVI.tif,S30,T48TXN,2018-01-20,2018020,035049,EPSG:32648,600000.0,4690200.0,709800.0,4800000.0,True
/home/ec2-user/ndvi_sqs_work/inner_mongolia/raw/HLS-VI.S30.T48TYM.2018020T035049.v2.0.NDVI.tif,HLS-VI.S30.T48TYM.2018020T035049.v2.0.NDVI.tif,S30,T48TYM,2018-01-20,2018020,035049,EPSG:32648,699960.0,4590240.0,809760.0,4700040.0,True
/home/ec2-user/ndvi_sqs_work/inner_mongolia/raw/HLS-VI.S30.T48TYN.2018020T035049.v2.0.NDVI.tif,HLS-VI.S30.T48TYN.2018020T035049.v2.0.NDVI.tif,S30,T48TYN,2018-01-20,2018020,035049,EPSG:32648,699960.0,4690200.0,809760.0,4800000.0,True
/home/ec2-user/ndvi_sqs_work/inner_mongolia/raw/HLS-VI.S30.T49TBG.2018020T035049.v2.0.NDVI.tif,HLS-VI.S30.T49TBG.2018020T035049.v2.0.NDVI.tif,S30,T49TBG,2018-01-20,2018020,035049,EPSG:32649,199980.0,4590240.0,309780.0,4700040.0,True
/home/ec2-user/ndvi_sqs_work/inner_mongolia/raw/HLS-VI.S30.T48SVG.2018023T040039.v2.0.NDVI.tif,HLS-VI.S30.T48SVG.2018023T040039.v2.0.NDVI.tif,S30,T48SVG,2018-01-23,2018023,040039,EPSG:32648,399960.0,4090200.0,509760.0,4200000.0,True
/home/ec2-user/ndvi_sqs_work/inner_mongolia/raw/HLS-VI.S30.T49TEL.2018024T033029.v2.0.NDVI.tif,HLS-VI.S30.T49TEL.2018024T033029.v2.0.NDVI.tif,S30,T49TEL,2018-01-24,2018024,033029,EPSG:32649,499980.0,4990200.0,609780.0,5100000.0,True
/home/ec2-user/ndvi_sqs_work/inner_mongolia/raw/HLS-VI.S30.T51UXP.2018027T024951.v2.0.NDVI.tif,HLS-VI.S30.T51UXP.2018027T024951.v2.0.NDVI.tif,S30,T51UXP,2018-01-27,2018027,024951,EPSG:32651,600000.0,5290200.0,709800.0,5400000.0,True
/home/ec2-user/ndvi_sqs_work/inner_mongolia/raw/HLS-VI.S30.T51UXQ.2018027T024951.v2.0.NDVI.tif,HLS-VI.S30.T51UXQ.2018027T024951.v2.0.NDVI.tif,S30,T51UXQ,2018-01-27,2018027,024951,EPSG:32651,600000.0,5390220.0,709800.0,5500020.0,True
/home/ec2-user/ndvi_sqs_work/inner_mongolia/raw/HLS-VI.S30.T51TWN.2018029T023939.v2.0.NDVI.tif,HLS-VI.S30.T51TWN.2018029T023939.v2.0.NDVI.tif,S30,T51TWN,2018-01-29,2018029,023939,EPSG:32651,499980.0,5190240.0,609780.0,5300040.0,True
/home/ec2-user/ndvi_sqs_work/inner_mongolia/raw/HLS-VI.S30.T51UWP.2018029T023939.v2.0.NDVI.tif,HLS-VI.S30.T51UWP.2018029T023939.v2.0.NDVI.tif,S30,T51UWP,2018-01-29,2018029,023939,EPSG:32651,499980.0,5290200.0,609780.0,5400000.0,True
/home/ec2-user/ndvi_sqs_work/inner_mongolia/raw/HLS-VI.S30.T51UXP.2018029T023939.v2.0.NDVI.tif,HLS-VI.S30.T51UXP.2018029T023939.v2.0.NDVI.tif,S30,T51UXP,2018-01-29,2018029,023939,EPSG:32651,600000.0,5290200.0,709800.0,5400000.0,True
/home/ec2-user/ndvi_sqs_work/inner_mongolia/raw/HLS-VI.S30.T51UXQ.2018029T023939.v2.0.NDVI.tif,HLS-VI.S30.T51UXQ.2018029T023939.v2.0.NDVI.tif,S30,T51UXQ,2018-01-29,2018029,023939,EPSG:32651,600000.0,5390220.0,709800.0,5500020.0,True
/home/ec2-user/ndvi_sqs_work/inner_mongolia/raw/HLS-VI.S30.T48TXN.2018030T034959.v2.0.NDVI.tif,HLS-VI.S30.T48TXN.2018030T034959.v2.0.NDVI.tif,S30,T48TXN,2018-01-30,2018030,034959,EPSG:32648,600000.0,4690200.0,709800.0,4800000.0,True
/home/ec2-user/ndvi_sqs_work/inner_mongolia/raw/HLS-VI.S30.T48TYN.2018030T034959.v2.0.NDVI.tif,HLS-VI.S30.T48TYN.2018030T034959.v2.0.NDVI.tif,S30,T48TYN,2018-01-30,2018030,034959,EPSG:32648,699960.0,4690200.0,809760.0,4800000.0,True
/home/ec2-user/ndvi_sqs_work/inner_mongolia/raw/HLS-VI.S30.T47TQE.2018031T041011.v2.0.NDVI.tif,HLS-VI.S30.T47TQE.2018031T041011.v2.0.NDVI.tif,S30,T47TQE,2018-01-31,2018031,041011,EPSG:32647,699960.0,4390200.0,809760.0,4500000.0,True
/home/ec2-user/ndvi_sqs_work/inner_mongolia/raw/HLS-VI.S30.T48TTK.2018031T041011.v2.0.NDVI.tif,HLS-VI.S30.T48TTK.2018031T041011.v2.0.NDVI.tif,S30,T48TTK,2018-01-31,2018031,041011,EPSG:32648,199980.0,4390200.0,309780.0,4500000.0,True
/home/ec2-user/ndvi_sqs_work/inner_mongolia/raw/HLS-VI.S30.T51UXR.2018032T024929.v2.0.NDVI.tif,HLS-VI.S30.T51UXR.2018032T024929.v2.0.NDVI.tif,S30,T51UXR,2018-02-01,2018032,024929,EPSG:32651,600000.0,5490240.0,709800.0,5600040.0,True
/home/ec2-user/ndvi_sqs_work/inner_mongolia/raw/HLS-VI.S30.T51UYS.2018032T024929.v2.0.NDVI.tif,HLS-VI.S30.T51UYS.2018032T024929.v2.0.NDVI.tif,S30,T51UYS,2018-02-01,2018032,024929,EPSG:32651,699960.0,5590200.0,809760.0,5700000.0,True
/home/ec2-user/ndvi_sqs_work/inner_mongolia/raw/HLS-VI.S30.T48TTL.2018033T035949.v2.0.NDVI.tif,HLS-VI.S30.T48TTL.2018033T035949.v2.0.NDVI.tif,S30,T48TTL,2018-02-02,2018033,035949,EPSG:32648,199980.0,4490220.0,309780.0,4600020.0,True
/home/ec2-user/ndvi_sqs_work/inner_mongolia/raw/HLS-VI.S30.T48TUL.2018033T035949.v2.0.NDVI.tif,HLS-VI.S30.T48TUL.2018033T035949.v2.0.NDVI.tif,S30,T48TUL,2018-02-02,2018033,035949,EPSG:32648,300000.0,4490220.0,409800.0,4600020.0,True
/home/ec2-user/ndvi_sqs_work/inner_mongolia/raw/HLS-VI.S30.T50TMT.2018033T030931.v2.0.NDVI.tif,HLS-VI.S30.T50TMT.2018033T030931.v2.0.NDVI.tif,S30,T50TMT,2018-02-02,2018033,030931,EPSG:32650,399960.0,5190240.0,509760.0,5300040.0,True
/home/ec2-user/ndvi_sqs_work/inner_mongolia/raw/HLS-VI.S30.T50UMU.2018033T030931.v2.0.NDVI.tif,HLS-VI.S30.T50UMU.2018033T030931.v2.0.NDVI.tif,S30,T50UMU,2018-02-02,2018033,030931,EPSG:32650,399960.0,5290200.0,509760.0,5400000.0,True
/home/ec2-user/ndvi_sqs_work/inner_mongolia/raw/HLS-VI.S30.T50UMV.2018033T030931.v2.0.NDVI.tif,HLS-VI.S30.T50UMV.2018033T030931.v2.0.NDVI.tif,S30,T50UMV,2018-02-02,2018033,030931,EPSG:32650,399960.0,5390220.0,509760.0,5500020.0,True
/home/ec2-user/ndvi_sqs_work/inner_mongolia/raw/HLS-VI.S30.T50UNU.2018033T030931.v2.0.NDVI.tif,HLS-VI.S30.T50UNU.2018033T030931.v2.0.NDVI.tif,S30,T50UNU,2018-02-02,2018033,030931,EPSG:32650,499980.0,5290200.0,609780.0,5400000.0,True
/home/ec2-user/ndvi_sqs_work/inner_mongolia/raw/HLS-VI.S30.T49SDC.2018034T032939.v2.0.NDVI.tif,HLS-VI.S30.T49SDC.2018034T032939.v2.0.NDVI.tif,S30,T49SDC,2018-02-03,2018034,032939,EPSG:32649,399960.0,4190220.0,509760.0,4300020.0,True
/home/ec2-user/ndvi_sqs_work/inner_mongolia/raw/HLS-VI.S30.T49TCH.2018034T032939.v2.0.NDVI.tif,HLS-VI.S30.T49TCH.2018034T032939.v2.0.NDVI.tif,S30,T49TCH,2018-02-03,2018034,032939,EPSG:32649,300000.0,4690200.0,409800.0,4800000.0,True
/home/ec2-user/ndvi_sqs_work/inner_mongolia/raw/HLS-VI.S30.T49TDH.2018034T032939.v2.0.NDVI.tif,HLS-VI.S30.T49TDH.2018034T032939.v2.0.NDVI.tif,S30,T49TDH,2018-02-03,2018034,032939,EPSG:32649,399960.0,4690200.0,509760.0,4800000.0,True
/home/ec2-user/ndvi_sqs_work/inner_mongolia/raw/HLS-VI.S30.T49TGJ.2018034T032939.v2.0.NDVI.tif,HLS-VI.S30.T49TGJ.2018034T032939.v2.0.NDVI.tif,S30,T49TGJ,2018-02-03,2018034,032939,EPSG:32649,699960.0,4790220.0,809760.0,4900020.0,True
/home/ec2-user/ndvi_sqs_work/inner_mongolia/raw/HLS-VI.S30.T51TVH.2018034T023911.v2.0.NDVI.tif,HLS-VI.S30.T51TVH.2018034T023911.v2.0.NDVI.tif,S30,T51TVH,2018-02-03,2018034,023911,EPSG:32651,399960.0,4690200.0,509760.0,4800000.0,True
/home/ec2-user/ndvi_sqs_work/inner_mongolia/raw/HLS-VI.S30.T51UXP.2018034T023911.v2.0.NDVI.tif,HLS-VI.S30.T51UXP.2018034T023911.v2.0.NDVI.tif,S30,T51UXP,2018-02-03,2018034,023911,EPSG:32651,600000.0,5290200.0,709800.0,5400000.0,True
/home/ec2-user/ndvi_sqs_work/inner_mongolia/raw/HLS-VI.S30.T51UXQ.2018034T023911.v2.0.NDVI.tif,HLS-VI.S30.T51UXQ.2018034T023911.v2.0.NDVI.tif,S30,T51UXQ,2018-02-03,2018034,023911,EPSG:32651,600000.0,5390220.0,709800.0,5500020.0,True
/home/ec2-user/ndvi_sqs_work/inner_mongolia/raw/HLS-VI.S30.T51UXR.2018034T023911.v2.0.NDVI.tif,HLS-VI.S30.T51UXR.2018034T023911.v2.0.NDVI.tif,S30,T51UXR,2018-02-03,2018034,023911,EPSG:32651,600000.0,5490240.0,709800.0,5600040.0,True
/home/ec2-user/ndvi_sqs_work/inner_mongolia/raw/HLS-VI.S30.T51UXS.2018034T023911.v2.0.NDVI.tif,HLS-VI.S30.T51UXS.2018034T023911.v2.0.NDVI.tif,S30,T51UXS,2018-02-03,2018034,023911,EPSG:32651,600000.0,5590200.0,709800.0,5700000.0,True
/home/ec2-user/ndvi_sqs_work/inner_mongolia/raw/HLS-VI.S30.T51UYS.2018034T023911.v2.0.NDVI.tif,HLS-VI.S30.T51UYS.2018034T023911.v2.0.NDVI.tif,S30,T51UYS,2018-02-03,2018034,023911,EPSG:32651,699960.0,5590200.0,809760.0,5700000.0,True
/home/ec2-user/ndvi_sqs_work/inner_mongolia/raw/HLS-VI.S30.T51TUG.2018035T025919.v2.0.NDVI.tif,HLS-VI.S30.T51TUG.2018035T025919.v2.0.NDVI.tif,S30,T51TUG,2018-02-04,2018035,025919,EPSG:32651,300000.0,4590240.0,409800.0,4700040.0,True
/home/ec2-user/ndvi_sqs_work/inner_mongolia/raw/HLS-VI.S30.T48TUM.2018036T040939.v2.0.NDVI.tif,HLS-VI.S30.T48TUM.2018036T040939.v2.0.NDVI.tif,S30,T48TUM,2018-02-05,2018036,040939,EPSG:32648,300000.0,4590240.0,409800.0,4700040.0,True
/home/ec2-user/ndvi_sqs_work/inner_mongolia/raw/HLS-VI.S30.T48TXM.2018037T033919.v2.0.NDVI.tif,HLS-VI.S30.T48TXM.2018037T033919.v2.0.NDVI.tif,S30,T48TXM,2018-02-06,2018037,033919,EPSG:32648,600000.0,4590240.0,709800.0,4700040.0,True
/home/ec2-user/ndvi_sqs_work/inner_mongolia/raw/HLS-VI.S30.T48TXN.2018037T033919.v2.0.NDVI.tif,HLS-VI.S30.T48TXN.2018037T033919.v2.0.NDVI.tif,S30,T48TXN,2018-02-06,2018037,033919,EPSG:32648,600000.0,4690200.0,709800.0,4800000.0,True
/home/ec2-user/ndvi_sqs_work/inner_mongolia/raw/HLS-VI.S30.T48TYN.2018037T033919.v2.0.NDVI.tif,HLS-VI.S30.T48TYN.2018037T033919.v2.0.NDVI.tif,S30,T48TYN,2018-02-06,2018037,033919,EPSG:32648,699960.0,4690200.0,809760.0,4800000.0,True
/home/ec2-user/ndvi_sqs_work/inner_mongolia/raw/HLS-VI.S30.T49SCB.2018037T033919.v2.0.NDVI.tif,HLS-VI.S30.T49SCB.2018037T033919.v2.0.NDVI.tif,S30,T49SCB,2018-02-06,2018037,033919,EPSG:32649,300000.0,4090200.0,409800.0,4200000.0,True
/home/ec2-user/ndvi_sqs_work/inner_mongolia/raw/HLS-VI.S30.T49TCH.2018037T033919.v2.0.NDVI.tif,HLS-VI.S30.T49TCH.2018037T033919.v2.0.NDVI.tif,S30,T49TCH,2018-02-06,2018037,033919,EPSG:32649,300000.0,4690200.0,409800.0,4800000.0,True
/home/ec2-user/ndvi_sqs_work/inner_mongolia/raw/HLS-VI.S30.T49TDF.2018037T033919.v2.0.NDVI.tif,HLS-VI.S30.T49TDF.2018037T033919.v2.0.NDVI.tif,S30,T49TDF,2018-02-06,2018037,033919,EPSG:32649,399960.0,4490220.0,509760.0,4600020.0,True
/home/ec2-user/ndvi_sqs_work/inner_mongolia/raw/HLS-VI.S30.T47TLF.2018039T041929.v2.0.NDVI.tif,HLS-VI.S30.T47TLF.2018039T041929.v2.0.NDVI.tif,S30,T47TLF,2018-02-08,2018039,041929,EPSG:32647,300000.0,4490220.0,409800.0,4600020.0,True
/home/ec2-user/ndvi_sqs_work/inner_mongolia/raw/HLS-VI.S30.T47TNF.2018039T041929.v2.0.NDVI.tif,HLS-VI.S30.T47TNF.2018039T041929.v2.0.NDVI.tif,S30,T47TNF,2018-02-08,2018039,041929,EPSG:32647,499980.0,4490220.0,609780.0,4600020.0,True
/home/ec2-user/ndvi_sqs_work/inner_mongolia/raw/HLS-VI.S30.T49SCB.2018039T032911.v2.0.NDVI.tif,HLS-VI.S30.T49SCB.2018039T032911.v2.0.NDVI.tif,S30,T49SCB,2018-02-08,2018039,032911,EPSG:32649,300000.0,4090200.0,409800.0,4200000.0,True
/home/ec2-user/ndvi_sqs_work/inner_mongolia/raw/HLS-VI.S30.T49SCC.2018039T032911.v2.0.NDVI.tif,HLS-VI.S30.T49SCC.2018039T032911.v2.0.NDVI.tif,S30,T49SCC,2018-02-08,2018039,032911,EPSG:32649,300000.0,4190220.0,409800.0,4300020.0,True
/home/ec2-user/ndvi_sqs_work/inner_mongolia/raw/HLS-VI.S30.T49TDJ.2018039T032911.v2.0.NDVI.tif,HLS-VI.S30.T49TDJ.2018039T032911.v2.0.NDVI.tif,S30,T49TDJ,2018-02-08,2018039,032911,EPSG:32649,399960.0,4790220.0,509760.0,4900020.0,True
/home/ec2-user/ndvi_sqs_work/inner_mongolia/raw/HLS-VI.S30.T51UXQ.2018039T023839.v2.0.NDVI.tif,HLS-VI.S30.T51UXQ.2018039T023839.v2.0.NDVI.tif,S30,T51UXQ,2018-02-08,2018039,023839,EPSG:32651,600000.0,5390220.0,709800.0,5500020.0,True
/home/ec2-user/ndvi_sqs_work/inner_mongolia/raw/HLS-VI.S30.T51UXR.2018039T023839.v2.0.NDVI.tif,HLS-VI.S30.T51UXR.2018039T023839.v2.0.NDVI.tif,S30,T51UXR,2018-02-08,2018039,023839,EPSG:32651,600000.0,5490240.0,709800.0,5600040.0,True
/home/ec2-user/ndvi_sqs_work/inner_mongolia/raw/HLS-VI.S30.T51UYS.2018039T023839.v2.0.NDVI.tif,HLS-VI.S30.T51UYS.2018039T023839.v2.0.NDVI.tif,S30,T51UYS,2018-02-08,2018039,023839,EPSG:32651,699960.0,5590200.0,809760.0,5700000.0,True
/home/ec2-user/ndvi_sqs_work/inner_mongolia/raw/HLS-VI.S30.T47TNG.2018041T040911.v2.0.NDVI.tif,HLS-VI.S30.T47TNG.2018041T040911.v2.0.NDVI.tif,S30,T47TNG,2018-02-10,2018041,040911,EPSG:32647,499980.0,4590240.0,609780.0,4700040.0,True
/home/ec2-user/ndvi_sqs_work/inner_mongolia/raw/HLS-VI.S30.T48TTK.2018041T040911.v2.0.NDVI.tif,HLS-VI.S30.T48TTK.2018041T040911.v2.0.NDVI.tif,S30,T48TTK,2018-02-10,2018041,040911,EPSG:32648,199980.0,4390200.0,309780.0,4500000.0,True
/home/ec2-user/ndvi_sqs_work/inner_mongolia/raw/HLS-VI.S30.T48TTL.2018041T040911.v2.0.NDVI.tif,HLS-VI.S30.T48TTL.2018041T040911.v2.0.NDVI.tif,S30,T48TTL,2018-02-10,2018041,040911,EPSG:32648,199980.0,4490220.0,309780.0,4600020.0,True
/home/ec2-user/ndvi_sqs_work/inner_mongolia/raw/HLS-VI.S30.T47TMG.2018042T042909.v2.0.NDVI.tif,HLS-VI.S30.T47TMG.2018042T042909.v2.0.NDVI.tif,S30,T47TMG,2018-02-11,2018042,042909,EPSG:32647,399960.0,4590240.0,509760.0,4700040.0,True
/home/ec2-user/ndvi_sqs_work/inner_mongolia/raw/HLS-VI.S30.T48TXN.2018042T033851.v2.0.NDVI.tif,HLS-VI.S30.T48TXN.2018042T033851.v2.0.NDVI.tif,S30,T48TXN,2018-02-11,2018042,033851,EPSG:32648,600000.0,4690200.0,709800.0,4800000.0,True
/home/ec2-user/ndvi_sqs_work/inner_mongolia/raw/HLS-VI.S30.T48TYN.2018042T033851.v2.0.NDVI.tif,HLS-VI.S30.T48TYN.2018042T033851.v2.0.NDVI.tif,S30,T48TYN,2018-02-11,2018042,033851,EPSG:32648,699960.0,4690200.0,809760.0,4800000.0,True
/home/ec2-user/ndvi_sqs_work/inner_mongolia/raw/HLS-VI.S30.T49TBG.2018042T033851.v2.0.NDVI.tif,HLS-VI.S30.T49TBG.2018042T033851.v2.0.NDVI.tif,S30,T49TBG,2018-02-11,2018042,033851,EPSG:32649,199980.0,4590240.0,309780.0,4700040.0,True
/home/ec2-user/ndvi_sqs_work/inner_mongolia/raw/HLS-VI.S30.T48TTL.2018043T035849.v2.0.NDVI.tif,HLS-VI.S30.T48TTL.2018043T035849.v2.0.NDVI.tif,S30,T48TTL,2018-02-12,2018043,035849,EPSG:32648,199980.0,4490220.0,309780.0,4600020.0,True
/home/ec2-user/ndvi_sqs_work/inner_mongolia/raw/HLS-VI.S30.T48TUL.2018043T035849.v2.0.NDVI.tif,HLS-VI.S30.T48TUL.2018043T035849.v2.0.NDVI.tif,S30,T48TUL,2018-02-12,2018043,035849,EPSG:32648,300000.0,4490220.0,409800.0,4600020.0,True
/home/ec2-user/ndvi_sqs_work/inner_mongolia/raw/HLS-VI.S30.T48TUM.2018043T035849.v2.0.NDVI.tif,HLS-VI.S30.T48TUM.2018043T035849.v2.0.NDVI.tif,S30,T48TUM,2018-02-12,2018043,035849,EPSG:32648,300000.0,4590240.0,409800.0,4700040.0,True
/home/ec2-user/ndvi_sqs_work/inner_mongolia/raw/HLS-VI.S30.T48TVL.2018043T035849.v2.0.NDVI.tif,HLS-VI.S30.T48TVL.2018043T035849.v2.0.NDVI.tif,S30,T48TVL,2018-02-12,2018043,035849,EPSG:32648,399960.0,4490220.0,509760.0,4600020.0,True
/home/ec2-user/ndvi_sqs_work/inner_mongolia/raw/HLS-VI.S30.T48TVM.2018043T035849.v2.0.NDVI.tif,HLS-VI.S30.T48TVM.2018043T035849.v2.0.NDVI.tif,S30,T48TVM,2018-02-12,2018043,035849,EPSG:32648,399960.0,4590240.0,509760.0,4700040.0,True
/home/ec2-user/ndvi_sqs_work/inner_mongolia/raw/HLS-VI.S30.T48TWL.2018043T035849.v2.0.NDVI.tif,HLS-VI.S30.T48TWL.2018043T035849.v2.0.NDVI.tif,S30,T48TWL,2018-02-12,2018043,035849,EPSG:32648,499980.0,4490220.0,609780.0,4600020.0,True
/home/ec2-user/ndvi_sqs_work/inner_mongolia/raw/HLS-VI.S30.T48TWM.2018043T035849.v2.0.NDVI.tif,HLS-VI.S30.T48TWM.2018043T035849.v2.0.NDVI.tif,S30,T48TWM,2018-02-12,2018043,035849,EPSG:32648,499980.0,4590240.0,609780.0,4700040.0,True
/home/ec2-user/ndvi_sqs_work/inner_mongolia/raw/HLS-VI.S30.T50TMS.2018043T030831.v2.0.NDVI.tif,HLS-VI.S30.T50TMS.2018043T030831.v2.0.NDVI.tif,S30,T50TMS,2018-02-12,2018043,030831,EPSG:32650,399960.0,5090220.0,509760.0,5200020.0,True
/home/ec2-user/ndvi_sqs_work/inner_mongolia/raw/HLS-VI.S30.T50TMT.2018043T030831.v2.0.NDVI.tif,HLS-VI.S30.T50TMT.2018043T030831.v2.0.NDVI.tif,S30,T50TMT,2018-02-12,2018043,030831,EPSG:32650,399960.0,5190240.0,509760.0,5300040.0,True
/home/ec2-user/ndvi_sqs_work/inner_mongolia/raw/HLS-VI.S30.T50TNR.2018043T030831.v2.0.NDVI.tif,HLS-VI.S30.T50TNR.2018043T030831.v2.0.NDVI.tif,S30,T50TNR,2018-02-12,2018043,030831,EPSG:32650,499980.0,4990200.0,609780.0,5100000.0,True
/home/ec2-user/ndvi_sqs_work/inner_mongolia/raw/HLS-VI.S30.T50TNT.2018043T030831.v2.0.NDVI.tif,HLS-VI.S30.T50TNT.2018043T030831.v2.0.NDVI.tif,S30,T50TNT,2018-02-12,2018043,030831,EPSG:32650,499980.0,5190240.0,609780.0,5300040.0,True
/home/ec2-user/ndvi_sqs_work/inner_mongolia/raw/HLS-VI.S30.T50UMU.2018043T030831.v2.0.NDVI.tif,HLS-VI.S30.T50UMU.2018043T030831.v2.0.NDVI.tif,S30,T50UMU,2018-02-12,2018043,030831,EPSG:32650,399960.0,5290200.0,509760.0,5400000.0,True
/home/ec2-user/ndvi_sqs_work/inner_mongolia/raw/HLS-VI.S30.T50UMV.2018043T030831.v2.0.NDVI.tif,HLS-VI.S30.T50UMV.2018043T030831.v2.0.NDVI.tif,S30,T50UMV,2018-02-12,2018043,030831,EPSG:32650,399960.0,5390220.0,509760.0,5500020.0,True
/home/ec2-user/ndvi_sqs_work/inner_mongolia/raw/HLS-VI.S30.T50UNU.2018043T030831.v2.0.NDVI.tif,HLS-VI.S30.T50UNU.2018043T030831.v2.0.NDVI.tif,S30,T50UNU,2018-02-12,2018043,030831,EPSG:32650,499980.0,5290200.0,609780.0,5400000.0,True
/home/ec2-user/ndvi_sqs_work/inner_mongolia/raw/HLS-VI.S30.T47TLH.2018044T041901.v2.0.NDVI.tif,HLS-VI.S30.T47TLH.2018044T041901.v2.0.NDVI.tif,S30,T47TLH,2018-02-13,2018044,041901,EPSG:32647,300000.0,4690200.0,409800.0,4800000.0,True
/home/ec2-user/ndvi_sqs_work/inner_mongolia/raw/HLS-VI.S30.T47TNG.2018044T041901.v2.0.NDVI.tif,HLS-VI.S30.T47TNG.2018044T041901.v2.0.NDVI.tif,S30,T47TNG,2018-02-13,2018044,041901,EPSG:32647,499980.0,4590240.0,609780.0,4700040.0,True
/home/ec2-user/ndvi_sqs_work/inner_mongolia/raw/HLS-VI.S30.T49SDC.2018044T032829.v2.0.NDVI.tif,HLS-VI.S30.T49SDC.2018044T032829.v2.0.NDVI.tif,S30,T49SDC,2018-02-13,2018044,032829,EPSG:32649,399960.0,4190220.0,509760.0,4300020.0,True
/home/ec2-user/ndvi_sqs_work/inner_mongolia/raw/HLS-VI.S30.T49SDD.2018044T032829.v2.0.NDVI.tif,HLS-VI.S30.T49SDD.2018044T032829.v2.0.NDVI.tif,S30,T49SDD,2018-02-13,2018044,032829,EPSG:32649,399960.0,4290240.0,509760.0,4400040.0,True
/home/ec2-user/ndvi_sqs_work/inner_mongolia/raw/HLS-VI.S30.T49SED.2018044T032829.v2.0.NDVI.tif,HLS-VI.S30.T49SED.2018044T032829.v2.0.NDVI.tif,S30,T49SED,2018-02-13,2018044,032829,EPSG:32649,499980.0,4290240.0,609780.0,4400040.0,True
/home/ec2-user/ndvi_sqs_work/inner_mongolia/raw/HLS-VI.S30.T49TCH.2018044T032829.v2.0.NDVI.tif,HLS-VI.S30.T49TCH.2018044T032829.v2.0.NDVI.tif,S30,T49TCH,2018-02-13,2018044,032829,EPSG:32649,300000.0,4690200.0,409800.0,4800000.0,True
/home/ec2-user/ndvi_sqs_work/inner_mongolia/raw/HLS-VI.S30.T48TVL.2018045T034841.v2.0.NDVI.tif,HLS-VI.S30.T48TVL.2018045T034841.v2.0.NDVI.tif,S30,T48TVL,2018-02-14,2018045,034841,EPSG:32648,399960.0,4490220.0,509760.0,4600020.0,True
/home/ec2-user/ndvi_sqs_work/inner_mongolia/raw/HLS-VI.S30.T48TXN.2018045T034841.v2.0.NDVI.tif,HLS-VI.S30.T48TXN.2018045T034841.v2.0.NDVI.tif,S30,T48TXN,2018-02-14,2018045,034841,EPSG:32648,600000.0,4690200.0,709800.0,4800000.0,True
/home/ec2-user/ndvi_sqs_work/inner_mongolia/raw/HLS-VI.S30.T48TYN.2018045T034841.v2.0.NDVI.tif,HLS-VI.S30.T48TYN.2018045T034841.v2.0.NDVI.tif,S30,T48TYN,2018-02-14,2018045,034841,EPSG:32648,699960.0,4690200.0,809760.0,4800000.0,True
/home/ec2-user/ndvi_sqs_work/inner_mongolia/raw/HLS-VI.S30.T51TUH.2018045T025819.v2.0.NDVI.tif,HLS-VI.S30.T51TUH.2018045T025819.v2.0.NDVI.tif,S30,T51TUH,2018-02-14,2018045,025819,EPSG:32651,300000.0,4690200.0,409800.0,4800000.0,True
/home/ec2-user/ndvi_sqs_work/inner_mongolia/raw/HLS-VI.S30.T51TVL.2018045T025819.v2.0.NDVI.tif,HLS-VI.S30.T51TVL.2018045T025819.v2.0.NDVI.tif,S30,T51TVL,2018-02-14,2018045,025819,EPSG:32651,399960.0,4990200.0,509760.0,5100000.0,True
/home/ec2-user/ndvi_sqs_work/inner_mongolia/raw/HLS-VI.S30.T51UUV.2018045T025819.v2.0.NDVI.tif,HLS-VI.S30.T51UUV.2018045T025819.v2.0.NDVI.tif,S30,T51UUV,2018-02-14,2018045,025819,EPSG:32651,300000.0,5890200.0,409800.0,6000000.0,True
/home/ec2-user/ndvi_sqs_work/inner_mongolia/raw/HLS-VI.S30.T51UWP.2018045T025819.v2.0.NDVI.tif,HLS-VI.S30.T51UWP.2018045T025819.v2.0.NDVI.tif,S30,T51UWP,2018-02-14,2018045,025819,EPSG:32651,499980.0,5290200.0,609780.0,5400000.0,True
/home/ec2-user/ndvi_sqs_work/inner_mongolia/raw/HLS-VI.S30.T47TNG.2018046T040839.v2.0.NDVI.tif,HLS-VI.S30.T47TNG.2018046T040839.v2.0.NDVI.tif,S30,T47TNG,2018-02-15,2018046,040839,EPSG:32647,499980.0,4590240.0,609780.0,4700040.0,True
/home/ec2-user/ndvi_sqs_work/inner_mongolia/raw/HLS-VI.S30.T47TNH.2018046T040839.v2.0.NDVI.tif,HLS-VI.S30.T47TNH.2018046T040839.v2.0.NDVI.tif,S30,T47TNH,2018-02-15,2018046,040839,EPSG:32647,499980.0,4690200.0,609780.0,4800000.0,True
/home/ec2-user/ndvi_sqs_work/inner_mongolia/raw/HLS-VI.S30.T49TEH.2018046T031821.v2.0.NDVI.tif,HLS-VI.S30.T49TEH.2018046T031821.v2.0.NDVI.tif,S30,T49TEH,2018-02-15,2018046,031821,EPSG:32649,499980.0,4690200.0,609780.0,4800000.0,True
/home/ec2-user/ndvi_sqs_work/inner_mongolia/raw/HLS-VI.S30.T49TFG.2018046T031821.v2.0.NDVI.tif,HLS-VI.S30.T49TFG.2018046T031821.v2.0.NDVI.tif,S30,T49TFG,2018-02-15,2018046,031821,EPSG:32649,600000.0,4590240.0,709800.0,4700040.0,True
/home/ec2-user/ndvi_sqs_work/inner_mongolia/raw/HLS-VI.S30.T49TFH.2018046T031821.v2.0.NDVI.tif,HLS-VI.S30.T49TFH.2018046T031821.v2.0.NDVI.tif,S30,T49TFH,2018-02-15,2018046,031821,EPSG:32649,600000.0,4690200.0,709800.0,4800000.0,True
/home/ec2-user/ndvi_sqs_work/inner_mongolia/raw/HLS-VI.S30.T49TGJ.2018046T031821.v2.0.NDVI.tif,HLS-VI.S30.T49TGJ.2018046T031821.v2.0.NDVI.tif,S30,T49TGJ,2018-02-15,2018046,031821,EPSG:32649,699960.0,4790220.0,809760.0,4900020.0,True
/home/ec2-user/ndvi_sqs_work/inner_mongolia/raw/HLS-VI.S30.T50TMT.2018046T031821.v2.0.NDVI.tif,HLS-VI.S30.T50TMT.2018046T031821.v2.0.NDVI.tif,S30,T50TMT,2018-02-15,2018046,031821,EPSG:32650,399960.0,5190240.0,509760.0,5300040.0,True
/home/ec2-user/ndvi_sqs_work/inner_mongolia/raw/HLS-VI.S30.T48TXM.2018047T033819.v2.0.NDVI.tif,HLS-VI.S30.T48TXM.2018047T033819.v2.0.NDVI.tif,S30,T48TXM,2018-02-16,2018047,033819,EPSG:32648,600000.0,4590240.0,709800.0,4700040.0,True
/home/ec2-user/ndvi_sqs_work/inner_mongolia/raw/HLS-VI.S30.T48TYL.2018047T033819.v2.0.NDVI.tif,HLS-VI.S30.T48TYL.2018047T033819.v2.0.NDVI.tif,S30,T48TYL,2018-02-16,2018047,033819,EPSG:32648,699960.0,4490220.0,809760.0,4600020.0,True
/home/ec2-user/ndvi_sqs_work/inner_mongolia/raw/HLS-VI.S30.T48TYM.2018047T033819.v2.0.NDVI.tif,HLS-VI.S30.T48TYM.2018047T033819.v2.0.NDVI.tif,S30,T48TYM,2018-02-16,2018047,033819,EPSG:32648,699960.0,4590240.0,809760.0,4700040.0,True
/home/ec2-user/ndvi_sqs_work/inner_mongolia/raw/HLS-VI.S30.T48TYN.2018047T033819.v2.0.NDVI.tif,HLS-VI.S30.T48TYN.2018047T033819.v2.0.NDVI.tif,S30,T48TYN,2018-02-16,2018047,033819,EPSG:32648,699960.0,4690200.0,809760.0,4800000.0,True
/home/ec2-user/ndvi_sqs_work/inner_mongolia/raw/HLS-VI.S30.T49SCB.2018047T033819.v2.0.NDVI.tif,HLS-VI.S30.T49SCB.2018047T033819.v2.0.NDVI.tif,S30,T49SCB,2018-02-16,2018047,033819,EPSG:32649,300000.0,4090200.0,409800.0,4200000.0,True
/home/ec2-user/ndvi_sqs_work/inner_mongolia/raw/HLS-VI.S30.T49SCC.2018047T033819.v2.0.NDVI.tif,HLS-VI.S30.T49SCC.2018047T033819.v2.0.NDVI.tif,S30,T49SCC,2018-02-16,2018047,033819,EPSG:32649,300000.0,4190220.0,409800.0,4300020.0,True
/home/ec2-user/ndvi_sqs_work/inner_mongolia/raw/HLS-VI.S30.T49TBF.2018047T033819.v2.0.NDVI.tif,HLS-VI.S30.T49TBF.2018047T033819.v2.0.NDVI.tif,S30,T49TBF,2018-02-16,2018047,033819,EPSG:32649,199980.0,4490220.0,309780.0,4600020.0,True
/home/ec2-user/ndvi_sqs_work/inner_mongolia/raw/HLS-VI.S30.T49TBG.2018047T033819.v2.0.NDVI.tif,HLS-VI.S30.T49TBG.2018047T033819.v2.0.NDVI.tif,S30,T49TBG,2018-02-16,2018047,033819,EPSG:32649,199980.0,4590240.0,309780.0,4700040.0,True
/home/ec2-user/ndvi_sqs_work/inner_mongolia/raw/HLS-VI.S30.T49TCE.2018047T033819.v2.0.NDVI.tif,HLS-VI.S30.T49TCE.2018047T033819.v2.0.NDVI.tif,S30,T49TCE,2018-02-16,2018047,033819,EPSG:32649,300000.0,4390200.0,409800.0,4500000.0,True
/home/ec2-user/ndvi_sqs_work/inner_mongolia/raw/HLS-VI.S30.T49TCF.2018047T033819.v2.0.NDVI.tif,HLS-VI.S30.T49TCF.2018047T033819.v2.0.NDVI.tif,S30,T49TCF,2018-02-16,2018047,033819,EPSG:32649,300000.0,4490220.0,409800.0,4600020.0,True
/home/ec2-user/ndvi_sqs_work/inner_mongolia/raw/HLS-VI.S30.T49TCH.2018047T033819.v2.0.NDVI.tif,HLS-VI.S30.T49TCH.2018047T033819.v2.0.NDVI.tif,S30,T49TCH,2018-02-16,2018047,033819,EPSG:32649,300000.0,4690200.0,409800.0,4800000.0,True
/home/ec2-user/ndvi_sqs_work/inner_mongolia/raw/HLS-VI.S30.T50TPL.2018047T024801.v2.0.NDVI.tif,HLS-VI.S30.T50TPL.2018047T024801.v2.0.NDVI.tif,S30,T50TPL,2018-02-16,2018047,024801,EPSG:32650,600000.0,4490220.0,709800.0,4600020.0,True
/home/ec2-user/ndvi_sqs_work/inner_mongolia/raw/HLS-VI.S30.T50TPM.2018047T024801.v2.0.NDVI.tif,HLS-VI.S30.T50TPM.2018047T024801.v2.0.NDVI.tif,S30,T50TPM,2018-02-16,2018047,024801,EPSG:32650,600000.0,4590240.0,709800.0,4700040.0,True
/home/ec2-user/ndvi_sqs_work/inner_mongolia/raw/HLS-VI.S30.T50TQQ.2018047T024801.v2.0.NDVI.tif,HLS-VI.S30.T50TQQ.2018047T024801.v2.0.NDVI.tif,S30,T50TQQ,2018-02-16,2018047,024801,EPSG:32650,699960.0,4890240.0,809760.0,5000040.0,True
/home/ec2-user/ndvi_sqs_work/inner_mongolia/raw/HLS-VI.S30.T51TUH.2018047T024801.v2.0.NDVI.tif,HLS-VI.S30.T51TUH.2018047T024801.v2.0.NDVI.tif,S30,T51TUH,2018-02-16,2018047,024801,EPSG:32651,300000.0,4690200.0,409800.0,4800000.0,True
/home/ec2-user/ndvi_sqs_work/inner_mongolia/raw/HLS-VI.S30.T51TUJ.2018047T024801.v2.0.NDVI.tif,HLS-VI.S30.T51TUJ.2018047T024801.v2.0.NDVI.tif,S30,T51TUJ,2018-02-16,2018047,024801,EPSG:32651,300000.0,4790220.0,409800.0,4900020.0,True
/home/ec2-user/ndvi_sqs_work/inner_mongolia/raw/HLS-VI.S30.T51TVH.2018047T024801.v2.0.NDVI.tif,HLS-VI.S30.T51TVH.2018047T024801.v2.0.NDVI.tif,S30,T51TVH,2018-02-16,2018047,024801,EPSG:32651,399960.0,4690200.0,509760.0,4800000.0,True
/home/ec2-user/ndvi_sqs_work/inner_mongolia/raw/HLS-VI.S30.T51UXQ.2018047T024801.v2.0.NDVI.tif,HLS-VI.S30.T51UXQ.2018047T024801.v2.0.NDVI.tif,S30,T51UXQ,2018-02-16,2018047,024801,EPSG:32651,600000.0,5390220.0,709800.0,5500020.0,True
/home/ec2-user/ndvi_sqs_work/inner_mongolia/raw/HLS-VI.S30.T51UXS.2018047T024801.v2.0.NDVI.tif,HLS-VI.S30.T51UXS.2018047T024801.v2.0.NDVI.tif,S30,T51UXS,2018-02-16,2018047,024801,EPSG:32651,600000.0,5590200.0,709800.0,5700000.0,True
/home/ec2-user/ndvi_sqs_work/inner_mongolia/raw/HLS-VI.S30.T47TQF.2018048T035821.v2.0.NDVI.tif,HLS-VI.S30.T47TQF.2018048T035821.v2.0.NDVI.tif,S30,T47TQF,2018-02-17,2018048,035821,EPSG:32647,699960.0,4490220.0,809760.0,4600020.0,True
/home/ec2-user/ndvi_sqs_work/inner_mongolia/raw/HLS-VI.S30.T48TTL.2018048T035821.v2.0.NDVI.tif,HLS-VI.S30.T48TTL.2018048T035821.v2.0.NDVI.tif,S30,T48TTL,2018-02-17,2018048,035821,EPSG:32648,199980.0,4490220.0,309780.0,4600020.0,True
/home/ec2-user/ndvi_sqs_work/inner_mongolia/raw/HLS-VI.S30.T48TUM.2018048T035821.v2.0.NDVI.tif,HLS-VI.S30.T48TUM.2018048T035821.v2.0.NDVI.tif,S30,T48TUM,2018-02-17,2018048,035821,EPSG:32648,300000.0,4590240.0,409800.0,4700040.0,True
/home/ec2-user/ndvi_sqs_work/inner_mongolia/raw/HLS-VI.S30.T48TVM.2018048T035821.v2.0.NDVI.tif,HLS-VI.S30.T48TVM.2018048T035821.v2.0.NDVI.tif,S30,T48TVM,2018-02-17,2018048,035821,EPSG:32648,399960.0,4590240.0,509760.0,4700040.0,True
/home/ec2-user/ndvi_sqs_work/inner_mongolia/raw/HLS-VI.S30.T50TMS.2018048T030759.v2.0.NDVI.tif,HLS-VI.S30.T50TMS.2018048T030759.v2.0.NDVI.tif,S30,T50TMS,2018-02-17,2018048,030759,EPSG:32650,399960.0,5090220.0,509760.0,5200020.0,True
/home/ec2-user/ndvi_sqs_work/inner_mongolia/raw/HLS-VI.S30.T50TMT.2018048T030759.v2.0.NDVI.tif,HLS-VI.S30.T50TMT.2018048T030759.v2.0.NDVI.tif,S30,T50TMT,2018-02-17,2018048,030759,EPSG:32650,399960.0,5190240.0,509760.0,5300040.0,True
/home/ec2-user/ndvi_sqs_work/inner_mongolia/raw/HLS-VI.S30.T50TNT.2018048T030759.v2.0.NDVI.tif,HLS-VI.S30.T50TNT.2018048T030759.v2.0.NDVI.tif,S30,T50TNT,2018-02-17,2018048,030759,EPSG:32650,499980.0,5190240.0,609780.0,5300040.0,True
/home/ec2-user/ndvi_sqs_work/inner_mongolia/raw/HLS-VI.S30.T50UMU.2018048T030759.v2.0.NDVI.tif,HLS-VI.S30.T50UMU.2018048T030759.v2.0.NDVI.tif,S30,T50UMU,2018-02-17,2018048,030759,EPSG:32650,399960.0,5290200.0,509760.0,5400000.0,True
/home/ec2-user/ndvi_sqs_work/inner_mongolia/raw/HLS-VI.S30.T50UMV.2018048T030759.v2.0.NDVI.tif,HLS-VI.S30.T50UMV.2018048T030759.v2.0.NDVI.tif,S30,T50UMV,2018-02-17,2018048,030759,EPSG:32650,399960.0,5390220.0,509760.0,5500020.0,True
/home/ec2-user/ndvi_sqs_work/inner_mongolia/raw/HLS-VI.S30.T50UNU.2018048T030759.v2.0.NDVI.tif,HLS-VI.S30.T50UNU.2018048T030759.v2.0.NDVI.tif,S30,T50UNU,2018-02-17,2018048,030759,EPSG:32650,499980.0,5290200.0,609780.0,5400000.0,True
/home/ec2-user/ndvi_sqs_work/inner_mongolia/raw/HLS-VI.S30.T49SDD.2018049T032801.v2.0.NDVI.tif,HLS-VI.S30.T49SDD.2018049T032801.v2.0.NDVI.tif,S30,T49SDD,2018-02-18,2018049,032801,EPSG:32649,399960.0,4290240.0,509760.0,4400040.0,True
/home/ec2-user/ndvi_sqs_work/inner_mongolia/raw/HLS-VI.S30.T49SED.2018049T032801.v2.0.NDVI.tif,HLS-VI.S30.T49SED.2018049T032801.v2.0.NDVI.tif,S30,T49SED,2018-02-18,2018049,032801,EPSG:32649,499980.0,4290240.0,609780.0,4400040.0,True
/home/ec2-user/ndvi_sqs_work/inner_mongolia/raw/HLS-VI.S30.T49TBE.2018049T032801.v2.0.NDVI.tif,HLS-VI.S30.T49TBE.2018049T032801.v2.0.NDVI.tif,S30,T49TBE,2018-02-18,2018049,032801,EPSG:32649,199980.0,4390200.0,309780.0,4500000.0,True
/home/ec2-user/ndvi_sqs_work/inner_mongolia/raw/HLS-VI.S30.T49TCH.2018049T032801.v2.0.NDVI.tif,HLS-VI.S30.T49TCH.2018049T032801.v2.0.NDVI.tif,S30,T49TCH,2018-02-18,2018049,032801,EPSG:32649,300000.0,4690200.0,409800.0,4800000.0,True
/home/ec2-user/ndvi_sqs_work/inner_mongolia/raw/HLS-VI.S30.T49TDE.2018049T032801.v2.0.NDVI.tif,HLS-VI.S30.T49TDE.2018049T032801.v2.0.NDVI.tif,S30,T49TDE,2018-02-18,2018049,032801,EPSG:32649,399960.0,4390200.0,509760.0,4500000.0,True
/home/ec2-user/ndvi_sqs_work/inner_mongolia/raw/HLS-VI.S30.T49TDG.2018049T032801.v2.0.NDVI.tif,HLS-VI.S30.T49TDG.2018049T032801.v2.0.NDVI.tif,S30,T49TDG,2018-02-18,2018049,032801,EPSG:32649,399960.0,4590240.0,509760.0,4700040.0,True
/home/ec2-user/ndvi_sqs_work/inner_mongolia/raw/HLS-VI.S30.T49TDH.2018049T032801.v2.0.NDVI.tif,HLS-VI.S30.T49TDH.2018049T032801.v2.0.NDVI.tif,S30,T49TDH,2018-02-18,2018049,032801,EPSG:32649,399960.0,4690200.0,509760.0,4800000.0,True
/home/ec2-user/ndvi_sqs_work/inner_mongolia/raw/HLS-VI.S30.T49TDJ.2018049T032801.v2.0.NDVI.tif,HLS-VI.S30.T49TDJ.2018049T032801.v2.0.NDVI.tif,S30,T49TDJ,2018-02-18,2018049,032801,EPSG:32649,399960.0,4790220.0,509760.0,4900020.0,True
/home/ec2-user/ndvi_sqs_work/inner_mongolia/raw/HLS-VI.S30.T49TEE.2018049T032801.v2.0.NDVI.tif,HLS-VI.S30.T49TEE.2018049T032801.v2.0.NDVI.tif,S30,T49TEE,2018-02-18,2018049,032801,EPSG:32649,499980.0,4390200.0,609780.0,4500000.0,True
/home/ec2-user/ndvi_sqs_work/inner_mongolia/raw/HLS-VI.S30.T49TEG.2018049T032801.v2.0.NDVI.tif,HLS-VI.S30.T49TEG.2018049T032801.v2.0.NDVI.tif,S30,T49TEG,2018-02-18,2018049,032801,EPSG:32649,499980.0,4590240.0,609780.0,4700040.0,True
/home/ec2-user/ndvi_sqs_work/inner_mongolia/raw/HLS-VI.S30.T49TEH.2018049T032801.v2.0.NDVI.tif,HLS-VI.S30.T49TEH.2018049T032801.v2.0.NDVI.tif,S30,T49TEH,2018-02-18,2018049,032801,EPSG:32649,499980.0,4690200.0,609780.0,4800000.0,True
/home/ec2-user/ndvi_sqs_work/inner_mongolia/raw/HLS-VI.S30.T49TEJ.2018049T032801.v2.0.NDVI.tif,HLS-VI.S30.T49TEJ.2018049T032801.v2.0.NDVI.tif,S30,T49TEJ,2018-02-18,2018049,032801,EPSG:32649,499980.0,4790220.0,609780.0,4900020.0,True
/home/ec2-user/ndvi_sqs_work/inner_mongolia/raw/HLS-VI.S30.T49TFG.2018049T032801.v2.0.NDVI.tif,HLS-VI.S30.T49TFG.2018049T032801.v2.0.NDVI.tif,S30,T49TFG,2018-02-18,2018049,032801,EPSG:32649,600000.0,4590240.0,709800.0,4700040.0,True
/home/ec2-user/ndvi_sqs_work/inner_mongolia/raw/HLS-VI.S30.T49TFH.2018049T032801.v2.0.NDVI.tif,HLS-VI.S30.T49TFH.2018049T032801.v2.0.NDVI.tif,S30,T49TFH,2018-02-18,2018049,032801,EPSG:32649,600000.0,4690200.0,709800.0,4800000.0,True
/home/ec2-user/ndvi_sqs_work/inner_mongolia/raw/HLS-VI.S30.T49TGL.2018049T032801.v2.0.NDVI.tif,HLS-VI.S30.T49TGL.2018049T032801.v2.0.NDVI.tif,S30,T49TGL,2018-02-18,2018049,032801,EPSG:32649,699960.0,4990200.0,809760.0,5100000.0,True
/home/ec2-user/ndvi_sqs_work/inner_mongolia/raw/HLS-VI.S30.T51UWP.2018049T023739.v2.0.NDVI.tif,HLS-VI.S30.T51UWP.2018049T023739.v2.0.NDVI.tif,S30,T51UWP,2018-02-18,2018049,023739,EPSG:32651,499980.0,5290200.0,609780.0,5400000.0,True
/home/ec2-user/ndvi_sqs_work/inner_mongolia/raw/HLS-VI.S30.T51UXP.2018049T023739.v2.0.NDVI.tif,HLS-VI.S30.T51UXP.2018049T023739.v2.0.NDVI.tif,S30,T51UXP,2018-02-18,2018049,023739,EPSG:32651,600000.0,5290200.0,709800.0,5400000.0,True
/home/ec2-user/ndvi_sqs_work/inner_mongolia/raw/HLS-VI.S30.T50TNR.2018050T025751.v2.0.NDVI.tif,HLS-VI.S30.T50TNR.2018050T025751.v2.0.NDVI.tif,S30,T50TNR,2018-02-19,2018050,025751,EPSG:32650,499980.0,4990200.0,609780.0,5100000.0,True
/home/ec2-user/ndvi_sqs_work/inner_mongolia/raw/HLS-VI.S30.T50TNS.2018050T025751.v2.0.NDVI.tif,HLS-VI.S30.T50TNS.2018050T025751.v2.0.NDVI.tif,S30,T50TNS,2018-02-19,2018050,025751,EPSG:32650,499980.0,5090220.0,609780.0,5200020.0,True
/home/ec2-user/ndvi_sqs_work/inner_mongolia/raw/HLS-VI.S30.T50TPR.2018050T025751.v2.0.NDVI.tif,HLS-VI.S30.T50TPR.2018050T025751.v2.0.NDVI.tif,S30,T50TPR,2018-02-19,2018050,025751,EPSG:32650,600000.0,4990200.0,709800.0,5100000.0,True
/home/ec2-user/ndvi_sqs_work/inner_mongolia/raw/HLS-VI.S30.T50TQP.2018050T025751.v2.0.NDVI.tif,HLS-VI.S30.T50TQP.2018050T025751.v2.0.NDVI.tif,S30,T50TQP,2018-02-19,2018050,025751,EPSG:32650,699960.0,4790220.0,809760.0,4900020.0,True
/home/ec2-user/ndvi_sqs_work/inner_mongolia/raw/HLS-VI.S30.T47TQH.2018051T040811.v2.0.NDVI.tif,HLS-VI.S30.T47TQH.2018051T040811.v2.0.NDVI.tif,S30,T47TQH,2018-02-20,2018051,040811,EPSG:32647,699960.0,4690200.0,809760.0,4800000.0,True
/home/ec2-user/ndvi_sqs_work/inner_mongolia/raw/HLS-VI.S30.T49TEH.2018051T031739.v2.0.NDVI.tif,HLS-VI.S30.T49TEH.2018051T031739.v2.0.NDVI.tif,S30,T49TEH,2018-02-20,2018051,031739,EPSG:32649,499980.0,4690200.0,609780.0,4800000.0,True
/home/ec2-user/ndvi_sqs_work/inner_mongolia/raw/HLS-VI.S30.T49TFH.2018051T031739.v2.0.NDVI.tif,HLS-VI.S30.T49TFH.2018051T031739.v2.0.NDVI.tif,S30,T49TFH,2018-02-20,2018051,031739,EPSG:32649,600000.0,4690200.0,709800.0,4800000.0,True
/home/ec2-user/ndvi_sqs_work/inner_mongolia/raw/HLS-VI.S30.T49TGJ.2018051T031739.v2.0.NDVI.tif,HLS-VI.S30.T49TGJ.2018051T031739.v2.0.NDVI.tif,S30,T49TGJ,2018-02-20,2018051,031739,EPSG:32649,699960.0,4790220.0,809760.0,4900020.0,True
/home/ec2-user/ndvi_sqs_work/inner_mongolia/raw/HLS-VI.S30.T50TLR.2018051T031739.v2.0.NDVI.tif,HLS-VI.S30.T50TLR.2018051T031739.v2.0.NDVI.tif,S30,T50TLR,2018-02-20,2018051,031739,EPSG:32650,300000.0,4990200.0,409800.0,5100000.0,True
/home/ec2-user/ndvi_sqs_work/inner_mongolia/raw/HLS-VI.S30.T50TLT.2018051T031739.v2.0.NDVI.tif,HLS-VI.S30.T50TLT.2018051T031739.v2.0.NDVI.tif,S30,T50TLT,2018-02-20,2018051,031739,EPSG:32650,300000.0,5190240.0,409800.0,5300040.0,True
/home/ec2-user/ndvi_sqs_work/inner_mongolia/raw/HLS-VI.S30.T50TMN.2018051T031739.v2.0.NDVI.tif,HLS-VI.S30.T50TMN.2018051T031739.v2.0.NDVI.tif,S30,T50TMN,2018-02-20,2018051,031739,EPSG:32650,399960.0,4690200.0,509760.0,4800000.0,True
/home/ec2-user/ndvi_sqs_work/inner_mongolia/raw/HLS-VI.S30.T50TMS.2018051T031739.v2.0.NDVI.tif,HLS-VI.S30.T50TMS.2018051T031739.v2.0.NDVI.tif,S30,T50TMS,2018-02-20,2018051,031739,EPSG:32650,399960.0,5090220.0,509760.0,5200020.0,True
/home/ec2-user/ndvi_sqs_work/inner_mongolia/raw/HLS-VI.S30.T50TMT.2018051T031739.v2.0.NDVI.tif,HLS-VI.S30.T50TMT.2018051T031739.v2.0.NDVI.tif,S30,T50TMT,2018-02-20,2018051,031739,EPSG:32650,399960.0,5190240.0,509760.0,5300040.0,True
/home/ec2-user/ndvi_sqs_work/inner_mongolia/raw/HLS-VI.S30.T50TNR.2018051T031739.v2.0.NDVI.tif,HLS-VI.S30.T50TNR.2018051T031739.v2.0.NDVI.tif,S30,T50TNR,2018-02-20,2018051,031739,EPSG:32650,499980.0,4990200.0,609780.0,5100000.0,True
/home/ec2-user/ndvi_sqs_work/inner_mongolia/raw/HLS-VI.S30.T50TNS.2018051T031739.v2.0.NDVI.tif,HLS-VI.S30.T50TNS.2018051T031739.v2.0.NDVI.tif,S30,T50TNS,2018-02-20,2018051,031739,EPSG:32650,499980.0,5090220.0,609780.0,5200020.0,True
/home/ec2-user/ndvi_sqs_work/inner_mongolia/raw/HLS-VI.S30.T50TNT.2018051T031739.v2.0.NDVI.tif,HLS-VI.S30.T50TNT.2018051T031739.v2.0.NDVI.tif,S30,T50TNT,2018-02-20,2018051,031739,EPSG:32650,499980.0,5190240.0,609780.0,5300040.0,True
/home/ec2-user/ndvi_sqs_work/inner_mongolia/raw/HLS-VI.S30.T50UMA.2018051T031739.v2.0.NDVI.tif,HLS-VI.S30.T50UMA.2018051T031739.v2.0.NDVI.tif,S30,T50UMA,2018-02-20,2018051,031739,EPSG:32650,399960.0,5490240.0,509760.0,5600040.0,True
/home/ec2-user/ndvi_sqs_work/inner_mongolia/raw/HLS-VI.S30.T50UMV.2018051T031739.v2.0.NDVI.tif,HLS-VI.S30.T50UMV.2018051T031739.v2.0.NDVI.tif,S30,T50UMV,2018-02-20,2018051,031739,EPSG:32650,399960.0,5390220.0,509760.0,5500020.0,True
/home/ec2-user/ndvi_sqs_work/inner_mongolia/raw/HLS-VI.S30.T50UNU.2018051T031739.v2.0.NDVI.tif,HLS-VI.S30.T50UNU.2018051T031739.v2.0.NDVI.tif,S30,T50UNU,2018-02-20,2018051,031739,EPSG:32650,499980.0,5290200.0,609780.0,5400000.0,True
/home/ec2-user/ndvi_sqs_work/inner_mongolia/raw/HLS-VI.S30.T50UPV.2018051T031739.v2.0.NDVI.tif,HLS-VI.S30.T50UPV.2018051T031739.v2.0.NDVI.tif,S30,T50UPV,2018-02-20,2018051,031739,EPSG:32650,600000.0,5390220.0,709800.0,5500020.0,True
/home/ec2-user/ndvi_sqs_work/inner_mongolia/raw/HLS-VI.S30.T47TMG.2018052T042809.v2.0.NDVI.tif,HLS-VI.S30.T47TMG.2018052T042809.v2.0.NDVI.tif,S30,T47TMG,2018-02-21,2018052,042809,EPSG:32647,399960.0,4590240.0,509760.0,4700040.0,True
/home/ec2-user/ndvi_sqs_work/inner_mongolia/raw/HLS-VI.S30.T47TMH.2018052T042809.v2.0.NDVI.tif,HLS-VI.S30.T47TMH.2018052T042809.v2.0.NDVI.tif,S30,T47TMH,2018-02-21,2018052,042809,EPSG:32647,399960.0,4690200.0,509760.0,4800000.0,True
/home/ec2-user/ndvi_sqs_work/inner_mongolia/raw/HLS-VI.S30.T48TWK.2018052T033751.v2.0.NDVI.tif,HLS-VI.S30.T48TWK.2018052T033751.v2.0.NDVI.tif,S30,T48TWK,2018-02-21,2018052,033751,EPSG:32648,499980.0,4390200.0,609780.0,4500000.0,True
/home/ec2-user/ndvi_sqs_work/inner_mongolia/raw/HLS-VI.S30.T48TXM.2018052T033751.v2.0.NDVI.tif,HLS-VI.S30.T48TXM.2018052T033751.v2.0.NDVI.tif,S30,T48TXM,2018-02-21,2018052,033751,EPSG:32648,600000.0,4590240.0,709800.0,4700040.0,True
/home/ec2-user/ndvi_sqs_work/inner_mongolia/raw/HLS-VI.S30.T48TXN.2018052T033751.v2.0.NDVI.tif,HLS-VI.S30.T48TXN.2018052T033751.v2.0.NDVI.tif,S30,T48TXN,2018-02-21,2018052,033751,EPSG:32648,600000.0,4690200.0,709800.0,4800000.0,True
/home/ec2-user/ndvi_sqs_work/inner_mongolia/raw/HLS-VI.S30.T48TYM.2018052T033751.v2.0.NDVI.tif,HLS-VI.S30.T48TYM.2018052T033751.v2.0.NDVI.tif,S30,T48TYM,2018-02-21,2018052,033751,EPSG:32648,699960.0,4590240.0,809760.0,4700040.0,True
/home/ec2-user/ndvi_sqs_work/inner_mongolia/raw/HLS-VI.S30.T48TYN.2018052T033751.v2.0.NDVI.tif,HLS-VI.S30.T48TYN.2018052T033751.v2.0.NDVI.tif,S30,T48TYN,2018-02-21,2018052,033751,EPSG:32648,699960.0,4690200.0,809760.0,4800000.0,True
/home/ec2-user/ndvi_sqs_work/inner_mongolia/raw/HLS-VI.S30.T49TBF.2018052T033751.v2.0.NDVI.tif,HLS-VI.S30.T49TBF.2018052T033751.v2.0.NDVI.tif,S30,T49TBF,2018-02-21,2018052,033751,EPSG:32649,199980.0,4490220.0,309780.0,4600020.0,True
/home/ec2-user/ndvi_sqs_work/inner_mongolia/raw/HLS-VI.S30.T49TBG.2018052T033751.v2.0.NDVI.tif,HLS-VI.S30.T49TBG.2018052T033751.v2.0.NDVI.tif,S30,T49TBG,2018-02-21,2018052,033751,EPSG:32649,199980.0,4590240.0,309780.0,4700040.0,True
/home/ec2-user/ndvi_sqs_work/inner_mongolia/raw/HLS-VI.S30.T49TCG.2018052T033751.v2.0.NDVI.tif,HLS-VI.S30.T49TCG.2018052T033751.v2.0.NDVI.tif,S30,T49TCG,2018-02-21,2018052,033751,EPSG:32649,300000.0,4590240.0,409800.0,4700040.0,True
/home/ec2-user/ndvi_sqs_work/inner_mongolia/raw/HLS-VI.S30.T49TCH.2018052T033751.v2.0.NDVI.tif,HLS-VI.S30.T49TCH.2018052T033751.v2.0.NDVI.tif,S30,T49TCH,2018-02-21,2018052,033751,EPSG:32649,300000.0,4690200.0,409800.0,4800000.0,True
/home/ec2-user/ndvi_sqs_work/inner_mongolia/raw/HLS-VI.S30.T49TDH.2018052T033751.v2.0.NDVI.tif,HLS-VI.S30.T49TDH.2018052T033751.v2.0.NDVI.tif,S30,T49TDH,2018-02-21,2018052,033751,EPSG:32649,399960.0,4690200.0,509760.0,4800000.0,True
/home/ec2-user/ndvi_sqs_work/inner_mongolia/raw/HLS-VI.S30.T49TDJ.2018052T033751.v2.0.NDVI.tif,HLS-VI.S30.T49TDJ.2018052T033751.v2.0.NDVI.tif,S30,T49TDJ,2018-02-21,2018052,033751,EPSG:32649,399960.0,4790220.0,509760.0,4900020.0,True
/home/ec2-user/ndvi_sqs_work/inner_mongolia/raw/HLS-VI.S30.T51TWH.2018052T024719.v2.0.NDVI.tif,HLS-VI.S30.T51TWH.2018052T024719.v2.0.NDVI.tif,S30,T51TWH,2018-02-21,2018052,024719,EPSG:32651,499980.0,4690200.0,609780.0,4800000.0,True
/home/ec2-user/ndvi_sqs_work/inner_mongolia/raw/HLS-VI.S30.T51TWJ.2018052T024719.v2.0.NDVI.tif,HLS-VI.S30.T51TWJ.2018052T024719.v2.0.NDVI.tif,S30,T51TWJ,2018-02-21,2018052,024719,EPSG:32651,499980.0,4790220.0,609780.0,4900020.0,True
/home/ec2-user/ndvi_sqs_work/inner_mongolia/raw/HLS-VI.S30.T47TPE.2018053T035749.v2.0.NDVI.tif,HLS-VI.S30.T47TPE.2018053T035749.v2.0.NDVI.tif,S30,T47TPE,2018-02-22,2018053,035749,EPSG:32647,600000.0,4390200.0,709800.0,4500000.0,True
/home/ec2-user/ndvi_sqs_work/inner_mongolia/raw/HLS-VI.S30.T47TQE.2018053T035749.v2.0.NDVI.tif,HLS-VI.S30.T47TQE.2018053T035749.v2.0.NDVI.tif,S30,T47TQE,2018-02-22,2018053,035749,EPSG:32647,699960.0,4390200.0,809760.0,4500000.0,True
/home/ec2-user/ndvi_sqs_work/inner_mongolia/raw/HLS-VI.S30.T47TQF.2018053T035749.v2.0.NDVI.tif,HLS-VI.S30.T47TQF.2018053T035749.v2.0.NDVI.tif,S30,T47TQF,2018-02-22,2018053,035749,EPSG:32647,699960.0,4490220.0,809760.0,4600020.0,True
/home/ec2-user/ndvi_sqs_work/inner_mongolia/raw/HLS-VI.S30.T48SVG.2018053T035749.v2.0.NDVI.tif,HLS-VI.S30.T48SVG.2018053T035749.v2.0.NDVI.tif,S30,T48SVG,2018-02-22,2018053,035749,EPSG:32648,399960.0,4090200.0,509760.0,4200000.0,True
/home/ec2-user/ndvi_sqs_work/inner_mongolia/raw/HLS-VI.S30.T48TTK.2018053T035749.v2.0.NDVI.tif,HLS-VI.S30.T48TTK.2018053T035749.v2.0.NDVI.tif,S30,T48TTK,2018-02-22,2018053,035749,EPSG:32648,199980.0,4390200.0,309780.0,4500000.0,True
/home/ec2-user/ndvi_sqs_work/inner_mongolia/raw/HLS-VI.S30.T48TTL.2018053T035749.v2.0.NDVI.tif,HLS-VI.S30.T48TTL.2018053T035749.v2.0.NDVI.tif,S30,T48TTL,2018-02-22,2018053,035749,EPSG:32648,199980.0,4490220.0,309780.0,4600020.0,True
/home/ec2-user/ndvi_sqs_work/inner_mongolia/raw/HLS-VI.S30.T48TUL.2018053T035749.v2.0.NDVI.tif,HLS-VI.S30.T48TUL.2018053T035749.v2.0.NDVI.tif,S30,T48TUL,2018-02-22,2018053,035749,EPSG:32648,300000.0,4490220.0,409800.0,4600020.0,True
/home/ec2-user/ndvi_sqs_work/inner_mongolia/raw/HLS-VI.S30.T48TUM.2018053T035749.v2.0.NDVI.tif,HLS-VI.S30.T48TUM.2018053T035749.v2.0.NDVI.tif,S30,T48TUM,2018-02-22,2018053,035749,EPSG:32648,300000.0,4590240.0,409800.0,4700040.0,True
/home/ec2-user/ndvi_sqs_work/inner_mongolia/raw/HLS-VI.S30.T48TVK.2018053T035749.v2.0.NDVI.tif,HLS-VI.S30.T48TVK.2018053T035749.v2.0.NDVI.tif,S30,T48TVK,2018-02-22,2018053,035749,EPSG:32648,399960.0,4390200.0,509760.0,4500000.0,True
/home/ec2-user/ndvi_sqs_work/inner_mongolia/raw/HLS-VI.S30.T48TVL.2018053T035749.v2.0.NDVI.tif,HLS-VI.S30.T48TVL.2018053T035749.v2.0.NDVI.tif,S30,T48TVL,2018-02-22,2018053,035749,EPSG:32648,399960.0,4490220.0,509760.0,4600020.0,True
/home/ec2-user/ndvi_sqs_work/inner_mongolia/raw/HLS-VI.S30.T48TVM.2018053T035749.v2.0.NDVI.tif,HLS-VI.S30.T48TVM.2018053T035749.v2.0.NDVI.tif,S30,T48TVM,2018-02-22,2018053,035749,EPSG:32648,399960.0,4590240.0,509760.0,4700040.0,True
/home/ec2-user/ndvi_sqs_work/inner_mongolia/raw/HLS-VI.S30.T48TWL.2018053T035749.v2.0.NDVI.tif,HLS-VI.S30.T48TWL.2018053T035749.v2.0.NDVI.tif,S30,T48TWL,2018-02-22,2018053,035749,EPSG:32648,499980.0,4490220.0,609780.0,4600020.0,True
/home/ec2-user/ndvi_sqs_work/inner_mongolia/raw/HLS-VI.S30.T49TEJ.2018054T032729.v2.0.NDVI.tif,HLS-VI.S30.T49TEJ.2018054T032729.v2.0.NDVI.tif,S30,T49TEJ,2018-02-23,2018054,032729,EPSG:32649,499980.0,4790220.0,609780.0,4900020.0,True
/home/ec2-user/ndvi_sqs_work/inner_mongolia/raw/HLS-VI.S30.T51UXQ.2018054T023711.v2.0.NDVI.tif,HLS-VI.S30.T51UXQ.2018054T023711.v2.0.NDVI.tif,S30,T51UXQ,2018-02-23,2018054,023711,EPSG:32651,600000.0,5390220.0,709800.0,5500020.0,True
/home/ec2-user/ndvi_sqs_work/inner_mongolia/raw/HLS-VI.S30.T51UXR.2018054T023711.v2.0.NDVI.tif,HLS-VI.S30.T51UXR.2018054T023711.v2.0.NDVI.tif,S30,T51UXR,2018-02-23,2018054,023711,EPSG:32651,600000.0,5490240.0,709800.0,5600040.0,True
/home/ec2-user/ndvi_sqs_work/inner_mongolia/raw/HLS-VI.S30.T51UXS.2018054T023711.v2.0.NDVI.tif,HLS-VI.S30.T51UXS.2018054T023711.v2.0.NDVI.tif,S30,T51UXS,2018-02-23,2018054,023711,EPSG:32651,600000.0,5590200.0,709800.0,5700000.0,True
/home/ec2-user/ndvi_sqs_work/inner_mongolia/raw/HLS-VI.S30.T51UYS.2018054T023711.v2.0.NDVI.tif,HLS-VI.S30.T51UYS.2018054T023711.v2.0.NDVI.tif,S30,T51UYS,2018-02-23,2018054,023711,EPSG:32651,699960.0,5590200.0,809760.0,5700000.0,True
/home/ec2-user/ndvi_sqs_work/inner_mongolia/raw/HLS-VI.S30.T48TVL.2018055T034731.v2.0.NDVI.tif,HLS-VI.S30.T48TVL.2018055T034731.v2.0.NDVI.tif,S30,T48TVL,2018-02-24,2018055,034731,EPSG:32648,399960.0,4490220.0,509760.0,4600020.0,True
/home/ec2-user/ndvi_sqs_work/inner_mongolia/raw/HLS-VI.S30.T48TVM.2018055T034731.v2.0.NDVI.tif,HLS-VI.S30.T48TVM.2018055T034731.v2.0.NDVI.tif,S30,T48TVM,2018-02-24,2018055,034731,EPSG:32648,399960.0,4590240.0,509760.0,4700040.0,True
/home/ec2-user/ndvi_sqs_work/inner_mongolia/raw/HLS-VI.S30.T48TXK.2018055T034731.v2.0.NDVI.tif,HLS-VI.S30.T48TXK.2018055T034731.v2.0.NDVI.tif,S30,T48TXK,2018-02-24,2018055,034731,EPSG:32648,600000.0,4390200.0,709800.0,4500000.0,True
/home/ec2-user/ndvi_sqs_work/inner_mongolia/raw/HLS-VI.S30.T48TXN.2018055T034731.v2.0.NDVI.tif,HLS-VI.S30.T48TXN.2018055T034731.v2.0.NDVI.tif,S30,T48TXN,2018-02-24,2018055,034731,EPSG:32648,600000.0,4690200.0,709800.0,4800000.0,True
/home/ec2-user/ndvi_sqs_work/inner_mongolia/raw/HLS-VI.S30.T51TVL.2018055T025709.v2.0.NDVI.tif,HLS-VI.S30.T51TVL.2018055T025709.v2.0.NDVI.tif,S30,T51TVL,2018-02-24,2018055,025709,EPSG:32651,399960.0,4990200.0,509760.0,5100000.0,True
/home/ec2-user/ndvi_sqs_work/inner_mongolia/raw/HLS-VI.S30.T47TNF.2018056T040729.v2.0.NDVI.tif,HLS-VI.S30.T47TNF.2018056T040729.v2.0.NDVI.tif,S30,T47TNF,2018-02-25,2018056,040729,EPSG:32647,499980.0,4490220.0,609780.0,4600020.0,True
/home/ec2-user/ndvi_sqs_work/inner_mongolia/raw/HLS-VI.S30.T47TNG.2018056T040729.v2.0.NDVI.tif,HLS-VI.S30.T47TNG.2018056T040729.v2.0.NDVI.tif,S30,T47TNG,2018-02-25,2018056,040729,EPSG:32647,499980.0,4590240.0,609780.0,4700040.0,True
/home/ec2-user/ndvi_sqs_work/inner_mongolia/raw/HLS-VI.S30.T47TNH.2018056T040729.v2.0.NDVI.tif,HLS-VI.S30.T47TNH.2018056T040729.v2.0.NDVI.tif,S30,T47TNH,2018-02-25,2018056,040729,EPSG:32647,499980.0,4690200.0,609780.0,4800000.0,True
/home/ec2-user/ndvi_sqs_work/inner_mongolia/raw/HLS-VI.S30.T47TPE.2018056T040729.v2.0.NDVI.tif,HLS-VI.S30.T47TPE.2018056T040729.v2.0.NDVI.tif,S30,T47TPE,2018-02-25,2018056,040729,EPSG:32647,600000.0,4390200.0,709800.0,4500000.0,True
/home/ec2-user/ndvi_sqs_work/inner_mongolia/raw/HLS-VI.S30.T47TQE.2018056T040729.v2.0.NDVI.tif,HLS-VI.S30.T47TQE.2018056T040729.v2.0.NDVI.tif,S30,T47TQE,2018-02-25,2018056,040729,EPSG:32647,699960.0,4390200.0,809760.0,4500000.0,True
/home/ec2-user/ndvi_sqs_work/inner_mongolia/raw/HLS-VI.S30.T47TQF.2018056T040729.v2.0.NDVI.tif,HLS-VI.S30.T47TQF.2018056T040729.v2.0.NDVI.tif,S30,T47TQF,2018-02-25,2018056,040729,EPSG:32647,699960.0,4490220.0,809760.0,4600020.0,True
/home/ec2-user/ndvi_sqs_work/inner_mongolia/raw/HLS-VI.S30.T47TQH.2018056T040729.v2.0.NDVI.tif,HLS-VI.S30.T47TQH.2018056T040729.v2.0.NDVI.tif,S30,T47TQH,2018-02-25,2018056,040729,EPSG:32647,699960.0,4690200.0,809760.0,4800000.0,True
/home/ec2-user/ndvi_sqs_work/inner_mongolia/raw/HLS-VI.S30.T48STJ.2018056T040729.v2.0.NDVI.tif,HLS-VI.S30.T48STJ.2018056T040729.v2.0.NDVI.tif,S30,T48STJ,2018-02-25,2018056,040729,EPSG:32648,199980.0,4290240.0,309780.0,4400040.0,True
/home/ec2-user/ndvi_sqs_work/inner_mongolia/raw/HLS-VI.S30.T48TTK.2018056T040729.v2.0.NDVI.tif,HLS-VI.S30.T48TTK.2018056T040729.v2.0.NDVI.tif,S30,T48TTK,2018-02-25,2018056,040729,EPSG:32648,199980.0,4390200.0,309780.0,4500000.0,True
/home/ec2-user/ndvi_sqs_work/inner_mongolia/raw/HLS-VI.S30.T48TTL.2018056T040729.v2.0.NDVI.tif,HLS-VI.S30.T48TTL.2018056T040729.v2.0.NDVI.tif,S30,T48TTL,2018-02-25,2018056,040729,EPSG:32648,199980.0,4490220.0,309780.0,4600020.0,True
/home/ec2-user/ndvi_sqs_work/inner_mongolia/raw/HLS-VI.S30.T48TUL.2018056T040729.v2.0.NDVI.tif,HLS-VI.S30.T48TUL.2018056T040729.v2.0.NDVI.tif,S30,T48TUL,2018-02-25,2018056,040729,EPSG:32648,300000.0,4490220.0,409800.0,4600020.0,True
/home/ec2-user/ndvi_sqs_work/inner_mongolia/raw/HLS-VI.S30.T48TUM.2018056T040729.v2.0.NDVI.tif,HLS-VI.S30.T48TUM.2018056T040729.v2.0.NDVI.tif,S30,T48TUM,2018-02-25,2018056,040729,EPSG:32648,300000.0,4590240.0,409800.0,4700040.0,True
/home/ec2-user/ndvi_sqs_work/inner_mongolia/raw/HLS-VI.S30.T49TGE.2018056T031711.v2.0.NDVI.tif,HLS-VI.S30.T49TGE.2018056T031711.v2.0.NDVI.tif,S30,T49TGE,2018-02-25,2018056,031711,EPSG:32649,699960.0,4390200.0,809760.0,4500000.0,True
/home/ec2-user/ndvi_sqs_work/inner_mongolia/raw/HLS-VI.S30.T50TKK.2018056T031711.v2.0.NDVI.tif,HLS-VI.S30.T50TKK.2018056T031711.v2.0.NDVI.tif,S30,T50TKK,2018-02-25,2018056,031711,EPSG:32650,199980.0,4390200.0,309780.0,4500000.0,True
/home/ec2-user/ndvi_sqs_work/inner_mongolia/raw/HLS-VI.S30.T50TMT.2018056T031711.v2.0.NDVI.tif,HLS-VI.S30.T50TMT.2018056T031711.v2.0.NDVI.tif,S30,T50TMT,2018-02-25,2018056,031711,EPSG:32650,399960.0,5190240.0,509760.0,5300040.0,True
/home/ec2-user/ndvi_sqs_work/inner_mongolia/raw/HLS-VI.S30.T50UPA.2018056T031711.v2.0.NDVI.tif,HLS-VI.S30.T50UPA.2018056T031711.v2.0.NDVI.tif,S30,T50UPA,2018-02-25,2018056,031711,EPSG:32650,600000.0,5490240.0,709800.0,5600040.0,True
/home/ec2-user/ndvi_sqs_work/inner_mongolia/raw/HLS-VI.S30.T48TXM.2018057T033709.v2.0.NDVI.tif,HLS-VI.S30.T48TXM.2018057T033709.v2.0.NDVI.tif,S30,T48TXM,2018-02-26,2018057,033709,EPSG:32648,600000.0,4590240.0,709800.0,4700040.0,True
/home/ec2-user/ndvi_sqs_work/inner_mongolia/raw/HLS-VI.S30.T48TYL.2018057T033709.v2.0.NDVI.tif,HLS-VI.S30.T48TYL.2018057T033709.v2.0.NDVI.tif,S30,T48TYL,2018-02-26,2018057,033709,EPSG:32648,699960.0,4490220.0,809760.0,4600020.0,True
/home/ec2-user/ndvi_sqs_work/inner_mongolia/raw/HLS-VI.S30.T48TYM.2018057T033709.v2.0.NDVI.tif,HLS-VI.S30.T48TYM.2018057T033709.v2.0.NDVI.tif,S30,T48TYM,2018-02-26,2018057,033709,EPSG:32648,699960.0,4590240.0,809760.0,4700040.0,True
/home/ec2-user/ndvi_sqs_work/inner_mongolia/raw/HLS-VI.S30.T49TBF.2018057T033709.v2.0.NDVI.tif,HLS-VI.S30.T49TBF.2018057T033709.v2.0.NDVI.tif,S30,T49TBF,2018-02-26,2018057,033709,EPSG:32649,199980.0,4490220.0,309780.0,4600020.0,True
/home/ec2-user/ndvi_sqs_work/inner_mongolia/raw/HLS-VI.S30.T49TBG.2018057T033709.v2.0.NDVI.tif,HLS-VI.S30.T49TBG.2018057T033709.v2.0.NDVI.tif,S30,T49TBG,2018-02-26,2018057,033709,EPSG:32649,199980.0,4590240.0,309780.0,4700040.0,True
/home/ec2-user/ndvi_sqs_work/inner_mongolia/raw/HLS-VI.S30.T49TCE.2018057T033709.v2.0.NDVI.tif,HLS-VI.S30.T49TCE.2018057T033709.v2.0.NDVI.tif,S30,T49TCE,2018-02-26,2018057,033709,EPSG:32649,300000.0,4390200.0,409800.0,4500000.0,True
/home/ec2-user/ndvi_sqs_work/inner_mongolia/raw/HLS-VI.S30.T49TCG.2018057T033709.v2.0.NDVI.tif,HLS-VI.S30.T49TCG.2018057T033709.v2.0.NDVI.tif,S30,T49TCG,2018-02-26,2018057,033709,EPSG:32649,300000.0,4590240.0,409800.0,4700040.0,True
/home/ec2-user/ndvi_sqs_work/inner_mongolia/raw/HLS-VI.S30.T49TDE.2018057T033709.v2.0.NDVI.tif,HLS-VI.S30.T49TDE.2018057T033709.v2.0.NDVI.tif,S30,T49TDE,2018-02-26,2018057,033709,EPSG:32649,399960.0,4390200.0,509760.0,4500000.0,True
/home/ec2-user/ndvi_sqs_work/inner_mongolia/raw/HLS-VI.S30.T49TDF.2018057T033709.v2.0.NDVI.tif,HLS-VI.S30.T49TDF.2018057T033709.v2.0.NDVI.tif,S30,T49TDF,2018-02-26,2018057,033709,EPSG:32649,399960.0,4490220.0,509760.0,4600020.0,True
/home/ec2-user/ndvi_sqs_work/inner_mongolia/raw/HLS-VI.S30.T49TDG.2018057T033709.v2.0.NDVI.tif,HLS-VI.S30.T49TDG.2018057T033709.v2.0.NDVI.tif,S30,T49TDG,2018-02-26,2018057,033709,EPSG:32649,399960.0,4590240.0,509760.0,4700040.0,True
/home/ec2-user/ndvi_sqs_work/inner_mongolia/raw/HLS-VI.S30.T47TPE.2018058T035711.v2.0.NDVI.tif,HLS-VI.S30.T47TPE.2018058T035711.v2.0.NDVI.tif,S30,T47TPE,2018-02-27,2018058,035711,EPSG:32647,600000.0,4390200.0,709800.0,4500000.0,True
/home/ec2-user/ndvi_sqs_work/inner_mongolia/raw/HLS-VI.S30.T47TQH.2018058T035711.v2.0.NDVI.tif,HLS-VI.S30.T47TQH.2018058T035711.v2.0.NDVI.tif,S30,T47TQH,2018-02-27,2018058,035711,EPSG:32647,699960.0,4690200.0,809760.0,4800000.0,True
/home/ec2-user/ndvi_sqs_work/inner_mongolia/raw/HLS-VI.S30.T49SBB.2018059T032701.v2.0.NDVI.tif,HLS-VI.S30.T49SBB.2018059T032701.v2.0.NDVI.tif,S30,T49SBB,2018-02-28,2018059,032701,EPSG:32649,199980.0,4090200.0,309780.0,4200000.0,True
/home/ec2-user/ndvi_sqs_work/inner_mongolia/raw/HLS-VI.S30.T49SCB.2018059T032701.v2.0.NDVI.tif,HLS-VI.S30.T49SCB.2018059T032701.v2.0.NDVI.tif,S30,T49SCB,2018-02-28,2018059,032701,EPSG:32649,300000.0,4090200.0,409800.0,4200000.0,True
/home/ec2-user/ndvi_sqs_work/inner_mongolia/raw/HLS-VI.S30.T49SCC.2018059T032701.v2.0.NDVI.tif,HLS-VI.S30.T49SCC.2018059T032701.v2.0.NDVI.tif,S30,T49SCC,2018-02-28,2018059,032701,EPSG:32649,300000.0,4190220.0,409800.0,4300020.0,True
/home/ec2-user/ndvi_sqs_work/inner_mongolia/raw/HLS-VI.S30.T49SDC.2018059T032701.v2.0.NDVI.tif,HLS-VI.S30.T49SDC.2018059T032701.v2.0.NDVI.tif,S30,T49SDC,2018-02-28,2018059,032701,EPSG:32649,399960.0,4190220.0,509760.0,4300020.0,True
/home/ec2-user/ndvi_sqs_work/inner_mongolia/raw/HLS-VI.S30.T49SDD.2018059T032701.v2.0.NDVI.tif,HLS-VI.S30.T49SDD.2018059T032701.v2.0.NDVI.tif,S30,T49SDD,2018-02-28,2018059,032701,EPSG:32649,399960.0,4290240.0,509760.0,4400040.0,True
/home/ec2-user/ndvi_sqs_work/inner_mongolia/raw/HLS-VI.S30.T49SED.2018059T032701.v2.0.NDVI.tif,HLS-VI.S30.T49SED.2018059T032701.v2.0.NDVI.tif,S30,T49SED,2018-02-28,2018059,032701,EPSG:32649,499980.0,4290240.0,609780.0,4400040.0,True
/home/ec2-user/ndvi_sqs_work/inner_mongolia/raw/HLS-VI.S30.T49TCE.2018059T032701.v2.0.NDVI.tif,HLS-VI.S30.T49TCE.2018059T032701.v2.0.NDVI.tif,S30,T49TCE,2018-02-28,2018059,032701,EPSG:32649,300000.0,4390200.0,409800.0,4500000.0,True
/home/ec2-user/ndvi_sqs_work/inner_mongolia/raw/HLS-VI.S30.T49TCF.2018059T032701.v2.0.NDVI.tif,HLS-VI.S30.T49TCF.2018059T032701.v2.0.NDVI.tif,S30,T49TCF,2018-02-28,2018059,032701,EPSG:32649,300000.0,4490220.0,409800.0,4600020.0,True
/home/ec2-user/ndvi_sqs_work/inner_mongolia/raw/HLS-VI.S30.T49TDE.2018059T032701.v2.0.NDVI.tif,HLS-VI.S30.T49TDE.2018059T032701.v2.0.NDVI.tif,S30,T49TDE,2018-02-28,2018059,032701,EPSG:32649,399960.0,4390200.0,509760.0,4500000.0,True
/home/ec2-user/ndvi_sqs_work/inner_mongolia/raw/HLS-VI.S30.T48TYL.2018060T034649.v2.0.NDVI.tif,HLS-VI.S30.T48TYL.2018060T034649.v2.0.NDVI.tif,S30,T48TYL,2018-03-01,2018060,034649,EPSG:32648,699960.0,4490220.0,809760.0,4600020.0,True
/home/ec2-user/ndvi_sqs_work/inner_mongolia/raw/HLS-VI.S30.T49TBF.2018060T034649.v2.0.NDVI.tif,HLS-VI.S30.T49TBF.2018060T034649.v2.0.NDVI.tif,S30,T49TBF,2018-03-01,2018060,034649,EPSG:32649,199980.0,4490220.0,309780.0,4600020.0,True
/home/ec2-user/ndvi_sqs_work/inner_mongolia/raw/HLS-VI.S30.T50TPM.2018060T025631.v2.0.NDVI.tif,HLS-VI.S30.T50TPM.2018060T025631.v2.0.NDVI.tif,S30,T50TPM,2018-03-01,2018060,025631,EPSG:32650,600000.0,4590240.0,709800.0,4700040.0,True
/home/ec2-user/ndvi_sqs_work/inner_mongolia/raw/HLS-VI.S30.T49TEH.2018061T031629.v2.0.NDVI.tif,HLS-VI.S30.T49TEH.2018061T031629.v2.0.NDVI.tif,S30,T49TEH,2018-03-02,2018061,031629,EPSG:32649,499980.0,4690200.0,609780.0,4800000.0,True
/home/ec2-user/ndvi_sqs_work/inner_mongolia/raw/HLS-VI.S30.T50TNT.2018061T031629.v2.0.NDVI.tif,HLS-VI.S30.T50TNT.2018061T031629.v2.0.NDVI.tif,S30,T50TNT,2018-03-02,2018061,031629,EPSG:32650,499980.0,5190240.0,609780.0,5300040.0,True
/home/ec2-user/ndvi_sqs_work/inner_mongolia/raw/HLS-VI.S30.T48SVG.2018063T035629.v2.0.NDVI.tif,HLS-VI.S30.T48SVG.2018063T035629.v2.0.NDVI.tif,S30,T48SVG,2018-03-04,2018063,035629,EPSG:32648,399960.0,4090200.0,509760.0,4200000.0,True
/home/ec2-user/ndvi_sqs_work/inner_mongolia/raw/HLS-VI.S30.T50TMP.2018063T030621.v2.0.NDVI.tif,HLS-VI.S30.T50TMP.2018063T030621.v2.0.NDVI.tif,S30,T50TMP,2018-03-04,2018063,030621,EPSG:32650,399960.0,4790220.0,509760.0,4900020.0,True
/home/ec2-user/ndvi_sqs_work/inner_mongolia/raw/HLS-VI.S30.T47TLH.2018064T041701.v2.0.NDVI.tif,HLS-VI.S30.T47TLH.2018064T041701.v2.0.NDVI.tif,S30,T47TLH,2018-03-05,2018064,041701,EPSG:32647,300000.0,4690200.0,409800.0,4800000.0,True
/home/ec2-user/ndvi_sqs_work/inner_mongolia/raw/HLS-VI.S30.T47TMG.2018064T041701.v2.0.NDVI.tif,HLS-VI.S30.T47TMG.2018064T041701.v2.0.NDVI.tif,S30,T47TMG,2018-03-05,2018064,041701,EPSG:32647,399960.0,4590240.0,509760.0,4700040.0,True
/home/ec2-user/ndvi_sqs_work/inner_mongolia/raw/HLS-VI.S30.T47TMH.2018064T041701.v2.0.NDVI.tif,HLS-VI.S30.T47TMH.2018064T041701.v2.0.NDVI.tif,S30,T47TMH,2018-03-05,2018064,041701,EPSG:32647,399960.0,4690200.0,509760.0,4800000.0,True
/home/ec2-user/ndvi_sqs_work/inner_mongolia/raw/HLS-VI.S30.T47TNG.2018064T041701.v2.0.NDVI.tif,HLS-VI.S30.T47TNG.2018064T041701.v2.0.NDVI.tif,S30,T47TNG,2018-03-05,2018064,041701,EPSG:32647,499980.0,4590240.0,609780.0,4700040.0,True
/home/ec2-user/ndvi_sqs_work/inner_mongolia/raw/HLS-VI.S30.T47TNH.2018064T041701.v2.0.NDVI.tif,HLS-VI.S30.T47TNH.2018064T041701.v2.0.NDVI.tif,S30,T47TNH,2018-03-05,2018064,041701,EPSG:32647,499980.0,4690200.0,609780.0,4800000.0,True
/home/ec2-user/ndvi_sqs_work/inner_mongolia/raw/HLS-VI.S30.T49TCF.2018064T032619.v2.0.NDVI.tif,HLS-VI.S30.T49TCF.2018064T032619.v2.0.NDVI.tif,S30,T49TCF,2018-03-05,2018064,032619,EPSG:32649,300000.0,4490220.0,409800.0,4600020.0,True
/home/ec2-user/ndvi_sqs_work/inner_mongolia/raw/HLS-VI.S30.T49TCG.2018064T032619.v2.0.NDVI.tif,HLS-VI.S30.T49TCG.2018064T032619.v2.0.NDVI.tif,S30,T49TCG,2018-03-05,2018064,032619,EPSG:32649,300000.0,4590240.0,409800.0,4700040.0,True
/home/ec2-user/ndvi_sqs_work/inner_mongolia/raw/HLS-VI.S30.T49TCH.2018064T032619.v2.0.NDVI.tif,HLS-VI.S30.T49TCH.2018064T032619.v2.0.NDVI.tif,S30,T49TCH,2018-03-05,2018064,032619,EPSG:32649,300000.0,4690200.0,409800.0,4800000.0,True
/home/ec2-user/ndvi_sqs_work/inner_mongolia/raw/HLS-VI.S30.T49TDF.2018064T032619.v2.0.NDVI.tif,HLS-VI.S30.T49TDF.2018064T032619.v2.0.NDVI.tif,S30,T49TDF,2018-03-05,2018064,032619,EPSG:32649,399960.0,4490220.0,509760.0,4600020.0,True
/home/ec2-user/ndvi_sqs_work/inner_mongolia/raw/HLS-VI.S30.T49TDG.2018064T032619.v2.0.NDVI.tif,HLS-VI.S30.T49TDG.2018064T032619.v2.0.NDVI.tif,S30,T49TDG,2018-03-05,2018064,032619,EPSG:32649,399960.0,4590240.0,509760.0,4700040.0,True
/home/ec2-user/ndvi_sqs_work/inner_mongolia/raw/HLS-VI.S30.T49TDH.2018064T032619.v2.0.NDVI.tif,HLS-VI.S30.T49TDH.2018064T032619.v2.0.NDVI.tif,S30,T49TDH,2018-03-05,2018064,032619,EPSG:32649,399960.0,4690200.0,509760.0,4800000.0,True
/home/ec2-user/ndvi_sqs_work/inner_mongolia/raw/HLS-VI.S30.T49TDJ.2018064T032619.v2.0.NDVI.tif,HLS-VI.S30.T49TDJ.2018064T032619.v2.0.NDVI.tif,S30,T49TDJ,2018-03-05,2018064,032619,EPSG:32649,399960.0,4790220.0,509760.0,4900020.0,True
/home/ec2-user/ndvi_sqs_work/inner_mongolia/raw/HLS-VI.S30.T49TEF.2018064T032619.v2.0.NDVI.tif,HLS-VI.S30.T49TEF.2018064T032619.v2.0.NDVI.tif,S30,T49TEF,2018-03-05,2018064,032619,EPSG:32649,499980.0,4490220.0,609780.0,4600020.0,True
/home/ec2-user/ndvi_sqs_work/inner_mongolia/raw/HLS-VI.S30.T49TEG.2018064T032619.v2.0.NDVI.tif,HLS-VI.S30.T49TEG.2018064T032619.v2.0.NDVI.tif,S30,T49TEG,2018-03-05,2018064,032619,EPSG:32649,499980.0,4590240.0,609780.0,4700040.0,True
/home/ec2-user/ndvi_sqs_work/inner_mongolia/raw/HLS-VI.S30.T49TEH.2018064T032619.v2.0.NDVI.tif,HLS-VI.S30.T49TEH.2018064T032619.v2.0.NDVI.tif,S30,T49TEH,2018-03-05,2018064,032619,EPSG:32649,499980.0,4690200.0,609780.0,4800000.0,True
/home/ec2-user/ndvi_sqs_work/inner_mongolia/raw/HLS-VI.S30.T49TEJ.2018064T032619.v2.0.NDVI.tif,HLS-VI.S30.T49TEJ.2018064T032619.v2.0.NDVI.tif,S30,T49TEJ,2018-03-05,2018064,032619,EPSG:32649,499980.0,4790220.0,609780.0,4900020.0,True
/home/ec2-user/ndvi_sqs_work/inner_mongolia/raw/HLS-VI.S30.T49TEK.2018064T032619.v2.0.NDVI.tif,HLS-VI.S30.T49TEK.2018064T032619.v2.0.NDVI.tif,S30,T49TEK,2018-03-05,2018064,032619,EPSG:32649,499980.0,4890240.0,609780.0,5000040.0,True
/home/ec2-user/ndvi_sqs_work/inner_mongolia/raw/HLS-VI.S30.T49TFF.2018064T032619.v2.0.NDVI.tif,HLS-VI.S30.T49TFF.2018064T032619.v2.0.NDVI.tif,S30,T49TFF,2018-03-05,2018064,032619,EPSG:32649,600000.0,4490220.0,709800.0,4600020.0,True
/home/ec2-user/ndvi_sqs_work/inner_mongolia/raw/HLS-VI.S30.T49TFG.2018064T032619.v2.0.NDVI.tif,HLS-VI.S30.T49TFG.2018064T032619.v2.0.NDVI.tif,S30,T49TFG,2018-03-05,2018064,032619,EPSG:32649,600000.0,4590240.0,709800.0,4700040.0,True
/home/ec2-user/ndvi_sqs_work/inner_mongolia/raw/HLS-VI.S30.T49TFH.2018064T032619.v2.0.NDVI.tif,HLS-VI.S30.T49TFH.2018064T032619.v2.0.NDVI.tif,S30,T49TFH,2018-03-05,2018064,032619,EPSG:32649,600000.0,4690200.0,709800.0,4800000.0,True
/home/ec2-user/ndvi_sqs_work/inner_mongolia/raw/HLS-VI.S30.T49TFJ.2018064T032619.v2.0.NDVI.tif,HLS-VI.S30.T49TFJ.2018064T032619.v2.0.NDVI.tif,S30,T49TFJ,2018-03-05,2018064,032619,EPSG:32649,600000.0,4790220.0,709800.0,4900020.0,True
/home/ec2-user/ndvi_sqs_work/inner_mongolia/raw/HLS-VI.S30.T49TFK.2018064T032619.v2.0.NDVI.tif,HLS-VI.S30.T49TFK.2018064T032619.v2.0.NDVI.tif,S30,T49TFK,2018-03-05,2018064,032619,EPSG:32649,600000.0,4890240.0,709800.0,5000040.0,True
/home/ec2-user/ndvi_sqs_work/inner_mongolia/raw/HLS-VI.S30.T49TGJ.2018064T032619.v2.0.NDVI.tif,HLS-VI.S30.T49TGJ.2018064T032619.v2.0.NDVI.tif,S30,T49TGJ,2018-03-05,2018064,032619,EPSG:32649,699960.0,4790220.0,809760.0,4900020.0,True
/home/ec2-user/ndvi_sqs_work/inner_mongolia/raw/HLS-VI.S30.T51TVH.2018064T023601.v2.0.NDVI.tif,HLS-VI.S30.T51TVH.2018064T023601.v2.0.NDVI.tif,S30,T51TVH,2018-03-05,2018064,023601,EPSG:32651,399960.0,4690200.0,509760.0,4800000.0,True
/home/ec2-user/ndvi_sqs_work/inner_mongolia/raw/HLS-VI.S30.T51TWH.2018064T023601.v2.0.NDVI.tif,HLS-VI.S30.T51TWH.2018064T023601.v2.0.NDVI.tif,S30,T51TWH,2018-03-05,2018064,023601,EPSG:32651,499980.0,4690200.0,609780.0,4800000.0,True
/home/ec2-user/ndvi_sqs_work/inner_mongolia/raw/HLS-VI.S30.T51UXS.2018064T023601.v2.0.NDVI.tif,HLS-VI.S30.T51UXS.2018064T023601.v2.0.NDVI.tif,S30,T51UXS,2018-03-05,2018064,023601,EPSG:32651,600000.0,5590200.0,709800.0,5700000.0,True
/home/ec2-user/ndvi_sqs_work/inner_mongolia/raw/HLS-VI.S30.T51UYS.2018064T023601.v2.0.NDVI.tif,HLS-VI.S30.T51UYS.2018064T023601.v2.0.NDVI.tif,S30,T51UYS,2018-03-05,2018064,023601,EPSG:32651,699960.0,5590200.0,809760.0,5700000.0,True
/home/ec2-user/ndvi_sqs_work/inner_mongolia/raw/HLS-VI.S30.T48TUK.2018065T034621.v2.0.NDVI.tif,HLS-VI.S30.T48TUK.2018065T034621.v2.0.NDVI.tif,S30,T48TUK,2018-03-06,2018065,034621,EPSG:32648,300000.0,4390200.0,409800.0,4500000.0,True
/home/ec2-user/ndvi_sqs_work/inner_mongolia/raw/HLS-VI.S30.T48TVL.2018065T034621.v2.0.NDVI.tif,HLS-VI.S30.T48TVL.2018065T034621.v2.0.NDVI.tif,S30,T48TVL,2018-03-06,2018065,034621,EPSG:32648,399960.0,4490220.0,509760.0,4600020.0,True
/home/ec2-user/ndvi_sqs_work/inner_mongolia/raw/HLS-VI.S30.T48TVM.2018065T034621.v2.0.NDVI.tif,HLS-VI.S30.T48TVM.2018065T034621.v2.0.NDVI.tif,S30,T48TVM,2018-03-06,2018065,034621,EPSG:32648,399960.0,4590240.0,509760.0,4700040.0,True
/home/ec2-user/ndvi_sqs_work/inner_mongolia/raw/HLS-VI.S30.T50TNR.2018065T025549.v2.0.NDVI.tif,HLS-VI.S30.T50TNR.2018065T025549.v2.0.NDVI.tif,S30,T50TNR,2018-03-06,2018065,025549,EPSG:32650,499980.0,4990200.0,609780.0,5100000.0,True
/home/ec2-user/ndvi_sqs_work/inner_mongolia/raw/HLS-VI.S30.T47TNF.2018066T040619.v2.0.NDVI.tif,HLS-VI.S30.T47TNF.2018066T040619.v2.0.NDVI.tif,S30,T47TNF,2018-03-07,2018066,040619,EPSG:32647,499980.0,4490220.0,609780.0,4600020.0,True
/home/ec2-user/ndvi_sqs_work/inner_mongolia/raw/HLS-VI.S30.T47TNG.2018066T040619.v2.0.NDVI.tif,HLS-VI.S30.T47TNG.2018066T040619.v2.0.NDVI.tif,S30,T47TNG,2018-03-07,2018066,040619,EPSG:32647,499980.0,4590240.0,609780.0,4700040.0,True
/home/ec2-user/ndvi_sqs_work/inner_mongolia/raw/HLS-VI.S30.T47TNH.2018066T040619.v2.0.NDVI.tif,HLS-VI.S30.T47TNH.2018066T040619.v2.0.NDVI.tif,S30,T47TNH,2018-03-07,2018066,040619,EPSG:32647,499980.0,4690200.0,609780.0,4800000.0,True
/home/ec2-user/ndvi_sqs_work/inner_mongolia/raw/HLS-VI.S30.T47TPE.2018066T040619.v2.0.NDVI.tif,HLS-VI.S30.T47TPE.2018066T040619.v2.0.NDVI.tif,S30,T47TPE,2018-03-07,2018066,040619,EPSG:32647,600000.0,4390200.0,709800.0,4500000.0,True
/home/ec2-user/ndvi_sqs_work/inner_mongolia/raw/HLS-VI.S30.T47TQE.2018066T040619.v2.0.NDVI.tif,HLS-VI.S30.T47TQE.2018066T040619.v2.0.NDVI.tif,S30,T47TQE,2018-03-07,2018066,040619,EPSG:32647,699960.0,4390200.0,809760.0,4500000.0,True
/home/ec2-user/ndvi_sqs_work/inner_mongolia/raw/HLS-VI.S30.T48STJ.2018066T040619.v2.0.NDVI.tif,HLS-VI.S30.T48STJ.2018066T040619.v2.0.NDVI.tif,S30,T48STJ,2018-03-07,2018066,040619,EPSG:32648,199980.0,4290240.0,309780.0,4400040.0,True
/home/ec2-user/ndvi_sqs_work/inner_mongolia/raw/HLS-VI.S30.T48TTK.2018066T040619.v2.0.NDVI.tif,HLS-VI.S30.T48TTK.2018066T040619.v2.0.NDVI.tif,S30,T48TTK,2018-03-07,2018066,040619,EPSG:32648,199980.0,4390200.0,309780.0,4500000.0,True
/home/ec2-user/ndvi_sqs_work/inner_mongolia/raw/HLS-VI.S30.T48TTL.2018066T040619.v2.0.NDVI.tif,HLS-VI.S30.T48TTL.2018066T040619.v2.0.NDVI.tif,S30,T48TTL,2018-03-07,2018066,040619,EPSG:32648,199980.0,4490220.0,309780.0,4600020.0,True
/home/ec2-user/ndvi_sqs_work/inner_mongolia/raw/HLS-VI.S30.T48TUL.2018066T040619.v2.0.NDVI.tif,HLS-VI.S30.T48TUL.2018066T040619.v2.0.NDVI.tif,S30,T48TUL,2018-03-07,2018066,040619,EPSG:32648,300000.0,4490220.0,409800.0,4600020.0,True
/home/ec2-user/ndvi_sqs_work/inner_mongolia/raw/HLS-VI.S30.T48TUM.2018066T040619.v2.0.NDVI.tif,HLS-VI.S30.T48TUM.2018066T040619.v2.0.NDVI.tif,S30,T48TUM,2018-03-07,2018066,040619,EPSG:32648,300000.0,4590240.0,409800.0,4700040.0,True
/home/ec2-user/ndvi_sqs_work/inner_mongolia/raw/HLS-VI.S30.T50TMT.2018066T031601.v2.0.NDVI.tif,HLS-VI.S30.T50TMT.2018066T031601.v2.0.NDVI.tif,S30,T50TMT,2018-03-07,2018066,031601,EPSG:32650,399960.0,5190240.0,509760.0,5300040.0,True
/home/ec2-user/ndvi_sqs_work/inner_mongolia/raw/HLS-VI.S30.T47TLH.2018067T042701.v2.0.NDVI.tif,HLS-VI.S30.T47TLH.2018067T042701.v2.0.NDVI.tif,S30,T47TLH,2018-03-08,2018067,042701,EPSG:32647,300000.0,4690200.0,409800.0,4800000.0,True
/home/ec2-user/ndvi_sqs_work/inner_mongolia/raw/HLS-VI.S30.T48TYL.2018067T033559.v2.0.NDVI.tif,HLS-VI.S30.T48TYL.2018067T033559.v2.0.NDVI.tif,S30,T48TYL,2018-03-08,2018067,033559,EPSG:32648,699960.0,4490220.0,809760.0,4600020.0,True
/home/ec2-user/ndvi_sqs_work/inner_mongolia/raw/HLS-VI.S30.T48TYM.2018067T033559.v2.0.NDVI.tif,HLS-VI.S30.T48TYM.2018067T033559.v2.0.NDVI.tif,S30,T48TYM,2018-03-08,2018067,033559,EPSG:32648,699960.0,4590240.0,809760.0,4700040.0,True
/home/ec2-user/ndvi_sqs_work/inner_mongolia/raw/HLS-VI.S30.T49SCB.2018067T033559.v2.0.NDVI.tif,HLS-VI.S30.T49SCB.2018067T033559.v2.0.NDVI.tif,S30,T49SCB,2018-03-08,2018067,033559,EPSG:32649,300000.0,4090200.0,409800.0,4200000.0,True
/home/ec2-user/ndvi_sqs_work/inner_mongolia/raw/HLS-VI.S30.T49SCC.2018067T033559.v2.0.NDVI.tif,HLS-VI.S30.T49SCC.2018067T033559.v2.0.NDVI.tif,S30,T49SCC,2018-03-08,2018067,033559,EPSG:32649,300000.0,4190220.0,409800.0,4300020.0,True
/home/ec2-user/ndvi_sqs_work/inner_mongolia/raw/HLS-VI.S30.T49TBG.2018067T033559.v2.0.NDVI.tif,HLS-VI.S30.T49TBG.2018067T033559.v2.0.NDVI.tif,S30,T49TBG,2018-03-08,2018067,033559,EPSG:32649,199980.0,4590240.0,309780.0,4700040.0,True
/home/ec2-user/ndvi_sqs_work/inner_mongolia/raw/HLS-VI.S30.T49TCE.2018067T033559.v2.0.NDVI.tif,HLS-VI.S30.T49TCE.2018067T033559.v2.0.NDVI.tif,S30,T49TCE,2018-03-08,2018067,033559,EPSG:32649,300000.0,4390200.0,409800.0,4500000.0,True
/home/ec2-user/ndvi_sqs_work/inner_mongolia/raw/HLS-VI.S30.T49TCF.2018067T033559.v2.0.NDVI.tif,HLS-VI.S30.T49TCF.2018067T033559.v2.0.NDVI.tif,S30,T49TCF,2018-03-08,2018067,033559,EPSG:32649,300000.0,4490220.0,409800.0,4600020.0,True
/home/ec2-user/ndvi_sqs_work/inner_mongolia/raw/HLS-VI.S30.T49TCG.2018067T033559.v2.0.NDVI.tif,HLS-VI.S30.T49TCG.2018067T033559.v2.0.NDVI.tif,S30,T49TCG,2018-03-08,2018067,033559,EPSG:32649,300000.0,4590240.0,409800.0,4700040.0,True
/home/ec2-user/ndvi_sqs_work/inner_mongolia/raw/HLS-VI.S30.T49TCH.2018067T033559.v2.0.NDVI.tif,HLS-VI.S30.T49TCH.2018067T033559.v2.0.NDVI.tif,S30,T49TCH,2018-03-08,2018067,033559,EPSG:32649,300000.0,4690200.0,409800.0,4800000.0,True
/home/ec2-user/ndvi_sqs_work/inner_mongolia/raw/HLS-VI.S30.T49TDE.2018067T033559.v2.0.NDVI.tif,HLS-VI.S30.T49TDE.2018067T033559.v2.0.NDVI.tif,S30,T49TDE,2018-03-08,2018067,033559,EPSG:32649,399960.0,4390200.0,509760.0,4500000.0,True
/home/ec2-user/ndvi_sqs_work/inner_mongolia/raw/HLS-VI.S30.T49TDF.2018067T033559.v2.0.NDVI.tif,HLS-VI.S30.T49TDF.2018067T033559.v2.0.NDVI.tif,S30,T49TDF,2018-03-08,2018067,033559,EPSG:32649,399960.0,4490220.0,509760.0,4600020.0,True
/home/ec2-user/ndvi_sqs_work/inner_mongolia/raw/HLS-VI.S30.T49TDG.2018067T033559.v2.0.NDVI.tif,HLS-VI.S30.T49TDG.2018067T033559.v2.0.NDVI.tif,S30,T49TDG,2018-03-08,2018067,033559,EPSG:32649,399960.0,4590240.0,509760.0,4700040.0,True
/home/ec2-user/ndvi_sqs_work/inner_mongolia/raw/HLS-VI.S30.T49TDJ.2018067T033559.v2.0.NDVI.tif,HLS-VI.S30.T49TDJ.2018067T033559.v2.0.NDVI.tif,S30,T49TDJ,2018-03-08,2018067,033559,EPSG:32649,399960.0,4790220.0,509760.0,4900020.0,True
/home/ec2-user/ndvi_sqs_work/inner_mongolia/raw/HLS-VI.S30.T49TEJ.2018067T033559.v2.0.NDVI.tif,HLS-VI.S30.T49TEJ.2018067T033559.v2.0.NDVI.tif,S30,T49TEJ,2018-03-08,2018067,033559,EPSG:32649,499980.0,4790220.0,609780.0,4900020.0,True
/home/ec2-user/ndvi_sqs_work/inner_mongolia/raw/HLS-VI.S30.T51UWP.2018067T024541.v2.0.NDVI.tif,HLS-VI.S30.T51UWP.2018067T024541.v2.0.NDVI.tif,S30,T51UWP,2018-03-08,2018067,024541,EPSG:32651,499980.0,5290200.0,609780.0,5400000.0,True
/home/ec2-user/ndvi_sqs_work/inner_mongolia/raw/HLS-VI.S30.T51UXR.2018067T024541.v2.0.NDVI.tif,HLS-VI.S30.T51UXR.2018067T024541.v2.0.NDVI.tif,S30,T51UXR,2018-03-08,2018067,024541,EPSG:32651,600000.0,5490240.0,709800.0,5600040.0,True
/home/ec2-user/ndvi_sqs_work/inner_mongolia/raw/HLS-VI.S30.T51UXS.2018067T024541.v2.0.NDVI.tif,HLS-VI.S30.T51UXS.2018067T024541.v2.0.NDVI.tif,S30,T51UXS,2018-03-08,2018067,024541,EPSG:32651,600000.0,5590200.0,709800.0,5700000.0,True
/home/ec2-user/ndvi_sqs_work/inner_mongolia/raw/HLS-VI.S30.T51UYS.2018067T024541.v2.0.NDVI.tif,HLS-VI.S30.T51UYS.2018067T024541.v2.0.NDVI.tif,S30,T51UYS,2018-03-08,2018067,024541,EPSG:32651,699960.0,5590200.0,809760.0,5700000.0,True
/home/ec2-user/ndvi_sqs_work/inner_mongolia/raw/HLS-VI.S30.T47TPE.2018068T035601.v2.0.NDVI.tif,HLS-VI.S30.T47TPE.2018068T035601.v2.0.NDVI.tif,S30,T47TPE,2018-03-09,2018068,035601,EPSG:32647,600000.0,4390200.0,709800.0,4500000.0,True
/home/ec2-user/ndvi_sqs_work/inner_mongolia/raw/HLS-VI.S30.T47TQE.2018068T035601.v2.0.NDVI.tif,HLS-VI.S30.T47TQE.2018068T035601.v2.0.NDVI.tif,S30,T47TQE,2018-03-09,2018068,035601,EPSG:32647,699960.0,4390200.0,809760.0,4500000.0,True
/home/ec2-user/ndvi_sqs_work/inner_mongolia/raw/HLS-VI.S30.T47TQF.2018068T035601.v2.0.NDVI.tif,HLS-VI.S30.T47TQF.2018068T035601.v2.0.NDVI.tif,S30,T47TQF,2018-03-09,2018068,035601,EPSG:32647,699960.0,4490220.0,809760.0,4600020.0,True
/home/ec2-user/ndvi_sqs_work/inner_mongolia/raw/HLS-VI.S30.T48TTK.2018068T035601.v2.0.NDVI.tif,HLS-VI.S30.T48TTK.2018068T035601.v2.0.NDVI.tif,S30,T48TTK,2018-03-09,2018068,035601,EPSG:32648,199980.0,4390200.0,309780.0,4500000.0,True
/home/ec2-user/ndvi_sqs_work/inner_mongolia/raw/HLS-VI.S30.T48TTL.2018068T035601.v2.0.NDVI.tif,HLS-VI.S30.T48TTL.2018068T035601.v2.0.NDVI.tif,S30,T48TTL,2018-03-09,2018068,035601,EPSG:32648,199980.0,4490220.0,309780.0,4600020.0,True
/home/ec2-user/ndvi_sqs_work/inner_mongolia/raw/HLS-VI.S30.T48TUK.2018068T035601.v2.0.NDVI.tif,HLS-VI.S30.T48TUK.2018068T035601.v2.0.NDVI.tif,S30,T48TUK,2018-03-09,2018068,035601,EPSG:32648,300000.0,4390200.0,409800.0,4500000.0,True
/home/ec2-user/ndvi_sqs_work/inner_mongolia/raw/HLS-VI.S30.T48TUL.2018068T035601.v2.0.NDVI.tif,HLS-VI.S30.T48TUL.2018068T035601.v2.0.NDVI.tif,S30,T48TUL,2018-03-09,2018068,035601,EPSG:32648,300000.0,4490220.0,409800.0,4600020.0,True
/home/ec2-user/ndvi_sqs_work/inner_mongolia/raw/HLS-VI.S30.T48TUM.2018068T035601.v2.0.NDVI.tif,HLS-VI.S30.T48TUM.2018068T035601.v2.0.NDVI.tif,S30,T48TUM,2018-03-09,2018068,035601,EPSG:32648,300000.0,4590240.0,409800.0,4700040.0,True
/home/ec2-user/ndvi_sqs_work/inner_mongolia/raw/HLS-VI.S30.T48TVK.2018068T035601.v2.0.NDVI.tif,HLS-VI.S30.T48TVK.2018068T035601.v2.0.NDVI.tif,S30,T48TVK,2018-03-09,2018068,035601,EPSG:32648,399960.0,4390200.0,509760.0,4500000.0,True
/home/ec2-user/ndvi_sqs_work/inner_mongolia/raw/HLS-VI.S30.T48TVL.2018068T035601.v2.0.NDVI.tif,HLS-VI.S30.T48TVL.2018068T035601.v2.0.NDVI.tif,S30,T48TVL,2018-03-09,2018068,035601,EPSG:32648,399960.0,4490220.0,509760.0,4600020.0,True
/home/ec2-user/ndvi_sqs_work/inner_mongolia/raw/HLS-VI.S30.T48TVM.2018068T035601.v2.0.NDVI.tif,HLS-VI.S30.T48TVM.2018068T035601.v2.0.NDVI.tif,S30,T48TVM,2018-03-09,2018068,035601,EPSG:32648,399960.0,4590240.0,509760.0,4700040.0,True
/home/ec2-user/ndvi_sqs_work/inner_mongolia/raw/HLS-VI.S30.T48TWM.2018068T035601.v2.0.NDVI.tif,HLS-VI.S30.T48TWM.2018068T035601.v2.0.NDVI.tif,S30,T48TWM,2018-03-09,2018068,035601,EPSG:32648,499980.0,4590240.0,609780.0,4700040.0,True
/home/ec2-user/ndvi_sqs_work/inner_mongolia/raw/HLS-VI.S30.T47TLF.2018069T041559.v2.0.NDVI.tif,HLS-VI.S30.T47TLF.2018069T041559.v2.0.NDVI.tif,S30,T47TLF,2018-03-10,2018069,041559,EPSG:32647,300000.0,4490220.0,409800.0,4600020.0,True
/home/ec2-user/ndvi_sqs_work/inner_mongolia/raw/HLS-VI.S30.T47TLG.2018069T041559.v2.0.NDVI.tif,HLS-VI.S30.T47TLG.2018069T041559.v2.0.NDVI.tif,S30,T47TLG,2018-03-10,2018069,041559,EPSG:32647,300000.0,4590240.0,409800.0,4700040.0,True
/home/ec2-user/ndvi_sqs_work/inner_mongolia/raw/HLS-VI.S30.T47TLH.2018069T041559.v2.0.NDVI.tif,HLS-VI.S30.T47TLH.2018069T041559.v2.0.NDVI.tif,S30,T47TLH,2018-03-10,2018069,041559,EPSG:32647,300000.0,4690200.0,409800.0,4800000.0,True
/home/ec2-user/ndvi_sqs_work/inner_mongolia/raw/HLS-VI.S30.T47TMF.2018069T041559.v2.0.NDVI.tif,HLS-VI.S30.T47TMF.2018069T041559.v2.0.NDVI.tif,S30,T47TMF,2018-03-10,2018069,041559,EPSG:32647,399960.0,4490220.0,509760.0,4600020.0,True
/home/ec2-user/ndvi_sqs_work/inner_mongolia/raw/HLS-VI.S30.T47TMG.2018069T041559.v2.0.NDVI.tif,HLS-VI.S30.T47TMG.2018069T041559.v2.0.NDVI.tif,S30,T47TMG,2018-03-10,2018069,041559,EPSG:32647,399960.0,4590240.0,509760.0,4700040.0,True
/home/ec2-user/ndvi_sqs_work/inner_mongolia/raw/HLS-VI.S30.T47TMH.2018069T041559.v2.0.NDVI.tif,HLS-VI.S30.T47TMH.2018069T041559.v2.0.NDVI.tif,S30,T47TMH,2018-03-10,2018069,041559,EPSG:32647,399960.0,4690200.0,509760.0,4800000.0,True
/home/ec2-user/ndvi_sqs_work/inner_mongolia/raw/HLS-VI.S30.T47TNF.2018069T041559.v2.0.NDVI.tif,HLS-VI.S30.T47TNF.2018069T041559.v2.0.NDVI.tif,S30,T47TNF,2018-03-10,2018069,041559,EPSG:32647,499980.0,4490220.0,609780.0,4600020.0,True
/home/ec2-user/ndvi_sqs_work/inner_mongolia/raw/HLS-VI.S30.T47TNG.2018069T041559.v2.0.NDVI.tif,HLS-VI.S30.T47TNG.2018069T041559.v2.0.NDVI.tif,S30,T47TNG,2018-03-10,2018069,041559,EPSG:32647,499980.0,4590240.0,609780.0,4700040.0,True
/home/ec2-user/ndvi_sqs_work/inner_mongolia/raw/HLS-VI.S30.T47TNH.2018069T041559.v2.0.NDVI.tif,HLS-VI.S30.T47TNH.2018069T041559.v2.0.NDVI.tif,S30,T47TNH,2018-03-10,2018069,041559,EPSG:32647,499980.0,4690200.0,609780.0,4800000.0,True
/home/ec2-user/ndvi_sqs_work/inner_mongolia/raw/HLS-VI.S30.T49SCC.2018069T032541.v2.0.NDVI.tif,HLS-VI.S30.T49SCC.2018069T032541.v2.0.NDVI.tif,S30,T49SCC,2018-03-10,2018069,032541,EPSG:32649,300000.0,4190220.0,409800.0,4300020.0,True
/home/ec2-user/ndvi_sqs_work/inner_mongolia/raw/HLS-VI.S30.T49SDC.2018069T032541.v2.0.NDVI.tif,HLS-VI.S30.T49SDC.2018069T032541.v2.0.NDVI.tif,S30,T49SDC,2018-03-10,2018069,032541,EPSG:32649,399960.0,4190220.0,509760.0,4300020.0,True
/home/ec2-user/ndvi_sqs_work/inner_mongolia/raw/HLS-VI.S30.T49SDD.2018069T032541.v2.0.NDVI.tif,HLS-VI.S30.T49SDD.2018069T032541.v2.0.NDVI.tif,S30,T49SDD,2018-03-10,2018069,032541,EPSG:32649,399960.0,4290240.0,509760.0,4400040.0,True
/home/ec2-user/ndvi_sqs_work/inner_mongolia/raw/HLS-VI.S30.T49SED.2018069T032541.v2.0.NDVI.tif,HLS-VI.S30.T49SED.2018069T032541.v2.0.NDVI.tif,S30,T49SED,2018-03-10,2018069,032541,EPSG:32649,499980.0,4290240.0,609780.0,4400040.0,True
/home/ec2-user/ndvi_sqs_work/inner_mongolia/raw/HLS-VI.S30.T49TBE.2018069T032541.v2.0.NDVI.tif,HLS-VI.S30.T49TBE.2018069T032541.v2.0.NDVI.tif,S30,T49TBE,2018-03-10,2018069,032541,EPSG:32649,199980.0,4390200.0,309780.0,4500000.0,True
/home/ec2-user/ndvi_sqs_work/inner_mongolia/raw/HLS-VI.S30.T49TCE.2018069T032541.v2.0.NDVI.tif,HLS-VI.S30.T49TCE.2018069T032541.v2.0.NDVI.tif,S30,T49TCE,2018-03-10,2018069,032541,EPSG:32649,300000.0,4390200.0,409800.0,4500000.0,True
/home/ec2-user/ndvi_sqs_work/inner_mongolia/raw/HLS-VI.S30.T49TCF.2018069T032541.v2.0.NDVI.tif,HLS-VI.S30.T49TCF.2018069T032541.v2.0.NDVI.tif,S30,T49TCF,2018-03-10,2018069,032541,EPSG:32649,300000.0,4490220.0,409800.0,4600020.0,True
/home/ec2-user/ndvi_sqs_work/inner_mongolia/raw/HLS-VI.S30.T49TCG.2018069T032541.v2.0.NDVI.tif,HLS-VI.S30.T49TCG.2018069T032541.v2.0.NDVI.tif,S30,T49TCG,2018-03-10,2018069,032541,EPSG:32649,300000.0,4590240.0,409800.0,4700040.0,True
/home/ec2-user/ndvi_sqs_work/inner_mongolia/raw/HLS-VI.S30.T49TCH.2018069T032541.v2.0.NDVI.tif,HLS-VI.S30.T49TCH.2018069T032541.v2.0.NDVI.tif,S30,T49TCH,2018-03-10,2018069,032541,EPSG:32649,300000.0,4690200.0,409800.0,4800000.0,True
/home/ec2-user/ndvi_sqs_work/inner_mongolia/raw/HLS-VI.S30.T49TDE.2018069T032541.v2.0.NDVI.tif,HLS-VI.S30.T49TDE.2018069T032541.v2.0.NDVI.tif,S30,T49TDE,2018-03-10,2018069,032541,EPSG:32649,399960.0,4390200.0,509760.0,4500000.0,True
/home/ec2-user/ndvi_sqs_work/inner_mongolia/raw/HLS-VI.S30.T49TDF.2018069T032541.v2.0.NDVI.tif,HLS-VI.S30.T49TDF.2018069T032541.v2.0.NDVI.tif,S30,T49TDF,2018-03-10,2018069,032541,EPSG:32649,399960.0,4490220.0,509760.0,4600020.0,True
/home/ec2-user/ndvi_sqs_work/inner_mongolia/raw/HLS-VI.S30.T49TDG.2018069T032541.v2.0.NDVI.tif,HLS-VI.S30.T49TDG.2018069T032541.v2.0.NDVI.tif,S30,T49TDG,2018-03-10,2018069,032541,EPSG:32649,399960.0,4590240.0,509760.0,4700040.0,True
/home/ec2-user/ndvi_sqs_work/inner_mongolia/raw/HLS-VI.S30.T49TDH.2018069T032541.v2.0.NDVI.tif,HLS-VI.S30.T49TDH.2018069T032541.v2.0.NDVI.tif,S30,T49TDH,2018-03-10,2018069,032541,EPSG:32649,399960.0,4690200.0,509760.0,4800000.0,True
/home/ec2-user/ndvi_sqs_work/inner_mongolia/raw/HLS-VI.S30.T49TDJ.2018069T032541.v2.0.NDVI.tif,HLS-VI.S30.T49TDJ.2018069T032541.v2.0.NDVI.tif,S30,T49TDJ,2018-03-10,2018069,032541,EPSG:32649,399960.0,4790220.0,509760.0,4900020.0,True
/home/ec2-user/ndvi_sqs_work/inner_mongolia/raw/HLS-VI.S30.T49TEE.2018069T032541.v2.0.NDVI.tif,HLS-VI.S30.T49TEE.2018069T032541.v2.0.NDVI.tif,S30,T49TEE,2018-03-10,2018069,032541,EPSG:32649,499980.0,4390200.0,609780.0,4500000.0,True
/home/ec2-user/ndvi_sqs_work/inner_mongolia/raw/HLS-VI.S30.T49TEF.2018069T032541.v2.0.NDVI.tif,HLS-VI.S30.T49TEF.2018069T032541.v2.0.NDVI.tif,S30,T49TEF,2018-03-10,2018069,032541,EPSG:32649,499980.0,4490220.0,609780.0,4600020.0,True
/home/ec2-user/ndvi_sqs_work/inner_mongolia/raw/HLS-VI.S30.T49TEG.2018069T032541.v2.0.NDVI.tif,HLS-VI.S30.T49TEG.2018069T032541.v2.0.NDVI.tif,S30,T49TEG,2018-03-10,2018069,032541,EPSG:32649,499980.0,4590240.0,609780.0,4700040.0,True
/home/ec2-user/ndvi_sqs_work/inner_mongolia/raw/HLS-VI.S30.T49TEH.2018069T032541.v2.0.NDVI.tif,HLS-VI.S30.T49TEH.2018069T032541.v2.0.NDVI.tif,S30,T49TEH,2018-03-10,2018069,032541,EPSG:32649,499980.0,4690200.0,609780.0,4800000.0,True
/home/ec2-user/ndvi_sqs_work/inner_mongolia/raw/HLS-VI.S30.T49TEJ.2018069T032541.v2.0.NDVI.tif,HLS-VI.S30.T49TEJ.2018069T032541.v2.0.NDVI.tif,S30,T49TEJ,2018-03-10,2018069,032541,EPSG:32649,499980.0,4790220.0,609780.0,4900020.0,True
/home/ec2-user/ndvi_sqs_work/inner_mongolia/raw/HLS-VI.S30.T49TEK.2018069T032541.v2.0.NDVI.tif,HLS-VI.S30.T49TEK.2018069T032541.v2.0.NDVI.tif,S30,T49TEK,2018-03-10,2018069,032541,EPSG:32649,499980.0,4890240.0,609780.0,5000040.0,True
/home/ec2-user/ndvi_sqs_work/inner_mongolia/raw/HLS-VI.S30.T49TEL.2018069T032541.v2.0.NDVI.tif,HLS-VI.S30.T49TEL.2018069T032541.v2.0.NDVI.tif,S30,T49TEL,2018-03-10,2018069,032541,EPSG:32649,499980.0,4990200.0,609780.0,5100000.0,True
/home/ec2-user/ndvi_sqs_work/inner_mongolia/raw/HLS-VI.S30.T49TFG.2018069T032541.v2.0.NDVI.tif,HLS-VI.S30.T49TFG.2018069T032541.v2.0.NDVI.tif,S30,T49TFG,2018-03-10,2018069,032541,EPSG:32649,600000.0,4590240.0,709800.0,4700040.0,True
/home/ec2-user/ndvi_sqs_work/inner_mongolia/raw/HLS-VI.S30.T49TFH.2018069T032541.v2.0.NDVI.tif,HLS-VI.S30.T49TFH.2018069T032541.v2.0.NDVI.tif,S30,T49TFH,2018-03-10,2018069,032541,EPSG:32649,600000.0,4690200.0,709800.0,4800000.0,True
/home/ec2-user/ndvi_sqs_work/inner_mongolia/raw/HLS-VI.S30.T49TFJ.2018069T032541.v2.0.NDVI.tif,HLS-VI.S30.T49TFJ.2018069T032541.v2.0.NDVI.tif,S30,T49TFJ,2018-03-10,2018069,032541,EPSG:32649,600000.0,4790220.0,709800.0,4900020.0,True
/home/ec2-user/ndvi_sqs_work/inner_mongolia/raw/HLS-VI.S30.T49TFK.2018069T032541.v2.0.NDVI.tif,HLS-VI.S30.T49TFK.2018069T032541.v2.0.NDVI.tif,S30,T49TFK,2018-03-10,2018069,032541,EPSG:32649,600000.0,4890240.0,709800.0,5000040.0,True
/home/ec2-user/ndvi_sqs_work/inner_mongolia/raw/HLS-VI.S30.T49TGK.2018069T032541.v2.0.NDVI.tif,HLS-VI.S30.T49TGK.2018069T032541.v2.0.NDVI.tif,S30,T49TGK,2018-03-10,2018069,032541,EPSG:32649,699960.0,4890240.0,809760.0,5000040.0,True
/home/ec2-user/ndvi_sqs_work/inner_mongolia/raw/HLS-VI.S30.T49TGL.2018069T032541.v2.0.NDVI.tif,HLS-VI.S30.T49TGL.2018069T032541.v2.0.NDVI.tif,S30,T49TGL,2018-03-10,2018069,032541,EPSG:32649,699960.0,4990200.0,809760.0,5100000.0,True
/home/ec2-user/ndvi_sqs_work/inner_mongolia/raw/HLS-VI.S30.T51TVH.2018069T023539.v2.0.NDVI.tif,HLS-VI.S30.T51TVH.2018069T023539.v2.0.NDVI.tif,S30,T51TVH,2018-03-10,2018069,023539,EPSG:32651,399960.0,4690200.0,509760.0,4800000.0,True
/home/ec2-user/ndvi_sqs_work/inner_mongolia/raw/HLS-VI.S30.T51TWM.2018069T023539.v2.0.NDVI.tif,HLS-VI.S30.T51TWM.2018069T023539.v2.0.NDVI.tif,S30,T51TWM,2018-03-10,2018069,023539,EPSG:32651,499980.0,5090220.0,609780.0,5200020.0,True
/home/ec2-user/ndvi_sqs_work/inner_mongolia/raw/HLS-VI.S30.T51UXP.2018069T023539.v2.0.NDVI.tif,HLS-VI.S30.T51UXP.2018069T023539.v2.0.NDVI.tif,S30,T51UXP,2018-03-10,2018069,023539,EPSG:32651,600000.0,5290200.0,709800.0,5400000.0,True
/home/ec2-user/ndvi_sqs_work/inner_mongolia/raw/HLS-VI.S30.T51UXR.2018069T023539.v2.0.NDVI.tif,HLS-VI.S30.T51UXR.2018069T023539.v2.0.NDVI.tif,S30,T51UXR,2018-03-10,2018069,023539,EPSG:32651,600000.0,5490240.0,709800.0,5600040.0,True
/home/ec2-user/ndvi_sqs_work/inner_mongolia/raw/HLS-VI.S30.T51UXS.2018069T023539.v2.0.NDVI.tif,HLS-VI.S30.T51UXS.2018069T023539.v2.0.NDVI.tif,S30,T51UXS,2018-03-10,2018069,023539,EPSG:32651,600000.0,5590200.0,709800.0,5700000.0,True
/home/ec2-user/ndvi_sqs_work/inner_mongolia/raw/HLS-VI.S30.T51UXT.2018069T023539.v2.0.NDVI.tif,HLS-VI.S30.T51UXT.2018069T023539.v2.0.NDVI.tif,S30,T51UXT,2018-03-10,2018069,023539,EPSG:32651,600000.0,5690220.0,709800.0,5800020.0,True
/home/ec2-user/ndvi_sqs_work/inner_mongolia/raw/HLS-VI.S30.T51UYS.2018069T023539.v2.0.NDVI.tif,HLS-VI.S30.T51UYS.2018069T023539.v2.0.NDVI.tif,S30,T51UYS,2018-03-10,2018069,023539,EPSG:32651,699960.0,5590200.0,809760.0,5700000.0,True
/home/ec2-user/ndvi_sqs_work/inner_mongolia/raw/HLS-VI.S30.T48SUG.2018070T034539.v2.0.NDVI.tif,HLS-VI.S30.T48SUG.2018070T034539.v2.0.NDVI.tif,S30,T48SUG,2018-03-11,2018070,034539,EPSG:32648,300000.0,4090200.0,409800.0,4200000.0,True
/home/ec2-user/ndvi_sqs_work/inner_mongolia/raw/HLS-VI.S30.T48SVG.2018070T034539.v2.0.NDVI.tif,HLS-VI.S30.T48SVG.2018070T034539.v2.0.NDVI.tif,S30,T48SVG,2018-03-11,2018070,034539,EPSG:32648,399960.0,4090200.0,509760.0,4200000.0,True
/home/ec2-user/ndvi_sqs_work/inner_mongolia/raw/HLS-VI.S30.T48SWG.2018070T034539.v2.0.NDVI.tif,HLS-VI.S30.T48SWG.2018070T034539.v2.0.NDVI.tif,S30,T48SWG,2018-03-11,2018070,034539,EPSG:32648,499980.0,4090200.0,609780.0,4200000.0,True
/home/ec2-user/ndvi_sqs_work/inner_mongolia/raw/HLS-VI.S30.T48SWH.2018070T034539.v2.0.NDVI.tif,HLS-VI.S30.T48SWH.2018070T034539.v2.0.NDVI.tif,S30,T48SWH,2018-03-11,2018070,034539,EPSG:32648,499980.0,4190220.0,609780.0,4300020.0,True
/home/ec2-user/ndvi_sqs_work/inner_mongolia/raw/HLS-VI.S30.T48SXH.2018070T034539.v2.0.NDVI.tif,HLS-VI.S30.T48SXH.2018070T034539.v2.0.NDVI.tif,S30,T48SXH,2018-03-11,2018070,034539,EPSG:32648,600000.0,4190220.0,709800.0,4300020.0,True
/home/ec2-user/ndvi_sqs_work/inner_mongolia/raw/HLS-VI.S30.T48SXJ.2018070T034539.v2.0.NDVI.tif,HLS-VI.S30.T48SXJ.2018070T034539.v2.0.NDVI.tif,S30,T48SXJ,2018-03-11,2018070,034539,EPSG:32648,600000.0,4290240.0,709800.0,4400040.0,True
/home/ec2-user/ndvi_sqs_work/inner_mongolia/raw/HLS-VI.S30.T48TUK.2018070T034539.v2.0.NDVI.tif,HLS-VI.S30.T48TUK.2018070T034539.v2.0.NDVI.tif,S30,T48TUK,2018-03-11,2018070,034539,EPSG:32648,300000.0,4390200.0,409800.0,4500000.0,True
/home/ec2-user/ndvi_sqs_work/inner_mongolia/raw/HLS-VI.S30.T48TVK.2018070T034539.v2.0.NDVI.tif,HLS-VI.S30.T48TVK.2018070T034539.v2.0.NDVI.tif,S30,T48TVK,2018-03-11,2018070,034539,EPSG:32648,399960.0,4390200.0,509760.0,4500000.0,True
/home/ec2-user/ndvi_sqs_work/inner_mongolia/raw/HLS-VI.S30.T48TVM.2018070T034539.v2.0.NDVI.tif,HLS-VI.S30.T48TVM.2018070T034539.v2.0.NDVI.tif,S30,T48TVM,2018-03-11,2018070,034539,EPSG:32648,399960.0,4590240.0,509760.0,4700040.0,True
/home/ec2-user/ndvi_sqs_work/inner_mongolia/raw/HLS-VI.S30.T48TWK.2018070T034539.v2.0.NDVI.tif,HLS-VI.S30.T48TWK.2018070T034539.v2.0.NDVI.tif,S30,T48TWK,2018-03-11,2018070,034539,EPSG:32648,499980.0,4390200.0,609780.0,4500000.0,True
/home/ec2-user/ndvi_sqs_work/inner_mongolia/raw/HLS-VI.S30.T48TWL.2018070T034539.v2.0.NDVI.tif,HLS-VI.S30.T48TWL.2018070T034539.v2.0.NDVI.tif,S30,T48TWL,2018-03-11,2018070,034539,EPSG:32648,499980.0,4490220.0,609780.0,4600020.0,True
/home/ec2-user/ndvi_sqs_work/inner_mongolia/raw/HLS-VI.S30.T48TWM.2018070T034539.v2.0.NDVI.tif,HLS-VI.S30.T48TWM.2018070T034539.v2.0.NDVI.tif,S30,T48TWM,2018-03-11,2018070,034539,EPSG:32648,499980.0,4590240.0,609780.0,4700040.0,True
/home/ec2-user/ndvi_sqs_work/inner_mongolia/raw/HLS-VI.S30.T48TXK.2018070T034539.v2.0.NDVI.tif,HLS-VI.S30.T48TXK.2018070T034539.v2.0.NDVI.tif,S30,T48TXK,2018-03-11,2018070,034539,EPSG:32648,600000.0,4390200.0,709800.0,4500000.0,True
/home/ec2-user/ndvi_sqs_work/inner_mongolia/raw/HLS-VI.S30.T48TXL.2018070T034539.v2.0.NDVI.tif,HLS-VI.S30.T48TXL.2018070T034539.v2.0.NDVI.tif,S30,T48TXL,2018-03-11,2018070,034539,EPSG:32648,600000.0,4490220.0,709800.0,4600020.0,True
/home/ec2-user/ndvi_sqs_work/inner_mongolia/raw/HLS-VI.S30.T48TXM.2018070T034539.v2.0.NDVI.tif,HLS-VI.S30.T48TXM.2018070T034539.v2.0.NDVI.tif,S30,T48TXM,2018-03-11,2018070,034539,EPSG:32648,600000.0,4590240.0,709800.0,4700040.0,True
/home/ec2-user/ndvi_sqs_work/inner_mongolia/raw/HLS-VI.S30.T48TXN.2018070T034539.v2.0.NDVI.tif,HLS-VI.S30.T48TXN.2018070T034539.v2.0.NDVI.tif,S30,T48TXN,2018-03-11,2018070,034539,EPSG:32648,600000.0,4690200.0,709800.0,4800000.0,True
/home/ec2-user/ndvi_sqs_work/inner_mongolia/raw/HLS-VI.S30.T48TYL.2018070T034539.v2.0.NDVI.tif,HLS-VI.S30.T48TYL.2018070T034539.v2.0.NDVI.tif,S30,T48TYL,2018-03-11,2018070,034539,EPSG:32648,699960.0,4490220.0,809760.0,4600020.0,True
/home/ec2-user/ndvi_sqs_work/inner_mongolia/raw/HLS-VI.S30.T48TYM.2018070T034539.v2.0.NDVI.tif,HLS-VI.S30.T48TYM.2018070T034539.v2.0.NDVI.tif,S30,T48TYM,2018-03-11,2018070,034539,EPSG:32648,699960.0,4590240.0,809760.0,4700040.0,True
/home/ec2-user/ndvi_sqs_work/inner_mongolia/raw/HLS-VI.S30.T48TYN.2018070T034539.v2.0.NDVI.tif,HLS-VI.S30.T48TYN.2018070T034539.v2.0.NDVI.tif,S30,T48TYN,2018-03-11,2018070,034539,EPSG:32648,699960.0,4690200.0,809760.0,4800000.0,True
/home/ec2-user/ndvi_sqs_work/inner_mongolia/raw/HLS-VI.S30.T49TBF.2018070T034539.v2.0.NDVI.tif,HLS-VI.S30.T49TBF.2018070T034539.v2.0.NDVI.tif,S30,T49TBF,2018-03-11,2018070,034539,EPSG:32649,199980.0,4490220.0,309780.0,4600020.0,True
/home/ec2-user/ndvi_sqs_work/inner_mongolia/raw/HLS-VI.S30.T49TBG.2018070T034539.v2.0.NDVI.tif,HLS-VI.S30.T49TBG.2018070T034539.v2.0.NDVI.tif,S30,T49TBG,2018-03-11,2018070,034539,EPSG:32649,199980.0,4590240.0,309780.0,4700040.0,True
/home/ec2-user/ndvi_sqs_work/inner_mongolia/raw/HLS-VI.S30.T50TNS.2018070T025541.v2.0.NDVI.tif,HLS-VI.S30.T50TNS.2018070T025541.v2.0.NDVI.tif,S30,T50TNS,2018-03-11,2018070,025541,EPSG:32650,499980.0,5090220.0,609780.0,5200020.0,True
/home/ec2-user/ndvi_sqs_work/inner_mongolia/raw/HLS-VI.S30.T50UQU.2018070T025541.v2.0.NDVI.tif,HLS-VI.S30.T50UQU.2018070T025541.v2.0.NDVI.tif,S30,T50UQU,2018-03-11,2018070,025541,EPSG:32650,699960.0,5290200.0,809760.0,5400000.0,True
/home/ec2-user/ndvi_sqs_work/inner_mongolia/raw/HLS-VI.S30.T51TVN.2018070T025541.v2.0.NDVI.tif,HLS-VI.S30.T51TVN.2018070T025541.v2.0.NDVI.tif,S30,T51TVN,2018-03-11,2018070,025541,EPSG:32651,399960.0,5190240.0,509760.0,5300040.0,True
/home/ec2-user/ndvi_sqs_work/inner_mongolia/raw/HLS-VI.S30.T51UWR.2018070T025541.v2.0.NDVI.tif,HLS-VI.S30.T51UWR.2018070T025541.v2.0.NDVI.tif,S30,T51UWR,2018-03-11,2018070,025541,EPSG:32651,499980.0,5490240.0,609780.0,5600040.0,True
/home/ec2-user/ndvi_sqs_work/inner_mongolia/raw/HLS-VI.S30.T51UWS.2018070T025541.v2.0.NDVI.tif,HLS-VI.S30.T51UWS.2018070T025541.v2.0.NDVI.tif,S30,T51UWS,2018-03-11,2018070,025541,EPSG:32651,499980.0,5590200.0,609780.0,5700000.0,True
/home/ec2-user/ndvi_sqs_work/inner_mongolia/raw/HLS-VI.S30.T47SPD.2018071T040551.v2.0.NDVI.tif,HLS-VI.S30.T47SPD.2018071T040551.v2.0.NDVI.tif,S30,T47SPD,2018-03-12,2018071,040551,EPSG:32647,600000.0,4290240.0,709800.0,4400040.0,True
/home/ec2-user/ndvi_sqs_work/inner_mongolia/raw/HLS-VI.S30.T47TMF.2018071T040551.v2.0.NDVI.tif,HLS-VI.S30.T47TMF.2018071T040551.v2.0.NDVI.tif,S30,T47TMF,2018-03-12,2018071,040551,EPSG:32647,399960.0,4490220.0,509760.0,4600020.0,True
/home/ec2-user/ndvi_sqs_work/inner_mongolia/raw/HLS-VI.S30.T47TNE.2018071T040551.v2.0.NDVI.tif,HLS-VI.S30.T47TNE.2018071T040551.v2.0.NDVI.tif,S30,T47TNE,2018-03-12,2018071,040551,EPSG:32647,499980.0,4390200.0,609780.0,4500000.0,True
/home/ec2-user/ndvi_sqs_work/inner_mongolia/raw/HLS-VI.S30.T47TNF.2018071T040551.v2.0.NDVI.tif,HLS-VI.S30.T47TNF.2018071T040551.v2.0.NDVI.tif,S30,T47TNF,2018-03-12,2018071,040551,EPSG:32647,499980.0,4490220.0,609780.0,4600020.0,True
/home/ec2-user/ndvi_sqs_work/inner_mongolia/raw/HLS-VI.S30.T47TNH.2018071T040551.v2.0.NDVI.tif,HLS-VI.S30.T47TNH.2018071T040551.v2.0.NDVI.tif,S30,T47TNH,2018-03-12,2018071,040551,EPSG:32647,499980.0,4690200.0,609780.0,4800000.0,True
/home/ec2-user/ndvi_sqs_work/inner_mongolia/raw/HLS-VI.S30.T47TPE.2018071T040551.v2.0.NDVI.tif,HLS-VI.S30.T47TPE.2018071T040551.v2.0.NDVI.tif,S30,T47TPE,2018-03-12,2018071,040551,EPSG:32647,600000.0,4390200.0,709800.0,4500000.0,True
/home/ec2-user/ndvi_sqs_work/inner_mongolia/raw/HLS-VI.S30.T47TPF.2018071T040551.v2.0.NDVI.tif,HLS-VI.S30.T47TPF.2018071T040551.v2.0.NDVI.tif,S30,T47TPF,2018-03-12,2018071,040551,EPSG:32647,600000.0,4490220.0,709800.0,4600020.0,True
/home/ec2-user/ndvi_sqs_work/inner_mongolia/raw/HLS-VI.S30.T47TQE.2018071T040551.v2.0.NDVI.tif,HLS-VI.S30.T47TQE.2018071T040551.v2.0.NDVI.tif,S30,T47TQE,2018-03-12,2018071,040551,EPSG:32647,699960.0,4390200.0,809760.0,4500000.0,True
/home/ec2-user/ndvi_sqs_work/inner_mongolia/raw/HLS-VI.S30.T48TTK.2018071T040551.v2.0.NDVI.tif,HLS-VI.S30.T48TTK.2018071T040551.v2.0.NDVI.tif,S30,T48TTK,2018-03-12,2018071,040551,EPSG:32648,199980.0,4390200.0,309780.0,4500000.0,True
/home/ec2-user/ndvi_sqs_work/inner_mongolia/raw/HLS-VI.S30.T49TEH.2018071T031529.v2.0.NDVI.tif,HLS-VI.S30.T49TEH.2018071T031529.v2.0.NDVI.tif,S30,T49TEH,2018-03-12,2018071,031529,EPSG:32649,499980.0,4690200.0,609780.0,4800000.0,True
/home/ec2-user/ndvi_sqs_work/inner_mongolia/raw/HLS-VI.S30.T49TFH.2018071T031529.v2.0.NDVI.tif,HLS-VI.S30.T49TFH.2018071T031529.v2.0.NDVI.tif,S30,T49TFH,2018-03-12,2018071,031529,EPSG:32649,600000.0,4690200.0,709800.0,4800000.0,True
/home/ec2-user/ndvi_sqs_work/inner_mongolia/raw/HLS-VI.S30.T49TGE.2018071T031529.v2.0.NDVI.tif,HLS-VI.S30.T49TGE.2018071T031529.v2.0.NDVI.tif,S30,T49TGE,2018-03-12,2018071,031529,EPSG:32649,699960.0,4390200.0,809760.0,4500000.0,True
/home/ec2-user/ndvi_sqs_work/inner_mongolia/raw/HLS-VI.S30.T50TKK.2018071T031529.v2.0.NDVI.tif,HLS-VI.S30.T50TKK.2018071T031529.v2.0.NDVI.tif,S30,T50TKK,2018-03-12,2018071,031529,EPSG:32650,199980.0,4390200.0,309780.0,4500000.0,True
/home/ec2-user/ndvi_sqs_work/inner_mongolia/raw/HLS-VI.S30.T50TLM.2018071T031529.v2.0.NDVI.tif,HLS-VI.S30.T50TLM.2018071T031529.v2.0.NDVI.tif,S30,T50TLM,2018-03-12,2018071,031529,EPSG:32650,300000.0,4590240.0,409800.0,4700040.0,True
/home/ec2-user/ndvi_sqs_work/inner_mongolia/raw/HLS-VI.S30.T50TMP.2018071T031529.v2.0.NDVI.tif,HLS-VI.S30.T50TMP.2018071T031529.v2.0.NDVI.tif,S30,T50TMP,2018-03-12,2018071,031529,EPSG:32650,399960.0,4790220.0,509760.0,4900020.0,True
/home/ec2-user/ndvi_sqs_work/inner_mongolia/raw/HLS-VI.S30.T48SWH.2018072T033531.v2.0.NDVI.tif,HLS-VI.S30.T48SWH.2018072T033531.v2.0.NDVI.tif,S30,T48SWH,2018-03-13,2018072,033531,EPSG:32648,499980.0,4190220.0,609780.0,4300020.0,True
/home/ec2-user/ndvi_sqs_work/inner_mongolia/raw/HLS-VI.S30.T48SWJ.2018072T033531.v2.0.NDVI.tif,HLS-VI.S30.T48SWJ.2018072T033531.v2.0.NDVI.tif,S30,T48SWJ,2018-03-13,2018072,033531,EPSG:32648,499980.0,4290240.0,609780.0,4400040.0,True
/home/ec2-user/ndvi_sqs_work/inner_mongolia/raw/HLS-VI.S30.T48SXJ.2018072T033531.v2.0.NDVI.tif,HLS-VI.S30.T48SXJ.2018072T033531.v2.0.NDVI.tif,S30,T48SXJ,2018-03-13,2018072,033531,EPSG:32648,600000.0,4290240.0,709800.0,4400040.0,True
/home/ec2-user/ndvi_sqs_work/inner_mongolia/raw/HLS-VI.S30.T48SYG.2018072T033531.v2.0.NDVI.tif,HLS-VI.S30.T48SYG.2018072T033531.v2.0.NDVI.tif,S30,T48SYG,2018-03-13,2018072,033531,EPSG:32648,699960.0,4090200.0,809760.0,4200000.0,True
/home/ec2-user/ndvi_sqs_work/inner_mongolia/raw/HLS-VI.S30.T49SBB.2018072T033531.v2.0.NDVI.tif,HLS-VI.S30.T49SBB.2018072T033531.v2.0.NDVI.tif,S30,T49SBB,2018-03-13,2018072,033531,EPSG:32649,199980.0,4090200.0,309780.0,4200000.0,True
/home/ec2-user/ndvi_sqs_work/inner_mongolia/raw/HLS-VI.S30.T49SBD.2018072T033531.v2.0.NDVI.tif,HLS-VI.S30.T49SBD.2018072T033531.v2.0.NDVI.tif,S30,T49SBD,2018-03-13,2018072,033531,EPSG:32649,199980.0,4290240.0,309780.0,4400040.0,True
/home/ec2-user/ndvi_sqs_work/inner_mongolia/raw/HLS-VI.S30.T49TBE.2018072T033531.v2.0.NDVI.tif,HLS-VI.S30.T49TBE.2018072T033531.v2.0.NDVI.tif,S30,T49TBE,2018-03-13,2018072,033531,EPSG:32649,199980.0,4390200.0,309780.0,4500000.0,True
/home/ec2-user/ndvi_sqs_work/inner_mongolia/raw/HLS-VI.S30.T49TCE.2018072T033531.v2.0.NDVI.tif,HLS-VI.S30.T49TCE.2018072T033531.v2.0.NDVI.tif,S30,T49TCE,2018-03-13,2018072,033531,EPSG:32649,300000.0,4390200.0,409800.0,4500000.0,True
/home/ec2-user/ndvi_sqs_work/inner_mongolia/raw/HLS-VI.S30.T50TQQ.2018072T024539.v2.0.NDVI.tif,HLS-VI.S30.T50TQQ.2018072T024539.v2.0.NDVI.tif,S30,T50TQQ,2018-03-13,2018072,024539,EPSG:32650,699960.0,4890240.0,809760.0,5000040.0,True
/home/ec2-user/ndvi_sqs_work/inner_mongolia/raw/HLS-VI.S30.T51TUK.2018072T024539.v2.0.NDVI.tif,HLS-VI.S30.T51TUK.2018072T024539.v2.0.NDVI.tif,S30,T51TUK,2018-03-13,2018072,024539,EPSG:32651,300000.0,4890240.0,409800.0,5000040.0,True
/home/ec2-user/ndvi_sqs_work/inner_mongolia/raw/HLS-VI.S30.T48TUL.2018073T035529.v2.0.NDVI.tif,HLS-VI.S30.T48TUL.2018073T035529.v2.0.NDVI.tif,S30,T48TUL,2018-03-14,2018073,035529,EPSG:32648,300000.0,4490220.0,409800.0,4600020.0,True
/home/ec2-user/ndvi_sqs_work/inner_mongolia/raw/HLS-VI.S30.T48TVK.2018073T035529.v2.0.NDVI.tif,HLS-VI.S30.T48TVK.2018073T035529.v2.0.NDVI.tif,S30,T48TVK,2018-03-14,2018073,035529,EPSG:32648,399960.0,4390200.0,509760.0,4500000.0,True
/home/ec2-user/ndvi_sqs_work/inner_mongolia/raw/HLS-VI.S30.T48TVL.2018073T035529.v2.0.NDVI.tif,HLS-VI.S30.T48TVL.2018073T035529.v2.0.NDVI.tif,S30,T48TVL,2018-03-14,2018073,035529,EPSG:32648,399960.0,4490220.0,509760.0,4600020.0,True
/home/ec2-user/ndvi_sqs_work/inner_mongolia/raw/HLS-VI.S30.T48TVM.2018073T035529.v2.0.NDVI.tif,HLS-VI.S30.T48TVM.2018073T035529.v2.0.NDVI.tif,S30,T48TVM,2018-03-14,2018073,035529,EPSG:32648,399960.0,4590240.0,509760.0,4700040.0,True
/home/ec2-user/ndvi_sqs_work/inner_mongolia/raw/HLS-VI.S30.T48TWL.2018073T035529.v2.0.NDVI.tif,HLS-VI.S30.T48TWL.2018073T035529.v2.0.NDVI.tif,S30,T48TWL,2018-03-14,2018073,035529,EPSG:32648,499980.0,4490220.0,609780.0,4600020.0,True
/home/ec2-user/ndvi_sqs_work/inner_mongolia/raw/HLS-VI.S30.T48TWM.2018073T035529.v2.0.NDVI.tif,HLS-VI.S30.T48TWM.2018073T035529.v2.0.NDVI.tif,S30,T48TWM,2018-03-14,2018073,035529,EPSG:32648,499980.0,4590240.0,609780.0,4700040.0,True
/home/ec2-user/ndvi_sqs_work/inner_mongolia/raw/HLS-VI.S30.T49SBB.2018074T032529.v2.0.NDVI.tif,HLS-VI.S30.T49SBB.2018074T032529.v2.0.NDVI.tif,S30,T49SBB,2018-03-15,2018074,032529,EPSG:32649,199980.0,4090200.0,309780.0,4200000.0,True
/home/ec2-user/ndvi_sqs_work/inner_mongolia/raw/HLS-VI.S30.T49SCB.2018074T032529.v2.0.NDVI.tif,HLS-VI.S30.T49SCB.2018074T032529.v2.0.NDVI.tif,S30,T49SCB,2018-03-15,2018074,032529,EPSG:32649,300000.0,4090200.0,409800.0,4200000.0,True
/home/ec2-user/ndvi_sqs_work/inner_mongolia/raw/HLS-VI.S30.T49SCC.2018074T032529.v2.0.NDVI.tif,HLS-VI.S30.T49SCC.2018074T032529.v2.0.NDVI.tif,S30,T49SCC,2018-03-15,2018074,032529,EPSG:32649,300000.0,4190220.0,409800.0,4300020.0,True
/home/ec2-user/ndvi_sqs_work/inner_mongolia/raw/HLS-VI.S30.T51UWQ.2018074T023541.v2.0.NDVI.tif,HLS-VI.S30.T51UWQ.2018074T023541.v2.0.NDVI.tif,S30,T51UWQ,2018-03-15,2018074,023541,EPSG:32651,499980.0,5390220.0,609780.0,5500020.0,True
/home/ec2-user/ndvi_sqs_work/inner_mongolia/raw/HLS-VI.S30.T51UXQ.2018074T023541.v2.0.NDVI.tif,HLS-VI.S30.T51UXQ.2018074T023541.v2.0.NDVI.tif,S30,T51UXQ,2018-03-15,2018074,023541,EPSG:32651,600000.0,5390220.0,709800.0,5500020.0,True
/home/ec2-user/ndvi_sqs_work/inner_mongolia/raw/HLS-VI.S30.T50UPA.2018075T025539.v2.0.NDVI.tif,HLS-VI.S30.T50UPA.2018075T025539.v2.0.NDVI.tif,S30,T50UPA,2018-03-16,2018075,025539,EPSG:32650,600000.0,5490240.0,709800.0,5600040.0,True
/home/ec2-user/ndvi_sqs_work/inner_mongolia/raw/HLS-VI.S30.T50UPV.2018075T025539.v2.0.NDVI.tif,HLS-VI.S30.T50UPV.2018075T025539.v2.0.NDVI.tif,S30,T50UPV,2018-03-16,2018075,025539,EPSG:32650,600000.0,5390220.0,709800.0,5500020.0,True
/home/ec2-user/ndvi_sqs_work/inner_mongolia/raw/HLS-VI.S30.T50UQA.2018075T025539.v2.0.NDVI.tif,HLS-VI.S30.T50UQA.2018075T025539.v2.0.NDVI.tif,S30,T50UQA,2018-03-16,2018075,025539,EPSG:32650,699960.0,5490240.0,809760.0,5600040.0,True
/home/ec2-user/ndvi_sqs_work/inner_mongolia/raw/HLS-VI.S30.T50UQB.2018075T025539.v2.0.NDVI.tif,HLS-VI.S30.T50UQB.2018075T025539.v2.0.NDVI.tif,S30,T50UQB,2018-03-16,2018075,025539,EPSG:32650,699960.0,5590200.0,809760.0,5700000.0,True
/home/ec2-user/ndvi_sqs_work/inner_mongolia/raw/HLS-VI.S30.T50UQC.2018075T025539.v2.0.NDVI.tif,HLS-VI.S30.T50UQC.2018075T025539.v2.0.NDVI.tif,S30,T50UQC,2018-03-16,2018075,025539,EPSG:32650,699960.0,5690220.0,809760.0,5800020.0,True
/home/ec2-user/ndvi_sqs_work/inner_mongolia/raw/HLS-VI.S30.T50UQV.2018075T025539.v2.0.NDVI.tif,HLS-VI.S30.T50UQV.2018075T025539.v2.0.NDVI.tif,S30,T50UQV,2018-03-16,2018075,025539,EPSG:32650,699960.0,5390220.0,809760.0,5500020.0,True
/home/ec2-user/ndvi_sqs_work/inner_mongolia/raw/HLS-VI.S30.T51TVL.2018075T025539.v2.0.NDVI.tif,HLS-VI.S30.T51TVL.2018075T025539.v2.0.NDVI.tif,S30,T51TVL,2018-03-16,2018075,025539,EPSG:32651,399960.0,4990200.0,509760.0,5100000.0,True
/home/ec2-user/ndvi_sqs_work/inner_mongolia/raw/HLS-VI.S30.T51TVN.2018075T025539.v2.0.NDVI.tif,HLS-VI.S30.T51TVN.2018075T025539.v2.0.NDVI.tif,S30,T51TVN,2018-03-16,2018075,025539,EPSG:32651,399960.0,5190240.0,509760.0,5300040.0,True
/home/ec2-user/ndvi_sqs_work/inner_mongolia/raw/HLS-VI.S30.T51UUP.2018075T025539.v2.0.NDVI.tif,HLS-VI.S30.T51UUP.2018075T025539.v2.0.NDVI.tif,S30,T51UUP,2018-03-16,2018075,025539,EPSG:32651,300000.0,5290200.0,409800.0,5400000.0,True
/home/ec2-user/ndvi_sqs_work/inner_mongolia/raw/HLS-VI.S30.T51UUQ.2018075T025539.v2.0.NDVI.tif,HLS-VI.S30.T51UUQ.2018075T025539.v2.0.NDVI.tif,S30,T51UUQ,2018-03-16,2018075,025539,EPSG:32651,300000.0,5390220.0,409800.0,5500020.0,True
/home/ec2-user/ndvi_sqs_work/inner_mongolia/raw/HLS-VI.S30.T51UUR.2018075T025539.v2.0.NDVI.tif,HLS-VI.S30.T51UUR.2018075T025539.v2.0.NDVI.tif,S30,T51UUR,2018-03-16,2018075,025539,EPSG:32651,300000.0,5490240.0,409800.0,5600040.0,True
/home/ec2-user/ndvi_sqs_work/inner_mongolia/raw/HLS-VI.S30.T51UUS.2018075T025539.v2.0.NDVI.tif,HLS-VI.S30.T51UUS.2018075T025539.v2.0.NDVI.tif,S30,T51UUS,2018-03-16,2018075,025539,EPSG:32651,300000.0,5590200.0,409800.0,5700000.0,True
/home/ec2-user/ndvi_sqs_work/inner_mongolia/raw/HLS-VI.S30.T51UUT.2018075T025539.v2.0.NDVI.tif,HLS-VI.S30.T51UUT.2018075T025539.v2.0.NDVI.tif,S30,T51UUT,2018-03-16,2018075,025539,EPSG:32651,300000.0,5690220.0,409800.0,5800020.0,True
/home/ec2-user/ndvi_sqs_work/inner_mongolia/raw/HLS-VI.S30.T51UVS.2018075T025539.v2.0.NDVI.tif,HLS-VI.S30.T51UVS.2018075T025539.v2.0.NDVI.tif,S30,T51UVS,2018-03-16,2018075,025539,EPSG:32651,399960.0,5590200.0,509760.0,5700000.0,True
/home/ec2-user/ndvi_sqs_work/inner_mongolia/raw/HLS-VI.S30.T51UVT.2018075T025539.v2.0.NDVI.tif,HLS-VI.S30.T51UVT.2018075T025539.v2.0.NDVI.tif,S30,T51UVT,2018-03-16,2018075,025539,EPSG:32651,399960.0,5690220.0,509760.0,5800020.0,True
/home/ec2-user/ndvi_sqs_work/inner_mongolia/raw/HLS-VI.S30.T51UWQ.2018075T025539.v2.0.NDVI.tif,HLS-VI.S30.T51UWQ.2018075T025539.v2.0.NDVI.tif,S30,T51UWQ,2018-03-16,2018075,025539,EPSG:32651,499980.0,5390220.0,609780.0,5500020.0,True
/home/ec2-user/ndvi_sqs_work/inner_mongolia/raw/HLS-VI.S30.T51UWR.2018075T025539.v2.0.NDVI.tif,HLS-VI.S30.T51UWR.2018075T025539.v2.0.NDVI.tif,S30,T51UWR,2018-03-16,2018075,025539,EPSG:32651,499980.0,5490240.0,609780.0,5600040.0,True
/home/ec2-user/ndvi_sqs_work/inner_mongolia/raw/HLS-VI.S30.T51UWS.2018075T025539.v2.0.NDVI.tif,HLS-VI.S30.T51UWS.2018075T025539.v2.0.NDVI.tif,S30,T51UWS,2018-03-16,2018075,025539,EPSG:32651,499980.0,5590200.0,609780.0,5700000.0,True
/home/ec2-user/ndvi_sqs_work/inner_mongolia/raw/HLS-VI.S30.T51UWT.2018075T025539.v2.0.NDVI.tif,HLS-VI.S30.T51UWT.2018075T025539.v2.0.NDVI.tif,S30,T51UWT,2018-03-16,2018075,025539,EPSG:32651,499980.0,5690220.0,609780.0,5800020.0,True
/home/ec2-user/ndvi_sqs_work/inner_mongolia/raw/HLS-VI.S30.T51UXT.2018075T025539.v2.0.NDVI.tif,HLS-VI.S30.T51UXT.2018075T025539.v2.0.NDVI.tif,S30,T51UXT,2018-03-16,2018075,025539,EPSG:32651,600000.0,5690220.0,709800.0,5800020.0,True
/home/ec2-user/ndvi_sqs_work/inner_mongolia/raw/HLS-VI.S30.T49TFJ.2018076T031541.v2.0.NDVI.tif,HLS-VI.S30.T49TFJ.2018076T031541.v2.0.NDVI.tif,S30,T49TFJ,2018-03-17,2018076,031541,EPSG:32649,600000.0,4790220.0,709800.0,4900020.0,True
/home/ec2-user/ndvi_sqs_work/inner_mongolia/raw/HLS-VI.S30.T49TFK.2018076T031541.v2.0.NDVI.tif,HLS-VI.S30.T49TFK.2018076T031541.v2.0.NDVI.tif,S30,T49TFK,2018-03-17,2018076,031541,EPSG:32649,600000.0,4890240.0,709800.0,5000040.0,True
/home/ec2-user/ndvi_sqs_work/inner_mongolia/raw/HLS-VI.S30.T49TGJ.2018076T031541.v2.0.NDVI.tif,HLS-VI.S30.T49TGJ.2018076T031541.v2.0.NDVI.tif,S30,T49TGJ,2018-03-17,2018076,031541,EPSG:32649,699960.0,4790220.0,809760.0,4900020.0,True
/home/ec2-user/ndvi_sqs_work/inner_mongolia/raw/HLS-VI.S30.T49TGK.2018076T031541.v2.0.NDVI.tif,HLS-VI.S30.T49TGK.2018076T031541.v2.0.NDVI.tif,S30,T49TGK,2018-03-17,2018076,031541,EPSG:32649,699960.0,4890240.0,809760.0,5000040.0,True
/home/ec2-user/ndvi_sqs_work/inner_mongolia/raw/HLS-VI.S30.T49TGL.2018076T031541.v2.0.NDVI.tif,HLS-VI.S30.T49TGL.2018076T031541.v2.0.NDVI.tif,S30,T49TGL,2018-03-17,2018076,031541,EPSG:32649,699960.0,4990200.0,809760.0,5100000.0,True
/home/ec2-user/ndvi_sqs_work/inner_mongolia/raw/HLS-VI.S30.T50TLQ.2018076T031541.v2.0.NDVI.tif,HLS-VI.S30.T50TLQ.2018076T031541.v2.0.NDVI.tif,S30,T50TLQ,2018-03-17,2018076,031541,EPSG:32650,300000.0,4890240.0,409800.0,5000040.0,True
/home/ec2-user/ndvi_sqs_work/inner_mongolia/raw/HLS-VI.S30.T50TLR.2018076T031541.v2.0.NDVI.tif,HLS-VI.S30.T50TLR.2018076T031541.v2.0.NDVI.tif,S30,T50TLR,2018-03-17,2018076,031541,EPSG:32650,300000.0,4990200.0,409800.0,5100000.0,True
/home/ec2-user/ndvi_sqs_work/inner_mongolia/raw/HLS-VI.S30.T50TMS.2018076T031541.v2.0.NDVI.tif,HLS-VI.S30.T50TMS.2018076T031541.v2.0.NDVI.tif,S30,T50TMS,2018-03-17,2018076,031541,EPSG:32650,399960.0,5090220.0,509760.0,5200020.0,True
/home/ec2-user/ndvi_sqs_work/inner_mongolia/raw/HLS-VI.S30.T50TMT.2018076T031541.v2.0.NDVI.tif,HLS-VI.S30.T50TMT.2018076T031541.v2.0.NDVI.tif,S30,T50TMT,2018-03-17,2018076,031541,EPSG:32650,399960.0,5190240.0,509760.0,5300040.0,True
/home/ec2-user/ndvi_sqs_work/inner_mongolia/raw/HLS-VI.S30.T50TNT.2018076T031541.v2.0.NDVI.tif,HLS-VI.S30.T50TNT.2018076T031541.v2.0.NDVI.tif,S30,T50TNT,2018-03-17,2018076,031541,EPSG:32650,499980.0,5190240.0,609780.0,5300040.0,True
/home/ec2-user/ndvi_sqs_work/inner_mongolia/raw/HLS-VI.S30.T50UMA.2018076T031541.v2.0.NDVI.tif,HLS-VI.S30.T50UMA.2018076T031541.v2.0.NDVI.tif,S30,T50UMA,2018-03-17,2018076,031541,EPSG:32650,399960.0,5490240.0,509760.0,5600040.0,True
/home/ec2-user/ndvi_sqs_work/inner_mongolia/raw/HLS-VI.S30.T50UMU.2018076T031541.v2.0.NDVI.tif,HLS-VI.S30.T50UMU.2018076T031541.v2.0.NDVI.tif,S30,T50UMU,2018-03-17,2018076,031541,EPSG:32650,399960.0,5290200.0,509760.0,5400000.0,True
/home/ec2-user/ndvi_sqs_work/inner_mongolia/raw/HLS-VI.S30.T50UMV.2018076T031541.v2.0.NDVI.tif,HLS-VI.S30.T50UMV.2018076T031541.v2.0.NDVI.tif,S30,T50UMV,2018-03-17,2018076,031541,EPSG:32650,399960.0,5390220.0,509760.0,5500020.0,True
/home/ec2-user/ndvi_sqs_work/inner_mongolia/raw/HLS-VI.S30.T50UNU.2018076T031541.v2.0.NDVI.tif,HLS-VI.S30.T50UNU.2018076T031541.v2.0.NDVI.tif,S30,T50UNU,2018-03-17,2018076,031541,EPSG:32650,499980.0,5290200.0,609780.0,5400000.0,True
/home/ec2-user/ndvi_sqs_work/inner_mongolia/raw/HLS-VI.S30.T50UNV.2018076T031541.v2.0.NDVI.tif,HLS-VI.S30.T50UNV.2018076T031541.v2.0.NDVI.tif,S30,T50UNV,2018-03-17,2018076,031541,EPSG:32650,499980.0,5390220.0,609780.0,5500020.0,True
/home/ec2-user/ndvi_sqs_work/inner_mongolia/raw/HLS-VI.S30.T47TLG.2018077T042701.v2.0.NDVI.tif,HLS-VI.S30.T47TLG.2018077T042701.v2.0.NDVI.tif,S30,T47TLG,2018-03-18,2018077,042701,EPSG:32647,300000.0,4590240.0,409800.0,4700040.0,True
/home/ec2-user/ndvi_sqs_work/inner_mongolia/raw/HLS-VI.S30.T50TQQ.2018077T024541.v2.0.NDVI.tif,HLS-VI.S30.T50TQQ.2018077T024541.v2.0.NDVI.tif,S30,T50TQQ,2018-03-18,2018077,024541,EPSG:32650,699960.0,4890240.0,809760.0,5000040.0,True
/home/ec2-user/ndvi_sqs_work/inner_mongolia/raw/HLS-VI.S30.T50TQR.2018077T024541.v2.0.NDVI.tif,HLS-VI.S30.T50TQR.2018077T024541.v2.0.NDVI.tif,S30,T50TQR,2018-03-18,2018077,024541,EPSG:32650,699960.0,4990200.0,809760.0,5100000.0,True
/home/ec2-user/ndvi_sqs_work/inner_mongolia/raw/HLS-VI.S30.T51TUL.2018077T024541.v2.0.NDVI.tif,HLS-VI.S30.T51TUL.2018077T024541.v2.0.NDVI.tif,S30,T51TUL,2018-03-18,2018077,024541,EPSG:32651,300000.0,4990200.0,409800.0,5100000.0,True
/home/ec2-user/ndvi_sqs_work/inner_mongolia/raw/HLS-VI.S30.T51TVK.2018077T024541.v2.0.NDVI.tif,HLS-VI.S30.T51TVK.2018077T024541.v2.0.NDVI.tif,S30,T51TVK,2018-03-18,2018077,024541,EPSG:32651,399960.0,4890240.0,509760.0,5000040.0,True
/home/ec2-user/ndvi_sqs_work/inner_mongolia/raw/HLS-VI.S30.T50TLR.2018078T030539.v2.0.NDVI.tif,HLS-VI.S30.T50TLR.2018078T030539.v2.0.NDVI.tif,S30,T50TLR,2018-03-19,2018078,030539,EPSG:32650,300000.0,4990200.0,409800.0,5100000.0,True
/home/ec2-user/ndvi_sqs_work/inner_mongolia/raw/HLS-VI.S30.T50TMS.2018078T030539.v2.0.NDVI.tif,HLS-VI.S30.T50TMS.2018078T030539.v2.0.NDVI.tif,S30,T50TMS,2018-03-19,2018078,030539,EPSG:32650,399960.0,5090220.0,509760.0,5200020.0,True
/home/ec2-user/ndvi_sqs_work/inner_mongolia/raw/HLS-VI.S30.T50TNP.2018078T030539.v2.0.NDVI.tif,HLS-VI.S30.T50TNP.2018078T030539.v2.0.NDVI.tif,S30,T50TNP,2018-03-19,2018078,030539,EPSG:32650,499980.0,4790220.0,609780.0,4900020.0,True
/home/ec2-user/ndvi_sqs_work/inner_mongolia/raw/HLS-VI.S30.T50TNQ.2018078T030539.v2.0.NDVI.tif,HLS-VI.S30.T50TNQ.2018078T030539.v2.0.NDVI.tif,S30,T50TNQ,2018-03-19,2018078,030539,EPSG:32650,499980.0,4890240.0,609780.0,5000040.0,True
/home/ec2-user/ndvi_sqs_work/inner_mongolia/raw/HLS-VI.S30.T50TNS.2018078T030539.v2.0.NDVI.tif,HLS-VI.S30.T50TNS.2018078T030539.v2.0.NDVI.tif,S30,T50TNS,2018-03-19,2018078,030539,EPSG:32650,499980.0,5090220.0,609780.0,5200020.0,True
/home/ec2-user/ndvi_sqs_work/inner_mongolia/raw/HLS-VI.S30.T50TPP.2018078T030539.v2.0.NDVI.tif,HLS-VI.S30.T50TPP.2018078T030539.v2.0.NDVI.tif,S30,T50TPP,2018-03-19,2018078,030539,EPSG:32650,600000.0,4790220.0,709800.0,4900020.0,True
/home/ec2-user/ndvi_sqs_work/inner_mongolia/raw/HLS-VI.S30.T50TPQ.2018078T030539.v2.0.NDVI.tif,HLS-VI.S30.T50TPQ.2018078T030539.v2.0.NDVI.tif,S30,T50TPQ,2018-03-19,2018078,030539,EPSG:32650,600000.0,4890240.0,709800.0,5000040.0,True
/home/ec2-user/ndvi_sqs_work/inner_mongolia/raw/HLS-VI.S30.T50TPR.2018078T030539.v2.0.NDVI.tif,HLS-VI.S30.T50TPR.2018078T030539.v2.0.NDVI.tif,S30,T50TPR,2018-03-19,2018078,030539,EPSG:32650,600000.0,4990200.0,709800.0,5100000.0,True
/home/ec2-user/ndvi_sqs_work/inner_mongolia/raw/HLS-VI.S30.T50TPS.2018078T030539.v2.0.NDVI.tif,HLS-VI.S30.T50TPS.2018078T030539.v2.0.NDVI.tif,S30,T50TPS,2018-03-19,2018078,030539,EPSG:32650,600000.0,5090220.0,709800.0,5200020.0,True
/home/ec2-user/ndvi_sqs_work/inner_mongolia/raw/HLS-VI.S30.T50TQS.2018078T030539.v2.0.NDVI.tif,HLS-VI.S30.T50TQS.2018078T030539.v2.0.NDVI.tif,S30,T50TQS,2018-03-19,2018078,030539,EPSG:32650,699960.0,5090220.0,809760.0,5200020.0,True
/home/ec2-user/ndvi_sqs_work/inner_mongolia/raw/HLS-VI.S30.T50TQT.2018078T030539.v2.0.NDVI.tif,HLS-VI.S30.T50TQT.2018078T030539.v2.0.NDVI.tif,S30,T50TQT,2018-03-19,2018078,030539,EPSG:32650,699960.0,5190240.0,809760.0,5300040.0,True
/home/ec2-user/ndvi_sqs_work/inner_mongolia/raw/HLS-VI.S30.T50UQC.2018078T030539.v2.0.NDVI.tif,HLS-VI.S30.T50UQC.2018078T030539.v2.0.NDVI.tif,S30,T50UQC,2018-03-19,2018078,030539,EPSG:32650,699960.0,5690220.0,809760.0,5800020.0,True
/home/ec2-user/ndvi_sqs_work/inner_mongolia/raw/HLS-VI.S30.T50UQE.2018078T030539.v2.0.NDVI.tif,HLS-VI.S30.T50UQE.2018078T030539.v2.0.NDVI.tif,S30,T50UQE,2018-03-19,2018078,030539,EPSG:32650,699960.0,5890200.0,809760.0,6000000.0,True
/home/ec2-user/ndvi_sqs_work/inner_mongolia/raw/HLS-VI.S30.T51UUV.2018078T030539.v2.0.NDVI.tif,HLS-VI.S30.T51UUV.2018078T030539.v2.0.NDVI.tif,S30,T51UUV,2018-03-19,2018078,030539,EPSG:32651,300000.0,5890200.0,409800.0,6000000.0,True
/home/ec2-user/ndvi_sqs_work/inner_mongolia/raw/HLS-VI.S30.T51UVV.2018078T030539.v2.0.NDVI.tif,HLS-VI.S30.T51UVV.2018078T030539.v2.0.NDVI.tif,S30,T51UVV,2018-03-19,2018078,030539,EPSG:32651,399960.0,5890200.0,509760.0,6000000.0,True
/home/ec2-user/ndvi_sqs_work/inner_mongolia/raw/HLS-VI.S30.T47TNG.2018079T041539.v2.0.NDVI.tif,HLS-VI.S30.T47TNG.2018079T041539.v2.0.NDVI.tif,S30,T47TNG,2018-03-20,2018079,041539,EPSG:32647,499980.0,4590240.0,609780.0,4700040.0,True
/home/ec2-user/ndvi_sqs_work/inner_mongolia/raw/HLS-VI.S30.T49TGK.2018079T032531.v2.0.NDVI.tif,HLS-VI.S30.T49TGK.2018079T032531.v2.0.NDVI.tif,S30,T49TGK,2018-03-20,2018079,032531,EPSG:32649,699960.0,4890240.0,809760.0,5000040.0,True
/home/ec2-user/ndvi_sqs_work/inner_mongolia/raw/HLS-VI.S30.T49TGL.2018079T032531.v2.0.NDVI.tif,HLS-VI.S30.T49TGL.2018079T032531.v2.0.NDVI.tif,S30,T49TGL,2018-03-20,2018079,032531,EPSG:32649,699960.0,4990200.0,809760.0,5100000.0,True
/home/ec2-user/ndvi_sqs_work/inner_mongolia/raw/HLS-VI.S30.T51TVH.2018079T023539.v2.0.NDVI.tif,HLS-VI.S30.T51TVH.2018079T023539.v2.0.NDVI.tif,S30,T51TVH,2018-03-20,2018079,023539,EPSG:32651,399960.0,4690200.0,509760.0,4800000.0,True
/home/ec2-user/ndvi_sqs_work/inner_mongolia/raw/HLS-VI.S30.T51TVJ.2018079T023539.v2.0.NDVI.tif,HLS-VI.S30.T51TVJ.2018079T023539.v2.0.NDVI.tif,S30,T51TVJ,2018-03-20,2018079,023539,EPSG:32651,399960.0,4790220.0,509760.0,4900020.0,True
/home/ec2-user/ndvi_sqs_work/inner_mongolia/raw/HLS-VI.S30.T51TWH.2018079T023539.v2.0.NDVI.tif,HLS-VI.S30.T51TWH.2018079T023539.v2.0.NDVI.tif,S30,T51TWH,2018-03-20,2018079,023539,EPSG:32651,499980.0,4690200.0,609780.0,4800000.0,True
/home/ec2-user/ndvi_sqs_work/inner_mongolia/raw/HLS-VI.S30.T51TWJ.2018079T023539.v2.0.NDVI.tif,HLS-VI.S30.T51TWJ.2018079T023539.v2.0.NDVI.tif,S30,T51TWJ,2018-03-20,2018079,023539,EPSG:32651,499980.0,4790220.0,609780.0,4900020.0,True
/home/ec2-user/ndvi_sqs_work/inner_mongolia/raw/HLS-VI.S30.T51UWP.2018079T023539.v2.0.NDVI.tif,HLS-VI.S30.T51UWP.2018079T023539.v2.0.NDVI.tif,S30,T51UWP,2018-03-20,2018079,023539,EPSG:32651,499980.0,5290200.0,609780.0,5400000.0,True
/home/ec2-user/ndvi_sqs_work/inner_mongolia/raw/HLS-VI.S30.T51UXP.2018079T023539.v2.0.NDVI.tif,HLS-VI.S30.T51UXP.2018079T023539.v2.0.NDVI.tif,S30,T51UXP,2018-03-20,2018079,023539,EPSG:32651,600000.0,5290200.0,709800.0,5400000.0,True
/home/ec2-user/ndvi_sqs_work/inner_mongolia/raw/HLS-VI.S30.T51UXQ.2018079T023539.v2.0.NDVI.tif,HLS-VI.S30.T51UXQ.2018079T023539.v2.0.NDVI.tif,S30,T51UXQ,2018-03-20,2018079,023539,EPSG:32651,600000.0,5390220.0,709800.0,5500020.0,True
/home/ec2-user/ndvi_sqs_work/inner_mongolia/raw/HLS-VI.S30.T51UXR.2018079T023539.v2.0.NDVI.tif,HLS-VI.S30.T51UXR.2018079T023539.v2.0.NDVI.tif,S30,T51UXR,2018-03-20,2018079,023539,EPSG:32651,600000.0,5490240.0,709800.0,5600040.0,True
/home/ec2-user/ndvi_sqs_work/inner_mongolia/raw/HLS-VI.S30.T51UXS.2018079T023539.v2.0.NDVI.tif,HLS-VI.S30.T51UXS.2018079T023539.v2.0.NDVI.tif,S30,T51UXS,2018-03-20,2018079,023539,EPSG:32651,600000.0,5590200.0,709800.0,5700000.0,True
/home/ec2-user/ndvi_sqs_work/inner_mongolia/raw/HLS-VI.S30.T50TNQ.2018080T025541.v2.0.NDVI.tif,HLS-VI.S30.T50TNQ.2018080T025541.v2.0.NDVI.tif,S30,T50TNQ,2018-03-21,2018080,025541,EPSG:32650,499980.0,4890240.0,609780.0,5000040.0,True
/home/ec2-user/ndvi_sqs_work/inner_mongolia/raw/HLS-VI.S30.T50TNS.2018080T025541.v2.0.NDVI.tif,HLS-VI.S30.T50TNS.2018080T025541.v2.0.NDVI.tif,S30,T50TNS,2018-03-21,2018080,025541,EPSG:32650,499980.0,5090220.0,609780.0,5200020.0,True
/home/ec2-user/ndvi_sqs_work/inner_mongolia/raw/HLS-VI.S30.T50TPL.2018080T025541.v2.0.NDVI.tif,HLS-VI.S30.T50TPL.2018080T025541.v2.0.NDVI.tif,S30,T50TPL,2018-03-21,2018080,025541,EPSG:32650,600000.0,4490220.0,709800.0,4600020.0,True
/home/ec2-user/ndvi_sqs_work/inner_mongolia/raw/HLS-VI.S30.T50TPM.2018080T025541.v2.0.NDVI.tif,HLS-VI.S30.T50TPM.2018080T025541.v2.0.NDVI.tif,S30,T50TPM,2018-03-21,2018080,025541,EPSG:32650,600000.0,4590240.0,709800.0,4700040.0,True
/home/ec2-user/ndvi_sqs_work/inner_mongolia/raw/HLS-VI.S30.T50TPQ.2018080T025541.v2.0.NDVI.tif,HLS-VI.S30.T50TPQ.2018080T025541.v2.0.NDVI.tif,S30,T50TPQ,2018-03-21,2018080,025541,EPSG:32650,600000.0,4890240.0,709800.0,5000040.0,True
/home/ec2-user/ndvi_sqs_work/inner_mongolia/raw/HLS-VI.S30.T50TPR.2018080T025541.v2.0.NDVI.tif,HLS-VI.S30.T50TPR.2018080T025541.v2.0.NDVI.tif,S30,T50TPR,2018-03-21,2018080,025541,EPSG:32650,600000.0,4990200.0,709800.0,5100000.0,True
/home/ec2-user/ndvi_sqs_work/inner_mongolia/raw/HLS-VI.S30.T50TPS.2018080T025541.v2.0.NDVI.tif,HLS-VI.S30.T50TPS.2018080T025541.v2.0.NDVI.tif,S30,T50TPS,2018-03-21,2018080,025541,EPSG:32650,600000.0,5090220.0,709800.0,5200020.0,True
/home/ec2-user/ndvi_sqs_work/inner_mongolia/raw/HLS-VI.S30.T50TPT.2018080T025541.v2.0.NDVI.tif,HLS-VI.S30.T50TPT.2018080T025541.v2.0.NDVI.tif,S30,T50TPT,2018-03-21,2018080,025541,EPSG:32650,600000.0,5190240.0,709800.0,5300040.0,True
/home/ec2-user/ndvi_sqs_work/inner_mongolia/raw/HLS-VI.S30.T50TQM.2018080T025541.v2.0.NDVI.tif,HLS-VI.S30.T50TQM.2018080T025541.v2.0.NDVI.tif,S30,T50TQM,2018-03-21,2018080,025541,EPSG:32650,699960.0,4590240.0,809760.0,4700040.0,True
/home/ec2-user/ndvi_sqs_work/inner_mongolia/raw/HLS-VI.S30.T50TQN.2018080T025541.v2.0.NDVI.tif,HLS-VI.S30.T50TQN.2018080T025541.v2.0.NDVI.tif,S30,T50TQN,2018-03-21,2018080,025541,EPSG:32650,699960.0,4690200.0,809760.0,4800000.0,True
/home/ec2-user/ndvi_sqs_work/inner_mongolia/raw/HLS-VI.S30.T50TQP.2018080T025541.v2.0.NDVI.tif,HLS-VI.S30.T50TQP.2018080T025541.v2.0.NDVI.tif,S30,T50TQP,2018-03-21,2018080,025541,EPSG:32650,699960.0,4790220.0,809760.0,4900020.0,True
/home/ec2-user/ndvi_sqs_work/inner_mongolia/raw/HLS-VI.S30.T50TQQ.2018080T025541.v2.0.NDVI.tif,HLS-VI.S30.T50TQQ.2018080T025541.v2.0.NDVI.tif,S30,T50TQQ,2018-03-21,2018080,025541,EPSG:32650,699960.0,4890240.0,809760.0,5000040.0,True
/home/ec2-user/ndvi_sqs_work/inner_mongolia/raw/HLS-VI.S30.T50TQR.2018080T025541.v2.0.NDVI.tif,HLS-VI.S30.T50TQR.2018080T025541.v2.0.NDVI.tif,S30,T50TQR,2018-03-21,2018080,025541,EPSG:32650,699960.0,4990200.0,809760.0,5100000.0,True
/home/ec2-user/ndvi_sqs_work/inner_mongolia/raw/HLS-VI.S30.T50UPU.2018080T025541.v2.0.NDVI.tif,HLS-VI.S30.T50UPU.2018080T025541.v2.0.NDVI.tif,S30,T50UPU,2018-03-21,2018080,025541,EPSG:32650,600000.0,5290200.0,709800.0,5400000.0,True
/home/ec2-user/ndvi_sqs_work/inner_mongolia/raw/HLS-VI.S30.T50UQD.2018080T025541.v2.0.NDVI.tif,HLS-VI.S30.T50UQD.2018080T025541.v2.0.NDVI.tif,S30,T50UQD,2018-03-21,2018080,025541,EPSG:32650,699960.0,5790240.0,809760.0,5900040.0,True
/home/ec2-user/ndvi_sqs_work/inner_mongolia/raw/HLS-VI.S30.T50UQE.2018080T025541.v2.0.NDVI.tif,HLS-VI.S30.T50UQE.2018080T025541.v2.0.NDVI.tif,S30,T50UQE,2018-03-21,2018080,025541,EPSG:32650,699960.0,5890200.0,809760.0,6000000.0,True
/home/ec2-user/ndvi_sqs_work/inner_mongolia/raw/HLS-VI.S30.T50UQU.2018080T025541.v2.0.NDVI.tif,HLS-VI.S30.T50UQU.2018080T025541.v2.0.NDVI.tif,S30,T50UQU,2018-03-21,2018080,025541,EPSG:32650,699960.0,5290200.0,809760.0,5400000.0,True
/home/ec2-user/ndvi_sqs_work/inner_mongolia/raw/HLS-VI.S30.T51TTG.2018080T025541.v2.0.NDVI.tif,HLS-VI.S30.T51TTG.2018080T025541.v2.0.NDVI.tif,S30,T51TTG,2018-03-21,2018080,025541,EPSG:32651,199980.0,4590240.0,309780.0,4700040.0,True
/home/ec2-user/ndvi_sqs_work/inner_mongolia/raw/HLS-VI.S30.T51TUJ.2018080T025541.v2.0.NDVI.tif,HLS-VI.S30.T51TUJ.2018080T025541.v2.0.NDVI.tif,S30,T51TUJ,2018-03-21,2018080,025541,EPSG:32651,300000.0,4790220.0,409800.0,4900020.0,True
/home/ec2-user/ndvi_sqs_work/inner_mongolia/raw/HLS-VI.S30.T51TUK.2018080T025541.v2.0.NDVI.tif,HLS-VI.S30.T51TUK.2018080T025541.v2.0.NDVI.tif,S30,T51TUK,2018-03-21,2018080,025541,EPSG:32651,300000.0,4890240.0,409800.0,5000040.0,True
/home/ec2-user/ndvi_sqs_work/inner_mongolia/raw/HLS-VI.S30.T51TUL.2018080T025541.v2.0.NDVI.tif,HLS-VI.S30.T51TUL.2018080T025541.v2.0.NDVI.tif,S30,T51TUL,2018-03-21,2018080,025541,EPSG:32651,300000.0,4990200.0,409800.0,5100000.0,True
/home/ec2-user/ndvi_sqs_work/inner_mongolia/raw/HLS-VI.S30.T51TVM.2018080T025541.v2.0.NDVI.tif,HLS-VI.S30.T51TVM.2018080T025541.v2.0.NDVI.tif,S30,T51TVM,2018-03-21,2018080,025541,EPSG:32651,399960.0,5090220.0,509760.0,5200020.0,True
/home/ec2-user/ndvi_sqs_work/inner_mongolia/raw/HLS-VI.S30.T51UUP.2018080T025541.v2.0.NDVI.tif,HLS-VI.S30.T51UUP.2018080T025541.v2.0.NDVI.tif,S30,T51UUP,2018-03-21,2018080,025541,EPSG:32651,300000.0,5290200.0,409800.0,5400000.0,True
/home/ec2-user/ndvi_sqs_work/inner_mongolia/raw/HLS-VI.S30.T51UUQ.2018080T025541.v2.0.NDVI.tif,HLS-VI.S30.T51UUQ.2018080T025541.v2.0.NDVI.tif,S30,T51UUQ,2018-03-21,2018080,025541,EPSG:32651,300000.0,5390220.0,409800.0,5500020.0,True
/home/ec2-user/ndvi_sqs_work/inner_mongolia/raw/HLS-VI.S30.T51UUR.2018080T025541.v2.0.NDVI.tif,HLS-VI.S30.T51UUR.2018080T025541.v2.0.NDVI.tif,S30,T51UUR,2018-03-21,2018080,025541,EPSG:32651,300000.0,5490240.0,409800.0,5600040.0,True
/home/ec2-user/ndvi_sqs_work/inner_mongolia/raw/HLS-VI.S30.T51UUS.2018080T025541.v2.0.NDVI.tif,HLS-VI.S30.T51UUS.2018080T025541.v2.0.NDVI.tif,S30,T51UUS,2018-03-21,2018080,025541,EPSG:32651,300000.0,5590200.0,409800.0,5700000.0,True
/home/ec2-user/ndvi_sqs_work/inner_mongolia/raw/HLS-VI.S30.T51UUT.2018080T025541.v2.0.NDVI.tif,HLS-VI.S30.T51UUT.2018080T025541.v2.0.NDVI.tif,S30,T51UUT,2018-03-21,2018080,025541,EPSG:32651,300000.0,5690220.0,409800.0,5800020.0,True
/home/ec2-user/ndvi_sqs_work/inner_mongolia/raw/HLS-VI.S30.T51UUU.2018080T025541.v2.0.NDVI.tif,HLS-VI.S30.T51UUU.2018080T025541.v2.0.NDVI.tif,S30,T51UUU,2018-03-21,2018080,025541,EPSG:32651,300000.0,5790240.0,409800.0,5900040.0,True
/home/ec2-user/ndvi_sqs_work/inner_mongolia/raw/HLS-VI.S30.T51UUV.2018080T025541.v2.0.NDVI.tif,HLS-VI.S30.T51UUV.2018080T025541.v2.0.NDVI.tif,S30,T51UUV,2018-03-21,2018080,025541,EPSG:32651,300000.0,5890200.0,409800.0,6000000.0,True
/home/ec2-user/ndvi_sqs_work/inner_mongolia/raw/HLS-VI.S30.T51UVQ.2018080T025541.v2.0.NDVI.tif,HLS-VI.S30.T51UVQ.2018080T025541.v2.0.NDVI.tif,S30,T51UVQ,2018-03-21,2018080,025541,EPSG:32651,399960.0,5390220.0,509760.0,5500020.0,True
/home/ec2-user/ndvi_sqs_work/inner_mongolia/raw/HLS-VI.S30.T51UVR.2018080T025541.v2.0.NDVI.tif,HLS-VI.S30.T51UVR.2018080T025541.v2.0.NDVI.tif,S30,T51UVR,2018-03-21,2018080,025541,EPSG:32651,399960.0,5490240.0,509760.0,5600040.0,True
/home/ec2-user/ndvi_sqs_work/inner_mongolia/raw/HLS-VI.S30.T51UVS.2018080T025541.v2.0.NDVI.tif,HLS-VI.S30.T51UVS.2018080T025541.v2.0.NDVI.tif,S30,T51UVS,2018-03-21,2018080,025541,EPSG:32651,399960.0,5590200.0,509760.0,5700000.0,True
/home/ec2-user/ndvi_sqs_work/inner_mongolia/raw/HLS-VI.S30.T51UVT.2018080T025541.v2.0.NDVI.tif,HLS-VI.S30.T51UVT.2018080T025541.v2.0.NDVI.tif,S30,T51UVT,2018-03-21,2018080,025541,EPSG:32651,399960.0,5690220.0,509760.0,5800020.0,True
/home/ec2-user/ndvi_sqs_work/inner_mongolia/raw/HLS-VI.S30.T51UVU.2018080T025541.v2.0.NDVI.tif,HLS-VI.S30.T51UVU.2018080T025541.v2.0.NDVI.tif,S30,T51UVU,2018-03-21,2018080,025541,EPSG:32651,399960.0,5790240.0,509760.0,5900040.0,True
/home/ec2-user/ndvi_sqs_work/inner_mongolia/raw/HLS-VI.S30.T51UVV.2018080T025541.v2.0.NDVI.tif,HLS-VI.S30.T51UVV.2018080T025541.v2.0.NDVI.tif,S30,T51UVV,2018-03-21,2018080,025541,EPSG:32651,399960.0,5890200.0,509760.0,6000000.0,True
/home/ec2-user/ndvi_sqs_work/inner_mongolia/raw/HLS-VI.S30.T51UWQ.2018080T025541.v2.0.NDVI.tif,HLS-VI.S30.T51UWQ.2018080T025541.v2.0.NDVI.tif,S30,T51UWQ,2018-03-21,2018080,025541,EPSG:32651,499980.0,5390220.0,609780.0,5500020.0,True
/home/ec2-user/ndvi_sqs_work/inner_mongolia/raw/HLS-VI.S30.T51UWR.2018080T025541.v2.0.NDVI.tif,HLS-VI.S30.T51UWR.2018080T025541.v2.0.NDVI.tif,S30,T51UWR,2018-03-21,2018080,025541,EPSG:32651,499980.0,5490240.0,609780.0,5600040.0,True
/home/ec2-user/ndvi_sqs_work/inner_mongolia/raw/HLS-VI.S30.T51UWS.2018080T025541.v2.0.NDVI.tif,HLS-VI.S30.T51UWS.2018080T025541.v2.0.NDVI.tif,S30,T51UWS,2018-03-21,2018080,025541,EPSG:32651,499980.0,5590200.0,609780.0,5700000.0,True
/home/ec2-user/ndvi_sqs_work/inner_mongolia/raw/HLS-VI.S30.T51UWT.2018080T025541.v2.0.NDVI.tif,HLS-VI.S30.T51UWT.2018080T025541.v2.0.NDVI.tif,S30,T51UWT,2018-03-21,2018080,025541,EPSG:32651,499980.0,5690220.0,609780.0,5800020.0,True
/home/ec2-user/ndvi_sqs_work/inner_mongolia/raw/HLS-VI.S30.T51UXT.2018080T025541.v2.0.NDVI.tif,HLS-VI.S30.T51UXT.2018080T025541.v2.0.NDVI.tif,S30,T51UXT,2018-03-21,2018080,025541,EPSG:32651,600000.0,5690220.0,709800.0,5800020.0,True
/home/ec2-user/ndvi_sqs_work/inner_mongolia/raw/HLS-VI.S30.T47SPD.2018081T040701.v2.0.NDVI.tif,HLS-VI.S30.T47SPD.2018081T040701.v2.0.NDVI.tif,S30,T47SPD,2018-03-22,2018081,040701,EPSG:32647,600000.0,4290240.0,709800.0,4400040.0,True
/home/ec2-user/ndvi_sqs_work/inner_mongolia/raw/HLS-VI.S30.T47TMF.2018081T040701.v2.0.NDVI.tif,HLS-VI.S30.T47TMF.2018081T040701.v2.0.NDVI.tif,S30,T47TMF,2018-03-22,2018081,040701,EPSG:32647,399960.0,4490220.0,509760.0,4600020.0,True
/home/ec2-user/ndvi_sqs_work/inner_mongolia/raw/HLS-VI.S30.T47TNE.2018081T040701.v2.0.NDVI.tif,HLS-VI.S30.T47TNE.2018081T040701.v2.0.NDVI.tif,S30,T47TNE,2018-03-22,2018081,040701,EPSG:32647,499980.0,4390200.0,609780.0,4500000.0,True
/home/ec2-user/ndvi_sqs_work/inner_mongolia/raw/HLS-VI.S30.T47TNF.2018081T040701.v2.0.NDVI.tif,HLS-VI.S30.T47TNF.2018081T040701.v2.0.NDVI.tif,S30,T47TNF,2018-03-22,2018081,040701,EPSG:32647,499980.0,4490220.0,609780.0,4600020.0,True
/home/ec2-user/ndvi_sqs_work/inner_mongolia/raw/HLS-VI.S30.T47TPE.2018081T040701.v2.0.NDVI.tif,HLS-VI.S30.T47TPE.2018081T040701.v2.0.NDVI.tif,S30,T47TPE,2018-03-22,2018081,040701,EPSG:32647,600000.0,4390200.0,709800.0,4500000.0,True
/home/ec2-user/ndvi_sqs_work/inner_mongolia/raw/HLS-VI.S30.T49TFJ.2018081T031539.v2.0.NDVI.tif,HLS-VI.S30.T49TFJ.2018081T031539.v2.0.NDVI.tif,S30,T49TFJ,2018-03-22,2018081,031539,EPSG:32649,600000.0,4790220.0,709800.0,4900020.0,True
/home/ec2-user/ndvi_sqs_work/inner_mongolia/raw/HLS-VI.S30.T49TGH.2018081T031539.v2.0.NDVI.tif,HLS-VI.S30.T49TGH.2018081T031539.v2.0.NDVI.tif,S30,T49TGH,2018-03-22,2018081,031539,EPSG:32649,699960.0,4690200.0,809760.0,4800000.0,True
/home/ec2-user/ndvi_sqs_work/inner_mongolia/raw/HLS-VI.S30.T50TLM.2018081T031539.v2.0.NDVI.tif,HLS-VI.S30.T50TLM.2018081T031539.v2.0.NDVI.tif,S30,T50TLM,2018-03-22,2018081,031539,EPSG:32650,300000.0,4590240.0,409800.0,4700040.0,True
/home/ec2-user/ndvi_sqs_work/inner_mongolia/raw/HLS-VI.S30.T50TLN.2018081T031539.v2.0.NDVI.tif,HLS-VI.S30.T50TLN.2018081T031539.v2.0.NDVI.tif,S30,T50TLN,2018-03-22,2018081,031539,EPSG:32650,300000.0,4690200.0,409800.0,4800000.0,True
/home/ec2-user/ndvi_sqs_work/inner_mongolia/raw/HLS-VI.S30.T50UPV.2018081T031539.v2.0.NDVI.tif,HLS-VI.S30.T50UPV.2018081T031539.v2.0.NDVI.tif,S30,T50UPV,2018-03-22,2018081,031539,EPSG:32650,600000.0,5390220.0,709800.0,5500020.0,True
/home/ec2-user/ndvi_sqs_work/inner_mongolia/raw/HLS-VI.S30.T50UQD.2018081T031539.v2.0.NDVI.tif,HLS-VI.S30.T50UQD.2018081T031539.v2.0.NDVI.tif,S30,T50UQD,2018-03-22,2018081,031539,EPSG:32650,699960.0,5790240.0,809760.0,5900040.0,True
/home/ec2-user/ndvi_sqs_work/inner_mongolia/raw/HLS-VI.S30.T51UUU.2018081T031539.v2.0.NDVI.tif,HLS-VI.S30.T51UUU.2018081T031539.v2.0.NDVI.tif,S30,T51UUU,2018-03-22,2018081,031539,EPSG:32651,300000.0,5790240.0,409800.0,5900040.0,True
/home/ec2-user/ndvi_sqs_work/inner_mongolia/raw/HLS-VI.S30.T47TLF.2018082T042659.v2.0.NDVI.tif,HLS-VI.S30.T47TLF.2018082T042659.v2.0.NDVI.tif,S30,T47TLF,2018-03-23,2018082,042659,EPSG:32647,300000.0,4490220.0,409800.0,4600020.0,True
/home/ec2-user/ndvi_sqs_work/inner_mongolia/raw/HLS-VI.S30.T47TLG.2018082T042659.v2.0.NDVI.tif,HLS-VI.S30.T47TLG.2018082T042659.v2.0.NDVI.tif,S30,T47TLG,2018-03-23,2018082,042659,EPSG:32647,300000.0,4590240.0,409800.0,4700040.0,True
/home/ec2-user/ndvi_sqs_work/inner_mongolia/raw/HLS-VI.S30.T47TLH.2018082T042659.v2.0.NDVI.tif,HLS-VI.S30.T47TLH.2018082T042659.v2.0.NDVI.tif,S30,T47TLH,2018-03-23,2018082,042659,EPSG:32647,300000.0,4690200.0,409800.0,4800000.0,True
/home/ec2-user/ndvi_sqs_work/inner_mongolia/raw/HLS-VI.S30.T47TMG.2018082T042659.v2.0.NDVI.tif,HLS-VI.S30.T47TMG.2018082T042659.v2.0.NDVI.tif,S30,T47TMG,2018-03-23,2018082,042659,EPSG:32647,399960.0,4590240.0,509760.0,4700040.0,True
/home/ec2-user/ndvi_sqs_work/inner_mongolia/raw/HLS-VI.S30.T47TMH.2018082T042659.v2.0.NDVI.tif,HLS-VI.S30.T47TMH.2018082T042659.v2.0.NDVI.tif,S30,T47TMH,2018-03-23,2018082,042659,EPSG:32647,399960.0,4690200.0,509760.0,4800000.0,True
/home/ec2-user/ndvi_sqs_work/inner_mongolia/raw/HLS-VI.S30.T48TXK.2018082T033531.v2.0.NDVI.tif,HLS-VI.S30.T48TXK.2018082T033531.v2.0.NDVI.tif,S30,T48TXK,2018-03-23,2018082,033531,EPSG:32648,600000.0,4390200.0,709800.0,4500000.0,True
/home/ec2-user/ndvi_sqs_work/inner_mongolia/raw/HLS-VI.S30.T48TXL.2018082T033531.v2.0.NDVI.tif,HLS-VI.S30.T48TXL.2018082T033531.v2.0.NDVI.tif,S30,T48TXL,2018-03-23,2018082,033531,EPSG:32648,600000.0,4490220.0,709800.0,4600020.0,True
/home/ec2-user/ndvi_sqs_work/inner_mongolia/raw/HLS-VI.S30.T48TXN.2018082T033531.v2.0.NDVI.tif,HLS-VI.S30.T48TXN.2018082T033531.v2.0.NDVI.tif,S30,T48TXN,2018-03-23,2018082,033531,EPSG:32648,600000.0,4690200.0,709800.0,4800000.0,True
/home/ec2-user/ndvi_sqs_work/inner_mongolia/raw/HLS-VI.S30.T48TYL.2018082T033531.v2.0.NDVI.tif,HLS-VI.S30.T48TYL.2018082T033531.v2.0.NDVI.tif,S30,T48TYL,2018-03-23,2018082,033531,EPSG:32648,699960.0,4490220.0,809760.0,4600020.0,True
/home/ec2-user/ndvi_sqs_work/inner_mongolia/raw/HLS-VI.S30.T48TYM.2018082T033531.v2.0.NDVI.tif,HLS-VI.S30.T48TYM.2018082T033531.v2.0.NDVI.tif,S30,T48TYM,2018-03-23,2018082,033531,EPSG:32648,699960.0,4590240.0,809760.0,4700040.0,True
/home/ec2-user/ndvi_sqs_work/inner_mongolia/raw/HLS-VI.S30.T48TYN.2018082T033531.v2.0.NDVI.tif,HLS-VI.S30.T48TYN.2018082T033531.v2.0.NDVI.tif,S30,T48TYN,2018-03-23,2018082,033531,EPSG:32648,699960.0,4690200.0,809760.0,4800000.0,True
/home/ec2-user/ndvi_sqs_work/inner_mongolia/raw/HLS-VI.S30.T49TBE.2018082T033531.v2.0.NDVI.tif,HLS-VI.S30.T49TBE.2018082T033531.v2.0.NDVI.tif,S30,T49TBE,2018-03-23,2018082,033531,EPSG:32649,199980.0,4390200.0,309780.0,4500000.0,True
/home/ec2-user/ndvi_sqs_work/inner_mongolia/raw/HLS-VI.S30.T49TBF.2018082T033531.v2.0.NDVI.tif,HLS-VI.S30.T49TBF.2018082T033531.v2.0.NDVI.tif,S30,T49TBF,2018-03-23,2018082,033531,EPSG:32649,199980.0,4490220.0,309780.0,4600020.0,True
/home/ec2-user/ndvi_sqs_work/inner_mongolia/raw/HLS-VI.S30.T49TBG.2018082T033531.v2.0.NDVI.tif,HLS-VI.S30.T49TBG.2018082T033531.v2.0.NDVI.tif,S30,T49TBG,2018-03-23,2018082,033531,EPSG:32649,199980.0,4590240.0,309780.0,4700040.0,True
/home/ec2-user/ndvi_sqs_work/inner_mongolia/raw/HLS-VI.S30.T49TCE.2018082T033531.v2.0.NDVI.tif,HLS-VI.S30.T49TCE.2018082T033531.v2.0.NDVI.tif,S30,T49TCE,2018-03-23,2018082,033531,EPSG:32649,300000.0,4390200.0,409800.0,4500000.0,True
/home/ec2-user/ndvi_sqs_work/inner_mongolia/raw/HLS-VI.S30.T49TCG.2018082T033531.v2.0.NDVI.tif,HLS-VI.S30.T49TCG.2018082T033531.v2.0.NDVI.tif,S30,T49TCG,2018-03-23,2018082,033531,EPSG:32649,300000.0,4590240.0,409800.0,4700040.0,True
/home/ec2-user/ndvi_sqs_work/inner_mongolia/raw/HLS-VI.S30.T49TCH.2018082T033531.v2.0.NDVI.tif,HLS-VI.S30.T49TCH.2018082T033531.v2.0.NDVI.tif,S30,T49TCH,2018-03-23,2018082,033531,EPSG:32649,300000.0,4690200.0,409800.0,4800000.0,True
/home/ec2-user/ndvi_sqs_work/inner_mongolia/raw/HLS-VI.S30.T49TDG.2018082T033531.v2.0.NDVI.tif,HLS-VI.S30.T49TDG.2018082T033531.v2.0.NDVI.tif,S30,T49TDG,2018-03-23,2018082,033531,EPSG:32649,399960.0,4590240.0,509760.0,4700040.0,True
/home/ec2-user/ndvi_sqs_work/inner_mongolia/raw/HLS-VI.S30.T49TDH.2018082T033531.v2.0.NDVI.tif,HLS-VI.S30.T49TDH.2018082T033531.v2.0.NDVI.tif,S30,T49TDH,2018-03-23,2018082,033531,EPSG:32649,399960.0,4690200.0,509760.0,4800000.0,True
/home/ec2-user/ndvi_sqs_work/inner_mongolia/raw/HLS-VI.S30.T49TDJ.2018082T033531.v2.0.NDVI.tif,HLS-VI.S30.T49TDJ.2018082T033531.v2.0.NDVI.tif,S30,T49TDJ,2018-03-23,2018082,033531,EPSG:32649,399960.0,4790220.0,509760.0,4900020.0,True
/home/ec2-user/ndvi_sqs_work/inner_mongolia/raw/HLS-VI.S30.T50TQP.2018082T024539.v2.0.NDVI.tif,HLS-VI.S30.T50TQP.2018082T024539.v2.0.NDVI.tif,S30,T50TQP,2018-03-23,2018082,024539,EPSG:32650,699960.0,4790220.0,809760.0,4900020.0,True
/home/ec2-user/ndvi_sqs_work/inner_mongolia/raw/HLS-VI.S30.T50TQQ.2018082T024539.v2.0.NDVI.tif,HLS-VI.S30.T50TQQ.2018082T024539.v2.0.NDVI.tif,S30,T50TQQ,2018-03-23,2018082,024539,EPSG:32650,699960.0,4890240.0,809760.0,5000040.0,True
/home/ec2-user/ndvi_sqs_work/inner_mongolia/raw/HLS-VI.S30.T50TQR.2018082T024539.v2.0.NDVI.tif,HLS-VI.S30.T50TQR.2018082T024539.v2.0.NDVI.tif,S30,T50TQR,2018-03-23,2018082,024539,EPSG:32650,699960.0,4990200.0,809760.0,5100000.0,True
/home/ec2-user/ndvi_sqs_work/inner_mongolia/raw/HLS-VI.S30.T51TUK.2018082T024539.v2.0.NDVI.tif,HLS-VI.S30.T51TUK.2018082T024539.v2.0.NDVI.tif,S30,T51TUK,2018-03-23,2018082,024539,EPSG:32651,300000.0,4890240.0,409800.0,5000040.0,True
/home/ec2-user/ndvi_sqs_work/inner_mongolia/raw/HLS-VI.S30.T51TUL.2018082T024539.v2.0.NDVI.tif,HLS-VI.S30.T51TUL.2018082T024539.v2.0.NDVI.tif,S30,T51TUL,2018-03-23,2018082,024539,EPSG:32651,300000.0,4990200.0,409800.0,5100000.0,True
/home/ec2-user/ndvi_sqs_work/inner_mongolia/raw/HLS-VI.S30.T51TVM.2018082T024539.v2.0.NDVI.tif,HLS-VI.S30.T51TVM.2018082T024539.v2.0.NDVI.tif,S30,T51TVM,2018-03-23,2018082,024539,EPSG:32651,399960.0,5090220.0,509760.0,5200020.0,True
/home/ec2-user/ndvi_sqs_work/inner_mongolia/raw/HLS-VI.S30.T51UUP.2018082T024539.v2.0.NDVI.tif,HLS-VI.S30.T51UUP.2018082T024539.v2.0.NDVI.tif,S30,T51UUP,2018-03-23,2018082,024539,EPSG:32651,300000.0,5290200.0,409800.0,5400000.0,True
/home/ec2-user/ndvi_sqs_work/inner_mongolia/raw/HLS-VI.S30.T51UVP.2018082T024539.v2.0.NDVI.tif,HLS-VI.S30.T51UVP.2018082T024539.v2.0.NDVI.tif,S30,T51UVP,2018-03-23,2018082,024539,EPSG:32651,399960.0,5290200.0,509760.0,5400000.0,True
/home/ec2-user/ndvi_sqs_work/inner_mongolia/raw/HLS-VI.S30.T51UWQ.2018082T024539.v2.0.NDVI.tif,HLS-VI.S30.T51UWQ.2018082T024539.v2.0.NDVI.tif,S30,T51UWQ,2018-03-23,2018082,024539,EPSG:32651,499980.0,5390220.0,609780.0,5500020.0,True
/home/ec2-user/ndvi_sqs_work/inner_mongolia/raw/HLS-VI.S30.T51UWS.2018082T024539.v2.0.NDVI.tif,HLS-VI.S30.T51UWS.2018082T024539.v2.0.NDVI.tif,S30,T51UWS,2018-03-23,2018082,024539,EPSG:32651,499980.0,5590200.0,609780.0,5700000.0,True
/home/ec2-user/ndvi_sqs_work/inner_mongolia/raw/HLS-VI.S30.T47SQD.2018083T035529.v2.0.NDVI.tif,HLS-VI.S30.T47SQD.2018083T035529.v2.0.NDVI.tif,S30,T47SQD,2018-03-24,2018083,035529,EPSG:32647,699960.0,4290240.0,809760.0,4400040.0,True
/home/ec2-user/ndvi_sqs_work/inner_mongolia/raw/HLS-VI.S30.T48SUH.2018083T035529.v2.0.NDVI.tif,HLS-VI.S30.T48SUH.2018083T035529.v2.0.NDVI.tif,S30,T48SUH,2018-03-24,2018083,035529,EPSG:32648,300000.0,4190220.0,409800.0,4300020.0,True
/home/ec2-user/ndvi_sqs_work/inner_mongolia/raw/HLS-VI.S30.T48SVG.2018083T035529.v2.0.NDVI.tif,HLS-VI.S30.T48SVG.2018083T035529.v2.0.NDVI.tif,S30,T48SVG,2018-03-24,2018083,035529,EPSG:32648,399960.0,4090200.0,509760.0,4200000.0,True
/home/ec2-user/ndvi_sqs_work/inner_mongolia/raw/HLS-VI.S30.T48TUL.2018083T035529.v2.0.NDVI.tif,HLS-VI.S30.T48TUL.2018083T035529.v2.0.NDVI.tif,S30,T48TUL,2018-03-24,2018083,035529,EPSG:32648,300000.0,4490220.0,409800.0,4600020.0,True
/home/ec2-user/ndvi_sqs_work/inner_mongolia/raw/HLS-VI.S30.T48TUM.2018083T035529.v2.0.NDVI.tif,HLS-VI.S30.T48TUM.2018083T035529.v2.0.NDVI.tif,S30,T48TUM,2018-03-24,2018083,035529,EPSG:32648,300000.0,4590240.0,409800.0,4700040.0,True
/home/ec2-user/ndvi_sqs_work/inner_mongolia/raw/HLS-VI.S30.T48TVL.2018083T035529.v2.0.NDVI.tif,HLS-VI.S30.T48TVL.2018083T035529.v2.0.NDVI.tif,S30,T48TVL,2018-03-24,2018083,035529,EPSG:32648,399960.0,4490220.0,509760.0,4600020.0,True
/home/ec2-user/ndvi_sqs_work/inner_mongolia/raw/HLS-VI.S30.T48TVM.2018083T035529.v2.0.NDVI.tif,HLS-VI.S30.T48TVM.2018083T035529.v2.0.NDVI.tif,S30,T48TVM,2018-03-24,2018083,035529,EPSG:32648,399960.0,4590240.0,509760.0,4700040.0,True
/home/ec2-user/ndvi_sqs_work/inner_mongolia/raw/HLS-VI.S30.T48TWM.2018083T035529.v2.0.NDVI.tif,HLS-VI.S30.T48TWM.2018083T035529.v2.0.NDVI.tif,S30,T48TWM,2018-03-24,2018083,035529,EPSG:32648,499980.0,4590240.0,609780.0,4700040.0,True
/home/ec2-user/ndvi_sqs_work/inner_mongolia/raw/HLS-VI.S30.T49TGF.2018083T030541.v2.0.NDVI.tif,HLS-VI.S30.T49TGF.2018083T030541.v2.0.NDVI.tif,S30,T49TGF,2018-03-24,2018083,030541,EPSG:32649,699960.0,4490220.0,809760.0,4600020.0,True
/home/ec2-user/ndvi_sqs_work/inner_mongolia/raw/HLS-VI.S30.T49TGG.2018083T030541.v2.0.NDVI.tif,HLS-VI.S30.T49TGG.2018083T030541.v2.0.NDVI.tif,S30,T49TGG,2018-03-24,2018083,030541,EPSG:32649,699960.0,4590240.0,809760.0,4700040.0,True
/home/ec2-user/ndvi_sqs_work/inner_mongolia/raw/HLS-VI.S30.T50TKL.2018083T030541.v2.0.NDVI.tif,HLS-VI.S30.T50TKL.2018083T030541.v2.0.NDVI.tif,S30,T50TKL,2018-03-24,2018083,030541,EPSG:32650,199980.0,4490220.0,309780.0,4600020.0,True
/home/ec2-user/ndvi_sqs_work/inner_mongolia/raw/HLS-VI.S30.T50TLR.2018083T030541.v2.0.NDVI.tif,HLS-VI.S30.T50TLR.2018083T030541.v2.0.NDVI.tif,S30,T50TLR,2018-03-24,2018083,030541,EPSG:32650,300000.0,4990200.0,409800.0,5100000.0,True
/home/ec2-user/ndvi_sqs_work/inner_mongolia/raw/HLS-VI.S30.T50TMS.2018083T030541.v2.0.NDVI.tif,HLS-VI.S30.T50TMS.2018083T030541.v2.0.NDVI.tif,S30,T50TMS,2018-03-24,2018083,030541,EPSG:32650,399960.0,5090220.0,509760.0,5200020.0,True
/home/ec2-user/ndvi_sqs_work/inner_mongolia/raw/HLS-VI.S30.T50TMT.2018083T030541.v2.0.NDVI.tif,HLS-VI.S30.T50TMT.2018083T030541.v2.0.NDVI.tif,S30,T50TMT,2018-03-24,2018083,030541,EPSG:32650,399960.0,5190240.0,509760.0,5300040.0,True
/home/ec2-user/ndvi_sqs_work/inner_mongolia/raw/HLS-VI.S30.T50TNQ.2018083T030541.v2.0.NDVI.tif,HLS-VI.S30.T50TNQ.2018083T030541.v2.0.NDVI.tif,S30,T50TNQ,2018-03-24,2018083,030541,EPSG:32650,499980.0,4890240.0,609780.0,5000040.0,True
/home/ec2-user/ndvi_sqs_work/inner_mongolia/raw/HLS-VI.S30.T50TNS.2018083T030541.v2.0.NDVI.tif,HLS-VI.S30.T50TNS.2018083T030541.v2.0.NDVI.tif,S30,T50TNS,2018-03-24,2018083,030541,EPSG:32650,499980.0,5090220.0,609780.0,5200020.0,True
/home/ec2-user/ndvi_sqs_work/inner_mongolia/raw/HLS-VI.S30.T50TNT.2018083T030541.v2.0.NDVI.tif,HLS-VI.S30.T50TNT.2018083T030541.v2.0.NDVI.tif,S30,T50TNT,2018-03-24,2018083,030541,EPSG:32650,499980.0,5190240.0,609780.0,5300040.0,True
/home/ec2-user/ndvi_sqs_work/inner_mongolia/raw/HLS-VI.S30.T50TPQ.2018083T030541.v2.0.NDVI.tif,HLS-VI.S30.T50TPQ.2018083T030541.v2.0.NDVI.tif,S30,T50TPQ,2018-03-24,2018083,030541,EPSG:32650,600000.0,4890240.0,709800.0,5000040.0,True
/home/ec2-user/ndvi_sqs_work/inner_mongolia/raw/HLS-VI.S30.T50TPS.2018083T030541.v2.0.NDVI.tif,HLS-VI.S30.T50TPS.2018083T030541.v2.0.NDVI.tif,S30,T50TPS,2018-03-24,2018083,030541,EPSG:32650,600000.0,5090220.0,709800.0,5200020.0,True
/home/ec2-user/ndvi_sqs_work/inner_mongolia/raw/HLS-VI.S30.T50TPT.2018083T030541.v2.0.NDVI.tif,HLS-VI.S30.T50TPT.2018083T030541.v2.0.NDVI.tif,S30,T50TPT,2018-03-24,2018083,030541,EPSG:32650,600000.0,5190240.0,709800.0,5300040.0,True
/home/ec2-user/ndvi_sqs_work/inner_mongolia/raw/HLS-VI.S30.T50TQT.2018083T030541.v2.0.NDVI.tif,HLS-VI.S30.T50TQT.2018083T030541.v2.0.NDVI.tif,S30,T50TQT,2018-03-24,2018083,030541,EPSG:32650,699960.0,5190240.0,809760.0,5300040.0,True
/home/ec2-user/ndvi_sqs_work/inner_mongolia/raw/HLS-VI.S30.T50UNU.2018083T030541.v2.0.NDVI.tif,HLS-VI.S30.T50UNU.2018083T030541.v2.0.NDVI.tif,S30,T50UNU,2018-03-24,2018083,030541,EPSG:32650,499980.0,5290200.0,609780.0,5400000.0,True
/home/ec2-user/ndvi_sqs_work/inner_mongolia/raw/HLS-VI.S30.T50UPU.2018083T030541.v2.0.NDVI.tif,HLS-VI.S30.T50UPU.2018083T030541.v2.0.NDVI.tif,S30,T50UPU,2018-03-24,2018083,030541,EPSG:32650,600000.0,5290200.0,709800.0,5400000.0,True
/home/ec2-user/ndvi_sqs_work/inner_mongolia/raw/HLS-VI.S30.T50UQU.2018083T030541.v2.0.NDVI.tif,HLS-VI.S30.T50UQU.2018083T030541.v2.0.NDVI.tif,S30,T50UQU,2018-03-24,2018083,030541,EPSG:32650,699960.0,5290200.0,809760.0,5400000.0,True
/home/ec2-user/ndvi_sqs_work/inner_mongolia/raw/HLS-VI.S30.T51UVT.2018083T030541.v2.0.NDVI.tif,HLS-VI.S30.T51UVT.2018083T030541.v2.0.NDVI.tif,S30,T51UVT,2018-03-24,2018083,030541,EPSG:32651,399960.0,5690220.0,509760.0,5800020.0,True
/home/ec2-user/ndvi_sqs_work/inner_mongolia/raw/HLS-VI.S30.T49SDC.2018084T032529.v2.0.NDVI.tif,HLS-VI.S30.T49SDC.2018084T032529.v2.0.NDVI.tif,S30,T49SDC,2018-03-25,2018084,032529,EPSG:32649,399960.0,4190220.0,509760.0,4300020.0,True
/home/ec2-user/ndvi_sqs_work/inner_mongolia/raw/HLS-VI.S30.T49TCF.2018084T032529.v2.0.NDVI.tif,HLS-VI.S30.T49TCF.2018084T032529.v2.0.NDVI.tif,S30,T49TCF,2018-03-25,2018084,032529,EPSG:32649,300000.0,4490220.0,409800.0,4600020.0,True
/home/ec2-user/ndvi_sqs_work/inner_mongolia/raw/HLS-VI.S30.T49TCG.2018084T032529.v2.0.NDVI.tif,HLS-VI.S30.T49TCG.2018084T032529.v2.0.NDVI.tif,S30,T49TCG,2018-03-25,2018084,032529,EPSG:32649,300000.0,4590240.0,409800.0,4700040.0,True
/home/ec2-user/ndvi_sqs_work/inner_mongolia/raw/HLS-VI.S30.T49TDG.2018084T032529.v2.0.NDVI.tif,HLS-VI.S30.T49TDG.2018084T032529.v2.0.NDVI.tif,S30,T49TDG,2018-03-25,2018084,032529,EPSG:32649,399960.0,4590240.0,509760.0,4700040.0,True
/home/ec2-user/ndvi_sqs_work/inner_mongolia/raw/HLS-VI.S30.T49TDH.2018084T032529.v2.0.NDVI.tif,HLS-VI.S30.T49TDH.2018084T032529.v2.0.NDVI.tif,S30,T49TDH,2018-03-25,2018084,032529,EPSG:32649,399960.0,4690200.0,509760.0,4800000.0,True
/home/ec2-user/ndvi_sqs_work/inner_mongolia/raw/HLS-VI.S30.T49TDJ.2018084T032529.v2.0.NDVI.tif,HLS-VI.S30.T49TDJ.2018084T032529.v2.0.NDVI.tif,S30,T49TDJ,2018-03-25,2018084,032529,EPSG:32649,399960.0,4790220.0,509760.0,4900020.0,True
/home/ec2-user/ndvi_sqs_work/inner_mongolia/raw/HLS-VI.S30.T49TEE.2018084T032529.v2.0.NDVI.tif,HLS-VI.S30.T49TEE.2018084T032529.v2.0.NDVI.tif,S30,T49TEE,2018-03-25,2018084,032529,EPSG:32649,499980.0,4390200.0,609780.0,4500000.0,True
/home/ec2-user/ndvi_sqs_work/inner_mongolia/raw/HLS-VI.S30.T49TEH.2018084T032529.v2.0.NDVI.tif,HLS-VI.S30.T49TEH.2018084T032529.v2.0.NDVI.tif,S30,T49TEH,2018-03-25,2018084,032529,EPSG:32649,499980.0,4690200.0,609780.0,4800000.0,True
/home/ec2-user/ndvi_sqs_work/inner_mongolia/raw/HLS-VI.S30.T49TEJ.2018084T032529.v2.0.NDVI.tif,HLS-VI.S30.T49TEJ.2018084T032529.v2.0.NDVI.tif,S30,T49TEJ,2018-03-25,2018084,032529,EPSG:32649,499980.0,4790220.0,609780.0,4900020.0,True
/home/ec2-user/ndvi_sqs_work/inner_mongolia/raw/HLS-VI.S30.T49TEK.2018084T032529.v2.0.NDVI.tif,HLS-VI.S30.T49TEK.2018084T032529.v2.0.NDVI.tif,S30,T49TEK,2018-03-25,2018084,032529,EPSG:32649,499980.0,4890240.0,609780.0,5000040.0,True
/home/ec2-user/ndvi_sqs_work/inner_mongolia/raw/HLS-VI.S30.T49TEL.2018084T032529.v2.0.NDVI.tif,HLS-VI.S30.T49TEL.2018084T032529.v2.0.NDVI.tif,S30,T49TEL,2018-03-25,2018084,032529,EPSG:32649,499980.0,4990200.0,609780.0,5100000.0,True
/home/ec2-user/ndvi_sqs_work/inner_mongolia/raw/HLS-VI.S30.T49TFE.2018084T032529.v2.0.NDVI.tif,HLS-VI.S30.T49TFE.2018084T032529.v2.0.NDVI.tif,S30,T49TFE,2018-03-25,2018084,032529,EPSG:32649,600000.0,4390200.0,709800.0,4500000.0,True
/home/ec2-user/ndvi_sqs_work/inner_mongolia/raw/HLS-VI.S30.T49TFJ.2018084T032529.v2.0.NDVI.tif,HLS-VI.S30.T49TFJ.2018084T032529.v2.0.NDVI.tif,S30,T49TFJ,2018-03-25,2018084,032529,EPSG:32649,600000.0,4790220.0,709800.0,4900020.0,True
/home/ec2-user/ndvi_sqs_work/inner_mongolia/raw/HLS-VI.S30.T49TFK.2018084T032529.v2.0.NDVI.tif,HLS-VI.S30.T49TFK.2018084T032529.v2.0.NDVI.tif,S30,T49TFK,2018-03-25,2018084,032529,EPSG:32649,600000.0,4890240.0,709800.0,5000040.0,True
/home/ec2-user/ndvi_sqs_work/inner_mongolia/raw/HLS-VI.S30.T49TGJ.2018084T032529.v2.0.NDVI.tif,HLS-VI.S30.T49TGJ.2018084T032529.v2.0.NDVI.tif,S30,T49TGJ,2018-03-25,2018084,032529,EPSG:32649,699960.0,4790220.0,809760.0,4900020.0,True
/home/ec2-user/ndvi_sqs_work/inner_mongolia/raw/HLS-VI.S30.T49TGK.2018084T032529.v2.0.NDVI.tif,HLS-VI.S30.T49TGK.2018084T032529.v2.0.NDVI.tif,S30,T49TGK,2018-03-25,2018084,032529,EPSG:32649,699960.0,4890240.0,809760.0,5000040.0,True
/home/ec2-user/ndvi_sqs_work/inner_mongolia/raw/HLS-VI.S30.T49TGL.2018084T032529.v2.0.NDVI.tif,HLS-VI.S30.T49TGL.2018084T032529.v2.0.NDVI.tif,S30,T49TGL,2018-03-25,2018084,032529,EPSG:32649,699960.0,4990200.0,809760.0,5100000.0,True
/home/ec2-user/ndvi_sqs_work/inner_mongolia/raw/HLS-VI.S30.T51TVJ.2018084T023651.v2.0.NDVI.tif,HLS-VI.S30.T51TVJ.2018084T023651.v2.0.NDVI.tif,S30,T51TVJ,2018-03-25,2018084,023651,EPSG:32651,399960.0,4790220.0,509760.0,4900020.0,True
/home/ec2-user/ndvi_sqs_work/inner_mongolia/raw/HLS-VI.S30.T51TWJ.2018084T023651.v2.0.NDVI.tif,HLS-VI.S30.T51TWJ.2018084T023651.v2.0.NDVI.tif,S30,T51TWJ,2018-03-25,2018084,023651,EPSG:32651,499980.0,4790220.0,609780.0,4900020.0,True
/home/ec2-user/ndvi_sqs_work/inner_mongolia/raw/HLS-VI.S30.T51TWK.2018084T023651.v2.0.NDVI.tif,HLS-VI.S30.T51TWK.2018084T023651.v2.0.NDVI.tif,S30,T51TWK,2018-03-25,2018084,023651,EPSG:32651,499980.0,4890240.0,609780.0,5000040.0,True
/home/ec2-user/ndvi_sqs_work/inner_mongolia/raw/HLS-VI.S30.T51TWM.2018084T023651.v2.0.NDVI.tif,HLS-VI.S30.T51TWM.2018084T023651.v2.0.NDVI.tif,S30,T51TWM,2018-03-25,2018084,023651,EPSG:32651,499980.0,5090220.0,609780.0,5200020.0,True
/home/ec2-user/ndvi_sqs_work/inner_mongolia/raw/HLS-VI.S30.T51UWQ.2018084T023651.v2.0.NDVI.tif,HLS-VI.S30.T51UWQ.2018084T023651.v2.0.NDVI.tif,S30,T51UWQ,2018-03-25,2018084,023651,EPSG:32651,499980.0,5390220.0,609780.0,5500020.0,True
/home/ec2-user/ndvi_sqs_work/inner_mongolia/raw/HLS-VI.S30.T51UXT.2018085T025539.v2.0.NDVI.tif,HLS-VI.S30.T51UXT.2018085T025539.v2.0.NDVI.tif,S30,T51UXT,2018-03-26,2018085,025539,EPSG:32651,600000.0,5690220.0,709800.0,5800020.0,True
/home/ec2-user/ndvi_sqs_work/inner_mongolia/raw/HLS-VI.S30.T47TLH.2018087T042701.v2.0.NDVI.tif,HLS-VI.S30.T47TLH.2018087T042701.v2.0.NDVI.tif,S30,T47TLH,2018-03-28,2018087,042701,EPSG:32647,300000.0,4690200.0,409800.0,4800000.0,True
/home/ec2-user/ndvi_sqs_work/inner_mongolia/raw/HLS-VI.S30.T48TYM.2018087T033739.v2.0.NDVI.tif,HLS-VI.S30.T48TYM.2018087T033739.v2.0.NDVI.tif,S30,T48TYM,2018-03-28,2018087,033739,EPSG:32648,699960.0,4590240.0,809760.0,4700040.0,True
/home/ec2-user/ndvi_sqs_work/inner_mongolia/raw/HLS-VI.S30.T49SCB.2018087T033739.v2.0.NDVI.tif,HLS-VI.S30.T49SCB.2018087T033739.v2.0.NDVI.tif,S30,T49SCB,2018-03-28,2018087,033739,EPSG:32649,300000.0,4090200.0,409800.0,4200000.0,True
/home/ec2-user/ndvi_sqs_work/inner_mongolia/raw/HLS-VI.S30.T49SCC.2018087T033739.v2.0.NDVI.tif,HLS-VI.S30.T49SCC.2018087T033739.v2.0.NDVI.tif,S30,T49SCC,2018-03-28,2018087,033739,EPSG:32649,300000.0,4190220.0,409800.0,4300020.0,True
/home/ec2-user/ndvi_sqs_work/inner_mongolia/raw/HLS-VI.S30.T49TBG.2018087T033739.v2.0.NDVI.tif,HLS-VI.S30.T49TBG.2018087T033739.v2.0.NDVI.tif,S30,T49TBG,2018-03-28,2018087,033739,EPSG:32649,199980.0,4590240.0,309780.0,4700040.0,True
/home/ec2-user/ndvi_sqs_work/inner_mongolia/raw/HLS-VI.S30.T49TCG.2018087T033739.v2.0.NDVI.tif,HLS-VI.S30.T49TCG.2018087T033739.v2.0.NDVI.tif,S30,T49TCG,2018-03-28,2018087,033739,EPSG:32649,300000.0,4590240.0,409800.0,4700040.0,True
/home/ec2-user/ndvi_sqs_work/inner_mongolia/raw/HLS-VI.S30.T49TDG.2018087T033739.v2.0.NDVI.tif,HLS-VI.S30.T49TDG.2018087T033739.v2.0.NDVI.tif,S30,T49TDG,2018-03-28,2018087,033739,EPSG:32649,399960.0,4590240.0,509760.0,4700040.0,True
/home/ec2-user/ndvi_sqs_work/inner_mongolia/raw/HLS-VI.S30.T50TQP.2018087T024651.v2.0.NDVI.tif,HLS-VI.S30.T50TQP.2018087T024651.v2.0.NDVI.tif,S30,T50TQP,2018-03-28,2018087,024651,EPSG:32650,699960.0,4790220.0,809760.0,4900020.0,True
/home/ec2-user/ndvi_sqs_work/inner_mongolia/raw/HLS-VI.S30.T50TQQ.2018087T024651.v2.0.NDVI.tif,HLS-VI.S30.T50TQQ.2018087T024651.v2.0.NDVI.tif,S30,T50TQQ,2018-03-28,2018087,024651,EPSG:32650,699960.0,4890240.0,809760.0,5000040.0,True
/home/ec2-user/ndvi_sqs_work/inner_mongolia/raw/HLS-VI.S30.T50TQR.2018087T024651.v2.0.NDVI.tif,HLS-VI.S30.T50TQR.2018087T024651.v2.0.NDVI.tif,S30,T50TQR,2018-03-28,2018087,024651,EPSG:32650,699960.0,4990200.0,809760.0,5100000.0,True
/home/ec2-user/ndvi_sqs_work/inner_mongolia/raw/HLS-VI.S30.T51TUJ.2018087T024651.v2.0.NDVI.tif,HLS-VI.S30.T51TUJ.2018087T024651.v2.0.NDVI.tif,S30,T51TUJ,2018-03-28,2018087,024651,EPSG:32651,300000.0,4790220.0,409800.0,4900020.0,True
/home/ec2-user/ndvi_sqs_work/inner_mongolia/raw/HLS-VI.S30.T51TUK.2018087T024651.v2.0.NDVI.tif,HLS-VI.S30.T51TUK.2018087T024651.v2.0.NDVI.tif,S30,T51TUK,2018-03-28,2018087,024651,EPSG:32651,300000.0,4890240.0,409800.0,5000040.0,True
/home/ec2-user/ndvi_sqs_work/inner_mongolia/raw/HLS-VI.S30.T51TUL.2018087T024651.v2.0.NDVI.tif,HLS-VI.S30.T51TUL.2018087T024651.v2.0.NDVI.tif,S30,T51TUL,2018-03-28,2018087,024651,EPSG:32651,300000.0,4990200.0,409800.0,5100000.0,True
/home/ec2-user/ndvi_sqs_work/inner_mongolia/raw/HLS-VI.S30.T51TVJ.2018087T024651.v2.0.NDVI.tif,HLS-VI.S30.T51TVJ.2018087T024651.v2.0.NDVI.tif,S30,T51TVJ,2018-03-28,2018087,024651,EPSG:32651,399960.0,4790220.0,509760.0,4900020.0,True
/home/ec2-user/ndvi_sqs_work/inner_mongolia/raw/HLS-VI.S30.T51TVK.2018087T024651.v2.0.NDVI.tif,HLS-VI.S30.T51TVK.2018087T024651.v2.0.NDVI.tif,S30,T51TVK,2018-03-28,2018087,024651,EPSG:32651,399960.0,4890240.0,509760.0,5000040.0,True
/home/ec2-user/ndvi_sqs_work/inner_mongolia/raw/HLS-VI.S30.T51TWJ.2018087T024651.v2.0.NDVI.tif,HLS-VI.S30.T51TWJ.2018087T024651.v2.0.NDVI.tif,S30,T51TWJ,2018-03-28,2018087,024651,EPSG:32651,499980.0,4790220.0,609780.0,4900020.0,True
/home/ec2-user/ndvi_sqs_work/inner_mongolia/raw/HLS-VI.S30.T51UXP.2018087T024651.v2.0.NDVI.tif,HLS-VI.S30.T51UXP.2018087T024651.v2.0.NDVI.tif,S30,T51UXP,2018-03-28,2018087,024651,EPSG:32651,600000.0,5290200.0,709800.0,5400000.0,True
/home/ec2-user/ndvi_sqs_work/inner_mongolia/raw/HLS-VI.S30.T51UXR.2018087T024651.v2.0.NDVI.tif,HLS-VI.S30.T51UXR.2018087T024651.v2.0.NDVI.tif,S30,T51UXR,2018-03-28,2018087,024651,EPSG:32651,600000.0,5490240.0,709800.0,5600040.0,True
/home/ec2-user/ndvi_sqs_work/inner_mongolia/raw/HLS-VI.S30.T50TPS.2018088T030539.v2.0.NDVI.tif,HLS-VI.S30.T50TPS.2018088T030539.v2.0.NDVI.tif,S30,T50TPS,2018-03-29,2018088,030539,EPSG:32650,600000.0,5090220.0,709800.0,5200020.0,True
/home/ec2-user/ndvi_sqs_work/inner_mongolia/raw/HLS-VI.S30.T50TPT.2018088T030539.v2.0.NDVI.tif,HLS-VI.S30.T50TPT.2018088T030539.v2.0.NDVI.tif,S30,T50TPT,2018-03-29,2018088,030539,EPSG:32650,600000.0,5190240.0,709800.0,5300040.0,True
/home/ec2-user/ndvi_sqs_work/inner_mongolia/raw/HLS-VI.S30.T50TQS.2018088T030539.v2.0.NDVI.tif,HLS-VI.S30.T50TQS.2018088T030539.v2.0.NDVI.tif,S30,T50TQS,2018-03-29,2018088,030539,EPSG:32650,699960.0,5090220.0,809760.0,5200020.0,True
/home/ec2-user/ndvi_sqs_work/inner_mongolia/raw/HLS-VI.S30.T50TQT.2018088T030539.v2.0.NDVI.tif,HLS-VI.S30.T50TQT.2018088T030539.v2.0.NDVI.tif,S30,T50TQT,2018-03-29,2018088,030539,EPSG:32650,699960.0,5190240.0,809760.0,5300040.0,True
/home/ec2-user/ndvi_sqs_work/inner_mongolia/raw/HLS-VI.S30.T50UPA.2018088T030539.v2.0.NDVI.tif,HLS-VI.S30.T50UPA.2018088T030539.v2.0.NDVI.tif,S30,T50UPA,2018-03-29,2018088,030539,EPSG:32650,600000.0,5490240.0,709800.0,5600040.0,True
/home/ec2-user/ndvi_sqs_work/inner_mongolia/raw/HLS-VI.S30.T50UPU.2018088T030539.v2.0.NDVI.tif,HLS-VI.S30.T50UPU.2018088T030539.v2.0.NDVI.tif,S30,T50UPU,2018-03-29,2018088,030539,EPSG:32650,600000.0,5290200.0,709800.0,5400000.0,True
/home/ec2-user/ndvi_sqs_work/inner_mongolia/raw/HLS-VI.S30.T50UPV.2018088T030539.v2.0.NDVI.tif,HLS-VI.S30.T50UPV.2018088T030539.v2.0.NDVI.tif,S30,T50UPV,2018-03-29,2018088,030539,EPSG:32650,600000.0,5390220.0,709800.0,5500020.0,True
/home/ec2-user/ndvi_sqs_work/inner_mongolia/raw/HLS-VI.S30.T50UQU.2018088T030539.v2.0.NDVI.tif,HLS-VI.S30.T50UQU.2018088T030539.v2.0.NDVI.tif,S30,T50UQU,2018-03-29,2018088,030539,EPSG:32650,699960.0,5290200.0,809760.0,5400000.0,True
/home/ec2-user/ndvi_sqs_work/inner_mongolia/raw/HLS-VI.S30.T50UQV.2018088T030539.v2.0.NDVI.tif,HLS-VI.S30.T50UQV.2018088T030539.v2.0.NDVI.tif,S30,T50UQV,2018-03-29,2018088,030539,EPSG:32650,699960.0,5390220.0,809760.0,5500020.0,True
/home/ec2-user/ndvi_sqs_work/inner_mongolia/raw/HLS-VI.S30.T51UUP.2018088T030539.v2.0.NDVI.tif,HLS-VI.S30.T51UUP.2018088T030539.v2.0.NDVI.tif,S30,T51UUP,2018-03-29,2018088,030539,EPSG:32651,300000.0,5290200.0,409800.0,5400000.0,True
/home/ec2-user/ndvi_sqs_work/inner_mongolia/raw/HLS-VI.S30.T51UUQ.2018088T030539.v2.0.NDVI.tif,HLS-VI.S30.T51UUQ.2018088T030539.v2.0.NDVI.tif,S30,T51UUQ,2018-03-29,2018088,030539,EPSG:32651,300000.0,5390220.0,409800.0,5500020.0,True
/home/ec2-user/ndvi_sqs_work/inner_mongolia/raw/HLS-VI.S30.T51UUS.2018088T030539.v2.0.NDVI.tif,HLS-VI.S30.T51UUS.2018088T030539.v2.0.NDVI.tif,S30,T51UUS,2018-03-29,2018088,030539,EPSG:32651,300000.0,5590200.0,409800.0,5700000.0,True
/home/ec2-user/ndvi_sqs_work/inner_mongolia/raw/HLS-VI.S30.T51UVR.2018088T030539.v2.0.NDVI.tif,HLS-VI.S30.T51UVR.2018088T030539.v2.0.NDVI.tif,S30,T51UVR,2018-03-29,2018088,030539,EPSG:32651,399960.0,5490240.0,509760.0,5600040.0,True
/home/ec2-user/ndvi_sqs_work/inner_mongolia/raw/HLS-VI.S30.T51UVS.2018088T030539.v2.0.NDVI.tif,HLS-VI.S30.T51UVS.2018088T030539.v2.0.NDVI.tif,S30,T51UVS,2018-03-29,2018088,030539,EPSG:32651,399960.0,5590200.0,509760.0,5700000.0,True
/home/ec2-user/ndvi_sqs_work/inner_mongolia/raw/HLS-VI.S30.T51UVT.2018088T030539.v2.0.NDVI.tif,HLS-VI.S30.T51UVT.2018088T030539.v2.0.NDVI.tif,S30,T51UVT,2018-03-29,2018088,030539,EPSG:32651,399960.0,5690220.0,509760.0,5800020.0,True
/home/ec2-user/ndvi_sqs_work/inner_mongolia/raw/HLS-VI.S30.T47TNF.2018089T041659.v2.0.NDVI.tif,HLS-VI.S30.T47TNF.2018089T041659.v2.0.NDVI.tif,S30,T47TNF,2018-03-30,2018089,041659,EPSG:32647,499980.0,4490220.0,609780.0,4600020.0,True
/home/ec2-user/ndvi_sqs_work/inner_mongolia/raw/HLS-VI.S30.T47TNG.2018089T041659.v2.0.NDVI.tif,HLS-VI.S30.T47TNG.2018089T041659.v2.0.NDVI.tif,S30,T47TNG,2018-03-30,2018089,041659,EPSG:32647,499980.0,4590240.0,609780.0,4700040.0,True
/home/ec2-user/ndvi_sqs_work/inner_mongolia/raw/HLS-VI.S30.T47TNH.2018089T041659.v2.0.NDVI.tif,HLS-VI.S30.T47TNH.2018089T041659.v2.0.NDVI.tif,S30,T47TNH,2018-03-30,2018089,041659,EPSG:32647,499980.0,4690200.0,609780.0,4800000.0,True
/home/ec2-user/ndvi_sqs_work/inner_mongolia/raw/HLS-VI.S30.T51UWP.2018089T023549.v2.0.NDVI.tif,HLS-VI.S30.T51UWP.2018089T023549.v2.0.NDVI.tif,S30,T51UWP,2018-03-30,2018089,023549,EPSG:32651,499980.0,5290200.0,609780.0,5400000.0,True
/home/ec2-user/ndvi_sqs_work/inner_mongolia/raw/HLS-VI.S30.T51UXP.2018089T023549.v2.0.NDVI.tif,HLS-VI.S30.T51UXP.2018089T023549.v2.0.NDVI.tif,S30,T51UXP,2018-03-30,2018089,023549,EPSG:32651,600000.0,5290200.0,709800.0,5400000.0,True
/home/ec2-user/ndvi_sqs_work/inner_mongolia/raw/HLS-VI.S30.T51UXQ.2018089T023549.v2.0.NDVI.tif,HLS-VI.S30.T51UXQ.2018089T023549.v2.0.NDVI.tif,S30,T51UXQ,2018-03-30,2018089,023549,EPSG:32651,600000.0,5390220.0,709800.0,5500020.0,True
/home/ec2-user/ndvi_sqs_work/inner_mongolia/raw/HLS-VI.S30.T48TVL.2018090T034529.v2.0.NDVI.tif,HLS-VI.S30.T48TVL.2018090T034529.v2.0.NDVI.tif,S30,T48TVL,2018-03-31,2018090,034529,EPSG:32648,399960.0,4490220.0,509760.0,4600020.0,True
/home/ec2-user/ndvi_sqs_work/inner_mongolia/raw/HLS-VI.S30.T48TVM.2018090T034529.v2.0.NDVI.tif,HLS-VI.S30.T48TVM.2018090T034529.v2.0.NDVI.tif,S30,T48TVM,2018-03-31,2018090,034529,EPSG:32648,399960.0,4590240.0,509760.0,4700040.0,True
/home/ec2-user/ndvi_sqs_work/inner_mongolia/raw/HLS-VI.S30.T48TWM.2018090T034529.v2.0.NDVI.tif,HLS-VI.S30.T48TWM.2018090T034529.v2.0.NDVI.tif,S30,T48TWM,2018-03-31,2018090,034529,EPSG:32648,499980.0,4590240.0,609780.0,4700040.0,True
/home/ec2-user/ndvi_sqs_work/inner_mongolia/raw/HLS-VI.S30.T48TXM.2018090T034529.v2.0.NDVI.tif,HLS-VI.S30.T48TXM.2018090T034529.v2.0.NDVI.tif,S30,T48TXM,2018-03-31,2018090,034529,EPSG:32648,600000.0,4590240.0,709800.0,4700040.0,True
/home/ec2-user/ndvi_sqs_work/inner_mongolia/raw/HLS-VI.S30.T48TXN.2018090T034529.v2.0.NDVI.tif,HLS-VI.S30.T48TXN.2018090T034529.v2.0.NDVI.tif,S30,T48TXN,2018-03-31,2018090,034529,EPSG:32648,600000.0,4690200.0,709800.0,4800000.0,True
/home/ec2-user/ndvi_sqs_work/inner_mongolia/raw/HLS-VI.S30.T48TYM.2018090T034529.v2.0.NDVI.tif,HLS-VI.S30.T48TYM.2018090T034529.v2.0.NDVI.tif,S30,T48TYM,2018-03-31,2018090,034529,EPSG:32648,699960.0,4590240.0,809760.0,4700040.0,True
/home/ec2-user/ndvi_sqs_work/inner_mongolia/raw/HLS-VI.S30.T48TYN.2018090T034529.v2.0.NDVI.tif,HLS-VI.S30.T48TYN.2018090T034529.v2.0.NDVI.tif,S30,T48TYN,2018-03-31,2018090,034529,EPSG:32648,699960.0,4690200.0,809760.0,4800000.0,True
/home/ec2-user/ndvi_sqs_work/inner_mongolia/raw/HLS-VI.S30.T49TBG.2018090T034529.v2.0.NDVI.tif,HLS-VI.S30.T49TBG.2018090T034529.v2.0.NDVI.tif,S30,T49TBG,2018-03-31,2018090,034529,EPSG:32649,199980.0,4590240.0,309780.0,4700040.0,True
/home/ec2-user/ndvi_sqs_work/inner_mongolia/raw/HLS-VI.S30.T50TNM.2018090T025541.v2.0.NDVI.tif,HLS-VI.S30.T50TNM.2018090T025541.v2.0.NDVI.tif,S30,T50TNM,2018-03-31,2018090,025541,EPSG:32650,499980.0,4590240.0,609780.0,4700040.0,True
/home/ec2-user/ndvi_sqs_work/inner_mongolia/raw/HLS-VI.S30.T50TPM.2018090T025541.v2.0.NDVI.tif,HLS-VI.S30.T50TPM.2018090T025541.v2.0.NDVI.tif,S30,T50TPM,2018-03-31,2018090,025541,EPSG:32650,600000.0,4590240.0,709800.0,4700040.0,True
/home/ec2-user/ndvi_sqs_work/inner_mongolia/raw/HLS-VI.S30.T50TQM.2018090T025541.v2.0.NDVI.tif,HLS-VI.S30.T50TQM.2018090T025541.v2.0.NDVI.tif,S30,T50TQM,2018-03-31,2018090,025541,EPSG:32650,699960.0,4590240.0,809760.0,4700040.0,True
/home/ec2-user/ndvi_sqs_work/inner_mongolia/raw/HLS-VI.S30.T50TQN.2018090T025541.v2.0.NDVI.tif,HLS-VI.S30.T50TQN.2018090T025541.v2.0.NDVI.tif,S30,T50TQN,2018-03-31,2018090,025541,EPSG:32650,699960.0,4690200.0,809760.0,4800000.0,True
/home/ec2-user/ndvi_sqs_work/inner_mongolia/raw/HLS-VI.S30.T51TTG.2018090T025541.v2.0.NDVI.tif,HLS-VI.S30.T51TTG.2018090T025541.v2.0.NDVI.tif,S30,T51TTG,2018-03-31,2018090,025541,EPSG:32651,199980.0,4590240.0,309780.0,4700040.0,True
/home/ec2-user/ndvi_sqs_work/inner_mongolia/raw/HLS-VI.S30.T47TMF.2018091T040541.v2.0.NDVI.tif,HLS-VI.S30.T47TMF.2018091T040541.v2.0.NDVI.tif,S30,T47TMF,2018-04-01,2018091,040541,EPSG:32647,399960.0,4490220.0,509760.0,4600020.0,True
/home/ec2-user/ndvi_sqs_work/inner_mongolia/raw/HLS-VI.S30.T49TGL.2018091T031539.v2.0.NDVI.tif,HLS-VI.S30.T49TGL.2018091T031539.v2.0.NDVI.tif,S30,T49TGL,2018-04-01,2018091,031539,EPSG:32649,699960.0,4990200.0,809760.0,5100000.0,True
/home/ec2-user/ndvi_sqs_work/inner_mongolia/raw/HLS-VI.S30.T48SWJ.2018092T033531.v2.0.NDVI.tif,HLS-VI.S30.T48SWJ.2018092T033531.v2.0.NDVI.tif,S30,T48SWJ,2018-04-02,2018092,033531,EPSG:32648,499980.0,4290240.0,609780.0,4400040.0,True
/home/ec2-user/ndvi_sqs_work/inner_mongolia/raw/HLS-VI.S30.T48TYL.2018092T033531.v2.0.NDVI.tif,HLS-VI.S30.T48TYL.2018092T033531.v2.0.NDVI.tif,S30,T48TYL,2018-04-02,2018092,033531,EPSG:32648,699960.0,4490220.0,809760.0,4600020.0,True
/home/ec2-user/ndvi_sqs_work/inner_mongolia/raw/HLS-VI.S30.T49TBF.2018092T033531.v2.0.NDVI.tif,HLS-VI.S30.T49TBF.2018092T033531.v2.0.NDVI.tif,S30,T49TBF,2018-04-02,2018092,033531,EPSG:32649,199980.0,4490220.0,309780.0,4600020.0,True
/home/ec2-user/ndvi_sqs_work/inner_mongolia/raw/HLS-VI.S30.T47TQH.2018093T035539.v2.0.NDVI.tif,HLS-VI.S30.T47TQH.2018093T035539.v2.0.NDVI.tif,S30,T47TQH,2018-04-03,2018093,035539,EPSG:32647,699960.0,4690200.0,809760.0,4800000.0,True
/home/ec2-user/ndvi_sqs_work/inner_mongolia/raw/HLS-VI.S30.T51UWP.2018094T023551.v2.0.NDVI.tif,HLS-VI.S30.T51UWP.2018094T023551.v2.0.NDVI.tif,S30,T51UWP,2018-04-04,2018094,023551,EPSG:32651,499980.0,5290200.0,609780.0,5400000.0,True
/home/ec2-user/ndvi_sqs_work/inner_mongolia/raw/HLS-VI.S30.T51UXR.2018094T023551.v2.0.NDVI.tif,HLS-VI.S30.T51UXR.2018094T023551.v2.0.NDVI.tif,S30,T51UXR,2018-04-04,2018094,023551,EPSG:32651,600000.0,5490240.0,709800.0,5600040.0,True
/home/ec2-user/ndvi_sqs_work/inner_mongolia/raw/HLS-VI.S30.T51UXS.2018094T023551.v2.0.NDVI.tif,HLS-VI.S30.T51UXS.2018094T023551.v2.0.NDVI.tif,S30,T51UXS,2018-04-04,2018094,023551,EPSG:32651,600000.0,5590200.0,709800.0,5700000.0,True
/home/ec2-user/ndvi_sqs_work/inner_mongolia/raw/HLS-VI.S30.T51UXT.2018094T023551.v2.0.NDVI.tif,HLS-VI.S30.T51UXT.2018094T023551.v2.0.NDVI.tif,S30,T51UXT,2018-04-04,2018094,023551,EPSG:32651,600000.0,5690220.0,709800.0,5800020.0,True
/home/ec2-user/ndvi_sqs_work/inner_mongolia/raw/HLS-VI.S30.T51UYS.2018094T023551.v2.0.NDVI.tif,HLS-VI.S30.T51UYS.2018094T023551.v2.0.NDVI.tif,S30,T51UYS,2018-04-04,2018094,023551,EPSG:32651,699960.0,5590200.0,809760.0,5700000.0,True
/home/ec2-user/ndvi_sqs_work/inner_mongolia/raw/HLS-VI.S30.T51UWS.2018095T025539.v2.0.NDVI.tif,HLS-VI.S30.T51UWS.2018095T025539.v2.0.NDVI.tif,S30,T51UWS,2018-04-05,2018095,025539,EPSG:32651,499980.0,5590200.0,609780.0,5700000.0,True
/home/ec2-user/ndvi_sqs_work/inner_mongolia/raw/HLS-VI.S30.T51UXS.2018095T025539.v2.0.NDVI.tif,HLS-VI.S30.T51UXS.2018095T025539.v2.0.NDVI.tif,S30,T51UXS,2018-04-05,2018095,025539,EPSG:32651,600000.0,5590200.0,709800.0,5700000.0,True
/home/ec2-user/ndvi_sqs_work/inner_mongolia/raw/HLS-VI.S30.T47TNF.2018096T040539.v2.0.NDVI.tif,HLS-VI.S30.T47TNF.2018096T040539.v2.0.NDVI.tif,S30,T47TNF,2018-04-06,2018096,040539,EPSG:32647,499980.0,4490220.0,609780.0,4600020.0,True
/home/ec2-user/ndvi_sqs_work/inner_mongolia/raw/HLS-VI.S30.T47TNG.2018096T040539.v2.0.NDVI.tif,HLS-VI.S30.T47TNG.2018096T040539.v2.0.NDVI.tif,S30,T47TNG,2018-04-06,2018096,040539,EPSG:32647,499980.0,4590240.0,609780.0,4700040.0,True
/home/ec2-user/ndvi_sqs_work/inner_mongolia/raw/HLS-VI.S30.T47TNH.2018096T040539.v2.0.NDVI.tif,HLS-VI.S30.T47TNH.2018096T040539.v2.0.NDVI.tif,S30,T47TNH,2018-04-06,2018096,040539,EPSG:32647,499980.0,4690200.0,609780.0,4800000.0,True
/home/ec2-user/ndvi_sqs_work/inner_mongolia/raw/HLS-VI.S30.T47TQE.2018096T040539.v2.0.NDVI.tif,HLS-VI.S30.T47TQE.2018096T040539.v2.0.NDVI.tif,S30,T47TQE,2018-04-06,2018096,040539,EPSG:32647,699960.0,4390200.0,809760.0,4500000.0,True
/home/ec2-user/ndvi_sqs_work/inner_mongolia/raw/HLS-VI.S30.T47TQH.2018096T040539.v2.0.NDVI.tif,HLS-VI.S30.T47TQH.2018096T040539.v2.0.NDVI.tif,S30,T47TQH,2018-04-06,2018096,040539,EPSG:32647,699960.0,4690200.0,809760.0,4800000.0,True
/home/ec2-user/ndvi_sqs_work/inner_mongolia/raw/HLS-VI.S30.T48TTK.2018096T040539.v2.0.NDVI.tif,HLS-VI.S30.T48TTK.2018096T040539.v2.0.NDVI.tif,S30,T48TTK,2018-04-06,2018096,040539,EPSG:32648,199980.0,4390200.0,309780.0,4500000.0,True
/home/ec2-user/ndvi_sqs_work/inner_mongolia/raw/HLS-VI.S30.T48TTL.2018096T040539.v2.0.NDVI.tif,HLS-VI.S30.T48TTL.2018096T040539.v2.0.NDVI.tif,S30,T48TTL,2018-04-06,2018096,040539,EPSG:32648,199980.0,4490220.0,309780.0,4600020.0,True
/home/ec2-user/ndvi_sqs_work/inner_mongolia/raw/HLS-VI.S30.T48TUL.2018096T040539.v2.0.NDVI.tif,HLS-VI.S30.T48TUL.2018096T040539.v2.0.NDVI.tif,S30,T48TUL,2018-04-06,2018096,040539,EPSG:32648,300000.0,4490220.0,409800.0,4600020.0,True
/home/ec2-user/ndvi_sqs_work/inner_mongolia/raw/HLS-VI.S30.T48TUM.2018096T040539.v2.0.NDVI.tif,HLS-VI.S30.T48TUM.2018096T040539.v2.0.NDVI.tif,S30,T48TUM,2018-04-06,2018096,040539,EPSG:32648,300000.0,4590240.0,409800.0,4700040.0,True
/home/ec2-user/ndvi_sqs_work/inner_mongolia/raw/HLS-VI.S30.T49SCB.2018097T033529.v2.0.NDVI.tif,HLS-VI.S30.T49SCB.2018097T033529.v2.0.NDVI.tif,S30,T49SCB,2018-04-07,2018097,033529,EPSG:32649,300000.0,4090200.0,409800.0,4200000.0,True
/home/ec2-user/ndvi_sqs_work/inner_mongolia/raw/HLS-VI.S30.T49SCC.2018097T033529.v2.0.NDVI.tif,HLS-VI.S30.T49SCC.2018097T033529.v2.0.NDVI.tif,S30,T49SCC,2018-04-07,2018097,033529,EPSG:32649,300000.0,4190220.0,409800.0,4300020.0,True
/home/ec2-user/ndvi_sqs_work/inner_mongolia/raw/HLS-VI.S30.T49TDE.2018097T033529.v2.0.NDVI.tif,HLS-VI.S30.T49TDE.2018097T033529.v2.0.NDVI.tif,S30,T49TDE,2018-04-07,2018097,033529,EPSG:32649,399960.0,4390200.0,509760.0,4500000.0,True
/home/ec2-user/ndvi_sqs_work/inner_mongolia/raw/HLS-VI.S30.T51TUN.2018097T024551.v2.0.NDVI.tif,HLS-VI.S30.T51TUN.2018097T024551.v2.0.NDVI.tif,S30,T51TUN,2018-04-07,2018097,024551,EPSG:32651,300000.0,5190240.0,409800.0,5300040.0,True
/home/ec2-user/ndvi_sqs_work/inner_mongolia/raw/HLS-VI.S30.T51TVN.2018097T024551.v2.0.NDVI.tif,HLS-VI.S30.T51TVN.2018097T024551.v2.0.NDVI.tif,S30,T51TVN,2018-04-07,2018097,024551,EPSG:32651,399960.0,5190240.0,509760.0,5300040.0,True
/home/ec2-user/ndvi_sqs_work/inner_mongolia/raw/HLS-VI.S30.T51TWN.2018097T024551.v2.0.NDVI.tif,HLS-VI.S30.T51TWN.2018097T024551.v2.0.NDVI.tif,S30,T51TWN,2018-04-07,2018097,024551,EPSG:32651,499980.0,5190240.0,609780.0,5300040.0,True
/home/ec2-user/ndvi_sqs_work/inner_mongolia/raw/HLS-VI.S30.T51UWP.2018097T024551.v2.0.NDVI.tif,HLS-VI.S30.T51UWP.2018097T024551.v2.0.NDVI.tif,S30,T51UWP,2018-04-07,2018097,024551,EPSG:32651,499980.0,5290200.0,609780.0,5400000.0,True
/home/ec2-user/ndvi_sqs_work/inner_mongolia/raw/HLS-VI.S30.T51UXP.2018097T024551.v2.0.NDVI.tif,HLS-VI.S30.T51UXP.2018097T024551.v2.0.NDVI.tif,S30,T51UXP,2018-04-07,2018097,024551,EPSG:32651,600000.0,5290200.0,709800.0,5400000.0,True
/home/ec2-user/ndvi_sqs_work/inner_mongolia/raw/HLS-VI.S30.T47TPF.2018098T035541.v2.0.NDVI.tif,HLS-VI.S30.T47TPF.2018098T035541.v2.0.NDVI.tif,S30,T47TPF,2018-04-08,2018098,035541,EPSG:32647,600000.0,4490220.0,709800.0,4600020.0,True
/home/ec2-user/ndvi_sqs_work/inner_mongolia/raw/HLS-VI.S30.T48SUH.2018098T035541.v2.0.NDVI.tif,HLS-VI.S30.T48SUH.2018098T035541.v2.0.NDVI.tif,S30,T48SUH,2018-04-08,2018098,035541,EPSG:32648,300000.0,4190220.0,409800.0,4300020.0,True
/home/ec2-user/ndvi_sqs_work/inner_mongolia/raw/HLS-VI.S30.T48TUK.2018098T035541.v2.0.NDVI.tif,HLS-VI.S30.T48TUK.2018098T035541.v2.0.NDVI.tif,S30,T48TUK,2018-04-08,2018098,035541,EPSG:32648,300000.0,4390200.0,409800.0,4500000.0,True
/home/ec2-user/ndvi_sqs_work/inner_mongolia/raw/HLS-VI.S30.T49TGE.2018098T030539.v2.0.NDVI.tif,HLS-VI.S30.T49TGE.2018098T030539.v2.0.NDVI.tif,S30,T49TGE,2018-04-08,2018098,030539,EPSG:32649,699960.0,4390200.0,809760.0,4500000.0,True
/home/ec2-user/ndvi_sqs_work/inner_mongolia/raw/HLS-VI.S30.T50TPT.2018098T030539.v2.0.NDVI.tif,HLS-VI.S30.T50TPT.2018098T030539.v2.0.NDVI.tif,S30,T50TPT,2018-04-08,2018098,030539,EPSG:32650,600000.0,5190240.0,709800.0,5300040.0,True
/home/ec2-user/ndvi_sqs_work/inner_mongolia/raw/HLS-VI.S30.T50TQT.2018098T030539.v2.0.NDVI.tif,HLS-VI.S30.T50TQT.2018098T030539.v2.0.NDVI.tif,S30,T50TQT,2018-04-08,2018098,030539,EPSG:32650,699960.0,5190240.0,809760.0,5300040.0,True
/home/ec2-user/ndvi_sqs_work/inner_mongolia/raw/HLS-VI.S30.T50UPA.2018098T030539.v2.0.NDVI.tif,HLS-VI.S30.T50UPA.2018098T030539.v2.0.NDVI.tif,S30,T50UPA,2018-04-08,2018098,030539,EPSG:32650,600000.0,5490240.0,709800.0,5600040.0,True
/home/ec2-user/ndvi_sqs_work/inner_mongolia/raw/HLS-VI.S30.T50UPB.2018098T030539.v2.0.NDVI.tif,HLS-VI.S30.T50UPB.2018098T030539.v2.0.NDVI.tif,S30,T50UPB,2018-04-08,2018098,030539,EPSG:32650,600000.0,5590200.0,709800.0,5700000.0,True
/home/ec2-user/ndvi_sqs_work/inner_mongolia/raw/HLS-VI.S30.T50UQA.2018098T030539.v2.0.NDVI.tif,HLS-VI.S30.T50UQA.2018098T030539.v2.0.NDVI.tif,S30,T50UQA,2018-04-08,2018098,030539,EPSG:32650,699960.0,5490240.0,809760.0,5600040.0,True
/home/ec2-user/ndvi_sqs_work/inner_mongolia/raw/HLS-VI.S30.T50UQB.2018098T030539.v2.0.NDVI.tif,HLS-VI.S30.T50UQB.2018098T030539.v2.0.NDVI.tif,S30,T50UQB,2018-04-08,2018098,030539,EPSG:32650,699960.0,5590200.0,809760.0,5700000.0,True
/home/ec2-user/ndvi_sqs_work/inner_mongolia/raw/HLS-VI.S30.T50UQU.2018098T030539.v2.0.NDVI.tif,HLS-VI.S30.T50UQU.2018098T030539.v2.0.NDVI.tif,S30,T50UQU,2018-04-08,2018098,030539,EPSG:32650,699960.0,5290200.0,809760.0,5400000.0,True
/home/ec2-user/ndvi_sqs_work/inner_mongolia/raw/HLS-VI.S30.T50UQV.2018098T030539.v2.0.NDVI.tif,HLS-VI.S30.T50UQV.2018098T030539.v2.0.NDVI.tif,S30,T50UQV,2018-04-08,2018098,030539,EPSG:32650,699960.0,5390220.0,809760.0,5500020.0,True
/home/ec2-user/ndvi_sqs_work/inner_mongolia/raw/HLS-VI.S30.T51UUP.2018098T030539.v2.0.NDVI.tif,HLS-VI.S30.T51UUP.2018098T030539.v2.0.NDVI.tif,S30,T51UUP,2018-04-08,2018098,030539,EPSG:32651,300000.0,5290200.0,409800.0,5400000.0,True
/home/ec2-user/ndvi_sqs_work/inner_mongolia/raw/HLS-VI.S30.T51UUQ.2018098T030539.v2.0.NDVI.tif,HLS-VI.S30.T51UUQ.2018098T030539.v2.0.NDVI.tif,S30,T51UUQ,2018-04-08,2018098,030539,EPSG:32651,300000.0,5390220.0,409800.0,5500020.0,True
/home/ec2-user/ndvi_sqs_work/inner_mongolia/raw/HLS-VI.S30.T51UUR.2018098T030539.v2.0.NDVI.tif,HLS-VI.S30.T51UUR.2018098T030539.v2.0.NDVI.tif,S30,T51UUR,2018-04-08,2018098,030539,EPSG:32651,300000.0,5490240.0,409800.0,5600040.0,True
/home/ec2-user/ndvi_sqs_work/inner_mongolia/raw/HLS-VI.S30.T51UUS.2018098T030539.v2.0.NDVI.tif,HLS-VI.S30.T51UUS.2018098T030539.v2.0.NDVI.tif,S30,T51UUS,2018-04-08,2018098,030539,EPSG:32651,300000.0,5590200.0,409800.0,5700000.0,True
/home/ec2-user/ndvi_sqs_work/inner_mongolia/raw/HLS-VI.S30.T51UVS.2018098T030539.v2.0.NDVI.tif,HLS-VI.S30.T51UVS.2018098T030539.v2.0.NDVI.tif,S30,T51UVS,2018-04-08,2018098,030539,EPSG:32651,399960.0,5590200.0,509760.0,5700000.0,True
/home/ec2-user/ndvi_sqs_work/inner_mongolia/raw/HLS-VI.S30.T51UVV.2018098T030539.v2.0.NDVI.tif,HLS-VI.S30.T51UVV.2018098T030539.v2.0.NDVI.tif,S30,T51UVV,2018-04-08,2018098,030539,EPSG:32651,399960.0,5890200.0,509760.0,6000000.0,True
/home/ec2-user/ndvi_sqs_work/inner_mongolia/raw/HLS-VI.S30.T47TLG.2018099T041549.v2.0.NDVI.tif,HLS-VI.S30.T47TLG.2018099T041549.v2.0.NDVI.tif,S30,T47TLG,2018-04-09,2018099,041549,EPSG:32647,300000.0,4590240.0,409800.0,4700040.0,True
/home/ec2-user/ndvi_sqs_work/inner_mongolia/raw/HLS-VI.S30.T47TLH.2018099T041549.v2.0.NDVI.tif,HLS-VI.S30.T47TLH.2018099T041549.v2.0.NDVI.tif,S30,T47TLH,2018-04-09,2018099,041549,EPSG:32647,300000.0,4690200.0,409800.0,4800000.0,True
/home/ec2-user/ndvi_sqs_work/inner_mongolia/raw/HLS-VI.S30.T47TMG.2018099T041549.v2.0.NDVI.tif,HLS-VI.S30.T47TMG.2018099T041549.v2.0.NDVI.tif,S30,T47TMG,2018-04-09,2018099,041549,EPSG:32647,399960.0,4590240.0,509760.0,4700040.0,True
/home/ec2-user/ndvi_sqs_work/inner_mongolia/raw/HLS-VI.S30.T47TMH.2018099T041549.v2.0.NDVI.tif,HLS-VI.S30.T47TMH.2018099T041549.v2.0.NDVI.tif,S30,T47TMH,2018-04-09,2018099,041549,EPSG:32647,399960.0,4690200.0,509760.0,4800000.0,True
/home/ec2-user/ndvi_sqs_work/inner_mongolia/raw/HLS-VI.S30.T47TNG.2018099T041549.v2.0.NDVI.tif,HLS-VI.S30.T47TNG.2018099T041549.v2.0.NDVI.tif,S30,T47TNG,2018-04-09,2018099,041549,EPSG:32647,499980.0,4590240.0,609780.0,4700040.0,True
/home/ec2-user/ndvi_sqs_work/inner_mongolia/raw/HLS-VI.S30.T47TNH.2018099T041549.v2.0.NDVI.tif,HLS-VI.S30.T47TNH.2018099T041549.v2.0.NDVI.tif,S30,T47TNH,2018-04-09,2018099,041549,EPSG:32647,499980.0,4690200.0,609780.0,4800000.0,True
/home/ec2-user/ndvi_sqs_work/inner_mongolia/raw/HLS-VI.S30.T49SCB.2018099T032541.v2.0.NDVI.tif,HLS-VI.S30.T49SCB.2018099T032541.v2.0.NDVI.tif,S30,T49SCB,2018-04-09,2018099,032541,EPSG:32649,300000.0,4090200.0,409800.0,4200000.0,True
/home/ec2-user/ndvi_sqs_work/inner_mongolia/raw/HLS-VI.S30.T51TWN.2018099T023549.v2.0.NDVI.tif,HLS-VI.S30.T51TWN.2018099T023549.v2.0.NDVI.tif,S30,T51TWN,2018-04-09,2018099,023549,EPSG:32651,499980.0,5190240.0,609780.0,5300040.0,True
/home/ec2-user/ndvi_sqs_work/inner_mongolia/raw/HLS-VI.S30.T51UWP.2018099T023549.v2.0.NDVI.tif,HLS-VI.S30.T51UWP.2018099T023549.v2.0.NDVI.tif,S30,T51UWP,2018-04-09,2018099,023549,EPSG:32651,499980.0,5290200.0,609780.0,5400000.0,True
/home/ec2-user/ndvi_sqs_work/inner_mongolia/raw/HLS-VI.S30.T51UXP.2018099T023549.v2.0.NDVI.tif,HLS-VI.S30.T51UXP.2018099T023549.v2.0.NDVI.tif,S30,T51UXP,2018-04-09,2018099,023549,EPSG:32651,600000.0,5290200.0,709800.0,5400000.0,True
/home/ec2-user/ndvi_sqs_work/inner_mongolia/raw/HLS-VI.S30.T51UXQ.2018099T023549.v2.0.NDVI.tif,HLS-VI.S30.T51UXQ.2018099T023549.v2.0.NDVI.tif,S30,T51UXQ,2018-04-09,2018099,023549,EPSG:32651,600000.0,5390220.0,709800.0,5500020.0,True
/home/ec2-user/ndvi_sqs_work/inner_mongolia/raw/HLS-VI.S30.T51UXR.2018099T023549.v2.0.NDVI.tif,HLS-VI.S30.T51UXR.2018099T023549.v2.0.NDVI.tif,S30,T51UXR,2018-04-09,2018099,023549,EPSG:32651,600000.0,5490240.0,709800.0,5600040.0,True
/home/ec2-user/ndvi_sqs_work/inner_mongolia/raw/HLS-VI.S30.T51UXS.2018099T023549.v2.0.NDVI.tif,HLS-VI.S30.T51UXS.2018099T023549.v2.0.NDVI.tif,S30,T51UXS,2018-04-09,2018099,023549,EPSG:32651,600000.0,5590200.0,709800.0,5700000.0,True
/home/ec2-user/ndvi_sqs_work/inner_mongolia/raw/HLS-VI.S30.T51UXT.2018099T023549.v2.0.NDVI.tif,HLS-VI.S30.T51UXT.2018099T023549.v2.0.NDVI.tif,S30,T51UXT,2018-04-09,2018099,023549,EPSG:32651,600000.0,5690220.0,709800.0,5800020.0,True
/home/ec2-user/ndvi_sqs_work/inner_mongolia/raw/HLS-VI.S30.T51UYS.2018099T023549.v2.0.NDVI.tif,HLS-VI.S30.T51UYS.2018099T023549.v2.0.NDVI.tif,S30,T51UYS,2018-04-09,2018099,023549,EPSG:32651,699960.0,5590200.0,809760.0,5700000.0,True
/home/ec2-user/ndvi_sqs_work/inner_mongolia/raw/HLS-VI.S30.T48TUK.2018100T034529.v2.0.NDVI.tif,HLS-VI.S30.T48TUK.2018100T034529.v2.0.NDVI.tif,S30,T48TUK,2018-04-10,2018100,034529,EPSG:32648,300000.0,4390200.0,409800.0,4500000.0,True
/home/ec2-user/ndvi_sqs_work/inner_mongolia/raw/HLS-VI.S30.T48TVK.2018100T034529.v2.0.NDVI.tif,HLS-VI.S30.T48TVK.2018100T034529.v2.0.NDVI.tif,S30,T48TVK,2018-04-10,2018100,034529,EPSG:32648,399960.0,4390200.0,509760.0,4500000.0,True
/home/ec2-user/ndvi_sqs_work/inner_mongolia/raw/HLS-VI.S30.T48TVL.2018100T034529.v2.0.NDVI.tif,HLS-VI.S30.T48TVL.2018100T034529.v2.0.NDVI.tif,S30,T48TVL,2018-04-10,2018100,034529,EPSG:32648,399960.0,4490220.0,509760.0,4600020.0,True
/home/ec2-user/ndvi_sqs_work/inner_mongolia/raw/HLS-VI.S30.T49TGK.2018101T031539.v2.0.NDVI.tif,HLS-VI.S30.T49TGK.2018101T031539.v2.0.NDVI.tif,S30,T49TGK,2018-04-11,2018101,031539,EPSG:32649,699960.0,4890240.0,809760.0,5000040.0,True
/home/ec2-user/ndvi_sqs_work/inner_mongolia/raw/HLS-VI.S30.T50TQP.2018102T024549.v2.0.NDVI.tif,HLS-VI.S30.T50TQP.2018102T024549.v2.0.NDVI.tif,S30,T50TQP,2018-04-12,2018102,024549,EPSG:32650,699960.0,4790220.0,809760.0,4900020.0,True
/home/ec2-user/ndvi_sqs_work/inner_mongolia/raw/HLS-VI.S30.T50TQQ.2018102T024549.v2.0.NDVI.tif,HLS-VI.S30.T50TQQ.2018102T024549.v2.0.NDVI.tif,S30,T50TQQ,2018-04-12,2018102,024549,EPSG:32650,699960.0,4890240.0,809760.0,5000040.0,True
/home/ec2-user/ndvi_sqs_work/inner_mongolia/raw/HLS-VI.S30.T50TQR.2018102T024549.v2.0.NDVI.tif,HLS-VI.S30.T50TQR.2018102T024549.v2.0.NDVI.tif,S30,T50TQR,2018-04-12,2018102,024549,EPSG:32650,699960.0,4990200.0,809760.0,5100000.0,True
/home/ec2-user/ndvi_sqs_work/inner_mongolia/raw/HLS-VI.S30.T51TUJ.2018102T024549.v2.0.NDVI.tif,HLS-VI.S30.T51TUJ.2018102T024549.v2.0.NDVI.tif,S30,T51TUJ,2018-04-12,2018102,024549,EPSG:32651,300000.0,4790220.0,409800.0,4900020.0,True
/home/ec2-user/ndvi_sqs_work/inner_mongolia/raw/HLS-VI.S30.T51TUK.2018102T024549.v2.0.NDVI.tif,HLS-VI.S30.T51TUK.2018102T024549.v2.0.NDVI.tif,S30,T51TUK,2018-04-12,2018102,024549,EPSG:32651,300000.0,4890240.0,409800.0,5000040.0,True
/home/ec2-user/ndvi_sqs_work/inner_mongolia/raw/HLS-VI.S30.T51TUL.2018102T024549.v2.0.NDVI.tif,HLS-VI.S30.T51TUL.2018102T024549.v2.0.NDVI.tif,S30,T51TUL,2018-04-12,2018102,024549,EPSG:32651,300000.0,4990200.0,409800.0,5100000.0,True
/home/ec2-user/ndvi_sqs_work/inner_mongolia/raw/HLS-VI.S30.T51TVH.2018102T024549.v2.0.NDVI.tif,HLS-VI.S30.T51TVH.2018102T024549.v2.0.NDVI.tif,S30,T51TVH,2018-04-12,2018102,024549,EPSG:32651,399960.0,4690200.0,509760.0,4800000.0,True
/home/ec2-user/ndvi_sqs_work/inner_mongolia/raw/HLS-VI.S30.T51TVJ.2018102T024549.v2.0.NDVI.tif,HLS-VI.S30.T51TVJ.2018102T024549.v2.0.NDVI.tif,S30,T51TVJ,2018-04-12,2018102,024549,EPSG:32651,399960.0,4790220.0,509760.0,4900020.0,True
/home/ec2-user/ndvi_sqs_work/inner_mongolia/raw/HLS-VI.S30.T51TWH.2018102T024549.v2.0.NDVI.tif,HLS-VI.S30.T51TWH.2018102T024549.v2.0.NDVI.tif,S30,T51TWH,2018-04-12,2018102,024549,EPSG:32651,499980.0,4690200.0,609780.0,4800000.0,True
/home/ec2-user/ndvi_sqs_work/inner_mongolia/raw/HLS-VI.S30.T47TQF.2018103T035539.v2.0.NDVI.tif,HLS-VI.S30.T47TQF.2018103T035539.v2.0.NDVI.tif,S30,T47TQF,2018-04-13,2018103,035539,EPSG:32647,699960.0,4490220.0,809760.0,4600020.0,True
/home/ec2-user/ndvi_sqs_work/inner_mongolia/raw/HLS-VI.S30.T48TTL.2018103T035539.v2.0.NDVI.tif,HLS-VI.S30.T48TTL.2018103T035539.v2.0.NDVI.tif,S30,T48TTL,2018-04-13,2018103,035539,EPSG:32648,199980.0,4490220.0,309780.0,4600020.0,True
/home/ec2-user/ndvi_sqs_work/inner_mongolia/raw/HLS-VI.S30.T48TVK.2018103T035539.v2.0.NDVI.tif,HLS-VI.S30.T48TVK.2018103T035539.v2.0.NDVI.tif,S30,T48TVK,2018-04-13,2018103,035539,EPSG:32648,399960.0,4390200.0,509760.0,4500000.0,True
/home/ec2-user/ndvi_sqs_work/inner_mongolia/raw/HLS-VI.S30.T47TNH.2018104T041551.v2.0.NDVI.tif,HLS-VI.S30.T47TNH.2018104T041551.v2.0.NDVI.tif,S30,T47TNH,2018-04-14,2018104,041551,EPSG:32647,499980.0,4690200.0,609780.0,4800000.0,True
/home/ec2-user/ndvi_sqs_work/inner_mongolia/raw/HLS-VI.S30.T49SBC.2018104T032539.v2.0.NDVI.tif,HLS-VI.S30.T49SBC.2018104T032539.v2.0.NDVI.tif,S30,T49SBC,2018-04-14,2018104,032539,EPSG:32649,199980.0,4190220.0,309780.0,4300020.0,True
/home/ec2-user/ndvi_sqs_work/inner_mongolia/raw/HLS-VI.S30.T49SCD.2018104T032539.v2.0.NDVI.tif,HLS-VI.S30.T49SCD.2018104T032539.v2.0.NDVI.tif,S30,T49SCD,2018-04-14,2018104,032539,EPSG:32649,300000.0,4290240.0,409800.0,4400040.0,True
/home/ec2-user/ndvi_sqs_work/inner_mongolia/raw/HLS-VI.S30.T49TCF.2018104T032539.v2.0.NDVI.tif,HLS-VI.S30.T49TCF.2018104T032539.v2.0.NDVI.tif,S30,T49TCF,2018-04-14,2018104,032539,EPSG:32649,300000.0,4490220.0,409800.0,4600020.0,True
/home/ec2-user/ndvi_sqs_work/inner_mongolia/raw/HLS-VI.S30.T49TDF.2018104T032539.v2.0.NDVI.tif,HLS-VI.S30.T49TDF.2018104T032539.v2.0.NDVI.tif,S30,T49TDF,2018-04-14,2018104,032539,EPSG:32649,399960.0,4490220.0,509760.0,4600020.0,True
/home/ec2-user/ndvi_sqs_work/inner_mongolia/raw/HLS-VI.S30.T49TDG.2018104T032539.v2.0.NDVI.tif,HLS-VI.S30.T49TDG.2018104T032539.v2.0.NDVI.tif,S30,T49TDG,2018-04-14,2018104,032539,EPSG:32649,399960.0,4590240.0,509760.0,4700040.0,True
/home/ec2-user/ndvi_sqs_work/inner_mongolia/raw/HLS-VI.S30.T49TEL.2018104T032539.v2.0.NDVI.tif,HLS-VI.S30.T49TEL.2018104T032539.v2.0.NDVI.tif,S30,T49TEL,2018-04-14,2018104,032539,EPSG:32649,499980.0,4990200.0,609780.0,5100000.0,True
/home/ec2-user/ndvi_sqs_work/inner_mongolia/raw/HLS-VI.S30.T50ULU.2018104T032539.v2.0.NDVI.tif,HLS-VI.S30.T50ULU.2018104T032539.v2.0.NDVI.tif,S30,T50ULU,2018-04-14,2018104,032539,EPSG:32650,300000.0,5290200.0,409800.0,5400000.0,True
/home/ec2-user/ndvi_sqs_work/inner_mongolia/raw/HLS-VI.S30.T48TUK.2018105T034541.v2.0.NDVI.tif,HLS-VI.S30.T48TUK.2018105T034541.v2.0.NDVI.tif,S30,T48TUK,2018-04-15,2018105,034541,EPSG:32648,300000.0,4390200.0,409800.0,4500000.0,True
/home/ec2-user/ndvi_sqs_work/inner_mongolia/raw/HLS-VI.S30.T48TVK.2018105T034541.v2.0.NDVI.tif,HLS-VI.S30.T48TVK.2018105T034541.v2.0.NDVI.tif,S30,T48TVK,2018-04-15,2018105,034541,EPSG:32648,399960.0,4390200.0,509760.0,4500000.0,True
/home/ec2-user/ndvi_sqs_work/inner_mongolia/raw/HLS-VI.S30.T48TVL.2018105T034541.v2.0.NDVI.tif,HLS-VI.S30.T48TVL.2018105T034541.v2.0.NDVI.tif,S30,T48TVL,2018-04-15,2018105,034541,EPSG:32648,399960.0,4490220.0,509760.0,4600020.0,True
/home/ec2-user/ndvi_sqs_work/inner_mongolia/raw/HLS-VI.S30.T48TVM.2018105T034541.v2.0.NDVI.tif,HLS-VI.S30.T48TVM.2018105T034541.v2.0.NDVI.tif,S30,T48TVM,2018-04-15,2018105,034541,EPSG:32648,399960.0,4590240.0,509760.0,4700040.0,True
/home/ec2-user/ndvi_sqs_work/inner_mongolia/raw/HLS-VI.S30.T48TWK.2018105T034541.v2.0.NDVI.tif,HLS-VI.S30.T48TWK.2018105T034541.v2.0.NDVI.tif,S30,T48TWK,2018-04-15,2018105,034541,EPSG:32648,499980.0,4390200.0,609780.0,4500000.0,True
/home/ec2-user/ndvi_sqs_work/inner_mongolia/raw/HLS-VI.S30.T48TWL.2018105T034541.v2.0.NDVI.tif,HLS-VI.S30.T48TWL.2018105T034541.v2.0.NDVI.tif,S30,T48TWL,2018-04-15,2018105,034541,EPSG:32648,499980.0,4490220.0,609780.0,4600020.0,True
/home/ec2-user/ndvi_sqs_work/inner_mongolia/raw/HLS-VI.S30.T48TWM.2018105T034541.v2.0.NDVI.tif,HLS-VI.S30.T48TWM.2018105T034541.v2.0.NDVI.tif,S30,T48TWM,2018-04-15,2018105,034541,EPSG:32648,499980.0,4590240.0,609780.0,4700040.0,True
/home/ec2-user/ndvi_sqs_work/inner_mongolia/raw/HLS-VI.S30.T48TXL.2018105T034541.v2.0.NDVI.tif,HLS-VI.S30.T48TXL.2018105T034541.v2.0.NDVI.tif,S30,T48TXL,2018-04-15,2018105,034541,EPSG:32648,600000.0,4490220.0,709800.0,4600020.0,True
/home/ec2-user/ndvi_sqs_work/inner_mongolia/raw/HLS-VI.S30.T48TXM.2018105T034541.v2.0.NDVI.tif,HLS-VI.S30.T48TXM.2018105T034541.v2.0.NDVI.tif,S30,T48TXM,2018-04-15,2018105,034541,EPSG:32648,600000.0,4590240.0,709800.0,4700040.0,True
/home/ec2-user/ndvi_sqs_work/inner_mongolia/raw/HLS-VI.S30.T48TXN.2018105T034541.v2.0.NDVI.tif,HLS-VI.S30.T48TXN.2018105T034541.v2.0.NDVI.tif,S30,T48TXN,2018-04-15,2018105,034541,EPSG:32648,600000.0,4690200.0,709800.0,4800000.0,True
/home/ec2-user/ndvi_sqs_work/inner_mongolia/raw/HLS-VI.S30.T48TYM.2018105T034541.v2.0.NDVI.tif,HLS-VI.S30.T48TYM.2018105T034541.v2.0.NDVI.tif,S30,T48TYM,2018-04-15,2018105,034541,EPSG:32648,699960.0,4590240.0,809760.0,4700040.0,True
/home/ec2-user/ndvi_sqs_work/inner_mongolia/raw/HLS-VI.S30.T48TYN.2018105T034541.v2.0.NDVI.tif,HLS-VI.S30.T48TYN.2018105T034541.v2.0.NDVI.tif,S30,T48TYN,2018-04-15,2018105,034541,EPSG:32648,699960.0,4690200.0,809760.0,4800000.0,True
/home/ec2-user/ndvi_sqs_work/inner_mongolia/raw/HLS-VI.S30.T49TBG.2018105T034541.v2.0.NDVI.tif,HLS-VI.S30.T49TBG.2018105T034541.v2.0.NDVI.tif,S30,T49TBG,2018-04-15,2018105,034541,EPSG:32649,199980.0,4590240.0,309780.0,4700040.0,True
/home/ec2-user/ndvi_sqs_work/inner_mongolia/raw/HLS-VI.S30.T50TNM.2018105T025539.v2.0.NDVI.tif,HLS-VI.S30.T50TNM.2018105T025539.v2.0.NDVI.tif,S30,T50TNM,2018-04-15,2018105,025539,EPSG:32650,499980.0,4590240.0,609780.0,4700040.0,True
/home/ec2-user/ndvi_sqs_work/inner_mongolia/raw/HLS-VI.S30.T50TNN.2018105T025539.v2.0.NDVI.tif,HLS-VI.S30.T50TNN.2018105T025539.v2.0.NDVI.tif,S30,T50TNN,2018-04-15,2018105,025539,EPSG:32650,499980.0,4690200.0,609780.0,4800000.0,True
/home/ec2-user/ndvi_sqs_work/inner_mongolia/raw/HLS-VI.S30.T50TPM.2018105T025539.v2.0.NDVI.tif,HLS-VI.S30.T50TPM.2018105T025539.v2.0.NDVI.tif,S30,T50TPM,2018-04-15,2018105,025539,EPSG:32650,600000.0,4590240.0,709800.0,4700040.0,True
/home/ec2-user/ndvi_sqs_work/inner_mongolia/raw/HLS-VI.S30.T50TPN.2018105T025539.v2.0.NDVI.tif,HLS-VI.S30.T50TPN.2018105T025539.v2.0.NDVI.tif,S30,T50TPN,2018-04-15,2018105,025539,EPSG:32650,600000.0,4690200.0,709800.0,4800000.0,True
/home/ec2-user/ndvi_sqs_work/inner_mongolia/raw/HLS-VI.S30.T50TPS.2018105T025539.v2.0.NDVI.tif,HLS-VI.S30.T50TPS.2018105T025539.v2.0.NDVI.tif,S30,T50TPS,2018-04-15,2018105,025539,EPSG:32650,600000.0,5090220.0,709800.0,5200020.0,True
/home/ec2-user/ndvi_sqs_work/inner_mongolia/raw/HLS-VI.S30.T50TPT.2018105T025539.v2.0.NDVI.tif,HLS-VI.S30.T50TPT.2018105T025539.v2.0.NDVI.tif,S30,T50TPT,2018-04-15,2018105,025539,EPSG:32650,600000.0,5190240.0,709800.0,5300040.0,True
/home/ec2-user/ndvi_sqs_work/inner_mongolia/raw/HLS-VI.S30.T50TQL.2018105T025539.v2.0.NDVI.tif,HLS-VI.S30.T50TQL.2018105T025539.v2.0.NDVI.tif,S30,T50TQL,2018-04-15,2018105,025539,EPSG:32650,699960.0,4490220.0,809760.0,4600020.0,True
/home/ec2-user/ndvi_sqs_work/inner_mongolia/raw/HLS-VI.S30.T50TQM.2018105T025539.v2.0.NDVI.tif,HLS-VI.S30.T50TQM.2018105T025539.v2.0.NDVI.tif,S30,T50TQM,2018-04-15,2018105,025539,EPSG:32650,699960.0,4590240.0,809760.0,4700040.0,True
/home/ec2-user/ndvi_sqs_work/inner_mongolia/raw/HLS-VI.S30.T50TQN.2018105T025539.v2.0.NDVI.tif,HLS-VI.S30.T50TQN.2018105T025539.v2.0.NDVI.tif,S30,T50TQN,2018-04-15,2018105,025539,EPSG:32650,699960.0,4690200.0,809760.0,4800000.0,True
/home/ec2-user/ndvi_sqs_work/inner_mongolia/raw/HLS-VI.S30.T50TQP.2018105T025539.v2.0.NDVI.tif,HLS-VI.S30.T50TQP.2018105T025539.v2.0.NDVI.tif,S30,T50TQP,2018-04-15,2018105,025539,EPSG:32650,699960.0,4790220.0,809760.0,4900020.0,True
/home/ec2-user/ndvi_sqs_work/inner_mongolia/raw/HLS-VI.S30.T50TQT.2018105T025539.v2.0.NDVI.tif,HLS-VI.S30.T50TQT.2018105T025539.v2.0.NDVI.tif,S30,T50TQT,2018-04-15,2018105,025539,EPSG:32650,699960.0,5190240.0,809760.0,5300040.0,True
/home/ec2-user/ndvi_sqs_work/inner_mongolia/raw/HLS-VI.S30.T50UPU.2018105T025539.v2.0.NDVI.tif,HLS-VI.S30.T50UPU.2018105T025539.v2.0.NDVI.tif,S30,T50UPU,2018-04-15,2018105,025539,EPSG:32650,600000.0,5290200.0,709800.0,5400000.0,True
/home/ec2-user/ndvi_sqs_work/inner_mongolia/raw/HLS-VI.S30.T50UPV.2018105T025539.v2.0.NDVI.tif,HLS-VI.S30.T50UPV.2018105T025539.v2.0.NDVI.tif,S30,T50UPV,2018-04-15,2018105,025539,EPSG:32650,600000.0,5390220.0,709800.0,5500020.0,True
/home/ec2-user/ndvi_sqs_work/inner_mongolia/raw/HLS-VI.S30.T50UQC.2018105T025539.v2.0.NDVI.tif,HLS-VI.S30.T50UQC.2018105T025539.v2.0.NDVI.tif,S30,T50UQC,2018-04-15,2018105,025539,EPSG:32650,699960.0,5690220.0,809760.0,5800020.0,True
/home/ec2-user/ndvi_sqs_work/inner_mongolia/raw/HLS-VI.S30.T50UQU.2018105T025539.v2.0.NDVI.tif,HLS-VI.S30.T50UQU.2018105T025539.v2.0.NDVI.tif,S30,T50UQU,2018-04-15,2018105,025539,EPSG:32650,699960.0,5290200.0,809760.0,5400000.0,True
/home/ec2-user/ndvi_sqs_work/inner_mongolia/raw/HLS-VI.S30.T50UQV.2018105T025539.v2.0.NDVI.tif,HLS-VI.S30.T50UQV.2018105T025539.v2.0.NDVI.tif,S30,T50UQV,2018-04-15,2018105,025539,EPSG:32650,699960.0,5390220.0,809760.0,5500020.0,True
/home/ec2-user/ndvi_sqs_work/inner_mongolia/raw/HLS-VI.S30.T51TTF.2018105T025539.v2.0.NDVI.tif,HLS-VI.S30.T51TTF.2018105T025539.v2.0.NDVI.tif,S30,T51TTF,2018-04-15,2018105,025539,EPSG:32651,199980.0,4490220.0,309780.0,4600020.0,True
/home/ec2-user/ndvi_sqs_work/inner_mongolia/raw/HLS-VI.S30.T51TTG.2018105T025539.v2.0.NDVI.tif,HLS-VI.S30.T51TTG.2018105T025539.v2.0.NDVI.tif,S30,T51TTG,2018-04-15,2018105,025539,EPSG:32651,199980.0,4590240.0,309780.0,4700040.0,True
/home/ec2-user/ndvi_sqs_work/inner_mongolia/raw/HLS-VI.S30.T51TUG.2018105T025539.v2.0.NDVI.tif,HLS-VI.S30.T51TUG.2018105T025539.v2.0.NDVI.tif,S30,T51TUG,2018-04-15,2018105,025539,EPSG:32651,300000.0,4590240.0,409800.0,4700040.0,True
/home/ec2-user/ndvi_sqs_work/inner_mongolia/raw/HLS-VI.S30.T51TUH.2018105T025539.v2.0.NDVI.tif,HLS-VI.S30.T51TUH.2018105T025539.v2.0.NDVI.tif,S30,T51TUH,2018-04-15,2018105,025539,EPSG:32651,300000.0,4690200.0,409800.0,4800000.0,True
/home/ec2-user/ndvi_sqs_work/inner_mongolia/raw/HLS-VI.S30.T51TUJ.2018105T025539.v2.0.NDVI.tif,HLS-VI.S30.T51TUJ.2018105T025539.v2.0.NDVI.tif,S30,T51TUJ,2018-04-15,2018105,025539,EPSG:32651,300000.0,4790220.0,409800.0,4900020.0,True
/home/ec2-user/ndvi_sqs_work/inner_mongolia/raw/HLS-VI.S30.T51TUK.2018105T025539.v2.0.NDVI.tif,HLS-VI.S30.T51TUK.2018105T025539.v2.0.NDVI.tif,S30,T51TUK,2018-04-15,2018105,025539,EPSG:32651,300000.0,4890240.0,409800.0,5000040.0,True
/home/ec2-user/ndvi_sqs_work/inner_mongolia/raw/HLS-VI.S30.T51TUL.2018105T025539.v2.0.NDVI.tif,HLS-VI.S30.T51TUL.2018105T025539.v2.0.NDVI.tif,S30,T51TUL,2018-04-15,2018105,025539,EPSG:32651,300000.0,4990200.0,409800.0,5100000.0,True
/home/ec2-user/ndvi_sqs_work/inner_mongolia/raw/HLS-VI.S30.T51TUM.2018105T025539.v2.0.NDVI.tif,HLS-VI.S30.T51TUM.2018105T025539.v2.0.NDVI.tif,S30,T51TUM,2018-04-15,2018105,025539,EPSG:32651,300000.0,5090220.0,409800.0,5200020.0,True
/home/ec2-user/ndvi_sqs_work/inner_mongolia/raw/HLS-VI.S30.T51TUN.2018105T025539.v2.0.NDVI.tif,HLS-VI.S30.T51TUN.2018105T025539.v2.0.NDVI.tif,S30,T51TUN,2018-04-15,2018105,025539,EPSG:32651,300000.0,5190240.0,409800.0,5300040.0,True
/home/ec2-user/ndvi_sqs_work/inner_mongolia/raw/HLS-VI.S30.T51TVL.2018105T025539.v2.0.NDVI.tif,HLS-VI.S30.T51TVL.2018105T025539.v2.0.NDVI.tif,S30,T51TVL,2018-04-15,2018105,025539,EPSG:32651,399960.0,4990200.0,509760.0,5100000.0,True
/home/ec2-user/ndvi_sqs_work/inner_mongolia/raw/HLS-VI.S30.T51TVM.2018105T025539.v2.0.NDVI.tif,HLS-VI.S30.T51TVM.2018105T025539.v2.0.NDVI.tif,S30,T51TVM,2018-04-15,2018105,025539,EPSG:32651,399960.0,5090220.0,509760.0,5200020.0,True
/home/ec2-user/ndvi_sqs_work/inner_mongolia/raw/HLS-VI.S30.T51TVN.2018105T025539.v2.0.NDVI.tif,HLS-VI.S30.T51TVN.2018105T025539.v2.0.NDVI.tif,S30,T51TVN,2018-04-15,2018105,025539,EPSG:32651,399960.0,5190240.0,509760.0,5300040.0,True
/home/ec2-user/ndvi_sqs_work/inner_mongolia/raw/HLS-VI.S30.T51UUP.2018105T025539.v2.0.NDVI.tif,HLS-VI.S30.T51UUP.2018105T025539.v2.0.NDVI.tif,S30,T51UUP,2018-04-15,2018105,025539,EPSG:32651,300000.0,5290200.0,409800.0,5400000.0,True
/home/ec2-user/ndvi_sqs_work/inner_mongolia/raw/HLS-VI.S30.T51UUQ.2018105T025539.v2.0.NDVI.tif,HLS-VI.S30.T51UUQ.2018105T025539.v2.0.NDVI.tif,S30,T51UUQ,2018-04-15,2018105,025539,EPSG:32651,300000.0,5390220.0,409800.0,5500020.0,True
/home/ec2-user/ndvi_sqs_work/inner_mongolia/raw/HLS-VI.S30.T51UUT.2018105T025539.v2.0.NDVI.tif,HLS-VI.S30.T51UUT.2018105T025539.v2.0.NDVI.tif,S30,T51UUT,2018-04-15,2018105,025539,EPSG:32651,300000.0,5690220.0,409800.0,5800020.0,True
/home/ec2-user/ndvi_sqs_work/inner_mongolia/raw/HLS-VI.S30.T51UVP.2018105T025539.v2.0.NDVI.tif,HLS-VI.S30.T51UVP.2018105T025539.v2.0.NDVI.tif,S30,T51UVP,2018-04-15,2018105,025539,EPSG:32651,399960.0,5290200.0,509760.0,5400000.0,True
/home/ec2-user/ndvi_sqs_work/inner_mongolia/raw/HLS-VI.S30.T51UVQ.2018105T025539.v2.0.NDVI.tif,HLS-VI.S30.T51UVQ.2018105T025539.v2.0.NDVI.tif,S30,T51UVQ,2018-04-15,2018105,025539,EPSG:32651,399960.0,5390220.0,509760.0,5500020.0,True
/home/ec2-user/ndvi_sqs_work/inner_mongolia/raw/HLS-VI.S30.T51UVR.2018105T025539.v2.0.NDVI.tif,HLS-VI.S30.T51UVR.2018105T025539.v2.0.NDVI.tif,S30,T51UVR,2018-04-15,2018105,025539,EPSG:32651,399960.0,5490240.0,509760.0,5600040.0,True
/home/ec2-user/ndvi_sqs_work/inner_mongolia/raw/HLS-VI.S30.T51UVS.2018105T025539.v2.0.NDVI.tif,HLS-VI.S30.T51UVS.2018105T025539.v2.0.NDVI.tif,S30,T51UVS,2018-04-15,2018105,025539,EPSG:32651,399960.0,5590200.0,509760.0,5700000.0,True
/home/ec2-user/ndvi_sqs_work/inner_mongolia/raw/HLS-VI.S30.T51UVT.2018105T025539.v2.0.NDVI.tif,HLS-VI.S30.T51UVT.2018105T025539.v2.0.NDVI.tif,S30,T51UVT,2018-04-15,2018105,025539,EPSG:32651,399960.0,5690220.0,509760.0,5800020.0,True
/home/ec2-user/ndvi_sqs_work/inner_mongolia/raw/HLS-VI.S30.T51UVU.2018105T025539.v2.0.NDVI.tif,HLS-VI.S30.T51UVU.2018105T025539.v2.0.NDVI.tif,S30,T51UVU,2018-04-15,2018105,025539,EPSG:32651,399960.0,5790240.0,509760.0,5900040.0,True
/home/ec2-user/ndvi_sqs_work/inner_mongolia/raw/HLS-VI.S30.T51UWP.2018105T025539.v2.0.NDVI.tif,HLS-VI.S30.T51UWP.2018105T025539.v2.0.NDVI.tif,S30,T51UWP,2018-04-15,2018105,025539,EPSG:32651,499980.0,5290200.0,609780.0,5400000.0,True
/home/ec2-user/ndvi_sqs_work/inner_mongolia/raw/HLS-VI.S30.T51UWQ.2018105T025539.v2.0.NDVI.tif,HLS-VI.S30.T51UWQ.2018105T025539.v2.0.NDVI.tif,S30,T51UWQ,2018-04-15,2018105,025539,EPSG:32651,499980.0,5390220.0,609780.0,5500020.0,True
/home/ec2-user/ndvi_sqs_work/inner_mongolia/raw/HLS-VI.S30.T51UXS.2018105T025539.v2.0.NDVI.tif,HLS-VI.S30.T51UXS.2018105T025539.v2.0.NDVI.tif,S30,T51UXS,2018-04-15,2018105,025539,EPSG:32651,600000.0,5590200.0,709800.0,5700000.0,True
/home/ec2-user/ndvi_sqs_work/inner_mongolia/raw/HLS-VI.S30.T51UXT.2018105T025539.v2.0.NDVI.tif,HLS-VI.S30.T51UXT.2018105T025539.v2.0.NDVI.tif,S30,T51UXT,2018-04-15,2018105,025539,EPSG:32651,600000.0,5690220.0,709800.0,5800020.0,True
/home/ec2-user/ndvi_sqs_work/inner_mongolia/raw/HLS-VI.S30.T47TQE.2018106T040539.v2.0.NDVI.tif,HLS-VI.S30.T47TQE.2018106T040539.v2.0.NDVI.tif,S30,T47TQE,2018-04-16,2018106,040539,EPSG:32647,699960.0,4390200.0,809760.0,4500000.0,True
/home/ec2-user/ndvi_sqs_work/inner_mongolia/raw/HLS-VI.S30.T48TTK.2018106T040539.v2.0.NDVI.tif,HLS-VI.S30.T48TTK.2018106T040539.v2.0.NDVI.tif,S30,T48TTK,2018-04-16,2018106,040539,EPSG:32648,199980.0,4390200.0,309780.0,4500000.0,True
/home/ec2-user/ndvi_sqs_work/inner_mongolia/raw/HLS-VI.S30.T48TUM.2018106T040539.v2.0.NDVI.tif,HLS-VI.S30.T48TUM.2018106T040539.v2.0.NDVI.tif,S30,T48TUM,2018-04-16,2018106,040539,EPSG:32648,300000.0,4590240.0,409800.0,4700040.0,True
/home/ec2-user/ndvi_sqs_work/inner_mongolia/raw/HLS-VI.S30.T49SED.2018106T031541.v2.0.NDVI.tif,HLS-VI.S30.T49SED.2018106T031541.v2.0.NDVI.tif,S30,T49SED,2018-04-16,2018106,031541,EPSG:32649,499980.0,4290240.0,609780.0,4400040.0,True
/home/ec2-user/ndvi_sqs_work/inner_mongolia/raw/HLS-VI.S30.T49TEE.2018106T031541.v2.0.NDVI.tif,HLS-VI.S30.T49TEE.2018106T031541.v2.0.NDVI.tif,S30,T49TEE,2018-04-16,2018106,031541,EPSG:32649,499980.0,4390200.0,609780.0,4500000.0,True
/home/ec2-user/ndvi_sqs_work/inner_mongolia/raw/HLS-VI.S30.T48SYG.2018107T033539.v2.0.NDVI.tif,HLS-VI.S30.T48SYG.2018107T033539.v2.0.NDVI.tif,S30,T48SYG,2018-04-17,2018107,033539,EPSG:32648,699960.0,4090200.0,809760.0,4200000.0,True
/home/ec2-user/ndvi_sqs_work/inner_mongolia/raw/HLS-VI.S30.T49SBB.2018107T033539.v2.0.NDVI.tif,HLS-VI.S30.T49SBB.2018107T033539.v2.0.NDVI.tif,S30,T49SBB,2018-04-17,2018107,033539,EPSG:32649,199980.0,4090200.0,309780.0,4200000.0,True
/home/ec2-user/ndvi_sqs_work/inner_mongolia/raw/HLS-VI.S30.T49SCB.2018107T033539.v2.0.NDVI.tif,HLS-VI.S30.T49SCB.2018107T033539.v2.0.NDVI.tif,S30,T49SCB,2018-04-17,2018107,033539,EPSG:32649,300000.0,4090200.0,409800.0,4200000.0,True
/home/ec2-user/ndvi_sqs_work/inner_mongolia/raw/HLS-VI.S30.T49SCC.2018107T033539.v2.0.NDVI.tif,HLS-VI.S30.T49SCC.2018107T033539.v2.0.NDVI.tif,S30,T49SCC,2018-04-17,2018107,033539,EPSG:32649,300000.0,4190220.0,409800.0,4300020.0,True
/home/ec2-user/ndvi_sqs_work/inner_mongolia/raw/HLS-VI.S30.T49SCD.2018107T033539.v2.0.NDVI.tif,HLS-VI.S30.T49SCD.2018107T033539.v2.0.NDVI.tif,S30,T49SCD,2018-04-17,2018107,033539,EPSG:32649,300000.0,4290240.0,409800.0,4400040.0,True
/home/ec2-user/ndvi_sqs_work/inner_mongolia/raw/HLS-VI.S30.T49TDE.2018107T033539.v2.0.NDVI.tif,HLS-VI.S30.T49TDE.2018107T033539.v2.0.NDVI.tif,S30,T49TDE,2018-04-17,2018107,033539,EPSG:32649,399960.0,4390200.0,509760.0,4500000.0,True
/home/ec2-user/ndvi_sqs_work/inner_mongolia/raw/HLS-VI.S30.T49TDF.2018107T033539.v2.0.NDVI.tif,HLS-VI.S30.T49TDF.2018107T033539.v2.0.NDVI.tif,S30,T49TDF,2018-04-17,2018107,033539,EPSG:32649,399960.0,4490220.0,509760.0,4600020.0,True
/home/ec2-user/ndvi_sqs_work/inner_mongolia/raw/HLS-VI.S30.T49TDG.2018107T033539.v2.0.NDVI.tif,HLS-VI.S30.T49TDG.2018107T033539.v2.0.NDVI.tif,S30,T49TDG,2018-04-17,2018107,033539,EPSG:32649,399960.0,4590240.0,509760.0,4700040.0,True
/home/ec2-user/ndvi_sqs_work/inner_mongolia/raw/HLS-VI.S30.T49TDH.2018107T033539.v2.0.NDVI.tif,HLS-VI.S30.T49TDH.2018107T033539.v2.0.NDVI.tif,S30,T49TDH,2018-04-17,2018107,033539,EPSG:32649,399960.0,4690200.0,509760.0,4800000.0,True
/home/ec2-user/ndvi_sqs_work/inner_mongolia/raw/HLS-VI.S30.T49TDJ.2018107T033539.v2.0.NDVI.tif,HLS-VI.S30.T49TDJ.2018107T033539.v2.0.NDVI.tif,S30,T49TDJ,2018-04-17,2018107,033539,EPSG:32649,399960.0,4790220.0,509760.0,4900020.0,True
/home/ec2-user/ndvi_sqs_work/inner_mongolia/raw/HLS-VI.S30.T50TQR.2018107T024551.v2.0.NDVI.tif,HLS-VI.S30.T50TQR.2018107T024551.v2.0.NDVI.tif,S30,T50TQR,2018-04-17,2018107,024551,EPSG:32650,699960.0,4990200.0,809760.0,5100000.0,True
/home/ec2-user/ndvi_sqs_work/inner_mongolia/raw/HLS-VI.S30.T49TGE.2018108T030539.v2.0.NDVI.tif,HLS-VI.S30.T49TGE.2018108T030539.v2.0.NDVI.tif,S30,T49TGE,2018-04-18,2018108,030539,EPSG:32649,699960.0,4390200.0,809760.0,4500000.0,True
/home/ec2-user/ndvi_sqs_work/inner_mongolia/raw/HLS-VI.S30.T49TGF.2018108T030539.v2.0.NDVI.tif,HLS-VI.S30.T49TGF.2018108T030539.v2.0.NDVI.tif,S30,T49TGF,2018-04-18,2018108,030539,EPSG:32649,699960.0,4490220.0,809760.0,4600020.0,True
/home/ec2-user/ndvi_sqs_work/inner_mongolia/raw/HLS-VI.S30.T50TKK.2018108T030539.v2.0.NDVI.tif,HLS-VI.S30.T50TKK.2018108T030539.v2.0.NDVI.tif,S30,T50TKK,2018-04-18,2018108,030539,EPSG:32650,199980.0,4390200.0,309780.0,4500000.0,True
/home/ec2-user/ndvi_sqs_work/inner_mongolia/raw/HLS-VI.S30.T50TKL.2018108T030539.v2.0.NDVI.tif,HLS-VI.S30.T50TKL.2018108T030539.v2.0.NDVI.tif,S30,T50TKL,2018-04-18,2018108,030539,EPSG:32650,199980.0,4490220.0,309780.0,4600020.0,True
/home/ec2-user/ndvi_sqs_work/inner_mongolia/raw/HLS-VI.S30.T50TLN.2018108T030539.v2.0.NDVI.tif,HLS-VI.S30.T50TLN.2018108T030539.v2.0.NDVI.tif,S30,T50TLN,2018-04-18,2018108,030539,EPSG:32650,300000.0,4690200.0,409800.0,4800000.0,True
/home/ec2-user/ndvi_sqs_work/inner_mongolia/raw/HLS-VI.S30.T51UVV.2018108T030539.v2.0.NDVI.tif,HLS-VI.S30.T51UVV.2018108T030539.v2.0.NDVI.tif,S30,T51UVV,2018-04-18,2018108,030539,EPSG:32651,399960.0,5890200.0,509760.0,6000000.0,True
/home/ec2-user/ndvi_sqs_work/inner_mongolia/raw/HLS-VI.S30.T48SYJ.2018109T032541.v2.0.NDVI.tif,HLS-VI.S30.T48SYJ.2018109T032541.v2.0.NDVI.tif,S30,T48SYJ,2018-04-19,2018109,032541,EPSG:32648,699960.0,4290240.0,809760.0,4400040.0,True
/home/ec2-user/ndvi_sqs_work/inner_mongolia/raw/HLS-VI.S30.T49SBB.2018109T032541.v2.0.NDVI.tif,HLS-VI.S30.T49SBB.2018109T032541.v2.0.NDVI.tif,S30,T49SBB,2018-04-19,2018109,032541,EPSG:32649,199980.0,4090200.0,309780.0,4200000.0,True
/home/ec2-user/ndvi_sqs_work/inner_mongolia/raw/HLS-VI.S30.T49SBD.2018109T032541.v2.0.NDVI.tif,HLS-VI.S30.T49SBD.2018109T032541.v2.0.NDVI.tif,S30,T49SBD,2018-04-19,2018109,032541,EPSG:32649,199980.0,4290240.0,309780.0,4400040.0,True
/home/ec2-user/ndvi_sqs_work/inner_mongolia/raw/HLS-VI.S30.T49TBE.2018109T032541.v2.0.NDVI.tif,HLS-VI.S30.T49TBE.2018109T032541.v2.0.NDVI.tif,S30,T49TBE,2018-04-19,2018109,032541,EPSG:32649,199980.0,4390200.0,309780.0,4500000.0,True
/home/ec2-user/ndvi_sqs_work/inner_mongolia/raw/HLS-VI.S30.T51TWN.2018109T023549.v2.0.NDVI.tif,HLS-VI.S30.T51TWN.2018109T023549.v2.0.NDVI.tif,S30,T51TWN,2018-04-19,2018109,023549,EPSG:32651,499980.0,5190240.0,609780.0,5300040.0,True
/home/ec2-user/ndvi_sqs_work/inner_mongolia/raw/HLS-VI.S30.T51UWP.2018109T023549.v2.0.NDVI.tif,HLS-VI.S30.T51UWP.2018109T023549.v2.0.NDVI.tif,S30,T51UWP,2018-04-19,2018109,023549,EPSG:32651,499980.0,5290200.0,609780.0,5400000.0,True
/home/ec2-user/ndvi_sqs_work/inner_mongolia/raw/HLS-VI.S30.T51UXR.2018109T023549.v2.0.NDVI.tif,HLS-VI.S30.T51UXR.2018109T023549.v2.0.NDVI.tif,S30,T51UXR,2018-04-19,2018109,023549,EPSG:32651,600000.0,5490240.0,709800.0,5600040.0,True
/home/ec2-user/ndvi_sqs_work/inner_mongolia/raw/HLS-VI.S30.T51UXS.2018109T023549.v2.0.NDVI.tif,HLS-VI.S30.T51UXS.2018109T023549.v2.0.NDVI.tif,S30,T51UXS,2018-04-19,2018109,023549,EPSG:32651,600000.0,5590200.0,709800.0,5700000.0,True
/home/ec2-user/ndvi_sqs_work/inner_mongolia/raw/HLS-VI.S30.T51UYS.2018109T023549.v2.0.NDVI.tif,HLS-VI.S30.T51UYS.2018109T023549.v2.0.NDVI.tif,S30,T51UYS,2018-04-19,2018109,023549,EPSG:32651,699960.0,5590200.0,809760.0,5700000.0,True
/home/ec2-user/ndvi_sqs_work/inner_mongolia/raw/HLS-VI.S30.T48TUK.2018110T034539.v2.0.NDVI.tif,HLS-VI.S30.T48TUK.2018110T034539.v2.0.NDVI.tif,S30,T48TUK,2018-04-20,2018110,034539,EPSG:32648,300000.0,4390200.0,409800.0,4500000.0,True
/home/ec2-user/ndvi_sqs_work/inner_mongolia/raw/HLS-VI.S30.T48TVL.2018110T034539.v2.0.NDVI.tif,HLS-VI.S30.T48TVL.2018110T034539.v2.0.NDVI.tif,S30,T48TVL,2018-04-20,2018110,034539,EPSG:32648,399960.0,4490220.0,509760.0,4600020.0,True
/home/ec2-user/ndvi_sqs_work/inner_mongolia/raw/HLS-VI.S30.T50TPL.2018110T025551.v2.0.NDVI.tif,HLS-VI.S30.T50TPL.2018110T025551.v2.0.NDVI.tif,S30,T50TPL,2018-04-20,2018110,025551,EPSG:32650,600000.0,4490220.0,709800.0,4600020.0,True
/home/ec2-user/ndvi_sqs_work/inner_mongolia/raw/HLS-VI.S30.T50UNA.2018111T031539.v2.0.NDVI.tif,HLS-VI.S30.T50UNA.2018111T031539.v2.0.NDVI.tif,S30,T50UNA,2018-04-21,2018111,031539,EPSG:32650,499980.0,5490240.0,609780.0,5600040.0,True
/home/ec2-user/ndvi_sqs_work/inner_mongolia/raw/HLS-VI.S30.T50UPA.2018111T031539.v2.0.NDVI.tif,HLS-VI.S30.T50UPA.2018111T031539.v2.0.NDVI.tif,S30,T50UPA,2018-04-21,2018111,031539,EPSG:32650,600000.0,5490240.0,709800.0,5600040.0,True
/home/ec2-user/ndvi_sqs_work/inner_mongolia/raw/HLS-VI.S30.T50UQD.2018111T031539.v2.0.NDVI.tif,HLS-VI.S30.T50UQD.2018111T031539.v2.0.NDVI.tif,S30,T50UQD,2018-04-21,2018111,031539,EPSG:32650,699960.0,5790240.0,809760.0,5900040.0,True
/home/ec2-user/ndvi_sqs_work/inner_mongolia/raw/HLS-VI.S30.T51UUU.2018111T031539.v2.0.NDVI.tif,HLS-VI.S30.T51UUU.2018111T031539.v2.0.NDVI.tif,S30,T51UUU,2018-04-21,2018111,031539,EPSG:32651,300000.0,5790240.0,409800.0,5900040.0,True
/home/ec2-user/ndvi_sqs_work/inner_mongolia/raw/HLS-VI.S30.T51UVR.2018112T024549.v2.0.NDVI.tif,HLS-VI.S30.T51UVR.2018112T024549.v2.0.NDVI.tif,S30,T51UVR,2018-04-22,2018112,024549,EPSG:32651,399960.0,5490240.0,509760.0,5600040.0,True
/home/ec2-user/ndvi_sqs_work/inner_mongolia/raw/HLS-VI.S30.T51UWR.2018112T024549.v2.0.NDVI.tif,HLS-VI.S30.T51UWR.2018112T024549.v2.0.NDVI.tif,S30,T51UWR,2018-04-22,2018112,024549,EPSG:32651,499980.0,5490240.0,609780.0,5600040.0,True
/home/ec2-user/ndvi_sqs_work/inner_mongolia/raw/HLS-VI.S30.T51UWS.2018112T024549.v2.0.NDVI.tif,HLS-VI.S30.T51UWS.2018112T024549.v2.0.NDVI.tif,S30,T51UWS,2018-04-22,2018112,024549,EPSG:32651,499980.0,5590200.0,609780.0,5700000.0,True
/home/ec2-user/ndvi_sqs_work/inner_mongolia/raw/HLS-VI.S30.T51UXQ.2018112T024549.v2.0.NDVI.tif,HLS-VI.S30.T51UXQ.2018112T024549.v2.0.NDVI.tif,S30,T51UXQ,2018-04-22,2018112,024549,EPSG:32651,600000.0,5390220.0,709800.0,5500020.0,True
/home/ec2-user/ndvi_sqs_work/inner_mongolia/raw/HLS-VI.S30.T51UXR.2018112T024549.v2.0.NDVI.tif,HLS-VI.S30.T51UXR.2018112T024549.v2.0.NDVI.tif,S30,T51UXR,2018-04-22,2018112,024549,EPSG:32651,600000.0,5490240.0,709800.0,5600040.0,True
/home/ec2-user/ndvi_sqs_work/inner_mongolia/raw/HLS-VI.S30.T51UXS.2018112T024549.v2.0.NDVI.tif,HLS-VI.S30.T51UXS.2018112T024549.v2.0.NDVI.tif,S30,T51UXS,2018-04-22,2018112,024549,EPSG:32651,600000.0,5590200.0,709800.0,5700000.0,True
/home/ec2-user/ndvi_sqs_work/inner_mongolia/raw/HLS-VI.S30.T51UYS.2018112T024549.v2.0.NDVI.tif,HLS-VI.S30.T51UYS.2018112T024549.v2.0.NDVI.tif,S30,T51UYS,2018-04-22,2018112,024549,EPSG:32651,699960.0,5590200.0,809760.0,5700000.0,True
/home/ec2-user/ndvi_sqs_work/inner_mongolia/raw/HLS-VI.S30.T50UNA.2018113T030541.v2.0.NDVI.tif,HLS-VI.S30.T50UNA.2018113T030541.v2.0.NDVI.tif,S30,T50UNA,2018-04-23,2018113,030541,EPSG:32650,499980.0,5490240.0,609780.0,5600040.0,True
/home/ec2-user/ndvi_sqs_work/inner_mongolia/raw/HLS-VI.S30.T50UPB.2018113T030541.v2.0.NDVI.tif,HLS-VI.S30.T50UPB.2018113T030541.v2.0.NDVI.tif,S30,T50UPB,2018-04-23,2018113,030541,EPSG:32650,600000.0,5590200.0,709800.0,5700000.0,True
/home/ec2-user/ndvi_sqs_work/inner_mongolia/raw/HLS-VI.S30.T50UPU.2018113T030541.v2.0.NDVI.tif,HLS-VI.S30.T50UPU.2018113T030541.v2.0.NDVI.tif,S30,T50UPU,2018-04-23,2018113,030541,EPSG:32650,600000.0,5290200.0,709800.0,5400000.0,True
/home/ec2-user/ndvi_sqs_work/inner_mongolia/raw/HLS-VI.S30.T50UQC.2018113T030541.v2.0.NDVI.tif,HLS-VI.S30.T50UQC.2018113T030541.v2.0.NDVI.tif,S30,T50UQC,2018-04-23,2018113,030541,EPSG:32650,699960.0,5690220.0,809760.0,5800020.0,True
/home/ec2-user/ndvi_sqs_work/inner_mongolia/raw/HLS-VI.S30.T50UQV.2018113T030541.v2.0.NDVI.tif,HLS-VI.S30.T50UQV.2018113T030541.v2.0.NDVI.tif,S30,T50UQV,2018-04-23,2018113,030541,EPSG:32650,699960.0,5390220.0,809760.0,5500020.0,True
/home/ec2-user/ndvi_sqs_work/inner_mongolia/raw/HLS-VI.S30.T51UUQ.2018113T030541.v2.0.NDVI.tif,HLS-VI.S30.T51UUQ.2018113T030541.v2.0.NDVI.tif,S30,T51UUQ,2018-04-23,2018113,030541,EPSG:32651,300000.0,5390220.0,409800.0,5500020.0,True
/home/ec2-user/ndvi_sqs_work/inner_mongolia/raw/HLS-VI.S30.T51UUT.2018113T030541.v2.0.NDVI.tif,HLS-VI.S30.T51UUT.2018113T030541.v2.0.NDVI.tif,S30,T51UUT,2018-04-23,2018113,030541,EPSG:32651,300000.0,5690220.0,409800.0,5800020.0,True
/home/ec2-user/ndvi_sqs_work/inner_mongolia/raw/HLS-VI.S30.T49TDJ.2018114T032539.v2.0.NDVI.tif,HLS-VI.S30.T49TDJ.2018114T032539.v2.0.NDVI.tif,S30,T49TDJ,2018-04-24,2018114,032539,EPSG:32649,399960.0,4790220.0,509760.0,4900020.0,True
/home/ec2-user/ndvi_sqs_work/inner_mongolia/raw/HLS-VI.S30.T49TEJ.2018114T032539.v2.0.NDVI.tif,HLS-VI.S30.T49TEJ.2018114T032539.v2.0.NDVI.tif,S30,T49TEJ,2018-04-24,2018114,032539,EPSG:32649,499980.0,4790220.0,609780.0,4900020.0,True
/home/ec2-user/ndvi_sqs_work/inner_mongolia/raw/HLS-VI.S30.T49TEK.2018114T032539.v2.0.NDVI.tif,HLS-VI.S30.T49TEK.2018114T032539.v2.0.NDVI.tif,S30,T49TEK,2018-04-24,2018114,032539,EPSG:32649,499980.0,4890240.0,609780.0,5000040.0,True
/home/ec2-user/ndvi_sqs_work/inner_mongolia/raw/HLS-VI.S30.T49TEL.2018114T032539.v2.0.NDVI.tif,HLS-VI.S30.T49TEL.2018114T032539.v2.0.NDVI.tif,S30,T49TEL,2018-04-24,2018114,032539,EPSG:32649,499980.0,4990200.0,609780.0,5100000.0,True
/home/ec2-user/ndvi_sqs_work/inner_mongolia/raw/HLS-VI.S30.T49TFH.2018114T032539.v2.0.NDVI.tif,HLS-VI.S30.T49TFH.2018114T032539.v2.0.NDVI.tif,S30,T49TFH,2018-04-24,2018114,032539,EPSG:32649,600000.0,4690200.0,709800.0,4800000.0,True
/home/ec2-user/ndvi_sqs_work/inner_mongolia/raw/HLS-VI.S30.T49TFK.2018114T032539.v2.0.NDVI.tif,HLS-VI.S30.T49TFK.2018114T032539.v2.0.NDVI.tif,S30,T49TFK,2018-04-24,2018114,032539,EPSG:32649,600000.0,4890240.0,709800.0,5000040.0,True
/home/ec2-user/ndvi_sqs_work/inner_mongolia/raw/HLS-VI.S30.T49TGL.2018114T032539.v2.0.NDVI.tif,HLS-VI.S30.T49TGL.2018114T032539.v2.0.NDVI.tif,S30,T49TGL,2018-04-24,2018114,032539,EPSG:32649,699960.0,4990200.0,809760.0,5100000.0,True
/home/ec2-user/ndvi_sqs_work/inner_mongolia/raw/HLS-VI.S30.T51TVH.2018114T023651.v2.0.NDVI.tif,HLS-VI.S30.T51TVH.2018114T023651.v2.0.NDVI.tif,S30,T51TVH,2018-04-24,2018114,023651,EPSG:32651,399960.0,4690200.0,509760.0,4800000.0,True
/home/ec2-user/ndvi_sqs_work/inner_mongolia/raw/HLS-VI.S30.T51TVJ.2018114T023651.v2.0.NDVI.tif,HLS-VI.S30.T51TVJ.2018114T023651.v2.0.NDVI.tif,S30,T51TVJ,2018-04-24,2018114,023651,EPSG:32651,399960.0,4790220.0,509760.0,4900020.0,True
/home/ec2-user/ndvi_sqs_work/inner_mongolia/raw/HLS-VI.S30.T51TVK.2018114T023651.v2.0.NDVI.tif,HLS-VI.S30.T51TVK.2018114T023651.v2.0.NDVI.tif,S30,T51TVK,2018-04-24,2018114,023651,EPSG:32651,399960.0,4890240.0,509760.0,5000040.0,True
/home/ec2-user/ndvi_sqs_work/inner_mongolia/raw/HLS-VI.S30.T51TWH.2018114T023651.v2.0.NDVI.tif,HLS-VI.S30.T51TWH.2018114T023651.v2.0.NDVI.tif,S30,T51TWH,2018-04-24,2018114,023651,EPSG:32651,499980.0,4690200.0,609780.0,4800000.0,True
/home/ec2-user/ndvi_sqs_work/inner_mongolia/raw/HLS-VI.S30.T51TWJ.2018114T023651.v2.0.NDVI.tif,HLS-VI.S30.T51TWJ.2018114T023651.v2.0.NDVI.tif,S30,T51TWJ,2018-04-24,2018114,023651,EPSG:32651,499980.0,4790220.0,609780.0,4900020.0,True
/home/ec2-user/ndvi_sqs_work/inner_mongolia/raw/HLS-VI.S30.T51TWK.2018114T023651.v2.0.NDVI.tif,HLS-VI.S30.T51TWK.2018114T023651.v2.0.NDVI.tif,S30,T51TWK,2018-04-24,2018114,023651,EPSG:32651,499980.0,4890240.0,609780.0,5000040.0,True
/home/ec2-user/ndvi_sqs_work/inner_mongolia/raw/HLS-VI.S30.T51UXR.2018114T023651.v2.0.NDVI.tif,HLS-VI.S30.T51UXR.2018114T023651.v2.0.NDVI.tif,S30,T51UXR,2018-04-24,2018114,023651,EPSG:32651,600000.0,5490240.0,709800.0,5600040.0,True
/home/ec2-user/ndvi_sqs_work/inner_mongolia/raw/HLS-VI.S30.T51UXS.2018114T023651.v2.0.NDVI.tif,HLS-VI.S30.T51UXS.2018114T023651.v2.0.NDVI.tif,S30,T51UXS,2018-04-24,2018114,023651,EPSG:32651,600000.0,5590200.0,709800.0,5700000.0,True
/home/ec2-user/ndvi_sqs_work/inner_mongolia/raw/HLS-VI.S30.T51UXT.2018114T023651.v2.0.NDVI.tif,HLS-VI.S30.T51UXT.2018114T023651.v2.0.NDVI.tif,S30,T51UXT,2018-04-24,2018114,023651,EPSG:32651,600000.0,5690220.0,709800.0,5800020.0,True
/home/ec2-user/ndvi_sqs_work/inner_mongolia/raw/HLS-VI.S30.T51UYS.2018114T023651.v2.0.NDVI.tif,HLS-VI.S30.T51UYS.2018114T023651.v2.0.NDVI.tif,S30,T51UYS,2018-04-24,2018114,023651,EPSG:32651,699960.0,5590200.0,809760.0,5700000.0,True
/home/ec2-user/ndvi_sqs_work/inner_mongolia/raw/HLS-VI.S30.T48SWJ.2018115T034711.v2.0.NDVI.tif,HLS-VI.S30.T48SWJ.2018115T034711.v2.0.NDVI.tif,S30,T48SWJ,2018-04-25,2018115,034711,EPSG:32648,499980.0,4290240.0,609780.0,4400040.0,True
/home/ec2-user/ndvi_sqs_work/inner_mongolia/raw/HLS-VI.S30.T48TVL.2018115T034711.v2.0.NDVI.tif,HLS-VI.S30.T48TVL.2018115T034711.v2.0.NDVI.tif,S30,T48TVL,2018-04-25,2018115,034711,EPSG:32648,399960.0,4490220.0,509760.0,4600020.0,True
/home/ec2-user/ndvi_sqs_work/inner_mongolia/raw/HLS-VI.S30.T50TNM.2018115T025549.v2.0.NDVI.tif,HLS-VI.S30.T50TNM.2018115T025549.v2.0.NDVI.tif,S30,T50TNM,2018-04-25,2018115,025549,EPSG:32650,499980.0,4590240.0,609780.0,4700040.0,True
/home/ec2-user/ndvi_sqs_work/inner_mongolia/raw/HLS-VI.S30.T50TNN.2018115T025549.v2.0.NDVI.tif,HLS-VI.S30.T50TNN.2018115T025549.v2.0.NDVI.tif,S30,T50TNN,2018-04-25,2018115,025549,EPSG:32650,499980.0,4690200.0,609780.0,4800000.0,True
/home/ec2-user/ndvi_sqs_work/inner_mongolia/raw/HLS-VI.S30.T50TNP.2018115T025549.v2.0.NDVI.tif,HLS-VI.S30.T50TNP.2018115T025549.v2.0.NDVI.tif,S30,T50TNP,2018-04-25,2018115,025549,EPSG:32650,499980.0,4790220.0,609780.0,4900020.0,True
/home/ec2-user/ndvi_sqs_work/inner_mongolia/raw/HLS-VI.S30.T50TNQ.2018115T025549.v2.0.NDVI.tif,HLS-VI.S30.T50TNQ.2018115T025549.v2.0.NDVI.tif,S30,T50TNQ,2018-04-25,2018115,025549,EPSG:32650,499980.0,4890240.0,609780.0,5000040.0,True
/home/ec2-user/ndvi_sqs_work/inner_mongolia/raw/HLS-VI.S30.T50TPL.2018115T025549.v2.0.NDVI.tif,HLS-VI.S30.T50TPL.2018115T025549.v2.0.NDVI.tif,S30,T50TPL,2018-04-25,2018115,025549,EPSG:32650,600000.0,4490220.0,709800.0,4600020.0,True
/home/ec2-user/ndvi_sqs_work/inner_mongolia/raw/HLS-VI.S30.T50TPM.2018115T025549.v2.0.NDVI.tif,HLS-VI.S30.T50TPM.2018115T025549.v2.0.NDVI.tif,S30,T50TPM,2018-04-25,2018115,025549,EPSG:32650,600000.0,4590240.0,709800.0,4700040.0,True
/home/ec2-user/ndvi_sqs_work/inner_mongolia/raw/HLS-VI.S30.T50TPN.2018115T025549.v2.0.NDVI.tif,HLS-VI.S30.T50TPN.2018115T025549.v2.0.NDVI.tif,S30,T50TPN,2018-04-25,2018115,025549,EPSG:32650,600000.0,4690200.0,709800.0,4800000.0,True
/home/ec2-user/ndvi_sqs_work/inner_mongolia/raw/HLS-VI.S30.T50TPP.2018115T025549.v2.0.NDVI.tif,HLS-VI.S30.T50TPP.2018115T025549.v2.0.NDVI.tif,S30,T50TPP,2018-04-25,2018115,025549,EPSG:32650,600000.0,4790220.0,709800.0,4900020.0,True
/home/ec2-user/ndvi_sqs_work/inner_mongolia/raw/HLS-VI.S30.T50TPQ.2018115T025549.v2.0.NDVI.tif,HLS-VI.S30.T50TPQ.2018115T025549.v2.0.NDVI.tif,S30,T50TPQ,2018-04-25,2018115,025549,EPSG:32650,600000.0,4890240.0,709800.0,5000040.0,True
/home/ec2-user/ndvi_sqs_work/inner_mongolia/raw/HLS-VI.S30.T50TPS.2018115T025549.v2.0.NDVI.tif,HLS-VI.S30.T50TPS.2018115T025549.v2.0.NDVI.tif,S30,T50TPS,2018-04-25,2018115,025549,EPSG:32650,600000.0,5090220.0,709800.0,5200020.0,True
/home/ec2-user/ndvi_sqs_work/inner_mongolia/raw/HLS-VI.S30.T50TPT.2018115T025549.v2.0.NDVI.tif,HLS-VI.S30.T50TPT.2018115T025549.v2.0.NDVI.tif,S30,T50TPT,2018-04-25,2018115,025549,EPSG:32650,600000.0,5190240.0,709800.0,5300040.0,True
/home/ec2-user/ndvi_sqs_work/inner_mongolia/raw/HLS-VI.S30.T50TQL.2018115T025549.v2.0.NDVI.tif,HLS-VI.S30.T50TQL.2018115T025549.v2.0.NDVI.tif,S30,T50TQL,2018-04-25,2018115,025549,EPSG:32650,699960.0,4490220.0,809760.0,4600020.0,True
/home/ec2-user/ndvi_sqs_work/inner_mongolia/raw/HLS-VI.S30.T50TQM.2018115T025549.v2.0.NDVI.tif,HLS-VI.S30.T50TQM.2018115T025549.v2.0.NDVI.tif,S30,T50TQM,2018-04-25,2018115,025549,EPSG:32650,699960.0,4590240.0,809760.0,4700040.0,True
/home/ec2-user/ndvi_sqs_work/inner_mongolia/raw/HLS-VI.S30.T50TQN.2018115T025549.v2.0.NDVI.tif,HLS-VI.S30.T50TQN.2018115T025549.v2.0.NDVI.tif,S30,T50TQN,2018-04-25,2018115,025549,EPSG:32650,699960.0,4690200.0,809760.0,4800000.0,True
/home/ec2-user/ndvi_sqs_work/inner_mongolia/raw/HLS-VI.S30.T50TQP.2018115T025549.v2.0.NDVI.tif,HLS-VI.S30.T50TQP.2018115T025549.v2.0.NDVI.tif,S30,T50TQP,2018-04-25,2018115,025549,EPSG:32650,699960.0,4790220.0,809760.0,4900020.0,True
/home/ec2-user/ndvi_sqs_work/inner_mongolia/raw/HLS-VI.S30.T50TQQ.2018115T025549.v2.0.NDVI.tif,HLS-VI.S30.T50TQQ.2018115T025549.v2.0.NDVI.tif,S30,T50TQQ,2018-04-25,2018115,025549,EPSG:32650,699960.0,4890240.0,809760.0,5000040.0,True
/home/ec2-user/ndvi_sqs_work/inner_mongolia/raw/HLS-VI.S30.T50TQR.2018115T025549.v2.0.NDVI.tif,HLS-VI.S30.T50TQR.2018115T025549.v2.0.NDVI.tif,S30,T50TQR,2018-04-25,2018115,025549,EPSG:32650,699960.0,4990200.0,809760.0,5100000.0,True
/home/ec2-user/ndvi_sqs_work/inner_mongolia/raw/HLS-VI.S30.T50TQS.2018115T025549.v2.0.NDVI.tif,HLS-VI.S30.T50TQS.2018115T025549.v2.0.NDVI.tif,S30,T50TQS,2018-04-25,2018115,025549,EPSG:32650,699960.0,5090220.0,809760.0,5200020.0,True
/home/ec2-user/ndvi_sqs_work/inner_mongolia/raw/HLS-VI.S30.T50TQT.2018115T025549.v2.0.NDVI.tif,HLS-VI.S30.T50TQT.2018115T025549.v2.0.NDVI.tif,S30,T50TQT,2018-04-25,2018115,025549,EPSG:32650,699960.0,5190240.0,809760.0,5300040.0,True
/home/ec2-user/ndvi_sqs_work/inner_mongolia/raw/HLS-VI.S30.T50UPA.2018115T025549.v2.0.NDVI.tif,HLS-VI.S30.T50UPA.2018115T025549.v2.0.NDVI.tif,S30,T50UPA,2018-04-25,2018115,025549,EPSG:32650,600000.0,5490240.0,709800.0,5600040.0,True
/home/ec2-user/ndvi_sqs_work/inner_mongolia/raw/HLS-VI.S30.T50UPU.2018115T025549.v2.0.NDVI.tif,HLS-VI.S30.T50UPU.2018115T025549.v2.0.NDVI.tif,S30,T50UPU,2018-04-25,2018115,025549,EPSG:32650,600000.0,5290200.0,709800.0,5400000.0,True
/home/ec2-user/ndvi_sqs_work/inner_mongolia/raw/HLS-VI.S30.T50UQA.2018115T025549.v2.0.NDVI.tif,HLS-VI.S30.T50UQA.2018115T025549.v2.0.NDVI.tif,S30,T50UQA,2018-04-25,2018115,025549,EPSG:32650,699960.0,5490240.0,809760.0,5600040.0,True
/home/ec2-user/ndvi_sqs_work/inner_mongolia/raw/HLS-VI.S30.T50UQB.2018115T025549.v2.0.NDVI.tif,HLS-VI.S30.T50UQB.2018115T025549.v2.0.NDVI.tif,S30,T50UQB,2018-04-25,2018115,025549,EPSG:32650,699960.0,5590200.0,809760.0,5700000.0,True
/home/ec2-user/ndvi_sqs_work/inner_mongolia/raw/HLS-VI.S30.T50UQU.2018115T025549.v2.0.NDVI.tif,HLS-VI.S30.T50UQU.2018115T025549.v2.0.NDVI.tif,S30,T50UQU,2018-04-25,2018115,025549,EPSG:32650,699960.0,5290200.0,809760.0,5400000.0,True
/home/ec2-user/ndvi_sqs_work/inner_mongolia/raw/HLS-VI.S30.T50UQV.2018115T025549.v2.0.NDVI.tif,HLS-VI.S30.T50UQV.2018115T025549.v2.0.NDVI.tif,S30,T50UQV,2018-04-25,2018115,025549,EPSG:32650,699960.0,5390220.0,809760.0,5500020.0,True
/home/ec2-user/ndvi_sqs_work/inner_mongolia/raw/HLS-VI.S30.T51TTF.2018115T025549.v2.0.NDVI.tif,HLS-VI.S30.T51TTF.2018115T025549.v2.0.NDVI.tif,S30,T51TTF,2018-04-25,2018115,025549,EPSG:32651,199980.0,4490220.0,309780.0,4600020.0,True
/home/ec2-user/ndvi_sqs_work/inner_mongolia/raw/HLS-VI.S30.T51TTG.2018115T025549.v2.0.NDVI.tif,HLS-VI.S30.T51TTG.2018115T025549.v2.0.NDVI.tif,S30,T51TTG,2018-04-25,2018115,025549,EPSG:32651,199980.0,4590240.0,309780.0,4700040.0,True
/home/ec2-user/ndvi_sqs_work/inner_mongolia/raw/HLS-VI.S30.T51TUH.2018115T025549.v2.0.NDVI.tif,HLS-VI.S30.T51TUH.2018115T025549.v2.0.NDVI.tif,S30,T51TUH,2018-04-25,2018115,025549,EPSG:32651,300000.0,4690200.0,409800.0,4800000.0,True
/home/ec2-user/ndvi_sqs_work/inner_mongolia/raw/HLS-VI.S30.T51TUJ.2018115T025549.v2.0.NDVI.tif,HLS-VI.S30.T51TUJ.2018115T025549.v2.0.NDVI.tif,S30,T51TUJ,2018-04-25,2018115,025549,EPSG:32651,300000.0,4790220.0,409800.0,4900020.0,True
/home/ec2-user/ndvi_sqs_work/inner_mongolia/raw/HLS-VI.S30.T51TUK.2018115T025549.v2.0.NDVI.tif,HLS-VI.S30.T51TUK.2018115T025549.v2.0.NDVI.tif,S30,T51TUK,2018-04-25,2018115,025549,EPSG:32651,300000.0,4890240.0,409800.0,5000040.0,True
/home/ec2-user/ndvi_sqs_work/inner_mongolia/raw/HLS-VI.S30.T51TUL.2018115T025549.v2.0.NDVI.tif,HLS-VI.S30.T51TUL.2018115T025549.v2.0.NDVI.tif,S30,T51TUL,2018-04-25,2018115,025549,EPSG:32651,300000.0,4990200.0,409800.0,5100000.0,True
/home/ec2-user/ndvi_sqs_work/inner_mongolia/raw/HLS-VI.S30.T51TUM.2018115T025549.v2.0.NDVI.tif,HLS-VI.S30.T51TUM.2018115T025549.v2.0.NDVI.tif,S30,T51TUM,2018-04-25,2018115,025549,EPSG:32651,300000.0,5090220.0,409800.0,5200020.0,True
/home/ec2-user/ndvi_sqs_work/inner_mongolia/raw/HLS-VI.S30.T51TUN.2018115T025549.v2.0.NDVI.tif,HLS-VI.S30.T51TUN.2018115T025549.v2.0.NDVI.tif,S30,T51TUN,2018-04-25,2018115,025549,EPSG:32651,300000.0,5190240.0,409800.0,5300040.0,True
/home/ec2-user/ndvi_sqs_work/inner_mongolia/raw/HLS-VI.S30.T51TVL.2018115T025549.v2.0.NDVI.tif,HLS-VI.S30.T51TVL.2018115T025549.v2.0.NDVI.tif,S30,T51TVL,2018-04-25,2018115,025549,EPSG:32651,399960.0,4990200.0,509760.0,5100000.0,True
/home/ec2-user/ndvi_sqs_work/inner_mongolia/raw/HLS-VI.S30.T51TVM.2018115T025549.v2.0.NDVI.tif,HLS-VI.S30.T51TVM.2018115T025549.v2.0.NDVI.tif,S30,T51TVM,2018-04-25,2018115,025549,EPSG:32651,399960.0,5090220.0,509760.0,5200020.0,True
/home/ec2-user/ndvi_sqs_work/inner_mongolia/raw/HLS-VI.S30.T51TVN.2018115T025549.v2.0.NDVI.tif,HLS-VI.S30.T51TVN.2018115T025549.v2.0.NDVI.tif,S30,T51TVN,2018-04-25,2018115,025549,EPSG:32651,399960.0,5190240.0,509760.0,5300040.0,True
/home/ec2-user/ndvi_sqs_work/inner_mongolia/raw/HLS-VI.S30.T51UUP.2018115T025549.v2.0.NDVI.tif,HLS-VI.S30.T51UUP.2018115T025549.v2.0.NDVI.tif,S30,T51UUP,2018-04-25,2018115,025549,EPSG:32651,300000.0,5290200.0,409800.0,5400000.0,True
/home/ec2-user/ndvi_sqs_work/inner_mongolia/raw/HLS-VI.S30.T51UUQ.2018115T025549.v2.0.NDVI.tif,HLS-VI.S30.T51UUQ.2018115T025549.v2.0.NDVI.tif,S30,T51UUQ,2018-04-25,2018115,025549,EPSG:32651,300000.0,5390220.0,409800.0,5500020.0,True
/home/ec2-user/ndvi_sqs_work/inner_mongolia/raw/HLS-VI.S30.T51UUR.2018115T025549.v2.0.NDVI.tif,HLS-VI.S30.T51UUR.2018115T025549.v2.0.NDVI.tif,S30,T51UUR,2018-04-25,2018115,025549,EPSG:32651,300000.0,5490240.0,409800.0,5600040.0,True
/home/ec2-user/ndvi_sqs_work/inner_mongolia/raw/HLS-VI.S30.T51UUS.2018115T025549.v2.0.NDVI.tif,HLS-VI.S30.T51UUS.2018115T025549.v2.0.NDVI.tif,S30,T51UUS,2018-04-25,2018115,025549,EPSG:32651,300000.0,5590200.0,409800.0,5700000.0,True
/home/ec2-user/ndvi_sqs_work/inner_mongolia/raw/HLS-VI.S30.T51UVP.2018115T025549.v2.0.NDVI.tif,HLS-VI.S30.T51UVP.2018115T025549.v2.0.NDVI.tif,S30,T51UVP,2018-04-25,2018115,025549,EPSG:32651,399960.0,5290200.0,509760.0,5400000.0,True
/home/ec2-user/ndvi_sqs_work/inner_mongolia/raw/HLS-VI.S30.T51UVQ.2018115T025549.v2.0.NDVI.tif,HLS-VI.S30.T51UVQ.2018115T025549.v2.0.NDVI.tif,S30,T51UVQ,2018-04-25,2018115,025549,EPSG:32651,399960.0,5390220.0,509760.0,5500020.0,True
/home/ec2-user/ndvi_sqs_work/inner_mongolia/raw/HLS-VI.S30.T51UWP.2018115T025549.v2.0.NDVI.tif,HLS-VI.S30.T51UWP.2018115T025549.v2.0.NDVI.tif,S30,T51UWP,2018-04-25,2018115,025549,EPSG:32651,499980.0,5290200.0,609780.0,5400000.0,True
/home/ec2-user/ndvi_sqs_work/inner_mongolia/raw/HLS-VI.S30.T51UWQ.2018115T025549.v2.0.NDVI.tif,HLS-VI.S30.T51UWQ.2018115T025549.v2.0.NDVI.tif,S30,T51UWQ,2018-04-25,2018115,025549,EPSG:32651,499980.0,5390220.0,609780.0,5500020.0,True
/home/ec2-user/ndvi_sqs_work/inner_mongolia/raw/HLS-VI.S30.T47TNG.2018116T040539.v2.0.NDVI.tif,HLS-VI.S30.T47TNG.2018116T040539.v2.0.NDVI.tif,S30,T47TNG,2018-04-26,2018116,040539,EPSG:32647,499980.0,4590240.0,609780.0,4700040.0,True
/home/ec2-user/ndvi_sqs_work/inner_mongolia/raw/HLS-VI.S30.T47TQF.2018116T040539.v2.0.NDVI.tif,HLS-VI.S30.T47TQF.2018116T040539.v2.0.NDVI.tif,S30,T47TQF,2018-04-26,2018116,040539,EPSG:32647,699960.0,4490220.0,809760.0,4600020.0,True
/home/ec2-user/ndvi_sqs_work/inner_mongolia/raw/HLS-VI.S30.T47TQH.2018116T040539.v2.0.NDVI.tif,HLS-VI.S30.T47TQH.2018116T040539.v2.0.NDVI.tif,S30,T47TQH,2018-04-26,2018116,040539,EPSG:32647,699960.0,4690200.0,809760.0,4800000.0,True
/home/ec2-user/ndvi_sqs_work/inner_mongolia/raw/HLS-VI.S30.T48TTL.2018116T040539.v2.0.NDVI.tif,HLS-VI.S30.T48TTL.2018116T040539.v2.0.NDVI.tif,S30,T48TTL,2018-04-26,2018116,040539,EPSG:32648,199980.0,4490220.0,309780.0,4600020.0,True
/home/ec2-user/ndvi_sqs_work/inner_mongolia/raw/HLS-VI.S30.T48TUM.2018116T040539.v2.0.NDVI.tif,HLS-VI.S30.T48TUM.2018116T040539.v2.0.NDVI.tif,S30,T48TUM,2018-04-26,2018116,040539,EPSG:32648,300000.0,4590240.0,409800.0,4700040.0,True
/home/ec2-user/ndvi_sqs_work/inner_mongolia/raw/HLS-VI.S30.T49TEE.2018116T031731.v2.0.NDVI.tif,HLS-VI.S30.T49TEE.2018116T031731.v2.0.NDVI.tif,S30,T49TEE,2018-04-26,2018116,031731,EPSG:32649,499980.0,4390200.0,609780.0,4500000.0,True
/home/ec2-user/ndvi_sqs_work/inner_mongolia/raw/HLS-VI.S30.T49TEF.2018116T031731.v2.0.NDVI.tif,HLS-VI.S30.T49TEF.2018116T031731.v2.0.NDVI.tif,S30,T49TEF,2018-04-26,2018116,031731,EPSG:32649,499980.0,4490220.0,609780.0,4600020.0,True
/home/ec2-user/ndvi_sqs_work/inner_mongolia/raw/HLS-VI.S30.T49TEG.2018116T031731.v2.0.NDVI.tif,HLS-VI.S30.T49TEG.2018116T031731.v2.0.NDVI.tif,S30,T49TEG,2018-04-26,2018116,031731,EPSG:32649,499980.0,4590240.0,609780.0,4700040.0,True
/home/ec2-user/ndvi_sqs_work/inner_mongolia/raw/HLS-VI.S30.T49TEH.2018116T031731.v2.0.NDVI.tif,HLS-VI.S30.T49TEH.2018116T031731.v2.0.NDVI.tif,S30,T49TEH,2018-04-26,2018116,031731,EPSG:32649,499980.0,4690200.0,609780.0,4800000.0,True
/home/ec2-user/ndvi_sqs_work/inner_mongolia/raw/HLS-VI.S30.T49TFE.2018116T031731.v2.0.NDVI.tif,HLS-VI.S30.T49TFE.2018116T031731.v2.0.NDVI.tif,S30,T49TFE,2018-04-26,2018116,031731,EPSG:32649,600000.0,4390200.0,709800.0,4500000.0,True
/home/ec2-user/ndvi_sqs_work/inner_mongolia/raw/HLS-VI.S30.T49TFG.2018116T031731.v2.0.NDVI.tif,HLS-VI.S30.T49TFG.2018116T031731.v2.0.NDVI.tif,S30,T49TFG,2018-04-26,2018116,031731,EPSG:32649,600000.0,4590240.0,709800.0,4700040.0,True
/home/ec2-user/ndvi_sqs_work/inner_mongolia/raw/HLS-VI.S30.T49TFH.2018116T031731.v2.0.NDVI.tif,HLS-VI.S30.T49TFH.2018116T031731.v2.0.NDVI.tif,S30,T49TFH,2018-04-26,2018116,031731,EPSG:32649,600000.0,4690200.0,709800.0,4800000.0,True
/home/ec2-user/ndvi_sqs_work/inner_mongolia/raw/HLS-VI.S30.T49TFJ.2018116T031731.v2.0.NDVI.tif,HLS-VI.S30.T49TFJ.2018116T031731.v2.0.NDVI.tif,S30,T49TFJ,2018-04-26,2018116,031731,EPSG:32649,600000.0,4790220.0,709800.0,4900020.0,True
/home/ec2-user/ndvi_sqs_work/inner_mongolia/raw/HLS-VI.S30.T49TFK.2018116T031731.v2.0.NDVI.tif,HLS-VI.S30.T49TFK.2018116T031731.v2.0.NDVI.tif,S30,T49TFK,2018-04-26,2018116,031731,EPSG:32649,600000.0,4890240.0,709800.0,5000040.0,True
/home/ec2-user/ndvi_sqs_work/inner_mongolia/raw/HLS-VI.S30.T49TGE.2018116T031731.v2.0.NDVI.tif,HLS-VI.S30.T49TGE.2018116T031731.v2.0.NDVI.tif,S30,T49TGE,2018-04-26,2018116,031731,EPSG:32649,699960.0,4390200.0,809760.0,4500000.0,True
/home/ec2-user/ndvi_sqs_work/inner_mongolia/raw/HLS-VI.S30.T49TGG.2018116T031731.v2.0.NDVI.tif,HLS-VI.S30.T49TGG.2018116T031731.v2.0.NDVI.tif,S30,T49TGG,2018-04-26,2018116,031731,EPSG:32649,699960.0,4590240.0,809760.0,4700040.0,True
/home/ec2-user/ndvi_sqs_work/inner_mongolia/raw/HLS-VI.S30.T49TGH.2018116T031731.v2.0.NDVI.tif,HLS-VI.S30.T49TGH.2018116T031731.v2.0.NDVI.tif,S30,T49TGH,2018-04-26,2018116,031731,EPSG:32649,699960.0,4690200.0,809760.0,4800000.0,True
/home/ec2-user/ndvi_sqs_work/inner_mongolia/raw/HLS-VI.S30.T50TLR.2018116T031731.v2.0.NDVI.tif,HLS-VI.S30.T50TLR.2018116T031731.v2.0.NDVI.tif,S30,T50TLR,2018-04-26,2018116,031731,EPSG:32650,300000.0,4990200.0,409800.0,5100000.0,True
/home/ec2-user/ndvi_sqs_work/inner_mongolia/raw/HLS-VI.S30.T47TLF.2018117T042711.v2.0.NDVI.tif,HLS-VI.S30.T47TLF.2018117T042711.v2.0.NDVI.tif,S30,T47TLF,2018-04-27,2018117,042711,EPSG:32647,300000.0,4490220.0,409800.0,4600020.0,True
/home/ec2-user/ndvi_sqs_work/inner_mongolia/raw/HLS-VI.S30.T47TLG.2018117T042711.v2.0.NDVI.tif,HLS-VI.S30.T47TLG.2018117T042711.v2.0.NDVI.tif,S30,T47TLG,2018-04-27,2018117,042711,EPSG:32647,300000.0,4590240.0,409800.0,4700040.0,True
/home/ec2-user/ndvi_sqs_work/inner_mongolia/raw/HLS-VI.S30.T47TLH.2018117T042711.v2.0.NDVI.tif,HLS-VI.S30.T47TLH.2018117T042711.v2.0.NDVI.tif,S30,T47TLH,2018-04-27,2018117,042711,EPSG:32647,300000.0,4690200.0,409800.0,4800000.0,True
/home/ec2-user/ndvi_sqs_work/inner_mongolia/raw/HLS-VI.S30.T47TMH.2018117T042711.v2.0.NDVI.tif,HLS-VI.S30.T47TMH.2018117T042711.v2.0.NDVI.tif,S30,T47TMH,2018-04-27,2018117,042711,EPSG:32647,399960.0,4690200.0,509760.0,4800000.0,True
/home/ec2-user/ndvi_sqs_work/inner_mongolia/raw/HLS-VI.S30.T48SWJ.2018117T033539.v2.0.NDVI.tif,HLS-VI.S30.T48SWJ.2018117T033539.v2.0.NDVI.tif,S30,T48SWJ,2018-04-27,2018117,033539,EPSG:32648,499980.0,4290240.0,609780.0,4400040.0,True
/home/ec2-user/ndvi_sqs_work/inner_mongolia/raw/HLS-VI.S30.T48SXJ.2018117T033539.v2.0.NDVI.tif,HLS-VI.S30.T48SXJ.2018117T033539.v2.0.NDVI.tif,S30,T48SXJ,2018-04-27,2018117,033539,EPSG:32648,600000.0,4290240.0,709800.0,4400040.0,True
/home/ec2-user/ndvi_sqs_work/inner_mongolia/raw/HLS-VI.S30.T48TXK.2018117T033539.v2.0.NDVI.tif,HLS-VI.S30.T48TXK.2018117T033539.v2.0.NDVI.tif,S30,T48TXK,2018-04-27,2018117,033539,EPSG:32648,600000.0,4390200.0,709800.0,4500000.0,True
/home/ec2-user/ndvi_sqs_work/inner_mongolia/raw/HLS-VI.S30.T48TXL.2018117T033539.v2.0.NDVI.tif,HLS-VI.S30.T48TXL.2018117T033539.v2.0.NDVI.tif,S30,T48TXL,2018-04-27,2018117,033539,EPSG:32648,600000.0,4490220.0,709800.0,4600020.0,True
/home/ec2-user/ndvi_sqs_work/inner_mongolia/raw/HLS-VI.S30.T48TXM.2018117T033539.v2.0.NDVI.tif,HLS-VI.S30.T48TXM.2018117T033539.v2.0.NDVI.tif,S30,T48TXM,2018-04-27,2018117,033539,EPSG:32648,600000.0,4590240.0,709800.0,4700040.0,True
/home/ec2-user/ndvi_sqs_work/inner_mongolia/raw/HLS-VI.S30.T48TXN.2018117T033539.v2.0.NDVI.tif,HLS-VI.S30.T48TXN.2018117T033539.v2.0.NDVI.tif,S30,T48TXN,2018-04-27,2018117,033539,EPSG:32648,600000.0,4690200.0,709800.0,4800000.0,True
/home/ec2-user/ndvi_sqs_work/inner_mongolia/raw/HLS-VI.S30.T48TYL.2018117T033539.v2.0.NDVI.tif,HLS-VI.S30.T48TYL.2018117T033539.v2.0.NDVI.tif,S30,T48TYL,2018-04-27,2018117,033539,EPSG:32648,699960.0,4490220.0,809760.0,4600020.0,True
/home/ec2-user/ndvi_sqs_work/inner_mongolia/raw/HLS-VI.S30.T48TYM.2018117T033539.v2.0.NDVI.tif,HLS-VI.S30.T48TYM.2018117T033539.v2.0.NDVI.tif,S30,T48TYM,2018-04-27,2018117,033539,EPSG:32648,699960.0,4590240.0,809760.0,4700040.0,True
/home/ec2-user/ndvi_sqs_work/inner_mongolia/raw/HLS-VI.S30.T48TYN.2018117T033539.v2.0.NDVI.tif,HLS-VI.S30.T48TYN.2018117T033539.v2.0.NDVI.tif,S30,T48TYN,2018-04-27,2018117,033539,EPSG:32648,699960.0,4690200.0,809760.0,4800000.0,True
/home/ec2-user/ndvi_sqs_work/inner_mongolia/raw/HLS-VI.S30.T49SCC.2018117T033539.v2.0.NDVI.tif,HLS-VI.S30.T49SCC.2018117T033539.v2.0.NDVI.tif,S30,T49SCC,2018-04-27,2018117,033539,EPSG:32649,300000.0,4190220.0,409800.0,4300020.0,True
/home/ec2-user/ndvi_sqs_work/inner_mongolia/raw/HLS-VI.S30.T49TBF.2018117T033539.v2.0.NDVI.tif,HLS-VI.S30.T49TBF.2018117T033539.v2.0.NDVI.tif,S30,T49TBF,2018-04-27,2018117,033539,EPSG:32649,199980.0,4490220.0,309780.0,4600020.0,True
/home/ec2-user/ndvi_sqs_work/inner_mongolia/raw/HLS-VI.S30.T49TBG.2018117T033539.v2.0.NDVI.tif,HLS-VI.S30.T49TBG.2018117T033539.v2.0.NDVI.tif,S30,T49TBG,2018-04-27,2018117,033539,EPSG:32649,199980.0,4590240.0,309780.0,4700040.0,True
/home/ec2-user/ndvi_sqs_work/inner_mongolia/raw/HLS-VI.S30.T49TCE.2018117T033539.v2.0.NDVI.tif,HLS-VI.S30.T49TCE.2018117T033539.v2.0.NDVI.tif,S30,T49TCE,2018-04-27,2018117,033539,EPSG:32649,300000.0,4390200.0,409800.0,4500000.0,True
/home/ec2-user/ndvi_sqs_work/inner_mongolia/raw/HLS-VI.S30.T49TCF.2018117T033539.v2.0.NDVI.tif,HLS-VI.S30.T49TCF.2018117T033539.v2.0.NDVI.tif,S30,T49TCF,2018-04-27,2018117,033539,EPSG:32649,300000.0,4490220.0,409800.0,4600020.0,True
/home/ec2-user/ndvi_sqs_work/inner_mongolia/raw/HLS-VI.S30.T49TCG.2018117T033539.v2.0.NDVI.tif,HLS-VI.S30.T49TCG.2018117T033539.v2.0.NDVI.tif,S30,T49TCG,2018-04-27,2018117,033539,EPSG:32649,300000.0,4590240.0,409800.0,4700040.0,True
/home/ec2-user/ndvi_sqs_work/inner_mongolia/raw/HLS-VI.S30.T49TCH.2018117T033539.v2.0.NDVI.tif,HLS-VI.S30.T49TCH.2018117T033539.v2.0.NDVI.tif,S30,T49TCH,2018-04-27,2018117,033539,EPSG:32649,300000.0,4690200.0,409800.0,4800000.0,True
/home/ec2-user/ndvi_sqs_work/inner_mongolia/raw/HLS-VI.S30.T49TDF.2018117T033539.v2.0.NDVI.tif,HLS-VI.S30.T49TDF.2018117T033539.v2.0.NDVI.tif,S30,T49TDF,2018-04-27,2018117,033539,EPSG:32649,399960.0,4490220.0,509760.0,4600020.0,True
/home/ec2-user/ndvi_sqs_work/inner_mongolia/raw/HLS-VI.S30.T49TDG.2018117T033539.v2.0.NDVI.tif,HLS-VI.S30.T49TDG.2018117T033539.v2.0.NDVI.tif,S30,T49TDG,2018-04-27,2018117,033539,EPSG:32649,399960.0,4590240.0,509760.0,4700040.0,True
/home/ec2-user/ndvi_sqs_work/inner_mongolia/raw/HLS-VI.S30.T49TDH.2018117T033539.v2.0.NDVI.tif,HLS-VI.S30.T49TDH.2018117T033539.v2.0.NDVI.tif,S30,T49TDH,2018-04-27,2018117,033539,EPSG:32649,399960.0,4690200.0,509760.0,4800000.0,True
/home/ec2-user/ndvi_sqs_work/inner_mongolia/raw/HLS-VI.S30.T50TPL.2018117T024551.v2.0.NDVI.tif,HLS-VI.S30.T50TPL.2018117T024551.v2.0.NDVI.tif,S30,T50TPL,2018-04-27,2018117,024551,EPSG:32650,600000.0,4490220.0,709800.0,4600020.0,True
/home/ec2-user/ndvi_sqs_work/inner_mongolia/raw/HLS-VI.S30.T50TPM.2018117T024551.v2.0.NDVI.tif,HLS-VI.S30.T50TPM.2018117T024551.v2.0.NDVI.tif,S30,T50TPM,2018-04-27,2018117,024551,EPSG:32650,600000.0,4590240.0,709800.0,4700040.0,True
/home/ec2-user/ndvi_sqs_work/inner_mongolia/raw/HLS-VI.S30.T50TQL.2018117T024551.v2.0.NDVI.tif,HLS-VI.S30.T50TQL.2018117T024551.v2.0.NDVI.tif,S30,T50TQL,2018-04-27,2018117,024551,EPSG:32650,699960.0,4490220.0,809760.0,4600020.0,True
/home/ec2-user/ndvi_sqs_work/inner_mongolia/raw/HLS-VI.S30.T50TQM.2018117T024551.v2.0.NDVI.tif,HLS-VI.S30.T50TQM.2018117T024551.v2.0.NDVI.tif,S30,T50TQM,2018-04-27,2018117,024551,EPSG:32650,699960.0,4590240.0,809760.0,4700040.0,True
/home/ec2-user/ndvi_sqs_work/inner_mongolia/raw/HLS-VI.S30.T51TTF.2018117T024551.v2.0.NDVI.tif,HLS-VI.S30.T51TTF.2018117T024551.v2.0.NDVI.tif,S30,T51TTF,2018-04-27,2018117,024551,EPSG:32651,199980.0,4490220.0,309780.0,4600020.0,True
/home/ec2-user/ndvi_sqs_work/inner_mongolia/raw/HLS-VI.S30.T51TTG.2018117T024551.v2.0.NDVI.tif,HLS-VI.S30.T51TTG.2018117T024551.v2.0.NDVI.tif,S30,T51TTG,2018-04-27,2018117,024551,EPSG:32651,199980.0,4590240.0,309780.0,4700040.0,True
/home/ec2-user/ndvi_sqs_work/inner_mongolia/raw/HLS-VI.S30.T51TVH.2018117T024551.v2.0.NDVI.tif,HLS-VI.S30.T51TVH.2018117T024551.v2.0.NDVI.tif,S30,T51TVH,2018-04-27,2018117,024551,EPSG:32651,399960.0,4690200.0,509760.0,4800000.0,True
/home/ec2-user/ndvi_sqs_work/inner_mongolia/raw/HLS-VI.S30.T51TWJ.2018117T024551.v2.0.NDVI.tif,HLS-VI.S30.T51TWJ.2018117T024551.v2.0.NDVI.tif,S30,T51TWJ,2018-04-27,2018117,024551,EPSG:32651,499980.0,4790220.0,609780.0,4900020.0,True
/home/ec2-user/ndvi_sqs_work/inner_mongolia/raw/HLS-VI.S30.T51UXT.2018117T024551.v2.0.NDVI.tif,HLS-VI.S30.T51UXT.2018117T024551.v2.0.NDVI.tif,S30,T51UXT,2018-04-27,2018117,024551,EPSG:32651,600000.0,5690220.0,709800.0,5800020.0,True
/home/ec2-user/ndvi_sqs_work/inner_mongolia/raw/HLS-VI.S30.T47SPD.2018118T035541.v2.0.NDVI.tif,HLS-VI.S30.T47SPD.2018118T035541.v2.0.NDVI.tif,S30,T47SPD,2018-04-28,2018118,035541,EPSG:32647,600000.0,4290240.0,709800.0,4400040.0,True
/home/ec2-user/ndvi_sqs_work/inner_mongolia/raw/HLS-VI.S30.T47SQD.2018118T035541.v2.0.NDVI.tif,HLS-VI.S30.T47SQD.2018118T035541.v2.0.NDVI.tif,S30,T47SQD,2018-04-28,2018118,035541,EPSG:32647,699960.0,4290240.0,809760.0,4400040.0,True
/home/ec2-user/ndvi_sqs_work/inner_mongolia/raw/HLS-VI.S30.T47TPE.2018118T035541.v2.0.NDVI.tif,HLS-VI.S30.T47TPE.2018118T035541.v2.0.NDVI.tif,S30,T47TPE,2018-04-28,2018118,035541,EPSG:32647,600000.0,4390200.0,709800.0,4500000.0,True
/home/ec2-user/ndvi_sqs_work/inner_mongolia/raw/HLS-VI.S30.T47TQE.2018118T035541.v2.0.NDVI.tif,HLS-VI.S30.T47TQE.2018118T035541.v2.0.NDVI.tif,S30,T47TQE,2018-04-28,2018118,035541,EPSG:32647,699960.0,4390200.0,809760.0,4500000.0,True
/home/ec2-user/ndvi_sqs_work/inner_mongolia/raw/HLS-VI.S30.T48STJ.2018118T035541.v2.0.NDVI.tif,HLS-VI.S30.T48STJ.2018118T035541.v2.0.NDVI.tif,S30,T48STJ,2018-04-28,2018118,035541,EPSG:32648,199980.0,4290240.0,309780.0,4400040.0,True
/home/ec2-user/ndvi_sqs_work/inner_mongolia/raw/HLS-VI.S30.T48TTK.2018118T035541.v2.0.NDVI.tif,HLS-VI.S30.T48TTK.2018118T035541.v2.0.NDVI.tif,S30,T48TTK,2018-04-28,2018118,035541,EPSG:32648,199980.0,4390200.0,309780.0,4500000.0,True
/home/ec2-user/ndvi_sqs_work/inner_mongolia/raw/HLS-VI.S30.T48TUK.2018118T035541.v2.0.NDVI.tif,HLS-VI.S30.T48TUK.2018118T035541.v2.0.NDVI.tif,S30,T48TUK,2018-04-28,2018118,035541,EPSG:32648,300000.0,4390200.0,409800.0,4500000.0,True
/home/ec2-user/ndvi_sqs_work/inner_mongolia/raw/HLS-VI.S30.T48TVK.2018118T035541.v2.0.NDVI.tif,HLS-VI.S30.T48TVK.2018118T035541.v2.0.NDVI.tif,S30,T48TVK,2018-04-28,2018118,035541,EPSG:32648,399960.0,4390200.0,509760.0,4500000.0,True
/home/ec2-user/ndvi_sqs_work/inner_mongolia/raw/HLS-VI.S30.T48TVL.2018118T035541.v2.0.NDVI.tif,HLS-VI.S30.T48TVL.2018118T035541.v2.0.NDVI.tif,S30,T48TVL,2018-04-28,2018118,035541,EPSG:32648,399960.0,4490220.0,509760.0,4600020.0,True
/home/ec2-user/ndvi_sqs_work/inner_mongolia/raw/HLS-VI.S30.T49TGE.2018118T030539.v2.0.NDVI.tif,HLS-VI.S30.T49TGE.2018118T030539.v2.0.NDVI.tif,S30,T49TGE,2018-04-28,2018118,030539,EPSG:32649,699960.0,4390200.0,809760.0,4500000.0,True
/home/ec2-user/ndvi_sqs_work/inner_mongolia/raw/HLS-VI.S30.T49TGF.2018118T030539.v2.0.NDVI.tif,HLS-VI.S30.T49TGF.2018118T030539.v2.0.NDVI.tif,S30,T49TGF,2018-04-28,2018118,030539,EPSG:32649,699960.0,4490220.0,809760.0,4600020.0,True
/home/ec2-user/ndvi_sqs_work/inner_mongolia/raw/HLS-VI.S30.T49TGG.2018118T030539.v2.0.NDVI.tif,HLS-VI.S30.T49TGG.2018118T030539.v2.0.NDVI.tif,S30,T49TGG,2018-04-28,2018118,030539,EPSG:32649,699960.0,4590240.0,809760.0,4700040.0,True
/home/ec2-user/ndvi_sqs_work/inner_mongolia/raw/HLS-VI.S30.T50TKK.2018118T030539.v2.0.NDVI.tif,HLS-VI.S30.T50TKK.2018118T030539.v2.0.NDVI.tif,S30,T50TKK,2018-04-28,2018118,030539,EPSG:32650,199980.0,4390200.0,309780.0,4500000.0,True
/home/ec2-user/ndvi_sqs_work/inner_mongolia/raw/HLS-VI.S30.T50TKL.2018118T030539.v2.0.NDVI.tif,HLS-VI.S30.T50TKL.2018118T030539.v2.0.NDVI.tif,S30,T50TKL,2018-04-28,2018118,030539,EPSG:32650,199980.0,4490220.0,309780.0,4600020.0,True
/home/ec2-user/ndvi_sqs_work/inner_mongolia/raw/HLS-VI.S30.T50TLQ.2018118T030539.v2.0.NDVI.tif,HLS-VI.S30.T50TLQ.2018118T030539.v2.0.NDVI.tif,S30,T50TLQ,2018-04-28,2018118,030539,EPSG:32650,300000.0,4890240.0,409800.0,5000040.0,True
/home/ec2-user/ndvi_sqs_work/inner_mongolia/raw/HLS-VI.S30.T50TLR.2018118T030539.v2.0.NDVI.tif,HLS-VI.S30.T50TLR.2018118T030539.v2.0.NDVI.tif,S30,T50TLR,2018-04-28,2018118,030539,EPSG:32650,300000.0,4990200.0,409800.0,5100000.0,True
/home/ec2-user/ndvi_sqs_work/inner_mongolia/raw/HLS-VI.S30.T50TMM.2018118T030539.v2.0.NDVI.tif,HLS-VI.S30.T50TMM.2018118T030539.v2.0.NDVI.tif,S30,T50TMM,2018-04-28,2018118,030539,EPSG:32650,399960.0,4590240.0,509760.0,4700040.0,True
/home/ec2-user/ndvi_sqs_work/inner_mongolia/raw/HLS-VI.S30.T50TNM.2018118T030539.v2.0.NDVI.tif,HLS-VI.S30.T50TNM.2018118T030539.v2.0.NDVI.tif,S30,T50TNM,2018-04-28,2018118,030539,EPSG:32650,499980.0,4590240.0,609780.0,4700040.0,True
/home/ec2-user/ndvi_sqs_work/inner_mongolia/raw/HLS-VI.S30.T50TNN.2018118T030539.v2.0.NDVI.tif,HLS-VI.S30.T50TNN.2018118T030539.v2.0.NDVI.tif,S30,T50TNN,2018-04-28,2018118,030539,EPSG:32650,499980.0,4690200.0,609780.0,4800000.0,True
/home/ec2-user/ndvi_sqs_work/inner_mongolia/raw/HLS-VI.S30.T50TNP.2018118T030539.v2.0.NDVI.tif,HLS-VI.S30.T50TNP.2018118T030539.v2.0.NDVI.tif,S30,T50TNP,2018-04-28,2018118,030539,EPSG:32650,499980.0,4790220.0,609780.0,4900020.0,True
/home/ec2-user/ndvi_sqs_work/inner_mongolia/raw/HLS-VI.S30.T50TPN.2018118T030539.v2.0.NDVI.tif,HLS-VI.S30.T50TPN.2018118T030539.v2.0.NDVI.tif,S30,T50TPN,2018-04-28,2018118,030539,EPSG:32650,600000.0,4690200.0,709800.0,4800000.0,True
/home/ec2-user/ndvi_sqs_work/inner_mongolia/raw/HLS-VI.S30.T50TPP.2018118T030539.v2.0.NDVI.tif,HLS-VI.S30.T50TPP.2018118T030539.v2.0.NDVI.tif,S30,T50TPP,2018-04-28,2018118,030539,EPSG:32650,600000.0,4790220.0,709800.0,4900020.0,True
/home/ec2-user/ndvi_sqs_work/inner_mongolia/raw/HLS-VI.S30.T50TPQ.2018118T030539.v2.0.NDVI.tif,HLS-VI.S30.T50TPQ.2018118T030539.v2.0.NDVI.tif,S30,T50TPQ,2018-04-28,2018118,030539,EPSG:32650,600000.0,4890240.0,709800.0,5000040.0,True
/home/ec2-user/ndvi_sqs_work/inner_mongolia/raw/HLS-VI.S30.T51UXS.2018119T023549.v2.0.NDVI.tif,HLS-VI.S30.T51UXS.2018119T023549.v2.0.NDVI.tif,S30,T51UXS,2018-04-29,2018119,023549,EPSG:32651,600000.0,5590200.0,709800.0,5700000.0,True
/home/ec2-user/ndvi_sqs_work/inner_mongolia/raw/HLS-VI.S30.T47TMF.2018121T040551.v2.0.NDVI.tif,HLS-VI.S30.T47TMF.2018121T040551.v2.0.NDVI.tif,S30,T47TMF,2018-05-01,2018121,040551,EPSG:32647,399960.0,4490220.0,509760.0,4600020.0,True
/home/ec2-user/ndvi_sqs_work/inner_mongolia/raw/HLS-VI.S30.T47TNE.2018121T040551.v2.0.NDVI.tif,HLS-VI.S30.T47TNE.2018121T040551.v2.0.NDVI.tif,S30,T47TNE,2018-05-01,2018121,040551,EPSG:32647,499980.0,4390200.0,609780.0,4500000.0,True
/home/ec2-user/ndvi_sqs_work/inner_mongolia/raw/HLS-VI.S30.T47TNF.2018121T040551.v2.0.NDVI.tif,HLS-VI.S30.T47TNF.2018121T040551.v2.0.NDVI.tif,S30,T47TNF,2018-05-01,2018121,040551,EPSG:32647,499980.0,4490220.0,609780.0,4600020.0,True
/home/ec2-user/ndvi_sqs_work/inner_mongolia/raw/HLS-VI.S30.T47TNG.2018121T040551.v2.0.NDVI.tif,HLS-VI.S30.T47TNG.2018121T040551.v2.0.NDVI.tif,S30,T47TNG,2018-05-01,2018121,040551,EPSG:32647,499980.0,4590240.0,609780.0,4700040.0,True
/home/ec2-user/ndvi_sqs_work/inner_mongolia/raw/HLS-VI.S30.T47TNH.2018121T040551.v2.0.NDVI.tif,HLS-VI.S30.T47TNH.2018121T040551.v2.0.NDVI.tif,S30,T47TNH,2018-05-01,2018121,040551,EPSG:32647,499980.0,4690200.0,609780.0,4800000.0,True
/home/ec2-user/ndvi_sqs_work/inner_mongolia/raw/HLS-VI.S30.T47TLG.2018122T042659.v2.0.NDVI.tif,HLS-VI.S30.T47TLG.2018122T042659.v2.0.NDVI.tif,S30,T47TLG,2018-05-02,2018122,042659,EPSG:32647,300000.0,4590240.0,409800.0,4700040.0,True
/home/ec2-user/ndvi_sqs_work/inner_mongolia/raw/HLS-VI.S30.T48TXK.2018122T033541.v2.0.NDVI.tif,HLS-VI.S30.T48TXK.2018122T033541.v2.0.NDVI.tif,S30,T48TXK,2018-05-02,2018122,033541,EPSG:32648,600000.0,4390200.0,709800.0,4500000.0,True
/home/ec2-user/ndvi_sqs_work/inner_mongolia/raw/HLS-VI.S30.T48TXL.2018122T033541.v2.0.NDVI.tif,HLS-VI.S30.T48TXL.2018122T033541.v2.0.NDVI.tif,S30,T48TXL,2018-05-02,2018122,033541,EPSG:32648,600000.0,4490220.0,709800.0,4600020.0,True
/home/ec2-user/ndvi_sqs_work/inner_mongolia/raw/HLS-VI.S30.T48TXM.2018122T033541.v2.0.NDVI.tif,HLS-VI.S30.T48TXM.2018122T033541.v2.0.NDVI.tif,S30,T48TXM,2018-05-02,2018122,033541,EPSG:32648,600000.0,4590240.0,709800.0,4700040.0,True
/home/ec2-user/ndvi_sqs_work/inner_mongolia/raw/HLS-VI.S30.T48TXN.2018122T033541.v2.0.NDVI.tif,HLS-VI.S30.T48TXN.2018122T033541.v2.0.NDVI.tif,S30,T48TXN,2018-05-02,2018122,033541,EPSG:32648,600000.0,4690200.0,709800.0,4800000.0,True
/home/ec2-user/ndvi_sqs_work/inner_mongolia/raw/HLS-VI.S30.T47SPD.2018123T035539.v2.0.NDVI.tif,HLS-VI.S30.T47SPD.2018123T035539.v2.0.NDVI.tif,S30,T47SPD,2018-05-03,2018123,035539,EPSG:32647,600000.0,4290240.0,709800.0,4400040.0,True
/home/ec2-user/ndvi_sqs_work/inner_mongolia/raw/HLS-VI.S30.T47SQD.2018123T035539.v2.0.NDVI.tif,HLS-VI.S30.T47SQD.2018123T035539.v2.0.NDVI.tif,S30,T47SQD,2018-05-03,2018123,035539,EPSG:32647,699960.0,4290240.0,809760.0,4400040.0,True
/home/ec2-user/ndvi_sqs_work/inner_mongolia/raw/HLS-VI.S30.T47TPE.2018123T035539.v2.0.NDVI.tif,HLS-VI.S30.T47TPE.2018123T035539.v2.0.NDVI.tif,S30,T47TPE,2018-05-03,2018123,035539,EPSG:32647,600000.0,4390200.0,709800.0,4500000.0,True
/home/ec2-user/ndvi_sqs_work/inner_mongolia/raw/HLS-VI.S30.T47TQE.2018123T035539.v2.0.NDVI.tif,HLS-VI.S30.T47TQE.2018123T035539.v2.0.NDVI.tif,S30,T47TQE,2018-05-03,2018123,035539,EPSG:32647,699960.0,4390200.0,809760.0,4500000.0,True
/home/ec2-user/ndvi_sqs_work/inner_mongolia/raw/HLS-VI.S30.T47TQF.2018123T035539.v2.0.NDVI.tif,HLS-VI.S30.T47TQF.2018123T035539.v2.0.NDVI.tif,S30,T47TQF,2018-05-03,2018123,035539,EPSG:32647,699960.0,4490220.0,809760.0,4600020.0,True
/home/ec2-user/ndvi_sqs_work/inner_mongolia/raw/HLS-VI.S30.T48STJ.2018123T035539.v2.0.NDVI.tif,HLS-VI.S30.T48STJ.2018123T035539.v2.0.NDVI.tif,S30,T48STJ,2018-05-03,2018123,035539,EPSG:32648,199980.0,4290240.0,309780.0,4400040.0,True
/home/ec2-user/ndvi_sqs_work/inner_mongolia/raw/HLS-VI.S30.T48SUG.2018123T035539.v2.0.NDVI.tif,HLS-VI.S30.T48SUG.2018123T035539.v2.0.NDVI.tif,S30,T48SUG,2018-05-03,2018123,035539,EPSG:32648,300000.0,4090200.0,409800.0,4200000.0,True
/home/ec2-user/ndvi_sqs_work/inner_mongolia/raw/HLS-VI.S30.T48SVG.2018123T035539.v2.0.NDVI.tif,HLS-VI.S30.T48SVG.2018123T035539.v2.0.NDVI.tif,S30,T48SVG,2018-05-03,2018123,035539,EPSG:32648,399960.0,4090200.0,509760.0,4200000.0,True
/home/ec2-user/ndvi_sqs_work/inner_mongolia/raw/HLS-VI.S30.T48TTK.2018123T035539.v2.0.NDVI.tif,HLS-VI.S30.T48TTK.2018123T035539.v2.0.NDVI.tif,S30,T48TTK,2018-05-03,2018123,035539,EPSG:32648,199980.0,4390200.0,309780.0,4500000.0,True
/home/ec2-user/ndvi_sqs_work/inner_mongolia/raw/HLS-VI.S30.T48TTL.2018123T035539.v2.0.NDVI.tif,HLS-VI.S30.T48TTL.2018123T035539.v2.0.NDVI.tif,S30,T48TTL,2018-05-03,2018123,035539,EPSG:32648,199980.0,4490220.0,309780.0,4600020.0,True
/home/ec2-user/ndvi_sqs_work/inner_mongolia/raw/HLS-VI.S30.T48TUK.2018123T035539.v2.0.NDVI.tif,HLS-VI.S30.T48TUK.2018123T035539.v2.0.NDVI.tif,S30,T48TUK,2018-05-03,2018123,035539,EPSG:32648,300000.0,4390200.0,409800.0,4500000.0,True
/home/ec2-user/ndvi_sqs_work/inner_mongolia/raw/HLS-VI.S30.T48TUL.2018123T035539.v2.0.NDVI.tif,HLS-VI.S30.T48TUL.2018123T035539.v2.0.NDVI.tif,S30,T48TUL,2018-05-03,2018123,035539,EPSG:32648,300000.0,4490220.0,409800.0,4600020.0,True
/home/ec2-user/ndvi_sqs_work/inner_mongolia/raw/HLS-VI.S30.T48TVK.2018123T035539.v2.0.NDVI.tif,HLS-VI.S30.T48TVK.2018123T035539.v2.0.NDVI.tif,S30,T48TVK,2018-05-03,2018123,035539,EPSG:32648,399960.0,4390200.0,509760.0,4500000.0,True
/home/ec2-user/ndvi_sqs_work/inner_mongolia/raw/HLS-VI.S30.T49SED.2018124T032539.v2.0.NDVI.tif,HLS-VI.S30.T49SED.2018124T032539.v2.0.NDVI.tif,S30,T49SED,2018-05-04,2018124,032539,EPSG:32649,499980.0,4290240.0,609780.0,4400040.0,True
/home/ec2-user/ndvi_sqs_work/inner_mongolia/raw/HLS-VI.S30.T49TCF.2018124T032539.v2.0.NDVI.tif,HLS-VI.S30.T49TCF.2018124T032539.v2.0.NDVI.tif,S30,T49TCF,2018-05-04,2018124,032539,EPSG:32649,300000.0,4490220.0,409800.0,4600020.0,True
/home/ec2-user/ndvi_sqs_work/inner_mongolia/raw/HLS-VI.S30.T49TEE.2018124T032539.v2.0.NDVI.tif,HLS-VI.S30.T49TEE.2018124T032539.v2.0.NDVI.tif,S30,T49TEE,2018-05-04,2018124,032539,EPSG:32649,499980.0,4390200.0,609780.0,4500000.0,True
/home/ec2-user/ndvi_sqs_work/inner_mongolia/raw/HLS-VI.S30.T49TFE.2018124T032539.v2.0.NDVI.tif,HLS-VI.S30.T49TFE.2018124T032539.v2.0.NDVI.tif,S30,T49TFE,2018-05-04,2018124,032539,EPSG:32649,600000.0,4390200.0,709800.0,4500000.0,True
/home/ec2-user/ndvi_sqs_work/inner_mongolia/raw/HLS-VI.S30.T49TFH.2018124T032539.v2.0.NDVI.tif,HLS-VI.S30.T49TFH.2018124T032539.v2.0.NDVI.tif,S30,T49TFH,2018-05-04,2018124,032539,EPSG:32649,600000.0,4690200.0,709800.0,4800000.0,True
/home/ec2-user/ndvi_sqs_work/inner_mongolia/raw/HLS-VI.S30.T51TVH.2018124T023551.v2.0.NDVI.tif,HLS-VI.S30.T51TVH.2018124T023551.v2.0.NDVI.tif,S30,T51TVH,2018-05-04,2018124,023551,EPSG:32651,399960.0,4690200.0,509760.0,4800000.0,True
/home/ec2-user/ndvi_sqs_work/inner_mongolia/raw/HLS-VI.S30.T51TVK.2018124T023551.v2.0.NDVI.tif,HLS-VI.S30.T51TVK.2018124T023551.v2.0.NDVI.tif,S30,T51TVK,2018-05-04,2018124,023551,EPSG:32651,399960.0,4890240.0,509760.0,5000040.0,True
/home/ec2-user/ndvi_sqs_work/inner_mongolia/raw/HLS-VI.S30.T51TWH.2018124T023551.v2.0.NDVI.tif,HLS-VI.S30.T51TWH.2018124T023551.v2.0.NDVI.tif,S30,T51TWH,2018-05-04,2018124,023551,EPSG:32651,499980.0,4690200.0,609780.0,4800000.0,True
/home/ec2-user/ndvi_sqs_work/inner_mongolia/raw/HLS-VI.S30.T51TWJ.2018124T023551.v2.0.NDVI.tif,HLS-VI.S30.T51TWJ.2018124T023551.v2.0.NDVI.tif,S30,T51TWJ,2018-05-04,2018124,023551,EPSG:32651,499980.0,4790220.0,609780.0,4900020.0,True
/home/ec2-user/ndvi_sqs_work/inner_mongolia/raw/HLS-VI.S30.T51TWK.2018124T023551.v2.0.NDVI.tif,HLS-VI.S30.T51TWK.2018124T023551.v2.0.NDVI.tif,S30,T51TWK,2018-05-04,2018124,023551,EPSG:32651,499980.0,4890240.0,609780.0,5000040.0,True
/home/ec2-user/ndvi_sqs_work/inner_mongolia/raw/HLS-VI.S30.T48TXN.2018125T034541.v2.0.NDVI.tif,HLS-VI.S30.T48TXN.2018125T034541.v2.0.NDVI.tif,S30,T48TXN,2018-05-05,2018125,034541,EPSG:32648,600000.0,4690200.0,709800.0,4800000.0,True
/home/ec2-user/ndvi_sqs_work/inner_mongolia/raw/HLS-VI.S30.T51TVN.2018125T025549.v2.0.NDVI.tif,HLS-VI.S30.T51TVN.2018125T025549.v2.0.NDVI.tif,S30,T51TVN,2018-05-05,2018125,025549,EPSG:32651,399960.0,5190240.0,509760.0,5300040.0,True
/home/ec2-user/ndvi_sqs_work/inner_mongolia/raw/HLS-VI.S30.T47SPD.2018126T040539.v2.0.NDVI.tif,HLS-VI.S30.T47SPD.2018126T040539.v2.0.NDVI.tif,S30,T47SPD,2018-05-06,2018126,040539,EPSG:32647,600000.0,4290240.0,709800.0,4400040.0,True
/home/ec2-user/ndvi_sqs_work/inner_mongolia/raw/HLS-VI.S30.T47SQD.2018126T040539.v2.0.NDVI.tif,HLS-VI.S30.T47SQD.2018126T040539.v2.0.NDVI.tif,S30,T47SQD,2018-05-06,2018126,040539,EPSG:32647,699960.0,4290240.0,809760.0,4400040.0,True
/home/ec2-user/ndvi_sqs_work/inner_mongolia/raw/HLS-VI.S30.T47TNE.2018126T040539.v2.0.NDVI.tif,HLS-VI.S30.T47TNE.2018126T040539.v2.0.NDVI.tif,S30,T47TNE,2018-05-06,2018126,040539,EPSG:32647,499980.0,4390200.0,609780.0,4500000.0,True
/home/ec2-user/ndvi_sqs_work/inner_mongolia/raw/HLS-VI.S30.T47TNF.2018126T040539.v2.0.NDVI.tif,HLS-VI.S30.T47TNF.2018126T040539.v2.0.NDVI.tif,S30,T47TNF,2018-05-06,2018126,040539,EPSG:32647,499980.0,4490220.0,609780.0,4600020.0,True
/home/ec2-user/ndvi_sqs_work/inner_mongolia/raw/HLS-VI.S30.T47TNG.2018126T040539.v2.0.NDVI.tif,HLS-VI.S30.T47TNG.2018126T040539.v2.0.NDVI.tif,S30,T47TNG,2018-05-06,2018126,040539,EPSG:32647,499980.0,4590240.0,609780.0,4700040.0,True
/home/ec2-user/ndvi_sqs_work/inner_mongolia/raw/HLS-VI.S30.T47TNH.2018126T040539.v2.0.NDVI.tif,HLS-VI.S30.T47TNH.2018126T040539.v2.0.NDVI.tif,S30,T47TNH,2018-05-06,2018126,040539,EPSG:32647,499980.0,4690200.0,609780.0,4800000.0,True
/home/ec2-user/ndvi_sqs_work/inner_mongolia/raw/HLS-VI.S30.T47TQE.2018126T040539.v2.0.NDVI.tif,HLS-VI.S30.T47TQE.2018126T040539.v2.0.NDVI.tif,S30,T47TQE,2018-05-06,2018126,040539,EPSG:32647,699960.0,4390200.0,809760.0,4500000.0,True
/home/ec2-user/ndvi_sqs_work/inner_mongolia/raw/HLS-VI.S30.T47TQF.2018126T040539.v2.0.NDVI.tif,HLS-VI.S30.T47TQF.2018126T040539.v2.0.NDVI.tif,S30,T47TQF,2018-05-06,2018126,040539,EPSG:32647,699960.0,4490220.0,809760.0,4600020.0,True
/home/ec2-user/ndvi_sqs_work/inner_mongolia/raw/HLS-VI.S30.T47TQH.2018126T040539.v2.0.NDVI.tif,HLS-VI.S30.T47TQH.2018126T040539.v2.0.NDVI.tif,S30,T47TQH,2018-05-06,2018126,040539,EPSG:32647,699960.0,4690200.0,809760.0,4800000.0,True
/home/ec2-user/ndvi_sqs_work/inner_mongolia/raw/HLS-VI.S30.T48STJ.2018126T040539.v2.0.NDVI.tif,HLS-VI.S30.T48STJ.2018126T040539.v2.0.NDVI.tif,S30,T48STJ,2018-05-06,2018126,040539,EPSG:32648,199980.0,4290240.0,309780.0,4400040.0,True
/home/ec2-user/ndvi_sqs_work/inner_mongolia/raw/HLS-VI.S30.T48TTK.2018126T040539.v2.0.NDVI.tif,HLS-VI.S30.T48TTK.2018126T040539.v2.0.NDVI.tif,S30,T48TTK,2018-05-06,2018126,040539,EPSG:32648,199980.0,4390200.0,309780.0,4500000.0,True
/home/ec2-user/ndvi_sqs_work/inner_mongolia/raw/HLS-VI.S30.T48TTL.2018126T040539.v2.0.NDVI.tif,HLS-VI.S30.T48TTL.2018126T040539.v2.0.NDVI.tif,S30,T48TTL,2018-05-06,2018126,040539,EPSG:32648,199980.0,4490220.0,309780.0,4600020.0,True
/home/ec2-user/ndvi_sqs_work/inner_mongolia/raw/HLS-VI.S30.T48TUL.2018126T040539.v2.0.NDVI.tif,HLS-VI.S30.T48TUL.2018126T040539.v2.0.NDVI.tif,S30,T48TUL,2018-05-06,2018126,040539,EPSG:32648,300000.0,4490220.0,409800.0,4600020.0,True
/home/ec2-user/ndvi_sqs_work/inner_mongolia/raw/HLS-VI.S30.T48TUM.2018126T040539.v2.0.NDVI.tif,HLS-VI.S30.T48TUM.2018126T040539.v2.0.NDVI.tif,S30,T48TUM,2018-05-06,2018126,040539,EPSG:32648,300000.0,4590240.0,409800.0,4700040.0,True
/home/ec2-user/ndvi_sqs_work/inner_mongolia/raw/HLS-VI.S30.T49TEH.2018126T031541.v2.0.NDVI.tif,HLS-VI.S30.T49TEH.2018126T031541.v2.0.NDVI.tif,S30,T49TEH,2018-05-06,2018126,031541,EPSG:32649,499980.0,4690200.0,609780.0,4800000.0,True
/home/ec2-user/ndvi_sqs_work/inner_mongolia/raw/HLS-VI.S30.T49TFJ.2018126T031541.v2.0.NDVI.tif,HLS-VI.S30.T49TFJ.2018126T031541.v2.0.NDVI.tif,S30,T49TFJ,2018-05-06,2018126,031541,EPSG:32649,600000.0,4790220.0,709800.0,4900020.0,True
/home/ec2-user/ndvi_sqs_work/inner_mongolia/raw/HLS-VI.S30.T49TFK.2018126T031541.v2.0.NDVI.tif,HLS-VI.S30.T49TFK.2018126T031541.v2.0.NDVI.tif,S30,T49TFK,2018-05-06,2018126,031541,EPSG:32649,600000.0,4890240.0,709800.0,5000040.0,True
/home/ec2-user/ndvi_sqs_work/inner_mongolia/raw/HLS-VI.S30.T49TGJ.2018126T031541.v2.0.NDVI.tif,HLS-VI.S30.T49TGJ.2018126T031541.v2.0.NDVI.tif,S30,T49TGJ,2018-05-06,2018126,031541,EPSG:32649,699960.0,4790220.0,809760.0,4900020.0,True
/home/ec2-user/ndvi_sqs_work/inner_mongolia/raw/HLS-VI.S30.T49TGK.2018126T031541.v2.0.NDVI.tif,HLS-VI.S30.T49TGK.2018126T031541.v2.0.NDVI.tif,S30,T49TGK,2018-05-06,2018126,031541,EPSG:32649,699960.0,4890240.0,809760.0,5000040.0,True
/home/ec2-user/ndvi_sqs_work/inner_mongolia/raw/HLS-VI.S30.T50TLQ.2018126T031541.v2.0.NDVI.tif,HLS-VI.S30.T50TLQ.2018126T031541.v2.0.NDVI.tif,S30,T50TLQ,2018-05-06,2018126,031541,EPSG:32650,300000.0,4890240.0,409800.0,5000040.0,True
/home/ec2-user/ndvi_sqs_work/inner_mongolia/raw/HLS-VI.S30.T50TLT.2018126T031541.v2.0.NDVI.tif,HLS-VI.S30.T50TLT.2018126T031541.v2.0.NDVI.tif,S30,T50TLT,2018-05-06,2018126,031541,EPSG:32650,300000.0,5190240.0,409800.0,5300040.0,True
/home/ec2-user/ndvi_sqs_work/inner_mongolia/raw/HLS-VI.S30.T48TXM.2018127T033539.v2.0.NDVI.tif,HLS-VI.S30.T48TXM.2018127T033539.v2.0.NDVI.tif,S30,T48TXM,2018-05-07,2018127,033539,EPSG:32648,600000.0,4590240.0,709800.0,4700040.0,True
/home/ec2-user/ndvi_sqs_work/inner_mongolia/raw/HLS-VI.S30.T48TXN.2018127T033539.v2.0.NDVI.tif,HLS-VI.S30.T48TXN.2018127T033539.v2.0.NDVI.tif,S30,T48TXN,2018-05-07,2018127,033539,EPSG:32648,600000.0,4690200.0,709800.0,4800000.0,True
/home/ec2-user/ndvi_sqs_work/inner_mongolia/raw/HLS-VI.S30.T48TYM.2018127T033539.v2.0.NDVI.tif,HLS-VI.S30.T48TYM.2018127T033539.v2.0.NDVI.tif,S30,T48TYM,2018-05-07,2018127,033539,EPSG:32648,699960.0,4590240.0,809760.0,4700040.0,True
/home/ec2-user/ndvi_sqs_work/inner_mongolia/raw/HLS-VI.S30.T48TYN.2018127T033539.v2.0.NDVI.tif,HLS-VI.S30.T48TYN.2018127T033539.v2.0.NDVI.tif,S30,T48TYN,2018-05-07,2018127,033539,EPSG:32648,699960.0,4690200.0,809760.0,4800000.0,True
/home/ec2-user/ndvi_sqs_work/inner_mongolia/raw/HLS-VI.S30.T49TBG.2018127T033539.v2.0.NDVI.tif,HLS-VI.S30.T49TBG.2018127T033539.v2.0.NDVI.tif,S30,T49TBG,2018-05-07,2018127,033539,EPSG:32649,199980.0,4590240.0,309780.0,4700040.0,True
/home/ec2-user/ndvi_sqs_work/inner_mongolia/raw/HLS-VI.S30.T49TCF.2018127T033539.v2.0.NDVI.tif,HLS-VI.S30.T49TCF.2018127T033539.v2.0.NDVI.tif,S30,T49TCF,2018-05-07,2018127,033539,EPSG:32649,300000.0,4490220.0,409800.0,4600020.0,True
/home/ec2-user/ndvi_sqs_work/inner_mongolia/raw/HLS-VI.S30.T49TCG.2018127T033539.v2.0.NDVI.tif,HLS-VI.S30.T49TCG.2018127T033539.v2.0.NDVI.tif,S30,T49TCG,2018-05-07,2018127,033539,EPSG:32649,300000.0,4590240.0,409800.0,4700040.0,True
/home/ec2-user/ndvi_sqs_work/inner_mongolia/raw/HLS-VI.S30.T49TCH.2018127T033539.v2.0.NDVI.tif,HLS-VI.S30.T49TCH.2018127T033539.v2.0.NDVI.tif,S30,T49TCH,2018-05-07,2018127,033539,EPSG:32649,300000.0,4690200.0,409800.0,4800000.0,True
/home/ec2-user/ndvi_sqs_work/inner_mongolia/raw/HLS-VI.S30.T49TDE.2018127T033539.v2.0.NDVI.tif,HLS-VI.S30.T49TDE.2018127T033539.v2.0.NDVI.tif,S30,T49TDE,2018-05-07,2018127,033539,EPSG:32649,399960.0,4390200.0,509760.0,4500000.0,True
/home/ec2-user/ndvi_sqs_work/inner_mongolia/raw/HLS-VI.S30.T49TDF.2018127T033539.v2.0.NDVI.tif,HLS-VI.S30.T49TDF.2018127T033539.v2.0.NDVI.tif,S30,T49TDF,2018-05-07,2018127,033539,EPSG:32649,399960.0,4490220.0,509760.0,4600020.0,True
/home/ec2-user/ndvi_sqs_work/inner_mongolia/raw/HLS-VI.S30.T49TDG.2018127T033539.v2.0.NDVI.tif,HLS-VI.S30.T49TDG.2018127T033539.v2.0.NDVI.tif,S30,T49TDG,2018-05-07,2018127,033539,EPSG:32649,399960.0,4590240.0,509760.0,4700040.0,True
/home/ec2-user/ndvi_sqs_work/inner_mongolia/raw/HLS-VI.S30.T49TDH.2018127T033539.v2.0.NDVI.tif,HLS-VI.S30.T49TDH.2018127T033539.v2.0.NDVI.tif,S30,T49TDH,2018-05-07,2018127,033539,EPSG:32649,399960.0,4690200.0,509760.0,4800000.0,True
/home/ec2-user/ndvi_sqs_work/inner_mongolia/raw/HLS-VI.S30.T49TDJ.2018127T033539.v2.0.NDVI.tif,HLS-VI.S30.T49TDJ.2018127T033539.v2.0.NDVI.tif,S30,T49TDJ,2018-05-07,2018127,033539,EPSG:32649,399960.0,4790220.0,509760.0,4900020.0,True
/home/ec2-user/ndvi_sqs_work/inner_mongolia/raw/HLS-VI.S30.T50TQN.2018127T024551.v2.0.NDVI.tif,HLS-VI.S30.T50TQN.2018127T024551.v2.0.NDVI.tif,S30,T50TQN,2018-05-07,2018127,024551,EPSG:32650,699960.0,4690200.0,809760.0,4800000.0,True
/home/ec2-user/ndvi_sqs_work/inner_mongolia/raw/HLS-VI.S30.T50TQP.2018127T024551.v2.0.NDVI.tif,HLS-VI.S30.T50TQP.2018127T024551.v2.0.NDVI.tif,S30,T50TQP,2018-05-07,2018127,024551,EPSG:32650,699960.0,4790220.0,809760.0,4900020.0,True
/home/ec2-user/ndvi_sqs_work/inner_mongolia/raw/HLS-VI.S30.T50TQQ.2018127T024551.v2.0.NDVI.tif,HLS-VI.S30.T50TQQ.2018127T024551.v2.0.NDVI.tif,S30,T50TQQ,2018-05-07,2018127,024551,EPSG:32650,699960.0,4890240.0,809760.0,5000040.0,True
/home/ec2-user/ndvi_sqs_work/inner_mongolia/raw/HLS-VI.S30.T50TQR.2018127T024551.v2.0.NDVI.tif,HLS-VI.S30.T50TQR.2018127T024551.v2.0.NDVI.tif,S30,T50TQR,2018-05-07,2018127,024551,EPSG:32650,699960.0,4990200.0,809760.0,5100000.0,True
/home/ec2-user/ndvi_sqs_work/inner_mongolia/raw/HLS-VI.S30.T51TUG.2018127T024551.v2.0.NDVI.tif,HLS-VI.S30.T51TUG.2018127T024551.v2.0.NDVI.tif,S30,T51TUG,2018-05-07,2018127,024551,EPSG:32651,300000.0,4590240.0,409800.0,4700040.0,True
/home/ec2-user/ndvi_sqs_work/inner_mongolia/raw/HLS-VI.S30.T51TUH.2018127T024551.v2.0.NDVI.tif,HLS-VI.S30.T51TUH.2018127T024551.v2.0.NDVI.tif,S30,T51TUH,2018-05-07,2018127,024551,EPSG:32651,300000.0,4690200.0,409800.0,4800000.0,True
/home/ec2-user/ndvi_sqs_work/inner_mongolia/raw/HLS-VI.S30.T51TUJ.2018127T024551.v2.0.NDVI.tif,HLS-VI.S30.T51TUJ.2018127T024551.v2.0.NDVI.tif,S30,T51TUJ,2018-05-07,2018127,024551,EPSG:32651,300000.0,4790220.0,409800.0,4900020.0,True
/home/ec2-user/ndvi_sqs_work/inner_mongolia/raw/HLS-VI.S30.T51TUK.2018127T024551.v2.0.NDVI.tif,HLS-VI.S30.T51TUK.2018127T024551.v2.0.NDVI.tif,S30,T51TUK,2018-05-07,2018127,024551,EPSG:32651,300000.0,4890240.0,409800.0,5000040.0,True
/home/ec2-user/ndvi_sqs_work/inner_mongolia/raw/HLS-VI.S30.T51TUL.2018127T024551.v2.0.NDVI.tif,HLS-VI.S30.T51TUL.2018127T024551.v2.0.NDVI.tif,S30,T51TUL,2018-05-07,2018127,024551,EPSG:32651,300000.0,4990200.0,409800.0,5100000.0,True
/home/ec2-user/ndvi_sqs_work/inner_mongolia/raw/HLS-VI.S30.T51TVH.2018127T024551.v2.0.NDVI.tif,HLS-VI.S30.T51TVH.2018127T024551.v2.0.NDVI.tif,S30,T51TVH,2018-05-07,2018127,024551,EPSG:32651,399960.0,4690200.0,509760.0,4800000.0,True
/home/ec2-user/ndvi_sqs_work/inner_mongolia/raw/HLS-VI.S30.T51TVJ.2018127T024551.v2.0.NDVI.tif,HLS-VI.S30.T51TVJ.2018127T024551.v2.0.NDVI.tif,S30,T51TVJ,2018-05-07,2018127,024551,EPSG:32651,399960.0,4790220.0,509760.0,4900020.0,True
/home/ec2-user/ndvi_sqs_work/inner_mongolia/raw/HLS-VI.S30.T50TLQ.2018128T030539.v2.0.NDVI.tif,HLS-VI.S30.T50TLQ.2018128T030539.v2.0.NDVI.tif,S30,T50TLQ,2018-05-08,2018128,030539,EPSG:32650,300000.0,4890240.0,409800.0,5000040.0,True
/home/ec2-user/ndvi_sqs_work/inner_mongolia/raw/HLS-VI.S30.T50TMN.2018128T030539.v2.0.NDVI.tif,HLS-VI.S30.T50TMN.2018128T030539.v2.0.NDVI.tif,S30,T50TMN,2018-05-08,2018128,030539,EPSG:32650,399960.0,4690200.0,509760.0,4800000.0,True
/home/ec2-user/ndvi_sqs_work/inner_mongolia/raw/HLS-VI.S30.T50TMP.2018128T030539.v2.0.NDVI.tif,HLS-VI.S30.T50TMP.2018128T030539.v2.0.NDVI.tif,S30,T50TMP,2018-05-08,2018128,030539,EPSG:32650,399960.0,4790220.0,509760.0,4900020.0,True
/home/ec2-user/ndvi_sqs_work/inner_mongolia/raw/HLS-VI.S30.T50TNP.2018128T030539.v2.0.NDVI.tif,HLS-VI.S30.T50TNP.2018128T030539.v2.0.NDVI.tif,S30,T50TNP,2018-05-08,2018128,030539,EPSG:32650,499980.0,4790220.0,609780.0,4900020.0,True
/home/ec2-user/ndvi_sqs_work/inner_mongolia/raw/HLS-VI.S30.T50TPN.2018128T030539.v2.0.NDVI.tif,HLS-VI.S30.T50TPN.2018128T030539.v2.0.NDVI.tif,S30,T50TPN,2018-05-08,2018128,030539,EPSG:32650,600000.0,4690200.0,709800.0,4800000.0,True
/home/ec2-user/ndvi_sqs_work/inner_mongolia/raw/HLS-VI.S30.T50TQT.2018128T030539.v2.0.NDVI.tif,HLS-VI.S30.T50TQT.2018128T030539.v2.0.NDVI.tif,S30,T50TQT,2018-05-08,2018128,030539,EPSG:32650,699960.0,5190240.0,809760.0,5300040.0,True
/home/ec2-user/ndvi_sqs_work/inner_mongolia/raw/HLS-VI.S30.T50UQU.2018128T030539.v2.0.NDVI.tif,HLS-VI.S30.T50UQU.2018128T030539.v2.0.NDVI.tif,S30,T50UQU,2018-05-08,2018128,030539,EPSG:32650,699960.0,5290200.0,809760.0,5400000.0,True
/home/ec2-user/ndvi_sqs_work/inner_mongolia/raw/HLS-VI.S30.T50UQV.2018128T030539.v2.0.NDVI.tif,HLS-VI.S30.T50UQV.2018128T030539.v2.0.NDVI.tif,S30,T50UQV,2018-05-08,2018128,030539,EPSG:32650,699960.0,5390220.0,809760.0,5500020.0,True
/home/ec2-user/ndvi_sqs_work/inner_mongolia/raw/HLS-VI.S30.T51UUP.2018128T030539.v2.0.NDVI.tif,HLS-VI.S30.T51UUP.2018128T030539.v2.0.NDVI.tif,S30,T51UUP,2018-05-08,2018128,030539,EPSG:32651,300000.0,5290200.0,409800.0,5400000.0,True
/home/ec2-user/ndvi_sqs_work/inner_mongolia/raw/HLS-VI.S30.T51UUQ.2018128T030539.v2.0.NDVI.tif,HLS-VI.S30.T51UUQ.2018128T030539.v2.0.NDVI.tif,S30,T51UUQ,2018-05-08,2018128,030539,EPSG:32651,300000.0,5390220.0,409800.0,5500020.0,True
/home/ec2-user/ndvi_sqs_work/inner_mongolia/raw/HLS-VI.S30.T51UVS.2018128T030539.v2.0.NDVI.tif,HLS-VI.S30.T51UVS.2018128T030539.v2.0.NDVI.tif,S30,T51UVS,2018-05-08,2018128,030539,EPSG:32651,399960.0,5590200.0,509760.0,5700000.0,True
/home/ec2-user/ndvi_sqs_work/inner_mongolia/raw/HLS-VI.S30.T51UVT.2018128T030539.v2.0.NDVI.tif,HLS-VI.S30.T51UVT.2018128T030539.v2.0.NDVI.tif,S30,T51UVT,2018-05-08,2018128,030539,EPSG:32651,399960.0,5690220.0,509760.0,5800020.0,True
/home/ec2-user/ndvi_sqs_work/inner_mongolia/raw/HLS-VI.S30.T47TLH.2018129T041549.v2.0.NDVI.tif,HLS-VI.S30.T47TLH.2018129T041549.v2.0.NDVI.tif,S30,T47TLH,2018-05-09,2018129,041549,EPSG:32647,300000.0,4690200.0,409800.0,4800000.0,True
/home/ec2-user/ndvi_sqs_work/inner_mongolia/raw/HLS-VI.S30.T47TMH.2018129T041549.v2.0.NDVI.tif,HLS-VI.S30.T47TMH.2018129T041549.v2.0.NDVI.tif,S30,T47TMH,2018-05-09,2018129,041549,EPSG:32647,399960.0,4690200.0,509760.0,4800000.0,True
/home/ec2-user/ndvi_sqs_work/inner_mongolia/raw/HLS-VI.S30.T47TNH.2018129T041549.v2.0.NDVI.tif,HLS-VI.S30.T47TNH.2018129T041549.v2.0.NDVI.tif,S30,T47TNH,2018-05-09,2018129,041549,EPSG:32647,499980.0,4690200.0,609780.0,4800000.0,True
/home/ec2-user/ndvi_sqs_work/inner_mongolia/raw/HLS-VI.S30.T51TVH.2018129T023549.v2.0.NDVI.tif,HLS-VI.S30.T51TVH.2018129T023549.v2.0.NDVI.tif,S30,T51TVH,2018-05-09,2018129,023549,EPSG:32651,399960.0,4690200.0,509760.0,4800000.0,True
/home/ec2-user/ndvi_sqs_work/inner_mongolia/raw/HLS-VI.S30.T51TVJ.2018129T023549.v2.0.NDVI.tif,HLS-VI.S30.T51TVJ.2018129T023549.v2.0.NDVI.tif,S30,T51TVJ,2018-05-09,2018129,023549,EPSG:32651,399960.0,4790220.0,509760.0,4900020.0,True
/home/ec2-user/ndvi_sqs_work/inner_mongolia/raw/HLS-VI.S30.T51TVK.2018129T023549.v2.0.NDVI.tif,HLS-VI.S30.T51TVK.2018129T023549.v2.0.NDVI.tif,S30,T51TVK,2018-05-09,2018129,023549,EPSG:32651,399960.0,4890240.0,509760.0,5000040.0,True
/home/ec2-user/ndvi_sqs_work/inner_mongolia/raw/HLS-VI.S30.T51TWH.2018129T023549.v2.0.NDVI.tif,HLS-VI.S30.T51TWH.2018129T023549.v2.0.NDVI.tif,S30,T51TWH,2018-05-09,2018129,023549,EPSG:32651,499980.0,4690200.0,609780.0,4800000.0,True
/home/ec2-user/ndvi_sqs_work/inner_mongolia/raw/HLS-VI.S30.T51TWJ.2018129T023549.v2.0.NDVI.tif,HLS-VI.S30.T51TWJ.2018129T023549.v2.0.NDVI.tif,S30,T51TWJ,2018-05-09,2018129,023549,EPSG:32651,499980.0,4790220.0,609780.0,4900020.0,True
/home/ec2-user/ndvi_sqs_work/inner_mongolia/raw/HLS-VI.S30.T51TWK.2018129T023549.v2.0.NDVI.tif,HLS-VI.S30.T51TWK.2018129T023549.v2.0.NDVI.tif,S30,T51TWK,2018-05-09,2018129,023549,EPSG:32651,499980.0,4890240.0,609780.0,5000040.0,True
/home/ec2-user/ndvi_sqs_work/inner_mongolia/raw/HLS-VI.S30.T51UWP.2018129T023549.v2.0.NDVI.tif,HLS-VI.S30.T51UWP.2018129T023549.v2.0.NDVI.tif,S30,T51UWP,2018-05-09,2018129,023549,EPSG:32651,499980.0,5290200.0,609780.0,5400000.0,True
/home/ec2-user/ndvi_sqs_work/inner_mongolia/raw/HLS-VI.S30.T51UXP.2018129T023549.v2.0.NDVI.tif,HLS-VI.S30.T51UXP.2018129T023549.v2.0.NDVI.tif,S30,T51UXP,2018-05-09,2018129,023549,EPSG:32651,600000.0,5290200.0,709800.0,5400000.0,True
/home/ec2-user/ndvi_sqs_work/inner_mongolia/raw/HLS-VI.S30.T51UXQ.2018129T023549.v2.0.NDVI.tif,HLS-VI.S30.T51UXQ.2018129T023549.v2.0.NDVI.tif,S30,T51UXQ,2018-05-09,2018129,023549,EPSG:32651,600000.0,5390220.0,709800.0,5500020.0,True
/home/ec2-user/ndvi_sqs_work/inner_mongolia/raw/HLS-VI.S30.T51UXR.2018129T023549.v2.0.NDVI.tif,HLS-VI.S30.T51UXR.2018129T023549.v2.0.NDVI.tif,S30,T51UXR,2018-05-09,2018129,023549,EPSG:32651,600000.0,5490240.0,709800.0,5600040.0,True
/home/ec2-user/ndvi_sqs_work/inner_mongolia/raw/HLS-VI.S30.T51UXS.2018129T023549.v2.0.NDVI.tif,HLS-VI.S30.T51UXS.2018129T023549.v2.0.NDVI.tif,S30,T51UXS,2018-05-09,2018129,023549,EPSG:32651,600000.0,5590200.0,709800.0,5700000.0,True
/home/ec2-user/ndvi_sqs_work/inner_mongolia/raw/HLS-VI.S30.T51UXT.2018129T023549.v2.0.NDVI.tif,HLS-VI.S30.T51UXT.2018129T023549.v2.0.NDVI.tif,S30,T51UXT,2018-05-09,2018129,023549,EPSG:32651,600000.0,5690220.0,709800.0,5800020.0,True
/home/ec2-user/ndvi_sqs_work/inner_mongolia/raw/HLS-VI.S30.T51UYS.2018129T023549.v2.0.NDVI.tif,HLS-VI.S30.T51UYS.2018129T023549.v2.0.NDVI.tif,S30,T51UYS,2018-05-09,2018129,023549,EPSG:32651,699960.0,5590200.0,809760.0,5700000.0,True
/home/ec2-user/ndvi_sqs_work/inner_mongolia/raw/HLS-VI.S30.T51TUM.2018130T025551.v2.0.NDVI.tif,HLS-VI.S30.T51TUM.2018130T025551.v2.0.NDVI.tif,S30,T51TUM,2018-05-10,2018130,025551,EPSG:32651,300000.0,5090220.0,409800.0,5200020.0,True
/home/ec2-user/ndvi_sqs_work/inner_mongolia/raw/HLS-VI.S30.T51TVM.2018130T025551.v2.0.NDVI.tif,HLS-VI.S30.T51TVM.2018130T025551.v2.0.NDVI.tif,S30,T51TVM,2018-05-10,2018130,025551,EPSG:32651,399960.0,5090220.0,509760.0,5200020.0,True
/home/ec2-user/ndvi_sqs_work/inner_mongolia/raw/HLS-VI.S30.T47TNE.2018131T040551.v2.0.NDVI.tif,HLS-VI.S30.T47TNE.2018131T040551.v2.0.NDVI.tif,S30,T47TNE,2018-05-11,2018131,040551,EPSG:32647,499980.0,4390200.0,609780.0,4500000.0,True
/home/ec2-user/ndvi_sqs_work/inner_mongolia/raw/HLS-VI.S30.T47TPE.2018131T040551.v2.0.NDVI.tif,HLS-VI.S30.T47TPE.2018131T040551.v2.0.NDVI.tif,S30,T47TPE,2018-05-11,2018131,040551,EPSG:32647,600000.0,4390200.0,709800.0,4500000.0,True
/home/ec2-user/ndvi_sqs_work/inner_mongolia/raw/HLS-VI.S30.T47TQE.2018131T040551.v2.0.NDVI.tif,HLS-VI.S30.T47TQE.2018131T040551.v2.0.NDVI.tif,S30,T47TQE,2018-05-11,2018131,040551,EPSG:32647,699960.0,4390200.0,809760.0,4500000.0,True
/home/ec2-user/ndvi_sqs_work/inner_mongolia/raw/HLS-VI.S30.T47TQF.2018131T040551.v2.0.NDVI.tif,HLS-VI.S30.T47TQF.2018131T040551.v2.0.NDVI.tif,S30,T47TQF,2018-05-11,2018131,040551,EPSG:32647,699960.0,4490220.0,809760.0,4600020.0,True
/home/ec2-user/ndvi_sqs_work/inner_mongolia/raw/HLS-VI.S30.T48TTK.2018131T040551.v2.0.NDVI.tif,HLS-VI.S30.T48TTK.2018131T040551.v2.0.NDVI.tif,S30,T48TTK,2018-05-11,2018131,040551,EPSG:32648,199980.0,4390200.0,309780.0,4500000.0,True
/home/ec2-user/ndvi_sqs_work/inner_mongolia/raw/HLS-VI.S30.T48TTL.2018131T040551.v2.0.NDVI.tif,HLS-VI.S30.T48TTL.2018131T040551.v2.0.NDVI.tif,S30,T48TTL,2018-05-11,2018131,040551,EPSG:32648,199980.0,4490220.0,309780.0,4600020.0,True
/home/ec2-user/ndvi_sqs_work/inner_mongolia/raw/HLS-VI.S30.T48TTM.2018131T040551.v2.0.NDVI.tif,HLS-VI.S30.T48TTM.2018131T040551.v2.0.NDVI.tif,S30,T48TTM,2018-05-11,2018131,040551,EPSG:32648,199980.0,4590240.0,309780.0,4700040.0,True
/home/ec2-user/ndvi_sqs_work/inner_mongolia/raw/HLS-VI.S30.T49TFK.2018131T031539.v2.0.NDVI.tif,HLS-VI.S30.T49TFK.2018131T031539.v2.0.NDVI.tif,S30,T49TFK,2018-05-11,2018131,031539,EPSG:32649,600000.0,4890240.0,709800.0,5000040.0,True
/home/ec2-user/ndvi_sqs_work/inner_mongolia/raw/HLS-VI.S30.T49TGL.2018131T031539.v2.0.NDVI.tif,HLS-VI.S30.T49TGL.2018131T031539.v2.0.NDVI.tif,S30,T49TGL,2018-05-11,2018131,031539,EPSG:32649,699960.0,4990200.0,809760.0,5100000.0,True
/home/ec2-user/ndvi_sqs_work/inner_mongolia/raw/HLS-VI.S30.T48SXJ.2018132T033541.v2.0.NDVI.tif,HLS-VI.S30.T48SXJ.2018132T033541.v2.0.NDVI.tif,S30,T48SXJ,2018-05-12,2018132,033541,EPSG:32648,600000.0,4290240.0,709800.0,4400040.0,True
/home/ec2-user/ndvi_sqs_work/inner_mongolia/raw/HLS-VI.S30.T48TWK.2018132T033541.v2.0.NDVI.tif,HLS-VI.S30.T48TWK.2018132T033541.v2.0.NDVI.tif,S30,T48TWK,2018-05-12,2018132,033541,EPSG:32648,499980.0,4390200.0,609780.0,4500000.0,True
/home/ec2-user/ndvi_sqs_work/inner_mongolia/raw/HLS-VI.S30.T48TXM.2018132T033541.v2.0.NDVI.tif,HLS-VI.S30.T48TXM.2018132T033541.v2.0.NDVI.tif,S30,T48TXM,2018-05-12,2018132,033541,EPSG:32648,600000.0,4590240.0,709800.0,4700040.0,True
/home/ec2-user/ndvi_sqs_work/inner_mongolia/raw/HLS-VI.S30.T48TXN.2018132T033541.v2.0.NDVI.tif,HLS-VI.S30.T48TXN.2018132T033541.v2.0.NDVI.tif,S30,T48TXN,2018-05-12,2018132,033541,EPSG:32648,600000.0,4690200.0,709800.0,4800000.0,True
/home/ec2-user/ndvi_sqs_work/inner_mongolia/raw/HLS-VI.S30.T48TYN.2018132T033541.v2.0.NDVI.tif,HLS-VI.S30.T48TYN.2018132T033541.v2.0.NDVI.tif,S30,T48TYN,2018-05-12,2018132,033541,EPSG:32648,699960.0,4690200.0,809760.0,4800000.0,True
/home/ec2-user/ndvi_sqs_work/inner_mongolia/raw/HLS-VI.S30.T49TCH.2018132T033541.v2.0.NDVI.tif,HLS-VI.S30.T49TCH.2018132T033541.v2.0.NDVI.tif,S30,T49TCH,2018-05-12,2018132,033541,EPSG:32649,300000.0,4690200.0,409800.0,4800000.0,True
/home/ec2-user/ndvi_sqs_work/inner_mongolia/raw/HLS-VI.S30.T50TQN.2018132T024549.v2.0.NDVI.tif,HLS-VI.S30.T50TQN.2018132T024549.v2.0.NDVI.tif,S30,T50TQN,2018-05-12,2018132,024549,EPSG:32650,699960.0,4690200.0,809760.0,4800000.0,True
/home/ec2-user/ndvi_sqs_work/inner_mongolia/raw/HLS-VI.S30.T50TQP.2018132T024549.v2.0.NDVI.tif,HLS-VI.S30.T50TQP.2018132T024549.v2.0.NDVI.tif,S30,T50TQP,2018-05-12,2018132,024549,EPSG:32650,699960.0,4790220.0,809760.0,4900020.0,True
/home/ec2-user/ndvi_sqs_work/inner_mongolia/raw/HLS-VI.S30.T50TQQ.2018132T024549.v2.0.NDVI.tif,HLS-VI.S30.T50TQQ.2018132T024549.v2.0.NDVI.tif,S30,T50TQQ,2018-05-12,2018132,024549,EPSG:32650,699960.0,4890240.0,809760.0,5000040.0,True
/home/ec2-user/ndvi_sqs_work/inner_mongolia/raw/HLS-VI.S30.T51TUJ.2018132T024549.v2.0.NDVI.tif,HLS-VI.S30.T51TUJ.2018132T024549.v2.0.NDVI.tif,S30,T51TUJ,2018-05-12,2018132,024549,EPSG:32651,300000.0,4790220.0,409800.0,4900020.0,True
/home/ec2-user/ndvi_sqs_work/inner_mongolia/raw/HLS-VI.S30.T51TUK.2018132T024549.v2.0.NDVI.tif,HLS-VI.S30.T51TUK.2018132T024549.v2.0.NDVI.tif,S30,T51TUK,2018-05-12,2018132,024549,EPSG:32651,300000.0,4890240.0,409800.0,5000040.0,True
/home/ec2-user/ndvi_sqs_work/inner_mongolia/raw/HLS-VI.S30.T47SPD.2018133T035539.v2.0.NDVI.tif,HLS-VI.S30.T47SPD.2018133T035539.v2.0.NDVI.tif,S30,T47SPD,2018-05-13,2018133,035539,EPSG:32647,600000.0,4290240.0,709800.0,4400040.0,True
/home/ec2-user/ndvi_sqs_work/inner_mongolia/raw/HLS-VI.S30.T47TPE.2018133T035539.v2.0.NDVI.tif,HLS-VI.S30.T47TPE.2018133T035539.v2.0.NDVI.tif,S30,T47TPE,2018-05-13,2018133,035539,EPSG:32647,600000.0,4390200.0,709800.0,4500000.0,True
/home/ec2-user/ndvi_sqs_work/inner_mongolia/raw/HLS-VI.S30.T47TQE.2018133T035539.v2.0.NDVI.tif,HLS-VI.S30.T47TQE.2018133T035539.v2.0.NDVI.tif,S30,T47TQE,2018-05-13,2018133,035539,EPSG:32647,699960.0,4390200.0,809760.0,4500000.0,True
/home/ec2-user/ndvi_sqs_work/inner_mongolia/raw/HLS-VI.S30.T47TQF.2018133T035539.v2.0.NDVI.tif,HLS-VI.S30.T47TQF.2018133T035539.v2.0.NDVI.tif,S30,T47TQF,2018-05-13,2018133,035539,EPSG:32647,699960.0,4490220.0,809760.0,4600020.0,True
/home/ec2-user/ndvi_sqs_work/inner_mongolia/raw/HLS-VI.S30.T48SUG.2018133T035539.v2.0.NDVI.tif,HLS-VI.S30.T48SUG.2018133T035539.v2.0.NDVI.tif,S30,T48SUG,2018-05-13,2018133,035539,EPSG:32648,300000.0,4090200.0,409800.0,4200000.0,True
/home/ec2-user/ndvi_sqs_work/inner_mongolia/raw/HLS-VI.S30.T48SVG.2018133T035539.v2.0.NDVI.tif,HLS-VI.S30.T48SVG.2018133T035539.v2.0.NDVI.tif,S30,T48SVG,2018-05-13,2018133,035539,EPSG:32648,399960.0,4090200.0,509760.0,4200000.0,True
/home/ec2-user/ndvi_sqs_work/inner_mongolia/raw/HLS-VI.S30.T48TTK.2018133T035539.v2.0.NDVI.tif,HLS-VI.S30.T48TTK.2018133T035539.v2.0.NDVI.tif,S30,T48TTK,2018-05-13,2018133,035539,EPSG:32648,199980.0,4390200.0,309780.0,4500000.0,True
/home/ec2-user/ndvi_sqs_work/inner_mongolia/raw/HLS-VI.S30.T48TTL.2018133T035539.v2.0.NDVI.tif,HLS-VI.S30.T48TTL.2018133T035539.v2.0.NDVI.tif,S30,T48TTL,2018-05-13,2018133,035539,EPSG:32648,199980.0,4490220.0,309780.0,4600020.0,True
/home/ec2-user/ndvi_sqs_work/inner_mongolia/raw/HLS-VI.S30.T48TUK.2018133T035539.v2.0.NDVI.tif,HLS-VI.S30.T48TUK.2018133T035539.v2.0.NDVI.tif,S30,T48TUK,2018-05-13,2018133,035539,EPSG:32648,300000.0,4390200.0,409800.0,4500000.0,True
/home/ec2-user/ndvi_sqs_work/inner_mongolia/raw/HLS-VI.S30.T48TVK.2018133T035539.v2.0.NDVI.tif,HLS-VI.S30.T48TVK.2018133T035539.v2.0.NDVI.tif,S30,T48TVK,2018-05-13,2018133,035539,EPSG:32648,399960.0,4390200.0,509760.0,4500000.0,True
/home/ec2-user/ndvi_sqs_work/inner_mongolia/raw/HLS-VI.S30.T47TLF.2018134T041551.v2.0.NDVI.tif,HLS-VI.S30.T47TLF.2018134T041551.v2.0.NDVI.tif,S30,T47TLF,2018-05-14,2018134,041551,EPSG:32647,300000.0,4490220.0,409800.0,4600020.0,True
/home/ec2-user/ndvi_sqs_work/inner_mongolia/raw/HLS-VI.S30.T47TLG.2018134T041551.v2.0.NDVI.tif,HLS-VI.S30.T47TLG.2018134T041551.v2.0.NDVI.tif,S30,T47TLG,2018-05-14,2018134,041551,EPSG:32647,300000.0,4590240.0,409800.0,4700040.0,True
/home/ec2-user/ndvi_sqs_work/inner_mongolia/raw/HLS-VI.S30.T47TMF.2018134T041551.v2.0.NDVI.tif,HLS-VI.S30.T47TMF.2018134T041551.v2.0.NDVI.tif,S30,T47TMF,2018-05-14,2018134,041551,EPSG:32647,399960.0,4490220.0,509760.0,4600020.0,True
/home/ec2-user/ndvi_sqs_work/inner_mongolia/raw/HLS-VI.S30.T47TMG.2018134T041551.v2.0.NDVI.tif,HLS-VI.S30.T47TMG.2018134T041551.v2.0.NDVI.tif,S30,T47TMG,2018-05-14,2018134,041551,EPSG:32647,399960.0,4590240.0,509760.0,4700040.0,True
/home/ec2-user/ndvi_sqs_work/inner_mongolia/raw/HLS-VI.S30.T47TNG.2018134T041551.v2.0.NDVI.tif,HLS-VI.S30.T47TNG.2018134T041551.v2.0.NDVI.tif,S30,T47TNG,2018-05-14,2018134,041551,EPSG:32647,499980.0,4590240.0,609780.0,4700040.0,True
/home/ec2-user/ndvi_sqs_work/inner_mongolia/raw/HLS-VI.S30.T47TNH.2018134T041551.v2.0.NDVI.tif,HLS-VI.S30.T47TNH.2018134T041551.v2.0.NDVI.tif,S30,T47TNH,2018-05-14,2018134,041551,EPSG:32647,499980.0,4690200.0,609780.0,4800000.0,True
/home/ec2-user/ndvi_sqs_work/inner_mongolia/raw/HLS-VI.S30.T48SYG.2018134T032539.v2.0.NDVI.tif,HLS-VI.S30.T48SYG.2018134T032539.v2.0.NDVI.tif,S30,T48SYG,2018-05-14,2018134,032539,EPSG:32648,699960.0,4090200.0,809760.0,4200000.0,True
/home/ec2-user/ndvi_sqs_work/inner_mongolia/raw/HLS-VI.S30.T48SYH.2018134T032539.v2.0.NDVI.tif,HLS-VI.S30.T48SYH.2018134T032539.v2.0.NDVI.tif,S30,T48SYH,2018-05-14,2018134,032539,EPSG:32648,699960.0,4190220.0,809760.0,4300020.0,True
/home/ec2-user/ndvi_sqs_work/inner_mongolia/raw/HLS-VI.S30.T49SBB.2018134T032539.v2.0.NDVI.tif,HLS-VI.S30.T49SBB.2018134T032539.v2.0.NDVI.tif,S30,T49SBB,2018-05-14,2018134,032539,EPSG:32649,199980.0,4090200.0,309780.0,4200000.0,True
/home/ec2-user/ndvi_sqs_work/inner_mongolia/raw/HLS-VI.S30.T49SBC.2018134T032539.v2.0.NDVI.tif,HLS-VI.S30.T49SBC.2018134T032539.v2.0.NDVI.tif,S30,T49SBC,2018-05-14,2018134,032539,EPSG:32649,199980.0,4190220.0,309780.0,4300020.0,True
/home/ec2-user/ndvi_sqs_work/inner_mongolia/raw/HLS-VI.S30.T49SBD.2018134T032539.v2.0.NDVI.tif,HLS-VI.S30.T49SBD.2018134T032539.v2.0.NDVI.tif,S30,T49SBD,2018-05-14,2018134,032539,EPSG:32649,199980.0,4290240.0,309780.0,4400040.0,True
/home/ec2-user/ndvi_sqs_work/inner_mongolia/raw/HLS-VI.S30.T49SCC.2018134T032539.v2.0.NDVI.tif,HLS-VI.S30.T49SCC.2018134T032539.v2.0.NDVI.tif,S30,T49SCC,2018-05-14,2018134,032539,EPSG:32649,300000.0,4190220.0,409800.0,4300020.0,True
/home/ec2-user/ndvi_sqs_work/inner_mongolia/raw/HLS-VI.S30.T49SCD.2018134T032539.v2.0.NDVI.tif,HLS-VI.S30.T49SCD.2018134T032539.v2.0.NDVI.tif,S30,T49SCD,2018-05-14,2018134,032539,EPSG:32649,300000.0,4290240.0,409800.0,4400040.0,True
/home/ec2-user/ndvi_sqs_work/inner_mongolia/raw/HLS-VI.S30.T49SDC.2018134T032539.v2.0.NDVI.tif,HLS-VI.S30.T49SDC.2018134T032539.v2.0.NDVI.tif,S30,T49SDC,2018-05-14,2018134,032539,EPSG:32649,399960.0,4190220.0,509760.0,4300020.0,True
/home/ec2-user/ndvi_sqs_work/inner_mongolia/raw/HLS-VI.S30.T49SDD.2018134T032539.v2.0.NDVI.tif,HLS-VI.S30.T49SDD.2018134T032539.v2.0.NDVI.tif,S30,T49SDD,2018-05-14,2018134,032539,EPSG:32649,399960.0,4290240.0,509760.0,4400040.0,True
/home/ec2-user/ndvi_sqs_work/inner_mongolia/raw/HLS-VI.S30.T49SED.2018134T032539.v2.0.NDVI.tif,HLS-VI.S30.T49SED.2018134T032539.v2.0.NDVI.tif,S30,T49SED,2018-05-14,2018134,032539,EPSG:32649,499980.0,4290240.0,609780.0,4400040.0,True
/home/ec2-user/ndvi_sqs_work/inner_mongolia/raw/HLS-VI.S30.T49TCE.2018134T032539.v2.0.NDVI.tif,HLS-VI.S30.T49TCE.2018134T032539.v2.0.NDVI.tif,S30,T49TCE,2018-05-14,2018134,032539,EPSG:32649,300000.0,4390200.0,409800.0,4500000.0,True
/home/ec2-user/ndvi_sqs_work/inner_mongolia/raw/HLS-VI.S30.T49TCF.2018134T032539.v2.0.NDVI.tif,HLS-VI.S30.T49TCF.2018134T032539.v2.0.NDVI.tif,S30,T49TCF,2018-05-14,2018134,032539,EPSG:32649,300000.0,4490220.0,409800.0,4600020.0,True
/home/ec2-user/ndvi_sqs_work/inner_mongolia/raw/HLS-VI.S30.T49TCG.2018134T032539.v2.0.NDVI.tif,HLS-VI.S30.T49TCG.2018134T032539.v2.0.NDVI.tif,S30,T49TCG,2018-05-14,2018134,032539,EPSG:32649,300000.0,4590240.0,409800.0,4700040.0,True
/home/ec2-user/ndvi_sqs_work/inner_mongolia/raw/HLS-VI.S30.T49TDE.2018134T032539.v2.0.NDVI.tif,HLS-VI.S30.T49TDE.2018134T032539.v2.0.NDVI.tif,S30,T49TDE,2018-05-14,2018134,032539,EPSG:32649,399960.0,4390200.0,509760.0,4500000.0,True
/home/ec2-user/ndvi_sqs_work/inner_mongolia/raw/HLS-VI.S30.T49TDF.2018134T032539.v2.0.NDVI.tif,HLS-VI.S30.T49TDF.2018134T032539.v2.0.NDVI.tif,S30,T49TDF,2018-05-14,2018134,032539,EPSG:32649,399960.0,4490220.0,509760.0,4600020.0,True
/home/ec2-user/ndvi_sqs_work/inner_mongolia/raw/HLS-VI.S30.T49TDG.2018134T032539.v2.0.NDVI.tif,HLS-VI.S30.T49TDG.2018134T032539.v2.0.NDVI.tif,S30,T49TDG,2018-05-14,2018134,032539,EPSG:32649,399960.0,4590240.0,509760.0,4700040.0,True
/home/ec2-user/ndvi_sqs_work/inner_mongolia/raw/HLS-VI.S30.T49TEE.2018134T032539.v2.0.NDVI.tif,HLS-VI.S30.T49TEE.2018134T032539.v2.0.NDVI.tif,S30,T49TEE,2018-05-14,2018134,032539,EPSG:32649,499980.0,4390200.0,609780.0,4500000.0,True
/home/ec2-user/ndvi_sqs_work/inner_mongolia/raw/HLS-VI.S30.T49TEF.2018134T032539.v2.0.NDVI.tif,HLS-VI.S30.T49TEF.2018134T032539.v2.0.NDVI.tif,S30,T49TEF,2018-05-14,2018134,032539,EPSG:32649,499980.0,4490220.0,609780.0,4600020.0,True
/home/ec2-user/ndvi_sqs_work/inner_mongolia/raw/HLS-VI.S30.T49TEG.2018134T032539.v2.0.NDVI.tif,HLS-VI.S30.T49TEG.2018134T032539.v2.0.NDVI.tif,S30,T49TEG,2018-05-14,2018134,032539,EPSG:32649,499980.0,4590240.0,609780.0,4700040.0,True
/home/ec2-user/ndvi_sqs_work/inner_mongolia/raw/HLS-VI.S30.T49TFE.2018134T032539.v2.0.NDVI.tif,HLS-VI.S30.T49TFE.2018134T032539.v2.0.NDVI.tif,S30,T49TFE,2018-05-14,2018134,032539,EPSG:32649,600000.0,4390200.0,709800.0,4500000.0,True
/home/ec2-user/ndvi_sqs_work/inner_mongolia/raw/HLS-VI.S30.T49TFF.2018134T032539.v2.0.NDVI.tif,HLS-VI.S30.T49TFF.2018134T032539.v2.0.NDVI.tif,S30,T49TFF,2018-05-14,2018134,032539,EPSG:32649,600000.0,4490220.0,709800.0,4600020.0,True
/home/ec2-user/ndvi_sqs_work/inner_mongolia/raw/HLS-VI.S30.T49TFG.2018134T032539.v2.0.NDVI.tif,HLS-VI.S30.T49TFG.2018134T032539.v2.0.NDVI.tif,S30,T49TFG,2018-05-14,2018134,032539,EPSG:32649,600000.0,4590240.0,709800.0,4700040.0,True
/home/ec2-user/ndvi_sqs_work/inner_mongolia/raw/HLS-VI.S30.T49TFJ.2018134T032539.v2.0.NDVI.tif,HLS-VI.S30.T49TFJ.2018134T032539.v2.0.NDVI.tif,S30,T49TFJ,2018-05-14,2018134,032539,EPSG:32649,600000.0,4790220.0,709800.0,4900020.0,True
/home/ec2-user/ndvi_sqs_work/inner_mongolia/raw/HLS-VI.S30.T49TGJ.2018134T032539.v2.0.NDVI.tif,HLS-VI.S30.T49TGJ.2018134T032539.v2.0.NDVI.tif,S30,T49TGJ,2018-05-14,2018134,032539,EPSG:32649,699960.0,4790220.0,809760.0,4900020.0,True
/home/ec2-user/ndvi_sqs_work/inner_mongolia/raw/HLS-VI.S30.T48SWG.2018135T034541.v2.0.NDVI.tif,HLS-VI.S30.T48SWG.2018135T034541.v2.0.NDVI.tif,S30,T48SWG,2018-05-15,2018135,034541,EPSG:32648,499980.0,4090200.0,609780.0,4200000.0,True
/home/ec2-user/ndvi_sqs_work/inner_mongolia/raw/HLS-VI.S30.T48SWH.2018135T034541.v2.0.NDVI.tif,HLS-VI.S30.T48SWH.2018135T034541.v2.0.NDVI.tif,S30,T48SWH,2018-05-15,2018135,034541,EPSG:32648,499980.0,4190220.0,609780.0,4300020.0,True
/home/ec2-user/ndvi_sqs_work/inner_mongolia/raw/HLS-VI.S30.T48SWJ.2018135T034541.v2.0.NDVI.tif,HLS-VI.S30.T48SWJ.2018135T034541.v2.0.NDVI.tif,S30,T48SWJ,2018-05-15,2018135,034541,EPSG:32648,499980.0,4290240.0,609780.0,4400040.0,True
/home/ec2-user/ndvi_sqs_work/inner_mongolia/raw/HLS-VI.S30.T48SXJ.2018135T034541.v2.0.NDVI.tif,HLS-VI.S30.T48SXJ.2018135T034541.v2.0.NDVI.tif,S30,T48SXJ,2018-05-15,2018135,034541,EPSG:32648,600000.0,4290240.0,709800.0,4400040.0,True
/home/ec2-user/ndvi_sqs_work/inner_mongolia/raw/HLS-VI.S30.T48TWK.2018135T034541.v2.0.NDVI.tif,HLS-VI.S30.T48TWK.2018135T034541.v2.0.NDVI.tif,S30,T48TWK,2018-05-15,2018135,034541,EPSG:32648,499980.0,4390200.0,609780.0,4500000.0,True
/home/ec2-user/ndvi_sqs_work/inner_mongolia/raw/HLS-VI.S30.T48TWL.2018135T034541.v2.0.NDVI.tif,HLS-VI.S30.T48TWL.2018135T034541.v2.0.NDVI.tif,S30,T48TWL,2018-05-15,2018135,034541,EPSG:32648,499980.0,4490220.0,609780.0,4600020.0,True
/home/ec2-user/ndvi_sqs_work/inner_mongolia/raw/HLS-VI.S30.T50TNP.2018135T025539.v2.0.NDVI.tif,HLS-VI.S30.T50TNP.2018135T025539.v2.0.NDVI.tif,S30,T50TNP,2018-05-15,2018135,025539,EPSG:32650,499980.0,4790220.0,609780.0,4900020.0,True
/home/ec2-user/ndvi_sqs_work/inner_mongolia/raw/HLS-VI.S30.T50TPM.2018135T025539.v2.0.NDVI.tif,HLS-VI.S30.T50TPM.2018135T025539.v2.0.NDVI.tif,S30,T50TPM,2018-05-15,2018135,025539,EPSG:32650,600000.0,4590240.0,709800.0,4700040.0,True
/home/ec2-user/ndvi_sqs_work/inner_mongolia/raw/HLS-VI.S30.T50TPP.2018135T025539.v2.0.NDVI.tif,HLS-VI.S30.T50TPP.2018135T025539.v2.0.NDVI.tif,S30,T50TPP,2018-05-15,2018135,025539,EPSG:32650,600000.0,4790220.0,709800.0,4900020.0,True
/home/ec2-user/ndvi_sqs_work/inner_mongolia/raw/HLS-VI.S30.T50TQM.2018135T025539.v2.0.NDVI.tif,HLS-VI.S30.T50TQM.2018135T025539.v2.0.NDVI.tif,S30,T50TQM,2018-05-15,2018135,025539,EPSG:32650,699960.0,4590240.0,809760.0,4700040.0,True
/home/ec2-user/ndvi_sqs_work/inner_mongolia/raw/HLS-VI.S30.T51TTG.2018135T025539.v2.0.NDVI.tif,HLS-VI.S30.T51TTG.2018135T025539.v2.0.NDVI.tif,S30,T51TTG,2018-05-15,2018135,025539,EPSG:32651,199980.0,4590240.0,309780.0,4700040.0,True
/home/ec2-user/ndvi_sqs_work/inner_mongolia/raw/HLS-VI.S30.T48TXK.2018137T033539.v2.0.NDVI.tif,HLS-VI.S30.T48TXK.2018137T033539.v2.0.NDVI.tif,S30,T48TXK,2018-05-17,2018137,033539,EPSG:32648,600000.0,4390200.0,709800.0,4500000.0,True
/home/ec2-user/ndvi_sqs_work/inner_mongolia/raw/HLS-VI.S30.T48TXL.2018137T033539.v2.0.NDVI.tif,HLS-VI.S30.T48TXL.2018137T033539.v2.0.NDVI.tif,S30,T48TXL,2018-05-17,2018137,033539,EPSG:32648,600000.0,4490220.0,709800.0,4600020.0,True
/home/ec2-user/ndvi_sqs_work/inner_mongolia/raw/HLS-VI.S30.T49TCG.2018137T033539.v2.0.NDVI.tif,HLS-VI.S30.T49TCG.2018137T033539.v2.0.NDVI.tif,S30,T49TCG,2018-05-17,2018137,033539,EPSG:32649,300000.0,4590240.0,409800.0,4700040.0,True
/home/ec2-user/ndvi_sqs_work/inner_mongolia/raw/HLS-VI.S30.T50UQD.2018138T030539.v2.0.NDVI.tif,HLS-VI.S30.T50UQD.2018138T030539.v2.0.NDVI.tif,S30,T50UQD,2018-05-18,2018138,030539,EPSG:32650,699960.0,5790240.0,809760.0,5900040.0,True
/home/ec2-user/ndvi_sqs_work/inner_mongolia/raw/HLS-VI.S30.T50UQE.2018138T030539.v2.0.NDVI.tif,HLS-VI.S30.T50UQE.2018138T030539.v2.0.NDVI.tif,S30,T50UQE,2018-05-18,2018138,030539,EPSG:32650,699960.0,5890200.0,809760.0,6000000.0,True
/home/ec2-user/ndvi_sqs_work/inner_mongolia/raw/HLS-VI.S30.T51UUU.2018138T030539.v2.0.NDVI.tif,HLS-VI.S30.T51UUU.2018138T030539.v2.0.NDVI.tif,S30,T51UUU,2018-05-18,2018138,030539,EPSG:32651,300000.0,5790240.0,409800.0,5900040.0,True
/home/ec2-user/ndvi_sqs_work/inner_mongolia/raw/HLS-VI.S30.T51UUV.2018138T030539.v2.0.NDVI.tif,HLS-VI.S30.T51UUV.2018138T030539.v2.0.NDVI.tif,S30,T51UUV,2018-05-18,2018138,030539,EPSG:32651,300000.0,5890200.0,409800.0,6000000.0,True
/home/ec2-user/ndvi_sqs_work/inner_mongolia/raw/HLS-VI.S30.T51UVU.2018138T030539.v2.0.NDVI.tif,HLS-VI.S30.T51UVU.2018138T030539.v2.0.NDVI.tif,S30,T51UVU,2018-05-18,2018138,030539,EPSG:32651,399960.0,5790240.0,509760.0,5900040.0,True
/home/ec2-user/ndvi_sqs_work/inner_mongolia/raw/HLS-VI.S30.T51UVV.2018138T030539.v2.0.NDVI.tif,HLS-VI.S30.T51UVV.2018138T030539.v2.0.NDVI.tif,S30,T51UVV,2018-05-18,2018138,030539,EPSG:32651,399960.0,5890200.0,509760.0,6000000.0,True
/home/ec2-user/ndvi_sqs_work/inner_mongolia/raw/HLS-VI.S30.T47TLG.2018139T041549.v2.0.NDVI.tif,HLS-VI.S30.T47TLG.2018139T041549.v2.0.NDVI.tif,S30,T47TLG,2018-05-19,2018139,041549,EPSG:32647,300000.0,4590240.0,409800.0,4700040.0,True
/home/ec2-user/ndvi_sqs_work/inner_mongolia/raw/HLS-VI.S30.T47TMG.2018139T041549.v2.0.NDVI.tif,HLS-VI.S30.T47TMG.2018139T041549.v2.0.NDVI.tif,S30,T47TMG,2018-05-19,2018139,041549,EPSG:32647,399960.0,4590240.0,509760.0,4700040.0,True
/home/ec2-user/ndvi_sqs_work/inner_mongolia/raw/HLS-VI.S30.T47TMH.2018139T041549.v2.0.NDVI.tif,HLS-VI.S30.T47TMH.2018139T041549.v2.0.NDVI.tif,S30,T47TMH,2018-05-19,2018139,041549,EPSG:32647,399960.0,4690200.0,509760.0,4800000.0,True
/home/ec2-user/ndvi_sqs_work/inner_mongolia/raw/HLS-VI.S30.T47TNG.2018139T041549.v2.0.NDVI.tif,HLS-VI.S30.T47TNG.2018139T041549.v2.0.NDVI.tif,S30,T47TNG,2018-05-19,2018139,041549,EPSG:32647,499980.0,4590240.0,609780.0,4700040.0,True
/home/ec2-user/ndvi_sqs_work/inner_mongolia/raw/HLS-VI.S30.T51UWP.2018139T023549.v2.0.NDVI.tif,HLS-VI.S30.T51UWP.2018139T023549.v2.0.NDVI.tif,S30,T51UWP,2018-05-19,2018139,023549,EPSG:32651,499980.0,5290200.0,609780.0,5400000.0,True
/home/ec2-user/ndvi_sqs_work/inner_mongolia/raw/HLS-VI.S30.T51UXP.2018139T023549.v2.0.NDVI.tif,HLS-VI.S30.T51UXP.2018139T023549.v2.0.NDVI.tif,S30,T51UXP,2018-05-19,2018139,023549,EPSG:32651,600000.0,5290200.0,709800.0,5400000.0,True
/home/ec2-user/ndvi_sqs_work/inner_mongolia/raw/HLS-VI.S30.T50UQE.2018140T025551.v2.0.NDVI.tif,HLS-VI.S30.T50UQE.2018140T025551.v2.0.NDVI.tif,S30,T50UQE,2018-05-20,2018140,025551,EPSG:32650,699960.0,5890200.0,809760.0,6000000.0,True
/home/ec2-user/ndvi_sqs_work/inner_mongolia/raw/HLS-VI.S30.T51UUV.2018140T025551.v2.0.NDVI.tif,HLS-VI.S30.T51UUV.2018140T025551.v2.0.NDVI.tif,S30,T51UUV,2018-05-20,2018140,025551,EPSG:32651,300000.0,5890200.0,409800.0,6000000.0,True
/home/ec2-user/ndvi_sqs_work/inner_mongolia/raw/HLS-VI.S30.T47TLF.2018142T042659.v2.0.NDVI.tif,HLS-VI.S30.T47TLF.2018142T042659.v2.0.NDVI.tif,S30,T47TLF,2018-05-22,2018142,042659,EPSG:32647,300000.0,4490220.0,409800.0,4600020.0,True
/home/ec2-user/ndvi_sqs_work/inner_mongolia/raw/HLS-VI.S30.T47TLG.2018142T042659.v2.0.NDVI.tif,HLS-VI.S30.T47TLG.2018142T042659.v2.0.NDVI.tif,S30,T47TLG,2018-05-22,2018142,042659,EPSG:32647,300000.0,4590240.0,409800.0,4700040.0,True
/home/ec2-user/ndvi_sqs_work/inner_mongolia/raw/HLS-VI.S30.T47TLH.2018142T042659.v2.0.NDVI.tif,HLS-VI.S30.T47TLH.2018142T042659.v2.0.NDVI.tif,S30,T47TLH,2018-05-22,2018142,042659,EPSG:32647,300000.0,4690200.0,409800.0,4800000.0,True
/home/ec2-user/ndvi_sqs_work/inner_mongolia/raw/HLS-VI.S30.T47TMG.2018142T042659.v2.0.NDVI.tif,HLS-VI.S30.T47TMG.2018142T042659.v2.0.NDVI.tif,S30,T47TMG,2018-05-22,2018142,042659,EPSG:32647,399960.0,4590240.0,509760.0,4700040.0,True
/home/ec2-user/ndvi_sqs_work/inner_mongolia/raw/HLS-VI.S30.T47TMH.2018142T042659.v2.0.NDVI.tif,HLS-VI.S30.T47TMH.2018142T042659.v2.0.NDVI.tif,S30,T47TMH,2018-05-22,2018142,042659,EPSG:32647,399960.0,4690200.0,509760.0,4800000.0,True
/home/ec2-user/ndvi_sqs_work/inner_mongolia/raw/HLS-VI.S30.T48SYG.2018142T033541.v2.0.NDVI.tif,HLS-VI.S30.T48SYG.2018142T033541.v2.0.NDVI.tif,S30,T48SYG,2018-05-22,2018142,033541,EPSG:32648,699960.0,4090200.0,809760.0,4200000.0,True
/home/ec2-user/ndvi_sqs_work/inner_mongolia/raw/HLS-VI.S30.T48SYH.2018142T033541.v2.0.NDVI.tif,HLS-VI.S30.T48SYH.2018142T033541.v2.0.NDVI.tif,S30,T48SYH,2018-05-22,2018142,033541,EPSG:32648,699960.0,4190220.0,809760.0,4300020.0,True
/home/ec2-user/ndvi_sqs_work/inner_mongolia/raw/HLS-VI.S30.T48SYJ.2018142T033541.v2.0.NDVI.tif,HLS-VI.S30.T48SYJ.2018142T033541.v2.0.NDVI.tif,S30,T48SYJ,2018-05-22,2018142,033541,EPSG:32648,699960.0,4290240.0,809760.0,4400040.0,True
/home/ec2-user/ndvi_sqs_work/inner_mongolia/raw/HLS-VI.S30.T48TWK.2018142T033541.v2.0.NDVI.tif,HLS-VI.S30.T48TWK.2018142T033541.v2.0.NDVI.tif,S30,T48TWK,2018-05-22,2018142,033541,EPSG:32648,499980.0,4390200.0,609780.0,4500000.0,True
/home/ec2-user/ndvi_sqs_work/inner_mongolia/raw/HLS-VI.S30.T48TXK.2018142T033541.v2.0.NDVI.tif,HLS-VI.S30.T48TXK.2018142T033541.v2.0.NDVI.tif,S30,T48TXK,2018-05-22,2018142,033541,EPSG:32648,600000.0,4390200.0,709800.0,4500000.0,True
/home/ec2-user/ndvi_sqs_work/inner_mongolia/raw/HLS-VI.S30.T48TXL.2018142T033541.v2.0.NDVI.tif,HLS-VI.S30.T48TXL.2018142T033541.v2.0.NDVI.tif,S30,T48TXL,2018-05-22,2018142,033541,EPSG:32648,600000.0,4490220.0,709800.0,4600020.0,True
/home/ec2-user/ndvi_sqs_work/inner_mongolia/raw/HLS-VI.S30.T48TXM.2018142T033541.v2.0.NDVI.tif,HLS-VI.S30.T48TXM.2018142T033541.v2.0.NDVI.tif,S30,T48TXM,2018-05-22,2018142,033541,EPSG:32648,600000.0,4590240.0,709800.0,4700040.0,True
/home/ec2-user/ndvi_sqs_work/inner_mongolia/raw/HLS-VI.S30.T48TXN.2018142T033541.v2.0.NDVI.tif,HLS-VI.S30.T48TXN.2018142T033541.v2.0.NDVI.tif,S30,T48TXN,2018-05-22,2018142,033541,EPSG:32648,600000.0,4690200.0,709800.0,4800000.0,True
/home/ec2-user/ndvi_sqs_work/inner_mongolia/raw/HLS-VI.S30.T48TYL.2018142T033541.v2.0.NDVI.tif,HLS-VI.S30.T48TYL.2018142T033541.v2.0.NDVI.tif,S30,T48TYL,2018-05-22,2018142,033541,EPSG:32648,699960.0,4490220.0,809760.0,4600020.0,True
/home/ec2-user/ndvi_sqs_work/inner_mongolia/raw/HLS-VI.S30.T48TYM.2018142T033541.v2.0.NDVI.tif,HLS-VI.S30.T48TYM.2018142T033541.v2.0.NDVI.tif,S30,T48TYM,2018-05-22,2018142,033541,EPSG:32648,699960.0,4590240.0,809760.0,4700040.0,True
/home/ec2-user/ndvi_sqs_work/inner_mongolia/raw/HLS-VI.S30.T48TYN.2018142T033541.v2.0.NDVI.tif,HLS-VI.S30.T48TYN.2018142T033541.v2.0.NDVI.tif,S30,T48TYN,2018-05-22,2018142,033541,EPSG:32648,699960.0,4690200.0,809760.0,4800000.0,True
/home/ec2-user/ndvi_sqs_work/inner_mongolia/raw/HLS-VI.S30.T49SBB.2018142T033541.v2.0.NDVI.tif,HLS-VI.S30.T49SBB.2018142T033541.v2.0.NDVI.tif,S30,T49SBB,2018-05-22,2018142,033541,EPSG:32649,199980.0,4090200.0,309780.0,4200000.0,True
/home/ec2-user/ndvi_sqs_work/inner_mongolia/raw/HLS-VI.S30.T49SBC.2018142T033541.v2.0.NDVI.tif,HLS-VI.S30.T49SBC.2018142T033541.v2.0.NDVI.tif,S30,T49SBC,2018-05-22,2018142,033541,EPSG:32649,199980.0,4190220.0,309780.0,4300020.0,True
/home/ec2-user/ndvi_sqs_work/inner_mongolia/raw/HLS-VI.S30.T49SBD.2018142T033541.v2.0.NDVI.tif,HLS-VI.S30.T49SBD.2018142T033541.v2.0.NDVI.tif,S30,T49SBD,2018-05-22,2018142,033541,EPSG:32649,199980.0,4290240.0,309780.0,4400040.0,True
/home/ec2-user/ndvi_sqs_work/inner_mongolia/raw/HLS-VI.S30.T49SCD.2018142T033541.v2.0.NDVI.tif,HLS-VI.S30.T49SCD.2018142T033541.v2.0.NDVI.tif,S30,T49SCD,2018-05-22,2018142,033541,EPSG:32649,300000.0,4290240.0,409800.0,4400040.0,True
/home/ec2-user/ndvi_sqs_work/inner_mongolia/raw/HLS-VI.S30.T49TBE.2018142T033541.v2.0.NDVI.tif,HLS-VI.S30.T49TBE.2018142T033541.v2.0.NDVI.tif,S30,T49TBE,2018-05-22,2018142,033541,EPSG:32649,199980.0,4390200.0,309780.0,4500000.0,True
/home/ec2-user/ndvi_sqs_work/inner_mongolia/raw/HLS-VI.S30.T49TBF.2018142T033541.v2.0.NDVI.tif,HLS-VI.S30.T49TBF.2018142T033541.v2.0.NDVI.tif,S30,T49TBF,2018-05-22,2018142,033541,EPSG:32649,199980.0,4490220.0,309780.0,4600020.0,True
/home/ec2-user/ndvi_sqs_work/inner_mongolia/raw/HLS-VI.S30.T49TBG.2018142T033541.v2.0.NDVI.tif,HLS-VI.S30.T49TBG.2018142T033541.v2.0.NDVI.tif,S30,T49TBG,2018-05-22,2018142,033541,EPSG:32649,199980.0,4590240.0,309780.0,4700040.0,True
/home/ec2-user/ndvi_sqs_work/inner_mongolia/raw/HLS-VI.S30.T49TCE.2018142T033541.v2.0.NDVI.tif,HLS-VI.S30.T49TCE.2018142T033541.v2.0.NDVI.tif,S30,T49TCE,2018-05-22,2018142,033541,EPSG:32649,300000.0,4390200.0,409800.0,4500000.0,True
/home/ec2-user/ndvi_sqs_work/inner_mongolia/raw/HLS-VI.S30.T49TCG.2018142T033541.v2.0.NDVI.tif,HLS-VI.S30.T49TCG.2018142T033541.v2.0.NDVI.tif,S30,T49TCG,2018-05-22,2018142,033541,EPSG:32649,300000.0,4590240.0,409800.0,4700040.0,True
/home/ec2-user/ndvi_sqs_work/inner_mongolia/raw/HLS-VI.S30.T49TCH.2018142T033541.v2.0.NDVI.tif,HLS-VI.S30.T49TCH.2018142T033541.v2.0.NDVI.tif,S30,T49TCH,2018-05-22,2018142,033541,EPSG:32649,300000.0,4690200.0,409800.0,4800000.0,True
/home/ec2-user/ndvi_sqs_work/inner_mongolia/raw/HLS-VI.S30.T49TDG.2018142T033541.v2.0.NDVI.tif,HLS-VI.S30.T49TDG.2018142T033541.v2.0.NDVI.tif,S30,T49TDG,2018-05-22,2018142,033541,EPSG:32649,399960.0,4590240.0,509760.0,4700040.0,True
/home/ec2-user/ndvi_sqs_work/inner_mongolia/raw/HLS-VI.S30.T49TDH.2018142T033541.v2.0.NDVI.tif,HLS-VI.S30.T49TDH.2018142T033541.v2.0.NDVI.tif,S30,T49TDH,2018-05-22,2018142,033541,EPSG:32649,399960.0,4690200.0,509760.0,4800000.0,True
/home/ec2-user/ndvi_sqs_work/inner_mongolia/raw/HLS-VI.S30.T49TDJ.2018142T033541.v2.0.NDVI.tif,HLS-VI.S30.T49TDJ.2018142T033541.v2.0.NDVI.tif,S30,T49TDJ,2018-05-22,2018142,033541,EPSG:32649,399960.0,4790220.0,509760.0,4900020.0,True
/home/ec2-user/ndvi_sqs_work/inner_mongolia/raw/HLS-VI.S30.T47TQF.2018143T035829.v2.0.NDVI.tif,HLS-VI.S30.T47TQF.2018143T035829.v2.0.NDVI.tif,S30,T47TQF,2018-05-23,2018143,035829,EPSG:32647,699960.0,4490220.0,809760.0,4600020.0,True
/home/ec2-user/ndvi_sqs_work/inner_mongolia/raw/HLS-VI.S30.T47TQH.2018143T035829.v2.0.NDVI.tif,HLS-VI.S30.T47TQH.2018143T035829.v2.0.NDVI.tif,S30,T47TQH,2018-05-23,2018143,035829,EPSG:32647,699960.0,4690200.0,809760.0,4800000.0,True
/home/ec2-user/ndvi_sqs_work/inner_mongolia/raw/HLS-VI.S30.T50TKK.2018143T030541.v2.0.NDVI.tif,HLS-VI.S30.T50TKK.2018143T030541.v2.0.NDVI.tif,S30,T50TKK,2018-05-23,2018143,030541,EPSG:32650,199980.0,4390200.0,309780.0,4500000.0,True
/home/ec2-user/ndvi_sqs_work/inner_mongolia/raw/HLS-VI.S30.T50TKL.2018143T030541.v2.0.NDVI.tif,HLS-VI.S30.T50TKL.2018143T030541.v2.0.NDVI.tif,S30,T50TKL,2018-05-23,2018143,030541,EPSG:32650,199980.0,4490220.0,309780.0,4600020.0,True
/home/ec2-user/ndvi_sqs_work/inner_mongolia/raw/HLS-VI.S30.T50TLR.2018143T030541.v2.0.NDVI.tif,HLS-VI.S30.T50TLR.2018143T030541.v2.0.NDVI.tif,S30,T50TLR,2018-05-23,2018143,030541,EPSG:32650,300000.0,4990200.0,409800.0,5100000.0,True
/home/ec2-user/ndvi_sqs_work/inner_mongolia/raw/HLS-VI.S30.T49SBD.2018144T032539.v2.0.NDVI.tif,HLS-VI.S30.T49SBD.2018144T032539.v2.0.NDVI.tif,S30,T49SBD,2018-05-24,2018144,032539,EPSG:32649,199980.0,4290240.0,309780.0,4400040.0,True
/home/ec2-user/ndvi_sqs_work/inner_mongolia/raw/HLS-VI.S30.T49SDC.2018144T032539.v2.0.NDVI.tif,HLS-VI.S30.T49SDC.2018144T032539.v2.0.NDVI.tif,S30,T49SDC,2018-05-24,2018144,032539,EPSG:32649,399960.0,4190220.0,509760.0,4300020.0,True
/home/ec2-user/ndvi_sqs_work/inner_mongolia/raw/HLS-VI.S30.T49SED.2018144T032539.v2.0.NDVI.tif,HLS-VI.S30.T49SED.2018144T032539.v2.0.NDVI.tif,S30,T49SED,2018-05-24,2018144,032539,EPSG:32649,499980.0,4290240.0,609780.0,4400040.0,True
/home/ec2-user/ndvi_sqs_work/inner_mongolia/raw/HLS-VI.S30.T49TDJ.2018144T032539.v2.0.NDVI.tif,HLS-VI.S30.T49TDJ.2018144T032539.v2.0.NDVI.tif,S30,T49TDJ,2018-05-24,2018144,032539,EPSG:32649,399960.0,4790220.0,509760.0,4900020.0,True
/home/ec2-user/ndvi_sqs_work/inner_mongolia/raw/HLS-VI.S30.T49TEJ.2018144T032539.v2.0.NDVI.tif,HLS-VI.S30.T49TEJ.2018144T032539.v2.0.NDVI.tif,S30,T49TEJ,2018-05-24,2018144,032539,EPSG:32649,499980.0,4790220.0,609780.0,4900020.0,True
/home/ec2-user/ndvi_sqs_work/inner_mongolia/raw/HLS-VI.S30.T49TEK.2018144T032539.v2.0.NDVI.tif,HLS-VI.S30.T49TEK.2018144T032539.v2.0.NDVI.tif,S30,T49TEK,2018-05-24,2018144,032539,EPSG:32649,499980.0,4890240.0,609780.0,5000040.0,True
/home/ec2-user/ndvi_sqs_work/inner_mongolia/raw/HLS-VI.S30.T49TEL.2018144T032539.v2.0.NDVI.tif,HLS-VI.S30.T49TEL.2018144T032539.v2.0.NDVI.tif,S30,T49TEL,2018-05-24,2018144,032539,EPSG:32649,499980.0,4990200.0,609780.0,5100000.0,True
/home/ec2-user/ndvi_sqs_work/inner_mongolia/raw/HLS-VI.S30.T49TFJ.2018144T032539.v2.0.NDVI.tif,HLS-VI.S30.T49TFJ.2018144T032539.v2.0.NDVI.tif,S30,T49TFJ,2018-05-24,2018144,032539,EPSG:32649,600000.0,4790220.0,709800.0,4900020.0,True
/home/ec2-user/ndvi_sqs_work/inner_mongolia/raw/HLS-VI.S30.T49TGJ.2018144T032539.v2.0.NDVI.tif,HLS-VI.S30.T49TGJ.2018144T032539.v2.0.NDVI.tif,S30,T49TGJ,2018-05-24,2018144,032539,EPSG:32649,699960.0,4790220.0,809760.0,4900020.0,True
/home/ec2-user/ndvi_sqs_work/inner_mongolia/raw/HLS-VI.S30.T51TVK.2018144T023551.v2.0.NDVI.tif,HLS-VI.S30.T51TVK.2018144T023551.v2.0.NDVI.tif,S30,T51TVK,2018-05-24,2018144,023551,EPSG:32651,399960.0,4890240.0,509760.0,5000040.0,True
/home/ec2-user/ndvi_sqs_work/inner_mongolia/raw/HLS-VI.S30.T51TWH.2018144T023551.v2.0.NDVI.tif,HLS-VI.S30.T51TWH.2018144T023551.v2.0.NDVI.tif,S30,T51TWH,2018-05-24,2018144,023551,EPSG:32651,499980.0,4690200.0,609780.0,4800000.0,True
/home/ec2-user/ndvi_sqs_work/inner_mongolia/raw/HLS-VI.S30.T50UQD.2018145T025539.v2.0.NDVI.tif,HLS-VI.S30.T50UQD.2018145T025539.v2.0.NDVI.tif,S30,T50UQD,2018-05-25,2018145,025539,EPSG:32650,699960.0,5790240.0,809760.0,5900040.0,True
/home/ec2-user/ndvi_sqs_work/inner_mongolia/raw/HLS-VI.S30.T51TTF.2018145T025539.v2.0.NDVI.tif,HLS-VI.S30.T51TTF.2018145T025539.v2.0.NDVI.tif,S30,T51TTF,2018-05-25,2018145,025539,EPSG:32651,199980.0,4490220.0,309780.0,4600020.0,True
/home/ec2-user/ndvi_sqs_work/inner_mongolia/raw/HLS-VI.S30.T51TUJ.2018145T025539.v2.0.NDVI.tif,HLS-VI.S30.T51TUJ.2018145T025539.v2.0.NDVI.tif,S30,T51TUJ,2018-05-25,2018145,025539,EPSG:32651,300000.0,4790220.0,409800.0,4900020.0,True
/home/ec2-user/ndvi_sqs_work/inner_mongolia/raw/HLS-VI.S30.T51UUU.2018145T025539.v2.0.NDVI.tif,HLS-VI.S30.T51UUU.2018145T025539.v2.0.NDVI.tif,S30,T51UUU,2018-05-25,2018145,025539,EPSG:32651,300000.0,5790240.0,409800.0,5900040.0,True
/home/ec2-user/ndvi_sqs_work/inner_mongolia/raw/HLS-VI.S30.T47TNE.2018146T040659.v2.0.NDVI.tif,HLS-VI.S30.T47TNE.2018146T040659.v2.0.NDVI.tif,S30,T47TNE,2018-05-26,2018146,040659,EPSG:32647,499980.0,4390200.0,609780.0,4500000.0,True
/home/ec2-user/ndvi_sqs_work/inner_mongolia/raw/HLS-VI.S30.T47TNF.2018146T040659.v2.0.NDVI.tif,HLS-VI.S30.T47TNF.2018146T040659.v2.0.NDVI.tif,S30,T47TNF,2018-05-26,2018146,040659,EPSG:32647,499980.0,4490220.0,609780.0,4600020.0,True
/home/ec2-user/ndvi_sqs_work/inner_mongolia/raw/HLS-VI.S30.T47TNG.2018146T040659.v2.0.NDVI.tif,HLS-VI.S30.T47TNG.2018146T040659.v2.0.NDVI.tif,S30,T47TNG,2018-05-26,2018146,040659,EPSG:32647,499980.0,4590240.0,609780.0,4700040.0,True
/home/ec2-user/ndvi_sqs_work/inner_mongolia/raw/HLS-VI.S30.T47TNH.2018146T040659.v2.0.NDVI.tif,HLS-VI.S30.T47TNH.2018146T040659.v2.0.NDVI.tif,S30,T47TNH,2018-05-26,2018146,040659,EPSG:32647,499980.0,4690200.0,609780.0,4800000.0,True
/home/ec2-user/ndvi_sqs_work/inner_mongolia/raw/HLS-VI.S30.T47TQE.2018146T040659.v2.0.NDVI.tif,HLS-VI.S30.T47TQE.2018146T040659.v2.0.NDVI.tif,S30,T47TQE,2018-05-26,2018146,040659,EPSG:32647,699960.0,4390200.0,809760.0,4500000.0,True
/home/ec2-user/ndvi_sqs_work/inner_mongolia/raw/HLS-VI.S30.T47TQF.2018146T040659.v2.0.NDVI.tif,HLS-VI.S30.T47TQF.2018146T040659.v2.0.NDVI.tif,S30,T47TQF,2018-05-26,2018146,040659,EPSG:32647,699960.0,4490220.0,809760.0,4600020.0,True
/home/ec2-user/ndvi_sqs_work/inner_mongolia/raw/HLS-VI.S30.T48TTK.2018146T040659.v2.0.NDVI.tif,HLS-VI.S30.T48TTK.2018146T040659.v2.0.NDVI.tif,S30,T48TTK,2018-05-26,2018146,040659,EPSG:32648,199980.0,4390200.0,309780.0,4500000.0,True
/home/ec2-user/ndvi_sqs_work/inner_mongolia/raw/HLS-VI.S30.T48TUL.2018146T040659.v2.0.NDVI.tif,HLS-VI.S30.T48TUL.2018146T040659.v2.0.NDVI.tif,S30,T48TUL,2018-05-26,2018146,040659,EPSG:32648,300000.0,4490220.0,409800.0,4600020.0,True
/home/ec2-user/ndvi_sqs_work/inner_mongolia/raw/HLS-VI.S30.T47TLF.2018147T042711.v2.0.NDVI.tif,HLS-VI.S30.T47TLF.2018147T042711.v2.0.NDVI.tif,S30,T47TLF,2018-05-27,2018147,042711,EPSG:32647,300000.0,4490220.0,409800.0,4600020.0,True
/home/ec2-user/ndvi_sqs_work/inner_mongolia/raw/HLS-VI.S30.T47TLG.2018147T042711.v2.0.NDVI.tif,HLS-VI.S30.T47TLG.2018147T042711.v2.0.NDVI.tif,S30,T47TLG,2018-05-27,2018147,042711,EPSG:32647,300000.0,4590240.0,409800.0,4700040.0,True
/home/ec2-user/ndvi_sqs_work/inner_mongolia/raw/HLS-VI.S30.T47TLH.2018147T042711.v2.0.NDVI.tif,HLS-VI.S30.T47TLH.2018147T042711.v2.0.NDVI.tif,S30,T47TLH,2018-05-27,2018147,042711,EPSG:32647,300000.0,4690200.0,409800.0,4800000.0,True
/home/ec2-user/ndvi_sqs_work/inner_mongolia/raw/HLS-VI.S30.T50TPL.2018147T024551.v2.0.NDVI.tif,HLS-VI.S30.T50TPL.2018147T024551.v2.0.NDVI.tif,S30,T50TPL,2018-05-27,2018147,024551,EPSG:32650,600000.0,4490220.0,709800.0,4600020.0,True
/home/ec2-user/ndvi_sqs_work/inner_mongolia/raw/HLS-VI.S30.T50TPM.2018147T024551.v2.0.NDVI.tif,HLS-VI.S30.T50TPM.2018147T024551.v2.0.NDVI.tif,S30,T50TPM,2018-05-27,2018147,024551,EPSG:32650,600000.0,4590240.0,709800.0,4700040.0,True
/home/ec2-user/ndvi_sqs_work/inner_mongolia/raw/HLS-VI.S30.T50TQL.2018147T024551.v2.0.NDVI.tif,HLS-VI.S30.T50TQL.2018147T024551.v2.0.NDVI.tif,S30,T50TQL,2018-05-27,2018147,024551,EPSG:32650,699960.0,4490220.0,809760.0,4600020.0,True
/home/ec2-user/ndvi_sqs_work/inner_mongolia/raw/HLS-VI.S30.T50TQM.2018147T024551.v2.0.NDVI.tif,HLS-VI.S30.T50TQM.2018147T024551.v2.0.NDVI.tif,S30,T50TQM,2018-05-27,2018147,024551,EPSG:32650,699960.0,4590240.0,809760.0,4700040.0,True
/home/ec2-user/ndvi_sqs_work/inner_mongolia/raw/HLS-VI.S30.T51TTF.2018147T024551.v2.0.NDVI.tif,HLS-VI.S30.T51TTF.2018147T024551.v2.0.NDVI.tif,S30,T51TTF,2018-05-27,2018147,024551,EPSG:32651,199980.0,4490220.0,309780.0,4600020.0,True
/home/ec2-user/ndvi_sqs_work/inner_mongolia/raw/HLS-VI.S30.T51TTG.2018147T024551.v2.0.NDVI.tif,HLS-VI.S30.T51TTG.2018147T024551.v2.0.NDVI.tif,S30,T51TTG,2018-05-27,2018147,024551,EPSG:32651,199980.0,4590240.0,309780.0,4700040.0,True
/home/ec2-user/ndvi_sqs_work/inner_mongolia/raw/HLS-VI.S30.T51TUG.2018147T024551.v2.0.NDVI.tif,HLS-VI.S30.T51TUG.2018147T024551.v2.0.NDVI.tif,S30,T51TUG,2018-05-27,2018147,024551,EPSG:32651,300000.0,4590240.0,409800.0,4700040.0,True
/home/ec2-user/ndvi_sqs_work/inner_mongolia/raw/HLS-VI.S30.T47SPD.2018148T035711.v2.0.NDVI.tif,HLS-VI.S30.T47SPD.2018148T035711.v2.0.NDVI.tif,S30,T47SPD,2018-05-28,2018148,035711,EPSG:32647,600000.0,4290240.0,709800.0,4400040.0,True
/home/ec2-user/ndvi_sqs_work/inner_mongolia/raw/HLS-VI.S30.T47SQD.2018148T035711.v2.0.NDVI.tif,HLS-VI.S30.T47SQD.2018148T035711.v2.0.NDVI.tif,S30,T47SQD,2018-05-28,2018148,035711,EPSG:32647,699960.0,4290240.0,809760.0,4400040.0,True
/home/ec2-user/ndvi_sqs_work/inner_mongolia/raw/HLS-VI.S30.T47TPE.2018148T035711.v2.0.NDVI.tif,HLS-VI.S30.T47TPE.2018148T035711.v2.0.NDVI.tif,S30,T47TPE,2018-05-28,2018148,035711,EPSG:32647,600000.0,4390200.0,709800.0,4500000.0,True
/home/ec2-user/ndvi_sqs_work/inner_mongolia/raw/HLS-VI.S30.T47TQE.2018148T035711.v2.0.NDVI.tif,HLS-VI.S30.T47TQE.2018148T035711.v2.0.NDVI.tif,S30,T47TQE,2018-05-28,2018148,035711,EPSG:32647,699960.0,4390200.0,809760.0,4500000.0,True
/home/ec2-user/ndvi_sqs_work/inner_mongolia/raw/HLS-VI.S30.T47TQF.2018148T035711.v2.0.NDVI.tif,HLS-VI.S30.T47TQF.2018148T035711.v2.0.NDVI.tif,S30,T47TQF,2018-05-28,2018148,035711,EPSG:32647,699960.0,4490220.0,809760.0,4600020.0,True
/home/ec2-user/ndvi_sqs_work/inner_mongolia/raw/HLS-VI.S30.T47TQH.2018148T035711.v2.0.NDVI.tif,HLS-VI.S30.T47TQH.2018148T035711.v2.0.NDVI.tif,S30,T47TQH,2018-05-28,2018148,035711,EPSG:32647,699960.0,4690200.0,809760.0,4800000.0,True
/home/ec2-user/ndvi_sqs_work/inner_mongolia/raw/HLS-VI.S30.T48STJ.2018148T035711.v2.0.NDVI.tif,HLS-VI.S30.T48STJ.2018148T035711.v2.0.NDVI.tif,S30,T48STJ,2018-05-28,2018148,035711,EPSG:32648,199980.0,4290240.0,309780.0,4400040.0,True
/home/ec2-user/ndvi_sqs_work/inner_mongolia/raw/HLS-VI.S30.T48SUJ.2018148T035711.v2.0.NDVI.tif,HLS-VI.S30.T48SUJ.2018148T035711.v2.0.NDVI.tif,S30,T48SUJ,2018-05-28,2018148,035711,EPSG:32648,300000.0,4290240.0,409800.0,4400040.0,True
/home/ec2-user/ndvi_sqs_work/inner_mongolia/raw/HLS-VI.S30.T48TTK.2018148T035711.v2.0.NDVI.tif,HLS-VI.S30.T48TTK.2018148T035711.v2.0.NDVI.tif,S30,T48TTK,2018-05-28,2018148,035711,EPSG:32648,199980.0,4390200.0,309780.0,4500000.0,True
/home/ec2-user/ndvi_sqs_work/inner_mongolia/raw/HLS-VI.S30.T48TTL.2018148T035711.v2.0.NDVI.tif,HLS-VI.S30.T48TTL.2018148T035711.v2.0.NDVI.tif,S30,T48TTL,2018-05-28,2018148,035711,EPSG:32648,199980.0,4490220.0,309780.0,4600020.0,True
/home/ec2-user/ndvi_sqs_work/inner_mongolia/raw/HLS-VI.S30.T48TUK.2018148T035711.v2.0.NDVI.tif,HLS-VI.S30.T48TUK.2018148T035711.v2.0.NDVI.tif,S30,T48TUK,2018-05-28,2018148,035711,EPSG:32648,300000.0,4390200.0,409800.0,4500000.0,True
/home/ec2-user/ndvi_sqs_work/inner_mongolia/raw/HLS-VI.S30.T48TUL.2018148T035711.v2.0.NDVI.tif,HLS-VI.S30.T48TUL.2018148T035711.v2.0.NDVI.tif,S30,T48TUL,2018-05-28,2018148,035711,EPSG:32648,300000.0,4490220.0,409800.0,4600020.0,True
/home/ec2-user/ndvi_sqs_work/inner_mongolia/raw/HLS-VI.S30.T48TUM.2018148T035711.v2.0.NDVI.tif,HLS-VI.S30.T48TUM.2018148T035711.v2.0.NDVI.tif,S30,T48TUM,2018-05-28,2018148,035711,EPSG:32648,300000.0,4590240.0,409800.0,4700040.0,True
/home/ec2-user/ndvi_sqs_work/inner_mongolia/raw/HLS-VI.S30.T48TVK.2018148T035711.v2.0.NDVI.tif,HLS-VI.S30.T48TVK.2018148T035711.v2.0.NDVI.tif,S30,T48TVK,2018-05-28,2018148,035711,EPSG:32648,399960.0,4390200.0,509760.0,4500000.0,True
/home/ec2-user/ndvi_sqs_work/inner_mongolia/raw/HLS-VI.S30.T48TVL.2018148T035711.v2.0.NDVI.tif,HLS-VI.S30.T48TVL.2018148T035711.v2.0.NDVI.tif,S30,T48TVL,2018-05-28,2018148,035711,EPSG:32648,399960.0,4490220.0,509760.0,4600020.0,True
/home/ec2-user/ndvi_sqs_work/inner_mongolia/raw/HLS-VI.S30.T48TVM.2018148T035711.v2.0.NDVI.tif,HLS-VI.S30.T48TVM.2018148T035711.v2.0.NDVI.tif,S30,T48TVM,2018-05-28,2018148,035711,EPSG:32648,399960.0,4590240.0,509760.0,4700040.0,True
/home/ec2-user/ndvi_sqs_work/inner_mongolia/raw/HLS-VI.S30.T50UQE.2018148T030539.v2.0.NDVI.tif,HLS-VI.S30.T50UQE.2018148T030539.v2.0.NDVI.tif,S30,T50UQE,2018-05-28,2018148,030539,EPSG:32650,699960.0,5890200.0,809760.0,6000000.0,True
/home/ec2-user/ndvi_sqs_work/inner_mongolia/raw/HLS-VI.S30.T51UUV.2018148T030539.v2.0.NDVI.tif,HLS-VI.S30.T51UUV.2018148T030539.v2.0.NDVI.tif,S30,T51UUV,2018-05-28,2018148,030539,EPSG:32651,300000.0,5890200.0,409800.0,6000000.0,True
/home/ec2-user/ndvi_sqs_work/inner_mongolia/raw/HLS-VI.S30.T51UVV.2018148T030539.v2.0.NDVI.tif,HLS-VI.S30.T51UVV.2018148T030539.v2.0.NDVI.tif,S30,T51UVV,2018-05-28,2018148,030539,EPSG:32651,399960.0,5890200.0,509760.0,6000000.0,True
/home/ec2-user/ndvi_sqs_work/inner_mongolia/raw/HLS-VI.S30.T49SCD.2018149T032541.v2.0.NDVI.tif,HLS-VI.S30.T49SCD.2018149T032541.v2.0.NDVI.tif,S30,T49SCD,2018-05-29,2018149,032541,EPSG:32649,300000.0,4290240.0,409800.0,4400040.0,True
/home/ec2-user/ndvi_sqs_work/inner_mongolia/raw/HLS-VI.S30.T49SDC.2018149T032541.v2.0.NDVI.tif,HLS-VI.S30.T49SDC.2018149T032541.v2.0.NDVI.tif,S30,T49SDC,2018-05-29,2018149,032541,EPSG:32649,399960.0,4190220.0,509760.0,4300020.0,True
/home/ec2-user/ndvi_sqs_work/inner_mongolia/raw/HLS-VI.S30.T49SDD.2018149T032541.v2.0.NDVI.tif,HLS-VI.S30.T49SDD.2018149T032541.v2.0.NDVI.tif,S30,T49SDD,2018-05-29,2018149,032541,EPSG:32649,399960.0,4290240.0,509760.0,4400040.0,True
/home/ec2-user/ndvi_sqs_work/inner_mongolia/raw/HLS-VI.S30.T49SED.2018149T032541.v2.0.NDVI.tif,HLS-VI.S30.T49SED.2018149T032541.v2.0.NDVI.tif,S30,T49SED,2018-05-29,2018149,032541,EPSG:32649,499980.0,4290240.0,609780.0,4400040.0,True
/home/ec2-user/ndvi_sqs_work/inner_mongolia/raw/HLS-VI.S30.T49TBE.2018149T032541.v2.0.NDVI.tif,HLS-VI.S30.T49TBE.2018149T032541.v2.0.NDVI.tif,S30,T49TBE,2018-05-29,2018149,032541,EPSG:32649,199980.0,4390200.0,309780.0,4500000.0,True
/home/ec2-user/ndvi_sqs_work/inner_mongolia/raw/HLS-VI.S30.T49TCE.2018149T032541.v2.0.NDVI.tif,HLS-VI.S30.T49TCE.2018149T032541.v2.0.NDVI.tif,S30,T49TCE,2018-05-29,2018149,032541,EPSG:32649,300000.0,4390200.0,409800.0,4500000.0,True
/home/ec2-user/ndvi_sqs_work/inner_mongolia/raw/HLS-VI.S30.T49TCF.2018149T032541.v2.0.NDVI.tif,HLS-VI.S30.T49TCF.2018149T032541.v2.0.NDVI.tif,S30,T49TCF,2018-05-29,2018149,032541,EPSG:32649,300000.0,4490220.0,409800.0,4600020.0,True
/home/ec2-user/ndvi_sqs_work/inner_mongolia/raw/HLS-VI.S30.T49TCG.2018149T032541.v2.0.NDVI.tif,HLS-VI.S30.T49TCG.2018149T032541.v2.0.NDVI.tif,S30,T49TCG,2018-05-29,2018149,032541,EPSG:32649,300000.0,4590240.0,409800.0,4700040.0,True
/home/ec2-user/ndvi_sqs_work/inner_mongolia/raw/HLS-VI.S30.T49TCH.2018149T032541.v2.0.NDVI.tif,HLS-VI.S30.T49TCH.2018149T032541.v2.0.NDVI.tif,S30,T49TCH,2018-05-29,2018149,032541,EPSG:32649,300000.0,4690200.0,409800.0,4800000.0,True
/home/ec2-user/ndvi_sqs_work/inner_mongolia/raw/HLS-VI.S30.T51UXT.2018149T023549.v2.0.NDVI.tif,HLS-VI.S30.T51UXT.2018149T023549.v2.0.NDVI.tif,S30,T51UXT,2018-05-29,2018149,023549,EPSG:32651,600000.0,5690220.0,709800.0,5800020.0,True
/home/ec2-user/ndvi_sqs_work/inner_mongolia/raw/HLS-VI.S30.T48TYN.2018150T034529.v2.0.NDVI.tif,HLS-VI.S30.T48TYN.2018150T034529.v2.0.NDVI.tif,S30,T48TYN,2018-05-30,2018150,034529,EPSG:32648,699960.0,4690200.0,809760.0,4800000.0,True
/home/ec2-user/ndvi_sqs_work/inner_mongolia/raw/HLS-VI.S30.T50TPS.2018150T025551.v2.0.NDVI.tif,HLS-VI.S30.T50TPS.2018150T025551.v2.0.NDVI.tif,S30,T50TPS,2018-05-30,2018150,025551,EPSG:32650,600000.0,5090220.0,709800.0,5200020.0,True
/home/ec2-user/ndvi_sqs_work/inner_mongolia/raw/HLS-VI.S30.T50TPT.2018150T025551.v2.0.NDVI.tif,HLS-VI.S30.T50TPT.2018150T025551.v2.0.NDVI.tif,S30,T50TPT,2018-05-30,2018150,025551,EPSG:32650,600000.0,5190240.0,709800.0,5300040.0,True
/home/ec2-user/ndvi_sqs_work/inner_mongolia/raw/HLS-VI.S30.T50UPA.2018150T025551.v2.0.NDVI.tif,HLS-VI.S30.T50UPA.2018150T025551.v2.0.NDVI.tif,S30,T50UPA,2018-05-30,2018150,025551,EPSG:32650,600000.0,5490240.0,709800.0,5600040.0,True
/home/ec2-user/ndvi_sqs_work/inner_mongolia/raw/HLS-VI.S30.T50UQA.2018150T025551.v2.0.NDVI.tif,HLS-VI.S30.T50UQA.2018150T025551.v2.0.NDVI.tif,S30,T50UQA,2018-05-30,2018150,025551,EPSG:32650,699960.0,5490240.0,809760.0,5600040.0,True
/home/ec2-user/ndvi_sqs_work/inner_mongolia/raw/HLS-VI.S30.T50UQB.2018150T025551.v2.0.NDVI.tif,HLS-VI.S30.T50UQB.2018150T025551.v2.0.NDVI.tif,S30,T50UQB,2018-05-30,2018150,025551,EPSG:32650,699960.0,5590200.0,809760.0,5700000.0,True
/home/ec2-user/ndvi_sqs_work/inner_mongolia/raw/HLS-VI.S30.T50UQC.2018150T025551.v2.0.NDVI.tif,HLS-VI.S30.T50UQC.2018150T025551.v2.0.NDVI.tif,S30,T50UQC,2018-05-30,2018150,025551,EPSG:32650,699960.0,5690220.0,809760.0,5800020.0,True
/home/ec2-user/ndvi_sqs_work/inner_mongolia/raw/HLS-VI.S30.T50UQD.2018150T025551.v2.0.NDVI.tif,HLS-VI.S30.T50UQD.2018150T025551.v2.0.NDVI.tif,S30,T50UQD,2018-05-30,2018150,025551,EPSG:32650,699960.0,5790240.0,809760.0,5900040.0,True
/home/ec2-user/ndvi_sqs_work/inner_mongolia/raw/HLS-VI.S30.T50UQU.2018150T025551.v2.0.NDVI.tif,HLS-VI.S30.T50UQU.2018150T025551.v2.0.NDVI.tif,S30,T50UQU,2018-05-30,2018150,025551,EPSG:32650,699960.0,5290200.0,809760.0,5400000.0,True
/home/ec2-user/ndvi_sqs_work/inner_mongolia/raw/HLS-VI.S30.T50UQV.2018150T025551.v2.0.NDVI.tif,HLS-VI.S30.T50UQV.2018150T025551.v2.0.NDVI.tif,S30,T50UQV,2018-05-30,2018150,025551,EPSG:32650,699960.0,5390220.0,809760.0,5500020.0,True
/home/ec2-user/ndvi_sqs_work/inner_mongolia/raw/HLS-VI.S30.T51TUK.2018150T025551.v2.0.NDVI.tif,HLS-VI.S30.T51TUK.2018150T025551.v2.0.NDVI.tif,S30,T51TUK,2018-05-30,2018150,025551,EPSG:32651,300000.0,4890240.0,409800.0,5000040.0,True
/home/ec2-user/ndvi_sqs_work/inner_mongolia/raw/HLS-VI.S30.T51TVM.2018150T025551.v2.0.NDVI.tif,HLS-VI.S30.T51TVM.2018150T025551.v2.0.NDVI.tif,S30,T51TVM,2018-05-30,2018150,025551,EPSG:32651,399960.0,5090220.0,509760.0,5200020.0,True
/home/ec2-user/ndvi_sqs_work/inner_mongolia/raw/HLS-VI.S30.T51TVN.2018150T025551.v2.0.NDVI.tif,HLS-VI.S30.T51TVN.2018150T025551.v2.0.NDVI.tif,S30,T51TVN,2018-05-30,2018150,025551,EPSG:32651,399960.0,5190240.0,509760.0,5300040.0,True
/home/ec2-user/ndvi_sqs_work/inner_mongolia/raw/HLS-VI.S30.T51UUP.2018150T025551.v2.0.NDVI.tif,HLS-VI.S30.T51UUP.2018150T025551.v2.0.NDVI.tif,S30,T51UUP,2018-05-30,2018150,025551,EPSG:32651,300000.0,5290200.0,409800.0,5400000.0,True
/home/ec2-user/ndvi_sqs_work/inner_mongolia/raw/HLS-VI.S30.T51UUR.2018150T025551.v2.0.NDVI.tif,HLS-VI.S30.T51UUR.2018150T025551.v2.0.NDVI.tif,S30,T51UUR,2018-05-30,2018150,025551,EPSG:32651,300000.0,5490240.0,409800.0,5600040.0,True
/home/ec2-user/ndvi_sqs_work/inner_mongolia/raw/HLS-VI.S30.T51UUS.2018150T025551.v2.0.NDVI.tif,HLS-VI.S30.T51UUS.2018150T025551.v2.0.NDVI.tif,S30,T51UUS,2018-05-30,2018150,025551,EPSG:32651,300000.0,5590200.0,409800.0,5700000.0,True
/home/ec2-user/ndvi_sqs_work/inner_mongolia/raw/HLS-VI.S30.T51UUT.2018150T025551.v2.0.NDVI.tif,HLS-VI.S30.T51UUT.2018150T025551.v2.0.NDVI.tif,S30,T51UUT,2018-05-30,2018150,025551,EPSG:32651,300000.0,5690220.0,409800.0,5800020.0,True
/home/ec2-user/ndvi_sqs_work/inner_mongolia/raw/HLS-VI.S30.T51UUU.2018150T025551.v2.0.NDVI.tif,HLS-VI.S30.T51UUU.2018150T025551.v2.0.NDVI.tif,S30,T51UUU,2018-05-30,2018150,025551,EPSG:32651,300000.0,5790240.0,409800.0,5900040.0,True
/home/ec2-user/ndvi_sqs_work/inner_mongolia/raw/HLS-VI.S30.T51UVR.2018150T025551.v2.0.NDVI.tif,HLS-VI.S30.T51UVR.2018150T025551.v2.0.NDVI.tif,S30,T51UVR,2018-05-30,2018150,025551,EPSG:32651,399960.0,5490240.0,509760.0,5600040.0,True
/home/ec2-user/ndvi_sqs_work/inner_mongolia/raw/HLS-VI.S30.T51UVT.2018150T025551.v2.0.NDVI.tif,HLS-VI.S30.T51UVT.2018150T025551.v2.0.NDVI.tif,S30,T51UVT,2018-05-30,2018150,025551,EPSG:32651,399960.0,5690220.0,509760.0,5800020.0,True
/home/ec2-user/ndvi_sqs_work/inner_mongolia/raw/HLS-VI.S30.T51UVU.2018150T025551.v2.0.NDVI.tif,HLS-VI.S30.T51UVU.2018150T025551.v2.0.NDVI.tif,S30,T51UVU,2018-05-30,2018150,025551,EPSG:32651,399960.0,5790240.0,509760.0,5900040.0,True
/home/ec2-user/ndvi_sqs_work/inner_mongolia/raw/HLS-VI.S30.T49TEE.2018151T031539.v2.0.NDVI.tif,HLS-VI.S30.T49TEE.2018151T031539.v2.0.NDVI.tif,S30,T49TEE,2018-05-31,2018151,031539,EPSG:32649,499980.0,4390200.0,609780.0,4500000.0,True
/home/ec2-user/ndvi_sqs_work/inner_mongolia/raw/HLS-VI.S30.T49TEF.2018151T031539.v2.0.NDVI.tif,HLS-VI.S30.T49TEF.2018151T031539.v2.0.NDVI.tif,S30,T49TEF,2018-05-31,2018151,031539,EPSG:32649,499980.0,4490220.0,609780.0,4600020.0,True
/home/ec2-user/ndvi_sqs_work/inner_mongolia/raw/HLS-VI.S30.T49TEG.2018151T031539.v2.0.NDVI.tif,HLS-VI.S30.T49TEG.2018151T031539.v2.0.NDVI.tif,S30,T49TEG,2018-05-31,2018151,031539,EPSG:32649,499980.0,4590240.0,609780.0,4700040.0,True
/home/ec2-user/ndvi_sqs_work/inner_mongolia/raw/HLS-VI.S30.T49TEH.2018151T031539.v2.0.NDVI.tif,HLS-VI.S30.T49TEH.2018151T031539.v2.0.NDVI.tif,S30,T49TEH,2018-05-31,2018151,031539,EPSG:32649,499980.0,4690200.0,609780.0,4800000.0,True
/home/ec2-user/ndvi_sqs_work/inner_mongolia/raw/HLS-VI.S30.T49TFE.2018151T031539.v2.0.NDVI.tif,HLS-VI.S30.T49TFE.2018151T031539.v2.0.NDVI.tif,S30,T49TFE,2018-05-31,2018151,031539,EPSG:32649,600000.0,4390200.0,709800.0,4500000.0,True
/home/ec2-user/ndvi_sqs_work/inner_mongolia/raw/HLS-VI.S30.T49TFG.2018151T031539.v2.0.NDVI.tif,HLS-VI.S30.T49TFG.2018151T031539.v2.0.NDVI.tif,S30,T49TFG,2018-05-31,2018151,031539,EPSG:32649,600000.0,4590240.0,709800.0,4700040.0,True
/home/ec2-user/ndvi_sqs_work/inner_mongolia/raw/HLS-VI.S30.T49TFH.2018151T031539.v2.0.NDVI.tif,HLS-VI.S30.T49TFH.2018151T031539.v2.0.NDVI.tif,S30,T49TFH,2018-05-31,2018151,031539,EPSG:32649,600000.0,4690200.0,709800.0,4800000.0,True
/home/ec2-user/ndvi_sqs_work/inner_mongolia/raw/HLS-VI.S30.T49TFJ.2018151T031539.v2.0.NDVI.tif,HLS-VI.S30.T49TFJ.2018151T031539.v2.0.NDVI.tif,S30,T49TFJ,2018-05-31,2018151,031539,EPSG:32649,600000.0,4790220.0,709800.0,4900020.0,True
/home/ec2-user/ndvi_sqs_work/inner_mongolia/raw/HLS-VI.S30.T49TFK.2018151T031539.v2.0.NDVI.tif,HLS-VI.S30.T49TFK.2018151T031539.v2.0.NDVI.tif,S30,T49TFK,2018-05-31,2018151,031539,EPSG:32649,600000.0,4890240.0,709800.0,5000040.0,True
/home/ec2-user/ndvi_sqs_work/inner_mongolia/raw/HLS-VI.S30.T49TGE.2018151T031539.v2.0.NDVI.tif,HLS-VI.S30.T49TGE.2018151T031539.v2.0.NDVI.tif,S30,T49TGE,2018-05-31,2018151,031539,EPSG:32649,699960.0,4390200.0,809760.0,4500000.0,True
/home/ec2-user/ndvi_sqs_work/inner_mongolia/raw/HLS-VI.S30.T49TGG.2018151T031539.v2.0.NDVI.tif,HLS-VI.S30.T49TGG.2018151T031539.v2.0.NDVI.tif,S30,T49TGG,2018-05-31,2018151,031539,EPSG:32649,699960.0,4590240.0,809760.0,4700040.0,True
/home/ec2-user/ndvi_sqs_work/inner_mongolia/raw/HLS-VI.S30.T49TGH.2018151T031539.v2.0.NDVI.tif,HLS-VI.S30.T49TGH.2018151T031539.v2.0.NDVI.tif,S30,T49TGH,2018-05-31,2018151,031539,EPSG:32649,699960.0,4690200.0,809760.0,4800000.0,True
/home/ec2-user/ndvi_sqs_work/inner_mongolia/raw/HLS-VI.S30.T49TGJ.2018151T031539.v2.0.NDVI.tif,HLS-VI.S30.T49TGJ.2018151T031539.v2.0.NDVI.tif,S30,T49TGJ,2018-05-31,2018151,031539,EPSG:32649,699960.0,4790220.0,809760.0,4900020.0,True
/home/ec2-user/ndvi_sqs_work/inner_mongolia/raw/HLS-VI.S30.T50TKK.2018151T031539.v2.0.NDVI.tif,HLS-VI.S30.T50TKK.2018151T031539.v2.0.NDVI.tif,S30,T50TKK,2018-05-31,2018151,031539,EPSG:32650,199980.0,4390200.0,309780.0,4500000.0,True
/home/ec2-user/ndvi_sqs_work/inner_mongolia/raw/HLS-VI.S30.T50TKL.2018151T031539.v2.0.NDVI.tif,HLS-VI.S30.T50TKL.2018151T031539.v2.0.NDVI.tif,S30,T50TKL,2018-05-31,2018151,031539,EPSG:32650,199980.0,4490220.0,309780.0,4600020.0,True
/home/ec2-user/ndvi_sqs_work/inner_mongolia/raw/HLS-VI.S30.T50TKM.2018151T031539.v2.0.NDVI.tif,HLS-VI.S30.T50TKM.2018151T031539.v2.0.NDVI.tif,S30,T50TKM,2018-05-31,2018151,031539,EPSG:32650,199980.0,4590240.0,309780.0,4700040.0,True
/home/ec2-user/ndvi_sqs_work/inner_mongolia/raw/HLS-VI.S30.T50TLM.2018151T031539.v2.0.NDVI.tif,HLS-VI.S30.T50TLM.2018151T031539.v2.0.NDVI.tif,S30,T50TLM,2018-05-31,2018151,031539,EPSG:32650,300000.0,4590240.0,409800.0,4700040.0,True
/home/ec2-user/ndvi_sqs_work/inner_mongolia/raw/HLS-VI.S30.T50TLQ.2018151T031539.v2.0.NDVI.tif,HLS-VI.S30.T50TLQ.2018151T031539.v2.0.NDVI.tif,S30,T50TLQ,2018-05-31,2018151,031539,EPSG:32650,300000.0,4890240.0,409800.0,5000040.0,True
/home/ec2-user/ndvi_sqs_work/inner_mongolia/raw/HLS-VI.S30.T50TLR.2018151T031539.v2.0.NDVI.tif,HLS-VI.S30.T50TLR.2018151T031539.v2.0.NDVI.tif,S30,T50TLR,2018-05-31,2018151,031539,EPSG:32650,300000.0,4990200.0,409800.0,5100000.0,True
/home/ec2-user/ndvi_sqs_work/inner_mongolia/raw/HLS-VI.S30.T50TLT.2018151T031539.v2.0.NDVI.tif,HLS-VI.S30.T50TLT.2018151T031539.v2.0.NDVI.tif,S30,T50TLT,2018-05-31,2018151,031539,EPSG:32650,300000.0,5190240.0,409800.0,5300040.0,True
/home/ec2-user/ndvi_sqs_work/inner_mongolia/raw/HLS-VI.S30.T50TMP.2018151T031539.v2.0.NDVI.tif,HLS-VI.S30.T50TMP.2018151T031539.v2.0.NDVI.tif,S30,T50TMP,2018-05-31,2018151,031539,EPSG:32650,399960.0,4790220.0,509760.0,4900020.0,True
/home/ec2-user/ndvi_sqs_work/inner_mongolia/raw/HLS-VI.S30.T50TMS.2018151T031539.v2.0.NDVI.tif,HLS-VI.S30.T50TMS.2018151T031539.v2.0.NDVI.tif,S30,T50TMS,2018-05-31,2018151,031539,EPSG:32650,399960.0,5090220.0,509760.0,5200020.0,True
/home/ec2-user/ndvi_sqs_work/inner_mongolia/raw/HLS-VI.S30.T50TNR.2018151T031539.v2.0.NDVI.tif,HLS-VI.S30.T50TNR.2018151T031539.v2.0.NDVI.tif,S30,T50TNR,2018-05-31,2018151,031539,EPSG:32650,499980.0,4990200.0,609780.0,5100000.0,True
/home/ec2-user/ndvi_sqs_work/inner_mongolia/raw/HLS-VI.S30.T50TNS.2018151T031539.v2.0.NDVI.tif,HLS-VI.S30.T50TNS.2018151T031539.v2.0.NDVI.tif,S30,T50TNS,2018-05-31,2018151,031539,EPSG:32650,499980.0,5090220.0,609780.0,5200020.0,True
/home/ec2-user/ndvi_sqs_work/inner_mongolia/raw/HLS-VI.S30.T50UNA.2018151T031539.v2.0.NDVI.tif,HLS-VI.S30.T50UNA.2018151T031539.v2.0.NDVI.tif,S30,T50UNA,2018-05-31,2018151,031539,EPSG:32650,499980.0,5490240.0,609780.0,5600040.0,True
/home/ec2-user/ndvi_sqs_work/inner_mongolia/raw/HLS-VI.S30.T50UPA.2018151T031539.v2.0.NDVI.tif,HLS-VI.S30.T50UPA.2018151T031539.v2.0.NDVI.tif,S30,T50UPA,2018-05-31,2018151,031539,EPSG:32650,600000.0,5490240.0,709800.0,5600040.0,True
/home/ec2-user/ndvi_sqs_work/inner_mongolia/raw/HLS-VI.S30.T50UPV.2018151T031539.v2.0.NDVI.tif,HLS-VI.S30.T50UPV.2018151T031539.v2.0.NDVI.tif,S30,T50UPV,2018-05-31,2018151,031539,EPSG:32650,600000.0,5390220.0,709800.0,5500020.0,True
/home/ec2-user/ndvi_sqs_work/inner_mongolia/raw/HLS-VI.S30.T50UQD.2018151T031539.v2.0.NDVI.tif,HLS-VI.S30.T50UQD.2018151T031539.v2.0.NDVI.tif,S30,T50UQD,2018-05-31,2018151,031539,EPSG:32650,699960.0,5790240.0,809760.0,5900040.0,True
/home/ec2-user/ndvi_sqs_work/inner_mongolia/raw/HLS-VI.S30.T51UUU.2018151T031539.v2.0.NDVI.tif,HLS-VI.S30.T51UUU.2018151T031539.v2.0.NDVI.tif,S30,T51UUU,2018-05-31,2018151,031539,EPSG:32651,300000.0,5790240.0,409800.0,5900040.0,True
/home/ec2-user/ndvi_sqs_work/inner_mongolia/raw/HLS-VI.S30.T47TLH.2018152T042659.v2.0.NDVI.tif,HLS-VI.S30.T47TLH.2018152T042659.v2.0.NDVI.tif,S30,T47TLH,2018-06-01,2018152,042659,EPSG:32647,300000.0,4690200.0,409800.0,4800000.0,True
/home/ec2-user/ndvi_sqs_work/inner_mongolia/raw/HLS-VI.S30.T47TMG.2018152T042659.v2.0.NDVI.tif,HLS-VI.S30.T47TMG.2018152T042659.v2.0.NDVI.tif,S30,T47TMG,2018-06-01,2018152,042659,EPSG:32647,399960.0,4590240.0,509760.0,4700040.0,True
/home/ec2-user/ndvi_sqs_work/inner_mongolia/raw/HLS-VI.S30.T47TMH.2018152T042659.v2.0.NDVI.tif,HLS-VI.S30.T47TMH.2018152T042659.v2.0.NDVI.tif,S30,T47TMH,2018-06-01,2018152,042659,EPSG:32647,399960.0,4690200.0,509760.0,4800000.0,True
/home/ec2-user/ndvi_sqs_work/inner_mongolia/raw/HLS-VI.S30.T49TCG.2018152T033711.v2.0.NDVI.tif,HLS-VI.S30.T49TCG.2018152T033711.v2.0.NDVI.tif,S30,T49TCG,2018-06-01,2018152,033711,EPSG:32649,300000.0,4590240.0,409800.0,4700040.0,True
/home/ec2-user/ndvi_sqs_work/inner_mongolia/raw/HLS-VI.S30.T49TCH.2018152T033711.v2.0.NDVI.tif,HLS-VI.S30.T49TCH.2018152T033711.v2.0.NDVI.tif,S30,T49TCH,2018-06-01,2018152,033711,EPSG:32649,300000.0,4690200.0,409800.0,4800000.0,True
/home/ec2-user/ndvi_sqs_work/inner_mongolia/raw/HLS-VI.S30.T49TDH.2018152T033711.v2.0.NDVI.tif,HLS-VI.S30.T49TDH.2018152T033711.v2.0.NDVI.tif,S30,T49TDH,2018-06-01,2018152,033711,EPSG:32649,399960.0,4690200.0,509760.0,4800000.0,True
/home/ec2-user/ndvi_sqs_work/inner_mongolia/raw/HLS-VI.S30.T50TPL.2018152T024539.v2.0.NDVI.tif,HLS-VI.S30.T50TPL.2018152T024539.v2.0.NDVI.tif,S30,T50TPL,2018-06-01,2018152,024539,EPSG:32650,600000.0,4490220.0,709800.0,4600020.0,True
/home/ec2-user/ndvi_sqs_work/inner_mongolia/raw/HLS-VI.S30.T50TQL.2018152T024539.v2.0.NDVI.tif,HLS-VI.S30.T50TQL.2018152T024539.v2.0.NDVI.tif,S30,T50TQL,2018-06-01,2018152,024539,EPSG:32650,699960.0,4490220.0,809760.0,4600020.0,True
/home/ec2-user/ndvi_sqs_work/inner_mongolia/raw/HLS-VI.S30.T50TQM.2018152T024539.v2.0.NDVI.tif,HLS-VI.S30.T50TQM.2018152T024539.v2.0.NDVI.tif,S30,T50TQM,2018-06-01,2018152,024539,EPSG:32650,699960.0,4590240.0,809760.0,4700040.0,True
/home/ec2-user/ndvi_sqs_work/inner_mongolia/raw/HLS-VI.S30.T50TQN.2018152T024539.v2.0.NDVI.tif,HLS-VI.S30.T50TQN.2018152T024539.v2.0.NDVI.tif,S30,T50TQN,2018-06-01,2018152,024539,EPSG:32650,699960.0,4690200.0,809760.0,4800000.0,True
/home/ec2-user/ndvi_sqs_work/inner_mongolia/raw/HLS-VI.S30.T50TQP.2018152T024539.v2.0.NDVI.tif,HLS-VI.S30.T50TQP.2018152T024539.v2.0.NDVI.tif,S30,T50TQP,2018-06-01,2018152,024539,EPSG:32650,699960.0,4790220.0,809760.0,4900020.0,True
/home/ec2-user/ndvi_sqs_work/inner_mongolia/raw/HLS-VI.S30.T50TQQ.2018152T024539.v2.0.NDVI.tif,HLS-VI.S30.T50TQQ.2018152T024539.v2.0.NDVI.tif,S30,T50TQQ,2018-06-01,2018152,024539,EPSG:32650,699960.0,4890240.0,809760.0,5000040.0,True
/home/ec2-user/ndvi_sqs_work/inner_mongolia/raw/HLS-VI.S30.T50TQR.2018152T024539.v2.0.NDVI.tif,HLS-VI.S30.T50TQR.2018152T024539.v2.0.NDVI.tif,S30,T50TQR,2018-06-01,2018152,024539,EPSG:32650,699960.0,4990200.0,809760.0,5100000.0,True
/home/ec2-user/ndvi_sqs_work/inner_mongolia/raw/HLS-VI.S30.T51TTF.2018152T024539.v2.0.NDVI.tif,HLS-VI.S30.T51TTF.2018152T024539.v2.0.NDVI.tif,S30,T51TTF,2018-06-01,2018152,024539,EPSG:32651,199980.0,4490220.0,309780.0,4600020.0,True
/home/ec2-user/ndvi_sqs_work/inner_mongolia/raw/HLS-VI.S30.T51TTG.2018152T024539.v2.0.NDVI.tif,HLS-VI.S30.T51TTG.2018152T024539.v2.0.NDVI.tif,S30,T51TTG,2018-06-01,2018152,024539,EPSG:32651,199980.0,4590240.0,309780.0,4700040.0,True
/home/ec2-user/ndvi_sqs_work/inner_mongolia/raw/HLS-VI.S30.T51TUG.2018152T024539.v2.0.NDVI.tif,HLS-VI.S30.T51TUG.2018152T024539.v2.0.NDVI.tif,S30,T51TUG,2018-06-01,2018152,024539,EPSG:32651,300000.0,4590240.0,409800.0,4700040.0,True
/home/ec2-user/ndvi_sqs_work/inner_mongolia/raw/HLS-VI.S30.T51TUH.2018152T024539.v2.0.NDVI.tif,HLS-VI.S30.T51TUH.2018152T024539.v2.0.NDVI.tif,S30,T51TUH,2018-06-01,2018152,024539,EPSG:32651,300000.0,4690200.0,409800.0,4800000.0,True
/home/ec2-user/ndvi_sqs_work/inner_mongolia/raw/HLS-VI.S30.T51TUJ.2018152T024539.v2.0.NDVI.tif,HLS-VI.S30.T51TUJ.2018152T024539.v2.0.NDVI.tif,S30,T51TUJ,2018-06-01,2018152,024539,EPSG:32651,300000.0,4790220.0,409800.0,4900020.0,True
/home/ec2-user/ndvi_sqs_work/inner_mongolia/raw/HLS-VI.S30.T51TUK.2018152T024539.v2.0.NDVI.tif,HLS-VI.S30.T51TUK.2018152T024539.v2.0.NDVI.tif,S30,T51TUK,2018-06-01,2018152,024539,EPSG:32651,300000.0,4890240.0,409800.0,5000040.0,True
/home/ec2-user/ndvi_sqs_work/inner_mongolia/raw/HLS-VI.S30.T51TUL.2018152T024539.v2.0.NDVI.tif,HLS-VI.S30.T51TUL.2018152T024539.v2.0.NDVI.tif,S30,T51TUL,2018-06-01,2018152,024539,EPSG:32651,300000.0,4990200.0,409800.0,5100000.0,True
/home/ec2-user/ndvi_sqs_work/inner_mongolia/raw/HLS-VI.S30.T51TUM.2018152T024539.v2.0.NDVI.tif,HLS-VI.S30.T51TUM.2018152T024539.v2.0.NDVI.tif,S30,T51TUM,2018-06-01,2018152,024539,EPSG:32651,300000.0,5090220.0,409800.0,5200020.0,True
/home/ec2-user/ndvi_sqs_work/inner_mongolia/raw/HLS-VI.S30.T51TUN.2018152T024539.v2.0.NDVI.tif,HLS-VI.S30.T51TUN.2018152T024539.v2.0.NDVI.tif,S30,T51TUN,2018-06-01,2018152,024539,EPSG:32651,300000.0,5190240.0,409800.0,5300040.0,True
/home/ec2-user/ndvi_sqs_work/inner_mongolia/raw/HLS-VI.S30.T51TVH.2018152T024539.v2.0.NDVI.tif,HLS-VI.S30.T51TVH.2018152T024539.v2.0.NDVI.tif,S30,T51TVH,2018-06-01,2018152,024539,EPSG:32651,399960.0,4690200.0,509760.0,4800000.0,True
/home/ec2-user/ndvi_sqs_work/inner_mongolia/raw/HLS-VI.S30.T51TVJ.2018152T024539.v2.0.NDVI.tif,HLS-VI.S30.T51TVJ.2018152T024539.v2.0.NDVI.tif,S30,T51TVJ,2018-06-01,2018152,024539,EPSG:32651,399960.0,4790220.0,509760.0,4900020.0,True
/home/ec2-user/ndvi_sqs_work/inner_mongolia/raw/HLS-VI.S30.T51TVK.2018152T024539.v2.0.NDVI.tif,HLS-VI.S30.T51TVK.2018152T024539.v2.0.NDVI.tif,S30,T51TVK,2018-06-01,2018152,024539,EPSG:32651,399960.0,4890240.0,509760.0,5000040.0,True
/home/ec2-user/ndvi_sqs_work/inner_mongolia/raw/HLS-VI.S30.T51TVL.2018152T024539.v2.0.NDVI.tif,HLS-VI.S30.T51TVL.2018152T024539.v2.0.NDVI.tif,S30,T51TVL,2018-06-01,2018152,024539,EPSG:32651,399960.0,4990200.0,509760.0,5100000.0,True
/home/ec2-user/ndvi_sqs_work/inner_mongolia/raw/HLS-VI.S30.T51TVM.2018152T024539.v2.0.NDVI.tif,HLS-VI.S30.T51TVM.2018152T024539.v2.0.NDVI.tif,S30,T51TVM,2018-06-01,2018152,024539,EPSG:32651,399960.0,5090220.0,509760.0,5200020.0,True
/home/ec2-user/ndvi_sqs_work/inner_mongolia/raw/HLS-VI.S30.T51TWJ.2018152T024539.v2.0.NDVI.tif,HLS-VI.S30.T51TWJ.2018152T024539.v2.0.NDVI.tif,S30,T51TWJ,2018-06-01,2018152,024539,EPSG:32651,499980.0,4790220.0,609780.0,4900020.0,True
/home/ec2-user/ndvi_sqs_work/inner_mongolia/raw/HLS-VI.S30.T51UVR.2018152T024539.v2.0.NDVI.tif,HLS-VI.S30.T51UVR.2018152T024539.v2.0.NDVI.tif,S30,T51UVR,2018-06-01,2018152,024539,EPSG:32651,399960.0,5490240.0,509760.0,5600040.0,True
/home/ec2-user/ndvi_sqs_work/inner_mongolia/raw/HLS-VI.S30.T51UVS.2018152T024539.v2.0.NDVI.tif,HLS-VI.S30.T51UVS.2018152T024539.v2.0.NDVI.tif,S30,T51UVS,2018-06-01,2018152,024539,EPSG:32651,399960.0,5590200.0,509760.0,5700000.0,True
/home/ec2-user/ndvi_sqs_work/inner_mongolia/raw/HLS-VI.S30.T51UWS.2018152T024539.v2.0.NDVI.tif,HLS-VI.S30.T51UWS.2018152T024539.v2.0.NDVI.tif,S30,T51UWS,2018-06-01,2018152,024539,EPSG:32651,499980.0,5590200.0,609780.0,5700000.0,True
/home/ec2-user/ndvi_sqs_work/inner_mongolia/raw/HLS-VI.S30.T51UXT.2018152T024539.v2.0.NDVI.tif,HLS-VI.S30.T51UXT.2018152T024539.v2.0.NDVI.tif,S30,T51UXT,2018-06-01,2018152,024539,EPSG:32651,600000.0,5690220.0,709800.0,5800020.0,True
/home/ec2-user/ndvi_sqs_work/inner_mongolia/raw/HLS-VI.S30.T51UYS.2018152T024539.v2.0.NDVI.tif,HLS-VI.S30.T51UYS.2018152T024539.v2.0.NDVI.tif,S30,T51UYS,2018-06-01,2018152,024539,EPSG:32651,699960.0,5590200.0,809760.0,5700000.0,True
/home/ec2-user/ndvi_sqs_work/inner_mongolia/raw/HLS-VI.S30.T47TQH.2018153T035709.v2.0.NDVI.tif,HLS-VI.S30.T47TQH.2018153T035709.v2.0.NDVI.tif,S30,T47TQH,2018-06-02,2018153,035709,EPSG:32647,699960.0,4690200.0,809760.0,4800000.0,True
/home/ec2-user/ndvi_sqs_work/inner_mongolia/raw/HLS-VI.S30.T50TQT.2018153T030631.v2.0.NDVI.tif,HLS-VI.S30.T50TQT.2018153T030631.v2.0.NDVI.tif,S30,T50TQT,2018-06-02,2018153,030631,EPSG:32650,699960.0,5190240.0,809760.0,5300040.0,True
/home/ec2-user/ndvi_sqs_work/inner_mongolia/raw/HLS-VI.S30.T47TLH.2018154T041701.v2.0.NDVI.tif,HLS-VI.S30.T47TLH.2018154T041701.v2.0.NDVI.tif,S30,T47TLH,2018-06-03,2018154,041701,EPSG:32647,300000.0,4690200.0,409800.0,4800000.0,True
/home/ec2-user/ndvi_sqs_work/inner_mongolia/raw/HLS-VI.S30.T47TMG.2018154T041701.v2.0.NDVI.tif,HLS-VI.S30.T47TMG.2018154T041701.v2.0.NDVI.tif,S30,T47TMG,2018-06-03,2018154,041701,EPSG:32647,399960.0,4590240.0,509760.0,4700040.0,True
/home/ec2-user/ndvi_sqs_work/inner_mongolia/raw/HLS-VI.S30.T47TMH.2018154T041701.v2.0.NDVI.tif,HLS-VI.S30.T47TMH.2018154T041701.v2.0.NDVI.tif,S30,T47TMH,2018-06-03,2018154,041701,EPSG:32647,399960.0,4690200.0,509760.0,4800000.0,True
/home/ec2-user/ndvi_sqs_work/inner_mongolia/raw/HLS-VI.S30.T47TNG.2018154T041701.v2.0.NDVI.tif,HLS-VI.S30.T47TNG.2018154T041701.v2.0.NDVI.tif,S30,T47TNG,2018-06-03,2018154,041701,EPSG:32647,499980.0,4590240.0,609780.0,4700040.0,True
/home/ec2-user/ndvi_sqs_work/inner_mongolia/raw/HLS-VI.S30.T47TNH.2018154T041701.v2.0.NDVI.tif,HLS-VI.S30.T47TNH.2018154T041701.v2.0.NDVI.tif,S30,T47TNH,2018-06-03,2018154,041701,EPSG:32647,499980.0,4690200.0,609780.0,4800000.0,True
/home/ec2-user/ndvi_sqs_work/inner_mongolia/raw/HLS-VI.S30.T48SWG.2018155T034541.v2.0.NDVI.tif,HLS-VI.S30.T48SWG.2018155T034541.v2.0.NDVI.tif,S30,T48SWG,2018-06-04,2018155,034541,EPSG:32648,499980.0,4090200.0,609780.0,4200000.0,True
/home/ec2-user/ndvi_sqs_work/inner_mongolia/raw/HLS-VI.S30.T48SWH.2018155T034541.v2.0.NDVI.tif,HLS-VI.S30.T48SWH.2018155T034541.v2.0.NDVI.tif,S30,T48SWH,2018-06-04,2018155,034541,EPSG:32648,499980.0,4190220.0,609780.0,4300020.0,True
/home/ec2-user/ndvi_sqs_work/inner_mongolia/raw/HLS-VI.S30.T48SWJ.2018155T034541.v2.0.NDVI.tif,HLS-VI.S30.T48SWJ.2018155T034541.v2.0.NDVI.tif,S30,T48SWJ,2018-06-04,2018155,034541,EPSG:32648,499980.0,4290240.0,609780.0,4400040.0,True
/home/ec2-user/ndvi_sqs_work/inner_mongolia/raw/HLS-VI.S30.T48TUK.2018155T034541.v2.0.NDVI.tif,HLS-VI.S30.T48TUK.2018155T034541.v2.0.NDVI.tif,S30,T48TUK,2018-06-04,2018155,034541,EPSG:32648,300000.0,4390200.0,409800.0,4500000.0,True
/home/ec2-user/ndvi_sqs_work/inner_mongolia/raw/HLS-VI.S30.T48TVK.2018155T034541.v2.0.NDVI.tif,HLS-VI.S30.T48TVK.2018155T034541.v2.0.NDVI.tif,S30,T48TVK,2018-06-04,2018155,034541,EPSG:32648,399960.0,4390200.0,509760.0,4500000.0,True
/home/ec2-user/ndvi_sqs_work/inner_mongolia/raw/HLS-VI.S30.T48TVL.2018155T034541.v2.0.NDVI.tif,HLS-VI.S30.T48TVL.2018155T034541.v2.0.NDVI.tif,S30,T48TVL,2018-06-04,2018155,034541,EPSG:32648,399960.0,4490220.0,509760.0,4600020.0,True
/home/ec2-user/ndvi_sqs_work/inner_mongolia/raw/HLS-VI.S30.T48TVM.2018155T034541.v2.0.NDVI.tif,HLS-VI.S30.T48TVM.2018155T034541.v2.0.NDVI.tif,S30,T48TVM,2018-06-04,2018155,034541,EPSG:32648,399960.0,4590240.0,509760.0,4700040.0,True
/home/ec2-user/ndvi_sqs_work/inner_mongolia/raw/HLS-VI.S30.T48TWK.2018155T034541.v2.0.NDVI.tif,HLS-VI.S30.T48TWK.2018155T034541.v2.0.NDVI.tif,S30,T48TWK,2018-06-04,2018155,034541,EPSG:32648,499980.0,4390200.0,609780.0,4500000.0,True
/home/ec2-user/ndvi_sqs_work/inner_mongolia/raw/HLS-VI.S30.T48TWL.2018155T034541.v2.0.NDVI.tif,HLS-VI.S30.T48TWL.2018155T034541.v2.0.NDVI.tif,S30,T48TWL,2018-06-04,2018155,034541,EPSG:32648,499980.0,4490220.0,609780.0,4600020.0,True
/home/ec2-user/ndvi_sqs_work/inner_mongolia/raw/HLS-VI.S30.T48TWM.2018155T034541.v2.0.NDVI.tif,HLS-VI.S30.T48TWM.2018155T034541.v2.0.NDVI.tif,S30,T48TWM,2018-06-04,2018155,034541,EPSG:32648,499980.0,4590240.0,609780.0,4700040.0,True
/home/ec2-user/ndvi_sqs_work/inner_mongolia/raw/HLS-VI.S30.T48TXK.2018155T034541.v2.0.NDVI.tif,HLS-VI.S30.T48TXK.2018155T034541.v2.0.NDVI.tif,S30,T48TXK,2018-06-04,2018155,034541,EPSG:32648,600000.0,4390200.0,709800.0,4500000.0,True
/home/ec2-user/ndvi_sqs_work/inner_mongolia/raw/HLS-VI.S30.T48TXL.2018155T034541.v2.0.NDVI.tif,HLS-VI.S30.T48TXL.2018155T034541.v2.0.NDVI.tif,S30,T48TXL,2018-06-04,2018155,034541,EPSG:32648,600000.0,4490220.0,709800.0,4600020.0,True
/home/ec2-user/ndvi_sqs_work/inner_mongolia/raw/HLS-VI.S30.T48TXM.2018155T034541.v2.0.NDVI.tif,HLS-VI.S30.T48TXM.2018155T034541.v2.0.NDVI.tif,S30,T48TXM,2018-06-04,2018155,034541,EPSG:32648,600000.0,4590240.0,709800.0,4700040.0,True
/home/ec2-user/ndvi_sqs_work/inner_mongolia/raw/HLS-VI.S30.T48TYM.2018155T034541.v2.0.NDVI.tif,HLS-VI.S30.T48TYM.2018155T034541.v2.0.NDVI.tif,S30,T48TYM,2018-06-04,2018155,034541,EPSG:32648,699960.0,4590240.0,809760.0,4700040.0,True
/home/ec2-user/ndvi_sqs_work/inner_mongolia/raw/HLS-VI.S30.T49TBG.2018155T034541.v2.0.NDVI.tif,HLS-VI.S30.T49TBG.2018155T034541.v2.0.NDVI.tif,S30,T49TBG,2018-06-04,2018155,034541,EPSG:32649,199980.0,4590240.0,309780.0,4700040.0,True
/home/ec2-user/ndvi_sqs_work/inner_mongolia/raw/HLS-VI.S30.T48TUL.2018156T040659.v2.0.NDVI.tif,HLS-VI.S30.T48TUL.2018156T040659.v2.0.NDVI.tif,S30,T48TUL,2018-06-05,2018156,040659,EPSG:32648,300000.0,4490220.0,409800.0,4600020.0,True
/home/ec2-user/ndvi_sqs_work/inner_mongolia/raw/HLS-VI.S30.T47TQH.2018158T035711.v2.0.NDVI.tif,HLS-VI.S30.T47TQH.2018158T035711.v2.0.NDVI.tif,S30,T47TQH,2018-06-07,2018158,035711,EPSG:32647,699960.0,4690200.0,809760.0,4800000.0,True
/home/ec2-user/ndvi_sqs_work/inner_mongolia/raw/HLS-VI.S30.T47TNF.2018159T041659.v2.0.NDVI.tif,HLS-VI.S30.T47TNF.2018159T041659.v2.0.NDVI.tif,S30,T47TNF,2018-06-08,2018159,041659,EPSG:32647,499980.0,4490220.0,609780.0,4600020.0,True
/home/ec2-user/ndvi_sqs_work/inner_mongolia/raw/HLS-VI.S30.T49TEH.2018161T031539.v2.0.NDVI.tif,HLS-VI.S30.T49TEH.2018161T031539.v2.0.NDVI.tif,S30,T49TEH,2018-06-10,2018161,031539,EPSG:32649,499980.0,4690200.0,609780.0,4800000.0,True
/home/ec2-user/ndvi_sqs_work/inner_mongolia/raw/HLS-VI.S30.T47TLH.2018162T042659.v2.0.NDVI.tif,HLS-VI.S30.T47TLH.2018162T042659.v2.0.NDVI.tif,S30,T47TLH,2018-06-11,2018162,042659,EPSG:32647,300000.0,4690200.0,409800.0,4800000.0,True
/home/ec2-user/ndvi_sqs_work/inner_mongolia/raw/HLS-VI.S30.T48TWK.2018162T033531.v2.0.NDVI.tif,HLS-VI.S30.T48TWK.2018162T033531.v2.0.NDVI.tif,S30,T48TWK,2018-06-11,2018162,033531,EPSG:32648,499980.0,4390200.0,609780.0,4500000.0,True
/home/ec2-user/ndvi_sqs_work/inner_mongolia/raw/HLS-VI.S30.T48TXN.2018162T033531.v2.0.NDVI.tif,HLS-VI.S30.T48TXN.2018162T033531.v2.0.NDVI.tif,S30,T48TXN,2018-06-11,2018162,033531,EPSG:32648,600000.0,4690200.0,709800.0,4800000.0,True
/home/ec2-user/ndvi_sqs_work/inner_mongolia/raw/HLS-VI.S30.T48TYN.2018162T033531.v2.0.NDVI.tif,HLS-VI.S30.T48TYN.2018162T033531.v2.0.NDVI.tif,S30,T48TYN,2018-06-11,2018162,033531,EPSG:32648,699960.0,4690200.0,809760.0,4800000.0,True
/home/ec2-user/ndvi_sqs_work/inner_mongolia/raw/HLS-VI.S30.T50TQP.2018162T024549.v2.0.NDVI.tif,HLS-VI.S30.T50TQP.2018162T024549.v2.0.NDVI.tif,S30,T50TQP,2018-06-11,2018162,024549,EPSG:32650,699960.0,4790220.0,809760.0,4900020.0,True
/home/ec2-user/ndvi_sqs_work/inner_mongolia/raw/HLS-VI.S30.T47SQD.2018163T035539.v2.0.NDVI.tif,HLS-VI.S30.T47SQD.2018163T035539.v2.0.NDVI.tif,S30,T47SQD,2018-06-12,2018163,035539,EPSG:32647,699960.0,4290240.0,809760.0,4400040.0,True
/home/ec2-user/ndvi_sqs_work/inner_mongolia/raw/HLS-VI.S30.T47TPE.2018163T035539.v2.0.NDVI.tif,HLS-VI.S30.T47TPE.2018163T035539.v2.0.NDVI.tif,S30,T47TPE,2018-06-12,2018163,035539,EPSG:32647,600000.0,4390200.0,709800.0,4500000.0,True
/home/ec2-user/ndvi_sqs_work/inner_mongolia/raw/HLS-VI.S30.T47TQE.2018163T035539.v2.0.NDVI.tif,HLS-VI.S30.T47TQE.2018163T035539.v2.0.NDVI.tif,S30,T47TQE,2018-06-12,2018163,035539,EPSG:32647,699960.0,4390200.0,809760.0,4500000.0,True
/home/ec2-user/ndvi_sqs_work/inner_mongolia/raw/HLS-VI.S30.T47TQF.2018163T035539.v2.0.NDVI.tif,HLS-VI.S30.T47TQF.2018163T035539.v2.0.NDVI.tif,S30,T47TQF,2018-06-12,2018163,035539,EPSG:32647,699960.0,4490220.0,809760.0,4600020.0,True
/home/ec2-user/ndvi_sqs_work/inner_mongolia/raw/HLS-VI.S30.T48STJ.2018163T035539.v2.0.NDVI.tif,HLS-VI.S30.T48STJ.2018163T035539.v2.0.NDVI.tif,S30,T48STJ,2018-06-12,2018163,035539,EPSG:32648,199980.0,4290240.0,309780.0,4400040.0,True
/home/ec2-user/ndvi_sqs_work/inner_mongolia/raw/HLS-VI.S30.T48SUH.2018163T035539.v2.0.NDVI.tif,HLS-VI.S30.T48SUH.2018163T035539.v2.0.NDVI.tif,S30,T48SUH,2018-06-12,2018163,035539,EPSG:32648,300000.0,4190220.0,409800.0,4300020.0,True
/home/ec2-user/ndvi_sqs_work/inner_mongolia/raw/HLS-VI.S30.T48TTK.2018163T035539.v2.0.NDVI.tif,HLS-VI.S30.T48TTK.2018163T035539.v2.0.NDVI.tif,S30,T48TTK,2018-06-12,2018163,035539,EPSG:32648,199980.0,4390200.0,309780.0,4500000.0,True
/home/ec2-user/ndvi_sqs_work/inner_mongolia/raw/HLS-VI.S30.T48TVL.2018163T035539.v2.0.NDVI.tif,HLS-VI.S30.T48TVL.2018163T035539.v2.0.NDVI.tif,S30,T48TVL,2018-06-12,2018163,035539,EPSG:32648,399960.0,4490220.0,509760.0,4600020.0,True
/home/ec2-user/ndvi_sqs_work/inner_mongolia/raw/HLS-VI.S30.T47TMH.2018164T041551.v2.0.NDVI.tif,HLS-VI.S30.T47TMH.2018164T041551.v2.0.NDVI.tif,S30,T47TMH,2018-06-13,2018164,041551,EPSG:32647,399960.0,4690200.0,509760.0,4800000.0,True
/home/ec2-user/ndvi_sqs_work/inner_mongolia/raw/HLS-VI.S30.T49SBB.2018164T032539.v2.0.NDVI.tif,HLS-VI.S30.T49SBB.2018164T032539.v2.0.NDVI.tif,S30,T49SBB,2018-06-13,2018164,032539,EPSG:32649,199980.0,4090200.0,309780.0,4200000.0,True
/home/ec2-user/ndvi_sqs_work/inner_mongolia/raw/HLS-VI.S30.T49SCB.2018164T032539.v2.0.NDVI.tif,HLS-VI.S30.T49SCB.2018164T032539.v2.0.NDVI.tif,S30,T49SCB,2018-06-13,2018164,032539,EPSG:32649,300000.0,4090200.0,409800.0,4200000.0,True
/home/ec2-user/ndvi_sqs_work/inner_mongolia/raw/HLS-VI.S30.T49SCC.2018164T032539.v2.0.NDVI.tif,HLS-VI.S30.T49SCC.2018164T032539.v2.0.NDVI.tif,S30,T49SCC,2018-06-13,2018164,032539,EPSG:32649,300000.0,4190220.0,409800.0,4300020.0,True
/home/ec2-user/ndvi_sqs_work/inner_mongolia/raw/HLS-VI.S30.T49SDC.2018164T032539.v2.0.NDVI.tif,HLS-VI.S30.T49SDC.2018164T032539.v2.0.NDVI.tif,S30,T49SDC,2018-06-13,2018164,032539,EPSG:32649,399960.0,4190220.0,509760.0,4300020.0,True
/home/ec2-user/ndvi_sqs_work/inner_mongolia/raw/HLS-VI.S30.T48SWJ.2018165T034531.v2.0.NDVI.tif,HLS-VI.S30.T48SWJ.2018165T034531.v2.0.NDVI.tif,S30,T48SWJ,2018-06-14,2018165,034531,EPSG:32648,499980.0,4290240.0,609780.0,4400040.0,True
/home/ec2-user/ndvi_sqs_work/inner_mongolia/raw/HLS-VI.S30.T48TXK.2018165T034531.v2.0.NDVI.tif,HLS-VI.S30.T48TXK.2018165T034531.v2.0.NDVI.tif,S30,T48TXK,2018-06-14,2018165,034531,EPSG:32648,600000.0,4390200.0,709800.0,4500000.0,True
/home/ec2-user/ndvi_sqs_work/inner_mongolia/raw/HLS-VI.S30.T48TXL.2018165T034531.v2.0.NDVI.tif,HLS-VI.S30.T48TXL.2018165T034531.v2.0.NDVI.tif,S30,T48TXL,2018-06-14,2018165,034531,EPSG:32648,600000.0,4490220.0,709800.0,4600020.0,True
/home/ec2-user/ndvi_sqs_work/inner_mongolia/raw/HLS-VI.S30.T48TXN.2018165T034531.v2.0.NDVI.tif,HLS-VI.S30.T48TXN.2018165T034531.v2.0.NDVI.tif,S30,T48TXN,2018-06-14,2018165,034531,EPSG:32648,600000.0,4690200.0,709800.0,4800000.0,True
/home/ec2-user/ndvi_sqs_work/inner_mongolia/raw/HLS-VI.S30.T48TYM.2018165T034531.v2.0.NDVI.tif,HLS-VI.S30.T48TYM.2018165T034531.v2.0.NDVI.tif,S30,T48TYM,2018-06-14,2018165,034531,EPSG:32648,699960.0,4590240.0,809760.0,4700040.0,True
/home/ec2-user/ndvi_sqs_work/inner_mongolia/raw/HLS-VI.S30.T48TYN.2018165T034531.v2.0.NDVI.tif,HLS-VI.S30.T48TYN.2018165T034531.v2.0.NDVI.tif,S30,T48TYN,2018-06-14,2018165,034531,EPSG:32648,699960.0,4690200.0,809760.0,4800000.0,True
/home/ec2-user/ndvi_sqs_work/inner_mongolia/raw/HLS-VI.S30.T49TBG.2018165T034531.v2.0.NDVI.tif,HLS-VI.S30.T49TBG.2018165T034531.v2.0.NDVI.tif,S30,T49TBG,2018-06-14,2018165,034531,EPSG:32649,199980.0,4590240.0,309780.0,4700040.0,True
/home/ec2-user/ndvi_sqs_work/inner_mongolia/raw/HLS-VI.S30.T47TPE.2018168T035541.v2.0.NDVI.tif,HLS-VI.S30.T47TPE.2018168T035541.v2.0.NDVI.tif,S30,T47TPE,2018-06-17,2018168,035541,EPSG:32647,600000.0,4390200.0,709800.0,4500000.0,True
/home/ec2-user/ndvi_sqs_work/inner_mongolia/raw/HLS-VI.S30.T47TQE.2018168T035541.v2.0.NDVI.tif,HLS-VI.S30.T47TQE.2018168T035541.v2.0.NDVI.tif,S30,T47TQE,2018-06-17,2018168,035541,EPSG:32647,699960.0,4390200.0,809760.0,4500000.0,True
/home/ec2-user/ndvi_sqs_work/inner_mongolia/raw/HLS-VI.S30.T48TTK.2018168T035541.v2.0.NDVI.tif,HLS-VI.S30.T48TTK.2018168T035541.v2.0.NDVI.tif,S30,T48TTK,2018-06-17,2018168,035541,EPSG:32648,199980.0,4390200.0,309780.0,4500000.0,True
/home/ec2-user/ndvi_sqs_work/inner_mongolia/raw/HLS-VI.S30.T48TUL.2018168T035541.v2.0.NDVI.tif,HLS-VI.S30.T48TUL.2018168T035541.v2.0.NDVI.tif,S30,T48TUL,2018-06-17,2018168,035541,EPSG:32648,300000.0,4490220.0,409800.0,4600020.0,True
/home/ec2-user/ndvi_sqs_work/inner_mongolia/raw/HLS-VI.S30.T48TUM.2018168T035541.v2.0.NDVI.tif,HLS-VI.S30.T48TUM.2018168T035541.v2.0.NDVI.tif,S30,T48TUM,2018-06-17,2018168,035541,EPSG:32648,300000.0,4590240.0,409800.0,4700040.0,True
/home/ec2-user/ndvi_sqs_work/inner_mongolia/raw/HLS-VI.S30.T49TEJ.2018169T032541.v2.0.NDVI.tif,HLS-VI.S30.T49TEJ.2018169T032541.v2.0.NDVI.tif,S30,T49TEJ,2018-06-18,2018169,032541,EPSG:32649,499980.0,4790220.0,609780.0,4900020.0,True
/home/ec2-user/ndvi_sqs_work/inner_mongolia/raw/HLS-VI.S30.T49TFJ.2018169T032541.v2.0.NDVI.tif,HLS-VI.S30.T49TFJ.2018169T032541.v2.0.NDVI.tif,S30,T49TFJ,2018-06-18,2018169,032541,EPSG:32649,600000.0,4790220.0,709800.0,4900020.0,True
/home/ec2-user/ndvi_sqs_work/inner_mongolia/raw/HLS-VI.S30.T48TYN.2018170T034539.v2.0.NDVI.tif,HLS-VI.S30.T48TYN.2018170T034539.v2.0.NDVI.tif,S30,T48TYN,2018-06-19,2018170,034539,EPSG:32648,699960.0,4690200.0,809760.0,4800000.0,True
/home/ec2-user/ndvi_sqs_work/inner_mongolia/raw/HLS-VI.S30.T47TNE.2018171T040541.v2.0.NDVI.tif,HLS-VI.S30.T47TNE.2018171T040541.v2.0.NDVI.tif,S30,T47TNE,2018-06-20,2018171,040541,EPSG:32647,499980.0,4390200.0,609780.0,4500000.0,True
/home/ec2-user/ndvi_sqs_work/inner_mongolia/raw/HLS-VI.S30.T47TNF.2018171T040541.v2.0.NDVI.tif,HLS-VI.S30.T47TNF.2018171T040541.v2.0.NDVI.tif,S30,T47TNF,2018-06-20,2018171,040541,EPSG:32647,499980.0,4490220.0,609780.0,4600020.0,True
/home/ec2-user/ndvi_sqs_work/inner_mongolia/raw/HLS-VI.S30.T47TPF.2018171T040541.v2.0.NDVI.tif,HLS-VI.S30.T47TPF.2018171T040541.v2.0.NDVI.tif,S30,T47TPF,2018-06-20,2018171,040541,EPSG:32647,600000.0,4490220.0,709800.0,4600020.0,True
/home/ec2-user/ndvi_sqs_work/inner_mongolia/raw/HLS-VI.S30.T49TEG.2018171T031729.v2.0.NDVI.tif,HLS-VI.S30.T49TEG.2018171T031729.v2.0.NDVI.tif,S30,T49TEG,2018-06-20,2018171,031729,EPSG:32649,499980.0,4590240.0,609780.0,4700040.0,True
/home/ec2-user/ndvi_sqs_work/inner_mongolia/raw/HLS-VI.S30.T49TFG.2018171T031729.v2.0.NDVI.tif,HLS-VI.S30.T49TFG.2018171T031729.v2.0.NDVI.tif,S30,T49TFG,2018-06-20,2018171,031729,EPSG:32649,600000.0,4590240.0,709800.0,4700040.0,True
/home/ec2-user/ndvi_sqs_work/inner_mongolia/raw/HLS-VI.S30.T48TWK.2018172T033541.v2.0.NDVI.tif,HLS-VI.S30.T48TWK.2018172T033541.v2.0.NDVI.tif,S30,T48TWK,2018-06-21,2018172,033541,EPSG:32648,499980.0,4390200.0,609780.0,4500000.0,True
/home/ec2-user/ndvi_sqs_work/inner_mongolia/raw/HLS-VI.S30.T50TQL.2018172T024549.v2.0.NDVI.tif,HLS-VI.S30.T50TQL.2018172T024549.v2.0.NDVI.tif,S30,T50TQL,2018-06-21,2018172,024549,EPSG:32650,699960.0,4490220.0,809760.0,4600020.0,True
/home/ec2-user/ndvi_sqs_work/inner_mongolia/raw/HLS-VI.S30.T50TQM.2018172T024549.v2.0.NDVI.tif,HLS-VI.S30.T50TQM.2018172T024549.v2.0.NDVI.tif,S30,T50TQM,2018-06-21,2018172,024549,EPSG:32650,699960.0,4590240.0,809760.0,4700040.0,True
/home/ec2-user/ndvi_sqs_work/inner_mongolia/raw/HLS-VI.S30.T50TQN.2018172T024549.v2.0.NDVI.tif,HLS-VI.S30.T50TQN.2018172T024549.v2.0.NDVI.tif,S30,T50TQN,2018-06-21,2018172,024549,EPSG:32650,699960.0,4690200.0,809760.0,4800000.0,True
/home/ec2-user/ndvi_sqs_work/inner_mongolia/raw/HLS-VI.S30.T51TTF.2018172T024549.v2.0.NDVI.tif,HLS-VI.S30.T51TTF.2018172T024549.v2.0.NDVI.tif,S30,T51TTF,2018-06-21,2018172,024549,EPSG:32651,199980.0,4490220.0,309780.0,4600020.0,True
/home/ec2-user/ndvi_sqs_work/inner_mongolia/raw/HLS-VI.S30.T51TTG.2018172T024549.v2.0.NDVI.tif,HLS-VI.S30.T51TTG.2018172T024549.v2.0.NDVI.tif,S30,T51TTG,2018-06-21,2018172,024549,EPSG:32651,199980.0,4590240.0,309780.0,4700040.0,True
/home/ec2-user/ndvi_sqs_work/inner_mongolia/raw/HLS-VI.S30.T51TUG.2018172T024549.v2.0.NDVI.tif,HLS-VI.S30.T51TUG.2018172T024549.v2.0.NDVI.tif,S30,T51TUG,2018-06-21,2018172,024549,EPSG:32651,300000.0,4590240.0,409800.0,4700040.0,True
/home/ec2-user/ndvi_sqs_work/inner_mongolia/raw/HLS-VI.S30.T51TUH.2018172T024549.v2.0.NDVI.tif,HLS-VI.S30.T51TUH.2018172T024549.v2.0.NDVI.tif,S30,T51TUH,2018-06-21,2018172,024549,EPSG:32651,300000.0,4690200.0,409800.0,4800000.0,True
/home/ec2-user/ndvi_sqs_work/inner_mongolia/raw/HLS-VI.S30.T51TVH.2018172T024549.v2.0.NDVI.tif,HLS-VI.S30.T51TVH.2018172T024549.v2.0.NDVI.tif,S30,T51TVH,2018-06-21,2018172,024549,EPSG:32651,399960.0,4690200.0,509760.0,4800000.0,True
/home/ec2-user/ndvi_sqs_work/inner_mongolia/raw/HLS-VI.S30.T51TVJ.2018172T024549.v2.0.NDVI.tif,HLS-VI.S30.T51TVJ.2018172T024549.v2.0.NDVI.tif,S30,T51TVJ,2018-06-21,2018172,024549,EPSG:32651,399960.0,4790220.0,509760.0,4900020.0,True
/home/ec2-user/ndvi_sqs_work/inner_mongolia/raw/HLS-VI.S30.T51TVL.2018172T024549.v2.0.NDVI.tif,HLS-VI.S30.T51TVL.2018172T024549.v2.0.NDVI.tif,S30,T51TVL,2018-06-21,2018172,024549,EPSG:32651,399960.0,4990200.0,509760.0,5100000.0,True
/home/ec2-user/ndvi_sqs_work/inner_mongolia/raw/HLS-VI.S30.T51TVM.2018172T024549.v2.0.NDVI.tif,HLS-VI.S30.T51TVM.2018172T024549.v2.0.NDVI.tif,S30,T51TVM,2018-06-21,2018172,024549,EPSG:32651,399960.0,5090220.0,509760.0,5200020.0,True
/home/ec2-user/ndvi_sqs_work/inner_mongolia/raw/HLS-VI.S30.T51TWN.2018172T024549.v2.0.NDVI.tif,HLS-VI.S30.T51TWN.2018172T024549.v2.0.NDVI.tif,S30,T51TWN,2018-06-21,2018172,024549,EPSG:32651,499980.0,5190240.0,609780.0,5300040.0,True
/home/ec2-user/ndvi_sqs_work/inner_mongolia/raw/HLS-VI.S30.T50UPB.2018173T030541.v2.0.NDVI.tif,HLS-VI.S30.T50UPB.2018173T030541.v2.0.NDVI.tif,S30,T50UPB,2018-06-22,2018173,030541,EPSG:32650,600000.0,5590200.0,709800.0,5700000.0,True
/home/ec2-user/ndvi_sqs_work/inner_mongolia/raw/HLS-VI.S30.T48SYH.2018174T032539.v2.0.NDVI.tif,HLS-VI.S30.T48SYH.2018174T032539.v2.0.NDVI.tif,S30,T48SYH,2018-06-23,2018174,032539,EPSG:32648,699960.0,4190220.0,809760.0,4300020.0,True
/home/ec2-user/ndvi_sqs_work/inner_mongolia/raw/HLS-VI.S30.T49SBC.2018174T032539.v2.0.NDVI.tif,HLS-VI.S30.T49SBC.2018174T032539.v2.0.NDVI.tif,S30,T49SBC,2018-06-23,2018174,032539,EPSG:32649,199980.0,4190220.0,309780.0,4300020.0,True
/home/ec2-user/ndvi_sqs_work/inner_mongolia/raw/HLS-VI.S30.T49TDH.2018174T032539.v2.0.NDVI.tif,HLS-VI.S30.T49TDH.2018174T032539.v2.0.NDVI.tif,S30,T49TDH,2018-06-23,2018174,032539,EPSG:32649,399960.0,4690200.0,509760.0,4800000.0,True
/home/ec2-user/ndvi_sqs_work/inner_mongolia/raw/HLS-VI.S30.T49TEE.2018174T032539.v2.0.NDVI.tif,HLS-VI.S30.T49TEE.2018174T032539.v2.0.NDVI.tif,S30,T49TEE,2018-06-23,2018174,032539,EPSG:32649,499980.0,4390200.0,609780.0,4500000.0,True
/home/ec2-user/ndvi_sqs_work/inner_mongolia/raw/HLS-VI.S30.T49TFE.2018174T032539.v2.0.NDVI.tif,HLS-VI.S30.T49TFE.2018174T032539.v2.0.NDVI.tif,S30,T49TFE,2018-06-23,2018174,032539,EPSG:32649,600000.0,4390200.0,709800.0,4500000.0,True
/home/ec2-user/ndvi_sqs_work/inner_mongolia/raw/HLS-VI.S30.T48TXK.2018177T033539.v2.0.NDVI.tif,HLS-VI.S30.T48TXK.2018177T033539.v2.0.NDVI.tif,S30,T48TXK,2018-06-26,2018177,033539,EPSG:32648,600000.0,4390200.0,709800.0,4500000.0,True
/home/ec2-user/ndvi_sqs_work/inner_mongolia/raw/HLS-VI.S30.T48TXM.2018177T033539.v2.0.NDVI.tif,HLS-VI.S30.T48TXM.2018177T033539.v2.0.NDVI.tif,S30,T48TXM,2018-06-26,2018177,033539,EPSG:32648,600000.0,4590240.0,709800.0,4700040.0,True
/home/ec2-user/ndvi_sqs_work/inner_mongolia/raw/HLS-VI.S30.T48TXN.2018177T033539.v2.0.NDVI.tif,HLS-VI.S30.T48TXN.2018177T033539.v2.0.NDVI.tif,S30,T48TXN,2018-06-26,2018177,033539,EPSG:32648,600000.0,4690200.0,709800.0,4800000.0,True
/home/ec2-user/ndvi_sqs_work/inner_mongolia/raw/HLS-VI.S30.T48TYK.2018177T033539.v2.0.NDVI.tif,HLS-VI.S30.T48TYK.2018177T033539.v2.0.NDVI.tif,S30,T48TYK,2018-06-26,2018177,033539,EPSG:32648,699960.0,4390200.0,809760.0,4500000.0,True
/home/ec2-user/ndvi_sqs_work/inner_mongolia/raw/HLS-VI.S30.T48TYM.2018177T033539.v2.0.NDVI.tif,HLS-VI.S30.T48TYM.2018177T033539.v2.0.NDVI.tif,S30,T48TYM,2018-06-26,2018177,033539,EPSG:32648,699960.0,4590240.0,809760.0,4700040.0,True
/home/ec2-user/ndvi_sqs_work/inner_mongolia/raw/HLS-VI.S30.T48TYN.2018177T033539.v2.0.NDVI.tif,HLS-VI.S30.T48TYN.2018177T033539.v2.0.NDVI.tif,S30,T48TYN,2018-06-26,2018177,033539,EPSG:32648,699960.0,4690200.0,809760.0,4800000.0,True
/home/ec2-user/ndvi_sqs_work/inner_mongolia/raw/HLS-VI.S30.T49TBE.2018177T033539.v2.0.NDVI.tif,HLS-VI.S30.T49TBE.2018177T033539.v2.0.NDVI.tif,S30,T49TBE,2018-06-26,2018177,033539,EPSG:32649,199980.0,4390200.0,309780.0,4500000.0,True
/home/ec2-user/ndvi_sqs_work/inner_mongolia/raw/HLS-VI.S30.T49TBG.2018177T033539.v2.0.NDVI.tif,HLS-VI.S30.T49TBG.2018177T033539.v2.0.NDVI.tif,S30,T49TBG,2018-06-26,2018177,033539,EPSG:32649,199980.0,4590240.0,309780.0,4700040.0,True
/home/ec2-user/ndvi_sqs_work/inner_mongolia/raw/HLS-VI.S30.T48SYG.2018179T032541.v2.0.NDVI.tif,HLS-VI.S30.T48SYG.2018179T032541.v2.0.NDVI.tif,S30,T48SYG,2018-06-28,2018179,032541,EPSG:32648,699960.0,4090200.0,809760.0,4200000.0,True
/home/ec2-user/ndvi_sqs_work/inner_mongolia/raw/HLS-VI.S30.T49SBB.2018179T032541.v2.0.NDVI.tif,HLS-VI.S30.T49SBB.2018179T032541.v2.0.NDVI.tif,S30,T49SBB,2018-06-28,2018179,032541,EPSG:32649,199980.0,4090200.0,309780.0,4200000.0,True
/home/ec2-user/ndvi_sqs_work/inner_mongolia/raw/HLS-VI.S30.T49SCB.2018179T032541.v2.0.NDVI.tif,HLS-VI.S30.T49SCB.2018179T032541.v2.0.NDVI.tif,S30,T49SCB,2018-06-28,2018179,032541,EPSG:32649,300000.0,4090200.0,409800.0,4200000.0,True
/home/ec2-user/ndvi_sqs_work/inner_mongolia/raw/HLS-VI.S30.T49TBE.2018179T032541.v2.0.NDVI.tif,HLS-VI.S30.T49TBE.2018179T032541.v2.0.NDVI.tif,S30,T49TBE,2018-06-28,2018179,032541,EPSG:32649,199980.0,4390200.0,309780.0,4500000.0,True
/home/ec2-user/ndvi_sqs_work/inner_mongolia/raw/HLS-VI.S30.T49TCE.2018179T032541.v2.0.NDVI.tif,HLS-VI.S30.T49TCE.2018179T032541.v2.0.NDVI.tif,S30,T49TCE,2018-06-28,2018179,032541,EPSG:32649,300000.0,4390200.0,409800.0,4500000.0,True
/home/ec2-user/ndvi_sqs_work/inner_mongolia/raw/HLS-VI.S30.T51TWM.2018179T023549.v2.0.NDVI.tif,HLS-VI.S30.T51TWM.2018179T023549.v2.0.NDVI.tif,S30,T51TWM,2018-06-28,2018179,023549,EPSG:32651,499980.0,5090220.0,609780.0,5200020.0,True
/home/ec2-user/ndvi_sqs_work/inner_mongolia/raw/HLS-VI.S30.T51TWN.2018179T023549.v2.0.NDVI.tif,HLS-VI.S30.T51TWN.2018179T023549.v2.0.NDVI.tif,S30,T51TWN,2018-06-28,2018179,023549,EPSG:32651,499980.0,5190240.0,609780.0,5300040.0,True
/home/ec2-user/ndvi_sqs_work/inner_mongolia/raw/HLS-VI.S30.T51UWP.2018179T023549.v2.0.NDVI.tif,HLS-VI.S30.T51UWP.2018179T023549.v2.0.NDVI.tif,S30,T51UWP,2018-06-28,2018179,023549,EPSG:32651,499980.0,5290200.0,609780.0,5400000.0,True
/home/ec2-user/ndvi_sqs_work/inner_mongolia/raw/HLS-VI.S30.T49TFJ.2018181T031539.v2.0.NDVI.tif,HLS-VI.S30.T49TFJ.2018181T031539.v2.0.NDVI.tif,S30,T49TFJ,2018-06-30,2018181,031539,EPSG:32649,600000.0,4790220.0,709800.0,4900020.0,True
/home/ec2-user/ndvi_sqs_work/inner_mongolia/raw/HLS-VI.S30.T50TMS.2018181T031539.v2.0.NDVI.tif,HLS-VI.S30.T50TMS.2018181T031539.v2.0.NDVI.tif,S30,T50TMS,2018-06-30,2018181,031539,EPSG:32650,399960.0,5090220.0,509760.0,5200020.0,True
/home/ec2-user/ndvi_sqs_work/inner_mongolia/raw/HLS-VI.S30.T50TNR.2018181T031539.v2.0.NDVI.tif,HLS-VI.S30.T50TNR.2018181T031539.v2.0.NDVI.tif,S30,T50TNR,2018-06-30,2018181,031539,EPSG:32650,499980.0,4990200.0,609780.0,5100000.0,True
/home/ec2-user/ndvi_sqs_work/inner_mongolia/raw/HLS-VI.S30.T50TQP.2018182T024549.v2.0.NDVI.tif,HLS-VI.S30.T50TQP.2018182T024549.v2.0.NDVI.tif,S30,T50TQP,2018-07-01,2018182,024549,EPSG:32650,699960.0,4790220.0,809760.0,4900020.0,True
/home/ec2-user/ndvi_sqs_work/inner_mongolia/raw/HLS-VI.S30.T50TQQ.2018182T024549.v2.0.NDVI.tif,HLS-VI.S30.T50TQQ.2018182T024549.v2.0.NDVI.tif,S30,T50TQQ,2018-07-01,2018182,024549,EPSG:32650,699960.0,4890240.0,809760.0,5000040.0,True
/home/ec2-user/ndvi_sqs_work/inner_mongolia/raw/HLS-VI.S30.T51TUH.2018182T024549.v2.0.NDVI.tif,HLS-VI.S30.T51TUH.2018182T024549.v2.0.NDVI.tif,S30,T51TUH,2018-07-01,2018182,024549,EPSG:32651,300000.0,4690200.0,409800.0,4800000.0,True
/home/ec2-user/ndvi_sqs_work/inner_mongolia/raw/HLS-VI.S30.T51TUJ.2018182T024549.v2.0.NDVI.tif,HLS-VI.S30.T51TUJ.2018182T024549.v2.0.NDVI.tif,S30,T51TUJ,2018-07-01,2018182,024549,EPSG:32651,300000.0,4790220.0,409800.0,4900020.0,True
/home/ec2-user/ndvi_sqs_work/inner_mongolia/raw/HLS-VI.S30.T51TUK.2018182T024549.v2.0.NDVI.tif,HLS-VI.S30.T51TUK.2018182T024549.v2.0.NDVI.tif,S30,T51TUK,2018-07-01,2018182,024549,EPSG:32651,300000.0,4890240.0,409800.0,5000040.0,True
/home/ec2-user/ndvi_sqs_work/inner_mongolia/raw/HLS-VI.S30.T51TVJ.2018182T024549.v2.0.NDVI.tif,HLS-VI.S30.T51TVJ.2018182T024549.v2.0.NDVI.tif,S30,T51TVJ,2018-07-01,2018182,024549,EPSG:32651,399960.0,4790220.0,509760.0,4900020.0,True
/home/ec2-user/ndvi_sqs_work/inner_mongolia/raw/HLS-VI.S30.T51TVK.2018182T024549.v2.0.NDVI.tif,HLS-VI.S30.T51TVK.2018182T024549.v2.0.NDVI.tif,S30,T51TVK,2018-07-01,2018182,024549,EPSG:32651,399960.0,4890240.0,509760.0,5000040.0,True
/home/ec2-user/ndvi_sqs_work/inner_mongolia/raw/HLS-VI.S30.T51TWJ.2018182T024549.v2.0.NDVI.tif,HLS-VI.S30.T51TWJ.2018182T024549.v2.0.NDVI.tif,S30,T51TWJ,2018-07-01,2018182,024549,EPSG:32651,499980.0,4790220.0,609780.0,4900020.0,True
/home/ec2-user/ndvi_sqs_work/inner_mongolia/raw/HLS-VI.S30.T48TUM.2018183T035539.v2.0.NDVI.tif,HLS-VI.S30.T48TUM.2018183T035539.v2.0.NDVI.tif,S30,T48TUM,2018-07-02,2018183,035539,EPSG:32648,300000.0,4590240.0,409800.0,4700040.0,True
/home/ec2-user/ndvi_sqs_work/inner_mongolia/raw/HLS-VI.S30.T48TWL.2018183T035539.v2.0.NDVI.tif,HLS-VI.S30.T48TWL.2018183T035539.v2.0.NDVI.tif,S30,T48TWL,2018-07-02,2018183,035539,EPSG:32648,499980.0,4490220.0,609780.0,4600020.0,True
/home/ec2-user/ndvi_sqs_work/inner_mongolia/raw/HLS-VI.S30.T49TFH.2018184T032539.v2.0.NDVI.tif,HLS-VI.S30.T49TFH.2018184T032539.v2.0.NDVI.tif,S30,T49TFH,2018-07-03,2018184,032539,EPSG:32649,600000.0,4690200.0,709800.0,4800000.0,True
/home/ec2-user/ndvi_sqs_work/inner_mongolia/raw/HLS-VI.S30.T47TLH.2018189T041549.v2.0.NDVI.tif,HLS-VI.S30.T47TLH.2018189T041549.v2.0.NDVI.tif,S30,T47TLH,2018-07-08,2018189,041549,EPSG:32647,300000.0,4690200.0,409800.0,4800000.0,True
/home/ec2-user/ndvi_sqs_work/inner_mongolia/raw/HLS-VI.S30.T47TMH.2018189T041549.v2.0.NDVI.tif,HLS-VI.S30.T47TMH.2018189T041549.v2.0.NDVI.tif,S30,T47TMH,2018-07-08,2018189,041549,EPSG:32647,399960.0,4690200.0,509760.0,4800000.0,True
/home/ec2-user/ndvi_sqs_work/inner_mongolia/raw/HLS-VI.S30.T47TNG.2018189T041549.v2.0.NDVI.tif,HLS-VI.S30.T47TNG.2018189T041549.v2.0.NDVI.tif,S30,T47TNG,2018-07-08,2018189,041549,EPSG:32647,499980.0,4590240.0,609780.0,4700040.0,True
/home/ec2-user/ndvi_sqs_work/inner_mongolia/raw/HLS-VI.S30.T47TNH.2018189T041549.v2.0.NDVI.tif,HLS-VI.S30.T47TNH.2018189T041549.v2.0.NDVI.tif,S30,T47TNH,2018-07-08,2018189,041549,EPSG:32647,499980.0,4690200.0,609780.0,4800000.0,True
/home/ec2-user/ndvi_sqs_work/inner_mongolia/raw/HLS-VI.S30.T47TPH.2018189T041549.v2.0.NDVI.tif,HLS-VI.S30.T47TPH.2018189T041549.v2.0.NDVI.tif,S30,T47TPH,2018-07-08,2018189,041549,EPSG:32647,600000.0,4690200.0,709800.0,4800000.0,True
/home/ec2-user/ndvi_sqs_work/inner_mongolia/raw/HLS-VI.S30.T49TCH.2018189T032541.v2.0.NDVI.tif,HLS-VI.S30.T49TCH.2018189T032541.v2.0.NDVI.tif,S30,T49TCH,2018-07-08,2018189,032541,EPSG:32649,300000.0,4690200.0,409800.0,4800000.0,True
/home/ec2-user/ndvi_sqs_work/inner_mongolia/raw/HLS-VI.S30.T49TDG.2018189T032541.v2.0.NDVI.tif,HLS-VI.S30.T49TDG.2018189T032541.v2.0.NDVI.tif,S30,T49TDG,2018-07-08,2018189,032541,EPSG:32649,399960.0,4590240.0,509760.0,4700040.0,True
/home/ec2-user/ndvi_sqs_work/inner_mongolia/raw/HLS-VI.S30.T49TDH.2018189T032541.v2.0.NDVI.tif,HLS-VI.S30.T49TDH.2018189T032541.v2.0.NDVI.tif,S30,T49TDH,2018-07-08,2018189,032541,EPSG:32649,399960.0,4690200.0,509760.0,4800000.0,True
/home/ec2-user/ndvi_sqs_work/inner_mongolia/raw/HLS-VI.S30.T49TDJ.2018189T032541.v2.0.NDVI.tif,HLS-VI.S30.T49TDJ.2018189T032541.v2.0.NDVI.tif,S30,T49TDJ,2018-07-08,2018189,032541,EPSG:32649,399960.0,4790220.0,509760.0,4900020.0,True
/home/ec2-user/ndvi_sqs_work/inner_mongolia/raw/HLS-VI.S30.T49TEH.2018189T032541.v2.0.NDVI.tif,HLS-VI.S30.T49TEH.2018189T032541.v2.0.NDVI.tif,S30,T49TEH,2018-07-08,2018189,032541,EPSG:32649,499980.0,4690200.0,609780.0,4800000.0,True
/home/ec2-user/ndvi_sqs_work/inner_mongolia/raw/HLS-VI.S30.T49TEJ.2018189T032541.v2.0.NDVI.tif,HLS-VI.S30.T49TEJ.2018189T032541.v2.0.NDVI.tif,S30,T49TEJ,2018-07-08,2018189,032541,EPSG:32649,499980.0,4790220.0,609780.0,4900020.0,True
/home/ec2-user/ndvi_sqs_work/inner_mongolia/raw/HLS-VI.S30.T49TEK.2018189T032541.v2.0.NDVI.tif,HLS-VI.S30.T49TEK.2018189T032541.v2.0.NDVI.tif,S30,T49TEK,2018-07-08,2018189,032541,EPSG:32649,499980.0,4890240.0,609780.0,5000040.0,True
/home/ec2-user/ndvi_sqs_work/inner_mongolia/raw/HLS-VI.S30.T49TFH.2018189T032541.v2.0.NDVI.tif,HLS-VI.S30.T49TFH.2018189T032541.v2.0.NDVI.tif,S30,T49TFH,2018-07-08,2018189,032541,EPSG:32649,600000.0,4690200.0,709800.0,4800000.0,True
/home/ec2-user/ndvi_sqs_work/inner_mongolia/raw/HLS-VI.S30.T49TFJ.2018189T032541.v2.0.NDVI.tif,HLS-VI.S30.T49TFJ.2018189T032541.v2.0.NDVI.tif,S30,T49TFJ,2018-07-08,2018189,032541,EPSG:32649,600000.0,4790220.0,709800.0,4900020.0,True
/home/ec2-user/ndvi_sqs_work/inner_mongolia/raw/HLS-VI.S30.T48SUH.2018190T034539.v2.0.NDVI.tif,HLS-VI.S30.T48SUH.2018190T034539.v2.0.NDVI.tif,S30,T48SUH,2018-07-09,2018190,034539,EPSG:32648,300000.0,4190220.0,409800.0,4300020.0,True
/home/ec2-user/ndvi_sqs_work/inner_mongolia/raw/HLS-VI.S30.T48SVH.2018190T034539.v2.0.NDVI.tif,HLS-VI.S30.T48SVH.2018190T034539.v2.0.NDVI.tif,S30,T48SVH,2018-07-09,2018190,034539,EPSG:32648,399960.0,4190220.0,509760.0,4300020.0,True
/home/ec2-user/ndvi_sqs_work/inner_mongolia/raw/HLS-VI.S30.T48TVK.2018190T034539.v2.0.NDVI.tif,HLS-VI.S30.T48TVK.2018190T034539.v2.0.NDVI.tif,S30,T48TVK,2018-07-09,2018190,034539,EPSG:32648,399960.0,4390200.0,509760.0,4500000.0,True
/home/ec2-user/ndvi_sqs_work/inner_mongolia/raw/HLS-VI.S30.T48TVL.2018190T034539.v2.0.NDVI.tif,HLS-VI.S30.T48TVL.2018190T034539.v2.0.NDVI.tif,S30,T48TVL,2018-07-09,2018190,034539,EPSG:32648,399960.0,4490220.0,509760.0,4600020.0,True
/home/ec2-user/ndvi_sqs_work/inner_mongolia/raw/HLS-VI.S30.T50TNQ.2018190T025551.v2.0.NDVI.tif,HLS-VI.S30.T50TNQ.2018190T025551.v2.0.NDVI.tif,S30,T50TNQ,2018-07-09,2018190,025551,EPSG:32650,499980.0,4890240.0,609780.0,5000040.0,True
/home/ec2-user/ndvi_sqs_work/inner_mongolia/raw/HLS-VI.S30.T50TNR.2018190T025551.v2.0.NDVI.tif,HLS-VI.S30.T50TNR.2018190T025551.v2.0.NDVI.tif,S30,T50TNR,2018-07-09,2018190,025551,EPSG:32650,499980.0,4990200.0,609780.0,5100000.0,True
/home/ec2-user/ndvi_sqs_work/inner_mongolia/raw/HLS-VI.S30.T50TNS.2018190T025551.v2.0.NDVI.tif,HLS-VI.S30.T50TNS.2018190T025551.v2.0.NDVI.tif,S30,T50TNS,2018-07-09,2018190,025551,EPSG:32650,499980.0,5090220.0,609780.0,5200020.0,True
/home/ec2-user/ndvi_sqs_work/inner_mongolia/raw/HLS-VI.S30.T50TPQ.2018190T025551.v2.0.NDVI.tif,HLS-VI.S30.T50TPQ.2018190T025551.v2.0.NDVI.tif,S30,T50TPQ,2018-07-09,2018190,025551,EPSG:32650,600000.0,4890240.0,709800.0,5000040.0,True
/home/ec2-user/ndvi_sqs_work/inner_mongolia/raw/HLS-VI.S30.T49TGJ.2018191T031539.v2.0.NDVI.tif,HLS-VI.S30.T49TGJ.2018191T031539.v2.0.NDVI.tif,S30,T49TGJ,2018-07-10,2018191,031539,EPSG:32649,699960.0,4790220.0,809760.0,4900020.0,True
/home/ec2-user/ndvi_sqs_work/inner_mongolia/raw/HLS-VI.S30.T47SQD.2018193T035539.v2.0.NDVI.tif,HLS-VI.S30.T47SQD.2018193T035539.v2.0.NDVI.tif,S30,T47SQD,2018-07-12,2018193,035539,EPSG:32647,699960.0,4290240.0,809760.0,4400040.0,True
/home/ec2-user/ndvi_sqs_work/inner_mongolia/raw/HLS-VI.S30.T48STJ.2018193T035539.v2.0.NDVI.tif,HLS-VI.S30.T48STJ.2018193T035539.v2.0.NDVI.tif,S30,T48STJ,2018-07-12,2018193,035539,EPSG:32648,199980.0,4290240.0,309780.0,4400040.0,True
/home/ec2-user/ndvi_sqs_work/inner_mongolia/raw/HLS-VI.S30.T48SUH.2018193T035539.v2.0.NDVI.tif,HLS-VI.S30.T48SUH.2018193T035539.v2.0.NDVI.tif,S30,T48SUH,2018-07-12,2018193,035539,EPSG:32648,300000.0,4190220.0,409800.0,4300020.0,True
/home/ec2-user/ndvi_sqs_work/inner_mongolia/raw/HLS-VI.S30.T48SUJ.2018193T035539.v2.0.NDVI.tif,HLS-VI.S30.T48SUJ.2018193T035539.v2.0.NDVI.tif,S30,T48SUJ,2018-07-12,2018193,035539,EPSG:32648,300000.0,4290240.0,409800.0,4400040.0,True
/home/ec2-user/ndvi_sqs_work/inner_mongolia/raw/HLS-VI.S30.T48SVG.2018193T035539.v2.0.NDVI.tif,HLS-VI.S30.T48SVG.2018193T035539.v2.0.NDVI.tif,S30,T48SVG,2018-07-12,2018193,035539,EPSG:32648,399960.0,4090200.0,509760.0,4200000.0,True
/home/ec2-user/ndvi_sqs_work/inner_mongolia/raw/HLS-VI.S30.T48SVH.2018193T035539.v2.0.NDVI.tif,HLS-VI.S30.T48SVH.2018193T035539.v2.0.NDVI.tif,S30,T48SVH,2018-07-12,2018193,035539,EPSG:32648,399960.0,4190220.0,509760.0,4300020.0,True
/home/ec2-user/ndvi_sqs_work/inner_mongolia/raw/HLS-VI.S30.T48SVJ.2018193T035539.v2.0.NDVI.tif,HLS-VI.S30.T48SVJ.2018193T035539.v2.0.NDVI.tif,S30,T48SVJ,2018-07-12,2018193,035539,EPSG:32648,399960.0,4290240.0,509760.0,4400040.0,True
/home/ec2-user/ndvi_sqs_work/inner_mongolia/raw/HLS-VI.S30.T50TMS.2018193T030541.v2.0.NDVI.tif,HLS-VI.S30.T50TMS.2018193T030541.v2.0.NDVI.tif,S30,T50TMS,2018-07-12,2018193,030541,EPSG:32650,399960.0,5090220.0,509760.0,5200020.0,True
/home/ec2-user/ndvi_sqs_work/inner_mongolia/raw/HLS-VI.S30.T50TMT.2018193T030541.v2.0.NDVI.tif,HLS-VI.S30.T50TMT.2018193T030541.v2.0.NDVI.tif,S30,T50TMT,2018-07-12,2018193,030541,EPSG:32650,399960.0,5190240.0,509760.0,5300040.0,True
/home/ec2-user/ndvi_sqs_work/inner_mongolia/raw/HLS-VI.S30.T47TMG.2018194T041551.v2.0.NDVI.tif,HLS-VI.S30.T47TMG.2018194T041551.v2.0.NDVI.tif,S30,T47TMG,2018-07-13,2018194,041551,EPSG:32647,399960.0,4590240.0,509760.0,4700040.0,True
/home/ec2-user/ndvi_sqs_work/inner_mongolia/raw/HLS-VI.S30.T49TEJ.2018194T032539.v2.0.NDVI.tif,HLS-VI.S30.T49TEJ.2018194T032539.v2.0.NDVI.tif,S30,T49TEJ,2018-07-13,2018194,032539,EPSG:32649,499980.0,4790220.0,609780.0,4900020.0,True
/home/ec2-user/ndvi_sqs_work/inner_mongolia/raw/HLS-VI.S30.T49TEK.2018194T032539.v2.0.NDVI.tif,HLS-VI.S30.T49TEK.2018194T032539.v2.0.NDVI.tif,S30,T49TEK,2018-07-13,2018194,032539,EPSG:32649,499980.0,4890240.0,609780.0,5000040.0,True
/home/ec2-user/ndvi_sqs_work/inner_mongolia/raw/HLS-VI.S30.T49TEL.2018194T032539.v2.0.NDVI.tif,HLS-VI.S30.T49TEL.2018194T032539.v2.0.NDVI.tif,S30,T49TEL,2018-07-13,2018194,032539,EPSG:32649,499980.0,4990200.0,609780.0,5100000.0,True
/home/ec2-user/ndvi_sqs_work/inner_mongolia/raw/HLS-VI.S30.T49TFJ.2018194T032539.v2.0.NDVI.tif,HLS-VI.S30.T49TFJ.2018194T032539.v2.0.NDVI.tif,S30,T49TFJ,2018-07-13,2018194,032539,EPSG:32649,600000.0,4790220.0,709800.0,4900020.0,True
/home/ec2-user/ndvi_sqs_work/inner_mongolia/raw/HLS-VI.S30.T49TFK.2018194T032539.v2.0.NDVI.tif,HLS-VI.S30.T49TFK.2018194T032539.v2.0.NDVI.tif,S30,T49TFK,2018-07-13,2018194,032539,EPSG:32649,600000.0,4890240.0,709800.0,5000040.0,True
/home/ec2-user/ndvi_sqs_work/inner_mongolia/raw/HLS-VI.S30.T49TGJ.2018194T032539.v2.0.NDVI.tif,HLS-VI.S30.T49TGJ.2018194T032539.v2.0.NDVI.tif,S30,T49TGJ,2018-07-13,2018194,032539,EPSG:32649,699960.0,4790220.0,809760.0,4900020.0,True
/home/ec2-user/ndvi_sqs_work/inner_mongolia/raw/HLS-VI.S30.T49TGK.2018194T032539.v2.0.NDVI.tif,HLS-VI.S30.T49TGK.2018194T032539.v2.0.NDVI.tif,S30,T49TGK,2018-07-13,2018194,032539,EPSG:32649,699960.0,4890240.0,809760.0,5000040.0,True
/home/ec2-user/ndvi_sqs_work/inner_mongolia/raw/HLS-VI.S30.T49TGL.2018194T032539.v2.0.NDVI.tif,HLS-VI.S30.T49TGL.2018194T032539.v2.0.NDVI.tif,S30,T49TGL,2018-07-13,2018194,032539,EPSG:32649,699960.0,4990200.0,809760.0,5100000.0,True
/home/ec2-user/ndvi_sqs_work/inner_mongolia/raw/HLS-VI.S30.T50TNQ.2018195T025539.v2.0.NDVI.tif,HLS-VI.S30.T50TNQ.2018195T025539.v2.0.NDVI.tif,S30,T50TNQ,2018-07-14,2018195,025539,EPSG:32650,499980.0,4890240.0,609780.0,5000040.0,True
/home/ec2-user/ndvi_sqs_work/inner_mongolia/raw/HLS-VI.S30.T47TNF.2018196T040539.v2.0.NDVI.tif,HLS-VI.S30.T47TNF.2018196T040539.v2.0.NDVI.tif,S30,T47TNF,2018-07-15,2018196,040539,EPSG:32647,499980.0,4490220.0,609780.0,4600020.0,True
/home/ec2-user/ndvi_sqs_work/inner_mongolia/raw/HLS-VI.S30.T47TNG.2018196T040539.v2.0.NDVI.tif,HLS-VI.S30.T47TNG.2018196T040539.v2.0.NDVI.tif,S30,T47TNG,2018-07-15,2018196,040539,EPSG:32647,499980.0,4590240.0,609780.0,4700040.0,True
/home/ec2-user/ndvi_sqs_work/inner_mongolia/raw/HLS-VI.S30.T47TPE.2018196T040539.v2.0.NDVI.tif,HLS-VI.S30.T47TPE.2018196T040539.v2.0.NDVI.tif,S30,T47TPE,2018-07-15,2018196,040539,EPSG:32647,600000.0,4390200.0,709800.0,4500000.0,True
/home/ec2-user/ndvi_sqs_work/inner_mongolia/raw/HLS-VI.S30.T47TPG.2018196T040539.v2.0.NDVI.tif,HLS-VI.S30.T47TPG.2018196T040539.v2.0.NDVI.tif,S30,T47TPG,2018-07-15,2018196,040539,EPSG:32647,600000.0,4590240.0,709800.0,4700040.0,True
/home/ec2-user/ndvi_sqs_work/inner_mongolia/raw/HLS-VI.S30.T47TQE.2018196T040539.v2.0.NDVI.tif,HLS-VI.S30.T47TQE.2018196T040539.v2.0.NDVI.tif,S30,T47TQE,2018-07-15,2018196,040539,EPSG:32647,699960.0,4390200.0,809760.0,4500000.0,True
/home/ec2-user/ndvi_sqs_work/inner_mongolia/raw/HLS-VI.S30.T47TQF.2018196T040539.v2.0.NDVI.tif,HLS-VI.S30.T47TQF.2018196T040539.v2.0.NDVI.tif,S30,T47TQF,2018-07-15,2018196,040539,EPSG:32647,699960.0,4490220.0,809760.0,4600020.0,True
/home/ec2-user/ndvi_sqs_work/inner_mongolia/raw/HLS-VI.S30.T47TQG.2018196T040539.v2.0.NDVI.tif,HLS-VI.S30.T47TQG.2018196T040539.v2.0.NDVI.tif,S30,T47TQG,2018-07-15,2018196,040539,EPSG:32647,699960.0,4590240.0,809760.0,4700040.0,True
/home/ec2-user/ndvi_sqs_work/inner_mongolia/raw/HLS-VI.S30.T48TTK.2018196T040539.v2.0.NDVI.tif,HLS-VI.S30.T48TTK.2018196T040539.v2.0.NDVI.tif,S30,T48TTK,2018-07-15,2018196,040539,EPSG:32648,199980.0,4390200.0,309780.0,4500000.0,True
/home/ec2-user/ndvi_sqs_work/inner_mongolia/raw/HLS-VI.S30.T48TTL.2018196T040539.v2.0.NDVI.tif,HLS-VI.S30.T48TTL.2018196T040539.v2.0.NDVI.tif,S30,T48TTL,2018-07-15,2018196,040539,EPSG:32648,199980.0,4490220.0,309780.0,4600020.0,True
/home/ec2-user/ndvi_sqs_work/inner_mongolia/raw/HLS-VI.S30.T48TTM.2018196T040539.v2.0.NDVI.tif,HLS-VI.S30.T48TTM.2018196T040539.v2.0.NDVI.tif,S30,T48TTM,2018-07-15,2018196,040539,EPSG:32648,199980.0,4590240.0,309780.0,4700040.0,True
/home/ec2-user/ndvi_sqs_work/inner_mongolia/raw/HLS-VI.S30.T48TUL.2018196T040539.v2.0.NDVI.tif,HLS-VI.S30.T48TUL.2018196T040539.v2.0.NDVI.tif,S30,T48TUL,2018-07-15,2018196,040539,EPSG:32648,300000.0,4490220.0,409800.0,4600020.0,True
/home/ec2-user/ndvi_sqs_work/inner_mongolia/raw/HLS-VI.S30.T48TUM.2018196T040539.v2.0.NDVI.tif,HLS-VI.S30.T48TUM.2018196T040539.v2.0.NDVI.tif,S30,T48TUM,2018-07-15,2018196,040539,EPSG:32648,300000.0,4590240.0,409800.0,4700040.0,True
/home/ec2-user/ndvi_sqs_work/inner_mongolia/raw/HLS-VI.S30.T47TMH.2018197T042711.v2.0.NDVI.tif,HLS-VI.S30.T47TMH.2018197T042711.v2.0.NDVI.tif,S30,T47TMH,2018-07-16,2018197,042711,EPSG:32647,399960.0,4690200.0,509760.0,4800000.0,True
/home/ec2-user/ndvi_sqs_work/inner_mongolia/raw/HLS-VI.S30.T47SPD.2018198T035541.v2.0.NDVI.tif,HLS-VI.S30.T47SPD.2018198T035541.v2.0.NDVI.tif,S30,T47SPD,2018-07-17,2018198,035541,EPSG:32647,600000.0,4290240.0,709800.0,4400040.0,True
/home/ec2-user/ndvi_sqs_work/inner_mongolia/raw/HLS-VI.S30.T47SQD.2018198T035541.v2.0.NDVI.tif,HLS-VI.S30.T47SQD.2018198T035541.v2.0.NDVI.tif,S30,T47SQD,2018-07-17,2018198,035541,EPSG:32647,699960.0,4290240.0,809760.0,4400040.0,True
/home/ec2-user/ndvi_sqs_work/inner_mongolia/raw/HLS-VI.S30.T47TPE.2018198T035541.v2.0.NDVI.tif,HLS-VI.S30.T47TPE.2018198T035541.v2.0.NDVI.tif,S30,T47TPE,2018-07-17,2018198,035541,EPSG:32647,600000.0,4390200.0,709800.0,4500000.0,True
/home/ec2-user/ndvi_sqs_work/inner_mongolia/raw/HLS-VI.S30.T47TQE.2018198T035541.v2.0.NDVI.tif,HLS-VI.S30.T47TQE.2018198T035541.v2.0.NDVI.tif,S30,T47TQE,2018-07-17,2018198,035541,EPSG:32647,699960.0,4390200.0,809760.0,4500000.0,True
/home/ec2-user/ndvi_sqs_work/inner_mongolia/raw/HLS-VI.S30.T48STJ.2018198T035541.v2.0.NDVI.tif,HLS-VI.S30.T48STJ.2018198T035541.v2.0.NDVI.tif,S30,T48STJ,2018-07-17,2018198,035541,EPSG:32648,199980.0,4290240.0,309780.0,4400040.0,True
/home/ec2-user/ndvi_sqs_work/inner_mongolia/raw/HLS-VI.S30.T48SUH.2018198T035541.v2.0.NDVI.tif,HLS-VI.S30.T48SUH.2018198T035541.v2.0.NDVI.tif,S30,T48SUH,2018-07-17,2018198,035541,EPSG:32648,300000.0,4190220.0,409800.0,4300020.0,True
/home/ec2-user/ndvi_sqs_work/inner_mongolia/raw/HLS-VI.S30.T48SUJ.2018198T035541.v2.0.NDVI.tif,HLS-VI.S30.T48SUJ.2018198T035541.v2.0.NDVI.tif,S30,T48SUJ,2018-07-17,2018198,035541,EPSG:32648,300000.0,4290240.0,409800.0,4400040.0,True
/home/ec2-user/ndvi_sqs_work/inner_mongolia/raw/HLS-VI.S30.T48TTK.2018198T035541.v2.0.NDVI.tif,HLS-VI.S30.T48TTK.2018198T035541.v2.0.NDVI.tif,S30,T48TTK,2018-07-17,2018198,035541,EPSG:32648,199980.0,4390200.0,309780.0,4500000.0,True
/home/ec2-user/ndvi_sqs_work/inner_mongolia/raw/HLS-VI.S30.T48TVK.2018198T035541.v2.0.NDVI.tif,HLS-VI.S30.T48TVK.2018198T035541.v2.0.NDVI.tif,S30,T48TVK,2018-07-17,2018198,035541,EPSG:32648,399960.0,4390200.0,509760.0,4500000.0,True
/home/ec2-user/ndvi_sqs_work/inner_mongolia/raw/HLS-VI.S30.T49TDG.2018199T032711.v2.0.NDVI.tif,HLS-VI.S30.T49TDG.2018199T032711.v2.0.NDVI.tif,S30,T49TDG,2018-07-18,2018199,032711,EPSG:32649,399960.0,4590240.0,509760.0,4700040.0,True
/home/ec2-user/ndvi_sqs_work/inner_mongolia/raw/HLS-VI.S30.T48SVH.2018200T034529.v2.0.NDVI.tif,HLS-VI.S30.T48SVH.2018200T034529.v2.0.NDVI.tif,S30,T48SVH,2018-07-19,2018200,034529,EPSG:32648,399960.0,4190220.0,509760.0,4300020.0,True
/home/ec2-user/ndvi_sqs_work/inner_mongolia/raw/HLS-VI.S30.T48TVL.2018200T034529.v2.0.NDVI.tif,HLS-VI.S30.T48TVL.2018200T034529.v2.0.NDVI.tif,S30,T48TVL,2018-07-19,2018200,034529,EPSG:32648,399960.0,4490220.0,509760.0,4600020.0,True
/home/ec2-user/ndvi_sqs_work/inner_mongolia/raw/HLS-VI.S30.T48TVM.2018200T034529.v2.0.NDVI.tif,HLS-VI.S30.T48TVM.2018200T034529.v2.0.NDVI.tif,S30,T48TVM,2018-07-19,2018200,034529,EPSG:32648,399960.0,4590240.0,509760.0,4700040.0,True
/home/ec2-user/ndvi_sqs_work/inner_mongolia/raw/HLS-VI.S30.T48TWM.2018200T034529.v2.0.NDVI.tif,HLS-VI.S30.T48TWM.2018200T034529.v2.0.NDVI.tif,S30,T48TWM,2018-07-19,2018200,034529,EPSG:32648,499980.0,4590240.0,609780.0,4700040.0,True
/home/ec2-user/ndvi_sqs_work/inner_mongolia/raw/HLS-VI.S30.T50TQQ.2018200T025551.v2.0.NDVI.tif,HLS-VI.S30.T50TQQ.2018200T025551.v2.0.NDVI.tif,S30,T50TQQ,2018-07-19,2018200,025551,EPSG:32650,699960.0,4890240.0,809760.0,5000040.0,True
/home/ec2-user/ndvi_sqs_work/inner_mongolia/raw/HLS-VI.S30.T50TQS.2018200T025551.v2.0.NDVI.tif,HLS-VI.S30.T50TQS.2018200T025551.v2.0.NDVI.tif,S30,T50TQS,2018-07-19,2018200,025551,EPSG:32650,699960.0,5090220.0,809760.0,5200020.0,True
/home/ec2-user/ndvi_sqs_work/inner_mongolia/raw/HLS-VI.S30.T51TUJ.2018200T025551.v2.0.NDVI.tif,HLS-VI.S30.T51TUJ.2018200T025551.v2.0.NDVI.tif,S30,T51TUJ,2018-07-19,2018200,025551,EPSG:32651,300000.0,4790220.0,409800.0,4900020.0,True
/home/ec2-user/ndvi_sqs_work/inner_mongolia/raw/HLS-VI.S30.T51TUM.2018200T025551.v2.0.NDVI.tif,HLS-VI.S30.T51TUM.2018200T025551.v2.0.NDVI.tif,S30,T51TUM,2018-07-19,2018200,025551,EPSG:32651,300000.0,5090220.0,409800.0,5200020.0,True
/home/ec2-user/ndvi_sqs_work/inner_mongolia/raw/HLS-VI.S30.T47TMF.2018201T040541.v2.0.NDVI.tif,HLS-VI.S30.T47TMF.2018201T040541.v2.0.NDVI.tif,S30,T47TMF,2018-07-20,2018201,040541,EPSG:32647,399960.0,4490220.0,509760.0,4600020.0,True
/home/ec2-user/ndvi_sqs_work/inner_mongolia/raw/HLS-VI.S30.T47TNG.2018201T040541.v2.0.NDVI.tif,HLS-VI.S30.T47TNG.2018201T040541.v2.0.NDVI.tif,S30,T47TNG,2018-07-20,2018201,040541,EPSG:32647,499980.0,4590240.0,609780.0,4700040.0,True
/home/ec2-user/ndvi_sqs_work/inner_mongolia/raw/HLS-VI.S30.T47TPE.2018201T040541.v2.0.NDVI.tif,HLS-VI.S30.T47TPE.2018201T040541.v2.0.NDVI.tif,S30,T47TPE,2018-07-20,2018201,040541,EPSG:32647,600000.0,4390200.0,709800.0,4500000.0,True
/home/ec2-user/ndvi_sqs_work/inner_mongolia/raw/HLS-VI.S30.T47TPF.2018201T040541.v2.0.NDVI.tif,HLS-VI.S30.T47TPF.2018201T040541.v2.0.NDVI.tif,S30,T47TPF,2018-07-20,2018201,040541,EPSG:32647,600000.0,4490220.0,709800.0,4600020.0,True
/home/ec2-user/ndvi_sqs_work/inner_mongolia/raw/HLS-VI.S30.T47TQG.2018201T040541.v2.0.NDVI.tif,HLS-VI.S30.T47TQG.2018201T040541.v2.0.NDVI.tif,S30,T47TQG,2018-07-20,2018201,040541,EPSG:32647,699960.0,4590240.0,809760.0,4700040.0,True
/home/ec2-user/ndvi_sqs_work/inner_mongolia/raw/HLS-VI.S30.T48TTM.2018201T040541.v2.0.NDVI.tif,HLS-VI.S30.T48TTM.2018201T040541.v2.0.NDVI.tif,S30,T48TTM,2018-07-20,2018201,040541,EPSG:32648,199980.0,4590240.0,309780.0,4700040.0,True
/home/ec2-user/ndvi_sqs_work/inner_mongolia/raw/HLS-VI.S30.T47TLF.2018202T042659.v2.0.NDVI.tif,HLS-VI.S30.T47TLF.2018202T042659.v2.0.NDVI.tif,S30,T47TLF,2018-07-21,2018202,042659,EPSG:32647,300000.0,4490220.0,409800.0,4600020.0,True
/home/ec2-user/ndvi_sqs_work/inner_mongolia/raw/HLS-VI.S30.T47TLG.2018202T042659.v2.0.NDVI.tif,HLS-VI.S30.T47TLG.2018202T042659.v2.0.NDVI.tif,S30,T47TLG,2018-07-21,2018202,042659,EPSG:32647,300000.0,4590240.0,409800.0,4700040.0,True
/home/ec2-user/ndvi_sqs_work/inner_mongolia/raw/HLS-VI.S30.T47TLH.2018202T042659.v2.0.NDVI.tif,HLS-VI.S30.T47TLH.2018202T042659.v2.0.NDVI.tif,S30,T47TLH,2018-07-21,2018202,042659,EPSG:32647,300000.0,4690200.0,409800.0,4800000.0,True
/home/ec2-user/ndvi_sqs_work/inner_mongolia/raw/HLS-VI.S30.T47TMG.2018202T042659.v2.0.NDVI.tif,HLS-VI.S30.T47TMG.2018202T042659.v2.0.NDVI.tif,S30,T47TMG,2018-07-21,2018202,042659,EPSG:32647,399960.0,4590240.0,509760.0,4700040.0,True
/home/ec2-user/ndvi_sqs_work/inner_mongolia/raw/HLS-VI.S30.T47TMH.2018202T042659.v2.0.NDVI.tif,HLS-VI.S30.T47TMH.2018202T042659.v2.0.NDVI.tif,S30,T47TMH,2018-07-21,2018202,042659,EPSG:32647,399960.0,4690200.0,509760.0,4800000.0,True
/home/ec2-user/ndvi_sqs_work/inner_mongolia/raw/HLS-VI.S30.T48TXK.2018202T033541.v2.0.NDVI.tif,HLS-VI.S30.T48TXK.2018202T033541.v2.0.NDVI.tif,S30,T48TXK,2018-07-21,2018202,033541,EPSG:32648,600000.0,4390200.0,709800.0,4500000.0,True
/home/ec2-user/ndvi_sqs_work/inner_mongolia/raw/HLS-VI.S30.T48TYK.2018202T033541.v2.0.NDVI.tif,HLS-VI.S30.T48TYK.2018202T033541.v2.0.NDVI.tif,S30,T48TYK,2018-07-21,2018202,033541,EPSG:32648,699960.0,4390200.0,809760.0,4500000.0,True
/home/ec2-user/ndvi_sqs_work/inner_mongolia/raw/HLS-VI.S30.T49TDG.2018202T033541.v2.0.NDVI.tif,HLS-VI.S30.T49TDG.2018202T033541.v2.0.NDVI.tif,S30,T49TDG,2018-07-21,2018202,033541,EPSG:32649,399960.0,4590240.0,509760.0,4700040.0,True
/home/ec2-user/ndvi_sqs_work/inner_mongolia/raw/HLS-VI.S30.T49TDH.2018202T033541.v2.0.NDVI.tif,HLS-VI.S30.T49TDH.2018202T033541.v2.0.NDVI.tif,S30,T49TDH,2018-07-21,2018202,033541,EPSG:32649,399960.0,4690200.0,509760.0,4800000.0,True
/home/ec2-user/ndvi_sqs_work/inner_mongolia/raw/HLS-VI.S30.T49TGH.2018203T030541.v2.0.NDVI.tif,HLS-VI.S30.T49TGH.2018203T030541.v2.0.NDVI.tif,S30,T49TGH,2018-07-22,2018203,030541,EPSG:32649,699960.0,4690200.0,809760.0,4800000.0,True
/home/ec2-user/ndvi_sqs_work/inner_mongolia/raw/HLS-VI.S30.T50TLR.2018203T030541.v2.0.NDVI.tif,HLS-VI.S30.T50TLR.2018203T030541.v2.0.NDVI.tif,S30,T50TLR,2018-07-22,2018203,030541,EPSG:32650,300000.0,4990200.0,409800.0,5100000.0,True
/home/ec2-user/ndvi_sqs_work/inner_mongolia/raw/HLS-VI.S30.T50TMS.2018203T030541.v2.0.NDVI.tif,HLS-VI.S30.T50TMS.2018203T030541.v2.0.NDVI.tif,S30,T50TMS,2018-07-22,2018203,030541,EPSG:32650,399960.0,5090220.0,509760.0,5200020.0,True
/home/ec2-user/ndvi_sqs_work/inner_mongolia/raw/HLS-VI.S30.T50TMT.2018203T030541.v2.0.NDVI.tif,HLS-VI.S30.T50TMT.2018203T030541.v2.0.NDVI.tif,S30,T50TMT,2018-07-22,2018203,030541,EPSG:32650,399960.0,5190240.0,509760.0,5300040.0,True
/home/ec2-user/ndvi_sqs_work/inner_mongolia/raw/HLS-VI.S30.T50TNS.2018203T030541.v2.0.NDVI.tif,HLS-VI.S30.T50TNS.2018203T030541.v2.0.NDVI.tif,S30,T50TNS,2018-07-22,2018203,030541,EPSG:32650,499980.0,5090220.0,609780.0,5200020.0,True
/home/ec2-user/ndvi_sqs_work/inner_mongolia/raw/HLS-VI.S30.T50TNT.2018203T030541.v2.0.NDVI.tif,HLS-VI.S30.T50TNT.2018203T030541.v2.0.NDVI.tif,S30,T50TNT,2018-07-22,2018203,030541,EPSG:32650,499980.0,5190240.0,609780.0,5300040.0,True
/home/ec2-user/ndvi_sqs_work/inner_mongolia/raw/HLS-VI.S30.T50TPS.2018203T030541.v2.0.NDVI.tif,HLS-VI.S30.T50TPS.2018203T030541.v2.0.NDVI.tif,S30,T50TPS,2018-07-22,2018203,030541,EPSG:32650,600000.0,5090220.0,709800.0,5200020.0,True
/home/ec2-user/ndvi_sqs_work/inner_mongolia/raw/HLS-VI.S30.T50TPT.2018203T030541.v2.0.NDVI.tif,HLS-VI.S30.T50TPT.2018203T030541.v2.0.NDVI.tif,S30,T50TPT,2018-07-22,2018203,030541,EPSG:32650,600000.0,5190240.0,709800.0,5300040.0,True
/home/ec2-user/ndvi_sqs_work/inner_mongolia/raw/HLS-VI.S30.T50TQT.2018203T030541.v2.0.NDVI.tif,HLS-VI.S30.T50TQT.2018203T030541.v2.0.NDVI.tif,S30,T50TQT,2018-07-22,2018203,030541,EPSG:32650,699960.0,5190240.0,809760.0,5300040.0,True
/home/ec2-user/ndvi_sqs_work/inner_mongolia/raw/HLS-VI.S30.T47TLF.2018204T041551.v2.0.NDVI.tif,HLS-VI.S30.T47TLF.2018204T041551.v2.0.NDVI.tif,S30,T47TLF,2018-07-23,2018204,041551,EPSG:32647,300000.0,4490220.0,409800.0,4600020.0,True
/home/ec2-user/ndvi_sqs_work/inner_mongolia/raw/HLS-VI.S30.T47TLG.2018204T041551.v2.0.NDVI.tif,HLS-VI.S30.T47TLG.2018204T041551.v2.0.NDVI.tif,S30,T47TLG,2018-07-23,2018204,041551,EPSG:32647,300000.0,4590240.0,409800.0,4700040.0,True
/home/ec2-user/ndvi_sqs_work/inner_mongolia/raw/HLS-VI.S30.T47TLH.2018204T041551.v2.0.NDVI.tif,HLS-VI.S30.T47TLH.2018204T041551.v2.0.NDVI.tif,S30,T47TLH,2018-07-23,2018204,041551,EPSG:32647,300000.0,4690200.0,409800.0,4800000.0,True
/home/ec2-user/ndvi_sqs_work/inner_mongolia/raw/HLS-VI.S30.T47TMF.2018204T041551.v2.0.NDVI.tif,HLS-VI.S30.T47TMF.2018204T041551.v2.0.NDVI.tif,S30,T47TMF,2018-07-23,2018204,041551,EPSG:32647,399960.0,4490220.0,509760.0,4600020.0,True
/home/ec2-user/ndvi_sqs_work/inner_mongolia/raw/HLS-VI.S30.T47TMG.2018204T041551.v2.0.NDVI.tif,HLS-VI.S30.T47TMG.2018204T041551.v2.0.NDVI.tif,S30,T47TMG,2018-07-23,2018204,041551,EPSG:32647,399960.0,4590240.0,509760.0,4700040.0,True
/home/ec2-user/ndvi_sqs_work/inner_mongolia/raw/HLS-VI.S30.T47TNH.2018204T041551.v2.0.NDVI.tif,HLS-VI.S30.T47TNH.2018204T041551.v2.0.NDVI.tif,S30,T47TNH,2018-07-23,2018204,041551,EPSG:32647,499980.0,4690200.0,609780.0,4800000.0,True
/home/ec2-user/ndvi_sqs_work/inner_mongolia/raw/HLS-VI.S30.T51TWN.2018204T023551.v2.0.NDVI.tif,HLS-VI.S30.T51TWN.2018204T023551.v2.0.NDVI.tif,S30,T51TWN,2018-07-23,2018204,023551,EPSG:32651,499980.0,5190240.0,609780.0,5300040.0,True
/home/ec2-user/ndvi_sqs_work/inner_mongolia/raw/HLS-VI.S30.T51UWP.2018204T023551.v2.0.NDVI.tif,HLS-VI.S30.T51UWP.2018204T023551.v2.0.NDVI.tif,S30,T51UWP,2018-07-23,2018204,023551,EPSG:32651,499980.0,5290200.0,609780.0,5400000.0,True
/home/ec2-user/ndvi_sqs_work/inner_mongolia/raw/HLS-VI.S30.T51UWQ.2018204T023551.v2.0.NDVI.tif,HLS-VI.S30.T51UWQ.2018204T023551.v2.0.NDVI.tif,S30,T51UWQ,2018-07-23,2018204,023551,EPSG:32651,499980.0,5390220.0,609780.0,5500020.0,True
/home/ec2-user/ndvi_sqs_work/inner_mongolia/raw/HLS-VI.S30.T48SUH.2018205T034541.v2.0.NDVI.tif,HLS-VI.S30.T48SUH.2018205T034541.v2.0.NDVI.tif,S30,T48SUH,2018-07-24,2018205,034541,EPSG:32648,300000.0,4190220.0,409800.0,4300020.0,True
/home/ec2-user/ndvi_sqs_work/inner_mongolia/raw/HLS-VI.S30.T48SVH.2018205T034541.v2.0.NDVI.tif,HLS-VI.S30.T48SVH.2018205T034541.v2.0.NDVI.tif,S30,T48SVH,2018-07-24,2018205,034541,EPSG:32648,399960.0,4190220.0,509760.0,4300020.0,True
/home/ec2-user/ndvi_sqs_work/inner_mongolia/raw/HLS-VI.S30.T48SVJ.2018205T034541.v2.0.NDVI.tif,HLS-VI.S30.T48SVJ.2018205T034541.v2.0.NDVI.tif,S30,T48SVJ,2018-07-24,2018205,034541,EPSG:32648,399960.0,4290240.0,509760.0,4400040.0,True
/home/ec2-user/ndvi_sqs_work/inner_mongolia/raw/HLS-VI.S30.T48TVK.2018205T034541.v2.0.NDVI.tif,HLS-VI.S30.T48TVK.2018205T034541.v2.0.NDVI.tif,S30,T48TVK,2018-07-24,2018205,034541,EPSG:32648,399960.0,4390200.0,509760.0,4500000.0,True
/home/ec2-user/ndvi_sqs_work/inner_mongolia/raw/HLS-VI.S30.T48TVL.2018205T034541.v2.0.NDVI.tif,HLS-VI.S30.T48TVL.2018205T034541.v2.0.NDVI.tif,S30,T48TVL,2018-07-24,2018205,034541,EPSG:32648,399960.0,4490220.0,509760.0,4600020.0,True
/home/ec2-user/ndvi_sqs_work/inner_mongolia/raw/HLS-VI.S30.T48TVM.2018205T034541.v2.0.NDVI.tif,HLS-VI.S30.T48TVM.2018205T034541.v2.0.NDVI.tif,S30,T48TVM,2018-07-24,2018205,034541,EPSG:32648,399960.0,4590240.0,509760.0,4700040.0,True
/home/ec2-user/ndvi_sqs_work/inner_mongolia/raw/HLS-VI.S30.T48TWK.2018205T034541.v2.0.NDVI.tif,HLS-VI.S30.T48TWK.2018205T034541.v2.0.NDVI.tif,S30,T48TWK,2018-07-24,2018205,034541,EPSG:32648,499980.0,4390200.0,609780.0,4500000.0,True
/home/ec2-user/ndvi_sqs_work/inner_mongolia/raw/HLS-VI.S30.T48TWL.2018205T034541.v2.0.NDVI.tif,HLS-VI.S30.T48TWL.2018205T034541.v2.0.NDVI.tif,S30,T48TWL,2018-07-24,2018205,034541,EPSG:32648,499980.0,4490220.0,609780.0,4600020.0,True
/home/ec2-user/ndvi_sqs_work/inner_mongolia/raw/HLS-VI.S30.T47SQD.2018206T040539.v2.0.NDVI.tif,HLS-VI.S30.T47SQD.2018206T040539.v2.0.NDVI.tif,S30,T47SQD,2018-07-25,2018206,040539,EPSG:32647,699960.0,4290240.0,809760.0,4400040.0,True
/home/ec2-user/ndvi_sqs_work/inner_mongolia/raw/HLS-VI.S30.T47TQE.2018206T040539.v2.0.NDVI.tif,HLS-VI.S30.T47TQE.2018206T040539.v2.0.NDVI.tif,S30,T47TQE,2018-07-25,2018206,040539,EPSG:32647,699960.0,4390200.0,809760.0,4500000.0,True
/home/ec2-user/ndvi_sqs_work/inner_mongolia/raw/HLS-VI.S30.T47TQH.2018206T040539.v2.0.NDVI.tif,HLS-VI.S30.T47TQH.2018206T040539.v2.0.NDVI.tif,S30,T47TQH,2018-07-25,2018206,040539,EPSG:32647,699960.0,4690200.0,809760.0,4800000.0,True
/home/ec2-user/ndvi_sqs_work/inner_mongolia/raw/HLS-VI.S30.T48STJ.2018206T040539.v2.0.NDVI.tif,HLS-VI.S30.T48STJ.2018206T040539.v2.0.NDVI.tif,S30,T48STJ,2018-07-25,2018206,040539,EPSG:32648,199980.0,4290240.0,309780.0,4400040.0,True
/home/ec2-user/ndvi_sqs_work/inner_mongolia/raw/HLS-VI.S30.T48TTL.2018206T040539.v2.0.NDVI.tif,HLS-VI.S30.T48TTL.2018206T040539.v2.0.NDVI.tif,S30,T48TTL,2018-07-25,2018206,040539,EPSG:32648,199980.0,4490220.0,309780.0,4600020.0,True
/home/ec2-user/ndvi_sqs_work/inner_mongolia/raw/HLS-VI.S30.T48TUM.2018206T040539.v2.0.NDVI.tif,HLS-VI.S30.T48TUM.2018206T040539.v2.0.NDVI.tif,S30,T48TUM,2018-07-25,2018206,040539,EPSG:32648,300000.0,4590240.0,409800.0,4700040.0,True
/home/ec2-user/ndvi_sqs_work/inner_mongolia/raw/HLS-VI.S30.T49TCF.2018207T033529.v2.0.NDVI.tif,HLS-VI.S30.T49TCF.2018207T033529.v2.0.NDVI.tif,S30,T49TCF,2018-07-26,2018207,033529,EPSG:32649,300000.0,4490220.0,409800.0,4600020.0,True
/home/ec2-user/ndvi_sqs_work/inner_mongolia/raw/HLS-VI.S30.T49TDF.2018207T033529.v2.0.NDVI.tif,HLS-VI.S30.T49TDF.2018207T033529.v2.0.NDVI.tif,S30,T49TDF,2018-07-26,2018207,033529,EPSG:32649,399960.0,4490220.0,509760.0,4600020.0,True
/home/ec2-user/ndvi_sqs_work/inner_mongolia/raw/HLS-VI.S30.T51UXT.2018207T024551.v2.0.NDVI.tif,HLS-VI.S30.T51UXT.2018207T024551.v2.0.NDVI.tif,S30,T51UXT,2018-07-26,2018207,024551,EPSG:32651,600000.0,5690220.0,709800.0,5800020.0,True
/home/ec2-user/ndvi_sqs_work/inner_mongolia/raw/HLS-VI.S30.T50TQP.2018210T025551.v2.0.NDVI.tif,HLS-VI.S30.T50TQP.2018210T025551.v2.0.NDVI.tif,S30,T50TQP,2018-07-29,2018210,025551,EPSG:32650,699960.0,4790220.0,809760.0,4900020.0,True
/home/ec2-user/ndvi_sqs_work/inner_mongolia/raw/HLS-VI.S30.T49TEH.2018211T031539.v2.0.NDVI.tif,HLS-VI.S30.T49TEH.2018211T031539.v2.0.NDVI.tif,S30,T49TEH,2018-07-30,2018211,031539,EPSG:32649,499980.0,4690200.0,609780.0,4800000.0,True
/home/ec2-user/ndvi_sqs_work/inner_mongolia/raw/HLS-VI.S30.T49TFJ.2018211T031539.v2.0.NDVI.tif,HLS-VI.S30.T49TFJ.2018211T031539.v2.0.NDVI.tif,S30,T49TFJ,2018-07-30,2018211,031539,EPSG:32649,600000.0,4790220.0,709800.0,4900020.0,True
/home/ec2-user/ndvi_sqs_work/inner_mongolia/raw/HLS-VI.S30.T47TPE.2018213T035709.v2.0.NDVI.tif,HLS-VI.S30.T47TPE.2018213T035709.v2.0.NDVI.tif,S30,T47TPE,2018-08-01,2018213,035709,EPSG:32647,600000.0,4390200.0,709800.0,4500000.0,True
/home/ec2-user/ndvi_sqs_work/inner_mongolia/raw/HLS-VI.S30.T49TGH.2018213T030541.v2.0.NDVI.tif,HLS-VI.S30.T49TGH.2018213T030541.v2.0.NDVI.tif,S30,T49TGH,2018-08-01,2018213,030541,EPSG:32649,699960.0,4690200.0,809760.0,4800000.0,True
/home/ec2-user/ndvi_sqs_work/inner_mongolia/raw/HLS-VI.S30.T50TLM.2018213T030541.v2.0.NDVI.tif,HLS-VI.S30.T50TLM.2018213T030541.v2.0.NDVI.tif,S30,T50TLM,2018-08-01,2018213,030541,EPSG:32650,300000.0,4590240.0,409800.0,4700040.0,True
/home/ec2-user/ndvi_sqs_work/inner_mongolia/raw/HLS-VI.S30.T51TVH.2018214T023551.v2.0.NDVI.tif,HLS-VI.S30.T51TVH.2018214T023551.v2.0.NDVI.tif,S30,T51TVH,2018-08-02,2018214,023551,EPSG:32651,399960.0,4690200.0,509760.0,4800000.0,True
/home/ec2-user/ndvi_sqs_work/inner_mongolia/raw/HLS-VI.S30.T51TWH.2018214T023551.v2.0.NDVI.tif,HLS-VI.S30.T51TWH.2018214T023551.v2.0.NDVI.tif,S30,T51TWH,2018-08-02,2018214,023551,EPSG:32651,499980.0,4690200.0,609780.0,4800000.0,True
/home/ec2-user/ndvi_sqs_work/inner_mongolia/raw/HLS-VI.S30.T50TPN.2018215T025539.v2.0.NDVI.tif,HLS-VI.S30.T50TPN.2018215T025539.v2.0.NDVI.tif,S30,T50TPN,2018-08-03,2018215,025539,EPSG:32650,600000.0,4690200.0,709800.0,4800000.0,True
/home/ec2-user/ndvi_sqs_work/inner_mongolia/raw/HLS-VI.S30.T50TQL.2018215T025539.v2.0.NDVI.tif,HLS-VI.S30.T50TQL.2018215T025539.v2.0.NDVI.tif,S30,T50TQL,2018-08-03,2018215,025539,EPSG:32650,699960.0,4490220.0,809760.0,4600020.0,True
/home/ec2-user/ndvi_sqs_work/inner_mongolia/raw/HLS-VI.S30.T50TQM.2018215T025539.v2.0.NDVI.tif,HLS-VI.S30.T50TQM.2018215T025539.v2.0.NDVI.tif,S30,T50TQM,2018-08-03,2018215,025539,EPSG:32650,699960.0,4590240.0,809760.0,4700040.0,True
/home/ec2-user/ndvi_sqs_work/inner_mongolia/raw/HLS-VI.S30.T50TQN.2018215T025539.v2.0.NDVI.tif,HLS-VI.S30.T50TQN.2018215T025539.v2.0.NDVI.tif,S30,T50TQN,2018-08-03,2018215,025539,EPSG:32650,699960.0,4690200.0,809760.0,4800000.0,True
/home/ec2-user/ndvi_sqs_work/inner_mongolia/raw/HLS-VI.S30.T50TQP.2018215T025539.v2.0.NDVI.tif,HLS-VI.S30.T50TQP.2018215T025539.v2.0.NDVI.tif,S30,T50TQP,2018-08-03,2018215,025539,EPSG:32650,699960.0,4790220.0,809760.0,4900020.0,True
/home/ec2-user/ndvi_sqs_work/inner_mongolia/raw/HLS-VI.S30.T51TTF.2018215T025539.v2.0.NDVI.tif,HLS-VI.S30.T51TTF.2018215T025539.v2.0.NDVI.tif,S30,T51TTF,2018-08-03,2018215,025539,EPSG:32651,199980.0,4490220.0,309780.0,4600020.0,True
/home/ec2-user/ndvi_sqs_work/inner_mongolia/raw/HLS-VI.S30.T51TTG.2018215T025539.v2.0.NDVI.tif,HLS-VI.S30.T51TTG.2018215T025539.v2.0.NDVI.tif,S30,T51TTG,2018-08-03,2018215,025539,EPSG:32651,199980.0,4590240.0,309780.0,4700040.0,True
/home/ec2-user/ndvi_sqs_work/inner_mongolia/raw/HLS-VI.S30.T51TUG.2018215T025539.v2.0.NDVI.tif,HLS-VI.S30.T51TUG.2018215T025539.v2.0.NDVI.tif,S30,T51TUG,2018-08-03,2018215,025539,EPSG:32651,300000.0,4590240.0,409800.0,4700040.0,True
/home/ec2-user/ndvi_sqs_work/inner_mongolia/raw/HLS-VI.S30.T51TUH.2018215T025539.v2.0.NDVI.tif,HLS-VI.S30.T51TUH.2018215T025539.v2.0.NDVI.tif,S30,T51TUH,2018-08-03,2018215,025539,EPSG:32651,300000.0,4690200.0,409800.0,4800000.0,True
/home/ec2-user/ndvi_sqs_work/inner_mongolia/raw/HLS-VI.S30.T51TUJ.2018215T025539.v2.0.NDVI.tif,HLS-VI.S30.T51TUJ.2018215T025539.v2.0.NDVI.tif,S30,T51TUJ,2018-08-03,2018215,025539,EPSG:32651,300000.0,4790220.0,409800.0,4900020.0,True
/home/ec2-user/ndvi_sqs_work/inner_mongolia/raw/HLS-VI.S30.T51TUK.2018215T025539.v2.0.NDVI.tif,HLS-VI.S30.T51TUK.2018215T025539.v2.0.NDVI.tif,S30,T51TUK,2018-08-03,2018215,025539,EPSG:32651,300000.0,4890240.0,409800.0,5000040.0,True
/home/ec2-user/ndvi_sqs_work/inner_mongolia/raw/HLS-VI.S30.T51TVL.2018215T025539.v2.0.NDVI.tif,HLS-VI.S30.T51TVL.2018215T025539.v2.0.NDVI.tif,S30,T51TVL,2018-08-03,2018215,025539,EPSG:32651,399960.0,4990200.0,509760.0,5100000.0,True
/home/ec2-user/ndvi_sqs_work/inner_mongolia/raw/HLS-VI.S30.T47TLH.2018217T042701.v2.0.NDVI.tif,HLS-VI.S30.T47TLH.2018217T042701.v2.0.NDVI.tif,S30,T47TLH,2018-08-05,2018217,042701,EPSG:32647,300000.0,4690200.0,409800.0,4800000.0,True
/home/ec2-user/ndvi_sqs_work/inner_mongolia/raw/HLS-VI.S30.T48SXJ.2018217T033529.v2.0.NDVI.tif,HLS-VI.S30.T48SXJ.2018217T033529.v2.0.NDVI.tif,S30,T48SXJ,2018-08-05,2018217,033529,EPSG:32648,600000.0,4290240.0,709800.0,4400040.0,True
/home/ec2-user/ndvi_sqs_work/inner_mongolia/raw/HLS-VI.S30.T48TYK.2018217T033529.v2.0.NDVI.tif,HLS-VI.S30.T48TYK.2018217T033529.v2.0.NDVI.tif,S30,T48TYK,2018-08-05,2018217,033529,EPSG:32648,699960.0,4390200.0,809760.0,4500000.0,True
/home/ec2-user/ndvi_sqs_work/inner_mongolia/raw/HLS-VI.S30.T49TBE.2018217T033529.v2.0.NDVI.tif,HLS-VI.S30.T49TBE.2018217T033529.v2.0.NDVI.tif,S30,T49TBE,2018-08-05,2018217,033529,EPSG:32649,199980.0,4390200.0,309780.0,4500000.0,True
/home/ec2-user/ndvi_sqs_work/inner_mongolia/raw/HLS-VI.S30.T47TNH.2018219T041549.v2.0.NDVI.tif,HLS-VI.S30.T47TNH.2018219T041549.v2.0.NDVI.tif,S30,T47TNH,2018-08-07,2018219,041549,EPSG:32647,499980.0,4690200.0,609780.0,4800000.0,True
/home/ec2-user/ndvi_sqs_work/inner_mongolia/raw/HLS-VI.S30.T47TPG.2018219T041549.v2.0.NDVI.tif,HLS-VI.S30.T47TPG.2018219T041549.v2.0.NDVI.tif,S30,T47TPG,2018-08-07,2018219,041549,EPSG:32647,600000.0,4590240.0,709800.0,4700040.0,True
/home/ec2-user/ndvi_sqs_work/inner_mongolia/raw/HLS-VI.S30.T47TPH.2018219T041549.v2.0.NDVI.tif,HLS-VI.S30.T47TPH.2018219T041549.v2.0.NDVI.tif,S30,T47TPH,2018-08-07,2018219,041549,EPSG:32647,600000.0,4690200.0,709800.0,4800000.0,True
/home/ec2-user/ndvi_sqs_work/inner_mongolia/raw/HLS-VI.S30.T48TUK.2018220T034529.v2.0.NDVI.tif,HLS-VI.S30.T48TUK.2018220T034529.v2.0.NDVI.tif,S30,T48TUK,2018-08-08,2018220,034529,EPSG:32648,300000.0,4390200.0,409800.0,4500000.0,True
/home/ec2-user/ndvi_sqs_work/inner_mongolia/raw/HLS-VI.S30.T48TVK.2018220T034529.v2.0.NDVI.tif,HLS-VI.S30.T48TVK.2018220T034529.v2.0.NDVI.tif,S30,T48TVK,2018-08-08,2018220,034529,EPSG:32648,399960.0,4390200.0,509760.0,4500000.0,True
/home/ec2-user/ndvi_sqs_work/inner_mongolia/raw/HLS-VI.S30.T48TVL.2018220T034529.v2.0.NDVI.tif,HLS-VI.S30.T48TVL.2018220T034529.v2.0.NDVI.tif,S30,T48TVL,2018-08-08,2018220,034529,EPSG:32648,399960.0,4490220.0,509760.0,4600020.0,True
/home/ec2-user/ndvi_sqs_work/inner_mongolia/raw/HLS-VI.S30.T48TWL.2018220T034529.v2.0.NDVI.tif,HLS-VI.S30.T48TWL.2018220T034529.v2.0.NDVI.tif,S30,T48TWL,2018-08-08,2018220,034529,EPSG:32648,499980.0,4490220.0,609780.0,4600020.0,True
/home/ec2-user/ndvi_sqs_work/inner_mongolia/raw/HLS-VI.S30.T48TWM.2018220T034529.v2.0.NDVI.tif,HLS-VI.S30.T48TWM.2018220T034529.v2.0.NDVI.tif,S30,T48TWM,2018-08-08,2018220,034529,EPSG:32648,499980.0,4590240.0,609780.0,4700040.0,True
/home/ec2-user/ndvi_sqs_work/inner_mongolia/raw/HLS-VI.S30.T48TXN.2018220T034529.v2.0.NDVI.tif,HLS-VI.S30.T48TXN.2018220T034529.v2.0.NDVI.tif,S30,T48TXN,2018-08-08,2018220,034529,EPSG:32648,600000.0,4690200.0,709800.0,4800000.0,True
/home/ec2-user/ndvi_sqs_work/inner_mongolia/raw/HLS-VI.S30.T48TYK.2018220T034529.v2.0.NDVI.tif,HLS-VI.S30.T48TYK.2018220T034529.v2.0.NDVI.tif,S30,T48TYK,2018-08-08,2018220,034529,EPSG:32648,699960.0,4390200.0,809760.0,4500000.0,True
/home/ec2-user/ndvi_sqs_work/inner_mongolia/raw/HLS-VI.S30.T48TYN.2018220T034529.v2.0.NDVI.tif,HLS-VI.S30.T48TYN.2018220T034529.v2.0.NDVI.tif,S30,T48TYN,2018-08-08,2018220,034529,EPSG:32648,699960.0,4690200.0,809760.0,4800000.0,True
/home/ec2-user/ndvi_sqs_work/inner_mongolia/raw/HLS-VI.S30.T47TQH.2018221T040541.v2.0.NDVI.tif,HLS-VI.S30.T47TQH.2018221T040541.v2.0.NDVI.tif,S30,T47TQH,2018-08-09,2018221,040541,EPSG:32647,699960.0,4690200.0,809760.0,4800000.0,True
/home/ec2-user/ndvi_sqs_work/inner_mongolia/raw/HLS-VI.S30.T50TQN.2018222T024539.v2.0.NDVI.tif,HLS-VI.S30.T50TQN.2018222T024539.v2.0.NDVI.tif,S30,T50TQN,2018-08-10,2018222,024539,EPSG:32650,699960.0,4690200.0,809760.0,4800000.0,True
/home/ec2-user/ndvi_sqs_work/inner_mongolia/raw/HLS-VI.S30.T50TQP.2018222T024539.v2.0.NDVI.tif,HLS-VI.S30.T50TQP.2018222T024539.v2.0.NDVI.tif,S30,T50TQP,2018-08-10,2018222,024539,EPSG:32650,699960.0,4790220.0,809760.0,4900020.0,True
/home/ec2-user/ndvi_sqs_work/inner_mongolia/raw/HLS-VI.S30.T50TQQ.2018222T024539.v2.0.NDVI.tif,HLS-VI.S30.T50TQQ.2018222T024539.v2.0.NDVI.tif,S30,T50TQQ,2018-08-10,2018222,024539,EPSG:32650,699960.0,4890240.0,809760.0,5000040.0,True
/home/ec2-user/ndvi_sqs_work/inner_mongolia/raw/HLS-VI.S30.T51TUH.2018222T024539.v2.0.NDVI.tif,HLS-VI.S30.T51TUH.2018222T024539.v2.0.NDVI.tif,S30,T51TUH,2018-08-10,2018222,024539,EPSG:32651,300000.0,4690200.0,409800.0,4800000.0,True
/home/ec2-user/ndvi_sqs_work/inner_mongolia/raw/HLS-VI.S30.T51TUJ.2018222T024539.v2.0.NDVI.tif,HLS-VI.S30.T51TUJ.2018222T024539.v2.0.NDVI.tif,S30,T51TUJ,2018-08-10,2018222,024539,EPSG:32651,300000.0,4790220.0,409800.0,4900020.0,True
/home/ec2-user/ndvi_sqs_work/inner_mongolia/raw/HLS-VI.S30.T51TUK.2018222T024539.v2.0.NDVI.tif,HLS-VI.S30.T51TUK.2018222T024539.v2.0.NDVI.tif,S30,T51TUK,2018-08-10,2018222,024539,EPSG:32651,300000.0,4890240.0,409800.0,5000040.0,True
/home/ec2-user/ndvi_sqs_work/inner_mongolia/raw/HLS-VI.S30.T51TVH.2018222T024539.v2.0.NDVI.tif,HLS-VI.S30.T51TVH.2018222T024539.v2.0.NDVI.tif,S30,T51TVH,2018-08-10,2018222,024539,EPSG:32651,399960.0,4690200.0,509760.0,4800000.0,True
/home/ec2-user/ndvi_sqs_work/inner_mongolia/raw/HLS-VI.S30.T51TVJ.2018222T024539.v2.0.NDVI.tif,HLS-VI.S30.T51TVJ.2018222T024539.v2.0.NDVI.tif,S30,T51TVJ,2018-08-10,2018222,024539,EPSG:32651,399960.0,4790220.0,509760.0,4900020.0,True
/home/ec2-user/ndvi_sqs_work/inner_mongolia/raw/HLS-VI.S30.T51TVL.2018222T024539.v2.0.NDVI.tif,HLS-VI.S30.T51TVL.2018222T024539.v2.0.NDVI.tif,S30,T51TVL,2018-08-10,2018222,024539,EPSG:32651,399960.0,4990200.0,509760.0,5100000.0,True
/home/ec2-user/ndvi_sqs_work/inner_mongolia/raw/HLS-VI.S30.T51TWJ.2018222T024539.v2.0.NDVI.tif,HLS-VI.S30.T51TWJ.2018222T024539.v2.0.NDVI.tif,S30,T51TWJ,2018-08-10,2018222,024539,EPSG:32651,499980.0,4790220.0,609780.0,4900020.0,True
/home/ec2-user/ndvi_sqs_work/inner_mongolia/raw/HLS-VI.S30.T48TVM.2018225T034531.v2.0.NDVI.tif,HLS-VI.S30.T48TVM.2018225T034531.v2.0.NDVI.tif,S30,T48TVM,2018-08-13,2018225,034531,EPSG:32648,399960.0,4590240.0,509760.0,4700040.0,True
/home/ec2-user/ndvi_sqs_work/inner_mongolia/raw/HLS-VI.S30.T48TWM.2018225T034531.v2.0.NDVI.tif,HLS-VI.S30.T48TWM.2018225T034531.v2.0.NDVI.tif,S30,T48TWM,2018-08-13,2018225,034531,EPSG:32648,499980.0,4590240.0,609780.0,4700040.0,True
/home/ec2-user/ndvi_sqs_work/inner_mongolia/raw/HLS-VI.S30.T48TXN.2018225T034531.v2.0.NDVI.tif,HLS-VI.S30.T48TXN.2018225T034531.v2.0.NDVI.tif,S30,T48TXN,2018-08-13,2018225,034531,EPSG:32648,600000.0,4690200.0,709800.0,4800000.0,True
/home/ec2-user/ndvi_sqs_work/inner_mongolia/raw/HLS-VI.S30.T48TYN.2018225T034531.v2.0.NDVI.tif,HLS-VI.S30.T48TYN.2018225T034531.v2.0.NDVI.tif,S30,T48TYN,2018-08-13,2018225,034531,EPSG:32648,699960.0,4690200.0,809760.0,4800000.0,True
/home/ec2-user/ndvi_sqs_work/inner_mongolia/raw/HLS-VI.S30.T50UQE.2018225T025539.v2.0.NDVI.tif,HLS-VI.S30.T50UQE.2018225T025539.v2.0.NDVI.tif,S30,T50UQE,2018-08-13,2018225,025539,EPSG:32650,699960.0,5890200.0,809760.0,6000000.0,True
/home/ec2-user/ndvi_sqs_work/inner_mongolia/raw/HLS-VI.S30.T51UUV.2018225T025539.v2.0.NDVI.tif,HLS-VI.S30.T51UUV.2018225T025539.v2.0.NDVI.tif,S30,T51UUV,2018-08-13,2018225,025539,EPSG:32651,300000.0,5890200.0,409800.0,6000000.0,True
/home/ec2-user/ndvi_sqs_work/inner_mongolia/raw/HLS-VI.S30.T47TQH.2018228T035541.v2.0.NDVI.tif,HLS-VI.S30.T47TQH.2018228T035541.v2.0.NDVI.tif,S30,T47TQH,2018-08-16,2018228,035541,EPSG:32647,699960.0,4690200.0,809760.0,4800000.0,True
/home/ec2-user/ndvi_sqs_work/inner_mongolia/raw/HLS-VI.S30.T47TLF.2018229T041539.v2.0.NDVI.tif,HLS-VI.S30.T47TLF.2018229T041539.v2.0.NDVI.tif,S30,T47TLF,2018-08-17,2018229,041539,EPSG:32647,300000.0,4490220.0,409800.0,4600020.0,True
/home/ec2-user/ndvi_sqs_work/inner_mongolia/raw/HLS-VI.S30.T47TLG.2018229T041539.v2.0.NDVI.tif,HLS-VI.S30.T47TLG.2018229T041539.v2.0.NDVI.tif,S30,T47TLG,2018-08-17,2018229,041539,EPSG:32647,300000.0,4590240.0,409800.0,4700040.0,True
/home/ec2-user/ndvi_sqs_work/inner_mongolia/raw/HLS-VI.S30.T47TLH.2018229T041539.v2.0.NDVI.tif,HLS-VI.S30.T47TLH.2018229T041539.v2.0.NDVI.tif,S30,T47TLH,2018-08-17,2018229,041539,EPSG:32647,300000.0,4690200.0,409800.0,4800000.0,True
/home/ec2-user/ndvi_sqs_work/inner_mongolia/raw/HLS-VI.S30.T47TME.2018229T041539.v2.0.NDVI.tif,HLS-VI.S30.T47TME.2018229T041539.v2.0.NDVI.tif,S30,T47TME,2018-08-17,2018229,041539,EPSG:32647,399960.0,4390200.0,509760.0,4500000.0,True
/home/ec2-user/ndvi_sqs_work/inner_mongolia/raw/HLS-VI.S30.T47TMG.2018229T041539.v2.0.NDVI.tif,HLS-VI.S30.T47TMG.2018229T041539.v2.0.NDVI.tif,S30,T47TMG,2018-08-17,2018229,041539,EPSG:32647,399960.0,4590240.0,509760.0,4700040.0,True
/home/ec2-user/ndvi_sqs_work/inner_mongolia/raw/HLS-VI.S30.T47TMH.2018229T041539.v2.0.NDVI.tif,HLS-VI.S30.T47TMH.2018229T041539.v2.0.NDVI.tif,S30,T47TMH,2018-08-17,2018229,041539,EPSG:32647,399960.0,4690200.0,509760.0,4800000.0,True
/home/ec2-user/ndvi_sqs_work/inner_mongolia/raw/HLS-VI.S30.T47TNF.2018229T041539.v2.0.NDVI.tif,HLS-VI.S30.T47TNF.2018229T041539.v2.0.NDVI.tif,S30,T47TNF,2018-08-17,2018229,041539,EPSG:32647,499980.0,4490220.0,609780.0,4600020.0,True
/home/ec2-user/ndvi_sqs_work/inner_mongolia/raw/HLS-VI.S30.T47TNG.2018229T041539.v2.0.NDVI.tif,HLS-VI.S30.T47TNG.2018229T041539.v2.0.NDVI.tif,S30,T47TNG,2018-08-17,2018229,041539,EPSG:32647,499980.0,4590240.0,609780.0,4700040.0,True
/home/ec2-user/ndvi_sqs_work/inner_mongolia/raw/HLS-VI.S30.T47TNH.2018229T041539.v2.0.NDVI.tif,HLS-VI.S30.T47TNH.2018229T041539.v2.0.NDVI.tif,S30,T47TNH,2018-08-17,2018229,041539,EPSG:32647,499980.0,4690200.0,609780.0,4800000.0,True
/home/ec2-user/ndvi_sqs_work/inner_mongolia/raw/HLS-VI.S30.T47TPG.2018229T041539.v2.0.NDVI.tif,HLS-VI.S30.T47TPG.2018229T041539.v2.0.NDVI.tif,S30,T47TPG,2018-08-17,2018229,041539,EPSG:32647,600000.0,4590240.0,709800.0,4700040.0,True
/home/ec2-user/ndvi_sqs_work/inner_mongolia/raw/HLS-VI.S30.T47TPH.2018229T041539.v2.0.NDVI.tif,HLS-VI.S30.T47TPH.2018229T041539.v2.0.NDVI.tif,S30,T47TPH,2018-08-17,2018229,041539,EPSG:32647,600000.0,4690200.0,709800.0,4800000.0,True
/home/ec2-user/ndvi_sqs_work/inner_mongolia/raw/HLS-VI.S30.T49TEJ.2018229T032541.v2.0.NDVI.tif,HLS-VI.S30.T49TEJ.2018229T032541.v2.0.NDVI.tif,S30,T49TEJ,2018-08-17,2018229,032541,EPSG:32649,499980.0,4790220.0,609780.0,4900020.0,True
/home/ec2-user/ndvi_sqs_work/inner_mongolia/raw/HLS-VI.S30.T49TEK.2018229T032541.v2.0.NDVI.tif,HLS-VI.S30.T49TEK.2018229T032541.v2.0.NDVI.tif,S30,T49TEK,2018-08-17,2018229,032541,EPSG:32649,499980.0,4890240.0,609780.0,5000040.0,True
/home/ec2-user/ndvi_sqs_work/inner_mongolia/raw/HLS-VI.S30.T48TVL.2018230T034529.v2.0.NDVI.tif,HLS-VI.S30.T48TVL.2018230T034529.v2.0.NDVI.tif,S30,T48TVL,2018-08-18,2018230,034529,EPSG:32648,399960.0,4490220.0,509760.0,4600020.0,True
/home/ec2-user/ndvi_sqs_work/inner_mongolia/raw/HLS-VI.S30.T48TVM.2018230T034529.v2.0.NDVI.tif,HLS-VI.S30.T48TVM.2018230T034529.v2.0.NDVI.tif,S30,T48TVM,2018-08-18,2018230,034529,EPSG:32648,399960.0,4590240.0,509760.0,4700040.0,True
/home/ec2-user/ndvi_sqs_work/inner_mongolia/raw/HLS-VI.S30.T48TWK.2018230T034529.v2.0.NDVI.tif,HLS-VI.S30.T48TWK.2018230T034529.v2.0.NDVI.tif,S30,T48TWK,2018-08-18,2018230,034529,EPSG:32648,499980.0,4390200.0,609780.0,4500000.0,True
/home/ec2-user/ndvi_sqs_work/inner_mongolia/raw/HLS-VI.S30.T48TWM.2018230T034529.v2.0.NDVI.tif,HLS-VI.S30.T48TWM.2018230T034529.v2.0.NDVI.tif,S30,T48TWM,2018-08-18,2018230,034529,EPSG:32648,499980.0,4590240.0,609780.0,4700040.0,True
/home/ec2-user/ndvi_sqs_work/inner_mongolia/raw/HLS-VI.S30.T48TXL.2018230T034529.v2.0.NDVI.tif,HLS-VI.S30.T48TXL.2018230T034529.v2.0.NDVI.tif,S30,T48TXL,2018-08-18,2018230,034529,EPSG:32648,600000.0,4490220.0,709800.0,4600020.0,True
/home/ec2-user/ndvi_sqs_work/inner_mongolia/raw/HLS-VI.S30.T48TXM.2018230T034529.v2.0.NDVI.tif,HLS-VI.S30.T48TXM.2018230T034529.v2.0.NDVI.tif,S30,T48TXM,2018-08-18,2018230,034529,EPSG:32648,600000.0,4590240.0,709800.0,4700040.0,True
/home/ec2-user/ndvi_sqs_work/inner_mongolia/raw/HLS-VI.S30.T48TYL.2018230T034529.v2.0.NDVI.tif,HLS-VI.S30.T48TYL.2018230T034529.v2.0.NDVI.tif,S30,T48TYL,2018-08-18,2018230,034529,EPSG:32648,699960.0,4490220.0,809760.0,4600020.0,True
/home/ec2-user/ndvi_sqs_work/inner_mongolia/raw/HLS-VI.S30.T48TYM.2018230T034529.v2.0.NDVI.tif,HLS-VI.S30.T48TYM.2018230T034529.v2.0.NDVI.tif,S30,T48TYM,2018-08-18,2018230,034529,EPSG:32648,699960.0,4590240.0,809760.0,4700040.0,True
/home/ec2-user/ndvi_sqs_work/inner_mongolia/raw/HLS-VI.S30.T48TYN.2018230T034529.v2.0.NDVI.tif,HLS-VI.S30.T48TYN.2018230T034529.v2.0.NDVI.tif,S30,T48TYN,2018-08-18,2018230,034529,EPSG:32648,699960.0,4690200.0,809760.0,4800000.0,True
/home/ec2-user/ndvi_sqs_work/inner_mongolia/raw/HLS-VI.S30.T49TBF.2018230T034529.v2.0.NDVI.tif,HLS-VI.S30.T49TBF.2018230T034529.v2.0.NDVI.tif,S30,T49TBF,2018-08-18,2018230,034529,EPSG:32649,199980.0,4490220.0,309780.0,4600020.0,True
/home/ec2-user/ndvi_sqs_work/inner_mongolia/raw/HLS-VI.S30.T49TBG.2018230T034529.v2.0.NDVI.tif,HLS-VI.S30.T49TBG.2018230T034529.v2.0.NDVI.tif,S30,T49TBG,2018-08-18,2018230,034529,EPSG:32649,199980.0,4590240.0,309780.0,4700040.0,True
/home/ec2-user/ndvi_sqs_work/inner_mongolia/raw/HLS-VI.S30.T50TNP.2018230T025541.v2.0.NDVI.tif,HLS-VI.S30.T50TNP.2018230T025541.v2.0.NDVI.tif,S30,T50TNP,2018-08-18,2018230,025541,EPSG:32650,499980.0,4790220.0,609780.0,4900020.0,True
/home/ec2-user/ndvi_sqs_work/inner_mongolia/raw/HLS-VI.S30.T50TNQ.2018230T025541.v2.0.NDVI.tif,HLS-VI.S30.T50TNQ.2018230T025541.v2.0.NDVI.tif,S30,T50TNQ,2018-08-18,2018230,025541,EPSG:32650,499980.0,4890240.0,609780.0,5000040.0,True
/home/ec2-user/ndvi_sqs_work/inner_mongolia/raw/HLS-VI.S30.T47TQH.2018231T040541.v2.0.NDVI.tif,HLS-VI.S30.T47TQH.2018231T040541.v2.0.NDVI.tif,S30,T47TQH,2018-08-19,2018231,040541,EPSG:32647,699960.0,4690200.0,809760.0,4800000.0,True
/home/ec2-user/ndvi_sqs_work/inner_mongolia/raw/HLS-VI.S30.T49TEG.2018231T031529.v2.0.NDVI.tif,HLS-VI.S30.T49TEG.2018231T031529.v2.0.NDVI.tif,S30,T49TEG,2018-08-19,2018231,031529,EPSG:32649,499980.0,4590240.0,609780.0,4700040.0,True
/home/ec2-user/ndvi_sqs_work/inner_mongolia/raw/HLS-VI.S30.T49TEH.2018231T031529.v2.0.NDVI.tif,HLS-VI.S30.T49TEH.2018231T031529.v2.0.NDVI.tif,S30,T49TEH,2018-08-19,2018231,031529,EPSG:32649,499980.0,4690200.0,609780.0,4800000.0,True
/home/ec2-user/ndvi_sqs_work/inner_mongolia/raw/HLS-VI.S30.T49TFG.2018231T031529.v2.0.NDVI.tif,HLS-VI.S30.T49TFG.2018231T031529.v2.0.NDVI.tif,S30,T49TFG,2018-08-19,2018231,031529,EPSG:32649,600000.0,4590240.0,709800.0,4700040.0,True
/home/ec2-user/ndvi_sqs_work/inner_mongolia/raw/HLS-VI.S30.T49TFH.2018231T031529.v2.0.NDVI.tif,HLS-VI.S30.T49TFH.2018231T031529.v2.0.NDVI.tif,S30,T49TFH,2018-08-19,2018231,031529,EPSG:32649,600000.0,4690200.0,709800.0,4800000.0,True
/home/ec2-user/ndvi_sqs_work/inner_mongolia/raw/HLS-VI.S30.T49TFK.2018231T031529.v2.0.NDVI.tif,HLS-VI.S30.T49TFK.2018231T031529.v2.0.NDVI.tif,S30,T49TFK,2018-08-19,2018231,031529,EPSG:32649,600000.0,4890240.0,709800.0,5000040.0,True
/home/ec2-user/ndvi_sqs_work/inner_mongolia/raw/HLS-VI.S30.T49TGH.2018231T031529.v2.0.NDVI.tif,HLS-VI.S30.T49TGH.2018231T031529.v2.0.NDVI.tif,S30,T49TGH,2018-08-19,2018231,031529,EPSG:32649,699960.0,4690200.0,809760.0,4800000.0,True
/home/ec2-user/ndvi_sqs_work/inner_mongolia/raw/HLS-VI.S30.T49TGJ.2018231T031529.v2.0.NDVI.tif,HLS-VI.S30.T49TGJ.2018231T031529.v2.0.NDVI.tif,S30,T49TGJ,2018-08-19,2018231,031529,EPSG:32649,699960.0,4790220.0,809760.0,4900020.0,True
/home/ec2-user/ndvi_sqs_work/inner_mongolia/raw/HLS-VI.S30.T49TGK.2018231T031529.v2.0.NDVI.tif,HLS-VI.S30.T49TGK.2018231T031529.v2.0.NDVI.tif,S30,T49TGK,2018-08-19,2018231,031529,EPSG:32649,699960.0,4890240.0,809760.0,5000040.0,True
/home/ec2-user/ndvi_sqs_work/inner_mongolia/raw/HLS-VI.S30.T49TGL.2018231T031529.v2.0.NDVI.tif,HLS-VI.S30.T49TGL.2018231T031529.v2.0.NDVI.tif,S30,T49TGL,2018-08-19,2018231,031529,EPSG:32649,699960.0,4990200.0,809760.0,5100000.0,True
/home/ec2-user/ndvi_sqs_work/inner_mongolia/raw/HLS-VI.S30.T50TLR.2018231T031529.v2.0.NDVI.tif,HLS-VI.S30.T50TLR.2018231T031529.v2.0.NDVI.tif,S30,T50TLR,2018-08-19,2018231,031529,EPSG:32650,300000.0,4990200.0,409800.0,5100000.0,True
/home/ec2-user/ndvi_sqs_work/inner_mongolia/raw/HLS-VI.S30.T50TMR.2018231T031529.v2.0.NDVI.tif,HLS-VI.S30.T50TMR.2018231T031529.v2.0.NDVI.tif,S30,T50TMR,2018-08-19,2018231,031529,EPSG:32650,399960.0,4990200.0,509760.0,5100000.0,True
/home/ec2-user/ndvi_sqs_work/inner_mongolia/raw/HLS-VI.S30.T50TNS.2018231T031529.v2.0.NDVI.tif,HLS-VI.S30.T50TNS.2018231T031529.v2.0.NDVI.tif,S30,T50TNS,2018-08-19,2018231,031529,EPSG:32650,499980.0,5090220.0,609780.0,5200020.0,True
/home/ec2-user/ndvi_sqs_work/inner_mongolia/raw/HLS-VI.S30.T48TYM.2018232T033531.v2.0.NDVI.tif,HLS-VI.S30.T48TYM.2018232T033531.v2.0.NDVI.tif,S30,T48TYM,2018-08-20,2018232,033531,EPSG:32648,699960.0,4590240.0,809760.0,4700040.0,True
/home/ec2-user/ndvi_sqs_work/inner_mongolia/raw/HLS-VI.S30.T49TBG.2018232T033531.v2.0.NDVI.tif,HLS-VI.S30.T49TBG.2018232T033531.v2.0.NDVI.tif,S30,T49TBG,2018-08-20,2018232,033531,EPSG:32649,199980.0,4590240.0,309780.0,4700040.0,True
/home/ec2-user/ndvi_sqs_work/inner_mongolia/raw/HLS-VI.S30.T49TCG.2018232T033531.v2.0.NDVI.tif,HLS-VI.S30.T49TCG.2018232T033531.v2.0.NDVI.tif,S30,T49TCG,2018-08-20,2018232,033531,EPSG:32649,300000.0,4590240.0,409800.0,4700040.0,True
/home/ec2-user/ndvi_sqs_work/inner_mongolia/raw/HLS-VI.S30.T47TLF.2018234T041551.v2.0.NDVI.tif,HLS-VI.S30.T47TLF.2018234T041551.v2.0.NDVI.tif,S30,T47TLF,2018-08-22,2018234,041551,EPSG:32647,300000.0,4490220.0,409800.0,4600020.0,True
/home/ec2-user/ndvi_sqs_work/inner_mongolia/raw/HLS-VI.S30.T47TLH.2018234T041551.v2.0.NDVI.tif,HLS-VI.S30.T47TLH.2018234T041551.v2.0.NDVI.tif,S30,T47TLH,2018-08-22,2018234,041551,EPSG:32647,300000.0,4690200.0,409800.0,4800000.0,True
/home/ec2-user/ndvi_sqs_work/inner_mongolia/raw/HLS-VI.S30.T47TMG.2018234T041551.v2.0.NDVI.tif,HLS-VI.S30.T47TMG.2018234T041551.v2.0.NDVI.tif,S30,T47TMG,2018-08-22,2018234,041551,EPSG:32647,399960.0,4590240.0,509760.0,4700040.0,True
/home/ec2-user/ndvi_sqs_work/inner_mongolia/raw/HLS-VI.S30.T47TMH.2018234T041551.v2.0.NDVI.tif,HLS-VI.S30.T47TMH.2018234T041551.v2.0.NDVI.tif,S30,T47TMH,2018-08-22,2018234,041551,EPSG:32647,399960.0,4690200.0,509760.0,4800000.0,True
/home/ec2-user/ndvi_sqs_work/inner_mongolia/raw/HLS-VI.S30.T47TNG.2018234T041551.v2.0.NDVI.tif,HLS-VI.S30.T47TNG.2018234T041551.v2.0.NDVI.tif,S30,T47TNG,2018-08-22,2018234,041551,EPSG:32647,499980.0,4590240.0,609780.0,4700040.0,True
/home/ec2-user/ndvi_sqs_work/inner_mongolia/raw/HLS-VI.S30.T51TWM.2018234T023551.v2.0.NDVI.tif,HLS-VI.S30.T51TWM.2018234T023551.v2.0.NDVI.tif,S30,T51TWM,2018-08-22,2018234,023551,EPSG:32651,499980.0,5090220.0,609780.0,5200020.0,True
/home/ec2-user/ndvi_sqs_work/inner_mongolia/raw/HLS-VI.S30.T48SVG.2018235T034531.v2.0.NDVI.tif,HLS-VI.S30.T48SVG.2018235T034531.v2.0.NDVI.tif,S30,T48SVG,2018-08-23,2018235,034531,EPSG:32648,399960.0,4090200.0,509760.0,4200000.0,True
/home/ec2-user/ndvi_sqs_work/inner_mongolia/raw/HLS-VI.S30.T48SVH.2018235T034531.v2.0.NDVI.tif,HLS-VI.S30.T48SVH.2018235T034531.v2.0.NDVI.tif,S30,T48SVH,2018-08-23,2018235,034531,EPSG:32648,399960.0,4190220.0,509760.0,4300020.0,True
/home/ec2-user/ndvi_sqs_work/inner_mongolia/raw/HLS-VI.S30.T48SWG.2018235T034531.v2.0.NDVI.tif,HLS-VI.S30.T48SWG.2018235T034531.v2.0.NDVI.tif,S30,T48SWG,2018-08-23,2018235,034531,EPSG:32648,499980.0,4090200.0,609780.0,4200000.0,True
/home/ec2-user/ndvi_sqs_work/inner_mongolia/raw/HLS-VI.S30.T48TXN.2018235T034531.v2.0.NDVI.tif,HLS-VI.S30.T48TXN.2018235T034531.v2.0.NDVI.tif,S30,T48TXN,2018-08-23,2018235,034531,EPSG:32648,600000.0,4690200.0,709800.0,4800000.0,True
/home/ec2-user/ndvi_sqs_work/inner_mongolia/raw/HLS-VI.S30.T49TEH.2018236T031541.v2.0.NDVI.tif,HLS-VI.S30.T49TEH.2018236T031541.v2.0.NDVI.tif,S30,T49TEH,2018-08-24,2018236,031541,EPSG:32649,499980.0,4690200.0,609780.0,4800000.0,True
/home/ec2-user/ndvi_sqs_work/inner_mongolia/raw/HLS-VI.S30.T47TLF.2018237T042701.v2.0.NDVI.tif,HLS-VI.S30.T47TLF.2018237T042701.v2.0.NDVI.tif,S30,T47TLF,2018-08-25,2018237,042701,EPSG:32647,300000.0,4490220.0,409800.0,4600020.0,True
/home/ec2-user/ndvi_sqs_work/inner_mongolia/raw/HLS-VI.S30.T47TLF.2018239T041539.v2.0.NDVI.tif,HLS-VI.S30.T47TLF.2018239T041539.v2.0.NDVI.tif,S30,T47TLF,2018-08-27,2018239,041539,EPSG:32647,300000.0,4490220.0,409800.0,4600020.0,True
/home/ec2-user/ndvi_sqs_work/inner_mongolia/raw/HLS-VI.S30.T47TME.2018239T041539.v2.0.NDVI.tif,HLS-VI.S30.T47TME.2018239T041539.v2.0.NDVI.tif,S30,T47TME,2018-08-27,2018239,041539,EPSG:32647,399960.0,4390200.0,509760.0,4500000.0,True
/home/ec2-user/ndvi_sqs_work/inner_mongolia/raw/HLS-VI.S30.T47TMF.2018239T041539.v2.0.NDVI.tif,HLS-VI.S30.T47TMF.2018239T041539.v2.0.NDVI.tif,S30,T47TMF,2018-08-27,2018239,041539,EPSG:32647,399960.0,4490220.0,509760.0,4600020.0,True
/home/ec2-user/ndvi_sqs_work/inner_mongolia/raw/HLS-VI.S30.T47TMG.2018239T041539.v2.0.NDVI.tif,HLS-VI.S30.T47TMG.2018239T041539.v2.0.NDVI.tif,S30,T47TMG,2018-08-27,2018239,041539,EPSG:32647,399960.0,4590240.0,509760.0,4700040.0,True
/home/ec2-user/ndvi_sqs_work/inner_mongolia/raw/HLS-VI.S30.T47TMH.2018239T041539.v2.0.NDVI.tif,HLS-VI.S30.T47TMH.2018239T041539.v2.0.NDVI.tif,S30,T47TMH,2018-08-27,2018239,041539,EPSG:32647,399960.0,4690200.0,509760.0,4800000.0,True
/home/ec2-user/ndvi_sqs_work/inner_mongolia/raw/HLS-VI.S30.T47TNG.2018239T041539.v2.0.NDVI.tif,HLS-VI.S30.T47TNG.2018239T041539.v2.0.NDVI.tif,S30,T47TNG,2018-08-27,2018239,041539,EPSG:32647,499980.0,4590240.0,609780.0,4700040.0,True
/home/ec2-user/ndvi_sqs_work/inner_mongolia/raw/HLS-VI.S30.T47TPG.2018239T041539.v2.0.NDVI.tif,HLS-VI.S30.T47TPG.2018239T041539.v2.0.NDVI.tif,S30,T47TPG,2018-08-27,2018239,041539,EPSG:32647,600000.0,4590240.0,709800.0,4700040.0,True
/home/ec2-user/ndvi_sqs_work/inner_mongolia/raw/HLS-VI.S30.T48TVL.2018240T034529.v2.0.NDVI.tif,HLS-VI.S30.T48TVL.2018240T034529.v2.0.NDVI.tif,S30,T48TVL,2018-08-28,2018240,034529,EPSG:32648,399960.0,4490220.0,509760.0,4600020.0,True
/home/ec2-user/ndvi_sqs_work/inner_mongolia/raw/HLS-VI.S30.T48TXK.2018240T034529.v2.0.NDVI.tif,HLS-VI.S30.T48TXK.2018240T034529.v2.0.NDVI.tif,S30,T48TXK,2018-08-28,2018240,034529,EPSG:32648,600000.0,4390200.0,709800.0,4500000.0,True
/home/ec2-user/ndvi_sqs_work/inner_mongolia/raw/HLS-VI.S30.T47TMG.2018242T042659.v2.0.NDVI.tif,HLS-VI.S30.T47TMG.2018242T042659.v2.0.NDVI.tif,S30,T47TMG,2018-08-30,2018242,042659,EPSG:32647,399960.0,4590240.0,509760.0,4700040.0,True
/home/ec2-user/ndvi_sqs_work/inner_mongolia/raw/HLS-VI.S30.T48TVL.2018245T034531.v2.0.NDVI.tif,HLS-VI.S30.T48TVL.2018245T034531.v2.0.NDVI.tif,S30,T48TVL,2018-09-02,2018245,034531,EPSG:32648,399960.0,4490220.0,509760.0,4600020.0,True
/home/ec2-user/ndvi_sqs_work/inner_mongolia/raw/HLS-VI.S30.T48TVM.2018245T034531.v2.0.NDVI.tif,HLS-VI.S30.T48TVM.2018245T034531.v2.0.NDVI.tif,S30,T48TVM,2018-09-02,2018245,034531,EPSG:32648,399960.0,4590240.0,509760.0,4700040.0,True
/home/ec2-user/ndvi_sqs_work/inner_mongolia/raw/HLS-VI.S30.T48TWL.2018245T034531.v2.0.NDVI.tif,HLS-VI.S30.T48TWL.2018245T034531.v2.0.NDVI.tif,S30,T48TWL,2018-09-02,2018245,034531,EPSG:32648,499980.0,4490220.0,609780.0,4600020.0,True
/home/ec2-user/ndvi_sqs_work/inner_mongolia/raw/HLS-VI.S30.T48TWM.2018245T034531.v2.0.NDVI.tif,HLS-VI.S30.T48TWM.2018245T034531.v2.0.NDVI.tif,S30,T48TWM,2018-09-02,2018245,034531,EPSG:32648,499980.0,4590240.0,609780.0,4700040.0,True
/home/ec2-user/ndvi_sqs_work/inner_mongolia/raw/HLS-VI.S30.T48TXL.2018245T034531.v2.0.NDVI.tif,HLS-VI.S30.T48TXL.2018245T034531.v2.0.NDVI.tif,S30,T48TXL,2018-09-02,2018245,034531,EPSG:32648,600000.0,4490220.0,709800.0,4600020.0,True
/home/ec2-user/ndvi_sqs_work/inner_mongolia/raw/HLS-VI.S30.T48TXM.2018245T034531.v2.0.NDVI.tif,HLS-VI.S30.T48TXM.2018245T034531.v2.0.NDVI.tif,S30,T48TXM,2018-09-02,2018245,034531,EPSG:32648,600000.0,4590240.0,709800.0,4700040.0,True
/home/ec2-user/ndvi_sqs_work/inner_mongolia/raw/HLS-VI.S30.T48TXN.2018245T034531.v2.0.NDVI.tif,HLS-VI.S30.T48TXN.2018245T034531.v2.0.NDVI.tif,S30,T48TXN,2018-09-02,2018245,034531,EPSG:32648,600000.0,4690200.0,709800.0,4800000.0,True
/home/ec2-user/ndvi_sqs_work/inner_mongolia/raw/HLS-VI.S30.T48TYN.2018245T034531.v2.0.NDVI.tif,HLS-VI.S30.T48TYN.2018245T034531.v2.0.NDVI.tif,S30,T48TYN,2018-09-02,2018245,034531,EPSG:32648,699960.0,4690200.0,809760.0,4800000.0,True
/home/ec2-user/ndvi_sqs_work/inner_mongolia/raw/HLS-VI.S30.T50TPL.2018247T024541.v2.0.NDVI.tif,HLS-VI.S30.T50TPL.2018247T024541.v2.0.NDVI.tif,S30,T50TPL,2018-09-04,2018247,024541,EPSG:32650,600000.0,4490220.0,709800.0,4600020.0,True
/home/ec2-user/ndvi_sqs_work/inner_mongolia/raw/HLS-VI.S30.T50TPM.2018247T024541.v2.0.NDVI.tif,HLS-VI.S30.T50TPM.2018247T024541.v2.0.NDVI.tif,S30,T50TPM,2018-09-04,2018247,024541,EPSG:32650,600000.0,4590240.0,709800.0,4700040.0,True
/home/ec2-user/ndvi_sqs_work/inner_mongolia/raw/HLS-VI.S30.T50TQL.2018247T024541.v2.0.NDVI.tif,HLS-VI.S30.T50TQL.2018247T024541.v2.0.NDVI.tif,S30,T50TQL,2018-09-04,2018247,024541,EPSG:32650,699960.0,4490220.0,809760.0,4600020.0,True
/home/ec2-user/ndvi_sqs_work/inner_mongolia/raw/HLS-VI.S30.T50TQM.2018247T024541.v2.0.NDVI.tif,HLS-VI.S30.T50TQM.2018247T024541.v2.0.NDVI.tif,S30,T50TQM,2018-09-04,2018247,024541,EPSG:32650,699960.0,4590240.0,809760.0,4700040.0,True
/home/ec2-user/ndvi_sqs_work/inner_mongolia/raw/HLS-VI.S30.T50TQN.2018247T024541.v2.0.NDVI.tif,HLS-VI.S30.T50TQN.2018247T024541.v2.0.NDVI.tif,S30,T50TQN,2018-09-04,2018247,024541,EPSG:32650,699960.0,4690200.0,809760.0,4800000.0,True
/home/ec2-user/ndvi_sqs_work/inner_mongolia/raw/HLS-VI.S30.T51TTG.2018247T024541.v2.0.NDVI.tif,HLS-VI.S30.T51TTG.2018247T024541.v2.0.NDVI.tif,S30,T51TTG,2018-09-04,2018247,024541,EPSG:32651,199980.0,4590240.0,309780.0,4700040.0,True
/home/ec2-user/ndvi_sqs_work/inner_mongolia/raw/HLS-VI.S30.T47TQH.2018248T035531.v2.0.NDVI.tif,HLS-VI.S30.T47TQH.2018248T035531.v2.0.NDVI.tif,S30,T47TQH,2018-09-05,2018248,035531,EPSG:32647,699960.0,4690200.0,809760.0,4800000.0,True
/home/ec2-user/ndvi_sqs_work/inner_mongolia/raw/HLS-VI.S30.T48TUM.2018248T035531.v2.0.NDVI.tif,HLS-VI.S30.T48TUM.2018248T035531.v2.0.NDVI.tif,S30,T48TUM,2018-09-05,2018248,035531,EPSG:32648,300000.0,4590240.0,409800.0,4700040.0,True
/home/ec2-user/ndvi_sqs_work/inner_mongolia/raw/HLS-VI.S30.T48TVM.2018248T035531.v2.0.NDVI.tif,HLS-VI.S30.T48TVM.2018248T035531.v2.0.NDVI.tif,S30,T48TVM,2018-09-05,2018248,035531,EPSG:32648,399960.0,4590240.0,509760.0,4700040.0,True
/home/ec2-user/ndvi_sqs_work/inner_mongolia/raw/HLS-VI.S30.T50TMM.2018248T030539.v2.0.NDVI.tif,HLS-VI.S30.T50TMM.2018248T030539.v2.0.NDVI.tif,S30,T50TMM,2018-09-05,2018248,030539,EPSG:32650,399960.0,4590240.0,509760.0,4700040.0,True
/home/ec2-user/ndvi_sqs_work/inner_mongolia/raw/HLS-VI.S30.T50TMN.2018248T030539.v2.0.NDVI.tif,HLS-VI.S30.T50TMN.2018248T030539.v2.0.NDVI.tif,S30,T50TMN,2018-09-05,2018248,030539,EPSG:32650,399960.0,4690200.0,509760.0,4800000.0,True
/home/ec2-user/ndvi_sqs_work/inner_mongolia/raw/HLS-VI.S30.T50TNM.2018248T030539.v2.0.NDVI.tif,HLS-VI.S30.T50TNM.2018248T030539.v2.0.NDVI.tif,S30,T50TNM,2018-09-05,2018248,030539,EPSG:32650,499980.0,4590240.0,609780.0,4700040.0,True
/home/ec2-user/ndvi_sqs_work/inner_mongolia/raw/HLS-VI.S30.T50TNN.2018248T030539.v2.0.NDVI.tif,HLS-VI.S30.T50TNN.2018248T030539.v2.0.NDVI.tif,S30,T50TNN,2018-09-05,2018248,030539,EPSG:32650,499980.0,4690200.0,609780.0,4800000.0,True
/home/ec2-user/ndvi_sqs_work/inner_mongolia/raw/HLS-VI.S30.T50TPN.2018248T030539.v2.0.NDVI.tif,HLS-VI.S30.T50TPN.2018248T030539.v2.0.NDVI.tif,S30,T50TPN,2018-09-05,2018248,030539,EPSG:32650,600000.0,4690200.0,709800.0,4800000.0,True
/home/ec2-user/ndvi_sqs_work/inner_mongolia/raw/HLS-VI.S30.T50TPP.2018248T030539.v2.0.NDVI.tif,HLS-VI.S30.T50TPP.2018248T030539.v2.0.NDVI.tif,S30,T50TPP,2018-09-05,2018248,030539,EPSG:32650,600000.0,4790220.0,709800.0,4900020.0,True
/home/ec2-user/ndvi_sqs_work/inner_mongolia/raw/HLS-VI.S30.T47TLF.2018249T041659.v2.0.NDVI.tif,HLS-VI.S30.T47TLF.2018249T041659.v2.0.NDVI.tif,S30,T47TLF,2018-09-06,2018249,041659,EPSG:32647,300000.0,4490220.0,409800.0,4600020.0,True
/home/ec2-user/ndvi_sqs_work/inner_mongolia/raw/HLS-VI.S30.T47TLG.2018249T041659.v2.0.NDVI.tif,HLS-VI.S30.T47TLG.2018249T041659.v2.0.NDVI.tif,S30,T47TLG,2018-09-06,2018249,041659,EPSG:32647,300000.0,4590240.0,409800.0,4700040.0,True
/home/ec2-user/ndvi_sqs_work/inner_mongolia/raw/HLS-VI.S30.T47TLH.2018249T041659.v2.0.NDVI.tif,HLS-VI.S30.T47TLH.2018249T041659.v2.0.NDVI.tif,S30,T47TLH,2018-09-06,2018249,041659,EPSG:32647,300000.0,4690200.0,409800.0,4800000.0,True
/home/ec2-user/ndvi_sqs_work/inner_mongolia/raw/HLS-VI.S30.T47TMF.2018249T041659.v2.0.NDVI.tif,HLS-VI.S30.T47TMF.2018249T041659.v2.0.NDVI.tif,S30,T47TMF,2018-09-06,2018249,041659,EPSG:32647,399960.0,4490220.0,509760.0,4600020.0,True
/home/ec2-user/ndvi_sqs_work/inner_mongolia/raw/HLS-VI.S30.T47TMG.2018249T041659.v2.0.NDVI.tif,HLS-VI.S30.T47TMG.2018249T041659.v2.0.NDVI.tif,S30,T47TMG,2018-09-06,2018249,041659,EPSG:32647,399960.0,4590240.0,509760.0,4700040.0,True
/home/ec2-user/ndvi_sqs_work/inner_mongolia/raw/HLS-VI.S30.T47TNF.2018249T041659.v2.0.NDVI.tif,HLS-VI.S30.T47TNF.2018249T041659.v2.0.NDVI.tif,S30,T47TNF,2018-09-06,2018249,041659,EPSG:32647,499980.0,4490220.0,609780.0,4600020.0,True
/home/ec2-user/ndvi_sqs_work/inner_mongolia/raw/HLS-VI.S30.T47TNG.2018249T041659.v2.0.NDVI.tif,HLS-VI.S30.T47TNG.2018249T041659.v2.0.NDVI.tif,S30,T47TNG,2018-09-06,2018249,041659,EPSG:32647,499980.0,4590240.0,609780.0,4700040.0,True
/home/ec2-user/ndvi_sqs_work/inner_mongolia/raw/HLS-VI.S30.T48SYG.2018249T032531.v2.0.NDVI.tif,HLS-VI.S30.T48SYG.2018249T032531.v2.0.NDVI.tif,S30,T48SYG,2018-09-06,2018249,032531,EPSG:32648,699960.0,4090200.0,809760.0,4200000.0,True
/home/ec2-user/ndvi_sqs_work/inner_mongolia/raw/HLS-VI.S30.T48SYH.2018249T032531.v2.0.NDVI.tif,HLS-VI.S30.T48SYH.2018249T032531.v2.0.NDVI.tif,S30,T48SYH,2018-09-06,2018249,032531,EPSG:32648,699960.0,4190220.0,809760.0,4300020.0,True
/home/ec2-user/ndvi_sqs_work/inner_mongolia/raw/HLS-VI.S30.T49SBB.2018249T032531.v2.0.NDVI.tif,HLS-VI.S30.T49SBB.2018249T032531.v2.0.NDVI.tif,S30,T49SBB,2018-09-06,2018249,032531,EPSG:32649,199980.0,4090200.0,309780.0,4200000.0,True
/home/ec2-user/ndvi_sqs_work/inner_mongolia/raw/HLS-VI.S30.T49SBC.2018249T032531.v2.0.NDVI.tif,HLS-VI.S30.T49SBC.2018249T032531.v2.0.NDVI.tif,S30,T49SBC,2018-09-06,2018249,032531,EPSG:32649,199980.0,4190220.0,309780.0,4300020.0,True
/home/ec2-user/ndvi_sqs_work/inner_mongolia/raw/HLS-VI.S30.T49SCB.2018249T032531.v2.0.NDVI.tif,HLS-VI.S30.T49SCB.2018249T032531.v2.0.NDVI.tif,S30,T49SCB,2018-09-06,2018249,032531,EPSG:32649,300000.0,4090200.0,409800.0,4200000.0,True
/home/ec2-user/ndvi_sqs_work/inner_mongolia/raw/HLS-VI.S30.T49SCC.2018249T032531.v2.0.NDVI.tif,HLS-VI.S30.T49SCC.2018249T032531.v2.0.NDVI.tif,S30,T49SCC,2018-09-06,2018249,032531,EPSG:32649,300000.0,4190220.0,409800.0,4300020.0,True
/home/ec2-user/ndvi_sqs_work/inner_mongolia/raw/HLS-VI.S30.T48SVG.2018250T034529.v2.0.NDVI.tif,HLS-VI.S30.T48SVG.2018250T034529.v2.0.NDVI.tif,S30,T48SVG,2018-09-07,2018250,034529,EPSG:32648,399960.0,4090200.0,509760.0,4200000.0,True
/home/ec2-user/ndvi_sqs_work/inner_mongolia/raw/HLS-VI.S30.T48SWG.2018250T034529.v2.0.NDVI.tif,HLS-VI.S30.T48SWG.2018250T034529.v2.0.NDVI.tif,S30,T48SWG,2018-09-07,2018250,034529,EPSG:32648,499980.0,4090200.0,609780.0,4200000.0,True
/home/ec2-user/ndvi_sqs_work/inner_mongolia/raw/HLS-VI.S30.T48TUK.2018250T034529.v2.0.NDVI.tif,HLS-VI.S30.T48TUK.2018250T034529.v2.0.NDVI.tif,S30,T48TUK,2018-09-07,2018250,034529,EPSG:32648,300000.0,4390200.0,409800.0,4500000.0,True
/home/ec2-user/ndvi_sqs_work/inner_mongolia/raw/HLS-VI.S30.T48TVK.2018250T034529.v2.0.NDVI.tif,HLS-VI.S30.T48TVK.2018250T034529.v2.0.NDVI.tif,S30,T48TVK,2018-09-07,2018250,034529,EPSG:32648,399960.0,4390200.0,509760.0,4500000.0,True
/home/ec2-user/ndvi_sqs_work/inner_mongolia/raw/HLS-VI.S30.T48TWL.2018250T034529.v2.0.NDVI.tif,HLS-VI.S30.T48TWL.2018250T034529.v2.0.NDVI.tif,S30,T48TWL,2018-09-07,2018250,034529,EPSG:32648,499980.0,4490220.0,609780.0,4600020.0,True
/home/ec2-user/ndvi_sqs_work/inner_mongolia/raw/HLS-VI.S30.T48TXM.2018250T034529.v2.0.NDVI.tif,HLS-VI.S30.T48TXM.2018250T034529.v2.0.NDVI.tif,S30,T48TXM,2018-09-07,2018250,034529,EPSG:32648,600000.0,4590240.0,709800.0,4700040.0,True
/home/ec2-user/ndvi_sqs_work/inner_mongolia/raw/HLS-VI.S30.T48TXN.2018250T034529.v2.0.NDVI.tif,HLS-VI.S30.T48TXN.2018250T034529.v2.0.NDVI.tif,S30,T48TXN,2018-09-07,2018250,034529,EPSG:32648,600000.0,4690200.0,709800.0,4800000.0,True
/home/ec2-user/ndvi_sqs_work/inner_mongolia/raw/HLS-VI.S30.T48TYM.2018250T034529.v2.0.NDVI.tif,HLS-VI.S30.T48TYM.2018250T034529.v2.0.NDVI.tif,S30,T48TYM,2018-09-07,2018250,034529,EPSG:32648,699960.0,4590240.0,809760.0,4700040.0,True
/home/ec2-user/ndvi_sqs_work/inner_mongolia/raw/HLS-VI.S30.T48TYN.2018250T034529.v2.0.NDVI.tif,HLS-VI.S30.T48TYN.2018250T034529.v2.0.NDVI.tif,S30,T48TYN,2018-09-07,2018250,034529,EPSG:32648,699960.0,4690200.0,809760.0,4800000.0,True
/home/ec2-user/ndvi_sqs_work/inner_mongolia/raw/HLS-VI.S30.T49TBF.2018250T034529.v2.0.NDVI.tif,HLS-VI.S30.T49TBF.2018250T034529.v2.0.NDVI.tif,S30,T49TBF,2018-09-07,2018250,034529,EPSG:32649,199980.0,4490220.0,309780.0,4600020.0,True
/home/ec2-user/ndvi_sqs_work/inner_mongolia/raw/HLS-VI.S30.T49TBG.2018250T034529.v2.0.NDVI.tif,HLS-VI.S30.T49TBG.2018250T034529.v2.0.NDVI.tif,S30,T49TBG,2018-09-07,2018250,034529,EPSG:32649,199980.0,4590240.0,309780.0,4700040.0,True
/home/ec2-user/ndvi_sqs_work/inner_mongolia/raw/HLS-VI.S30.T47TNH.2018251T040541.v2.0.NDVI.tif,HLS-VI.S30.T47TNH.2018251T040541.v2.0.NDVI.tif,S30,T47TNH,2018-09-08,2018251,040541,EPSG:32647,499980.0,4690200.0,609780.0,4800000.0,True
/home/ec2-user/ndvi_sqs_work/inner_mongolia/raw/HLS-VI.S30.T47TQH.2018251T040541.v2.0.NDVI.tif,HLS-VI.S30.T47TQH.2018251T040541.v2.0.NDVI.tif,S30,T47TQH,2018-09-08,2018251,040541,EPSG:32647,699960.0,4690200.0,809760.0,4800000.0,True
/home/ec2-user/ndvi_sqs_work/inner_mongolia/raw/HLS-VI.S30.T49TEG.2018251T031529.v2.0.NDVI.tif,HLS-VI.S30.T49TEG.2018251T031529.v2.0.NDVI.tif,S30,T49TEG,2018-09-08,2018251,031529,EPSG:32649,499980.0,4590240.0,609780.0,4700040.0,True
/home/ec2-user/ndvi_sqs_work/inner_mongolia/raw/HLS-VI.S30.T49TEH.2018251T031529.v2.0.NDVI.tif,HLS-VI.S30.T49TEH.2018251T031529.v2.0.NDVI.tif,S30,T49TEH,2018-09-08,2018251,031529,EPSG:32649,499980.0,4690200.0,609780.0,4800000.0,True
/home/ec2-user/ndvi_sqs_work/inner_mongolia/raw/HLS-VI.S30.T49TFG.2018251T031529.v2.0.NDVI.tif,HLS-VI.S30.T49TFG.2018251T031529.v2.0.NDVI.tif,S30,T49TFG,2018-09-08,2018251,031529,EPSG:32649,600000.0,4590240.0,709800.0,4700040.0,True
/home/ec2-user/ndvi_sqs_work/inner_mongolia/raw/HLS-VI.S30.T49TFH.2018251T031529.v2.0.NDVI.tif,HLS-VI.S30.T49TFH.2018251T031529.v2.0.NDVI.tif,S30,T49TFH,2018-09-08,2018251,031529,EPSG:32649,600000.0,4690200.0,709800.0,4800000.0,True
/home/ec2-user/ndvi_sqs_work/inner_mongolia/raw/HLS-VI.S30.T47TLG.2018252T042659.v2.0.NDVI.tif,HLS-VI.S30.T47TLG.2018252T042659.v2.0.NDVI.tif,S30,T47TLG,2018-09-09,2018252,042659,EPSG:32647,300000.0,4590240.0,409800.0,4700040.0,True
/home/ec2-user/ndvi_sqs_work/inner_mongolia/raw/HLS-VI.S30.T47TLH.2018252T042659.v2.0.NDVI.tif,HLS-VI.S30.T47TLH.2018252T042659.v2.0.NDVI.tif,S30,T47TLH,2018-09-09,2018252,042659,EPSG:32647,300000.0,4690200.0,409800.0,4800000.0,True
/home/ec2-user/ndvi_sqs_work/inner_mongolia/raw/HLS-VI.S30.T47TMG.2018252T042659.v2.0.NDVI.tif,HLS-VI.S30.T47TMG.2018252T042659.v2.0.NDVI.tif,S30,T47TMG,2018-09-09,2018252,042659,EPSG:32647,399960.0,4590240.0,509760.0,4700040.0,True
/home/ec2-user/ndvi_sqs_work/inner_mongolia/raw/HLS-VI.S30.T47TMH.2018252T042659.v2.0.NDVI.tif,HLS-VI.S30.T47TMH.2018252T042659.v2.0.NDVI.tif,S30,T47TMH,2018-09-09,2018252,042659,EPSG:32647,399960.0,4690200.0,509760.0,4800000.0,True
/home/ec2-user/ndvi_sqs_work/inner_mongolia/raw/HLS-VI.S30.T48TXM.2018252T033531.v2.0.NDVI.tif,HLS-VI.S30.T48TXM.2018252T033531.v2.0.NDVI.tif,S30,T48TXM,2018-09-09,2018252,033531,EPSG:32648,600000.0,4590240.0,709800.0,4700040.0,True
/home/ec2-user/ndvi_sqs_work/inner_mongolia/raw/HLS-VI.S30.T48TXN.2018252T033531.v2.0.NDVI.tif,HLS-VI.S30.T48TXN.2018252T033531.v2.0.NDVI.tif,S30,T48TXN,2018-09-09,2018252,033531,EPSG:32648,600000.0,4690200.0,709800.0,4800000.0,True
/home/ec2-user/ndvi_sqs_work/inner_mongolia/raw/HLS-VI.S30.T48TYM.2018252T033531.v2.0.NDVI.tif,HLS-VI.S30.T48TYM.2018252T033531.v2.0.NDVI.tif,S30,T48TYM,2018-09-09,2018252,033531,EPSG:32648,699960.0,4590240.0,809760.0,4700040.0,True
/home/ec2-user/ndvi_sqs_work/inner_mongolia/raw/HLS-VI.S30.T49TBG.2018252T033531.v2.0.NDVI.tif,HLS-VI.S30.T49TBG.2018252T033531.v2.0.NDVI.tif,S30,T49TBG,2018-09-09,2018252,033531,EPSG:32649,199980.0,4590240.0,309780.0,4700040.0,True
/home/ec2-user/ndvi_sqs_work/inner_mongolia/raw/HLS-VI.S30.T51TUM.2018252T024539.v2.0.NDVI.tif,HLS-VI.S30.T51TUM.2018252T024539.v2.0.NDVI.tif,S30,T51TUM,2018-09-09,2018252,024539,EPSG:32651,300000.0,5090220.0,409800.0,5200020.0,True
/home/ec2-user/ndvi_sqs_work/inner_mongolia/raw/HLS-VI.S30.T51TWH.2018252T024539.v2.0.NDVI.tif,HLS-VI.S30.T51TWH.2018252T024539.v2.0.NDVI.tif,S30,T51TWH,2018-09-09,2018252,024539,EPSG:32651,499980.0,4690200.0,609780.0,4800000.0,True
/home/ec2-user/ndvi_sqs_work/inner_mongolia/raw/HLS-VI.S30.T51TWJ.2018252T024539.v2.0.NDVI.tif,HLS-VI.S30.T51TWJ.2018252T024539.v2.0.NDVI.tif,S30,T51TWJ,2018-09-09,2018252,024539,EPSG:32651,499980.0,4790220.0,609780.0,4900020.0,True
/home/ec2-user/ndvi_sqs_work/inner_mongolia/raw/HLS-VI.S30.T51TWM.2018252T024539.v2.0.NDVI.tif,HLS-VI.S30.T51TWM.2018252T024539.v2.0.NDVI.tif,S30,T51TWM,2018-09-09,2018252,024539,EPSG:32651,499980.0,5090220.0,609780.0,5200020.0,True
/home/ec2-user/ndvi_sqs_work/inner_mongolia/raw/HLS-VI.S30.T51UVQ.2018252T024539.v2.0.NDVI.tif,HLS-VI.S30.T51UVQ.2018252T024539.v2.0.NDVI.tif,S30,T51UVQ,2018-09-09,2018252,024539,EPSG:32651,399960.0,5390220.0,509760.0,5500020.0,True
/home/ec2-user/ndvi_sqs_work/inner_mongolia/raw/HLS-VI.S30.T51UVR.2018252T024539.v2.0.NDVI.tif,HLS-VI.S30.T51UVR.2018252T024539.v2.0.NDVI.tif,S30,T51UVR,2018-09-09,2018252,024539,EPSG:32651,399960.0,5490240.0,509760.0,5600040.0,True
/home/ec2-user/ndvi_sqs_work/inner_mongolia/raw/HLS-VI.S30.T51UVS.2018252T024539.v2.0.NDVI.tif,HLS-VI.S30.T51UVS.2018252T024539.v2.0.NDVI.tif,S30,T51UVS,2018-09-09,2018252,024539,EPSG:32651,399960.0,5590200.0,509760.0,5700000.0,True
/home/ec2-user/ndvi_sqs_work/inner_mongolia/raw/HLS-VI.S30.T51UWP.2018252T024539.v2.0.NDVI.tif,HLS-VI.S30.T51UWP.2018252T024539.v2.0.NDVI.tif,S30,T51UWP,2018-09-09,2018252,024539,EPSG:32651,499980.0,5290200.0,609780.0,5400000.0,True
/home/ec2-user/ndvi_sqs_work/inner_mongolia/raw/HLS-VI.S30.T51UWQ.2018252T024539.v2.0.NDVI.tif,HLS-VI.S30.T51UWQ.2018252T024539.v2.0.NDVI.tif,S30,T51UWQ,2018-09-09,2018252,024539,EPSG:32651,499980.0,5390220.0,609780.0,5500020.0,True
/home/ec2-user/ndvi_sqs_work/inner_mongolia/raw/HLS-VI.S30.T51UWR.2018252T024539.v2.0.NDVI.tif,HLS-VI.S30.T51UWR.2018252T024539.v2.0.NDVI.tif,S30,T51UWR,2018-09-09,2018252,024539,EPSG:32651,499980.0,5490240.0,609780.0,5600040.0,True
/home/ec2-user/ndvi_sqs_work/inner_mongolia/raw/HLS-VI.S30.T51UWS.2018252T024539.v2.0.NDVI.tif,HLS-VI.S30.T51UWS.2018252T024539.v2.0.NDVI.tif,S30,T51UWS,2018-09-09,2018252,024539,EPSG:32651,499980.0,5590200.0,609780.0,5700000.0,True
/home/ec2-user/ndvi_sqs_work/inner_mongolia/raw/HLS-VI.S30.T51UWT.2018252T024539.v2.0.NDVI.tif,HLS-VI.S30.T51UWT.2018252T024539.v2.0.NDVI.tif,S30,T51UWT,2018-09-09,2018252,024539,EPSG:32651,499980.0,5690220.0,609780.0,5800020.0,True
/home/ec2-user/ndvi_sqs_work/inner_mongolia/raw/HLS-VI.S30.T51UXP.2018252T024539.v2.0.NDVI.tif,HLS-VI.S30.T51UXP.2018252T024539.v2.0.NDVI.tif,S30,T51UXP,2018-09-09,2018252,024539,EPSG:32651,600000.0,5290200.0,709800.0,5400000.0,True
/home/ec2-user/ndvi_sqs_work/inner_mongolia/raw/HLS-VI.S30.T51UXQ.2018252T024539.v2.0.NDVI.tif,HLS-VI.S30.T51UXQ.2018252T024539.v2.0.NDVI.tif,S30,T51UXQ,2018-09-09,2018252,024539,EPSG:32651,600000.0,5390220.0,709800.0,5500020.0,True
/home/ec2-user/ndvi_sqs_work/inner_mongolia/raw/HLS-VI.S30.T51UXR.2018252T024539.v2.0.NDVI.tif,HLS-VI.S30.T51UXR.2018252T024539.v2.0.NDVI.tif,S30,T51UXR,2018-09-09,2018252,024539,EPSG:32651,600000.0,5490240.0,709800.0,5600040.0,True
/home/ec2-user/ndvi_sqs_work/inner_mongolia/raw/HLS-VI.S30.T51UXS.2018252T024539.v2.0.NDVI.tif,HLS-VI.S30.T51UXS.2018252T024539.v2.0.NDVI.tif,S30,T51UXS,2018-09-09,2018252,024539,EPSG:32651,600000.0,5590200.0,709800.0,5700000.0,True
/home/ec2-user/ndvi_sqs_work/inner_mongolia/raw/HLS-VI.S30.T47SPD.2018253T035529.v2.0.NDVI.tif,HLS-VI.S30.T47SPD.2018253T035529.v2.0.NDVI.tif,S30,T47SPD,2018-09-10,2018253,035529,EPSG:32647,600000.0,4290240.0,709800.0,4400040.0,True
/home/ec2-user/ndvi_sqs_work/inner_mongolia/raw/HLS-VI.S30.T47TPE.2018253T035529.v2.0.NDVI.tif,HLS-VI.S30.T47TPE.2018253T035529.v2.0.NDVI.tif,S30,T47TPE,2018-09-10,2018253,035529,EPSG:32647,600000.0,4390200.0,709800.0,4500000.0,True
/home/ec2-user/ndvi_sqs_work/inner_mongolia/raw/HLS-VI.S30.T48SUH.2018253T035529.v2.0.NDVI.tif,HLS-VI.S30.T48SUH.2018253T035529.v2.0.NDVI.tif,S30,T48SUH,2018-09-10,2018253,035529,EPSG:32648,300000.0,4190220.0,409800.0,4300020.0,True
/home/ec2-user/ndvi_sqs_work/inner_mongolia/raw/HLS-VI.S30.T48SUJ.2018253T035529.v2.0.NDVI.tif,HLS-VI.S30.T48SUJ.2018253T035529.v2.0.NDVI.tif,S30,T48SUJ,2018-09-10,2018253,035529,EPSG:32648,300000.0,4290240.0,409800.0,4400040.0,True
/home/ec2-user/ndvi_sqs_work/inner_mongolia/raw/HLS-VI.S30.T48SVG.2018253T035529.v2.0.NDVI.tif,HLS-VI.S30.T48SVG.2018253T035529.v2.0.NDVI.tif,S30,T48SVG,2018-09-10,2018253,035529,EPSG:32648,399960.0,4090200.0,509760.0,4200000.0,True
/home/ec2-user/ndvi_sqs_work/inner_mongolia/raw/HLS-VI.S30.T48SVH.2018253T035529.v2.0.NDVI.tif,HLS-VI.S30.T48SVH.2018253T035529.v2.0.NDVI.tif,S30,T48SVH,2018-09-10,2018253,035529,EPSG:32648,399960.0,4190220.0,509760.0,4300020.0,True
/home/ec2-user/ndvi_sqs_work/inner_mongolia/raw/HLS-VI.S30.T48SVJ.2018253T035529.v2.0.NDVI.tif,HLS-VI.S30.T48SVJ.2018253T035529.v2.0.NDVI.tif,S30,T48SVJ,2018-09-10,2018253,035529,EPSG:32648,399960.0,4290240.0,509760.0,4400040.0,True
/home/ec2-user/ndvi_sqs_work/inner_mongolia/raw/HLS-VI.S30.T48TVK.2018253T035529.v2.0.NDVI.tif,HLS-VI.S30.T48TVK.2018253T035529.v2.0.NDVI.tif,S30,T48TVK,2018-09-10,2018253,035529,EPSG:32648,399960.0,4390200.0,509760.0,4500000.0,True
/home/ec2-user/ndvi_sqs_work/inner_mongolia/raw/HLS-VI.S30.T48TWL.2018253T035529.v2.0.NDVI.tif,HLS-VI.S30.T48TWL.2018253T035529.v2.0.NDVI.tif,S30,T48TWL,2018-09-10,2018253,035529,EPSG:32648,499980.0,4490220.0,609780.0,4600020.0,True
/home/ec2-user/ndvi_sqs_work/inner_mongolia/raw/HLS-VI.S30.T50TLR.2018253T030541.v2.0.NDVI.tif,HLS-VI.S30.T50TLR.2018253T030541.v2.0.NDVI.tif,S30,T50TLR,2018-09-10,2018253,030541,EPSG:32650,300000.0,4990200.0,409800.0,5100000.0,True
/home/ec2-user/ndvi_sqs_work/inner_mongolia/raw/HLS-VI.S30.T50TMT.2018253T030541.v2.0.NDVI.tif,HLS-VI.S30.T50TMT.2018253T030541.v2.0.NDVI.tif,S30,T50TMT,2018-09-10,2018253,030541,EPSG:32650,399960.0,5190240.0,509760.0,5300040.0,True
/home/ec2-user/ndvi_sqs_work/inner_mongolia/raw/HLS-VI.S30.T50TNQ.2018253T030541.v2.0.NDVI.tif,HLS-VI.S30.T50TNQ.2018253T030541.v2.0.NDVI.tif,S30,T50TNQ,2018-09-10,2018253,030541,EPSG:32650,499980.0,4890240.0,609780.0,5000040.0,True
/home/ec2-user/ndvi_sqs_work/inner_mongolia/raw/HLS-VI.S30.T50TPS.2018253T030541.v2.0.NDVI.tif,HLS-VI.S30.T50TPS.2018253T030541.v2.0.NDVI.tif,S30,T50TPS,2018-09-10,2018253,030541,EPSG:32650,600000.0,5090220.0,709800.0,5200020.0,True
/home/ec2-user/ndvi_sqs_work/inner_mongolia/raw/HLS-VI.S30.T50TPT.2018253T030541.v2.0.NDVI.tif,HLS-VI.S30.T50TPT.2018253T030541.v2.0.NDVI.tif,S30,T50TPT,2018-09-10,2018253,030541,EPSG:32650,600000.0,5190240.0,709800.0,5300040.0,True
/home/ec2-user/ndvi_sqs_work/inner_mongolia/raw/HLS-VI.S30.T50UNA.2018253T030541.v2.0.NDVI.tif,HLS-VI.S30.T50UNA.2018253T030541.v2.0.NDVI.tif,S30,T50UNA,2018-09-10,2018253,030541,EPSG:32650,499980.0,5490240.0,609780.0,5600040.0,True
/home/ec2-user/ndvi_sqs_work/inner_mongolia/raw/HLS-VI.S30.T51UVV.2018253T030541.v2.0.NDVI.tif,HLS-VI.S30.T51UVV.2018253T030541.v2.0.NDVI.tif,S30,T51UVV,2018-09-10,2018253,030541,EPSG:32651,399960.0,5890200.0,509760.0,6000000.0,True
/home/ec2-user/ndvi_sqs_work/inner_mongolia/raw/HLS-VI.S30.T47TNF.2018254T041551.v2.0.NDVI.tif,HLS-VI.S30.T47TNF.2018254T041551.v2.0.NDVI.tif,S30,T47TNF,2018-09-11,2018254,041551,EPSG:32647,499980.0,4490220.0,609780.0,4600020.0,True
/home/ec2-user/ndvi_sqs_work/inner_mongolia/raw/HLS-VI.S30.T51UWP.2018254T023551.v2.0.NDVI.tif,HLS-VI.S30.T51UWP.2018254T023551.v2.0.NDVI.tif,S30,T51UWP,2018-09-11,2018254,023551,EPSG:32651,499980.0,5290200.0,609780.0,5400000.0,True
/home/ec2-user/ndvi_sqs_work/inner_mongolia/raw/HLS-VI.S30.T51UWQ.2018254T023551.v2.0.NDVI.tif,HLS-VI.S30.T51UWQ.2018254T023551.v2.0.NDVI.tif,S30,T51UWQ,2018-09-11,2018254,023551,EPSG:32651,499980.0,5390220.0,609780.0,5500020.0,True
/home/ec2-user/ndvi_sqs_work/inner_mongolia/raw/HLS-VI.S30.T51UXP.2018254T023551.v2.0.NDVI.tif,HLS-VI.S30.T51UXP.2018254T023551.v2.0.NDVI.tif,S30,T51UXP,2018-09-11,2018254,023551,EPSG:32651,600000.0,5290200.0,709800.0,5400000.0,True
/home/ec2-user/ndvi_sqs_work/inner_mongolia/raw/HLS-VI.S30.T51UXQ.2018254T023551.v2.0.NDVI.tif,HLS-VI.S30.T51UXQ.2018254T023551.v2.0.NDVI.tif,S30,T51UXQ,2018-09-11,2018254,023551,EPSG:32651,600000.0,5390220.0,709800.0,5500020.0,True
/home/ec2-user/ndvi_sqs_work/inner_mongolia/raw/HLS-VI.S30.T48TUK.2018255T034531.v2.0.NDVI.tif,HLS-VI.S30.T48TUK.2018255T034531.v2.0.NDVI.tif,S30,T48TUK,2018-09-12,2018255,034531,EPSG:32648,300000.0,4390200.0,409800.0,4500000.0,True
/home/ec2-user/ndvi_sqs_work/inner_mongolia/raw/HLS-VI.S30.T48TVK.2018255T034531.v2.0.NDVI.tif,HLS-VI.S30.T48TVK.2018255T034531.v2.0.NDVI.tif,S30,T48TVK,2018-09-12,2018255,034531,EPSG:32648,399960.0,4390200.0,509760.0,4500000.0,True
/home/ec2-user/ndvi_sqs_work/inner_mongolia/raw/HLS-VI.S30.T48TVL.2018255T034531.v2.0.NDVI.tif,HLS-VI.S30.T48TVL.2018255T034531.v2.0.NDVI.tif,S30,T48TVL,2018-09-12,2018255,034531,EPSG:32648,399960.0,4490220.0,509760.0,4600020.0,True
/home/ec2-user/ndvi_sqs_work/inner_mongolia/raw/HLS-VI.S30.T48TVM.2018255T034531.v2.0.NDVI.tif,HLS-VI.S30.T48TVM.2018255T034531.v2.0.NDVI.tif,S30,T48TVM,2018-09-12,2018255,034531,EPSG:32648,399960.0,4590240.0,509760.0,4700040.0,True
/home/ec2-user/ndvi_sqs_work/inner_mongolia/raw/HLS-VI.S30.T48TWM.2018255T034531.v2.0.NDVI.tif,HLS-VI.S30.T48TWM.2018255T034531.v2.0.NDVI.tif,S30,T48TWM,2018-09-12,2018255,034531,EPSG:32648,499980.0,4590240.0,609780.0,4700040.0,True
/home/ec2-user/ndvi_sqs_work/inner_mongolia/raw/HLS-VI.S30.T48TXN.2018255T034531.v2.0.NDVI.tif,HLS-VI.S30.T48TXN.2018255T034531.v2.0.NDVI.tif,S30,T48TXN,2018-09-12,2018255,034531,EPSG:32648,600000.0,4690200.0,709800.0,4800000.0,True
/home/ec2-user/ndvi_sqs_work/inner_mongolia/raw/HLS-VI.S30.T48TYN.2018255T034531.v2.0.NDVI.tif,HLS-VI.S30.T48TYN.2018255T034531.v2.0.NDVI.tif,S30,T48TYN,2018-09-12,2018255,034531,EPSG:32648,699960.0,4690200.0,809760.0,4800000.0,True
/home/ec2-user/ndvi_sqs_work/inner_mongolia/raw/HLS-VI.S30.T50TLN.2018256T031541.v2.0.NDVI.tif,HLS-VI.S30.T50TLN.2018256T031541.v2.0.NDVI.tif,S30,T50TLN,2018-09-13,2018256,031541,EPSG:32650,300000.0,4690200.0,409800.0,4800000.0,True
/home/ec2-user/ndvi_sqs_work/inner_mongolia/raw/HLS-VI.S30.T50TLP.2018256T031541.v2.0.NDVI.tif,HLS-VI.S30.T50TLP.2018256T031541.v2.0.NDVI.tif,S30,T50TLP,2018-09-13,2018256,031541,EPSG:32650,300000.0,4790220.0,409800.0,4900020.0,True
/home/ec2-user/ndvi_sqs_work/inner_mongolia/raw/HLS-VI.S30.T50TLT.2018256T031541.v2.0.NDVI.tif,HLS-VI.S30.T50TLT.2018256T031541.v2.0.NDVI.tif,S30,T50TLT,2018-09-13,2018256,031541,EPSG:32650,300000.0,5190240.0,409800.0,5300040.0,True
/home/ec2-user/ndvi_sqs_work/inner_mongolia/raw/HLS-VI.S30.T50TMS.2018256T031541.v2.0.NDVI.tif,HLS-VI.S30.T50TMS.2018256T031541.v2.0.NDVI.tif,S30,T50TMS,2018-09-13,2018256,031541,EPSG:32650,399960.0,5090220.0,509760.0,5200020.0,True
/home/ec2-user/ndvi_sqs_work/inner_mongolia/raw/HLS-VI.S30.T50TMT.2018256T031541.v2.0.NDVI.tif,HLS-VI.S30.T50TMT.2018256T031541.v2.0.NDVI.tif,S30,T50TMT,2018-09-13,2018256,031541,EPSG:32650,399960.0,5190240.0,509760.0,5300040.0,True
/home/ec2-user/ndvi_sqs_work/inner_mongolia/raw/HLS-VI.S30.T50UMU.2018256T031541.v2.0.NDVI.tif,HLS-VI.S30.T50UMU.2018256T031541.v2.0.NDVI.tif,S30,T50UMU,2018-09-13,2018256,031541,EPSG:32650,399960.0,5290200.0,509760.0,5400000.0,True
/home/ec2-user/ndvi_sqs_work/inner_mongolia/raw/HLS-VI.S30.T47TLG.2018257T042701.v2.0.NDVI.tif,HLS-VI.S30.T47TLG.2018257T042701.v2.0.NDVI.tif,S30,T47TLG,2018-09-14,2018257,042701,EPSG:32647,300000.0,4590240.0,409800.0,4700040.0,True
/home/ec2-user/ndvi_sqs_work/inner_mongolia/raw/HLS-VI.S30.T47TLH.2018257T042701.v2.0.NDVI.tif,HLS-VI.S30.T47TLH.2018257T042701.v2.0.NDVI.tif,S30,T47TLH,2018-09-14,2018257,042701,EPSG:32647,300000.0,4690200.0,409800.0,4800000.0,True
/home/ec2-user/ndvi_sqs_work/inner_mongolia/raw/HLS-VI.S30.T50TQP.2018257T024541.v2.0.NDVI.tif,HLS-VI.S30.T50TQP.2018257T024541.v2.0.NDVI.tif,S30,T50TQP,2018-09-14,2018257,024541,EPSG:32650,699960.0,4790220.0,809760.0,4900020.0,True
/home/ec2-user/ndvi_sqs_work/inner_mongolia/raw/HLS-VI.S30.T50TLQ.2018258T030539.v2.0.NDVI.tif,HLS-VI.S30.T50TLQ.2018258T030539.v2.0.NDVI.tif,S30,T50TLQ,2018-09-15,2018258,030539,EPSG:32650,300000.0,4890240.0,409800.0,5000040.0,True
/home/ec2-user/ndvi_sqs_work/inner_mongolia/raw/HLS-VI.S30.T50TLR.2018258T030539.v2.0.NDVI.tif,HLS-VI.S30.T50TLR.2018258T030539.v2.0.NDVI.tif,S30,T50TLR,2018-09-15,2018258,030539,EPSG:32650,300000.0,4990200.0,409800.0,5100000.0,True
/home/ec2-user/ndvi_sqs_work/inner_mongolia/raw/HLS-VI.S30.T50TMP.2018258T030539.v2.0.NDVI.tif,HLS-VI.S30.T50TMP.2018258T030539.v2.0.NDVI.tif,S30,T50TMP,2018-09-15,2018258,030539,EPSG:32650,399960.0,4790220.0,509760.0,4900020.0,True
/home/ec2-user/ndvi_sqs_work/inner_mongolia/raw/HLS-VI.S30.T50TMQ.2018258T030539.v2.0.NDVI.tif,HLS-VI.S30.T50TMQ.2018258T030539.v2.0.NDVI.tif,S30,T50TMQ,2018-09-15,2018258,030539,EPSG:32650,399960.0,4890240.0,509760.0,5000040.0,True
/home/ec2-user/ndvi_sqs_work/inner_mongolia/raw/HLS-VI.S30.T50TMR.2018258T030539.v2.0.NDVI.tif,HLS-VI.S30.T50TMR.2018258T030539.v2.0.NDVI.tif,S30,T50TMR,2018-09-15,2018258,030539,EPSG:32650,399960.0,4990200.0,509760.0,5100000.0,True
/home/ec2-user/ndvi_sqs_work/inner_mongolia/raw/HLS-VI.S30.T50TMS.2018258T030539.v2.0.NDVI.tif,HLS-VI.S30.T50TMS.2018258T030539.v2.0.NDVI.tif,S30,T50TMS,2018-09-15,2018258,030539,EPSG:32650,399960.0,5090220.0,509760.0,5200020.0,True
/home/ec2-user/ndvi_sqs_work/inner_mongolia/raw/HLS-VI.S30.T50TMT.2018258T030539.v2.0.NDVI.tif,HLS-VI.S30.T50TMT.2018258T030539.v2.0.NDVI.tif,S30,T50TMT,2018-09-15,2018258,030539,EPSG:32650,399960.0,5190240.0,509760.0,5300040.0,True
/home/ec2-user/ndvi_sqs_work/inner_mongolia/raw/HLS-VI.S30.T50TNN.2018258T030539.v2.0.NDVI.tif,HLS-VI.S30.T50TNN.2018258T030539.v2.0.NDVI.tif,S30,T50TNN,2018-09-15,2018258,030539,EPSG:32650,499980.0,4690200.0,609780.0,4800000.0,True
/home/ec2-user/ndvi_sqs_work/inner_mongolia/raw/HLS-VI.S30.T50TNQ.2018258T030539.v2.0.NDVI.tif,HLS-VI.S30.T50TNQ.2018258T030539.v2.0.NDVI.tif,S30,T50TNQ,2018-09-15,2018258,030539,EPSG:32650,499980.0,4890240.0,609780.0,5000040.0,True
/home/ec2-user/ndvi_sqs_work/inner_mongolia/raw/HLS-VI.S30.T50TNR.2018258T030539.v2.0.NDVI.tif,HLS-VI.S30.T50TNR.2018258T030539.v2.0.NDVI.tif,S30,T50TNR,2018-09-15,2018258,030539,EPSG:32650,499980.0,4990200.0,609780.0,5100000.0,True
/home/ec2-user/ndvi_sqs_work/inner_mongolia/raw/HLS-VI.S30.T50TNS.2018258T030539.v2.0.NDVI.tif,HLS-VI.S30.T50TNS.2018258T030539.v2.0.NDVI.tif,S30,T50TNS,2018-09-15,2018258,030539,EPSG:32650,499980.0,5090220.0,609780.0,5200020.0,True
/home/ec2-user/ndvi_sqs_work/inner_mongolia/raw/HLS-VI.S30.T50TNT.2018258T030539.v2.0.NDVI.tif,HLS-VI.S30.T50TNT.2018258T030539.v2.0.NDVI.tif,S30,T50TNT,2018-09-15,2018258,030539,EPSG:32650,499980.0,5190240.0,609780.0,5300040.0,True
/home/ec2-user/ndvi_sqs_work/inner_mongolia/raw/HLS-VI.S30.T50TPN.2018258T030539.v2.0.NDVI.tif,HLS-VI.S30.T50TPN.2018258T030539.v2.0.NDVI.tif,S30,T50TPN,2018-09-15,2018258,030539,EPSG:32650,600000.0,4690200.0,709800.0,4800000.0,True
/home/ec2-user/ndvi_sqs_work/inner_mongolia/raw/HLS-VI.S30.T50TPR.2018258T030539.v2.0.NDVI.tif,HLS-VI.S30.T50TPR.2018258T030539.v2.0.NDVI.tif,S30,T50TPR,2018-09-15,2018258,030539,EPSG:32650,600000.0,4990200.0,709800.0,5100000.0,True
/home/ec2-user/ndvi_sqs_work/inner_mongolia/raw/HLS-VI.S30.T50TPS.2018258T030539.v2.0.NDVI.tif,HLS-VI.S30.T50TPS.2018258T030539.v2.0.NDVI.tif,S30,T50TPS,2018-09-15,2018258,030539,EPSG:32650,600000.0,5090220.0,709800.0,5200020.0,True
/home/ec2-user/ndvi_sqs_work/inner_mongolia/raw/HLS-VI.S30.T50TPT.2018258T030539.v2.0.NDVI.tif,HLS-VI.S30.T50TPT.2018258T030539.v2.0.NDVI.tif,S30,T50TPT,2018-09-15,2018258,030539,EPSG:32650,600000.0,5190240.0,709800.0,5300040.0,True
/home/ec2-user/ndvi_sqs_work/inner_mongolia/raw/HLS-VI.S30.T50TQS.2018258T030539.v2.0.NDVI.tif,HLS-VI.S30.T50TQS.2018258T030539.v2.0.NDVI.tif,S30,T50TQS,2018-09-15,2018258,030539,EPSG:32650,699960.0,5090220.0,809760.0,5200020.0,True
/home/ec2-user/ndvi_sqs_work/inner_mongolia/raw/HLS-VI.S30.T50TQT.2018258T030539.v2.0.NDVI.tif,HLS-VI.S30.T50TQT.2018258T030539.v2.0.NDVI.tif,S30,T50TQT,2018-09-15,2018258,030539,EPSG:32650,699960.0,5190240.0,809760.0,5300040.0,True
/home/ec2-user/ndvi_sqs_work/inner_mongolia/raw/HLS-VI.S30.T50UMU.2018258T030539.v2.0.NDVI.tif,HLS-VI.S30.T50UMU.2018258T030539.v2.0.NDVI.tif,S30,T50UMU,2018-09-15,2018258,030539,EPSG:32650,399960.0,5290200.0,509760.0,5400000.0,True
/home/ec2-user/ndvi_sqs_work/inner_mongolia/raw/HLS-VI.S30.T47TNH.2018259T041539.v2.0.NDVI.tif,HLS-VI.S30.T47TNH.2018259T041539.v2.0.NDVI.tif,S30,T47TNH,2018-09-16,2018259,041539,EPSG:32647,499980.0,4690200.0,609780.0,4800000.0,True
/home/ec2-user/ndvi_sqs_work/inner_mongolia/raw/HLS-VI.S30.T51TWJ.2018259T023539.v2.0.NDVI.tif,HLS-VI.S30.T51TWJ.2018259T023539.v2.0.NDVI.tif,S30,T51TWJ,2018-09-16,2018259,023539,EPSG:32651,499980.0,4790220.0,609780.0,4900020.0,True
/home/ec2-user/ndvi_sqs_work/inner_mongolia/raw/HLS-VI.S30.T50TPS.2018260T025541.v2.0.NDVI.tif,HLS-VI.S30.T50TPS.2018260T025541.v2.0.NDVI.tif,S30,T50TPS,2018-09-17,2018260,025541,EPSG:32650,600000.0,5090220.0,709800.0,5200020.0,True
/home/ec2-user/ndvi_sqs_work/inner_mongolia/raw/HLS-VI.S30.T50TQS.2018260T025541.v2.0.NDVI.tif,HLS-VI.S30.T50TQS.2018260T025541.v2.0.NDVI.tif,S30,T50TQS,2018-09-17,2018260,025541,EPSG:32650,699960.0,5090220.0,809760.0,5200020.0,True
/home/ec2-user/ndvi_sqs_work/inner_mongolia/raw/HLS-VI.S30.T50UPA.2018260T025541.v2.0.NDVI.tif,HLS-VI.S30.T50UPA.2018260T025541.v2.0.NDVI.tif,S30,T50UPA,2018-09-17,2018260,025541,EPSG:32650,600000.0,5490240.0,709800.0,5600040.0,True
/home/ec2-user/ndvi_sqs_work/inner_mongolia/raw/HLS-VI.S30.T50UQC.2018260T025541.v2.0.NDVI.tif,HLS-VI.S30.T50UQC.2018260T025541.v2.0.NDVI.tif,S30,T50UQC,2018-09-17,2018260,025541,EPSG:32650,699960.0,5690220.0,809760.0,5800020.0,True
/home/ec2-user/ndvi_sqs_work/inner_mongolia/raw/HLS-VI.S30.T51TUL.2018260T025541.v2.0.NDVI.tif,HLS-VI.S30.T51TUL.2018260T025541.v2.0.NDVI.tif,S30,T51TUL,2018-09-17,2018260,025541,EPSG:32651,300000.0,4990200.0,409800.0,5100000.0,True
/home/ec2-user/ndvi_sqs_work/inner_mongolia/raw/HLS-VI.S30.T51TUM.2018260T025541.v2.0.NDVI.tif,HLS-VI.S30.T51TUM.2018260T025541.v2.0.NDVI.tif,S30,T51TUM,2018-09-17,2018260,025541,EPSG:32651,300000.0,5090220.0,409800.0,5200020.0,True
/home/ec2-user/ndvi_sqs_work/inner_mongolia/raw/HLS-VI.S30.T51TVM.2018260T025541.v2.0.NDVI.tif,HLS-VI.S30.T51TVM.2018260T025541.v2.0.NDVI.tif,S30,T51TVM,2018-09-17,2018260,025541,EPSG:32651,399960.0,5090220.0,509760.0,5200020.0,True
/home/ec2-user/ndvi_sqs_work/inner_mongolia/raw/HLS-VI.S30.T51UUT.2018260T025541.v2.0.NDVI.tif,HLS-VI.S30.T51UUT.2018260T025541.v2.0.NDVI.tif,S30,T51UUT,2018-09-17,2018260,025541,EPSG:32651,300000.0,5690220.0,409800.0,5800020.0,True
/home/ec2-user/ndvi_sqs_work/inner_mongolia/raw/HLS-VI.S30.T49TGL.2018261T031529.v2.0.NDVI.tif,HLS-VI.S30.T49TGL.2018261T031529.v2.0.NDVI.tif,S30,T49TGL,2018-09-18,2018261,031529,EPSG:32649,699960.0,4990200.0,809760.0,5100000.0,True
/home/ec2-user/ndvi_sqs_work/inner_mongolia/raw/HLS-VI.S30.T50TLR.2018261T031529.v2.0.NDVI.tif,HLS-VI.S30.T50TLR.2018261T031529.v2.0.NDVI.tif,S30,T50TLR,2018-09-18,2018261,031529,EPSG:32650,300000.0,4990200.0,409800.0,5100000.0,True
/home/ec2-user/ndvi_sqs_work/inner_mongolia/raw/HLS-VI.S30.T50TMR.2018261T031529.v2.0.NDVI.tif,HLS-VI.S30.T50TMR.2018261T031529.v2.0.NDVI.tif,S30,T50TMR,2018-09-18,2018261,031529,EPSG:32650,399960.0,4990200.0,509760.0,5100000.0,True
/home/ec2-user/ndvi_sqs_work/inner_mongolia/raw/HLS-VI.S30.T50TNR.2018261T031529.v2.0.NDVI.tif,HLS-VI.S30.T50TNR.2018261T031529.v2.0.NDVI.tif,S30,T50TNR,2018-09-18,2018261,031529,EPSG:32650,499980.0,4990200.0,609780.0,5100000.0,True
/home/ec2-user/ndvi_sqs_work/inner_mongolia/raw/HLS-VI.S30.T50UPV.2018261T031529.v2.0.NDVI.tif,HLS-VI.S30.T50UPV.2018261T031529.v2.0.NDVI.tif,S30,T50UPV,2018-09-18,2018261,031529,EPSG:32650,600000.0,5390220.0,709800.0,5500020.0,True
/home/ec2-user/ndvi_sqs_work/inner_mongolia/raw/HLS-VI.S30.T48TXN.2018262T033531.v2.0.NDVI.tif,HLS-VI.S30.T48TXN.2018262T033531.v2.0.NDVI.tif,S30,T48TXN,2018-09-19,2018262,033531,EPSG:32648,600000.0,4690200.0,709800.0,4800000.0,True
/home/ec2-user/ndvi_sqs_work/inner_mongolia/raw/HLS-VI.S30.T49TDH.2018262T033531.v2.0.NDVI.tif,HLS-VI.S30.T49TDH.2018262T033531.v2.0.NDVI.tif,S30,T49TDH,2018-09-19,2018262,033531,EPSG:32649,399960.0,4690200.0,509760.0,4800000.0,True
/home/ec2-user/ndvi_sqs_work/inner_mongolia/raw/HLS-VI.S30.T49TDJ.2018262T033531.v2.0.NDVI.tif,HLS-VI.S30.T49TDJ.2018262T033531.v2.0.NDVI.tif,S30,T49TDJ,2018-09-19,2018262,033531,EPSG:32649,399960.0,4790220.0,509760.0,4900020.0,True
/home/ec2-user/ndvi_sqs_work/inner_mongolia/raw/HLS-VI.S30.T50TQR.2018262T024539.v2.0.NDVI.tif,HLS-VI.S30.T50TQR.2018262T024539.v2.0.NDVI.tif,S30,T50TQR,2018-09-19,2018262,024539,EPSG:32650,699960.0,4990200.0,809760.0,5100000.0,True
/home/ec2-user/ndvi_sqs_work/inner_mongolia/raw/HLS-VI.S30.T51TUL.2018262T024539.v2.0.NDVI.tif,HLS-VI.S30.T51TUL.2018262T024539.v2.0.NDVI.tif,S30,T51TUL,2018-09-19,2018262,024539,EPSG:32651,300000.0,4990200.0,409800.0,5100000.0,True
/home/ec2-user/ndvi_sqs_work/inner_mongolia/raw/HLS-VI.S30.T51TVL.2018262T024539.v2.0.NDVI.tif,HLS-VI.S30.T51TVL.2018262T024539.v2.0.NDVI.tif,S30,T51TVL,2018-09-19,2018262,024539,EPSG:32651,399960.0,4990200.0,509760.0,5100000.0,True
/home/ec2-user/ndvi_sqs_work/inner_mongolia/raw/HLS-VI.S30.T51TWM.2018262T024539.v2.0.NDVI.tif,HLS-VI.S30.T51TWM.2018262T024539.v2.0.NDVI.tif,S30,T51TWM,2018-09-19,2018262,024539,EPSG:32651,499980.0,5090220.0,609780.0,5200020.0,True
/home/ec2-user/ndvi_sqs_work/inner_mongolia/raw/HLS-VI.S30.T51TWN.2018262T024539.v2.0.NDVI.tif,HLS-VI.S30.T51TWN.2018262T024539.v2.0.NDVI.tif,S30,T51TWN,2018-09-19,2018262,024539,EPSG:32651,499980.0,5190240.0,609780.0,5300040.0,True
/home/ec2-user/ndvi_sqs_work/inner_mongolia/raw/HLS-VI.S30.T47SPD.2018263T035529.v2.0.NDVI.tif,HLS-VI.S30.T47SPD.2018263T035529.v2.0.NDVI.tif,S30,T47SPD,2018-09-20,2018263,035529,EPSG:32647,600000.0,4290240.0,709800.0,4400040.0,True
/home/ec2-user/ndvi_sqs_work/inner_mongolia/raw/HLS-VI.S30.T47TPE.2018263T035529.v2.0.NDVI.tif,HLS-VI.S30.T47TPE.2018263T035529.v2.0.NDVI.tif,S30,T47TPE,2018-09-20,2018263,035529,EPSG:32647,600000.0,4390200.0,709800.0,4500000.0,True
/home/ec2-user/ndvi_sqs_work/inner_mongolia/raw/HLS-VI.S30.T47TQE.2018263T035529.v2.0.NDVI.tif,HLS-VI.S30.T47TQE.2018263T035529.v2.0.NDVI.tif,S30,T47TQE,2018-09-20,2018263,035529,EPSG:32647,699960.0,4390200.0,809760.0,4500000.0,True
/home/ec2-user/ndvi_sqs_work/inner_mongolia/raw/HLS-VI.S30.T47TQF.2018263T035529.v2.0.NDVI.tif,HLS-VI.S30.T47TQF.2018263T035529.v2.0.NDVI.tif,S30,T47TQF,2018-09-20,2018263,035529,EPSG:32647,699960.0,4490220.0,809760.0,4600020.0,True
/home/ec2-user/ndvi_sqs_work/inner_mongolia/raw/HLS-VI.S30.T47TQH.2018263T035529.v2.0.NDVI.tif,HLS-VI.S30.T47TQH.2018263T035529.v2.0.NDVI.tif,S30,T47TQH,2018-09-20,2018263,035529,EPSG:32647,699960.0,4690200.0,809760.0,4800000.0,True
/home/ec2-user/ndvi_sqs_work/inner_mongolia/raw/HLS-VI.S30.T48SUH.2018263T035529.v2.0.NDVI.tif,HLS-VI.S30.T48SUH.2018263T035529.v2.0.NDVI.tif,S30,T48SUH,2018-09-20,2018263,035529,EPSG:32648,300000.0,4190220.0,409800.0,4300020.0,True
/home/ec2-user/ndvi_sqs_work/inner_mongolia/raw/HLS-VI.S30.T48SVJ.2018263T035529.v2.0.NDVI.tif,HLS-VI.S30.T48SVJ.2018263T035529.v2.0.NDVI.tif,S30,T48SVJ,2018-09-20,2018263,035529,EPSG:32648,399960.0,4290240.0,509760.0,4400040.0,True
/home/ec2-user/ndvi_sqs_work/inner_mongolia/raw/HLS-VI.S30.T48TTL.2018263T035529.v2.0.NDVI.tif,HLS-VI.S30.T48TTL.2018263T035529.v2.0.NDVI.tif,S30,T48TTL,2018-09-20,2018263,035529,EPSG:32648,199980.0,4490220.0,309780.0,4600020.0,True
/home/ec2-user/ndvi_sqs_work/inner_mongolia/raw/HLS-VI.S30.T48TUK.2018263T035529.v2.0.NDVI.tif,HLS-VI.S30.T48TUK.2018263T035529.v2.0.NDVI.tif,S30,T48TUK,2018-09-20,2018263,035529,EPSG:32648,300000.0,4390200.0,409800.0,4500000.0,True
/home/ec2-user/ndvi_sqs_work/inner_mongolia/raw/HLS-VI.S30.T48TUL.2018263T035529.v2.0.NDVI.tif,HLS-VI.S30.T48TUL.2018263T035529.v2.0.NDVI.tif,S30,T48TUL,2018-09-20,2018263,035529,EPSG:32648,300000.0,4490220.0,409800.0,4600020.0,True
/home/ec2-user/ndvi_sqs_work/inner_mongolia/raw/HLS-VI.S30.T48TUM.2018263T035529.v2.0.NDVI.tif,HLS-VI.S30.T48TUM.2018263T035529.v2.0.NDVI.tif,S30,T48TUM,2018-09-20,2018263,035529,EPSG:32648,300000.0,4590240.0,409800.0,4700040.0,True
/home/ec2-user/ndvi_sqs_work/inner_mongolia/raw/HLS-VI.S30.T48TVK.2018263T035529.v2.0.NDVI.tif,HLS-VI.S30.T48TVK.2018263T035529.v2.0.NDVI.tif,S30,T48TVK,2018-09-20,2018263,035529,EPSG:32648,399960.0,4390200.0,509760.0,4500000.0,True
/home/ec2-user/ndvi_sqs_work/inner_mongolia/raw/HLS-VI.S30.T48TVL.2018263T035529.v2.0.NDVI.tif,HLS-VI.S30.T48TVL.2018263T035529.v2.0.NDVI.tif,S30,T48TVL,2018-09-20,2018263,035529,EPSG:32648,399960.0,4490220.0,509760.0,4600020.0,True
/home/ec2-user/ndvi_sqs_work/inner_mongolia/raw/HLS-VI.S30.T48TWL.2018263T035529.v2.0.NDVI.tif,HLS-VI.S30.T48TWL.2018263T035529.v2.0.NDVI.tif,S30,T48TWL,2018-09-20,2018263,035529,EPSG:32648,499980.0,4490220.0,609780.0,4600020.0,True
/home/ec2-user/ndvi_sqs_work/inner_mongolia/raw/HLS-VI.S30.T48SYH.2018264T032529.v2.0.NDVI.tif,HLS-VI.S30.T48SYH.2018264T032529.v2.0.NDVI.tif,S30,T48SYH,2018-09-21,2018264,032529,EPSG:32648,699960.0,4190220.0,809760.0,4300020.0,True
/home/ec2-user/ndvi_sqs_work/inner_mongolia/raw/HLS-VI.S30.T49SBC.2018264T032529.v2.0.NDVI.tif,HLS-VI.S30.T49SBC.2018264T032529.v2.0.NDVI.tif,S30,T49SBC,2018-09-21,2018264,032529,EPSG:32649,199980.0,4190220.0,309780.0,4300020.0,True
/home/ec2-user/ndvi_sqs_work/inner_mongolia/raw/HLS-VI.S30.T49SBD.2018264T032529.v2.0.NDVI.tif,HLS-VI.S30.T49SBD.2018264T032529.v2.0.NDVI.tif,S30,T49SBD,2018-09-21,2018264,032529,EPSG:32649,199980.0,4290240.0,309780.0,4400040.0,True
/home/ec2-user/ndvi_sqs_work/inner_mongolia/raw/HLS-VI.S30.T49SCC.2018264T032529.v2.0.NDVI.tif,HLS-VI.S30.T49SCC.2018264T032529.v2.0.NDVI.tif,S30,T49SCC,2018-09-21,2018264,032529,EPSG:32649,300000.0,4190220.0,409800.0,4300020.0,True
/home/ec2-user/ndvi_sqs_work/inner_mongolia/raw/HLS-VI.S30.T49SCD.2018264T032529.v2.0.NDVI.tif,HLS-VI.S30.T49SCD.2018264T032529.v2.0.NDVI.tif,S30,T49SCD,2018-09-21,2018264,032529,EPSG:32649,300000.0,4290240.0,409800.0,4400040.0,True
/home/ec2-user/ndvi_sqs_work/inner_mongolia/raw/HLS-VI.S30.T49SDC.2018264T032529.v2.0.NDVI.tif,HLS-VI.S30.T49SDC.2018264T032529.v2.0.NDVI.tif,S30,T49SDC,2018-09-21,2018264,032529,EPSG:32649,399960.0,4190220.0,509760.0,4300020.0,True
/home/ec2-user/ndvi_sqs_work/inner_mongolia/raw/HLS-VI.S30.T49SDD.2018264T032529.v2.0.NDVI.tif,HLS-VI.S30.T49SDD.2018264T032529.v2.0.NDVI.tif,S30,T49SDD,2018-09-21,2018264,032529,EPSG:32649,399960.0,4290240.0,509760.0,4400040.0,True
/home/ec2-user/ndvi_sqs_work/inner_mongolia/raw/HLS-VI.S30.T49SED.2018264T032529.v2.0.NDVI.tif,HLS-VI.S30.T49SED.2018264T032529.v2.0.NDVI.tif,S30,T49SED,2018-09-21,2018264,032529,EPSG:32649,499980.0,4290240.0,609780.0,4400040.0,True
/home/ec2-user/ndvi_sqs_work/inner_mongolia/raw/HLS-VI.S30.T49TCE.2018264T032529.v2.0.NDVI.tif,HLS-VI.S30.T49TCE.2018264T032529.v2.0.NDVI.tif,S30,T49TCE,2018-09-21,2018264,032529,EPSG:32649,300000.0,4390200.0,409800.0,4500000.0,True
/home/ec2-user/ndvi_sqs_work/inner_mongolia/raw/HLS-VI.S30.T49TDE.2018264T032529.v2.0.NDVI.tif,HLS-VI.S30.T49TDE.2018264T032529.v2.0.NDVI.tif,S30,T49TDE,2018-09-21,2018264,032529,EPSG:32649,399960.0,4390200.0,509760.0,4500000.0,True
/home/ec2-user/ndvi_sqs_work/inner_mongolia/raw/HLS-VI.S30.T49TEE.2018264T032529.v2.0.NDVI.tif,HLS-VI.S30.T49TEE.2018264T032529.v2.0.NDVI.tif,S30,T49TEE,2018-09-21,2018264,032529,EPSG:32649,499980.0,4390200.0,609780.0,4500000.0,True
/home/ec2-user/ndvi_sqs_work/inner_mongolia/raw/HLS-VI.S30.T49TFE.2018264T032529.v2.0.NDVI.tif,HLS-VI.S30.T49TFE.2018264T032529.v2.0.NDVI.tif,S30,T49TFE,2018-09-21,2018264,032529,EPSG:32649,600000.0,4390200.0,709800.0,4500000.0,True
/home/ec2-user/ndvi_sqs_work/inner_mongolia/raw/HLS-VI.S30.T48SUG.2018265T034531.v2.0.NDVI.tif,HLS-VI.S30.T48SUG.2018265T034531.v2.0.NDVI.tif,S30,T48SUG,2018-09-22,2018265,034531,EPSG:32648,300000.0,4090200.0,409800.0,4200000.0,True
/home/ec2-user/ndvi_sqs_work/inner_mongolia/raw/HLS-VI.S30.T48SVG.2018265T034531.v2.0.NDVI.tif,HLS-VI.S30.T48SVG.2018265T034531.v2.0.NDVI.tif,S30,T48SVG,2018-09-22,2018265,034531,EPSG:32648,399960.0,4090200.0,509760.0,4200000.0,True
/home/ec2-user/ndvi_sqs_work/inner_mongolia/raw/HLS-VI.S30.T48SWG.2018265T034531.v2.0.NDVI.tif,HLS-VI.S30.T48SWG.2018265T034531.v2.0.NDVI.tif,S30,T48SWG,2018-09-22,2018265,034531,EPSG:32648,499980.0,4090200.0,609780.0,4200000.0,True
/home/ec2-user/ndvi_sqs_work/inner_mongolia/raw/HLS-VI.S30.T48SXJ.2018265T034531.v2.0.NDVI.tif,HLS-VI.S30.T48SXJ.2018265T034531.v2.0.NDVI.tif,S30,T48SXJ,2018-09-22,2018265,034531,EPSG:32648,600000.0,4290240.0,709800.0,4400040.0,True
/home/ec2-user/ndvi_sqs_work/inner_mongolia/raw/HLS-VI.S30.T48TUK.2018265T034531.v2.0.NDVI.tif,HLS-VI.S30.T48TUK.2018265T034531.v2.0.NDVI.tif,S30,T48TUK,2018-09-22,2018265,034531,EPSG:32648,300000.0,4390200.0,409800.0,4500000.0,True
/home/ec2-user/ndvi_sqs_work/inner_mongolia/raw/HLS-VI.S30.T48TVK.2018265T034531.v2.0.NDVI.tif,HLS-VI.S30.T48TVK.2018265T034531.v2.0.NDVI.tif,S30,T48TVK,2018-09-22,2018265,034531,EPSG:32648,399960.0,4390200.0,509760.0,4500000.0,True
/home/ec2-user/ndvi_sqs_work/inner_mongolia/raw/HLS-VI.S30.T48TVL.2018265T034531.v2.0.NDVI.tif,HLS-VI.S30.T48TVL.2018265T034531.v2.0.NDVI.tif,S30,T48TVL,2018-09-22,2018265,034531,EPSG:32648,399960.0,4490220.0,509760.0,4600020.0,True
/home/ec2-user/ndvi_sqs_work/inner_mongolia/raw/HLS-VI.S30.T48TVM.2018265T034531.v2.0.NDVI.tif,HLS-VI.S30.T48TVM.2018265T034531.v2.0.NDVI.tif,S30,T48TVM,2018-09-22,2018265,034531,EPSG:32648,399960.0,4590240.0,509760.0,4700040.0,True
/home/ec2-user/ndvi_sqs_work/inner_mongolia/raw/HLS-VI.S30.T48TWK.2018265T034531.v2.0.NDVI.tif,HLS-VI.S30.T48TWK.2018265T034531.v2.0.NDVI.tif,S30,T48TWK,2018-09-22,2018265,034531,EPSG:32648,499980.0,4390200.0,609780.0,4500000.0,True
/home/ec2-user/ndvi_sqs_work/inner_mongolia/raw/HLS-VI.S30.T48TWL.2018265T034531.v2.0.NDVI.tif,HLS-VI.S30.T48TWL.2018265T034531.v2.0.NDVI.tif,S30,T48TWL,2018-09-22,2018265,034531,EPSG:32648,499980.0,4490220.0,609780.0,4600020.0,True
/home/ec2-user/ndvi_sqs_work/inner_mongolia/raw/HLS-VI.S30.T48TWM.2018265T034531.v2.0.NDVI.tif,HLS-VI.S30.T48TWM.2018265T034531.v2.0.NDVI.tif,S30,T48TWM,2018-09-22,2018265,034531,EPSG:32648,499980.0,4590240.0,609780.0,4700040.0,True
/home/ec2-user/ndvi_sqs_work/inner_mongolia/raw/HLS-VI.S30.T48TXK.2018265T034531.v2.0.NDVI.tif,HLS-VI.S30.T48TXK.2018265T034531.v2.0.NDVI.tif,S30,T48TXK,2018-09-22,2018265,034531,EPSG:32648,600000.0,4390200.0,709800.0,4500000.0,True
/home/ec2-user/ndvi_sqs_work/inner_mongolia/raw/HLS-VI.S30.T48TXL.2018265T034531.v2.0.NDVI.tif,HLS-VI.S30.T48TXL.2018265T034531.v2.0.NDVI.tif,S30,T48TXL,2018-09-22,2018265,034531,EPSG:32648,600000.0,4490220.0,709800.0,4600020.0,True
/home/ec2-user/ndvi_sqs_work/inner_mongolia/raw/HLS-VI.S30.T48TXM.2018265T034531.v2.0.NDVI.tif,HLS-VI.S30.T48TXM.2018265T034531.v2.0.NDVI.tif,S30,T48TXM,2018-09-22,2018265,034531,EPSG:32648,600000.0,4590240.0,709800.0,4700040.0,True
/home/ec2-user/ndvi_sqs_work/inner_mongolia/raw/HLS-VI.S30.T48TXN.2018265T034531.v2.0.NDVI.tif,HLS-VI.S30.T48TXN.2018265T034531.v2.0.NDVI.tif,S30,T48TXN,2018-09-22,2018265,034531,EPSG:32648,600000.0,4690200.0,709800.0,4800000.0,True
/home/ec2-user/ndvi_sqs_work/inner_mongolia/raw/HLS-VI.S30.T48TYM.2018265T034531.v2.0.NDVI.tif,HLS-VI.S30.T48TYM.2018265T034531.v2.0.NDVI.tif,S30,T48TYM,2018-09-22,2018265,034531,EPSG:32648,699960.0,4590240.0,809760.0,4700040.0,True
/home/ec2-user/ndvi_sqs_work/inner_mongolia/raw/HLS-VI.S30.T48TYN.2018265T034531.v2.0.NDVI.tif,HLS-VI.S30.T48TYN.2018265T034531.v2.0.NDVI.tif,S30,T48TYN,2018-09-22,2018265,034531,EPSG:32648,699960.0,4690200.0,809760.0,4800000.0,True
/home/ec2-user/ndvi_sqs_work/inner_mongolia/raw/HLS-VI.S30.T49TBG.2018265T034531.v2.0.NDVI.tif,HLS-VI.S30.T49TBG.2018265T034531.v2.0.NDVI.tif,S30,T49TBG,2018-09-22,2018265,034531,EPSG:32649,199980.0,4590240.0,309780.0,4700040.0,True
/home/ec2-user/ndvi_sqs_work/inner_mongolia/raw/HLS-VI.S30.T47TNH.2018266T040539.v2.0.NDVI.tif,HLS-VI.S30.T47TNH.2018266T040539.v2.0.NDVI.tif,S30,T47TNH,2018-09-23,2018266,040539,EPSG:32647,499980.0,4690200.0,609780.0,4800000.0,True
/home/ec2-user/ndvi_sqs_work/inner_mongolia/raw/HLS-VI.S30.T47TQE.2018266T040539.v2.0.NDVI.tif,HLS-VI.S30.T47TQE.2018266T040539.v2.0.NDVI.tif,S30,T47TQE,2018-09-23,2018266,040539,EPSG:32647,699960.0,4390200.0,809760.0,4500000.0,True
/home/ec2-user/ndvi_sqs_work/inner_mongolia/raw/HLS-VI.S30.T47TQH.2018266T040539.v2.0.NDVI.tif,HLS-VI.S30.T47TQH.2018266T040539.v2.0.NDVI.tif,S30,T47TQH,2018-09-23,2018266,040539,EPSG:32647,699960.0,4690200.0,809760.0,4800000.0,True
/home/ec2-user/ndvi_sqs_work/inner_mongolia/raw/HLS-VI.S30.T48TTK.2018266T040539.v2.0.NDVI.tif,HLS-VI.S30.T48TTK.2018266T040539.v2.0.NDVI.tif,S30,T48TTK,2018-09-23,2018266,040539,EPSG:32648,199980.0,4390200.0,309780.0,4500000.0,True
/home/ec2-user/ndvi_sqs_work/inner_mongolia/raw/HLS-VI.S30.T48TTL.2018266T040539.v2.0.NDVI.tif,HLS-VI.S30.T48TTL.2018266T040539.v2.0.NDVI.tif,S30,T48TTL,2018-09-23,2018266,040539,EPSG:32648,199980.0,4490220.0,309780.0,4600020.0,True
/home/ec2-user/ndvi_sqs_work/inner_mongolia/raw/HLS-VI.S30.T48TUM.2018266T040539.v2.0.NDVI.tif,HLS-VI.S30.T48TUM.2018266T040539.v2.0.NDVI.tif,S30,T48TUM,2018-09-23,2018266,040539,EPSG:32648,300000.0,4590240.0,409800.0,4700040.0,True
/home/ec2-user/ndvi_sqs_work/inner_mongolia/raw/HLS-VI.S30.T47TLH.2018267T042701.v2.0.NDVI.tif,HLS-VI.S30.T47TLH.2018267T042701.v2.0.NDVI.tif,S30,T47TLH,2018-09-24,2018267,042701,EPSG:32647,300000.0,4690200.0,409800.0,4800000.0,True
/home/ec2-user/ndvi_sqs_work/inner_mongolia/raw/HLS-VI.S30.T48TXN.2018267T033529.v2.0.NDVI.tif,HLS-VI.S30.T48TXN.2018267T033529.v2.0.NDVI.tif,S30,T48TXN,2018-09-24,2018267,033529,EPSG:32648,600000.0,4690200.0,709800.0,4800000.0,True
/home/ec2-user/ndvi_sqs_work/inner_mongolia/raw/HLS-VI.S30.T48TYN.2018267T033529.v2.0.NDVI.tif,HLS-VI.S30.T48TYN.2018267T033529.v2.0.NDVI.tif,S30,T48TYN,2018-09-24,2018267,033529,EPSG:32648,699960.0,4690200.0,809760.0,4800000.0,True
/home/ec2-user/ndvi_sqs_work/inner_mongolia/raw/HLS-VI.S30.T48TUL.2018268T035531.v2.0.NDVI.tif,HLS-VI.S30.T48TUL.2018268T035531.v2.0.NDVI.tif,S30,T48TUL,2018-09-25,2018268,035531,EPSG:32648,300000.0,4490220.0,409800.0,4600020.0,True
/home/ec2-user/ndvi_sqs_work/inner_mongolia/raw/HLS-VI.S30.T48TVK.2018268T035531.v2.0.NDVI.tif,HLS-VI.S30.T48TVK.2018268T035531.v2.0.NDVI.tif,S30,T48TVK,2018-09-25,2018268,035531,EPSG:32648,399960.0,4390200.0,509760.0,4500000.0,True
/home/ec2-user/ndvi_sqs_work/inner_mongolia/raw/HLS-VI.S30.T48TVL.2018268T035531.v2.0.NDVI.tif,HLS-VI.S30.T48TVL.2018268T035531.v2.0.NDVI.tif,S30,T48TVL,2018-09-25,2018268,035531,EPSG:32648,399960.0,4490220.0,509760.0,4600020.0,True
/home/ec2-user/ndvi_sqs_work/inner_mongolia/raw/HLS-VI.S30.T48TVM.2018268T035531.v2.0.NDVI.tif,HLS-VI.S30.T48TVM.2018268T035531.v2.0.NDVI.tif,S30,T48TVM,2018-09-25,2018268,035531,EPSG:32648,399960.0,4590240.0,509760.0,4700040.0,True
/home/ec2-user/ndvi_sqs_work/inner_mongolia/raw/HLS-VI.S30.T50TPS.2018268T030539.v2.0.NDVI.tif,HLS-VI.S30.T50TPS.2018268T030539.v2.0.NDVI.tif,S30,T50TPS,2018-09-25,2018268,030539,EPSG:32650,600000.0,5090220.0,709800.0,5200020.0,True
/home/ec2-user/ndvi_sqs_work/inner_mongolia/raw/HLS-VI.S30.T50TQS.2018268T030539.v2.0.NDVI.tif,HLS-VI.S30.T50TQS.2018268T030539.v2.0.NDVI.tif,S30,T50TQS,2018-09-25,2018268,030539,EPSG:32650,699960.0,5090220.0,809760.0,5200020.0,True
/home/ec2-user/ndvi_sqs_work/inner_mongolia/raw/HLS-VI.S30.T50TQT.2018268T030539.v2.0.NDVI.tif,HLS-VI.S30.T50TQT.2018268T030539.v2.0.NDVI.tif,S30,T50TQT,2018-09-25,2018268,030539,EPSG:32650,699960.0,5190240.0,809760.0,5300040.0,True
/home/ec2-user/ndvi_sqs_work/inner_mongolia/raw/HLS-VI.S30.T50UNA.2018268T030539.v2.0.NDVI.tif,HLS-VI.S30.T50UNA.2018268T030539.v2.0.NDVI.tif,S30,T50UNA,2018-09-25,2018268,030539,EPSG:32650,499980.0,5490240.0,609780.0,5600040.0,True
/home/ec2-user/ndvi_sqs_work/inner_mongolia/raw/HLS-VI.S30.T50UPA.2018268T030539.v2.0.NDVI.tif,HLS-VI.S30.T50UPA.2018268T030539.v2.0.NDVI.tif,S30,T50UPA,2018-09-25,2018268,030539,EPSG:32650,600000.0,5490240.0,709800.0,5600040.0,True
/home/ec2-user/ndvi_sqs_work/inner_mongolia/raw/HLS-VI.S30.T50UPB.2018268T030539.v2.0.NDVI.tif,HLS-VI.S30.T50UPB.2018268T030539.v2.0.NDVI.tif,S30,T50UPB,2018-09-25,2018268,030539,EPSG:32650,600000.0,5590200.0,709800.0,5700000.0,True
/home/ec2-user/ndvi_sqs_work/inner_mongolia/raw/HLS-VI.S30.T50UPU.2018268T030539.v2.0.NDVI.tif,HLS-VI.S30.T50UPU.2018268T030539.v2.0.NDVI.tif,S30,T50UPU,2018-09-25,2018268,030539,EPSG:32650,600000.0,5290200.0,709800.0,5400000.0,True
/home/ec2-user/ndvi_sqs_work/inner_mongolia/raw/HLS-VI.S30.T50UPV.2018268T030539.v2.0.NDVI.tif,HLS-VI.S30.T50UPV.2018268T030539.v2.0.NDVI.tif,S30,T50UPV,2018-09-25,2018268,030539,EPSG:32650,600000.0,5390220.0,709800.0,5500020.0,True
/home/ec2-user/ndvi_sqs_work/inner_mongolia/raw/HLS-VI.S30.T50UQB.2018268T030539.v2.0.NDVI.tif,HLS-VI.S30.T50UQB.2018268T030539.v2.0.NDVI.tif,S30,T50UQB,2018-09-25,2018268,030539,EPSG:32650,699960.0,5590200.0,809760.0,5700000.0,True
/home/ec2-user/ndvi_sqs_work/inner_mongolia/raw/HLS-VI.S30.T50UQC.2018268T030539.v2.0.NDVI.tif,HLS-VI.S30.T50UQC.2018268T030539.v2.0.NDVI.tif,S30,T50UQC,2018-09-25,2018268,030539,EPSG:32650,699960.0,5690220.0,809760.0,5800020.0,True
/home/ec2-user/ndvi_sqs_work/inner_mongolia/raw/HLS-VI.S30.T50UQD.2018268T030539.v2.0.NDVI.tif,HLS-VI.S30.T50UQD.2018268T030539.v2.0.NDVI.tif,S30,T50UQD,2018-09-25,2018268,030539,EPSG:32650,699960.0,5790240.0,809760.0,5900040.0,True
/home/ec2-user/ndvi_sqs_work/inner_mongolia/raw/HLS-VI.S30.T50UQE.2018268T030539.v2.0.NDVI.tif,HLS-VI.S30.T50UQE.2018268T030539.v2.0.NDVI.tif,S30,T50UQE,2018-09-25,2018268,030539,EPSG:32650,699960.0,5890200.0,809760.0,6000000.0,True
/home/ec2-user/ndvi_sqs_work/inner_mongolia/raw/HLS-VI.S30.T50UQU.2018268T030539.v2.0.NDVI.tif,HLS-VI.S30.T50UQU.2018268T030539.v2.0.NDVI.tif,S30,T50UQU,2018-09-25,2018268,030539,EPSG:32650,699960.0,5290200.0,809760.0,5400000.0,True
/home/ec2-user/ndvi_sqs_work/inner_mongolia/raw/HLS-VI.S30.T51UUP.2018268T030539.v2.0.NDVI.tif,HLS-VI.S30.T51UUP.2018268T030539.v2.0.NDVI.tif,S30,T51UUP,2018-09-25,2018268,030539,EPSG:32651,300000.0,5290200.0,409800.0,5400000.0,True
/home/ec2-user/ndvi_sqs_work/inner_mongolia/raw/HLS-VI.S30.T51UUQ.2018268T030539.v2.0.NDVI.tif,HLS-VI.S30.T51UUQ.2018268T030539.v2.0.NDVI.tif,S30,T51UUQ,2018-09-25,2018268,030539,EPSG:32651,300000.0,5390220.0,409800.0,5500020.0,True
/home/ec2-user/ndvi_sqs_work/inner_mongolia/raw/HLS-VI.S30.T51UUR.2018268T030539.v2.0.NDVI.tif,HLS-VI.S30.T51UUR.2018268T030539.v2.0.NDVI.tif,S30,T51UUR,2018-09-25,2018268,030539,EPSG:32651,300000.0,5490240.0,409800.0,5600040.0,True
/home/ec2-user/ndvi_sqs_work/inner_mongolia/raw/HLS-VI.S30.T51UUU.2018268T030539.v2.0.NDVI.tif,HLS-VI.S30.T51UUU.2018268T030539.v2.0.NDVI.tif,S30,T51UUU,2018-09-25,2018268,030539,EPSG:32651,300000.0,5790240.0,409800.0,5900040.0,True
/home/ec2-user/ndvi_sqs_work/inner_mongolia/raw/HLS-VI.S30.T51UUV.2018268T030539.v2.0.NDVI.tif,HLS-VI.S30.T51UUV.2018268T030539.v2.0.NDVI.tif,S30,T51UUV,2018-09-25,2018268,030539,EPSG:32651,300000.0,5890200.0,409800.0,6000000.0,True
/home/ec2-user/ndvi_sqs_work/inner_mongolia/raw/HLS-VI.S30.T51UVT.2018268T030539.v2.0.NDVI.tif,HLS-VI.S30.T51UVT.2018268T030539.v2.0.NDVI.tif,S30,T51UVT,2018-09-25,2018268,030539,EPSG:32651,399960.0,5690220.0,509760.0,5800020.0,True
/home/ec2-user/ndvi_sqs_work/inner_mongolia/raw/HLS-VI.S30.T51UVU.2018268T030539.v2.0.NDVI.tif,HLS-VI.S30.T51UVU.2018268T030539.v2.0.NDVI.tif,S30,T51UVU,2018-09-25,2018268,030539,EPSG:32651,399960.0,5790240.0,509760.0,5900040.0,True
/home/ec2-user/ndvi_sqs_work/inner_mongolia/raw/HLS-VI.S30.T51UVV.2018268T030539.v2.0.NDVI.tif,HLS-VI.S30.T51UVV.2018268T030539.v2.0.NDVI.tif,S30,T51UVV,2018-09-25,2018268,030539,EPSG:32651,399960.0,5890200.0,509760.0,6000000.0,True
/home/ec2-user/ndvi_sqs_work/inner_mongolia/raw/HLS-VI.S30.T47TMH.2018269T041539.v2.0.NDVI.tif,HLS-VI.S30.T47TMH.2018269T041539.v2.0.NDVI.tif,S30,T47TMH,2018-09-26,2018269,041539,EPSG:32647,399960.0,4690200.0,509760.0,4800000.0,True
/home/ec2-user/ndvi_sqs_work/inner_mongolia/raw/HLS-VI.S30.T47TNH.2018269T041539.v2.0.NDVI.tif,HLS-VI.S30.T47TNH.2018269T041539.v2.0.NDVI.tif,S30,T47TNH,2018-09-26,2018269,041539,EPSG:32647,499980.0,4690200.0,609780.0,4800000.0,True
/home/ec2-user/ndvi_sqs_work/inner_mongolia/raw/HLS-VI.S30.T51TWM.2018269T023539.v2.0.NDVI.tif,HLS-VI.S30.T51TWM.2018269T023539.v2.0.NDVI.tif,S30,T51TWM,2018-09-26,2018269,023539,EPSG:32651,499980.0,5090220.0,609780.0,5200020.0,True
/home/ec2-user/ndvi_sqs_work/inner_mongolia/raw/HLS-VI.S30.T51TWN.2018269T023539.v2.0.NDVI.tif,HLS-VI.S30.T51TWN.2018269T023539.v2.0.NDVI.tif,S30,T51TWN,2018-09-26,2018269,023539,EPSG:32651,499980.0,5190240.0,609780.0,5300040.0,True
/home/ec2-user/ndvi_sqs_work/inner_mongolia/raw/HLS-VI.S30.T51UWP.2018269T023539.v2.0.NDVI.tif,HLS-VI.S30.T51UWP.2018269T023539.v2.0.NDVI.tif,S30,T51UWP,2018-09-26,2018269,023539,EPSG:32651,499980.0,5290200.0,609780.0,5400000.0,True
/home/ec2-user/ndvi_sqs_work/inner_mongolia/raw/HLS-VI.S30.T51UXP.2018269T023539.v2.0.NDVI.tif,HLS-VI.S30.T51UXP.2018269T023539.v2.0.NDVI.tif,S30,T51UXP,2018-09-26,2018269,023539,EPSG:32651,600000.0,5290200.0,709800.0,5400000.0,True
/home/ec2-user/ndvi_sqs_work/inner_mongolia/raw/HLS-VI.S30.T51UXQ.2018269T023539.v2.0.NDVI.tif,HLS-VI.S30.T51UXQ.2018269T023539.v2.0.NDVI.tif,S30,T51UXQ,2018-09-26,2018269,023539,EPSG:32651,600000.0,5390220.0,709800.0,5500020.0,True
/home/ec2-user/ndvi_sqs_work/inner_mongolia/raw/HLS-VI.S30.T51UXR.2018269T023539.v2.0.NDVI.tif,HLS-VI.S30.T51UXR.2018269T023539.v2.0.NDVI.tif,S30,T51UXR,2018-09-26,2018269,023539,EPSG:32651,600000.0,5490240.0,709800.0,5600040.0,True
/home/ec2-user/ndvi_sqs_work/inner_mongolia/raw/HLS-VI.S30.T51UXS.2018269T023539.v2.0.NDVI.tif,HLS-VI.S30.T51UXS.2018269T023539.v2.0.NDVI.tif,S30,T51UXS,2018-09-26,2018269,023539,EPSG:32651,600000.0,5590200.0,709800.0,5700000.0,True
/home/ec2-user/ndvi_sqs_work/inner_mongolia/raw/HLS-VI.S30.T51UXT.2018269T023539.v2.0.NDVI.tif,HLS-VI.S30.T51UXT.2018269T023539.v2.0.NDVI.tif,S30,T51UXT,2018-09-26,2018269,023539,EPSG:32651,600000.0,5690220.0,709800.0,5800020.0,True
/home/ec2-user/ndvi_sqs_work/inner_mongolia/raw/HLS-VI.S30.T51UYS.2018269T023539.v2.0.NDVI.tif,HLS-VI.S30.T51UYS.2018269T023539.v2.0.NDVI.tif,S30,T51UYS,2018-09-26,2018269,023539,EPSG:32651,699960.0,5590200.0,809760.0,5700000.0,True
/home/ec2-user/ndvi_sqs_work/inner_mongolia/raw/HLS-VI.S30.T48TUK.2018270T034529.v2.0.NDVI.tif,HLS-VI.S30.T48TUK.2018270T034529.v2.0.NDVI.tif,S30,T48TUK,2018-09-27,2018270,034529,EPSG:32648,300000.0,4390200.0,409800.0,4500000.0,True
/home/ec2-user/ndvi_sqs_work/inner_mongolia/raw/HLS-VI.S30.T50UPA.2018270T025641.v2.0.NDVI.tif,HLS-VI.S30.T50UPA.2018270T025641.v2.0.NDVI.tif,S30,T50UPA,2018-09-27,2018270,025641,EPSG:32650,600000.0,5490240.0,709800.0,5600040.0,True
/home/ec2-user/ndvi_sqs_work/inner_mongolia/raw/HLS-VI.S30.T50UQB.2018270T025641.v2.0.NDVI.tif,HLS-VI.S30.T50UQB.2018270T025641.v2.0.NDVI.tif,S30,T50UQB,2018-09-27,2018270,025641,EPSG:32650,699960.0,5590200.0,809760.0,5700000.0,True
/home/ec2-user/ndvi_sqs_work/inner_mongolia/raw/HLS-VI.S30.T50UQD.2018270T025641.v2.0.NDVI.tif,HLS-VI.S30.T50UQD.2018270T025641.v2.0.NDVI.tif,S30,T50UQD,2018-09-27,2018270,025641,EPSG:32650,699960.0,5790240.0,809760.0,5900040.0,True
/home/ec2-user/ndvi_sqs_work/inner_mongolia/raw/HLS-VI.S30.T50UQU.2018270T025641.v2.0.NDVI.tif,HLS-VI.S30.T50UQU.2018270T025641.v2.0.NDVI.tif,S30,T50UQU,2018-09-27,2018270,025641,EPSG:32650,699960.0,5290200.0,809760.0,5400000.0,True
/home/ec2-user/ndvi_sqs_work/inner_mongolia/raw/HLS-VI.S30.T50UQV.2018270T025641.v2.0.NDVI.tif,HLS-VI.S30.T50UQV.2018270T025641.v2.0.NDVI.tif,S30,T50UQV,2018-09-27,2018270,025641,EPSG:32650,699960.0,5390220.0,809760.0,5500020.0,True
/home/ec2-user/ndvi_sqs_work/inner_mongolia/raw/HLS-VI.S30.T51UUT.2018270T025641.v2.0.NDVI.tif,HLS-VI.S30.T51UUT.2018270T025641.v2.0.NDVI.tif,S30,T51UUT,2018-09-27,2018270,025641,EPSG:32651,300000.0,5690220.0,409800.0,5800020.0,True
/home/ec2-user/ndvi_sqs_work/inner_mongolia/raw/HLS-VI.S30.T51UUU.2018270T025641.v2.0.NDVI.tif,HLS-VI.S30.T51UUU.2018270T025641.v2.0.NDVI.tif,S30,T51UUU,2018-09-27,2018270,025641,EPSG:32651,300000.0,5790240.0,409800.0,5900040.0,True
/home/ec2-user/ndvi_sqs_work/inner_mongolia/raw/HLS-VI.S30.T51UWQ.2018270T025641.v2.0.NDVI.tif,HLS-VI.S30.T51UWQ.2018270T025641.v2.0.NDVI.tif,S30,T51UWQ,2018-09-27,2018270,025641,EPSG:32651,499980.0,5390220.0,609780.0,5500020.0,True
/home/ec2-user/ndvi_sqs_work/inner_mongolia/raw/HLS-VI.S30.T51UWR.2018270T025641.v2.0.NDVI.tif,HLS-VI.S30.T51UWR.2018270T025641.v2.0.NDVI.tif,S30,T51UWR,2018-09-27,2018270,025641,EPSG:32651,499980.0,5490240.0,609780.0,5600040.0,True
/home/ec2-user/ndvi_sqs_work/inner_mongolia/raw/HLS-VI.S30.T51UWS.2018270T025641.v2.0.NDVI.tif,HLS-VI.S30.T51UWS.2018270T025641.v2.0.NDVI.tif,S30,T51UWS,2018-09-27,2018270,025641,EPSG:32651,499980.0,5590200.0,609780.0,5700000.0,True
/home/ec2-user/ndvi_sqs_work/inner_mongolia/raw/HLS-VI.S30.T47TMF.2018271T040541.v2.0.NDVI.tif,HLS-VI.S30.T47TMF.2018271T040541.v2.0.NDVI.tif,S30,T47TMF,2018-09-28,2018271,040541,EPSG:32647,399960.0,4490220.0,509760.0,4600020.0,True
/home/ec2-user/ndvi_sqs_work/inner_mongolia/raw/HLS-VI.S30.T47TNF.2018271T040541.v2.0.NDVI.tif,HLS-VI.S30.T47TNF.2018271T040541.v2.0.NDVI.tif,S30,T47TNF,2018-09-28,2018271,040541,EPSG:32647,499980.0,4490220.0,609780.0,4600020.0,True
/home/ec2-user/ndvi_sqs_work/inner_mongolia/raw/HLS-VI.S30.T47TNG.2018271T040541.v2.0.NDVI.tif,HLS-VI.S30.T47TNG.2018271T040541.v2.0.NDVI.tif,S30,T47TNG,2018-09-28,2018271,040541,EPSG:32647,499980.0,4590240.0,609780.0,4700040.0,True
/home/ec2-user/ndvi_sqs_work/inner_mongolia/raw/HLS-VI.S30.T47TNH.2018271T040541.v2.0.NDVI.tif,HLS-VI.S30.T47TNH.2018271T040541.v2.0.NDVI.tif,S30,T47TNH,2018-09-28,2018271,040541,EPSG:32647,499980.0,4690200.0,609780.0,4800000.0,True
/home/ec2-user/ndvi_sqs_work/inner_mongolia/raw/HLS-VI.S30.T47TQE.2018271T040541.v2.0.NDVI.tif,HLS-VI.S30.T47TQE.2018271T040541.v2.0.NDVI.tif,S30,T47TQE,2018-09-28,2018271,040541,EPSG:32647,699960.0,4390200.0,809760.0,4500000.0,True
/home/ec2-user/ndvi_sqs_work/inner_mongolia/raw/HLS-VI.S30.T48TTK.2018271T040541.v2.0.NDVI.tif,HLS-VI.S30.T48TTK.2018271T040541.v2.0.NDVI.tif,S30,T48TTK,2018-09-28,2018271,040541,EPSG:32648,199980.0,4390200.0,309780.0,4500000.0,True
/home/ec2-user/ndvi_sqs_work/inner_mongolia/raw/HLS-VI.S30.T48SWJ.2018272T033531.v2.0.NDVI.tif,HLS-VI.S30.T48SWJ.2018272T033531.v2.0.NDVI.tif,S30,T48SWJ,2018-09-29,2018272,033531,EPSG:32648,499980.0,4290240.0,609780.0,4400040.0,True
/home/ec2-user/ndvi_sqs_work/inner_mongolia/raw/HLS-VI.S30.T48SXH.2018272T033531.v2.0.NDVI.tif,HLS-VI.S30.T48SXH.2018272T033531.v2.0.NDVI.tif,S30,T48SXH,2018-09-29,2018272,033531,EPSG:32648,600000.0,4190220.0,709800.0,4300020.0,True
/home/ec2-user/ndvi_sqs_work/inner_mongolia/raw/HLS-VI.S30.T48SXJ.2018272T033531.v2.0.NDVI.tif,HLS-VI.S30.T48SXJ.2018272T033531.v2.0.NDVI.tif,S30,T48SXJ,2018-09-29,2018272,033531,EPSG:32648,600000.0,4290240.0,709800.0,4400040.0,True
/home/ec2-user/ndvi_sqs_work/inner_mongolia/raw/HLS-VI.S30.T48SYH.2018272T033531.v2.0.NDVI.tif,HLS-VI.S30.T48SYH.2018272T033531.v2.0.NDVI.tif,S30,T48SYH,2018-09-29,2018272,033531,EPSG:32648,699960.0,4190220.0,809760.0,4300020.0,True
/home/ec2-user/ndvi_sqs_work/inner_mongolia/raw/HLS-VI.S30.T49SBB.2018272T033531.v2.0.NDVI.tif,HLS-VI.S30.T49SBB.2018272T033531.v2.0.NDVI.tif,S30,T49SBB,2018-09-29,2018272,033531,EPSG:32649,199980.0,4090200.0,309780.0,4200000.0,True
/home/ec2-user/ndvi_sqs_work/inner_mongolia/raw/HLS-VI.S30.T49SBC.2018272T033531.v2.0.NDVI.tif,HLS-VI.S30.T49SBC.2018272T033531.v2.0.NDVI.tif,S30,T49SBC,2018-09-29,2018272,033531,EPSG:32649,199980.0,4190220.0,309780.0,4300020.0,True
/home/ec2-user/ndvi_sqs_work/inner_mongolia/raw/HLS-VI.S30.T48TVK.2018273T035539.v2.0.NDVI.tif,HLS-VI.S30.T48TVK.2018273T035539.v2.0.NDVI.tif,S30,T48TVK,2018-09-30,2018273,035539,EPSG:32648,399960.0,4390200.0,509760.0,4500000.0,True
/home/ec2-user/ndvi_sqs_work/inner_mongolia/raw/HLS-VI.S30.T48TWL.2018273T035539.v2.0.NDVI.tif,HLS-VI.S30.T48TWL.2018273T035539.v2.0.NDVI.tif,S30,T48TWL,2018-09-30,2018273,035539,EPSG:32648,499980.0,4490220.0,609780.0,4600020.0,True
/home/ec2-user/ndvi_sqs_work/inner_mongolia/raw/HLS-VI.S30.T48TWM.2018273T035539.v2.0.NDVI.tif,HLS-VI.S30.T48TWM.2018273T035539.v2.0.NDVI.tif,S30,T48TWM,2018-09-30,2018273,035539,EPSG:32648,499980.0,4590240.0,609780.0,4700040.0,True
/home/ec2-user/ndvi_sqs_work/inner_mongolia/raw/HLS-VI.S30.T50UQB.2018273T030541.v2.0.NDVI.tif,HLS-VI.S30.T50UQB.2018273T030541.v2.0.NDVI.tif,S30,T50UQB,2018-09-30,2018273,030541,EPSG:32650,699960.0,5590200.0,809760.0,5700000.0,True
/home/ec2-user/ndvi_sqs_work/inner_mongolia/raw/HLS-VI.S30.T50UQC.2018273T030541.v2.0.NDVI.tif,HLS-VI.S30.T50UQC.2018273T030541.v2.0.NDVI.tif,S30,T50UQC,2018-09-30,2018273,030541,EPSG:32650,699960.0,5690220.0,809760.0,5800020.0,True
/home/ec2-user/ndvi_sqs_work/inner_mongolia/raw/HLS-VI.S30.T50UQD.2018273T030541.v2.0.NDVI.tif,HLS-VI.S30.T50UQD.2018273T030541.v2.0.NDVI.tif,S30,T50UQD,2018-09-30,2018273,030541,EPSG:32650,699960.0,5790240.0,809760.0,5900040.0,True
/home/ec2-user/ndvi_sqs_work/inner_mongolia/raw/HLS-VI.S30.T51UUT.2018273T030541.v2.0.NDVI.tif,HLS-VI.S30.T51UUT.2018273T030541.v2.0.NDVI.tif,S30,T51UUT,2018-09-30,2018273,030541,EPSG:32651,300000.0,5690220.0,409800.0,5800020.0,True
/home/ec2-user/ndvi_sqs_work/inner_mongolia/raw/HLS-VI.S30.T51UUU.2018273T030541.v2.0.NDVI.tif,HLS-VI.S30.T51UUU.2018273T030541.v2.0.NDVI.tif,S30,T51UUU,2018-09-30,2018273,030541,EPSG:32651,300000.0,5790240.0,409800.0,5900040.0,True
/home/ec2-user/ndvi_sqs_work/inner_mongolia/raw/HLS-VI.S30.T51UUV.2018273T030541.v2.0.NDVI.tif,HLS-VI.S30.T51UUV.2018273T030541.v2.0.NDVI.tif,S30,T51UUV,2018-09-30,2018273,030541,EPSG:32651,300000.0,5890200.0,409800.0,6000000.0,True
/home/ec2-user/ndvi_sqs_work/inner_mongolia/raw/HLS-VI.S30.T51UVV.2018273T030541.v2.0.NDVI.tif,HLS-VI.S30.T51UVV.2018273T030541.v2.0.NDVI.tif,S30,T51UVV,2018-09-30,2018273,030541,EPSG:32651,399960.0,5890200.0,509760.0,6000000.0,True
/home/ec2-user/ndvi_sqs_work/inner_mongolia/raw/HLS-VI.S30.T47TLF.2018274T041551.v2.0.NDVI.tif,HLS-VI.S30.T47TLF.2018274T041551.v2.0.NDVI.tif,S30,T47TLF,2018-10-01,2018274,041551,EPSG:32647,300000.0,4490220.0,409800.0,4600020.0,True
/home/ec2-user/ndvi_sqs_work/inner_mongolia/raw/HLS-VI.S30.T47TLG.2018274T041551.v2.0.NDVI.tif,HLS-VI.S30.T47TLG.2018274T041551.v2.0.NDVI.tif,S30,T47TLG,2018-10-01,2018274,041551,EPSG:32647,300000.0,4590240.0,409800.0,4700040.0,True
/home/ec2-user/ndvi_sqs_work/inner_mongolia/raw/HLS-VI.S30.T47TLH.2018274T041551.v2.0.NDVI.tif,HLS-VI.S30.T47TLH.2018274T041551.v2.0.NDVI.tif,S30,T47TLH,2018-10-01,2018274,041551,EPSG:32647,300000.0,4690200.0,409800.0,4800000.0,True
/home/ec2-user/ndvi_sqs_work/inner_mongolia/raw/HLS-VI.S30.T47TMF.2018274T041551.v2.0.NDVI.tif,HLS-VI.S30.T47TMF.2018274T041551.v2.0.NDVI.tif,S30,T47TMF,2018-10-01,2018274,041551,EPSG:32647,399960.0,4490220.0,509760.0,4600020.0,True
/home/ec2-user/ndvi_sqs_work/inner_mongolia/raw/HLS-VI.S30.T47TMG.2018274T041551.v2.0.NDVI.tif,HLS-VI.S30.T47TMG.2018274T041551.v2.0.NDVI.tif,S30,T47TMG,2018-10-01,2018274,041551,EPSG:32647,399960.0,4590240.0,509760.0,4700040.0,True
/home/ec2-user/ndvi_sqs_work/inner_mongolia/raw/HLS-VI.S30.T47TMH.2018274T041551.v2.0.NDVI.tif,HLS-VI.S30.T47TMH.2018274T041551.v2.0.NDVI.tif,S30,T47TMH,2018-10-01,2018274,041551,EPSG:32647,399960.0,4690200.0,509760.0,4800000.0,True
/home/ec2-user/ndvi_sqs_work/inner_mongolia/raw/HLS-VI.S30.T47TNF.2018274T041551.v2.0.NDVI.tif,HLS-VI.S30.T47TNF.2018274T041551.v2.0.NDVI.tif,S30,T47TNF,2018-10-01,2018274,041551,EPSG:32647,499980.0,4490220.0,609780.0,4600020.0,True
/home/ec2-user/ndvi_sqs_work/inner_mongolia/raw/HLS-VI.S30.T47TNG.2018274T041551.v2.0.NDVI.tif,HLS-VI.S30.T47TNG.2018274T041551.v2.0.NDVI.tif,S30,T47TNG,2018-10-01,2018274,041551,EPSG:32647,499980.0,4590240.0,609780.0,4700040.0,True
/home/ec2-user/ndvi_sqs_work/inner_mongolia/raw/HLS-VI.S30.T47TNH.2018274T041551.v2.0.NDVI.tif,HLS-VI.S30.T47TNH.2018274T041551.v2.0.NDVI.tif,S30,T47TNH,2018-10-01,2018274,041551,EPSG:32647,499980.0,4690200.0,609780.0,4800000.0,True
/home/ec2-user/ndvi_sqs_work/inner_mongolia/raw/HLS-VI.S30.T48SYG.2018274T032529.v2.0.NDVI.tif,HLS-VI.S30.T48SYG.2018274T032529.v2.0.NDVI.tif,S30,T48SYG,2018-10-01,2018274,032529,EPSG:32648,699960.0,4090200.0,809760.0,4200000.0,True
/home/ec2-user/ndvi_sqs_work/inner_mongolia/raw/HLS-VI.S30.T48SYH.2018274T032529.v2.0.NDVI.tif,HLS-VI.S30.T48SYH.2018274T032529.v2.0.NDVI.tif,S30,T48SYH,2018-10-01,2018274,032529,EPSG:32648,699960.0,4190220.0,809760.0,4300020.0,True
/home/ec2-user/ndvi_sqs_work/inner_mongolia/raw/HLS-VI.S30.T49SBB.2018274T032529.v2.0.NDVI.tif,HLS-VI.S30.T49SBB.2018274T032529.v2.0.NDVI.tif,S30,T49SBB,2018-10-01,2018274,032529,EPSG:32649,199980.0,4090200.0,309780.0,4200000.0,True
/home/ec2-user/ndvi_sqs_work/inner_mongolia/raw/HLS-VI.S30.T49SBC.2018274T032529.v2.0.NDVI.tif,HLS-VI.S30.T49SBC.2018274T032529.v2.0.NDVI.tif,S30,T49SBC,2018-10-01,2018274,032529,EPSG:32649,199980.0,4190220.0,309780.0,4300020.0,True
/home/ec2-user/ndvi_sqs_work/inner_mongolia/raw/HLS-VI.S30.T49SBD.2018274T032529.v2.0.NDVI.tif,HLS-VI.S30.T49SBD.2018274T032529.v2.0.NDVI.tif,S30,T49SBD,2018-10-01,2018274,032529,EPSG:32649,199980.0,4290240.0,309780.0,4400040.0,True
/home/ec2-user/ndvi_sqs_work/inner_mongolia/raw/HLS-VI.S30.T49SCD.2018274T032529.v2.0.NDVI.tif,HLS-VI.S30.T49SCD.2018274T032529.v2.0.NDVI.tif,S30,T49SCD,2018-10-01,2018274,032529,EPSG:32649,300000.0,4290240.0,409800.0,4400040.0,True
/home/ec2-user/ndvi_sqs_work/inner_mongolia/raw/HLS-VI.S30.T49TCE.2018274T032529.v2.0.NDVI.tif,HLS-VI.S30.T49TCE.2018274T032529.v2.0.NDVI.tif,S30,T49TCE,2018-10-01,2018274,032529,EPSG:32649,300000.0,4390200.0,409800.0,4500000.0,True
/home/ec2-user/ndvi_sqs_work/inner_mongolia/raw/HLS-VI.S30.T49TCG.2018274T032529.v2.0.NDVI.tif,HLS-VI.S30.T49TCG.2018274T032529.v2.0.NDVI.tif,S30,T49TCG,2018-10-01,2018274,032529,EPSG:32649,300000.0,4590240.0,409800.0,4700040.0,True
/home/ec2-user/ndvi_sqs_work/inner_mongolia/raw/HLS-VI.S30.T49TCH.2018274T032529.v2.0.NDVI.tif,HLS-VI.S30.T49TCH.2018274T032529.v2.0.NDVI.tif,S30,T49TCH,2018-10-01,2018274,032529,EPSG:32649,300000.0,4690200.0,409800.0,4800000.0,True
/home/ec2-user/ndvi_sqs_work/inner_mongolia/raw/HLS-VI.S30.T49TDH.2018274T032529.v2.0.NDVI.tif,HLS-VI.S30.T49TDH.2018274T032529.v2.0.NDVI.tif,S30,T49TDH,2018-10-01,2018274,032529,EPSG:32649,399960.0,4690200.0,509760.0,4800000.0,True
/home/ec2-user/ndvi_sqs_work/inner_mongolia/raw/HLS-VI.S30.T49TDJ.2018274T032529.v2.0.NDVI.tif,HLS-VI.S30.T49TDJ.2018274T032529.v2.0.NDVI.tif,S30,T49TDJ,2018-10-01,2018274,032529,EPSG:32649,399960.0,4790220.0,509760.0,4900020.0,True
/home/ec2-user/ndvi_sqs_work/inner_mongolia/raw/HLS-VI.S30.T49TEH.2018274T032529.v2.0.NDVI.tif,HLS-VI.S30.T49TEH.2018274T032529.v2.0.NDVI.tif,S30,T49TEH,2018-10-01,2018274,032529,EPSG:32649,499980.0,4690200.0,609780.0,4800000.0,True
/home/ec2-user/ndvi_sqs_work/inner_mongolia/raw/HLS-VI.S30.T49TEJ.2018274T032529.v2.0.NDVI.tif,HLS-VI.S30.T49TEJ.2018274T032529.v2.0.NDVI.tif,S30,T49TEJ,2018-10-01,2018274,032529,EPSG:32649,499980.0,4790220.0,609780.0,4900020.0,True
/home/ec2-user/ndvi_sqs_work/inner_mongolia/raw/HLS-VI.S30.T49TEK.2018274T032529.v2.0.NDVI.tif,HLS-VI.S30.T49TEK.2018274T032529.v2.0.NDVI.tif,S30,T49TEK,2018-10-01,2018274,032529,EPSG:32649,499980.0,4890240.0,609780.0,5000040.0,True
/home/ec2-user/ndvi_sqs_work/inner_mongolia/raw/HLS-VI.S30.T49TEL.2018274T032529.v2.0.NDVI.tif,HLS-VI.S30.T49TEL.2018274T032529.v2.0.NDVI.tif,S30,T49TEL,2018-10-01,2018274,032529,EPSG:32649,499980.0,4990200.0,609780.0,5100000.0,True
/home/ec2-user/ndvi_sqs_work/inner_mongolia/raw/HLS-VI.S30.T49TFH.2018274T032529.v2.0.NDVI.tif,HLS-VI.S30.T49TFH.2018274T032529.v2.0.NDVI.tif,S30,T49TFH,2018-10-01,2018274,032529,EPSG:32649,600000.0,4690200.0,709800.0,4800000.0,True
/home/ec2-user/ndvi_sqs_work/inner_mongolia/raw/HLS-VI.S30.T49TFJ.2018274T032529.v2.0.NDVI.tif,HLS-VI.S30.T49TFJ.2018274T032529.v2.0.NDVI.tif,S30,T49TFJ,2018-10-01,2018274,032529,EPSG:32649,600000.0,4790220.0,709800.0,4900020.0,True
/home/ec2-user/ndvi_sqs_work/inner_mongolia/raw/HLS-VI.S30.T51TVH.2018274T023551.v2.0.NDVI.tif,HLS-VI.S30.T51TVH.2018274T023551.v2.0.NDVI.tif,S30,T51TVH,2018-10-01,2018274,023551,EPSG:32651,399960.0,4690200.0,509760.0,4800000.0,True
/home/ec2-user/ndvi_sqs_work/inner_mongolia/raw/HLS-VI.S30.T51TVJ.2018274T023551.v2.0.NDVI.tif,HLS-VI.S30.T51TVJ.2018274T023551.v2.0.NDVI.tif,S30,T51TVJ,2018-10-01,2018274,023551,EPSG:32651,399960.0,4790220.0,509760.0,4900020.0,True
/home/ec2-user/ndvi_sqs_work/inner_mongolia/raw/HLS-VI.S30.T51TVK.2018274T023551.v2.0.NDVI.tif,HLS-VI.S30.T51TVK.2018274T023551.v2.0.NDVI.tif,S30,T51TVK,2018-10-01,2018274,023551,EPSG:32651,399960.0,4890240.0,509760.0,5000040.0,True
/home/ec2-user/ndvi_sqs_work/inner_mongolia/raw/HLS-VI.S30.T51TWJ.2018274T023551.v2.0.NDVI.tif,HLS-VI.S30.T51TWJ.2018274T023551.v2.0.NDVI.tif,S30,T51TWJ,2018-10-01,2018274,023551,EPSG:32651,499980.0,4790220.0,609780.0,4900020.0,True
/home/ec2-user/ndvi_sqs_work/inner_mongolia/raw/HLS-VI.S30.T51TWM.2018274T023551.v2.0.NDVI.tif,HLS-VI.S30.T51TWM.2018274T023551.v2.0.NDVI.tif,S30,T51TWM,2018-10-01,2018274,023551,EPSG:32651,499980.0,5090220.0,609780.0,5200020.0,True
/home/ec2-user/ndvi_sqs_work/inner_mongolia/raw/HLS-VI.S30.T51TWN.2018274T023551.v2.0.NDVI.tif,HLS-VI.S30.T51TWN.2018274T023551.v2.0.NDVI.tif,S30,T51TWN,2018-10-01,2018274,023551,EPSG:32651,499980.0,5190240.0,609780.0,5300040.0,True
/home/ec2-user/ndvi_sqs_work/inner_mongolia/raw/HLS-VI.S30.T51UWP.2018274T023551.v2.0.NDVI.tif,HLS-VI.S30.T51UWP.2018274T023551.v2.0.NDVI.tif,S30,T51UWP,2018-10-01,2018274,023551,EPSG:32651,499980.0,5290200.0,609780.0,5400000.0,True
/home/ec2-user/ndvi_sqs_work/inner_mongolia/raw/HLS-VI.S30.T51UWQ.2018274T023551.v2.0.NDVI.tif,HLS-VI.S30.T51UWQ.2018274T023551.v2.0.NDVI.tif,S30,T51UWQ,2018-10-01,2018274,023551,EPSG:32651,499980.0,5390220.0,609780.0,5500020.0,True
/home/ec2-user/ndvi_sqs_work/inner_mongolia/raw/HLS-VI.S30.T51UXP.2018274T023551.v2.0.NDVI.tif,HLS-VI.S30.T51UXP.2018274T023551.v2.0.NDVI.tif,S30,T51UXP,2018-10-01,2018274,023551,EPSG:32651,600000.0,5290200.0,709800.0,5400000.0,True
/home/ec2-user/ndvi_sqs_work/inner_mongolia/raw/HLS-VI.S30.T51UXQ.2018274T023551.v2.0.NDVI.tif,HLS-VI.S30.T51UXQ.2018274T023551.v2.0.NDVI.tif,S30,T51UXQ,2018-10-01,2018274,023551,EPSG:32651,600000.0,5390220.0,709800.0,5500020.0,True
/home/ec2-user/ndvi_sqs_work/inner_mongolia/raw/HLS-VI.S30.T51UXR.2018274T023551.v2.0.NDVI.tif,HLS-VI.S30.T51UXR.2018274T023551.v2.0.NDVI.tif,S30,T51UXR,2018-10-01,2018274,023551,EPSG:32651,600000.0,5490240.0,709800.0,5600040.0,True
/home/ec2-user/ndvi_sqs_work/inner_mongolia/raw/HLS-VI.S30.T51UYS.2018274T023551.v2.0.NDVI.tif,HLS-VI.S30.T51UYS.2018274T023551.v2.0.NDVI.tif,S30,T51UYS,2018-10-01,2018274,023551,EPSG:32651,699960.0,5590200.0,809760.0,5700000.0,True
/home/ec2-user/ndvi_sqs_work/inner_mongolia/raw/HLS-VI.S30.T48SWH.2018275T034551.v2.0.NDVI.tif,HLS-VI.S30.T48SWH.2018275T034551.v2.0.NDVI.tif,S30,T48SWH,2018-10-02,2018275,034551,EPSG:32648,499980.0,4190220.0,609780.0,4300020.0,True
/home/ec2-user/ndvi_sqs_work/inner_mongolia/raw/HLS-VI.S30.T48TUK.2018275T034551.v2.0.NDVI.tif,HLS-VI.S30.T48TUK.2018275T034551.v2.0.NDVI.tif,S30,T48TUK,2018-10-02,2018275,034551,EPSG:32648,300000.0,4390200.0,409800.0,4500000.0,True
/home/ec2-user/ndvi_sqs_work/inner_mongolia/raw/HLS-VI.S30.T48TVK.2018275T034551.v2.0.NDVI.tif,HLS-VI.S30.T48TVK.2018275T034551.v2.0.NDVI.tif,S30,T48TVK,2018-10-02,2018275,034551,EPSG:32648,399960.0,4390200.0,509760.0,4500000.0,True
/home/ec2-user/ndvi_sqs_work/inner_mongolia/raw/HLS-VI.S30.T48TVL.2018275T034551.v2.0.NDVI.tif,HLS-VI.S30.T48TVL.2018275T034551.v2.0.NDVI.tif,S30,T48TVL,2018-10-02,2018275,034551,EPSG:32648,399960.0,4490220.0,509760.0,4600020.0,True
/home/ec2-user/ndvi_sqs_work/inner_mongolia/raw/HLS-VI.S30.T48TVM.2018275T034551.v2.0.NDVI.tif,HLS-VI.S30.T48TVM.2018275T034551.v2.0.NDVI.tif,S30,T48TVM,2018-10-02,2018275,034551,EPSG:32648,399960.0,4590240.0,509760.0,4700040.0,True
/home/ec2-user/ndvi_sqs_work/inner_mongolia/raw/HLS-VI.S30.T48TWL.2018275T034551.v2.0.NDVI.tif,HLS-VI.S30.T48TWL.2018275T034551.v2.0.NDVI.tif,S30,T48TWL,2018-10-02,2018275,034551,EPSG:32648,499980.0,4490220.0,609780.0,4600020.0,True
/home/ec2-user/ndvi_sqs_work/inner_mongolia/raw/HLS-VI.S30.T48TWM.2018275T034551.v2.0.NDVI.tif,HLS-VI.S30.T48TWM.2018275T034551.v2.0.NDVI.tif,S30,T48TWM,2018-10-02,2018275,034551,EPSG:32648,499980.0,4590240.0,609780.0,4700040.0,True
/home/ec2-user/ndvi_sqs_work/inner_mongolia/raw/HLS-VI.S30.T48TXK.2018275T034551.v2.0.NDVI.tif,HLS-VI.S30.T48TXK.2018275T034551.v2.0.NDVI.tif,S30,T48TXK,2018-10-02,2018275,034551,EPSG:32648,600000.0,4390200.0,709800.0,4500000.0,True
/home/ec2-user/ndvi_sqs_work/inner_mongolia/raw/HLS-VI.S30.T48TXL.2018275T034551.v2.0.NDVI.tif,HLS-VI.S30.T48TXL.2018275T034551.v2.0.NDVI.tif,S30,T48TXL,2018-10-02,2018275,034551,EPSG:32648,600000.0,4490220.0,709800.0,4600020.0,True
/home/ec2-user/ndvi_sqs_work/inner_mongolia/raw/HLS-VI.S30.T48TXM.2018275T034551.v2.0.NDVI.tif,HLS-VI.S30.T48TXM.2018275T034551.v2.0.NDVI.tif,S30,T48TXM,2018-10-02,2018275,034551,EPSG:32648,600000.0,4590240.0,709800.0,4700040.0,True
/home/ec2-user/ndvi_sqs_work/inner_mongolia/raw/HLS-VI.S30.T48TXN.2018275T034551.v2.0.NDVI.tif,HLS-VI.S30.T48TXN.2018275T034551.v2.0.NDVI.tif,S30,T48TXN,2018-10-02,2018275,034551,EPSG:32648,600000.0,4690200.0,709800.0,4800000.0,True
/home/ec2-user/ndvi_sqs_work/inner_mongolia/raw/HLS-VI.S30.T48TYM.2018275T034551.v2.0.NDVI.tif,HLS-VI.S30.T48TYM.2018275T034551.v2.0.NDVI.tif,S30,T48TYM,2018-10-02,2018275,034551,EPSG:32648,699960.0,4590240.0,809760.0,4700040.0,True
/home/ec2-user/ndvi_sqs_work/inner_mongolia/raw/HLS-VI.S30.T48TYN.2018275T034551.v2.0.NDVI.tif,HLS-VI.S30.T48TYN.2018275T034551.v2.0.NDVI.tif,S30,T48TYN,2018-10-02,2018275,034551,EPSG:32648,699960.0,4690200.0,809760.0,4800000.0,True
/home/ec2-user/ndvi_sqs_work/inner_mongolia/raw/HLS-VI.S30.T49TBG.2018275T034551.v2.0.NDVI.tif,HLS-VI.S30.T49TBG.2018275T034551.v2.0.NDVI.tif,S30,T49TBG,2018-10-02,2018275,034551,EPSG:32649,199980.0,4590240.0,309780.0,4700040.0,True
/home/ec2-user/ndvi_sqs_work/inner_mongolia/raw/HLS-VI.S30.T50TNM.2018275T025539.v2.0.NDVI.tif,HLS-VI.S30.T50TNM.2018275T025539.v2.0.NDVI.tif,S30,T50TNM,2018-10-02,2018275,025539,EPSG:32650,499980.0,4590240.0,609780.0,4700040.0,True
/home/ec2-user/ndvi_sqs_work/inner_mongolia/raw/HLS-VI.S30.T50TNN.2018275T025539.v2.0.NDVI.tif,HLS-VI.S30.T50TNN.2018275T025539.v2.0.NDVI.tif,S30,T50TNN,2018-10-02,2018275,025539,EPSG:32650,499980.0,4690200.0,609780.0,4800000.0,True
/home/ec2-user/ndvi_sqs_work/inner_mongolia/raw/HLS-VI.S30.T50TPM.2018275T025539.v2.0.NDVI.tif,HLS-VI.S30.T50TPM.2018275T025539.v2.0.NDVI.tif,S30,T50TPM,2018-10-02,2018275,025539,EPSG:32650,600000.0,4590240.0,709800.0,4700040.0,True
/home/ec2-user/ndvi_sqs_work/inner_mongolia/raw/HLS-VI.S30.T50TPN.2018275T025539.v2.0.NDVI.tif,HLS-VI.S30.T50TPN.2018275T025539.v2.0.NDVI.tif,S30,T50TPN,2018-10-02,2018275,025539,EPSG:32650,600000.0,4690200.0,709800.0,4800000.0,True
/home/ec2-user/ndvi_sqs_work/inner_mongolia/raw/HLS-VI.S30.T50TPR.2018275T025539.v2.0.NDVI.tif,HLS-VI.S30.T50TPR.2018275T025539.v2.0.NDVI.tif,S30,T50TPR,2018-10-02,2018275,025539,EPSG:32650,600000.0,4990200.0,709800.0,5100000.0,True
/home/ec2-user/ndvi_sqs_work/inner_mongolia/raw/HLS-VI.S30.T50TPS.2018275T025539.v2.0.NDVI.tif,HLS-VI.S30.T50TPS.2018275T025539.v2.0.NDVI.tif,S30,T50TPS,2018-10-02,2018275,025539,EPSG:32650,600000.0,5090220.0,709800.0,5200020.0,True
/home/ec2-user/ndvi_sqs_work/inner_mongolia/raw/HLS-VI.S30.T50TPT.2018275T025539.v2.0.NDVI.tif,HLS-VI.S30.T50TPT.2018275T025539.v2.0.NDVI.tif,S30,T50TPT,2018-10-02,2018275,025539,EPSG:32650,600000.0,5190240.0,709800.0,5300040.0,True
/home/ec2-user/ndvi_sqs_work/inner_mongolia/raw/HLS-VI.S30.T50TQM.2018275T025539.v2.0.NDVI.tif,HLS-VI.S30.T50TQM.2018275T025539.v2.0.NDVI.tif,S30,T50TQM,2018-10-02,2018275,025539,EPSG:32650,699960.0,4590240.0,809760.0,4700040.0,True
/home/ec2-user/ndvi_sqs_work/inner_mongolia/raw/HLS-VI.S30.T50TQN.2018275T025539.v2.0.NDVI.tif,HLS-VI.S30.T50TQN.2018275T025539.v2.0.NDVI.tif,S30,T50TQN,2018-10-02,2018275,025539,EPSG:32650,699960.0,4690200.0,809760.0,4800000.0,True
/home/ec2-user/ndvi_sqs_work/inner_mongolia/raw/HLS-VI.S30.T50TQR.2018275T025539.v2.0.NDVI.tif,HLS-VI.S30.T50TQR.2018275T025539.v2.0.NDVI.tif,S30,T50TQR,2018-10-02,2018275,025539,EPSG:32650,699960.0,4990200.0,809760.0,5100000.0,True
/home/ec2-user/ndvi_sqs_work/inner_mongolia/raw/HLS-VI.S30.T50UPA.2018275T025539.v2.0.NDVI.tif,HLS-VI.S30.T50UPA.2018275T025539.v2.0.NDVI.tif,S30,T50UPA,2018-10-02,2018275,025539,EPSG:32650,600000.0,5490240.0,709800.0,5600040.0,True
/home/ec2-user/ndvi_sqs_work/inner_mongolia/raw/HLS-VI.S30.T50UPU.2018275T025539.v2.0.NDVI.tif,HLS-VI.S30.T50UPU.2018275T025539.v2.0.NDVI.tif,S30,T50UPU,2018-10-02,2018275,025539,EPSG:32650,600000.0,5290200.0,709800.0,5400000.0,True
/home/ec2-user/ndvi_sqs_work/inner_mongolia/raw/HLS-VI.S30.T50UQA.2018275T025539.v2.0.NDVI.tif,HLS-VI.S30.T50UQA.2018275T025539.v2.0.NDVI.tif,S30,T50UQA,2018-10-02,2018275,025539,EPSG:32650,699960.0,5490240.0,809760.0,5600040.0,True
/home/ec2-user/ndvi_sqs_work/inner_mongolia/raw/HLS-VI.S30.T50UQV.2018275T025539.v2.0.NDVI.tif,HLS-VI.S30.T50UQV.2018275T025539.v2.0.NDVI.tif,S30,T50UQV,2018-10-02,2018275,025539,EPSG:32650,699960.0,5390220.0,809760.0,5500020.0,True
/home/ec2-user/ndvi_sqs_work/inner_mongolia/raw/HLS-VI.S30.T51TTG.2018275T025539.v2.0.NDVI.tif,HLS-VI.S30.T51TTG.2018275T025539.v2.0.NDVI.tif,S30,T51TTG,2018-10-02,2018275,025539,EPSG:32651,199980.0,4590240.0,309780.0,4700040.0,True
/home/ec2-user/ndvi_sqs_work/inner_mongolia/raw/HLS-VI.S30.T51TUH.2018275T025539.v2.0.NDVI.tif,HLS-VI.S30.T51TUH.2018275T025539.v2.0.NDVI.tif,S30,T51TUH,2018-10-02,2018275,025539,EPSG:32651,300000.0,4690200.0,409800.0,4800000.0,True
/home/ec2-user/ndvi_sqs_work/inner_mongolia/raw/HLS-VI.S30.T51TUL.2018275T025539.v2.0.NDVI.tif,HLS-VI.S30.T51TUL.2018275T025539.v2.0.NDVI.tif,S30,T51TUL,2018-10-02,2018275,025539,EPSG:32651,300000.0,4990200.0,409800.0,5100000.0,True
/home/ec2-user/ndvi_sqs_work/inner_mongolia/raw/HLS-VI.S30.T51TVL.2018275T025539.v2.0.NDVI.tif,HLS-VI.S30.T51TVL.2018275T025539.v2.0.NDVI.tif,S30,T51TVL,2018-10-02,2018275,025539,EPSG:32651,399960.0,4990200.0,509760.0,5100000.0,True
/home/ec2-user/ndvi_sqs_work/inner_mongolia/raw/HLS-VI.S30.T51TVM.2018275T025539.v2.0.NDVI.tif,HLS-VI.S30.T51TVM.2018275T025539.v2.0.NDVI.tif,S30,T51TVM,2018-10-02,2018275,025539,EPSG:32651,399960.0,5090220.0,509760.0,5200020.0,True
/home/ec2-user/ndvi_sqs_work/inner_mongolia/raw/HLS-VI.S30.T51UUQ.2018275T025539.v2.0.NDVI.tif,HLS-VI.S30.T51UUQ.2018275T025539.v2.0.NDVI.tif,S30,T51UUQ,2018-10-02,2018275,025539,EPSG:32651,300000.0,5390220.0,409800.0,5500020.0,True
/home/ec2-user/ndvi_sqs_work/inner_mongolia/raw/HLS-VI.S30.T51UWP.2018275T025539.v2.0.NDVI.tif,HLS-VI.S30.T51UWP.2018275T025539.v2.0.NDVI.tif,S30,T51UWP,2018-10-02,2018275,025539,EPSG:32651,499980.0,5290200.0,609780.0,5400000.0,True
/home/ec2-user/ndvi_sqs_work/inner_mongolia/raw/HLS-VI.S30.T47SPD.2018276T040559.v2.0.NDVI.tif,HLS-VI.S30.T47SPD.2018276T040559.v2.0.NDVI.tif,S30,T47SPD,2018-10-03,2018276,040559,EPSG:32647,600000.0,4290240.0,709800.0,4400040.0,True
/home/ec2-user/ndvi_sqs_work/inner_mongolia/raw/HLS-VI.S30.T47SQD.2018276T040559.v2.0.NDVI.tif,HLS-VI.S30.T47SQD.2018276T040559.v2.0.NDVI.tif,S30,T47SQD,2018-10-03,2018276,040559,EPSG:32647,699960.0,4290240.0,809760.0,4400040.0,True
/home/ec2-user/ndvi_sqs_work/inner_mongolia/raw/HLS-VI.S30.T47TNG.2018276T040559.v2.0.NDVI.tif,HLS-VI.S30.T47TNG.2018276T040559.v2.0.NDVI.tif,S30,T47TNG,2018-10-03,2018276,040559,EPSG:32647,499980.0,4590240.0,609780.0,4700040.0,True
/home/ec2-user/ndvi_sqs_work/inner_mongolia/raw/HLS-VI.S30.T47TNH.2018276T040559.v2.0.NDVI.tif,HLS-VI.S30.T47TNH.2018276T040559.v2.0.NDVI.tif,S30,T47TNH,2018-10-03,2018276,040559,EPSG:32647,499980.0,4690200.0,609780.0,4800000.0,True
/home/ec2-user/ndvi_sqs_work/inner_mongolia/raw/HLS-VI.S30.T47TQE.2018276T040559.v2.0.NDVI.tif,HLS-VI.S30.T47TQE.2018276T040559.v2.0.NDVI.tif,S30,T47TQE,2018-10-03,2018276,040559,EPSG:32647,699960.0,4390200.0,809760.0,4500000.0,True
/home/ec2-user/ndvi_sqs_work/inner_mongolia/raw/HLS-VI.S30.T48STJ.2018276T040559.v2.0.NDVI.tif,HLS-VI.S30.T48STJ.2018276T040559.v2.0.NDVI.tif,S30,T48STJ,2018-10-03,2018276,040559,EPSG:32648,199980.0,4290240.0,309780.0,4400040.0,True
/home/ec2-user/ndvi_sqs_work/inner_mongolia/raw/HLS-VI.S30.T48TTK.2018276T040559.v2.0.NDVI.tif,HLS-VI.S30.T48TTK.2018276T040559.v2.0.NDVI.tif,S30,T48TTK,2018-10-03,2018276,040559,EPSG:32648,199980.0,4390200.0,309780.0,4500000.0,True
/home/ec2-user/ndvi_sqs_work/inner_mongolia/raw/HLS-VI.S30.T48TUM.2018276T040559.v2.0.NDVI.tif,HLS-VI.S30.T48TUM.2018276T040559.v2.0.NDVI.tif,S30,T48TUM,2018-10-03,2018276,040559,EPSG:32648,300000.0,4590240.0,409800.0,4700040.0,True
/home/ec2-user/ndvi_sqs_work/inner_mongolia/raw/HLS-VI.S30.T49SED.2018276T031541.v2.0.NDVI.tif,HLS-VI.S30.T49SED.2018276T031541.v2.0.NDVI.tif,S30,T49SED,2018-10-03,2018276,031541,EPSG:32649,499980.0,4290240.0,609780.0,4400040.0,True
/home/ec2-user/ndvi_sqs_work/inner_mongolia/raw/HLS-VI.S30.T49TEE.2018276T031541.v2.0.NDVI.tif,HLS-VI.S30.T49TEE.2018276T031541.v2.0.NDVI.tif,S30,T49TEE,2018-10-03,2018276,031541,EPSG:32649,499980.0,4390200.0,609780.0,4500000.0,True
/home/ec2-user/ndvi_sqs_work/inner_mongolia/raw/HLS-VI.S30.T49TEF.2018276T031541.v2.0.NDVI.tif,HLS-VI.S30.T49TEF.2018276T031541.v2.0.NDVI.tif,S30,T49TEF,2018-10-03,2018276,031541,EPSG:32649,499980.0,4490220.0,609780.0,4600020.0,True
/home/ec2-user/ndvi_sqs_work/inner_mongolia/raw/HLS-VI.S30.T49TEG.2018276T031541.v2.0.NDVI.tif,HLS-VI.S30.T49TEG.2018276T031541.v2.0.NDVI.tif,S30,T49TEG,2018-10-03,2018276,031541,EPSG:32649,499980.0,4590240.0,609780.0,4700040.0,True
/home/ec2-user/ndvi_sqs_work/inner_mongolia/raw/HLS-VI.S30.T49TEH.2018276T031541.v2.0.NDVI.tif,HLS-VI.S30.T49TEH.2018276T031541.v2.0.NDVI.tif,S30,T49TEH,2018-10-03,2018276,031541,EPSG:32649,499980.0,4690200.0,609780.0,4800000.0,True
/home/ec2-user/ndvi_sqs_work/inner_mongolia/raw/HLS-VI.S30.T49TFE.2018276T031541.v2.0.NDVI.tif,HLS-VI.S30.T49TFE.2018276T031541.v2.0.NDVI.tif,S30,T49TFE,2018-10-03,2018276,031541,EPSG:32649,600000.0,4390200.0,709800.0,4500000.0,True
/home/ec2-user/ndvi_sqs_work/inner_mongolia/raw/HLS-VI.S30.T49TFF.2018276T031541.v2.0.NDVI.tif,HLS-VI.S30.T49TFF.2018276T031541.v2.0.NDVI.tif,S30,T49TFF,2018-10-03,2018276,031541,EPSG:32649,600000.0,4490220.0,709800.0,4600020.0,True
/home/ec2-user/ndvi_sqs_work/inner_mongolia/raw/HLS-VI.S30.T49TFG.2018276T031541.v2.0.NDVI.tif,HLS-VI.S30.T49TFG.2018276T031541.v2.0.NDVI.tif,S30,T49TFG,2018-10-03,2018276,031541,EPSG:32649,600000.0,4590240.0,709800.0,4700040.0,True
/home/ec2-user/ndvi_sqs_work/inner_mongolia/raw/HLS-VI.S30.T49TFH.2018276T031541.v2.0.NDVI.tif,HLS-VI.S30.T49TFH.2018276T031541.v2.0.NDVI.tif,S30,T49TFH,2018-10-03,2018276,031541,EPSG:32649,600000.0,4690200.0,709800.0,4800000.0,True
/home/ec2-user/ndvi_sqs_work/inner_mongolia/raw/HLS-VI.S30.T49TFJ.2018276T031541.v2.0.NDVI.tif,HLS-VI.S30.T49TFJ.2018276T031541.v2.0.NDVI.tif,S30,T49TFJ,2018-10-03,2018276,031541,EPSG:32649,600000.0,4790220.0,709800.0,4900020.0,True
/home/ec2-user/ndvi_sqs_work/inner_mongolia/raw/HLS-VI.S30.T49TFK.2018276T031541.v2.0.NDVI.tif,HLS-VI.S30.T49TFK.2018276T031541.v2.0.NDVI.tif,S30,T49TFK,2018-10-03,2018276,031541,EPSG:32649,600000.0,4890240.0,709800.0,5000040.0,True
/home/ec2-user/ndvi_sqs_work/inner_mongolia/raw/HLS-VI.S30.T49TGE.2018276T031541.v2.0.NDVI.tif,HLS-VI.S30.T49TGE.2018276T031541.v2.0.NDVI.tif,S30,T49TGE,2018-10-03,2018276,031541,EPSG:32649,699960.0,4390200.0,809760.0,4500000.0,True
/home/ec2-user/ndvi_sqs_work/inner_mongolia/raw/HLS-VI.S30.T49TGF.2018276T031541.v2.0.NDVI.tif,HLS-VI.S30.T49TGF.2018276T031541.v2.0.NDVI.tif,S30,T49TGF,2018-10-03,2018276,031541,EPSG:32649,699960.0,4490220.0,809760.0,4600020.0,True
/home/ec2-user/ndvi_sqs_work/inner_mongolia/raw/HLS-VI.S30.T49TGG.2018276T031541.v2.0.NDVI.tif,HLS-VI.S30.T49TGG.2018276T031541.v2.0.NDVI.tif,S30,T49TGG,2018-10-03,2018276,031541,EPSG:32649,699960.0,4590240.0,809760.0,4700040.0,True
/home/ec2-user/ndvi_sqs_work/inner_mongolia/raw/HLS-VI.S30.T49TGH.2018276T031541.v2.0.NDVI.tif,HLS-VI.S30.T49TGH.2018276T031541.v2.0.NDVI.tif,S30,T49TGH,2018-10-03,2018276,031541,EPSG:32649,699960.0,4690200.0,809760.0,4800000.0,True
/home/ec2-user/ndvi_sqs_work/inner_mongolia/raw/HLS-VI.S30.T49TGJ.2018276T031541.v2.0.NDVI.tif,HLS-VI.S30.T49TGJ.2018276T031541.v2.0.NDVI.tif,S30,T49TGJ,2018-10-03,2018276,031541,EPSG:32649,699960.0,4790220.0,809760.0,4900020.0,True
/home/ec2-user/ndvi_sqs_work/inner_mongolia/raw/HLS-VI.S30.T49TGK.2018276T031541.v2.0.NDVI.tif,HLS-VI.S30.T49TGK.2018276T031541.v2.0.NDVI.tif,S30,T49TGK,2018-10-03,2018276,031541,EPSG:32649,699960.0,4890240.0,809760.0,5000040.0,True
/home/ec2-user/ndvi_sqs_work/inner_mongolia/raw/HLS-VI.S30.T49TGL.2018276T031541.v2.0.NDVI.tif,HLS-VI.S30.T49TGL.2018276T031541.v2.0.NDVI.tif,S30,T49TGL,2018-10-03,2018276,031541,EPSG:32649,699960.0,4990200.0,809760.0,5100000.0,True
/home/ec2-user/ndvi_sqs_work/inner_mongolia/raw/HLS-VI.S30.T50TKK.2018276T031541.v2.0.NDVI.tif,HLS-VI.S30.T50TKK.2018276T031541.v2.0.NDVI.tif,S30,T50TKK,2018-10-03,2018276,031541,EPSG:32650,199980.0,4390200.0,309780.0,4500000.0,True
/home/ec2-user/ndvi_sqs_work/inner_mongolia/raw/HLS-VI.S30.T50TKL.2018276T031541.v2.0.NDVI.tif,HLS-VI.S30.T50TKL.2018276T031541.v2.0.NDVI.tif,S30,T50TKL,2018-10-03,2018276,031541,EPSG:32650,199980.0,4490220.0,309780.0,4600020.0,True
/home/ec2-user/ndvi_sqs_work/inner_mongolia/raw/HLS-VI.S30.T50TKM.2018276T031541.v2.0.NDVI.tif,HLS-VI.S30.T50TKM.2018276T031541.v2.0.NDVI.tif,S30,T50TKM,2018-10-03,2018276,031541,EPSG:32650,199980.0,4590240.0,309780.0,4700040.0,True
/home/ec2-user/ndvi_sqs_work/inner_mongolia/raw/HLS-VI.S30.T50TLM.2018276T031541.v2.0.NDVI.tif,HLS-VI.S30.T50TLM.2018276T031541.v2.0.NDVI.tif,S30,T50TLM,2018-10-03,2018276,031541,EPSG:32650,300000.0,4590240.0,409800.0,4700040.0,True
/home/ec2-user/ndvi_sqs_work/inner_mongolia/raw/HLS-VI.S30.T50TLN.2018276T031541.v2.0.NDVI.tif,HLS-VI.S30.T50TLN.2018276T031541.v2.0.NDVI.tif,S30,T50TLN,2018-10-03,2018276,031541,EPSG:32650,300000.0,4690200.0,409800.0,4800000.0,True
/home/ec2-user/ndvi_sqs_work/inner_mongolia/raw/HLS-VI.S30.T50TLP.2018276T031541.v2.0.NDVI.tif,HLS-VI.S30.T50TLP.2018276T031541.v2.0.NDVI.tif,S30,T50TLP,2018-10-03,2018276,031541,EPSG:32650,300000.0,4790220.0,409800.0,4900020.0,True
/home/ec2-user/ndvi_sqs_work/inner_mongolia/raw/HLS-VI.S30.T50TLQ.2018276T031541.v2.0.NDVI.tif,HLS-VI.S30.T50TLQ.2018276T031541.v2.0.NDVI.tif,S30,T50TLQ,2018-10-03,2018276,031541,EPSG:32650,300000.0,4890240.0,409800.0,5000040.0,True
/home/ec2-user/ndvi_sqs_work/inner_mongolia/raw/HLS-VI.S30.T50TLR.2018276T031541.v2.0.NDVI.tif,HLS-VI.S30.T50TLR.2018276T031541.v2.0.NDVI.tif,S30,T50TLR,2018-10-03,2018276,031541,EPSG:32650,300000.0,4990200.0,409800.0,5100000.0,True
/home/ec2-user/ndvi_sqs_work/inner_mongolia/raw/HLS-VI.S30.T50TLT.2018276T031541.v2.0.NDVI.tif,HLS-VI.S30.T50TLT.2018276T031541.v2.0.NDVI.tif,S30,T50TLT,2018-10-03,2018276,031541,EPSG:32650,300000.0,5190240.0,409800.0,5300040.0,True
/home/ec2-user/ndvi_sqs_work/inner_mongolia/raw/HLS-VI.S30.T50TMR.2018276T031541.v2.0.NDVI.tif,HLS-VI.S30.T50TMR.2018276T031541.v2.0.NDVI.tif,S30,T50TMR,2018-10-03,2018276,031541,EPSG:32650,399960.0,4990200.0,509760.0,5100000.0,True
/home/ec2-user/ndvi_sqs_work/inner_mongolia/raw/HLS-VI.S30.T50TMS.2018276T031541.v2.0.NDVI.tif,HLS-VI.S30.T50TMS.2018276T031541.v2.0.NDVI.tif,S30,T50TMS,2018-10-03,2018276,031541,EPSG:32650,399960.0,5090220.0,509760.0,5200020.0,True
/home/ec2-user/ndvi_sqs_work/inner_mongolia/raw/HLS-VI.S30.T50TMT.2018276T031541.v2.0.NDVI.tif,HLS-VI.S30.T50TMT.2018276T031541.v2.0.NDVI.tif,S30,T50TMT,2018-10-03,2018276,031541,EPSG:32650,399960.0,5190240.0,509760.0,5300040.0,True
/home/ec2-user/ndvi_sqs_work/inner_mongolia/raw/HLS-VI.S30.T50UMU.2018276T031541.v2.0.NDVI.tif,HLS-VI.S30.T50UMU.2018276T031541.v2.0.NDVI.tif,S30,T50UMU,2018-10-03,2018276,031541,EPSG:32650,399960.0,5290200.0,509760.0,5400000.0,True
/home/ec2-user/ndvi_sqs_work/inner_mongolia/raw/HLS-VI.S30.T50UNA.2018276T031541.v2.0.NDVI.tif,HLS-VI.S30.T50UNA.2018276T031541.v2.0.NDVI.tif,S30,T50UNA,2018-10-03,2018276,031541,EPSG:32650,499980.0,5490240.0,609780.0,5600040.0,True
/home/ec2-user/ndvi_sqs_work/inner_mongolia/raw/HLS-VI.S30.T47TLH.2018277T042701.v2.0.NDVI.tif,HLS-VI.S30.T47TLH.2018277T042701.v2.0.NDVI.tif,S30,T47TLH,2018-10-04,2018277,042701,EPSG:32647,300000.0,4690200.0,409800.0,4800000.0,True
/home/ec2-user/ndvi_sqs_work/inner_mongolia/raw/HLS-VI.S30.T48SWJ.2018277T033559.v2.0.NDVI.tif,HLS-VI.S30.T48SWJ.2018277T033559.v2.0.NDVI.tif,S30,T48SWJ,2018-10-04,2018277,033559,EPSG:32648,499980.0,4290240.0,609780.0,4400040.0,True
/home/ec2-user/ndvi_sqs_work/inner_mongolia/raw/HLS-VI.S30.T48SYG.2018277T033559.v2.0.NDVI.tif,HLS-VI.S30.T48SYG.2018277T033559.v2.0.NDVI.tif,S30,T48SYG,2018-10-04,2018277,033559,EPSG:32648,699960.0,4090200.0,809760.0,4200000.0,True
/home/ec2-user/ndvi_sqs_work/inner_mongolia/raw/HLS-VI.S30.T48SYH.2018277T033559.v2.0.NDVI.tif,HLS-VI.S30.T48SYH.2018277T033559.v2.0.NDVI.tif,S30,T48SYH,2018-10-04,2018277,033559,EPSG:32648,699960.0,4190220.0,809760.0,4300020.0,True
/home/ec2-user/ndvi_sqs_work/inner_mongolia/raw/HLS-VI.S30.T49SBC.2018277T033559.v2.0.NDVI.tif,HLS-VI.S30.T49SBC.2018277T033559.v2.0.NDVI.tif,S30,T49SBC,2018-10-04,2018277,033559,EPSG:32649,199980.0,4190220.0,309780.0,4300020.0,True
/home/ec2-user/ndvi_sqs_work/inner_mongolia/raw/HLS-VI.S30.T49SBD.2018277T033559.v2.0.NDVI.tif,HLS-VI.S30.T49SBD.2018277T033559.v2.0.NDVI.tif,S30,T49SBD,2018-10-04,2018277,033559,EPSG:32649,199980.0,4290240.0,309780.0,4400040.0,True
/home/ec2-user/ndvi_sqs_work/inner_mongolia/raw/HLS-VI.S30.T49TCF.2018277T033559.v2.0.NDVI.tif,HLS-VI.S30.T49TCF.2018277T033559.v2.0.NDVI.tif,S30,T49TCF,2018-10-04,2018277,033559,EPSG:32649,300000.0,4490220.0,409800.0,4600020.0,True
/home/ec2-user/ndvi_sqs_work/inner_mongolia/raw/HLS-VI.S30.T49TDF.2018277T033559.v2.0.NDVI.tif,HLS-VI.S30.T49TDF.2018277T033559.v2.0.NDVI.tif,S30,T49TDF,2018-10-04,2018277,033559,EPSG:32649,399960.0,4490220.0,509760.0,4600020.0,True
/home/ec2-user/ndvi_sqs_work/inner_mongolia/raw/HLS-VI.S30.T49TDG.2018277T033559.v2.0.NDVI.tif,HLS-VI.S30.T49TDG.2018277T033559.v2.0.NDVI.tif,S30,T49TDG,2018-10-04,2018277,033559,EPSG:32649,399960.0,4590240.0,509760.0,4700040.0,True
/home/ec2-user/ndvi_sqs_work/inner_mongolia/raw/HLS-VI.S30.T50TPL.2018277T024541.v2.0.NDVI.tif,HLS-VI.S30.T50TPL.2018277T024541.v2.0.NDVI.tif,S30,T50TPL,2018-10-04,2018277,024541,EPSG:32650,600000.0,4490220.0,709800.0,4600020.0,True
/home/ec2-user/ndvi_sqs_work/inner_mongolia/raw/HLS-VI.S30.T50TPM.2018277T024541.v2.0.NDVI.tif,HLS-VI.S30.T50TPM.2018277T024541.v2.0.NDVI.tif,S30,T50TPM,2018-10-04,2018277,024541,EPSG:32650,600000.0,4590240.0,709800.0,4700040.0,True
/home/ec2-user/ndvi_sqs_work/inner_mongolia/raw/HLS-VI.S30.T50TQL.2018277T024541.v2.0.NDVI.tif,HLS-VI.S30.T50TQL.2018277T024541.v2.0.NDVI.tif,S30,T50TQL,2018-10-04,2018277,024541,EPSG:32650,699960.0,4490220.0,809760.0,4600020.0,True
/home/ec2-user/ndvi_sqs_work/inner_mongolia/raw/HLS-VI.S30.T50TQM.2018277T024541.v2.0.NDVI.tif,HLS-VI.S30.T50TQM.2018277T024541.v2.0.NDVI.tif,S30,T50TQM,2018-10-04,2018277,024541,EPSG:32650,699960.0,4590240.0,809760.0,4700040.0,True
/home/ec2-user/ndvi_sqs_work/inner_mongolia/raw/HLS-VI.S30.T50TQN.2018277T024541.v2.0.NDVI.tif,HLS-VI.S30.T50TQN.2018277T024541.v2.0.NDVI.tif,S30,T50TQN,2018-10-04,2018277,024541,EPSG:32650,699960.0,4690200.0,809760.0,4800000.0,True
/home/ec2-user/ndvi_sqs_work/inner_mongolia/raw/HLS-VI.S30.T50TQP.2018277T024541.v2.0.NDVI.tif,HLS-VI.S30.T50TQP.2018277T024541.v2.0.NDVI.tif,S30,T50TQP,2018-10-04,2018277,024541,EPSG:32650,699960.0,4790220.0,809760.0,4900020.0,True
/home/ec2-user/ndvi_sqs_work/inner_mongolia/raw/HLS-VI.S30.T50TQQ.2018277T024541.v2.0.NDVI.tif,HLS-VI.S30.T50TQQ.2018277T024541.v2.0.NDVI.tif,S30,T50TQQ,2018-10-04,2018277,024541,EPSG:32650,699960.0,4890240.0,809760.0,5000040.0,True
/home/ec2-user/ndvi_sqs_work/inner_mongolia/raw/HLS-VI.S30.T50TQR.2018277T024541.v2.0.NDVI.tif,HLS-VI.S30.T50TQR.2018277T024541.v2.0.NDVI.tif,S30,T50TQR,2018-10-04,2018277,024541,EPSG:32650,699960.0,4990200.0,809760.0,5100000.0,True
/home/ec2-user/ndvi_sqs_work/inner_mongolia/raw/HLS-VI.S30.T50TQS.2018277T024541.v2.0.NDVI.tif,HLS-VI.S30.T50TQS.2018277T024541.v2.0.NDVI.tif,S30,T50TQS,2018-10-04,2018277,024541,EPSG:32650,699960.0,5090220.0,809760.0,5200020.0,True
/home/ec2-user/ndvi_sqs_work/inner_mongolia/raw/HLS-VI.S30.T51TTF.2018277T024541.v2.0.NDVI.tif,HLS-VI.S30.T51TTF.2018277T024541.v2.0.NDVI.tif,S30,T51TTF,2018-10-04,2018277,024541,EPSG:32651,199980.0,4490220.0,309780.0,4600020.0,True
/home/ec2-user/ndvi_sqs_work/inner_mongolia/raw/HLS-VI.S30.T51TTG.2018277T024541.v2.0.NDVI.tif,HLS-VI.S30.T51TTG.2018277T024541.v2.0.NDVI.tif,S30,T51TTG,2018-10-04,2018277,024541,EPSG:32651,199980.0,4590240.0,309780.0,4700040.0,True
/home/ec2-user/ndvi_sqs_work/inner_mongolia/raw/HLS-VI.S30.T51TUG.2018277T024541.v2.0.NDVI.tif,HLS-VI.S30.T51TUG.2018277T024541.v2.0.NDVI.tif,S30,T51TUG,2018-10-04,2018277,024541,EPSG:32651,300000.0,4590240.0,409800.0,4700040.0,True
/home/ec2-user/ndvi_sqs_work/inner_mongolia/raw/HLS-VI.S30.T51TUH.2018277T024541.v2.0.NDVI.tif,HLS-VI.S30.T51TUH.2018277T024541.v2.0.NDVI.tif,S30,T51TUH,2018-10-04,2018277,024541,EPSG:32651,300000.0,4690200.0,409800.0,4800000.0,True
/home/ec2-user/ndvi_sqs_work/inner_mongolia/raw/HLS-VI.S30.T51TUJ.2018277T024541.v2.0.NDVI.tif,HLS-VI.S30.T51TUJ.2018277T024541.v2.0.NDVI.tif,S30,T51TUJ,2018-10-04,2018277,024541,EPSG:32651,300000.0,4790220.0,409800.0,4900020.0,True
/home/ec2-user/ndvi_sqs_work/inner_mongolia/raw/HLS-VI.S30.T51TUK.2018277T024541.v2.0.NDVI.tif,HLS-VI.S30.T51TUK.2018277T024541.v2.0.NDVI.tif,S30,T51TUK,2018-10-04,2018277,024541,EPSG:32651,300000.0,4890240.0,409800.0,5000040.0,True
/home/ec2-user/ndvi_sqs_work/inner_mongolia/raw/HLS-VI.S30.T51TUL.2018277T024541.v2.0.NDVI.tif,HLS-VI.S30.T51TUL.2018277T024541.v2.0.NDVI.tif,S30,T51TUL,2018-10-04,2018277,024541,EPSG:32651,300000.0,4990200.0,409800.0,5100000.0,True
/home/ec2-user/ndvi_sqs_work/inner_mongolia/raw/HLS-VI.S30.T51TUM.2018277T024541.v2.0.NDVI.tif,HLS-VI.S30.T51TUM.2018277T024541.v2.0.NDVI.tif,S30,T51TUM,2018-10-04,2018277,024541,EPSG:32651,300000.0,5090220.0,409800.0,5200020.0,True
/home/ec2-user/ndvi_sqs_work/inner_mongolia/raw/HLS-VI.S30.T51TUN.2018277T024541.v2.0.NDVI.tif,HLS-VI.S30.T51TUN.2018277T024541.v2.0.NDVI.tif,S30,T51TUN,2018-10-04,2018277,024541,EPSG:32651,300000.0,5190240.0,409800.0,5300040.0,True
/home/ec2-user/ndvi_sqs_work/inner_mongolia/raw/HLS-VI.S30.T51TVJ.2018277T024541.v2.0.NDVI.tif,HLS-VI.S30.T51TVJ.2018277T024541.v2.0.NDVI.tif,S30,T51TVJ,2018-10-04,2018277,024541,EPSG:32651,399960.0,4790220.0,509760.0,4900020.0,True
/home/ec2-user/ndvi_sqs_work/inner_mongolia/raw/HLS-VI.S30.T51TVL.2018277T024541.v2.0.NDVI.tif,HLS-VI.S30.T51TVL.2018277T024541.v2.0.NDVI.tif,S30,T51TVL,2018-10-04,2018277,024541,EPSG:32651,399960.0,4990200.0,509760.0,5100000.0,True
/home/ec2-user/ndvi_sqs_work/inner_mongolia/raw/HLS-VI.S30.T51TVM.2018277T024541.v2.0.NDVI.tif,HLS-VI.S30.T51TVM.2018277T024541.v2.0.NDVI.tif,S30,T51TVM,2018-10-04,2018277,024541,EPSG:32651,399960.0,5090220.0,509760.0,5200020.0,True
/home/ec2-user/ndvi_sqs_work/inner_mongolia/raw/HLS-VI.S30.T51TVN.2018277T024541.v2.0.NDVI.tif,HLS-VI.S30.T51TVN.2018277T024541.v2.0.NDVI.tif,S30,T51TVN,2018-10-04,2018277,024541,EPSG:32651,399960.0,5190240.0,509760.0,5300040.0,True
/home/ec2-user/ndvi_sqs_work/inner_mongolia/raw/HLS-VI.S30.T51TWJ.2018277T024541.v2.0.NDVI.tif,HLS-VI.S30.T51TWJ.2018277T024541.v2.0.NDVI.tif,S30,T51TWJ,2018-10-04,2018277,024541,EPSG:32651,499980.0,4790220.0,609780.0,4900020.0,True
/home/ec2-user/ndvi_sqs_work/inner_mongolia/raw/HLS-VI.S30.T51TWM.2018277T024541.v2.0.NDVI.tif,HLS-VI.S30.T51TWM.2018277T024541.v2.0.NDVI.tif,S30,T51TWM,2018-10-04,2018277,024541,EPSG:32651,499980.0,5090220.0,609780.0,5200020.0,True
/home/ec2-user/ndvi_sqs_work/inner_mongolia/raw/HLS-VI.S30.T51TWN.2018277T024541.v2.0.NDVI.tif,HLS-VI.S30.T51TWN.2018277T024541.v2.0.NDVI.tif,S30,T51TWN,2018-10-04,2018277,024541,EPSG:32651,499980.0,5190240.0,609780.0,5300040.0,True
/home/ec2-user/ndvi_sqs_work/inner_mongolia/raw/HLS-VI.S30.T51UUP.2018277T024541.v2.0.NDVI.tif,HLS-VI.S30.T51UUP.2018277T024541.v2.0.NDVI.tif,S30,T51UUP,2018-10-04,2018277,024541,EPSG:32651,300000.0,5290200.0,409800.0,5400000.0,True
/home/ec2-user/ndvi_sqs_work/inner_mongolia/raw/HLS-VI.S30.T51UVP.2018277T024541.v2.0.NDVI.tif,HLS-VI.S30.T51UVP.2018277T024541.v2.0.NDVI.tif,S30,T51UVP,2018-10-04,2018277,024541,EPSG:32651,399960.0,5290200.0,509760.0,5400000.0,True
/home/ec2-user/ndvi_sqs_work/inner_mongolia/raw/HLS-VI.S30.T51UVQ.2018277T024541.v2.0.NDVI.tif,HLS-VI.S30.T51UVQ.2018277T024541.v2.0.NDVI.tif,S30,T51UVQ,2018-10-04,2018277,024541,EPSG:32651,399960.0,5390220.0,509760.0,5500020.0,True
/home/ec2-user/ndvi_sqs_work/inner_mongolia/raw/HLS-VI.S30.T51UVR.2018277T024541.v2.0.NDVI.tif,HLS-VI.S30.T51UVR.2018277T024541.v2.0.NDVI.tif,S30,T51UVR,2018-10-04,2018277,024541,EPSG:32651,399960.0,5490240.0,509760.0,5600040.0,True
/home/ec2-user/ndvi_sqs_work/inner_mongolia/raw/HLS-VI.S30.T51UVS.2018277T024541.v2.0.NDVI.tif,HLS-VI.S30.T51UVS.2018277T024541.v2.0.NDVI.tif,S30,T51UVS,2018-10-04,2018277,024541,EPSG:32651,399960.0,5590200.0,509760.0,5700000.0,True
/home/ec2-user/ndvi_sqs_work/inner_mongolia/raw/HLS-VI.S30.T51UVT.2018277T024541.v2.0.NDVI.tif,HLS-VI.S30.T51UVT.2018277T024541.v2.0.NDVI.tif,S30,T51UVT,2018-10-04,2018277,024541,EPSG:32651,399960.0,5690220.0,509760.0,5800020.0,True
/home/ec2-user/ndvi_sqs_work/inner_mongolia/raw/HLS-VI.S30.T51UWP.2018277T024541.v2.0.NDVI.tif,HLS-VI.S30.T51UWP.2018277T024541.v2.0.NDVI.tif,S30,T51UWP,2018-10-04,2018277,024541,EPSG:32651,499980.0,5290200.0,609780.0,5400000.0,True
/home/ec2-user/ndvi_sqs_work/inner_mongolia/raw/HLS-VI.S30.T51UWQ.2018277T024541.v2.0.NDVI.tif,HLS-VI.S30.T51UWQ.2018277T024541.v2.0.NDVI.tif,S30,T51UWQ,2018-10-04,2018277,024541,EPSG:32651,499980.0,5390220.0,609780.0,5500020.0,True
/home/ec2-user/ndvi_sqs_work/inner_mongolia/raw/HLS-VI.S30.T51UWR.2018277T024541.v2.0.NDVI.tif,HLS-VI.S30.T51UWR.2018277T024541.v2.0.NDVI.tif,S30,T51UWR,2018-10-04,2018277,024541,EPSG:32651,499980.0,5490240.0,609780.0,5600040.0,True
/home/ec2-user/ndvi_sqs_work/inner_mongolia/raw/HLS-VI.S30.T51UWS.2018277T024541.v2.0.NDVI.tif,HLS-VI.S30.T51UWS.2018277T024541.v2.0.NDVI.tif,S30,T51UWS,2018-10-04,2018277,024541,EPSG:32651,499980.0,5590200.0,609780.0,5700000.0,True
/home/ec2-user/ndvi_sqs_work/inner_mongolia/raw/HLS-VI.S30.T51UWT.2018277T024541.v2.0.NDVI.tif,HLS-VI.S30.T51UWT.2018277T024541.v2.0.NDVI.tif,S30,T51UWT,2018-10-04,2018277,024541,EPSG:32651,499980.0,5690220.0,609780.0,5800020.0,True
/home/ec2-user/ndvi_sqs_work/inner_mongolia/raw/HLS-VI.S30.T51UXP.2018277T024541.v2.0.NDVI.tif,HLS-VI.S30.T51UXP.2018277T024541.v2.0.NDVI.tif,S30,T51UXP,2018-10-04,2018277,024541,EPSG:32651,600000.0,5290200.0,709800.0,5400000.0,True
/home/ec2-user/ndvi_sqs_work/inner_mongolia/raw/HLS-VI.S30.T51UXQ.2018277T024541.v2.0.NDVI.tif,HLS-VI.S30.T51UXQ.2018277T024541.v2.0.NDVI.tif,S30,T51UXQ,2018-10-04,2018277,024541,EPSG:32651,600000.0,5390220.0,709800.0,5500020.0,True
/home/ec2-user/ndvi_sqs_work/inner_mongolia/raw/HLS-VI.S30.T51UXR.2018277T024541.v2.0.NDVI.tif,HLS-VI.S30.T51UXR.2018277T024541.v2.0.NDVI.tif,S30,T51UXR,2018-10-04,2018277,024541,EPSG:32651,600000.0,5490240.0,709800.0,5600040.0,True
/home/ec2-user/ndvi_sqs_work/inner_mongolia/raw/HLS-VI.S30.T51UXS.2018277T024541.v2.0.NDVI.tif,HLS-VI.S30.T51UXS.2018277T024541.v2.0.NDVI.tif,S30,T51UXS,2018-10-04,2018277,024541,EPSG:32651,600000.0,5590200.0,709800.0,5700000.0,True
/home/ec2-user/ndvi_sqs_work/inner_mongolia/raw/HLS-VI.S30.T51UXT.2018277T024541.v2.0.NDVI.tif,HLS-VI.S30.T51UXT.2018277T024541.v2.0.NDVI.tif,S30,T51UXT,2018-10-04,2018277,024541,EPSG:32651,600000.0,5690220.0,709800.0,5800020.0,True
/home/ec2-user/ndvi_sqs_work/inner_mongolia/raw/HLS-VI.S30.T51UYS.2018277T024541.v2.0.NDVI.tif,HLS-VI.S30.T51UYS.2018277T024541.v2.0.NDVI.tif,S30,T51UYS,2018-10-04,2018277,024541,EPSG:32651,699960.0,5590200.0,809760.0,5700000.0,True
/home/ec2-user/ndvi_sqs_work/inner_mongolia/raw/HLS-VI.S30.T47TPE.2018278T035611.v2.0.NDVI.tif,HLS-VI.S30.T47TPE.2018278T035611.v2.0.NDVI.tif,S30,T47TPE,2018-10-05,2018278,035611,EPSG:32647,600000.0,4390200.0,709800.0,4500000.0,True
/home/ec2-user/ndvi_sqs_work/inner_mongolia/raw/HLS-VI.S30.T47TQE.2018278T035611.v2.0.NDVI.tif,HLS-VI.S30.T47TQE.2018278T035611.v2.0.NDVI.tif,S30,T47TQE,2018-10-05,2018278,035611,EPSG:32647,699960.0,4390200.0,809760.0,4500000.0,True
/home/ec2-user/ndvi_sqs_work/inner_mongolia/raw/HLS-VI.S30.T47TQF.2018278T035611.v2.0.NDVI.tif,HLS-VI.S30.T47TQF.2018278T035611.v2.0.NDVI.tif,S30,T47TQF,2018-10-05,2018278,035611,EPSG:32647,699960.0,4490220.0,809760.0,4600020.0,True
/home/ec2-user/ndvi_sqs_work/inner_mongolia/raw/HLS-VI.S30.T47TQH.2018278T035611.v2.0.NDVI.tif,HLS-VI.S30.T47TQH.2018278T035611.v2.0.NDVI.tif,S30,T47TQH,2018-10-05,2018278,035611,EPSG:32647,699960.0,4690200.0,809760.0,4800000.0,True
/home/ec2-user/ndvi_sqs_work/inner_mongolia/raw/HLS-VI.S30.T48TTK.2018278T035611.v2.0.NDVI.tif,HLS-VI.S30.T48TTK.2018278T035611.v2.0.NDVI.tif,S30,T48TTK,2018-10-05,2018278,035611,EPSG:32648,199980.0,4390200.0,309780.0,4500000.0,True
/home/ec2-user/ndvi_sqs_work/inner_mongolia/raw/HLS-VI.S30.T48TTL.2018278T035611.v2.0.NDVI.tif,HLS-VI.S30.T48TTL.2018278T035611.v2.0.NDVI.tif,S30,T48TTL,2018-10-05,2018278,035611,EPSG:32648,199980.0,4490220.0,309780.0,4600020.0,True
/home/ec2-user/ndvi_sqs_work/inner_mongolia/raw/HLS-VI.S30.T48TUL.2018278T035611.v2.0.NDVI.tif,HLS-VI.S30.T48TUL.2018278T035611.v2.0.NDVI.tif,S30,T48TUL,2018-10-05,2018278,035611,EPSG:32648,300000.0,4490220.0,409800.0,4600020.0,True
/home/ec2-user/ndvi_sqs_work/inner_mongolia/raw/HLS-VI.S30.T48TUM.2018278T035611.v2.0.NDVI.tif,HLS-VI.S30.T48TUM.2018278T035611.v2.0.NDVI.tif,S30,T48TUM,2018-10-05,2018278,035611,EPSG:32648,300000.0,4590240.0,409800.0,4700040.0,True
/home/ec2-user/ndvi_sqs_work/inner_mongolia/raw/HLS-VI.S30.T48TVL.2018278T035611.v2.0.NDVI.tif,HLS-VI.S30.T48TVL.2018278T035611.v2.0.NDVI.tif,S30,T48TVL,2018-10-05,2018278,035611,EPSG:32648,399960.0,4490220.0,509760.0,4600020.0,True
/home/ec2-user/ndvi_sqs_work/inner_mongolia/raw/HLS-VI.S30.T48TVM.2018278T035611.v2.0.NDVI.tif,HLS-VI.S30.T48TVM.2018278T035611.v2.0.NDVI.tif,S30,T48TVM,2018-10-05,2018278,035611,EPSG:32648,399960.0,4590240.0,509760.0,4700040.0,True
/home/ec2-user/ndvi_sqs_work/inner_mongolia/raw/HLS-VI.S30.T49TGF.2018278T030549.v2.0.NDVI.tif,HLS-VI.S30.T49TGF.2018278T030549.v2.0.NDVI.tif,S30,T49TGF,2018-10-05,2018278,030549,EPSG:32649,699960.0,4490220.0,809760.0,4600020.0,True
/home/ec2-user/ndvi_sqs_work/inner_mongolia/raw/HLS-VI.S30.T50TKL.2018278T030549.v2.0.NDVI.tif,HLS-VI.S30.T50TKL.2018278T030549.v2.0.NDVI.tif,S30,T50TKL,2018-10-05,2018278,030549,EPSG:32650,199980.0,4490220.0,309780.0,4600020.0,True
/home/ec2-user/ndvi_sqs_work/inner_mongolia/raw/HLS-VI.S30.T50TMM.2018278T030549.v2.0.NDVI.tif,HLS-VI.S30.T50TMM.2018278T030549.v2.0.NDVI.tif,S30,T50TMM,2018-10-05,2018278,030549,EPSG:32650,399960.0,4590240.0,509760.0,4700040.0,True
/home/ec2-user/ndvi_sqs_work/inner_mongolia/raw/HLS-VI.S30.T50TNM.2018278T030549.v2.0.NDVI.tif,HLS-VI.S30.T50TNM.2018278T030549.v2.0.NDVI.tif,S30,T50TNM,2018-10-05,2018278,030549,EPSG:32650,499980.0,4590240.0,609780.0,4700040.0,True
/home/ec2-user/ndvi_sqs_work/inner_mongolia/raw/HLS-VI.S30.T50TNN.2018278T030549.v2.0.NDVI.tif,HLS-VI.S30.T50TNN.2018278T030549.v2.0.NDVI.tif,S30,T50TNN,2018-10-05,2018278,030549,EPSG:32650,499980.0,4690200.0,609780.0,4800000.0,True
/home/ec2-user/ndvi_sqs_work/inner_mongolia/raw/HLS-VI.S30.T50TPN.2018278T030549.v2.0.NDVI.tif,HLS-VI.S30.T50TPN.2018278T030549.v2.0.NDVI.tif,S30,T50TPN,2018-10-05,2018278,030549,EPSG:32650,600000.0,4690200.0,709800.0,4800000.0,True
/home/ec2-user/ndvi_sqs_work/inner_mongolia/raw/HLS-VI.S30.T51UVU.2018278T030549.v2.0.NDVI.tif,HLS-VI.S30.T51UVU.2018278T030549.v2.0.NDVI.tif,S30,T51UVU,2018-10-05,2018278,030549,EPSG:32651,399960.0,5790240.0,509760.0,5900040.0,True
/home/ec2-user/ndvi_sqs_work/inner_mongolia/raw/HLS-VI.S30.T47TLF.2018279T041619.v2.0.NDVI.tif,HLS-VI.S30.T47TLF.2018279T041619.v2.0.NDVI.tif,S30,T47TLF,2018-10-06,2018279,041619,EPSG:32647,300000.0,4490220.0,409800.0,4600020.0,True
/home/ec2-user/ndvi_sqs_work/inner_mongolia/raw/HLS-VI.S30.T47TMF.2018279T041619.v2.0.NDVI.tif,HLS-VI.S30.T47TMF.2018279T041619.v2.0.NDVI.tif,S30,T47TMF,2018-10-06,2018279,041619,EPSG:32647,399960.0,4490220.0,509760.0,4600020.0,True
/home/ec2-user/ndvi_sqs_work/inner_mongolia/raw/HLS-VI.S30.T47TMG.2018279T041619.v2.0.NDVI.tif,HLS-VI.S30.T47TMG.2018279T041619.v2.0.NDVI.tif,S30,T47TMG,2018-10-06,2018279,041619,EPSG:32647,399960.0,4590240.0,509760.0,4700040.0,True
/home/ec2-user/ndvi_sqs_work/inner_mongolia/raw/HLS-VI.S30.T47TNF.2018279T041619.v2.0.NDVI.tif,HLS-VI.S30.T47TNF.2018279T041619.v2.0.NDVI.tif,S30,T47TNF,2018-10-06,2018279,041619,EPSG:32647,499980.0,4490220.0,609780.0,4600020.0,True
/home/ec2-user/ndvi_sqs_work/inner_mongolia/raw/HLS-VI.S30.T47TNG.2018279T041619.v2.0.NDVI.tif,HLS-VI.S30.T47TNG.2018279T041619.v2.0.NDVI.tif,S30,T47TNG,2018-10-06,2018279,041619,EPSG:32647,499980.0,4590240.0,609780.0,4700040.0,True
/home/ec2-user/ndvi_sqs_work/inner_mongolia/raw/HLS-VI.S30.T48SYJ.2018279T032611.v2.0.NDVI.tif,HLS-VI.S30.T48SYJ.2018279T032611.v2.0.NDVI.tif,S30,T48SYJ,2018-10-06,2018279,032611,EPSG:32648,699960.0,4290240.0,809760.0,4400040.0,True
/home/ec2-user/ndvi_sqs_work/inner_mongolia/raw/HLS-VI.S30.T49SBD.2018279T032611.v2.0.NDVI.tif,HLS-VI.S30.T49SBD.2018279T032611.v2.0.NDVI.tif,S30,T49SBD,2018-10-06,2018279,032611,EPSG:32649,199980.0,4290240.0,309780.0,4400040.0,True
/home/ec2-user/ndvi_sqs_work/inner_mongolia/raw/HLS-VI.S30.T49SCD.2018279T032611.v2.0.NDVI.tif,HLS-VI.S30.T49SCD.2018279T032611.v2.0.NDVI.tif,S30,T49SCD,2018-10-06,2018279,032611,EPSG:32649,300000.0,4290240.0,409800.0,4400040.0,True
/home/ec2-user/ndvi_sqs_work/inner_mongolia/raw/HLS-VI.S30.T49SDD.2018279T032611.v2.0.NDVI.tif,HLS-VI.S30.T49SDD.2018279T032611.v2.0.NDVI.tif,S30,T49SDD,2018-10-06,2018279,032611,EPSG:32649,399960.0,4290240.0,509760.0,4400040.0,True
/home/ec2-user/ndvi_sqs_work/inner_mongolia/raw/HLS-VI.S30.T49TBE.2018279T032611.v2.0.NDVI.tif,HLS-VI.S30.T49TBE.2018279T032611.v2.0.NDVI.tif,S30,T49TBE,2018-10-06,2018279,032611,EPSG:32649,199980.0,4390200.0,309780.0,4500000.0,True
/home/ec2-user/ndvi_sqs_work/inner_mongolia/raw/HLS-VI.S30.T49TCE.2018279T032611.v2.0.NDVI.tif,HLS-VI.S30.T49TCE.2018279T032611.v2.0.NDVI.tif,S30,T49TCE,2018-10-06,2018279,032611,EPSG:32649,300000.0,4390200.0,409800.0,4500000.0,True
/home/ec2-user/ndvi_sqs_work/inner_mongolia/raw/HLS-VI.S30.T49TCF.2018279T032611.v2.0.NDVI.tif,HLS-VI.S30.T49TCF.2018279T032611.v2.0.NDVI.tif,S30,T49TCF,2018-10-06,2018279,032611,EPSG:32649,300000.0,4490220.0,409800.0,4600020.0,True
/home/ec2-user/ndvi_sqs_work/inner_mongolia/raw/HLS-VI.S30.T49TCG.2018279T032611.v2.0.NDVI.tif,HLS-VI.S30.T49TCG.2018279T032611.v2.0.NDVI.tif,S30,T49TCG,2018-10-06,2018279,032611,EPSG:32649,300000.0,4590240.0,409800.0,4700040.0,True
/home/ec2-user/ndvi_sqs_work/inner_mongolia/raw/HLS-VI.S30.T49TCH.2018279T032611.v2.0.NDVI.tif,HLS-VI.S30.T49TCH.2018279T032611.v2.0.NDVI.tif,S30,T49TCH,2018-10-06,2018279,032611,EPSG:32649,300000.0,4690200.0,409800.0,4800000.0,True
/home/ec2-user/ndvi_sqs_work/inner_mongolia/raw/HLS-VI.S30.T49TDE.2018279T032611.v2.0.NDVI.tif,HLS-VI.S30.T49TDE.2018279T032611.v2.0.NDVI.tif,S30,T49TDE,2018-10-06,2018279,032611,EPSG:32649,399960.0,4390200.0,509760.0,4500000.0,True
/home/ec2-user/ndvi_sqs_work/inner_mongolia/raw/HLS-VI.S30.T49TDF.2018279T032611.v2.0.NDVI.tif,HLS-VI.S30.T49TDF.2018279T032611.v2.0.NDVI.tif,S30,T49TDF,2018-10-06,2018279,032611,EPSG:32649,399960.0,4490220.0,509760.0,4600020.0,True
/home/ec2-user/ndvi_sqs_work/inner_mongolia/raw/HLS-VI.S30.T49TDH.2018279T032611.v2.0.NDVI.tif,HLS-VI.S30.T49TDH.2018279T032611.v2.0.NDVI.tif,S30,T49TDH,2018-10-06,2018279,032611,EPSG:32649,399960.0,4690200.0,509760.0,4800000.0,True
/home/ec2-user/ndvi_sqs_work/inner_mongolia/raw/HLS-VI.S30.T49TDJ.2018279T032611.v2.0.NDVI.tif,HLS-VI.S30.T49TDJ.2018279T032611.v2.0.NDVI.tif,S30,T49TDJ,2018-10-06,2018279,032611,EPSG:32649,399960.0,4790220.0,509760.0,4900020.0,True
/home/ec2-user/ndvi_sqs_work/inner_mongolia/raw/HLS-VI.S30.T49TEE.2018279T032611.v2.0.NDVI.tif,HLS-VI.S30.T49TEE.2018279T032611.v2.0.NDVI.tif,S30,T49TEE,2018-10-06,2018279,032611,EPSG:32649,499980.0,4390200.0,609780.0,4500000.0,True
/home/ec2-user/ndvi_sqs_work/inner_mongolia/raw/HLS-VI.S30.T49TEF.2018279T032611.v2.0.NDVI.tif,HLS-VI.S30.T49TEF.2018279T032611.v2.0.NDVI.tif,S30,T49TEF,2018-10-06,2018279,032611,EPSG:32649,499980.0,4490220.0,609780.0,4600020.0,True
/home/ec2-user/ndvi_sqs_work/inner_mongolia/raw/HLS-VI.S30.T49TEG.2018279T032611.v2.0.NDVI.tif,HLS-VI.S30.T49TEG.2018279T032611.v2.0.NDVI.tif,S30,T49TEG,2018-10-06,2018279,032611,EPSG:32649,499980.0,4590240.0,609780.0,4700040.0,True
/home/ec2-user/ndvi_sqs_work/inner_mongolia/raw/HLS-VI.S30.T49TEJ.2018279T032611.v2.0.NDVI.tif,HLS-VI.S30.T49TEJ.2018279T032611.v2.0.NDVI.tif,S30,T49TEJ,2018-10-06,2018279,032611,EPSG:32649,499980.0,4790220.0,609780.0,4900020.0,True
/home/ec2-user/ndvi_sqs_work/inner_mongolia/raw/HLS-VI.S30.T49TFG.2018279T032611.v2.0.NDVI.tif,HLS-VI.S30.T49TFG.2018279T032611.v2.0.NDVI.tif,S30,T49TFG,2018-10-06,2018279,032611,EPSG:32649,600000.0,4590240.0,709800.0,4700040.0,True
/home/ec2-user/ndvi_sqs_work/inner_mongolia/raw/HLS-VI.S30.T49TFH.2018279T032611.v2.0.NDVI.tif,HLS-VI.S30.T49TFH.2018279T032611.v2.0.NDVI.tif,S30,T49TFH,2018-10-06,2018279,032611,EPSG:32649,600000.0,4690200.0,709800.0,4800000.0,True
/home/ec2-user/ndvi_sqs_work/inner_mongolia/raw/HLS-VI.S30.T49TFJ.2018279T032611.v2.0.NDVI.tif,HLS-VI.S30.T49TFJ.2018279T032611.v2.0.NDVI.tif,S30,T49TFJ,2018-10-06,2018279,032611,EPSG:32649,600000.0,4790220.0,709800.0,4900020.0,True
/home/ec2-user/ndvi_sqs_work/inner_mongolia/raw/HLS-VI.S30.T48SWG.2018280T034619.v2.0.NDVI.tif,HLS-VI.S30.T48SWG.2018280T034619.v2.0.NDVI.tif,S30,T48SWG,2018-10-07,2018280,034619,EPSG:32648,499980.0,4090200.0,609780.0,4200000.0,True
/home/ec2-user/ndvi_sqs_work/inner_mongolia/raw/HLS-VI.S30.T48SXH.2018280T034619.v2.0.NDVI.tif,HLS-VI.S30.T48SXH.2018280T034619.v2.0.NDVI.tif,S30,T48SXH,2018-10-07,2018280,034619,EPSG:32648,600000.0,4190220.0,709800.0,4300020.0,True
/home/ec2-user/ndvi_sqs_work/inner_mongolia/raw/HLS-VI.S30.T48SXJ.2018280T034619.v2.0.NDVI.tif,HLS-VI.S30.T48SXJ.2018280T034619.v2.0.NDVI.tif,S30,T48SXJ,2018-10-07,2018280,034619,EPSG:32648,600000.0,4290240.0,709800.0,4400040.0,True
/home/ec2-user/ndvi_sqs_work/inner_mongolia/raw/HLS-VI.S30.T48TUK.2018280T034619.v2.0.NDVI.tif,HLS-VI.S30.T48TUK.2018280T034619.v2.0.NDVI.tif,S30,T48TUK,2018-10-07,2018280,034619,EPSG:32648,300000.0,4390200.0,409800.0,4500000.0,True
/home/ec2-user/ndvi_sqs_work/inner_mongolia/raw/HLS-VI.S30.T48TVK.2018280T034619.v2.0.NDVI.tif,HLS-VI.S30.T48TVK.2018280T034619.v2.0.NDVI.tif,S30,T48TVK,2018-10-07,2018280,034619,EPSG:32648,399960.0,4390200.0,509760.0,4500000.0,True
/home/ec2-user/ndvi_sqs_work/inner_mongolia/raw/HLS-VI.S30.T48TVL.2018280T034619.v2.0.NDVI.tif,HLS-VI.S30.T48TVL.2018280T034619.v2.0.NDVI.tif,S30,T48TVL,2018-10-07,2018280,034619,EPSG:32648,399960.0,4490220.0,509760.0,4600020.0,True
/home/ec2-user/ndvi_sqs_work/inner_mongolia/raw/HLS-VI.S30.T48TVM.2018280T034619.v2.0.NDVI.tif,HLS-VI.S30.T48TVM.2018280T034619.v2.0.NDVI.tif,S30,T48TVM,2018-10-07,2018280,034619,EPSG:32648,399960.0,4590240.0,509760.0,4700040.0,True
/home/ec2-user/ndvi_sqs_work/inner_mongolia/raw/HLS-VI.S30.T48TWL.2018280T034619.v2.0.NDVI.tif,HLS-VI.S30.T48TWL.2018280T034619.v2.0.NDVI.tif,S30,T48TWL,2018-10-07,2018280,034619,EPSG:32648,499980.0,4490220.0,609780.0,4600020.0,True
/home/ec2-user/ndvi_sqs_work/inner_mongolia/raw/HLS-VI.S30.T48TWM.2018280T034619.v2.0.NDVI.tif,HLS-VI.S30.T48TWM.2018280T034619.v2.0.NDVI.tif,S30,T48TWM,2018-10-07,2018280,034619,EPSG:32648,499980.0,4590240.0,609780.0,4700040.0,True
/home/ec2-user/ndvi_sqs_work/inner_mongolia/raw/HLS-VI.S30.T48TXL.2018280T034619.v2.0.NDVI.tif,HLS-VI.S30.T48TXL.2018280T034619.v2.0.NDVI.tif,S30,T48TXL,2018-10-07,2018280,034619,EPSG:32648,600000.0,4490220.0,709800.0,4600020.0,True
/home/ec2-user/ndvi_sqs_work/inner_mongolia/raw/HLS-VI.S30.T48TXM.2018280T034619.v2.0.NDVI.tif,HLS-VI.S30.T48TXM.2018280T034619.v2.0.NDVI.tif,S30,T48TXM,2018-10-07,2018280,034619,EPSG:32648,600000.0,4590240.0,709800.0,4700040.0,True
/home/ec2-user/ndvi_sqs_work/inner_mongolia/raw/HLS-VI.S30.T48TYM.2018280T034619.v2.0.NDVI.tif,HLS-VI.S30.T48TYM.2018280T034619.v2.0.NDVI.tif,S30,T48TYM,2018-10-07,2018280,034619,EPSG:32648,699960.0,4590240.0,809760.0,4700040.0,True
/home/ec2-user/ndvi_sqs_work/inner_mongolia/raw/HLS-VI.S30.T48TYN.2018280T034619.v2.0.NDVI.tif,HLS-VI.S30.T48TYN.2018280T034619.v2.0.NDVI.tif,S30,T48TYN,2018-10-07,2018280,034619,EPSG:32648,699960.0,4690200.0,809760.0,4800000.0,True
/home/ec2-user/ndvi_sqs_work/inner_mongolia/raw/HLS-VI.S30.T49TBG.2018280T034619.v2.0.NDVI.tif,HLS-VI.S30.T49TBG.2018280T034619.v2.0.NDVI.tif,S30,T49TBG,2018-10-07,2018280,034619,EPSG:32649,199980.0,4590240.0,309780.0,4700040.0,True
/home/ec2-user/ndvi_sqs_work/inner_mongolia/raw/HLS-VI.S30.T47SPD.2018281T040631.v2.0.NDVI.tif,HLS-VI.S30.T47SPD.2018281T040631.v2.0.NDVI.tif,S30,T47SPD,2018-10-08,2018281,040631,EPSG:32647,600000.0,4290240.0,709800.0,4400040.0,True
/home/ec2-user/ndvi_sqs_work/inner_mongolia/raw/HLS-VI.S30.T47TMF.2018281T040631.v2.0.NDVI.tif,HLS-VI.S30.T47TMF.2018281T040631.v2.0.NDVI.tif,S30,T47TMF,2018-10-08,2018281,040631,EPSG:32647,399960.0,4490220.0,509760.0,4600020.0,True
/home/ec2-user/ndvi_sqs_work/inner_mongolia/raw/HLS-VI.S30.T47TNF.2018281T040631.v2.0.NDVI.tif,HLS-VI.S30.T47TNF.2018281T040631.v2.0.NDVI.tif,S30,T47TNF,2018-10-08,2018281,040631,EPSG:32647,499980.0,4490220.0,609780.0,4600020.0,True
/home/ec2-user/ndvi_sqs_work/inner_mongolia/raw/HLS-VI.S30.T47TNG.2018281T040631.v2.0.NDVI.tif,HLS-VI.S30.T47TNG.2018281T040631.v2.0.NDVI.tif,S30,T47TNG,2018-10-08,2018281,040631,EPSG:32647,499980.0,4590240.0,609780.0,4700040.0,True
/home/ec2-user/ndvi_sqs_work/inner_mongolia/raw/HLS-VI.S30.T47TQE.2018281T040631.v2.0.NDVI.tif,HLS-VI.S30.T47TQE.2018281T040631.v2.0.NDVI.tif,S30,T47TQE,2018-10-08,2018281,040631,EPSG:32647,699960.0,4390200.0,809760.0,4500000.0,True
/home/ec2-user/ndvi_sqs_work/inner_mongolia/raw/HLS-VI.S30.T47TQH.2018281T040631.v2.0.NDVI.tif,HLS-VI.S30.T47TQH.2018281T040631.v2.0.NDVI.tif,S30,T47TQH,2018-10-08,2018281,040631,EPSG:32647,699960.0,4690200.0,809760.0,4800000.0,True
/home/ec2-user/ndvi_sqs_work/inner_mongolia/raw/HLS-VI.S30.T48TTK.2018281T040631.v2.0.NDVI.tif,HLS-VI.S30.T48TTK.2018281T040631.v2.0.NDVI.tif,S30,T48TTK,2018-10-08,2018281,040631,EPSG:32648,199980.0,4390200.0,309780.0,4500000.0,True
/home/ec2-user/ndvi_sqs_work/inner_mongolia/raw/HLS-VI.S30.T49SED.2018281T031619.v2.0.NDVI.tif,HLS-VI.S30.T49SED.2018281T031619.v2.0.NDVI.tif,S30,T49SED,2018-10-08,2018281,031619,EPSG:32649,499980.0,4290240.0,609780.0,4400040.0,True
/home/ec2-user/ndvi_sqs_work/inner_mongolia/raw/HLS-VI.S30.T48SXH.2018282T033631.v2.0.NDVI.tif,HLS-VI.S30.T48SXH.2018282T033631.v2.0.NDVI.tif,S30,T48SXH,2018-10-09,2018282,033631,EPSG:32648,600000.0,4190220.0,709800.0,4300020.0,True
/home/ec2-user/ndvi_sqs_work/inner_mongolia/raw/HLS-VI.S30.T48SYJ.2018282T033631.v2.0.NDVI.tif,HLS-VI.S30.T48SYJ.2018282T033631.v2.0.NDVI.tif,S30,T48SYJ,2018-10-09,2018282,033631,EPSG:32648,699960.0,4290240.0,809760.0,4400040.0,True
/home/ec2-user/ndvi_sqs_work/inner_mongolia/raw/HLS-VI.S30.T48TXL.2018282T033631.v2.0.NDVI.tif,HLS-VI.S30.T48TXL.2018282T033631.v2.0.NDVI.tif,S30,T48TXL,2018-10-09,2018282,033631,EPSG:32648,600000.0,4490220.0,709800.0,4600020.0,True
/home/ec2-user/ndvi_sqs_work/inner_mongolia/raw/HLS-VI.S30.T48TYL.2018282T033631.v2.0.NDVI.tif,HLS-VI.S30.T48TYL.2018282T033631.v2.0.NDVI.tif,S30,T48TYL,2018-10-09,2018282,033631,EPSG:32648,699960.0,4490220.0,809760.0,4600020.0,True
/home/ec2-user/ndvi_sqs_work/inner_mongolia/raw/HLS-VI.S30.T49SBD.2018282T033631.v2.0.NDVI.tif,HLS-VI.S30.T49SBD.2018282T033631.v2.0.NDVI.tif,S30,T49SBD,2018-10-09,2018282,033631,EPSG:32649,199980.0,4290240.0,309780.0,4400040.0,True
/home/ec2-user/ndvi_sqs_work/inner_mongolia/raw/HLS-VI.S30.T49TBF.2018282T033631.v2.0.NDVI.tif,HLS-VI.S30.T49TBF.2018282T033631.v2.0.NDVI.tif,S30,T49TBF,2018-10-09,2018282,033631,EPSG:32649,199980.0,4490220.0,309780.0,4600020.0,True
/home/ec2-user/ndvi_sqs_work/inner_mongolia/raw/HLS-VI.S30.T49TCE.2018282T033631.v2.0.NDVI.tif,HLS-VI.S30.T49TCE.2018282T033631.v2.0.NDVI.tif,S30,T49TCE,2018-10-09,2018282,033631,EPSG:32649,300000.0,4390200.0,409800.0,4500000.0,True
/home/ec2-user/ndvi_sqs_work/inner_mongolia/raw/HLS-VI.S30.T47SPD.2018283T035649.v2.0.NDVI.tif,HLS-VI.S30.T47SPD.2018283T035649.v2.0.NDVI.tif,S30,T47SPD,2018-10-10,2018283,035649,EPSG:32647,600000.0,4290240.0,709800.0,4400040.0,True
/home/ec2-user/ndvi_sqs_work/inner_mongolia/raw/HLS-VI.S30.T47TPE.2018283T035649.v2.0.NDVI.tif,HLS-VI.S30.T47TPE.2018283T035649.v2.0.NDVI.tif,S30,T47TPE,2018-10-10,2018283,035649,EPSG:32647,600000.0,4390200.0,709800.0,4500000.0,True
/home/ec2-user/ndvi_sqs_work/inner_mongolia/raw/HLS-VI.S30.T47TQE.2018283T035649.v2.0.NDVI.tif,HLS-VI.S30.T47TQE.2018283T035649.v2.0.NDVI.tif,S30,T47TQE,2018-10-10,2018283,035649,EPSG:32647,699960.0,4390200.0,809760.0,4500000.0,True
/home/ec2-user/ndvi_sqs_work/inner_mongolia/raw/HLS-VI.S30.T47TQH.2018283T035649.v2.0.NDVI.tif,HLS-VI.S30.T47TQH.2018283T035649.v2.0.NDVI.tif,S30,T47TQH,2018-10-10,2018283,035649,EPSG:32647,699960.0,4690200.0,809760.0,4800000.0,True
/home/ec2-user/ndvi_sqs_work/inner_mongolia/raw/HLS-VI.S30.T48SVG.2018283T035649.v2.0.NDVI.tif,HLS-VI.S30.T48SVG.2018283T035649.v2.0.NDVI.tif,S30,T48SVG,2018-10-10,2018283,035649,EPSG:32648,399960.0,4090200.0,509760.0,4200000.0,True
/home/ec2-user/ndvi_sqs_work/inner_mongolia/raw/HLS-VI.S30.T48TTK.2018283T035649.v2.0.NDVI.tif,HLS-VI.S30.T48TTK.2018283T035649.v2.0.NDVI.tif,S30,T48TTK,2018-10-10,2018283,035649,EPSG:32648,199980.0,4390200.0,309780.0,4500000.0,True
/home/ec2-user/ndvi_sqs_work/inner_mongolia/raw/HLS-VI.S30.T48TTL.2018283T035649.v2.0.NDVI.tif,HLS-VI.S30.T48TTL.2018283T035649.v2.0.NDVI.tif,S30,T48TTL,2018-10-10,2018283,035649,EPSG:32648,199980.0,4490220.0,309780.0,4600020.0,True
/home/ec2-user/ndvi_sqs_work/inner_mongolia/raw/HLS-VI.S30.T48TUK.2018283T035649.v2.0.NDVI.tif,HLS-VI.S30.T48TUK.2018283T035649.v2.0.NDVI.tif,S30,T48TUK,2018-10-10,2018283,035649,EPSG:32648,300000.0,4390200.0,409800.0,4500000.0,True
/home/ec2-user/ndvi_sqs_work/inner_mongolia/raw/HLS-VI.S30.T48TUL.2018283T035649.v2.0.NDVI.tif,HLS-VI.S30.T48TUL.2018283T035649.v2.0.NDVI.tif,S30,T48TUL,2018-10-10,2018283,035649,EPSG:32648,300000.0,4490220.0,409800.0,4600020.0,True
/home/ec2-user/ndvi_sqs_work/inner_mongolia/raw/HLS-VI.S30.T48TUM.2018283T035649.v2.0.NDVI.tif,HLS-VI.S30.T48TUM.2018283T035649.v2.0.NDVI.tif,S30,T48TUM,2018-10-10,2018283,035649,EPSG:32648,300000.0,4590240.0,409800.0,4700040.0,True
/home/ec2-user/ndvi_sqs_work/inner_mongolia/raw/HLS-VI.S30.T48TVK.2018283T035649.v2.0.NDVI.tif,HLS-VI.S30.T48TVK.2018283T035649.v2.0.NDVI.tif,S30,T48TVK,2018-10-10,2018283,035649,EPSG:32648,399960.0,4390200.0,509760.0,4500000.0,True
/home/ec2-user/ndvi_sqs_work/inner_mongolia/raw/HLS-VI.S30.T48TVL.2018283T035649.v2.0.NDVI.tif,HLS-VI.S30.T48TVL.2018283T035649.v2.0.NDVI.tif,S30,T48TVL,2018-10-10,2018283,035649,EPSG:32648,399960.0,4490220.0,509760.0,4600020.0,True
/home/ec2-user/ndvi_sqs_work/inner_mongolia/raw/HLS-VI.S30.T48TVM.2018283T035649.v2.0.NDVI.tif,HLS-VI.S30.T48TVM.2018283T035649.v2.0.NDVI.tif,S30,T48TVM,2018-10-10,2018283,035649,EPSG:32648,399960.0,4590240.0,509760.0,4700040.0,True
/home/ec2-user/ndvi_sqs_work/inner_mongolia/raw/HLS-VI.S30.T48TWL.2018283T035649.v2.0.NDVI.tif,HLS-VI.S30.T48TWL.2018283T035649.v2.0.NDVI.tif,S30,T48TWL,2018-10-10,2018283,035649,EPSG:32648,499980.0,4490220.0,609780.0,4600020.0,True
/home/ec2-user/ndvi_sqs_work/inner_mongolia/raw/HLS-VI.S30.T48TWM.2018283T035649.v2.0.NDVI.tif,HLS-VI.S30.T48TWM.2018283T035649.v2.0.NDVI.tif,S30,T48TWM,2018-10-10,2018283,035649,EPSG:32648,499980.0,4590240.0,609780.0,4700040.0,True
/home/ec2-user/ndvi_sqs_work/inner_mongolia/raw/HLS-VI.S30.T50UNA.2018283T030631.v2.0.NDVI.tif,HLS-VI.S30.T50UNA.2018283T030631.v2.0.NDVI.tif,S30,T50UNA,2018-10-10,2018283,030631,EPSG:32650,499980.0,5490240.0,609780.0,5600040.0,True
/home/ec2-user/ndvi_sqs_work/inner_mongolia/raw/HLS-VI.S30.T47TLF.2018284T041701.v2.0.NDVI.tif,HLS-VI.S30.T47TLF.2018284T041701.v2.0.NDVI.tif,S30,T47TLF,2018-10-11,2018284,041701,EPSG:32647,300000.0,4490220.0,409800.0,4600020.0,True
/home/ec2-user/ndvi_sqs_work/inner_mongolia/raw/HLS-VI.S30.T47TLG.2018284T041701.v2.0.NDVI.tif,HLS-VI.S30.T47TLG.2018284T041701.v2.0.NDVI.tif,S30,T47TLG,2018-10-11,2018284,041701,EPSG:32647,300000.0,4590240.0,409800.0,4700040.0,True
/home/ec2-user/ndvi_sqs_work/inner_mongolia/raw/HLS-VI.S30.T47TLH.2018284T041701.v2.0.NDVI.tif,HLS-VI.S30.T47TLH.2018284T041701.v2.0.NDVI.tif,S30,T47TLH,2018-10-11,2018284,041701,EPSG:32647,300000.0,4690200.0,409800.0,4800000.0,True
/home/ec2-user/ndvi_sqs_work/inner_mongolia/raw/HLS-VI.S30.T47TMF.2018284T041701.v2.0.NDVI.tif,HLS-VI.S30.T47TMF.2018284T041701.v2.0.NDVI.tif,S30,T47TMF,2018-10-11,2018284,041701,EPSG:32647,399960.0,4490220.0,509760.0,4600020.0,True
/home/ec2-user/ndvi_sqs_work/inner_mongolia/raw/HLS-VI.S30.T47TMG.2018284T041701.v2.0.NDVI.tif,HLS-VI.S30.T47TMG.2018284T041701.v2.0.NDVI.tif,S30,T47TMG,2018-10-11,2018284,041701,EPSG:32647,399960.0,4590240.0,509760.0,4700040.0,True
/home/ec2-user/ndvi_sqs_work/inner_mongolia/raw/HLS-VI.S30.T47TMH.2018284T041701.v2.0.NDVI.tif,HLS-VI.S30.T47TMH.2018284T041701.v2.0.NDVI.tif,S30,T47TMH,2018-10-11,2018284,041701,EPSG:32647,399960.0,4690200.0,509760.0,4800000.0,True
/home/ec2-user/ndvi_sqs_work/inner_mongolia/raw/HLS-VI.S30.T47TNF.2018284T041701.v2.0.NDVI.tif,HLS-VI.S30.T47TNF.2018284T041701.v2.0.NDVI.tif,S30,T47TNF,2018-10-11,2018284,041701,EPSG:32647,499980.0,4490220.0,609780.0,4600020.0,True
/home/ec2-user/ndvi_sqs_work/inner_mongolia/raw/HLS-VI.S30.T47TNG.2018284T041701.v2.0.NDVI.tif,HLS-VI.S30.T47TNG.2018284T041701.v2.0.NDVI.tif,S30,T47TNG,2018-10-11,2018284,041701,EPSG:32647,499980.0,4590240.0,609780.0,4700040.0,True
/home/ec2-user/ndvi_sqs_work/inner_mongolia/raw/HLS-VI.S30.T49SCB.2018284T032639.v2.0.NDVI.tif,HLS-VI.S30.T49SCB.2018284T032639.v2.0.NDVI.tif,S30,T49SCB,2018-10-11,2018284,032639,EPSG:32649,300000.0,4090200.0,409800.0,4200000.0,True
/home/ec2-user/ndvi_sqs_work/inner_mongolia/raw/HLS-VI.S30.T49SDC.2018284T032639.v2.0.NDVI.tif,HLS-VI.S30.T49SDC.2018284T032639.v2.0.NDVI.tif,S30,T49SDC,2018-10-11,2018284,032639,EPSG:32649,399960.0,4190220.0,509760.0,4300020.0,True
/home/ec2-user/ndvi_sqs_work/inner_mongolia/raw/HLS-VI.S30.T49TEF.2018284T032639.v2.0.NDVI.tif,HLS-VI.S30.T49TEF.2018284T032639.v2.0.NDVI.tif,S30,T49TEF,2018-10-11,2018284,032639,EPSG:32649,499980.0,4490220.0,609780.0,4600020.0,True
/home/ec2-user/ndvi_sqs_work/inner_mongolia/raw/HLS-VI.S30.T49TEG.2018284T032639.v2.0.NDVI.tif,HLS-VI.S30.T49TEG.2018284T032639.v2.0.NDVI.tif,S30,T49TEG,2018-10-11,2018284,032639,EPSG:32649,499980.0,4590240.0,609780.0,4700040.0,True
/home/ec2-user/ndvi_sqs_work/inner_mongolia/raw/HLS-VI.S30.T49TFE.2018284T032639.v2.0.NDVI.tif,HLS-VI.S30.T49TFE.2018284T032639.v2.0.NDVI.tif,S30,T49TFE,2018-10-11,2018284,032639,EPSG:32649,600000.0,4390200.0,709800.0,4500000.0,True
/home/ec2-user/ndvi_sqs_work/inner_mongolia/raw/HLS-VI.S30.T49TFF.2018284T032639.v2.0.NDVI.tif,HLS-VI.S30.T49TFF.2018284T032639.v2.0.NDVI.tif,S30,T49TFF,2018-10-11,2018284,032639,EPSG:32649,600000.0,4490220.0,709800.0,4600020.0,True
/home/ec2-user/ndvi_sqs_work/inner_mongolia/raw/HLS-VI.S30.T49TFK.2018284T032639.v2.0.NDVI.tif,HLS-VI.S30.T49TFK.2018284T032639.v2.0.NDVI.tif,S30,T49TFK,2018-10-11,2018284,032639,EPSG:32649,600000.0,4890240.0,709800.0,5000040.0,True
/home/ec2-user/ndvi_sqs_work/inner_mongolia/raw/HLS-VI.S30.T49TGJ.2018284T032639.v2.0.NDVI.tif,HLS-VI.S30.T49TGJ.2018284T032639.v2.0.NDVI.tif,S30,T49TGJ,2018-10-11,2018284,032639,EPSG:32649,699960.0,4790220.0,809760.0,4900020.0,True
/home/ec2-user/ndvi_sqs_work/inner_mongolia/raw/HLS-VI.S30.T49TGL.2018284T032639.v2.0.NDVI.tif,HLS-VI.S30.T49TGL.2018284T032639.v2.0.NDVI.tif,S30,T49TGL,2018-10-11,2018284,032639,EPSG:32649,699960.0,4990200.0,809760.0,5100000.0,True
/home/ec2-user/ndvi_sqs_work/inner_mongolia/raw/HLS-VI.S30.T51UXP.2018284T023621.v2.0.NDVI.tif,HLS-VI.S30.T51UXP.2018284T023621.v2.0.NDVI.tif,S30,T51UXP,2018-10-11,2018284,023621,EPSG:32651,600000.0,5290200.0,709800.0,5400000.0,True
/home/ec2-user/ndvi_sqs_work/inner_mongolia/raw/HLS-VI.S30.T51UYS.2018284T023621.v2.0.NDVI.tif,HLS-VI.S30.T51UYS.2018284T023621.v2.0.NDVI.tif,S30,T51UYS,2018-10-11,2018284,023621,EPSG:32651,699960.0,5590200.0,809760.0,5700000.0,True
/home/ec2-user/ndvi_sqs_work/inner_mongolia/raw/HLS-VI.S30.T48SUG.2018285T034701.v2.0.NDVI.tif,HLS-VI.S30.T48SUG.2018285T034701.v2.0.NDVI.tif,S30,T48SUG,2018-10-12,2018285,034701,EPSG:32648,300000.0,4090200.0,409800.0,4200000.0,True
/home/ec2-user/ndvi_sqs_work/inner_mongolia/raw/HLS-VI.S30.T48TUK.2018285T034701.v2.0.NDVI.tif,HLS-VI.S30.T48TUK.2018285T034701.v2.0.NDVI.tif,S30,T48TUK,2018-10-12,2018285,034701,EPSG:32648,300000.0,4390200.0,409800.0,4500000.0,True
/home/ec2-user/ndvi_sqs_work/inner_mongolia/raw/HLS-VI.S30.T48TVK.2018285T034701.v2.0.NDVI.tif,HLS-VI.S30.T48TVK.2018285T034701.v2.0.NDVI.tif,S30,T48TVK,2018-10-12,2018285,034701,EPSG:32648,399960.0,4390200.0,509760.0,4500000.0,True
/home/ec2-user/ndvi_sqs_work/inner_mongolia/raw/HLS-VI.S30.T48TVL.2018285T034701.v2.0.NDVI.tif,HLS-VI.S30.T48TVL.2018285T034701.v2.0.NDVI.tif,S30,T48TVL,2018-10-12,2018285,034701,EPSG:32648,399960.0,4490220.0,509760.0,4600020.0,True
/home/ec2-user/ndvi_sqs_work/inner_mongolia/raw/HLS-VI.S30.T48TVM.2018285T034701.v2.0.NDVI.tif,HLS-VI.S30.T48TVM.2018285T034701.v2.0.NDVI.tif,S30,T48TVM,2018-10-12,2018285,034701,EPSG:32648,399960.0,4590240.0,509760.0,4700040.0,True
/home/ec2-user/ndvi_sqs_work/inner_mongolia/raw/HLS-VI.S30.T48TWL.2018285T034701.v2.0.NDVI.tif,HLS-VI.S30.T48TWL.2018285T034701.v2.0.NDVI.tif,S30,T48TWL,2018-10-12,2018285,034701,EPSG:32648,499980.0,4490220.0,609780.0,4600020.0,True
/home/ec2-user/ndvi_sqs_work/inner_mongolia/raw/HLS-VI.S30.T48TWM.2018285T034701.v2.0.NDVI.tif,HLS-VI.S30.T48TWM.2018285T034701.v2.0.NDVI.tif,S30,T48TWM,2018-10-12,2018285,034701,EPSG:32648,499980.0,4590240.0,609780.0,4700040.0,True
/home/ec2-user/ndvi_sqs_work/inner_mongolia/raw/HLS-VI.S30.T48TXL.2018285T034701.v2.0.NDVI.tif,HLS-VI.S30.T48TXL.2018285T034701.v2.0.NDVI.tif,S30,T48TXL,2018-10-12,2018285,034701,EPSG:32648,600000.0,4490220.0,709800.0,4600020.0,True
/home/ec2-user/ndvi_sqs_work/inner_mongolia/raw/HLS-VI.S30.T48TXM.2018285T034701.v2.0.NDVI.tif,HLS-VI.S30.T48TXM.2018285T034701.v2.0.NDVI.tif,S30,T48TXM,2018-10-12,2018285,034701,EPSG:32648,600000.0,4590240.0,709800.0,4700040.0,True
/home/ec2-user/ndvi_sqs_work/inner_mongolia/raw/HLS-VI.S30.T48TXN.2018285T034701.v2.0.NDVI.tif,HLS-VI.S30.T48TXN.2018285T034701.v2.0.NDVI.tif,S30,T48TXN,2018-10-12,2018285,034701,EPSG:32648,600000.0,4690200.0,709800.0,4800000.0,True
/home/ec2-user/ndvi_sqs_work/inner_mongolia/raw/HLS-VI.S30.T48TYM.2018285T034701.v2.0.NDVI.tif,HLS-VI.S30.T48TYM.2018285T034701.v2.0.NDVI.tif,S30,T48TYM,2018-10-12,2018285,034701,EPSG:32648,699960.0,4590240.0,809760.0,4700040.0,True
/home/ec2-user/ndvi_sqs_work/inner_mongolia/raw/HLS-VI.S30.T48TYN.2018285T034701.v2.0.NDVI.tif,HLS-VI.S30.T48TYN.2018285T034701.v2.0.NDVI.tif,S30,T48TYN,2018-10-12,2018285,034701,EPSG:32648,699960.0,4690200.0,809760.0,4800000.0,True
/home/ec2-user/ndvi_sqs_work/inner_mongolia/raw/HLS-VI.S30.T49TBG.2018285T034701.v2.0.NDVI.tif,HLS-VI.S30.T49TBG.2018285T034701.v2.0.NDVI.tif,S30,T49TBG,2018-10-12,2018285,034701,EPSG:32649,199980.0,4590240.0,309780.0,4700040.0,True
/home/ec2-user/ndvi_sqs_work/inner_mongolia/raw/HLS-VI.S30.T50TNN.2018285T025639.v2.0.NDVI.tif,HLS-VI.S30.T50TNN.2018285T025639.v2.0.NDVI.tif,S30,T50TNN,2018-10-12,2018285,025639,EPSG:32650,499980.0,4690200.0,609780.0,4800000.0,True
/home/ec2-user/ndvi_sqs_work/inner_mongolia/raw/HLS-VI.S30.T50TPM.2018285T025639.v2.0.NDVI.tif,HLS-VI.S30.T50TPM.2018285T025639.v2.0.NDVI.tif,S30,T50TPM,2018-10-12,2018285,025639,EPSG:32650,600000.0,4590240.0,709800.0,4700040.0,True
/home/ec2-user/ndvi_sqs_work/inner_mongolia/raw/HLS-VI.S30.T50TPN.2018285T025639.v2.0.NDVI.tif,HLS-VI.S30.T50TPN.2018285T025639.v2.0.NDVI.tif,S30,T50TPN,2018-10-12,2018285,025639,EPSG:32650,600000.0,4690200.0,709800.0,4800000.0,True
/home/ec2-user/ndvi_sqs_work/inner_mongolia/raw/HLS-VI.S30.T50TPP.2018285T025639.v2.0.NDVI.tif,HLS-VI.S30.T50TPP.2018285T025639.v2.0.NDVI.tif,S30,T50TPP,2018-10-12,2018285,025639,EPSG:32650,600000.0,4790220.0,709800.0,4900020.0,True
/home/ec2-user/ndvi_sqs_work/inner_mongolia/raw/HLS-VI.S30.T50TPR.2018285T025639.v2.0.NDVI.tif,HLS-VI.S30.T50TPR.2018285T025639.v2.0.NDVI.tif,S30,T50TPR,2018-10-12,2018285,025639,EPSG:32650,600000.0,4990200.0,709800.0,5100000.0,True
/home/ec2-user/ndvi_sqs_work/inner_mongolia/raw/HLS-VI.S30.T50TPS.2018285T025639.v2.0.NDVI.tif,HLS-VI.S30.T50TPS.2018285T025639.v2.0.NDVI.tif,S30,T50TPS,2018-10-12,2018285,025639,EPSG:32650,600000.0,5090220.0,709800.0,5200020.0,True
/home/ec2-user/ndvi_sqs_work/inner_mongolia/raw/HLS-VI.S30.T50TQM.2018285T025639.v2.0.NDVI.tif,HLS-VI.S30.T50TQM.2018285T025639.v2.0.NDVI.tif,S30,T50TQM,2018-10-12,2018285,025639,EPSG:32650,699960.0,4590240.0,809760.0,4700040.0,True
/home/ec2-user/ndvi_sqs_work/inner_mongolia/raw/HLS-VI.S30.T50TQN.2018285T025639.v2.0.NDVI.tif,HLS-VI.S30.T50TQN.2018285T025639.v2.0.NDVI.tif,S30,T50TQN,2018-10-12,2018285,025639,EPSG:32650,699960.0,4690200.0,809760.0,4800000.0,True
/home/ec2-user/ndvi_sqs_work/inner_mongolia/raw/HLS-VI.S30.T50TQP.2018285T025639.v2.0.NDVI.tif,HLS-VI.S30.T50TQP.2018285T025639.v2.0.NDVI.tif,S30,T50TQP,2018-10-12,2018285,025639,EPSG:32650,699960.0,4790220.0,809760.0,4900020.0,True
/home/ec2-user/ndvi_sqs_work/inner_mongolia/raw/HLS-VI.S30.T50TQQ.2018285T025639.v2.0.NDVI.tif,HLS-VI.S30.T50TQQ.2018285T025639.v2.0.NDVI.tif,S30,T50TQQ,2018-10-12,2018285,025639,EPSG:32650,699960.0,4890240.0,809760.0,5000040.0,True
/home/ec2-user/ndvi_sqs_work/inner_mongolia/raw/HLS-VI.S30.T50TQR.2018285T025639.v2.0.NDVI.tif,HLS-VI.S30.T50TQR.2018285T025639.v2.0.NDVI.tif,S30,T50TQR,2018-10-12,2018285,025639,EPSG:32650,699960.0,4990200.0,809760.0,5100000.0,True
/home/ec2-user/ndvi_sqs_work/inner_mongolia/raw/HLS-VI.S30.T50TQS.2018285T025639.v2.0.NDVI.tif,HLS-VI.S30.T50TQS.2018285T025639.v2.0.NDVI.tif,S30,T50TQS,2018-10-12,2018285,025639,EPSG:32650,699960.0,5090220.0,809760.0,5200020.0,True
/home/ec2-user/ndvi_sqs_work/inner_mongolia/raw/HLS-VI.S30.T50UPU.2018285T025639.v2.0.NDVI.tif,HLS-VI.S30.T50UPU.2018285T025639.v2.0.NDVI.tif,S30,T50UPU,2018-10-12,2018285,025639,EPSG:32650,600000.0,5290200.0,709800.0,5400000.0,True
/home/ec2-user/ndvi_sqs_work/inner_mongolia/raw/HLS-VI.S30.T51TTG.2018285T025639.v2.0.NDVI.tif,HLS-VI.S30.T51TTG.2018285T025639.v2.0.NDVI.tif,S30,T51TTG,2018-10-12,2018285,025639,EPSG:32651,199980.0,4590240.0,309780.0,4700040.0,True
/home/ec2-user/ndvi_sqs_work/inner_mongolia/raw/HLS-VI.S30.T51TUG.2018285T025639.v2.0.NDVI.tif,HLS-VI.S30.T51TUG.2018285T025639.v2.0.NDVI.tif,S30,T51TUG,2018-10-12,2018285,025639,EPSG:32651,300000.0,4590240.0,409800.0,4700040.0,True
/home/ec2-user/ndvi_sqs_work/inner_mongolia/raw/HLS-VI.S30.T51TUH.2018285T025639.v2.0.NDVI.tif,HLS-VI.S30.T51TUH.2018285T025639.v2.0.NDVI.tif,S30,T51TUH,2018-10-12,2018285,025639,EPSG:32651,300000.0,4690200.0,409800.0,4800000.0,True
/home/ec2-user/ndvi_sqs_work/inner_mongolia/raw/HLS-VI.S30.T51TUJ.2018285T025639.v2.0.NDVI.tif,HLS-VI.S30.T51TUJ.2018285T025639.v2.0.NDVI.tif,S30,T51TUJ,2018-10-12,2018285,025639,EPSG:32651,300000.0,4790220.0,409800.0,4900020.0,True
/home/ec2-user/ndvi_sqs_work/inner_mongolia/raw/HLS-VI.S30.T51TUK.2018285T025639.v2.0.NDVI.tif,HLS-VI.S30.T51TUK.2018285T025639.v2.0.NDVI.tif,S30,T51TUK,2018-10-12,2018285,025639,EPSG:32651,300000.0,4890240.0,409800.0,5000040.0,True
/home/ec2-user/ndvi_sqs_work/inner_mongolia/raw/HLS-VI.S30.T51TUL.2018285T025639.v2.0.NDVI.tif,HLS-VI.S30.T51TUL.2018285T025639.v2.0.NDVI.tif,S30,T51TUL,2018-10-12,2018285,025639,EPSG:32651,300000.0,4990200.0,409800.0,5100000.0,True
/home/ec2-user/ndvi_sqs_work/inner_mongolia/raw/HLS-VI.S30.T51TUM.2018285T025639.v2.0.NDVI.tif,HLS-VI.S30.T51TUM.2018285T025639.v2.0.NDVI.tif,S30,T51TUM,2018-10-12,2018285,025639,EPSG:32651,300000.0,5090220.0,409800.0,5200020.0,True
/home/ec2-user/ndvi_sqs_work/inner_mongolia/raw/HLS-VI.S30.T51TUN.2018285T025639.v2.0.NDVI.tif,HLS-VI.S30.T51TUN.2018285T025639.v2.0.NDVI.tif,S30,T51TUN,2018-10-12,2018285,025639,EPSG:32651,300000.0,5190240.0,409800.0,5300040.0,True
/home/ec2-user/ndvi_sqs_work/inner_mongolia/raw/HLS-VI.S30.T51TVL.2018285T025639.v2.0.NDVI.tif,HLS-VI.S30.T51TVL.2018285T025639.v2.0.NDVI.tif,S30,T51TVL,2018-10-12,2018285,025639,EPSG:32651,399960.0,4990200.0,509760.0,5100000.0,True
/home/ec2-user/ndvi_sqs_work/inner_mongolia/raw/HLS-VI.S30.T51TVM.2018285T025639.v2.0.NDVI.tif,HLS-VI.S30.T51TVM.2018285T025639.v2.0.NDVI.tif,S30,T51TVM,2018-10-12,2018285,025639,EPSG:32651,399960.0,5090220.0,509760.0,5200020.0,True
/home/ec2-user/ndvi_sqs_work/inner_mongolia/raw/HLS-VI.S30.T51TVN.2018285T025639.v2.0.NDVI.tif,HLS-VI.S30.T51TVN.2018285T025639.v2.0.NDVI.tif,S30,T51TVN,2018-10-12,2018285,025639,EPSG:32651,399960.0,5190240.0,509760.0,5300040.0,True
/home/ec2-user/ndvi_sqs_work/inner_mongolia/raw/HLS-VI.S30.T51UUP.2018285T025639.v2.0.NDVI.tif,HLS-VI.S30.T51UUP.2018285T025639.v2.0.NDVI.tif,S30,T51UUP,2018-10-12,2018285,025639,EPSG:32651,300000.0,5290200.0,409800.0,5400000.0,True
/home/ec2-user/ndvi_sqs_work/inner_mongolia/raw/HLS-VI.S30.T47TQH.2018286T040709.v2.0.NDVI.tif,HLS-VI.S30.T47TQH.2018286T040709.v2.0.NDVI.tif,S30,T47TQH,2018-10-13,2018286,040709,EPSG:32647,699960.0,4690200.0,809760.0,4800000.0,True
/home/ec2-user/ndvi_sqs_work/inner_mongolia/raw/HLS-VI.S30.T48TUM.2018286T040709.v2.0.NDVI.tif,HLS-VI.S30.T48TUM.2018286T040709.v2.0.NDVI.tif,S30,T48TUM,2018-10-13,2018286,040709,EPSG:32648,300000.0,4590240.0,409800.0,4700040.0,True
/home/ec2-user/ndvi_sqs_work/inner_mongolia/raw/HLS-VI.S30.T49TEH.2018286T031651.v2.0.NDVI.tif,HLS-VI.S30.T49TEH.2018286T031651.v2.0.NDVI.tif,S30,T49TEH,2018-10-13,2018286,031651,EPSG:32649,499980.0,4690200.0,609780.0,4800000.0,True
/home/ec2-user/ndvi_sqs_work/inner_mongolia/raw/HLS-VI.S30.T50TLQ.2018286T031651.v2.0.NDVI.tif,HLS-VI.S30.T50TLQ.2018286T031651.v2.0.NDVI.tif,S30,T50TLQ,2018-10-13,2018286,031651,EPSG:32650,300000.0,4890240.0,409800.0,5000040.0,True
/home/ec2-user/ndvi_sqs_work/inner_mongolia/raw/HLS-VI.S30.T50TMR.2018286T031651.v2.0.NDVI.tif,HLS-VI.S30.T50TMR.2018286T031651.v2.0.NDVI.tif,S30,T50TMR,2018-10-13,2018286,031651,EPSG:32650,399960.0,4990200.0,509760.0,5100000.0,True
/home/ec2-user/ndvi_sqs_work/inner_mongolia/raw/HLS-VI.S30.T50TMS.2018286T031651.v2.0.NDVI.tif,HLS-VI.S30.T50TMS.2018286T031651.v2.0.NDVI.tif,S30,T50TMS,2018-10-13,2018286,031651,EPSG:32650,399960.0,5090220.0,509760.0,5200020.0,True
/home/ec2-user/ndvi_sqs_work/inner_mongolia/raw/HLS-VI.S30.T47TLG.2018287T042731.v2.0.NDVI.tif,HLS-VI.S30.T47TLG.2018287T042731.v2.0.NDVI.tif,S30,T47TLG,2018-10-14,2018287,042731,EPSG:32647,300000.0,4590240.0,409800.0,4700040.0,True
/home/ec2-user/ndvi_sqs_work/inner_mongolia/raw/HLS-VI.S30.T47TLH.2018287T042731.v2.0.NDVI.tif,HLS-VI.S30.T47TLH.2018287T042731.v2.0.NDVI.tif,S30,T47TLH,2018-10-14,2018287,042731,EPSG:32647,300000.0,4690200.0,409800.0,4800000.0,True
/home/ec2-user/ndvi_sqs_work/inner_mongolia/raw/HLS-VI.S30.T48TXN.2018287T033709.v2.0.NDVI.tif,HLS-VI.S30.T48TXN.2018287T033709.v2.0.NDVI.tif,S30,T48TXN,2018-10-14,2018287,033709,EPSG:32648,600000.0,4690200.0,709800.0,4800000.0,True
/home/ec2-user/ndvi_sqs_work/inner_mongolia/raw/HLS-VI.S30.T48TYN.2018287T033709.v2.0.NDVI.tif,HLS-VI.S30.T48TYN.2018287T033709.v2.0.NDVI.tif,S30,T48TYN,2018-10-14,2018287,033709,EPSG:32648,699960.0,4690200.0,809760.0,4800000.0,True
/home/ec2-user/ndvi_sqs_work/inner_mongolia/raw/HLS-VI.S30.T49TCH.2018287T033709.v2.0.NDVI.tif,HLS-VI.S30.T49TCH.2018287T033709.v2.0.NDVI.tif,S30,T49TCH,2018-10-14,2018287,033709,EPSG:32649,300000.0,4690200.0,409800.0,4800000.0,True
/home/ec2-user/ndvi_sqs_work/inner_mongolia/raw/HLS-VI.S30.T49TDJ.2018287T033709.v2.0.NDVI.tif,HLS-VI.S30.T49TDJ.2018287T033709.v2.0.NDVI.tif,S30,T49TDJ,2018-10-14,2018287,033709,EPSG:32649,399960.0,4790220.0,509760.0,4900020.0,True
/home/ec2-user/ndvi_sqs_work/inner_mongolia/raw/HLS-VI.S30.T50TPM.2018287T024641.v2.0.NDVI.tif,HLS-VI.S30.T50TPM.2018287T024641.v2.0.NDVI.tif,S30,T50TPM,2018-10-14,2018287,024641,EPSG:32650,600000.0,4590240.0,709800.0,4700040.0,True
/home/ec2-user/ndvi_sqs_work/inner_mongolia/raw/HLS-VI.S30.T50TQN.2018287T024641.v2.0.NDVI.tif,HLS-VI.S30.T50TQN.2018287T024641.v2.0.NDVI.tif,S30,T50TQN,2018-10-14,2018287,024641,EPSG:32650,699960.0,4690200.0,809760.0,4800000.0,True
/home/ec2-user/ndvi_sqs_work/inner_mongolia/raw/HLS-VI.S30.T50TQP.2018287T024641.v2.0.NDVI.tif,HLS-VI.S30.T50TQP.2018287T024641.v2.0.NDVI.tif,S30,T50TQP,2018-10-14,2018287,024641,EPSG:32650,699960.0,4790220.0,809760.0,4900020.0,True
/home/ec2-user/ndvi_sqs_work/inner_mongolia/raw/HLS-VI.S30.T50TQQ.2018287T024641.v2.0.NDVI.tif,HLS-VI.S30.T50TQQ.2018287T024641.v2.0.NDVI.tif,S30,T50TQQ,2018-10-14,2018287,024641,EPSG:32650,699960.0,4890240.0,809760.0,5000040.0,True
/home/ec2-user/ndvi_sqs_work/inner_mongolia/raw/HLS-VI.S30.T51TUH.2018287T024641.v2.0.NDVI.tif,HLS-VI.S30.T51TUH.2018287T024641.v2.0.NDVI.tif,S30,T51TUH,2018-10-14,2018287,024641,EPSG:32651,300000.0,4690200.0,409800.0,4800000.0,True
/home/ec2-user/ndvi_sqs_work/inner_mongolia/raw/HLS-VI.S30.T51TUJ.2018287T024641.v2.0.NDVI.tif,HLS-VI.S30.T51TUJ.2018287T024641.v2.0.NDVI.tif,S30,T51TUJ,2018-10-14,2018287,024641,EPSG:32651,300000.0,4790220.0,409800.0,4900020.0,True
/home/ec2-user/ndvi_sqs_work/inner_mongolia/raw/HLS-VI.S30.T51TUK.2018287T024641.v2.0.NDVI.tif,HLS-VI.S30.T51TUK.2018287T024641.v2.0.NDVI.tif,S30,T51TUK,2018-10-14,2018287,024641,EPSG:32651,300000.0,4890240.0,409800.0,5000040.0,True
/home/ec2-user/ndvi_sqs_work/inner_mongolia/raw/HLS-VI.S30.T47SPD.2018288T035721.v2.0.NDVI.tif,HLS-VI.S30.T47SPD.2018288T035721.v2.0.NDVI.tif,S30,T47SPD,2018-10-15,2018288,035721,EPSG:32647,600000.0,4290240.0,709800.0,4400040.0,True
/home/ec2-user/ndvi_sqs_work/inner_mongolia/raw/HLS-VI.S30.T47TPE.2018288T035721.v2.0.NDVI.tif,HLS-VI.S30.T47TPE.2018288T035721.v2.0.NDVI.tif,S30,T47TPE,2018-10-15,2018288,035721,EPSG:32647,600000.0,4390200.0,709800.0,4500000.0,True
/home/ec2-user/ndvi_sqs_work/inner_mongolia/raw/HLS-VI.S30.T47TQH.2018288T035721.v2.0.NDVI.tif,HLS-VI.S30.T47TQH.2018288T035721.v2.0.NDVI.tif,S30,T47TQH,2018-10-15,2018288,035721,EPSG:32647,699960.0,4690200.0,809760.0,4800000.0,True
/home/ec2-user/ndvi_sqs_work/inner_mongolia/raw/HLS-VI.S30.T48TTK.2018288T035721.v2.0.NDVI.tif,HLS-VI.S30.T48TTK.2018288T035721.v2.0.NDVI.tif,S30,T48TTK,2018-10-15,2018288,035721,EPSG:32648,199980.0,4390200.0,309780.0,4500000.0,True
/home/ec2-user/ndvi_sqs_work/inner_mongolia/raw/HLS-VI.S30.T48TTL.2018288T035721.v2.0.NDVI.tif,HLS-VI.S30.T48TTL.2018288T035721.v2.0.NDVI.tif,S30,T48TTL,2018-10-15,2018288,035721,EPSG:32648,199980.0,4490220.0,309780.0,4600020.0,True
/home/ec2-user/ndvi_sqs_work/inner_mongolia/raw/HLS-VI.S30.T48TUK.2018288T035721.v2.0.NDVI.tif,HLS-VI.S30.T48TUK.2018288T035721.v2.0.NDVI.tif,S30,T48TUK,2018-10-15,2018288,035721,EPSG:32648,300000.0,4390200.0,409800.0,4500000.0,True
/home/ec2-user/ndvi_sqs_work/inner_mongolia/raw/HLS-VI.S30.T48TUL.2018288T035721.v2.0.NDVI.tif,HLS-VI.S30.T48TUL.2018288T035721.v2.0.NDVI.tif,S30,T48TUL,2018-10-15,2018288,035721,EPSG:32648,300000.0,4490220.0,409800.0,4600020.0,True
/home/ec2-user/ndvi_sqs_work/inner_mongolia/raw/HLS-VI.S30.T48TUM.2018288T035721.v2.0.NDVI.tif,HLS-VI.S30.T48TUM.2018288T035721.v2.0.NDVI.tif,S30,T48TUM,2018-10-15,2018288,035721,EPSG:32648,300000.0,4590240.0,409800.0,4700040.0,True
/home/ec2-user/ndvi_sqs_work/inner_mongolia/raw/HLS-VI.S30.T48TVL.2018288T035721.v2.0.NDVI.tif,HLS-VI.S30.T48TVL.2018288T035721.v2.0.NDVI.tif,S30,T48TVL,2018-10-15,2018288,035721,EPSG:32648,399960.0,4490220.0,509760.0,4600020.0,True
/home/ec2-user/ndvi_sqs_work/inner_mongolia/raw/HLS-VI.S30.T48TVM.2018288T035721.v2.0.NDVI.tif,HLS-VI.S30.T48TVM.2018288T035721.v2.0.NDVI.tif,S30,T48TVM,2018-10-15,2018288,035721,EPSG:32648,399960.0,4590240.0,509760.0,4700040.0,True
/home/ec2-user/ndvi_sqs_work/inner_mongolia/raw/HLS-VI.S30.T50TLQ.2018288T030659.v2.0.NDVI.tif,HLS-VI.S30.T50TLQ.2018288T030659.v2.0.NDVI.tif,S30,T50TLQ,2018-10-15,2018288,030659,EPSG:32650,300000.0,4890240.0,409800.0,5000040.0,True
/home/ec2-user/ndvi_sqs_work/inner_mongolia/raw/HLS-VI.S30.T50TLR.2018288T030659.v2.0.NDVI.tif,HLS-VI.S30.T50TLR.2018288T030659.v2.0.NDVI.tif,S30,T50TLR,2018-10-15,2018288,030659,EPSG:32650,300000.0,4990200.0,409800.0,5100000.0,True
/home/ec2-user/ndvi_sqs_work/inner_mongolia/raw/HLS-VI.S30.T50TMP.2018288T030659.v2.0.NDVI.tif,HLS-VI.S30.T50TMP.2018288T030659.v2.0.NDVI.tif,S30,T50TMP,2018-10-15,2018288,030659,EPSG:32650,399960.0,4790220.0,509760.0,4900020.0,True
/home/ec2-user/ndvi_sqs_work/inner_mongolia/raw/HLS-VI.S30.T50TMR.2018288T030659.v2.0.NDVI.tif,HLS-VI.S30.T50TMR.2018288T030659.v2.0.NDVI.tif,S30,T50TMR,2018-10-15,2018288,030659,EPSG:32650,399960.0,4990200.0,509760.0,5100000.0,True
/home/ec2-user/ndvi_sqs_work/inner_mongolia/raw/HLS-VI.S30.T50TMS.2018288T030659.v2.0.NDVI.tif,HLS-VI.S30.T50TMS.2018288T030659.v2.0.NDVI.tif,S30,T50TMS,2018-10-15,2018288,030659,EPSG:32650,399960.0,5090220.0,509760.0,5200020.0,True
/home/ec2-user/ndvi_sqs_work/inner_mongolia/raw/HLS-VI.S30.T50TMT.2018288T030659.v2.0.NDVI.tif,HLS-VI.S30.T50TMT.2018288T030659.v2.0.NDVI.tif,S30,T50TMT,2018-10-15,2018288,030659,EPSG:32650,399960.0,5190240.0,509760.0,5300040.0,True
/home/ec2-user/ndvi_sqs_work/inner_mongolia/raw/HLS-VI.S30.T50TNQ.2018288T030659.v2.0.NDVI.tif,HLS-VI.S30.T50TNQ.2018288T030659.v2.0.NDVI.tif,S30,T50TNQ,2018-10-15,2018288,030659,EPSG:32650,499980.0,4890240.0,609780.0,5000040.0,True
/home/ec2-user/ndvi_sqs_work/inner_mongolia/raw/HLS-VI.S30.T50TNT.2018288T030659.v2.0.NDVI.tif,HLS-VI.S30.T50TNT.2018288T030659.v2.0.NDVI.tif,S30,T50TNT,2018-10-15,2018288,030659,EPSG:32650,499980.0,5190240.0,609780.0,5300040.0,True
/home/ec2-user/ndvi_sqs_work/inner_mongolia/raw/HLS-VI.S30.T50TPN.2018288T030659.v2.0.NDVI.tif,HLS-VI.S30.T50TPN.2018288T030659.v2.0.NDVI.tif,S30,T50TPN,2018-10-15,2018288,030659,EPSG:32650,600000.0,4690200.0,709800.0,4800000.0,True
/home/ec2-user/ndvi_sqs_work/inner_mongolia/raw/HLS-VI.S30.T50TPP.2018288T030659.v2.0.NDVI.tif,HLS-VI.S30.T50TPP.2018288T030659.v2.0.NDVI.tif,S30,T50TPP,2018-10-15,2018288,030659,EPSG:32650,600000.0,4790220.0,709800.0,4900020.0,True
/home/ec2-user/ndvi_sqs_work/inner_mongolia/raw/HLS-VI.S30.T50TPQ.2018288T030659.v2.0.NDVI.tif,HLS-VI.S30.T50TPQ.2018288T030659.v2.0.NDVI.tif,S30,T50TPQ,2018-10-15,2018288,030659,EPSG:32650,600000.0,4890240.0,709800.0,5000040.0,True
/home/ec2-user/ndvi_sqs_work/inner_mongolia/raw/HLS-VI.S30.T50TPR.2018288T030659.v2.0.NDVI.tif,HLS-VI.S30.T50TPR.2018288T030659.v2.0.NDVI.tif,S30,T50TPR,2018-10-15,2018288,030659,EPSG:32650,600000.0,4990200.0,709800.0,5100000.0,True
/home/ec2-user/ndvi_sqs_work/inner_mongolia/raw/HLS-VI.S30.T50TPS.2018288T030659.v2.0.NDVI.tif,HLS-VI.S30.T50TPS.2018288T030659.v2.0.NDVI.tif,S30,T50TPS,2018-10-15,2018288,030659,EPSG:32650,600000.0,5090220.0,709800.0,5200020.0,True
/home/ec2-user/ndvi_sqs_work/inner_mongolia/raw/HLS-VI.S30.T50TPT.2018288T030659.v2.0.NDVI.tif,HLS-VI.S30.T50TPT.2018288T030659.v2.0.NDVI.tif,S30,T50TPT,2018-10-15,2018288,030659,EPSG:32650,600000.0,5190240.0,709800.0,5300040.0,True
/home/ec2-user/ndvi_sqs_work/inner_mongolia/raw/HLS-VI.S30.T50TQS.2018288T030659.v2.0.NDVI.tif,HLS-VI.S30.T50TQS.2018288T030659.v2.0.NDVI.tif,S30,T50TQS,2018-10-15,2018288,030659,EPSG:32650,699960.0,5090220.0,809760.0,5200020.0,True
/home/ec2-user/ndvi_sqs_work/inner_mongolia/raw/HLS-VI.S30.T50TQT.2018288T030659.v2.0.NDVI.tif,HLS-VI.S30.T50TQT.2018288T030659.v2.0.NDVI.tif,S30,T50TQT,2018-10-15,2018288,030659,EPSG:32650,699960.0,5190240.0,809760.0,5300040.0,True
/home/ec2-user/ndvi_sqs_work/inner_mongolia/raw/HLS-VI.S30.T50UNA.2018288T030659.v2.0.NDVI.tif,HLS-VI.S30.T50UNA.2018288T030659.v2.0.NDVI.tif,S30,T50UNA,2018-10-15,2018288,030659,EPSG:32650,499980.0,5490240.0,609780.0,5600040.0,True
/home/ec2-user/ndvi_sqs_work/inner_mongolia/raw/HLS-VI.S30.T50UPA.2018288T030659.v2.0.NDVI.tif,HLS-VI.S30.T50UPA.2018288T030659.v2.0.NDVI.tif,S30,T50UPA,2018-10-15,2018288,030659,EPSG:32650,600000.0,5490240.0,709800.0,5600040.0,True
/home/ec2-user/ndvi_sqs_work/inner_mongolia/raw/HLS-VI.S30.T50UPB.2018288T030659.v2.0.NDVI.tif,HLS-VI.S30.T50UPB.2018288T030659.v2.0.NDVI.tif,S30,T50UPB,2018-10-15,2018288,030659,EPSG:32650,600000.0,5590200.0,709800.0,5700000.0,True
/home/ec2-user/ndvi_sqs_work/inner_mongolia/raw/HLS-VI.S30.T50UPC.2018288T030659.v2.0.NDVI.tif,HLS-VI.S30.T50UPC.2018288T030659.v2.0.NDVI.tif,S30,T50UPC,2018-10-15,2018288,030659,EPSG:32650,600000.0,5690220.0,709800.0,5800020.0,True
/home/ec2-user/ndvi_sqs_work/inner_mongolia/raw/HLS-VI.S30.T50UPU.2018288T030659.v2.0.NDVI.tif,HLS-VI.S30.T50UPU.2018288T030659.v2.0.NDVI.tif,S30,T50UPU,2018-10-15,2018288,030659,EPSG:32650,600000.0,5290200.0,709800.0,5400000.0,True
/home/ec2-user/ndvi_sqs_work/inner_mongolia/raw/HLS-VI.S30.T50UQA.2018288T030659.v2.0.NDVI.tif,HLS-VI.S30.T50UQA.2018288T030659.v2.0.NDVI.tif,S30,T50UQA,2018-10-15,2018288,030659,EPSG:32650,699960.0,5490240.0,809760.0,5600040.0,True
/home/ec2-user/ndvi_sqs_work/inner_mongolia/raw/HLS-VI.S30.T50UQB.2018288T030659.v2.0.NDVI.tif,HLS-VI.S30.T50UQB.2018288T030659.v2.0.NDVI.tif,S30,T50UQB,2018-10-15,2018288,030659,EPSG:32650,699960.0,5590200.0,809760.0,5700000.0,True
/home/ec2-user/ndvi_sqs_work/inner_mongolia/raw/HLS-VI.S30.T50UQU.2018288T030659.v2.0.NDVI.tif,HLS-VI.S30.T50UQU.2018288T030659.v2.0.NDVI.tif,S30,T50UQU,2018-10-15,2018288,030659,EPSG:32650,699960.0,5290200.0,809760.0,5400000.0,True
/home/ec2-user/ndvi_sqs_work/inner_mongolia/raw/HLS-VI.S30.T50UQV.2018288T030659.v2.0.NDVI.tif,HLS-VI.S30.T50UQV.2018288T030659.v2.0.NDVI.tif,S30,T50UQV,2018-10-15,2018288,030659,EPSG:32650,699960.0,5390220.0,809760.0,5500020.0,True
/home/ec2-user/ndvi_sqs_work/inner_mongolia/raw/HLS-VI.S30.T51UUP.2018288T030659.v2.0.NDVI.tif,HLS-VI.S30.T51UUP.2018288T030659.v2.0.NDVI.tif,S30,T51UUP,2018-10-15,2018288,030659,EPSG:32651,300000.0,5290200.0,409800.0,5400000.0,True
/home/ec2-user/ndvi_sqs_work/inner_mongolia/raw/HLS-VI.S30.T51UUQ.2018288T030659.v2.0.NDVI.tif,HLS-VI.S30.T51UUQ.2018288T030659.v2.0.NDVI.tif,S30,T51UUQ,2018-10-15,2018288,030659,EPSG:32651,300000.0,5390220.0,409800.0,5500020.0,True
/home/ec2-user/ndvi_sqs_work/inner_mongolia/raw/HLS-VI.S30.T51UUS.2018288T030659.v2.0.NDVI.tif,HLS-VI.S30.T51UUS.2018288T030659.v2.0.NDVI.tif,S30,T51UUS,2018-10-15,2018288,030659,EPSG:32651,300000.0,5590200.0,409800.0,5700000.0,True
/home/ec2-user/ndvi_sqs_work/inner_mongolia/raw/HLS-VI.S30.T51UUT.2018288T030659.v2.0.NDVI.tif,HLS-VI.S30.T51UUT.2018288T030659.v2.0.NDVI.tif,S30,T51UUT,2018-10-15,2018288,030659,EPSG:32651,300000.0,5690220.0,409800.0,5800020.0,True
/home/ec2-user/ndvi_sqs_work/inner_mongolia/raw/HLS-VI.S30.T51UVS.2018288T030659.v2.0.NDVI.tif,HLS-VI.S30.T51UVS.2018288T030659.v2.0.NDVI.tif,S30,T51UVS,2018-10-15,2018288,030659,EPSG:32651,399960.0,5590200.0,509760.0,5700000.0,True
/home/ec2-user/ndvi_sqs_work/inner_mongolia/raw/HLS-VI.S30.T51UVT.2018288T030659.v2.0.NDVI.tif,HLS-VI.S30.T51UVT.2018288T030659.v2.0.NDVI.tif,S30,T51UVT,2018-10-15,2018288,030659,EPSG:32651,399960.0,5690220.0,509760.0,5800020.0,True
/home/ec2-user/ndvi_sqs_work/inner_mongolia/raw/HLS-VI.S30.T51UVU.2018288T030659.v2.0.NDVI.tif,HLS-VI.S30.T51UVU.2018288T030659.v2.0.NDVI.tif,S30,T51UVU,2018-10-15,2018288,030659,EPSG:32651,399960.0,5790240.0,509760.0,5900040.0,True
/home/ec2-user/ndvi_sqs_work/inner_mongolia/raw/HLS-VI.S30.T51UVV.2018288T030659.v2.0.NDVI.tif,HLS-VI.S30.T51UVV.2018288T030659.v2.0.NDVI.tif,S30,T51UVV,2018-10-15,2018288,030659,EPSG:32651,399960.0,5890200.0,509760.0,6000000.0,True
/home/ec2-user/ndvi_sqs_work/inner_mongolia/raw/HLS-VI.S30.T47TLF.2018289T041739.v2.0.NDVI.tif,HLS-VI.S30.T47TLF.2018289T041739.v2.0.NDVI.tif,S30,T47TLF,2018-10-16,2018289,041739,EPSG:32647,300000.0,4490220.0,409800.0,4600020.0,True
/home/ec2-user/ndvi_sqs_work/inner_mongolia/raw/HLS-VI.S30.T47TLG.2018289T041739.v2.0.NDVI.tif,HLS-VI.S30.T47TLG.2018289T041739.v2.0.NDVI.tif,S30,T47TLG,2018-10-16,2018289,041739,EPSG:32647,300000.0,4590240.0,409800.0,4700040.0,True
/home/ec2-user/ndvi_sqs_work/inner_mongolia/raw/HLS-VI.S30.T47TLH.2018289T041739.v2.0.NDVI.tif,HLS-VI.S30.T47TLH.2018289T041739.v2.0.NDVI.tif,S30,T47TLH,2018-10-16,2018289,041739,EPSG:32647,300000.0,4690200.0,409800.0,4800000.0,True
/home/ec2-user/ndvi_sqs_work/inner_mongolia/raw/HLS-VI.S30.T47TMF.2018289T041739.v2.0.NDVI.tif,HLS-VI.S30.T47TMF.2018289T041739.v2.0.NDVI.tif,S30,T47TMF,2018-10-16,2018289,041739,EPSG:32647,399960.0,4490220.0,509760.0,4600020.0,True
/home/ec2-user/ndvi_sqs_work/inner_mongolia/raw/HLS-VI.S30.T47TMG.2018289T041739.v2.0.NDVI.tif,HLS-VI.S30.T47TMG.2018289T041739.v2.0.NDVI.tif,S30,T47TMG,2018-10-16,2018289,041739,EPSG:32647,399960.0,4590240.0,509760.0,4700040.0,True
/home/ec2-user/ndvi_sqs_work/inner_mongolia/raw/HLS-VI.S30.T47TMH.2018289T041739.v2.0.NDVI.tif,HLS-VI.S30.T47TMH.2018289T041739.v2.0.NDVI.tif,S30,T47TMH,2018-10-16,2018289,041739,EPSG:32647,399960.0,4690200.0,509760.0,4800000.0,True
/home/ec2-user/ndvi_sqs_work/inner_mongolia/raw/HLS-VI.S30.T47TNF.2018289T041739.v2.0.NDVI.tif,HLS-VI.S30.T47TNF.2018289T041739.v2.0.NDVI.tif,S30,T47TNF,2018-10-16,2018289,041739,EPSG:32647,499980.0,4490220.0,609780.0,4600020.0,True
/home/ec2-user/ndvi_sqs_work/inner_mongolia/raw/HLS-VI.S30.T47TNG.2018289T041739.v2.0.NDVI.tif,HLS-VI.S30.T47TNG.2018289T041739.v2.0.NDVI.tif,S30,T47TNG,2018-10-16,2018289,041739,EPSG:32647,499980.0,4590240.0,609780.0,4700040.0,True
/home/ec2-user/ndvi_sqs_work/inner_mongolia/raw/HLS-VI.S30.T47TNH.2018289T041739.v2.0.NDVI.tif,HLS-VI.S30.T47TNH.2018289T041739.v2.0.NDVI.tif,S30,T47TNH,2018-10-16,2018289,041739,EPSG:32647,499980.0,4690200.0,609780.0,4800000.0,True
/home/ec2-user/ndvi_sqs_work/inner_mongolia/raw/HLS-VI.S30.T48SYH.2018289T032711.v2.0.NDVI.tif,HLS-VI.S30.T48SYH.2018289T032711.v2.0.NDVI.tif,S30,T48SYH,2018-10-16,2018289,032711,EPSG:32648,699960.0,4190220.0,809760.0,4300020.0,True
/home/ec2-user/ndvi_sqs_work/inner_mongolia/raw/HLS-VI.S30.T48SYJ.2018289T032711.v2.0.NDVI.tif,HLS-VI.S30.T48SYJ.2018289T032711.v2.0.NDVI.tif,S30,T48SYJ,2018-10-16,2018289,032711,EPSG:32648,699960.0,4290240.0,809760.0,4400040.0,True
/home/ec2-user/ndvi_sqs_work/inner_mongolia/raw/HLS-VI.S30.T49SBC.2018289T032711.v2.0.NDVI.tif,HLS-VI.S30.T49SBC.2018289T032711.v2.0.NDVI.tif,S30,T49SBC,2018-10-16,2018289,032711,EPSG:32649,199980.0,4190220.0,309780.0,4300020.0,True
/home/ec2-user/ndvi_sqs_work/inner_mongolia/raw/HLS-VI.S30.T49SBD.2018289T032711.v2.0.NDVI.tif,HLS-VI.S30.T49SBD.2018289T032711.v2.0.NDVI.tif,S30,T49SBD,2018-10-16,2018289,032711,EPSG:32649,199980.0,4290240.0,309780.0,4400040.0,True
/home/ec2-user/ndvi_sqs_work/inner_mongolia/raw/HLS-VI.S30.T49SCB.2018289T032711.v2.0.NDVI.tif,HLS-VI.S30.T49SCB.2018289T032711.v2.0.NDVI.tif,S30,T49SCB,2018-10-16,2018289,032711,EPSG:32649,300000.0,4090200.0,409800.0,4200000.0,True
/home/ec2-user/ndvi_sqs_work/inner_mongolia/raw/HLS-VI.S30.T49SCD.2018289T032711.v2.0.NDVI.tif,HLS-VI.S30.T49SCD.2018289T032711.v2.0.NDVI.tif,S30,T49SCD,2018-10-16,2018289,032711,EPSG:32649,300000.0,4290240.0,409800.0,4400040.0,True
/home/ec2-user/ndvi_sqs_work/inner_mongolia/raw/HLS-VI.S30.T49SED.2018289T032711.v2.0.NDVI.tif,HLS-VI.S30.T49SED.2018289T032711.v2.0.NDVI.tif,S30,T49SED,2018-10-16,2018289,032711,EPSG:32649,499980.0,4290240.0,609780.0,4400040.0,True
/home/ec2-user/ndvi_sqs_work/inner_mongolia/raw/HLS-VI.S30.T49TBE.2018289T032711.v2.0.NDVI.tif,HLS-VI.S30.T49TBE.2018289T032711.v2.0.NDVI.tif,S30,T49TBE,2018-10-16,2018289,032711,EPSG:32649,199980.0,4390200.0,309780.0,4500000.0,True
/home/ec2-user/ndvi_sqs_work/inner_mongolia/raw/HLS-VI.S30.T49TCE.2018289T032711.v2.0.NDVI.tif,HLS-VI.S30.T49TCE.2018289T032711.v2.0.NDVI.tif,S30,T49TCE,2018-10-16,2018289,032711,EPSG:32649,300000.0,4390200.0,409800.0,4500000.0,True
/home/ec2-user/ndvi_sqs_work/inner_mongolia/raw/HLS-VI.S30.T49TCF.2018289T032711.v2.0.NDVI.tif,HLS-VI.S30.T49TCF.2018289T032711.v2.0.NDVI.tif,S30,T49TCF,2018-10-16,2018289,032711,EPSG:32649,300000.0,4490220.0,409800.0,4600020.0,True
/home/ec2-user/ndvi_sqs_work/inner_mongolia/raw/HLS-VI.S30.T49TCG.2018289T032711.v2.0.NDVI.tif,HLS-VI.S30.T49TCG.2018289T032711.v2.0.NDVI.tif,S30,T49TCG,2018-10-16,2018289,032711,EPSG:32649,300000.0,4590240.0,409800.0,4700040.0,True
/home/ec2-user/ndvi_sqs_work/inner_mongolia/raw/HLS-VI.S30.T49TCH.2018289T032711.v2.0.NDVI.tif,HLS-VI.S30.T49TCH.2018289T032711.v2.0.NDVI.tif,S30,T49TCH,2018-10-16,2018289,032711,EPSG:32649,300000.0,4690200.0,409800.0,4800000.0,True
/home/ec2-user/ndvi_sqs_work/inner_mongolia/raw/HLS-VI.S30.T49TDE.2018289T032711.v2.0.NDVI.tif,HLS-VI.S30.T49TDE.2018289T032711.v2.0.NDVI.tif,S30,T49TDE,2018-10-16,2018289,032711,EPSG:32649,399960.0,4390200.0,509760.0,4500000.0,True
/home/ec2-user/ndvi_sqs_work/inner_mongolia/raw/HLS-VI.S30.T49TDF.2018289T032711.v2.0.NDVI.tif,HLS-VI.S30.T49TDF.2018289T032711.v2.0.NDVI.tif,S30,T49TDF,2018-10-16,2018289,032711,EPSG:32649,399960.0,4490220.0,509760.0,4600020.0,True
/home/ec2-user/ndvi_sqs_work/inner_mongolia/raw/HLS-VI.S30.T49TDG.2018289T032711.v2.0.NDVI.tif,HLS-VI.S30.T49TDG.2018289T032711.v2.0.NDVI.tif,S30,T49TDG,2018-10-16,2018289,032711,EPSG:32649,399960.0,4590240.0,509760.0,4700040.0,True
/home/ec2-user/ndvi_sqs_work/inner_mongolia/raw/HLS-VI.S30.T49TDH.2018289T032711.v2.0.NDVI.tif,HLS-VI.S30.T49TDH.2018289T032711.v2.0.NDVI.tif,S30,T49TDH,2018-10-16,2018289,032711,EPSG:32649,399960.0,4690200.0,509760.0,4800000.0,True
/home/ec2-user/ndvi_sqs_work/inner_mongolia/raw/HLS-VI.S30.T49TDJ.2018289T032711.v2.0.NDVI.tif,HLS-VI.S30.T49TDJ.2018289T032711.v2.0.NDVI.tif,S30,T49TDJ,2018-10-16,2018289,032711,EPSG:32649,399960.0,4790220.0,509760.0,4900020.0,True
/home/ec2-user/ndvi_sqs_work/inner_mongolia/raw/HLS-VI.S30.T49TEE.2018289T032711.v2.0.NDVI.tif,HLS-VI.S30.T49TEE.2018289T032711.v2.0.NDVI.tif,S30,T49TEE,2018-10-16,2018289,032711,EPSG:32649,499980.0,4390200.0,609780.0,4500000.0,True
/home/ec2-user/ndvi_sqs_work/inner_mongolia/raw/HLS-VI.S30.T49TEF.2018289T032711.v2.0.NDVI.tif,HLS-VI.S30.T49TEF.2018289T032711.v2.0.NDVI.tif,S30,T49TEF,2018-10-16,2018289,032711,EPSG:32649,499980.0,4490220.0,609780.0,4600020.0,True
/home/ec2-user/ndvi_sqs_work/inner_mongolia/raw/HLS-VI.S30.T49TEG.2018289T032711.v2.0.NDVI.tif,HLS-VI.S30.T49TEG.2018289T032711.v2.0.NDVI.tif,S30,T49TEG,2018-10-16,2018289,032711,EPSG:32649,499980.0,4590240.0,609780.0,4700040.0,True
/home/ec2-user/ndvi_sqs_work/inner_mongolia/raw/HLS-VI.S30.T49TEH.2018289T032711.v2.0.NDVI.tif,HLS-VI.S30.T49TEH.2018289T032711.v2.0.NDVI.tif,S30,T49TEH,2018-10-16,2018289,032711,EPSG:32649,499980.0,4690200.0,609780.0,4800000.0,True
/home/ec2-user/ndvi_sqs_work/inner_mongolia/raw/HLS-VI.S30.T49TEJ.2018289T032711.v2.0.NDVI.tif,HLS-VI.S30.T49TEJ.2018289T032711.v2.0.NDVI.tif,S30,T49TEJ,2018-10-16,2018289,032711,EPSG:32649,499980.0,4790220.0,609780.0,4900020.0,True
/home/ec2-user/ndvi_sqs_work/inner_mongolia/raw/HLS-VI.S30.T49TEK.2018289T032711.v2.0.NDVI.tif,HLS-VI.S30.T49TEK.2018289T032711.v2.0.NDVI.tif,S30,T49TEK,2018-10-16,2018289,032711,EPSG:32649,499980.0,4890240.0,609780.0,5000040.0,True
/home/ec2-user/ndvi_sqs_work/inner_mongolia/raw/HLS-VI.S30.T49TEL.2018289T032711.v2.0.NDVI.tif,HLS-VI.S30.T49TEL.2018289T032711.v2.0.NDVI.tif,S30,T49TEL,2018-10-16,2018289,032711,EPSG:32649,499980.0,4990200.0,609780.0,5100000.0,True
/home/ec2-user/ndvi_sqs_work/inner_mongolia/raw/HLS-VI.S30.T49TFG.2018289T032711.v2.0.NDVI.tif,HLS-VI.S30.T49TFG.2018289T032711.v2.0.NDVI.tif,S30,T49TFG,2018-10-16,2018289,032711,EPSG:32649,600000.0,4590240.0,709800.0,4700040.0,True
/home/ec2-user/ndvi_sqs_work/inner_mongolia/raw/HLS-VI.S30.T49TFH.2018289T032711.v2.0.NDVI.tif,HLS-VI.S30.T49TFH.2018289T032711.v2.0.NDVI.tif,S30,T49TFH,2018-10-16,2018289,032711,EPSG:32649,600000.0,4690200.0,709800.0,4800000.0,True
/home/ec2-user/ndvi_sqs_work/inner_mongolia/raw/HLS-VI.S30.T49TFJ.2018289T032711.v2.0.NDVI.tif,HLS-VI.S30.T49TFJ.2018289T032711.v2.0.NDVI.tif,S30,T49TFJ,2018-10-16,2018289,032711,EPSG:32649,600000.0,4790220.0,709800.0,4900020.0,True
/home/ec2-user/ndvi_sqs_work/inner_mongolia/raw/HLS-VI.S30.T49TFK.2018289T032711.v2.0.NDVI.tif,HLS-VI.S30.T49TFK.2018289T032711.v2.0.NDVI.tif,S30,T49TFK,2018-10-16,2018289,032711,EPSG:32649,600000.0,4890240.0,709800.0,5000040.0,True
/home/ec2-user/ndvi_sqs_work/inner_mongolia/raw/HLS-VI.S30.T49TGL.2018289T032711.v2.0.NDVI.tif,HLS-VI.S30.T49TGL.2018289T032711.v2.0.NDVI.tif,S30,T49TGL,2018-10-16,2018289,032711,EPSG:32649,699960.0,4990200.0,809760.0,5100000.0,True
/home/ec2-user/ndvi_sqs_work/inner_mongolia/raw/HLS-VI.S30.T51TVH.2018289T023659.v2.0.NDVI.tif,HLS-VI.S30.T51TVH.2018289T023659.v2.0.NDVI.tif,S30,T51TVH,2018-10-16,2018289,023659,EPSG:32651,399960.0,4690200.0,509760.0,4800000.0,True
/home/ec2-user/ndvi_sqs_work/inner_mongolia/raw/HLS-VI.S30.T51TWH.2018289T023659.v2.0.NDVI.tif,HLS-VI.S30.T51TWH.2018289T023659.v2.0.NDVI.tif,S30,T51TWH,2018-10-16,2018289,023659,EPSG:32651,499980.0,4690200.0,609780.0,4800000.0,True
/home/ec2-user/ndvi_sqs_work/inner_mongolia/raw/HLS-VI.S30.T51TWM.2018289T023659.v2.0.NDVI.tif,HLS-VI.S30.T51TWM.2018289T023659.v2.0.NDVI.tif,S30,T51TWM,2018-10-16,2018289,023659,EPSG:32651,499980.0,5090220.0,609780.0,5200020.0,True
/home/ec2-user/ndvi_sqs_work/inner_mongolia/raw/HLS-VI.S30.T51TWN.2018289T023659.v2.0.NDVI.tif,HLS-VI.S30.T51TWN.2018289T023659.v2.0.NDVI.tif,S30,T51TWN,2018-10-16,2018289,023659,EPSG:32651,499980.0,5190240.0,609780.0,5300040.0,True
/home/ec2-user/ndvi_sqs_work/inner_mongolia/raw/HLS-VI.S30.T51UXQ.2018289T023659.v2.0.NDVI.tif,HLS-VI.S30.T51UXQ.2018289T023659.v2.0.NDVI.tif,S30,T51UXQ,2018-10-16,2018289,023659,EPSG:32651,600000.0,5390220.0,709800.0,5500020.0,True
/home/ec2-user/ndvi_sqs_work/inner_mongolia/raw/HLS-VI.S30.T51UXR.2018289T023659.v2.0.NDVI.tif,HLS-VI.S30.T51UXR.2018289T023659.v2.0.NDVI.tif,S30,T51UXR,2018-10-16,2018289,023659,EPSG:32651,600000.0,5490240.0,709800.0,5600040.0,True
/home/ec2-user/ndvi_sqs_work/inner_mongolia/raw/HLS-VI.S30.T51UXS.2018289T023659.v2.0.NDVI.tif,HLS-VI.S30.T51UXS.2018289T023659.v2.0.NDVI.tif,S30,T51UXS,2018-10-16,2018289,023659,EPSG:32651,600000.0,5590200.0,709800.0,5700000.0,True
/home/ec2-user/ndvi_sqs_work/inner_mongolia/raw/HLS-VI.S30.T48TVM.2018290T034729.v2.0.NDVI.tif,HLS-VI.S30.T48TVM.2018290T034729.v2.0.NDVI.tif,S30,T48TVM,2018-10-17,2018290,034729,EPSG:32648,399960.0,4590240.0,509760.0,4700040.0,True
/home/ec2-user/ndvi_sqs_work/inner_mongolia/raw/HLS-VI.S30.T48TWM.2018290T034729.v2.0.NDVI.tif,HLS-VI.S30.T48TWM.2018290T034729.v2.0.NDVI.tif,S30,T48TWM,2018-10-17,2018290,034729,EPSG:32648,499980.0,4590240.0,609780.0,4700040.0,True
/home/ec2-user/ndvi_sqs_work/inner_mongolia/raw/HLS-VI.S30.T48TXN.2018290T034729.v2.0.NDVI.tif,HLS-VI.S30.T48TXN.2018290T034729.v2.0.NDVI.tif,S30,T48TXN,2018-10-17,2018290,034729,EPSG:32648,600000.0,4690200.0,709800.0,4800000.0,True
/home/ec2-user/ndvi_sqs_work/inner_mongolia/raw/HLS-VI.S30.T50TNM.2018290T025711.v2.0.NDVI.tif,HLS-VI.S30.T50TNM.2018290T025711.v2.0.NDVI.tif,S30,T50TNM,2018-10-17,2018290,025711,EPSG:32650,499980.0,4590240.0,609780.0,4700040.0,True
/home/ec2-user/ndvi_sqs_work/inner_mongolia/raw/HLS-VI.S30.T50TNN.2018290T025711.v2.0.NDVI.tif,HLS-VI.S30.T50TNN.2018290T025711.v2.0.NDVI.tif,S30,T50TNN,2018-10-17,2018290,025711,EPSG:32650,499980.0,4690200.0,609780.0,4800000.0,True
/home/ec2-user/ndvi_sqs_work/inner_mongolia/raw/HLS-VI.S30.T50TNP.2018290T025711.v2.0.NDVI.tif,HLS-VI.S30.T50TNP.2018290T025711.v2.0.NDVI.tif,S30,T50TNP,2018-10-17,2018290,025711,EPSG:32650,499980.0,4790220.0,609780.0,4900020.0,True
/home/ec2-user/ndvi_sqs_work/inner_mongolia/raw/HLS-VI.S30.T50TNQ.2018290T025711.v2.0.NDVI.tif,HLS-VI.S30.T50TNQ.2018290T025711.v2.0.NDVI.tif,S30,T50TNQ,2018-10-17,2018290,025711,EPSG:32650,499980.0,4890240.0,609780.0,5000040.0,True
/home/ec2-user/ndvi_sqs_work/inner_mongolia/raw/HLS-VI.S30.T50TNS.2018290T025711.v2.0.NDVI.tif,HLS-VI.S30.T50TNS.2018290T025711.v2.0.NDVI.tif,S30,T50TNS,2018-10-17,2018290,025711,EPSG:32650,499980.0,5090220.0,609780.0,5200020.0,True
/home/ec2-user/ndvi_sqs_work/inner_mongolia/raw/HLS-VI.S30.T50TPL.2018290T025711.v2.0.NDVI.tif,HLS-VI.S30.T50TPL.2018290T025711.v2.0.NDVI.tif,S30,T50TPL,2018-10-17,2018290,025711,EPSG:32650,600000.0,4490220.0,709800.0,4600020.0,True
/home/ec2-user/ndvi_sqs_work/inner_mongolia/raw/HLS-VI.S30.T50TPN.2018290T025711.v2.0.NDVI.tif,HLS-VI.S30.T50TPN.2018290T025711.v2.0.NDVI.tif,S30,T50TPN,2018-10-17,2018290,025711,EPSG:32650,600000.0,4690200.0,709800.0,4800000.0,True
/home/ec2-user/ndvi_sqs_work/inner_mongolia/raw/HLS-VI.S30.T50TPP.2018290T025711.v2.0.NDVI.tif,HLS-VI.S30.T50TPP.2018290T025711.v2.0.NDVI.tif,S30,T50TPP,2018-10-17,2018290,025711,EPSG:32650,600000.0,4790220.0,709800.0,4900020.0,True
/home/ec2-user/ndvi_sqs_work/inner_mongolia/raw/HLS-VI.S30.T50TPQ.2018290T025711.v2.0.NDVI.tif,HLS-VI.S30.T50TPQ.2018290T025711.v2.0.NDVI.tif,S30,T50TPQ,2018-10-17,2018290,025711,EPSG:32650,600000.0,4890240.0,709800.0,5000040.0,True
/home/ec2-user/ndvi_sqs_work/inner_mongolia/raw/HLS-VI.S30.T50TQM.2018290T025711.v2.0.NDVI.tif,HLS-VI.S30.T50TQM.2018290T025711.v2.0.NDVI.tif,S30,T50TQM,2018-10-17,2018290,025711,EPSG:32650,699960.0,4590240.0,809760.0,4700040.0,True
/home/ec2-user/ndvi_sqs_work/inner_mongolia/raw/HLS-VI.S30.T50TQN.2018290T025711.v2.0.NDVI.tif,HLS-VI.S30.T50TQN.2018290T025711.v2.0.NDVI.tif,S30,T50TQN,2018-10-17,2018290,025711,EPSG:32650,699960.0,4690200.0,809760.0,4800000.0,True
/home/ec2-user/ndvi_sqs_work/inner_mongolia/raw/HLS-VI.S30.T50TQP.2018290T025711.v2.0.NDVI.tif,HLS-VI.S30.T50TQP.2018290T025711.v2.0.NDVI.tif,S30,T50TQP,2018-10-17,2018290,025711,EPSG:32650,699960.0,4790220.0,809760.0,4900020.0,True
/home/ec2-user/ndvi_sqs_work/inner_mongolia/raw/HLS-VI.S30.T50TQR.2018290T025711.v2.0.NDVI.tif,HLS-VI.S30.T50TQR.2018290T025711.v2.0.NDVI.tif,S30,T50TQR,2018-10-17,2018290,025711,EPSG:32650,699960.0,4990200.0,809760.0,5100000.0,True
/home/ec2-user/ndvi_sqs_work/inner_mongolia/raw/HLS-VI.S30.T50TQS.2018290T025711.v2.0.NDVI.tif,HLS-VI.S30.T50TQS.2018290T025711.v2.0.NDVI.tif,S30,T50TQS,2018-10-17,2018290,025711,EPSG:32650,699960.0,5090220.0,809760.0,5200020.0,True
/home/ec2-user/ndvi_sqs_work/inner_mongolia/raw/HLS-VI.S30.T50UPA.2018290T025711.v2.0.NDVI.tif,HLS-VI.S30.T50UPA.2018290T025711.v2.0.NDVI.tif,S30,T50UPA,2018-10-17,2018290,025711,EPSG:32650,600000.0,5490240.0,709800.0,5600040.0,True
/home/ec2-user/ndvi_sqs_work/inner_mongolia/raw/HLS-VI.S30.T50UPU.2018290T025711.v2.0.NDVI.tif,HLS-VI.S30.T50UPU.2018290T025711.v2.0.NDVI.tif,S30,T50UPU,2018-10-17,2018290,025711,EPSG:32650,600000.0,5290200.0,709800.0,5400000.0,True
/home/ec2-user/ndvi_sqs_work/inner_mongolia/raw/HLS-VI.S30.T50UQA.2018290T025711.v2.0.NDVI.tif,HLS-VI.S30.T50UQA.2018290T025711.v2.0.NDVI.tif,S30,T50UQA,2018-10-17,2018290,025711,EPSG:32650,699960.0,5490240.0,809760.0,5600040.0,True
/home/ec2-user/ndvi_sqs_work/inner_mongolia/raw/HLS-VI.S30.T50UQB.2018290T025711.v2.0.NDVI.tif,HLS-VI.S30.T50UQB.2018290T025711.v2.0.NDVI.tif,S30,T50UQB,2018-10-17,2018290,025711,EPSG:32650,699960.0,5590200.0,809760.0,5700000.0,True
/home/ec2-user/ndvi_sqs_work/inner_mongolia/raw/HLS-VI.S30.T50UQC.2018290T025711.v2.0.NDVI.tif,HLS-VI.S30.T50UQC.2018290T025711.v2.0.NDVI.tif,S30,T50UQC,2018-10-17,2018290,025711,EPSG:32650,699960.0,5690220.0,809760.0,5800020.0,True
/home/ec2-user/ndvi_sqs_work/inner_mongolia/raw/HLS-VI.S30.T50UQU.2018290T025711.v2.0.NDVI.tif,HLS-VI.S30.T50UQU.2018290T025711.v2.0.NDVI.tif,S30,T50UQU,2018-10-17,2018290,025711,EPSG:32650,699960.0,5290200.0,809760.0,5400000.0,True
/home/ec2-user/ndvi_sqs_work/inner_mongolia/raw/HLS-VI.S30.T51TTG.2018290T025711.v2.0.NDVI.tif,HLS-VI.S30.T51TTG.2018290T025711.v2.0.NDVI.tif,S30,T51TTG,2018-10-17,2018290,025711,EPSG:32651,199980.0,4590240.0,309780.0,4700040.0,True
/home/ec2-user/ndvi_sqs_work/inner_mongolia/raw/HLS-VI.S30.T51TUJ.2018290T025711.v2.0.NDVI.tif,HLS-VI.S30.T51TUJ.2018290T025711.v2.0.NDVI.tif,S30,T51TUJ,2018-10-17,2018290,025711,EPSG:32651,300000.0,4790220.0,409800.0,4900020.0,True
/home/ec2-user/ndvi_sqs_work/inner_mongolia/raw/HLS-VI.S30.T51TUK.2018290T025711.v2.0.NDVI.tif,HLS-VI.S30.T51TUK.2018290T025711.v2.0.NDVI.tif,S30,T51TUK,2018-10-17,2018290,025711,EPSG:32651,300000.0,4890240.0,409800.0,5000040.0,True
/home/ec2-user/ndvi_sqs_work/inner_mongolia/raw/HLS-VI.S30.T51TUM.2018290T025711.v2.0.NDVI.tif,HLS-VI.S30.T51TUM.2018290T025711.v2.0.NDVI.tif,S30,T51TUM,2018-10-17,2018290,025711,EPSG:32651,300000.0,5090220.0,409800.0,5200020.0,True
/home/ec2-user/ndvi_sqs_work/inner_mongolia/raw/HLS-VI.S30.T51TUN.2018290T025711.v2.0.NDVI.tif,HLS-VI.S30.T51TUN.2018290T025711.v2.0.NDVI.tif,S30,T51TUN,2018-10-17,2018290,025711,EPSG:32651,300000.0,5190240.0,409800.0,5300040.0,True
/home/ec2-user/ndvi_sqs_work/inner_mongolia/raw/HLS-VI.S30.T51TVM.2018290T025711.v2.0.NDVI.tif,HLS-VI.S30.T51TVM.2018290T025711.v2.0.NDVI.tif,S30,T51TVM,2018-10-17,2018290,025711,EPSG:32651,399960.0,5090220.0,509760.0,5200020.0,True
/home/ec2-user/ndvi_sqs_work/inner_mongolia/raw/HLS-VI.S30.T51UUP.2018290T025711.v2.0.NDVI.tif,HLS-VI.S30.T51UUP.2018290T025711.v2.0.NDVI.tif,S30,T51UUP,2018-10-17,2018290,025711,EPSG:32651,300000.0,5290200.0,409800.0,5400000.0,True
/home/ec2-user/ndvi_sqs_work/inner_mongolia/raw/HLS-VI.S30.T51UUQ.2018290T025711.v2.0.NDVI.tif,HLS-VI.S30.T51UUQ.2018290T025711.v2.0.NDVI.tif,S30,T51UUQ,2018-10-17,2018290,025711,EPSG:32651,300000.0,5390220.0,409800.0,5500020.0,True
/home/ec2-user/ndvi_sqs_work/inner_mongolia/raw/HLS-VI.S30.T51UUR.2018290T025711.v2.0.NDVI.tif,HLS-VI.S30.T51UUR.2018290T025711.v2.0.NDVI.tif,S30,T51UUR,2018-10-17,2018290,025711,EPSG:32651,300000.0,5490240.0,409800.0,5600040.0,True
/home/ec2-user/ndvi_sqs_work/inner_mongolia/raw/HLS-VI.S30.T51UUS.2018290T025711.v2.0.NDVI.tif,HLS-VI.S30.T51UUS.2018290T025711.v2.0.NDVI.tif,S30,T51UUS,2018-10-17,2018290,025711,EPSG:32651,300000.0,5590200.0,409800.0,5700000.0,True
/home/ec2-user/ndvi_sqs_work/inner_mongolia/raw/HLS-VI.S30.T51UUT.2018290T025711.v2.0.NDVI.tif,HLS-VI.S30.T51UUT.2018290T025711.v2.0.NDVI.tif,S30,T51UUT,2018-10-17,2018290,025711,EPSG:32651,300000.0,5690220.0,409800.0,5800020.0,True
/home/ec2-user/ndvi_sqs_work/inner_mongolia/raw/HLS-VI.S30.T51UVP.2018290T025711.v2.0.NDVI.tif,HLS-VI.S30.T51UVP.2018290T025711.v2.0.NDVI.tif,S30,T51UVP,2018-10-17,2018290,025711,EPSG:32651,399960.0,5290200.0,509760.0,5400000.0,True
/home/ec2-user/ndvi_sqs_work/inner_mongolia/raw/HLS-VI.S30.T51UVQ.2018290T025711.v2.0.NDVI.tif,HLS-VI.S30.T51UVQ.2018290T025711.v2.0.NDVI.tif,S30,T51UVQ,2018-10-17,2018290,025711,EPSG:32651,399960.0,5390220.0,509760.0,5500020.0,True
/home/ec2-user/ndvi_sqs_work/inner_mongolia/raw/HLS-VI.S30.T51UVR.2018290T025711.v2.0.NDVI.tif,HLS-VI.S30.T51UVR.2018290T025711.v2.0.NDVI.tif,S30,T51UVR,2018-10-17,2018290,025711,EPSG:32651,399960.0,5490240.0,509760.0,5600040.0,True
/home/ec2-user/ndvi_sqs_work/inner_mongolia/raw/HLS-VI.S30.T51UVS.2018290T025711.v2.0.NDVI.tif,HLS-VI.S30.T51UVS.2018290T025711.v2.0.NDVI.tif,S30,T51UVS,2018-10-17,2018290,025711,EPSG:32651,399960.0,5590200.0,509760.0,5700000.0,True
/home/ec2-user/ndvi_sqs_work/inner_mongolia/raw/HLS-VI.S30.T51UVT.2018290T025711.v2.0.NDVI.tif,HLS-VI.S30.T51UVT.2018290T025711.v2.0.NDVI.tif,S30,T51UVT,2018-10-17,2018290,025711,EPSG:32651,399960.0,5690220.0,509760.0,5800020.0,True
/home/ec2-user/ndvi_sqs_work/inner_mongolia/raw/HLS-VI.S30.T51UWR.2018290T025711.v2.0.NDVI.tif,HLS-VI.S30.T51UWR.2018290T025711.v2.0.NDVI.tif,S30,T51UWR,2018-10-17,2018290,025711,EPSG:32651,499980.0,5490240.0,609780.0,5600040.0,True
/home/ec2-user/ndvi_sqs_work/inner_mongolia/raw/HLS-VI.S30.T51UWS.2018290T025711.v2.0.NDVI.tif,HLS-VI.S30.T51UWS.2018290T025711.v2.0.NDVI.tif,S30,T51UWS,2018-10-17,2018290,025711,EPSG:32651,499980.0,5590200.0,609780.0,5700000.0,True
/home/ec2-user/ndvi_sqs_work/inner_mongolia/raw/HLS-VI.S30.T51UWT.2018290T025711.v2.0.NDVI.tif,HLS-VI.S30.T51UWT.2018290T025711.v2.0.NDVI.tif,S30,T51UWT,2018-10-17,2018290,025711,EPSG:32651,499980.0,5690220.0,609780.0,5800020.0,True
/home/ec2-user/ndvi_sqs_work/inner_mongolia/raw/HLS-VI.S30.T50TLR.2018291T031729.v2.0.NDVI.tif,HLS-VI.S30.T50TLR.2018291T031729.v2.0.NDVI.tif,S30,T50TLR,2018-10-18,2018291,031729,EPSG:32650,300000.0,4990200.0,409800.0,5100000.0,True
/home/ec2-user/ndvi_sqs_work/inner_mongolia/raw/HLS-VI.S30.T50TLT.2018291T031729.v2.0.NDVI.tif,HLS-VI.S30.T50TLT.2018291T031729.v2.0.NDVI.tif,S30,T50TLT,2018-10-18,2018291,031729,EPSG:32650,300000.0,5190240.0,409800.0,5300040.0,True
/home/ec2-user/ndvi_sqs_work/inner_mongolia/raw/HLS-VI.S30.T50TMR.2018291T031729.v2.0.NDVI.tif,HLS-VI.S30.T50TMR.2018291T031729.v2.0.NDVI.tif,S30,T50TMR,2018-10-18,2018291,031729,EPSG:32650,399960.0,4990200.0,509760.0,5100000.0,True
/home/ec2-user/ndvi_sqs_work/inner_mongolia/raw/HLS-VI.S30.T50TMS.2018291T031729.v2.0.NDVI.tif,HLS-VI.S30.T50TMS.2018291T031729.v2.0.NDVI.tif,S30,T50TMS,2018-10-18,2018291,031729,EPSG:32650,399960.0,5090220.0,509760.0,5200020.0,True
/home/ec2-user/ndvi_sqs_work/inner_mongolia/raw/HLS-VI.S30.T50TNR.2018291T031729.v2.0.NDVI.tif,HLS-VI.S30.T50TNR.2018291T031729.v2.0.NDVI.tif,S30,T50TNR,2018-10-18,2018291,031729,EPSG:32650,499980.0,4990200.0,609780.0,5100000.0,True
/home/ec2-user/ndvi_sqs_work/inner_mongolia/raw/HLS-VI.S30.T50TNS.2018291T031729.v2.0.NDVI.tif,HLS-VI.S30.T50TNS.2018291T031729.v2.0.NDVI.tif,S30,T50TNS,2018-10-18,2018291,031729,EPSG:32650,499980.0,5090220.0,609780.0,5200020.0,True
/home/ec2-user/ndvi_sqs_work/inner_mongolia/raw/HLS-VI.S30.T50UMU.2018291T031729.v2.0.NDVI.tif,HLS-VI.S30.T50UMU.2018291T031729.v2.0.NDVI.tif,S30,T50UMU,2018-10-18,2018291,031729,EPSG:32650,399960.0,5290200.0,509760.0,5400000.0,True
/home/ec2-user/ndvi_sqs_work/inner_mongolia/raw/HLS-VI.S30.T50UNA.2018291T031729.v2.0.NDVI.tif,HLS-VI.S30.T50UNA.2018291T031729.v2.0.NDVI.tif,S30,T50UNA,2018-10-18,2018291,031729,EPSG:32650,499980.0,5490240.0,609780.0,5600040.0,True
/home/ec2-user/ndvi_sqs_work/inner_mongolia/raw/HLS-VI.S30.T50UPA.2018291T031729.v2.0.NDVI.tif,HLS-VI.S30.T50UPA.2018291T031729.v2.0.NDVI.tif,S30,T50UPA,2018-10-18,2018291,031729,EPSG:32650,600000.0,5490240.0,709800.0,5600040.0,True
/home/ec2-user/ndvi_sqs_work/inner_mongolia/raw/HLS-VI.S30.T50TQL.2018292T024719.v2.0.NDVI.tif,HLS-VI.S30.T50TQL.2018292T024719.v2.0.NDVI.tif,S30,T50TQL,2018-10-19,2018292,024719,EPSG:32650,699960.0,4490220.0,809760.0,4600020.0,True
/home/ec2-user/ndvi_sqs_work/inner_mongolia/raw/HLS-VI.S30.T50TQM.2018292T024719.v2.0.NDVI.tif,HLS-VI.S30.T50TQM.2018292T024719.v2.0.NDVI.tif,S30,T50TQM,2018-10-19,2018292,024719,EPSG:32650,699960.0,4590240.0,809760.0,4700040.0,True
/home/ec2-user/ndvi_sqs_work/inner_mongolia/raw/HLS-VI.S30.T50TQN.2018292T024719.v2.0.NDVI.tif,HLS-VI.S30.T50TQN.2018292T024719.v2.0.NDVI.tif,S30,T50TQN,2018-10-19,2018292,024719,EPSG:32650,699960.0,4690200.0,809760.0,4800000.0,True
/home/ec2-user/ndvi_sqs_work/inner_mongolia/raw/HLS-VI.S30.T50TQP.2018292T024719.v2.0.NDVI.tif,HLS-VI.S30.T50TQP.2018292T024719.v2.0.NDVI.tif,S30,T50TQP,2018-10-19,2018292,024719,EPSG:32650,699960.0,4790220.0,809760.0,4900020.0,True
/home/ec2-user/ndvi_sqs_work/inner_mongolia/raw/HLS-VI.S30.T50TQQ.2018292T024719.v2.0.NDVI.tif,HLS-VI.S30.T50TQQ.2018292T024719.v2.0.NDVI.tif,S30,T50TQQ,2018-10-19,2018292,024719,EPSG:32650,699960.0,4890240.0,809760.0,5000040.0,True
/home/ec2-user/ndvi_sqs_work/inner_mongolia/raw/HLS-VI.S30.T51TTF.2018292T024719.v2.0.NDVI.tif,HLS-VI.S30.T51TTF.2018292T024719.v2.0.NDVI.tif,S30,T51TTF,2018-10-19,2018292,024719,EPSG:32651,199980.0,4490220.0,309780.0,4600020.0,True
/home/ec2-user/ndvi_sqs_work/inner_mongolia/raw/HLS-VI.S30.T51TTG.2018292T024719.v2.0.NDVI.tif,HLS-VI.S30.T51TTG.2018292T024719.v2.0.NDVI.tif,S30,T51TTG,2018-10-19,2018292,024719,EPSG:32651,199980.0,4590240.0,309780.0,4700040.0,True
/home/ec2-user/ndvi_sqs_work/inner_mongolia/raw/HLS-VI.S30.T51TUG.2018292T024719.v2.0.NDVI.tif,HLS-VI.S30.T51TUG.2018292T024719.v2.0.NDVI.tif,S30,T51TUG,2018-10-19,2018292,024719,EPSG:32651,300000.0,4590240.0,409800.0,4700040.0,True
/home/ec2-user/ndvi_sqs_work/inner_mongolia/raw/HLS-VI.S30.T51TUJ.2018292T024719.v2.0.NDVI.tif,HLS-VI.S30.T51TUJ.2018292T024719.v2.0.NDVI.tif,S30,T51TUJ,2018-10-19,2018292,024719,EPSG:32651,300000.0,4790220.0,409800.0,4900020.0,True
/home/ec2-user/ndvi_sqs_work/inner_mongolia/raw/HLS-VI.S30.T51TUN.2018292T024719.v2.0.NDVI.tif,HLS-VI.S30.T51TUN.2018292T024719.v2.0.NDVI.tif,S30,T51TUN,2018-10-19,2018292,024719,EPSG:32651,300000.0,5190240.0,409800.0,5300040.0,True
/home/ec2-user/ndvi_sqs_work/inner_mongolia/raw/HLS-VI.S30.T51TVH.2018292T024719.v2.0.NDVI.tif,HLS-VI.S30.T51TVH.2018292T024719.v2.0.NDVI.tif,S30,T51TVH,2018-10-19,2018292,024719,EPSG:32651,399960.0,4690200.0,509760.0,4800000.0,True
/home/ec2-user/ndvi_sqs_work/inner_mongolia/raw/HLS-VI.S30.T51TWH.2018292T024719.v2.0.NDVI.tif,HLS-VI.S30.T51TWH.2018292T024719.v2.0.NDVI.tif,S30,T51TWH,2018-10-19,2018292,024719,EPSG:32651,499980.0,4690200.0,609780.0,4800000.0,True
/home/ec2-user/ndvi_sqs_work/inner_mongolia/raw/HLS-VI.S30.T51TWJ.2018292T024719.v2.0.NDVI.tif,HLS-VI.S30.T51TWJ.2018292T024719.v2.0.NDVI.tif,S30,T51TWJ,2018-10-19,2018292,024719,EPSG:32651,499980.0,4790220.0,609780.0,4900020.0,True
/home/ec2-user/ndvi_sqs_work/inner_mongolia/raw/HLS-VI.S30.T51TWN.2018292T024719.v2.0.NDVI.tif,HLS-VI.S30.T51TWN.2018292T024719.v2.0.NDVI.tif,S30,T51TWN,2018-10-19,2018292,024719,EPSG:32651,499980.0,5190240.0,609780.0,5300040.0,True
/home/ec2-user/ndvi_sqs_work/inner_mongolia/raw/HLS-VI.S30.T51UUP.2018292T024719.v2.0.NDVI.tif,HLS-VI.S30.T51UUP.2018292T024719.v2.0.NDVI.tif,S30,T51UUP,2018-10-19,2018292,024719,EPSG:32651,300000.0,5290200.0,409800.0,5400000.0,True
/home/ec2-user/ndvi_sqs_work/inner_mongolia/raw/HLS-VI.S30.T51UVP.2018292T024719.v2.0.NDVI.tif,HLS-VI.S30.T51UVP.2018292T024719.v2.0.NDVI.tif,S30,T51UVP,2018-10-19,2018292,024719,EPSG:32651,399960.0,5290200.0,509760.0,5400000.0,True
/home/ec2-user/ndvi_sqs_work/inner_mongolia/raw/HLS-VI.S30.T51UVQ.2018292T024719.v2.0.NDVI.tif,HLS-VI.S30.T51UVQ.2018292T024719.v2.0.NDVI.tif,S30,T51UVQ,2018-10-19,2018292,024719,EPSG:32651,399960.0,5390220.0,509760.0,5500020.0,True
/home/ec2-user/ndvi_sqs_work/inner_mongolia/raw/HLS-VI.S30.T51UVR.2018292T024719.v2.0.NDVI.tif,HLS-VI.S30.T51UVR.2018292T024719.v2.0.NDVI.tif,S30,T51UVR,2018-10-19,2018292,024719,EPSG:32651,399960.0,5490240.0,509760.0,5600040.0,True
/home/ec2-user/ndvi_sqs_work/inner_mongolia/raw/HLS-VI.S30.T51UWP.2018292T024719.v2.0.NDVI.tif,HLS-VI.S30.T51UWP.2018292T024719.v2.0.NDVI.tif,S30,T51UWP,2018-10-19,2018292,024719,EPSG:32651,499980.0,5290200.0,609780.0,5400000.0,True
/home/ec2-user/ndvi_sqs_work/inner_mongolia/raw/HLS-VI.S30.T51UWQ.2018292T024719.v2.0.NDVI.tif,HLS-VI.S30.T51UWQ.2018292T024719.v2.0.NDVI.tif,S30,T51UWQ,2018-10-19,2018292,024719,EPSG:32651,499980.0,5390220.0,609780.0,5500020.0,True
/home/ec2-user/ndvi_sqs_work/inner_mongolia/raw/HLS-VI.S30.T51UWR.2018292T024719.v2.0.NDVI.tif,HLS-VI.S30.T51UWR.2018292T024719.v2.0.NDVI.tif,S30,T51UWR,2018-10-19,2018292,024719,EPSG:32651,499980.0,5490240.0,609780.0,5600040.0,True
/home/ec2-user/ndvi_sqs_work/inner_mongolia/raw/HLS-VI.S30.T51UXP.2018292T024719.v2.0.NDVI.tif,HLS-VI.S30.T51UXP.2018292T024719.v2.0.NDVI.tif,S30,T51UXP,2018-10-19,2018292,024719,EPSG:32651,600000.0,5290200.0,709800.0,5400000.0,True
/home/ec2-user/ndvi_sqs_work/inner_mongolia/raw/HLS-VI.S30.T51UXQ.2018292T024719.v2.0.NDVI.tif,HLS-VI.S30.T51UXQ.2018292T024719.v2.0.NDVI.tif,S30,T51UXQ,2018-10-19,2018292,024719,EPSG:32651,600000.0,5390220.0,709800.0,5500020.0,True
/home/ec2-user/ndvi_sqs_work/inner_mongolia/raw/HLS-VI.S30.T51UXS.2018292T024719.v2.0.NDVI.tif,HLS-VI.S30.T51UXS.2018292T024719.v2.0.NDVI.tif,S30,T51UXS,2018-10-19,2018292,024719,EPSG:32651,600000.0,5590200.0,709800.0,5700000.0,True
/home/ec2-user/ndvi_sqs_work/inner_mongolia/raw/HLS-VI.S30.T50TPS.2018293T030731.v2.0.NDVI.tif,HLS-VI.S30.T50TPS.2018293T030731.v2.0.NDVI.tif,S30,T50TPS,2018-10-20,2018293,030731,EPSG:32650,600000.0,5090220.0,709800.0,5200020.0,True
/home/ec2-user/ndvi_sqs_work/inner_mongolia/raw/HLS-VI.S30.T50TPT.2018293T030731.v2.0.NDVI.tif,HLS-VI.S30.T50TPT.2018293T030731.v2.0.NDVI.tif,S30,T50TPT,2018-10-20,2018293,030731,EPSG:32650,600000.0,5190240.0,709800.0,5300040.0,True
/home/ec2-user/ndvi_sqs_work/inner_mongolia/raw/HLS-VI.S30.T50TQT.2018293T030731.v2.0.NDVI.tif,HLS-VI.S30.T50TQT.2018293T030731.v2.0.NDVI.tif,S30,T50TQT,2018-10-20,2018293,030731,EPSG:32650,699960.0,5190240.0,809760.0,5300040.0,True
/home/ec2-user/ndvi_sqs_work/inner_mongolia/raw/HLS-VI.S30.T50UNA.2018293T030731.v2.0.NDVI.tif,HLS-VI.S30.T50UNA.2018293T030731.v2.0.NDVI.tif,S30,T50UNA,2018-10-20,2018293,030731,EPSG:32650,499980.0,5490240.0,609780.0,5600040.0,True
/home/ec2-user/ndvi_sqs_work/inner_mongolia/raw/HLS-VI.S30.T50UPA.2018293T030731.v2.0.NDVI.tif,HLS-VI.S30.T50UPA.2018293T030731.v2.0.NDVI.tif,S30,T50UPA,2018-10-20,2018293,030731,EPSG:32650,600000.0,5490240.0,709800.0,5600040.0,True
/home/ec2-user/ndvi_sqs_work/inner_mongolia/raw/HLS-VI.S30.T50UPB.2018293T030731.v2.0.NDVI.tif,HLS-VI.S30.T50UPB.2018293T030731.v2.0.NDVI.tif,S30,T50UPB,2018-10-20,2018293,030731,EPSG:32650,600000.0,5590200.0,709800.0,5700000.0,True
/home/ec2-user/ndvi_sqs_work/inner_mongolia/raw/HLS-VI.S30.T50UPC.2018293T030731.v2.0.NDVI.tif,HLS-VI.S30.T50UPC.2018293T030731.v2.0.NDVI.tif,S30,T50UPC,2018-10-20,2018293,030731,EPSG:32650,600000.0,5690220.0,709800.0,5800020.0,True
/home/ec2-user/ndvi_sqs_work/inner_mongolia/raw/HLS-VI.S30.T50UPU.2018293T030731.v2.0.NDVI.tif,HLS-VI.S30.T50UPU.2018293T030731.v2.0.NDVI.tif,S30,T50UPU,2018-10-20,2018293,030731,EPSG:32650,600000.0,5290200.0,709800.0,5400000.0,True
/home/ec2-user/ndvi_sqs_work/inner_mongolia/raw/HLS-VI.S30.T50UQA.2018293T030731.v2.0.NDVI.tif,HLS-VI.S30.T50UQA.2018293T030731.v2.0.NDVI.tif,S30,T50UQA,2018-10-20,2018293,030731,EPSG:32650,699960.0,5490240.0,809760.0,5600040.0,True
/home/ec2-user/ndvi_sqs_work/inner_mongolia/raw/HLS-VI.S30.T50UQB.2018293T030731.v2.0.NDVI.tif,HLS-VI.S30.T50UQB.2018293T030731.v2.0.NDVI.tif,S30,T50UQB,2018-10-20,2018293,030731,EPSG:32650,699960.0,5590200.0,809760.0,5700000.0,True
/home/ec2-user/ndvi_sqs_work/inner_mongolia/raw/HLS-VI.S30.T50UQC.2018293T030731.v2.0.NDVI.tif,HLS-VI.S30.T50UQC.2018293T030731.v2.0.NDVI.tif,S30,T50UQC,2018-10-20,2018293,030731,EPSG:32650,699960.0,5690220.0,809760.0,5800020.0,True
/home/ec2-user/ndvi_sqs_work/inner_mongolia/raw/HLS-VI.S30.T50UQE.2018293T030731.v2.0.NDVI.tif,HLS-VI.S30.T50UQE.2018293T030731.v2.0.NDVI.tif,S30,T50UQE,2018-10-20,2018293,030731,EPSG:32650,699960.0,5890200.0,809760.0,6000000.0,True
/home/ec2-user/ndvi_sqs_work/inner_mongolia/raw/HLS-VI.S30.T50UQU.2018293T030731.v2.0.NDVI.tif,HLS-VI.S30.T50UQU.2018293T030731.v2.0.NDVI.tif,S30,T50UQU,2018-10-20,2018293,030731,EPSG:32650,699960.0,5290200.0,809760.0,5400000.0,True
/home/ec2-user/ndvi_sqs_work/inner_mongolia/raw/HLS-VI.S30.T50UQV.2018293T030731.v2.0.NDVI.tif,HLS-VI.S30.T50UQV.2018293T030731.v2.0.NDVI.tif,S30,T50UQV,2018-10-20,2018293,030731,EPSG:32650,699960.0,5390220.0,809760.0,5500020.0,True
/home/ec2-user/ndvi_sqs_work/inner_mongolia/raw/HLS-VI.S30.T51UUQ.2018293T030731.v2.0.NDVI.tif,HLS-VI.S30.T51UUQ.2018293T030731.v2.0.NDVI.tif,S30,T51UUQ,2018-10-20,2018293,030731,EPSG:32651,300000.0,5390220.0,409800.0,5500020.0,True
/home/ec2-user/ndvi_sqs_work/inner_mongolia/raw/HLS-VI.S30.T51UUR.2018293T030731.v2.0.NDVI.tif,HLS-VI.S30.T51UUR.2018293T030731.v2.0.NDVI.tif,S30,T51UUR,2018-10-20,2018293,030731,EPSG:32651,300000.0,5490240.0,409800.0,5600040.0,True
/home/ec2-user/ndvi_sqs_work/inner_mongolia/raw/HLS-VI.S30.T51UUS.2018293T030731.v2.0.NDVI.tif,HLS-VI.S30.T51UUS.2018293T030731.v2.0.NDVI.tif,S30,T51UUS,2018-10-20,2018293,030731,EPSG:32651,300000.0,5590200.0,409800.0,5700000.0,True
/home/ec2-user/ndvi_sqs_work/inner_mongolia/raw/HLS-VI.S30.T51UUT.2018293T030731.v2.0.NDVI.tif,HLS-VI.S30.T51UUT.2018293T030731.v2.0.NDVI.tif,S30,T51UUT,2018-10-20,2018293,030731,EPSG:32651,300000.0,5690220.0,409800.0,5800020.0,True
/home/ec2-user/ndvi_sqs_work/inner_mongolia/raw/HLS-VI.S30.T51UUV.2018293T030731.v2.0.NDVI.tif,HLS-VI.S30.T51UUV.2018293T030731.v2.0.NDVI.tif,S30,T51UUV,2018-10-20,2018293,030731,EPSG:32651,300000.0,5890200.0,409800.0,6000000.0,True
/home/ec2-user/ndvi_sqs_work/inner_mongolia/raw/HLS-VI.S30.T51UVT.2018293T030731.v2.0.NDVI.tif,HLS-VI.S30.T51UVT.2018293T030731.v2.0.NDVI.tif,S30,T51UVT,2018-10-20,2018293,030731,EPSG:32651,399960.0,5690220.0,509760.0,5800020.0,True
/home/ec2-user/ndvi_sqs_work/inner_mongolia/raw/HLS-VI.S30.T51UVU.2018293T030731.v2.0.NDVI.tif,HLS-VI.S30.T51UVU.2018293T030731.v2.0.NDVI.tif,S30,T51UVU,2018-10-20,2018293,030731,EPSG:32651,399960.0,5790240.0,509760.0,5900040.0,True
/home/ec2-user/ndvi_sqs_work/inner_mongolia/raw/HLS-VI.S30.T47TLF.2018294T041811.v2.0.NDVI.tif,HLS-VI.S30.T47TLF.2018294T041811.v2.0.NDVI.tif,S30,T47TLF,2018-10-21,2018294,041811,EPSG:32647,300000.0,4490220.0,409800.0,4600020.0,True
/home/ec2-user/ndvi_sqs_work/inner_mongolia/raw/HLS-VI.S30.T47TNG.2018294T041811.v2.0.NDVI.tif,HLS-VI.S30.T47TNG.2018294T041811.v2.0.NDVI.tif,S30,T47TNG,2018-10-21,2018294,041811,EPSG:32647,499980.0,4590240.0,609780.0,4700040.0,True
/home/ec2-user/ndvi_sqs_work/inner_mongolia/raw/HLS-VI.S30.T51UWQ.2018294T023731.v2.0.NDVI.tif,HLS-VI.S30.T51UWQ.2018294T023731.v2.0.NDVI.tif,S30,T51UWQ,2018-10-21,2018294,023731,EPSG:32651,499980.0,5390220.0,609780.0,5500020.0,True
/home/ec2-user/ndvi_sqs_work/inner_mongolia/raw/HLS-VI.S30.T51UXP.2018294T023731.v2.0.NDVI.tif,HLS-VI.S30.T51UXP.2018294T023731.v2.0.NDVI.tif,S30,T51UXP,2018-10-21,2018294,023731,EPSG:32651,600000.0,5290200.0,709800.0,5400000.0,True
/home/ec2-user/ndvi_sqs_work/inner_mongolia/raw/HLS-VI.S30.T51UXQ.2018294T023731.v2.0.NDVI.tif,HLS-VI.S30.T51UXQ.2018294T023731.v2.0.NDVI.tif,S30,T51UXQ,2018-10-21,2018294,023731,EPSG:32651,600000.0,5390220.0,709800.0,5500020.0,True
/home/ec2-user/ndvi_sqs_work/inner_mongolia/raw/HLS-VI.S30.T51UXR.2018294T023731.v2.0.NDVI.tif,HLS-VI.S30.T51UXR.2018294T023731.v2.0.NDVI.tif,S30,T51UXR,2018-10-21,2018294,023731,EPSG:32651,600000.0,5490240.0,709800.0,5600040.0,True
/home/ec2-user/ndvi_sqs_work/inner_mongolia/raw/HLS-VI.S30.T48SXJ.2018295T034801.v2.0.NDVI.tif,HLS-VI.S30.T48SXJ.2018295T034801.v2.0.NDVI.tif,S30,T48SXJ,2018-10-22,2018295,034801,EPSG:32648,600000.0,4290240.0,709800.0,4400040.0,True
/home/ec2-user/ndvi_sqs_work/inner_mongolia/raw/HLS-VI.S30.T48TUK.2018295T034801.v2.0.NDVI.tif,HLS-VI.S30.T48TUK.2018295T034801.v2.0.NDVI.tif,S30,T48TUK,2018-10-22,2018295,034801,EPSG:32648,300000.0,4390200.0,409800.0,4500000.0,True
/home/ec2-user/ndvi_sqs_work/inner_mongolia/raw/HLS-VI.S30.T48TVK.2018295T034801.v2.0.NDVI.tif,HLS-VI.S30.T48TVK.2018295T034801.v2.0.NDVI.tif,S30,T48TVK,2018-10-22,2018295,034801,EPSG:32648,399960.0,4390200.0,509760.0,4500000.0,True
/home/ec2-user/ndvi_sqs_work/inner_mongolia/raw/HLS-VI.S30.T48TVL.2018295T034801.v2.0.NDVI.tif,HLS-VI.S30.T48TVL.2018295T034801.v2.0.NDVI.tif,S30,T48TVL,2018-10-22,2018295,034801,EPSG:32648,399960.0,4490220.0,509760.0,4600020.0,True
/home/ec2-user/ndvi_sqs_work/inner_mongolia/raw/HLS-VI.S30.T48TVM.2018295T034801.v2.0.NDVI.tif,HLS-VI.S30.T48TVM.2018295T034801.v2.0.NDVI.tif,S30,T48TVM,2018-10-22,2018295,034801,EPSG:32648,399960.0,4590240.0,509760.0,4700040.0,True
/home/ec2-user/ndvi_sqs_work/inner_mongolia/raw/HLS-VI.S30.T48TWL.2018295T034801.v2.0.NDVI.tif,HLS-VI.S30.T48TWL.2018295T034801.v2.0.NDVI.tif,S30,T48TWL,2018-10-22,2018295,034801,EPSG:32648,499980.0,4490220.0,609780.0,4600020.0,True
/home/ec2-user/ndvi_sqs_work/inner_mongolia/raw/HLS-VI.S30.T48TWM.2018295T034801.v2.0.NDVI.tif,HLS-VI.S30.T48TWM.2018295T034801.v2.0.NDVI.tif,S30,T48TWM,2018-10-22,2018295,034801,EPSG:32648,499980.0,4590240.0,609780.0,4700040.0,True
/home/ec2-user/ndvi_sqs_work/inner_mongolia/raw/HLS-VI.S30.T48TXL.2018295T034801.v2.0.NDVI.tif,HLS-VI.S30.T48TXL.2018295T034801.v2.0.NDVI.tif,S30,T48TXL,2018-10-22,2018295,034801,EPSG:32648,600000.0,4490220.0,709800.0,4600020.0,True
/home/ec2-user/ndvi_sqs_work/inner_mongolia/raw/HLS-VI.S30.T50TNN.2018295T025739.v2.0.NDVI.tif,HLS-VI.S30.T50TNN.2018295T025739.v2.0.NDVI.tif,S30,T50TNN,2018-10-22,2018295,025739,EPSG:32650,499980.0,4690200.0,609780.0,4800000.0,True
/home/ec2-user/ndvi_sqs_work/inner_mongolia/raw/HLS-VI.S30.T50TQS.2018295T025739.v2.0.NDVI.tif,HLS-VI.S30.T50TQS.2018295T025739.v2.0.NDVI.tif,S30,T50TQS,2018-10-22,2018295,025739,EPSG:32650,699960.0,5090220.0,809760.0,5200020.0,True
/home/ec2-user/ndvi_sqs_work/inner_mongolia/raw/HLS-VI.S30.T50UQV.2018295T025739.v2.0.NDVI.tif,HLS-VI.S30.T50UQV.2018295T025739.v2.0.NDVI.tif,S30,T50UQV,2018-10-22,2018295,025739,EPSG:32650,699960.0,5390220.0,809760.0,5500020.0,True
/home/ec2-user/ndvi_sqs_work/inner_mongolia/raw/HLS-VI.S30.T47SPD.2018296T040819.v2.0.NDVI.tif,HLS-VI.S30.T47SPD.2018296T040819.v2.0.NDVI.tif,S30,T47SPD,2018-10-23,2018296,040819,EPSG:32647,600000.0,4290240.0,709800.0,4400040.0,True
/home/ec2-user/ndvi_sqs_work/inner_mongolia/raw/HLS-VI.S30.T47SQD.2018296T040819.v2.0.NDVI.tif,HLS-VI.S30.T47SQD.2018296T040819.v2.0.NDVI.tif,S30,T47SQD,2018-10-23,2018296,040819,EPSG:32647,699960.0,4290240.0,809760.0,4400040.0,True
/home/ec2-user/ndvi_sqs_work/inner_mongolia/raw/HLS-VI.S30.T47TNF.2018296T040819.v2.0.NDVI.tif,HLS-VI.S30.T47TNF.2018296T040819.v2.0.NDVI.tif,S30,T47TNF,2018-10-23,2018296,040819,EPSG:32647,499980.0,4490220.0,609780.0,4600020.0,True
/home/ec2-user/ndvi_sqs_work/inner_mongolia/raw/HLS-VI.S30.T47TNG.2018296T040819.v2.0.NDVI.tif,HLS-VI.S30.T47TNG.2018296T040819.v2.0.NDVI.tif,S30,T47TNG,2018-10-23,2018296,040819,EPSG:32647,499980.0,4590240.0,609780.0,4700040.0,True
/home/ec2-user/ndvi_sqs_work/inner_mongolia/raw/HLS-VI.S30.T47TNH.2018296T040819.v2.0.NDVI.tif,HLS-VI.S30.T47TNH.2018296T040819.v2.0.NDVI.tif,S30,T47TNH,2018-10-23,2018296,040819,EPSG:32647,499980.0,4690200.0,609780.0,4800000.0,True
/home/ec2-user/ndvi_sqs_work/inner_mongolia/raw/HLS-VI.S30.T47TQE.2018296T040819.v2.0.NDVI.tif,HLS-VI.S30.T47TQE.2018296T040819.v2.0.NDVI.tif,S30,T47TQE,2018-10-23,2018296,040819,EPSG:32647,699960.0,4390200.0,809760.0,4500000.0,True
/home/ec2-user/ndvi_sqs_work/inner_mongolia/raw/HLS-VI.S30.T47TQH.2018296T040819.v2.0.NDVI.tif,HLS-VI.S30.T47TQH.2018296T040819.v2.0.NDVI.tif,S30,T47TQH,2018-10-23,2018296,040819,EPSG:32647,699960.0,4690200.0,809760.0,4800000.0,True
/home/ec2-user/ndvi_sqs_work/inner_mongolia/raw/HLS-VI.S30.T48STJ.2018296T040819.v2.0.NDVI.tif,HLS-VI.S30.T48STJ.2018296T040819.v2.0.NDVI.tif,S30,T48STJ,2018-10-23,2018296,040819,EPSG:32648,199980.0,4290240.0,309780.0,4400040.0,True
/home/ec2-user/ndvi_sqs_work/inner_mongolia/raw/HLS-VI.S30.T48TTK.2018296T040819.v2.0.NDVI.tif,HLS-VI.S30.T48TTK.2018296T040819.v2.0.NDVI.tif,S30,T48TTK,2018-10-23,2018296,040819,EPSG:32648,199980.0,4390200.0,309780.0,4500000.0,True
/home/ec2-user/ndvi_sqs_work/inner_mongolia/raw/HLS-VI.S30.T48TUM.2018296T040819.v2.0.NDVI.tif,HLS-VI.S30.T48TUM.2018296T040819.v2.0.NDVI.tif,S30,T48TUM,2018-10-23,2018296,040819,EPSG:32648,300000.0,4590240.0,409800.0,4700040.0,True
/home/ec2-user/ndvi_sqs_work/inner_mongolia/raw/HLS-VI.S30.T49SED.2018296T031801.v2.0.NDVI.tif,HLS-VI.S30.T49SED.2018296T031801.v2.0.NDVI.tif,S30,T49SED,2018-10-23,2018296,031801,EPSG:32649,499980.0,4290240.0,609780.0,4400040.0,True
/home/ec2-user/ndvi_sqs_work/inner_mongolia/raw/HLS-VI.S30.T49TEE.2018296T031801.v2.0.NDVI.tif,HLS-VI.S30.T49TEE.2018296T031801.v2.0.NDVI.tif,S30,T49TEE,2018-10-23,2018296,031801,EPSG:32649,499980.0,4390200.0,609780.0,4500000.0,True
/home/ec2-user/ndvi_sqs_work/inner_mongolia/raw/HLS-VI.S30.T49TEF.2018296T031801.v2.0.NDVI.tif,HLS-VI.S30.T49TEF.2018296T031801.v2.0.NDVI.tif,S30,T49TEF,2018-10-23,2018296,031801,EPSG:32649,499980.0,4490220.0,609780.0,4600020.0,True
/home/ec2-user/ndvi_sqs_work/inner_mongolia/raw/HLS-VI.S30.T49TEG.2018296T031801.v2.0.NDVI.tif,HLS-VI.S30.T49TEG.2018296T031801.v2.0.NDVI.tif,S30,T49TEG,2018-10-23,2018296,031801,EPSG:32649,499980.0,4590240.0,609780.0,4700040.0,True
/home/ec2-user/ndvi_sqs_work/inner_mongolia/raw/HLS-VI.S30.T49TFF.2018296T031801.v2.0.NDVI.tif,HLS-VI.S30.T49TFF.2018296T031801.v2.0.NDVI.tif,S30,T49TFF,2018-10-23,2018296,031801,EPSG:32649,600000.0,4490220.0,709800.0,4600020.0,True
/home/ec2-user/ndvi_sqs_work/inner_mongolia/raw/HLS-VI.S30.T49TFG.2018296T031801.v2.0.NDVI.tif,HLS-VI.S30.T49TFG.2018296T031801.v2.0.NDVI.tif,S30,T49TFG,2018-10-23,2018296,031801,EPSG:32649,600000.0,4590240.0,709800.0,4700040.0,True
/home/ec2-user/ndvi_sqs_work/inner_mongolia/raw/HLS-VI.S30.T49TGE.2018296T031801.v2.0.NDVI.tif,HLS-VI.S30.T49TGE.2018296T031801.v2.0.NDVI.tif,S30,T49TGE,2018-10-23,2018296,031801,EPSG:32649,699960.0,4390200.0,809760.0,4500000.0,True
/home/ec2-user/ndvi_sqs_work/inner_mongolia/raw/HLS-VI.S30.T50TKK.2018296T031801.v2.0.NDVI.tif,HLS-VI.S30.T50TKK.2018296T031801.v2.0.NDVI.tif,S30,T50TKK,2018-10-23,2018296,031801,EPSG:32650,199980.0,4390200.0,309780.0,4500000.0,True
/home/ec2-user/ndvi_sqs_work/inner_mongolia/raw/HLS-VI.S30.T48SXJ.2018297T033809.v2.0.NDVI.tif,HLS-VI.S30.T48SXJ.2018297T033809.v2.0.NDVI.tif,S30,T48SXJ,2018-10-24,2018297,033809,EPSG:32648,600000.0,4290240.0,709800.0,4400040.0,True
/home/ec2-user/ndvi_sqs_work/inner_mongolia/raw/HLS-VI.S30.T48SYJ.2018297T033809.v2.0.NDVI.tif,HLS-VI.S30.T48SYJ.2018297T033809.v2.0.NDVI.tif,S30,T48SYJ,2018-10-24,2018297,033809,EPSG:32648,699960.0,4290240.0,809760.0,4400040.0,True
/home/ec2-user/ndvi_sqs_work/inner_mongolia/raw/HLS-VI.S30.T48TXM.2018297T033809.v2.0.NDVI.tif,HLS-VI.S30.T48TXM.2018297T033809.v2.0.NDVI.tif,S30,T48TXM,2018-10-24,2018297,033809,EPSG:32648,600000.0,4590240.0,709800.0,4700040.0,True
/home/ec2-user/ndvi_sqs_work/inner_mongolia/raw/HLS-VI.S30.T48TXN.2018297T033809.v2.0.NDVI.tif,HLS-VI.S30.T48TXN.2018297T033809.v2.0.NDVI.tif,S30,T48TXN,2018-10-24,2018297,033809,EPSG:32648,600000.0,4690200.0,709800.0,4800000.0,True
/home/ec2-user/ndvi_sqs_work/inner_mongolia/raw/HLS-VI.S30.T48TYK.2018297T033809.v2.0.NDVI.tif,HLS-VI.S30.T48TYK.2018297T033809.v2.0.NDVI.tif,S30,T48TYK,2018-10-24,2018297,033809,EPSG:32648,699960.0,4390200.0,809760.0,4500000.0,True
/home/ec2-user/ndvi_sqs_work/inner_mongolia/raw/HLS-VI.S30.T48TYL.2018297T033809.v2.0.NDVI.tif,HLS-VI.S30.T48TYL.2018297T033809.v2.0.NDVI.tif,S30,T48TYL,2018-10-24,2018297,033809,EPSG:32648,699960.0,4490220.0,809760.0,4600020.0,True
/home/ec2-user/ndvi_sqs_work/inner_mongolia/raw/HLS-VI.S30.T48TYM.2018297T033809.v2.0.NDVI.tif,HLS-VI.S30.T48TYM.2018297T033809.v2.0.NDVI.tif,S30,T48TYM,2018-10-24,2018297,033809,EPSG:32648,699960.0,4590240.0,809760.0,4700040.0,True
/home/ec2-user/ndvi_sqs_work/inner_mongolia/raw/HLS-VI.S30.T49SBD.2018297T033809.v2.0.NDVI.tif,HLS-VI.S30.T49SBD.2018297T033809.v2.0.NDVI.tif,S30,T49SBD,2018-10-24,2018297,033809,EPSG:32649,199980.0,4290240.0,309780.0,4400040.0,True
/home/ec2-user/ndvi_sqs_work/inner_mongolia/raw/HLS-VI.S30.T49SCD.2018297T033809.v2.0.NDVI.tif,HLS-VI.S30.T49SCD.2018297T033809.v2.0.NDVI.tif,S30,T49SCD,2018-10-24,2018297,033809,EPSG:32649,300000.0,4290240.0,409800.0,4400040.0,True
/home/ec2-user/ndvi_sqs_work/inner_mongolia/raw/HLS-VI.S30.T49TBE.2018297T033809.v2.0.NDVI.tif,HLS-VI.S30.T49TBE.2018297T033809.v2.0.NDVI.tif,S30,T49TBE,2018-10-24,2018297,033809,EPSG:32649,199980.0,4390200.0,309780.0,4500000.0,True
/home/ec2-user/ndvi_sqs_work/inner_mongolia/raw/HLS-VI.S30.T49TBF.2018297T033809.v2.0.NDVI.tif,HLS-VI.S30.T49TBF.2018297T033809.v2.0.NDVI.tif,S30,T49TBF,2018-10-24,2018297,033809,EPSG:32649,199980.0,4490220.0,309780.0,4600020.0,True
/home/ec2-user/ndvi_sqs_work/inner_mongolia/raw/HLS-VI.S30.T49TBG.2018297T033809.v2.0.NDVI.tif,HLS-VI.S30.T49TBG.2018297T033809.v2.0.NDVI.tif,S30,T49TBG,2018-10-24,2018297,033809,EPSG:32649,199980.0,4590240.0,309780.0,4700040.0,True
/home/ec2-user/ndvi_sqs_work/inner_mongolia/raw/HLS-VI.S30.T49TCF.2018297T033809.v2.0.NDVI.tif,HLS-VI.S30.T49TCF.2018297T033809.v2.0.NDVI.tif,S30,T49TCF,2018-10-24,2018297,033809,EPSG:32649,300000.0,4490220.0,409800.0,4600020.0,True
/home/ec2-user/ndvi_sqs_work/inner_mongolia/raw/HLS-VI.S30.T49TCG.2018297T033809.v2.0.NDVI.tif,HLS-VI.S30.T49TCG.2018297T033809.v2.0.NDVI.tif,S30,T49TCG,2018-10-24,2018297,033809,EPSG:32649,300000.0,4590240.0,409800.0,4700040.0,True
/home/ec2-user/ndvi_sqs_work/inner_mongolia/raw/HLS-VI.S30.T49TCH.2018297T033809.v2.0.NDVI.tif,HLS-VI.S30.T49TCH.2018297T033809.v2.0.NDVI.tif,S30,T49TCH,2018-10-24,2018297,033809,EPSG:32649,300000.0,4690200.0,409800.0,4800000.0,True
/home/ec2-user/ndvi_sqs_work/inner_mongolia/raw/HLS-VI.S30.T49TDF.2018297T033809.v2.0.NDVI.tif,HLS-VI.S30.T49TDF.2018297T033809.v2.0.NDVI.tif,S30,T49TDF,2018-10-24,2018297,033809,EPSG:32649,399960.0,4490220.0,509760.0,4600020.0,True
/home/ec2-user/ndvi_sqs_work/inner_mongolia/raw/HLS-VI.S30.T49TDG.2018297T033809.v2.0.NDVI.tif,HLS-VI.S30.T49TDG.2018297T033809.v2.0.NDVI.tif,S30,T49TDG,2018-10-24,2018297,033809,EPSG:32649,399960.0,4590240.0,509760.0,4700040.0,True
/home/ec2-user/ndvi_sqs_work/inner_mongolia/raw/HLS-VI.S30.T49TDJ.2018297T033809.v2.0.NDVI.tif,HLS-VI.S30.T49TDJ.2018297T033809.v2.0.NDVI.tif,S30,T49TDJ,2018-10-24,2018297,033809,EPSG:32649,399960.0,4790220.0,509760.0,4900020.0,True
/home/ec2-user/ndvi_sqs_work/inner_mongolia/raw/HLS-VI.S30.T50TPL.2018297T024751.v2.0.NDVI.tif,HLS-VI.S30.T50TPL.2018297T024751.v2.0.NDVI.tif,S30,T50TPL,2018-10-24,2018297,024751,EPSG:32650,600000.0,4490220.0,709800.0,4600020.0,True
/home/ec2-user/ndvi_sqs_work/inner_mongolia/raw/HLS-VI.S30.T50TQL.2018297T024751.v2.0.NDVI.tif,HLS-VI.S30.T50TQL.2018297T024751.v2.0.NDVI.tif,S30,T50TQL,2018-10-24,2018297,024751,EPSG:32650,699960.0,4490220.0,809760.0,4600020.0,True
/home/ec2-user/ndvi_sqs_work/inner_mongolia/raw/HLS-VI.S30.T50TQM.2018297T024751.v2.0.NDVI.tif,HLS-VI.S30.T50TQM.2018297T024751.v2.0.NDVI.tif,S30,T50TQM,2018-10-24,2018297,024751,EPSG:32650,699960.0,4590240.0,809760.0,4700040.0,True
/home/ec2-user/ndvi_sqs_work/inner_mongolia/raw/HLS-VI.S30.T50TQN.2018297T024751.v2.0.NDVI.tif,HLS-VI.S30.T50TQN.2018297T024751.v2.0.NDVI.tif,S30,T50TQN,2018-10-24,2018297,024751,EPSG:32650,699960.0,4690200.0,809760.0,4800000.0,True
/home/ec2-user/ndvi_sqs_work/inner_mongolia/raw/HLS-VI.S30.T51TTF.2018297T024751.v2.0.NDVI.tif,HLS-VI.S30.T51TTF.2018297T024751.v2.0.NDVI.tif,S30,T51TTF,2018-10-24,2018297,024751,EPSG:32651,199980.0,4490220.0,309780.0,4600020.0,True
/home/ec2-user/ndvi_sqs_work/inner_mongolia/raw/HLS-VI.S30.T51TTG.2018297T024751.v2.0.NDVI.tif,HLS-VI.S30.T51TTG.2018297T024751.v2.0.NDVI.tif,S30,T51TTG,2018-10-24,2018297,024751,EPSG:32651,199980.0,4590240.0,309780.0,4700040.0,True
/home/ec2-user/ndvi_sqs_work/inner_mongolia/raw/HLS-VI.S30.T51TUG.2018297T024751.v2.0.NDVI.tif,HLS-VI.S30.T51TUG.2018297T024751.v2.0.NDVI.tif,S30,T51TUG,2018-10-24,2018297,024751,EPSG:32651,300000.0,4590240.0,409800.0,4700040.0,True
/home/ec2-user/ndvi_sqs_work/inner_mongolia/raw/HLS-VI.S30.T51TUH.2018297T024751.v2.0.NDVI.tif,HLS-VI.S30.T51TUH.2018297T024751.v2.0.NDVI.tif,S30,T51TUH,2018-10-24,2018297,024751,EPSG:32651,300000.0,4690200.0,409800.0,4800000.0,True
/home/ec2-user/ndvi_sqs_work/inner_mongolia/raw/HLS-VI.S30.T51TVH.2018297T024751.v2.0.NDVI.tif,HLS-VI.S30.T51TVH.2018297T024751.v2.0.NDVI.tif,S30,T51TVH,2018-10-24,2018297,024751,EPSG:32651,399960.0,4690200.0,509760.0,4800000.0,True
/home/ec2-user/ndvi_sqs_work/inner_mongolia/raw/HLS-VI.S30.T51TVN.2018297T024751.v2.0.NDVI.tif,HLS-VI.S30.T51TVN.2018297T024751.v2.0.NDVI.tif,S30,T51TVN,2018-10-24,2018297,024751,EPSG:32651,399960.0,5190240.0,509760.0,5300040.0,True
/home/ec2-user/ndvi_sqs_work/inner_mongolia/raw/HLS-VI.S30.T51TWN.2018297T024751.v2.0.NDVI.tif,HLS-VI.S30.T51TWN.2018297T024751.v2.0.NDVI.tif,S30,T51TWN,2018-10-24,2018297,024751,EPSG:32651,499980.0,5190240.0,609780.0,5300040.0,True
/home/ec2-user/ndvi_sqs_work/inner_mongolia/raw/HLS-VI.S30.T47SPD.2018298T035821.v2.0.NDVI.tif,HLS-VI.S30.T47SPD.2018298T035821.v2.0.NDVI.tif,S30,T47SPD,2018-10-25,2018298,035821,EPSG:32647,600000.0,4290240.0,709800.0,4400040.0,True
/home/ec2-user/ndvi_sqs_work/inner_mongolia/raw/HLS-VI.S30.T47TQE.2018298T035821.v2.0.NDVI.tif,HLS-VI.S30.T47TQE.2018298T035821.v2.0.NDVI.tif,S30,T47TQE,2018-10-25,2018298,035821,EPSG:32647,699960.0,4390200.0,809760.0,4500000.0,True
/home/ec2-user/ndvi_sqs_work/inner_mongolia/raw/HLS-VI.S30.T47TQH.2018298T035821.v2.0.NDVI.tif,HLS-VI.S30.T47TQH.2018298T035821.v2.0.NDVI.tif,S30,T47TQH,2018-10-25,2018298,035821,EPSG:32647,699960.0,4690200.0,809760.0,4800000.0,True
/home/ec2-user/ndvi_sqs_work/inner_mongolia/raw/HLS-VI.S30.T48TUK.2018298T035821.v2.0.NDVI.tif,HLS-VI.S30.T48TUK.2018298T035821.v2.0.NDVI.tif,S30,T48TUK,2018-10-25,2018298,035821,EPSG:32648,300000.0,4390200.0,409800.0,4500000.0,True
/home/ec2-user/ndvi_sqs_work/inner_mongolia/raw/HLS-VI.S30.T48TUL.2018298T035821.v2.0.NDVI.tif,HLS-VI.S30.T48TUL.2018298T035821.v2.0.NDVI.tif,S30,T48TUL,2018-10-25,2018298,035821,EPSG:32648,300000.0,4490220.0,409800.0,4600020.0,True
/home/ec2-user/ndvi_sqs_work/inner_mongolia/raw/HLS-VI.S30.T48TVL.2018298T035821.v2.0.NDVI.tif,HLS-VI.S30.T48TVL.2018298T035821.v2.0.NDVI.tif,S30,T48TVL,2018-10-25,2018298,035821,EPSG:32648,399960.0,4490220.0,509760.0,4600020.0,True
/home/ec2-user/ndvi_sqs_work/inner_mongolia/raw/HLS-VI.S30.T48TVM.2018298T035821.v2.0.NDVI.tif,HLS-VI.S30.T48TVM.2018298T035821.v2.0.NDVI.tif,S30,T48TVM,2018-10-25,2018298,035821,EPSG:32648,399960.0,4590240.0,509760.0,4700040.0,True
/home/ec2-user/ndvi_sqs_work/inner_mongolia/raw/HLS-VI.S30.T47TLF.2018299T041839.v2.0.NDVI.tif,HLS-VI.S30.T47TLF.2018299T041839.v2.0.NDVI.tif,S30,T47TLF,2018-10-26,2018299,041839,EPSG:32647,300000.0,4490220.0,409800.0,4600020.0,True
/home/ec2-user/ndvi_sqs_work/inner_mongolia/raw/HLS-VI.S30.T47TLG.2018299T041839.v2.0.NDVI.tif,HLS-VI.S30.T47TLG.2018299T041839.v2.0.NDVI.tif,S30,T47TLG,2018-10-26,2018299,041839,EPSG:32647,300000.0,4590240.0,409800.0,4700040.0,True
/home/ec2-user/ndvi_sqs_work/inner_mongolia/raw/HLS-VI.S30.T47TLH.2018299T041839.v2.0.NDVI.tif,HLS-VI.S30.T47TLH.2018299T041839.v2.0.NDVI.tif,S30,T47TLH,2018-10-26,2018299,041839,EPSG:32647,300000.0,4690200.0,409800.0,4800000.0,True
/home/ec2-user/ndvi_sqs_work/inner_mongolia/raw/HLS-VI.S30.T47TMF.2018299T041839.v2.0.NDVI.tif,HLS-VI.S30.T47TMF.2018299T041839.v2.0.NDVI.tif,S30,T47TMF,2018-10-26,2018299,041839,EPSG:32647,399960.0,4490220.0,509760.0,4600020.0,True
/home/ec2-user/ndvi_sqs_work/inner_mongolia/raw/HLS-VI.S30.T47TMG.2018299T041839.v2.0.NDVI.tif,HLS-VI.S30.T47TMG.2018299T041839.v2.0.NDVI.tif,S30,T47TMG,2018-10-26,2018299,041839,EPSG:32647,399960.0,4590240.0,509760.0,4700040.0,True
/home/ec2-user/ndvi_sqs_work/inner_mongolia/raw/HLS-VI.S30.T47TMH.2018299T041839.v2.0.NDVI.tif,HLS-VI.S30.T47TMH.2018299T041839.v2.0.NDVI.tif,S30,T47TMH,2018-10-26,2018299,041839,EPSG:32647,399960.0,4690200.0,509760.0,4800000.0,True
/home/ec2-user/ndvi_sqs_work/inner_mongolia/raw/HLS-VI.S30.T47TNF.2018299T041839.v2.0.NDVI.tif,HLS-VI.S30.T47TNF.2018299T041839.v2.0.NDVI.tif,S30,T47TNF,2018-10-26,2018299,041839,EPSG:32647,499980.0,4490220.0,609780.0,4600020.0,True
/home/ec2-user/ndvi_sqs_work/inner_mongolia/raw/HLS-VI.S30.T47TNG.2018299T041839.v2.0.NDVI.tif,HLS-VI.S30.T47TNG.2018299T041839.v2.0.NDVI.tif,S30,T47TNG,2018-10-26,2018299,041839,EPSG:32647,499980.0,4590240.0,609780.0,4700040.0,True
/home/ec2-user/ndvi_sqs_work/inner_mongolia/raw/HLS-VI.S30.T47TNH.2018299T041839.v2.0.NDVI.tif,HLS-VI.S30.T47TNH.2018299T041839.v2.0.NDVI.tif,S30,T47TNH,2018-10-26,2018299,041839,EPSG:32647,499980.0,4690200.0,609780.0,4800000.0,True
/home/ec2-user/ndvi_sqs_work/inner_mongolia/raw/HLS-VI.S30.T48SYH.2018299T032821.v2.0.NDVI.tif,HLS-VI.S30.T48SYH.2018299T032821.v2.0.NDVI.tif,S30,T48SYH,2018-10-26,2018299,032821,EPSG:32648,699960.0,4190220.0,809760.0,4300020.0,True
/home/ec2-user/ndvi_sqs_work/inner_mongolia/raw/HLS-VI.S30.T48SYJ.2018299T032821.v2.0.NDVI.tif,HLS-VI.S30.T48SYJ.2018299T032821.v2.0.NDVI.tif,S30,T48SYJ,2018-10-26,2018299,032821,EPSG:32648,699960.0,4290240.0,809760.0,4400040.0,True
/home/ec2-user/ndvi_sqs_work/inner_mongolia/raw/HLS-VI.S30.T49SBB.2018299T032821.v2.0.NDVI.tif,HLS-VI.S30.T49SBB.2018299T032821.v2.0.NDVI.tif,S30,T49SBB,2018-10-26,2018299,032821,EPSG:32649,199980.0,4090200.0,309780.0,4200000.0,True
/home/ec2-user/ndvi_sqs_work/inner_mongolia/raw/HLS-VI.S30.T49SBC.2018299T032821.v2.0.NDVI.tif,HLS-VI.S30.T49SBC.2018299T032821.v2.0.NDVI.tif,S30,T49SBC,2018-10-26,2018299,032821,EPSG:32649,199980.0,4190220.0,309780.0,4300020.0,True
/home/ec2-user/ndvi_sqs_work/inner_mongolia/raw/HLS-VI.S30.T49SBD.2018299T032821.v2.0.NDVI.tif,HLS-VI.S30.T49SBD.2018299T032821.v2.0.NDVI.tif,S30,T49SBD,2018-10-26,2018299,032821,EPSG:32649,199980.0,4290240.0,309780.0,4400040.0,True
/home/ec2-user/ndvi_sqs_work/inner_mongolia/raw/HLS-VI.S30.T49SCB.2018299T032821.v2.0.NDVI.tif,HLS-VI.S30.T49SCB.2018299T032821.v2.0.NDVI.tif,S30,T49SCB,2018-10-26,2018299,032821,EPSG:32649,300000.0,4090200.0,409800.0,4200000.0,True
/home/ec2-user/ndvi_sqs_work/inner_mongolia/raw/HLS-VI.S30.T49SCC.2018299T032821.v2.0.NDVI.tif,HLS-VI.S30.T49SCC.2018299T032821.v2.0.NDVI.tif,S30,T49SCC,2018-10-26,2018299,032821,EPSG:32649,300000.0,4190220.0,409800.0,4300020.0,True
/home/ec2-user/ndvi_sqs_work/inner_mongolia/raw/HLS-VI.S30.T49SCD.2018299T032821.v2.0.NDVI.tif,HLS-VI.S30.T49SCD.2018299T032821.v2.0.NDVI.tif,S30,T49SCD,2018-10-26,2018299,032821,EPSG:32649,300000.0,4290240.0,409800.0,4400040.0,True
/home/ec2-user/ndvi_sqs_work/inner_mongolia/raw/HLS-VI.S30.T49SDC.2018299T032821.v2.0.NDVI.tif,HLS-VI.S30.T49SDC.2018299T032821.v2.0.NDVI.tif,S30,T49SDC,2018-10-26,2018299,032821,EPSG:32649,399960.0,4190220.0,509760.0,4300020.0,True
/home/ec2-user/ndvi_sqs_work/inner_mongolia/raw/HLS-VI.S30.T49SDD.2018299T032821.v2.0.NDVI.tif,HLS-VI.S30.T49SDD.2018299T032821.v2.0.NDVI.tif,S30,T49SDD,2018-10-26,2018299,032821,EPSG:32649,399960.0,4290240.0,509760.0,4400040.0,True
/home/ec2-user/ndvi_sqs_work/inner_mongolia/raw/HLS-VI.S30.T49TBE.2018299T032821.v2.0.NDVI.tif,HLS-VI.S30.T49TBE.2018299T032821.v2.0.NDVI.tif,S30,T49TBE,2018-10-26,2018299,032821,EPSG:32649,199980.0,4390200.0,309780.0,4500000.0,True
/home/ec2-user/ndvi_sqs_work/inner_mongolia/raw/HLS-VI.S30.T49TCE.2018299T032821.v2.0.NDVI.tif,HLS-VI.S30.T49TCE.2018299T032821.v2.0.NDVI.tif,S30,T49TCE,2018-10-26,2018299,032821,EPSG:32649,300000.0,4390200.0,409800.0,4500000.0,True
/home/ec2-user/ndvi_sqs_work/inner_mongolia/raw/HLS-VI.S30.T49TCF.2018299T032821.v2.0.NDVI.tif,HLS-VI.S30.T49TCF.2018299T032821.v2.0.NDVI.tif,S30,T49TCF,2018-10-26,2018299,032821,EPSG:32649,300000.0,4490220.0,409800.0,4600020.0,True
/home/ec2-user/ndvi_sqs_work/inner_mongolia/raw/HLS-VI.S30.T49TCG.2018299T032821.v2.0.NDVI.tif,HLS-VI.S30.T49TCG.2018299T032821.v2.0.NDVI.tif,S30,T49TCG,2018-10-26,2018299,032821,EPSG:32649,300000.0,4590240.0,409800.0,4700040.0,True
/home/ec2-user/ndvi_sqs_work/inner_mongolia/raw/HLS-VI.S30.T49TCH.2018299T032821.v2.0.NDVI.tif,HLS-VI.S30.T49TCH.2018299T032821.v2.0.NDVI.tif,S30,T49TCH,2018-10-26,2018299,032821,EPSG:32649,300000.0,4690200.0,409800.0,4800000.0,True
/home/ec2-user/ndvi_sqs_work/inner_mongolia/raw/HLS-VI.S30.T49TDE.2018299T032821.v2.0.NDVI.tif,HLS-VI.S30.T49TDE.2018299T032821.v2.0.NDVI.tif,S30,T49TDE,2018-10-26,2018299,032821,EPSG:32649,399960.0,4390200.0,509760.0,4500000.0,True
/home/ec2-user/ndvi_sqs_work/inner_mongolia/raw/HLS-VI.S30.T49TDF.2018299T032821.v2.0.NDVI.tif,HLS-VI.S30.T49TDF.2018299T032821.v2.0.NDVI.tif,S30,T49TDF,2018-10-26,2018299,032821,EPSG:32649,399960.0,4490220.0,509760.0,4600020.0,True
/home/ec2-user/ndvi_sqs_work/inner_mongolia/raw/HLS-VI.S30.T49TDG.2018299T032821.v2.0.NDVI.tif,HLS-VI.S30.T49TDG.2018299T032821.v2.0.NDVI.tif,S30,T49TDG,2018-10-26,2018299,032821,EPSG:32649,399960.0,4590240.0,509760.0,4700040.0,True
/home/ec2-user/ndvi_sqs_work/inner_mongolia/raw/HLS-VI.S30.T49TDH.2018299T032821.v2.0.NDVI.tif,HLS-VI.S30.T49TDH.2018299T032821.v2.0.NDVI.tif,S30,T49TDH,2018-10-26,2018299,032821,EPSG:32649,399960.0,4690200.0,509760.0,4800000.0,True
/home/ec2-user/ndvi_sqs_work/inner_mongolia/raw/HLS-VI.S30.T49TEG.2018299T032821.v2.0.NDVI.tif,HLS-VI.S30.T49TEG.2018299T032821.v2.0.NDVI.tif,S30,T49TEG,2018-10-26,2018299,032821,EPSG:32649,499980.0,4590240.0,609780.0,4700040.0,True
/home/ec2-user/ndvi_sqs_work/inner_mongolia/raw/HLS-VI.S30.T49TEH.2018299T032821.v2.0.NDVI.tif,HLS-VI.S30.T49TEH.2018299T032821.v2.0.NDVI.tif,S30,T49TEH,2018-10-26,2018299,032821,EPSG:32649,499980.0,4690200.0,609780.0,4800000.0,True
/home/ec2-user/ndvi_sqs_work/inner_mongolia/raw/HLS-VI.S30.T48SWG.2018300T034839.v2.0.NDVI.tif,HLS-VI.S30.T48SWG.2018300T034839.v2.0.NDVI.tif,S30,T48SWG,2018-10-27,2018300,034839,EPSG:32648,499980.0,4090200.0,609780.0,4200000.0,True
/home/ec2-user/ndvi_sqs_work/inner_mongolia/raw/HLS-VI.S30.T48SXH.2018300T034839.v2.0.NDVI.tif,HLS-VI.S30.T48SXH.2018300T034839.v2.0.NDVI.tif,S30,T48SXH,2018-10-27,2018300,034839,EPSG:32648,600000.0,4190220.0,709800.0,4300020.0,True
/home/ec2-user/ndvi_sqs_work/inner_mongolia/raw/HLS-VI.S30.T48SXJ.2018300T034839.v2.0.NDVI.tif,HLS-VI.S30.T48SXJ.2018300T034839.v2.0.NDVI.tif,S30,T48SXJ,2018-10-27,2018300,034839,EPSG:32648,600000.0,4290240.0,709800.0,4400040.0,True
/home/ec2-user/ndvi_sqs_work/inner_mongolia/raw/HLS-VI.S30.T48TUK.2018300T034839.v2.0.NDVI.tif,HLS-VI.S30.T48TUK.2018300T034839.v2.0.NDVI.tif,S30,T48TUK,2018-10-27,2018300,034839,EPSG:32648,300000.0,4390200.0,409800.0,4500000.0,True
/home/ec2-user/ndvi_sqs_work/inner_mongolia/raw/HLS-VI.S30.T48TVK.2018300T034839.v2.0.NDVI.tif,HLS-VI.S30.T48TVK.2018300T034839.v2.0.NDVI.tif,S30,T48TVK,2018-10-27,2018300,034839,EPSG:32648,399960.0,4390200.0,509760.0,4500000.0,True
/home/ec2-user/ndvi_sqs_work/inner_mongolia/raw/HLS-VI.S30.T48TVL.2018300T034839.v2.0.NDVI.tif,HLS-VI.S30.T48TVL.2018300T034839.v2.0.NDVI.tif,S30,T48TVL,2018-10-27,2018300,034839,EPSG:32648,399960.0,4490220.0,509760.0,4600020.0,True
/home/ec2-user/ndvi_sqs_work/inner_mongolia/raw/HLS-VI.S30.T48TVM.2018300T034839.v2.0.NDVI.tif,HLS-VI.S30.T48TVM.2018300T034839.v2.0.NDVI.tif,S30,T48TVM,2018-10-27,2018300,034839,EPSG:32648,399960.0,4590240.0,509760.0,4700040.0,True
/home/ec2-user/ndvi_sqs_work/inner_mongolia/raw/HLS-VI.S30.T48TWL.2018300T034839.v2.0.NDVI.tif,HLS-VI.S30.T48TWL.2018300T034839.v2.0.NDVI.tif,S30,T48TWL,2018-10-27,2018300,034839,EPSG:32648,499980.0,4490220.0,609780.0,4600020.0,True
/home/ec2-user/ndvi_sqs_work/inner_mongolia/raw/HLS-VI.S30.T48TWM.2018300T034839.v2.0.NDVI.tif,HLS-VI.S30.T48TWM.2018300T034839.v2.0.NDVI.tif,S30,T48TWM,2018-10-27,2018300,034839,EPSG:32648,499980.0,4590240.0,609780.0,4700040.0,True
/home/ec2-user/ndvi_sqs_work/inner_mongolia/raw/HLS-VI.S30.T48TXM.2018300T034839.v2.0.NDVI.tif,HLS-VI.S30.T48TXM.2018300T034839.v2.0.NDVI.tif,S30,T48TXM,2018-10-27,2018300,034839,EPSG:32648,600000.0,4590240.0,709800.0,4700040.0,True
/home/ec2-user/ndvi_sqs_work/inner_mongolia/raw/HLS-VI.S30.T48TXN.2018300T034839.v2.0.NDVI.tif,HLS-VI.S30.T48TXN.2018300T034839.v2.0.NDVI.tif,S30,T48TXN,2018-10-27,2018300,034839,EPSG:32648,600000.0,4690200.0,709800.0,4800000.0,True
/home/ec2-user/ndvi_sqs_work/inner_mongolia/raw/HLS-VI.S30.T48TYM.2018300T034839.v2.0.NDVI.tif,HLS-VI.S30.T48TYM.2018300T034839.v2.0.NDVI.tif,S30,T48TYM,2018-10-27,2018300,034839,EPSG:32648,699960.0,4590240.0,809760.0,4700040.0,True
/home/ec2-user/ndvi_sqs_work/inner_mongolia/raw/HLS-VI.S30.T48TYN.2018300T034839.v2.0.NDVI.tif,HLS-VI.S30.T48TYN.2018300T034839.v2.0.NDVI.tif,S30,T48TYN,2018-10-27,2018300,034839,EPSG:32648,699960.0,4690200.0,809760.0,4800000.0,True
/home/ec2-user/ndvi_sqs_work/inner_mongolia/raw/HLS-VI.S30.T49TBG.2018300T034839.v2.0.NDVI.tif,HLS-VI.S30.T49TBG.2018300T034839.v2.0.NDVI.tif,S30,T49TBG,2018-10-27,2018300,034839,EPSG:32649,199980.0,4590240.0,309780.0,4700040.0,True
/home/ec2-user/ndvi_sqs_work/inner_mongolia/raw/HLS-VI.S30.T47SPD.2018301T040851.v2.0.NDVI.tif,HLS-VI.S30.T47SPD.2018301T040851.v2.0.NDVI.tif,S30,T47SPD,2018-10-28,2018301,040851,EPSG:32647,600000.0,4290240.0,709800.0,4400040.0,True
/home/ec2-user/ndvi_sqs_work/inner_mongolia/raw/HLS-VI.S30.T47TNF.2018301T040851.v2.0.NDVI.tif,HLS-VI.S30.T47TNF.2018301T040851.v2.0.NDVI.tif,S30,T47TNF,2018-10-28,2018301,040851,EPSG:32647,499980.0,4490220.0,609780.0,4600020.0,True
/home/ec2-user/ndvi_sqs_work/inner_mongolia/raw/HLS-VI.S30.T47TNG.2018301T040851.v2.0.NDVI.tif,HLS-VI.S30.T47TNG.2018301T040851.v2.0.NDVI.tif,S30,T47TNG,2018-10-28,2018301,040851,EPSG:32647,499980.0,4590240.0,609780.0,4700040.0,True
/home/ec2-user/ndvi_sqs_work/inner_mongolia/raw/HLS-VI.S30.T47TNH.2018301T040851.v2.0.NDVI.tif,HLS-VI.S30.T47TNH.2018301T040851.v2.0.NDVI.tif,S30,T47TNH,2018-10-28,2018301,040851,EPSG:32647,499980.0,4690200.0,609780.0,4800000.0,True
/home/ec2-user/ndvi_sqs_work/inner_mongolia/raw/HLS-VI.S30.T47TQE.2018301T040851.v2.0.NDVI.tif,HLS-VI.S30.T47TQE.2018301T040851.v2.0.NDVI.tif,S30,T47TQE,2018-10-28,2018301,040851,EPSG:32647,699960.0,4390200.0,809760.0,4500000.0,True
/home/ec2-user/ndvi_sqs_work/inner_mongolia/raw/HLS-VI.S30.T47TQH.2018301T040851.v2.0.NDVI.tif,HLS-VI.S30.T47TQH.2018301T040851.v2.0.NDVI.tif,S30,T47TQH,2018-10-28,2018301,040851,EPSG:32647,699960.0,4690200.0,809760.0,4800000.0,True
/home/ec2-user/ndvi_sqs_work/inner_mongolia/raw/HLS-VI.S30.T48TTK.2018301T040851.v2.0.NDVI.tif,HLS-VI.S30.T48TTK.2018301T040851.v2.0.NDVI.tif,S30,T48TTK,2018-10-28,2018301,040851,EPSG:32648,199980.0,4390200.0,309780.0,4500000.0,True
/home/ec2-user/ndvi_sqs_work/inner_mongolia/raw/HLS-VI.S30.T49SED.2018301T031829.v2.0.NDVI.tif,HLS-VI.S30.T49SED.2018301T031829.v2.0.NDVI.tif,S30,T49SED,2018-10-28,2018301,031829,EPSG:32649,499980.0,4290240.0,609780.0,4400040.0,True
/home/ec2-user/ndvi_sqs_work/inner_mongolia/raw/HLS-VI.S30.T49TEE.2018301T031829.v2.0.NDVI.tif,HLS-VI.S30.T49TEE.2018301T031829.v2.0.NDVI.tif,S30,T49TEE,2018-10-28,2018301,031829,EPSG:32649,499980.0,4390200.0,609780.0,4500000.0,True
/home/ec2-user/ndvi_sqs_work/inner_mongolia/raw/HLS-VI.S30.T47TLF.2018302T042909.v2.0.NDVI.tif,HLS-VI.S30.T47TLF.2018302T042909.v2.0.NDVI.tif,S30,T47TLF,2018-10-29,2018302,042909,EPSG:32647,300000.0,4490220.0,409800.0,4600020.0,True
/home/ec2-user/ndvi_sqs_work/inner_mongolia/raw/HLS-VI.S30.T47TLG.2018302T042909.v2.0.NDVI.tif,HLS-VI.S30.T47TLG.2018302T042909.v2.0.NDVI.tif,S30,T47TLG,2018-10-29,2018302,042909,EPSG:32647,300000.0,4590240.0,409800.0,4700040.0,True
/home/ec2-user/ndvi_sqs_work/inner_mongolia/raw/HLS-VI.S30.T47TLH.2018302T042909.v2.0.NDVI.tif,HLS-VI.S30.T47TLH.2018302T042909.v2.0.NDVI.tif,S30,T47TLH,2018-10-29,2018302,042909,EPSG:32647,300000.0,4690200.0,409800.0,4800000.0,True
/home/ec2-user/ndvi_sqs_work/inner_mongolia/raw/HLS-VI.S30.T47TMG.2018302T042909.v2.0.NDVI.tif,HLS-VI.S30.T47TMG.2018302T042909.v2.0.NDVI.tif,S30,T47TMG,2018-10-29,2018302,042909,EPSG:32647,399960.0,4590240.0,509760.0,4700040.0,True
/home/ec2-user/ndvi_sqs_work/inner_mongolia/raw/HLS-VI.S30.T47TMH.2018302T042909.v2.0.NDVI.tif,HLS-VI.S30.T47TMH.2018302T042909.v2.0.NDVI.tif,S30,T47TMH,2018-10-29,2018302,042909,EPSG:32647,399960.0,4690200.0,509760.0,4800000.0,True
/home/ec2-user/ndvi_sqs_work/inner_mongolia/raw/HLS-VI.S30.T48SYG.2018302T033841.v2.0.NDVI.tif,HLS-VI.S30.T48SYG.2018302T033841.v2.0.NDVI.tif,S30,T48SYG,2018-10-29,2018302,033841,EPSG:32648,699960.0,4090200.0,809760.0,4200000.0,True
/home/ec2-user/ndvi_sqs_work/inner_mongolia/raw/HLS-VI.S30.T48SYJ.2018302T033841.v2.0.NDVI.tif,HLS-VI.S30.T48SYJ.2018302T033841.v2.0.NDVI.tif,S30,T48SYJ,2018-10-29,2018302,033841,EPSG:32648,699960.0,4290240.0,809760.0,4400040.0,True
/home/ec2-user/ndvi_sqs_work/inner_mongolia/raw/HLS-VI.S30.T48TXL.2018302T033841.v2.0.NDVI.tif,HLS-VI.S30.T48TXL.2018302T033841.v2.0.NDVI.tif,S30,T48TXL,2018-10-29,2018302,033841,EPSG:32648,600000.0,4490220.0,709800.0,4600020.0,True
/home/ec2-user/ndvi_sqs_work/inner_mongolia/raw/HLS-VI.S30.T48TXM.2018302T033841.v2.0.NDVI.tif,HLS-VI.S30.T48TXM.2018302T033841.v2.0.NDVI.tif,S30,T48TXM,2018-10-29,2018302,033841,EPSG:32648,600000.0,4590240.0,709800.0,4700040.0,True
/home/ec2-user/ndvi_sqs_work/inner_mongolia/raw/HLS-VI.S30.T48TXN.2018302T033841.v2.0.NDVI.tif,HLS-VI.S30.T48TXN.2018302T033841.v2.0.NDVI.tif,S30,T48TXN,2018-10-29,2018302,033841,EPSG:32648,600000.0,4690200.0,709800.0,4800000.0,True
/home/ec2-user/ndvi_sqs_work/inner_mongolia/raw/HLS-VI.S30.T48TYM.2018302T033841.v2.0.NDVI.tif,HLS-VI.S30.T48TYM.2018302T033841.v2.0.NDVI.tif,S30,T48TYM,2018-10-29,2018302,033841,EPSG:32648,699960.0,4590240.0,809760.0,4700040.0,True
/home/ec2-user/ndvi_sqs_work/inner_mongolia/raw/HLS-VI.S30.T48TYN.2018302T033841.v2.0.NDVI.tif,HLS-VI.S30.T48TYN.2018302T033841.v2.0.NDVI.tif,S30,T48TYN,2018-10-29,2018302,033841,EPSG:32648,699960.0,4690200.0,809760.0,4800000.0,True
/home/ec2-user/ndvi_sqs_work/inner_mongolia/raw/HLS-VI.S30.T49SBB.2018302T033841.v2.0.NDVI.tif,HLS-VI.S30.T49SBB.2018302T033841.v2.0.NDVI.tif,S30,T49SBB,2018-10-29,2018302,033841,EPSG:32649,199980.0,4090200.0,309780.0,4200000.0,True
/home/ec2-user/ndvi_sqs_work/inner_mongolia/raw/HLS-VI.S30.T49SBD.2018302T033841.v2.0.NDVI.tif,HLS-VI.S30.T49SBD.2018302T033841.v2.0.NDVI.tif,S30,T49SBD,2018-10-29,2018302,033841,EPSG:32649,199980.0,4290240.0,309780.0,4400040.0,True
/home/ec2-user/ndvi_sqs_work/inner_mongolia/raw/HLS-VI.S30.T49SCD.2018302T033841.v2.0.NDVI.tif,HLS-VI.S30.T49SCD.2018302T033841.v2.0.NDVI.tif,S30,T49SCD,2018-10-29,2018302,033841,EPSG:32649,300000.0,4290240.0,409800.0,4400040.0,True
/home/ec2-user/ndvi_sqs_work/inner_mongolia/raw/HLS-VI.S30.T49TBF.2018302T033841.v2.0.NDVI.tif,HLS-VI.S30.T49TBF.2018302T033841.v2.0.NDVI.tif,S30,T49TBF,2018-10-29,2018302,033841,EPSG:32649,199980.0,4490220.0,309780.0,4600020.0,True
/home/ec2-user/ndvi_sqs_work/inner_mongolia/raw/HLS-VI.S30.T49TBG.2018302T033841.v2.0.NDVI.tif,HLS-VI.S30.T49TBG.2018302T033841.v2.0.NDVI.tif,S30,T49TBG,2018-10-29,2018302,033841,EPSG:32649,199980.0,4590240.0,309780.0,4700040.0,True
/home/ec2-user/ndvi_sqs_work/inner_mongolia/raw/HLS-VI.S30.T49TCE.2018302T033841.v2.0.NDVI.tif,HLS-VI.S30.T49TCE.2018302T033841.v2.0.NDVI.tif,S30,T49TCE,2018-10-29,2018302,033841,EPSG:32649,300000.0,4390200.0,409800.0,4500000.0,True
/home/ec2-user/ndvi_sqs_work/inner_mongolia/raw/HLS-VI.S30.T49TCF.2018302T033841.v2.0.NDVI.tif,HLS-VI.S30.T49TCF.2018302T033841.v2.0.NDVI.tif,S30,T49TCF,2018-10-29,2018302,033841,EPSG:32649,300000.0,4490220.0,409800.0,4600020.0,True
/home/ec2-user/ndvi_sqs_work/inner_mongolia/raw/HLS-VI.S30.T49TCG.2018302T033841.v2.0.NDVI.tif,HLS-VI.S30.T49TCG.2018302T033841.v2.0.NDVI.tif,S30,T49TCG,2018-10-29,2018302,033841,EPSG:32649,300000.0,4590240.0,409800.0,4700040.0,True
/home/ec2-user/ndvi_sqs_work/inner_mongolia/raw/HLS-VI.S30.T49TCH.2018302T033841.v2.0.NDVI.tif,HLS-VI.S30.T49TCH.2018302T033841.v2.0.NDVI.tif,S30,T49TCH,2018-10-29,2018302,033841,EPSG:32649,300000.0,4690200.0,409800.0,4800000.0,True
/home/ec2-user/ndvi_sqs_work/inner_mongolia/raw/HLS-VI.S30.T47TPE.2018303T035859.v2.0.NDVI.tif,HLS-VI.S30.T47TPE.2018303T035859.v2.0.NDVI.tif,S30,T47TPE,2018-10-30,2018303,035859,EPSG:32647,600000.0,4390200.0,709800.0,4500000.0,True
/home/ec2-user/ndvi_sqs_work/inner_mongolia/raw/HLS-VI.S30.T47TQE.2018303T035859.v2.0.NDVI.tif,HLS-VI.S30.T47TQE.2018303T035859.v2.0.NDVI.tif,S30,T47TQE,2018-10-30,2018303,035859,EPSG:32647,699960.0,4390200.0,809760.0,4500000.0,True
/home/ec2-user/ndvi_sqs_work/inner_mongolia/raw/HLS-VI.S30.T47TQH.2018303T035859.v2.0.NDVI.tif,HLS-VI.S30.T47TQH.2018303T035859.v2.0.NDVI.tif,S30,T47TQH,2018-10-30,2018303,035859,EPSG:32647,699960.0,4690200.0,809760.0,4800000.0,True
/home/ec2-user/ndvi_sqs_work/inner_mongolia/raw/HLS-VI.S30.T48TTK.2018303T035859.v2.0.NDVI.tif,HLS-VI.S30.T48TTK.2018303T035859.v2.0.NDVI.tif,S30,T48TTK,2018-10-30,2018303,035859,EPSG:32648,199980.0,4390200.0,309780.0,4500000.0,True
/home/ec2-user/ndvi_sqs_work/inner_mongolia/raw/HLS-VI.S30.T50TLR.2018303T030831.v2.0.NDVI.tif,HLS-VI.S30.T50TLR.2018303T030831.v2.0.NDVI.tif,S30,T50TLR,2018-10-30,2018303,030831,EPSG:32650,300000.0,4990200.0,409800.0,5100000.0,True
/home/ec2-user/ndvi_sqs_work/inner_mongolia/raw/HLS-VI.S30.T50TMT.2018303T030831.v2.0.NDVI.tif,HLS-VI.S30.T50TMT.2018303T030831.v2.0.NDVI.tif,S30,T50TMT,2018-10-30,2018303,030831,EPSG:32650,399960.0,5190240.0,509760.0,5300040.0,True
/home/ec2-user/ndvi_sqs_work/inner_mongolia/raw/HLS-VI.S30.T50TNN.2018303T030831.v2.0.NDVI.tif,HLS-VI.S30.T50TNN.2018303T030831.v2.0.NDVI.tif,S30,T50TNN,2018-10-30,2018303,030831,EPSG:32650,499980.0,4690200.0,609780.0,4800000.0,True
/home/ec2-user/ndvi_sqs_work/inner_mongolia/raw/HLS-VI.S30.T51UUP.2018303T030831.v2.0.NDVI.tif,HLS-VI.S30.T51UUP.2018303T030831.v2.0.NDVI.tif,S30,T51UUP,2018-10-30,2018303,030831,EPSG:32651,300000.0,5290200.0,409800.0,5400000.0,True
/home/ec2-user/ndvi_sqs_work/inner_mongolia/raw/HLS-VI.S30.T49SDD.2018304T032849.v2.0.NDVI.tif,HLS-VI.S30.T49SDD.2018304T032849.v2.0.NDVI.tif,S30,T49SDD,2018-10-31,2018304,032849,EPSG:32649,399960.0,4290240.0,509760.0,4400040.0,True
/home/ec2-user/ndvi_sqs_work/inner_mongolia/raw/HLS-VI.S30.T49SED.2018304T032849.v2.0.NDVI.tif,HLS-VI.S30.T49SED.2018304T032849.v2.0.NDVI.tif,S30,T49SED,2018-10-31,2018304,032849,EPSG:32649,499980.0,4290240.0,609780.0,4400040.0,True
/home/ec2-user/ndvi_sqs_work/inner_mongolia/raw/HLS-VI.S30.T49TCE.2018304T032849.v2.0.NDVI.tif,HLS-VI.S30.T49TCE.2018304T032849.v2.0.NDVI.tif,S30,T49TCE,2018-10-31,2018304,032849,EPSG:32649,300000.0,4390200.0,409800.0,4500000.0,True
/home/ec2-user/ndvi_sqs_work/inner_mongolia/raw/HLS-VI.S30.T49TCF.2018304T032849.v2.0.NDVI.tif,HLS-VI.S30.T49TCF.2018304T032849.v2.0.NDVI.tif,S30,T49TCF,2018-10-31,2018304,032849,EPSG:32649,300000.0,4490220.0,409800.0,4600020.0,True
/home/ec2-user/ndvi_sqs_work/inner_mongolia/raw/HLS-VI.S30.T49TCG.2018304T032849.v2.0.NDVI.tif,HLS-VI.S30.T49TCG.2018304T032849.v2.0.NDVI.tif,S30,T49TCG,2018-10-31,2018304,032849,EPSG:32649,300000.0,4590240.0,409800.0,4700040.0,True
/home/ec2-user/ndvi_sqs_work/inner_mongolia/raw/HLS-VI.S30.T49TCH.2018304T032849.v2.0.NDVI.tif,HLS-VI.S30.T49TCH.2018304T032849.v2.0.NDVI.tif,S30,T49TCH,2018-10-31,2018304,032849,EPSG:32649,300000.0,4690200.0,409800.0,4800000.0,True
/home/ec2-user/ndvi_sqs_work/inner_mongolia/raw/HLS-VI.S30.T49TDE.2018304T032849.v2.0.NDVI.tif,HLS-VI.S30.T49TDE.2018304T032849.v2.0.NDVI.tif,S30,T49TDE,2018-10-31,2018304,032849,EPSG:32649,399960.0,4390200.0,509760.0,4500000.0,True
/home/ec2-user/ndvi_sqs_work/inner_mongolia/raw/HLS-VI.S30.T49TDF.2018304T032849.v2.0.NDVI.tif,HLS-VI.S30.T49TDF.2018304T032849.v2.0.NDVI.tif,S30,T49TDF,2018-10-31,2018304,032849,EPSG:32649,399960.0,4490220.0,509760.0,4600020.0,True
/home/ec2-user/ndvi_sqs_work/inner_mongolia/raw/HLS-VI.S30.T49TDG.2018304T032849.v2.0.NDVI.tif,HLS-VI.S30.T49TDG.2018304T032849.v2.0.NDVI.tif,S30,T49TDG,2018-10-31,2018304,032849,EPSG:32649,399960.0,4590240.0,509760.0,4700040.0,True
/home/ec2-user/ndvi_sqs_work/inner_mongolia/raw/HLS-VI.S30.T49TDH.2018304T032849.v2.0.NDVI.tif,HLS-VI.S30.T49TDH.2018304T032849.v2.0.NDVI.tif,S30,T49TDH,2018-10-31,2018304,032849,EPSG:32649,399960.0,4690200.0,509760.0,4800000.0,True
/home/ec2-user/ndvi_sqs_work/inner_mongolia/raw/HLS-VI.S30.T49TEE.2018304T032849.v2.0.NDVI.tif,HLS-VI.S30.T49TEE.2018304T032849.v2.0.NDVI.tif,S30,T49TEE,2018-10-31,2018304,032849,EPSG:32649,499980.0,4390200.0,609780.0,4500000.0,True
/home/ec2-user/ndvi_sqs_work/inner_mongolia/raw/HLS-VI.S30.T49TEF.2018304T032849.v2.0.NDVI.tif,HLS-VI.S30.T49TEF.2018304T032849.v2.0.NDVI.tif,S30,T49TEF,2018-10-31,2018304,032849,EPSG:32649,499980.0,4490220.0,609780.0,4600020.0,True
/home/ec2-user/ndvi_sqs_work/inner_mongolia/raw/HLS-VI.S30.T49TEG.2018304T032849.v2.0.NDVI.tif,HLS-VI.S30.T49TEG.2018304T032849.v2.0.NDVI.tif,S30,T49TEG,2018-10-31,2018304,032849,EPSG:32649,499980.0,4590240.0,609780.0,4700040.0,True
/home/ec2-user/ndvi_sqs_work/inner_mongolia/raw/HLS-VI.S30.T49TEH.2018304T032849.v2.0.NDVI.tif,HLS-VI.S30.T49TEH.2018304T032849.v2.0.NDVI.tif,S30,T49TEH,2018-10-31,2018304,032849,EPSG:32649,499980.0,4690200.0,609780.0,4800000.0,True
/home/ec2-user/ndvi_sqs_work/inner_mongolia/raw/HLS-VI.S30.T49TEJ.2018304T032849.v2.0.NDVI.tif,HLS-VI.S30.T49TEJ.2018304T032849.v2.0.NDVI.tif,S30,T49TEJ,2018-10-31,2018304,032849,EPSG:32649,499980.0,4790220.0,609780.0,4900020.0,True
/home/ec2-user/ndvi_sqs_work/inner_mongolia/raw/HLS-VI.S30.T49TEK.2018304T032849.v2.0.NDVI.tif,HLS-VI.S30.T49TEK.2018304T032849.v2.0.NDVI.tif,S30,T49TEK,2018-10-31,2018304,032849,EPSG:32649,499980.0,4890240.0,609780.0,5000040.0,True
/home/ec2-user/ndvi_sqs_work/inner_mongolia/raw/HLS-VI.S30.T49TFE.2018304T032849.v2.0.NDVI.tif,HLS-VI.S30.T49TFE.2018304T032849.v2.0.NDVI.tif,S30,T49TFE,2018-10-31,2018304,032849,EPSG:32649,600000.0,4390200.0,709800.0,4500000.0,True
/home/ec2-user/ndvi_sqs_work/inner_mongolia/raw/HLS-VI.S30.T49TFF.2018304T032849.v2.0.NDVI.tif,HLS-VI.S30.T49TFF.2018304T032849.v2.0.NDVI.tif,S30,T49TFF,2018-10-31,2018304,032849,EPSG:32649,600000.0,4490220.0,709800.0,4600020.0,True
/home/ec2-user/ndvi_sqs_work/inner_mongolia/raw/HLS-VI.S30.T49TFG.2018304T032849.v2.0.NDVI.tif,HLS-VI.S30.T49TFG.2018304T032849.v2.0.NDVI.tif,S30,T49TFG,2018-10-31,2018304,032849,EPSG:32649,600000.0,4590240.0,709800.0,4700040.0,True
/home/ec2-user/ndvi_sqs_work/inner_mongolia/raw/HLS-VI.S30.T49TFH.2018304T032849.v2.0.NDVI.tif,HLS-VI.S30.T49TFH.2018304T032849.v2.0.NDVI.tif,S30,T49TFH,2018-10-31,2018304,032849,EPSG:32649,600000.0,4690200.0,709800.0,4800000.0,True
/home/ec2-user/ndvi_sqs_work/inner_mongolia/raw/HLS-VI.S30.T49TGJ.2018304T032849.v2.0.NDVI.tif,HLS-VI.S30.T49TGJ.2018304T032849.v2.0.NDVI.tif,S30,T49TGJ,2018-10-31,2018304,032849,EPSG:32649,699960.0,4790220.0,809760.0,4900020.0,True
/home/ec2-user/ndvi_sqs_work/inner_mongolia/raw/HLS-VI.S30.T49TGL.2018304T032849.v2.0.NDVI.tif,HLS-VI.S30.T49TGL.2018304T032849.v2.0.NDVI.tif,S30,T49TGL,2018-10-31,2018304,032849,EPSG:32649,699960.0,4990200.0,809760.0,5100000.0,True
/home/ec2-user/ndvi_sqs_work/inner_mongolia/raw/HLS-VI.S30.T50ULU.2018304T032849.v2.0.NDVI.tif,HLS-VI.S30.T50ULU.2018304T032849.v2.0.NDVI.tif,S30,T50ULU,2018-10-31,2018304,032849,EPSG:32650,300000.0,5290200.0,409800.0,5400000.0,True
/home/ec2-user/ndvi_sqs_work/inner_mongolia/raw/HLS-VI.S30.T51UXR.2018304T023831.v2.0.NDVI.tif,HLS-VI.S30.T51UXR.2018304T023831.v2.0.NDVI.tif,S30,T51UXR,2018-10-31,2018304,023831,EPSG:32651,600000.0,5490240.0,709800.0,5600040.0,True
/home/ec2-user/ndvi_sqs_work/inner_mongolia/raw/HLS-VI.S30.T51UXS.2018304T023831.v2.0.NDVI.tif,HLS-VI.S30.T51UXS.2018304T023831.v2.0.NDVI.tif,S30,T51UXS,2018-10-31,2018304,023831,EPSG:32651,600000.0,5590200.0,709800.0,5700000.0,True
/home/ec2-user/ndvi_sqs_work/inner_mongolia/raw/HLS-VI.S30.T51UXT.2018304T023831.v2.0.NDVI.tif,HLS-VI.S30.T51UXT.2018304T023831.v2.0.NDVI.tif,S30,T51UXT,2018-10-31,2018304,023831,EPSG:32651,600000.0,5690220.0,709800.0,5800020.0,True
/home/ec2-user/ndvi_sqs_work/inner_mongolia/raw/HLS-VI.S30.T51UYS.2018304T023831.v2.0.NDVI.tif,HLS-VI.S30.T51UYS.2018304T023831.v2.0.NDVI.tif,S30,T51UYS,2018-10-31,2018304,023831,EPSG:32651,699960.0,5590200.0,809760.0,5700000.0,True
/home/ec2-user/ndvi_sqs_work/inner_mongolia/raw/HLS-VI.S30.T48SUG.2018305T034901.v2.0.NDVI.tif,HLS-VI.S30.T48SUG.2018305T034901.v2.0.NDVI.tif,S30,T48SUG,2018-11-01,2018305,034901,EPSG:32648,300000.0,4090200.0,409800.0,4200000.0,True
/home/ec2-user/ndvi_sqs_work/inner_mongolia/raw/HLS-VI.S30.T48SWG.2018305T034901.v2.0.NDVI.tif,HLS-VI.S30.T48SWG.2018305T034901.v2.0.NDVI.tif,S30,T48SWG,2018-11-01,2018305,034901,EPSG:32648,499980.0,4090200.0,609780.0,4200000.0,True
/home/ec2-user/ndvi_sqs_work/inner_mongolia/raw/HLS-VI.S30.T48TUK.2018305T034901.v2.0.NDVI.tif,HLS-VI.S30.T48TUK.2018305T034901.v2.0.NDVI.tif,S30,T48TUK,2018-11-01,2018305,034901,EPSG:32648,300000.0,4390200.0,409800.0,4500000.0,True
/home/ec2-user/ndvi_sqs_work/inner_mongolia/raw/HLS-VI.S30.T48TVK.2018305T034901.v2.0.NDVI.tif,HLS-VI.S30.T48TVK.2018305T034901.v2.0.NDVI.tif,S30,T48TVK,2018-11-01,2018305,034901,EPSG:32648,399960.0,4390200.0,509760.0,4500000.0,True
/home/ec2-user/ndvi_sqs_work/inner_mongolia/raw/HLS-VI.S30.T48TVL.2018305T034901.v2.0.NDVI.tif,HLS-VI.S30.T48TVL.2018305T034901.v2.0.NDVI.tif,S30,T48TVL,2018-11-01,2018305,034901,EPSG:32648,399960.0,4490220.0,509760.0,4600020.0,True
/home/ec2-user/ndvi_sqs_work/inner_mongolia/raw/HLS-VI.S30.T48TVM.2018305T034901.v2.0.NDVI.tif,HLS-VI.S30.T48TVM.2018305T034901.v2.0.NDVI.tif,S30,T48TVM,2018-11-01,2018305,034901,EPSG:32648,399960.0,4590240.0,509760.0,4700040.0,True
/home/ec2-user/ndvi_sqs_work/inner_mongolia/raw/HLS-VI.S30.T50TNQ.2018305T025839.v2.0.NDVI.tif,HLS-VI.S30.T50TNQ.2018305T025839.v2.0.NDVI.tif,S30,T50TNQ,2018-11-01,2018305,025839,EPSG:32650,499980.0,4890240.0,609780.0,5000040.0,True
/home/ec2-user/ndvi_sqs_work/inner_mongolia/raw/HLS-VI.S30.T50TPN.2018305T025839.v2.0.NDVI.tif,HLS-VI.S30.T50TPN.2018305T025839.v2.0.NDVI.tif,S30,T50TPN,2018-11-01,2018305,025839,EPSG:32650,600000.0,4690200.0,709800.0,4800000.0,True
/home/ec2-user/ndvi_sqs_work/inner_mongolia/raw/HLS-VI.S30.T50TQM.2018305T025839.v2.0.NDVI.tif,HLS-VI.S30.T50TQM.2018305T025839.v2.0.NDVI.tif,S30,T50TQM,2018-11-01,2018305,025839,EPSG:32650,699960.0,4590240.0,809760.0,4700040.0,True
/home/ec2-user/ndvi_sqs_work/inner_mongolia/raw/HLS-VI.S30.T50TQN.2018305T025839.v2.0.NDVI.tif,HLS-VI.S30.T50TQN.2018305T025839.v2.0.NDVI.tif,S30,T50TQN,2018-11-01,2018305,025839,EPSG:32650,699960.0,4690200.0,809760.0,4800000.0,True
/home/ec2-user/ndvi_sqs_work/inner_mongolia/raw/HLS-VI.S30.T50TQP.2018305T025839.v2.0.NDVI.tif,HLS-VI.S30.T50TQP.2018305T025839.v2.0.NDVI.tif,S30,T50TQP,2018-11-01,2018305,025839,EPSG:32650,699960.0,4790220.0,809760.0,4900020.0,True
/home/ec2-user/ndvi_sqs_work/inner_mongolia/raw/HLS-VI.S30.T50UQA.2018305T025839.v2.0.NDVI.tif,HLS-VI.S30.T50UQA.2018305T025839.v2.0.NDVI.tif,S30,T50UQA,2018-11-01,2018305,025839,EPSG:32650,699960.0,5490240.0,809760.0,5600040.0,True
/home/ec2-user/ndvi_sqs_work/inner_mongolia/raw/HLS-VI.S30.T50UQV.2018305T025839.v2.0.NDVI.tif,HLS-VI.S30.T50UQV.2018305T025839.v2.0.NDVI.tif,S30,T50UQV,2018-11-01,2018305,025839,EPSG:32650,699960.0,5390220.0,809760.0,5500020.0,True
/home/ec2-user/ndvi_sqs_work/inner_mongolia/raw/HLS-VI.S30.T51TTG.2018305T025839.v2.0.NDVI.tif,HLS-VI.S30.T51TTG.2018305T025839.v2.0.NDVI.tif,S30,T51TTG,2018-11-01,2018305,025839,EPSG:32651,199980.0,4590240.0,309780.0,4700040.0,True
/home/ec2-user/ndvi_sqs_work/inner_mongolia/raw/HLS-VI.S30.T51TUG.2018305T025839.v2.0.NDVI.tif,HLS-VI.S30.T51TUG.2018305T025839.v2.0.NDVI.tif,S30,T51TUG,2018-11-01,2018305,025839,EPSG:32651,300000.0,4590240.0,409800.0,4700040.0,True
/home/ec2-user/ndvi_sqs_work/inner_mongolia/raw/HLS-VI.S30.T51TUH.2018305T025839.v2.0.NDVI.tif,HLS-VI.S30.T51TUH.2018305T025839.v2.0.NDVI.tif,S30,T51TUH,2018-11-01,2018305,025839,EPSG:32651,300000.0,4690200.0,409800.0,4800000.0,True
/home/ec2-user/ndvi_sqs_work/inner_mongolia/raw/HLS-VI.S30.T51TUJ.2018305T025839.v2.0.NDVI.tif,HLS-VI.S30.T51TUJ.2018305T025839.v2.0.NDVI.tif,S30,T51TUJ,2018-11-01,2018305,025839,EPSG:32651,300000.0,4790220.0,409800.0,4900020.0,True
/home/ec2-user/ndvi_sqs_work/inner_mongolia/raw/HLS-VI.S30.T51TUK.2018305T025839.v2.0.NDVI.tif,HLS-VI.S30.T51TUK.2018305T025839.v2.0.NDVI.tif,S30,T51TUK,2018-11-01,2018305,025839,EPSG:32651,300000.0,4890240.0,409800.0,5000040.0,True
/home/ec2-user/ndvi_sqs_work/inner_mongolia/raw/HLS-VI.S30.T51TUL.2018305T025839.v2.0.NDVI.tif,HLS-VI.S30.T51TUL.2018305T025839.v2.0.NDVI.tif,S30,T51TUL,2018-11-01,2018305,025839,EPSG:32651,300000.0,4990200.0,409800.0,5100000.0,True
/home/ec2-user/ndvi_sqs_work/inner_mongolia/raw/HLS-VI.S30.T51TUM.2018305T025839.v2.0.NDVI.tif,HLS-VI.S30.T51TUM.2018305T025839.v2.0.NDVI.tif,S30,T51TUM,2018-11-01,2018305,025839,EPSG:32651,300000.0,5090220.0,409800.0,5200020.0,True
/home/ec2-user/ndvi_sqs_work/inner_mongolia/raw/HLS-VI.S30.T51TVL.2018305T025839.v2.0.NDVI.tif,HLS-VI.S30.T51TVL.2018305T025839.v2.0.NDVI.tif,S30,T51TVL,2018-11-01,2018305,025839,EPSG:32651,399960.0,4990200.0,509760.0,5100000.0,True
/home/ec2-user/ndvi_sqs_work/inner_mongolia/raw/HLS-VI.S30.T51TVM.2018305T025839.v2.0.NDVI.tif,HLS-VI.S30.T51TVM.2018305T025839.v2.0.NDVI.tif,S30,T51TVM,2018-11-01,2018305,025839,EPSG:32651,399960.0,5090220.0,509760.0,5200020.0,True
/home/ec2-user/ndvi_sqs_work/inner_mongolia/raw/HLS-VI.S30.T51UUQ.2018305T025839.v2.0.NDVI.tif,HLS-VI.S30.T51UUQ.2018305T025839.v2.0.NDVI.tif,S30,T51UUQ,2018-11-01,2018305,025839,EPSG:32651,300000.0,5390220.0,409800.0,5500020.0,True
/home/ec2-user/ndvi_sqs_work/inner_mongolia/raw/HLS-VI.S30.T51UUR.2018305T025839.v2.0.NDVI.tif,HLS-VI.S30.T51UUR.2018305T025839.v2.0.NDVI.tif,S30,T51UUR,2018-11-01,2018305,025839,EPSG:32651,300000.0,5490240.0,409800.0,5600040.0,True
/home/ec2-user/ndvi_sqs_work/inner_mongolia/raw/HLS-VI.S30.T47SPD.2018306T040919.v2.0.NDVI.tif,HLS-VI.S30.T47SPD.2018306T040919.v2.0.NDVI.tif,S30,T47SPD,2018-11-02,2018306,040919,EPSG:32647,600000.0,4290240.0,709800.0,4400040.0,True
/home/ec2-user/ndvi_sqs_work/inner_mongolia/raw/HLS-VI.S30.T47SQD.2018306T040919.v2.0.NDVI.tif,HLS-VI.S30.T47SQD.2018306T040919.v2.0.NDVI.tif,S30,T47SQD,2018-11-02,2018306,040919,EPSG:32647,699960.0,4290240.0,809760.0,4400040.0,True
/home/ec2-user/ndvi_sqs_work/inner_mongolia/raw/HLS-VI.S30.T47TQE.2018306T040919.v2.0.NDVI.tif,HLS-VI.S30.T47TQE.2018306T040919.v2.0.NDVI.tif,S30,T47TQE,2018-11-02,2018306,040919,EPSG:32647,699960.0,4390200.0,809760.0,4500000.0,True
/home/ec2-user/ndvi_sqs_work/inner_mongolia/raw/HLS-VI.S30.T48STJ.2018306T040919.v2.0.NDVI.tif,HLS-VI.S30.T48STJ.2018306T040919.v2.0.NDVI.tif,S30,T48STJ,2018-11-02,2018306,040919,EPSG:32648,199980.0,4290240.0,309780.0,4400040.0,True
/home/ec2-user/ndvi_sqs_work/inner_mongolia/raw/HLS-VI.S30.T48TTK.2018306T040919.v2.0.NDVI.tif,HLS-VI.S30.T48TTK.2018306T040919.v2.0.NDVI.tif,S30,T48TTK,2018-11-02,2018306,040919,EPSG:32648,199980.0,4390200.0,309780.0,4500000.0,True
/home/ec2-user/ndvi_sqs_work/inner_mongolia/raw/HLS-VI.S30.T49SED.2018306T031901.v2.0.NDVI.tif,HLS-VI.S30.T49SED.2018306T031901.v2.0.NDVI.tif,S30,T49SED,2018-11-02,2018306,031901,EPSG:32649,499980.0,4290240.0,609780.0,4400040.0,True
/home/ec2-user/ndvi_sqs_work/inner_mongolia/raw/HLS-VI.S30.T49TEE.2018306T031901.v2.0.NDVI.tif,HLS-VI.S30.T49TEE.2018306T031901.v2.0.NDVI.tif,S30,T49TEE,2018-11-02,2018306,031901,EPSG:32649,499980.0,4390200.0,609780.0,4500000.0,True
/home/ec2-user/ndvi_sqs_work/inner_mongolia/raw/HLS-VI.S30.T49TFE.2018306T031901.v2.0.NDVI.tif,HLS-VI.S30.T49TFE.2018306T031901.v2.0.NDVI.tif,S30,T49TFE,2018-11-02,2018306,031901,EPSG:32649,600000.0,4390200.0,709800.0,4500000.0,True
/home/ec2-user/ndvi_sqs_work/inner_mongolia/raw/HLS-VI.S30.T49TFF.2018306T031901.v2.0.NDVI.tif,HLS-VI.S30.T49TFF.2018306T031901.v2.0.NDVI.tif,S30,T49TFF,2018-11-02,2018306,031901,EPSG:32649,600000.0,4490220.0,709800.0,4600020.0,True
/home/ec2-user/ndvi_sqs_work/inner_mongolia/raw/HLS-VI.S30.T49TGE.2018306T031901.v2.0.NDVI.tif,HLS-VI.S30.T49TGE.2018306T031901.v2.0.NDVI.tif,S30,T49TGE,2018-11-02,2018306,031901,EPSG:32649,699960.0,4390200.0,809760.0,4500000.0,True
/home/ec2-user/ndvi_sqs_work/inner_mongolia/raw/HLS-VI.S30.T49TGH.2018306T031901.v2.0.NDVI.tif,HLS-VI.S30.T49TGH.2018306T031901.v2.0.NDVI.tif,S30,T49TGH,2018-11-02,2018306,031901,EPSG:32649,699960.0,4690200.0,809760.0,4800000.0,True
/home/ec2-user/ndvi_sqs_work/inner_mongolia/raw/HLS-VI.S30.T50TKK.2018306T031901.v2.0.NDVI.tif,HLS-VI.S30.T50TKK.2018306T031901.v2.0.NDVI.tif,S30,T50TKK,2018-11-02,2018306,031901,EPSG:32650,199980.0,4390200.0,309780.0,4500000.0,True
/home/ec2-user/ndvi_sqs_work/inner_mongolia/raw/HLS-VI.S30.T50TPL.2018307T024851.v2.0.NDVI.tif,HLS-VI.S30.T50TPL.2018307T024851.v2.0.NDVI.tif,S30,T50TPL,2018-11-03,2018307,024851,EPSG:32650,600000.0,4490220.0,709800.0,4600020.0,True
/home/ec2-user/ndvi_sqs_work/inner_mongolia/raw/HLS-VI.S30.T50TQL.2018307T024851.v2.0.NDVI.tif,HLS-VI.S30.T50TQL.2018307T024851.v2.0.NDVI.tif,S30,T50TQL,2018-11-03,2018307,024851,EPSG:32650,699960.0,4490220.0,809760.0,4600020.0,True
/home/ec2-user/ndvi_sqs_work/inner_mongolia/raw/HLS-VI.S30.T50TQQ.2018307T024851.v2.0.NDVI.tif,HLS-VI.S30.T50TQQ.2018307T024851.v2.0.NDVI.tif,S30,T50TQQ,2018-11-03,2018307,024851,EPSG:32650,699960.0,4890240.0,809760.0,5000040.0,True
/home/ec2-user/ndvi_sqs_work/inner_mongolia/raw/HLS-VI.S30.T50TQR.2018307T024851.v2.0.NDVI.tif,HLS-VI.S30.T50TQR.2018307T024851.v2.0.NDVI.tif,S30,T50TQR,2018-11-03,2018307,024851,EPSG:32650,699960.0,4990200.0,809760.0,5100000.0,True
/home/ec2-user/ndvi_sqs_work/inner_mongolia/raw/HLS-VI.S30.T49TCH.2018309T032921.v2.0.NDVI.tif,HLS-VI.S30.T49TCH.2018309T032921.v2.0.NDVI.tif,S30,T49TCH,2018-11-05,2018309,032921,EPSG:32649,300000.0,4690200.0,409800.0,4800000.0,True
/home/ec2-user/ndvi_sqs_work/inner_mongolia/raw/HLS-VI.S30.T49TDJ.2018309T032921.v2.0.NDVI.tif,HLS-VI.S30.T49TDJ.2018309T032921.v2.0.NDVI.tif,S30,T49TDJ,2018-11-05,2018309,032921,EPSG:32649,399960.0,4790220.0,509760.0,4900020.0,True
/home/ec2-user/ndvi_sqs_work/inner_mongolia/raw/HLS-VI.S30.T49TEK.2018309T032921.v2.0.NDVI.tif,HLS-VI.S30.T49TEK.2018309T032921.v2.0.NDVI.tif,S30,T49TEK,2018-11-05,2018309,032921,EPSG:32649,499980.0,4890240.0,609780.0,5000040.0,True
/home/ec2-user/ndvi_sqs_work/inner_mongolia/raw/HLS-VI.S30.T49TEL.2018309T032921.v2.0.NDVI.tif,HLS-VI.S30.T49TEL.2018309T032921.v2.0.NDVI.tif,S30,T49TEL,2018-11-05,2018309,032921,EPSG:32649,499980.0,4990200.0,609780.0,5100000.0,True
/home/ec2-user/ndvi_sqs_work/inner_mongolia/raw/HLS-VI.S30.T49TFG.2018309T032921.v2.0.NDVI.tif,HLS-VI.S30.T49TFG.2018309T032921.v2.0.NDVI.tif,S30,T49TFG,2018-11-05,2018309,032921,EPSG:32649,600000.0,4590240.0,709800.0,4700040.0,True
/home/ec2-user/ndvi_sqs_work/inner_mongolia/raw/HLS-VI.S30.T49TFH.2018309T032921.v2.0.NDVI.tif,HLS-VI.S30.T49TFH.2018309T032921.v2.0.NDVI.tif,S30,T49TFH,2018-11-05,2018309,032921,EPSG:32649,600000.0,4690200.0,709800.0,4800000.0,True
/home/ec2-user/ndvi_sqs_work/inner_mongolia/raw/HLS-VI.S30.T49TFK.2018309T032921.v2.0.NDVI.tif,HLS-VI.S30.T49TFK.2018309T032921.v2.0.NDVI.tif,S30,T49TFK,2018-11-05,2018309,032921,EPSG:32649,600000.0,4890240.0,709800.0,5000040.0,True
/home/ec2-user/ndvi_sqs_work/inner_mongolia/raw/HLS-VI.S30.T51TVH.2018309T023859.v2.0.NDVI.tif,HLS-VI.S30.T51TVH.2018309T023859.v2.0.NDVI.tif,S30,T51TVH,2018-11-05,2018309,023859,EPSG:32651,399960.0,4690200.0,509760.0,4800000.0,True
/home/ec2-user/ndvi_sqs_work/inner_mongolia/raw/HLS-VI.S30.T51TWH.2018309T023859.v2.0.NDVI.tif,HLS-VI.S30.T51TWH.2018309T023859.v2.0.NDVI.tif,S30,T51TWH,2018-11-05,2018309,023859,EPSG:32651,499980.0,4690200.0,609780.0,4800000.0,True
/home/ec2-user/ndvi_sqs_work/inner_mongolia/raw/HLS-VI.S30.T51TWJ.2018309T023859.v2.0.NDVI.tif,HLS-VI.S30.T51TWJ.2018309T023859.v2.0.NDVI.tif,S30,T51TWJ,2018-11-05,2018309,023859,EPSG:32651,499980.0,4790220.0,609780.0,4900020.0,True
/home/ec2-user/ndvi_sqs_work/inner_mongolia/raw/HLS-VI.S30.T51TWM.2018309T023859.v2.0.NDVI.tif,HLS-VI.S30.T51TWM.2018309T023859.v2.0.NDVI.tif,S30,T51TWM,2018-11-05,2018309,023859,EPSG:32651,499980.0,5090220.0,609780.0,5200020.0,True
/home/ec2-user/ndvi_sqs_work/inner_mongolia/raw/HLS-VI.S30.T51TWN.2018309T023859.v2.0.NDVI.tif,HLS-VI.S30.T51TWN.2018309T023859.v2.0.NDVI.tif,S30,T51TWN,2018-11-05,2018309,023859,EPSG:32651,499980.0,5190240.0,609780.0,5300040.0,True
/home/ec2-user/ndvi_sqs_work/inner_mongolia/raw/HLS-VI.S30.T51UWP.2018309T023859.v2.0.NDVI.tif,HLS-VI.S30.T51UWP.2018309T023859.v2.0.NDVI.tif,S30,T51UWP,2018-11-05,2018309,023859,EPSG:32651,499980.0,5290200.0,609780.0,5400000.0,True
/home/ec2-user/ndvi_sqs_work/inner_mongolia/raw/HLS-VI.S30.T51UXP.2018309T023859.v2.0.NDVI.tif,HLS-VI.S30.T51UXP.2018309T023859.v2.0.NDVI.tif,S30,T51UXP,2018-11-05,2018309,023859,EPSG:32651,600000.0,5290200.0,709800.0,5400000.0,True
/home/ec2-user/ndvi_sqs_work/inner_mongolia/raw/HLS-VI.S30.T48TVM.2018310T034929.v2.0.NDVI.tif,HLS-VI.S30.T48TVM.2018310T034929.v2.0.NDVI.tif,S30,T48TVM,2018-11-06,2018310,034929,EPSG:32648,399960.0,4590240.0,509760.0,4700040.0,True
/home/ec2-user/ndvi_sqs_work/inner_mongolia/raw/HLS-VI.S30.T48TXN.2018310T034929.v2.0.NDVI.tif,HLS-VI.S30.T48TXN.2018310T034929.v2.0.NDVI.tif,S30,T48TXN,2018-11-06,2018310,034929,EPSG:32648,600000.0,4690200.0,709800.0,4800000.0,True
/home/ec2-user/ndvi_sqs_work/inner_mongolia/raw/HLS-VI.S30.T50TNQ.2018310T025911.v2.0.NDVI.tif,HLS-VI.S30.T50TNQ.2018310T025911.v2.0.NDVI.tif,S30,T50TNQ,2018-11-06,2018310,025911,EPSG:32650,499980.0,4890240.0,609780.0,5000040.0,True
/home/ec2-user/ndvi_sqs_work/inner_mongolia/raw/HLS-VI.S30.T50TPQ.2018310T025911.v2.0.NDVI.tif,HLS-VI.S30.T50TPQ.2018310T025911.v2.0.NDVI.tif,S30,T50TPQ,2018-11-06,2018310,025911,EPSG:32650,600000.0,4890240.0,709800.0,5000040.0,True
/home/ec2-user/ndvi_sqs_work/inner_mongolia/raw/HLS-VI.S30.T51TUM.2018310T025911.v2.0.NDVI.tif,HLS-VI.S30.T51TUM.2018310T025911.v2.0.NDVI.tif,S30,T51TUM,2018-11-06,2018310,025911,EPSG:32651,300000.0,5090220.0,409800.0,5200020.0,True
/home/ec2-user/ndvi_sqs_work/inner_mongolia/raw/HLS-VI.S30.T51TVN.2018310T025911.v2.0.NDVI.tif,HLS-VI.S30.T51TVN.2018310T025911.v2.0.NDVI.tif,S30,T51TVN,2018-11-06,2018310,025911,EPSG:32651,399960.0,5190240.0,509760.0,5300040.0,True
/home/ec2-user/ndvi_sqs_work/inner_mongolia/raw/HLS-VI.S30.T51UXT.2018310T025911.v2.0.NDVI.tif,HLS-VI.S30.T51UXT.2018310T025911.v2.0.NDVI.tif,S30,T51UXT,2018-11-06,2018310,025911,EPSG:32651,600000.0,5690220.0,709800.0,5800020.0,True
/home/ec2-user/ndvi_sqs_work/inner_mongolia/raw/HLS-VI.S30.T47SPD.2018311T040941.v2.0.NDVI.tif,HLS-VI.S30.T47SPD.2018311T040941.v2.0.NDVI.tif,S30,T47SPD,2018-11-07,2018311,040941,EPSG:32647,600000.0,4290240.0,709800.0,4400040.0,True
/home/ec2-user/ndvi_sqs_work/inner_mongolia/raw/HLS-VI.S30.T47TNF.2018311T040941.v2.0.NDVI.tif,HLS-VI.S30.T47TNF.2018311T040941.v2.0.NDVI.tif,S30,T47TNF,2018-11-07,2018311,040941,EPSG:32647,499980.0,4490220.0,609780.0,4600020.0,True
/home/ec2-user/ndvi_sqs_work/inner_mongolia/raw/HLS-VI.S30.T47TNG.2018311T040941.v2.0.NDVI.tif,HLS-VI.S30.T47TNG.2018311T040941.v2.0.NDVI.tif,S30,T47TNG,2018-11-07,2018311,040941,EPSG:32647,499980.0,4590240.0,609780.0,4700040.0,True
/home/ec2-user/ndvi_sqs_work/inner_mongolia/raw/HLS-VI.S30.T47TNH.2018311T040941.v2.0.NDVI.tif,HLS-VI.S30.T47TNH.2018311T040941.v2.0.NDVI.tif,S30,T47TNH,2018-11-07,2018311,040941,EPSG:32647,499980.0,4690200.0,609780.0,4800000.0,True
/home/ec2-user/ndvi_sqs_work/inner_mongolia/raw/HLS-VI.S30.T47TQE.2018311T040941.v2.0.NDVI.tif,HLS-VI.S30.T47TQE.2018311T040941.v2.0.NDVI.tif,S30,T47TQE,2018-11-07,2018311,040941,EPSG:32647,699960.0,4390200.0,809760.0,4500000.0,True
/home/ec2-user/ndvi_sqs_work/inner_mongolia/raw/HLS-VI.S30.T47TQH.2018311T040941.v2.0.NDVI.tif,HLS-VI.S30.T47TQH.2018311T040941.v2.0.NDVI.tif,S30,T47TQH,2018-11-07,2018311,040941,EPSG:32647,699960.0,4690200.0,809760.0,4800000.0,True
/home/ec2-user/ndvi_sqs_work/inner_mongolia/raw/HLS-VI.S30.T49TFK.2018311T031929.v2.0.NDVI.tif,HLS-VI.S30.T49TFK.2018311T031929.v2.0.NDVI.tif,S30,T49TFK,2018-11-07,2018311,031929,EPSG:32649,600000.0,4890240.0,709800.0,5000040.0,True
/home/ec2-user/ndvi_sqs_work/inner_mongolia/raw/HLS-VI.S30.T50TLR.2018311T031929.v2.0.NDVI.tif,HLS-VI.S30.T50TLR.2018311T031929.v2.0.NDVI.tif,S30,T50TLR,2018-11-07,2018311,031929,EPSG:32650,300000.0,4990200.0,409800.0,5100000.0,True
/home/ec2-user/ndvi_sqs_work/inner_mongolia/raw/HLS-VI.S30.T50TNS.2018311T031929.v2.0.NDVI.tif,HLS-VI.S30.T50TNS.2018311T031929.v2.0.NDVI.tif,S30,T50TNS,2018-11-07,2018311,031929,EPSG:32650,499980.0,5090220.0,609780.0,5200020.0,True
/home/ec2-user/ndvi_sqs_work/inner_mongolia/raw/HLS-VI.S30.T51TUN.2018312T024919.v2.0.NDVI.tif,HLS-VI.S30.T51TUN.2018312T024919.v2.0.NDVI.tif,S30,T51TUN,2018-11-08,2018312,024919,EPSG:32651,300000.0,5190240.0,409800.0,5300040.0,True
/home/ec2-user/ndvi_sqs_work/inner_mongolia/raw/HLS-VI.S30.T51UWP.2018312T024919.v2.0.NDVI.tif,HLS-VI.S30.T51UWP.2018312T024919.v2.0.NDVI.tif,S30,T51UWP,2018-11-08,2018312,024919,EPSG:32651,499980.0,5290200.0,609780.0,5400000.0,True
/home/ec2-user/ndvi_sqs_work/inner_mongolia/raw/HLS-VI.S30.T49TGE.2018313T030931.v2.0.NDVI.tif,HLS-VI.S30.T49TGE.2018313T030931.v2.0.NDVI.tif,S30,T49TGE,2018-11-09,2018313,030931,EPSG:32649,699960.0,4390200.0,809760.0,4500000.0,True
/home/ec2-user/ndvi_sqs_work/inner_mongolia/raw/HLS-VI.S30.T50TKK.2018313T030931.v2.0.NDVI.tif,HLS-VI.S30.T50TKK.2018313T030931.v2.0.NDVI.tif,S30,T50TKK,2018-11-09,2018313,030931,EPSG:32650,199980.0,4390200.0,309780.0,4500000.0,True
/home/ec2-user/ndvi_sqs_work/inner_mongolia/raw/HLS-VI.S30.T50TMP.2018313T030931.v2.0.NDVI.tif,HLS-VI.S30.T50TMP.2018313T030931.v2.0.NDVI.tif,S30,T50TMP,2018-11-09,2018313,030931,EPSG:32650,399960.0,4790220.0,509760.0,4900020.0,True
/home/ec2-user/ndvi_sqs_work/inner_mongolia/raw/HLS-VI.S30.T50TMS.2018313T030931.v2.0.NDVI.tif,HLS-VI.S30.T50TMS.2018313T030931.v2.0.NDVI.tif,S30,T50TMS,2018-11-09,2018313,030931,EPSG:32650,399960.0,5090220.0,509760.0,5200020.0,True
/home/ec2-user/ndvi_sqs_work/inner_mongolia/raw/HLS-VI.S30.T50TMT.2018313T030931.v2.0.NDVI.tif,HLS-VI.S30.T50TMT.2018313T030931.v2.0.NDVI.tif,S30,T50TMT,2018-11-09,2018313,030931,EPSG:32650,399960.0,5190240.0,509760.0,5300040.0,True
/home/ec2-user/ndvi_sqs_work/inner_mongolia/raw/HLS-VI.S30.T47TLF.2018314T042001.v2.0.NDVI.tif,HLS-VI.S30.T47TLF.2018314T042001.v2.0.NDVI.tif,S30,T47TLF,2018-11-10,2018314,042001,EPSG:32647,300000.0,4490220.0,409800.0,4600020.0,True
/home/ec2-user/ndvi_sqs_work/inner_mongolia/raw/HLS-VI.S30.T47TLG.2018314T042001.v2.0.NDVI.tif,HLS-VI.S30.T47TLG.2018314T042001.v2.0.NDVI.tif,S30,T47TLG,2018-11-10,2018314,042001,EPSG:32647,300000.0,4590240.0,409800.0,4700040.0,True
/home/ec2-user/ndvi_sqs_work/inner_mongolia/raw/HLS-VI.S30.T47TLH.2018314T042001.v2.0.NDVI.tif,HLS-VI.S30.T47TLH.2018314T042001.v2.0.NDVI.tif,S30,T47TLH,2018-11-10,2018314,042001,EPSG:32647,300000.0,4690200.0,409800.0,4800000.0,True
/home/ec2-user/ndvi_sqs_work/inner_mongolia/raw/HLS-VI.S30.T47TMF.2018314T042001.v2.0.NDVI.tif,HLS-VI.S30.T47TMF.2018314T042001.v2.0.NDVI.tif,S30,T47TMF,2018-11-10,2018314,042001,EPSG:32647,399960.0,4490220.0,509760.0,4600020.0,True
/home/ec2-user/ndvi_sqs_work/inner_mongolia/raw/HLS-VI.S30.T47TMG.2018314T042001.v2.0.NDVI.tif,HLS-VI.S30.T47TMG.2018314T042001.v2.0.NDVI.tif,S30,T47TMG,2018-11-10,2018314,042001,EPSG:32647,399960.0,4590240.0,509760.0,4700040.0,True
/home/ec2-user/ndvi_sqs_work/inner_mongolia/raw/HLS-VI.S30.T47TMH.2018314T042001.v2.0.NDVI.tif,HLS-VI.S30.T47TMH.2018314T042001.v2.0.NDVI.tif,S30,T47TMH,2018-11-10,2018314,042001,EPSG:32647,399960.0,4690200.0,509760.0,4800000.0,True
/home/ec2-user/ndvi_sqs_work/inner_mongolia/raw/HLS-VI.S30.T47TNF.2018314T042001.v2.0.NDVI.tif,HLS-VI.S30.T47TNF.2018314T042001.v2.0.NDVI.tif,S30,T47TNF,2018-11-10,2018314,042001,EPSG:32647,499980.0,4490220.0,609780.0,4600020.0,True
/home/ec2-user/ndvi_sqs_work/inner_mongolia/raw/HLS-VI.S30.T47TNG.2018314T042001.v2.0.NDVI.tif,HLS-VI.S30.T47TNG.2018314T042001.v2.0.NDVI.tif,S30,T47TNG,2018-11-10,2018314,042001,EPSG:32647,499980.0,4590240.0,609780.0,4700040.0,True
/home/ec2-user/ndvi_sqs_work/inner_mongolia/raw/HLS-VI.S30.T47TNH.2018314T042001.v2.0.NDVI.tif,HLS-VI.S30.T47TNH.2018314T042001.v2.0.NDVI.tif,S30,T47TNH,2018-11-10,2018314,042001,EPSG:32647,499980.0,4690200.0,609780.0,4800000.0,True
/home/ec2-user/ndvi_sqs_work/inner_mongolia/raw/HLS-VI.S30.T51TVH.2018314T023921.v2.0.NDVI.tif,HLS-VI.S30.T51TVH.2018314T023921.v2.0.NDVI.tif,S30,T51TVH,2018-11-10,2018314,023921,EPSG:32651,399960.0,4690200.0,509760.0,4800000.0,True
/home/ec2-user/ndvi_sqs_work/inner_mongolia/raw/HLS-VI.S30.T51TWH.2018314T023921.v2.0.NDVI.tif,HLS-VI.S30.T51TWH.2018314T023921.v2.0.NDVI.tif,S30,T51TWH,2018-11-10,2018314,023921,EPSG:32651,499980.0,4690200.0,609780.0,4800000.0,True
/home/ec2-user/ndvi_sqs_work/inner_mongolia/raw/HLS-VI.S30.T48SWG.2018315T035001.v2.0.NDVI.tif,HLS-VI.S30.T48SWG.2018315T035001.v2.0.NDVI.tif,S30,T48SWG,2018-11-11,2018315,035001,EPSG:32648,499980.0,4090200.0,609780.0,4200000.0,True
/home/ec2-user/ndvi_sqs_work/inner_mongolia/raw/HLS-VI.S30.T48TUK.2018315T035001.v2.0.NDVI.tif,HLS-VI.S30.T48TUK.2018315T035001.v2.0.NDVI.tif,S30,T48TUK,2018-11-11,2018315,035001,EPSG:32648,300000.0,4390200.0,409800.0,4500000.0,True
/home/ec2-user/ndvi_sqs_work/inner_mongolia/raw/HLS-VI.S30.T48TVK.2018315T035001.v2.0.NDVI.tif,HLS-VI.S30.T48TVK.2018315T035001.v2.0.NDVI.tif,S30,T48TVK,2018-11-11,2018315,035001,EPSG:32648,399960.0,4390200.0,509760.0,4500000.0,True
/home/ec2-user/ndvi_sqs_work/inner_mongolia/raw/HLS-VI.S30.T48TVL.2018315T035001.v2.0.NDVI.tif,HLS-VI.S30.T48TVL.2018315T035001.v2.0.NDVI.tif,S30,T48TVL,2018-11-11,2018315,035001,EPSG:32648,399960.0,4490220.0,509760.0,4600020.0,True
/home/ec2-user/ndvi_sqs_work/inner_mongolia/raw/HLS-VI.S30.T48TVM.2018315T035001.v2.0.NDVI.tif,HLS-VI.S30.T48TVM.2018315T035001.v2.0.NDVI.tif,S30,T48TVM,2018-11-11,2018315,035001,EPSG:32648,399960.0,4590240.0,509760.0,4700040.0,True
/home/ec2-user/ndvi_sqs_work/inner_mongolia/raw/HLS-VI.S30.T48TWL.2018315T035001.v2.0.NDVI.tif,HLS-VI.S30.T48TWL.2018315T035001.v2.0.NDVI.tif,S30,T48TWL,2018-11-11,2018315,035001,EPSG:32648,499980.0,4490220.0,609780.0,4600020.0,True
/home/ec2-user/ndvi_sqs_work/inner_mongolia/raw/HLS-VI.S30.T48TWM.2018315T035001.v2.0.NDVI.tif,HLS-VI.S30.T48TWM.2018315T035001.v2.0.NDVI.tif,S30,T48TWM,2018-11-11,2018315,035001,EPSG:32648,499980.0,4590240.0,609780.0,4700040.0,True
/home/ec2-user/ndvi_sqs_work/inner_mongolia/raw/HLS-VI.S30.T48TXM.2018315T035001.v2.0.NDVI.tif,HLS-VI.S30.T48TXM.2018315T035001.v2.0.NDVI.tif,S30,T48TXM,2018-11-11,2018315,035001,EPSG:32648,600000.0,4590240.0,709800.0,4700040.0,True
/home/ec2-user/ndvi_sqs_work/inner_mongolia/raw/HLS-VI.S30.T48TXN.2018315T035001.v2.0.NDVI.tif,HLS-VI.S30.T48TXN.2018315T035001.v2.0.NDVI.tif,S30,T48TXN,2018-11-11,2018315,035001,EPSG:32648,600000.0,4690200.0,709800.0,4800000.0,True
/home/ec2-user/ndvi_sqs_work/inner_mongolia/raw/HLS-VI.S30.T48TYN.2018315T035001.v2.0.NDVI.tif,HLS-VI.S30.T48TYN.2018315T035001.v2.0.NDVI.tif,S30,T48TYN,2018-11-11,2018315,035001,EPSG:32648,699960.0,4690200.0,809760.0,4800000.0,True
/home/ec2-user/ndvi_sqs_work/inner_mongolia/raw/HLS-VI.S30.T51TTF.2018315T025939.v2.0.NDVI.tif,HLS-VI.S30.T51TTF.2018315T025939.v2.0.NDVI.tif,S30,T51TTF,2018-11-11,2018315,025939,EPSG:32651,199980.0,4490220.0,309780.0,4600020.0,True
/home/ec2-user/ndvi_sqs_work/inner_mongolia/raw/HLS-VI.S30.T51TUH.2018315T025939.v2.0.NDVI.tif,HLS-VI.S30.T51TUH.2018315T025939.v2.0.NDVI.tif,S30,T51TUH,2018-11-11,2018315,025939,EPSG:32651,300000.0,4690200.0,409800.0,4800000.0,True
/home/ec2-user/ndvi_sqs_work/inner_mongolia/raw/HLS-VI.S30.T51TUK.2018315T025939.v2.0.NDVI.tif,HLS-VI.S30.T51TUK.2018315T025939.v2.0.NDVI.tif,S30,T51TUK,2018-11-11,2018315,025939,EPSG:32651,300000.0,4890240.0,409800.0,5000040.0,True
/home/ec2-user/ndvi_sqs_work/inner_mongolia/raw/HLS-VI.S30.T51UWP.2018315T025939.v2.0.NDVI.tif,HLS-VI.S30.T51UWP.2018315T025939.v2.0.NDVI.tif,S30,T51UWP,2018-11-11,2018315,025939,EPSG:32651,499980.0,5290200.0,609780.0,5400000.0,True
/home/ec2-user/ndvi_sqs_work/inner_mongolia/raw/HLS-VI.S30.T47TNG.2018316T041009.v2.0.NDVI.tif,HLS-VI.S30.T47TNG.2018316T041009.v2.0.NDVI.tif,S30,T47TNG,2018-11-12,2018316,041009,EPSG:32647,499980.0,4590240.0,609780.0,4700040.0,True
/home/ec2-user/ndvi_sqs_work/inner_mongolia/raw/HLS-VI.S30.T47TNH.2018316T041009.v2.0.NDVI.tif,HLS-VI.S30.T47TNH.2018316T041009.v2.0.NDVI.tif,S30,T47TNH,2018-11-12,2018316,041009,EPSG:32647,499980.0,4690200.0,609780.0,4800000.0,True
/home/ec2-user/ndvi_sqs_work/inner_mongolia/raw/HLS-VI.S30.T47TQH.2018316T041009.v2.0.NDVI.tif,HLS-VI.S30.T47TQH.2018316T041009.v2.0.NDVI.tif,S30,T47TQH,2018-11-12,2018316,041009,EPSG:32647,699960.0,4690200.0,809760.0,4800000.0,True
/home/ec2-user/ndvi_sqs_work/inner_mongolia/raw/HLS-VI.S30.T48TUM.2018316T041009.v2.0.NDVI.tif,HLS-VI.S30.T48TUM.2018316T041009.v2.0.NDVI.tif,S30,T48TUM,2018-11-12,2018316,041009,EPSG:32648,300000.0,4590240.0,409800.0,4700040.0,True
/home/ec2-user/ndvi_sqs_work/inner_mongolia/raw/HLS-VI.S30.T49SED.2018316T031951.v2.0.NDVI.tif,HLS-VI.S30.T49SED.2018316T031951.v2.0.NDVI.tif,S30,T49SED,2018-11-12,2018316,031951,EPSG:32649,499980.0,4290240.0,609780.0,4400040.0,True
/home/ec2-user/ndvi_sqs_work/inner_mongolia/raw/HLS-VI.S30.T49TEE.2018316T031951.v2.0.NDVI.tif,HLS-VI.S30.T49TEE.2018316T031951.v2.0.NDVI.tif,S30,T49TEE,2018-11-12,2018316,031951,EPSG:32649,499980.0,4390200.0,609780.0,4500000.0,True
/home/ec2-user/ndvi_sqs_work/inner_mongolia/raw/HLS-VI.S30.T49TFE.2018316T031951.v2.0.NDVI.tif,HLS-VI.S30.T49TFE.2018316T031951.v2.0.NDVI.tif,S30,T49TFE,2018-11-12,2018316,031951,EPSG:32649,600000.0,4390200.0,709800.0,4500000.0,True
/home/ec2-user/ndvi_sqs_work/inner_mongolia/raw/HLS-VI.S30.T49TFG.2018316T031951.v2.0.NDVI.tif,HLS-VI.S30.T49TFG.2018316T031951.v2.0.NDVI.tif,S30,T49TFG,2018-11-12,2018316,031951,EPSG:32649,600000.0,4590240.0,709800.0,4700040.0,True
/home/ec2-user/ndvi_sqs_work/inner_mongolia/raw/HLS-VI.S30.T49TFH.2018316T031951.v2.0.NDVI.tif,HLS-VI.S30.T49TFH.2018316T031951.v2.0.NDVI.tif,S30,T49TFH,2018-11-12,2018316,031951,EPSG:32649,600000.0,4690200.0,709800.0,4800000.0,True
/home/ec2-user/ndvi_sqs_work/inner_mongolia/raw/HLS-VI.S30.T49TFK.2018316T031951.v2.0.NDVI.tif,HLS-VI.S30.T49TFK.2018316T031951.v2.0.NDVI.tif,S30,T49TFK,2018-11-12,2018316,031951,EPSG:32649,600000.0,4890240.0,709800.0,5000040.0,True
/home/ec2-user/ndvi_sqs_work/inner_mongolia/raw/HLS-VI.S30.T49TGE.2018316T031951.v2.0.NDVI.tif,HLS-VI.S30.T49TGE.2018316T031951.v2.0.NDVI.tif,S30,T49TGE,2018-11-12,2018316,031951,EPSG:32649,699960.0,4390200.0,809760.0,4500000.0,True
/home/ec2-user/ndvi_sqs_work/inner_mongolia/raw/HLS-VI.S30.T50TKK.2018316T031951.v2.0.NDVI.tif,HLS-VI.S30.T50TKK.2018316T031951.v2.0.NDVI.tif,S30,T50TKK,2018-11-12,2018316,031951,EPSG:32650,199980.0,4390200.0,309780.0,4500000.0,True
/home/ec2-user/ndvi_sqs_work/inner_mongolia/raw/HLS-VI.S30.T50TLR.2018316T031951.v2.0.NDVI.tif,HLS-VI.S30.T50TLR.2018316T031951.v2.0.NDVI.tif,S30,T50TLR,2018-11-12,2018316,031951,EPSG:32650,300000.0,4990200.0,409800.0,5100000.0,True
/home/ec2-user/ndvi_sqs_work/inner_mongolia/raw/HLS-VI.S30.T50TQQ.2018317T024941.v2.0.NDVI.tif,HLS-VI.S30.T50TQQ.2018317T024941.v2.0.NDVI.tif,S30,T50TQQ,2018-11-13,2018317,024941,EPSG:32650,699960.0,4890240.0,809760.0,5000040.0,True
/home/ec2-user/ndvi_sqs_work/inner_mongolia/raw/HLS-VI.S30.T50TQR.2018317T024941.v2.0.NDVI.tif,HLS-VI.S30.T50TQR.2018317T024941.v2.0.NDVI.tif,S30,T50TQR,2018-11-13,2018317,024941,EPSG:32650,699960.0,4990200.0,809760.0,5100000.0,True
/home/ec2-user/ndvi_sqs_work/inner_mongolia/raw/HLS-VI.S30.T51TUK.2018317T024941.v2.0.NDVI.tif,HLS-VI.S30.T51TUK.2018317T024941.v2.0.NDVI.tif,S30,T51TUK,2018-11-13,2018317,024941,EPSG:32651,300000.0,4890240.0,409800.0,5000040.0,True
/home/ec2-user/ndvi_sqs_work/inner_mongolia/raw/HLS-VI.S30.T51TUL.2018317T024941.v2.0.NDVI.tif,HLS-VI.S30.T51TUL.2018317T024941.v2.0.NDVI.tif,S30,T51TUL,2018-11-13,2018317,024941,EPSG:32651,300000.0,4990200.0,409800.0,5100000.0,True
/home/ec2-user/ndvi_sqs_work/inner_mongolia/raw/HLS-VI.S30.T51TUM.2018317T024941.v2.0.NDVI.tif,HLS-VI.S30.T51TUM.2018317T024941.v2.0.NDVI.tif,S30,T51TUM,2018-11-13,2018317,024941,EPSG:32651,300000.0,5090220.0,409800.0,5200020.0,True
/home/ec2-user/ndvi_sqs_work/inner_mongolia/raw/HLS-VI.S30.T51TUN.2018317T024941.v2.0.NDVI.tif,HLS-VI.S30.T51TUN.2018317T024941.v2.0.NDVI.tif,S30,T51TUN,2018-11-13,2018317,024941,EPSG:32651,300000.0,5190240.0,409800.0,5300040.0,True
/home/ec2-user/ndvi_sqs_work/inner_mongolia/raw/HLS-VI.S30.T51TVH.2018317T024941.v2.0.NDVI.tif,HLS-VI.S30.T51TVH.2018317T024941.v2.0.NDVI.tif,S30,T51TVH,2018-11-13,2018317,024941,EPSG:32651,399960.0,4690200.0,509760.0,4800000.0,True
/home/ec2-user/ndvi_sqs_work/inner_mongolia/raw/HLS-VI.S30.T51TVL.2018317T024941.v2.0.NDVI.tif,HLS-VI.S30.T51TVL.2018317T024941.v2.0.NDVI.tif,S30,T51TVL,2018-11-13,2018317,024941,EPSG:32651,399960.0,4990200.0,509760.0,5100000.0,True
/home/ec2-user/ndvi_sqs_work/inner_mongolia/raw/HLS-VI.S30.T51TVM.2018317T024941.v2.0.NDVI.tif,HLS-VI.S30.T51TVM.2018317T024941.v2.0.NDVI.tif,S30,T51TVM,2018-11-13,2018317,024941,EPSG:32651,399960.0,5090220.0,509760.0,5200020.0,True
/home/ec2-user/ndvi_sqs_work/inner_mongolia/raw/HLS-VI.S30.T51TVN.2018317T024941.v2.0.NDVI.tif,HLS-VI.S30.T51TVN.2018317T024941.v2.0.NDVI.tif,S30,T51TVN,2018-11-13,2018317,024941,EPSG:32651,399960.0,5190240.0,509760.0,5300040.0,True
/home/ec2-user/ndvi_sqs_work/inner_mongolia/raw/HLS-VI.S30.T51TWM.2018317T024941.v2.0.NDVI.tif,HLS-VI.S30.T51TWM.2018317T024941.v2.0.NDVI.tif,S30,T51TWM,2018-11-13,2018317,024941,EPSG:32651,499980.0,5090220.0,609780.0,5200020.0,True
/home/ec2-user/ndvi_sqs_work/inner_mongolia/raw/HLS-VI.S30.T51TWN.2018317T024941.v2.0.NDVI.tif,HLS-VI.S30.T51TWN.2018317T024941.v2.0.NDVI.tif,S30,T51TWN,2018-11-13,2018317,024941,EPSG:32651,499980.0,5190240.0,609780.0,5300040.0,True
/home/ec2-user/ndvi_sqs_work/inner_mongolia/raw/HLS-VI.S30.T51UWP.2018317T024941.v2.0.NDVI.tif,HLS-VI.S30.T51UWP.2018317T024941.v2.0.NDVI.tif,S30,T51UWP,2018-11-13,2018317,024941,EPSG:32651,499980.0,5290200.0,609780.0,5400000.0,True
/home/ec2-user/ndvi_sqs_work/inner_mongolia/raw/HLS-VI.S30.T51UXT.2018317T024941.v2.0.NDVI.tif,HLS-VI.S30.T51UXT.2018317T024941.v2.0.NDVI.tif,S30,T51UXT,2018-11-13,2018317,024941,EPSG:32651,600000.0,5690220.0,709800.0,5800020.0,True
/home/ec2-user/ndvi_sqs_work/inner_mongolia/raw/HLS-VI.S30.T47TLH.2018319T042029.v2.0.NDVI.tif,HLS-VI.S30.T47TLH.2018319T042029.v2.0.NDVI.tif,S30,T47TLH,2018-11-15,2018319,042029,EPSG:32647,300000.0,4690200.0,409800.0,4800000.0,True
/home/ec2-user/ndvi_sqs_work/inner_mongolia/raw/HLS-VI.S30.T47TMG.2018319T042029.v2.0.NDVI.tif,HLS-VI.S30.T47TMG.2018319T042029.v2.0.NDVI.tif,S30,T47TMG,2018-11-15,2018319,042029,EPSG:32647,399960.0,4590240.0,509760.0,4700040.0,True
/home/ec2-user/ndvi_sqs_work/inner_mongolia/raw/HLS-VI.S30.T47TNF.2018319T042029.v2.0.NDVI.tif,HLS-VI.S30.T47TNF.2018319T042029.v2.0.NDVI.tif,S30,T47TNF,2018-11-15,2018319,042029,EPSG:32647,499980.0,4490220.0,609780.0,4600020.0,True
/home/ec2-user/ndvi_sqs_work/inner_mongolia/raw/HLS-VI.S30.T47TNG.2018319T042029.v2.0.NDVI.tif,HLS-VI.S30.T47TNG.2018319T042029.v2.0.NDVI.tif,S30,T47TNG,2018-11-15,2018319,042029,EPSG:32647,499980.0,4590240.0,609780.0,4700040.0,True
/home/ec2-user/ndvi_sqs_work/inner_mongolia/raw/HLS-VI.S30.T47TNH.2018319T042029.v2.0.NDVI.tif,HLS-VI.S30.T47TNH.2018319T042029.v2.0.NDVI.tif,S30,T47TNH,2018-11-15,2018319,042029,EPSG:32647,499980.0,4690200.0,609780.0,4800000.0,True
/home/ec2-user/ndvi_sqs_work/inner_mongolia/raw/HLS-VI.S30.T49TEL.2018319T033011.v2.0.NDVI.tif,HLS-VI.S30.T49TEL.2018319T033011.v2.0.NDVI.tif,S30,T49TEL,2018-11-15,2018319,033011,EPSG:32649,499980.0,4990200.0,609780.0,5100000.0,True
/home/ec2-user/ndvi_sqs_work/inner_mongolia/raw/HLS-VI.S30.T51UXT.2018319T023949.v2.0.NDVI.tif,HLS-VI.S30.T51UXT.2018319T023949.v2.0.NDVI.tif,S30,T51UXT,2018-11-15,2018319,023949,EPSG:32651,600000.0,5690220.0,709800.0,5800020.0,True
/home/ec2-user/ndvi_sqs_work/inner_mongolia/raw/HLS-VI.S30.T51UYS.2018319T023949.v2.0.NDVI.tif,HLS-VI.S30.T51UYS.2018319T023949.v2.0.NDVI.tif,S30,T51UYS,2018-11-15,2018319,023949,EPSG:32651,699960.0,5590200.0,809760.0,5700000.0,True
/home/ec2-user/ndvi_sqs_work/inner_mongolia/raw/HLS-VI.S30.T48TXN.2018320T035019.v2.0.NDVI.tif,HLS-VI.S30.T48TXN.2018320T035019.v2.0.NDVI.tif,S30,T48TXN,2018-11-16,2018320,035019,EPSG:32648,600000.0,4690200.0,709800.0,4800000.0,True
/home/ec2-user/ndvi_sqs_work/inner_mongolia/raw/HLS-VI.S30.T48TYN.2018320T035019.v2.0.NDVI.tif,HLS-VI.S30.T48TYN.2018320T035019.v2.0.NDVI.tif,S30,T48TYN,2018-11-16,2018320,035019,EPSG:32648,699960.0,4690200.0,809760.0,4800000.0,True
/home/ec2-user/ndvi_sqs_work/inner_mongolia/raw/HLS-VI.S30.T50TPN.2018320T030001.v2.0.NDVI.tif,HLS-VI.S30.T50TPN.2018320T030001.v2.0.NDVI.tif,S30,T50TPN,2018-11-16,2018320,030001,EPSG:32650,600000.0,4690200.0,709800.0,4800000.0,True
/home/ec2-user/ndvi_sqs_work/inner_mongolia/raw/HLS-VI.S30.T50TQP.2018320T030001.v2.0.NDVI.tif,HLS-VI.S30.T50TQP.2018320T030001.v2.0.NDVI.tif,S30,T50TQP,2018-11-16,2018320,030001,EPSG:32650,699960.0,4790220.0,809760.0,4900020.0,True
/home/ec2-user/ndvi_sqs_work/inner_mongolia/raw/HLS-VI.S30.T50TQQ.2018320T030001.v2.0.NDVI.tif,HLS-VI.S30.T50TQQ.2018320T030001.v2.0.NDVI.tif,S30,T50TQQ,2018-11-16,2018320,030001,EPSG:32650,699960.0,4890240.0,809760.0,5000040.0,True
/home/ec2-user/ndvi_sqs_work/inner_mongolia/raw/HLS-VI.S30.T50TQR.2018320T030001.v2.0.NDVI.tif,HLS-VI.S30.T50TQR.2018320T030001.v2.0.NDVI.tif,S30,T50TQR,2018-11-16,2018320,030001,EPSG:32650,699960.0,4990200.0,809760.0,5100000.0,True
/home/ec2-user/ndvi_sqs_work/inner_mongolia/raw/HLS-VI.S30.T47TQE.2018321T041031.v2.0.NDVI.tif,HLS-VI.S30.T47TQE.2018321T041031.v2.0.NDVI.tif,S30,T47TQE,2018-11-17,2018321,041031,EPSG:32647,699960.0,4390200.0,809760.0,4500000.0,True
/home/ec2-user/ndvi_sqs_work/inner_mongolia/raw/HLS-VI.S30.T48SXH.2018322T034021.v2.0.NDVI.tif,HLS-VI.S30.T48SXH.2018322T034021.v2.0.NDVI.tif,S30,T48SXH,2018-11-18,2018322,034021,EPSG:32648,600000.0,4190220.0,709800.0,4300020.0,True
/home/ec2-user/ndvi_sqs_work/inner_mongolia/raw/HLS-VI.S30.T48SXJ.2018322T034021.v2.0.NDVI.tif,HLS-VI.S30.T48SXJ.2018322T034021.v2.0.NDVI.tif,S30,T48SXJ,2018-11-18,2018322,034021,EPSG:32648,600000.0,4290240.0,709800.0,4400040.0,True
/home/ec2-user/ndvi_sqs_work/inner_mongolia/raw/HLS-VI.S30.T48TXL.2018322T034021.v2.0.NDVI.tif,HLS-VI.S30.T48TXL.2018322T034021.v2.0.NDVI.tif,S30,T48TXL,2018-11-18,2018322,034021,EPSG:32648,600000.0,4490220.0,709800.0,4600020.0,True
/home/ec2-user/ndvi_sqs_work/inner_mongolia/raw/HLS-VI.S30.T48TXM.2018322T034021.v2.0.NDVI.tif,HLS-VI.S30.T48TXM.2018322T034021.v2.0.NDVI.tif,S30,T48TXM,2018-11-18,2018322,034021,EPSG:32648,600000.0,4590240.0,709800.0,4700040.0,True
/home/ec2-user/ndvi_sqs_work/inner_mongolia/raw/HLS-VI.S30.T48TXN.2018322T034021.v2.0.NDVI.tif,HLS-VI.S30.T48TXN.2018322T034021.v2.0.NDVI.tif,S30,T48TXN,2018-11-18,2018322,034021,EPSG:32648,600000.0,4690200.0,709800.0,4800000.0,True
/home/ec2-user/ndvi_sqs_work/inner_mongolia/raw/HLS-VI.S30.T48TYL.2018322T034021.v2.0.NDVI.tif,HLS-VI.S30.T48TYL.2018322T034021.v2.0.NDVI.tif,S30,T48TYL,2018-11-18,2018322,034021,EPSG:32648,699960.0,4490220.0,809760.0,4600020.0,True
/home/ec2-user/ndvi_sqs_work/inner_mongolia/raw/HLS-VI.S30.T48TYM.2018322T034021.v2.0.NDVI.tif,HLS-VI.S30.T48TYM.2018322T034021.v2.0.NDVI.tif,S30,T48TYM,2018-11-18,2018322,034021,EPSG:32648,699960.0,4590240.0,809760.0,4700040.0,True
/home/ec2-user/ndvi_sqs_work/inner_mongolia/raw/HLS-VI.S30.T48TYN.2018322T034021.v2.0.NDVI.tif,HLS-VI.S30.T48TYN.2018322T034021.v2.0.NDVI.tif,S30,T48TYN,2018-11-18,2018322,034021,EPSG:32648,699960.0,4690200.0,809760.0,4800000.0,True
/home/ec2-user/ndvi_sqs_work/inner_mongolia/raw/HLS-VI.S30.T49SBD.2018322T034021.v2.0.NDVI.tif,HLS-VI.S30.T49SBD.2018322T034021.v2.0.NDVI.tif,S30,T49SBD,2018-11-18,2018322,034021,EPSG:32649,199980.0,4290240.0,309780.0,4400040.0,True
/home/ec2-user/ndvi_sqs_work/inner_mongolia/raw/HLS-VI.S30.T49TBF.2018322T034021.v2.0.NDVI.tif,HLS-VI.S30.T49TBF.2018322T034021.v2.0.NDVI.tif,S30,T49TBF,2018-11-18,2018322,034021,EPSG:32649,199980.0,4490220.0,309780.0,4600020.0,True
/home/ec2-user/ndvi_sqs_work/inner_mongolia/raw/HLS-VI.S30.T49TBG.2018322T034021.v2.0.NDVI.tif,HLS-VI.S30.T49TBG.2018322T034021.v2.0.NDVI.tif,S30,T49TBG,2018-11-18,2018322,034021,EPSG:32649,199980.0,4590240.0,309780.0,4700040.0,True
/home/ec2-user/ndvi_sqs_work/inner_mongolia/raw/HLS-VI.S30.T49TCF.2018322T034021.v2.0.NDVI.tif,HLS-VI.S30.T49TCF.2018322T034021.v2.0.NDVI.tif,S30,T49TCF,2018-11-18,2018322,034021,EPSG:32649,300000.0,4490220.0,409800.0,4600020.0,True
/home/ec2-user/ndvi_sqs_work/inner_mongolia/raw/HLS-VI.S30.T49TCG.2018322T034021.v2.0.NDVI.tif,HLS-VI.S30.T49TCG.2018322T034021.v2.0.NDVI.tif,S30,T49TCG,2018-11-18,2018322,034021,EPSG:32649,300000.0,4590240.0,409800.0,4700040.0,True
/home/ec2-user/ndvi_sqs_work/inner_mongolia/raw/HLS-VI.S30.T50TPL.2018322T025009.v2.0.NDVI.tif,HLS-VI.S30.T50TPL.2018322T025009.v2.0.NDVI.tif,S30,T50TPL,2018-11-18,2018322,025009,EPSG:32650,600000.0,4490220.0,709800.0,4600020.0,True
/home/ec2-user/ndvi_sqs_work/inner_mongolia/raw/HLS-VI.S30.T50TQL.2018322T025009.v2.0.NDVI.tif,HLS-VI.S30.T50TQL.2018322T025009.v2.0.NDVI.tif,S30,T50TQL,2018-11-18,2018322,025009,EPSG:32650,699960.0,4490220.0,809760.0,4600020.0,True
/home/ec2-user/ndvi_sqs_work/inner_mongolia/raw/HLS-VI.S30.T50TQM.2018322T025009.v2.0.NDVI.tif,HLS-VI.S30.T50TQM.2018322T025009.v2.0.NDVI.tif,S30,T50TQM,2018-11-18,2018322,025009,EPSG:32650,699960.0,4590240.0,809760.0,4700040.0,True
/home/ec2-user/ndvi_sqs_work/inner_mongolia/raw/HLS-VI.S30.T50TQN.2018322T025009.v2.0.NDVI.tif,HLS-VI.S30.T50TQN.2018322T025009.v2.0.NDVI.tif,S30,T50TQN,2018-11-18,2018322,025009,EPSG:32650,699960.0,4690200.0,809760.0,4800000.0,True
/home/ec2-user/ndvi_sqs_work/inner_mongolia/raw/HLS-VI.S30.T50TQP.2018322T025009.v2.0.NDVI.tif,HLS-VI.S30.T50TQP.2018322T025009.v2.0.NDVI.tif,S30,T50TQP,2018-11-18,2018322,025009,EPSG:32650,699960.0,4790220.0,809760.0,4900020.0,True
/home/ec2-user/ndvi_sqs_work/inner_mongolia/raw/HLS-VI.S30.T51TTF.2018322T025009.v2.0.NDVI.tif,HLS-VI.S30.T51TTF.2018322T025009.v2.0.NDVI.tif,S30,T51TTF,2018-11-18,2018322,025009,EPSG:32651,199980.0,4490220.0,309780.0,4600020.0,True
/home/ec2-user/ndvi_sqs_work/inner_mongolia/raw/HLS-VI.S30.T51TTG.2018322T025009.v2.0.NDVI.tif,HLS-VI.S30.T51TTG.2018322T025009.v2.0.NDVI.tif,S30,T51TTG,2018-11-18,2018322,025009,EPSG:32651,199980.0,4590240.0,309780.0,4700040.0,True
/home/ec2-user/ndvi_sqs_work/inner_mongolia/raw/HLS-VI.S30.T51TUG.2018322T025009.v2.0.NDVI.tif,HLS-VI.S30.T51TUG.2018322T025009.v2.0.NDVI.tif,S30,T51TUG,2018-11-18,2018322,025009,EPSG:32651,300000.0,4590240.0,409800.0,4700040.0,True
/home/ec2-user/ndvi_sqs_work/inner_mongolia/raw/HLS-VI.S30.T51TUH.2018322T025009.v2.0.NDVI.tif,HLS-VI.S30.T51TUH.2018322T025009.v2.0.NDVI.tif,S30,T51TUH,2018-11-18,2018322,025009,EPSG:32651,300000.0,4690200.0,409800.0,4800000.0,True
/home/ec2-user/ndvi_sqs_work/inner_mongolia/raw/HLS-VI.S30.T51TUJ.2018322T025009.v2.0.NDVI.tif,HLS-VI.S30.T51TUJ.2018322T025009.v2.0.NDVI.tif,S30,T51TUJ,2018-11-18,2018322,025009,EPSG:32651,300000.0,4790220.0,409800.0,4900020.0,True
/home/ec2-user/ndvi_sqs_work/inner_mongolia/raw/HLS-VI.S30.T51TVH.2018322T025009.v2.0.NDVI.tif,HLS-VI.S30.T51TVH.2018322T025009.v2.0.NDVI.tif,S30,T51TVH,2018-11-18,2018322,025009,EPSG:32651,399960.0,4690200.0,509760.0,4800000.0,True
/home/ec2-user/ndvi_sqs_work/inner_mongolia/raw/HLS-VI.S30.T51TWH.2018322T025009.v2.0.NDVI.tif,HLS-VI.S30.T51TWH.2018322T025009.v2.0.NDVI.tif,S30,T51TWH,2018-11-18,2018322,025009,EPSG:32651,499980.0,4690200.0,609780.0,4800000.0,True
/home/ec2-user/ndvi_sqs_work/inner_mongolia/raw/HLS-VI.S30.T47TPE.2018323T040039.v2.0.NDVI.tif,HLS-VI.S30.T47TPE.2018323T040039.v2.0.NDVI.tif,S30,T47TPE,2018-11-19,2018323,040039,EPSG:32647,600000.0,4390200.0,709800.0,4500000.0,True
/home/ec2-user/ndvi_sqs_work/inner_mongolia/raw/HLS-VI.S30.T47TQE.2018323T040039.v2.0.NDVI.tif,HLS-VI.S30.T47TQE.2018323T040039.v2.0.NDVI.tif,S30,T47TQE,2018-11-19,2018323,040039,EPSG:32647,699960.0,4390200.0,809760.0,4500000.0,True
/home/ec2-user/ndvi_sqs_work/inner_mongolia/raw/HLS-VI.S30.T48TTK.2018323T040039.v2.0.NDVI.tif,HLS-VI.S30.T48TTK.2018323T040039.v2.0.NDVI.tif,S30,T48TTK,2018-11-19,2018323,040039,EPSG:32648,199980.0,4390200.0,309780.0,4500000.0,True
/home/ec2-user/ndvi_sqs_work/inner_mongolia/raw/HLS-VI.S30.T48TUK.2018323T040039.v2.0.NDVI.tif,HLS-VI.S30.T48TUK.2018323T040039.v2.0.NDVI.tif,S30,T48TUK,2018-11-19,2018323,040039,EPSG:32648,300000.0,4390200.0,409800.0,4500000.0,True
/home/ec2-user/ndvi_sqs_work/inner_mongolia/raw/HLS-VI.S30.T48TWM.2018323T040039.v2.0.NDVI.tif,HLS-VI.S30.T48TWM.2018323T040039.v2.0.NDVI.tif,S30,T48TWM,2018-11-19,2018323,040039,EPSG:32648,499980.0,4590240.0,609780.0,4700040.0,True
/home/ec2-user/ndvi_sqs_work/inner_mongolia/raw/HLS-VI.S30.T49TGE.2018323T031011.v2.0.NDVI.tif,HLS-VI.S30.T49TGE.2018323T031011.v2.0.NDVI.tif,S30,T49TGE,2018-11-19,2018323,031011,EPSG:32649,699960.0,4390200.0,809760.0,4500000.0,True
/home/ec2-user/ndvi_sqs_work/inner_mongolia/raw/HLS-VI.S30.T50TKK.2018323T031011.v2.0.NDVI.tif,HLS-VI.S30.T50TKK.2018323T031011.v2.0.NDVI.tif,S30,T50TKK,2018-11-19,2018323,031011,EPSG:32650,199980.0,4390200.0,309780.0,4500000.0,True
/home/ec2-user/ndvi_sqs_work/inner_mongolia/raw/HLS-VI.S30.T47TLH.2018324T042051.v2.0.NDVI.tif,HLS-VI.S30.T47TLH.2018324T042051.v2.0.NDVI.tif,S30,T47TLH,2018-11-20,2018324,042051,EPSG:32647,300000.0,4690200.0,409800.0,4800000.0,True
/home/ec2-user/ndvi_sqs_work/inner_mongolia/raw/HLS-VI.S30.T47TMH.2018324T042051.v2.0.NDVI.tif,HLS-VI.S30.T47TMH.2018324T042051.v2.0.NDVI.tif,S30,T47TMH,2018-11-20,2018324,042051,EPSG:32647,399960.0,4690200.0,509760.0,4800000.0,True
/home/ec2-user/ndvi_sqs_work/inner_mongolia/raw/HLS-VI.S30.T47TNG.2018324T042051.v2.0.NDVI.tif,HLS-VI.S30.T47TNG.2018324T042051.v2.0.NDVI.tif,S30,T47TNG,2018-11-20,2018324,042051,EPSG:32647,499980.0,4590240.0,609780.0,4700040.0,True
/home/ec2-user/ndvi_sqs_work/inner_mongolia/raw/HLS-VI.S30.T47TNH.2018324T042051.v2.0.NDVI.tif,HLS-VI.S30.T47TNH.2018324T042051.v2.0.NDVI.tif,S30,T47TNH,2018-11-20,2018324,042051,EPSG:32647,499980.0,4690200.0,609780.0,4800000.0,True
/home/ec2-user/ndvi_sqs_work/inner_mongolia/raw/HLS-VI.S30.T49TEG.2018324T033029.v2.0.NDVI.tif,HLS-VI.S30.T49TEG.2018324T033029.v2.0.NDVI.tif,S30,T49TEG,2018-11-20,2018324,033029,EPSG:32649,499980.0,4590240.0,609780.0,4700040.0,True
/home/ec2-user/ndvi_sqs_work/inner_mongolia/raw/HLS-VI.S30.T49TFH.2018324T033029.v2.0.NDVI.tif,HLS-VI.S30.T49TFH.2018324T033029.v2.0.NDVI.tif,S30,T49TFH,2018-11-20,2018324,033029,EPSG:32649,600000.0,4690200.0,709800.0,4800000.0,True
/home/ec2-user/ndvi_sqs_work/inner_mongolia/raw/HLS-VI.S30.T51UXR.2018324T024001.v2.0.NDVI.tif,HLS-VI.S30.T51UXR.2018324T024001.v2.0.NDVI.tif,S30,T51UXR,2018-11-20,2018324,024001,EPSG:32651,600000.0,5490240.0,709800.0,5600040.0,True
/home/ec2-user/ndvi_sqs_work/inner_mongolia/raw/HLS-VI.S30.T51UXS.2018324T024001.v2.0.NDVI.tif,HLS-VI.S30.T51UXS.2018324T024001.v2.0.NDVI.tif,S30,T51UXS,2018-11-20,2018324,024001,EPSG:32651,600000.0,5590200.0,709800.0,5700000.0,True
/home/ec2-user/ndvi_sqs_work/inner_mongolia/raw/HLS-VI.S30.T51UYS.2018324T024001.v2.0.NDVI.tif,HLS-VI.S30.T51UYS.2018324T024001.v2.0.NDVI.tif,S30,T51UYS,2018-11-20,2018324,024001,EPSG:32651,699960.0,5590200.0,809760.0,5700000.0,True
/home/ec2-user/ndvi_sqs_work/inner_mongolia/raw/HLS-VI.S30.T48TVK.2018325T035041.v2.0.NDVI.tif,HLS-VI.S30.T48TVK.2018325T035041.v2.0.NDVI.tif,S30,T48TVK,2018-11-21,2018325,035041,EPSG:32648,399960.0,4390200.0,509760.0,4500000.0,True
/home/ec2-user/ndvi_sqs_work/inner_mongolia/raw/HLS-VI.S30.T48TVL.2018325T035041.v2.0.NDVI.tif,HLS-VI.S30.T48TVL.2018325T035041.v2.0.NDVI.tif,S30,T48TVL,2018-11-21,2018325,035041,EPSG:32648,399960.0,4490220.0,509760.0,4600020.0,True
/home/ec2-user/ndvi_sqs_work/inner_mongolia/raw/HLS-VI.S30.T48TVM.2018325T035041.v2.0.NDVI.tif,HLS-VI.S30.T48TVM.2018325T035041.v2.0.NDVI.tif,S30,T48TVM,2018-11-21,2018325,035041,EPSG:32648,399960.0,4590240.0,509760.0,4700040.0,True
/home/ec2-user/ndvi_sqs_work/inner_mongolia/raw/HLS-VI.S30.T48TWL.2018325T035041.v2.0.NDVI.tif,HLS-VI.S30.T48TWL.2018325T035041.v2.0.NDVI.tif,S30,T48TWL,2018-11-21,2018325,035041,EPSG:32648,499980.0,4490220.0,609780.0,4600020.0,True
/home/ec2-user/ndvi_sqs_work/inner_mongolia/raw/HLS-VI.S30.T48TWM.2018325T035041.v2.0.NDVI.tif,HLS-VI.S30.T48TWM.2018325T035041.v2.0.NDVI.tif,S30,T48TWM,2018-11-21,2018325,035041,EPSG:32648,499980.0,4590240.0,609780.0,4700040.0,True
/home/ec2-user/ndvi_sqs_work/inner_mongolia/raw/HLS-VI.S30.T48TXL.2018325T035041.v2.0.NDVI.tif,HLS-VI.S30.T48TXL.2018325T035041.v2.0.NDVI.tif,S30,T48TXL,2018-11-21,2018325,035041,EPSG:32648,600000.0,4490220.0,709800.0,4600020.0,True
/home/ec2-user/ndvi_sqs_work/inner_mongolia/raw/HLS-VI.S30.T48TXM.2018325T035041.v2.0.NDVI.tif,HLS-VI.S30.T48TXM.2018325T035041.v2.0.NDVI.tif,S30,T48TXM,2018-11-21,2018325,035041,EPSG:32648,600000.0,4590240.0,709800.0,4700040.0,True
/home/ec2-user/ndvi_sqs_work/inner_mongolia/raw/HLS-VI.S30.T48TXN.2018325T035041.v2.0.NDVI.tif,HLS-VI.S30.T48TXN.2018325T035041.v2.0.NDVI.tif,S30,T48TXN,2018-11-21,2018325,035041,EPSG:32648,600000.0,4690200.0,709800.0,4800000.0,True
/home/ec2-user/ndvi_sqs_work/inner_mongolia/raw/HLS-VI.S30.T48TYN.2018325T035041.v2.0.NDVI.tif,HLS-VI.S30.T48TYN.2018325T035041.v2.0.NDVI.tif,S30,T48TYN,2018-11-21,2018325,035041,EPSG:32648,699960.0,4690200.0,809760.0,4800000.0,True
/home/ec2-user/ndvi_sqs_work/inner_mongolia/raw/HLS-VI.S30.T50TQM.2018325T030019.v2.0.NDVI.tif,HLS-VI.S30.T50TQM.2018325T030019.v2.0.NDVI.tif,S30,T50TQM,2018-11-21,2018325,030019,EPSG:32650,699960.0,4590240.0,809760.0,4700040.0,True
/home/ec2-user/ndvi_sqs_work/inner_mongolia/raw/HLS-VI.S30.T50TQN.2018325T030019.v2.0.NDVI.tif,HLS-VI.S30.T50TQN.2018325T030019.v2.0.NDVI.tif,S30,T50TQN,2018-11-21,2018325,030019,EPSG:32650,699960.0,4690200.0,809760.0,4800000.0,True
/home/ec2-user/ndvi_sqs_work/inner_mongolia/raw/HLS-VI.S30.T50TQP.2018325T030019.v2.0.NDVI.tif,HLS-VI.S30.T50TQP.2018325T030019.v2.0.NDVI.tif,S30,T50TQP,2018-11-21,2018325,030019,EPSG:32650,699960.0,4790220.0,809760.0,4900020.0,True
/home/ec2-user/ndvi_sqs_work/inner_mongolia/raw/HLS-VI.S30.T51TTG.2018325T030019.v2.0.NDVI.tif,HLS-VI.S30.T51TTG.2018325T030019.v2.0.NDVI.tif,S30,T51TTG,2018-11-21,2018325,030019,EPSG:32651,199980.0,4590240.0,309780.0,4700040.0,True
/home/ec2-user/ndvi_sqs_work/inner_mongolia/raw/HLS-VI.S30.T51TUH.2018325T030019.v2.0.NDVI.tif,HLS-VI.S30.T51TUH.2018325T030019.v2.0.NDVI.tif,S30,T51TUH,2018-11-21,2018325,030019,EPSG:32651,300000.0,4690200.0,409800.0,4800000.0,True
/home/ec2-user/ndvi_sqs_work/inner_mongolia/raw/HLS-VI.S30.T51TUJ.2018325T030019.v2.0.NDVI.tif,HLS-VI.S30.T51TUJ.2018325T030019.v2.0.NDVI.tif,S30,T51TUJ,2018-11-21,2018325,030019,EPSG:32651,300000.0,4790220.0,409800.0,4900020.0,True
/home/ec2-user/ndvi_sqs_work/inner_mongolia/raw/HLS-VI.S30.T51UWP.2018325T030019.v2.0.NDVI.tif,HLS-VI.S30.T51UWP.2018325T030019.v2.0.NDVI.tif,S30,T51UWP,2018-11-21,2018325,030019,EPSG:32651,499980.0,5290200.0,609780.0,5400000.0,True
/home/ec2-user/ndvi_sqs_work/inner_mongolia/raw/HLS-VI.S30.T47TNG.2018326T041059.v2.0.NDVI.tif,HLS-VI.S30.T47TNG.2018326T041059.v2.0.NDVI.tif,S30,T47TNG,2018-11-22,2018326,041059,EPSG:32647,499980.0,4590240.0,609780.0,4700040.0,True
/home/ec2-user/ndvi_sqs_work/inner_mongolia/raw/HLS-VI.S30.T47TQE.2018326T041059.v2.0.NDVI.tif,HLS-VI.S30.T47TQE.2018326T041059.v2.0.NDVI.tif,S30,T47TQE,2018-11-22,2018326,041059,EPSG:32647,699960.0,4390200.0,809760.0,4500000.0,True
/home/ec2-user/ndvi_sqs_work/inner_mongolia/raw/HLS-VI.S30.T48STJ.2018326T041059.v2.0.NDVI.tif,HLS-VI.S30.T48STJ.2018326T041059.v2.0.NDVI.tif,S30,T48STJ,2018-11-22,2018326,041059,EPSG:32648,199980.0,4290240.0,309780.0,4400040.0,True
/home/ec2-user/ndvi_sqs_work/inner_mongolia/raw/HLS-VI.S30.T48TTK.2018326T041059.v2.0.NDVI.tif,HLS-VI.S30.T48TTK.2018326T041059.v2.0.NDVI.tif,S30,T48TTK,2018-11-22,2018326,041059,EPSG:32648,199980.0,4390200.0,309780.0,4500000.0,True
/home/ec2-user/ndvi_sqs_work/inner_mongolia/raw/HLS-VI.S30.T49TEE.2018326T032031.v2.0.NDVI.tif,HLS-VI.S30.T49TEE.2018326T032031.v2.0.NDVI.tif,S30,T49TEE,2018-11-22,2018326,032031,EPSG:32649,499980.0,4390200.0,609780.0,4500000.0,True
/home/ec2-user/ndvi_sqs_work/inner_mongolia/raw/HLS-VI.S30.T49TEG.2018326T032031.v2.0.NDVI.tif,HLS-VI.S30.T49TEG.2018326T032031.v2.0.NDVI.tif,S30,T49TEG,2018-11-22,2018326,032031,EPSG:32649,499980.0,4590240.0,609780.0,4700040.0,True
/home/ec2-user/ndvi_sqs_work/inner_mongolia/raw/HLS-VI.S30.T49TEH.2018326T032031.v2.0.NDVI.tif,HLS-VI.S30.T49TEH.2018326T032031.v2.0.NDVI.tif,S30,T49TEH,2018-11-22,2018326,032031,EPSG:32649,499980.0,4690200.0,609780.0,4800000.0,True
/home/ec2-user/ndvi_sqs_work/inner_mongolia/raw/HLS-VI.S30.T49TFE.2018326T032031.v2.0.NDVI.tif,HLS-VI.S30.T49TFE.2018326T032031.v2.0.NDVI.tif,S30,T49TFE,2018-11-22,2018326,032031,EPSG:32649,600000.0,4390200.0,709800.0,4500000.0,True
/home/ec2-user/ndvi_sqs_work/inner_mongolia/raw/HLS-VI.S30.T49TFG.2018326T032031.v2.0.NDVI.tif,HLS-VI.S30.T49TFG.2018326T032031.v2.0.NDVI.tif,S30,T49TFG,2018-11-22,2018326,032031,EPSG:32649,600000.0,4590240.0,709800.0,4700040.0,True
/home/ec2-user/ndvi_sqs_work/inner_mongolia/raw/HLS-VI.S30.T49TFH.2018326T032031.v2.0.NDVI.tif,HLS-VI.S30.T49TFH.2018326T032031.v2.0.NDVI.tif,S30,T49TFH,2018-11-22,2018326,032031,EPSG:32649,600000.0,4690200.0,709800.0,4800000.0,True
/home/ec2-user/ndvi_sqs_work/inner_mongolia/raw/HLS-VI.S30.T49TFK.2018326T032031.v2.0.NDVI.tif,HLS-VI.S30.T49TFK.2018326T032031.v2.0.NDVI.tif,S30,T49TFK,2018-11-22,2018326,032031,EPSG:32649,600000.0,4890240.0,709800.0,5000040.0,True
/home/ec2-user/ndvi_sqs_work/inner_mongolia/raw/HLS-VI.S30.T49TGE.2018326T032031.v2.0.NDVI.tif,HLS-VI.S30.T49TGE.2018326T032031.v2.0.NDVI.tif,S30,T49TGE,2018-11-22,2018326,032031,EPSG:32649,699960.0,4390200.0,809760.0,4500000.0,True
/home/ec2-user/ndvi_sqs_work/inner_mongolia/raw/HLS-VI.S30.T50TKK.2018326T032031.v2.0.NDVI.tif,HLS-VI.S30.T50TKK.2018326T032031.v2.0.NDVI.tif,S30,T50TKK,2018-11-22,2018326,032031,EPSG:32650,199980.0,4390200.0,309780.0,4500000.0,True
/home/ec2-user/ndvi_sqs_work/inner_mongolia/raw/HLS-VI.S30.T50TLR.2018326T032031.v2.0.NDVI.tif,HLS-VI.S30.T50TLR.2018326T032031.v2.0.NDVI.tif,S30,T50TLR,2018-11-22,2018326,032031,EPSG:32650,300000.0,4990200.0,409800.0,5100000.0,True
/home/ec2-user/ndvi_sqs_work/inner_mongolia/raw/HLS-VI.S30.T48TXK.2018327T034049.v2.0.NDVI.tif,HLS-VI.S30.T48TXK.2018327T034049.v2.0.NDVI.tif,S30,T48TXK,2018-11-23,2018327,034049,EPSG:32648,600000.0,4390200.0,709800.0,4500000.0,True
/home/ec2-user/ndvi_sqs_work/inner_mongolia/raw/HLS-VI.S30.T48TXL.2018327T034049.v2.0.NDVI.tif,HLS-VI.S30.T48TXL.2018327T034049.v2.0.NDVI.tif,S30,T48TXL,2018-11-23,2018327,034049,EPSG:32648,600000.0,4490220.0,709800.0,4600020.0,True
/home/ec2-user/ndvi_sqs_work/inner_mongolia/raw/HLS-VI.S30.T48TXM.2018327T034049.v2.0.NDVI.tif,HLS-VI.S30.T48TXM.2018327T034049.v2.0.NDVI.tif,S30,T48TXM,2018-11-23,2018327,034049,EPSG:32648,600000.0,4590240.0,709800.0,4700040.0,True
/home/ec2-user/ndvi_sqs_work/inner_mongolia/raw/HLS-VI.S30.T48TXN.2018327T034049.v2.0.NDVI.tif,HLS-VI.S30.T48TXN.2018327T034049.v2.0.NDVI.tif,S30,T48TXN,2018-11-23,2018327,034049,EPSG:32648,600000.0,4690200.0,709800.0,4800000.0,True
/home/ec2-user/ndvi_sqs_work/inner_mongolia/raw/HLS-VI.S30.T48TYL.2018327T034049.v2.0.NDVI.tif,HLS-VI.S30.T48TYL.2018327T034049.v2.0.NDVI.tif,S30,T48TYL,2018-11-23,2018327,034049,EPSG:32648,699960.0,4490220.0,809760.0,4600020.0,True
/home/ec2-user/ndvi_sqs_work/inner_mongolia/raw/HLS-VI.S30.T48TYM.2018327T034049.v2.0.NDVI.tif,HLS-VI.S30.T48TYM.2018327T034049.v2.0.NDVI.tif,S30,T48TYM,2018-11-23,2018327,034049,EPSG:32648,699960.0,4590240.0,809760.0,4700040.0,True
/home/ec2-user/ndvi_sqs_work/inner_mongolia/raw/HLS-VI.S30.T48TYN.2018327T034049.v2.0.NDVI.tif,HLS-VI.S30.T48TYN.2018327T034049.v2.0.NDVI.tif,S30,T48TYN,2018-11-23,2018327,034049,EPSG:32648,699960.0,4690200.0,809760.0,4800000.0,True
/home/ec2-user/ndvi_sqs_work/inner_mongolia/raw/HLS-VI.S30.T49SCB.2018327T034049.v2.0.NDVI.tif,HLS-VI.S30.T49SCB.2018327T034049.v2.0.NDVI.tif,S30,T49SCB,2018-11-23,2018327,034049,EPSG:32649,300000.0,4090200.0,409800.0,4200000.0,True
/home/ec2-user/ndvi_sqs_work/inner_mongolia/raw/HLS-VI.S30.T49SCC.2018327T034049.v2.0.NDVI.tif,HLS-VI.S30.T49SCC.2018327T034049.v2.0.NDVI.tif,S30,T49SCC,2018-11-23,2018327,034049,EPSG:32649,300000.0,4190220.0,409800.0,4300020.0,True
/home/ec2-user/ndvi_sqs_work/inner_mongolia/raw/HLS-VI.S30.T49TBF.2018327T034049.v2.0.NDVI.tif,HLS-VI.S30.T49TBF.2018327T034049.v2.0.NDVI.tif,S30,T49TBF,2018-11-23,2018327,034049,EPSG:32649,199980.0,4490220.0,309780.0,4600020.0,True
/home/ec2-user/ndvi_sqs_work/inner_mongolia/raw/HLS-VI.S30.T49TBG.2018327T034049.v2.0.NDVI.tif,HLS-VI.S30.T49TBG.2018327T034049.v2.0.NDVI.tif,S30,T49TBG,2018-11-23,2018327,034049,EPSG:32649,199980.0,4590240.0,309780.0,4700040.0,True
/home/ec2-user/ndvi_sqs_work/inner_mongolia/raw/HLS-VI.S30.T49TCE.2018327T034049.v2.0.NDVI.tif,HLS-VI.S30.T49TCE.2018327T034049.v2.0.NDVI.tif,S30,T49TCE,2018-11-23,2018327,034049,EPSG:32649,300000.0,4390200.0,409800.0,4500000.0,True
/home/ec2-user/ndvi_sqs_work/inner_mongolia/raw/HLS-VI.S30.T49TCF.2018327T034049.v2.0.NDVI.tif,HLS-VI.S30.T49TCF.2018327T034049.v2.0.NDVI.tif,S30,T49TCF,2018-11-23,2018327,034049,EPSG:32649,300000.0,4490220.0,409800.0,4600020.0,True
/home/ec2-user/ndvi_sqs_work/inner_mongolia/raw/HLS-VI.S30.T49TCG.2018327T034049.v2.0.NDVI.tif,HLS-VI.S30.T49TCG.2018327T034049.v2.0.NDVI.tif,S30,T49TCG,2018-11-23,2018327,034049,EPSG:32649,300000.0,4590240.0,409800.0,4700040.0,True
/home/ec2-user/ndvi_sqs_work/inner_mongolia/raw/HLS-VI.S30.T49TCH.2018327T034049.v2.0.NDVI.tif,HLS-VI.S30.T49TCH.2018327T034049.v2.0.NDVI.tif,S30,T49TCH,2018-11-23,2018327,034049,EPSG:32649,300000.0,4690200.0,409800.0,4800000.0,True
/home/ec2-user/ndvi_sqs_work/inner_mongolia/raw/HLS-VI.S30.T49TDF.2018327T034049.v2.0.NDVI.tif,HLS-VI.S30.T49TDF.2018327T034049.v2.0.NDVI.tif,S30,T49TDF,2018-11-23,2018327,034049,EPSG:32649,399960.0,4490220.0,509760.0,4600020.0,True
/home/ec2-user/ndvi_sqs_work/inner_mongolia/raw/HLS-VI.S30.T49TDG.2018327T034049.v2.0.NDVI.tif,HLS-VI.S30.T49TDG.2018327T034049.v2.0.NDVI.tif,S30,T49TDG,2018-11-23,2018327,034049,EPSG:32649,399960.0,4590240.0,509760.0,4700040.0,True
/home/ec2-user/ndvi_sqs_work/inner_mongolia/raw/HLS-VI.S30.T49TDJ.2018327T034049.v2.0.NDVI.tif,HLS-VI.S30.T49TDJ.2018327T034049.v2.0.NDVI.tif,S30,T49TDJ,2018-11-23,2018327,034049,EPSG:32649,399960.0,4790220.0,509760.0,4900020.0,True
/home/ec2-user/ndvi_sqs_work/inner_mongolia/raw/HLS-VI.S30.T50TQQ.2018327T025021.v2.0.NDVI.tif,HLS-VI.S30.T50TQQ.2018327T025021.v2.0.NDVI.tif,S30,T50TQQ,2018-11-23,2018327,025021,EPSG:32650,699960.0,4890240.0,809760.0,5000040.0,True
/home/ec2-user/ndvi_sqs_work/inner_mongolia/raw/HLS-VI.S30.T51TUJ.2018327T025021.v2.0.NDVI.tif,HLS-VI.S30.T51TUJ.2018327T025021.v2.0.NDVI.tif,S30,T51TUJ,2018-11-23,2018327,025021,EPSG:32651,300000.0,4790220.0,409800.0,4900020.0,True
/home/ec2-user/ndvi_sqs_work/inner_mongolia/raw/HLS-VI.S30.T51UYS.2018327T025021.v2.0.NDVI.tif,HLS-VI.S30.T51UYS.2018327T025021.v2.0.NDVI.tif,S30,T51UYS,2018-11-23,2018327,025021,EPSG:32651,699960.0,5590200.0,809760.0,5700000.0,True
/home/ec2-user/ndvi_sqs_work/inner_mongolia/raw/HLS-VI.S30.T47SPD.2018328T040051.v2.0.NDVI.tif,HLS-VI.S30.T47SPD.2018328T040051.v2.0.NDVI.tif,S30,T47SPD,2018-11-24,2018328,040051,EPSG:32647,600000.0,4290240.0,709800.0,4400040.0,True
/home/ec2-user/ndvi_sqs_work/inner_mongolia/raw/HLS-VI.S30.T47TPE.2018328T040051.v2.0.NDVI.tif,HLS-VI.S30.T47TPE.2018328T040051.v2.0.NDVI.tif,S30,T47TPE,2018-11-24,2018328,040051,EPSG:32647,600000.0,4390200.0,709800.0,4500000.0,True
/home/ec2-user/ndvi_sqs_work/inner_mongolia/raw/HLS-VI.S30.T47TQH.2018328T040051.v2.0.NDVI.tif,HLS-VI.S30.T47TQH.2018328T040051.v2.0.NDVI.tif,S30,T47TQH,2018-11-24,2018328,040051,EPSG:32647,699960.0,4690200.0,809760.0,4800000.0,True
/home/ec2-user/ndvi_sqs_work/inner_mongolia/raw/HLS-VI.S30.T48TUM.2018328T040051.v2.0.NDVI.tif,HLS-VI.S30.T48TUM.2018328T040051.v2.0.NDVI.tif,S30,T48TUM,2018-11-24,2018328,040051,EPSG:32648,300000.0,4590240.0,409800.0,4700040.0,True
/home/ec2-user/ndvi_sqs_work/inner_mongolia/raw/HLS-VI.S30.T48TVM.2018328T040051.v2.0.NDVI.tif,HLS-VI.S30.T48TVM.2018328T040051.v2.0.NDVI.tif,S30,T48TVM,2018-11-24,2018328,040051,EPSG:32648,399960.0,4590240.0,509760.0,4700040.0,True
/home/ec2-user/ndvi_sqs_work/inner_mongolia/raw/HLS-VI.S30.T50TLM.2018328T031039.v2.0.NDVI.tif,HLS-VI.S30.T50TLM.2018328T031039.v2.0.NDVI.tif,S30,T50TLM,2018-11-24,2018328,031039,EPSG:32650,300000.0,4590240.0,409800.0,4700040.0,True
/home/ec2-user/ndvi_sqs_work/inner_mongolia/raw/HLS-VI.S30.T50TMM.2018328T031039.v2.0.NDVI.tif,HLS-VI.S30.T50TMM.2018328T031039.v2.0.NDVI.tif,S30,T50TMM,2018-11-24,2018328,031039,EPSG:32650,399960.0,4590240.0,509760.0,4700040.0,True
/home/ec2-user/ndvi_sqs_work/inner_mongolia/raw/HLS-VI.S30.T50TMP.2018328T031039.v2.0.NDVI.tif,HLS-VI.S30.T50TMP.2018328T031039.v2.0.NDVI.tif,S30,T50TMP,2018-11-24,2018328,031039,EPSG:32650,399960.0,4790220.0,509760.0,4900020.0,True
/home/ec2-user/ndvi_sqs_work/inner_mongolia/raw/HLS-VI.S30.T50TNP.2018328T031039.v2.0.NDVI.tif,HLS-VI.S30.T50TNP.2018328T031039.v2.0.NDVI.tif,S30,T50TNP,2018-11-24,2018328,031039,EPSG:32650,499980.0,4790220.0,609780.0,4900020.0,True
/home/ec2-user/ndvi_sqs_work/inner_mongolia/raw/HLS-VI.S30.T49SCB.2018329T033051.v2.0.NDVI.tif,HLS-VI.S30.T49SCB.2018329T033051.v2.0.NDVI.tif,S30,T49SCB,2018-11-25,2018329,033051,EPSG:32649,300000.0,4090200.0,409800.0,4200000.0,True
/home/ec2-user/ndvi_sqs_work/inner_mongolia/raw/HLS-VI.S30.T49SDC.2018329T033051.v2.0.NDVI.tif,HLS-VI.S30.T49SDC.2018329T033051.v2.0.NDVI.tif,S30,T49SDC,2018-11-25,2018329,033051,EPSG:32649,399960.0,4190220.0,509760.0,4300020.0,True
/home/ec2-user/ndvi_sqs_work/inner_mongolia/raw/HLS-VI.S30.T49SDD.2018329T033051.v2.0.NDVI.tif,HLS-VI.S30.T49SDD.2018329T033051.v2.0.NDVI.tif,S30,T49SDD,2018-11-25,2018329,033051,EPSG:32649,399960.0,4290240.0,509760.0,4400040.0,True
/home/ec2-user/ndvi_sqs_work/inner_mongolia/raw/HLS-VI.S30.T49SED.2018329T033051.v2.0.NDVI.tif,HLS-VI.S30.T49SED.2018329T033051.v2.0.NDVI.tif,S30,T49SED,2018-11-25,2018329,033051,EPSG:32649,499980.0,4290240.0,609780.0,4400040.0,True
/home/ec2-user/ndvi_sqs_work/inner_mongolia/raw/HLS-VI.S30.T49TCE.2018329T033051.v2.0.NDVI.tif,HLS-VI.S30.T49TCE.2018329T033051.v2.0.NDVI.tif,S30,T49TCE,2018-11-25,2018329,033051,EPSG:32649,300000.0,4390200.0,409800.0,4500000.0,True
/home/ec2-user/ndvi_sqs_work/inner_mongolia/raw/HLS-VI.S30.T49TCF.2018329T033051.v2.0.NDVI.tif,HLS-VI.S30.T49TCF.2018329T033051.v2.0.NDVI.tif,S30,T49TCF,2018-11-25,2018329,033051,EPSG:32649,300000.0,4490220.0,409800.0,4600020.0,True
/home/ec2-user/ndvi_sqs_work/inner_mongolia/raw/HLS-VI.S30.T49TCH.2018329T033051.v2.0.NDVI.tif,HLS-VI.S30.T49TCH.2018329T033051.v2.0.NDVI.tif,S30,T49TCH,2018-11-25,2018329,033051,EPSG:32649,300000.0,4690200.0,409800.0,4800000.0,True
/home/ec2-user/ndvi_sqs_work/inner_mongolia/raw/HLS-VI.S30.T49TDE.2018329T033051.v2.0.NDVI.tif,HLS-VI.S30.T49TDE.2018329T033051.v2.0.NDVI.tif,S30,T49TDE,2018-11-25,2018329,033051,EPSG:32649,399960.0,4390200.0,509760.0,4500000.0,True
/home/ec2-user/ndvi_sqs_work/inner_mongolia/raw/HLS-VI.S30.T49TDH.2018329T033051.v2.0.NDVI.tif,HLS-VI.S30.T49TDH.2018329T033051.v2.0.NDVI.tif,S30,T49TDH,2018-11-25,2018329,033051,EPSG:32649,399960.0,4690200.0,509760.0,4800000.0,True
/home/ec2-user/ndvi_sqs_work/inner_mongolia/raw/HLS-VI.S30.T49TDJ.2018329T033051.v2.0.NDVI.tif,HLS-VI.S30.T49TDJ.2018329T033051.v2.0.NDVI.tif,S30,T49TDJ,2018-11-25,2018329,033051,EPSG:32649,399960.0,4790220.0,509760.0,4900020.0,True
/home/ec2-user/ndvi_sqs_work/inner_mongolia/raw/HLS-VI.S30.T49TEE.2018329T033051.v2.0.NDVI.tif,HLS-VI.S30.T49TEE.2018329T033051.v2.0.NDVI.tif,S30,T49TEE,2018-11-25,2018329,033051,EPSG:32649,499980.0,4390200.0,609780.0,4500000.0,True
/home/ec2-user/ndvi_sqs_work/inner_mongolia/raw/HLS-VI.S30.T49TEJ.2018329T033051.v2.0.NDVI.tif,HLS-VI.S30.T49TEJ.2018329T033051.v2.0.NDVI.tif,S30,T49TEJ,2018-11-25,2018329,033051,EPSG:32649,499980.0,4790220.0,609780.0,4900020.0,True
/home/ec2-user/ndvi_sqs_work/inner_mongolia/raw/HLS-VI.S30.T49TEK.2018329T033051.v2.0.NDVI.tif,HLS-VI.S30.T49TEK.2018329T033051.v2.0.NDVI.tif,S30,T49TEK,2018-11-25,2018329,033051,EPSG:32649,499980.0,4890240.0,609780.0,5000040.0,True
/home/ec2-user/ndvi_sqs_work/inner_mongolia/raw/HLS-VI.S30.T49TFG.2018329T033051.v2.0.NDVI.tif,HLS-VI.S30.T49TFG.2018329T033051.v2.0.NDVI.tif,S30,T49TFG,2018-11-25,2018329,033051,EPSG:32649,600000.0,4590240.0,709800.0,4700040.0,True
/home/ec2-user/ndvi_sqs_work/inner_mongolia/raw/HLS-VI.S30.T49TFK.2018329T033051.v2.0.NDVI.tif,HLS-VI.S30.T49TFK.2018329T033051.v2.0.NDVI.tif,S30,T49TFK,2018-11-25,2018329,033051,EPSG:32649,600000.0,4890240.0,709800.0,5000040.0,True
/home/ec2-user/ndvi_sqs_work/inner_mongolia/raw/HLS-VI.S30.T51UXP.2018329T024029.v2.0.NDVI.tif,HLS-VI.S30.T51UXP.2018329T024029.v2.0.NDVI.tif,S30,T51UXP,2018-11-25,2018329,024029,EPSG:32651,600000.0,5290200.0,709800.0,5400000.0,True
/home/ec2-user/ndvi_sqs_work/inner_mongolia/raw/HLS-VI.S30.T51UYS.2018329T024029.v2.0.NDVI.tif,HLS-VI.S30.T51UYS.2018329T024029.v2.0.NDVI.tif,S30,T51UYS,2018-11-25,2018329,024029,EPSG:32651,699960.0,5590200.0,809760.0,5700000.0,True
/home/ec2-user/ndvi_sqs_work/inner_mongolia/raw/HLS-VI.S30.T48TVK.2018330T035059.v2.0.NDVI.tif,HLS-VI.S30.T48TVK.2018330T035059.v2.0.NDVI.tif,S30,T48TVK,2018-11-26,2018330,035059,EPSG:32648,399960.0,4390200.0,509760.0,4500000.0,True
/home/ec2-user/ndvi_sqs_work/inner_mongolia/raw/HLS-VI.S30.T48TVL.2018330T035059.v2.0.NDVI.tif,HLS-VI.S30.T48TVL.2018330T035059.v2.0.NDVI.tif,S30,T48TVL,2018-11-26,2018330,035059,EPSG:32648,399960.0,4490220.0,509760.0,4600020.0,True
/home/ec2-user/ndvi_sqs_work/inner_mongolia/raw/HLS-VI.S30.T48TVM.2018330T035059.v2.0.NDVI.tif,HLS-VI.S30.T48TVM.2018330T035059.v2.0.NDVI.tif,S30,T48TVM,2018-11-26,2018330,035059,EPSG:32648,399960.0,4590240.0,509760.0,4700040.0,True
/home/ec2-user/ndvi_sqs_work/inner_mongolia/raw/HLS-VI.S30.T48TWL.2018330T035059.v2.0.NDVI.tif,HLS-VI.S30.T48TWL.2018330T035059.v2.0.NDVI.tif,S30,T48TWL,2018-11-26,2018330,035059,EPSG:32648,499980.0,4490220.0,609780.0,4600020.0,True
/home/ec2-user/ndvi_sqs_work/inner_mongolia/raw/HLS-VI.S30.T48TWM.2018330T035059.v2.0.NDVI.tif,HLS-VI.S30.T48TWM.2018330T035059.v2.0.NDVI.tif,S30,T48TWM,2018-11-26,2018330,035059,EPSG:32648,499980.0,4590240.0,609780.0,4700040.0,True
/home/ec2-user/ndvi_sqs_work/inner_mongolia/raw/HLS-VI.S30.T48TXL.2018330T035059.v2.0.NDVI.tif,HLS-VI.S30.T48TXL.2018330T035059.v2.0.NDVI.tif,S30,T48TXL,2018-11-26,2018330,035059,EPSG:32648,600000.0,4490220.0,709800.0,4600020.0,True
/home/ec2-user/ndvi_sqs_work/inner_mongolia/raw/HLS-VI.S30.T48TXM.2018330T035059.v2.0.NDVI.tif,HLS-VI.S30.T48TXM.2018330T035059.v2.0.NDVI.tif,S30,T48TXM,2018-11-26,2018330,035059,EPSG:32648,600000.0,4590240.0,709800.0,4700040.0,True
/home/ec2-user/ndvi_sqs_work/inner_mongolia/raw/HLS-VI.S30.T48TYM.2018330T035059.v2.0.NDVI.tif,HLS-VI.S30.T48TYM.2018330T035059.v2.0.NDVI.tif,S30,T48TYM,2018-11-26,2018330,035059,EPSG:32648,699960.0,4590240.0,809760.0,4700040.0,True
/home/ec2-user/ndvi_sqs_work/inner_mongolia/raw/HLS-VI.S30.T49TBG.2018330T035059.v2.0.NDVI.tif,HLS-VI.S30.T49TBG.2018330T035059.v2.0.NDVI.tif,S30,T49TBG,2018-11-26,2018330,035059,EPSG:32649,199980.0,4590240.0,309780.0,4700040.0,True
/home/ec2-user/ndvi_sqs_work/inner_mongolia/raw/HLS-VI.S30.T47TQE.2018331T041111.v2.0.NDVI.tif,HLS-VI.S30.T47TQE.2018331T041111.v2.0.NDVI.tif,S30,T47TQE,2018-11-27,2018331,041111,EPSG:32647,699960.0,4390200.0,809760.0,4500000.0,True
/home/ec2-user/ndvi_sqs_work/inner_mongolia/raw/HLS-VI.S30.T49TEE.2018331T032049.v2.0.NDVI.tif,HLS-VI.S30.T49TEE.2018331T032049.v2.0.NDVI.tif,S30,T49TEE,2018-11-27,2018331,032049,EPSG:32649,499980.0,4390200.0,609780.0,4500000.0,True
/home/ec2-user/ndvi_sqs_work/inner_mongolia/raw/HLS-VI.S30.T49TEG.2018331T032049.v2.0.NDVI.tif,HLS-VI.S30.T49TEG.2018331T032049.v2.0.NDVI.tif,S30,T49TEG,2018-11-27,2018331,032049,EPSG:32649,499980.0,4590240.0,609780.0,4700040.0,True
/home/ec2-user/ndvi_sqs_work/inner_mongolia/raw/HLS-VI.S30.T49TEH.2018331T032049.v2.0.NDVI.tif,HLS-VI.S30.T49TEH.2018331T032049.v2.0.NDVI.tif,S30,T49TEH,2018-11-27,2018331,032049,EPSG:32649,499980.0,4690200.0,609780.0,4800000.0,True
/home/ec2-user/ndvi_sqs_work/inner_mongolia/raw/HLS-VI.S30.T49TFE.2018331T032049.v2.0.NDVI.tif,HLS-VI.S30.T49TFE.2018331T032049.v2.0.NDVI.tif,S30,T49TFE,2018-11-27,2018331,032049,EPSG:32649,600000.0,4390200.0,709800.0,4500000.0,True
/home/ec2-user/ndvi_sqs_work/inner_mongolia/raw/HLS-VI.S30.T49TFG.2018331T032049.v2.0.NDVI.tif,HLS-VI.S30.T49TFG.2018331T032049.v2.0.NDVI.tif,S30,T49TFG,2018-11-27,2018331,032049,EPSG:32649,600000.0,4590240.0,709800.0,4700040.0,True
/home/ec2-user/ndvi_sqs_work/inner_mongolia/raw/HLS-VI.S30.T49TFH.2018331T032049.v2.0.NDVI.tif,HLS-VI.S30.T49TFH.2018331T032049.v2.0.NDVI.tif,S30,T49TFH,2018-11-27,2018331,032049,EPSG:32649,600000.0,4690200.0,709800.0,4800000.0,True
/home/ec2-user/ndvi_sqs_work/inner_mongolia/raw/HLS-VI.S30.T49TFK.2018331T032049.v2.0.NDVI.tif,HLS-VI.S30.T49TFK.2018331T032049.v2.0.NDVI.tif,S30,T49TFK,2018-11-27,2018331,032049,EPSG:32649,600000.0,4890240.0,709800.0,5000040.0,True
/home/ec2-user/ndvi_sqs_work/inner_mongolia/raw/HLS-VI.S30.T49TGE.2018331T032049.v2.0.NDVI.tif,HLS-VI.S30.T49TGE.2018331T032049.v2.0.NDVI.tif,S30,T49TGE,2018-11-27,2018331,032049,EPSG:32649,699960.0,4390200.0,809760.0,4500000.0,True
/home/ec2-user/ndvi_sqs_work/inner_mongolia/raw/HLS-VI.S30.T50TKK.2018331T032049.v2.0.NDVI.tif,HLS-VI.S30.T50TKK.2018331T032049.v2.0.NDVI.tif,S30,T50TKK,2018-11-27,2018331,032049,EPSG:32650,199980.0,4390200.0,309780.0,4500000.0,True
/home/ec2-user/ndvi_sqs_work/inner_mongolia/raw/HLS-VI.S30.T51TUM.2018332T025039.v2.0.NDVI.tif,HLS-VI.S30.T51TUM.2018332T025039.v2.0.NDVI.tif,S30,T51TUM,2018-11-28,2018332,025039,EPSG:32651,300000.0,5090220.0,409800.0,5200020.0,True
/home/ec2-user/ndvi_sqs_work/inner_mongolia/raw/HLS-VI.S30.T51TVN.2018332T025039.v2.0.NDVI.tif,HLS-VI.S30.T51TVN.2018332T025039.v2.0.NDVI.tif,S30,T51TVN,2018-11-28,2018332,025039,EPSG:32651,399960.0,5190240.0,509760.0,5300040.0,True
/home/ec2-user/ndvi_sqs_work/inner_mongolia/raw/HLS-VI.S30.T51TWN.2018332T025039.v2.0.NDVI.tif,HLS-VI.S30.T51TWN.2018332T025039.v2.0.NDVI.tif,S30,T51TWN,2018-11-28,2018332,025039,EPSG:32651,499980.0,5190240.0,609780.0,5300040.0,True
/home/ec2-user/ndvi_sqs_work/inner_mongolia/raw/HLS-VI.S30.T47SPD.2018333T040119.v2.0.NDVI.tif,HLS-VI.S30.T47SPD.2018333T040119.v2.0.NDVI.tif,S30,T47SPD,2018-11-29,2018333,040119,EPSG:32647,600000.0,4290240.0,709800.0,4400040.0,True
/home/ec2-user/ndvi_sqs_work/inner_mongolia/raw/HLS-VI.S30.T47TPE.2018333T040119.v2.0.NDVI.tif,HLS-VI.S30.T47TPE.2018333T040119.v2.0.NDVI.tif,S30,T47TPE,2018-11-29,2018333,040119,EPSG:32647,600000.0,4390200.0,709800.0,4500000.0,True
/home/ec2-user/ndvi_sqs_work/inner_mongolia/raw/HLS-VI.S30.T47TQE.2018333T040119.v2.0.NDVI.tif,HLS-VI.S30.T47TQE.2018333T040119.v2.0.NDVI.tif,S30,T47TQE,2018-11-29,2018333,040119,EPSG:32647,699960.0,4390200.0,809760.0,4500000.0,True
/home/ec2-user/ndvi_sqs_work/inner_mongolia/raw/HLS-VI.S30.T48TTK.2018333T040119.v2.0.NDVI.tif,HLS-VI.S30.T48TTK.2018333T040119.v2.0.NDVI.tif,S30,T48TTK,2018-11-29,2018333,040119,EPSG:32648,199980.0,4390200.0,309780.0,4500000.0,True
/home/ec2-user/ndvi_sqs_work/inner_mongolia/raw/HLS-VI.S30.T48TUK.2018333T040119.v2.0.NDVI.tif,HLS-VI.S30.T48TUK.2018333T040119.v2.0.NDVI.tif,S30,T48TUK,2018-11-29,2018333,040119,EPSG:32648,300000.0,4390200.0,409800.0,4500000.0,True
/home/ec2-user/ndvi_sqs_work/inner_mongolia/raw/HLS-VI.S30.T48TVK.2018333T040119.v2.0.NDVI.tif,HLS-VI.S30.T48TVK.2018333T040119.v2.0.NDVI.tif,S30,T48TVK,2018-11-29,2018333,040119,EPSG:32648,399960.0,4390200.0,509760.0,4500000.0,True
/home/ec2-user/ndvi_sqs_work/inner_mongolia/raw/HLS-VI.S30.T48TVL.2018333T040119.v2.0.NDVI.tif,HLS-VI.S30.T48TVL.2018333T040119.v2.0.NDVI.tif,S30,T48TVL,2018-11-29,2018333,040119,EPSG:32648,399960.0,4490220.0,509760.0,4600020.0,True
/home/ec2-user/ndvi_sqs_work/inner_mongolia/raw/HLS-VI.S30.T48TVM.2018333T040119.v2.0.NDVI.tif,HLS-VI.S30.T48TVM.2018333T040119.v2.0.NDVI.tif,S30,T48TVM,2018-11-29,2018333,040119,EPSG:32648,399960.0,4590240.0,509760.0,4700040.0,True
/home/ec2-user/ndvi_sqs_work/inner_mongolia/raw/HLS-VI.S30.T48TWM.2018333T040119.v2.0.NDVI.tif,HLS-VI.S30.T48TWM.2018333T040119.v2.0.NDVI.tif,S30,T48TWM,2018-11-29,2018333,040119,EPSG:32648,499980.0,4590240.0,609780.0,4700040.0,True
/home/ec2-user/ndvi_sqs_work/inner_mongolia/raw/HLS-VI.S30.T49TGE.2018333T031051.v2.0.NDVI.tif,HLS-VI.S30.T49TGE.2018333T031051.v2.0.NDVI.tif,S30,T49TGE,2018-11-29,2018333,031051,EPSG:32649,699960.0,4390200.0,809760.0,4500000.0,True
/home/ec2-user/ndvi_sqs_work/inner_mongolia/raw/HLS-VI.S30.T50TKK.2018333T031051.v2.0.NDVI.tif,HLS-VI.S30.T50TKK.2018333T031051.v2.0.NDVI.tif,S30,T50TKK,2018-11-29,2018333,031051,EPSG:32650,199980.0,4390200.0,309780.0,4500000.0,True
/home/ec2-user/ndvi_sqs_work/inner_mongolia/raw/HLS-VI.S30.T50TLQ.2018333T031051.v2.0.NDVI.tif,HLS-VI.S30.T50TLQ.2018333T031051.v2.0.NDVI.tif,S30,T50TLQ,2018-11-29,2018333,031051,EPSG:32650,300000.0,4890240.0,409800.0,5000040.0,True
/home/ec2-user/ndvi_sqs_work/inner_mongolia/raw/HLS-VI.S30.T50TMM.2018333T031051.v2.0.NDVI.tif,HLS-VI.S30.T50TMM.2018333T031051.v2.0.NDVI.tif,S30,T50TMM,2018-11-29,2018333,031051,EPSG:32650,399960.0,4590240.0,509760.0,4700040.0,True
/home/ec2-user/ndvi_sqs_work/inner_mongolia/raw/HLS-VI.S30.T50TMP.2018333T031051.v2.0.NDVI.tif,HLS-VI.S30.T50TMP.2018333T031051.v2.0.NDVI.tif,S30,T50TMP,2018-11-29,2018333,031051,EPSG:32650,399960.0,4790220.0,509760.0,4900020.0,True
/home/ec2-user/ndvi_sqs_work/inner_mongolia/raw/HLS-VI.S30.T47TLF.2018334T042121.v2.0.NDVI.tif,HLS-VI.S30.T47TLF.2018334T042121.v2.0.NDVI.tif,S30,T47TLF,2018-11-30,2018334,042121,EPSG:32647,300000.0,4490220.0,409800.0,4600020.0,True
/home/ec2-user/ndvi_sqs_work/inner_mongolia/raw/HLS-VI.S30.T47TLG.2018334T042121.v2.0.NDVI.tif,HLS-VI.S30.T47TLG.2018334T042121.v2.0.NDVI.tif,S30,T47TLG,2018-11-30,2018334,042121,EPSG:32647,300000.0,4590240.0,409800.0,4700040.0,True
/home/ec2-user/ndvi_sqs_work/inner_mongolia/raw/HLS-VI.S30.T47TLH.2018334T042121.v2.0.NDVI.tif,HLS-VI.S30.T47TLH.2018334T042121.v2.0.NDVI.tif,S30,T47TLH,2018-11-30,2018334,042121,EPSG:32647,300000.0,4690200.0,409800.0,4800000.0,True
/home/ec2-user/ndvi_sqs_work/inner_mongolia/raw/HLS-VI.S30.T47TMG.2018334T042121.v2.0.NDVI.tif,HLS-VI.S30.T47TMG.2018334T042121.v2.0.NDVI.tif,S30,T47TMG,2018-11-30,2018334,042121,EPSG:32647,399960.0,4590240.0,509760.0,4700040.0,True
/home/ec2-user/ndvi_sqs_work/inner_mongolia/raw/HLS-VI.S30.T47TMH.2018334T042121.v2.0.NDVI.tif,HLS-VI.S30.T47TMH.2018334T042121.v2.0.NDVI.tif,S30,T47TMH,2018-11-30,2018334,042121,EPSG:32647,399960.0,4690200.0,509760.0,4800000.0,True
/home/ec2-user/ndvi_sqs_work/inner_mongolia/raw/HLS-VI.S30.T47TNG.2018334T042121.v2.0.NDVI.tif,HLS-VI.S30.T47TNG.2018334T042121.v2.0.NDVI.tif,S30,T47TNG,2018-11-30,2018334,042121,EPSG:32647,499980.0,4590240.0,609780.0,4700040.0,True
/home/ec2-user/ndvi_sqs_work/inner_mongolia/raw/HLS-VI.S30.T47TNH.2018334T042121.v2.0.NDVI.tif,HLS-VI.S30.T47TNH.2018334T042121.v2.0.NDVI.tif,S30,T47TNH,2018-11-30,2018334,042121,EPSG:32647,499980.0,4690200.0,609780.0,4800000.0,True
/home/ec2-user/ndvi_sqs_work/inner_mongolia/raw/HLS-VI.S30.T49TCH.2018334T033109.v2.0.NDVI.tif,HLS-VI.S30.T49TCH.2018334T033109.v2.0.NDVI.tif,S30,T49TCH,2018-11-30,2018334,033109,EPSG:32649,300000.0,4690200.0,409800.0,4800000.0,True
/home/ec2-user/ndvi_sqs_work/inner_mongolia/raw/HLS-VI.S30.T49TDE.2018334T033109.v2.0.NDVI.tif,HLS-VI.S30.T49TDE.2018334T033109.v2.0.NDVI.tif,S30,T49TDE,2018-11-30,2018334,033109,EPSG:32649,399960.0,4390200.0,509760.0,4500000.0,True
/home/ec2-user/ndvi_sqs_work/inner_mongolia/raw/HLS-VI.S30.T49TDF.2018334T033109.v2.0.NDVI.tif,HLS-VI.S30.T49TDF.2018334T033109.v2.0.NDVI.tif,S30,T49TDF,2018-11-30,2018334,033109,EPSG:32649,399960.0,4490220.0,509760.0,4600020.0,True
/home/ec2-user/ndvi_sqs_work/inner_mongolia/raw/HLS-VI.S30.T49TDG.2018334T033109.v2.0.NDVI.tif,HLS-VI.S30.T49TDG.2018334T033109.v2.0.NDVI.tif,S30,T49TDG,2018-11-30,2018334,033109,EPSG:32649,399960.0,4590240.0,509760.0,4700040.0,True
/home/ec2-user/ndvi_sqs_work/inner_mongolia/raw/HLS-VI.S30.T49TDH.2018334T033109.v2.0.NDVI.tif,HLS-VI.S30.T49TDH.2018334T033109.v2.0.NDVI.tif,S30,T49TDH,2018-11-30,2018334,033109,EPSG:32649,399960.0,4690200.0,509760.0,4800000.0,True
/home/ec2-user/ndvi_sqs_work/inner_mongolia/raw/HLS-VI.S30.T49TDJ.2018334T033109.v2.0.NDVI.tif,HLS-VI.S30.T49TDJ.2018334T033109.v2.0.NDVI.tif,S30,T49TDJ,2018-11-30,2018334,033109,EPSG:32649,399960.0,4790220.0,509760.0,4900020.0,True
/home/ec2-user/ndvi_sqs_work/inner_mongolia/raw/HLS-VI.S30.T49TEE.2018334T033109.v2.0.NDVI.tif,HLS-VI.S30.T49TEE.2018334T033109.v2.0.NDVI.tif,S30,T49TEE,2018-11-30,2018334,033109,EPSG:32649,499980.0,4390200.0,609780.0,4500000.0,True
/home/ec2-user/ndvi_sqs_work/inner_mongolia/raw/HLS-VI.S30.T49TEG.2018334T033109.v2.0.NDVI.tif,HLS-VI.S30.T49TEG.2018334T033109.v2.0.NDVI.tif,S30,T49TEG,2018-11-30,2018334,033109,EPSG:32649,499980.0,4590240.0,609780.0,4700040.0,True
/home/ec2-user/ndvi_sqs_work/inner_mongolia/raw/HLS-VI.S30.T49TEH.2018334T033109.v2.0.NDVI.tif,HLS-VI.S30.T49TEH.2018334T033109.v2.0.NDVI.tif,S30,T49TEH,2018-11-30,2018334,033109,EPSG:32649,499980.0,4690200.0,609780.0,4800000.0,True
/home/ec2-user/ndvi_sqs_work/inner_mongolia/raw/HLS-VI.S30.T49TEJ.2018334T033109.v2.0.NDVI.tif,HLS-VI.S30.T49TEJ.2018334T033109.v2.0.NDVI.tif,S30,T49TEJ,2018-11-30,2018334,033109,EPSG:32649,499980.0,4790220.0,609780.0,4900020.0,True
/home/ec2-user/ndvi_sqs_work/inner_mongolia/raw/HLS-VI.S30.T49TEK.2018334T033109.v2.0.NDVI.tif,HLS-VI.S30.T49TEK.2018334T033109.v2.0.NDVI.tif,S30,T49TEK,2018-11-30,2018334,033109,EPSG:32649,499980.0,4890240.0,609780.0,5000040.0,True
/home/ec2-user/ndvi_sqs_work/inner_mongolia/raw/HLS-VI.S30.T49TFE.2018334T033109.v2.0.NDVI.tif,HLS-VI.S30.T49TFE.2018334T033109.v2.0.NDVI.tif,S30,T49TFE,2018-11-30,2018334,033109,EPSG:32649,600000.0,4390200.0,709800.0,4500000.0,True
/home/ec2-user/ndvi_sqs_work/inner_mongolia/raw/HLS-VI.S30.T49TFF.2018334T033109.v2.0.NDVI.tif,HLS-VI.S30.T49TFF.2018334T033109.v2.0.NDVI.tif,S30,T49TFF,2018-11-30,2018334,033109,EPSG:32649,600000.0,4490220.0,709800.0,4600020.0,True
/home/ec2-user/ndvi_sqs_work/inner_mongolia/raw/HLS-VI.S30.T49TFG.2018334T033109.v2.0.NDVI.tif,HLS-VI.S30.T49TFG.2018334T033109.v2.0.NDVI.tif,S30,T49TFG,2018-11-30,2018334,033109,EPSG:32649,600000.0,4590240.0,709800.0,4700040.0,True
/home/ec2-user/ndvi_sqs_work/inner_mongolia/raw/HLS-VI.S30.T49TFH.2018334T033109.v2.0.NDVI.tif,HLS-VI.S30.T49TFH.2018334T033109.v2.0.NDVI.tif,S30,T49TFH,2018-11-30,2018334,033109,EPSG:32649,600000.0,4690200.0,709800.0,4800000.0,True
/home/ec2-user/ndvi_sqs_work/inner_mongolia/raw/HLS-VI.S30.T49TGJ.2018334T033109.v2.0.NDVI.tif,HLS-VI.S30.T49TGJ.2018334T033109.v2.0.NDVI.tif,S30,T49TGJ,2018-11-30,2018334,033109,EPSG:32649,699960.0,4790220.0,809760.0,4900020.0,True
/home/ec2-user/ndvi_sqs_work/inner_mongolia/raw/HLS-VI.S30.T51TVH.2018334T024041.v2.0.NDVI.tif,HLS-VI.S30.T51TVH.2018334T024041.v2.0.NDVI.tif,S30,T51TVH,2018-11-30,2018334,024041,EPSG:32651,399960.0,4690200.0,509760.0,4800000.0,True
/home/ec2-user/ndvi_sqs_work/inner_mongolia/raw/HLS-VI.S30.T51TWH.2018334T024041.v2.0.NDVI.tif,HLS-VI.S30.T51TWH.2018334T024041.v2.0.NDVI.tif,S30,T51TWH,2018-11-30,2018334,024041,EPSG:32651,499980.0,4690200.0,609780.0,4800000.0,True
/home/ec2-user/ndvi_sqs_work/inner_mongolia/raw/HLS-VI.S30.T48SVG.2018335T035111.v2.0.NDVI.tif,HLS-VI.S30.T48SVG.2018335T035111.v2.0.NDVI.tif,S30,T48SVG,2018-12-01,2018335,035111,EPSG:32648,399960.0,4090200.0,509760.0,4200000.0,True
/home/ec2-user/ndvi_sqs_work/inner_mongolia/raw/HLS-VI.S30.T48SWG.2018335T035111.v2.0.NDVI.tif,HLS-VI.S30.T48SWG.2018335T035111.v2.0.NDVI.tif,S30,T48SWG,2018-12-01,2018335,035111,EPSG:32648,499980.0,4090200.0,609780.0,4200000.0,True
/home/ec2-user/ndvi_sqs_work/inner_mongolia/raw/HLS-VI.S30.T48SWH.2018335T035111.v2.0.NDVI.tif,HLS-VI.S30.T48SWH.2018335T035111.v2.0.NDVI.tif,S30,T48SWH,2018-12-01,2018335,035111,EPSG:32648,499980.0,4190220.0,609780.0,4300020.0,True
/home/ec2-user/ndvi_sqs_work/inner_mongolia/raw/HLS-VI.S30.T48TVK.2018335T035111.v2.0.NDVI.tif,HLS-VI.S30.T48TVK.2018335T035111.v2.0.NDVI.tif,S30,T48TVK,2018-12-01,2018335,035111,EPSG:32648,399960.0,4390200.0,509760.0,4500000.0,True
/home/ec2-user/ndvi_sqs_work/inner_mongolia/raw/HLS-VI.S30.T48TVL.2018335T035111.v2.0.NDVI.tif,HLS-VI.S30.T48TVL.2018335T035111.v2.0.NDVI.tif,S30,T48TVL,2018-12-01,2018335,035111,EPSG:32648,399960.0,4490220.0,509760.0,4600020.0,True
/home/ec2-user/ndvi_sqs_work/inner_mongolia/raw/HLS-VI.S30.T48TVM.2018335T035111.v2.0.NDVI.tif,HLS-VI.S30.T48TVM.2018335T035111.v2.0.NDVI.tif,S30,T48TVM,2018-12-01,2018335,035111,EPSG:32648,399960.0,4590240.0,509760.0,4700040.0,True
/home/ec2-user/ndvi_sqs_work/inner_mongolia/raw/HLS-VI.S30.T48TWL.2018335T035111.v2.0.NDVI.tif,HLS-VI.S30.T48TWL.2018335T035111.v2.0.NDVI.tif,S30,T48TWL,2018-12-01,2018335,035111,EPSG:32648,499980.0,4490220.0,609780.0,4600020.0,True
/home/ec2-user/ndvi_sqs_work/inner_mongolia/raw/HLS-VI.S30.T48TWM.2018335T035111.v2.0.NDVI.tif,HLS-VI.S30.T48TWM.2018335T035111.v2.0.NDVI.tif,S30,T48TWM,2018-12-01,2018335,035111,EPSG:32648,499980.0,4590240.0,609780.0,4700040.0,True
/home/ec2-user/ndvi_sqs_work/inner_mongolia/raw/HLS-VI.S30.T48TXM.2018335T035111.v2.0.NDVI.tif,HLS-VI.S30.T48TXM.2018335T035111.v2.0.NDVI.tif,S30,T48TXM,2018-12-01,2018335,035111,EPSG:32648,600000.0,4590240.0,709800.0,4700040.0,True
/home/ec2-user/ndvi_sqs_work/inner_mongolia/raw/HLS-VI.S30.T48TXN.2018335T035111.v2.0.NDVI.tif,HLS-VI.S30.T48TXN.2018335T035111.v2.0.NDVI.tif,S30,T48TXN,2018-12-01,2018335,035111,EPSG:32648,600000.0,4690200.0,709800.0,4800000.0,True
/home/ec2-user/ndvi_sqs_work/inner_mongolia/raw/HLS-VI.S30.T48TYN.2018335T035111.v2.0.NDVI.tif,HLS-VI.S30.T48TYN.2018335T035111.v2.0.NDVI.tif,S30,T48TYN,2018-12-01,2018335,035111,EPSG:32648,699960.0,4690200.0,809760.0,4800000.0,True
/home/ec2-user/ndvi_sqs_work/inner_mongolia/raw/HLS-VI.S30.T50TNM.2018335T030059.v2.0.NDVI.tif,HLS-VI.S30.T50TNM.2018335T030059.v2.0.NDVI.tif,S30,T50TNM,2018-12-01,2018335,030059,EPSG:32650,499980.0,4590240.0,609780.0,4700040.0,True
/home/ec2-user/ndvi_sqs_work/inner_mongolia/raw/HLS-VI.S30.T50TPN.2018335T030059.v2.0.NDVI.tif,HLS-VI.S30.T50TPN.2018335T030059.v2.0.NDVI.tif,S30,T50TPN,2018-12-01,2018335,030059,EPSG:32650,600000.0,4690200.0,709800.0,4800000.0,True
/home/ec2-user/ndvi_sqs_work/inner_mongolia/raw/HLS-VI.S30.T50TPP.2018335T030059.v2.0.NDVI.tif,HLS-VI.S30.T50TPP.2018335T030059.v2.0.NDVI.tif,S30,T50TPP,2018-12-01,2018335,030059,EPSG:32650,600000.0,4790220.0,709800.0,4900020.0,True
/home/ec2-user/ndvi_sqs_work/inner_mongolia/raw/HLS-VI.S30.T50TQL.2018335T030059.v2.0.NDVI.tif,HLS-VI.S30.T50TQL.2018335T030059.v2.0.NDVI.tif,S30,T50TQL,2018-12-01,2018335,030059,EPSG:32650,699960.0,4490220.0,809760.0,4600020.0,True
/home/ec2-user/ndvi_sqs_work/inner_mongolia/raw/HLS-VI.S30.T50TQM.2018335T030059.v2.0.NDVI.tif,HLS-VI.S30.T50TQM.2018335T030059.v2.0.NDVI.tif,S30,T50TQM,2018-12-01,2018335,030059,EPSG:32650,699960.0,4590240.0,809760.0,4700040.0,True
/home/ec2-user/ndvi_sqs_work/inner_mongolia/raw/HLS-VI.S30.T50TQN.2018335T030059.v2.0.NDVI.tif,HLS-VI.S30.T50TQN.2018335T030059.v2.0.NDVI.tif,S30,T50TQN,2018-12-01,2018335,030059,EPSG:32650,699960.0,4690200.0,809760.0,4800000.0,True
/home/ec2-user/ndvi_sqs_work/inner_mongolia/raw/HLS-VI.S30.T50TQP.2018335T030059.v2.0.NDVI.tif,HLS-VI.S30.T50TQP.2018335T030059.v2.0.NDVI.tif,S30,T50TQP,2018-12-01,2018335,030059,EPSG:32650,699960.0,4790220.0,809760.0,4900020.0,True
/home/ec2-user/ndvi_sqs_work/inner_mongolia/raw/HLS-VI.S30.T50TQQ.2018335T030059.v2.0.NDVI.tif,HLS-VI.S30.T50TQQ.2018335T030059.v2.0.NDVI.tif,S30,T50TQQ,2018-12-01,2018335,030059,EPSG:32650,699960.0,4890240.0,809760.0,5000040.0,True
/home/ec2-user/ndvi_sqs_work/inner_mongolia/raw/HLS-VI.S30.T51TTF.2018335T030059.v2.0.NDVI.tif,HLS-VI.S30.T51TTF.2018335T030059.v2.0.NDVI.tif,S30,T51TTF,2018-12-01,2018335,030059,EPSG:32651,199980.0,4490220.0,309780.0,4600020.0,True
/home/ec2-user/ndvi_sqs_work/inner_mongolia/raw/HLS-VI.S30.T51TTG.2018335T030059.v2.0.NDVI.tif,HLS-VI.S30.T51TTG.2018335T030059.v2.0.NDVI.tif,S30,T51TTG,2018-12-01,2018335,030059,EPSG:32651,199980.0,4590240.0,309780.0,4700040.0,True
/home/ec2-user/ndvi_sqs_work/inner_mongolia/raw/HLS-VI.S30.T51TUH.2018335T030059.v2.0.NDVI.tif,HLS-VI.S30.T51TUH.2018335T030059.v2.0.NDVI.tif,S30,T51TUH,2018-12-01,2018335,030059,EPSG:32651,300000.0,4690200.0,409800.0,4800000.0,True
/home/ec2-user/ndvi_sqs_work/inner_mongolia/raw/HLS-VI.S30.T51TUJ.2018335T030059.v2.0.NDVI.tif,HLS-VI.S30.T51TUJ.2018335T030059.v2.0.NDVI.tif,S30,T51TUJ,2018-12-01,2018335,030059,EPSG:32651,300000.0,4790220.0,409800.0,4900020.0,True
/home/ec2-user/ndvi_sqs_work/inner_mongolia/raw/HLS-VI.S30.T51TUK.2018335T030059.v2.0.NDVI.tif,HLS-VI.S30.T51TUK.2018335T030059.v2.0.NDVI.tif,S30,T51TUK,2018-12-01,2018335,030059,EPSG:32651,300000.0,4890240.0,409800.0,5000040.0,True
/home/ec2-user/ndvi_sqs_work/inner_mongolia/raw/HLS-VI.S30.T51UXR.2018337T025051.v2.0.NDVI.tif,HLS-VI.S30.T51UXR.2018337T025051.v2.0.NDVI.tif,S30,T51UXR,2018-12-03,2018337,025051,EPSG:32651,600000.0,5490240.0,709800.0,5600040.0,True
/home/ec2-user/ndvi_sqs_work/inner_mongolia/raw/HLS-VI.S30.T50TLQ.2018338T031109.v2.0.NDVI.tif,HLS-VI.S30.T50TLQ.2018338T031109.v2.0.NDVI.tif,S30,T50TLQ,2018-12-04,2018338,031109,EPSG:32650,300000.0,4890240.0,409800.0,5000040.0,True
/home/ec2-user/ndvi_sqs_work/inner_mongolia/raw/HLS-VI.S30.T47TNG.2018339T042139.v2.0.NDVI.tif,HLS-VI.S30.T47TNG.2018339T042139.v2.0.NDVI.tif,S30,T47TNG,2018-12-05,2018339,042139,EPSG:32647,499980.0,4590240.0,609780.0,4700040.0,True
/home/ec2-user/ndvi_sqs_work/inner_mongolia/raw/HLS-VI.S30.T49TEL.2018339T033111.v2.0.NDVI.tif,HLS-VI.S30.T49TEL.2018339T033111.v2.0.NDVI.tif,S30,T49TEL,2018-12-05,2018339,033111,EPSG:32649,499980.0,4990200.0,609780.0,5100000.0,True
/home/ec2-user/ndvi_sqs_work/inner_mongolia/raw/HLS-VI.S30.T51TWN.2018339T024059.v2.0.NDVI.tif,HLS-VI.S30.T51TWN.2018339T024059.v2.0.NDVI.tif,S30,T51TWN,2018-12-05,2018339,024059,EPSG:32651,499980.0,5190240.0,609780.0,5300040.0,True
/home/ec2-user/ndvi_sqs_work/inner_mongolia/raw/HLS-VI.S30.T49TEH.2018341T032119.v2.0.NDVI.tif,HLS-VI.S30.T49TEH.2018341T032119.v2.0.NDVI.tif,S30,T49TEH,2018-12-07,2018341,032119,EPSG:32649,499980.0,4690200.0,609780.0,4800000.0,True
/home/ec2-user/ndvi_sqs_work/inner_mongolia/raw/HLS-VI.S30.T49TFK.2018341T032119.v2.0.NDVI.tif,HLS-VI.S30.T49TFK.2018341T032119.v2.0.NDVI.tif,S30,T49TFK,2018-12-07,2018341,032119,EPSG:32649,600000.0,4890240.0,709800.0,5000040.0,True
/home/ec2-user/ndvi_sqs_work/inner_mongolia/raw/HLS-VI.S30.T49TCH.2018342T034121.v2.0.NDVI.tif,HLS-VI.S30.T49TCH.2018342T034121.v2.0.NDVI.tif,S30,T49TCH,2018-12-08,2018342,034121,EPSG:32649,300000.0,4690200.0,409800.0,4800000.0,True
/home/ec2-user/ndvi_sqs_work/inner_mongolia/raw/HLS-VI.S30.T49TDH.2018342T034121.v2.0.NDVI.tif,HLS-VI.S30.T49TDH.2018342T034121.v2.0.NDVI.tif,S30,T49TDH,2018-12-08,2018342,034121,EPSG:32649,399960.0,4690200.0,509760.0,4800000.0,True
/home/ec2-user/ndvi_sqs_work/inner_mongolia/raw/HLS-VI.S30.T49TDJ.2018342T034121.v2.0.NDVI.tif,HLS-VI.S30.T49TDJ.2018342T034121.v2.0.NDVI.tif,S30,T49TDJ,2018-12-08,2018342,034121,EPSG:32649,399960.0,4790220.0,509760.0,4900020.0,True
/home/ec2-user/ndvi_sqs_work/inner_mongolia/raw/HLS-VI.S30.T47TQH.2018343T040139.v2.0.NDVI.tif,HLS-VI.S30.T47TQH.2018343T040139.v2.0.NDVI.tif,S30,T47TQH,2018-12-09,2018343,040139,EPSG:32647,699960.0,4690200.0,809760.0,4800000.0,True
/home/ec2-user/ndvi_sqs_work/inner_mongolia/raw/HLS-VI.S30.T47TMG.2018344T042141.v2.0.NDVI.tif,HLS-VI.S30.T47TMG.2018344T042141.v2.0.NDVI.tif,S30,T47TMG,2018-12-10,2018344,042141,EPSG:32647,399960.0,4590240.0,509760.0,4700040.0,True
/home/ec2-user/ndvi_sqs_work/inner_mongolia/raw/HLS-VI.S30.T47TNG.2018344T042141.v2.0.NDVI.tif,HLS-VI.S30.T47TNG.2018344T042141.v2.0.NDVI.tif,S30,T47TNG,2018-12-10,2018344,042141,EPSG:32647,499980.0,4590240.0,609780.0,4700040.0,True
/home/ec2-user/ndvi_sqs_work/inner_mongolia/raw/HLS-VI.S30.T49TCH.2018344T033129.v2.0.NDVI.tif,HLS-VI.S30.T49TCH.2018344T033129.v2.0.NDVI.tif,S30,T49TCH,2018-12-10,2018344,033129,EPSG:32649,300000.0,4690200.0,409800.0,4800000.0,True
/home/ec2-user/ndvi_sqs_work/inner_mongolia/raw/HLS-VI.S30.T51TVH.2018344T024101.v2.0.NDVI.tif,HLS-VI.S30.T51TVH.2018344T024101.v2.0.NDVI.tif,S30,T51TVH,2018-12-10,2018344,024101,EPSG:32651,399960.0,4690200.0,509760.0,4800000.0,True
/home/ec2-user/ndvi_sqs_work/inner_mongolia/raw/HLS-VI.S30.T51TWN.2018344T024101.v2.0.NDVI.tif,HLS-VI.S30.T51TWN.2018344T024101.v2.0.NDVI.tif,S30,T51TWN,2018-12-10,2018344,024101,EPSG:32651,499980.0,5190240.0,609780.0,5300040.0,True
/home/ec2-user/ndvi_sqs_work/inner_mongolia/raw/HLS-VI.S30.T51UWP.2018344T024101.v2.0.NDVI.tif,HLS-VI.S30.T51UWP.2018344T024101.v2.0.NDVI.tif,S30,T51UWP,2018-12-10,2018344,024101,EPSG:32651,499980.0,5290200.0,609780.0,5400000.0,True
/home/ec2-user/ndvi_sqs_work/inner_mongolia/raw/HLS-VI.S30.T48TVL.2018345T035131.v2.0.NDVI.tif,HLS-VI.S30.T48TVL.2018345T035131.v2.0.NDVI.tif,S30,T48TVL,2018-12-11,2018345,035131,EPSG:32648,399960.0,4490220.0,509760.0,4600020.0,True
/home/ec2-user/ndvi_sqs_work/inner_mongolia/raw/HLS-VI.S30.T48TVM.2018345T035131.v2.0.NDVI.tif,HLS-VI.S30.T48TVM.2018345T035131.v2.0.NDVI.tif,S30,T48TVM,2018-12-11,2018345,035131,EPSG:32648,399960.0,4590240.0,509760.0,4700040.0,True
/home/ec2-user/ndvi_sqs_work/inner_mongolia/raw/HLS-VI.S30.T48TXN.2018345T035131.v2.0.NDVI.tif,HLS-VI.S30.T48TXN.2018345T035131.v2.0.NDVI.tif,S30,T48TXN,2018-12-11,2018345,035131,EPSG:32648,600000.0,4690200.0,709800.0,4800000.0,True
/home/ec2-user/ndvi_sqs_work/inner_mongolia/raw/HLS-VI.S30.T48TYN.2018345T035131.v2.0.NDVI.tif,HLS-VI.S30.T48TYN.2018345T035131.v2.0.NDVI.tif,S30,T48TYN,2018-12-11,2018345,035131,EPSG:32648,699960.0,4690200.0,809760.0,4800000.0,True
/home/ec2-user/ndvi_sqs_work/inner_mongolia/raw/HLS-VI.S30.T47TNE.2018346T041139.v2.0.NDVI.tif,HLS-VI.S30.T47TNE.2018346T041139.v2.0.NDVI.tif,S30,T47TNE,2018-12-12,2018346,041139,EPSG:32647,499980.0,4390200.0,609780.0,4500000.0,True
/home/ec2-user/ndvi_sqs_work/inner_mongolia/raw/HLS-VI.S30.T47TNG.2018346T041139.v2.0.NDVI.tif,HLS-VI.S30.T47TNG.2018346T041139.v2.0.NDVI.tif,S30,T47TNG,2018-12-12,2018346,041139,EPSG:32647,499980.0,4590240.0,609780.0,4700040.0,True
/home/ec2-user/ndvi_sqs_work/inner_mongolia/raw/HLS-VI.S30.T48TUM.2018346T041139.v2.0.NDVI.tif,HLS-VI.S30.T48TUM.2018346T041139.v2.0.NDVI.tif,S30,T48TUM,2018-12-12,2018346,041139,EPSG:32648,300000.0,4590240.0,409800.0,4700040.0,True
/home/ec2-user/ndvi_sqs_work/inner_mongolia/raw/HLS-VI.S30.T49TFG.2018346T032121.v2.0.NDVI.tif,HLS-VI.S30.T49TFG.2018346T032121.v2.0.NDVI.tif,S30,T49TFG,2018-12-12,2018346,032121,EPSG:32649,600000.0,4590240.0,709800.0,4700040.0,True
/home/ec2-user/ndvi_sqs_work/inner_mongolia/raw/HLS-VI.S30.T49TFH.2018346T032121.v2.0.NDVI.tif,HLS-VI.S30.T49TFH.2018346T032121.v2.0.NDVI.tif,S30,T49TFH,2018-12-12,2018346,032121,EPSG:32649,600000.0,4690200.0,709800.0,4800000.0,True
/home/ec2-user/ndvi_sqs_work/inner_mongolia/raw/HLS-VI.S30.T48TXN.2018347T034139.v2.0.NDVI.tif,HLS-VI.S30.T48TXN.2018347T034139.v2.0.NDVI.tif,S30,T48TXN,2018-12-13,2018347,034139,EPSG:32648,600000.0,4690200.0,709800.0,4800000.0,True
/home/ec2-user/ndvi_sqs_work/inner_mongolia/raw/HLS-VI.S30.T48TYN.2018347T034139.v2.0.NDVI.tif,HLS-VI.S30.T48TYN.2018347T034139.v2.0.NDVI.tif,S30,T48TYN,2018-12-13,2018347,034139,EPSG:32648,699960.0,4690200.0,809760.0,4800000.0,True
/home/ec2-user/ndvi_sqs_work/inner_mongolia/raw/HLS-VI.S30.T49TCH.2018347T034139.v2.0.NDVI.tif,HLS-VI.S30.T49TCH.2018347T034139.v2.0.NDVI.tif,S30,T49TCH,2018-12-13,2018347,034139,EPSG:32649,300000.0,4690200.0,409800.0,4800000.0,True
/home/ec2-user/ndvi_sqs_work/inner_mongolia/raw/HLS-VI.S30.T49TDG.2018347T034139.v2.0.NDVI.tif,HLS-VI.S30.T49TDG.2018347T034139.v2.0.NDVI.tif,S30,T49TDG,2018-12-13,2018347,034139,EPSG:32649,399960.0,4590240.0,509760.0,4700040.0,True
/home/ec2-user/ndvi_sqs_work/inner_mongolia/raw/HLS-VI.S30.T49TDH.2018347T034139.v2.0.NDVI.tif,HLS-VI.S30.T49TDH.2018347T034139.v2.0.NDVI.tif,S30,T49TDH,2018-12-13,2018347,034139,EPSG:32649,399960.0,4690200.0,509760.0,4800000.0,True
/home/ec2-user/ndvi_sqs_work/inner_mongolia/raw/HLS-VI.S30.T49TDJ.2018347T034139.v2.0.NDVI.tif,HLS-VI.S30.T49TDJ.2018347T034139.v2.0.NDVI.tif,S30,T49TDJ,2018-12-13,2018347,034139,EPSG:32649,399960.0,4790220.0,509760.0,4900020.0,True
/home/ec2-user/ndvi_sqs_work/inner_mongolia/raw/HLS-VI.S30.T50TQL.2018347T025111.v2.0.NDVI.tif,HLS-VI.S30.T50TQL.2018347T025111.v2.0.NDVI.tif,S30,T50TQL,2018-12-13,2018347,025111,EPSG:32650,699960.0,4490220.0,809760.0,4600020.0,True
/home/ec2-user/ndvi_sqs_work/inner_mongolia/raw/HLS-VI.S30.T50TQN.2018347T025111.v2.0.NDVI.tif,HLS-VI.S30.T50TQN.2018347T025111.v2.0.NDVI.tif,S30,T50TQN,2018-12-13,2018347,025111,EPSG:32650,699960.0,4690200.0,809760.0,4800000.0,True
/home/ec2-user/ndvi_sqs_work/inner_mongolia/raw/HLS-VI.S30.T50TQP.2018347T025111.v2.0.NDVI.tif,HLS-VI.S30.T50TQP.2018347T025111.v2.0.NDVI.tif,S30,T50TQP,2018-12-13,2018347,025111,EPSG:32650,699960.0,4790220.0,809760.0,4900020.0,True
/home/ec2-user/ndvi_sqs_work/inner_mongolia/raw/HLS-VI.S30.T50TQQ.2018347T025111.v2.0.NDVI.tif,HLS-VI.S30.T50TQQ.2018347T025111.v2.0.NDVI.tif,S30,T50TQQ,2018-12-13,2018347,025111,EPSG:32650,699960.0,4890240.0,809760.0,5000040.0,True
/home/ec2-user/ndvi_sqs_work/inner_mongolia/raw/HLS-VI.S30.T51TTF.2018347T025111.v2.0.NDVI.tif,HLS-VI.S30.T51TTF.2018347T025111.v2.0.NDVI.tif,S30,T51TTF,2018-12-13,2018347,025111,EPSG:32651,199980.0,4490220.0,309780.0,4600020.0,True
/home/ec2-user/ndvi_sqs_work/inner_mongolia/raw/HLS-VI.S30.T51TUH.2018347T025111.v2.0.NDVI.tif,HLS-VI.S30.T51TUH.2018347T025111.v2.0.NDVI.tif,S30,T51TUH,2018-12-13,2018347,025111,EPSG:32651,300000.0,4690200.0,409800.0,4800000.0,True
/home/ec2-user/ndvi_sqs_work/inner_mongolia/raw/HLS-VI.S30.T51TUJ.2018347T025111.v2.0.NDVI.tif,HLS-VI.S30.T51TUJ.2018347T025111.v2.0.NDVI.tif,S30,T51TUJ,2018-12-13,2018347,025111,EPSG:32651,300000.0,4790220.0,409800.0,4900020.0,True
/home/ec2-user/ndvi_sqs_work/inner_mongolia/raw/HLS-VI.S30.T51TUK.2018347T025111.v2.0.NDVI.tif,HLS-VI.S30.T51TUK.2018347T025111.v2.0.NDVI.tif,S30,T51TUK,2018-12-13,2018347,025111,EPSG:32651,300000.0,4890240.0,409800.0,5000040.0,True
/home/ec2-user/ndvi_sqs_work/inner_mongolia/raw/HLS-VI.S30.T51TVK.2018347T025111.v2.0.NDVI.tif,HLS-VI.S30.T51TVK.2018347T025111.v2.0.NDVI.tif,S30,T51TVK,2018-12-13,2018347,025111,EPSG:32651,399960.0,4890240.0,509760.0,5000040.0,True
/home/ec2-user/ndvi_sqs_work/inner_mongolia/raw/HLS-VI.S30.T51UXR.2018347T025111.v2.0.NDVI.tif,HLS-VI.S30.T51UXR.2018347T025111.v2.0.NDVI.tif,S30,T51UXR,2018-12-13,2018347,025111,EPSG:32651,600000.0,5490240.0,709800.0,5600040.0,True
/home/ec2-user/ndvi_sqs_work/inner_mongolia/raw/HLS-VI.S30.T51UYS.2018347T025111.v2.0.NDVI.tif,HLS-VI.S30.T51UYS.2018347T025111.v2.0.NDVI.tif,S30,T51UYS,2018-12-13,2018347,025111,EPSG:32651,699960.0,5590200.0,809760.0,5700000.0,True
/home/ec2-user/ndvi_sqs_work/inner_mongolia/raw/HLS-VI.S30.T47TQH.2018348T040141.v2.0.NDVI.tif,HLS-VI.S30.T47TQH.2018348T040141.v2.0.NDVI.tif,S30,T47TQH,2018-12-14,2018348,040141,EPSG:32647,699960.0,4690200.0,809760.0,4800000.0,True
/home/ec2-user/ndvi_sqs_work/inner_mongolia/raw/HLS-VI.S30.T48TTL.2018348T040141.v2.0.NDVI.tif,HLS-VI.S30.T48TTL.2018348T040141.v2.0.NDVI.tif,S30,T48TTL,2018-12-14,2018348,040141,EPSG:32648,199980.0,4490220.0,309780.0,4600020.0,True
/home/ec2-user/ndvi_sqs_work/inner_mongolia/raw/HLS-VI.S30.T48TUK.2018348T040141.v2.0.NDVI.tif,HLS-VI.S30.T48TUK.2018348T040141.v2.0.NDVI.tif,S30,T48TUK,2018-12-14,2018348,040141,EPSG:32648,300000.0,4390200.0,409800.0,4500000.0,True
/home/ec2-user/ndvi_sqs_work/inner_mongolia/raw/HLS-VI.S30.T50TLQ.2018348T031129.v2.0.NDVI.tif,HLS-VI.S30.T50TLQ.2018348T031129.v2.0.NDVI.tif,S30,T50TLQ,2018-12-14,2018348,031129,EPSG:32650,300000.0,4890240.0,409800.0,5000040.0,True
/home/ec2-user/ndvi_sqs_work/inner_mongolia/raw/HLS-VI.S30.T50TLR.2018348T031129.v2.0.NDVI.tif,HLS-VI.S30.T50TLR.2018348T031129.v2.0.NDVI.tif,S30,T50TLR,2018-12-14,2018348,031129,EPSG:32650,300000.0,4990200.0,409800.0,5100000.0,True
/home/ec2-user/ndvi_sqs_work/inner_mongolia/raw/HLS-VI.S30.T50TPN.2018348T031129.v2.0.NDVI.tif,HLS-VI.S30.T50TPN.2018348T031129.v2.0.NDVI.tif,S30,T50TPN,2018-12-14,2018348,031129,EPSG:32650,600000.0,4690200.0,709800.0,4800000.0,True
/home/ec2-user/ndvi_sqs_work/inner_mongolia/raw/HLS-VI.S30.T50UPV.2018348T031129.v2.0.NDVI.tif,HLS-VI.S30.T50UPV.2018348T031129.v2.0.NDVI.tif,S30,T50UPV,2018-12-14,2018348,031129,EPSG:32650,600000.0,5390220.0,709800.0,5500020.0,True
/home/ec2-user/ndvi_sqs_work/inner_mongolia/raw/HLS-VI.S30.T49TCH.2018349T033131.v2.0.NDVI.tif,HLS-VI.S30.T49TCH.2018349T033131.v2.0.NDVI.tif,S30,T49TCH,2018-12-15,2018349,033131,EPSG:32649,300000.0,4690200.0,409800.0,4800000.0,True
/home/ec2-user/ndvi_sqs_work/inner_mongolia/raw/HLS-VI.S30.T49TDJ.2018349T033131.v2.0.NDVI.tif,HLS-VI.S30.T49TDJ.2018349T033131.v2.0.NDVI.tif,S30,T49TDJ,2018-12-15,2018349,033131,EPSG:32649,399960.0,4790220.0,509760.0,4900020.0,True
/home/ec2-user/ndvi_sqs_work/inner_mongolia/raw/HLS-VI.S30.T49TEJ.2018349T033131.v2.0.NDVI.tif,HLS-VI.S30.T49TEJ.2018349T033131.v2.0.NDVI.tif,S30,T49TEJ,2018-12-15,2018349,033131,EPSG:32649,499980.0,4790220.0,609780.0,4900020.0,True
/home/ec2-user/ndvi_sqs_work/inner_mongolia/raw/HLS-VI.S30.T49TEK.2018349T033131.v2.0.NDVI.tif,HLS-VI.S30.T49TEK.2018349T033131.v2.0.NDVI.tif,S30,T49TEK,2018-12-15,2018349,033131,EPSG:32649,499980.0,4890240.0,609780.0,5000040.0,True
/home/ec2-user/ndvi_sqs_work/inner_mongolia/raw/HLS-VI.S30.T49TEL.2018349T033131.v2.0.NDVI.tif,HLS-VI.S30.T49TEL.2018349T033131.v2.0.NDVI.tif,S30,T49TEL,2018-12-15,2018349,033131,EPSG:32649,499980.0,4990200.0,609780.0,5100000.0,True
/home/ec2-user/ndvi_sqs_work/inner_mongolia/raw/HLS-VI.S30.T49TFK.2018349T033131.v2.0.NDVI.tif,HLS-VI.S30.T49TFK.2018349T033131.v2.0.NDVI.tif,S30,T49TFK,2018-12-15,2018349,033131,EPSG:32649,600000.0,4890240.0,709800.0,5000040.0,True
/home/ec2-user/ndvi_sqs_work/inner_mongolia/raw/HLS-VI.S30.T48SWG.2018350T035149.v2.0.NDVI.tif,HLS-VI.S30.T48SWG.2018350T035149.v2.0.NDVI.tif,S30,T48SWG,2018-12-16,2018350,035149,EPSG:32648,499980.0,4090200.0,609780.0,4200000.0,True
/home/ec2-user/ndvi_sqs_work/inner_mongolia/raw/HLS-VI.S30.T48SXJ.2018350T035149.v2.0.NDVI.tif,HLS-VI.S30.T48SXJ.2018350T035149.v2.0.NDVI.tif,S30,T48SXJ,2018-12-16,2018350,035149,EPSG:32648,600000.0,4290240.0,709800.0,4400040.0,True
/home/ec2-user/ndvi_sqs_work/inner_mongolia/raw/HLS-VI.S30.T48TVK.2018350T035149.v2.0.NDVI.tif,HLS-VI.S30.T48TVK.2018350T035149.v2.0.NDVI.tif,S30,T48TVK,2018-12-16,2018350,035149,EPSG:32648,399960.0,4390200.0,509760.0,4500000.0,True
/home/ec2-user/ndvi_sqs_work/inner_mongolia/raw/HLS-VI.S30.T48TVL.2018350T035149.v2.0.NDVI.tif,HLS-VI.S30.T48TVL.2018350T035149.v2.0.NDVI.tif,S30,T48TVL,2018-12-16,2018350,035149,EPSG:32648,399960.0,4490220.0,509760.0,4600020.0,True
/home/ec2-user/ndvi_sqs_work/inner_mongolia/raw/HLS-VI.S30.T48TVM.2018350T035149.v2.0.NDVI.tif,HLS-VI.S30.T48TVM.2018350T035149.v2.0.NDVI.tif,S30,T48TVM,2018-12-16,2018350,035149,EPSG:32648,399960.0,4590240.0,509760.0,4700040.0,True
/home/ec2-user/ndvi_sqs_work/inner_mongolia/raw/HLS-VI.S30.T48TWL.2018350T035149.v2.0.NDVI.tif,HLS-VI.S30.T48TWL.2018350T035149.v2.0.NDVI.tif,S30,T48TWL,2018-12-16,2018350,035149,EPSG:32648,499980.0,4490220.0,609780.0,4600020.0,True
/home/ec2-user/ndvi_sqs_work/inner_mongolia/raw/HLS-VI.S30.T48TWM.2018350T035149.v2.0.NDVI.tif,HLS-VI.S30.T48TWM.2018350T035149.v2.0.NDVI.tif,S30,T48TWM,2018-12-16,2018350,035149,EPSG:32648,499980.0,4590240.0,609780.0,4700040.0,True
/home/ec2-user/ndvi_sqs_work/inner_mongolia/raw/HLS-VI.S30.T48TXM.2018350T035149.v2.0.NDVI.tif,HLS-VI.S30.T48TXM.2018350T035149.v2.0.NDVI.tif,S30,T48TXM,2018-12-16,2018350,035149,EPSG:32648,600000.0,4590240.0,709800.0,4700040.0,True
/home/ec2-user/ndvi_sqs_work/inner_mongolia/raw/HLS-VI.S30.T48TXN.2018350T035149.v2.0.NDVI.tif,HLS-VI.S30.T48TXN.2018350T035149.v2.0.NDVI.tif,S30,T48TXN,2018-12-16,2018350,035149,EPSG:32648,600000.0,4690200.0,709800.0,4800000.0,True
/home/ec2-user/ndvi_sqs_work/inner_mongolia/raw/HLS-VI.S30.T48TYM.2018350T035149.v2.0.NDVI.tif,HLS-VI.S30.T48TYM.2018350T035149.v2.0.NDVI.tif,S30,T48TYM,2018-12-16,2018350,035149,EPSG:32648,699960.0,4590240.0,809760.0,4700040.0,True
/home/ec2-user/ndvi_sqs_work/inner_mongolia/raw/HLS-VI.S30.T48TYN.2018350T035149.v2.0.NDVI.tif,HLS-VI.S30.T48TYN.2018350T035149.v2.0.NDVI.tif,S30,T48TYN,2018-12-16,2018350,035149,EPSG:32648,699960.0,4690200.0,809760.0,4800000.0,True
/home/ec2-user/ndvi_sqs_work/inner_mongolia/raw/HLS-VI.S30.T49TBG.2018350T035149.v2.0.NDVI.tif,HLS-VI.S30.T49TBG.2018350T035149.v2.0.NDVI.tif,S30,T49TBG,2018-12-16,2018350,035149,EPSG:32649,199980.0,4590240.0,309780.0,4700040.0,True
/home/ec2-user/ndvi_sqs_work/inner_mongolia/raw/HLS-VI.S30.T50TQN.2018350T030121.v2.0.NDVI.tif,HLS-VI.S30.T50TQN.2018350T030121.v2.0.NDVI.tif,S30,T50TQN,2018-12-16,2018350,030121,EPSG:32650,699960.0,4690200.0,809760.0,4800000.0,True
/home/ec2-user/ndvi_sqs_work/inner_mongolia/raw/HLS-VI.S30.T50TQP.2018350T030121.v2.0.NDVI.tif,HLS-VI.S30.T50TQP.2018350T030121.v2.0.NDVI.tif,S30,T50TQP,2018-12-16,2018350,030121,EPSG:32650,699960.0,4790220.0,809760.0,4900020.0,True
/home/ec2-user/ndvi_sqs_work/inner_mongolia/raw/HLS-VI.S30.T50UPA.2018350T030121.v2.0.NDVI.tif,HLS-VI.S30.T50UPA.2018350T030121.v2.0.NDVI.tif,S30,T50UPA,2018-12-16,2018350,030121,EPSG:32650,600000.0,5490240.0,709800.0,5600040.0,True
/home/ec2-user/ndvi_sqs_work/inner_mongolia/raw/HLS-VI.S30.T49SED.2018351T032129.v2.0.NDVI.tif,HLS-VI.S30.T49SED.2018351T032129.v2.0.NDVI.tif,S30,T49SED,2018-12-17,2018351,032129,EPSG:32649,499980.0,4290240.0,609780.0,4400040.0,True
/home/ec2-user/ndvi_sqs_work/inner_mongolia/raw/HLS-VI.S30.T49TEE.2018351T032129.v2.0.NDVI.tif,HLS-VI.S30.T49TEE.2018351T032129.v2.0.NDVI.tif,S30,T49TEE,2018-12-17,2018351,032129,EPSG:32649,499980.0,4390200.0,609780.0,4500000.0,True
/home/ec2-user/ndvi_sqs_work/inner_mongolia/raw/HLS-VI.S30.T49TEG.2018351T032129.v2.0.NDVI.tif,HLS-VI.S30.T49TEG.2018351T032129.v2.0.NDVI.tif,S30,T49TEG,2018-12-17,2018351,032129,EPSG:32649,499980.0,4590240.0,609780.0,4700040.0,True
/home/ec2-user/ndvi_sqs_work/inner_mongolia/raw/HLS-VI.S30.T50TPL.2018352T025119.v2.0.NDVI.tif,HLS-VI.S30.T50TPL.2018352T025119.v2.0.NDVI.tif,S30,T50TPL,2018-12-18,2018352,025119,EPSG:32650,600000.0,4490220.0,709800.0,4600020.0,True
/home/ec2-user/ndvi_sqs_work/inner_mongolia/raw/HLS-VI.S30.T50TQL.2018352T025119.v2.0.NDVI.tif,HLS-VI.S30.T50TQL.2018352T025119.v2.0.NDVI.tif,S30,T50TQL,2018-12-18,2018352,025119,EPSG:32650,699960.0,4490220.0,809760.0,4600020.0,True
/home/ec2-user/ndvi_sqs_work/inner_mongolia/raw/HLS-VI.S30.T50TQM.2018352T025119.v2.0.NDVI.tif,HLS-VI.S30.T50TQM.2018352T025119.v2.0.NDVI.tif,S30,T50TQM,2018-12-18,2018352,025119,EPSG:32650,699960.0,4590240.0,809760.0,4700040.0,True
/home/ec2-user/ndvi_sqs_work/inner_mongolia/raw/HLS-VI.S30.T50TQN.2018352T025119.v2.0.NDVI.tif,HLS-VI.S30.T50TQN.2018352T025119.v2.0.NDVI.tif,S30,T50TQN,2018-12-18,2018352,025119,EPSG:32650,699960.0,4690200.0,809760.0,4800000.0,True
/home/ec2-user/ndvi_sqs_work/inner_mongolia/raw/HLS-VI.S30.T50TQP.2018352T025119.v2.0.NDVI.tif,HLS-VI.S30.T50TQP.2018352T025119.v2.0.NDVI.tif,S30,T50TQP,2018-12-18,2018352,025119,EPSG:32650,699960.0,4790220.0,809760.0,4900020.0,True
/home/ec2-user/ndvi_sqs_work/inner_mongolia/raw/HLS-VI.S30.T50TQQ.2018352T025119.v2.0.NDVI.tif,HLS-VI.S30.T50TQQ.2018352T025119.v2.0.NDVI.tif,S30,T50TQQ,2018-12-18,2018352,025119,EPSG:32650,699960.0,4890240.0,809760.0,5000040.0,True
/home/ec2-user/ndvi_sqs_work/inner_mongolia/raw/HLS-VI.S30.T51TTG.2018352T025119.v2.0.NDVI.tif,HLS-VI.S30.T51TTG.2018352T025119.v2.0.NDVI.tif,S30,T51TTG,2018-12-18,2018352,025119,EPSG:32651,199980.0,4590240.0,309780.0,4700040.0,True
/home/ec2-user/ndvi_sqs_work/inner_mongolia/raw/HLS-VI.S30.T51TUH.2018352T025119.v2.0.NDVI.tif,HLS-VI.S30.T51TUH.2018352T025119.v2.0.NDVI.tif,S30,T51TUH,2018-12-18,2018352,025119,EPSG:32651,300000.0,4690200.0,409800.0,4800000.0,True
/home/ec2-user/ndvi_sqs_work/inner_mongolia/raw/HLS-VI.S30.T51TUJ.2018352T025119.v2.0.NDVI.tif,HLS-VI.S30.T51TUJ.2018352T025119.v2.0.NDVI.tif,S30,T51TUJ,2018-12-18,2018352,025119,EPSG:32651,300000.0,4790220.0,409800.0,4900020.0,True
/home/ec2-user/ndvi_sqs_work/inner_mongolia/raw/HLS-VI.S30.T51TVH.2018352T025119.v2.0.NDVI.tif,HLS-VI.S30.T51TVH.2018352T025119.v2.0.NDVI.tif,S30,T51TVH,2018-12-18,2018352,025119,EPSG:32651,399960.0,4690200.0,509760.0,4800000.0,True
/home/ec2-user/ndvi_sqs_work/inner_mongolia/raw/HLS-VI.S30.T47TMG.2018354T042151.v2.0.NDVI.tif,HLS-VI.S30.T47TMG.2018354T042151.v2.0.NDVI.tif,S30,T47TMG,2018-12-20,2018354,042151,EPSG:32647,399960.0,4590240.0,509760.0,4700040.0,True
/home/ec2-user/ndvi_sqs_work/inner_mongolia/raw/HLS-VI.S30.T47TNG.2018354T042151.v2.0.NDVI.tif,HLS-VI.S30.T47TNG.2018354T042151.v2.0.NDVI.tif,S30,T47TNG,2018-12-20,2018354,042151,EPSG:32647,499980.0,4590240.0,609780.0,4700040.0,True
/home/ec2-user/ndvi_sqs_work/inner_mongolia/raw/HLS-VI.S30.T48TVM.2018355T035141.v2.0.NDVI.tif,HLS-VI.S30.T48TVM.2018355T035141.v2.0.NDVI.tif,S30,T48TVM,2018-12-21,2018355,035141,EPSG:32648,399960.0,4590240.0,509760.0,4700040.0,True
/home/ec2-user/ndvi_sqs_work/inner_mongolia/raw/HLS-VI.S30.T48TWM.2018355T035141.v2.0.NDVI.tif,HLS-VI.S30.T48TWM.2018355T035141.v2.0.NDVI.tif,S30,T48TWM,2018-12-21,2018355,035141,EPSG:32648,499980.0,4590240.0,609780.0,4700040.0,True
/home/ec2-user/ndvi_sqs_work/inner_mongolia/raw/HLS-VI.S30.T48TXM.2018355T035141.v2.0.NDVI.tif,HLS-VI.S30.T48TXM.2018355T035141.v2.0.NDVI.tif,S30,T48TXM,2018-12-21,2018355,035141,EPSG:32648,600000.0,4590240.0,709800.0,4700040.0,True
/home/ec2-user/ndvi_sqs_work/inner_mongolia/raw/HLS-VI.S30.T48TYN.2018355T035141.v2.0.NDVI.tif,HLS-VI.S30.T48TYN.2018355T035141.v2.0.NDVI.tif,S30,T48TYN,2018-12-21,2018355,035141,EPSG:32648,699960.0,4690200.0,809760.0,4800000.0,True
/home/ec2-user/ndvi_sqs_work/inner_mongolia/raw/HLS-VI.S30.T50TPN.2018355T030129.v2.0.NDVI.tif,HLS-VI.S30.T50TPN.2018355T030129.v2.0.NDVI.tif,S30,T50TPN,2018-12-21,2018355,030129,EPSG:32650,600000.0,4690200.0,709800.0,4800000.0,True
/home/ec2-user/ndvi_sqs_work/inner_mongolia/raw/HLS-VI.S30.T50TQL.2018355T030129.v2.0.NDVI.tif,HLS-VI.S30.T50TQL.2018355T030129.v2.0.NDVI.tif,S30,T50TQL,2018-12-21,2018355,030129,EPSG:32650,699960.0,4490220.0,809760.0,4600020.0,True
/home/ec2-user/ndvi_sqs_work/inner_mongolia/raw/HLS-VI.S30.T50TQM.2018355T030129.v2.0.NDVI.tif,HLS-VI.S30.T50TQM.2018355T030129.v2.0.NDVI.tif,S30,T50TQM,2018-12-21,2018355,030129,EPSG:32650,699960.0,4590240.0,809760.0,4700040.0,True
/home/ec2-user/ndvi_sqs_work/inner_mongolia/raw/HLS-VI.S30.T50TQN.2018355T030129.v2.0.NDVI.tif,HLS-VI.S30.T50TQN.2018355T030129.v2.0.NDVI.tif,S30,T50TQN,2018-12-21,2018355,030129,EPSG:32650,699960.0,4690200.0,809760.0,4800000.0,True
/home/ec2-user/ndvi_sqs_work/inner_mongolia/raw/HLS-VI.S30.T50TQP.2018355T030129.v2.0.NDVI.tif,HLS-VI.S30.T50TQP.2018355T030129.v2.0.NDVI.tif,S30,T50TQP,2018-12-21,2018355,030129,EPSG:32650,699960.0,4790220.0,809760.0,4900020.0,True
/home/ec2-user/ndvi_sqs_work/inner_mongolia/raw/HLS-VI.S30.T50UPA.2018355T030129.v2.0.NDVI.tif,HLS-VI.S30.T50UPA.2018355T030129.v2.0.NDVI.tif,S30,T50UPA,2018-12-21,2018355,030129,EPSG:32650,600000.0,5490240.0,709800.0,5600040.0,True
/home/ec2-user/ndvi_sqs_work/inner_mongolia/raw/HLS-VI.S30.T51TTF.2018355T030129.v2.0.NDVI.tif,HLS-VI.S30.T51TTF.2018355T030129.v2.0.NDVI.tif,S30,T51TTF,2018-12-21,2018355,030129,EPSG:32651,199980.0,4490220.0,309780.0,4600020.0,True
/home/ec2-user/ndvi_sqs_work/inner_mongolia/raw/HLS-VI.S30.T51TTG.2018355T030129.v2.0.NDVI.tif,HLS-VI.S30.T51TTG.2018355T030129.v2.0.NDVI.tif,S30,T51TTG,2018-12-21,2018355,030129,EPSG:32651,199980.0,4590240.0,309780.0,4700040.0,True
/home/ec2-user/ndvi_sqs_work/inner_mongolia/raw/HLS-VI.S30.T51TUH.2018355T030129.v2.0.NDVI.tif,HLS-VI.S30.T51TUH.2018355T030129.v2.0.NDVI.tif,S30,T51TUH,2018-12-21,2018355,030129,EPSG:32651,300000.0,4690200.0,409800.0,4800000.0,True
/home/ec2-user/ndvi_sqs_work/inner_mongolia/raw/HLS-VI.S30.T51TUJ.2018355T030129.v2.0.NDVI.tif,HLS-VI.S30.T51TUJ.2018355T030129.v2.0.NDVI.tif,S30,T51TUJ,2018-12-21,2018355,030129,EPSG:32651,300000.0,4790220.0,409800.0,4900020.0,True
/home/ec2-user/ndvi_sqs_work/inner_mongolia/raw/HLS-VI.S30.T49TCH.2018357T034149.v2.0.NDVI.tif,HLS-VI.S30.T49TCH.2018357T034149.v2.0.NDVI.tif,S30,T49TCH,2018-12-23,2018357,034149,EPSG:32649,300000.0,4690200.0,409800.0,4800000.0,True
/home/ec2-user/ndvi_sqs_work/inner_mongolia/raw/HLS-VI.S30.T49TDH.2018357T034149.v2.0.NDVI.tif,HLS-VI.S30.T49TDH.2018357T034149.v2.0.NDVI.tif,S30,T49TDH,2018-12-23,2018357,034149,EPSG:32649,399960.0,4690200.0,509760.0,4800000.0,True
/home/ec2-user/ndvi_sqs_work/inner_mongolia/raw/HLS-VI.S30.T51TUH.2018357T025121.v2.0.NDVI.tif,HLS-VI.S30.T51TUH.2018357T025121.v2.0.NDVI.tif,S30,T51TUH,2018-12-23,2018357,025121,EPSG:32651,300000.0,4690200.0,409800.0,4800000.0,True
/home/ec2-user/ndvi_sqs_work/inner_mongolia/raw/HLS-VI.S30.T51TUJ.2018357T025121.v2.0.NDVI.tif,HLS-VI.S30.T51TUJ.2018357T025121.v2.0.NDVI.tif,S30,T51TUJ,2018-12-23,2018357,025121,EPSG:32651,300000.0,4790220.0,409800.0,4900020.0,True
/home/ec2-user/ndvi_sqs_work/inner_mongolia/raw/HLS-VI.S30.T51TVJ.2018357T025121.v2.0.NDVI.tif,HLS-VI.S30.T51TVJ.2018357T025121.v2.0.NDVI.tif,S30,T51TVJ,2018-12-23,2018357,025121,EPSG:32651,399960.0,4790220.0,509760.0,4900020.0,True
/home/ec2-user/ndvi_sqs_work/inner_mongolia/raw/HLS-VI.S30.T47TQF.2018358T040151.v2.0.NDVI.tif,HLS-VI.S30.T47TQF.2018358T040151.v2.0.NDVI.tif,S30,T47TQF,2018-12-24,2018358,040151,EPSG:32647,699960.0,4490220.0,809760.0,4600020.0,True
/home/ec2-user/ndvi_sqs_work/inner_mongolia/raw/HLS-VI.S30.T48TTL.2018358T040151.v2.0.NDVI.tif,HLS-VI.S30.T48TTL.2018358T040151.v2.0.NDVI.tif,S30,T48TTL,2018-12-24,2018358,040151,EPSG:32648,199980.0,4490220.0,309780.0,4600020.0,True
/home/ec2-user/ndvi_sqs_work/inner_mongolia/raw/HLS-VI.S30.T48TUL.2018358T040151.v2.0.NDVI.tif,HLS-VI.S30.T48TUL.2018358T040151.v2.0.NDVI.tif,S30,T48TUL,2018-12-24,2018358,040151,EPSG:32648,300000.0,4490220.0,409800.0,4600020.0,True
/home/ec2-user/ndvi_sqs_work/inner_mongolia/raw/HLS-VI.S30.T48TUM.2018358T040151.v2.0.NDVI.tif,HLS-VI.S30.T48TUM.2018358T040151.v2.0.NDVI.tif,S30,T48TUM,2018-12-24,2018358,040151,EPSG:32648,300000.0,4590240.0,409800.0,4700040.0,True
/home/ec2-user/ndvi_sqs_work/inner_mongolia/raw/HLS-VI.S30.T48TVL.2018358T040151.v2.0.NDVI.tif,HLS-VI.S30.T48TVL.2018358T040151.v2.0.NDVI.tif,S30,T48TVL,2018-12-24,2018358,040151,EPSG:32648,399960.0,4490220.0,509760.0,4600020.0,True
/home/ec2-user/ndvi_sqs_work/inner_mongolia/raw/HLS-VI.S30.T48TVM.2018358T040151.v2.0.NDVI.tif,HLS-VI.S30.T48TVM.2018358T040151.v2.0.NDVI.tif,S30,T48TVM,2018-12-24,2018358,040151,EPSG:32648,399960.0,4590240.0,509760.0,4700040.0,True
/home/ec2-user/ndvi_sqs_work/inner_mongolia/raw/HLS-VI.S30.T47TLH.2018359T042159.v2.0.NDVI.tif,HLS-VI.S30.T47TLH.2018359T042159.v2.0.NDVI.tif,S30,T47TLH,2018-12-25,2018359,042159,EPSG:32647,300000.0,4690200.0,409800.0,4800000.0,True
/home/ec2-user/ndvi_sqs_work/inner_mongolia/raw/HLS-VI.S30.T47TMG.2018359T042159.v2.0.NDVI.tif,HLS-VI.S30.T47TMG.2018359T042159.v2.0.NDVI.tif,S30,T47TMG,2018-12-25,2018359,042159,EPSG:32647,399960.0,4590240.0,509760.0,4700040.0,True
/home/ec2-user/ndvi_sqs_work/inner_mongolia/raw/HLS-VI.S30.T47TMH.2018359T042159.v2.0.NDVI.tif,HLS-VI.S30.T47TMH.2018359T042159.v2.0.NDVI.tif,S30,T47TMH,2018-12-25,2018359,042159,EPSG:32647,399960.0,4690200.0,509760.0,4800000.0,True
/home/ec2-user/ndvi_sqs_work/inner_mongolia/raw/HLS-VI.S30.T47TNG.2018359T042159.v2.0.NDVI.tif,HLS-VI.S30.T47TNG.2018359T042159.v2.0.NDVI.tif,S30,T47TNG,2018-12-25,2018359,042159,EPSG:32647,499980.0,4590240.0,609780.0,4700040.0,True
/home/ec2-user/ndvi_sqs_work/inner_mongolia/raw/HLS-VI.S30.T49TCF.2018359T033141.v2.0.NDVI.tif,HLS-VI.S30.T49TCF.2018359T033141.v2.0.NDVI.tif,S30,T49TCF,2018-12-25,2018359,033141,EPSG:32649,300000.0,4490220.0,409800.0,4600020.0,True
/home/ec2-user/ndvi_sqs_work/inner_mongolia/raw/HLS-VI.S30.T49TCH.2018359T033141.v2.0.NDVI.tif,HLS-VI.S30.T49TCH.2018359T033141.v2.0.NDVI.tif,S30,T49TCH,2018-12-25,2018359,033141,EPSG:32649,300000.0,4690200.0,409800.0,4800000.0,True
/home/ec2-user/ndvi_sqs_work/inner_mongolia/raw/HLS-VI.S30.T49TDE.2018359T033141.v2.0.NDVI.tif,HLS-VI.S30.T49TDE.2018359T033141.v2.0.NDVI.tif,S30,T49TDE,2018-12-25,2018359,033141,EPSG:32649,399960.0,4390200.0,509760.0,4500000.0,True
/home/ec2-user/ndvi_sqs_work/inner_mongolia/raw/HLS-VI.S30.T49TDF.2018359T033141.v2.0.NDVI.tif,HLS-VI.S30.T49TDF.2018359T033141.v2.0.NDVI.tif,S30,T49TDF,2018-12-25,2018359,033141,EPSG:32649,399960.0,4490220.0,509760.0,4600020.0,True
/home/ec2-user/ndvi_sqs_work/inner_mongolia/raw/HLS-VI.S30.T49TDG.2018359T033141.v2.0.NDVI.tif,HLS-VI.S30.T49TDG.2018359T033141.v2.0.NDVI.tif,S30,T49TDG,2018-12-25,2018359,033141,EPSG:32649,399960.0,4590240.0,509760.0,4700040.0,True
/home/ec2-user/ndvi_sqs_work/inner_mongolia/raw/HLS-VI.S30.T49TDH.2018359T033141.v2.0.NDVI.tif,HLS-VI.S30.T49TDH.2018359T033141.v2.0.NDVI.tif,S30,T49TDH,2018-12-25,2018359,033141,EPSG:32649,399960.0,4690200.0,509760.0,4800000.0,True
/home/ec2-user/ndvi_sqs_work/inner_mongolia/raw/HLS-VI.S30.T49TEE.2018359T033141.v2.0.NDVI.tif,HLS-VI.S30.T49TEE.2018359T033141.v2.0.NDVI.tif,S30,T49TEE,2018-12-25,2018359,033141,EPSG:32649,499980.0,4390200.0,609780.0,4500000.0,True
/home/ec2-user/ndvi_sqs_work/inner_mongolia/raw/HLS-VI.S30.T49TEG.2018359T033141.v2.0.NDVI.tif,HLS-VI.S30.T49TEG.2018359T033141.v2.0.NDVI.tif,S30,T49TEG,2018-12-25,2018359,033141,EPSG:32649,499980.0,4590240.0,609780.0,4700040.0,True
/home/ec2-user/ndvi_sqs_work/inner_mongolia/raw/HLS-VI.S30.T49TEH.2018359T033141.v2.0.NDVI.tif,HLS-VI.S30.T49TEH.2018359T033141.v2.0.NDVI.tif,S30,T49TEH,2018-12-25,2018359,033141,EPSG:32649,499980.0,4690200.0,609780.0,4800000.0,True
/home/ec2-user/ndvi_sqs_work/inner_mongolia/raw/HLS-VI.S30.T49TFK.2018359T033141.v2.0.NDVI.tif,HLS-VI.S30.T49TFK.2018359T033141.v2.0.NDVI.tif,S30,T49TFK,2018-12-25,2018359,033141,EPSG:32649,600000.0,4890240.0,709800.0,5000040.0,True
/home/ec2-user/ndvi_sqs_work/inner_mongolia/raw/HLS-VI.S30.T49TEH.2018361T032139.v2.0.NDVI.tif,HLS-VI.S30.T49TEH.2018361T032139.v2.0.NDVI.tif,S30,T49TEH,2018-12-27,2018361,032139,EPSG:32649,499980.0,4690200.0,609780.0,4800000.0,True
/home/ec2-user/ndvi_sqs_work/inner_mongolia/raw/HLS-VI.S30.T48TYN.2018362T034141.v2.0.NDVI.tif,HLS-VI.S30.T48TYN.2018362T034141.v2.0.NDVI.tif,S30,T48TYN,2018-12-28,2018362,034141,EPSG:32648,699960.0,4690200.0,809760.0,4800000.0,True
/home/ec2-user/ndvi_sqs_work/inner_mongolia/raw/HLS-VI.S30.T49TDJ.2018362T034141.v2.0.NDVI.tif,HLS-VI.S30.T49TDJ.2018362T034141.v2.0.NDVI.tif,S30,T49TDJ,2018-12-28,2018362,034141,EPSG:32649,399960.0,4790220.0,509760.0,4900020.0,True
/home/ec2-user/ndvi_sqs_work/inner_mongolia/raw/HLS-VI.S30.T50TQQ.2018362T025119.v2.0.NDVI.tif,HLS-VI.S30.T50TQQ.2018362T025119.v2.0.NDVI.tif,S30,T50TQQ,2018-12-28,2018362,025119,EPSG:32650,699960.0,4890240.0,809760.0,5000040.0,True
/home/ec2-user/ndvi_sqs_work/inner_mongolia/raw/HLS-VI.S30.T51TUH.2018362T025119.v2.0.NDVI.tif,HLS-VI.S30.T51TUH.2018362T025119.v2.0.NDVI.tif,S30,T51TUH,2018-12-28,2018362,025119,EPSG:32651,300000.0,4690200.0,409800.0,4800000.0,True
/home/ec2-user/ndvi_sqs_work/inner_mongolia/raw/HLS-VI.S30.T51TVN.2018362T025119.v2.0.NDVI.tif,HLS-VI.S30.T51TVN.2018362T025119.v2.0.NDVI.tif,S30,T51TVN,2018-12-28,2018362,025119,EPSG:32651,399960.0,5190240.0,509760.0,5300040.0,True
/home/ec2-user/ndvi_sqs_work/inner_mongolia/raw/HLS-VI.S30.T50TLQ.2018363T031131.v2.0.NDVI.tif,HLS-VI.S30.T50TLQ.2018363T031131.v2.0.NDVI.tif,S30,T50TLQ,2018-12-29,2018363,031131,EPSG:32650,300000.0,4890240.0,409800.0,5000040.0,True
/home/ec2-user/ndvi_sqs_work/inner_mongolia/raw/HLS-VI.S30.T49TDJ.2018364T033139.v2.0.NDVI.tif,HLS-VI.S30.T49TDJ.2018364T033139.v2.0.NDVI.tif,S30,T49TDJ,2018-12-30,2018364,033139,EPSG:32649,399960.0,4790220.0,509760.0,4900020.0,True
/home/ec2-user/ndvi_sqs_work/inner_mongolia/raw/HLS-VI.S30.T49TEJ.2018364T033139.v2.0.NDVI.tif,HLS-VI.S30.T49TEJ.2018364T033139.v2.0.NDVI.tif,S30,T49TEJ,2018-12-30,2018364,033139,EPSG:32649,499980.0,4790220.0,609780.0,4900020.0,True
/home/ec2-user/ndvi_sqs_work/inner_mongolia/raw/HLS-VI.S30.T49TEK.2018364T033139.v2.0.NDVI.tif,HLS-VI.S30.T49TEK.2018364T033139.v2.0.NDVI.tif,S30,T49TEK,2018-12-30,2018364,033139,EPSG:32649,499980.0,4890240.0,609780.0,5000040.0,True
/home/ec2-user/ndvi_sqs_work/inner_mongolia/raw/HLS-VI.S30.T49TEL.2018364T033139.v2.0.NDVI.tif,HLS-VI.S30.T49TEL.2018364T033139.v2.0.NDVI.tif,S30,T49TEL,2018-12-30,2018364,033139,EPSG:32649,499980.0,4990200.0,609780.0,5100000.0,True
/home/ec2-user/ndvi_sqs_work/inner_mongolia/raw/HLS-VI.S30.T49TFK.2018364T033139.v2.0.NDVI.tif,HLS-VI.S30.T49TFK.2018364T033139.v2.0.NDVI.tif,S30,T49TFK,2018-12-30,2018364,033139,EPSG:32649,600000.0,4890240.0,709800.0,5000040.0,True
/home/ec2-user/ndvi_sqs_work/inner_mongolia/raw/HLS-VI.S30.T49TGJ.2018364T033139.v2.0.NDVI.tif,HLS-VI.S30.T49TGJ.2018364T033139.v2.0.NDVI.tif,S30,T49TGJ,2018-12-30,2018364,033139,EPSG:32649,699960.0,4790220.0,809760.0,4900020.0,True
/home/ec2-user/ndvi_sqs_work/inner_mongolia/raw/HLS-VI.S30.T48SWG.2018365T035141.v2.0.NDVI.tif,HLS-VI.S30.T48SWG.2018365T035141.v2.0.NDVI.tif,S30,T48SWG,2018-12-31,2018365,035141,EPSG:32648,499980.0,4090200.0,609780.0,4200000.0,True
/home/ec2-user/ndvi_sqs_work/inner_mongolia/raw/HLS-VI.S30.T48TVK.2018365T035141.v2.0.NDVI.tif,HLS-VI.S30.T48TVK.2018365T035141.v2.0.NDVI.tif,S30,T48TVK,2018-12-31,2018365,035141,EPSG:32648,399960.0,4390200.0,509760.0,4500000.0,True
/home/ec2-user/ndvi_sqs_work/inner_mongolia/raw/HLS-VI.S30.T48TVL.2018365T035141.v2.0.NDVI.tif,HLS-VI.S30.T48TVL.2018365T035141.v2.0.NDVI.tif,S30,T48TVL,2018-12-31,2018365,035141,EPSG:32648,399960.0,4490220.0,509760.0,4600020.0,True
/home/ec2-user/ndvi_sqs_work/inner_mongolia/raw/HLS-VI.S30.T50TQN.2018365T030129.v2.0.NDVI.tif,HLS-VI.S30.T50TQN.2018365T030129.v2.0.NDVI.tif,S30,T50TQN,2018-12-31,2018365,030129,EPSG:32650,699960.0,4690200.0,809760.0,4800000.0,True
/home/ec2-user/ndvi_sqs_work/inner_mongolia/raw/HLS-VI.S30.T50TQP.2018365T030129.v2.0.NDVI.tif,HLS-VI.S30.T50TQP.2018365T030129.v2.0.NDVI.tif,S30,T50TQP,2018-12-31,2018365,030129,EPSG:32650,699960.0,4790220.0,809760.0,4900020.0,True
/home/ec2-user/ndvi_sqs_work/inner_mongolia/raw/HLS-VI.S30.T51TUH.2018365T030129.v2.0.NDVI.tif,HLS-VI.S30.T51TUH.2018365T030129.v2.0.NDVI.tif,S30,T51TUH,2018-12-31,2018365,030129,EPSG:32651,300000.0,4690200.0,409800.0,4800000.0,True
/home/ec2-user/ndvi_sqs_work/inner_mongolia/raw/HLS-VI.S30.T51TUJ.2018365T030129.v2.0.NDVI.tif,HLS-VI.S30.T51TUJ.2018365T030129.v2.0.NDVI.tif,S30,T51TUJ,2018-12-31,2018365,030129,EPSG:32651,300000.0,4790220.0,409800.0,4900020.0,True
/home/ec2-user/ndvi_sqs_work/inner_mongolia/raw/HLS-VI.S30.T51TUK.2018365T030129.v2.0.NDVI.tif,HLS-VI.S30.T51TUK.2018365T030129.v2.0.NDVI.tif,S30,T51TUK,2018-12-31,2018365,030129,EPSG:32651,300000.0,4890240.0,409800.0,5000040.0,True
/home/ec2-user/ndvi_sqs_work/inner_mongolia/raw/HLS-VI.S30.T51TVL.2018365T030129.v2.0.NDVI.tif,HLS-VI.S30.T51TVL.2018365T030129.v2.0.NDVI.tif,S30,T51TVL,2018-12-31,2018365,030129,EPSG:32651,399960.0,4990200.0,509760.0,5100000.0,True
/home/ec2-user/ndvi_sqs_work/inner_mongolia/raw/HLS-VI.S30.T51TVM.2018365T030129.v2.0.NDVI.tif,HLS-VI.S30.T51TVM.2018365T030129.v2.0.NDVI.tif,S30,T51TVM,2018-12-31,2018365,030129,EPSG:32651,399960.0,5090220.0,509760.0,5200020.0,True
/home/ec2-user/ndvi_sqs_work/inner_mongolia/raw/HLS-VI.S30.T51UWP.2018365T030129.v2.0.NDVI.tif,HLS-VI.S30.T51UWP.2018365T030129.v2.0.NDVI.tif,S30,T51UWP,2018-12-31,2018365,030129,EPSG:32651,499980.0,5290200.0,609780.0,5400000.0,True
