path,filename,sensor,tile,date,julian_date,hms
/home/ec2-user/ndvi_sqs_work/yunnan/raw/HLS-VI.S30.T47QRG.2018005T035131.v2.0.NDVI.tif,HLS-VI.S30.T47QRG.2018005T035131.v2.0.NDVI.tif,S30,T47QRG,2018-01-05,2018005,035131
/home/ec2-user/ndvi_sqs_work/yunnan/raw/HLS-VI.S30.T47RNK.2018005T035131.v2.0.NDVI.tif,HLS-VI.S30.T47RNK.2018005T035131.v2.0.NDVI.tif,S30,T47RNK,2018-01-05,2018005,035131
/home/ec2-user/ndvi_sqs_work/yunnan/raw/HLS-VI.S30.T47RPJ.2018005T035131.v2.0.NDVI.tif,HLS-VI.S30.T47RPJ.2018005T035131.v2.0.NDVI.tif,S30,T47RPJ,2018-01-05,2018005,035131
/home/ec2-user/ndvi_sqs_work/yunnan/raw/HLS-VI.S30.T47RPK.2018005T035131.v2.0.NDVI.tif,HLS-VI.S30.T47RPK.2018005T035131.v2.0.NDVI.tif,S30,T47RPK,2018-01-05,2018005,035131
/home/ec2-user/ndvi_sqs_work/yunnan/raw/HLS-VI.S30.T47RQJ.2018005T035131.v2.0.NDVI.tif,HLS-VI.S30.T47RQJ.2018005T035131.v2.0.NDVI.tif,S30,T47RQJ,2018-01-05,2018005,035131
/home/ec2-user/ndvi_sqs_work/yunnan/raw/HLS-VI.S30.T47RQK.2018005T035131.v2.0.NDVI.tif,HLS-VI.S30.T47RQK.2018005T035131.v2.0.NDVI.tif,S30,T47RQK,2018-01-05,2018005,035131
/home/ec2-user/ndvi_sqs_work/yunnan/raw/HLS-VI.S30.T47RRH.2018005T035131.v2.0.NDVI.tif,HLS-VI.S30.T47RRH.2018005T035131.v2.0.NDVI.tif,S30,T47RRH,2018-01-05,2018005,035131
/home/ec2-user/ndvi_sqs_work/yunnan/raw/HLS-VI.S30.T47RRJ.2018005T035131.v2.0.NDVI.tif,HLS-VI.S30.T47RRJ.2018005T035131.v2.0.NDVI.tif,S30,T47RRJ,2018-01-05,2018005,035131
/home/ec2-user/ndvi_sqs_work/yunnan/raw/HLS-VI.S30.T48QTM.2018005T035131.v2.0.NDVI.tif,HLS-VI.S30.T48QTM.2018005T035131.v2.0.NDVI.tif,S30,T48QTM,2018-01-05,2018005,035131
/home/ec2-user/ndvi_sqs_work/yunnan/raw/HLS-VI.S30.T48RTN.2018005T035131.v2.0.NDVI.tif,HLS-VI.S30.T48RTN.2018005T035131.v2.0.NDVI.tif,S30,T48RTN,2018-01-05,2018005,035131
/home/ec2-user/ndvi_sqs_work/yunnan/raw/HLS-VI.S30.T48RTP.2018005T035131.v2.0.NDVI.tif,HLS-VI.S30.T48RTP.2018005T035131.v2.0.NDVI.tif,S30,T48RTP,2018-01-05,2018005,035131
/home/ec2-user/ndvi_sqs_work/yunnan/raw/HLS-VI.S30.T48RUQ.2018005T035131.v2.0.NDVI.tif,HLS-VI.S30.T48RUQ.2018005T035131.v2.0.NDVI.tif,S30,T48RUQ,2018-01-05,2018005,035131
/home/ec2-user/ndvi_sqs_work/yunnan/raw/HLS-VI.S30.T47RRH.2018007T034119.v2.0.NDVI.tif,HLS-VI.S30.T47RRH.2018007T034119.v2.0.NDVI.tif,S30,T47RRH,2018-01-07,2018007,034119
/home/ec2-user/ndvi_sqs_work/yunnan/raw/HLS-VI.S30.T47RRJ.2018007T034119.v2.0.NDVI.tif,HLS-VI.S30.T47RRJ.2018007T034119.v2.0.NDVI.tif,S30,T47RRJ,2018-01-07,2018007,034119
/home/ec2-user/ndvi_sqs_work/yunnan/raw/HLS-VI.S30.T48RTN.2018007T034119.v2.0.NDVI.tif,HLS-VI.S30.T48RTN.2018007T034119.v2.0.NDVI.tif,S30,T48RTN,2018-01-07,2018007,034119
/home/ec2-user/ndvi_sqs_work/yunnan/raw/HLS-VI.S30.T48RTP.2018007T034119.v2.0.NDVI.tif,HLS-VI.S30.T48RTP.2018007T034119.v2.0.NDVI.tif,S30,T48RTP,2018-01-07,2018007,034119
/home/ec2-user/ndvi_sqs_work/yunnan/raw/HLS-VI.S30.T48RTQ.2018007T034119.v2.0.NDVI.tif,HLS-VI.S30.T48RTQ.2018007T034119.v2.0.NDVI.tif,S30,T48RTQ,2018-01-07,2018007,034119
/home/ec2-user/ndvi_sqs_work/yunnan/raw/HLS-VI.S30.T48RTR.2018007T034119.v2.0.NDVI.tif,HLS-VI.S30.T48RTR.2018007T034119.v2.0.NDVI.tif,S30,T48RTR,2018-01-07,2018007,034119
/home/ec2-user/ndvi_sqs_work/yunnan/raw/HLS-VI.S30.T48RUP.2018007T034119.v2.0.NDVI.tif,HLS-VI.S30.T48RUP.2018007T034119.v2.0.NDVI.tif,S30,T48RUP,2018-01-07,2018007,034119
/home/ec2-user/ndvi_sqs_work/yunnan/raw/HLS-VI.S30.T48RUQ.2018007T034119.v2.0.NDVI.tif,HLS-VI.S30.T48RUQ.2018007T034119.v2.0.NDVI.tif,S30,T48RUQ,2018-01-07,2018007,034119
/home/ec2-user/ndvi_sqs_work/yunnan/raw/HLS-VI.S30.T48RVP.2018007T034119.v2.0.NDVI.tif,HLS-VI.S30.T48RVP.2018007T034119.v2.0.NDVI.tif,S30,T48RVP,2018-01-07,2018007,034119
/home/ec2-user/ndvi_sqs_work/yunnan/raw/HLS-VI.S30.T48RVQ.2018007T034119.v2.0.NDVI.tif,HLS-VI.S30.T48RVQ.2018007T034119.v2.0.NDVI.tif,S30,T48RVQ,2018-01-07,2018007,034119
/home/ec2-user/ndvi_sqs_work/yunnan/raw/HLS-VI.S30.T47QNF.2018008T040131.v2.0.NDVI.tif,HLS-VI.S30.T47QNF.2018008T040131.v2.0.NDVI.tif,S30,T47QNF,2018-01-08,2018008,040131
/home/ec2-user/ndvi_sqs_work/yunnan/raw/HLS-VI.S30.T47QNG.2018008T040131.v2.0.NDVI.tif,HLS-VI.S30.T47QNG.2018008T040131.v2.0.NDVI.tif,S30,T47QNG,2018-01-08,2018008,040131
/home/ec2-user/ndvi_sqs_work/yunnan/raw/HLS-VI.S30.T47RLJ.2018008T040131.v2.0.NDVI.tif,HLS-VI.S30.T47RLJ.2018008T040131.v2.0.NDVI.tif,S30,T47RLJ,2018-01-08,2018008,040131
/home/ec2-user/ndvi_sqs_work/yunnan/raw/HLS-VI.S30.T47RMH.2018008T040131.v2.0.NDVI.tif,HLS-VI.S30.T47RMH.2018008T040131.v2.0.NDVI.tif,S30,T47RMH,2018-01-08,2018008,040131
/home/ec2-user/ndvi_sqs_work/yunnan/raw/HLS-VI.S30.T47RNH.2018008T040131.v2.0.NDVI.tif,HLS-VI.S30.T47RNH.2018008T040131.v2.0.NDVI.tif,S30,T47RNH,2018-01-08,2018008,040131
/home/ec2-user/ndvi_sqs_work/yunnan/raw/HLS-VI.S30.T47RNJ.2018008T040131.v2.0.NDVI.tif,HLS-VI.S30.T47RNJ.2018008T040131.v2.0.NDVI.tif,S30,T47RNJ,2018-01-08,2018008,040131
/home/ec2-user/ndvi_sqs_work/yunnan/raw/HLS-VI.S30.T47RPH.2018008T040131.v2.0.NDVI.tif,HLS-VI.S30.T47RPH.2018008T040131.v2.0.NDVI.tif,S30,T47RPH,2018-01-08,2018008,040131
/home/ec2-user/ndvi_sqs_work/yunnan/raw/HLS-VI.S30.T47RPJ.2018008T040131.v2.0.NDVI.tif,HLS-VI.S30.T47RPJ.2018008T040131.v2.0.NDVI.tif,S30,T47RPJ,2018-01-08,2018008,040131
/home/ec2-user/ndvi_sqs_work/yunnan/raw/HLS-VI.S30.T47RPK.2018008T040131.v2.0.NDVI.tif,HLS-VI.S30.T47RPK.2018008T040131.v2.0.NDVI.tif,S30,T47RPK,2018-01-08,2018008,040131
/home/ec2-user/ndvi_sqs_work/yunnan/raw/HLS-VI.S30.T47RRH.2018017T034059.v2.0.NDVI.tif,HLS-VI.S30.T47RRH.2018017T034059.v2.0.NDVI.tif,S30,T47RRH,2018-01-17,2018017,034059
/home/ec2-user/ndvi_sqs_work/yunnan/raw/HLS-VI.S30.T47RRJ.2018017T034059.v2.0.NDVI.tif,HLS-VI.S30.T47RRJ.2018017T034059.v2.0.NDVI.tif,S30,T47RRJ,2018-01-17,2018017,034059
/home/ec2-user/ndvi_sqs_work/yunnan/raw/HLS-VI.S30.T48RTN.2018017T034059.v2.0.NDVI.tif,HLS-VI.S30.T48RTN.2018017T034059.v2.0.NDVI.tif,S30,T48RTN,2018-01-17,2018017,034059
/home/ec2-user/ndvi_sqs_work/yunnan/raw/HLS-VI.S30.T48RTP.2018017T034059.v2.0.NDVI.tif,HLS-VI.S30.T48RTP.2018017T034059.v2.0.NDVI.tif,S30,T48RTP,2018-01-17,2018017,034059
/home/ec2-user/ndvi_sqs_work/yunnan/raw/HLS-VI.S30.T48RUN.2018017T034059.v2.0.NDVI.tif,HLS-VI.S30.T48RUN.2018017T034059.v2.0.NDVI.tif,S30,T48RUN,2018-01-17,2018017,034059
/home/ec2-user/ndvi_sqs_work/yunnan/raw/HLS-VI.S30.T48RUP.2018017T034059.v2.0.NDVI.tif,HLS-VI.S30.T48RUP.2018017T034059.v2.0.NDVI.tif,S30,T48RUP,2018-01-17,2018017,034059
/home/ec2-user/ndvi_sqs_work/yunnan/raw/HLS-VI.S30.T48RUQ.2018017T034059.v2.0.NDVI.tif,HLS-VI.S30.T48RUQ.2018017T034059.v2.0.NDVI.tif,S30,T48RUQ,2018-01-17,2018017,034059
/home/ec2-user/ndvi_sqs_work/yunnan/raw/HLS-VI.S30.T48RUR.2018017T034059.v2.0.NDVI.tif,HLS-VI.S30.T48RUR.2018017T034059.v2.0.NDVI.tif,S30,T48RUR,2018-01-17,2018017,034059
/home/ec2-user/ndvi_sqs_work/yunnan/raw/HLS-VI.S30.T48RVP.2018017T034059.v2.0.NDVI.tif,HLS-VI.S30.T48RVP.2018017T034059.v2.0.NDVI.tif,S30,T48RVP,2018-01-17,2018017,034059
/home/ec2-user/ndvi_sqs_work/yunnan/raw/HLS-VI.S30.T48RVQ.2018017T034059.v2.0.NDVI.tif,HLS-VI.S30.T48RVQ.2018017T034059.v2.0.NDVI.tif,S30,T48RVQ,2018-01-17,2018017,034059
/home/ec2-user/ndvi_sqs_work/yunnan/raw/HLS-VI.S30.T47QNF.2018020T035049.v2.0.NDVI.tif,HLS-VI.S30.T47QNF.2018020T035049.v2.0.NDVI.tif,S30,T47QNF,2018-01-20,2018020,035049
/home/ec2-user/ndvi_sqs_work/yunnan/raw/HLS-VI.S30.T47QNG.2018020T035049.v2.0.NDVI.tif,HLS-VI.S30.T47QNG.2018020T035049.v2.0.NDVI.tif,S30,T47QNG,2018-01-20,2018020,035049
/home/ec2-user/ndvi_sqs_work/yunnan/raw/HLS-VI.S30.T47RNH.2018020T035049.v2.0.NDVI.tif,HLS-VI.S30.T47RNH.2018020T035049.v2.0.NDVI.tif,S30,T47RNH,2018-01-20,2018020,035049
/home/ec2-user/ndvi_sqs_work/yunnan/raw/HLS-VI.S30.T47RNJ.2018020T035049.v2.0.NDVI.tif,HLS-VI.S30.T47RNJ.2018020T035049.v2.0.NDVI.tif,S30,T47RNJ,2018-01-20,2018020,035049
/home/ec2-user/ndvi_sqs_work/yunnan/raw/HLS-VI.S30.T47RNK.2018020T035049.v2.0.NDVI.tif,HLS-VI.S30.T47RNK.2018020T035049.v2.0.NDVI.tif,S30,T47RNK,2018-01-20,2018020,035049
/home/ec2-user/ndvi_sqs_work/yunnan/raw/HLS-VI.S30.T47RPH.2018020T035049.v2.0.NDVI.tif,HLS-VI.S30.T47RPH.2018020T035049.v2.0.NDVI.tif,S30,T47RPH,2018-01-20,2018020,035049
/home/ec2-user/ndvi_sqs_work/yunnan/raw/HLS-VI.S30.T47RPK.2018020T035049.v2.0.NDVI.tif,HLS-VI.S30.T47RPK.2018020T035049.v2.0.NDVI.tif,S30,T47RPK,2018-01-20,2018020,035049
/home/ec2-user/ndvi_sqs_work/yunnan/raw/HLS-VI.S30.T47RQH.2018020T035049.v2.0.NDVI.tif,HLS-VI.S30.T47RQH.2018020T035049.v2.0.NDVI.tif,S30,T47RQH,2018-01-20,2018020,035049
/home/ec2-user/ndvi_sqs_work/yunnan/raw/HLS-VI.S30.T47RQJ.2018020T035049.v2.0.NDVI.tif,HLS-VI.S30.T47RQJ.2018020T035049.v2.0.NDVI.tif,S30,T47RQJ,2018-01-20,2018020,035049
/home/ec2-user/ndvi_sqs_work/yunnan/raw/HLS-VI.S30.T47RQK.2018020T035049.v2.0.NDVI.tif,HLS-VI.S30.T47RQK.2018020T035049.v2.0.NDVI.tif,S30,T47RQK,2018-01-20,2018020,035049
/home/ec2-user/ndvi_sqs_work/yunnan/raw/HLS-VI.S30.T47RRH.2018020T035049.v2.0.NDVI.tif,HLS-VI.S30.T47RRH.2018020T035049.v2.0.NDVI.tif,S30,T47RRH,2018-01-20,2018020,035049
/home/ec2-user/ndvi_sqs_work/yunnan/raw/HLS-VI.S30.T47RRJ.2018020T035049.v2.0.NDVI.tif,HLS-VI.S30.T47RRJ.2018020T035049.v2.0.NDVI.tif,S30,T47RRJ,2018-01-20,2018020,035049
/home/ec2-user/ndvi_sqs_work/yunnan/raw/HLS-VI.S30.T48RTN.2018020T035049.v2.0.NDVI.tif,HLS-VI.S30.T48RTN.2018020T035049.v2.0.NDVI.tif,S30,T48RTN,2018-01-20,2018020,035049
/home/ec2-user/ndvi_sqs_work/yunnan/raw/HLS-VI.S30.T48RTP.2018020T035049.v2.0.NDVI.tif,HLS-VI.S30.T48RTP.2018020T035049.v2.0.NDVI.tif,S30,T48RTP,2018-01-20,2018020,035049
/home/ec2-user/ndvi_sqs_work/yunnan/raw/HLS-VI.S30.T47QLG.2018023T040039.v2.0.NDVI.tif,HLS-VI.S30.T47QLG.2018023T040039.v2.0.NDVI.tif,S30,T47QLG,2018-01-23,2018023,040039
/home/ec2-user/ndvi_sqs_work/yunnan/raw/HLS-VI.S30.T47QMG.2018023T040039.v2.0.NDVI.tif,HLS-VI.S30.T47QMG.2018023T040039.v2.0.NDVI.tif,S30,T47QMG,2018-01-23,2018023,040039
/home/ec2-user/ndvi_sqs_work/yunnan/raw/HLS-VI.S30.T47QNF.2018023T040039.v2.0.NDVI.tif,HLS-VI.S30.T47QNF.2018023T040039.v2.0.NDVI.tif,S30,T47QNF,2018-01-23,2018023,040039
/home/ec2-user/ndvi_sqs_work/yunnan/raw/HLS-VI.S30.T47QNG.2018023T040039.v2.0.NDVI.tif,HLS-VI.S30.T47QNG.2018023T040039.v2.0.NDVI.tif,S30,T47QNG,2018-01-23,2018023,040039
/home/ec2-user/ndvi_sqs_work/yunnan/raw/HLS-VI.S30.T47RLH.2018023T040039.v2.0.NDVI.tif,HLS-VI.S30.T47RLH.2018023T040039.v2.0.NDVI.tif,S30,T47RLH,2018-01-23,2018023,040039
/home/ec2-user/ndvi_sqs_work/yunnan/raw/HLS-VI.S30.T47RMH.2018023T040039.v2.0.NDVI.tif,HLS-VI.S30.T47RMH.2018023T040039.v2.0.NDVI.tif,S30,T47RMH,2018-01-23,2018023,040039
/home/ec2-user/ndvi_sqs_work/yunnan/raw/HLS-VI.S30.T47RNH.2018023T040039.v2.0.NDVI.tif,HLS-VI.S30.T47RNH.2018023T040039.v2.0.NDVI.tif,S30,T47RNH,2018-01-23,2018023,040039
/home/ec2-user/ndvi_sqs_work/yunnan/raw/HLS-VI.S30.T47RNJ.2018023T040039.v2.0.NDVI.tif,HLS-VI.S30.T47RNJ.2018023T040039.v2.0.NDVI.tif,S30,T47RNJ,2018-01-23,2018023,040039
/home/ec2-user/ndvi_sqs_work/yunnan/raw/HLS-VI.S30.T47RPH.2018023T040039.v2.0.NDVI.tif,HLS-VI.S30.T47RPH.2018023T040039.v2.0.NDVI.tif,S30,T47RPH,2018-01-23,2018023,040039
/home/ec2-user/ndvi_sqs_work/yunnan/raw/HLS-VI.S30.T47RPJ.2018023T040039.v2.0.NDVI.tif,HLS-VI.S30.T47RPJ.2018023T040039.v2.0.NDVI.tif,S30,T47RPJ,2018-01-23,2018023,040039
/home/ec2-user/ndvi_sqs_work/yunnan/raw/HLS-VI.S30.T47RPK.2018023T040039.v2.0.NDVI.tif,HLS-VI.S30.T47RPK.2018023T040039.v2.0.NDVI.tif,S30,T47RPK,2018-01-23,2018023,040039
/home/ec2-user/ndvi_sqs_work/yunnan/raw/HLS-VI.S30.T47QNE.2018025T035031.v2.0.NDVI.tif,HLS-VI.S30.T47QNE.2018025T035031.v2.0.NDVI.tif,S30,T47QNE,2018-01-25,2018025,035031
/home/ec2-user/ndvi_sqs_work/yunnan/raw/HLS-VI.S30.T47QNF.2018025T035031.v2.0.NDVI.tif,HLS-VI.S30.T47QNF.2018025T035031.v2.0.NDVI.tif,S30,T47QNF,2018-01-25,2018025,035031
/home/ec2-user/ndvi_sqs_work/yunnan/raw/HLS-VI.S30.T47QNG.2018025T035031.v2.0.NDVI.tif,HLS-VI.S30.T47QNG.2018025T035031.v2.0.NDVI.tif,S30,T47QNG,2018-01-25,2018025,035031
/home/ec2-user/ndvi_sqs_work/yunnan/raw/HLS-VI.S30.T47QPE.2018025T035031.v2.0.NDVI.tif,HLS-VI.S30.T47QPE.2018025T035031.v2.0.NDVI.tif,S30,T47QPE,2018-01-25,2018025,035031
/home/ec2-user/ndvi_sqs_work/yunnan/raw/HLS-VI.S30.T47QPF.2018025T035031.v2.0.NDVI.tif,HLS-VI.S30.T47QPF.2018025T035031.v2.0.NDVI.tif,S30,T47QPF,2018-01-25,2018025,035031
/home/ec2-user/ndvi_sqs_work/yunnan/raw/HLS-VI.S30.T47QPG.2018025T035031.v2.0.NDVI.tif,HLS-VI.S30.T47QPG.2018025T035031.v2.0.NDVI.tif,S30,T47QPG,2018-01-25,2018025,035031
/home/ec2-user/ndvi_sqs_work/yunnan/raw/HLS-VI.S30.T47QQF.2018025T035031.v2.0.NDVI.tif,HLS-VI.S30.T47QQF.2018025T035031.v2.0.NDVI.tif,S30,T47QQF,2018-01-25,2018025,035031
/home/ec2-user/ndvi_sqs_work/yunnan/raw/HLS-VI.S30.T47QQG.2018025T035031.v2.0.NDVI.tif,HLS-VI.S30.T47QQG.2018025T035031.v2.0.NDVI.tif,S30,T47QQG,2018-01-25,2018025,035031
/home/ec2-user/ndvi_sqs_work/yunnan/raw/HLS-VI.S30.T47QRE.2018025T035031.v2.0.NDVI.tif,HLS-VI.S30.T47QRE.2018025T035031.v2.0.NDVI.tif,S30,T47QRE,2018-01-25,2018025,035031
/home/ec2-user/ndvi_sqs_work/yunnan/raw/HLS-VI.S30.T47QRF.2018025T035031.v2.0.NDVI.tif,HLS-VI.S30.T47QRF.2018025T035031.v2.0.NDVI.tif,S30,T47QRF,2018-01-25,2018025,035031
/home/ec2-user/ndvi_sqs_work/yunnan/raw/HLS-VI.S30.T47QRG.2018025T035031.v2.0.NDVI.tif,HLS-VI.S30.T47QRG.2018025T035031.v2.0.NDVI.tif,S30,T47QRG,2018-01-25,2018025,035031
/home/ec2-user/ndvi_sqs_work/yunnan/raw/HLS-VI.S30.T47RNJ.2018025T035031.v2.0.NDVI.tif,HLS-VI.S30.T47RNJ.2018025T035031.v2.0.NDVI.tif,S30,T47RNJ,2018-01-25,2018025,035031
/home/ec2-user/ndvi_sqs_work/yunnan/raw/HLS-VI.S30.T47RNK.2018025T035031.v2.0.NDVI.tif,HLS-VI.S30.T47RNK.2018025T035031.v2.0.NDVI.tif,S30,T47RNK,2018-01-25,2018025,035031
/home/ec2-user/ndvi_sqs_work/yunnan/raw/HLS-VI.S30.T47RPH.2018025T035031.v2.0.NDVI.tif,HLS-VI.S30.T47RPH.2018025T035031.v2.0.NDVI.tif,S30,T47RPH,2018-01-25,2018025,035031
/home/ec2-user/ndvi_sqs_work/yunnan/raw/HLS-VI.S30.T47RPJ.2018025T035031.v2.0.NDVI.tif,HLS-VI.S30.T47RPJ.2018025T035031.v2.0.NDVI.tif,S30,T47RPJ,2018-01-25,2018025,035031
/home/ec2-user/ndvi_sqs_work/yunnan/raw/HLS-VI.S30.T47RPK.2018025T035031.v2.0.NDVI.tif,HLS-VI.S30.T47RPK.2018025T035031.v2.0.NDVI.tif,S30,T47RPK,2018-01-25,2018025,035031
/home/ec2-user/ndvi_sqs_work/yunnan/raw/HLS-VI.S30.T47RPL.2018025T035031.v2.0.NDVI.tif,HLS-VI.S30.T47RPL.2018025T035031.v2.0.NDVI.tif,S30,T47RPL,2018-01-25,2018025,035031
/home/ec2-user/ndvi_sqs_work/yunnan/raw/HLS-VI.S30.T47RPM.2018025T035031.v2.0.NDVI.tif,HLS-VI.S30.T47RPM.2018025T035031.v2.0.NDVI.tif,S30,T47RPM,2018-01-25,2018025,035031
/home/ec2-user/ndvi_sqs_work/yunnan/raw/HLS-VI.S30.T47RQH.2018025T035031.v2.0.NDVI.tif,HLS-VI.S30.T47RQH.2018025T035031.v2.0.NDVI.tif,S30,T47RQH,2018-01-25,2018025,035031
/home/ec2-user/ndvi_sqs_work/yunnan/raw/HLS-VI.S30.T47RQJ.2018025T035031.v2.0.NDVI.tif,HLS-VI.S30.T47RQJ.2018025T035031.v2.0.NDVI.tif,S30,T47RQJ,2018-01-25,2018025,035031
/home/ec2-user/ndvi_sqs_work/yunnan/raw/HLS-VI.S30.T47RQK.2018025T035031.v2.0.NDVI.tif,HLS-VI.S30.T47RQK.2018025T035031.v2.0.NDVI.tif,S30,T47RQK,2018-01-25,2018025,035031
/home/ec2-user/ndvi_sqs_work/yunnan/raw/HLS-VI.S30.T47RQL.2018025T035031.v2.0.NDVI.tif,HLS-VI.S30.T47RQL.2018025T035031.v2.0.NDVI.tif,S30,T47RQL,2018-01-25,2018025,035031
/home/ec2-user/ndvi_sqs_work/yunnan/raw/HLS-VI.S30.T47RRH.2018025T035031.v2.0.NDVI.tif,HLS-VI.S30.T47RRH.2018025T035031.v2.0.NDVI.tif,S30,T47RRH,2018-01-25,2018025,035031
/home/ec2-user/ndvi_sqs_work/yunnan/raw/HLS-VI.S30.T47RRJ.2018025T035031.v2.0.NDVI.tif,HLS-VI.S30.T47RRJ.2018025T035031.v2.0.NDVI.tif,S30,T47RRJ,2018-01-25,2018025,035031
/home/ec2-user/ndvi_sqs_work/yunnan/raw/HLS-VI.S30.T48QTL.2018025T035031.v2.0.NDVI.tif,HLS-VI.S30.T48QTL.2018025T035031.v2.0.NDVI.tif,S30,T48QTL,2018-01-25,2018025,035031
/home/ec2-user/ndvi_sqs_work/yunnan/raw/HLS-VI.S30.T48QTM.2018025T035031.v2.0.NDVI.tif,HLS-VI.S30.T48QTM.2018025T035031.v2.0.NDVI.tif,S30,T48QTM,2018-01-25,2018025,035031
/home/ec2-user/ndvi_sqs_work/yunnan/raw/HLS-VI.S30.T48RTN.2018025T035031.v2.0.NDVI.tif,HLS-VI.S30.T48RTN.2018025T035031.v2.0.NDVI.tif,S30,T48RTN,2018-01-25,2018025,035031
/home/ec2-user/ndvi_sqs_work/yunnan/raw/HLS-VI.S30.T48RTP.2018025T035031.v2.0.NDVI.tif,HLS-VI.S30.T48RTP.2018025T035031.v2.0.NDVI.tif,S30,T48RTP,2018-01-25,2018025,035031
/home/ec2-user/ndvi_sqs_work/yunnan/raw/HLS-VI.S30.T48RTQ.2018025T035031.v2.0.NDVI.tif,HLS-VI.S30.T48RTQ.2018025T035031.v2.0.NDVI.tif,S30,T48RTQ,2018-01-25,2018025,035031
/home/ec2-user/ndvi_sqs_work/yunnan/raw/HLS-VI.S30.T48RTR.2018025T035031.v2.0.NDVI.tif,HLS-VI.S30.T48RTR.2018025T035031.v2.0.NDVI.tif,S30,T48RTR,2018-01-25,2018025,035031
/home/ec2-user/ndvi_sqs_work/yunnan/raw/HLS-VI.S30.T48RUQ.2018025T035031.v2.0.NDVI.tif,HLS-VI.S30.T48RUQ.2018025T035031.v2.0.NDVI.tif,S30,T48RUQ,2018-01-25,2018025,035031
/home/ec2-user/ndvi_sqs_work/yunnan/raw/HLS-VI.S30.T47QQG.2018027T034009.v2.0.NDVI.tif,HLS-VI.S30.T47QQG.2018027T034009.v2.0.NDVI.tif,S30,T47QQG,2018-01-27,2018027,034009
/home/ec2-user/ndvi_sqs_work/yunnan/raw/HLS-VI.S30.T47RRJ.2018027T034009.v2.0.NDVI.tif,HLS-VI.S30.T47RRJ.2018027T034009.v2.0.NDVI.tif,S30,T47RRJ,2018-01-27,2018027,034009
/home/ec2-user/ndvi_sqs_work/yunnan/raw/HLS-VI.S30.T48RTP.2018027T034009.v2.0.NDVI.tif,HLS-VI.S30.T48RTP.2018027T034009.v2.0.NDVI.tif,S30,T48RTP,2018-01-27,2018027,034009
/home/ec2-user/ndvi_sqs_work/yunnan/raw/HLS-VI.S30.T48RTQ.2018027T034009.v2.0.NDVI.tif,HLS-VI.S30.T48RTQ.2018027T034009.v2.0.NDVI.tif,S30,T48RTQ,2018-01-27,2018027,034009
/home/ec2-user/ndvi_sqs_work/yunnan/raw/HLS-VI.S30.T48RTR.2018027T034009.v2.0.NDVI.tif,HLS-VI.S30.T48RTR.2018027T034009.v2.0.NDVI.tif,S30,T48RTR,2018-01-27,2018027,034009
/home/ec2-user/ndvi_sqs_work/yunnan/raw/HLS-VI.S30.T48RUQ.2018027T034009.v2.0.NDVI.tif,HLS-VI.S30.T48RUQ.2018027T034009.v2.0.NDVI.tif,S30,T48RUQ,2018-01-27,2018027,034009
/home/ec2-user/ndvi_sqs_work/yunnan/raw/HLS-VI.S30.T47QLG.2018028T040021.v2.0.NDVI.tif,HLS-VI.S30.T47QLG.2018028T040021.v2.0.NDVI.tif,S30,T47QLG,2018-01-28,2018028,040021
/home/ec2-user/ndvi_sqs_work/yunnan/raw/HLS-VI.S30.T47QMF.2018028T040021.v2.0.NDVI.tif,HLS-VI.S30.T47QMF.2018028T040021.v2.0.NDVI.tif,S30,T47QMF,2018-01-28,2018028,040021
/home/ec2-user/ndvi_sqs_work/yunnan/raw/HLS-VI.S30.T47QMG.2018028T040021.v2.0.NDVI.tif,HLS-VI.S30.T47QMG.2018028T040021.v2.0.NDVI.tif,S30,T47QMG,2018-01-28,2018028,040021
/home/ec2-user/ndvi_sqs_work/yunnan/raw/HLS-VI.S30.T47QNE.2018028T040021.v2.0.NDVI.tif,HLS-VI.S30.T47QNE.2018028T040021.v2.0.NDVI.tif,S30,T47QNE,2018-01-28,2018028,040021
/home/ec2-user/ndvi_sqs_work/yunnan/raw/HLS-VI.S30.T47QNF.2018028T040021.v2.0.NDVI.tif,HLS-VI.S30.T47QNF.2018028T040021.v2.0.NDVI.tif,S30,T47QNF,2018-01-28,2018028,040021
/home/ec2-user/ndvi_sqs_work/yunnan/raw/HLS-VI.S30.T47QNG.2018028T040021.v2.0.NDVI.tif,HLS-VI.S30.T47QNG.2018028T040021.v2.0.NDVI.tif,S30,T47QNG,2018-01-28,2018028,040021
/home/ec2-user/ndvi_sqs_work/yunnan/raw/HLS-VI.S30.T47RLJ.2018028T040021.v2.0.NDVI.tif,HLS-VI.S30.T47RLJ.2018028T040021.v2.0.NDVI.tif,S30,T47RLJ,2018-01-28,2018028,040021
/home/ec2-user/ndvi_sqs_work/yunnan/raw/HLS-VI.S30.T47RMH.2018028T040021.v2.0.NDVI.tif,HLS-VI.S30.T47RMH.2018028T040021.v2.0.NDVI.tif,S30,T47RMH,2018-01-28,2018028,040021
/home/ec2-user/ndvi_sqs_work/yunnan/raw/HLS-VI.S30.T47RMJ.2018028T040021.v2.0.NDVI.tif,HLS-VI.S30.T47RMJ.2018028T040021.v2.0.NDVI.tif,S30,T47RMJ,2018-01-28,2018028,040021
/home/ec2-user/ndvi_sqs_work/yunnan/raw/HLS-VI.S30.T47RNH.2018028T040021.v2.0.NDVI.tif,HLS-VI.S30.T47RNH.2018028T040021.v2.0.NDVI.tif,S30,T47RNH,2018-01-28,2018028,040021
/home/ec2-user/ndvi_sqs_work/yunnan/raw/HLS-VI.S30.T47RNJ.2018028T040021.v2.0.NDVI.tif,HLS-VI.S30.T47RNJ.2018028T040021.v2.0.NDVI.tif,S30,T47RNJ,2018-01-28,2018028,040021
/home/ec2-user/ndvi_sqs_work/yunnan/raw/HLS-VI.S30.T47RPH.2018028T040021.v2.0.NDVI.tif,HLS-VI.S30.T47RPH.2018028T040021.v2.0.NDVI.tif,S30,T47RPH,2018-01-28,2018028,040021
/home/ec2-user/ndvi_sqs_work/yunnan/raw/HLS-VI.S30.T47RPJ.2018028T040021.v2.0.NDVI.tif,HLS-VI.S30.T47RPJ.2018028T040021.v2.0.NDVI.tif,S30,T47RPJ,2018-01-28,2018028,040021
/home/ec2-user/ndvi_sqs_work/yunnan/raw/HLS-VI.S30.T47QNE.2018030T034959.v2.0.NDVI.tif,HLS-VI.S30.T47QNE.2018030T034959.v2.0.NDVI.tif,S30,T47QNE,2018-01-30,2018030,034959
/home/ec2-user/ndvi_sqs_work/yunnan/raw/HLS-VI.S30.T47QNF.2018030T034959.v2.0.NDVI.tif,HLS-VI.S30.T47QNF.2018030T034959.v2.0.NDVI.tif,S30,T47QNF,2018-01-30,2018030,034959
/home/ec2-user/ndvi_sqs_work/yunnan/raw/HLS-VI.S30.T47QNG.2018030T034959.v2.0.NDVI.tif,HLS-VI.S30.T47QNG.2018030T034959.v2.0.NDVI.tif,S30,T47QNG,2018-01-30,2018030,034959
/home/ec2-user/ndvi_sqs_work/yunnan/raw/HLS-VI.S30.T47QPD.2018030T034959.v2.0.NDVI.tif,HLS-VI.S30.T47QPD.2018030T034959.v2.0.NDVI.tif,S30,T47QPD,2018-01-30,2018030,034959
/home/ec2-user/ndvi_sqs_work/yunnan/raw/HLS-VI.S30.T47QPE.2018030T034959.v2.0.NDVI.tif,HLS-VI.S30.T47QPE.2018030T034959.v2.0.NDVI.tif,S30,T47QPE,2018-01-30,2018030,034959
/home/ec2-user/ndvi_sqs_work/yunnan/raw/HLS-VI.S30.T47QPF.2018030T034959.v2.0.NDVI.tif,HLS-VI.S30.T47QPF.2018030T034959.v2.0.NDVI.tif,S30,T47QPF,2018-01-30,2018030,034959
/home/ec2-user/ndvi_sqs_work/yunnan/raw/HLS-VI.S30.T47QPG.2018030T034959.v2.0.NDVI.tif,HLS-VI.S30.T47QPG.2018030T034959.v2.0.NDVI.tif,S30,T47QPG,2018-01-30,2018030,034959
/home/ec2-user/ndvi_sqs_work/yunnan/raw/HLS-VI.S30.T47QQD.2018030T034959.v2.0.NDVI.tif,HLS-VI.S30.T47QQD.2018030T034959.v2.0.NDVI.tif,S30,T47QQD,2018-01-30,2018030,034959
/home/ec2-user/ndvi_sqs_work/yunnan/raw/HLS-VI.S30.T47QQE.2018030T034959.v2.0.NDVI.tif,HLS-VI.S30.T47QQE.2018030T034959.v2.0.NDVI.tif,S30,T47QQE,2018-01-30,2018030,034959
/home/ec2-user/ndvi_sqs_work/yunnan/raw/HLS-VI.S30.T47QQF.2018030T034959.v2.0.NDVI.tif,HLS-VI.S30.T47QQF.2018030T034959.v2.0.NDVI.tif,S30,T47QQF,2018-01-30,2018030,034959
/home/ec2-user/ndvi_sqs_work/yunnan/raw/HLS-VI.S30.T47QRG.2018030T034959.v2.0.NDVI.tif,HLS-VI.S30.T47QRG.2018030T034959.v2.0.NDVI.tif,S30,T47QRG,2018-01-30,2018030,034959
/home/ec2-user/ndvi_sqs_work/yunnan/raw/HLS-VI.S30.T47RNH.2018030T034959.v2.0.NDVI.tif,HLS-VI.S30.T47RNH.2018030T034959.v2.0.NDVI.tif,S30,T47RNH,2018-01-30,2018030,034959
/home/ec2-user/ndvi_sqs_work/yunnan/raw/HLS-VI.S30.T47RNJ.2018030T034959.v2.0.NDVI.tif,HLS-VI.S30.T47RNJ.2018030T034959.v2.0.NDVI.tif,S30,T47RNJ,2018-01-30,2018030,034959
/home/ec2-user/ndvi_sqs_work/yunnan/raw/HLS-VI.S30.T47RNK.2018030T034959.v2.0.NDVI.tif,HLS-VI.S30.T47RNK.2018030T034959.v2.0.NDVI.tif,S30,T47RNK,2018-01-30,2018030,034959
/home/ec2-user/ndvi_sqs_work/yunnan/raw/HLS-VI.S30.T47RPH.2018030T034959.v2.0.NDVI.tif,HLS-VI.S30.T47RPH.2018030T034959.v2.0.NDVI.tif,S30,T47RPH,2018-01-30,2018030,034959
/home/ec2-user/ndvi_sqs_work/yunnan/raw/HLS-VI.S30.T47RPJ.2018030T034959.v2.0.NDVI.tif,HLS-VI.S30.T47RPJ.2018030T034959.v2.0.NDVI.tif,S30,T47RPJ,2018-01-30,2018030,034959
/home/ec2-user/ndvi_sqs_work/yunnan/raw/HLS-VI.S30.T47RPK.2018030T034959.v2.0.NDVI.tif,HLS-VI.S30.T47RPK.2018030T034959.v2.0.NDVI.tif,S30,T47RPK,2018-01-30,2018030,034959
/home/ec2-user/ndvi_sqs_work/yunnan/raw/HLS-VI.S30.T47RPL.2018030T034959.v2.0.NDVI.tif,HLS-VI.S30.T47RPL.2018030T034959.v2.0.NDVI.tif,S30,T47RPL,2018-01-30,2018030,034959
/home/ec2-user/ndvi_sqs_work/yunnan/raw/HLS-VI.S30.T47RQH.2018030T034959.v2.0.NDVI.tif,HLS-VI.S30.T47RQH.2018030T034959.v2.0.NDVI.tif,S30,T47RQH,2018-01-30,2018030,034959
/home/ec2-user/ndvi_sqs_work/yunnan/raw/HLS-VI.S30.T47RQJ.2018030T034959.v2.0.NDVI.tif,HLS-VI.S30.T47RQJ.2018030T034959.v2.0.NDVI.tif,S30,T47RQJ,2018-01-30,2018030,034959
/home/ec2-user/ndvi_sqs_work/yunnan/raw/HLS-VI.S30.T47RQK.2018030T034959.v2.0.NDVI.tif,HLS-VI.S30.T47RQK.2018030T034959.v2.0.NDVI.tif,S30,T47RQK,2018-01-30,2018030,034959
/home/ec2-user/ndvi_sqs_work/yunnan/raw/HLS-VI.S30.T47RRH.2018030T034959.v2.0.NDVI.tif,HLS-VI.S30.T47RRH.2018030T034959.v2.0.NDVI.tif,S30,T47RRH,2018-01-30,2018030,034959
/home/ec2-user/ndvi_sqs_work/yunnan/raw/HLS-VI.S30.T47RRJ.2018030T034959.v2.0.NDVI.tif,HLS-VI.S30.T47RRJ.2018030T034959.v2.0.NDVI.tif,S30,T47RRJ,2018-01-30,2018030,034959
/home/ec2-user/ndvi_sqs_work/yunnan/raw/HLS-VI.S30.T48QTM.2018030T034959.v2.0.NDVI.tif,HLS-VI.S30.T48QTM.2018030T034959.v2.0.NDVI.tif,S30,T48QTM,2018-01-30,2018030,034959
/home/ec2-user/ndvi_sqs_work/yunnan/raw/HLS-VI.S30.T48RTN.2018030T034959.v2.0.NDVI.tif,HLS-VI.S30.T48RTN.2018030T034959.v2.0.NDVI.tif,S30,T48RTN,2018-01-30,2018030,034959
/home/ec2-user/ndvi_sqs_work/yunnan/raw/HLS-VI.S30.T48RTP.2018030T034959.v2.0.NDVI.tif,HLS-VI.S30.T48RTP.2018030T034959.v2.0.NDVI.tif,S30,T48RTP,2018-01-30,2018030,034959
/home/ec2-user/ndvi_sqs_work/yunnan/raw/HLS-VI.S30.T47QNE.2018033T035949.v2.0.NDVI.tif,HLS-VI.S30.T47QNE.2018033T035949.v2.0.NDVI.tif,S30,T47QNE,2018-02-02,2018033,035949
/home/ec2-user/ndvi_sqs_work/yunnan/raw/HLS-VI.S30.T47RNK.2018040T034909.v2.0.NDVI.tif,HLS-VI.S30.T47RNK.2018040T034909.v2.0.NDVI.tif,S30,T47RNK,2018-02-09,2018040,034909
/home/ec2-user/ndvi_sqs_work/yunnan/raw/HLS-VI.S30.T47RPK.2018040T034909.v2.0.NDVI.tif,HLS-VI.S30.T47RPK.2018040T034909.v2.0.NDVI.tif,S30,T47RPK,2018-02-09,2018040,034909
/home/ec2-user/ndvi_sqs_work/yunnan/raw/HLS-VI.S30.T47RPL.2018040T034909.v2.0.NDVI.tif,HLS-VI.S30.T47RPL.2018040T034909.v2.0.NDVI.tif,S30,T47RPL,2018-02-09,2018040,034909
/home/ec2-user/ndvi_sqs_work/yunnan/raw/HLS-VI.S30.T47RQH.2018040T034909.v2.0.NDVI.tif,HLS-VI.S30.T47RQH.2018040T034909.v2.0.NDVI.tif,S30,T47RQH,2018-02-09,2018040,034909
/home/ec2-user/ndvi_sqs_work/yunnan/raw/HLS-VI.S30.T47RQJ.2018040T034909.v2.0.NDVI.tif,HLS-VI.S30.T47RQJ.2018040T034909.v2.0.NDVI.tif,S30,T47RQJ,2018-02-09,2018040,034909
/home/ec2-user/ndvi_sqs_work/yunnan/raw/HLS-VI.S30.T47RQK.2018040T034909.v2.0.NDVI.tif,HLS-VI.S30.T47RQK.2018040T034909.v2.0.NDVI.tif,S30,T47RQK,2018-02-09,2018040,034909
/home/ec2-user/ndvi_sqs_work/yunnan/raw/HLS-VI.S30.T47RQL.2018040T034909.v2.0.NDVI.tif,HLS-VI.S30.T47RQL.2018040T034909.v2.0.NDVI.tif,S30,T47RQL,2018-02-09,2018040,034909
/home/ec2-user/ndvi_sqs_work/yunnan/raw/HLS-VI.S30.T47RRH.2018040T034909.v2.0.NDVI.tif,HLS-VI.S30.T47RRH.2018040T034909.v2.0.NDVI.tif,S30,T47RRH,2018-02-09,2018040,034909
/home/ec2-user/ndvi_sqs_work/yunnan/raw/HLS-VI.S30.T47RRJ.2018040T034909.v2.0.NDVI.tif,HLS-VI.S30.T47RRJ.2018040T034909.v2.0.NDVI.tif,S30,T47RRJ,2018-02-09,2018040,034909
/home/ec2-user/ndvi_sqs_work/yunnan/raw/HLS-VI.S30.T48QTM.2018040T034909.v2.0.NDVI.tif,HLS-VI.S30.T48QTM.2018040T034909.v2.0.NDVI.tif,S30,T48QTM,2018-02-09,2018040,034909
/home/ec2-user/ndvi_sqs_work/yunnan/raw/HLS-VI.S30.T48RTN.2018040T034909.v2.0.NDVI.tif,HLS-VI.S30.T48RTN.2018040T034909.v2.0.NDVI.tif,S30,T48RTN,2018-02-09,2018040,034909
/home/ec2-user/ndvi_sqs_work/yunnan/raw/HLS-VI.S30.T48RTP.2018040T034909.v2.0.NDVI.tif,HLS-VI.S30.T48RTP.2018040T034909.v2.0.NDVI.tif,S30,T48RTP,2018-02-09,2018040,034909
/home/ec2-user/ndvi_sqs_work/yunnan/raw/HLS-VI.S30.T48RTQ.2018040T034909.v2.0.NDVI.tif,HLS-VI.S30.T48RTQ.2018040T034909.v2.0.NDVI.tif,S30,T48RTQ,2018-02-09,2018040,034909
/home/ec2-user/ndvi_sqs_work/yunnan/raw/HLS-VI.S30.T48RUQ.2018040T034909.v2.0.NDVI.tif,HLS-VI.S30.T48RUQ.2018040T034909.v2.0.NDVI.tif,S30,T48RUQ,2018-02-09,2018040,034909
/home/ec2-user/ndvi_sqs_work/yunnan/raw/HLS-VI.S30.T47QQD.2018042T033851.v2.0.NDVI.tif,HLS-VI.S30.T47QQD.2018042T033851.v2.0.NDVI.tif,S30,T47QQD,2018-02-11,2018042,033851
/home/ec2-user/ndvi_sqs_work/yunnan/raw/HLS-VI.S30.T47QQE.2018042T033851.v2.0.NDVI.tif,HLS-VI.S30.T47QQE.2018042T033851.v2.0.NDVI.tif,S30,T47QQE,2018-02-11,2018042,033851
/home/ec2-user/ndvi_sqs_work/yunnan/raw/HLS-VI.S30.T47QQF.2018042T033851.v2.0.NDVI.tif,HLS-VI.S30.T47QQF.2018042T033851.v2.0.NDVI.tif,S30,T47QQF,2018-02-11,2018042,033851
/home/ec2-user/ndvi_sqs_work/yunnan/raw/HLS-VI.S30.T47QQG.2018042T033851.v2.0.NDVI.tif,HLS-VI.S30.T47QQG.2018042T033851.v2.0.NDVI.tif,S30,T47QQG,2018-02-11,2018042,033851
/home/ec2-user/ndvi_sqs_work/yunnan/raw/HLS-VI.S30.T47QRE.2018042T033851.v2.0.NDVI.tif,HLS-VI.S30.T47QRE.2018042T033851.v2.0.NDVI.tif,S30,T47QRE,2018-02-11,2018042,033851
/home/ec2-user/ndvi_sqs_work/yunnan/raw/HLS-VI.S30.T47QRG.2018042T033851.v2.0.NDVI.tif,HLS-VI.S30.T47QRG.2018042T033851.v2.0.NDVI.tif,S30,T47QRG,2018-02-11,2018042,033851
/home/ec2-user/ndvi_sqs_work/yunnan/raw/HLS-VI.S30.T48QTM.2018042T033851.v2.0.NDVI.tif,HLS-VI.S30.T48QTM.2018042T033851.v2.0.NDVI.tif,S30,T48QTM,2018-02-11,2018042,033851
/home/ec2-user/ndvi_sqs_work/yunnan/raw/HLS-VI.S30.T48RTQ.2018042T033851.v2.0.NDVI.tif,HLS-VI.S30.T48RTQ.2018042T033851.v2.0.NDVI.tif,S30,T48RTQ,2018-02-11,2018042,033851
/home/ec2-user/ndvi_sqs_work/yunnan/raw/HLS-VI.S30.T47RLJ.2018043T035849.v2.0.NDVI.tif,HLS-VI.S30.T47RLJ.2018043T035849.v2.0.NDVI.tif,S30,T47RLJ,2018-02-12,2018043,035849
/home/ec2-user/ndvi_sqs_work/yunnan/raw/HLS-VI.S30.T47RMJ.2018043T035849.v2.0.NDVI.tif,HLS-VI.S30.T47RMJ.2018043T035849.v2.0.NDVI.tif,S30,T47RMJ,2018-02-12,2018043,035849
/home/ec2-user/ndvi_sqs_work/yunnan/raw/HLS-VI.S30.T47RNJ.2018043T035849.v2.0.NDVI.tif,HLS-VI.S30.T47RNJ.2018043T035849.v2.0.NDVI.tif,S30,T47RNJ,2018-02-12,2018043,035849
/home/ec2-user/ndvi_sqs_work/yunnan/raw/HLS-VI.S30.T47RPJ.2018043T035849.v2.0.NDVI.tif,HLS-VI.S30.T47RPJ.2018043T035849.v2.0.NDVI.tif,S30,T47RPJ,2018-02-12,2018043,035849
/home/ec2-user/ndvi_sqs_work/yunnan/raw/HLS-VI.S30.T47RPK.2018043T035849.v2.0.NDVI.tif,HLS-VI.S30.T47RPK.2018043T035849.v2.0.NDVI.tif,S30,T47RPK,2018-02-12,2018043,035849
/home/ec2-user/ndvi_sqs_work/yunnan/raw/HLS-VI.S30.T47QNE.2018045T034841.v2.0.NDVI.tif,HLS-VI.S30.T47QNE.2018045T034841.v2.0.NDVI.tif,S30,T47QNE,2018-02-14,2018045,034841
/home/ec2-user/ndvi_sqs_work/yunnan/raw/HLS-VI.S30.T47QNF.2018045T034841.v2.0.NDVI.tif,HLS-VI.S30.T47QNF.2018045T034841.v2.0.NDVI.tif,S30,T47QNF,2018-02-14,2018045,034841
/home/ec2-user/ndvi_sqs_work/yunnan/raw/HLS-VI.S30.T47QNG.2018045T034841.v2.0.NDVI.tif,HLS-VI.S30.T47QNG.2018045T034841.v2.0.NDVI.tif,S30,T47QNG,2018-02-14,2018045,034841
/home/ec2-user/ndvi_sqs_work/yunnan/raw/HLS-VI.S30.T47QPE.2018045T034841.v2.0.NDVI.tif,HLS-VI.S30.T47QPE.2018045T034841.v2.0.NDVI.tif,S30,T47QPE,2018-02-14,2018045,034841
/home/ec2-user/ndvi_sqs_work/yunnan/raw/HLS-VI.S30.T47QPF.2018045T034841.v2.0.NDVI.tif,HLS-VI.S30.T47QPF.2018045T034841.v2.0.NDVI.tif,S30,T47QPF,2018-02-14,2018045,034841
/home/ec2-user/ndvi_sqs_work/yunnan/raw/HLS-VI.S30.T47QPG.2018045T034841.v2.0.NDVI.tif,HLS-VI.S30.T47QPG.2018045T034841.v2.0.NDVI.tif,S30,T47QPG,2018-02-14,2018045,034841
/home/ec2-user/ndvi_sqs_work/yunnan/raw/HLS-VI.S30.T47QQE.2018045T034841.v2.0.NDVI.tif,HLS-VI.S30.T47QQE.2018045T034841.v2.0.NDVI.tif,S30,T47QQE,2018-02-14,2018045,034841
/home/ec2-user/ndvi_sqs_work/yunnan/raw/HLS-VI.S30.T47QQF.2018045T034841.v2.0.NDVI.tif,HLS-VI.S30.T47QQF.2018045T034841.v2.0.NDVI.tif,S30,T47QQF,2018-02-14,2018045,034841
/home/ec2-user/ndvi_sqs_work/yunnan/raw/HLS-VI.S30.T47QQG.2018045T034841.v2.0.NDVI.tif,HLS-VI.S30.T47QQG.2018045T034841.v2.0.NDVI.tif,S30,T47QQG,2018-02-14,2018045,034841
/home/ec2-user/ndvi_sqs_work/yunnan/raw/HLS-VI.S30.T47QRE.2018045T034841.v2.0.NDVI.tif,HLS-VI.S30.T47QRE.2018045T034841.v2.0.NDVI.tif,S30,T47QRE,2018-02-14,2018045,034841
/home/ec2-user/ndvi_sqs_work/yunnan/raw/HLS-VI.S30.T47QRF.2018045T034841.v2.0.NDVI.tif,HLS-VI.S30.T47QRF.2018045T034841.v2.0.NDVI.tif,S30,T47QRF,2018-02-14,2018045,034841
/home/ec2-user/ndvi_sqs_work/yunnan/raw/HLS-VI.S30.T47QRG.2018045T034841.v2.0.NDVI.tif,HLS-VI.S30.T47QRG.2018045T034841.v2.0.NDVI.tif,S30,T47QRG,2018-02-14,2018045,034841
/home/ec2-user/ndvi_sqs_work/yunnan/raw/HLS-VI.S30.T47RNH.2018045T034841.v2.0.NDVI.tif,HLS-VI.S30.T47RNH.2018045T034841.v2.0.NDVI.tif,S30,T47RNH,2018-02-14,2018045,034841
/home/ec2-user/ndvi_sqs_work/yunnan/raw/HLS-VI.S30.T47RNJ.2018045T034841.v2.0.NDVI.tif,HLS-VI.S30.T47RNJ.2018045T034841.v2.0.NDVI.tif,S30,T47RNJ,2018-02-14,2018045,034841
/home/ec2-user/ndvi_sqs_work/yunnan/raw/HLS-VI.S30.T47RNK.2018045T034841.v2.0.NDVI.tif,HLS-VI.S30.T47RNK.2018045T034841.v2.0.NDVI.tif,S30,T47RNK,2018-02-14,2018045,034841
/home/ec2-user/ndvi_sqs_work/yunnan/raw/HLS-VI.S30.T47RPH.2018045T034841.v2.0.NDVI.tif,HLS-VI.S30.T47RPH.2018045T034841.v2.0.NDVI.tif,S30,T47RPH,2018-02-14,2018045,034841
/home/ec2-user/ndvi_sqs_work/yunnan/raw/HLS-VI.S30.T47RPL.2018045T034841.v2.0.NDVI.tif,HLS-VI.S30.T47RPL.2018045T034841.v2.0.NDVI.tif,S30,T47RPL,2018-02-14,2018045,034841
/home/ec2-user/ndvi_sqs_work/yunnan/raw/HLS-VI.S30.T47RPM.2018045T034841.v2.0.NDVI.tif,HLS-VI.S30.T47RPM.2018045T034841.v2.0.NDVI.tif,S30,T47RPM,2018-02-14,2018045,034841
/home/ec2-user/ndvi_sqs_work/yunnan/raw/HLS-VI.S30.T47RQH.2018045T034841.v2.0.NDVI.tif,HLS-VI.S30.T47RQH.2018045T034841.v2.0.NDVI.tif,S30,T47RQH,2018-02-14,2018045,034841
/home/ec2-user/ndvi_sqs_work/yunnan/raw/HLS-VI.S30.T47RQJ.2018045T034841.v2.0.NDVI.tif,HLS-VI.S30.T47RQJ.2018045T034841.v2.0.NDVI.tif,S30,T47RQJ,2018-02-14,2018045,034841
/home/ec2-user/ndvi_sqs_work/yunnan/raw/HLS-VI.S30.T47RQK.2018045T034841.v2.0.NDVI.tif,HLS-VI.S30.T47RQK.2018045T034841.v2.0.NDVI.tif,S30,T47RQK,2018-02-14,2018045,034841
/home/ec2-user/ndvi_sqs_work/yunnan/raw/HLS-VI.S30.T48QTL.2018045T034841.v2.0.NDVI.tif,HLS-VI.S30.T48QTL.2018045T034841.v2.0.NDVI.tif,S30,T48QTL,2018-02-14,2018045,034841
/home/ec2-user/ndvi_sqs_work/yunnan/raw/HLS-VI.S30.T48QTM.2018045T034841.v2.0.NDVI.tif,HLS-VI.S30.T48QTM.2018045T034841.v2.0.NDVI.tif,S30,T48QTM,2018-02-14,2018045,034841
/home/ec2-user/ndvi_sqs_work/yunnan/raw/HLS-VI.S30.T47QQD.2018047T033819.v2.0.NDVI.tif,HLS-VI.S30.T47QQD.2018047T033819.v2.0.NDVI.tif,S30,T47QQD,2018-02-16,2018047,033819
/home/ec2-user/ndvi_sqs_work/yunnan/raw/HLS-VI.S30.T47QQE.2018047T033819.v2.0.NDVI.tif,HLS-VI.S30.T47QQE.2018047T033819.v2.0.NDVI.tif,S30,T47QQE,2018-02-16,2018047,033819
/home/ec2-user/ndvi_sqs_work/yunnan/raw/HLS-VI.S30.T47QQF.2018047T033819.v2.0.NDVI.tif,HLS-VI.S30.T47QQF.2018047T033819.v2.0.NDVI.tif,S30,T47QQF,2018-02-16,2018047,033819
/home/ec2-user/ndvi_sqs_work/yunnan/raw/HLS-VI.S30.T47QQG.2018047T033819.v2.0.NDVI.tif,HLS-VI.S30.T47QQG.2018047T033819.v2.0.NDVI.tif,S30,T47QQG,2018-02-16,2018047,033819
/home/ec2-user/ndvi_sqs_work/yunnan/raw/HLS-VI.S30.T47QRE.2018047T033819.v2.0.NDVI.tif,HLS-VI.S30.T47QRE.2018047T033819.v2.0.NDVI.tif,S30,T47QRE,2018-02-16,2018047,033819
/home/ec2-user/ndvi_sqs_work/yunnan/raw/HLS-VI.S30.T47QRF.2018047T033819.v2.0.NDVI.tif,HLS-VI.S30.T47QRF.2018047T033819.v2.0.NDVI.tif,S30,T47QRF,2018-02-16,2018047,033819
/home/ec2-user/ndvi_sqs_work/yunnan/raw/HLS-VI.S30.T47QRG.2018047T033819.v2.0.NDVI.tif,HLS-VI.S30.T47QRG.2018047T033819.v2.0.NDVI.tif,S30,T47QRG,2018-02-16,2018047,033819
/home/ec2-user/ndvi_sqs_work/yunnan/raw/HLS-VI.S30.T47RRH.2018047T033819.v2.0.NDVI.tif,HLS-VI.S30.T47RRH.2018047T033819.v2.0.NDVI.tif,S30,T47RRH,2018-02-16,2018047,033819
/home/ec2-user/ndvi_sqs_work/yunnan/raw/HLS-VI.S30.T47RRJ.2018047T033819.v2.0.NDVI.tif,HLS-VI.S30.T47RRJ.2018047T033819.v2.0.NDVI.tif,S30,T47RRJ,2018-02-16,2018047,033819
/home/ec2-user/ndvi_sqs_work/yunnan/raw/HLS-VI.S30.T48QTK.2018047T033819.v2.0.NDVI.tif,HLS-VI.S30.T48QTK.2018047T033819.v2.0.NDVI.tif,S30,T48QTK,2018-02-16,2018047,033819
/home/ec2-user/ndvi_sqs_work/yunnan/raw/HLS-VI.S30.T48QTL.2018047T033819.v2.0.NDVI.tif,HLS-VI.S30.T48QTL.2018047T033819.v2.0.NDVI.tif,S30,T48QTL,2018-02-16,2018047,033819
/home/ec2-user/ndvi_sqs_work/yunnan/raw/HLS-VI.S30.T48QTM.2018047T033819.v2.0.NDVI.tif,HLS-VI.S30.T48QTM.2018047T033819.v2.0.NDVI.tif,S30,T48QTM,2018-02-16,2018047,033819
/home/ec2-user/ndvi_sqs_work/yunnan/raw/HLS-VI.S30.T48QUK.2018047T033819.v2.0.NDVI.tif,HLS-VI.S30.T48QUK.2018047T033819.v2.0.NDVI.tif,S30,T48QUK,2018-02-16,2018047,033819
/home/ec2-user/ndvi_sqs_work/yunnan/raw/HLS-VI.S30.T48QUL.2018047T033819.v2.0.NDVI.tif,HLS-VI.S30.T48QUL.2018047T033819.v2.0.NDVI.tif,S30,T48QUL,2018-02-16,2018047,033819
/home/ec2-user/ndvi_sqs_work/yunnan/raw/HLS-VI.S30.T48QUM.2018047T033819.v2.0.NDVI.tif,HLS-VI.S30.T48QUM.2018047T033819.v2.0.NDVI.tif,S30,T48QUM,2018-02-16,2018047,033819
/home/ec2-user/ndvi_sqs_work/yunnan/raw/HLS-VI.S30.T48QVL.2018047T033819.v2.0.NDVI.tif,HLS-VI.S30.T48QVL.2018047T033819.v2.0.NDVI.tif,S30,T48QVL,2018-02-16,2018047,033819
/home/ec2-user/ndvi_sqs_work/yunnan/raw/HLS-VI.S30.T48QVM.2018047T033819.v2.0.NDVI.tif,HLS-VI.S30.T48QVM.2018047T033819.v2.0.NDVI.tif,S30,T48QVM,2018-02-16,2018047,033819
/home/ec2-user/ndvi_sqs_work/yunnan/raw/HLS-VI.S30.T48QWM.2018047T033819.v2.0.NDVI.tif,HLS-VI.S30.T48QWM.2018047T033819.v2.0.NDVI.tif,S30,T48QWM,2018-02-16,2018047,033819
/home/ec2-user/ndvi_sqs_work/yunnan/raw/HLS-VI.S30.T48RTN.2018047T033819.v2.0.NDVI.tif,HLS-VI.S30.T48RTN.2018047T033819.v2.0.NDVI.tif,S30,T48RTN,2018-02-16,2018047,033819
/home/ec2-user/ndvi_sqs_work/yunnan/raw/HLS-VI.S30.T48RTP.2018047T033819.v2.0.NDVI.tif,HLS-VI.S30.T48RTP.2018047T033819.v2.0.NDVI.tif,S30,T48RTP,2018-02-16,2018047,033819
/home/ec2-user/ndvi_sqs_work/yunnan/raw/HLS-VI.S30.T48RTQ.2018047T033819.v2.0.NDVI.tif,HLS-VI.S30.T48RTQ.2018047T033819.v2.0.NDVI.tif,S30,T48RTQ,2018-02-16,2018047,033819
/home/ec2-user/ndvi_sqs_work/yunnan/raw/HLS-VI.S30.T48RUN.2018047T033819.v2.0.NDVI.tif,HLS-VI.S30.T48RUN.2018047T033819.v2.0.NDVI.tif,S30,T48RUN,2018-02-16,2018047,033819
/home/ec2-user/ndvi_sqs_work/yunnan/raw/HLS-VI.S30.T48RUP.2018047T033819.v2.0.NDVI.tif,HLS-VI.S30.T48RUP.2018047T033819.v2.0.NDVI.tif,S30,T48RUP,2018-02-16,2018047,033819
/home/ec2-user/ndvi_sqs_work/yunnan/raw/HLS-VI.S30.T48RUQ.2018047T033819.v2.0.NDVI.tif,HLS-VI.S30.T48RUQ.2018047T033819.v2.0.NDVI.tif,S30,T48RUQ,2018-02-16,2018047,033819
/home/ec2-user/ndvi_sqs_work/yunnan/raw/HLS-VI.S30.T48RUR.2018047T033819.v2.0.NDVI.tif,HLS-VI.S30.T48RUR.2018047T033819.v2.0.NDVI.tif,S30,T48RUR,2018-02-16,2018047,033819
/home/ec2-user/ndvi_sqs_work/yunnan/raw/HLS-VI.S30.T48RUS.2018047T033819.v2.0.NDVI.tif,HLS-VI.S30.T48RUS.2018047T033819.v2.0.NDVI.tif,S30,T48RUS,2018-02-16,2018047,033819
/home/ec2-user/ndvi_sqs_work/yunnan/raw/HLS-VI.S30.T48RVN.2018047T033819.v2.0.NDVI.tif,HLS-VI.S30.T48RVN.2018047T033819.v2.0.NDVI.tif,S30,T48RVN,2018-02-16,2018047,033819
/home/ec2-user/ndvi_sqs_work/yunnan/raw/HLS-VI.S30.T48RVP.2018047T033819.v2.0.NDVI.tif,HLS-VI.S30.T48RVP.2018047T033819.v2.0.NDVI.tif,S30,T48RVP,2018-02-16,2018047,033819
/home/ec2-user/ndvi_sqs_work/yunnan/raw/HLS-VI.S30.T48RVQ.2018047T033819.v2.0.NDVI.tif,HLS-VI.S30.T48RVQ.2018047T033819.v2.0.NDVI.tif,S30,T48RVQ,2018-02-16,2018047,033819
/home/ec2-user/ndvi_sqs_work/yunnan/raw/HLS-VI.S30.T48RVR.2018047T033819.v2.0.NDVI.tif,HLS-VI.S30.T48RVR.2018047T033819.v2.0.NDVI.tif,S30,T48RVR,2018-02-16,2018047,033819
/home/ec2-user/ndvi_sqs_work/yunnan/raw/HLS-VI.S30.T48RVS.2018047T033819.v2.0.NDVI.tif,HLS-VI.S30.T48RVS.2018047T033819.v2.0.NDVI.tif,S30,T48RVS,2018-02-16,2018047,033819
/home/ec2-user/ndvi_sqs_work/yunnan/raw/HLS-VI.S30.T48RWN.2018047T033819.v2.0.NDVI.tif,HLS-VI.S30.T48RWN.2018047T033819.v2.0.NDVI.tif,S30,T48RWN,2018-02-16,2018047,033819
/home/ec2-user/ndvi_sqs_work/yunnan/raw/HLS-VI.S30.T48RWR.2018047T033819.v2.0.NDVI.tif,HLS-VI.S30.T48RWR.2018047T033819.v2.0.NDVI.tif,S30,T48RWR,2018-02-16,2018047,033819
/home/ec2-user/ndvi_sqs_work/yunnan/raw/HLS-VI.S30.T47QLG.2018048T035821.v2.0.NDVI.tif,HLS-VI.S30.T47QLG.2018048T035821.v2.0.NDVI.tif,S30,T47QLG,2018-02-17,2018048,035821
/home/ec2-user/ndvi_sqs_work/yunnan/raw/HLS-VI.S30.T47QMF.2018048T035821.v2.0.NDVI.tif,HLS-VI.S30.T47QMF.2018048T035821.v2.0.NDVI.tif,S30,T47QMF,2018-02-17,2018048,035821
/home/ec2-user/ndvi_sqs_work/yunnan/raw/HLS-VI.S30.T47QMG.2018048T035821.v2.0.NDVI.tif,HLS-VI.S30.T47QMG.2018048T035821.v2.0.NDVI.tif,S30,T47QMG,2018-02-17,2018048,035821
/home/ec2-user/ndvi_sqs_work/yunnan/raw/HLS-VI.S30.T47QNE.2018048T035821.v2.0.NDVI.tif,HLS-VI.S30.T47QNE.2018048T035821.v2.0.NDVI.tif,S30,T47QNE,2018-02-17,2018048,035821
/home/ec2-user/ndvi_sqs_work/yunnan/raw/HLS-VI.S30.T47QNF.2018048T035821.v2.0.NDVI.tif,HLS-VI.S30.T47QNF.2018048T035821.v2.0.NDVI.tif,S30,T47QNF,2018-02-17,2018048,035821
/home/ec2-user/ndvi_sqs_work/yunnan/raw/HLS-VI.S30.T47QNG.2018048T035821.v2.0.NDVI.tif,HLS-VI.S30.T47QNG.2018048T035821.v2.0.NDVI.tif,S30,T47QNG,2018-02-17,2018048,035821
/home/ec2-user/ndvi_sqs_work/yunnan/raw/HLS-VI.S30.T47RLH.2018048T035821.v2.0.NDVI.tif,HLS-VI.S30.T47RLH.2018048T035821.v2.0.NDVI.tif,S30,T47RLH,2018-02-17,2018048,035821
/home/ec2-user/ndvi_sqs_work/yunnan/raw/HLS-VI.S30.T47RLJ.2018048T035821.v2.0.NDVI.tif,HLS-VI.S30.T47RLJ.2018048T035821.v2.0.NDVI.tif,S30,T47RLJ,2018-02-17,2018048,035821
/home/ec2-user/ndvi_sqs_work/yunnan/raw/HLS-VI.S30.T47RMH.2018048T035821.v2.0.NDVI.tif,HLS-VI.S30.T47RMH.2018048T035821.v2.0.NDVI.tif,S30,T47RMH,2018-02-17,2018048,035821
/home/ec2-user/ndvi_sqs_work/yunnan/raw/HLS-VI.S30.T47RMJ.2018048T035821.v2.0.NDVI.tif,HLS-VI.S30.T47RMJ.2018048T035821.v2.0.NDVI.tif,S30,T47RMJ,2018-02-17,2018048,035821
/home/ec2-user/ndvi_sqs_work/yunnan/raw/HLS-VI.S30.T47RMK.2018048T035821.v2.0.NDVI.tif,HLS-VI.S30.T47RMK.2018048T035821.v2.0.NDVI.tif,S30,T47RMK,2018-02-17,2018048,035821
/home/ec2-user/ndvi_sqs_work/yunnan/raw/HLS-VI.S30.T47RML.2018048T035821.v2.0.NDVI.tif,HLS-VI.S30.T47RML.2018048T035821.v2.0.NDVI.tif,S30,T47RML,2018-02-17,2018048,035821
/home/ec2-user/ndvi_sqs_work/yunnan/raw/HLS-VI.S30.T47RNH.2018048T035821.v2.0.NDVI.tif,HLS-VI.S30.T47RNH.2018048T035821.v2.0.NDVI.tif,S30,T47RNH,2018-02-17,2018048,035821
/home/ec2-user/ndvi_sqs_work/yunnan/raw/HLS-VI.S30.T47RNJ.2018048T035821.v2.0.NDVI.tif,HLS-VI.S30.T47RNJ.2018048T035821.v2.0.NDVI.tif,S30,T47RNJ,2018-02-17,2018048,035821
/home/ec2-user/ndvi_sqs_work/yunnan/raw/HLS-VI.S30.T47RNK.2018048T035821.v2.0.NDVI.tif,HLS-VI.S30.T47RNK.2018048T035821.v2.0.NDVI.tif,S30,T47RNK,2018-02-17,2018048,035821
/home/ec2-user/ndvi_sqs_work/yunnan/raw/HLS-VI.S30.T47RNL.2018048T035821.v2.0.NDVI.tif,HLS-VI.S30.T47RNL.2018048T035821.v2.0.NDVI.tif,S30,T47RNL,2018-02-17,2018048,035821
/home/ec2-user/ndvi_sqs_work/yunnan/raw/HLS-VI.S30.T47RPH.2018048T035821.v2.0.NDVI.tif,HLS-VI.S30.T47RPH.2018048T035821.v2.0.NDVI.tif,S30,T47RPH,2018-02-17,2018048,035821
/home/ec2-user/ndvi_sqs_work/yunnan/raw/HLS-VI.S30.T47RPJ.2018048T035821.v2.0.NDVI.tif,HLS-VI.S30.T47RPJ.2018048T035821.v2.0.NDVI.tif,S30,T47RPJ,2018-02-17,2018048,035821
/home/ec2-user/ndvi_sqs_work/yunnan/raw/HLS-VI.S30.T47RPK.2018048T035821.v2.0.NDVI.tif,HLS-VI.S30.T47RPK.2018048T035821.v2.0.NDVI.tif,S30,T47RPK,2018-02-17,2018048,035821
/home/ec2-user/ndvi_sqs_work/yunnan/raw/HLS-VI.S30.T47RPL.2018048T035821.v2.0.NDVI.tif,HLS-VI.S30.T47RPL.2018048T035821.v2.0.NDVI.tif,S30,T47RPL,2018-02-17,2018048,035821
/home/ec2-user/ndvi_sqs_work/yunnan/raw/HLS-VI.S30.T47QPD.2018050T034759.v2.0.NDVI.tif,HLS-VI.S30.T47QPD.2018050T034759.v2.0.NDVI.tif,S30,T47QPD,2018-02-19,2018050,034759
/home/ec2-user/ndvi_sqs_work/yunnan/raw/HLS-VI.S30.T47QQD.2018050T034759.v2.0.NDVI.tif,HLS-VI.S30.T47QQD.2018050T034759.v2.0.NDVI.tif,S30,T47QQD,2018-02-19,2018050,034759
/home/ec2-user/ndvi_sqs_work/yunnan/raw/HLS-VI.S30.T47RNJ.2018050T034759.v2.0.NDVI.tif,HLS-VI.S30.T47RNJ.2018050T034759.v2.0.NDVI.tif,S30,T47RNJ,2018-02-19,2018050,034759
/home/ec2-user/ndvi_sqs_work/yunnan/raw/HLS-VI.S30.T47RNK.2018050T034759.v2.0.NDVI.tif,HLS-VI.S30.T47RNK.2018050T034759.v2.0.NDVI.tif,S30,T47RNK,2018-02-19,2018050,034759
/home/ec2-user/ndvi_sqs_work/yunnan/raw/HLS-VI.S30.T47RPJ.2018050T034759.v2.0.NDVI.tif,HLS-VI.S30.T47RPJ.2018050T034759.v2.0.NDVI.tif,S30,T47RPJ,2018-02-19,2018050,034759
/home/ec2-user/ndvi_sqs_work/yunnan/raw/HLS-VI.S30.T47RPK.2018050T034759.v2.0.NDVI.tif,HLS-VI.S30.T47RPK.2018050T034759.v2.0.NDVI.tif,S30,T47RPK,2018-02-19,2018050,034759
/home/ec2-user/ndvi_sqs_work/yunnan/raw/HLS-VI.S30.T47RPL.2018050T034759.v2.0.NDVI.tif,HLS-VI.S30.T47RPL.2018050T034759.v2.0.NDVI.tif,S30,T47RPL,2018-02-19,2018050,034759
/home/ec2-user/ndvi_sqs_work/yunnan/raw/HLS-VI.S30.T47RPM.2018050T034759.v2.0.NDVI.tif,HLS-VI.S30.T47RPM.2018050T034759.v2.0.NDVI.tif,S30,T47RPM,2018-02-19,2018050,034759
/home/ec2-user/ndvi_sqs_work/yunnan/raw/HLS-VI.S30.T47RQJ.2018050T034759.v2.0.NDVI.tif,HLS-VI.S30.T47RQJ.2018050T034759.v2.0.NDVI.tif,S30,T47RQJ,2018-02-19,2018050,034759
/home/ec2-user/ndvi_sqs_work/yunnan/raw/HLS-VI.S30.T47RQK.2018050T034759.v2.0.NDVI.tif,HLS-VI.S30.T47RQK.2018050T034759.v2.0.NDVI.tif,S30,T47RQK,2018-02-19,2018050,034759
/home/ec2-user/ndvi_sqs_work/yunnan/raw/HLS-VI.S30.T47RQL.2018050T034759.v2.0.NDVI.tif,HLS-VI.S30.T47RQL.2018050T034759.v2.0.NDVI.tif,S30,T47RQL,2018-02-19,2018050,034759
/home/ec2-user/ndvi_sqs_work/yunnan/raw/HLS-VI.S30.T48RTQ.2018050T034759.v2.0.NDVI.tif,HLS-VI.S30.T48RTQ.2018050T034759.v2.0.NDVI.tif,S30,T48RTQ,2018-02-19,2018050,034759
/home/ec2-user/ndvi_sqs_work/yunnan/raw/HLS-VI.S30.T48RTR.2018050T034759.v2.0.NDVI.tif,HLS-VI.S30.T48RTR.2018050T034759.v2.0.NDVI.tif,S30,T48RTR,2018-02-19,2018050,034759
/home/ec2-user/ndvi_sqs_work/yunnan/raw/HLS-VI.S30.T48RUQ.2018050T034759.v2.0.NDVI.tif,HLS-VI.S30.T48RUQ.2018050T034759.v2.0.NDVI.tif,S30,T48RUQ,2018-02-19,2018050,034759
/home/ec2-user/ndvi_sqs_work/yunnan/raw/HLS-VI.S30.T47QQD.2018052T033751.v2.0.NDVI.tif,HLS-VI.S30.T47QQD.2018052T033751.v2.0.NDVI.tif,S30,T47QQD,2018-02-21,2018052,033751
/home/ec2-user/ndvi_sqs_work/yunnan/raw/HLS-VI.S30.T47QQE.2018052T033751.v2.0.NDVI.tif,HLS-VI.S30.T47QQE.2018052T033751.v2.0.NDVI.tif,S30,T47QQE,2018-02-21,2018052,033751
/home/ec2-user/ndvi_sqs_work/yunnan/raw/HLS-VI.S30.T47QQF.2018052T033751.v2.0.NDVI.tif,HLS-VI.S30.T47QQF.2018052T033751.v2.0.NDVI.tif,S30,T47QQF,2018-02-21,2018052,033751
/home/ec2-user/ndvi_sqs_work/yunnan/raw/HLS-VI.S30.T47QQG.2018052T033751.v2.0.NDVI.tif,HLS-VI.S30.T47QQG.2018052T033751.v2.0.NDVI.tif,S30,T47QQG,2018-02-21,2018052,033751
/home/ec2-user/ndvi_sqs_work/yunnan/raw/HLS-VI.S30.T47QRE.2018052T033751.v2.0.NDVI.tif,HLS-VI.S30.T47QRE.2018052T033751.v2.0.NDVI.tif,S30,T47QRE,2018-02-21,2018052,033751
/home/ec2-user/ndvi_sqs_work/yunnan/raw/HLS-VI.S30.T47QRF.2018052T033751.v2.0.NDVI.tif,HLS-VI.S30.T47QRF.2018052T033751.v2.0.NDVI.tif,S30,T47QRF,2018-02-21,2018052,033751
/home/ec2-user/ndvi_sqs_work/yunnan/raw/HLS-VI.S30.T47QRG.2018052T033751.v2.0.NDVI.tif,HLS-VI.S30.T47QRG.2018052T033751.v2.0.NDVI.tif,S30,T47QRG,2018-02-21,2018052,033751
/home/ec2-user/ndvi_sqs_work/yunnan/raw/HLS-VI.S30.T48QTK.2018052T033751.v2.0.NDVI.tif,HLS-VI.S30.T48QTK.2018052T033751.v2.0.NDVI.tif,S30,T48QTK,2018-02-21,2018052,033751
/home/ec2-user/ndvi_sqs_work/yunnan/raw/HLS-VI.S30.T48QTL.2018052T033751.v2.0.NDVI.tif,HLS-VI.S30.T48QTL.2018052T033751.v2.0.NDVI.tif,S30,T48QTL,2018-02-21,2018052,033751
/home/ec2-user/ndvi_sqs_work/yunnan/raw/HLS-VI.S30.T48QTM.2018052T033751.v2.0.NDVI.tif,HLS-VI.S30.T48QTM.2018052T033751.v2.0.NDVI.tif,S30,T48QTM,2018-02-21,2018052,033751
/home/ec2-user/ndvi_sqs_work/yunnan/raw/HLS-VI.S30.T48QUM.2018052T033751.v2.0.NDVI.tif,HLS-VI.S30.T48QUM.2018052T033751.v2.0.NDVI.tif,S30,T48QUM,2018-02-21,2018052,033751
/home/ec2-user/ndvi_sqs_work/yunnan/raw/HLS-VI.S30.T47QLG.2018053T035749.v2.0.NDVI.tif,HLS-VI.S30.T47QLG.2018053T035749.v2.0.NDVI.tif,S30,T47QLG,2018-02-22,2018053,035749
/home/ec2-user/ndvi_sqs_work/yunnan/raw/HLS-VI.S30.T47QMF.2018053T035749.v2.0.NDVI.tif,HLS-VI.S30.T47QMF.2018053T035749.v2.0.NDVI.tif,S30,T47QMF,2018-02-22,2018053,035749
/home/ec2-user/ndvi_sqs_work/yunnan/raw/HLS-VI.S30.T47QMG.2018053T035749.v2.0.NDVI.tif,HLS-VI.S30.T47QMG.2018053T035749.v2.0.NDVI.tif,S30,T47QMG,2018-02-22,2018053,035749
/home/ec2-user/ndvi_sqs_work/yunnan/raw/HLS-VI.S30.T47QNE.2018053T035749.v2.0.NDVI.tif,HLS-VI.S30.T47QNE.2018053T035749.v2.0.NDVI.tif,S30,T47QNE,2018-02-22,2018053,035749
/home/ec2-user/ndvi_sqs_work/yunnan/raw/HLS-VI.S30.T47QNF.2018053T035749.v2.0.NDVI.tif,HLS-VI.S30.T47QNF.2018053T035749.v2.0.NDVI.tif,S30,T47QNF,2018-02-22,2018053,035749
/home/ec2-user/ndvi_sqs_work/yunnan/raw/HLS-VI.S30.T47QNG.2018053T035749.v2.0.NDVI.tif,HLS-VI.S30.T47QNG.2018053T035749.v2.0.NDVI.tif,S30,T47QNG,2018-02-22,2018053,035749
/home/ec2-user/ndvi_sqs_work/yunnan/raw/HLS-VI.S30.T47RLH.2018053T035749.v2.0.NDVI.tif,HLS-VI.S30.T47RLH.2018053T035749.v2.0.NDVI.tif,S30,T47RLH,2018-02-22,2018053,035749
/home/ec2-user/ndvi_sqs_work/yunnan/raw/HLS-VI.S30.T47RLJ.2018053T035749.v2.0.NDVI.tif,HLS-VI.S30.T47RLJ.2018053T035749.v2.0.NDVI.tif,S30,T47RLJ,2018-02-22,2018053,035749
/home/ec2-user/ndvi_sqs_work/yunnan/raw/HLS-VI.S30.T47RMH.2018053T035749.v2.0.NDVI.tif,HLS-VI.S30.T47RMH.2018053T035749.v2.0.NDVI.tif,S30,T47RMH,2018-02-22,2018053,035749
/home/ec2-user/ndvi_sqs_work/yunnan/raw/HLS-VI.S30.T47RMJ.2018053T035749.v2.0.NDVI.tif,HLS-VI.S30.T47RMJ.2018053T035749.v2.0.NDVI.tif,S30,T47RMJ,2018-02-22,2018053,035749
/home/ec2-user/ndvi_sqs_work/yunnan/raw/HLS-VI.S30.T47RNH.2018053T035749.v2.0.NDVI.tif,HLS-VI.S30.T47RNH.2018053T035749.v2.0.NDVI.tif,S30,T47RNH,2018-02-22,2018053,035749
/home/ec2-user/ndvi_sqs_work/yunnan/raw/HLS-VI.S30.T47RNJ.2018053T035749.v2.0.NDVI.tif,HLS-VI.S30.T47RNJ.2018053T035749.v2.0.NDVI.tif,S30,T47RNJ,2018-02-22,2018053,035749
/home/ec2-user/ndvi_sqs_work/yunnan/raw/HLS-VI.S30.T47RNK.2018053T035749.v2.0.NDVI.tif,HLS-VI.S30.T47RNK.2018053T035749.v2.0.NDVI.tif,S30,T47RNK,2018-02-22,2018053,035749
/home/ec2-user/ndvi_sqs_work/yunnan/raw/HLS-VI.S30.T47RPH.2018053T035749.v2.0.NDVI.tif,HLS-VI.S30.T47RPH.2018053T035749.v2.0.NDVI.tif,S30,T47RPH,2018-02-22,2018053,035749
/home/ec2-user/ndvi_sqs_work/yunnan/raw/HLS-VI.S30.T47RPJ.2018053T035749.v2.0.NDVI.tif,HLS-VI.S30.T47RPJ.2018053T035749.v2.0.NDVI.tif,S30,T47RPJ,2018-02-22,2018053,035749
/home/ec2-user/ndvi_sqs_work/yunnan/raw/HLS-VI.S30.T47RPK.2018053T035749.v2.0.NDVI.tif,HLS-VI.S30.T47RPK.2018053T035749.v2.0.NDVI.tif,S30,T47RPK,2018-02-22,2018053,035749
/home/ec2-user/ndvi_sqs_work/yunnan/raw/HLS-VI.S30.T47QNE.2018055T034731.v2.0.NDVI.tif,HLS-VI.S30.T47QNE.2018055T034731.v2.0.NDVI.tif,S30,T47QNE,2018-02-24,2018055,034731
/home/ec2-user/ndvi_sqs_work/yunnan/raw/HLS-VI.S30.T47QNF.2018055T034731.v2.0.NDVI.tif,HLS-VI.S30.T47QNF.2018055T034731.v2.0.NDVI.tif,S30,T47QNF,2018-02-24,2018055,034731
/home/ec2-user/ndvi_sqs_work/yunnan/raw/HLS-VI.S30.T47QPE.2018055T034731.v2.0.NDVI.tif,HLS-VI.S30.T47QPE.2018055T034731.v2.0.NDVI.tif,S30,T47QPE,2018-02-24,2018055,034731
/home/ec2-user/ndvi_sqs_work/yunnan/raw/HLS-VI.S30.T47QPF.2018055T034731.v2.0.NDVI.tif,HLS-VI.S30.T47QPF.2018055T034731.v2.0.NDVI.tif,S30,T47QPF,2018-02-24,2018055,034731
/home/ec2-user/ndvi_sqs_work/yunnan/raw/HLS-VI.S30.T47QQF.2018055T034731.v2.0.NDVI.tif,HLS-VI.S30.T47QQF.2018055T034731.v2.0.NDVI.tif,S30,T47QQF,2018-02-24,2018055,034731
/home/ec2-user/ndvi_sqs_work/yunnan/raw/HLS-VI.S30.T47QQG.2018055T034731.v2.0.NDVI.tif,HLS-VI.S30.T47QQG.2018055T034731.v2.0.NDVI.tif,S30,T47QQG,2018-02-24,2018055,034731
/home/ec2-user/ndvi_sqs_work/yunnan/raw/HLS-VI.S30.T47QRG.2018055T034731.v2.0.NDVI.tif,HLS-VI.S30.T47QRG.2018055T034731.v2.0.NDVI.tif,S30,T47QRG,2018-02-24,2018055,034731
/home/ec2-user/ndvi_sqs_work/yunnan/raw/HLS-VI.S30.T47RRH.2018055T034731.v2.0.NDVI.tif,HLS-VI.S30.T47RRH.2018055T034731.v2.0.NDVI.tif,S30,T47RRH,2018-02-24,2018055,034731
/home/ec2-user/ndvi_sqs_work/yunnan/raw/HLS-VI.S30.T48QTM.2018055T034731.v2.0.NDVI.tif,HLS-VI.S30.T48QTM.2018055T034731.v2.0.NDVI.tif,S30,T48QTM,2018-02-24,2018055,034731
/home/ec2-user/ndvi_sqs_work/yunnan/raw/HLS-VI.S30.T48RTN.2018055T034731.v2.0.NDVI.tif,HLS-VI.S30.T48RTN.2018055T034731.v2.0.NDVI.tif,S30,T48RTN,2018-02-24,2018055,034731
/home/ec2-user/ndvi_sqs_work/yunnan/raw/HLS-VI.S30.T47QQD.2018057T033709.v2.0.NDVI.tif,HLS-VI.S30.T47QQD.2018057T033709.v2.0.NDVI.tif,S30,T47QQD,2018-02-26,2018057,033709
/home/ec2-user/ndvi_sqs_work/yunnan/raw/HLS-VI.S30.T47QQG.2018057T033709.v2.0.NDVI.tif,HLS-VI.S30.T47QQG.2018057T033709.v2.0.NDVI.tif,S30,T47QQG,2018-02-26,2018057,033709
/home/ec2-user/ndvi_sqs_work/yunnan/raw/HLS-VI.S30.T47QRG.2018057T033709.v2.0.NDVI.tif,HLS-VI.S30.T47QRG.2018057T033709.v2.0.NDVI.tif,S30,T47QRG,2018-02-26,2018057,033709
/home/ec2-user/ndvi_sqs_work/yunnan/raw/HLS-VI.S30.T47RRH.2018057T033709.v2.0.NDVI.tif,HLS-VI.S30.T47RRH.2018057T033709.v2.0.NDVI.tif,S30,T47RRH,2018-02-26,2018057,033709
/home/ec2-user/ndvi_sqs_work/yunnan/raw/HLS-VI.S30.T48QTM.2018057T033709.v2.0.NDVI.tif,HLS-VI.S30.T48QTM.2018057T033709.v2.0.NDVI.tif,S30,T48QTM,2018-02-26,2018057,033709
/home/ec2-user/ndvi_sqs_work/yunnan/raw/HLS-VI.S30.T48RTN.2018057T033709.v2.0.NDVI.tif,HLS-VI.S30.T48RTN.2018057T033709.v2.0.NDVI.tif,S30,T48RTN,2018-02-26,2018057,033709
/home/ec2-user/ndvi_sqs_work/yunnan/raw/HLS-VI.S30.T48RTQ.2018057T033709.v2.0.NDVI.tif,HLS-VI.S30.T48RTQ.2018057T033709.v2.0.NDVI.tif,S30,T48RTQ,2018-02-26,2018057,033709
/home/ec2-user/ndvi_sqs_work/yunnan/raw/HLS-VI.S30.T47QLG.2018058T035711.v2.0.NDVI.tif,HLS-VI.S30.T47QLG.2018058T035711.v2.0.NDVI.tif,S30,T47QLG,2018-02-27,2018058,035711
/home/ec2-user/ndvi_sqs_work/yunnan/raw/HLS-VI.S30.T47QMF.2018058T035711.v2.0.NDVI.tif,HLS-VI.S30.T47QMF.2018058T035711.v2.0.NDVI.tif,S30,T47QMF,2018-02-27,2018058,035711
/home/ec2-user/ndvi_sqs_work/yunnan/raw/HLS-VI.S30.T47QMG.2018058T035711.v2.0.NDVI.tif,HLS-VI.S30.T47QMG.2018058T035711.v2.0.NDVI.tif,S30,T47QMG,2018-02-27,2018058,035711
/home/ec2-user/ndvi_sqs_work/yunnan/raw/HLS-VI.S30.T47QNE.2018058T035711.v2.0.NDVI.tif,HLS-VI.S30.T47QNE.2018058T035711.v2.0.NDVI.tif,S30,T47QNE,2018-02-27,2018058,035711
/home/ec2-user/ndvi_sqs_work/yunnan/raw/HLS-VI.S30.T47QNF.2018058T035711.v2.0.NDVI.tif,HLS-VI.S30.T47QNF.2018058T035711.v2.0.NDVI.tif,S30,T47QNF,2018-02-27,2018058,035711
/home/ec2-user/ndvi_sqs_work/yunnan/raw/HLS-VI.S30.T48QVM.2018059T032701.v2.0.NDVI.tif,HLS-VI.S30.T48QVM.2018059T032701.v2.0.NDVI.tif,S30,T48QVM,2018-02-28,2018059,032701
/home/ec2-user/ndvi_sqs_work/yunnan/raw/HLS-VI.S30.T47QNE.2018060T034649.v2.0.NDVI.tif,HLS-VI.S30.T47QNE.2018060T034649.v2.0.NDVI.tif,S30,T47QNE,2018-03-01,2018060,034649
/home/ec2-user/ndvi_sqs_work/yunnan/raw/HLS-VI.S30.T47QNF.2018060T034649.v2.0.NDVI.tif,HLS-VI.S30.T47QNF.2018060T034649.v2.0.NDVI.tif,S30,T47QNF,2018-03-01,2018060,034649
/home/ec2-user/ndvi_sqs_work/yunnan/raw/HLS-VI.S30.T47QNG.2018060T034649.v2.0.NDVI.tif,HLS-VI.S30.T47QNG.2018060T034649.v2.0.NDVI.tif,S30,T47QNG,2018-03-01,2018060,034649
/home/ec2-user/ndvi_sqs_work/yunnan/raw/HLS-VI.S30.T47QPD.2018060T034649.v2.0.NDVI.tif,HLS-VI.S30.T47QPD.2018060T034649.v2.0.NDVI.tif,S30,T47QPD,2018-03-01,2018060,034649
/home/ec2-user/ndvi_sqs_work/yunnan/raw/HLS-VI.S30.T47QPE.2018060T034649.v2.0.NDVI.tif,HLS-VI.S30.T47QPE.2018060T034649.v2.0.NDVI.tif,S30,T47QPE,2018-03-01,2018060,034649
/home/ec2-user/ndvi_sqs_work/yunnan/raw/HLS-VI.S30.T47QPF.2018060T034649.v2.0.NDVI.tif,HLS-VI.S30.T47QPF.2018060T034649.v2.0.NDVI.tif,S30,T47QPF,2018-03-01,2018060,034649
/home/ec2-user/ndvi_sqs_work/yunnan/raw/HLS-VI.S30.T47QPG.2018060T034649.v2.0.NDVI.tif,HLS-VI.S30.T47QPG.2018060T034649.v2.0.NDVI.tif,S30,T47QPG,2018-03-01,2018060,034649
/home/ec2-user/ndvi_sqs_work/yunnan/raw/HLS-VI.S30.T47QQD.2018060T034649.v2.0.NDVI.tif,HLS-VI.S30.T47QQD.2018060T034649.v2.0.NDVI.tif,S30,T47QQD,2018-03-01,2018060,034649
/home/ec2-user/ndvi_sqs_work/yunnan/raw/HLS-VI.S30.T47QQE.2018060T034649.v2.0.NDVI.tif,HLS-VI.S30.T47QQE.2018060T034649.v2.0.NDVI.tif,S30,T47QQE,2018-03-01,2018060,034649
/home/ec2-user/ndvi_sqs_work/yunnan/raw/HLS-VI.S30.T47QQF.2018060T034649.v2.0.NDVI.tif,HLS-VI.S30.T47QQF.2018060T034649.v2.0.NDVI.tif,S30,T47QQF,2018-03-01,2018060,034649
/home/ec2-user/ndvi_sqs_work/yunnan/raw/HLS-VI.S30.T47QQG.2018060T034649.v2.0.NDVI.tif,HLS-VI.S30.T47QQG.2018060T034649.v2.0.NDVI.tif,S30,T47QQG,2018-03-01,2018060,034649
/home/ec2-user/ndvi_sqs_work/yunnan/raw/HLS-VI.S30.T47QRE.2018060T034649.v2.0.NDVI.tif,HLS-VI.S30.T47QRE.2018060T034649.v2.0.NDVI.tif,S30,T47QRE,2018-03-01,2018060,034649
/home/ec2-user/ndvi_sqs_work/yunnan/raw/HLS-VI.S30.T47QRF.2018060T034649.v2.0.NDVI.tif,HLS-VI.S30.T47QRF.2018060T034649.v2.0.NDVI.tif,S30,T47QRF,2018-03-01,2018060,034649
/home/ec2-user/ndvi_sqs_work/yunnan/raw/HLS-VI.S30.T47QRG.2018060T034649.v2.0.NDVI.tif,HLS-VI.S30.T47QRG.2018060T034649.v2.0.NDVI.tif,S30,T47QRG,2018-03-01,2018060,034649
/home/ec2-user/ndvi_sqs_work/yunnan/raw/HLS-VI.S30.T47RNH.2018060T034649.v2.0.NDVI.tif,HLS-VI.S30.T47RNH.2018060T034649.v2.0.NDVI.tif,S30,T47RNH,2018-03-01,2018060,034649
/home/ec2-user/ndvi_sqs_work/yunnan/raw/HLS-VI.S30.T47RNJ.2018060T034649.v2.0.NDVI.tif,HLS-VI.S30.T47RNJ.2018060T034649.v2.0.NDVI.tif,S30,T47RNJ,2018-03-01,2018060,034649
/home/ec2-user/ndvi_sqs_work/yunnan/raw/HLS-VI.S30.T47RNK.2018060T034649.v2.0.NDVI.tif,HLS-VI.S30.T47RNK.2018060T034649.v2.0.NDVI.tif,S30,T47RNK,2018-03-01,2018060,034649
/home/ec2-user/ndvi_sqs_work/yunnan/raw/HLS-VI.S30.T47RPH.2018060T034649.v2.0.NDVI.tif,HLS-VI.S30.T47RPH.2018060T034649.v2.0.NDVI.tif,S30,T47RPH,2018-03-01,2018060,034649
/home/ec2-user/ndvi_sqs_work/yunnan/raw/HLS-VI.S30.T47RPJ.2018060T034649.v2.0.NDVI.tif,HLS-VI.S30.T47RPJ.2018060T034649.v2.0.NDVI.tif,S30,T47RPJ,2018-03-01,2018060,034649
/home/ec2-user/ndvi_sqs_work/yunnan/raw/HLS-VI.S30.T47RPK.2018060T034649.v2.0.NDVI.tif,HLS-VI.S30.T47RPK.2018060T034649.v2.0.NDVI.tif,S30,T47RPK,2018-03-01,2018060,034649
/home/ec2-user/ndvi_sqs_work/yunnan/raw/HLS-VI.S30.T47RPM.2018060T034649.v2.0.NDVI.tif,HLS-VI.S30.T47RPM.2018060T034649.v2.0.NDVI.tif,S30,T47RPM,2018-03-01,2018060,034649
/home/ec2-user/ndvi_sqs_work/yunnan/raw/HLS-VI.S30.T47RQJ.2018060T034649.v2.0.NDVI.tif,HLS-VI.S30.T47RQJ.2018060T034649.v2.0.NDVI.tif,S30,T47RQJ,2018-03-01,2018060,034649
/home/ec2-user/ndvi_sqs_work/yunnan/raw/HLS-VI.S30.T47RQK.2018060T034649.v2.0.NDVI.tif,HLS-VI.S30.T47RQK.2018060T034649.v2.0.NDVI.tif,S30,T47RQK,2018-03-01,2018060,034649
/home/ec2-user/ndvi_sqs_work/yunnan/raw/HLS-VI.S30.T47RQL.2018060T034649.v2.0.NDVI.tif,HLS-VI.S30.T47RQL.2018060T034649.v2.0.NDVI.tif,S30,T47RQL,2018-03-01,2018060,034649
/home/ec2-user/ndvi_sqs_work/yunnan/raw/HLS-VI.S30.T47RRH.2018060T034649.v2.0.NDVI.tif,HLS-VI.S30.T47RRH.2018060T034649.v2.0.NDVI.tif,S30,T47RRH,2018-03-01,2018060,034649
/home/ec2-user/ndvi_sqs_work/yunnan/raw/HLS-VI.S30.T48QTL.2018060T034649.v2.0.NDVI.tif,HLS-VI.S30.T48QTL.2018060T034649.v2.0.NDVI.tif,S30,T48QTL,2018-03-01,2018060,034649
/home/ec2-user/ndvi_sqs_work/yunnan/raw/HLS-VI.S30.T48QTM.2018060T034649.v2.0.NDVI.tif,HLS-VI.S30.T48QTM.2018060T034649.v2.0.NDVI.tif,S30,T48QTM,2018-03-01,2018060,034649
/home/ec2-user/ndvi_sqs_work/yunnan/raw/HLS-VI.S30.T48RTN.2018060T034649.v2.0.NDVI.tif,HLS-VI.S30.T48RTN.2018060T034649.v2.0.NDVI.tif,S30,T48RTN,2018-03-01,2018060,034649
/home/ec2-user/ndvi_sqs_work/yunnan/raw/HLS-VI.S30.T48RTP.2018060T034649.v2.0.NDVI.tif,HLS-VI.S30.T48RTP.2018060T034649.v2.0.NDVI.tif,S30,T48RTP,2018-03-01,2018060,034649
/home/ec2-user/ndvi_sqs_work/yunnan/raw/HLS-VI.S30.T48RTQ.2018060T034649.v2.0.NDVI.tif,HLS-VI.S30.T48RTQ.2018060T034649.v2.0.NDVI.tif,S30,T48RTQ,2018-03-01,2018060,034649
/home/ec2-user/ndvi_sqs_work/yunnan/raw/HLS-VI.S30.T48RTR.2018060T034649.v2.0.NDVI.tif,HLS-VI.S30.T48RTR.2018060T034649.v2.0.NDVI.tif,S30,T48RTR,2018-03-01,2018060,034649
/home/ec2-user/ndvi_sqs_work/yunnan/raw/HLS-VI.S30.T48RUQ.2018060T034649.v2.0.NDVI.tif,HLS-VI.S30.T48RUQ.2018060T034649.v2.0.NDVI.tif,S30,T48RUQ,2018-03-01,2018060,034649
/home/ec2-user/ndvi_sqs_work/yunnan/raw/HLS-VI.S30.T48RUR.2018060T034649.v2.0.NDVI.tif,HLS-VI.S30.T48RUR.2018060T034649.v2.0.NDVI.tif,S30,T48RUR,2018-03-01,2018060,034649
/home/ec2-user/ndvi_sqs_work/yunnan/raw/HLS-VI.S30.T47QQD.2018062T033641.v2.0.NDVI.tif,HLS-VI.S30.T47QQD.2018062T033641.v2.0.NDVI.tif,S30,T47QQD,2018-03-03,2018062,033641
/home/ec2-user/ndvi_sqs_work/yunnan/raw/HLS-VI.S30.T47QQE.2018062T033641.v2.0.NDVI.tif,HLS-VI.S30.T47QQE.2018062T033641.v2.0.NDVI.tif,S30,T47QQE,2018-03-03,2018062,033641
/home/ec2-user/ndvi_sqs_work/yunnan/raw/HLS-VI.S30.T47QQF.2018062T033641.v2.0.NDVI.tif,HLS-VI.S30.T47QQF.2018062T033641.v2.0.NDVI.tif,S30,T47QQF,2018-03-03,2018062,033641
/home/ec2-user/ndvi_sqs_work/yunnan/raw/HLS-VI.S30.T47QQG.2018062T033641.v2.0.NDVI.tif,HLS-VI.S30.T47QQG.2018062T033641.v2.0.NDVI.tif,S30,T47QQG,2018-03-03,2018062,033641
/home/ec2-user/ndvi_sqs_work/yunnan/raw/HLS-VI.S30.T47QRE.2018062T033641.v2.0.NDVI.tif,HLS-VI.S30.T47QRE.2018062T033641.v2.0.NDVI.tif,S30,T47QRE,2018-03-03,2018062,033641
/home/ec2-user/ndvi_sqs_work/yunnan/raw/HLS-VI.S30.T47QRF.2018062T033641.v2.0.NDVI.tif,HLS-VI.S30.T47QRF.2018062T033641.v2.0.NDVI.tif,S30,T47QRF,2018-03-03,2018062,033641
/home/ec2-user/ndvi_sqs_work/yunnan/raw/HLS-VI.S30.T47QRG.2018062T033641.v2.0.NDVI.tif,HLS-VI.S30.T47QRG.2018062T033641.v2.0.NDVI.tif,S30,T47QRG,2018-03-03,2018062,033641
/home/ec2-user/ndvi_sqs_work/yunnan/raw/HLS-VI.S30.T47RRH.2018062T033641.v2.0.NDVI.tif,HLS-VI.S30.T47RRH.2018062T033641.v2.0.NDVI.tif,S30,T47RRH,2018-03-03,2018062,033641
/home/ec2-user/ndvi_sqs_work/yunnan/raw/HLS-VI.S30.T47RRJ.2018062T033641.v2.0.NDVI.tif,HLS-VI.S30.T47RRJ.2018062T033641.v2.0.NDVI.tif,S30,T47RRJ,2018-03-03,2018062,033641
/home/ec2-user/ndvi_sqs_work/yunnan/raw/HLS-VI.S30.T48QTK.2018062T033641.v2.0.NDVI.tif,HLS-VI.S30.T48QTK.2018062T033641.v2.0.NDVI.tif,S30,T48QTK,2018-03-03,2018062,033641
/home/ec2-user/ndvi_sqs_work/yunnan/raw/HLS-VI.S30.T48QTL.2018062T033641.v2.0.NDVI.tif,HLS-VI.S30.T48QTL.2018062T033641.v2.0.NDVI.tif,S30,T48QTL,2018-03-03,2018062,033641
/home/ec2-user/ndvi_sqs_work/yunnan/raw/HLS-VI.S30.T48QTM.2018062T033641.v2.0.NDVI.tif,HLS-VI.S30.T48QTM.2018062T033641.v2.0.NDVI.tif,S30,T48QTM,2018-03-03,2018062,033641
/home/ec2-user/ndvi_sqs_work/yunnan/raw/HLS-VI.S30.T48QUM.2018062T033641.v2.0.NDVI.tif,HLS-VI.S30.T48QUM.2018062T033641.v2.0.NDVI.tif,S30,T48QUM,2018-03-03,2018062,033641
/home/ec2-user/ndvi_sqs_work/yunnan/raw/HLS-VI.S30.T48QVL.2018062T033641.v2.0.NDVI.tif,HLS-VI.S30.T48QVL.2018062T033641.v2.0.NDVI.tif,S30,T48QVL,2018-03-03,2018062,033641
/home/ec2-user/ndvi_sqs_work/yunnan/raw/HLS-VI.S30.T48QVM.2018062T033641.v2.0.NDVI.tif,HLS-VI.S30.T48QVM.2018062T033641.v2.0.NDVI.tif,S30,T48QVM,2018-03-03,2018062,033641
/home/ec2-user/ndvi_sqs_work/yunnan/raw/HLS-VI.S30.T48QWM.2018062T033641.v2.0.NDVI.tif,HLS-VI.S30.T48QWM.2018062T033641.v2.0.NDVI.tif,S30,T48QWM,2018-03-03,2018062,033641
/home/ec2-user/ndvi_sqs_work/yunnan/raw/HLS-VI.S30.T48RTN.2018062T033641.v2.0.NDVI.tif,HLS-VI.S30.T48RTN.2018062T033641.v2.0.NDVI.tif,S30,T48RTN,2018-03-03,2018062,033641
/home/ec2-user/ndvi_sqs_work/yunnan/raw/HLS-VI.S30.T48RTP.2018062T033641.v2.0.NDVI.tif,HLS-VI.S30.T48RTP.2018062T033641.v2.0.NDVI.tif,S30,T48RTP,2018-03-03,2018062,033641
/home/ec2-user/ndvi_sqs_work/yunnan/raw/HLS-VI.S30.T48RTQ.2018062T033641.v2.0.NDVI.tif,HLS-VI.S30.T48RTQ.2018062T033641.v2.0.NDVI.tif,S30,T48RTQ,2018-03-03,2018062,033641
/home/ec2-user/ndvi_sqs_work/yunnan/raw/HLS-VI.S30.T48RTR.2018062T033641.v2.0.NDVI.tif,HLS-VI.S30.T48RTR.2018062T033641.v2.0.NDVI.tif,S30,T48RTR,2018-03-03,2018062,033641
/home/ec2-user/ndvi_sqs_work/yunnan/raw/HLS-VI.S30.T48RUN.2018062T033641.v2.0.NDVI.tif,HLS-VI.S30.T48RUN.2018062T033641.v2.0.NDVI.tif,S30,T48RUN,2018-03-03,2018062,033641
/home/ec2-user/ndvi_sqs_work/yunnan/raw/HLS-VI.S30.T48RUP.2018062T033641.v2.0.NDVI.tif,HLS-VI.S30.T48RUP.2018062T033641.v2.0.NDVI.tif,S30,T48RUP,2018-03-03,2018062,033641
/home/ec2-user/ndvi_sqs_work/yunnan/raw/HLS-VI.S30.T48RUQ.2018062T033641.v2.0.NDVI.tif,HLS-VI.S30.T48RUQ.2018062T033641.v2.0.NDVI.tif,S30,T48RUQ,2018-03-03,2018062,033641
/home/ec2-user/ndvi_sqs_work/yunnan/raw/HLS-VI.S30.T48RUR.2018062T033641.v2.0.NDVI.tif,HLS-VI.S30.T48RUR.2018062T033641.v2.0.NDVI.tif,S30,T48RUR,2018-03-03,2018062,033641
/home/ec2-user/ndvi_sqs_work/yunnan/raw/HLS-VI.S30.T48RVN.2018062T033641.v2.0.NDVI.tif,HLS-VI.S30.T48RVN.2018062T033641.v2.0.NDVI.tif,S30,T48RVN,2018-03-03,2018062,033641
/home/ec2-user/ndvi_sqs_work/yunnan/raw/HLS-VI.S30.T48RVP.2018062T033641.v2.0.NDVI.tif,HLS-VI.S30.T48RVP.2018062T033641.v2.0.NDVI.tif,S30,T48RVP,2018-03-03,2018062,033641
/home/ec2-user/ndvi_sqs_work/yunnan/raw/HLS-VI.S30.T48RVQ.2018062T033641.v2.0.NDVI.tif,HLS-VI.S30.T48RVQ.2018062T033641.v2.0.NDVI.tif,S30,T48RVQ,2018-03-03,2018062,033641
/home/ec2-user/ndvi_sqs_work/yunnan/raw/HLS-VI.S30.T48RVR.2018062T033641.v2.0.NDVI.tif,HLS-VI.S30.T48RVR.2018062T033641.v2.0.NDVI.tif,S30,T48RVR,2018-03-03,2018062,033641
/home/ec2-user/ndvi_sqs_work/yunnan/raw/HLS-VI.S30.T48RWN.2018062T033641.v2.0.NDVI.tif,HLS-VI.S30.T48RWN.2018062T033641.v2.0.NDVI.tif,S30,T48RWN,2018-03-03,2018062,033641
/home/ec2-user/ndvi_sqs_work/yunnan/raw/HLS-VI.S30.T48RWR.2018062T033641.v2.0.NDVI.tif,HLS-VI.S30.T48RWR.2018062T033641.v2.0.NDVI.tif,S30,T48RWR,2018-03-03,2018062,033641
/home/ec2-user/ndvi_sqs_work/yunnan/raw/HLS-VI.S30.T47QLG.2018063T035629.v2.0.NDVI.tif,HLS-VI.S30.T47QLG.2018063T035629.v2.0.NDVI.tif,S30,T47QLG,2018-03-04,2018063,035629
/home/ec2-user/ndvi_sqs_work/yunnan/raw/HLS-VI.S30.T47QMF.2018063T035629.v2.0.NDVI.tif,HLS-VI.S30.T47QMF.2018063T035629.v2.0.NDVI.tif,S30,T47QMF,2018-03-04,2018063,035629
/home/ec2-user/ndvi_sqs_work/yunnan/raw/HLS-VI.S30.T47QMG.2018063T035629.v2.0.NDVI.tif,HLS-VI.S30.T47QMG.2018063T035629.v2.0.NDVI.tif,S30,T47QMG,2018-03-04,2018063,035629
/home/ec2-user/ndvi_sqs_work/yunnan/raw/HLS-VI.S30.T47QNE.2018063T035629.v2.0.NDVI.tif,HLS-VI.S30.T47QNE.2018063T035629.v2.0.NDVI.tif,S30,T47QNE,2018-03-04,2018063,035629
/home/ec2-user/ndvi_sqs_work/yunnan/raw/HLS-VI.S30.T47QNF.2018063T035629.v2.0.NDVI.tif,HLS-VI.S30.T47QNF.2018063T035629.v2.0.NDVI.tif,S30,T47QNF,2018-03-04,2018063,035629
/home/ec2-user/ndvi_sqs_work/yunnan/raw/HLS-VI.S30.T48QVM.2018064T032619.v2.0.NDVI.tif,HLS-VI.S30.T48QVM.2018064T032619.v2.0.NDVI.tif,S30,T48QVM,2018-03-05,2018064,032619
/home/ec2-user/ndvi_sqs_work/yunnan/raw/HLS-VI.S30.T48QWM.2018064T032619.v2.0.NDVI.tif,HLS-VI.S30.T48QWM.2018064T032619.v2.0.NDVI.tif,S30,T48QWM,2018-03-05,2018064,032619
/home/ec2-user/ndvi_sqs_work/yunnan/raw/HLS-VI.S30.T48RVN.2018064T032619.v2.0.NDVI.tif,HLS-VI.S30.T48RVN.2018064T032619.v2.0.NDVI.tif,S30,T48RVN,2018-03-05,2018064,032619
/home/ec2-user/ndvi_sqs_work/yunnan/raw/HLS-VI.S30.T48RWN.2018064T032619.v2.0.NDVI.tif,HLS-VI.S30.T48RWN.2018064T032619.v2.0.NDVI.tif,S30,T48RWN,2018-03-05,2018064,032619
/home/ec2-user/ndvi_sqs_work/yunnan/raw/HLS-VI.S30.T47QNE.2018065T034621.v2.0.NDVI.tif,HLS-VI.S30.T47QNE.2018065T034621.v2.0.NDVI.tif,S30,T47QNE,2018-03-06,2018065,034621
/home/ec2-user/ndvi_sqs_work/yunnan/raw/HLS-VI.S30.T47QNF.2018065T034621.v2.0.NDVI.tif,HLS-VI.S30.T47QNF.2018065T034621.v2.0.NDVI.tif,S30,T47QNF,2018-03-06,2018065,034621
/home/ec2-user/ndvi_sqs_work/yunnan/raw/HLS-VI.S30.T47QPD.2018065T034621.v2.0.NDVI.tif,HLS-VI.S30.T47QPD.2018065T034621.v2.0.NDVI.tif,S30,T47QPD,2018-03-06,2018065,034621
/home/ec2-user/ndvi_sqs_work/yunnan/raw/HLS-VI.S30.T47QPE.2018065T034621.v2.0.NDVI.tif,HLS-VI.S30.T47QPE.2018065T034621.v2.0.NDVI.tif,S30,T47QPE,2018-03-06,2018065,034621
/home/ec2-user/ndvi_sqs_work/yunnan/raw/HLS-VI.S30.T47QPF.2018065T034621.v2.0.NDVI.tif,HLS-VI.S30.T47QPF.2018065T034621.v2.0.NDVI.tif,S30,T47QPF,2018-03-06,2018065,034621
/home/ec2-user/ndvi_sqs_work/yunnan/raw/HLS-VI.S30.T47QPG.2018065T034621.v2.0.NDVI.tif,HLS-VI.S30.T47QPG.2018065T034621.v2.0.NDVI.tif,S30,T47QPG,2018-03-06,2018065,034621
/home/ec2-user/ndvi_sqs_work/yunnan/raw/HLS-VI.S30.T47QQD.2018065T034621.v2.0.NDVI.tif,HLS-VI.S30.T47QQD.2018065T034621.v2.0.NDVI.tif,S30,T47QQD,2018-03-06,2018065,034621
/home/ec2-user/ndvi_sqs_work/yunnan/raw/HLS-VI.S30.T47QQE.2018065T034621.v2.0.NDVI.tif,HLS-VI.S30.T47QQE.2018065T034621.v2.0.NDVI.tif,S30,T47QQE,2018-03-06,2018065,034621
/home/ec2-user/ndvi_sqs_work/yunnan/raw/HLS-VI.S30.T47QQF.2018065T034621.v2.0.NDVI.tif,HLS-VI.S30.T47QQF.2018065T034621.v2.0.NDVI.tif,S30,T47QQF,2018-03-06,2018065,034621
/home/ec2-user/ndvi_sqs_work/yunnan/raw/HLS-VI.S30.T47QQG.2018065T034621.v2.0.NDVI.tif,HLS-VI.S30.T47QQG.2018065T034621.v2.0.NDVI.tif,S30,T47QQG,2018-03-06,2018065,034621
/home/ec2-user/ndvi_sqs_work/yunnan/raw/HLS-VI.S30.T47QRE.2018065T034621.v2.0.NDVI.tif,HLS-VI.S30.T47QRE.2018065T034621.v2.0.NDVI.tif,S30,T47QRE,2018-03-06,2018065,034621
/home/ec2-user/ndvi_sqs_work/yunnan/raw/HLS-VI.S30.T47QRF.2018065T034621.v2.0.NDVI.tif,HLS-VI.S30.T47QRF.2018065T034621.v2.0.NDVI.tif,S30,T47QRF,2018-03-06,2018065,034621
/home/ec2-user/ndvi_sqs_work/yunnan/raw/HLS-VI.S30.T47QRG.2018065T034621.v2.0.NDVI.tif,HLS-VI.S30.T47QRG.2018065T034621.v2.0.NDVI.tif,S30,T47QRG,2018-03-06,2018065,034621
/home/ec2-user/ndvi_sqs_work/yunnan/raw/HLS-VI.S30.T47RNH.2018065T034621.v2.0.NDVI.tif,HLS-VI.S30.T47RNH.2018065T034621.v2.0.NDVI.tif,S30,T47RNH,2018-03-06,2018065,034621
/home/ec2-user/ndvi_sqs_work/yunnan/raw/HLS-VI.S30.T48QTL.2018065T034621.v2.0.NDVI.tif,HLS-VI.S30.T48QTL.2018065T034621.v2.0.NDVI.tif,S30,T48QTL,2018-03-06,2018065,034621
/home/ec2-user/ndvi_sqs_work/yunnan/raw/HLS-VI.S30.T48QTM.2018065T034621.v2.0.NDVI.tif,HLS-VI.S30.T48QTM.2018065T034621.v2.0.NDVI.tif,S30,T48QTM,2018-03-06,2018065,034621
/home/ec2-user/ndvi_sqs_work/yunnan/raw/HLS-VI.S30.T48RVS.2018067T033559.v2.0.NDVI.tif,HLS-VI.S30.T48RVS.2018067T033559.v2.0.NDVI.tif,S30,T48RVS,2018-03-08,2018067,033559
/home/ec2-user/ndvi_sqs_work/yunnan/raw/HLS-VI.S30.T48RWS.2018067T033559.v2.0.NDVI.tif,HLS-VI.S30.T48RWS.2018067T033559.v2.0.NDVI.tif,S30,T48RWS,2018-03-08,2018067,033559
/home/ec2-user/ndvi_sqs_work/yunnan/raw/HLS-VI.S30.T47QLG.2018068T035601.v2.0.NDVI.tif,HLS-VI.S30.T47QLG.2018068T035601.v2.0.NDVI.tif,S30,T47QLG,2018-03-09,2018068,035601
/home/ec2-user/ndvi_sqs_work/yunnan/raw/HLS-VI.S30.T47QMF.2018068T035601.v2.0.NDVI.tif,HLS-VI.S30.T47QMF.2018068T035601.v2.0.NDVI.tif,S30,T47QMF,2018-03-09,2018068,035601
/home/ec2-user/ndvi_sqs_work/yunnan/raw/HLS-VI.S30.T47QMG.2018068T035601.v2.0.NDVI.tif,HLS-VI.S30.T47QMG.2018068T035601.v2.0.NDVI.tif,S30,T47QMG,2018-03-09,2018068,035601
/home/ec2-user/ndvi_sqs_work/yunnan/raw/HLS-VI.S30.T47QNE.2018068T035601.v2.0.NDVI.tif,HLS-VI.S30.T47QNE.2018068T035601.v2.0.NDVI.tif,S30,T47QNE,2018-03-09,2018068,035601
/home/ec2-user/ndvi_sqs_work/yunnan/raw/HLS-VI.S30.T47QNF.2018068T035601.v2.0.NDVI.tif,HLS-VI.S30.T47QNF.2018068T035601.v2.0.NDVI.tif,S30,T47QNF,2018-03-09,2018068,035601
/home/ec2-user/ndvi_sqs_work/yunnan/raw/HLS-VI.S30.T47QNG.2018068T035601.v2.0.NDVI.tif,HLS-VI.S30.T47QNG.2018068T035601.v2.0.NDVI.tif,S30,T47QNG,2018-03-09,2018068,035601
/home/ec2-user/ndvi_sqs_work/yunnan/raw/HLS-VI.S30.T47RLH.2018068T035601.v2.0.NDVI.tif,HLS-VI.S30.T47RLH.2018068T035601.v2.0.NDVI.tif,S30,T47RLH,2018-03-09,2018068,035601
/home/ec2-user/ndvi_sqs_work/yunnan/raw/HLS-VI.S30.T47RLJ.2018068T035601.v2.0.NDVI.tif,HLS-VI.S30.T47RLJ.2018068T035601.v2.0.NDVI.tif,S30,T47RLJ,2018-03-09,2018068,035601
/home/ec2-user/ndvi_sqs_work/yunnan/raw/HLS-VI.S30.T47RMH.2018068T035601.v2.0.NDVI.tif,HLS-VI.S30.T47RMH.2018068T035601.v2.0.NDVI.tif,S30,T47RMH,2018-03-09,2018068,035601
/home/ec2-user/ndvi_sqs_work/yunnan/raw/HLS-VI.S30.T47RNH.2018068T035601.v2.0.NDVI.tif,HLS-VI.S30.T47RNH.2018068T035601.v2.0.NDVI.tif,S30,T47RNH,2018-03-09,2018068,035601
/home/ec2-user/ndvi_sqs_work/yunnan/raw/HLS-VI.S30.T47RPH.2018068T035601.v2.0.NDVI.tif,HLS-VI.S30.T47RPH.2018068T035601.v2.0.NDVI.tif,S30,T47RPH,2018-03-09,2018068,035601
/home/ec2-user/ndvi_sqs_work/yunnan/raw/HLS-VI.S30.T48QWL.2018069T032541.v2.0.NDVI.tif,HLS-VI.S30.T48QWL.2018069T032541.v2.0.NDVI.tif,S30,T48QWL,2018-03-10,2018069,032541
/home/ec2-user/ndvi_sqs_work/yunnan/raw/HLS-VI.S30.T48QXM.2018069T032541.v2.0.NDVI.tif,HLS-VI.S30.T48QXM.2018069T032541.v2.0.NDVI.tif,S30,T48QXM,2018-03-10,2018069,032541
/home/ec2-user/ndvi_sqs_work/yunnan/raw/HLS-VI.S30.T48RWN.2018069T032541.v2.0.NDVI.tif,HLS-VI.S30.T48RWN.2018069T032541.v2.0.NDVI.tif,S30,T48RWN,2018-03-10,2018069,032541
/home/ec2-user/ndvi_sqs_work/yunnan/raw/HLS-VI.S30.T47RNJ.2018070T034539.v2.0.NDVI.tif,HLS-VI.S30.T47RNJ.2018070T034539.v2.0.NDVI.tif,S30,T47RNJ,2018-03-11,2018070,034539
/home/ec2-user/ndvi_sqs_work/yunnan/raw/HLS-VI.S30.T47RPJ.2018070T034539.v2.0.NDVI.tif,HLS-VI.S30.T47RPJ.2018070T034539.v2.0.NDVI.tif,S30,T47RPJ,2018-03-11,2018070,034539
/home/ec2-user/ndvi_sqs_work/yunnan/raw/HLS-VI.S30.T47RPK.2018070T034539.v2.0.NDVI.tif,HLS-VI.S30.T47RPK.2018070T034539.v2.0.NDVI.tif,S30,T47RPK,2018-03-11,2018070,034539
/home/ec2-user/ndvi_sqs_work/yunnan/raw/HLS-VI.S30.T47RPL.2018070T034539.v2.0.NDVI.tif,HLS-VI.S30.T47RPL.2018070T034539.v2.0.NDVI.tif,S30,T47RPL,2018-03-11,2018070,034539
/home/ec2-user/ndvi_sqs_work/yunnan/raw/HLS-VI.S30.T47RQJ.2018070T034539.v2.0.NDVI.tif,HLS-VI.S30.T47RQJ.2018070T034539.v2.0.NDVI.tif,S30,T47RQJ,2018-03-11,2018070,034539
/home/ec2-user/ndvi_sqs_work/yunnan/raw/HLS-VI.S30.T47RQK.2018070T034539.v2.0.NDVI.tif,HLS-VI.S30.T47RQK.2018070T034539.v2.0.NDVI.tif,S30,T47RQK,2018-03-11,2018070,034539
/home/ec2-user/ndvi_sqs_work/yunnan/raw/HLS-VI.S30.T47RQL.2018070T034539.v2.0.NDVI.tif,HLS-VI.S30.T47RQL.2018070T034539.v2.0.NDVI.tif,S30,T47RQL,2018-03-11,2018070,034539
/home/ec2-user/ndvi_sqs_work/yunnan/raw/HLS-VI.S30.T48RTQ.2018072T033531.v2.0.NDVI.tif,HLS-VI.S30.T48RTQ.2018072T033531.v2.0.NDVI.tif,S30,T48RTQ,2018-03-13,2018072,033531
/home/ec2-user/ndvi_sqs_work/yunnan/raw/HLS-VI.S30.T47QLG.2018073T035529.v2.0.NDVI.tif,HLS-VI.S30.T47QLG.2018073T035529.v2.0.NDVI.tif,S30,T47QLG,2018-03-14,2018073,035529
/home/ec2-user/ndvi_sqs_work/yunnan/raw/HLS-VI.S30.T47QMF.2018073T035529.v2.0.NDVI.tif,HLS-VI.S30.T47QMF.2018073T035529.v2.0.NDVI.tif,S30,T47QMF,2018-03-14,2018073,035529
/home/ec2-user/ndvi_sqs_work/yunnan/raw/HLS-VI.S30.T47QMG.2018073T035529.v2.0.NDVI.tif,HLS-VI.S30.T47QMG.2018073T035529.v2.0.NDVI.tif,S30,T47QMG,2018-03-14,2018073,035529
/home/ec2-user/ndvi_sqs_work/yunnan/raw/HLS-VI.S30.T47QNE.2018073T035529.v2.0.NDVI.tif,HLS-VI.S30.T47QNE.2018073T035529.v2.0.NDVI.tif,S30,T47QNE,2018-03-14,2018073,035529
/home/ec2-user/ndvi_sqs_work/yunnan/raw/HLS-VI.S30.T47QNF.2018073T035529.v2.0.NDVI.tif,HLS-VI.S30.T47QNF.2018073T035529.v2.0.NDVI.tif,S30,T47QNF,2018-03-14,2018073,035529
/home/ec2-user/ndvi_sqs_work/yunnan/raw/HLS-VI.S30.T47QNG.2018073T035529.v2.0.NDVI.tif,HLS-VI.S30.T47QNG.2018073T035529.v2.0.NDVI.tif,S30,T47QNG,2018-03-14,2018073,035529
/home/ec2-user/ndvi_sqs_work/yunnan/raw/HLS-VI.S30.T47QPG.2018073T035529.v2.0.NDVI.tif,HLS-VI.S30.T47QPG.2018073T035529.v2.0.NDVI.tif,S30,T47QPG,2018-03-14,2018073,035529
/home/ec2-user/ndvi_sqs_work/yunnan/raw/HLS-VI.S30.T47RLH.2018073T035529.v2.0.NDVI.tif,HLS-VI.S30.T47RLH.2018073T035529.v2.0.NDVI.tif,S30,T47RLH,2018-03-14,2018073,035529
/home/ec2-user/ndvi_sqs_work/yunnan/raw/HLS-VI.S30.T47RLJ.2018073T035529.v2.0.NDVI.tif,HLS-VI.S30.T47RLJ.2018073T035529.v2.0.NDVI.tif,S30,T47RLJ,2018-03-14,2018073,035529
/home/ec2-user/ndvi_sqs_work/yunnan/raw/HLS-VI.S30.T47RMH.2018073T035529.v2.0.NDVI.tif,HLS-VI.S30.T47RMH.2018073T035529.v2.0.NDVI.tif,S30,T47RMH,2018-03-14,2018073,035529
/home/ec2-user/ndvi_sqs_work/yunnan/raw/HLS-VI.S30.T47RNH.2018073T035529.v2.0.NDVI.tif,HLS-VI.S30.T47RNH.2018073T035529.v2.0.NDVI.tif,S30,T47RNH,2018-03-14,2018073,035529
/home/ec2-user/ndvi_sqs_work/yunnan/raw/HLS-VI.S30.T47RNJ.2018073T035529.v2.0.NDVI.tif,HLS-VI.S30.T47RNJ.2018073T035529.v2.0.NDVI.tif,S30,T47RNJ,2018-03-14,2018073,035529
/home/ec2-user/ndvi_sqs_work/yunnan/raw/HLS-VI.S30.T47RNK.2018073T035529.v2.0.NDVI.tif,HLS-VI.S30.T47RNK.2018073T035529.v2.0.NDVI.tif,S30,T47RNK,2018-03-14,2018073,035529
/home/ec2-user/ndvi_sqs_work/yunnan/raw/HLS-VI.S30.T47RPH.2018073T035529.v2.0.NDVI.tif,HLS-VI.S30.T47RPH.2018073T035529.v2.0.NDVI.tif,S30,T47RPH,2018-03-14,2018073,035529
/home/ec2-user/ndvi_sqs_work/yunnan/raw/HLS-VI.S30.T47RPJ.2018073T035529.v2.0.NDVI.tif,HLS-VI.S30.T47RPJ.2018073T035529.v2.0.NDVI.tif,S30,T47RPJ,2018-03-14,2018073,035529
/home/ec2-user/ndvi_sqs_work/yunnan/raw/HLS-VI.S30.T47RPK.2018073T035529.v2.0.NDVI.tif,HLS-VI.S30.T47RPK.2018073T035529.v2.0.NDVI.tif,S30,T47RPK,2018-03-14,2018073,035529
/home/ec2-user/ndvi_sqs_work/yunnan/raw/HLS-VI.S30.T48QVM.2018074T032529.v2.0.NDVI.tif,HLS-VI.S30.T48QVM.2018074T032529.v2.0.NDVI.tif,S30,T48QVM,2018-03-15,2018074,032529
/home/ec2-user/ndvi_sqs_work/yunnan/raw/HLS-VI.S30.T48RVN.2018074T032529.v2.0.NDVI.tif,HLS-VI.S30.T48RVN.2018074T032529.v2.0.NDVI.tif,S30,T48RVN,2018-03-15,2018074,032529
/home/ec2-user/ndvi_sqs_work/yunnan/raw/HLS-VI.S30.T48RWN.2018074T032529.v2.0.NDVI.tif,HLS-VI.S30.T48RWN.2018074T032529.v2.0.NDVI.tif,S30,T48RWN,2018-03-15,2018074,032529
/home/ec2-user/ndvi_sqs_work/yunnan/raw/HLS-VI.S30.T47QNE.2018075T034531.v2.0.NDVI.tif,HLS-VI.S30.T47QNE.2018075T034531.v2.0.NDVI.tif,S30,T47QNE,2018-03-16,2018075,034531
/home/ec2-user/ndvi_sqs_work/yunnan/raw/HLS-VI.S30.T47QPD.2018075T034531.v2.0.NDVI.tif,HLS-VI.S30.T47QPD.2018075T034531.v2.0.NDVI.tif,S30,T47QPD,2018-03-16,2018075,034531
/home/ec2-user/ndvi_sqs_work/yunnan/raw/HLS-VI.S30.T47QPE.2018075T034531.v2.0.NDVI.tif,HLS-VI.S30.T47QPE.2018075T034531.v2.0.NDVI.tif,S30,T47QPE,2018-03-16,2018075,034531
/home/ec2-user/ndvi_sqs_work/yunnan/raw/HLS-VI.S30.T47QQD.2018075T034531.v2.0.NDVI.tif,HLS-VI.S30.T47QQD.2018075T034531.v2.0.NDVI.tif,S30,T47QQD,2018-03-16,2018075,034531
/home/ec2-user/ndvi_sqs_work/yunnan/raw/HLS-VI.S30.T47QQE.2018075T034531.v2.0.NDVI.tif,HLS-VI.S30.T47QQE.2018075T034531.v2.0.NDVI.tif,S30,T47QQE,2018-03-16,2018075,034531
/home/ec2-user/ndvi_sqs_work/yunnan/raw/HLS-VI.S30.T47QQF.2018075T034531.v2.0.NDVI.tif,HLS-VI.S30.T47QQF.2018075T034531.v2.0.NDVI.tif,S30,T47QQF,2018-03-16,2018075,034531
/home/ec2-user/ndvi_sqs_work/yunnan/raw/HLS-VI.S30.T47QRE.2018075T034531.v2.0.NDVI.tif,HLS-VI.S30.T47QRE.2018075T034531.v2.0.NDVI.tif,S30,T47QRE,2018-03-16,2018075,034531
/home/ec2-user/ndvi_sqs_work/yunnan/raw/HLS-VI.S30.T47RRJ.2018077T033529.v2.0.NDVI.tif,HLS-VI.S30.T47RRJ.2018077T033529.v2.0.NDVI.tif,S30,T47RRJ,2018-03-18,2018077,033529
/home/ec2-user/ndvi_sqs_work/yunnan/raw/HLS-VI.S30.T48QWM.2018077T033529.v2.0.NDVI.tif,HLS-VI.S30.T48QWM.2018077T033529.v2.0.NDVI.tif,S30,T48QWM,2018-03-18,2018077,033529
/home/ec2-user/ndvi_sqs_work/yunnan/raw/HLS-VI.S30.T48RTP.2018077T033529.v2.0.NDVI.tif,HLS-VI.S30.T48RTP.2018077T033529.v2.0.NDVI.tif,S30,T48RTP,2018-03-18,2018077,033529
/home/ec2-user/ndvi_sqs_work/yunnan/raw/HLS-VI.S30.T48RUN.2018077T033529.v2.0.NDVI.tif,HLS-VI.S30.T48RUN.2018077T033529.v2.0.NDVI.tif,S30,T48RUN,2018-03-18,2018077,033529
/home/ec2-user/ndvi_sqs_work/yunnan/raw/HLS-VI.S30.T48RUP.2018077T033529.v2.0.NDVI.tif,HLS-VI.S30.T48RUP.2018077T033529.v2.0.NDVI.tif,S30,T48RUP,2018-03-18,2018077,033529
/home/ec2-user/ndvi_sqs_work/yunnan/raw/HLS-VI.S30.T48RUQ.2018077T033529.v2.0.NDVI.tif,HLS-VI.S30.T48RUQ.2018077T033529.v2.0.NDVI.tif,S30,T48RUQ,2018-03-18,2018077,033529
/home/ec2-user/ndvi_sqs_work/yunnan/raw/HLS-VI.S30.T48RVN.2018077T033529.v2.0.NDVI.tif,HLS-VI.S30.T48RVN.2018077T033529.v2.0.NDVI.tif,S30,T48RVN,2018-03-18,2018077,033529
/home/ec2-user/ndvi_sqs_work/yunnan/raw/HLS-VI.S30.T48RVP.2018077T033529.v2.0.NDVI.tif,HLS-VI.S30.T48RVP.2018077T033529.v2.0.NDVI.tif,S30,T48RVP,2018-03-18,2018077,033529
/home/ec2-user/ndvi_sqs_work/yunnan/raw/HLS-VI.S30.T48RVQ.2018077T033529.v2.0.NDVI.tif,HLS-VI.S30.T48RVQ.2018077T033529.v2.0.NDVI.tif,S30,T48RVQ,2018-03-18,2018077,033529
/home/ec2-user/ndvi_sqs_work/yunnan/raw/HLS-VI.S30.T48RWN.2018077T033529.v2.0.NDVI.tif,HLS-VI.S30.T48RWN.2018077T033529.v2.0.NDVI.tif,S30,T48RWN,2018-03-18,2018077,033529
/home/ec2-user/ndvi_sqs_work/yunnan/raw/HLS-VI.S30.T47QLG.2018078T035531.v2.0.NDVI.tif,HLS-VI.S30.T47QLG.2018078T035531.v2.0.NDVI.tif,S30,T47QLG,2018-03-19,2018078,035531
/home/ec2-user/ndvi_sqs_work/yunnan/raw/HLS-VI.S30.T47QMF.2018078T035531.v2.0.NDVI.tif,HLS-VI.S30.T47QMF.2018078T035531.v2.0.NDVI.tif,S30,T47QMF,2018-03-19,2018078,035531
/home/ec2-user/ndvi_sqs_work/yunnan/raw/HLS-VI.S30.T47QMG.2018078T035531.v2.0.NDVI.tif,HLS-VI.S30.T47QMG.2018078T035531.v2.0.NDVI.tif,S30,T47QMG,2018-03-19,2018078,035531
/home/ec2-user/ndvi_sqs_work/yunnan/raw/HLS-VI.S30.T47QNE.2018078T035531.v2.0.NDVI.tif,HLS-VI.S30.T47QNE.2018078T035531.v2.0.NDVI.tif,S30,T47QNE,2018-03-19,2018078,035531
/home/ec2-user/ndvi_sqs_work/yunnan/raw/HLS-VI.S30.T47QNF.2018078T035531.v2.0.NDVI.tif,HLS-VI.S30.T47QNF.2018078T035531.v2.0.NDVI.tif,S30,T47QNF,2018-03-19,2018078,035531
/home/ec2-user/ndvi_sqs_work/yunnan/raw/HLS-VI.S30.T47QNG.2018078T035531.v2.0.NDVI.tif,HLS-VI.S30.T47QNG.2018078T035531.v2.0.NDVI.tif,S30,T47QNG,2018-03-19,2018078,035531
/home/ec2-user/ndvi_sqs_work/yunnan/raw/HLS-VI.S30.T47RLH.2018078T035531.v2.0.NDVI.tif,HLS-VI.S30.T47RLH.2018078T035531.v2.0.NDVI.tif,S30,T47RLH,2018-03-19,2018078,035531
/home/ec2-user/ndvi_sqs_work/yunnan/raw/HLS-VI.S30.T47RLJ.2018078T035531.v2.0.NDVI.tif,HLS-VI.S30.T47RLJ.2018078T035531.v2.0.NDVI.tif,S30,T47RLJ,2018-03-19,2018078,035531
/home/ec2-user/ndvi_sqs_work/yunnan/raw/HLS-VI.S30.T47RMH.2018078T035531.v2.0.NDVI.tif,HLS-VI.S30.T47RMH.2018078T035531.v2.0.NDVI.tif,S30,T47RMH,2018-03-19,2018078,035531
/home/ec2-user/ndvi_sqs_work/yunnan/raw/HLS-VI.S30.T47RMJ.2018078T035531.v2.0.NDVI.tif,HLS-VI.S30.T47RMJ.2018078T035531.v2.0.NDVI.tif,S30,T47RMJ,2018-03-19,2018078,035531
/home/ec2-user/ndvi_sqs_work/yunnan/raw/HLS-VI.S30.T47RNH.2018078T035531.v2.0.NDVI.tif,HLS-VI.S30.T47RNH.2018078T035531.v2.0.NDVI.tif,S30,T47RNH,2018-03-19,2018078,035531
/home/ec2-user/ndvi_sqs_work/yunnan/raw/HLS-VI.S30.T47RNJ.2018078T035531.v2.0.NDVI.tif,HLS-VI.S30.T47RNJ.2018078T035531.v2.0.NDVI.tif,S30,T47RNJ,2018-03-19,2018078,035531
/home/ec2-user/ndvi_sqs_work/yunnan/raw/HLS-VI.S30.T47RNK.2018078T035531.v2.0.NDVI.tif,HLS-VI.S30.T47RNK.2018078T035531.v2.0.NDVI.tif,S30,T47RNK,2018-03-19,2018078,035531
/home/ec2-user/ndvi_sqs_work/yunnan/raw/HLS-VI.S30.T47RPH.2018078T035531.v2.0.NDVI.tif,HLS-VI.S30.T47RPH.2018078T035531.v2.0.NDVI.tif,S30,T47RPH,2018-03-19,2018078,035531
/home/ec2-user/ndvi_sqs_work/yunnan/raw/HLS-VI.S30.T47RPJ.2018078T035531.v2.0.NDVI.tif,HLS-VI.S30.T47RPJ.2018078T035531.v2.0.NDVI.tif,S30,T47RPJ,2018-03-19,2018078,035531
/home/ec2-user/ndvi_sqs_work/yunnan/raw/HLS-VI.S30.T47RPK.2018078T035531.v2.0.NDVI.tif,HLS-VI.S30.T47RPK.2018078T035531.v2.0.NDVI.tif,S30,T47RPK,2018-03-19,2018078,035531
/home/ec2-user/ndvi_sqs_work/yunnan/raw/HLS-VI.S30.T47RPL.2018078T035531.v2.0.NDVI.tif,HLS-VI.S30.T47RPL.2018078T035531.v2.0.NDVI.tif,S30,T47RPL,2018-03-19,2018078,035531
/home/ec2-user/ndvi_sqs_work/yunnan/raw/HLS-VI.S30.T48QVM.2018079T032531.v2.0.NDVI.tif,HLS-VI.S30.T48QVM.2018079T032531.v2.0.NDVI.tif,S30,T48QVM,2018-03-20,2018079,032531
/home/ec2-user/ndvi_sqs_work/yunnan/raw/HLS-VI.S30.T48RVN.2018079T032531.v2.0.NDVI.tif,HLS-VI.S30.T48RVN.2018079T032531.v2.0.NDVI.tif,S30,T48RVN,2018-03-20,2018079,032531
/home/ec2-user/ndvi_sqs_work/yunnan/raw/HLS-VI.S30.T48RWN.2018079T032531.v2.0.NDVI.tif,HLS-VI.S30.T48RWN.2018079T032531.v2.0.NDVI.tif,S30,T48RWN,2018-03-20,2018079,032531
/home/ec2-user/ndvi_sqs_work/yunnan/raw/HLS-VI.S30.T47QNE.2018080T034529.v2.0.NDVI.tif,HLS-VI.S30.T47QNE.2018080T034529.v2.0.NDVI.tif,S30,T47QNE,2018-03-21,2018080,034529
/home/ec2-user/ndvi_sqs_work/yunnan/raw/HLS-VI.S30.T47QNF.2018080T034529.v2.0.NDVI.tif,HLS-VI.S30.T47QNF.2018080T034529.v2.0.NDVI.tif,S30,T47QNF,2018-03-21,2018080,034529
/home/ec2-user/ndvi_sqs_work/yunnan/raw/HLS-VI.S30.T47QNG.2018080T034529.v2.0.NDVI.tif,HLS-VI.S30.T47QNG.2018080T034529.v2.0.NDVI.tif,S30,T47QNG,2018-03-21,2018080,034529
/home/ec2-user/ndvi_sqs_work/yunnan/raw/HLS-VI.S30.T47QPD.2018080T034529.v2.0.NDVI.tif,HLS-VI.S30.T47QPD.2018080T034529.v2.0.NDVI.tif,S30,T47QPD,2018-03-21,2018080,034529
/home/ec2-user/ndvi_sqs_work/yunnan/raw/HLS-VI.S30.T47QPE.2018080T034529.v2.0.NDVI.tif,HLS-VI.S30.T47QPE.2018080T034529.v2.0.NDVI.tif,S30,T47QPE,2018-03-21,2018080,034529
/home/ec2-user/ndvi_sqs_work/yunnan/raw/HLS-VI.S30.T47QPF.2018080T034529.v2.0.NDVI.tif,HLS-VI.S30.T47QPF.2018080T034529.v2.0.NDVI.tif,S30,T47QPF,2018-03-21,2018080,034529
/home/ec2-user/ndvi_sqs_work/yunnan/raw/HLS-VI.S30.T47QPG.2018080T034529.v2.0.NDVI.tif,HLS-VI.S30.T47QPG.2018080T034529.v2.0.NDVI.tif,S30,T47QPG,2018-03-21,2018080,034529
/home/ec2-user/ndvi_sqs_work/yunnan/raw/HLS-VI.S30.T47QQG.2018080T034529.v2.0.NDVI.tif,HLS-VI.S30.T47QQG.2018080T034529.v2.0.NDVI.tif,S30,T47QQG,2018-03-21,2018080,034529
/home/ec2-user/ndvi_sqs_work/yunnan/raw/HLS-VI.S30.T47RNH.2018080T034529.v2.0.NDVI.tif,HLS-VI.S30.T47RNH.2018080T034529.v2.0.NDVI.tif,S30,T47RNH,2018-03-21,2018080,034529
/home/ec2-user/ndvi_sqs_work/yunnan/raw/HLS-VI.S30.T47RNJ.2018080T034529.v2.0.NDVI.tif,HLS-VI.S30.T47RNJ.2018080T034529.v2.0.NDVI.tif,S30,T47RNJ,2018-03-21,2018080,034529
/home/ec2-user/ndvi_sqs_work/yunnan/raw/HLS-VI.S30.T47RNK.2018080T034529.v2.0.NDVI.tif,HLS-VI.S30.T47RNK.2018080T034529.v2.0.NDVI.tif,S30,T47RNK,2018-03-21,2018080,034529
/home/ec2-user/ndvi_sqs_work/yunnan/raw/HLS-VI.S30.T47RPH.2018080T034529.v2.0.NDVI.tif,HLS-VI.S30.T47RPH.2018080T034529.v2.0.NDVI.tif,S30,T47RPH,2018-03-21,2018080,034529
/home/ec2-user/ndvi_sqs_work/yunnan/raw/HLS-VI.S30.T47RPJ.2018080T034529.v2.0.NDVI.tif,HLS-VI.S30.T47RPJ.2018080T034529.v2.0.NDVI.tif,S30,T47RPJ,2018-03-21,2018080,034529
/home/ec2-user/ndvi_sqs_work/yunnan/raw/HLS-VI.S30.T47RPK.2018080T034529.v2.0.NDVI.tif,HLS-VI.S30.T47RPK.2018080T034529.v2.0.NDVI.tif,S30,T47RPK,2018-03-21,2018080,034529
/home/ec2-user/ndvi_sqs_work/yunnan/raw/HLS-VI.S30.T47RQH.2018080T034529.v2.0.NDVI.tif,HLS-VI.S30.T47RQH.2018080T034529.v2.0.NDVI.tif,S30,T47RQH,2018-03-21,2018080,034529
/home/ec2-user/ndvi_sqs_work/yunnan/raw/HLS-VI.S30.T47RQJ.2018080T034529.v2.0.NDVI.tif,HLS-VI.S30.T47RQJ.2018080T034529.v2.0.NDVI.tif,S30,T47RQJ,2018-03-21,2018080,034529
/home/ec2-user/ndvi_sqs_work/yunnan/raw/HLS-VI.S30.T47RQK.2018080T034529.v2.0.NDVI.tif,HLS-VI.S30.T47RQK.2018080T034529.v2.0.NDVI.tif,S30,T47RQK,2018-03-21,2018080,034529
/home/ec2-user/ndvi_sqs_work/yunnan/raw/HLS-VI.S30.T47QNE.2018083T035529.v2.0.NDVI.tif,HLS-VI.S30.T47QNE.2018083T035529.v2.0.NDVI.tif,S30,T47QNE,2018-03-24,2018083,035529
/home/ec2-user/ndvi_sqs_work/yunnan/raw/HLS-VI.S30.T47RPK.2018083T035529.v2.0.NDVI.tif,HLS-VI.S30.T47RPK.2018083T035529.v2.0.NDVI.tif,S30,T47RPK,2018-03-24,2018083,035529
/home/ec2-user/ndvi_sqs_work/yunnan/raw/HLS-VI.S30.T47QNE.2018085T034701.v2.0.NDVI.tif,HLS-VI.S30.T47QNE.2018085T034701.v2.0.NDVI.tif,S30,T47QNE,2018-03-26,2018085,034701
/home/ec2-user/ndvi_sqs_work/yunnan/raw/HLS-VI.S30.T47QNF.2018085T034701.v2.0.NDVI.tif,HLS-VI.S30.T47QNF.2018085T034701.v2.0.NDVI.tif,S30,T47QNF,2018-03-26,2018085,034701
/home/ec2-user/ndvi_sqs_work/yunnan/raw/HLS-VI.S30.T47QNG.2018085T034701.v2.0.NDVI.tif,HLS-VI.S30.T47QNG.2018085T034701.v2.0.NDVI.tif,S30,T47QNG,2018-03-26,2018085,034701
/home/ec2-user/ndvi_sqs_work/yunnan/raw/HLS-VI.S30.T47RNH.2018085T034701.v2.0.NDVI.tif,HLS-VI.S30.T47RNH.2018085T034701.v2.0.NDVI.tif,S30,T47RNH,2018-03-26,2018085,034701
/home/ec2-user/ndvi_sqs_work/yunnan/raw/HLS-VI.S30.T47QLG.2018088T035711.v2.0.NDVI.tif,HLS-VI.S30.T47QLG.2018088T035711.v2.0.NDVI.tif,S30,T47QLG,2018-03-29,2018088,035711
/home/ec2-user/ndvi_sqs_work/yunnan/raw/HLS-VI.S30.T47QMF.2018088T035711.v2.0.NDVI.tif,HLS-VI.S30.T47QMF.2018088T035711.v2.0.NDVI.tif,S30,T47QMF,2018-03-29,2018088,035711
/home/ec2-user/ndvi_sqs_work/yunnan/raw/HLS-VI.S30.T47QMG.2018088T035711.v2.0.NDVI.tif,HLS-VI.S30.T47QMG.2018088T035711.v2.0.NDVI.tif,S30,T47QMG,2018-03-29,2018088,035711
/home/ec2-user/ndvi_sqs_work/yunnan/raw/HLS-VI.S30.T47QNE.2018088T035711.v2.0.NDVI.tif,HLS-VI.S30.T47QNE.2018088T035711.v2.0.NDVI.tif,S30,T47QNE,2018-03-29,2018088,035711
/home/ec2-user/ndvi_sqs_work/yunnan/raw/HLS-VI.S30.T47QNF.2018088T035711.v2.0.NDVI.tif,HLS-VI.S30.T47QNF.2018088T035711.v2.0.NDVI.tif,S30,T47QNF,2018-03-29,2018088,035711
/home/ec2-user/ndvi_sqs_work/yunnan/raw/HLS-VI.S30.T47QNG.2018088T035711.v2.0.NDVI.tif,HLS-VI.S30.T47QNG.2018088T035711.v2.0.NDVI.tif,S30,T47QNG,2018-03-29,2018088,035711
/home/ec2-user/ndvi_sqs_work/yunnan/raw/HLS-VI.S30.T47RLH.2018088T035711.v2.0.NDVI.tif,HLS-VI.S30.T47RLH.2018088T035711.v2.0.NDVI.tif,S30,T47RLH,2018-03-29,2018088,035711
/home/ec2-user/ndvi_sqs_work/yunnan/raw/HLS-VI.S30.T47RLJ.2018088T035711.v2.0.NDVI.tif,HLS-VI.S30.T47RLJ.2018088T035711.v2.0.NDVI.tif,S30,T47RLJ,2018-03-29,2018088,035711
/home/ec2-user/ndvi_sqs_work/yunnan/raw/HLS-VI.S30.T47RMH.2018088T035711.v2.0.NDVI.tif,HLS-VI.S30.T47RMH.2018088T035711.v2.0.NDVI.tif,S30,T47RMH,2018-03-29,2018088,035711
/home/ec2-user/ndvi_sqs_work/yunnan/raw/HLS-VI.S30.T47RMJ.2018088T035711.v2.0.NDVI.tif,HLS-VI.S30.T47RMJ.2018088T035711.v2.0.NDVI.tif,S30,T47RMJ,2018-03-29,2018088,035711
/home/ec2-user/ndvi_sqs_work/yunnan/raw/HLS-VI.S30.T47RNH.2018088T035711.v2.0.NDVI.tif,HLS-VI.S30.T47RNH.2018088T035711.v2.0.NDVI.tif,S30,T47RNH,2018-03-29,2018088,035711
/home/ec2-user/ndvi_sqs_work/yunnan/raw/HLS-VI.S30.T47RNK.2018088T035711.v2.0.NDVI.tif,HLS-VI.S30.T47RNK.2018088T035711.v2.0.NDVI.tif,S30,T47RNK,2018-03-29,2018088,035711
/home/ec2-user/ndvi_sqs_work/yunnan/raw/HLS-VI.S30.T47RNL.2018088T035711.v2.0.NDVI.tif,HLS-VI.S30.T47RNL.2018088T035711.v2.0.NDVI.tif,S30,T47RNL,2018-03-29,2018088,035711
/home/ec2-user/ndvi_sqs_work/yunnan/raw/HLS-VI.S30.T47RPH.2018088T035711.v2.0.NDVI.tif,HLS-VI.S30.T47RPH.2018088T035711.v2.0.NDVI.tif,S30,T47RPH,2018-03-29,2018088,035711
/home/ec2-user/ndvi_sqs_work/yunnan/raw/HLS-VI.S30.T47RPJ.2018088T035711.v2.0.NDVI.tif,HLS-VI.S30.T47RPJ.2018088T035711.v2.0.NDVI.tif,S30,T47RPJ,2018-03-29,2018088,035711
/home/ec2-user/ndvi_sqs_work/yunnan/raw/HLS-VI.S30.T47QNE.2018090T034529.v2.0.NDVI.tif,HLS-VI.S30.T47QNE.2018090T034529.v2.0.NDVI.tif,S30,T47QNE,2018-03-31,2018090,034529
/home/ec2-user/ndvi_sqs_work/yunnan/raw/HLS-VI.S30.T47QNF.2018090T034529.v2.0.NDVI.tif,HLS-VI.S30.T47QNF.2018090T034529.v2.0.NDVI.tif,S30,T47QNF,2018-03-31,2018090,034529
/home/ec2-user/ndvi_sqs_work/yunnan/raw/HLS-VI.S30.T47QNG.2018090T034529.v2.0.NDVI.tif,HLS-VI.S30.T47QNG.2018090T034529.v2.0.NDVI.tif,S30,T47QNG,2018-03-31,2018090,034529
/home/ec2-user/ndvi_sqs_work/yunnan/raw/HLS-VI.S30.T47QPG.2018090T034529.v2.0.NDVI.tif,HLS-VI.S30.T47QPG.2018090T034529.v2.0.NDVI.tif,S30,T47QPG,2018-03-31,2018090,034529
/home/ec2-user/ndvi_sqs_work/yunnan/raw/HLS-VI.S30.T47RNH.2018090T034529.v2.0.NDVI.tif,HLS-VI.S30.T47RNH.2018090T034529.v2.0.NDVI.tif,S30,T47RNH,2018-03-31,2018090,034529
/home/ec2-user/ndvi_sqs_work/yunnan/raw/HLS-VI.S30.T47RPH.2018090T034529.v2.0.NDVI.tif,HLS-VI.S30.T47RPH.2018090T034529.v2.0.NDVI.tif,S30,T47RPH,2018-03-31,2018090,034529
/home/ec2-user/ndvi_sqs_work/yunnan/raw/HLS-VI.S30.T47RPJ.2018090T034529.v2.0.NDVI.tif,HLS-VI.S30.T47RPJ.2018090T034529.v2.0.NDVI.tif,S30,T47RPJ,2018-03-31,2018090,034529
/home/ec2-user/ndvi_sqs_work/yunnan/raw/HLS-VI.S30.T47RQH.2018090T034529.v2.0.NDVI.tif,HLS-VI.S30.T47RQH.2018090T034529.v2.0.NDVI.tif,S30,T47RQH,2018-03-31,2018090,034529
/home/ec2-user/ndvi_sqs_work/yunnan/raw/HLS-VI.S30.T47RQJ.2018090T034529.v2.0.NDVI.tif,HLS-VI.S30.T47RQJ.2018090T034529.v2.0.NDVI.tif,S30,T47RQJ,2018-03-31,2018090,034529
/home/ec2-user/ndvi_sqs_work/yunnan/raw/HLS-VI.S30.T47RRH.2018090T034529.v2.0.NDVI.tif,HLS-VI.S30.T47RRH.2018090T034529.v2.0.NDVI.tif,S30,T47RRH,2018-03-31,2018090,034529
/home/ec2-user/ndvi_sqs_work/yunnan/raw/HLS-VI.S30.T47RRJ.2018090T034529.v2.0.NDVI.tif,HLS-VI.S30.T47RRJ.2018090T034529.v2.0.NDVI.tif,S30,T47RRJ,2018-03-31,2018090,034529
/home/ec2-user/ndvi_sqs_work/yunnan/raw/HLS-VI.S30.T48RTN.2018090T034529.v2.0.NDVI.tif,HLS-VI.S30.T48RTN.2018090T034529.v2.0.NDVI.tif,S30,T48RTN,2018-03-31,2018090,034529
/home/ec2-user/ndvi_sqs_work/yunnan/raw/HLS-VI.S30.T48RTP.2018090T034529.v2.0.NDVI.tif,HLS-VI.S30.T48RTP.2018090T034529.v2.0.NDVI.tif,S30,T48RTP,2018-03-31,2018090,034529
/home/ec2-user/ndvi_sqs_work/yunnan/raw/HLS-VI.S30.T47QQG.2018092T033531.v2.0.NDVI.tif,HLS-VI.S30.T47QQG.2018092T033531.v2.0.NDVI.tif,S30,T47QQG,2018-04-02,2018092,033531
/home/ec2-user/ndvi_sqs_work/yunnan/raw/HLS-VI.S30.T47RRH.2018092T033531.v2.0.NDVI.tif,HLS-VI.S30.T47RRH.2018092T033531.v2.0.NDVI.tif,S30,T47RRH,2018-04-02,2018092,033531
/home/ec2-user/ndvi_sqs_work/yunnan/raw/HLS-VI.S30.T47RRJ.2018092T033531.v2.0.NDVI.tif,HLS-VI.S30.T47RRJ.2018092T033531.v2.0.NDVI.tif,S30,T47RRJ,2018-04-02,2018092,033531
/home/ec2-user/ndvi_sqs_work/yunnan/raw/HLS-VI.S30.T48RTN.2018092T033531.v2.0.NDVI.tif,HLS-VI.S30.T48RTN.2018092T033531.v2.0.NDVI.tif,S30,T48RTN,2018-04-02,2018092,033531
/home/ec2-user/ndvi_sqs_work/yunnan/raw/HLS-VI.S30.T48RTP.2018092T033531.v2.0.NDVI.tif,HLS-VI.S30.T48RTP.2018092T033531.v2.0.NDVI.tif,S30,T48RTP,2018-04-02,2018092,033531
/home/ec2-user/ndvi_sqs_work/yunnan/raw/HLS-VI.S30.T48RTQ.2018092T033531.v2.0.NDVI.tif,HLS-VI.S30.T48RTQ.2018092T033531.v2.0.NDVI.tif,S30,T48RTQ,2018-04-02,2018092,033531
/home/ec2-user/ndvi_sqs_work/yunnan/raw/HLS-VI.S30.T48RTR.2018092T033531.v2.0.NDVI.tif,HLS-VI.S30.T48RTR.2018092T033531.v2.0.NDVI.tif,S30,T48RTR,2018-04-02,2018092,033531
/home/ec2-user/ndvi_sqs_work/yunnan/raw/HLS-VI.S30.T48RUN.2018092T033531.v2.0.NDVI.tif,HLS-VI.S30.T48RUN.2018092T033531.v2.0.NDVI.tif,S30,T48RUN,2018-04-02,2018092,033531
/home/ec2-user/ndvi_sqs_work/yunnan/raw/HLS-VI.S30.T48RUP.2018092T033531.v2.0.NDVI.tif,HLS-VI.S30.T48RUP.2018092T033531.v2.0.NDVI.tif,S30,T48RUP,2018-04-02,2018092,033531
/home/ec2-user/ndvi_sqs_work/yunnan/raw/HLS-VI.S30.T48RUR.2018092T033531.v2.0.NDVI.tif,HLS-VI.S30.T48RUR.2018092T033531.v2.0.NDVI.tif,S30,T48RUR,2018-04-02,2018092,033531
/home/ec2-user/ndvi_sqs_work/yunnan/raw/HLS-VI.S30.T48RUS.2018092T033531.v2.0.NDVI.tif,HLS-VI.S30.T48RUS.2018092T033531.v2.0.NDVI.tif,S30,T48RUS,2018-04-02,2018092,033531
/home/ec2-user/ndvi_sqs_work/yunnan/raw/HLS-VI.S30.T48RVR.2018092T033531.v2.0.NDVI.tif,HLS-VI.S30.T48RVR.2018092T033531.v2.0.NDVI.tif,S30,T48RVR,2018-04-02,2018092,033531
/home/ec2-user/ndvi_sqs_work/yunnan/raw/HLS-VI.S30.T48RVS.2018092T033531.v2.0.NDVI.tif,HLS-VI.S30.T48RVS.2018092T033531.v2.0.NDVI.tif,S30,T48RVS,2018-04-02,2018092,033531
/home/ec2-user/ndvi_sqs_work/yunnan/raw/HLS-VI.S30.T48RWS.2018092T033531.v2.0.NDVI.tif,HLS-VI.S30.T48RWS.2018092T033531.v2.0.NDVI.tif,S30,T48RWS,2018-04-02,2018092,033531
/home/ec2-user/ndvi_sqs_work/yunnan/raw/HLS-VI.S30.T47QLG.2018093T035539.v2.0.NDVI.tif,HLS-VI.S30.T47QLG.2018093T035539.v2.0.NDVI.tif,S30,T47QLG,2018-04-03,2018093,035539
/home/ec2-user/ndvi_sqs_work/yunnan/raw/HLS-VI.S30.T47QMF.2018093T035539.v2.0.NDVI.tif,HLS-VI.S30.T47QMF.2018093T035539.v2.0.NDVI.tif,S30,T47QMF,2018-04-03,2018093,035539
/home/ec2-user/ndvi_sqs_work/yunnan/raw/HLS-VI.S30.T47QMG.2018093T035539.v2.0.NDVI.tif,HLS-VI.S30.T47QMG.2018093T035539.v2.0.NDVI.tif,S30,T47QMG,2018-04-03,2018093,035539
/home/ec2-user/ndvi_sqs_work/yunnan/raw/HLS-VI.S30.T47QNF.2018093T035539.v2.0.NDVI.tif,HLS-VI.S30.T47QNF.2018093T035539.v2.0.NDVI.tif,S30,T47QNF,2018-04-03,2018093,035539
/home/ec2-user/ndvi_sqs_work/yunnan/raw/HLS-VI.S30.T47QNG.2018093T035539.v2.0.NDVI.tif,HLS-VI.S30.T47QNG.2018093T035539.v2.0.NDVI.tif,S30,T47QNG,2018-04-03,2018093,035539
/home/ec2-user/ndvi_sqs_work/yunnan/raw/HLS-VI.S30.T47RLH.2018093T035539.v2.0.NDVI.tif,HLS-VI.S30.T47RLH.2018093T035539.v2.0.NDVI.tif,S30,T47RLH,2018-04-03,2018093,035539
/home/ec2-user/ndvi_sqs_work/yunnan/raw/HLS-VI.S30.T47RLJ.2018093T035539.v2.0.NDVI.tif,HLS-VI.S30.T47RLJ.2018093T035539.v2.0.NDVI.tif,S30,T47RLJ,2018-04-03,2018093,035539
/home/ec2-user/ndvi_sqs_work/yunnan/raw/HLS-VI.S30.T47RMH.2018093T035539.v2.0.NDVI.tif,HLS-VI.S30.T47RMH.2018093T035539.v2.0.NDVI.tif,S30,T47RMH,2018-04-03,2018093,035539
/home/ec2-user/ndvi_sqs_work/yunnan/raw/HLS-VI.S30.T47RMJ.2018093T035539.v2.0.NDVI.tif,HLS-VI.S30.T47RMJ.2018093T035539.v2.0.NDVI.tif,S30,T47RMJ,2018-04-03,2018093,035539
/home/ec2-user/ndvi_sqs_work/yunnan/raw/HLS-VI.S30.T47RNH.2018093T035539.v2.0.NDVI.tif,HLS-VI.S30.T47RNH.2018093T035539.v2.0.NDVI.tif,S30,T47RNH,2018-04-03,2018093,035539
/home/ec2-user/ndvi_sqs_work/yunnan/raw/HLS-VI.S30.T47RNJ.2018093T035539.v2.0.NDVI.tif,HLS-VI.S30.T47RNJ.2018093T035539.v2.0.NDVI.tif,S30,T47RNJ,2018-04-03,2018093,035539
/home/ec2-user/ndvi_sqs_work/yunnan/raw/HLS-VI.S30.T47RNK.2018093T035539.v2.0.NDVI.tif,HLS-VI.S30.T47RNK.2018093T035539.v2.0.NDVI.tif,S30,T47RNK,2018-04-03,2018093,035539
/home/ec2-user/ndvi_sqs_work/yunnan/raw/HLS-VI.S30.T47RPH.2018093T035539.v2.0.NDVI.tif,HLS-VI.S30.T47RPH.2018093T035539.v2.0.NDVI.tif,S30,T47RPH,2018-04-03,2018093,035539
/home/ec2-user/ndvi_sqs_work/yunnan/raw/HLS-VI.S30.T47RPJ.2018093T035539.v2.0.NDVI.tif,HLS-VI.S30.T47RPJ.2018093T035539.v2.0.NDVI.tif,S30,T47RPJ,2018-04-03,2018093,035539
/home/ec2-user/ndvi_sqs_work/yunnan/raw/HLS-VI.S30.T47RPK.2018093T035539.v2.0.NDVI.tif,HLS-VI.S30.T47RPK.2018093T035539.v2.0.NDVI.tif,S30,T47RPK,2018-04-03,2018093,035539
/home/ec2-user/ndvi_sqs_work/yunnan/raw/HLS-VI.S30.T47RNJ.2018095T034531.v2.0.NDVI.tif,HLS-VI.S30.T47RNJ.2018095T034531.v2.0.NDVI.tif,S30,T47RNJ,2018-04-05,2018095,034531
/home/ec2-user/ndvi_sqs_work/yunnan/raw/HLS-VI.S30.T47RNK.2018095T034531.v2.0.NDVI.tif,HLS-VI.S30.T47RNK.2018095T034531.v2.0.NDVI.tif,S30,T47RNK,2018-04-05,2018095,034531
/home/ec2-user/ndvi_sqs_work/yunnan/raw/HLS-VI.S30.T47RPJ.2018095T034531.v2.0.NDVI.tif,HLS-VI.S30.T47RPJ.2018095T034531.v2.0.NDVI.tif,S30,T47RPJ,2018-04-05,2018095,034531
/home/ec2-user/ndvi_sqs_work/yunnan/raw/HLS-VI.S30.T47RPK.2018095T034531.v2.0.NDVI.tif,HLS-VI.S30.T47RPK.2018095T034531.v2.0.NDVI.tif,S30,T47RPK,2018-04-05,2018095,034531
/home/ec2-user/ndvi_sqs_work/yunnan/raw/HLS-VI.S30.T47RPL.2018095T034531.v2.0.NDVI.tif,HLS-VI.S30.T47RPL.2018095T034531.v2.0.NDVI.tif,S30,T47RPL,2018-04-05,2018095,034531
/home/ec2-user/ndvi_sqs_work/yunnan/raw/HLS-VI.S30.T47RQJ.2018095T034531.v2.0.NDVI.tif,HLS-VI.S30.T47RQJ.2018095T034531.v2.0.NDVI.tif,S30,T47RQJ,2018-04-05,2018095,034531
/home/ec2-user/ndvi_sqs_work/yunnan/raw/HLS-VI.S30.T47RQK.2018095T034531.v2.0.NDVI.tif,HLS-VI.S30.T47RQK.2018095T034531.v2.0.NDVI.tif,S30,T47RQK,2018-04-05,2018095,034531
/home/ec2-user/ndvi_sqs_work/yunnan/raw/HLS-VI.S30.T47RRJ.2018095T034531.v2.0.NDVI.tif,HLS-VI.S30.T47RRJ.2018095T034531.v2.0.NDVI.tif,S30,T47RRJ,2018-04-05,2018095,034531
/home/ec2-user/ndvi_sqs_work/yunnan/raw/HLS-VI.S30.T48RTP.2018095T034531.v2.0.NDVI.tif,HLS-VI.S30.T48RTP.2018095T034531.v2.0.NDVI.tif,S30,T48RTP,2018-04-05,2018095,034531
/home/ec2-user/ndvi_sqs_work/yunnan/raw/HLS-VI.S30.T48QVL.2018099T032541.v2.0.NDVI.tif,HLS-VI.S30.T48QVL.2018099T032541.v2.0.NDVI.tif,S30,T48QVL,2018-04-09,2018099,032541
/home/ec2-user/ndvi_sqs_work/yunnan/raw/HLS-VI.S30.T48QVM.2018099T032541.v2.0.NDVI.tif,HLS-VI.S30.T48QVM.2018099T032541.v2.0.NDVI.tif,S30,T48QVM,2018-04-09,2018099,032541
/home/ec2-user/ndvi_sqs_work/yunnan/raw/HLS-VI.S30.T48QWL.2018099T032541.v2.0.NDVI.tif,HLS-VI.S30.T48QWL.2018099T032541.v2.0.NDVI.tif,S30,T48QWL,2018-04-09,2018099,032541
/home/ec2-user/ndvi_sqs_work/yunnan/raw/HLS-VI.S30.T48QWM.2018099T032541.v2.0.NDVI.tif,HLS-VI.S30.T48QWM.2018099T032541.v2.0.NDVI.tif,S30,T48QWM,2018-04-09,2018099,032541
/home/ec2-user/ndvi_sqs_work/yunnan/raw/HLS-VI.S30.T48QXM.2018099T032541.v2.0.NDVI.tif,HLS-VI.S30.T48QXM.2018099T032541.v2.0.NDVI.tif,S30,T48QXM,2018-04-09,2018099,032541
/home/ec2-user/ndvi_sqs_work/yunnan/raw/HLS-VI.S30.T47QNE.2018100T034529.v2.0.NDVI.tif,HLS-VI.S30.T47QNE.2018100T034529.v2.0.NDVI.tif,S30,T47QNE,2018-04-10,2018100,034529
/home/ec2-user/ndvi_sqs_work/yunnan/raw/HLS-VI.S30.T47QPD.2018100T034529.v2.0.NDVI.tif,HLS-VI.S30.T47QPD.2018100T034529.v2.0.NDVI.tif,S30,T47QPD,2018-04-10,2018100,034529
/home/ec2-user/ndvi_sqs_work/yunnan/raw/HLS-VI.S30.T47QPE.2018100T034529.v2.0.NDVI.tif,HLS-VI.S30.T47QPE.2018100T034529.v2.0.NDVI.tif,S30,T47QPE,2018-04-10,2018100,034529
/home/ec2-user/ndvi_sqs_work/yunnan/raw/HLS-VI.S30.T47QPF.2018100T034529.v2.0.NDVI.tif,HLS-VI.S30.T47QPF.2018100T034529.v2.0.NDVI.tif,S30,T47QPF,2018-04-10,2018100,034529
/home/ec2-user/ndvi_sqs_work/yunnan/raw/HLS-VI.S30.T47QQD.2018100T034529.v2.0.NDVI.tif,HLS-VI.S30.T47QQD.2018100T034529.v2.0.NDVI.tif,S30,T47QQD,2018-04-10,2018100,034529
/home/ec2-user/ndvi_sqs_work/yunnan/raw/HLS-VI.S30.T47QRG.2018100T034529.v2.0.NDVI.tif,HLS-VI.S30.T47QRG.2018100T034529.v2.0.NDVI.tif,S30,T47QRG,2018-04-10,2018100,034529
/home/ec2-user/ndvi_sqs_work/yunnan/raw/HLS-VI.S30.T47RPL.2018100T034529.v2.0.NDVI.tif,HLS-VI.S30.T47RPL.2018100T034529.v2.0.NDVI.tif,S30,T47RPL,2018-04-10,2018100,034529
/home/ec2-user/ndvi_sqs_work/yunnan/raw/HLS-VI.S30.T47RQK.2018100T034529.v2.0.NDVI.tif,HLS-VI.S30.T47RQK.2018100T034529.v2.0.NDVI.tif,S30,T47RQK,2018-04-10,2018100,034529
/home/ec2-user/ndvi_sqs_work/yunnan/raw/HLS-VI.S30.T47RQL.2018100T034529.v2.0.NDVI.tif,HLS-VI.S30.T47RQL.2018100T034529.v2.0.NDVI.tif,S30,T47RQL,2018-04-10,2018100,034529
/home/ec2-user/ndvi_sqs_work/yunnan/raw/HLS-VI.S30.T48RUQ.2018100T034529.v2.0.NDVI.tif,HLS-VI.S30.T48RUQ.2018100T034529.v2.0.NDVI.tif,S30,T48RUQ,2018-04-10,2018100,034529
/home/ec2-user/ndvi_sqs_work/yunnan/raw/HLS-VI.S30.T47QQD.2018102T033541.v2.0.NDVI.tif,HLS-VI.S30.T47QQD.2018102T033541.v2.0.NDVI.tif,S30,T47QQD,2018-04-12,2018102,033541
/home/ec2-user/ndvi_sqs_work/yunnan/raw/HLS-VI.S30.T47QQE.2018102T033541.v2.0.NDVI.tif,HLS-VI.S30.T47QQE.2018102T033541.v2.0.NDVI.tif,S30,T47QQE,2018-04-12,2018102,033541
/home/ec2-user/ndvi_sqs_work/yunnan/raw/HLS-VI.S30.T47QRE.2018102T033541.v2.0.NDVI.tif,HLS-VI.S30.T47QRE.2018102T033541.v2.0.NDVI.tif,S30,T47QRE,2018-04-12,2018102,033541
/home/ec2-user/ndvi_sqs_work/yunnan/raw/HLS-VI.S30.T48QTK.2018102T033541.v2.0.NDVI.tif,HLS-VI.S30.T48QTK.2018102T033541.v2.0.NDVI.tif,S30,T48QTK,2018-04-12,2018102,033541
/home/ec2-user/ndvi_sqs_work/yunnan/raw/HLS-VI.S30.T48QWM.2018102T033541.v2.0.NDVI.tif,HLS-VI.S30.T48QWM.2018102T033541.v2.0.NDVI.tif,S30,T48QWM,2018-04-12,2018102,033541
/home/ec2-user/ndvi_sqs_work/yunnan/raw/HLS-VI.S30.T48RTR.2018102T033541.v2.0.NDVI.tif,HLS-VI.S30.T48RTR.2018102T033541.v2.0.NDVI.tif,S30,T48RTR,2018-04-12,2018102,033541
/home/ec2-user/ndvi_sqs_work/yunnan/raw/HLS-VI.S30.T48RUP.2018102T033541.v2.0.NDVI.tif,HLS-VI.S30.T48RUP.2018102T033541.v2.0.NDVI.tif,S30,T48RUP,2018-04-12,2018102,033541
/home/ec2-user/ndvi_sqs_work/yunnan/raw/HLS-VI.S30.T48RUQ.2018102T033541.v2.0.NDVI.tif,HLS-VI.S30.T48RUQ.2018102T033541.v2.0.NDVI.tif,S30,T48RUQ,2018-04-12,2018102,033541
/home/ec2-user/ndvi_sqs_work/yunnan/raw/HLS-VI.S30.T48RVN.2018102T033541.v2.0.NDVI.tif,HLS-VI.S30.T48RVN.2018102T033541.v2.0.NDVI.tif,S30,T48RVN,2018-04-12,2018102,033541
/home/ec2-user/ndvi_sqs_work/yunnan/raw/HLS-VI.S30.T48RVP.2018102T033541.v2.0.NDVI.tif,HLS-VI.S30.T48RVP.2018102T033541.v2.0.NDVI.tif,S30,T48RVP,2018-04-12,2018102,033541
/home/ec2-user/ndvi_sqs_work/yunnan/raw/HLS-VI.S30.T48RWN.2018102T033541.v2.0.NDVI.tif,HLS-VI.S30.T48RWN.2018102T033541.v2.0.NDVI.tif,S30,T48RWN,2018-04-12,2018102,033541
/home/ec2-user/ndvi_sqs_work/yunnan/raw/HLS-VI.S30.T47QNE.2018103T035539.v2.0.NDVI.tif,HLS-VI.S30.T47QNE.2018103T035539.v2.0.NDVI.tif,S30,T47QNE,2018-04-13,2018103,035539
/home/ec2-user/ndvi_sqs_work/yunnan/raw/HLS-VI.S30.T47RPH.2018103T035539.v2.0.NDVI.tif,HLS-VI.S30.T47RPH.2018103T035539.v2.0.NDVI.tif,S30,T47RPH,2018-04-13,2018103,035539
/home/ec2-user/ndvi_sqs_work/yunnan/raw/HLS-VI.S30.T47QNE.2018105T034541.v2.0.NDVI.tif,HLS-VI.S30.T47QNE.2018105T034541.v2.0.NDVI.tif,S30,T47QNE,2018-04-15,2018105,034541
/home/ec2-user/ndvi_sqs_work/yunnan/raw/HLS-VI.S30.T47QQE.2018105T034541.v2.0.NDVI.tif,HLS-VI.S30.T47QQE.2018105T034541.v2.0.NDVI.tif,S30,T47QQE,2018-04-15,2018105,034541
/home/ec2-user/ndvi_sqs_work/yunnan/raw/HLS-VI.S30.T47QQF.2018105T034541.v2.0.NDVI.tif,HLS-VI.S30.T47QQF.2018105T034541.v2.0.NDVI.tif,S30,T47QQF,2018-04-15,2018105,034541
/home/ec2-user/ndvi_sqs_work/yunnan/raw/HLS-VI.S30.T47QRE.2018105T034541.v2.0.NDVI.tif,HLS-VI.S30.T47QRE.2018105T034541.v2.0.NDVI.tif,S30,T47QRE,2018-04-15,2018105,034541
/home/ec2-user/ndvi_sqs_work/yunnan/raw/HLS-VI.S30.T47QRF.2018105T034541.v2.0.NDVI.tif,HLS-VI.S30.T47QRF.2018105T034541.v2.0.NDVI.tif,S30,T47QRF,2018-04-15,2018105,034541
/home/ec2-user/ndvi_sqs_work/yunnan/raw/HLS-VI.S30.T48QWM.2018107T033539.v2.0.NDVI.tif,HLS-VI.S30.T48QWM.2018107T033539.v2.0.NDVI.tif,S30,T48QWM,2018-04-17,2018107,033539
/home/ec2-user/ndvi_sqs_work/yunnan/raw/HLS-VI.S30.T48RTR.2018107T033539.v2.0.NDVI.tif,HLS-VI.S30.T48RTR.2018107T033539.v2.0.NDVI.tif,S30,T48RTR,2018-04-17,2018107,033539
/home/ec2-user/ndvi_sqs_work/yunnan/raw/HLS-VI.S30.T48RUR.2018107T033539.v2.0.NDVI.tif,HLS-VI.S30.T48RUR.2018107T033539.v2.0.NDVI.tif,S30,T48RUR,2018-04-17,2018107,033539
/home/ec2-user/ndvi_sqs_work/yunnan/raw/HLS-VI.S30.T48RUS.2018107T033539.v2.0.NDVI.tif,HLS-VI.S30.T48RUS.2018107T033539.v2.0.NDVI.tif,S30,T48RUS,2018-04-17,2018107,033539
/home/ec2-user/ndvi_sqs_work/yunnan/raw/HLS-VI.S30.T48RVR.2018107T033539.v2.0.NDVI.tif,HLS-VI.S30.T48RVR.2018107T033539.v2.0.NDVI.tif,S30,T48RVR,2018-04-17,2018107,033539
/home/ec2-user/ndvi_sqs_work/yunnan/raw/HLS-VI.S30.T48RVS.2018107T033539.v2.0.NDVI.tif,HLS-VI.S30.T48RVS.2018107T033539.v2.0.NDVI.tif,S30,T48RVS,2018-04-17,2018107,033539
/home/ec2-user/ndvi_sqs_work/yunnan/raw/HLS-VI.S30.T48RWR.2018107T033539.v2.0.NDVI.tif,HLS-VI.S30.T48RWR.2018107T033539.v2.0.NDVI.tif,S30,T48RWR,2018-04-17,2018107,033539
/home/ec2-user/ndvi_sqs_work/yunnan/raw/HLS-VI.S30.T48RWS.2018107T033539.v2.0.NDVI.tif,HLS-VI.S30.T48RWS.2018107T033539.v2.0.NDVI.tif,S30,T48RWS,2018-04-17,2018107,033539
/home/ec2-user/ndvi_sqs_work/yunnan/raw/HLS-VI.S30.T47RPL.2018110T034539.v2.0.NDVI.tif,HLS-VI.S30.T47RPL.2018110T034539.v2.0.NDVI.tif,S30,T47RPL,2018-04-20,2018110,034539
/home/ec2-user/ndvi_sqs_work/yunnan/raw/HLS-VI.S30.T47RPM.2018110T034539.v2.0.NDVI.tif,HLS-VI.S30.T47RPM.2018110T034539.v2.0.NDVI.tif,S30,T47RPM,2018-04-20,2018110,034539
/home/ec2-user/ndvi_sqs_work/yunnan/raw/HLS-VI.S30.T48RUQ.2018110T034539.v2.0.NDVI.tif,HLS-VI.S30.T48RUQ.2018110T034539.v2.0.NDVI.tif,S30,T48RUQ,2018-04-20,2018110,034539
/home/ec2-user/ndvi_sqs_work/yunnan/raw/HLS-VI.S30.T47QQD.2018112T033541.v2.0.NDVI.tif,HLS-VI.S30.T47QQD.2018112T033541.v2.0.NDVI.tif,S30,T47QQD,2018-04-22,2018112,033541
/home/ec2-user/ndvi_sqs_work/yunnan/raw/HLS-VI.S30.T47QQE.2018112T033541.v2.0.NDVI.tif,HLS-VI.S30.T47QQE.2018112T033541.v2.0.NDVI.tif,S30,T47QQE,2018-04-22,2018112,033541
/home/ec2-user/ndvi_sqs_work/yunnan/raw/HLS-VI.S30.T47QQF.2018112T033541.v2.0.NDVI.tif,HLS-VI.S30.T47QQF.2018112T033541.v2.0.NDVI.tif,S30,T47QQF,2018-04-22,2018112,033541
/home/ec2-user/ndvi_sqs_work/yunnan/raw/HLS-VI.S30.T48RTQ.2018112T033541.v2.0.NDVI.tif,HLS-VI.S30.T48RTQ.2018112T033541.v2.0.NDVI.tif,S30,T48RTQ,2018-04-22,2018112,033541
/home/ec2-user/ndvi_sqs_work/yunnan/raw/HLS-VI.S30.T47QMF.2018113T035539.v2.0.NDVI.tif,HLS-VI.S30.T47QMF.2018113T035539.v2.0.NDVI.tif,S30,T47QMF,2018-04-23,2018113,035539
/home/ec2-user/ndvi_sqs_work/yunnan/raw/HLS-VI.S30.T47QNE.2018113T035539.v2.0.NDVI.tif,HLS-VI.S30.T47QNE.2018113T035539.v2.0.NDVI.tif,S30,T47QNE,2018-04-23,2018113,035539
/home/ec2-user/ndvi_sqs_work/yunnan/raw/HLS-VI.S30.T47QNF.2018113T035539.v2.0.NDVI.tif,HLS-VI.S30.T47QNF.2018113T035539.v2.0.NDVI.tif,S30,T47QNF,2018-04-23,2018113,035539
/home/ec2-user/ndvi_sqs_work/yunnan/raw/HLS-VI.S30.T47RPJ.2018113T035539.v2.0.NDVI.tif,HLS-VI.S30.T47RPJ.2018113T035539.v2.0.NDVI.tif,S30,T47RPJ,2018-04-23,2018113,035539
/home/ec2-user/ndvi_sqs_work/yunnan/raw/HLS-VI.S30.T47QNE.2018115T034711.v2.0.NDVI.tif,HLS-VI.S30.T47QNE.2018115T034711.v2.0.NDVI.tif,S30,T47QNE,2018-04-25,2018115,034711
/home/ec2-user/ndvi_sqs_work/yunnan/raw/HLS-VI.S30.T47QPE.2018115T034711.v2.0.NDVI.tif,HLS-VI.S30.T47QPE.2018115T034711.v2.0.NDVI.tif,S30,T47QPE,2018-04-25,2018115,034711
/home/ec2-user/ndvi_sqs_work/yunnan/raw/HLS-VI.S30.T47RNJ.2018115T034711.v2.0.NDVI.tif,HLS-VI.S30.T47RNJ.2018115T034711.v2.0.NDVI.tif,S30,T47RNJ,2018-04-25,2018115,034711
/home/ec2-user/ndvi_sqs_work/yunnan/raw/HLS-VI.S30.T47RPJ.2018115T034711.v2.0.NDVI.tif,HLS-VI.S30.T47RPJ.2018115T034711.v2.0.NDVI.tif,S30,T47RPJ,2018-04-25,2018115,034711
/home/ec2-user/ndvi_sqs_work/yunnan/raw/HLS-VI.S30.T47RQH.2018115T034711.v2.0.NDVI.tif,HLS-VI.S30.T47RQH.2018115T034711.v2.0.NDVI.tif,S30,T47RQH,2018-04-25,2018115,034711
/home/ec2-user/ndvi_sqs_work/yunnan/raw/HLS-VI.S30.T47RQJ.2018115T034711.v2.0.NDVI.tif,HLS-VI.S30.T47RQJ.2018115T034711.v2.0.NDVI.tif,S30,T47RQJ,2018-04-25,2018115,034711
/home/ec2-user/ndvi_sqs_work/yunnan/raw/HLS-VI.S30.T47RQK.2018115T034711.v2.0.NDVI.tif,HLS-VI.S30.T47RQK.2018115T034711.v2.0.NDVI.tif,S30,T47RQK,2018-04-25,2018115,034711
/home/ec2-user/ndvi_sqs_work/yunnan/raw/HLS-VI.S30.T47QPF.2018130T034539.v2.0.NDVI.tif,HLS-VI.S30.T47QPF.2018130T034539.v2.0.NDVI.tif,S30,T47QPF,2018-05-10,2018130,034539
/home/ec2-user/ndvi_sqs_work/yunnan/raw/HLS-VI.S30.T47QQF.2018130T034539.v2.0.NDVI.tif,HLS-VI.S30.T47QQF.2018130T034539.v2.0.NDVI.tif,S30,T47QQF,2018-05-10,2018130,034539
/home/ec2-user/ndvi_sqs_work/yunnan/raw/HLS-VI.S30.T47QRG.2018130T034539.v2.0.NDVI.tif,HLS-VI.S30.T47QRG.2018130T034539.v2.0.NDVI.tif,S30,T47QRG,2018-05-10,2018130,034539
/home/ec2-user/ndvi_sqs_work/yunnan/raw/HLS-VI.S30.T47RPK.2018130T034539.v2.0.NDVI.tif,HLS-VI.S30.T47RPK.2018130T034539.v2.0.NDVI.tif,S30,T47RPK,2018-05-10,2018130,034539
/home/ec2-user/ndvi_sqs_work/yunnan/raw/HLS-VI.S30.T47RPL.2018130T034539.v2.0.NDVI.tif,HLS-VI.S30.T47RPL.2018130T034539.v2.0.NDVI.tif,S30,T47RPL,2018-05-10,2018130,034539
/home/ec2-user/ndvi_sqs_work/yunnan/raw/HLS-VI.S30.T47RPM.2018130T034539.v2.0.NDVI.tif,HLS-VI.S30.T47RPM.2018130T034539.v2.0.NDVI.tif,S30,T47RPM,2018-05-10,2018130,034539
/home/ec2-user/ndvi_sqs_work/yunnan/raw/HLS-VI.S30.T47RQK.2018130T034539.v2.0.NDVI.tif,HLS-VI.S30.T47RQK.2018130T034539.v2.0.NDVI.tif,S30,T47RQK,2018-05-10,2018130,034539
/home/ec2-user/ndvi_sqs_work/yunnan/raw/HLS-VI.S30.T47RQL.2018130T034539.v2.0.NDVI.tif,HLS-VI.S30.T47RQL.2018130T034539.v2.0.NDVI.tif,S30,T47RQL,2018-05-10,2018130,034539
/home/ec2-user/ndvi_sqs_work/yunnan/raw/HLS-VI.S30.T48QTM.2018130T034539.v2.0.NDVI.tif,HLS-VI.S30.T48QTM.2018130T034539.v2.0.NDVI.tif,S30,T48QTM,2018-05-10,2018130,034539
/home/ec2-user/ndvi_sqs_work/yunnan/raw/HLS-VI.S30.T48RUQ.2018130T034539.v2.0.NDVI.tif,HLS-VI.S30.T48RUQ.2018130T034539.v2.0.NDVI.tif,S30,T48RUQ,2018-05-10,2018130,034539
/home/ec2-user/ndvi_sqs_work/yunnan/raw/HLS-VI.S30.T47RPK.2018135T034541.v2.0.NDVI.tif,HLS-VI.S30.T47RPK.2018135T034541.v2.0.NDVI.tif,S30,T47RPK,2018-05-15,2018135,034541
/home/ec2-user/ndvi_sqs_work/yunnan/raw/HLS-VI.S30.T47RPL.2018135T034541.v2.0.NDVI.tif,HLS-VI.S30.T47RPL.2018135T034541.v2.0.NDVI.tif,S30,T47RPL,2018-05-15,2018135,034541
/home/ec2-user/ndvi_sqs_work/yunnan/raw/HLS-VI.S30.T47RPM.2018135T034541.v2.0.NDVI.tif,HLS-VI.S30.T47RPM.2018135T034541.v2.0.NDVI.tif,S30,T47RPM,2018-05-15,2018135,034541
/home/ec2-user/ndvi_sqs_work/yunnan/raw/HLS-VI.S30.T47RQK.2018135T034541.v2.0.NDVI.tif,HLS-VI.S30.T47RQK.2018135T034541.v2.0.NDVI.tif,S30,T47RQK,2018-05-15,2018135,034541
/home/ec2-user/ndvi_sqs_work/yunnan/raw/HLS-VI.S30.T47RQL.2018135T034541.v2.0.NDVI.tif,HLS-VI.S30.T47RQL.2018135T034541.v2.0.NDVI.tif,S30,T47RQL,2018-05-15,2018135,034541
/home/ec2-user/ndvi_sqs_work/yunnan/raw/HLS-VI.S30.T48RTQ.2018135T034541.v2.0.NDVI.tif,HLS-VI.S30.T48RTQ.2018135T034541.v2.0.NDVI.tif,S30,T48RTQ,2018-05-15,2018135,034541
/home/ec2-user/ndvi_sqs_work/yunnan/raw/HLS-VI.S30.T48RTR.2018135T034541.v2.0.NDVI.tif,HLS-VI.S30.T48RTR.2018135T034541.v2.0.NDVI.tif,S30,T48RTR,2018-05-15,2018135,034541
/home/ec2-user/ndvi_sqs_work/yunnan/raw/HLS-VI.S30.T48RUQ.2018135T034541.v2.0.NDVI.tif,HLS-VI.S30.T48RUQ.2018135T034541.v2.0.NDVI.tif,S30,T48RUQ,2018-05-15,2018135,034541
/home/ec2-user/ndvi_sqs_work/yunnan/raw/HLS-VI.S30.T48RUR.2018135T034541.v2.0.NDVI.tif,HLS-VI.S30.T48RUR.2018135T034541.v2.0.NDVI.tif,S30,T48RUR,2018-05-15,2018135,034541
/home/ec2-user/ndvi_sqs_work/yunnan/raw/HLS-VI.S30.T48RTQ.2018137T033539.v2.0.NDVI.tif,HLS-VI.S30.T48RTQ.2018137T033539.v2.0.NDVI.tif,S30,T48RTQ,2018-05-17,2018137,033539
/home/ec2-user/ndvi_sqs_work/yunnan/raw/HLS-VI.S30.T48RTR.2018137T033539.v2.0.NDVI.tif,HLS-VI.S30.T48RTR.2018137T033539.v2.0.NDVI.tif,S30,T48RTR,2018-05-17,2018137,033539
/home/ec2-user/ndvi_sqs_work/yunnan/raw/HLS-VI.S30.T48RUP.2018137T033539.v2.0.NDVI.tif,HLS-VI.S30.T48RUP.2018137T033539.v2.0.NDVI.tif,S30,T48RUP,2018-05-17,2018137,033539
/home/ec2-user/ndvi_sqs_work/yunnan/raw/HLS-VI.S30.T48RUQ.2018137T033539.v2.0.NDVI.tif,HLS-VI.S30.T48RUQ.2018137T033539.v2.0.NDVI.tif,S30,T48RUQ,2018-05-17,2018137,033539
/home/ec2-user/ndvi_sqs_work/yunnan/raw/HLS-VI.S30.T48QWL.2018139T032651.v2.0.NDVI.tif,HLS-VI.S30.T48QWL.2018139T032651.v2.0.NDVI.tif,S30,T48QWL,2018-05-19,2018139,032651
/home/ec2-user/ndvi_sqs_work/yunnan/raw/HLS-VI.S30.T47RPL.2018145T034541.v2.0.NDVI.tif,HLS-VI.S30.T47RPL.2018145T034541.v2.0.NDVI.tif,S30,T47RPL,2018-05-25,2018145,034541
/home/ec2-user/ndvi_sqs_work/yunnan/raw/HLS-VI.S30.T47RPM.2018145T034541.v2.0.NDVI.tif,HLS-VI.S30.T47RPM.2018145T034541.v2.0.NDVI.tif,S30,T47RPM,2018-05-25,2018145,034541
/home/ec2-user/ndvi_sqs_work/yunnan/raw/HLS-VI.S30.T47RQK.2018145T034541.v2.0.NDVI.tif,HLS-VI.S30.T47RQK.2018145T034541.v2.0.NDVI.tif,S30,T47RQK,2018-05-25,2018145,034541
/home/ec2-user/ndvi_sqs_work/yunnan/raw/HLS-VI.S30.T48QWM.2018157T033629.v2.0.NDVI.tif,HLS-VI.S30.T48QWM.2018157T033629.v2.0.NDVI.tif,S30,T48QWM,2018-06-06,2018157,033629
/home/ec2-user/ndvi_sqs_work/yunnan/raw/HLS-VI.S30.T48RTQ.2018157T033629.v2.0.NDVI.tif,HLS-VI.S30.T48RTQ.2018157T033629.v2.0.NDVI.tif,S30,T48RTQ,2018-06-06,2018157,033629
/home/ec2-user/ndvi_sqs_work/yunnan/raw/HLS-VI.S30.T48RTR.2018157T033629.v2.0.NDVI.tif,HLS-VI.S30.T48RTR.2018157T033629.v2.0.NDVI.tif,S30,T48RTR,2018-06-06,2018157,033629
/home/ec2-user/ndvi_sqs_work/yunnan/raw/HLS-VI.S30.T48RUQ.2018157T033629.v2.0.NDVI.tif,HLS-VI.S30.T48RUQ.2018157T033629.v2.0.NDVI.tif,S30,T48RUQ,2018-06-06,2018157,033629
/home/ec2-user/ndvi_sqs_work/yunnan/raw/HLS-VI.S30.T48RUR.2018157T033629.v2.0.NDVI.tif,HLS-VI.S30.T48RUR.2018157T033629.v2.0.NDVI.tif,S30,T48RUR,2018-06-06,2018157,033629
/home/ec2-user/ndvi_sqs_work/yunnan/raw/HLS-VI.S30.T48RUS.2018157T033629.v2.0.NDVI.tif,HLS-VI.S30.T48RUS.2018157T033629.v2.0.NDVI.tif,S30,T48RUS,2018-06-06,2018157,033629
/home/ec2-user/ndvi_sqs_work/yunnan/raw/HLS-VI.S30.T48RVQ.2018157T033629.v2.0.NDVI.tif,HLS-VI.S30.T48RVQ.2018157T033629.v2.0.NDVI.tif,S30,T48RVQ,2018-06-06,2018157,033629
/home/ec2-user/ndvi_sqs_work/yunnan/raw/HLS-VI.S30.T48RVR.2018157T033629.v2.0.NDVI.tif,HLS-VI.S30.T48RVR.2018157T033629.v2.0.NDVI.tif,S30,T48RVR,2018-06-06,2018157,033629
/home/ec2-user/ndvi_sqs_work/yunnan/raw/HLS-VI.S30.T48RVS.2018157T033629.v2.0.NDVI.tif,HLS-VI.S30.T48RVS.2018157T033629.v2.0.NDVI.tif,S30,T48RVS,2018-06-06,2018157,033629
/home/ec2-user/ndvi_sqs_work/yunnan/raw/HLS-VI.S30.T48RWR.2018157T033629.v2.0.NDVI.tif,HLS-VI.S30.T48RWR.2018157T033629.v2.0.NDVI.tif,S30,T48RWR,2018-06-06,2018157,033629
/home/ec2-user/ndvi_sqs_work/yunnan/raw/HLS-VI.S30.T48RWS.2018157T033629.v2.0.NDVI.tif,HLS-VI.S30.T48RWS.2018157T033629.v2.0.NDVI.tif,S30,T48RWS,2018-06-06,2018157,033629
/home/ec2-user/ndvi_sqs_work/yunnan/raw/HLS-VI.S30.T48QVL.2018159T032541.v2.0.NDVI.tif,HLS-VI.S30.T48QVL.2018159T032541.v2.0.NDVI.tif,S30,T48QVL,2018-06-08,2018159,032541
/home/ec2-user/ndvi_sqs_work/yunnan/raw/HLS-VI.S30.T48QVM.2018159T032541.v2.0.NDVI.tif,HLS-VI.S30.T48QVM.2018159T032541.v2.0.NDVI.tif,S30,T48QVM,2018-06-08,2018159,032541
/home/ec2-user/ndvi_sqs_work/yunnan/raw/HLS-VI.S30.T48QWL.2018159T032541.v2.0.NDVI.tif,HLS-VI.S30.T48QWL.2018159T032541.v2.0.NDVI.tif,S30,T48QWL,2018-06-08,2018159,032541
/home/ec2-user/ndvi_sqs_work/yunnan/raw/HLS-VI.S30.T48QWM.2018159T032541.v2.0.NDVI.tif,HLS-VI.S30.T48QWM.2018159T032541.v2.0.NDVI.tif,S30,T48QWM,2018-06-08,2018159,032541
/home/ec2-user/ndvi_sqs_work/yunnan/raw/HLS-VI.S30.T48RVN.2018159T032541.v2.0.NDVI.tif,HLS-VI.S30.T48RVN.2018159T032541.v2.0.NDVI.tif,S30,T48RVN,2018-06-08,2018159,032541
/home/ec2-user/ndvi_sqs_work/yunnan/raw/HLS-VI.S30.T48RWN.2018159T032541.v2.0.NDVI.tif,HLS-VI.S30.T48RWN.2018159T032541.v2.0.NDVI.tif,S30,T48RWN,2018-06-08,2018159,032541
/home/ec2-user/ndvi_sqs_work/yunnan/raw/HLS-VI.S30.T48RWS.2018232T033531.v2.0.NDVI.tif,HLS-VI.S30.T48RWS.2018232T033531.v2.0.NDVI.tif,S30,T48RWS,2018-08-20,2018232,033531
/home/ec2-user/ndvi_sqs_work/yunnan/raw/HLS-VI.S30.T47RQL.2018235T034531.v2.0.NDVI.tif,HLS-VI.S30.T47RQL.2018235T034531.v2.0.NDVI.tif,S30,T47RQL,2018-08-23,2018235,034531
/home/ec2-user/ndvi_sqs_work/yunnan/raw/HLS-VI.S30.T48RWS.2018237T033529.v2.0.NDVI.tif,HLS-VI.S30.T48RWS.2018237T033529.v2.0.NDVI.tif,S30,T48RWS,2018-08-25,2018237,033529
/home/ec2-user/ndvi_sqs_work/yunnan/raw/HLS-VI.S30.T47QNG.2018290T034729.v2.0.NDVI.tif,HLS-VI.S30.T47QNG.2018290T034729.v2.0.NDVI.tif,S30,T47QNG,2018-10-17,2018290,034729
/home/ec2-user/ndvi_sqs_work/yunnan/raw/HLS-VI.S30.T47QPG.2018290T034729.v2.0.NDVI.tif,HLS-VI.S30.T47QPG.2018290T034729.v2.0.NDVI.tif,S30,T47QPG,2018-10-17,2018290,034729
/home/ec2-user/ndvi_sqs_work/yunnan/raw/HLS-VI.S30.T47RNH.2018290T034729.v2.0.NDVI.tif,HLS-VI.S30.T47RNH.2018290T034729.v2.0.NDVI.tif,S30,T47RNH,2018-10-17,2018290,034729
/home/ec2-user/ndvi_sqs_work/yunnan/raw/HLS-VI.S30.T47RLJ.2018293T035759.v2.0.NDVI.tif,HLS-VI.S30.T47RLJ.2018293T035759.v2.0.NDVI.tif,S30,T47RLJ,2018-10-20,2018293,035759
/home/ec2-user/ndvi_sqs_work/yunnan/raw/HLS-VI.S30.T47RNN.2018293T035759.v2.0.NDVI.tif,HLS-VI.S30.T47RNN.2018293T035759.v2.0.NDVI.tif,S30,T47RNN,2018-10-20,2018293,035759
/home/ec2-user/ndvi_sqs_work/yunnan/raw/HLS-VI.S30.T47RPL.2018293T035759.v2.0.NDVI.tif,HLS-VI.S30.T47RPL.2018293T035759.v2.0.NDVI.tif,S30,T47RPL,2018-10-20,2018293,035759
/home/ec2-user/ndvi_sqs_work/yunnan/raw/HLS-VI.S30.T47RPM.2018293T035759.v2.0.NDVI.tif,HLS-VI.S30.T47RPM.2018293T035759.v2.0.NDVI.tif,S30,T47RPM,2018-10-20,2018293,035759
/home/ec2-user/ndvi_sqs_work/yunnan/raw/HLS-VI.S30.T47RNK.2018295T034801.v2.0.NDVI.tif,HLS-VI.S30.T47RNK.2018295T034801.v2.0.NDVI.tif,S30,T47RNK,2018-10-22,2018295,034801
/home/ec2-user/ndvi_sqs_work/yunnan/raw/HLS-VI.S30.T47RPK.2018295T034801.v2.0.NDVI.tif,HLS-VI.S30.T47RPK.2018295T034801.v2.0.NDVI.tif,S30,T47RPK,2018-10-22,2018295,034801
/home/ec2-user/ndvi_sqs_work/yunnan/raw/HLS-VI.S30.T47RPL.2018295T034801.v2.0.NDVI.tif,HLS-VI.S30.T47RPL.2018295T034801.v2.0.NDVI.tif,S30,T47RPL,2018-10-22,2018295,034801
/home/ec2-user/ndvi_sqs_work/yunnan/raw/HLS-VI.S30.T47RPM.2018295T034801.v2.0.NDVI.tif,HLS-VI.S30.T47RPM.2018295T034801.v2.0.NDVI.tif,S30,T47RPM,2018-10-22,2018295,034801
/home/ec2-user/ndvi_sqs_work/yunnan/raw/HLS-VI.S30.T47RLJ.2018298T035821.v2.0.NDVI.tif,HLS-VI.S30.T47RLJ.2018298T035821.v2.0.NDVI.tif,S30,T47RLJ,2018-10-25,2018298,035821
/home/ec2-user/ndvi_sqs_work/yunnan/raw/HLS-VI.S30.T47RNJ.2018298T035821.v2.0.NDVI.tif,HLS-VI.S30.T47RNJ.2018298T035821.v2.0.NDVI.tif,S30,T47RNJ,2018-10-25,2018298,035821
/home/ec2-user/ndvi_sqs_work/yunnan/raw/HLS-VI.S30.T47RNK.2018298T035821.v2.0.NDVI.tif,HLS-VI.S30.T47RNK.2018298T035821.v2.0.NDVI.tif,S30,T47RNK,2018-10-25,2018298,035821
/home/ec2-user/ndvi_sqs_work/yunnan/raw/HLS-VI.S30.T47RNL.2018298T035821.v2.0.NDVI.tif,HLS-VI.S30.T47RNL.2018298T035821.v2.0.NDVI.tif,S30,T47RNL,2018-10-25,2018298,035821
/home/ec2-user/ndvi_sqs_work/yunnan/raw/HLS-VI.S30.T47RNM.2018298T035821.v2.0.NDVI.tif,HLS-VI.S30.T47RNM.2018298T035821.v2.0.NDVI.tif,S30,T47RNM,2018-10-25,2018298,035821
/home/ec2-user/ndvi_sqs_work/yunnan/raw/HLS-VI.S30.T47RPJ.2018298T035821.v2.0.NDVI.tif,HLS-VI.S30.T47RPJ.2018298T035821.v2.0.NDVI.tif,S30,T47RPJ,2018-10-25,2018298,035821
/home/ec2-user/ndvi_sqs_work/yunnan/raw/HLS-VI.S30.T47RPK.2018298T035821.v2.0.NDVI.tif,HLS-VI.S30.T47RPK.2018298T035821.v2.0.NDVI.tif,S30,T47RPK,2018-10-25,2018298,035821
/home/ec2-user/ndvi_sqs_work/yunnan/raw/HLS-VI.S30.T47RPL.2018298T035821.v2.0.NDVI.tif,HLS-VI.S30.T47RPL.2018298T035821.v2.0.NDVI.tif,S30,T47RPL,2018-10-25,2018298,035821
/home/ec2-user/ndvi_sqs_work/yunnan/raw/HLS-VI.S30.T47RPM.2018298T035821.v2.0.NDVI.tif,HLS-VI.S30.T47RPM.2018298T035821.v2.0.NDVI.tif,S30,T47RPM,2018-10-25,2018298,035821
/home/ec2-user/ndvi_sqs_work/yunnan/raw/HLS-VI.S30.T47RNJ.2018300T034839.v2.0.NDVI.tif,HLS-VI.S30.T47RNJ.2018300T034839.v2.0.NDVI.tif,S30,T47RNJ,2018-10-27,2018300,034839
/home/ec2-user/ndvi_sqs_work/yunnan/raw/HLS-VI.S30.T47RNK.2018300T034839.v2.0.NDVI.tif,HLS-VI.S30.T47RNK.2018300T034839.v2.0.NDVI.tif,S30,T47RNK,2018-10-27,2018300,034839
/home/ec2-user/ndvi_sqs_work/yunnan/raw/HLS-VI.S30.T47RPK.2018300T034839.v2.0.NDVI.tif,HLS-VI.S30.T47RPK.2018300T034839.v2.0.NDVI.tif,S30,T47RPK,2018-10-27,2018300,034839
/home/ec2-user/ndvi_sqs_work/yunnan/raw/HLS-VI.S30.T47RPL.2018300T034839.v2.0.NDVI.tif,HLS-VI.S30.T47RPL.2018300T034839.v2.0.NDVI.tif,S30,T47RPL,2018-10-27,2018300,034839
/home/ec2-user/ndvi_sqs_work/yunnan/raw/HLS-VI.S30.T47RPM.2018300T034839.v2.0.NDVI.tif,HLS-VI.S30.T47RPM.2018300T034839.v2.0.NDVI.tif,S30,T47RPM,2018-10-27,2018300,034839
/home/ec2-user/ndvi_sqs_work/yunnan/raw/HLS-VI.S30.T47RQK.2018300T034839.v2.0.NDVI.tif,HLS-VI.S30.T47RQK.2018300T034839.v2.0.NDVI.tif,S30,T47RQK,2018-10-27,2018300,034839
/home/ec2-user/ndvi_sqs_work/yunnan/raw/HLS-VI.S30.T48QVL.2018304T032849.v2.0.NDVI.tif,HLS-VI.S30.T48QVL.2018304T032849.v2.0.NDVI.tif,S30,T48QVL,2018-10-31,2018304,032849
/home/ec2-user/ndvi_sqs_work/yunnan/raw/HLS-VI.S30.T48QVM.2018304T032849.v2.0.NDVI.tif,HLS-VI.S30.T48QVM.2018304T032849.v2.0.NDVI.tif,S30,T48QVM,2018-10-31,2018304,032849
/home/ec2-user/ndvi_sqs_work/yunnan/raw/HLS-VI.S30.T48QWL.2018304T032849.v2.0.NDVI.tif,HLS-VI.S30.T48QWL.2018304T032849.v2.0.NDVI.tif,S30,T48QWL,2018-10-31,2018304,032849
/home/ec2-user/ndvi_sqs_work/yunnan/raw/HLS-VI.S30.T48QWM.2018304T032849.v2.0.NDVI.tif,HLS-VI.S30.T48QWM.2018304T032849.v2.0.NDVI.tif,S30,T48QWM,2018-10-31,2018304,032849
/home/ec2-user/ndvi_sqs_work/yunnan/raw/HLS-VI.S30.T48QXM.2018304T032849.v2.0.NDVI.tif,HLS-VI.S30.T48QXM.2018304T032849.v2.0.NDVI.tif,S30,T48QXM,2018-10-31,2018304,032849
/home/ec2-user/ndvi_sqs_work/yunnan/raw/HLS-VI.S30.T47QQD.2018307T033909.v2.0.NDVI.tif,HLS-VI.S30.T47QQD.2018307T033909.v2.0.NDVI.tif,S30,T47QQD,2018-11-03,2018307,033909
/home/ec2-user/ndvi_sqs_work/yunnan/raw/HLS-VI.S30.T47QQE.2018307T033909.v2.0.NDVI.tif,HLS-VI.S30.T47QQE.2018307T033909.v2.0.NDVI.tif,S30,T47QQE,2018-11-03,2018307,033909
/home/ec2-user/ndvi_sqs_work/yunnan/raw/HLS-VI.S30.T47QRE.2018307T033909.v2.0.NDVI.tif,HLS-VI.S30.T47QRE.2018307T033909.v2.0.NDVI.tif,S30,T47QRE,2018-11-03,2018307,033909
/home/ec2-user/ndvi_sqs_work/yunnan/raw/HLS-VI.S30.T48QTL.2018307T033909.v2.0.NDVI.tif,HLS-VI.S30.T48QTL.2018307T033909.v2.0.NDVI.tif,S30,T48QTL,2018-11-03,2018307,033909
/home/ec2-user/ndvi_sqs_work/yunnan/raw/HLS-VI.S30.T48QUK.2018307T033909.v2.0.NDVI.tif,HLS-VI.S30.T48QUK.2018307T033909.v2.0.NDVI.tif,S30,T48QUK,2018-11-03,2018307,033909
/home/ec2-user/ndvi_sqs_work/yunnan/raw/HLS-VI.S30.T48QUL.2018307T033909.v2.0.NDVI.tif,HLS-VI.S30.T48QUL.2018307T033909.v2.0.NDVI.tif,S30,T48QUL,2018-11-03,2018307,033909
/home/ec2-user/ndvi_sqs_work/yunnan/raw/HLS-VI.S30.T48QUM.2018307T033909.v2.0.NDVI.tif,HLS-VI.S30.T48QUM.2018307T033909.v2.0.NDVI.tif,S30,T48QUM,2018-11-03,2018307,033909
/home/ec2-user/ndvi_sqs_work/yunnan/raw/HLS-VI.S30.T48QVK.2018307T033909.v2.0.NDVI.tif,HLS-VI.S30.T48QVK.2018307T033909.v2.0.NDVI.tif,S30,T48QVK,2018-11-03,2018307,033909
/home/ec2-user/ndvi_sqs_work/yunnan/raw/HLS-VI.S30.T48QVL.2018307T033909.v2.0.NDVI.tif,HLS-VI.S30.T48QVL.2018307T033909.v2.0.NDVI.tif,S30,T48QVL,2018-11-03,2018307,033909
/home/ec2-user/ndvi_sqs_work/yunnan/raw/HLS-VI.S30.T48QVM.2018307T033909.v2.0.NDVI.tif,HLS-VI.S30.T48QVM.2018307T033909.v2.0.NDVI.tif,S30,T48QVM,2018-11-03,2018307,033909
/home/ec2-user/ndvi_sqs_work/yunnan/raw/HLS-VI.S30.T48QWM.2018307T033909.v2.0.NDVI.tif,HLS-VI.S30.T48QWM.2018307T033909.v2.0.NDVI.tif,S30,T48QWM,2018-11-03,2018307,033909
/home/ec2-user/ndvi_sqs_work/yunnan/raw/HLS-VI.S30.T48RTQ.2018307T033909.v2.0.NDVI.tif,HLS-VI.S30.T48RTQ.2018307T033909.v2.0.NDVI.tif,S30,T48RTQ,2018-11-03,2018307,033909
/home/ec2-user/ndvi_sqs_work/yunnan/raw/HLS-VI.S30.T48RTR.2018307T033909.v2.0.NDVI.tif,HLS-VI.S30.T48RTR.2018307T033909.v2.0.NDVI.tif,S30,T48RTR,2018-11-03,2018307,033909
/home/ec2-user/ndvi_sqs_work/yunnan/raw/HLS-VI.S30.T48RUQ.2018307T033909.v2.0.NDVI.tif,HLS-VI.S30.T48RUQ.2018307T033909.v2.0.NDVI.tif,S30,T48RUQ,2018-11-03,2018307,033909
/home/ec2-user/ndvi_sqs_work/yunnan/raw/HLS-VI.S30.T48RUR.2018307T033909.v2.0.NDVI.tif,HLS-VI.S30.T48RUR.2018307T033909.v2.0.NDVI.tif,S30,T48RUR,2018-11-03,2018307,033909
/home/ec2-user/ndvi_sqs_work/yunnan/raw/HLS-VI.S30.T48RVN.2018307T033909.v2.0.NDVI.tif,HLS-VI.S30.T48RVN.2018307T033909.v2.0.NDVI.tif,S30,T48RVN,2018-11-03,2018307,033909
/home/ec2-user/ndvi_sqs_work/yunnan/raw/HLS-VI.S30.T48RVP.2018307T033909.v2.0.NDVI.tif,HLS-VI.S30.T48RVP.2018307T033909.v2.0.NDVI.tif,S30,T48RVP,2018-11-03,2018307,033909
/home/ec2-user/ndvi_sqs_work/yunnan/raw/HLS-VI.S30.T48RVQ.2018307T033909.v2.0.NDVI.tif,HLS-VI.S30.T48RVQ.2018307T033909.v2.0.NDVI.tif,S30,T48RVQ,2018-11-03,2018307,033909
/home/ec2-user/ndvi_sqs_work/yunnan/raw/HLS-VI.S30.T48RWN.2018307T033909.v2.0.NDVI.tif,HLS-VI.S30.T48RWN.2018307T033909.v2.0.NDVI.tif,S30,T48RWN,2018-11-03,2018307,033909
/home/ec2-user/ndvi_sqs_work/yunnan/raw/HLS-VI.S30.T48RWR.2018307T033909.v2.0.NDVI.tif,HLS-VI.S30.T48RWR.2018307T033909.v2.0.NDVI.tif,S30,T48RWR,2018-11-03,2018307,033909
/home/ec2-user/ndvi_sqs_work/yunnan/raw/HLS-VI.S30.T48RWS.2018307T033909.v2.0.NDVI.tif,HLS-VI.S30.T48RWS.2018307T033909.v2.0.NDVI.tif,S30,T48RWS,2018-11-03,2018307,033909
/home/ec2-user/ndvi_sqs_work/yunnan/raw/HLS-VI.S30.T48RVQ.2018312T033941.v2.0.NDVI.tif,HLS-VI.S30.T48RVQ.2018312T033941.v2.0.NDVI.tif,S30,T48RVQ,2018-11-08,2018312,033941
/home/ec2-user/ndvi_sqs_work/yunnan/raw/HLS-VI.S30.T48RVR.2018312T033941.v2.0.NDVI.tif,HLS-VI.S30.T48RVR.2018312T033941.v2.0.NDVI.tif,S30,T48RVR,2018-11-08,2018312,033941
/home/ec2-user/ndvi_sqs_work/yunnan/raw/HLS-VI.S30.T47RNK.2018313T035949.v2.0.NDVI.tif,HLS-VI.S30.T47RNK.2018313T035949.v2.0.NDVI.tif,S30,T47RNK,2018-11-09,2018313,035949
/home/ec2-user/ndvi_sqs_work/yunnan/raw/HLS-VI.S30.T47RNL.2018313T035949.v2.0.NDVI.tif,HLS-VI.S30.T47RNL.2018313T035949.v2.0.NDVI.tif,S30,T47RNL,2018-11-09,2018313,035949
/home/ec2-user/ndvi_sqs_work/yunnan/raw/HLS-VI.S30.T47RPK.2018313T035949.v2.0.NDVI.tif,HLS-VI.S30.T47RPK.2018313T035949.v2.0.NDVI.tif,S30,T47RPK,2018-11-09,2018313,035949
/home/ec2-user/ndvi_sqs_work/yunnan/raw/HLS-VI.S30.T47RPL.2018313T035949.v2.0.NDVI.tif,HLS-VI.S30.T47RPL.2018313T035949.v2.0.NDVI.tif,S30,T47RPL,2018-11-09,2018313,035949
/home/ec2-user/ndvi_sqs_work/yunnan/raw/HLS-VI.S30.T48RVN.2018314T032949.v2.0.NDVI.tif,HLS-VI.S30.T48RVN.2018314T032949.v2.0.NDVI.tif,S30,T48RVN,2018-11-10,2018314,032949
/home/ec2-user/ndvi_sqs_work/yunnan/raw/HLS-VI.S30.T47RNJ.2018315T035001.v2.0.NDVI.tif,HLS-VI.S30.T47RNJ.2018315T035001.v2.0.NDVI.tif,S30,T47RNJ,2018-11-11,2018315,035001
/home/ec2-user/ndvi_sqs_work/yunnan/raw/HLS-VI.S30.T47RNK.2018315T035001.v2.0.NDVI.tif,HLS-VI.S30.T47RNK.2018315T035001.v2.0.NDVI.tif,S30,T47RNK,2018-11-11,2018315,035001
/home/ec2-user/ndvi_sqs_work/yunnan/raw/HLS-VI.S30.T47RPJ.2018315T035001.v2.0.NDVI.tif,HLS-VI.S30.T47RPJ.2018315T035001.v2.0.NDVI.tif,S30,T47RPJ,2018-11-11,2018315,035001
/home/ec2-user/ndvi_sqs_work/yunnan/raw/HLS-VI.S30.T47RPK.2018315T035001.v2.0.NDVI.tif,HLS-VI.S30.T47RPK.2018315T035001.v2.0.NDVI.tif,S30,T47RPK,2018-11-11,2018315,035001
/home/ec2-user/ndvi_sqs_work/yunnan/raw/HLS-VI.S30.T47RPL.2018315T035001.v2.0.NDVI.tif,HLS-VI.S30.T47RPL.2018315T035001.v2.0.NDVI.tif,S30,T47RPL,2018-11-11,2018315,035001
/home/ec2-user/ndvi_sqs_work/yunnan/raw/HLS-VI.S30.T47RPM.2018315T035001.v2.0.NDVI.tif,HLS-VI.S30.T47RPM.2018315T035001.v2.0.NDVI.tif,S30,T47RPM,2018-11-11,2018315,035001
/home/ec2-user/ndvi_sqs_work/yunnan/raw/HLS-VI.S30.T47RQJ.2018315T035001.v2.0.NDVI.tif,HLS-VI.S30.T47RQJ.2018315T035001.v2.0.NDVI.tif,S30,T47RQJ,2018-11-11,2018315,035001
/home/ec2-user/ndvi_sqs_work/yunnan/raw/HLS-VI.S30.T47RQK.2018315T035001.v2.0.NDVI.tif,HLS-VI.S30.T47RQK.2018315T035001.v2.0.NDVI.tif,S30,T47RQK,2018-11-11,2018315,035001
/home/ec2-user/ndvi_sqs_work/yunnan/raw/HLS-VI.S30.T47RQL.2018315T035001.v2.0.NDVI.tif,HLS-VI.S30.T47RQL.2018315T035001.v2.0.NDVI.tif,S30,T47RQL,2018-11-11,2018315,035001
/home/ec2-user/ndvi_sqs_work/yunnan/raw/HLS-VI.S30.T48RTQ.2018315T035001.v2.0.NDVI.tif,HLS-VI.S30.T48RTQ.2018315T035001.v2.0.NDVI.tif,S30,T48RTQ,2018-11-11,2018315,035001
/home/ec2-user/ndvi_sqs_work/yunnan/raw/HLS-VI.S30.T48RTR.2018315T035001.v2.0.NDVI.tif,HLS-VI.S30.T48RTR.2018315T035001.v2.0.NDVI.tif,S30,T48RTR,2018-11-11,2018315,035001
/home/ec2-user/ndvi_sqs_work/yunnan/raw/HLS-VI.S30.T48RUQ.2018315T035001.v2.0.NDVI.tif,HLS-VI.S30.T48RUQ.2018315T035001.v2.0.NDVI.tif,S30,T48RUQ,2018-11-11,2018315,035001
/home/ec2-user/ndvi_sqs_work/yunnan/raw/HLS-VI.S30.T47RNJ.2018318T040011.v2.0.NDVI.tif,HLS-VI.S30.T47RNJ.2018318T040011.v2.0.NDVI.tif,S30,T47RNJ,2018-11-14,2018318,040011
/home/ec2-user/ndvi_sqs_work/yunnan/raw/HLS-VI.S30.T47RNK.2018318T040011.v2.0.NDVI.tif,HLS-VI.S30.T47RNK.2018318T040011.v2.0.NDVI.tif,S30,T47RNK,2018-11-14,2018318,040011
/home/ec2-user/ndvi_sqs_work/yunnan/raw/HLS-VI.S30.T47RPJ.2018318T040011.v2.0.NDVI.tif,HLS-VI.S30.T47RPJ.2018318T040011.v2.0.NDVI.tif,S30,T47RPJ,2018-11-14,2018318,040011
/home/ec2-user/ndvi_sqs_work/yunnan/raw/HLS-VI.S30.T47RPK.2018318T040011.v2.0.NDVI.tif,HLS-VI.S30.T47RPK.2018318T040011.v2.0.NDVI.tif,S30,T47RPK,2018-11-14,2018318,040011
/home/ec2-user/ndvi_sqs_work/yunnan/raw/HLS-VI.S30.T47RPL.2018318T040011.v2.0.NDVI.tif,HLS-VI.S30.T47RPL.2018318T040011.v2.0.NDVI.tif,S30,T47RPL,2018-11-14,2018318,040011
/home/ec2-user/ndvi_sqs_work/yunnan/raw/HLS-VI.S30.T47RPM.2018318T040011.v2.0.NDVI.tif,HLS-VI.S30.T47RPM.2018318T040011.v2.0.NDVI.tif,S30,T47RPM,2018-11-14,2018318,040011
/home/ec2-user/ndvi_sqs_work/yunnan/raw/HLS-VI.S30.T47QNG.2018320T035019.v2.0.NDVI.tif,HLS-VI.S30.T47QNG.2018320T035019.v2.0.NDVI.tif,S30,T47QNG,2018-11-16,2018320,035019
/home/ec2-user/ndvi_sqs_work/yunnan/raw/HLS-VI.S30.T47RNH.2018320T035019.v2.0.NDVI.tif,HLS-VI.S30.T47RNH.2018320T035019.v2.0.NDVI.tif,S30,T47RNH,2018-11-16,2018320,035019
/home/ec2-user/ndvi_sqs_work/yunnan/raw/HLS-VI.S30.T47RNJ.2018320T035019.v2.0.NDVI.tif,HLS-VI.S30.T47RNJ.2018320T035019.v2.0.NDVI.tif,S30,T47RNJ,2018-11-16,2018320,035019
/home/ec2-user/ndvi_sqs_work/yunnan/raw/HLS-VI.S30.T47RPH.2018320T035019.v2.0.NDVI.tif,HLS-VI.S30.T47RPH.2018320T035019.v2.0.NDVI.tif,S30,T47RPH,2018-11-16,2018320,035019
/home/ec2-user/ndvi_sqs_work/yunnan/raw/HLS-VI.S30.T47RPJ.2018320T035019.v2.0.NDVI.tif,HLS-VI.S30.T47RPJ.2018320T035019.v2.0.NDVI.tif,S30,T47RPJ,2018-11-16,2018320,035019
/home/ec2-user/ndvi_sqs_work/yunnan/raw/HLS-VI.S30.T47RQH.2018320T035019.v2.0.NDVI.tif,HLS-VI.S30.T47RQH.2018320T035019.v2.0.NDVI.tif,S30,T47RQH,2018-11-16,2018320,035019
/home/ec2-user/ndvi_sqs_work/yunnan/raw/HLS-VI.S30.T47RQJ.2018320T035019.v2.0.NDVI.tif,HLS-VI.S30.T47RQJ.2018320T035019.v2.0.NDVI.tif,S30,T47RQJ,2018-11-16,2018320,035019
/home/ec2-user/ndvi_sqs_work/yunnan/raw/HLS-VI.S30.T47RQK.2018320T035019.v2.0.NDVI.tif,HLS-VI.S30.T47RQK.2018320T035019.v2.0.NDVI.tif,S30,T47RQK,2018-11-16,2018320,035019
/home/ec2-user/ndvi_sqs_work/yunnan/raw/HLS-VI.S30.T47RRH.2018320T035019.v2.0.NDVI.tif,HLS-VI.S30.T47RRH.2018320T035019.v2.0.NDVI.tif,S30,T47RRH,2018-11-16,2018320,035019
/home/ec2-user/ndvi_sqs_work/yunnan/raw/HLS-VI.S30.T48QTM.2018320T035019.v2.0.NDVI.tif,HLS-VI.S30.T48QTM.2018320T035019.v2.0.NDVI.tif,S30,T48QTM,2018-11-16,2018320,035019
/home/ec2-user/ndvi_sqs_work/yunnan/raw/HLS-VI.S30.T48RTN.2018320T035019.v2.0.NDVI.tif,HLS-VI.S30.T48RTN.2018320T035019.v2.0.NDVI.tif,S30,T48RTN,2018-11-16,2018320,035019
/home/ec2-user/ndvi_sqs_work/yunnan/raw/HLS-VI.S30.T48RTP.2018320T035019.v2.0.NDVI.tif,HLS-VI.S30.T48RTP.2018320T035019.v2.0.NDVI.tif,S30,T48RTP,2018-11-16,2018320,035019
/home/ec2-user/ndvi_sqs_work/yunnan/raw/HLS-VI.S30.T48RTQ.2018320T035019.v2.0.NDVI.tif,HLS-VI.S30.T48RTQ.2018320T035019.v2.0.NDVI.tif,S30,T48RTQ,2018-11-16,2018320,035019
/home/ec2-user/ndvi_sqs_work/yunnan/raw/HLS-VI.S30.T48RUQ.2018320T035019.v2.0.NDVI.tif,HLS-VI.S30.T48RUQ.2018320T035019.v2.0.NDVI.tif,S30,T48RUQ,2018-11-16,2018320,035019
/home/ec2-user/ndvi_sqs_work/yunnan/raw/HLS-VI.S30.T47QQG.2018322T034021.v2.0.NDVI.tif,HLS-VI.S30.T47QQG.2018322T034021.v2.0.NDVI.tif,S30,T47QQG,2018-11-18,2018322,034021
/home/ec2-user/ndvi_sqs_work/yunnan/raw/HLS-VI.S30.T47RRH.2018322T034021.v2.0.NDVI.tif,HLS-VI.S30.T47RRH.2018322T034021.v2.0.NDVI.tif,S30,T47RRH,2018-11-18,2018322,034021
/home/ec2-user/ndvi_sqs_work/yunnan/raw/HLS-VI.S30.T47RRJ.2018322T034021.v2.0.NDVI.tif,HLS-VI.S30.T47RRJ.2018322T034021.v2.0.NDVI.tif,S30,T47RRJ,2018-11-18,2018322,034021
/home/ec2-user/ndvi_sqs_work/yunnan/raw/HLS-VI.S30.T48RTN.2018322T034021.v2.0.NDVI.tif,HLS-VI.S30.T48RTN.2018322T034021.v2.0.NDVI.tif,S30,T48RTN,2018-11-18,2018322,034021
/home/ec2-user/ndvi_sqs_work/yunnan/raw/HLS-VI.S30.T48RTP.2018322T034021.v2.0.NDVI.tif,HLS-VI.S30.T48RTP.2018322T034021.v2.0.NDVI.tif,S30,T48RTP,2018-11-18,2018322,034021
/home/ec2-user/ndvi_sqs_work/yunnan/raw/HLS-VI.S30.T48RTQ.2018322T034021.v2.0.NDVI.tif,HLS-VI.S30.T48RTQ.2018322T034021.v2.0.NDVI.tif,S30,T48RTQ,2018-11-18,2018322,034021
/home/ec2-user/ndvi_sqs_work/yunnan/raw/HLS-VI.S30.T48RUN.2018322T034021.v2.0.NDVI.tif,HLS-VI.S30.T48RUN.2018322T034021.v2.0.NDVI.tif,S30,T48RUN,2018-11-18,2018322,034021
/home/ec2-user/ndvi_sqs_work/yunnan/raw/HLS-VI.S30.T47QLG.2018323T040039.v2.0.NDVI.tif,HLS-VI.S30.T47QLG.2018323T040039.v2.0.NDVI.tif,S30,T47QLG,2018-11-19,2018323,040039
/home/ec2-user/ndvi_sqs_work/yunnan/raw/HLS-VI.S30.T47QMG.2018323T040039.v2.0.NDVI.tif,HLS-VI.S30.T47QMG.2018323T040039.v2.0.NDVI.tif,S30,T47QMG,2018-11-19,2018323,040039
/home/ec2-user/ndvi_sqs_work/yunnan/raw/HLS-VI.S30.T47RLH.2018323T040039.v2.0.NDVI.tif,HLS-VI.S30.T47RLH.2018323T040039.v2.0.NDVI.tif,S30,T47RLH,2018-11-19,2018323,040039
/home/ec2-user/ndvi_sqs_work/yunnan/raw/HLS-VI.S30.T47RNK.2018323T040039.v2.0.NDVI.tif,HLS-VI.S30.T47RNK.2018323T040039.v2.0.NDVI.tif,S30,T47RNK,2018-11-19,2018323,040039
/home/ec2-user/ndvi_sqs_work/yunnan/raw/HLS-VI.S30.T47RPK.2018323T040039.v2.0.NDVI.tif,HLS-VI.S30.T47RPK.2018323T040039.v2.0.NDVI.tif,S30,T47RPK,2018-11-19,2018323,040039
/home/ec2-user/ndvi_sqs_work/yunnan/raw/HLS-VI.S30.T47RPM.2018323T040039.v2.0.NDVI.tif,HLS-VI.S30.T47RPM.2018323T040039.v2.0.NDVI.tif,S30,T47RPM,2018-11-19,2018323,040039
/home/ec2-user/ndvi_sqs_work/yunnan/raw/HLS-VI.S30.T47QNF.2018325T035041.v2.0.NDVI.tif,HLS-VI.S30.T47QNF.2018325T035041.v2.0.NDVI.tif,S30,T47QNF,2018-11-21,2018325,035041
/home/ec2-user/ndvi_sqs_work/yunnan/raw/HLS-VI.S30.T47QNG.2018325T035041.v2.0.NDVI.tif,HLS-VI.S30.T47QNG.2018325T035041.v2.0.NDVI.tif,S30,T47QNG,2018-11-21,2018325,035041
/home/ec2-user/ndvi_sqs_work/yunnan/raw/HLS-VI.S30.T47QPF.2018325T035041.v2.0.NDVI.tif,HLS-VI.S30.T47QPF.2018325T035041.v2.0.NDVI.tif,S30,T47QPF,2018-11-21,2018325,035041
/home/ec2-user/ndvi_sqs_work/yunnan/raw/HLS-VI.S30.T47QPG.2018325T035041.v2.0.NDVI.tif,HLS-VI.S30.T47QPG.2018325T035041.v2.0.NDVI.tif,S30,T47QPG,2018-11-21,2018325,035041
/home/ec2-user/ndvi_sqs_work/yunnan/raw/HLS-VI.S30.T47QQF.2018325T035041.v2.0.NDVI.tif,HLS-VI.S30.T47QQF.2018325T035041.v2.0.NDVI.tif,S30,T47QQF,2018-11-21,2018325,035041
/home/ec2-user/ndvi_sqs_work/yunnan/raw/HLS-VI.S30.T47QQG.2018325T035041.v2.0.NDVI.tif,HLS-VI.S30.T47QQG.2018325T035041.v2.0.NDVI.tif,S30,T47QQG,2018-11-21,2018325,035041
/home/ec2-user/ndvi_sqs_work/yunnan/raw/HLS-VI.S30.T47QRF.2018325T035041.v2.0.NDVI.tif,HLS-VI.S30.T47QRF.2018325T035041.v2.0.NDVI.tif,S30,T47QRF,2018-11-21,2018325,035041
/home/ec2-user/ndvi_sqs_work/yunnan/raw/HLS-VI.S30.T47QRG.2018325T035041.v2.0.NDVI.tif,HLS-VI.S30.T47QRG.2018325T035041.v2.0.NDVI.tif,S30,T47QRG,2018-11-21,2018325,035041
/home/ec2-user/ndvi_sqs_work/yunnan/raw/HLS-VI.S30.T47RNH.2018325T035041.v2.0.NDVI.tif,HLS-VI.S30.T47RNH.2018325T035041.v2.0.NDVI.tif,S30,T47RNH,2018-11-21,2018325,035041
/home/ec2-user/ndvi_sqs_work/yunnan/raw/HLS-VI.S30.T47RNJ.2018325T035041.v2.0.NDVI.tif,HLS-VI.S30.T47RNJ.2018325T035041.v2.0.NDVI.tif,S30,T47RNJ,2018-11-21,2018325,035041
/home/ec2-user/ndvi_sqs_work/yunnan/raw/HLS-VI.S30.T47RPH.2018325T035041.v2.0.NDVI.tif,HLS-VI.S30.T47RPH.2018325T035041.v2.0.NDVI.tif,S30,T47RPH,2018-11-21,2018325,035041
/home/ec2-user/ndvi_sqs_work/yunnan/raw/HLS-VI.S30.T47RPJ.2018325T035041.v2.0.NDVI.tif,HLS-VI.S30.T47RPJ.2018325T035041.v2.0.NDVI.tif,S30,T47RPJ,2018-11-21,2018325,035041
/home/ec2-user/ndvi_sqs_work/yunnan/raw/HLS-VI.S30.T47RPK.2018325T035041.v2.0.NDVI.tif,HLS-VI.S30.T47RPK.2018325T035041.v2.0.NDVI.tif,S30,T47RPK,2018-11-21,2018325,035041
/home/ec2-user/ndvi_sqs_work/yunnan/raw/HLS-VI.S30.T47RPL.2018325T035041.v2.0.NDVI.tif,HLS-VI.S30.T47RPL.2018325T035041.v2.0.NDVI.tif,S30,T47RPL,2018-11-21,2018325,035041
/home/ec2-user/ndvi_sqs_work/yunnan/raw/HLS-VI.S30.T47RQH.2018325T035041.v2.0.NDVI.tif,HLS-VI.S30.T47RQH.2018325T035041.v2.0.NDVI.tif,S30,T47RQH,2018-11-21,2018325,035041
/home/ec2-user/ndvi_sqs_work/yunnan/raw/HLS-VI.S30.T47RQJ.2018325T035041.v2.0.NDVI.tif,HLS-VI.S30.T47RQJ.2018325T035041.v2.0.NDVI.tif,S30,T47RQJ,2018-11-21,2018325,035041
/home/ec2-user/ndvi_sqs_work/yunnan/raw/HLS-VI.S30.T47RQK.2018325T035041.v2.0.NDVI.tif,HLS-VI.S30.T47RQK.2018325T035041.v2.0.NDVI.tif,S30,T47RQK,2018-11-21,2018325,035041
/home/ec2-user/ndvi_sqs_work/yunnan/raw/HLS-VI.S30.T47RRH.2018325T035041.v2.0.NDVI.tif,HLS-VI.S30.T47RRH.2018325T035041.v2.0.NDVI.tif,S30,T47RRH,2018-11-21,2018325,035041
/home/ec2-user/ndvi_sqs_work/yunnan/raw/HLS-VI.S30.T47RRJ.2018325T035041.v2.0.NDVI.tif,HLS-VI.S30.T47RRJ.2018325T035041.v2.0.NDVI.tif,S30,T47RRJ,2018-11-21,2018325,035041
/home/ec2-user/ndvi_sqs_work/yunnan/raw/HLS-VI.S30.T48QTL.2018325T035041.v2.0.NDVI.tif,HLS-VI.S30.T48QTL.2018325T035041.v2.0.NDVI.tif,S30,T48QTL,2018-11-21,2018325,035041
/home/ec2-user/ndvi_sqs_work/yunnan/raw/HLS-VI.S30.T48QTM.2018325T035041.v2.0.NDVI.tif,HLS-VI.S30.T48QTM.2018325T035041.v2.0.NDVI.tif,S30,T48QTM,2018-11-21,2018325,035041
/home/ec2-user/ndvi_sqs_work/yunnan/raw/HLS-VI.S30.T48RTN.2018325T035041.v2.0.NDVI.tif,HLS-VI.S30.T48RTN.2018325T035041.v2.0.NDVI.tif,S30,T48RTN,2018-11-21,2018325,035041
/home/ec2-user/ndvi_sqs_work/yunnan/raw/HLS-VI.S30.T48RTP.2018325T035041.v2.0.NDVI.tif,HLS-VI.S30.T48RTP.2018325T035041.v2.0.NDVI.tif,S30,T48RTP,2018-11-21,2018325,035041
/home/ec2-user/ndvi_sqs_work/yunnan/raw/HLS-VI.S30.T47RML.2018326T041059.v2.0.NDVI.tif,HLS-VI.S30.T47RML.2018326T041059.v2.0.NDVI.tif,S30,T47RML,2018-11-22,2018326,041059
/home/ec2-user/ndvi_sqs_work/yunnan/raw/HLS-VI.S30.T48QWM.2018327T034049.v2.0.NDVI.tif,HLS-VI.S30.T48QWM.2018327T034049.v2.0.NDVI.tif,S30,T48QWM,2018-11-23,2018327,034049
/home/ec2-user/ndvi_sqs_work/yunnan/raw/HLS-VI.S30.T48RTQ.2018327T034049.v2.0.NDVI.tif,HLS-VI.S30.T48RTQ.2018327T034049.v2.0.NDVI.tif,S30,T48RTQ,2018-11-23,2018327,034049
/home/ec2-user/ndvi_sqs_work/yunnan/raw/HLS-VI.S30.T48RTR.2018327T034049.v2.0.NDVI.tif,HLS-VI.S30.T48RTR.2018327T034049.v2.0.NDVI.tif,S30,T48RTR,2018-11-23,2018327,034049
/home/ec2-user/ndvi_sqs_work/yunnan/raw/HLS-VI.S30.T48RUR.2018327T034049.v2.0.NDVI.tif,HLS-VI.S30.T48RUR.2018327T034049.v2.0.NDVI.tif,S30,T48RUR,2018-11-23,2018327,034049
/home/ec2-user/ndvi_sqs_work/yunnan/raw/HLS-VI.S30.T48RUS.2018327T034049.v2.0.NDVI.tif,HLS-VI.S30.T48RUS.2018327T034049.v2.0.NDVI.tif,S30,T48RUS,2018-11-23,2018327,034049
/home/ec2-user/ndvi_sqs_work/yunnan/raw/HLS-VI.S30.T48RVR.2018327T034049.v2.0.NDVI.tif,HLS-VI.S30.T48RVR.2018327T034049.v2.0.NDVI.tif,S30,T48RVR,2018-11-23,2018327,034049
/home/ec2-user/ndvi_sqs_work/yunnan/raw/HLS-VI.S30.T48RWR.2018327T034049.v2.0.NDVI.tif,HLS-VI.S30.T48RWR.2018327T034049.v2.0.NDVI.tif,S30,T48RWR,2018-11-23,2018327,034049
/home/ec2-user/ndvi_sqs_work/yunnan/raw/HLS-VI.S30.T47QNG.2018328T040051.v2.0.NDVI.tif,HLS-VI.S30.T47QNG.2018328T040051.v2.0.NDVI.tif,S30,T47QNG,2018-11-24,2018328,040051
/home/ec2-user/ndvi_sqs_work/yunnan/raw/HLS-VI.S30.T47RLH.2018328T040051.v2.0.NDVI.tif,HLS-VI.S30.T47RLH.2018328T040051.v2.0.NDVI.tif,S30,T47RLH,2018-11-24,2018328,040051
/home/ec2-user/ndvi_sqs_work/yunnan/raw/HLS-VI.S30.T47RLJ.2018328T040051.v2.0.NDVI.tif,HLS-VI.S30.T47RLJ.2018328T040051.v2.0.NDVI.tif,S30,T47RLJ,2018-11-24,2018328,040051
/home/ec2-user/ndvi_sqs_work/yunnan/raw/HLS-VI.S30.T47RMH.2018328T040051.v2.0.NDVI.tif,HLS-VI.S30.T47RMH.2018328T040051.v2.0.NDVI.tif,S30,T47RMH,2018-11-24,2018328,040051
/home/ec2-user/ndvi_sqs_work/yunnan/raw/HLS-VI.S30.T47RMJ.2018328T040051.v2.0.NDVI.tif,HLS-VI.S30.T47RMJ.2018328T040051.v2.0.NDVI.tif,S30,T47RMJ,2018-11-24,2018328,040051
/home/ec2-user/ndvi_sqs_work/yunnan/raw/HLS-VI.S30.T47RMK.2018328T040051.v2.0.NDVI.tif,HLS-VI.S30.T47RMK.2018328T040051.v2.0.NDVI.tif,S30,T47RMK,2018-11-24,2018328,040051
/home/ec2-user/ndvi_sqs_work/yunnan/raw/HLS-VI.S30.T47RML.2018328T040051.v2.0.NDVI.tif,HLS-VI.S30.T47RML.2018328T040051.v2.0.NDVI.tif,S30,T47RML,2018-11-24,2018328,040051
/home/ec2-user/ndvi_sqs_work/yunnan/raw/HLS-VI.S30.T47RNJ.2018328T040051.v2.0.NDVI.tif,HLS-VI.S30.T47RNJ.2018328T040051.v2.0.NDVI.tif,S30,T47RNJ,2018-11-24,2018328,040051
/home/ec2-user/ndvi_sqs_work/yunnan/raw/HLS-VI.S30.T47RNK.2018328T040051.v2.0.NDVI.tif,HLS-VI.S30.T47RNK.2018328T040051.v2.0.NDVI.tif,S30,T47RNK,2018-11-24,2018328,040051
/home/ec2-user/ndvi_sqs_work/yunnan/raw/HLS-VI.S30.T47RNL.2018328T040051.v2.0.NDVI.tif,HLS-VI.S30.T47RNL.2018328T040051.v2.0.NDVI.tif,S30,T47RNL,2018-11-24,2018328,040051
/home/ec2-user/ndvi_sqs_work/yunnan/raw/HLS-VI.S30.T47RPH.2018328T040051.v2.0.NDVI.tif,HLS-VI.S30.T47RPH.2018328T040051.v2.0.NDVI.tif,S30,T47RPH,2018-11-24,2018328,040051
/home/ec2-user/ndvi_sqs_work/yunnan/raw/HLS-VI.S30.T47RPJ.2018328T040051.v2.0.NDVI.tif,HLS-VI.S30.T47RPJ.2018328T040051.v2.0.NDVI.tif,S30,T47RPJ,2018-11-24,2018328,040051
/home/ec2-user/ndvi_sqs_work/yunnan/raw/HLS-VI.S30.T47RPK.2018328T040051.v2.0.NDVI.tif,HLS-VI.S30.T47RPK.2018328T040051.v2.0.NDVI.tif,S30,T47RPK,2018-11-24,2018328,040051
/home/ec2-user/ndvi_sqs_work/yunnan/raw/HLS-VI.S30.T47RPL.2018328T040051.v2.0.NDVI.tif,HLS-VI.S30.T47RPL.2018328T040051.v2.0.NDVI.tif,S30,T47RPL,2018-11-24,2018328,040051
/home/ec2-user/ndvi_sqs_work/yunnan/raw/HLS-VI.S30.T47RPM.2018328T040051.v2.0.NDVI.tif,HLS-VI.S30.T47RPM.2018328T040051.v2.0.NDVI.tif,S30,T47RPM,2018-11-24,2018328,040051
/home/ec2-user/ndvi_sqs_work/yunnan/raw/HLS-VI.S30.T47QNE.2018330T035059.v2.0.NDVI.tif,HLS-VI.S30.T47QNE.2018330T035059.v2.0.NDVI.tif,S30,T47QNE,2018-11-26,2018330,035059
/home/ec2-user/ndvi_sqs_work/yunnan/raw/HLS-VI.S30.T47QNF.2018330T035059.v2.0.NDVI.tif,HLS-VI.S30.T47QNF.2018330T035059.v2.0.NDVI.tif,S30,T47QNF,2018-11-26,2018330,035059
/home/ec2-user/ndvi_sqs_work/yunnan/raw/HLS-VI.S30.T47QNG.2018330T035059.v2.0.NDVI.tif,HLS-VI.S30.T47QNG.2018330T035059.v2.0.NDVI.tif,S30,T47QNG,2018-11-26,2018330,035059
/home/ec2-user/ndvi_sqs_work/yunnan/raw/HLS-VI.S30.T47QPF.2018330T035059.v2.0.NDVI.tif,HLS-VI.S30.T47QPF.2018330T035059.v2.0.NDVI.tif,S30,T47QPF,2018-11-26,2018330,035059
/home/ec2-user/ndvi_sqs_work/yunnan/raw/HLS-VI.S30.T47QPG.2018330T035059.v2.0.NDVI.tif,HLS-VI.S30.T47QPG.2018330T035059.v2.0.NDVI.tif,S30,T47QPG,2018-11-26,2018330,035059
/home/ec2-user/ndvi_sqs_work/yunnan/raw/HLS-VI.S30.T47RNH.2018330T035059.v2.0.NDVI.tif,HLS-VI.S30.T47RNH.2018330T035059.v2.0.NDVI.tif,S30,T47RNH,2018-11-26,2018330,035059
/home/ec2-user/ndvi_sqs_work/yunnan/raw/HLS-VI.S30.T47RNJ.2018330T035059.v2.0.NDVI.tif,HLS-VI.S30.T47RNJ.2018330T035059.v2.0.NDVI.tif,S30,T47RNJ,2018-11-26,2018330,035059
/home/ec2-user/ndvi_sqs_work/yunnan/raw/HLS-VI.S30.T47RNK.2018330T035059.v2.0.NDVI.tif,HLS-VI.S30.T47RNK.2018330T035059.v2.0.NDVI.tif,S30,T47RNK,2018-11-26,2018330,035059
/home/ec2-user/ndvi_sqs_work/yunnan/raw/HLS-VI.S30.T47RPH.2018330T035059.v2.0.NDVI.tif,HLS-VI.S30.T47RPH.2018330T035059.v2.0.NDVI.tif,S30,T47RPH,2018-11-26,2018330,035059
/home/ec2-user/ndvi_sqs_work/yunnan/raw/HLS-VI.S30.T47RPJ.2018330T035059.v2.0.NDVI.tif,HLS-VI.S30.T47RPJ.2018330T035059.v2.0.NDVI.tif,S30,T47RPJ,2018-11-26,2018330,035059
/home/ec2-user/ndvi_sqs_work/yunnan/raw/HLS-VI.S30.T47RPK.2018330T035059.v2.0.NDVI.tif,HLS-VI.S30.T47RPK.2018330T035059.v2.0.NDVI.tif,S30,T47RPK,2018-11-26,2018330,035059
/home/ec2-user/ndvi_sqs_work/yunnan/raw/HLS-VI.S30.T47RPL.2018330T035059.v2.0.NDVI.tif,HLS-VI.S30.T47RPL.2018330T035059.v2.0.NDVI.tif,S30,T47RPL,2018-11-26,2018330,035059
/home/ec2-user/ndvi_sqs_work/yunnan/raw/HLS-VI.S30.T47RQH.2018330T035059.v2.0.NDVI.tif,HLS-VI.S30.T47RQH.2018330T035059.v2.0.NDVI.tif,S30,T47RQH,2018-11-26,2018330,035059
/home/ec2-user/ndvi_sqs_work/yunnan/raw/HLS-VI.S30.T47RQJ.2018330T035059.v2.0.NDVI.tif,HLS-VI.S30.T47RQJ.2018330T035059.v2.0.NDVI.tif,S30,T47RQJ,2018-11-26,2018330,035059
/home/ec2-user/ndvi_sqs_work/yunnan/raw/HLS-VI.S30.T47RQK.2018330T035059.v2.0.NDVI.tif,HLS-VI.S30.T47RQK.2018330T035059.v2.0.NDVI.tif,S30,T47RQK,2018-11-26,2018330,035059
/home/ec2-user/ndvi_sqs_work/yunnan/raw/HLS-VI.S30.T47RQL.2018330T035059.v2.0.NDVI.tif,HLS-VI.S30.T47RQL.2018330T035059.v2.0.NDVI.tif,S30,T47RQL,2018-11-26,2018330,035059
/home/ec2-user/ndvi_sqs_work/yunnan/raw/HLS-VI.S30.T47RRH.2018330T035059.v2.0.NDVI.tif,HLS-VI.S30.T47RRH.2018330T035059.v2.0.NDVI.tif,S30,T47RRH,2018-11-26,2018330,035059
/home/ec2-user/ndvi_sqs_work/yunnan/raw/HLS-VI.S30.T47RRJ.2018330T035059.v2.0.NDVI.tif,HLS-VI.S30.T47RRJ.2018330T035059.v2.0.NDVI.tif,S30,T47RRJ,2018-11-26,2018330,035059
/home/ec2-user/ndvi_sqs_work/yunnan/raw/HLS-VI.S30.T48RTN.2018330T035059.v2.0.NDVI.tif,HLS-VI.S30.T48RTN.2018330T035059.v2.0.NDVI.tif,S30,T48RTN,2018-11-26,2018330,035059
/home/ec2-user/ndvi_sqs_work/yunnan/raw/HLS-VI.S30.T48RTP.2018330T035059.v2.0.NDVI.tif,HLS-VI.S30.T48RTP.2018330T035059.v2.0.NDVI.tif,S30,T48RTP,2018-11-26,2018330,035059
/home/ec2-user/ndvi_sqs_work/yunnan/raw/HLS-VI.S30.T48RTQ.2018330T035059.v2.0.NDVI.tif,HLS-VI.S30.T48RTQ.2018330T035059.v2.0.NDVI.tif,S30,T48RTQ,2018-11-26,2018330,035059
/home/ec2-user/ndvi_sqs_work/yunnan/raw/HLS-VI.S30.T48RTR.2018330T035059.v2.0.NDVI.tif,HLS-VI.S30.T48RTR.2018330T035059.v2.0.NDVI.tif,S30,T48RTR,2018-11-26,2018330,035059
/home/ec2-user/ndvi_sqs_work/yunnan/raw/HLS-VI.S30.T48RUQ.2018330T035059.v2.0.NDVI.tif,HLS-VI.S30.T48RUQ.2018330T035059.v2.0.NDVI.tif,S30,T48RUQ,2018-11-26,2018330,035059
/home/ec2-user/ndvi_sqs_work/yunnan/raw/HLS-VI.S30.T48RUR.2018330T035059.v2.0.NDVI.tif,HLS-VI.S30.T48RUR.2018330T035059.v2.0.NDVI.tif,S30,T48RUR,2018-11-26,2018330,035059
/home/ec2-user/ndvi_sqs_work/yunnan/raw/HLS-VI.S30.T47RML.2018331T041111.v2.0.NDVI.tif,HLS-VI.S30.T47RML.2018331T041111.v2.0.NDVI.tif,S30,T47RML,2018-11-27,2018331,041111
/home/ec2-user/ndvi_sqs_work/yunnan/raw/HLS-VI.S30.T47RRJ.2018332T034101.v2.0.NDVI.tif,HLS-VI.S30.T47RRJ.2018332T034101.v2.0.NDVI.tif,S30,T47RRJ,2018-11-28,2018332,034101
/home/ec2-user/ndvi_sqs_work/yunnan/raw/HLS-VI.S30.T48QVK.2018332T034101.v2.0.NDVI.tif,HLS-VI.S30.T48QVK.2018332T034101.v2.0.NDVI.tif,S30,T48QVK,2018-11-28,2018332,034101
/home/ec2-user/ndvi_sqs_work/yunnan/raw/HLS-VI.S30.T48QVM.2018332T034101.v2.0.NDVI.tif,HLS-VI.S30.T48QVM.2018332T034101.v2.0.NDVI.tif,S30,T48QVM,2018-11-28,2018332,034101
/home/ec2-user/ndvi_sqs_work/yunnan/raw/HLS-VI.S30.T48RTN.2018332T034101.v2.0.NDVI.tif,HLS-VI.S30.T48RTN.2018332T034101.v2.0.NDVI.tif,S30,T48RTN,2018-11-28,2018332,034101
/home/ec2-user/ndvi_sqs_work/yunnan/raw/HLS-VI.S30.T48RTP.2018332T034101.v2.0.NDVI.tif,HLS-VI.S30.T48RTP.2018332T034101.v2.0.NDVI.tif,S30,T48RTP,2018-11-28,2018332,034101
/home/ec2-user/ndvi_sqs_work/yunnan/raw/HLS-VI.S30.T48RTQ.2018332T034101.v2.0.NDVI.tif,HLS-VI.S30.T48RTQ.2018332T034101.v2.0.NDVI.tif,S30,T48RTQ,2018-11-28,2018332,034101
/home/ec2-user/ndvi_sqs_work/yunnan/raw/HLS-VI.S30.T48RTR.2018332T034101.v2.0.NDVI.tif,HLS-VI.S30.T48RTR.2018332T034101.v2.0.NDVI.tif,S30,T48RTR,2018-11-28,2018332,034101
/home/ec2-user/ndvi_sqs_work/yunnan/raw/HLS-VI.S30.T48RUP.2018332T034101.v2.0.NDVI.tif,HLS-VI.S30.T48RUP.2018332T034101.v2.0.NDVI.tif,S30,T48RUP,2018-11-28,2018332,034101
/home/ec2-user/ndvi_sqs_work/yunnan/raw/HLS-VI.S30.T48RUQ.2018332T034101.v2.0.NDVI.tif,HLS-VI.S30.T48RUQ.2018332T034101.v2.0.NDVI.tif,S30,T48RUQ,2018-11-28,2018332,034101
/home/ec2-user/ndvi_sqs_work/yunnan/raw/HLS-VI.S30.T48RUR.2018332T034101.v2.0.NDVI.tif,HLS-VI.S30.T48RUR.2018332T034101.v2.0.NDVI.tif,S30,T48RUR,2018-11-28,2018332,034101
/home/ec2-user/ndvi_sqs_work/yunnan/raw/HLS-VI.S30.T48RVP.2018332T034101.v2.0.NDVI.tif,HLS-VI.S30.T48RVP.2018332T034101.v2.0.NDVI.tif,S30,T48RVP,2018-11-28,2018332,034101
/home/ec2-user/ndvi_sqs_work/yunnan/raw/HLS-VI.S30.T48RVQ.2018332T034101.v2.0.NDVI.tif,HLS-VI.S30.T48RVQ.2018332T034101.v2.0.NDVI.tif,S30,T48RVQ,2018-11-28,2018332,034101
/home/ec2-user/ndvi_sqs_work/yunnan/raw/HLS-VI.S30.T47QLG.2018333T040119.v2.0.NDVI.tif,HLS-VI.S30.T47QLG.2018333T040119.v2.0.NDVI.tif,S30,T47QLG,2018-11-29,2018333,040119
/home/ec2-user/ndvi_sqs_work/yunnan/raw/HLS-VI.S30.T47QMG.2018333T040119.v2.0.NDVI.tif,HLS-VI.S30.T47QMG.2018333T040119.v2.0.NDVI.tif,S30,T47QMG,2018-11-29,2018333,040119
/home/ec2-user/ndvi_sqs_work/yunnan/raw/HLS-VI.S30.T47QNF.2018333T040119.v2.0.NDVI.tif,HLS-VI.S30.T47QNF.2018333T040119.v2.0.NDVI.tif,S30,T47QNF,2018-11-29,2018333,040119
/home/ec2-user/ndvi_sqs_work/yunnan/raw/HLS-VI.S30.T47QNG.2018333T040119.v2.0.NDVI.tif,HLS-VI.S30.T47QNG.2018333T040119.v2.0.NDVI.tif,S30,T47QNG,2018-11-29,2018333,040119
/home/ec2-user/ndvi_sqs_work/yunnan/raw/HLS-VI.S30.T47RLH.2018333T040119.v2.0.NDVI.tif,HLS-VI.S30.T47RLH.2018333T040119.v2.0.NDVI.tif,S30,T47RLH,2018-11-29,2018333,040119
/home/ec2-user/ndvi_sqs_work/yunnan/raw/HLS-VI.S30.T47RLJ.2018333T040119.v2.0.NDVI.tif,HLS-VI.S30.T47RLJ.2018333T040119.v2.0.NDVI.tif,S30,T47RLJ,2018-11-29,2018333,040119
/home/ec2-user/ndvi_sqs_work/yunnan/raw/HLS-VI.S30.T47RMH.2018333T040119.v2.0.NDVI.tif,HLS-VI.S30.T47RMH.2018333T040119.v2.0.NDVI.tif,S30,T47RMH,2018-11-29,2018333,040119
/home/ec2-user/ndvi_sqs_work/yunnan/raw/HLS-VI.S30.T47RMJ.2018333T040119.v2.0.NDVI.tif,HLS-VI.S30.T47RMJ.2018333T040119.v2.0.NDVI.tif,S30,T47RMJ,2018-11-29,2018333,040119
/home/ec2-user/ndvi_sqs_work/yunnan/raw/HLS-VI.S30.T47RNH.2018333T040119.v2.0.NDVI.tif,HLS-VI.S30.T47RNH.2018333T040119.v2.0.NDVI.tif,S30,T47RNH,2018-11-29,2018333,040119
/home/ec2-user/ndvi_sqs_work/yunnan/raw/HLS-VI.S30.T47RNJ.2018333T040119.v2.0.NDVI.tif,HLS-VI.S30.T47RNJ.2018333T040119.v2.0.NDVI.tif,S30,T47RNJ,2018-11-29,2018333,040119
/home/ec2-user/ndvi_sqs_work/yunnan/raw/HLS-VI.S30.T47RNK.2018333T040119.v2.0.NDVI.tif,HLS-VI.S30.T47RNK.2018333T040119.v2.0.NDVI.tif,S30,T47RNK,2018-11-29,2018333,040119
/home/ec2-user/ndvi_sqs_work/yunnan/raw/HLS-VI.S30.T47RNL.2018333T040119.v2.0.NDVI.tif,HLS-VI.S30.T47RNL.2018333T040119.v2.0.NDVI.tif,S30,T47RNL,2018-11-29,2018333,040119
/home/ec2-user/ndvi_sqs_work/yunnan/raw/HLS-VI.S30.T47RPH.2018333T040119.v2.0.NDVI.tif,HLS-VI.S30.T47RPH.2018333T040119.v2.0.NDVI.tif,S30,T47RPH,2018-11-29,2018333,040119
/home/ec2-user/ndvi_sqs_work/yunnan/raw/HLS-VI.S30.T47RPJ.2018333T040119.v2.0.NDVI.tif,HLS-VI.S30.T47RPJ.2018333T040119.v2.0.NDVI.tif,S30,T47RPJ,2018-11-29,2018333,040119
/home/ec2-user/ndvi_sqs_work/yunnan/raw/HLS-VI.S30.T47RPK.2018333T040119.v2.0.NDVI.tif,HLS-VI.S30.T47RPK.2018333T040119.v2.0.NDVI.tif,S30,T47RPK,2018-11-29,2018333,040119
/home/ec2-user/ndvi_sqs_work/yunnan/raw/HLS-VI.S30.T47RPL.2018333T040119.v2.0.NDVI.tif,HLS-VI.S30.T47RPL.2018333T040119.v2.0.NDVI.tif,S30,T47RPL,2018-11-29,2018333,040119
/home/ec2-user/ndvi_sqs_work/yunnan/raw/HLS-VI.S30.T47RPK.2018335T035111.v2.0.NDVI.tif,HLS-VI.S30.T47RPK.2018335T035111.v2.0.NDVI.tif,S30,T47RPK,2018-12-01,2018335,035111
/home/ec2-user/ndvi_sqs_work/yunnan/raw/HLS-VI.S30.T47RPL.2018335T035111.v2.0.NDVI.tif,HLS-VI.S30.T47RPL.2018335T035111.v2.0.NDVI.tif,S30,T47RPL,2018-12-01,2018335,035111
/home/ec2-user/ndvi_sqs_work/yunnan/raw/HLS-VI.S30.T47RPM.2018335T035111.v2.0.NDVI.tif,HLS-VI.S30.T47RPM.2018335T035111.v2.0.NDVI.tif,S30,T47RPM,2018-12-01,2018335,035111
/home/ec2-user/ndvi_sqs_work/yunnan/raw/HLS-VI.S30.T47RQJ.2018335T035111.v2.0.NDVI.tif,HLS-VI.S30.T47RQJ.2018335T035111.v2.0.NDVI.tif,S30,T47RQJ,2018-12-01,2018335,035111
/home/ec2-user/ndvi_sqs_work/yunnan/raw/HLS-VI.S30.T47RQK.2018335T035111.v2.0.NDVI.tif,HLS-VI.S30.T47RQK.2018335T035111.v2.0.NDVI.tif,S30,T47RQK,2018-12-01,2018335,035111
/home/ec2-user/ndvi_sqs_work/yunnan/raw/HLS-VI.S30.T48RTQ.2018337T034149.v2.0.NDVI.tif,HLS-VI.S30.T48RTQ.2018337T034149.v2.0.NDVI.tif,S30,T48RTQ,2018-12-03,2018337,034149
/home/ec2-user/ndvi_sqs_work/yunnan/raw/HLS-VI.S30.T48RTR.2018337T034149.v2.0.NDVI.tif,HLS-VI.S30.T48RTR.2018337T034149.v2.0.NDVI.tif,S30,T48RTR,2018-12-03,2018337,034149
/home/ec2-user/ndvi_sqs_work/yunnan/raw/HLS-VI.S30.T48RUP.2018337T034149.v2.0.NDVI.tif,HLS-VI.S30.T48RUP.2018337T034149.v2.0.NDVI.tif,S30,T48RUP,2018-12-03,2018337,034149
/home/ec2-user/ndvi_sqs_work/yunnan/raw/HLS-VI.S30.T48RUQ.2018337T034149.v2.0.NDVI.tif,HLS-VI.S30.T48RUQ.2018337T034149.v2.0.NDVI.tif,S30,T48RUQ,2018-12-03,2018337,034149
/home/ec2-user/ndvi_sqs_work/yunnan/raw/HLS-VI.S30.T48RVN.2018337T034149.v2.0.NDVI.tif,HLS-VI.S30.T48RVN.2018337T034149.v2.0.NDVI.tif,S30,T48RVN,2018-12-03,2018337,034149
/home/ec2-user/ndvi_sqs_work/yunnan/raw/HLS-VI.S30.T48RVP.2018337T034149.v2.0.NDVI.tif,HLS-VI.S30.T48RVP.2018337T034149.v2.0.NDVI.tif,S30,T48RVP,2018-12-03,2018337,034149
/home/ec2-user/ndvi_sqs_work/yunnan/raw/HLS-VI.S30.T48RVQ.2018337T034149.v2.0.NDVI.tif,HLS-VI.S30.T48RVQ.2018337T034149.v2.0.NDVI.tif,S30,T48RVQ,2018-12-03,2018337,034149
/home/ec2-user/ndvi_sqs_work/yunnan/raw/HLS-VI.S30.T47QLG.2018338T040121.v2.0.NDVI.tif,HLS-VI.S30.T47QLG.2018338T040121.v2.0.NDVI.tif,S30,T47QLG,2018-12-04,2018338,040121
/home/ec2-user/ndvi_sqs_work/yunnan/raw/HLS-VI.S30.T47QNF.2018338T040121.v2.0.NDVI.tif,HLS-VI.S30.T47QNF.2018338T040121.v2.0.NDVI.tif,S30,T47QNF,2018-12-04,2018338,040121
/home/ec2-user/ndvi_sqs_work/yunnan/raw/HLS-VI.S30.T47RLJ.2018338T040121.v2.0.NDVI.tif,HLS-VI.S30.T47RLJ.2018338T040121.v2.0.NDVI.tif,S30,T47RLJ,2018-12-04,2018338,040121
/home/ec2-user/ndvi_sqs_work/yunnan/raw/HLS-VI.S30.T47RMH.2018338T040121.v2.0.NDVI.tif,HLS-VI.S30.T47RMH.2018338T040121.v2.0.NDVI.tif,S30,T47RMH,2018-12-04,2018338,040121
/home/ec2-user/ndvi_sqs_work/yunnan/raw/HLS-VI.S30.T47RMJ.2018338T040121.v2.0.NDVI.tif,HLS-VI.S30.T47RMJ.2018338T040121.v2.0.NDVI.tif,S30,T47RMJ,2018-12-04,2018338,040121
/home/ec2-user/ndvi_sqs_work/yunnan/raw/HLS-VI.S30.T47RMK.2018338T040121.v2.0.NDVI.tif,HLS-VI.S30.T47RMK.2018338T040121.v2.0.NDVI.tif,S30,T47RMK,2018-12-04,2018338,040121
/home/ec2-user/ndvi_sqs_work/yunnan/raw/HLS-VI.S30.T47RNH.2018338T040121.v2.0.NDVI.tif,HLS-VI.S30.T47RNH.2018338T040121.v2.0.NDVI.tif,S30,T47RNH,2018-12-04,2018338,040121
/home/ec2-user/ndvi_sqs_work/yunnan/raw/HLS-VI.S30.T47RNJ.2018338T040121.v2.0.NDVI.tif,HLS-VI.S30.T47RNJ.2018338T040121.v2.0.NDVI.tif,S30,T47RNJ,2018-12-04,2018338,040121
/home/ec2-user/ndvi_sqs_work/yunnan/raw/HLS-VI.S30.T47RNK.2018338T040121.v2.0.NDVI.tif,HLS-VI.S30.T47RNK.2018338T040121.v2.0.NDVI.tif,S30,T47RNK,2018-12-04,2018338,040121
/home/ec2-user/ndvi_sqs_work/yunnan/raw/HLS-VI.S30.T47RNL.2018338T040121.v2.0.NDVI.tif,HLS-VI.S30.T47RNL.2018338T040121.v2.0.NDVI.tif,S30,T47RNL,2018-12-04,2018338,040121
/home/ec2-user/ndvi_sqs_work/yunnan/raw/HLS-VI.S30.T47RPH.2018338T040121.v2.0.NDVI.tif,HLS-VI.S30.T47RPH.2018338T040121.v2.0.NDVI.tif,S30,T47RPH,2018-12-04,2018338,040121
/home/ec2-user/ndvi_sqs_work/yunnan/raw/HLS-VI.S30.T47RPJ.2018338T040121.v2.0.NDVI.tif,HLS-VI.S30.T47RPJ.2018338T040121.v2.0.NDVI.tif,S30,T47RPJ,2018-12-04,2018338,040121
/home/ec2-user/ndvi_sqs_work/yunnan/raw/HLS-VI.S30.T47RPK.2018338T040121.v2.0.NDVI.tif,HLS-VI.S30.T47RPK.2018338T040121.v2.0.NDVI.tif,S30,T47RPK,2018-12-04,2018338,040121
/home/ec2-user/ndvi_sqs_work/yunnan/raw/HLS-VI.S30.T47RPL.2018338T040121.v2.0.NDVI.tif,HLS-VI.S30.T47RPL.2018338T040121.v2.0.NDVI.tif,S30,T47RPL,2018-12-04,2018338,040121
/home/ec2-user/ndvi_sqs_work/yunnan/raw/HLS-VI.S30.T47RNK.2018343T040139.v2.0.NDVI.tif,HLS-VI.S30.T47RNK.2018343T040139.v2.0.NDVI.tif,S30,T47RNK,2018-12-09,2018343,040139
/home/ec2-user/ndvi_sqs_work/yunnan/raw/HLS-VI.S30.T47RNL.2018343T040139.v2.0.NDVI.tif,HLS-VI.S30.T47RNL.2018343T040139.v2.0.NDVI.tif,S30,T47RNL,2018-12-09,2018343,040139
/home/ec2-user/ndvi_sqs_work/yunnan/raw/HLS-VI.S30.T47RPK.2018343T040139.v2.0.NDVI.tif,HLS-VI.S30.T47RPK.2018343T040139.v2.0.NDVI.tif,S30,T47RPK,2018-12-09,2018343,040139
/home/ec2-user/ndvi_sqs_work/yunnan/raw/HLS-VI.S30.T47RPL.2018343T040139.v2.0.NDVI.tif,HLS-VI.S30.T47RPL.2018343T040139.v2.0.NDVI.tif,S30,T47RPL,2018-12-09,2018343,040139
/home/ec2-user/ndvi_sqs_work/yunnan/raw/HLS-VI.S30.T47RNJ.2018345T035131.v2.0.NDVI.tif,HLS-VI.S30.T47RNJ.2018345T035131.v2.0.NDVI.tif,S30,T47RNJ,2018-12-11,2018345,035131
/home/ec2-user/ndvi_sqs_work/yunnan/raw/HLS-VI.S30.T47RNK.2018345T035131.v2.0.NDVI.tif,HLS-VI.S30.T47RNK.2018345T035131.v2.0.NDVI.tif,S30,T47RNK,2018-12-11,2018345,035131
/home/ec2-user/ndvi_sqs_work/yunnan/raw/HLS-VI.S30.T47RPH.2018345T035131.v2.0.NDVI.tif,HLS-VI.S30.T47RPH.2018345T035131.v2.0.NDVI.tif,S30,T47RPH,2018-12-11,2018345,035131
/home/ec2-user/ndvi_sqs_work/yunnan/raw/HLS-VI.S30.T47RPJ.2018345T035131.v2.0.NDVI.tif,HLS-VI.S30.T47RPJ.2018345T035131.v2.0.NDVI.tif,S30,T47RPJ,2018-12-11,2018345,035131
/home/ec2-user/ndvi_sqs_work/yunnan/raw/HLS-VI.S30.T47RPK.2018345T035131.v2.0.NDVI.tif,HLS-VI.S30.T47RPK.2018345T035131.v2.0.NDVI.tif,S30,T47RPK,2018-12-11,2018345,035131
/home/ec2-user/ndvi_sqs_work/yunnan/raw/HLS-VI.S30.T47RPL.2018345T035131.v2.0.NDVI.tif,HLS-VI.S30.T47RPL.2018345T035131.v2.0.NDVI.tif,S30,T47RPL,2018-12-11,2018345,035131
/home/ec2-user/ndvi_sqs_work/yunnan/raw/HLS-VI.S30.T47RQJ.2018345T035131.v2.0.NDVI.tif,HLS-VI.S30.T47RQJ.2018345T035131.v2.0.NDVI.tif,S30,T47RQJ,2018-12-11,2018345,035131
/home/ec2-user/ndvi_sqs_work/yunnan/raw/HLS-VI.S30.T47RQK.2018345T035131.v2.0.NDVI.tif,HLS-VI.S30.T47RQK.2018345T035131.v2.0.NDVI.tif,S30,T47RQK,2018-12-11,2018345,035131
/home/ec2-user/ndvi_sqs_work/yunnan/raw/HLS-VI.S30.T47RQL.2018345T035131.v2.0.NDVI.tif,HLS-VI.S30.T47RQL.2018345T035131.v2.0.NDVI.tif,S30,T47RQL,2018-12-11,2018345,035131
/home/ec2-user/ndvi_sqs_work/yunnan/raw/HLS-VI.S30.T47RRJ.2018345T035131.v2.0.NDVI.tif,HLS-VI.S30.T47RRJ.2018345T035131.v2.0.NDVI.tif,S30,T47RRJ,2018-12-11,2018345,035131
/home/ec2-user/ndvi_sqs_work/yunnan/raw/HLS-VI.S30.T48RTP.2018345T035131.v2.0.NDVI.tif,HLS-VI.S30.T48RTP.2018345T035131.v2.0.NDVI.tif,S30,T48RTP,2018-12-11,2018345,035131
/home/ec2-user/ndvi_sqs_work/yunnan/raw/HLS-VI.S30.T48RTQ.2018345T035131.v2.0.NDVI.tif,HLS-VI.S30.T48RTQ.2018345T035131.v2.0.NDVI.tif,S30,T48RTQ,2018-12-11,2018345,035131
/home/ec2-user/ndvi_sqs_work/yunnan/raw/HLS-VI.S30.T48RUQ.2018345T035131.v2.0.NDVI.tif,HLS-VI.S30.T48RUQ.2018345T035131.v2.0.NDVI.tif,S30,T48RUQ,2018-12-11,2018345,035131
/home/ec2-user/ndvi_sqs_work/yunnan/raw/HLS-VI.S30.T48RTQ.2018347T034139.v2.0.NDVI.tif,HLS-VI.S30.T48RTQ.2018347T034139.v2.0.NDVI.tif,S30,T48RTQ,2018-12-13,2018347,034139
/home/ec2-user/ndvi_sqs_work/yunnan/raw/HLS-VI.S30.T48RUQ.2018347T034139.v2.0.NDVI.tif,HLS-VI.S30.T48RUQ.2018347T034139.v2.0.NDVI.tif,S30,T48RUQ,2018-12-13,2018347,034139
/home/ec2-user/ndvi_sqs_work/yunnan/raw/HLS-VI.S30.T48RUS.2018350T035149.v2.0.NDVI.tif,HLS-VI.S30.T48RUS.2018350T035149.v2.0.NDVI.tif,S30,T48RUS,2018-12-16,2018350,035149
/home/ec2-user/ndvi_sqs_work/yunnan/raw/HLS-VI.S30.T47QRG.2018355T035141.v2.0.NDVI.tif,HLS-VI.S30.T47QRG.2018355T035141.v2.0.NDVI.tif,S30,T47QRG,2018-12-21,2018355,035141
/home/ec2-user/ndvi_sqs_work/yunnan/raw/HLS-VI.S30.T47RPJ.2018355T035141.v2.0.NDVI.tif,HLS-VI.S30.T47RPJ.2018355T035141.v2.0.NDVI.tif,S30,T47RPJ,2018-12-21,2018355,035141
/home/ec2-user/ndvi_sqs_work/yunnan/raw/HLS-VI.S30.T47RPK.2018355T035141.v2.0.NDVI.tif,HLS-VI.S30.T47RPK.2018355T035141.v2.0.NDVI.tif,S30,T47RPK,2018-12-21,2018355,035141
/home/ec2-user/ndvi_sqs_work/yunnan/raw/HLS-VI.S30.T47RQH.2018355T035141.v2.0.NDVI.tif,HLS-VI.S30.T47RQH.2018355T035141.v2.0.NDVI.tif,S30,T47RQH,2018-12-21,2018355,035141
/home/ec2-user/ndvi_sqs_work/yunnan/raw/HLS-VI.S30.T47RQJ.2018355T035141.v2.0.NDVI.tif,HLS-VI.S30.T47RQJ.2018355T035141.v2.0.NDVI.tif,S30,T47RQJ,2018-12-21,2018355,035141
/home/ec2-user/ndvi_sqs_work/yunnan/raw/HLS-VI.S30.T47RQK.2018355T035141.v2.0.NDVI.tif,HLS-VI.S30.T47RQK.2018355T035141.v2.0.NDVI.tif,S30,T47RQK,2018-12-21,2018355,035141
/home/ec2-user/ndvi_sqs_work/yunnan/raw/HLS-VI.S30.T47RQL.2018355T035141.v2.0.NDVI.tif,HLS-VI.S30.T47RQL.2018355T035141.v2.0.NDVI.tif,S30,T47RQL,2018-12-21,2018355,035141
/home/ec2-user/ndvi_sqs_work/yunnan/raw/HLS-VI.S30.T47RRH.2018355T035141.v2.0.NDVI.tif,HLS-VI.S30.T47RRH.2018355T035141.v2.0.NDVI.tif,S30,T47RRH,2018-12-21,2018355,035141
/home/ec2-user/ndvi_sqs_work/yunnan/raw/HLS-VI.S30.T47RRJ.2018355T035141.v2.0.NDVI.tif,HLS-VI.S30.T47RRJ.2018355T035141.v2.0.NDVI.tif,S30,T47RRJ,2018-12-21,2018355,035141
/home/ec2-user/ndvi_sqs_work/yunnan/raw/HLS-VI.S30.T48QTL.2018355T035141.v2.0.NDVI.tif,HLS-VI.S30.T48QTL.2018355T035141.v2.0.NDVI.tif,S30,T48QTL,2018-12-21,2018355,035141
/home/ec2-user/ndvi_sqs_work/yunnan/raw/HLS-VI.S30.T48QTM.2018355T035141.v2.0.NDVI.tif,HLS-VI.S30.T48QTM.2018355T035141.v2.0.NDVI.tif,S30,T48QTM,2018-12-21,2018355,035141
/home/ec2-user/ndvi_sqs_work/yunnan/raw/HLS-VI.S30.T48RTN.2018355T035141.v2.0.NDVI.tif,HLS-VI.S30.T48RTN.2018355T035141.v2.0.NDVI.tif,S30,T48RTN,2018-12-21,2018355,035141
/home/ec2-user/ndvi_sqs_work/yunnan/raw/HLS-VI.S30.T48RTP.2018355T035141.v2.0.NDVI.tif,HLS-VI.S30.T48RTP.2018355T035141.v2.0.NDVI.tif,S30,T48RTP,2018-12-21,2018355,035141
/home/ec2-user/ndvi_sqs_work/yunnan/raw/HLS-VI.S30.T48RTQ.2018355T035141.v2.0.NDVI.tif,HLS-VI.S30.T48RTQ.2018355T035141.v2.0.NDVI.tif,S30,T48RTQ,2018-12-21,2018355,035141
/home/ec2-user/ndvi_sqs_work/yunnan/raw/HLS-VI.S30.T48RUQ.2018355T035141.v2.0.NDVI.tif,HLS-VI.S30.T48RUQ.2018355T035141.v2.0.NDVI.tif,S30,T48RUQ,2018-12-21,2018355,035141
/home/ec2-user/ndvi_sqs_work/yunnan/raw/HLS-VI.S30.T47QQD.2018357T034149.v2.0.NDVI.tif,HLS-VI.S30.T47QQD.2018357T034149.v2.0.NDVI.tif,S30,T47QQD,2018-12-23,2018357,034149
/home/ec2-user/ndvi_sqs_work/yunnan/raw/HLS-VI.S30.T47RRH.2018357T034149.v2.0.NDVI.tif,HLS-VI.S30.T47RRH.2018357T034149.v2.0.NDVI.tif,S30,T47RRH,2018-12-23,2018357,034149
/home/ec2-user/ndvi_sqs_work/yunnan/raw/HLS-VI.S30.T48RTN.2018357T034149.v2.0.NDVI.tif,HLS-VI.S30.T48RTN.2018357T034149.v2.0.NDVI.tif,S30,T48RTN,2018-12-23,2018357,034149
/home/ec2-user/ndvi_sqs_work/yunnan/raw/HLS-VI.S30.T48RTP.2018357T034149.v2.0.NDVI.tif,HLS-VI.S30.T48RTP.2018357T034149.v2.0.NDVI.tif,S30,T48RTP,2018-12-23,2018357,034149
/home/ec2-user/ndvi_sqs_work/yunnan/raw/HLS-VI.S30.T48RTQ.2018357T034149.v2.0.NDVI.tif,HLS-VI.S30.T48RTQ.2018357T034149.v2.0.NDVI.tif,S30,T48RTQ,2018-12-23,2018357,034149
/home/ec2-user/ndvi_sqs_work/yunnan/raw/HLS-VI.S30.T47QNF.2018358T040151.v2.0.NDVI.tif,HLS-VI.S30.T47QNF.2018358T040151.v2.0.NDVI.tif,S30,T47QNF,2018-12-24,2018358,040151
/home/ec2-user/ndvi_sqs_work/yunnan/raw/HLS-VI.S30.T47QNG.2018358T040151.v2.0.NDVI.tif,HLS-VI.S30.T47QNG.2018358T040151.v2.0.NDVI.tif,S30,T47QNG,2018-12-24,2018358,040151
/home/ec2-user/ndvi_sqs_work/yunnan/raw/HLS-VI.S30.T47RLH.2018358T040151.v2.0.NDVI.tif,HLS-VI.S30.T47RLH.2018358T040151.v2.0.NDVI.tif,S30,T47RLH,2018-12-24,2018358,040151
/home/ec2-user/ndvi_sqs_work/yunnan/raw/HLS-VI.S30.T47RLJ.2018358T040151.v2.0.NDVI.tif,HLS-VI.S30.T47RLJ.2018358T040151.v2.0.NDVI.tif,S30,T47RLJ,2018-12-24,2018358,040151
/home/ec2-user/ndvi_sqs_work/yunnan/raw/HLS-VI.S30.T47RMH.2018358T040151.v2.0.NDVI.tif,HLS-VI.S30.T47RMH.2018358T040151.v2.0.NDVI.tif,S30,T47RMH,2018-12-24,2018358,040151
/home/ec2-user/ndvi_sqs_work/yunnan/raw/HLS-VI.S30.T47RNH.2018358T040151.v2.0.NDVI.tif,HLS-VI.S30.T47RNH.2018358T040151.v2.0.NDVI.tif,S30,T47RNH,2018-12-24,2018358,040151
/home/ec2-user/ndvi_sqs_work/yunnan/raw/HLS-VI.S30.T47RNJ.2018358T040151.v2.0.NDVI.tif,HLS-VI.S30.T47RNJ.2018358T040151.v2.0.NDVI.tif,S30,T47RNJ,2018-12-24,2018358,040151
/home/ec2-user/ndvi_sqs_work/yunnan/raw/HLS-VI.S30.T47RPH.2018358T040151.v2.0.NDVI.tif,HLS-VI.S30.T47RPH.2018358T040151.v2.0.NDVI.tif,S30,T47RPH,2018-12-24,2018358,040151
/home/ec2-user/ndvi_sqs_work/yunnan/raw/HLS-VI.S30.T47RPJ.2018358T040151.v2.0.NDVI.tif,HLS-VI.S30.T47RPJ.2018358T040151.v2.0.NDVI.tif,S30,T47RPJ,2018-12-24,2018358,040151
/home/ec2-user/ndvi_sqs_work/yunnan/raw/HLS-VI.S30.T47RPK.2018358T040151.v2.0.NDVI.tif,HLS-VI.S30.T47RPK.2018358T040151.v2.0.NDVI.tif,S30,T47RPK,2018-12-24,2018358,040151
/home/ec2-user/ndvi_sqs_work/yunnan/raw/HLS-VI.S30.T47QNF.2018360T035149.v2.0.NDVI.tif,HLS-VI.S30.T47QNF.2018360T035149.v2.0.NDVI.tif,S30,T47QNF,2018-12-26,2018360,035149
/home/ec2-user/ndvi_sqs_work/yunnan/raw/HLS-VI.S30.T47QNG.2018360T035149.v2.0.NDVI.tif,HLS-VI.S30.T47QNG.2018360T035149.v2.0.NDVI.tif,S30,T47QNG,2018-12-26,2018360,035149
/home/ec2-user/ndvi_sqs_work/yunnan/raw/HLS-VI.S30.T47QQG.2018360T035149.v2.0.NDVI.tif,HLS-VI.S30.T47QQG.2018360T035149.v2.0.NDVI.tif,S30,T47QQG,2018-12-26,2018360,035149
/home/ec2-user/ndvi_sqs_work/yunnan/raw/HLS-VI.S30.T47QRG.2018360T035149.v2.0.NDVI.tif,HLS-VI.S30.T47QRG.2018360T035149.v2.0.NDVI.tif,S30,T47QRG,2018-12-26,2018360,035149
/home/ec2-user/ndvi_sqs_work/yunnan/raw/HLS-VI.S30.T47RNH.2018360T035149.v2.0.NDVI.tif,HLS-VI.S30.T47RNH.2018360T035149.v2.0.NDVI.tif,S30,T47RNH,2018-12-26,2018360,035149
/home/ec2-user/ndvi_sqs_work/yunnan/raw/HLS-VI.S30.T47RPH.2018360T035149.v2.0.NDVI.tif,HLS-VI.S30.T47RPH.2018360T035149.v2.0.NDVI.tif,S30,T47RPH,2018-12-26,2018360,035149
/home/ec2-user/ndvi_sqs_work/yunnan/raw/HLS-VI.S30.T47RPJ.2018360T035149.v2.0.NDVI.tif,HLS-VI.S30.T47RPJ.2018360T035149.v2.0.NDVI.tif,S30,T47RPJ,2018-12-26,2018360,035149
/home/ec2-user/ndvi_sqs_work/yunnan/raw/HLS-VI.S30.T47RPK.2018360T035149.v2.0.NDVI.tif,HLS-VI.S30.T47RPK.2018360T035149.v2.0.NDVI.tif,S30,T47RPK,2018-12-26,2018360,035149
/home/ec2-user/ndvi_sqs_work/yunnan/raw/HLS-VI.S30.T47RQH.2018360T035149.v2.0.NDVI.tif,HLS-VI.S30.T47RQH.2018360T035149.v2.0.NDVI.tif,S30,T47RQH,2018-12-26,2018360,035149
/home/ec2-user/ndvi_sqs_work/yunnan/raw/HLS-VI.S30.T47RQJ.2018360T035149.v2.0.NDVI.tif,HLS-VI.S30.T47RQJ.2018360T035149.v2.0.NDVI.tif,S30,T47RQJ,2018-12-26,2018360,035149
/home/ec2-user/ndvi_sqs_work/yunnan/raw/HLS-VI.S30.T47RQK.2018360T035149.v2.0.NDVI.tif,HLS-VI.S30.T47RQK.2018360T035149.v2.0.NDVI.tif,S30,T47RQK,2018-12-26,2018360,035149
/home/ec2-user/ndvi_sqs_work/yunnan/raw/HLS-VI.S30.T47RQL.2018360T035149.v2.0.NDVI.tif,HLS-VI.S30.T47RQL.2018360T035149.v2.0.NDVI.tif,S30,T47RQL,2018-12-26,2018360,035149
/home/ec2-user/ndvi_sqs_work/yunnan/raw/HLS-VI.S30.T47RRH.2018360T035149.v2.0.NDVI.tif,HLS-VI.S30.T47RRH.2018360T035149.v2.0.NDVI.tif,S30,T47RRH,2018-12-26,2018360,035149
/home/ec2-user/ndvi_sqs_work/yunnan/raw/HLS-VI.S30.T47RRJ.2018360T035149.v2.0.NDVI.tif,HLS-VI.S30.T47RRJ.2018360T035149.v2.0.NDVI.tif,S30,T47RRJ,2018-12-26,2018360,035149
/home/ec2-user/ndvi_sqs_work/yunnan/raw/HLS-VI.S30.T48QTL.2018360T035149.v2.0.NDVI.tif,HLS-VI.S30.T48QTL.2018360T035149.v2.0.NDVI.tif,S30,T48QTL,2018-12-26,2018360,035149
/home/ec2-user/ndvi_sqs_work/yunnan/raw/HLS-VI.S30.T48QTM.2018360T035149.v2.0.NDVI.tif,HLS-VI.S30.T48QTM.2018360T035149.v2.0.NDVI.tif,S30,T48QTM,2018-12-26,2018360,035149
/home/ec2-user/ndvi_sqs_work/yunnan/raw/HLS-VI.S30.T48RTN.2018360T035149.v2.0.NDVI.tif,HLS-VI.S30.T48RTN.2018360T035149.v2.0.NDVI.tif,S30,T48RTN,2018-12-26,2018360,035149
/home/ec2-user/ndvi_sqs_work/yunnan/raw/HLS-VI.S30.T48RTP.2018360T035149.v2.0.NDVI.tif,HLS-VI.S30.T48RTP.2018360T035149.v2.0.NDVI.tif,S30,T48RTP,2018-12-26,2018360,035149
/home/ec2-user/ndvi_sqs_work/yunnan/raw/HLS-VI.S30.T48RTQ.2018360T035149.v2.0.NDVI.tif,HLS-VI.S30.T48RTQ.2018360T035149.v2.0.NDVI.tif,S30,T48RTQ,2018-12-26,2018360,035149
/home/ec2-user/ndvi_sqs_work/yunnan/raw/HLS-VI.S30.T48RUQ.2018360T035149.v2.0.NDVI.tif,HLS-VI.S30.T48RUQ.2018360T035149.v2.0.NDVI.tif,S30,T48RUQ,2018-12-26,2018360,035149
/home/ec2-user/ndvi_sqs_work/yunnan/raw/HLS-VI.S30.T47RPK.2018365T035141.v2.0.NDVI.tif,HLS-VI.S30.T47RPK.2018365T035141.v2.0.NDVI.tif,S30,T47RPK,2018-12-31,2018365,035141
/home/ec2-user/ndvi_sqs_work/yunnan/raw/HLS-VI.S30.T47RQJ.2018365T035141.v2.0.NDVI.tif,HLS-VI.S30.T47RQJ.2018365T035141.v2.0.NDVI.tif,S30,T47RQJ,2018-12-31,2018365,035141
/home/ec2-user/ndvi_sqs_work/yunnan/raw/HLS-VI.S30.T47RQK.2018365T035141.v2.0.NDVI.tif,HLS-VI.S30.T47RQK.2018365T035141.v2.0.NDVI.tif,S30,T47RQK,2018-12-31,2018365,035141
/home/ec2-user/ndvi_sqs_work/yunnan/raw/HLS-VI.S30.T47RQL.2018365T035141.v2.0.NDVI.tif,HLS-VI.S30.T47RQL.2018365T035141.v2.0.NDVI.tif,S30,T47RQL,2018-12-31,2018365,035141
/home/ec2-user/ndvi_sqs_work/yunnan/raw/HLS-VI.S30.T47RRJ.2018365T035141.v2.0.NDVI.tif,HLS-VI.S30.T47RRJ.2018365T035141.v2.0.NDVI.tif,S30,T47RRJ,2018-12-31,2018365,035141
/home/ec2-user/ndvi_sqs_work/yunnan/raw/HLS-VI.S30.T48RTP.2018365T035141.v2.0.NDVI.tif,HLS-VI.S30.T48RTP.2018365T035141.v2.0.NDVI.tif,S30,T48RTP,2018-12-31,2018365,035141
