path,filename,sensor,tile,date,julian_date,hms,raster_crs,raster_left,raster_bottom,raster_right,raster_top,intersects_target
/home/ec2-user/ndvi_sqs_work/shanxi/raw/HLS-VI.S30.T49SDA.2018001T032119.v2.0.NDVI.tif,HLS-VI.S30.T49SDA.2018001T032119.v2.0.NDVI.tif,S30,T49SDA,2018-01-01,2018001,032119,EPSG:32649,399960.0,3990240.0,509760.0,4100040.0,True
/home/ec2-user/ndvi_sqs_work/shanxi/raw/HLS-VI.S30.T49SDB.2018001T032119.v2.0.NDVI.tif,HLS-VI.S30.T49SDB.2018001T032119.v2.0.NDVI.tif,S30,T49SDB,2018-01-01,2018001,032119,EPSG:32649,399960.0,4090200.0,509760.0,4200000.0,True
/home/ec2-user/ndvi_sqs_work/shanxi/raw/HLS-VI.S30.T49SDC.2018001T032119.v2.0.NDVI.tif,HLS-VI.S30.T49SDC.2018001T032119.v2.0.NDVI.tif,S30,T49SDC,2018-01-01,2018001,032119,EPSG:32649,399960.0,4190220.0,509760.0,4300020.0,True
/home/ec2-user/ndvi_sqs_work/shanxi/raw/HLS-VI.S30.T49SED.2018001T032119.v2.0.NDVI.tif,HLS-VI.S30.T49SED.2018001T032119.v2.0.NDVI.tif,S30,T49SED,2018-01-01,2018001,032119,EPSG:32649,499980.0,4290240.0,609780.0,4400040.0,True
/home/ec2-user/ndvi_sqs_work/shanxi/raw/HLS-VI.S30.T49SFA.2018001T032119.v2.0.NDVI.tif,HLS-VI.S30.T49SFA.2018001T032119.v2.0.NDVI.tif,S30,T49SFA,2018-01-01,2018001,032119,EPSG:32649,600000.0,3990240.0,709800.0,4100040.0,True
/home/ec2-user/ndvi_sqs_work/shanxi/raw/HLS-VI.S30.T49SFC.2018001T032119.v2.0.NDVI.tif,HLS-VI.S30.T49SFC.2018001T032119.v2.0.NDVI.tif,S30,T49SFC,2018-01-01,2018001,032119,EPSG:32649,600000.0,4190220.0,709800.0,4300020.0,True
/home/ec2-user/ndvi_sqs_work/shanxi/raw/HLS-VI.S30.T49SFD.2018001T032119.v2.0.NDVI.tif,HLS-VI.S30.T49SFD.2018001T032119.v2.0.NDVI.tif,S30,T49SFD,2018-01-01,2018001,032119,EPSG:32649,600000.0,4290240.0,709800.0,4400040.0,True
/home/ec2-user/ndvi_sqs_work/shanxi/raw/HLS-VI.S30.T49SGA.2018001T032119.v2.0.NDVI.tif,HLS-VI.S30.T49SGA.2018001T032119.v2.0.NDVI.tif,S30,T49SGA,2018-01-01,2018001,032119,EPSG:32649,699960.0,3990240.0,809760.0,4100040.0,True
/home/ec2-user/ndvi_sqs_work/shanxi/raw/HLS-VI.S30.T49SGB.2018001T032119.v2.0.NDVI.tif,HLS-VI.S30.T49SGB.2018001T032119.v2.0.NDVI.tif,S30,T49SGB,2018-01-01,2018001,032119,EPSG:32649,699960.0,4090200.0,809760.0,4200000.0,True
/home/ec2-user/ndvi_sqs_work/shanxi/raw/HLS-VI.S30.T49TEE.2018001T032119.v2.0.NDVI.tif,HLS-VI.S30.T49TEE.2018001T032119.v2.0.NDVI.tif,S30,T49TEE,2018-01-01,2018001,032119,EPSG:32649,499980.0,4390200.0,609780.0,4500000.0,True
/home/ec2-user/ndvi_sqs_work/shanxi/raw/HLS-VI.S30.T49TFE.2018001T032119.v2.0.NDVI.tif,HLS-VI.S30.T49TFE.2018001T032119.v2.0.NDVI.tif,S30,T49TFE,2018-01-01,2018001,032119,EPSG:32649,600000.0,4390200.0,709800.0,4500000.0,True
/home/ec2-user/ndvi_sqs_work/shanxi/raw/HLS-VI.S30.T49TGE.2018001T032119.v2.0.NDVI.tif,HLS-VI.S30.T49TGE.2018001T032119.v2.0.NDVI.tif,S30,T49TGE,2018-01-01,2018001,032119,EPSG:32649,699960.0,4390200.0,809760.0,4500000.0,True
/home/ec2-user/ndvi_sqs_work/shanxi/raw/HLS-VI.S30.T50SKG.2018001T032119.v2.0.NDVI.tif,HLS-VI.S30.T50SKG.2018001T032119.v2.0.NDVI.tif,S30,T50SKG,2018-01-01,2018001,032119,EPSG:32650,199980.0,4090200.0,309780.0,4200000.0,True
/home/ec2-user/ndvi_sqs_work/shanxi/raw/HLS-VI.S30.T50SKH.2018001T032119.v2.0.NDVI.tif,HLS-VI.S30.T50SKH.2018001T032119.v2.0.NDVI.tif,S30,T50SKH,2018-01-01,2018001,032119,EPSG:32650,199980.0,4190220.0,309780.0,4300020.0,True
/home/ec2-user/ndvi_sqs_work/shanxi/raw/HLS-VI.S30.T50TKK.2018001T032119.v2.0.NDVI.tif,HLS-VI.S30.T50TKK.2018001T032119.v2.0.NDVI.tif,S30,T50TKK,2018-01-01,2018001,032119,EPSG:32650,199980.0,4390200.0,309780.0,4500000.0,True
/home/ec2-user/ndvi_sqs_work/shanxi/raw/HLS-VI.S30.T49SDV.2018011T032109.v2.0.NDVI.tif,HLS-VI.S30.T49SDV.2018011T032109.v2.0.NDVI.tif,S30,T49SDV,2018-01-11,2018011,032109,EPSG:32649,399960.0,3890220.0,509760.0,4000020.0,True
/home/ec2-user/ndvi_sqs_work/shanxi/raw/HLS-VI.S30.T49SEU.2018011T032109.v2.0.NDVI.tif,HLS-VI.S30.T49SEU.2018011T032109.v2.0.NDVI.tif,S30,T49SEU,2018-01-11,2018011,032109,EPSG:32649,499980.0,3790200.0,609780.0,3900000.0,True
/home/ec2-user/ndvi_sqs_work/shanxi/raw/HLS-VI.S30.T49SFU.2018011T032109.v2.0.NDVI.tif,HLS-VI.S30.T49SFU.2018011T032109.v2.0.NDVI.tif,S30,T49SFU,2018-01-11,2018011,032109,EPSG:32649,600000.0,3790200.0,709800.0,3900000.0,True
/home/ec2-user/ndvi_sqs_work/shanxi/raw/HLS-VI.S30.T49SFB.2018013T031101.v2.0.NDVI.tif,HLS-VI.S30.T49SFB.2018013T031101.v2.0.NDVI.tif,S30,T49SFB,2018-01-13,2018013,031101,EPSG:32649,600000.0,4090200.0,709800.0,4200000.0,True
/home/ec2-user/ndvi_sqs_work/shanxi/raw/HLS-VI.S30.T49SFC.2018013T031101.v2.0.NDVI.tif,HLS-VI.S30.T49SFC.2018013T031101.v2.0.NDVI.tif,S30,T49SFC,2018-01-13,2018013,031101,EPSG:32649,600000.0,4190220.0,709800.0,4300020.0,True
/home/ec2-user/ndvi_sqs_work/shanxi/raw/HLS-VI.S30.T49SDA.2018014T033059.v2.0.NDVI.tif,HLS-VI.S30.T49SDA.2018014T033059.v2.0.NDVI.tif,S30,T49SDA,2018-01-14,2018014,033059,EPSG:32649,399960.0,3990240.0,509760.0,4100040.0,True
/home/ec2-user/ndvi_sqs_work/shanxi/raw/HLS-VI.S30.T49SEA.2018014T033059.v2.0.NDVI.tif,HLS-VI.S30.T49SEA.2018014T033059.v2.0.NDVI.tif,S30,T49SEA,2018-01-14,2018014,033059,EPSG:32649,499980.0,3990240.0,609780.0,4100040.0,True
/home/ec2-user/ndvi_sqs_work/shanxi/raw/HLS-VI.S30.T49SDA.2018019T033041.v2.0.NDVI.tif,HLS-VI.S30.T49SDA.2018019T033041.v2.0.NDVI.tif,S30,T49SDA,2018-01-19,2018019,033041,EPSG:32649,399960.0,3990240.0,509760.0,4100040.0,True
/home/ec2-user/ndvi_sqs_work/shanxi/raw/HLS-VI.S30.T49SDB.2018019T033041.v2.0.NDVI.tif,HLS-VI.S30.T49SDB.2018019T033041.v2.0.NDVI.tif,S30,T49SDB,2018-01-19,2018019,033041,EPSG:32649,399960.0,4090200.0,509760.0,4200000.0,True
/home/ec2-user/ndvi_sqs_work/shanxi/raw/HLS-VI.S30.T49SDC.2018019T033041.v2.0.NDVI.tif,HLS-VI.S30.T49SDC.2018019T033041.v2.0.NDVI.tif,S30,T49SDC,2018-01-19,2018019,033041,EPSG:32649,399960.0,4190220.0,509760.0,4300020.0,True
/home/ec2-user/ndvi_sqs_work/shanxi/raw/HLS-VI.S30.T49SFB.2018023T031621.v2.0.NDVI.tif,HLS-VI.S30.T49SFB.2018023T031621.v2.0.NDVI.tif,S30,T49SFB,2018-01-23,2018023,031621,EPSG:32649,600000.0,4090200.0,709800.0,4200000.0,True
/home/ec2-user/ndvi_sqs_work/shanxi/raw/HLS-VI.S30.T49SDC.2018031T031949.v2.0.NDVI.tif,HLS-VI.S30.T49SDC.2018031T031949.v2.0.NDVI.tif,S30,T49SDC,2018-01-31,2018031,031949,EPSG:32649,399960.0,4190220.0,509760.0,4300020.0,True
/home/ec2-user/ndvi_sqs_work/shanxi/raw/HLS-VI.S30.T49SFU.2018031T031949.v2.0.NDVI.tif,HLS-VI.S30.T49SFU.2018031T031949.v2.0.NDVI.tif,S30,T49SFU,2018-01-31,2018031,031949,EPSG:32649,600000.0,3790200.0,709800.0,3900000.0,True
/home/ec2-user/ndvi_sqs_work/shanxi/raw/HLS-VI.S30.T49SGC.2018031T031949.v2.0.NDVI.tif,HLS-VI.S30.T49SGC.2018031T031949.v2.0.NDVI.tif,S30,T49SGC,2018-01-31,2018031,031949,EPSG:32649,699960.0,4190220.0,809760.0,4300020.0,True
/home/ec2-user/ndvi_sqs_work/shanxi/raw/HLS-VI.S30.T50SKH.2018031T031949.v2.0.NDVI.tif,HLS-VI.S30.T50SKH.2018031T031949.v2.0.NDVI.tif,S30,T50SKH,2018-01-31,2018031,031949,EPSG:32650,199980.0,4190220.0,309780.0,4300020.0,True
/home/ec2-user/ndvi_sqs_work/shanxi/raw/HLS-VI.S30.T49SDB.2018034T032939.v2.0.NDVI.tif,HLS-VI.S30.T49SDB.2018034T032939.v2.0.NDVI.tif,S30,T49SDB,2018-02-03,2018034,032939,EPSG:32649,399960.0,4090200.0,509760.0,4200000.0,True
/home/ec2-user/ndvi_sqs_work/shanxi/raw/HLS-VI.S30.T49SDC.2018034T032939.v2.0.NDVI.tif,HLS-VI.S30.T49SDC.2018034T032939.v2.0.NDVI.tif,S30,T49SDC,2018-02-03,2018034,032939,EPSG:32649,399960.0,4190220.0,509760.0,4300020.0,True
/home/ec2-user/ndvi_sqs_work/shanxi/raw/HLS-VI.S30.T49SFB.2018038T030859.v2.0.NDVI.tif,HLS-VI.S30.T49SFB.2018038T030859.v2.0.NDVI.tif,S30,T49SFB,2018-02-07,2018038,030859,EPSG:32649,600000.0,4090200.0,709800.0,4200000.0,True
/home/ec2-user/ndvi_sqs_work/shanxi/raw/HLS-VI.S30.T49SFV.2018038T030859.v2.0.NDVI.tif,HLS-VI.S30.T49SFV.2018038T030859.v2.0.NDVI.tif,S30,T49SFV,2018-02-07,2018038,030859,EPSG:32649,600000.0,3890220.0,709800.0,4000020.0,True
/home/ec2-user/ndvi_sqs_work/shanxi/raw/HLS-VI.S30.T49SGB.2018038T030859.v2.0.NDVI.tif,HLS-VI.S30.T49SGB.2018038T030859.v2.0.NDVI.tif,S30,T49SGB,2018-02-07,2018038,030859,EPSG:32649,699960.0,4090200.0,809760.0,4200000.0,True
/home/ec2-user/ndvi_sqs_work/shanxi/raw/HLS-VI.S30.T50SKE.2018038T030859.v2.0.NDVI.tif,HLS-VI.S30.T50SKE.2018038T030859.v2.0.NDVI.tif,S30,T50SKE,2018-02-07,2018038,030859,EPSG:32650,199980.0,3890220.0,309780.0,4000020.0,True
/home/ec2-user/ndvi_sqs_work/shanxi/raw/HLS-VI.S30.T50SKF.2018038T030859.v2.0.NDVI.tif,HLS-VI.S30.T50SKF.2018038T030859.v2.0.NDVI.tif,S30,T50SKF,2018-02-07,2018038,030859,EPSG:32650,199980.0,3990240.0,309780.0,4100040.0,True
/home/ec2-user/ndvi_sqs_work/shanxi/raw/HLS-VI.S30.T50SKG.2018038T030859.v2.0.NDVI.tif,HLS-VI.S30.T50SKG.2018038T030859.v2.0.NDVI.tif,S30,T50SKG,2018-02-07,2018038,030859,EPSG:32650,199980.0,4090200.0,309780.0,4200000.0,True
/home/ec2-user/ndvi_sqs_work/shanxi/raw/HLS-VI.S30.T49SDU.2018039T032911.v2.0.NDVI.tif,HLS-VI.S30.T49SDU.2018039T032911.v2.0.NDVI.tif,S30,T49SDU,2018-02-08,2018039,032911,EPSG:32649,399960.0,3790200.0,509760.0,3900000.0,True
/home/ec2-user/ndvi_sqs_work/shanxi/raw/HLS-VI.S30.T49SDV.2018039T032911.v2.0.NDVI.tif,HLS-VI.S30.T49SDV.2018039T032911.v2.0.NDVI.tif,S30,T49SDV,2018-02-08,2018039,032911,EPSG:32649,399960.0,3890220.0,509760.0,4000020.0,True
/home/ec2-user/ndvi_sqs_work/shanxi/raw/HLS-VI.S30.T49SFB.2018043T030831.v2.0.NDVI.tif,HLS-VI.S30.T49SFB.2018043T030831.v2.0.NDVI.tif,S30,T49SFB,2018-02-12,2018043,030831,EPSG:32649,600000.0,4090200.0,709800.0,4200000.0,True
/home/ec2-user/ndvi_sqs_work/shanxi/raw/HLS-VI.S30.T49SFC.2018043T030831.v2.0.NDVI.tif,HLS-VI.S30.T49SFC.2018043T030831.v2.0.NDVI.tif,S30,T49SFC,2018-02-12,2018043,030831,EPSG:32649,600000.0,4190220.0,709800.0,4300020.0,True
/home/ec2-user/ndvi_sqs_work/shanxi/raw/HLS-VI.S30.T49SFV.2018043T030831.v2.0.NDVI.tif,HLS-VI.S30.T49SFV.2018043T030831.v2.0.NDVI.tif,S30,T49SFV,2018-02-12,2018043,030831,EPSG:32649,600000.0,3890220.0,709800.0,4000020.0,True
/home/ec2-user/ndvi_sqs_work/shanxi/raw/HLS-VI.S30.T49SGB.2018043T030831.v2.0.NDVI.tif,HLS-VI.S30.T49SGB.2018043T030831.v2.0.NDVI.tif,S30,T49SGB,2018-02-12,2018043,030831,EPSG:32649,699960.0,4090200.0,809760.0,4200000.0,True
/home/ec2-user/ndvi_sqs_work/shanxi/raw/HLS-VI.S30.T49SGC.2018043T030831.v2.0.NDVI.tif,HLS-VI.S30.T49SGC.2018043T030831.v2.0.NDVI.tif,S30,T49SGC,2018-02-12,2018043,030831,EPSG:32649,699960.0,4190220.0,809760.0,4300020.0,True
/home/ec2-user/ndvi_sqs_work/shanxi/raw/HLS-VI.S30.T50SKE.2018043T030831.v2.0.NDVI.tif,HLS-VI.S30.T50SKE.2018043T030831.v2.0.NDVI.tif,S30,T50SKE,2018-02-12,2018043,030831,EPSG:32650,199980.0,3890220.0,309780.0,4000020.0,True
/home/ec2-user/ndvi_sqs_work/shanxi/raw/HLS-VI.S30.T50SKF.2018043T030831.v2.0.NDVI.tif,HLS-VI.S30.T50SKF.2018043T030831.v2.0.NDVI.tif,S30,T50SKF,2018-02-12,2018043,030831,EPSG:32650,199980.0,3990240.0,309780.0,4100040.0,True
/home/ec2-user/ndvi_sqs_work/shanxi/raw/HLS-VI.S30.T50SKG.2018043T030831.v2.0.NDVI.tif,HLS-VI.S30.T50SKG.2018043T030831.v2.0.NDVI.tif,S30,T50SKG,2018-02-12,2018043,030831,EPSG:32650,199980.0,4090200.0,309780.0,4200000.0,True
/home/ec2-user/ndvi_sqs_work/shanxi/raw/HLS-VI.S30.T50SKH.2018043T030831.v2.0.NDVI.tif,HLS-VI.S30.T50SKH.2018043T030831.v2.0.NDVI.tif,S30,T50SKH,2018-02-12,2018043,030831,EPSG:32650,199980.0,4190220.0,309780.0,4300020.0,True
/home/ec2-user/ndvi_sqs_work/shanxi/raw/HLS-VI.S30.T49SDA.2018044T032829.v2.0.NDVI.tif,HLS-VI.S30.T49SDA.2018044T032829.v2.0.NDVI.tif,S30,T49SDA,2018-02-13,2018044,032829,EPSG:32649,399960.0,3990240.0,509760.0,4100040.0,True
/home/ec2-user/ndvi_sqs_work/shanxi/raw/HLS-VI.S30.T49SDB.2018044T032829.v2.0.NDVI.tif,HLS-VI.S30.T49SDB.2018044T032829.v2.0.NDVI.tif,S30,T49SDB,2018-02-13,2018044,032829,EPSG:32649,399960.0,4090200.0,509760.0,4200000.0,True
/home/ec2-user/ndvi_sqs_work/shanxi/raw/HLS-VI.S30.T49SDC.2018044T032829.v2.0.NDVI.tif,HLS-VI.S30.T49SDC.2018044T032829.v2.0.NDVI.tif,S30,T49SDC,2018-02-13,2018044,032829,EPSG:32649,399960.0,4190220.0,509760.0,4300020.0,True
/home/ec2-user/ndvi_sqs_work/shanxi/raw/HLS-VI.S30.T49SDD.2018044T032829.v2.0.NDVI.tif,HLS-VI.S30.T49SDD.2018044T032829.v2.0.NDVI.tif,S30,T49SDD,2018-02-13,2018044,032829,EPSG:32649,399960.0,4290240.0,509760.0,4400040.0,True
/home/ec2-user/ndvi_sqs_work/shanxi/raw/HLS-VI.S30.T49SED.2018044T032829.v2.0.NDVI.tif,HLS-VI.S30.T49SED.2018044T032829.v2.0.NDVI.tif,S30,T49SED,2018-02-13,2018044,032829,EPSG:32649,499980.0,4290240.0,609780.0,4400040.0,True
/home/ec2-user/ndvi_sqs_work/shanxi/raw/HLS-VI.S30.T49SDD.2018046T031821.v2.0.NDVI.tif,HLS-VI.S30.T49SDD.2018046T031821.v2.0.NDVI.tif,S30,T49SDD,2018-02-15,2018046,031821,EPSG:32649,399960.0,4290240.0,509760.0,4400040.0,True
/home/ec2-user/ndvi_sqs_work/shanxi/raw/HLS-VI.S30.T49SDD.2018049T032801.v2.0.NDVI.tif,HLS-VI.S30.T49SDD.2018049T032801.v2.0.NDVI.tif,S30,T49SDD,2018-02-18,2018049,032801,EPSG:32649,399960.0,4290240.0,509760.0,4400040.0,True
/home/ec2-user/ndvi_sqs_work/shanxi/raw/HLS-VI.S30.T49SED.2018049T032801.v2.0.NDVI.tif,HLS-VI.S30.T49SED.2018049T032801.v2.0.NDVI.tif,S30,T49SED,2018-02-18,2018049,032801,EPSG:32649,499980.0,4290240.0,609780.0,4400040.0,True
/home/ec2-user/ndvi_sqs_work/shanxi/raw/HLS-VI.S30.T49TEE.2018049T032801.v2.0.NDVI.tif,HLS-VI.S30.T49TEE.2018049T032801.v2.0.NDVI.tif,S30,T49TEE,2018-02-18,2018049,032801,EPSG:32649,499980.0,4390200.0,609780.0,4500000.0,True
/home/ec2-user/ndvi_sqs_work/shanxi/raw/HLS-VI.S30.T49SFB.2018053T030731.v2.0.NDVI.tif,HLS-VI.S30.T49SFB.2018053T030731.v2.0.NDVI.tif,S30,T49SFB,2018-02-22,2018053,030731,EPSG:32649,600000.0,4090200.0,709800.0,4200000.0,True
/home/ec2-user/ndvi_sqs_work/shanxi/raw/HLS-VI.S30.T49SGA.2018053T030731.v2.0.NDVI.tif,HLS-VI.S30.T49SGA.2018053T030731.v2.0.NDVI.tif,S30,T49SGA,2018-02-22,2018053,030731,EPSG:32649,699960.0,3990240.0,809760.0,4100040.0,True
/home/ec2-user/ndvi_sqs_work/shanxi/raw/HLS-VI.S30.T49SGB.2018053T030731.v2.0.NDVI.tif,HLS-VI.S30.T49SGB.2018053T030731.v2.0.NDVI.tif,S30,T49SGB,2018-02-22,2018053,030731,EPSG:32649,699960.0,4090200.0,809760.0,4200000.0,True
/home/ec2-user/ndvi_sqs_work/shanxi/raw/HLS-VI.S30.T50SKF.2018053T030731.v2.0.NDVI.tif,HLS-VI.S30.T50SKF.2018053T030731.v2.0.NDVI.tif,S30,T50SKF,2018-02-22,2018053,030731,EPSG:32650,199980.0,3990240.0,309780.0,4100040.0,True
/home/ec2-user/ndvi_sqs_work/shanxi/raw/HLS-VI.S30.T50SKG.2018053T030731.v2.0.NDVI.tif,HLS-VI.S30.T50SKG.2018053T030731.v2.0.NDVI.tif,S30,T50SKG,2018-02-22,2018053,030731,EPSG:32650,199980.0,4090200.0,309780.0,4200000.0,True
/home/ec2-user/ndvi_sqs_work/shanxi/raw/HLS-VI.S30.T49SDB.2018054T032729.v2.0.NDVI.tif,HLS-VI.S30.T49SDB.2018054T032729.v2.0.NDVI.tif,S30,T49SDB,2018-02-23,2018054,032729,EPSG:32649,399960.0,4090200.0,509760.0,4200000.0,True
/home/ec2-user/ndvi_sqs_work/shanxi/raw/HLS-VI.S30.T49SEA.2018054T032729.v2.0.NDVI.tif,HLS-VI.S30.T49SEA.2018054T032729.v2.0.NDVI.tif,S30,T49SEA,2018-02-23,2018054,032729,EPSG:32649,499980.0,3990240.0,609780.0,4100040.0,True
/home/ec2-user/ndvi_sqs_work/shanxi/raw/HLS-VI.S30.T49SDA.2018056T031711.v2.0.NDVI.tif,HLS-VI.S30.T49SDA.2018056T031711.v2.0.NDVI.tif,S30,T49SDA,2018-02-25,2018056,031711,EPSG:32649,399960.0,3990240.0,509760.0,4100040.0,True
/home/ec2-user/ndvi_sqs_work/shanxi/raw/HLS-VI.S30.T49SEA.2018056T031711.v2.0.NDVI.tif,HLS-VI.S30.T49SEA.2018056T031711.v2.0.NDVI.tif,S30,T49SEA,2018-02-25,2018056,031711,EPSG:32649,499980.0,3990240.0,609780.0,4100040.0,True
/home/ec2-user/ndvi_sqs_work/shanxi/raw/HLS-VI.S30.T49SEB.2018056T031711.v2.0.NDVI.tif,HLS-VI.S30.T49SEB.2018056T031711.v2.0.NDVI.tif,S30,T49SEB,2018-02-25,2018056,031711,EPSG:32649,499980.0,4090200.0,609780.0,4200000.0,True
/home/ec2-user/ndvi_sqs_work/shanxi/raw/HLS-VI.S30.T49SEU.2018056T031711.v2.0.NDVI.tif,HLS-VI.S30.T49SEU.2018056T031711.v2.0.NDVI.tif,S30,T49SEU,2018-02-25,2018056,031711,EPSG:32649,499980.0,3790200.0,609780.0,3900000.0,True
/home/ec2-user/ndvi_sqs_work/shanxi/raw/HLS-VI.S30.T49SEV.2018056T031711.v2.0.NDVI.tif,HLS-VI.S30.T49SEV.2018056T031711.v2.0.NDVI.tif,S30,T49SEV,2018-02-25,2018056,031711,EPSG:32649,499980.0,3890220.0,609780.0,4000020.0,True
/home/ec2-user/ndvi_sqs_work/shanxi/raw/HLS-VI.S30.T49SFA.2018056T031711.v2.0.NDVI.tif,HLS-VI.S30.T49SFA.2018056T031711.v2.0.NDVI.tif,S30,T49SFA,2018-02-25,2018056,031711,EPSG:32649,600000.0,3990240.0,709800.0,4100040.0,True
/home/ec2-user/ndvi_sqs_work/shanxi/raw/HLS-VI.S30.T49SFB.2018056T031711.v2.0.NDVI.tif,HLS-VI.S30.T49SFB.2018056T031711.v2.0.NDVI.tif,S30,T49SFB,2018-02-25,2018056,031711,EPSG:32649,600000.0,4090200.0,709800.0,4200000.0,True
/home/ec2-user/ndvi_sqs_work/shanxi/raw/HLS-VI.S30.T49SFC.2018056T031711.v2.0.NDVI.tif,HLS-VI.S30.T49SFC.2018056T031711.v2.0.NDVI.tif,S30,T49SFC,2018-02-25,2018056,031711,EPSG:32649,600000.0,4190220.0,709800.0,4300020.0,True
/home/ec2-user/ndvi_sqs_work/shanxi/raw/HLS-VI.S30.T49SFD.2018056T031711.v2.0.NDVI.tif,HLS-VI.S30.T49SFD.2018056T031711.v2.0.NDVI.tif,S30,T49SFD,2018-02-25,2018056,031711,EPSG:32649,600000.0,4290240.0,709800.0,4400040.0,True
/home/ec2-user/ndvi_sqs_work/shanxi/raw/HLS-VI.S30.T49SFU.2018056T031711.v2.0.NDVI.tif,HLS-VI.S30.T49SFU.2018056T031711.v2.0.NDVI.tif,S30,T49SFU,2018-02-25,2018056,031711,EPSG:32649,600000.0,3790200.0,709800.0,3900000.0,True
/home/ec2-user/ndvi_sqs_work/shanxi/raw/HLS-VI.S30.T49SGB.2018056T031711.v2.0.NDVI.tif,HLS-VI.S30.T49SGB.2018056T031711.v2.0.NDVI.tif,S30,T49SGB,2018-02-25,2018056,031711,EPSG:32649,699960.0,4090200.0,809760.0,4200000.0,True
/home/ec2-user/ndvi_sqs_work/shanxi/raw/HLS-VI.S30.T49SGC.2018056T031711.v2.0.NDVI.tif,HLS-VI.S30.T49SGC.2018056T031711.v2.0.NDVI.tif,S30,T49SGC,2018-02-25,2018056,031711,EPSG:32649,699960.0,4190220.0,809760.0,4300020.0,True
/home/ec2-user/ndvi_sqs_work/shanxi/raw/HLS-VI.S30.T49TGE.2018056T031711.v2.0.NDVI.tif,HLS-VI.S30.T49TGE.2018056T031711.v2.0.NDVI.tif,S30,T49TGE,2018-02-25,2018056,031711,EPSG:32649,699960.0,4390200.0,809760.0,4500000.0,True
/home/ec2-user/ndvi_sqs_work/shanxi/raw/HLS-VI.S30.T50TKK.2018056T031711.v2.0.NDVI.tif,HLS-VI.S30.T50TKK.2018056T031711.v2.0.NDVI.tif,S30,T50TKK,2018-02-25,2018056,031711,EPSG:32650,199980.0,4390200.0,309780.0,4500000.0,True
/home/ec2-user/ndvi_sqs_work/shanxi/raw/HLS-VI.S30.T49SDA.2018059T032701.v2.0.NDVI.tif,HLS-VI.S30.T49SDA.2018059T032701.v2.0.NDVI.tif,S30,T49SDA,2018-02-28,2018059,032701,EPSG:32649,399960.0,3990240.0,509760.0,4100040.0,True
/home/ec2-user/ndvi_sqs_work/shanxi/raw/HLS-VI.S30.T49SDB.2018059T032701.v2.0.NDVI.tif,HLS-VI.S30.T49SDB.2018059T032701.v2.0.NDVI.tif,S30,T49SDB,2018-02-28,2018059,032701,EPSG:32649,399960.0,4090200.0,509760.0,4200000.0,True
/home/ec2-user/ndvi_sqs_work/shanxi/raw/HLS-VI.S30.T49SDC.2018059T032701.v2.0.NDVI.tif,HLS-VI.S30.T49SDC.2018059T032701.v2.0.NDVI.tif,S30,T49SDC,2018-02-28,2018059,032701,EPSG:32649,399960.0,4190220.0,509760.0,4300020.0,True
/home/ec2-user/ndvi_sqs_work/shanxi/raw/HLS-VI.S30.T49SDD.2018059T032701.v2.0.NDVI.tif,HLS-VI.S30.T49SDD.2018059T032701.v2.0.NDVI.tif,S30,T49SDD,2018-02-28,2018059,032701,EPSG:32649,399960.0,4290240.0,509760.0,4400040.0,True
/home/ec2-user/ndvi_sqs_work/shanxi/raw/HLS-VI.S30.T49SED.2018059T032701.v2.0.NDVI.tif,HLS-VI.S30.T49SED.2018059T032701.v2.0.NDVI.tif,S30,T49SED,2018-02-28,2018059,032701,EPSG:32649,499980.0,4290240.0,609780.0,4400040.0,True
/home/ec2-user/ndvi_sqs_work/shanxi/raw/HLS-VI.S30.T49SDB.2018061T031629.v2.0.NDVI.tif,HLS-VI.S30.T49SDB.2018061T031629.v2.0.NDVI.tif,S30,T49SDB,2018-03-02,2018061,031629,EPSG:32649,399960.0,4090200.0,509760.0,4200000.0,True
/home/ec2-user/ndvi_sqs_work/shanxi/raw/HLS-VI.S30.T49SDC.2018061T031629.v2.0.NDVI.tif,HLS-VI.S30.T49SDC.2018061T031629.v2.0.NDVI.tif,S30,T49SDC,2018-03-02,2018061,031629,EPSG:32649,399960.0,4190220.0,509760.0,4300020.0,True
/home/ec2-user/ndvi_sqs_work/shanxi/raw/HLS-VI.S30.T49SEB.2018061T031629.v2.0.NDVI.tif,HLS-VI.S30.T49SEB.2018061T031629.v2.0.NDVI.tif,S30,T49SEB,2018-03-02,2018061,031629,EPSG:32649,499980.0,4090200.0,609780.0,4200000.0,True
/home/ec2-user/ndvi_sqs_work/shanxi/raw/HLS-VI.S30.T49SEC.2018061T031629.v2.0.NDVI.tif,HLS-VI.S30.T49SEC.2018061T031629.v2.0.NDVI.tif,S30,T49SEC,2018-03-02,2018061,031629,EPSG:32649,499980.0,4190220.0,609780.0,4300020.0,True
/home/ec2-user/ndvi_sqs_work/shanxi/raw/HLS-VI.S30.T49SFA.2018061T031629.v2.0.NDVI.tif,HLS-VI.S30.T49SFA.2018061T031629.v2.0.NDVI.tif,S30,T49SFA,2018-03-02,2018061,031629,EPSG:32649,600000.0,3990240.0,709800.0,4100040.0,True
/home/ec2-user/ndvi_sqs_work/shanxi/raw/HLS-VI.S30.T49SFB.2018061T031629.v2.0.NDVI.tif,HLS-VI.S30.T49SFB.2018061T031629.v2.0.NDVI.tif,S30,T49SFB,2018-03-02,2018061,031629,EPSG:32649,600000.0,4090200.0,709800.0,4200000.0,True
/home/ec2-user/ndvi_sqs_work/shanxi/raw/HLS-VI.S30.T49SFC.2018061T031629.v2.0.NDVI.tif,HLS-VI.S30.T49SFC.2018061T031629.v2.0.NDVI.tif,S30,T49SFC,2018-03-02,2018061,031629,EPSG:32649,600000.0,4190220.0,709800.0,4300020.0,True
/home/ec2-user/ndvi_sqs_work/shanxi/raw/HLS-VI.S30.T49SGA.2018061T031629.v2.0.NDVI.tif,HLS-VI.S30.T49SGA.2018061T031629.v2.0.NDVI.tif,S30,T49SGA,2018-03-02,2018061,031629,EPSG:32649,699960.0,3990240.0,809760.0,4100040.0,True
/home/ec2-user/ndvi_sqs_work/shanxi/raw/HLS-VI.S30.T49SGB.2018061T031629.v2.0.NDVI.tif,HLS-VI.S30.T49SGB.2018061T031629.v2.0.NDVI.tif,S30,T49SGB,2018-03-02,2018061,031629,EPSG:32649,699960.0,4090200.0,809760.0,4200000.0,True
/home/ec2-user/ndvi_sqs_work/shanxi/raw/HLS-VI.S30.T49SGC.2018061T031629.v2.0.NDVI.tif,HLS-VI.S30.T49SGC.2018061T031629.v2.0.NDVI.tif,S30,T49SGC,2018-03-02,2018061,031629,EPSG:32649,699960.0,4190220.0,809760.0,4300020.0,True
/home/ec2-user/ndvi_sqs_work/shanxi/raw/HLS-VI.S30.T50SKG.2018061T031629.v2.0.NDVI.tif,HLS-VI.S30.T50SKG.2018061T031629.v2.0.NDVI.tif,S30,T50SKG,2018-03-02,2018061,031629,EPSG:32650,199980.0,4090200.0,309780.0,4200000.0,True
/home/ec2-user/ndvi_sqs_work/shanxi/raw/HLS-VI.S30.T50SKH.2018061T031629.v2.0.NDVI.tif,HLS-VI.S30.T50SKH.2018061T031629.v2.0.NDVI.tif,S30,T50SKH,2018-03-02,2018061,031629,EPSG:32650,199980.0,4190220.0,309780.0,4300020.0,True
/home/ec2-user/ndvi_sqs_work/shanxi/raw/HLS-VI.S30.T49SFB.2018068T030539.v2.0.NDVI.tif,HLS-VI.S30.T49SFB.2018068T030539.v2.0.NDVI.tif,S30,T49SFB,2018-03-09,2018068,030539,EPSG:32649,600000.0,4090200.0,709800.0,4200000.0,True
/home/ec2-user/ndvi_sqs_work/shanxi/raw/HLS-VI.S30.T50SKF.2018068T030539.v2.0.NDVI.tif,HLS-VI.S30.T50SKF.2018068T030539.v2.0.NDVI.tif,S30,T50SKF,2018-03-09,2018068,030539,EPSG:32650,199980.0,3990240.0,309780.0,4100040.0,True
/home/ec2-user/ndvi_sqs_work/shanxi/raw/HLS-VI.S30.T49SDB.2018069T032541.v2.0.NDVI.tif,HLS-VI.S30.T49SDB.2018069T032541.v2.0.NDVI.tif,S30,T49SDB,2018-03-10,2018069,032541,EPSG:32649,399960.0,4090200.0,509760.0,4200000.0,True
/home/ec2-user/ndvi_sqs_work/shanxi/raw/HLS-VI.S30.T49SDC.2018069T032541.v2.0.NDVI.tif,HLS-VI.S30.T49SDC.2018069T032541.v2.0.NDVI.tif,S30,T49SDC,2018-03-10,2018069,032541,EPSG:32649,399960.0,4190220.0,509760.0,4300020.0,True
/home/ec2-user/ndvi_sqs_work/shanxi/raw/HLS-VI.S30.T49SDD.2018069T032541.v2.0.NDVI.tif,HLS-VI.S30.T49SDD.2018069T032541.v2.0.NDVI.tif,S30,T49SDD,2018-03-10,2018069,032541,EPSG:32649,399960.0,4290240.0,509760.0,4400040.0,True
/home/ec2-user/ndvi_sqs_work/shanxi/raw/HLS-VI.S30.T49SEC.2018069T032541.v2.0.NDVI.tif,HLS-VI.S30.T49SEC.2018069T032541.v2.0.NDVI.tif,S30,T49SEC,2018-03-10,2018069,032541,EPSG:32649,499980.0,4190220.0,609780.0,4300020.0,True
/home/ec2-user/ndvi_sqs_work/shanxi/raw/HLS-VI.S30.T49SED.2018069T032541.v2.0.NDVI.tif,HLS-VI.S30.T49SED.2018069T032541.v2.0.NDVI.tif,S30,T49SED,2018-03-10,2018069,032541,EPSG:32649,499980.0,4290240.0,609780.0,4400040.0,True
/home/ec2-user/ndvi_sqs_work/shanxi/raw/HLS-VI.S30.T49TEE.2018069T032541.v2.0.NDVI.tif,HLS-VI.S30.T49TEE.2018069T032541.v2.0.NDVI.tif,S30,T49TEE,2018-03-10,2018069,032541,EPSG:32649,499980.0,4390200.0,609780.0,4500000.0,True
/home/ec2-user/ndvi_sqs_work/shanxi/raw/HLS-VI.S30.T49SDA.2018071T031529.v2.0.NDVI.tif,HLS-VI.S30.T49SDA.2018071T031529.v2.0.NDVI.tif,S30,T49SDA,2018-03-12,2018071,031529,EPSG:32649,399960.0,3990240.0,509760.0,4100040.0,True
/home/ec2-user/ndvi_sqs_work/shanxi/raw/HLS-VI.S30.T49SDB.2018071T031529.v2.0.NDVI.tif,HLS-VI.S30.T49SDB.2018071T031529.v2.0.NDVI.tif,S30,T49SDB,2018-03-12,2018071,031529,EPSG:32649,399960.0,4090200.0,509760.0,4200000.0,True
/home/ec2-user/ndvi_sqs_work/shanxi/raw/HLS-VI.S30.T49SDC.2018071T031529.v2.0.NDVI.tif,HLS-VI.S30.T49SDC.2018071T031529.v2.0.NDVI.tif,S30,T49SDC,2018-03-12,2018071,031529,EPSG:32649,399960.0,4190220.0,509760.0,4300020.0,True
/home/ec2-user/ndvi_sqs_work/shanxi/raw/HLS-VI.S30.T49SFA.2018071T031529.v2.0.NDVI.tif,HLS-VI.S30.T49SFA.2018071T031529.v2.0.NDVI.tif,S30,T49SFA,2018-03-12,2018071,031529,EPSG:32649,600000.0,3990240.0,709800.0,4100040.0,True
/home/ec2-user/ndvi_sqs_work/shanxi/raw/HLS-VI.S30.T49SFB.2018071T031529.v2.0.NDVI.tif,HLS-VI.S30.T49SFB.2018071T031529.v2.0.NDVI.tif,S30,T49SFB,2018-03-12,2018071,031529,EPSG:32649,600000.0,4090200.0,709800.0,4200000.0,True
/home/ec2-user/ndvi_sqs_work/shanxi/raw/HLS-VI.S30.T49SGA.2018071T031529.v2.0.NDVI.tif,HLS-VI.S30.T49SGA.2018071T031529.v2.0.NDVI.tif,S30,T49SGA,2018-03-12,2018071,031529,EPSG:32649,699960.0,3990240.0,809760.0,4100040.0,True
/home/ec2-user/ndvi_sqs_work/shanxi/raw/HLS-VI.S30.T49SGB.2018071T031529.v2.0.NDVI.tif,HLS-VI.S30.T49SGB.2018071T031529.v2.0.NDVI.tif,S30,T49SGB,2018-03-12,2018071,031529,EPSG:32649,699960.0,4090200.0,809760.0,4200000.0,True
/home/ec2-user/ndvi_sqs_work/shanxi/raw/HLS-VI.S30.T49TGE.2018071T031529.v2.0.NDVI.tif,HLS-VI.S30.T49TGE.2018071T031529.v2.0.NDVI.tif,S30,T49TGE,2018-03-12,2018071,031529,EPSG:32649,699960.0,4390200.0,809760.0,4500000.0,True
/home/ec2-user/ndvi_sqs_work/shanxi/raw/HLS-VI.S30.T50SKF.2018071T031529.v2.0.NDVI.tif,HLS-VI.S30.T50SKF.2018071T031529.v2.0.NDVI.tif,S30,T50SKF,2018-03-12,2018071,031529,EPSG:32650,199980.0,3990240.0,309780.0,4100040.0,True
/home/ec2-user/ndvi_sqs_work/shanxi/raw/HLS-VI.S30.T50SKG.2018071T031529.v2.0.NDVI.tif,HLS-VI.S30.T50SKG.2018071T031529.v2.0.NDVI.tif,S30,T50SKG,2018-03-12,2018071,031529,EPSG:32650,199980.0,4090200.0,309780.0,4200000.0,True
/home/ec2-user/ndvi_sqs_work/shanxi/raw/HLS-VI.S30.T50TKK.2018071T031529.v2.0.NDVI.tif,HLS-VI.S30.T50TKK.2018071T031529.v2.0.NDVI.tif,S30,T50TKK,2018-03-12,2018071,031529,EPSG:32650,199980.0,4390200.0,309780.0,4500000.0,True
/home/ec2-user/ndvi_sqs_work/shanxi/raw/HLS-VI.S30.T49SFA.2018073T030541.v2.0.NDVI.tif,HLS-VI.S30.T49SFA.2018073T030541.v2.0.NDVI.tif,S30,T49SFA,2018-03-14,2018073,030541,EPSG:32649,600000.0,3990240.0,709800.0,4100040.0,True
/home/ec2-user/ndvi_sqs_work/shanxi/raw/HLS-VI.S30.T49SFB.2018073T030541.v2.0.NDVI.tif,HLS-VI.S30.T49SFB.2018073T030541.v2.0.NDVI.tif,S30,T49SFB,2018-03-14,2018073,030541,EPSG:32649,600000.0,4090200.0,709800.0,4200000.0,True
/home/ec2-user/ndvi_sqs_work/shanxi/raw/HLS-VI.S30.T49SFC.2018073T030541.v2.0.NDVI.tif,HLS-VI.S30.T49SFC.2018073T030541.v2.0.NDVI.tif,S30,T49SFC,2018-03-14,2018073,030541,EPSG:32649,600000.0,4190220.0,709800.0,4300020.0,True
/home/ec2-user/ndvi_sqs_work/shanxi/raw/HLS-VI.S30.T49SDA.2018074T032529.v2.0.NDVI.tif,HLS-VI.S30.T49SDA.2018074T032529.v2.0.NDVI.tif,S30,T49SDA,2018-03-15,2018074,032529,EPSG:32649,399960.0,3990240.0,509760.0,4100040.0,True
/home/ec2-user/ndvi_sqs_work/shanxi/raw/HLS-VI.S30.T49SDV.2018074T032529.v2.0.NDVI.tif,HLS-VI.S30.T49SDV.2018074T032529.v2.0.NDVI.tif,S30,T49SDV,2018-03-15,2018074,032529,EPSG:32649,399960.0,3890220.0,509760.0,4000020.0,True
/home/ec2-user/ndvi_sqs_work/shanxi/raw/HLS-VI.S30.T49SFB.2018083T030541.v2.0.NDVI.tif,HLS-VI.S30.T49SFB.2018083T030541.v2.0.NDVI.tif,S30,T49SFB,2018-03-24,2018083,030541,EPSG:32649,600000.0,4090200.0,709800.0,4200000.0,True
/home/ec2-user/ndvi_sqs_work/shanxi/raw/HLS-VI.S30.T49SFC.2018083T030541.v2.0.NDVI.tif,HLS-VI.S30.T49SFC.2018083T030541.v2.0.NDVI.tif,S30,T49SFC,2018-03-24,2018083,030541,EPSG:32649,600000.0,4190220.0,709800.0,4300020.0,True
/home/ec2-user/ndvi_sqs_work/shanxi/raw/HLS-VI.S30.T49SGC.2018083T030541.v2.0.NDVI.tif,HLS-VI.S30.T49SGC.2018083T030541.v2.0.NDVI.tif,S30,T49SGC,2018-03-24,2018083,030541,EPSG:32649,699960.0,4190220.0,809760.0,4300020.0,True
/home/ec2-user/ndvi_sqs_work/shanxi/raw/HLS-VI.S30.T49TGF.2018083T030541.v2.0.NDVI.tif,HLS-VI.S30.T49TGF.2018083T030541.v2.0.NDVI.tif,S30,T49TGF,2018-03-24,2018083,030541,EPSG:32649,699960.0,4490220.0,809760.0,4600020.0,True
/home/ec2-user/ndvi_sqs_work/shanxi/raw/HLS-VI.S30.T50TKL.2018083T030541.v2.0.NDVI.tif,HLS-VI.S30.T50TKL.2018083T030541.v2.0.NDVI.tif,S30,T50TKL,2018-03-24,2018083,030541,EPSG:32650,199980.0,4490220.0,309780.0,4600020.0,True
/home/ec2-user/ndvi_sqs_work/shanxi/raw/HLS-VI.S30.T49SDC.2018084T032529.v2.0.NDVI.tif,HLS-VI.S30.T49SDC.2018084T032529.v2.0.NDVI.tif,S30,T49SDC,2018-03-25,2018084,032529,EPSG:32649,399960.0,4190220.0,509760.0,4300020.0,True
/home/ec2-user/ndvi_sqs_work/shanxi/raw/HLS-VI.S30.T49SEA.2018084T032529.v2.0.NDVI.tif,HLS-VI.S30.T49SEA.2018084T032529.v2.0.NDVI.tif,S30,T49SEA,2018-03-25,2018084,032529,EPSG:32649,499980.0,3990240.0,609780.0,4100040.0,True
/home/ec2-user/ndvi_sqs_work/shanxi/raw/HLS-VI.S30.T49SEB.2018084T032529.v2.0.NDVI.tif,HLS-VI.S30.T49SEB.2018084T032529.v2.0.NDVI.tif,S30,T49SEB,2018-03-25,2018084,032529,EPSG:32649,499980.0,4090200.0,609780.0,4200000.0,True
/home/ec2-user/ndvi_sqs_work/shanxi/raw/HLS-VI.S30.T49TEE.2018084T032529.v2.0.NDVI.tif,HLS-VI.S30.T49TEE.2018084T032529.v2.0.NDVI.tif,S30,T49TEE,2018-03-25,2018084,032529,EPSG:32649,499980.0,4390200.0,609780.0,4500000.0,True
/home/ec2-user/ndvi_sqs_work/shanxi/raw/HLS-VI.S30.T49TFE.2018084T032529.v2.0.NDVI.tif,HLS-VI.S30.T49TFE.2018084T032529.v2.0.NDVI.tif,S30,T49TFE,2018-03-25,2018084,032529,EPSG:32649,600000.0,4390200.0,709800.0,4500000.0,True
/home/ec2-user/ndvi_sqs_work/shanxi/raw/HLS-VI.S30.T49SFB.2018088T030539.v2.0.NDVI.tif,HLS-VI.S30.T49SFB.2018088T030539.v2.0.NDVI.tif,S30,T49SFB,2018-03-29,2018088,030539,EPSG:32649,600000.0,4090200.0,709800.0,4200000.0,True
/home/ec2-user/ndvi_sqs_work/shanxi/raw/HLS-VI.S30.T49SDA.2018091T031539.v2.0.NDVI.tif,HLS-VI.S30.T49SDA.2018091T031539.v2.0.NDVI.tif,S30,T49SDA,2018-04-01,2018091,031539,EPSG:32649,399960.0,3990240.0,509760.0,4100040.0,True
/home/ec2-user/ndvi_sqs_work/shanxi/raw/HLS-VI.S30.T49SDB.2018091T031539.v2.0.NDVI.tif,HLS-VI.S30.T49SDB.2018091T031539.v2.0.NDVI.tif,S30,T49SDB,2018-04-01,2018091,031539,EPSG:32649,399960.0,4090200.0,509760.0,4200000.0,True
/home/ec2-user/ndvi_sqs_work/shanxi/raw/HLS-VI.S30.T49SDC.2018091T031539.v2.0.NDVI.tif,HLS-VI.S30.T49SDC.2018091T031539.v2.0.NDVI.tif,S30,T49SDC,2018-04-01,2018091,031539,EPSG:32649,399960.0,4190220.0,509760.0,4300020.0,True
/home/ec2-user/ndvi_sqs_work/shanxi/raw/HLS-VI.S30.T49SEB.2018091T031539.v2.0.NDVI.tif,HLS-VI.S30.T49SEB.2018091T031539.v2.0.NDVI.tif,S30,T49SEB,2018-04-01,2018091,031539,EPSG:32649,499980.0,4090200.0,609780.0,4200000.0,True
/home/ec2-user/ndvi_sqs_work/shanxi/raw/HLS-VI.S30.T49SEV.2018091T031539.v2.0.NDVI.tif,HLS-VI.S30.T49SEV.2018091T031539.v2.0.NDVI.tif,S30,T49SEV,2018-04-01,2018091,031539,EPSG:32649,499980.0,3890220.0,609780.0,4000020.0,True
/home/ec2-user/ndvi_sqs_work/shanxi/raw/HLS-VI.S30.T49SFA.2018091T031539.v2.0.NDVI.tif,HLS-VI.S30.T49SFA.2018091T031539.v2.0.NDVI.tif,S30,T49SFA,2018-04-01,2018091,031539,EPSG:32649,600000.0,3990240.0,709800.0,4100040.0,True
/home/ec2-user/ndvi_sqs_work/shanxi/raw/HLS-VI.S30.T49SFB.2018091T031539.v2.0.NDVI.tif,HLS-VI.S30.T49SFB.2018091T031539.v2.0.NDVI.tif,S30,T49SFB,2018-04-01,2018091,031539,EPSG:32649,600000.0,4090200.0,709800.0,4200000.0,True
/home/ec2-user/ndvi_sqs_work/shanxi/raw/HLS-VI.S30.T49SFC.2018091T031539.v2.0.NDVI.tif,HLS-VI.S30.T49SFC.2018091T031539.v2.0.NDVI.tif,S30,T49SFC,2018-04-01,2018091,031539,EPSG:32649,600000.0,4190220.0,709800.0,4300020.0,True
/home/ec2-user/ndvi_sqs_work/shanxi/raw/HLS-VI.S30.T49SFV.2018091T031539.v2.0.NDVI.tif,HLS-VI.S30.T49SFV.2018091T031539.v2.0.NDVI.tif,S30,T49SFV,2018-04-01,2018091,031539,EPSG:32649,600000.0,3890220.0,709800.0,4000020.0,True
/home/ec2-user/ndvi_sqs_work/shanxi/raw/HLS-VI.S30.T49SGA.2018091T031539.v2.0.NDVI.tif,HLS-VI.S30.T49SGA.2018091T031539.v2.0.NDVI.tif,S30,T49SGA,2018-04-01,2018091,031539,EPSG:32649,699960.0,3990240.0,809760.0,4100040.0,True
/home/ec2-user/ndvi_sqs_work/shanxi/raw/HLS-VI.S30.T49SGB.2018091T031539.v2.0.NDVI.tif,HLS-VI.S30.T49SGB.2018091T031539.v2.0.NDVI.tif,S30,T49SGB,2018-04-01,2018091,031539,EPSG:32649,699960.0,4090200.0,809760.0,4200000.0,True
/home/ec2-user/ndvi_sqs_work/shanxi/raw/HLS-VI.S30.T49SGC.2018091T031539.v2.0.NDVI.tif,HLS-VI.S30.T49SGC.2018091T031539.v2.0.NDVI.tif,S30,T49SGC,2018-04-01,2018091,031539,EPSG:32649,699960.0,4190220.0,809760.0,4300020.0,True
/home/ec2-user/ndvi_sqs_work/shanxi/raw/HLS-VI.S30.T49SGV.2018091T031539.v2.0.NDVI.tif,HLS-VI.S30.T49SGV.2018091T031539.v2.0.NDVI.tif,S30,T49SGV,2018-04-01,2018091,031539,EPSG:32649,699960.0,3890220.0,809760.0,4000020.0,True
/home/ec2-user/ndvi_sqs_work/shanxi/raw/HLS-VI.S30.T50SKG.2018091T031539.v2.0.NDVI.tif,HLS-VI.S30.T50SKG.2018091T031539.v2.0.NDVI.tif,S30,T50SKG,2018-04-01,2018091,031539,EPSG:32650,199980.0,4090200.0,309780.0,4200000.0,True
/home/ec2-user/ndvi_sqs_work/shanxi/raw/HLS-VI.S30.T50SKH.2018091T031539.v2.0.NDVI.tif,HLS-VI.S30.T50SKH.2018091T031539.v2.0.NDVI.tif,S30,T50SKH,2018-04-01,2018091,031539,EPSG:32650,199980.0,4190220.0,309780.0,4300020.0,True
/home/ec2-user/ndvi_sqs_work/shanxi/raw/HLS-VI.S30.T49SFB.2018098T030539.v2.0.NDVI.tif,HLS-VI.S30.T49SFB.2018098T030539.v2.0.NDVI.tif,S30,T49SFB,2018-04-08,2018098,030539,EPSG:32649,600000.0,4090200.0,709800.0,4200000.0,True
/home/ec2-user/ndvi_sqs_work/shanxi/raw/HLS-VI.S30.T49SFV.2018098T030539.v2.0.NDVI.tif,HLS-VI.S30.T49SFV.2018098T030539.v2.0.NDVI.tif,S30,T49SFV,2018-04-08,2018098,030539,EPSG:32649,600000.0,3890220.0,709800.0,4000020.0,True
/home/ec2-user/ndvi_sqs_work/shanxi/raw/HLS-VI.S30.T49SGA.2018098T030539.v2.0.NDVI.tif,HLS-VI.S30.T49SGA.2018098T030539.v2.0.NDVI.tif,S30,T49SGA,2018-04-08,2018098,030539,EPSG:32649,699960.0,3990240.0,809760.0,4100040.0,True
/home/ec2-user/ndvi_sqs_work/shanxi/raw/HLS-VI.S30.T49SGB.2018098T030539.v2.0.NDVI.tif,HLS-VI.S30.T49SGB.2018098T030539.v2.0.NDVI.tif,S30,T49SGB,2018-04-08,2018098,030539,EPSG:32649,699960.0,4090200.0,809760.0,4200000.0,True
/home/ec2-user/ndvi_sqs_work/shanxi/raw/HLS-VI.S30.T49SGC.2018098T030539.v2.0.NDVI.tif,HLS-VI.S30.T49SGC.2018098T030539.v2.0.NDVI.tif,S30,T49SGC,2018-04-08,2018098,030539,EPSG:32649,699960.0,4190220.0,809760.0,4300020.0,True
/home/ec2-user/ndvi_sqs_work/shanxi/raw/HLS-VI.S30.T49TGE.2018098T030539.v2.0.NDVI.tif,HLS-VI.S30.T49TGE.2018098T030539.v2.0.NDVI.tif,S30,T49TGE,2018-04-08,2018098,030539,EPSG:32649,699960.0,4390200.0,809760.0,4500000.0,True
/home/ec2-user/ndvi_sqs_work/shanxi/raw/HLS-VI.S30.T50SKF.2018098T030539.v2.0.NDVI.tif,HLS-VI.S30.T50SKF.2018098T030539.v2.0.NDVI.tif,S30,T50SKF,2018-04-08,2018098,030539,EPSG:32650,199980.0,3990240.0,309780.0,4100040.0,True
/home/ec2-user/ndvi_sqs_work/shanxi/raw/HLS-VI.S30.T50SKG.2018098T030539.v2.0.NDVI.tif,HLS-VI.S30.T50SKG.2018098T030539.v2.0.NDVI.tif,S30,T50SKG,2018-04-08,2018098,030539,EPSG:32650,199980.0,4090200.0,309780.0,4200000.0,True
/home/ec2-user/ndvi_sqs_work/shanxi/raw/HLS-VI.S30.T49SDA.2018099T032541.v2.0.NDVI.tif,HLS-VI.S30.T49SDA.2018099T032541.v2.0.NDVI.tif,S30,T49SDA,2018-04-09,2018099,032541,EPSG:32649,399960.0,3990240.0,509760.0,4100040.0,True
/home/ec2-user/ndvi_sqs_work/shanxi/raw/HLS-VI.S30.T49SDV.2018099T032541.v2.0.NDVI.tif,HLS-VI.S30.T49SDV.2018099T032541.v2.0.NDVI.tif,S30,T49SDV,2018-04-09,2018099,032541,EPSG:32649,399960.0,3890220.0,509760.0,4000020.0,True
/home/ec2-user/ndvi_sqs_work/shanxi/raw/HLS-VI.S30.T49SDA.2018106T031541.v2.0.NDVI.tif,HLS-VI.S30.T49SDA.2018106T031541.v2.0.NDVI.tif,S30,T49SDA,2018-04-16,2018106,031541,EPSG:32649,399960.0,3990240.0,509760.0,4100040.0,True
/home/ec2-user/ndvi_sqs_work/shanxi/raw/HLS-VI.S30.T49SDB.2018106T031541.v2.0.NDVI.tif,HLS-VI.S30.T49SDB.2018106T031541.v2.0.NDVI.tif,S30,T49SDB,2018-04-16,2018106,031541,EPSG:32649,399960.0,4090200.0,509760.0,4200000.0,True
/home/ec2-user/ndvi_sqs_work/shanxi/raw/HLS-VI.S30.T49SDC.2018106T031541.v2.0.NDVI.tif,HLS-VI.S30.T49SDC.2018106T031541.v2.0.NDVI.tif,S30,T49SDC,2018-04-16,2018106,031541,EPSG:32649,399960.0,4190220.0,509760.0,4300020.0,True
/home/ec2-user/ndvi_sqs_work/shanxi/raw/HLS-VI.S30.T49SDD.2018106T031541.v2.0.NDVI.tif,HLS-VI.S30.T49SDD.2018106T031541.v2.0.NDVI.tif,S30,T49SDD,2018-04-16,2018106,031541,EPSG:32649,399960.0,4290240.0,509760.0,4400040.0,True
/home/ec2-user/ndvi_sqs_work/shanxi/raw/HLS-VI.S30.T49SEC.2018106T031541.v2.0.NDVI.tif,HLS-VI.S30.T49SEC.2018106T031541.v2.0.NDVI.tif,S30,T49SEC,2018-04-16,2018106,031541,EPSG:32649,499980.0,4190220.0,609780.0,4300020.0,True
/home/ec2-user/ndvi_sqs_work/shanxi/raw/HLS-VI.S30.T49SED.2018106T031541.v2.0.NDVI.tif,HLS-VI.S30.T49SED.2018106T031541.v2.0.NDVI.tif,S30,T49SED,2018-04-16,2018106,031541,EPSG:32649,499980.0,4290240.0,609780.0,4400040.0,True
/home/ec2-user/ndvi_sqs_work/shanxi/raw/HLS-VI.S30.T49SEU.2018106T031541.v2.0.NDVI.tif,HLS-VI.S30.T49SEU.2018106T031541.v2.0.NDVI.tif,S30,T49SEU,2018-04-16,2018106,031541,EPSG:32649,499980.0,3790200.0,609780.0,3900000.0,True
/home/ec2-user/ndvi_sqs_work/shanxi/raw/HLS-VI.S30.T49SEV.2018106T031541.v2.0.NDVI.tif,HLS-VI.S30.T49SEV.2018106T031541.v2.0.NDVI.tif,S30,T49SEV,2018-04-16,2018106,031541,EPSG:32649,499980.0,3890220.0,609780.0,4000020.0,True
/home/ec2-user/ndvi_sqs_work/shanxi/raw/HLS-VI.S30.T49SFA.2018106T031541.v2.0.NDVI.tif,HLS-VI.S30.T49SFA.2018106T031541.v2.0.NDVI.tif,S30,T49SFA,2018-04-16,2018106,031541,EPSG:32649,600000.0,3990240.0,709800.0,4100040.0,True
/home/ec2-user/ndvi_sqs_work/shanxi/raw/HLS-VI.S30.T49SFC.2018106T031541.v2.0.NDVI.tif,HLS-VI.S30.T49SFC.2018106T031541.v2.0.NDVI.tif,S30,T49SFC,2018-04-16,2018106,031541,EPSG:32649,600000.0,4190220.0,709800.0,4300020.0,True
/home/ec2-user/ndvi_sqs_work/shanxi/raw/HLS-VI.S30.T49SFV.2018106T031541.v2.0.NDVI.tif,HLS-VI.S30.T49SFV.2018106T031541.v2.0.NDVI.tif,S30,T49SFV,2018-04-16,2018106,031541,EPSG:32649,600000.0,3890220.0,709800.0,4000020.0,True
/home/ec2-user/ndvi_sqs_work/shanxi/raw/HLS-VI.S30.T49SGC.2018106T031541.v2.0.NDVI.tif,HLS-VI.S30.T49SGC.2018106T031541.v2.0.NDVI.tif,S30,T49SGC,2018-04-16,2018106,031541,EPSG:32649,699960.0,4190220.0,809760.0,4300020.0,True
/home/ec2-user/ndvi_sqs_work/shanxi/raw/HLS-VI.S30.T49TEE.2018106T031541.v2.0.NDVI.tif,HLS-VI.S30.T49TEE.2018106T031541.v2.0.NDVI.tif,S30,T49TEE,2018-04-16,2018106,031541,EPSG:32649,499980.0,4390200.0,609780.0,4500000.0,True
/home/ec2-user/ndvi_sqs_work/shanxi/raw/HLS-VI.S30.T50SKH.2018106T031541.v2.0.NDVI.tif,HLS-VI.S30.T50SKH.2018106T031541.v2.0.NDVI.tif,S30,T50SKH,2018-04-16,2018106,031541,EPSG:32650,199980.0,4190220.0,309780.0,4300020.0,True
/home/ec2-user/ndvi_sqs_work/shanxi/raw/HLS-VI.S30.T50SKJ.2018106T031541.v2.0.NDVI.tif,HLS-VI.S30.T50SKJ.2018106T031541.v2.0.NDVI.tif,S30,T50SKJ,2018-04-16,2018106,031541,EPSG:32650,199980.0,4290240.0,309780.0,4400040.0,True
/home/ec2-user/ndvi_sqs_work/shanxi/raw/HLS-VI.S30.T49SFA.2018108T030539.v2.0.NDVI.tif,HLS-VI.S30.T49SFA.2018108T030539.v2.0.NDVI.tif,S30,T49SFA,2018-04-18,2018108,030539,EPSG:32649,600000.0,3990240.0,709800.0,4100040.0,True
/home/ec2-user/ndvi_sqs_work/shanxi/raw/HLS-VI.S30.T49SFB.2018108T030539.v2.0.NDVI.tif,HLS-VI.S30.T49SFB.2018108T030539.v2.0.NDVI.tif,S30,T49SFB,2018-04-18,2018108,030539,EPSG:32649,600000.0,4090200.0,709800.0,4200000.0,True
/home/ec2-user/ndvi_sqs_work/shanxi/raw/HLS-VI.S30.T49SGD.2018108T030539.v2.0.NDVI.tif,HLS-VI.S30.T49SGD.2018108T030539.v2.0.NDVI.tif,S30,T49SGD,2018-04-18,2018108,030539,EPSG:32649,699960.0,4290240.0,809760.0,4400040.0,True
/home/ec2-user/ndvi_sqs_work/shanxi/raw/HLS-VI.S30.T49TGE.2018108T030539.v2.0.NDVI.tif,HLS-VI.S30.T49TGE.2018108T030539.v2.0.NDVI.tif,S30,T49TGE,2018-04-18,2018108,030539,EPSG:32649,699960.0,4390200.0,809760.0,4500000.0,True
/home/ec2-user/ndvi_sqs_work/shanxi/raw/HLS-VI.S30.T49TGF.2018108T030539.v2.0.NDVI.tif,HLS-VI.S30.T49TGF.2018108T030539.v2.0.NDVI.tif,S30,T49TGF,2018-04-18,2018108,030539,EPSG:32649,699960.0,4490220.0,809760.0,4600020.0,True
/home/ec2-user/ndvi_sqs_work/shanxi/raw/HLS-VI.S30.T50SKF.2018108T030539.v2.0.NDVI.tif,HLS-VI.S30.T50SKF.2018108T030539.v2.0.NDVI.tif,S30,T50SKF,2018-04-18,2018108,030539,EPSG:32650,199980.0,3990240.0,309780.0,4100040.0,True
/home/ec2-user/ndvi_sqs_work/shanxi/raw/HLS-VI.S30.T50TKK.2018108T030539.v2.0.NDVI.tif,HLS-VI.S30.T50TKK.2018108T030539.v2.0.NDVI.tif,S30,T50TKK,2018-04-18,2018108,030539,EPSG:32650,199980.0,4390200.0,309780.0,4500000.0,True
/home/ec2-user/ndvi_sqs_work/shanxi/raw/HLS-VI.S30.T50TKL.2018108T030539.v2.0.NDVI.tif,HLS-VI.S30.T50TKL.2018108T030539.v2.0.NDVI.tif,S30,T50TKL,2018-04-18,2018108,030539,EPSG:32650,199980.0,4490220.0,309780.0,4600020.0,True
/home/ec2-user/ndvi_sqs_work/shanxi/raw/HLS-VI.S30.T49SDB.2018116T031731.v2.0.NDVI.tif,HLS-VI.S30.T49SDB.2018116T031731.v2.0.NDVI.tif,S30,T49SDB,2018-04-26,2018116,031731,EPSG:32649,399960.0,4090200.0,509760.0,4200000.0,True
/home/ec2-user/ndvi_sqs_work/shanxi/raw/HLS-VI.S30.T49SDC.2018116T031731.v2.0.NDVI.tif,HLS-VI.S30.T49SDC.2018116T031731.v2.0.NDVI.tif,S30,T49SDC,2018-04-26,2018116,031731,EPSG:32649,399960.0,4190220.0,509760.0,4300020.0,True
/home/ec2-user/ndvi_sqs_work/shanxi/raw/HLS-VI.S30.T49SDD.2018116T031731.v2.0.NDVI.tif,HLS-VI.S30.T49SDD.2018116T031731.v2.0.NDVI.tif,S30,T49SDD,2018-04-26,2018116,031731,EPSG:32649,399960.0,4290240.0,509760.0,4400040.0,True
/home/ec2-user/ndvi_sqs_work/shanxi/raw/HLS-VI.S30.T49TEE.2018116T031731.v2.0.NDVI.tif,HLS-VI.S30.T49TEE.2018116T031731.v2.0.NDVI.tif,S30,T49TEE,2018-04-26,2018116,031731,EPSG:32649,499980.0,4390200.0,609780.0,4500000.0,True
/home/ec2-user/ndvi_sqs_work/shanxi/raw/HLS-VI.S30.T49TFE.2018116T031731.v2.0.NDVI.tif,HLS-VI.S30.T49TFE.2018116T031731.v2.0.NDVI.tif,S30,T49TFE,2018-04-26,2018116,031731,EPSG:32649,600000.0,4390200.0,709800.0,4500000.0,True
/home/ec2-user/ndvi_sqs_work/shanxi/raw/HLS-VI.S30.T49TGE.2018116T031731.v2.0.NDVI.tif,HLS-VI.S30.T49TGE.2018116T031731.v2.0.NDVI.tif,S30,T49TGE,2018-04-26,2018116,031731,EPSG:32649,699960.0,4390200.0,809760.0,4500000.0,True
/home/ec2-user/ndvi_sqs_work/shanxi/raw/HLS-VI.S30.T49SGD.2018118T030539.v2.0.NDVI.tif,HLS-VI.S30.T49SGD.2018118T030539.v2.0.NDVI.tif,S30,T49SGD,2018-04-28,2018118,030539,EPSG:32649,699960.0,4290240.0,809760.0,4400040.0,True
/home/ec2-user/ndvi_sqs_work/shanxi/raw/HLS-VI.S30.T49TGE.2018118T030539.v2.0.NDVI.tif,HLS-VI.S30.T49TGE.2018118T030539.v2.0.NDVI.tif,S30,T49TGE,2018-04-28,2018118,030539,EPSG:32649,699960.0,4390200.0,809760.0,4500000.0,True
/home/ec2-user/ndvi_sqs_work/shanxi/raw/HLS-VI.S30.T49TGF.2018118T030539.v2.0.NDVI.tif,HLS-VI.S30.T49TGF.2018118T030539.v2.0.NDVI.tif,S30,T49TGF,2018-04-28,2018118,030539,EPSG:32649,699960.0,4490220.0,809760.0,4600020.0,True
/home/ec2-user/ndvi_sqs_work/shanxi/raw/HLS-VI.S30.T50SKJ.2018118T030539.v2.0.NDVI.tif,HLS-VI.S30.T50SKJ.2018118T030539.v2.0.NDVI.tif,S30,T50SKJ,2018-04-28,2018118,030539,EPSG:32650,199980.0,4290240.0,309780.0,4400040.0,True
/home/ec2-user/ndvi_sqs_work/shanxi/raw/HLS-VI.S30.T50TKK.2018118T030539.v2.0.NDVI.tif,HLS-VI.S30.T50TKK.2018118T030539.v2.0.NDVI.tif,S30,T50TKK,2018-04-28,2018118,030539,EPSG:32650,199980.0,4390200.0,309780.0,4500000.0,True
/home/ec2-user/ndvi_sqs_work/shanxi/raw/HLS-VI.S30.T50TKL.2018118T030539.v2.0.NDVI.tif,HLS-VI.S30.T50TKL.2018118T030539.v2.0.NDVI.tif,S30,T50TKL,2018-04-28,2018118,030539,EPSG:32650,199980.0,4490220.0,309780.0,4600020.0,True
/home/ec2-user/ndvi_sqs_work/shanxi/raw/HLS-VI.S30.T49SDA.2018119T032541.v2.0.NDVI.tif,HLS-VI.S30.T49SDA.2018119T032541.v2.0.NDVI.tif,S30,T49SDA,2018-04-29,2018119,032541,EPSG:32649,399960.0,3990240.0,509760.0,4100040.0,True
/home/ec2-user/ndvi_sqs_work/shanxi/raw/HLS-VI.S30.T49SDB.2018119T032541.v2.0.NDVI.tif,HLS-VI.S30.T49SDB.2018119T032541.v2.0.NDVI.tif,S30,T49SDB,2018-04-29,2018119,032541,EPSG:32649,399960.0,4090200.0,509760.0,4200000.0,True
/home/ec2-user/ndvi_sqs_work/shanxi/raw/HLS-VI.S30.T49SED.2018124T032539.v2.0.NDVI.tif,HLS-VI.S30.T49SED.2018124T032539.v2.0.NDVI.tif,S30,T49SED,2018-05-04,2018124,032539,EPSG:32649,499980.0,4290240.0,609780.0,4400040.0,True
/home/ec2-user/ndvi_sqs_work/shanxi/raw/HLS-VI.S30.T49TEE.2018124T032539.v2.0.NDVI.tif,HLS-VI.S30.T49TEE.2018124T032539.v2.0.NDVI.tif,S30,T49TEE,2018-05-04,2018124,032539,EPSG:32649,499980.0,4390200.0,609780.0,4500000.0,True
/home/ec2-user/ndvi_sqs_work/shanxi/raw/HLS-VI.S30.T49TFE.2018124T032539.v2.0.NDVI.tif,HLS-VI.S30.T49TFE.2018124T032539.v2.0.NDVI.tif,S30,T49TFE,2018-05-04,2018124,032539,EPSG:32649,600000.0,4390200.0,709800.0,4500000.0,True
/home/ec2-user/ndvi_sqs_work/shanxi/raw/HLS-VI.S30.T49SFB.2018133T030541.v2.0.NDVI.tif,HLS-VI.S30.T49SFB.2018133T030541.v2.0.NDVI.tif,S30,T49SFB,2018-05-13,2018133,030541,EPSG:32649,600000.0,4090200.0,709800.0,4200000.0,True
/home/ec2-user/ndvi_sqs_work/shanxi/raw/HLS-VI.S30.T49SFC.2018133T030541.v2.0.NDVI.tif,HLS-VI.S30.T49SFC.2018133T030541.v2.0.NDVI.tif,S30,T49SFC,2018-05-13,2018133,030541,EPSG:32649,600000.0,4190220.0,709800.0,4300020.0,True
/home/ec2-user/ndvi_sqs_work/shanxi/raw/HLS-VI.S30.T49SDC.2018134T032539.v2.0.NDVI.tif,HLS-VI.S30.T49SDC.2018134T032539.v2.0.NDVI.tif,S30,T49SDC,2018-05-14,2018134,032539,EPSG:32649,399960.0,4190220.0,509760.0,4300020.0,True
/home/ec2-user/ndvi_sqs_work/shanxi/raw/HLS-VI.S30.T49SDD.2018134T032539.v2.0.NDVI.tif,HLS-VI.S30.T49SDD.2018134T032539.v2.0.NDVI.tif,S30,T49SDD,2018-05-14,2018134,032539,EPSG:32649,399960.0,4290240.0,509760.0,4400040.0,True
/home/ec2-user/ndvi_sqs_work/shanxi/raw/HLS-VI.S30.T49SEC.2018134T032539.v2.0.NDVI.tif,HLS-VI.S30.T49SEC.2018134T032539.v2.0.NDVI.tif,S30,T49SEC,2018-05-14,2018134,032539,EPSG:32649,499980.0,4190220.0,609780.0,4300020.0,True
/home/ec2-user/ndvi_sqs_work/shanxi/raw/HLS-VI.S30.T49SED.2018134T032539.v2.0.NDVI.tif,HLS-VI.S30.T49SED.2018134T032539.v2.0.NDVI.tif,S30,T49SED,2018-05-14,2018134,032539,EPSG:32649,499980.0,4290240.0,609780.0,4400040.0,True
/home/ec2-user/ndvi_sqs_work/shanxi/raw/HLS-VI.S30.T49TEE.2018134T032539.v2.0.NDVI.tif,HLS-VI.S30.T49TEE.2018134T032539.v2.0.NDVI.tif,S30,T49TEE,2018-05-14,2018134,032539,EPSG:32649,499980.0,4390200.0,609780.0,4500000.0,True
/home/ec2-user/ndvi_sqs_work/shanxi/raw/HLS-VI.S30.T49TFE.2018134T032539.v2.0.NDVI.tif,HLS-VI.S30.T49TFE.2018134T032539.v2.0.NDVI.tif,S30,T49TFE,2018-05-14,2018134,032539,EPSG:32649,600000.0,4390200.0,709800.0,4500000.0,True
/home/ec2-user/ndvi_sqs_work/shanxi/raw/HLS-VI.S30.T50SKJ.2018143T030541.v2.0.NDVI.tif,HLS-VI.S30.T50SKJ.2018143T030541.v2.0.NDVI.tif,S30,T50SKJ,2018-05-23,2018143,030541,EPSG:32650,199980.0,4290240.0,309780.0,4400040.0,True
/home/ec2-user/ndvi_sqs_work/shanxi/raw/HLS-VI.S30.T50TKK.2018143T030541.v2.0.NDVI.tif,HLS-VI.S30.T50TKK.2018143T030541.v2.0.NDVI.tif,S30,T50TKK,2018-05-23,2018143,030541,EPSG:32650,199980.0,4390200.0,309780.0,4500000.0,True
/home/ec2-user/ndvi_sqs_work/shanxi/raw/HLS-VI.S30.T50TKL.2018143T030541.v2.0.NDVI.tif,HLS-VI.S30.T50TKL.2018143T030541.v2.0.NDVI.tif,S30,T50TKL,2018-05-23,2018143,030541,EPSG:32650,199980.0,4490220.0,309780.0,4600020.0,True
/home/ec2-user/ndvi_sqs_work/shanxi/raw/HLS-VI.S30.T49SDC.2018144T032539.v2.0.NDVI.tif,HLS-VI.S30.T49SDC.2018144T032539.v2.0.NDVI.tif,S30,T49SDC,2018-05-24,2018144,032539,EPSG:32649,399960.0,4190220.0,509760.0,4300020.0,True
/home/ec2-user/ndvi_sqs_work/shanxi/raw/HLS-VI.S30.T49SEC.2018144T032539.v2.0.NDVI.tif,HLS-VI.S30.T49SEC.2018144T032539.v2.0.NDVI.tif,S30,T49SEC,2018-05-24,2018144,032539,EPSG:32649,499980.0,4190220.0,609780.0,4300020.0,True
/home/ec2-user/ndvi_sqs_work/shanxi/raw/HLS-VI.S30.T49SED.2018144T032539.v2.0.NDVI.tif,HLS-VI.S30.T49SED.2018144T032539.v2.0.NDVI.tif,S30,T49SED,2018-05-24,2018144,032539,EPSG:32649,499980.0,4290240.0,609780.0,4400040.0,True
/home/ec2-user/ndvi_sqs_work/shanxi/raw/HLS-VI.S30.T49SGD.2018148T030539.v2.0.NDVI.tif,HLS-VI.S30.T49SGD.2018148T030539.v2.0.NDVI.tif,S30,T49SGD,2018-05-28,2018148,030539,EPSG:32649,699960.0,4290240.0,809760.0,4400040.0,True
/home/ec2-user/ndvi_sqs_work/shanxi/raw/HLS-VI.S30.T50SKJ.2018148T030539.v2.0.NDVI.tif,HLS-VI.S30.T50SKJ.2018148T030539.v2.0.NDVI.tif,S30,T50SKJ,2018-05-28,2018148,030539,EPSG:32650,199980.0,4290240.0,309780.0,4400040.0,True
/home/ec2-user/ndvi_sqs_work/shanxi/raw/HLS-VI.S30.T49SDC.2018149T032541.v2.0.NDVI.tif,HLS-VI.S30.T49SDC.2018149T032541.v2.0.NDVI.tif,S30,T49SDC,2018-05-29,2018149,032541,EPSG:32649,399960.0,4190220.0,509760.0,4300020.0,True
/home/ec2-user/ndvi_sqs_work/shanxi/raw/HLS-VI.S30.T49SDD.2018149T032541.v2.0.NDVI.tif,HLS-VI.S30.T49SDD.2018149T032541.v2.0.NDVI.tif,S30,T49SDD,2018-05-29,2018149,032541,EPSG:32649,399960.0,4290240.0,509760.0,4400040.0,True
/home/ec2-user/ndvi_sqs_work/shanxi/raw/HLS-VI.S30.T49SEC.2018149T032541.v2.0.NDVI.tif,HLS-VI.S30.T49SEC.2018149T032541.v2.0.NDVI.tif,S30,T49SEC,2018-05-29,2018149,032541,EPSG:32649,499980.0,4190220.0,609780.0,4300020.0,True
/home/ec2-user/ndvi_sqs_work/shanxi/raw/HLS-VI.S30.T49SED.2018149T032541.v2.0.NDVI.tif,HLS-VI.S30.T49SED.2018149T032541.v2.0.NDVI.tif,S30,T49SED,2018-05-29,2018149,032541,EPSG:32649,499980.0,4290240.0,609780.0,4400040.0,True
/home/ec2-user/ndvi_sqs_work/shanxi/raw/HLS-VI.S30.T49SGA.2018151T031539.v2.0.NDVI.tif,HLS-VI.S30.T49SGA.2018151T031539.v2.0.NDVI.tif,S30,T49SGA,2018-05-31,2018151,031539,EPSG:32649,699960.0,3990240.0,809760.0,4100040.0,True
/home/ec2-user/ndvi_sqs_work/shanxi/raw/HLS-VI.S30.T49TEE.2018151T031539.v2.0.NDVI.tif,HLS-VI.S30.T49TEE.2018151T031539.v2.0.NDVI.tif,S30,T49TEE,2018-05-31,2018151,031539,EPSG:32649,499980.0,4390200.0,609780.0,4500000.0,True
/home/ec2-user/ndvi_sqs_work/shanxi/raw/HLS-VI.S30.T49TFE.2018151T031539.v2.0.NDVI.tif,HLS-VI.S30.T49TFE.2018151T031539.v2.0.NDVI.tif,S30,T49TFE,2018-05-31,2018151,031539,EPSG:32649,600000.0,4390200.0,709800.0,4500000.0,True
/home/ec2-user/ndvi_sqs_work/shanxi/raw/HLS-VI.S30.T49TGE.2018151T031539.v2.0.NDVI.tif,HLS-VI.S30.T49TGE.2018151T031539.v2.0.NDVI.tif,S30,T49TGE,2018-05-31,2018151,031539,EPSG:32649,699960.0,4390200.0,809760.0,4500000.0,True
/home/ec2-user/ndvi_sqs_work/shanxi/raw/HLS-VI.S30.T50SKF.2018151T031539.v2.0.NDVI.tif,HLS-VI.S30.T50SKF.2018151T031539.v2.0.NDVI.tif,S30,T50SKF,2018-05-31,2018151,031539,EPSG:32650,199980.0,3990240.0,309780.0,4100040.0,True
/home/ec2-user/ndvi_sqs_work/shanxi/raw/HLS-VI.S30.T50TKK.2018151T031539.v2.0.NDVI.tif,HLS-VI.S30.T50TKK.2018151T031539.v2.0.NDVI.tif,S30,T50TKK,2018-05-31,2018151,031539,EPSG:32650,199980.0,4390200.0,309780.0,4500000.0,True
/home/ec2-user/ndvi_sqs_work/shanxi/raw/HLS-VI.S30.T50TKL.2018151T031539.v2.0.NDVI.tif,HLS-VI.S30.T50TKL.2018151T031539.v2.0.NDVI.tif,S30,T50TKL,2018-05-31,2018151,031539,EPSG:32650,199980.0,4490220.0,309780.0,4600020.0,True
/home/ec2-user/ndvi_sqs_work/shanxi/raw/HLS-VI.S30.T49SDA.2018156T031541.v2.0.NDVI.tif,HLS-VI.S30.T49SDA.2018156T031541.v2.0.NDVI.tif,S30,T49SDA,2018-06-05,2018156,031541,EPSG:32649,399960.0,3990240.0,509760.0,4100040.0,True
/home/ec2-user/ndvi_sqs_work/shanxi/raw/HLS-VI.S30.T49SDB.2018156T031541.v2.0.NDVI.tif,HLS-VI.S30.T49SDB.2018156T031541.v2.0.NDVI.tif,S30,T49SDB,2018-06-05,2018156,031541,EPSG:32649,399960.0,4090200.0,509760.0,4200000.0,True
/home/ec2-user/ndvi_sqs_work/shanxi/raw/HLS-VI.S30.T49SDV.2018156T031541.v2.0.NDVI.tif,HLS-VI.S30.T49SDV.2018156T031541.v2.0.NDVI.tif,S30,T49SDV,2018-06-05,2018156,031541,EPSG:32649,399960.0,3890220.0,509760.0,4000020.0,True
/home/ec2-user/ndvi_sqs_work/shanxi/raw/HLS-VI.S30.T49SEA.2018156T031541.v2.0.NDVI.tif,HLS-VI.S30.T49SEA.2018156T031541.v2.0.NDVI.tif,S30,T49SEA,2018-06-05,2018156,031541,EPSG:32649,499980.0,3990240.0,609780.0,4100040.0,True
/home/ec2-user/ndvi_sqs_work/shanxi/raw/HLS-VI.S30.T49SEB.2018156T031541.v2.0.NDVI.tif,HLS-VI.S30.T49SEB.2018156T031541.v2.0.NDVI.tif,S30,T49SEB,2018-06-05,2018156,031541,EPSG:32649,499980.0,4090200.0,609780.0,4200000.0,True
/home/ec2-user/ndvi_sqs_work/shanxi/raw/HLS-VI.S30.T49SEU.2018156T031541.v2.0.NDVI.tif,HLS-VI.S30.T49SEU.2018156T031541.v2.0.NDVI.tif,S30,T49SEU,2018-06-05,2018156,031541,EPSG:32649,499980.0,3790200.0,609780.0,3900000.0,True
/home/ec2-user/ndvi_sqs_work/shanxi/raw/HLS-VI.S30.T49SEV.2018156T031541.v2.0.NDVI.tif,HLS-VI.S30.T49SEV.2018156T031541.v2.0.NDVI.tif,S30,T49SEV,2018-06-05,2018156,031541,EPSG:32649,499980.0,3890220.0,609780.0,4000020.0,True
/home/ec2-user/ndvi_sqs_work/shanxi/raw/HLS-VI.S30.T49SFA.2018156T031541.v2.0.NDVI.tif,HLS-VI.S30.T49SFA.2018156T031541.v2.0.NDVI.tif,S30,T49SFA,2018-06-05,2018156,031541,EPSG:32649,600000.0,3990240.0,709800.0,4100040.0,True
/home/ec2-user/ndvi_sqs_work/shanxi/raw/HLS-VI.S30.T49SFB.2018156T031541.v2.0.NDVI.tif,HLS-VI.S30.T49SFB.2018156T031541.v2.0.NDVI.tif,S30,T49SFB,2018-06-05,2018156,031541,EPSG:32649,600000.0,4090200.0,709800.0,4200000.0,True
/home/ec2-user/ndvi_sqs_work/shanxi/raw/HLS-VI.S30.T49SFV.2018156T031541.v2.0.NDVI.tif,HLS-VI.S30.T49SFV.2018156T031541.v2.0.NDVI.tif,S30,T49SFV,2018-06-05,2018156,031541,EPSG:32649,600000.0,3890220.0,709800.0,4000020.0,True
/home/ec2-user/ndvi_sqs_work/shanxi/raw/HLS-VI.S30.T49SGB.2018156T031541.v2.0.NDVI.tif,HLS-VI.S30.T49SGB.2018156T031541.v2.0.NDVI.tif,S30,T49SGB,2018-06-05,2018156,031541,EPSG:32649,699960.0,4090200.0,809760.0,4200000.0,True
/home/ec2-user/ndvi_sqs_work/shanxi/raw/HLS-VI.S30.T49SDA.2018161T031539.v2.0.NDVI.tif,HLS-VI.S30.T49SDA.2018161T031539.v2.0.NDVI.tif,S30,T49SDA,2018-06-10,2018161,031539,EPSG:32649,399960.0,3990240.0,509760.0,4100040.0,True
/home/ec2-user/ndvi_sqs_work/shanxi/raw/HLS-VI.S30.T49SDB.2018161T031539.v2.0.NDVI.tif,HLS-VI.S30.T49SDB.2018161T031539.v2.0.NDVI.tif,S30,T49SDB,2018-06-10,2018161,031539,EPSG:32649,399960.0,4090200.0,509760.0,4200000.0,True
/home/ec2-user/ndvi_sqs_work/shanxi/raw/HLS-VI.S30.T49SEV.2018161T031539.v2.0.NDVI.tif,HLS-VI.S30.T49SEV.2018161T031539.v2.0.NDVI.tif,S30,T49SEV,2018-06-10,2018161,031539,EPSG:32649,499980.0,3890220.0,609780.0,4000020.0,True
/home/ec2-user/ndvi_sqs_work/shanxi/raw/HLS-VI.S30.T49SFA.2018161T031539.v2.0.NDVI.tif,HLS-VI.S30.T49SFA.2018161T031539.v2.0.NDVI.tif,S30,T49SFA,2018-06-10,2018161,031539,EPSG:32649,600000.0,3990240.0,709800.0,4100040.0,True
/home/ec2-user/ndvi_sqs_work/shanxi/raw/HLS-VI.S30.T49SFB.2018161T031539.v2.0.NDVI.tif,HLS-VI.S30.T49SFB.2018161T031539.v2.0.NDVI.tif,S30,T49SFB,2018-06-10,2018161,031539,EPSG:32649,600000.0,4090200.0,709800.0,4200000.0,True
/home/ec2-user/ndvi_sqs_work/shanxi/raw/HLS-VI.S30.T49SGA.2018161T031539.v2.0.NDVI.tif,HLS-VI.S30.T49SGA.2018161T031539.v2.0.NDVI.tif,S30,T49SGA,2018-06-10,2018161,031539,EPSG:32649,699960.0,3990240.0,809760.0,4100040.0,True
/home/ec2-user/ndvi_sqs_work/shanxi/raw/HLS-VI.S30.T49SFA.2018163T030541.v2.0.NDVI.tif,HLS-VI.S30.T49SFA.2018163T030541.v2.0.NDVI.tif,S30,T49SFA,2018-06-12,2018163,030541,EPSG:32649,600000.0,3990240.0,709800.0,4100040.0,True
/home/ec2-user/ndvi_sqs_work/shanxi/raw/HLS-VI.S30.T49SFB.2018163T030541.v2.0.NDVI.tif,HLS-VI.S30.T49SFB.2018163T030541.v2.0.NDVI.tif,S30,T49SFB,2018-06-12,2018163,030541,EPSG:32649,600000.0,4090200.0,709800.0,4200000.0,True
/home/ec2-user/ndvi_sqs_work/shanxi/raw/HLS-VI.S30.T49SFC.2018163T030541.v2.0.NDVI.tif,HLS-VI.S30.T49SFC.2018163T030541.v2.0.NDVI.tif,S30,T49SFC,2018-06-12,2018163,030541,EPSG:32649,600000.0,4190220.0,709800.0,4300020.0,True
/home/ec2-user/ndvi_sqs_work/shanxi/raw/HLS-VI.S30.T49SDA.2018164T032539.v2.0.NDVI.tif,HLS-VI.S30.T49SDA.2018164T032539.v2.0.NDVI.tif,S30,T49SDA,2018-06-13,2018164,032539,EPSG:32649,399960.0,3990240.0,509760.0,4100040.0,True
/home/ec2-user/ndvi_sqs_work/shanxi/raw/HLS-VI.S30.T49SDC.2018164T032539.v2.0.NDVI.tif,HLS-VI.S30.T49SDC.2018164T032539.v2.0.NDVI.tif,S30,T49SDC,2018-06-13,2018164,032539,EPSG:32649,399960.0,4190220.0,509760.0,4300020.0,True
/home/ec2-user/ndvi_sqs_work/shanxi/raw/HLS-VI.S30.T49SDV.2018164T032539.v2.0.NDVI.tif,HLS-VI.S30.T49SDV.2018164T032539.v2.0.NDVI.tif,S30,T49SDV,2018-06-13,2018164,032539,EPSG:32649,399960.0,3890220.0,509760.0,4000020.0,True
/home/ec2-user/ndvi_sqs_work/shanxi/raw/HLS-VI.S30.T49SEA.2018164T032539.v2.0.NDVI.tif,HLS-VI.S30.T49SEA.2018164T032539.v2.0.NDVI.tif,S30,T49SEA,2018-06-13,2018164,032539,EPSG:32649,499980.0,3990240.0,609780.0,4100040.0,True
/home/ec2-user/ndvi_sqs_work/shanxi/raw/HLS-VI.S30.T49SEB.2018164T032539.v2.0.NDVI.tif,HLS-VI.S30.T49SEB.2018164T032539.v2.0.NDVI.tif,S30,T49SEB,2018-06-13,2018164,032539,EPSG:32649,499980.0,4090200.0,609780.0,4200000.0,True
/home/ec2-user/ndvi_sqs_work/shanxi/raw/HLS-VI.S30.T49SEC.2018164T032539.v2.0.NDVI.tif,HLS-VI.S30.T49SEC.2018164T032539.v2.0.NDVI.tif,S30,T49SEC,2018-06-13,2018164,032539,EPSG:32649,499980.0,4190220.0,609780.0,4300020.0,True
/home/ec2-user/ndvi_sqs_work/shanxi/raw/HLS-VI.S30.T49TEE.2018174T032539.v2.0.NDVI.tif,HLS-VI.S30.T49TEE.2018174T032539.v2.0.NDVI.tif,S30,T49TEE,2018-06-23,2018174,032539,EPSG:32649,499980.0,4390200.0,609780.0,4500000.0,True
/home/ec2-user/ndvi_sqs_work/shanxi/raw/HLS-VI.S30.T49TFE.2018174T032539.v2.0.NDVI.tif,HLS-VI.S30.T49TFE.2018174T032539.v2.0.NDVI.tif,S30,T49TFE,2018-06-23,2018174,032539,EPSG:32649,600000.0,4390200.0,709800.0,4500000.0,True
/home/ec2-user/ndvi_sqs_work/shanxi/raw/HLS-VI.S30.T49SDA.2018179T032541.v2.0.NDVI.tif,HLS-VI.S30.T49SDA.2018179T032541.v2.0.NDVI.tif,S30,T49SDA,2018-06-28,2018179,032541,EPSG:32649,399960.0,3990240.0,509760.0,4100040.0,True
/home/ec2-user/ndvi_sqs_work/shanxi/raw/HLS-VI.S30.T49SDC.2018186T031541.v2.0.NDVI.tif,HLS-VI.S30.T49SDC.2018186T031541.v2.0.NDVI.tif,S30,T49SDC,2018-07-05,2018186,031541,EPSG:32649,399960.0,4190220.0,509760.0,4300020.0,True
/home/ec2-user/ndvi_sqs_work/shanxi/raw/HLS-VI.S30.T49SDD.2018186T031541.v2.0.NDVI.tif,HLS-VI.S30.T49SDD.2018186T031541.v2.0.NDVI.tif,S30,T49SDD,2018-07-05,2018186,031541,EPSG:32649,399960.0,4290240.0,509760.0,4400040.0,True
/home/ec2-user/ndvi_sqs_work/shanxi/raw/HLS-VI.S30.T49SDA.2018246T031541.v2.0.NDVI.tif,HLS-VI.S30.T49SDA.2018246T031541.v2.0.NDVI.tif,S30,T49SDA,2018-09-03,2018246,031541,EPSG:32649,399960.0,3990240.0,509760.0,4100040.0,True
/home/ec2-user/ndvi_sqs_work/shanxi/raw/HLS-VI.S30.T49SDB.2018246T031541.v2.0.NDVI.tif,HLS-VI.S30.T49SDB.2018246T031541.v2.0.NDVI.tif,S30,T49SDB,2018-09-03,2018246,031541,EPSG:32649,399960.0,4090200.0,509760.0,4200000.0,True
/home/ec2-user/ndvi_sqs_work/shanxi/raw/HLS-VI.S30.T49SEV.2018246T031541.v2.0.NDVI.tif,HLS-VI.S30.T49SEV.2018246T031541.v2.0.NDVI.tif,S30,T49SEV,2018-09-03,2018246,031541,EPSG:32649,499980.0,3890220.0,609780.0,4000020.0,True
/home/ec2-user/ndvi_sqs_work/shanxi/raw/HLS-VI.S30.T49SFA.2018246T031541.v2.0.NDVI.tif,HLS-VI.S30.T49SFA.2018246T031541.v2.0.NDVI.tif,S30,T49SFA,2018-09-03,2018246,031541,EPSG:32649,600000.0,3990240.0,709800.0,4100040.0,True
/home/ec2-user/ndvi_sqs_work/shanxi/raw/HLS-VI.S30.T49SFB.2018246T031541.v2.0.NDVI.tif,HLS-VI.S30.T49SFB.2018246T031541.v2.0.NDVI.tif,S30,T49SFB,2018-09-03,2018246,031541,EPSG:32649,600000.0,4090200.0,709800.0,4200000.0,True
/home/ec2-user/ndvi_sqs_work/shanxi/raw/HLS-VI.S30.T49SFC.2018246T031541.v2.0.NDVI.tif,HLS-VI.S30.T49SFC.2018246T031541.v2.0.NDVI.tif,S30,T49SFC,2018-09-03,2018246,031541,EPSG:32649,600000.0,4190220.0,709800.0,4300020.0,True
/home/ec2-user/ndvi_sqs_work/shanxi/raw/HLS-VI.S30.T49SFV.2018246T031541.v2.0.NDVI.tif,HLS-VI.S30.T49SFV.2018246T031541.v2.0.NDVI.tif,S30,T49SFV,2018-09-03,2018246,031541,EPSG:32649,600000.0,3890220.0,709800.0,4000020.0,True
/home/ec2-user/ndvi_sqs_work/shanxi/raw/HLS-VI.S30.T49SGB.2018246T031541.v2.0.NDVI.tif,HLS-VI.S30.T49SGB.2018246T031541.v2.0.NDVI.tif,S30,T49SGB,2018-09-03,2018246,031541,EPSG:32649,699960.0,4090200.0,809760.0,4200000.0,True
/home/ec2-user/ndvi_sqs_work/shanxi/raw/HLS-VI.S30.T49SGC.2018246T031541.v2.0.NDVI.tif,HLS-VI.S30.T49SGC.2018246T031541.v2.0.NDVI.tif,S30,T49SGC,2018-09-03,2018246,031541,EPSG:32649,699960.0,4190220.0,809760.0,4300020.0,True
/home/ec2-user/ndvi_sqs_work/shanxi/raw/HLS-VI.S30.T50SKH.2018246T031541.v2.0.NDVI.tif,HLS-VI.S30.T50SKH.2018246T031541.v2.0.NDVI.tif,S30,T50SKH,2018-09-03,2018246,031541,EPSG:32650,199980.0,4190220.0,309780.0,4300020.0,True
/home/ec2-user/ndvi_sqs_work/shanxi/raw/HLS-VI.S30.T49SDA.2018249T032531.v2.0.NDVI.tif,HLS-VI.S30.T49SDA.2018249T032531.v2.0.NDVI.tif,S30,T49SDA,2018-09-06,2018249,032531,EPSG:32649,399960.0,3990240.0,509760.0,4100040.0,True
/home/ec2-user/ndvi_sqs_work/shanxi/raw/HLS-VI.S30.T49SDB.2018249T032531.v2.0.NDVI.tif,HLS-VI.S30.T49SDB.2018249T032531.v2.0.NDVI.tif,S30,T49SDB,2018-09-06,2018249,032531,EPSG:32649,399960.0,4090200.0,509760.0,4200000.0,True
/home/ec2-user/ndvi_sqs_work/shanxi/raw/HLS-VI.S30.T49SFU.2018251T031529.v2.0.NDVI.tif,HLS-VI.S30.T49SFU.2018251T031529.v2.0.NDVI.tif,S30,T49SFU,2018-09-08,2018251,031529,EPSG:32649,600000.0,3790200.0,709800.0,3900000.0,True
/home/ec2-user/ndvi_sqs_work/shanxi/raw/HLS-VI.S30.T49SDC.2018264T032529.v2.0.NDVI.tif,HLS-VI.S30.T49SDC.2018264T032529.v2.0.NDVI.tif,S30,T49SDC,2018-09-21,2018264,032529,EPSG:32649,399960.0,4190220.0,509760.0,4300020.0,True
/home/ec2-user/ndvi_sqs_work/shanxi/raw/HLS-VI.S30.T49SDD.2018264T032529.v2.0.NDVI.tif,HLS-VI.S30.T49SDD.2018264T032529.v2.0.NDVI.tif,S30,T49SDD,2018-09-21,2018264,032529,EPSG:32649,399960.0,4290240.0,509760.0,4400040.0,True
/home/ec2-user/ndvi_sqs_work/shanxi/raw/HLS-VI.S30.T49SEB.2018264T032529.v2.0.NDVI.tif,HLS-VI.S30.T49SEB.2018264T032529.v2.0.NDVI.tif,S30,T49SEB,2018-09-21,2018264,032529,EPSG:32649,499980.0,4090200.0,609780.0,4200000.0,True
/home/ec2-user/ndvi_sqs_work/shanxi/raw/HLS-VI.S30.T49SEC.2018264T032529.v2.0.NDVI.tif,HLS-VI.S30.T49SEC.2018264T032529.v2.0.NDVI.tif,S30,T49SEC,2018-09-21,2018264,032529,EPSG:32649,499980.0,4190220.0,609780.0,4300020.0,True
/home/ec2-user/ndvi_sqs_work/shanxi/raw/HLS-VI.S30.T49SED.2018264T032529.v2.0.NDVI.tif,HLS-VI.S30.T49SED.2018264T032529.v2.0.NDVI.tif,S30,T49SED,2018-09-21,2018264,032529,EPSG:32649,499980.0,4290240.0,609780.0,4400040.0,True
/home/ec2-user/ndvi_sqs_work/shanxi/raw/HLS-VI.S30.T49TEE.2018264T032529.v2.0.NDVI.tif,HLS-VI.S30.T49TEE.2018264T032529.v2.0.NDVI.tif,S30,T49TEE,2018-09-21,2018264,032529,EPSG:32649,499980.0,4390200.0,609780.0,4500000.0,True
/home/ec2-user/ndvi_sqs_work/shanxi/raw/HLS-VI.S30.T49TFE.2018264T032529.v2.0.NDVI.tif,HLS-VI.S30.T49TFE.2018264T032529.v2.0.NDVI.tif,S30,T49TFE,2018-09-21,2018264,032529,EPSG:32649,600000.0,4390200.0,709800.0,4500000.0,True
/home/ec2-user/ndvi_sqs_work/shanxi/raw/HLS-VI.S30.T49SDC.2018271T031539.v2.0.NDVI.tif,HLS-VI.S30.T49SDC.2018271T031539.v2.0.NDVI.tif,S30,T49SDC,2018-09-28,2018271,031539,EPSG:32649,399960.0,4190220.0,509760.0,4300020.0,True
/home/ec2-user/ndvi_sqs_work/shanxi/raw/HLS-VI.S30.T49SFA.2018271T031539.v2.0.NDVI.tif,HLS-VI.S30.T49SFA.2018271T031539.v2.0.NDVI.tif,S30,T49SFA,2018-09-28,2018271,031539,EPSG:32649,600000.0,3990240.0,709800.0,4100040.0,True
/home/ec2-user/ndvi_sqs_work/shanxi/raw/HLS-VI.S30.T49SGA.2018271T031539.v2.0.NDVI.tif,HLS-VI.S30.T49SGA.2018271T031539.v2.0.NDVI.tif,S30,T49SGA,2018-09-28,2018271,031539,EPSG:32649,699960.0,3990240.0,809760.0,4100040.0,True
/home/ec2-user/ndvi_sqs_work/shanxi/raw/HLS-VI.S30.T49SGB.2018271T031539.v2.0.NDVI.tif,HLS-VI.S30.T49SGB.2018271T031539.v2.0.NDVI.tif,S30,T49SGB,2018-09-28,2018271,031539,EPSG:32649,699960.0,4090200.0,809760.0,4200000.0,True
/home/ec2-user/ndvi_sqs_work/shanxi/raw/HLS-VI.S30.T49SGC.2018271T031539.v2.0.NDVI.tif,HLS-VI.S30.T49SGC.2018271T031539.v2.0.NDVI.tif,S30,T49SGC,2018-09-28,2018271,031539,EPSG:32649,699960.0,4190220.0,809760.0,4300020.0,True
/home/ec2-user/ndvi_sqs_work/shanxi/raw/HLS-VI.S30.T49SGV.2018271T031539.v2.0.NDVI.tif,HLS-VI.S30.T49SGV.2018271T031539.v2.0.NDVI.tif,S30,T49SGV,2018-09-28,2018271,031539,EPSG:32649,699960.0,3890220.0,809760.0,4000020.0,True
/home/ec2-user/ndvi_sqs_work/shanxi/raw/HLS-VI.S30.T50SKG.2018271T031539.v2.0.NDVI.tif,HLS-VI.S30.T50SKG.2018271T031539.v2.0.NDVI.tif,S30,T50SKG,2018-09-28,2018271,031539,EPSG:32650,199980.0,4090200.0,309780.0,4200000.0,True
/home/ec2-user/ndvi_sqs_work/shanxi/raw/HLS-VI.S30.T50SKH.2018271T031539.v2.0.NDVI.tif,HLS-VI.S30.T50SKH.2018271T031539.v2.0.NDVI.tif,S30,T50SKH,2018-09-28,2018271,031539,EPSG:32650,199980.0,4190220.0,309780.0,4300020.0,True
/home/ec2-user/ndvi_sqs_work/shanxi/raw/HLS-VI.S30.T49SFA.2018273T030541.v2.0.NDVI.tif,HLS-VI.S30.T49SFA.2018273T030541.v2.0.NDVI.tif,S30,T49SFA,2018-09-30,2018273,030541,EPSG:32649,600000.0,3990240.0,709800.0,4100040.0,True
/home/ec2-user/ndvi_sqs_work/shanxi/raw/HLS-VI.S30.T49SFB.2018273T030541.v2.0.NDVI.tif,HLS-VI.S30.T49SFB.2018273T030541.v2.0.NDVI.tif,S30,T49SFB,2018-09-30,2018273,030541,EPSG:32649,600000.0,4090200.0,709800.0,4200000.0,True
/home/ec2-user/ndvi_sqs_work/shanxi/raw/HLS-VI.S30.T49SGA.2018273T030541.v2.0.NDVI.tif,HLS-VI.S30.T49SGA.2018273T030541.v2.0.NDVI.tif,S30,T49SGA,2018-09-30,2018273,030541,EPSG:32649,699960.0,3990240.0,809760.0,4100040.0,True
/home/ec2-user/ndvi_sqs_work/shanxi/raw/HLS-VI.S30.T49SGB.2018273T030541.v2.0.NDVI.tif,HLS-VI.S30.T49SGB.2018273T030541.v2.0.NDVI.tif,S30,T49SGB,2018-09-30,2018273,030541,EPSG:32649,699960.0,4090200.0,809760.0,4200000.0,True
/home/ec2-user/ndvi_sqs_work/shanxi/raw/HLS-VI.S30.T50SKF.2018273T030541.v2.0.NDVI.tif,HLS-VI.S30.T50SKF.2018273T030541.v2.0.NDVI.tif,S30,T50SKF,2018-09-30,2018273,030541,EPSG:32650,199980.0,3990240.0,309780.0,4100040.0,True
/home/ec2-user/ndvi_sqs_work/shanxi/raw/HLS-VI.S30.T50SKG.2018273T030541.v2.0.NDVI.tif,HLS-VI.S30.T50SKG.2018273T030541.v2.0.NDVI.tif,S30,T50SKG,2018-09-30,2018273,030541,EPSG:32650,199980.0,4090200.0,309780.0,4200000.0,True
/home/ec2-user/ndvi_sqs_work/shanxi/raw/HLS-VI.S30.T49SDA.2018276T031541.v2.0.NDVI.tif,HLS-VI.S30.T49SDA.2018276T031541.v2.0.NDVI.tif,S30,T49SDA,2018-10-03,2018276,031541,EPSG:32649,399960.0,3990240.0,509760.0,4100040.0,True
/home/ec2-user/ndvi_sqs_work/shanxi/raw/HLS-VI.S30.T49SDB.2018276T031541.v2.0.NDVI.tif,HLS-VI.S30.T49SDB.2018276T031541.v2.0.NDVI.tif,S30,T49SDB,2018-10-03,2018276,031541,EPSG:32649,399960.0,4090200.0,509760.0,4200000.0,True
/home/ec2-user/ndvi_sqs_work/shanxi/raw/HLS-VI.S30.T49SDC.2018276T031541.v2.0.NDVI.tif,HLS-VI.S30.T49SDC.2018276T031541.v2.0.NDVI.tif,S30,T49SDC,2018-10-03,2018276,031541,EPSG:32649,399960.0,4190220.0,509760.0,4300020.0,True
/home/ec2-user/ndvi_sqs_work/shanxi/raw/HLS-VI.S30.T49SDD.2018276T031541.v2.0.NDVI.tif,HLS-VI.S30.T49SDD.2018276T031541.v2.0.NDVI.tif,S30,T49SDD,2018-10-03,2018276,031541,EPSG:32649,399960.0,4290240.0,509760.0,4400040.0,True
/home/ec2-user/ndvi_sqs_work/shanxi/raw/HLS-VI.S30.T49SDV.2018276T031541.v2.0.NDVI.tif,HLS-VI.S30.T49SDV.2018276T031541.v2.0.NDVI.tif,S30,T49SDV,2018-10-03,2018276,031541,EPSG:32649,399960.0,3890220.0,509760.0,4000020.0,True
/home/ec2-user/ndvi_sqs_work/shanxi/raw/HLS-VI.S30.T49SEA.2018276T031541.v2.0.NDVI.tif,HLS-VI.S30.T49SEA.2018276T031541.v2.0.NDVI.tif,S30,T49SEA,2018-10-03,2018276,031541,EPSG:32649,499980.0,3990240.0,609780.0,4100040.0,True
/home/ec2-user/ndvi_sqs_work/shanxi/raw/HLS-VI.S30.T49SEB.2018276T031541.v2.0.NDVI.tif,HLS-VI.S30.T49SEB.2018276T031541.v2.0.NDVI.tif,S30,T49SEB,2018-10-03,2018276,031541,EPSG:32649,499980.0,4090200.0,609780.0,4200000.0,True
/home/ec2-user/ndvi_sqs_work/shanxi/raw/HLS-VI.S30.T49SEC.2018276T031541.v2.0.NDVI.tif,HLS-VI.S30.T49SEC.2018276T031541.v2.0.NDVI.tif,S30,T49SEC,2018-10-03,2018276,031541,EPSG:32649,499980.0,4190220.0,609780.0,4300020.0,True
/home/ec2-user/ndvi_sqs_work/shanxi/raw/HLS-VI.S30.T49SED.2018276T031541.v2.0.NDVI.tif,HLS-VI.S30.T49SED.2018276T031541.v2.0.NDVI.tif,S30,T49SED,2018-10-03,2018276,031541,EPSG:32649,499980.0,4290240.0,609780.0,4400040.0,True
/home/ec2-user/ndvi_sqs_work/shanxi/raw/HLS-VI.S30.T49SEU.2018276T031541.v2.0.NDVI.tif,HLS-VI.S30.T49SEU.2018276T031541.v2.0.NDVI.tif,S30,T49SEU,2018-10-03,2018276,031541,EPSG:32649,499980.0,3790200.0,609780.0,3900000.0,True
/home/ec2-user/ndvi_sqs_work/shanxi/raw/HLS-VI.S30.T49SFC.2018276T031541.v2.0.NDVI.tif,HLS-VI.S30.T49SFC.2018276T031541.v2.0.NDVI.tif,S30,T49SFC,2018-10-03,2018276,031541,EPSG:32649,600000.0,4190220.0,709800.0,4300020.0,True
/home/ec2-user/ndvi_sqs_work/shanxi/raw/HLS-VI.S30.T49SFD.2018276T031541.v2.0.NDVI.tif,HLS-VI.S30.T49SFD.2018276T031541.v2.0.NDVI.tif,S30,T49SFD,2018-10-03,2018276,031541,EPSG:32649,600000.0,4290240.0,709800.0,4400040.0,True
/home/ec2-user/ndvi_sqs_work/shanxi/raw/HLS-VI.S30.T49SGC.2018276T031541.v2.0.NDVI.tif,HLS-VI.S30.T49SGC.2018276T031541.v2.0.NDVI.tif,S30,T49SGC,2018-10-03,2018276,031541,EPSG:32649,699960.0,4190220.0,809760.0,4300020.0,True
/home/ec2-user/ndvi_sqs_work/shanxi/raw/HLS-VI.S30.T49SGD.2018276T031541.v2.0.NDVI.tif,HLS-VI.S30.T49SGD.2018276T031541.v2.0.NDVI.tif,S30,T49SGD,2018-10-03,2018276,031541,EPSG:32649,699960.0,4290240.0,809760.0,4400040.0,True
/home/ec2-user/ndvi_sqs_work/shanxi/raw/HLS-VI.S30.T49TEE.2018276T031541.v2.0.NDVI.tif,HLS-VI.S30.T49TEE.2018276T031541.v2.0.NDVI.tif,S30,T49TEE,2018-10-03,2018276,031541,EPSG:32649,499980.0,4390200.0,609780.0,4500000.0,True
/home/ec2-user/ndvi_sqs_work/shanxi/raw/HLS-VI.S30.T49TFE.2018276T031541.v2.0.NDVI.tif,HLS-VI.S30.T49TFE.2018276T031541.v2.0.NDVI.tif,S30,T49TFE,2018-10-03,2018276,031541,EPSG:32649,600000.0,4390200.0,709800.0,4500000.0,True
/home/ec2-user/ndvi_sqs_work/shanxi/raw/HLS-VI.S30.T49TGE.2018276T031541.v2.0.NDVI.tif,HLS-VI.S30.T49TGE.2018276T031541.v2.0.NDVI.tif,S30,T49TGE,2018-10-03,2018276,031541,EPSG:32649,699960.0,4390200.0,809760.0,4500000.0,True
/home/ec2-user/ndvi_sqs_work/shanxi/raw/HLS-VI.S30.T49TGF.2018276T031541.v2.0.NDVI.tif,HLS-VI.S30.T49TGF.2018276T031541.v2.0.NDVI.tif,S30,T49TGF,2018-10-03,2018276,031541,EPSG:32649,699960.0,4490220.0,809760.0,4600020.0,True
/home/ec2-user/ndvi_sqs_work/shanxi/raw/HLS-VI.S30.T50SKH.2018276T031541.v2.0.NDVI.tif,HLS-VI.S30.T50SKH.2018276T031541.v2.0.NDVI.tif,S30,T50SKH,2018-10-03,2018276,031541,EPSG:32650,199980.0,4190220.0,309780.0,4300020.0,True
/home/ec2-user/ndvi_sqs_work/shanxi/raw/HLS-VI.S30.T50SKJ.2018276T031541.v2.0.NDVI.tif,HLS-VI.S30.T50SKJ.2018276T031541.v2.0.NDVI.tif,S30,T50SKJ,2018-10-03,2018276,031541,EPSG:32650,199980.0,4290240.0,309780.0,4400040.0,True
/home/ec2-user/ndvi_sqs_work/shanxi/raw/HLS-VI.S30.T50TKK.2018276T031541.v2.0.NDVI.tif,HLS-VI.S30.T50TKK.2018276T031541.v2.0.NDVI.tif,S30,T50TKK,2018-10-03,2018276,031541,EPSG:32650,199980.0,4390200.0,309780.0,4500000.0,True
/home/ec2-user/ndvi_sqs_work/shanxi/raw/HLS-VI.S30.T50TKL.2018276T031541.v2.0.NDVI.tif,HLS-VI.S30.T50TKL.2018276T031541.v2.0.NDVI.tif,S30,T50TKL,2018-10-03,2018276,031541,EPSG:32650,199980.0,4490220.0,309780.0,4600020.0,True
/home/ec2-user/ndvi_sqs_work/shanxi/raw/HLS-VI.S30.T49TGF.2018278T030549.v2.0.NDVI.tif,HLS-VI.S30.T49TGF.2018278T030549.v2.0.NDVI.tif,S30,T49TGF,2018-10-05,2018278,030549,EPSG:32649,699960.0,4490220.0,809760.0,4600020.0,True
/home/ec2-user/ndvi_sqs_work/shanxi/raw/HLS-VI.S30.T50TKL.2018278T030549.v2.0.NDVI.tif,HLS-VI.S30.T50TKL.2018278T030549.v2.0.NDVI.tif,S30,T50TKL,2018-10-05,2018278,030549,EPSG:32650,199980.0,4490220.0,309780.0,4600020.0,True
/home/ec2-user/ndvi_sqs_work/shanxi/raw/HLS-VI.S30.T49SDD.2018279T032611.v2.0.NDVI.tif,HLS-VI.S30.T49SDD.2018279T032611.v2.0.NDVI.tif,S30,T49SDD,2018-10-06,2018279,032611,EPSG:32649,399960.0,4290240.0,509760.0,4400040.0,True
/home/ec2-user/ndvi_sqs_work/shanxi/raw/HLS-VI.S30.T49TEE.2018279T032611.v2.0.NDVI.tif,HLS-VI.S30.T49TEE.2018279T032611.v2.0.NDVI.tif,S30,T49TEE,2018-10-06,2018279,032611,EPSG:32649,499980.0,4390200.0,609780.0,4500000.0,True
/home/ec2-user/ndvi_sqs_work/shanxi/raw/HLS-VI.S30.T49SED.2018281T031619.v2.0.NDVI.tif,HLS-VI.S30.T49SED.2018281T031619.v2.0.NDVI.tif,S30,T49SED,2018-10-08,2018281,031619,EPSG:32649,499980.0,4290240.0,609780.0,4400040.0,True
/home/ec2-user/ndvi_sqs_work/shanxi/raw/HLS-VI.S30.T49SFA.2018283T030631.v2.0.NDVI.tif,HLS-VI.S30.T49SFA.2018283T030631.v2.0.NDVI.tif,S30,T49SFA,2018-10-10,2018283,030631,EPSG:32649,600000.0,3990240.0,709800.0,4100040.0,True
/home/ec2-user/ndvi_sqs_work/shanxi/raw/HLS-VI.S30.T49SFB.2018283T030631.v2.0.NDVI.tif,HLS-VI.S30.T49SFB.2018283T030631.v2.0.NDVI.tif,S30,T49SFB,2018-10-10,2018283,030631,EPSG:32649,600000.0,4090200.0,709800.0,4200000.0,True
/home/ec2-user/ndvi_sqs_work/shanxi/raw/HLS-VI.S30.T49SFC.2018283T030631.v2.0.NDVI.tif,HLS-VI.S30.T49SFC.2018283T030631.v2.0.NDVI.tif,S30,T49SFC,2018-10-10,2018283,030631,EPSG:32649,600000.0,4190220.0,709800.0,4300020.0,True
/home/ec2-user/ndvi_sqs_work/shanxi/raw/HLS-VI.S30.T49SFV.2018283T030631.v2.0.NDVI.tif,HLS-VI.S30.T49SFV.2018283T030631.v2.0.NDVI.tif,S30,T49SFV,2018-10-10,2018283,030631,EPSG:32649,600000.0,3890220.0,709800.0,4000020.0,True
/home/ec2-user/ndvi_sqs_work/shanxi/raw/HLS-VI.S30.T49SGA.2018283T030631.v2.0.NDVI.tif,HLS-VI.S30.T49SGA.2018283T030631.v2.0.NDVI.tif,S30,T49SGA,2018-10-10,2018283,030631,EPSG:32649,699960.0,3990240.0,809760.0,4100040.0,True
/home/ec2-user/ndvi_sqs_work/shanxi/raw/HLS-VI.S30.T49SGB.2018283T030631.v2.0.NDVI.tif,HLS-VI.S30.T49SGB.2018283T030631.v2.0.NDVI.tif,S30,T49SGB,2018-10-10,2018283,030631,EPSG:32649,699960.0,4090200.0,809760.0,4200000.0,True
/home/ec2-user/ndvi_sqs_work/shanxi/raw/HLS-VI.S30.T49SGC.2018283T030631.v2.0.NDVI.tif,HLS-VI.S30.T49SGC.2018283T030631.v2.0.NDVI.tif,S30,T49SGC,2018-10-10,2018283,030631,EPSG:32649,699960.0,4190220.0,809760.0,4300020.0,True
/home/ec2-user/ndvi_sqs_work/shanxi/raw/HLS-VI.S30.T50SKF.2018283T030631.v2.0.NDVI.tif,HLS-VI.S30.T50SKF.2018283T030631.v2.0.NDVI.tif,S30,T50SKF,2018-10-10,2018283,030631,EPSG:32650,199980.0,3990240.0,309780.0,4100040.0,True
/home/ec2-user/ndvi_sqs_work/shanxi/raw/HLS-VI.S30.T50SKG.2018283T030631.v2.0.NDVI.tif,HLS-VI.S30.T50SKG.2018283T030631.v2.0.NDVI.tif,S30,T50SKG,2018-10-10,2018283,030631,EPSG:32650,199980.0,4090200.0,309780.0,4200000.0,True
/home/ec2-user/ndvi_sqs_work/shanxi/raw/HLS-VI.S30.T49SDA.2018284T032639.v2.0.NDVI.tif,HLS-VI.S30.T49SDA.2018284T032639.v2.0.NDVI.tif,S30,T49SDA,2018-10-11,2018284,032639,EPSG:32649,399960.0,3990240.0,509760.0,4100040.0,True
/home/ec2-user/ndvi_sqs_work/shanxi/raw/HLS-VI.S30.T49SDB.2018284T032639.v2.0.NDVI.tif,HLS-VI.S30.T49SDB.2018284T032639.v2.0.NDVI.tif,S30,T49SDB,2018-10-11,2018284,032639,EPSG:32649,399960.0,4090200.0,509760.0,4200000.0,True
/home/ec2-user/ndvi_sqs_work/shanxi/raw/HLS-VI.S30.T49SDC.2018284T032639.v2.0.NDVI.tif,HLS-VI.S30.T49SDC.2018284T032639.v2.0.NDVI.tif,S30,T49SDC,2018-10-11,2018284,032639,EPSG:32649,399960.0,4190220.0,509760.0,4300020.0,True
/home/ec2-user/ndvi_sqs_work/shanxi/raw/HLS-VI.S30.T49SDV.2018284T032639.v2.0.NDVI.tif,HLS-VI.S30.T49SDV.2018284T032639.v2.0.NDVI.tif,S30,T49SDV,2018-10-11,2018284,032639,EPSG:32649,399960.0,3890220.0,509760.0,4000020.0,True
/home/ec2-user/ndvi_sqs_work/shanxi/raw/HLS-VI.S30.T49SEA.2018284T032639.v2.0.NDVI.tif,HLS-VI.S30.T49SEA.2018284T032639.v2.0.NDVI.tif,S30,T49SEA,2018-10-11,2018284,032639,EPSG:32649,499980.0,3990240.0,609780.0,4100040.0,True
/home/ec2-user/ndvi_sqs_work/shanxi/raw/HLS-VI.S30.T49SEB.2018284T032639.v2.0.NDVI.tif,HLS-VI.S30.T49SEB.2018284T032639.v2.0.NDVI.tif,S30,T49SEB,2018-10-11,2018284,032639,EPSG:32649,499980.0,4090200.0,609780.0,4200000.0,True
/home/ec2-user/ndvi_sqs_work/shanxi/raw/HLS-VI.S30.T49SEC.2018284T032639.v2.0.NDVI.tif,HLS-VI.S30.T49SEC.2018284T032639.v2.0.NDVI.tif,S30,T49SEC,2018-10-11,2018284,032639,EPSG:32649,499980.0,4190220.0,609780.0,4300020.0,True
/home/ec2-user/ndvi_sqs_work/shanxi/raw/HLS-VI.S30.T49TFE.2018284T032639.v2.0.NDVI.tif,HLS-VI.S30.T49TFE.2018284T032639.v2.0.NDVI.tif,S30,T49TFE,2018-10-11,2018284,032639,EPSG:32649,600000.0,4390200.0,709800.0,4500000.0,True
/home/ec2-user/ndvi_sqs_work/shanxi/raw/HLS-VI.S30.T49SED.2018289T032711.v2.0.NDVI.tif,HLS-VI.S30.T49SED.2018289T032711.v2.0.NDVI.tif,S30,T49SED,2018-10-16,2018289,032711,EPSG:32649,499980.0,4290240.0,609780.0,4400040.0,True
/home/ec2-user/ndvi_sqs_work/shanxi/raw/HLS-VI.S30.T49TEE.2018289T032711.v2.0.NDVI.tif,HLS-VI.S30.T49TEE.2018289T032711.v2.0.NDVI.tif,S30,T49TEE,2018-10-16,2018289,032711,EPSG:32649,499980.0,4390200.0,609780.0,4500000.0,True
/home/ec2-user/ndvi_sqs_work/shanxi/raw/HLS-VI.S30.T49SDA.2018296T031801.v2.0.NDVI.tif,HLS-VI.S30.T49SDA.2018296T031801.v2.0.NDVI.tif,S30,T49SDA,2018-10-23,2018296,031801,EPSG:32649,399960.0,3990240.0,509760.0,4100040.0,True
/home/ec2-user/ndvi_sqs_work/shanxi/raw/HLS-VI.S30.T49SDB.2018296T031801.v2.0.NDVI.tif,HLS-VI.S30.T49SDB.2018296T031801.v2.0.NDVI.tif,S30,T49SDB,2018-10-23,2018296,031801,EPSG:32649,399960.0,4090200.0,509760.0,4200000.0,True
/home/ec2-user/ndvi_sqs_work/shanxi/raw/HLS-VI.S30.T49SDC.2018296T031801.v2.0.NDVI.tif,HLS-VI.S30.T49SDC.2018296T031801.v2.0.NDVI.tif,S30,T49SDC,2018-10-23,2018296,031801,EPSG:32649,399960.0,4190220.0,509760.0,4300020.0,True
/home/ec2-user/ndvi_sqs_work/shanxi/raw/HLS-VI.S30.T49SDD.2018296T031801.v2.0.NDVI.tif,HLS-VI.S30.T49SDD.2018296T031801.v2.0.NDVI.tif,S30,T49SDD,2018-10-23,2018296,031801,EPSG:32649,399960.0,4290240.0,509760.0,4400040.0,True
/home/ec2-user/ndvi_sqs_work/shanxi/raw/HLS-VI.S30.T49SEB.2018296T031801.v2.0.NDVI.tif,HLS-VI.S30.T49SEB.2018296T031801.v2.0.NDVI.tif,S30,T49SEB,2018-10-23,2018296,031801,EPSG:32649,499980.0,4090200.0,609780.0,4200000.0,True
/home/ec2-user/ndvi_sqs_work/shanxi/raw/HLS-VI.S30.T49SEC.2018296T031801.v2.0.NDVI.tif,HLS-VI.S30.T49SEC.2018296T031801.v2.0.NDVI.tif,S30,T49SEC,2018-10-23,2018296,031801,EPSG:32649,499980.0,4190220.0,609780.0,4300020.0,True
/home/ec2-user/ndvi_sqs_work/shanxi/raw/HLS-VI.S30.T49SED.2018296T031801.v2.0.NDVI.tif,HLS-VI.S30.T49SED.2018296T031801.v2.0.NDVI.tif,S30,T49SED,2018-10-23,2018296,031801,EPSG:32649,499980.0,4290240.0,609780.0,4400040.0,True
/home/ec2-user/ndvi_sqs_work/shanxi/raw/HLS-VI.S30.T49SFC.2018296T031801.v2.0.NDVI.tif,HLS-VI.S30.T49SFC.2018296T031801.v2.0.NDVI.tif,S30,T49SFC,2018-10-23,2018296,031801,EPSG:32649,600000.0,4190220.0,709800.0,4300020.0,True
/home/ec2-user/ndvi_sqs_work/shanxi/raw/HLS-VI.S30.T49SFD.2018296T031801.v2.0.NDVI.tif,HLS-VI.S30.T49SFD.2018296T031801.v2.0.NDVI.tif,S30,T49SFD,2018-10-23,2018296,031801,EPSG:32649,600000.0,4290240.0,709800.0,4400040.0,True
/home/ec2-user/ndvi_sqs_work/shanxi/raw/HLS-VI.S30.T49SGB.2018296T031801.v2.0.NDVI.tif,HLS-VI.S30.T49SGB.2018296T031801.v2.0.NDVI.tif,S30,T49SGB,2018-10-23,2018296,031801,EPSG:32649,699960.0,4090200.0,809760.0,4200000.0,True
/home/ec2-user/ndvi_sqs_work/shanxi/raw/HLS-VI.S30.T49SGD.2018296T031801.v2.0.NDVI.tif,HLS-VI.S30.T49SGD.2018296T031801.v2.0.NDVI.tif,S30,T49SGD,2018-10-23,2018296,031801,EPSG:32649,699960.0,4290240.0,809760.0,4400040.0,True
/home/ec2-user/ndvi_sqs_work/shanxi/raw/HLS-VI.S30.T49TEE.2018296T031801.v2.0.NDVI.tif,HLS-VI.S30.T49TEE.2018296T031801.v2.0.NDVI.tif,S30,T49TEE,2018-10-23,2018296,031801,EPSG:32649,499980.0,4390200.0,609780.0,4500000.0,True
/home/ec2-user/ndvi_sqs_work/shanxi/raw/HLS-VI.S30.T49TGE.2018296T031801.v2.0.NDVI.tif,HLS-VI.S30.T49TGE.2018296T031801.v2.0.NDVI.tif,S30,T49TGE,2018-10-23,2018296,031801,EPSG:32649,699960.0,4390200.0,809760.0,4500000.0,True
/home/ec2-user/ndvi_sqs_work/shanxi/raw/HLS-VI.S30.T50SKH.2018296T031801.v2.0.NDVI.tif,HLS-VI.S30.T50SKH.2018296T031801.v2.0.NDVI.tif,S30,T50SKH,2018-10-23,2018296,031801,EPSG:32650,199980.0,4190220.0,309780.0,4300020.0,True
/home/ec2-user/ndvi_sqs_work/shanxi/raw/HLS-VI.S30.T50SKJ.2018296T031801.v2.0.NDVI.tif,HLS-VI.S30.T50SKJ.2018296T031801.v2.0.NDVI.tif,S30,T50SKJ,2018-10-23,2018296,031801,EPSG:32650,199980.0,4290240.0,309780.0,4400040.0,True
/home/ec2-user/ndvi_sqs_work/shanxi/raw/HLS-VI.S30.T50TKK.2018296T031801.v2.0.NDVI.tif,HLS-VI.S30.T50TKK.2018296T031801.v2.0.NDVI.tif,S30,T50TKK,2018-10-23,2018296,031801,EPSG:32650,199980.0,4390200.0,309780.0,4500000.0,True
/home/ec2-user/ndvi_sqs_work/shanxi/raw/HLS-VI.S30.T49SDA.2018299T032821.v2.0.NDVI.tif,HLS-VI.S30.T49SDA.2018299T032821.v2.0.NDVI.tif,S30,T49SDA,2018-10-26,2018299,032821,EPSG:32649,399960.0,3990240.0,509760.0,4100040.0,True
/home/ec2-user/ndvi_sqs_work/shanxi/raw/HLS-VI.S30.T49SDB.2018299T032821.v2.0.NDVI.tif,HLS-VI.S30.T49SDB.2018299T032821.v2.0.NDVI.tif,S30,T49SDB,2018-10-26,2018299,032821,EPSG:32649,399960.0,4090200.0,509760.0,4200000.0,True
/home/ec2-user/ndvi_sqs_work/shanxi/raw/HLS-VI.S30.T49SDC.2018299T032821.v2.0.NDVI.tif,HLS-VI.S30.T49SDC.2018299T032821.v2.0.NDVI.tif,S30,T49SDC,2018-10-26,2018299,032821,EPSG:32649,399960.0,4190220.0,509760.0,4300020.0,True
/home/ec2-user/ndvi_sqs_work/shanxi/raw/HLS-VI.S30.T49SDD.2018299T032821.v2.0.NDVI.tif,HLS-VI.S30.T49SDD.2018299T032821.v2.0.NDVI.tif,S30,T49SDD,2018-10-26,2018299,032821,EPSG:32649,399960.0,4290240.0,509760.0,4400040.0,True
/home/ec2-user/ndvi_sqs_work/shanxi/raw/HLS-VI.S30.T49SDV.2018299T032821.v2.0.NDVI.tif,HLS-VI.S30.T49SDV.2018299T032821.v2.0.NDVI.tif,S30,T49SDV,2018-10-26,2018299,032821,EPSG:32649,399960.0,3890220.0,509760.0,4000020.0,True
/home/ec2-user/ndvi_sqs_work/shanxi/raw/HLS-VI.S30.T49SDA.2018301T031829.v2.0.NDVI.tif,HLS-VI.S30.T49SDA.2018301T031829.v2.0.NDVI.tif,S30,T49SDA,2018-10-28,2018301,031829,EPSG:32649,399960.0,3990240.0,509760.0,4100040.0,True
/home/ec2-user/ndvi_sqs_work/shanxi/raw/HLS-VI.S30.T49SDB.2018301T031829.v2.0.NDVI.tif,HLS-VI.S30.T49SDB.2018301T031829.v2.0.NDVI.tif,S30,T49SDB,2018-10-28,2018301,031829,EPSG:32649,399960.0,4090200.0,509760.0,4200000.0,True
/home/ec2-user/ndvi_sqs_work/shanxi/raw/HLS-VI.S30.T49SDC.2018301T031829.v2.0.NDVI.tif,HLS-VI.S30.T49SDC.2018301T031829.v2.0.NDVI.tif,S30,T49SDC,2018-10-28,2018301,031829,EPSG:32649,399960.0,4190220.0,509760.0,4300020.0,True
/home/ec2-user/ndvi_sqs_work/shanxi/raw/HLS-VI.S30.T49SDV.2018301T031829.v2.0.NDVI.tif,HLS-VI.S30.T49SDV.2018301T031829.v2.0.NDVI.tif,S30,T49SDV,2018-10-28,2018301,031829,EPSG:32649,399960.0,3890220.0,509760.0,4000020.0,True
/home/ec2-user/ndvi_sqs_work/shanxi/raw/HLS-VI.S30.T49SEA.2018301T031829.v2.0.NDVI.tif,HLS-VI.S30.T49SEA.2018301T031829.v2.0.NDVI.tif,S30,T49SEA,2018-10-28,2018301,031829,EPSG:32649,499980.0,3990240.0,609780.0,4100040.0,True
/home/ec2-user/ndvi_sqs_work/shanxi/raw/HLS-VI.S30.T49SEB.2018301T031829.v2.0.NDVI.tif,HLS-VI.S30.T49SEB.2018301T031829.v2.0.NDVI.tif,S30,T49SEB,2018-10-28,2018301,031829,EPSG:32649,499980.0,4090200.0,609780.0,4200000.0,True
/home/ec2-user/ndvi_sqs_work/shanxi/raw/HLS-VI.S30.T49SEC.2018301T031829.v2.0.NDVI.tif,HLS-VI.S30.T49SEC.2018301T031829.v2.0.NDVI.tif,S30,T49SEC,2018-10-28,2018301,031829,EPSG:32649,499980.0,4190220.0,609780.0,4300020.0,True
/home/ec2-user/ndvi_sqs_work/shanxi/raw/HLS-VI.S30.T49SED.2018301T031829.v2.0.NDVI.tif,HLS-VI.S30.T49SED.2018301T031829.v2.0.NDVI.tif,S30,T49SED,2018-10-28,2018301,031829,EPSG:32649,499980.0,4290240.0,609780.0,4400040.0,True
/home/ec2-user/ndvi_sqs_work/shanxi/raw/HLS-VI.S30.T49SEV.2018301T031829.v2.0.NDVI.tif,HLS-VI.S30.T49SEV.2018301T031829.v2.0.NDVI.tif,S30,T49SEV,2018-10-28,2018301,031829,EPSG:32649,499980.0,3890220.0,609780.0,4000020.0,True
/home/ec2-user/ndvi_sqs_work/shanxi/raw/HLS-VI.S30.T49SFA.2018301T031829.v2.0.NDVI.tif,HLS-VI.S30.T49SFA.2018301T031829.v2.0.NDVI.tif,S30,T49SFA,2018-10-28,2018301,031829,EPSG:32649,600000.0,3990240.0,709800.0,4100040.0,True
/home/ec2-user/ndvi_sqs_work/shanxi/raw/HLS-VI.S30.T49SFB.2018301T031829.v2.0.NDVI.tif,HLS-VI.S30.T49SFB.2018301T031829.v2.0.NDVI.tif,S30,T49SFB,2018-10-28,2018301,031829,EPSG:32649,600000.0,4090200.0,709800.0,4200000.0,True
/home/ec2-user/ndvi_sqs_work/shanxi/raw/HLS-VI.S30.T49SFC.2018301T031829.v2.0.NDVI.tif,HLS-VI.S30.T49SFC.2018301T031829.v2.0.NDVI.tif,S30,T49SFC,2018-10-28,2018301,031829,EPSG:32649,600000.0,4190220.0,709800.0,4300020.0,True
/home/ec2-user/ndvi_sqs_work/shanxi/raw/HLS-VI.S30.T49SFU.2018301T031829.v2.0.NDVI.tif,HLS-VI.S30.T49SFU.2018301T031829.v2.0.NDVI.tif,S30,T49SFU,2018-10-28,2018301,031829,EPSG:32649,600000.0,3790200.0,709800.0,3900000.0,True
/home/ec2-user/ndvi_sqs_work/shanxi/raw/HLS-VI.S30.T49SFV.2018301T031829.v2.0.NDVI.tif,HLS-VI.S30.T49SFV.2018301T031829.v2.0.NDVI.tif,S30,T49SFV,2018-10-28,2018301,031829,EPSG:32649,600000.0,3890220.0,709800.0,4000020.0,True
/home/ec2-user/ndvi_sqs_work/shanxi/raw/HLS-VI.S30.T49SGA.2018301T031829.v2.0.NDVI.tif,HLS-VI.S30.T49SGA.2018301T031829.v2.0.NDVI.tif,S30,T49SGA,2018-10-28,2018301,031829,EPSG:32649,699960.0,3990240.0,809760.0,4100040.0,True
/home/ec2-user/ndvi_sqs_work/shanxi/raw/HLS-VI.S30.T49SGB.2018301T031829.v2.0.NDVI.tif,HLS-VI.S30.T49SGB.2018301T031829.v2.0.NDVI.tif,S30,T49SGB,2018-10-28,2018301,031829,EPSG:32649,699960.0,4090200.0,809760.0,4200000.0,True
/home/ec2-user/ndvi_sqs_work/shanxi/raw/HLS-VI.S30.T49SGC.2018301T031829.v2.0.NDVI.tif,HLS-VI.S30.T49SGC.2018301T031829.v2.0.NDVI.tif,S30,T49SGC,2018-10-28,2018301,031829,EPSG:32649,699960.0,4190220.0,809760.0,4300020.0,True
/home/ec2-user/ndvi_sqs_work/shanxi/raw/HLS-VI.S30.T49SGV.2018301T031829.v2.0.NDVI.tif,HLS-VI.S30.T49SGV.2018301T031829.v2.0.NDVI.tif,S30,T49SGV,2018-10-28,2018301,031829,EPSG:32649,699960.0,3890220.0,809760.0,4000020.0,True
/home/ec2-user/ndvi_sqs_work/shanxi/raw/HLS-VI.S30.T49TEE.2018301T031829.v2.0.NDVI.tif,HLS-VI.S30.T49TEE.2018301T031829.v2.0.NDVI.tif,S30,T49TEE,2018-10-28,2018301,031829,EPSG:32649,499980.0,4390200.0,609780.0,4500000.0,True
/home/ec2-user/ndvi_sqs_work/shanxi/raw/HLS-VI.S30.T50SKG.2018301T031829.v2.0.NDVI.tif,HLS-VI.S30.T50SKG.2018301T031829.v2.0.NDVI.tif,S30,T50SKG,2018-10-28,2018301,031829,EPSG:32650,199980.0,4090200.0,309780.0,4200000.0,True
/home/ec2-user/ndvi_sqs_work/shanxi/raw/HLS-VI.S30.T50SKH.2018301T031829.v2.0.NDVI.tif,HLS-VI.S30.T50SKH.2018301T031829.v2.0.NDVI.tif,S30,T50SKH,2018-10-28,2018301,031829,EPSG:32650,199980.0,4190220.0,309780.0,4300020.0,True
/home/ec2-user/ndvi_sqs_work/shanxi/raw/HLS-VI.S30.T49SFB.2018303T030831.v2.0.NDVI.tif,HLS-VI.S30.T49SFB.2018303T030831.v2.0.NDVI.tif,S30,T49SFB,2018-10-30,2018303,030831,EPSG:32649,600000.0,4090200.0,709800.0,4200000.0,True
/home/ec2-user/ndvi_sqs_work/shanxi/raw/HLS-VI.S30.T49SGC.2018303T030831.v2.0.NDVI.tif,HLS-VI.S30.T49SGC.2018303T030831.v2.0.NDVI.tif,S30,T49SGC,2018-10-30,2018303,030831,EPSG:32649,699960.0,4190220.0,809760.0,4300020.0,True
/home/ec2-user/ndvi_sqs_work/shanxi/raw/HLS-VI.S30.T50SKG.2018303T030831.v2.0.NDVI.tif,HLS-VI.S30.T50SKG.2018303T030831.v2.0.NDVI.tif,S30,T50SKG,2018-10-30,2018303,030831,EPSG:32650,199980.0,4090200.0,309780.0,4200000.0,True
/home/ec2-user/ndvi_sqs_work/shanxi/raw/HLS-VI.S30.T50SKH.2018303T030831.v2.0.NDVI.tif,HLS-VI.S30.T50SKH.2018303T030831.v2.0.NDVI.tif,S30,T50SKH,2018-10-30,2018303,030831,EPSG:32650,199980.0,4190220.0,309780.0,4300020.0,True
/home/ec2-user/ndvi_sqs_work/shanxi/raw/HLS-VI.S30.T49SDA.2018304T032849.v2.0.NDVI.tif,HLS-VI.S30.T49SDA.2018304T032849.v2.0.NDVI.tif,S30,T49SDA,2018-10-31,2018304,032849,EPSG:32649,399960.0,3990240.0,509760.0,4100040.0,True
/home/ec2-user/ndvi_sqs_work/shanxi/raw/HLS-VI.S30.T49SDD.2018304T032849.v2.0.NDVI.tif,HLS-VI.S30.T49SDD.2018304T032849.v2.0.NDVI.tif,S30,T49SDD,2018-10-31,2018304,032849,EPSG:32649,399960.0,4290240.0,509760.0,4400040.0,True
/home/ec2-user/ndvi_sqs_work/shanxi/raw/HLS-VI.S30.T49SDV.2018304T032849.v2.0.NDVI.tif,HLS-VI.S30.T49SDV.2018304T032849.v2.0.NDVI.tif,S30,T49SDV,2018-10-31,2018304,032849,EPSG:32649,399960.0,3890220.0,509760.0,4000020.0,True
/home/ec2-user/ndvi_sqs_work/shanxi/raw/HLS-VI.S30.T49SEA.2018304T032849.v2.0.NDVI.tif,HLS-VI.S30.T49SEA.2018304T032849.v2.0.NDVI.tif,S30,T49SEA,2018-10-31,2018304,032849,EPSG:32649,499980.0,3990240.0,609780.0,4100040.0,True
/home/ec2-user/ndvi_sqs_work/shanxi/raw/HLS-VI.S30.T49SEB.2018304T032849.v2.0.NDVI.tif,HLS-VI.S30.T49SEB.2018304T032849.v2.0.NDVI.tif,S30,T49SEB,2018-10-31,2018304,032849,EPSG:32649,499980.0,4090200.0,609780.0,4200000.0,True
/home/ec2-user/ndvi_sqs_work/shanxi/raw/HLS-VI.S30.T49SEC.2018304T032849.v2.0.NDVI.tif,HLS-VI.S30.T49SEC.2018304T032849.v2.0.NDVI.tif,S30,T49SEC,2018-10-31,2018304,032849,EPSG:32649,499980.0,4190220.0,609780.0,4300020.0,True
/home/ec2-user/ndvi_sqs_work/shanxi/raw/HLS-VI.S30.T49SED.2018304T032849.v2.0.NDVI.tif,HLS-VI.S30.T49SED.2018304T032849.v2.0.NDVI.tif,S30,T49SED,2018-10-31,2018304,032849,EPSG:32649,499980.0,4290240.0,609780.0,4400040.0,True
/home/ec2-user/ndvi_sqs_work/shanxi/raw/HLS-VI.S30.T49TEE.2018304T032849.v2.0.NDVI.tif,HLS-VI.S30.T49TEE.2018304T032849.v2.0.NDVI.tif,S30,T49TEE,2018-10-31,2018304,032849,EPSG:32649,499980.0,4390200.0,609780.0,4500000.0,True
/home/ec2-user/ndvi_sqs_work/shanxi/raw/HLS-VI.S30.T49TFE.2018304T032849.v2.0.NDVI.tif,HLS-VI.S30.T49TFE.2018304T032849.v2.0.NDVI.tif,S30,T49TFE,2018-10-31,2018304,032849,EPSG:32649,600000.0,4390200.0,709800.0,4500000.0,True
/home/ec2-user/ndvi_sqs_work/shanxi/raw/HLS-VI.S30.T49SDA.2018306T031901.v2.0.NDVI.tif,HLS-VI.S30.T49SDA.2018306T031901.v2.0.NDVI.tif,S30,T49SDA,2018-11-02,2018306,031901,EPSG:32649,399960.0,3990240.0,509760.0,4100040.0,True
/home/ec2-user/ndvi_sqs_work/shanxi/raw/HLS-VI.S30.T49SDB.2018306T031901.v2.0.NDVI.tif,HLS-VI.S30.T49SDB.2018306T031901.v2.0.NDVI.tif,S30,T49SDB,2018-11-02,2018306,031901,EPSG:32649,399960.0,4090200.0,509760.0,4200000.0,True
/home/ec2-user/ndvi_sqs_work/shanxi/raw/HLS-VI.S30.T49SDC.2018306T031901.v2.0.NDVI.tif,HLS-VI.S30.T49SDC.2018306T031901.v2.0.NDVI.tif,S30,T49SDC,2018-11-02,2018306,031901,EPSG:32649,399960.0,4190220.0,509760.0,4300020.0,True
/home/ec2-user/ndvi_sqs_work/shanxi/raw/HLS-VI.S30.T49SDD.2018306T031901.v2.0.NDVI.tif,HLS-VI.S30.T49SDD.2018306T031901.v2.0.NDVI.tif,S30,T49SDD,2018-11-02,2018306,031901,EPSG:32649,399960.0,4290240.0,509760.0,4400040.0,True
/home/ec2-user/ndvi_sqs_work/shanxi/raw/HLS-VI.S30.T49SDU.2018306T031901.v2.0.NDVI.tif,HLS-VI.S30.T49SDU.2018306T031901.v2.0.NDVI.tif,S30,T49SDU,2018-11-02,2018306,031901,EPSG:32649,399960.0,3790200.0,509760.0,3900000.0,True
/home/ec2-user/ndvi_sqs_work/shanxi/raw/HLS-VI.S30.T49SEC.2018306T031901.v2.0.NDVI.tif,HLS-VI.S30.T49SEC.2018306T031901.v2.0.NDVI.tif,S30,T49SEC,2018-11-02,2018306,031901,EPSG:32649,499980.0,4190220.0,609780.0,4300020.0,True
/home/ec2-user/ndvi_sqs_work/shanxi/raw/HLS-VI.S30.T49SED.2018306T031901.v2.0.NDVI.tif,HLS-VI.S30.T49SED.2018306T031901.v2.0.NDVI.tif,S30,T49SED,2018-11-02,2018306,031901,EPSG:32649,499980.0,4290240.0,609780.0,4400040.0,True
/home/ec2-user/ndvi_sqs_work/shanxi/raw/HLS-VI.S30.T49SEU.2018306T031901.v2.0.NDVI.tif,HLS-VI.S30.T49SEU.2018306T031901.v2.0.NDVI.tif,S30,T49SEU,2018-11-02,2018306,031901,EPSG:32649,499980.0,3790200.0,609780.0,3900000.0,True
/home/ec2-user/ndvi_sqs_work/shanxi/raw/HLS-VI.S30.T49SFA.2018306T031901.v2.0.NDVI.tif,HLS-VI.S30.T49SFA.2018306T031901.v2.0.NDVI.tif,S30,T49SFA,2018-11-02,2018306,031901,EPSG:32649,600000.0,3990240.0,709800.0,4100040.0,True
/home/ec2-user/ndvi_sqs_work/shanxi/raw/HLS-VI.S30.T49TEE.2018306T031901.v2.0.NDVI.tif,HLS-VI.S30.T49TEE.2018306T031901.v2.0.NDVI.tif,S30,T49TEE,2018-11-02,2018306,031901,EPSG:32649,499980.0,4390200.0,609780.0,4500000.0,True
/home/ec2-user/ndvi_sqs_work/shanxi/raw/HLS-VI.S30.T49TFE.2018306T031901.v2.0.NDVI.tif,HLS-VI.S30.T49TFE.2018306T031901.v2.0.NDVI.tif,S30,T49TFE,2018-11-02,2018306,031901,EPSG:32649,600000.0,4390200.0,709800.0,4500000.0,True
/home/ec2-user/ndvi_sqs_work/shanxi/raw/HLS-VI.S30.T49TGE.2018306T031901.v2.0.NDVI.tif,HLS-VI.S30.T49TGE.2018306T031901.v2.0.NDVI.tif,S30,T49TGE,2018-11-02,2018306,031901,EPSG:32649,699960.0,4390200.0,809760.0,4500000.0,True
/home/ec2-user/ndvi_sqs_work/shanxi/raw/HLS-VI.S30.T50TKK.2018306T031901.v2.0.NDVI.tif,HLS-VI.S30.T50TKK.2018306T031901.v2.0.NDVI.tif,S30,T50TKK,2018-11-02,2018306,031901,EPSG:32650,199980.0,4390200.0,309780.0,4500000.0,True
/home/ec2-user/ndvi_sqs_work/shanxi/raw/HLS-VI.S30.T49SFB.2018313T030931.v2.0.NDVI.tif,HLS-VI.S30.T49SFB.2018313T030931.v2.0.NDVI.tif,S30,T49SFB,2018-11-09,2018313,030931,EPSG:32649,600000.0,4090200.0,709800.0,4200000.0,True
/home/ec2-user/ndvi_sqs_work/shanxi/raw/HLS-VI.S30.T49SGC.2018313T030931.v2.0.NDVI.tif,HLS-VI.S30.T49SGC.2018313T030931.v2.0.NDVI.tif,S30,T49SGC,2018-11-09,2018313,030931,EPSG:32649,699960.0,4190220.0,809760.0,4300020.0,True
/home/ec2-user/ndvi_sqs_work/shanxi/raw/HLS-VI.S30.T49TGE.2018313T030931.v2.0.NDVI.tif,HLS-VI.S30.T49TGE.2018313T030931.v2.0.NDVI.tif,S30,T49TGE,2018-11-09,2018313,030931,EPSG:32649,699960.0,4390200.0,809760.0,4500000.0,True
/home/ec2-user/ndvi_sqs_work/shanxi/raw/HLS-VI.S30.T50SKE.2018313T030931.v2.0.NDVI.tif,HLS-VI.S30.T50SKE.2018313T030931.v2.0.NDVI.tif,S30,T50SKE,2018-11-09,2018313,030931,EPSG:32650,199980.0,3890220.0,309780.0,4000020.0,True
/home/ec2-user/ndvi_sqs_work/shanxi/raw/HLS-VI.S30.T50TKK.2018313T030931.v2.0.NDVI.tif,HLS-VI.S30.T50TKK.2018313T030931.v2.0.NDVI.tif,S30,T50TKK,2018-11-09,2018313,030931,EPSG:32650,199980.0,4390200.0,309780.0,4500000.0,True
/home/ec2-user/ndvi_sqs_work/shanxi/raw/HLS-VI.S30.T49SEC.2018316T031951.v2.0.NDVI.tif,HLS-VI.S30.T49SEC.2018316T031951.v2.0.NDVI.tif,S30,T49SEC,2018-11-12,2018316,031951,EPSG:32649,499980.0,4190220.0,609780.0,4300020.0,True
/home/ec2-user/ndvi_sqs_work/shanxi/raw/HLS-VI.S30.T49SED.2018316T031951.v2.0.NDVI.tif,HLS-VI.S30.T49SED.2018316T031951.v2.0.NDVI.tif,S30,T49SED,2018-11-12,2018316,031951,EPSG:32649,499980.0,4290240.0,609780.0,4400040.0,True
/home/ec2-user/ndvi_sqs_work/shanxi/raw/HLS-VI.S30.T49TEE.2018316T031951.v2.0.NDVI.tif,HLS-VI.S30.T49TEE.2018316T031951.v2.0.NDVI.tif,S30,T49TEE,2018-11-12,2018316,031951,EPSG:32649,499980.0,4390200.0,609780.0,4500000.0,True
/home/ec2-user/ndvi_sqs_work/shanxi/raw/HLS-VI.S30.T49TFE.2018316T031951.v2.0.NDVI.tif,HLS-VI.S30.T49TFE.2018316T031951.v2.0.NDVI.tif,S30,T49TFE,2018-11-12,2018316,031951,EPSG:32649,600000.0,4390200.0,709800.0,4500000.0,True
/home/ec2-user/ndvi_sqs_work/shanxi/raw/HLS-VI.S30.T49TGE.2018316T031951.v2.0.NDVI.tif,HLS-VI.S30.T49TGE.2018316T031951.v2.0.NDVI.tif,S30,T49TGE,2018-11-12,2018316,031951,EPSG:32649,699960.0,4390200.0,809760.0,4500000.0,True
/home/ec2-user/ndvi_sqs_work/shanxi/raw/HLS-VI.S30.T50SKJ.2018316T031951.v2.0.NDVI.tif,HLS-VI.S30.T50SKJ.2018316T031951.v2.0.NDVI.tif,S30,T50SKJ,2018-11-12,2018316,031951,EPSG:32650,199980.0,4290240.0,309780.0,4400040.0,True
/home/ec2-user/ndvi_sqs_work/shanxi/raw/HLS-VI.S30.T50TKK.2018316T031951.v2.0.NDVI.tif,HLS-VI.S30.T50TKK.2018316T031951.v2.0.NDVI.tif,S30,T50TKK,2018-11-12,2018316,031951,EPSG:32650,199980.0,4390200.0,309780.0,4500000.0,True
/home/ec2-user/ndvi_sqs_work/shanxi/raw/HLS-VI.S30.T49SFB.2018323T031011.v2.0.NDVI.tif,HLS-VI.S30.T49SFB.2018323T031011.v2.0.NDVI.tif,S30,T49SFB,2018-11-19,2018323,031011,EPSG:32649,600000.0,4090200.0,709800.0,4200000.0,True
/home/ec2-user/ndvi_sqs_work/shanxi/raw/HLS-VI.S30.T49SFV.2018323T031011.v2.0.NDVI.tif,HLS-VI.S30.T49SFV.2018323T031011.v2.0.NDVI.tif,S30,T49SFV,2018-11-19,2018323,031011,EPSG:32649,600000.0,3890220.0,709800.0,4000020.0,True
/home/ec2-user/ndvi_sqs_work/shanxi/raw/HLS-VI.S30.T49SGB.2018323T031011.v2.0.NDVI.tif,HLS-VI.S30.T49SGB.2018323T031011.v2.0.NDVI.tif,S30,T49SGB,2018-11-19,2018323,031011,EPSG:32649,699960.0,4090200.0,809760.0,4200000.0,True
/home/ec2-user/ndvi_sqs_work/shanxi/raw/HLS-VI.S30.T49SGD.2018323T031011.v2.0.NDVI.tif,HLS-VI.S30.T49SGD.2018323T031011.v2.0.NDVI.tif,S30,T49SGD,2018-11-19,2018323,031011,EPSG:32649,699960.0,4290240.0,809760.0,4400040.0,True
/home/ec2-user/ndvi_sqs_work/shanxi/raw/HLS-VI.S30.T49TGE.2018323T031011.v2.0.NDVI.tif,HLS-VI.S30.T49TGE.2018323T031011.v2.0.NDVI.tif,S30,T49TGE,2018-11-19,2018323,031011,EPSG:32649,699960.0,4390200.0,809760.0,4500000.0,True
/home/ec2-user/ndvi_sqs_work/shanxi/raw/HLS-VI.S30.T50SKE.2018323T031011.v2.0.NDVI.tif,HLS-VI.S30.T50SKE.2018323T031011.v2.0.NDVI.tif,S30,T50SKE,2018-11-19,2018323,031011,EPSG:32650,199980.0,3890220.0,309780.0,4000020.0,True
/home/ec2-user/ndvi_sqs_work/shanxi/raw/HLS-VI.S30.T50SKF.2018323T031011.v2.0.NDVI.tif,HLS-VI.S30.T50SKF.2018323T031011.v2.0.NDVI.tif,S30,T50SKF,2018-11-19,2018323,031011,EPSG:32650,199980.0,3990240.0,309780.0,4100040.0,True
/home/ec2-user/ndvi_sqs_work/shanxi/raw/HLS-VI.S30.T50TKK.2018323T031011.v2.0.NDVI.tif,HLS-VI.S30.T50TKK.2018323T031011.v2.0.NDVI.tif,S30,T50TKK,2018-11-19,2018323,031011,EPSG:32650,199980.0,4390200.0,309780.0,4500000.0,True
/home/ec2-user/ndvi_sqs_work/shanxi/raw/HLS-VI.S30.T49SDB.2018326T032031.v2.0.NDVI.tif,HLS-VI.S30.T49SDB.2018326T032031.v2.0.NDVI.tif,S30,T49SDB,2018-11-22,2018326,032031,EPSG:32649,399960.0,4090200.0,509760.0,4200000.0,True
/home/ec2-user/ndvi_sqs_work/shanxi/raw/HLS-VI.S30.T49SDC.2018326T032031.v2.0.NDVI.tif,HLS-VI.S30.T49SDC.2018326T032031.v2.0.NDVI.tif,S30,T49SDC,2018-11-22,2018326,032031,EPSG:32649,399960.0,4190220.0,509760.0,4300020.0,True
/home/ec2-user/ndvi_sqs_work/shanxi/raw/HLS-VI.S30.T49SEV.2018326T032031.v2.0.NDVI.tif,HLS-VI.S30.T49SEV.2018326T032031.v2.0.NDVI.tif,S30,T49SEV,2018-11-22,2018326,032031,EPSG:32649,499980.0,3890220.0,609780.0,4000020.0,True
/home/ec2-user/ndvi_sqs_work/shanxi/raw/HLS-VI.S30.T49SFA.2018326T032031.v2.0.NDVI.tif,HLS-VI.S30.T49SFA.2018326T032031.v2.0.NDVI.tif,S30,T49SFA,2018-11-22,2018326,032031,EPSG:32649,600000.0,3990240.0,709800.0,4100040.0,True
/home/ec2-user/ndvi_sqs_work/shanxi/raw/HLS-VI.S30.T49SFB.2018326T032031.v2.0.NDVI.tif,HLS-VI.S30.T49SFB.2018326T032031.v2.0.NDVI.tif,S30,T49SFB,2018-11-22,2018326,032031,EPSG:32649,600000.0,4090200.0,709800.0,4200000.0,True
/home/ec2-user/ndvi_sqs_work/shanxi/raw/HLS-VI.S30.T49SFC.2018326T032031.v2.0.NDVI.tif,HLS-VI.S30.T49SFC.2018326T032031.v2.0.NDVI.tif,S30,T49SFC,2018-11-22,2018326,032031,EPSG:32649,600000.0,4190220.0,709800.0,4300020.0,True
/home/ec2-user/ndvi_sqs_work/shanxi/raw/HLS-VI.S30.T49SFD.2018326T032031.v2.0.NDVI.tif,HLS-VI.S30.T49SFD.2018326T032031.v2.0.NDVI.tif,S30,T49SFD,2018-11-22,2018326,032031,EPSG:32649,600000.0,4290240.0,709800.0,4400040.0,True
/home/ec2-user/ndvi_sqs_work/shanxi/raw/HLS-VI.S30.T49SFV.2018326T032031.v2.0.NDVI.tif,HLS-VI.S30.T49SFV.2018326T032031.v2.0.NDVI.tif,S30,T49SFV,2018-11-22,2018326,032031,EPSG:32649,600000.0,3890220.0,709800.0,4000020.0,True
/home/ec2-user/ndvi_sqs_work/shanxi/raw/HLS-VI.S30.T49SGC.2018326T032031.v2.0.NDVI.tif,HLS-VI.S30.T49SGC.2018326T032031.v2.0.NDVI.tif,S30,T49SGC,2018-11-22,2018326,032031,EPSG:32649,699960.0,4190220.0,809760.0,4300020.0,True
/home/ec2-user/ndvi_sqs_work/shanxi/raw/HLS-VI.S30.T49TEE.2018326T032031.v2.0.NDVI.tif,HLS-VI.S30.T49TEE.2018326T032031.v2.0.NDVI.tif,S30,T49TEE,2018-11-22,2018326,032031,EPSG:32649,499980.0,4390200.0,609780.0,4500000.0,True
/home/ec2-user/ndvi_sqs_work/shanxi/raw/HLS-VI.S30.T49TFE.2018326T032031.v2.0.NDVI.tif,HLS-VI.S30.T49TFE.2018326T032031.v2.0.NDVI.tif,S30,T49TFE,2018-11-22,2018326,032031,EPSG:32649,600000.0,4390200.0,709800.0,4500000.0,True
/home/ec2-user/ndvi_sqs_work/shanxi/raw/HLS-VI.S30.T49TGE.2018326T032031.v2.0.NDVI.tif,HLS-VI.S30.T49TGE.2018326T032031.v2.0.NDVI.tif,S30,T49TGE,2018-11-22,2018326,032031,EPSG:32649,699960.0,4390200.0,809760.0,4500000.0,True
/home/ec2-user/ndvi_sqs_work/shanxi/raw/HLS-VI.S30.T50TKK.2018326T032031.v2.0.NDVI.tif,HLS-VI.S30.T50TKK.2018326T032031.v2.0.NDVI.tif,S30,T50TKK,2018-11-22,2018326,032031,EPSG:32650,199980.0,4390200.0,309780.0,4500000.0,True
/home/ec2-user/ndvi_sqs_work/shanxi/raw/HLS-VI.S30.T49SGD.2018328T031039.v2.0.NDVI.tif,HLS-VI.S30.T49SGD.2018328T031039.v2.0.NDVI.tif,S30,T49SGD,2018-11-24,2018328,031039,EPSG:32649,699960.0,4290240.0,809760.0,4400040.0,True
/home/ec2-user/ndvi_sqs_work/shanxi/raw/HLS-VI.S30.T49SDA.2018329T033051.v2.0.NDVI.tif,HLS-VI.S30.T49SDA.2018329T033051.v2.0.NDVI.tif,S30,T49SDA,2018-11-25,2018329,033051,EPSG:32649,399960.0,3990240.0,509760.0,4100040.0,True
/home/ec2-user/ndvi_sqs_work/shanxi/raw/HLS-VI.S30.T49SDB.2018329T033051.v2.0.NDVI.tif,HLS-VI.S30.T49SDB.2018329T033051.v2.0.NDVI.tif,S30,T49SDB,2018-11-25,2018329,033051,EPSG:32649,399960.0,4090200.0,509760.0,4200000.0,True
/home/ec2-user/ndvi_sqs_work/shanxi/raw/HLS-VI.S30.T49SDC.2018329T033051.v2.0.NDVI.tif,HLS-VI.S30.T49SDC.2018329T033051.v2.0.NDVI.tif,S30,T49SDC,2018-11-25,2018329,033051,EPSG:32649,399960.0,4190220.0,509760.0,4300020.0,True
/home/ec2-user/ndvi_sqs_work/shanxi/raw/HLS-VI.S30.T49SDD.2018329T033051.v2.0.NDVI.tif,HLS-VI.S30.T49SDD.2018329T033051.v2.0.NDVI.tif,S30,T49SDD,2018-11-25,2018329,033051,EPSG:32649,399960.0,4290240.0,509760.0,4400040.0,True
/home/ec2-user/ndvi_sqs_work/shanxi/raw/HLS-VI.S30.T49SEC.2018329T033051.v2.0.NDVI.tif,HLS-VI.S30.T49SEC.2018329T033051.v2.0.NDVI.tif,S30,T49SEC,2018-11-25,2018329,033051,EPSG:32649,499980.0,4190220.0,609780.0,4300020.0,True
/home/ec2-user/ndvi_sqs_work/shanxi/raw/HLS-VI.S30.T49SED.2018329T033051.v2.0.NDVI.tif,HLS-VI.S30.T49SED.2018329T033051.v2.0.NDVI.tif,S30,T49SED,2018-11-25,2018329,033051,EPSG:32649,499980.0,4290240.0,609780.0,4400040.0,True
/home/ec2-user/ndvi_sqs_work/shanxi/raw/HLS-VI.S30.T49TEE.2018329T033051.v2.0.NDVI.tif,HLS-VI.S30.T49TEE.2018329T033051.v2.0.NDVI.tif,S30,T49TEE,2018-11-25,2018329,033051,EPSG:32649,499980.0,4390200.0,609780.0,4500000.0,True
/home/ec2-user/ndvi_sqs_work/shanxi/raw/HLS-VI.S30.T49TEE.2018331T032049.v2.0.NDVI.tif,HLS-VI.S30.T49TEE.2018331T032049.v2.0.NDVI.tif,S30,T49TEE,2018-11-27,2018331,032049,EPSG:32649,499980.0,4390200.0,609780.0,4500000.0,True
/home/ec2-user/ndvi_sqs_work/shanxi/raw/HLS-VI.S30.T49TFE.2018331T032049.v2.0.NDVI.tif,HLS-VI.S30.T49TFE.2018331T032049.v2.0.NDVI.tif,S30,T49TFE,2018-11-27,2018331,032049,EPSG:32649,600000.0,4390200.0,709800.0,4500000.0,True
/home/ec2-user/ndvi_sqs_work/shanxi/raw/HLS-VI.S30.T49TGE.2018331T032049.v2.0.NDVI.tif,HLS-VI.S30.T49TGE.2018331T032049.v2.0.NDVI.tif,S30,T49TGE,2018-11-27,2018331,032049,EPSG:32649,699960.0,4390200.0,809760.0,4500000.0,True
/home/ec2-user/ndvi_sqs_work/shanxi/raw/HLS-VI.S30.T50TKK.2018331T032049.v2.0.NDVI.tif,HLS-VI.S30.T50TKK.2018331T032049.v2.0.NDVI.tif,S30,T50TKK,2018-11-27,2018331,032049,EPSG:32650,199980.0,4390200.0,309780.0,4500000.0,True
/home/ec2-user/ndvi_sqs_work/shanxi/raw/HLS-VI.S30.T49SFA.2018333T031051.v2.0.NDVI.tif,HLS-VI.S30.T49SFA.2018333T031051.v2.0.NDVI.tif,S30,T49SFA,2018-11-29,2018333,031051,EPSG:32649,600000.0,3990240.0,709800.0,4100040.0,True
/home/ec2-user/ndvi_sqs_work/shanxi/raw/HLS-VI.S30.T49SFB.2018333T031051.v2.0.NDVI.tif,HLS-VI.S30.T49SFB.2018333T031051.v2.0.NDVI.tif,S30,T49SFB,2018-11-29,2018333,031051,EPSG:32649,600000.0,4090200.0,709800.0,4200000.0,True
/home/ec2-user/ndvi_sqs_work/shanxi/raw/HLS-VI.S30.T49TGE.2018333T031051.v2.0.NDVI.tif,HLS-VI.S30.T49TGE.2018333T031051.v2.0.NDVI.tif,S30,T49TGE,2018-11-29,2018333,031051,EPSG:32649,699960.0,4390200.0,809760.0,4500000.0,True
/home/ec2-user/ndvi_sqs_work/shanxi/raw/HLS-VI.S30.T50TKK.2018333T031051.v2.0.NDVI.tif,HLS-VI.S30.T50TKK.2018333T031051.v2.0.NDVI.tif,S30,T50TKK,2018-11-29,2018333,031051,EPSG:32650,199980.0,4390200.0,309780.0,4500000.0,True
/home/ec2-user/ndvi_sqs_work/shanxi/raw/HLS-VI.S30.T49TEE.2018334T033109.v2.0.NDVI.tif,HLS-VI.S30.T49TEE.2018334T033109.v2.0.NDVI.tif,S30,T49TEE,2018-11-30,2018334,033109,EPSG:32649,499980.0,4390200.0,609780.0,4500000.0,True
/home/ec2-user/ndvi_sqs_work/shanxi/raw/HLS-VI.S30.T49TFE.2018334T033109.v2.0.NDVI.tif,HLS-VI.S30.T49TFE.2018334T033109.v2.0.NDVI.tif,S30,T49TFE,2018-11-30,2018334,033109,EPSG:32649,600000.0,4390200.0,709800.0,4500000.0,True
/home/ec2-user/ndvi_sqs_work/shanxi/raw/HLS-VI.S30.T49SFA.2018338T031109.v2.0.NDVI.tif,HLS-VI.S30.T49SFA.2018338T031109.v2.0.NDVI.tif,S30,T49SFA,2018-12-04,2018338,031109,EPSG:32649,600000.0,3990240.0,709800.0,4100040.0,True
/home/ec2-user/ndvi_sqs_work/shanxi/raw/HLS-VI.S30.T49SFB.2018338T031109.v2.0.NDVI.tif,HLS-VI.S30.T49SFB.2018338T031109.v2.0.NDVI.tif,S30,T49SFB,2018-12-04,2018338,031109,EPSG:32649,600000.0,4090200.0,709800.0,4200000.0,True
/home/ec2-user/ndvi_sqs_work/shanxi/raw/HLS-VI.S30.T49SDB.2018346T032121.v2.0.NDVI.tif,HLS-VI.S30.T49SDB.2018346T032121.v2.0.NDVI.tif,S30,T49SDB,2018-12-12,2018346,032121,EPSG:32649,399960.0,4090200.0,509760.0,4200000.0,True
/home/ec2-user/ndvi_sqs_work/shanxi/raw/HLS-VI.S30.T49SDC.2018346T032121.v2.0.NDVI.tif,HLS-VI.S30.T49SDC.2018346T032121.v2.0.NDVI.tif,S30,T49SDC,2018-12-12,2018346,032121,EPSG:32649,399960.0,4190220.0,509760.0,4300020.0,True
/home/ec2-user/ndvi_sqs_work/shanxi/raw/HLS-VI.S30.T49SDV.2018346T032121.v2.0.NDVI.tif,HLS-VI.S30.T49SDV.2018346T032121.v2.0.NDVI.tif,S30,T49SDV,2018-12-12,2018346,032121,EPSG:32649,399960.0,3890220.0,509760.0,4000020.0,True
/home/ec2-user/ndvi_sqs_work/shanxi/raw/HLS-VI.S30.T49SFC.2018346T032121.v2.0.NDVI.tif,HLS-VI.S30.T49SFC.2018346T032121.v2.0.NDVI.tif,S30,T49SFC,2018-12-12,2018346,032121,EPSG:32649,600000.0,4190220.0,709800.0,4300020.0,True
/home/ec2-user/ndvi_sqs_work/shanxi/raw/HLS-VI.S30.T49SFB.2018348T031129.v2.0.NDVI.tif,HLS-VI.S30.T49SFB.2018348T031129.v2.0.NDVI.tif,S30,T49SFB,2018-12-14,2018348,031129,EPSG:32649,600000.0,4090200.0,709800.0,4200000.0,True
/home/ec2-user/ndvi_sqs_work/shanxi/raw/HLS-VI.S30.T49SFV.2018348T031129.v2.0.NDVI.tif,HLS-VI.S30.T49SFV.2018348T031129.v2.0.NDVI.tif,S30,T49SFV,2018-12-14,2018348,031129,EPSG:32649,600000.0,3890220.0,709800.0,4000020.0,True
/home/ec2-user/ndvi_sqs_work/shanxi/raw/HLS-VI.S30.T49SDA.2018351T032129.v2.0.NDVI.tif,HLS-VI.S30.T49SDA.2018351T032129.v2.0.NDVI.tif,S30,T49SDA,2018-12-17,2018351,032129,EPSG:32649,399960.0,3990240.0,509760.0,4100040.0,True
/home/ec2-user/ndvi_sqs_work/shanxi/raw/HLS-VI.S30.T49SDB.2018351T032129.v2.0.NDVI.tif,HLS-VI.S30.T49SDB.2018351T032129.v2.0.NDVI.tif,S30,T49SDB,2018-12-17,2018351,032129,EPSG:32649,399960.0,4090200.0,509760.0,4200000.0,True
/home/ec2-user/ndvi_sqs_work/shanxi/raw/HLS-VI.S30.T49SDC.2018351T032129.v2.0.NDVI.tif,HLS-VI.S30.T49SDC.2018351T032129.v2.0.NDVI.tif,S30,T49SDC,2018-12-17,2018351,032129,EPSG:32649,399960.0,4190220.0,509760.0,4300020.0,True
/home/ec2-user/ndvi_sqs_work/shanxi/raw/HLS-VI.S30.T49SDV.2018351T032129.v2.0.NDVI.tif,HLS-VI.S30.T49SDV.2018351T032129.v2.0.NDVI.tif,S30,T49SDV,2018-12-17,2018351,032129,EPSG:32649,399960.0,3890220.0,509760.0,4000020.0,True
/home/ec2-user/ndvi_sqs_work/shanxi/raw/HLS-VI.S30.T49SEA.2018351T032129.v2.0.NDVI.tif,HLS-VI.S30.T49SEA.2018351T032129.v2.0.NDVI.tif,S30,T49SEA,2018-12-17,2018351,032129,EPSG:32649,499980.0,3990240.0,609780.0,4100040.0,True
/home/ec2-user/ndvi_sqs_work/shanxi/raw/HLS-VI.S30.T49SEB.2018351T032129.v2.0.NDVI.tif,HLS-VI.S30.T49SEB.2018351T032129.v2.0.NDVI.tif,S30,T49SEB,2018-12-17,2018351,032129,EPSG:32649,499980.0,4090200.0,609780.0,4200000.0,True
/home/ec2-user/ndvi_sqs_work/shanxi/raw/HLS-VI.S30.T49SED.2018351T032129.v2.0.NDVI.tif,HLS-VI.S30.T49SED.2018351T032129.v2.0.NDVI.tif,S30,T49SED,2018-12-17,2018351,032129,EPSG:32649,499980.0,4290240.0,609780.0,4400040.0,True
/home/ec2-user/ndvi_sqs_work/shanxi/raw/HLS-VI.S30.T49SFA.2018351T032129.v2.0.NDVI.tif,HLS-VI.S30.T49SFA.2018351T032129.v2.0.NDVI.tif,S30,T49SFA,2018-12-17,2018351,032129,EPSG:32649,600000.0,3990240.0,709800.0,4100040.0,True
/home/ec2-user/ndvi_sqs_work/shanxi/raw/HLS-VI.S30.T49SFU.2018351T032129.v2.0.NDVI.tif,HLS-VI.S30.T49SFU.2018351T032129.v2.0.NDVI.tif,S30,T49SFU,2018-12-17,2018351,032129,EPSG:32649,600000.0,3790200.0,709800.0,3900000.0,True
/home/ec2-user/ndvi_sqs_work/shanxi/raw/HLS-VI.S30.T49SFV.2018351T032129.v2.0.NDVI.tif,HLS-VI.S30.T49SFV.2018351T032129.v2.0.NDVI.tif,S30,T49SFV,2018-12-17,2018351,032129,EPSG:32649,600000.0,3890220.0,709800.0,4000020.0,True
/home/ec2-user/ndvi_sqs_work/shanxi/raw/HLS-VI.S30.T49SGA.2018351T032129.v2.0.NDVI.tif,HLS-VI.S30.T49SGA.2018351T032129.v2.0.NDVI.tif,S30,T49SGA,2018-12-17,2018351,032129,EPSG:32649,699960.0,3990240.0,809760.0,4100040.0,True
/home/ec2-user/ndvi_sqs_work/shanxi/raw/HLS-VI.S30.T49SGV.2018351T032129.v2.0.NDVI.tif,HLS-VI.S30.T49SGV.2018351T032129.v2.0.NDVI.tif,S30,T49SGV,2018-12-17,2018351,032129,EPSG:32649,699960.0,3890220.0,809760.0,4000020.0,True
/home/ec2-user/ndvi_sqs_work/shanxi/raw/HLS-VI.S30.T49TEE.2018351T032129.v2.0.NDVI.tif,HLS-VI.S30.T49TEE.2018351T032129.v2.0.NDVI.tif,S30,T49TEE,2018-12-17,2018351,032129,EPSG:32649,499980.0,4390200.0,609780.0,4500000.0,True
/home/ec2-user/ndvi_sqs_work/shanxi/raw/HLS-VI.S30.T49SFB.2018358T031129.v2.0.NDVI.tif,HLS-VI.S30.T49SFB.2018358T031129.v2.0.NDVI.tif,S30,T49SFB,2018-12-24,2018358,031129,EPSG:32649,600000.0,4090200.0,709800.0,4200000.0,True
/home/ec2-user/ndvi_sqs_work/shanxi/raw/HLS-VI.S30.T49TEE.2018359T033141.v2.0.NDVI.tif,HLS-VI.S30.T49TEE.2018359T033141.v2.0.NDVI.tif,S30,T49TEE,2018-12-25,2018359,033141,EPSG:32649,499980.0,4390200.0,609780.0,4500000.0,True
