date,n_tiles,tiles,n_crs_groups,crs_groups,n_chunks_processed,n_chunks_with_valid_pixels,mean_ndvi,sd_ndvi,n_valid_pixels,n_inside_pixels,valid_pixel_coverage,per_crs_debug,files
2018-01-01,1,T52TDR,1,EPSG:32652,4,4,0.11268740384741073,0.1654992446738749,11743198,13395600,0.8766459135835648,EPSG:32652:1files:11743198valid:4chunks,HLS-VI.S30.T52TDR.2018001T023111.v2.0.NDVI.tif
2018-01-03,4,"T52TFT,T52TGR,T52TGS,T52TGT",1,EPSG:32652,19,15,0.018953443057677294,0.09138660037961606,30435707,56765433,0.5361662087559519,EPSG:32652:4files:30435707valid:19chunks,HLS-VI.S30.T52TFT.2018003T022059.v2.0.NDVI.tif|HLS-VI.S30.T52TGR.2018003T022059.v2.0.NDVI.tif|HLS-VI.S30.T52TGS.2018003T022059.v2.0.NDVI.tif|HLS-VI.S30.T52TGT.2018003T022059.v2.0.NDVI.tif
2018-01-06,13,"T51TYL,T51TYM,T51TYN,T51UYP,T51UYQ,T52TCQ,T52TCR,T52TCS,T52TCT,T52UCA,T52UCU,T52UCV,T52UDA",2,"EPSG:32651,EPSG:32652",41,38,0.04668261412521689,0.12743796099953175,86282164,143566936,0.6009891023933255,EPSG:32651:5files:32153988valid:16chunks|EPSG:32652:8files:54128176valid:25chunks,HLS-VI.S30.T51TYL.2018006T023059.v2.0.NDVI.tif|HLS-VI.S30.T51TYM.2018006T023059.v2.0.NDVI.tif|HLS-VI.S30.T51TYN.2018006T023059.v2.0.NDVI.tif|HLS-VI.S30.T51UYP.2018006T023059.v2.0.NDVI.tif|HLS-VI.S30.T51UYQ.2018006T023059.v2.0.NDVI.tif|HLS-VI.S30.T52TCQ.2018006T023059.v2.0.NDVI.tif|HLS-VI.S30.T52TCR.2018006T023059.v2.0.NDVI.tif|HLS-VI.S30.T52TCS.2018006T023059.v2.0.NDVI.tif|HLS-VI.S30.T52TCT.2018006T023059.v2.0.NDVI.tif|HLS-VI.S30.T52UCA.2018006T023059.v2.0.NDVI.tif|HLS-VI.S30.T52UCU.2018006T023059.v2.0.NDVI.tif|HLS-VI.S30.T52UCV.2018006T023059.v2.0.NDVI.tif|HLS-VI.S30.T52UDA.2018006T023059.v2.0.NDVI.tif
2018-01-07,7,"T51UXR,T51UYP,T51UYR,T52UCA,T53TLK,T53TLL,T53UMP",3,"EPSG:32651,EPSG:32652,EPSG:32653",28,14,0.0825468572832799,0.1520820529854819,13980785,74745775,0.18704448512307217,EPSG:32651:3files:7798331valid:15chunks|EPSG:32652:1files:1866798valid:4chunks|EPSG:32653:3files:4315656valid:9chunks,HLS-VI.S30.T51UXR.2018007T025101.v2.0.NDVI.tif|HLS-VI.S30.T51UYP.2018007T025101.v2.0.NDVI.tif|HLS-VI.S30.T51UYR.2018007T025101.v2.0.NDVI.tif|HLS-VI.S30.T52UCA.2018007T025101.v2.0.NDVI.tif|HLS-VI.S30.T53TLK.2018007T020039.v2.0.NDVI.tif|HLS-VI.S30.T53TLL.2018007T020039.v2.0.NDVI.tif|HLS-VI.S30.T53UMP.2018007T020039.v2.0.NDVI.tif
2018-01-12,3,"T51TWN,T51UWP,T51UXS",1,EPSG:32651,13,12,0.07246211631171273,0.1211984070134429,18047098,21941742,0.8225006929714149,EPSG:32651:3files:18047098valid:13chunks,HLS-VI.S30.T51TWN.2018012T025049.v2.0.NDVI.tif|HLS-VI.S30.T51UWP.2018012T025049.v2.0.NDVI.tif|HLS-VI.S30.T51UXS.2018012T025049.v2.0.NDVI.tif
2018-01-13,6,"T52TFT,T52TGT,T52UEV,T52UFU,T52UGU,T53ULP",2,"EPSG:32652,EPSG:32653",26,22,0.04582130056592853,0.14755225302477823,27812544,47993297,0.5795089260068963,EPSG:32652:5files:26931093valid:23chunks|EPSG:32653:1files:881451valid:3chunks,HLS-VI.S30.T52TFT.2018013T022039.v2.0.NDVI.tif|HLS-VI.S30.T52TGT.2018013T022039.v2.0.NDVI.tif|HLS-VI.S30.T52UEV.2018013T022039.v2.0.NDVI.tif|HLS-VI.S30.T52UFU.2018013T022039.v2.0.NDVI.tif|HLS-VI.S30.T52UGU.2018013T022039.v2.0.NDVI.tif|HLS-VI.S30.T53ULP.2018013T022039.v2.0.NDVI.tif
2018-01-14,2,"T51UXU,T51UYU",1,EPSG:32651,5,3,0.24383430566318762,0.19663827412380774,1734094,12609621,0.1375215004479516,EPSG:32651:2files:1734094valid:5chunks,HLS-VI.S30.T51UXU.2018014T024041.v2.0.NDVI.tif|HLS-VI.S30.T51UYU.2018014T024041.v2.0.NDVI.tif
2018-01-16,2,"T52UCA,T52UDA",1,EPSG:32652,6,5,0.08010303169102471,0.14953438862665633,2561416,12056190,0.21245650574518152,EPSG:32652:2files:2561416valid:6chunks,HLS-VI.S30.T52UCA.2018016T023029.v2.0.NDVI.tif|HLS-VI.S30.T52UDA.2018016T023029.v2.0.NDVI.tif
2018-01-19,4,"T51TWL,T51TWM,T51TXL,T51TYL",1,EPSG:32651,16,15,0.03021096932541596,0.07860908429581807,22325924,33679132,0.6629008134770219,EPSG:32651:4files:22325924valid:16chunks,HLS-VI.S30.T51TWL.2018019T024019.v2.0.NDVI.tif|HLS-VI.S30.T51TWM.2018019T024019.v2.0.NDVI.tif|HLS-VI.S30.T51TXL.2018019T024019.v2.0.NDVI.tif|HLS-VI.S30.T51TYL.2018019T024019.v2.0.NDVI.tif
2018-01-21,3,"T51TXL,T51TYN,T52TCT",2,"EPSG:32651,EPSG:32652",14,10,0.011722629216347636,0.08476427394223453,20806459,43536878,0.47790424935844045,EPSG:32651:2files:7931379valid:10chunks|EPSG:32652:1files:12875080valid:4chunks,HLS-VI.S30.T51TXL.2018021T023011.v2.0.NDVI.tif|HLS-VI.S30.T51TYN.2018021T023011.v2.0.NDVI.tif|HLS-VI.S30.T52TCT.2018021T023011.v2.0.NDVI.tif
2018-01-26,6,"T51TYM,T51TYN,T51UYP,T52TCT,T52UCU,T52UDA",2,"EPSG:32651,EPSG:32652",24,22,0.03355702233892644,0.10308765127565296,45483594,75064480,0.6059269843739675,EPSG:32651:3files:22433934valid:12chunks|EPSG:32652:3files:23049660valid:12chunks,HLS-VI.S30.T51TYM.2018026T022949.v2.0.NDVI.tif|HLS-VI.S30.T51TYN.2018026T022949.v2.0.NDVI.tif|HLS-VI.S30.T51UYP.2018026T022949.v2.0.NDVI.tif|HLS-VI.S30.T52TCT.2018026T022949.v2.0.NDVI.tif|HLS-VI.S30.T52UCU.2018026T022949.v2.0.NDVI.tif|HLS-VI.S30.T52UDA.2018026T022949.v2.0.NDVI.tif
2018-01-27,3,"T51TXN,T51UXP,T51UXQ",1,EPSG:32651,12,11,0.006565652644944729,0.0830379109712791,24895336,31252355,0.7965907209232712,EPSG:32651:3files:24895336valid:12chunks,HLS-VI.S30.T51TXN.2018027T024951.v2.0.NDVI.tif|HLS-VI.S30.T51UXP.2018027T024951.v2.0.NDVI.tif|HLS-VI.S30.T51UXQ.2018027T024951.v2.0.NDVI.tif
2018-01-29,12,"T51TWL,T51TWN,T51TXL,T51TXN,T51TYM,T51TYN,T51UWP,T51UXP,T51UXQ,T51UYP,T52TCT,T52UDA",2,"EPSG:32651,EPSG:32652",50,47,0.009002475961207899,0.07957258686759394,93412295,145547946,0.6417974115553647,EPSG:32651:10files:80392580valid:40chunks|EPSG:32652:2files:13019715valid:10chunks,HLS-VI.S30.T51TWL.2018029T023939.v2.0.NDVI.tif|HLS-VI.S30.T51TWN.2018029T023939.v2.0.NDVI.tif|HLS-VI.S30.T51TXL.2018029T023939.v2.0.NDVI.tif|HLS-VI.S30.T51TXN.2018029T023939.v2.0.NDVI.tif|HLS-VI.S30.T51TYM.2018029T023939.v2.0.NDVI.tif|HLS-VI.S30.T51TYN.2018029T023939.v2.0.NDVI.tif|HLS-VI.S30.T51UWP.2018029T023939.v2.0.NDVI.tif|HLS-VI.S30.T51UXP.2018029T023939.v2.0.NDVI.tif|HLS-VI.S30.T51UXQ.2018029T023939.v2.0.NDVI.tif|HLS-VI.S30.T51UYP.2018029T023939.v2.0.NDVI.tif|HLS-VI.S30.T52TCT.2018029T023939.v2.0.NDVI.tif|HLS-VI.S30.T52UDA.2018029T023939.v2.0.NDVI.tif
2018-01-30,7,"T52TFS,T52TFT,T52TGT,T52UGU,T53TLM,T53TLN,T53ULP",2,"EPSG:32652,EPSG:32653",27,25,0.028104669159334923,0.12116668830164558,48870534,70994847,0.688367340238088,EPSG:32652:4files:22406062valid:16chunks|EPSG:32653:3files:26464472valid:11chunks,HLS-VI.S30.T52TFS.2018030T020919.v2.0.NDVI.tif|HLS-VI.S30.T52TFT.2018030T020919.v2.0.NDVI.tif|HLS-VI.S30.T52TGT.2018030T020919.v2.0.NDVI.tif|HLS-VI.S30.T52UGU.2018030T020919.v2.0.NDVI.tif|HLS-VI.S30.T53TLM.2018030T020919.v2.0.NDVI.tif|HLS-VI.S30.T53TLN.2018030T020919.v2.0.NDVI.tif|HLS-VI.S30.T53ULP.2018030T020919.v2.0.NDVI.tif
2018-02-01,4,"T51TWL,T51UXR,T51UYS,T52UCB",2,"EPSG:32651,EPSG:32652",17,14,0.11571459137251673,0.15028600651614274,17902972,37104514,0.4825011857047905,EPSG:32651:3files:12360687valid:13chunks|EPSG:32652:1files:5542285valid:4chunks,HLS-VI.S30.T51TWL.2018032T024929.v2.0.NDVI.tif|HLS-VI.S30.T51UXR.2018032T024929.v2.0.NDVI.tif|HLS-VI.S30.T51UYS.2018032T024929.v2.0.NDVI.tif|HLS-VI.S30.T52UCB.2018032T024929.v2.0.NDVI.tif
2018-02-02,2,"T52UGU,T53ULP",2,"EPSG:32652,EPSG:32653",5,4,0.023529151723045705,0.1066337160779444,2022072,4907153,0.4120662225123203,EPSG:32652:1files:1099772valid:2chunks|EPSG:32653:1files:922300valid:3chunks,HLS-VI.S30.T52UGU.2018033T021909.v2.0.NDVI.tif|HLS-VI.S30.T53ULP.2018033T021909.v2.0.NDVI.tif
2018-02-03,15,"T51TYN,T51UXP,T51UXQ,T51UXR,T51UXS,T51UXU,T51UYP,T51UYS,T51UYT,T52TCT,T52UCA,T52UCB,T52UCC,T52UCU,T52UDA",2,"EPSG:32651,EPSG:32652",55,52,0.060717544276445844,0.1386863416915994,106939094,165184313,0.6473925523424249,EPSG:32651:9files:62056488valid:34chunks|EPSG:32652:6files:44882606valid:21chunks,HLS-VI.S30.T51TYN.2018034T023911.v2.0.NDVI.tif|HLS-VI.S30.T51UXP.2018034T023911.v2.0.NDVI.tif|HLS-VI.S30.T51UXQ.2018034T023911.v2.0.NDVI.tif|HLS-VI.S30.T51UXR.2018034T023911.v2.0.NDVI.tif|HLS-VI.S30.T51UXS.2018034T023911.v2.0.NDVI.tif|HLS-VI.S30.T51UXU.2018034T023911.v2.0.NDVI.tif|HLS-VI.S30.T51UYP.2018034T023911.v2.0.NDVI.tif|HLS-VI.S30.T51UYS.2018034T023911.v2.0.NDVI.tif|HLS-VI.S30.T51UYT.2018034T023911.v2.0.NDVI.tif|HLS-VI.S30.T52TCT.2018034T023911.v2.0.NDVI.tif|HLS-VI.S30.T52UCA.2018034T023911.v2.0.NDVI.tif|HLS-VI.S30.T52UCB.2018034T023911.v2.0.NDVI.tif|HLS-VI.S30.T52UCC.2018034T023911.v2.0.NDVI.tif|HLS-VI.S30.T52UCU.2018034T023911.v2.0.NDVI.tif|HLS-VI.S30.T52UDA.2018034T023911.v2.0.NDVI.tif
2018-02-05,2,"T51UYP,T52UCA",2,"EPSG:32651,EPSG:32652",8,6,0.031280538474227515,0.11056966377301441,7788111,25025725,0.3112042108670178,EPSG:32651:1files:5417772valid:4chunks|EPSG:32652:1files:2370339valid:4chunks,HLS-VI.S30.T51UYP.2018036T022859.v2.0.NDVI.tif|HLS-VI.S30.T52UCA.2018036T022859.v2.0.NDVI.tif
2018-02-07,8,"T52TFS,T52TFT,T52TGS,T52TGT,T52UEV,T52UGU,T53TLN,T53ULP",2,"EPSG:32652,EPSG:32653",33,26,0.05254478744009686,0.12862768867037355,46147336,83139332,0.5550602210756276,EPSG:32652:6files:41627346valid:26chunks|EPSG:32653:2files:4519990valid:7chunks,HLS-VI.S30.T52TFS.2018038T021841.v2.0.NDVI.tif|HLS-VI.S30.T52TFT.2018038T021841.v2.0.NDVI.tif|HLS-VI.S30.T52TGS.2018038T021841.v2.0.NDVI.tif|HLS-VI.S30.T52TGT.2018038T021841.v2.0.NDVI.tif|HLS-VI.S30.T52UEV.2018038T021841.v2.0.NDVI.tif|HLS-VI.S30.T52UGU.2018038T021841.v2.0.NDVI.tif|HLS-VI.S30.T53TLN.2018038T021841.v2.0.NDVI.tif|HLS-VI.S30.T53ULP.2018038T021841.v2.0.NDVI.tif
2018-02-08,6,"T51UXQ,T51UXR,T51UYS,T51UYU,T52UCB,T52UCD",2,"EPSG:32651,EPSG:32652",25,25,0.08790239050154922,0.13024261133785509,31643156,49800258,0.6354014471170009,EPSG:32651:4files:22679370valid:17chunks|EPSG:32652:2files:8963786valid:8chunks,HLS-VI.S30.T51UXQ.2018039T023839.v2.0.NDVI.tif|HLS-VI.S30.T51UXR.2018039T023839.v2.0.NDVI.tif|HLS-VI.S30.T51UYS.2018039T023839.v2.0.NDVI.tif|HLS-VI.S30.T51UYU.2018039T023839.v2.0.NDVI.tif|HLS-VI.S30.T52UCB.2018039T023839.v2.0.NDVI.tif|HLS-VI.S30.T52UCD.2018039T023839.v2.0.NDVI.tif
2018-02-09,3,"T52TGQ,T53TLK,T53TLM",2,"EPSG:32652,EPSG:32653",7,7,0.06979596456549411,0.14685587087912197,13740294,16591540,0.8281506116972867,EPSG:32652:1files:503019valid:2chunks|EPSG:32653:2files:13237275valid:5chunks,HLS-VI.S30.T52TGQ.2018040T020829.v2.0.NDVI.tif|HLS-VI.S30.T53TLK.2018040T020829.v2.0.NDVI.tif|HLS-VI.S30.T53TLM.2018040T020829.v2.0.NDVI.tif
2018-02-14,6,"T51UUV,T52TGR,T52UGU,T53TLL,T53TLN,T53ULP",3,"EPSG:32651,EPSG:32652,EPSG:32653",21,21,0.0201043651744024,0.0887074765455405,37407690,57057836,0.6556100375065048,EPSG:32651:1files:11087valid:1chunks|EPSG:32652:2files:13357758valid:8chunks|EPSG:32653:3files:24038845valid:12chunks,HLS-VI.S30.T51UUV.2018045T025819.v2.0.NDVI.tif|HLS-VI.S30.T52TGR.2018045T020801.v2.0.NDVI.tif|HLS-VI.S30.T52UGU.2018045T020801.v2.0.NDVI.tif|HLS-VI.S30.T53TLL.2018045T020801.v2.0.NDVI.tif|HLS-VI.S30.T53TLN.2018045T020801.v2.0.NDVI.tif|HLS-VI.S30.T53ULP.2018045T020801.v2.0.NDVI.tif
2018-02-15,8,"T51TYL,T51TYN,T51UYP,T52TCT,T52UCA,T52UCU,T52UDA,T52UDV",2,"EPSG:32651,EPSG:32652",33,31,0.05530520397339883,0.11779100107303289,58200907,107648966,0.5406545846432004,EPSG:32651:3files:21410613valid:14chunks|EPSG:32652:5files:36790294valid:19chunks,HLS-VI.S30.T51TYL.2018046T022759.v2.0.NDVI.tif|HLS-VI.S30.T51TYN.2018046T022759.v2.0.NDVI.tif|HLS-VI.S30.T51UYP.2018046T022759.v2.0.NDVI.tif|HLS-VI.S30.T52TCT.2018046T022759.v2.0.NDVI.tif|HLS-VI.S30.T52UCA.2018046T022759.v2.0.NDVI.tif|HLS-VI.S30.T52UCU.2018046T022759.v2.0.NDVI.tif|HLS-VI.S30.T52UDA.2018046T022759.v2.0.NDVI.tif|HLS-VI.S30.T52UDV.2018046T022759.v2.0.NDVI.tif
2018-02-16,8,"T51UXQ,T51UXS,T51UXU,T51UYU,T52UCD,T53TMM,T53TMN,T53UMP",3,"EPSG:32651,EPSG:32652,EPSG:32653",24,24,0.11271058417749887,0.17994853458124302,29057239,45962333,0.6321967816559704,EPSG:32651:4files:18688541valid:14chunks|EPSG:32652:1files:882412valid:2chunks|EPSG:32653:3files:9486286valid:8chunks,HLS-VI.S30.T51UXQ.2018047T024801.v2.0.NDVI.tif|HLS-VI.S30.T51UXS.2018047T024801.v2.0.NDVI.tif|HLS-VI.S30.T51UXU.2018047T024801.v2.0.NDVI.tif|HLS-VI.S30.T51UYU.2018047T024801.v2.0.NDVI.tif|HLS-VI.S30.T52UCD.2018047T024801.v2.0.NDVI.tif|HLS-VI.S30.T53TMM.2018047T015739.v2.0.NDVI.tif|HLS-VI.S30.T53TMN.2018047T015739.v2.0.NDVI.tif|HLS-VI.S30.T53UMP.2018047T015739.v2.0.NDVI.tif
2018-02-17,3,"T52TFT,T52TGT,T52UEV",1,EPSG:32652,19,16,0.03077180041462293,0.11068290857748275,24888072,39644382,0.6277830740305146,EPSG:32652:3files:24888072valid:19chunks,HLS-VI.S30.T52TFT.2018048T021741.v2.0.NDVI.tif|HLS-VI.S30.T52TGT.2018048T021741.v2.0.NDVI.tif|HLS-VI.S30.T52UEV.2018048T021741.v2.0.NDVI.tif
2018-02-18,13,"T51TYN,T51UWP,T51UXP,T51UYP,T51UYQ,T51UYR,T52TCT,T52UCA,T52UCB,T52UCU,T52UCV,T52UDA,T52UDV",2,"EPSG:32651,EPSG:32652",53,49,0.0535765748058354,0.11696302215322325,122962148,160059694,0.7682268091803299,EPSG:32651:6files:62733954valid:29chunks|EPSG:32652:7files:60228194valid:24chunks,HLS-VI.S30.T51TYN.2018049T023739.v2.0.NDVI.tif|HLS-VI.S30.T51UWP.2018049T023739.v2.0.NDVI.tif|HLS-VI.S30.T51UXP.2018049T023739.v2.0.NDVI.tif|HLS-VI.S30.T51UYP.2018049T023739.v2.0.NDVI.tif|HLS-VI.S30.T51UYQ.2018049T023739.v2.0.NDVI.tif|HLS-VI.S30.T51UYR.2018049T023739.v2.0.NDVI.tif|HLS-VI.S30.T52TCT.2018049T023739.v2.0.NDVI.tif|HLS-VI.S30.T52UCA.2018049T023739.v2.0.NDVI.tif|HLS-VI.S30.T52UCB.2018049T023739.v2.0.NDVI.tif|HLS-VI.S30.T52UCU.2018049T023739.v2.0.NDVI.tif|HLS-VI.S30.T52UCV.2018049T023739.v2.0.NDVI.tif|HLS-VI.S30.T52UDA.2018049T023739.v2.0.NDVI.tif|HLS-VI.S30.T52UDV.2018049T023739.v2.0.NDVI.tif
2018-02-19,8,"T52TFT,T52TGT,T52UGU,T53TLM,T53TLN,T53TMN,T53ULP,T53UMP",2,"EPSG:32652,EPSG:32653",27,25,0.00815497086096089,0.08837738035505338,52358603,63632888,0.8228229873835052,EPSG:32652:3files:16561951valid:12chunks|EPSG:32653:5files:35796652valid:15chunks,HLS-VI.S30.T52TFT.2018050T020719.v2.0.NDVI.tif|HLS-VI.S30.T52TGT.2018050T020719.v2.0.NDVI.tif|HLS-VI.S30.T52UGU.2018050T020719.v2.0.NDVI.tif|HLS-VI.S30.T53TLM.2018050T020719.v2.0.NDVI.tif|HLS-VI.S30.T53TLN.2018050T020719.v2.0.NDVI.tif|HLS-VI.S30.T53TMN.2018050T020719.v2.0.NDVI.tif|HLS-VI.S30.T53ULP.2018050T020719.v2.0.NDVI.tif|HLS-VI.S30.T53UMP.2018050T020719.v2.0.NDVI.tif
2018-02-20,7,"T51TYN,T51UYP,T51UYQ,T52TCT,T52UCA,T52UCU,T52UDA",2,"EPSG:32651,EPSG:32652",26,23,0.04005006943948442,0.0952477338747132,41211788,83453088,0.4938317920602291,EPSG:32651:3files:15607106valid:12chunks|EPSG:32652:4files:25604682valid:14chunks,HLS-VI.S30.T51TYN.2018051T022731.v2.0.NDVI.tif|HLS-VI.S30.T51UYP.2018051T022731.v2.0.NDVI.tif|HLS-VI.S30.T51UYQ.2018051T022731.v2.0.NDVI.tif|HLS-VI.S30.T52TCT.2018051T022731.v2.0.NDVI.tif|HLS-VI.S30.T52UCA.2018051T022731.v2.0.NDVI.tif|HLS-VI.S30.T52UCU.2018051T022731.v2.0.NDVI.tif|HLS-VI.S30.T52UDA.2018051T022731.v2.0.NDVI.tif
2018-02-21,5,"T53TLL,T53TLM,T53TMM,T53TMN,T53UMP",1,EPSG:32653,14,11,0.0274954701823806,0.09157385508213148,12989266,38701243,0.3356291682931217,EPSG:32653:5files:12989266valid:14chunks,HLS-VI.S30.T53TLL.2018052T015711.v2.0.NDVI.tif|HLS-VI.S30.T53TLM.2018052T015711.v2.0.NDVI.tif|HLS-VI.S30.T53TMM.2018052T015711.v2.0.NDVI.tif|HLS-VI.S30.T53TMN.2018052T015711.v2.0.NDVI.tif|HLS-VI.S30.T53UMP.2018052T015711.v2.0.NDVI.tif
2018-02-23,7,"T51UXQ,T51UXR,T51UXS,T51UYS,T51UYT,T52UCB,T52UCC",2,"EPSG:32651,EPSG:32652",22,21,0.09734510769737906,0.13772779829863904,38892586,53009070,0.7336968182992081,EPSG:32651:5files:26937373valid:16chunks|EPSG:32652:2files:11955213valid:6chunks,HLS-VI.S30.T51UXQ.2018054T023711.v2.0.NDVI.tif|HLS-VI.S30.T51UXR.2018054T023711.v2.0.NDVI.tif|HLS-VI.S30.T51UXS.2018054T023711.v2.0.NDVI.tif|HLS-VI.S30.T51UYS.2018054T023711.v2.0.NDVI.tif|HLS-VI.S30.T51UYT.2018054T023711.v2.0.NDVI.tif|HLS-VI.S30.T52UCB.2018054T023711.v2.0.NDVI.tif|HLS-VI.S30.T52UCC.2018054T023711.v2.0.NDVI.tif
2018-02-24,8,"T51UWV,T51UXU,T51UXV,T52TGT,T52UGU,T53TLN,T53ULP,T53UMP",3,"EPSG:32651,EPSG:32652,EPSG:32653",25,22,0.05297997610694626,0.15574057003740902,41145175,56327713,0.730460599385599,EPSG:32651:3files:8275234valid:10chunks|EPSG:32652:2files:13367129valid:6chunks|EPSG:32653:3files:19502812valid:9chunks,HLS-VI.S30.T51UWV.2018055T025709.v2.0.NDVI.tif|HLS-VI.S30.T51UXU.2018055T025709.v2.0.NDVI.tif|HLS-VI.S30.T51UXV.2018055T025709.v2.0.NDVI.tif|HLS-VI.S30.T52TGT.2018055T020651.v2.0.NDVI.tif|HLS-VI.S30.T52UGU.2018055T020651.v2.0.NDVI.tif|HLS-VI.S30.T53TLN.2018055T020651.v2.0.NDVI.tif|HLS-VI.S30.T53ULP.2018055T020651.v2.0.NDVI.tif|HLS-VI.S30.T53UMP.2018055T020651.v2.0.NDVI.tif
2018-02-25,8,"T51UYP,T51UYQ,T52UCA,T52UCU,T52UCV,T52UDA,T52UDV,T52UEV",2,"EPSG:32651,EPSG:32652",30,27,0.0782564747397804,0.12031122541665928,44143969,87970707,0.5018030490535901,EPSG:32651:2files:8149717valid:8chunks|EPSG:32652:6files:35994252valid:22chunks,HLS-VI.S30.T51UYP.2018056T022649.v2.0.NDVI.tif|HLS-VI.S30.T51UYQ.2018056T022649.v2.0.NDVI.tif|HLS-VI.S30.T52UCA.2018056T022649.v2.0.NDVI.tif|HLS-VI.S30.T52UCU.2018056T022649.v2.0.NDVI.tif|HLS-VI.S30.T52UCV.2018056T022649.v2.0.NDVI.tif|HLS-VI.S30.T52UDA.2018056T022649.v2.0.NDVI.tif|HLS-VI.S30.T52UDV.2018056T022649.v2.0.NDVI.tif|HLS-VI.S30.T52UEV.2018056T022649.v2.0.NDVI.tif
2018-02-26,5,"T51UXV,T53TLM,T53TMM,T53TMN,T53UMP",2,"EPSG:32651,EPSG:32653",15,11,0.03497254856693569,0.09846642481321187,11900634,31545693,0.3772506757103101,EPSG:32651:1files:449591valid:2chunks|EPSG:32653:4files:11451043valid:13chunks,HLS-VI.S30.T51UXV.2018057T024651.v2.0.NDVI.tif|HLS-VI.S30.T53TLM.2018057T015649.v2.0.NDVI.tif|HLS-VI.S30.T53TMM.2018057T015649.v2.0.NDVI.tif|HLS-VI.S30.T53TMN.2018057T015649.v2.0.NDVI.tif|HLS-VI.S30.T53UMP.2018057T015649.v2.0.NDVI.tif
2018-02-27,4,"T52TFT,T52TGS,T52UEV,T52UFU",1,EPSG:32652,22,19,0.06100653434126147,0.11945583880112327,26331220,62518684,0.4211736126755323,EPSG:32652:4files:26331220valid:22chunks,HLS-VI.S30.T52TFT.2018058T021631.v2.0.NDVI.tif|HLS-VI.S30.T52TGS.2018058T021631.v2.0.NDVI.tif|HLS-VI.S30.T52UEV.2018058T021631.v2.0.NDVI.tif|HLS-VI.S30.T52UFU.2018058T021631.v2.0.NDVI.tif
2018-03-02,2,"T52UCA,T52UDA",1,EPSG:32652,6,5,0.048294618569230015,0.07687843793428176,2915552,12056190,0.24183029630422215,EPSG:32652:2files:2915552valid:6chunks,HLS-VI.S30.T52UCA.2018061T022621.v2.0.NDVI.tif|HLS-VI.S30.T52UDA.2018061T022621.v2.0.NDVI.tif
2018-03-05,6,"T51UXS,T51UYS,T51UYT,T52UCB,T52UCC,T52UDA",2,"EPSG:32651,EPSG:32652",22,21,0.11293369191383955,0.13747628018307032,28761786,41911116,0.6862567439149079,EPSG:32651:3files:15891677valid:11chunks|EPSG:32652:3files:12870109valid:11chunks,HLS-VI.S30.T51UXS.2018064T023601.v2.0.NDVI.tif|HLS-VI.S30.T51UYS.2018064T023601.v2.0.NDVI.tif|HLS-VI.S30.T51UYT.2018064T023601.v2.0.NDVI.tif|HLS-VI.S30.T52UCB.2018064T023601.v2.0.NDVI.tif|HLS-VI.S30.T52UCC.2018064T023601.v2.0.NDVI.tif|HLS-VI.S30.T52UDA.2018064T023601.v2.0.NDVI.tif
2018-03-06,2,"T51UXV,T53TLM",2,"EPSG:32651,EPSG:32653",6,6,0.061356492328234744,0.12406546786642295,13286507,13649236,0.9734249594629326,EPSG:32651:1files:428495valid:2chunks|EPSG:32653:1files:12858012valid:4chunks,HLS-VI.S30.T51UXV.2018065T025549.v2.0.NDVI.tif|HLS-VI.S30.T53TLM.2018065T020651.v2.0.NDVI.tif
2018-03-07,2,"T52UCA,T52UDA",1,EPSG:32652,6,5,0.046671551401599946,0.07404395658422909,2886887,12056190,0.23945267949493165,EPSG:32652:2files:2886887valid:6chunks,HLS-VI.S30.T52UCA.2018066T022539.v2.0.NDVI.tif|HLS-VI.S30.T52UDA.2018066T022539.v2.0.NDVI.tif
2018-03-08,9,"T51UWP,T51UWV,T51UXR,T51UXS,T51UXU,T51UYS,T51UYT,T52UCB,T52UCC",2,"EPSG:32651,EPSG:32652",37,32,0.13241077864829975,0.1556451421657798,45848157,84776289,0.5408134460804247,EPSG:32651:7files:35936094valid:31chunks|EPSG:32652:2files:9912063valid:6chunks,HLS-VI.S30.T51UWP.2018067T024541.v2.0.NDVI.tif|HLS-VI.S30.T51UWV.2018067T024541.v2.0.NDVI.tif|HLS-VI.S30.T51UXR.2018067T024541.v2.0.NDVI.tif|HLS-VI.S30.T51UXS.2018067T024541.v2.0.NDVI.tif|HLS-VI.S30.T51UXU.2018067T024541.v2.0.NDVI.tif|HLS-VI.S30.T51UYS.2018067T024541.v2.0.NDVI.tif|HLS-VI.S30.T51UYT.2018067T024541.v2.0.NDVI.tif|HLS-VI.S30.T52UCB.2018067T024541.v2.0.NDVI.tif|HLS-VI.S30.T52UCC.2018067T024541.v2.0.NDVI.tif
2018-03-09,4,"T52TFT,T52TGT,T52UEV,T52UGU",1,EPSG:32652,21,18,0.015045639753937915,0.08287959094148206,25999776,39950856,0.6507939654659715,EPSG:32652:4files:25999776valid:21chunks,HLS-VI.S30.T52TFT.2018068T021601.v2.0.NDVI.tif|HLS-VI.S30.T52TGT.2018068T021601.v2.0.NDVI.tif|HLS-VI.S30.T52UEV.2018068T021601.v2.0.NDVI.tif|HLS-VI.S30.T52UGU.2018068T021601.v2.0.NDVI.tif
2018-03-10,18,"T51TWL,T51TWM,T51UXP,T51UXR,T51UXS,T51UXT,T51UXU,T51UYP,T51UYS,T51UYT,T51UYU,T52TDT,T52UCA,T52UCB,T52UCC,T52UCD,T52UCU,T52UDA",2,"EPSG:32651,EPSG:32652",63,53,0.0571963613814261,0.11601130413448284,94485414,173662941,0.5440735568332912,EPSG:32651:11files:56295201valid:38chunks|EPSG:32652:7files:38190213valid:25chunks,HLS-VI.S30.T51TWL.2018069T023539.v2.0.NDVI.tif|HLS-VI.S30.T51TWM.2018069T023539.v2.0.NDVI.tif|HLS-VI.S30.T51UXP.2018069T023539.v2.0.NDVI.tif|HLS-VI.S30.T51UXR.2018069T023539.v2.0.NDVI.tif|HLS-VI.S30.T51UXS.2018069T023539.v2.0.NDVI.tif|HLS-VI.S30.T51UXT.2018069T023539.v2.0.NDVI.tif|HLS-VI.S30.T51UXU.2018069T023539.v2.0.NDVI.tif|HLS-VI.S30.T51UYP.2018069T023539.v2.0.NDVI.tif|HLS-VI.S30.T51UYS.2018069T023539.v2.0.NDVI.tif|HLS-VI.S30.T51UYT.2018069T023539.v2.0.NDVI.tif|HLS-VI.S30.T51UYU.2018069T023539.v2.0.NDVI.tif|HLS-VI.S30.T52TDT.2018069T023539.v2.0.NDVI.tif|HLS-VI.S30.T52UCA.2018069T023539.v2.0.NDVI.tif|HLS-VI.S30.T52UCB.2018069T023539.v2.0.NDVI.tif|HLS-VI.S30.T52UCC.2018069T023539.v2.0.NDVI.tif|HLS-VI.S30.T52UCD.2018069T023539.v2.0.NDVI.tif|HLS-VI.S30.T52UCU.2018069T023539.v2.0.NDVI.tif|HLS-VI.S30.T52UDA.2018069T023539.v2.0.NDVI.tif
2018-03-11,13,"T51TVN,T51UWS,T51UXU,T51UXV,T52TFT,T52TGR,T52UGU,T53TLL,T53TLM,T53TLN,T53TMN,T53ULP,T53UMP",3,"EPSG:32651,EPSG:32652,EPSG:32653",49,44,0.03180196786087777,0.11778832157213003,69221326,126984542,0.5451161606741078,EPSG:32651:4files:7490684valid:16chunks|EPSG:32652:3files:17901116valid:17chunks|EPSG:32653:6files:43829526valid:16chunks,HLS-VI.S30.T51TVN.2018070T025541.v2.0.NDVI.tif|HLS-VI.S30.T51UWS.2018070T025541.v2.0.NDVI.tif|HLS-VI.S30.T51UXU.2018070T025541.v2.0.NDVI.tif|HLS-VI.S30.T51UXV.2018070T025541.v2.0.NDVI.tif|HLS-VI.S30.T52TFT.2018070T020649.v2.0.NDVI.tif|HLS-VI.S30.T52TGR.2018070T020649.v2.0.NDVI.tif|HLS-VI.S30.T52UGU.2018070T020649.v2.0.NDVI.tif|HLS-VI.S30.T53TLL.2018070T020649.v2.0.NDVI.tif|HLS-VI.S30.T53TLM.2018070T020649.v2.0.NDVI.tif|HLS-VI.S30.T53TLN.2018070T020649.v2.0.NDVI.tif|HLS-VI.S30.T53TMN.2018070T020649.v2.0.NDVI.tif|HLS-VI.S30.T53ULP.2018070T020649.v2.0.NDVI.tif|HLS-VI.S30.T53UMP.2018070T020649.v2.0.NDVI.tif
2018-03-15,3,"T51TXM,T51TYM,T51UXQ",1,EPSG:32651,16,16,0.03130785050315842,0.07780069746333663,32415706,48858565,0.6634600504537945,EPSG:32651:3files:32415706valid:16chunks,HLS-VI.S30.T51TXM.2018074T023541.v2.0.NDVI.tif|HLS-VI.S30.T51TYM.2018074T023541.v2.0.NDVI.tif|HLS-VI.S30.T51UXQ.2018074T023541.v2.0.NDVI.tif
2018-03-16,19,"T51TVN,T51UVS,T51UVT,T51UWS,T51UWT,T51UXT,T51UXU,T52TFQ,T52TFR,T52TFS,T52TFT,T52TGQ,T52TGR,T52UGU,T53TLK,T53TLL,T53TLM,T53TLN,T53ULP",3,"EPSG:32651,EPSG:32652,EPSG:32653",58,48,0.08223024537905287,0.14358261149659832,96450363,152319867,0.6332093435979694,EPSG:32651:7files:21505372valid:22chunks|EPSG:32652:7files:39659450valid:24chunks|EPSG:32653:5files:35285541valid:12chunks,HLS-VI.S30.T51TVN.2018075T025539.v2.0.NDVI.tif|HLS-VI.S30.T51UVS.2018075T025539.v2.0.NDVI.tif|HLS-VI.S30.T51UVT.2018075T025539.v2.0.NDVI.tif|HLS-VI.S30.T51UWS.2018075T025539.v2.0.NDVI.tif|HLS-VI.S30.T51UWT.2018075T025539.v2.0.NDVI.tif|HLS-VI.S30.T51UXT.2018075T025539.v2.0.NDVI.tif|HLS-VI.S30.T51UXU.2018075T025539.v2.0.NDVI.tif|HLS-VI.S30.T52TFQ.2018075T020651.v2.0.NDVI.tif|HLS-VI.S30.T52TFR.2018075T020651.v2.0.NDVI.tif|HLS-VI.S30.T52TFS.2018075T020651.v2.0.NDVI.tif|HLS-VI.S30.T52TFT.2018075T020651.v2.0.NDVI.tif|HLS-VI.S30.T52TGQ.2018075T020651.v2.0.NDVI.tif|HLS-VI.S30.T52TGR.2018075T020651.v2.0.NDVI.tif|HLS-VI.S30.T52UGU.2018075T020651.v2.0.NDVI.tif|HLS-VI.S30.T53TLK.2018075T020651.v2.0.NDVI.tif|HLS-VI.S30.T53TLL.2018075T020651.v2.0.NDVI.tif|HLS-VI.S30.T53TLM.2018075T020651.v2.0.NDVI.tif|HLS-VI.S30.T53TLN.2018075T020651.v2.0.NDVI.tif|HLS-VI.S30.T53ULP.2018075T020651.v2.0.NDVI.tif
2018-03-17,19,"T51TYL,T51TYM,T51TYN,T51UYP,T51UYQ,T52TCP,T52TCQ,T52TCR,T52TCT,T52TDR,T52TDS,T52TDT,T52TER,T52UCA,T52UCU,T52UCV,T52UDA,T52UDU,T52UDV",2,"EPSG:32651,EPSG:32652",60,54,0.08864934497841767,0.1449696617516073,134517461,214922027,0.6258895976260265,EPSG:32651:5files:31104855valid:16chunks|EPSG:32652:14files:103412606valid:44chunks,HLS-VI.S30.T51TYL.2018076T022539.v2.0.NDVI.tif|HLS-VI.S30.T51TYM.2018076T022539.v2.0.NDVI.tif|HLS-VI.S30.T51TYN.2018076T022539.v2.0.NDVI.tif|HLS-VI.S30.T51UYP.2018076T022539.v2.0.NDVI.tif|HLS-VI.S30.T51UYQ.2018076T022539.v2.0.NDVI.tif|HLS-VI.S30.T52TCP.2018076T022539.v2.0.NDVI.tif|HLS-VI.S30.T52TCQ.2018076T022539.v2.0.NDVI.tif|HLS-VI.S30.T52TCR.2018076T022539.v2.0.NDVI.tif|HLS-VI.S30.T52TCT.2018076T022539.v2.0.NDVI.tif|HLS-VI.S30.T52TDR.2018076T022539.v2.0.NDVI.tif|HLS-VI.S30.T52TDS.2018076T022539.v2.0.NDVI.tif|HLS-VI.S30.T52TDT.2018076T022539.v2.0.NDVI.tif|HLS-VI.S30.T52TER.2018076T022539.v2.0.NDVI.tif|HLS-VI.S30.T52UCA.2018076T022539.v2.0.NDVI.tif|HLS-VI.S30.T52UCU.2018076T022539.v2.0.NDVI.tif|HLS-VI.S30.T52UCV.2018076T022539.v2.0.NDVI.tif|HLS-VI.S30.T52UDA.2018076T022539.v2.0.NDVI.tif|HLS-VI.S30.T52UDU.2018076T022539.v2.0.NDVI.tif|HLS-VI.S30.T52UDV.2018076T022539.v2.0.NDVI.tif
2018-03-18,2,"T53TLK,T53TLL",1,EPSG:32653,4,4,0.005943842542638812,0.02655793403910535,1671517,8888933,0.1880447293280307,EPSG:32653:2files:1671517valid:4chunks,HLS-VI.S30.T53TLK.2018077T015649.v2.0.NDVI.tif|HLS-VI.S30.T53TLL.2018077T015649.v2.0.NDVI.tif
2018-03-19,13,"T50UQE,T51UUV,T51UVV,T51UWV,T52TCP,T52TCQ,T52TEP,T52TFP,T52TFT,T52TGT,T52UEV,T52UGU,T53ULP",4,"EPSG:32650,EPSG:32651,EPSG:32652,EPSG:32653",44,39,0.10029005198106465,0.15177258386951023,39551424,101926155,0.3880399883621628,EPSG:32650:1files:19366valid:1chunks|EPSG:32651:3files:3822658valid:4chunks|EPSG:32652:8files:34899006valid:36chunks|EPSG:32653:1files:810394valid:3chunks,HLS-VI.S30.T50UQE.2018078T030539.v2.0.NDVI.tif|HLS-VI.S30.T51UUV.2018078T030539.v2.0.NDVI.tif|HLS-VI.S30.T51UVV.2018078T030539.v2.0.NDVI.tif|HLS-VI.S30.T51UWV.2018078T030539.v2.0.NDVI.tif|HLS-VI.S30.T52TCP.2018078T021601.v2.0.NDVI.tif|HLS-VI.S30.T52TCQ.2018078T021601.v2.0.NDVI.tif|HLS-VI.S30.T52TEP.2018078T021601.v2.0.NDVI.tif|HLS-VI.S30.T52TFP.2018078T021601.v2.0.NDVI.tif|HLS-VI.S30.T52TFT.2018078T021601.v2.0.NDVI.tif|HLS-VI.S30.T52TGT.2018078T021601.v2.0.NDVI.tif|HLS-VI.S30.T52UEV.2018078T021601.v2.0.NDVI.tif|HLS-VI.S30.T52UGU.2018078T021601.v2.0.NDVI.tif|HLS-VI.S30.T53ULP.2018078T021601.v2.0.NDVI.tif
2018-03-20,22,"T51TXL,T51TXN,T51TYL,T51TYM,T51TYN,T51UWP,T51UXP,T51UXQ,T51UXR,T51UXS,T51UYP,T51UYQ,T51UYR,T52TCR,T52TCS,T52TDT,T52UCA,T52UCU,T52UCV,T52UDA,T52UDU,T52UDV",2,"EPSG:32651,EPSG:32652",86,74,0.07416028528002763,0.1127864280063446,162644099,249007633,0.6531691299599639,EPSG:32651:13files:104379066valid:54chunks|EPSG:32652:9files:58265033valid:32chunks,HLS-VI.S30.T51TXL.2018079T023539.v2.0.NDVI.tif|HLS-VI.S30.T51TXN.2018079T023539.v2.0.NDVI.tif|HLS-VI.S30.T51TYL.2018079T023539.v2.0.NDVI.tif|HLS-VI.S30.T51TYM.2018079T023539.v2.0.NDVI.tif|HLS-VI.S30.T51TYN.2018079T023539.v2.0.NDVI.tif|HLS-VI.S30.T51UWP.2018079T023539.v2.0.NDVI.tif|HLS-VI.S30.T51UXP.2018079T023539.v2.0.NDVI.tif|HLS-VI.S30.T51UXQ.2018079T023539.v2.0.NDVI.tif|HLS-VI.S30.T51UXR.2018079T023539.v2.0.NDVI.tif|HLS-VI.S30.T51UXS.2018079T023539.v2.0.NDVI.tif|HLS-VI.S30.T51UYP.2018079T023539.v2.0.NDVI.tif|HLS-VI.S30.T51UYQ.2018079T023539.v2.0.NDVI.tif|HLS-VI.S30.T51UYR.2018079T023539.v2.0.NDVI.tif|HLS-VI.S30.T52TCR.2018079T023539.v2.0.NDVI.tif|HLS-VI.S30.T52TCS.2018079T023539.v2.0.NDVI.tif|HLS-VI.S30.T52TDT.2018079T023539.v2.0.NDVI.tif|HLS-VI.S30.T52UCA.2018079T023539.v2.0.NDVI.tif|HLS-VI.S30.T52UCU.2018079T023539.v2.0.NDVI.tif|HLS-VI.S30.T52UCV.2018079T023539.v2.0.NDVI.tif|HLS-VI.S30.T52UDA.2018079T023539.v2.0.NDVI.tif|HLS-VI.S30.T52UDU.2018079T023539.v2.0.NDVI.tif|HLS-VI.S30.T52UDV.2018079T023539.v2.0.NDVI.tif
2018-03-21,29,"T50UQD,T50UQE,T51UUU,T51UUV,T51UVS,T51UVT,T51UVU,T51UVV,T51UWS,T51UWT,T51UWV,T51UXT,T52TFQ,T52TFR,T52TFS,T52TFT,T52TGQ,T52TGR,T52TGS,T52TGT,T52UGU,T53TLK,T53TLL,T53TLM,T53TLN,T53TMM,T53TMN,T53ULP,T53UMP",4,"EPSG:32650,EPSG:32651,EPSG:32652,EPSG:32653",66,61,0.09951820989456477,0.1437618010318473,130439186,172911048,0.7543716119284639,EPSG:32650:2files:333061valid:3chunks|EPSG:32651:10files:30597490valid:19chunks|EPSG:32652:9files:57175148valid:28chunks|EPSG:32653:8files:42333487valid:16chunks,HLS-VI.S30.T50UQD.2018080T025541.v2.0.NDVI.tif|HLS-VI.S30.T50UQE.2018080T025541.v2.0.NDVI.tif|HLS-VI.S30.T51UUU.2018080T025541.v2.0.NDVI.tif|HLS-VI.S30.T51UUV.2018080T025541.v2.0.NDVI.tif|HLS-VI.S30.T51UVS.2018080T025541.v2.0.NDVI.tif|HLS-VI.S30.T51UVT.2018080T025541.v2.0.NDVI.tif|HLS-VI.S30.T51UVU.2018080T025541.v2.0.NDVI.tif|HLS-VI.S30.T51UVV.2018080T025541.v2.0.NDVI.tif|HLS-VI.S30.T51UWS.2018080T025541.v2.0.NDVI.tif|HLS-VI.S30.T51UWT.2018080T025541.v2.0.NDVI.tif|HLS-VI.S30.T51UWV.2018080T025541.v2.0.NDVI.tif|HLS-VI.S30.T51UXT.2018080T025541.v2.0.NDVI.tif|HLS-VI.S30.T52TFQ.2018080T020649.v2.0.NDVI.tif|HLS-VI.S30.T52TFR.2018080T020649.v2.0.NDVI.tif|HLS-VI.S30.T52TFS.2018080T020649.v2.0.NDVI.tif|HLS-VI.S30.T52TFT.2018080T020649.v2.0.NDVI.tif|HLS-VI.S30.T52TGQ.2018080T020649.v2.0.NDVI.tif|HLS-VI.S30.T52TGR.2018080T020649.v2.0.NDVI.tif|HLS-VI.S30.T52TGS.2018080T020649.v2.0.NDVI.tif|HLS-VI.S30.T52TGT.2018080T020649.v2.0.NDVI.tif|HLS-VI.S30.T52UGU.2018080T020649.v2.0.NDVI.tif|HLS-VI.S30.T53TLK.2018080T020649.v2.0.NDVI.tif|HLS-VI.S30.T53TLL.2018080T020649.v2.0.NDVI.tif|HLS-VI.S30.T53TLM.2018080T020649.v2.0.NDVI.tif|HLS-VI.S30.T53TLN.2018080T020649.v2.0.NDVI.tif|HLS-VI.S30.T53TMM.2018080T020649.v2.0.NDVI.tif|HLS-VI.S30.T53TMN.2018080T020649.v2.0.NDVI.tif|HLS-VI.S30.T53ULP.2018080T020649.v2.0.NDVI.tif|HLS-VI.S30.T53UMP.2018080T020649.v2.0.NDVI.tif
2018-03-22,16,"T51TXL,T51TYL,T51TYM,T51TYN,T51UYP,T51UYQ,T52TCP,T52TCQ,T52TCR,T52TCS,T52TCT,T52TDP,T52TDQ,T52TDR,T52TER,T52UCU",2,"EPSG:32651,EPSG:32652",60,48,0.14895428718407575,0.13799552692809042,97719184,194986198,0.5011594923246824,EPSG:32651:6files:30421758valid:26chunks|EPSG:32652:10files:67297426valid:34chunks,HLS-VI.S30.T51TXL.2018081T022651.v2.0.NDVI.tif|HLS-VI.S30.T51TYL.2018081T022651.v2.0.NDVI.tif|HLS-VI.S30.T51TYM.2018081T022651.v2.0.NDVI.tif|HLS-VI.S30.T51TYN.2018081T022651.v2.0.NDVI.tif|HLS-VI.S30.T51UYP.2018081T022651.v2.0.NDVI.tif|HLS-VI.S30.T51UYQ.2018081T022651.v2.0.NDVI.tif|HLS-VI.S30.T52TCP.2018081T022651.v2.0.NDVI.tif|HLS-VI.S30.T52TCQ.2018081T022651.v2.0.NDVI.tif|HLS-VI.S30.T52TCR.2018081T022651.v2.0.NDVI.tif|HLS-VI.S30.T52TCS.2018081T022651.v2.0.NDVI.tif|HLS-VI.S30.T52TCT.2018081T022651.v2.0.NDVI.tif|HLS-VI.S30.T52TDP.2018081T022651.v2.0.NDVI.tif|HLS-VI.S30.T52TDQ.2018081T022651.v2.0.NDVI.tif|HLS-VI.S30.T52TDR.2018081T022651.v2.0.NDVI.tif|HLS-VI.S30.T52TER.2018081T022651.v2.0.NDVI.tif|HLS-VI.S30.T52UCU.2018081T022651.v2.0.NDVI.tif
2018-03-23,4,"T51TVM,T51UVP,T51UWS,T53TLN",2,"EPSG:32651,EPSG:32653",10,8,0.17874871965794809,0.14813121297516707,1558970,16161097,0.09646436748693483,EPSG:32651:3files:1139327valid:6chunks|EPSG:32653:1files:419643valid:4chunks,HLS-VI.S30.T51TVM.2018082T024539.v2.0.NDVI.tif|HLS-VI.S30.T51UVP.2018082T024539.v2.0.NDVI.tif|HLS-VI.S30.T51UWS.2018082T024539.v2.0.NDVI.tif|HLS-VI.S30.T53TLN.2018082T015651.v2.0.NDVI.tif
2018-03-24,2,"T51UVT,T52TDT",2,"EPSG:32651,EPSG:32652",7,4,0.34443537823269726,0.18392244079095205,2652197,15576779,0.17026607362151058,EPSG:32651:1files:18471valid:3chunks|EPSG:32652:1files:2633726valid:4chunks,HLS-VI.S30.T51UVT.2018083T030541.v2.0.NDVI.tif|HLS-VI.S30.T52TDT.2018083T021559.v2.0.NDVI.tif
2018-03-25,7,"T51TWL,T51TWM,T51TXL,T51TYL,T51TYM,T52TCR,T52TCS",2,"EPSG:32651,EPSG:32652",27,24,0.1966968494888505,0.12144748322958142,45730820,66605659,0.6865906093654895,EPSG:32651:5files:34025880valid:19chunks|EPSG:32652:2files:11704940valid:8chunks,HLS-VI.S30.T51TWL.2018084T023651.v2.0.NDVI.tif|HLS-VI.S30.T51TWM.2018084T023651.v2.0.NDVI.tif|HLS-VI.S30.T51TXL.2018084T023651.v2.0.NDVI.tif|HLS-VI.S30.T51TYL.2018084T023651.v2.0.NDVI.tif|HLS-VI.S30.T51TYM.2018084T023651.v2.0.NDVI.tif|HLS-VI.S30.T52TCR.2018084T023651.v2.0.NDVI.tif|HLS-VI.S30.T52TCS.2018084T023651.v2.0.NDVI.tif
2018-03-26,16,"T51UXT,T52TEP,T52TEQ,T52TFP,T52TFQ,T52TFR,T52TFS,T52TFT,T52TGQ,T52TGT,T52UGU,T53TLK,T53TLL,T53TLN,T53ULP,T53UMP",3,"EPSG:32651,EPSG:32652,EPSG:32653",56,45,0.22670558661330106,0.16565377212767635,69435401,164359468,0.4224606093273556,EPSG:32651:1files:3631568valid:4chunks|EPSG:32652:10files:41381790valid:38chunks|EPSG:32653:5files:24422043valid:14chunks,HLS-VI.S30.T51UXT.2018085T025539.v2.0.NDVI.tif|HLS-VI.S30.T52TEP.2018085T020651.v2.0.NDVI.tif|HLS-VI.S30.T52TEQ.2018085T020651.v2.0.NDVI.tif|HLS-VI.S30.T52TFP.2018085T020651.v2.0.NDVI.tif|HLS-VI.S30.T52TFQ.2018085T020651.v2.0.NDVI.tif|HLS-VI.S30.T52TFR.2018085T020651.v2.0.NDVI.tif|HLS-VI.S30.T52TFS.2018085T020651.v2.0.NDVI.tif|HLS-VI.S30.T52TFT.2018085T020651.v2.0.NDVI.tif|HLS-VI.S30.T52TGQ.2018085T020651.v2.0.NDVI.tif|HLS-VI.S30.T52TGT.2018085T020651.v2.0.NDVI.tif|HLS-VI.S30.T52UGU.2018085T020651.v2.0.NDVI.tif|HLS-VI.S30.T53TLK.2018085T020651.v2.0.NDVI.tif|HLS-VI.S30.T53TLL.2018085T020651.v2.0.NDVI.tif|HLS-VI.S30.T53TLN.2018085T020651.v2.0.NDVI.tif|HLS-VI.S30.T53ULP.2018085T020651.v2.0.NDVI.tif|HLS-VI.S30.T53UMP.2018085T020651.v2.0.NDVI.tif
2018-03-28,3,"T51UXP,T51UXR,T51UYR",1,EPSG:32651,12,10,0.18011599347205476,0.12790268136045424,18052134,34435240,0.5242343018373039,EPSG:32651:3files:18052134valid:12chunks,HLS-VI.S30.T51UXP.2018087T024651.v2.0.NDVI.tif|HLS-VI.S30.T51UXR.2018087T024651.v2.0.NDVI.tif|HLS-VI.S30.T51UYR.2018087T024651.v2.0.NDVI.tif
2018-03-29,10,"T51UVT,T51UWV,T52TES,T52TET,T52TFS,T52TFT,T52TGS,T52UDU,T52UEV,T52UFV",2,"EPSG:32651,EPSG:32652",38,30,0.3081733262238784,0.13800617313247454,58249229,124267857,0.4687393056114261,EPSG:32651:2files:643319valid:6chunks|EPSG:32652:8files:57605910valid:32chunks,HLS-VI.S30.T51UVT.2018088T030539.v2.0.NDVI.tif|HLS-VI.S30.T51UWV.2018088T030539.v2.0.NDVI.tif|HLS-VI.S30.T52TES.2018088T021651.v2.0.NDVI.tif|HLS-VI.S30.T52TET.2018088T021651.v2.0.NDVI.tif|HLS-VI.S30.T52TFS.2018088T021651.v2.0.NDVI.tif|HLS-VI.S30.T52TFT.2018088T021651.v2.0.NDVI.tif|HLS-VI.S30.T52TGS.2018088T021651.v2.0.NDVI.tif|HLS-VI.S30.T52UDU.2018088T021651.v2.0.NDVI.tif|HLS-VI.S30.T52UEV.2018088T021651.v2.0.NDVI.tif|HLS-VI.S30.T52UFV.2018088T021651.v2.0.NDVI.tif
2018-03-30,13,"T51TXN,T51TYN,T51UWP,T51UXP,T51UXQ,T51UYP,T51UYQ,T52TCT,T52TDT,T52UCU,T52UCV,T52UDU,T52UDV",2,"EPSG:32651,EPSG:32652",55,46,0.29226694131803943,0.09222197122115637,103195461,148591932,0.6944889915019073,EPSG:32651:7files:62206300valid:31chunks|EPSG:32652:6files:40989161valid:24chunks,HLS-VI.S30.T51TXN.2018089T023549.v2.0.NDVI.tif|HLS-VI.S30.T51TYN.2018089T023549.v2.0.NDVI.tif|HLS-VI.S30.T51UWP.2018089T023549.v2.0.NDVI.tif|HLS-VI.S30.T51UXP.2018089T023549.v2.0.NDVI.tif|HLS-VI.S30.T51UXQ.2018089T023549.v2.0.NDVI.tif|HLS-VI.S30.T51UYP.2018089T023549.v2.0.NDVI.tif|HLS-VI.S30.T51UYQ.2018089T023549.v2.0.NDVI.tif|HLS-VI.S30.T52TCT.2018089T023549.v2.0.NDVI.tif|HLS-VI.S30.T52TDT.2018089T023549.v2.0.NDVI.tif|HLS-VI.S30.T52UCU.2018089T023549.v2.0.NDVI.tif|HLS-VI.S30.T52UCV.2018089T023549.v2.0.NDVI.tif|HLS-VI.S30.T52UDU.2018089T023549.v2.0.NDVI.tif|HLS-VI.S30.T52UDV.2018089T023549.v2.0.NDVI.tif
2018-04-04,10,"T51UWP,T51UXR,T51UXS,T51UXT,T51UXU,T51UYR,T51UYS,T52UCA,T52UCB,T52UDA",2,"EPSG:32651,EPSG:32652",37,31,0.2993744527371098,0.07368615208144928,53894637,91333275,0.5900876433041518,EPSG:32651:7files:34233952valid:27chunks|EPSG:32652:3files:19660685valid:10chunks,HLS-VI.S30.T51UWP.2018094T023551.v2.0.NDVI.tif|HLS-VI.S30.T51UXR.2018094T023551.v2.0.NDVI.tif|HLS-VI.S30.T51UXS.2018094T023551.v2.0.NDVI.tif|HLS-VI.S30.T51UXT.2018094T023551.v2.0.NDVI.tif|HLS-VI.S30.T51UXU.2018094T023551.v2.0.NDVI.tif|HLS-VI.S30.T51UYR.2018094T023551.v2.0.NDVI.tif|HLS-VI.S30.T51UYS.2018094T023551.v2.0.NDVI.tif|HLS-VI.S30.T52UCA.2018094T023551.v2.0.NDVI.tif|HLS-VI.S30.T52UCB.2018094T023551.v2.0.NDVI.tif|HLS-VI.S30.T52UDA.2018094T023551.v2.0.NDVI.tif
2018-04-05,11,"T51UWS,T51UXS,T51UXU,T52TGS,T52UGU,T53TLM,T53TLN,T53TMM,T53TMN,T53ULP,T53UMP",3,"EPSG:32651,EPSG:32652,EPSG:32653",35,29,0.2636947112291955,0.0975953693744041,59688960,78862083,0.7568778014651223,EPSG:32651:3files:8108719valid:12chunks|EPSG:32652:2files:14670609valid:8chunks|EPSG:32653:6files:36909632valid:15chunks,HLS-VI.S30.T51UWS.2018095T025539.v2.0.NDVI.tif|HLS-VI.S30.T51UXS.2018095T025539.v2.0.NDVI.tif|HLS-VI.S30.T51UXU.2018095T025539.v2.0.NDVI.tif|HLS-VI.S30.T52TGS.2018095T020651.v2.0.NDVI.tif|HLS-VI.S30.T52UGU.2018095T020651.v2.0.NDVI.tif|HLS-VI.S30.T53TLM.2018095T020651.v2.0.NDVI.tif|HLS-VI.S30.T53TLN.2018095T020651.v2.0.NDVI.tif|HLS-VI.S30.T53TMM.2018095T020651.v2.0.NDVI.tif|HLS-VI.S30.T53TMN.2018095T020651.v2.0.NDVI.tif|HLS-VI.S30.T53ULP.2018095T020651.v2.0.NDVI.tif|HLS-VI.S30.T53UMP.2018095T020651.v2.0.NDVI.tif
2018-04-06,8,"T51UYQ,T52TFT,T52UCA,T52UCV,T52UDA,T52UDV,T52UEU,T52UFU",2,"EPSG:32651,EPSG:32652",30,23,0.3471506604876007,0.1209783327331963,38518803,99329416,0.3877884774838503,EPSG:32651:1files:3048129valid:4chunks|EPSG:32652:7files:35470674valid:26chunks,HLS-VI.S30.T51UYQ.2018096T022549.v2.0.NDVI.tif|HLS-VI.S30.T52TFT.2018096T022549.v2.0.NDVI.tif|HLS-VI.S30.T52UCA.2018096T022549.v2.0.NDVI.tif|HLS-VI.S30.T52UCV.2018096T022549.v2.0.NDVI.tif|HLS-VI.S30.T52UDA.2018096T022549.v2.0.NDVI.tif|HLS-VI.S30.T52UDV.2018096T022549.v2.0.NDVI.tif|HLS-VI.S30.T52UEU.2018096T022549.v2.0.NDVI.tif|HLS-VI.S30.T52UFU.2018096T022549.v2.0.NDVI.tif
2018-04-07,4,"T51TVN,T51TWN,T51UWP,T51UXP",1,EPSG:32651,15,14,0.20858257360694027,0.07431369022901138,29318317,36135752,0.81133822813484,EPSG:32651:4files:29318317valid:15chunks,HLS-VI.S30.T51TVN.2018097T024551.v2.0.NDVI.tif|HLS-VI.S30.T51TWN.2018097T024551.v2.0.NDVI.tif|HLS-VI.S30.T51UWP.2018097T024551.v2.0.NDVI.tif|HLS-VI.S30.T51UXP.2018097T024551.v2.0.NDVI.tif
2018-04-08,2,"T51UVV,T51UWV",1,EPSG:32651,4,2,0.37206531554485217,0.1358641736027277,3845832,7284497,0.527947502758255,EPSG:32651:2files:3845832valid:4chunks,HLS-VI.S30.T51UVV.2018098T030539.v2.0.NDVI.tif|HLS-VI.S30.T51UWV.2018098T030539.v2.0.NDVI.tif
2018-04-09,17,"T51TWN,T51TXL,T51TXN,T51TYN,T51UWP,T51UXP,T51UXQ,T51UXR,T51UXS,T51UXT,T51UXU,T51UYS,T51UYT,T51UYU,T52TCS,T52UCB,T52UCD",2,"EPSG:32651,EPSG:32652",65,59,0.24336900360838953,0.0836911783838109,100650034,181187331,0.5555026029938043,EPSG:32651:14files:81909556valid:51chunks|EPSG:32652:3files:18740478valid:14chunks,HLS-VI.S30.T51TWN.2018099T023549.v2.0.NDVI.tif|HLS-VI.S30.T51TXL.2018099T023549.v2.0.NDVI.tif|HLS-VI.S30.T51TXN.2018099T023549.v2.0.NDVI.tif|HLS-VI.S30.T51TYN.2018099T023549.v2.0.NDVI.tif|HLS-VI.S30.T51UWP.2018099T023549.v2.0.NDVI.tif|HLS-VI.S30.T51UXP.2018099T023549.v2.0.NDVI.tif|HLS-VI.S30.T51UXQ.2018099T023549.v2.0.NDVI.tif|HLS-VI.S30.T51UXR.2018099T023549.v2.0.NDVI.tif|HLS-VI.S30.T51UXS.2018099T023549.v2.0.NDVI.tif|HLS-VI.S30.T51UXT.2018099T023549.v2.0.NDVI.tif|HLS-VI.S30.T51UXU.2018099T023549.v2.0.NDVI.tif|HLS-VI.S30.T51UYS.2018099T023549.v2.0.NDVI.tif|HLS-VI.S30.T51UYT.2018099T023549.v2.0.NDVI.tif|HLS-VI.S30.T51UYU.2018099T023549.v2.0.NDVI.tif|HLS-VI.S30.T52TCS.2018099T023549.v2.0.NDVI.tif|HLS-VI.S30.T52UCB.2018099T023549.v2.0.NDVI.tif|HLS-VI.S30.T52UCD.2018099T023549.v2.0.NDVI.tif
2018-04-15,9,"T51TVN,T51UVS,T51UVT,T51UVU,T51UWV,T51UXS,T51UXT,T51UXU,T51UXV",1,EPSG:32651,27,17,0.31540022828496544,0.15153818263590668,26653774,53711264,0.49624179390006534,EPSG:32651:9files:26653774valid:27chunks,HLS-VI.S30.T51TVN.2018105T025539.v2.0.NDVI.tif|HLS-VI.S30.T51UVS.2018105T025539.v2.0.NDVI.tif|HLS-VI.S30.T51UVT.2018105T025539.v2.0.NDVI.tif|HLS-VI.S30.T51UVU.2018105T025539.v2.0.NDVI.tif|HLS-VI.S30.T51UWV.2018105T025539.v2.0.NDVI.tif|HLS-VI.S30.T51UXS.2018105T025539.v2.0.NDVI.tif|HLS-VI.S30.T51UXT.2018105T025539.v2.0.NDVI.tif|HLS-VI.S30.T51UXU.2018105T025539.v2.0.NDVI.tif|HLS-VI.S30.T51UXV.2018105T025539.v2.0.NDVI.tif
2018-04-16,18,"T51TYL,T52TCP,T52TCQ,T52TDP,T52TDQ,T52TDR,T52TDS,T52TDT,T52TER,T52TES,T52TET,T52TFT,T52UDU,T52UDV,T52UEU,T52UEV,T52UFU,T52UFV",2,"EPSG:32651,EPSG:32652",58,49,0.348146961413055,0.13615452463269165,120714939,199830287,0.6040873023417116,EPSG:32651:1files:8548983valid:4chunks|EPSG:32652:17files:112165956valid:54chunks,HLS-VI.S30.T51TYL.2018106T022549.v2.0.NDVI.tif|HLS-VI.S30.T52TCP.2018106T022549.v2.0.NDVI.tif|HLS-VI.S30.T52TCQ.2018106T022549.v2.0.NDVI.tif|HLS-VI.S30.T52TDP.2018106T022549.v2.0.NDVI.tif|HLS-VI.S30.T52TDQ.2018106T022549.v2.0.NDVI.tif|HLS-VI.S30.T52TDR.2018106T022549.v2.0.NDVI.tif|HLS-VI.S30.T52TDS.2018106T022549.v2.0.NDVI.tif|HLS-VI.S30.T52TDT.2018106T022549.v2.0.NDVI.tif|HLS-VI.S30.T52TER.2018106T022549.v2.0.NDVI.tif|HLS-VI.S30.T52TES.2018106T022549.v2.0.NDVI.tif|HLS-VI.S30.T52TET.2018106T022549.v2.0.NDVI.tif|HLS-VI.S30.T52TFT.2018106T022549.v2.0.NDVI.tif|HLS-VI.S30.T52UDU.2018106T022549.v2.0.NDVI.tif|HLS-VI.S30.T52UDV.2018106T022549.v2.0.NDVI.tif|HLS-VI.S30.T52UEU.2018106T022549.v2.0.NDVI.tif|HLS-VI.S30.T52UEV.2018106T022549.v2.0.NDVI.tif|HLS-VI.S30.T52UFU.2018106T022549.v2.0.NDVI.tif|HLS-VI.S30.T52UFV.2018106T022549.v2.0.NDVI.tif
2018-04-17,3,"T51UWV,T51UXU,T51UXV",1,EPSG:32651,10,10,0.3441941903453558,0.08482573484040545,13619617,20958216,0.6498461987413433,EPSG:32651:3files:13619617valid:10chunks,HLS-VI.S30.T51UWV.2018107T024551.v2.0.NDVI.tif|HLS-VI.S30.T51UXU.2018107T024551.v2.0.NDVI.tif|HLS-VI.S30.T51UXV.2018107T024551.v2.0.NDVI.tif
2018-04-18,9,"T51UVV,T51UWV,T52TCP,T52TCQ,T52TEP,T52TEQ,T52TFP,T52TFQ,T52UEV",2,"EPSG:32651,EPSG:32652",27,24,0.3471083828698881,0.12404883419876757,40576035,61894838,0.6555641199028585,EPSG:32651:2files:3954297valid:4chunks|EPSG:32652:7files:36621738valid:23chunks,HLS-VI.S30.T51UVV.2018108T030539.v2.0.NDVI.tif|HLS-VI.S30.T51UWV.2018108T030539.v2.0.NDVI.tif|HLS-VI.S30.T52TCP.2018108T021601.v2.0.NDVI.tif|HLS-VI.S30.T52TCQ.2018108T021601.v2.0.NDVI.tif|HLS-VI.S30.T52TEP.2018108T021601.v2.0.NDVI.tif|HLS-VI.S30.T52TEQ.2018108T021601.v2.0.NDVI.tif|HLS-VI.S30.T52TFP.2018108T021601.v2.0.NDVI.tif|HLS-VI.S30.T52TFQ.2018108T021601.v2.0.NDVI.tif|HLS-VI.S30.T52UEV.2018108T021601.v2.0.NDVI.tif
2018-04-19,11,"T51TWN,T51TXM,T51TXN,T51UWP,T51UXR,T51UXS,T51UYS,T52UCB,T52UCU,T52UDA,T52UDU",2,"EPSG:32651,EPSG:32652",49,43,0.25866935930035606,0.10076180357231482,73138886,142265950,0.5140997266035899,EPSG:32651:7files:48068405valid:29chunks|EPSG:32652:4files:25070481valid:20chunks,HLS-VI.S30.T51TWN.2018109T023549.v2.0.NDVI.tif|HLS-VI.S30.T51TXM.2018109T023549.v2.0.NDVI.tif|HLS-VI.S30.T51TXN.2018109T023549.v2.0.NDVI.tif|HLS-VI.S30.T51UWP.2018109T023549.v2.0.NDVI.tif|HLS-VI.S30.T51UXR.2018109T023549.v2.0.NDVI.tif|HLS-VI.S30.T51UXS.2018109T023549.v2.0.NDVI.tif|HLS-VI.S30.T51UYS.2018109T023549.v2.0.NDVI.tif|HLS-VI.S30.T52UCB.2018109T023549.v2.0.NDVI.tif|HLS-VI.S30.T52UCU.2018109T023549.v2.0.NDVI.tif|HLS-VI.S30.T52UDA.2018109T023549.v2.0.NDVI.tif|HLS-VI.S30.T52UDU.2018109T023549.v2.0.NDVI.tif
2018-04-21,9,"T51UYP,T51UYQ,T52UCA,T52UCU,T52UCV,T52UDA,T52UDU,T52UDV,T52UEV",2,"EPSG:32651,EPSG:32652",34,31,0.34410661319308244,0.10623015818785929,54572434,96719763,0.5642325033406047,EPSG:32651:2files:7382016valid:8chunks|EPSG:32652:7files:47190418valid:26chunks,HLS-VI.S30.T51UYP.2018111T022551.v2.0.NDVI.tif|HLS-VI.S30.T51UYQ.2018111T022551.v2.0.NDVI.tif|HLS-VI.S30.T52UCA.2018111T022551.v2.0.NDVI.tif|HLS-VI.S30.T52UCU.2018111T022551.v2.0.NDVI.tif|HLS-VI.S30.T52UCV.2018111T022551.v2.0.NDVI.tif|HLS-VI.S30.T52UDA.2018111T022551.v2.0.NDVI.tif|HLS-VI.S30.T52UDU.2018111T022551.v2.0.NDVI.tif|HLS-VI.S30.T52UDV.2018111T022551.v2.0.NDVI.tif|HLS-VI.S30.T52UEV.2018111T022551.v2.0.NDVI.tif
2018-04-22,21,"T51UWS,T51UWV,T51UXQ,T51UXR,T51UXS,T51UXU,T51UXV,T51UYP,T51UYQ,T51UYR,T51UYS,T51UYT,T51UYU,T52UCA,T52UCB,T52UCC,T52UCD,T53TLK,T53TLL,T53TLM,T53TLN",3,"EPSG:32651,EPSG:32652,EPSG:32653",65,47,0.3094439756601682,0.08018427127733256,65079990,160580739,0.4052789294985123,EPSG:32651:13files:46780136valid:43chunks|EPSG:32652:4files:13383993valid:11chunks|EPSG:32653:4files:4915861valid:11chunks,HLS-VI.S30.T51UWS.2018112T024549.v2.0.NDVI.tif|HLS-VI.S30.T51UWV.2018112T024549.v2.0.NDVI.tif|HLS-VI.S30.T51UXQ.2018112T024549.v2.0.NDVI.tif|HLS-VI.S30.T51UXR.2018112T024549.v2.0.NDVI.tif|HLS-VI.S30.T51UXS.2018112T024549.v2.0.NDVI.tif|HLS-VI.S30.T51UXU.2018112T024549.v2.0.NDVI.tif|HLS-VI.S30.T51UXV.2018112T024549.v2.0.NDVI.tif|HLS-VI.S30.T51UYP.2018112T024549.v2.0.NDVI.tif|HLS-VI.S30.T51UYQ.2018112T024549.v2.0.NDVI.tif|HLS-VI.S30.T51UYR.2018112T024549.v2.0.NDVI.tif|HLS-VI.S30.T51UYS.2018112T024549.v2.0.NDVI.tif|HLS-VI.S30.T51UYT.2018112T024549.v2.0.NDVI.tif|HLS-VI.S30.T51UYU.2018112T024549.v2.0.NDVI.tif|HLS-VI.S30.T52UCA.2018112T024549.v2.0.NDVI.tif|HLS-VI.S30.T52UCB.2018112T024549.v2.0.NDVI.tif|HLS-VI.S30.T52UCC.2018112T024549.v2.0.NDVI.tif|HLS-VI.S30.T52UCD.2018112T024549.v2.0.NDVI.tif|HLS-VI.S30.T53TLK.2018112T015651.v2.0.NDVI.tif|HLS-VI.S30.T53TLL.2018112T015651.v2.0.NDVI.tif|HLS-VI.S30.T53TLM.2018112T015651.v2.0.NDVI.tif|HLS-VI.S30.T53TLN.2018112T015651.v2.0.NDVI.tif
2018-04-23,2,"T53TLM,T53TLN",1,EPSG:32653,8,3,0.2318574737111578,0.0831902205431529,4307417,25151388,0.1712596139823377,EPSG:32653:2files:4307417valid:8chunks,HLS-VI.S30.T53TLM.2018113T021559.v2.0.NDVI.tif|HLS-VI.S30.T53TLN.2018113T021559.v2.0.NDVI.tif
2018-04-24,9,"T51TYL,T51UXR,T51UXS,T51UXT,T51UXU,T51UYS,T51UYT,T52UCB,T52UCC",2,"EPSG:32651,EPSG:32652",31,27,0.28851525699611735,0.0921326798867027,46485934,75338102,0.6170308617543883,EPSG:32651:7files:33802595valid:25chunks|EPSG:32652:2files:12683339valid:6chunks,HLS-VI.S30.T51TYL.2018114T023651.v2.0.NDVI.tif|HLS-VI.S30.T51UXR.2018114T023651.v2.0.NDVI.tif|HLS-VI.S30.T51UXS.2018114T023651.v2.0.NDVI.tif|HLS-VI.S30.T51UXT.2018114T023651.v2.0.NDVI.tif|HLS-VI.S30.T51UXU.2018114T023651.v2.0.NDVI.tif|HLS-VI.S30.T51UYS.2018114T023651.v2.0.NDVI.tif|HLS-VI.S30.T51UYT.2018114T023651.v2.0.NDVI.tif|HLS-VI.S30.T52UCB.2018114T023651.v2.0.NDVI.tif|HLS-VI.S30.T52UCC.2018114T023651.v2.0.NDVI.tif
2018-04-25,17,"T51TVN,T52TEQ,T52TFP,T52TFQ,T52TFR,T52TFS,T52TFT,T52TGR,T52TGS,T52TGT,T53TLK,T53TLL,T53TLM,T53TLN,T53TMM,T53TMN,T53UMP",3,"EPSG:32651,EPSG:32652,EPSG:32653",57,50,0.26238117096350533,0.11313398228204295,106503989,162988410,0.6534451682791432,EPSG:32651:1files:599828valid:2chunks|EPSG:32652:9files:64197663valid:39chunks|EPSG:32653:7files:41706498valid:16chunks,HLS-VI.S30.T51TVN.2018115T025549.v2.0.NDVI.tif|HLS-VI.S30.T52TEQ.2018115T020701.v2.0.NDVI.tif|HLS-VI.S30.T52TFP.2018115T020701.v2.0.NDVI.tif|HLS-VI.S30.T52TFQ.2018115T020701.v2.0.NDVI.tif|HLS-VI.S30.T52TFR.2018115T020701.v2.0.NDVI.tif|HLS-VI.S30.T52TFS.2018115T020701.v2.0.NDVI.tif|HLS-VI.S30.T52TFT.2018115T020701.v2.0.NDVI.tif|HLS-VI.S30.T52TGR.2018115T020701.v2.0.NDVI.tif|HLS-VI.S30.T52TGS.2018115T020701.v2.0.NDVI.tif|HLS-VI.S30.T52TGT.2018115T020701.v2.0.NDVI.tif|HLS-VI.S30.T53TLK.2018115T020701.v2.0.NDVI.tif|HLS-VI.S30.T53TLL.2018115T020701.v2.0.NDVI.tif|HLS-VI.S30.T53TLM.2018115T020701.v2.0.NDVI.tif|HLS-VI.S30.T53TLN.2018115T020701.v2.0.NDVI.tif|HLS-VI.S30.T53TMM.2018115T020701.v2.0.NDVI.tif|HLS-VI.S30.T53TMN.2018115T020701.v2.0.NDVI.tif|HLS-VI.S30.T53UMP.2018115T020701.v2.0.NDVI.tif
2018-04-26,1,T52UCA,1,EPSG:32652,4,3,0.27114383280892,0.11796972629657705,2465493,11630125,0.21199196053352823,EPSG:32652:1files:2465493valid:4chunks,HLS-VI.S30.T52UCA.2018116T022549.v2.0.NDVI.tif
2018-04-27,5,"T51UXT,T51UXU,T53TLK,T53TLL,T53TLM",2,"EPSG:32651,EPSG:32653",15,13,0.3562907794286585,0.097129108627389,26321451,42859476,0.6141337565582929,EPSG:32651:2files:21804773valid:8chunks|EPSG:32653:3files:4516678valid:7chunks,HLS-VI.S30.T51UXT.2018117T024551.v2.0.NDVI.tif|HLS-VI.S30.T51UXU.2018117T024551.v2.0.NDVI.tif|HLS-VI.S30.T53TLK.2018117T015649.v2.0.NDVI.tif|HLS-VI.S30.T53TLL.2018117T015649.v2.0.NDVI.tif|HLS-VI.S30.T53TLM.2018117T015649.v2.0.NDVI.tif
2018-04-28,3,"T52UDU,T52UEU,T52UFU",1,EPSG:32652,9,7,0.43587190387477454,0.12508310000287245,14884332,27988701,0.5317978851537268,EPSG:32652:3files:14884332valid:9chunks,HLS-VI.S30.T52UDU.2018118T021611.v2.0.NDVI.tif|HLS-VI.S30.T52UEU.2018118T021611.v2.0.NDVI.tif|HLS-VI.S30.T52UFU.2018118T021611.v2.0.NDVI.tif
2018-04-29,1,T51UXS,1,EPSG:32651,3,2,0.3183113449949312,0.05457475276049805,824529,960597,0.8583505882279457,EPSG:32651:1files:824529valid:3chunks,HLS-VI.S30.T51UXS.2018119T023549.v2.0.NDVI.tif
2018-05-05,1,T51TVN,1,EPSG:32651,2,2,0.3158960328057058,0.15071474447204555,596276,2774941,0.21487880282860067,EPSG:32651:1files:596276valid:2chunks,HLS-VI.S30.T51TVN.2018125T025549.v2.0.NDVI.tif
2018-05-07,1,T51TWL,1,EPSG:32651,1,1,0.20433929476939294,0.11991713728588285,917208,921345,0.9955098253097374,EPSG:32651:1files:917208valid:1chunks,HLS-VI.S30.T51TWL.2018127T024551.v2.0.NDVI.tif
2018-05-08,1,T51UVT,1,EPSG:32651,3,2,0.5375308629897193,0.0883059697504871,21939,2181179,0.010058321669152326,EPSG:32651:1files:21939valid:3chunks,HLS-VI.S30.T51UVT.2018128T030539.v2.0.NDVI.tif
2018-05-09,26,"T51TWL,T51TYM,T51TYN,T51UWP,T51UXP,T51UXQ,T51UXR,T51UXS,T51UXT,T51UYP,T51UYQ,T51UYR,T51UYS,T51UYT,T51UYU,T52TCS,T52TCT,T52TDT,T52UCA,T52UCB,T52UCC,T52UCD,T52UCU,T52UCV,T52UDA,T52UDU",2,"EPSG:32651,EPSG:32652",86,76,0.3152008325980894,0.12861070626476012,176170454,241945245,0.7281418322563025,EPSG:32651:15files:103785975valid:51chunks|EPSG:32652:11files:72384479valid:35chunks,HLS-VI.S30.T51TWL.2018129T023549.v2.0.NDVI.tif|HLS-VI.S30.T51TYM.2018129T023549.v2.0.NDVI.tif|HLS-VI.S30.T51TYN.2018129T023549.v2.0.NDVI.tif|HLS-VI.S30.T51UWP.2018129T023549.v2.0.NDVI.tif|HLS-VI.S30.T51UXP.2018129T023549.v2.0.NDVI.tif|HLS-VI.S30.T51UXQ.2018129T023549.v2.0.NDVI.tif|HLS-VI.S30.T51UXR.2018129T023549.v2.0.NDVI.tif|HLS-VI.S30.T51UXS.2018129T023549.v2.0.NDVI.tif|HLS-VI.S30.T51UXT.2018129T023549.v2.0.NDVI.tif|HLS-VI.S30.T51UYP.2018129T023549.v2.0.NDVI.tif|HLS-VI.S30.T51UYQ.2018129T023549.v2.0.NDVI.tif|HLS-VI.S30.T51UYR.2018129T023549.v2.0.NDVI.tif|HLS-VI.S30.T51UYS.2018129T023549.v2.0.NDVI.tif|HLS-VI.S30.T51UYT.2018129T023549.v2.0.NDVI.tif|HLS-VI.S30.T51UYU.2018129T023549.v2.0.NDVI.tif|HLS-VI.S30.T52TCS.2018129T023549.v2.0.NDVI.tif|HLS-VI.S30.T52TCT.2018129T023549.v2.0.NDVI.tif|HLS-VI.S30.T52TDT.2018129T023549.v2.0.NDVI.tif|HLS-VI.S30.T52UCA.2018129T023549.v2.0.NDVI.tif|HLS-VI.S30.T52UCB.2018129T023549.v2.0.NDVI.tif|HLS-VI.S30.T52UCC.2018129T023549.v2.0.NDVI.tif|HLS-VI.S30.T52UCD.2018129T023549.v2.0.NDVI.tif|HLS-VI.S30.T52UCU.2018129T023549.v2.0.NDVI.tif|HLS-VI.S30.T52UCV.2018129T023549.v2.0.NDVI.tif|HLS-VI.S30.T52UDA.2018129T023549.v2.0.NDVI.tif|HLS-VI.S30.T52UDU.2018129T023549.v2.0.NDVI.tif
2018-05-10,9,"T52TFS,T52TGQ,T52TGR,T52TGS,T53TLL,T53TLM,T53TLN,T53TMN,T53UMP",2,"EPSG:32652,EPSG:32653",32,30,0.2730729732921473,0.2528262372185983,70815618,88660137,0.7987312043066209,EPSG:32652:4files:29655338valid:16chunks|EPSG:32653:5files:41160280valid:16chunks,HLS-VI.S30.T52TFS.2018130T020649.v2.0.NDVI.tif|HLS-VI.S30.T52TGQ.2018130T020649.v2.0.NDVI.tif|HLS-VI.S30.T52TGR.2018130T020649.v2.0.NDVI.tif|HLS-VI.S30.T52TGS.2018130T020649.v2.0.NDVI.tif|HLS-VI.S30.T53TLL.2018130T020649.v2.0.NDVI.tif|HLS-VI.S30.T53TLM.2018130T020649.v2.0.NDVI.tif|HLS-VI.S30.T53TLN.2018130T020649.v2.0.NDVI.tif|HLS-VI.S30.T53TMN.2018130T020649.v2.0.NDVI.tif|HLS-VI.S30.T53UMP.2018130T020649.v2.0.NDVI.tif
2018-05-11,14,"T51TYN,T51UYQ,T52TCT,T52TDS,T52TDT,T52TES,T52TET,T52UCA,T52UCV,T52UDA,T52UDU,T52UDV,T52UEU,T52UEV",2,"EPSG:32651,EPSG:32652",56,50,0.4669212067387461,0.1961086051790939,112967884,169366959,0.667000722378206,EPSG:32651:2files:10891161valid:10chunks|EPSG:32652:12files:102076723valid:46chunks,HLS-VI.S30.T51TYN.2018131T022551.v2.0.NDVI.tif|HLS-VI.S30.T51UYQ.2018131T022551.v2.0.NDVI.tif|HLS-VI.S30.T52TCT.2018131T022551.v2.0.NDVI.tif|HLS-VI.S30.T52TDS.2018131T022551.v2.0.NDVI.tif|HLS-VI.S30.T52TDT.2018131T022551.v2.0.NDVI.tif|HLS-VI.S30.T52TES.2018131T022551.v2.0.NDVI.tif|HLS-VI.S30.T52TET.2018131T022551.v2.0.NDVI.tif|HLS-VI.S30.T52UCA.2018131T022551.v2.0.NDVI.tif|HLS-VI.S30.T52UCV.2018131T022551.v2.0.NDVI.tif|HLS-VI.S30.T52UDA.2018131T022551.v2.0.NDVI.tif|HLS-VI.S30.T52UDU.2018131T022551.v2.0.NDVI.tif|HLS-VI.S30.T52UDV.2018131T022551.v2.0.NDVI.tif|HLS-VI.S30.T52UEU.2018131T022551.v2.0.NDVI.tif|HLS-VI.S30.T52UEV.2018131T022551.v2.0.NDVI.tif
2018-05-12,1,T53UMP,1,EPSG:32653,4,4,0.27555195387002207,0.18288073208219896,2686781,4633420,0.5798699448787289,EPSG:32653:1files:2686781valid:4chunks,HLS-VI.S30.T53UMP.2018132T015701.v2.0.NDVI.tif
2018-05-18,9,"T50UQD,T50UQE,T51UUU,T51UUV,T51UVU,T51UVV,T52TDT,T52UDU,T52UEU",3,"EPSG:32650,EPSG:32651,EPSG:32652",21,17,0.6776877537000683,0.14893675543956053,27589294,54539725,0.5058568593809375,EPSG:32650:2files:345481valid:3chunks|EPSG:32651:4files:11601753valid:6chunks|EPSG:32652:3files:15642060valid:12chunks,HLS-VI.S30.T50UQD.2018138T030539.v2.0.NDVI.tif|HLS-VI.S30.T50UQE.2018138T030539.v2.0.NDVI.tif|HLS-VI.S30.T51UUU.2018138T030539.v2.0.NDVI.tif|HLS-VI.S30.T51UUV.2018138T030539.v2.0.NDVI.tif|HLS-VI.S30.T51UVU.2018138T030539.v2.0.NDVI.tif|HLS-VI.S30.T51UVV.2018138T030539.v2.0.NDVI.tif|HLS-VI.S30.T52TDT.2018138T021651.v2.0.NDVI.tif|HLS-VI.S30.T52UDU.2018138T021651.v2.0.NDVI.tif|HLS-VI.S30.T52UEU.2018138T021651.v2.0.NDVI.tif
2018-05-19,12,"T51TXN,T51TYL,T51TYM,T51TYN,T51UWP,T51UXP,T51UYP,T52TCR,T52TCS,T52TCT,T52TDT,T52UCU",2,"EPSG:32651,EPSG:32652",51,42,0.316044658836673,0.18529282783271686,107104517,158400074,0.6761645641655445,EPSG:32651:7files:69884042valid:31chunks|EPSG:32652:5files:37220475valid:20chunks,HLS-VI.S30.T51TXN.2018139T023549.v2.0.NDVI.tif|HLS-VI.S30.T51TYL.2018139T023549.v2.0.NDVI.tif|HLS-VI.S30.T51TYM.2018139T023549.v2.0.NDVI.tif|HLS-VI.S30.T51TYN.2018139T023549.v2.0.NDVI.tif|HLS-VI.S30.T51UWP.2018139T023549.v2.0.NDVI.tif|HLS-VI.S30.T51UXP.2018139T023549.v2.0.NDVI.tif|HLS-VI.S30.T51UYP.2018139T023549.v2.0.NDVI.tif|HLS-VI.S30.T52TCR.2018139T023549.v2.0.NDVI.tif|HLS-VI.S30.T52TCS.2018139T023549.v2.0.NDVI.tif|HLS-VI.S30.T52TCT.2018139T023549.v2.0.NDVI.tif|HLS-VI.S30.T52TDT.2018139T023549.v2.0.NDVI.tif|HLS-VI.S30.T52UCU.2018139T023549.v2.0.NDVI.tif
2018-05-20,5,"T50UQE,T51UUV,T53TMM,T53TMN,T53UMP",3,"EPSG:32650,EPSG:32651,EPSG:32653",10,10,0.4255301589848625,0.2624632919593973,11974671,12341129,0.970305958231212,EPSG:32650:1files:19949valid:1chunks|EPSG:32651:1files:12307valid:1chunks|EPSG:32653:3files:11942415valid:8chunks,HLS-VI.S30.T50UQE.2018140T025551.v2.0.NDVI.tif|HLS-VI.S30.T51UUV.2018140T025551.v2.0.NDVI.tif|HLS-VI.S30.T53TMM.2018140T020649.v2.0.NDVI.tif|HLS-VI.S30.T53TMN.2018140T020649.v2.0.NDVI.tif|HLS-VI.S30.T53UMP.2018140T020649.v2.0.NDVI.tif
2018-05-21,5,"T51TYL,T51UYP,T51UYQ,T52TCP,T52TCR",2,"EPSG:32651,EPSG:32652",17,15,0.3765797665735318,0.25154791765167167,28856353,56496970,0.510759302667028,EPSG:32651:3files:16861459valid:12chunks|EPSG:32652:2files:11994894valid:5chunks,HLS-VI.S30.T51TYL.2018141T022551.v2.0.NDVI.tif|HLS-VI.S30.T51UYP.2018141T022551.v2.0.NDVI.tif|HLS-VI.S30.T51UYQ.2018141T022551.v2.0.NDVI.tif|HLS-VI.S30.T52TCP.2018141T022551.v2.0.NDVI.tif|HLS-VI.S30.T52TCR.2018141T022551.v2.0.NDVI.tif
2018-05-22,6,"T53TLK,T53TLL,T53TLN,T53TMM,T53TMN,T53UMP",1,EPSG:32653,16,11,0.47374817994337143,0.25785453423434573,11205604,45167424,0.24809039364299368,EPSG:32653:6files:11205604valid:16chunks,HLS-VI.S30.T53TLK.2018142T015651.v2.0.NDVI.tif|HLS-VI.S30.T53TLL.2018142T015651.v2.0.NDVI.tif|HLS-VI.S30.T53TLN.2018142T015651.v2.0.NDVI.tif|HLS-VI.S30.T53TMM.2018142T015651.v2.0.NDVI.tif|HLS-VI.S30.T53TMN.2018142T015651.v2.0.NDVI.tif|HLS-VI.S30.T53UMP.2018142T015651.v2.0.NDVI.tif
2018-05-25,2,"T50UQD,T51UUU",2,"EPSG:32650,EPSG:32651",4,4,0.6504284929980353,0.07857832947022149,860925,895052,0.9618714890308049,EPSG:32650:1files:317523valid:2chunks|EPSG:32651:1files:543402valid:2chunks,HLS-VI.S30.T50UQD.2018145T025539.v2.0.NDVI.tif|HLS-VI.S30.T51UUU.2018145T025539.v2.0.NDVI.tif
2018-05-28,4,"T50UQE,T51UUV,T51UVV,T51UWV",2,"EPSG:32650,EPSG:32651",5,4,0.7261845943097847,0.1295755512851741,3987166,7304557,0.5458463805539473,EPSG:32650:1files:20020valid:1chunks|EPSG:32651:3files:3967146valid:4chunks,HLS-VI.S30.T50UQE.2018148T030539.v2.0.NDVI.tif|HLS-VI.S30.T51UUV.2018148T030539.v2.0.NDVI.tif|HLS-VI.S30.T51UVV.2018148T030539.v2.0.NDVI.tif|HLS-VI.S30.T51UWV.2018148T030539.v2.0.NDVI.tif
2018-05-29,7,"T51UXT,T51UXU,T51UYT,T51UYU,T52UCC,T52UCD,T52UDA",2,"EPSG:32651,EPSG:32652",21,14,0.6722898322929386,0.1965088297469829,16883559,41095567,0.4108365021463264,EPSG:32651:4files:10902990valid:11chunks|EPSG:32652:3files:5980569valid:10chunks,HLS-VI.S30.T51UXT.2018149T023549.v2.0.NDVI.tif|HLS-VI.S30.T51UXU.2018149T023549.v2.0.NDVI.tif|HLS-VI.S30.T51UYT.2018149T023549.v2.0.NDVI.tif|HLS-VI.S30.T51UYU.2018149T023549.v2.0.NDVI.tif|HLS-VI.S30.T52UCC.2018149T023549.v2.0.NDVI.tif|HLS-VI.S30.T52UCD.2018149T023549.v2.0.NDVI.tif|HLS-VI.S30.T52UDA.2018149T023549.v2.0.NDVI.tif
2018-05-30,8,"T50UQD,T51TVN,T51UUU,T51UVT,T51UVU,T51UWV,T52TFT,T52UGU",3,"EPSG:32650,EPSG:32651,EPSG:32652",22,19,0.6395605847552539,0.213919086603147,22941476,42016270,0.5460141035841591,EPSG:32650:1files:325467valid:2chunks|EPSG:32651:5files:17139729valid:12chunks|EPSG:32652:2files:5476280valid:8chunks,HLS-VI.S30.T50UQD.2018150T025551.v2.0.NDVI.tif|HLS-VI.S30.T51TVN.2018150T025551.v2.0.NDVI.tif|HLS-VI.S30.T51UUU.2018150T025551.v2.0.NDVI.tif|HLS-VI.S30.T51UVT.2018150T025551.v2.0.NDVI.tif|HLS-VI.S30.T51UVU.2018150T025551.v2.0.NDVI.tif|HLS-VI.S30.T51UWV.2018150T025551.v2.0.NDVI.tif|HLS-VI.S30.T52TFT.2018150T020649.v2.0.NDVI.tif|HLS-VI.S30.T52UGU.2018150T020649.v2.0.NDVI.tif
2018-05-31,17,"T51TYL,T51TYM,T51TYN,T51UYP,T51UYQ,T52TCQ,T52TCR,T52TCS,T52TCT,T52TDS,T52TDT,T52UCA,T52UCU,T52UCV,T52UDA,T52UDU,T52UDV",2,"EPSG:32651,EPSG:32652",55,52,0.5360629058099862,0.27550776457693776,134946961,185055716,0.7292234139906275,EPSG:32651:5files:32456060valid:16chunks|EPSG:32652:12files:102490901valid:39chunks,HLS-VI.S30.T51TYL.2018151T022551.v2.0.NDVI.tif|HLS-VI.S30.T51TYM.2018151T022551.v2.0.NDVI.tif|HLS-VI.S30.T51TYN.2018151T022551.v2.0.NDVI.tif|HLS-VI.S30.T51UYP.2018151T022551.v2.0.NDVI.tif|HLS-VI.S30.T51UYQ.2018151T022551.v2.0.NDVI.tif|HLS-VI.S30.T52TCQ.2018151T022551.v2.0.NDVI.tif|HLS-VI.S30.T52TCR.2018151T022551.v2.0.NDVI.tif|HLS-VI.S30.T52TCS.2018151T022551.v2.0.NDVI.tif|HLS-VI.S30.T52TCT.2018151T022551.v2.0.NDVI.tif|HLS-VI.S30.T52TDS.2018151T022551.v2.0.NDVI.tif|HLS-VI.S30.T52TDT.2018151T022551.v2.0.NDVI.tif|HLS-VI.S30.T52UCA.2018151T022551.v2.0.NDVI.tif|HLS-VI.S30.T52UCU.2018151T022551.v2.0.NDVI.tif|HLS-VI.S30.T52UCV.2018151T022551.v2.0.NDVI.tif|HLS-VI.S30.T52UDA.2018151T022551.v2.0.NDVI.tif|HLS-VI.S30.T52UDU.2018151T022551.v2.0.NDVI.tif|HLS-VI.S30.T52UDV.2018151T022551.v2.0.NDVI.tif
2018-06-01,8,"T51TVM,T51TWL,T51UVS,T51UWS,T51UXT,T51UYS,T51UYT,T52UCB",2,"EPSG:32651,EPSG:32652",24,23,0.7107590159919471,0.1743205074509606,32516976,54839040,0.5929530495063371,EPSG:32651:7files:26091532valid:20chunks|EPSG:32652:1files:6425444valid:4chunks,HLS-VI.S30.T51TVM.2018152T024539.v2.0.NDVI.tif|HLS-VI.S30.T51TWL.2018152T024539.v2.0.NDVI.tif|HLS-VI.S30.T51UVS.2018152T024539.v2.0.NDVI.tif|HLS-VI.S30.T51UWS.2018152T024539.v2.0.NDVI.tif|HLS-VI.S30.T51UXT.2018152T024539.v2.0.NDVI.tif|HLS-VI.S30.T51UYS.2018152T024539.v2.0.NDVI.tif|HLS-VI.S30.T51UYT.2018152T024539.v2.0.NDVI.tif|HLS-VI.S30.T52UCB.2018152T024539.v2.0.NDVI.tif
2018-06-02,2,"T52TCP,T52UEV",1,EPSG:32652,7,7,0.7195397141940655,0.2085214612911508,4496406,12506291,0.35953153496908075,EPSG:32652:2files:4496406valid:7chunks,HLS-VI.S30.T52TCP.2018153T021639.v2.0.NDVI.tif|HLS-VI.S30.T52UEV.2018153T021639.v2.0.NDVI.tif
2018-06-11,1,T53TLM,1,EPSG:32653,4,2,0.7608493912913811,0.20210179223651514,2867107,13162801,0.2178189125551621,EPSG:32653:1files:2867107valid:4chunks,HLS-VI.S30.T53TLM.2018162T015651.v2.0.NDVI.tif
2018-06-21,3,"T51TVM,T51TWN,T51TXN",1,EPSG:32651,11,9,0.49773656106403347,0.17567517266234112,20423444,30340263,0.6731465709443587,EPSG:32651:3files:20423444valid:11chunks,HLS-VI.S30.T51TVM.2018172T024549.v2.0.NDVI.tif|HLS-VI.S30.T51TWN.2018172T024549.v2.0.NDVI.tif|HLS-VI.S30.T51TXN.2018172T024549.v2.0.NDVI.tif
2018-06-22,2,"T52TCP,T52TDT",1,EPSG:32652,7,5,0.8697891136234726,0.0823423239851757,3342519,21588292,0.1548301736885901,EPSG:32652:2files:3342519valid:7chunks,HLS-VI.S30.T52TCP.2018173T021559.v2.0.NDVI.tif|HLS-VI.S30.T52TDT.2018173T021559.v2.0.NDVI.tif
2018-06-23,1,T51TYL,1,EPSG:32651,4,4,0.44892580316586256,0.17621991352370422,9074640,9360994,0.9694098724985829,EPSG:32651:1files:9074640valid:4chunks,HLS-VI.S30.T51TYL.2018174T023551.v2.0.NDVI.tif
2018-06-28,3,"T51TWM,T51TWN,T51UWP",1,EPSG:32651,11,9,0.5723994290266224,0.24419127438501323,14788782,25150260,0.5880170622490583,EPSG:32651:3files:14788782valid:11chunks,HLS-VI.S30.T51TWM.2018179T023549.v2.0.NDVI.tif|HLS-VI.S30.T51TWN.2018179T023549.v2.0.NDVI.tif|HLS-VI.S30.T51UWP.2018179T023549.v2.0.NDVI.tif
2018-07-01,1,T51TWL,1,EPSG:32651,1,1,0.5062154881058553,0.19951158630253454,921166,921345,0.9998057188132567,EPSG:32651:1files:921166valid:1chunks,HLS-VI.S30.T51TWL.2018182T024549.v2.0.NDVI.tif
2018-07-07,1,T52TCQ,1,EPSG:32652,3,2,0.8553427927719385,0.12536223417082018,488451,4505071,0.10842248657124383,EPSG:32652:1files:488451valid:3chunks,HLS-VI.S30.T52TCQ.2018188T021601.v2.0.NDVI.tif
2018-07-23,2,"T51TWN,T51UWP",1,EPSG:32651,8,6,0.7514371499506494,0.22100969298104775,9212834,17868060,0.5156034846536222,EPSG:32651:2files:9212834valid:8chunks,HLS-VI.S30.T51TWN.2018204T023551.v2.0.NDVI.tif|HLS-VI.S30.T51UWP.2018204T023551.v2.0.NDVI.tif
2018-07-26,6,"T51UXT,T51UXU,T51UYT,T51UYU,T52UCC,T52UCD",2,"EPSG:32651,EPSG:32652",15,15,0.8466507993728062,0.15385612715561378,33021716,33159588,0.9958421678821824,EPSG:32651:4files:27665552valid:11chunks|EPSG:32652:2files:5356164valid:4chunks,HLS-VI.S30.T51UXT.2018207T024551.v2.0.NDVI.tif|HLS-VI.S30.T51UXU.2018207T024551.v2.0.NDVI.tif|HLS-VI.S30.T51UYT.2018207T024551.v2.0.NDVI.tif|HLS-VI.S30.T51UYU.2018207T024551.v2.0.NDVI.tif|HLS-VI.S30.T52UCC.2018207T024551.v2.0.NDVI.tif|HLS-VI.S30.T52UCD.2018207T024551.v2.0.NDVI.tif
2018-07-27,1,T51UWV,1,EPSG:32651,2,1,0.8347856123845272,0.1383195030161246,650391,3966482,0.163971751289934,EPSG:32651:1files:650391valid:2chunks,HLS-VI.S30.T51UWV.2018208T030539.v2.0.NDVI.tif
2018-07-28,1,T52TCR,1,EPSG:32652,4,3,0.7020157034238766,0.31519073097740036,4353691,12159351,0.3580529092383302,EPSG:32652:1files:4353691valid:4chunks,HLS-VI.S30.T52TCR.2018209T023549.v2.0.NDVI.tif
2018-08-10,1,T51UWV,1,EPSG:32651,2,2,0.8186527719714481,0.19436245068737243,1974312,3966482,0.49774888679691476,EPSG:32651:1files:1974312valid:2chunks,HLS-VI.S30.T51UWV.2018222T024539.v2.0.NDVI.tif
2018-08-13,2,"T50UQE,T51UUV",2,"EPSG:32650,EPSG:32651",2,2,0.7589916538848381,0.19496020310400405,32365,32365,1.0,EPSG:32650:1files:20020valid:1chunks|EPSG:32651:1files:12345valid:1chunks,HLS-VI.S30.T50UQE.2018225T025539.v2.0.NDVI.tif|HLS-VI.S30.T51UUV.2018225T025539.v2.0.NDVI.tif
2018-08-15,2,"T51UYU,T52UCD",2,"EPSG:32651,EPSG:32652",4,4,0.797617050652298,0.23650690221639412,2436866,2476972,0.9838084564540899,EPSG:32651:1files:1490577valid:2chunks|EPSG:32652:1files:946289valid:2chunks,HLS-VI.S30.T51UYU.2018227T024551.v2.0.NDVI.tif|HLS-VI.S30.T52UCD.2018227T024551.v2.0.NDVI.tif
2018-08-22,1,T51TWM,1,EPSG:32651,4,4,0.621428544518284,0.33380326510509006,6313081,8379912,0.7533588658210253,EPSG:32651:1files:6313081valid:4chunks,HLS-VI.S30.T51TWM.2018234T023551.v2.0.NDVI.tif
2018-08-23,1,T51UXU,1,EPSG:32651,4,3,0.7896024102574131,0.05723008661681566,7093141,11724516,0.6049836939964089,EPSG:32651:1files:7093141valid:4chunks,HLS-VI.S30.T51UXU.2018235T025539.v2.0.NDVI.tif
2018-09-08,1,T51UYQ,1,EPSG:32651,4,2,0.7683070979108384,0.10785263733138595,3131772,13395600,0.2337910955836245,EPSG:32651:1files:3131772valid:4chunks,HLS-VI.S30.T51UYQ.2018251T022551.v2.0.NDVI.tif
2018-09-09,13,"T51TWM,T51TXN,T51UVS,T51UWP,T51UWS,T51UWT,T51UXP,T51UXQ,T51UXR,T51UXS,T51UYP,T51UYQ,T51UYR",1,EPSG:32651,46,37,0.6908206725447564,0.1711269108903713,61759900,137821231,0.4481160090639446,EPSG:32651:13files:61759900valid:46chunks,HLS-VI.S30.T51TWM.2018252T024539.v2.0.NDVI.tif|HLS-VI.S30.T51TXN.2018252T024539.v2.0.NDVI.tif|HLS-VI.S30.T51UVS.2018252T024539.v2.0.NDVI.tif|HLS-VI.S30.T51UWP.2018252T024539.v2.0.NDVI.tif|HLS-VI.S30.T51UWS.2018252T024539.v2.0.NDVI.tif|HLS-VI.S30.T51UWT.2018252T024539.v2.0.NDVI.tif|HLS-VI.S30.T51UXP.2018252T024539.v2.0.NDVI.tif|HLS-VI.S30.T51UXQ.2018252T024539.v2.0.NDVI.tif|HLS-VI.S30.T51UXR.2018252T024539.v2.0.NDVI.tif|HLS-VI.S30.T51UXS.2018252T024539.v2.0.NDVI.tif|HLS-VI.S30.T51UYP.2018252T024539.v2.0.NDVI.tif|HLS-VI.S30.T51UYQ.2018252T024539.v2.0.NDVI.tif|HLS-VI.S30.T51UYR.2018252T024539.v2.0.NDVI.tif
2018-09-10,13,"T51UVV,T52TFT,T52TGQ,T52TGR,T52TGS,T52TGT,T52UEV,T52UFU,T52UFV,T52UGU,T53TLM,T53TLN,T53ULP",3,"EPSG:32651,EPSG:32652,EPSG:32653",46,31,0.7365177550262619,0.20667678385045518,47928199,111045777,0.4316075792778684,EPSG:32651:1files:3736282valid:2chunks|EPSG:32652:9files:39218054valid:33chunks|EPSG:32653:3files:4973863valid:11chunks,HLS-VI.S30.T51UVV.2018253T030541.v2.0.NDVI.tif|HLS-VI.S30.T52TFT.2018253T021559.v2.0.NDVI.tif|HLS-VI.S30.T52TGQ.2018253T021559.v2.0.NDVI.tif|HLS-VI.S30.T52TGR.2018253T021559.v2.0.NDVI.tif|HLS-VI.S30.T52TGS.2018253T021559.v2.0.NDVI.tif|HLS-VI.S30.T52TGT.2018253T021559.v2.0.NDVI.tif|HLS-VI.S30.T52UEV.2018253T021559.v2.0.NDVI.tif|HLS-VI.S30.T52UFU.2018253T021559.v2.0.NDVI.tif|HLS-VI.S30.T52UFV.2018253T021559.v2.0.NDVI.tif|HLS-VI.S30.T52UGU.2018253T021559.v2.0.NDVI.tif|HLS-VI.S30.T53TLM.2018253T021559.v2.0.NDVI.tif|HLS-VI.S30.T53TLN.2018253T021559.v2.0.NDVI.tif|HLS-VI.S30.T53ULP.2018253T021559.v2.0.NDVI.tif
2018-09-11,7,"T51TXN,T51TYN,T51UWP,T51UXP,T51UXQ,T52TCT,T52UDU",2,"EPSG:32651,EPSG:32652",36,32,0.6822802050225995,0.12147736098813376,62216331,100508081,0.6190181961587745,EPSG:32651:5files:45132911valid:25chunks|EPSG:32652:2files:17083420valid:11chunks,HLS-VI.S30.T51TXN.2018254T023551.v2.0.NDVI.tif|HLS-VI.S30.T51TYN.2018254T023551.v2.0.NDVI.tif|HLS-VI.S30.T51UWP.2018254T023551.v2.0.NDVI.tif|HLS-VI.S30.T51UXP.2018254T023551.v2.0.NDVI.tif|HLS-VI.S30.T51UXQ.2018254T023551.v2.0.NDVI.tif|HLS-VI.S30.T52TCT.2018254T023551.v2.0.NDVI.tif|HLS-VI.S30.T52UDU.2018254T023551.v2.0.NDVI.tif
2018-09-16,3,"T51TXL,T51TYL,T52TCR",2,"EPSG:32651,EPSG:32652",11,10,0.6248365251751158,0.2714072769464226,19684547,27816256,0.7076634253006587,EPSG:32651:2files:15250803valid:7chunks|EPSG:32652:1files:4433744valid:4chunks,HLS-VI.S30.T51TXL.2018259T023539.v2.0.NDVI.tif|HLS-VI.S30.T51TYL.2018259T023539.v2.0.NDVI.tif|HLS-VI.S30.T52TCR.2018259T023539.v2.0.NDVI.tif
2018-09-17,2,"T52TFT,T52TGT",1,EPSG:32652,8,7,0.5969156519624336,0.21207978614280065,15078133,23921589,0.6303148591007061,EPSG:32652:2files:15078133valid:8chunks,HLS-VI.S30.T52TFT.2018260T020649.v2.0.NDVI.tif|HLS-VI.S30.T52TGT.2018260T020649.v2.0.NDVI.tif
2018-09-18,15,"T51TYL,T51TYN,T51UYP,T52TCP,T52TCQ,T52TCT,T52TDP,T52TDT,T52TET,T52UCA,T52UCU,T52UCV,T52UDA,T52UDU,T52UDV",2,"EPSG:32651,EPSG:32652",55,52,0.6524295811646155,0.16225551164525068,102561007,176892685,0.5797922452248379,EPSG:32651:3files:21344132valid:14chunks|EPSG:32652:12files:81216875valid:41chunks,HLS-VI.S30.T51TYL.2018261T022551.v2.0.NDVI.tif|HLS-VI.S30.T51TYN.2018261T022551.v2.0.NDVI.tif|HLS-VI.S30.T51UYP.2018261T022551.v2.0.NDVI.tif|HLS-VI.S30.T52TCP.2018261T022551.v2.0.NDVI.tif|HLS-VI.S30.T52TCQ.2018261T022551.v2.0.NDVI.tif|HLS-VI.S30.T52TCT.2018261T022551.v2.0.NDVI.tif|HLS-VI.S30.T52TDP.2018261T022551.v2.0.NDVI.tif|HLS-VI.S30.T52TDT.2018261T022551.v2.0.NDVI.tif|HLS-VI.S30.T52TET.2018261T022551.v2.0.NDVI.tif|HLS-VI.S30.T52UCA.2018261T022551.v2.0.NDVI.tif|HLS-VI.S30.T52UCU.2018261T022551.v2.0.NDVI.tif|HLS-VI.S30.T52UCV.2018261T022551.v2.0.NDVI.tif|HLS-VI.S30.T52UDA.2018261T022551.v2.0.NDVI.tif|HLS-VI.S30.T52UDU.2018261T022551.v2.0.NDVI.tif|HLS-VI.S30.T52UDV.2018261T022551.v2.0.NDVI.tif
2018-09-19,6,"T51TWM,T51TWN,T52UCB,T53TLM,T53TLN,T53UMP",3,"EPSG:32651,EPSG:32652,EPSG:32653",24,17,0.563088456069618,0.22174992596606305,32376500,63653394,0.5086374498742361,EPSG:32651:2files:19761479valid:7chunks|EPSG:32652:1files:6433985valid:4chunks|EPSG:32653:3files:6181036valid:13chunks,HLS-VI.S30.T51TWM.2018262T024539.v2.0.NDVI.tif|HLS-VI.S30.T51TWN.2018262T024539.v2.0.NDVI.tif|HLS-VI.S30.T52UCB.2018262T024539.v2.0.NDVI.tif|HLS-VI.S30.T53TLM.2018262T015651.v2.0.NDVI.tif|HLS-VI.S30.T53TLN.2018262T015651.v2.0.NDVI.tif|HLS-VI.S30.T53UMP.2018262T015651.v2.0.NDVI.tif
2018-09-20,12,"T52TCP,T52TDQ,T52TDR,T52TEQ,T52TER,T52TES,T52TFR,T52TFS,T52TGQ,T52TGR,T52TGS,T52UEV",1,EPSG:32652,48,39,0.7092728266343196,0.17028718578140822,90820983,157316088,0.5773152902200314,EPSG:32652:12files:90820983valid:48chunks,HLS-VI.S30.T52TCP.2018263T021559.v2.0.NDVI.tif|HLS-VI.S30.T52TDQ.2018263T021559.v2.0.NDVI.tif|HLS-VI.S30.T52TDR.2018263T021559.v2.0.NDVI.tif|HLS-VI.S30.T52TEQ.2018263T021559.v2.0.NDVI.tif|HLS-VI.S30.T52TER.2018263T021559.v2.0.NDVI.tif|HLS-VI.S30.T52TES.2018263T021559.v2.0.NDVI.tif|HLS-VI.S30.T52TFR.2018263T021559.v2.0.NDVI.tif|HLS-VI.S30.T52TFS.2018263T021559.v2.0.NDVI.tif|HLS-VI.S30.T52TGQ.2018263T021559.v2.0.NDVI.tif|HLS-VI.S30.T52TGR.2018263T021559.v2.0.NDVI.tif|HLS-VI.S30.T52TGS.2018263T021559.v2.0.NDVI.tif|HLS-VI.S30.T52UEV.2018263T021559.v2.0.NDVI.tif
2018-09-25,8,"T50UQD,T50UQE,T51UUU,T51UUV,T51UVT,T51UVU,T51UVV,T51UWV",2,"EPSG:32650,EPSG:32651",12,10,0.4716295667590611,0.10132692127886728,12131292,21273724,0.5702476914714133,EPSG:32650:2files:344711valid:3chunks|EPSG:32651:6files:11786581valid:9chunks,HLS-VI.S30.T50UQD.2018268T030539.v2.0.NDVI.tif|HLS-VI.S30.T50UQE.2018268T030539.v2.0.NDVI.tif|HLS-VI.S30.T51UUU.2018268T030539.v2.0.NDVI.tif|HLS-VI.S30.T51UUV.2018268T030539.v2.0.NDVI.tif|HLS-VI.S30.T51UVT.2018268T030539.v2.0.NDVI.tif|HLS-VI.S30.T51UVU.2018268T030539.v2.0.NDVI.tif|HLS-VI.S30.T51UVV.2018268T030539.v2.0.NDVI.tif|HLS-VI.S30.T51UWV.2018268T030539.v2.0.NDVI.tif
2018-09-26,28,"T51TWM,T51TWN,T51TXM,T51TXN,T51TYL,T51TYM,T51TYN,T51UWP,T51UXP,T51UXQ,T51UXR,T51UXS,T51UXT,T51UXU,T51UYP,T51UYQ,T51UYR,T51UYS,T51UYT,T52TCR,T52TCS,T52TCT,T52TDT,T52UCA,T52UCB,T52UCU,T52UDU,T52UDV",2,"EPSG:32651,EPSG:32652",102,87,0.4941636362400625,0.165738205216985,207548317,304896340,0.6807176399690466,EPSG:32651:19files:140517070valid:66chunks|EPSG:32652:9files:67031247valid:36chunks,HLS-VI.S30.T51TWM.2018269T023539.v2.0.NDVI.tif|HLS-VI.S30.T51TWN.2018269T023539.v2.0.NDVI.tif|HLS-VI.S30.T51TXM.2018269T023539.v2.0.NDVI.tif|HLS-VI.S30.T51TXN.2018269T023539.v2.0.NDVI.tif|HLS-VI.S30.T51TYL.2018269T023539.v2.0.NDVI.tif|HLS-VI.S30.T51TYM.2018269T023539.v2.0.NDVI.tif|HLS-VI.S30.T51TYN.2018269T023539.v2.0.NDVI.tif|HLS-VI.S30.T51UWP.2018269T023539.v2.0.NDVI.tif|HLS-VI.S30.T51UXP.2018269T023539.v2.0.NDVI.tif|HLS-VI.S30.T51UXQ.2018269T023539.v2.0.NDVI.tif|HLS-VI.S30.T51UXR.2018269T023539.v2.0.NDVI.tif|HLS-VI.S30.T51UXS.2018269T023539.v2.0.NDVI.tif|HLS-VI.S30.T51UXT.2018269T023539.v2.0.NDVI.tif|HLS-VI.S30.T51UXU.2018269T023539.v2.0.NDVI.tif|HLS-VI.S30.T51UYP.2018269T023539.v2.0.NDVI.tif|HLS-VI.S30.T51UYQ.2018269T023539.v2.0.NDVI.tif|HLS-VI.S30.T51UYR.2018269T023539.v2.0.NDVI.tif|HLS-VI.S30.T51UYS.2018269T023539.v2.0.NDVI.tif|HLS-VI.S30.T51UYT.2018269T023539.v2.0.NDVI.tif|HLS-VI.S30.T52TCR.2018269T023539.v2.0.NDVI.tif|HLS-VI.S30.T52TCS.2018269T023539.v2.0.NDVI.tif|HLS-VI.S30.T52TCT.2018269T023539.v2.0.NDVI.tif|HLS-VI.S30.T52TDT.2018269T023539.v2.0.NDVI.tif|HLS-VI.S30.T52UCA.2018269T023539.v2.0.NDVI.tif|HLS-VI.S30.T52UCB.2018269T023539.v2.0.NDVI.tif|HLS-VI.S30.T52UCU.2018269T023539.v2.0.NDVI.tif|HLS-VI.S30.T52UDU.2018269T023539.v2.0.NDVI.tif|HLS-VI.S30.T52UDV.2018269T023539.v2.0.NDVI.tif
2018-09-27,5,"T50UQD,T51UUU,T51UWS,T51UXU,T53UMP",3,"EPSG:32650,EPSG:32651,EPSG:32653",17,15,0.48193887327907253,0.14810092890890883,13287216,29796575,0.44593098367849326,EPSG:32650:1files:325345valid:2chunks|EPSG:32651:3files:8646000valid:11chunks|EPSG:32653:1files:4315871valid:4chunks,HLS-VI.S30.T50UQD.2018270T025641.v2.0.NDVI.tif|HLS-VI.S30.T51UUU.2018270T025641.v2.0.NDVI.tif|HLS-VI.S30.T51UWS.2018270T025641.v2.0.NDVI.tif|HLS-VI.S30.T51UXU.2018270T025641.v2.0.NDVI.tif|HLS-VI.S30.T53UMP.2018270T020649.v2.0.NDVI.tif
2018-09-28,3,"T52UDA,T52UEV,T52UFV",1,EPSG:32652,8,8,0.5268356587757943,0.2010546669299289,7644508,13020815,0.5870990410354497,EPSG:32652:3files:7644508valid:8chunks,HLS-VI.S30.T52UDA.2018271T022551.v2.0.NDVI.tif|HLS-VI.S30.T52UEV.2018271T022551.v2.0.NDVI.tif|HLS-VI.S30.T52UFV.2018271T022551.v2.0.NDVI.tif
2018-09-29,2,"T52UCC,T53UMP",2,"EPSG:32652,EPSG:32653",6,6,0.4656679751122461,0.16467843103461266,7386803,9342253,0.7906875354371157,EPSG:32652:1files:4629936valid:2chunks|EPSG:32653:1files:2756867valid:4chunks,HLS-VI.S30.T52UCC.2018272T024539.v2.0.NDVI.tif|HLS-VI.S30.T53UMP.2018272T015651.v2.0.NDVI.tif
2018-09-30,10,"T50UQD,T51UUU,T51UUV,T51UVV,T52TFT,T52TGT,T52UEV,T52UFV,T53TLN,T53ULP",4,"EPSG:32650,EPSG:32651,EPSG:32652,EPSG:32653",32,25,0.4761552545981042,0.18376710578349617,34094736,64261216,0.5305647499729853,EPSG:32650:1files:324796valid:2chunks|EPSG:32651:3files:4289636valid:4chunks|EPSG:32652:4files:24996645valid:19chunks|EPSG:32653:2files:4483659valid:7chunks,HLS-VI.S30.T50UQD.2018273T030541.v2.0.NDVI.tif|HLS-VI.S30.T51UUU.2018273T030541.v2.0.NDVI.tif|HLS-VI.S30.T51UUV.2018273T030541.v2.0.NDVI.tif|HLS-VI.S30.T51UVV.2018273T030541.v2.0.NDVI.tif|HLS-VI.S30.T52TFT.2018273T021559.v2.0.NDVI.tif|HLS-VI.S30.T52TGT.2018273T021559.v2.0.NDVI.tif|HLS-VI.S30.T52UEV.2018273T021559.v2.0.NDVI.tif|HLS-VI.S30.T52UFV.2018273T021559.v2.0.NDVI.tif|HLS-VI.S30.T53TLN.2018273T021559.v2.0.NDVI.tif|HLS-VI.S30.T53ULP.2018273T021559.v2.0.NDVI.tif
2018-10-01,30,"T51TWL,T51TWM,T51TWN,T51TXL,T51TXM,T51TXN,T51TYL,T51TYM,T51TYN,T51UWP,T51UXP,T51UXQ,T51UXR,T51UYP,T51UYQ,T51UYR,T51UYS,T51UYT,T51UYU,T52TCS,T52TCT,T52UCA,T52UCB,T52UCC,T52UCD,T52UCU,T52UCV,T52UDA,T52UDU,T52UDV",2,"EPSG:32651,EPSG:32652",92,88,0.43391679866417815,0.15613289070376696,220965133,257852588,0.8569436309089905,EPSG:32651:19files:143687516valid:59chunks|EPSG:32652:11files:77277617valid:33chunks,HLS-VI.S30.T51TWL.2018274T023551.v2.0.NDVI.tif|HLS-VI.S30.T51TWM.2018274T023551.v2.0.NDVI.tif|HLS-VI.S30.T51TWN.2018274T023551.v2.0.NDVI.tif|HLS-VI.S30.T51TXL.2018274T023551.v2.0.NDVI.tif|HLS-VI.S30.T51TXM.2018274T023551.v2.0.NDVI.tif|HLS-VI.S30.T51TXN.2018274T023551.v2.0.NDVI.tif|HLS-VI.S30.T51TYL.2018274T023551.v2.0.NDVI.tif|HLS-VI.S30.T51TYM.2018274T023551.v2.0.NDVI.tif|HLS-VI.S30.T51TYN.2018274T023551.v2.0.NDVI.tif|HLS-VI.S30.T51UWP.2018274T023551.v2.0.NDVI.tif|HLS-VI.S30.T51UXP.2018274T023551.v2.0.NDVI.tif|HLS-VI.S30.T51UXQ.2018274T023551.v2.0.NDVI.tif|HLS-VI.S30.T51UXR.2018274T023551.v2.0.NDVI.tif|HLS-VI.S30.T51UYP.2018274T023551.v2.0.NDVI.tif|HLS-VI.S30.T51UYQ.2018274T023551.v2.0.NDVI.tif|HLS-VI.S30.T51UYR.2018274T023551.v2.0.NDVI.tif|HLS-VI.S30.T51UYS.2018274T023551.v2.0.NDVI.tif|HLS-VI.S30.T51UYT.2018274T023551.v2.0.NDVI.tif|HLS-VI.S30.T51UYU.2018274T023551.v2.0.NDVI.tif|HLS-VI.S30.T52TCS.2018274T023551.v2.0.NDVI.tif|HLS-VI.S30.T52TCT.2018274T023551.v2.0.NDVI.tif|HLS-VI.S30.T52UCA.2018274T023551.v2.0.NDVI.tif|HLS-VI.S30.T52UCB.2018274T023551.v2.0.NDVI.tif|HLS-VI.S30.T52UCC.2018274T023551.v2.0.NDVI.tif|HLS-VI.S30.T52UCD.2018274T023551.v2.0.NDVI.tif|HLS-VI.S30.T52UCU.2018274T023551.v2.0.NDVI.tif|HLS-VI.S30.T52UCV.2018274T023551.v2.0.NDVI.tif|HLS-VI.S30.T52UDA.2018274T023551.v2.0.NDVI.tif|HLS-VI.S30.T52UDU.2018274T023551.v2.0.NDVI.tif|HLS-VI.S30.T52UDV.2018274T023551.v2.0.NDVI.tif
2018-10-02,6,"T52TEP,T52TEQ,T52TFP,T52TFQ,T52TGQ,T53TLK",2,"EPSG:32652,EPSG:32653",17,14,0.5845155390232808,0.26185444918471734,15821912,32986219,0.47965218444708685,EPSG:32652:5files:15146659valid:16chunks|EPSG:32653:1files:675253valid:1chunks,HLS-VI.S30.T52TEP.2018275T020651.v2.0.NDVI.tif|HLS-VI.S30.T52TEQ.2018275T020651.v2.0.NDVI.tif|HLS-VI.S30.T52TFP.2018275T020651.v2.0.NDVI.tif|HLS-VI.S30.T52TFQ.2018275T020651.v2.0.NDVI.tif|HLS-VI.S30.T52TGQ.2018275T020651.v2.0.NDVI.tif|HLS-VI.S30.T53TLK.2018275T020651.v2.0.NDVI.tif
2018-10-03,26,"T51TYL,T51TYM,T51TYN,T51UYP,T51UYQ,T52TCP,T52TCQ,T52TCR,T52TCS,T52TCT,T52TDR,T52TDS,T52TDT,T52TES,T52TET,T52TFT,T52UCA,T52UCU,T52UCV,T52UDA,T52UDU,T52UDV,T52UEU,T52UEV,T52UFU,T52UFV",2,"EPSG:32651,EPSG:32652",73,65,0.5011872670236016,0.16125615254635137,179292121,261536955,0.6855326468108494,EPSG:32651:5files:31982751valid:16chunks|EPSG:32652:21files:147309370valid:57chunks,HLS-VI.S30.T51TYL.2018276T022549.v2.0.NDVI.tif|HLS-VI.S30.T51TYM.2018276T022549.v2.0.NDVI.tif|HLS-VI.S30.T51TYN.2018276T022549.v2.0.NDVI.tif|HLS-VI.S30.T51UYP.2018276T022549.v2.0.NDVI.tif|HLS-VI.S30.T51UYQ.2018276T022549.v2.0.NDVI.tif|HLS-VI.S30.T52TCP.2018276T022549.v2.0.NDVI.tif|HLS-VI.S30.T52TCQ.2018276T022549.v2.0.NDVI.tif|HLS-VI.S30.T52TCR.2018276T022549.v2.0.NDVI.tif|HLS-VI.S30.T52TCS.2018276T022549.v2.0.NDVI.tif|HLS-VI.S30.T52TCT.2018276T022549.v2.0.NDVI.tif|HLS-VI.S30.T52TDR.2018276T022549.v2.0.NDVI.tif|HLS-VI.S30.T52TDS.2018276T022549.v2.0.NDVI.tif|HLS-VI.S30.T52TDT.2018276T022549.v2.0.NDVI.tif|HLS-VI.S30.T52TES.2018276T022549.v2.0.NDVI.tif|HLS-VI.S30.T52TET.2018276T022549.v2.0.NDVI.tif|HLS-VI.S30.T52TFT.2018276T022549.v2.0.NDVI.tif|HLS-VI.S30.T52UCA.2018276T022549.v2.0.NDVI.tif|HLS-VI.S30.T52UCU.2018276T022549.v2.0.NDVI.tif|HLS-VI.S30.T52UCV.2018276T022549.v2.0.NDVI.tif|HLS-VI.S30.T52UDA.2018276T022549.v2.0.NDVI.tif|HLS-VI.S30.T52UDU.2018276T022549.v2.0.NDVI.tif|HLS-VI.S30.T52UDV.2018276T022549.v2.0.NDVI.tif|HLS-VI.S30.T52UEU.2018276T022549.v2.0.NDVI.tif|HLS-VI.S30.T52UEV.2018276T022549.v2.0.NDVI.tif|HLS-VI.S30.T52UFU.2018276T022549.v2.0.NDVI.tif|HLS-VI.S30.T52UFV.2018276T022549.v2.0.NDVI.tif
2018-10-04,29,"T51TVM,T51TVN,T51TWM,T51TWN,T51TXN,T51UVP,T51UVS,T51UVT,T51UWP,T51UWS,T51UWT,T51UWU,T51UWV,T51UXP,T51UXQ,T51UXR,T51UXS,T51UXT,T51UXU,T51UXV,T51UYR,T51UYS,T52UCB,T53TLK,T53TLL,T53TLM,T53TMM,T53TMN,T53UMP",3,"EPSG:32651,EPSG:32652,EPSG:32653",79,66,0.406573455907131,0.13543763527961972,127488970,222280116,0.5735509423613941,EPSG:32651:22files:108379403valid:61chunks|EPSG:32652:1files:6394312valid:4chunks|EPSG:32653:6files:12715255valid:14chunks,HLS-VI.S30.T51TVM.2018277T024541.v2.0.NDVI.tif|HLS-VI.S30.T51TVN.2018277T024541.v2.0.NDVI.tif|HLS-VI.S30.T51TWM.2018277T024541.v2.0.NDVI.tif|HLS-VI.S30.T51TWN.2018277T024541.v2.0.NDVI.tif|HLS-VI.S30.T51TXN.2018277T024541.v2.0.NDVI.tif|HLS-VI.S30.T51UVP.2018277T024541.v2.0.NDVI.tif|HLS-VI.S30.T51UVS.2018277T024541.v2.0.NDVI.tif|HLS-VI.S30.T51UVT.2018277T024541.v2.0.NDVI.tif|HLS-VI.S30.T51UWP.2018277T024541.v2.0.NDVI.tif|HLS-VI.S30.T51UWS.2018277T024541.v2.0.NDVI.tif|HLS-VI.S30.T51UWT.2018277T024541.v2.0.NDVI.tif|HLS-VI.S30.T51UWU.2018277T024541.v2.0.NDVI.tif|HLS-VI.S30.T51UWV.2018277T024541.v2.0.NDVI.tif|HLS-VI.S30.T51UXP.2018277T024541.v2.0.NDVI.tif|HLS-VI.S30.T51UXQ.2018277T024541.v2.0.NDVI.tif|HLS-VI.S30.T51UXR.2018277T024541.v2.0.NDVI.tif|HLS-VI.S30.T51UXS.2018277T024541.v2.0.NDVI.tif|HLS-VI.S30.T51UXT.2018277T024541.v2.0.NDVI.tif|HLS-VI.S30.T51UXU.2018277T024541.v2.0.NDVI.tif|HLS-VI.S30.T51UXV.2018277T024541.v2.0.NDVI.tif|HLS-VI.S30.T51UYR.2018277T024541.v2.0.NDVI.tif|HLS-VI.S30.T51UYS.2018277T024541.v2.0.NDVI.tif|HLS-VI.S30.T52UCB.2018277T024541.v2.0.NDVI.tif|HLS-VI.S30.T53TLK.2018277T015649.v2.0.NDVI.tif|HLS-VI.S30.T53TLL.2018277T015649.v2.0.NDVI.tif|HLS-VI.S30.T53TLM.2018277T015649.v2.0.NDVI.tif|HLS-VI.S30.T53TMM.2018277T015649.v2.0.NDVI.tif|HLS-VI.S30.T53TMN.2018277T015649.v2.0.NDVI.tif|HLS-VI.S30.T53UMP.2018277T015649.v2.0.NDVI.tif
2018-10-05,18,"T51UVU,T51UWV,T52TCP,T52TCQ,T52TES,T52TET,T52TFQ,T52TFR,T52TFS,T52TFT,T52TGS,T52UDU,T52UEU,T52UEV,T52UFU,T52UFV,T52UGU,T53ULP",3,"EPSG:32651,EPSG:32652,EPSG:32653",64,51,0.4934283371226778,0.1470915935332743,100386109,192707007,0.5209260968907062,EPSG:32651:2files:9202696valid:8chunks|EPSG:32652:15files:90341506valid:53chunks|EPSG:32653:1files:841907valid:3chunks,HLS-VI.S30.T51UVU.2018278T030549.v2.0.NDVI.tif|HLS-VI.S30.T51UWV.2018278T030549.v2.0.NDVI.tif|HLS-VI.S30.T52TCP.2018278T021601.v2.0.NDVI.tif|HLS-VI.S30.T52TCQ.2018278T021601.v2.0.NDVI.tif|HLS-VI.S30.T52TES.2018278T021601.v2.0.NDVI.tif|HLS-VI.S30.T52TET.2018278T021601.v2.0.NDVI.tif|HLS-VI.S30.T52TFQ.2018278T021601.v2.0.NDVI.tif|HLS-VI.S30.T52TFR.2018278T021601.v2.0.NDVI.tif|HLS-VI.S30.T52TFS.2018278T021601.v2.0.NDVI.tif|HLS-VI.S30.T52TFT.2018278T021601.v2.0.NDVI.tif|HLS-VI.S30.T52TGS.2018278T021601.v2.0.NDVI.tif|HLS-VI.S30.T52UDU.2018278T021601.v2.0.NDVI.tif|HLS-VI.S30.T52UEU.2018278T021601.v2.0.NDVI.tif|HLS-VI.S30.T52UEV.2018278T021601.v2.0.NDVI.tif|HLS-VI.S30.T52UFU.2018278T021601.v2.0.NDVI.tif|HLS-VI.S30.T52UFV.2018278T021601.v2.0.NDVI.tif|HLS-VI.S30.T52UGU.2018278T021601.v2.0.NDVI.tif|HLS-VI.S30.T53ULP.2018278T021601.v2.0.NDVI.tif
2018-10-07,3,"T52TEP,T52TFP,T52TFQ",1,EPSG:32652,13,11,0.5001125214582502,0.11126623650363589,14766014,27689459,0.5332720296196469,EPSG:32652:3files:14766014valid:13chunks,HLS-VI.S30.T52TEP.2018280T020649.v2.0.NDVI.tif|HLS-VI.S30.T52TFP.2018280T020649.v2.0.NDVI.tif|HLS-VI.S30.T52TFQ.2018280T020649.v2.0.NDVI.tif
2018-10-09,1,T51TXN,1,EPSG:32651,4,4,0.36655614201173403,0.10418570271694559,8422861,13395600,0.6287781808952193,EPSG:32651:1files:8422861valid:4chunks,HLS-VI.S30.T51TXN.2018282T024609.v2.0.NDVI.tif
2018-10-11,11,"T51TYN,T51UXP,T51UYP,T51UYS,T51UYT,T51UYU,T52UCB,T52UCC,T52UCU,T52UDA,T52UDV",2,"EPSG:32651,EPSG:32652",47,46,0.36743866811075676,0.10814676307452295,85104278,130895381,0.6501702149444066,EPSG:32651:6files:52049020valid:28chunks|EPSG:32652:5files:33055258valid:19chunks,HLS-VI.S30.T51TYN.2018284T023621.v2.0.NDVI.tif|HLS-VI.S30.T51UXP.2018284T023621.v2.0.NDVI.tif|HLS-VI.S30.T51UYP.2018284T023621.v2.0.NDVI.tif|HLS-VI.S30.T51UYS.2018284T023621.v2.0.NDVI.tif|HLS-VI.S30.T51UYT.2018284T023621.v2.0.NDVI.tif|HLS-VI.S30.T51UYU.2018284T023621.v2.0.NDVI.tif|HLS-VI.S30.T52UCB.2018284T023621.v2.0.NDVI.tif|HLS-VI.S30.T52UCC.2018284T023621.v2.0.NDVI.tif|HLS-VI.S30.T52UCU.2018284T023621.v2.0.NDVI.tif|HLS-VI.S30.T52UDA.2018284T023621.v2.0.NDVI.tif|HLS-VI.S30.T52UDV.2018284T023621.v2.0.NDVI.tif
2018-10-12,13,"T51TVN,T52TFS,T52TFT,T52TGS,T52TGT,T52UGU,T53TLL,T53TLM,T53TLN,T53TMM,T53TMN,T53ULP,T53UMP",3,"EPSG:32651,EPSG:32652,EPSG:32653",38,36,0.3815830895967651,0.13791330367882979,77840886,97361142,0.7995067066900263,EPSG:32651:1files:592185valid:2chunks|EPSG:32652:5files:33826268valid:20chunks|EPSG:32653:7files:43422433valid:16chunks,HLS-VI.S30.T51TVN.2018285T025639.v2.0.NDVI.tif|HLS-VI.S30.T52TFS.2018285T020651.v2.0.NDVI.tif|HLS-VI.S30.T52TFT.2018285T020651.v2.0.NDVI.tif|HLS-VI.S30.T52TGS.2018285T020651.v2.0.NDVI.tif|HLS-VI.S30.T52TGT.2018285T020651.v2.0.NDVI.tif|HLS-VI.S30.T52UGU.2018285T020651.v2.0.NDVI.tif|HLS-VI.S30.T53TLL.2018285T020651.v2.0.NDVI.tif|HLS-VI.S30.T53TLM.2018285T020651.v2.0.NDVI.tif|HLS-VI.S30.T53TLN.2018285T020651.v2.0.NDVI.tif|HLS-VI.S30.T53TMM.2018285T020651.v2.0.NDVI.tif|HLS-VI.S30.T53TMN.2018285T020651.v2.0.NDVI.tif|HLS-VI.S30.T53ULP.2018285T020651.v2.0.NDVI.tif|HLS-VI.S30.T53UMP.2018285T020651.v2.0.NDVI.tif
2018-10-13,17,"T51TYL,T51TYM,T51TYN,T51UYP,T52TCP,T52TCQ,T52TCR,T52TCS,T52TCT,T52TDP,T52TFT,T52UCU,T52UDU,T52UEU,T52UEV,T52UFU,T52UFV",2,"EPSG:32651,EPSG:32652",57,50,0.39585968167042596,0.1408338847079047,111480124,190465919,0.5853022135681922,EPSG:32651:4files:29375557valid:14chunks|EPSG:32652:13files:82104567valid:43chunks,HLS-VI.S30.T51TYL.2018286T022629.v2.0.NDVI.tif|HLS-VI.S30.T51TYM.2018286T022629.v2.0.NDVI.tif|HLS-VI.S30.T51TYN.2018286T022629.v2.0.NDVI.tif|HLS-VI.S30.T51UYP.2018286T022629.v2.0.NDVI.tif|HLS-VI.S30.T52TCP.2018286T022629.v2.0.NDVI.tif|HLS-VI.S30.T52TCQ.2018286T022629.v2.0.NDVI.tif|HLS-VI.S30.T52TCR.2018286T022629.v2.0.NDVI.tif|HLS-VI.S30.T52TCS.2018286T022629.v2.0.NDVI.tif|HLS-VI.S30.T52TCT.2018286T022629.v2.0.NDVI.tif|HLS-VI.S30.T52TDP.2018286T022629.v2.0.NDVI.tif|HLS-VI.S30.T52TFT.2018286T022629.v2.0.NDVI.tif|HLS-VI.S30.T52UCU.2018286T022629.v2.0.NDVI.tif|HLS-VI.S30.T52UDU.2018286T022629.v2.0.NDVI.tif|HLS-VI.S30.T52UEU.2018286T022629.v2.0.NDVI.tif|HLS-VI.S30.T52UEV.2018286T022629.v2.0.NDVI.tif|HLS-VI.S30.T52UFU.2018286T022629.v2.0.NDVI.tif|HLS-VI.S30.T52UFV.2018286T022629.v2.0.NDVI.tif
2018-10-14,3,"T53TLK,T53TLL,T53TMM",1,EPSG:32653,7,6,0.35556507682634286,0.14581859020552,3896596,17935893,0.2172512960464249,EPSG:32653:3files:3896596valid:7chunks,HLS-VI.S30.T53TLK.2018287T015649.v2.0.NDVI.tif|HLS-VI.S30.T53TLL.2018287T015649.v2.0.NDVI.tif|HLS-VI.S30.T53TMM.2018287T015649.v2.0.NDVI.tif
2018-10-15,4,"T51UVT,T51UVU,T51UVV,T51UWV",1,EPSG:32651,9,6,0.47007109112605466,0.10157301049851979,11533830,23275098,0.49554377816153555,EPSG:32651:4files:11533830valid:9chunks,HLS-VI.S30.T51UVT.2018288T030659.v2.0.NDVI.tif|HLS-VI.S30.T51UVU.2018288T030659.v2.0.NDVI.tif|HLS-VI.S30.T51UVV.2018288T030659.v2.0.NDVI.tif|HLS-VI.S30.T51UWV.2018288T030659.v2.0.NDVI.tif
2018-10-16,6,"T51TWM,T51TWN,T51UXQ,T51UXR,T51UXS,T51UXU",1,EPSG:32651,28,21,0.308583447759084,0.1569043512758247,25368577,66286650,0.3827101988107711,EPSG:32651:6files:25368577valid:28chunks,HLS-VI.S30.T51TWM.2018289T023659.v2.0.NDVI.tif|HLS-VI.S30.T51TWN.2018289T023659.v2.0.NDVI.tif|HLS-VI.S30.T51UXQ.2018289T023659.v2.0.NDVI.tif|HLS-VI.S30.T51UXR.2018289T023659.v2.0.NDVI.tif|HLS-VI.S30.T51UXS.2018289T023659.v2.0.NDVI.tif|HLS-VI.S30.T51UXU.2018289T023659.v2.0.NDVI.tif
2018-10-17,8,"T51UVS,T51UVT,T51UWS,T51UWT,T51UWU,T51UWV,T51UXU,T51UXV",1,EPSG:32651,20,18,0.4520706879001693,0.10907641958747054,35152993,51852330,0.6779443276705213,EPSG:32651:8files:35152993valid:20chunks,HLS-VI.S30.T51UVS.2018290T025711.v2.0.NDVI.tif|HLS-VI.S30.T51UVT.2018290T025711.v2.0.NDVI.tif|HLS-VI.S30.T51UWS.2018290T025711.v2.0.NDVI.tif|HLS-VI.S30.T51UWT.2018290T025711.v2.0.NDVI.tif|HLS-VI.S30.T51UWU.2018290T025711.v2.0.NDVI.tif|HLS-VI.S30.T51UWV.2018290T025711.v2.0.NDVI.tif|HLS-VI.S30.T51UXU.2018290T025711.v2.0.NDVI.tif|HLS-VI.S30.T51UXV.2018290T025711.v2.0.NDVI.tif
2018-10-18,21,"T51TYM,T51TYN,T51UYP,T52TCP,T52TCQ,T52TCR,T52TCS,T52TCT,T52TDP,T52TDQ,T52TDR,T52TER,T52TES,T52TET,T52UCA,T52UCU,T52UDA,T52UDV,T52UEU,T52UEV,T52UFV",2,"EPSG:32651,EPSG:32652",70,63,0.3897383177859255,0.14004534301662278,145831545,238648797,0.6110717792556063,EPSG:32651:3files:21456056valid:12chunks|EPSG:32652:18files:124375489valid:58chunks,HLS-VI.S30.T51TYM.2018291T022701.v2.0.NDVI.tif|HLS-VI.S30.T51TYN.2018291T022701.v2.0.NDVI.tif|HLS-VI.S30.T51UYP.2018291T022701.v2.0.NDVI.tif|HLS-VI.S30.T52TCP.2018291T022701.v2.0.NDVI.tif|HLS-VI.S30.T52TCQ.2018291T022701.v2.0.NDVI.tif|HLS-VI.S30.T52TCR.2018291T022701.v2.0.NDVI.tif|HLS-VI.S30.T52TCS.2018291T022701.v2.0.NDVI.tif|HLS-VI.S30.T52TCT.2018291T022701.v2.0.NDVI.tif|HLS-VI.S30.T52TDP.2018291T022701.v2.0.NDVI.tif|HLS-VI.S30.T52TDQ.2018291T022701.v2.0.NDVI.tif|HLS-VI.S30.T52TDR.2018291T022701.v2.0.NDVI.tif|HLS-VI.S30.T52TER.2018291T022701.v2.0.NDVI.tif|HLS-VI.S30.T52TES.2018291T022701.v2.0.NDVI.tif|HLS-VI.S30.T52TET.2018291T022701.v2.0.NDVI.tif|HLS-VI.S30.T52UCA.2018291T022701.v2.0.NDVI.tif|HLS-VI.S30.T52UCU.2018291T022701.v2.0.NDVI.tif|HLS-VI.S30.T52UDA.2018291T022701.v2.0.NDVI.tif|HLS-VI.S30.T52UDV.2018291T022701.v2.0.NDVI.tif|HLS-VI.S30.T52UEU.2018291T022701.v2.0.NDVI.tif|HLS-VI.S30.T52UEV.2018291T022701.v2.0.NDVI.tif|HLS-VI.S30.T52UFV.2018291T022701.v2.0.NDVI.tif
2018-10-19,10,"T51TWN,T51TXN,T51UVP,T51UWP,T51UXP,T51UXQ,T51UXS,T51UYQ,T52UCA,T53TLK",3,"EPSG:32651,EPSG:32652,EPSG:32653",37,29,0.3005482669656983,0.10262743807874317,44448884,101035686,0.43993252047598314,EPSG:32651:8files:41810327valid:32chunks|EPSG:32652:1files:2575586valid:4chunks|EPSG:32653:1files:62971valid:1chunks,HLS-VI.S30.T51TWN.2018292T024719.v2.0.NDVI.tif|HLS-VI.S30.T51TXN.2018292T024719.v2.0.NDVI.tif|HLS-VI.S30.T51UVP.2018292T024719.v2.0.NDVI.tif|HLS-VI.S30.T51UWP.2018292T024719.v2.0.NDVI.tif|HLS-VI.S30.T51UXP.2018292T024719.v2.0.NDVI.tif|HLS-VI.S30.T51UXQ.2018292T024719.v2.0.NDVI.tif|HLS-VI.S30.T51UXS.2018292T024719.v2.0.NDVI.tif|HLS-VI.S30.T51UYQ.2018292T024719.v2.0.NDVI.tif|HLS-VI.S30.T52UCA.2018292T024719.v2.0.NDVI.tif|HLS-VI.S30.T53TLK.2018292T015701.v2.0.NDVI.tif
2018-10-20,8,"T50UQE,T51UUV,T51UVT,T51UVU,T52TCP,T52TDP,T52TDR,T52TGQ",3,"EPSG:32650,EPSG:32651,EPSG:32652",23,17,0.3852020178671514,0.13052163490632981,21120832,56505604,0.37378296142095924,EPSG:32650:1files:20020valid:1chunks|EPSG:32651:3files:8582143valid:7chunks|EPSG:32652:4files:12518669valid:15chunks,HLS-VI.S30.T50UQE.2018293T030731.v2.0.NDVI.tif|HLS-VI.S30.T51UUV.2018293T030731.v2.0.NDVI.tif|HLS-VI.S30.T51UVT.2018293T030731.v2.0.NDVI.tif|HLS-VI.S30.T51UVU.2018293T030731.v2.0.NDVI.tif|HLS-VI.S30.T52TCP.2018293T021709.v2.0.NDVI.tif|HLS-VI.S30.T52TDP.2018293T021709.v2.0.NDVI.tif|HLS-VI.S30.T52TDR.2018293T021709.v2.0.NDVI.tif|HLS-VI.S30.T52TGQ.2018293T021709.v2.0.NDVI.tif
2018-10-21,15,"T51TYM,T51TYN,T51UXP,T51UXQ,T51UXR,T51UYP,T51UYQ,T51UYR,T52TCS,T52TCT,T52UCA,T52UCV,T52UDA,T52UDU,T52UDV",2,"EPSG:32651,EPSG:32652",59,54,0.34604384771972924,0.09255339208618481,132553261,185950846,0.7128403223290525,EPSG:32651:8files:78306610valid:31chunks|EPSG:32652:7files:54246651valid:28chunks,HLS-VI.S30.T51TYM.2018294T023731.v2.0.NDVI.tif|HLS-VI.S30.T51TYN.2018294T023731.v2.0.NDVI.tif|HLS-VI.S30.T51UXP.2018294T023731.v2.0.NDVI.tif|HLS-VI.S30.T51UXQ.2018294T023731.v2.0.NDVI.tif|HLS-VI.S30.T51UXR.2018294T023731.v2.0.NDVI.tif|HLS-VI.S30.T51UYP.2018294T023731.v2.0.NDVI.tif|HLS-VI.S30.T51UYQ.2018294T023731.v2.0.NDVI.tif|HLS-VI.S30.T51UYR.2018294T023731.v2.0.NDVI.tif|HLS-VI.S30.T52TCS.2018294T023731.v2.0.NDVI.tif|HLS-VI.S30.T52TCT.2018294T023731.v2.0.NDVI.tif|HLS-VI.S30.T52UCA.2018294T023731.v2.0.NDVI.tif|HLS-VI.S30.T52UCV.2018294T023731.v2.0.NDVI.tif|HLS-VI.S30.T52UDA.2018294T023731.v2.0.NDVI.tif|HLS-VI.S30.T52UDU.2018294T023731.v2.0.NDVI.tif|HLS-VI.S30.T52UDV.2018294T023731.v2.0.NDVI.tif
2018-10-22,3,"T53TLM,T53TLN,T53TMN",1,EPSG:32653,10,10,0.3203760790345125,0.09275678217792603,30332319,31485118,0.9633859082249588,EPSG:32653:3files:30332319valid:10chunks,HLS-VI.S30.T53TLM.2018295T020721.v2.0.NDVI.tif|HLS-VI.S30.T53TLN.2018295T020721.v2.0.NDVI.tif|HLS-VI.S30.T53TMN.2018295T020721.v2.0.NDVI.tif
2018-10-24,2,"T51TVN,T51TWN",1,EPSG:32651,6,6,0.2775397991614139,0.11863401397906208,14774360,14907354,0.9910786313922645,EPSG:32651:2files:14774360valid:6chunks,HLS-VI.S30.T51TVN.2018297T024751.v2.0.NDVI.tif|HLS-VI.S30.T51TWN.2018297T024751.v2.0.NDVI.tif
2018-10-25,10,"T52TCQ,T52TEQ,T52TET,T52TFQ,T52TFS,T52TGT,T52UEV,T52UFV,T53TLN,T53ULP",2,"EPSG:32652,EPSG:32653",44,38,0.3766255561383148,0.14637046398631265,66626581,134632433,0.49487764215031305,EPSG:32652:8files:62204405valid:37chunks|EPSG:32653:2files:4422176valid:7chunks,HLS-VI.S30.T52TCQ.2018298T021741.v2.0.NDVI.tif|HLS-VI.S30.T52TEQ.2018298T021741.v2.0.NDVI.tif|HLS-VI.S30.T52TET.2018298T021741.v2.0.NDVI.tif|HLS-VI.S30.T52TFQ.2018298T021741.v2.0.NDVI.tif|HLS-VI.S30.T52TFS.2018298T021741.v2.0.NDVI.tif|HLS-VI.S30.T52TGT.2018298T021741.v2.0.NDVI.tif|HLS-VI.S30.T52UEV.2018298T021741.v2.0.NDVI.tif|HLS-VI.S30.T52UFV.2018298T021741.v2.0.NDVI.tif|HLS-VI.S30.T53TLN.2018298T021741.v2.0.NDVI.tif|HLS-VI.S30.T53ULP.2018298T021741.v2.0.NDVI.tif
2018-10-31,17,"T51TYN,T51UXR,T51UXS,T51UXT,T51UXU,T51UYQ,T51UYR,T51UYS,T51UYT,T52TCT,T52UCA,T52UCB,T52UCC,T52UCU,T52UCV,T52UDA,T52UDU",2,"EPSG:32651,EPSG:32652",63,56,0.17888998547044443,0.16779583640118725,93574325,190361279,0.4915617582081911,EPSG:32651:9files:50529374valid:36chunks|EPSG:32652:8files:43044951valid:27chunks,HLS-VI.S30.T51TYN.2018304T023831.v2.0.NDVI.tif|HLS-VI.S30.T51UXR.2018304T023831.v2.0.NDVI.tif|HLS-VI.S30.T51UXS.2018304T023831.v2.0.NDVI.tif|HLS-VI.S30.T51UXT.2018304T023831.v2.0.NDVI.tif|HLS-VI.S30.T51UXU.2018304T023831.v2.0.NDVI.tif|HLS-VI.S30.T51UYQ.2018304T023831.v2.0.NDVI.tif|HLS-VI.S30.T51UYR.2018304T023831.v2.0.NDVI.tif|HLS-VI.S30.T51UYS.2018304T023831.v2.0.NDVI.tif|HLS-VI.S30.T51UYT.2018304T023831.v2.0.NDVI.tif|HLS-VI.S30.T52TCT.2018304T023831.v2.0.NDVI.tif|HLS-VI.S30.T52UCA.2018304T023831.v2.0.NDVI.tif|HLS-VI.S30.T52UCB.2018304T023831.v2.0.NDVI.tif|HLS-VI.S30.T52UCC.2018304T023831.v2.0.NDVI.tif|HLS-VI.S30.T52UCU.2018304T023831.v2.0.NDVI.tif|HLS-VI.S30.T52UCV.2018304T023831.v2.0.NDVI.tif|HLS-VI.S30.T52UDA.2018304T023831.v2.0.NDVI.tif|HLS-VI.S30.T52UDU.2018304T023831.v2.0.NDVI.tif
2018-11-01,13,"T52TEP,T52TEQ,T52TFP,T52TFR,T52TFS,T52TFT,T52TGQ,T52TGR,T52TGS,T52TGT,T53TLM,T53TLN,T53UMP",2,"EPSG:32652,EPSG:32653",53,45,0.3064831769911236,0.16330210490983596,84444604,151465732,0.5575162307999806,EPSG:32652:10files:57025127valid:40chunks|EPSG:32653:3files:27419477valid:13chunks,HLS-VI.S30.T52TEP.2018305T020821.v2.0.NDVI.tif|HLS-VI.S30.T52TEQ.2018305T020821.v2.0.NDVI.tif|HLS-VI.S30.T52TFP.2018305T020821.v2.0.NDVI.tif|HLS-VI.S30.T52TFR.2018305T020821.v2.0.NDVI.tif|HLS-VI.S30.T52TFS.2018305T020821.v2.0.NDVI.tif|HLS-VI.S30.T52TFT.2018305T020821.v2.0.NDVI.tif|HLS-VI.S30.T52TGQ.2018305T020821.v2.0.NDVI.tif|HLS-VI.S30.T52TGR.2018305T020821.v2.0.NDVI.tif|HLS-VI.S30.T52TGS.2018305T020821.v2.0.NDVI.tif|HLS-VI.S30.T52TGT.2018305T020821.v2.0.NDVI.tif|HLS-VI.S30.T53TLM.2018305T020821.v2.0.NDVI.tif|HLS-VI.S30.T53TLN.2018305T020821.v2.0.NDVI.tif|HLS-VI.S30.T53UMP.2018305T020821.v2.0.NDVI.tif
2018-11-02,6,"T51TYL,T51TYM,T52TCQ,T52TCS,T52TFT,T52UFU",2,"EPSG:32651,EPSG:32652",30,24,0.2920958464207681,0.12143563351662683,36400172,91183330,0.3991976603618227,EPSG:32651:2files:17286301valid:8chunks|EPSG:32652:4files:19113871valid:22chunks,HLS-VI.S30.T51TYL.2018306T022839.v2.0.NDVI.tif|HLS-VI.S30.T51TYM.2018306T022839.v2.0.NDVI.tif|HLS-VI.S30.T52TCQ.2018306T022839.v2.0.NDVI.tif|HLS-VI.S30.T52TCS.2018306T022839.v2.0.NDVI.tif|HLS-VI.S30.T52TFT.2018306T022839.v2.0.NDVI.tif|HLS-VI.S30.T52UFU.2018306T022839.v2.0.NDVI.tif
2018-11-04,3,"T51UWV,T52UFU,T52UGU",2,"EPSG:32651,EPSG:32652",7,6,0.36592275309560585,0.17385438633974035,5163503,9027205,0.571993546175145,EPSG:32651:1files:526175valid:2chunks|EPSG:32652:2files:4637328valid:5chunks,HLS-VI.S30.T51UWV.2018308T030909.v2.0.NDVI.tif|HLS-VI.S30.T52UFU.2018308T021841.v2.0.NDVI.tif|HLS-VI.S30.T52UGU.2018308T021841.v2.0.NDVI.tif
2018-11-05,12,"T51TWM,T51TWN,T51TXN,T51TYL,T51TYM,T51TYN,T51UWP,T51UXP,T52TCS,T52TCT,T52TDT,T52UDU",2,"EPSG:32651,EPSG:32652",53,43,0.2697481761276982,0.12113975450248764,86316297,156725206,0.5507492968297646,EPSG:32651:8files:64135472valid:34chunks|EPSG:32652:4files:22180825valid:19chunks,HLS-VI.S30.T51TWM.2018309T023859.v2.0.NDVI.tif|HLS-VI.S30.T51TWN.2018309T023859.v2.0.NDVI.tif|HLS-VI.S30.T51TXN.2018309T023859.v2.0.NDVI.tif|HLS-VI.S30.T51TYL.2018309T023859.v2.0.NDVI.tif|HLS-VI.S30.T51TYM.2018309T023859.v2.0.NDVI.tif|HLS-VI.S30.T51TYN.2018309T023859.v2.0.NDVI.tif|HLS-VI.S30.T51UWP.2018309T023859.v2.0.NDVI.tif|HLS-VI.S30.T51UXP.2018309T023859.v2.0.NDVI.tif|HLS-VI.S30.T52TCS.2018309T023859.v2.0.NDVI.tif|HLS-VI.S30.T52TCT.2018309T023859.v2.0.NDVI.tif|HLS-VI.S30.T52TDT.2018309T023859.v2.0.NDVI.tif|HLS-VI.S30.T52UDU.2018309T023859.v2.0.NDVI.tif
2018-11-06,10,"T51TVN,T51UXT,T52TFP,T52TFQ,T52TFR,T52TGQ,T52TGR,T53TLL,T53TLM,T53TMM",3,"EPSG:32651,EPSG:32652,EPSG:32653",30,27,0.29345744488673364,0.18997521942391388,57127296,78466316,0.7280486572098019,EPSG:32651:2files:3105443valid:8chunks|EPSG:32652:5files:33357518valid:14chunks|EPSG:32653:3files:20664335valid:8chunks,HLS-VI.S30.T51TVN.2018310T025911.v2.0.NDVI.tif|HLS-VI.S30.T51UXT.2018310T025911.v2.0.NDVI.tif|HLS-VI.S30.T52TFP.2018310T020849.v2.0.NDVI.tif|HLS-VI.S30.T52TFQ.2018310T020849.v2.0.NDVI.tif|HLS-VI.S30.T52TFR.2018310T020849.v2.0.NDVI.tif|HLS-VI.S30.T52TGQ.2018310T020849.v2.0.NDVI.tif|HLS-VI.S30.T52TGR.2018310T020849.v2.0.NDVI.tif|HLS-VI.S30.T53TLL.2018310T020849.v2.0.NDVI.tif|HLS-VI.S30.T53TLM.2018310T020849.v2.0.NDVI.tif|HLS-VI.S30.T53TMM.2018310T020849.v2.0.NDVI.tif
2018-11-07,13,"T51TYM,T51TYN,T51UYP,T52TCS,T52TCT,T52TDR,T52TDS,T52TDT,T52TES,T52TET,T52UCU,T52UDU,T52UDV",2,"EPSG:32651,EPSG:32652",53,49,0.3626553191618768,0.1410379591987184,124941531,182673039,0.6839626235155588,EPSG:32651:3files:19714873valid:12chunks|EPSG:32652:10files:105226658valid:41chunks,HLS-VI.S30.T51TYM.2018311T022901.v2.0.NDVI.tif|HLS-VI.S30.T51TYN.2018311T022901.v2.0.NDVI.tif|HLS-VI.S30.T51UYP.2018311T022901.v2.0.NDVI.tif|HLS-VI.S30.T52TCS.2018311T022901.v2.0.NDVI.tif|HLS-VI.S30.T52TCT.2018311T022901.v2.0.NDVI.tif|HLS-VI.S30.T52TDR.2018311T022901.v2.0.NDVI.tif|HLS-VI.S30.T52TDS.2018311T022901.v2.0.NDVI.tif|HLS-VI.S30.T52TDT.2018311T022901.v2.0.NDVI.tif|HLS-VI.S30.T52TES.2018311T022901.v2.0.NDVI.tif|HLS-VI.S30.T52TET.2018311T022901.v2.0.NDVI.tif|HLS-VI.S30.T52UCU.2018311T022901.v2.0.NDVI.tif|HLS-VI.S30.T52UDU.2018311T022901.v2.0.NDVI.tif|HLS-VI.S30.T52UDV.2018311T022901.v2.0.NDVI.tif
2018-11-08,3,"T51UWP,T51UYT,T52UCC",2,"EPSG:32651,EPSG:32652",11,11,0.2180668564055282,0.1586070625993322,12967854,20902324,0.6204024968706829,EPSG:32651:2files:9921352valid:9chunks|EPSG:32652:1files:3046502valid:2chunks,HLS-VI.S30.T51UWP.2018312T024919.v2.0.NDVI.tif|HLS-VI.S30.T51UYT.2018312T024919.v2.0.NDVI.tif|HLS-VI.S30.T52UCC.2018312T024919.v2.0.NDVI.tif
2018-11-11,1,T52TFT,1,EPSG:32652,4,3,-0.014840244806512269,0.05902911155798122,4154286,12486985,0.33268927607424853,EPSG:32652:1files:4154286valid:4chunks,HLS-VI.S30.T52TFT.2018315T020911.v2.0.NDVI.tif
2018-11-13,7,"T51TVM,T51TVN,T51TWM,T51TWN,T51UWP,T51UXT,T52UCB",2,"EPSG:32651,EPSG:32652",25,24,0.234343152705117,0.14835369083952762,38096549,61163374,0.622865393266238,EPSG:32651:6files:33649334valid:21chunks|EPSG:32652:1files:4447215valid:4chunks,HLS-VI.S30.T51TVM.2018317T024941.v2.0.NDVI.tif|HLS-VI.S30.T51TVN.2018317T024941.v2.0.NDVI.tif|HLS-VI.S30.T51TWM.2018317T024941.v2.0.NDVI.tif|HLS-VI.S30.T51TWN.2018317T024941.v2.0.NDVI.tif|HLS-VI.S30.T51UWP.2018317T024941.v2.0.NDVI.tif|HLS-VI.S30.T51UXT.2018317T024941.v2.0.NDVI.tif|HLS-VI.S30.T52UCB.2018317T024941.v2.0.NDVI.tif
2018-11-14,5,"T52TES,T52TFT,T52TGT,T52UGU,T53ULP",2,"EPSG:32652,EPSG:32653",23,20,0.046582140849753914,0.15741415807735504,31566518,58961321,0.5353767090801782,EPSG:32652:4files:30786661valid:20chunks|EPSG:32653:1files:779857valid:3chunks,HLS-VI.S30.T52TES.2018318T021931.v2.0.NDVI.tif|HLS-VI.S30.T52TFT.2018318T021931.v2.0.NDVI.tif|HLS-VI.S30.T52TGT.2018318T021931.v2.0.NDVI.tif|HLS-VI.S30.T52UGU.2018318T021931.v2.0.NDVI.tif|HLS-VI.S30.T53ULP.2018318T021931.v2.0.NDVI.tif
2018-11-15,4,"T51UXT,T51UXU,T51UYS,T52UCB",2,"EPSG:32651,EPSG:32652",20,16,0.16773191050085376,0.1693883699289818,20262272,43857860,0.46199864744882674,EPSG:32651:3files:12945040valid:16chunks|EPSG:32652:1files:7317232valid:4chunks,HLS-VI.S30.T51UXT.2018319T023949.v2.0.NDVI.tif|HLS-VI.S30.T51UXU.2018319T023949.v2.0.NDVI.tif|HLS-VI.S30.T51UYS.2018319T023949.v2.0.NDVI.tif|HLS-VI.S30.T52UCB.2018319T023949.v2.0.NDVI.tif
2018-11-16,2,"T52TFT,T52TGT",1,EPSG:32652,8,7,0.009605510677211417,0.060704325481010554,15339729,23921589,0.6412504202793552,EPSG:32652:2files:15339729valid:8chunks,HLS-VI.S30.T52TFT.2018320T020939.v2.0.NDVI.tif|HLS-VI.S30.T52TGT.2018320T020939.v2.0.NDVI.tif
2018-11-17,10,"T51TYN,T51UYP,T51UYQ,T52TCT,T52TES,T52UCA,T52UCU,T52UCV,T52UDA,T52UDV",2,"EPSG:32651,EPSG:32652",41,35,0.10122929640822587,0.16596274345985135,60388926,130695508,0.4620581604074717,EPSG:32651:3files:14965772valid:12chunks|EPSG:32652:7files:45423154valid:29chunks,HLS-VI.S30.T51TYN.2018321T022951.v2.0.NDVI.tif|HLS-VI.S30.T51UYP.2018321T022951.v2.0.NDVI.tif|HLS-VI.S30.T51UYQ.2018321T022951.v2.0.NDVI.tif|HLS-VI.S30.T52TCT.2018321T022951.v2.0.NDVI.tif|HLS-VI.S30.T52TES.2018321T022951.v2.0.NDVI.tif|HLS-VI.S30.T52UCA.2018321T022951.v2.0.NDVI.tif|HLS-VI.S30.T52UCU.2018321T022951.v2.0.NDVI.tif|HLS-VI.S30.T52UCV.2018321T022951.v2.0.NDVI.tif|HLS-VI.S30.T52UDA.2018321T022951.v2.0.NDVI.tif|HLS-VI.S30.T52UDV.2018321T022951.v2.0.NDVI.tif
2018-11-18,2,"T53TLL,T53TLM",1,EPSG:32653,7,5,0.14389181888470753,0.1923236591221224,3807233,20804786,0.18299794095454766,EPSG:32653:2files:3807233valid:7chunks,HLS-VI.S30.T53TLL.2018322T015941.v2.0.NDVI.tif|HLS-VI.S30.T53TLM.2018322T015941.v2.0.NDVI.tif
2018-11-19,9,"T52TES,T52TET,T52TFS,T52TFT,T52TGT,T52UEV,T52UGU,T53TLN,T53ULP",2,"EPSG:32652,EPSG:32653",35,28,0.09060151443079177,0.1900168981899113,56858583,95604252,0.5947286005647531,EPSG:32652:7files:52616254valid:28chunks|EPSG:32653:2files:4242329valid:7chunks,HLS-VI.S30.T52TES.2018323T021959.v2.0.NDVI.tif|HLS-VI.S30.T52TET.2018323T021959.v2.0.NDVI.tif|HLS-VI.S30.T52TFS.2018323T021959.v2.0.NDVI.tif|HLS-VI.S30.T52TFT.2018323T021959.v2.0.NDVI.tif|HLS-VI.S30.T52TGT.2018323T021959.v2.0.NDVI.tif|HLS-VI.S30.T52UEV.2018323T021959.v2.0.NDVI.tif|HLS-VI.S30.T52UGU.2018323T021959.v2.0.NDVI.tif|HLS-VI.S30.T53TLN.2018323T021959.v2.0.NDVI.tif|HLS-VI.S30.T53ULP.2018323T021959.v2.0.NDVI.tif
2018-11-20,13,"T51TXN,T51TYN,T51UXR,T51UXS,T51UYP,T51UYQ,T51UYS,T52TCT,T52UCA,T52UCU,T52UCV,T52UDA,T52UDV",2,"EPSG:32651,EPSG:32652",49,46,0.11407497007804453,0.16216880996045355,105889432,145174772,0.7293927900916559,EPSG:32651:7files:59549747valid:29chunks|EPSG:32652:6files:46339685valid:20chunks,HLS-VI.S30.T51TXN.2018324T024001.v2.0.NDVI.tif|HLS-VI.S30.T51TYN.2018324T024001.v2.0.NDVI.tif|HLS-VI.S30.T51UXR.2018324T024001.v2.0.NDVI.tif|HLS-VI.S30.T51UXS.2018324T024001.v2.0.NDVI.tif|HLS-VI.S30.T51UYP.2018324T024001.v2.0.NDVI.tif|HLS-VI.S30.T51UYQ.2018324T024001.v2.0.NDVI.tif|HLS-VI.S30.T51UYS.2018324T024001.v2.0.NDVI.tif|HLS-VI.S30.T52TCT.2018324T024001.v2.0.NDVI.tif|HLS-VI.S30.T52UCA.2018324T024001.v2.0.NDVI.tif|HLS-VI.S30.T52UCU.2018324T024001.v2.0.NDVI.tif|HLS-VI.S30.T52UCV.2018324T024001.v2.0.NDVI.tif|HLS-VI.S30.T52UDA.2018324T024001.v2.0.NDVI.tif|HLS-VI.S30.T52UDV.2018324T024001.v2.0.NDVI.tif
2018-11-21,8,"T52TFR,T52TGR,T52TGS,T52TGT,T52UGU,T53TLL,T53TLM,T53ULP",2,"EPSG:32652,EPSG:32653",31,31,0.11181909325455378,0.156643300493093,58399281,88508668,0.6598142568364038,EPSG:32652:5files:38348965valid:21chunks|EPSG:32653:3files:20050316valid:10chunks,HLS-VI.S30.T52TFR.2018325T021001.v2.0.NDVI.tif|HLS-VI.S30.T52TGR.2018325T021001.v2.0.NDVI.tif|HLS-VI.S30.T52TGS.2018325T021001.v2.0.NDVI.tif|HLS-VI.S30.T52TGT.2018325T021001.v2.0.NDVI.tif|HLS-VI.S30.T52UGU.2018325T021001.v2.0.NDVI.tif|HLS-VI.S30.T53TLL.2018325T021001.v2.0.NDVI.tif|HLS-VI.S30.T53TLM.2018325T021001.v2.0.NDVI.tif|HLS-VI.S30.T53ULP.2018325T021001.v2.0.NDVI.tif
2018-11-22,4,"T51TYN,T52TCT,T52UCA,T52UDA",2,"EPSG:32651,EPSG:32652",16,15,0.08100048542605716,0.1334954120394571,22803707,50666920,0.4500709141191136,EPSG:32651:1files:7767725valid:4chunks|EPSG:32652:3files:15035982valid:12chunks,HLS-VI.S30.T51TYN.2018326T023009.v2.0.NDVI.tif|HLS-VI.S30.T52TCT.2018326T023009.v2.0.NDVI.tif|HLS-VI.S30.T52UCA.2018326T023009.v2.0.NDVI.tif|HLS-VI.S30.T52UDA.2018326T023009.v2.0.NDVI.tif
2018-11-23,5,"T51UYR,T51UYS,T52UCB,T53TLL,T53TLM",3,"EPSG:32651,EPSG:32652,EPSG:32653",19,14,0.17243431692970926,0.1857989810194252,19502424,52303823,0.37286804064016504,EPSG:32651:2files:10689650valid:8chunks|EPSG:32652:1files:4962911valid:4chunks|EPSG:32653:2files:3849863valid:7chunks,HLS-VI.S30.T51UYR.2018327T025021.v2.0.NDVI.tif|HLS-VI.S30.T51UYS.2018327T025021.v2.0.NDVI.tif|HLS-VI.S30.T52UCB.2018327T025021.v2.0.NDVI.tif|HLS-VI.S30.T53TLL.2018327T020009.v2.0.NDVI.tif|HLS-VI.S30.T53TLM.2018327T020009.v2.0.NDVI.tif
2018-11-24,3,"T52TET,T52TFT,T53TLN",2,"EPSG:32652,EPSG:32653",12,10,0.09944268179752244,0.2038928668082055,23806205,37871172,0.6286101998638964,EPSG:32652:2files:20067219valid:8chunks|EPSG:32653:1files:3738986valid:4chunks,HLS-VI.S30.T52TET.2018328T022011.v2.0.NDVI.tif|HLS-VI.S30.T52TFT.2018328T022011.v2.0.NDVI.tif|HLS-VI.S30.T53TLN.2018328T022011.v2.0.NDVI.tif
2018-11-25,10,"T51TXN,T51UXP,T51UYP,T51UYQ,T51UYS,T52UCA,T52UCB,T52UCU,T52UCV,T52UDV",2,"EPSG:32651,EPSG:32652",45,43,0.14215983913672148,0.17447504110047793,92981228,135333631,0.6870518976912694,EPSG:32651:5files:52392999valid:25chunks|EPSG:32652:5files:40588229valid:20chunks,HLS-VI.S30.T51TXN.2018329T024029.v2.0.NDVI.tif|HLS-VI.S30.T51UXP.2018329T024029.v2.0.NDVI.tif|HLS-VI.S30.T51UYP.2018329T024029.v2.0.NDVI.tif|HLS-VI.S30.T51UYQ.2018329T024029.v2.0.NDVI.tif|HLS-VI.S30.T51UYS.2018329T024029.v2.0.NDVI.tif|HLS-VI.S30.T52UCA.2018329T024029.v2.0.NDVI.tif|HLS-VI.S30.T52UCB.2018329T024029.v2.0.NDVI.tif|HLS-VI.S30.T52UCU.2018329T024029.v2.0.NDVI.tif|HLS-VI.S30.T52UCV.2018329T024029.v2.0.NDVI.tif|HLS-VI.S30.T52UDV.2018329T024029.v2.0.NDVI.tif
2018-11-28,2,"T51TVN,T51TWN",1,EPSG:32651,6,6,0.2312428500975311,0.09716618263707766,14650526,14907354,0.9827717246132345,EPSG:32651:2files:14650526valid:6chunks,HLS-VI.S30.T51TVN.2018332T025039.v2.0.NDVI.tif|HLS-VI.S30.T51TWN.2018332T025039.v2.0.NDVI.tif
2018-11-29,1,T52TFS,1,EPSG:32652,4,4,0.11785695661414886,0.180715786814782,10311030,13395600,0.7697325987637732,EPSG:32652:1files:10311030valid:4chunks,HLS-VI.S30.T52TFS.2018333T022029.v2.0.NDVI.tif
2018-12-03,4,"T51TXN,T51UXR,T51UYQ,T51UYR",1,EPSG:32651,18,13,0.21898299626443024,0.14970369933186498,17979266,61191487,0.29381972691724256,EPSG:32651:4files:17979266valid:18chunks,HLS-VI.S30.T51TXN.2018337T025051.v2.0.NDVI.tif|HLS-VI.S30.T51UXR.2018337T025051.v2.0.NDVI.tif|HLS-VI.S30.T51UYQ.2018337T025051.v2.0.NDVI.tif|HLS-VI.S30.T51UYR.2018337T025051.v2.0.NDVI.tif
2018-12-04,1,T52UFU,1,EPSG:32652,3,3,0.19777891331305816,0.20706168732567581,2505111,3583821,0.6990056143987102,EPSG:32652:1files:2505111valid:3chunks,HLS-VI.S30.T52UFU.2018338T022041.v2.0.NDVI.tif
2018-12-05,1,T51TWN,1,EPSG:32651,4,4,0.21766857050027028,0.12267337914560718,6618858,13098242,0.5053241496072527,EPSG:32651:1files:6618858valid:4chunks,HLS-VI.S30.T51TWN.2018339T024059.v2.0.NDVI.tif
2018-12-06,5,"T52TFS,T52TFT,T52TGT,T52UGU,T53TLL",2,"EPSG:32652,EPSG:32653",20,18,0.1831449085875863,0.14730020036617694,26103565,52127646,0.500762397749555,EPSG:32652:4files:18624978valid:16chunks|EPSG:32653:1files:7478587valid:4chunks,HLS-VI.S30.T52TFS.2018340T021049.v2.0.NDVI.tif|HLS-VI.S30.T52TFT.2018340T021049.v2.0.NDVI.tif|HLS-VI.S30.T52TGT.2018340T021049.v2.0.NDVI.tif|HLS-VI.S30.T52UGU.2018340T021049.v2.0.NDVI.tif|HLS-VI.S30.T53TLL.2018340T021049.v2.0.NDVI.tif
2018-12-10,3,"T51TWN,T51TYN,T51UWP",1,EPSG:32651,17,15,0.26196468713227816,0.10307596338713634,20473960,40955162,0.49991158623667514,EPSG:32651:3files:20473960valid:17chunks,HLS-VI.S30.T51TWN.2018344T024101.v2.0.NDVI.tif|HLS-VI.S30.T51TYN.2018344T024101.v2.0.NDVI.tif|HLS-VI.S30.T51UWP.2018344T024101.v2.0.NDVI.tif
2018-12-11,4,"T52TFT,T52TGT,T52UGU,T53ULP",2,"EPSG:32652,EPSG:32653",15,13,0.1316198189277442,0.1516097081231954,18053866,29734569,0.6071675698410157,EPSG:32652:3files:15012641valid:12chunks|EPSG:32653:1files:3041225valid:3chunks,HLS-VI.S30.T52TFT.2018345T021051.v2.0.NDVI.tif|HLS-VI.S30.T52TGT.2018345T021051.v2.0.NDVI.tif|HLS-VI.S30.T52UGU.2018345T021051.v2.0.NDVI.tif|HLS-VI.S30.T53ULP.2018345T021051.v2.0.NDVI.tif
2018-12-12,1,T52UDA,1,EPSG:32652,2,2,0.033319231346370895,0.1310251047283367,546750,643213,0.8500294614692178,EPSG:32652:1files:546750valid:2chunks,HLS-VI.S30.T52UDA.2018346T023109.v2.0.NDVI.tif
2018-12-13,7,"T51UXR,T51UYQ,T51UYR,T51UYS,T51UYT,T52UCB,T52UCC",2,"EPSG:32651,EPSG:32652",26,17,0.18147544774307187,0.19735780679219408,25146784,65189687,0.38574788677847155,EPSG:32651:5files:18008752valid:20chunks|EPSG:32652:2files:7138032valid:6chunks,HLS-VI.S30.T51UXR.2018347T025111.v2.0.NDVI.tif|HLS-VI.S30.T51UYQ.2018347T025111.v2.0.NDVI.tif|HLS-VI.S30.T51UYR.2018347T025111.v2.0.NDVI.tif|HLS-VI.S30.T51UYS.2018347T025111.v2.0.NDVI.tif|HLS-VI.S30.T51UYT.2018347T025111.v2.0.NDVI.tif|HLS-VI.S30.T52UCB.2018347T025111.v2.0.NDVI.tif|HLS-VI.S30.T52UCC.2018347T025111.v2.0.NDVI.tif
2018-12-14,6,"T52TFT,T52TGT,T52UEV,T52UFU,T52UGU,T53ULP",2,"EPSG:32652,EPSG:32653",26,22,0.10187721078743144,0.1754807202298998,24103438,47993297,0.502225091974823,EPSG:32652:5files:23325032valid:23chunks|EPSG:32653:1files:778406valid:3chunks,HLS-VI.S30.T52TFT.2018348T022101.v2.0.NDVI.tif|HLS-VI.S30.T52TGT.2018348T022101.v2.0.NDVI.tif|HLS-VI.S30.T52UEV.2018348T022101.v2.0.NDVI.tif|HLS-VI.S30.T52UFU.2018348T022101.v2.0.NDVI.tif|HLS-VI.S30.T52UGU.2018348T022101.v2.0.NDVI.tif|HLS-VI.S30.T53ULP.2018348T022101.v2.0.NDVI.tif
2018-12-16,4,"T52TFT,T52TGT,T52UGU,T53ULP",2,"EPSG:32652,EPSG:32653",15,13,0.1551949549391989,0.14988752458841556,17087346,29734569,0.5746626426634938,EPSG:32652:3files:14017995valid:12chunks|EPSG:32653:1files:3069351valid:3chunks,HLS-VI.S30.T52TFT.2018350T021059.v2.0.NDVI.tif|HLS-VI.S30.T52TGT.2018350T021059.v2.0.NDVI.tif|HLS-VI.S30.T52UGU.2018350T021059.v2.0.NDVI.tif|HLS-VI.S30.T53ULP.2018350T021059.v2.0.NDVI.tif
2018-12-17,1,T52TFT,1,EPSG:32652,4,1,0.16590143384097975,0.1845320929410444,257924,12486985,0.020655426429998916,EPSG:32652:1files:257924valid:4chunks,HLS-VI.S30.T52TFT.2018351T023111.v2.0.NDVI.tif
2018-12-19,2,"T52TFT,T52UEV",1,EPSG:32652,13,13,0.056473242127120786,0.1726949113228189,13424216,27540199,0.4874407770256126,EPSG:32652:2files:13424216valid:13chunks,HLS-VI.S30.T52TFT.2018353T022109.v2.0.NDVI.tif|HLS-VI.S30.T52UEV.2018353T022109.v2.0.NDVI.tif
2018-12-21,2,"T52TFT,T52TGT",1,EPSG:32652,8,7,0.1672903539153178,0.1447770708904915,13074030,23921589,0.546536854219843,EPSG:32652:2files:13074030valid:8chunks,HLS-VI.S30.T52TFT.2018355T021101.v2.0.NDVI.tif|HLS-VI.S30.T52TGT.2018355T021101.v2.0.NDVI.tif
2018-12-24,2,"T52TGT,T52UGU",1,EPSG:32652,6,6,0.13380051236387452,0.15212770183201407,9238640,13446397,0.6870717858471679,EPSG:32652:2files:9238640valid:6chunks,HLS-VI.S30.T52TGT.2018358T022111.v2.0.NDVI.tif|HLS-VI.S30.T52UGU.2018358T022111.v2.0.NDVI.tif
2018-12-25,2,"T51TYL,T52TCR",2,"EPSG:32651,EPSG:32652",8,7,0.029914984280933202,0.07792287303688901,13311044,21520345,0.6185330207299186,EPSG:32651:1files:9066776valid:4chunks|EPSG:32652:1files:4244268valid:4chunks,HLS-VI.S30.T51TYL.2018359T024119.v2.0.NDVI.tif|HLS-VI.S30.T52TCR.2018359T024119.v2.0.NDVI.tif
2018-12-28,2,"T51TVN,T51TXN",1,EPSG:32651,8,6,0.24688936977716716,0.08843160555824617,11018759,19614398,0.5617689107766651,EPSG:32651:2files:11018759valid:8chunks,HLS-VI.S30.T51TVN.2018362T025119.v2.0.NDVI.tif|HLS-VI.S30.T51TXN.2018362T025119.v2.0.NDVI.tif
2018-12-30,3,"T51TXN,T51TYL,T52TCR",2,"EPSG:32651,EPSG:32652",14,13,0.15498468486216066,0.13307015103321568,26068464,43511863,0.5991116491610575,EPSG:32651:2files:21823123valid:10chunks|EPSG:32652:1files:4245341valid:4chunks,HLS-VI.S30.T51TXN.2018364T024111.v2.0.NDVI.tif|HLS-VI.S30.T51TYL.2018364T024111.v2.0.NDVI.tif|HLS-VI.S30.T52TCR.2018364T024111.v2.0.NDVI.tif
