path,filename,sensor,tile,date,julian_date,hms
/home/ec2-user/ndvi_sqs_work/heilongjiang/raw/HLS-VI.S30.T52TDR.2018001T023111.v2.0.NDVI.tif,HLS-VI.S30.T52TDR.2018001T023111.v2.0.NDVI.tif,S30,T52TDR,2018-01-01,2018001,023111
/home/ec2-user/ndvi_sqs_work/heilongjiang/raw/HLS-VI.S30.T52TFT.2018003T022059.v2.0.NDVI.tif,HLS-VI.S30.T52TFT.2018003T022059.v2.0.NDVI.tif,S30,T52TFT,2018-01-03,2018003,022059
/home/ec2-user/ndvi_sqs_work/heilongjiang/raw/HLS-VI.S30.T52TGR.2018003T022059.v2.0.NDVI.tif,HLS-VI.S30.T52TGR.2018003T022059.v2.0.NDVI.tif,S30,T52TGR,2018-01-03,2018003,022059
/home/ec2-user/ndvi_sqs_work/heilongjiang/raw/HLS-VI.S30.T52TGS.2018003T022059.v2.0.NDVI.tif,HLS-VI.S30.T52TGS.2018003T022059.v2.0.NDVI.tif,S30,T52TGS,2018-01-03,2018003,022059
/home/ec2-user/ndvi_sqs_work/heilongjiang/raw/HLS-VI.S30.T52TGT.2018003T022059.v2.0.NDVI.tif,HLS-VI.S30.T52TGT.2018003T022059.v2.0.NDVI.tif,S30,T52TGT,2018-01-03,2018003,022059
/home/ec2-user/ndvi_sqs_work/heilongjiang/raw/HLS-VI.S30.T51TYL.2018006T023059.v2.0.NDVI.tif,HLS-VI.S30.T51TYL.2018006T023059.v2.0.NDVI.tif,S30,T51TYL,2018-01-06,2018006,023059
/home/ec2-user/ndvi_sqs_work/heilongjiang/raw/HLS-VI.S30.T51TYM.2018006T023059.v2.0.NDVI.tif,HLS-VI.S30.T51TYM.2018006T023059.v2.0.NDVI.tif,S30,T51TYM,2018-01-06,2018006,023059
/home/ec2-user/ndvi_sqs_work/heilongjiang/raw/HLS-VI.S30.T51TYN.2018006T023059.v2.0.NDVI.tif,HLS-VI.S30.T51TYN.2018006T023059.v2.0.NDVI.tif,S30,T51TYN,2018-01-06,2018006,023059
/home/ec2-user/ndvi_sqs_work/heilongjiang/raw/HLS-VI.S30.T51UYP.2018006T023059.v2.0.NDVI.tif,HLS-VI.S30.T51UYP.2018006T023059.v2.0.NDVI.tif,S30,T51UYP,2018-01-06,2018006,023059
/home/ec2-user/ndvi_sqs_work/heilongjiang/raw/HLS-VI.S30.T51UYQ.2018006T023059.v2.0.NDVI.tif,HLS-VI.S30.T51UYQ.2018006T023059.v2.0.NDVI.tif,S30,T51UYQ,2018-01-06,2018006,023059
/home/ec2-user/ndvi_sqs_work/heilongjiang/raw/HLS-VI.S30.T52TCQ.2018006T023059.v2.0.NDVI.tif,HLS-VI.S30.T52TCQ.2018006T023059.v2.0.NDVI.tif,S30,T52TCQ,2018-01-06,2018006,023059
/home/ec2-user/ndvi_sqs_work/heilongjiang/raw/HLS-VI.S30.T52TCR.2018006T023059.v2.0.NDVI.tif,HLS-VI.S30.T52TCR.2018006T023059.v2.0.NDVI.tif,S30,T52TCR,2018-01-06,2018006,023059
/home/ec2-user/ndvi_sqs_work/heilongjiang/raw/HLS-VI.S30.T52TCS.2018006T023059.v2.0.NDVI.tif,HLS-VI.S30.T52TCS.2018006T023059.v2.0.NDVI.tif,S30,T52TCS,2018-01-06,2018006,023059
/home/ec2-user/ndvi_sqs_work/heilongjiang/raw/HLS-VI.S30.T52TCT.2018006T023059.v2.0.NDVI.tif,HLS-VI.S30.T52TCT.2018006T023059.v2.0.NDVI.tif,S30,T52TCT,2018-01-06,2018006,023059
/home/ec2-user/ndvi_sqs_work/heilongjiang/raw/HLS-VI.S30.T52UCA.2018006T023059.v2.0.NDVI.tif,HLS-VI.S30.T52UCA.2018006T023059.v2.0.NDVI.tif,S30,T52UCA,2018-01-06,2018006,023059
/home/ec2-user/ndvi_sqs_work/heilongjiang/raw/HLS-VI.S30.T52UCU.2018006T023059.v2.0.NDVI.tif,HLS-VI.S30.T52UCU.2018006T023059.v2.0.NDVI.tif,S30,T52UCU,2018-01-06,2018006,023059
/home/ec2-user/ndvi_sqs_work/heilongjiang/raw/HLS-VI.S30.T52UCV.2018006T023059.v2.0.NDVI.tif,HLS-VI.S30.T52UCV.2018006T023059.v2.0.NDVI.tif,S30,T52UCV,2018-01-06,2018006,023059
/home/ec2-user/ndvi_sqs_work/heilongjiang/raw/HLS-VI.S30.T52UDA.2018006T023059.v2.0.NDVI.tif,HLS-VI.S30.T52UDA.2018006T023059.v2.0.NDVI.tif,S30,T52UDA,2018-01-06,2018006,023059
/home/ec2-user/ndvi_sqs_work/heilongjiang/raw/HLS-VI.S30.T51UXR.2018007T025101.v2.0.NDVI.tif,HLS-VI.S30.T51UXR.2018007T025101.v2.0.NDVI.tif,S30,T51UXR,2018-01-07,2018007,025101
/home/ec2-user/ndvi_sqs_work/heilongjiang/raw/HLS-VI.S30.T51UYP.2018007T025101.v2.0.NDVI.tif,HLS-VI.S30.T51UYP.2018007T025101.v2.0.NDVI.tif,S30,T51UYP,2018-01-07,2018007,025101
/home/ec2-user/ndvi_sqs_work/heilongjiang/raw/HLS-VI.S30.T51UYR.2018007T025101.v2.0.NDVI.tif,HLS-VI.S30.T51UYR.2018007T025101.v2.0.NDVI.tif,S30,T51UYR,2018-01-07,2018007,025101
/home/ec2-user/ndvi_sqs_work/heilongjiang/raw/HLS-VI.S30.T52UCA.2018007T025101.v2.0.NDVI.tif,HLS-VI.S30.T52UCA.2018007T025101.v2.0.NDVI.tif,S30,T52UCA,2018-01-07,2018007,025101
/home/ec2-user/ndvi_sqs_work/heilongjiang/raw/HLS-VI.S30.T53TLK.2018007T020039.v2.0.NDVI.tif,HLS-VI.S30.T53TLK.2018007T020039.v2.0.NDVI.tif,S30,T53TLK,2018-01-07,2018007,020039
/home/ec2-user/ndvi_sqs_work/heilongjiang/raw/HLS-VI.S30.T53TLL.2018007T020039.v2.0.NDVI.tif,HLS-VI.S30.T53TLL.2018007T020039.v2.0.NDVI.tif,S30,T53TLL,2018-01-07,2018007,020039
/home/ec2-user/ndvi_sqs_work/heilongjiang/raw/HLS-VI.S30.T53UMP.2018007T020039.v2.0.NDVI.tif,HLS-VI.S30.T53UMP.2018007T020039.v2.0.NDVI.tif,S30,T53UMP,2018-01-07,2018007,020039
/home/ec2-user/ndvi_sqs_work/heilongjiang/raw/HLS-VI.S30.T51TWN.2018012T025049.v2.0.NDVI.tif,HLS-VI.S30.T51TWN.2018012T025049.v2.0.NDVI.tif,S30,T51TWN,2018-01-12,2018012,025049
/home/ec2-user/ndvi_sqs_work/heilongjiang/raw/HLS-VI.S30.T51UWP.2018012T025049.v2.0.NDVI.tif,HLS-VI.S30.T51UWP.2018012T025049.v2.0.NDVI.tif,S30,T51UWP,2018-01-12,2018012,025049
/home/ec2-user/ndvi_sqs_work/heilongjiang/raw/HLS-VI.S30.T51UXS.2018012T025049.v2.0.NDVI.tif,HLS-VI.S30.T51UXS.2018012T025049.v2.0.NDVI.tif,S30,T51UXS,2018-01-12,2018012,025049
/home/ec2-user/ndvi_sqs_work/heilongjiang/raw/HLS-VI.S30.T52TFT.2018013T022039.v2.0.NDVI.tif,HLS-VI.S30.T52TFT.2018013T022039.v2.0.NDVI.tif,S30,T52TFT,2018-01-13,2018013,022039
/home/ec2-user/ndvi_sqs_work/heilongjiang/raw/HLS-VI.S30.T52TGT.2018013T022039.v2.0.NDVI.tif,HLS-VI.S30.T52TGT.2018013T022039.v2.0.NDVI.tif,S30,T52TGT,2018-01-13,2018013,022039
/home/ec2-user/ndvi_sqs_work/heilongjiang/raw/HLS-VI.S30.T52UEV.2018013T022039.v2.0.NDVI.tif,HLS-VI.S30.T52UEV.2018013T022039.v2.0.NDVI.tif,S30,T52UEV,2018-01-13,2018013,022039
/home/ec2-user/ndvi_sqs_work/heilongjiang/raw/HLS-VI.S30.T52UFU.2018013T022039.v2.0.NDVI.tif,HLS-VI.S30.T52UFU.2018013T022039.v2.0.NDVI.tif,S30,T52UFU,2018-01-13,2018013,022039
/home/ec2-user/ndvi_sqs_work/heilongjiang/raw/HLS-VI.S30.T52UGU.2018013T022039.v2.0.NDVI.tif,HLS-VI.S30.T52UGU.2018013T022039.v2.0.NDVI.tif,S30,T52UGU,2018-01-13,2018013,022039
/home/ec2-user/ndvi_sqs_work/heilongjiang/raw/HLS-VI.S30.T53ULP.2018013T022039.v2.0.NDVI.tif,HLS-VI.S30.T53ULP.2018013T022039.v2.0.NDVI.tif,S30,T53ULP,2018-01-13,2018013,022039
/home/ec2-user/ndvi_sqs_work/heilongjiang/raw/HLS-VI.S30.T51UXU.2018014T024041.v2.0.NDVI.tif,HLS-VI.S30.T51UXU.2018014T024041.v2.0.NDVI.tif,S30,T51UXU,2018-01-14,2018014,024041
/home/ec2-user/ndvi_sqs_work/heilongjiang/raw/HLS-VI.S30.T51UYU.2018014T024041.v2.0.NDVI.tif,HLS-VI.S30.T51UYU.2018014T024041.v2.0.NDVI.tif,S30,T51UYU,2018-01-14,2018014,024041
/home/ec2-user/ndvi_sqs_work/heilongjiang/raw/HLS-VI.S30.T52UCA.2018016T023029.v2.0.NDVI.tif,HLS-VI.S30.T52UCA.2018016T023029.v2.0.NDVI.tif,S30,T52UCA,2018-01-16,2018016,023029
/home/ec2-user/ndvi_sqs_work/heilongjiang/raw/HLS-VI.S30.T52UDA.2018016T023029.v2.0.NDVI.tif,HLS-VI.S30.T52UDA.2018016T023029.v2.0.NDVI.tif,S30,T52UDA,2018-01-16,2018016,023029
/home/ec2-user/ndvi_sqs_work/heilongjiang/raw/HLS-VI.S30.T51TWL.2018019T024019.v2.0.NDVI.tif,HLS-VI.S30.T51TWL.2018019T024019.v2.0.NDVI.tif,S30,T51TWL,2018-01-19,2018019,024019
/home/ec2-user/ndvi_sqs_work/heilongjiang/raw/HLS-VI.S30.T51TWM.2018019T024019.v2.0.NDVI.tif,HLS-VI.S30.T51TWM.2018019T024019.v2.0.NDVI.tif,S30,T51TWM,2018-01-19,2018019,024019
/home/ec2-user/ndvi_sqs_work/heilongjiang/raw/HLS-VI.S30.T51TXL.2018019T024019.v2.0.NDVI.tif,HLS-VI.S30.T51TXL.2018019T024019.v2.0.NDVI.tif,S30,T51TXL,2018-01-19,2018019,024019
/home/ec2-user/ndvi_sqs_work/heilongjiang/raw/HLS-VI.S30.T51TYL.2018019T024019.v2.0.NDVI.tif,HLS-VI.S30.T51TYL.2018019T024019.v2.0.NDVI.tif,S30,T51TYL,2018-01-19,2018019,024019
/home/ec2-user/ndvi_sqs_work/heilongjiang/raw/HLS-VI.S30.T51TXL.2018021T023011.v2.0.NDVI.tif,HLS-VI.S30.T51TXL.2018021T023011.v2.0.NDVI.tif,S30,T51TXL,2018-01-21,2018021,023011
/home/ec2-user/ndvi_sqs_work/heilongjiang/raw/HLS-VI.S30.T51TYN.2018021T023011.v2.0.NDVI.tif,HLS-VI.S30.T51TYN.2018021T023011.v2.0.NDVI.tif,S30,T51TYN,2018-01-21,2018021,023011
/home/ec2-user/ndvi_sqs_work/heilongjiang/raw/HLS-VI.S30.T52TCT.2018021T023011.v2.0.NDVI.tif,HLS-VI.S30.T52TCT.2018021T023011.v2.0.NDVI.tif,S30,T52TCT,2018-01-21,2018021,023011
/home/ec2-user/ndvi_sqs_work/heilongjiang/raw/HLS-VI.S30.T51TYM.2018026T022949.v2.0.NDVI.tif,HLS-VI.S30.T51TYM.2018026T022949.v2.0.NDVI.tif,S30,T51TYM,2018-01-26,2018026,022949
/home/ec2-user/ndvi_sqs_work/heilongjiang/raw/HLS-VI.S30.T51TYN.2018026T022949.v2.0.NDVI.tif,HLS-VI.S30.T51TYN.2018026T022949.v2.0.NDVI.tif,S30,T51TYN,2018-01-26,2018026,022949
/home/ec2-user/ndvi_sqs_work/heilongjiang/raw/HLS-VI.S30.T51UYP.2018026T022949.v2.0.NDVI.tif,HLS-VI.S30.T51UYP.2018026T022949.v2.0.NDVI.tif,S30,T51UYP,2018-01-26,2018026,022949
/home/ec2-user/ndvi_sqs_work/heilongjiang/raw/HLS-VI.S30.T52TCT.2018026T022949.v2.0.NDVI.tif,HLS-VI.S30.T52TCT.2018026T022949.v2.0.NDVI.tif,S30,T52TCT,2018-01-26,2018026,022949
/home/ec2-user/ndvi_sqs_work/heilongjiang/raw/HLS-VI.S30.T52UCU.2018026T022949.v2.0.NDVI.tif,HLS-VI.S30.T52UCU.2018026T022949.v2.0.NDVI.tif,S30,T52UCU,2018-01-26,2018026,022949
/home/ec2-user/ndvi_sqs_work/heilongjiang/raw/HLS-VI.S30.T52UDA.2018026T022949.v2.0.NDVI.tif,HLS-VI.S30.T52UDA.2018026T022949.v2.0.NDVI.tif,S30,T52UDA,2018-01-26,2018026,022949
/home/ec2-user/ndvi_sqs_work/heilongjiang/raw/HLS-VI.S30.T51TXN.2018027T024951.v2.0.NDVI.tif,HLS-VI.S30.T51TXN.2018027T024951.v2.0.NDVI.tif,S30,T51TXN,2018-01-27,2018027,024951
/home/ec2-user/ndvi_sqs_work/heilongjiang/raw/HLS-VI.S30.T51UXP.2018027T024951.v2.0.NDVI.tif,HLS-VI.S30.T51UXP.2018027T024951.v2.0.NDVI.tif,S30,T51UXP,2018-01-27,2018027,024951
/home/ec2-user/ndvi_sqs_work/heilongjiang/raw/HLS-VI.S30.T51UXQ.2018027T024951.v2.0.NDVI.tif,HLS-VI.S30.T51UXQ.2018027T024951.v2.0.NDVI.tif,S30,T51UXQ,2018-01-27,2018027,024951
/home/ec2-user/ndvi_sqs_work/heilongjiang/raw/HLS-VI.S30.T51TWL.2018029T023939.v2.0.NDVI.tif,HLS-VI.S30.T51TWL.2018029T023939.v2.0.NDVI.tif,S30,T51TWL,2018-01-29,2018029,023939
/home/ec2-user/ndvi_sqs_work/heilongjiang/raw/HLS-VI.S30.T51TWN.2018029T023939.v2.0.NDVI.tif,HLS-VI.S30.T51TWN.2018029T023939.v2.0.NDVI.tif,S30,T51TWN,2018-01-29,2018029,023939
/home/ec2-user/ndvi_sqs_work/heilongjiang/raw/HLS-VI.S30.T51TXL.2018029T023939.v2.0.NDVI.tif,HLS-VI.S30.T51TXL.2018029T023939.v2.0.NDVI.tif,S30,T51TXL,2018-01-29,2018029,023939
/home/ec2-user/ndvi_sqs_work/heilongjiang/raw/HLS-VI.S30.T51TXN.2018029T023939.v2.0.NDVI.tif,HLS-VI.S30.T51TXN.2018029T023939.v2.0.NDVI.tif,S30,T51TXN,2018-01-29,2018029,023939
/home/ec2-user/ndvi_sqs_work/heilongjiang/raw/HLS-VI.S30.T51TYM.2018029T023939.v2.0.NDVI.tif,HLS-VI.S30.T51TYM.2018029T023939.v2.0.NDVI.tif,S30,T51TYM,2018-01-29,2018029,023939
/home/ec2-user/ndvi_sqs_work/heilongjiang/raw/HLS-VI.S30.T51TYN.2018029T023939.v2.0.NDVI.tif,HLS-VI.S30.T51TYN.2018029T023939.v2.0.NDVI.tif,S30,T51TYN,2018-01-29,2018029,023939
/home/ec2-user/ndvi_sqs_work/heilongjiang/raw/HLS-VI.S30.T51UWP.2018029T023939.v2.0.NDVI.tif,HLS-VI.S30.T51UWP.2018029T023939.v2.0.NDVI.tif,S30,T51UWP,2018-01-29,2018029,023939
/home/ec2-user/ndvi_sqs_work/heilongjiang/raw/HLS-VI.S30.T51UXP.2018029T023939.v2.0.NDVI.tif,HLS-VI.S30.T51UXP.2018029T023939.v2.0.NDVI.tif,S30,T51UXP,2018-01-29,2018029,023939
/home/ec2-user/ndvi_sqs_work/heilongjiang/raw/HLS-VI.S30.T51UXQ.2018029T023939.v2.0.NDVI.tif,HLS-VI.S30.T51UXQ.2018029T023939.v2.0.NDVI.tif,S30,T51UXQ,2018-01-29,2018029,023939
/home/ec2-user/ndvi_sqs_work/heilongjiang/raw/HLS-VI.S30.T51UYP.2018029T023939.v2.0.NDVI.tif,HLS-VI.S30.T51UYP.2018029T023939.v2.0.NDVI.tif,S30,T51UYP,2018-01-29,2018029,023939
/home/ec2-user/ndvi_sqs_work/heilongjiang/raw/HLS-VI.S30.T52TCT.2018029T023939.v2.0.NDVI.tif,HLS-VI.S30.T52TCT.2018029T023939.v2.0.NDVI.tif,S30,T52TCT,2018-01-29,2018029,023939
/home/ec2-user/ndvi_sqs_work/heilongjiang/raw/HLS-VI.S30.T52UDA.2018029T023939.v2.0.NDVI.tif,HLS-VI.S30.T52UDA.2018029T023939.v2.0.NDVI.tif,S30,T52UDA,2018-01-29,2018029,023939
/home/ec2-user/ndvi_sqs_work/heilongjiang/raw/HLS-VI.S30.T52TFS.2018030T020919.v2.0.NDVI.tif,HLS-VI.S30.T52TFS.2018030T020919.v2.0.NDVI.tif,S30,T52TFS,2018-01-30,2018030,020919
/home/ec2-user/ndvi_sqs_work/heilongjiang/raw/HLS-VI.S30.T52TFT.2018030T020919.v2.0.NDVI.tif,HLS-VI.S30.T52TFT.2018030T020919.v2.0.NDVI.tif,S30,T52TFT,2018-01-30,2018030,020919
/home/ec2-user/ndvi_sqs_work/heilongjiang/raw/HLS-VI.S30.T52TGT.2018030T020919.v2.0.NDVI.tif,HLS-VI.S30.T52TGT.2018030T020919.v2.0.NDVI.tif,S30,T52TGT,2018-01-30,2018030,020919
/home/ec2-user/ndvi_sqs_work/heilongjiang/raw/HLS-VI.S30.T52UGU.2018030T020919.v2.0.NDVI.tif,HLS-VI.S30.T52UGU.2018030T020919.v2.0.NDVI.tif,S30,T52UGU,2018-01-30,2018030,020919
/home/ec2-user/ndvi_sqs_work/heilongjiang/raw/HLS-VI.S30.T53TLM.2018030T020919.v2.0.NDVI.tif,HLS-VI.S30.T53TLM.2018030T020919.v2.0.NDVI.tif,S30,T53TLM,2018-01-30,2018030,020919
/home/ec2-user/ndvi_sqs_work/heilongjiang/raw/HLS-VI.S30.T53TLN.2018030T020919.v2.0.NDVI.tif,HLS-VI.S30.T53TLN.2018030T020919.v2.0.NDVI.tif,S30,T53TLN,2018-01-30,2018030,020919
/home/ec2-user/ndvi_sqs_work/heilongjiang/raw/HLS-VI.S30.T53ULP.2018030T020919.v2.0.NDVI.tif,HLS-VI.S30.T53ULP.2018030T020919.v2.0.NDVI.tif,S30,T53ULP,2018-01-30,2018030,020919
/home/ec2-user/ndvi_sqs_work/heilongjiang/raw/HLS-VI.S30.T51TWL.2018032T024929.v2.0.NDVI.tif,HLS-VI.S30.T51TWL.2018032T024929.v2.0.NDVI.tif,S30,T51TWL,2018-02-01,2018032,024929
/home/ec2-user/ndvi_sqs_work/heilongjiang/raw/HLS-VI.S30.T51UXR.2018032T024929.v2.0.NDVI.tif,HLS-VI.S30.T51UXR.2018032T024929.v2.0.NDVI.tif,S30,T51UXR,2018-02-01,2018032,024929
/home/ec2-user/ndvi_sqs_work/heilongjiang/raw/HLS-VI.S30.T51UYS.2018032T024929.v2.0.NDVI.tif,HLS-VI.S30.T51UYS.2018032T024929.v2.0.NDVI.tif,S30,T51UYS,2018-02-01,2018032,024929
/home/ec2-user/ndvi_sqs_work/heilongjiang/raw/HLS-VI.S30.T52UCB.2018032T024929.v2.0.NDVI.tif,HLS-VI.S30.T52UCB.2018032T024929.v2.0.NDVI.tif,S30,T52UCB,2018-02-01,2018032,024929
/home/ec2-user/ndvi_sqs_work/heilongjiang/raw/HLS-VI.S30.T52UGU.2018033T021909.v2.0.NDVI.tif,HLS-VI.S30.T52UGU.2018033T021909.v2.0.NDVI.tif,S30,T52UGU,2018-02-02,2018033,021909
/home/ec2-user/ndvi_sqs_work/heilongjiang/raw/HLS-VI.S30.T53ULP.2018033T021909.v2.0.NDVI.tif,HLS-VI.S30.T53ULP.2018033T021909.v2.0.NDVI.tif,S30,T53ULP,2018-02-02,2018033,021909
/home/ec2-user/ndvi_sqs_work/heilongjiang/raw/HLS-VI.S30.T51TYN.2018034T023911.v2.0.NDVI.tif,HLS-VI.S30.T51TYN.2018034T023911.v2.0.NDVI.tif,S30,T51TYN,2018-02-03,2018034,023911
/home/ec2-user/ndvi_sqs_work/heilongjiang/raw/HLS-VI.S30.T51UXP.2018034T023911.v2.0.NDVI.tif,HLS-VI.S30.T51UXP.2018034T023911.v2.0.NDVI.tif,S30,T51UXP,2018-02-03,2018034,023911
/home/ec2-user/ndvi_sqs_work/heilongjiang/raw/HLS-VI.S30.T51UXQ.2018034T023911.v2.0.NDVI.tif,HLS-VI.S30.T51UXQ.2018034T023911.v2.0.NDVI.tif,S30,T51UXQ,2018-02-03,2018034,023911
/home/ec2-user/ndvi_sqs_work/heilongjiang/raw/HLS-VI.S30.T51UXR.2018034T023911.v2.0.NDVI.tif,HLS-VI.S30.T51UXR.2018034T023911.v2.0.NDVI.tif,S30,T51UXR,2018-02-03,2018034,023911
/home/ec2-user/ndvi_sqs_work/heilongjiang/raw/HLS-VI.S30.T51UXS.2018034T023911.v2.0.NDVI.tif,HLS-VI.S30.T51UXS.2018034T023911.v2.0.NDVI.tif,S30,T51UXS,2018-02-03,2018034,023911
/home/ec2-user/ndvi_sqs_work/heilongjiang/raw/HLS-VI.S30.T51UXU.2018034T023911.v2.0.NDVI.tif,HLS-VI.S30.T51UXU.2018034T023911.v2.0.NDVI.tif,S30,T51UXU,2018-02-03,2018034,023911
/home/ec2-user/ndvi_sqs_work/heilongjiang/raw/HLS-VI.S30.T51UYP.2018034T023911.v2.0.NDVI.tif,HLS-VI.S30.T51UYP.2018034T023911.v2.0.NDVI.tif,S30,T51UYP,2018-02-03,2018034,023911
/home/ec2-user/ndvi_sqs_work/heilongjiang/raw/HLS-VI.S30.T51UYS.2018034T023911.v2.0.NDVI.tif,HLS-VI.S30.T51UYS.2018034T023911.v2.0.NDVI.tif,S30,T51UYS,2018-02-03,2018034,023911
/home/ec2-user/ndvi_sqs_work/heilongjiang/raw/HLS-VI.S30.T51UYT.2018034T023911.v2.0.NDVI.tif,HLS-VI.S30.T51UYT.2018034T023911.v2.0.NDVI.tif,S30,T51UYT,2018-02-03,2018034,023911
/home/ec2-user/ndvi_sqs_work/heilongjiang/raw/HLS-VI.S30.T52TCT.2018034T023911.v2.0.NDVI.tif,HLS-VI.S30.T52TCT.2018034T023911.v2.0.NDVI.tif,S30,T52TCT,2018-02-03,2018034,023911
/home/ec2-user/ndvi_sqs_work/heilongjiang/raw/HLS-VI.S30.T52UCA.2018034T023911.v2.0.NDVI.tif,HLS-VI.S30.T52UCA.2018034T023911.v2.0.NDVI.tif,S30,T52UCA,2018-02-03,2018034,023911
/home/ec2-user/ndvi_sqs_work/heilongjiang/raw/HLS-VI.S30.T52UCB.2018034T023911.v2.0.NDVI.tif,HLS-VI.S30.T52UCB.2018034T023911.v2.0.NDVI.tif,S30,T52UCB,2018-02-03,2018034,023911
/home/ec2-user/ndvi_sqs_work/heilongjiang/raw/HLS-VI.S30.T52UCC.2018034T023911.v2.0.NDVI.tif,HLS-VI.S30.T52UCC.2018034T023911.v2.0.NDVI.tif,S30,T52UCC,2018-02-03,2018034,023911
/home/ec2-user/ndvi_sqs_work/heilongjiang/raw/HLS-VI.S30.T52UCU.2018034T023911.v2.0.NDVI.tif,HLS-VI.S30.T52UCU.2018034T023911.v2.0.NDVI.tif,S30,T52UCU,2018-02-03,2018034,023911
/home/ec2-user/ndvi_sqs_work/heilongjiang/raw/HLS-VI.S30.T52UDA.2018034T023911.v2.0.NDVI.tif,HLS-VI.S30.T52UDA.2018034T023911.v2.0.NDVI.tif,S30,T52UDA,2018-02-03,2018034,023911
/home/ec2-user/ndvi_sqs_work/heilongjiang/raw/HLS-VI.S30.T51UYP.2018036T022859.v2.0.NDVI.tif,HLS-VI.S30.T51UYP.2018036T022859.v2.0.NDVI.tif,S30,T51UYP,2018-02-05,2018036,022859
/home/ec2-user/ndvi_sqs_work/heilongjiang/raw/HLS-VI.S30.T52UCA.2018036T022859.v2.0.NDVI.tif,HLS-VI.S30.T52UCA.2018036T022859.v2.0.NDVI.tif,S30,T52UCA,2018-02-05,2018036,022859
/home/ec2-user/ndvi_sqs_work/heilongjiang/raw/HLS-VI.S30.T52TFS.2018038T021841.v2.0.NDVI.tif,HLS-VI.S30.T52TFS.2018038T021841.v2.0.NDVI.tif,S30,T52TFS,2018-02-07,2018038,021841
/home/ec2-user/ndvi_sqs_work/heilongjiang/raw/HLS-VI.S30.T52TFT.2018038T021841.v2.0.NDVI.tif,HLS-VI.S30.T52TFT.2018038T021841.v2.0.NDVI.tif,S30,T52TFT,2018-02-07,2018038,021841
/home/ec2-user/ndvi_sqs_work/heilongjiang/raw/HLS-VI.S30.T52TGS.2018038T021841.v2.0.NDVI.tif,HLS-VI.S30.T52TGS.2018038T021841.v2.0.NDVI.tif,S30,T52TGS,2018-02-07,2018038,021841
/home/ec2-user/ndvi_sqs_work/heilongjiang/raw/HLS-VI.S30.T52TGT.2018038T021841.v2.0.NDVI.tif,HLS-VI.S30.T52TGT.2018038T021841.v2.0.NDVI.tif,S30,T52TGT,2018-02-07,2018038,021841
/home/ec2-user/ndvi_sqs_work/heilongjiang/raw/HLS-VI.S30.T52UEV.2018038T021841.v2.0.NDVI.tif,HLS-VI.S30.T52UEV.2018038T021841.v2.0.NDVI.tif,S30,T52UEV,2018-02-07,2018038,021841
/home/ec2-user/ndvi_sqs_work/heilongjiang/raw/HLS-VI.S30.T52UGU.2018038T021841.v2.0.NDVI.tif,HLS-VI.S30.T52UGU.2018038T021841.v2.0.NDVI.tif,S30,T52UGU,2018-02-07,2018038,021841
/home/ec2-user/ndvi_sqs_work/heilongjiang/raw/HLS-VI.S30.T53TLN.2018038T021841.v2.0.NDVI.tif,HLS-VI.S30.T53TLN.2018038T021841.v2.0.NDVI.tif,S30,T53TLN,2018-02-07,2018038,021841
/home/ec2-user/ndvi_sqs_work/heilongjiang/raw/HLS-VI.S30.T53ULP.2018038T021841.v2.0.NDVI.tif,HLS-VI.S30.T53ULP.2018038T021841.v2.0.NDVI.tif,S30,T53ULP,2018-02-07,2018038,021841
/home/ec2-user/ndvi_sqs_work/heilongjiang/raw/HLS-VI.S30.T51UXQ.2018039T023839.v2.0.NDVI.tif,HLS-VI.S30.T51UXQ.2018039T023839.v2.0.NDVI.tif,S30,T51UXQ,2018-02-08,2018039,023839
/home/ec2-user/ndvi_sqs_work/heilongjiang/raw/HLS-VI.S30.T51UXR.2018039T023839.v2.0.NDVI.tif,HLS-VI.S30.T51UXR.2018039T023839.v2.0.NDVI.tif,S30,T51UXR,2018-02-08,2018039,023839
/home/ec2-user/ndvi_sqs_work/heilongjiang/raw/HLS-VI.S30.T51UYS.2018039T023839.v2.0.NDVI.tif,HLS-VI.S30.T51UYS.2018039T023839.v2.0.NDVI.tif,S30,T51UYS,2018-02-08,2018039,023839
/home/ec2-user/ndvi_sqs_work/heilongjiang/raw/HLS-VI.S30.T51UYU.2018039T023839.v2.0.NDVI.tif,HLS-VI.S30.T51UYU.2018039T023839.v2.0.NDVI.tif,S30,T51UYU,2018-02-08,2018039,023839
/home/ec2-user/ndvi_sqs_work/heilongjiang/raw/HLS-VI.S30.T52UCB.2018039T023839.v2.0.NDVI.tif,HLS-VI.S30.T52UCB.2018039T023839.v2.0.NDVI.tif,S30,T52UCB,2018-02-08,2018039,023839
/home/ec2-user/ndvi_sqs_work/heilongjiang/raw/HLS-VI.S30.T52UCD.2018039T023839.v2.0.NDVI.tif,HLS-VI.S30.T52UCD.2018039T023839.v2.0.NDVI.tif,S30,T52UCD,2018-02-08,2018039,023839
/home/ec2-user/ndvi_sqs_work/heilongjiang/raw/HLS-VI.S30.T52TGQ.2018040T020829.v2.0.NDVI.tif,HLS-VI.S30.T52TGQ.2018040T020829.v2.0.NDVI.tif,S30,T52TGQ,2018-02-09,2018040,020829
/home/ec2-user/ndvi_sqs_work/heilongjiang/raw/HLS-VI.S30.T53TLK.2018040T020829.v2.0.NDVI.tif,HLS-VI.S30.T53TLK.2018040T020829.v2.0.NDVI.tif,S30,T53TLK,2018-02-09,2018040,020829
/home/ec2-user/ndvi_sqs_work/heilongjiang/raw/HLS-VI.S30.T53TLM.2018040T020829.v2.0.NDVI.tif,HLS-VI.S30.T53TLM.2018040T020829.v2.0.NDVI.tif,S30,T53TLM,2018-02-09,2018040,020829
/home/ec2-user/ndvi_sqs_work/heilongjiang/raw/HLS-VI.S30.T51UUV.2018045T025819.v2.0.NDVI.tif,HLS-VI.S30.T51UUV.2018045T025819.v2.0.NDVI.tif,S30,T51UUV,2018-02-14,2018045,025819
/home/ec2-user/ndvi_sqs_work/heilongjiang/raw/HLS-VI.S30.T52TGR.2018045T020801.v2.0.NDVI.tif,HLS-VI.S30.T52TGR.2018045T020801.v2.0.NDVI.tif,S30,T52TGR,2018-02-14,2018045,020801
/home/ec2-user/ndvi_sqs_work/heilongjiang/raw/HLS-VI.S30.T52UGU.2018045T020801.v2.0.NDVI.tif,HLS-VI.S30.T52UGU.2018045T020801.v2.0.NDVI.tif,S30,T52UGU,2018-02-14,2018045,020801
/home/ec2-user/ndvi_sqs_work/heilongjiang/raw/HLS-VI.S30.T53TLL.2018045T020801.v2.0.NDVI.tif,HLS-VI.S30.T53TLL.2018045T020801.v2.0.NDVI.tif,S30,T53TLL,2018-02-14,2018045,020801
/home/ec2-user/ndvi_sqs_work/heilongjiang/raw/HLS-VI.S30.T53TLN.2018045T020801.v2.0.NDVI.tif,HLS-VI.S30.T53TLN.2018045T020801.v2.0.NDVI.tif,S30,T53TLN,2018-02-14,2018045,020801
/home/ec2-user/ndvi_sqs_work/heilongjiang/raw/HLS-VI.S30.T53ULP.2018045T020801.v2.0.NDVI.tif,HLS-VI.S30.T53ULP.2018045T020801.v2.0.NDVI.tif,S30,T53ULP,2018-02-14,2018045,020801
/home/ec2-user/ndvi_sqs_work/heilongjiang/raw/HLS-VI.S30.T51TYL.2018046T022759.v2.0.NDVI.tif,HLS-VI.S30.T51TYL.2018046T022759.v2.0.NDVI.tif,S30,T51TYL,2018-02-15,2018046,022759
/home/ec2-user/ndvi_sqs_work/heilongjiang/raw/HLS-VI.S30.T51TYN.2018046T022759.v2.0.NDVI.tif,HLS-VI.S30.T51TYN.2018046T022759.v2.0.NDVI.tif,S30,T51TYN,2018-02-15,2018046,022759
/home/ec2-user/ndvi_sqs_work/heilongjiang/raw/HLS-VI.S30.T51UYP.2018046T022759.v2.0.NDVI.tif,HLS-VI.S30.T51UYP.2018046T022759.v2.0.NDVI.tif,S30,T51UYP,2018-02-15,2018046,022759
/home/ec2-user/ndvi_sqs_work/heilongjiang/raw/HLS-VI.S30.T52TCT.2018046T022759.v2.0.NDVI.tif,HLS-VI.S30.T52TCT.2018046T022759.v2.0.NDVI.tif,S30,T52TCT,2018-02-15,2018046,022759
/home/ec2-user/ndvi_sqs_work/heilongjiang/raw/HLS-VI.S30.T52UCA.2018046T022759.v2.0.NDVI.tif,HLS-VI.S30.T52UCA.2018046T022759.v2.0.NDVI.tif,S30,T52UCA,2018-02-15,2018046,022759
/home/ec2-user/ndvi_sqs_work/heilongjiang/raw/HLS-VI.S30.T52UCU.2018046T022759.v2.0.NDVI.tif,HLS-VI.S30.T52UCU.2018046T022759.v2.0.NDVI.tif,S30,T52UCU,2018-02-15,2018046,022759
/home/ec2-user/ndvi_sqs_work/heilongjiang/raw/HLS-VI.S30.T52UDA.2018046T022759.v2.0.NDVI.tif,HLS-VI.S30.T52UDA.2018046T022759.v2.0.NDVI.tif,S30,T52UDA,2018-02-15,2018046,022759
/home/ec2-user/ndvi_sqs_work/heilongjiang/raw/HLS-VI.S30.T52UDV.2018046T022759.v2.0.NDVI.tif,HLS-VI.S30.T52UDV.2018046T022759.v2.0.NDVI.tif,S30,T52UDV,2018-02-15,2018046,022759
/home/ec2-user/ndvi_sqs_work/heilongjiang/raw/HLS-VI.S30.T51UXQ.2018047T024801.v2.0.NDVI.tif,HLS-VI.S30.T51UXQ.2018047T024801.v2.0.NDVI.tif,S30,T51UXQ,2018-02-16,2018047,024801
/home/ec2-user/ndvi_sqs_work/heilongjiang/raw/HLS-VI.S30.T51UXS.2018047T024801.v2.0.NDVI.tif,HLS-VI.S30.T51UXS.2018047T024801.v2.0.NDVI.tif,S30,T51UXS,2018-02-16,2018047,024801
/home/ec2-user/ndvi_sqs_work/heilongjiang/raw/HLS-VI.S30.T51UXU.2018047T024801.v2.0.NDVI.tif,HLS-VI.S30.T51UXU.2018047T024801.v2.0.NDVI.tif,S30,T51UXU,2018-02-16,2018047,024801
/home/ec2-user/ndvi_sqs_work/heilongjiang/raw/HLS-VI.S30.T51UYU.2018047T024801.v2.0.NDVI.tif,HLS-VI.S30.T51UYU.2018047T024801.v2.0.NDVI.tif,S30,T51UYU,2018-02-16,2018047,024801
/home/ec2-user/ndvi_sqs_work/heilongjiang/raw/HLS-VI.S30.T52UCD.2018047T024801.v2.0.NDVI.tif,HLS-VI.S30.T52UCD.2018047T024801.v2.0.NDVI.tif,S30,T52UCD,2018-02-16,2018047,024801
/home/ec2-user/ndvi_sqs_work/heilongjiang/raw/HLS-VI.S30.T53TMM.2018047T015739.v2.0.NDVI.tif,HLS-VI.S30.T53TMM.2018047T015739.v2.0.NDVI.tif,S30,T53TMM,2018-02-16,2018047,015739
/home/ec2-user/ndvi_sqs_work/heilongjiang/raw/HLS-VI.S30.T53TMN.2018047T015739.v2.0.NDVI.tif,HLS-VI.S30.T53TMN.2018047T015739.v2.0.NDVI.tif,S30,T53TMN,2018-02-16,2018047,015739
/home/ec2-user/ndvi_sqs_work/heilongjiang/raw/HLS-VI.S30.T53UMP.2018047T015739.v2.0.NDVI.tif,HLS-VI.S30.T53UMP.2018047T015739.v2.0.NDVI.tif,S30,T53UMP,2018-02-16,2018047,015739
/home/ec2-user/ndvi_sqs_work/heilongjiang/raw/HLS-VI.S30.T52TFT.2018048T021741.v2.0.NDVI.tif,HLS-VI.S30.T52TFT.2018048T021741.v2.0.NDVI.tif,S30,T52TFT,2018-02-17,2018048,021741
/home/ec2-user/ndvi_sqs_work/heilongjiang/raw/HLS-VI.S30.T52TGT.2018048T021741.v2.0.NDVI.tif,HLS-VI.S30.T52TGT.2018048T021741.v2.0.NDVI.tif,S30,T52TGT,2018-02-17,2018048,021741
/home/ec2-user/ndvi_sqs_work/heilongjiang/raw/HLS-VI.S30.T52UEV.2018048T021741.v2.0.NDVI.tif,HLS-VI.S30.T52UEV.2018048T021741.v2.0.NDVI.tif,S30,T52UEV,2018-02-17,2018048,021741
/home/ec2-user/ndvi_sqs_work/heilongjiang/raw/HLS-VI.S30.T51TYN.2018049T023739.v2.0.NDVI.tif,HLS-VI.S30.T51TYN.2018049T023739.v2.0.NDVI.tif,S30,T51TYN,2018-02-18,2018049,023739
/home/ec2-user/ndvi_sqs_work/heilongjiang/raw/HLS-VI.S30.T51UWP.2018049T023739.v2.0.NDVI.tif,HLS-VI.S30.T51UWP.2018049T023739.v2.0.NDVI.tif,S30,T51UWP,2018-02-18,2018049,023739
/home/ec2-user/ndvi_sqs_work/heilongjiang/raw/HLS-VI.S30.T51UXP.2018049T023739.v2.0.NDVI.tif,HLS-VI.S30.T51UXP.2018049T023739.v2.0.NDVI.tif,S30,T51UXP,2018-02-18,2018049,023739
/home/ec2-user/ndvi_sqs_work/heilongjiang/raw/HLS-VI.S30.T51UYP.2018049T023739.v2.0.NDVI.tif,HLS-VI.S30.T51UYP.2018049T023739.v2.0.NDVI.tif,S30,T51UYP,2018-02-18,2018049,023739
/home/ec2-user/ndvi_sqs_work/heilongjiang/raw/HLS-VI.S30.T51UYQ.2018049T023739.v2.0.NDVI.tif,HLS-VI.S30.T51UYQ.2018049T023739.v2.0.NDVI.tif,S30,T51UYQ,2018-02-18,2018049,023739
/home/ec2-user/ndvi_sqs_work/heilongjiang/raw/HLS-VI.S30.T51UYR.2018049T023739.v2.0.NDVI.tif,HLS-VI.S30.T51UYR.2018049T023739.v2.0.NDVI.tif,S30,T51UYR,2018-02-18,2018049,023739
/home/ec2-user/ndvi_sqs_work/heilongjiang/raw/HLS-VI.S30.T52TCT.2018049T023739.v2.0.NDVI.tif,HLS-VI.S30.T52TCT.2018049T023739.v2.0.NDVI.tif,S30,T52TCT,2018-02-18,2018049,023739
/home/ec2-user/ndvi_sqs_work/heilongjiang/raw/HLS-VI.S30.T52UCA.2018049T023739.v2.0.NDVI.tif,HLS-VI.S30.T52UCA.2018049T023739.v2.0.NDVI.tif,S30,T52UCA,2018-02-18,2018049,023739
/home/ec2-user/ndvi_sqs_work/heilongjiang/raw/HLS-VI.S30.T52UCB.2018049T023739.v2.0.NDVI.tif,HLS-VI.S30.T52UCB.2018049T023739.v2.0.NDVI.tif,S30,T52UCB,2018-02-18,2018049,023739
/home/ec2-user/ndvi_sqs_work/heilongjiang/raw/HLS-VI.S30.T52UCU.2018049T023739.v2.0.NDVI.tif,HLS-VI.S30.T52UCU.2018049T023739.v2.0.NDVI.tif,S30,T52UCU,2018-02-18,2018049,023739
/home/ec2-user/ndvi_sqs_work/heilongjiang/raw/HLS-VI.S30.T52UCV.2018049T023739.v2.0.NDVI.tif,HLS-VI.S30.T52UCV.2018049T023739.v2.0.NDVI.tif,S30,T52UCV,2018-02-18,2018049,023739
/home/ec2-user/ndvi_sqs_work/heilongjiang/raw/HLS-VI.S30.T52UDA.2018049T023739.v2.0.NDVI.tif,HLS-VI.S30.T52UDA.2018049T023739.v2.0.NDVI.tif,S30,T52UDA,2018-02-18,2018049,023739
/home/ec2-user/ndvi_sqs_work/heilongjiang/raw/HLS-VI.S30.T52UDV.2018049T023739.v2.0.NDVI.tif,HLS-VI.S30.T52UDV.2018049T023739.v2.0.NDVI.tif,S30,T52UDV,2018-02-18,2018049,023739
/home/ec2-user/ndvi_sqs_work/heilongjiang/raw/HLS-VI.S30.T52TFT.2018050T020719.v2.0.NDVI.tif,HLS-VI.S30.T52TFT.2018050T020719.v2.0.NDVI.tif,S30,T52TFT,2018-02-19,2018050,020719
/home/ec2-user/ndvi_sqs_work/heilongjiang/raw/HLS-VI.S30.T52TGT.2018050T020719.v2.0.NDVI.tif,HLS-VI.S30.T52TGT.2018050T020719.v2.0.NDVI.tif,S30,T52TGT,2018-02-19,2018050,020719
/home/ec2-user/ndvi_sqs_work/heilongjiang/raw/HLS-VI.S30.T52UGU.2018050T020719.v2.0.NDVI.tif,HLS-VI.S30.T52UGU.2018050T020719.v2.0.NDVI.tif,S30,T52UGU,2018-02-19,2018050,020719
/home/ec2-user/ndvi_sqs_work/heilongjiang/raw/HLS-VI.S30.T53TLM.2018050T020719.v2.0.NDVI.tif,HLS-VI.S30.T53TLM.2018050T020719.v2.0.NDVI.tif,S30,T53TLM,2018-02-19,2018050,020719
/home/ec2-user/ndvi_sqs_work/heilongjiang/raw/HLS-VI.S30.T53TLN.2018050T020719.v2.0.NDVI.tif,HLS-VI.S30.T53TLN.2018050T020719.v2.0.NDVI.tif,S30,T53TLN,2018-02-19,2018050,020719
/home/ec2-user/ndvi_sqs_work/heilongjiang/raw/HLS-VI.S30.T53TMN.2018050T020719.v2.0.NDVI.tif,HLS-VI.S30.T53TMN.2018050T020719.v2.0.NDVI.tif,S30,T53TMN,2018-02-19,2018050,020719
/home/ec2-user/ndvi_sqs_work/heilongjiang/raw/HLS-VI.S30.T53ULP.2018050T020719.v2.0.NDVI.tif,HLS-VI.S30.T53ULP.2018050T020719.v2.0.NDVI.tif,S30,T53ULP,2018-02-19,2018050,020719
/home/ec2-user/ndvi_sqs_work/heilongjiang/raw/HLS-VI.S30.T53UMP.2018050T020719.v2.0.NDVI.tif,HLS-VI.S30.T53UMP.2018050T020719.v2.0.NDVI.tif,S30,T53UMP,2018-02-19,2018050,020719
/home/ec2-user/ndvi_sqs_work/heilongjiang/raw/HLS-VI.S30.T51TYN.2018051T022731.v2.0.NDVI.tif,HLS-VI.S30.T51TYN.2018051T022731.v2.0.NDVI.tif,S30,T51TYN,2018-02-20,2018051,022731
/home/ec2-user/ndvi_sqs_work/heilongjiang/raw/HLS-VI.S30.T51UYP.2018051T022731.v2.0.NDVI.tif,HLS-VI.S30.T51UYP.2018051T022731.v2.0.NDVI.tif,S30,T51UYP,2018-02-20,2018051,022731
/home/ec2-user/ndvi_sqs_work/heilongjiang/raw/HLS-VI.S30.T51UYQ.2018051T022731.v2.0.NDVI.tif,HLS-VI.S30.T51UYQ.2018051T022731.v2.0.NDVI.tif,S30,T51UYQ,2018-02-20,2018051,022731
/home/ec2-user/ndvi_sqs_work/heilongjiang/raw/HLS-VI.S30.T52TCT.2018051T022731.v2.0.NDVI.tif,HLS-VI.S30.T52TCT.2018051T022731.v2.0.NDVI.tif,S30,T52TCT,2018-02-20,2018051,022731
/home/ec2-user/ndvi_sqs_work/heilongjiang/raw/HLS-VI.S30.T52UCA.2018051T022731.v2.0.NDVI.tif,HLS-VI.S30.T52UCA.2018051T022731.v2.0.NDVI.tif,S30,T52UCA,2018-02-20,2018051,022731
/home/ec2-user/ndvi_sqs_work/heilongjiang/raw/HLS-VI.S30.T52UCU.2018051T022731.v2.0.NDVI.tif,HLS-VI.S30.T52UCU.2018051T022731.v2.0.NDVI.tif,S30,T52UCU,2018-02-20,2018051,022731
/home/ec2-user/ndvi_sqs_work/heilongjiang/raw/HLS-VI.S30.T52UDA.2018051T022731.v2.0.NDVI.tif,HLS-VI.S30.T52UDA.2018051T022731.v2.0.NDVI.tif,S30,T52UDA,2018-02-20,2018051,022731
/home/ec2-user/ndvi_sqs_work/heilongjiang/raw/HLS-VI.S30.T53TLL.2018052T015711.v2.0.NDVI.tif,HLS-VI.S30.T53TLL.2018052T015711.v2.0.NDVI.tif,S30,T53TLL,2018-02-21,2018052,015711
/home/ec2-user/ndvi_sqs_work/heilongjiang/raw/HLS-VI.S30.T53TLM.2018052T015711.v2.0.NDVI.tif,HLS-VI.S30.T53TLM.2018052T015711.v2.0.NDVI.tif,S30,T53TLM,2018-02-21,2018052,015711
/home/ec2-user/ndvi_sqs_work/heilongjiang/raw/HLS-VI.S30.T53TMM.2018052T015711.v2.0.NDVI.tif,HLS-VI.S30.T53TMM.2018052T015711.v2.0.NDVI.tif,S30,T53TMM,2018-02-21,2018052,015711
/home/ec2-user/ndvi_sqs_work/heilongjiang/raw/HLS-VI.S30.T53TMN.2018052T015711.v2.0.NDVI.tif,HLS-VI.S30.T53TMN.2018052T015711.v2.0.NDVI.tif,S30,T53TMN,2018-02-21,2018052,015711
/home/ec2-user/ndvi_sqs_work/heilongjiang/raw/HLS-VI.S30.T53UMP.2018052T015711.v2.0.NDVI.tif,HLS-VI.S30.T53UMP.2018052T015711.v2.0.NDVI.tif,S30,T53UMP,2018-02-21,2018052,015711
/home/ec2-user/ndvi_sqs_work/heilongjiang/raw/HLS-VI.S30.T51UXQ.2018054T023711.v2.0.NDVI.tif,HLS-VI.S30.T51UXQ.2018054T023711.v2.0.NDVI.tif,S30,T51UXQ,2018-02-23,2018054,023711
/home/ec2-user/ndvi_sqs_work/heilongjiang/raw/HLS-VI.S30.T51UXR.2018054T023711.v2.0.NDVI.tif,HLS-VI.S30.T51UXR.2018054T023711.v2.0.NDVI.tif,S30,T51UXR,2018-02-23,2018054,023711
/home/ec2-user/ndvi_sqs_work/heilongjiang/raw/HLS-VI.S30.T51UXS.2018054T023711.v2.0.NDVI.tif,HLS-VI.S30.T51UXS.2018054T023711.v2.0.NDVI.tif,S30,T51UXS,2018-02-23,2018054,023711
/home/ec2-user/ndvi_sqs_work/heilongjiang/raw/HLS-VI.S30.T51UYS.2018054T023711.v2.0.NDVI.tif,HLS-VI.S30.T51UYS.2018054T023711.v2.0.NDVI.tif,S30,T51UYS,2018-02-23,2018054,023711
/home/ec2-user/ndvi_sqs_work/heilongjiang/raw/HLS-VI.S30.T51UYT.2018054T023711.v2.0.NDVI.tif,HLS-VI.S30.T51UYT.2018054T023711.v2.0.NDVI.tif,S30,T51UYT,2018-02-23,2018054,023711
/home/ec2-user/ndvi_sqs_work/heilongjiang/raw/HLS-VI.S30.T52UCB.2018054T023711.v2.0.NDVI.tif,HLS-VI.S30.T52UCB.2018054T023711.v2.0.NDVI.tif,S30,T52UCB,2018-02-23,2018054,023711
/home/ec2-user/ndvi_sqs_work/heilongjiang/raw/HLS-VI.S30.T52UCC.2018054T023711.v2.0.NDVI.tif,HLS-VI.S30.T52UCC.2018054T023711.v2.0.NDVI.tif,S30,T52UCC,2018-02-23,2018054,023711
/home/ec2-user/ndvi_sqs_work/heilongjiang/raw/HLS-VI.S30.T51UWV.2018055T025709.v2.0.NDVI.tif,HLS-VI.S30.T51UWV.2018055T025709.v2.0.NDVI.tif,S30,T51UWV,2018-02-24,2018055,025709
/home/ec2-user/ndvi_sqs_work/heilongjiang/raw/HLS-VI.S30.T51UXU.2018055T025709.v2.0.NDVI.tif,HLS-VI.S30.T51UXU.2018055T025709.v2.0.NDVI.tif,S30,T51UXU,2018-02-24,2018055,025709
/home/ec2-user/ndvi_sqs_work/heilongjiang/raw/HLS-VI.S30.T51UXV.2018055T025709.v2.0.NDVI.tif,HLS-VI.S30.T51UXV.2018055T025709.v2.0.NDVI.tif,S30,T51UXV,2018-02-24,2018055,025709
/home/ec2-user/ndvi_sqs_work/heilongjiang/raw/HLS-VI.S30.T52TGT.2018055T020651.v2.0.NDVI.tif,HLS-VI.S30.T52TGT.2018055T020651.v2.0.NDVI.tif,S30,T52TGT,2018-02-24,2018055,020651
/home/ec2-user/ndvi_sqs_work/heilongjiang/raw/HLS-VI.S30.T52UGU.2018055T020651.v2.0.NDVI.tif,HLS-VI.S30.T52UGU.2018055T020651.v2.0.NDVI.tif,S30,T52UGU,2018-02-24,2018055,020651
/home/ec2-user/ndvi_sqs_work/heilongjiang/raw/HLS-VI.S30.T53TLN.2018055T020651.v2.0.NDVI.tif,HLS-VI.S30.T53TLN.2018055T020651.v2.0.NDVI.tif,S30,T53TLN,2018-02-24,2018055,020651
/home/ec2-user/ndvi_sqs_work/heilongjiang/raw/HLS-VI.S30.T53ULP.2018055T020651.v2.0.NDVI.tif,HLS-VI.S30.T53ULP.2018055T020651.v2.0.NDVI.tif,S30,T53ULP,2018-02-24,2018055,020651
/home/ec2-user/ndvi_sqs_work/heilongjiang/raw/HLS-VI.S30.T53UMP.2018055T020651.v2.0.NDVI.tif,HLS-VI.S30.T53UMP.2018055T020651.v2.0.NDVI.tif,S30,T53UMP,2018-02-24,2018055,020651
/home/ec2-user/ndvi_sqs_work/heilongjiang/raw/HLS-VI.S30.T51UYP.2018056T022649.v2.0.NDVI.tif,HLS-VI.S30.T51UYP.2018056T022649.v2.0.NDVI.tif,S30,T51UYP,2018-02-25,2018056,022649
/home/ec2-user/ndvi_sqs_work/heilongjiang/raw/HLS-VI.S30.T51UYQ.2018056T022649.v2.0.NDVI.tif,HLS-VI.S30.T51UYQ.2018056T022649.v2.0.NDVI.tif,S30,T51UYQ,2018-02-25,2018056,022649
/home/ec2-user/ndvi_sqs_work/heilongjiang/raw/HLS-VI.S30.T52UCA.2018056T022649.v2.0.NDVI.tif,HLS-VI.S30.T52UCA.2018056T022649.v2.0.NDVI.tif,S30,T52UCA,2018-02-25,2018056,022649
/home/ec2-user/ndvi_sqs_work/heilongjiang/raw/HLS-VI.S30.T52UCU.2018056T022649.v2.0.NDVI.tif,HLS-VI.S30.T52UCU.2018056T022649.v2.0.NDVI.tif,S30,T52UCU,2018-02-25,2018056,022649
/home/ec2-user/ndvi_sqs_work/heilongjiang/raw/HLS-VI.S30.T52UCV.2018056T022649.v2.0.NDVI.tif,HLS-VI.S30.T52UCV.2018056T022649.v2.0.NDVI.tif,S30,T52UCV,2018-02-25,2018056,022649
/home/ec2-user/ndvi_sqs_work/heilongjiang/raw/HLS-VI.S30.T52UDA.2018056T022649.v2.0.NDVI.tif,HLS-VI.S30.T52UDA.2018056T022649.v2.0.NDVI.tif,S30,T52UDA,2018-02-25,2018056,022649
/home/ec2-user/ndvi_sqs_work/heilongjiang/raw/HLS-VI.S30.T52UDV.2018056T022649.v2.0.NDVI.tif,HLS-VI.S30.T52UDV.2018056T022649.v2.0.NDVI.tif,S30,T52UDV,2018-02-25,2018056,022649
/home/ec2-user/ndvi_sqs_work/heilongjiang/raw/HLS-VI.S30.T52UEV.2018056T022649.v2.0.NDVI.tif,HLS-VI.S30.T52UEV.2018056T022649.v2.0.NDVI.tif,S30,T52UEV,2018-02-25,2018056,022649
/home/ec2-user/ndvi_sqs_work/heilongjiang/raw/HLS-VI.S30.T51UXV.2018057T024651.v2.0.NDVI.tif,HLS-VI.S30.T51UXV.2018057T024651.v2.0.NDVI.tif,S30,T51UXV,2018-02-26,2018057,024651
/home/ec2-user/ndvi_sqs_work/heilongjiang/raw/HLS-VI.S30.T53TLM.2018057T015649.v2.0.NDVI.tif,HLS-VI.S30.T53TLM.2018057T015649.v2.0.NDVI.tif,S30,T53TLM,2018-02-26,2018057,015649
/home/ec2-user/ndvi_sqs_work/heilongjiang/raw/HLS-VI.S30.T53TMM.2018057T015649.v2.0.NDVI.tif,HLS-VI.S30.T53TMM.2018057T015649.v2.0.NDVI.tif,S30,T53TMM,2018-02-26,2018057,015649
/home/ec2-user/ndvi_sqs_work/heilongjiang/raw/HLS-VI.S30.T53TMN.2018057T015649.v2.0.NDVI.tif,HLS-VI.S30.T53TMN.2018057T015649.v2.0.NDVI.tif,S30,T53TMN,2018-02-26,2018057,015649
/home/ec2-user/ndvi_sqs_work/heilongjiang/raw/HLS-VI.S30.T53UMP.2018057T015649.v2.0.NDVI.tif,HLS-VI.S30.T53UMP.2018057T015649.v2.0.NDVI.tif,S30,T53UMP,2018-02-26,2018057,015649
/home/ec2-user/ndvi_sqs_work/heilongjiang/raw/HLS-VI.S30.T52TFT.2018058T021631.v2.0.NDVI.tif,HLS-VI.S30.T52TFT.2018058T021631.v2.0.NDVI.tif,S30,T52TFT,2018-02-27,2018058,021631
/home/ec2-user/ndvi_sqs_work/heilongjiang/raw/HLS-VI.S30.T52TGS.2018058T021631.v2.0.NDVI.tif,HLS-VI.S30.T52TGS.2018058T021631.v2.0.NDVI.tif,S30,T52TGS,2018-02-27,2018058,021631
/home/ec2-user/ndvi_sqs_work/heilongjiang/raw/HLS-VI.S30.T52UEV.2018058T021631.v2.0.NDVI.tif,HLS-VI.S30.T52UEV.2018058T021631.v2.0.NDVI.tif,S30,T52UEV,2018-02-27,2018058,021631
/home/ec2-user/ndvi_sqs_work/heilongjiang/raw/HLS-VI.S30.T52UFU.2018058T021631.v2.0.NDVI.tif,HLS-VI.S30.T52UFU.2018058T021631.v2.0.NDVI.tif,S30,T52UFU,2018-02-27,2018058,021631
/home/ec2-user/ndvi_sqs_work/heilongjiang/raw/HLS-VI.S30.T52UCA.2018061T022621.v2.0.NDVI.tif,HLS-VI.S30.T52UCA.2018061T022621.v2.0.NDVI.tif,S30,T52UCA,2018-03-02,2018061,022621
/home/ec2-user/ndvi_sqs_work/heilongjiang/raw/HLS-VI.S30.T52UDA.2018061T022621.v2.0.NDVI.tif,HLS-VI.S30.T52UDA.2018061T022621.v2.0.NDVI.tif,S30,T52UDA,2018-03-02,2018061,022621
/home/ec2-user/ndvi_sqs_work/heilongjiang/raw/HLS-VI.S30.T51UXS.2018064T023601.v2.0.NDVI.tif,HLS-VI.S30.T51UXS.2018064T023601.v2.0.NDVI.tif,S30,T51UXS,2018-03-05,2018064,023601
/home/ec2-user/ndvi_sqs_work/heilongjiang/raw/HLS-VI.S30.T51UYS.2018064T023601.v2.0.NDVI.tif,HLS-VI.S30.T51UYS.2018064T023601.v2.0.NDVI.tif,S30,T51UYS,2018-03-05,2018064,023601
/home/ec2-user/ndvi_sqs_work/heilongjiang/raw/HLS-VI.S30.T51UYT.2018064T023601.v2.0.NDVI.tif,HLS-VI.S30.T51UYT.2018064T023601.v2.0.NDVI.tif,S30,T51UYT,2018-03-05,2018064,023601
/home/ec2-user/ndvi_sqs_work/heilongjiang/raw/HLS-VI.S30.T52UCB.2018064T023601.v2.0.NDVI.tif,HLS-VI.S30.T52UCB.2018064T023601.v2.0.NDVI.tif,S30,T52UCB,2018-03-05,2018064,023601
/home/ec2-user/ndvi_sqs_work/heilongjiang/raw/HLS-VI.S30.T52UCC.2018064T023601.v2.0.NDVI.tif,HLS-VI.S30.T52UCC.2018064T023601.v2.0.NDVI.tif,S30,T52UCC,2018-03-05,2018064,023601
/home/ec2-user/ndvi_sqs_work/heilongjiang/raw/HLS-VI.S30.T52UDA.2018064T023601.v2.0.NDVI.tif,HLS-VI.S30.T52UDA.2018064T023601.v2.0.NDVI.tif,S30,T52UDA,2018-03-05,2018064,023601
/home/ec2-user/ndvi_sqs_work/heilongjiang/raw/HLS-VI.S30.T51UXV.2018065T025549.v2.0.NDVI.tif,HLS-VI.S30.T51UXV.2018065T025549.v2.0.NDVI.tif,S30,T51UXV,2018-03-06,2018065,025549
/home/ec2-user/ndvi_sqs_work/heilongjiang/raw/HLS-VI.S30.T53TLM.2018065T020651.v2.0.NDVI.tif,HLS-VI.S30.T53TLM.2018065T020651.v2.0.NDVI.tif,S30,T53TLM,2018-03-06,2018065,020651
/home/ec2-user/ndvi_sqs_work/heilongjiang/raw/HLS-VI.S30.T52UCA.2018066T022539.v2.0.NDVI.tif,HLS-VI.S30.T52UCA.2018066T022539.v2.0.NDVI.tif,S30,T52UCA,2018-03-07,2018066,022539
/home/ec2-user/ndvi_sqs_work/heilongjiang/raw/HLS-VI.S30.T52UDA.2018066T022539.v2.0.NDVI.tif,HLS-VI.S30.T52UDA.2018066T022539.v2.0.NDVI.tif,S30,T52UDA,2018-03-07,2018066,022539
/home/ec2-user/ndvi_sqs_work/heilongjiang/raw/HLS-VI.S30.T51UWP.2018067T024541.v2.0.NDVI.tif,HLS-VI.S30.T51UWP.2018067T024541.v2.0.NDVI.tif,S30,T51UWP,2018-03-08,2018067,024541
/home/ec2-user/ndvi_sqs_work/heilongjiang/raw/HLS-VI.S30.T51UWV.2018067T024541.v2.0.NDVI.tif,HLS-VI.S30.T51UWV.2018067T024541.v2.0.NDVI.tif,S30,T51UWV,2018-03-08,2018067,024541
/home/ec2-user/ndvi_sqs_work/heilongjiang/raw/HLS-VI.S30.T51UXR.2018067T024541.v2.0.NDVI.tif,HLS-VI.S30.T51UXR.2018067T024541.v2.0.NDVI.tif,S30,T51UXR,2018-03-08,2018067,024541
/home/ec2-user/ndvi_sqs_work/heilongjiang/raw/HLS-VI.S30.T51UXS.2018067T024541.v2.0.NDVI.tif,HLS-VI.S30.T51UXS.2018067T024541.v2.0.NDVI.tif,S30,T51UXS,2018-03-08,2018067,024541
/home/ec2-user/ndvi_sqs_work/heilongjiang/raw/HLS-VI.S30.T51UXU.2018067T024541.v2.0.NDVI.tif,HLS-VI.S30.T51UXU.2018067T024541.v2.0.NDVI.tif,S30,T51UXU,2018-03-08,2018067,024541
/home/ec2-user/ndvi_sqs_work/heilongjiang/raw/HLS-VI.S30.T51UYS.2018067T024541.v2.0.NDVI.tif,HLS-VI.S30.T51UYS.2018067T024541.v2.0.NDVI.tif,S30,T51UYS,2018-03-08,2018067,024541
/home/ec2-user/ndvi_sqs_work/heilongjiang/raw/HLS-VI.S30.T51UYT.2018067T024541.v2.0.NDVI.tif,HLS-VI.S30.T51UYT.2018067T024541.v2.0.NDVI.tif,S30,T51UYT,2018-03-08,2018067,024541
/home/ec2-user/ndvi_sqs_work/heilongjiang/raw/HLS-VI.S30.T52UCB.2018067T024541.v2.0.NDVI.tif,HLS-VI.S30.T52UCB.2018067T024541.v2.0.NDVI.tif,S30,T52UCB,2018-03-08,2018067,024541
/home/ec2-user/ndvi_sqs_work/heilongjiang/raw/HLS-VI.S30.T52UCC.2018067T024541.v2.0.NDVI.tif,HLS-VI.S30.T52UCC.2018067T024541.v2.0.NDVI.tif,S30,T52UCC,2018-03-08,2018067,024541
/home/ec2-user/ndvi_sqs_work/heilongjiang/raw/HLS-VI.S30.T52TFT.2018068T021601.v2.0.NDVI.tif,HLS-VI.S30.T52TFT.2018068T021601.v2.0.NDVI.tif,S30,T52TFT,2018-03-09,2018068,021601
/home/ec2-user/ndvi_sqs_work/heilongjiang/raw/HLS-VI.S30.T52TGT.2018068T021601.v2.0.NDVI.tif,HLS-VI.S30.T52TGT.2018068T021601.v2.0.NDVI.tif,S30,T52TGT,2018-03-09,2018068,021601
/home/ec2-user/ndvi_sqs_work/heilongjiang/raw/HLS-VI.S30.T52UEV.2018068T021601.v2.0.NDVI.tif,HLS-VI.S30.T52UEV.2018068T021601.v2.0.NDVI.tif,S30,T52UEV,2018-03-09,2018068,021601
/home/ec2-user/ndvi_sqs_work/heilongjiang/raw/HLS-VI.S30.T52UGU.2018068T021601.v2.0.NDVI.tif,HLS-VI.S30.T52UGU.2018068T021601.v2.0.NDVI.tif,S30,T52UGU,2018-03-09,2018068,021601
/home/ec2-user/ndvi_sqs_work/heilongjiang/raw/HLS-VI.S30.T51TWL.2018069T023539.v2.0.NDVI.tif,HLS-VI.S30.T51TWL.2018069T023539.v2.0.NDVI.tif,S30,T51TWL,2018-03-10,2018069,023539
/home/ec2-user/ndvi_sqs_work/heilongjiang/raw/HLS-VI.S30.T51TWM.2018069T023539.v2.0.NDVI.tif,HLS-VI.S30.T51TWM.2018069T023539.v2.0.NDVI.tif,S30,T51TWM,2018-03-10,2018069,023539
/home/ec2-user/ndvi_sqs_work/heilongjiang/raw/HLS-VI.S30.T51UXP.2018069T023539.v2.0.NDVI.tif,HLS-VI.S30.T51UXP.2018069T023539.v2.0.NDVI.tif,S30,T51UXP,2018-03-10,2018069,023539
/home/ec2-user/ndvi_sqs_work/heilongjiang/raw/HLS-VI.S30.T51UXR.2018069T023539.v2.0.NDVI.tif,HLS-VI.S30.T51UXR.2018069T023539.v2.0.NDVI.tif,S30,T51UXR,2018-03-10,2018069,023539
/home/ec2-user/ndvi_sqs_work/heilongjiang/raw/HLS-VI.S30.T51UXS.2018069T023539.v2.0.NDVI.tif,HLS-VI.S30.T51UXS.2018069T023539.v2.0.NDVI.tif,S30,T51UXS,2018-03-10,2018069,023539
/home/ec2-user/ndvi_sqs_work/heilongjiang/raw/HLS-VI.S30.T51UXT.2018069T023539.v2.0.NDVI.tif,HLS-VI.S30.T51UXT.2018069T023539.v2.0.NDVI.tif,S30,T51UXT,2018-03-10,2018069,023539
/home/ec2-user/ndvi_sqs_work/heilongjiang/raw/HLS-VI.S30.T51UXU.2018069T023539.v2.0.NDVI.tif,HLS-VI.S30.T51UXU.2018069T023539.v2.0.NDVI.tif,S30,T51UXU,2018-03-10,2018069,023539
/home/ec2-user/ndvi_sqs_work/heilongjiang/raw/HLS-VI.S30.T51UYP.2018069T023539.v2.0.NDVI.tif,HLS-VI.S30.T51UYP.2018069T023539.v2.0.NDVI.tif,S30,T51UYP,2018-03-10,2018069,023539
/home/ec2-user/ndvi_sqs_work/heilongjiang/raw/HLS-VI.S30.T51UYS.2018069T023539.v2.0.NDVI.tif,HLS-VI.S30.T51UYS.2018069T023539.v2.0.NDVI.tif,S30,T51UYS,2018-03-10,2018069,023539
/home/ec2-user/ndvi_sqs_work/heilongjiang/raw/HLS-VI.S30.T51UYT.2018069T023539.v2.0.NDVI.tif,HLS-VI.S30.T51UYT.2018069T023539.v2.0.NDVI.tif,S30,T51UYT,2018-03-10,2018069,023539
/home/ec2-user/ndvi_sqs_work/heilongjiang/raw/HLS-VI.S30.T51UYU.2018069T023539.v2.0.NDVI.tif,HLS-VI.S30.T51UYU.2018069T023539.v2.0.NDVI.tif,S30,T51UYU,2018-03-10,2018069,023539
/home/ec2-user/ndvi_sqs_work/heilongjiang/raw/HLS-VI.S30.T52TDT.2018069T023539.v2.0.NDVI.tif,HLS-VI.S30.T52TDT.2018069T023539.v2.0.NDVI.tif,S30,T52TDT,2018-03-10,2018069,023539
/home/ec2-user/ndvi_sqs_work/heilongjiang/raw/HLS-VI.S30.T52UCA.2018069T023539.v2.0.NDVI.tif,HLS-VI.S30.T52UCA.2018069T023539.v2.0.NDVI.tif,S30,T52UCA,2018-03-10,2018069,023539
/home/ec2-user/ndvi_sqs_work/heilongjiang/raw/HLS-VI.S30.T52UCB.2018069T023539.v2.0.NDVI.tif,HLS-VI.S30.T52UCB.2018069T023539.v2.0.NDVI.tif,S30,T52UCB,2018-03-10,2018069,023539
/home/ec2-user/ndvi_sqs_work/heilongjiang/raw/HLS-VI.S30.T52UCC.2018069T023539.v2.0.NDVI.tif,HLS-VI.S30.T52UCC.2018069T023539.v2.0.NDVI.tif,S30,T52UCC,2018-03-10,2018069,023539
/home/ec2-user/ndvi_sqs_work/heilongjiang/raw/HLS-VI.S30.T52UCD.2018069T023539.v2.0.NDVI.tif,HLS-VI.S30.T52UCD.2018069T023539.v2.0.NDVI.tif,S30,T52UCD,2018-03-10,2018069,023539
/home/ec2-user/ndvi_sqs_work/heilongjiang/raw/HLS-VI.S30.T52UCU.2018069T023539.v2.0.NDVI.tif,HLS-VI.S30.T52UCU.2018069T023539.v2.0.NDVI.tif,S30,T52UCU,2018-03-10,2018069,023539
/home/ec2-user/ndvi_sqs_work/heilongjiang/raw/HLS-VI.S30.T52UDA.2018069T023539.v2.0.NDVI.tif,HLS-VI.S30.T52UDA.2018069T023539.v2.0.NDVI.tif,S30,T52UDA,2018-03-10,2018069,023539
/home/ec2-user/ndvi_sqs_work/heilongjiang/raw/HLS-VI.S30.T51TVN.2018070T025541.v2.0.NDVI.tif,HLS-VI.S30.T51TVN.2018070T025541.v2.0.NDVI.tif,S30,T51TVN,2018-03-11,2018070,025541
/home/ec2-user/ndvi_sqs_work/heilongjiang/raw/HLS-VI.S30.T51UWS.2018070T025541.v2.0.NDVI.tif,HLS-VI.S30.T51UWS.2018070T025541.v2.0.NDVI.tif,S30,T51UWS,2018-03-11,2018070,025541
/home/ec2-user/ndvi_sqs_work/heilongjiang/raw/HLS-VI.S30.T51UXU.2018070T025541.v2.0.NDVI.tif,HLS-VI.S30.T51UXU.2018070T025541.v2.0.NDVI.tif,S30,T51UXU,2018-03-11,2018070,025541
/home/ec2-user/ndvi_sqs_work/heilongjiang/raw/HLS-VI.S30.T51UXV.2018070T025541.v2.0.NDVI.tif,HLS-VI.S30.T51UXV.2018070T025541.v2.0.NDVI.tif,S30,T51UXV,2018-03-11,2018070,025541
/home/ec2-user/ndvi_sqs_work/heilongjiang/raw/HLS-VI.S30.T52TFT.2018070T020649.v2.0.NDVI.tif,HLS-VI.S30.T52TFT.2018070T020649.v2.0.NDVI.tif,S30,T52TFT,2018-03-11,2018070,020649
/home/ec2-user/ndvi_sqs_work/heilongjiang/raw/HLS-VI.S30.T52TGR.2018070T020649.v2.0.NDVI.tif,HLS-VI.S30.T52TGR.2018070T020649.v2.0.NDVI.tif,S30,T52TGR,2018-03-11,2018070,020649
/home/ec2-user/ndvi_sqs_work/heilongjiang/raw/HLS-VI.S30.T52UGU.2018070T020649.v2.0.NDVI.tif,HLS-VI.S30.T52UGU.2018070T020649.v2.0.NDVI.tif,S30,T52UGU,2018-03-11,2018070,020649
/home/ec2-user/ndvi_sqs_work/heilongjiang/raw/HLS-VI.S30.T53TLL.2018070T020649.v2.0.NDVI.tif,HLS-VI.S30.T53TLL.2018070T020649.v2.0.NDVI.tif,S30,T53TLL,2018-03-11,2018070,020649
/home/ec2-user/ndvi_sqs_work/heilongjiang/raw/HLS-VI.S30.T53TLM.2018070T020649.v2.0.NDVI.tif,HLS-VI.S30.T53TLM.2018070T020649.v2.0.NDVI.tif,S30,T53TLM,2018-03-11,2018070,020649
/home/ec2-user/ndvi_sqs_work/heilongjiang/raw/HLS-VI.S30.T53TLN.2018070T020649.v2.0.NDVI.tif,HLS-VI.S30.T53TLN.2018070T020649.v2.0.NDVI.tif,S30,T53TLN,2018-03-11,2018070,020649
/home/ec2-user/ndvi_sqs_work/heilongjiang/raw/HLS-VI.S30.T53TMN.2018070T020649.v2.0.NDVI.tif,HLS-VI.S30.T53TMN.2018070T020649.v2.0.NDVI.tif,S30,T53TMN,2018-03-11,2018070,020649
/home/ec2-user/ndvi_sqs_work/heilongjiang/raw/HLS-VI.S30.T53ULP.2018070T020649.v2.0.NDVI.tif,HLS-VI.S30.T53ULP.2018070T020649.v2.0.NDVI.tif,S30,T53ULP,2018-03-11,2018070,020649
/home/ec2-user/ndvi_sqs_work/heilongjiang/raw/HLS-VI.S30.T53UMP.2018070T020649.v2.0.NDVI.tif,HLS-VI.S30.T53UMP.2018070T020649.v2.0.NDVI.tif,S30,T53UMP,2018-03-11,2018070,020649
/home/ec2-user/ndvi_sqs_work/heilongjiang/raw/HLS-VI.S30.T51TXM.2018074T023541.v2.0.NDVI.tif,HLS-VI.S30.T51TXM.2018074T023541.v2.0.NDVI.tif,S30,T51TXM,2018-03-15,2018074,023541
/home/ec2-user/ndvi_sqs_work/heilongjiang/raw/HLS-VI.S30.T51TYM.2018074T023541.v2.0.NDVI.tif,HLS-VI.S30.T51TYM.2018074T023541.v2.0.NDVI.tif,S30,T51TYM,2018-03-15,2018074,023541
/home/ec2-user/ndvi_sqs_work/heilongjiang/raw/HLS-VI.S30.T51UXQ.2018074T023541.v2.0.NDVI.tif,HLS-VI.S30.T51UXQ.2018074T023541.v2.0.NDVI.tif,S30,T51UXQ,2018-03-15,2018074,023541
/home/ec2-user/ndvi_sqs_work/heilongjiang/raw/HLS-VI.S30.T51TVN.2018075T025539.v2.0.NDVI.tif,HLS-VI.S30.T51TVN.2018075T025539.v2.0.NDVI.tif,S30,T51TVN,2018-03-16,2018075,025539
/home/ec2-user/ndvi_sqs_work/heilongjiang/raw/HLS-VI.S30.T51UVS.2018075T025539.v2.0.NDVI.tif,HLS-VI.S30.T51UVS.2018075T025539.v2.0.NDVI.tif,S30,T51UVS,2018-03-16,2018075,025539
/home/ec2-user/ndvi_sqs_work/heilongjiang/raw/HLS-VI.S30.T51UVT.2018075T025539.v2.0.NDVI.tif,HLS-VI.S30.T51UVT.2018075T025539.v2.0.NDVI.tif,S30,T51UVT,2018-03-16,2018075,025539
/home/ec2-user/ndvi_sqs_work/heilongjiang/raw/HLS-VI.S30.T51UWS.2018075T025539.v2.0.NDVI.tif,HLS-VI.S30.T51UWS.2018075T025539.v2.0.NDVI.tif,S30,T51UWS,2018-03-16,2018075,025539
/home/ec2-user/ndvi_sqs_work/heilongjiang/raw/HLS-VI.S30.T51UWT.2018075T025539.v2.0.NDVI.tif,HLS-VI.S30.T51UWT.2018075T025539.v2.0.NDVI.tif,S30,T51UWT,2018-03-16,2018075,025539
/home/ec2-user/ndvi_sqs_work/heilongjiang/raw/HLS-VI.S30.T51UXT.2018075T025539.v2.0.NDVI.tif,HLS-VI.S30.T51UXT.2018075T025539.v2.0.NDVI.tif,S30,T51UXT,2018-03-16,2018075,025539
/home/ec2-user/ndvi_sqs_work/heilongjiang/raw/HLS-VI.S30.T51UXU.2018075T025539.v2.0.NDVI.tif,HLS-VI.S30.T51UXU.2018075T025539.v2.0.NDVI.tif,S30,T51UXU,2018-03-16,2018075,025539
/home/ec2-user/ndvi_sqs_work/heilongjiang/raw/HLS-VI.S30.T52TFQ.2018075T020651.v2.0.NDVI.tif,HLS-VI.S30.T52TFQ.2018075T020651.v2.0.NDVI.tif,S30,T52TFQ,2018-03-16,2018075,020651
/home/ec2-user/ndvi_sqs_work/heilongjiang/raw/HLS-VI.S30.T52TFR.2018075T020651.v2.0.NDVI.tif,HLS-VI.S30.T52TFR.2018075T020651.v2.0.NDVI.tif,S30,T52TFR,2018-03-16,2018075,020651
/home/ec2-user/ndvi_sqs_work/heilongjiang/raw/HLS-VI.S30.T52TFS.2018075T020651.v2.0.NDVI.tif,HLS-VI.S30.T52TFS.2018075T020651.v2.0.NDVI.tif,S30,T52TFS,2018-03-16,2018075,020651
/home/ec2-user/ndvi_sqs_work/heilongjiang/raw/HLS-VI.S30.T52TFT.2018075T020651.v2.0.NDVI.tif,HLS-VI.S30.T52TFT.2018075T020651.v2.0.NDVI.tif,S30,T52TFT,2018-03-16,2018075,020651
/home/ec2-user/ndvi_sqs_work/heilongjiang/raw/HLS-VI.S30.T52TGQ.2018075T020651.v2.0.NDVI.tif,HLS-VI.S30.T52TGQ.2018075T020651.v2.0.NDVI.tif,S30,T52TGQ,2018-03-16,2018075,020651
/home/ec2-user/ndvi_sqs_work/heilongjiang/raw/HLS-VI.S30.T52TGR.2018075T020651.v2.0.NDVI.tif,HLS-VI.S30.T52TGR.2018075T020651.v2.0.NDVI.tif,S30,T52TGR,2018-03-16,2018075,020651
/home/ec2-user/ndvi_sqs_work/heilongjiang/raw/HLS-VI.S30.T52UGU.2018075T020651.v2.0.NDVI.tif,HLS-VI.S30.T52UGU.2018075T020651.v2.0.NDVI.tif,S30,T52UGU,2018-03-16,2018075,020651
/home/ec2-user/ndvi_sqs_work/heilongjiang/raw/HLS-VI.S30.T53TLK.2018075T020651.v2.0.NDVI.tif,HLS-VI.S30.T53TLK.2018075T020651.v2.0.NDVI.tif,S30,T53TLK,2018-03-16,2018075,020651
/home/ec2-user/ndvi_sqs_work/heilongjiang/raw/HLS-VI.S30.T53TLL.2018075T020651.v2.0.NDVI.tif,HLS-VI.S30.T53TLL.2018075T020651.v2.0.NDVI.tif,S30,T53TLL,2018-03-16,2018075,020651
/home/ec2-user/ndvi_sqs_work/heilongjiang/raw/HLS-VI.S30.T53TLM.2018075T020651.v2.0.NDVI.tif,HLS-VI.S30.T53TLM.2018075T020651.v2.0.NDVI.tif,S30,T53TLM,2018-03-16,2018075,020651
/home/ec2-user/ndvi_sqs_work/heilongjiang/raw/HLS-VI.S30.T53TLN.2018075T020651.v2.0.NDVI.tif,HLS-VI.S30.T53TLN.2018075T020651.v2.0.NDVI.tif,S30,T53TLN,2018-03-16,2018075,020651
/home/ec2-user/ndvi_sqs_work/heilongjiang/raw/HLS-VI.S30.T53ULP.2018075T020651.v2.0.NDVI.tif,HLS-VI.S30.T53ULP.2018075T020651.v2.0.NDVI.tif,S30,T53ULP,2018-03-16,2018075,020651
/home/ec2-user/ndvi_sqs_work/heilongjiang/raw/HLS-VI.S30.T51TYL.2018076T022539.v2.0.NDVI.tif,HLS-VI.S30.T51TYL.2018076T022539.v2.0.NDVI.tif,S30,T51TYL,2018-03-17,2018076,022539
/home/ec2-user/ndvi_sqs_work/heilongjiang/raw/HLS-VI.S30.T51TYM.2018076T022539.v2.0.NDVI.tif,HLS-VI.S30.T51TYM.2018076T022539.v2.0.NDVI.tif,S30,T51TYM,2018-03-17,2018076,022539
/home/ec2-user/ndvi_sqs_work/heilongjiang/raw/HLS-VI.S30.T51TYN.2018076T022539.v2.0.NDVI.tif,HLS-VI.S30.T51TYN.2018076T022539.v2.0.NDVI.tif,S30,T51TYN,2018-03-17,2018076,022539
/home/ec2-user/ndvi_sqs_work/heilongjiang/raw/HLS-VI.S30.T51UYP.2018076T022539.v2.0.NDVI.tif,HLS-VI.S30.T51UYP.2018076T022539.v2.0.NDVI.tif,S30,T51UYP,2018-03-17,2018076,022539
/home/ec2-user/ndvi_sqs_work/heilongjiang/raw/HLS-VI.S30.T51UYQ.2018076T022539.v2.0.NDVI.tif,HLS-VI.S30.T51UYQ.2018076T022539.v2.0.NDVI.tif,S30,T51UYQ,2018-03-17,2018076,022539
/home/ec2-user/ndvi_sqs_work/heilongjiang/raw/HLS-VI.S30.T52TCP.2018076T022539.v2.0.NDVI.tif,HLS-VI.S30.T52TCP.2018076T022539.v2.0.NDVI.tif,S30,T52TCP,2018-03-17,2018076,022539
/home/ec2-user/ndvi_sqs_work/heilongjiang/raw/HLS-VI.S30.T52TCQ.2018076T022539.v2.0.NDVI.tif,HLS-VI.S30.T52TCQ.2018076T022539.v2.0.NDVI.tif,S30,T52TCQ,2018-03-17,2018076,022539
/home/ec2-user/ndvi_sqs_work/heilongjiang/raw/HLS-VI.S30.T52TCR.2018076T022539.v2.0.NDVI.tif,HLS-VI.S30.T52TCR.2018076T022539.v2.0.NDVI.tif,S30,T52TCR,2018-03-17,2018076,022539
/home/ec2-user/ndvi_sqs_work/heilongjiang/raw/HLS-VI.S30.T52TCT.2018076T022539.v2.0.NDVI.tif,HLS-VI.S30.T52TCT.2018076T022539.v2.0.NDVI.tif,S30,T52TCT,2018-03-17,2018076,022539
/home/ec2-user/ndvi_sqs_work/heilongjiang/raw/HLS-VI.S30.T52TDR.2018076T022539.v2.0.NDVI.tif,HLS-VI.S30.T52TDR.2018076T022539.v2.0.NDVI.tif,S30,T52TDR,2018-03-17,2018076,022539
/home/ec2-user/ndvi_sqs_work/heilongjiang/raw/HLS-VI.S30.T52TDS.2018076T022539.v2.0.NDVI.tif,HLS-VI.S30.T52TDS.2018076T022539.v2.0.NDVI.tif,S30,T52TDS,2018-03-17,2018076,022539
/home/ec2-user/ndvi_sqs_work/heilongjiang/raw/HLS-VI.S30.T52TDT.2018076T022539.v2.0.NDVI.tif,HLS-VI.S30.T52TDT.2018076T022539.v2.0.NDVI.tif,S30,T52TDT,2018-03-17,2018076,022539
/home/ec2-user/ndvi_sqs_work/heilongjiang/raw/HLS-VI.S30.T52TER.2018076T022539.v2.0.NDVI.tif,HLS-VI.S30.T52TER.2018076T022539.v2.0.NDVI.tif,S30,T52TER,2018-03-17,2018076,022539
/home/ec2-user/ndvi_sqs_work/heilongjiang/raw/HLS-VI.S30.T52UCA.2018076T022539.v2.0.NDVI.tif,HLS-VI.S30.T52UCA.2018076T022539.v2.0.NDVI.tif,S30,T52UCA,2018-03-17,2018076,022539
/home/ec2-user/ndvi_sqs_work/heilongjiang/raw/HLS-VI.S30.T52UCU.2018076T022539.v2.0.NDVI.tif,HLS-VI.S30.T52UCU.2018076T022539.v2.0.NDVI.tif,S30,T52UCU,2018-03-17,2018076,022539
/home/ec2-user/ndvi_sqs_work/heilongjiang/raw/HLS-VI.S30.T52UCV.2018076T022539.v2.0.NDVI.tif,HLS-VI.S30.T52UCV.2018076T022539.v2.0.NDVI.tif,S30,T52UCV,2018-03-17,2018076,022539
/home/ec2-user/ndvi_sqs_work/heilongjiang/raw/HLS-VI.S30.T52UDA.2018076T022539.v2.0.NDVI.tif,HLS-VI.S30.T52UDA.2018076T022539.v2.0.NDVI.tif,S30,T52UDA,2018-03-17,2018076,022539
/home/ec2-user/ndvi_sqs_work/heilongjiang/raw/HLS-VI.S30.T52UDU.2018076T022539.v2.0.NDVI.tif,HLS-VI.S30.T52UDU.2018076T022539.v2.0.NDVI.tif,S30,T52UDU,2018-03-17,2018076,022539
/home/ec2-user/ndvi_sqs_work/heilongjiang/raw/HLS-VI.S30.T52UDV.2018076T022539.v2.0.NDVI.tif,HLS-VI.S30.T52UDV.2018076T022539.v2.0.NDVI.tif,S30,T52UDV,2018-03-17,2018076,022539
/home/ec2-user/ndvi_sqs_work/heilongjiang/raw/HLS-VI.S30.T53TLK.2018077T015649.v2.0.NDVI.tif,HLS-VI.S30.T53TLK.2018077T015649.v2.0.NDVI.tif,S30,T53TLK,2018-03-18,2018077,015649
/home/ec2-user/ndvi_sqs_work/heilongjiang/raw/HLS-VI.S30.T53TLL.2018077T015649.v2.0.NDVI.tif,HLS-VI.S30.T53TLL.2018077T015649.v2.0.NDVI.tif,S30,T53TLL,2018-03-18,2018077,015649
/home/ec2-user/ndvi_sqs_work/heilongjiang/raw/HLS-VI.S30.T50UQE.2018078T030539.v2.0.NDVI.tif,HLS-VI.S30.T50UQE.2018078T030539.v2.0.NDVI.tif,S30,T50UQE,2018-03-19,2018078,030539
/home/ec2-user/ndvi_sqs_work/heilongjiang/raw/HLS-VI.S30.T51UUV.2018078T030539.v2.0.NDVI.tif,HLS-VI.S30.T51UUV.2018078T030539.v2.0.NDVI.tif,S30,T51UUV,2018-03-19,2018078,030539
/home/ec2-user/ndvi_sqs_work/heilongjiang/raw/HLS-VI.S30.T51UVV.2018078T030539.v2.0.NDVI.tif,HLS-VI.S30.T51UVV.2018078T030539.v2.0.NDVI.tif,S30,T51UVV,2018-03-19,2018078,030539
/home/ec2-user/ndvi_sqs_work/heilongjiang/raw/HLS-VI.S30.T51UWV.2018078T030539.v2.0.NDVI.tif,HLS-VI.S30.T51UWV.2018078T030539.v2.0.NDVI.tif,S30,T51UWV,2018-03-19,2018078,030539
/home/ec2-user/ndvi_sqs_work/heilongjiang/raw/HLS-VI.S30.T52TCP.2018078T021601.v2.0.NDVI.tif,HLS-VI.S30.T52TCP.2018078T021601.v2.0.NDVI.tif,S30,T52TCP,2018-03-19,2018078,021601
/home/ec2-user/ndvi_sqs_work/heilongjiang/raw/HLS-VI.S30.T52TCQ.2018078T021601.v2.0.NDVI.tif,HLS-VI.S30.T52TCQ.2018078T021601.v2.0.NDVI.tif,S30,T52TCQ,2018-03-19,2018078,021601
/home/ec2-user/ndvi_sqs_work/heilongjiang/raw/HLS-VI.S30.T52TEP.2018078T021601.v2.0.NDVI.tif,HLS-VI.S30.T52TEP.2018078T021601.v2.0.NDVI.tif,S30,T52TEP,2018-03-19,2018078,021601
/home/ec2-user/ndvi_sqs_work/heilongjiang/raw/HLS-VI.S30.T52TFP.2018078T021601.v2.0.NDVI.tif,HLS-VI.S30.T52TFP.2018078T021601.v2.0.NDVI.tif,S30,T52TFP,2018-03-19,2018078,021601
/home/ec2-user/ndvi_sqs_work/heilongjiang/raw/HLS-VI.S30.T52TFT.2018078T021601.v2.0.NDVI.tif,HLS-VI.S30.T52TFT.2018078T021601.v2.0.NDVI.tif,S30,T52TFT,2018-03-19,2018078,021601
/home/ec2-user/ndvi_sqs_work/heilongjiang/raw/HLS-VI.S30.T52TGT.2018078T021601.v2.0.NDVI.tif,HLS-VI.S30.T52TGT.2018078T021601.v2.0.NDVI.tif,S30,T52TGT,2018-03-19,2018078,021601
/home/ec2-user/ndvi_sqs_work/heilongjiang/raw/HLS-VI.S30.T52UEV.2018078T021601.v2.0.NDVI.tif,HLS-VI.S30.T52UEV.2018078T021601.v2.0.NDVI.tif,S30,T52UEV,2018-03-19,2018078,021601
/home/ec2-user/ndvi_sqs_work/heilongjiang/raw/HLS-VI.S30.T52UGU.2018078T021601.v2.0.NDVI.tif,HLS-VI.S30.T52UGU.2018078T021601.v2.0.NDVI.tif,S30,T52UGU,2018-03-19,2018078,021601
/home/ec2-user/ndvi_sqs_work/heilongjiang/raw/HLS-VI.S30.T53ULP.2018078T021601.v2.0.NDVI.tif,HLS-VI.S30.T53ULP.2018078T021601.v2.0.NDVI.tif,S30,T53ULP,2018-03-19,2018078,021601
/home/ec2-user/ndvi_sqs_work/heilongjiang/raw/HLS-VI.S30.T51TXL.2018079T023539.v2.0.NDVI.tif,HLS-VI.S30.T51TXL.2018079T023539.v2.0.NDVI.tif,S30,T51TXL,2018-03-20,2018079,023539
/home/ec2-user/ndvi_sqs_work/heilongjiang/raw/HLS-VI.S30.T51TXN.2018079T023539.v2.0.NDVI.tif,HLS-VI.S30.T51TXN.2018079T023539.v2.0.NDVI.tif,S30,T51TXN,2018-03-20,2018079,023539
/home/ec2-user/ndvi_sqs_work/heilongjiang/raw/HLS-VI.S30.T51TYL.2018079T023539.v2.0.NDVI.tif,HLS-VI.S30.T51TYL.2018079T023539.v2.0.NDVI.tif,S30,T51TYL,2018-03-20,2018079,023539
/home/ec2-user/ndvi_sqs_work/heilongjiang/raw/HLS-VI.S30.T51TYM.2018079T023539.v2.0.NDVI.tif,HLS-VI.S30.T51TYM.2018079T023539.v2.0.NDVI.tif,S30,T51TYM,2018-03-20,2018079,023539
/home/ec2-user/ndvi_sqs_work/heilongjiang/raw/HLS-VI.S30.T51TYN.2018079T023539.v2.0.NDVI.tif,HLS-VI.S30.T51TYN.2018079T023539.v2.0.NDVI.tif,S30,T51TYN,2018-03-20,2018079,023539
/home/ec2-user/ndvi_sqs_work/heilongjiang/raw/HLS-VI.S30.T51UWP.2018079T023539.v2.0.NDVI.tif,HLS-VI.S30.T51UWP.2018079T023539.v2.0.NDVI.tif,S30,T51UWP,2018-03-20,2018079,023539
/home/ec2-user/ndvi_sqs_work/heilongjiang/raw/HLS-VI.S30.T51UXP.2018079T023539.v2.0.NDVI.tif,HLS-VI.S30.T51UXP.2018079T023539.v2.0.NDVI.tif,S30,T51UXP,2018-03-20,2018079,023539
/home/ec2-user/ndvi_sqs_work/heilongjiang/raw/HLS-VI.S30.T51UXQ.2018079T023539.v2.0.NDVI.tif,HLS-VI.S30.T51UXQ.2018079T023539.v2.0.NDVI.tif,S30,T51UXQ,2018-03-20,2018079,023539
/home/ec2-user/ndvi_sqs_work/heilongjiang/raw/HLS-VI.S30.T51UXR.2018079T023539.v2.0.NDVI.tif,HLS-VI.S30.T51UXR.2018079T023539.v2.0.NDVI.tif,S30,T51UXR,2018-03-20,2018079,023539
/home/ec2-user/ndvi_sqs_work/heilongjiang/raw/HLS-VI.S30.T51UXS.2018079T023539.v2.0.NDVI.tif,HLS-VI.S30.T51UXS.2018079T023539.v2.0.NDVI.tif,S30,T51UXS,2018-03-20,2018079,023539
/home/ec2-user/ndvi_sqs_work/heilongjiang/raw/HLS-VI.S30.T51UYP.2018079T023539.v2.0.NDVI.tif,HLS-VI.S30.T51UYP.2018079T023539.v2.0.NDVI.tif,S30,T51UYP,2018-03-20,2018079,023539
/home/ec2-user/ndvi_sqs_work/heilongjiang/raw/HLS-VI.S30.T51UYQ.2018079T023539.v2.0.NDVI.tif,HLS-VI.S30.T51UYQ.2018079T023539.v2.0.NDVI.tif,S30,T51UYQ,2018-03-20,2018079,023539
/home/ec2-user/ndvi_sqs_work/heilongjiang/raw/HLS-VI.S30.T51UYR.2018079T023539.v2.0.NDVI.tif,HLS-VI.S30.T51UYR.2018079T023539.v2.0.NDVI.tif,S30,T51UYR,2018-03-20,2018079,023539
/home/ec2-user/ndvi_sqs_work/heilongjiang/raw/HLS-VI.S30.T52TCR.2018079T023539.v2.0.NDVI.tif,HLS-VI.S30.T52TCR.2018079T023539.v2.0.NDVI.tif,S30,T52TCR,2018-03-20,2018079,023539
/home/ec2-user/ndvi_sqs_work/heilongjiang/raw/HLS-VI.S30.T52TCS.2018079T023539.v2.0.NDVI.tif,HLS-VI.S30.T52TCS.2018079T023539.v2.0.NDVI.tif,S30,T52TCS,2018-03-20,2018079,023539
/home/ec2-user/ndvi_sqs_work/heilongjiang/raw/HLS-VI.S30.T52TDT.2018079T023539.v2.0.NDVI.tif,HLS-VI.S30.T52TDT.2018079T023539.v2.0.NDVI.tif,S30,T52TDT,2018-03-20,2018079,023539
/home/ec2-user/ndvi_sqs_work/heilongjiang/raw/HLS-VI.S30.T52UCA.2018079T023539.v2.0.NDVI.tif,HLS-VI.S30.T52UCA.2018079T023539.v2.0.NDVI.tif,S30,T52UCA,2018-03-20,2018079,023539
/home/ec2-user/ndvi_sqs_work/heilongjiang/raw/HLS-VI.S30.T52UCU.2018079T023539.v2.0.NDVI.tif,HLS-VI.S30.T52UCU.2018079T023539.v2.0.NDVI.tif,S30,T52UCU,2018-03-20,2018079,023539
/home/ec2-user/ndvi_sqs_work/heilongjiang/raw/HLS-VI.S30.T52UCV.2018079T023539.v2.0.NDVI.tif,HLS-VI.S30.T52UCV.2018079T023539.v2.0.NDVI.tif,S30,T52UCV,2018-03-20,2018079,023539
/home/ec2-user/ndvi_sqs_work/heilongjiang/raw/HLS-VI.S30.T52UDA.2018079T023539.v2.0.NDVI.tif,HLS-VI.S30.T52UDA.2018079T023539.v2.0.NDVI.tif,S30,T52UDA,2018-03-20,2018079,023539
/home/ec2-user/ndvi_sqs_work/heilongjiang/raw/HLS-VI.S30.T52UDU.2018079T023539.v2.0.NDVI.tif,HLS-VI.S30.T52UDU.2018079T023539.v2.0.NDVI.tif,S30,T52UDU,2018-03-20,2018079,023539
/home/ec2-user/ndvi_sqs_work/heilongjiang/raw/HLS-VI.S30.T52UDV.2018079T023539.v2.0.NDVI.tif,HLS-VI.S30.T52UDV.2018079T023539.v2.0.NDVI.tif,S30,T52UDV,2018-03-20,2018079,023539
/home/ec2-user/ndvi_sqs_work/heilongjiang/raw/HLS-VI.S30.T50UQD.2018080T025541.v2.0.NDVI.tif,HLS-VI.S30.T50UQD.2018080T025541.v2.0.NDVI.tif,S30,T50UQD,2018-03-21,2018080,025541
/home/ec2-user/ndvi_sqs_work/heilongjiang/raw/HLS-VI.S30.T50UQE.2018080T025541.v2.0.NDVI.tif,HLS-VI.S30.T50UQE.2018080T025541.v2.0.NDVI.tif,S30,T50UQE,2018-03-21,2018080,025541
/home/ec2-user/ndvi_sqs_work/heilongjiang/raw/HLS-VI.S30.T51UUU.2018080T025541.v2.0.NDVI.tif,HLS-VI.S30.T51UUU.2018080T025541.v2.0.NDVI.tif,S30,T51UUU,2018-03-21,2018080,025541
/home/ec2-user/ndvi_sqs_work/heilongjiang/raw/HLS-VI.S30.T51UUV.2018080T025541.v2.0.NDVI.tif,HLS-VI.S30.T51UUV.2018080T025541.v2.0.NDVI.tif,S30,T51UUV,2018-03-21,2018080,025541
/home/ec2-user/ndvi_sqs_work/heilongjiang/raw/HLS-VI.S30.T51UVS.2018080T025541.v2.0.NDVI.tif,HLS-VI.S30.T51UVS.2018080T025541.v2.0.NDVI.tif,S30,T51UVS,2018-03-21,2018080,025541
/home/ec2-user/ndvi_sqs_work/heilongjiang/raw/HLS-VI.S30.T51UVT.2018080T025541.v2.0.NDVI.tif,HLS-VI.S30.T51UVT.2018080T025541.v2.0.NDVI.tif,S30,T51UVT,2018-03-21,2018080,025541
/home/ec2-user/ndvi_sqs_work/heilongjiang/raw/HLS-VI.S30.T51UVU.2018080T025541.v2.0.NDVI.tif,HLS-VI.S30.T51UVU.2018080T025541.v2.0.NDVI.tif,S30,T51UVU,2018-03-21,2018080,025541
/home/ec2-user/ndvi_sqs_work/heilongjiang/raw/HLS-VI.S30.T51UVV.2018080T025541.v2.0.NDVI.tif,HLS-VI.S30.T51UVV.2018080T025541.v2.0.NDVI.tif,S30,T51UVV,2018-03-21,2018080,025541
/home/ec2-user/ndvi_sqs_work/heilongjiang/raw/HLS-VI.S30.T51UWS.2018080T025541.v2.0.NDVI.tif,HLS-VI.S30.T51UWS.2018080T025541.v2.0.NDVI.tif,S30,T51UWS,2018-03-21,2018080,025541
/home/ec2-user/ndvi_sqs_work/heilongjiang/raw/HLS-VI.S30.T51UWT.2018080T025541.v2.0.NDVI.tif,HLS-VI.S30.T51UWT.2018080T025541.v2.0.NDVI.tif,S30,T51UWT,2018-03-21,2018080,025541
/home/ec2-user/ndvi_sqs_work/heilongjiang/raw/HLS-VI.S30.T51UWV.2018080T025541.v2.0.NDVI.tif,HLS-VI.S30.T51UWV.2018080T025541.v2.0.NDVI.tif,S30,T51UWV,2018-03-21,2018080,025541
/home/ec2-user/ndvi_sqs_work/heilongjiang/raw/HLS-VI.S30.T51UXT.2018080T025541.v2.0.NDVI.tif,HLS-VI.S30.T51UXT.2018080T025541.v2.0.NDVI.tif,S30,T51UXT,2018-03-21,2018080,025541
/home/ec2-user/ndvi_sqs_work/heilongjiang/raw/HLS-VI.S30.T52TFQ.2018080T020649.v2.0.NDVI.tif,HLS-VI.S30.T52TFQ.2018080T020649.v2.0.NDVI.tif,S30,T52TFQ,2018-03-21,2018080,020649
/home/ec2-user/ndvi_sqs_work/heilongjiang/raw/HLS-VI.S30.T52TFR.2018080T020649.v2.0.NDVI.tif,HLS-VI.S30.T52TFR.2018080T020649.v2.0.NDVI.tif,S30,T52TFR,2018-03-21,2018080,020649
/home/ec2-user/ndvi_sqs_work/heilongjiang/raw/HLS-VI.S30.T52TFS.2018080T020649.v2.0.NDVI.tif,HLS-VI.S30.T52TFS.2018080T020649.v2.0.NDVI.tif,S30,T52TFS,2018-03-21,2018080,020649
/home/ec2-user/ndvi_sqs_work/heilongjiang/raw/HLS-VI.S30.T52TFT.2018080T020649.v2.0.NDVI.tif,HLS-VI.S30.T52TFT.2018080T020649.v2.0.NDVI.tif,S30,T52TFT,2018-03-21,2018080,020649
/home/ec2-user/ndvi_sqs_work/heilongjiang/raw/HLS-VI.S30.T52TGQ.2018080T020649.v2.0.NDVI.tif,HLS-VI.S30.T52TGQ.2018080T020649.v2.0.NDVI.tif,S30,T52TGQ,2018-03-21,2018080,020649
/home/ec2-user/ndvi_sqs_work/heilongjiang/raw/HLS-VI.S30.T52TGR.2018080T020649.v2.0.NDVI.tif,HLS-VI.S30.T52TGR.2018080T020649.v2.0.NDVI.tif,S30,T52TGR,2018-03-21,2018080,020649
/home/ec2-user/ndvi_sqs_work/heilongjiang/raw/HLS-VI.S30.T52TGS.2018080T020649.v2.0.NDVI.tif,HLS-VI.S30.T52TGS.2018080T020649.v2.0.NDVI.tif,S30,T52TGS,2018-03-21,2018080,020649
/home/ec2-user/ndvi_sqs_work/heilongjiang/raw/HLS-VI.S30.T52TGT.2018080T020649.v2.0.NDVI.tif,HLS-VI.S30.T52TGT.2018080T020649.v2.0.NDVI.tif,S30,T52TGT,2018-03-21,2018080,020649
/home/ec2-user/ndvi_sqs_work/heilongjiang/raw/HLS-VI.S30.T52UGU.2018080T020649.v2.0.NDVI.tif,HLS-VI.S30.T52UGU.2018080T020649.v2.0.NDVI.tif,S30,T52UGU,2018-03-21,2018080,020649
/home/ec2-user/ndvi_sqs_work/heilongjiang/raw/HLS-VI.S30.T53TLK.2018080T020649.v2.0.NDVI.tif,HLS-VI.S30.T53TLK.2018080T020649.v2.0.NDVI.tif,S30,T53TLK,2018-03-21,2018080,020649
/home/ec2-user/ndvi_sqs_work/heilongjiang/raw/HLS-VI.S30.T53TLL.2018080T020649.v2.0.NDVI.tif,HLS-VI.S30.T53TLL.2018080T020649.v2.0.NDVI.tif,S30,T53TLL,2018-03-21,2018080,020649
/home/ec2-user/ndvi_sqs_work/heilongjiang/raw/HLS-VI.S30.T53TLM.2018080T020649.v2.0.NDVI.tif,HLS-VI.S30.T53TLM.2018080T020649.v2.0.NDVI.tif,S30,T53TLM,2018-03-21,2018080,020649
/home/ec2-user/ndvi_sqs_work/heilongjiang/raw/HLS-VI.S30.T53TLN.2018080T020649.v2.0.NDVI.tif,HLS-VI.S30.T53TLN.2018080T020649.v2.0.NDVI.tif,S30,T53TLN,2018-03-21,2018080,020649
/home/ec2-user/ndvi_sqs_work/heilongjiang/raw/HLS-VI.S30.T53TMM.2018080T020649.v2.0.NDVI.tif,HLS-VI.S30.T53TMM.2018080T020649.v2.0.NDVI.tif,S30,T53TMM,2018-03-21,2018080,020649
/home/ec2-user/ndvi_sqs_work/heilongjiang/raw/HLS-VI.S30.T53TMN.2018080T020649.v2.0.NDVI.tif,HLS-VI.S30.T53TMN.2018080T020649.v2.0.NDVI.tif,S30,T53TMN,2018-03-21,2018080,020649
/home/ec2-user/ndvi_sqs_work/heilongjiang/raw/HLS-VI.S30.T53ULP.2018080T020649.v2.0.NDVI.tif,HLS-VI.S30.T53ULP.2018080T020649.v2.0.NDVI.tif,S30,T53ULP,2018-03-21,2018080,020649
/home/ec2-user/ndvi_sqs_work/heilongjiang/raw/HLS-VI.S30.T53UMP.2018080T020649.v2.0.NDVI.tif,HLS-VI.S30.T53UMP.2018080T020649.v2.0.NDVI.tif,S30,T53UMP,2018-03-21,2018080,020649
/home/ec2-user/ndvi_sqs_work/heilongjiang/raw/HLS-VI.S30.T51TXL.2018081T022651.v2.0.NDVI.tif,HLS-VI.S30.T51TXL.2018081T022651.v2.0.NDVI.tif,S30,T51TXL,2018-03-22,2018081,022651
/home/ec2-user/ndvi_sqs_work/heilongjiang/raw/HLS-VI.S30.T51TYL.2018081T022651.v2.0.NDVI.tif,HLS-VI.S30.T51TYL.2018081T022651.v2.0.NDVI.tif,S30,T51TYL,2018-03-22,2018081,022651
/home/ec2-user/ndvi_sqs_work/heilongjiang/raw/HLS-VI.S30.T51TYM.2018081T022651.v2.0.NDVI.tif,HLS-VI.S30.T51TYM.2018081T022651.v2.0.NDVI.tif,S30,T51TYM,2018-03-22,2018081,022651
/home/ec2-user/ndvi_sqs_work/heilongjiang/raw/HLS-VI.S30.T51TYN.2018081T022651.v2.0.NDVI.tif,HLS-VI.S30.T51TYN.2018081T022651.v2.0.NDVI.tif,S30,T51TYN,2018-03-22,2018081,022651
/home/ec2-user/ndvi_sqs_work/heilongjiang/raw/HLS-VI.S30.T51UYP.2018081T022651.v2.0.NDVI.tif,HLS-VI.S30.T51UYP.2018081T022651.v2.0.NDVI.tif,S30,T51UYP,2018-03-22,2018081,022651
/home/ec2-user/ndvi_sqs_work/heilongjiang/raw/HLS-VI.S30.T51UYQ.2018081T022651.v2.0.NDVI.tif,HLS-VI.S30.T51UYQ.2018081T022651.v2.0.NDVI.tif,S30,T51UYQ,2018-03-22,2018081,022651
/home/ec2-user/ndvi_sqs_work/heilongjiang/raw/HLS-VI.S30.T52TCP.2018081T022651.v2.0.NDVI.tif,HLS-VI.S30.T52TCP.2018081T022651.v2.0.NDVI.tif,S30,T52TCP,2018-03-22,2018081,022651
/home/ec2-user/ndvi_sqs_work/heilongjiang/raw/HLS-VI.S30.T52TCQ.2018081T022651.v2.0.NDVI.tif,HLS-VI.S30.T52TCQ.2018081T022651.v2.0.NDVI.tif,S30,T52TCQ,2018-03-22,2018081,022651
/home/ec2-user/ndvi_sqs_work/heilongjiang/raw/HLS-VI.S30.T52TCR.2018081T022651.v2.0.NDVI.tif,HLS-VI.S30.T52TCR.2018081T022651.v2.0.NDVI.tif,S30,T52TCR,2018-03-22,2018081,022651
/home/ec2-user/ndvi_sqs_work/heilongjiang/raw/HLS-VI.S30.T52TCS.2018081T022651.v2.0.NDVI.tif,HLS-VI.S30.T52TCS.2018081T022651.v2.0.NDVI.tif,S30,T52TCS,2018-03-22,2018081,022651
/home/ec2-user/ndvi_sqs_work/heilongjiang/raw/HLS-VI.S30.T52TCT.2018081T022651.v2.0.NDVI.tif,HLS-VI.S30.T52TCT.2018081T022651.v2.0.NDVI.tif,S30,T52TCT,2018-03-22,2018081,022651
/home/ec2-user/ndvi_sqs_work/heilongjiang/raw/HLS-VI.S30.T52TDP.2018081T022651.v2.0.NDVI.tif,HLS-VI.S30.T52TDP.2018081T022651.v2.0.NDVI.tif,S30,T52TDP,2018-03-22,2018081,022651
/home/ec2-user/ndvi_sqs_work/heilongjiang/raw/HLS-VI.S30.T52TDQ.2018081T022651.v2.0.NDVI.tif,HLS-VI.S30.T52TDQ.2018081T022651.v2.0.NDVI.tif,S30,T52TDQ,2018-03-22,2018081,022651
/home/ec2-user/ndvi_sqs_work/heilongjiang/raw/HLS-VI.S30.T52TDR.2018081T022651.v2.0.NDVI.tif,HLS-VI.S30.T52TDR.2018081T022651.v2.0.NDVI.tif,S30,T52TDR,2018-03-22,2018081,022651
/home/ec2-user/ndvi_sqs_work/heilongjiang/raw/HLS-VI.S30.T52TER.2018081T022651.v2.0.NDVI.tif,HLS-VI.S30.T52TER.2018081T022651.v2.0.NDVI.tif,S30,T52TER,2018-03-22,2018081,022651
/home/ec2-user/ndvi_sqs_work/heilongjiang/raw/HLS-VI.S30.T52UCU.2018081T022651.v2.0.NDVI.tif,HLS-VI.S30.T52UCU.2018081T022651.v2.0.NDVI.tif,S30,T52UCU,2018-03-22,2018081,022651
/home/ec2-user/ndvi_sqs_work/heilongjiang/raw/HLS-VI.S30.T51TVM.2018082T024539.v2.0.NDVI.tif,HLS-VI.S30.T51TVM.2018082T024539.v2.0.NDVI.tif,S30,T51TVM,2018-03-23,2018082,024539
/home/ec2-user/ndvi_sqs_work/heilongjiang/raw/HLS-VI.S30.T51UVP.2018082T024539.v2.0.NDVI.tif,HLS-VI.S30.T51UVP.2018082T024539.v2.0.NDVI.tif,S30,T51UVP,2018-03-23,2018082,024539
/home/ec2-user/ndvi_sqs_work/heilongjiang/raw/HLS-VI.S30.T51UWS.2018082T024539.v2.0.NDVI.tif,HLS-VI.S30.T51UWS.2018082T024539.v2.0.NDVI.tif,S30,T51UWS,2018-03-23,2018082,024539
/home/ec2-user/ndvi_sqs_work/heilongjiang/raw/HLS-VI.S30.T53TLN.2018082T015651.v2.0.NDVI.tif,HLS-VI.S30.T53TLN.2018082T015651.v2.0.NDVI.tif,S30,T53TLN,2018-03-23,2018082,015651
/home/ec2-user/ndvi_sqs_work/heilongjiang/raw/HLS-VI.S30.T51UVT.2018083T030541.v2.0.NDVI.tif,HLS-VI.S30.T51UVT.2018083T030541.v2.0.NDVI.tif,S30,T51UVT,2018-03-24,2018083,030541
/home/ec2-user/ndvi_sqs_work/heilongjiang/raw/HLS-VI.S30.T52TDT.2018083T021559.v2.0.NDVI.tif,HLS-VI.S30.T52TDT.2018083T021559.v2.0.NDVI.tif,S30,T52TDT,2018-03-24,2018083,021559
/home/ec2-user/ndvi_sqs_work/heilongjiang/raw/HLS-VI.S30.T51TWL.2018084T023651.v2.0.NDVI.tif,HLS-VI.S30.T51TWL.2018084T023651.v2.0.NDVI.tif,S30,T51TWL,2018-03-25,2018084,023651
/home/ec2-user/ndvi_sqs_work/heilongjiang/raw/HLS-VI.S30.T51TWM.2018084T023651.v2.0.NDVI.tif,HLS-VI.S30.T51TWM.2018084T023651.v2.0.NDVI.tif,S30,T51TWM,2018-03-25,2018084,023651
/home/ec2-user/ndvi_sqs_work/heilongjiang/raw/HLS-VI.S30.T51TXL.2018084T023651.v2.0.NDVI.tif,HLS-VI.S30.T51TXL.2018084T023651.v2.0.NDVI.tif,S30,T51TXL,2018-03-25,2018084,023651
/home/ec2-user/ndvi_sqs_work/heilongjiang/raw/HLS-VI.S30.T51TYL.2018084T023651.v2.0.NDVI.tif,HLS-VI.S30.T51TYL.2018084T023651.v2.0.NDVI.tif,S30,T51TYL,2018-03-25,2018084,023651
/home/ec2-user/ndvi_sqs_work/heilongjiang/raw/HLS-VI.S30.T51TYM.2018084T023651.v2.0.NDVI.tif,HLS-VI.S30.T51TYM.2018084T023651.v2.0.NDVI.tif,S30,T51TYM,2018-03-25,2018084,023651
/home/ec2-user/ndvi_sqs_work/heilongjiang/raw/HLS-VI.S30.T52TCR.2018084T023651.v2.0.NDVI.tif,HLS-VI.S30.T52TCR.2018084T023651.v2.0.NDVI.tif,S30,T52TCR,2018-03-25,2018084,023651
/home/ec2-user/ndvi_sqs_work/heilongjiang/raw/HLS-VI.S30.T52TCS.2018084T023651.v2.0.NDVI.tif,HLS-VI.S30.T52TCS.2018084T023651.v2.0.NDVI.tif,S30,T52TCS,2018-03-25,2018084,023651
/home/ec2-user/ndvi_sqs_work/heilongjiang/raw/HLS-VI.S30.T51UXT.2018085T025539.v2.0.NDVI.tif,HLS-VI.S30.T51UXT.2018085T025539.v2.0.NDVI.tif,S30,T51UXT,2018-03-26,2018085,025539
/home/ec2-user/ndvi_sqs_work/heilongjiang/raw/HLS-VI.S30.T52TEP.2018085T020651.v2.0.NDVI.tif,HLS-VI.S30.T52TEP.2018085T020651.v2.0.NDVI.tif,S30,T52TEP,2018-03-26,2018085,020651
/home/ec2-user/ndvi_sqs_work/heilongjiang/raw/HLS-VI.S30.T52TEQ.2018085T020651.v2.0.NDVI.tif,HLS-VI.S30.T52TEQ.2018085T020651.v2.0.NDVI.tif,S30,T52TEQ,2018-03-26,2018085,020651
/home/ec2-user/ndvi_sqs_work/heilongjiang/raw/HLS-VI.S30.T52TFP.2018085T020651.v2.0.NDVI.tif,HLS-VI.S30.T52TFP.2018085T020651.v2.0.NDVI.tif,S30,T52TFP,2018-03-26,2018085,020651
/home/ec2-user/ndvi_sqs_work/heilongjiang/raw/HLS-VI.S30.T52TFQ.2018085T020651.v2.0.NDVI.tif,HLS-VI.S30.T52TFQ.2018085T020651.v2.0.NDVI.tif,S30,T52TFQ,2018-03-26,2018085,020651
/home/ec2-user/ndvi_sqs_work/heilongjiang/raw/HLS-VI.S30.T52TFR.2018085T020651.v2.0.NDVI.tif,HLS-VI.S30.T52TFR.2018085T020651.v2.0.NDVI.tif,S30,T52TFR,2018-03-26,2018085,020651
/home/ec2-user/ndvi_sqs_work/heilongjiang/raw/HLS-VI.S30.T52TFS.2018085T020651.v2.0.NDVI.tif,HLS-VI.S30.T52TFS.2018085T020651.v2.0.NDVI.tif,S30,T52TFS,2018-03-26,2018085,020651
/home/ec2-user/ndvi_sqs_work/heilongjiang/raw/HLS-VI.S30.T52TFT.2018085T020651.v2.0.NDVI.tif,HLS-VI.S30.T52TFT.2018085T020651.v2.0.NDVI.tif,S30,T52TFT,2018-03-26,2018085,020651
/home/ec2-user/ndvi_sqs_work/heilongjiang/raw/HLS-VI.S30.T52TGQ.2018085T020651.v2.0.NDVI.tif,HLS-VI.S30.T52TGQ.2018085T020651.v2.0.NDVI.tif,S30,T52TGQ,2018-03-26,2018085,020651
/home/ec2-user/ndvi_sqs_work/heilongjiang/raw/HLS-VI.S30.T52TGT.2018085T020651.v2.0.NDVI.tif,HLS-VI.S30.T52TGT.2018085T020651.v2.0.NDVI.tif,S30,T52TGT,2018-03-26,2018085,020651
/home/ec2-user/ndvi_sqs_work/heilongjiang/raw/HLS-VI.S30.T52UGU.2018085T020651.v2.0.NDVI.tif,HLS-VI.S30.T52UGU.2018085T020651.v2.0.NDVI.tif,S30,T52UGU,2018-03-26,2018085,020651
/home/ec2-user/ndvi_sqs_work/heilongjiang/raw/HLS-VI.S30.T53TLK.2018085T020651.v2.0.NDVI.tif,HLS-VI.S30.T53TLK.2018085T020651.v2.0.NDVI.tif,S30,T53TLK,2018-03-26,2018085,020651
/home/ec2-user/ndvi_sqs_work/heilongjiang/raw/HLS-VI.S30.T53TLL.2018085T020651.v2.0.NDVI.tif,HLS-VI.S30.T53TLL.2018085T020651.v2.0.NDVI.tif,S30,T53TLL,2018-03-26,2018085,020651
/home/ec2-user/ndvi_sqs_work/heilongjiang/raw/HLS-VI.S30.T53TLN.2018085T020651.v2.0.NDVI.tif,HLS-VI.S30.T53TLN.2018085T020651.v2.0.NDVI.tif,S30,T53TLN,2018-03-26,2018085,020651
/home/ec2-user/ndvi_sqs_work/heilongjiang/raw/HLS-VI.S30.T53ULP.2018085T020651.v2.0.NDVI.tif,HLS-VI.S30.T53ULP.2018085T020651.v2.0.NDVI.tif,S30,T53ULP,2018-03-26,2018085,020651
/home/ec2-user/ndvi_sqs_work/heilongjiang/raw/HLS-VI.S30.T53UMP.2018085T020651.v2.0.NDVI.tif,HLS-VI.S30.T53UMP.2018085T020651.v2.0.NDVI.tif,S30,T53UMP,2018-03-26,2018085,020651
/home/ec2-user/ndvi_sqs_work/heilongjiang/raw/HLS-VI.S30.T51UXP.2018087T024651.v2.0.NDVI.tif,HLS-VI.S30.T51UXP.2018087T024651.v2.0.NDVI.tif,S30,T51UXP,2018-03-28,2018087,024651
/home/ec2-user/ndvi_sqs_work/heilongjiang/raw/HLS-VI.S30.T51UXR.2018087T024651.v2.0.NDVI.tif,HLS-VI.S30.T51UXR.2018087T024651.v2.0.NDVI.tif,S30,T51UXR,2018-03-28,2018087,024651
/home/ec2-user/ndvi_sqs_work/heilongjiang/raw/HLS-VI.S30.T51UYR.2018087T024651.v2.0.NDVI.tif,HLS-VI.S30.T51UYR.2018087T024651.v2.0.NDVI.tif,S30,T51UYR,2018-03-28,2018087,024651
/home/ec2-user/ndvi_sqs_work/heilongjiang/raw/HLS-VI.S30.T51UVT.2018088T030539.v2.0.NDVI.tif,HLS-VI.S30.T51UVT.2018088T030539.v2.0.NDVI.tif,S30,T51UVT,2018-03-29,2018088,030539
/home/ec2-user/ndvi_sqs_work/heilongjiang/raw/HLS-VI.S30.T51UWV.2018088T030539.v2.0.NDVI.tif,HLS-VI.S30.T51UWV.2018088T030539.v2.0.NDVI.tif,S30,T51UWV,2018-03-29,2018088,030539
/home/ec2-user/ndvi_sqs_work/heilongjiang/raw/HLS-VI.S30.T52TES.2018088T021651.v2.0.NDVI.tif,HLS-VI.S30.T52TES.2018088T021651.v2.0.NDVI.tif,S30,T52TES,2018-03-29,2018088,021651
/home/ec2-user/ndvi_sqs_work/heilongjiang/raw/HLS-VI.S30.T52TET.2018088T021651.v2.0.NDVI.tif,HLS-VI.S30.T52TET.2018088T021651.v2.0.NDVI.tif,S30,T52TET,2018-03-29,2018088,021651
/home/ec2-user/ndvi_sqs_work/heilongjiang/raw/HLS-VI.S30.T52TFS.2018088T021651.v2.0.NDVI.tif,HLS-VI.S30.T52TFS.2018088T021651.v2.0.NDVI.tif,S30,T52TFS,2018-03-29,2018088,021651
/home/ec2-user/ndvi_sqs_work/heilongjiang/raw/HLS-VI.S30.T52TFT.2018088T021651.v2.0.NDVI.tif,HLS-VI.S30.T52TFT.2018088T021651.v2.0.NDVI.tif,S30,T52TFT,2018-03-29,2018088,021651
/home/ec2-user/ndvi_sqs_work/heilongjiang/raw/HLS-VI.S30.T52TGS.2018088T021651.v2.0.NDVI.tif,HLS-VI.S30.T52TGS.2018088T021651.v2.0.NDVI.tif,S30,T52TGS,2018-03-29,2018088,021651
/home/ec2-user/ndvi_sqs_work/heilongjiang/raw/HLS-VI.S30.T52UDU.2018088T021651.v2.0.NDVI.tif,HLS-VI.S30.T52UDU.2018088T021651.v2.0.NDVI.tif,S30,T52UDU,2018-03-29,2018088,021651
/home/ec2-user/ndvi_sqs_work/heilongjiang/raw/HLS-VI.S30.T52UEV.2018088T021651.v2.0.NDVI.tif,HLS-VI.S30.T52UEV.2018088T021651.v2.0.NDVI.tif,S30,T52UEV,2018-03-29,2018088,021651
/home/ec2-user/ndvi_sqs_work/heilongjiang/raw/HLS-VI.S30.T52UFV.2018088T021651.v2.0.NDVI.tif,HLS-VI.S30.T52UFV.2018088T021651.v2.0.NDVI.tif,S30,T52UFV,2018-03-29,2018088,021651
/home/ec2-user/ndvi_sqs_work/heilongjiang/raw/HLS-VI.S30.T51TXN.2018089T023549.v2.0.NDVI.tif,HLS-VI.S30.T51TXN.2018089T023549.v2.0.NDVI.tif,S30,T51TXN,2018-03-30,2018089,023549
/home/ec2-user/ndvi_sqs_work/heilongjiang/raw/HLS-VI.S30.T51TYN.2018089T023549.v2.0.NDVI.tif,HLS-VI.S30.T51TYN.2018089T023549.v2.0.NDVI.tif,S30,T51TYN,2018-03-30,2018089,023549
/home/ec2-user/ndvi_sqs_work/heilongjiang/raw/HLS-VI.S30.T51UWP.2018089T023549.v2.0.NDVI.tif,HLS-VI.S30.T51UWP.2018089T023549.v2.0.NDVI.tif,S30,T51UWP,2018-03-30,2018089,023549
/home/ec2-user/ndvi_sqs_work/heilongjiang/raw/HLS-VI.S30.T51UXP.2018089T023549.v2.0.NDVI.tif,HLS-VI.S30.T51UXP.2018089T023549.v2.0.NDVI.tif,S30,T51UXP,2018-03-30,2018089,023549
/home/ec2-user/ndvi_sqs_work/heilongjiang/raw/HLS-VI.S30.T51UXQ.2018089T023549.v2.0.NDVI.tif,HLS-VI.S30.T51UXQ.2018089T023549.v2.0.NDVI.tif,S30,T51UXQ,2018-03-30,2018089,023549
/home/ec2-user/ndvi_sqs_work/heilongjiang/raw/HLS-VI.S30.T51UYP.2018089T023549.v2.0.NDVI.tif,HLS-VI.S30.T51UYP.2018089T023549.v2.0.NDVI.tif,S30,T51UYP,2018-03-30,2018089,023549
/home/ec2-user/ndvi_sqs_work/heilongjiang/raw/HLS-VI.S30.T51UYQ.2018089T023549.v2.0.NDVI.tif,HLS-VI.S30.T51UYQ.2018089T023549.v2.0.NDVI.tif,S30,T51UYQ,2018-03-30,2018089,023549
/home/ec2-user/ndvi_sqs_work/heilongjiang/raw/HLS-VI.S30.T52TCT.2018089T023549.v2.0.NDVI.tif,HLS-VI.S30.T52TCT.2018089T023549.v2.0.NDVI.tif,S30,T52TCT,2018-03-30,2018089,023549
/home/ec2-user/ndvi_sqs_work/heilongjiang/raw/HLS-VI.S30.T52TDT.2018089T023549.v2.0.NDVI.tif,HLS-VI.S30.T52TDT.2018089T023549.v2.0.NDVI.tif,S30,T52TDT,2018-03-30,2018089,023549
/home/ec2-user/ndvi_sqs_work/heilongjiang/raw/HLS-VI.S30.T52UCU.2018089T023549.v2.0.NDVI.tif,HLS-VI.S30.T52UCU.2018089T023549.v2.0.NDVI.tif,S30,T52UCU,2018-03-30,2018089,023549
/home/ec2-user/ndvi_sqs_work/heilongjiang/raw/HLS-VI.S30.T52UCV.2018089T023549.v2.0.NDVI.tif,HLS-VI.S30.T52UCV.2018089T023549.v2.0.NDVI.tif,S30,T52UCV,2018-03-30,2018089,023549
/home/ec2-user/ndvi_sqs_work/heilongjiang/raw/HLS-VI.S30.T52UDU.2018089T023549.v2.0.NDVI.tif,HLS-VI.S30.T52UDU.2018089T023549.v2.0.NDVI.tif,S30,T52UDU,2018-03-30,2018089,023549
/home/ec2-user/ndvi_sqs_work/heilongjiang/raw/HLS-VI.S30.T52UDV.2018089T023549.v2.0.NDVI.tif,HLS-VI.S30.T52UDV.2018089T023549.v2.0.NDVI.tif,S30,T52UDV,2018-03-30,2018089,023549
/home/ec2-user/ndvi_sqs_work/heilongjiang/raw/HLS-VI.S30.T51UWP.2018094T023551.v2.0.NDVI.tif,HLS-VI.S30.T51UWP.2018094T023551.v2.0.NDVI.tif,S30,T51UWP,2018-04-04,2018094,023551
/home/ec2-user/ndvi_sqs_work/heilongjiang/raw/HLS-VI.S30.T51UXR.2018094T023551.v2.0.NDVI.tif,HLS-VI.S30.T51UXR.2018094T023551.v2.0.NDVI.tif,S30,T51UXR,2018-04-04,2018094,023551
/home/ec2-user/ndvi_sqs_work/heilongjiang/raw/HLS-VI.S30.T51UXS.2018094T023551.v2.0.NDVI.tif,HLS-VI.S30.T51UXS.2018094T023551.v2.0.NDVI.tif,S30,T51UXS,2018-04-04,2018094,023551
/home/ec2-user/ndvi_sqs_work/heilongjiang/raw/HLS-VI.S30.T51UXT.2018094T023551.v2.0.NDVI.tif,HLS-VI.S30.T51UXT.2018094T023551.v2.0.NDVI.tif,S30,T51UXT,2018-04-04,2018094,023551
/home/ec2-user/ndvi_sqs_work/heilongjiang/raw/HLS-VI.S30.T51UXU.2018094T023551.v2.0.NDVI.tif,HLS-VI.S30.T51UXU.2018094T023551.v2.0.NDVI.tif,S30,T51UXU,2018-04-04,2018094,023551
/home/ec2-user/ndvi_sqs_work/heilongjiang/raw/HLS-VI.S30.T51UYR.2018094T023551.v2.0.NDVI.tif,HLS-VI.S30.T51UYR.2018094T023551.v2.0.NDVI.tif,S30,T51UYR,2018-04-04,2018094,023551
/home/ec2-user/ndvi_sqs_work/heilongjiang/raw/HLS-VI.S30.T51UYS.2018094T023551.v2.0.NDVI.tif,HLS-VI.S30.T51UYS.2018094T023551.v2.0.NDVI.tif,S30,T51UYS,2018-04-04,2018094,023551
/home/ec2-user/ndvi_sqs_work/heilongjiang/raw/HLS-VI.S30.T52UCA.2018094T023551.v2.0.NDVI.tif,HLS-VI.S30.T52UCA.2018094T023551.v2.0.NDVI.tif,S30,T52UCA,2018-04-04,2018094,023551
/home/ec2-user/ndvi_sqs_work/heilongjiang/raw/HLS-VI.S30.T52UCB.2018094T023551.v2.0.NDVI.tif,HLS-VI.S30.T52UCB.2018094T023551.v2.0.NDVI.tif,S30,T52UCB,2018-04-04,2018094,023551
/home/ec2-user/ndvi_sqs_work/heilongjiang/raw/HLS-VI.S30.T52UDA.2018094T023551.v2.0.NDVI.tif,HLS-VI.S30.T52UDA.2018094T023551.v2.0.NDVI.tif,S30,T52UDA,2018-04-04,2018094,023551
/home/ec2-user/ndvi_sqs_work/heilongjiang/raw/HLS-VI.S30.T51UWS.2018095T025539.v2.0.NDVI.tif,HLS-VI.S30.T51UWS.2018095T025539.v2.0.NDVI.tif,S30,T51UWS,2018-04-05,2018095,025539
/home/ec2-user/ndvi_sqs_work/heilongjiang/raw/HLS-VI.S30.T51UXS.2018095T025539.v2.0.NDVI.tif,HLS-VI.S30.T51UXS.2018095T025539.v2.0.NDVI.tif,S30,T51UXS,2018-04-05,2018095,025539
/home/ec2-user/ndvi_sqs_work/heilongjiang/raw/HLS-VI.S30.T51UXU.2018095T025539.v2.0.NDVI.tif,HLS-VI.S30.T51UXU.2018095T025539.v2.0.NDVI.tif,S30,T51UXU,2018-04-05,2018095,025539
/home/ec2-user/ndvi_sqs_work/heilongjiang/raw/HLS-VI.S30.T52TGS.2018095T020651.v2.0.NDVI.tif,HLS-VI.S30.T52TGS.2018095T020651.v2.0.NDVI.tif,S30,T52TGS,2018-04-05,2018095,020651
/home/ec2-user/ndvi_sqs_work/heilongjiang/raw/HLS-VI.S30.T52UGU.2018095T020651.v2.0.NDVI.tif,HLS-VI.S30.T52UGU.2018095T020651.v2.0.NDVI.tif,S30,T52UGU,2018-04-05,2018095,020651
/home/ec2-user/ndvi_sqs_work/heilongjiang/raw/HLS-VI.S30.T53TLM.2018095T020651.v2.0.NDVI.tif,HLS-VI.S30.T53TLM.2018095T020651.v2.0.NDVI.tif,S30,T53TLM,2018-04-05,2018095,020651
/home/ec2-user/ndvi_sqs_work/heilongjiang/raw/HLS-VI.S30.T53TLN.2018095T020651.v2.0.NDVI.tif,HLS-VI.S30.T53TLN.2018095T020651.v2.0.NDVI.tif,S30,T53TLN,2018-04-05,2018095,020651
/home/ec2-user/ndvi_sqs_work/heilongjiang/raw/HLS-VI.S30.T53TMM.2018095T020651.v2.0.NDVI.tif,HLS-VI.S30.T53TMM.2018095T020651.v2.0.NDVI.tif,S30,T53TMM,2018-04-05,2018095,020651
/home/ec2-user/ndvi_sqs_work/heilongjiang/raw/HLS-VI.S30.T53TMN.2018095T020651.v2.0.NDVI.tif,HLS-VI.S30.T53TMN.2018095T020651.v2.0.NDVI.tif,S30,T53TMN,2018-04-05,2018095,020651
/home/ec2-user/ndvi_sqs_work/heilongjiang/raw/HLS-VI.S30.T53ULP.2018095T020651.v2.0.NDVI.tif,HLS-VI.S30.T53ULP.2018095T020651.v2.0.NDVI.tif,S30,T53ULP,2018-04-05,2018095,020651
/home/ec2-user/ndvi_sqs_work/heilongjiang/raw/HLS-VI.S30.T53UMP.2018095T020651.v2.0.NDVI.tif,HLS-VI.S30.T53UMP.2018095T020651.v2.0.NDVI.tif,S30,T53UMP,2018-04-05,2018095,020651
/home/ec2-user/ndvi_sqs_work/heilongjiang/raw/HLS-VI.S30.T51UYQ.2018096T022549.v2.0.NDVI.tif,HLS-VI.S30.T51UYQ.2018096T022549.v2.0.NDVI.tif,S30,T51UYQ,2018-04-06,2018096,022549
/home/ec2-user/ndvi_sqs_work/heilongjiang/raw/HLS-VI.S30.T52TFT.2018096T022549.v2.0.NDVI.tif,HLS-VI.S30.T52TFT.2018096T022549.v2.0.NDVI.tif,S30,T52TFT,2018-04-06,2018096,022549
/home/ec2-user/ndvi_sqs_work/heilongjiang/raw/HLS-VI.S30.T52UCA.2018096T022549.v2.0.NDVI.tif,HLS-VI.S30.T52UCA.2018096T022549.v2.0.NDVI.tif,S30,T52UCA,2018-04-06,2018096,022549
/home/ec2-user/ndvi_sqs_work/heilongjiang/raw/HLS-VI.S30.T52UCV.2018096T022549.v2.0.NDVI.tif,HLS-VI.S30.T52UCV.2018096T022549.v2.0.NDVI.tif,S30,T52UCV,2018-04-06,2018096,022549
/home/ec2-user/ndvi_sqs_work/heilongjiang/raw/HLS-VI.S30.T52UDA.2018096T022549.v2.0.NDVI.tif,HLS-VI.S30.T52UDA.2018096T022549.v2.0.NDVI.tif,S30,T52UDA,2018-04-06,2018096,022549
/home/ec2-user/ndvi_sqs_work/heilongjiang/raw/HLS-VI.S30.T52UDV.2018096T022549.v2.0.NDVI.tif,HLS-VI.S30.T52UDV.2018096T022549.v2.0.NDVI.tif,S30,T52UDV,2018-04-06,2018096,022549
/home/ec2-user/ndvi_sqs_work/heilongjiang/raw/HLS-VI.S30.T52UEU.2018096T022549.v2.0.NDVI.tif,HLS-VI.S30.T52UEU.2018096T022549.v2.0.NDVI.tif,S30,T52UEU,2018-04-06,2018096,022549
/home/ec2-user/ndvi_sqs_work/heilongjiang/raw/HLS-VI.S30.T52UFU.2018096T022549.v2.0.NDVI.tif,HLS-VI.S30.T52UFU.2018096T022549.v2.0.NDVI.tif,S30,T52UFU,2018-04-06,2018096,022549
/home/ec2-user/ndvi_sqs_work/heilongjiang/raw/HLS-VI.S30.T51TVN.2018097T024551.v2.0.NDVI.tif,HLS-VI.S30.T51TVN.2018097T024551.v2.0.NDVI.tif,S30,T51TVN,2018-04-07,2018097,024551
/home/ec2-user/ndvi_sqs_work/heilongjiang/raw/HLS-VI.S30.T51TWN.2018097T024551.v2.0.NDVI.tif,HLS-VI.S30.T51TWN.2018097T024551.v2.0.NDVI.tif,S30,T51TWN,2018-04-07,2018097,024551
/home/ec2-user/ndvi_sqs_work/heilongjiang/raw/HLS-VI.S30.T51UWP.2018097T024551.v2.0.NDVI.tif,HLS-VI.S30.T51UWP.2018097T024551.v2.0.NDVI.tif,S30,T51UWP,2018-04-07,2018097,024551
/home/ec2-user/ndvi_sqs_work/heilongjiang/raw/HLS-VI.S30.T51UXP.2018097T024551.v2.0.NDVI.tif,HLS-VI.S30.T51UXP.2018097T024551.v2.0.NDVI.tif,S30,T51UXP,2018-04-07,2018097,024551
/home/ec2-user/ndvi_sqs_work/heilongjiang/raw/HLS-VI.S30.T51UVV.2018098T030539.v2.0.NDVI.tif,HLS-VI.S30.T51UVV.2018098T030539.v2.0.NDVI.tif,S30,T51UVV,2018-04-08,2018098,030539
/home/ec2-user/ndvi_sqs_work/heilongjiang/raw/HLS-VI.S30.T51UWV.2018098T030539.v2.0.NDVI.tif,HLS-VI.S30.T51UWV.2018098T030539.v2.0.NDVI.tif,S30,T51UWV,2018-04-08,2018098,030539
/home/ec2-user/ndvi_sqs_work/heilongjiang/raw/HLS-VI.S30.T51TWN.2018099T023549.v2.0.NDVI.tif,HLS-VI.S30.T51TWN.2018099T023549.v2.0.NDVI.tif,S30,T51TWN,2018-04-09,2018099,023549
/home/ec2-user/ndvi_sqs_work/heilongjiang/raw/HLS-VI.S30.T51TXL.2018099T023549.v2.0.NDVI.tif,HLS-VI.S30.T51TXL.2018099T023549.v2.0.NDVI.tif,S30,T51TXL,2018-04-09,2018099,023549
/home/ec2-user/ndvi_sqs_work/heilongjiang/raw/HLS-VI.S30.T51TXN.2018099T023549.v2.0.NDVI.tif,HLS-VI.S30.T51TXN.2018099T023549.v2.0.NDVI.tif,S30,T51TXN,2018-04-09,2018099,023549
/home/ec2-user/ndvi_sqs_work/heilongjiang/raw/HLS-VI.S30.T51TYN.2018099T023549.v2.0.NDVI.tif,HLS-VI.S30.T51TYN.2018099T023549.v2.0.NDVI.tif,S30,T51TYN,2018-04-09,2018099,023549
/home/ec2-user/ndvi_sqs_work/heilongjiang/raw/HLS-VI.S30.T51UWP.2018099T023549.v2.0.NDVI.tif,HLS-VI.S30.T51UWP.2018099T023549.v2.0.NDVI.tif,S30,T51UWP,2018-04-09,2018099,023549
/home/ec2-user/ndvi_sqs_work/heilongjiang/raw/HLS-VI.S30.T51UXP.2018099T023549.v2.0.NDVI.tif,HLS-VI.S30.T51UXP.2018099T023549.v2.0.NDVI.tif,S30,T51UXP,2018-04-09,2018099,023549
/home/ec2-user/ndvi_sqs_work/heilongjiang/raw/HLS-VI.S30.T51UXQ.2018099T023549.v2.0.NDVI.tif,HLS-VI.S30.T51UXQ.2018099T023549.v2.0.NDVI.tif,S30,T51UXQ,2018-04-09,2018099,023549
/home/ec2-user/ndvi_sqs_work/heilongjiang/raw/HLS-VI.S30.T51UXR.2018099T023549.v2.0.NDVI.tif,HLS-VI.S30.T51UXR.2018099T023549.v2.0.NDVI.tif,S30,T51UXR,2018-04-09,2018099,023549
/home/ec2-user/ndvi_sqs_work/heilongjiang/raw/HLS-VI.S30.T51UXS.2018099T023549.v2.0.NDVI.tif,HLS-VI.S30.T51UXS.2018099T023549.v2.0.NDVI.tif,S30,T51UXS,2018-04-09,2018099,023549
/home/ec2-user/ndvi_sqs_work/heilongjiang/raw/HLS-VI.S30.T51UXT.2018099T023549.v2.0.NDVI.tif,HLS-VI.S30.T51UXT.2018099T023549.v2.0.NDVI.tif,S30,T51UXT,2018-04-09,2018099,023549
/home/ec2-user/ndvi_sqs_work/heilongjiang/raw/HLS-VI.S30.T51UXU.2018099T023549.v2.0.NDVI.tif,HLS-VI.S30.T51UXU.2018099T023549.v2.0.NDVI.tif,S30,T51UXU,2018-04-09,2018099,023549
/home/ec2-user/ndvi_sqs_work/heilongjiang/raw/HLS-VI.S30.T51UYS.2018099T023549.v2.0.NDVI.tif,HLS-VI.S30.T51UYS.2018099T023549.v2.0.NDVI.tif,S30,T51UYS,2018-04-09,2018099,023549
/home/ec2-user/ndvi_sqs_work/heilongjiang/raw/HLS-VI.S30.T51UYT.2018099T023549.v2.0.NDVI.tif,HLS-VI.S30.T51UYT.2018099T023549.v2.0.NDVI.tif,S30,T51UYT,2018-04-09,2018099,023549
/home/ec2-user/ndvi_sqs_work/heilongjiang/raw/HLS-VI.S30.T51UYU.2018099T023549.v2.0.NDVI.tif,HLS-VI.S30.T51UYU.2018099T023549.v2.0.NDVI.tif,S30,T51UYU,2018-04-09,2018099,023549
/home/ec2-user/ndvi_sqs_work/heilongjiang/raw/HLS-VI.S30.T52TCS.2018099T023549.v2.0.NDVI.tif,HLS-VI.S30.T52TCS.2018099T023549.v2.0.NDVI.tif,S30,T52TCS,2018-04-09,2018099,023549
/home/ec2-user/ndvi_sqs_work/heilongjiang/raw/HLS-VI.S30.T52UCB.2018099T023549.v2.0.NDVI.tif,HLS-VI.S30.T52UCB.2018099T023549.v2.0.NDVI.tif,S30,T52UCB,2018-04-09,2018099,023549
/home/ec2-user/ndvi_sqs_work/heilongjiang/raw/HLS-VI.S30.T52UCD.2018099T023549.v2.0.NDVI.tif,HLS-VI.S30.T52UCD.2018099T023549.v2.0.NDVI.tif,S30,T52UCD,2018-04-09,2018099,023549
/home/ec2-user/ndvi_sqs_work/heilongjiang/raw/HLS-VI.S30.T51TVN.2018105T025539.v2.0.NDVI.tif,HLS-VI.S30.T51TVN.2018105T025539.v2.0.NDVI.tif,S30,T51TVN,2018-04-15,2018105,025539
/home/ec2-user/ndvi_sqs_work/heilongjiang/raw/HLS-VI.S30.T51UVS.2018105T025539.v2.0.NDVI.tif,HLS-VI.S30.T51UVS.2018105T025539.v2.0.NDVI.tif,S30,T51UVS,2018-04-15,2018105,025539
/home/ec2-user/ndvi_sqs_work/heilongjiang/raw/HLS-VI.S30.T51UVT.2018105T025539.v2.0.NDVI.tif,HLS-VI.S30.T51UVT.2018105T025539.v2.0.NDVI.tif,S30,T51UVT,2018-04-15,2018105,025539
/home/ec2-user/ndvi_sqs_work/heilongjiang/raw/HLS-VI.S30.T51UVU.2018105T025539.v2.0.NDVI.tif,HLS-VI.S30.T51UVU.2018105T025539.v2.0.NDVI.tif,S30,T51UVU,2018-04-15,2018105,025539
/home/ec2-user/ndvi_sqs_work/heilongjiang/raw/HLS-VI.S30.T51UWV.2018105T025539.v2.0.NDVI.tif,HLS-VI.S30.T51UWV.2018105T025539.v2.0.NDVI.tif,S30,T51UWV,2018-04-15,2018105,025539
/home/ec2-user/ndvi_sqs_work/heilongjiang/raw/HLS-VI.S30.T51UXS.2018105T025539.v2.0.NDVI.tif,HLS-VI.S30.T51UXS.2018105T025539.v2.0.NDVI.tif,S30,T51UXS,2018-04-15,2018105,025539
/home/ec2-user/ndvi_sqs_work/heilongjiang/raw/HLS-VI.S30.T51UXT.2018105T025539.v2.0.NDVI.tif,HLS-VI.S30.T51UXT.2018105T025539.v2.0.NDVI.tif,S30,T51UXT,2018-04-15,2018105,025539
/home/ec2-user/ndvi_sqs_work/heilongjiang/raw/HLS-VI.S30.T51UXU.2018105T025539.v2.0.NDVI.tif,HLS-VI.S30.T51UXU.2018105T025539.v2.0.NDVI.tif,S30,T51UXU,2018-04-15,2018105,025539
/home/ec2-user/ndvi_sqs_work/heilongjiang/raw/HLS-VI.S30.T51UXV.2018105T025539.v2.0.NDVI.tif,HLS-VI.S30.T51UXV.2018105T025539.v2.0.NDVI.tif,S30,T51UXV,2018-04-15,2018105,025539
/home/ec2-user/ndvi_sqs_work/heilongjiang/raw/HLS-VI.S30.T51TYL.2018106T022549.v2.0.NDVI.tif,HLS-VI.S30.T51TYL.2018106T022549.v2.0.NDVI.tif,S30,T51TYL,2018-04-16,2018106,022549
/home/ec2-user/ndvi_sqs_work/heilongjiang/raw/HLS-VI.S30.T52TCP.2018106T022549.v2.0.NDVI.tif,HLS-VI.S30.T52TCP.2018106T022549.v2.0.NDVI.tif,S30,T52TCP,2018-04-16,2018106,022549
/home/ec2-user/ndvi_sqs_work/heilongjiang/raw/HLS-VI.S30.T52TCQ.2018106T022549.v2.0.NDVI.tif,HLS-VI.S30.T52TCQ.2018106T022549.v2.0.NDVI.tif,S30,T52TCQ,2018-04-16,2018106,022549
/home/ec2-user/ndvi_sqs_work/heilongjiang/raw/HLS-VI.S30.T52TDP.2018106T022549.v2.0.NDVI.tif,HLS-VI.S30.T52TDP.2018106T022549.v2.0.NDVI.tif,S30,T52TDP,2018-04-16,2018106,022549
/home/ec2-user/ndvi_sqs_work/heilongjiang/raw/HLS-VI.S30.T52TDQ.2018106T022549.v2.0.NDVI.tif,HLS-VI.S30.T52TDQ.2018106T022549.v2.0.NDVI.tif,S30,T52TDQ,2018-04-16,2018106,022549
/home/ec2-user/ndvi_sqs_work/heilongjiang/raw/HLS-VI.S30.T52TDR.2018106T022549.v2.0.NDVI.tif,HLS-VI.S30.T52TDR.2018106T022549.v2.0.NDVI.tif,S30,T52TDR,2018-04-16,2018106,022549
/home/ec2-user/ndvi_sqs_work/heilongjiang/raw/HLS-VI.S30.T52TDS.2018106T022549.v2.0.NDVI.tif,HLS-VI.S30.T52TDS.2018106T022549.v2.0.NDVI.tif,S30,T52TDS,2018-04-16,2018106,022549
/home/ec2-user/ndvi_sqs_work/heilongjiang/raw/HLS-VI.S30.T52TDT.2018106T022549.v2.0.NDVI.tif,HLS-VI.S30.T52TDT.2018106T022549.v2.0.NDVI.tif,S30,T52TDT,2018-04-16,2018106,022549
/home/ec2-user/ndvi_sqs_work/heilongjiang/raw/HLS-VI.S30.T52TER.2018106T022549.v2.0.NDVI.tif,HLS-VI.S30.T52TER.2018106T022549.v2.0.NDVI.tif,S30,T52TER,2018-04-16,2018106,022549
/home/ec2-user/ndvi_sqs_work/heilongjiang/raw/HLS-VI.S30.T52TES.2018106T022549.v2.0.NDVI.tif,HLS-VI.S30.T52TES.2018106T022549.v2.0.NDVI.tif,S30,T52TES,2018-04-16,2018106,022549
/home/ec2-user/ndvi_sqs_work/heilongjiang/raw/HLS-VI.S30.T52TET.2018106T022549.v2.0.NDVI.tif,HLS-VI.S30.T52TET.2018106T022549.v2.0.NDVI.tif,S30,T52TET,2018-04-16,2018106,022549
/home/ec2-user/ndvi_sqs_work/heilongjiang/raw/HLS-VI.S30.T52TFT.2018106T022549.v2.0.NDVI.tif,HLS-VI.S30.T52TFT.2018106T022549.v2.0.NDVI.tif,S30,T52TFT,2018-04-16,2018106,022549
/home/ec2-user/ndvi_sqs_work/heilongjiang/raw/HLS-VI.S30.T52UDU.2018106T022549.v2.0.NDVI.tif,HLS-VI.S30.T52UDU.2018106T022549.v2.0.NDVI.tif,S30,T52UDU,2018-04-16,2018106,022549
/home/ec2-user/ndvi_sqs_work/heilongjiang/raw/HLS-VI.S30.T52UDV.2018106T022549.v2.0.NDVI.tif,HLS-VI.S30.T52UDV.2018106T022549.v2.0.NDVI.tif,S30,T52UDV,2018-04-16,2018106,022549
/home/ec2-user/ndvi_sqs_work/heilongjiang/raw/HLS-VI.S30.T52UEU.2018106T022549.v2.0.NDVI.tif,HLS-VI.S30.T52UEU.2018106T022549.v2.0.NDVI.tif,S30,T52UEU,2018-04-16,2018106,022549
/home/ec2-user/ndvi_sqs_work/heilongjiang/raw/HLS-VI.S30.T52UEV.2018106T022549.v2.0.NDVI.tif,HLS-VI.S30.T52UEV.2018106T022549.v2.0.NDVI.tif,S30,T52UEV,2018-04-16,2018106,022549
/home/ec2-user/ndvi_sqs_work/heilongjiang/raw/HLS-VI.S30.T52UFU.2018106T022549.v2.0.NDVI.tif,HLS-VI.S30.T52UFU.2018106T022549.v2.0.NDVI.tif,S30,T52UFU,2018-04-16,2018106,022549
/home/ec2-user/ndvi_sqs_work/heilongjiang/raw/HLS-VI.S30.T52UFV.2018106T022549.v2.0.NDVI.tif,HLS-VI.S30.T52UFV.2018106T022549.v2.0.NDVI.tif,S30,T52UFV,2018-04-16,2018106,022549
/home/ec2-user/ndvi_sqs_work/heilongjiang/raw/HLS-VI.S30.T51UWV.2018107T024551.v2.0.NDVI.tif,HLS-VI.S30.T51UWV.2018107T024551.v2.0.NDVI.tif,S30,T51UWV,2018-04-17,2018107,024551
/home/ec2-user/ndvi_sqs_work/heilongjiang/raw/HLS-VI.S30.T51UXU.2018107T024551.v2.0.NDVI.tif,HLS-VI.S30.T51UXU.2018107T024551.v2.0.NDVI.tif,S30,T51UXU,2018-04-17,2018107,024551
/home/ec2-user/ndvi_sqs_work/heilongjiang/raw/HLS-VI.S30.T51UXV.2018107T024551.v2.0.NDVI.tif,HLS-VI.S30.T51UXV.2018107T024551.v2.0.NDVI.tif,S30,T51UXV,2018-04-17,2018107,024551
/home/ec2-user/ndvi_sqs_work/heilongjiang/raw/HLS-VI.S30.T51UVV.2018108T030539.v2.0.NDVI.tif,HLS-VI.S30.T51UVV.2018108T030539.v2.0.NDVI.tif,S30,T51UVV,2018-04-18,2018108,030539
/home/ec2-user/ndvi_sqs_work/heilongjiang/raw/HLS-VI.S30.T51UWV.2018108T030539.v2.0.NDVI.tif,HLS-VI.S30.T51UWV.2018108T030539.v2.0.NDVI.tif,S30,T51UWV,2018-04-18,2018108,030539
/home/ec2-user/ndvi_sqs_work/heilongjiang/raw/HLS-VI.S30.T52TCP.2018108T021601.v2.0.NDVI.tif,HLS-VI.S30.T52TCP.2018108T021601.v2.0.NDVI.tif,S30,T52TCP,2018-04-18,2018108,021601
/home/ec2-user/ndvi_sqs_work/heilongjiang/raw/HLS-VI.S30.T52TCQ.2018108T021601.v2.0.NDVI.tif,HLS-VI.S30.T52TCQ.2018108T021601.v2.0.NDVI.tif,S30,T52TCQ,2018-04-18,2018108,021601
/home/ec2-user/ndvi_sqs_work/heilongjiang/raw/HLS-VI.S30.T52TEP.2018108T021601.v2.0.NDVI.tif,HLS-VI.S30.T52TEP.2018108T021601.v2.0.NDVI.tif,S30,T52TEP,2018-04-18,2018108,021601
/home/ec2-user/ndvi_sqs_work/heilongjiang/raw/HLS-VI.S30.T52TEQ.2018108T021601.v2.0.NDVI.tif,HLS-VI.S30.T52TEQ.2018108T021601.v2.0.NDVI.tif,S30,T52TEQ,2018-04-18,2018108,021601
/home/ec2-user/ndvi_sqs_work/heilongjiang/raw/HLS-VI.S30.T52TFP.2018108T021601.v2.0.NDVI.tif,HLS-VI.S30.T52TFP.2018108T021601.v2.0.NDVI.tif,S30,T52TFP,2018-04-18,2018108,021601
/home/ec2-user/ndvi_sqs_work/heilongjiang/raw/HLS-VI.S30.T52TFQ.2018108T021601.v2.0.NDVI.tif,HLS-VI.S30.T52TFQ.2018108T021601.v2.0.NDVI.tif,S30,T52TFQ,2018-04-18,2018108,021601
/home/ec2-user/ndvi_sqs_work/heilongjiang/raw/HLS-VI.S30.T52UEV.2018108T021601.v2.0.NDVI.tif,HLS-VI.S30.T52UEV.2018108T021601.v2.0.NDVI.tif,S30,T52UEV,2018-04-18,2018108,021601
/home/ec2-user/ndvi_sqs_work/heilongjiang/raw/HLS-VI.S30.T51TWN.2018109T023549.v2.0.NDVI.tif,HLS-VI.S30.T51TWN.2018109T023549.v2.0.NDVI.tif,S30,T51TWN,2018-04-19,2018109,023549
/home/ec2-user/ndvi_sqs_work/heilongjiang/raw/HLS-VI.S30.T51TXM.2018109T023549.v2.0.NDVI.tif,HLS-VI.S30.T51TXM.2018109T023549.v2.0.NDVI.tif,S30,T51TXM,2018-04-19,2018109,023549
/home/ec2-user/ndvi_sqs_work/heilongjiang/raw/HLS-VI.S30.T51TXN.2018109T023549.v2.0.NDVI.tif,HLS-VI.S30.T51TXN.2018109T023549.v2.0.NDVI.tif,S30,T51TXN,2018-04-19,2018109,023549
/home/ec2-user/ndvi_sqs_work/heilongjiang/raw/HLS-VI.S30.T51UWP.2018109T023549.v2.0.NDVI.tif,HLS-VI.S30.T51UWP.2018109T023549.v2.0.NDVI.tif,S30,T51UWP,2018-04-19,2018109,023549
/home/ec2-user/ndvi_sqs_work/heilongjiang/raw/HLS-VI.S30.T51UXR.2018109T023549.v2.0.NDVI.tif,HLS-VI.S30.T51UXR.2018109T023549.v2.0.NDVI.tif,S30,T51UXR,2018-04-19,2018109,023549
/home/ec2-user/ndvi_sqs_work/heilongjiang/raw/HLS-VI.S30.T51UXS.2018109T023549.v2.0.NDVI.tif,HLS-VI.S30.T51UXS.2018109T023549.v2.0.NDVI.tif,S30,T51UXS,2018-04-19,2018109,023549
/home/ec2-user/ndvi_sqs_work/heilongjiang/raw/HLS-VI.S30.T51UYS.2018109T023549.v2.0.NDVI.tif,HLS-VI.S30.T51UYS.2018109T023549.v2.0.NDVI.tif,S30,T51UYS,2018-04-19,2018109,023549
/home/ec2-user/ndvi_sqs_work/heilongjiang/raw/HLS-VI.S30.T52UCB.2018109T023549.v2.0.NDVI.tif,HLS-VI.S30.T52UCB.2018109T023549.v2.0.NDVI.tif,S30,T52UCB,2018-04-19,2018109,023549
/home/ec2-user/ndvi_sqs_work/heilongjiang/raw/HLS-VI.S30.T52UCU.2018109T023549.v2.0.NDVI.tif,HLS-VI.S30.T52UCU.2018109T023549.v2.0.NDVI.tif,S30,T52UCU,2018-04-19,2018109,023549
/home/ec2-user/ndvi_sqs_work/heilongjiang/raw/HLS-VI.S30.T52UDA.2018109T023549.v2.0.NDVI.tif,HLS-VI.S30.T52UDA.2018109T023549.v2.0.NDVI.tif,S30,T52UDA,2018-04-19,2018109,023549
/home/ec2-user/ndvi_sqs_work/heilongjiang/raw/HLS-VI.S30.T52UDU.2018109T023549.v2.0.NDVI.tif,HLS-VI.S30.T52UDU.2018109T023549.v2.0.NDVI.tif,S30,T52UDU,2018-04-19,2018109,023549
/home/ec2-user/ndvi_sqs_work/heilongjiang/raw/HLS-VI.S30.T51UYP.2018111T022551.v2.0.NDVI.tif,HLS-VI.S30.T51UYP.2018111T022551.v2.0.NDVI.tif,S30,T51UYP,2018-04-21,2018111,022551
/home/ec2-user/ndvi_sqs_work/heilongjiang/raw/HLS-VI.S30.T51UYQ.2018111T022551.v2.0.NDVI.tif,HLS-VI.S30.T51UYQ.2018111T022551.v2.0.NDVI.tif,S30,T51UYQ,2018-04-21,2018111,022551
/home/ec2-user/ndvi_sqs_work/heilongjiang/raw/HLS-VI.S30.T52UCA.2018111T022551.v2.0.NDVI.tif,HLS-VI.S30.T52UCA.2018111T022551.v2.0.NDVI.tif,S30,T52UCA,2018-04-21,2018111,022551
/home/ec2-user/ndvi_sqs_work/heilongjiang/raw/HLS-VI.S30.T52UCU.2018111T022551.v2.0.NDVI.tif,HLS-VI.S30.T52UCU.2018111T022551.v2.0.NDVI.tif,S30,T52UCU,2018-04-21,2018111,022551
/home/ec2-user/ndvi_sqs_work/heilongjiang/raw/HLS-VI.S30.T52UCV.2018111T022551.v2.0.NDVI.tif,HLS-VI.S30.T52UCV.2018111T022551.v2.0.NDVI.tif,S30,T52UCV,2018-04-21,2018111,022551
/home/ec2-user/ndvi_sqs_work/heilongjiang/raw/HLS-VI.S30.T52UDA.2018111T022551.v2.0.NDVI.tif,HLS-VI.S30.T52UDA.2018111T022551.v2.0.NDVI.tif,S30,T52UDA,2018-04-21,2018111,022551
/home/ec2-user/ndvi_sqs_work/heilongjiang/raw/HLS-VI.S30.T52UDU.2018111T022551.v2.0.NDVI.tif,HLS-VI.S30.T52UDU.2018111T022551.v2.0.NDVI.tif,S30,T52UDU,2018-04-21,2018111,022551
/home/ec2-user/ndvi_sqs_work/heilongjiang/raw/HLS-VI.S30.T52UDV.2018111T022551.v2.0.NDVI.tif,HLS-VI.S30.T52UDV.2018111T022551.v2.0.NDVI.tif,S30,T52UDV,2018-04-21,2018111,022551
/home/ec2-user/ndvi_sqs_work/heilongjiang/raw/HLS-VI.S30.T52UEV.2018111T022551.v2.0.NDVI.tif,HLS-VI.S30.T52UEV.2018111T022551.v2.0.NDVI.tif,S30,T52UEV,2018-04-21,2018111,022551
/home/ec2-user/ndvi_sqs_work/heilongjiang/raw/HLS-VI.S30.T51UWS.2018112T024549.v2.0.NDVI.tif,HLS-VI.S30.T51UWS.2018112T024549.v2.0.NDVI.tif,S30,T51UWS,2018-04-22,2018112,024549
/home/ec2-user/ndvi_sqs_work/heilongjiang/raw/HLS-VI.S30.T51UWV.2018112T024549.v2.0.NDVI.tif,HLS-VI.S30.T51UWV.2018112T024549.v2.0.NDVI.tif,S30,T51UWV,2018-04-22,2018112,024549
/home/ec2-user/ndvi_sqs_work/heilongjiang/raw/HLS-VI.S30.T51UXQ.2018112T024549.v2.0.NDVI.tif,HLS-VI.S30.T51UXQ.2018112T024549.v2.0.NDVI.tif,S30,T51UXQ,2018-04-22,2018112,024549
/home/ec2-user/ndvi_sqs_work/heilongjiang/raw/HLS-VI.S30.T51UXR.2018112T024549.v2.0.NDVI.tif,HLS-VI.S30.T51UXR.2018112T024549.v2.0.NDVI.tif,S30,T51UXR,2018-04-22,2018112,024549
/home/ec2-user/ndvi_sqs_work/heilongjiang/raw/HLS-VI.S30.T51UXS.2018112T024549.v2.0.NDVI.tif,HLS-VI.S30.T51UXS.2018112T024549.v2.0.NDVI.tif,S30,T51UXS,2018-04-22,2018112,024549
/home/ec2-user/ndvi_sqs_work/heilongjiang/raw/HLS-VI.S30.T51UXU.2018112T024549.v2.0.NDVI.tif,HLS-VI.S30.T51UXU.2018112T024549.v2.0.NDVI.tif,S30,T51UXU,2018-04-22,2018112,024549
/home/ec2-user/ndvi_sqs_work/heilongjiang/raw/HLS-VI.S30.T51UXV.2018112T024549.v2.0.NDVI.tif,HLS-VI.S30.T51UXV.2018112T024549.v2.0.NDVI.tif,S30,T51UXV,2018-04-22,2018112,024549
/home/ec2-user/ndvi_sqs_work/heilongjiang/raw/HLS-VI.S30.T51UYP.2018112T024549.v2.0.NDVI.tif,HLS-VI.S30.T51UYP.2018112T024549.v2.0.NDVI.tif,S30,T51UYP,2018-04-22,2018112,024549
/home/ec2-user/ndvi_sqs_work/heilongjiang/raw/HLS-VI.S30.T51UYQ.2018112T024549.v2.0.NDVI.tif,HLS-VI.S30.T51UYQ.2018112T024549.v2.0.NDVI.tif,S30,T51UYQ,2018-04-22,2018112,024549
/home/ec2-user/ndvi_sqs_work/heilongjiang/raw/HLS-VI.S30.T51UYR.2018112T024549.v2.0.NDVI.tif,HLS-VI.S30.T51UYR.2018112T024549.v2.0.NDVI.tif,S30,T51UYR,2018-04-22,2018112,024549
/home/ec2-user/ndvi_sqs_work/heilongjiang/raw/HLS-VI.S30.T51UYS.2018112T024549.v2.0.NDVI.tif,HLS-VI.S30.T51UYS.2018112T024549.v2.0.NDVI.tif,S30,T51UYS,2018-04-22,2018112,024549
/home/ec2-user/ndvi_sqs_work/heilongjiang/raw/HLS-VI.S30.T51UYT.2018112T024549.v2.0.NDVI.tif,HLS-VI.S30.T51UYT.2018112T024549.v2.0.NDVI.tif,S30,T51UYT,2018-04-22,2018112,024549
/home/ec2-user/ndvi_sqs_work/heilongjiang/raw/HLS-VI.S30.T51UYU.2018112T024549.v2.0.NDVI.tif,HLS-VI.S30.T51UYU.2018112T024549.v2.0.NDVI.tif,S30,T51UYU,2018-04-22,2018112,024549
/home/ec2-user/ndvi_sqs_work/heilongjiang/raw/HLS-VI.S30.T52UCA.2018112T024549.v2.0.NDVI.tif,HLS-VI.S30.T52UCA.2018112T024549.v2.0.NDVI.tif,S30,T52UCA,2018-04-22,2018112,024549
/home/ec2-user/ndvi_sqs_work/heilongjiang/raw/HLS-VI.S30.T52UCB.2018112T024549.v2.0.NDVI.tif,HLS-VI.S30.T52UCB.2018112T024549.v2.0.NDVI.tif,S30,T52UCB,2018-04-22,2018112,024549
/home/ec2-user/ndvi_sqs_work/heilongjiang/raw/HLS-VI.S30.T52UCC.2018112T024549.v2.0.NDVI.tif,HLS-VI.S30.T52UCC.2018112T024549.v2.0.NDVI.tif,S30,T52UCC,2018-04-22,2018112,024549
/home/ec2-user/ndvi_sqs_work/heilongjiang/raw/HLS-VI.S30.T52UCD.2018112T024549.v2.0.NDVI.tif,HLS-VI.S30.T52UCD.2018112T024549.v2.0.NDVI.tif,S30,T52UCD,2018-04-22,2018112,024549
/home/ec2-user/ndvi_sqs_work/heilongjiang/raw/HLS-VI.S30.T53TLK.2018112T015651.v2.0.NDVI.tif,HLS-VI.S30.T53TLK.2018112T015651.v2.0.NDVI.tif,S30,T53TLK,2018-04-22,2018112,015651
/home/ec2-user/ndvi_sqs_work/heilongjiang/raw/HLS-VI.S30.T53TLL.2018112T015651.v2.0.NDVI.tif,HLS-VI.S30.T53TLL.2018112T015651.v2.0.NDVI.tif,S30,T53TLL,2018-04-22,2018112,015651
/home/ec2-user/ndvi_sqs_work/heilongjiang/raw/HLS-VI.S30.T53TLM.2018112T015651.v2.0.NDVI.tif,HLS-VI.S30.T53TLM.2018112T015651.v2.0.NDVI.tif,S30,T53TLM,2018-04-22,2018112,015651
/home/ec2-user/ndvi_sqs_work/heilongjiang/raw/HLS-VI.S30.T53TLN.2018112T015651.v2.0.NDVI.tif,HLS-VI.S30.T53TLN.2018112T015651.v2.0.NDVI.tif,S30,T53TLN,2018-04-22,2018112,015651
/home/ec2-user/ndvi_sqs_work/heilongjiang/raw/HLS-VI.S30.T53TLM.2018113T021559.v2.0.NDVI.tif,HLS-VI.S30.T53TLM.2018113T021559.v2.0.NDVI.tif,S30,T53TLM,2018-04-23,2018113,021559
/home/ec2-user/ndvi_sqs_work/heilongjiang/raw/HLS-VI.S30.T53TLN.2018113T021559.v2.0.NDVI.tif,HLS-VI.S30.T53TLN.2018113T021559.v2.0.NDVI.tif,S30,T53TLN,2018-04-23,2018113,021559
/home/ec2-user/ndvi_sqs_work/heilongjiang/raw/HLS-VI.S30.T51TYL.2018114T023651.v2.0.NDVI.tif,HLS-VI.S30.T51TYL.2018114T023651.v2.0.NDVI.tif,S30,T51TYL,2018-04-24,2018114,023651
/home/ec2-user/ndvi_sqs_work/heilongjiang/raw/HLS-VI.S30.T51UXR.2018114T023651.v2.0.NDVI.tif,HLS-VI.S30.T51UXR.2018114T023651.v2.0.NDVI.tif,S30,T51UXR,2018-04-24,2018114,023651
/home/ec2-user/ndvi_sqs_work/heilongjiang/raw/HLS-VI.S30.T51UXS.2018114T023651.v2.0.NDVI.tif,HLS-VI.S30.T51UXS.2018114T023651.v2.0.NDVI.tif,S30,T51UXS,2018-04-24,2018114,023651
/home/ec2-user/ndvi_sqs_work/heilongjiang/raw/HLS-VI.S30.T51UXT.2018114T023651.v2.0.NDVI.tif,HLS-VI.S30.T51UXT.2018114T023651.v2.0.NDVI.tif,S30,T51UXT,2018-04-24,2018114,023651
/home/ec2-user/ndvi_sqs_work/heilongjiang/raw/HLS-VI.S30.T51UXU.2018114T023651.v2.0.NDVI.tif,HLS-VI.S30.T51UXU.2018114T023651.v2.0.NDVI.tif,S30,T51UXU,2018-04-24,2018114,023651
/home/ec2-user/ndvi_sqs_work/heilongjiang/raw/HLS-VI.S30.T51UYS.2018114T023651.v2.0.NDVI.tif,HLS-VI.S30.T51UYS.2018114T023651.v2.0.NDVI.tif,S30,T51UYS,2018-04-24,2018114,023651
/home/ec2-user/ndvi_sqs_work/heilongjiang/raw/HLS-VI.S30.T51UYT.2018114T023651.v2.0.NDVI.tif,HLS-VI.S30.T51UYT.2018114T023651.v2.0.NDVI.tif,S30,T51UYT,2018-04-24,2018114,023651
/home/ec2-user/ndvi_sqs_work/heilongjiang/raw/HLS-VI.S30.T52UCB.2018114T023651.v2.0.NDVI.tif,HLS-VI.S30.T52UCB.2018114T023651.v2.0.NDVI.tif,S30,T52UCB,2018-04-24,2018114,023651
/home/ec2-user/ndvi_sqs_work/heilongjiang/raw/HLS-VI.S30.T52UCC.2018114T023651.v2.0.NDVI.tif,HLS-VI.S30.T52UCC.2018114T023651.v2.0.NDVI.tif,S30,T52UCC,2018-04-24,2018114,023651
/home/ec2-user/ndvi_sqs_work/heilongjiang/raw/HLS-VI.S30.T51TVN.2018115T025549.v2.0.NDVI.tif,HLS-VI.S30.T51TVN.2018115T025549.v2.0.NDVI.tif,S30,T51TVN,2018-04-25,2018115,025549
/home/ec2-user/ndvi_sqs_work/heilongjiang/raw/HLS-VI.S30.T52TEQ.2018115T020701.v2.0.NDVI.tif,HLS-VI.S30.T52TEQ.2018115T020701.v2.0.NDVI.tif,S30,T52TEQ,2018-04-25,2018115,020701
/home/ec2-user/ndvi_sqs_work/heilongjiang/raw/HLS-VI.S30.T52TFP.2018115T020701.v2.0.NDVI.tif,HLS-VI.S30.T52TFP.2018115T020701.v2.0.NDVI.tif,S30,T52TFP,2018-04-25,2018115,020701
/home/ec2-user/ndvi_sqs_work/heilongjiang/raw/HLS-VI.S30.T52TFQ.2018115T020701.v2.0.NDVI.tif,HLS-VI.S30.T52TFQ.2018115T020701.v2.0.NDVI.tif,S30,T52TFQ,2018-04-25,2018115,020701
/home/ec2-user/ndvi_sqs_work/heilongjiang/raw/HLS-VI.S30.T52TFR.2018115T020701.v2.0.NDVI.tif,HLS-VI.S30.T52TFR.2018115T020701.v2.0.NDVI.tif,S30,T52TFR,2018-04-25,2018115,020701
/home/ec2-user/ndvi_sqs_work/heilongjiang/raw/HLS-VI.S30.T52TFS.2018115T020701.v2.0.NDVI.tif,HLS-VI.S30.T52TFS.2018115T020701.v2.0.NDVI.tif,S30,T52TFS,2018-04-25,2018115,020701
/home/ec2-user/ndvi_sqs_work/heilongjiang/raw/HLS-VI.S30.T52TFT.2018115T020701.v2.0.NDVI.tif,HLS-VI.S30.T52TFT.2018115T020701.v2.0.NDVI.tif,S30,T52TFT,2018-04-25,2018115,020701
/home/ec2-user/ndvi_sqs_work/heilongjiang/raw/HLS-VI.S30.T52TGR.2018115T020701.v2.0.NDVI.tif,HLS-VI.S30.T52TGR.2018115T020701.v2.0.NDVI.tif,S30,T52TGR,2018-04-25,2018115,020701
/home/ec2-user/ndvi_sqs_work/heilongjiang/raw/HLS-VI.S30.T52TGS.2018115T020701.v2.0.NDVI.tif,HLS-VI.S30.T52TGS.2018115T020701.v2.0.NDVI.tif,S30,T52TGS,2018-04-25,2018115,020701
/home/ec2-user/ndvi_sqs_work/heilongjiang/raw/HLS-VI.S30.T52TGT.2018115T020701.v2.0.NDVI.tif,HLS-VI.S30.T52TGT.2018115T020701.v2.0.NDVI.tif,S30,T52TGT,2018-04-25,2018115,020701
/home/ec2-user/ndvi_sqs_work/heilongjiang/raw/HLS-VI.S30.T53TLK.2018115T020701.v2.0.NDVI.tif,HLS-VI.S30.T53TLK.2018115T020701.v2.0.NDVI.tif,S30,T53TLK,2018-04-25,2018115,020701
/home/ec2-user/ndvi_sqs_work/heilongjiang/raw/HLS-VI.S30.T53TLL.2018115T020701.v2.0.NDVI.tif,HLS-VI.S30.T53TLL.2018115T020701.v2.0.NDVI.tif,S30,T53TLL,2018-04-25,2018115,020701
/home/ec2-user/ndvi_sqs_work/heilongjiang/raw/HLS-VI.S30.T53TLM.2018115T020701.v2.0.NDVI.tif,HLS-VI.S30.T53TLM.2018115T020701.v2.0.NDVI.tif,S30,T53TLM,2018-04-25,2018115,020701
/home/ec2-user/ndvi_sqs_work/heilongjiang/raw/HLS-VI.S30.T53TLN.2018115T020701.v2.0.NDVI.tif,HLS-VI.S30.T53TLN.2018115T020701.v2.0.NDVI.tif,S30,T53TLN,2018-04-25,2018115,020701
/home/ec2-user/ndvi_sqs_work/heilongjiang/raw/HLS-VI.S30.T53TMM.2018115T020701.v2.0.NDVI.tif,HLS-VI.S30.T53TMM.2018115T020701.v2.0.NDVI.tif,S30,T53TMM,2018-04-25,2018115,020701
/home/ec2-user/ndvi_sqs_work/heilongjiang/raw/HLS-VI.S30.T53TMN.2018115T020701.v2.0.NDVI.tif,HLS-VI.S30.T53TMN.2018115T020701.v2.0.NDVI.tif,S30,T53TMN,2018-04-25,2018115,020701
/home/ec2-user/ndvi_sqs_work/heilongjiang/raw/HLS-VI.S30.T53UMP.2018115T020701.v2.0.NDVI.tif,HLS-VI.S30.T53UMP.2018115T020701.v2.0.NDVI.tif,S30,T53UMP,2018-04-25,2018115,020701
/home/ec2-user/ndvi_sqs_work/heilongjiang/raw/HLS-VI.S30.T52UCA.2018116T022549.v2.0.NDVI.tif,HLS-VI.S30.T52UCA.2018116T022549.v2.0.NDVI.tif,S30,T52UCA,2018-04-26,2018116,022549
/home/ec2-user/ndvi_sqs_work/heilongjiang/raw/HLS-VI.S30.T51UXT.2018117T024551.v2.0.NDVI.tif,HLS-VI.S30.T51UXT.2018117T024551.v2.0.NDVI.tif,S30,T51UXT,2018-04-27,2018117,024551
/home/ec2-user/ndvi_sqs_work/heilongjiang/raw/HLS-VI.S30.T51UXU.2018117T024551.v2.0.NDVI.tif,HLS-VI.S30.T51UXU.2018117T024551.v2.0.NDVI.tif,S30,T51UXU,2018-04-27,2018117,024551
/home/ec2-user/ndvi_sqs_work/heilongjiang/raw/HLS-VI.S30.T53TLK.2018117T015649.v2.0.NDVI.tif,HLS-VI.S30.T53TLK.2018117T015649.v2.0.NDVI.tif,S30,T53TLK,2018-04-27,2018117,015649
/home/ec2-user/ndvi_sqs_work/heilongjiang/raw/HLS-VI.S30.T53TLL.2018117T015649.v2.0.NDVI.tif,HLS-VI.S30.T53TLL.2018117T015649.v2.0.NDVI.tif,S30,T53TLL,2018-04-27,2018117,015649
/home/ec2-user/ndvi_sqs_work/heilongjiang/raw/HLS-VI.S30.T53TLM.2018117T015649.v2.0.NDVI.tif,HLS-VI.S30.T53TLM.2018117T015649.v2.0.NDVI.tif,S30,T53TLM,2018-04-27,2018117,015649
/home/ec2-user/ndvi_sqs_work/heilongjiang/raw/HLS-VI.S30.T52UDU.2018118T021611.v2.0.NDVI.tif,HLS-VI.S30.T52UDU.2018118T021611.v2.0.NDVI.tif,S30,T52UDU,2018-04-28,2018118,021611
/home/ec2-user/ndvi_sqs_work/heilongjiang/raw/HLS-VI.S30.T52UEU.2018118T021611.v2.0.NDVI.tif,HLS-VI.S30.T52UEU.2018118T021611.v2.0.NDVI.tif,S30,T52UEU,2018-04-28,2018118,021611
/home/ec2-user/ndvi_sqs_work/heilongjiang/raw/HLS-VI.S30.T52UFU.2018118T021611.v2.0.NDVI.tif,HLS-VI.S30.T52UFU.2018118T021611.v2.0.NDVI.tif,S30,T52UFU,2018-04-28,2018118,021611
/home/ec2-user/ndvi_sqs_work/heilongjiang/raw/HLS-VI.S30.T51UXS.2018119T023549.v2.0.NDVI.tif,HLS-VI.S30.T51UXS.2018119T023549.v2.0.NDVI.tif,S30,T51UXS,2018-04-29,2018119,023549
/home/ec2-user/ndvi_sqs_work/heilongjiang/raw/HLS-VI.S30.T51TVN.2018125T025549.v2.0.NDVI.tif,HLS-VI.S30.T51TVN.2018125T025549.v2.0.NDVI.tif,S30,T51TVN,2018-05-05,2018125,025549
/home/ec2-user/ndvi_sqs_work/heilongjiang/raw/HLS-VI.S30.T51TWL.2018127T024551.v2.0.NDVI.tif,HLS-VI.S30.T51TWL.2018127T024551.v2.0.NDVI.tif,S30,T51TWL,2018-05-07,2018127,024551
/home/ec2-user/ndvi_sqs_work/heilongjiang/raw/HLS-VI.S30.T51UVT.2018128T030539.v2.0.NDVI.tif,HLS-VI.S30.T51UVT.2018128T030539.v2.0.NDVI.tif,S30,T51UVT,2018-05-08,2018128,030539
/home/ec2-user/ndvi_sqs_work/heilongjiang/raw/HLS-VI.S30.T51TWL.2018129T023549.v2.0.NDVI.tif,HLS-VI.S30.T51TWL.2018129T023549.v2.0.NDVI.tif,S30,T51TWL,2018-05-09,2018129,023549
/home/ec2-user/ndvi_sqs_work/heilongjiang/raw/HLS-VI.S30.T51TYM.2018129T023549.v2.0.NDVI.tif,HLS-VI.S30.T51TYM.2018129T023549.v2.0.NDVI.tif,S30,T51TYM,2018-05-09,2018129,023549
/home/ec2-user/ndvi_sqs_work/heilongjiang/raw/HLS-VI.S30.T51TYN.2018129T023549.v2.0.NDVI.tif,HLS-VI.S30.T51TYN.2018129T023549.v2.0.NDVI.tif,S30,T51TYN,2018-05-09,2018129,023549
/home/ec2-user/ndvi_sqs_work/heilongjiang/raw/HLS-VI.S30.T51UWP.2018129T023549.v2.0.NDVI.tif,HLS-VI.S30.T51UWP.2018129T023549.v2.0.NDVI.tif,S30,T51UWP,2018-05-09,2018129,023549
/home/ec2-user/ndvi_sqs_work/heilongjiang/raw/HLS-VI.S30.T51UXP.2018129T023549.v2.0.NDVI.tif,HLS-VI.S30.T51UXP.2018129T023549.v2.0.NDVI.tif,S30,T51UXP,2018-05-09,2018129,023549
/home/ec2-user/ndvi_sqs_work/heilongjiang/raw/HLS-VI.S30.T51UXQ.2018129T023549.v2.0.NDVI.tif,HLS-VI.S30.T51UXQ.2018129T023549.v2.0.NDVI.tif,S30,T51UXQ,2018-05-09,2018129,023549
/home/ec2-user/ndvi_sqs_work/heilongjiang/raw/HLS-VI.S30.T51UXR.2018129T023549.v2.0.NDVI.tif,HLS-VI.S30.T51UXR.2018129T023549.v2.0.NDVI.tif,S30,T51UXR,2018-05-09,2018129,023549
/home/ec2-user/ndvi_sqs_work/heilongjiang/raw/HLS-VI.S30.T51UXS.2018129T023549.v2.0.NDVI.tif,HLS-VI.S30.T51UXS.2018129T023549.v2.0.NDVI.tif,S30,T51UXS,2018-05-09,2018129,023549
/home/ec2-user/ndvi_sqs_work/heilongjiang/raw/HLS-VI.S30.T51UXT.2018129T023549.v2.0.NDVI.tif,HLS-VI.S30.T51UXT.2018129T023549.v2.0.NDVI.tif,S30,T51UXT,2018-05-09,2018129,023549
/home/ec2-user/ndvi_sqs_work/heilongjiang/raw/HLS-VI.S30.T51UYP.2018129T023549.v2.0.NDVI.tif,HLS-VI.S30.T51UYP.2018129T023549.v2.0.NDVI.tif,S30,T51UYP,2018-05-09,2018129,023549
/home/ec2-user/ndvi_sqs_work/heilongjiang/raw/HLS-VI.S30.T51UYQ.2018129T023549.v2.0.NDVI.tif,HLS-VI.S30.T51UYQ.2018129T023549.v2.0.NDVI.tif,S30,T51UYQ,2018-05-09,2018129,023549
/home/ec2-user/ndvi_sqs_work/heilongjiang/raw/HLS-VI.S30.T51UYR.2018129T023549.v2.0.NDVI.tif,HLS-VI.S30.T51UYR.2018129T023549.v2.0.NDVI.tif,S30,T51UYR,2018-05-09,2018129,023549
/home/ec2-user/ndvi_sqs_work/heilongjiang/raw/HLS-VI.S30.T51UYS.2018129T023549.v2.0.NDVI.tif,HLS-VI.S30.T51UYS.2018129T023549.v2.0.NDVI.tif,S30,T51UYS,2018-05-09,2018129,023549
/home/ec2-user/ndvi_sqs_work/heilongjiang/raw/HLS-VI.S30.T51UYT.2018129T023549.v2.0.NDVI.tif,HLS-VI.S30.T51UYT.2018129T023549.v2.0.NDVI.tif,S30,T51UYT,2018-05-09,2018129,023549
/home/ec2-user/ndvi_sqs_work/heilongjiang/raw/HLS-VI.S30.T51UYU.2018129T023549.v2.0.NDVI.tif,HLS-VI.S30.T51UYU.2018129T023549.v2.0.NDVI.tif,S30,T51UYU,2018-05-09,2018129,023549
/home/ec2-user/ndvi_sqs_work/heilongjiang/raw/HLS-VI.S30.T52TCS.2018129T023549.v2.0.NDVI.tif,HLS-VI.S30.T52TCS.2018129T023549.v2.0.NDVI.tif,S30,T52TCS,2018-05-09,2018129,023549
/home/ec2-user/ndvi_sqs_work/heilongjiang/raw/HLS-VI.S30.T52TCT.2018129T023549.v2.0.NDVI.tif,HLS-VI.S30.T52TCT.2018129T023549.v2.0.NDVI.tif,S30,T52TCT,2018-05-09,2018129,023549
/home/ec2-user/ndvi_sqs_work/heilongjiang/raw/HLS-VI.S30.T52TDT.2018129T023549.v2.0.NDVI.tif,HLS-VI.S30.T52TDT.2018129T023549.v2.0.NDVI.tif,S30,T52TDT,2018-05-09,2018129,023549
/home/ec2-user/ndvi_sqs_work/heilongjiang/raw/HLS-VI.S30.T52UCA.2018129T023549.v2.0.NDVI.tif,HLS-VI.S30.T52UCA.2018129T023549.v2.0.NDVI.tif,S30,T52UCA,2018-05-09,2018129,023549
/home/ec2-user/ndvi_sqs_work/heilongjiang/raw/HLS-VI.S30.T52UCB.2018129T023549.v2.0.NDVI.tif,HLS-VI.S30.T52UCB.2018129T023549.v2.0.NDVI.tif,S30,T52UCB,2018-05-09,2018129,023549
/home/ec2-user/ndvi_sqs_work/heilongjiang/raw/HLS-VI.S30.T52UCC.2018129T023549.v2.0.NDVI.tif,HLS-VI.S30.T52UCC.2018129T023549.v2.0.NDVI.tif,S30,T52UCC,2018-05-09,2018129,023549
/home/ec2-user/ndvi_sqs_work/heilongjiang/raw/HLS-VI.S30.T52UCD.2018129T023549.v2.0.NDVI.tif,HLS-VI.S30.T52UCD.2018129T023549.v2.0.NDVI.tif,S30,T52UCD,2018-05-09,2018129,023549
/home/ec2-user/ndvi_sqs_work/heilongjiang/raw/HLS-VI.S30.T52UCU.2018129T023549.v2.0.NDVI.tif,HLS-VI.S30.T52UCU.2018129T023549.v2.0.NDVI.tif,S30,T52UCU,2018-05-09,2018129,023549
/home/ec2-user/ndvi_sqs_work/heilongjiang/raw/HLS-VI.S30.T52UCV.2018129T023549.v2.0.NDVI.tif,HLS-VI.S30.T52UCV.2018129T023549.v2.0.NDVI.tif,S30,T52UCV,2018-05-09,2018129,023549
/home/ec2-user/ndvi_sqs_work/heilongjiang/raw/HLS-VI.S30.T52UDA.2018129T023549.v2.0.NDVI.tif,HLS-VI.S30.T52UDA.2018129T023549.v2.0.NDVI.tif,S30,T52UDA,2018-05-09,2018129,023549
/home/ec2-user/ndvi_sqs_work/heilongjiang/raw/HLS-VI.S30.T52UDU.2018129T023549.v2.0.NDVI.tif,HLS-VI.S30.T52UDU.2018129T023549.v2.0.NDVI.tif,S30,T52UDU,2018-05-09,2018129,023549
/home/ec2-user/ndvi_sqs_work/heilongjiang/raw/HLS-VI.S30.T52TFS.2018130T020649.v2.0.NDVI.tif,HLS-VI.S30.T52TFS.2018130T020649.v2.0.NDVI.tif,S30,T52TFS,2018-05-10,2018130,020649
/home/ec2-user/ndvi_sqs_work/heilongjiang/raw/HLS-VI.S30.T52TGQ.2018130T020649.v2.0.NDVI.tif,HLS-VI.S30.T52TGQ.2018130T020649.v2.0.NDVI.tif,S30,T52TGQ,2018-05-10,2018130,020649
/home/ec2-user/ndvi_sqs_work/heilongjiang/raw/HLS-VI.S30.T52TGR.2018130T020649.v2.0.NDVI.tif,HLS-VI.S30.T52TGR.2018130T020649.v2.0.NDVI.tif,S30,T52TGR,2018-05-10,2018130,020649
/home/ec2-user/ndvi_sqs_work/heilongjiang/raw/HLS-VI.S30.T52TGS.2018130T020649.v2.0.NDVI.tif,HLS-VI.S30.T52TGS.2018130T020649.v2.0.NDVI.tif,S30,T52TGS,2018-05-10,2018130,020649
/home/ec2-user/ndvi_sqs_work/heilongjiang/raw/HLS-VI.S30.T53TLL.2018130T020649.v2.0.NDVI.tif,HLS-VI.S30.T53TLL.2018130T020649.v2.0.NDVI.tif,S30,T53TLL,2018-05-10,2018130,020649
/home/ec2-user/ndvi_sqs_work/heilongjiang/raw/HLS-VI.S30.T53TLM.2018130T020649.v2.0.NDVI.tif,HLS-VI.S30.T53TLM.2018130T020649.v2.0.NDVI.tif,S30,T53TLM,2018-05-10,2018130,020649
/home/ec2-user/ndvi_sqs_work/heilongjiang/raw/HLS-VI.S30.T53TLN.2018130T020649.v2.0.NDVI.tif,HLS-VI.S30.T53TLN.2018130T020649.v2.0.NDVI.tif,S30,T53TLN,2018-05-10,2018130,020649
/home/ec2-user/ndvi_sqs_work/heilongjiang/raw/HLS-VI.S30.T53TMN.2018130T020649.v2.0.NDVI.tif,HLS-VI.S30.T53TMN.2018130T020649.v2.0.NDVI.tif,S30,T53TMN,2018-05-10,2018130,020649
/home/ec2-user/ndvi_sqs_work/heilongjiang/raw/HLS-VI.S30.T53UMP.2018130T020649.v2.0.NDVI.tif,HLS-VI.S30.T53UMP.2018130T020649.v2.0.NDVI.tif,S30,T53UMP,2018-05-10,2018130,020649
/home/ec2-user/ndvi_sqs_work/heilongjiang/raw/HLS-VI.S30.T51TYN.2018131T022551.v2.0.NDVI.tif,HLS-VI.S30.T51TYN.2018131T022551.v2.0.NDVI.tif,S30,T51TYN,2018-05-11,2018131,022551
/home/ec2-user/ndvi_sqs_work/heilongjiang/raw/HLS-VI.S30.T51UYQ.2018131T022551.v2.0.NDVI.tif,HLS-VI.S30.T51UYQ.2018131T022551.v2.0.NDVI.tif,S30,T51UYQ,2018-05-11,2018131,022551
/home/ec2-user/ndvi_sqs_work/heilongjiang/raw/HLS-VI.S30.T52TCT.2018131T022551.v2.0.NDVI.tif,HLS-VI.S30.T52TCT.2018131T022551.v2.0.NDVI.tif,S30,T52TCT,2018-05-11,2018131,022551
/home/ec2-user/ndvi_sqs_work/heilongjiang/raw/HLS-VI.S30.T52TDS.2018131T022551.v2.0.NDVI.tif,HLS-VI.S30.T52TDS.2018131T022551.v2.0.NDVI.tif,S30,T52TDS,2018-05-11,2018131,022551
/home/ec2-user/ndvi_sqs_work/heilongjiang/raw/HLS-VI.S30.T52TDT.2018131T022551.v2.0.NDVI.tif,HLS-VI.S30.T52TDT.2018131T022551.v2.0.NDVI.tif,S30,T52TDT,2018-05-11,2018131,022551
/home/ec2-user/ndvi_sqs_work/heilongjiang/raw/HLS-VI.S30.T52TES.2018131T022551.v2.0.NDVI.tif,HLS-VI.S30.T52TES.2018131T022551.v2.0.NDVI.tif,S30,T52TES,2018-05-11,2018131,022551
/home/ec2-user/ndvi_sqs_work/heilongjiang/raw/HLS-VI.S30.T52TET.2018131T022551.v2.0.NDVI.tif,HLS-VI.S30.T52TET.2018131T022551.v2.0.NDVI.tif,S30,T52TET,2018-05-11,2018131,022551
/home/ec2-user/ndvi_sqs_work/heilongjiang/raw/HLS-VI.S30.T52UCA.2018131T022551.v2.0.NDVI.tif,HLS-VI.S30.T52UCA.2018131T022551.v2.0.NDVI.tif,S30,T52UCA,2018-05-11,2018131,022551
/home/ec2-user/ndvi_sqs_work/heilongjiang/raw/HLS-VI.S30.T52UCV.2018131T022551.v2.0.NDVI.tif,HLS-VI.S30.T52UCV.2018131T022551.v2.0.NDVI.tif,S30,T52UCV,2018-05-11,2018131,022551
/home/ec2-user/ndvi_sqs_work/heilongjiang/raw/HLS-VI.S30.T52UDA.2018131T022551.v2.0.NDVI.tif,HLS-VI.S30.T52UDA.2018131T022551.v2.0.NDVI.tif,S30,T52UDA,2018-05-11,2018131,022551
/home/ec2-user/ndvi_sqs_work/heilongjiang/raw/HLS-VI.S30.T52UDU.2018131T022551.v2.0.NDVI.tif,HLS-VI.S30.T52UDU.2018131T022551.v2.0.NDVI.tif,S30,T52UDU,2018-05-11,2018131,022551
/home/ec2-user/ndvi_sqs_work/heilongjiang/raw/HLS-VI.S30.T52UDV.2018131T022551.v2.0.NDVI.tif,HLS-VI.S30.T52UDV.2018131T022551.v2.0.NDVI.tif,S30,T52UDV,2018-05-11,2018131,022551
/home/ec2-user/ndvi_sqs_work/heilongjiang/raw/HLS-VI.S30.T52UEU.2018131T022551.v2.0.NDVI.tif,HLS-VI.S30.T52UEU.2018131T022551.v2.0.NDVI.tif,S30,T52UEU,2018-05-11,2018131,022551
/home/ec2-user/ndvi_sqs_work/heilongjiang/raw/HLS-VI.S30.T52UEV.2018131T022551.v2.0.NDVI.tif,HLS-VI.S30.T52UEV.2018131T022551.v2.0.NDVI.tif,S30,T52UEV,2018-05-11,2018131,022551
/home/ec2-user/ndvi_sqs_work/heilongjiang/raw/HLS-VI.S30.T53UMP.2018132T015701.v2.0.NDVI.tif,HLS-VI.S30.T53UMP.2018132T015701.v2.0.NDVI.tif,S30,T53UMP,2018-05-12,2018132,015701
/home/ec2-user/ndvi_sqs_work/heilongjiang/raw/HLS-VI.S30.T50UQD.2018138T030539.v2.0.NDVI.tif,HLS-VI.S30.T50UQD.2018138T030539.v2.0.NDVI.tif,S30,T50UQD,2018-05-18,2018138,030539
/home/ec2-user/ndvi_sqs_work/heilongjiang/raw/HLS-VI.S30.T50UQE.2018138T030539.v2.0.NDVI.tif,HLS-VI.S30.T50UQE.2018138T030539.v2.0.NDVI.tif,S30,T50UQE,2018-05-18,2018138,030539
/home/ec2-user/ndvi_sqs_work/heilongjiang/raw/HLS-VI.S30.T51UUU.2018138T030539.v2.0.NDVI.tif,HLS-VI.S30.T51UUU.2018138T030539.v2.0.NDVI.tif,S30,T51UUU,2018-05-18,2018138,030539
/home/ec2-user/ndvi_sqs_work/heilongjiang/raw/HLS-VI.S30.T51UUV.2018138T030539.v2.0.NDVI.tif,HLS-VI.S30.T51UUV.2018138T030539.v2.0.NDVI.tif,S30,T51UUV,2018-05-18,2018138,030539
/home/ec2-user/ndvi_sqs_work/heilongjiang/raw/HLS-VI.S30.T51UVU.2018138T030539.v2.0.NDVI.tif,HLS-VI.S30.T51UVU.2018138T030539.v2.0.NDVI.tif,S30,T51UVU,2018-05-18,2018138,030539
/home/ec2-user/ndvi_sqs_work/heilongjiang/raw/HLS-VI.S30.T51UVV.2018138T030539.v2.0.NDVI.tif,HLS-VI.S30.T51UVV.2018138T030539.v2.0.NDVI.tif,S30,T51UVV,2018-05-18,2018138,030539
/home/ec2-user/ndvi_sqs_work/heilongjiang/raw/HLS-VI.S30.T52TDT.2018138T021651.v2.0.NDVI.tif,HLS-VI.S30.T52TDT.2018138T021651.v2.0.NDVI.tif,S30,T52TDT,2018-05-18,2018138,021651
/home/ec2-user/ndvi_sqs_work/heilongjiang/raw/HLS-VI.S30.T52UDU.2018138T021651.v2.0.NDVI.tif,HLS-VI.S30.T52UDU.2018138T021651.v2.0.NDVI.tif,S30,T52UDU,2018-05-18,2018138,021651
/home/ec2-user/ndvi_sqs_work/heilongjiang/raw/HLS-VI.S30.T52UEU.2018138T021651.v2.0.NDVI.tif,HLS-VI.S30.T52UEU.2018138T021651.v2.0.NDVI.tif,S30,T52UEU,2018-05-18,2018138,021651
/home/ec2-user/ndvi_sqs_work/heilongjiang/raw/HLS-VI.S30.T51TXN.2018139T023549.v2.0.NDVI.tif,HLS-VI.S30.T51TXN.2018139T023549.v2.0.NDVI.tif,S30,T51TXN,2018-05-19,2018139,023549
/home/ec2-user/ndvi_sqs_work/heilongjiang/raw/HLS-VI.S30.T51TYL.2018139T023549.v2.0.NDVI.tif,HLS-VI.S30.T51TYL.2018139T023549.v2.0.NDVI.tif,S30,T51TYL,2018-05-19,2018139,023549
/home/ec2-user/ndvi_sqs_work/heilongjiang/raw/HLS-VI.S30.T51TYM.2018139T023549.v2.0.NDVI.tif,HLS-VI.S30.T51TYM.2018139T023549.v2.0.NDVI.tif,S30,T51TYM,2018-05-19,2018139,023549
/home/ec2-user/ndvi_sqs_work/heilongjiang/raw/HLS-VI.S30.T51TYN.2018139T023549.v2.0.NDVI.tif,HLS-VI.S30.T51TYN.2018139T023549.v2.0.NDVI.tif,S30,T51TYN,2018-05-19,2018139,023549
/home/ec2-user/ndvi_sqs_work/heilongjiang/raw/HLS-VI.S30.T51UWP.2018139T023549.v2.0.NDVI.tif,HLS-VI.S30.T51UWP.2018139T023549.v2.0.NDVI.tif,S30,T51UWP,2018-05-19,2018139,023549
/home/ec2-user/ndvi_sqs_work/heilongjiang/raw/HLS-VI.S30.T51UXP.2018139T023549.v2.0.NDVI.tif,HLS-VI.S30.T51UXP.2018139T023549.v2.0.NDVI.tif,S30,T51UXP,2018-05-19,2018139,023549
/home/ec2-user/ndvi_sqs_work/heilongjiang/raw/HLS-VI.S30.T51UYP.2018139T023549.v2.0.NDVI.tif,HLS-VI.S30.T51UYP.2018139T023549.v2.0.NDVI.tif,S30,T51UYP,2018-05-19,2018139,023549
/home/ec2-user/ndvi_sqs_work/heilongjiang/raw/HLS-VI.S30.T52TCR.2018139T023549.v2.0.NDVI.tif,HLS-VI.S30.T52TCR.2018139T023549.v2.0.NDVI.tif,S30,T52TCR,2018-05-19,2018139,023549
/home/ec2-user/ndvi_sqs_work/heilongjiang/raw/HLS-VI.S30.T52TCS.2018139T023549.v2.0.NDVI.tif,HLS-VI.S30.T52TCS.2018139T023549.v2.0.NDVI.tif,S30,T52TCS,2018-05-19,2018139,023549
/home/ec2-user/ndvi_sqs_work/heilongjiang/raw/HLS-VI.S30.T52TCT.2018139T023549.v2.0.NDVI.tif,HLS-VI.S30.T52TCT.2018139T023549.v2.0.NDVI.tif,S30,T52TCT,2018-05-19,2018139,023549
/home/ec2-user/ndvi_sqs_work/heilongjiang/raw/HLS-VI.S30.T52TDT.2018139T023549.v2.0.NDVI.tif,HLS-VI.S30.T52TDT.2018139T023549.v2.0.NDVI.tif,S30,T52TDT,2018-05-19,2018139,023549
/home/ec2-user/ndvi_sqs_work/heilongjiang/raw/HLS-VI.S30.T52UCU.2018139T023549.v2.0.NDVI.tif,HLS-VI.S30.T52UCU.2018139T023549.v2.0.NDVI.tif,S30,T52UCU,2018-05-19,2018139,023549
/home/ec2-user/ndvi_sqs_work/heilongjiang/raw/HLS-VI.S30.T50UQE.2018140T025551.v2.0.NDVI.tif,HLS-VI.S30.T50UQE.2018140T025551.v2.0.NDVI.tif,S30,T50UQE,2018-05-20,2018140,025551
/home/ec2-user/ndvi_sqs_work/heilongjiang/raw/HLS-VI.S30.T51UUV.2018140T025551.v2.0.NDVI.tif,HLS-VI.S30.T51UUV.2018140T025551.v2.0.NDVI.tif,S30,T51UUV,2018-05-20,2018140,025551
/home/ec2-user/ndvi_sqs_work/heilongjiang/raw/HLS-VI.S30.T53TMM.2018140T020649.v2.0.NDVI.tif,HLS-VI.S30.T53TMM.2018140T020649.v2.0.NDVI.tif,S30,T53TMM,2018-05-20,2018140,020649
/home/ec2-user/ndvi_sqs_work/heilongjiang/raw/HLS-VI.S30.T53TMN.2018140T020649.v2.0.NDVI.tif,HLS-VI.S30.T53TMN.2018140T020649.v2.0.NDVI.tif,S30,T53TMN,2018-05-20,2018140,020649
/home/ec2-user/ndvi_sqs_work/heilongjiang/raw/HLS-VI.S30.T53UMP.2018140T020649.v2.0.NDVI.tif,HLS-VI.S30.T53UMP.2018140T020649.v2.0.NDVI.tif,S30,T53UMP,2018-05-20,2018140,020649
/home/ec2-user/ndvi_sqs_work/heilongjiang/raw/HLS-VI.S30.T51TYL.2018141T022551.v2.0.NDVI.tif,HLS-VI.S30.T51TYL.2018141T022551.v2.0.NDVI.tif,S30,T51TYL,2018-05-21,2018141,022551
/home/ec2-user/ndvi_sqs_work/heilongjiang/raw/HLS-VI.S30.T51UYP.2018141T022551.v2.0.NDVI.tif,HLS-VI.S30.T51UYP.2018141T022551.v2.0.NDVI.tif,S30,T51UYP,2018-05-21,2018141,022551
/home/ec2-user/ndvi_sqs_work/heilongjiang/raw/HLS-VI.S30.T51UYQ.2018141T022551.v2.0.NDVI.tif,HLS-VI.S30.T51UYQ.2018141T022551.v2.0.NDVI.tif,S30,T51UYQ,2018-05-21,2018141,022551
/home/ec2-user/ndvi_sqs_work/heilongjiang/raw/HLS-VI.S30.T52TCP.2018141T022551.v2.0.NDVI.tif,HLS-VI.S30.T52TCP.2018141T022551.v2.0.NDVI.tif,S30,T52TCP,2018-05-21,2018141,022551
/home/ec2-user/ndvi_sqs_work/heilongjiang/raw/HLS-VI.S30.T52TCR.2018141T022551.v2.0.NDVI.tif,HLS-VI.S30.T52TCR.2018141T022551.v2.0.NDVI.tif,S30,T52TCR,2018-05-21,2018141,022551
/home/ec2-user/ndvi_sqs_work/heilongjiang/raw/HLS-VI.S30.T53TLK.2018142T015651.v2.0.NDVI.tif,HLS-VI.S30.T53TLK.2018142T015651.v2.0.NDVI.tif,S30,T53TLK,2018-05-22,2018142,015651
/home/ec2-user/ndvi_sqs_work/heilongjiang/raw/HLS-VI.S30.T53TLL.2018142T015651.v2.0.NDVI.tif,HLS-VI.S30.T53TLL.2018142T015651.v2.0.NDVI.tif,S30,T53TLL,2018-05-22,2018142,015651
/home/ec2-user/ndvi_sqs_work/heilongjiang/raw/HLS-VI.S30.T53TLN.2018142T015651.v2.0.NDVI.tif,HLS-VI.S30.T53TLN.2018142T015651.v2.0.NDVI.tif,S30,T53TLN,2018-05-22,2018142,015651
/home/ec2-user/ndvi_sqs_work/heilongjiang/raw/HLS-VI.S30.T53TMM.2018142T015651.v2.0.NDVI.tif,HLS-VI.S30.T53TMM.2018142T015651.v2.0.NDVI.tif,S30,T53TMM,2018-05-22,2018142,015651
/home/ec2-user/ndvi_sqs_work/heilongjiang/raw/HLS-VI.S30.T53TMN.2018142T015651.v2.0.NDVI.tif,HLS-VI.S30.T53TMN.2018142T015651.v2.0.NDVI.tif,S30,T53TMN,2018-05-22,2018142,015651
/home/ec2-user/ndvi_sqs_work/heilongjiang/raw/HLS-VI.S30.T53UMP.2018142T015651.v2.0.NDVI.tif,HLS-VI.S30.T53UMP.2018142T015651.v2.0.NDVI.tif,S30,T53UMP,2018-05-22,2018142,015651
/home/ec2-user/ndvi_sqs_work/heilongjiang/raw/HLS-VI.S30.T50UQD.2018145T025539.v2.0.NDVI.tif,HLS-VI.S30.T50UQD.2018145T025539.v2.0.NDVI.tif,S30,T50UQD,2018-05-25,2018145,025539
/home/ec2-user/ndvi_sqs_work/heilongjiang/raw/HLS-VI.S30.T51UUU.2018145T025539.v2.0.NDVI.tif,HLS-VI.S30.T51UUU.2018145T025539.v2.0.NDVI.tif,S30,T51UUU,2018-05-25,2018145,025539
/home/ec2-user/ndvi_sqs_work/heilongjiang/raw/HLS-VI.S30.T50UQE.2018148T030539.v2.0.NDVI.tif,HLS-VI.S30.T50UQE.2018148T030539.v2.0.NDVI.tif,S30,T50UQE,2018-05-28,2018148,030539
/home/ec2-user/ndvi_sqs_work/heilongjiang/raw/HLS-VI.S30.T51UUV.2018148T030539.v2.0.NDVI.tif,HLS-VI.S30.T51UUV.2018148T030539.v2.0.NDVI.tif,S30,T51UUV,2018-05-28,2018148,030539
/home/ec2-user/ndvi_sqs_work/heilongjiang/raw/HLS-VI.S30.T51UVV.2018148T030539.v2.0.NDVI.tif,HLS-VI.S30.T51UVV.2018148T030539.v2.0.NDVI.tif,S30,T51UVV,2018-05-28,2018148,030539
/home/ec2-user/ndvi_sqs_work/heilongjiang/raw/HLS-VI.S30.T51UWV.2018148T030539.v2.0.NDVI.tif,HLS-VI.S30.T51UWV.2018148T030539.v2.0.NDVI.tif,S30,T51UWV,2018-05-28,2018148,030539
/home/ec2-user/ndvi_sqs_work/heilongjiang/raw/HLS-VI.S30.T51UXT.2018149T023549.v2.0.NDVI.tif,HLS-VI.S30.T51UXT.2018149T023549.v2.0.NDVI.tif,S30,T51UXT,2018-05-29,2018149,023549
/home/ec2-user/ndvi_sqs_work/heilongjiang/raw/HLS-VI.S30.T51UXU.2018149T023549.v2.0.NDVI.tif,HLS-VI.S30.T51UXU.2018149T023549.v2.0.NDVI.tif,S30,T51UXU,2018-05-29,2018149,023549
/home/ec2-user/ndvi_sqs_work/heilongjiang/raw/HLS-VI.S30.T51UYT.2018149T023549.v2.0.NDVI.tif,HLS-VI.S30.T51UYT.2018149T023549.v2.0.NDVI.tif,S30,T51UYT,2018-05-29,2018149,023549
/home/ec2-user/ndvi_sqs_work/heilongjiang/raw/HLS-VI.S30.T51UYU.2018149T023549.v2.0.NDVI.tif,HLS-VI.S30.T51UYU.2018149T023549.v2.0.NDVI.tif,S30,T51UYU,2018-05-29,2018149,023549
/home/ec2-user/ndvi_sqs_work/heilongjiang/raw/HLS-VI.S30.T52UCC.2018149T023549.v2.0.NDVI.tif,HLS-VI.S30.T52UCC.2018149T023549.v2.0.NDVI.tif,S30,T52UCC,2018-05-29,2018149,023549
/home/ec2-user/ndvi_sqs_work/heilongjiang/raw/HLS-VI.S30.T52UCD.2018149T023549.v2.0.NDVI.tif,HLS-VI.S30.T52UCD.2018149T023549.v2.0.NDVI.tif,S30,T52UCD,2018-05-29,2018149,023549
/home/ec2-user/ndvi_sqs_work/heilongjiang/raw/HLS-VI.S30.T52UDA.2018149T023549.v2.0.NDVI.tif,HLS-VI.S30.T52UDA.2018149T023549.v2.0.NDVI.tif,S30,T52UDA,2018-05-29,2018149,023549
/home/ec2-user/ndvi_sqs_work/heilongjiang/raw/HLS-VI.S30.T50UQD.2018150T025551.v2.0.NDVI.tif,HLS-VI.S30.T50UQD.2018150T025551.v2.0.NDVI.tif,S30,T50UQD,2018-05-30,2018150,025551
/home/ec2-user/ndvi_sqs_work/heilongjiang/raw/HLS-VI.S30.T51TVN.2018150T025551.v2.0.NDVI.tif,HLS-VI.S30.T51TVN.2018150T025551.v2.0.NDVI.tif,S30,T51TVN,2018-05-30,2018150,025551
/home/ec2-user/ndvi_sqs_work/heilongjiang/raw/HLS-VI.S30.T51UUU.2018150T025551.v2.0.NDVI.tif,HLS-VI.S30.T51UUU.2018150T025551.v2.0.NDVI.tif,S30,T51UUU,2018-05-30,2018150,025551
/home/ec2-user/ndvi_sqs_work/heilongjiang/raw/HLS-VI.S30.T51UVT.2018150T025551.v2.0.NDVI.tif,HLS-VI.S30.T51UVT.2018150T025551.v2.0.NDVI.tif,S30,T51UVT,2018-05-30,2018150,025551
/home/ec2-user/ndvi_sqs_work/heilongjiang/raw/HLS-VI.S30.T51UVU.2018150T025551.v2.0.NDVI.tif,HLS-VI.S30.T51UVU.2018150T025551.v2.0.NDVI.tif,S30,T51UVU,2018-05-30,2018150,025551
/home/ec2-user/ndvi_sqs_work/heilongjiang/raw/HLS-VI.S30.T51UWV.2018150T025551.v2.0.NDVI.tif,HLS-VI.S30.T51UWV.2018150T025551.v2.0.NDVI.tif,S30,T51UWV,2018-05-30,2018150,025551
/home/ec2-user/ndvi_sqs_work/heilongjiang/raw/HLS-VI.S30.T52TFT.2018150T020649.v2.0.NDVI.tif,HLS-VI.S30.T52TFT.2018150T020649.v2.0.NDVI.tif,S30,T52TFT,2018-05-30,2018150,020649
/home/ec2-user/ndvi_sqs_work/heilongjiang/raw/HLS-VI.S30.T52UGU.2018150T020649.v2.0.NDVI.tif,HLS-VI.S30.T52UGU.2018150T020649.v2.0.NDVI.tif,S30,T52UGU,2018-05-30,2018150,020649
/home/ec2-user/ndvi_sqs_work/heilongjiang/raw/HLS-VI.S30.T51TYL.2018151T022551.v2.0.NDVI.tif,HLS-VI.S30.T51TYL.2018151T022551.v2.0.NDVI.tif,S30,T51TYL,2018-05-31,2018151,022551
/home/ec2-user/ndvi_sqs_work/heilongjiang/raw/HLS-VI.S30.T51TYM.2018151T022551.v2.0.NDVI.tif,HLS-VI.S30.T51TYM.2018151T022551.v2.0.NDVI.tif,S30,T51TYM,2018-05-31,2018151,022551
/home/ec2-user/ndvi_sqs_work/heilongjiang/raw/HLS-VI.S30.T51TYN.2018151T022551.v2.0.NDVI.tif,HLS-VI.S30.T51TYN.2018151T022551.v2.0.NDVI.tif,S30,T51TYN,2018-05-31,2018151,022551
/home/ec2-user/ndvi_sqs_work/heilongjiang/raw/HLS-VI.S30.T51UYP.2018151T022551.v2.0.NDVI.tif,HLS-VI.S30.T51UYP.2018151T022551.v2.0.NDVI.tif,S30,T51UYP,2018-05-31,2018151,022551
/home/ec2-user/ndvi_sqs_work/heilongjiang/raw/HLS-VI.S30.T51UYQ.2018151T022551.v2.0.NDVI.tif,HLS-VI.S30.T51UYQ.2018151T022551.v2.0.NDVI.tif,S30,T51UYQ,2018-05-31,2018151,022551
/home/ec2-user/ndvi_sqs_work/heilongjiang/raw/HLS-VI.S30.T52TCQ.2018151T022551.v2.0.NDVI.tif,HLS-VI.S30.T52TCQ.2018151T022551.v2.0.NDVI.tif,S30,T52TCQ,2018-05-31,2018151,022551
/home/ec2-user/ndvi_sqs_work/heilongjiang/raw/HLS-VI.S30.T52TCR.2018151T022551.v2.0.NDVI.tif,HLS-VI.S30.T52TCR.2018151T022551.v2.0.NDVI.tif,S30,T52TCR,2018-05-31,2018151,022551
/home/ec2-user/ndvi_sqs_work/heilongjiang/raw/HLS-VI.S30.T52TCS.2018151T022551.v2.0.NDVI.tif,HLS-VI.S30.T52TCS.2018151T022551.v2.0.NDVI.tif,S30,T52TCS,2018-05-31,2018151,022551
/home/ec2-user/ndvi_sqs_work/heilongjiang/raw/HLS-VI.S30.T52TCT.2018151T022551.v2.0.NDVI.tif,HLS-VI.S30.T52TCT.2018151T022551.v2.0.NDVI.tif,S30,T52TCT,2018-05-31,2018151,022551
/home/ec2-user/ndvi_sqs_work/heilongjiang/raw/HLS-VI.S30.T52TDS.2018151T022551.v2.0.NDVI.tif,HLS-VI.S30.T52TDS.2018151T022551.v2.0.NDVI.tif,S30,T52TDS,2018-05-31,2018151,022551
/home/ec2-user/ndvi_sqs_work/heilongjiang/raw/HLS-VI.S30.T52TDT.2018151T022551.v2.0.NDVI.tif,HLS-VI.S30.T52TDT.2018151T022551.v2.0.NDVI.tif,S30,T52TDT,2018-05-31,2018151,022551
/home/ec2-user/ndvi_sqs_work/heilongjiang/raw/HLS-VI.S30.T52UCA.2018151T022551.v2.0.NDVI.tif,HLS-VI.S30.T52UCA.2018151T022551.v2.0.NDVI.tif,S30,T52UCA,2018-05-31,2018151,022551
/home/ec2-user/ndvi_sqs_work/heilongjiang/raw/HLS-VI.S30.T52UCU.2018151T022551.v2.0.NDVI.tif,HLS-VI.S30.T52UCU.2018151T022551.v2.0.NDVI.tif,S30,T52UCU,2018-05-31,2018151,022551
/home/ec2-user/ndvi_sqs_work/heilongjiang/raw/HLS-VI.S30.T52UCV.2018151T022551.v2.0.NDVI.tif,HLS-VI.S30.T52UCV.2018151T022551.v2.0.NDVI.tif,S30,T52UCV,2018-05-31,2018151,022551
/home/ec2-user/ndvi_sqs_work/heilongjiang/raw/HLS-VI.S30.T52UDA.2018151T022551.v2.0.NDVI.tif,HLS-VI.S30.T52UDA.2018151T022551.v2.0.NDVI.tif,S30,T52UDA,2018-05-31,2018151,022551
/home/ec2-user/ndvi_sqs_work/heilongjiang/raw/HLS-VI.S30.T52UDU.2018151T022551.v2.0.NDVI.tif,HLS-VI.S30.T52UDU.2018151T022551.v2.0.NDVI.tif,S30,T52UDU,2018-05-31,2018151,022551
/home/ec2-user/ndvi_sqs_work/heilongjiang/raw/HLS-VI.S30.T52UDV.2018151T022551.v2.0.NDVI.tif,HLS-VI.S30.T52UDV.2018151T022551.v2.0.NDVI.tif,S30,T52UDV,2018-05-31,2018151,022551
/home/ec2-user/ndvi_sqs_work/heilongjiang/raw/HLS-VI.S30.T51TVM.2018152T024539.v2.0.NDVI.tif,HLS-VI.S30.T51TVM.2018152T024539.v2.0.NDVI.tif,S30,T51TVM,2018-06-01,2018152,024539
/home/ec2-user/ndvi_sqs_work/heilongjiang/raw/HLS-VI.S30.T51TWL.2018152T024539.v2.0.NDVI.tif,HLS-VI.S30.T51TWL.2018152T024539.v2.0.NDVI.tif,S30,T51TWL,2018-06-01,2018152,024539
/home/ec2-user/ndvi_sqs_work/heilongjiang/raw/HLS-VI.S30.T51UVS.2018152T024539.v2.0.NDVI.tif,HLS-VI.S30.T51UVS.2018152T024539.v2.0.NDVI.tif,S30,T51UVS,2018-06-01,2018152,024539
/home/ec2-user/ndvi_sqs_work/heilongjiang/raw/HLS-VI.S30.T51UWS.2018152T024539.v2.0.NDVI.tif,HLS-VI.S30.T51UWS.2018152T024539.v2.0.NDVI.tif,S30,T51UWS,2018-06-01,2018152,024539
/home/ec2-user/ndvi_sqs_work/heilongjiang/raw/HLS-VI.S30.T51UXT.2018152T024539.v2.0.NDVI.tif,HLS-VI.S30.T51UXT.2018152T024539.v2.0.NDVI.tif,S30,T51UXT,2018-06-01,2018152,024539
/home/ec2-user/ndvi_sqs_work/heilongjiang/raw/HLS-VI.S30.T51UYS.2018152T024539.v2.0.NDVI.tif,HLS-VI.S30.T51UYS.2018152T024539.v2.0.NDVI.tif,S30,T51UYS,2018-06-01,2018152,024539
/home/ec2-user/ndvi_sqs_work/heilongjiang/raw/HLS-VI.S30.T51UYT.2018152T024539.v2.0.NDVI.tif,HLS-VI.S30.T51UYT.2018152T024539.v2.0.NDVI.tif,S30,T51UYT,2018-06-01,2018152,024539
/home/ec2-user/ndvi_sqs_work/heilongjiang/raw/HLS-VI.S30.T52UCB.2018152T024539.v2.0.NDVI.tif,HLS-VI.S30.T52UCB.2018152T024539.v2.0.NDVI.tif,S30,T52UCB,2018-06-01,2018152,024539
/home/ec2-user/ndvi_sqs_work/heilongjiang/raw/HLS-VI.S30.T52TCP.2018153T021639.v2.0.NDVI.tif,HLS-VI.S30.T52TCP.2018153T021639.v2.0.NDVI.tif,S30,T52TCP,2018-06-02,2018153,021639
/home/ec2-user/ndvi_sqs_work/heilongjiang/raw/HLS-VI.S30.T52UEV.2018153T021639.v2.0.NDVI.tif,HLS-VI.S30.T52UEV.2018153T021639.v2.0.NDVI.tif,S30,T52UEV,2018-06-02,2018153,021639
/home/ec2-user/ndvi_sqs_work/heilongjiang/raw/HLS-VI.S30.T53TLM.2018162T015651.v2.0.NDVI.tif,HLS-VI.S30.T53TLM.2018162T015651.v2.0.NDVI.tif,S30,T53TLM,2018-06-11,2018162,015651
/home/ec2-user/ndvi_sqs_work/heilongjiang/raw/HLS-VI.S30.T51TVM.2018172T024549.v2.0.NDVI.tif,HLS-VI.S30.T51TVM.2018172T024549.v2.0.NDVI.tif,S30,T51TVM,2018-06-21,2018172,024549
/home/ec2-user/ndvi_sqs_work/heilongjiang/raw/HLS-VI.S30.T51TWN.2018172T024549.v2.0.NDVI.tif,HLS-VI.S30.T51TWN.2018172T024549.v2.0.NDVI.tif,S30,T51TWN,2018-06-21,2018172,024549
/home/ec2-user/ndvi_sqs_work/heilongjiang/raw/HLS-VI.S30.T51TXN.2018172T024549.v2.0.NDVI.tif,HLS-VI.S30.T51TXN.2018172T024549.v2.0.NDVI.tif,S30,T51TXN,2018-06-21,2018172,024549
/home/ec2-user/ndvi_sqs_work/heilongjiang/raw/HLS-VI.S30.T52TCP.2018173T021559.v2.0.NDVI.tif,HLS-VI.S30.T52TCP.2018173T021559.v2.0.NDVI.tif,S30,T52TCP,2018-06-22,2018173,021559
/home/ec2-user/ndvi_sqs_work/heilongjiang/raw/HLS-VI.S30.T52TDT.2018173T021559.v2.0.NDVI.tif,HLS-VI.S30.T52TDT.2018173T021559.v2.0.NDVI.tif,S30,T52TDT,2018-06-22,2018173,021559
/home/ec2-user/ndvi_sqs_work/heilongjiang/raw/HLS-VI.S30.T51TYL.2018174T023551.v2.0.NDVI.tif,HLS-VI.S30.T51TYL.2018174T023551.v2.0.NDVI.tif,S30,T51TYL,2018-06-23,2018174,023551
/home/ec2-user/ndvi_sqs_work/heilongjiang/raw/HLS-VI.S30.T51TWM.2018179T023549.v2.0.NDVI.tif,HLS-VI.S30.T51TWM.2018179T023549.v2.0.NDVI.tif,S30,T51TWM,2018-06-28,2018179,023549
/home/ec2-user/ndvi_sqs_work/heilongjiang/raw/HLS-VI.S30.T51TWN.2018179T023549.v2.0.NDVI.tif,HLS-VI.S30.T51TWN.2018179T023549.v2.0.NDVI.tif,S30,T51TWN,2018-06-28,2018179,023549
/home/ec2-user/ndvi_sqs_work/heilongjiang/raw/HLS-VI.S30.T51UWP.2018179T023549.v2.0.NDVI.tif,HLS-VI.S30.T51UWP.2018179T023549.v2.0.NDVI.tif,S30,T51UWP,2018-06-28,2018179,023549
/home/ec2-user/ndvi_sqs_work/heilongjiang/raw/HLS-VI.S30.T51TWL.2018182T024549.v2.0.NDVI.tif,HLS-VI.S30.T51TWL.2018182T024549.v2.0.NDVI.tif,S30,T51TWL,2018-07-01,2018182,024549
/home/ec2-user/ndvi_sqs_work/heilongjiang/raw/HLS-VI.S30.T52TCQ.2018188T021601.v2.0.NDVI.tif,HLS-VI.S30.T52TCQ.2018188T021601.v2.0.NDVI.tif,S30,T52TCQ,2018-07-07,2018188,021601
/home/ec2-user/ndvi_sqs_work/heilongjiang/raw/HLS-VI.S30.T51TWN.2018204T023551.v2.0.NDVI.tif,HLS-VI.S30.T51TWN.2018204T023551.v2.0.NDVI.tif,S30,T51TWN,2018-07-23,2018204,023551
/home/ec2-user/ndvi_sqs_work/heilongjiang/raw/HLS-VI.S30.T51UWP.2018204T023551.v2.0.NDVI.tif,HLS-VI.S30.T51UWP.2018204T023551.v2.0.NDVI.tif,S30,T51UWP,2018-07-23,2018204,023551
/home/ec2-user/ndvi_sqs_work/heilongjiang/raw/HLS-VI.S30.T51UXT.2018207T024551.v2.0.NDVI.tif,HLS-VI.S30.T51UXT.2018207T024551.v2.0.NDVI.tif,S30,T51UXT,2018-07-26,2018207,024551
/home/ec2-user/ndvi_sqs_work/heilongjiang/raw/HLS-VI.S30.T51UXU.2018207T024551.v2.0.NDVI.tif,HLS-VI.S30.T51UXU.2018207T024551.v2.0.NDVI.tif,S30,T51UXU,2018-07-26,2018207,024551
/home/ec2-user/ndvi_sqs_work/heilongjiang/raw/HLS-VI.S30.T51UYT.2018207T024551.v2.0.NDVI.tif,HLS-VI.S30.T51UYT.2018207T024551.v2.0.NDVI.tif,S30,T51UYT,2018-07-26,2018207,024551
/home/ec2-user/ndvi_sqs_work/heilongjiang/raw/HLS-VI.S30.T51UYU.2018207T024551.v2.0.NDVI.tif,HLS-VI.S30.T51UYU.2018207T024551.v2.0.NDVI.tif,S30,T51UYU,2018-07-26,2018207,024551
/home/ec2-user/ndvi_sqs_work/heilongjiang/raw/HLS-VI.S30.T52UCC.2018207T024551.v2.0.NDVI.tif,HLS-VI.S30.T52UCC.2018207T024551.v2.0.NDVI.tif,S30,T52UCC,2018-07-26,2018207,024551
/home/ec2-user/ndvi_sqs_work/heilongjiang/raw/HLS-VI.S30.T52UCD.2018207T024551.v2.0.NDVI.tif,HLS-VI.S30.T52UCD.2018207T024551.v2.0.NDVI.tif,S30,T52UCD,2018-07-26,2018207,024551
/home/ec2-user/ndvi_sqs_work/heilongjiang/raw/HLS-VI.S30.T51UWV.2018208T030539.v2.0.NDVI.tif,HLS-VI.S30.T51UWV.2018208T030539.v2.0.NDVI.tif,S30,T51UWV,2018-07-27,2018208,030539
/home/ec2-user/ndvi_sqs_work/heilongjiang/raw/HLS-VI.S30.T52TCR.2018209T023549.v2.0.NDVI.tif,HLS-VI.S30.T52TCR.2018209T023549.v2.0.NDVI.tif,S30,T52TCR,2018-07-28,2018209,023549
/home/ec2-user/ndvi_sqs_work/heilongjiang/raw/HLS-VI.S30.T51UWV.2018222T024539.v2.0.NDVI.tif,HLS-VI.S30.T51UWV.2018222T024539.v2.0.NDVI.tif,S30,T51UWV,2018-08-10,2018222,024539
/home/ec2-user/ndvi_sqs_work/heilongjiang/raw/HLS-VI.S30.T50UQE.2018225T025539.v2.0.NDVI.tif,HLS-VI.S30.T50UQE.2018225T025539.v2.0.NDVI.tif,S30,T50UQE,2018-08-13,2018225,025539
/home/ec2-user/ndvi_sqs_work/heilongjiang/raw/HLS-VI.S30.T51UUV.2018225T025539.v2.0.NDVI.tif,HLS-VI.S30.T51UUV.2018225T025539.v2.0.NDVI.tif,S30,T51UUV,2018-08-13,2018225,025539
/home/ec2-user/ndvi_sqs_work/heilongjiang/raw/HLS-VI.S30.T51UYU.2018227T024551.v2.0.NDVI.tif,HLS-VI.S30.T51UYU.2018227T024551.v2.0.NDVI.tif,S30,T51UYU,2018-08-15,2018227,024551
/home/ec2-user/ndvi_sqs_work/heilongjiang/raw/HLS-VI.S30.T52UCD.2018227T024551.v2.0.NDVI.tif,HLS-VI.S30.T52UCD.2018227T024551.v2.0.NDVI.tif,S30,T52UCD,2018-08-15,2018227,024551
/home/ec2-user/ndvi_sqs_work/heilongjiang/raw/HLS-VI.S30.T51TWM.2018234T023551.v2.0.NDVI.tif,HLS-VI.S30.T51TWM.2018234T023551.v2.0.NDVI.tif,S30,T51TWM,2018-08-22,2018234,023551
/home/ec2-user/ndvi_sqs_work/heilongjiang/raw/HLS-VI.S30.T51UXU.2018235T025539.v2.0.NDVI.tif,HLS-VI.S30.T51UXU.2018235T025539.v2.0.NDVI.tif,S30,T51UXU,2018-08-23,2018235,025539
/home/ec2-user/ndvi_sqs_work/heilongjiang/raw/HLS-VI.S30.T51UYQ.2018251T022551.v2.0.NDVI.tif,HLS-VI.S30.T51UYQ.2018251T022551.v2.0.NDVI.tif,S30,T51UYQ,2018-09-08,2018251,022551
/home/ec2-user/ndvi_sqs_work/heilongjiang/raw/HLS-VI.S30.T51TWM.2018252T024539.v2.0.NDVI.tif,HLS-VI.S30.T51TWM.2018252T024539.v2.0.NDVI.tif,S30,T51TWM,2018-09-09,2018252,024539
/home/ec2-user/ndvi_sqs_work/heilongjiang/raw/HLS-VI.S30.T51TXN.2018252T024539.v2.0.NDVI.tif,HLS-VI.S30.T51TXN.2018252T024539.v2.0.NDVI.tif,S30,T51TXN,2018-09-09,2018252,024539
/home/ec2-user/ndvi_sqs_work/heilongjiang/raw/HLS-VI.S30.T51UVS.2018252T024539.v2.0.NDVI.tif,HLS-VI.S30.T51UVS.2018252T024539.v2.0.NDVI.tif,S30,T51UVS,2018-09-09,2018252,024539
/home/ec2-user/ndvi_sqs_work/heilongjiang/raw/HLS-VI.S30.T51UWP.2018252T024539.v2.0.NDVI.tif,HLS-VI.S30.T51UWP.2018252T024539.v2.0.NDVI.tif,S30,T51UWP,2018-09-09,2018252,024539
/home/ec2-user/ndvi_sqs_work/heilongjiang/raw/HLS-VI.S30.T51UWS.2018252T024539.v2.0.NDVI.tif,HLS-VI.S30.T51UWS.2018252T024539.v2.0.NDVI.tif,S30,T51UWS,2018-09-09,2018252,024539
/home/ec2-user/ndvi_sqs_work/heilongjiang/raw/HLS-VI.S30.T51UWT.2018252T024539.v2.0.NDVI.tif,HLS-VI.S30.T51UWT.2018252T024539.v2.0.NDVI.tif,S30,T51UWT,2018-09-09,2018252,024539
/home/ec2-user/ndvi_sqs_work/heilongjiang/raw/HLS-VI.S30.T51UXP.2018252T024539.v2.0.NDVI.tif,HLS-VI.S30.T51UXP.2018252T024539.v2.0.NDVI.tif,S30,T51UXP,2018-09-09,2018252,024539
/home/ec2-user/ndvi_sqs_work/heilongjiang/raw/HLS-VI.S30.T51UXQ.2018252T024539.v2.0.NDVI.tif,HLS-VI.S30.T51UXQ.2018252T024539.v2.0.NDVI.tif,S30,T51UXQ,2018-09-09,2018252,024539
/home/ec2-user/ndvi_sqs_work/heilongjiang/raw/HLS-VI.S30.T51UXR.2018252T024539.v2.0.NDVI.tif,HLS-VI.S30.T51UXR.2018252T024539.v2.0.NDVI.tif,S30,T51UXR,2018-09-09,2018252,024539
/home/ec2-user/ndvi_sqs_work/heilongjiang/raw/HLS-VI.S30.T51UXS.2018252T024539.v2.0.NDVI.tif,HLS-VI.S30.T51UXS.2018252T024539.v2.0.NDVI.tif,S30,T51UXS,2018-09-09,2018252,024539
/home/ec2-user/ndvi_sqs_work/heilongjiang/raw/HLS-VI.S30.T51UYP.2018252T024539.v2.0.NDVI.tif,HLS-VI.S30.T51UYP.2018252T024539.v2.0.NDVI.tif,S30,T51UYP,2018-09-09,2018252,024539
/home/ec2-user/ndvi_sqs_work/heilongjiang/raw/HLS-VI.S30.T51UYQ.2018252T024539.v2.0.NDVI.tif,HLS-VI.S30.T51UYQ.2018252T024539.v2.0.NDVI.tif,S30,T51UYQ,2018-09-09,2018252,024539
/home/ec2-user/ndvi_sqs_work/heilongjiang/raw/HLS-VI.S30.T51UYR.2018252T024539.v2.0.NDVI.tif,HLS-VI.S30.T51UYR.2018252T024539.v2.0.NDVI.tif,S30,T51UYR,2018-09-09,2018252,024539
/home/ec2-user/ndvi_sqs_work/heilongjiang/raw/HLS-VI.S30.T51UVV.2018253T030541.v2.0.NDVI.tif,HLS-VI.S30.T51UVV.2018253T030541.v2.0.NDVI.tif,S30,T51UVV,2018-09-10,2018253,030541
/home/ec2-user/ndvi_sqs_work/heilongjiang/raw/HLS-VI.S30.T52TFT.2018253T021559.v2.0.NDVI.tif,HLS-VI.S30.T52TFT.2018253T021559.v2.0.NDVI.tif,S30,T52TFT,2018-09-10,2018253,021559
/home/ec2-user/ndvi_sqs_work/heilongjiang/raw/HLS-VI.S30.T52TGQ.2018253T021559.v2.0.NDVI.tif,HLS-VI.S30.T52TGQ.2018253T021559.v2.0.NDVI.tif,S30,T52TGQ,2018-09-10,2018253,021559
/home/ec2-user/ndvi_sqs_work/heilongjiang/raw/HLS-VI.S30.T52TGR.2018253T021559.v2.0.NDVI.tif,HLS-VI.S30.T52TGR.2018253T021559.v2.0.NDVI.tif,S30,T52TGR,2018-09-10,2018253,021559
/home/ec2-user/ndvi_sqs_work/heilongjiang/raw/HLS-VI.S30.T52TGS.2018253T021559.v2.0.NDVI.tif,HLS-VI.S30.T52TGS.2018253T021559.v2.0.NDVI.tif,S30,T52TGS,2018-09-10,2018253,021559
/home/ec2-user/ndvi_sqs_work/heilongjiang/raw/HLS-VI.S30.T52TGT.2018253T021559.v2.0.NDVI.tif,HLS-VI.S30.T52TGT.2018253T021559.v2.0.NDVI.tif,S30,T52TGT,2018-09-10,2018253,021559
/home/ec2-user/ndvi_sqs_work/heilongjiang/raw/HLS-VI.S30.T52UEV.2018253T021559.v2.0.NDVI.tif,HLS-VI.S30.T52UEV.2018253T021559.v2.0.NDVI.tif,S30,T52UEV,2018-09-10,2018253,021559
/home/ec2-user/ndvi_sqs_work/heilongjiang/raw/HLS-VI.S30.T52UFU.2018253T021559.v2.0.NDVI.tif,HLS-VI.S30.T52UFU.2018253T021559.v2.0.NDVI.tif,S30,T52UFU,2018-09-10,2018253,021559
/home/ec2-user/ndvi_sqs_work/heilongjiang/raw/HLS-VI.S30.T52UFV.2018253T021559.v2.0.NDVI.tif,HLS-VI.S30.T52UFV.2018253T021559.v2.0.NDVI.tif,S30,T52UFV,2018-09-10,2018253,021559
/home/ec2-user/ndvi_sqs_work/heilongjiang/raw/HLS-VI.S30.T52UGU.2018253T021559.v2.0.NDVI.tif,HLS-VI.S30.T52UGU.2018253T021559.v2.0.NDVI.tif,S30,T52UGU,2018-09-10,2018253,021559
/home/ec2-user/ndvi_sqs_work/heilongjiang/raw/HLS-VI.S30.T53TLM.2018253T021559.v2.0.NDVI.tif,HLS-VI.S30.T53TLM.2018253T021559.v2.0.NDVI.tif,S30,T53TLM,2018-09-10,2018253,021559
/home/ec2-user/ndvi_sqs_work/heilongjiang/raw/HLS-VI.S30.T53TLN.2018253T021559.v2.0.NDVI.tif,HLS-VI.S30.T53TLN.2018253T021559.v2.0.NDVI.tif,S30,T53TLN,2018-09-10,2018253,021559
/home/ec2-user/ndvi_sqs_work/heilongjiang/raw/HLS-VI.S30.T53ULP.2018253T021559.v2.0.NDVI.tif,HLS-VI.S30.T53ULP.2018253T021559.v2.0.NDVI.tif,S30,T53ULP,2018-09-10,2018253,021559
/home/ec2-user/ndvi_sqs_work/heilongjiang/raw/HLS-VI.S30.T51TXN.2018254T023551.v2.0.NDVI.tif,HLS-VI.S30.T51TXN.2018254T023551.v2.0.NDVI.tif,S30,T51TXN,2018-09-11,2018254,023551
/home/ec2-user/ndvi_sqs_work/heilongjiang/raw/HLS-VI.S30.T51TYN.2018254T023551.v2.0.NDVI.tif,HLS-VI.S30.T51TYN.2018254T023551.v2.0.NDVI.tif,S30,T51TYN,2018-09-11,2018254,023551
/home/ec2-user/ndvi_sqs_work/heilongjiang/raw/HLS-VI.S30.T51UWP.2018254T023551.v2.0.NDVI.tif,HLS-VI.S30.T51UWP.2018254T023551.v2.0.NDVI.tif,S30,T51UWP,2018-09-11,2018254,023551
/home/ec2-user/ndvi_sqs_work/heilongjiang/raw/HLS-VI.S30.T51UXP.2018254T023551.v2.0.NDVI.tif,HLS-VI.S30.T51UXP.2018254T023551.v2.0.NDVI.tif,S30,T51UXP,2018-09-11,2018254,023551
/home/ec2-user/ndvi_sqs_work/heilongjiang/raw/HLS-VI.S30.T51UXQ.2018254T023551.v2.0.NDVI.tif,HLS-VI.S30.T51UXQ.2018254T023551.v2.0.NDVI.tif,S30,T51UXQ,2018-09-11,2018254,023551
/home/ec2-user/ndvi_sqs_work/heilongjiang/raw/HLS-VI.S30.T52TCT.2018254T023551.v2.0.NDVI.tif,HLS-VI.S30.T52TCT.2018254T023551.v2.0.NDVI.tif,S30,T52TCT,2018-09-11,2018254,023551
/home/ec2-user/ndvi_sqs_work/heilongjiang/raw/HLS-VI.S30.T52UDU.2018254T023551.v2.0.NDVI.tif,HLS-VI.S30.T52UDU.2018254T023551.v2.0.NDVI.tif,S30,T52UDU,2018-09-11,2018254,023551
/home/ec2-user/ndvi_sqs_work/heilongjiang/raw/HLS-VI.S30.T51TXL.2018259T023539.v2.0.NDVI.tif,HLS-VI.S30.T51TXL.2018259T023539.v2.0.NDVI.tif,S30,T51TXL,2018-09-16,2018259,023539
/home/ec2-user/ndvi_sqs_work/heilongjiang/raw/HLS-VI.S30.T51TYL.2018259T023539.v2.0.NDVI.tif,HLS-VI.S30.T51TYL.2018259T023539.v2.0.NDVI.tif,S30,T51TYL,2018-09-16,2018259,023539
/home/ec2-user/ndvi_sqs_work/heilongjiang/raw/HLS-VI.S30.T52TCR.2018259T023539.v2.0.NDVI.tif,HLS-VI.S30.T52TCR.2018259T023539.v2.0.NDVI.tif,S30,T52TCR,2018-09-16,2018259,023539
/home/ec2-user/ndvi_sqs_work/heilongjiang/raw/HLS-VI.S30.T52TFT.2018260T020649.v2.0.NDVI.tif,HLS-VI.S30.T52TFT.2018260T020649.v2.0.NDVI.tif,S30,T52TFT,2018-09-17,2018260,020649
/home/ec2-user/ndvi_sqs_work/heilongjiang/raw/HLS-VI.S30.T52TGT.2018260T020649.v2.0.NDVI.tif,HLS-VI.S30.T52TGT.2018260T020649.v2.0.NDVI.tif,S30,T52TGT,2018-09-17,2018260,020649
/home/ec2-user/ndvi_sqs_work/heilongjiang/raw/HLS-VI.S30.T51TYL.2018261T022551.v2.0.NDVI.tif,HLS-VI.S30.T51TYL.2018261T022551.v2.0.NDVI.tif,S30,T51TYL,2018-09-18,2018261,022551
/home/ec2-user/ndvi_sqs_work/heilongjiang/raw/HLS-VI.S30.T51TYN.2018261T022551.v2.0.NDVI.tif,HLS-VI.S30.T51TYN.2018261T022551.v2.0.NDVI.tif,S30,T51TYN,2018-09-18,2018261,022551
/home/ec2-user/ndvi_sqs_work/heilongjiang/raw/HLS-VI.S30.T51UYP.2018261T022551.v2.0.NDVI.tif,HLS-VI.S30.T51UYP.2018261T022551.v2.0.NDVI.tif,S30,T51UYP,2018-09-18,2018261,022551
/home/ec2-user/ndvi_sqs_work/heilongjiang/raw/HLS-VI.S30.T52TCP.2018261T022551.v2.0.NDVI.tif,HLS-VI.S30.T52TCP.2018261T022551.v2.0.NDVI.tif,S30,T52TCP,2018-09-18,2018261,022551
/home/ec2-user/ndvi_sqs_work/heilongjiang/raw/HLS-VI.S30.T52TCQ.2018261T022551.v2.0.NDVI.tif,HLS-VI.S30.T52TCQ.2018261T022551.v2.0.NDVI.tif,S30,T52TCQ,2018-09-18,2018261,022551
/home/ec2-user/ndvi_sqs_work/heilongjiang/raw/HLS-VI.S30.T52TCT.2018261T022551.v2.0.NDVI.tif,HLS-VI.S30.T52TCT.2018261T022551.v2.0.NDVI.tif,S30,T52TCT,2018-09-18,2018261,022551
/home/ec2-user/ndvi_sqs_work/heilongjiang/raw/HLS-VI.S30.T52TDP.2018261T022551.v2.0.NDVI.tif,HLS-VI.S30.T52TDP.2018261T022551.v2.0.NDVI.tif,S30,T52TDP,2018-09-18,2018261,022551
/home/ec2-user/ndvi_sqs_work/heilongjiang/raw/HLS-VI.S30.T52TDT.2018261T022551.v2.0.NDVI.tif,HLS-VI.S30.T52TDT.2018261T022551.v2.0.NDVI.tif,S30,T52TDT,2018-09-18,2018261,022551
/home/ec2-user/ndvi_sqs_work/heilongjiang/raw/HLS-VI.S30.T52TET.2018261T022551.v2.0.NDVI.tif,HLS-VI.S30.T52TET.2018261T022551.v2.0.NDVI.tif,S30,T52TET,2018-09-18,2018261,022551
/home/ec2-user/ndvi_sqs_work/heilongjiang/raw/HLS-VI.S30.T52UCA.2018261T022551.v2.0.NDVI.tif,HLS-VI.S30.T52UCA.2018261T022551.v2.0.NDVI.tif,S30,T52UCA,2018-09-18,2018261,022551
/home/ec2-user/ndvi_sqs_work/heilongjiang/raw/HLS-VI.S30.T52UCU.2018261T022551.v2.0.NDVI.tif,HLS-VI.S30.T52UCU.2018261T022551.v2.0.NDVI.tif,S30,T52UCU,2018-09-18,2018261,022551
/home/ec2-user/ndvi_sqs_work/heilongjiang/raw/HLS-VI.S30.T52UCV.2018261T022551.v2.0.NDVI.tif,HLS-VI.S30.T52UCV.2018261T022551.v2.0.NDVI.tif,S30,T52UCV,2018-09-18,2018261,022551
/home/ec2-user/ndvi_sqs_work/heilongjiang/raw/HLS-VI.S30.T52UDA.2018261T022551.v2.0.NDVI.tif,HLS-VI.S30.T52UDA.2018261T022551.v2.0.NDVI.tif,S30,T52UDA,2018-09-18,2018261,022551
/home/ec2-user/ndvi_sqs_work/heilongjiang/raw/HLS-VI.S30.T52UDU.2018261T022551.v2.0.NDVI.tif,HLS-VI.S30.T52UDU.2018261T022551.v2.0.NDVI.tif,S30,T52UDU,2018-09-18,2018261,022551
/home/ec2-user/ndvi_sqs_work/heilongjiang/raw/HLS-VI.S30.T52UDV.2018261T022551.v2.0.NDVI.tif,HLS-VI.S30.T52UDV.2018261T022551.v2.0.NDVI.tif,S30,T52UDV,2018-09-18,2018261,022551
/home/ec2-user/ndvi_sqs_work/heilongjiang/raw/HLS-VI.S30.T51TWM.2018262T024539.v2.0.NDVI.tif,HLS-VI.S30.T51TWM.2018262T024539.v2.0.NDVI.tif,S30,T51TWM,2018-09-19,2018262,024539
/home/ec2-user/ndvi_sqs_work/heilongjiang/raw/HLS-VI.S30.T51TWN.2018262T024539.v2.0.NDVI.tif,HLS-VI.S30.T51TWN.2018262T024539.v2.0.NDVI.tif,S30,T51TWN,2018-09-19,2018262,024539
/home/ec2-user/ndvi_sqs_work/heilongjiang/raw/HLS-VI.S30.T52UCB.2018262T024539.v2.0.NDVI.tif,HLS-VI.S30.T52UCB.2018262T024539.v2.0.NDVI.tif,S30,T52UCB,2018-09-19,2018262,024539
/home/ec2-user/ndvi_sqs_work/heilongjiang/raw/HLS-VI.S30.T53TLM.2018262T015651.v2.0.NDVI.tif,HLS-VI.S30.T53TLM.2018262T015651.v2.0.NDVI.tif,S30,T53TLM,2018-09-19,2018262,015651
/home/ec2-user/ndvi_sqs_work/heilongjiang/raw/HLS-VI.S30.T53TLN.2018262T015651.v2.0.NDVI.tif,HLS-VI.S30.T53TLN.2018262T015651.v2.0.NDVI.tif,S30,T53TLN,2018-09-19,2018262,015651
/home/ec2-user/ndvi_sqs_work/heilongjiang/raw/HLS-VI.S30.T53UMP.2018262T015651.v2.0.NDVI.tif,HLS-VI.S30.T53UMP.2018262T015651.v2.0.NDVI.tif,S30,T53UMP,2018-09-19,2018262,015651
/home/ec2-user/ndvi_sqs_work/heilongjiang/raw/HLS-VI.S30.T52TCP.2018263T021559.v2.0.NDVI.tif,HLS-VI.S30.T52TCP.2018263T021559.v2.0.NDVI.tif,S30,T52TCP,2018-09-20,2018263,021559
/home/ec2-user/ndvi_sqs_work/heilongjiang/raw/HLS-VI.S30.T52TDQ.2018263T021559.v2.0.NDVI.tif,HLS-VI.S30.T52TDQ.2018263T021559.v2.0.NDVI.tif,S30,T52TDQ,2018-09-20,2018263,021559
/home/ec2-user/ndvi_sqs_work/heilongjiang/raw/HLS-VI.S30.T52TDR.2018263T021559.v2.0.NDVI.tif,HLS-VI.S30.T52TDR.2018263T021559.v2.0.NDVI.tif,S30,T52TDR,2018-09-20,2018263,021559
/home/ec2-user/ndvi_sqs_work/heilongjiang/raw/HLS-VI.S30.T52TEQ.2018263T021559.v2.0.NDVI.tif,HLS-VI.S30.T52TEQ.2018263T021559.v2.0.NDVI.tif,S30,T52TEQ,2018-09-20,2018263,021559
/home/ec2-user/ndvi_sqs_work/heilongjiang/raw/HLS-VI.S30.T52TER.2018263T021559.v2.0.NDVI.tif,HLS-VI.S30.T52TER.2018263T021559.v2.0.NDVI.tif,S30,T52TER,2018-09-20,2018263,021559
/home/ec2-user/ndvi_sqs_work/heilongjiang/raw/HLS-VI.S30.T52TES.2018263T021559.v2.0.NDVI.tif,HLS-VI.S30.T52TES.2018263T021559.v2.0.NDVI.tif,S30,T52TES,2018-09-20,2018263,021559
/home/ec2-user/ndvi_sqs_work/heilongjiang/raw/HLS-VI.S30.T52TFR.2018263T021559.v2.0.NDVI.tif,HLS-VI.S30.T52TFR.2018263T021559.v2.0.NDVI.tif,S30,T52TFR,2018-09-20,2018263,021559
/home/ec2-user/ndvi_sqs_work/heilongjiang/raw/HLS-VI.S30.T52TFS.2018263T021559.v2.0.NDVI.tif,HLS-VI.S30.T52TFS.2018263T021559.v2.0.NDVI.tif,S30,T52TFS,2018-09-20,2018263,021559
/home/ec2-user/ndvi_sqs_work/heilongjiang/raw/HLS-VI.S30.T52TGQ.2018263T021559.v2.0.NDVI.tif,HLS-VI.S30.T52TGQ.2018263T021559.v2.0.NDVI.tif,S30,T52TGQ,2018-09-20,2018263,021559
/home/ec2-user/ndvi_sqs_work/heilongjiang/raw/HLS-VI.S30.T52TGR.2018263T021559.v2.0.NDVI.tif,HLS-VI.S30.T52TGR.2018263T021559.v2.0.NDVI.tif,S30,T52TGR,2018-09-20,2018263,021559
/home/ec2-user/ndvi_sqs_work/heilongjiang/raw/HLS-VI.S30.T52TGS.2018263T021559.v2.0.NDVI.tif,HLS-VI.S30.T52TGS.2018263T021559.v2.0.NDVI.tif,S30,T52TGS,2018-09-20,2018263,021559
/home/ec2-user/ndvi_sqs_work/heilongjiang/raw/HLS-VI.S30.T52UEV.2018263T021559.v2.0.NDVI.tif,HLS-VI.S30.T52UEV.2018263T021559.v2.0.NDVI.tif,S30,T52UEV,2018-09-20,2018263,021559
/home/ec2-user/ndvi_sqs_work/heilongjiang/raw/HLS-VI.S30.T50UQD.2018268T030539.v2.0.NDVI.tif,HLS-VI.S30.T50UQD.2018268T030539.v2.0.NDVI.tif,S30,T50UQD,2018-09-25,2018268,030539
/home/ec2-user/ndvi_sqs_work/heilongjiang/raw/HLS-VI.S30.T50UQE.2018268T030539.v2.0.NDVI.tif,HLS-VI.S30.T50UQE.2018268T030539.v2.0.NDVI.tif,S30,T50UQE,2018-09-25,2018268,030539
/home/ec2-user/ndvi_sqs_work/heilongjiang/raw/HLS-VI.S30.T51UUU.2018268T030539.v2.0.NDVI.tif,HLS-VI.S30.T51UUU.2018268T030539.v2.0.NDVI.tif,S30,T51UUU,2018-09-25,2018268,030539
/home/ec2-user/ndvi_sqs_work/heilongjiang/raw/HLS-VI.S30.T51UUV.2018268T030539.v2.0.NDVI.tif,HLS-VI.S30.T51UUV.2018268T030539.v2.0.NDVI.tif,S30,T51UUV,2018-09-25,2018268,030539
/home/ec2-user/ndvi_sqs_work/heilongjiang/raw/HLS-VI.S30.T51UVT.2018268T030539.v2.0.NDVI.tif,HLS-VI.S30.T51UVT.2018268T030539.v2.0.NDVI.tif,S30,T51UVT,2018-09-25,2018268,030539
/home/ec2-user/ndvi_sqs_work/heilongjiang/raw/HLS-VI.S30.T51UVU.2018268T030539.v2.0.NDVI.tif,HLS-VI.S30.T51UVU.2018268T030539.v2.0.NDVI.tif,S30,T51UVU,2018-09-25,2018268,030539
/home/ec2-user/ndvi_sqs_work/heilongjiang/raw/HLS-VI.S30.T51UVV.2018268T030539.v2.0.NDVI.tif,HLS-VI.S30.T51UVV.2018268T030539.v2.0.NDVI.tif,S30,T51UVV,2018-09-25,2018268,030539
/home/ec2-user/ndvi_sqs_work/heilongjiang/raw/HLS-VI.S30.T51UWV.2018268T030539.v2.0.NDVI.tif,HLS-VI.S30.T51UWV.2018268T030539.v2.0.NDVI.tif,S30,T51UWV,2018-09-25,2018268,030539
/home/ec2-user/ndvi_sqs_work/heilongjiang/raw/HLS-VI.S30.T51TWM.2018269T023539.v2.0.NDVI.tif,HLS-VI.S30.T51TWM.2018269T023539.v2.0.NDVI.tif,S30,T51TWM,2018-09-26,2018269,023539
/home/ec2-user/ndvi_sqs_work/heilongjiang/raw/HLS-VI.S30.T51TWN.2018269T023539.v2.0.NDVI.tif,HLS-VI.S30.T51TWN.2018269T023539.v2.0.NDVI.tif,S30,T51TWN,2018-09-26,2018269,023539
/home/ec2-user/ndvi_sqs_work/heilongjiang/raw/HLS-VI.S30.T51TXM.2018269T023539.v2.0.NDVI.tif,HLS-VI.S30.T51TXM.2018269T023539.v2.0.NDVI.tif,S30,T51TXM,2018-09-26,2018269,023539
/home/ec2-user/ndvi_sqs_work/heilongjiang/raw/HLS-VI.S30.T51TXN.2018269T023539.v2.0.NDVI.tif,HLS-VI.S30.T51TXN.2018269T023539.v2.0.NDVI.tif,S30,T51TXN,2018-09-26,2018269,023539
/home/ec2-user/ndvi_sqs_work/heilongjiang/raw/HLS-VI.S30.T51TYL.2018269T023539.v2.0.NDVI.tif,HLS-VI.S30.T51TYL.2018269T023539.v2.0.NDVI.tif,S30,T51TYL,2018-09-26,2018269,023539
/home/ec2-user/ndvi_sqs_work/heilongjiang/raw/HLS-VI.S30.T51TYM.2018269T023539.v2.0.NDVI.tif,HLS-VI.S30.T51TYM.2018269T023539.v2.0.NDVI.tif,S30,T51TYM,2018-09-26,2018269,023539
/home/ec2-user/ndvi_sqs_work/heilongjiang/raw/HLS-VI.S30.T51TYN.2018269T023539.v2.0.NDVI.tif,HLS-VI.S30.T51TYN.2018269T023539.v2.0.NDVI.tif,S30,T51TYN,2018-09-26,2018269,023539
/home/ec2-user/ndvi_sqs_work/heilongjiang/raw/HLS-VI.S30.T51UWP.2018269T023539.v2.0.NDVI.tif,HLS-VI.S30.T51UWP.2018269T023539.v2.0.NDVI.tif,S30,T51UWP,2018-09-26,2018269,023539
/home/ec2-user/ndvi_sqs_work/heilongjiang/raw/HLS-VI.S30.T51UXP.2018269T023539.v2.0.NDVI.tif,HLS-VI.S30.T51UXP.2018269T023539.v2.0.NDVI.tif,S30,T51UXP,2018-09-26,2018269,023539
/home/ec2-user/ndvi_sqs_work/heilongjiang/raw/HLS-VI.S30.T51UXQ.2018269T023539.v2.0.NDVI.tif,HLS-VI.S30.T51UXQ.2018269T023539.v2.0.NDVI.tif,S30,T51UXQ,2018-09-26,2018269,023539
/home/ec2-user/ndvi_sqs_work/heilongjiang/raw/HLS-VI.S30.T51UXR.2018269T023539.v2.0.NDVI.tif,HLS-VI.S30.T51UXR.2018269T023539.v2.0.NDVI.tif,S30,T51UXR,2018-09-26,2018269,023539
/home/ec2-user/ndvi_sqs_work/heilongjiang/raw/HLS-VI.S30.T51UXS.2018269T023539.v2.0.NDVI.tif,HLS-VI.S30.T51UXS.2018269T023539.v2.0.NDVI.tif,S30,T51UXS,2018-09-26,2018269,023539
/home/ec2-user/ndvi_sqs_work/heilongjiang/raw/HLS-VI.S30.T51UXT.2018269T023539.v2.0.NDVI.tif,HLS-VI.S30.T51UXT.2018269T023539.v2.0.NDVI.tif,S30,T51UXT,2018-09-26,2018269,023539
/home/ec2-user/ndvi_sqs_work/heilongjiang/raw/HLS-VI.S30.T51UXU.2018269T023539.v2.0.NDVI.tif,HLS-VI.S30.T51UXU.2018269T023539.v2.0.NDVI.tif,S30,T51UXU,2018-09-26,2018269,023539
/home/ec2-user/ndvi_sqs_work/heilongjiang/raw/HLS-VI.S30.T51UYP.2018269T023539.v2.0.NDVI.tif,HLS-VI.S30.T51UYP.2018269T023539.v2.0.NDVI.tif,S30,T51UYP,2018-09-26,2018269,023539
/home/ec2-user/ndvi_sqs_work/heilongjiang/raw/HLS-VI.S30.T51UYQ.2018269T023539.v2.0.NDVI.tif,HLS-VI.S30.T51UYQ.2018269T023539.v2.0.NDVI.tif,S30,T51UYQ,2018-09-26,2018269,023539
/home/ec2-user/ndvi_sqs_work/heilongjiang/raw/HLS-VI.S30.T51UYR.2018269T023539.v2.0.NDVI.tif,HLS-VI.S30.T51UYR.2018269T023539.v2.0.NDVI.tif,S30,T51UYR,2018-09-26,2018269,023539
/home/ec2-user/ndvi_sqs_work/heilongjiang/raw/HLS-VI.S30.T51UYS.2018269T023539.v2.0.NDVI.tif,HLS-VI.S30.T51UYS.2018269T023539.v2.0.NDVI.tif,S30,T51UYS,2018-09-26,2018269,023539
/home/ec2-user/ndvi_sqs_work/heilongjiang/raw/HLS-VI.S30.T51UYT.2018269T023539.v2.0.NDVI.tif,HLS-VI.S30.T51UYT.2018269T023539.v2.0.NDVI.tif,S30,T51UYT,2018-09-26,2018269,023539
/home/ec2-user/ndvi_sqs_work/heilongjiang/raw/HLS-VI.S30.T52TCR.2018269T023539.v2.0.NDVI.tif,HLS-VI.S30.T52TCR.2018269T023539.v2.0.NDVI.tif,S30,T52TCR,2018-09-26,2018269,023539
/home/ec2-user/ndvi_sqs_work/heilongjiang/raw/HLS-VI.S30.T52TCS.2018269T023539.v2.0.NDVI.tif,HLS-VI.S30.T52TCS.2018269T023539.v2.0.NDVI.tif,S30,T52TCS,2018-09-26,2018269,023539
/home/ec2-user/ndvi_sqs_work/heilongjiang/raw/HLS-VI.S30.T52TCT.2018269T023539.v2.0.NDVI.tif,HLS-VI.S30.T52TCT.2018269T023539.v2.0.NDVI.tif,S30,T52TCT,2018-09-26,2018269,023539
/home/ec2-user/ndvi_sqs_work/heilongjiang/raw/HLS-VI.S30.T52TDT.2018269T023539.v2.0.NDVI.tif,HLS-VI.S30.T52TDT.2018269T023539.v2.0.NDVI.tif,S30,T52TDT,2018-09-26,2018269,023539
/home/ec2-user/ndvi_sqs_work/heilongjiang/raw/HLS-VI.S30.T52UCA.2018269T023539.v2.0.NDVI.tif,HLS-VI.S30.T52UCA.2018269T023539.v2.0.NDVI.tif,S30,T52UCA,2018-09-26,2018269,023539
/home/ec2-user/ndvi_sqs_work/heilongjiang/raw/HLS-VI.S30.T52UCB.2018269T023539.v2.0.NDVI.tif,HLS-VI.S30.T52UCB.2018269T023539.v2.0.NDVI.tif,S30,T52UCB,2018-09-26,2018269,023539
/home/ec2-user/ndvi_sqs_work/heilongjiang/raw/HLS-VI.S30.T52UCU.2018269T023539.v2.0.NDVI.tif,HLS-VI.S30.T52UCU.2018269T023539.v2.0.NDVI.tif,S30,T52UCU,2018-09-26,2018269,023539
/home/ec2-user/ndvi_sqs_work/heilongjiang/raw/HLS-VI.S30.T52UDU.2018269T023539.v2.0.NDVI.tif,HLS-VI.S30.T52UDU.2018269T023539.v2.0.NDVI.tif,S30,T52UDU,2018-09-26,2018269,023539
/home/ec2-user/ndvi_sqs_work/heilongjiang/raw/HLS-VI.S30.T52UDV.2018269T023539.v2.0.NDVI.tif,HLS-VI.S30.T52UDV.2018269T023539.v2.0.NDVI.tif,S30,T52UDV,2018-09-26,2018269,023539
/home/ec2-user/ndvi_sqs_work/heilongjiang/raw/HLS-VI.S30.T50UQD.2018270T025641.v2.0.NDVI.tif,HLS-VI.S30.T50UQD.2018270T025641.v2.0.NDVI.tif,S30,T50UQD,2018-09-27,2018270,025641
/home/ec2-user/ndvi_sqs_work/heilongjiang/raw/HLS-VI.S30.T51UUU.2018270T025641.v2.0.NDVI.tif,HLS-VI.S30.T51UUU.2018270T025641.v2.0.NDVI.tif,S30,T51UUU,2018-09-27,2018270,025641
/home/ec2-user/ndvi_sqs_work/heilongjiang/raw/HLS-VI.S30.T51UWS.2018270T025641.v2.0.NDVI.tif,HLS-VI.S30.T51UWS.2018270T025641.v2.0.NDVI.tif,S30,T51UWS,2018-09-27,2018270,025641
/home/ec2-user/ndvi_sqs_work/heilongjiang/raw/HLS-VI.S30.T51UXU.2018270T025641.v2.0.NDVI.tif,HLS-VI.S30.T51UXU.2018270T025641.v2.0.NDVI.tif,S30,T51UXU,2018-09-27,2018270,025641
/home/ec2-user/ndvi_sqs_work/heilongjiang/raw/HLS-VI.S30.T53UMP.2018270T020649.v2.0.NDVI.tif,HLS-VI.S30.T53UMP.2018270T020649.v2.0.NDVI.tif,S30,T53UMP,2018-09-27,2018270,020649
/home/ec2-user/ndvi_sqs_work/heilongjiang/raw/HLS-VI.S30.T52UDA.2018271T022551.v2.0.NDVI.tif,HLS-VI.S30.T52UDA.2018271T022551.v2.0.NDVI.tif,S30,T52UDA,2018-09-28,2018271,022551
/home/ec2-user/ndvi_sqs_work/heilongjiang/raw/HLS-VI.S30.T52UEV.2018271T022551.v2.0.NDVI.tif,HLS-VI.S30.T52UEV.2018271T022551.v2.0.NDVI.tif,S30,T52UEV,2018-09-28,2018271,022551
/home/ec2-user/ndvi_sqs_work/heilongjiang/raw/HLS-VI.S30.T52UFV.2018271T022551.v2.0.NDVI.tif,HLS-VI.S30.T52UFV.2018271T022551.v2.0.NDVI.tif,S30,T52UFV,2018-09-28,2018271,022551
/home/ec2-user/ndvi_sqs_work/heilongjiang/raw/HLS-VI.S30.T52UCC.2018272T024539.v2.0.NDVI.tif,HLS-VI.S30.T52UCC.2018272T024539.v2.0.NDVI.tif,S30,T52UCC,2018-09-29,2018272,024539
/home/ec2-user/ndvi_sqs_work/heilongjiang/raw/HLS-VI.S30.T53UMP.2018272T015651.v2.0.NDVI.tif,HLS-VI.S30.T53UMP.2018272T015651.v2.0.NDVI.tif,S30,T53UMP,2018-09-29,2018272,015651
/home/ec2-user/ndvi_sqs_work/heilongjiang/raw/HLS-VI.S30.T50UQD.2018273T030541.v2.0.NDVI.tif,HLS-VI.S30.T50UQD.2018273T030541.v2.0.NDVI.tif,S30,T50UQD,2018-09-30,2018273,030541
/home/ec2-user/ndvi_sqs_work/heilongjiang/raw/HLS-VI.S30.T51UUU.2018273T030541.v2.0.NDVI.tif,HLS-VI.S30.T51UUU.2018273T030541.v2.0.NDVI.tif,S30,T51UUU,2018-09-30,2018273,030541
/home/ec2-user/ndvi_sqs_work/heilongjiang/raw/HLS-VI.S30.T51UUV.2018273T030541.v2.0.NDVI.tif,HLS-VI.S30.T51UUV.2018273T030541.v2.0.NDVI.tif,S30,T51UUV,2018-09-30,2018273,030541
/home/ec2-user/ndvi_sqs_work/heilongjiang/raw/HLS-VI.S30.T51UVV.2018273T030541.v2.0.NDVI.tif,HLS-VI.S30.T51UVV.2018273T030541.v2.0.NDVI.tif,S30,T51UVV,2018-09-30,2018273,030541
/home/ec2-user/ndvi_sqs_work/heilongjiang/raw/HLS-VI.S30.T52TFT.2018273T021559.v2.0.NDVI.tif,HLS-VI.S30.T52TFT.2018273T021559.v2.0.NDVI.tif,S30,T52TFT,2018-09-30,2018273,021559
/home/ec2-user/ndvi_sqs_work/heilongjiang/raw/HLS-VI.S30.T52TGT.2018273T021559.v2.0.NDVI.tif,HLS-VI.S30.T52TGT.2018273T021559.v2.0.NDVI.tif,S30,T52TGT,2018-09-30,2018273,021559
/home/ec2-user/ndvi_sqs_work/heilongjiang/raw/HLS-VI.S30.T52UEV.2018273T021559.v2.0.NDVI.tif,HLS-VI.S30.T52UEV.2018273T021559.v2.0.NDVI.tif,S30,T52UEV,2018-09-30,2018273,021559
/home/ec2-user/ndvi_sqs_work/heilongjiang/raw/HLS-VI.S30.T52UFV.2018273T021559.v2.0.NDVI.tif,HLS-VI.S30.T52UFV.2018273T021559.v2.0.NDVI.tif,S30,T52UFV,2018-09-30,2018273,021559
/home/ec2-user/ndvi_sqs_work/heilongjiang/raw/HLS-VI.S30.T53TLN.2018273T021559.v2.0.NDVI.tif,HLS-VI.S30.T53TLN.2018273T021559.v2.0.NDVI.tif,S30,T53TLN,2018-09-30,2018273,021559
/home/ec2-user/ndvi_sqs_work/heilongjiang/raw/HLS-VI.S30.T53ULP.2018273T021559.v2.0.NDVI.tif,HLS-VI.S30.T53ULP.2018273T021559.v2.0.NDVI.tif,S30,T53ULP,2018-09-30,2018273,021559
/home/ec2-user/ndvi_sqs_work/heilongjiang/raw/HLS-VI.S30.T51TWL.2018274T023551.v2.0.NDVI.tif,HLS-VI.S30.T51TWL.2018274T023551.v2.0.NDVI.tif,S30,T51TWL,2018-10-01,2018274,023551
/home/ec2-user/ndvi_sqs_work/heilongjiang/raw/HLS-VI.S30.T51TWM.2018274T023551.v2.0.NDVI.tif,HLS-VI.S30.T51TWM.2018274T023551.v2.0.NDVI.tif,S30,T51TWM,2018-10-01,2018274,023551
/home/ec2-user/ndvi_sqs_work/heilongjiang/raw/HLS-VI.S30.T51TWN.2018274T023551.v2.0.NDVI.tif,HLS-VI.S30.T51TWN.2018274T023551.v2.0.NDVI.tif,S30,T51TWN,2018-10-01,2018274,023551
/home/ec2-user/ndvi_sqs_work/heilongjiang/raw/HLS-VI.S30.T51TXL.2018274T023551.v2.0.NDVI.tif,HLS-VI.S30.T51TXL.2018274T023551.v2.0.NDVI.tif,S30,T51TXL,2018-10-01,2018274,023551
/home/ec2-user/ndvi_sqs_work/heilongjiang/raw/HLS-VI.S30.T51TXM.2018274T023551.v2.0.NDVI.tif,HLS-VI.S30.T51TXM.2018274T023551.v2.0.NDVI.tif,S30,T51TXM,2018-10-01,2018274,023551
/home/ec2-user/ndvi_sqs_work/heilongjiang/raw/HLS-VI.S30.T51TXN.2018274T023551.v2.0.NDVI.tif,HLS-VI.S30.T51TXN.2018274T023551.v2.0.NDVI.tif,S30,T51TXN,2018-10-01,2018274,023551
/home/ec2-user/ndvi_sqs_work/heilongjiang/raw/HLS-VI.S30.T51TYL.2018274T023551.v2.0.NDVI.tif,HLS-VI.S30.T51TYL.2018274T023551.v2.0.NDVI.tif,S30,T51TYL,2018-10-01,2018274,023551
/home/ec2-user/ndvi_sqs_work/heilongjiang/raw/HLS-VI.S30.T51TYM.2018274T023551.v2.0.NDVI.tif,HLS-VI.S30.T51TYM.2018274T023551.v2.0.NDVI.tif,S30,T51TYM,2018-10-01,2018274,023551
/home/ec2-user/ndvi_sqs_work/heilongjiang/raw/HLS-VI.S30.T51TYN.2018274T023551.v2.0.NDVI.tif,HLS-VI.S30.T51TYN.2018274T023551.v2.0.NDVI.tif,S30,T51TYN,2018-10-01,2018274,023551
/home/ec2-user/ndvi_sqs_work/heilongjiang/raw/HLS-VI.S30.T51UWP.2018274T023551.v2.0.NDVI.tif,HLS-VI.S30.T51UWP.2018274T023551.v2.0.NDVI.tif,S30,T51UWP,2018-10-01,2018274,023551
/home/ec2-user/ndvi_sqs_work/heilongjiang/raw/HLS-VI.S30.T51UXP.2018274T023551.v2.0.NDVI.tif,HLS-VI.S30.T51UXP.2018274T023551.v2.0.NDVI.tif,S30,T51UXP,2018-10-01,2018274,023551
/home/ec2-user/ndvi_sqs_work/heilongjiang/raw/HLS-VI.S30.T51UXQ.2018274T023551.v2.0.NDVI.tif,HLS-VI.S30.T51UXQ.2018274T023551.v2.0.NDVI.tif,S30,T51UXQ,2018-10-01,2018274,023551
/home/ec2-user/ndvi_sqs_work/heilongjiang/raw/HLS-VI.S30.T51UXR.2018274T023551.v2.0.NDVI.tif,HLS-VI.S30.T51UXR.2018274T023551.v2.0.NDVI.tif,S30,T51UXR,2018-10-01,2018274,023551
/home/ec2-user/ndvi_sqs_work/heilongjiang/raw/HLS-VI.S30.T51UYP.2018274T023551.v2.0.NDVI.tif,HLS-VI.S30.T51UYP.2018274T023551.v2.0.NDVI.tif,S30,T51UYP,2018-10-01,2018274,023551
/home/ec2-user/ndvi_sqs_work/heilongjiang/raw/HLS-VI.S30.T51UYQ.2018274T023551.v2.0.NDVI.tif,HLS-VI.S30.T51UYQ.2018274T023551.v2.0.NDVI.tif,S30,T51UYQ,2018-10-01,2018274,023551
/home/ec2-user/ndvi_sqs_work/heilongjiang/raw/HLS-VI.S30.T51UYR.2018274T023551.v2.0.NDVI.tif,HLS-VI.S30.T51UYR.2018274T023551.v2.0.NDVI.tif,S30,T51UYR,2018-10-01,2018274,023551
/home/ec2-user/ndvi_sqs_work/heilongjiang/raw/HLS-VI.S30.T51UYS.2018274T023551.v2.0.NDVI.tif,HLS-VI.S30.T51UYS.2018274T023551.v2.0.NDVI.tif,S30,T51UYS,2018-10-01,2018274,023551
/home/ec2-user/ndvi_sqs_work/heilongjiang/raw/HLS-VI.S30.T51UYT.2018274T023551.v2.0.NDVI.tif,HLS-VI.S30.T51UYT.2018274T023551.v2.0.NDVI.tif,S30,T51UYT,2018-10-01,2018274,023551
/home/ec2-user/ndvi_sqs_work/heilongjiang/raw/HLS-VI.S30.T51UYU.2018274T023551.v2.0.NDVI.tif,HLS-VI.S30.T51UYU.2018274T023551.v2.0.NDVI.tif,S30,T51UYU,2018-10-01,2018274,023551
/home/ec2-user/ndvi_sqs_work/heilongjiang/raw/HLS-VI.S30.T52TCS.2018274T023551.v2.0.NDVI.tif,HLS-VI.S30.T52TCS.2018274T023551.v2.0.NDVI.tif,S30,T52TCS,2018-10-01,2018274,023551
/home/ec2-user/ndvi_sqs_work/heilongjiang/raw/HLS-VI.S30.T52TCT.2018274T023551.v2.0.NDVI.tif,HLS-VI.S30.T52TCT.2018274T023551.v2.0.NDVI.tif,S30,T52TCT,2018-10-01,2018274,023551
/home/ec2-user/ndvi_sqs_work/heilongjiang/raw/HLS-VI.S30.T52UCA.2018274T023551.v2.0.NDVI.tif,HLS-VI.S30.T52UCA.2018274T023551.v2.0.NDVI.tif,S30,T52UCA,2018-10-01,2018274,023551
/home/ec2-user/ndvi_sqs_work/heilongjiang/raw/HLS-VI.S30.T52UCB.2018274T023551.v2.0.NDVI.tif,HLS-VI.S30.T52UCB.2018274T023551.v2.0.NDVI.tif,S30,T52UCB,2018-10-01,2018274,023551
/home/ec2-user/ndvi_sqs_work/heilongjiang/raw/HLS-VI.S30.T52UCC.2018274T023551.v2.0.NDVI.tif,HLS-VI.S30.T52UCC.2018274T023551.v2.0.NDVI.tif,S30,T52UCC,2018-10-01,2018274,023551
/home/ec2-user/ndvi_sqs_work/heilongjiang/raw/HLS-VI.S30.T52UCD.2018274T023551.v2.0.NDVI.tif,HLS-VI.S30.T52UCD.2018274T023551.v2.0.NDVI.tif,S30,T52UCD,2018-10-01,2018274,023551
/home/ec2-user/ndvi_sqs_work/heilongjiang/raw/HLS-VI.S30.T52UCU.2018274T023551.v2.0.NDVI.tif,HLS-VI.S30.T52UCU.2018274T023551.v2.0.NDVI.tif,S30,T52UCU,2018-10-01,2018274,023551
/home/ec2-user/ndvi_sqs_work/heilongjiang/raw/HLS-VI.S30.T52UCV.2018274T023551.v2.0.NDVI.tif,HLS-VI.S30.T52UCV.2018274T023551.v2.0.NDVI.tif,S30,T52UCV,2018-10-01,2018274,023551
/home/ec2-user/ndvi_sqs_work/heilongjiang/raw/HLS-VI.S30.T52UDA.2018274T023551.v2.0.NDVI.tif,HLS-VI.S30.T52UDA.2018274T023551.v2.0.NDVI.tif,S30,T52UDA,2018-10-01,2018274,023551
/home/ec2-user/ndvi_sqs_work/heilongjiang/raw/HLS-VI.S30.T52UDU.2018274T023551.v2.0.NDVI.tif,HLS-VI.S30.T52UDU.2018274T023551.v2.0.NDVI.tif,S30,T52UDU,2018-10-01,2018274,023551
/home/ec2-user/ndvi_sqs_work/heilongjiang/raw/HLS-VI.S30.T52UDV.2018274T023551.v2.0.NDVI.tif,HLS-VI.S30.T52UDV.2018274T023551.v2.0.NDVI.tif,S30,T52UDV,2018-10-01,2018274,023551
/home/ec2-user/ndvi_sqs_work/heilongjiang/raw/HLS-VI.S30.T52TEP.2018275T020651.v2.0.NDVI.tif,HLS-VI.S30.T52TEP.2018275T020651.v2.0.NDVI.tif,S30,T52TEP,2018-10-02,2018275,020651
/home/ec2-user/ndvi_sqs_work/heilongjiang/raw/HLS-VI.S30.T52TEQ.2018275T020651.v2.0.NDVI.tif,HLS-VI.S30.T52TEQ.2018275T020651.v2.0.NDVI.tif,S30,T52TEQ,2018-10-02,2018275,020651
/home/ec2-user/ndvi_sqs_work/heilongjiang/raw/HLS-VI.S30.T52TFP.2018275T020651.v2.0.NDVI.tif,HLS-VI.S30.T52TFP.2018275T020651.v2.0.NDVI.tif,S30,T52TFP,2018-10-02,2018275,020651
/home/ec2-user/ndvi_sqs_work/heilongjiang/raw/HLS-VI.S30.T52TFQ.2018275T020651.v2.0.NDVI.tif,HLS-VI.S30.T52TFQ.2018275T020651.v2.0.NDVI.tif,S30,T52TFQ,2018-10-02,2018275,020651
/home/ec2-user/ndvi_sqs_work/heilongjiang/raw/HLS-VI.S30.T52TGQ.2018275T020651.v2.0.NDVI.tif,HLS-VI.S30.T52TGQ.2018275T020651.v2.0.NDVI.tif,S30,T52TGQ,2018-10-02,2018275,020651
/home/ec2-user/ndvi_sqs_work/heilongjiang/raw/HLS-VI.S30.T53TLK.2018275T020651.v2.0.NDVI.tif,HLS-VI.S30.T53TLK.2018275T020651.v2.0.NDVI.tif,S30,T53TLK,2018-10-02,2018275,020651
/home/ec2-user/ndvi_sqs_work/heilongjiang/raw/HLS-VI.S30.T51TYL.2018276T022549.v2.0.NDVI.tif,HLS-VI.S30.T51TYL.2018276T022549.v2.0.NDVI.tif,S30,T51TYL,2018-10-03,2018276,022549
/home/ec2-user/ndvi_sqs_work/heilongjiang/raw/HLS-VI.S30.T51TYM.2018276T022549.v2.0.NDVI.tif,HLS-VI.S30.T51TYM.2018276T022549.v2.0.NDVI.tif,S30,T51TYM,2018-10-03,2018276,022549
/home/ec2-user/ndvi_sqs_work/heilongjiang/raw/HLS-VI.S30.T51TYN.2018276T022549.v2.0.NDVI.tif,HLS-VI.S30.T51TYN.2018276T022549.v2.0.NDVI.tif,S30,T51TYN,2018-10-03,2018276,022549
/home/ec2-user/ndvi_sqs_work/heilongjiang/raw/HLS-VI.S30.T51UYP.2018276T022549.v2.0.NDVI.tif,HLS-VI.S30.T51UYP.2018276T022549.v2.0.NDVI.tif,S30,T51UYP,2018-10-03,2018276,022549
/home/ec2-user/ndvi_sqs_work/heilongjiang/raw/HLS-VI.S30.T51UYQ.2018276T022549.v2.0.NDVI.tif,HLS-VI.S30.T51UYQ.2018276T022549.v2.0.NDVI.tif,S30,T51UYQ,2018-10-03,2018276,022549
/home/ec2-user/ndvi_sqs_work/heilongjiang/raw/HLS-VI.S30.T52TCP.2018276T022549.v2.0.NDVI.tif,HLS-VI.S30.T52TCP.2018276T022549.v2.0.NDVI.tif,S30,T52TCP,2018-10-03,2018276,022549
/home/ec2-user/ndvi_sqs_work/heilongjiang/raw/HLS-VI.S30.T52TCQ.2018276T022549.v2.0.NDVI.tif,HLS-VI.S30.T52TCQ.2018276T022549.v2.0.NDVI.tif,S30,T52TCQ,2018-10-03,2018276,022549
/home/ec2-user/ndvi_sqs_work/heilongjiang/raw/HLS-VI.S30.T52TCR.2018276T022549.v2.0.NDVI.tif,HLS-VI.S30.T52TCR.2018276T022549.v2.0.NDVI.tif,S30,T52TCR,2018-10-03,2018276,022549
/home/ec2-user/ndvi_sqs_work/heilongjiang/raw/HLS-VI.S30.T52TCS.2018276T022549.v2.0.NDVI.tif,HLS-VI.S30.T52TCS.2018276T022549.v2.0.NDVI.tif,S30,T52TCS,2018-10-03,2018276,022549
/home/ec2-user/ndvi_sqs_work/heilongjiang/raw/HLS-VI.S30.T52TCT.2018276T022549.v2.0.NDVI.tif,HLS-VI.S30.T52TCT.2018276T022549.v2.0.NDVI.tif,S30,T52TCT,2018-10-03,2018276,022549
/home/ec2-user/ndvi_sqs_work/heilongjiang/raw/HLS-VI.S30.T52TDR.2018276T022549.v2.0.NDVI.tif,HLS-VI.S30.T52TDR.2018276T022549.v2.0.NDVI.tif,S30,T52TDR,2018-10-03,2018276,022549
/home/ec2-user/ndvi_sqs_work/heilongjiang/raw/HLS-VI.S30.T52TDS.2018276T022549.v2.0.NDVI.tif,HLS-VI.S30.T52TDS.2018276T022549.v2.0.NDVI.tif,S30,T52TDS,2018-10-03,2018276,022549
/home/ec2-user/ndvi_sqs_work/heilongjiang/raw/HLS-VI.S30.T52TDT.2018276T022549.v2.0.NDVI.tif,HLS-VI.S30.T52TDT.2018276T022549.v2.0.NDVI.tif,S30,T52TDT,2018-10-03,2018276,022549
/home/ec2-user/ndvi_sqs_work/heilongjiang/raw/HLS-VI.S30.T52TES.2018276T022549.v2.0.NDVI.tif,HLS-VI.S30.T52TES.2018276T022549.v2.0.NDVI.tif,S30,T52TES,2018-10-03,2018276,022549
/home/ec2-user/ndvi_sqs_work/heilongjiang/raw/HLS-VI.S30.T52TET.2018276T022549.v2.0.NDVI.tif,HLS-VI.S30.T52TET.2018276T022549.v2.0.NDVI.tif,S30,T52TET,2018-10-03,2018276,022549
/home/ec2-user/ndvi_sqs_work/heilongjiang/raw/HLS-VI.S30.T52TFT.2018276T022549.v2.0.NDVI.tif,HLS-VI.S30.T52TFT.2018276T022549.v2.0.NDVI.tif,S30,T52TFT,2018-10-03,2018276,022549
/home/ec2-user/ndvi_sqs_work/heilongjiang/raw/HLS-VI.S30.T52UCA.2018276T022549.v2.0.NDVI.tif,HLS-VI.S30.T52UCA.2018276T022549.v2.0.NDVI.tif,S30,T52UCA,2018-10-03,2018276,022549
/home/ec2-user/ndvi_sqs_work/heilongjiang/raw/HLS-VI.S30.T52UCU.2018276T022549.v2.0.NDVI.tif,HLS-VI.S30.T52UCU.2018276T022549.v2.0.NDVI.tif,S30,T52UCU,2018-10-03,2018276,022549
/home/ec2-user/ndvi_sqs_work/heilongjiang/raw/HLS-VI.S30.T52UCV.2018276T022549.v2.0.NDVI.tif,HLS-VI.S30.T52UCV.2018276T022549.v2.0.NDVI.tif,S30,T52UCV,2018-10-03,2018276,022549
/home/ec2-user/ndvi_sqs_work/heilongjiang/raw/HLS-VI.S30.T52UDA.2018276T022549.v2.0.NDVI.tif,HLS-VI.S30.T52UDA.2018276T022549.v2.0.NDVI.tif,S30,T52UDA,2018-10-03,2018276,022549
/home/ec2-user/ndvi_sqs_work/heilongjiang/raw/HLS-VI.S30.T52UDU.2018276T022549.v2.0.NDVI.tif,HLS-VI.S30.T52UDU.2018276T022549.v2.0.NDVI.tif,S30,T52UDU,2018-10-03,2018276,022549
/home/ec2-user/ndvi_sqs_work/heilongjiang/raw/HLS-VI.S30.T52UDV.2018276T022549.v2.0.NDVI.tif,HLS-VI.S30.T52UDV.2018276T022549.v2.0.NDVI.tif,S30,T52UDV,2018-10-03,2018276,022549
/home/ec2-user/ndvi_sqs_work/heilongjiang/raw/HLS-VI.S30.T52UEU.2018276T022549.v2.0.NDVI.tif,HLS-VI.S30.T52UEU.2018276T022549.v2.0.NDVI.tif,S30,T52UEU,2018-10-03,2018276,022549
/home/ec2-user/ndvi_sqs_work/heilongjiang/raw/HLS-VI.S30.T52UEV.2018276T022549.v2.0.NDVI.tif,HLS-VI.S30.T52UEV.2018276T022549.v2.0.NDVI.tif,S30,T52UEV,2018-10-03,2018276,022549
/home/ec2-user/ndvi_sqs_work/heilongjiang/raw/HLS-VI.S30.T52UFU.2018276T022549.v2.0.NDVI.tif,HLS-VI.S30.T52UFU.2018276T022549.v2.0.NDVI.tif,S30,T52UFU,2018-10-03,2018276,022549
/home/ec2-user/ndvi_sqs_work/heilongjiang/raw/HLS-VI.S30.T52UFV.2018276T022549.v2.0.NDVI.tif,HLS-VI.S30.T52UFV.2018276T022549.v2.0.NDVI.tif,S30,T52UFV,2018-10-03,2018276,022549
/home/ec2-user/ndvi_sqs_work/heilongjiang/raw/HLS-VI.S30.T51TVM.2018277T024541.v2.0.NDVI.tif,HLS-VI.S30.T51TVM.2018277T024541.v2.0.NDVI.tif,S30,T51TVM,2018-10-04,2018277,024541
/home/ec2-user/ndvi_sqs_work/heilongjiang/raw/HLS-VI.S30.T51TVN.2018277T024541.v2.0.NDVI.tif,HLS-VI.S30.T51TVN.2018277T024541.v2.0.NDVI.tif,S30,T51TVN,2018-10-04,2018277,024541
/home/ec2-user/ndvi_sqs_work/heilongjiang/raw/HLS-VI.S30.T51TWM.2018277T024541.v2.0.NDVI.tif,HLS-VI.S30.T51TWM.2018277T024541.v2.0.NDVI.tif,S30,T51TWM,2018-10-04,2018277,024541
/home/ec2-user/ndvi_sqs_work/heilongjiang/raw/HLS-VI.S30.T51TWN.2018277T024541.v2.0.NDVI.tif,HLS-VI.S30.T51TWN.2018277T024541.v2.0.NDVI.tif,S30,T51TWN,2018-10-04,2018277,024541
/home/ec2-user/ndvi_sqs_work/heilongjiang/raw/HLS-VI.S30.T51TXN.2018277T024541.v2.0.NDVI.tif,HLS-VI.S30.T51TXN.2018277T024541.v2.0.NDVI.tif,S30,T51TXN,2018-10-04,2018277,024541
/home/ec2-user/ndvi_sqs_work/heilongjiang/raw/HLS-VI.S30.T51UVP.2018277T024541.v2.0.NDVI.tif,HLS-VI.S30.T51UVP.2018277T024541.v2.0.NDVI.tif,S30,T51UVP,2018-10-04,2018277,024541
/home/ec2-user/ndvi_sqs_work/heilongjiang/raw/HLS-VI.S30.T51UVS.2018277T024541.v2.0.NDVI.tif,HLS-VI.S30.T51UVS.2018277T024541.v2.0.NDVI.tif,S30,T51UVS,2018-10-04,2018277,024541
/home/ec2-user/ndvi_sqs_work/heilongjiang/raw/HLS-VI.S30.T51UVT.2018277T024541.v2.0.NDVI.tif,HLS-VI.S30.T51UVT.2018277T024541.v2.0.NDVI.tif,S30,T51UVT,2018-10-04,2018277,024541
/home/ec2-user/ndvi_sqs_work/heilongjiang/raw/HLS-VI.S30.T51UWP.2018277T024541.v2.0.NDVI.tif,HLS-VI.S30.T51UWP.2018277T024541.v2.0.NDVI.tif,S30,T51UWP,2018-10-04,2018277,024541
/home/ec2-user/ndvi_sqs_work/heilongjiang/raw/HLS-VI.S30.T51UWS.2018277T024541.v2.0.NDVI.tif,HLS-VI.S30.T51UWS.2018277T024541.v2.0.NDVI.tif,S30,T51UWS,2018-10-04,2018277,024541
/home/ec2-user/ndvi_sqs_work/heilongjiang/raw/HLS-VI.S30.T51UWT.2018277T024541.v2.0.NDVI.tif,HLS-VI.S30.T51UWT.2018277T024541.v2.0.NDVI.tif,S30,T51UWT,2018-10-04,2018277,024541
/home/ec2-user/ndvi_sqs_work/heilongjiang/raw/HLS-VI.S30.T51UWU.2018277T024541.v2.0.NDVI.tif,HLS-VI.S30.T51UWU.2018277T024541.v2.0.NDVI.tif,S30,T51UWU,2018-10-04,2018277,024541
/home/ec2-user/ndvi_sqs_work/heilongjiang/raw/HLS-VI.S30.T51UWV.2018277T024541.v2.0.NDVI.tif,HLS-VI.S30.T51UWV.2018277T024541.v2.0.NDVI.tif,S30,T51UWV,2018-10-04,2018277,024541
/home/ec2-user/ndvi_sqs_work/heilongjiang/raw/HLS-VI.S30.T51UXP.2018277T024541.v2.0.NDVI.tif,HLS-VI.S30.T51UXP.2018277T024541.v2.0.NDVI.tif,S30,T51UXP,2018-10-04,2018277,024541
/home/ec2-user/ndvi_sqs_work/heilongjiang/raw/HLS-VI.S30.T51UXQ.2018277T024541.v2.0.NDVI.tif,HLS-VI.S30.T51UXQ.2018277T024541.v2.0.NDVI.tif,S30,T51UXQ,2018-10-04,2018277,024541
/home/ec2-user/ndvi_sqs_work/heilongjiang/raw/HLS-VI.S30.T51UXR.2018277T024541.v2.0.NDVI.tif,HLS-VI.S30.T51UXR.2018277T024541.v2.0.NDVI.tif,S30,T51UXR,2018-10-04,2018277,024541
/home/ec2-user/ndvi_sqs_work/heilongjiang/raw/HLS-VI.S30.T51UXS.2018277T024541.v2.0.NDVI.tif,HLS-VI.S30.T51UXS.2018277T024541.v2.0.NDVI.tif,S30,T51UXS,2018-10-04,2018277,024541
/home/ec2-user/ndvi_sqs_work/heilongjiang/raw/HLS-VI.S30.T51UXT.2018277T024541.v2.0.NDVI.tif,HLS-VI.S30.T51UXT.2018277T024541.v2.0.NDVI.tif,S30,T51UXT,2018-10-04,2018277,024541
/home/ec2-user/ndvi_sqs_work/heilongjiang/raw/HLS-VI.S30.T51UXU.2018277T024541.v2.0.NDVI.tif,HLS-VI.S30.T51UXU.2018277T024541.v2.0.NDVI.tif,S30,T51UXU,2018-10-04,2018277,024541
/home/ec2-user/ndvi_sqs_work/heilongjiang/raw/HLS-VI.S30.T51UXV.2018277T024541.v2.0.NDVI.tif,HLS-VI.S30.T51UXV.2018277T024541.v2.0.NDVI.tif,S30,T51UXV,2018-10-04,2018277,024541
/home/ec2-user/ndvi_sqs_work/heilongjiang/raw/HLS-VI.S30.T51UYR.2018277T024541.v2.0.NDVI.tif,HLS-VI.S30.T51UYR.2018277T024541.v2.0.NDVI.tif,S30,T51UYR,2018-10-04,2018277,024541
/home/ec2-user/ndvi_sqs_work/heilongjiang/raw/HLS-VI.S30.T51UYS.2018277T024541.v2.0.NDVI.tif,HLS-VI.S30.T51UYS.2018277T024541.v2.0.NDVI.tif,S30,T51UYS,2018-10-04,2018277,024541
/home/ec2-user/ndvi_sqs_work/heilongjiang/raw/HLS-VI.S30.T52UCB.2018277T024541.v2.0.NDVI.tif,HLS-VI.S30.T52UCB.2018277T024541.v2.0.NDVI.tif,S30,T52UCB,2018-10-04,2018277,024541
/home/ec2-user/ndvi_sqs_work/heilongjiang/raw/HLS-VI.S30.T53TLK.2018277T015649.v2.0.NDVI.tif,HLS-VI.S30.T53TLK.2018277T015649.v2.0.NDVI.tif,S30,T53TLK,2018-10-04,2018277,015649
/home/ec2-user/ndvi_sqs_work/heilongjiang/raw/HLS-VI.S30.T53TLL.2018277T015649.v2.0.NDVI.tif,HLS-VI.S30.T53TLL.2018277T015649.v2.0.NDVI.tif,S30,T53TLL,2018-10-04,2018277,015649
/home/ec2-user/ndvi_sqs_work/heilongjiang/raw/HLS-VI.S30.T53TLM.2018277T015649.v2.0.NDVI.tif,HLS-VI.S30.T53TLM.2018277T015649.v2.0.NDVI.tif,S30,T53TLM,2018-10-04,2018277,015649
/home/ec2-user/ndvi_sqs_work/heilongjiang/raw/HLS-VI.S30.T53TMM.2018277T015649.v2.0.NDVI.tif,HLS-VI.S30.T53TMM.2018277T015649.v2.0.NDVI.tif,S30,T53TMM,2018-10-04,2018277,015649
/home/ec2-user/ndvi_sqs_work/heilongjiang/raw/HLS-VI.S30.T53TMN.2018277T015649.v2.0.NDVI.tif,HLS-VI.S30.T53TMN.2018277T015649.v2.0.NDVI.tif,S30,T53TMN,2018-10-04,2018277,015649
/home/ec2-user/ndvi_sqs_work/heilongjiang/raw/HLS-VI.S30.T53UMP.2018277T015649.v2.0.NDVI.tif,HLS-VI.S30.T53UMP.2018277T015649.v2.0.NDVI.tif,S30,T53UMP,2018-10-04,2018277,015649
/home/ec2-user/ndvi_sqs_work/heilongjiang/raw/HLS-VI.S30.T51UVU.2018278T030549.v2.0.NDVI.tif,HLS-VI.S30.T51UVU.2018278T030549.v2.0.NDVI.tif,S30,T51UVU,2018-10-05,2018278,030549
/home/ec2-user/ndvi_sqs_work/heilongjiang/raw/HLS-VI.S30.T51UWV.2018278T030549.v2.0.NDVI.tif,HLS-VI.S30.T51UWV.2018278T030549.v2.0.NDVI.tif,S30,T51UWV,2018-10-05,2018278,030549
/home/ec2-user/ndvi_sqs_work/heilongjiang/raw/HLS-VI.S30.T52TCP.2018278T021601.v2.0.NDVI.tif,HLS-VI.S30.T52TCP.2018278T021601.v2.0.NDVI.tif,S30,T52TCP,2018-10-05,2018278,021601
/home/ec2-user/ndvi_sqs_work/heilongjiang/raw/HLS-VI.S30.T52TCQ.2018278T021601.v2.0.NDVI.tif,HLS-VI.S30.T52TCQ.2018278T021601.v2.0.NDVI.tif,S30,T52TCQ,2018-10-05,2018278,021601
/home/ec2-user/ndvi_sqs_work/heilongjiang/raw/HLS-VI.S30.T52TES.2018278T021601.v2.0.NDVI.tif,HLS-VI.S30.T52TES.2018278T021601.v2.0.NDVI.tif,S30,T52TES,2018-10-05,2018278,021601
/home/ec2-user/ndvi_sqs_work/heilongjiang/raw/HLS-VI.S30.T52TET.2018278T021601.v2.0.NDVI.tif,HLS-VI.S30.T52TET.2018278T021601.v2.0.NDVI.tif,S30,T52TET,2018-10-05,2018278,021601
/home/ec2-user/ndvi_sqs_work/heilongjiang/raw/HLS-VI.S30.T52TFQ.2018278T021601.v2.0.NDVI.tif,HLS-VI.S30.T52TFQ.2018278T021601.v2.0.NDVI.tif,S30,T52TFQ,2018-10-05,2018278,021601
/home/ec2-user/ndvi_sqs_work/heilongjiang/raw/HLS-VI.S30.T52TFR.2018278T021601.v2.0.NDVI.tif,HLS-VI.S30.T52TFR.2018278T021601.v2.0.NDVI.tif,S30,T52TFR,2018-10-05,2018278,021601
/home/ec2-user/ndvi_sqs_work/heilongjiang/raw/HLS-VI.S30.T52TFS.2018278T021601.v2.0.NDVI.tif,HLS-VI.S30.T52TFS.2018278T021601.v2.0.NDVI.tif,S30,T52TFS,2018-10-05,2018278,021601
/home/ec2-user/ndvi_sqs_work/heilongjiang/raw/HLS-VI.S30.T52TFT.2018278T021601.v2.0.NDVI.tif,HLS-VI.S30.T52TFT.2018278T021601.v2.0.NDVI.tif,S30,T52TFT,2018-10-05,2018278,021601
/home/ec2-user/ndvi_sqs_work/heilongjiang/raw/HLS-VI.S30.T52TGS.2018278T021601.v2.0.NDVI.tif,HLS-VI.S30.T52TGS.2018278T021601.v2.0.NDVI.tif,S30,T52TGS,2018-10-05,2018278,021601
/home/ec2-user/ndvi_sqs_work/heilongjiang/raw/HLS-VI.S30.T52UDU.2018278T021601.v2.0.NDVI.tif,HLS-VI.S30.T52UDU.2018278T021601.v2.0.NDVI.tif,S30,T52UDU,2018-10-05,2018278,021601
/home/ec2-user/ndvi_sqs_work/heilongjiang/raw/HLS-VI.S30.T52UEU.2018278T021601.v2.0.NDVI.tif,HLS-VI.S30.T52UEU.2018278T021601.v2.0.NDVI.tif,S30,T52UEU,2018-10-05,2018278,021601
/home/ec2-user/ndvi_sqs_work/heilongjiang/raw/HLS-VI.S30.T52UEV.2018278T021601.v2.0.NDVI.tif,HLS-VI.S30.T52UEV.2018278T021601.v2.0.NDVI.tif,S30,T52UEV,2018-10-05,2018278,021601
/home/ec2-user/ndvi_sqs_work/heilongjiang/raw/HLS-VI.S30.T52UFU.2018278T021601.v2.0.NDVI.tif,HLS-VI.S30.T52UFU.2018278T021601.v2.0.NDVI.tif,S30,T52UFU,2018-10-05,2018278,021601
/home/ec2-user/ndvi_sqs_work/heilongjiang/raw/HLS-VI.S30.T52UFV.2018278T021601.v2.0.NDVI.tif,HLS-VI.S30.T52UFV.2018278T021601.v2.0.NDVI.tif,S30,T52UFV,2018-10-05,2018278,021601
/home/ec2-user/ndvi_sqs_work/heilongjiang/raw/HLS-VI.S30.T52UGU.2018278T021601.v2.0.NDVI.tif,HLS-VI.S30.T52UGU.2018278T021601.v2.0.NDVI.tif,S30,T52UGU,2018-10-05,2018278,021601
/home/ec2-user/ndvi_sqs_work/heilongjiang/raw/HLS-VI.S30.T53ULP.2018278T021601.v2.0.NDVI.tif,HLS-VI.S30.T53ULP.2018278T021601.v2.0.NDVI.tif,S30,T53ULP,2018-10-05,2018278,021601
/home/ec2-user/ndvi_sqs_work/heilongjiang/raw/HLS-VI.S30.T52TEP.2018280T020649.v2.0.NDVI.tif,HLS-VI.S30.T52TEP.2018280T020649.v2.0.NDVI.tif,S30,T52TEP,2018-10-07,2018280,020649
/home/ec2-user/ndvi_sqs_work/heilongjiang/raw/HLS-VI.S30.T52TFP.2018280T020649.v2.0.NDVI.tif,HLS-VI.S30.T52TFP.2018280T020649.v2.0.NDVI.tif,S30,T52TFP,2018-10-07,2018280,020649
/home/ec2-user/ndvi_sqs_work/heilongjiang/raw/HLS-VI.S30.T52TFQ.2018280T020649.v2.0.NDVI.tif,HLS-VI.S30.T52TFQ.2018280T020649.v2.0.NDVI.tif,S30,T52TFQ,2018-10-07,2018280,020649
/home/ec2-user/ndvi_sqs_work/heilongjiang/raw/HLS-VI.S30.T51TXN.2018282T024609.v2.0.NDVI.tif,HLS-VI.S30.T51TXN.2018282T024609.v2.0.NDVI.tif,S30,T51TXN,2018-10-09,2018282,024609
/home/ec2-user/ndvi_sqs_work/heilongjiang/raw/HLS-VI.S30.T51TYN.2018284T023621.v2.0.NDVI.tif,HLS-VI.S30.T51TYN.2018284T023621.v2.0.NDVI.tif,S30,T51TYN,2018-10-11,2018284,023621
/home/ec2-user/ndvi_sqs_work/heilongjiang/raw/HLS-VI.S30.T51UXP.2018284T023621.v2.0.NDVI.tif,HLS-VI.S30.T51UXP.2018284T023621.v2.0.NDVI.tif,S30,T51UXP,2018-10-11,2018284,023621
/home/ec2-user/ndvi_sqs_work/heilongjiang/raw/HLS-VI.S30.T51UYP.2018284T023621.v2.0.NDVI.tif,HLS-VI.S30.T51UYP.2018284T023621.v2.0.NDVI.tif,S30,T51UYP,2018-10-11,2018284,023621
/home/ec2-user/ndvi_sqs_work/heilongjiang/raw/HLS-VI.S30.T51UYS.2018284T023621.v2.0.NDVI.tif,HLS-VI.S30.T51UYS.2018284T023621.v2.0.NDVI.tif,S30,T51UYS,2018-10-11,2018284,023621
/home/ec2-user/ndvi_sqs_work/heilongjiang/raw/HLS-VI.S30.T51UYT.2018284T023621.v2.0.NDVI.tif,HLS-VI.S30.T51UYT.2018284T023621.v2.0.NDVI.tif,S30,T51UYT,2018-10-11,2018284,023621
/home/ec2-user/ndvi_sqs_work/heilongjiang/raw/HLS-VI.S30.T51UYU.2018284T023621.v2.0.NDVI.tif,HLS-VI.S30.T51UYU.2018284T023621.v2.0.NDVI.tif,S30,T51UYU,2018-10-11,2018284,023621
/home/ec2-user/ndvi_sqs_work/heilongjiang/raw/HLS-VI.S30.T52UCB.2018284T023621.v2.0.NDVI.tif,HLS-VI.S30.T52UCB.2018284T023621.v2.0.NDVI.tif,S30,T52UCB,2018-10-11,2018284,023621
/home/ec2-user/ndvi_sqs_work/heilongjiang/raw/HLS-VI.S30.T52UCC.2018284T023621.v2.0.NDVI.tif,HLS-VI.S30.T52UCC.2018284T023621.v2.0.NDVI.tif,S30,T52UCC,2018-10-11,2018284,023621
/home/ec2-user/ndvi_sqs_work/heilongjiang/raw/HLS-VI.S30.T52UCU.2018284T023621.v2.0.NDVI.tif,HLS-VI.S30.T52UCU.2018284T023621.v2.0.NDVI.tif,S30,T52UCU,2018-10-11,2018284,023621
/home/ec2-user/ndvi_sqs_work/heilongjiang/raw/HLS-VI.S30.T52UDA.2018284T023621.v2.0.NDVI.tif,HLS-VI.S30.T52UDA.2018284T023621.v2.0.NDVI.tif,S30,T52UDA,2018-10-11,2018284,023621
/home/ec2-user/ndvi_sqs_work/heilongjiang/raw/HLS-VI.S30.T52UDV.2018284T023621.v2.0.NDVI.tif,HLS-VI.S30.T52UDV.2018284T023621.v2.0.NDVI.tif,S30,T52UDV,2018-10-11,2018284,023621
/home/ec2-user/ndvi_sqs_work/heilongjiang/raw/HLS-VI.S30.T51TVN.2018285T025639.v2.0.NDVI.tif,HLS-VI.S30.T51TVN.2018285T025639.v2.0.NDVI.tif,S30,T51TVN,2018-10-12,2018285,025639
/home/ec2-user/ndvi_sqs_work/heilongjiang/raw/HLS-VI.S30.T52TFS.2018285T020651.v2.0.NDVI.tif,HLS-VI.S30.T52TFS.2018285T020651.v2.0.NDVI.tif,S30,T52TFS,2018-10-12,2018285,020651
/home/ec2-user/ndvi_sqs_work/heilongjiang/raw/HLS-VI.S30.T52TFT.2018285T020651.v2.0.NDVI.tif,HLS-VI.S30.T52TFT.2018285T020651.v2.0.NDVI.tif,S30,T52TFT,2018-10-12,2018285,020651
/home/ec2-user/ndvi_sqs_work/heilongjiang/raw/HLS-VI.S30.T52TGS.2018285T020651.v2.0.NDVI.tif,HLS-VI.S30.T52TGS.2018285T020651.v2.0.NDVI.tif,S30,T52TGS,2018-10-12,2018285,020651
/home/ec2-user/ndvi_sqs_work/heilongjiang/raw/HLS-VI.S30.T52TGT.2018285T020651.v2.0.NDVI.tif,HLS-VI.S30.T52TGT.2018285T020651.v2.0.NDVI.tif,S30,T52TGT,2018-10-12,2018285,020651
/home/ec2-user/ndvi_sqs_work/heilongjiang/raw/HLS-VI.S30.T52UGU.2018285T020651.v2.0.NDVI.tif,HLS-VI.S30.T52UGU.2018285T020651.v2.0.NDVI.tif,S30,T52UGU,2018-10-12,2018285,020651
/home/ec2-user/ndvi_sqs_work/heilongjiang/raw/HLS-VI.S30.T53TLL.2018285T020651.v2.0.NDVI.tif,HLS-VI.S30.T53TLL.2018285T020651.v2.0.NDVI.tif,S30,T53TLL,2018-10-12,2018285,020651
/home/ec2-user/ndvi_sqs_work/heilongjiang/raw/HLS-VI.S30.T53TLM.2018285T020651.v2.0.NDVI.tif,HLS-VI.S30.T53TLM.2018285T020651.v2.0.NDVI.tif,S30,T53TLM,2018-10-12,2018285,020651
/home/ec2-user/ndvi_sqs_work/heilongjiang/raw/HLS-VI.S30.T53TLN.2018285T020651.v2.0.NDVI.tif,HLS-VI.S30.T53TLN.2018285T020651.v2.0.NDVI.tif,S30,T53TLN,2018-10-12,2018285,020651
/home/ec2-user/ndvi_sqs_work/heilongjiang/raw/HLS-VI.S30.T53TMM.2018285T020651.v2.0.NDVI.tif,HLS-VI.S30.T53TMM.2018285T020651.v2.0.NDVI.tif,S30,T53TMM,2018-10-12,2018285,020651
/home/ec2-user/ndvi_sqs_work/heilongjiang/raw/HLS-VI.S30.T53TMN.2018285T020651.v2.0.NDVI.tif,HLS-VI.S30.T53TMN.2018285T020651.v2.0.NDVI.tif,S30,T53TMN,2018-10-12,2018285,020651
/home/ec2-user/ndvi_sqs_work/heilongjiang/raw/HLS-VI.S30.T53ULP.2018285T020651.v2.0.NDVI.tif,HLS-VI.S30.T53ULP.2018285T020651.v2.0.NDVI.tif,S30,T53ULP,2018-10-12,2018285,020651
/home/ec2-user/ndvi_sqs_work/heilongjiang/raw/HLS-VI.S30.T53UMP.2018285T020651.v2.0.NDVI.tif,HLS-VI.S30.T53UMP.2018285T020651.v2.0.NDVI.tif,S30,T53UMP,2018-10-12,2018285,020651
/home/ec2-user/ndvi_sqs_work/heilongjiang/raw/HLS-VI.S30.T51TYL.2018286T022629.v2.0.NDVI.tif,HLS-VI.S30.T51TYL.2018286T022629.v2.0.NDVI.tif,S30,T51TYL,2018-10-13,2018286,022629
/home/ec2-user/ndvi_sqs_work/heilongjiang/raw/HLS-VI.S30.T51TYM.2018286T022629.v2.0.NDVI.tif,HLS-VI.S30.T51TYM.2018286T022629.v2.0.NDVI.tif,S30,T51TYM,2018-10-13,2018286,022629
/home/ec2-user/ndvi_sqs_work/heilongjiang/raw/HLS-VI.S30.T51TYN.2018286T022629.v2.0.NDVI.tif,HLS-VI.S30.T51TYN.2018286T022629.v2.0.NDVI.tif,S30,T51TYN,2018-10-13,2018286,022629
/home/ec2-user/ndvi_sqs_work/heilongjiang/raw/HLS-VI.S30.T51UYP.2018286T022629.v2.0.NDVI.tif,HLS-VI.S30.T51UYP.2018286T022629.v2.0.NDVI.tif,S30,T51UYP,2018-10-13,2018286,022629
/home/ec2-user/ndvi_sqs_work/heilongjiang/raw/HLS-VI.S30.T52TCP.2018286T022629.v2.0.NDVI.tif,HLS-VI.S30.T52TCP.2018286T022629.v2.0.NDVI.tif,S30,T52TCP,2018-10-13,2018286,022629
/home/ec2-user/ndvi_sqs_work/heilongjiang/raw/HLS-VI.S30.T52TCQ.2018286T022629.v2.0.NDVI.tif,HLS-VI.S30.T52TCQ.2018286T022629.v2.0.NDVI.tif,S30,T52TCQ,2018-10-13,2018286,022629
/home/ec2-user/ndvi_sqs_work/heilongjiang/raw/HLS-VI.S30.T52TCR.2018286T022629.v2.0.NDVI.tif,HLS-VI.S30.T52TCR.2018286T022629.v2.0.NDVI.tif,S30,T52TCR,2018-10-13,2018286,022629
/home/ec2-user/ndvi_sqs_work/heilongjiang/raw/HLS-VI.S30.T52TCS.2018286T022629.v2.0.NDVI.tif,HLS-VI.S30.T52TCS.2018286T022629.v2.0.NDVI.tif,S30,T52TCS,2018-10-13,2018286,022629
/home/ec2-user/ndvi_sqs_work/heilongjiang/raw/HLS-VI.S30.T52TCT.2018286T022629.v2.0.NDVI.tif,HLS-VI.S30.T52TCT.2018286T022629.v2.0.NDVI.tif,S30,T52TCT,2018-10-13,2018286,022629
/home/ec2-user/ndvi_sqs_work/heilongjiang/raw/HLS-VI.S30.T52TDP.2018286T022629.v2.0.NDVI.tif,HLS-VI.S30.T52TDP.2018286T022629.v2.0.NDVI.tif,S30,T52TDP,2018-10-13,2018286,022629
/home/ec2-user/ndvi_sqs_work/heilongjiang/raw/HLS-VI.S30.T52TFT.2018286T022629.v2.0.NDVI.tif,HLS-VI.S30.T52TFT.2018286T022629.v2.0.NDVI.tif,S30,T52TFT,2018-10-13,2018286,022629
/home/ec2-user/ndvi_sqs_work/heilongjiang/raw/HLS-VI.S30.T52UCU.2018286T022629.v2.0.NDVI.tif,HLS-VI.S30.T52UCU.2018286T022629.v2.0.NDVI.tif,S30,T52UCU,2018-10-13,2018286,022629
/home/ec2-user/ndvi_sqs_work/heilongjiang/raw/HLS-VI.S30.T52UDU.2018286T022629.v2.0.NDVI.tif,HLS-VI.S30.T52UDU.2018286T022629.v2.0.NDVI.tif,S30,T52UDU,2018-10-13,2018286,022629
/home/ec2-user/ndvi_sqs_work/heilongjiang/raw/HLS-VI.S30.T52UEU.2018286T022629.v2.0.NDVI.tif,HLS-VI.S30.T52UEU.2018286T022629.v2.0.NDVI.tif,S30,T52UEU,2018-10-13,2018286,022629
/home/ec2-user/ndvi_sqs_work/heilongjiang/raw/HLS-VI.S30.T52UEV.2018286T022629.v2.0.NDVI.tif,HLS-VI.S30.T52UEV.2018286T022629.v2.0.NDVI.tif,S30,T52UEV,2018-10-13,2018286,022629
/home/ec2-user/ndvi_sqs_work/heilongjiang/raw/HLS-VI.S30.T52UFU.2018286T022629.v2.0.NDVI.tif,HLS-VI.S30.T52UFU.2018286T022629.v2.0.NDVI.tif,S30,T52UFU,2018-10-13,2018286,022629
/home/ec2-user/ndvi_sqs_work/heilongjiang/raw/HLS-VI.S30.T52UFV.2018286T022629.v2.0.NDVI.tif,HLS-VI.S30.T52UFV.2018286T022629.v2.0.NDVI.tif,S30,T52UFV,2018-10-13,2018286,022629
/home/ec2-user/ndvi_sqs_work/heilongjiang/raw/HLS-VI.S30.T53TLK.2018287T015649.v2.0.NDVI.tif,HLS-VI.S30.T53TLK.2018287T015649.v2.0.NDVI.tif,S30,T53TLK,2018-10-14,2018287,015649
/home/ec2-user/ndvi_sqs_work/heilongjiang/raw/HLS-VI.S30.T53TLL.2018287T015649.v2.0.NDVI.tif,HLS-VI.S30.T53TLL.2018287T015649.v2.0.NDVI.tif,S30,T53TLL,2018-10-14,2018287,015649
/home/ec2-user/ndvi_sqs_work/heilongjiang/raw/HLS-VI.S30.T53TMM.2018287T015649.v2.0.NDVI.tif,HLS-VI.S30.T53TMM.2018287T015649.v2.0.NDVI.tif,S30,T53TMM,2018-10-14,2018287,015649
/home/ec2-user/ndvi_sqs_work/heilongjiang/raw/HLS-VI.S30.T51UVT.2018288T030659.v2.0.NDVI.tif,HLS-VI.S30.T51UVT.2018288T030659.v2.0.NDVI.tif,S30,T51UVT,2018-10-15,2018288,030659
/home/ec2-user/ndvi_sqs_work/heilongjiang/raw/HLS-VI.S30.T51UVU.2018288T030659.v2.0.NDVI.tif,HLS-VI.S30.T51UVU.2018288T030659.v2.0.NDVI.tif,S30,T51UVU,2018-10-15,2018288,030659
/home/ec2-user/ndvi_sqs_work/heilongjiang/raw/HLS-VI.S30.T51UVV.2018288T030659.v2.0.NDVI.tif,HLS-VI.S30.T51UVV.2018288T030659.v2.0.NDVI.tif,S30,T51UVV,2018-10-15,2018288,030659
/home/ec2-user/ndvi_sqs_work/heilongjiang/raw/HLS-VI.S30.T51UWV.2018288T030659.v2.0.NDVI.tif,HLS-VI.S30.T51UWV.2018288T030659.v2.0.NDVI.tif,S30,T51UWV,2018-10-15,2018288,030659
/home/ec2-user/ndvi_sqs_work/heilongjiang/raw/HLS-VI.S30.T51TWM.2018289T023659.v2.0.NDVI.tif,HLS-VI.S30.T51TWM.2018289T023659.v2.0.NDVI.tif,S30,T51TWM,2018-10-16,2018289,023659
/home/ec2-user/ndvi_sqs_work/heilongjiang/raw/HLS-VI.S30.T51TWN.2018289T023659.v2.0.NDVI.tif,HLS-VI.S30.T51TWN.2018289T023659.v2.0.NDVI.tif,S30,T51TWN,2018-10-16,2018289,023659
/home/ec2-user/ndvi_sqs_work/heilongjiang/raw/HLS-VI.S30.T51UXQ.2018289T023659.v2.0.NDVI.tif,HLS-VI.S30.T51UXQ.2018289T023659.v2.0.NDVI.tif,S30,T51UXQ,2018-10-16,2018289,023659
/home/ec2-user/ndvi_sqs_work/heilongjiang/raw/HLS-VI.S30.T51UXR.2018289T023659.v2.0.NDVI.tif,HLS-VI.S30.T51UXR.2018289T023659.v2.0.NDVI.tif,S30,T51UXR,2018-10-16,2018289,023659
/home/ec2-user/ndvi_sqs_work/heilongjiang/raw/HLS-VI.S30.T51UXS.2018289T023659.v2.0.NDVI.tif,HLS-VI.S30.T51UXS.2018289T023659.v2.0.NDVI.tif,S30,T51UXS,2018-10-16,2018289,023659
/home/ec2-user/ndvi_sqs_work/heilongjiang/raw/HLS-VI.S30.T51UXU.2018289T023659.v2.0.NDVI.tif,HLS-VI.S30.T51UXU.2018289T023659.v2.0.NDVI.tif,S30,T51UXU,2018-10-16,2018289,023659
/home/ec2-user/ndvi_sqs_work/heilongjiang/raw/HLS-VI.S30.T51UVS.2018290T025711.v2.0.NDVI.tif,HLS-VI.S30.T51UVS.2018290T025711.v2.0.NDVI.tif,S30,T51UVS,2018-10-17,2018290,025711
/home/ec2-user/ndvi_sqs_work/heilongjiang/raw/HLS-VI.S30.T51UVT.2018290T025711.v2.0.NDVI.tif,HLS-VI.S30.T51UVT.2018290T025711.v2.0.NDVI.tif,S30,T51UVT,2018-10-17,2018290,025711
/home/ec2-user/ndvi_sqs_work/heilongjiang/raw/HLS-VI.S30.T51UWS.2018290T025711.v2.0.NDVI.tif,HLS-VI.S30.T51UWS.2018290T025711.v2.0.NDVI.tif,S30,T51UWS,2018-10-17,2018290,025711
/home/ec2-user/ndvi_sqs_work/heilongjiang/raw/HLS-VI.S30.T51UWT.2018290T025711.v2.0.NDVI.tif,HLS-VI.S30.T51UWT.2018290T025711.v2.0.NDVI.tif,S30,T51UWT,2018-10-17,2018290,025711
/home/ec2-user/ndvi_sqs_work/heilongjiang/raw/HLS-VI.S30.T51UWU.2018290T025711.v2.0.NDVI.tif,HLS-VI.S30.T51UWU.2018290T025711.v2.0.NDVI.tif,S30,T51UWU,2018-10-17,2018290,025711
/home/ec2-user/ndvi_sqs_work/heilongjiang/raw/HLS-VI.S30.T51UWV.2018290T025711.v2.0.NDVI.tif,HLS-VI.S30.T51UWV.2018290T025711.v2.0.NDVI.tif,S30,T51UWV,2018-10-17,2018290,025711
/home/ec2-user/ndvi_sqs_work/heilongjiang/raw/HLS-VI.S30.T51UXU.2018290T025711.v2.0.NDVI.tif,HLS-VI.S30.T51UXU.2018290T025711.v2.0.NDVI.tif,S30,T51UXU,2018-10-17,2018290,025711
/home/ec2-user/ndvi_sqs_work/heilongjiang/raw/HLS-VI.S30.T51UXV.2018290T025711.v2.0.NDVI.tif,HLS-VI.S30.T51UXV.2018290T025711.v2.0.NDVI.tif,S30,T51UXV,2018-10-17,2018290,025711
/home/ec2-user/ndvi_sqs_work/heilongjiang/raw/HLS-VI.S30.T51TYM.2018291T022701.v2.0.NDVI.tif,HLS-VI.S30.T51TYM.2018291T022701.v2.0.NDVI.tif,S30,T51TYM,2018-10-18,2018291,022701
/home/ec2-user/ndvi_sqs_work/heilongjiang/raw/HLS-VI.S30.T51TYN.2018291T022701.v2.0.NDVI.tif,HLS-VI.S30.T51TYN.2018291T022701.v2.0.NDVI.tif,S30,T51TYN,2018-10-18,2018291,022701
/home/ec2-user/ndvi_sqs_work/heilongjiang/raw/HLS-VI.S30.T51UYP.2018291T022701.v2.0.NDVI.tif,HLS-VI.S30.T51UYP.2018291T022701.v2.0.NDVI.tif,S30,T51UYP,2018-10-18,2018291,022701
/home/ec2-user/ndvi_sqs_work/heilongjiang/raw/HLS-VI.S30.T52TCP.2018291T022701.v2.0.NDVI.tif,HLS-VI.S30.T52TCP.2018291T022701.v2.0.NDVI.tif,S30,T52TCP,2018-10-18,2018291,022701
/home/ec2-user/ndvi_sqs_work/heilongjiang/raw/HLS-VI.S30.T52TCQ.2018291T022701.v2.0.NDVI.tif,HLS-VI.S30.T52TCQ.2018291T022701.v2.0.NDVI.tif,S30,T52TCQ,2018-10-18,2018291,022701
/home/ec2-user/ndvi_sqs_work/heilongjiang/raw/HLS-VI.S30.T52TCR.2018291T022701.v2.0.NDVI.tif,HLS-VI.S30.T52TCR.2018291T022701.v2.0.NDVI.tif,S30,T52TCR,2018-10-18,2018291,022701
/home/ec2-user/ndvi_sqs_work/heilongjiang/raw/HLS-VI.S30.T52TCS.2018291T022701.v2.0.NDVI.tif,HLS-VI.S30.T52TCS.2018291T022701.v2.0.NDVI.tif,S30,T52TCS,2018-10-18,2018291,022701
/home/ec2-user/ndvi_sqs_work/heilongjiang/raw/HLS-VI.S30.T52TCT.2018291T022701.v2.0.NDVI.tif,HLS-VI.S30.T52TCT.2018291T022701.v2.0.NDVI.tif,S30,T52TCT,2018-10-18,2018291,022701
/home/ec2-user/ndvi_sqs_work/heilongjiang/raw/HLS-VI.S30.T52TDP.2018291T022701.v2.0.NDVI.tif,HLS-VI.S30.T52TDP.2018291T022701.v2.0.NDVI.tif,S30,T52TDP,2018-10-18,2018291,022701
/home/ec2-user/ndvi_sqs_work/heilongjiang/raw/HLS-VI.S30.T52TDQ.2018291T022701.v2.0.NDVI.tif,HLS-VI.S30.T52TDQ.2018291T022701.v2.0.NDVI.tif,S30,T52TDQ,2018-10-18,2018291,022701
/home/ec2-user/ndvi_sqs_work/heilongjiang/raw/HLS-VI.S30.T52TDR.2018291T022701.v2.0.NDVI.tif,HLS-VI.S30.T52TDR.2018291T022701.v2.0.NDVI.tif,S30,T52TDR,2018-10-18,2018291,022701
/home/ec2-user/ndvi_sqs_work/heilongjiang/raw/HLS-VI.S30.T52TER.2018291T022701.v2.0.NDVI.tif,HLS-VI.S30.T52TER.2018291T022701.v2.0.NDVI.tif,S30,T52TER,2018-10-18,2018291,022701
/home/ec2-user/ndvi_sqs_work/heilongjiang/raw/HLS-VI.S30.T52TES.2018291T022701.v2.0.NDVI.tif,HLS-VI.S30.T52TES.2018291T022701.v2.0.NDVI.tif,S30,T52TES,2018-10-18,2018291,022701
/home/ec2-user/ndvi_sqs_work/heilongjiang/raw/HLS-VI.S30.T52TET.2018291T022701.v2.0.NDVI.tif,HLS-VI.S30.T52TET.2018291T022701.v2.0.NDVI.tif,S30,T52TET,2018-10-18,2018291,022701
/home/ec2-user/ndvi_sqs_work/heilongjiang/raw/HLS-VI.S30.T52UCA.2018291T022701.v2.0.NDVI.tif,HLS-VI.S30.T52UCA.2018291T022701.v2.0.NDVI.tif,S30,T52UCA,2018-10-18,2018291,022701
/home/ec2-user/ndvi_sqs_work/heilongjiang/raw/HLS-VI.S30.T52UCU.2018291T022701.v2.0.NDVI.tif,HLS-VI.S30.T52UCU.2018291T022701.v2.0.NDVI.tif,S30,T52UCU,2018-10-18,2018291,022701
/home/ec2-user/ndvi_sqs_work/heilongjiang/raw/HLS-VI.S30.T52UDA.2018291T022701.v2.0.NDVI.tif,HLS-VI.S30.T52UDA.2018291T022701.v2.0.NDVI.tif,S30,T52UDA,2018-10-18,2018291,022701
/home/ec2-user/ndvi_sqs_work/heilongjiang/raw/HLS-VI.S30.T52UDV.2018291T022701.v2.0.NDVI.tif,HLS-VI.S30.T52UDV.2018291T022701.v2.0.NDVI.tif,S30,T52UDV,2018-10-18,2018291,022701
/home/ec2-user/ndvi_sqs_work/heilongjiang/raw/HLS-VI.S30.T52UEU.2018291T022701.v2.0.NDVI.tif,HLS-VI.S30.T52UEU.2018291T022701.v2.0.NDVI.tif,S30,T52UEU,2018-10-18,2018291,022701
/home/ec2-user/ndvi_sqs_work/heilongjiang/raw/HLS-VI.S30.T52UEV.2018291T022701.v2.0.NDVI.tif,HLS-VI.S30.T52UEV.2018291T022701.v2.0.NDVI.tif,S30,T52UEV,2018-10-18,2018291,022701
/home/ec2-user/ndvi_sqs_work/heilongjiang/raw/HLS-VI.S30.T52UFV.2018291T022701.v2.0.NDVI.tif,HLS-VI.S30.T52UFV.2018291T022701.v2.0.NDVI.tif,S30,T52UFV,2018-10-18,2018291,022701
/home/ec2-user/ndvi_sqs_work/heilongjiang/raw/HLS-VI.S30.T51TWN.2018292T024719.v2.0.NDVI.tif,HLS-VI.S30.T51TWN.2018292T024719.v2.0.NDVI.tif,S30,T51TWN,2018-10-19,2018292,024719
/home/ec2-user/ndvi_sqs_work/heilongjiang/raw/HLS-VI.S30.T51TXN.2018292T024719.v2.0.NDVI.tif,HLS-VI.S30.T51TXN.2018292T024719.v2.0.NDVI.tif,S30,T51TXN,2018-10-19,2018292,024719
/home/ec2-user/ndvi_sqs_work/heilongjiang/raw/HLS-VI.S30.T51UVP.2018292T024719.v2.0.NDVI.tif,HLS-VI.S30.T51UVP.2018292T024719.v2.0.NDVI.tif,S30,T51UVP,2018-10-19,2018292,024719
/home/ec2-user/ndvi_sqs_work/heilongjiang/raw/HLS-VI.S30.T51UWP.2018292T024719.v2.0.NDVI.tif,HLS-VI.S30.T51UWP.2018292T024719.v2.0.NDVI.tif,S30,T51UWP,2018-10-19,2018292,024719
/home/ec2-user/ndvi_sqs_work/heilongjiang/raw/HLS-VI.S30.T51UXP.2018292T024719.v2.0.NDVI.tif,HLS-VI.S30.T51UXP.2018292T024719.v2.0.NDVI.tif,S30,T51UXP,2018-10-19,2018292,024719
/home/ec2-user/ndvi_sqs_work/heilongjiang/raw/HLS-VI.S30.T51UXQ.2018292T024719.v2.0.NDVI.tif,HLS-VI.S30.T51UXQ.2018292T024719.v2.0.NDVI.tif,S30,T51UXQ,2018-10-19,2018292,024719
/home/ec2-user/ndvi_sqs_work/heilongjiang/raw/HLS-VI.S30.T51UXS.2018292T024719.v2.0.NDVI.tif,HLS-VI.S30.T51UXS.2018292T024719.v2.0.NDVI.tif,S30,T51UXS,2018-10-19,2018292,024719
/home/ec2-user/ndvi_sqs_work/heilongjiang/raw/HLS-VI.S30.T51UYQ.2018292T024719.v2.0.NDVI.tif,HLS-VI.S30.T51UYQ.2018292T024719.v2.0.NDVI.tif,S30,T51UYQ,2018-10-19,2018292,024719
/home/ec2-user/ndvi_sqs_work/heilongjiang/raw/HLS-VI.S30.T52UCA.2018292T024719.v2.0.NDVI.tif,HLS-VI.S30.T52UCA.2018292T024719.v2.0.NDVI.tif,S30,T52UCA,2018-10-19,2018292,024719
/home/ec2-user/ndvi_sqs_work/heilongjiang/raw/HLS-VI.S30.T53TLK.2018292T015701.v2.0.NDVI.tif,HLS-VI.S30.T53TLK.2018292T015701.v2.0.NDVI.tif,S30,T53TLK,2018-10-19,2018292,015701
/home/ec2-user/ndvi_sqs_work/heilongjiang/raw/HLS-VI.S30.T50UQE.2018293T030731.v2.0.NDVI.tif,HLS-VI.S30.T50UQE.2018293T030731.v2.0.NDVI.tif,S30,T50UQE,2018-10-20,2018293,030731
/home/ec2-user/ndvi_sqs_work/heilongjiang/raw/HLS-VI.S30.T51UUV.2018293T030731.v2.0.NDVI.tif,HLS-VI.S30.T51UUV.2018293T030731.v2.0.NDVI.tif,S30,T51UUV,2018-10-20,2018293,030731
/home/ec2-user/ndvi_sqs_work/heilongjiang/raw/HLS-VI.S30.T51UVT.2018293T030731.v2.0.NDVI.tif,HLS-VI.S30.T51UVT.2018293T030731.v2.0.NDVI.tif,S30,T51UVT,2018-10-20,2018293,030731
/home/ec2-user/ndvi_sqs_work/heilongjiang/raw/HLS-VI.S30.T51UVU.2018293T030731.v2.0.NDVI.tif,HLS-VI.S30.T51UVU.2018293T030731.v2.0.NDVI.tif,S30,T51UVU,2018-10-20,2018293,030731
/home/ec2-user/ndvi_sqs_work/heilongjiang/raw/HLS-VI.S30.T52TCP.2018293T021709.v2.0.NDVI.tif,HLS-VI.S30.T52TCP.2018293T021709.v2.0.NDVI.tif,S30,T52TCP,2018-10-20,2018293,021709
/home/ec2-user/ndvi_sqs_work/heilongjiang/raw/HLS-VI.S30.T52TDP.2018293T021709.v2.0.NDVI.tif,HLS-VI.S30.T52TDP.2018293T021709.v2.0.NDVI.tif,S30,T52TDP,2018-10-20,2018293,021709
/home/ec2-user/ndvi_sqs_work/heilongjiang/raw/HLS-VI.S30.T52TDR.2018293T021709.v2.0.NDVI.tif,HLS-VI.S30.T52TDR.2018293T021709.v2.0.NDVI.tif,S30,T52TDR,2018-10-20,2018293,021709
/home/ec2-user/ndvi_sqs_work/heilongjiang/raw/HLS-VI.S30.T52TGQ.2018293T021709.v2.0.NDVI.tif,HLS-VI.S30.T52TGQ.2018293T021709.v2.0.NDVI.tif,S30,T52TGQ,2018-10-20,2018293,021709
/home/ec2-user/ndvi_sqs_work/heilongjiang/raw/HLS-VI.S30.T51TYM.2018294T023731.v2.0.NDVI.tif,HLS-VI.S30.T51TYM.2018294T023731.v2.0.NDVI.tif,S30,T51TYM,2018-10-21,2018294,023731
/home/ec2-user/ndvi_sqs_work/heilongjiang/raw/HLS-VI.S30.T51TYN.2018294T023731.v2.0.NDVI.tif,HLS-VI.S30.T51TYN.2018294T023731.v2.0.NDVI.tif,S30,T51TYN,2018-10-21,2018294,023731
/home/ec2-user/ndvi_sqs_work/heilongjiang/raw/HLS-VI.S30.T51UXP.2018294T023731.v2.0.NDVI.tif,HLS-VI.S30.T51UXP.2018294T023731.v2.0.NDVI.tif,S30,T51UXP,2018-10-21,2018294,023731
/home/ec2-user/ndvi_sqs_work/heilongjiang/raw/HLS-VI.S30.T51UXQ.2018294T023731.v2.0.NDVI.tif,HLS-VI.S30.T51UXQ.2018294T023731.v2.0.NDVI.tif,S30,T51UXQ,2018-10-21,2018294,023731
/home/ec2-user/ndvi_sqs_work/heilongjiang/raw/HLS-VI.S30.T51UXR.2018294T023731.v2.0.NDVI.tif,HLS-VI.S30.T51UXR.2018294T023731.v2.0.NDVI.tif,S30,T51UXR,2018-10-21,2018294,023731
/home/ec2-user/ndvi_sqs_work/heilongjiang/raw/HLS-VI.S30.T51UYP.2018294T023731.v2.0.NDVI.tif,HLS-VI.S30.T51UYP.2018294T023731.v2.0.NDVI.tif,S30,T51UYP,2018-10-21,2018294,023731
/home/ec2-user/ndvi_sqs_work/heilongjiang/raw/HLS-VI.S30.T51UYQ.2018294T023731.v2.0.NDVI.tif,HLS-VI.S30.T51UYQ.2018294T023731.v2.0.NDVI.tif,S30,T51UYQ,2018-10-21,2018294,023731
/home/ec2-user/ndvi_sqs_work/heilongjiang/raw/HLS-VI.S30.T51UYR.2018294T023731.v2.0.NDVI.tif,HLS-VI.S30.T51UYR.2018294T023731.v2.0.NDVI.tif,S30,T51UYR,2018-10-21,2018294,023731
/home/ec2-user/ndvi_sqs_work/heilongjiang/raw/HLS-VI.S30.T52TCS.2018294T023731.v2.0.NDVI.tif,HLS-VI.S30.T52TCS.2018294T023731.v2.0.NDVI.tif,S30,T52TCS,2018-10-21,2018294,023731
/home/ec2-user/ndvi_sqs_work/heilongjiang/raw/HLS-VI.S30.T52TCT.2018294T023731.v2.0.NDVI.tif,HLS-VI.S30.T52TCT.2018294T023731.v2.0.NDVI.tif,S30,T52TCT,2018-10-21,2018294,023731
/home/ec2-user/ndvi_sqs_work/heilongjiang/raw/HLS-VI.S30.T52UCA.2018294T023731.v2.0.NDVI.tif,HLS-VI.S30.T52UCA.2018294T023731.v2.0.NDVI.tif,S30,T52UCA,2018-10-21,2018294,023731
/home/ec2-user/ndvi_sqs_work/heilongjiang/raw/HLS-VI.S30.T52UCV.2018294T023731.v2.0.NDVI.tif,HLS-VI.S30.T52UCV.2018294T023731.v2.0.NDVI.tif,S30,T52UCV,2018-10-21,2018294,023731
/home/ec2-user/ndvi_sqs_work/heilongjiang/raw/HLS-VI.S30.T52UDA.2018294T023731.v2.0.NDVI.tif,HLS-VI.S30.T52UDA.2018294T023731.v2.0.NDVI.tif,S30,T52UDA,2018-10-21,2018294,023731
/home/ec2-user/ndvi_sqs_work/heilongjiang/raw/HLS-VI.S30.T52UDU.2018294T023731.v2.0.NDVI.tif,HLS-VI.S30.T52UDU.2018294T023731.v2.0.NDVI.tif,S30,T52UDU,2018-10-21,2018294,023731
/home/ec2-user/ndvi_sqs_work/heilongjiang/raw/HLS-VI.S30.T52UDV.2018294T023731.v2.0.NDVI.tif,HLS-VI.S30.T52UDV.2018294T023731.v2.0.NDVI.tif,S30,T52UDV,2018-10-21,2018294,023731
/home/ec2-user/ndvi_sqs_work/heilongjiang/raw/HLS-VI.S30.T53TLM.2018295T020721.v2.0.NDVI.tif,HLS-VI.S30.T53TLM.2018295T020721.v2.0.NDVI.tif,S30,T53TLM,2018-10-22,2018295,020721
/home/ec2-user/ndvi_sqs_work/heilongjiang/raw/HLS-VI.S30.T53TLN.2018295T020721.v2.0.NDVI.tif,HLS-VI.S30.T53TLN.2018295T020721.v2.0.NDVI.tif,S30,T53TLN,2018-10-22,2018295,020721
/home/ec2-user/ndvi_sqs_work/heilongjiang/raw/HLS-VI.S30.T53TMN.2018295T020721.v2.0.NDVI.tif,HLS-VI.S30.T53TMN.2018295T020721.v2.0.NDVI.tif,S30,T53TMN,2018-10-22,2018295,020721
/home/ec2-user/ndvi_sqs_work/heilongjiang/raw/HLS-VI.S30.T51TVN.2018297T024751.v2.0.NDVI.tif,HLS-VI.S30.T51TVN.2018297T024751.v2.0.NDVI.tif,S30,T51TVN,2018-10-24,2018297,024751
/home/ec2-user/ndvi_sqs_work/heilongjiang/raw/HLS-VI.S30.T51TWN.2018297T024751.v2.0.NDVI.tif,HLS-VI.S30.T51TWN.2018297T024751.v2.0.NDVI.tif,S30,T51TWN,2018-10-24,2018297,024751
/home/ec2-user/ndvi_sqs_work/heilongjiang/raw/HLS-VI.S30.T52TCQ.2018298T021741.v2.0.NDVI.tif,HLS-VI.S30.T52TCQ.2018298T021741.v2.0.NDVI.tif,S30,T52TCQ,2018-10-25,2018298,021741
/home/ec2-user/ndvi_sqs_work/heilongjiang/raw/HLS-VI.S30.T52TEQ.2018298T021741.v2.0.NDVI.tif,HLS-VI.S30.T52TEQ.2018298T021741.v2.0.NDVI.tif,S30,T52TEQ,2018-10-25,2018298,021741
/home/ec2-user/ndvi_sqs_work/heilongjiang/raw/HLS-VI.S30.T52TET.2018298T021741.v2.0.NDVI.tif,HLS-VI.S30.T52TET.2018298T021741.v2.0.NDVI.tif,S30,T52TET,2018-10-25,2018298,021741
/home/ec2-user/ndvi_sqs_work/heilongjiang/raw/HLS-VI.S30.T52TFQ.2018298T021741.v2.0.NDVI.tif,HLS-VI.S30.T52TFQ.2018298T021741.v2.0.NDVI.tif,S30,T52TFQ,2018-10-25,2018298,021741
/home/ec2-user/ndvi_sqs_work/heilongjiang/raw/HLS-VI.S30.T52TFS.2018298T021741.v2.0.NDVI.tif,HLS-VI.S30.T52TFS.2018298T021741.v2.0.NDVI.tif,S30,T52TFS,2018-10-25,2018298,021741
/home/ec2-user/ndvi_sqs_work/heilongjiang/raw/HLS-VI.S30.T52TGT.2018298T021741.v2.0.NDVI.tif,HLS-VI.S30.T52TGT.2018298T021741.v2.0.NDVI.tif,S30,T52TGT,2018-10-25,2018298,021741
/home/ec2-user/ndvi_sqs_work/heilongjiang/raw/HLS-VI.S30.T52UEV.2018298T021741.v2.0.NDVI.tif,HLS-VI.S30.T52UEV.2018298T021741.v2.0.NDVI.tif,S30,T52UEV,2018-10-25,2018298,021741
/home/ec2-user/ndvi_sqs_work/heilongjiang/raw/HLS-VI.S30.T52UFV.2018298T021741.v2.0.NDVI.tif,HLS-VI.S30.T52UFV.2018298T021741.v2.0.NDVI.tif,S30,T52UFV,2018-10-25,2018298,021741
/home/ec2-user/ndvi_sqs_work/heilongjiang/raw/HLS-VI.S30.T53TLN.2018298T021741.v2.0.NDVI.tif,HLS-VI.S30.T53TLN.2018298T021741.v2.0.NDVI.tif,S30,T53TLN,2018-10-25,2018298,021741
/home/ec2-user/ndvi_sqs_work/heilongjiang/raw/HLS-VI.S30.T53ULP.2018298T021741.v2.0.NDVI.tif,HLS-VI.S30.T53ULP.2018298T021741.v2.0.NDVI.tif,S30,T53ULP,2018-10-25,2018298,021741
/home/ec2-user/ndvi_sqs_work/heilongjiang/raw/HLS-VI.S30.T51TYN.2018304T023831.v2.0.NDVI.tif,HLS-VI.S30.T51TYN.2018304T023831.v2.0.NDVI.tif,S30,T51TYN,2018-10-31,2018304,023831
/home/ec2-user/ndvi_sqs_work/heilongjiang/raw/HLS-VI.S30.T51UXR.2018304T023831.v2.0.NDVI.tif,HLS-VI.S30.T51UXR.2018304T023831.v2.0.NDVI.tif,S30,T51UXR,2018-10-31,2018304,023831
/home/ec2-user/ndvi_sqs_work/heilongjiang/raw/HLS-VI.S30.T51UXS.2018304T023831.v2.0.NDVI.tif,HLS-VI.S30.T51UXS.2018304T023831.v2.0.NDVI.tif,S30,T51UXS,2018-10-31,2018304,023831
/home/ec2-user/ndvi_sqs_work/heilongjiang/raw/HLS-VI.S30.T51UXT.2018304T023831.v2.0.NDVI.tif,HLS-VI.S30.T51UXT.2018304T023831.v2.0.NDVI.tif,S30,T51UXT,2018-10-31,2018304,023831
/home/ec2-user/ndvi_sqs_work/heilongjiang/raw/HLS-VI.S30.T51UXU.2018304T023831.v2.0.NDVI.tif,HLS-VI.S30.T51UXU.2018304T023831.v2.0.NDVI.tif,S30,T51UXU,2018-10-31,2018304,023831
/home/ec2-user/ndvi_sqs_work/heilongjiang/raw/HLS-VI.S30.T51UYQ.2018304T023831.v2.0.NDVI.tif,HLS-VI.S30.T51UYQ.2018304T023831.v2.0.NDVI.tif,S30,T51UYQ,2018-10-31,2018304,023831
/home/ec2-user/ndvi_sqs_work/heilongjiang/raw/HLS-VI.S30.T51UYR.2018304T023831.v2.0.NDVI.tif,HLS-VI.S30.T51UYR.2018304T023831.v2.0.NDVI.tif,S30,T51UYR,2018-10-31,2018304,023831
/home/ec2-user/ndvi_sqs_work/heilongjiang/raw/HLS-VI.S30.T51UYS.2018304T023831.v2.0.NDVI.tif,HLS-VI.S30.T51UYS.2018304T023831.v2.0.NDVI.tif,S30,T51UYS,2018-10-31,2018304,023831
/home/ec2-user/ndvi_sqs_work/heilongjiang/raw/HLS-VI.S30.T51UYT.2018304T023831.v2.0.NDVI.tif,HLS-VI.S30.T51UYT.2018304T023831.v2.0.NDVI.tif,S30,T51UYT,2018-10-31,2018304,023831
/home/ec2-user/ndvi_sqs_work/heilongjiang/raw/HLS-VI.S30.T52TCT.2018304T023831.v2.0.NDVI.tif,HLS-VI.S30.T52TCT.2018304T023831.v2.0.NDVI.tif,S30,T52TCT,2018-10-31,2018304,023831
/home/ec2-user/ndvi_sqs_work/heilongjiang/raw/HLS-VI.S30.T52UCA.2018304T023831.v2.0.NDVI.tif,HLS-VI.S30.T52UCA.2018304T023831.v2.0.NDVI.tif,S30,T52UCA,2018-10-31,2018304,023831
/home/ec2-user/ndvi_sqs_work/heilongjiang/raw/HLS-VI.S30.T52UCB.2018304T023831.v2.0.NDVI.tif,HLS-VI.S30.T52UCB.2018304T023831.v2.0.NDVI.tif,S30,T52UCB,2018-10-31,2018304,023831
/home/ec2-user/ndvi_sqs_work/heilongjiang/raw/HLS-VI.S30.T52UCC.2018304T023831.v2.0.NDVI.tif,HLS-VI.S30.T52UCC.2018304T023831.v2.0.NDVI.tif,S30,T52UCC,2018-10-31,2018304,023831
/home/ec2-user/ndvi_sqs_work/heilongjiang/raw/HLS-VI.S30.T52UCU.2018304T023831.v2.0.NDVI.tif,HLS-VI.S30.T52UCU.2018304T023831.v2.0.NDVI.tif,S30,T52UCU,2018-10-31,2018304,023831
/home/ec2-user/ndvi_sqs_work/heilongjiang/raw/HLS-VI.S30.T52UCV.2018304T023831.v2.0.NDVI.tif,HLS-VI.S30.T52UCV.2018304T023831.v2.0.NDVI.tif,S30,T52UCV,2018-10-31,2018304,023831
/home/ec2-user/ndvi_sqs_work/heilongjiang/raw/HLS-VI.S30.T52UDA.2018304T023831.v2.0.NDVI.tif,HLS-VI.S30.T52UDA.2018304T023831.v2.0.NDVI.tif,S30,T52UDA,2018-10-31,2018304,023831
/home/ec2-user/ndvi_sqs_work/heilongjiang/raw/HLS-VI.S30.T52UDU.2018304T023831.v2.0.NDVI.tif,HLS-VI.S30.T52UDU.2018304T023831.v2.0.NDVI.tif,S30,T52UDU,2018-10-31,2018304,023831
/home/ec2-user/ndvi_sqs_work/heilongjiang/raw/HLS-VI.S30.T52TEP.2018305T020821.v2.0.NDVI.tif,HLS-VI.S30.T52TEP.2018305T020821.v2.0.NDVI.tif,S30,T52TEP,2018-11-01,2018305,020821
/home/ec2-user/ndvi_sqs_work/heilongjiang/raw/HLS-VI.S30.T52TEQ.2018305T020821.v2.0.NDVI.tif,HLS-VI.S30.T52TEQ.2018305T020821.v2.0.NDVI.tif,S30,T52TEQ,2018-11-01,2018305,020821
/home/ec2-user/ndvi_sqs_work/heilongjiang/raw/HLS-VI.S30.T52TFP.2018305T020821.v2.0.NDVI.tif,HLS-VI.S30.T52TFP.2018305T020821.v2.0.NDVI.tif,S30,T52TFP,2018-11-01,2018305,020821
/home/ec2-user/ndvi_sqs_work/heilongjiang/raw/HLS-VI.S30.T52TFR.2018305T020821.v2.0.NDVI.tif,HLS-VI.S30.T52TFR.2018305T020821.v2.0.NDVI.tif,S30,T52TFR,2018-11-01,2018305,020821
/home/ec2-user/ndvi_sqs_work/heilongjiang/raw/HLS-VI.S30.T52TFS.2018305T020821.v2.0.NDVI.tif,HLS-VI.S30.T52TFS.2018305T020821.v2.0.NDVI.tif,S30,T52TFS,2018-11-01,2018305,020821
/home/ec2-user/ndvi_sqs_work/heilongjiang/raw/HLS-VI.S30.T52TFT.2018305T020821.v2.0.NDVI.tif,HLS-VI.S30.T52TFT.2018305T020821.v2.0.NDVI.tif,S30,T52TFT,2018-11-01,2018305,020821
/home/ec2-user/ndvi_sqs_work/heilongjiang/raw/HLS-VI.S30.T52TGQ.2018305T020821.v2.0.NDVI.tif,HLS-VI.S30.T52TGQ.2018305T020821.v2.0.NDVI.tif,S30,T52TGQ,2018-11-01,2018305,020821
/home/ec2-user/ndvi_sqs_work/heilongjiang/raw/HLS-VI.S30.T52TGR.2018305T020821.v2.0.NDVI.tif,HLS-VI.S30.T52TGR.2018305T020821.v2.0.NDVI.tif,S30,T52TGR,2018-11-01,2018305,020821
/home/ec2-user/ndvi_sqs_work/heilongjiang/raw/HLS-VI.S30.T52TGS.2018305T020821.v2.0.NDVI.tif,HLS-VI.S30.T52TGS.2018305T020821.v2.0.NDVI.tif,S30,T52TGS,2018-11-01,2018305,020821
/home/ec2-user/ndvi_sqs_work/heilongjiang/raw/HLS-VI.S30.T52TGT.2018305T020821.v2.0.NDVI.tif,HLS-VI.S30.T52TGT.2018305T020821.v2.0.NDVI.tif,S30,T52TGT,2018-11-01,2018305,020821
/home/ec2-user/ndvi_sqs_work/heilongjiang/raw/HLS-VI.S30.T53TLM.2018305T020821.v2.0.NDVI.tif,HLS-VI.S30.T53TLM.2018305T020821.v2.0.NDVI.tif,S30,T53TLM,2018-11-01,2018305,020821
/home/ec2-user/ndvi_sqs_work/heilongjiang/raw/HLS-VI.S30.T53TLN.2018305T020821.v2.0.NDVI.tif,HLS-VI.S30.T53TLN.2018305T020821.v2.0.NDVI.tif,S30,T53TLN,2018-11-01,2018305,020821
/home/ec2-user/ndvi_sqs_work/heilongjiang/raw/HLS-VI.S30.T53UMP.2018305T020821.v2.0.NDVI.tif,HLS-VI.S30.T53UMP.2018305T020821.v2.0.NDVI.tif,S30,T53UMP,2018-11-01,2018305,020821
/home/ec2-user/ndvi_sqs_work/heilongjiang/raw/HLS-VI.S30.T51TYL.2018306T022839.v2.0.NDVI.tif,HLS-VI.S30.T51TYL.2018306T022839.v2.0.NDVI.tif,S30,T51TYL,2018-11-02,2018306,022839
/home/ec2-user/ndvi_sqs_work/heilongjiang/raw/HLS-VI.S30.T51TYM.2018306T022839.v2.0.NDVI.tif,HLS-VI.S30.T51TYM.2018306T022839.v2.0.NDVI.tif,S30,T51TYM,2018-11-02,2018306,022839
/home/ec2-user/ndvi_sqs_work/heilongjiang/raw/HLS-VI.S30.T52TCQ.2018306T022839.v2.0.NDVI.tif,HLS-VI.S30.T52TCQ.2018306T022839.v2.0.NDVI.tif,S30,T52TCQ,2018-11-02,2018306,022839
/home/ec2-user/ndvi_sqs_work/heilongjiang/raw/HLS-VI.S30.T52TCS.2018306T022839.v2.0.NDVI.tif,HLS-VI.S30.T52TCS.2018306T022839.v2.0.NDVI.tif,S30,T52TCS,2018-11-02,2018306,022839
/home/ec2-user/ndvi_sqs_work/heilongjiang/raw/HLS-VI.S30.T52TFT.2018306T022839.v2.0.NDVI.tif,HLS-VI.S30.T52TFT.2018306T022839.v2.0.NDVI.tif,S30,T52TFT,2018-11-02,2018306,022839
/home/ec2-user/ndvi_sqs_work/heilongjiang/raw/HLS-VI.S30.T52UFU.2018306T022839.v2.0.NDVI.tif,HLS-VI.S30.T52UFU.2018306T022839.v2.0.NDVI.tif,S30,T52UFU,2018-11-02,2018306,022839
/home/ec2-user/ndvi_sqs_work/heilongjiang/raw/HLS-VI.S30.T51UWV.2018308T030909.v2.0.NDVI.tif,HLS-VI.S30.T51UWV.2018308T030909.v2.0.NDVI.tif,S30,T51UWV,2018-11-04,2018308,030909
/home/ec2-user/ndvi_sqs_work/heilongjiang/raw/HLS-VI.S30.T52UFU.2018308T021841.v2.0.NDVI.tif,HLS-VI.S30.T52UFU.2018308T021841.v2.0.NDVI.tif,S30,T52UFU,2018-11-04,2018308,021841
/home/ec2-user/ndvi_sqs_work/heilongjiang/raw/HLS-VI.S30.T52UGU.2018308T021841.v2.0.NDVI.tif,HLS-VI.S30.T52UGU.2018308T021841.v2.0.NDVI.tif,S30,T52UGU,2018-11-04,2018308,021841
/home/ec2-user/ndvi_sqs_work/heilongjiang/raw/HLS-VI.S30.T51TWM.2018309T023859.v2.0.NDVI.tif,HLS-VI.S30.T51TWM.2018309T023859.v2.0.NDVI.tif,S30,T51TWM,2018-11-05,2018309,023859
/home/ec2-user/ndvi_sqs_work/heilongjiang/raw/HLS-VI.S30.T51TWN.2018309T023859.v2.0.NDVI.tif,HLS-VI.S30.T51TWN.2018309T023859.v2.0.NDVI.tif,S30,T51TWN,2018-11-05,2018309,023859
/home/ec2-user/ndvi_sqs_work/heilongjiang/raw/HLS-VI.S30.T51TXN.2018309T023859.v2.0.NDVI.tif,HLS-VI.S30.T51TXN.2018309T023859.v2.0.NDVI.tif,S30,T51TXN,2018-11-05,2018309,023859
/home/ec2-user/ndvi_sqs_work/heilongjiang/raw/HLS-VI.S30.T51TYL.2018309T023859.v2.0.NDVI.tif,HLS-VI.S30.T51TYL.2018309T023859.v2.0.NDVI.tif,S30,T51TYL,2018-11-05,2018309,023859
/home/ec2-user/ndvi_sqs_work/heilongjiang/raw/HLS-VI.S30.T51TYM.2018309T023859.v2.0.NDVI.tif,HLS-VI.S30.T51TYM.2018309T023859.v2.0.NDVI.tif,S30,T51TYM,2018-11-05,2018309,023859
/home/ec2-user/ndvi_sqs_work/heilongjiang/raw/HLS-VI.S30.T51TYN.2018309T023859.v2.0.NDVI.tif,HLS-VI.S30.T51TYN.2018309T023859.v2.0.NDVI.tif,S30,T51TYN,2018-11-05,2018309,023859
/home/ec2-user/ndvi_sqs_work/heilongjiang/raw/HLS-VI.S30.T51UWP.2018309T023859.v2.0.NDVI.tif,HLS-VI.S30.T51UWP.2018309T023859.v2.0.NDVI.tif,S30,T51UWP,2018-11-05,2018309,023859
/home/ec2-user/ndvi_sqs_work/heilongjiang/raw/HLS-VI.S30.T51UXP.2018309T023859.v2.0.NDVI.tif,HLS-VI.S30.T51UXP.2018309T023859.v2.0.NDVI.tif,S30,T51UXP,2018-11-05,2018309,023859
/home/ec2-user/ndvi_sqs_work/heilongjiang/raw/HLS-VI.S30.T52TCS.2018309T023859.v2.0.NDVI.tif,HLS-VI.S30.T52TCS.2018309T023859.v2.0.NDVI.tif,S30,T52TCS,2018-11-05,2018309,023859
/home/ec2-user/ndvi_sqs_work/heilongjiang/raw/HLS-VI.S30.T52TCT.2018309T023859.v2.0.NDVI.tif,HLS-VI.S30.T52TCT.2018309T023859.v2.0.NDVI.tif,S30,T52TCT,2018-11-05,2018309,023859
/home/ec2-user/ndvi_sqs_work/heilongjiang/raw/HLS-VI.S30.T52TDT.2018309T023859.v2.0.NDVI.tif,HLS-VI.S30.T52TDT.2018309T023859.v2.0.NDVI.tif,S30,T52TDT,2018-11-05,2018309,023859
/home/ec2-user/ndvi_sqs_work/heilongjiang/raw/HLS-VI.S30.T52UDU.2018309T023859.v2.0.NDVI.tif,HLS-VI.S30.T52UDU.2018309T023859.v2.0.NDVI.tif,S30,T52UDU,2018-11-05,2018309,023859
/home/ec2-user/ndvi_sqs_work/heilongjiang/raw/HLS-VI.S30.T51TVN.2018310T025911.v2.0.NDVI.tif,HLS-VI.S30.T51TVN.2018310T025911.v2.0.NDVI.tif,S30,T51TVN,2018-11-06,2018310,025911
/home/ec2-user/ndvi_sqs_work/heilongjiang/raw/HLS-VI.S30.T51UXT.2018310T025911.v2.0.NDVI.tif,HLS-VI.S30.T51UXT.2018310T025911.v2.0.NDVI.tif,S30,T51UXT,2018-11-06,2018310,025911
/home/ec2-user/ndvi_sqs_work/heilongjiang/raw/HLS-VI.S30.T52TFP.2018310T020849.v2.0.NDVI.tif,HLS-VI.S30.T52TFP.2018310T020849.v2.0.NDVI.tif,S30,T52TFP,2018-11-06,2018310,020849
/home/ec2-user/ndvi_sqs_work/heilongjiang/raw/HLS-VI.S30.T52TFQ.2018310T020849.v2.0.NDVI.tif,HLS-VI.S30.T52TFQ.2018310T020849.v2.0.NDVI.tif,S30,T52TFQ,2018-11-06,2018310,020849
/home/ec2-user/ndvi_sqs_work/heilongjiang/raw/HLS-VI.S30.T52TFR.2018310T020849.v2.0.NDVI.tif,HLS-VI.S30.T52TFR.2018310T020849.v2.0.NDVI.tif,S30,T52TFR,2018-11-06,2018310,020849
/home/ec2-user/ndvi_sqs_work/heilongjiang/raw/HLS-VI.S30.T52TGQ.2018310T020849.v2.0.NDVI.tif,HLS-VI.S30.T52TGQ.2018310T020849.v2.0.NDVI.tif,S30,T52TGQ,2018-11-06,2018310,020849
/home/ec2-user/ndvi_sqs_work/heilongjiang/raw/HLS-VI.S30.T52TGR.2018310T020849.v2.0.NDVI.tif,HLS-VI.S30.T52TGR.2018310T020849.v2.0.NDVI.tif,S30,T52TGR,2018-11-06,2018310,020849
/home/ec2-user/ndvi_sqs_work/heilongjiang/raw/HLS-VI.S30.T53TLL.2018310T020849.v2.0.NDVI.tif,HLS-VI.S30.T53TLL.2018310T020849.v2.0.NDVI.tif,S30,T53TLL,2018-11-06,2018310,020849
/home/ec2-user/ndvi_sqs_work/heilongjiang/raw/HLS-VI.S30.T53TLM.2018310T020849.v2.0.NDVI.tif,HLS-VI.S30.T53TLM.2018310T020849.v2.0.NDVI.tif,S30,T53TLM,2018-11-06,2018310,020849
/home/ec2-user/ndvi_sqs_work/heilongjiang/raw/HLS-VI.S30.T53TMM.2018310T020849.v2.0.NDVI.tif,HLS-VI.S30.T53TMM.2018310T020849.v2.0.NDVI.tif,S30,T53TMM,2018-11-06,2018310,020849
/home/ec2-user/ndvi_sqs_work/heilongjiang/raw/HLS-VI.S30.T51TYM.2018311T022901.v2.0.NDVI.tif,HLS-VI.S30.T51TYM.2018311T022901.v2.0.NDVI.tif,S30,T51TYM,2018-11-07,2018311,022901
/home/ec2-user/ndvi_sqs_work/heilongjiang/raw/HLS-VI.S30.T51TYN.2018311T022901.v2.0.NDVI.tif,HLS-VI.S30.T51TYN.2018311T022901.v2.0.NDVI.tif,S30,T51TYN,2018-11-07,2018311,022901
/home/ec2-user/ndvi_sqs_work/heilongjiang/raw/HLS-VI.S30.T51UYP.2018311T022901.v2.0.NDVI.tif,HLS-VI.S30.T51UYP.2018311T022901.v2.0.NDVI.tif,S30,T51UYP,2018-11-07,2018311,022901
/home/ec2-user/ndvi_sqs_work/heilongjiang/raw/HLS-VI.S30.T52TCS.2018311T022901.v2.0.NDVI.tif,HLS-VI.S30.T52TCS.2018311T022901.v2.0.NDVI.tif,S30,T52TCS,2018-11-07,2018311,022901
/home/ec2-user/ndvi_sqs_work/heilongjiang/raw/HLS-VI.S30.T52TCT.2018311T022901.v2.0.NDVI.tif,HLS-VI.S30.T52TCT.2018311T022901.v2.0.NDVI.tif,S30,T52TCT,2018-11-07,2018311,022901
/home/ec2-user/ndvi_sqs_work/heilongjiang/raw/HLS-VI.S30.T52TDR.2018311T022901.v2.0.NDVI.tif,HLS-VI.S30.T52TDR.2018311T022901.v2.0.NDVI.tif,S30,T52TDR,2018-11-07,2018311,022901
/home/ec2-user/ndvi_sqs_work/heilongjiang/raw/HLS-VI.S30.T52TDS.2018311T022901.v2.0.NDVI.tif,HLS-VI.S30.T52TDS.2018311T022901.v2.0.NDVI.tif,S30,T52TDS,2018-11-07,2018311,022901
/home/ec2-user/ndvi_sqs_work/heilongjiang/raw/HLS-VI.S30.T52TDT.2018311T022901.v2.0.NDVI.tif,HLS-VI.S30.T52TDT.2018311T022901.v2.0.NDVI.tif,S30,T52TDT,2018-11-07,2018311,022901
/home/ec2-user/ndvi_sqs_work/heilongjiang/raw/HLS-VI.S30.T52TES.2018311T022901.v2.0.NDVI.tif,HLS-VI.S30.T52TES.2018311T022901.v2.0.NDVI.tif,S30,T52TES,2018-11-07,2018311,022901
/home/ec2-user/ndvi_sqs_work/heilongjiang/raw/HLS-VI.S30.T52TET.2018311T022901.v2.0.NDVI.tif,HLS-VI.S30.T52TET.2018311T022901.v2.0.NDVI.tif,S30,T52TET,2018-11-07,2018311,022901
/home/ec2-user/ndvi_sqs_work/heilongjiang/raw/HLS-VI.S30.T52UCU.2018311T022901.v2.0.NDVI.tif,HLS-VI.S30.T52UCU.2018311T022901.v2.0.NDVI.tif,S30,T52UCU,2018-11-07,2018311,022901
/home/ec2-user/ndvi_sqs_work/heilongjiang/raw/HLS-VI.S30.T52UDU.2018311T022901.v2.0.NDVI.tif,HLS-VI.S30.T52UDU.2018311T022901.v2.0.NDVI.tif,S30,T52UDU,2018-11-07,2018311,022901
/home/ec2-user/ndvi_sqs_work/heilongjiang/raw/HLS-VI.S30.T52UDV.2018311T022901.v2.0.NDVI.tif,HLS-VI.S30.T52UDV.2018311T022901.v2.0.NDVI.tif,S30,T52UDV,2018-11-07,2018311,022901
/home/ec2-user/ndvi_sqs_work/heilongjiang/raw/HLS-VI.S30.T51UWP.2018312T024919.v2.0.NDVI.tif,HLS-VI.S30.T51UWP.2018312T024919.v2.0.NDVI.tif,S30,T51UWP,2018-11-08,2018312,024919
/home/ec2-user/ndvi_sqs_work/heilongjiang/raw/HLS-VI.S30.T51UYT.2018312T024919.v2.0.NDVI.tif,HLS-VI.S30.T51UYT.2018312T024919.v2.0.NDVI.tif,S30,T51UYT,2018-11-08,2018312,024919
/home/ec2-user/ndvi_sqs_work/heilongjiang/raw/HLS-VI.S30.T52UCC.2018312T024919.v2.0.NDVI.tif,HLS-VI.S30.T52UCC.2018312T024919.v2.0.NDVI.tif,S30,T52UCC,2018-11-08,2018312,024919
/home/ec2-user/ndvi_sqs_work/heilongjiang/raw/HLS-VI.S30.T52TFT.2018315T020911.v2.0.NDVI.tif,HLS-VI.S30.T52TFT.2018315T020911.v2.0.NDVI.tif,S30,T52TFT,2018-11-11,2018315,020911
/home/ec2-user/ndvi_sqs_work/heilongjiang/raw/HLS-VI.S30.T51TVM.2018317T024941.v2.0.NDVI.tif,HLS-VI.S30.T51TVM.2018317T024941.v2.0.NDVI.tif,S30,T51TVM,2018-11-13,2018317,024941
/home/ec2-user/ndvi_sqs_work/heilongjiang/raw/HLS-VI.S30.T51TVN.2018317T024941.v2.0.NDVI.tif,HLS-VI.S30.T51TVN.2018317T024941.v2.0.NDVI.tif,S30,T51TVN,2018-11-13,2018317,024941
/home/ec2-user/ndvi_sqs_work/heilongjiang/raw/HLS-VI.S30.T51TWM.2018317T024941.v2.0.NDVI.tif,HLS-VI.S30.T51TWM.2018317T024941.v2.0.NDVI.tif,S30,T51TWM,2018-11-13,2018317,024941
/home/ec2-user/ndvi_sqs_work/heilongjiang/raw/HLS-VI.S30.T51TWN.2018317T024941.v2.0.NDVI.tif,HLS-VI.S30.T51TWN.2018317T024941.v2.0.NDVI.tif,S30,T51TWN,2018-11-13,2018317,024941
/home/ec2-user/ndvi_sqs_work/heilongjiang/raw/HLS-VI.S30.T51UWP.2018317T024941.v2.0.NDVI.tif,HLS-VI.S30.T51UWP.2018317T024941.v2.0.NDVI.tif,S30,T51UWP,2018-11-13,2018317,024941
/home/ec2-user/ndvi_sqs_work/heilongjiang/raw/HLS-VI.S30.T51UXT.2018317T024941.v2.0.NDVI.tif,HLS-VI.S30.T51UXT.2018317T024941.v2.0.NDVI.tif,S30,T51UXT,2018-11-13,2018317,024941
/home/ec2-user/ndvi_sqs_work/heilongjiang/raw/HLS-VI.S30.T52UCB.2018317T024941.v2.0.NDVI.tif,HLS-VI.S30.T52UCB.2018317T024941.v2.0.NDVI.tif,S30,T52UCB,2018-11-13,2018317,024941
/home/ec2-user/ndvi_sqs_work/heilongjiang/raw/HLS-VI.S30.T52TES.2018318T021931.v2.0.NDVI.tif,HLS-VI.S30.T52TES.2018318T021931.v2.0.NDVI.tif,S30,T52TES,2018-11-14,2018318,021931
/home/ec2-user/ndvi_sqs_work/heilongjiang/raw/HLS-VI.S30.T52TFT.2018318T021931.v2.0.NDVI.tif,HLS-VI.S30.T52TFT.2018318T021931.v2.0.NDVI.tif,S30,T52TFT,2018-11-14,2018318,021931
/home/ec2-user/ndvi_sqs_work/heilongjiang/raw/HLS-VI.S30.T52TGT.2018318T021931.v2.0.NDVI.tif,HLS-VI.S30.T52TGT.2018318T021931.v2.0.NDVI.tif,S30,T52TGT,2018-11-14,2018318,021931
/home/ec2-user/ndvi_sqs_work/heilongjiang/raw/HLS-VI.S30.T52UGU.2018318T021931.v2.0.NDVI.tif,HLS-VI.S30.T52UGU.2018318T021931.v2.0.NDVI.tif,S30,T52UGU,2018-11-14,2018318,021931
/home/ec2-user/ndvi_sqs_work/heilongjiang/raw/HLS-VI.S30.T53ULP.2018318T021931.v2.0.NDVI.tif,HLS-VI.S30.T53ULP.2018318T021931.v2.0.NDVI.tif,S30,T53ULP,2018-11-14,2018318,021931
/home/ec2-user/ndvi_sqs_work/heilongjiang/raw/HLS-VI.S30.T51UXT.2018319T023949.v2.0.NDVI.tif,HLS-VI.S30.T51UXT.2018319T023949.v2.0.NDVI.tif,S30,T51UXT,2018-11-15,2018319,023949
/home/ec2-user/ndvi_sqs_work/heilongjiang/raw/HLS-VI.S30.T51UXU.2018319T023949.v2.0.NDVI.tif,HLS-VI.S30.T51UXU.2018319T023949.v2.0.NDVI.tif,S30,T51UXU,2018-11-15,2018319,023949
/home/ec2-user/ndvi_sqs_work/heilongjiang/raw/HLS-VI.S30.T51UYS.2018319T023949.v2.0.NDVI.tif,HLS-VI.S30.T51UYS.2018319T023949.v2.0.NDVI.tif,S30,T51UYS,2018-11-15,2018319,023949
/home/ec2-user/ndvi_sqs_work/heilongjiang/raw/HLS-VI.S30.T52UCB.2018319T023949.v2.0.NDVI.tif,HLS-VI.S30.T52UCB.2018319T023949.v2.0.NDVI.tif,S30,T52UCB,2018-11-15,2018319,023949
/home/ec2-user/ndvi_sqs_work/heilongjiang/raw/HLS-VI.S30.T52TFT.2018320T020939.v2.0.NDVI.tif,HLS-VI.S30.T52TFT.2018320T020939.v2.0.NDVI.tif,S30,T52TFT,2018-11-16,2018320,020939
/home/ec2-user/ndvi_sqs_work/heilongjiang/raw/HLS-VI.S30.T52TGT.2018320T020939.v2.0.NDVI.tif,HLS-VI.S30.T52TGT.2018320T020939.v2.0.NDVI.tif,S30,T52TGT,2018-11-16,2018320,020939
/home/ec2-user/ndvi_sqs_work/heilongjiang/raw/HLS-VI.S30.T51TYN.2018321T022951.v2.0.NDVI.tif,HLS-VI.S30.T51TYN.2018321T022951.v2.0.NDVI.tif,S30,T51TYN,2018-11-17,2018321,022951
/home/ec2-user/ndvi_sqs_work/heilongjiang/raw/HLS-VI.S30.T51UYP.2018321T022951.v2.0.NDVI.tif,HLS-VI.S30.T51UYP.2018321T022951.v2.0.NDVI.tif,S30,T51UYP,2018-11-17,2018321,022951
/home/ec2-user/ndvi_sqs_work/heilongjiang/raw/HLS-VI.S30.T51UYQ.2018321T022951.v2.0.NDVI.tif,HLS-VI.S30.T51UYQ.2018321T022951.v2.0.NDVI.tif,S30,T51UYQ,2018-11-17,2018321,022951
/home/ec2-user/ndvi_sqs_work/heilongjiang/raw/HLS-VI.S30.T52TCT.2018321T022951.v2.0.NDVI.tif,HLS-VI.S30.T52TCT.2018321T022951.v2.0.NDVI.tif,S30,T52TCT,2018-11-17,2018321,022951
/home/ec2-user/ndvi_sqs_work/heilongjiang/raw/HLS-VI.S30.T52TES.2018321T022951.v2.0.NDVI.tif,HLS-VI.S30.T52TES.2018321T022951.v2.0.NDVI.tif,S30,T52TES,2018-11-17,2018321,022951
/home/ec2-user/ndvi_sqs_work/heilongjiang/raw/HLS-VI.S30.T52UCA.2018321T022951.v2.0.NDVI.tif,HLS-VI.S30.T52UCA.2018321T022951.v2.0.NDVI.tif,S30,T52UCA,2018-11-17,2018321,022951
/home/ec2-user/ndvi_sqs_work/heilongjiang/raw/HLS-VI.S30.T52UCU.2018321T022951.v2.0.NDVI.tif,HLS-VI.S30.T52UCU.2018321T022951.v2.0.NDVI.tif,S30,T52UCU,2018-11-17,2018321,022951
/home/ec2-user/ndvi_sqs_work/heilongjiang/raw/HLS-VI.S30.T52UCV.2018321T022951.v2.0.NDVI.tif,HLS-VI.S30.T52UCV.2018321T022951.v2.0.NDVI.tif,S30,T52UCV,2018-11-17,2018321,022951
/home/ec2-user/ndvi_sqs_work/heilongjiang/raw/HLS-VI.S30.T52UDA.2018321T022951.v2.0.NDVI.tif,HLS-VI.S30.T52UDA.2018321T022951.v2.0.NDVI.tif,S30,T52UDA,2018-11-17,2018321,022951
/home/ec2-user/ndvi_sqs_work/heilongjiang/raw/HLS-VI.S30.T52UDV.2018321T022951.v2.0.NDVI.tif,HLS-VI.S30.T52UDV.2018321T022951.v2.0.NDVI.tif,S30,T52UDV,2018-11-17,2018321,022951
/home/ec2-user/ndvi_sqs_work/heilongjiang/raw/HLS-VI.S30.T53TLL.2018322T015941.v2.0.NDVI.tif,HLS-VI.S30.T53TLL.2018322T015941.v2.0.NDVI.tif,S30,T53TLL,2018-11-18,2018322,015941
/home/ec2-user/ndvi_sqs_work/heilongjiang/raw/HLS-VI.S30.T53TLM.2018322T015941.v2.0.NDVI.tif,HLS-VI.S30.T53TLM.2018322T015941.v2.0.NDVI.tif,S30,T53TLM,2018-11-18,2018322,015941
/home/ec2-user/ndvi_sqs_work/heilongjiang/raw/HLS-VI.S30.T52TES.2018323T021959.v2.0.NDVI.tif,HLS-VI.S30.T52TES.2018323T021959.v2.0.NDVI.tif,S30,T52TES,2018-11-19,2018323,021959
/home/ec2-user/ndvi_sqs_work/heilongjiang/raw/HLS-VI.S30.T52TET.2018323T021959.v2.0.NDVI.tif,HLS-VI.S30.T52TET.2018323T021959.v2.0.NDVI.tif,S30,T52TET,2018-11-19,2018323,021959
/home/ec2-user/ndvi_sqs_work/heilongjiang/raw/HLS-VI.S30.T52TFS.2018323T021959.v2.0.NDVI.tif,HLS-VI.S30.T52TFS.2018323T021959.v2.0.NDVI.tif,S30,T52TFS,2018-11-19,2018323,021959
/home/ec2-user/ndvi_sqs_work/heilongjiang/raw/HLS-VI.S30.T52TFT.2018323T021959.v2.0.NDVI.tif,HLS-VI.S30.T52TFT.2018323T021959.v2.0.NDVI.tif,S30,T52TFT,2018-11-19,2018323,021959
/home/ec2-user/ndvi_sqs_work/heilongjiang/raw/HLS-VI.S30.T52TGT.2018323T021959.v2.0.NDVI.tif,HLS-VI.S30.T52TGT.2018323T021959.v2.0.NDVI.tif,S30,T52TGT,2018-11-19,2018323,021959
/home/ec2-user/ndvi_sqs_work/heilongjiang/raw/HLS-VI.S30.T52UEV.2018323T021959.v2.0.NDVI.tif,HLS-VI.S30.T52UEV.2018323T021959.v2.0.NDVI.tif,S30,T52UEV,2018-11-19,2018323,021959
/home/ec2-user/ndvi_sqs_work/heilongjiang/raw/HLS-VI.S30.T52UGU.2018323T021959.v2.0.NDVI.tif,HLS-VI.S30.T52UGU.2018323T021959.v2.0.NDVI.tif,S30,T52UGU,2018-11-19,2018323,021959
/home/ec2-user/ndvi_sqs_work/heilongjiang/raw/HLS-VI.S30.T53TLN.2018323T021959.v2.0.NDVI.tif,HLS-VI.S30.T53TLN.2018323T021959.v2.0.NDVI.tif,S30,T53TLN,2018-11-19,2018323,021959
/home/ec2-user/ndvi_sqs_work/heilongjiang/raw/HLS-VI.S30.T53ULP.2018323T021959.v2.0.NDVI.tif,HLS-VI.S30.T53ULP.2018323T021959.v2.0.NDVI.tif,S30,T53ULP,2018-11-19,2018323,021959
/home/ec2-user/ndvi_sqs_work/heilongjiang/raw/HLS-VI.S30.T51TXN.2018324T024001.v2.0.NDVI.tif,HLS-VI.S30.T51TXN.2018324T024001.v2.0.NDVI.tif,S30,T51TXN,2018-11-20,2018324,024001
/home/ec2-user/ndvi_sqs_work/heilongjiang/raw/HLS-VI.S30.T51TYN.2018324T024001.v2.0.NDVI.tif,HLS-VI.S30.T51TYN.2018324T024001.v2.0.NDVI.tif,S30,T51TYN,2018-11-20,2018324,024001
/home/ec2-user/ndvi_sqs_work/heilongjiang/raw/HLS-VI.S30.T51UXR.2018324T024001.v2.0.NDVI.tif,HLS-VI.S30.T51UXR.2018324T024001.v2.0.NDVI.tif,S30,T51UXR,2018-11-20,2018324,024001
/home/ec2-user/ndvi_sqs_work/heilongjiang/raw/HLS-VI.S30.T51UXS.2018324T024001.v2.0.NDVI.tif,HLS-VI.S30.T51UXS.2018324T024001.v2.0.NDVI.tif,S30,T51UXS,2018-11-20,2018324,024001
/home/ec2-user/ndvi_sqs_work/heilongjiang/raw/HLS-VI.S30.T51UYP.2018324T024001.v2.0.NDVI.tif,HLS-VI.S30.T51UYP.2018324T024001.v2.0.NDVI.tif,S30,T51UYP,2018-11-20,2018324,024001
/home/ec2-user/ndvi_sqs_work/heilongjiang/raw/HLS-VI.S30.T51UYQ.2018324T024001.v2.0.NDVI.tif,HLS-VI.S30.T51UYQ.2018324T024001.v2.0.NDVI.tif,S30,T51UYQ,2018-11-20,2018324,024001
/home/ec2-user/ndvi_sqs_work/heilongjiang/raw/HLS-VI.S30.T51UYS.2018324T024001.v2.0.NDVI.tif,HLS-VI.S30.T51UYS.2018324T024001.v2.0.NDVI.tif,S30,T51UYS,2018-11-20,2018324,024001
/home/ec2-user/ndvi_sqs_work/heilongjiang/raw/HLS-VI.S30.T52TCT.2018324T024001.v2.0.NDVI.tif,HLS-VI.S30.T52TCT.2018324T024001.v2.0.NDVI.tif,S30,T52TCT,2018-11-20,2018324,024001
/home/ec2-user/ndvi_sqs_work/heilongjiang/raw/HLS-VI.S30.T52UCA.2018324T024001.v2.0.NDVI.tif,HLS-VI.S30.T52UCA.2018324T024001.v2.0.NDVI.tif,S30,T52UCA,2018-11-20,2018324,024001
/home/ec2-user/ndvi_sqs_work/heilongjiang/raw/HLS-VI.S30.T52UCU.2018324T024001.v2.0.NDVI.tif,HLS-VI.S30.T52UCU.2018324T024001.v2.0.NDVI.tif,S30,T52UCU,2018-11-20,2018324,024001
/home/ec2-user/ndvi_sqs_work/heilongjiang/raw/HLS-VI.S30.T52UCV.2018324T024001.v2.0.NDVI.tif,HLS-VI.S30.T52UCV.2018324T024001.v2.0.NDVI.tif,S30,T52UCV,2018-11-20,2018324,024001
/home/ec2-user/ndvi_sqs_work/heilongjiang/raw/HLS-VI.S30.T52UDA.2018324T024001.v2.0.NDVI.tif,HLS-VI.S30.T52UDA.2018324T024001.v2.0.NDVI.tif,S30,T52UDA,2018-11-20,2018324,024001
/home/ec2-user/ndvi_sqs_work/heilongjiang/raw/HLS-VI.S30.T52UDV.2018324T024001.v2.0.NDVI.tif,HLS-VI.S30.T52UDV.2018324T024001.v2.0.NDVI.tif,S30,T52UDV,2018-11-20,2018324,024001
/home/ec2-user/ndvi_sqs_work/heilongjiang/raw/HLS-VI.S30.T52TFR.2018325T021001.v2.0.NDVI.tif,HLS-VI.S30.T52TFR.2018325T021001.v2.0.NDVI.tif,S30,T52TFR,2018-11-21,2018325,021001
/home/ec2-user/ndvi_sqs_work/heilongjiang/raw/HLS-VI.S30.T52TGR.2018325T021001.v2.0.NDVI.tif,HLS-VI.S30.T52TGR.2018325T021001.v2.0.NDVI.tif,S30,T52TGR,2018-11-21,2018325,021001
/home/ec2-user/ndvi_sqs_work/heilongjiang/raw/HLS-VI.S30.T52TGS.2018325T021001.v2.0.NDVI.tif,HLS-VI.S30.T52TGS.2018325T021001.v2.0.NDVI.tif,S30,T52TGS,2018-11-21,2018325,021001
/home/ec2-user/ndvi_sqs_work/heilongjiang/raw/HLS-VI.S30.T52TGT.2018325T021001.v2.0.NDVI.tif,HLS-VI.S30.T52TGT.2018325T021001.v2.0.NDVI.tif,S30,T52TGT,2018-11-21,2018325,021001
/home/ec2-user/ndvi_sqs_work/heilongjiang/raw/HLS-VI.S30.T52UGU.2018325T021001.v2.0.NDVI.tif,HLS-VI.S30.T52UGU.2018325T021001.v2.0.NDVI.tif,S30,T52UGU,2018-11-21,2018325,021001
/home/ec2-user/ndvi_sqs_work/heilongjiang/raw/HLS-VI.S30.T53TLL.2018325T021001.v2.0.NDVI.tif,HLS-VI.S30.T53TLL.2018325T021001.v2.0.NDVI.tif,S30,T53TLL,2018-11-21,2018325,021001
/home/ec2-user/ndvi_sqs_work/heilongjiang/raw/HLS-VI.S30.T53TLM.2018325T021001.v2.0.NDVI.tif,HLS-VI.S30.T53TLM.2018325T021001.v2.0.NDVI.tif,S30,T53TLM,2018-11-21,2018325,021001
/home/ec2-user/ndvi_sqs_work/heilongjiang/raw/HLS-VI.S30.T53ULP.2018325T021001.v2.0.NDVI.tif,HLS-VI.S30.T53ULP.2018325T021001.v2.0.NDVI.tif,S30,T53ULP,2018-11-21,2018325,021001
/home/ec2-user/ndvi_sqs_work/heilongjiang/raw/HLS-VI.S30.T51TYN.2018326T023009.v2.0.NDVI.tif,HLS-VI.S30.T51TYN.2018326T023009.v2.0.NDVI.tif,S30,T51TYN,2018-11-22,2018326,023009
/home/ec2-user/ndvi_sqs_work/heilongjiang/raw/HLS-VI.S30.T52TCT.2018326T023009.v2.0.NDVI.tif,HLS-VI.S30.T52TCT.2018326T023009.v2.0.NDVI.tif,S30,T52TCT,2018-11-22,2018326,023009
/home/ec2-user/ndvi_sqs_work/heilongjiang/raw/HLS-VI.S30.T52UCA.2018326T023009.v2.0.NDVI.tif,HLS-VI.S30.T52UCA.2018326T023009.v2.0.NDVI.tif,S30,T52UCA,2018-11-22,2018326,023009
/home/ec2-user/ndvi_sqs_work/heilongjiang/raw/HLS-VI.S30.T52UDA.2018326T023009.v2.0.NDVI.tif,HLS-VI.S30.T52UDA.2018326T023009.v2.0.NDVI.tif,S30,T52UDA,2018-11-22,2018326,023009
/home/ec2-user/ndvi_sqs_work/heilongjiang/raw/HLS-VI.S30.T51UYR.2018327T025021.v2.0.NDVI.tif,HLS-VI.S30.T51UYR.2018327T025021.v2.0.NDVI.tif,S30,T51UYR,2018-11-23,2018327,025021
/home/ec2-user/ndvi_sqs_work/heilongjiang/raw/HLS-VI.S30.T51UYS.2018327T025021.v2.0.NDVI.tif,HLS-VI.S30.T51UYS.2018327T025021.v2.0.NDVI.tif,S30,T51UYS,2018-11-23,2018327,025021
/home/ec2-user/ndvi_sqs_work/heilongjiang/raw/HLS-VI.S30.T52UCB.2018327T025021.v2.0.NDVI.tif,HLS-VI.S30.T52UCB.2018327T025021.v2.0.NDVI.tif,S30,T52UCB,2018-11-23,2018327,025021
/home/ec2-user/ndvi_sqs_work/heilongjiang/raw/HLS-VI.S30.T53TLL.2018327T020009.v2.0.NDVI.tif,HLS-VI.S30.T53TLL.2018327T020009.v2.0.NDVI.tif,S30,T53TLL,2018-11-23,2018327,020009
/home/ec2-user/ndvi_sqs_work/heilongjiang/raw/HLS-VI.S30.T53TLM.2018327T020009.v2.0.NDVI.tif,HLS-VI.S30.T53TLM.2018327T020009.v2.0.NDVI.tif,S30,T53TLM,2018-11-23,2018327,020009
/home/ec2-user/ndvi_sqs_work/heilongjiang/raw/HLS-VI.S30.T52TET.2018328T022011.v2.0.NDVI.tif,HLS-VI.S30.T52TET.2018328T022011.v2.0.NDVI.tif,S30,T52TET,2018-11-24,2018328,022011
/home/ec2-user/ndvi_sqs_work/heilongjiang/raw/HLS-VI.S30.T52TFT.2018328T022011.v2.0.NDVI.tif,HLS-VI.S30.T52TFT.2018328T022011.v2.0.NDVI.tif,S30,T52TFT,2018-11-24,2018328,022011
/home/ec2-user/ndvi_sqs_work/heilongjiang/raw/HLS-VI.S30.T53TLN.2018328T022011.v2.0.NDVI.tif,HLS-VI.S30.T53TLN.2018328T022011.v2.0.NDVI.tif,S30,T53TLN,2018-11-24,2018328,022011
/home/ec2-user/ndvi_sqs_work/heilongjiang/raw/HLS-VI.S30.T51TXN.2018329T024029.v2.0.NDVI.tif,HLS-VI.S30.T51TXN.2018329T024029.v2.0.NDVI.tif,S30,T51TXN,2018-11-25,2018329,024029
/home/ec2-user/ndvi_sqs_work/heilongjiang/raw/HLS-VI.S30.T51UXP.2018329T024029.v2.0.NDVI.tif,HLS-VI.S30.T51UXP.2018329T024029.v2.0.NDVI.tif,S30,T51UXP,2018-11-25,2018329,024029
/home/ec2-user/ndvi_sqs_work/heilongjiang/raw/HLS-VI.S30.T51UYP.2018329T024029.v2.0.NDVI.tif,HLS-VI.S30.T51UYP.2018329T024029.v2.0.NDVI.tif,S30,T51UYP,2018-11-25,2018329,024029
/home/ec2-user/ndvi_sqs_work/heilongjiang/raw/HLS-VI.S30.T51UYQ.2018329T024029.v2.0.NDVI.tif,HLS-VI.S30.T51UYQ.2018329T024029.v2.0.NDVI.tif,S30,T51UYQ,2018-11-25,2018329,024029
/home/ec2-user/ndvi_sqs_work/heilongjiang/raw/HLS-VI.S30.T51UYS.2018329T024029.v2.0.NDVI.tif,HLS-VI.S30.T51UYS.2018329T024029.v2.0.NDVI.tif,S30,T51UYS,2018-11-25,2018329,024029
/home/ec2-user/ndvi_sqs_work/heilongjiang/raw/HLS-VI.S30.T52UCA.2018329T024029.v2.0.NDVI.tif,HLS-VI.S30.T52UCA.2018329T024029.v2.0.NDVI.tif,S30,T52UCA,2018-11-25,2018329,024029
/home/ec2-user/ndvi_sqs_work/heilongjiang/raw/HLS-VI.S30.T52UCB.2018329T024029.v2.0.NDVI.tif,HLS-VI.S30.T52UCB.2018329T024029.v2.0.NDVI.tif,S30,T52UCB,2018-11-25,2018329,024029
/home/ec2-user/ndvi_sqs_work/heilongjiang/raw/HLS-VI.S30.T52UCU.2018329T024029.v2.0.NDVI.tif,HLS-VI.S30.T52UCU.2018329T024029.v2.0.NDVI.tif,S30,T52UCU,2018-11-25,2018329,024029
/home/ec2-user/ndvi_sqs_work/heilongjiang/raw/HLS-VI.S30.T52UCV.2018329T024029.v2.0.NDVI.tif,HLS-VI.S30.T52UCV.2018329T024029.v2.0.NDVI.tif,S30,T52UCV,2018-11-25,2018329,024029
/home/ec2-user/ndvi_sqs_work/heilongjiang/raw/HLS-VI.S30.T52UDV.2018329T024029.v2.0.NDVI.tif,HLS-VI.S30.T52UDV.2018329T024029.v2.0.NDVI.tif,S30,T52UDV,2018-11-25,2018329,024029
/home/ec2-user/ndvi_sqs_work/heilongjiang/raw/HLS-VI.S30.T51TVN.2018332T025039.v2.0.NDVI.tif,HLS-VI.S30.T51TVN.2018332T025039.v2.0.NDVI.tif,S30,T51TVN,2018-11-28,2018332,025039
/home/ec2-user/ndvi_sqs_work/heilongjiang/raw/HLS-VI.S30.T51TWN.2018332T025039.v2.0.NDVI.tif,HLS-VI.S30.T51TWN.2018332T025039.v2.0.NDVI.tif,S30,T51TWN,2018-11-28,2018332,025039
/home/ec2-user/ndvi_sqs_work/heilongjiang/raw/HLS-VI.S30.T52TFS.2018333T022029.v2.0.NDVI.tif,HLS-VI.S30.T52TFS.2018333T022029.v2.0.NDVI.tif,S30,T52TFS,2018-11-29,2018333,022029
/home/ec2-user/ndvi_sqs_work/heilongjiang/raw/HLS-VI.S30.T51TXN.2018337T025051.v2.0.NDVI.tif,HLS-VI.S30.T51TXN.2018337T025051.v2.0.NDVI.tif,S30,T51TXN,2018-12-03,2018337,025051
/home/ec2-user/ndvi_sqs_work/heilongjiang/raw/HLS-VI.S30.T51UXR.2018337T025051.v2.0.NDVI.tif,HLS-VI.S30.T51UXR.2018337T025051.v2.0.NDVI.tif,S30,T51UXR,2018-12-03,2018337,025051
/home/ec2-user/ndvi_sqs_work/heilongjiang/raw/HLS-VI.S30.T51UYQ.2018337T025051.v2.0.NDVI.tif,HLS-VI.S30.T51UYQ.2018337T025051.v2.0.NDVI.tif,S30,T51UYQ,2018-12-03,2018337,025051
/home/ec2-user/ndvi_sqs_work/heilongjiang/raw/HLS-VI.S30.T51UYR.2018337T025051.v2.0.NDVI.tif,HLS-VI.S30.T51UYR.2018337T025051.v2.0.NDVI.tif,S30,T51UYR,2018-12-03,2018337,025051
/home/ec2-user/ndvi_sqs_work/heilongjiang/raw/HLS-VI.S30.T52UFU.2018338T022041.v2.0.NDVI.tif,HLS-VI.S30.T52UFU.2018338T022041.v2.0.NDVI.tif,S30,T52UFU,2018-12-04,2018338,022041
/home/ec2-user/ndvi_sqs_work/heilongjiang/raw/HLS-VI.S30.T51TWN.2018339T024059.v2.0.NDVI.tif,HLS-VI.S30.T51TWN.2018339T024059.v2.0.NDVI.tif,S30,T51TWN,2018-12-05,2018339,024059
/home/ec2-user/ndvi_sqs_work/heilongjiang/raw/HLS-VI.S30.T52TFS.2018340T021049.v2.0.NDVI.tif,HLS-VI.S30.T52TFS.2018340T021049.v2.0.NDVI.tif,S30,T52TFS,2018-12-06,2018340,021049
/home/ec2-user/ndvi_sqs_work/heilongjiang/raw/HLS-VI.S30.T52TFT.2018340T021049.v2.0.NDVI.tif,HLS-VI.S30.T52TFT.2018340T021049.v2.0.NDVI.tif,S30,T52TFT,2018-12-06,2018340,021049
/home/ec2-user/ndvi_sqs_work/heilongjiang/raw/HLS-VI.S30.T52TGT.2018340T021049.v2.0.NDVI.tif,HLS-VI.S30.T52TGT.2018340T021049.v2.0.NDVI.tif,S30,T52TGT,2018-12-06,2018340,021049
/home/ec2-user/ndvi_sqs_work/heilongjiang/raw/HLS-VI.S30.T52UGU.2018340T021049.v2.0.NDVI.tif,HLS-VI.S30.T52UGU.2018340T021049.v2.0.NDVI.tif,S30,T52UGU,2018-12-06,2018340,021049
/home/ec2-user/ndvi_sqs_work/heilongjiang/raw/HLS-VI.S30.T53TLL.2018340T021049.v2.0.NDVI.tif,HLS-VI.S30.T53TLL.2018340T021049.v2.0.NDVI.tif,S30,T53TLL,2018-12-06,2018340,021049
/home/ec2-user/ndvi_sqs_work/heilongjiang/raw/HLS-VI.S30.T51TWN.2018344T024101.v2.0.NDVI.tif,HLS-VI.S30.T51TWN.2018344T024101.v2.0.NDVI.tif,S30,T51TWN,2018-12-10,2018344,024101
/home/ec2-user/ndvi_sqs_work/heilongjiang/raw/HLS-VI.S30.T51TYN.2018344T024101.v2.0.NDVI.tif,HLS-VI.S30.T51TYN.2018344T024101.v2.0.NDVI.tif,S30,T51TYN,2018-12-10,2018344,024101
/home/ec2-user/ndvi_sqs_work/heilongjiang/raw/HLS-VI.S30.T51UWP.2018344T024101.v2.0.NDVI.tif,HLS-VI.S30.T51UWP.2018344T024101.v2.0.NDVI.tif,S30,T51UWP,2018-12-10,2018344,024101
/home/ec2-user/ndvi_sqs_work/heilongjiang/raw/HLS-VI.S30.T52TFT.2018345T021051.v2.0.NDVI.tif,HLS-VI.S30.T52TFT.2018345T021051.v2.0.NDVI.tif,S30,T52TFT,2018-12-11,2018345,021051
/home/ec2-user/ndvi_sqs_work/heilongjiang/raw/HLS-VI.S30.T52TGT.2018345T021051.v2.0.NDVI.tif,HLS-VI.S30.T52TGT.2018345T021051.v2.0.NDVI.tif,S30,T52TGT,2018-12-11,2018345,021051
/home/ec2-user/ndvi_sqs_work/heilongjiang/raw/HLS-VI.S30.T52UGU.2018345T021051.v2.0.NDVI.tif,HLS-VI.S30.T52UGU.2018345T021051.v2.0.NDVI.tif,S30,T52UGU,2018-12-11,2018345,021051
/home/ec2-user/ndvi_sqs_work/heilongjiang/raw/HLS-VI.S30.T53ULP.2018345T021051.v2.0.NDVI.tif,HLS-VI.S30.T53ULP.2018345T021051.v2.0.NDVI.tif,S30,T53ULP,2018-12-11,2018345,021051
/home/ec2-user/ndvi_sqs_work/heilongjiang/raw/HLS-VI.S30.T52UDA.2018346T023109.v2.0.NDVI.tif,HLS-VI.S30.T52UDA.2018346T023109.v2.0.NDVI.tif,S30,T52UDA,2018-12-12,2018346,023109
/home/ec2-user/ndvi_sqs_work/heilongjiang/raw/HLS-VI.S30.T51UXR.2018347T025111.v2.0.NDVI.tif,HLS-VI.S30.T51UXR.2018347T025111.v2.0.NDVI.tif,S30,T51UXR,2018-12-13,2018347,025111
/home/ec2-user/ndvi_sqs_work/heilongjiang/raw/HLS-VI.S30.T51UYQ.2018347T025111.v2.0.NDVI.tif,HLS-VI.S30.T51UYQ.2018347T025111.v2.0.NDVI.tif,S30,T51UYQ,2018-12-13,2018347,025111
/home/ec2-user/ndvi_sqs_work/heilongjiang/raw/HLS-VI.S30.T51UYR.2018347T025111.v2.0.NDVI.tif,HLS-VI.S30.T51UYR.2018347T025111.v2.0.NDVI.tif,S30,T51UYR,2018-12-13,2018347,025111
/home/ec2-user/ndvi_sqs_work/heilongjiang/raw/HLS-VI.S30.T51UYS.2018347T025111.v2.0.NDVI.tif,HLS-VI.S30.T51UYS.2018347T025111.v2.0.NDVI.tif,S30,T51UYS,2018-12-13,2018347,025111
/home/ec2-user/ndvi_sqs_work/heilongjiang/raw/HLS-VI.S30.T51UYT.2018347T025111.v2.0.NDVI.tif,HLS-VI.S30.T51UYT.2018347T025111.v2.0.NDVI.tif,S30,T51UYT,2018-12-13,2018347,025111
/home/ec2-user/ndvi_sqs_work/heilongjiang/raw/HLS-VI.S30.T52UCB.2018347T025111.v2.0.NDVI.tif,HLS-VI.S30.T52UCB.2018347T025111.v2.0.NDVI.tif,S30,T52UCB,2018-12-13,2018347,025111
/home/ec2-user/ndvi_sqs_work/heilongjiang/raw/HLS-VI.S30.T52UCC.2018347T025111.v2.0.NDVI.tif,HLS-VI.S30.T52UCC.2018347T025111.v2.0.NDVI.tif,S30,T52UCC,2018-12-13,2018347,025111
/home/ec2-user/ndvi_sqs_work/heilongjiang/raw/HLS-VI.S30.T52TFT.2018348T022101.v2.0.NDVI.tif,HLS-VI.S30.T52TFT.2018348T022101.v2.0.NDVI.tif,S30,T52TFT,2018-12-14,2018348,022101
/home/ec2-user/ndvi_sqs_work/heilongjiang/raw/HLS-VI.S30.T52TGT.2018348T022101.v2.0.NDVI.tif,HLS-VI.S30.T52TGT.2018348T022101.v2.0.NDVI.tif,S30,T52TGT,2018-12-14,2018348,022101
/home/ec2-user/ndvi_sqs_work/heilongjiang/raw/HLS-VI.S30.T52UEV.2018348T022101.v2.0.NDVI.tif,HLS-VI.S30.T52UEV.2018348T022101.v2.0.NDVI.tif,S30,T52UEV,2018-12-14,2018348,022101
/home/ec2-user/ndvi_sqs_work/heilongjiang/raw/HLS-VI.S30.T52UFU.2018348T022101.v2.0.NDVI.tif,HLS-VI.S30.T52UFU.2018348T022101.v2.0.NDVI.tif,S30,T52UFU,2018-12-14,2018348,022101
/home/ec2-user/ndvi_sqs_work/heilongjiang/raw/HLS-VI.S30.T52UGU.2018348T022101.v2.0.NDVI.tif,HLS-VI.S30.T52UGU.2018348T022101.v2.0.NDVI.tif,S30,T52UGU,2018-12-14,2018348,022101
/home/ec2-user/ndvi_sqs_work/heilongjiang/raw/HLS-VI.S30.T53ULP.2018348T022101.v2.0.NDVI.tif,HLS-VI.S30.T53ULP.2018348T022101.v2.0.NDVI.tif,S30,T53ULP,2018-12-14,2018348,022101
/home/ec2-user/ndvi_sqs_work/heilongjiang/raw/HLS-VI.S30.T52TFT.2018350T021059.v2.0.NDVI.tif,HLS-VI.S30.T52TFT.2018350T021059.v2.0.NDVI.tif,S30,T52TFT,2018-12-16,2018350,021059
/home/ec2-user/ndvi_sqs_work/heilongjiang/raw/HLS-VI.S30.T52TGT.2018350T021059.v2.0.NDVI.tif,HLS-VI.S30.T52TGT.2018350T021059.v2.0.NDVI.tif,S30,T52TGT,2018-12-16,2018350,021059
/home/ec2-user/ndvi_sqs_work/heilongjiang/raw/HLS-VI.S30.T52UGU.2018350T021059.v2.0.NDVI.tif,HLS-VI.S30.T52UGU.2018350T021059.v2.0.NDVI.tif,S30,T52UGU,2018-12-16,2018350,021059
/home/ec2-user/ndvi_sqs_work/heilongjiang/raw/HLS-VI.S30.T53ULP.2018350T021059.v2.0.NDVI.tif,HLS-VI.S30.T53ULP.2018350T021059.v2.0.NDVI.tif,S30,T53ULP,2018-12-16,2018350,021059
/home/ec2-user/ndvi_sqs_work/heilongjiang/raw/HLS-VI.S30.T52TFT.2018351T023111.v2.0.NDVI.tif,HLS-VI.S30.T52TFT.2018351T023111.v2.0.NDVI.tif,S30,T52TFT,2018-12-17,2018351,023111
/home/ec2-user/ndvi_sqs_work/heilongjiang/raw/HLS-VI.S30.T52TFT.2018353T022109.v2.0.NDVI.tif,HLS-VI.S30.T52TFT.2018353T022109.v2.0.NDVI.tif,S30,T52TFT,2018-12-19,2018353,022109
/home/ec2-user/ndvi_sqs_work/heilongjiang/raw/HLS-VI.S30.T52UEV.2018353T022109.v2.0.NDVI.tif,HLS-VI.S30.T52UEV.2018353T022109.v2.0.NDVI.tif,S30,T52UEV,2018-12-19,2018353,022109
/home/ec2-user/ndvi_sqs_work/heilongjiang/raw/HLS-VI.S30.T52TFT.2018355T021101.v2.0.NDVI.tif,HLS-VI.S30.T52TFT.2018355T021101.v2.0.NDVI.tif,S30,T52TFT,2018-12-21,2018355,021101
/home/ec2-user/ndvi_sqs_work/heilongjiang/raw/HLS-VI.S30.T52TGT.2018355T021101.v2.0.NDVI.tif,HLS-VI.S30.T52TGT.2018355T021101.v2.0.NDVI.tif,S30,T52TGT,2018-12-21,2018355,021101
/home/ec2-user/ndvi_sqs_work/heilongjiang/raw/HLS-VI.S30.T52TGT.2018358T022111.v2.0.NDVI.tif,HLS-VI.S30.T52TGT.2018358T022111.v2.0.NDVI.tif,S30,T52TGT,2018-12-24,2018358,022111
/home/ec2-user/ndvi_sqs_work/heilongjiang/raw/HLS-VI.S30.T52UGU.2018358T022111.v2.0.NDVI.tif,HLS-VI.S30.T52UGU.2018358T022111.v2.0.NDVI.tif,S30,T52UGU,2018-12-24,2018358,022111
/home/ec2-user/ndvi_sqs_work/heilongjiang/raw/HLS-VI.S30.T51TYL.2018359T024119.v2.0.NDVI.tif,HLS-VI.S30.T51TYL.2018359T024119.v2.0.NDVI.tif,S30,T51TYL,2018-12-25,2018359,024119
/home/ec2-user/ndvi_sqs_work/heilongjiang/raw/HLS-VI.S30.T52TCR.2018359T024119.v2.0.NDVI.tif,HLS-VI.S30.T52TCR.2018359T024119.v2.0.NDVI.tif,S30,T52TCR,2018-12-25,2018359,024119
/home/ec2-user/ndvi_sqs_work/heilongjiang/raw/HLS-VI.S30.T51TVN.2018362T025119.v2.0.NDVI.tif,HLS-VI.S30.T51TVN.2018362T025119.v2.0.NDVI.tif,S30,T51TVN,2018-12-28,2018362,025119
/home/ec2-user/ndvi_sqs_work/heilongjiang/raw/HLS-VI.S30.T51TXN.2018362T025119.v2.0.NDVI.tif,HLS-VI.S30.T51TXN.2018362T025119.v2.0.NDVI.tif,S30,T51TXN,2018-12-28,2018362,025119
/home/ec2-user/ndvi_sqs_work/heilongjiang/raw/HLS-VI.S30.T51TXN.2018364T024111.v2.0.NDVI.tif,HLS-VI.S30.T51TXN.2018364T024111.v2.0.NDVI.tif,S30,T51TXN,2018-12-30,2018364,024111
/home/ec2-user/ndvi_sqs_work/heilongjiang/raw/HLS-VI.S30.T51TYL.2018364T024111.v2.0.NDVI.tif,HLS-VI.S30.T51TYL.2018364T024111.v2.0.NDVI.tif,S30,T51TYL,2018-12-30,2018364,024111
/home/ec2-user/ndvi_sqs_work/heilongjiang/raw/HLS-VI.S30.T52TCR.2018364T024111.v2.0.NDVI.tif,HLS-VI.S30.T52TCR.2018364T024111.v2.0.NDVI.tif,S30,T52TCR,2018-12-30,2018364,024111
