path,filename,sensor,tile,date,julian_date,hms,raster_crs,raster_left,raster_bottom,raster_right,raster_top,intersects_target
/home/ec2-user/ndvi_sqs_work/qinghai/raw/HLS-VI.S30.T46SEH.2018010T044141.v2.0.NDVI.tif,HLS-VI.S30.T46SEH.2018010T044141.v2.0.NDVI.tif,S30,T46SEH,2018-01-10,2018010,044141,EPSG:32646,499980.0,4190220.0,609780.0,4300020.0,True
/home/ec2-user/ndvi_sqs_work/qinghai/raw/HLS-VI.S30.T46SCB.2018012T043129.v2.0.NDVI.tif,HLS-VI.S30.T46SCB.2018012T043129.v2.0.NDVI.tif,S30,T46SCB,2018-01-12,2018012,043129,EPSG:32646,300000.0,3590220.0,409800.0,3700020.0,True
/home/ec2-user/ndvi_sqs_work/qinghai/raw/HLS-VI.S30.T46SCC.2018012T043129.v2.0.NDVI.tif,HLS-VI.S30.T46SCC.2018012T043129.v2.0.NDVI.tif,S30,T46SCC,2018-01-12,2018012,043129,EPSG:32646,300000.0,3690240.0,409800.0,3800040.0,True
/home/ec2-user/ndvi_sqs_work/qinghai/raw/HLS-VI.S30.T46SDC.2018012T043129.v2.0.NDVI.tif,HLS-VI.S30.T46SDC.2018012T043129.v2.0.NDVI.tif,S30,T46SDC,2018-01-12,2018012,043129,EPSG:32646,399960.0,3690240.0,509760.0,3800040.0,True
/home/ec2-user/ndvi_sqs_work/qinghai/raw/HLS-VI.S30.T46SEB.2018012T043129.v2.0.NDVI.tif,HLS-VI.S30.T46SEB.2018012T043129.v2.0.NDVI.tif,S30,T46SEB,2018-01-12,2018012,043129,EPSG:32646,499980.0,3590220.0,609780.0,3700020.0,True
/home/ec2-user/ndvi_sqs_work/qinghai/raw/HLS-VI.S30.T46SEC.2018012T043129.v2.0.NDVI.tif,HLS-VI.S30.T46SEC.2018012T043129.v2.0.NDVI.tif,S30,T46SEC,2018-01-12,2018012,043129,EPSG:32646,499980.0,3690240.0,609780.0,3800040.0,True
/home/ec2-user/ndvi_sqs_work/qinghai/raw/HLS-VI.S30.T46SED.2018012T043129.v2.0.NDVI.tif,HLS-VI.S30.T46SED.2018012T043129.v2.0.NDVI.tif,S30,T46SED,2018-01-12,2018012,043129,EPSG:32646,499980.0,3790200.0,609780.0,3900000.0,True
/home/ec2-user/ndvi_sqs_work/qinghai/raw/HLS-VI.S30.T46SFB.2018012T043129.v2.0.NDVI.tif,HLS-VI.S30.T46SFB.2018012T043129.v2.0.NDVI.tif,S30,T46SFB,2018-01-12,2018012,043129,EPSG:32646,600000.0,3590220.0,709800.0,3700020.0,True
/home/ec2-user/ndvi_sqs_work/qinghai/raw/HLS-VI.S30.T46SFD.2018012T043129.v2.0.NDVI.tif,HLS-VI.S30.T46SFD.2018012T043129.v2.0.NDVI.tif,S30,T46SFD,2018-01-12,2018012,043129,EPSG:32646,600000.0,3790200.0,709800.0,3900000.0,True
/home/ec2-user/ndvi_sqs_work/qinghai/raw/HLS-VI.S30.T46SFE.2018012T043129.v2.0.NDVI.tif,HLS-VI.S30.T46SFE.2018012T043129.v2.0.NDVI.tif,S30,T46SFE,2018-01-12,2018012,043129,EPSG:32646,600000.0,3890220.0,709800.0,4000020.0,True
/home/ec2-user/ndvi_sqs_work/qinghai/raw/HLS-VI.S30.T46SGC.2018012T043129.v2.0.NDVI.tif,HLS-VI.S30.T46SGC.2018012T043129.v2.0.NDVI.tif,S30,T46SGC,2018-01-12,2018012,043129,EPSG:32646,699960.0,3690240.0,809760.0,3800040.0,True
/home/ec2-user/ndvi_sqs_work/qinghai/raw/HLS-VI.S30.T46SGD.2018012T043129.v2.0.NDVI.tif,HLS-VI.S30.T46SGD.2018012T043129.v2.0.NDVI.tif,S30,T46SGD,2018-01-12,2018012,043129,EPSG:32646,699960.0,3790200.0,809760.0,3900000.0,True
/home/ec2-user/ndvi_sqs_work/qinghai/raw/HLS-VI.S30.T46SGE.2018012T043129.v2.0.NDVI.tif,HLS-VI.S30.T46SGE.2018012T043129.v2.0.NDVI.tif,S30,T46SGE,2018-01-12,2018012,043129,EPSG:32646,699960.0,3890220.0,809760.0,4000020.0,True
/home/ec2-user/ndvi_sqs_work/qinghai/raw/HLS-VI.S30.T48SUE.2018013T040119.v2.0.NDVI.tif,HLS-VI.S30.T48SUE.2018013T040119.v2.0.NDVI.tif,S30,T48SUE,2018-01-13,2018013,040119,EPSG:32648,300000.0,3890220.0,409800.0,4000020.0,True
/home/ec2-user/ndvi_sqs_work/qinghai/raw/HLS-VI.S30.T48SUF.2018013T040119.v2.0.NDVI.tif,HLS-VI.S30.T48SUF.2018013T040119.v2.0.NDVI.tif,S30,T48SUF,2018-01-13,2018013,040119,EPSG:32648,300000.0,3990240.0,409800.0,4100040.0,True
/home/ec2-user/ndvi_sqs_work/qinghai/raw/HLS-VI.S30.T47SQC.2018016T041109.v2.0.NDVI.tif,HLS-VI.S30.T47SQC.2018016T041109.v2.0.NDVI.tif,S30,T47SQC,2018-01-16,2018016,041109,EPSG:32647,699960.0,4190220.0,809760.0,4300020.0,True
/home/ec2-user/ndvi_sqs_work/qinghai/raw/HLS-VI.S30.T47SQS.2018020T035049.v2.0.NDVI.tif,HLS-VI.S30.T47SQS.2018020T035049.v2.0.NDVI.tif,S30,T47SQS,2018-01-20,2018020,035049,EPSG:32647,699960.0,3590220.0,809760.0,3700020.0,True
/home/ec2-user/ndvi_sqs_work/qinghai/raw/HLS-VI.S30.T47SQC.2018023T040039.v2.0.NDVI.tif,HLS-VI.S30.T47SQC.2018023T040039.v2.0.NDVI.tif,S30,T47SQC,2018-01-23,2018023,040039,EPSG:32647,699960.0,4190220.0,809760.0,4300020.0,True
/home/ec2-user/ndvi_sqs_work/qinghai/raw/HLS-VI.S30.T48SUF.2018023T040039.v2.0.NDVI.tif,HLS-VI.S30.T48SUF.2018023T040039.v2.0.NDVI.tif,S30,T48SUF,2018-01-23,2018023,040039,EPSG:32648,300000.0,3990240.0,409800.0,4100040.0,True
/home/ec2-user/ndvi_sqs_work/qinghai/raw/HLS-VI.S30.T47SLS.2018024T042041.v2.0.NDVI.tif,HLS-VI.S30.T47SLS.2018024T042041.v2.0.NDVI.tif,S30,T47SLS,2018-01-24,2018024,042041,EPSG:32647,300000.0,3590220.0,409800.0,3700020.0,True
/home/ec2-user/ndvi_sqs_work/qinghai/raw/HLS-VI.S30.T47SLT.2018024T042041.v2.0.NDVI.tif,HLS-VI.S30.T47SLT.2018024T042041.v2.0.NDVI.tif,S30,T47SLT,2018-01-24,2018024,042041,EPSG:32647,300000.0,3690240.0,409800.0,3800040.0,True
/home/ec2-user/ndvi_sqs_work/qinghai/raw/HLS-VI.S30.T47SPA.2018026T041029.v2.0.NDVI.tif,HLS-VI.S30.T47SPA.2018026T041029.v2.0.NDVI.tif,S30,T47SPA,2018-01-26,2018026,041029,EPSG:32647,600000.0,3990240.0,709800.0,4100040.0,True
/home/ec2-user/ndvi_sqs_work/qinghai/raw/HLS-VI.S30.T47SNS.2018033T035949.v2.0.NDVI.tif,HLS-VI.S30.T47SNS.2018033T035949.v2.0.NDVI.tif,S30,T47SNS,2018-02-02,2018033,035949,EPSG:32647,499980.0,3590220.0,609780.0,3700020.0,True
/home/ec2-user/ndvi_sqs_work/qinghai/raw/HLS-VI.S30.T46SGD.2018037T042941.v2.0.NDVI.tif,HLS-VI.S30.T46SGD.2018037T042941.v2.0.NDVI.tif,S30,T46SGD,2018-02-06,2018037,042941,EPSG:32646,699960.0,3790200.0,809760.0,3900000.0,True
/home/ec2-user/ndvi_sqs_work/qinghai/raw/HLS-VI.S30.T46SGD.2018044T041901.v2.0.NDVI.tif,HLS-VI.S30.T46SGD.2018044T041901.v2.0.NDVI.tif,S30,T46SGD,2018-02-13,2018044,041901,EPSG:32646,699960.0,3790200.0,809760.0,3900000.0,True
/home/ec2-user/ndvi_sqs_work/qinghai/raw/HLS-VI.S30.T47SKU.2018044T041901.v2.0.NDVI.tif,HLS-VI.S30.T47SKU.2018044T041901.v2.0.NDVI.tif,S30,T47SKU,2018-02-13,2018044,041901,EPSG:32647,199980.0,3790200.0,309780.0,3900000.0,True
/home/ec2-user/ndvi_sqs_work/qinghai/raw/HLS-VI.S30.T47SKV.2018047T042841.v2.0.NDVI.tif,HLS-VI.S30.T47SKV.2018047T042841.v2.0.NDVI.tif,S30,T47SKV,2018-02-16,2018047,042841,EPSG:32647,199980.0,3890220.0,309780.0,4000020.0,True
/home/ec2-user/ndvi_sqs_work/qinghai/raw/HLS-VI.S30.T47SQV.2018048T035821.v2.0.NDVI.tif,HLS-VI.S30.T47SQV.2018048T035821.v2.0.NDVI.tif,S30,T47SQV,2018-02-17,2018048,035821,EPSG:32647,699960.0,3890220.0,809760.0,4000020.0,True
/home/ec2-user/ndvi_sqs_work/qinghai/raw/HLS-VI.S30.T46SEG.2018055T043749.v2.0.NDVI.tif,HLS-VI.S30.T46SEG.2018055T043749.v2.0.NDVI.tif,S30,T46SEG,2018-02-24,2018055,043749,EPSG:32646,499980.0,4090200.0,609780.0,4200000.0,True
/home/ec2-user/ndvi_sqs_work/qinghai/raw/HLS-VI.S30.T47SPT.2018056T040729.v2.0.NDVI.tif,HLS-VI.S30.T47SPT.2018056T040729.v2.0.NDVI.tif,S30,T47SPT,2018-02-25,2018056,040729,EPSG:32647,600000.0,3690240.0,709800.0,3800040.0,True
/home/ec2-user/ndvi_sqs_work/qinghai/raw/HLS-VI.S30.T46SCJ.2018060T043721.v2.0.NDVI.tif,HLS-VI.S30.T46SCJ.2018060T043721.v2.0.NDVI.tif,S30,T46SCJ,2018-03-01,2018060,043721,EPSG:32646,300000.0,4290240.0,409800.0,4400040.0,True
/home/ec2-user/ndvi_sqs_work/qinghai/raw/HLS-VI.S30.T46SDH.2018060T043721.v2.0.NDVI.tif,HLS-VI.S30.T46SDH.2018060T043721.v2.0.NDVI.tif,S30,T46SDH,2018-03-01,2018060,043721,EPSG:32646,399960.0,4190220.0,509760.0,4300020.0,True
/home/ec2-user/ndvi_sqs_work/qinghai/raw/HLS-VI.S30.T46SDJ.2018060T043721.v2.0.NDVI.tif,HLS-VI.S30.T46SDJ.2018060T043721.v2.0.NDVI.tif,S30,T46SDJ,2018-03-01,2018060,043721,EPSG:32646,399960.0,4290240.0,509760.0,4400040.0,True
/home/ec2-user/ndvi_sqs_work/qinghai/raw/HLS-VI.S30.T46SEG.2018060T043721.v2.0.NDVI.tif,HLS-VI.S30.T46SEG.2018060T043721.v2.0.NDVI.tif,S30,T46SEG,2018-03-01,2018060,043721,EPSG:32646,499980.0,4090200.0,609780.0,4200000.0,True
/home/ec2-user/ndvi_sqs_work/qinghai/raw/HLS-VI.S30.T46SEH.2018060T043721.v2.0.NDVI.tif,HLS-VI.S30.T46SEH.2018060T043721.v2.0.NDVI.tif,S30,T46SEH,2018-03-01,2018060,043721,EPSG:32646,499980.0,4190220.0,609780.0,4300020.0,True
/home/ec2-user/ndvi_sqs_work/qinghai/raw/HLS-VI.S30.T47SQU.2018060T034649.v2.0.NDVI.tif,HLS-VI.S30.T47SQU.2018060T034649.v2.0.NDVI.tif,S30,T47SQU,2018-03-01,2018060,034649,EPSG:32647,699960.0,3790200.0,809760.0,3900000.0,True
/home/ec2-user/ndvi_sqs_work/qinghai/raw/HLS-VI.S30.T48STC.2018060T034649.v2.0.NDVI.tif,HLS-VI.S30.T48STC.2018060T034649.v2.0.NDVI.tif,S30,T48STC,2018-03-01,2018060,034649,EPSG:32648,199980.0,3690240.0,309780.0,3800040.0,True
/home/ec2-user/ndvi_sqs_work/qinghai/raw/HLS-VI.S30.T48STD.2018060T034649.v2.0.NDVI.tif,HLS-VI.S30.T48STD.2018060T034649.v2.0.NDVI.tif,S30,T48STD,2018-03-01,2018060,034649,EPSG:32648,199980.0,3790200.0,309780.0,3900000.0,True
/home/ec2-user/ndvi_sqs_work/qinghai/raw/HLS-VI.S30.T48STE.2018060T034649.v2.0.NDVI.tif,HLS-VI.S30.T48STE.2018060T034649.v2.0.NDVI.tif,S30,T48STE,2018-03-01,2018060,034649,EPSG:32648,199980.0,3890220.0,309780.0,4000020.0,True
/home/ec2-user/ndvi_sqs_work/qinghai/raw/HLS-VI.S30.T48SUE.2018060T034649.v2.0.NDVI.tif,HLS-VI.S30.T48SUE.2018060T034649.v2.0.NDVI.tif,S30,T48SUE,2018-03-01,2018060,034649,EPSG:32648,300000.0,3890220.0,409800.0,4000020.0,True
/home/ec2-user/ndvi_sqs_work/qinghai/raw/HLS-VI.S30.T48SUF.2018060T034649.v2.0.NDVI.tif,HLS-VI.S30.T48SUF.2018060T034649.v2.0.NDVI.tif,S30,T48SUF,2018-03-01,2018060,034649,EPSG:32648,300000.0,3990240.0,409800.0,4100040.0,True
/home/ec2-user/ndvi_sqs_work/qinghai/raw/HLS-VI.S30.T47SLA.2018061T040701.v2.0.NDVI.tif,HLS-VI.S30.T47SLA.2018061T040701.v2.0.NDVI.tif,S30,T47SLA,2018-03-02,2018061,040701,EPSG:32647,300000.0,3990240.0,409800.0,4100040.0,True
/home/ec2-user/ndvi_sqs_work/qinghai/raw/HLS-VI.S30.T47SLB.2018061T040701.v2.0.NDVI.tif,HLS-VI.S30.T47SLB.2018061T040701.v2.0.NDVI.tif,S30,T47SLB,2018-03-02,2018061,040701,EPSG:32647,300000.0,4090200.0,409800.0,4200000.0,True
/home/ec2-user/ndvi_sqs_work/qinghai/raw/HLS-VI.S30.T47SPA.2018061T040701.v2.0.NDVI.tif,HLS-VI.S30.T47SPA.2018061T040701.v2.0.NDVI.tif,S30,T47SPA,2018-03-02,2018061,040701,EPSG:32647,600000.0,3990240.0,709800.0,4100040.0,True
/home/ec2-user/ndvi_sqs_work/qinghai/raw/HLS-VI.S30.T47SPV.2018061T040701.v2.0.NDVI.tif,HLS-VI.S30.T47SPV.2018061T040701.v2.0.NDVI.tif,S30,T47SPV,2018-03-02,2018061,040701,EPSG:32647,600000.0,3890220.0,709800.0,4000020.0,True
/home/ec2-user/ndvi_sqs_work/qinghai/raw/HLS-VI.S30.T47SNA.2018063T035629.v2.0.NDVI.tif,HLS-VI.S30.T47SNA.2018063T035629.v2.0.NDVI.tif,S30,T47SNA,2018-03-04,2018063,035629,EPSG:32647,499980.0,3990240.0,609780.0,4100040.0,True
/home/ec2-user/ndvi_sqs_work/qinghai/raw/HLS-VI.S30.T47SPA.2018063T035629.v2.0.NDVI.tif,HLS-VI.S30.T47SPA.2018063T035629.v2.0.NDVI.tif,S30,T47SPA,2018-03-04,2018063,035629,EPSG:32647,600000.0,3990240.0,709800.0,4100040.0,True
/home/ec2-user/ndvi_sqs_work/qinghai/raw/HLS-VI.S30.T47SQC.2018063T035629.v2.0.NDVI.tif,HLS-VI.S30.T47SQC.2018063T035629.v2.0.NDVI.tif,S30,T47SQC,2018-03-04,2018063,035629,EPSG:32647,699960.0,4190220.0,809760.0,4300020.0,True
/home/ec2-user/ndvi_sqs_work/qinghai/raw/HLS-VI.S30.T48SUF.2018068T035601.v2.0.NDVI.tif,HLS-VI.S30.T48SUF.2018068T035601.v2.0.NDVI.tif,S30,T48SUF,2018-03-09,2018068,035601,EPSG:32648,300000.0,3990240.0,409800.0,4100040.0,True
/home/ec2-user/ndvi_sqs_work/qinghai/raw/HLS-VI.S30.T48STF.2018070T034539.v2.0.NDVI.tif,HLS-VI.S30.T48STF.2018070T034539.v2.0.NDVI.tif,S30,T48STF,2018-03-11,2018070,034539,EPSG:32648,199980.0,3990240.0,309780.0,4100040.0,True
/home/ec2-user/ndvi_sqs_work/qinghai/raw/HLS-VI.S30.T48SUE.2018070T034539.v2.0.NDVI.tif,HLS-VI.S30.T48SUE.2018070T034539.v2.0.NDVI.tif,S30,T48SUE,2018-03-11,2018070,034539,EPSG:32648,300000.0,3890220.0,409800.0,4000020.0,True
/home/ec2-user/ndvi_sqs_work/qinghai/raw/HLS-VI.S30.T48SUF.2018070T034539.v2.0.NDVI.tif,HLS-VI.S30.T48SUF.2018070T034539.v2.0.NDVI.tif,S30,T48SUF,2018-03-11,2018070,034539,EPSG:32648,300000.0,3990240.0,409800.0,4100040.0,True
/home/ec2-user/ndvi_sqs_work/qinghai/raw/HLS-VI.S30.T47SPA.2018071T040551.v2.0.NDVI.tif,HLS-VI.S30.T47SPA.2018071T040551.v2.0.NDVI.tif,S30,T47SPA,2018-03-12,2018071,040551,EPSG:32647,600000.0,3990240.0,709800.0,4100040.0,True
/home/ec2-user/ndvi_sqs_work/qinghai/raw/HLS-VI.S30.T47SQC.2018071T040551.v2.0.NDVI.tif,HLS-VI.S30.T47SQC.2018071T040551.v2.0.NDVI.tif,S30,T47SQC,2018-03-12,2018071,040551,EPSG:32647,699960.0,4190220.0,809760.0,4300020.0,True
/home/ec2-user/ndvi_sqs_work/qinghai/raw/HLS-VI.S30.T46SFD.2018072T042659.v2.0.NDVI.tif,HLS-VI.S30.T46SFD.2018072T042659.v2.0.NDVI.tif,S30,T46SFD,2018-03-13,2018072,042659,EPSG:32646,600000.0,3790200.0,709800.0,3900000.0,True
/home/ec2-user/ndvi_sqs_work/qinghai/raw/HLS-VI.S30.T48STB.2018073T035529.v2.0.NDVI.tif,HLS-VI.S30.T48STB.2018073T035529.v2.0.NDVI.tif,S30,T48STB,2018-03-14,2018073,035529,EPSG:32648,199980.0,3590220.0,309780.0,3700020.0,True
/home/ec2-user/ndvi_sqs_work/qinghai/raw/HLS-VI.S30.T48SUE.2018073T035529.v2.0.NDVI.tif,HLS-VI.S30.T48SUE.2018073T035529.v2.0.NDVI.tif,S30,T48SUE,2018-03-14,2018073,035529,EPSG:32648,300000.0,3890220.0,409800.0,4000020.0,True
/home/ec2-user/ndvi_sqs_work/qinghai/raw/HLS-VI.S30.T47SMU.2018074T041541.v2.0.NDVI.tif,HLS-VI.S30.T47SMU.2018074T041541.v2.0.NDVI.tif,S30,T47SMU,2018-03-15,2018074,041541,EPSG:32647,399960.0,3790200.0,509760.0,3900000.0,True
/home/ec2-user/ndvi_sqs_work/qinghai/raw/HLS-VI.S30.T46SBH.2018075T043659.v2.0.NDVI.tif,HLS-VI.S30.T46SBH.2018075T043659.v2.0.NDVI.tif,S30,T46SBH,2018-03-16,2018075,043659,EPSG:32646,199980.0,4190220.0,309780.0,4300020.0,True
/home/ec2-user/ndvi_sqs_work/qinghai/raw/HLS-VI.S30.T46SDJ.2018075T043659.v2.0.NDVI.tif,HLS-VI.S30.T46SDJ.2018075T043659.v2.0.NDVI.tif,S30,T46SDJ,2018-03-16,2018075,043659,EPSG:32646,399960.0,4290240.0,509760.0,4400040.0,True
/home/ec2-user/ndvi_sqs_work/qinghai/raw/HLS-VI.S30.T46SEG.2018075T043659.v2.0.NDVI.tif,HLS-VI.S30.T46SEG.2018075T043659.v2.0.NDVI.tif,S30,T46SEG,2018-03-16,2018075,043659,EPSG:32646,499980.0,4090200.0,609780.0,4200000.0,True
/home/ec2-user/ndvi_sqs_work/qinghai/raw/HLS-VI.S30.T46SEH.2018075T043659.v2.0.NDVI.tif,HLS-VI.S30.T46SEH.2018075T043659.v2.0.NDVI.tif,S30,T46SEH,2018-03-16,2018075,043659,EPSG:32646,499980.0,4190220.0,609780.0,4300020.0,True
/home/ec2-user/ndvi_sqs_work/qinghai/raw/HLS-VI.S30.T46SEJ.2018075T043659.v2.0.NDVI.tif,HLS-VI.S30.T46SEJ.2018075T043659.v2.0.NDVI.tif,S30,T46SEJ,2018-03-16,2018075,043659,EPSG:32646,499980.0,4290240.0,609780.0,4400040.0,True
/home/ec2-user/ndvi_sqs_work/qinghai/raw/HLS-VI.S30.T46SFH.2018075T043659.v2.0.NDVI.tif,HLS-VI.S30.T46SFH.2018075T043659.v2.0.NDVI.tif,S30,T46SFH,2018-03-16,2018075,043659,EPSG:32646,600000.0,4190220.0,709800.0,4300020.0,True
/home/ec2-user/ndvi_sqs_work/qinghai/raw/HLS-VI.S30.T47SQT.2018075T034531.v2.0.NDVI.tif,HLS-VI.S30.T47SQT.2018075T034531.v2.0.NDVI.tif,S30,T47SQT,2018-03-16,2018075,034531,EPSG:32647,699960.0,3690240.0,809760.0,3800040.0,True
/home/ec2-user/ndvi_sqs_work/qinghai/raw/HLS-VI.S30.T47SQU.2018075T034531.v2.0.NDVI.tif,HLS-VI.S30.T47SQU.2018075T034531.v2.0.NDVI.tif,S30,T47SQU,2018-03-16,2018075,034531,EPSG:32647,699960.0,3790200.0,809760.0,3900000.0,True
/home/ec2-user/ndvi_sqs_work/qinghai/raw/HLS-VI.S30.T48STC.2018075T034531.v2.0.NDVI.tif,HLS-VI.S30.T48STC.2018075T034531.v2.0.NDVI.tif,S30,T48STC,2018-03-16,2018075,034531,EPSG:32648,199980.0,3690240.0,309780.0,3800040.0,True
/home/ec2-user/ndvi_sqs_work/qinghai/raw/HLS-VI.S30.T48STD.2018075T034531.v2.0.NDVI.tif,HLS-VI.S30.T48STD.2018075T034531.v2.0.NDVI.tif,S30,T48STD,2018-03-16,2018075,034531,EPSG:32648,199980.0,3790200.0,309780.0,3900000.0,True
/home/ec2-user/ndvi_sqs_work/qinghai/raw/HLS-VI.S30.T48STE.2018075T034531.v2.0.NDVI.tif,HLS-VI.S30.T48STE.2018075T034531.v2.0.NDVI.tif,S30,T48STE,2018-03-16,2018075,034531,EPSG:32648,199980.0,3890220.0,309780.0,4000020.0,True
/home/ec2-user/ndvi_sqs_work/qinghai/raw/HLS-VI.S30.T47SNV.2018078T035531.v2.0.NDVI.tif,HLS-VI.S30.T47SNV.2018078T035531.v2.0.NDVI.tif,S30,T47SNV,2018-03-19,2018078,035531,EPSG:32647,499980.0,3890220.0,609780.0,4000020.0,True
/home/ec2-user/ndvi_sqs_work/qinghai/raw/HLS-VI.S30.T47SPV.2018078T035531.v2.0.NDVI.tif,HLS-VI.S30.T47SPV.2018078T035531.v2.0.NDVI.tif,S30,T47SPV,2018-03-19,2018078,035531,EPSG:32647,600000.0,3890220.0,709800.0,4000020.0,True
/home/ec2-user/ndvi_sqs_work/qinghai/raw/HLS-VI.S30.T48STF.2018078T035531.v2.0.NDVI.tif,HLS-VI.S30.T48STF.2018078T035531.v2.0.NDVI.tif,S30,T48STF,2018-03-19,2018078,035531,EPSG:32648,199980.0,3990240.0,309780.0,4100040.0,True
/home/ec2-user/ndvi_sqs_work/qinghai/raw/HLS-VI.S30.T48SUE.2018078T035531.v2.0.NDVI.tif,HLS-VI.S30.T48SUE.2018078T035531.v2.0.NDVI.tif,S30,T48SUE,2018-03-19,2018078,035531,EPSG:32648,300000.0,3890220.0,409800.0,4000020.0,True
/home/ec2-user/ndvi_sqs_work/qinghai/raw/HLS-VI.S30.T48SUF.2018078T035531.v2.0.NDVI.tif,HLS-VI.S30.T48SUF.2018078T035531.v2.0.NDVI.tif,S30,T48SUF,2018-03-19,2018078,035531,EPSG:32648,300000.0,3990240.0,409800.0,4100040.0,True
/home/ec2-user/ndvi_sqs_work/qinghai/raw/HLS-VI.S30.T46SEB.2018079T041539.v2.0.NDVI.tif,HLS-VI.S30.T46SEB.2018079T041539.v2.0.NDVI.tif,S30,T46SEB,2018-03-20,2018079,041539,EPSG:32646,499980.0,3590220.0,609780.0,3700020.0,True
/home/ec2-user/ndvi_sqs_work/qinghai/raw/HLS-VI.S30.T46SGF.2018079T041539.v2.0.NDVI.tif,HLS-VI.S30.T46SGF.2018079T041539.v2.0.NDVI.tif,S30,T46SGF,2018-03-20,2018079,041539,EPSG:32646,699960.0,3990240.0,809760.0,4100040.0,True
/home/ec2-user/ndvi_sqs_work/qinghai/raw/HLS-VI.S30.T47SKA.2018079T041539.v2.0.NDVI.tif,HLS-VI.S30.T47SKA.2018079T041539.v2.0.NDVI.tif,S30,T47SKA,2018-03-20,2018079,041539,EPSG:32647,199980.0,3990240.0,309780.0,4100040.0,True
/home/ec2-user/ndvi_sqs_work/qinghai/raw/HLS-VI.S30.T47SLA.2018079T041539.v2.0.NDVI.tif,HLS-VI.S30.T47SLA.2018079T041539.v2.0.NDVI.tif,S30,T47SLA,2018-03-20,2018079,041539,EPSG:32647,300000.0,3990240.0,409800.0,4100040.0,True
/home/ec2-user/ndvi_sqs_work/qinghai/raw/HLS-VI.S30.T46SDJ.2018080T043701.v2.0.NDVI.tif,HLS-VI.S30.T46SDJ.2018080T043701.v2.0.NDVI.tif,S30,T46SDJ,2018-03-21,2018080,043701,EPSG:32646,399960.0,4290240.0,509760.0,4400040.0,True
/home/ec2-user/ndvi_sqs_work/qinghai/raw/HLS-VI.S30.T46SEJ.2018080T043701.v2.0.NDVI.tif,HLS-VI.S30.T46SEJ.2018080T043701.v2.0.NDVI.tif,S30,T46SEJ,2018-03-21,2018080,043701,EPSG:32646,499980.0,4290240.0,609780.0,4400040.0,True
/home/ec2-user/ndvi_sqs_work/qinghai/raw/HLS-VI.S30.T47SKS.2018081T040701.v2.0.NDVI.tif,HLS-VI.S30.T47SKS.2018081T040701.v2.0.NDVI.tif,S30,T47SKS,2018-03-22,2018081,040701,EPSG:32647,199980.0,3590220.0,309780.0,3700020.0,True
/home/ec2-user/ndvi_sqs_work/qinghai/raw/HLS-VI.S30.T47SKT.2018081T040701.v2.0.NDVI.tif,HLS-VI.S30.T47SKT.2018081T040701.v2.0.NDVI.tif,S30,T47SKT,2018-03-22,2018081,040701,EPSG:32647,199980.0,3690240.0,309780.0,3800040.0,True
/home/ec2-user/ndvi_sqs_work/qinghai/raw/HLS-VI.S30.T47SMS.2018081T040701.v2.0.NDVI.tif,HLS-VI.S30.T47SMS.2018081T040701.v2.0.NDVI.tif,S30,T47SMS,2018-03-22,2018081,040701,EPSG:32647,399960.0,3590220.0,509760.0,3700020.0,True
/home/ec2-user/ndvi_sqs_work/qinghai/raw/HLS-VI.S30.T47SND.2018081T040701.v2.0.NDVI.tif,HLS-VI.S30.T47SND.2018081T040701.v2.0.NDVI.tif,S30,T47SND,2018-03-22,2018081,040701,EPSG:32647,499980.0,4290240.0,609780.0,4400040.0,True
/home/ec2-user/ndvi_sqs_work/qinghai/raw/HLS-VI.S30.T47SNS.2018081T040701.v2.0.NDVI.tif,HLS-VI.S30.T47SNS.2018081T040701.v2.0.NDVI.tif,S30,T47SNS,2018-03-22,2018081,040701,EPSG:32647,499980.0,3590220.0,609780.0,3700020.0,True
/home/ec2-user/ndvi_sqs_work/qinghai/raw/HLS-VI.S30.T47SPA.2018081T040701.v2.0.NDVI.tif,HLS-VI.S30.T47SPA.2018081T040701.v2.0.NDVI.tif,S30,T47SPA,2018-03-22,2018081,040701,EPSG:32647,600000.0,3990240.0,709800.0,4100040.0,True
/home/ec2-user/ndvi_sqs_work/qinghai/raw/HLS-VI.S30.T47SPC.2018081T040701.v2.0.NDVI.tif,HLS-VI.S30.T47SPC.2018081T040701.v2.0.NDVI.tif,S30,T47SPC,2018-03-22,2018081,040701,EPSG:32647,600000.0,4190220.0,709800.0,4300020.0,True
/home/ec2-user/ndvi_sqs_work/qinghai/raw/HLS-VI.S30.T47SPT.2018081T040701.v2.0.NDVI.tif,HLS-VI.S30.T47SPT.2018081T040701.v2.0.NDVI.tif,S30,T47SPT,2018-03-22,2018081,040701,EPSG:32647,600000.0,3690240.0,709800.0,3800040.0,True
/home/ec2-user/ndvi_sqs_work/qinghai/raw/HLS-VI.S30.T47SQC.2018081T040701.v2.0.NDVI.tif,HLS-VI.S30.T47SQC.2018081T040701.v2.0.NDVI.tif,S30,T47SQC,2018-03-22,2018081,040701,EPSG:32647,699960.0,4190220.0,809760.0,4300020.0,True
/home/ec2-user/ndvi_sqs_work/qinghai/raw/HLS-VI.S30.T46SCH.2018083T044701.v2.0.NDVI.tif,HLS-VI.S30.T46SCH.2018083T044701.v2.0.NDVI.tif,S30,T46SCH,2018-03-24,2018083,044701,EPSG:32646,300000.0,4190220.0,409800.0,4300020.0,True
/home/ec2-user/ndvi_sqs_work/qinghai/raw/HLS-VI.S30.T46SCJ.2018083T044701.v2.0.NDVI.tif,HLS-VI.S30.T46SCJ.2018083T044701.v2.0.NDVI.tif,S30,T46SCJ,2018-03-24,2018083,044701,EPSG:32646,300000.0,4290240.0,409800.0,4400040.0,True
/home/ec2-user/ndvi_sqs_work/qinghai/raw/HLS-VI.S30.T47SKR.2018084T041701.v2.0.NDVI.tif,HLS-VI.S30.T47SKR.2018084T041701.v2.0.NDVI.tif,S30,T47SKR,2018-03-25,2018084,041701,EPSG:32647,199980.0,3490200.0,309780.0,3600000.0,True
/home/ec2-user/ndvi_sqs_work/qinghai/raw/HLS-VI.S30.T47SLR.2018084T041701.v2.0.NDVI.tif,HLS-VI.S30.T47SLR.2018084T041701.v2.0.NDVI.tif,S30,T47SLR,2018-03-25,2018084,041701,EPSG:32647,300000.0,3490200.0,409800.0,3600000.0,True
/home/ec2-user/ndvi_sqs_work/qinghai/raw/HLS-VI.S30.T46SEG.2018085T043659.v2.0.NDVI.tif,HLS-VI.S30.T46SEG.2018085T043659.v2.0.NDVI.tif,S30,T46SEG,2018-03-26,2018085,043659,EPSG:32646,499980.0,4090200.0,609780.0,4200000.0,True
/home/ec2-user/ndvi_sqs_work/qinghai/raw/HLS-VI.S30.T47SPV.2018086T040539.v2.0.NDVI.tif,HLS-VI.S30.T47SPV.2018086T040539.v2.0.NDVI.tif,S30,T47SPV,2018-03-27,2018086,040539,EPSG:32647,600000.0,3890220.0,709800.0,4000020.0,True
/home/ec2-user/ndvi_sqs_work/qinghai/raw/HLS-VI.S30.T46SGE.2018087T042701.v2.0.NDVI.tif,HLS-VI.S30.T46SGE.2018087T042701.v2.0.NDVI.tif,S30,T46SGE,2018-03-28,2018087,042701,EPSG:32646,699960.0,3890220.0,809760.0,4000020.0,True
/home/ec2-user/ndvi_sqs_work/qinghai/raw/HLS-VI.S30.T47SKV.2018087T042701.v2.0.NDVI.tif,HLS-VI.S30.T47SKV.2018087T042701.v2.0.NDVI.tif,S30,T47SKV,2018-03-28,2018087,042701,EPSG:32647,199980.0,3890220.0,309780.0,4000020.0,True
/home/ec2-user/ndvi_sqs_work/qinghai/raw/HLS-VI.S30.T47SNA.2018088T035711.v2.0.NDVI.tif,HLS-VI.S30.T47SNA.2018088T035711.v2.0.NDVI.tif,S30,T47SNA,2018-03-29,2018088,035711,EPSG:32647,499980.0,3990240.0,609780.0,4100040.0,True
/home/ec2-user/ndvi_sqs_work/qinghai/raw/HLS-VI.S30.T47SNS.2018088T035711.v2.0.NDVI.tif,HLS-VI.S30.T47SNS.2018088T035711.v2.0.NDVI.tif,S30,T47SNS,2018-03-29,2018088,035711,EPSG:32647,499980.0,3590220.0,609780.0,3700020.0,True
/home/ec2-user/ndvi_sqs_work/qinghai/raw/HLS-VI.S30.T47SNT.2018088T035711.v2.0.NDVI.tif,HLS-VI.S30.T47SNT.2018088T035711.v2.0.NDVI.tif,S30,T47SNT,2018-03-29,2018088,035711,EPSG:32647,499980.0,3690240.0,609780.0,3800040.0,True
/home/ec2-user/ndvi_sqs_work/qinghai/raw/HLS-VI.S30.T47SNU.2018088T035711.v2.0.NDVI.tif,HLS-VI.S30.T47SNU.2018088T035711.v2.0.NDVI.tif,S30,T47SNU,2018-03-29,2018088,035711,EPSG:32647,499980.0,3790200.0,609780.0,3900000.0,True
/home/ec2-user/ndvi_sqs_work/qinghai/raw/HLS-VI.S30.T47SNV.2018088T035711.v2.0.NDVI.tif,HLS-VI.S30.T47SNV.2018088T035711.v2.0.NDVI.tif,S30,T47SNV,2018-03-29,2018088,035711,EPSG:32647,499980.0,3890220.0,609780.0,4000020.0,True
/home/ec2-user/ndvi_sqs_work/qinghai/raw/HLS-VI.S30.T47SPA.2018088T035711.v2.0.NDVI.tif,HLS-VI.S30.T47SPA.2018088T035711.v2.0.NDVI.tif,S30,T47SPA,2018-03-29,2018088,035711,EPSG:32647,600000.0,3990240.0,709800.0,4100040.0,True
/home/ec2-user/ndvi_sqs_work/qinghai/raw/HLS-VI.S30.T47SPS.2018088T035711.v2.0.NDVI.tif,HLS-VI.S30.T47SPS.2018088T035711.v2.0.NDVI.tif,S30,T47SPS,2018-03-29,2018088,035711,EPSG:32647,600000.0,3590220.0,709800.0,3700020.0,True
/home/ec2-user/ndvi_sqs_work/qinghai/raw/HLS-VI.S30.T47SPT.2018088T035711.v2.0.NDVI.tif,HLS-VI.S30.T47SPT.2018088T035711.v2.0.NDVI.tif,S30,T47SPT,2018-03-29,2018088,035711,EPSG:32647,600000.0,3690240.0,709800.0,3800040.0,True
/home/ec2-user/ndvi_sqs_work/qinghai/raw/HLS-VI.S30.T47SPU.2018088T035711.v2.0.NDVI.tif,HLS-VI.S30.T47SPU.2018088T035711.v2.0.NDVI.tif,S30,T47SPU,2018-03-29,2018088,035711,EPSG:32647,600000.0,3790200.0,709800.0,3900000.0,True
/home/ec2-user/ndvi_sqs_work/qinghai/raw/HLS-VI.S30.T47SPV.2018088T035711.v2.0.NDVI.tif,HLS-VI.S30.T47SPV.2018088T035711.v2.0.NDVI.tif,S30,T47SPV,2018-03-29,2018088,035711,EPSG:32647,600000.0,3890220.0,709800.0,4000020.0,True
/home/ec2-user/ndvi_sqs_work/qinghai/raw/HLS-VI.S30.T47SQS.2018088T035711.v2.0.NDVI.tif,HLS-VI.S30.T47SQS.2018088T035711.v2.0.NDVI.tif,S30,T47SQS,2018-03-29,2018088,035711,EPSG:32647,699960.0,3590220.0,809760.0,3700020.0,True
/home/ec2-user/ndvi_sqs_work/qinghai/raw/HLS-VI.S30.T47SQT.2018088T035711.v2.0.NDVI.tif,HLS-VI.S30.T47SQT.2018088T035711.v2.0.NDVI.tif,S30,T47SQT,2018-03-29,2018088,035711,EPSG:32647,699960.0,3690240.0,809760.0,3800040.0,True
/home/ec2-user/ndvi_sqs_work/qinghai/raw/HLS-VI.S30.T47SQU.2018088T035711.v2.0.NDVI.tif,HLS-VI.S30.T47SQU.2018088T035711.v2.0.NDVI.tif,S30,T47SQU,2018-03-29,2018088,035711,EPSG:32647,699960.0,3790200.0,809760.0,3900000.0,True
/home/ec2-user/ndvi_sqs_work/qinghai/raw/HLS-VI.S30.T47SQV.2018088T035711.v2.0.NDVI.tif,HLS-VI.S30.T47SQV.2018088T035711.v2.0.NDVI.tif,S30,T47SQV,2018-03-29,2018088,035711,EPSG:32647,699960.0,3890220.0,809760.0,4000020.0,True
/home/ec2-user/ndvi_sqs_work/qinghai/raw/HLS-VI.S30.T48STB.2018088T035711.v2.0.NDVI.tif,HLS-VI.S30.T48STB.2018088T035711.v2.0.NDVI.tif,S30,T48STB,2018-03-29,2018088,035711,EPSG:32648,199980.0,3590220.0,309780.0,3700020.0,True
/home/ec2-user/ndvi_sqs_work/qinghai/raw/HLS-VI.S30.T48STC.2018088T035711.v2.0.NDVI.tif,HLS-VI.S30.T48STC.2018088T035711.v2.0.NDVI.tif,S30,T48STC,2018-03-29,2018088,035711,EPSG:32648,199980.0,3690240.0,309780.0,3800040.0,True
/home/ec2-user/ndvi_sqs_work/qinghai/raw/HLS-VI.S30.T48STD.2018088T035711.v2.0.NDVI.tif,HLS-VI.S30.T48STD.2018088T035711.v2.0.NDVI.tif,S30,T48STD,2018-03-29,2018088,035711,EPSG:32648,199980.0,3790200.0,309780.0,3900000.0,True
/home/ec2-user/ndvi_sqs_work/qinghai/raw/HLS-VI.S30.T48STE.2018088T035711.v2.0.NDVI.tif,HLS-VI.S30.T48STE.2018088T035711.v2.0.NDVI.tif,S30,T48STE,2018-03-29,2018088,035711,EPSG:32648,199980.0,3890220.0,309780.0,4000020.0,True
/home/ec2-user/ndvi_sqs_work/qinghai/raw/HLS-VI.S30.T48SUE.2018088T035711.v2.0.NDVI.tif,HLS-VI.S30.T48SUE.2018088T035711.v2.0.NDVI.tif,S30,T48SUE,2018-03-29,2018088,035711,EPSG:32648,300000.0,3890220.0,409800.0,4000020.0,True
/home/ec2-user/ndvi_sqs_work/qinghai/raw/HLS-VI.S30.T48SUF.2018088T035711.v2.0.NDVI.tif,HLS-VI.S30.T48SUF.2018088T035711.v2.0.NDVI.tif,S30,T48SUF,2018-03-29,2018088,035711,EPSG:32648,300000.0,3990240.0,409800.0,4100040.0,True
/home/ec2-user/ndvi_sqs_work/qinghai/raw/HLS-VI.S30.T47SND.2018089T041659.v2.0.NDVI.tif,HLS-VI.S30.T47SND.2018089T041659.v2.0.NDVI.tif,S30,T47SND,2018-03-30,2018089,041659,EPSG:32647,499980.0,4290240.0,609780.0,4400040.0,True
/home/ec2-user/ndvi_sqs_work/qinghai/raw/HLS-VI.S30.T47SLA.2018091T040541.v2.0.NDVI.tif,HLS-VI.S30.T47SLA.2018091T040541.v2.0.NDVI.tif,S30,T47SLA,2018-04-01,2018091,040541,EPSG:32647,300000.0,3990240.0,409800.0,4100040.0,True
/home/ec2-user/ndvi_sqs_work/qinghai/raw/HLS-VI.S30.T47SPA.2018091T040541.v2.0.NDVI.tif,HLS-VI.S30.T47SPA.2018091T040541.v2.0.NDVI.tif,S30,T47SPA,2018-04-01,2018091,040541,EPSG:32647,600000.0,3990240.0,709800.0,4100040.0,True
/home/ec2-user/ndvi_sqs_work/qinghai/raw/HLS-VI.S30.T47SPB.2018091T040541.v2.0.NDVI.tif,HLS-VI.S30.T47SPB.2018091T040541.v2.0.NDVI.tif,S30,T47SPB,2018-04-01,2018091,040541,EPSG:32647,600000.0,4090200.0,709800.0,4200000.0,True
/home/ec2-user/ndvi_sqs_work/qinghai/raw/HLS-VI.S30.T47SPV.2018091T040541.v2.0.NDVI.tif,HLS-VI.S30.T47SPV.2018091T040541.v2.0.NDVI.tif,S30,T47SPV,2018-04-01,2018091,040541,EPSG:32647,600000.0,3890220.0,709800.0,4000020.0,True
/home/ec2-user/ndvi_sqs_work/qinghai/raw/HLS-VI.S30.T47SQB.2018091T040541.v2.0.NDVI.tif,HLS-VI.S30.T47SQB.2018091T040541.v2.0.NDVI.tif,S30,T47SQB,2018-04-01,2018091,040541,EPSG:32647,699960.0,4090200.0,809760.0,4200000.0,True
/home/ec2-user/ndvi_sqs_work/qinghai/raw/HLS-VI.S30.T46SFD.2018092T042659.v2.0.NDVI.tif,HLS-VI.S30.T46SFD.2018092T042659.v2.0.NDVI.tif,S30,T46SFD,2018-04-02,2018092,042659,EPSG:32646,600000.0,3790200.0,709800.0,3900000.0,True
/home/ec2-user/ndvi_sqs_work/qinghai/raw/HLS-VI.S30.T46SFH.2018092T042659.v2.0.NDVI.tif,HLS-VI.S30.T46SFH.2018092T042659.v2.0.NDVI.tif,S30,T46SFH,2018-04-02,2018092,042659,EPSG:32646,600000.0,4190220.0,709800.0,4300020.0,True
/home/ec2-user/ndvi_sqs_work/qinghai/raw/HLS-VI.S30.T46SGG.2018092T042659.v2.0.NDVI.tif,HLS-VI.S30.T46SGG.2018092T042659.v2.0.NDVI.tif,S30,T46SGG,2018-04-02,2018092,042659,EPSG:32646,699960.0,4090200.0,809760.0,4200000.0,True
/home/ec2-user/ndvi_sqs_work/qinghai/raw/HLS-VI.S30.T47SKA.2018092T042659.v2.0.NDVI.tif,HLS-VI.S30.T47SKA.2018092T042659.v2.0.NDVI.tif,S30,T47SKA,2018-04-02,2018092,042659,EPSG:32647,199980.0,3990240.0,309780.0,4100040.0,True
/home/ec2-user/ndvi_sqs_work/qinghai/raw/HLS-VI.S30.T47SKB.2018092T042659.v2.0.NDVI.tif,HLS-VI.S30.T47SKB.2018092T042659.v2.0.NDVI.tif,S30,T47SKB,2018-04-02,2018092,042659,EPSG:32647,199980.0,4090200.0,309780.0,4200000.0,True
/home/ec2-user/ndvi_sqs_work/qinghai/raw/HLS-VI.S30.T47SNS.2018093T035539.v2.0.NDVI.tif,HLS-VI.S30.T47SNS.2018093T035539.v2.0.NDVI.tif,S30,T47SNS,2018-04-03,2018093,035539,EPSG:32647,499980.0,3590220.0,609780.0,3700020.0,True
/home/ec2-user/ndvi_sqs_work/qinghai/raw/HLS-VI.S30.T47SNT.2018093T035539.v2.0.NDVI.tif,HLS-VI.S30.T47SNT.2018093T035539.v2.0.NDVI.tif,S30,T47SNT,2018-04-03,2018093,035539,EPSG:32647,499980.0,3690240.0,609780.0,3800040.0,True
/home/ec2-user/ndvi_sqs_work/qinghai/raw/HLS-VI.S30.T47SNU.2018093T035539.v2.0.NDVI.tif,HLS-VI.S30.T47SNU.2018093T035539.v2.0.NDVI.tif,S30,T47SNU,2018-04-03,2018093,035539,EPSG:32647,499980.0,3790200.0,609780.0,3900000.0,True
/home/ec2-user/ndvi_sqs_work/qinghai/raw/HLS-VI.S30.T47SPS.2018093T035539.v2.0.NDVI.tif,HLS-VI.S30.T47SPS.2018093T035539.v2.0.NDVI.tif,S30,T47SPS,2018-04-03,2018093,035539,EPSG:32647,600000.0,3590220.0,709800.0,3700020.0,True
/home/ec2-user/ndvi_sqs_work/qinghai/raw/HLS-VI.S30.T47SPT.2018093T035539.v2.0.NDVI.tif,HLS-VI.S30.T47SPT.2018093T035539.v2.0.NDVI.tif,S30,T47SPT,2018-04-03,2018093,035539,EPSG:32647,600000.0,3690240.0,709800.0,3800040.0,True
/home/ec2-user/ndvi_sqs_work/qinghai/raw/HLS-VI.S30.T47SQS.2018093T035539.v2.0.NDVI.tif,HLS-VI.S30.T47SQS.2018093T035539.v2.0.NDVI.tif,S30,T47SQS,2018-04-03,2018093,035539,EPSG:32647,699960.0,3590220.0,809760.0,3700020.0,True
/home/ec2-user/ndvi_sqs_work/qinghai/raw/HLS-VI.S30.T47SQT.2018093T035539.v2.0.NDVI.tif,HLS-VI.S30.T47SQT.2018093T035539.v2.0.NDVI.tif,S30,T47SQT,2018-04-03,2018093,035539,EPSG:32647,699960.0,3690240.0,809760.0,3800040.0,True
/home/ec2-user/ndvi_sqs_work/qinghai/raw/HLS-VI.S30.T47SQU.2018093T035539.v2.0.NDVI.tif,HLS-VI.S30.T47SQU.2018093T035539.v2.0.NDVI.tif,S30,T47SQU,2018-04-03,2018093,035539,EPSG:32647,699960.0,3790200.0,809760.0,3900000.0,True
/home/ec2-user/ndvi_sqs_work/qinghai/raw/HLS-VI.S30.T48STB.2018093T035539.v2.0.NDVI.tif,HLS-VI.S30.T48STB.2018093T035539.v2.0.NDVI.tif,S30,T48STB,2018-04-03,2018093,035539,EPSG:32648,199980.0,3590220.0,309780.0,3700020.0,True
/home/ec2-user/ndvi_sqs_work/qinghai/raw/HLS-VI.S30.T48STC.2018093T035539.v2.0.NDVI.tif,HLS-VI.S30.T48STC.2018093T035539.v2.0.NDVI.tif,S30,T48STC,2018-04-03,2018093,035539,EPSG:32648,199980.0,3690240.0,309780.0,3800040.0,True
/home/ec2-user/ndvi_sqs_work/qinghai/raw/HLS-VI.S30.T48STD.2018093T035539.v2.0.NDVI.tif,HLS-VI.S30.T48STD.2018093T035539.v2.0.NDVI.tif,S30,T48STD,2018-04-03,2018093,035539,EPSG:32648,199980.0,3790200.0,309780.0,3900000.0,True
/home/ec2-user/ndvi_sqs_work/qinghai/raw/HLS-VI.S30.T48STE.2018093T035539.v2.0.NDVI.tif,HLS-VI.S30.T48STE.2018093T035539.v2.0.NDVI.tif,S30,T48STE,2018-04-03,2018093,035539,EPSG:32648,199980.0,3890220.0,309780.0,4000020.0,True
/home/ec2-user/ndvi_sqs_work/qinghai/raw/HLS-VI.S30.T48SUE.2018093T035539.v2.0.NDVI.tif,HLS-VI.S30.T48SUE.2018093T035539.v2.0.NDVI.tif,S30,T48SUE,2018-04-03,2018093,035539,EPSG:32648,300000.0,3890220.0,409800.0,4000020.0,True
/home/ec2-user/ndvi_sqs_work/qinghai/raw/HLS-VI.S30.T46SGA.2018094T041551.v2.0.NDVI.tif,HLS-VI.S30.T46SGA.2018094T041551.v2.0.NDVI.tif,S30,T46SGA,2018-04-04,2018094,041551,EPSG:32646,699960.0,3490200.0,809760.0,3600000.0,True
/home/ec2-user/ndvi_sqs_work/qinghai/raw/HLS-VI.S30.T47SKR.2018094T041551.v2.0.NDVI.tif,HLS-VI.S30.T47SKR.2018094T041551.v2.0.NDVI.tif,S30,T47SKR,2018-04-04,2018094,041551,EPSG:32647,199980.0,3490200.0,309780.0,3600000.0,True
/home/ec2-user/ndvi_sqs_work/qinghai/raw/HLS-VI.S30.T47SKS.2018094T041551.v2.0.NDVI.tif,HLS-VI.S30.T47SKS.2018094T041551.v2.0.NDVI.tif,S30,T47SKS,2018-04-04,2018094,041551,EPSG:32647,199980.0,3590220.0,309780.0,3700020.0,True
/home/ec2-user/ndvi_sqs_work/qinghai/raw/HLS-VI.S30.T47SLR.2018094T041551.v2.0.NDVI.tif,HLS-VI.S30.T47SLR.2018094T041551.v2.0.NDVI.tif,S30,T47SLR,2018-04-04,2018094,041551,EPSG:32647,300000.0,3490200.0,409800.0,3600000.0,True
/home/ec2-user/ndvi_sqs_work/qinghai/raw/HLS-VI.S30.T47SLS.2018094T041551.v2.0.NDVI.tif,HLS-VI.S30.T47SLS.2018094T041551.v2.0.NDVI.tif,S30,T47SLS,2018-04-04,2018094,041551,EPSG:32647,300000.0,3590220.0,409800.0,3700020.0,True
/home/ec2-user/ndvi_sqs_work/qinghai/raw/HLS-VI.S30.T46SEG.2018095T043659.v2.0.NDVI.tif,HLS-VI.S30.T46SEG.2018095T043659.v2.0.NDVI.tif,S30,T46SEG,2018-04-05,2018095,043659,EPSG:32646,499980.0,4090200.0,609780.0,4200000.0,True
/home/ec2-user/ndvi_sqs_work/qinghai/raw/HLS-VI.S30.T48SUE.2018098T035541.v2.0.NDVI.tif,HLS-VI.S30.T48SUE.2018098T035541.v2.0.NDVI.tif,S30,T48SUE,2018-04-08,2018098,035541,EPSG:32648,300000.0,3890220.0,409800.0,4000020.0,True
/home/ec2-user/ndvi_sqs_work/qinghai/raw/HLS-VI.S30.T47SKB.2018099T041549.v2.0.NDVI.tif,HLS-VI.S30.T47SKB.2018099T041549.v2.0.NDVI.tif,S30,T47SKB,2018-04-09,2018099,041549,EPSG:32647,199980.0,4090200.0,309780.0,4200000.0,True
/home/ec2-user/ndvi_sqs_work/qinghai/raw/HLS-VI.S30.T47SKT.2018099T041549.v2.0.NDVI.tif,HLS-VI.S30.T47SKT.2018099T041549.v2.0.NDVI.tif,S30,T47SKT,2018-04-09,2018099,041549,EPSG:32647,199980.0,3690240.0,309780.0,3800040.0,True
/home/ec2-user/ndvi_sqs_work/qinghai/raw/HLS-VI.S30.T47SLS.2018099T041549.v2.0.NDVI.tif,HLS-VI.S30.T47SLS.2018099T041549.v2.0.NDVI.tif,S30,T47SLS,2018-04-09,2018099,041549,EPSG:32647,300000.0,3590220.0,409800.0,3700020.0,True
/home/ec2-user/ndvi_sqs_work/qinghai/raw/HLS-VI.S30.T47SLT.2018099T041549.v2.0.NDVI.tif,HLS-VI.S30.T47SLT.2018099T041549.v2.0.NDVI.tif,S30,T47SLT,2018-04-09,2018099,041549,EPSG:32647,300000.0,3690240.0,409800.0,3800040.0,True
/home/ec2-user/ndvi_sqs_work/qinghai/raw/HLS-VI.S30.T47SMC.2018099T041549.v2.0.NDVI.tif,HLS-VI.S30.T47SMC.2018099T041549.v2.0.NDVI.tif,S30,T47SMC,2018-04-09,2018099,041549,EPSG:32647,399960.0,4190220.0,509760.0,4300020.0,True
/home/ec2-user/ndvi_sqs_work/qinghai/raw/HLS-VI.S30.T47SNC.2018099T041549.v2.0.NDVI.tif,HLS-VI.S30.T47SNC.2018099T041549.v2.0.NDVI.tif,S30,T47SNC,2018-04-09,2018099,041549,EPSG:32647,499980.0,4190220.0,609780.0,4300020.0,True
/home/ec2-user/ndvi_sqs_work/qinghai/raw/HLS-VI.S30.T46SCJ.2018100T043701.v2.0.NDVI.tif,HLS-VI.S30.T46SCJ.2018100T043701.v2.0.NDVI.tif,S30,T46SCJ,2018-04-10,2018100,043701,EPSG:32646,300000.0,4290240.0,409800.0,4400040.0,True
/home/ec2-user/ndvi_sqs_work/qinghai/raw/HLS-VI.S30.T46SDJ.2018100T043701.v2.0.NDVI.tif,HLS-VI.S30.T46SDJ.2018100T043701.v2.0.NDVI.tif,S30,T46SDJ,2018-04-10,2018100,043701,EPSG:32646,399960.0,4290240.0,509760.0,4400040.0,True
/home/ec2-user/ndvi_sqs_work/qinghai/raw/HLS-VI.S30.T46SEH.2018100T043701.v2.0.NDVI.tif,HLS-VI.S30.T46SEH.2018100T043701.v2.0.NDVI.tif,S30,T46SEH,2018-04-10,2018100,043701,EPSG:32646,499980.0,4190220.0,609780.0,4300020.0,True
/home/ec2-user/ndvi_sqs_work/qinghai/raw/HLS-VI.S30.T46SEJ.2018100T043701.v2.0.NDVI.tif,HLS-VI.S30.T46SEJ.2018100T043701.v2.0.NDVI.tif,S30,T46SEJ,2018-04-10,2018100,043701,EPSG:32646,499980.0,4290240.0,609780.0,4400040.0,True
/home/ec2-user/ndvi_sqs_work/qinghai/raw/HLS-VI.S30.T47SQS.2018100T034529.v2.0.NDVI.tif,HLS-VI.S30.T47SQS.2018100T034529.v2.0.NDVI.tif,S30,T47SQS,2018-04-10,2018100,034529,EPSG:32647,699960.0,3590220.0,809760.0,3700020.0,True
/home/ec2-user/ndvi_sqs_work/qinghai/raw/HLS-VI.S30.T47SQT.2018100T034529.v2.0.NDVI.tif,HLS-VI.S30.T47SQT.2018100T034529.v2.0.NDVI.tif,S30,T47SQT,2018-04-10,2018100,034529,EPSG:32647,699960.0,3690240.0,809760.0,3800040.0,True
/home/ec2-user/ndvi_sqs_work/qinghai/raw/HLS-VI.S30.T48STB.2018100T034529.v2.0.NDVI.tif,HLS-VI.S30.T48STB.2018100T034529.v2.0.NDVI.tif,S30,T48STB,2018-04-10,2018100,034529,EPSG:32648,199980.0,3590220.0,309780.0,3700020.0,True
/home/ec2-user/ndvi_sqs_work/qinghai/raw/HLS-VI.S30.T48STC.2018100T034529.v2.0.NDVI.tif,HLS-VI.S30.T48STC.2018100T034529.v2.0.NDVI.tif,S30,T48STC,2018-04-10,2018100,034529,EPSG:32648,199980.0,3690240.0,309780.0,3800040.0,True
/home/ec2-user/ndvi_sqs_work/qinghai/raw/HLS-VI.S30.T47SPV.2018101T040711.v2.0.NDVI.tif,HLS-VI.S30.T47SPV.2018101T040711.v2.0.NDVI.tif,S30,T47SPV,2018-04-11,2018101,040711,EPSG:32647,600000.0,3890220.0,709800.0,4000020.0,True
/home/ec2-user/ndvi_sqs_work/qinghai/raw/HLS-VI.S30.T47SQT.2018105T034541.v2.0.NDVI.tif,HLS-VI.S30.T47SQT.2018105T034541.v2.0.NDVI.tif,S30,T47SQT,2018-04-15,2018105,034541,EPSG:32647,699960.0,3690240.0,809760.0,3800040.0,True
/home/ec2-user/ndvi_sqs_work/qinghai/raw/HLS-VI.S30.T48SUE.2018105T034541.v2.0.NDVI.tif,HLS-VI.S30.T48SUE.2018105T034541.v2.0.NDVI.tif,S30,T48SUE,2018-04-15,2018105,034541,EPSG:32648,300000.0,3890220.0,409800.0,4000020.0,True
/home/ec2-user/ndvi_sqs_work/qinghai/raw/HLS-VI.S30.T47SLA.2018106T040539.v2.0.NDVI.tif,HLS-VI.S30.T47SLA.2018106T040539.v2.0.NDVI.tif,S30,T47SLA,2018-04-16,2018106,040539,EPSG:32647,300000.0,3990240.0,409800.0,4100040.0,True
/home/ec2-user/ndvi_sqs_work/qinghai/raw/HLS-VI.S30.T47SLB.2018106T040539.v2.0.NDVI.tif,HLS-VI.S30.T47SLB.2018106T040539.v2.0.NDVI.tif,S30,T47SLB,2018-04-16,2018106,040539,EPSG:32647,300000.0,4090200.0,409800.0,4200000.0,True
/home/ec2-user/ndvi_sqs_work/qinghai/raw/HLS-VI.S30.T47SPA.2018106T040539.v2.0.NDVI.tif,HLS-VI.S30.T47SPA.2018106T040539.v2.0.NDVI.tif,S30,T47SPA,2018-04-16,2018106,040539,EPSG:32647,600000.0,3990240.0,709800.0,4100040.0,True
/home/ec2-user/ndvi_sqs_work/qinghai/raw/HLS-VI.S30.T47SPT.2018106T040539.v2.0.NDVI.tif,HLS-VI.S30.T47SPT.2018106T040539.v2.0.NDVI.tif,S30,T47SPT,2018-04-16,2018106,040539,EPSG:32647,600000.0,3690240.0,709800.0,3800040.0,True
/home/ec2-user/ndvi_sqs_work/qinghai/raw/HLS-VI.S30.T47SQB.2018106T040539.v2.0.NDVI.tif,HLS-VI.S30.T47SQB.2018106T040539.v2.0.NDVI.tif,S30,T47SQB,2018-04-16,2018106,040539,EPSG:32647,699960.0,4090200.0,809760.0,4200000.0,True
/home/ec2-user/ndvi_sqs_work/qinghai/raw/HLS-VI.S30.T47SQC.2018106T040539.v2.0.NDVI.tif,HLS-VI.S30.T47SQC.2018106T040539.v2.0.NDVI.tif,S30,T47SQC,2018-04-16,2018106,040539,EPSG:32647,699960.0,4190220.0,809760.0,4300020.0,True
/home/ec2-user/ndvi_sqs_work/qinghai/raw/HLS-VI.S30.T47SNA.2018108T035541.v2.0.NDVI.tif,HLS-VI.S30.T47SNA.2018108T035541.v2.0.NDVI.tif,S30,T47SNA,2018-04-18,2018108,035541,EPSG:32647,499980.0,3990240.0,609780.0,4100040.0,True
/home/ec2-user/ndvi_sqs_work/qinghai/raw/HLS-VI.S30.T47SNV.2018108T035541.v2.0.NDVI.tif,HLS-VI.S30.T47SNV.2018108T035541.v2.0.NDVI.tif,S30,T47SNV,2018-04-18,2018108,035541,EPSG:32647,499980.0,3890220.0,609780.0,4000020.0,True
/home/ec2-user/ndvi_sqs_work/qinghai/raw/HLS-VI.S30.T47SPU.2018108T035541.v2.0.NDVI.tif,HLS-VI.S30.T47SPU.2018108T035541.v2.0.NDVI.tif,S30,T47SPU,2018-04-18,2018108,035541,EPSG:32647,600000.0,3790200.0,709800.0,3900000.0,True
/home/ec2-user/ndvi_sqs_work/qinghai/raw/HLS-VI.S30.T47SPV.2018108T035541.v2.0.NDVI.tif,HLS-VI.S30.T47SPV.2018108T035541.v2.0.NDVI.tif,S30,T47SPV,2018-04-18,2018108,035541,EPSG:32647,600000.0,3890220.0,709800.0,4000020.0,True
/home/ec2-user/ndvi_sqs_work/qinghai/raw/HLS-VI.S30.T47SQA.2018108T035541.v2.0.NDVI.tif,HLS-VI.S30.T47SQA.2018108T035541.v2.0.NDVI.tif,S30,T47SQA,2018-04-18,2018108,035541,EPSG:32647,699960.0,3990240.0,809760.0,4100040.0,True
/home/ec2-user/ndvi_sqs_work/qinghai/raw/HLS-VI.S30.T47SQB.2018108T035541.v2.0.NDVI.tif,HLS-VI.S30.T47SQB.2018108T035541.v2.0.NDVI.tif,S30,T47SQB,2018-04-18,2018108,035541,EPSG:32647,699960.0,4090200.0,809760.0,4200000.0,True
/home/ec2-user/ndvi_sqs_work/qinghai/raw/HLS-VI.S30.T47SQT.2018108T035541.v2.0.NDVI.tif,HLS-VI.S30.T47SQT.2018108T035541.v2.0.NDVI.tif,S30,T47SQT,2018-04-18,2018108,035541,EPSG:32647,699960.0,3690240.0,809760.0,3800040.0,True
/home/ec2-user/ndvi_sqs_work/qinghai/raw/HLS-VI.S30.T47SQU.2018108T035541.v2.0.NDVI.tif,HLS-VI.S30.T47SQU.2018108T035541.v2.0.NDVI.tif,S30,T47SQU,2018-04-18,2018108,035541,EPSG:32647,699960.0,3790200.0,809760.0,3900000.0,True
/home/ec2-user/ndvi_sqs_work/qinghai/raw/HLS-VI.S30.T48STC.2018108T035541.v2.0.NDVI.tif,HLS-VI.S30.T48STC.2018108T035541.v2.0.NDVI.tif,S30,T48STC,2018-04-18,2018108,035541,EPSG:32648,199980.0,3690240.0,309780.0,3800040.0,True
/home/ec2-user/ndvi_sqs_work/qinghai/raw/HLS-VI.S30.T48STD.2018108T035541.v2.0.NDVI.tif,HLS-VI.S30.T48STD.2018108T035541.v2.0.NDVI.tif,S30,T48STD,2018-04-18,2018108,035541,EPSG:32648,199980.0,3790200.0,309780.0,3900000.0,True
/home/ec2-user/ndvi_sqs_work/qinghai/raw/HLS-VI.S30.T48STF.2018108T035541.v2.0.NDVI.tif,HLS-VI.S30.T48STF.2018108T035541.v2.0.NDVI.tif,S30,T48STF,2018-04-18,2018108,035541,EPSG:32648,199980.0,3990240.0,309780.0,4100040.0,True
/home/ec2-user/ndvi_sqs_work/qinghai/raw/HLS-VI.S30.T48STG.2018108T035541.v2.0.NDVI.tif,HLS-VI.S30.T48STG.2018108T035541.v2.0.NDVI.tif,S30,T48STG,2018-04-18,2018108,035541,EPSG:32648,199980.0,4090200.0,309780.0,4200000.0,True
/home/ec2-user/ndvi_sqs_work/qinghai/raw/HLS-VI.S30.T48SUE.2018108T035541.v2.0.NDVI.tif,HLS-VI.S30.T48SUE.2018108T035541.v2.0.NDVI.tif,S30,T48SUE,2018-04-18,2018108,035541,EPSG:32648,300000.0,3890220.0,409800.0,4000020.0,True
/home/ec2-user/ndvi_sqs_work/qinghai/raw/HLS-VI.S30.T48SUF.2018108T035541.v2.0.NDVI.tif,HLS-VI.S30.T48SUF.2018108T035541.v2.0.NDVI.tif,S30,T48SUF,2018-04-18,2018108,035541,EPSG:32648,300000.0,3990240.0,409800.0,4100040.0,True
/home/ec2-user/ndvi_sqs_work/qinghai/raw/HLS-VI.S30.T47SQS.2018110T034539.v2.0.NDVI.tif,HLS-VI.S30.T47SQS.2018110T034539.v2.0.NDVI.tif,S30,T47SQS,2018-04-20,2018110,034539,EPSG:32647,699960.0,3590220.0,809760.0,3700020.0,True
/home/ec2-user/ndvi_sqs_work/qinghai/raw/HLS-VI.S30.T47SQT.2018110T034539.v2.0.NDVI.tif,HLS-VI.S30.T47SQT.2018110T034539.v2.0.NDVI.tif,S30,T47SQT,2018-04-20,2018110,034539,EPSG:32647,699960.0,3690240.0,809760.0,3800040.0,True
/home/ec2-user/ndvi_sqs_work/qinghai/raw/HLS-VI.S30.T46SBH.2018115T043659.v2.0.NDVI.tif,HLS-VI.S30.T46SBH.2018115T043659.v2.0.NDVI.tif,S30,T46SBH,2018-04-25,2018115,043659,EPSG:32646,199980.0,4190220.0,309780.0,4300020.0,True
/home/ec2-user/ndvi_sqs_work/qinghai/raw/HLS-VI.S30.T46SCH.2018115T043659.v2.0.NDVI.tif,HLS-VI.S30.T46SCH.2018115T043659.v2.0.NDVI.tif,S30,T46SCH,2018-04-25,2018115,043659,EPSG:32646,300000.0,4190220.0,409800.0,4300020.0,True
/home/ec2-user/ndvi_sqs_work/qinghai/raw/HLS-VI.S30.T46SCJ.2018115T043659.v2.0.NDVI.tif,HLS-VI.S30.T46SCJ.2018115T043659.v2.0.NDVI.tif,S30,T46SCJ,2018-04-25,2018115,043659,EPSG:32646,300000.0,4290240.0,409800.0,4400040.0,True
/home/ec2-user/ndvi_sqs_work/qinghai/raw/HLS-VI.S30.T46SDJ.2018115T043659.v2.0.NDVI.tif,HLS-VI.S30.T46SDJ.2018115T043659.v2.0.NDVI.tif,S30,T46SDJ,2018-04-25,2018115,043659,EPSG:32646,399960.0,4290240.0,509760.0,4400040.0,True
/home/ec2-user/ndvi_sqs_work/qinghai/raw/HLS-VI.S30.T46SEJ.2018115T043659.v2.0.NDVI.tif,HLS-VI.S30.T46SEJ.2018115T043659.v2.0.NDVI.tif,S30,T46SEJ,2018-04-25,2018115,043659,EPSG:32646,499980.0,4290240.0,609780.0,4400040.0,True
/home/ec2-user/ndvi_sqs_work/qinghai/raw/HLS-VI.S30.T46SFH.2018115T043659.v2.0.NDVI.tif,HLS-VI.S30.T46SFH.2018115T043659.v2.0.NDVI.tif,S30,T46SFH,2018-04-25,2018115,043659,EPSG:32646,600000.0,4190220.0,709800.0,4300020.0,True
/home/ec2-user/ndvi_sqs_work/qinghai/raw/HLS-VI.S30.T46SEG.2018117T042711.v2.0.NDVI.tif,HLS-VI.S30.T46SEG.2018117T042711.v2.0.NDVI.tif,S30,T46SEG,2018-04-27,2018117,042711,EPSG:32646,499980.0,4090200.0,609780.0,4200000.0,True
/home/ec2-user/ndvi_sqs_work/qinghai/raw/HLS-VI.S30.T46SEH.2018117T042711.v2.0.NDVI.tif,HLS-VI.S30.T46SEH.2018117T042711.v2.0.NDVI.tif,S30,T46SEH,2018-04-27,2018117,042711,EPSG:32646,499980.0,4190220.0,609780.0,4300020.0,True
/home/ec2-user/ndvi_sqs_work/qinghai/raw/HLS-VI.S30.T46SFF.2018117T042711.v2.0.NDVI.tif,HLS-VI.S30.T46SFF.2018117T042711.v2.0.NDVI.tif,S30,T46SFF,2018-04-27,2018117,042711,EPSG:32646,600000.0,3990240.0,709800.0,4100040.0,True
/home/ec2-user/ndvi_sqs_work/qinghai/raw/HLS-VI.S30.T46SFG.2018117T042711.v2.0.NDVI.tif,HLS-VI.S30.T46SFG.2018117T042711.v2.0.NDVI.tif,S30,T46SFG,2018-04-27,2018117,042711,EPSG:32646,600000.0,4090200.0,709800.0,4200000.0,True
/home/ec2-user/ndvi_sqs_work/qinghai/raw/HLS-VI.S30.T46SFH.2018117T042711.v2.0.NDVI.tif,HLS-VI.S30.T46SFH.2018117T042711.v2.0.NDVI.tif,S30,T46SFH,2018-04-27,2018117,042711,EPSG:32646,600000.0,4190220.0,709800.0,4300020.0,True
/home/ec2-user/ndvi_sqs_work/qinghai/raw/HLS-VI.S30.T47SQC.2018118T035541.v2.0.NDVI.tif,HLS-VI.S30.T47SQC.2018118T035541.v2.0.NDVI.tif,S30,T47SQC,2018-04-28,2018118,035541,EPSG:32647,699960.0,4190220.0,809760.0,4300020.0,True
/home/ec2-user/ndvi_sqs_work/qinghai/raw/HLS-VI.S30.T47SNC.2018121T040551.v2.0.NDVI.tif,HLS-VI.S30.T47SNC.2018121T040551.v2.0.NDVI.tif,S30,T47SNC,2018-05-01,2018121,040551,EPSG:32647,499980.0,4190220.0,609780.0,4300020.0,True
/home/ec2-user/ndvi_sqs_work/qinghai/raw/HLS-VI.S30.T47SND.2018121T040551.v2.0.NDVI.tif,HLS-VI.S30.T47SND.2018121T040551.v2.0.NDVI.tif,S30,T47SND,2018-05-01,2018121,040551,EPSG:32647,499980.0,4290240.0,609780.0,4400040.0,True
/home/ec2-user/ndvi_sqs_work/qinghai/raw/HLS-VI.S30.T47SQC.2018121T040551.v2.0.NDVI.tif,HLS-VI.S30.T47SQC.2018121T040551.v2.0.NDVI.tif,S30,T47SQC,2018-05-01,2018121,040551,EPSG:32647,699960.0,4190220.0,809760.0,4300020.0,True
/home/ec2-user/ndvi_sqs_work/qinghai/raw/HLS-VI.S30.T46SDG.2018122T042659.v2.0.NDVI.tif,HLS-VI.S30.T46SDG.2018122T042659.v2.0.NDVI.tif,S30,T46SDG,2018-05-02,2018122,042659,EPSG:32646,399960.0,4090200.0,509760.0,4200000.0,True
/home/ec2-user/ndvi_sqs_work/qinghai/raw/HLS-VI.S30.T46SFF.2018122T042659.v2.0.NDVI.tif,HLS-VI.S30.T46SFF.2018122T042659.v2.0.NDVI.tif,S30,T46SFF,2018-05-02,2018122,042659,EPSG:32646,600000.0,3990240.0,709800.0,4100040.0,True
/home/ec2-user/ndvi_sqs_work/qinghai/raw/HLS-VI.S30.T46SFH.2018122T042659.v2.0.NDVI.tif,HLS-VI.S30.T46SFH.2018122T042659.v2.0.NDVI.tif,S30,T46SFH,2018-05-02,2018122,042659,EPSG:32646,600000.0,4190220.0,709800.0,4300020.0,True
/home/ec2-user/ndvi_sqs_work/qinghai/raw/HLS-VI.S30.T46SGF.2018122T042659.v2.0.NDVI.tif,HLS-VI.S30.T46SGF.2018122T042659.v2.0.NDVI.tif,S30,T46SGF,2018-05-02,2018122,042659,EPSG:32646,699960.0,3990240.0,809760.0,4100040.0,True
/home/ec2-user/ndvi_sqs_work/qinghai/raw/HLS-VI.S30.T47SKA.2018122T042659.v2.0.NDVI.tif,HLS-VI.S30.T47SKA.2018122T042659.v2.0.NDVI.tif,S30,T47SKA,2018-05-02,2018122,042659,EPSG:32647,199980.0,3990240.0,309780.0,4100040.0,True
/home/ec2-user/ndvi_sqs_work/qinghai/raw/HLS-VI.S30.T45SYB.2018123T044701.v2.0.NDVI.tif,HLS-VI.S30.T45SYB.2018123T044701.v2.0.NDVI.tif,S30,T45SYB,2018-05-03,2018123,044701,EPSG:32645,699960.0,4090200.0,809760.0,4200000.0,True
/home/ec2-user/ndvi_sqs_work/qinghai/raw/HLS-VI.S30.T46SBF.2018123T044701.v2.0.NDVI.tif,HLS-VI.S30.T46SBF.2018123T044701.v2.0.NDVI.tif,S30,T46SBF,2018-05-03,2018123,044701,EPSG:32646,199980.0,3990240.0,309780.0,4100040.0,True
/home/ec2-user/ndvi_sqs_work/qinghai/raw/HLS-VI.S30.T46SBG.2018123T044701.v2.0.NDVI.tif,HLS-VI.S30.T46SBG.2018123T044701.v2.0.NDVI.tif,S30,T46SBG,2018-05-03,2018123,044701,EPSG:32646,199980.0,4090200.0,309780.0,4200000.0,True
/home/ec2-user/ndvi_sqs_work/qinghai/raw/HLS-VI.S30.T46SCF.2018123T044701.v2.0.NDVI.tif,HLS-VI.S30.T46SCF.2018123T044701.v2.0.NDVI.tif,S30,T46SCF,2018-05-03,2018123,044701,EPSG:32646,300000.0,3990240.0,409800.0,4100040.0,True
/home/ec2-user/ndvi_sqs_work/qinghai/raw/HLS-VI.S30.T46SCG.2018123T044701.v2.0.NDVI.tif,HLS-VI.S30.T46SCG.2018123T044701.v2.0.NDVI.tif,S30,T46SCG,2018-05-03,2018123,044701,EPSG:32646,300000.0,4090200.0,409800.0,4200000.0,True
/home/ec2-user/ndvi_sqs_work/qinghai/raw/HLS-VI.S30.T47SPB.2018123T035539.v2.0.NDVI.tif,HLS-VI.S30.T47SPB.2018123T035539.v2.0.NDVI.tif,S30,T47SPB,2018-05-03,2018123,035539,EPSG:32647,600000.0,4090200.0,709800.0,4200000.0,True
/home/ec2-user/ndvi_sqs_work/qinghai/raw/HLS-VI.S30.T47SPC.2018123T035539.v2.0.NDVI.tif,HLS-VI.S30.T47SPC.2018123T035539.v2.0.NDVI.tif,S30,T47SPC,2018-05-03,2018123,035539,EPSG:32647,600000.0,4190220.0,709800.0,4300020.0,True
/home/ec2-user/ndvi_sqs_work/qinghai/raw/HLS-VI.S30.T47SQB.2018123T035539.v2.0.NDVI.tif,HLS-VI.S30.T47SQB.2018123T035539.v2.0.NDVI.tif,S30,T47SQB,2018-05-03,2018123,035539,EPSG:32647,699960.0,4090200.0,809760.0,4200000.0,True
/home/ec2-user/ndvi_sqs_work/qinghai/raw/HLS-VI.S30.T47SQC.2018123T035539.v2.0.NDVI.tif,HLS-VI.S30.T47SQC.2018123T035539.v2.0.NDVI.tif,S30,T47SQC,2018-05-03,2018123,035539,EPSG:32647,699960.0,4190220.0,809760.0,4300020.0,True
/home/ec2-user/ndvi_sqs_work/qinghai/raw/HLS-VI.S30.T48STG.2018123T035539.v2.0.NDVI.tif,HLS-VI.S30.T48STG.2018123T035539.v2.0.NDVI.tif,S30,T48STG,2018-05-03,2018123,035539,EPSG:32648,199980.0,4090200.0,309780.0,4200000.0,True
/home/ec2-user/ndvi_sqs_work/qinghai/raw/HLS-VI.S30.T47SKA.2018124T041551.v2.0.NDVI.tif,HLS-VI.S30.T47SKA.2018124T041551.v2.0.NDVI.tif,S30,T47SKA,2018-05-04,2018124,041551,EPSG:32647,199980.0,3990240.0,309780.0,4100040.0,True
/home/ec2-user/ndvi_sqs_work/qinghai/raw/HLS-VI.S30.T47SLA.2018124T041551.v2.0.NDVI.tif,HLS-VI.S30.T47SLA.2018124T041551.v2.0.NDVI.tif,S30,T47SLA,2018-05-04,2018124,041551,EPSG:32647,300000.0,3990240.0,409800.0,4100040.0,True
/home/ec2-user/ndvi_sqs_work/qinghai/raw/HLS-VI.S30.T47SND.2018124T041551.v2.0.NDVI.tif,HLS-VI.S30.T47SND.2018124T041551.v2.0.NDVI.tif,S30,T47SND,2018-05-04,2018124,041551,EPSG:32647,499980.0,4290240.0,609780.0,4400040.0,True
/home/ec2-user/ndvi_sqs_work/qinghai/raw/HLS-VI.S30.T47SND.2018126T040539.v2.0.NDVI.tif,HLS-VI.S30.T47SND.2018126T040539.v2.0.NDVI.tif,S30,T47SND,2018-05-06,2018126,040539,EPSG:32647,499980.0,4290240.0,609780.0,4400040.0,True
/home/ec2-user/ndvi_sqs_work/qinghai/raw/HLS-VI.S30.T47SQC.2018126T040539.v2.0.NDVI.tif,HLS-VI.S30.T47SQC.2018126T040539.v2.0.NDVI.tif,S30,T47SQC,2018-05-06,2018126,040539,EPSG:32647,699960.0,4190220.0,809760.0,4300020.0,True
/home/ec2-user/ndvi_sqs_work/qinghai/raw/HLS-VI.S30.T46SCJ.2018130T043701.v2.0.NDVI.tif,HLS-VI.S30.T46SCJ.2018130T043701.v2.0.NDVI.tif,S30,T46SCJ,2018-05-10,2018130,043701,EPSG:32646,300000.0,4290240.0,409800.0,4400040.0,True
/home/ec2-user/ndvi_sqs_work/qinghai/raw/HLS-VI.S30.T46SDJ.2018130T043701.v2.0.NDVI.tif,HLS-VI.S30.T46SDJ.2018130T043701.v2.0.NDVI.tif,S30,T46SDJ,2018-05-10,2018130,043701,EPSG:32646,399960.0,4290240.0,509760.0,4400040.0,True
/home/ec2-user/ndvi_sqs_work/qinghai/raw/HLS-VI.S30.T46SEH.2018130T043701.v2.0.NDVI.tif,HLS-VI.S30.T46SEH.2018130T043701.v2.0.NDVI.tif,S30,T46SEH,2018-05-10,2018130,043701,EPSG:32646,499980.0,4190220.0,609780.0,4300020.0,True
/home/ec2-user/ndvi_sqs_work/qinghai/raw/HLS-VI.S30.T47SQC.2018131T040551.v2.0.NDVI.tif,HLS-VI.S30.T47SQC.2018131T040551.v2.0.NDVI.tif,S30,T47SQC,2018-05-11,2018131,040551,EPSG:32647,699960.0,4190220.0,809760.0,4300020.0,True
/home/ec2-user/ndvi_sqs_work/qinghai/raw/HLS-VI.S30.T46SCC.2018132T042659.v2.0.NDVI.tif,HLS-VI.S30.T46SCC.2018132T042659.v2.0.NDVI.tif,S30,T46SCC,2018-05-12,2018132,042659,EPSG:32646,300000.0,3690240.0,409800.0,3800040.0,True
/home/ec2-user/ndvi_sqs_work/qinghai/raw/HLS-VI.S30.T46SDC.2018132T042659.v2.0.NDVI.tif,HLS-VI.S30.T46SDC.2018132T042659.v2.0.NDVI.tif,S30,T46SDC,2018-05-12,2018132,042659,EPSG:32646,399960.0,3690240.0,509760.0,3800040.0,True
/home/ec2-user/ndvi_sqs_work/qinghai/raw/HLS-VI.S30.T46SDD.2018132T042659.v2.0.NDVI.tif,HLS-VI.S30.T46SDD.2018132T042659.v2.0.NDVI.tif,S30,T46SDD,2018-05-12,2018132,042659,EPSG:32646,399960.0,3790200.0,509760.0,3900000.0,True
/home/ec2-user/ndvi_sqs_work/qinghai/raw/HLS-VI.S30.T46SDE.2018132T042659.v2.0.NDVI.tif,HLS-VI.S30.T46SDE.2018132T042659.v2.0.NDVI.tif,S30,T46SDE,2018-05-12,2018132,042659,EPSG:32646,399960.0,3890220.0,509760.0,4000020.0,True
/home/ec2-user/ndvi_sqs_work/qinghai/raw/HLS-VI.S30.T46SDF.2018132T042659.v2.0.NDVI.tif,HLS-VI.S30.T46SDF.2018132T042659.v2.0.NDVI.tif,S30,T46SDF,2018-05-12,2018132,042659,EPSG:32646,399960.0,3990240.0,509760.0,4100040.0,True
/home/ec2-user/ndvi_sqs_work/qinghai/raw/HLS-VI.S30.T46SDG.2018132T042659.v2.0.NDVI.tif,HLS-VI.S30.T46SDG.2018132T042659.v2.0.NDVI.tif,S30,T46SDG,2018-05-12,2018132,042659,EPSG:32646,399960.0,4090200.0,509760.0,4200000.0,True
/home/ec2-user/ndvi_sqs_work/qinghai/raw/HLS-VI.S30.T46SEC.2018132T042659.v2.0.NDVI.tif,HLS-VI.S30.T46SEC.2018132T042659.v2.0.NDVI.tif,S30,T46SEC,2018-05-12,2018132,042659,EPSG:32646,499980.0,3690240.0,609780.0,3800040.0,True
/home/ec2-user/ndvi_sqs_work/qinghai/raw/HLS-VI.S30.T46SED.2018132T042659.v2.0.NDVI.tif,HLS-VI.S30.T46SED.2018132T042659.v2.0.NDVI.tif,S30,T46SED,2018-05-12,2018132,042659,EPSG:32646,499980.0,3790200.0,609780.0,3900000.0,True
/home/ec2-user/ndvi_sqs_work/qinghai/raw/HLS-VI.S30.T46SEE.2018132T042659.v2.0.NDVI.tif,HLS-VI.S30.T46SEE.2018132T042659.v2.0.NDVI.tif,S30,T46SEE,2018-05-12,2018132,042659,EPSG:32646,499980.0,3890220.0,609780.0,4000020.0,True
/home/ec2-user/ndvi_sqs_work/qinghai/raw/HLS-VI.S30.T46SEF.2018132T042659.v2.0.NDVI.tif,HLS-VI.S30.T46SEF.2018132T042659.v2.0.NDVI.tif,S30,T46SEF,2018-05-12,2018132,042659,EPSG:32646,499980.0,3990240.0,609780.0,4100040.0,True
/home/ec2-user/ndvi_sqs_work/qinghai/raw/HLS-VI.S30.T46SEG.2018132T042659.v2.0.NDVI.tif,HLS-VI.S30.T46SEG.2018132T042659.v2.0.NDVI.tif,S30,T46SEG,2018-05-12,2018132,042659,EPSG:32646,499980.0,4090200.0,609780.0,4200000.0,True
/home/ec2-user/ndvi_sqs_work/qinghai/raw/HLS-VI.S30.T46SEH.2018132T042659.v2.0.NDVI.tif,HLS-VI.S30.T46SEH.2018132T042659.v2.0.NDVI.tif,S30,T46SEH,2018-05-12,2018132,042659,EPSG:32646,499980.0,4190220.0,609780.0,4300020.0,True
/home/ec2-user/ndvi_sqs_work/qinghai/raw/HLS-VI.S30.T46SFD.2018132T042659.v2.0.NDVI.tif,HLS-VI.S30.T46SFD.2018132T042659.v2.0.NDVI.tif,S30,T46SFD,2018-05-12,2018132,042659,EPSG:32646,600000.0,3790200.0,709800.0,3900000.0,True
/home/ec2-user/ndvi_sqs_work/qinghai/raw/HLS-VI.S30.T46SFE.2018132T042659.v2.0.NDVI.tif,HLS-VI.S30.T46SFE.2018132T042659.v2.0.NDVI.tif,S30,T46SFE,2018-05-12,2018132,042659,EPSG:32646,600000.0,3890220.0,709800.0,4000020.0,True
/home/ec2-user/ndvi_sqs_work/qinghai/raw/HLS-VI.S30.T46SFF.2018132T042659.v2.0.NDVI.tif,HLS-VI.S30.T46SFF.2018132T042659.v2.0.NDVI.tif,S30,T46SFF,2018-05-12,2018132,042659,EPSG:32646,600000.0,3990240.0,709800.0,4100040.0,True
/home/ec2-user/ndvi_sqs_work/qinghai/raw/HLS-VI.S30.T46SFG.2018132T042659.v2.0.NDVI.tif,HLS-VI.S30.T46SFG.2018132T042659.v2.0.NDVI.tif,S30,T46SFG,2018-05-12,2018132,042659,EPSG:32646,600000.0,4090200.0,709800.0,4200000.0,True
/home/ec2-user/ndvi_sqs_work/qinghai/raw/HLS-VI.S30.T46SFH.2018132T042659.v2.0.NDVI.tif,HLS-VI.S30.T46SFH.2018132T042659.v2.0.NDVI.tif,S30,T46SFH,2018-05-12,2018132,042659,EPSG:32646,600000.0,4190220.0,709800.0,4300020.0,True
/home/ec2-user/ndvi_sqs_work/qinghai/raw/HLS-VI.S30.T46SGC.2018132T042659.v2.0.NDVI.tif,HLS-VI.S30.T46SGC.2018132T042659.v2.0.NDVI.tif,S30,T46SGC,2018-05-12,2018132,042659,EPSG:32646,699960.0,3690240.0,809760.0,3800040.0,True
/home/ec2-user/ndvi_sqs_work/qinghai/raw/HLS-VI.S30.T46SGD.2018132T042659.v2.0.NDVI.tif,HLS-VI.S30.T46SGD.2018132T042659.v2.0.NDVI.tif,S30,T46SGD,2018-05-12,2018132,042659,EPSG:32646,699960.0,3790200.0,809760.0,3900000.0,True
/home/ec2-user/ndvi_sqs_work/qinghai/raw/HLS-VI.S30.T46SGE.2018132T042659.v2.0.NDVI.tif,HLS-VI.S30.T46SGE.2018132T042659.v2.0.NDVI.tif,S30,T46SGE,2018-05-12,2018132,042659,EPSG:32646,699960.0,3890220.0,809760.0,4000020.0,True
/home/ec2-user/ndvi_sqs_work/qinghai/raw/HLS-VI.S30.T46SGF.2018132T042659.v2.0.NDVI.tif,HLS-VI.S30.T46SGF.2018132T042659.v2.0.NDVI.tif,S30,T46SGF,2018-05-12,2018132,042659,EPSG:32646,699960.0,3990240.0,809760.0,4100040.0,True
/home/ec2-user/ndvi_sqs_work/qinghai/raw/HLS-VI.S30.T46SGG.2018132T042659.v2.0.NDVI.tif,HLS-VI.S30.T46SGG.2018132T042659.v2.0.NDVI.tif,S30,T46SGG,2018-05-12,2018132,042659,EPSG:32646,699960.0,4090200.0,809760.0,4200000.0,True
/home/ec2-user/ndvi_sqs_work/qinghai/raw/HLS-VI.S30.T46SGH.2018132T042659.v2.0.NDVI.tif,HLS-VI.S30.T46SGH.2018132T042659.v2.0.NDVI.tif,S30,T46SGH,2018-05-12,2018132,042659,EPSG:32646,699960.0,4190220.0,809760.0,4300020.0,True
/home/ec2-user/ndvi_sqs_work/qinghai/raw/HLS-VI.S30.T47SKA.2018132T042659.v2.0.NDVI.tif,HLS-VI.S30.T47SKA.2018132T042659.v2.0.NDVI.tif,S30,T47SKA,2018-05-12,2018132,042659,EPSG:32647,199980.0,3990240.0,309780.0,4100040.0,True
/home/ec2-user/ndvi_sqs_work/qinghai/raw/HLS-VI.S30.T47SKB.2018132T042659.v2.0.NDVI.tif,HLS-VI.S30.T47SKB.2018132T042659.v2.0.NDVI.tif,S30,T47SKB,2018-05-12,2018132,042659,EPSG:32647,199980.0,4090200.0,309780.0,4200000.0,True
/home/ec2-user/ndvi_sqs_work/qinghai/raw/HLS-VI.S30.T47SKV.2018132T042659.v2.0.NDVI.tif,HLS-VI.S30.T47SKV.2018132T042659.v2.0.NDVI.tif,S30,T47SKV,2018-05-12,2018132,042659,EPSG:32647,199980.0,3890220.0,309780.0,4000020.0,True
/home/ec2-user/ndvi_sqs_work/qinghai/raw/HLS-VI.S30.T45SYB.2018133T044701.v2.0.NDVI.tif,HLS-VI.S30.T45SYB.2018133T044701.v2.0.NDVI.tif,S30,T45SYB,2018-05-13,2018133,044701,EPSG:32645,699960.0,4090200.0,809760.0,4200000.0,True
/home/ec2-user/ndvi_sqs_work/qinghai/raw/HLS-VI.S30.T45SYC.2018133T044701.v2.0.NDVI.tif,HLS-VI.S30.T45SYC.2018133T044701.v2.0.NDVI.tif,S30,T45SYC,2018-05-13,2018133,044701,EPSG:32645,699960.0,4190220.0,809760.0,4300020.0,True
/home/ec2-user/ndvi_sqs_work/qinghai/raw/HLS-VI.S30.T46SBG.2018133T044701.v2.0.NDVI.tif,HLS-VI.S30.T46SBG.2018133T044701.v2.0.NDVI.tif,S30,T46SBG,2018-05-13,2018133,044701,EPSG:32646,199980.0,4090200.0,309780.0,4200000.0,True
/home/ec2-user/ndvi_sqs_work/qinghai/raw/HLS-VI.S30.T46SBH.2018133T044701.v2.0.NDVI.tif,HLS-VI.S30.T46SBH.2018133T044701.v2.0.NDVI.tif,S30,T46SBH,2018-05-13,2018133,044701,EPSG:32646,199980.0,4190220.0,309780.0,4300020.0,True
/home/ec2-user/ndvi_sqs_work/qinghai/raw/HLS-VI.S30.T46SCG.2018133T044701.v2.0.NDVI.tif,HLS-VI.S30.T46SCG.2018133T044701.v2.0.NDVI.tif,S30,T46SCG,2018-05-13,2018133,044701,EPSG:32646,300000.0,4090200.0,409800.0,4200000.0,True
/home/ec2-user/ndvi_sqs_work/qinghai/raw/HLS-VI.S30.T46SCH.2018133T044701.v2.0.NDVI.tif,HLS-VI.S30.T46SCH.2018133T044701.v2.0.NDVI.tif,S30,T46SCH,2018-05-13,2018133,044701,EPSG:32646,300000.0,4190220.0,409800.0,4300020.0,True
/home/ec2-user/ndvi_sqs_work/qinghai/raw/HLS-VI.S30.T46SCJ.2018133T044701.v2.0.NDVI.tif,HLS-VI.S30.T46SCJ.2018133T044701.v2.0.NDVI.tif,S30,T46SCJ,2018-05-13,2018133,044701,EPSG:32646,300000.0,4290240.0,409800.0,4400040.0,True
/home/ec2-user/ndvi_sqs_work/qinghai/raw/HLS-VI.S30.T47SNA.2018133T035539.v2.0.NDVI.tif,HLS-VI.S30.T47SNA.2018133T035539.v2.0.NDVI.tif,S30,T47SNA,2018-05-13,2018133,035539,EPSG:32647,499980.0,3990240.0,609780.0,4100040.0,True
/home/ec2-user/ndvi_sqs_work/qinghai/raw/HLS-VI.S30.T47SNT.2018133T035539.v2.0.NDVI.tif,HLS-VI.S30.T47SNT.2018133T035539.v2.0.NDVI.tif,S30,T47SNT,2018-05-13,2018133,035539,EPSG:32647,499980.0,3690240.0,609780.0,3800040.0,True
/home/ec2-user/ndvi_sqs_work/qinghai/raw/HLS-VI.S30.T47SNU.2018133T035539.v2.0.NDVI.tif,HLS-VI.S30.T47SNU.2018133T035539.v2.0.NDVI.tif,S30,T47SNU,2018-05-13,2018133,035539,EPSG:32647,499980.0,3790200.0,609780.0,3900000.0,True
/home/ec2-user/ndvi_sqs_work/qinghai/raw/HLS-VI.S30.T47SNV.2018133T035539.v2.0.NDVI.tif,HLS-VI.S30.T47SNV.2018133T035539.v2.0.NDVI.tif,S30,T47SNV,2018-05-13,2018133,035539,EPSG:32647,499980.0,3890220.0,609780.0,4000020.0,True
/home/ec2-user/ndvi_sqs_work/qinghai/raw/HLS-VI.S30.T47SPA.2018133T035539.v2.0.NDVI.tif,HLS-VI.S30.T47SPA.2018133T035539.v2.0.NDVI.tif,S30,T47SPA,2018-05-13,2018133,035539,EPSG:32647,600000.0,3990240.0,709800.0,4100040.0,True
/home/ec2-user/ndvi_sqs_work/qinghai/raw/HLS-VI.S30.T47SPB.2018133T035539.v2.0.NDVI.tif,HLS-VI.S30.T47SPB.2018133T035539.v2.0.NDVI.tif,S30,T47SPB,2018-05-13,2018133,035539,EPSG:32647,600000.0,4090200.0,709800.0,4200000.0,True
/home/ec2-user/ndvi_sqs_work/qinghai/raw/HLS-VI.S30.T47SPC.2018133T035539.v2.0.NDVI.tif,HLS-VI.S30.T47SPC.2018133T035539.v2.0.NDVI.tif,S30,T47SPC,2018-05-13,2018133,035539,EPSG:32647,600000.0,4190220.0,709800.0,4300020.0,True
/home/ec2-user/ndvi_sqs_work/qinghai/raw/HLS-VI.S30.T47SPS.2018133T035539.v2.0.NDVI.tif,HLS-VI.S30.T47SPS.2018133T035539.v2.0.NDVI.tif,S30,T47SPS,2018-05-13,2018133,035539,EPSG:32647,600000.0,3590220.0,709800.0,3700020.0,True
/home/ec2-user/ndvi_sqs_work/qinghai/raw/HLS-VI.S30.T47SPT.2018133T035539.v2.0.NDVI.tif,HLS-VI.S30.T47SPT.2018133T035539.v2.0.NDVI.tif,S30,T47SPT,2018-05-13,2018133,035539,EPSG:32647,600000.0,3690240.0,709800.0,3800040.0,True
/home/ec2-user/ndvi_sqs_work/qinghai/raw/HLS-VI.S30.T47SPU.2018133T035539.v2.0.NDVI.tif,HLS-VI.S30.T47SPU.2018133T035539.v2.0.NDVI.tif,S30,T47SPU,2018-05-13,2018133,035539,EPSG:32647,600000.0,3790200.0,709800.0,3900000.0,True
/home/ec2-user/ndvi_sqs_work/qinghai/raw/HLS-VI.S30.T47SPV.2018133T035539.v2.0.NDVI.tif,HLS-VI.S30.T47SPV.2018133T035539.v2.0.NDVI.tif,S30,T47SPV,2018-05-13,2018133,035539,EPSG:32647,600000.0,3890220.0,709800.0,4000020.0,True
/home/ec2-user/ndvi_sqs_work/qinghai/raw/HLS-VI.S30.T47SQA.2018133T035539.v2.0.NDVI.tif,HLS-VI.S30.T47SQA.2018133T035539.v2.0.NDVI.tif,S30,T47SQA,2018-05-13,2018133,035539,EPSG:32647,699960.0,3990240.0,809760.0,4100040.0,True
/home/ec2-user/ndvi_sqs_work/qinghai/raw/HLS-VI.S30.T47SQB.2018133T035539.v2.0.NDVI.tif,HLS-VI.S30.T47SQB.2018133T035539.v2.0.NDVI.tif,S30,T47SQB,2018-05-13,2018133,035539,EPSG:32647,699960.0,4090200.0,809760.0,4200000.0,True
/home/ec2-user/ndvi_sqs_work/qinghai/raw/HLS-VI.S30.T47SQC.2018133T035539.v2.0.NDVI.tif,HLS-VI.S30.T47SQC.2018133T035539.v2.0.NDVI.tif,S30,T47SQC,2018-05-13,2018133,035539,EPSG:32647,699960.0,4190220.0,809760.0,4300020.0,True
/home/ec2-user/ndvi_sqs_work/qinghai/raw/HLS-VI.S30.T47SQS.2018133T035539.v2.0.NDVI.tif,HLS-VI.S30.T47SQS.2018133T035539.v2.0.NDVI.tif,S30,T47SQS,2018-05-13,2018133,035539,EPSG:32647,699960.0,3590220.0,809760.0,3700020.0,True
/home/ec2-user/ndvi_sqs_work/qinghai/raw/HLS-VI.S30.T47SQT.2018133T035539.v2.0.NDVI.tif,HLS-VI.S30.T47SQT.2018133T035539.v2.0.NDVI.tif,S30,T47SQT,2018-05-13,2018133,035539,EPSG:32647,699960.0,3690240.0,809760.0,3800040.0,True
/home/ec2-user/ndvi_sqs_work/qinghai/raw/HLS-VI.S30.T47SQU.2018133T035539.v2.0.NDVI.tif,HLS-VI.S30.T47SQU.2018133T035539.v2.0.NDVI.tif,S30,T47SQU,2018-05-13,2018133,035539,EPSG:32647,699960.0,3790200.0,809760.0,3900000.0,True
/home/ec2-user/ndvi_sqs_work/qinghai/raw/HLS-VI.S30.T47SQV.2018133T035539.v2.0.NDVI.tif,HLS-VI.S30.T47SQV.2018133T035539.v2.0.NDVI.tif,S30,T47SQV,2018-05-13,2018133,035539,EPSG:32647,699960.0,3890220.0,809760.0,4000020.0,True
/home/ec2-user/ndvi_sqs_work/qinghai/raw/HLS-VI.S30.T48STB.2018133T035539.v2.0.NDVI.tif,HLS-VI.S30.T48STB.2018133T035539.v2.0.NDVI.tif,S30,T48STB,2018-05-13,2018133,035539,EPSG:32648,199980.0,3590220.0,309780.0,3700020.0,True
/home/ec2-user/ndvi_sqs_work/qinghai/raw/HLS-VI.S30.T48STC.2018133T035539.v2.0.NDVI.tif,HLS-VI.S30.T48STC.2018133T035539.v2.0.NDVI.tif,S30,T48STC,2018-05-13,2018133,035539,EPSG:32648,199980.0,3690240.0,309780.0,3800040.0,True
/home/ec2-user/ndvi_sqs_work/qinghai/raw/HLS-VI.S30.T48STD.2018133T035539.v2.0.NDVI.tif,HLS-VI.S30.T48STD.2018133T035539.v2.0.NDVI.tif,S30,T48STD,2018-05-13,2018133,035539,EPSG:32648,199980.0,3790200.0,309780.0,3900000.0,True
/home/ec2-user/ndvi_sqs_work/qinghai/raw/HLS-VI.S30.T48STE.2018133T035539.v2.0.NDVI.tif,HLS-VI.S30.T48STE.2018133T035539.v2.0.NDVI.tif,S30,T48STE,2018-05-13,2018133,035539,EPSG:32648,199980.0,3890220.0,309780.0,4000020.0,True
/home/ec2-user/ndvi_sqs_work/qinghai/raw/HLS-VI.S30.T48STF.2018133T035539.v2.0.NDVI.tif,HLS-VI.S30.T48STF.2018133T035539.v2.0.NDVI.tif,S30,T48STF,2018-05-13,2018133,035539,EPSG:32648,199980.0,3990240.0,309780.0,4100040.0,True
/home/ec2-user/ndvi_sqs_work/qinghai/raw/HLS-VI.S30.T48STG.2018133T035539.v2.0.NDVI.tif,HLS-VI.S30.T48STG.2018133T035539.v2.0.NDVI.tif,S30,T48STG,2018-05-13,2018133,035539,EPSG:32648,199980.0,4090200.0,309780.0,4200000.0,True
/home/ec2-user/ndvi_sqs_work/qinghai/raw/HLS-VI.S30.T48SUE.2018133T035539.v2.0.NDVI.tif,HLS-VI.S30.T48SUE.2018133T035539.v2.0.NDVI.tif,S30,T48SUE,2018-05-13,2018133,035539,EPSG:32648,300000.0,3890220.0,409800.0,4000020.0,True
/home/ec2-user/ndvi_sqs_work/qinghai/raw/HLS-VI.S30.T48SUF.2018133T035539.v2.0.NDVI.tif,HLS-VI.S30.T48SUF.2018133T035539.v2.0.NDVI.tif,S30,T48SUF,2018-05-13,2018133,035539,EPSG:32648,300000.0,3990240.0,409800.0,4100040.0,True
/home/ec2-user/ndvi_sqs_work/qinghai/raw/HLS-VI.S30.T46SFD.2018134T041551.v2.0.NDVI.tif,HLS-VI.S30.T46SFD.2018134T041551.v2.0.NDVI.tif,S30,T46SFD,2018-05-14,2018134,041551,EPSG:32646,600000.0,3790200.0,709800.0,3900000.0,True
/home/ec2-user/ndvi_sqs_work/qinghai/raw/HLS-VI.S30.T46SFE.2018134T041551.v2.0.NDVI.tif,HLS-VI.S30.T46SFE.2018134T041551.v2.0.NDVI.tif,S30,T46SFE,2018-05-14,2018134,041551,EPSG:32646,600000.0,3890220.0,709800.0,4000020.0,True
/home/ec2-user/ndvi_sqs_work/qinghai/raw/HLS-VI.S30.T46SFF.2018134T041551.v2.0.NDVI.tif,HLS-VI.S30.T46SFF.2018134T041551.v2.0.NDVI.tif,S30,T46SFF,2018-05-14,2018134,041551,EPSG:32646,600000.0,3990240.0,709800.0,4100040.0,True
/home/ec2-user/ndvi_sqs_work/qinghai/raw/HLS-VI.S30.T46SGA.2018134T041551.v2.0.NDVI.tif,HLS-VI.S30.T46SGA.2018134T041551.v2.0.NDVI.tif,S30,T46SGA,2018-05-14,2018134,041551,EPSG:32646,699960.0,3490200.0,809760.0,3600000.0,True
/home/ec2-user/ndvi_sqs_work/qinghai/raw/HLS-VI.S30.T46SGE.2018134T041551.v2.0.NDVI.tif,HLS-VI.S30.T46SGE.2018134T041551.v2.0.NDVI.tif,S30,T46SGE,2018-05-14,2018134,041551,EPSG:32646,699960.0,3890220.0,809760.0,4000020.0,True
/home/ec2-user/ndvi_sqs_work/qinghai/raw/HLS-VI.S30.T46SGF.2018134T041551.v2.0.NDVI.tif,HLS-VI.S30.T46SGF.2018134T041551.v2.0.NDVI.tif,S30,T46SGF,2018-05-14,2018134,041551,EPSG:32646,699960.0,3990240.0,809760.0,4100040.0,True
/home/ec2-user/ndvi_sqs_work/qinghai/raw/HLS-VI.S30.T46SGG.2018134T041551.v2.0.NDVI.tif,HLS-VI.S30.T46SGG.2018134T041551.v2.0.NDVI.tif,S30,T46SGG,2018-05-14,2018134,041551,EPSG:32646,699960.0,4090200.0,809760.0,4200000.0,True
/home/ec2-user/ndvi_sqs_work/qinghai/raw/HLS-VI.S30.T46SGH.2018134T041551.v2.0.NDVI.tif,HLS-VI.S30.T46SGH.2018134T041551.v2.0.NDVI.tif,S30,T46SGH,2018-05-14,2018134,041551,EPSG:32646,699960.0,4190220.0,809760.0,4300020.0,True
/home/ec2-user/ndvi_sqs_work/qinghai/raw/HLS-VI.S30.T47SKA.2018134T041551.v2.0.NDVI.tif,HLS-VI.S30.T47SKA.2018134T041551.v2.0.NDVI.tif,S30,T47SKA,2018-05-14,2018134,041551,EPSG:32647,199980.0,3990240.0,309780.0,4100040.0,True
/home/ec2-user/ndvi_sqs_work/qinghai/raw/HLS-VI.S30.T47SKB.2018134T041551.v2.0.NDVI.tif,HLS-VI.S30.T47SKB.2018134T041551.v2.0.NDVI.tif,S30,T47SKB,2018-05-14,2018134,041551,EPSG:32647,199980.0,4090200.0,309780.0,4200000.0,True
/home/ec2-user/ndvi_sqs_work/qinghai/raw/HLS-VI.S30.T47SKC.2018134T041551.v2.0.NDVI.tif,HLS-VI.S30.T47SKC.2018134T041551.v2.0.NDVI.tif,S30,T47SKC,2018-05-14,2018134,041551,EPSG:32647,199980.0,4190220.0,309780.0,4300020.0,True
/home/ec2-user/ndvi_sqs_work/qinghai/raw/HLS-VI.S30.T47SKR.2018134T041551.v2.0.NDVI.tif,HLS-VI.S30.T47SKR.2018134T041551.v2.0.NDVI.tif,S30,T47SKR,2018-05-14,2018134,041551,EPSG:32647,199980.0,3490200.0,309780.0,3600000.0,True
/home/ec2-user/ndvi_sqs_work/qinghai/raw/HLS-VI.S30.T47SKS.2018134T041551.v2.0.NDVI.tif,HLS-VI.S30.T47SKS.2018134T041551.v2.0.NDVI.tif,S30,T47SKS,2018-05-14,2018134,041551,EPSG:32647,199980.0,3590220.0,309780.0,3700020.0,True
/home/ec2-user/ndvi_sqs_work/qinghai/raw/HLS-VI.S30.T47SKV.2018134T041551.v2.0.NDVI.tif,HLS-VI.S30.T47SKV.2018134T041551.v2.0.NDVI.tif,S30,T47SKV,2018-05-14,2018134,041551,EPSG:32647,199980.0,3890220.0,309780.0,4000020.0,True
/home/ec2-user/ndvi_sqs_work/qinghai/raw/HLS-VI.S30.T47SLA.2018134T041551.v2.0.NDVI.tif,HLS-VI.S30.T47SLA.2018134T041551.v2.0.NDVI.tif,S30,T47SLA,2018-05-14,2018134,041551,EPSG:32647,300000.0,3990240.0,409800.0,4100040.0,True
/home/ec2-user/ndvi_sqs_work/qinghai/raw/HLS-VI.S30.T47SLB.2018134T041551.v2.0.NDVI.tif,HLS-VI.S30.T47SLB.2018134T041551.v2.0.NDVI.tif,S30,T47SLB,2018-05-14,2018134,041551,EPSG:32647,300000.0,4090200.0,409800.0,4200000.0,True
/home/ec2-user/ndvi_sqs_work/qinghai/raw/HLS-VI.S30.T47SLC.2018134T041551.v2.0.NDVI.tif,HLS-VI.S30.T47SLC.2018134T041551.v2.0.NDVI.tif,S30,T47SLC,2018-05-14,2018134,041551,EPSG:32647,300000.0,4190220.0,409800.0,4300020.0,True
/home/ec2-user/ndvi_sqs_work/qinghai/raw/HLS-VI.S30.T47SLS.2018134T041551.v2.0.NDVI.tif,HLS-VI.S30.T47SLS.2018134T041551.v2.0.NDVI.tif,S30,T47SLS,2018-05-14,2018134,041551,EPSG:32647,300000.0,3590220.0,409800.0,3700020.0,True
/home/ec2-user/ndvi_sqs_work/qinghai/raw/HLS-VI.S30.T47SLT.2018134T041551.v2.0.NDVI.tif,HLS-VI.S30.T47SLT.2018134T041551.v2.0.NDVI.tif,S30,T47SLT,2018-05-14,2018134,041551,EPSG:32647,300000.0,3690240.0,409800.0,3800040.0,True
/home/ec2-user/ndvi_sqs_work/qinghai/raw/HLS-VI.S30.T47SMA.2018134T041551.v2.0.NDVI.tif,HLS-VI.S30.T47SMA.2018134T041551.v2.0.NDVI.tif,S30,T47SMA,2018-05-14,2018134,041551,EPSG:32647,399960.0,3990240.0,509760.0,4100040.0,True
/home/ec2-user/ndvi_sqs_work/qinghai/raw/HLS-VI.S30.T47SMB.2018134T041551.v2.0.NDVI.tif,HLS-VI.S30.T47SMB.2018134T041551.v2.0.NDVI.tif,S30,T47SMB,2018-05-14,2018134,041551,EPSG:32647,399960.0,4090200.0,509760.0,4200000.0,True
/home/ec2-user/ndvi_sqs_work/qinghai/raw/HLS-VI.S30.T47SMC.2018134T041551.v2.0.NDVI.tif,HLS-VI.S30.T47SMC.2018134T041551.v2.0.NDVI.tif,S30,T47SMC,2018-05-14,2018134,041551,EPSG:32647,399960.0,4190220.0,509760.0,4300020.0,True
/home/ec2-user/ndvi_sqs_work/qinghai/raw/HLS-VI.S30.T47SMU.2018134T041551.v2.0.NDVI.tif,HLS-VI.S30.T47SMU.2018134T041551.v2.0.NDVI.tif,S30,T47SMU,2018-05-14,2018134,041551,EPSG:32647,399960.0,3790200.0,509760.0,3900000.0,True
/home/ec2-user/ndvi_sqs_work/qinghai/raw/HLS-VI.S30.T47SMV.2018134T041551.v2.0.NDVI.tif,HLS-VI.S30.T47SMV.2018134T041551.v2.0.NDVI.tif,S30,T47SMV,2018-05-14,2018134,041551,EPSG:32647,399960.0,3890220.0,509760.0,4000020.0,True
/home/ec2-user/ndvi_sqs_work/qinghai/raw/HLS-VI.S30.T47SNC.2018134T041551.v2.0.NDVI.tif,HLS-VI.S30.T47SNC.2018134T041551.v2.0.NDVI.tif,S30,T47SNC,2018-05-14,2018134,041551,EPSG:32647,499980.0,4190220.0,609780.0,4300020.0,True
/home/ec2-user/ndvi_sqs_work/qinghai/raw/HLS-VI.S30.T47SQS.2018135T034541.v2.0.NDVI.tif,HLS-VI.S30.T47SQS.2018135T034541.v2.0.NDVI.tif,S30,T47SQS,2018-05-15,2018135,034541,EPSG:32647,699960.0,3590220.0,809760.0,3700020.0,True
/home/ec2-user/ndvi_sqs_work/qinghai/raw/HLS-VI.S30.T47SQT.2018135T034541.v2.0.NDVI.tif,HLS-VI.S30.T47SQT.2018135T034541.v2.0.NDVI.tif,S30,T47SQT,2018-05-15,2018135,034541,EPSG:32647,699960.0,3690240.0,809760.0,3800040.0,True
/home/ec2-user/ndvi_sqs_work/qinghai/raw/HLS-VI.S30.T47SQU.2018135T034541.v2.0.NDVI.tif,HLS-VI.S30.T47SQU.2018135T034541.v2.0.NDVI.tif,S30,T47SQU,2018-05-15,2018135,034541,EPSG:32647,699960.0,3790200.0,809760.0,3900000.0,True
/home/ec2-user/ndvi_sqs_work/qinghai/raw/HLS-VI.S30.T48STB.2018135T034541.v2.0.NDVI.tif,HLS-VI.S30.T48STB.2018135T034541.v2.0.NDVI.tif,S30,T48STB,2018-05-15,2018135,034541,EPSG:32648,199980.0,3590220.0,309780.0,3700020.0,True
/home/ec2-user/ndvi_sqs_work/qinghai/raw/HLS-VI.S30.T48STC.2018135T034541.v2.0.NDVI.tif,HLS-VI.S30.T48STC.2018135T034541.v2.0.NDVI.tif,S30,T48STC,2018-05-15,2018135,034541,EPSG:32648,199980.0,3690240.0,309780.0,3800040.0,True
/home/ec2-user/ndvi_sqs_work/qinghai/raw/HLS-VI.S30.T48STD.2018135T034541.v2.0.NDVI.tif,HLS-VI.S30.T48STD.2018135T034541.v2.0.NDVI.tif,S30,T48STD,2018-05-15,2018135,034541,EPSG:32648,199980.0,3790200.0,309780.0,3900000.0,True
/home/ec2-user/ndvi_sqs_work/qinghai/raw/HLS-VI.S30.T48STE.2018135T034541.v2.0.NDVI.tif,HLS-VI.S30.T48STE.2018135T034541.v2.0.NDVI.tif,S30,T48STE,2018-05-15,2018135,034541,EPSG:32648,199980.0,3890220.0,309780.0,4000020.0,True
/home/ec2-user/ndvi_sqs_work/qinghai/raw/HLS-VI.S30.T48STF.2018135T034541.v2.0.NDVI.tif,HLS-VI.S30.T48STF.2018135T034541.v2.0.NDVI.tif,S30,T48STF,2018-05-15,2018135,034541,EPSG:32648,199980.0,3990240.0,309780.0,4100040.0,True
/home/ec2-user/ndvi_sqs_work/qinghai/raw/HLS-VI.S30.T48SUE.2018135T034541.v2.0.NDVI.tif,HLS-VI.S30.T48SUE.2018135T034541.v2.0.NDVI.tif,S30,T48SUE,2018-05-15,2018135,034541,EPSG:32648,300000.0,3890220.0,409800.0,4000020.0,True
/home/ec2-user/ndvi_sqs_work/qinghai/raw/HLS-VI.S30.T48SUF.2018135T034541.v2.0.NDVI.tif,HLS-VI.S30.T48SUF.2018135T034541.v2.0.NDVI.tif,S30,T48SUF,2018-05-15,2018135,034541,EPSG:32648,300000.0,3990240.0,409800.0,4100040.0,True
/home/ec2-user/ndvi_sqs_work/qinghai/raw/HLS-VI.S30.T46SCC.2018137T042711.v2.0.NDVI.tif,HLS-VI.S30.T46SCC.2018137T042711.v2.0.NDVI.tif,S30,T46SCC,2018-05-17,2018137,042711,EPSG:32646,300000.0,3690240.0,409800.0,3800040.0,True
/home/ec2-user/ndvi_sqs_work/qinghai/raw/HLS-VI.S30.T46SDD.2018137T042711.v2.0.NDVI.tif,HLS-VI.S30.T46SDD.2018137T042711.v2.0.NDVI.tif,S30,T46SDD,2018-05-17,2018137,042711,EPSG:32646,399960.0,3790200.0,509760.0,3900000.0,True
/home/ec2-user/ndvi_sqs_work/qinghai/raw/HLS-VI.S30.T46SDE.2018137T042711.v2.0.NDVI.tif,HLS-VI.S30.T46SDE.2018137T042711.v2.0.NDVI.tif,S30,T46SDE,2018-05-17,2018137,042711,EPSG:32646,399960.0,3890220.0,509760.0,4000020.0,True
/home/ec2-user/ndvi_sqs_work/qinghai/raw/HLS-VI.S30.T46SEE.2018137T042711.v2.0.NDVI.tif,HLS-VI.S30.T46SEE.2018137T042711.v2.0.NDVI.tif,S30,T46SEE,2018-05-17,2018137,042711,EPSG:32646,499980.0,3890220.0,609780.0,4000020.0,True
/home/ec2-user/ndvi_sqs_work/qinghai/raw/HLS-VI.S30.T46SEF.2018137T042711.v2.0.NDVI.tif,HLS-VI.S30.T46SEF.2018137T042711.v2.0.NDVI.tif,S30,T46SEF,2018-05-17,2018137,042711,EPSG:32646,499980.0,3990240.0,609780.0,4100040.0,True
/home/ec2-user/ndvi_sqs_work/qinghai/raw/HLS-VI.S30.T46SFF.2018137T042711.v2.0.NDVI.tif,HLS-VI.S30.T46SFF.2018137T042711.v2.0.NDVI.tif,S30,T46SFF,2018-05-17,2018137,042711,EPSG:32646,600000.0,3990240.0,709800.0,4100040.0,True
/home/ec2-user/ndvi_sqs_work/qinghai/raw/HLS-VI.S30.T46SFG.2018137T042711.v2.0.NDVI.tif,HLS-VI.S30.T46SFG.2018137T042711.v2.0.NDVI.tif,S30,T46SFG,2018-05-17,2018137,042711,EPSG:32646,600000.0,4090200.0,709800.0,4200000.0,True
/home/ec2-user/ndvi_sqs_work/qinghai/raw/HLS-VI.S30.T46SGF.2018137T042711.v2.0.NDVI.tif,HLS-VI.S30.T46SGF.2018137T042711.v2.0.NDVI.tif,S30,T46SGF,2018-05-17,2018137,042711,EPSG:32646,699960.0,3990240.0,809760.0,4100040.0,True
/home/ec2-user/ndvi_sqs_work/qinghai/raw/HLS-VI.S30.T46SGG.2018137T042711.v2.0.NDVI.tif,HLS-VI.S30.T46SGG.2018137T042711.v2.0.NDVI.tif,S30,T46SGG,2018-05-17,2018137,042711,EPSG:32646,699960.0,4090200.0,809760.0,4200000.0,True
/home/ec2-user/ndvi_sqs_work/qinghai/raw/HLS-VI.S30.T47SKA.2018137T042711.v2.0.NDVI.tif,HLS-VI.S30.T47SKA.2018137T042711.v2.0.NDVI.tif,S30,T47SKA,2018-05-17,2018137,042711,EPSG:32647,199980.0,3990240.0,309780.0,4100040.0,True
/home/ec2-user/ndvi_sqs_work/qinghai/raw/HLS-VI.S30.T46SCJ.2018138T044659.v2.0.NDVI.tif,HLS-VI.S30.T46SCJ.2018138T044659.v2.0.NDVI.tif,S30,T46SCJ,2018-05-18,2018138,044659,EPSG:32646,300000.0,4290240.0,409800.0,4400040.0,True
/home/ec2-user/ndvi_sqs_work/qinghai/raw/HLS-VI.S30.T47SLA.2018139T041549.v2.0.NDVI.tif,HLS-VI.S30.T47SLA.2018139T041549.v2.0.NDVI.tif,S30,T47SLA,2018-05-19,2018139,041549,EPSG:32647,300000.0,3990240.0,409800.0,4100040.0,True
/home/ec2-user/ndvi_sqs_work/qinghai/raw/HLS-VI.S30.T47SMV.2018139T041549.v2.0.NDVI.tif,HLS-VI.S30.T47SMV.2018139T041549.v2.0.NDVI.tif,S30,T47SMV,2018-05-19,2018139,041549,EPSG:32647,399960.0,3890220.0,509760.0,4000020.0,True
/home/ec2-user/ndvi_sqs_work/qinghai/raw/HLS-VI.S30.T47SND.2018139T041549.v2.0.NDVI.tif,HLS-VI.S30.T47SND.2018139T041549.v2.0.NDVI.tif,S30,T47SND,2018-05-19,2018139,041549,EPSG:32647,499980.0,4290240.0,609780.0,4400040.0,True
/home/ec2-user/ndvi_sqs_work/qinghai/raw/HLS-VI.S30.T46SBB.2018140T043701.v2.0.NDVI.tif,HLS-VI.S30.T46SBB.2018140T043701.v2.0.NDVI.tif,S30,T46SBB,2018-05-20,2018140,043701,EPSG:32646,199980.0,3590220.0,309780.0,3700020.0,True
/home/ec2-user/ndvi_sqs_work/qinghai/raw/HLS-VI.S30.T47SQS.2018140T034529.v2.0.NDVI.tif,HLS-VI.S30.T47SQS.2018140T034529.v2.0.NDVI.tif,S30,T47SQS,2018-05-20,2018140,034529,EPSG:32647,699960.0,3590220.0,809760.0,3700020.0,True
/home/ec2-user/ndvi_sqs_work/qinghai/raw/HLS-VI.S30.T47SQT.2018140T034529.v2.0.NDVI.tif,HLS-VI.S30.T47SQT.2018140T034529.v2.0.NDVI.tif,S30,T47SQT,2018-05-20,2018140,034529,EPSG:32647,699960.0,3690240.0,809760.0,3800040.0,True
/home/ec2-user/ndvi_sqs_work/qinghai/raw/HLS-VI.S30.T48STB.2018140T034529.v2.0.NDVI.tif,HLS-VI.S30.T48STB.2018140T034529.v2.0.NDVI.tif,S30,T48STB,2018-05-20,2018140,034529,EPSG:32648,199980.0,3590220.0,309780.0,3700020.0,True
/home/ec2-user/ndvi_sqs_work/qinghai/raw/HLS-VI.S30.T47SKR.2018141T040551.v2.0.NDVI.tif,HLS-VI.S30.T47SKR.2018141T040551.v2.0.NDVI.tif,S30,T47SKR,2018-05-21,2018141,040551,EPSG:32647,199980.0,3490200.0,309780.0,3600000.0,True
/home/ec2-user/ndvi_sqs_work/qinghai/raw/HLS-VI.S30.T47SLR.2018141T040551.v2.0.NDVI.tif,HLS-VI.S30.T47SLR.2018141T040551.v2.0.NDVI.tif,S30,T47SLR,2018-05-21,2018141,040551,EPSG:32647,300000.0,3490200.0,409800.0,3600000.0,True
/home/ec2-user/ndvi_sqs_work/qinghai/raw/HLS-VI.S30.T46SCB.2018142T042659.v2.0.NDVI.tif,HLS-VI.S30.T46SCB.2018142T042659.v2.0.NDVI.tif,S30,T46SCB,2018-05-22,2018142,042659,EPSG:32646,300000.0,3590220.0,409800.0,3700020.0,True
/home/ec2-user/ndvi_sqs_work/qinghai/raw/HLS-VI.S30.T46SDD.2018142T042659.v2.0.NDVI.tif,HLS-VI.S30.T46SDD.2018142T042659.v2.0.NDVI.tif,S30,T46SDD,2018-05-22,2018142,042659,EPSG:32646,399960.0,3790200.0,509760.0,3900000.0,True
/home/ec2-user/ndvi_sqs_work/qinghai/raw/HLS-VI.S30.T46SDG.2018142T042659.v2.0.NDVI.tif,HLS-VI.S30.T46SDG.2018142T042659.v2.0.NDVI.tif,S30,T46SDG,2018-05-22,2018142,042659,EPSG:32646,399960.0,4090200.0,509760.0,4200000.0,True
/home/ec2-user/ndvi_sqs_work/qinghai/raw/HLS-VI.S30.T46SEC.2018142T042659.v2.0.NDVI.tif,HLS-VI.S30.T46SEC.2018142T042659.v2.0.NDVI.tif,S30,T46SEC,2018-05-22,2018142,042659,EPSG:32646,499980.0,3690240.0,609780.0,3800040.0,True
/home/ec2-user/ndvi_sqs_work/qinghai/raw/HLS-VI.S30.T46SED.2018142T042659.v2.0.NDVI.tif,HLS-VI.S30.T46SED.2018142T042659.v2.0.NDVI.tif,S30,T46SED,2018-05-22,2018142,042659,EPSG:32646,499980.0,3790200.0,609780.0,3900000.0,True
/home/ec2-user/ndvi_sqs_work/qinghai/raw/HLS-VI.S30.T46SFB.2018142T042659.v2.0.NDVI.tif,HLS-VI.S30.T46SFB.2018142T042659.v2.0.NDVI.tif,S30,T46SFB,2018-05-22,2018142,042659,EPSG:32646,600000.0,3590220.0,709800.0,3700020.0,True
/home/ec2-user/ndvi_sqs_work/qinghai/raw/HLS-VI.S30.T46SFC.2018142T042659.v2.0.NDVI.tif,HLS-VI.S30.T46SFC.2018142T042659.v2.0.NDVI.tif,S30,T46SFC,2018-05-22,2018142,042659,EPSG:32646,600000.0,3690240.0,709800.0,3800040.0,True
/home/ec2-user/ndvi_sqs_work/qinghai/raw/HLS-VI.S30.T46SFD.2018142T042659.v2.0.NDVI.tif,HLS-VI.S30.T46SFD.2018142T042659.v2.0.NDVI.tif,S30,T46SFD,2018-05-22,2018142,042659,EPSG:32646,600000.0,3790200.0,709800.0,3900000.0,True
/home/ec2-user/ndvi_sqs_work/qinghai/raw/HLS-VI.S30.T47SKA.2018142T042659.v2.0.NDVI.tif,HLS-VI.S30.T47SKA.2018142T042659.v2.0.NDVI.tif,S30,T47SKA,2018-05-22,2018142,042659,EPSG:32647,199980.0,3990240.0,309780.0,4100040.0,True
/home/ec2-user/ndvi_sqs_work/qinghai/raw/HLS-VI.S30.T47SND.2018146T040659.v2.0.NDVI.tif,HLS-VI.S30.T47SND.2018146T040659.v2.0.NDVI.tif,S30,T47SND,2018-05-26,2018146,040659,EPSG:32647,499980.0,4290240.0,609780.0,4400040.0,True
/home/ec2-user/ndvi_sqs_work/qinghai/raw/HLS-VI.S30.T46SFH.2018147T042711.v2.0.NDVI.tif,HLS-VI.S30.T46SFH.2018147T042711.v2.0.NDVI.tif,S30,T46SFH,2018-05-27,2018147,042711,EPSG:32646,600000.0,4190220.0,709800.0,4300020.0,True
/home/ec2-user/ndvi_sqs_work/qinghai/raw/HLS-VI.S30.T47SQC.2018148T035711.v2.0.NDVI.tif,HLS-VI.S30.T47SQC.2018148T035711.v2.0.NDVI.tif,S30,T47SQC,2018-05-28,2018148,035711,EPSG:32647,699960.0,4190220.0,809760.0,4300020.0,True
/home/ec2-user/ndvi_sqs_work/qinghai/raw/HLS-VI.S30.T48SUE.2018150T034529.v2.0.NDVI.tif,HLS-VI.S30.T48SUE.2018150T034529.v2.0.NDVI.tif,S30,T48SUE,2018-05-30,2018150,034529,EPSG:32648,300000.0,3890220.0,409800.0,4000020.0,True
/home/ec2-user/ndvi_sqs_work/qinghai/raw/HLS-VI.S30.T46SDE.2018152T042659.v2.0.NDVI.tif,HLS-VI.S30.T46SDE.2018152T042659.v2.0.NDVI.tif,S30,T46SDE,2018-06-01,2018152,042659,EPSG:32646,399960.0,3890220.0,509760.0,4000020.0,True
/home/ec2-user/ndvi_sqs_work/qinghai/raw/HLS-VI.S30.T46SEE.2018152T042659.v2.0.NDVI.tif,HLS-VI.S30.T46SEE.2018152T042659.v2.0.NDVI.tif,S30,T46SEE,2018-06-01,2018152,042659,EPSG:32646,499980.0,3890220.0,609780.0,4000020.0,True
/home/ec2-user/ndvi_sqs_work/qinghai/raw/HLS-VI.S30.T46SEF.2018152T042659.v2.0.NDVI.tif,HLS-VI.S30.T46SEF.2018152T042659.v2.0.NDVI.tif,S30,T46SEF,2018-06-01,2018152,042659,EPSG:32646,499980.0,3990240.0,609780.0,4100040.0,True
/home/ec2-user/ndvi_sqs_work/qinghai/raw/HLS-VI.S30.T46SFE.2018152T042659.v2.0.NDVI.tif,HLS-VI.S30.T46SFE.2018152T042659.v2.0.NDVI.tif,S30,T46SFE,2018-06-01,2018152,042659,EPSG:32646,600000.0,3890220.0,709800.0,4000020.0,True
/home/ec2-user/ndvi_sqs_work/qinghai/raw/HLS-VI.S30.T46SFF.2018152T042659.v2.0.NDVI.tif,HLS-VI.S30.T46SFF.2018152T042659.v2.0.NDVI.tif,S30,T46SFF,2018-06-01,2018152,042659,EPSG:32646,600000.0,3990240.0,709800.0,4100040.0,True
/home/ec2-user/ndvi_sqs_work/qinghai/raw/HLS-VI.S30.T46SGE.2018152T042659.v2.0.NDVI.tif,HLS-VI.S30.T46SGE.2018152T042659.v2.0.NDVI.tif,S30,T46SGE,2018-06-01,2018152,042659,EPSG:32646,699960.0,3890220.0,809760.0,4000020.0,True
/home/ec2-user/ndvi_sqs_work/qinghai/raw/HLS-VI.S30.T46SGF.2018152T042659.v2.0.NDVI.tif,HLS-VI.S30.T46SGF.2018152T042659.v2.0.NDVI.tif,S30,T46SGF,2018-06-01,2018152,042659,EPSG:32646,699960.0,3990240.0,809760.0,4100040.0,True
/home/ec2-user/ndvi_sqs_work/qinghai/raw/HLS-VI.S30.T47SKA.2018152T042659.v2.0.NDVI.tif,HLS-VI.S30.T47SKA.2018152T042659.v2.0.NDVI.tif,S30,T47SKA,2018-06-01,2018152,042659,EPSG:32647,199980.0,3990240.0,309780.0,4100040.0,True
/home/ec2-user/ndvi_sqs_work/qinghai/raw/HLS-VI.S30.T47SKV.2018152T042659.v2.0.NDVI.tif,HLS-VI.S30.T47SKV.2018152T042659.v2.0.NDVI.tif,S30,T47SKV,2018-06-01,2018152,042659,EPSG:32647,199980.0,3890220.0,309780.0,4000020.0,True
/home/ec2-user/ndvi_sqs_work/qinghai/raw/HLS-VI.S30.T47SNC.2018154T041701.v2.0.NDVI.tif,HLS-VI.S30.T47SNC.2018154T041701.v2.0.NDVI.tif,S30,T47SNC,2018-06-03,2018154,041701,EPSG:32647,499980.0,4190220.0,609780.0,4300020.0,True
/home/ec2-user/ndvi_sqs_work/qinghai/raw/HLS-VI.S30.T47SND.2018154T041701.v2.0.NDVI.tif,HLS-VI.S30.T47SND.2018154T041701.v2.0.NDVI.tif,S30,T47SND,2018-06-03,2018154,041701,EPSG:32647,499980.0,4290240.0,609780.0,4400040.0,True
/home/ec2-user/ndvi_sqs_work/qinghai/raw/HLS-VI.S30.T45SYA.2018155T043659.v2.0.NDVI.tif,HLS-VI.S30.T45SYA.2018155T043659.v2.0.NDVI.tif,S30,T45SYA,2018-06-04,2018155,043659,EPSG:32645,699960.0,3990240.0,809760.0,4100040.0,True
/home/ec2-user/ndvi_sqs_work/qinghai/raw/HLS-VI.S30.T45SYV.2018155T043659.v2.0.NDVI.tif,HLS-VI.S30.T45SYV.2018155T043659.v2.0.NDVI.tif,S30,T45SYV,2018-06-04,2018155,043659,EPSG:32645,699960.0,3890220.0,809760.0,4000020.0,True
/home/ec2-user/ndvi_sqs_work/qinghai/raw/HLS-VI.S30.T46SBE.2018155T043659.v2.0.NDVI.tif,HLS-VI.S30.T46SBE.2018155T043659.v2.0.NDVI.tif,S30,T46SBE,2018-06-04,2018155,043659,EPSG:32646,199980.0,3890220.0,309780.0,4000020.0,True
/home/ec2-user/ndvi_sqs_work/qinghai/raw/HLS-VI.S30.T46SBF.2018155T043659.v2.0.NDVI.tif,HLS-VI.S30.T46SBF.2018155T043659.v2.0.NDVI.tif,S30,T46SBF,2018-06-04,2018155,043659,EPSG:32646,199980.0,3990240.0,309780.0,4100040.0,True
/home/ec2-user/ndvi_sqs_work/qinghai/raw/HLS-VI.S30.T46SDG.2018155T043659.v2.0.NDVI.tif,HLS-VI.S30.T46SDG.2018155T043659.v2.0.NDVI.tif,S30,T46SDG,2018-06-04,2018155,043659,EPSG:32646,399960.0,4090200.0,509760.0,4200000.0,True
/home/ec2-user/ndvi_sqs_work/qinghai/raw/HLS-VI.S30.T46SEF.2018155T043659.v2.0.NDVI.tif,HLS-VI.S30.T46SEF.2018155T043659.v2.0.NDVI.tif,S30,T46SEF,2018-06-04,2018155,043659,EPSG:32646,499980.0,3990240.0,609780.0,4100040.0,True
/home/ec2-user/ndvi_sqs_work/qinghai/raw/HLS-VI.S30.T46SEG.2018155T043659.v2.0.NDVI.tif,HLS-VI.S30.T46SEG.2018155T043659.v2.0.NDVI.tif,S30,T46SEG,2018-06-04,2018155,043659,EPSG:32646,499980.0,4090200.0,609780.0,4200000.0,True
/home/ec2-user/ndvi_sqs_work/qinghai/raw/HLS-VI.S30.T48SUE.2018155T034541.v2.0.NDVI.tif,HLS-VI.S30.T48SUE.2018155T034541.v2.0.NDVI.tif,S30,T48SUE,2018-06-04,2018155,034541,EPSG:32648,300000.0,3890220.0,409800.0,4000020.0,True
/home/ec2-user/ndvi_sqs_work/qinghai/raw/HLS-VI.S30.T47SKT.2018156T040659.v2.0.NDVI.tif,HLS-VI.S30.T47SKT.2018156T040659.v2.0.NDVI.tif,S30,T47SKT,2018-06-05,2018156,040659,EPSG:32647,199980.0,3690240.0,309780.0,3800040.0,True
/home/ec2-user/ndvi_sqs_work/qinghai/raw/HLS-VI.S30.T47SLA.2018156T040659.v2.0.NDVI.tif,HLS-VI.S30.T47SLA.2018156T040659.v2.0.NDVI.tif,S30,T47SLA,2018-06-05,2018156,040659,EPSG:32647,300000.0,3990240.0,409800.0,4100040.0,True
/home/ec2-user/ndvi_sqs_work/qinghai/raw/HLS-VI.S30.T47SLB.2018156T040659.v2.0.NDVI.tif,HLS-VI.S30.T47SLB.2018156T040659.v2.0.NDVI.tif,S30,T47SLB,2018-06-05,2018156,040659,EPSG:32647,300000.0,4090200.0,409800.0,4200000.0,True
/home/ec2-user/ndvi_sqs_work/qinghai/raw/HLS-VI.S30.T47SLT.2018156T040659.v2.0.NDVI.tif,HLS-VI.S30.T47SLT.2018156T040659.v2.0.NDVI.tif,S30,T47SLT,2018-06-05,2018156,040659,EPSG:32647,300000.0,3690240.0,409800.0,3800040.0,True
/home/ec2-user/ndvi_sqs_work/qinghai/raw/HLS-VI.S30.T47SLU.2018156T040659.v2.0.NDVI.tif,HLS-VI.S30.T47SLU.2018156T040659.v2.0.NDVI.tif,S30,T47SLU,2018-06-05,2018156,040659,EPSG:32647,300000.0,3790200.0,409800.0,3900000.0,True
/home/ec2-user/ndvi_sqs_work/qinghai/raw/HLS-VI.S30.T47SLV.2018156T040659.v2.0.NDVI.tif,HLS-VI.S30.T47SLV.2018156T040659.v2.0.NDVI.tif,S30,T47SLV,2018-06-05,2018156,040659,EPSG:32647,300000.0,3890220.0,409800.0,4000020.0,True
/home/ec2-user/ndvi_sqs_work/qinghai/raw/HLS-VI.S30.T47SMA.2018156T040659.v2.0.NDVI.tif,HLS-VI.S30.T47SMA.2018156T040659.v2.0.NDVI.tif,S30,T47SMA,2018-06-05,2018156,040659,EPSG:32647,399960.0,3990240.0,509760.0,4100040.0,True
/home/ec2-user/ndvi_sqs_work/qinghai/raw/HLS-VI.S30.T47SMB.2018156T040659.v2.0.NDVI.tif,HLS-VI.S30.T47SMB.2018156T040659.v2.0.NDVI.tif,S30,T47SMB,2018-06-05,2018156,040659,EPSG:32647,399960.0,4090200.0,509760.0,4200000.0,True
/home/ec2-user/ndvi_sqs_work/qinghai/raw/HLS-VI.S30.T47SMC.2018156T040659.v2.0.NDVI.tif,HLS-VI.S30.T47SMC.2018156T040659.v2.0.NDVI.tif,S30,T47SMC,2018-06-05,2018156,040659,EPSG:32647,399960.0,4190220.0,509760.0,4300020.0,True
/home/ec2-user/ndvi_sqs_work/qinghai/raw/HLS-VI.S30.T47SMT.2018156T040659.v2.0.NDVI.tif,HLS-VI.S30.T47SMT.2018156T040659.v2.0.NDVI.tif,S30,T47SMT,2018-06-05,2018156,040659,EPSG:32647,399960.0,3690240.0,509760.0,3800040.0,True
/home/ec2-user/ndvi_sqs_work/qinghai/raw/HLS-VI.S30.T47SMU.2018156T040659.v2.0.NDVI.tif,HLS-VI.S30.T47SMU.2018156T040659.v2.0.NDVI.tif,S30,T47SMU,2018-06-05,2018156,040659,EPSG:32647,399960.0,3790200.0,509760.0,3900000.0,True
/home/ec2-user/ndvi_sqs_work/qinghai/raw/HLS-VI.S30.T47SMV.2018156T040659.v2.0.NDVI.tif,HLS-VI.S30.T47SMV.2018156T040659.v2.0.NDVI.tif,S30,T47SMV,2018-06-05,2018156,040659,EPSG:32647,399960.0,3890220.0,509760.0,4000020.0,True
/home/ec2-user/ndvi_sqs_work/qinghai/raw/HLS-VI.S30.T47SNA.2018156T040659.v2.0.NDVI.tif,HLS-VI.S30.T47SNA.2018156T040659.v2.0.NDVI.tif,S30,T47SNA,2018-06-05,2018156,040659,EPSG:32647,499980.0,3990240.0,609780.0,4100040.0,True
/home/ec2-user/ndvi_sqs_work/qinghai/raw/HLS-VI.S30.T47SNB.2018156T040659.v2.0.NDVI.tif,HLS-VI.S30.T47SNB.2018156T040659.v2.0.NDVI.tif,S30,T47SNB,2018-06-05,2018156,040659,EPSG:32647,499980.0,4090200.0,609780.0,4200000.0,True
/home/ec2-user/ndvi_sqs_work/qinghai/raw/HLS-VI.S30.T47SNC.2018156T040659.v2.0.NDVI.tif,HLS-VI.S30.T47SNC.2018156T040659.v2.0.NDVI.tif,S30,T47SNC,2018-06-05,2018156,040659,EPSG:32647,499980.0,4190220.0,609780.0,4300020.0,True
/home/ec2-user/ndvi_sqs_work/qinghai/raw/HLS-VI.S30.T47SNS.2018156T040659.v2.0.NDVI.tif,HLS-VI.S30.T47SNS.2018156T040659.v2.0.NDVI.tif,S30,T47SNS,2018-06-05,2018156,040659,EPSG:32647,499980.0,3590220.0,609780.0,3700020.0,True
/home/ec2-user/ndvi_sqs_work/qinghai/raw/HLS-VI.S30.T47SNT.2018156T040659.v2.0.NDVI.tif,HLS-VI.S30.T47SNT.2018156T040659.v2.0.NDVI.tif,S30,T47SNT,2018-06-05,2018156,040659,EPSG:32647,499980.0,3690240.0,609780.0,3800040.0,True
/home/ec2-user/ndvi_sqs_work/qinghai/raw/HLS-VI.S30.T47SNU.2018156T040659.v2.0.NDVI.tif,HLS-VI.S30.T47SNU.2018156T040659.v2.0.NDVI.tif,S30,T47SNU,2018-06-05,2018156,040659,EPSG:32647,499980.0,3790200.0,609780.0,3900000.0,True
/home/ec2-user/ndvi_sqs_work/qinghai/raw/HLS-VI.S30.T47SNV.2018156T040659.v2.0.NDVI.tif,HLS-VI.S30.T47SNV.2018156T040659.v2.0.NDVI.tif,S30,T47SNV,2018-06-05,2018156,040659,EPSG:32647,499980.0,3890220.0,609780.0,4000020.0,True
/home/ec2-user/ndvi_sqs_work/qinghai/raw/HLS-VI.S30.T47SPT.2018156T040659.v2.0.NDVI.tif,HLS-VI.S30.T47SPT.2018156T040659.v2.0.NDVI.tif,S30,T47SPT,2018-06-05,2018156,040659,EPSG:32647,600000.0,3690240.0,709800.0,3800040.0,True
/home/ec2-user/ndvi_sqs_work/qinghai/raw/HLS-VI.S30.T47SPU.2018156T040659.v2.0.NDVI.tif,HLS-VI.S30.T47SPU.2018156T040659.v2.0.NDVI.tif,S30,T47SPU,2018-06-05,2018156,040659,EPSG:32647,600000.0,3790200.0,709800.0,3900000.0,True
/home/ec2-user/ndvi_sqs_work/qinghai/raw/HLS-VI.S30.T47SPV.2018156T040659.v2.0.NDVI.tif,HLS-VI.S30.T47SPV.2018156T040659.v2.0.NDVI.tif,S30,T47SPV,2018-06-05,2018156,040659,EPSG:32647,600000.0,3890220.0,709800.0,4000020.0,True
/home/ec2-user/ndvi_sqs_work/qinghai/raw/HLS-VI.S30.T47SQC.2018156T040659.v2.0.NDVI.tif,HLS-VI.S30.T47SQC.2018156T040659.v2.0.NDVI.tif,S30,T47SQC,2018-06-05,2018156,040659,EPSG:32647,699960.0,4190220.0,809760.0,4300020.0,True
/home/ec2-user/ndvi_sqs_work/qinghai/raw/HLS-VI.S30.T46SDB.2018157T042701.v2.0.NDVI.tif,HLS-VI.S30.T46SDB.2018157T042701.v2.0.NDVI.tif,S30,T46SDB,2018-06-06,2018157,042701,EPSG:32646,399960.0,3590220.0,509760.0,3700020.0,True
/home/ec2-user/ndvi_sqs_work/qinghai/raw/HLS-VI.S30.T46SEB.2018157T042701.v2.0.NDVI.tif,HLS-VI.S30.T46SEB.2018157T042701.v2.0.NDVI.tif,S30,T46SEB,2018-06-06,2018157,042701,EPSG:32646,499980.0,3590220.0,609780.0,3700020.0,True
/home/ec2-user/ndvi_sqs_work/qinghai/raw/HLS-VI.S30.T46SFB.2018157T042701.v2.0.NDVI.tif,HLS-VI.S30.T46SFB.2018157T042701.v2.0.NDVI.tif,S30,T46SFB,2018-06-06,2018157,042701,EPSG:32646,600000.0,3590220.0,709800.0,3700020.0,True
/home/ec2-user/ndvi_sqs_work/qinghai/raw/HLS-VI.S30.T46SEB.2018159T041659.v2.0.NDVI.tif,HLS-VI.S30.T46SEB.2018159T041659.v2.0.NDVI.tif,S30,T46SEB,2018-06-08,2018159,041659,EPSG:32646,499980.0,3590220.0,609780.0,3700020.0,True
/home/ec2-user/ndvi_sqs_work/qinghai/raw/HLS-VI.S30.T46SFA.2018159T041659.v2.0.NDVI.tif,HLS-VI.S30.T46SFA.2018159T041659.v2.0.NDVI.tif,S30,T46SFA,2018-06-08,2018159,041659,EPSG:32646,600000.0,3490200.0,709800.0,3600000.0,True
/home/ec2-user/ndvi_sqs_work/qinghai/raw/HLS-VI.S30.T47SNA.2018163T035539.v2.0.NDVI.tif,HLS-VI.S30.T47SNA.2018163T035539.v2.0.NDVI.tif,S30,T47SNA,2018-06-12,2018163,035539,EPSG:32647,499980.0,3990240.0,609780.0,4100040.0,True
/home/ec2-user/ndvi_sqs_work/qinghai/raw/HLS-VI.S30.T47SPA.2018163T035539.v2.0.NDVI.tif,HLS-VI.S30.T47SPA.2018163T035539.v2.0.NDVI.tif,S30,T47SPA,2018-06-12,2018163,035539,EPSG:32647,600000.0,3990240.0,709800.0,4100040.0,True
/home/ec2-user/ndvi_sqs_work/qinghai/raw/HLS-VI.S30.T47SQA.2018163T035539.v2.0.NDVI.tif,HLS-VI.S30.T47SQA.2018163T035539.v2.0.NDVI.tif,S30,T47SQA,2018-06-12,2018163,035539,EPSG:32647,699960.0,3990240.0,809760.0,4100040.0,True
/home/ec2-user/ndvi_sqs_work/qinghai/raw/HLS-VI.S30.T48STF.2018163T035539.v2.0.NDVI.tif,HLS-VI.S30.T48STF.2018163T035539.v2.0.NDVI.tif,S30,T48STF,2018-06-12,2018163,035539,EPSG:32648,199980.0,3990240.0,309780.0,4100040.0,True
/home/ec2-user/ndvi_sqs_work/qinghai/raw/HLS-VI.S30.T48SUF.2018163T035539.v2.0.NDVI.tif,HLS-VI.S30.T48SUF.2018163T035539.v2.0.NDVI.tif,S30,T48SUF,2018-06-12,2018163,035539,EPSG:32648,300000.0,3990240.0,409800.0,4100040.0,True
/home/ec2-user/ndvi_sqs_work/qinghai/raw/HLS-VI.S30.T46SCE.2018173T044701.v2.0.NDVI.tif,HLS-VI.S30.T46SCE.2018173T044701.v2.0.NDVI.tif,S30,T46SCE,2018-06-22,2018173,044701,EPSG:32646,300000.0,3890220.0,409800.0,4000020.0,True
/home/ec2-user/ndvi_sqs_work/qinghai/raw/HLS-VI.S30.T46SCE.2018178T044659.v2.0.NDVI.tif,HLS-VI.S30.T46SCE.2018178T044659.v2.0.NDVI.tif,S30,T46SCE,2018-06-27,2018178,044659,EPSG:32646,300000.0,3890220.0,409800.0,4000020.0,True
/home/ec2-user/ndvi_sqs_work/qinghai/raw/HLS-VI.S30.T46SGF.2018179T041549.v2.0.NDVI.tif,HLS-VI.S30.T46SGF.2018179T041549.v2.0.NDVI.tif,S30,T46SGF,2018-06-28,2018179,041549,EPSG:32646,699960.0,3990240.0,809760.0,4100040.0,True
/home/ec2-user/ndvi_sqs_work/qinghai/raw/HLS-VI.S30.T47SKA.2018179T041549.v2.0.NDVI.tif,HLS-VI.S30.T47SKA.2018179T041549.v2.0.NDVI.tif,S30,T47SKA,2018-06-28,2018179,041549,EPSG:32647,199980.0,3990240.0,309780.0,4100040.0,True
/home/ec2-user/ndvi_sqs_work/qinghai/raw/HLS-VI.S30.T47SLA.2018179T041549.v2.0.NDVI.tif,HLS-VI.S30.T47SLA.2018179T041549.v2.0.NDVI.tif,S30,T47SLA,2018-06-28,2018179,041549,EPSG:32647,300000.0,3990240.0,409800.0,4100040.0,True
/home/ec2-user/ndvi_sqs_work/qinghai/raw/HLS-VI.S30.T46SCJ.2018190T043701.v2.0.NDVI.tif,HLS-VI.S30.T46SCJ.2018190T043701.v2.0.NDVI.tif,S30,T46SCJ,2018-07-09,2018190,043701,EPSG:32646,300000.0,4290240.0,409800.0,4400040.0,True
/home/ec2-user/ndvi_sqs_work/qinghai/raw/HLS-VI.S30.T46SEF.2018192T042659.v2.0.NDVI.tif,HLS-VI.S30.T46SEF.2018192T042659.v2.0.NDVI.tif,S30,T46SEF,2018-07-11,2018192,042659,EPSG:32646,499980.0,3990240.0,609780.0,4100040.0,True
/home/ec2-user/ndvi_sqs_work/qinghai/raw/HLS-VI.S30.T46SEG.2018192T042659.v2.0.NDVI.tif,HLS-VI.S30.T46SEG.2018192T042659.v2.0.NDVI.tif,S30,T46SEG,2018-07-11,2018192,042659,EPSG:32646,499980.0,4090200.0,609780.0,4200000.0,True
/home/ec2-user/ndvi_sqs_work/qinghai/raw/HLS-VI.S30.T46SFF.2018192T042659.v2.0.NDVI.tif,HLS-VI.S30.T46SFF.2018192T042659.v2.0.NDVI.tif,S30,T46SFF,2018-07-11,2018192,042659,EPSG:32646,600000.0,3990240.0,709800.0,4100040.0,True
/home/ec2-user/ndvi_sqs_work/qinghai/raw/HLS-VI.S30.T46SFG.2018192T042659.v2.0.NDVI.tif,HLS-VI.S30.T46SFG.2018192T042659.v2.0.NDVI.tif,S30,T46SFG,2018-07-11,2018192,042659,EPSG:32646,600000.0,4090200.0,709800.0,4200000.0,True
/home/ec2-user/ndvi_sqs_work/qinghai/raw/HLS-VI.S30.T46SFH.2018192T042659.v2.0.NDVI.tif,HLS-VI.S30.T46SFH.2018192T042659.v2.0.NDVI.tif,S30,T46SFH,2018-07-11,2018192,042659,EPSG:32646,600000.0,4190220.0,709800.0,4300020.0,True
/home/ec2-user/ndvi_sqs_work/qinghai/raw/HLS-VI.S30.T46SGF.2018192T042659.v2.0.NDVI.tif,HLS-VI.S30.T46SGF.2018192T042659.v2.0.NDVI.tif,S30,T46SGF,2018-07-11,2018192,042659,EPSG:32646,699960.0,3990240.0,809760.0,4100040.0,True
/home/ec2-user/ndvi_sqs_work/qinghai/raw/HLS-VI.S30.T46SGG.2018192T042659.v2.0.NDVI.tif,HLS-VI.S30.T46SGG.2018192T042659.v2.0.NDVI.tif,S30,T46SGG,2018-07-11,2018192,042659,EPSG:32646,699960.0,4090200.0,809760.0,4200000.0,True
/home/ec2-user/ndvi_sqs_work/qinghai/raw/HLS-VI.S30.T47SKA.2018192T042659.v2.0.NDVI.tif,HLS-VI.S30.T47SKA.2018192T042659.v2.0.NDVI.tif,S30,T47SKA,2018-07-11,2018192,042659,EPSG:32647,199980.0,3990240.0,309780.0,4100040.0,True
/home/ec2-user/ndvi_sqs_work/qinghai/raw/HLS-VI.S30.T45SYB.2018193T044701.v2.0.NDVI.tif,HLS-VI.S30.T45SYB.2018193T044701.v2.0.NDVI.tif,S30,T45SYB,2018-07-12,2018193,044701,EPSG:32645,699960.0,4090200.0,809760.0,4200000.0,True
/home/ec2-user/ndvi_sqs_work/qinghai/raw/HLS-VI.S30.T46SBG.2018193T044701.v2.0.NDVI.tif,HLS-VI.S30.T46SBG.2018193T044701.v2.0.NDVI.tif,S30,T46SBG,2018-07-12,2018193,044701,EPSG:32646,199980.0,4090200.0,309780.0,4200000.0,True
/home/ec2-user/ndvi_sqs_work/qinghai/raw/HLS-VI.S30.T46SCG.2018193T044701.v2.0.NDVI.tif,HLS-VI.S30.T46SCG.2018193T044701.v2.0.NDVI.tif,S30,T46SCG,2018-07-12,2018193,044701,EPSG:32646,300000.0,4090200.0,409800.0,4200000.0,True
/home/ec2-user/ndvi_sqs_work/qinghai/raw/HLS-VI.S30.T47SNA.2018193T035539.v2.0.NDVI.tif,HLS-VI.S30.T47SNA.2018193T035539.v2.0.NDVI.tif,S30,T47SNA,2018-07-12,2018193,035539,EPSG:32647,499980.0,3990240.0,609780.0,4100040.0,True
/home/ec2-user/ndvi_sqs_work/qinghai/raw/HLS-VI.S30.T47SPA.2018193T035539.v2.0.NDVI.tif,HLS-VI.S30.T47SPA.2018193T035539.v2.0.NDVI.tif,S30,T47SPA,2018-07-12,2018193,035539,EPSG:32647,600000.0,3990240.0,709800.0,4100040.0,True
/home/ec2-user/ndvi_sqs_work/qinghai/raw/HLS-VI.S30.T47SPB.2018193T035539.v2.0.NDVI.tif,HLS-VI.S30.T47SPB.2018193T035539.v2.0.NDVI.tif,S30,T47SPB,2018-07-12,2018193,035539,EPSG:32647,600000.0,4090200.0,709800.0,4200000.0,True
/home/ec2-user/ndvi_sqs_work/qinghai/raw/HLS-VI.S30.T47SPC.2018193T035539.v2.0.NDVI.tif,HLS-VI.S30.T47SPC.2018193T035539.v2.0.NDVI.tif,S30,T47SPC,2018-07-12,2018193,035539,EPSG:32647,600000.0,4190220.0,709800.0,4300020.0,True
/home/ec2-user/ndvi_sqs_work/qinghai/raw/HLS-VI.S30.T47SQB.2018193T035539.v2.0.NDVI.tif,HLS-VI.S30.T47SQB.2018193T035539.v2.0.NDVI.tif,S30,T47SQB,2018-07-12,2018193,035539,EPSG:32647,699960.0,4090200.0,809760.0,4200000.0,True
/home/ec2-user/ndvi_sqs_work/qinghai/raw/HLS-VI.S30.T47SQC.2018193T035539.v2.0.NDVI.tif,HLS-VI.S30.T47SQC.2018193T035539.v2.0.NDVI.tif,S30,T47SQC,2018-07-12,2018193,035539,EPSG:32647,699960.0,4190220.0,809760.0,4300020.0,True
/home/ec2-user/ndvi_sqs_work/qinghai/raw/HLS-VI.S30.T48STG.2018193T035539.v2.0.NDVI.tif,HLS-VI.S30.T48STG.2018193T035539.v2.0.NDVI.tif,S30,T48STG,2018-07-12,2018193,035539,EPSG:32648,199980.0,4090200.0,309780.0,4200000.0,True
/home/ec2-user/ndvi_sqs_work/qinghai/raw/HLS-VI.S30.T46SGG.2018194T041551.v2.0.NDVI.tif,HLS-VI.S30.T46SGG.2018194T041551.v2.0.NDVI.tif,S30,T46SGG,2018-07-13,2018194,041551,EPSG:32646,699960.0,4090200.0,809760.0,4200000.0,True
/home/ec2-user/ndvi_sqs_work/qinghai/raw/HLS-VI.S30.T47SKA.2018194T041551.v2.0.NDVI.tif,HLS-VI.S30.T47SKA.2018194T041551.v2.0.NDVI.tif,S30,T47SKA,2018-07-13,2018194,041551,EPSG:32647,199980.0,3990240.0,309780.0,4100040.0,True
/home/ec2-user/ndvi_sqs_work/qinghai/raw/HLS-VI.S30.T47SKB.2018194T041551.v2.0.NDVI.tif,HLS-VI.S30.T47SKB.2018194T041551.v2.0.NDVI.tif,S30,T47SKB,2018-07-13,2018194,041551,EPSG:32647,199980.0,4090200.0,309780.0,4200000.0,True
/home/ec2-user/ndvi_sqs_work/qinghai/raw/HLS-VI.S30.T47SLA.2018194T041551.v2.0.NDVI.tif,HLS-VI.S30.T47SLA.2018194T041551.v2.0.NDVI.tif,S30,T47SLA,2018-07-13,2018194,041551,EPSG:32647,300000.0,3990240.0,409800.0,4100040.0,True
/home/ec2-user/ndvi_sqs_work/qinghai/raw/HLS-VI.S30.T47SLB.2018194T041551.v2.0.NDVI.tif,HLS-VI.S30.T47SLB.2018194T041551.v2.0.NDVI.tif,S30,T47SLB,2018-07-13,2018194,041551,EPSG:32647,300000.0,4090200.0,409800.0,4200000.0,True
/home/ec2-user/ndvi_sqs_work/qinghai/raw/HLS-VI.S30.T47SLD.2018194T041551.v2.0.NDVI.tif,HLS-VI.S30.T47SLD.2018194T041551.v2.0.NDVI.tif,S30,T47SLD,2018-07-13,2018194,041551,EPSG:32647,300000.0,4290240.0,409800.0,4400040.0,True
/home/ec2-user/ndvi_sqs_work/qinghai/raw/HLS-VI.S30.T47SMA.2018194T041551.v2.0.NDVI.tif,HLS-VI.S30.T47SMA.2018194T041551.v2.0.NDVI.tif,S30,T47SMA,2018-07-13,2018194,041551,EPSG:32647,399960.0,3990240.0,509760.0,4100040.0,True
/home/ec2-user/ndvi_sqs_work/qinghai/raw/HLS-VI.S30.T47SMB.2018194T041551.v2.0.NDVI.tif,HLS-VI.S30.T47SMB.2018194T041551.v2.0.NDVI.tif,S30,T47SMB,2018-07-13,2018194,041551,EPSG:32647,399960.0,4090200.0,509760.0,4200000.0,True
/home/ec2-user/ndvi_sqs_work/qinghai/raw/HLS-VI.S30.T47SMC.2018194T041551.v2.0.NDVI.tif,HLS-VI.S30.T47SMC.2018194T041551.v2.0.NDVI.tif,S30,T47SMC,2018-07-13,2018194,041551,EPSG:32647,399960.0,4190220.0,509760.0,4300020.0,True
/home/ec2-user/ndvi_sqs_work/qinghai/raw/HLS-VI.S30.T47SMD.2018194T041551.v2.0.NDVI.tif,HLS-VI.S30.T47SMD.2018194T041551.v2.0.NDVI.tif,S30,T47SMD,2018-07-13,2018194,041551,EPSG:32647,399960.0,4290240.0,509760.0,4400040.0,True
/home/ec2-user/ndvi_sqs_work/qinghai/raw/HLS-VI.S30.T47SNC.2018194T041551.v2.0.NDVI.tif,HLS-VI.S30.T47SNC.2018194T041551.v2.0.NDVI.tif,S30,T47SNC,2018-07-13,2018194,041551,EPSG:32647,499980.0,4190220.0,609780.0,4300020.0,True
/home/ec2-user/ndvi_sqs_work/qinghai/raw/HLS-VI.S30.T47SLA.2018196T040539.v2.0.NDVI.tif,HLS-VI.S30.T47SLA.2018196T040539.v2.0.NDVI.tif,S30,T47SLA,2018-07-15,2018196,040539,EPSG:32647,300000.0,3990240.0,409800.0,4100040.0,True
/home/ec2-user/ndvi_sqs_work/qinghai/raw/HLS-VI.S30.T47SMB.2018196T040539.v2.0.NDVI.tif,HLS-VI.S30.T47SMB.2018196T040539.v2.0.NDVI.tif,S30,T47SMB,2018-07-15,2018196,040539,EPSG:32647,399960.0,4090200.0,509760.0,4200000.0,True
/home/ec2-user/ndvi_sqs_work/qinghai/raw/HLS-VI.S30.T47SQC.2018196T040539.v2.0.NDVI.tif,HLS-VI.S30.T47SQC.2018196T040539.v2.0.NDVI.tif,S30,T47SQC,2018-07-15,2018196,040539,EPSG:32647,699960.0,4190220.0,809760.0,4300020.0,True
/home/ec2-user/ndvi_sqs_work/qinghai/raw/HLS-VI.S30.T46SCC.2018197T042711.v2.0.NDVI.tif,HLS-VI.S30.T46SCC.2018197T042711.v2.0.NDVI.tif,S30,T46SCC,2018-07-16,2018197,042711,EPSG:32646,300000.0,3690240.0,409800.0,3800040.0,True
/home/ec2-user/ndvi_sqs_work/qinghai/raw/HLS-VI.S30.T46SDB.2018197T042711.v2.0.NDVI.tif,HLS-VI.S30.T46SDB.2018197T042711.v2.0.NDVI.tif,S30,T46SDB,2018-07-16,2018197,042711,EPSG:32646,399960.0,3590220.0,509760.0,3700020.0,True
/home/ec2-user/ndvi_sqs_work/qinghai/raw/HLS-VI.S30.T46SDC.2018197T042711.v2.0.NDVI.tif,HLS-VI.S30.T46SDC.2018197T042711.v2.0.NDVI.tif,S30,T46SDC,2018-07-16,2018197,042711,EPSG:32646,399960.0,3690240.0,509760.0,3800040.0,True
/home/ec2-user/ndvi_sqs_work/qinghai/raw/HLS-VI.S30.T46SDE.2018197T042711.v2.0.NDVI.tif,HLS-VI.S30.T46SDE.2018197T042711.v2.0.NDVI.tif,S30,T46SDE,2018-07-16,2018197,042711,EPSG:32646,399960.0,3890220.0,509760.0,4000020.0,True
/home/ec2-user/ndvi_sqs_work/qinghai/raw/HLS-VI.S30.T46SDF.2018197T042711.v2.0.NDVI.tif,HLS-VI.S30.T46SDF.2018197T042711.v2.0.NDVI.tif,S30,T46SDF,2018-07-16,2018197,042711,EPSG:32646,399960.0,3990240.0,509760.0,4100040.0,True
/home/ec2-user/ndvi_sqs_work/qinghai/raw/HLS-VI.S30.T46SDG.2018197T042711.v2.0.NDVI.tif,HLS-VI.S30.T46SDG.2018197T042711.v2.0.NDVI.tif,S30,T46SDG,2018-07-16,2018197,042711,EPSG:32646,399960.0,4090200.0,509760.0,4200000.0,True
/home/ec2-user/ndvi_sqs_work/qinghai/raw/HLS-VI.S30.T46SFC.2018197T042711.v2.0.NDVI.tif,HLS-VI.S30.T46SFC.2018197T042711.v2.0.NDVI.tif,S30,T46SFC,2018-07-16,2018197,042711,EPSG:32646,600000.0,3690240.0,709800.0,3800040.0,True
/home/ec2-user/ndvi_sqs_work/qinghai/raw/HLS-VI.S30.T46SFD.2018197T042711.v2.0.NDVI.tif,HLS-VI.S30.T46SFD.2018197T042711.v2.0.NDVI.tif,S30,T46SFD,2018-07-16,2018197,042711,EPSG:32646,600000.0,3790200.0,709800.0,3900000.0,True
/home/ec2-user/ndvi_sqs_work/qinghai/raw/HLS-VI.S30.T46SCJ.2018198T044659.v2.0.NDVI.tif,HLS-VI.S30.T46SCJ.2018198T044659.v2.0.NDVI.tif,S30,T46SCJ,2018-07-17,2018198,044659,EPSG:32646,300000.0,4290240.0,409800.0,4400040.0,True
/home/ec2-user/ndvi_sqs_work/qinghai/raw/HLS-VI.S30.T47SNU.2018198T035541.v2.0.NDVI.tif,HLS-VI.S30.T47SNU.2018198T035541.v2.0.NDVI.tif,S30,T47SNU,2018-07-17,2018198,035541,EPSG:32647,499980.0,3790200.0,609780.0,3900000.0,True
/home/ec2-user/ndvi_sqs_work/qinghai/raw/HLS-VI.S30.T47SPC.2018198T035541.v2.0.NDVI.tif,HLS-VI.S30.T47SPC.2018198T035541.v2.0.NDVI.tif,S30,T47SPC,2018-07-17,2018198,035541,EPSG:32647,600000.0,4190220.0,709800.0,4300020.0,True
/home/ec2-user/ndvi_sqs_work/qinghai/raw/HLS-VI.S30.T47SPS.2018198T035541.v2.0.NDVI.tif,HLS-VI.S30.T47SPS.2018198T035541.v2.0.NDVI.tif,S30,T47SPS,2018-07-17,2018198,035541,EPSG:32647,600000.0,3590220.0,709800.0,3700020.0,True
/home/ec2-user/ndvi_sqs_work/qinghai/raw/HLS-VI.S30.T47SPT.2018198T035541.v2.0.NDVI.tif,HLS-VI.S30.T47SPT.2018198T035541.v2.0.NDVI.tif,S30,T47SPT,2018-07-17,2018198,035541,EPSG:32647,600000.0,3690240.0,709800.0,3800040.0,True
/home/ec2-user/ndvi_sqs_work/qinghai/raw/HLS-VI.S30.T47SPU.2018198T035541.v2.0.NDVI.tif,HLS-VI.S30.T47SPU.2018198T035541.v2.0.NDVI.tif,S30,T47SPU,2018-07-17,2018198,035541,EPSG:32647,600000.0,3790200.0,709800.0,3900000.0,True
/home/ec2-user/ndvi_sqs_work/qinghai/raw/HLS-VI.S30.T47SQB.2018198T035541.v2.0.NDVI.tif,HLS-VI.S30.T47SQB.2018198T035541.v2.0.NDVI.tif,S30,T47SQB,2018-07-17,2018198,035541,EPSG:32647,699960.0,4090200.0,809760.0,4200000.0,True
/home/ec2-user/ndvi_sqs_work/qinghai/raw/HLS-VI.S30.T47SQC.2018198T035541.v2.0.NDVI.tif,HLS-VI.S30.T47SQC.2018198T035541.v2.0.NDVI.tif,S30,T47SQC,2018-07-17,2018198,035541,EPSG:32647,699960.0,4190220.0,809760.0,4300020.0,True
/home/ec2-user/ndvi_sqs_work/qinghai/raw/HLS-VI.S30.T47SQS.2018198T035541.v2.0.NDVI.tif,HLS-VI.S30.T47SQS.2018198T035541.v2.0.NDVI.tif,S30,T47SQS,2018-07-17,2018198,035541,EPSG:32647,699960.0,3590220.0,809760.0,3700020.0,True
/home/ec2-user/ndvi_sqs_work/qinghai/raw/HLS-VI.S30.T47SQT.2018198T035541.v2.0.NDVI.tif,HLS-VI.S30.T47SQT.2018198T035541.v2.0.NDVI.tif,S30,T47SQT,2018-07-17,2018198,035541,EPSG:32647,699960.0,3690240.0,809760.0,3800040.0,True
/home/ec2-user/ndvi_sqs_work/qinghai/raw/HLS-VI.S30.T47SQU.2018198T035541.v2.0.NDVI.tif,HLS-VI.S30.T47SQU.2018198T035541.v2.0.NDVI.tif,S30,T47SQU,2018-07-17,2018198,035541,EPSG:32647,699960.0,3790200.0,809760.0,3900000.0,True
/home/ec2-user/ndvi_sqs_work/qinghai/raw/HLS-VI.S30.T48STC.2018198T035541.v2.0.NDVI.tif,HLS-VI.S30.T48STC.2018198T035541.v2.0.NDVI.tif,S30,T48STC,2018-07-17,2018198,035541,EPSG:32648,199980.0,3690240.0,309780.0,3800040.0,True
/home/ec2-user/ndvi_sqs_work/qinghai/raw/HLS-VI.S30.T48STD.2018198T035541.v2.0.NDVI.tif,HLS-VI.S30.T48STD.2018198T035541.v2.0.NDVI.tif,S30,T48STD,2018-07-17,2018198,035541,EPSG:32648,199980.0,3790200.0,309780.0,3900000.0,True
/home/ec2-user/ndvi_sqs_work/qinghai/raw/HLS-VI.S30.T48STG.2018198T035541.v2.0.NDVI.tif,HLS-VI.S30.T48STG.2018198T035541.v2.0.NDVI.tif,S30,T48STG,2018-07-17,2018198,035541,EPSG:32648,199980.0,4090200.0,309780.0,4200000.0,True
/home/ec2-user/ndvi_sqs_work/qinghai/raw/HLS-VI.S30.T48SUE.2018198T035541.v2.0.NDVI.tif,HLS-VI.S30.T48SUE.2018198T035541.v2.0.NDVI.tif,S30,T48SUE,2018-07-17,2018198,035541,EPSG:32648,300000.0,3890220.0,409800.0,4000020.0,True
/home/ec2-user/ndvi_sqs_work/qinghai/raw/HLS-VI.S30.T48SUF.2018198T035541.v2.0.NDVI.tif,HLS-VI.S30.T48SUF.2018198T035541.v2.0.NDVI.tif,S30,T48SUF,2018-07-17,2018198,035541,EPSG:32648,300000.0,3990240.0,409800.0,4100040.0,True
/home/ec2-user/ndvi_sqs_work/qinghai/raw/HLS-VI.S30.T47SLV.2018201T040541.v2.0.NDVI.tif,HLS-VI.S30.T47SLV.2018201T040541.v2.0.NDVI.tif,S30,T47SLV,2018-07-20,2018201,040541,EPSG:32647,300000.0,3890220.0,409800.0,4000020.0,True
/home/ec2-user/ndvi_sqs_work/qinghai/raw/HLS-VI.S30.T47SMC.2018201T040541.v2.0.NDVI.tif,HLS-VI.S30.T47SMC.2018201T040541.v2.0.NDVI.tif,S30,T47SMC,2018-07-20,2018201,040541,EPSG:32647,399960.0,4190220.0,509760.0,4300020.0,True
/home/ec2-user/ndvi_sqs_work/qinghai/raw/HLS-VI.S30.T47SMD.2018201T040541.v2.0.NDVI.tif,HLS-VI.S30.T47SMD.2018201T040541.v2.0.NDVI.tif,S30,T47SMD,2018-07-20,2018201,040541,EPSG:32647,399960.0,4290240.0,509760.0,4400040.0,True
/home/ec2-user/ndvi_sqs_work/qinghai/raw/HLS-VI.S30.T47SND.2018201T040541.v2.0.NDVI.tif,HLS-VI.S30.T47SND.2018201T040541.v2.0.NDVI.tif,S30,T47SND,2018-07-20,2018201,040541,EPSG:32647,499980.0,4290240.0,609780.0,4400040.0,True
/home/ec2-user/ndvi_sqs_work/qinghai/raw/HLS-VI.S30.T46SGF.2018202T042659.v2.0.NDVI.tif,HLS-VI.S30.T46SGF.2018202T042659.v2.0.NDVI.tif,S30,T46SGF,2018-07-21,2018202,042659,EPSG:32646,699960.0,3990240.0,809760.0,4100040.0,True
/home/ec2-user/ndvi_sqs_work/qinghai/raw/HLS-VI.S30.T47SKA.2018202T042659.v2.0.NDVI.tif,HLS-VI.S30.T47SKA.2018202T042659.v2.0.NDVI.tif,S30,T47SKA,2018-07-21,2018202,042659,EPSG:32647,199980.0,3990240.0,309780.0,4100040.0,True
/home/ec2-user/ndvi_sqs_work/qinghai/raw/HLS-VI.S30.T46SCJ.2018203T044701.v2.0.NDVI.tif,HLS-VI.S30.T46SCJ.2018203T044701.v2.0.NDVI.tif,S30,T46SCJ,2018-07-22,2018203,044701,EPSG:32646,300000.0,4290240.0,409800.0,4400040.0,True
/home/ec2-user/ndvi_sqs_work/qinghai/raw/HLS-VI.S30.T48STF.2018203T035539.v2.0.NDVI.tif,HLS-VI.S30.T48STF.2018203T035539.v2.0.NDVI.tif,S30,T48STF,2018-07-22,2018203,035539,EPSG:32648,199980.0,3990240.0,309780.0,4100040.0,True
/home/ec2-user/ndvi_sqs_work/qinghai/raw/HLS-VI.S30.T48SUF.2018203T035539.v2.0.NDVI.tif,HLS-VI.S30.T48SUF.2018203T035539.v2.0.NDVI.tif,S30,T48SUF,2018-07-22,2018203,035539,EPSG:32648,300000.0,3990240.0,409800.0,4100040.0,True
/home/ec2-user/ndvi_sqs_work/qinghai/raw/HLS-VI.S30.T46SFF.2018204T041551.v2.0.NDVI.tif,HLS-VI.S30.T46SFF.2018204T041551.v2.0.NDVI.tif,S30,T46SFF,2018-07-23,2018204,041551,EPSG:32646,600000.0,3990240.0,709800.0,4100040.0,True
/home/ec2-user/ndvi_sqs_work/qinghai/raw/HLS-VI.S30.T46SGF.2018204T041551.v2.0.NDVI.tif,HLS-VI.S30.T46SGF.2018204T041551.v2.0.NDVI.tif,S30,T46SGF,2018-07-23,2018204,041551,EPSG:32646,699960.0,3990240.0,809760.0,4100040.0,True
/home/ec2-user/ndvi_sqs_work/qinghai/raw/HLS-VI.S30.T47SKA.2018204T041551.v2.0.NDVI.tif,HLS-VI.S30.T47SKA.2018204T041551.v2.0.NDVI.tif,S30,T47SKA,2018-07-23,2018204,041551,EPSG:32647,199980.0,3990240.0,309780.0,4100040.0,True
/home/ec2-user/ndvi_sqs_work/qinghai/raw/HLS-VI.S30.T47SLA.2018204T041551.v2.0.NDVI.tif,HLS-VI.S30.T47SLA.2018204T041551.v2.0.NDVI.tif,S30,T47SLA,2018-07-23,2018204,041551,EPSG:32647,300000.0,3990240.0,409800.0,4100040.0,True
/home/ec2-user/ndvi_sqs_work/qinghai/raw/HLS-VI.S30.T46SBH.2018205T043659.v2.0.NDVI.tif,HLS-VI.S30.T46SBH.2018205T043659.v2.0.NDVI.tif,S30,T46SBH,2018-07-24,2018205,043659,EPSG:32646,199980.0,4190220.0,309780.0,4300020.0,True
/home/ec2-user/ndvi_sqs_work/qinghai/raw/HLS-VI.S30.T46SCG.2018205T043659.v2.0.NDVI.tif,HLS-VI.S30.T46SCG.2018205T043659.v2.0.NDVI.tif,S30,T46SCG,2018-07-24,2018205,043659,EPSG:32646,300000.0,4090200.0,409800.0,4200000.0,True
/home/ec2-user/ndvi_sqs_work/qinghai/raw/HLS-VI.S30.T46SCH.2018205T043659.v2.0.NDVI.tif,HLS-VI.S30.T46SCH.2018205T043659.v2.0.NDVI.tif,S30,T46SCH,2018-07-24,2018205,043659,EPSG:32646,300000.0,4190220.0,409800.0,4300020.0,True
/home/ec2-user/ndvi_sqs_work/qinghai/raw/HLS-VI.S30.T46SCJ.2018205T043659.v2.0.NDVI.tif,HLS-VI.S30.T46SCJ.2018205T043659.v2.0.NDVI.tif,S30,T46SCJ,2018-07-24,2018205,043659,EPSG:32646,300000.0,4290240.0,409800.0,4400040.0,True
/home/ec2-user/ndvi_sqs_work/qinghai/raw/HLS-VI.S30.T46SDF.2018205T043659.v2.0.NDVI.tif,HLS-VI.S30.T46SDF.2018205T043659.v2.0.NDVI.tif,S30,T46SDF,2018-07-24,2018205,043659,EPSG:32646,399960.0,3990240.0,509760.0,4100040.0,True
/home/ec2-user/ndvi_sqs_work/qinghai/raw/HLS-VI.S30.T46SDG.2018205T043659.v2.0.NDVI.tif,HLS-VI.S30.T46SDG.2018205T043659.v2.0.NDVI.tif,S30,T46SDG,2018-07-24,2018205,043659,EPSG:32646,399960.0,4090200.0,509760.0,4200000.0,True
/home/ec2-user/ndvi_sqs_work/qinghai/raw/HLS-VI.S30.T46SDH.2018205T043659.v2.0.NDVI.tif,HLS-VI.S30.T46SDH.2018205T043659.v2.0.NDVI.tif,S30,T46SDH,2018-07-24,2018205,043659,EPSG:32646,399960.0,4190220.0,509760.0,4300020.0,True
/home/ec2-user/ndvi_sqs_work/qinghai/raw/HLS-VI.S30.T46SDJ.2018205T043659.v2.0.NDVI.tif,HLS-VI.S30.T46SDJ.2018205T043659.v2.0.NDVI.tif,S30,T46SDJ,2018-07-24,2018205,043659,EPSG:32646,399960.0,4290240.0,509760.0,4400040.0,True
/home/ec2-user/ndvi_sqs_work/qinghai/raw/HLS-VI.S30.T46SEF.2018205T043659.v2.0.NDVI.tif,HLS-VI.S30.T46SEF.2018205T043659.v2.0.NDVI.tif,S30,T46SEF,2018-07-24,2018205,043659,EPSG:32646,499980.0,3990240.0,609780.0,4100040.0,True
/home/ec2-user/ndvi_sqs_work/qinghai/raw/HLS-VI.S30.T46SEG.2018205T043659.v2.0.NDVI.tif,HLS-VI.S30.T46SEG.2018205T043659.v2.0.NDVI.tif,S30,T46SEG,2018-07-24,2018205,043659,EPSG:32646,499980.0,4090200.0,609780.0,4200000.0,True
/home/ec2-user/ndvi_sqs_work/qinghai/raw/HLS-VI.S30.T46SEH.2018205T043659.v2.0.NDVI.tif,HLS-VI.S30.T46SEH.2018205T043659.v2.0.NDVI.tif,S30,T46SEH,2018-07-24,2018205,043659,EPSG:32646,499980.0,4190220.0,609780.0,4300020.0,True
/home/ec2-user/ndvi_sqs_work/qinghai/raw/HLS-VI.S30.T46SFH.2018205T043659.v2.0.NDVI.tif,HLS-VI.S30.T46SFH.2018205T043659.v2.0.NDVI.tif,S30,T46SFH,2018-07-24,2018205,043659,EPSG:32646,600000.0,4190220.0,709800.0,4300020.0,True
/home/ec2-user/ndvi_sqs_work/qinghai/raw/HLS-VI.S30.T47SLA.2018206T040539.v2.0.NDVI.tif,HLS-VI.S30.T47SLA.2018206T040539.v2.0.NDVI.tif,S30,T47SLA,2018-07-25,2018206,040539,EPSG:32647,300000.0,3990240.0,409800.0,4100040.0,True
/home/ec2-user/ndvi_sqs_work/qinghai/raw/HLS-VI.S30.T47SLB.2018206T040539.v2.0.NDVI.tif,HLS-VI.S30.T47SLB.2018206T040539.v2.0.NDVI.tif,S30,T47SLB,2018-07-25,2018206,040539,EPSG:32647,300000.0,4090200.0,409800.0,4200000.0,True
/home/ec2-user/ndvi_sqs_work/qinghai/raw/HLS-VI.S30.T47SMB.2018206T040539.v2.0.NDVI.tif,HLS-VI.S30.T47SMB.2018206T040539.v2.0.NDVI.tif,S30,T47SMB,2018-07-25,2018206,040539,EPSG:32647,399960.0,4090200.0,509760.0,4200000.0,True
/home/ec2-user/ndvi_sqs_work/qinghai/raw/HLS-VI.S30.T47SMD.2018206T040539.v2.0.NDVI.tif,HLS-VI.S30.T47SMD.2018206T040539.v2.0.NDVI.tif,S30,T47SMD,2018-07-25,2018206,040539,EPSG:32647,399960.0,4290240.0,509760.0,4400040.0,True
/home/ec2-user/ndvi_sqs_work/qinghai/raw/HLS-VI.S30.T47SNB.2018206T040539.v2.0.NDVI.tif,HLS-VI.S30.T47SNB.2018206T040539.v2.0.NDVI.tif,S30,T47SNB,2018-07-25,2018206,040539,EPSG:32647,499980.0,4090200.0,609780.0,4200000.0,True
/home/ec2-user/ndvi_sqs_work/qinghai/raw/HLS-VI.S30.T47SNC.2018206T040539.v2.0.NDVI.tif,HLS-VI.S30.T47SNC.2018206T040539.v2.0.NDVI.tif,S30,T47SNC,2018-07-25,2018206,040539,EPSG:32647,499980.0,4190220.0,609780.0,4300020.0,True
/home/ec2-user/ndvi_sqs_work/qinghai/raw/HLS-VI.S30.T47SND.2018206T040539.v2.0.NDVI.tif,HLS-VI.S30.T47SND.2018206T040539.v2.0.NDVI.tif,S30,T47SND,2018-07-25,2018206,040539,EPSG:32647,499980.0,4290240.0,609780.0,4400040.0,True
/home/ec2-user/ndvi_sqs_work/qinghai/raw/HLS-VI.S30.T47SPB.2018206T040539.v2.0.NDVI.tif,HLS-VI.S30.T47SPB.2018206T040539.v2.0.NDVI.tif,S30,T47SPB,2018-07-25,2018206,040539,EPSG:32647,600000.0,4090200.0,709800.0,4200000.0,True
/home/ec2-user/ndvi_sqs_work/qinghai/raw/HLS-VI.S30.T47SPC.2018206T040539.v2.0.NDVI.tif,HLS-VI.S30.T47SPC.2018206T040539.v2.0.NDVI.tif,S30,T47SPC,2018-07-25,2018206,040539,EPSG:32647,600000.0,4190220.0,709800.0,4300020.0,True
/home/ec2-user/ndvi_sqs_work/qinghai/raw/HLS-VI.S30.T47SQB.2018206T040539.v2.0.NDVI.tif,HLS-VI.S30.T47SQB.2018206T040539.v2.0.NDVI.tif,S30,T47SQB,2018-07-25,2018206,040539,EPSG:32647,699960.0,4090200.0,809760.0,4200000.0,True
/home/ec2-user/ndvi_sqs_work/qinghai/raw/HLS-VI.S30.T47SQC.2018206T040539.v2.0.NDVI.tif,HLS-VI.S30.T47SQC.2018206T040539.v2.0.NDVI.tif,S30,T47SQC,2018-07-25,2018206,040539,EPSG:32647,699960.0,4190220.0,809760.0,4300020.0,True
/home/ec2-user/ndvi_sqs_work/qinghai/raw/HLS-VI.S30.T47SNV.2018208T035541.v2.0.NDVI.tif,HLS-VI.S30.T47SNV.2018208T035541.v2.0.NDVI.tif,S30,T47SNV,2018-07-27,2018208,035541,EPSG:32647,499980.0,3890220.0,609780.0,4000020.0,True
/home/ec2-user/ndvi_sqs_work/qinghai/raw/HLS-VI.S30.T47SPV.2018208T035541.v2.0.NDVI.tif,HLS-VI.S30.T47SPV.2018208T035541.v2.0.NDVI.tif,S30,T47SPV,2018-07-27,2018208,035541,EPSG:32647,600000.0,3890220.0,709800.0,4000020.0,True
/home/ec2-user/ndvi_sqs_work/qinghai/raw/HLS-VI.S30.T47SMU.2018209T041549.v2.0.NDVI.tif,HLS-VI.S30.T47SMU.2018209T041549.v2.0.NDVI.tif,S30,T47SMU,2018-07-28,2018209,041549,EPSG:32647,399960.0,3790200.0,509760.0,3900000.0,True
/home/ec2-user/ndvi_sqs_work/qinghai/raw/HLS-VI.S30.T47SLA.2018211T040541.v2.0.NDVI.tif,HLS-VI.S30.T47SLA.2018211T040541.v2.0.NDVI.tif,S30,T47SLA,2018-07-30,2018211,040541,EPSG:32647,300000.0,3990240.0,409800.0,4100040.0,True
/home/ec2-user/ndvi_sqs_work/qinghai/raw/HLS-VI.S30.T46SDG.2018212T042659.v2.0.NDVI.tif,HLS-VI.S30.T46SDG.2018212T042659.v2.0.NDVI.tif,S30,T46SDG,2018-07-31,2018212,042659,EPSG:32646,399960.0,4090200.0,509760.0,4200000.0,True
/home/ec2-user/ndvi_sqs_work/qinghai/raw/HLS-VI.S30.T46SEG.2018212T042659.v2.0.NDVI.tif,HLS-VI.S30.T46SEG.2018212T042659.v2.0.NDVI.tif,S30,T46SEG,2018-07-31,2018212,042659,EPSG:32646,499980.0,4090200.0,609780.0,4200000.0,True
/home/ec2-user/ndvi_sqs_work/qinghai/raw/HLS-VI.S30.T46SEH.2018212T042659.v2.0.NDVI.tif,HLS-VI.S30.T46SEH.2018212T042659.v2.0.NDVI.tif,S30,T46SEH,2018-07-31,2018212,042659,EPSG:32646,499980.0,4190220.0,609780.0,4300020.0,True
/home/ec2-user/ndvi_sqs_work/qinghai/raw/HLS-VI.S30.T46SFF.2018212T042659.v2.0.NDVI.tif,HLS-VI.S30.T46SFF.2018212T042659.v2.0.NDVI.tif,S30,T46SFF,2018-07-31,2018212,042659,EPSG:32646,600000.0,3990240.0,709800.0,4100040.0,True
/home/ec2-user/ndvi_sqs_work/qinghai/raw/HLS-VI.S30.T46SFG.2018212T042659.v2.0.NDVI.tif,HLS-VI.S30.T46SFG.2018212T042659.v2.0.NDVI.tif,S30,T46SFG,2018-07-31,2018212,042659,EPSG:32646,600000.0,4090200.0,709800.0,4200000.0,True
/home/ec2-user/ndvi_sqs_work/qinghai/raw/HLS-VI.S30.T46SGF.2018212T042659.v2.0.NDVI.tif,HLS-VI.S30.T46SGF.2018212T042659.v2.0.NDVI.tif,S30,T46SGF,2018-07-31,2018212,042659,EPSG:32646,699960.0,3990240.0,809760.0,4100040.0,True
/home/ec2-user/ndvi_sqs_work/qinghai/raw/HLS-VI.S30.T47SKA.2018212T042659.v2.0.NDVI.tif,HLS-VI.S30.T47SKA.2018212T042659.v2.0.NDVI.tif,S30,T47SKA,2018-07-31,2018212,042659,EPSG:32647,199980.0,3990240.0,309780.0,4100040.0,True
/home/ec2-user/ndvi_sqs_work/qinghai/raw/HLS-VI.S30.T46SFG.2018217T042701.v2.0.NDVI.tif,HLS-VI.S30.T46SFG.2018217T042701.v2.0.NDVI.tif,S30,T46SFG,2018-08-05,2018217,042701,EPSG:32646,600000.0,4090200.0,709800.0,4200000.0,True
/home/ec2-user/ndvi_sqs_work/qinghai/raw/HLS-VI.S30.T46SBH.2018220T043701.v2.0.NDVI.tif,HLS-VI.S30.T46SBH.2018220T043701.v2.0.NDVI.tif,S30,T46SBH,2018-08-08,2018220,043701,EPSG:32646,199980.0,4190220.0,309780.0,4300020.0,True
/home/ec2-user/ndvi_sqs_work/qinghai/raw/HLS-VI.S30.T46SCH.2018220T043701.v2.0.NDVI.tif,HLS-VI.S30.T46SCH.2018220T043701.v2.0.NDVI.tif,S30,T46SCH,2018-08-08,2018220,043701,EPSG:32646,300000.0,4190220.0,409800.0,4300020.0,True
/home/ec2-user/ndvi_sqs_work/qinghai/raw/HLS-VI.S30.T46SCJ.2018220T043701.v2.0.NDVI.tif,HLS-VI.S30.T46SCJ.2018220T043701.v2.0.NDVI.tif,S30,T46SCJ,2018-08-08,2018220,043701,EPSG:32646,300000.0,4290240.0,409800.0,4400040.0,True
/home/ec2-user/ndvi_sqs_work/qinghai/raw/HLS-VI.S30.T46SDJ.2018220T043701.v2.0.NDVI.tif,HLS-VI.S30.T46SDJ.2018220T043701.v2.0.NDVI.tif,S30,T46SDJ,2018-08-08,2018220,043701,EPSG:32646,399960.0,4290240.0,509760.0,4400040.0,True
/home/ec2-user/ndvi_sqs_work/qinghai/raw/HLS-VI.S30.T46SEG.2018220T043701.v2.0.NDVI.tif,HLS-VI.S30.T46SEG.2018220T043701.v2.0.NDVI.tif,S30,T46SEG,2018-08-08,2018220,043701,EPSG:32646,499980.0,4090200.0,609780.0,4200000.0,True
/home/ec2-user/ndvi_sqs_work/qinghai/raw/HLS-VI.S30.T46SEH.2018220T043701.v2.0.NDVI.tif,HLS-VI.S30.T46SEH.2018220T043701.v2.0.NDVI.tif,S30,T46SEH,2018-08-08,2018220,043701,EPSG:32646,499980.0,4190220.0,609780.0,4300020.0,True
/home/ec2-user/ndvi_sqs_work/qinghai/raw/HLS-VI.S30.T46SEJ.2018220T043701.v2.0.NDVI.tif,HLS-VI.S30.T46SEJ.2018220T043701.v2.0.NDVI.tif,S30,T46SEJ,2018-08-08,2018220,043701,EPSG:32646,499980.0,4290240.0,609780.0,4400040.0,True
/home/ec2-user/ndvi_sqs_work/qinghai/raw/HLS-VI.S30.T47SMC.2018221T040541.v2.0.NDVI.tif,HLS-VI.S30.T47SMC.2018221T040541.v2.0.NDVI.tif,S30,T47SMC,2018-08-09,2018221,040541,EPSG:32647,399960.0,4190220.0,509760.0,4300020.0,True
/home/ec2-user/ndvi_sqs_work/qinghai/raw/HLS-VI.S30.T47SMD.2018221T040541.v2.0.NDVI.tif,HLS-VI.S30.T47SMD.2018221T040541.v2.0.NDVI.tif,S30,T47SMD,2018-08-09,2018221,040541,EPSG:32647,399960.0,4290240.0,509760.0,4400040.0,True
/home/ec2-user/ndvi_sqs_work/qinghai/raw/HLS-VI.S30.T46SGF.2018222T042659.v2.0.NDVI.tif,HLS-VI.S30.T46SGF.2018222T042659.v2.0.NDVI.tif,S30,T46SGF,2018-08-10,2018222,042659,EPSG:32646,699960.0,3990240.0,809760.0,4100040.0,True
/home/ec2-user/ndvi_sqs_work/qinghai/raw/HLS-VI.S30.T47SKA.2018222T042659.v2.0.NDVI.tif,HLS-VI.S30.T47SKA.2018222T042659.v2.0.NDVI.tif,S30,T47SKA,2018-08-10,2018222,042659,EPSG:32647,199980.0,3990240.0,309780.0,4100040.0,True
/home/ec2-user/ndvi_sqs_work/qinghai/raw/HLS-VI.S30.T46SDG.2018225T043659.v2.0.NDVI.tif,HLS-VI.S30.T46SDG.2018225T043659.v2.0.NDVI.tif,S30,T46SDG,2018-08-13,2018225,043659,EPSG:32646,399960.0,4090200.0,509760.0,4200000.0,True
/home/ec2-user/ndvi_sqs_work/qinghai/raw/HLS-VI.S30.T46SDJ.2018225T043659.v2.0.NDVI.tif,HLS-VI.S30.T46SDJ.2018225T043659.v2.0.NDVI.tif,S30,T46SDJ,2018-08-13,2018225,043659,EPSG:32646,399960.0,4290240.0,509760.0,4400040.0,True
/home/ec2-user/ndvi_sqs_work/qinghai/raw/HLS-VI.S30.T46SEG.2018225T043659.v2.0.NDVI.tif,HLS-VI.S30.T46SEG.2018225T043659.v2.0.NDVI.tif,S30,T46SEG,2018-08-13,2018225,043659,EPSG:32646,499980.0,4090200.0,609780.0,4200000.0,True
/home/ec2-user/ndvi_sqs_work/qinghai/raw/HLS-VI.S30.T46SEH.2018225T043659.v2.0.NDVI.tif,HLS-VI.S30.T46SEH.2018225T043659.v2.0.NDVI.tif,S30,T46SEH,2018-08-13,2018225,043659,EPSG:32646,499980.0,4190220.0,609780.0,4300020.0,True
/home/ec2-user/ndvi_sqs_work/qinghai/raw/HLS-VI.S30.T46SEJ.2018225T043659.v2.0.NDVI.tif,HLS-VI.S30.T46SEJ.2018225T043659.v2.0.NDVI.tif,S30,T46SEJ,2018-08-13,2018225,043659,EPSG:32646,499980.0,4290240.0,609780.0,4400040.0,True
/home/ec2-user/ndvi_sqs_work/qinghai/raw/HLS-VI.S30.T46SFH.2018225T043659.v2.0.NDVI.tif,HLS-VI.S30.T46SFH.2018225T043659.v2.0.NDVI.tif,S30,T46SFH,2018-08-13,2018225,043659,EPSG:32646,600000.0,4190220.0,709800.0,4300020.0,True
/home/ec2-user/ndvi_sqs_work/qinghai/raw/HLS-VI.S30.T47SLA.2018226T040539.v2.0.NDVI.tif,HLS-VI.S30.T47SLA.2018226T040539.v2.0.NDVI.tif,S30,T47SLA,2018-08-14,2018226,040539,EPSG:32647,300000.0,3990240.0,409800.0,4100040.0,True
/home/ec2-user/ndvi_sqs_work/qinghai/raw/HLS-VI.S30.T47SLB.2018226T040539.v2.0.NDVI.tif,HLS-VI.S30.T47SLB.2018226T040539.v2.0.NDVI.tif,S30,T47SLB,2018-08-14,2018226,040539,EPSG:32647,300000.0,4090200.0,409800.0,4200000.0,True
/home/ec2-user/ndvi_sqs_work/qinghai/raw/HLS-VI.S30.T45SYC.2018228T044659.v2.0.NDVI.tif,HLS-VI.S30.T45SYC.2018228T044659.v2.0.NDVI.tif,S30,T45SYC,2018-08-16,2018228,044659,EPSG:32645,699960.0,4190220.0,809760.0,4300020.0,True
/home/ec2-user/ndvi_sqs_work/qinghai/raw/HLS-VI.S30.T45SYV.2018228T044659.v2.0.NDVI.tif,HLS-VI.S30.T45SYV.2018228T044659.v2.0.NDVI.tif,S30,T45SYV,2018-08-16,2018228,044659,EPSG:32645,699960.0,3890220.0,809760.0,4000020.0,True
/home/ec2-user/ndvi_sqs_work/qinghai/raw/HLS-VI.S30.T46SBE.2018228T044659.v2.0.NDVI.tif,HLS-VI.S30.T46SBE.2018228T044659.v2.0.NDVI.tif,S30,T46SBE,2018-08-16,2018228,044659,EPSG:32646,199980.0,3890220.0,309780.0,4000020.0,True
/home/ec2-user/ndvi_sqs_work/qinghai/raw/HLS-VI.S30.T46SBH.2018228T044659.v2.0.NDVI.tif,HLS-VI.S30.T46SBH.2018228T044659.v2.0.NDVI.tif,S30,T46SBH,2018-08-16,2018228,044659,EPSG:32646,199980.0,4190220.0,309780.0,4300020.0,True
/home/ec2-user/ndvi_sqs_work/qinghai/raw/HLS-VI.S30.T46SCJ.2018228T044659.v2.0.NDVI.tif,HLS-VI.S30.T46SCJ.2018228T044659.v2.0.NDVI.tif,S30,T46SCJ,2018-08-16,2018228,044659,EPSG:32646,300000.0,4290240.0,409800.0,4400040.0,True
/home/ec2-user/ndvi_sqs_work/qinghai/raw/HLS-VI.S30.T47SLD.2018229T041539.v2.0.NDVI.tif,HLS-VI.S30.T47SLD.2018229T041539.v2.0.NDVI.tif,S30,T47SLD,2018-08-17,2018229,041539,EPSG:32647,300000.0,4290240.0,409800.0,4400040.0,True
/home/ec2-user/ndvi_sqs_work/qinghai/raw/HLS-VI.S30.T47SMC.2018229T041539.v2.0.NDVI.tif,HLS-VI.S30.T47SMC.2018229T041539.v2.0.NDVI.tif,S30,T47SMC,2018-08-17,2018229,041539,EPSG:32647,399960.0,4190220.0,509760.0,4300020.0,True
/home/ec2-user/ndvi_sqs_work/qinghai/raw/HLS-VI.S30.T47SMD.2018229T041539.v2.0.NDVI.tif,HLS-VI.S30.T47SMD.2018229T041539.v2.0.NDVI.tif,S30,T47SMD,2018-08-17,2018229,041539,EPSG:32647,399960.0,4290240.0,509760.0,4400040.0,True
/home/ec2-user/ndvi_sqs_work/qinghai/raw/HLS-VI.S30.T47SNC.2018229T041539.v2.0.NDVI.tif,HLS-VI.S30.T47SNC.2018229T041539.v2.0.NDVI.tif,S30,T47SNC,2018-08-17,2018229,041539,EPSG:32647,499980.0,4190220.0,609780.0,4300020.0,True
/home/ec2-user/ndvi_sqs_work/qinghai/raw/HLS-VI.S30.T47SND.2018229T041539.v2.0.NDVI.tif,HLS-VI.S30.T47SND.2018229T041539.v2.0.NDVI.tif,S30,T47SND,2018-08-17,2018229,041539,EPSG:32647,499980.0,4290240.0,609780.0,4400040.0,True
/home/ec2-user/ndvi_sqs_work/qinghai/raw/HLS-VI.S30.T45SYA.2018230T043701.v2.0.NDVI.tif,HLS-VI.S30.T45SYA.2018230T043701.v2.0.NDVI.tif,S30,T45SYA,2018-08-18,2018230,043701,EPSG:32645,699960.0,3990240.0,809760.0,4100040.0,True
/home/ec2-user/ndvi_sqs_work/qinghai/raw/HLS-VI.S30.T46SCE.2018230T043701.v2.0.NDVI.tif,HLS-VI.S30.T46SCE.2018230T043701.v2.0.NDVI.tif,S30,T46SCE,2018-08-18,2018230,043701,EPSG:32646,300000.0,3890220.0,409800.0,4000020.0,True
/home/ec2-user/ndvi_sqs_work/qinghai/raw/HLS-VI.S30.T46SDG.2018230T043701.v2.0.NDVI.tif,HLS-VI.S30.T46SDG.2018230T043701.v2.0.NDVI.tif,S30,T46SDG,2018-08-18,2018230,043701,EPSG:32646,399960.0,4090200.0,509760.0,4200000.0,True
/home/ec2-user/ndvi_sqs_work/qinghai/raw/HLS-VI.S30.T46SEG.2018230T043701.v2.0.NDVI.tif,HLS-VI.S30.T46SEG.2018230T043701.v2.0.NDVI.tif,S30,T46SEG,2018-08-18,2018230,043701,EPSG:32646,499980.0,4090200.0,609780.0,4200000.0,True
/home/ec2-user/ndvi_sqs_work/qinghai/raw/HLS-VI.S30.T46SEJ.2018230T043701.v2.0.NDVI.tif,HLS-VI.S30.T46SEJ.2018230T043701.v2.0.NDVI.tif,S30,T46SEJ,2018-08-18,2018230,043701,EPSG:32646,499980.0,4290240.0,609780.0,4400040.0,True
/home/ec2-user/ndvi_sqs_work/qinghai/raw/HLS-VI.S30.T47SLB.2018231T040541.v2.0.NDVI.tif,HLS-VI.S30.T47SLB.2018231T040541.v2.0.NDVI.tif,S30,T47SLB,2018-08-19,2018231,040541,EPSG:32647,300000.0,4090200.0,409800.0,4200000.0,True
/home/ec2-user/ndvi_sqs_work/qinghai/raw/HLS-VI.S30.T46SBH.2018233T044701.v2.0.NDVI.tif,HLS-VI.S30.T46SBH.2018233T044701.v2.0.NDVI.tif,S30,T46SBH,2018-08-21,2018233,044701,EPSG:32646,199980.0,4190220.0,309780.0,4300020.0,True
/home/ec2-user/ndvi_sqs_work/qinghai/raw/HLS-VI.S30.T46SCJ.2018233T044701.v2.0.NDVI.tif,HLS-VI.S30.T46SCJ.2018233T044701.v2.0.NDVI.tif,S30,T46SCJ,2018-08-21,2018233,044701,EPSG:32646,300000.0,4290240.0,409800.0,4400040.0,True
/home/ec2-user/ndvi_sqs_work/qinghai/raw/HLS-VI.S30.T46SGF.2018234T041551.v2.0.NDVI.tif,HLS-VI.S30.T46SGF.2018234T041551.v2.0.NDVI.tif,S30,T46SGF,2018-08-22,2018234,041551,EPSG:32646,699960.0,3990240.0,809760.0,4100040.0,True
/home/ec2-user/ndvi_sqs_work/qinghai/raw/HLS-VI.S30.T46SGH.2018234T041551.v2.0.NDVI.tif,HLS-VI.S30.T46SGH.2018234T041551.v2.0.NDVI.tif,S30,T46SGH,2018-08-22,2018234,041551,EPSG:32646,699960.0,4190220.0,809760.0,4300020.0,True
/home/ec2-user/ndvi_sqs_work/qinghai/raw/HLS-VI.S30.T47SKB.2018234T041551.v2.0.NDVI.tif,HLS-VI.S30.T47SKB.2018234T041551.v2.0.NDVI.tif,S30,T47SKB,2018-08-22,2018234,041551,EPSG:32647,199980.0,4090200.0,309780.0,4200000.0,True
/home/ec2-user/ndvi_sqs_work/qinghai/raw/HLS-VI.S30.T47SKC.2018234T041551.v2.0.NDVI.tif,HLS-VI.S30.T47SKC.2018234T041551.v2.0.NDVI.tif,S30,T47SKC,2018-08-22,2018234,041551,EPSG:32647,199980.0,4190220.0,309780.0,4300020.0,True
/home/ec2-user/ndvi_sqs_work/qinghai/raw/HLS-VI.S30.T47SLA.2018234T041551.v2.0.NDVI.tif,HLS-VI.S30.T47SLA.2018234T041551.v2.0.NDVI.tif,S30,T47SLA,2018-08-22,2018234,041551,EPSG:32647,300000.0,3990240.0,409800.0,4100040.0,True
/home/ec2-user/ndvi_sqs_work/qinghai/raw/HLS-VI.S30.T47SLB.2018234T041551.v2.0.NDVI.tif,HLS-VI.S30.T47SLB.2018234T041551.v2.0.NDVI.tif,S30,T47SLB,2018-08-22,2018234,041551,EPSG:32647,300000.0,4090200.0,409800.0,4200000.0,True
/home/ec2-user/ndvi_sqs_work/qinghai/raw/HLS-VI.S30.T47SLU.2018234T041551.v2.0.NDVI.tif,HLS-VI.S30.T47SLU.2018234T041551.v2.0.NDVI.tif,S30,T47SLU,2018-08-22,2018234,041551,EPSG:32647,300000.0,3790200.0,409800.0,3900000.0,True
/home/ec2-user/ndvi_sqs_work/qinghai/raw/HLS-VI.S30.T47SMA.2018234T041551.v2.0.NDVI.tif,HLS-VI.S30.T47SMA.2018234T041551.v2.0.NDVI.tif,S30,T47SMA,2018-08-22,2018234,041551,EPSG:32647,399960.0,3990240.0,509760.0,4100040.0,True
/home/ec2-user/ndvi_sqs_work/qinghai/raw/HLS-VI.S30.T47SMC.2018234T041551.v2.0.NDVI.tif,HLS-VI.S30.T47SMC.2018234T041551.v2.0.NDVI.tif,S30,T47SMC,2018-08-22,2018234,041551,EPSG:32647,399960.0,4190220.0,509760.0,4300020.0,True
/home/ec2-user/ndvi_sqs_work/qinghai/raw/HLS-VI.S30.T47SMD.2018234T041551.v2.0.NDVI.tif,HLS-VI.S30.T47SMD.2018234T041551.v2.0.NDVI.tif,S30,T47SMD,2018-08-22,2018234,041551,EPSG:32647,399960.0,4290240.0,509760.0,4400040.0,True
/home/ec2-user/ndvi_sqs_work/qinghai/raw/HLS-VI.S30.T47SMU.2018234T041551.v2.0.NDVI.tif,HLS-VI.S30.T47SMU.2018234T041551.v2.0.NDVI.tif,S30,T47SMU,2018-08-22,2018234,041551,EPSG:32647,399960.0,3790200.0,509760.0,3900000.0,True
/home/ec2-user/ndvi_sqs_work/qinghai/raw/HLS-VI.S30.T47SMV.2018234T041551.v2.0.NDVI.tif,HLS-VI.S30.T47SMV.2018234T041551.v2.0.NDVI.tif,S30,T47SMV,2018-08-22,2018234,041551,EPSG:32647,399960.0,3890220.0,509760.0,4000020.0,True
/home/ec2-user/ndvi_sqs_work/qinghai/raw/HLS-VI.S30.T47SNC.2018234T041551.v2.0.NDVI.tif,HLS-VI.S30.T47SNC.2018234T041551.v2.0.NDVI.tif,S30,T47SNC,2018-08-22,2018234,041551,EPSG:32647,499980.0,4190220.0,609780.0,4300020.0,True
/home/ec2-user/ndvi_sqs_work/qinghai/raw/HLS-VI.S30.T47SND.2018234T041551.v2.0.NDVI.tif,HLS-VI.S30.T47SND.2018234T041551.v2.0.NDVI.tif,S30,T47SND,2018-08-22,2018234,041551,EPSG:32647,499980.0,4290240.0,609780.0,4400040.0,True
/home/ec2-user/ndvi_sqs_work/qinghai/raw/HLS-VI.S30.T46SFH.2018235T043659.v2.0.NDVI.tif,HLS-VI.S30.T46SFH.2018235T043659.v2.0.NDVI.tif,S30,T46SFH,2018-08-23,2018235,043659,EPSG:32646,600000.0,4190220.0,709800.0,4300020.0,True
/home/ec2-user/ndvi_sqs_work/qinghai/raw/HLS-VI.S30.T47SQS.2018235T034531.v2.0.NDVI.tif,HLS-VI.S30.T47SQS.2018235T034531.v2.0.NDVI.tif,S30,T47SQS,2018-08-23,2018235,034531,EPSG:32647,699960.0,3590220.0,809760.0,3700020.0,True
/home/ec2-user/ndvi_sqs_work/qinghai/raw/HLS-VI.S30.T47SQT.2018235T034531.v2.0.NDVI.tif,HLS-VI.S30.T47SQT.2018235T034531.v2.0.NDVI.tif,S30,T47SQT,2018-08-23,2018235,034531,EPSG:32647,699960.0,3690240.0,809760.0,3800040.0,True
/home/ec2-user/ndvi_sqs_work/qinghai/raw/HLS-VI.S30.T47SQU.2018235T034531.v2.0.NDVI.tif,HLS-VI.S30.T47SQU.2018235T034531.v2.0.NDVI.tif,S30,T47SQU,2018-08-23,2018235,034531,EPSG:32647,699960.0,3790200.0,809760.0,3900000.0,True
/home/ec2-user/ndvi_sqs_work/qinghai/raw/HLS-VI.S30.T48STC.2018235T034531.v2.0.NDVI.tif,HLS-VI.S30.T48STC.2018235T034531.v2.0.NDVI.tif,S30,T48STC,2018-08-23,2018235,034531,EPSG:32648,199980.0,3690240.0,309780.0,3800040.0,True
/home/ec2-user/ndvi_sqs_work/qinghai/raw/HLS-VI.S30.T48STD.2018235T034531.v2.0.NDVI.tif,HLS-VI.S30.T48STD.2018235T034531.v2.0.NDVI.tif,S30,T48STD,2018-08-23,2018235,034531,EPSG:32648,199980.0,3790200.0,309780.0,3900000.0,True
/home/ec2-user/ndvi_sqs_work/qinghai/raw/HLS-VI.S30.T48SUE.2018235T034531.v2.0.NDVI.tif,HLS-VI.S30.T48SUE.2018235T034531.v2.0.NDVI.tif,S30,T48SUE,2018-08-23,2018235,034531,EPSG:32648,300000.0,3890220.0,409800.0,4000020.0,True
/home/ec2-user/ndvi_sqs_work/qinghai/raw/HLS-VI.S30.T48SUF.2018235T034531.v2.0.NDVI.tif,HLS-VI.S30.T48SUF.2018235T034531.v2.0.NDVI.tif,S30,T48SUF,2018-08-23,2018235,034531,EPSG:32648,300000.0,3990240.0,409800.0,4100040.0,True
/home/ec2-user/ndvi_sqs_work/qinghai/raw/HLS-VI.S30.T46SFF.2018237T042701.v2.0.NDVI.tif,HLS-VI.S30.T46SFF.2018237T042701.v2.0.NDVI.tif,S30,T46SFF,2018-08-25,2018237,042701,EPSG:32646,600000.0,3990240.0,709800.0,4100040.0,True
/home/ec2-user/ndvi_sqs_work/qinghai/raw/HLS-VI.S30.T47SKA.2018237T042701.v2.0.NDVI.tif,HLS-VI.S30.T47SKA.2018237T042701.v2.0.NDVI.tif,S30,T47SKA,2018-08-25,2018237,042701,EPSG:32647,199980.0,3990240.0,309780.0,4100040.0,True
/home/ec2-user/ndvi_sqs_work/qinghai/raw/HLS-VI.S30.T46SCJ.2018238T044649.v2.0.NDVI.tif,HLS-VI.S30.T46SCJ.2018238T044649.v2.0.NDVI.tif,S30,T46SCJ,2018-08-26,2018238,044649,EPSG:32646,300000.0,4290240.0,409800.0,4400040.0,True
/home/ec2-user/ndvi_sqs_work/qinghai/raw/HLS-VI.S30.T46SFF.2018239T041539.v2.0.NDVI.tif,HLS-VI.S30.T46SFF.2018239T041539.v2.0.NDVI.tif,S30,T46SFF,2018-08-27,2018239,041539,EPSG:32646,600000.0,3990240.0,709800.0,4100040.0,True
/home/ec2-user/ndvi_sqs_work/qinghai/raw/HLS-VI.S30.T46SGF.2018239T041539.v2.0.NDVI.tif,HLS-VI.S30.T46SGF.2018239T041539.v2.0.NDVI.tif,S30,T46SGF,2018-08-27,2018239,041539,EPSG:32646,699960.0,3990240.0,809760.0,4100040.0,True
/home/ec2-user/ndvi_sqs_work/qinghai/raw/HLS-VI.S30.T47SKA.2018239T041539.v2.0.NDVI.tif,HLS-VI.S30.T47SKA.2018239T041539.v2.0.NDVI.tif,S30,T47SKA,2018-08-27,2018239,041539,EPSG:32647,199980.0,3990240.0,309780.0,4100040.0,True
/home/ec2-user/ndvi_sqs_work/qinghai/raw/HLS-VI.S30.T46SDG.2018245T043649.v2.0.NDVI.tif,HLS-VI.S30.T46SDG.2018245T043649.v2.0.NDVI.tif,S30,T46SDG,2018-09-02,2018245,043649,EPSG:32646,399960.0,4090200.0,509760.0,4200000.0,True
/home/ec2-user/ndvi_sqs_work/qinghai/raw/HLS-VI.S30.T46SDJ.2018245T043649.v2.0.NDVI.tif,HLS-VI.S30.T46SDJ.2018245T043649.v2.0.NDVI.tif,S30,T46SDJ,2018-09-02,2018245,043649,EPSG:32646,399960.0,4290240.0,509760.0,4400040.0,True
/home/ec2-user/ndvi_sqs_work/qinghai/raw/HLS-VI.S30.T46SEF.2018245T043649.v2.0.NDVI.tif,HLS-VI.S30.T46SEF.2018245T043649.v2.0.NDVI.tif,S30,T46SEF,2018-09-02,2018245,043649,EPSG:32646,499980.0,3990240.0,609780.0,4100040.0,True
/home/ec2-user/ndvi_sqs_work/qinghai/raw/HLS-VI.S30.T46SEG.2018245T043649.v2.0.NDVI.tif,HLS-VI.S30.T46SEG.2018245T043649.v2.0.NDVI.tif,S30,T46SEG,2018-09-02,2018245,043649,EPSG:32646,499980.0,4090200.0,609780.0,4200000.0,True
/home/ec2-user/ndvi_sqs_work/qinghai/raw/HLS-VI.S30.T46SEH.2018245T043649.v2.0.NDVI.tif,HLS-VI.S30.T46SEH.2018245T043649.v2.0.NDVI.tif,S30,T46SEH,2018-09-02,2018245,043649,EPSG:32646,499980.0,4190220.0,609780.0,4300020.0,True
/home/ec2-user/ndvi_sqs_work/qinghai/raw/HLS-VI.S30.T46SEJ.2018245T043649.v2.0.NDVI.tif,HLS-VI.S30.T46SEJ.2018245T043649.v2.0.NDVI.tif,S30,T46SEJ,2018-09-02,2018245,043649,EPSG:32646,499980.0,4290240.0,609780.0,4400040.0,True
/home/ec2-user/ndvi_sqs_work/qinghai/raw/HLS-VI.S30.T46SFH.2018245T043649.v2.0.NDVI.tif,HLS-VI.S30.T46SFH.2018245T043649.v2.0.NDVI.tif,S30,T46SFH,2018-09-02,2018245,043649,EPSG:32646,600000.0,4190220.0,709800.0,4300020.0,True
/home/ec2-user/ndvi_sqs_work/qinghai/raw/HLS-VI.S30.T47SQB.2018246T040659.v2.0.NDVI.tif,HLS-VI.S30.T47SQB.2018246T040659.v2.0.NDVI.tif,S30,T47SQB,2018-09-03,2018246,040659,EPSG:32647,699960.0,4090200.0,809760.0,4200000.0,True
/home/ec2-user/ndvi_sqs_work/qinghai/raw/HLS-VI.S30.T46SCH.2018248T044649.v2.0.NDVI.tif,HLS-VI.S30.T46SCH.2018248T044649.v2.0.NDVI.tif,S30,T46SCH,2018-09-05,2018248,044649,EPSG:32646,300000.0,4190220.0,409800.0,4300020.0,True
/home/ec2-user/ndvi_sqs_work/qinghai/raw/HLS-VI.S30.T48SUF.2018250T034529.v2.0.NDVI.tif,HLS-VI.S30.T48SUF.2018250T034529.v2.0.NDVI.tif,S30,T48SUF,2018-09-07,2018250,034529,EPSG:32648,300000.0,3990240.0,409800.0,4100040.0,True
/home/ec2-user/ndvi_sqs_work/qinghai/raw/HLS-VI.S30.T46SDF.2018252T042659.v2.0.NDVI.tif,HLS-VI.S30.T46SDF.2018252T042659.v2.0.NDVI.tif,S30,T46SDF,2018-09-09,2018252,042659,EPSG:32646,399960.0,3990240.0,509760.0,4100040.0,True
/home/ec2-user/ndvi_sqs_work/qinghai/raw/HLS-VI.S30.T46SDG.2018252T042659.v2.0.NDVI.tif,HLS-VI.S30.T46SDG.2018252T042659.v2.0.NDVI.tif,S30,T46SDG,2018-09-09,2018252,042659,EPSG:32646,399960.0,4090200.0,509760.0,4200000.0,True
/home/ec2-user/ndvi_sqs_work/qinghai/raw/HLS-VI.S30.T46SEF.2018252T042659.v2.0.NDVI.tif,HLS-VI.S30.T46SEF.2018252T042659.v2.0.NDVI.tif,S30,T46SEF,2018-09-09,2018252,042659,EPSG:32646,499980.0,3990240.0,609780.0,4100040.0,True
/home/ec2-user/ndvi_sqs_work/qinghai/raw/HLS-VI.S30.T46SEG.2018252T042659.v2.0.NDVI.tif,HLS-VI.S30.T46SEG.2018252T042659.v2.0.NDVI.tif,S30,T46SEG,2018-09-09,2018252,042659,EPSG:32646,499980.0,4090200.0,609780.0,4200000.0,True
/home/ec2-user/ndvi_sqs_work/qinghai/raw/HLS-VI.S30.T46SEH.2018252T042659.v2.0.NDVI.tif,HLS-VI.S30.T46SEH.2018252T042659.v2.0.NDVI.tif,S30,T46SEH,2018-09-09,2018252,042659,EPSG:32646,499980.0,4190220.0,609780.0,4300020.0,True
/home/ec2-user/ndvi_sqs_work/qinghai/raw/HLS-VI.S30.T46SFF.2018252T042659.v2.0.NDVI.tif,HLS-VI.S30.T46SFF.2018252T042659.v2.0.NDVI.tif,S30,T46SFF,2018-09-09,2018252,042659,EPSG:32646,600000.0,3990240.0,709800.0,4100040.0,True
/home/ec2-user/ndvi_sqs_work/qinghai/raw/HLS-VI.S30.T46SFG.2018252T042659.v2.0.NDVI.tif,HLS-VI.S30.T46SFG.2018252T042659.v2.0.NDVI.tif,S30,T46SFG,2018-09-09,2018252,042659,EPSG:32646,600000.0,4090200.0,709800.0,4200000.0,True
/home/ec2-user/ndvi_sqs_work/qinghai/raw/HLS-VI.S30.T46SFH.2018252T042659.v2.0.NDVI.tif,HLS-VI.S30.T46SFH.2018252T042659.v2.0.NDVI.tif,S30,T46SFH,2018-09-09,2018252,042659,EPSG:32646,600000.0,4190220.0,709800.0,4300020.0,True
/home/ec2-user/ndvi_sqs_work/qinghai/raw/HLS-VI.S30.T46SGG.2018252T042659.v2.0.NDVI.tif,HLS-VI.S30.T46SGG.2018252T042659.v2.0.NDVI.tif,S30,T46SGG,2018-09-09,2018252,042659,EPSG:32646,699960.0,4090200.0,809760.0,4200000.0,True
/home/ec2-user/ndvi_sqs_work/qinghai/raw/HLS-VI.S30.T46SCG.2018253T044701.v2.0.NDVI.tif,HLS-VI.S30.T46SCG.2018253T044701.v2.0.NDVI.tif,S30,T46SCG,2018-09-10,2018253,044701,EPSG:32646,300000.0,4090200.0,409800.0,4200000.0,True
/home/ec2-user/ndvi_sqs_work/qinghai/raw/HLS-VI.S30.T46SCH.2018253T044701.v2.0.NDVI.tif,HLS-VI.S30.T46SCH.2018253T044701.v2.0.NDVI.tif,S30,T46SCH,2018-09-10,2018253,044701,EPSG:32646,300000.0,4190220.0,409800.0,4300020.0,True
/home/ec2-user/ndvi_sqs_work/qinghai/raw/HLS-VI.S30.T47SNA.2018253T035529.v2.0.NDVI.tif,HLS-VI.S30.T47SNA.2018253T035529.v2.0.NDVI.tif,S30,T47SNA,2018-09-10,2018253,035529,EPSG:32647,499980.0,3990240.0,609780.0,4100040.0,True
/home/ec2-user/ndvi_sqs_work/qinghai/raw/HLS-VI.S30.T47SPC.2018253T035529.v2.0.NDVI.tif,HLS-VI.S30.T47SPC.2018253T035529.v2.0.NDVI.tif,S30,T47SPC,2018-09-10,2018253,035529,EPSG:32647,600000.0,4190220.0,709800.0,4300020.0,True
/home/ec2-user/ndvi_sqs_work/qinghai/raw/HLS-VI.S30.T47SQC.2018253T035529.v2.0.NDVI.tif,HLS-VI.S30.T47SQC.2018253T035529.v2.0.NDVI.tif,S30,T47SQC,2018-09-10,2018253,035529,EPSG:32647,699960.0,4190220.0,809760.0,4300020.0,True
/home/ec2-user/ndvi_sqs_work/qinghai/raw/HLS-VI.S30.T48STE.2018253T035529.v2.0.NDVI.tif,HLS-VI.S30.T48STE.2018253T035529.v2.0.NDVI.tif,S30,T48STE,2018-09-10,2018253,035529,EPSG:32648,199980.0,3890220.0,309780.0,4000020.0,True
/home/ec2-user/ndvi_sqs_work/qinghai/raw/HLS-VI.S30.T48SUE.2018253T035529.v2.0.NDVI.tif,HLS-VI.S30.T48SUE.2018253T035529.v2.0.NDVI.tif,S30,T48SUE,2018-09-10,2018253,035529,EPSG:32648,300000.0,3890220.0,409800.0,4000020.0,True
/home/ec2-user/ndvi_sqs_work/qinghai/raw/HLS-VI.S30.T47SMD.2018254T041551.v2.0.NDVI.tif,HLS-VI.S30.T47SMD.2018254T041551.v2.0.NDVI.tif,S30,T47SMD,2018-09-11,2018254,041551,EPSG:32647,399960.0,4290240.0,509760.0,4400040.0,True
/home/ec2-user/ndvi_sqs_work/qinghai/raw/HLS-VI.S30.T47SMA.2018259T041539.v2.0.NDVI.tif,HLS-VI.S30.T47SMA.2018259T041539.v2.0.NDVI.tif,S30,T47SMA,2018-09-16,2018259,041539,EPSG:32647,399960.0,3990240.0,509760.0,4100040.0,True
/home/ec2-user/ndvi_sqs_work/qinghai/raw/HLS-VI.S30.T46SCJ.2018260T043701.v2.0.NDVI.tif,HLS-VI.S30.T46SCJ.2018260T043701.v2.0.NDVI.tif,S30,T46SCJ,2018-09-17,2018260,043701,EPSG:32646,300000.0,4290240.0,409800.0,4400040.0,True
/home/ec2-user/ndvi_sqs_work/qinghai/raw/HLS-VI.S30.T46SDJ.2018260T043701.v2.0.NDVI.tif,HLS-VI.S30.T46SDJ.2018260T043701.v2.0.NDVI.tif,S30,T46SDJ,2018-09-17,2018260,043701,EPSG:32646,399960.0,4290240.0,509760.0,4400040.0,True
/home/ec2-user/ndvi_sqs_work/qinghai/raw/HLS-VI.S30.T46SEG.2018260T043701.v2.0.NDVI.tif,HLS-VI.S30.T46SEG.2018260T043701.v2.0.NDVI.tif,S30,T46SEG,2018-09-17,2018260,043701,EPSG:32646,499980.0,4090200.0,609780.0,4200000.0,True
/home/ec2-user/ndvi_sqs_work/qinghai/raw/HLS-VI.S30.T46SEH.2018260T043701.v2.0.NDVI.tif,HLS-VI.S30.T46SEH.2018260T043701.v2.0.NDVI.tif,S30,T46SEH,2018-09-17,2018260,043701,EPSG:32646,499980.0,4190220.0,609780.0,4300020.0,True
/home/ec2-user/ndvi_sqs_work/qinghai/raw/HLS-VI.S30.T46SEJ.2018260T043701.v2.0.NDVI.tif,HLS-VI.S30.T46SEJ.2018260T043701.v2.0.NDVI.tif,S30,T46SEJ,2018-09-17,2018260,043701,EPSG:32646,499980.0,4290240.0,609780.0,4400040.0,True
/home/ec2-user/ndvi_sqs_work/qinghai/raw/HLS-VI.S30.T46SEH.2018262T042659.v2.0.NDVI.tif,HLS-VI.S30.T46SEH.2018262T042659.v2.0.NDVI.tif,S30,T46SEH,2018-09-19,2018262,042659,EPSG:32646,499980.0,4190220.0,609780.0,4300020.0,True
/home/ec2-user/ndvi_sqs_work/qinghai/raw/HLS-VI.S30.T47SPC.2018263T035529.v2.0.NDVI.tif,HLS-VI.S30.T47SPC.2018263T035529.v2.0.NDVI.tif,S30,T47SPC,2018-09-20,2018263,035529,EPSG:32647,600000.0,4190220.0,709800.0,4300020.0,True
/home/ec2-user/ndvi_sqs_work/qinghai/raw/HLS-VI.S30.T47SQC.2018263T035529.v2.0.NDVI.tif,HLS-VI.S30.T47SQC.2018263T035529.v2.0.NDVI.tif,S30,T47SQC,2018-09-20,2018263,035529,EPSG:32647,699960.0,4190220.0,809760.0,4300020.0,True
/home/ec2-user/ndvi_sqs_work/qinghai/raw/HLS-VI.S30.T45SYB.2018265T043659.v2.0.NDVI.tif,HLS-VI.S30.T45SYB.2018265T043659.v2.0.NDVI.tif,S30,T45SYB,2018-09-22,2018265,043659,EPSG:32645,699960.0,4090200.0,809760.0,4200000.0,True
/home/ec2-user/ndvi_sqs_work/qinghai/raw/HLS-VI.S30.T46SBH.2018265T043659.v2.0.NDVI.tif,HLS-VI.S30.T46SBH.2018265T043659.v2.0.NDVI.tif,S30,T46SBH,2018-09-22,2018265,043659,EPSG:32646,199980.0,4190220.0,309780.0,4300020.0,True
/home/ec2-user/ndvi_sqs_work/qinghai/raw/HLS-VI.S30.T46SCG.2018265T043659.v2.0.NDVI.tif,HLS-VI.S30.T46SCG.2018265T043659.v2.0.NDVI.tif,S30,T46SCG,2018-09-22,2018265,043659,EPSG:32646,300000.0,4090200.0,409800.0,4200000.0,True
/home/ec2-user/ndvi_sqs_work/qinghai/raw/HLS-VI.S30.T46SCH.2018265T043659.v2.0.NDVI.tif,HLS-VI.S30.T46SCH.2018265T043659.v2.0.NDVI.tif,S30,T46SCH,2018-09-22,2018265,043659,EPSG:32646,300000.0,4190220.0,409800.0,4300020.0,True
/home/ec2-user/ndvi_sqs_work/qinghai/raw/HLS-VI.S30.T46SDG.2018265T043659.v2.0.NDVI.tif,HLS-VI.S30.T46SDG.2018265T043659.v2.0.NDVI.tif,S30,T46SDG,2018-09-22,2018265,043659,EPSG:32646,399960.0,4090200.0,509760.0,4200000.0,True
/home/ec2-user/ndvi_sqs_work/qinghai/raw/HLS-VI.S30.T46SDJ.2018265T043659.v2.0.NDVI.tif,HLS-VI.S30.T46SDJ.2018265T043659.v2.0.NDVI.tif,S30,T46SDJ,2018-09-22,2018265,043659,EPSG:32646,399960.0,4290240.0,509760.0,4400040.0,True
/home/ec2-user/ndvi_sqs_work/qinghai/raw/HLS-VI.S30.T46SEH.2018265T043659.v2.0.NDVI.tif,HLS-VI.S30.T46SEH.2018265T043659.v2.0.NDVI.tif,S30,T46SEH,2018-09-22,2018265,043659,EPSG:32646,499980.0,4190220.0,609780.0,4300020.0,True
/home/ec2-user/ndvi_sqs_work/qinghai/raw/HLS-VI.S30.T46SEJ.2018265T043659.v2.0.NDVI.tif,HLS-VI.S30.T46SEJ.2018265T043659.v2.0.NDVI.tif,S30,T46SEJ,2018-09-22,2018265,043659,EPSG:32646,499980.0,4290240.0,609780.0,4400040.0,True
/home/ec2-user/ndvi_sqs_work/qinghai/raw/HLS-VI.S30.T46SFH.2018265T043659.v2.0.NDVI.tif,HLS-VI.S30.T46SFH.2018265T043659.v2.0.NDVI.tif,S30,T46SFH,2018-09-22,2018265,043659,EPSG:32646,600000.0,4190220.0,709800.0,4300020.0,True
/home/ec2-user/ndvi_sqs_work/qinghai/raw/HLS-VI.S30.T47SQU.2018265T034531.v2.0.NDVI.tif,HLS-VI.S30.T47SQU.2018265T034531.v2.0.NDVI.tif,S30,T47SQU,2018-09-22,2018265,034531,EPSG:32647,699960.0,3790200.0,809760.0,3900000.0,True
/home/ec2-user/ndvi_sqs_work/qinghai/raw/HLS-VI.S30.T48STD.2018265T034531.v2.0.NDVI.tif,HLS-VI.S30.T48STD.2018265T034531.v2.0.NDVI.tif,S30,T48STD,2018-09-22,2018265,034531,EPSG:32648,199980.0,3790200.0,309780.0,3900000.0,True
/home/ec2-user/ndvi_sqs_work/qinghai/raw/HLS-VI.S30.T48STE.2018265T034531.v2.0.NDVI.tif,HLS-VI.S30.T48STE.2018265T034531.v2.0.NDVI.tif,S30,T48STE,2018-09-22,2018265,034531,EPSG:32648,199980.0,3890220.0,309780.0,4000020.0,True
/home/ec2-user/ndvi_sqs_work/qinghai/raw/HLS-VI.S30.T48STF.2018265T034531.v2.0.NDVI.tif,HLS-VI.S30.T48STF.2018265T034531.v2.0.NDVI.tif,S30,T48STF,2018-09-22,2018265,034531,EPSG:32648,199980.0,3990240.0,309780.0,4100040.0,True
/home/ec2-user/ndvi_sqs_work/qinghai/raw/HLS-VI.S30.T48SUF.2018265T034531.v2.0.NDVI.tif,HLS-VI.S30.T48SUF.2018265T034531.v2.0.NDVI.tif,S30,T48SUF,2018-09-22,2018265,034531,EPSG:32648,300000.0,3990240.0,409800.0,4100040.0,True
/home/ec2-user/ndvi_sqs_work/qinghai/raw/HLS-VI.S30.T45SYA.2018270T043701.v2.0.NDVI.tif,HLS-VI.S30.T45SYA.2018270T043701.v2.0.NDVI.tif,S30,T45SYA,2018-09-27,2018270,043701,EPSG:32645,699960.0,3990240.0,809760.0,4100040.0,True
/home/ec2-user/ndvi_sqs_work/qinghai/raw/HLS-VI.S30.T45SYV.2018270T043701.v2.0.NDVI.tif,HLS-VI.S30.T45SYV.2018270T043701.v2.0.NDVI.tif,S30,T45SYV,2018-09-27,2018270,043701,EPSG:32645,699960.0,3890220.0,809760.0,4000020.0,True
/home/ec2-user/ndvi_sqs_work/qinghai/raw/HLS-VI.S30.T46SBE.2018270T043701.v2.0.NDVI.tif,HLS-VI.S30.T46SBE.2018270T043701.v2.0.NDVI.tif,S30,T46SBE,2018-09-27,2018270,043701,EPSG:32646,199980.0,3890220.0,309780.0,4000020.0,True
/home/ec2-user/ndvi_sqs_work/qinghai/raw/HLS-VI.S30.T46SBF.2018270T043701.v2.0.NDVI.tif,HLS-VI.S30.T46SBF.2018270T043701.v2.0.NDVI.tif,S30,T46SBF,2018-09-27,2018270,043701,EPSG:32646,199980.0,3990240.0,309780.0,4100040.0,True
/home/ec2-user/ndvi_sqs_work/qinghai/raw/HLS-VI.S30.T46SCG.2018270T043701.v2.0.NDVI.tif,HLS-VI.S30.T46SCG.2018270T043701.v2.0.NDVI.tif,S30,T46SCG,2018-09-27,2018270,043701,EPSG:32646,300000.0,4090200.0,409800.0,4200000.0,True
/home/ec2-user/ndvi_sqs_work/qinghai/raw/HLS-VI.S30.T46SDF.2018270T043701.v2.0.NDVI.tif,HLS-VI.S30.T46SDF.2018270T043701.v2.0.NDVI.tif,S30,T46SDF,2018-09-27,2018270,043701,EPSG:32646,399960.0,3990240.0,509760.0,4100040.0,True
/home/ec2-user/ndvi_sqs_work/qinghai/raw/HLS-VI.S30.T46SEF.2018270T043701.v2.0.NDVI.tif,HLS-VI.S30.T46SEF.2018270T043701.v2.0.NDVI.tif,S30,T46SEF,2018-09-27,2018270,043701,EPSG:32646,499980.0,3990240.0,609780.0,4100040.0,True
/home/ec2-user/ndvi_sqs_work/qinghai/raw/HLS-VI.S30.T47SLA.2018271T040541.v2.0.NDVI.tif,HLS-VI.S30.T47SLA.2018271T040541.v2.0.NDVI.tif,S30,T47SLA,2018-09-28,2018271,040541,EPSG:32647,300000.0,3990240.0,409800.0,4100040.0,True
/home/ec2-user/ndvi_sqs_work/qinghai/raw/HLS-VI.S30.T47SLT.2018271T040541.v2.0.NDVI.tif,HLS-VI.S30.T47SLT.2018271T040541.v2.0.NDVI.tif,S30,T47SLT,2018-09-28,2018271,040541,EPSG:32647,300000.0,3690240.0,409800.0,3800040.0,True
/home/ec2-user/ndvi_sqs_work/qinghai/raw/HLS-VI.S30.T47SLU.2018271T040541.v2.0.NDVI.tif,HLS-VI.S30.T47SLU.2018271T040541.v2.0.NDVI.tif,S30,T47SLU,2018-09-28,2018271,040541,EPSG:32647,300000.0,3790200.0,409800.0,3900000.0,True
/home/ec2-user/ndvi_sqs_work/qinghai/raw/HLS-VI.S30.T47SLV.2018271T040541.v2.0.NDVI.tif,HLS-VI.S30.T47SLV.2018271T040541.v2.0.NDVI.tif,S30,T47SLV,2018-09-28,2018271,040541,EPSG:32647,300000.0,3890220.0,409800.0,4000020.0,True
/home/ec2-user/ndvi_sqs_work/qinghai/raw/HLS-VI.S30.T47SMT.2018271T040541.v2.0.NDVI.tif,HLS-VI.S30.T47SMT.2018271T040541.v2.0.NDVI.tif,S30,T47SMT,2018-09-28,2018271,040541,EPSG:32647,399960.0,3690240.0,509760.0,3800040.0,True
/home/ec2-user/ndvi_sqs_work/qinghai/raw/HLS-VI.S30.T47SND.2018271T040541.v2.0.NDVI.tif,HLS-VI.S30.T47SND.2018271T040541.v2.0.NDVI.tif,S30,T47SND,2018-09-28,2018271,040541,EPSG:32647,499980.0,4290240.0,609780.0,4400040.0,True
/home/ec2-user/ndvi_sqs_work/qinghai/raw/HLS-VI.S30.T47SPA.2018271T040541.v2.0.NDVI.tif,HLS-VI.S30.T47SPA.2018271T040541.v2.0.NDVI.tif,S30,T47SPA,2018-09-28,2018271,040541,EPSG:32647,600000.0,3990240.0,709800.0,4100040.0,True
/home/ec2-user/ndvi_sqs_work/qinghai/raw/HLS-VI.S30.T47SPT.2018271T040541.v2.0.NDVI.tif,HLS-VI.S30.T47SPT.2018271T040541.v2.0.NDVI.tif,S30,T47SPT,2018-09-28,2018271,040541,EPSG:32647,600000.0,3690240.0,709800.0,3800040.0,True
/home/ec2-user/ndvi_sqs_work/qinghai/raw/HLS-VI.S30.T47SPU.2018271T040541.v2.0.NDVI.tif,HLS-VI.S30.T47SPU.2018271T040541.v2.0.NDVI.tif,S30,T47SPU,2018-09-28,2018271,040541,EPSG:32647,600000.0,3790200.0,709800.0,3900000.0,True
/home/ec2-user/ndvi_sqs_work/qinghai/raw/HLS-VI.S30.T47SPV.2018271T040541.v2.0.NDVI.tif,HLS-VI.S30.T47SPV.2018271T040541.v2.0.NDVI.tif,S30,T47SPV,2018-09-28,2018271,040541,EPSG:32647,600000.0,3890220.0,709800.0,4000020.0,True
/home/ec2-user/ndvi_sqs_work/qinghai/raw/HLS-VI.S30.T46SGF.2018272T042659.v2.0.NDVI.tif,HLS-VI.S30.T46SGF.2018272T042659.v2.0.NDVI.tif,S30,T46SGF,2018-09-29,2018272,042659,EPSG:32646,699960.0,3990240.0,809760.0,4100040.0,True
/home/ec2-user/ndvi_sqs_work/qinghai/raw/HLS-VI.S30.T47SKA.2018272T042659.v2.0.NDVI.tif,HLS-VI.S30.T47SKA.2018272T042659.v2.0.NDVI.tif,S30,T47SKA,2018-09-29,2018272,042659,EPSG:32647,199980.0,3990240.0,309780.0,4100040.0,True
/home/ec2-user/ndvi_sqs_work/qinghai/raw/HLS-VI.S30.T46SCJ.2018273T044701.v2.0.NDVI.tif,HLS-VI.S30.T46SCJ.2018273T044701.v2.0.NDVI.tif,S30,T46SCJ,2018-09-30,2018273,044701,EPSG:32646,300000.0,4290240.0,409800.0,4400040.0,True
/home/ec2-user/ndvi_sqs_work/qinghai/raw/HLS-VI.S30.T46SFF.2018274T041551.v2.0.NDVI.tif,HLS-VI.S30.T46SFF.2018274T041551.v2.0.NDVI.tif,S30,T46SFF,2018-10-01,2018274,041551,EPSG:32646,600000.0,3990240.0,709800.0,4100040.0,True
/home/ec2-user/ndvi_sqs_work/qinghai/raw/HLS-VI.S30.T46SGF.2018274T041551.v2.0.NDVI.tif,HLS-VI.S30.T46SGF.2018274T041551.v2.0.NDVI.tif,S30,T46SGF,2018-10-01,2018274,041551,EPSG:32646,699960.0,3990240.0,809760.0,4100040.0,True
/home/ec2-user/ndvi_sqs_work/qinghai/raw/HLS-VI.S30.T46SGG.2018274T041551.v2.0.NDVI.tif,HLS-VI.S30.T46SGG.2018274T041551.v2.0.NDVI.tif,S30,T46SGG,2018-10-01,2018274,041551,EPSG:32646,699960.0,4090200.0,809760.0,4200000.0,True
/home/ec2-user/ndvi_sqs_work/qinghai/raw/HLS-VI.S30.T47SKA.2018274T041551.v2.0.NDVI.tif,HLS-VI.S30.T47SKA.2018274T041551.v2.0.NDVI.tif,S30,T47SKA,2018-10-01,2018274,041551,EPSG:32647,199980.0,3990240.0,309780.0,4100040.0,True
/home/ec2-user/ndvi_sqs_work/qinghai/raw/HLS-VI.S30.T46SBH.2018275T043659.v2.0.NDVI.tif,HLS-VI.S30.T46SBH.2018275T043659.v2.0.NDVI.tif,S30,T46SBH,2018-10-02,2018275,043659,EPSG:32646,199980.0,4190220.0,309780.0,4300020.0,True
/home/ec2-user/ndvi_sqs_work/qinghai/raw/HLS-VI.S30.T46SCH.2018275T043659.v2.0.NDVI.tif,HLS-VI.S30.T46SCH.2018275T043659.v2.0.NDVI.tif,S30,T46SCH,2018-10-02,2018275,043659,EPSG:32646,300000.0,4190220.0,409800.0,4300020.0,True
/home/ec2-user/ndvi_sqs_work/qinghai/raw/HLS-VI.S30.T46SDG.2018275T043659.v2.0.NDVI.tif,HLS-VI.S30.T46SDG.2018275T043659.v2.0.NDVI.tif,S30,T46SDG,2018-10-02,2018275,043659,EPSG:32646,399960.0,4090200.0,509760.0,4200000.0,True
/home/ec2-user/ndvi_sqs_work/qinghai/raw/HLS-VI.S30.T46SFH.2018275T043659.v2.0.NDVI.tif,HLS-VI.S30.T46SFH.2018275T043659.v2.0.NDVI.tif,S30,T46SFH,2018-10-02,2018275,043659,EPSG:32646,600000.0,4190220.0,709800.0,4300020.0,True
/home/ec2-user/ndvi_sqs_work/qinghai/raw/HLS-VI.S30.T47SLA.2018276T040559.v2.0.NDVI.tif,HLS-VI.S30.T47SLA.2018276T040559.v2.0.NDVI.tif,S30,T47SLA,2018-10-03,2018276,040559,EPSG:32647,300000.0,3990240.0,409800.0,4100040.0,True
/home/ec2-user/ndvi_sqs_work/qinghai/raw/HLS-VI.S30.T47SLB.2018276T040559.v2.0.NDVI.tif,HLS-VI.S30.T47SLB.2018276T040559.v2.0.NDVI.tif,S30,T47SLB,2018-10-03,2018276,040559,EPSG:32647,300000.0,4090200.0,409800.0,4200000.0,True
/home/ec2-user/ndvi_sqs_work/qinghai/raw/HLS-VI.S30.T47SLU.2018276T040559.v2.0.NDVI.tif,HLS-VI.S30.T47SLU.2018276T040559.v2.0.NDVI.tif,S30,T47SLU,2018-10-03,2018276,040559,EPSG:32647,300000.0,3790200.0,409800.0,3900000.0,True
/home/ec2-user/ndvi_sqs_work/qinghai/raw/HLS-VI.S30.T47SLV.2018276T040559.v2.0.NDVI.tif,HLS-VI.S30.T47SLV.2018276T040559.v2.0.NDVI.tif,S30,T47SLV,2018-10-03,2018276,040559,EPSG:32647,300000.0,3890220.0,409800.0,4000020.0,True
/home/ec2-user/ndvi_sqs_work/qinghai/raw/HLS-VI.S30.T47SMU.2018276T040559.v2.0.NDVI.tif,HLS-VI.S30.T47SMU.2018276T040559.v2.0.NDVI.tif,S30,T47SMU,2018-10-03,2018276,040559,EPSG:32647,399960.0,3790200.0,509760.0,3900000.0,True
/home/ec2-user/ndvi_sqs_work/qinghai/raw/HLS-VI.S30.T47SNA.2018276T040559.v2.0.NDVI.tif,HLS-VI.S30.T47SNA.2018276T040559.v2.0.NDVI.tif,S30,T47SNA,2018-10-03,2018276,040559,EPSG:32647,499980.0,3990240.0,609780.0,4100040.0,True
/home/ec2-user/ndvi_sqs_work/qinghai/raw/HLS-VI.S30.T47SND.2018276T040559.v2.0.NDVI.tif,HLS-VI.S30.T47SND.2018276T040559.v2.0.NDVI.tif,S30,T47SND,2018-10-03,2018276,040559,EPSG:32647,499980.0,4290240.0,609780.0,4400040.0,True
/home/ec2-user/ndvi_sqs_work/qinghai/raw/HLS-VI.S30.T46SEG.2018277T042701.v2.0.NDVI.tif,HLS-VI.S30.T46SEG.2018277T042701.v2.0.NDVI.tif,S30,T46SEG,2018-10-04,2018277,042701,EPSG:32646,499980.0,4090200.0,609780.0,4200000.0,True
/home/ec2-user/ndvi_sqs_work/qinghai/raw/HLS-VI.S30.T46SEH.2018277T042701.v2.0.NDVI.tif,HLS-VI.S30.T46SEH.2018277T042701.v2.0.NDVI.tif,S30,T46SEH,2018-10-04,2018277,042701,EPSG:32646,499980.0,4190220.0,609780.0,4300020.0,True
/home/ec2-user/ndvi_sqs_work/qinghai/raw/HLS-VI.S30.T46SFF.2018277T042701.v2.0.NDVI.tif,HLS-VI.S30.T46SFF.2018277T042701.v2.0.NDVI.tif,S30,T46SFF,2018-10-04,2018277,042701,EPSG:32646,600000.0,3990240.0,709800.0,4100040.0,True
/home/ec2-user/ndvi_sqs_work/qinghai/raw/HLS-VI.S30.T46SFG.2018277T042701.v2.0.NDVI.tif,HLS-VI.S30.T46SFG.2018277T042701.v2.0.NDVI.tif,S30,T46SFG,2018-10-04,2018277,042701,EPSG:32646,600000.0,4090200.0,709800.0,4200000.0,True
/home/ec2-user/ndvi_sqs_work/qinghai/raw/HLS-VI.S30.T46SFH.2018277T042701.v2.0.NDVI.tif,HLS-VI.S30.T46SFH.2018277T042701.v2.0.NDVI.tif,S30,T46SFH,2018-10-04,2018277,042701,EPSG:32646,600000.0,4190220.0,709800.0,4300020.0,True
/home/ec2-user/ndvi_sqs_work/qinghai/raw/HLS-VI.S30.T46SGF.2018277T042701.v2.0.NDVI.tif,HLS-VI.S30.T46SGF.2018277T042701.v2.0.NDVI.tif,S30,T46SGF,2018-10-04,2018277,042701,EPSG:32646,699960.0,3990240.0,809760.0,4100040.0,True
/home/ec2-user/ndvi_sqs_work/qinghai/raw/HLS-VI.S30.T47SKA.2018277T042701.v2.0.NDVI.tif,HLS-VI.S30.T47SKA.2018277T042701.v2.0.NDVI.tif,S30,T47SKA,2018-10-04,2018277,042701,EPSG:32647,199980.0,3990240.0,309780.0,4100040.0,True
/home/ec2-user/ndvi_sqs_work/qinghai/raw/HLS-VI.S30.T46SCH.2018278T044659.v2.0.NDVI.tif,HLS-VI.S30.T46SCH.2018278T044659.v2.0.NDVI.tif,S30,T46SCH,2018-10-05,2018278,044659,EPSG:32646,300000.0,4190220.0,409800.0,4300020.0,True
/home/ec2-user/ndvi_sqs_work/qinghai/raw/HLS-VI.S30.T46SCJ.2018278T044659.v2.0.NDVI.tif,HLS-VI.S30.T46SCJ.2018278T044659.v2.0.NDVI.tif,S30,T46SCJ,2018-10-05,2018278,044659,EPSG:32646,300000.0,4290240.0,409800.0,4400040.0,True
/home/ec2-user/ndvi_sqs_work/qinghai/raw/HLS-VI.S30.T47SNV.2018278T035611.v2.0.NDVI.tif,HLS-VI.S30.T47SNV.2018278T035611.v2.0.NDVI.tif,S30,T47SNV,2018-10-05,2018278,035611,EPSG:32647,499980.0,3890220.0,609780.0,4000020.0,True
/home/ec2-user/ndvi_sqs_work/qinghai/raw/HLS-VI.S30.T46SFF.2018279T041619.v2.0.NDVI.tif,HLS-VI.S30.T46SFF.2018279T041619.v2.0.NDVI.tif,S30,T46SFF,2018-10-06,2018279,041619,EPSG:32646,600000.0,3990240.0,709800.0,4100040.0,True
/home/ec2-user/ndvi_sqs_work/qinghai/raw/HLS-VI.S30.T46SGF.2018279T041619.v2.0.NDVI.tif,HLS-VI.S30.T46SGF.2018279T041619.v2.0.NDVI.tif,S30,T46SGF,2018-10-06,2018279,041619,EPSG:32646,699960.0,3990240.0,809760.0,4100040.0,True
/home/ec2-user/ndvi_sqs_work/qinghai/raw/HLS-VI.S30.T46SGG.2018279T041619.v2.0.NDVI.tif,HLS-VI.S30.T46SGG.2018279T041619.v2.0.NDVI.tif,S30,T46SGG,2018-10-06,2018279,041619,EPSG:32646,699960.0,4090200.0,809760.0,4200000.0,True
/home/ec2-user/ndvi_sqs_work/qinghai/raw/HLS-VI.S30.T47SKA.2018279T041619.v2.0.NDVI.tif,HLS-VI.S30.T47SKA.2018279T041619.v2.0.NDVI.tif,S30,T47SKA,2018-10-06,2018279,041619,EPSG:32647,199980.0,3990240.0,309780.0,4100040.0,True
/home/ec2-user/ndvi_sqs_work/qinghai/raw/HLS-VI.S30.T47SKB.2018279T041619.v2.0.NDVI.tif,HLS-VI.S30.T47SKB.2018279T041619.v2.0.NDVI.tif,S30,T47SKB,2018-10-06,2018279,041619,EPSG:32647,199980.0,4090200.0,309780.0,4200000.0,True
/home/ec2-user/ndvi_sqs_work/qinghai/raw/HLS-VI.S30.T47SLA.2018279T041619.v2.0.NDVI.tif,HLS-VI.S30.T47SLA.2018279T041619.v2.0.NDVI.tif,S30,T47SLA,2018-10-06,2018279,041619,EPSG:32647,300000.0,3990240.0,409800.0,4100040.0,True
/home/ec2-user/ndvi_sqs_work/qinghai/raw/HLS-VI.S30.T47SMA.2018279T041619.v2.0.NDVI.tif,HLS-VI.S30.T47SMA.2018279T041619.v2.0.NDVI.tif,S30,T47SMA,2018-10-06,2018279,041619,EPSG:32647,399960.0,3990240.0,509760.0,4100040.0,True
/home/ec2-user/ndvi_sqs_work/qinghai/raw/HLS-VI.S30.T47SND.2018279T041619.v2.0.NDVI.tif,HLS-VI.S30.T47SND.2018279T041619.v2.0.NDVI.tif,S30,T47SND,2018-10-06,2018279,041619,EPSG:32647,499980.0,4290240.0,609780.0,4400040.0,True
/home/ec2-user/ndvi_sqs_work/qinghai/raw/HLS-VI.S30.T46SBH.2018280T043701.v2.0.NDVI.tif,HLS-VI.S30.T46SBH.2018280T043701.v2.0.NDVI.tif,S30,T46SBH,2018-10-07,2018280,043701,EPSG:32646,199980.0,4190220.0,309780.0,4300020.0,True
/home/ec2-user/ndvi_sqs_work/qinghai/raw/HLS-VI.S30.T46SCH.2018280T043701.v2.0.NDVI.tif,HLS-VI.S30.T46SCH.2018280T043701.v2.0.NDVI.tif,S30,T46SCH,2018-10-07,2018280,043701,EPSG:32646,300000.0,4190220.0,409800.0,4300020.0,True
/home/ec2-user/ndvi_sqs_work/qinghai/raw/HLS-VI.S30.T46SCJ.2018280T043701.v2.0.NDVI.tif,HLS-VI.S30.T46SCJ.2018280T043701.v2.0.NDVI.tif,S30,T46SCJ,2018-10-07,2018280,043701,EPSG:32646,300000.0,4290240.0,409800.0,4400040.0,True
/home/ec2-user/ndvi_sqs_work/qinghai/raw/HLS-VI.S30.T46SDJ.2018280T043701.v2.0.NDVI.tif,HLS-VI.S30.T46SDJ.2018280T043701.v2.0.NDVI.tif,S30,T46SDJ,2018-10-07,2018280,043701,EPSG:32646,399960.0,4290240.0,509760.0,4400040.0,True
/home/ec2-user/ndvi_sqs_work/qinghai/raw/HLS-VI.S30.T47SND.2018281T040631.v2.0.NDVI.tif,HLS-VI.S30.T47SND.2018281T040631.v2.0.NDVI.tif,S30,T47SND,2018-10-08,2018281,040631,EPSG:32647,499980.0,4290240.0,609780.0,4400040.0,True
/home/ec2-user/ndvi_sqs_work/qinghai/raw/HLS-VI.S30.T47SQC.2018283T035649.v2.0.NDVI.tif,HLS-VI.S30.T47SQC.2018283T035649.v2.0.NDVI.tif,S30,T47SQC,2018-10-10,2018283,035649,EPSG:32647,699960.0,4190220.0,809760.0,4300020.0,True
/home/ec2-user/ndvi_sqs_work/qinghai/raw/HLS-VI.S30.T46SGF.2018284T041701.v2.0.NDVI.tif,HLS-VI.S30.T46SGF.2018284T041701.v2.0.NDVI.tif,S30,T46SGF,2018-10-11,2018284,041701,EPSG:32646,699960.0,3990240.0,809760.0,4100040.0,True
/home/ec2-user/ndvi_sqs_work/qinghai/raw/HLS-VI.S30.T47SKA.2018284T041701.v2.0.NDVI.tif,HLS-VI.S30.T47SKA.2018284T041701.v2.0.NDVI.tif,S30,T47SKA,2018-10-11,2018284,041701,EPSG:32647,199980.0,3990240.0,309780.0,4100040.0,True
/home/ec2-user/ndvi_sqs_work/qinghai/raw/HLS-VI.S30.T47SLA.2018284T041701.v2.0.NDVI.tif,HLS-VI.S30.T47SLA.2018284T041701.v2.0.NDVI.tif,S30,T47SLA,2018-10-11,2018284,041701,EPSG:32647,300000.0,3990240.0,409800.0,4100040.0,True
/home/ec2-user/ndvi_sqs_work/qinghai/raw/HLS-VI.S30.T47SMA.2018284T041701.v2.0.NDVI.tif,HLS-VI.S30.T47SMA.2018284T041701.v2.0.NDVI.tif,S30,T47SMA,2018-10-11,2018284,041701,EPSG:32647,399960.0,3990240.0,509760.0,4100040.0,True
/home/ec2-user/ndvi_sqs_work/qinghai/raw/HLS-VI.S30.T47SND.2018284T041701.v2.0.NDVI.tif,HLS-VI.S30.T47SND.2018284T041701.v2.0.NDVI.tif,S30,T47SND,2018-10-11,2018284,041701,EPSG:32647,499980.0,4290240.0,609780.0,4400040.0,True
/home/ec2-user/ndvi_sqs_work/qinghai/raw/HLS-VI.S30.T48STE.2018285T034701.v2.0.NDVI.tif,HLS-VI.S30.T48STE.2018285T034701.v2.0.NDVI.tif,S30,T48STE,2018-10-12,2018285,034701,EPSG:32648,199980.0,3890220.0,309780.0,4000020.0,True
/home/ec2-user/ndvi_sqs_work/qinghai/raw/HLS-VI.S30.T48STF.2018285T034701.v2.0.NDVI.tif,HLS-VI.S30.T48STF.2018285T034701.v2.0.NDVI.tif,S30,T48STF,2018-10-12,2018285,034701,EPSG:32648,199980.0,3990240.0,309780.0,4100040.0,True
/home/ec2-user/ndvi_sqs_work/qinghai/raw/HLS-VI.S30.T48SUE.2018285T034701.v2.0.NDVI.tif,HLS-VI.S30.T48SUE.2018285T034701.v2.0.NDVI.tif,S30,T48SUE,2018-10-12,2018285,034701,EPSG:32648,300000.0,3890220.0,409800.0,4000020.0,True
/home/ec2-user/ndvi_sqs_work/qinghai/raw/HLS-VI.S30.T48SUF.2018285T034701.v2.0.NDVI.tif,HLS-VI.S30.T48SUF.2018285T034701.v2.0.NDVI.tif,S30,T48SUF,2018-10-12,2018285,034701,EPSG:32648,300000.0,3990240.0,409800.0,4100040.0,True
/home/ec2-user/ndvi_sqs_work/qinghai/raw/HLS-VI.S30.T46SCC.2018287T042731.v2.0.NDVI.tif,HLS-VI.S30.T46SCC.2018287T042731.v2.0.NDVI.tif,S30,T46SCC,2018-10-14,2018287,042731,EPSG:32646,300000.0,3690240.0,409800.0,3800040.0,True
/home/ec2-user/ndvi_sqs_work/qinghai/raw/HLS-VI.S30.T46SEG.2018287T042731.v2.0.NDVI.tif,HLS-VI.S30.T46SEG.2018287T042731.v2.0.NDVI.tif,S30,T46SEG,2018-10-14,2018287,042731,EPSG:32646,499980.0,4090200.0,609780.0,4200000.0,True
/home/ec2-user/ndvi_sqs_work/qinghai/raw/HLS-VI.S30.T46SFF.2018287T042731.v2.0.NDVI.tif,HLS-VI.S30.T46SFF.2018287T042731.v2.0.NDVI.tif,S30,T46SFF,2018-10-14,2018287,042731,EPSG:32646,600000.0,3990240.0,709800.0,4100040.0,True
/home/ec2-user/ndvi_sqs_work/qinghai/raw/HLS-VI.S30.T46SFG.2018287T042731.v2.0.NDVI.tif,HLS-VI.S30.T46SFG.2018287T042731.v2.0.NDVI.tif,S30,T46SFG,2018-10-14,2018287,042731,EPSG:32646,600000.0,4090200.0,709800.0,4200000.0,True
/home/ec2-user/ndvi_sqs_work/qinghai/raw/HLS-VI.S30.T46SGF.2018287T042731.v2.0.NDVI.tif,HLS-VI.S30.T46SGF.2018287T042731.v2.0.NDVI.tif,S30,T46SGF,2018-10-14,2018287,042731,EPSG:32646,699960.0,3990240.0,809760.0,4100040.0,True
/home/ec2-user/ndvi_sqs_work/qinghai/raw/HLS-VI.S30.T47SKA.2018287T042731.v2.0.NDVI.tif,HLS-VI.S30.T47SKA.2018287T042731.v2.0.NDVI.tif,S30,T47SKA,2018-10-14,2018287,042731,EPSG:32647,199980.0,3990240.0,309780.0,4100040.0,True
/home/ec2-user/ndvi_sqs_work/qinghai/raw/HLS-VI.S30.T46SCH.2018288T044739.v2.0.NDVI.tif,HLS-VI.S30.T46SCH.2018288T044739.v2.0.NDVI.tif,S30,T46SCH,2018-10-15,2018288,044739,EPSG:32646,300000.0,4190220.0,409800.0,4300020.0,True
/home/ec2-user/ndvi_sqs_work/qinghai/raw/HLS-VI.S30.T47SQC.2018288T035721.v2.0.NDVI.tif,HLS-VI.S30.T47SQC.2018288T035721.v2.0.NDVI.tif,S30,T47SQC,2018-10-15,2018288,035721,EPSG:32647,699960.0,4190220.0,809760.0,4300020.0,True
/home/ec2-user/ndvi_sqs_work/qinghai/raw/HLS-VI.S30.T48STF.2018288T035721.v2.0.NDVI.tif,HLS-VI.S30.T48STF.2018288T035721.v2.0.NDVI.tif,S30,T48STF,2018-10-15,2018288,035721,EPSG:32648,199980.0,3990240.0,309780.0,4100040.0,True
/home/ec2-user/ndvi_sqs_work/qinghai/raw/HLS-VI.S30.T48SUE.2018288T035721.v2.0.NDVI.tif,HLS-VI.S30.T48SUE.2018288T035721.v2.0.NDVI.tif,S30,T48SUE,2018-10-15,2018288,035721,EPSG:32648,300000.0,3890220.0,409800.0,4000020.0,True
/home/ec2-user/ndvi_sqs_work/qinghai/raw/HLS-VI.S30.T48SUF.2018288T035721.v2.0.NDVI.tif,HLS-VI.S30.T48SUF.2018288T035721.v2.0.NDVI.tif,S30,T48SUF,2018-10-15,2018288,035721,EPSG:32648,300000.0,3990240.0,409800.0,4100040.0,True
/home/ec2-user/ndvi_sqs_work/qinghai/raw/HLS-VI.S30.T46SFF.2018289T041739.v2.0.NDVI.tif,HLS-VI.S30.T46SFF.2018289T041739.v2.0.NDVI.tif,S30,T46SFF,2018-10-16,2018289,041739,EPSG:32646,600000.0,3990240.0,709800.0,4100040.0,True
/home/ec2-user/ndvi_sqs_work/qinghai/raw/HLS-VI.S30.T46SGF.2018289T041739.v2.0.NDVI.tif,HLS-VI.S30.T46SGF.2018289T041739.v2.0.NDVI.tif,S30,T46SGF,2018-10-16,2018289,041739,EPSG:32646,699960.0,3990240.0,809760.0,4100040.0,True
/home/ec2-user/ndvi_sqs_work/qinghai/raw/HLS-VI.S30.T47SKA.2018289T041739.v2.0.NDVI.tif,HLS-VI.S30.T47SKA.2018289T041739.v2.0.NDVI.tif,S30,T47SKA,2018-10-16,2018289,041739,EPSG:32647,199980.0,3990240.0,309780.0,4100040.0,True
/home/ec2-user/ndvi_sqs_work/qinghai/raw/HLS-VI.S30.T47SLA.2018289T041739.v2.0.NDVI.tif,HLS-VI.S30.T47SLA.2018289T041739.v2.0.NDVI.tif,S30,T47SLA,2018-10-16,2018289,041739,EPSG:32647,300000.0,3990240.0,409800.0,4100040.0,True
/home/ec2-user/ndvi_sqs_work/qinghai/raw/HLS-VI.S30.T47SMA.2018289T041739.v2.0.NDVI.tif,HLS-VI.S30.T47SMA.2018289T041739.v2.0.NDVI.tif,S30,T47SMA,2018-10-16,2018289,041739,EPSG:32647,399960.0,3990240.0,509760.0,4100040.0,True
/home/ec2-user/ndvi_sqs_work/qinghai/raw/HLS-VI.S30.T47SND.2018289T041739.v2.0.NDVI.tif,HLS-VI.S30.T47SND.2018289T041739.v2.0.NDVI.tif,S30,T47SND,2018-10-16,2018289,041739,EPSG:32647,499980.0,4290240.0,609780.0,4400040.0,True
/home/ec2-user/ndvi_sqs_work/qinghai/raw/HLS-VI.S30.T47SQS.2018290T034729.v2.0.NDVI.tif,HLS-VI.S30.T47SQS.2018290T034729.v2.0.NDVI.tif,S30,T47SQS,2018-10-17,2018290,034729,EPSG:32647,699960.0,3590220.0,809760.0,3700020.0,True
/home/ec2-user/ndvi_sqs_work/qinghai/raw/HLS-VI.S30.T47SQU.2018290T034729.v2.0.NDVI.tif,HLS-VI.S30.T47SQU.2018290T034729.v2.0.NDVI.tif,S30,T47SQU,2018-10-17,2018290,034729,EPSG:32647,699960.0,3790200.0,809760.0,3900000.0,True
/home/ec2-user/ndvi_sqs_work/qinghai/raw/HLS-VI.S30.T48STB.2018290T034729.v2.0.NDVI.tif,HLS-VI.S30.T48STB.2018290T034729.v2.0.NDVI.tif,S30,T48STB,2018-10-17,2018290,034729,EPSG:32648,199980.0,3590220.0,309780.0,3700020.0,True
/home/ec2-user/ndvi_sqs_work/qinghai/raw/HLS-VI.S30.T48STD.2018290T034729.v2.0.NDVI.tif,HLS-VI.S30.T48STD.2018290T034729.v2.0.NDVI.tif,S30,T48STD,2018-10-17,2018290,034729,EPSG:32648,199980.0,3790200.0,309780.0,3900000.0,True
/home/ec2-user/ndvi_sqs_work/qinghai/raw/HLS-VI.S30.T48STE.2018290T034729.v2.0.NDVI.tif,HLS-VI.S30.T48STE.2018290T034729.v2.0.NDVI.tif,S30,T48STE,2018-10-17,2018290,034729,EPSG:32648,199980.0,3890220.0,309780.0,4000020.0,True
/home/ec2-user/ndvi_sqs_work/qinghai/raw/HLS-VI.S30.T48STF.2018290T034729.v2.0.NDVI.tif,HLS-VI.S30.T48STF.2018290T034729.v2.0.NDVI.tif,S30,T48STF,2018-10-17,2018290,034729,EPSG:32648,199980.0,3990240.0,309780.0,4100040.0,True
/home/ec2-user/ndvi_sqs_work/qinghai/raw/HLS-VI.S30.T47SLA.2018291T040751.v2.0.NDVI.tif,HLS-VI.S30.T47SLA.2018291T040751.v2.0.NDVI.tif,S30,T47SLA,2018-10-18,2018291,040751,EPSG:32647,300000.0,3990240.0,409800.0,4100040.0,True
/home/ec2-user/ndvi_sqs_work/qinghai/raw/HLS-VI.S30.T47SLB.2018291T040751.v2.0.NDVI.tif,HLS-VI.S30.T47SLB.2018291T040751.v2.0.NDVI.tif,S30,T47SLB,2018-10-18,2018291,040751,EPSG:32647,300000.0,4090200.0,409800.0,4200000.0,True
/home/ec2-user/ndvi_sqs_work/qinghai/raw/HLS-VI.S30.T47SMA.2018291T040751.v2.0.NDVI.tif,HLS-VI.S30.T47SMA.2018291T040751.v2.0.NDVI.tif,S30,T47SMA,2018-10-18,2018291,040751,EPSG:32647,399960.0,3990240.0,509760.0,4100040.0,True
/home/ec2-user/ndvi_sqs_work/qinghai/raw/HLS-VI.S30.T47SNV.2018291T040751.v2.0.NDVI.tif,HLS-VI.S30.T47SNV.2018291T040751.v2.0.NDVI.tif,S30,T47SNV,2018-10-18,2018291,040751,EPSG:32647,499980.0,3890220.0,609780.0,4000020.0,True
/home/ec2-user/ndvi_sqs_work/qinghai/raw/HLS-VI.S30.T47SPV.2018291T040751.v2.0.NDVI.tif,HLS-VI.S30.T47SPV.2018291T040751.v2.0.NDVI.tif,S30,T47SPV,2018-10-18,2018291,040751,EPSG:32647,600000.0,3890220.0,709800.0,4000020.0,True
/home/ec2-user/ndvi_sqs_work/qinghai/raw/HLS-VI.S30.T46SEH.2018292T042759.v2.0.NDVI.tif,HLS-VI.S30.T46SEH.2018292T042759.v2.0.NDVI.tif,S30,T46SEH,2018-10-19,2018292,042759,EPSG:32646,499980.0,4190220.0,609780.0,4300020.0,True
/home/ec2-user/ndvi_sqs_work/qinghai/raw/HLS-VI.S30.T46SFG.2018292T042759.v2.0.NDVI.tif,HLS-VI.S30.T46SFG.2018292T042759.v2.0.NDVI.tif,S30,T46SFG,2018-10-19,2018292,042759,EPSG:32646,600000.0,4090200.0,709800.0,4200000.0,True
/home/ec2-user/ndvi_sqs_work/qinghai/raw/HLS-VI.S30.T46SGG.2018292T042759.v2.0.NDVI.tif,HLS-VI.S30.T46SGG.2018292T042759.v2.0.NDVI.tif,S30,T46SGG,2018-10-19,2018292,042759,EPSG:32646,699960.0,4090200.0,809760.0,4200000.0,True
/home/ec2-user/ndvi_sqs_work/qinghai/raw/HLS-VI.S30.T47SKA.2018292T042759.v2.0.NDVI.tif,HLS-VI.S30.T47SKA.2018292T042759.v2.0.NDVI.tif,S30,T47SKA,2018-10-19,2018292,042759,EPSG:32647,199980.0,3990240.0,309780.0,4100040.0,True
/home/ec2-user/ndvi_sqs_work/qinghai/raw/HLS-VI.S30.T46SGF.2018294T041811.v2.0.NDVI.tif,HLS-VI.S30.T46SGF.2018294T041811.v2.0.NDVI.tif,S30,T46SGF,2018-10-21,2018294,041811,EPSG:32646,699960.0,3990240.0,809760.0,4100040.0,True
/home/ec2-user/ndvi_sqs_work/qinghai/raw/HLS-VI.S30.T47SKA.2018294T041811.v2.0.NDVI.tif,HLS-VI.S30.T47SKA.2018294T041811.v2.0.NDVI.tif,S30,T47SKA,2018-10-21,2018294,041811,EPSG:32647,199980.0,3990240.0,309780.0,4100040.0,True
/home/ec2-user/ndvi_sqs_work/qinghai/raw/HLS-VI.S30.T47SLA.2018294T041811.v2.0.NDVI.tif,HLS-VI.S30.T47SLA.2018294T041811.v2.0.NDVI.tif,S30,T47SLA,2018-10-21,2018294,041811,EPSG:32647,300000.0,3990240.0,409800.0,4100040.0,True
/home/ec2-user/ndvi_sqs_work/qinghai/raw/HLS-VI.S30.T46SBH.2018295T043829.v2.0.NDVI.tif,HLS-VI.S30.T46SBH.2018295T043829.v2.0.NDVI.tif,S30,T46SBH,2018-10-22,2018295,043829,EPSG:32646,199980.0,4190220.0,309780.0,4300020.0,True
/home/ec2-user/ndvi_sqs_work/qinghai/raw/HLS-VI.S30.T46SCH.2018295T043829.v2.0.NDVI.tif,HLS-VI.S30.T46SCH.2018295T043829.v2.0.NDVI.tif,S30,T46SCH,2018-10-22,2018295,043829,EPSG:32646,300000.0,4190220.0,409800.0,4300020.0,True
/home/ec2-user/ndvi_sqs_work/qinghai/raw/HLS-VI.S30.T46SCJ.2018295T043829.v2.0.NDVI.tif,HLS-VI.S30.T46SCJ.2018295T043829.v2.0.NDVI.tif,S30,T46SCJ,2018-10-22,2018295,043829,EPSG:32646,300000.0,4290240.0,409800.0,4400040.0,True
/home/ec2-user/ndvi_sqs_work/qinghai/raw/HLS-VI.S30.T46SDG.2018295T043829.v2.0.NDVI.tif,HLS-VI.S30.T46SDG.2018295T043829.v2.0.NDVI.tif,S30,T46SDG,2018-10-22,2018295,043829,EPSG:32646,399960.0,4090200.0,509760.0,4200000.0,True
/home/ec2-user/ndvi_sqs_work/qinghai/raw/HLS-VI.S30.T46SDJ.2018295T043829.v2.0.NDVI.tif,HLS-VI.S30.T46SDJ.2018295T043829.v2.0.NDVI.tif,S30,T46SDJ,2018-10-22,2018295,043829,EPSG:32646,399960.0,4290240.0,509760.0,4400040.0,True
/home/ec2-user/ndvi_sqs_work/qinghai/raw/HLS-VI.S30.T46SEH.2018295T043829.v2.0.NDVI.tif,HLS-VI.S30.T46SEH.2018295T043829.v2.0.NDVI.tif,S30,T46SEH,2018-10-22,2018295,043829,EPSG:32646,499980.0,4190220.0,609780.0,4300020.0,True
/home/ec2-user/ndvi_sqs_work/qinghai/raw/HLS-VI.S30.T47SLA.2018296T040819.v2.0.NDVI.tif,HLS-VI.S30.T47SLA.2018296T040819.v2.0.NDVI.tif,S30,T47SLA,2018-10-23,2018296,040819,EPSG:32647,300000.0,3990240.0,409800.0,4100040.0,True
/home/ec2-user/ndvi_sqs_work/qinghai/raw/HLS-VI.S30.T47SQC.2018296T040819.v2.0.NDVI.tif,HLS-VI.S30.T47SQC.2018296T040819.v2.0.NDVI.tif,S30,T47SQC,2018-10-23,2018296,040819,EPSG:32647,699960.0,4190220.0,809760.0,4300020.0,True
/home/ec2-user/ndvi_sqs_work/qinghai/raw/HLS-VI.S30.T46SCH.2018298T044849.v2.0.NDVI.tif,HLS-VI.S30.T46SCH.2018298T044849.v2.0.NDVI.tif,S30,T46SCH,2018-10-25,2018298,044849,EPSG:32646,300000.0,4190220.0,409800.0,4300020.0,True
/home/ec2-user/ndvi_sqs_work/qinghai/raw/HLS-VI.S30.T46SCJ.2018298T044849.v2.0.NDVI.tif,HLS-VI.S30.T46SCJ.2018298T044849.v2.0.NDVI.tif,S30,T46SCJ,2018-10-25,2018298,044849,EPSG:32646,300000.0,4290240.0,409800.0,4400040.0,True
/home/ec2-user/ndvi_sqs_work/qinghai/raw/HLS-VI.S30.T47SNV.2018298T035821.v2.0.NDVI.tif,HLS-VI.S30.T47SNV.2018298T035821.v2.0.NDVI.tif,S30,T47SNV,2018-10-25,2018298,035821,EPSG:32647,499980.0,3890220.0,609780.0,4000020.0,True
/home/ec2-user/ndvi_sqs_work/qinghai/raw/HLS-VI.S30.T47SPV.2018298T035821.v2.0.NDVI.tif,HLS-VI.S30.T47SPV.2018298T035821.v2.0.NDVI.tif,S30,T47SPV,2018-10-25,2018298,035821,EPSG:32647,600000.0,3890220.0,709800.0,4000020.0,True
/home/ec2-user/ndvi_sqs_work/qinghai/raw/HLS-VI.S30.T47SQU.2018298T035821.v2.0.NDVI.tif,HLS-VI.S30.T47SQU.2018298T035821.v2.0.NDVI.tif,S30,T47SQU,2018-10-25,2018298,035821,EPSG:32647,699960.0,3790200.0,809760.0,3900000.0,True
/home/ec2-user/ndvi_sqs_work/qinghai/raw/HLS-VI.S30.T47SQV.2018298T035821.v2.0.NDVI.tif,HLS-VI.S30.T47SQV.2018298T035821.v2.0.NDVI.tif,S30,T47SQV,2018-10-25,2018298,035821,EPSG:32647,699960.0,3890220.0,809760.0,4000020.0,True
/home/ec2-user/ndvi_sqs_work/qinghai/raw/HLS-VI.S30.T48SUE.2018298T035821.v2.0.NDVI.tif,HLS-VI.S30.T48SUE.2018298T035821.v2.0.NDVI.tif,S30,T48SUE,2018-10-25,2018298,035821,EPSG:32648,300000.0,3890220.0,409800.0,4000020.0,True
/home/ec2-user/ndvi_sqs_work/qinghai/raw/HLS-VI.S30.T46SFD.2018299T041839.v2.0.NDVI.tif,HLS-VI.S30.T46SFD.2018299T041839.v2.0.NDVI.tif,S30,T46SFD,2018-10-26,2018299,041839,EPSG:32646,600000.0,3790200.0,709800.0,3900000.0,True
/home/ec2-user/ndvi_sqs_work/qinghai/raw/HLS-VI.S30.T46SFF.2018299T041839.v2.0.NDVI.tif,HLS-VI.S30.T46SFF.2018299T041839.v2.0.NDVI.tif,S30,T46SFF,2018-10-26,2018299,041839,EPSG:32646,600000.0,3990240.0,709800.0,4100040.0,True
/home/ec2-user/ndvi_sqs_work/qinghai/raw/HLS-VI.S30.T46SGF.2018299T041839.v2.0.NDVI.tif,HLS-VI.S30.T46SGF.2018299T041839.v2.0.NDVI.tif,S30,T46SGF,2018-10-26,2018299,041839,EPSG:32646,699960.0,3990240.0,809760.0,4100040.0,True
/home/ec2-user/ndvi_sqs_work/qinghai/raw/HLS-VI.S30.T47SKV.2018299T041839.v2.0.NDVI.tif,HLS-VI.S30.T47SKV.2018299T041839.v2.0.NDVI.tif,S30,T47SKV,2018-10-26,2018299,041839,EPSG:32647,199980.0,3890220.0,309780.0,4000020.0,True
/home/ec2-user/ndvi_sqs_work/qinghai/raw/HLS-VI.S30.T47SLA.2018299T041839.v2.0.NDVI.tif,HLS-VI.S30.T47SLA.2018299T041839.v2.0.NDVI.tif,S30,T47SLA,2018-10-26,2018299,041839,EPSG:32647,300000.0,3990240.0,409800.0,4100040.0,True
/home/ec2-user/ndvi_sqs_work/qinghai/raw/HLS-VI.S30.T47SMA.2018299T041839.v2.0.NDVI.tif,HLS-VI.S30.T47SMA.2018299T041839.v2.0.NDVI.tif,S30,T47SMA,2018-10-26,2018299,041839,EPSG:32647,399960.0,3990240.0,509760.0,4100040.0,True
/home/ec2-user/ndvi_sqs_work/qinghai/raw/HLS-VI.S30.T47SMV.2018299T041839.v2.0.NDVI.tif,HLS-VI.S30.T47SMV.2018299T041839.v2.0.NDVI.tif,S30,T47SMV,2018-10-26,2018299,041839,EPSG:32647,399960.0,3890220.0,509760.0,4000020.0,True
/home/ec2-user/ndvi_sqs_work/qinghai/raw/HLS-VI.S30.T48STE.2018300T034839.v2.0.NDVI.tif,HLS-VI.S30.T48STE.2018300T034839.v2.0.NDVI.tif,S30,T48STE,2018-10-27,2018300,034839,EPSG:32648,199980.0,3890220.0,309780.0,4000020.0,True
/home/ec2-user/ndvi_sqs_work/qinghai/raw/HLS-VI.S30.T48STF.2018300T034839.v2.0.NDVI.tif,HLS-VI.S30.T48STF.2018300T034839.v2.0.NDVI.tif,S30,T48STF,2018-10-27,2018300,034839,EPSG:32648,199980.0,3990240.0,309780.0,4100040.0,True
/home/ec2-user/ndvi_sqs_work/qinghai/raw/HLS-VI.S30.T48SUE.2018300T034839.v2.0.NDVI.tif,HLS-VI.S30.T48SUE.2018300T034839.v2.0.NDVI.tif,S30,T48SUE,2018-10-27,2018300,034839,EPSG:32648,300000.0,3890220.0,409800.0,4000020.0,True
/home/ec2-user/ndvi_sqs_work/qinghai/raw/HLS-VI.S30.T48SUF.2018300T034839.v2.0.NDVI.tif,HLS-VI.S30.T48SUF.2018300T034839.v2.0.NDVI.tif,S30,T48SUF,2018-10-27,2018300,034839,EPSG:32648,300000.0,3990240.0,409800.0,4100040.0,True
/home/ec2-user/ndvi_sqs_work/qinghai/raw/HLS-VI.S30.T47SLA.2018301T040851.v2.0.NDVI.tif,HLS-VI.S30.T47SLA.2018301T040851.v2.0.NDVI.tif,S30,T47SLA,2018-10-28,2018301,040851,EPSG:32647,300000.0,3990240.0,409800.0,4100040.0,True
/home/ec2-user/ndvi_sqs_work/qinghai/raw/HLS-VI.S30.T47SND.2018301T040851.v2.0.NDVI.tif,HLS-VI.S30.T47SND.2018301T040851.v2.0.NDVI.tif,S30,T47SND,2018-10-28,2018301,040851,EPSG:32647,499980.0,4290240.0,609780.0,4400040.0,True
/home/ec2-user/ndvi_sqs_work/qinghai/raw/HLS-VI.S30.T47SPV.2018301T040851.v2.0.NDVI.tif,HLS-VI.S30.T47SPV.2018301T040851.v2.0.NDVI.tif,S30,T47SPV,2018-10-28,2018301,040851,EPSG:32647,600000.0,3890220.0,709800.0,4000020.0,True
/home/ec2-user/ndvi_sqs_work/qinghai/raw/HLS-VI.S30.T47SQC.2018301T040851.v2.0.NDVI.tif,HLS-VI.S30.T47SQC.2018301T040851.v2.0.NDVI.tif,S30,T47SQC,2018-10-28,2018301,040851,EPSG:32647,699960.0,4190220.0,809760.0,4300020.0,True
/home/ec2-user/ndvi_sqs_work/qinghai/raw/HLS-VI.S30.T46SEG.2018302T042909.v2.0.NDVI.tif,HLS-VI.S30.T46SEG.2018302T042909.v2.0.NDVI.tif,S30,T46SEG,2018-10-29,2018302,042909,EPSG:32646,499980.0,4090200.0,609780.0,4200000.0,True
/home/ec2-user/ndvi_sqs_work/qinghai/raw/HLS-VI.S30.T46SEH.2018302T042909.v2.0.NDVI.tif,HLS-VI.S30.T46SEH.2018302T042909.v2.0.NDVI.tif,S30,T46SEH,2018-10-29,2018302,042909,EPSG:32646,499980.0,4190220.0,609780.0,4300020.0,True
/home/ec2-user/ndvi_sqs_work/qinghai/raw/HLS-VI.S30.T46SFG.2018302T042909.v2.0.NDVI.tif,HLS-VI.S30.T46SFG.2018302T042909.v2.0.NDVI.tif,S30,T46SFG,2018-10-29,2018302,042909,EPSG:32646,600000.0,4090200.0,709800.0,4200000.0,True
/home/ec2-user/ndvi_sqs_work/qinghai/raw/HLS-VI.S30.T46SFH.2018302T042909.v2.0.NDVI.tif,HLS-VI.S30.T46SFH.2018302T042909.v2.0.NDVI.tif,S30,T46SFH,2018-10-29,2018302,042909,EPSG:32646,600000.0,4190220.0,709800.0,4300020.0,True
/home/ec2-user/ndvi_sqs_work/qinghai/raw/HLS-VI.S30.T46SGG.2018302T042909.v2.0.NDVI.tif,HLS-VI.S30.T46SGG.2018302T042909.v2.0.NDVI.tif,S30,T46SGG,2018-10-29,2018302,042909,EPSG:32646,699960.0,4090200.0,809760.0,4200000.0,True
/home/ec2-user/ndvi_sqs_work/qinghai/raw/HLS-VI.S30.T46SCJ.2018303T044921.v2.0.NDVI.tif,HLS-VI.S30.T46SCJ.2018303T044921.v2.0.NDVI.tif,S30,T46SCJ,2018-10-30,2018303,044921,EPSG:32646,300000.0,4290240.0,409800.0,4400040.0,True
/home/ec2-user/ndvi_sqs_work/qinghai/raw/HLS-VI.S30.T47SNV.2018303T035859.v2.0.NDVI.tif,HLS-VI.S30.T47SNV.2018303T035859.v2.0.NDVI.tif,S30,T47SNV,2018-10-30,2018303,035859,EPSG:32647,499980.0,3890220.0,609780.0,4000020.0,True
/home/ec2-user/ndvi_sqs_work/qinghai/raw/HLS-VI.S30.T47SPV.2018303T035859.v2.0.NDVI.tif,HLS-VI.S30.T47SPV.2018303T035859.v2.0.NDVI.tif,S30,T47SPV,2018-10-30,2018303,035859,EPSG:32647,600000.0,3890220.0,709800.0,4000020.0,True
/home/ec2-user/ndvi_sqs_work/qinghai/raw/HLS-VI.S30.T47SQA.2018303T035859.v2.0.NDVI.tif,HLS-VI.S30.T47SQA.2018303T035859.v2.0.NDVI.tif,S30,T47SQA,2018-10-30,2018303,035859,EPSG:32647,699960.0,3990240.0,809760.0,4100040.0,True
/home/ec2-user/ndvi_sqs_work/qinghai/raw/HLS-VI.S30.T48STF.2018303T035859.v2.0.NDVI.tif,HLS-VI.S30.T48STF.2018303T035859.v2.0.NDVI.tif,S30,T48STF,2018-10-30,2018303,035859,EPSG:32648,199980.0,3990240.0,309780.0,4100040.0,True
/home/ec2-user/ndvi_sqs_work/qinghai/raw/HLS-VI.S30.T48SUF.2018303T035859.v2.0.NDVI.tif,HLS-VI.S30.T48SUF.2018303T035859.v2.0.NDVI.tif,S30,T48SUF,2018-10-30,2018303,035859,EPSG:32648,300000.0,3990240.0,409800.0,4100040.0,True
/home/ec2-user/ndvi_sqs_work/qinghai/raw/HLS-VI.S30.T46SFD.2018304T041911.v2.0.NDVI.tif,HLS-VI.S30.T46SFD.2018304T041911.v2.0.NDVI.tif,S30,T46SFD,2018-10-31,2018304,041911,EPSG:32646,600000.0,3790200.0,709800.0,3900000.0,True
/home/ec2-user/ndvi_sqs_work/qinghai/raw/HLS-VI.S30.T46SFE.2018304T041911.v2.0.NDVI.tif,HLS-VI.S30.T46SFE.2018304T041911.v2.0.NDVI.tif,S30,T46SFE,2018-10-31,2018304,041911,EPSG:32646,600000.0,3890220.0,709800.0,4000020.0,True
/home/ec2-user/ndvi_sqs_work/qinghai/raw/HLS-VI.S30.T46SFF.2018304T041911.v2.0.NDVI.tif,HLS-VI.S30.T46SFF.2018304T041911.v2.0.NDVI.tif,S30,T46SFF,2018-10-31,2018304,041911,EPSG:32646,600000.0,3990240.0,709800.0,4100040.0,True
/home/ec2-user/ndvi_sqs_work/qinghai/raw/HLS-VI.S30.T46SGD.2018304T041911.v2.0.NDVI.tif,HLS-VI.S30.T46SGD.2018304T041911.v2.0.NDVI.tif,S30,T46SGD,2018-10-31,2018304,041911,EPSG:32646,699960.0,3790200.0,809760.0,3900000.0,True
/home/ec2-user/ndvi_sqs_work/qinghai/raw/HLS-VI.S30.T46SGE.2018304T041911.v2.0.NDVI.tif,HLS-VI.S30.T46SGE.2018304T041911.v2.0.NDVI.tif,S30,T46SGE,2018-10-31,2018304,041911,EPSG:32646,699960.0,3890220.0,809760.0,4000020.0,True
/home/ec2-user/ndvi_sqs_work/qinghai/raw/HLS-VI.S30.T46SGF.2018304T041911.v2.0.NDVI.tif,HLS-VI.S30.T46SGF.2018304T041911.v2.0.NDVI.tif,S30,T46SGF,2018-10-31,2018304,041911,EPSG:32646,699960.0,3990240.0,809760.0,4100040.0,True
/home/ec2-user/ndvi_sqs_work/qinghai/raw/HLS-VI.S30.T46SGG.2018304T041911.v2.0.NDVI.tif,HLS-VI.S30.T46SGG.2018304T041911.v2.0.NDVI.tif,S30,T46SGG,2018-10-31,2018304,041911,EPSG:32646,699960.0,4090200.0,809760.0,4200000.0,True
/home/ec2-user/ndvi_sqs_work/qinghai/raw/HLS-VI.S30.T47SKB.2018304T041911.v2.0.NDVI.tif,HLS-VI.S30.T47SKB.2018304T041911.v2.0.NDVI.tif,S30,T47SKB,2018-10-31,2018304,041911,EPSG:32647,199980.0,4090200.0,309780.0,4200000.0,True
/home/ec2-user/ndvi_sqs_work/qinghai/raw/HLS-VI.S30.T47SKU.2018304T041911.v2.0.NDVI.tif,HLS-VI.S30.T47SKU.2018304T041911.v2.0.NDVI.tif,S30,T47SKU,2018-10-31,2018304,041911,EPSG:32647,199980.0,3790200.0,309780.0,3900000.0,True
/home/ec2-user/ndvi_sqs_work/qinghai/raw/HLS-VI.S30.T47SLR.2018304T041911.v2.0.NDVI.tif,HLS-VI.S30.T47SLR.2018304T041911.v2.0.NDVI.tif,S30,T47SLR,2018-10-31,2018304,041911,EPSG:32647,300000.0,3490200.0,409800.0,3600000.0,True
/home/ec2-user/ndvi_sqs_work/qinghai/raw/HLS-VI.S30.T47SLU.2018304T041911.v2.0.NDVI.tif,HLS-VI.S30.T47SLU.2018304T041911.v2.0.NDVI.tif,S30,T47SLU,2018-10-31,2018304,041911,EPSG:32647,300000.0,3790200.0,409800.0,3900000.0,True
/home/ec2-user/ndvi_sqs_work/qinghai/raw/HLS-VI.S30.T47SMA.2018304T041911.v2.0.NDVI.tif,HLS-VI.S30.T47SMA.2018304T041911.v2.0.NDVI.tif,S30,T47SMA,2018-10-31,2018304,041911,EPSG:32647,399960.0,3990240.0,509760.0,4100040.0,True
/home/ec2-user/ndvi_sqs_work/qinghai/raw/HLS-VI.S30.T47SMU.2018304T041911.v2.0.NDVI.tif,HLS-VI.S30.T47SMU.2018304T041911.v2.0.NDVI.tif,S30,T47SMU,2018-10-31,2018304,041911,EPSG:32647,399960.0,3790200.0,509760.0,3900000.0,True
/home/ec2-user/ndvi_sqs_work/qinghai/raw/HLS-VI.S30.T47SMV.2018304T041911.v2.0.NDVI.tif,HLS-VI.S30.T47SMV.2018304T041911.v2.0.NDVI.tif,S30,T47SMV,2018-10-31,2018304,041911,EPSG:32647,399960.0,3890220.0,509760.0,4000020.0,True
/home/ec2-user/ndvi_sqs_work/qinghai/raw/HLS-VI.S30.T46SBB.2018305T043929.v2.0.NDVI.tif,HLS-VI.S30.T46SBB.2018305T043929.v2.0.NDVI.tif,S30,T46SBB,2018-11-01,2018305,043929,EPSG:32646,199980.0,3590220.0,309780.0,3700020.0,True
/home/ec2-user/ndvi_sqs_work/qinghai/raw/HLS-VI.S30.T46SBH.2018305T043929.v2.0.NDVI.tif,HLS-VI.S30.T46SBH.2018305T043929.v2.0.NDVI.tif,S30,T46SBH,2018-11-01,2018305,043929,EPSG:32646,199980.0,4190220.0,309780.0,4300020.0,True
/home/ec2-user/ndvi_sqs_work/qinghai/raw/HLS-VI.S30.T46SCD.2018305T043929.v2.0.NDVI.tif,HLS-VI.S30.T46SCD.2018305T043929.v2.0.NDVI.tif,S30,T46SCD,2018-11-01,2018305,043929,EPSG:32646,300000.0,3790200.0,409800.0,3900000.0,True
/home/ec2-user/ndvi_sqs_work/qinghai/raw/HLS-VI.S30.T46SCG.2018305T043929.v2.0.NDVI.tif,HLS-VI.S30.T46SCG.2018305T043929.v2.0.NDVI.tif,S30,T46SCG,2018-11-01,2018305,043929,EPSG:32646,300000.0,4090200.0,409800.0,4200000.0,True
/home/ec2-user/ndvi_sqs_work/qinghai/raw/HLS-VI.S30.T46SCH.2018305T043929.v2.0.NDVI.tif,HLS-VI.S30.T46SCH.2018305T043929.v2.0.NDVI.tif,S30,T46SCH,2018-11-01,2018305,043929,EPSG:32646,300000.0,4190220.0,409800.0,4300020.0,True
/home/ec2-user/ndvi_sqs_work/qinghai/raw/HLS-VI.S30.T46SDC.2018305T043929.v2.0.NDVI.tif,HLS-VI.S30.T46SDC.2018305T043929.v2.0.NDVI.tif,S30,T46SDC,2018-11-01,2018305,043929,EPSG:32646,399960.0,3690240.0,509760.0,3800040.0,True
/home/ec2-user/ndvi_sqs_work/qinghai/raw/HLS-VI.S30.T46SDE.2018305T043929.v2.0.NDVI.tif,HLS-VI.S30.T46SDE.2018305T043929.v2.0.NDVI.tif,S30,T46SDE,2018-11-01,2018305,043929,EPSG:32646,399960.0,3890220.0,509760.0,4000020.0,True
/home/ec2-user/ndvi_sqs_work/qinghai/raw/HLS-VI.S30.T46SED.2018305T043929.v2.0.NDVI.tif,HLS-VI.S30.T46SED.2018305T043929.v2.0.NDVI.tif,S30,T46SED,2018-11-01,2018305,043929,EPSG:32646,499980.0,3790200.0,609780.0,3900000.0,True
/home/ec2-user/ndvi_sqs_work/qinghai/raw/HLS-VI.S30.T47SQS.2018305T034901.v2.0.NDVI.tif,HLS-VI.S30.T47SQS.2018305T034901.v2.0.NDVI.tif,S30,T47SQS,2018-11-01,2018305,034901,EPSG:32647,699960.0,3590220.0,809760.0,3700020.0,True
/home/ec2-user/ndvi_sqs_work/qinghai/raw/HLS-VI.S30.T47SQT.2018305T034901.v2.0.NDVI.tif,HLS-VI.S30.T47SQT.2018305T034901.v2.0.NDVI.tif,S30,T47SQT,2018-11-01,2018305,034901,EPSG:32647,699960.0,3690240.0,809760.0,3800040.0,True
/home/ec2-user/ndvi_sqs_work/qinghai/raw/HLS-VI.S30.T47SQU.2018305T034901.v2.0.NDVI.tif,HLS-VI.S30.T47SQU.2018305T034901.v2.0.NDVI.tif,S30,T47SQU,2018-11-01,2018305,034901,EPSG:32647,699960.0,3790200.0,809760.0,3900000.0,True
/home/ec2-user/ndvi_sqs_work/qinghai/raw/HLS-VI.S30.T48STB.2018305T034901.v2.0.NDVI.tif,HLS-VI.S30.T48STB.2018305T034901.v2.0.NDVI.tif,S30,T48STB,2018-11-01,2018305,034901,EPSG:32648,199980.0,3590220.0,309780.0,3700020.0,True
/home/ec2-user/ndvi_sqs_work/qinghai/raw/HLS-VI.S30.T48STC.2018305T034901.v2.0.NDVI.tif,HLS-VI.S30.T48STC.2018305T034901.v2.0.NDVI.tif,S30,T48STC,2018-11-01,2018305,034901,EPSG:32648,199980.0,3690240.0,309780.0,3800040.0,True
/home/ec2-user/ndvi_sqs_work/qinghai/raw/HLS-VI.S30.T48STD.2018305T034901.v2.0.NDVI.tif,HLS-VI.S30.T48STD.2018305T034901.v2.0.NDVI.tif,S30,T48STD,2018-11-01,2018305,034901,EPSG:32648,199980.0,3790200.0,309780.0,3900000.0,True
/home/ec2-user/ndvi_sqs_work/qinghai/raw/HLS-VI.S30.T48STE.2018305T034901.v2.0.NDVI.tif,HLS-VI.S30.T48STE.2018305T034901.v2.0.NDVI.tif,S30,T48STE,2018-11-01,2018305,034901,EPSG:32648,199980.0,3890220.0,309780.0,4000020.0,True
/home/ec2-user/ndvi_sqs_work/qinghai/raw/HLS-VI.S30.T48STF.2018305T034901.v2.0.NDVI.tif,HLS-VI.S30.T48STF.2018305T034901.v2.0.NDVI.tif,S30,T48STF,2018-11-01,2018305,034901,EPSG:32648,199980.0,3990240.0,309780.0,4100040.0,True
/home/ec2-user/ndvi_sqs_work/qinghai/raw/HLS-VI.S30.T48SUE.2018305T034901.v2.0.NDVI.tif,HLS-VI.S30.T48SUE.2018305T034901.v2.0.NDVI.tif,S30,T48SUE,2018-11-01,2018305,034901,EPSG:32648,300000.0,3890220.0,409800.0,4000020.0,True
/home/ec2-user/ndvi_sqs_work/qinghai/raw/HLS-VI.S30.T48SUF.2018305T034901.v2.0.NDVI.tif,HLS-VI.S30.T48SUF.2018305T034901.v2.0.NDVI.tif,S30,T48SUF,2018-11-01,2018305,034901,EPSG:32648,300000.0,3990240.0,409800.0,4100040.0,True
/home/ec2-user/ndvi_sqs_work/qinghai/raw/HLS-VI.S30.T47SLB.2018306T040919.v2.0.NDVI.tif,HLS-VI.S30.T47SLB.2018306T040919.v2.0.NDVI.tif,S30,T47SLB,2018-11-02,2018306,040919,EPSG:32647,300000.0,4090200.0,409800.0,4200000.0,True
/home/ec2-user/ndvi_sqs_work/qinghai/raw/HLS-VI.S30.T47SLT.2018306T040919.v2.0.NDVI.tif,HLS-VI.S30.T47SLT.2018306T040919.v2.0.NDVI.tif,S30,T47SLT,2018-11-02,2018306,040919,EPSG:32647,300000.0,3690240.0,409800.0,3800040.0,True
/home/ec2-user/ndvi_sqs_work/qinghai/raw/HLS-VI.S30.T47SLU.2018306T040919.v2.0.NDVI.tif,HLS-VI.S30.T47SLU.2018306T040919.v2.0.NDVI.tif,S30,T47SLU,2018-11-02,2018306,040919,EPSG:32647,300000.0,3790200.0,409800.0,3900000.0,True
/home/ec2-user/ndvi_sqs_work/qinghai/raw/HLS-VI.S30.T47SLV.2018306T040919.v2.0.NDVI.tif,HLS-VI.S30.T47SLV.2018306T040919.v2.0.NDVI.tif,S30,T47SLV,2018-11-02,2018306,040919,EPSG:32647,300000.0,3890220.0,409800.0,4000020.0,True
/home/ec2-user/ndvi_sqs_work/qinghai/raw/HLS-VI.S30.T47SMA.2018306T040919.v2.0.NDVI.tif,HLS-VI.S30.T47SMA.2018306T040919.v2.0.NDVI.tif,S30,T47SMA,2018-11-02,2018306,040919,EPSG:32647,399960.0,3990240.0,509760.0,4100040.0,True
/home/ec2-user/ndvi_sqs_work/qinghai/raw/HLS-VI.S30.T47SMS.2018306T040919.v2.0.NDVI.tif,HLS-VI.S30.T47SMS.2018306T040919.v2.0.NDVI.tif,S30,T47SMS,2018-11-02,2018306,040919,EPSG:32647,399960.0,3590220.0,509760.0,3700020.0,True
/home/ec2-user/ndvi_sqs_work/qinghai/raw/HLS-VI.S30.T47SMT.2018306T040919.v2.0.NDVI.tif,HLS-VI.S30.T47SMT.2018306T040919.v2.0.NDVI.tif,S30,T47SMT,2018-11-02,2018306,040919,EPSG:32647,399960.0,3690240.0,509760.0,3800040.0,True
/home/ec2-user/ndvi_sqs_work/qinghai/raw/HLS-VI.S30.T47SMU.2018306T040919.v2.0.NDVI.tif,HLS-VI.S30.T47SMU.2018306T040919.v2.0.NDVI.tif,S30,T47SMU,2018-11-02,2018306,040919,EPSG:32647,399960.0,3790200.0,509760.0,3900000.0,True
/home/ec2-user/ndvi_sqs_work/qinghai/raw/HLS-VI.S30.T47SND.2018306T040919.v2.0.NDVI.tif,HLS-VI.S30.T47SND.2018306T040919.v2.0.NDVI.tif,S30,T47SND,2018-11-02,2018306,040919,EPSG:32647,499980.0,4290240.0,609780.0,4400040.0,True
/home/ec2-user/ndvi_sqs_work/qinghai/raw/HLS-VI.S30.T47SNS.2018306T040919.v2.0.NDVI.tif,HLS-VI.S30.T47SNS.2018306T040919.v2.0.NDVI.tif,S30,T47SNS,2018-11-02,2018306,040919,EPSG:32647,499980.0,3590220.0,609780.0,3700020.0,True
/home/ec2-user/ndvi_sqs_work/qinghai/raw/HLS-VI.S30.T47SNT.2018306T040919.v2.0.NDVI.tif,HLS-VI.S30.T47SNT.2018306T040919.v2.0.NDVI.tif,S30,T47SNT,2018-11-02,2018306,040919,EPSG:32647,499980.0,3690240.0,609780.0,3800040.0,True
/home/ec2-user/ndvi_sqs_work/qinghai/raw/HLS-VI.S30.T47SPA.2018306T040919.v2.0.NDVI.tif,HLS-VI.S30.T47SPA.2018306T040919.v2.0.NDVI.tif,S30,T47SPA,2018-11-02,2018306,040919,EPSG:32647,600000.0,3990240.0,709800.0,4100040.0,True
/home/ec2-user/ndvi_sqs_work/qinghai/raw/HLS-VI.S30.T47SPB.2018306T040919.v2.0.NDVI.tif,HLS-VI.S30.T47SPB.2018306T040919.v2.0.NDVI.tif,S30,T47SPB,2018-11-02,2018306,040919,EPSG:32647,600000.0,4090200.0,709800.0,4200000.0,True
/home/ec2-user/ndvi_sqs_work/qinghai/raw/HLS-VI.S30.T47SPC.2018306T040919.v2.0.NDVI.tif,HLS-VI.S30.T47SPC.2018306T040919.v2.0.NDVI.tif,S30,T47SPC,2018-11-02,2018306,040919,EPSG:32647,600000.0,4190220.0,709800.0,4300020.0,True
/home/ec2-user/ndvi_sqs_work/qinghai/raw/HLS-VI.S30.T47SPT.2018306T040919.v2.0.NDVI.tif,HLS-VI.S30.T47SPT.2018306T040919.v2.0.NDVI.tif,S30,T47SPT,2018-11-02,2018306,040919,EPSG:32647,600000.0,3690240.0,709800.0,3800040.0,True
/home/ec2-user/ndvi_sqs_work/qinghai/raw/HLS-VI.S30.T47SPU.2018306T040919.v2.0.NDVI.tif,HLS-VI.S30.T47SPU.2018306T040919.v2.0.NDVI.tif,S30,T47SPU,2018-11-02,2018306,040919,EPSG:32647,600000.0,3790200.0,709800.0,3900000.0,True
/home/ec2-user/ndvi_sqs_work/qinghai/raw/HLS-VI.S30.T47SPV.2018306T040919.v2.0.NDVI.tif,HLS-VI.S30.T47SPV.2018306T040919.v2.0.NDVI.tif,S30,T47SPV,2018-11-02,2018306,040919,EPSG:32647,600000.0,3890220.0,709800.0,4000020.0,True
/home/ec2-user/ndvi_sqs_work/qinghai/raw/HLS-VI.S30.T47SQC.2018306T040919.v2.0.NDVI.tif,HLS-VI.S30.T47SQC.2018306T040919.v2.0.NDVI.tif,S30,T47SQC,2018-11-02,2018306,040919,EPSG:32647,699960.0,4190220.0,809760.0,4300020.0,True
/home/ec2-user/ndvi_sqs_work/qinghai/raw/HLS-VI.S30.T47SQC.2018311T040941.v2.0.NDVI.tif,HLS-VI.S30.T47SQC.2018311T040941.v2.0.NDVI.tif,S30,T47SQC,2018-11-07,2018311,040941,EPSG:32647,699960.0,4190220.0,809760.0,4300020.0,True
/home/ec2-user/ndvi_sqs_work/qinghai/raw/HLS-VI.S30.T47SNA.2018313T035949.v2.0.NDVI.tif,HLS-VI.S30.T47SNA.2018313T035949.v2.0.NDVI.tif,S30,T47SNA,2018-11-09,2018313,035949,EPSG:32647,499980.0,3990240.0,609780.0,4100040.0,True
/home/ec2-user/ndvi_sqs_work/qinghai/raw/HLS-VI.S30.T47SNV.2018313T035949.v2.0.NDVI.tif,HLS-VI.S30.T47SNV.2018313T035949.v2.0.NDVI.tif,S30,T47SNV,2018-11-09,2018313,035949,EPSG:32647,499980.0,3890220.0,609780.0,4000020.0,True
/home/ec2-user/ndvi_sqs_work/qinghai/raw/HLS-VI.S30.T47SPV.2018313T035949.v2.0.NDVI.tif,HLS-VI.S30.T47SPV.2018313T035949.v2.0.NDVI.tif,S30,T47SPV,2018-11-09,2018313,035949,EPSG:32647,600000.0,3890220.0,709800.0,4000020.0,True
/home/ec2-user/ndvi_sqs_work/qinghai/raw/HLS-VI.S30.T47SQA.2018313T035949.v2.0.NDVI.tif,HLS-VI.S30.T47SQA.2018313T035949.v2.0.NDVI.tif,S30,T47SQA,2018-11-09,2018313,035949,EPSG:32647,699960.0,3990240.0,809760.0,4100040.0,True
/home/ec2-user/ndvi_sqs_work/qinghai/raw/HLS-VI.S30.T47SQU.2018313T035949.v2.0.NDVI.tif,HLS-VI.S30.T47SQU.2018313T035949.v2.0.NDVI.tif,S30,T47SQU,2018-11-09,2018313,035949,EPSG:32647,699960.0,3790200.0,809760.0,3900000.0,True
/home/ec2-user/ndvi_sqs_work/qinghai/raw/HLS-VI.S30.T47SQV.2018313T035949.v2.0.NDVI.tif,HLS-VI.S30.T47SQV.2018313T035949.v2.0.NDVI.tif,S30,T47SQV,2018-11-09,2018313,035949,EPSG:32647,699960.0,3890220.0,809760.0,4000020.0,True
/home/ec2-user/ndvi_sqs_work/qinghai/raw/HLS-VI.S30.T48STB.2018313T035949.v2.0.NDVI.tif,HLS-VI.S30.T48STB.2018313T035949.v2.0.NDVI.tif,S30,T48STB,2018-11-09,2018313,035949,EPSG:32648,199980.0,3590220.0,309780.0,3700020.0,True
/home/ec2-user/ndvi_sqs_work/qinghai/raw/HLS-VI.S30.T48STC.2018313T035949.v2.0.NDVI.tif,HLS-VI.S30.T48STC.2018313T035949.v2.0.NDVI.tif,S30,T48STC,2018-11-09,2018313,035949,EPSG:32648,199980.0,3690240.0,309780.0,3800040.0,True
/home/ec2-user/ndvi_sqs_work/qinghai/raw/HLS-VI.S30.T48STD.2018313T035949.v2.0.NDVI.tif,HLS-VI.S30.T48STD.2018313T035949.v2.0.NDVI.tif,S30,T48STD,2018-11-09,2018313,035949,EPSG:32648,199980.0,3790200.0,309780.0,3900000.0,True
/home/ec2-user/ndvi_sqs_work/qinghai/raw/HLS-VI.S30.T48STE.2018313T035949.v2.0.NDVI.tif,HLS-VI.S30.T48STE.2018313T035949.v2.0.NDVI.tif,S30,T48STE,2018-11-09,2018313,035949,EPSG:32648,199980.0,3890220.0,309780.0,4000020.0,True
/home/ec2-user/ndvi_sqs_work/qinghai/raw/HLS-VI.S30.T48STF.2018313T035949.v2.0.NDVI.tif,HLS-VI.S30.T48STF.2018313T035949.v2.0.NDVI.tif,S30,T48STF,2018-11-09,2018313,035949,EPSG:32648,199980.0,3990240.0,309780.0,4100040.0,True
/home/ec2-user/ndvi_sqs_work/qinghai/raw/HLS-VI.S30.T48SUE.2018313T035949.v2.0.NDVI.tif,HLS-VI.S30.T48SUE.2018313T035949.v2.0.NDVI.tif,S30,T48SUE,2018-11-09,2018313,035949,EPSG:32648,300000.0,3890220.0,409800.0,4000020.0,True
/home/ec2-user/ndvi_sqs_work/qinghai/raw/HLS-VI.S30.T48SUF.2018313T035949.v2.0.NDVI.tif,HLS-VI.S30.T48SUF.2018313T035949.v2.0.NDVI.tif,S30,T48SUF,2018-11-09,2018313,035949,EPSG:32648,300000.0,3990240.0,409800.0,4100040.0,True
/home/ec2-user/ndvi_sqs_work/qinghai/raw/HLS-VI.S30.T47SLA.2018314T042001.v2.0.NDVI.tif,HLS-VI.S30.T47SLA.2018314T042001.v2.0.NDVI.tif,S30,T47SLA,2018-11-10,2018314,042001,EPSG:32647,300000.0,3990240.0,409800.0,4100040.0,True
/home/ec2-user/ndvi_sqs_work/qinghai/raw/HLS-VI.S30.T46SBH.2018315T044019.v2.0.NDVI.tif,HLS-VI.S30.T46SBH.2018315T044019.v2.0.NDVI.tif,S30,T46SBH,2018-11-11,2018315,044019,EPSG:32646,199980.0,4190220.0,309780.0,4300020.0,True
/home/ec2-user/ndvi_sqs_work/qinghai/raw/HLS-VI.S30.T46SCH.2018315T044019.v2.0.NDVI.tif,HLS-VI.S30.T46SCH.2018315T044019.v2.0.NDVI.tif,S30,T46SCH,2018-11-11,2018315,044019,EPSG:32646,300000.0,4190220.0,409800.0,4300020.0,True
/home/ec2-user/ndvi_sqs_work/qinghai/raw/HLS-VI.S30.T46SCJ.2018315T044019.v2.0.NDVI.tif,HLS-VI.S30.T46SCJ.2018315T044019.v2.0.NDVI.tif,S30,T46SCJ,2018-11-11,2018315,044019,EPSG:32646,300000.0,4290240.0,409800.0,4400040.0,True
/home/ec2-user/ndvi_sqs_work/qinghai/raw/HLS-VI.S30.T46SDG.2018315T044019.v2.0.NDVI.tif,HLS-VI.S30.T46SDG.2018315T044019.v2.0.NDVI.tif,S30,T46SDG,2018-11-11,2018315,044019,EPSG:32646,399960.0,4090200.0,509760.0,4200000.0,True
/home/ec2-user/ndvi_sqs_work/qinghai/raw/HLS-VI.S30.T46SDJ.2018315T044019.v2.0.NDVI.tif,HLS-VI.S30.T46SDJ.2018315T044019.v2.0.NDVI.tif,S30,T46SDJ,2018-11-11,2018315,044019,EPSG:32646,399960.0,4290240.0,509760.0,4400040.0,True
/home/ec2-user/ndvi_sqs_work/qinghai/raw/HLS-VI.S30.T46SEG.2018315T044019.v2.0.NDVI.tif,HLS-VI.S30.T46SEG.2018315T044019.v2.0.NDVI.tif,S30,T46SEG,2018-11-11,2018315,044019,EPSG:32646,499980.0,4090200.0,609780.0,4200000.0,True
/home/ec2-user/ndvi_sqs_work/qinghai/raw/HLS-VI.S30.T46SEH.2018315T044019.v2.0.NDVI.tif,HLS-VI.S30.T46SEH.2018315T044019.v2.0.NDVI.tif,S30,T46SEH,2018-11-11,2018315,044019,EPSG:32646,499980.0,4190220.0,609780.0,4300020.0,True
/home/ec2-user/ndvi_sqs_work/qinghai/raw/HLS-VI.S30.T48STF.2018315T035001.v2.0.NDVI.tif,HLS-VI.S30.T48STF.2018315T035001.v2.0.NDVI.tif,S30,T48STF,2018-11-11,2018315,035001,EPSG:32648,199980.0,3990240.0,309780.0,4100040.0,True
/home/ec2-user/ndvi_sqs_work/qinghai/raw/HLS-VI.S30.T47SLA.2018316T041009.v2.0.NDVI.tif,HLS-VI.S30.T47SLA.2018316T041009.v2.0.NDVI.tif,S30,T47SLA,2018-11-12,2018316,041009,EPSG:32647,300000.0,3990240.0,409800.0,4100040.0,True
/home/ec2-user/ndvi_sqs_work/qinghai/raw/HLS-VI.S30.T47SPA.2018316T041009.v2.0.NDVI.tif,HLS-VI.S30.T47SPA.2018316T041009.v2.0.NDVI.tif,S30,T47SPA,2018-11-12,2018316,041009,EPSG:32647,600000.0,3990240.0,709800.0,4100040.0,True
/home/ec2-user/ndvi_sqs_work/qinghai/raw/HLS-VI.S30.T47SNA.2018318T040011.v2.0.NDVI.tif,HLS-VI.S30.T47SNA.2018318T040011.v2.0.NDVI.tif,S30,T47SNA,2018-11-14,2018318,040011,EPSG:32647,499980.0,3990240.0,609780.0,4100040.0,True
/home/ec2-user/ndvi_sqs_work/qinghai/raw/HLS-VI.S30.T47SNV.2018318T040011.v2.0.NDVI.tif,HLS-VI.S30.T47SNV.2018318T040011.v2.0.NDVI.tif,S30,T47SNV,2018-11-14,2018318,040011,EPSG:32647,499980.0,3890220.0,609780.0,4000020.0,True
/home/ec2-user/ndvi_sqs_work/qinghai/raw/HLS-VI.S30.T48STC.2018318T040011.v2.0.NDVI.tif,HLS-VI.S30.T48STC.2018318T040011.v2.0.NDVI.tif,S30,T48STC,2018-11-14,2018318,040011,EPSG:32648,199980.0,3690240.0,309780.0,3800040.0,True
/home/ec2-user/ndvi_sqs_work/qinghai/raw/HLS-VI.S30.T47SQU.2018323T040039.v2.0.NDVI.tif,HLS-VI.S30.T47SQU.2018323T040039.v2.0.NDVI.tif,S30,T47SQU,2018-11-19,2018323,040039,EPSG:32647,699960.0,3790200.0,809760.0,3900000.0,True
/home/ec2-user/ndvi_sqs_work/qinghai/raw/HLS-VI.S30.T48STC.2018323T040039.v2.0.NDVI.tif,HLS-VI.S30.T48STC.2018323T040039.v2.0.NDVI.tif,S30,T48STC,2018-11-19,2018323,040039,EPSG:32648,199980.0,3690240.0,309780.0,3800040.0,True
/home/ec2-user/ndvi_sqs_work/qinghai/raw/HLS-VI.S30.T48SUE.2018323T040039.v2.0.NDVI.tif,HLS-VI.S30.T48SUE.2018323T040039.v2.0.NDVI.tif,S30,T48SUE,2018-11-19,2018323,040039,EPSG:32648,300000.0,3890220.0,409800.0,4000020.0,True
/home/ec2-user/ndvi_sqs_work/qinghai/raw/HLS-VI.S30.T47SQT.2018325T035041.v2.0.NDVI.tif,HLS-VI.S30.T47SQT.2018325T035041.v2.0.NDVI.tif,S30,T47SQT,2018-11-21,2018325,035041,EPSG:32647,699960.0,3690240.0,809760.0,3800040.0,True
/home/ec2-user/ndvi_sqs_work/qinghai/raw/HLS-VI.S30.T46SFD.2018327T043101.v2.0.NDVI.tif,HLS-VI.S30.T46SFD.2018327T043101.v2.0.NDVI.tif,S30,T46SFD,2018-11-23,2018327,043101,EPSG:32646,600000.0,3790200.0,709800.0,3900000.0,True
/home/ec2-user/ndvi_sqs_work/qinghai/raw/HLS-VI.S30.T47SNA.2018328T040051.v2.0.NDVI.tif,HLS-VI.S30.T47SNA.2018328T040051.v2.0.NDVI.tif,S30,T47SNA,2018-11-24,2018328,040051,EPSG:32647,499980.0,3990240.0,609780.0,4100040.0,True
/home/ec2-user/ndvi_sqs_work/qinghai/raw/HLS-VI.S30.T47SNV.2018328T040051.v2.0.NDVI.tif,HLS-VI.S30.T47SNV.2018328T040051.v2.0.NDVI.tif,S30,T47SNV,2018-11-24,2018328,040051,EPSG:32647,499980.0,3890220.0,609780.0,4000020.0,True
/home/ec2-user/ndvi_sqs_work/qinghai/raw/HLS-VI.S30.T47SPA.2018328T040051.v2.0.NDVI.tif,HLS-VI.S30.T47SPA.2018328T040051.v2.0.NDVI.tif,S30,T47SPA,2018-11-24,2018328,040051,EPSG:32647,600000.0,3990240.0,709800.0,4100040.0,True
/home/ec2-user/ndvi_sqs_work/qinghai/raw/HLS-VI.S30.T47SPC.2018328T040051.v2.0.NDVI.tif,HLS-VI.S30.T47SPC.2018328T040051.v2.0.NDVI.tif,S30,T47SPC,2018-11-24,2018328,040051,EPSG:32647,600000.0,4190220.0,709800.0,4300020.0,True
/home/ec2-user/ndvi_sqs_work/qinghai/raw/HLS-VI.S30.T47SPV.2018328T040051.v2.0.NDVI.tif,HLS-VI.S30.T47SPV.2018328T040051.v2.0.NDVI.tif,S30,T47SPV,2018-11-24,2018328,040051,EPSG:32647,600000.0,3890220.0,709800.0,4000020.0,True
/home/ec2-user/ndvi_sqs_work/qinghai/raw/HLS-VI.S30.T47SQA.2018328T040051.v2.0.NDVI.tif,HLS-VI.S30.T47SQA.2018328T040051.v2.0.NDVI.tif,S30,T47SQA,2018-11-24,2018328,040051,EPSG:32647,699960.0,3990240.0,809760.0,4100040.0,True
/home/ec2-user/ndvi_sqs_work/qinghai/raw/HLS-VI.S30.T47SQC.2018328T040051.v2.0.NDVI.tif,HLS-VI.S30.T47SQC.2018328T040051.v2.0.NDVI.tif,S30,T47SQC,2018-11-24,2018328,040051,EPSG:32647,699960.0,4190220.0,809760.0,4300020.0,True
/home/ec2-user/ndvi_sqs_work/qinghai/raw/HLS-VI.S30.T48STF.2018328T040051.v2.0.NDVI.tif,HLS-VI.S30.T48STF.2018328T040051.v2.0.NDVI.tif,S30,T48STF,2018-11-24,2018328,040051,EPSG:32648,199980.0,3990240.0,309780.0,4100040.0,True
/home/ec2-user/ndvi_sqs_work/qinghai/raw/HLS-VI.S30.T48STG.2018328T040051.v2.0.NDVI.tif,HLS-VI.S30.T48STG.2018328T040051.v2.0.NDVI.tif,S30,T48STG,2018-11-24,2018328,040051,EPSG:32648,199980.0,4090200.0,309780.0,4200000.0,True
/home/ec2-user/ndvi_sqs_work/qinghai/raw/HLS-VI.S30.T46SFH.2018330T044121.v2.0.NDVI.tif,HLS-VI.S30.T46SFH.2018330T044121.v2.0.NDVI.tif,S30,T46SFH,2018-11-26,2018330,044121,EPSG:32646,600000.0,4190220.0,709800.0,4300020.0,True
/home/ec2-user/ndvi_sqs_work/qinghai/raw/HLS-VI.S30.T47SND.2018331T041111.v2.0.NDVI.tif,HLS-VI.S30.T47SND.2018331T041111.v2.0.NDVI.tif,S30,T47SND,2018-11-27,2018331,041111,EPSG:32647,499980.0,4290240.0,609780.0,4400040.0,True
/home/ec2-user/ndvi_sqs_work/qinghai/raw/HLS-VI.S30.T47SPA.2018331T041111.v2.0.NDVI.tif,HLS-VI.S30.T47SPA.2018331T041111.v2.0.NDVI.tif,S30,T47SPA,2018-11-27,2018331,041111,EPSG:32647,600000.0,3990240.0,709800.0,4100040.0,True
/home/ec2-user/ndvi_sqs_work/qinghai/raw/HLS-VI.S30.T47SPV.2018331T041111.v2.0.NDVI.tif,HLS-VI.S30.T47SPV.2018331T041111.v2.0.NDVI.tif,S30,T47SPV,2018-11-27,2018331,041111,EPSG:32647,600000.0,3890220.0,709800.0,4000020.0,True
/home/ec2-user/ndvi_sqs_work/qinghai/raw/HLS-VI.S30.T47SQC.2018331T041111.v2.0.NDVI.tif,HLS-VI.S30.T47SQC.2018331T041111.v2.0.NDVI.tif,S30,T47SQC,2018-11-27,2018331,041111,EPSG:32647,699960.0,4190220.0,809760.0,4300020.0,True
/home/ec2-user/ndvi_sqs_work/qinghai/raw/HLS-VI.S30.T46SCC.2018332T043119.v2.0.NDVI.tif,HLS-VI.S30.T46SCC.2018332T043119.v2.0.NDVI.tif,S30,T46SCC,2018-11-28,2018332,043119,EPSG:32646,300000.0,3690240.0,409800.0,3800040.0,True
/home/ec2-user/ndvi_sqs_work/qinghai/raw/HLS-VI.S30.T47SQC.2018333T040119.v2.0.NDVI.tif,HLS-VI.S30.T47SQC.2018333T040119.v2.0.NDVI.tif,S30,T47SQC,2018-11-29,2018333,040119,EPSG:32647,699960.0,4190220.0,809760.0,4300020.0,True
/home/ec2-user/ndvi_sqs_work/qinghai/raw/HLS-VI.S30.T48STE.2018335T035111.v2.0.NDVI.tif,HLS-VI.S30.T48STE.2018335T035111.v2.0.NDVI.tif,S30,T48STE,2018-12-01,2018335,035111,EPSG:32648,199980.0,3890220.0,309780.0,4000020.0,True
/home/ec2-user/ndvi_sqs_work/qinghai/raw/HLS-VI.S30.T48STF.2018335T035111.v2.0.NDVI.tif,HLS-VI.S30.T48STF.2018335T035111.v2.0.NDVI.tif,S30,T48STF,2018-12-01,2018335,035111,EPSG:32648,199980.0,3990240.0,309780.0,4100040.0,True
/home/ec2-user/ndvi_sqs_work/qinghai/raw/HLS-VI.S30.T48SUE.2018335T035111.v2.0.NDVI.tif,HLS-VI.S30.T48SUE.2018335T035111.v2.0.NDVI.tif,S30,T48SUE,2018-12-01,2018335,035111,EPSG:32648,300000.0,3890220.0,409800.0,4000020.0,True
/home/ec2-user/ndvi_sqs_work/qinghai/raw/HLS-VI.S30.T48SUF.2018335T035111.v2.0.NDVI.tif,HLS-VI.S30.T48SUF.2018335T035111.v2.0.NDVI.tif,S30,T48SUF,2018-12-01,2018335,035111,EPSG:32648,300000.0,3990240.0,409800.0,4100040.0,True
/home/ec2-user/ndvi_sqs_work/qinghai/raw/HLS-VI.S30.T47SKA.2018337T043131.v2.0.NDVI.tif,HLS-VI.S30.T47SKA.2018337T043131.v2.0.NDVI.tif,S30,T47SKA,2018-12-03,2018337,043131,EPSG:32647,199980.0,3990240.0,309780.0,4100040.0,True
/home/ec2-user/ndvi_sqs_work/qinghai/raw/HLS-VI.S30.T47SNV.2018338T040121.v2.0.NDVI.tif,HLS-VI.S30.T47SNV.2018338T040121.v2.0.NDVI.tif,S30,T47SNV,2018-12-04,2018338,040121,EPSG:32647,499980.0,3890220.0,609780.0,4000020.0,True
/home/ec2-user/ndvi_sqs_work/qinghai/raw/HLS-VI.S30.T47SPV.2018338T040121.v2.0.NDVI.tif,HLS-VI.S30.T47SPV.2018338T040121.v2.0.NDVI.tif,S30,T47SPV,2018-12-04,2018338,040121,EPSG:32647,600000.0,3890220.0,709800.0,4000020.0,True
/home/ec2-user/ndvi_sqs_work/qinghai/raw/HLS-VI.S30.T47SQA.2018338T040121.v2.0.NDVI.tif,HLS-VI.S30.T47SQA.2018338T040121.v2.0.NDVI.tif,S30,T47SQA,2018-12-04,2018338,040121,EPSG:32647,699960.0,3990240.0,809760.0,4100040.0,True
/home/ec2-user/ndvi_sqs_work/qinghai/raw/HLS-VI.S30.T48STF.2018338T040121.v2.0.NDVI.tif,HLS-VI.S30.T48STF.2018338T040121.v2.0.NDVI.tif,S30,T48STF,2018-12-04,2018338,040121,EPSG:32648,199980.0,3990240.0,309780.0,4100040.0,True
/home/ec2-user/ndvi_sqs_work/qinghai/raw/HLS-VI.S30.T47SNA.2018343T040139.v2.0.NDVI.tif,HLS-VI.S30.T47SNA.2018343T040139.v2.0.NDVI.tif,S30,T47SNA,2018-12-09,2018343,040139,EPSG:32647,499980.0,3990240.0,609780.0,4100040.0,True
/home/ec2-user/ndvi_sqs_work/qinghai/raw/HLS-VI.S30.T47SNV.2018343T040139.v2.0.NDVI.tif,HLS-VI.S30.T47SNV.2018343T040139.v2.0.NDVI.tif,S30,T47SNV,2018-12-09,2018343,040139,EPSG:32647,499980.0,3890220.0,609780.0,4000020.0,True
/home/ec2-user/ndvi_sqs_work/qinghai/raw/HLS-VI.S30.T47SPA.2018343T040139.v2.0.NDVI.tif,HLS-VI.S30.T47SPA.2018343T040139.v2.0.NDVI.tif,S30,T47SPA,2018-12-09,2018343,040139,EPSG:32647,600000.0,3990240.0,709800.0,4100040.0,True
/home/ec2-user/ndvi_sqs_work/qinghai/raw/HLS-VI.S30.T47SPV.2018343T040139.v2.0.NDVI.tif,HLS-VI.S30.T47SPV.2018343T040139.v2.0.NDVI.tif,S30,T47SPV,2018-12-09,2018343,040139,EPSG:32647,600000.0,3890220.0,709800.0,4000020.0,True
/home/ec2-user/ndvi_sqs_work/qinghai/raw/HLS-VI.S30.T47SQA.2018343T040139.v2.0.NDVI.tif,HLS-VI.S30.T47SQA.2018343T040139.v2.0.NDVI.tif,S30,T47SQA,2018-12-09,2018343,040139,EPSG:32647,699960.0,3990240.0,809760.0,4100040.0,True
/home/ec2-user/ndvi_sqs_work/qinghai/raw/HLS-VI.S30.T48STB.2018343T040139.v2.0.NDVI.tif,HLS-VI.S30.T48STB.2018343T040139.v2.0.NDVI.tif,S30,T48STB,2018-12-09,2018343,040139,EPSG:32648,199980.0,3590220.0,309780.0,3700020.0,True
/home/ec2-user/ndvi_sqs_work/qinghai/raw/HLS-VI.S30.T48STC.2018343T040139.v2.0.NDVI.tif,HLS-VI.S30.T48STC.2018343T040139.v2.0.NDVI.tif,S30,T48STC,2018-12-09,2018343,040139,EPSG:32648,199980.0,3690240.0,309780.0,3800040.0,True
/home/ec2-user/ndvi_sqs_work/qinghai/raw/HLS-VI.S30.T48STF.2018343T040139.v2.0.NDVI.tif,HLS-VI.S30.T48STF.2018343T040139.v2.0.NDVI.tif,S30,T48STF,2018-12-09,2018343,040139,EPSG:32648,199980.0,3990240.0,309780.0,4100040.0,True
/home/ec2-user/ndvi_sqs_work/qinghai/raw/HLS-VI.S30.T46SDG.2018345T044159.v2.0.NDVI.tif,HLS-VI.S30.T46SDG.2018345T044159.v2.0.NDVI.tif,S30,T46SDG,2018-12-11,2018345,044159,EPSG:32646,399960.0,4090200.0,509760.0,4200000.0,True
/home/ec2-user/ndvi_sqs_work/qinghai/raw/HLS-VI.S30.T46SEG.2018345T044159.v2.0.NDVI.tif,HLS-VI.S30.T46SEG.2018345T044159.v2.0.NDVI.tif,S30,T46SEG,2018-12-11,2018345,044159,EPSG:32646,499980.0,4090200.0,609780.0,4200000.0,True
/home/ec2-user/ndvi_sqs_work/qinghai/raw/HLS-VI.S30.T47SQS.2018345T035131.v2.0.NDVI.tif,HLS-VI.S30.T47SQS.2018345T035131.v2.0.NDVI.tif,S30,T47SQS,2018-12-11,2018345,035131,EPSG:32647,699960.0,3590220.0,809760.0,3700020.0,True
/home/ec2-user/ndvi_sqs_work/qinghai/raw/HLS-VI.S30.T48STB.2018345T035131.v2.0.NDVI.tif,HLS-VI.S30.T48STB.2018345T035131.v2.0.NDVI.tif,S30,T48STB,2018-12-11,2018345,035131,EPSG:32648,199980.0,3590220.0,309780.0,3700020.0,True
/home/ec2-user/ndvi_sqs_work/qinghai/raw/HLS-VI.S30.T46SDG.2018347T043151.v2.0.NDVI.tif,HLS-VI.S30.T46SDG.2018347T043151.v2.0.NDVI.tif,S30,T46SDG,2018-12-13,2018347,043151,EPSG:32646,399960.0,4090200.0,509760.0,4200000.0,True
/home/ec2-user/ndvi_sqs_work/qinghai/raw/HLS-VI.S30.T46SEG.2018347T043151.v2.0.NDVI.tif,HLS-VI.S30.T46SEG.2018347T043151.v2.0.NDVI.tif,S30,T46SEG,2018-12-13,2018347,043151,EPSG:32646,499980.0,4090200.0,609780.0,4200000.0,True
/home/ec2-user/ndvi_sqs_work/qinghai/raw/HLS-VI.S30.T46SFG.2018347T043151.v2.0.NDVI.tif,HLS-VI.S30.T46SFG.2018347T043151.v2.0.NDVI.tif,S30,T46SFG,2018-12-13,2018347,043151,EPSG:32646,600000.0,4090200.0,709800.0,4200000.0,True
/home/ec2-user/ndvi_sqs_work/qinghai/raw/HLS-VI.S30.T47SPU.2018348T040141.v2.0.NDVI.tif,HLS-VI.S30.T47SPU.2018348T040141.v2.0.NDVI.tif,S30,T47SPU,2018-12-14,2018348,040141,EPSG:32647,600000.0,3790200.0,709800.0,3900000.0,True
/home/ec2-user/ndvi_sqs_work/qinghai/raw/HLS-VI.S30.T47SQS.2018348T040141.v2.0.NDVI.tif,HLS-VI.S30.T47SQS.2018348T040141.v2.0.NDVI.tif,S30,T47SQS,2018-12-14,2018348,040141,EPSG:32647,699960.0,3590220.0,809760.0,3700020.0,True
/home/ec2-user/ndvi_sqs_work/qinghai/raw/HLS-VI.S30.T47SQT.2018348T040141.v2.0.NDVI.tif,HLS-VI.S30.T47SQT.2018348T040141.v2.0.NDVI.tif,S30,T47SQT,2018-12-14,2018348,040141,EPSG:32647,699960.0,3690240.0,809760.0,3800040.0,True
/home/ec2-user/ndvi_sqs_work/qinghai/raw/HLS-VI.S30.T47SQU.2018348T040141.v2.0.NDVI.tif,HLS-VI.S30.T47SQU.2018348T040141.v2.0.NDVI.tif,S30,T47SQU,2018-12-14,2018348,040141,EPSG:32647,699960.0,3790200.0,809760.0,3900000.0,True
/home/ec2-user/ndvi_sqs_work/qinghai/raw/HLS-VI.S30.T48STB.2018348T040141.v2.0.NDVI.tif,HLS-VI.S30.T48STB.2018348T040141.v2.0.NDVI.tif,S30,T48STB,2018-12-14,2018348,040141,EPSG:32648,199980.0,3590220.0,309780.0,3700020.0,True
/home/ec2-user/ndvi_sqs_work/qinghai/raw/HLS-VI.S30.T48STC.2018348T040141.v2.0.NDVI.tif,HLS-VI.S30.T48STC.2018348T040141.v2.0.NDVI.tif,S30,T48STC,2018-12-14,2018348,040141,EPSG:32648,199980.0,3690240.0,309780.0,3800040.0,True
/home/ec2-user/ndvi_sqs_work/qinghai/raw/HLS-VI.S30.T48STD.2018348T040141.v2.0.NDVI.tif,HLS-VI.S30.T48STD.2018348T040141.v2.0.NDVI.tif,S30,T48STD,2018-12-14,2018348,040141,EPSG:32648,199980.0,3790200.0,309780.0,3900000.0,True
/home/ec2-user/ndvi_sqs_work/qinghai/raw/HLS-VI.S30.T47SLA.2018349T042149.v2.0.NDVI.tif,HLS-VI.S30.T47SLA.2018349T042149.v2.0.NDVI.tif,S30,T47SLA,2018-12-15,2018349,042149,EPSG:32647,300000.0,3990240.0,409800.0,4100040.0,True
/home/ec2-user/ndvi_sqs_work/qinghai/raw/HLS-VI.S30.T48SUF.2018350T035149.v2.0.NDVI.tif,HLS-VI.S30.T48SUF.2018350T035149.v2.0.NDVI.tif,S30,T48SUF,2018-12-16,2018350,035149,EPSG:32648,300000.0,3990240.0,409800.0,4100040.0,True
/home/ec2-user/ndvi_sqs_work/qinghai/raw/HLS-VI.S30.T47SQS.2018355T035141.v2.0.NDVI.tif,HLS-VI.S30.T47SQS.2018355T035141.v2.0.NDVI.tif,S30,T47SQS,2018-12-21,2018355,035141,EPSG:32647,699960.0,3590220.0,809760.0,3700020.0,True
/home/ec2-user/ndvi_sqs_work/qinghai/raw/HLS-VI.S30.T48STB.2018355T035141.v2.0.NDVI.tif,HLS-VI.S30.T48STB.2018355T035141.v2.0.NDVI.tif,S30,T48STB,2018-12-21,2018355,035141,EPSG:32648,199980.0,3590220.0,309780.0,3700020.0,True
/home/ec2-user/ndvi_sqs_work/qinghai/raw/HLS-VI.S30.T48STC.2018355T035141.v2.0.NDVI.tif,HLS-VI.S30.T48STC.2018355T035141.v2.0.NDVI.tif,S30,T48STC,2018-12-21,2018355,035141,EPSG:32648,199980.0,3690240.0,309780.0,3800040.0,True
/home/ec2-user/ndvi_sqs_work/qinghai/raw/HLS-VI.S30.T46SEH.2018357T043201.v2.0.NDVI.tif,HLS-VI.S30.T46SEH.2018357T043201.v2.0.NDVI.tif,S30,T46SEH,2018-12-23,2018357,043201,EPSG:32646,499980.0,4190220.0,609780.0,4300020.0,True
/home/ec2-user/ndvi_sqs_work/qinghai/raw/HLS-VI.S30.T46SDG.2018360T044211.v2.0.NDVI.tif,HLS-VI.S30.T46SDG.2018360T044211.v2.0.NDVI.tif,S30,T46SDG,2018-12-26,2018360,044211,EPSG:32646,399960.0,4090200.0,509760.0,4200000.0,True
/home/ec2-user/ndvi_sqs_work/qinghai/raw/HLS-VI.S30.T46SEH.2018360T044211.v2.0.NDVI.tif,HLS-VI.S30.T46SEH.2018360T044211.v2.0.NDVI.tif,S30,T46SEH,2018-12-26,2018360,044211,EPSG:32646,499980.0,4190220.0,609780.0,4300020.0,True
/home/ec2-user/ndvi_sqs_work/qinghai/raw/HLS-VI.S30.T47SQS.2018360T035149.v2.0.NDVI.tif,HLS-VI.S30.T47SQS.2018360T035149.v2.0.NDVI.tif,S30,T47SQS,2018-12-26,2018360,035149,EPSG:32647,699960.0,3590220.0,809760.0,3700020.0,True
/home/ec2-user/ndvi_sqs_work/qinghai/raw/HLS-VI.S30.T48STB.2018360T035149.v2.0.NDVI.tif,HLS-VI.S30.T48STB.2018360T035149.v2.0.NDVI.tif,S30,T48STB,2018-12-26,2018360,035149,EPSG:32648,199980.0,3590220.0,309780.0,3700020.0,True
/home/ec2-user/ndvi_sqs_work/qinghai/raw/HLS-VI.S30.T48STF.2018360T035149.v2.0.NDVI.tif,HLS-VI.S30.T48STF.2018360T035149.v2.0.NDVI.tif,S30,T48STF,2018-12-26,2018360,035149,EPSG:32648,199980.0,3990240.0,309780.0,4100040.0,True
/home/ec2-user/ndvi_sqs_work/qinghai/raw/HLS-VI.S30.T48SUE.2018360T035149.v2.0.NDVI.tif,HLS-VI.S30.T48SUE.2018360T035149.v2.0.NDVI.tif,S30,T48SUE,2018-12-26,2018360,035149,EPSG:32648,300000.0,3890220.0,409800.0,4000020.0,True
/home/ec2-user/ndvi_sqs_work/qinghai/raw/HLS-VI.S30.T48SUF.2018360T035149.v2.0.NDVI.tif,HLS-VI.S30.T48SUF.2018360T035149.v2.0.NDVI.tif,S30,T48SUF,2018-12-26,2018360,035149,EPSG:32648,300000.0,3990240.0,409800.0,4100040.0,True
/home/ec2-user/ndvi_sqs_work/qinghai/raw/HLS-VI.S30.T47SLU.2018361T041141.v2.0.NDVI.tif,HLS-VI.S30.T47SLU.2018361T041141.v2.0.NDVI.tif,S30,T47SLU,2018-12-27,2018361,041141,EPSG:32647,300000.0,3790200.0,409800.0,3900000.0,True
/home/ec2-user/ndvi_sqs_work/qinghai/raw/HLS-VI.S30.T47SMT.2018361T041141.v2.0.NDVI.tif,HLS-VI.S30.T47SMT.2018361T041141.v2.0.NDVI.tif,S30,T47SMT,2018-12-27,2018361,041141,EPSG:32647,399960.0,3690240.0,509760.0,3800040.0,True
/home/ec2-user/ndvi_sqs_work/qinghai/raw/HLS-VI.S30.T47SMU.2018361T041141.v2.0.NDVI.tif,HLS-VI.S30.T47SMU.2018361T041141.v2.0.NDVI.tif,S30,T47SMU,2018-12-27,2018361,041141,EPSG:32647,399960.0,3790200.0,509760.0,3900000.0,True
/home/ec2-user/ndvi_sqs_work/qinghai/raw/HLS-VI.S30.T47SNT.2018361T041141.v2.0.NDVI.tif,HLS-VI.S30.T47SNT.2018361T041141.v2.0.NDVI.tif,S30,T47SNT,2018-12-27,2018361,041141,EPSG:32647,499980.0,3690240.0,609780.0,3800040.0,True
/home/ec2-user/ndvi_sqs_work/qinghai/raw/HLS-VI.S30.T47SPT.2018361T041141.v2.0.NDVI.tif,HLS-VI.S30.T47SPT.2018361T041141.v2.0.NDVI.tif,S30,T47SPT,2018-12-27,2018361,041141,EPSG:32647,600000.0,3690240.0,709800.0,3800040.0,True
/home/ec2-user/ndvi_sqs_work/qinghai/raw/HLS-VI.S30.T47SPU.2018361T041141.v2.0.NDVI.tif,HLS-VI.S30.T47SPU.2018361T041141.v2.0.NDVI.tif,S30,T47SPU,2018-12-27,2018361,041141,EPSG:32647,600000.0,3790200.0,709800.0,3900000.0,True
