path,filename,sensor,tile,date,julian_date,hms,raster_crs,raster_left,raster_bottom,raster_right,raster_top,intersects_target
/home/ec2-user/ndvi_sqs_work/sichuan/raw/HLS-VI.S30.T47RQK.2018005T035131.v2.0.NDVI.tif,HLS-VI.S30.T47RQK.2018005T035131.v2.0.NDVI.tif,S30,T47RQK,2018-01-05,2018005,035131,EPSG:32647,699960.0,2890200.0,809760.0,3000000.0,True
/home/ec2-user/ndvi_sqs_work/sichuan/raw/HLS-VI.S30.T48RUQ.2018005T035131.v2.0.NDVI.tif,HLS-VI.S30.T48RUQ.2018005T035131.v2.0.NDVI.tif,S30,T48RUQ,2018-01-05,2018005,035131,EPSG:32648,300000.0,2890200.0,409800.0,3000000.0,True
/home/ec2-user/ndvi_sqs_work/sichuan/raw/HLS-VI.S30.T48RTQ.2018007T034119.v2.0.NDVI.tif,HLS-VI.S30.T48RTQ.2018007T034119.v2.0.NDVI.tif,S30,T48RTQ,2018-01-07,2018007,034119,EPSG:32648,199980.0,2890200.0,309780.0,3000000.0,True
/home/ec2-user/ndvi_sqs_work/sichuan/raw/HLS-VI.S30.T48RTR.2018007T034119.v2.0.NDVI.tif,HLS-VI.S30.T48RTR.2018007T034119.v2.0.NDVI.tif,S30,T48RTR,2018-01-07,2018007,034119,EPSG:32648,199980.0,2990220.0,309780.0,3100020.0,True
/home/ec2-user/ndvi_sqs_work/sichuan/raw/HLS-VI.S30.T48RUQ.2018007T034119.v2.0.NDVI.tif,HLS-VI.S30.T48RUQ.2018007T034119.v2.0.NDVI.tif,S30,T48RUQ,2018-01-07,2018007,034119,EPSG:32648,300000.0,2890200.0,409800.0,3000000.0,True
/home/ec2-user/ndvi_sqs_work/sichuan/raw/HLS-VI.S30.T48SWA.2018012T034111.v2.0.NDVI.tif,HLS-VI.S30.T48SWA.2018012T034111.v2.0.NDVI.tif,S30,T48SWA,2018-01-12,2018012,034111,EPSG:32648,499980.0,3490200.0,609780.0,3600000.0,True
/home/ec2-user/ndvi_sqs_work/sichuan/raw/HLS-VI.S30.T47RMP.2018013T040119.v2.0.NDVI.tif,HLS-VI.S30.T47RMP.2018013T040119.v2.0.NDVI.tif,S30,T47RMP,2018-01-13,2018013,040119,EPSG:32647,399960.0,3290220.0,509760.0,3400020.0,True
/home/ec2-user/ndvi_sqs_work/sichuan/raw/HLS-VI.S30.T47RMQ.2018013T040119.v2.0.NDVI.tif,HLS-VI.S30.T47RMQ.2018013T040119.v2.0.NDVI.tif,S30,T47RMQ,2018-01-13,2018013,040119,EPSG:32647,399960.0,3390240.0,509760.0,3500040.0,True
/home/ec2-user/ndvi_sqs_work/sichuan/raw/HLS-VI.S30.T47RPP.2018013T040119.v2.0.NDVI.tif,HLS-VI.S30.T47RPP.2018013T040119.v2.0.NDVI.tif,S30,T47RPP,2018-01-13,2018013,040119,EPSG:32647,600000.0,3290220.0,709800.0,3400020.0,True
/home/ec2-user/ndvi_sqs_work/sichuan/raw/HLS-VI.S30.T47RQM.2018013T040119.v2.0.NDVI.tif,HLS-VI.S30.T47RQM.2018013T040119.v2.0.NDVI.tif,S30,T47RQM,2018-01-13,2018013,040119,EPSG:32647,699960.0,3090240.0,809760.0,3200040.0,True
/home/ec2-user/ndvi_sqs_work/sichuan/raw/HLS-VI.S30.T47RQP.2018013T040119.v2.0.NDVI.tif,HLS-VI.S30.T47RQP.2018013T040119.v2.0.NDVI.tif,S30,T47RQP,2018-01-13,2018013,040119,EPSG:32647,699960.0,3290220.0,809760.0,3400020.0,True
/home/ec2-user/ndvi_sqs_work/sichuan/raw/HLS-VI.S30.T48RYU.2018014T033059.v2.0.NDVI.tif,HLS-VI.S30.T48RYU.2018014T033059.v2.0.NDVI.tif,S30,T48RYU,2018-01-14,2018014,033059,EPSG:32648,699960.0,3290220.0,809760.0,3400020.0,True
/home/ec2-user/ndvi_sqs_work/sichuan/raw/HLS-VI.S30.T49RBQ.2018014T033059.v2.0.NDVI.tif,HLS-VI.S30.T49RBQ.2018014T033059.v2.0.NDVI.tif,S30,T49RBQ,2018-01-14,2018014,033059,EPSG:32649,199980.0,3390240.0,309780.0,3500040.0,True
/home/ec2-user/ndvi_sqs_work/sichuan/raw/HLS-VI.S30.T49SBR.2018014T033059.v2.0.NDVI.tif,HLS-VI.S30.T49SBR.2018014T033059.v2.0.NDVI.tif,S30,T49SBR,2018-01-14,2018014,033059,EPSG:32649,199980.0,3490200.0,309780.0,3600000.0,True
/home/ec2-user/ndvi_sqs_work/sichuan/raw/HLS-VI.S30.T48RTS.2018017T034059.v2.0.NDVI.tif,HLS-VI.S30.T48RTS.2018017T034059.v2.0.NDVI.tif,S30,T48RTS,2018-01-17,2018017,034059,EPSG:32648,199980.0,3090240.0,309780.0,3200040.0,True
/home/ec2-user/ndvi_sqs_work/sichuan/raw/HLS-VI.S30.T48RUQ.2018017T034059.v2.0.NDVI.tif,HLS-VI.S30.T48RUQ.2018017T034059.v2.0.NDVI.tif,S30,T48RUQ,2018-01-17,2018017,034059,EPSG:32648,300000.0,2890200.0,409800.0,3000000.0,True
/home/ec2-user/ndvi_sqs_work/sichuan/raw/HLS-VI.S30.T48RUR.2018017T034059.v2.0.NDVI.tif,HLS-VI.S30.T48RUR.2018017T034059.v2.0.NDVI.tif,S30,T48RUR,2018-01-17,2018017,034059,EPSG:32648,300000.0,2990220.0,409800.0,3100020.0,True
/home/ec2-user/ndvi_sqs_work/sichuan/raw/HLS-VI.S30.T48RVU.2018017T034059.v2.0.NDVI.tif,HLS-VI.S30.T48RVU.2018017T034059.v2.0.NDVI.tif,S30,T48RVU,2018-01-17,2018017,034059,EPSG:32648,399960.0,3290220.0,509760.0,3400020.0,True
/home/ec2-user/ndvi_sqs_work/sichuan/raw/HLS-VI.S30.T48RWV.2018017T034059.v2.0.NDVI.tif,HLS-VI.S30.T48RWV.2018017T034059.v2.0.NDVI.tif,S30,T48RWV,2018-01-17,2018017,034059,EPSG:32648,499980.0,3390240.0,609780.0,3500040.0,True
/home/ec2-user/ndvi_sqs_work/sichuan/raw/HLS-VI.S30.T48RXV.2018017T034059.v2.0.NDVI.tif,HLS-VI.S30.T48RXV.2018017T034059.v2.0.NDVI.tif,S30,T48RXV,2018-01-17,2018017,034059,EPSG:32648,600000.0,3390240.0,709800.0,3500040.0,True
/home/ec2-user/ndvi_sqs_work/sichuan/raw/HLS-VI.S30.T48SXA.2018017T034059.v2.0.NDVI.tif,HLS-VI.S30.T48SXA.2018017T034059.v2.0.NDVI.tif,S30,T48SXA,2018-01-17,2018017,034059,EPSG:32648,600000.0,3490200.0,709800.0,3600000.0,True
/home/ec2-user/ndvi_sqs_work/sichuan/raw/HLS-VI.S30.T48SYA.2018017T034059.v2.0.NDVI.tif,HLS-VI.S30.T48SYA.2018017T034059.v2.0.NDVI.tif,S30,T48SYA,2018-01-17,2018017,034059,EPSG:32648,699960.0,3490200.0,809760.0,3600000.0,True
/home/ec2-user/ndvi_sqs_work/sichuan/raw/HLS-VI.S30.T47RQK.2018020T035049.v2.0.NDVI.tif,HLS-VI.S30.T47RQK.2018020T035049.v2.0.NDVI.tif,S30,T47RQK,2018-01-20,2018020,035049,EPSG:32647,699960.0,2890200.0,809760.0,3000000.0,True
/home/ec2-user/ndvi_sqs_work/sichuan/raw/HLS-VI.S30.T47SQS.2018020T035049.v2.0.NDVI.tif,HLS-VI.S30.T47SQS.2018020T035049.v2.0.NDVI.tif,S30,T47SQS,2018-01-20,2018020,035049,EPSG:32647,699960.0,3590220.0,809760.0,3700020.0,True
/home/ec2-user/ndvi_sqs_work/sichuan/raw/HLS-VI.S30.T48SVB.2018020T035049.v2.0.NDVI.tif,HLS-VI.S30.T48SVB.2018020T035049.v2.0.NDVI.tif,S30,T48SVB,2018-01-20,2018020,035049,EPSG:32648,399960.0,3590220.0,509760.0,3700020.0,True
/home/ec2-user/ndvi_sqs_work/sichuan/raw/HLS-VI.S30.T47RPL.2018025T035031.v2.0.NDVI.tif,HLS-VI.S30.T47RPL.2018025T035031.v2.0.NDVI.tif,S30,T47RPL,2018-01-25,2018025,035031,EPSG:32647,600000.0,2990220.0,709800.0,3100020.0,True
/home/ec2-user/ndvi_sqs_work/sichuan/raw/HLS-VI.S30.T47RPM.2018025T035031.v2.0.NDVI.tif,HLS-VI.S30.T47RPM.2018025T035031.v2.0.NDVI.tif,S30,T47RPM,2018-01-25,2018025,035031,EPSG:32647,600000.0,3090240.0,709800.0,3200040.0,True
/home/ec2-user/ndvi_sqs_work/sichuan/raw/HLS-VI.S30.T47RQK.2018025T035031.v2.0.NDVI.tif,HLS-VI.S30.T47RQK.2018025T035031.v2.0.NDVI.tif,S30,T47RQK,2018-01-25,2018025,035031,EPSG:32647,699960.0,2890200.0,809760.0,3000000.0,True
/home/ec2-user/ndvi_sqs_work/sichuan/raw/HLS-VI.S30.T47RQL.2018025T035031.v2.0.NDVI.tif,HLS-VI.S30.T47RQL.2018025T035031.v2.0.NDVI.tif,S30,T47RQL,2018-01-25,2018025,035031,EPSG:32647,699960.0,2990220.0,809760.0,3100020.0,True
/home/ec2-user/ndvi_sqs_work/sichuan/raw/HLS-VI.S30.T47RQM.2018025T035031.v2.0.NDVI.tif,HLS-VI.S30.T47RQM.2018025T035031.v2.0.NDVI.tif,S30,T47RQM,2018-01-25,2018025,035031,EPSG:32647,699960.0,3090240.0,809760.0,3200040.0,True
/home/ec2-user/ndvi_sqs_work/sichuan/raw/HLS-VI.S30.T48RTQ.2018025T035031.v2.0.NDVI.tif,HLS-VI.S30.T48RTQ.2018025T035031.v2.0.NDVI.tif,S30,T48RTQ,2018-01-25,2018025,035031,EPSG:32648,199980.0,2890200.0,309780.0,3000000.0,True
/home/ec2-user/ndvi_sqs_work/sichuan/raw/HLS-VI.S30.T48RTR.2018025T035031.v2.0.NDVI.tif,HLS-VI.S30.T48RTR.2018025T035031.v2.0.NDVI.tif,S30,T48RTR,2018-01-25,2018025,035031,EPSG:32648,199980.0,2990220.0,309780.0,3100020.0,True
/home/ec2-user/ndvi_sqs_work/sichuan/raw/HLS-VI.S30.T48RUQ.2018025T035031.v2.0.NDVI.tif,HLS-VI.S30.T48RUQ.2018025T035031.v2.0.NDVI.tif,S30,T48RUQ,2018-01-25,2018025,035031,EPSG:32648,300000.0,2890200.0,409800.0,3000000.0,True
/home/ec2-user/ndvi_sqs_work/sichuan/raw/HLS-VI.S30.T48RTQ.2018027T034009.v2.0.NDVI.tif,HLS-VI.S30.T48RTQ.2018027T034009.v2.0.NDVI.tif,S30,T48RTQ,2018-01-27,2018027,034009,EPSG:32648,199980.0,2890200.0,309780.0,3000000.0,True
/home/ec2-user/ndvi_sqs_work/sichuan/raw/HLS-VI.S30.T48RTR.2018027T034009.v2.0.NDVI.tif,HLS-VI.S30.T48RTR.2018027T034009.v2.0.NDVI.tif,S30,T48RTR,2018-01-27,2018027,034009,EPSG:32648,199980.0,2990220.0,309780.0,3100020.0,True
/home/ec2-user/ndvi_sqs_work/sichuan/raw/HLS-VI.S30.T48RUQ.2018027T034009.v2.0.NDVI.tif,HLS-VI.S30.T48RUQ.2018027T034009.v2.0.NDVI.tif,S30,T48RUQ,2018-01-27,2018027,034009,EPSG:32648,300000.0,2890200.0,409800.0,3000000.0,True
/home/ec2-user/ndvi_sqs_work/sichuan/raw/HLS-VI.S30.T47RQM.2018028T040021.v2.0.NDVI.tif,HLS-VI.S30.T47RQM.2018028T040021.v2.0.NDVI.tif,S30,T47RQM,2018-01-28,2018028,040021,EPSG:32647,699960.0,3090240.0,809760.0,3200040.0,True
/home/ec2-user/ndvi_sqs_work/sichuan/raw/HLS-VI.S30.T47RPL.2018030T034959.v2.0.NDVI.tif,HLS-VI.S30.T47RPL.2018030T034959.v2.0.NDVI.tif,S30,T47RPL,2018-01-30,2018030,034959,EPSG:32647,600000.0,2990220.0,709800.0,3100020.0,True
/home/ec2-user/ndvi_sqs_work/sichuan/raw/HLS-VI.S30.T47RQK.2018030T034959.v2.0.NDVI.tif,HLS-VI.S30.T47RQK.2018030T034959.v2.0.NDVI.tif,S30,T47RQK,2018-01-30,2018030,034959,EPSG:32647,699960.0,2890200.0,809760.0,3000000.0,True
/home/ec2-user/ndvi_sqs_work/sichuan/raw/HLS-VI.S30.T47SNR.2018033T035949.v2.0.NDVI.tif,HLS-VI.S30.T47SNR.2018033T035949.v2.0.NDVI.tif,S30,T47SNR,2018-02-02,2018033,035949,EPSG:32647,499980.0,3490200.0,609780.0,3600000.0,True
/home/ec2-user/ndvi_sqs_work/sichuan/raw/HLS-VI.S30.T47SNS.2018033T035949.v2.0.NDVI.tif,HLS-VI.S30.T47SNS.2018033T035949.v2.0.NDVI.tif,S30,T47SNS,2018-02-02,2018033,035949,EPSG:32647,499980.0,3590220.0,609780.0,3700020.0,True
/home/ec2-user/ndvi_sqs_work/sichuan/raw/HLS-VI.S30.T47SPR.2018033T035949.v2.0.NDVI.tif,HLS-VI.S30.T47SPR.2018033T035949.v2.0.NDVI.tif,S30,T47SPR,2018-02-02,2018033,035949,EPSG:32647,600000.0,3490200.0,709800.0,3600000.0,True
/home/ec2-user/ndvi_sqs_work/sichuan/raw/HLS-VI.S30.T48RTV.2018033T035949.v2.0.NDVI.tif,HLS-VI.S30.T48RTV.2018033T035949.v2.0.NDVI.tif,S30,T48RTV,2018-02-02,2018033,035949,EPSG:32648,199980.0,3390240.0,309780.0,3500040.0,True
/home/ec2-user/ndvi_sqs_work/sichuan/raw/HLS-VI.S30.T47RPL.2018040T034909.v2.0.NDVI.tif,HLS-VI.S30.T47RPL.2018040T034909.v2.0.NDVI.tif,S30,T47RPL,2018-02-09,2018040,034909,EPSG:32647,600000.0,2990220.0,709800.0,3100020.0,True
/home/ec2-user/ndvi_sqs_work/sichuan/raw/HLS-VI.S30.T47RQK.2018040T034909.v2.0.NDVI.tif,HLS-VI.S30.T47RQK.2018040T034909.v2.0.NDVI.tif,S30,T47RQK,2018-02-09,2018040,034909,EPSG:32647,699960.0,2890200.0,809760.0,3000000.0,True
/home/ec2-user/ndvi_sqs_work/sichuan/raw/HLS-VI.S30.T47RQL.2018040T034909.v2.0.NDVI.tif,HLS-VI.S30.T47RQL.2018040T034909.v2.0.NDVI.tif,S30,T47RQL,2018-02-09,2018040,034909,EPSG:32647,699960.0,2990220.0,809760.0,3100020.0,True
/home/ec2-user/ndvi_sqs_work/sichuan/raw/HLS-VI.S30.T48RTQ.2018040T034909.v2.0.NDVI.tif,HLS-VI.S30.T48RTQ.2018040T034909.v2.0.NDVI.tif,S30,T48RTQ,2018-02-09,2018040,034909,EPSG:32648,199980.0,2890200.0,309780.0,3000000.0,True
/home/ec2-user/ndvi_sqs_work/sichuan/raw/HLS-VI.S30.T48RUQ.2018040T034909.v2.0.NDVI.tif,HLS-VI.S30.T48RUQ.2018040T034909.v2.0.NDVI.tif,S30,T48RUQ,2018-02-09,2018040,034909,EPSG:32648,300000.0,2890200.0,409800.0,3000000.0,True
/home/ec2-user/ndvi_sqs_work/sichuan/raw/HLS-VI.S30.T48RTQ.2018042T033851.v2.0.NDVI.tif,HLS-VI.S30.T48RTQ.2018042T033851.v2.0.NDVI.tif,S30,T48RTQ,2018-02-11,2018042,033851,EPSG:32648,199980.0,2890200.0,309780.0,3000000.0,True
/home/ec2-user/ndvi_sqs_work/sichuan/raw/HLS-VI.S30.T48SWB.2018042T033851.v2.0.NDVI.tif,HLS-VI.S30.T48SWB.2018042T033851.v2.0.NDVI.tif,S30,T48SWB,2018-02-11,2018042,033851,EPSG:32648,499980.0,3590220.0,609780.0,3700020.0,True
/home/ec2-user/ndvi_sqs_work/sichuan/raw/HLS-VI.S30.T48SXB.2018042T033851.v2.0.NDVI.tif,HLS-VI.S30.T48SXB.2018042T033851.v2.0.NDVI.tif,S30,T48SXB,2018-02-11,2018042,033851,EPSG:32648,600000.0,3590220.0,709800.0,3700020.0,True
/home/ec2-user/ndvi_sqs_work/sichuan/raw/HLS-VI.S30.T48SYB.2018042T033851.v2.0.NDVI.tif,HLS-VI.S30.T48SYB.2018042T033851.v2.0.NDVI.tif,S30,T48SYB,2018-02-11,2018042,033851,EPSG:32648,699960.0,3590220.0,809760.0,3700020.0,True
/home/ec2-user/ndvi_sqs_work/sichuan/raw/HLS-VI.S30.T47RQM.2018043T035849.v2.0.NDVI.tif,HLS-VI.S30.T47RQM.2018043T035849.v2.0.NDVI.tif,S30,T47RQM,2018-02-12,2018043,035849,EPSG:32647,699960.0,3090240.0,809760.0,3200040.0,True
/home/ec2-user/ndvi_sqs_work/sichuan/raw/HLS-VI.S30.T48SXB.2018044T032829.v2.0.NDVI.tif,HLS-VI.S30.T48SXB.2018044T032829.v2.0.NDVI.tif,S30,T48SXB,2018-02-13,2018044,032829,EPSG:32648,600000.0,3590220.0,709800.0,3700020.0,True
/home/ec2-user/ndvi_sqs_work/sichuan/raw/HLS-VI.S30.T47RPL.2018045T034841.v2.0.NDVI.tif,HLS-VI.S30.T47RPL.2018045T034841.v2.0.NDVI.tif,S30,T47RPL,2018-02-14,2018045,034841,EPSG:32647,600000.0,2990220.0,709800.0,3100020.0,True
/home/ec2-user/ndvi_sqs_work/sichuan/raw/HLS-VI.S30.T47RPM.2018045T034841.v2.0.NDVI.tif,HLS-VI.S30.T47RPM.2018045T034841.v2.0.NDVI.tif,S30,T47RPM,2018-02-14,2018045,034841,EPSG:32647,600000.0,3090240.0,709800.0,3200040.0,True
/home/ec2-user/ndvi_sqs_work/sichuan/raw/HLS-VI.S30.T47RPP.2018045T034841.v2.0.NDVI.tif,HLS-VI.S30.T47RPP.2018045T034841.v2.0.NDVI.tif,S30,T47RPP,2018-02-14,2018045,034841,EPSG:32647,600000.0,3290220.0,709800.0,3400020.0,True
/home/ec2-user/ndvi_sqs_work/sichuan/raw/HLS-VI.S30.T47RQK.2018045T034841.v2.0.NDVI.tif,HLS-VI.S30.T47RQK.2018045T034841.v2.0.NDVI.tif,S30,T47RQK,2018-02-14,2018045,034841,EPSG:32647,699960.0,2890200.0,809760.0,3000000.0,True
/home/ec2-user/ndvi_sqs_work/sichuan/raw/HLS-VI.S30.T47RQM.2018045T034841.v2.0.NDVI.tif,HLS-VI.S30.T47RQM.2018045T034841.v2.0.NDVI.tif,S30,T47RQM,2018-02-14,2018045,034841,EPSG:32647,699960.0,3090240.0,809760.0,3200040.0,True
/home/ec2-user/ndvi_sqs_work/sichuan/raw/HLS-VI.S30.T48RTQ.2018047T033819.v2.0.NDVI.tif,HLS-VI.S30.T48RTQ.2018047T033819.v2.0.NDVI.tif,S30,T48RTQ,2018-02-16,2018047,033819,EPSG:32648,199980.0,2890200.0,309780.0,3000000.0,True
/home/ec2-user/ndvi_sqs_work/sichuan/raw/HLS-VI.S30.T48RTS.2018047T033819.v2.0.NDVI.tif,HLS-VI.S30.T48RTS.2018047T033819.v2.0.NDVI.tif,S30,T48RTS,2018-02-16,2018047,033819,EPSG:32648,199980.0,3090240.0,309780.0,3200040.0,True
/home/ec2-user/ndvi_sqs_work/sichuan/raw/HLS-VI.S30.T48RUQ.2018047T033819.v2.0.NDVI.tif,HLS-VI.S30.T48RUQ.2018047T033819.v2.0.NDVI.tif,S30,T48RUQ,2018-02-16,2018047,033819,EPSG:32648,300000.0,2890200.0,409800.0,3000000.0,True
/home/ec2-user/ndvi_sqs_work/sichuan/raw/HLS-VI.S30.T48RUR.2018047T033819.v2.0.NDVI.tif,HLS-VI.S30.T48RUR.2018047T033819.v2.0.NDVI.tif,S30,T48RUR,2018-02-16,2018047,033819,EPSG:32648,300000.0,2990220.0,409800.0,3100020.0,True
/home/ec2-user/ndvi_sqs_work/sichuan/raw/HLS-VI.S30.T48RUS.2018047T033819.v2.0.NDVI.tif,HLS-VI.S30.T48RUS.2018047T033819.v2.0.NDVI.tif,S30,T48RUS,2018-02-16,2018047,033819,EPSG:32648,300000.0,3090240.0,409800.0,3200040.0,True
/home/ec2-user/ndvi_sqs_work/sichuan/raw/HLS-VI.S30.T48RUU.2018047T033819.v2.0.NDVI.tif,HLS-VI.S30.T48RUU.2018047T033819.v2.0.NDVI.tif,S30,T48RUU,2018-02-16,2018047,033819,EPSG:32648,300000.0,3290220.0,409800.0,3400020.0,True
/home/ec2-user/ndvi_sqs_work/sichuan/raw/HLS-VI.S30.T48RVR.2018047T033819.v2.0.NDVI.tif,HLS-VI.S30.T48RVR.2018047T033819.v2.0.NDVI.tif,S30,T48RVR,2018-02-16,2018047,033819,EPSG:32648,399960.0,2990220.0,509760.0,3100020.0,True
/home/ec2-user/ndvi_sqs_work/sichuan/raw/HLS-VI.S30.T48RVS.2018047T033819.v2.0.NDVI.tif,HLS-VI.S30.T48RVS.2018047T033819.v2.0.NDVI.tif,S30,T48RVS,2018-02-16,2018047,033819,EPSG:32648,399960.0,3090240.0,509760.0,3200040.0,True
/home/ec2-user/ndvi_sqs_work/sichuan/raw/HLS-VI.S30.T48RVT.2018047T033819.v2.0.NDVI.tif,HLS-VI.S30.T48RVT.2018047T033819.v2.0.NDVI.tif,S30,T48RVT,2018-02-16,2018047,033819,EPSG:32648,399960.0,3190200.0,509760.0,3300000.0,True
/home/ec2-user/ndvi_sqs_work/sichuan/raw/HLS-VI.S30.T48RVU.2018047T033819.v2.0.NDVI.tif,HLS-VI.S30.T48RVU.2018047T033819.v2.0.NDVI.tif,S30,T48RVU,2018-02-16,2018047,033819,EPSG:32648,399960.0,3290220.0,509760.0,3400020.0,True
/home/ec2-user/ndvi_sqs_work/sichuan/raw/HLS-VI.S30.T48RWR.2018047T033819.v2.0.NDVI.tif,HLS-VI.S30.T48RWR.2018047T033819.v2.0.NDVI.tif,S30,T48RWR,2018-02-16,2018047,033819,EPSG:32648,499980.0,2990220.0,609780.0,3100020.0,True
/home/ec2-user/ndvi_sqs_work/sichuan/raw/HLS-VI.S30.T48RWU.2018047T033819.v2.0.NDVI.tif,HLS-VI.S30.T48RWU.2018047T033819.v2.0.NDVI.tif,S30,T48RWU,2018-02-16,2018047,033819,EPSG:32648,499980.0,3290220.0,609780.0,3400020.0,True
/home/ec2-user/ndvi_sqs_work/sichuan/raw/HLS-VI.S30.T48RWV.2018047T033819.v2.0.NDVI.tif,HLS-VI.S30.T48RWV.2018047T033819.v2.0.NDVI.tif,S30,T48RWV,2018-02-16,2018047,033819,EPSG:32648,499980.0,3390240.0,609780.0,3500040.0,True
/home/ec2-user/ndvi_sqs_work/sichuan/raw/HLS-VI.S30.T48RXS.2018047T033819.v2.0.NDVI.tif,HLS-VI.S30.T48RXS.2018047T033819.v2.0.NDVI.tif,S30,T48RXS,2018-02-16,2018047,033819,EPSG:32648,600000.0,3090240.0,709800.0,3200040.0,True
/home/ec2-user/ndvi_sqs_work/sichuan/raw/HLS-VI.S30.T48RXU.2018047T033819.v2.0.NDVI.tif,HLS-VI.S30.T48RXU.2018047T033819.v2.0.NDVI.tif,S30,T48RXU,2018-02-16,2018047,033819,EPSG:32648,600000.0,3290220.0,709800.0,3400020.0,True
/home/ec2-user/ndvi_sqs_work/sichuan/raw/HLS-VI.S30.T48SUA.2018047T033819.v2.0.NDVI.tif,HLS-VI.S30.T48SUA.2018047T033819.v2.0.NDVI.tif,S30,T48SUA,2018-02-16,2018047,033819,EPSG:32648,300000.0,3490200.0,409800.0,3600000.0,True
/home/ec2-user/ndvi_sqs_work/sichuan/raw/HLS-VI.S30.T47RPL.2018048T035821.v2.0.NDVI.tif,HLS-VI.S30.T47RPL.2018048T035821.v2.0.NDVI.tif,S30,T47RPL,2018-02-17,2018048,035821,EPSG:32647,600000.0,2990220.0,709800.0,3100020.0,True
/home/ec2-user/ndvi_sqs_work/sichuan/raw/HLS-VI.S30.T47RQM.2018048T035821.v2.0.NDVI.tif,HLS-VI.S30.T47RQM.2018048T035821.v2.0.NDVI.tif,S30,T47RQM,2018-02-17,2018048,035821,EPSG:32647,699960.0,3090240.0,809760.0,3200040.0,True
/home/ec2-user/ndvi_sqs_work/sichuan/raw/HLS-VI.S30.T47RQP.2018048T035821.v2.0.NDVI.tif,HLS-VI.S30.T47RQP.2018048T035821.v2.0.NDVI.tif,S30,T47RQP,2018-02-17,2018048,035821,EPSG:32647,699960.0,3290220.0,809760.0,3400020.0,True
/home/ec2-user/ndvi_sqs_work/sichuan/raw/HLS-VI.S30.T48RTV.2018048T035821.v2.0.NDVI.tif,HLS-VI.S30.T48RTV.2018048T035821.v2.0.NDVI.tif,S30,T48RTV,2018-02-17,2018048,035821,EPSG:32648,199980.0,3390240.0,309780.0,3500040.0,True
/home/ec2-user/ndvi_sqs_work/sichuan/raw/HLS-VI.S30.T48STA.2018048T035821.v2.0.NDVI.tif,HLS-VI.S30.T48STA.2018048T035821.v2.0.NDVI.tif,S30,T48STA,2018-02-17,2018048,035821,EPSG:32648,199980.0,3490200.0,309780.0,3600000.0,True
/home/ec2-user/ndvi_sqs_work/sichuan/raw/HLS-VI.S30.T47RPL.2018050T034759.v2.0.NDVI.tif,HLS-VI.S30.T47RPL.2018050T034759.v2.0.NDVI.tif,S30,T47RPL,2018-02-19,2018050,034759,EPSG:32647,600000.0,2990220.0,709800.0,3100020.0,True
/home/ec2-user/ndvi_sqs_work/sichuan/raw/HLS-VI.S30.T47RPM.2018050T034759.v2.0.NDVI.tif,HLS-VI.S30.T47RPM.2018050T034759.v2.0.NDVI.tif,S30,T47RPM,2018-02-19,2018050,034759,EPSG:32647,600000.0,3090240.0,709800.0,3200040.0,True
/home/ec2-user/ndvi_sqs_work/sichuan/raw/HLS-VI.S30.T47RQK.2018050T034759.v2.0.NDVI.tif,HLS-VI.S30.T47RQK.2018050T034759.v2.0.NDVI.tif,S30,T47RQK,2018-02-19,2018050,034759,EPSG:32647,699960.0,2890200.0,809760.0,3000000.0,True
/home/ec2-user/ndvi_sqs_work/sichuan/raw/HLS-VI.S30.T47RQL.2018050T034759.v2.0.NDVI.tif,HLS-VI.S30.T47RQL.2018050T034759.v2.0.NDVI.tif,S30,T47RQL,2018-02-19,2018050,034759,EPSG:32647,699960.0,2990220.0,809760.0,3100020.0,True
/home/ec2-user/ndvi_sqs_work/sichuan/raw/HLS-VI.S30.T47RQM.2018050T034759.v2.0.NDVI.tif,HLS-VI.S30.T47RQM.2018050T034759.v2.0.NDVI.tif,S30,T47RQM,2018-02-19,2018050,034759,EPSG:32647,699960.0,3090240.0,809760.0,3200040.0,True
/home/ec2-user/ndvi_sqs_work/sichuan/raw/HLS-VI.S30.T48RTQ.2018050T034759.v2.0.NDVI.tif,HLS-VI.S30.T48RTQ.2018050T034759.v2.0.NDVI.tif,S30,T48RTQ,2018-02-19,2018050,034759,EPSG:32648,199980.0,2890200.0,309780.0,3000000.0,True
/home/ec2-user/ndvi_sqs_work/sichuan/raw/HLS-VI.S30.T48RTR.2018050T034759.v2.0.NDVI.tif,HLS-VI.S30.T48RTR.2018050T034759.v2.0.NDVI.tif,S30,T48RTR,2018-02-19,2018050,034759,EPSG:32648,199980.0,2990220.0,309780.0,3100020.0,True
/home/ec2-user/ndvi_sqs_work/sichuan/raw/HLS-VI.S30.T48RTS.2018050T034759.v2.0.NDVI.tif,HLS-VI.S30.T48RTS.2018050T034759.v2.0.NDVI.tif,S30,T48RTS,2018-02-19,2018050,034759,EPSG:32648,199980.0,3090240.0,309780.0,3200040.0,True
/home/ec2-user/ndvi_sqs_work/sichuan/raw/HLS-VI.S30.T48RUQ.2018050T034759.v2.0.NDVI.tif,HLS-VI.S30.T48RUQ.2018050T034759.v2.0.NDVI.tif,S30,T48RUQ,2018-02-19,2018050,034759,EPSG:32648,300000.0,2890200.0,409800.0,3000000.0,True
/home/ec2-user/ndvi_sqs_work/sichuan/raw/HLS-VI.S30.T48RVV.2018050T034759.v2.0.NDVI.tif,HLS-VI.S30.T48RVV.2018050T034759.v2.0.NDVI.tif,S30,T48RVV,2018-02-19,2018050,034759,EPSG:32648,399960.0,3390240.0,509760.0,3500040.0,True
/home/ec2-user/ndvi_sqs_work/sichuan/raw/HLS-VI.S30.T48RVT.2018055T034731.v2.0.NDVI.tif,HLS-VI.S30.T48RVT.2018055T034731.v2.0.NDVI.tif,S30,T48RVT,2018-02-24,2018055,034731,EPSG:32648,399960.0,3190200.0,509760.0,3300000.0,True
/home/ec2-user/ndvi_sqs_work/sichuan/raw/HLS-VI.S30.T48RVU.2018055T034731.v2.0.NDVI.tif,HLS-VI.S30.T48RVU.2018055T034731.v2.0.NDVI.tif,S30,T48RVU,2018-02-24,2018055,034731,EPSG:32648,399960.0,3290220.0,509760.0,3400020.0,True
/home/ec2-user/ndvi_sqs_work/sichuan/raw/HLS-VI.S30.T48RTQ.2018057T033709.v2.0.NDVI.tif,HLS-VI.S30.T48RTQ.2018057T033709.v2.0.NDVI.tif,S30,T48RTQ,2018-02-26,2018057,033709,EPSG:32648,199980.0,2890200.0,309780.0,3000000.0,True
/home/ec2-user/ndvi_sqs_work/sichuan/raw/HLS-VI.S30.T48RWS.2018059T032701.v2.0.NDVI.tif,HLS-VI.S30.T48RWS.2018059T032701.v2.0.NDVI.tif,S30,T48RWS,2018-02-28,2018059,032701,EPSG:32648,499980.0,3090240.0,609780.0,3200040.0,True
/home/ec2-user/ndvi_sqs_work/sichuan/raw/HLS-VI.S30.T48RWT.2018059T032701.v2.0.NDVI.tif,HLS-VI.S30.T48RWT.2018059T032701.v2.0.NDVI.tif,S30,T48RWT,2018-02-28,2018059,032701,EPSG:32648,499980.0,3190200.0,609780.0,3300000.0,True
/home/ec2-user/ndvi_sqs_work/sichuan/raw/HLS-VI.S30.T48RWU.2018059T032701.v2.0.NDVI.tif,HLS-VI.S30.T48RWU.2018059T032701.v2.0.NDVI.tif,S30,T48RWU,2018-02-28,2018059,032701,EPSG:32648,499980.0,3290220.0,609780.0,3400020.0,True
/home/ec2-user/ndvi_sqs_work/sichuan/raw/HLS-VI.S30.T48RXS.2018059T032701.v2.0.NDVI.tif,HLS-VI.S30.T48RXS.2018059T032701.v2.0.NDVI.tif,S30,T48RXS,2018-02-28,2018059,032701,EPSG:32648,600000.0,3090240.0,709800.0,3200040.0,True
/home/ec2-user/ndvi_sqs_work/sichuan/raw/HLS-VI.S30.T48RXV.2018059T032701.v2.0.NDVI.tif,HLS-VI.S30.T48RXV.2018059T032701.v2.0.NDVI.tif,S30,T48RXV,2018-02-28,2018059,032701,EPSG:32648,600000.0,3390240.0,709800.0,3500040.0,True
/home/ec2-user/ndvi_sqs_work/sichuan/raw/HLS-VI.S30.T48SXB.2018059T032701.v2.0.NDVI.tif,HLS-VI.S30.T48SXB.2018059T032701.v2.0.NDVI.tif,S30,T48SXB,2018-02-28,2018059,032701,EPSG:32648,600000.0,3590220.0,709800.0,3700020.0,True
/home/ec2-user/ndvi_sqs_work/sichuan/raw/HLS-VI.S30.T48SYB.2018059T032701.v2.0.NDVI.tif,HLS-VI.S30.T48SYB.2018059T032701.v2.0.NDVI.tif,S30,T48SYB,2018-02-28,2018059,032701,EPSG:32648,699960.0,3590220.0,809760.0,3700020.0,True
/home/ec2-user/ndvi_sqs_work/sichuan/raw/HLS-VI.S30.T47RPM.2018060T034649.v2.0.NDVI.tif,HLS-VI.S30.T47RPM.2018060T034649.v2.0.NDVI.tif,S30,T47RPM,2018-03-01,2018060,034649,EPSG:32647,600000.0,3090240.0,709800.0,3200040.0,True
/home/ec2-user/ndvi_sqs_work/sichuan/raw/HLS-VI.S30.T47RQK.2018060T034649.v2.0.NDVI.tif,HLS-VI.S30.T47RQK.2018060T034649.v2.0.NDVI.tif,S30,T47RQK,2018-03-01,2018060,034649,EPSG:32647,699960.0,2890200.0,809760.0,3000000.0,True
/home/ec2-user/ndvi_sqs_work/sichuan/raw/HLS-VI.S30.T47RQL.2018060T034649.v2.0.NDVI.tif,HLS-VI.S30.T47RQL.2018060T034649.v2.0.NDVI.tif,S30,T47RQL,2018-03-01,2018060,034649,EPSG:32647,699960.0,2990220.0,809760.0,3100020.0,True
/home/ec2-user/ndvi_sqs_work/sichuan/raw/HLS-VI.S30.T47RQM.2018060T034649.v2.0.NDVI.tif,HLS-VI.S30.T47RQM.2018060T034649.v2.0.NDVI.tif,S30,T47RQM,2018-03-01,2018060,034649,EPSG:32647,699960.0,3090240.0,809760.0,3200040.0,True
/home/ec2-user/ndvi_sqs_work/sichuan/raw/HLS-VI.S30.T48RTQ.2018060T034649.v2.0.NDVI.tif,HLS-VI.S30.T48RTQ.2018060T034649.v2.0.NDVI.tif,S30,T48RTQ,2018-03-01,2018060,034649,EPSG:32648,199980.0,2890200.0,309780.0,3000000.0,True
/home/ec2-user/ndvi_sqs_work/sichuan/raw/HLS-VI.S30.T48RTR.2018060T034649.v2.0.NDVI.tif,HLS-VI.S30.T48RTR.2018060T034649.v2.0.NDVI.tif,S30,T48RTR,2018-03-01,2018060,034649,EPSG:32648,199980.0,2990220.0,309780.0,3100020.0,True
/home/ec2-user/ndvi_sqs_work/sichuan/raw/HLS-VI.S30.T48RTS.2018060T034649.v2.0.NDVI.tif,HLS-VI.S30.T48RTS.2018060T034649.v2.0.NDVI.tif,S30,T48RTS,2018-03-01,2018060,034649,EPSG:32648,199980.0,3090240.0,309780.0,3200040.0,True
/home/ec2-user/ndvi_sqs_work/sichuan/raw/HLS-VI.S30.T48RUQ.2018060T034649.v2.0.NDVI.tif,HLS-VI.S30.T48RUQ.2018060T034649.v2.0.NDVI.tif,S30,T48RUQ,2018-03-01,2018060,034649,EPSG:32648,300000.0,2890200.0,409800.0,3000000.0,True
/home/ec2-user/ndvi_sqs_work/sichuan/raw/HLS-VI.S30.T48RUR.2018060T034649.v2.0.NDVI.tif,HLS-VI.S30.T48RUR.2018060T034649.v2.0.NDVI.tif,S30,T48RUR,2018-03-01,2018060,034649,EPSG:32648,300000.0,2990220.0,409800.0,3100020.0,True
/home/ec2-user/ndvi_sqs_work/sichuan/raw/HLS-VI.S30.T48RVU.2018060T034649.v2.0.NDVI.tif,HLS-VI.S30.T48RVU.2018060T034649.v2.0.NDVI.tif,S30,T48RVU,2018-03-01,2018060,034649,EPSG:32648,399960.0,3290220.0,509760.0,3400020.0,True
/home/ec2-user/ndvi_sqs_work/sichuan/raw/HLS-VI.S30.T48STC.2018060T034649.v2.0.NDVI.tif,HLS-VI.S30.T48STC.2018060T034649.v2.0.NDVI.tif,S30,T48STC,2018-03-01,2018060,034649,EPSG:32648,199980.0,3690240.0,309780.0,3800040.0,True
/home/ec2-user/ndvi_sqs_work/sichuan/raw/HLS-VI.S30.T48STD.2018060T034649.v2.0.NDVI.tif,HLS-VI.S30.T48STD.2018060T034649.v2.0.NDVI.tif,S30,T48STD,2018-03-01,2018060,034649,EPSG:32648,199980.0,3790200.0,309780.0,3900000.0,True
/home/ec2-user/ndvi_sqs_work/sichuan/raw/HLS-VI.S30.T48SUD.2018060T034649.v2.0.NDVI.tif,HLS-VI.S30.T48SUD.2018060T034649.v2.0.NDVI.tif,S30,T48SUD,2018-03-01,2018060,034649,EPSG:32648,300000.0,3790200.0,409800.0,3900000.0,True
/home/ec2-user/ndvi_sqs_work/sichuan/raw/HLS-VI.S30.T48SVC.2018060T034649.v2.0.NDVI.tif,HLS-VI.S30.T48SVC.2018060T034649.v2.0.NDVI.tif,S30,T48SVC,2018-03-01,2018060,034649,EPSG:32648,399960.0,3690240.0,509760.0,3800040.0,True
/home/ec2-user/ndvi_sqs_work/sichuan/raw/HLS-VI.S30.T48RTQ.2018062T033641.v2.0.NDVI.tif,HLS-VI.S30.T48RTQ.2018062T033641.v2.0.NDVI.tif,S30,T48RTQ,2018-03-03,2018062,033641,EPSG:32648,199980.0,2890200.0,309780.0,3000000.0,True
/home/ec2-user/ndvi_sqs_work/sichuan/raw/HLS-VI.S30.T48RTR.2018062T033641.v2.0.NDVI.tif,HLS-VI.S30.T48RTR.2018062T033641.v2.0.NDVI.tif,S30,T48RTR,2018-03-03,2018062,033641,EPSG:32648,199980.0,2990220.0,309780.0,3100020.0,True
/home/ec2-user/ndvi_sqs_work/sichuan/raw/HLS-VI.S30.T48RTS.2018062T033641.v2.0.NDVI.tif,HLS-VI.S30.T48RTS.2018062T033641.v2.0.NDVI.tif,S30,T48RTS,2018-03-03,2018062,033641,EPSG:32648,199980.0,3090240.0,309780.0,3200040.0,True
/home/ec2-user/ndvi_sqs_work/sichuan/raw/HLS-VI.S30.T48RUQ.2018062T033641.v2.0.NDVI.tif,HLS-VI.S30.T48RUQ.2018062T033641.v2.0.NDVI.tif,S30,T48RUQ,2018-03-03,2018062,033641,EPSG:32648,300000.0,2890200.0,409800.0,3000000.0,True
/home/ec2-user/ndvi_sqs_work/sichuan/raw/HLS-VI.S30.T48RUR.2018062T033641.v2.0.NDVI.tif,HLS-VI.S30.T48RUR.2018062T033641.v2.0.NDVI.tif,S30,T48RUR,2018-03-03,2018062,033641,EPSG:32648,300000.0,2990220.0,409800.0,3100020.0,True
/home/ec2-user/ndvi_sqs_work/sichuan/raw/HLS-VI.S30.T48RVR.2018062T033641.v2.0.NDVI.tif,HLS-VI.S30.T48RVR.2018062T033641.v2.0.NDVI.tif,S30,T48RVR,2018-03-03,2018062,033641,EPSG:32648,399960.0,2990220.0,509760.0,3100020.0,True
/home/ec2-user/ndvi_sqs_work/sichuan/raw/HLS-VI.S30.T48RWR.2018062T033641.v2.0.NDVI.tif,HLS-VI.S30.T48RWR.2018062T033641.v2.0.NDVI.tif,S30,T48RWR,2018-03-03,2018062,033641,EPSG:32648,499980.0,2990220.0,609780.0,3100020.0,True
/home/ec2-user/ndvi_sqs_work/sichuan/raw/HLS-VI.S30.T48SUA.2018062T033641.v2.0.NDVI.tif,HLS-VI.S30.T48SUA.2018062T033641.v2.0.NDVI.tif,S30,T48SUA,2018-03-03,2018062,033641,EPSG:32648,300000.0,3490200.0,409800.0,3600000.0,True
/home/ec2-user/ndvi_sqs_work/sichuan/raw/HLS-VI.S30.T48RUT.2018067T033559.v2.0.NDVI.tif,HLS-VI.S30.T48RUT.2018067T033559.v2.0.NDVI.tif,S30,T48RUT,2018-03-08,2018067,033559,EPSG:32648,300000.0,3190200.0,409800.0,3300000.0,True
/home/ec2-user/ndvi_sqs_work/sichuan/raw/HLS-VI.S30.T48RUU.2018067T033559.v2.0.NDVI.tif,HLS-VI.S30.T48RUU.2018067T033559.v2.0.NDVI.tif,S30,T48RUU,2018-03-08,2018067,033559,EPSG:32648,300000.0,3290220.0,409800.0,3400020.0,True
/home/ec2-user/ndvi_sqs_work/sichuan/raw/HLS-VI.S30.T48RVS.2018067T033559.v2.0.NDVI.tif,HLS-VI.S30.T48RVS.2018067T033559.v2.0.NDVI.tif,S30,T48RVS,2018-03-08,2018067,033559,EPSG:32648,399960.0,3090240.0,509760.0,3200040.0,True
/home/ec2-user/ndvi_sqs_work/sichuan/raw/HLS-VI.S30.T48RVT.2018067T033559.v2.0.NDVI.tif,HLS-VI.S30.T48RVT.2018067T033559.v2.0.NDVI.tif,S30,T48RVT,2018-03-08,2018067,033559,EPSG:32648,399960.0,3190200.0,509760.0,3300000.0,True
/home/ec2-user/ndvi_sqs_work/sichuan/raw/HLS-VI.S30.T48RVU.2018067T033559.v2.0.NDVI.tif,HLS-VI.S30.T48RVU.2018067T033559.v2.0.NDVI.tif,S30,T48RVU,2018-03-08,2018067,033559,EPSG:32648,399960.0,3290220.0,509760.0,3400020.0,True
/home/ec2-user/ndvi_sqs_work/sichuan/raw/HLS-VI.S30.T48RWS.2018067T033559.v2.0.NDVI.tif,HLS-VI.S30.T48RWS.2018067T033559.v2.0.NDVI.tif,S30,T48RWS,2018-03-08,2018067,033559,EPSG:32648,499980.0,3090240.0,609780.0,3200040.0,True
/home/ec2-user/ndvi_sqs_work/sichuan/raw/HLS-VI.S30.T48RWT.2018067T033559.v2.0.NDVI.tif,HLS-VI.S30.T48RWT.2018067T033559.v2.0.NDVI.tif,S30,T48RWT,2018-03-08,2018067,033559,EPSG:32648,499980.0,3190200.0,609780.0,3300000.0,True
/home/ec2-user/ndvi_sqs_work/sichuan/raw/HLS-VI.S30.T48RWU.2018067T033559.v2.0.NDVI.tif,HLS-VI.S30.T48RWU.2018067T033559.v2.0.NDVI.tif,S30,T48RWU,2018-03-08,2018067,033559,EPSG:32648,499980.0,3290220.0,609780.0,3400020.0,True
/home/ec2-user/ndvi_sqs_work/sichuan/raw/HLS-VI.S30.T48RWV.2018067T033559.v2.0.NDVI.tif,HLS-VI.S30.T48RWV.2018067T033559.v2.0.NDVI.tif,S30,T48RWV,2018-03-08,2018067,033559,EPSG:32648,499980.0,3390240.0,609780.0,3500040.0,True
/home/ec2-user/ndvi_sqs_work/sichuan/raw/HLS-VI.S30.T48RXS.2018067T033559.v2.0.NDVI.tif,HLS-VI.S30.T48RXS.2018067T033559.v2.0.NDVI.tif,S30,T48RXS,2018-03-08,2018067,033559,EPSG:32648,600000.0,3090240.0,709800.0,3200040.0,True
/home/ec2-user/ndvi_sqs_work/sichuan/raw/HLS-VI.S30.T48RXT.2018067T033559.v2.0.NDVI.tif,HLS-VI.S30.T48RXT.2018067T033559.v2.0.NDVI.tif,S30,T48RXT,2018-03-08,2018067,033559,EPSG:32648,600000.0,3190200.0,709800.0,3300000.0,True
/home/ec2-user/ndvi_sqs_work/sichuan/raw/HLS-VI.S30.T48RXU.2018067T033559.v2.0.NDVI.tif,HLS-VI.S30.T48RXU.2018067T033559.v2.0.NDVI.tif,S30,T48RXU,2018-03-08,2018067,033559,EPSG:32648,600000.0,3290220.0,709800.0,3400020.0,True
/home/ec2-user/ndvi_sqs_work/sichuan/raw/HLS-VI.S30.T48RXV.2018067T033559.v2.0.NDVI.tif,HLS-VI.S30.T48RXV.2018067T033559.v2.0.NDVI.tif,S30,T48RXV,2018-03-08,2018067,033559,EPSG:32648,600000.0,3390240.0,709800.0,3500040.0,True
/home/ec2-user/ndvi_sqs_work/sichuan/raw/HLS-VI.S30.T48RWR.2018069T032541.v2.0.NDVI.tif,HLS-VI.S30.T48RWR.2018069T032541.v2.0.NDVI.tif,S30,T48RWR,2018-03-10,2018069,032541,EPSG:32648,499980.0,2990220.0,609780.0,3100020.0,True
/home/ec2-user/ndvi_sqs_work/sichuan/raw/HLS-VI.S30.T47RPL.2018070T034539.v2.0.NDVI.tif,HLS-VI.S30.T47RPL.2018070T034539.v2.0.NDVI.tif,S30,T47RPL,2018-03-11,2018070,034539,EPSG:32647,600000.0,2990220.0,709800.0,3100020.0,True
/home/ec2-user/ndvi_sqs_work/sichuan/raw/HLS-VI.S30.T47RQK.2018070T034539.v2.0.NDVI.tif,HLS-VI.S30.T47RQK.2018070T034539.v2.0.NDVI.tif,S30,T47RQK,2018-03-11,2018070,034539,EPSG:32647,699960.0,2890200.0,809760.0,3000000.0,True
/home/ec2-user/ndvi_sqs_work/sichuan/raw/HLS-VI.S30.T47RQL.2018070T034539.v2.0.NDVI.tif,HLS-VI.S30.T47RQL.2018070T034539.v2.0.NDVI.tif,S30,T47RQL,2018-03-11,2018070,034539,EPSG:32647,699960.0,2990220.0,809760.0,3100020.0,True
/home/ec2-user/ndvi_sqs_work/sichuan/raw/HLS-VI.S30.T48RVT.2018070T034539.v2.0.NDVI.tif,HLS-VI.S30.T48RVT.2018070T034539.v2.0.NDVI.tif,S30,T48RVT,2018-03-11,2018070,034539,EPSG:32648,399960.0,3190200.0,509760.0,3300000.0,True
/home/ec2-user/ndvi_sqs_work/sichuan/raw/HLS-VI.S30.T48RTQ.2018072T033531.v2.0.NDVI.tif,HLS-VI.S30.T48RTQ.2018072T033531.v2.0.NDVI.tif,S30,T48RTQ,2018-03-13,2018072,033531,EPSG:32648,199980.0,2890200.0,309780.0,3000000.0,True
/home/ec2-user/ndvi_sqs_work/sichuan/raw/HLS-VI.S30.T48STB.2018073T035529.v2.0.NDVI.tif,HLS-VI.S30.T48STB.2018073T035529.v2.0.NDVI.tif,S30,T48STB,2018-03-14,2018073,035529,EPSG:32648,199980.0,3590220.0,309780.0,3700020.0,True
/home/ec2-user/ndvi_sqs_work/sichuan/raw/HLS-VI.S30.T48RWR.2018074T032529.v2.0.NDVI.tif,HLS-VI.S30.T48RWR.2018074T032529.v2.0.NDVI.tif,S30,T48RWR,2018-03-15,2018074,032529,EPSG:32648,499980.0,2990220.0,609780.0,3100020.0,True
/home/ec2-user/ndvi_sqs_work/sichuan/raw/HLS-VI.S30.T48RWS.2018074T032529.v2.0.NDVI.tif,HLS-VI.S30.T48RWS.2018074T032529.v2.0.NDVI.tif,S30,T48RWS,2018-03-15,2018074,032529,EPSG:32648,499980.0,3090240.0,609780.0,3200040.0,True
/home/ec2-user/ndvi_sqs_work/sichuan/raw/HLS-VI.S30.T48RWT.2018074T032529.v2.0.NDVI.tif,HLS-VI.S30.T48RWT.2018074T032529.v2.0.NDVI.tif,S30,T48RWT,2018-03-15,2018074,032529,EPSG:32648,499980.0,3190200.0,609780.0,3300000.0,True
/home/ec2-user/ndvi_sqs_work/sichuan/raw/HLS-VI.S30.T48RWU.2018074T032529.v2.0.NDVI.tif,HLS-VI.S30.T48RWU.2018074T032529.v2.0.NDVI.tif,S30,T48RWU,2018-03-15,2018074,032529,EPSG:32648,499980.0,3290220.0,609780.0,3400020.0,True
/home/ec2-user/ndvi_sqs_work/sichuan/raw/HLS-VI.S30.T48RXR.2018074T032529.v2.0.NDVI.tif,HLS-VI.S30.T48RXR.2018074T032529.v2.0.NDVI.tif,S30,T48RXR,2018-03-15,2018074,032529,EPSG:32648,600000.0,2990220.0,709800.0,3100020.0,True
/home/ec2-user/ndvi_sqs_work/sichuan/raw/HLS-VI.S30.T48RXS.2018074T032529.v2.0.NDVI.tif,HLS-VI.S30.T48RXS.2018074T032529.v2.0.NDVI.tif,S30,T48RXS,2018-03-15,2018074,032529,EPSG:32648,600000.0,3090240.0,709800.0,3200040.0,True
/home/ec2-user/ndvi_sqs_work/sichuan/raw/HLS-VI.S30.T48RXU.2018074T032529.v2.0.NDVI.tif,HLS-VI.S30.T48RXU.2018074T032529.v2.0.NDVI.tif,S30,T48RXU,2018-03-15,2018074,032529,EPSG:32648,600000.0,3290220.0,709800.0,3400020.0,True
/home/ec2-user/ndvi_sqs_work/sichuan/raw/HLS-VI.S30.T48RXV.2018074T032529.v2.0.NDVI.tif,HLS-VI.S30.T48RXV.2018074T032529.v2.0.NDVI.tif,S30,T48RXV,2018-03-15,2018074,032529,EPSG:32648,600000.0,3390240.0,709800.0,3500040.0,True
/home/ec2-user/ndvi_sqs_work/sichuan/raw/HLS-VI.S30.T48RYV.2018074T032529.v2.0.NDVI.tif,HLS-VI.S30.T48RYV.2018074T032529.v2.0.NDVI.tif,S30,T48RYV,2018-03-15,2018074,032529,EPSG:32648,699960.0,3390240.0,809760.0,3500040.0,True
/home/ec2-user/ndvi_sqs_work/sichuan/raw/HLS-VI.S30.T48SXB.2018074T032529.v2.0.NDVI.tif,HLS-VI.S30.T48SXB.2018074T032529.v2.0.NDVI.tif,S30,T48SXB,2018-03-15,2018074,032529,EPSG:32648,600000.0,3590220.0,709800.0,3700020.0,True
/home/ec2-user/ndvi_sqs_work/sichuan/raw/HLS-VI.S30.T48SYA.2018074T032529.v2.0.NDVI.tif,HLS-VI.S30.T48SYA.2018074T032529.v2.0.NDVI.tif,S30,T48SYA,2018-03-15,2018074,032529,EPSG:32648,699960.0,3490200.0,809760.0,3600000.0,True
/home/ec2-user/ndvi_sqs_work/sichuan/raw/HLS-VI.S30.T48SYB.2018074T032529.v2.0.NDVI.tif,HLS-VI.S30.T48SYB.2018074T032529.v2.0.NDVI.tif,S30,T48SYB,2018-03-15,2018074,032529,EPSG:32648,699960.0,3590220.0,809760.0,3700020.0,True
/home/ec2-user/ndvi_sqs_work/sichuan/raw/HLS-VI.S30.T49SBR.2018074T032529.v2.0.NDVI.tif,HLS-VI.S30.T49SBR.2018074T032529.v2.0.NDVI.tif,S30,T49SBR,2018-03-15,2018074,032529,EPSG:32649,199980.0,3490200.0,309780.0,3600000.0,True
/home/ec2-user/ndvi_sqs_work/sichuan/raw/HLS-VI.S30.T49SBS.2018074T032529.v2.0.NDVI.tif,HLS-VI.S30.T49SBS.2018074T032529.v2.0.NDVI.tif,S30,T49SBS,2018-03-15,2018074,032529,EPSG:32649,199980.0,3590220.0,309780.0,3700020.0,True
/home/ec2-user/ndvi_sqs_work/sichuan/raw/HLS-VI.S30.T47SQT.2018075T034531.v2.0.NDVI.tif,HLS-VI.S30.T47SQT.2018075T034531.v2.0.NDVI.tif,S30,T47SQT,2018-03-16,2018075,034531,EPSG:32647,699960.0,3690240.0,809760.0,3800040.0,True
/home/ec2-user/ndvi_sqs_work/sichuan/raw/HLS-VI.S30.T48STC.2018075T034531.v2.0.NDVI.tif,HLS-VI.S30.T48STC.2018075T034531.v2.0.NDVI.tif,S30,T48STC,2018-03-16,2018075,034531,EPSG:32648,199980.0,3690240.0,309780.0,3800040.0,True
/home/ec2-user/ndvi_sqs_work/sichuan/raw/HLS-VI.S30.T48STD.2018075T034531.v2.0.NDVI.tif,HLS-VI.S30.T48STD.2018075T034531.v2.0.NDVI.tif,S30,T48STD,2018-03-16,2018075,034531,EPSG:32648,199980.0,3790200.0,309780.0,3900000.0,True
/home/ec2-user/ndvi_sqs_work/sichuan/raw/HLS-VI.S30.T48RTS.2018077T033529.v2.0.NDVI.tif,HLS-VI.S30.T48RTS.2018077T033529.v2.0.NDVI.tif,S30,T48RTS,2018-03-18,2018077,033529,EPSG:32648,199980.0,3090240.0,309780.0,3200040.0,True
/home/ec2-user/ndvi_sqs_work/sichuan/raw/HLS-VI.S30.T48RUQ.2018077T033529.v2.0.NDVI.tif,HLS-VI.S30.T48RUQ.2018077T033529.v2.0.NDVI.tif,S30,T48RUQ,2018-03-18,2018077,033529,EPSG:32648,300000.0,2890200.0,409800.0,3000000.0,True
/home/ec2-user/ndvi_sqs_work/sichuan/raw/HLS-VI.S30.T47RPL.2018078T035531.v2.0.NDVI.tif,HLS-VI.S30.T47RPL.2018078T035531.v2.0.NDVI.tif,S30,T47RPL,2018-03-19,2018078,035531,EPSG:32647,600000.0,2990220.0,709800.0,3100020.0,True
/home/ec2-user/ndvi_sqs_work/sichuan/raw/HLS-VI.S30.T47RQK.2018080T034529.v2.0.NDVI.tif,HLS-VI.S30.T47RQK.2018080T034529.v2.0.NDVI.tif,S30,T47RQK,2018-03-21,2018080,034529,EPSG:32647,699960.0,2890200.0,809760.0,3000000.0,True
/home/ec2-user/ndvi_sqs_work/sichuan/raw/HLS-VI.S30.T47SMS.2018081T040701.v2.0.NDVI.tif,HLS-VI.S30.T47SMS.2018081T040701.v2.0.NDVI.tif,S30,T47SMS,2018-03-22,2018081,040701,EPSG:32647,399960.0,3590220.0,509760.0,3700020.0,True
/home/ec2-user/ndvi_sqs_work/sichuan/raw/HLS-VI.S30.T47SNR.2018081T040701.v2.0.NDVI.tif,HLS-VI.S30.T47SNR.2018081T040701.v2.0.NDVI.tif,S30,T47SNR,2018-03-22,2018081,040701,EPSG:32647,499980.0,3490200.0,609780.0,3600000.0,True
/home/ec2-user/ndvi_sqs_work/sichuan/raw/HLS-VI.S30.T47SNS.2018081T040701.v2.0.NDVI.tif,HLS-VI.S30.T47SNS.2018081T040701.v2.0.NDVI.tif,S30,T47SNS,2018-03-22,2018081,040701,EPSG:32647,499980.0,3590220.0,609780.0,3700020.0,True
/home/ec2-user/ndvi_sqs_work/sichuan/raw/HLS-VI.S30.T48SUA.2018087T033739.v2.0.NDVI.tif,HLS-VI.S30.T48SUA.2018087T033739.v2.0.NDVI.tif,S30,T48SUA,2018-03-28,2018087,033739,EPSG:32648,300000.0,3490200.0,409800.0,3600000.0,True
/home/ec2-user/ndvi_sqs_work/sichuan/raw/HLS-VI.S30.T48SVB.2018087T033739.v2.0.NDVI.tif,HLS-VI.S30.T48SVB.2018087T033739.v2.0.NDVI.tif,S30,T48SVB,2018-03-28,2018087,033739,EPSG:32648,399960.0,3590220.0,509760.0,3700020.0,True
/home/ec2-user/ndvi_sqs_work/sichuan/raw/HLS-VI.S30.T48SVC.2018087T033739.v2.0.NDVI.tif,HLS-VI.S30.T48SVC.2018087T033739.v2.0.NDVI.tif,S30,T48SVC,2018-03-28,2018087,033739,EPSG:32648,399960.0,3690240.0,509760.0,3800040.0,True
/home/ec2-user/ndvi_sqs_work/sichuan/raw/HLS-VI.S30.T48SWB.2018087T033739.v2.0.NDVI.tif,HLS-VI.S30.T48SWB.2018087T033739.v2.0.NDVI.tif,S30,T48SWB,2018-03-28,2018087,033739,EPSG:32648,499980.0,3590220.0,609780.0,3700020.0,True
/home/ec2-user/ndvi_sqs_work/sichuan/raw/HLS-VI.S30.T47RPQ.2018088T035711.v2.0.NDVI.tif,HLS-VI.S30.T47RPQ.2018088T035711.v2.0.NDVI.tif,S30,T47RPQ,2018-03-29,2018088,035711,EPSG:32647,600000.0,3390240.0,709800.0,3500040.0,True
/home/ec2-user/ndvi_sqs_work/sichuan/raw/HLS-VI.S30.T47RQP.2018088T035711.v2.0.NDVI.tif,HLS-VI.S30.T47RQP.2018088T035711.v2.0.NDVI.tif,S30,T47RQP,2018-03-29,2018088,035711,EPSG:32647,699960.0,3290220.0,809760.0,3400020.0,True
/home/ec2-user/ndvi_sqs_work/sichuan/raw/HLS-VI.S30.T47RQQ.2018088T035711.v2.0.NDVI.tif,HLS-VI.S30.T47RQQ.2018088T035711.v2.0.NDVI.tif,S30,T47RQQ,2018-03-29,2018088,035711,EPSG:32647,699960.0,3390240.0,809760.0,3500040.0,True
/home/ec2-user/ndvi_sqs_work/sichuan/raw/HLS-VI.S30.T47SNR.2018088T035711.v2.0.NDVI.tif,HLS-VI.S30.T47SNR.2018088T035711.v2.0.NDVI.tif,S30,T47SNR,2018-03-29,2018088,035711,EPSG:32647,499980.0,3490200.0,609780.0,3600000.0,True
/home/ec2-user/ndvi_sqs_work/sichuan/raw/HLS-VI.S30.T47SNS.2018088T035711.v2.0.NDVI.tif,HLS-VI.S30.T47SNS.2018088T035711.v2.0.NDVI.tif,S30,T47SNS,2018-03-29,2018088,035711,EPSG:32647,499980.0,3590220.0,609780.0,3700020.0,True
/home/ec2-user/ndvi_sqs_work/sichuan/raw/HLS-VI.S30.T47SPR.2018088T035711.v2.0.NDVI.tif,HLS-VI.S30.T47SPR.2018088T035711.v2.0.NDVI.tif,S30,T47SPR,2018-03-29,2018088,035711,EPSG:32647,600000.0,3490200.0,709800.0,3600000.0,True
/home/ec2-user/ndvi_sqs_work/sichuan/raw/HLS-VI.S30.T47SPS.2018088T035711.v2.0.NDVI.tif,HLS-VI.S30.T47SPS.2018088T035711.v2.0.NDVI.tif,S30,T47SPS,2018-03-29,2018088,035711,EPSG:32647,600000.0,3590220.0,709800.0,3700020.0,True
/home/ec2-user/ndvi_sqs_work/sichuan/raw/HLS-VI.S30.T47SQR.2018088T035711.v2.0.NDVI.tif,HLS-VI.S30.T47SQR.2018088T035711.v2.0.NDVI.tif,S30,T47SQR,2018-03-29,2018088,035711,EPSG:32647,699960.0,3490200.0,809760.0,3600000.0,True
/home/ec2-user/ndvi_sqs_work/sichuan/raw/HLS-VI.S30.T47SQS.2018088T035711.v2.0.NDVI.tif,HLS-VI.S30.T47SQS.2018088T035711.v2.0.NDVI.tif,S30,T47SQS,2018-03-29,2018088,035711,EPSG:32647,699960.0,3590220.0,809760.0,3700020.0,True
/home/ec2-user/ndvi_sqs_work/sichuan/raw/HLS-VI.S30.T47SQT.2018088T035711.v2.0.NDVI.tif,HLS-VI.S30.T47SQT.2018088T035711.v2.0.NDVI.tif,S30,T47SQT,2018-03-29,2018088,035711,EPSG:32647,699960.0,3690240.0,809760.0,3800040.0,True
/home/ec2-user/ndvi_sqs_work/sichuan/raw/HLS-VI.S30.T48RTV.2018088T035711.v2.0.NDVI.tif,HLS-VI.S30.T48RTV.2018088T035711.v2.0.NDVI.tif,S30,T48RTV,2018-03-29,2018088,035711,EPSG:32648,199980.0,3390240.0,309780.0,3500040.0,True
/home/ec2-user/ndvi_sqs_work/sichuan/raw/HLS-VI.S30.T48STA.2018088T035711.v2.0.NDVI.tif,HLS-VI.S30.T48STA.2018088T035711.v2.0.NDVI.tif,S30,T48STA,2018-03-29,2018088,035711,EPSG:32648,199980.0,3490200.0,309780.0,3600000.0,True
/home/ec2-user/ndvi_sqs_work/sichuan/raw/HLS-VI.S30.T48STB.2018088T035711.v2.0.NDVI.tif,HLS-VI.S30.T48STB.2018088T035711.v2.0.NDVI.tif,S30,T48STB,2018-03-29,2018088,035711,EPSG:32648,199980.0,3590220.0,309780.0,3700020.0,True
/home/ec2-user/ndvi_sqs_work/sichuan/raw/HLS-VI.S30.T48STC.2018088T035711.v2.0.NDVI.tif,HLS-VI.S30.T48STC.2018088T035711.v2.0.NDVI.tif,S30,T48STC,2018-03-29,2018088,035711,EPSG:32648,199980.0,3690240.0,309780.0,3800040.0,True
/home/ec2-user/ndvi_sqs_work/sichuan/raw/HLS-VI.S30.T48RTQ.2018092T033531.v2.0.NDVI.tif,HLS-VI.S30.T48RTQ.2018092T033531.v2.0.NDVI.tif,S30,T48RTQ,2018-04-02,2018092,033531,EPSG:32648,199980.0,2890200.0,309780.0,3000000.0,True
/home/ec2-user/ndvi_sqs_work/sichuan/raw/HLS-VI.S30.T48RTR.2018092T033531.v2.0.NDVI.tif,HLS-VI.S30.T48RTR.2018092T033531.v2.0.NDVI.tif,S30,T48RTR,2018-04-02,2018092,033531,EPSG:32648,199980.0,2990220.0,309780.0,3100020.0,True
/home/ec2-user/ndvi_sqs_work/sichuan/raw/HLS-VI.S30.T48RTS.2018092T033531.v2.0.NDVI.tif,HLS-VI.S30.T48RTS.2018092T033531.v2.0.NDVI.tif,S30,T48RTS,2018-04-02,2018092,033531,EPSG:32648,199980.0,3090240.0,309780.0,3200040.0,True
/home/ec2-user/ndvi_sqs_work/sichuan/raw/HLS-VI.S30.T48RUR.2018092T033531.v2.0.NDVI.tif,HLS-VI.S30.T48RUR.2018092T033531.v2.0.NDVI.tif,S30,T48RUR,2018-04-02,2018092,033531,EPSG:32648,300000.0,2990220.0,409800.0,3100020.0,True
/home/ec2-user/ndvi_sqs_work/sichuan/raw/HLS-VI.S30.T48RUS.2018092T033531.v2.0.NDVI.tif,HLS-VI.S30.T48RUS.2018092T033531.v2.0.NDVI.tif,S30,T48RUS,2018-04-02,2018092,033531,EPSG:32648,300000.0,3090240.0,409800.0,3200040.0,True
/home/ec2-user/ndvi_sqs_work/sichuan/raw/HLS-VI.S30.T48RUT.2018092T033531.v2.0.NDVI.tif,HLS-VI.S30.T48RUT.2018092T033531.v2.0.NDVI.tif,S30,T48RUT,2018-04-02,2018092,033531,EPSG:32648,300000.0,3190200.0,409800.0,3300000.0,True
/home/ec2-user/ndvi_sqs_work/sichuan/raw/HLS-VI.S30.T48RUU.2018092T033531.v2.0.NDVI.tif,HLS-VI.S30.T48RUU.2018092T033531.v2.0.NDVI.tif,S30,T48RUU,2018-04-02,2018092,033531,EPSG:32648,300000.0,3290220.0,409800.0,3400020.0,True
/home/ec2-user/ndvi_sqs_work/sichuan/raw/HLS-VI.S30.T48RUV.2018092T033531.v2.0.NDVI.tif,HLS-VI.S30.T48RUV.2018092T033531.v2.0.NDVI.tif,S30,T48RUV,2018-04-02,2018092,033531,EPSG:32648,300000.0,3390240.0,409800.0,3500040.0,True
/home/ec2-user/ndvi_sqs_work/sichuan/raw/HLS-VI.S30.T48RVR.2018092T033531.v2.0.NDVI.tif,HLS-VI.S30.T48RVR.2018092T033531.v2.0.NDVI.tif,S30,T48RVR,2018-04-02,2018092,033531,EPSG:32648,399960.0,2990220.0,509760.0,3100020.0,True
/home/ec2-user/ndvi_sqs_work/sichuan/raw/HLS-VI.S30.T48RVS.2018092T033531.v2.0.NDVI.tif,HLS-VI.S30.T48RVS.2018092T033531.v2.0.NDVI.tif,S30,T48RVS,2018-04-02,2018092,033531,EPSG:32648,399960.0,3090240.0,509760.0,3200040.0,True
/home/ec2-user/ndvi_sqs_work/sichuan/raw/HLS-VI.S30.T48RVT.2018092T033531.v2.0.NDVI.tif,HLS-VI.S30.T48RVT.2018092T033531.v2.0.NDVI.tif,S30,T48RVT,2018-04-02,2018092,033531,EPSG:32648,399960.0,3190200.0,509760.0,3300000.0,True
/home/ec2-user/ndvi_sqs_work/sichuan/raw/HLS-VI.S30.T48RVU.2018092T033531.v2.0.NDVI.tif,HLS-VI.S30.T48RVU.2018092T033531.v2.0.NDVI.tif,S30,T48RVU,2018-04-02,2018092,033531,EPSG:32648,399960.0,3290220.0,509760.0,3400020.0,True
/home/ec2-user/ndvi_sqs_work/sichuan/raw/HLS-VI.S30.T48RVV.2018092T033531.v2.0.NDVI.tif,HLS-VI.S30.T48RVV.2018092T033531.v2.0.NDVI.tif,S30,T48RVV,2018-04-02,2018092,033531,EPSG:32648,399960.0,3390240.0,509760.0,3500040.0,True
/home/ec2-user/ndvi_sqs_work/sichuan/raw/HLS-VI.S30.T48RWS.2018092T033531.v2.0.NDVI.tif,HLS-VI.S30.T48RWS.2018092T033531.v2.0.NDVI.tif,S30,T48RWS,2018-04-02,2018092,033531,EPSG:32648,499980.0,3090240.0,609780.0,3200040.0,True
/home/ec2-user/ndvi_sqs_work/sichuan/raw/HLS-VI.S30.T48RWT.2018092T033531.v2.0.NDVI.tif,HLS-VI.S30.T48RWT.2018092T033531.v2.0.NDVI.tif,S30,T48RWT,2018-04-02,2018092,033531,EPSG:32648,499980.0,3190200.0,609780.0,3300000.0,True
/home/ec2-user/ndvi_sqs_work/sichuan/raw/HLS-VI.S30.T48RWU.2018092T033531.v2.0.NDVI.tif,HLS-VI.S30.T48RWU.2018092T033531.v2.0.NDVI.tif,S30,T48RWU,2018-04-02,2018092,033531,EPSG:32648,499980.0,3290220.0,609780.0,3400020.0,True
/home/ec2-user/ndvi_sqs_work/sichuan/raw/HLS-VI.S30.T48RWV.2018092T033531.v2.0.NDVI.tif,HLS-VI.S30.T48RWV.2018092T033531.v2.0.NDVI.tif,S30,T48RWV,2018-04-02,2018092,033531,EPSG:32648,499980.0,3390240.0,609780.0,3500040.0,True
/home/ec2-user/ndvi_sqs_work/sichuan/raw/HLS-VI.S30.T48RXS.2018092T033531.v2.0.NDVI.tif,HLS-VI.S30.T48RXS.2018092T033531.v2.0.NDVI.tif,S30,T48RXS,2018-04-02,2018092,033531,EPSG:32648,600000.0,3090240.0,709800.0,3200040.0,True
/home/ec2-user/ndvi_sqs_work/sichuan/raw/HLS-VI.S30.T48RXT.2018092T033531.v2.0.NDVI.tif,HLS-VI.S30.T48RXT.2018092T033531.v2.0.NDVI.tif,S30,T48RXT,2018-04-02,2018092,033531,EPSG:32648,600000.0,3190200.0,709800.0,3300000.0,True
/home/ec2-user/ndvi_sqs_work/sichuan/raw/HLS-VI.S30.T48RXU.2018092T033531.v2.0.NDVI.tif,HLS-VI.S30.T48RXU.2018092T033531.v2.0.NDVI.tif,S30,T48RXU,2018-04-02,2018092,033531,EPSG:32648,600000.0,3290220.0,709800.0,3400020.0,True
/home/ec2-user/ndvi_sqs_work/sichuan/raw/HLS-VI.S30.T48RXV.2018092T033531.v2.0.NDVI.tif,HLS-VI.S30.T48RXV.2018092T033531.v2.0.NDVI.tif,S30,T48RXV,2018-04-02,2018092,033531,EPSG:32648,600000.0,3390240.0,709800.0,3500040.0,True
/home/ec2-user/ndvi_sqs_work/sichuan/raw/HLS-VI.S30.T48SUA.2018092T033531.v2.0.NDVI.tif,HLS-VI.S30.T48SUA.2018092T033531.v2.0.NDVI.tif,S30,T48SUA,2018-04-02,2018092,033531,EPSG:32648,300000.0,3490200.0,409800.0,3600000.0,True
/home/ec2-user/ndvi_sqs_work/sichuan/raw/HLS-VI.S30.T48SVA.2018092T033531.v2.0.NDVI.tif,HLS-VI.S30.T48SVA.2018092T033531.v2.0.NDVI.tif,S30,T48SVA,2018-04-02,2018092,033531,EPSG:32648,399960.0,3490200.0,509760.0,3600000.0,True
/home/ec2-user/ndvi_sqs_work/sichuan/raw/HLS-VI.S30.T48SVB.2018092T033531.v2.0.NDVI.tif,HLS-VI.S30.T48SVB.2018092T033531.v2.0.NDVI.tif,S30,T48SVB,2018-04-02,2018092,033531,EPSG:32648,399960.0,3590220.0,509760.0,3700020.0,True
/home/ec2-user/ndvi_sqs_work/sichuan/raw/HLS-VI.S30.T48SVC.2018092T033531.v2.0.NDVI.tif,HLS-VI.S30.T48SVC.2018092T033531.v2.0.NDVI.tif,S30,T48SVC,2018-04-02,2018092,033531,EPSG:32648,399960.0,3690240.0,509760.0,3800040.0,True
/home/ec2-user/ndvi_sqs_work/sichuan/raw/HLS-VI.S30.T48SWA.2018092T033531.v2.0.NDVI.tif,HLS-VI.S30.T48SWA.2018092T033531.v2.0.NDVI.tif,S30,T48SWA,2018-04-02,2018092,033531,EPSG:32648,499980.0,3490200.0,609780.0,3600000.0,True
/home/ec2-user/ndvi_sqs_work/sichuan/raw/HLS-VI.S30.T48SWB.2018092T033531.v2.0.NDVI.tif,HLS-VI.S30.T48SWB.2018092T033531.v2.0.NDVI.tif,S30,T48SWB,2018-04-02,2018092,033531,EPSG:32648,499980.0,3590220.0,609780.0,3700020.0,True
/home/ec2-user/ndvi_sqs_work/sichuan/raw/HLS-VI.S30.T48SXB.2018092T033531.v2.0.NDVI.tif,HLS-VI.S30.T48SXB.2018092T033531.v2.0.NDVI.tif,S30,T48SXB,2018-04-02,2018092,033531,EPSG:32648,600000.0,3590220.0,709800.0,3700020.0,True
/home/ec2-user/ndvi_sqs_work/sichuan/raw/HLS-VI.S30.T48SYB.2018092T033531.v2.0.NDVI.tif,HLS-VI.S30.T48SYB.2018092T033531.v2.0.NDVI.tif,S30,T48SYB,2018-04-02,2018092,033531,EPSG:32648,699960.0,3590220.0,809760.0,3700020.0,True
/home/ec2-user/ndvi_sqs_work/sichuan/raw/HLS-VI.S30.T47RNQ.2018093T035539.v2.0.NDVI.tif,HLS-VI.S30.T47RNQ.2018093T035539.v2.0.NDVI.tif,S30,T47RNQ,2018-04-03,2018093,035539,EPSG:32647,499980.0,3390240.0,609780.0,3500040.0,True
/home/ec2-user/ndvi_sqs_work/sichuan/raw/HLS-VI.S30.T47RPQ.2018093T035539.v2.0.NDVI.tif,HLS-VI.S30.T47RPQ.2018093T035539.v2.0.NDVI.tif,S30,T47RPQ,2018-04-03,2018093,035539,EPSG:32647,600000.0,3390240.0,709800.0,3500040.0,True
/home/ec2-user/ndvi_sqs_work/sichuan/raw/HLS-VI.S30.T47RQQ.2018093T035539.v2.0.NDVI.tif,HLS-VI.S30.T47RQQ.2018093T035539.v2.0.NDVI.tif,S30,T47RQQ,2018-04-03,2018093,035539,EPSG:32647,699960.0,3390240.0,809760.0,3500040.0,True
/home/ec2-user/ndvi_sqs_work/sichuan/raw/HLS-VI.S30.T47SNR.2018093T035539.v2.0.NDVI.tif,HLS-VI.S30.T47SNR.2018093T035539.v2.0.NDVI.tif,S30,T47SNR,2018-04-03,2018093,035539,EPSG:32647,499980.0,3490200.0,609780.0,3600000.0,True
/home/ec2-user/ndvi_sqs_work/sichuan/raw/HLS-VI.S30.T47SNS.2018093T035539.v2.0.NDVI.tif,HLS-VI.S30.T47SNS.2018093T035539.v2.0.NDVI.tif,S30,T47SNS,2018-04-03,2018093,035539,EPSG:32647,499980.0,3590220.0,609780.0,3700020.0,True
/home/ec2-user/ndvi_sqs_work/sichuan/raw/HLS-VI.S30.T47SPR.2018093T035539.v2.0.NDVI.tif,HLS-VI.S30.T47SPR.2018093T035539.v2.0.NDVI.tif,S30,T47SPR,2018-04-03,2018093,035539,EPSG:32647,600000.0,3490200.0,709800.0,3600000.0,True
/home/ec2-user/ndvi_sqs_work/sichuan/raw/HLS-VI.S30.T47SPS.2018093T035539.v2.0.NDVI.tif,HLS-VI.S30.T47SPS.2018093T035539.v2.0.NDVI.tif,S30,T47SPS,2018-04-03,2018093,035539,EPSG:32647,600000.0,3590220.0,709800.0,3700020.0,True
/home/ec2-user/ndvi_sqs_work/sichuan/raw/HLS-VI.S30.T47SQR.2018093T035539.v2.0.NDVI.tif,HLS-VI.S30.T47SQR.2018093T035539.v2.0.NDVI.tif,S30,T47SQR,2018-04-03,2018093,035539,EPSG:32647,699960.0,3490200.0,809760.0,3600000.0,True
/home/ec2-user/ndvi_sqs_work/sichuan/raw/HLS-VI.S30.T47SQS.2018093T035539.v2.0.NDVI.tif,HLS-VI.S30.T47SQS.2018093T035539.v2.0.NDVI.tif,S30,T47SQS,2018-04-03,2018093,035539,EPSG:32647,699960.0,3590220.0,809760.0,3700020.0,True
/home/ec2-user/ndvi_sqs_work/sichuan/raw/HLS-VI.S30.T47SQT.2018093T035539.v2.0.NDVI.tif,HLS-VI.S30.T47SQT.2018093T035539.v2.0.NDVI.tif,S30,T47SQT,2018-04-03,2018093,035539,EPSG:32647,699960.0,3690240.0,809760.0,3800040.0,True
/home/ec2-user/ndvi_sqs_work/sichuan/raw/HLS-VI.S30.T48RTV.2018093T035539.v2.0.NDVI.tif,HLS-VI.S30.T48RTV.2018093T035539.v2.0.NDVI.tif,S30,T48RTV,2018-04-03,2018093,035539,EPSG:32648,199980.0,3390240.0,309780.0,3500040.0,True
/home/ec2-user/ndvi_sqs_work/sichuan/raw/HLS-VI.S30.T48STA.2018093T035539.v2.0.NDVI.tif,HLS-VI.S30.T48STA.2018093T035539.v2.0.NDVI.tif,S30,T48STA,2018-04-03,2018093,035539,EPSG:32648,199980.0,3490200.0,309780.0,3600000.0,True
/home/ec2-user/ndvi_sqs_work/sichuan/raw/HLS-VI.S30.T48STB.2018093T035539.v2.0.NDVI.tif,HLS-VI.S30.T48STB.2018093T035539.v2.0.NDVI.tif,S30,T48STB,2018-04-03,2018093,035539,EPSG:32648,199980.0,3590220.0,309780.0,3700020.0,True
/home/ec2-user/ndvi_sqs_work/sichuan/raw/HLS-VI.S30.T48STC.2018093T035539.v2.0.NDVI.tif,HLS-VI.S30.T48STC.2018093T035539.v2.0.NDVI.tif,S30,T48STC,2018-04-03,2018093,035539,EPSG:32648,199980.0,3690240.0,309780.0,3800040.0,True
/home/ec2-user/ndvi_sqs_work/sichuan/raw/HLS-VI.S30.T48STD.2018093T035539.v2.0.NDVI.tif,HLS-VI.S30.T48STD.2018093T035539.v2.0.NDVI.tif,S30,T48STD,2018-04-03,2018093,035539,EPSG:32648,199980.0,3790200.0,309780.0,3900000.0,True
/home/ec2-user/ndvi_sqs_work/sichuan/raw/HLS-VI.S30.T48RWU.2018094T032539.v2.0.NDVI.tif,HLS-VI.S30.T48RWU.2018094T032539.v2.0.NDVI.tif,S30,T48RWU,2018-04-04,2018094,032539,EPSG:32648,499980.0,3290220.0,609780.0,3400020.0,True
/home/ec2-user/ndvi_sqs_work/sichuan/raw/HLS-VI.S30.T48RXV.2018094T032539.v2.0.NDVI.tif,HLS-VI.S30.T48RXV.2018094T032539.v2.0.NDVI.tif,S30,T48RXV,2018-04-04,2018094,032539,EPSG:32648,600000.0,3390240.0,709800.0,3500040.0,True
/home/ec2-user/ndvi_sqs_work/sichuan/raw/HLS-VI.S30.T48RYU.2018094T032539.v2.0.NDVI.tif,HLS-VI.S30.T48RYU.2018094T032539.v2.0.NDVI.tif,S30,T48RYU,2018-04-04,2018094,032539,EPSG:32648,699960.0,3290220.0,809760.0,3400020.0,True
/home/ec2-user/ndvi_sqs_work/sichuan/raw/HLS-VI.S30.T48RYV.2018094T032539.v2.0.NDVI.tif,HLS-VI.S30.T48RYV.2018094T032539.v2.0.NDVI.tif,S30,T48RYV,2018-04-04,2018094,032539,EPSG:32648,699960.0,3390240.0,809760.0,3500040.0,True
/home/ec2-user/ndvi_sqs_work/sichuan/raw/HLS-VI.S30.T48SYA.2018094T032539.v2.0.NDVI.tif,HLS-VI.S30.T48SYA.2018094T032539.v2.0.NDVI.tif,S30,T48SYA,2018-04-04,2018094,032539,EPSG:32648,699960.0,3490200.0,809760.0,3600000.0,True
/home/ec2-user/ndvi_sqs_work/sichuan/raw/HLS-VI.S30.T49RBQ.2018094T032539.v2.0.NDVI.tif,HLS-VI.S30.T49RBQ.2018094T032539.v2.0.NDVI.tif,S30,T49RBQ,2018-04-04,2018094,032539,EPSG:32649,199980.0,3390240.0,309780.0,3500040.0,True
/home/ec2-user/ndvi_sqs_work/sichuan/raw/HLS-VI.S30.T47RPL.2018095T034531.v2.0.NDVI.tif,HLS-VI.S30.T47RPL.2018095T034531.v2.0.NDVI.tif,S30,T47RPL,2018-04-05,2018095,034531,EPSG:32647,600000.0,2990220.0,709800.0,3100020.0,True
/home/ec2-user/ndvi_sqs_work/sichuan/raw/HLS-VI.S30.T47RQK.2018095T034531.v2.0.NDVI.tif,HLS-VI.S30.T47RQK.2018095T034531.v2.0.NDVI.tif,S30,T47RQK,2018-04-05,2018095,034531,EPSG:32647,699960.0,2890200.0,809760.0,3000000.0,True
/home/ec2-user/ndvi_sqs_work/sichuan/raw/HLS-VI.S30.T48RWU.2018097T033529.v2.0.NDVI.tif,HLS-VI.S30.T48RWU.2018097T033529.v2.0.NDVI.tif,S30,T48RWU,2018-04-07,2018097,033529,EPSG:32648,499980.0,3290220.0,609780.0,3400020.0,True
/home/ec2-user/ndvi_sqs_work/sichuan/raw/HLS-VI.S30.T48RWV.2018097T033529.v2.0.NDVI.tif,HLS-VI.S30.T48RWV.2018097T033529.v2.0.NDVI.tif,S30,T48RWV,2018-04-07,2018097,033529,EPSG:32648,499980.0,3390240.0,609780.0,3500040.0,True
/home/ec2-user/ndvi_sqs_work/sichuan/raw/HLS-VI.S30.T48RXU.2018097T033529.v2.0.NDVI.tif,HLS-VI.S30.T48RXU.2018097T033529.v2.0.NDVI.tif,S30,T48RXU,2018-04-07,2018097,033529,EPSG:32648,600000.0,3290220.0,709800.0,3400020.0,True
/home/ec2-user/ndvi_sqs_work/sichuan/raw/HLS-VI.S30.T48RXV.2018097T033529.v2.0.NDVI.tif,HLS-VI.S30.T48RXV.2018097T033529.v2.0.NDVI.tif,S30,T48RXV,2018-04-07,2018097,033529,EPSG:32648,600000.0,3390240.0,709800.0,3500040.0,True
/home/ec2-user/ndvi_sqs_work/sichuan/raw/HLS-VI.S30.T48SVC.2018097T033529.v2.0.NDVI.tif,HLS-VI.S30.T48SVC.2018097T033529.v2.0.NDVI.tif,S30,T48SVC,2018-04-07,2018097,033529,EPSG:32648,399960.0,3690240.0,509760.0,3800040.0,True
/home/ec2-user/ndvi_sqs_work/sichuan/raw/HLS-VI.S30.T48SWA.2018097T033529.v2.0.NDVI.tif,HLS-VI.S30.T48SWA.2018097T033529.v2.0.NDVI.tif,S30,T48SWA,2018-04-07,2018097,033529,EPSG:32648,499980.0,3490200.0,609780.0,3600000.0,True
/home/ec2-user/ndvi_sqs_work/sichuan/raw/HLS-VI.S30.T48SWB.2018097T033529.v2.0.NDVI.tif,HLS-VI.S30.T48SWB.2018097T033529.v2.0.NDVI.tif,S30,T48SWB,2018-04-07,2018097,033529,EPSG:32648,499980.0,3590220.0,609780.0,3700020.0,True
/home/ec2-user/ndvi_sqs_work/sichuan/raw/HLS-VI.S30.T48SXA.2018097T033529.v2.0.NDVI.tif,HLS-VI.S30.T48SXA.2018097T033529.v2.0.NDVI.tif,S30,T48SXA,2018-04-07,2018097,033529,EPSG:32648,600000.0,3490200.0,709800.0,3600000.0,True
/home/ec2-user/ndvi_sqs_work/sichuan/raw/HLS-VI.S30.T48SXB.2018097T033529.v2.0.NDVI.tif,HLS-VI.S30.T48SXB.2018097T033529.v2.0.NDVI.tif,S30,T48SXB,2018-04-07,2018097,033529,EPSG:32648,600000.0,3590220.0,709800.0,3700020.0,True
/home/ec2-user/ndvi_sqs_work/sichuan/raw/HLS-VI.S30.T48SYA.2018097T033529.v2.0.NDVI.tif,HLS-VI.S30.T48SYA.2018097T033529.v2.0.NDVI.tif,S30,T48SYA,2018-04-07,2018097,033529,EPSG:32648,699960.0,3490200.0,809760.0,3600000.0,True
/home/ec2-user/ndvi_sqs_work/sichuan/raw/HLS-VI.S30.T48SYB.2018097T033529.v2.0.NDVI.tif,HLS-VI.S30.T48SYB.2018097T033529.v2.0.NDVI.tif,S30,T48SYB,2018-04-07,2018097,033529,EPSG:32648,699960.0,3590220.0,809760.0,3700020.0,True
/home/ec2-user/ndvi_sqs_work/sichuan/raw/HLS-VI.S30.T48RWR.2018099T032541.v2.0.NDVI.tif,HLS-VI.S30.T48RWR.2018099T032541.v2.0.NDVI.tif,S30,T48RWR,2018-04-09,2018099,032541,EPSG:32648,499980.0,2990220.0,609780.0,3100020.0,True
/home/ec2-user/ndvi_sqs_work/sichuan/raw/HLS-VI.S30.T48RWS.2018099T032541.v2.0.NDVI.tif,HLS-VI.S30.T48RWS.2018099T032541.v2.0.NDVI.tif,S30,T48RWS,2018-04-09,2018099,032541,EPSG:32648,499980.0,3090240.0,609780.0,3200040.0,True
/home/ec2-user/ndvi_sqs_work/sichuan/raw/HLS-VI.S30.T48RWT.2018099T032541.v2.0.NDVI.tif,HLS-VI.S30.T48RWT.2018099T032541.v2.0.NDVI.tif,S30,T48RWT,2018-04-09,2018099,032541,EPSG:32648,499980.0,3190200.0,609780.0,3300000.0,True
/home/ec2-user/ndvi_sqs_work/sichuan/raw/HLS-VI.S30.T48RWU.2018099T032541.v2.0.NDVI.tif,HLS-VI.S30.T48RWU.2018099T032541.v2.0.NDVI.tif,S30,T48RWU,2018-04-09,2018099,032541,EPSG:32648,499980.0,3290220.0,609780.0,3400020.0,True
/home/ec2-user/ndvi_sqs_work/sichuan/raw/HLS-VI.S30.T48RXR.2018099T032541.v2.0.NDVI.tif,HLS-VI.S30.T48RXR.2018099T032541.v2.0.NDVI.tif,S30,T48RXR,2018-04-09,2018099,032541,EPSG:32648,600000.0,2990220.0,709800.0,3100020.0,True
/home/ec2-user/ndvi_sqs_work/sichuan/raw/HLS-VI.S30.T48RXS.2018099T032541.v2.0.NDVI.tif,HLS-VI.S30.T48RXS.2018099T032541.v2.0.NDVI.tif,S30,T48RXS,2018-04-09,2018099,032541,EPSG:32648,600000.0,3090240.0,709800.0,3200040.0,True
/home/ec2-user/ndvi_sqs_work/sichuan/raw/HLS-VI.S30.T48RXT.2018099T032541.v2.0.NDVI.tif,HLS-VI.S30.T48RXT.2018099T032541.v2.0.NDVI.tif,S30,T48RXT,2018-04-09,2018099,032541,EPSG:32648,600000.0,3190200.0,709800.0,3300000.0,True
/home/ec2-user/ndvi_sqs_work/sichuan/raw/HLS-VI.S30.T48RXU.2018099T032541.v2.0.NDVI.tif,HLS-VI.S30.T48RXU.2018099T032541.v2.0.NDVI.tif,S30,T48RXU,2018-04-09,2018099,032541,EPSG:32648,600000.0,3290220.0,709800.0,3400020.0,True
/home/ec2-user/ndvi_sqs_work/sichuan/raw/HLS-VI.S30.T48RXV.2018099T032541.v2.0.NDVI.tif,HLS-VI.S30.T48RXV.2018099T032541.v2.0.NDVI.tif,S30,T48RXV,2018-04-09,2018099,032541,EPSG:32648,600000.0,3390240.0,709800.0,3500040.0,True
/home/ec2-user/ndvi_sqs_work/sichuan/raw/HLS-VI.S30.T48RYU.2018099T032541.v2.0.NDVI.tif,HLS-VI.S30.T48RYU.2018099T032541.v2.0.NDVI.tif,S30,T48RYU,2018-04-09,2018099,032541,EPSG:32648,699960.0,3290220.0,809760.0,3400020.0,True
/home/ec2-user/ndvi_sqs_work/sichuan/raw/HLS-VI.S30.T48RYV.2018099T032541.v2.0.NDVI.tif,HLS-VI.S30.T48RYV.2018099T032541.v2.0.NDVI.tif,S30,T48RYV,2018-04-09,2018099,032541,EPSG:32648,699960.0,3390240.0,809760.0,3500040.0,True
/home/ec2-user/ndvi_sqs_work/sichuan/raw/HLS-VI.S30.T48SXA.2018099T032541.v2.0.NDVI.tif,HLS-VI.S30.T48SXA.2018099T032541.v2.0.NDVI.tif,S30,T48SXA,2018-04-09,2018099,032541,EPSG:32648,600000.0,3490200.0,709800.0,3600000.0,True
/home/ec2-user/ndvi_sqs_work/sichuan/raw/HLS-VI.S30.T48SXB.2018099T032541.v2.0.NDVI.tif,HLS-VI.S30.T48SXB.2018099T032541.v2.0.NDVI.tif,S30,T48SXB,2018-04-09,2018099,032541,EPSG:32648,600000.0,3590220.0,709800.0,3700020.0,True
/home/ec2-user/ndvi_sqs_work/sichuan/raw/HLS-VI.S30.T48SYA.2018099T032541.v2.0.NDVI.tif,HLS-VI.S30.T48SYA.2018099T032541.v2.0.NDVI.tif,S30,T48SYA,2018-04-09,2018099,032541,EPSG:32648,699960.0,3490200.0,809760.0,3600000.0,True
/home/ec2-user/ndvi_sqs_work/sichuan/raw/HLS-VI.S30.T48SYB.2018099T032541.v2.0.NDVI.tif,HLS-VI.S30.T48SYB.2018099T032541.v2.0.NDVI.tif,S30,T48SYB,2018-04-09,2018099,032541,EPSG:32648,699960.0,3590220.0,809760.0,3700020.0,True
/home/ec2-user/ndvi_sqs_work/sichuan/raw/HLS-VI.S30.T49RBQ.2018099T032541.v2.0.NDVI.tif,HLS-VI.S30.T49RBQ.2018099T032541.v2.0.NDVI.tif,S30,T49RBQ,2018-04-09,2018099,032541,EPSG:32649,199980.0,3390240.0,309780.0,3500040.0,True
/home/ec2-user/ndvi_sqs_work/sichuan/raw/HLS-VI.S30.T49SBR.2018099T032541.v2.0.NDVI.tif,HLS-VI.S30.T49SBR.2018099T032541.v2.0.NDVI.tif,S30,T49SBR,2018-04-09,2018099,032541,EPSG:32649,199980.0,3490200.0,309780.0,3600000.0,True
/home/ec2-user/ndvi_sqs_work/sichuan/raw/HLS-VI.S30.T49SBS.2018099T032541.v2.0.NDVI.tif,HLS-VI.S30.T49SBS.2018099T032541.v2.0.NDVI.tif,S30,T49SBS,2018-04-09,2018099,032541,EPSG:32649,199980.0,3590220.0,309780.0,3700020.0,True
/home/ec2-user/ndvi_sqs_work/sichuan/raw/HLS-VI.S30.T47RPL.2018100T034529.v2.0.NDVI.tif,HLS-VI.S30.T47RPL.2018100T034529.v2.0.NDVI.tif,S30,T47RPL,2018-04-10,2018100,034529,EPSG:32647,600000.0,2990220.0,709800.0,3100020.0,True
/home/ec2-user/ndvi_sqs_work/sichuan/raw/HLS-VI.S30.T47RQK.2018100T034529.v2.0.NDVI.tif,HLS-VI.S30.T47RQK.2018100T034529.v2.0.NDVI.tif,S30,T47RQK,2018-04-10,2018100,034529,EPSG:32647,699960.0,2890200.0,809760.0,3000000.0,True
/home/ec2-user/ndvi_sqs_work/sichuan/raw/HLS-VI.S30.T47RQL.2018100T034529.v2.0.NDVI.tif,HLS-VI.S30.T47RQL.2018100T034529.v2.0.NDVI.tif,S30,T47RQL,2018-04-10,2018100,034529,EPSG:32647,699960.0,2990220.0,809760.0,3100020.0,True
/home/ec2-user/ndvi_sqs_work/sichuan/raw/HLS-VI.S30.T47RQQ.2018100T034529.v2.0.NDVI.tif,HLS-VI.S30.T47RQQ.2018100T034529.v2.0.NDVI.tif,S30,T47RQQ,2018-04-10,2018100,034529,EPSG:32647,699960.0,3390240.0,809760.0,3500040.0,True
/home/ec2-user/ndvi_sqs_work/sichuan/raw/HLS-VI.S30.T47SQR.2018100T034529.v2.0.NDVI.tif,HLS-VI.S30.T47SQR.2018100T034529.v2.0.NDVI.tif,S30,T47SQR,2018-04-10,2018100,034529,EPSG:32647,699960.0,3490200.0,809760.0,3600000.0,True
/home/ec2-user/ndvi_sqs_work/sichuan/raw/HLS-VI.S30.T47SQS.2018100T034529.v2.0.NDVI.tif,HLS-VI.S30.T47SQS.2018100T034529.v2.0.NDVI.tif,S30,T47SQS,2018-04-10,2018100,034529,EPSG:32647,699960.0,3590220.0,809760.0,3700020.0,True
/home/ec2-user/ndvi_sqs_work/sichuan/raw/HLS-VI.S30.T47SQT.2018100T034529.v2.0.NDVI.tif,HLS-VI.S30.T47SQT.2018100T034529.v2.0.NDVI.tif,S30,T47SQT,2018-04-10,2018100,034529,EPSG:32647,699960.0,3690240.0,809760.0,3800040.0,True
/home/ec2-user/ndvi_sqs_work/sichuan/raw/HLS-VI.S30.T48RTV.2018100T034529.v2.0.NDVI.tif,HLS-VI.S30.T48RTV.2018100T034529.v2.0.NDVI.tif,S30,T48RTV,2018-04-10,2018100,034529,EPSG:32648,199980.0,3390240.0,309780.0,3500040.0,True
/home/ec2-user/ndvi_sqs_work/sichuan/raw/HLS-VI.S30.T48RUQ.2018100T034529.v2.0.NDVI.tif,HLS-VI.S30.T48RUQ.2018100T034529.v2.0.NDVI.tif,S30,T48RUQ,2018-04-10,2018100,034529,EPSG:32648,300000.0,2890200.0,409800.0,3000000.0,True
/home/ec2-user/ndvi_sqs_work/sichuan/raw/HLS-VI.S30.T48STA.2018100T034529.v2.0.NDVI.tif,HLS-VI.S30.T48STA.2018100T034529.v2.0.NDVI.tif,S30,T48STA,2018-04-10,2018100,034529,EPSG:32648,199980.0,3490200.0,309780.0,3600000.0,True
/home/ec2-user/ndvi_sqs_work/sichuan/raw/HLS-VI.S30.T48STB.2018100T034529.v2.0.NDVI.tif,HLS-VI.S30.T48STB.2018100T034529.v2.0.NDVI.tif,S30,T48STB,2018-04-10,2018100,034529,EPSG:32648,199980.0,3590220.0,309780.0,3700020.0,True
/home/ec2-user/ndvi_sqs_work/sichuan/raw/HLS-VI.S30.T48STC.2018100T034529.v2.0.NDVI.tif,HLS-VI.S30.T48STC.2018100T034529.v2.0.NDVI.tif,S30,T48STC,2018-04-10,2018100,034529,EPSG:32648,199980.0,3690240.0,309780.0,3800040.0,True
/home/ec2-user/ndvi_sqs_work/sichuan/raw/HLS-VI.S30.T48RTR.2018102T033541.v2.0.NDVI.tif,HLS-VI.S30.T48RTR.2018102T033541.v2.0.NDVI.tif,S30,T48RTR,2018-04-12,2018102,033541,EPSG:32648,199980.0,2990220.0,309780.0,3100020.0,True
/home/ec2-user/ndvi_sqs_work/sichuan/raw/HLS-VI.S30.T48RTS.2018102T033541.v2.0.NDVI.tif,HLS-VI.S30.T48RTS.2018102T033541.v2.0.NDVI.tif,S30,T48RTS,2018-04-12,2018102,033541,EPSG:32648,199980.0,3090240.0,309780.0,3200040.0,True
/home/ec2-user/ndvi_sqs_work/sichuan/raw/HLS-VI.S30.T48RUQ.2018102T033541.v2.0.NDVI.tif,HLS-VI.S30.T48RUQ.2018102T033541.v2.0.NDVI.tif,S30,T48RUQ,2018-04-12,2018102,033541,EPSG:32648,300000.0,2890200.0,409800.0,3000000.0,True
/home/ec2-user/ndvi_sqs_work/sichuan/raw/HLS-VI.S30.T47SQT.2018105T034541.v2.0.NDVI.tif,HLS-VI.S30.T47SQT.2018105T034541.v2.0.NDVI.tif,S30,T47SQT,2018-04-15,2018105,034541,EPSG:32647,699960.0,3690240.0,809760.0,3800040.0,True
/home/ec2-user/ndvi_sqs_work/sichuan/raw/HLS-VI.S30.T48SVC.2018105T034541.v2.0.NDVI.tif,HLS-VI.S30.T48SVC.2018105T034541.v2.0.NDVI.tif,S30,T48SVC,2018-04-15,2018105,034541,EPSG:32648,399960.0,3690240.0,509760.0,3800040.0,True
/home/ec2-user/ndvi_sqs_work/sichuan/raw/HLS-VI.S30.T48RTR.2018107T033539.v2.0.NDVI.tif,HLS-VI.S30.T48RTR.2018107T033539.v2.0.NDVI.tif,S30,T48RTR,2018-04-17,2018107,033539,EPSG:32648,199980.0,2990220.0,309780.0,3100020.0,True
/home/ec2-user/ndvi_sqs_work/sichuan/raw/HLS-VI.S30.T48RTS.2018107T033539.v2.0.NDVI.tif,HLS-VI.S30.T48RTS.2018107T033539.v2.0.NDVI.tif,S30,T48RTS,2018-04-17,2018107,033539,EPSG:32648,199980.0,3090240.0,309780.0,3200040.0,True
/home/ec2-user/ndvi_sqs_work/sichuan/raw/HLS-VI.S30.T48RUR.2018107T033539.v2.0.NDVI.tif,HLS-VI.S30.T48RUR.2018107T033539.v2.0.NDVI.tif,S30,T48RUR,2018-04-17,2018107,033539,EPSG:32648,300000.0,2990220.0,409800.0,3100020.0,True
/home/ec2-user/ndvi_sqs_work/sichuan/raw/HLS-VI.S30.T48RUS.2018107T033539.v2.0.NDVI.tif,HLS-VI.S30.T48RUS.2018107T033539.v2.0.NDVI.tif,S30,T48RUS,2018-04-17,2018107,033539,EPSG:32648,300000.0,3090240.0,409800.0,3200040.0,True
/home/ec2-user/ndvi_sqs_work/sichuan/raw/HLS-VI.S30.T48RUU.2018107T033539.v2.0.NDVI.tif,HLS-VI.S30.T48RUU.2018107T033539.v2.0.NDVI.tif,S30,T48RUU,2018-04-17,2018107,033539,EPSG:32648,300000.0,3290220.0,409800.0,3400020.0,True
/home/ec2-user/ndvi_sqs_work/sichuan/raw/HLS-VI.S30.T48RVR.2018107T033539.v2.0.NDVI.tif,HLS-VI.S30.T48RVR.2018107T033539.v2.0.NDVI.tif,S30,T48RVR,2018-04-17,2018107,033539,EPSG:32648,399960.0,2990220.0,509760.0,3100020.0,True
/home/ec2-user/ndvi_sqs_work/sichuan/raw/HLS-VI.S30.T48RVS.2018107T033539.v2.0.NDVI.tif,HLS-VI.S30.T48RVS.2018107T033539.v2.0.NDVI.tif,S30,T48RVS,2018-04-17,2018107,033539,EPSG:32648,399960.0,3090240.0,509760.0,3200040.0,True
/home/ec2-user/ndvi_sqs_work/sichuan/raw/HLS-VI.S30.T48RVT.2018107T033539.v2.0.NDVI.tif,HLS-VI.S30.T48RVT.2018107T033539.v2.0.NDVI.tif,S30,T48RVT,2018-04-17,2018107,033539,EPSG:32648,399960.0,3190200.0,509760.0,3300000.0,True
/home/ec2-user/ndvi_sqs_work/sichuan/raw/HLS-VI.S30.T48RVU.2018107T033539.v2.0.NDVI.tif,HLS-VI.S30.T48RVU.2018107T033539.v2.0.NDVI.tif,S30,T48RVU,2018-04-17,2018107,033539,EPSG:32648,399960.0,3290220.0,509760.0,3400020.0,True
/home/ec2-user/ndvi_sqs_work/sichuan/raw/HLS-VI.S30.T48RWR.2018107T033539.v2.0.NDVI.tif,HLS-VI.S30.T48RWR.2018107T033539.v2.0.NDVI.tif,S30,T48RWR,2018-04-17,2018107,033539,EPSG:32648,499980.0,2990220.0,609780.0,3100020.0,True
/home/ec2-user/ndvi_sqs_work/sichuan/raw/HLS-VI.S30.T48RWS.2018107T033539.v2.0.NDVI.tif,HLS-VI.S30.T48RWS.2018107T033539.v2.0.NDVI.tif,S30,T48RWS,2018-04-17,2018107,033539,EPSG:32648,499980.0,3090240.0,609780.0,3200040.0,True
/home/ec2-user/ndvi_sqs_work/sichuan/raw/HLS-VI.S30.T48RWT.2018107T033539.v2.0.NDVI.tif,HLS-VI.S30.T48RWT.2018107T033539.v2.0.NDVI.tif,S30,T48RWT,2018-04-17,2018107,033539,EPSG:32648,499980.0,3190200.0,609780.0,3300000.0,True
/home/ec2-user/ndvi_sqs_work/sichuan/raw/HLS-VI.S30.T48RWU.2018107T033539.v2.0.NDVI.tif,HLS-VI.S30.T48RWU.2018107T033539.v2.0.NDVI.tif,S30,T48RWU,2018-04-17,2018107,033539,EPSG:32648,499980.0,3290220.0,609780.0,3400020.0,True
/home/ec2-user/ndvi_sqs_work/sichuan/raw/HLS-VI.S30.T48RWV.2018107T033539.v2.0.NDVI.tif,HLS-VI.S30.T48RWV.2018107T033539.v2.0.NDVI.tif,S30,T48RWV,2018-04-17,2018107,033539,EPSG:32648,499980.0,3390240.0,609780.0,3500040.0,True
/home/ec2-user/ndvi_sqs_work/sichuan/raw/HLS-VI.S30.T48RXS.2018107T033539.v2.0.NDVI.tif,HLS-VI.S30.T48RXS.2018107T033539.v2.0.NDVI.tif,S30,T48RXS,2018-04-17,2018107,033539,EPSG:32648,600000.0,3090240.0,709800.0,3200040.0,True
/home/ec2-user/ndvi_sqs_work/sichuan/raw/HLS-VI.S30.T48RXT.2018107T033539.v2.0.NDVI.tif,HLS-VI.S30.T48RXT.2018107T033539.v2.0.NDVI.tif,S30,T48RXT,2018-04-17,2018107,033539,EPSG:32648,600000.0,3190200.0,709800.0,3300000.0,True
/home/ec2-user/ndvi_sqs_work/sichuan/raw/HLS-VI.S30.T48RXU.2018107T033539.v2.0.NDVI.tif,HLS-VI.S30.T48RXU.2018107T033539.v2.0.NDVI.tif,S30,T48RXU,2018-04-17,2018107,033539,EPSG:32648,600000.0,3290220.0,709800.0,3400020.0,True
/home/ec2-user/ndvi_sqs_work/sichuan/raw/HLS-VI.S30.T48RXV.2018107T033539.v2.0.NDVI.tif,HLS-VI.S30.T48RXV.2018107T033539.v2.0.NDVI.tif,S30,T48RXV,2018-04-17,2018107,033539,EPSG:32648,600000.0,3390240.0,709800.0,3500040.0,True
/home/ec2-user/ndvi_sqs_work/sichuan/raw/HLS-VI.S30.T48SXA.2018107T033539.v2.0.NDVI.tif,HLS-VI.S30.T48SXA.2018107T033539.v2.0.NDVI.tif,S30,T48SXA,2018-04-17,2018107,033539,EPSG:32648,600000.0,3490200.0,709800.0,3600000.0,True
/home/ec2-user/ndvi_sqs_work/sichuan/raw/HLS-VI.S30.T48SYA.2018107T033539.v2.0.NDVI.tif,HLS-VI.S30.T48SYA.2018107T033539.v2.0.NDVI.tif,S30,T48SYA,2018-04-17,2018107,033539,EPSG:32648,699960.0,3490200.0,809760.0,3600000.0,True
/home/ec2-user/ndvi_sqs_work/sichuan/raw/HLS-VI.S30.T48SYB.2018107T033539.v2.0.NDVI.tif,HLS-VI.S30.T48SYB.2018107T033539.v2.0.NDVI.tif,S30,T48SYB,2018-04-17,2018107,033539,EPSG:32648,699960.0,3590220.0,809760.0,3700020.0,True
/home/ec2-user/ndvi_sqs_work/sichuan/raw/HLS-VI.S30.T47SQT.2018108T035541.v2.0.NDVI.tif,HLS-VI.S30.T47SQT.2018108T035541.v2.0.NDVI.tif,S30,T47SQT,2018-04-18,2018108,035541,EPSG:32647,699960.0,3690240.0,809760.0,3800040.0,True
/home/ec2-user/ndvi_sqs_work/sichuan/raw/HLS-VI.S30.T48STC.2018108T035541.v2.0.NDVI.tif,HLS-VI.S30.T48STC.2018108T035541.v2.0.NDVI.tif,S30,T48STC,2018-04-18,2018108,035541,EPSG:32648,199980.0,3690240.0,309780.0,3800040.0,True
/home/ec2-user/ndvi_sqs_work/sichuan/raw/HLS-VI.S30.T48RXV.2018109T032541.v2.0.NDVI.tif,HLS-VI.S30.T48RXV.2018109T032541.v2.0.NDVI.tif,S30,T48RXV,2018-04-19,2018109,032541,EPSG:32648,600000.0,3390240.0,709800.0,3500040.0,True
/home/ec2-user/ndvi_sqs_work/sichuan/raw/HLS-VI.S30.T48RYV.2018109T032541.v2.0.NDVI.tif,HLS-VI.S30.T48RYV.2018109T032541.v2.0.NDVI.tif,S30,T48RYV,2018-04-19,2018109,032541,EPSG:32648,699960.0,3390240.0,809760.0,3500040.0,True
/home/ec2-user/ndvi_sqs_work/sichuan/raw/HLS-VI.S30.T48SXA.2018109T032541.v2.0.NDVI.tif,HLS-VI.S30.T48SXA.2018109T032541.v2.0.NDVI.tif,S30,T48SXA,2018-04-19,2018109,032541,EPSG:32648,600000.0,3490200.0,709800.0,3600000.0,True
/home/ec2-user/ndvi_sqs_work/sichuan/raw/HLS-VI.S30.T48SYA.2018109T032541.v2.0.NDVI.tif,HLS-VI.S30.T48SYA.2018109T032541.v2.0.NDVI.tif,S30,T48SYA,2018-04-19,2018109,032541,EPSG:32648,699960.0,3490200.0,809760.0,3600000.0,True
/home/ec2-user/ndvi_sqs_work/sichuan/raw/HLS-VI.S30.T48SYB.2018109T032541.v2.0.NDVI.tif,HLS-VI.S30.T48SYB.2018109T032541.v2.0.NDVI.tif,S30,T48SYB,2018-04-19,2018109,032541,EPSG:32648,699960.0,3590220.0,809760.0,3700020.0,True
/home/ec2-user/ndvi_sqs_work/sichuan/raw/HLS-VI.S30.T49RBQ.2018109T032541.v2.0.NDVI.tif,HLS-VI.S30.T49RBQ.2018109T032541.v2.0.NDVI.tif,S30,T49RBQ,2018-04-19,2018109,032541,EPSG:32649,199980.0,3390240.0,309780.0,3500040.0,True
/home/ec2-user/ndvi_sqs_work/sichuan/raw/HLS-VI.S30.T49SBR.2018109T032541.v2.0.NDVI.tif,HLS-VI.S30.T49SBR.2018109T032541.v2.0.NDVI.tif,S30,T49SBR,2018-04-19,2018109,032541,EPSG:32649,199980.0,3490200.0,309780.0,3600000.0,True
/home/ec2-user/ndvi_sqs_work/sichuan/raw/HLS-VI.S30.T49SBS.2018109T032541.v2.0.NDVI.tif,HLS-VI.S30.T49SBS.2018109T032541.v2.0.NDVI.tif,S30,T49SBS,2018-04-19,2018109,032541,EPSG:32649,199980.0,3590220.0,309780.0,3700020.0,True
/home/ec2-user/ndvi_sqs_work/sichuan/raw/HLS-VI.S30.T47RPL.2018110T034539.v2.0.NDVI.tif,HLS-VI.S30.T47RPL.2018110T034539.v2.0.NDVI.tif,S30,T47RPL,2018-04-20,2018110,034539,EPSG:32647,600000.0,2990220.0,709800.0,3100020.0,True
/home/ec2-user/ndvi_sqs_work/sichuan/raw/HLS-VI.S30.T47RPM.2018110T034539.v2.0.NDVI.tif,HLS-VI.S30.T47RPM.2018110T034539.v2.0.NDVI.tif,S30,T47RPM,2018-04-20,2018110,034539,EPSG:32647,600000.0,3090240.0,709800.0,3200040.0,True
/home/ec2-user/ndvi_sqs_work/sichuan/raw/HLS-VI.S30.T47SQS.2018110T034539.v2.0.NDVI.tif,HLS-VI.S30.T47SQS.2018110T034539.v2.0.NDVI.tif,S30,T47SQS,2018-04-20,2018110,034539,EPSG:32647,699960.0,3590220.0,809760.0,3700020.0,True
/home/ec2-user/ndvi_sqs_work/sichuan/raw/HLS-VI.S30.T47SQT.2018110T034539.v2.0.NDVI.tif,HLS-VI.S30.T47SQT.2018110T034539.v2.0.NDVI.tif,S30,T47SQT,2018-04-20,2018110,034539,EPSG:32647,699960.0,3690240.0,809760.0,3800040.0,True
/home/ec2-user/ndvi_sqs_work/sichuan/raw/HLS-VI.S30.T48RUQ.2018110T034539.v2.0.NDVI.tif,HLS-VI.S30.T48RUQ.2018110T034539.v2.0.NDVI.tif,S30,T48RUQ,2018-04-20,2018110,034539,EPSG:32648,300000.0,2890200.0,409800.0,3000000.0,True
/home/ec2-user/ndvi_sqs_work/sichuan/raw/HLS-VI.S30.T48RTQ.2018112T033541.v2.0.NDVI.tif,HLS-VI.S30.T48RTQ.2018112T033541.v2.0.NDVI.tif,S30,T48RTQ,2018-04-22,2018112,033541,EPSG:32648,199980.0,2890200.0,309780.0,3000000.0,True
/home/ec2-user/ndvi_sqs_work/sichuan/raw/HLS-VI.S30.T47RQK.2018115T034711.v2.0.NDVI.tif,HLS-VI.S30.T47RQK.2018115T034711.v2.0.NDVI.tif,S30,T47RQK,2018-04-25,2018115,034711,EPSG:32647,699960.0,2890200.0,809760.0,3000000.0,True
/home/ec2-user/ndvi_sqs_work/sichuan/raw/HLS-VI.S30.T48RWU.2018119T032541.v2.0.NDVI.tif,HLS-VI.S30.T48RWU.2018119T032541.v2.0.NDVI.tif,S30,T48RWU,2018-04-29,2018119,032541,EPSG:32648,499980.0,3290220.0,609780.0,3400020.0,True
/home/ec2-user/ndvi_sqs_work/sichuan/raw/HLS-VI.S30.T48RXU.2018119T032541.v2.0.NDVI.tif,HLS-VI.S30.T48RXU.2018119T032541.v2.0.NDVI.tif,S30,T48RXU,2018-04-29,2018119,032541,EPSG:32648,600000.0,3290220.0,709800.0,3400020.0,True
/home/ec2-user/ndvi_sqs_work/sichuan/raw/HLS-VI.S30.T48RXV.2018119T032541.v2.0.NDVI.tif,HLS-VI.S30.T48RXV.2018119T032541.v2.0.NDVI.tif,S30,T48RXV,2018-04-29,2018119,032541,EPSG:32648,600000.0,3390240.0,709800.0,3500040.0,True
/home/ec2-user/ndvi_sqs_work/sichuan/raw/HLS-VI.S30.T48RYV.2018119T032541.v2.0.NDVI.tif,HLS-VI.S30.T48RYV.2018119T032541.v2.0.NDVI.tif,S30,T48RYV,2018-04-29,2018119,032541,EPSG:32648,699960.0,3390240.0,809760.0,3500040.0,True
/home/ec2-user/ndvi_sqs_work/sichuan/raw/HLS-VI.S30.T48SXA.2018119T032541.v2.0.NDVI.tif,HLS-VI.S30.T48SXA.2018119T032541.v2.0.NDVI.tif,S30,T48SXA,2018-04-29,2018119,032541,EPSG:32648,600000.0,3490200.0,709800.0,3600000.0,True
/home/ec2-user/ndvi_sqs_work/sichuan/raw/HLS-VI.S30.T48SXB.2018119T032541.v2.0.NDVI.tif,HLS-VI.S30.T48SXB.2018119T032541.v2.0.NDVI.tif,S30,T48SXB,2018-04-29,2018119,032541,EPSG:32648,600000.0,3590220.0,709800.0,3700020.0,True
/home/ec2-user/ndvi_sqs_work/sichuan/raw/HLS-VI.S30.T48SYA.2018119T032541.v2.0.NDVI.tif,HLS-VI.S30.T48SYA.2018119T032541.v2.0.NDVI.tif,S30,T48SYA,2018-04-29,2018119,032541,EPSG:32648,699960.0,3490200.0,809760.0,3600000.0,True
/home/ec2-user/ndvi_sqs_work/sichuan/raw/HLS-VI.S30.T49RBQ.2018119T032541.v2.0.NDVI.tif,HLS-VI.S30.T49RBQ.2018119T032541.v2.0.NDVI.tif,S30,T49RBQ,2018-04-29,2018119,032541,EPSG:32649,199980.0,3390240.0,309780.0,3500040.0,True
/home/ec2-user/ndvi_sqs_work/sichuan/raw/HLS-VI.S30.T48SVC.2018122T033541.v2.0.NDVI.tif,HLS-VI.S30.T48SVC.2018122T033541.v2.0.NDVI.tif,S30,T48SVC,2018-05-02,2018122,033541,EPSG:32648,399960.0,3690240.0,509760.0,3800040.0,True
/home/ec2-user/ndvi_sqs_work/sichuan/raw/HLS-VI.S30.T48SWB.2018122T033541.v2.0.NDVI.tif,HLS-VI.S30.T48SWB.2018122T033541.v2.0.NDVI.tif,S30,T48SWB,2018-05-02,2018122,033541,EPSG:32648,499980.0,3590220.0,609780.0,3700020.0,True
/home/ec2-user/ndvi_sqs_work/sichuan/raw/HLS-VI.S30.T48SXB.2018122T033541.v2.0.NDVI.tif,HLS-VI.S30.T48SXB.2018122T033541.v2.0.NDVI.tif,S30,T48SXB,2018-05-02,2018122,033541,EPSG:32648,600000.0,3590220.0,709800.0,3700020.0,True
/home/ec2-user/ndvi_sqs_work/sichuan/raw/HLS-VI.S30.T48RTS.2018127T033539.v2.0.NDVI.tif,HLS-VI.S30.T48RTS.2018127T033539.v2.0.NDVI.tif,S30,T48RTS,2018-05-07,2018127,033539,EPSG:32648,199980.0,3090240.0,309780.0,3200040.0,True
/home/ec2-user/ndvi_sqs_work/sichuan/raw/HLS-VI.S30.T48RUU.2018127T033539.v2.0.NDVI.tif,HLS-VI.S30.T48RUU.2018127T033539.v2.0.NDVI.tif,S30,T48RUU,2018-05-07,2018127,033539,EPSG:32648,300000.0,3290220.0,409800.0,3400020.0,True
/home/ec2-user/ndvi_sqs_work/sichuan/raw/HLS-VI.S30.T48RVT.2018127T033539.v2.0.NDVI.tif,HLS-VI.S30.T48RVT.2018127T033539.v2.0.NDVI.tif,S30,T48RVT,2018-05-07,2018127,033539,EPSG:32648,399960.0,3190200.0,509760.0,3300000.0,True
/home/ec2-user/ndvi_sqs_work/sichuan/raw/HLS-VI.S30.T48RWV.2018127T033539.v2.0.NDVI.tif,HLS-VI.S30.T48RWV.2018127T033539.v2.0.NDVI.tif,S30,T48RWV,2018-05-07,2018127,033539,EPSG:32648,499980.0,3390240.0,609780.0,3500040.0,True
/home/ec2-user/ndvi_sqs_work/sichuan/raw/HLS-VI.S30.T48RXU.2018127T033539.v2.0.NDVI.tif,HLS-VI.S30.T48RXU.2018127T033539.v2.0.NDVI.tif,S30,T48RXU,2018-05-07,2018127,033539,EPSG:32648,600000.0,3290220.0,709800.0,3400020.0,True
/home/ec2-user/ndvi_sqs_work/sichuan/raw/HLS-VI.S30.T48RXV.2018127T033539.v2.0.NDVI.tif,HLS-VI.S30.T48RXV.2018127T033539.v2.0.NDVI.tif,S30,T48RXV,2018-05-07,2018127,033539,EPSG:32648,600000.0,3390240.0,709800.0,3500040.0,True
/home/ec2-user/ndvi_sqs_work/sichuan/raw/HLS-VI.S30.T48SVB.2018127T033539.v2.0.NDVI.tif,HLS-VI.S30.T48SVB.2018127T033539.v2.0.NDVI.tif,S30,T48SVB,2018-05-07,2018127,033539,EPSG:32648,399960.0,3590220.0,509760.0,3700020.0,True
/home/ec2-user/ndvi_sqs_work/sichuan/raw/HLS-VI.S30.T48SVC.2018127T033539.v2.0.NDVI.tif,HLS-VI.S30.T48SVC.2018127T033539.v2.0.NDVI.tif,S30,T48SVC,2018-05-07,2018127,033539,EPSG:32648,399960.0,3690240.0,509760.0,3800040.0,True
/home/ec2-user/ndvi_sqs_work/sichuan/raw/HLS-VI.S30.T48SYA.2018127T033539.v2.0.NDVI.tif,HLS-VI.S30.T48SYA.2018127T033539.v2.0.NDVI.tif,S30,T48SYA,2018-05-07,2018127,033539,EPSG:32648,699960.0,3490200.0,809760.0,3600000.0,True
/home/ec2-user/ndvi_sqs_work/sichuan/raw/HLS-VI.S30.T47RPL.2018130T034539.v2.0.NDVI.tif,HLS-VI.S30.T47RPL.2018130T034539.v2.0.NDVI.tif,S30,T47RPL,2018-05-10,2018130,034539,EPSG:32647,600000.0,2990220.0,709800.0,3100020.0,True
/home/ec2-user/ndvi_sqs_work/sichuan/raw/HLS-VI.S30.T47RPM.2018130T034539.v2.0.NDVI.tif,HLS-VI.S30.T47RPM.2018130T034539.v2.0.NDVI.tif,S30,T47RPM,2018-05-10,2018130,034539,EPSG:32647,600000.0,3090240.0,709800.0,3200040.0,True
/home/ec2-user/ndvi_sqs_work/sichuan/raw/HLS-VI.S30.T47RQK.2018130T034539.v2.0.NDVI.tif,HLS-VI.S30.T47RQK.2018130T034539.v2.0.NDVI.tif,S30,T47RQK,2018-05-10,2018130,034539,EPSG:32647,699960.0,2890200.0,809760.0,3000000.0,True
/home/ec2-user/ndvi_sqs_work/sichuan/raw/HLS-VI.S30.T47RQL.2018130T034539.v2.0.NDVI.tif,HLS-VI.S30.T47RQL.2018130T034539.v2.0.NDVI.tif,S30,T47RQL,2018-05-10,2018130,034539,EPSG:32647,699960.0,2990220.0,809760.0,3100020.0,True
/home/ec2-user/ndvi_sqs_work/sichuan/raw/HLS-VI.S30.T48RUQ.2018130T034539.v2.0.NDVI.tif,HLS-VI.S30.T48RUQ.2018130T034539.v2.0.NDVI.tif,S30,T48RUQ,2018-05-10,2018130,034539,EPSG:32648,300000.0,2890200.0,409800.0,3000000.0,True
/home/ec2-user/ndvi_sqs_work/sichuan/raw/HLS-VI.S30.T48SWB.2018132T033541.v2.0.NDVI.tif,HLS-VI.S30.T48SWB.2018132T033541.v2.0.NDVI.tif,S30,T48SWB,2018-05-12,2018132,033541,EPSG:32648,499980.0,3590220.0,609780.0,3700020.0,True
/home/ec2-user/ndvi_sqs_work/sichuan/raw/HLS-VI.S30.T48SXB.2018132T033541.v2.0.NDVI.tif,HLS-VI.S30.T48SXB.2018132T033541.v2.0.NDVI.tif,S30,T48SXB,2018-05-12,2018132,033541,EPSG:32648,600000.0,3590220.0,709800.0,3700020.0,True
/home/ec2-user/ndvi_sqs_work/sichuan/raw/HLS-VI.S30.T48SYB.2018132T033541.v2.0.NDVI.tif,HLS-VI.S30.T48SYB.2018132T033541.v2.0.NDVI.tif,S30,T48SYB,2018-05-12,2018132,033541,EPSG:32648,699960.0,3590220.0,809760.0,3700020.0,True
/home/ec2-user/ndvi_sqs_work/sichuan/raw/HLS-VI.S30.T47SPS.2018133T035539.v2.0.NDVI.tif,HLS-VI.S30.T47SPS.2018133T035539.v2.0.NDVI.tif,S30,T47SPS,2018-05-13,2018133,035539,EPSG:32647,600000.0,3590220.0,709800.0,3700020.0,True
/home/ec2-user/ndvi_sqs_work/sichuan/raw/HLS-VI.S30.T47SQS.2018133T035539.v2.0.NDVI.tif,HLS-VI.S30.T47SQS.2018133T035539.v2.0.NDVI.tif,S30,T47SQS,2018-05-13,2018133,035539,EPSG:32647,699960.0,3590220.0,809760.0,3700020.0,True
/home/ec2-user/ndvi_sqs_work/sichuan/raw/HLS-VI.S30.T47SQT.2018133T035539.v2.0.NDVI.tif,HLS-VI.S30.T47SQT.2018133T035539.v2.0.NDVI.tif,S30,T47SQT,2018-05-13,2018133,035539,EPSG:32647,699960.0,3690240.0,809760.0,3800040.0,True
/home/ec2-user/ndvi_sqs_work/sichuan/raw/HLS-VI.S30.T48STB.2018133T035539.v2.0.NDVI.tif,HLS-VI.S30.T48STB.2018133T035539.v2.0.NDVI.tif,S30,T48STB,2018-05-13,2018133,035539,EPSG:32648,199980.0,3590220.0,309780.0,3700020.0,True
/home/ec2-user/ndvi_sqs_work/sichuan/raw/HLS-VI.S30.T48STC.2018133T035539.v2.0.NDVI.tif,HLS-VI.S30.T48STC.2018133T035539.v2.0.NDVI.tif,S30,T48STC,2018-05-13,2018133,035539,EPSG:32648,199980.0,3690240.0,309780.0,3800040.0,True
/home/ec2-user/ndvi_sqs_work/sichuan/raw/HLS-VI.S30.T48STD.2018133T035539.v2.0.NDVI.tif,HLS-VI.S30.T48STD.2018133T035539.v2.0.NDVI.tif,S30,T48STD,2018-05-13,2018133,035539,EPSG:32648,199980.0,3790200.0,309780.0,3900000.0,True
/home/ec2-user/ndvi_sqs_work/sichuan/raw/HLS-VI.S30.T47RPL.2018135T034541.v2.0.NDVI.tif,HLS-VI.S30.T47RPL.2018135T034541.v2.0.NDVI.tif,S30,T47RPL,2018-05-15,2018135,034541,EPSG:32647,600000.0,2990220.0,709800.0,3100020.0,True
/home/ec2-user/ndvi_sqs_work/sichuan/raw/HLS-VI.S30.T47RPM.2018135T034541.v2.0.NDVI.tif,HLS-VI.S30.T47RPM.2018135T034541.v2.0.NDVI.tif,S30,T47RPM,2018-05-15,2018135,034541,EPSG:32647,600000.0,3090240.0,709800.0,3200040.0,True
/home/ec2-user/ndvi_sqs_work/sichuan/raw/HLS-VI.S30.T47RPP.2018135T034541.v2.0.NDVI.tif,HLS-VI.S30.T47RPP.2018135T034541.v2.0.NDVI.tif,S30,T47RPP,2018-05-15,2018135,034541,EPSG:32647,600000.0,3290220.0,709800.0,3400020.0,True
/home/ec2-user/ndvi_sqs_work/sichuan/raw/HLS-VI.S30.T47RQK.2018135T034541.v2.0.NDVI.tif,HLS-VI.S30.T47RQK.2018135T034541.v2.0.NDVI.tif,S30,T47RQK,2018-05-15,2018135,034541,EPSG:32647,699960.0,2890200.0,809760.0,3000000.0,True
/home/ec2-user/ndvi_sqs_work/sichuan/raw/HLS-VI.S30.T47RQL.2018135T034541.v2.0.NDVI.tif,HLS-VI.S30.T47RQL.2018135T034541.v2.0.NDVI.tif,S30,T47RQL,2018-05-15,2018135,034541,EPSG:32647,699960.0,2990220.0,809760.0,3100020.0,True
/home/ec2-user/ndvi_sqs_work/sichuan/raw/HLS-VI.S30.T47RQM.2018135T034541.v2.0.NDVI.tif,HLS-VI.S30.T47RQM.2018135T034541.v2.0.NDVI.tif,S30,T47RQM,2018-05-15,2018135,034541,EPSG:32647,699960.0,3090240.0,809760.0,3200040.0,True
/home/ec2-user/ndvi_sqs_work/sichuan/raw/HLS-VI.S30.T47RQP.2018135T034541.v2.0.NDVI.tif,HLS-VI.S30.T47RQP.2018135T034541.v2.0.NDVI.tif,S30,T47RQP,2018-05-15,2018135,034541,EPSG:32647,699960.0,3290220.0,809760.0,3400020.0,True
/home/ec2-user/ndvi_sqs_work/sichuan/raw/HLS-VI.S30.T47RQQ.2018135T034541.v2.0.NDVI.tif,HLS-VI.S30.T47RQQ.2018135T034541.v2.0.NDVI.tif,S30,T47RQQ,2018-05-15,2018135,034541,EPSG:32647,699960.0,3390240.0,809760.0,3500040.0,True
/home/ec2-user/ndvi_sqs_work/sichuan/raw/HLS-VI.S30.T47SQR.2018135T034541.v2.0.NDVI.tif,HLS-VI.S30.T47SQR.2018135T034541.v2.0.NDVI.tif,S30,T47SQR,2018-05-15,2018135,034541,EPSG:32647,699960.0,3490200.0,809760.0,3600000.0,True
/home/ec2-user/ndvi_sqs_work/sichuan/raw/HLS-VI.S30.T47SQS.2018135T034541.v2.0.NDVI.tif,HLS-VI.S30.T47SQS.2018135T034541.v2.0.NDVI.tif,S30,T47SQS,2018-05-15,2018135,034541,EPSG:32647,699960.0,3590220.0,809760.0,3700020.0,True
/home/ec2-user/ndvi_sqs_work/sichuan/raw/HLS-VI.S30.T47SQT.2018135T034541.v2.0.NDVI.tif,HLS-VI.S30.T47SQT.2018135T034541.v2.0.NDVI.tif,S30,T47SQT,2018-05-15,2018135,034541,EPSG:32647,699960.0,3690240.0,809760.0,3800040.0,True
/home/ec2-user/ndvi_sqs_work/sichuan/raw/HLS-VI.S30.T48RTQ.2018135T034541.v2.0.NDVI.tif,HLS-VI.S30.T48RTQ.2018135T034541.v2.0.NDVI.tif,S30,T48RTQ,2018-05-15,2018135,034541,EPSG:32648,199980.0,2890200.0,309780.0,3000000.0,True
/home/ec2-user/ndvi_sqs_work/sichuan/raw/HLS-VI.S30.T48RTR.2018135T034541.v2.0.NDVI.tif,HLS-VI.S30.T48RTR.2018135T034541.v2.0.NDVI.tif,S30,T48RTR,2018-05-15,2018135,034541,EPSG:32648,199980.0,2990220.0,309780.0,3100020.0,True
/home/ec2-user/ndvi_sqs_work/sichuan/raw/HLS-VI.S30.T48RTS.2018135T034541.v2.0.NDVI.tif,HLS-VI.S30.T48RTS.2018135T034541.v2.0.NDVI.tif,S30,T48RTS,2018-05-15,2018135,034541,EPSG:32648,199980.0,3090240.0,309780.0,3200040.0,True
/home/ec2-user/ndvi_sqs_work/sichuan/raw/HLS-VI.S30.T48RTT.2018135T034541.v2.0.NDVI.tif,HLS-VI.S30.T48RTT.2018135T034541.v2.0.NDVI.tif,S30,T48RTT,2018-05-15,2018135,034541,EPSG:32648,199980.0,3190200.0,309780.0,3300000.0,True
/home/ec2-user/ndvi_sqs_work/sichuan/raw/HLS-VI.S30.T48RTU.2018135T034541.v2.0.NDVI.tif,HLS-VI.S30.T48RTU.2018135T034541.v2.0.NDVI.tif,S30,T48RTU,2018-05-15,2018135,034541,EPSG:32648,199980.0,3290220.0,309780.0,3400020.0,True
/home/ec2-user/ndvi_sqs_work/sichuan/raw/HLS-VI.S30.T48RTV.2018135T034541.v2.0.NDVI.tif,HLS-VI.S30.T48RTV.2018135T034541.v2.0.NDVI.tif,S30,T48RTV,2018-05-15,2018135,034541,EPSG:32648,199980.0,3390240.0,309780.0,3500040.0,True
/home/ec2-user/ndvi_sqs_work/sichuan/raw/HLS-VI.S30.T48RUQ.2018135T034541.v2.0.NDVI.tif,HLS-VI.S30.T48RUQ.2018135T034541.v2.0.NDVI.tif,S30,T48RUQ,2018-05-15,2018135,034541,EPSG:32648,300000.0,2890200.0,409800.0,3000000.0,True
/home/ec2-user/ndvi_sqs_work/sichuan/raw/HLS-VI.S30.T48RUR.2018135T034541.v2.0.NDVI.tif,HLS-VI.S30.T48RUR.2018135T034541.v2.0.NDVI.tif,S30,T48RUR,2018-05-15,2018135,034541,EPSG:32648,300000.0,2990220.0,409800.0,3100020.0,True
/home/ec2-user/ndvi_sqs_work/sichuan/raw/HLS-VI.S30.T48RUS.2018135T034541.v2.0.NDVI.tif,HLS-VI.S30.T48RUS.2018135T034541.v2.0.NDVI.tif,S30,T48RUS,2018-05-15,2018135,034541,EPSG:32648,300000.0,3090240.0,409800.0,3200040.0,True
/home/ec2-user/ndvi_sqs_work/sichuan/raw/HLS-VI.S30.T48RUT.2018135T034541.v2.0.NDVI.tif,HLS-VI.S30.T48RUT.2018135T034541.v2.0.NDVI.tif,S30,T48RUT,2018-05-15,2018135,034541,EPSG:32648,300000.0,3190200.0,409800.0,3300000.0,True
/home/ec2-user/ndvi_sqs_work/sichuan/raw/HLS-VI.S30.T48RUU.2018135T034541.v2.0.NDVI.tif,HLS-VI.S30.T48RUU.2018135T034541.v2.0.NDVI.tif,S30,T48RUU,2018-05-15,2018135,034541,EPSG:32648,300000.0,3290220.0,409800.0,3400020.0,True
/home/ec2-user/ndvi_sqs_work/sichuan/raw/HLS-VI.S30.T48RUV.2018135T034541.v2.0.NDVI.tif,HLS-VI.S30.T48RUV.2018135T034541.v2.0.NDVI.tif,S30,T48RUV,2018-05-15,2018135,034541,EPSG:32648,300000.0,3390240.0,409800.0,3500040.0,True
/home/ec2-user/ndvi_sqs_work/sichuan/raw/HLS-VI.S30.T48RVT.2018135T034541.v2.0.NDVI.tif,HLS-VI.S30.T48RVT.2018135T034541.v2.0.NDVI.tif,S30,T48RVT,2018-05-15,2018135,034541,EPSG:32648,399960.0,3190200.0,509760.0,3300000.0,True
/home/ec2-user/ndvi_sqs_work/sichuan/raw/HLS-VI.S30.T48RVU.2018135T034541.v2.0.NDVI.tif,HLS-VI.S30.T48RVU.2018135T034541.v2.0.NDVI.tif,S30,T48RVU,2018-05-15,2018135,034541,EPSG:32648,399960.0,3290220.0,509760.0,3400020.0,True
/home/ec2-user/ndvi_sqs_work/sichuan/raw/HLS-VI.S30.T48RVV.2018135T034541.v2.0.NDVI.tif,HLS-VI.S30.T48RVV.2018135T034541.v2.0.NDVI.tif,S30,T48RVV,2018-05-15,2018135,034541,EPSG:32648,399960.0,3390240.0,509760.0,3500040.0,True
/home/ec2-user/ndvi_sqs_work/sichuan/raw/HLS-VI.S30.T48STA.2018135T034541.v2.0.NDVI.tif,HLS-VI.S30.T48STA.2018135T034541.v2.0.NDVI.tif,S30,T48STA,2018-05-15,2018135,034541,EPSG:32648,199980.0,3490200.0,309780.0,3600000.0,True
/home/ec2-user/ndvi_sqs_work/sichuan/raw/HLS-VI.S30.T48STB.2018135T034541.v2.0.NDVI.tif,HLS-VI.S30.T48STB.2018135T034541.v2.0.NDVI.tif,S30,T48STB,2018-05-15,2018135,034541,EPSG:32648,199980.0,3590220.0,309780.0,3700020.0,True
/home/ec2-user/ndvi_sqs_work/sichuan/raw/HLS-VI.S30.T48STC.2018135T034541.v2.0.NDVI.tif,HLS-VI.S30.T48STC.2018135T034541.v2.0.NDVI.tif,S30,T48STC,2018-05-15,2018135,034541,EPSG:32648,199980.0,3690240.0,309780.0,3800040.0,True
/home/ec2-user/ndvi_sqs_work/sichuan/raw/HLS-VI.S30.T48STD.2018135T034541.v2.0.NDVI.tif,HLS-VI.S30.T48STD.2018135T034541.v2.0.NDVI.tif,S30,T48STD,2018-05-15,2018135,034541,EPSG:32648,199980.0,3790200.0,309780.0,3900000.0,True
/home/ec2-user/ndvi_sqs_work/sichuan/raw/HLS-VI.S30.T48SUA.2018135T034541.v2.0.NDVI.tif,HLS-VI.S30.T48SUA.2018135T034541.v2.0.NDVI.tif,S30,T48SUA,2018-05-15,2018135,034541,EPSG:32648,300000.0,3490200.0,409800.0,3600000.0,True
/home/ec2-user/ndvi_sqs_work/sichuan/raw/HLS-VI.S30.T48SUB.2018135T034541.v2.0.NDVI.tif,HLS-VI.S30.T48SUB.2018135T034541.v2.0.NDVI.tif,S30,T48SUB,2018-05-15,2018135,034541,EPSG:32648,300000.0,3590220.0,409800.0,3700020.0,True
/home/ec2-user/ndvi_sqs_work/sichuan/raw/HLS-VI.S30.T48SUC.2018135T034541.v2.0.NDVI.tif,HLS-VI.S30.T48SUC.2018135T034541.v2.0.NDVI.tif,S30,T48SUC,2018-05-15,2018135,034541,EPSG:32648,300000.0,3690240.0,409800.0,3800040.0,True
/home/ec2-user/ndvi_sqs_work/sichuan/raw/HLS-VI.S30.T48SUD.2018135T034541.v2.0.NDVI.tif,HLS-VI.S30.T48SUD.2018135T034541.v2.0.NDVI.tif,S30,T48SUD,2018-05-15,2018135,034541,EPSG:32648,300000.0,3790200.0,409800.0,3900000.0,True
/home/ec2-user/ndvi_sqs_work/sichuan/raw/HLS-VI.S30.T48SVA.2018135T034541.v2.0.NDVI.tif,HLS-VI.S30.T48SVA.2018135T034541.v2.0.NDVI.tif,S30,T48SVA,2018-05-15,2018135,034541,EPSG:32648,399960.0,3490200.0,509760.0,3600000.0,True
/home/ec2-user/ndvi_sqs_work/sichuan/raw/HLS-VI.S30.T48SVB.2018135T034541.v2.0.NDVI.tif,HLS-VI.S30.T48SVB.2018135T034541.v2.0.NDVI.tif,S30,T48SVB,2018-05-15,2018135,034541,EPSG:32648,399960.0,3590220.0,509760.0,3700020.0,True
/home/ec2-user/ndvi_sqs_work/sichuan/raw/HLS-VI.S30.T48SVC.2018135T034541.v2.0.NDVI.tif,HLS-VI.S30.T48SVC.2018135T034541.v2.0.NDVI.tif,S30,T48SVC,2018-05-15,2018135,034541,EPSG:32648,399960.0,3690240.0,509760.0,3800040.0,True
/home/ec2-user/ndvi_sqs_work/sichuan/raw/HLS-VI.S30.T48RTQ.2018137T033539.v2.0.NDVI.tif,HLS-VI.S30.T48RTQ.2018137T033539.v2.0.NDVI.tif,S30,T48RTQ,2018-05-17,2018137,033539,EPSG:32648,199980.0,2890200.0,309780.0,3000000.0,True
/home/ec2-user/ndvi_sqs_work/sichuan/raw/HLS-VI.S30.T48RTR.2018137T033539.v2.0.NDVI.tif,HLS-VI.S30.T48RTR.2018137T033539.v2.0.NDVI.tif,S30,T48RTR,2018-05-17,2018137,033539,EPSG:32648,199980.0,2990220.0,309780.0,3100020.0,True
/home/ec2-user/ndvi_sqs_work/sichuan/raw/HLS-VI.S30.T48RUQ.2018137T033539.v2.0.NDVI.tif,HLS-VI.S30.T48RUQ.2018137T033539.v2.0.NDVI.tif,S30,T48RUQ,2018-05-17,2018137,033539,EPSG:32648,300000.0,2890200.0,409800.0,3000000.0,True
/home/ec2-user/ndvi_sqs_work/sichuan/raw/HLS-VI.S30.T47SQS.2018140T034529.v2.0.NDVI.tif,HLS-VI.S30.T47SQS.2018140T034529.v2.0.NDVI.tif,S30,T47SQS,2018-05-20,2018140,034529,EPSG:32647,699960.0,3590220.0,809760.0,3700020.0,True
/home/ec2-user/ndvi_sqs_work/sichuan/raw/HLS-VI.S30.T47SQT.2018140T034529.v2.0.NDVI.tif,HLS-VI.S30.T47SQT.2018140T034529.v2.0.NDVI.tif,S30,T47SQT,2018-05-20,2018140,034529,EPSG:32647,699960.0,3690240.0,809760.0,3800040.0,True
/home/ec2-user/ndvi_sqs_work/sichuan/raw/HLS-VI.S30.T48STB.2018140T034529.v2.0.NDVI.tif,HLS-VI.S30.T48STB.2018140T034529.v2.0.NDVI.tif,S30,T48STB,2018-05-20,2018140,034529,EPSG:32648,199980.0,3590220.0,309780.0,3700020.0,True
/home/ec2-user/ndvi_sqs_work/sichuan/raw/HLS-VI.S30.T47SLR.2018141T040551.v2.0.NDVI.tif,HLS-VI.S30.T47SLR.2018141T040551.v2.0.NDVI.tif,S30,T47SLR,2018-05-21,2018141,040551,EPSG:32647,300000.0,3490200.0,409800.0,3600000.0,True
/home/ec2-user/ndvi_sqs_work/sichuan/raw/HLS-VI.S30.T48SVB.2018142T033541.v2.0.NDVI.tif,HLS-VI.S30.T48SVB.2018142T033541.v2.0.NDVI.tif,S30,T48SVB,2018-05-22,2018142,033541,EPSG:32648,399960.0,3590220.0,509760.0,3700020.0,True
/home/ec2-user/ndvi_sqs_work/sichuan/raw/HLS-VI.S30.T48SVC.2018142T033541.v2.0.NDVI.tif,HLS-VI.S30.T48SVC.2018142T033541.v2.0.NDVI.tif,S30,T48SVC,2018-05-22,2018142,033541,EPSG:32648,399960.0,3690240.0,509760.0,3800040.0,True
/home/ec2-user/ndvi_sqs_work/sichuan/raw/HLS-VI.S30.T48SWB.2018142T033541.v2.0.NDVI.tif,HLS-VI.S30.T48SWB.2018142T033541.v2.0.NDVI.tif,S30,T48SWB,2018-05-22,2018142,033541,EPSG:32648,499980.0,3590220.0,609780.0,3700020.0,True
/home/ec2-user/ndvi_sqs_work/sichuan/raw/HLS-VI.S30.T47SNR.2018143T035829.v2.0.NDVI.tif,HLS-VI.S30.T47SNR.2018143T035829.v2.0.NDVI.tif,S30,T47SNR,2018-05-23,2018143,035829,EPSG:32647,499980.0,3490200.0,609780.0,3600000.0,True
/home/ec2-user/ndvi_sqs_work/sichuan/raw/HLS-VI.S30.T47SPR.2018143T035829.v2.0.NDVI.tif,HLS-VI.S30.T47SPR.2018143T035829.v2.0.NDVI.tif,S30,T47SPR,2018-05-23,2018143,035829,EPSG:32647,600000.0,3490200.0,709800.0,3600000.0,True
/home/ec2-user/ndvi_sqs_work/sichuan/raw/HLS-VI.S30.T47RPL.2018145T034541.v2.0.NDVI.tif,HLS-VI.S30.T47RPL.2018145T034541.v2.0.NDVI.tif,S30,T47RPL,2018-05-25,2018145,034541,EPSG:32647,600000.0,2990220.0,709800.0,3100020.0,True
/home/ec2-user/ndvi_sqs_work/sichuan/raw/HLS-VI.S30.T47RPM.2018145T034541.v2.0.NDVI.tif,HLS-VI.S30.T47RPM.2018145T034541.v2.0.NDVI.tif,S30,T47RPM,2018-05-25,2018145,034541,EPSG:32647,600000.0,3090240.0,709800.0,3200040.0,True
/home/ec2-user/ndvi_sqs_work/sichuan/raw/HLS-VI.S30.T47RQK.2018145T034541.v2.0.NDVI.tif,HLS-VI.S30.T47RQK.2018145T034541.v2.0.NDVI.tif,S30,T47RQK,2018-05-25,2018145,034541,EPSG:32647,699960.0,2890200.0,809760.0,3000000.0,True
/home/ec2-user/ndvi_sqs_work/sichuan/raw/HLS-VI.S30.T47RNQ.2018156T040659.v2.0.NDVI.tif,HLS-VI.S30.T47RNQ.2018156T040659.v2.0.NDVI.tif,S30,T47RNQ,2018-06-05,2018156,040659,EPSG:32647,499980.0,3390240.0,609780.0,3500040.0,True
/home/ec2-user/ndvi_sqs_work/sichuan/raw/HLS-VI.S30.T47SLT.2018156T040659.v2.0.NDVI.tif,HLS-VI.S30.T47SLT.2018156T040659.v2.0.NDVI.tif,S30,T47SLT,2018-06-05,2018156,040659,EPSG:32647,300000.0,3690240.0,409800.0,3800040.0,True
/home/ec2-user/ndvi_sqs_work/sichuan/raw/HLS-VI.S30.T47SMT.2018156T040659.v2.0.NDVI.tif,HLS-VI.S30.T47SMT.2018156T040659.v2.0.NDVI.tif,S30,T47SMT,2018-06-05,2018156,040659,EPSG:32647,399960.0,3690240.0,509760.0,3800040.0,True
/home/ec2-user/ndvi_sqs_work/sichuan/raw/HLS-VI.S30.T47SNR.2018156T040659.v2.0.NDVI.tif,HLS-VI.S30.T47SNR.2018156T040659.v2.0.NDVI.tif,S30,T47SNR,2018-06-05,2018156,040659,EPSG:32647,499980.0,3490200.0,609780.0,3600000.0,True
/home/ec2-user/ndvi_sqs_work/sichuan/raw/HLS-VI.S30.T47SNS.2018156T040659.v2.0.NDVI.tif,HLS-VI.S30.T47SNS.2018156T040659.v2.0.NDVI.tif,S30,T47SNS,2018-06-05,2018156,040659,EPSG:32647,499980.0,3590220.0,609780.0,3700020.0,True
/home/ec2-user/ndvi_sqs_work/sichuan/raw/HLS-VI.S30.T47SNT.2018156T040659.v2.0.NDVI.tif,HLS-VI.S30.T47SNT.2018156T040659.v2.0.NDVI.tif,S30,T47SNT,2018-06-05,2018156,040659,EPSG:32647,499980.0,3690240.0,609780.0,3800040.0,True
/home/ec2-user/ndvi_sqs_work/sichuan/raw/HLS-VI.S30.T48RTQ.2018157T033629.v2.0.NDVI.tif,HLS-VI.S30.T48RTQ.2018157T033629.v2.0.NDVI.tif,S30,T48RTQ,2018-06-06,2018157,033629,EPSG:32648,199980.0,2890200.0,309780.0,3000000.0,True
/home/ec2-user/ndvi_sqs_work/sichuan/raw/HLS-VI.S30.T48RTR.2018157T033629.v2.0.NDVI.tif,HLS-VI.S30.T48RTR.2018157T033629.v2.0.NDVI.tif,S30,T48RTR,2018-06-06,2018157,033629,EPSG:32648,199980.0,2990220.0,309780.0,3100020.0,True
/home/ec2-user/ndvi_sqs_work/sichuan/raw/HLS-VI.S30.T48RTS.2018157T033629.v2.0.NDVI.tif,HLS-VI.S30.T48RTS.2018157T033629.v2.0.NDVI.tif,S30,T48RTS,2018-06-06,2018157,033629,EPSG:32648,199980.0,3090240.0,309780.0,3200040.0,True
/home/ec2-user/ndvi_sqs_work/sichuan/raw/HLS-VI.S30.T48RUQ.2018157T033629.v2.0.NDVI.tif,HLS-VI.S30.T48RUQ.2018157T033629.v2.0.NDVI.tif,S30,T48RUQ,2018-06-06,2018157,033629,EPSG:32648,300000.0,2890200.0,409800.0,3000000.0,True
/home/ec2-user/ndvi_sqs_work/sichuan/raw/HLS-VI.S30.T48RUR.2018157T033629.v2.0.NDVI.tif,HLS-VI.S30.T48RUR.2018157T033629.v2.0.NDVI.tif,S30,T48RUR,2018-06-06,2018157,033629,EPSG:32648,300000.0,2990220.0,409800.0,3100020.0,True
/home/ec2-user/ndvi_sqs_work/sichuan/raw/HLS-VI.S30.T48RUS.2018157T033629.v2.0.NDVI.tif,HLS-VI.S30.T48RUS.2018157T033629.v2.0.NDVI.tif,S30,T48RUS,2018-06-06,2018157,033629,EPSG:32648,300000.0,3090240.0,409800.0,3200040.0,True
/home/ec2-user/ndvi_sqs_work/sichuan/raw/HLS-VI.S30.T48RUT.2018157T033629.v2.0.NDVI.tif,HLS-VI.S30.T48RUT.2018157T033629.v2.0.NDVI.tif,S30,T48RUT,2018-06-06,2018157,033629,EPSG:32648,300000.0,3190200.0,409800.0,3300000.0,True
/home/ec2-user/ndvi_sqs_work/sichuan/raw/HLS-VI.S30.T48RUU.2018157T033629.v2.0.NDVI.tif,HLS-VI.S30.T48RUU.2018157T033629.v2.0.NDVI.tif,S30,T48RUU,2018-06-06,2018157,033629,EPSG:32648,300000.0,3290220.0,409800.0,3400020.0,True
/home/ec2-user/ndvi_sqs_work/sichuan/raw/HLS-VI.S30.T48RVR.2018157T033629.v2.0.NDVI.tif,HLS-VI.S30.T48RVR.2018157T033629.v2.0.NDVI.tif,S30,T48RVR,2018-06-06,2018157,033629,EPSG:32648,399960.0,2990220.0,509760.0,3100020.0,True
/home/ec2-user/ndvi_sqs_work/sichuan/raw/HLS-VI.S30.T48RVS.2018157T033629.v2.0.NDVI.tif,HLS-VI.S30.T48RVS.2018157T033629.v2.0.NDVI.tif,S30,T48RVS,2018-06-06,2018157,033629,EPSG:32648,399960.0,3090240.0,509760.0,3200040.0,True
/home/ec2-user/ndvi_sqs_work/sichuan/raw/HLS-VI.S30.T48RVT.2018157T033629.v2.0.NDVI.tif,HLS-VI.S30.T48RVT.2018157T033629.v2.0.NDVI.tif,S30,T48RVT,2018-06-06,2018157,033629,EPSG:32648,399960.0,3190200.0,509760.0,3300000.0,True
/home/ec2-user/ndvi_sqs_work/sichuan/raw/HLS-VI.S30.T48RVU.2018157T033629.v2.0.NDVI.tif,HLS-VI.S30.T48RVU.2018157T033629.v2.0.NDVI.tif,S30,T48RVU,2018-06-06,2018157,033629,EPSG:32648,399960.0,3290220.0,509760.0,3400020.0,True
/home/ec2-user/ndvi_sqs_work/sichuan/raw/HLS-VI.S30.T48RVV.2018157T033629.v2.0.NDVI.tif,HLS-VI.S30.T48RVV.2018157T033629.v2.0.NDVI.tif,S30,T48RVV,2018-06-06,2018157,033629,EPSG:32648,399960.0,3390240.0,509760.0,3500040.0,True
/home/ec2-user/ndvi_sqs_work/sichuan/raw/HLS-VI.S30.T48RWR.2018157T033629.v2.0.NDVI.tif,HLS-VI.S30.T48RWR.2018157T033629.v2.0.NDVI.tif,S30,T48RWR,2018-06-06,2018157,033629,EPSG:32648,499980.0,2990220.0,609780.0,3100020.0,True
/home/ec2-user/ndvi_sqs_work/sichuan/raw/HLS-VI.S30.T48RWS.2018157T033629.v2.0.NDVI.tif,HLS-VI.S30.T48RWS.2018157T033629.v2.0.NDVI.tif,S30,T48RWS,2018-06-06,2018157,033629,EPSG:32648,499980.0,3090240.0,609780.0,3200040.0,True
/home/ec2-user/ndvi_sqs_work/sichuan/raw/HLS-VI.S30.T48RWT.2018157T033629.v2.0.NDVI.tif,HLS-VI.S30.T48RWT.2018157T033629.v2.0.NDVI.tif,S30,T48RWT,2018-06-06,2018157,033629,EPSG:32648,499980.0,3190200.0,609780.0,3300000.0,True
/home/ec2-user/ndvi_sqs_work/sichuan/raw/HLS-VI.S30.T48RWU.2018157T033629.v2.0.NDVI.tif,HLS-VI.S30.T48RWU.2018157T033629.v2.0.NDVI.tif,S30,T48RWU,2018-06-06,2018157,033629,EPSG:32648,499980.0,3290220.0,609780.0,3400020.0,True
/home/ec2-user/ndvi_sqs_work/sichuan/raw/HLS-VI.S30.T48RWV.2018157T033629.v2.0.NDVI.tif,HLS-VI.S30.T48RWV.2018157T033629.v2.0.NDVI.tif,S30,T48RWV,2018-06-06,2018157,033629,EPSG:32648,499980.0,3390240.0,609780.0,3500040.0,True
/home/ec2-user/ndvi_sqs_work/sichuan/raw/HLS-VI.S30.T48RXS.2018157T033629.v2.0.NDVI.tif,HLS-VI.S30.T48RXS.2018157T033629.v2.0.NDVI.tif,S30,T48RXS,2018-06-06,2018157,033629,EPSG:32648,600000.0,3090240.0,709800.0,3200040.0,True
/home/ec2-user/ndvi_sqs_work/sichuan/raw/HLS-VI.S30.T48RXT.2018157T033629.v2.0.NDVI.tif,HLS-VI.S30.T48RXT.2018157T033629.v2.0.NDVI.tif,S30,T48RXT,2018-06-06,2018157,033629,EPSG:32648,600000.0,3190200.0,709800.0,3300000.0,True
/home/ec2-user/ndvi_sqs_work/sichuan/raw/HLS-VI.S30.T48RXU.2018157T033629.v2.0.NDVI.tif,HLS-VI.S30.T48RXU.2018157T033629.v2.0.NDVI.tif,S30,T48RXU,2018-06-06,2018157,033629,EPSG:32648,600000.0,3290220.0,709800.0,3400020.0,True
/home/ec2-user/ndvi_sqs_work/sichuan/raw/HLS-VI.S30.T48SUA.2018157T033629.v2.0.NDVI.tif,HLS-VI.S30.T48SUA.2018157T033629.v2.0.NDVI.tif,S30,T48SUA,2018-06-06,2018157,033629,EPSG:32648,300000.0,3490200.0,409800.0,3600000.0,True
/home/ec2-user/ndvi_sqs_work/sichuan/raw/HLS-VI.S30.T48SVA.2018157T033629.v2.0.NDVI.tif,HLS-VI.S30.T48SVA.2018157T033629.v2.0.NDVI.tif,S30,T48SVA,2018-06-06,2018157,033629,EPSG:32648,399960.0,3490200.0,509760.0,3600000.0,True
/home/ec2-user/ndvi_sqs_work/sichuan/raw/HLS-VI.S30.T48SVB.2018157T033629.v2.0.NDVI.tif,HLS-VI.S30.T48SVB.2018157T033629.v2.0.NDVI.tif,S30,T48SVB,2018-06-06,2018157,033629,EPSG:32648,399960.0,3590220.0,509760.0,3700020.0,True
/home/ec2-user/ndvi_sqs_work/sichuan/raw/HLS-VI.S30.T48SXB.2018157T033629.v2.0.NDVI.tif,HLS-VI.S30.T48SXB.2018157T033629.v2.0.NDVI.tif,S30,T48SXB,2018-06-06,2018157,033629,EPSG:32648,600000.0,3590220.0,709800.0,3700020.0,True
/home/ec2-user/ndvi_sqs_work/sichuan/raw/HLS-VI.S30.T48SYB.2018157T033629.v2.0.NDVI.tif,HLS-VI.S30.T48SYB.2018157T033629.v2.0.NDVI.tif,S30,T48SYB,2018-06-06,2018157,033629,EPSG:32648,699960.0,3590220.0,809760.0,3700020.0,True
/home/ec2-user/ndvi_sqs_work/sichuan/raw/HLS-VI.S30.T48RXR.2018159T032541.v2.0.NDVI.tif,HLS-VI.S30.T48RXR.2018159T032541.v2.0.NDVI.tif,S30,T48RXR,2018-06-08,2018159,032541,EPSG:32648,600000.0,2990220.0,709800.0,3100020.0,True
/home/ec2-user/ndvi_sqs_work/sichuan/raw/HLS-VI.S30.T48RVT.2018160T034529.v2.0.NDVI.tif,HLS-VI.S30.T48RVT.2018160T034529.v2.0.NDVI.tif,S30,T48RVT,2018-06-09,2018160,034529,EPSG:32648,399960.0,3190200.0,509760.0,3300000.0,True
/home/ec2-user/ndvi_sqs_work/sichuan/raw/HLS-VI.S30.T48RVU.2018160T034529.v2.0.NDVI.tif,HLS-VI.S30.T48RVU.2018160T034529.v2.0.NDVI.tif,S30,T48RVU,2018-06-09,2018160,034529,EPSG:32648,399960.0,3290220.0,509760.0,3400020.0,True
/home/ec2-user/ndvi_sqs_work/sichuan/raw/HLS-VI.S30.T47SPS.2018198T035541.v2.0.NDVI.tif,HLS-VI.S30.T47SPS.2018198T035541.v2.0.NDVI.tif,S30,T47SPS,2018-07-17,2018198,035541,EPSG:32647,600000.0,3590220.0,709800.0,3700020.0,True
/home/ec2-user/ndvi_sqs_work/sichuan/raw/HLS-VI.S30.T47SQS.2018198T035541.v2.0.NDVI.tif,HLS-VI.S30.T47SQS.2018198T035541.v2.0.NDVI.tif,S30,T47SQS,2018-07-17,2018198,035541,EPSG:32647,699960.0,3590220.0,809760.0,3700020.0,True
/home/ec2-user/ndvi_sqs_work/sichuan/raw/HLS-VI.S30.T47SQT.2018198T035541.v2.0.NDVI.tif,HLS-VI.S30.T47SQT.2018198T035541.v2.0.NDVI.tif,S30,T47SQT,2018-07-17,2018198,035541,EPSG:32647,699960.0,3690240.0,809760.0,3800040.0,True
/home/ec2-user/ndvi_sqs_work/sichuan/raw/HLS-VI.S30.T48STC.2018198T035541.v2.0.NDVI.tif,HLS-VI.S30.T48STC.2018198T035541.v2.0.NDVI.tif,S30,T48STC,2018-07-17,2018198,035541,EPSG:32648,199980.0,3690240.0,309780.0,3800040.0,True
/home/ec2-user/ndvi_sqs_work/sichuan/raw/HLS-VI.S30.T48RWR.2018199T032711.v2.0.NDVI.tif,HLS-VI.S30.T48RWR.2018199T032711.v2.0.NDVI.tif,S30,T48RWR,2018-07-18,2018199,032711,EPSG:32648,499980.0,2990220.0,609780.0,3100020.0,True
/home/ec2-user/ndvi_sqs_work/sichuan/raw/HLS-VI.S30.T48RWU.2018199T032711.v2.0.NDVI.tif,HLS-VI.S30.T48RWU.2018199T032711.v2.0.NDVI.tif,S30,T48RWU,2018-07-18,2018199,032711,EPSG:32648,499980.0,3290220.0,609780.0,3400020.0,True
/home/ec2-user/ndvi_sqs_work/sichuan/raw/HLS-VI.S30.T48RXR.2018199T032711.v2.0.NDVI.tif,HLS-VI.S30.T48RXR.2018199T032711.v2.0.NDVI.tif,S30,T48RXR,2018-07-18,2018199,032711,EPSG:32648,600000.0,2990220.0,709800.0,3100020.0,True
/home/ec2-user/ndvi_sqs_work/sichuan/raw/HLS-VI.S30.T48RXU.2018199T032711.v2.0.NDVI.tif,HLS-VI.S30.T48RXU.2018199T032711.v2.0.NDVI.tif,S30,T48RXU,2018-07-18,2018199,032711,EPSG:32648,600000.0,3290220.0,709800.0,3400020.0,True
/home/ec2-user/ndvi_sqs_work/sichuan/raw/HLS-VI.S30.T48RYU.2018199T032711.v2.0.NDVI.tif,HLS-VI.S30.T48RYU.2018199T032711.v2.0.NDVI.tif,S30,T48RYU,2018-07-18,2018199,032711,EPSG:32648,699960.0,3290220.0,809760.0,3400020.0,True
/home/ec2-user/ndvi_sqs_work/sichuan/raw/HLS-VI.S30.T48RXS.2018202T033541.v2.0.NDVI.tif,HLS-VI.S30.T48RXS.2018202T033541.v2.0.NDVI.tif,S30,T48RXS,2018-07-21,2018202,033541,EPSG:32648,600000.0,3090240.0,709800.0,3200040.0,True
/home/ec2-user/ndvi_sqs_work/sichuan/raw/HLS-VI.S30.T48RXU.2018202T033541.v2.0.NDVI.tif,HLS-VI.S30.T48RXU.2018202T033541.v2.0.NDVI.tif,S30,T48RXU,2018-07-21,2018202,033541,EPSG:32648,600000.0,3290220.0,709800.0,3400020.0,True
/home/ec2-user/ndvi_sqs_work/sichuan/raw/HLS-VI.S30.T48SYA.2018202T033541.v2.0.NDVI.tif,HLS-VI.S30.T48SYA.2018202T033541.v2.0.NDVI.tif,S30,T48SYA,2018-07-21,2018202,033541,EPSG:32648,699960.0,3490200.0,809760.0,3600000.0,True
/home/ec2-user/ndvi_sqs_work/sichuan/raw/HLS-VI.S30.T48RWT.2018204T032639.v2.0.NDVI.tif,HLS-VI.S30.T48RWT.2018204T032639.v2.0.NDVI.tif,S30,T48RWT,2018-07-23,2018204,032639,EPSG:32648,499980.0,3190200.0,609780.0,3300000.0,True
/home/ec2-user/ndvi_sqs_work/sichuan/raw/HLS-VI.S30.T48RWU.2018204T032639.v2.0.NDVI.tif,HLS-VI.S30.T48RWU.2018204T032639.v2.0.NDVI.tif,S30,T48RWU,2018-07-23,2018204,032639,EPSG:32648,499980.0,3290220.0,609780.0,3400020.0,True
/home/ec2-user/ndvi_sqs_work/sichuan/raw/HLS-VI.S30.T48RXT.2018204T032639.v2.0.NDVI.tif,HLS-VI.S30.T48RXT.2018204T032639.v2.0.NDVI.tif,S30,T48RXT,2018-07-23,2018204,032639,EPSG:32648,600000.0,3190200.0,709800.0,3300000.0,True
/home/ec2-user/ndvi_sqs_work/sichuan/raw/HLS-VI.S30.T48RVT.2018205T034541.v2.0.NDVI.tif,HLS-VI.S30.T48RVT.2018205T034541.v2.0.NDVI.tif,S30,T48RVT,2018-07-24,2018205,034541,EPSG:32648,399960.0,3190200.0,509760.0,3300000.0,True
/home/ec2-user/ndvi_sqs_work/sichuan/raw/HLS-VI.S30.T48RXT.2018209T032541.v2.0.NDVI.tif,HLS-VI.S30.T48RXT.2018209T032541.v2.0.NDVI.tif,S30,T48RXT,2018-07-28,2018209,032541,EPSG:32648,600000.0,3190200.0,709800.0,3300000.0,True
/home/ec2-user/ndvi_sqs_work/sichuan/raw/HLS-VI.S30.T48RXT.2018222T033531.v2.0.NDVI.tif,HLS-VI.S30.T48RXT.2018222T033531.v2.0.NDVI.tif,S30,T48RXT,2018-08-10,2018222,033531,EPSG:32648,600000.0,3190200.0,709800.0,3300000.0,True
/home/ec2-user/ndvi_sqs_work/sichuan/raw/HLS-VI.S30.T48RWV.2018227T033529.v2.0.NDVI.tif,HLS-VI.S30.T48RWV.2018227T033529.v2.0.NDVI.tif,S30,T48RWV,2018-08-15,2018227,033529,EPSG:32648,499980.0,3390240.0,609780.0,3500040.0,True
/home/ec2-user/ndvi_sqs_work/sichuan/raw/HLS-VI.S30.T48SWA.2018227T033529.v2.0.NDVI.tif,HLS-VI.S30.T48SWA.2018227T033529.v2.0.NDVI.tif,S30,T48SWA,2018-08-15,2018227,033529,EPSG:32648,499980.0,3490200.0,609780.0,3600000.0,True
/home/ec2-user/ndvi_sqs_work/sichuan/raw/HLS-VI.S30.T48SXA.2018227T033529.v2.0.NDVI.tif,HLS-VI.S30.T48SXA.2018227T033529.v2.0.NDVI.tif,S30,T48SXA,2018-08-15,2018227,033529,EPSG:32648,600000.0,3490200.0,709800.0,3600000.0,True
/home/ec2-user/ndvi_sqs_work/sichuan/raw/HLS-VI.S30.T48RWS.2018232T033531.v2.0.NDVI.tif,HLS-VI.S30.T48RWS.2018232T033531.v2.0.NDVI.tif,S30,T48RWS,2018-08-20,2018232,033531,EPSG:32648,499980.0,3090240.0,609780.0,3200040.0,True
/home/ec2-user/ndvi_sqs_work/sichuan/raw/HLS-VI.S30.T48RXT.2018232T033531.v2.0.NDVI.tif,HLS-VI.S30.T48RXT.2018232T033531.v2.0.NDVI.tif,S30,T48RXT,2018-08-20,2018232,033531,EPSG:32648,600000.0,3190200.0,709800.0,3300000.0,True
/home/ec2-user/ndvi_sqs_work/sichuan/raw/HLS-VI.S30.T47RQL.2018235T034531.v2.0.NDVI.tif,HLS-VI.S30.T47RQL.2018235T034531.v2.0.NDVI.tif,S30,T47RQL,2018-08-23,2018235,034531,EPSG:32647,699960.0,2990220.0,809760.0,3100020.0,True
/home/ec2-user/ndvi_sqs_work/sichuan/raw/HLS-VI.S30.T47SQS.2018235T034531.v2.0.NDVI.tif,HLS-VI.S30.T47SQS.2018235T034531.v2.0.NDVI.tif,S30,T47SQS,2018-08-23,2018235,034531,EPSG:32647,699960.0,3590220.0,809760.0,3700020.0,True
/home/ec2-user/ndvi_sqs_work/sichuan/raw/HLS-VI.S30.T47SQT.2018235T034531.v2.0.NDVI.tif,HLS-VI.S30.T47SQT.2018235T034531.v2.0.NDVI.tif,S30,T47SQT,2018-08-23,2018235,034531,EPSG:32647,699960.0,3690240.0,809760.0,3800040.0,True
/home/ec2-user/ndvi_sqs_work/sichuan/raw/HLS-VI.S30.T48RUS.2018235T034531.v2.0.NDVI.tif,HLS-VI.S30.T48RUS.2018235T034531.v2.0.NDVI.tif,S30,T48RUS,2018-08-23,2018235,034531,EPSG:32648,300000.0,3090240.0,409800.0,3200040.0,True
/home/ec2-user/ndvi_sqs_work/sichuan/raw/HLS-VI.S30.T48RUT.2018235T034531.v2.0.NDVI.tif,HLS-VI.S30.T48RUT.2018235T034531.v2.0.NDVI.tif,S30,T48RUT,2018-08-23,2018235,034531,EPSG:32648,300000.0,3190200.0,409800.0,3300000.0,True
/home/ec2-user/ndvi_sqs_work/sichuan/raw/HLS-VI.S30.T48STC.2018235T034531.v2.0.NDVI.tif,HLS-VI.S30.T48STC.2018235T034531.v2.0.NDVI.tif,S30,T48STC,2018-08-23,2018235,034531,EPSG:32648,199980.0,3690240.0,309780.0,3800040.0,True
/home/ec2-user/ndvi_sqs_work/sichuan/raw/HLS-VI.S30.T48STD.2018235T034531.v2.0.NDVI.tif,HLS-VI.S30.T48STD.2018235T034531.v2.0.NDVI.tif,S30,T48STD,2018-08-23,2018235,034531,EPSG:32648,199980.0,3790200.0,309780.0,3900000.0,True
/home/ec2-user/ndvi_sqs_work/sichuan/raw/HLS-VI.S30.T48SUB.2018235T034531.v2.0.NDVI.tif,HLS-VI.S30.T48SUB.2018235T034531.v2.0.NDVI.tif,S30,T48SUB,2018-08-23,2018235,034531,EPSG:32648,300000.0,3590220.0,409800.0,3700020.0,True
/home/ec2-user/ndvi_sqs_work/sichuan/raw/HLS-VI.S30.T48SUC.2018235T034531.v2.0.NDVI.tif,HLS-VI.S30.T48SUC.2018235T034531.v2.0.NDVI.tif,S30,T48SUC,2018-08-23,2018235,034531,EPSG:32648,300000.0,3690240.0,409800.0,3800040.0,True
/home/ec2-user/ndvi_sqs_work/sichuan/raw/HLS-VI.S30.T48SUD.2018235T034531.v2.0.NDVI.tif,HLS-VI.S30.T48SUD.2018235T034531.v2.0.NDVI.tif,S30,T48SUD,2018-08-23,2018235,034531,EPSG:32648,300000.0,3790200.0,409800.0,3900000.0,True
/home/ec2-user/ndvi_sqs_work/sichuan/raw/HLS-VI.S30.T48RWS.2018237T033529.v2.0.NDVI.tif,HLS-VI.S30.T48RWS.2018237T033529.v2.0.NDVI.tif,S30,T48RWS,2018-08-25,2018237,033529,EPSG:32648,499980.0,3090240.0,609780.0,3200040.0,True
/home/ec2-user/ndvi_sqs_work/sichuan/raw/HLS-VI.S30.T48RWT.2018237T033529.v2.0.NDVI.tif,HLS-VI.S30.T48RWT.2018237T033529.v2.0.NDVI.tif,S30,T48RWT,2018-08-25,2018237,033529,EPSG:32648,499980.0,3190200.0,609780.0,3300000.0,True
/home/ec2-user/ndvi_sqs_work/sichuan/raw/HLS-VI.S30.T48RWU.2018237T033529.v2.0.NDVI.tif,HLS-VI.S30.T48RWU.2018237T033529.v2.0.NDVI.tif,S30,T48RWU,2018-08-25,2018237,033529,EPSG:32648,499980.0,3290220.0,609780.0,3400020.0,True
/home/ec2-user/ndvi_sqs_work/sichuan/raw/HLS-VI.S30.T48RXS.2018237T033529.v2.0.NDVI.tif,HLS-VI.S30.T48RXS.2018237T033529.v2.0.NDVI.tif,S30,T48RXS,2018-08-25,2018237,033529,EPSG:32648,600000.0,3090240.0,709800.0,3200040.0,True
/home/ec2-user/ndvi_sqs_work/sichuan/raw/HLS-VI.S30.T48RXT.2018237T033529.v2.0.NDVI.tif,HLS-VI.S30.T48RXT.2018237T033529.v2.0.NDVI.tif,S30,T48RXT,2018-08-25,2018237,033529,EPSG:32648,600000.0,3190200.0,709800.0,3300000.0,True
/home/ec2-user/ndvi_sqs_work/sichuan/raw/HLS-VI.S30.T48RXU.2018237T033529.v2.0.NDVI.tif,HLS-VI.S30.T48RXU.2018237T033529.v2.0.NDVI.tif,S30,T48RXU,2018-08-25,2018237,033529,EPSG:32648,600000.0,3290220.0,709800.0,3400020.0,True
/home/ec2-user/ndvi_sqs_work/sichuan/raw/HLS-VI.S30.T48RWT.2018239T032541.v2.0.NDVI.tif,HLS-VI.S30.T48RWT.2018239T032541.v2.0.NDVI.tif,S30,T48RWT,2018-08-27,2018239,032541,EPSG:32648,499980.0,3190200.0,609780.0,3300000.0,True
/home/ec2-user/ndvi_sqs_work/sichuan/raw/HLS-VI.S30.T48RWU.2018239T032541.v2.0.NDVI.tif,HLS-VI.S30.T48RWU.2018239T032541.v2.0.NDVI.tif,S30,T48RWU,2018-08-27,2018239,032541,EPSG:32648,499980.0,3290220.0,609780.0,3400020.0,True
/home/ec2-user/ndvi_sqs_work/sichuan/raw/HLS-VI.S30.T48RXT.2018239T032541.v2.0.NDVI.tif,HLS-VI.S30.T48RXT.2018239T032541.v2.0.NDVI.tif,S30,T48RXT,2018-08-27,2018239,032541,EPSG:32648,600000.0,3190200.0,709800.0,3300000.0,True
/home/ec2-user/ndvi_sqs_work/sichuan/raw/HLS-VI.S30.T48RXU.2018239T032541.v2.0.NDVI.tif,HLS-VI.S30.T48RXU.2018239T032541.v2.0.NDVI.tif,S30,T48RXU,2018-08-27,2018239,032541,EPSG:32648,600000.0,3290220.0,709800.0,3400020.0,True
/home/ec2-user/ndvi_sqs_work/sichuan/raw/HLS-VI.S30.T48RXV.2018239T032541.v2.0.NDVI.tif,HLS-VI.S30.T48RXV.2018239T032541.v2.0.NDVI.tif,S30,T48RXV,2018-08-27,2018239,032541,EPSG:32648,600000.0,3390240.0,709800.0,3500040.0,True
/home/ec2-user/ndvi_sqs_work/sichuan/raw/HLS-VI.S30.T48RYU.2018239T032541.v2.0.NDVI.tif,HLS-VI.S30.T48RYU.2018239T032541.v2.0.NDVI.tif,S30,T48RYU,2018-08-27,2018239,032541,EPSG:32648,699960.0,3290220.0,809760.0,3400020.0,True
/home/ec2-user/ndvi_sqs_work/sichuan/raw/HLS-VI.S30.T48RYV.2018239T032541.v2.0.NDVI.tif,HLS-VI.S30.T48RYV.2018239T032541.v2.0.NDVI.tif,S30,T48RYV,2018-08-27,2018239,032541,EPSG:32648,699960.0,3390240.0,809760.0,3500040.0,True
/home/ec2-user/ndvi_sqs_work/sichuan/raw/HLS-VI.S30.T48SXA.2018239T032541.v2.0.NDVI.tif,HLS-VI.S30.T48SXA.2018239T032541.v2.0.NDVI.tif,S30,T48SXA,2018-08-27,2018239,032541,EPSG:32648,600000.0,3490200.0,709800.0,3600000.0,True
/home/ec2-user/ndvi_sqs_work/sichuan/raw/HLS-VI.S30.T48SXB.2018239T032541.v2.0.NDVI.tif,HLS-VI.S30.T48SXB.2018239T032541.v2.0.NDVI.tif,S30,T48SXB,2018-08-27,2018239,032541,EPSG:32648,600000.0,3590220.0,709800.0,3700020.0,True
/home/ec2-user/ndvi_sqs_work/sichuan/raw/HLS-VI.S30.T48SYA.2018239T032541.v2.0.NDVI.tif,HLS-VI.S30.T48SYA.2018239T032541.v2.0.NDVI.tif,S30,T48SYA,2018-08-27,2018239,032541,EPSG:32648,699960.0,3490200.0,809760.0,3600000.0,True
/home/ec2-user/ndvi_sqs_work/sichuan/raw/HLS-VI.S30.T48SYB.2018239T032541.v2.0.NDVI.tif,HLS-VI.S30.T48SYB.2018239T032541.v2.0.NDVI.tif,S30,T48SYB,2018-08-27,2018239,032541,EPSG:32648,699960.0,3590220.0,809760.0,3700020.0,True
/home/ec2-user/ndvi_sqs_work/sichuan/raw/HLS-VI.S30.T49SBR.2018239T032541.v2.0.NDVI.tif,HLS-VI.S30.T49SBR.2018239T032541.v2.0.NDVI.tif,S30,T49SBR,2018-08-27,2018239,032541,EPSG:32649,199980.0,3490200.0,309780.0,3600000.0,True
/home/ec2-user/ndvi_sqs_work/sichuan/raw/HLS-VI.S30.T49SBS.2018239T032541.v2.0.NDVI.tif,HLS-VI.S30.T49SBS.2018239T032541.v2.0.NDVI.tif,S30,T49SBS,2018-08-27,2018239,032541,EPSG:32649,199980.0,3590220.0,309780.0,3700020.0,True
/home/ec2-user/ndvi_sqs_work/sichuan/raw/HLS-VI.S30.T48RVT.2018240T034529.v2.0.NDVI.tif,HLS-VI.S30.T48RVT.2018240T034529.v2.0.NDVI.tif,S30,T48RVT,2018-08-28,2018240,034529,EPSG:32648,399960.0,3190200.0,509760.0,3300000.0,True
/home/ec2-user/ndvi_sqs_work/sichuan/raw/HLS-VI.S30.T48RWT.2018244T032529.v2.0.NDVI.tif,HLS-VI.S30.T48RWT.2018244T032529.v2.0.NDVI.tif,S30,T48RWT,2018-09-01,2018244,032529,EPSG:32648,499980.0,3190200.0,609780.0,3300000.0,True
/home/ec2-user/ndvi_sqs_work/sichuan/raw/HLS-VI.S30.T48RWU.2018244T032529.v2.0.NDVI.tif,HLS-VI.S30.T48RWU.2018244T032529.v2.0.NDVI.tif,S30,T48RWU,2018-09-01,2018244,032529,EPSG:32648,499980.0,3290220.0,609780.0,3400020.0,True
/home/ec2-user/ndvi_sqs_work/sichuan/raw/HLS-VI.S30.T48STD.2018265T034531.v2.0.NDVI.tif,HLS-VI.S30.T48STD.2018265T034531.v2.0.NDVI.tif,S30,T48STD,2018-09-22,2018265,034531,EPSG:32648,199980.0,3790200.0,309780.0,3900000.0,True
/home/ec2-user/ndvi_sqs_work/sichuan/raw/HLS-VI.S30.T48SVC.2018265T034531.v2.0.NDVI.tif,HLS-VI.S30.T48SVC.2018265T034531.v2.0.NDVI.tif,S30,T48SVC,2018-09-22,2018265,034531,EPSG:32648,399960.0,3690240.0,509760.0,3800040.0,True
/home/ec2-user/ndvi_sqs_work/sichuan/raw/HLS-VI.S30.T47SLT.2018271T040541.v2.0.NDVI.tif,HLS-VI.S30.T47SLT.2018271T040541.v2.0.NDVI.tif,S30,T47SLT,2018-09-28,2018271,040541,EPSG:32647,300000.0,3690240.0,409800.0,3800040.0,True
/home/ec2-user/ndvi_sqs_work/sichuan/raw/HLS-VI.S30.T47SMT.2018271T040541.v2.0.NDVI.tif,HLS-VI.S30.T47SMT.2018271T040541.v2.0.NDVI.tif,S30,T47SMT,2018-09-28,2018271,040541,EPSG:32647,399960.0,3690240.0,509760.0,3800040.0,True
/home/ec2-user/ndvi_sqs_work/sichuan/raw/HLS-VI.S30.T48SYA.2018272T033531.v2.0.NDVI.tif,HLS-VI.S30.T48SYA.2018272T033531.v2.0.NDVI.tif,S30,T48SYA,2018-09-29,2018272,033531,EPSG:32648,699960.0,3490200.0,809760.0,3600000.0,True
/home/ec2-user/ndvi_sqs_work/sichuan/raw/HLS-VI.S30.T47RPP.2018290T034729.v2.0.NDVI.tif,HLS-VI.S30.T47RPP.2018290T034729.v2.0.NDVI.tif,S30,T47RPP,2018-10-17,2018290,034729,EPSG:32647,600000.0,3290220.0,709800.0,3400020.0,True
/home/ec2-user/ndvi_sqs_work/sichuan/raw/HLS-VI.S30.T47RQQ.2018290T034729.v2.0.NDVI.tif,HLS-VI.S30.T47RQQ.2018290T034729.v2.0.NDVI.tif,S30,T47RQQ,2018-10-17,2018290,034729,EPSG:32647,699960.0,3390240.0,809760.0,3500040.0,True
/home/ec2-user/ndvi_sqs_work/sichuan/raw/HLS-VI.S30.T47SQR.2018290T034729.v2.0.NDVI.tif,HLS-VI.S30.T47SQR.2018290T034729.v2.0.NDVI.tif,S30,T47SQR,2018-10-17,2018290,034729,EPSG:32647,699960.0,3490200.0,809760.0,3600000.0,True
/home/ec2-user/ndvi_sqs_work/sichuan/raw/HLS-VI.S30.T47SQS.2018290T034729.v2.0.NDVI.tif,HLS-VI.S30.T47SQS.2018290T034729.v2.0.NDVI.tif,S30,T47SQS,2018-10-17,2018290,034729,EPSG:32647,699960.0,3590220.0,809760.0,3700020.0,True
/home/ec2-user/ndvi_sqs_work/sichuan/raw/HLS-VI.S30.T48STA.2018290T034729.v2.0.NDVI.tif,HLS-VI.S30.T48STA.2018290T034729.v2.0.NDVI.tif,S30,T48STA,2018-10-17,2018290,034729,EPSG:32648,199980.0,3490200.0,309780.0,3600000.0,True
/home/ec2-user/ndvi_sqs_work/sichuan/raw/HLS-VI.S30.T48STB.2018290T034729.v2.0.NDVI.tif,HLS-VI.S30.T48STB.2018290T034729.v2.0.NDVI.tif,S30,T48STB,2018-10-17,2018290,034729,EPSG:32648,199980.0,3590220.0,309780.0,3700020.0,True
/home/ec2-user/ndvi_sqs_work/sichuan/raw/HLS-VI.S30.T48STD.2018290T034729.v2.0.NDVI.tif,HLS-VI.S30.T48STD.2018290T034729.v2.0.NDVI.tif,S30,T48STD,2018-10-17,2018290,034729,EPSG:32648,199980.0,3790200.0,309780.0,3900000.0,True
/home/ec2-user/ndvi_sqs_work/sichuan/raw/HLS-VI.S30.T47RNN.2018293T035759.v2.0.NDVI.tif,HLS-VI.S30.T47RNN.2018293T035759.v2.0.NDVI.tif,S30,T47RNN,2018-10-20,2018293,035759,EPSG:32647,499980.0,3190200.0,609780.0,3300000.0,True
/home/ec2-user/ndvi_sqs_work/sichuan/raw/HLS-VI.S30.T47RPL.2018293T035759.v2.0.NDVI.tif,HLS-VI.S30.T47RPL.2018293T035759.v2.0.NDVI.tif,S30,T47RPL,2018-10-20,2018293,035759,EPSG:32647,600000.0,2990220.0,709800.0,3100020.0,True
/home/ec2-user/ndvi_sqs_work/sichuan/raw/HLS-VI.S30.T47RPM.2018293T035759.v2.0.NDVI.tif,HLS-VI.S30.T47RPM.2018293T035759.v2.0.NDVI.tif,S30,T47RPM,2018-10-20,2018293,035759,EPSG:32647,600000.0,3090240.0,709800.0,3200040.0,True
/home/ec2-user/ndvi_sqs_work/sichuan/raw/HLS-VI.S30.T47RPN.2018293T035759.v2.0.NDVI.tif,HLS-VI.S30.T47RPN.2018293T035759.v2.0.NDVI.tif,S30,T47RPN,2018-10-20,2018293,035759,EPSG:32647,600000.0,3190200.0,709800.0,3300000.0,True
/home/ec2-user/ndvi_sqs_work/sichuan/raw/HLS-VI.S30.T47RQM.2018293T035759.v2.0.NDVI.tif,HLS-VI.S30.T47RQM.2018293T035759.v2.0.NDVI.tif,S30,T47RQM,2018-10-20,2018293,035759,EPSG:32647,699960.0,3090240.0,809760.0,3200040.0,True
/home/ec2-user/ndvi_sqs_work/sichuan/raw/HLS-VI.S30.T47RQN.2018293T035759.v2.0.NDVI.tif,HLS-VI.S30.T47RQN.2018293T035759.v2.0.NDVI.tif,S30,T47RQN,2018-10-20,2018293,035759,EPSG:32647,699960.0,3190200.0,809760.0,3300000.0,True
/home/ec2-user/ndvi_sqs_work/sichuan/raw/HLS-VI.S30.T47RPL.2018295T034801.v2.0.NDVI.tif,HLS-VI.S30.T47RPL.2018295T034801.v2.0.NDVI.tif,S30,T47RPL,2018-10-22,2018295,034801,EPSG:32647,600000.0,2990220.0,709800.0,3100020.0,True
/home/ec2-user/ndvi_sqs_work/sichuan/raw/HLS-VI.S30.T47RPM.2018295T034801.v2.0.NDVI.tif,HLS-VI.S30.T47RPM.2018295T034801.v2.0.NDVI.tif,S30,T47RPM,2018-10-22,2018295,034801,EPSG:32647,600000.0,3090240.0,709800.0,3200040.0,True
/home/ec2-user/ndvi_sqs_work/sichuan/raw/HLS-VI.S30.T47RMP.2018296T040819.v2.0.NDVI.tif,HLS-VI.S30.T47RMP.2018296T040819.v2.0.NDVI.tif,S30,T47RMP,2018-10-23,2018296,040819,EPSG:32647,399960.0,3290220.0,509760.0,3400020.0,True
/home/ec2-user/ndvi_sqs_work/sichuan/raw/HLS-VI.S30.T48RTS.2018297T033809.v2.0.NDVI.tif,HLS-VI.S30.T48RTS.2018297T033809.v2.0.NDVI.tif,S30,T48RTS,2018-10-24,2018297,033809,EPSG:32648,199980.0,3090240.0,309780.0,3200040.0,True
/home/ec2-user/ndvi_sqs_work/sichuan/raw/HLS-VI.S30.T47RNM.2018298T035821.v2.0.NDVI.tif,HLS-VI.S30.T47RNM.2018298T035821.v2.0.NDVI.tif,S30,T47RNM,2018-10-25,2018298,035821,EPSG:32647,499980.0,3090240.0,609780.0,3200040.0,True
/home/ec2-user/ndvi_sqs_work/sichuan/raw/HLS-VI.S30.T47RPL.2018298T035821.v2.0.NDVI.tif,HLS-VI.S30.T47RPL.2018298T035821.v2.0.NDVI.tif,S30,T47RPL,2018-10-25,2018298,035821,EPSG:32647,600000.0,2990220.0,709800.0,3100020.0,True
/home/ec2-user/ndvi_sqs_work/sichuan/raw/HLS-VI.S30.T47RPM.2018298T035821.v2.0.NDVI.tif,HLS-VI.S30.T47RPM.2018298T035821.v2.0.NDVI.tif,S30,T47RPM,2018-10-25,2018298,035821,EPSG:32647,600000.0,3090240.0,709800.0,3200040.0,True
/home/ec2-user/ndvi_sqs_work/sichuan/raw/HLS-VI.S30.T47RQM.2018298T035821.v2.0.NDVI.tif,HLS-VI.S30.T47RQM.2018298T035821.v2.0.NDVI.tif,S30,T47RQM,2018-10-25,2018298,035821,EPSG:32647,699960.0,3090240.0,809760.0,3200040.0,True
/home/ec2-user/ndvi_sqs_work/sichuan/raw/HLS-VI.S30.T48SXA.2018299T032821.v2.0.NDVI.tif,HLS-VI.S30.T48SXA.2018299T032821.v2.0.NDVI.tif,S30,T48SXA,2018-10-26,2018299,032821,EPSG:32648,600000.0,3490200.0,709800.0,3600000.0,True
/home/ec2-user/ndvi_sqs_work/sichuan/raw/HLS-VI.S30.T48SXB.2018299T032821.v2.0.NDVI.tif,HLS-VI.S30.T48SXB.2018299T032821.v2.0.NDVI.tif,S30,T48SXB,2018-10-26,2018299,032821,EPSG:32648,600000.0,3590220.0,709800.0,3700020.0,True
/home/ec2-user/ndvi_sqs_work/sichuan/raw/HLS-VI.S30.T49SBS.2018299T032821.v2.0.NDVI.tif,HLS-VI.S30.T49SBS.2018299T032821.v2.0.NDVI.tif,S30,T49SBS,2018-10-26,2018299,032821,EPSG:32649,199980.0,3590220.0,309780.0,3700020.0,True
/home/ec2-user/ndvi_sqs_work/sichuan/raw/HLS-VI.S30.T47RPL.2018300T034839.v2.0.NDVI.tif,HLS-VI.S30.T47RPL.2018300T034839.v2.0.NDVI.tif,S30,T47RPL,2018-10-27,2018300,034839,EPSG:32647,600000.0,2990220.0,709800.0,3100020.0,True
/home/ec2-user/ndvi_sqs_work/sichuan/raw/HLS-VI.S30.T47RPM.2018300T034839.v2.0.NDVI.tif,HLS-VI.S30.T47RPM.2018300T034839.v2.0.NDVI.tif,S30,T47RPM,2018-10-27,2018300,034839,EPSG:32647,600000.0,3090240.0,709800.0,3200040.0,True
/home/ec2-user/ndvi_sqs_work/sichuan/raw/HLS-VI.S30.T47RPN.2018300T034839.v2.0.NDVI.tif,HLS-VI.S30.T47RPN.2018300T034839.v2.0.NDVI.tif,S30,T47RPN,2018-10-27,2018300,034839,EPSG:32647,600000.0,3190200.0,709800.0,3300000.0,True
/home/ec2-user/ndvi_sqs_work/sichuan/raw/HLS-VI.S30.T47RPP.2018300T034839.v2.0.NDVI.tif,HLS-VI.S30.T47RPP.2018300T034839.v2.0.NDVI.tif,S30,T47RPP,2018-10-27,2018300,034839,EPSG:32647,600000.0,3290220.0,709800.0,3400020.0,True
/home/ec2-user/ndvi_sqs_work/sichuan/raw/HLS-VI.S30.T47RQK.2018300T034839.v2.0.NDVI.tif,HLS-VI.S30.T47RQK.2018300T034839.v2.0.NDVI.tif,S30,T47RQK,2018-10-27,2018300,034839,EPSG:32647,699960.0,2890200.0,809760.0,3000000.0,True
/home/ec2-user/ndvi_sqs_work/sichuan/raw/HLS-VI.S30.T48SVC.2018302T033841.v2.0.NDVI.tif,HLS-VI.S30.T48SVC.2018302T033841.v2.0.NDVI.tif,S30,T48SVC,2018-10-29,2018302,033841,EPSG:32648,399960.0,3690240.0,509760.0,3800040.0,True
/home/ec2-user/ndvi_sqs_work/sichuan/raw/HLS-VI.S30.T48SXB.2018302T033841.v2.0.NDVI.tif,HLS-VI.S30.T48SXB.2018302T033841.v2.0.NDVI.tif,S30,T48SXB,2018-10-29,2018302,033841,EPSG:32648,600000.0,3590220.0,709800.0,3700020.0,True
/home/ec2-user/ndvi_sqs_work/sichuan/raw/HLS-VI.S30.T48SYA.2018302T033841.v2.0.NDVI.tif,HLS-VI.S30.T48SYA.2018302T033841.v2.0.NDVI.tif,S30,T48SYA,2018-10-29,2018302,033841,EPSG:32648,699960.0,3490200.0,809760.0,3600000.0,True
/home/ec2-user/ndvi_sqs_work/sichuan/raw/HLS-VI.S30.T48SYB.2018302T033841.v2.0.NDVI.tif,HLS-VI.S30.T48SYB.2018302T033841.v2.0.NDVI.tif,S30,T48SYB,2018-10-29,2018302,033841,EPSG:32648,699960.0,3590220.0,809760.0,3700020.0,True
/home/ec2-user/ndvi_sqs_work/sichuan/raw/HLS-VI.S30.T48RWR.2018304T032849.v2.0.NDVI.tif,HLS-VI.S30.T48RWR.2018304T032849.v2.0.NDVI.tif,S30,T48RWR,2018-10-31,2018304,032849,EPSG:32648,499980.0,2990220.0,609780.0,3100020.0,True
/home/ec2-user/ndvi_sqs_work/sichuan/raw/HLS-VI.S30.T48RWU.2018304T032849.v2.0.NDVI.tif,HLS-VI.S30.T48RWU.2018304T032849.v2.0.NDVI.tif,S30,T48RWU,2018-10-31,2018304,032849,EPSG:32648,499980.0,3290220.0,609780.0,3400020.0,True
/home/ec2-user/ndvi_sqs_work/sichuan/raw/HLS-VI.S30.T48RXR.2018304T032849.v2.0.NDVI.tif,HLS-VI.S30.T48RXR.2018304T032849.v2.0.NDVI.tif,S30,T48RXR,2018-10-31,2018304,032849,EPSG:32648,600000.0,2990220.0,709800.0,3100020.0,True
/home/ec2-user/ndvi_sqs_work/sichuan/raw/HLS-VI.S30.T48SXB.2018304T032849.v2.0.NDVI.tif,HLS-VI.S30.T48SXB.2018304T032849.v2.0.NDVI.tif,S30,T48SXB,2018-10-31,2018304,032849,EPSG:32648,600000.0,3590220.0,709800.0,3700020.0,True
/home/ec2-user/ndvi_sqs_work/sichuan/raw/HLS-VI.S30.T48SYB.2018304T032849.v2.0.NDVI.tif,HLS-VI.S30.T48SYB.2018304T032849.v2.0.NDVI.tif,S30,T48SYB,2018-10-31,2018304,032849,EPSG:32648,699960.0,3590220.0,809760.0,3700020.0,True
/home/ec2-user/ndvi_sqs_work/sichuan/raw/HLS-VI.S30.T49SBR.2018304T032849.v2.0.NDVI.tif,HLS-VI.S30.T49SBR.2018304T032849.v2.0.NDVI.tif,S30,T49SBR,2018-10-31,2018304,032849,EPSG:32649,199980.0,3490200.0,309780.0,3600000.0,True
/home/ec2-user/ndvi_sqs_work/sichuan/raw/HLS-VI.S30.T49SBS.2018304T032849.v2.0.NDVI.tif,HLS-VI.S30.T49SBS.2018304T032849.v2.0.NDVI.tif,S30,T49SBS,2018-10-31,2018304,032849,EPSG:32649,199980.0,3590220.0,309780.0,3700020.0,True
/home/ec2-user/ndvi_sqs_work/sichuan/raw/HLS-VI.S30.T47RPP.2018305T034901.v2.0.NDVI.tif,HLS-VI.S30.T47RPP.2018305T034901.v2.0.NDVI.tif,S30,T47RPP,2018-11-01,2018305,034901,EPSG:32647,600000.0,3290220.0,709800.0,3400020.0,True
/home/ec2-user/ndvi_sqs_work/sichuan/raw/HLS-VI.S30.T47SQS.2018305T034901.v2.0.NDVI.tif,HLS-VI.S30.T47SQS.2018305T034901.v2.0.NDVI.tif,S30,T47SQS,2018-11-01,2018305,034901,EPSG:32647,699960.0,3590220.0,809760.0,3700020.0,True
/home/ec2-user/ndvi_sqs_work/sichuan/raw/HLS-VI.S30.T47SQT.2018305T034901.v2.0.NDVI.tif,HLS-VI.S30.T47SQT.2018305T034901.v2.0.NDVI.tif,S30,T47SQT,2018-11-01,2018305,034901,EPSG:32647,699960.0,3690240.0,809760.0,3800040.0,True
/home/ec2-user/ndvi_sqs_work/sichuan/raw/HLS-VI.S30.T48RTT.2018305T034901.v2.0.NDVI.tif,HLS-VI.S30.T48RTT.2018305T034901.v2.0.NDVI.tif,S30,T48RTT,2018-11-01,2018305,034901,EPSG:32648,199980.0,3190200.0,309780.0,3300000.0,True
/home/ec2-user/ndvi_sqs_work/sichuan/raw/HLS-VI.S30.T48RUT.2018305T034901.v2.0.NDVI.tif,HLS-VI.S30.T48RUT.2018305T034901.v2.0.NDVI.tif,S30,T48RUT,2018-11-01,2018305,034901,EPSG:32648,300000.0,3190200.0,409800.0,3300000.0,True
/home/ec2-user/ndvi_sqs_work/sichuan/raw/HLS-VI.S30.T48RUU.2018305T034901.v2.0.NDVI.tif,HLS-VI.S30.T48RUU.2018305T034901.v2.0.NDVI.tif,S30,T48RUU,2018-11-01,2018305,034901,EPSG:32648,300000.0,3290220.0,409800.0,3400020.0,True
/home/ec2-user/ndvi_sqs_work/sichuan/raw/HLS-VI.S30.T48RVT.2018305T034901.v2.0.NDVI.tif,HLS-VI.S30.T48RVT.2018305T034901.v2.0.NDVI.tif,S30,T48RVT,2018-11-01,2018305,034901,EPSG:32648,399960.0,3190200.0,509760.0,3300000.0,True
/home/ec2-user/ndvi_sqs_work/sichuan/raw/HLS-VI.S30.T48RVU.2018305T034901.v2.0.NDVI.tif,HLS-VI.S30.T48RVU.2018305T034901.v2.0.NDVI.tif,S30,T48RVU,2018-11-01,2018305,034901,EPSG:32648,399960.0,3290220.0,509760.0,3400020.0,True
/home/ec2-user/ndvi_sqs_work/sichuan/raw/HLS-VI.S30.T48STB.2018305T034901.v2.0.NDVI.tif,HLS-VI.S30.T48STB.2018305T034901.v2.0.NDVI.tif,S30,T48STB,2018-11-01,2018305,034901,EPSG:32648,199980.0,3590220.0,309780.0,3700020.0,True
/home/ec2-user/ndvi_sqs_work/sichuan/raw/HLS-VI.S30.T48STC.2018305T034901.v2.0.NDVI.tif,HLS-VI.S30.T48STC.2018305T034901.v2.0.NDVI.tif,S30,T48STC,2018-11-01,2018305,034901,EPSG:32648,199980.0,3690240.0,309780.0,3800040.0,True
/home/ec2-user/ndvi_sqs_work/sichuan/raw/HLS-VI.S30.T48STD.2018305T034901.v2.0.NDVI.tif,HLS-VI.S30.T48STD.2018305T034901.v2.0.NDVI.tif,S30,T48STD,2018-11-01,2018305,034901,EPSG:32648,199980.0,3790200.0,309780.0,3900000.0,True
/home/ec2-user/ndvi_sqs_work/sichuan/raw/HLS-VI.S30.T48SUB.2018305T034901.v2.0.NDVI.tif,HLS-VI.S30.T48SUB.2018305T034901.v2.0.NDVI.tif,S30,T48SUB,2018-11-01,2018305,034901,EPSG:32648,300000.0,3590220.0,409800.0,3700020.0,True
/home/ec2-user/ndvi_sqs_work/sichuan/raw/HLS-VI.S30.T48SUC.2018305T034901.v2.0.NDVI.tif,HLS-VI.S30.T48SUC.2018305T034901.v2.0.NDVI.tif,S30,T48SUC,2018-11-01,2018305,034901,EPSG:32648,300000.0,3690240.0,409800.0,3800040.0,True
/home/ec2-user/ndvi_sqs_work/sichuan/raw/HLS-VI.S30.T48SUD.2018305T034901.v2.0.NDVI.tif,HLS-VI.S30.T48SUD.2018305T034901.v2.0.NDVI.tif,S30,T48SUD,2018-11-01,2018305,034901,EPSG:32648,300000.0,3790200.0,409800.0,3900000.0,True
/home/ec2-user/ndvi_sqs_work/sichuan/raw/HLS-VI.S30.T48SVB.2018305T034901.v2.0.NDVI.tif,HLS-VI.S30.T48SVB.2018305T034901.v2.0.NDVI.tif,S30,T48SVB,2018-11-01,2018305,034901,EPSG:32648,399960.0,3590220.0,509760.0,3700020.0,True
/home/ec2-user/ndvi_sqs_work/sichuan/raw/HLS-VI.S30.T48SVC.2018305T034901.v2.0.NDVI.tif,HLS-VI.S30.T48SVC.2018305T034901.v2.0.NDVI.tif,S30,T48SVC,2018-11-01,2018305,034901,EPSG:32648,399960.0,3690240.0,509760.0,3800040.0,True
/home/ec2-user/ndvi_sqs_work/sichuan/raw/HLS-VI.S30.T47RMP.2018306T040919.v2.0.NDVI.tif,HLS-VI.S30.T47RMP.2018306T040919.v2.0.NDVI.tif,S30,T47RMP,2018-11-02,2018306,040919,EPSG:32647,399960.0,3290220.0,509760.0,3400020.0,True
/home/ec2-user/ndvi_sqs_work/sichuan/raw/HLS-VI.S30.T47RMQ.2018306T040919.v2.0.NDVI.tif,HLS-VI.S30.T47RMQ.2018306T040919.v2.0.NDVI.tif,S30,T47RMQ,2018-11-02,2018306,040919,EPSG:32647,399960.0,3390240.0,509760.0,3500040.0,True
/home/ec2-user/ndvi_sqs_work/sichuan/raw/HLS-VI.S30.T47RNQ.2018306T040919.v2.0.NDVI.tif,HLS-VI.S30.T47RNQ.2018306T040919.v2.0.NDVI.tif,S30,T47RNQ,2018-11-02,2018306,040919,EPSG:32647,499980.0,3390240.0,609780.0,3500040.0,True
/home/ec2-user/ndvi_sqs_work/sichuan/raw/HLS-VI.S30.T47SLT.2018306T040919.v2.0.NDVI.tif,HLS-VI.S30.T47SLT.2018306T040919.v2.0.NDVI.tif,S30,T47SLT,2018-11-02,2018306,040919,EPSG:32647,300000.0,3690240.0,409800.0,3800040.0,True
/home/ec2-user/ndvi_sqs_work/sichuan/raw/HLS-VI.S30.T47SMS.2018306T040919.v2.0.NDVI.tif,HLS-VI.S30.T47SMS.2018306T040919.v2.0.NDVI.tif,S30,T47SMS,2018-11-02,2018306,040919,EPSG:32647,399960.0,3590220.0,509760.0,3700020.0,True
/home/ec2-user/ndvi_sqs_work/sichuan/raw/HLS-VI.S30.T47SMT.2018306T040919.v2.0.NDVI.tif,HLS-VI.S30.T47SMT.2018306T040919.v2.0.NDVI.tif,S30,T47SMT,2018-11-02,2018306,040919,EPSG:32647,399960.0,3690240.0,509760.0,3800040.0,True
/home/ec2-user/ndvi_sqs_work/sichuan/raw/HLS-VI.S30.T47SNR.2018306T040919.v2.0.NDVI.tif,HLS-VI.S30.T47SNR.2018306T040919.v2.0.NDVI.tif,S30,T47SNR,2018-11-02,2018306,040919,EPSG:32647,499980.0,3490200.0,609780.0,3600000.0,True
/home/ec2-user/ndvi_sqs_work/sichuan/raw/HLS-VI.S30.T47SNS.2018306T040919.v2.0.NDVI.tif,HLS-VI.S30.T47SNS.2018306T040919.v2.0.NDVI.tif,S30,T47SNS,2018-11-02,2018306,040919,EPSG:32647,499980.0,3590220.0,609780.0,3700020.0,True
/home/ec2-user/ndvi_sqs_work/sichuan/raw/HLS-VI.S30.T47SNT.2018306T040919.v2.0.NDVI.tif,HLS-VI.S30.T47SNT.2018306T040919.v2.0.NDVI.tif,S30,T47SNT,2018-11-02,2018306,040919,EPSG:32647,499980.0,3690240.0,609780.0,3800040.0,True
/home/ec2-user/ndvi_sqs_work/sichuan/raw/HLS-VI.S30.T48RTQ.2018307T033909.v2.0.NDVI.tif,HLS-VI.S30.T48RTQ.2018307T033909.v2.0.NDVI.tif,S30,T48RTQ,2018-11-03,2018307,033909,EPSG:32648,199980.0,2890200.0,309780.0,3000000.0,True
/home/ec2-user/ndvi_sqs_work/sichuan/raw/HLS-VI.S30.T48RTR.2018307T033909.v2.0.NDVI.tif,HLS-VI.S30.T48RTR.2018307T033909.v2.0.NDVI.tif,S30,T48RTR,2018-11-03,2018307,033909,EPSG:32648,199980.0,2990220.0,309780.0,3100020.0,True
/home/ec2-user/ndvi_sqs_work/sichuan/raw/HLS-VI.S30.T48RTS.2018307T033909.v2.0.NDVI.tif,HLS-VI.S30.T48RTS.2018307T033909.v2.0.NDVI.tif,S30,T48RTS,2018-11-03,2018307,033909,EPSG:32648,199980.0,3090240.0,309780.0,3200040.0,True
/home/ec2-user/ndvi_sqs_work/sichuan/raw/HLS-VI.S30.T48RUQ.2018307T033909.v2.0.NDVI.tif,HLS-VI.S30.T48RUQ.2018307T033909.v2.0.NDVI.tif,S30,T48RUQ,2018-11-03,2018307,033909,EPSG:32648,300000.0,2890200.0,409800.0,3000000.0,True
/home/ec2-user/ndvi_sqs_work/sichuan/raw/HLS-VI.S30.T48RUR.2018307T033909.v2.0.NDVI.tif,HLS-VI.S30.T48RUR.2018307T033909.v2.0.NDVI.tif,S30,T48RUR,2018-11-03,2018307,033909,EPSG:32648,300000.0,2990220.0,409800.0,3100020.0,True
/home/ec2-user/ndvi_sqs_work/sichuan/raw/HLS-VI.S30.T48RVT.2018307T033909.v2.0.NDVI.tif,HLS-VI.S30.T48RVT.2018307T033909.v2.0.NDVI.tif,S30,T48RVT,2018-11-03,2018307,033909,EPSG:32648,399960.0,3190200.0,509760.0,3300000.0,True
/home/ec2-user/ndvi_sqs_work/sichuan/raw/HLS-VI.S30.T48RWR.2018307T033909.v2.0.NDVI.tif,HLS-VI.S30.T48RWR.2018307T033909.v2.0.NDVI.tif,S30,T48RWR,2018-11-03,2018307,033909,EPSG:32648,499980.0,2990220.0,609780.0,3100020.0,True
/home/ec2-user/ndvi_sqs_work/sichuan/raw/HLS-VI.S30.T48RWS.2018307T033909.v2.0.NDVI.tif,HLS-VI.S30.T48RWS.2018307T033909.v2.0.NDVI.tif,S30,T48RWS,2018-11-03,2018307,033909,EPSG:32648,499980.0,3090240.0,609780.0,3200040.0,True
/home/ec2-user/ndvi_sqs_work/sichuan/raw/HLS-VI.S30.T48RWT.2018307T033909.v2.0.NDVI.tif,HLS-VI.S30.T48RWT.2018307T033909.v2.0.NDVI.tif,S30,T48RWT,2018-11-03,2018307,033909,EPSG:32648,499980.0,3190200.0,609780.0,3300000.0,True
/home/ec2-user/ndvi_sqs_work/sichuan/raw/HLS-VI.S30.T48RWV.2018307T033909.v2.0.NDVI.tif,HLS-VI.S30.T48RWV.2018307T033909.v2.0.NDVI.tif,S30,T48RWV,2018-11-03,2018307,033909,EPSG:32648,499980.0,3390240.0,609780.0,3500040.0,True
/home/ec2-user/ndvi_sqs_work/sichuan/raw/HLS-VI.S30.T48RXS.2018307T033909.v2.0.NDVI.tif,HLS-VI.S30.T48RXS.2018307T033909.v2.0.NDVI.tif,S30,T48RXS,2018-11-03,2018307,033909,EPSG:32648,600000.0,3090240.0,709800.0,3200040.0,True
/home/ec2-user/ndvi_sqs_work/sichuan/raw/HLS-VI.S30.T48RXT.2018307T033909.v2.0.NDVI.tif,HLS-VI.S30.T48RXT.2018307T033909.v2.0.NDVI.tif,S30,T48RXT,2018-11-03,2018307,033909,EPSG:32648,600000.0,3190200.0,709800.0,3300000.0,True
/home/ec2-user/ndvi_sqs_work/sichuan/raw/HLS-VI.S30.T48RXU.2018307T033909.v2.0.NDVI.tif,HLS-VI.S30.T48RXU.2018307T033909.v2.0.NDVI.tif,S30,T48RXU,2018-11-03,2018307,033909,EPSG:32648,600000.0,3290220.0,709800.0,3400020.0,True
/home/ec2-user/ndvi_sqs_work/sichuan/raw/HLS-VI.S30.T48RXV.2018307T033909.v2.0.NDVI.tif,HLS-VI.S30.T48RXV.2018307T033909.v2.0.NDVI.tif,S30,T48RXV,2018-11-03,2018307,033909,EPSG:32648,600000.0,3390240.0,709800.0,3500040.0,True
/home/ec2-user/ndvi_sqs_work/sichuan/raw/HLS-VI.S30.T48RVR.2018312T033941.v2.0.NDVI.tif,HLS-VI.S30.T48RVR.2018312T033941.v2.0.NDVI.tif,S30,T48RVR,2018-11-08,2018312,033941,EPSG:32648,399960.0,2990220.0,509760.0,3100020.0,True
/home/ec2-user/ndvi_sqs_work/sichuan/raw/HLS-VI.S30.T48RWT.2018312T033941.v2.0.NDVI.tif,HLS-VI.S30.T48RWT.2018312T033941.v2.0.NDVI.tif,S30,T48RWT,2018-11-08,2018312,033941,EPSG:32648,499980.0,3190200.0,609780.0,3300000.0,True
/home/ec2-user/ndvi_sqs_work/sichuan/raw/HLS-VI.S30.T48SVB.2018312T033941.v2.0.NDVI.tif,HLS-VI.S30.T48SVB.2018312T033941.v2.0.NDVI.tif,S30,T48SVB,2018-11-08,2018312,033941,EPSG:32648,399960.0,3590220.0,509760.0,3700020.0,True
/home/ec2-user/ndvi_sqs_work/sichuan/raw/HLS-VI.S30.T47RPL.2018313T035949.v2.0.NDVI.tif,HLS-VI.S30.T47RPL.2018313T035949.v2.0.NDVI.tif,S30,T47RPL,2018-11-09,2018313,035949,EPSG:32647,600000.0,2990220.0,709800.0,3100020.0,True
/home/ec2-user/ndvi_sqs_work/sichuan/raw/HLS-VI.S30.T48STB.2018313T035949.v2.0.NDVI.tif,HLS-VI.S30.T48STB.2018313T035949.v2.0.NDVI.tif,S30,T48STB,2018-11-09,2018313,035949,EPSG:32648,199980.0,3590220.0,309780.0,3700020.0,True
/home/ec2-user/ndvi_sqs_work/sichuan/raw/HLS-VI.S30.T48STC.2018313T035949.v2.0.NDVI.tif,HLS-VI.S30.T48STC.2018313T035949.v2.0.NDVI.tif,S30,T48STC,2018-11-09,2018313,035949,EPSG:32648,199980.0,3690240.0,309780.0,3800040.0,True
/home/ec2-user/ndvi_sqs_work/sichuan/raw/HLS-VI.S30.T47RPL.2018315T035001.v2.0.NDVI.tif,HLS-VI.S30.T47RPL.2018315T035001.v2.0.NDVI.tif,S30,T47RPL,2018-11-11,2018315,035001,EPSG:32647,600000.0,2990220.0,709800.0,3100020.0,True
/home/ec2-user/ndvi_sqs_work/sichuan/raw/HLS-VI.S30.T47RPM.2018315T035001.v2.0.NDVI.tif,HLS-VI.S30.T47RPM.2018315T035001.v2.0.NDVI.tif,S30,T47RPM,2018-11-11,2018315,035001,EPSG:32647,600000.0,3090240.0,709800.0,3200040.0,True
/home/ec2-user/ndvi_sqs_work/sichuan/raw/HLS-VI.S30.T47RPN.2018315T035001.v2.0.NDVI.tif,HLS-VI.S30.T47RPN.2018315T035001.v2.0.NDVI.tif,S30,T47RPN,2018-11-11,2018315,035001,EPSG:32647,600000.0,3190200.0,709800.0,3300000.0,True
/home/ec2-user/ndvi_sqs_work/sichuan/raw/HLS-VI.S30.T47RPP.2018315T035001.v2.0.NDVI.tif,HLS-VI.S30.T47RPP.2018315T035001.v2.0.NDVI.tif,S30,T47RPP,2018-11-11,2018315,035001,EPSG:32647,600000.0,3290220.0,709800.0,3400020.0,True
/home/ec2-user/ndvi_sqs_work/sichuan/raw/HLS-VI.S30.T47RQK.2018315T035001.v2.0.NDVI.tif,HLS-VI.S30.T47RQK.2018315T035001.v2.0.NDVI.tif,S30,T47RQK,2018-11-11,2018315,035001,EPSG:32647,699960.0,2890200.0,809760.0,3000000.0,True
/home/ec2-user/ndvi_sqs_work/sichuan/raw/HLS-VI.S30.T47RQL.2018315T035001.v2.0.NDVI.tif,HLS-VI.S30.T47RQL.2018315T035001.v2.0.NDVI.tif,S30,T47RQL,2018-11-11,2018315,035001,EPSG:32647,699960.0,2990220.0,809760.0,3100020.0,True
/home/ec2-user/ndvi_sqs_work/sichuan/raw/HLS-VI.S30.T47RQM.2018315T035001.v2.0.NDVI.tif,HLS-VI.S30.T47RQM.2018315T035001.v2.0.NDVI.tif,S30,T47RQM,2018-11-11,2018315,035001,EPSG:32647,699960.0,3090240.0,809760.0,3200040.0,True
/home/ec2-user/ndvi_sqs_work/sichuan/raw/HLS-VI.S30.T48RTQ.2018315T035001.v2.0.NDVI.tif,HLS-VI.S30.T48RTQ.2018315T035001.v2.0.NDVI.tif,S30,T48RTQ,2018-11-11,2018315,035001,EPSG:32648,199980.0,2890200.0,309780.0,3000000.0,True
/home/ec2-user/ndvi_sqs_work/sichuan/raw/HLS-VI.S30.T48RTR.2018315T035001.v2.0.NDVI.tif,HLS-VI.S30.T48RTR.2018315T035001.v2.0.NDVI.tif,S30,T48RTR,2018-11-11,2018315,035001,EPSG:32648,199980.0,2990220.0,309780.0,3100020.0,True
/home/ec2-user/ndvi_sqs_work/sichuan/raw/HLS-VI.S30.T48RUQ.2018315T035001.v2.0.NDVI.tif,HLS-VI.S30.T48RUQ.2018315T035001.v2.0.NDVI.tif,S30,T48RUQ,2018-11-11,2018315,035001,EPSG:32648,300000.0,2890200.0,409800.0,3000000.0,True
/home/ec2-user/ndvi_sqs_work/sichuan/raw/HLS-VI.S30.T47RPL.2018318T040011.v2.0.NDVI.tif,HLS-VI.S30.T47RPL.2018318T040011.v2.0.NDVI.tif,S30,T47RPL,2018-11-14,2018318,040011,EPSG:32647,600000.0,2990220.0,709800.0,3100020.0,True
/home/ec2-user/ndvi_sqs_work/sichuan/raw/HLS-VI.S30.T47RPM.2018318T040011.v2.0.NDVI.tif,HLS-VI.S30.T47RPM.2018318T040011.v2.0.NDVI.tif,S30,T47RPM,2018-11-14,2018318,040011,EPSG:32647,600000.0,3090240.0,709800.0,3200040.0,True
/home/ec2-user/ndvi_sqs_work/sichuan/raw/HLS-VI.S30.T47RPN.2018318T040011.v2.0.NDVI.tif,HLS-VI.S30.T47RPN.2018318T040011.v2.0.NDVI.tif,S30,T47RPN,2018-11-14,2018318,040011,EPSG:32647,600000.0,3190200.0,709800.0,3300000.0,True
/home/ec2-user/ndvi_sqs_work/sichuan/raw/HLS-VI.S30.T47RQM.2018318T040011.v2.0.NDVI.tif,HLS-VI.S30.T47RQM.2018318T040011.v2.0.NDVI.tif,S30,T47RQM,2018-11-14,2018318,040011,EPSG:32647,699960.0,3090240.0,809760.0,3200040.0,True
/home/ec2-user/ndvi_sqs_work/sichuan/raw/HLS-VI.S30.T47RQN.2018318T040011.v2.0.NDVI.tif,HLS-VI.S30.T47RQN.2018318T040011.v2.0.NDVI.tif,S30,T47RQN,2018-11-14,2018318,040011,EPSG:32647,699960.0,3190200.0,809760.0,3300000.0,True
/home/ec2-user/ndvi_sqs_work/sichuan/raw/HLS-VI.S30.T48STC.2018318T040011.v2.0.NDVI.tif,HLS-VI.S30.T48STC.2018318T040011.v2.0.NDVI.tif,S30,T48STC,2018-11-14,2018318,040011,EPSG:32648,199980.0,3690240.0,309780.0,3800040.0,True
/home/ec2-user/ndvi_sqs_work/sichuan/raw/HLS-VI.S30.T47RQK.2018320T035019.v2.0.NDVI.tif,HLS-VI.S30.T47RQK.2018320T035019.v2.0.NDVI.tif,S30,T47RQK,2018-11-16,2018320,035019,EPSG:32647,699960.0,2890200.0,809760.0,3000000.0,True
/home/ec2-user/ndvi_sqs_work/sichuan/raw/HLS-VI.S30.T48RTQ.2018320T035019.v2.0.NDVI.tif,HLS-VI.S30.T48RTQ.2018320T035019.v2.0.NDVI.tif,S30,T48RTQ,2018-11-16,2018320,035019,EPSG:32648,199980.0,2890200.0,309780.0,3000000.0,True
/home/ec2-user/ndvi_sqs_work/sichuan/raw/HLS-VI.S30.T48RUQ.2018320T035019.v2.0.NDVI.tif,HLS-VI.S30.T48RUQ.2018320T035019.v2.0.NDVI.tif,S30,T48RUQ,2018-11-16,2018320,035019,EPSG:32648,300000.0,2890200.0,409800.0,3000000.0,True
/home/ec2-user/ndvi_sqs_work/sichuan/raw/HLS-VI.S30.T48RTQ.2018322T034021.v2.0.NDVI.tif,HLS-VI.S30.T48RTQ.2018322T034021.v2.0.NDVI.tif,S30,T48RTQ,2018-11-18,2018322,034021,EPSG:32648,199980.0,2890200.0,309780.0,3000000.0,True
/home/ec2-user/ndvi_sqs_work/sichuan/raw/HLS-VI.S30.T48SWA.2018322T034021.v2.0.NDVI.tif,HLS-VI.S30.T48SWA.2018322T034021.v2.0.NDVI.tif,S30,T48SWA,2018-11-18,2018322,034021,EPSG:32648,499980.0,3490200.0,609780.0,3600000.0,True
/home/ec2-user/ndvi_sqs_work/sichuan/raw/HLS-VI.S30.T48SXB.2018322T034021.v2.0.NDVI.tif,HLS-VI.S30.T48SXB.2018322T034021.v2.0.NDVI.tif,S30,T48SXB,2018-11-18,2018322,034021,EPSG:32648,600000.0,3590220.0,709800.0,3700020.0,True
/home/ec2-user/ndvi_sqs_work/sichuan/raw/HLS-VI.S30.T47RPM.2018323T040039.v2.0.NDVI.tif,HLS-VI.S30.T47RPM.2018323T040039.v2.0.NDVI.tif,S30,T47RPM,2018-11-19,2018323,040039,EPSG:32647,600000.0,3090240.0,709800.0,3200040.0,True
/home/ec2-user/ndvi_sqs_work/sichuan/raw/HLS-VI.S30.T47RQM.2018323T040039.v2.0.NDVI.tif,HLS-VI.S30.T47RQM.2018323T040039.v2.0.NDVI.tif,S30,T47RQM,2018-11-19,2018323,040039,EPSG:32647,699960.0,3090240.0,809760.0,3200040.0,True
/home/ec2-user/ndvi_sqs_work/sichuan/raw/HLS-VI.S30.T48STC.2018323T040039.v2.0.NDVI.tif,HLS-VI.S30.T48STC.2018323T040039.v2.0.NDVI.tif,S30,T48STC,2018-11-19,2018323,040039,EPSG:32648,199980.0,3690240.0,309780.0,3800040.0,True
/home/ec2-user/ndvi_sqs_work/sichuan/raw/HLS-VI.S30.T47RPL.2018325T035041.v2.0.NDVI.tif,HLS-VI.S30.T47RPL.2018325T035041.v2.0.NDVI.tif,S30,T47RPL,2018-11-21,2018325,035041,EPSG:32647,600000.0,2990220.0,709800.0,3100020.0,True
/home/ec2-user/ndvi_sqs_work/sichuan/raw/HLS-VI.S30.T47RQK.2018325T035041.v2.0.NDVI.tif,HLS-VI.S30.T47RQK.2018325T035041.v2.0.NDVI.tif,S30,T47RQK,2018-11-21,2018325,035041,EPSG:32647,699960.0,2890200.0,809760.0,3000000.0,True
/home/ec2-user/ndvi_sqs_work/sichuan/raw/HLS-VI.S30.T47SQT.2018325T035041.v2.0.NDVI.tif,HLS-VI.S30.T47SQT.2018325T035041.v2.0.NDVI.tif,S30,T47SQT,2018-11-21,2018325,035041,EPSG:32647,699960.0,3690240.0,809760.0,3800040.0,True
/home/ec2-user/ndvi_sqs_work/sichuan/raw/HLS-VI.S30.T48RTQ.2018327T034049.v2.0.NDVI.tif,HLS-VI.S30.T48RTQ.2018327T034049.v2.0.NDVI.tif,S30,T48RTQ,2018-11-23,2018327,034049,EPSG:32648,199980.0,2890200.0,309780.0,3000000.0,True
/home/ec2-user/ndvi_sqs_work/sichuan/raw/HLS-VI.S30.T48RTR.2018327T034049.v2.0.NDVI.tif,HLS-VI.S30.T48RTR.2018327T034049.v2.0.NDVI.tif,S30,T48RTR,2018-11-23,2018327,034049,EPSG:32648,199980.0,2990220.0,309780.0,3100020.0,True
/home/ec2-user/ndvi_sqs_work/sichuan/raw/HLS-VI.S30.T48RTS.2018327T034049.v2.0.NDVI.tif,HLS-VI.S30.T48RTS.2018327T034049.v2.0.NDVI.tif,S30,T48RTS,2018-11-23,2018327,034049,EPSG:32648,199980.0,3090240.0,309780.0,3200040.0,True
/home/ec2-user/ndvi_sqs_work/sichuan/raw/HLS-VI.S30.T48RUR.2018327T034049.v2.0.NDVI.tif,HLS-VI.S30.T48RUR.2018327T034049.v2.0.NDVI.tif,S30,T48RUR,2018-11-23,2018327,034049,EPSG:32648,300000.0,2990220.0,409800.0,3100020.0,True
/home/ec2-user/ndvi_sqs_work/sichuan/raw/HLS-VI.S30.T48RUS.2018327T034049.v2.0.NDVI.tif,HLS-VI.S30.T48RUS.2018327T034049.v2.0.NDVI.tif,S30,T48RUS,2018-11-23,2018327,034049,EPSG:32648,300000.0,3090240.0,409800.0,3200040.0,True
/home/ec2-user/ndvi_sqs_work/sichuan/raw/HLS-VI.S30.T48RVR.2018327T034049.v2.0.NDVI.tif,HLS-VI.S30.T48RVR.2018327T034049.v2.0.NDVI.tif,S30,T48RVR,2018-11-23,2018327,034049,EPSG:32648,399960.0,2990220.0,509760.0,3100020.0,True
/home/ec2-user/ndvi_sqs_work/sichuan/raw/HLS-VI.S30.T48RWR.2018327T034049.v2.0.NDVI.tif,HLS-VI.S30.T48RWR.2018327T034049.v2.0.NDVI.tif,S30,T48RWR,2018-11-23,2018327,034049,EPSG:32648,499980.0,2990220.0,609780.0,3100020.0,True
/home/ec2-user/ndvi_sqs_work/sichuan/raw/HLS-VI.S30.T47RPL.2018328T040051.v2.0.NDVI.tif,HLS-VI.S30.T47RPL.2018328T040051.v2.0.NDVI.tif,S30,T47RPL,2018-11-24,2018328,040051,EPSG:32647,600000.0,2990220.0,709800.0,3100020.0,True
/home/ec2-user/ndvi_sqs_work/sichuan/raw/HLS-VI.S30.T47RPM.2018328T040051.v2.0.NDVI.tif,HLS-VI.S30.T47RPM.2018328T040051.v2.0.NDVI.tif,S30,T47RPM,2018-11-24,2018328,040051,EPSG:32647,600000.0,3090240.0,709800.0,3200040.0,True
/home/ec2-user/ndvi_sqs_work/sichuan/raw/HLS-VI.S30.T47RPN.2018328T040051.v2.0.NDVI.tif,HLS-VI.S30.T47RPN.2018328T040051.v2.0.NDVI.tif,S30,T47RPN,2018-11-24,2018328,040051,EPSG:32647,600000.0,3190200.0,709800.0,3300000.0,True
/home/ec2-user/ndvi_sqs_work/sichuan/raw/HLS-VI.S30.T47RQM.2018328T040051.v2.0.NDVI.tif,HLS-VI.S30.T47RQM.2018328T040051.v2.0.NDVI.tif,S30,T47RQM,2018-11-24,2018328,040051,EPSG:32647,699960.0,3090240.0,809760.0,3200040.0,True
/home/ec2-user/ndvi_sqs_work/sichuan/raw/HLS-VI.S30.T48RWR.2018329T033051.v2.0.NDVI.tif,HLS-VI.S30.T48RWR.2018329T033051.v2.0.NDVI.tif,S30,T48RWR,2018-11-25,2018329,033051,EPSG:32648,499980.0,2990220.0,609780.0,3100020.0,True
/home/ec2-user/ndvi_sqs_work/sichuan/raw/HLS-VI.S30.T48RWS.2018329T033051.v2.0.NDVI.tif,HLS-VI.S30.T48RWS.2018329T033051.v2.0.NDVI.tif,S30,T48RWS,2018-11-25,2018329,033051,EPSG:32648,499980.0,3090240.0,609780.0,3200040.0,True
/home/ec2-user/ndvi_sqs_work/sichuan/raw/HLS-VI.S30.T48RXR.2018329T033051.v2.0.NDVI.tif,HLS-VI.S30.T48RXR.2018329T033051.v2.0.NDVI.tif,S30,T48RXR,2018-11-25,2018329,033051,EPSG:32648,600000.0,2990220.0,709800.0,3100020.0,True
/home/ec2-user/ndvi_sqs_work/sichuan/raw/HLS-VI.S30.T48RXS.2018329T033051.v2.0.NDVI.tif,HLS-VI.S30.T48RXS.2018329T033051.v2.0.NDVI.tif,S30,T48RXS,2018-11-25,2018329,033051,EPSG:32648,600000.0,3090240.0,709800.0,3200040.0,True
/home/ec2-user/ndvi_sqs_work/sichuan/raw/HLS-VI.S30.T49SBS.2018329T033051.v2.0.NDVI.tif,HLS-VI.S30.T49SBS.2018329T033051.v2.0.NDVI.tif,S30,T49SBS,2018-11-25,2018329,033051,EPSG:32649,199980.0,3590220.0,309780.0,3700020.0,True
/home/ec2-user/ndvi_sqs_work/sichuan/raw/HLS-VI.S30.T47RPL.2018330T035059.v2.0.NDVI.tif,HLS-VI.S30.T47RPL.2018330T035059.v2.0.NDVI.tif,S30,T47RPL,2018-11-26,2018330,035059,EPSG:32647,600000.0,2990220.0,709800.0,3100020.0,True
/home/ec2-user/ndvi_sqs_work/sichuan/raw/HLS-VI.S30.T47RQK.2018330T035059.v2.0.NDVI.tif,HLS-VI.S30.T47RQK.2018330T035059.v2.0.NDVI.tif,S30,T47RQK,2018-11-26,2018330,035059,EPSG:32647,699960.0,2890200.0,809760.0,3000000.0,True
/home/ec2-user/ndvi_sqs_work/sichuan/raw/HLS-VI.S30.T47RQL.2018330T035059.v2.0.NDVI.tif,HLS-VI.S30.T47RQL.2018330T035059.v2.0.NDVI.tif,S30,T47RQL,2018-11-26,2018330,035059,EPSG:32647,699960.0,2990220.0,809760.0,3100020.0,True
/home/ec2-user/ndvi_sqs_work/sichuan/raw/HLS-VI.S30.T48RTQ.2018330T035059.v2.0.NDVI.tif,HLS-VI.S30.T48RTQ.2018330T035059.v2.0.NDVI.tif,S30,T48RTQ,2018-11-26,2018330,035059,EPSG:32648,199980.0,2890200.0,309780.0,3000000.0,True
/home/ec2-user/ndvi_sqs_work/sichuan/raw/HLS-VI.S30.T48RTR.2018330T035059.v2.0.NDVI.tif,HLS-VI.S30.T48RTR.2018330T035059.v2.0.NDVI.tif,S30,T48RTR,2018-11-26,2018330,035059,EPSG:32648,199980.0,2990220.0,309780.0,3100020.0,True
/home/ec2-user/ndvi_sqs_work/sichuan/raw/HLS-VI.S30.T48RTS.2018330T035059.v2.0.NDVI.tif,HLS-VI.S30.T48RTS.2018330T035059.v2.0.NDVI.tif,S30,T48RTS,2018-11-26,2018330,035059,EPSG:32648,199980.0,3090240.0,309780.0,3200040.0,True
/home/ec2-user/ndvi_sqs_work/sichuan/raw/HLS-VI.S30.T48RUQ.2018330T035059.v2.0.NDVI.tif,HLS-VI.S30.T48RUQ.2018330T035059.v2.0.NDVI.tif,S30,T48RUQ,2018-11-26,2018330,035059,EPSG:32648,300000.0,2890200.0,409800.0,3000000.0,True
/home/ec2-user/ndvi_sqs_work/sichuan/raw/HLS-VI.S30.T48RUR.2018330T035059.v2.0.NDVI.tif,HLS-VI.S30.T48RUR.2018330T035059.v2.0.NDVI.tif,S30,T48RUR,2018-11-26,2018330,035059,EPSG:32648,300000.0,2990220.0,409800.0,3100020.0,True
/home/ec2-user/ndvi_sqs_work/sichuan/raw/HLS-VI.S30.T48RTQ.2018332T034101.v2.0.NDVI.tif,HLS-VI.S30.T48RTQ.2018332T034101.v2.0.NDVI.tif,S30,T48RTQ,2018-11-28,2018332,034101,EPSG:32648,199980.0,2890200.0,309780.0,3000000.0,True
/home/ec2-user/ndvi_sqs_work/sichuan/raw/HLS-VI.S30.T48RTR.2018332T034101.v2.0.NDVI.tif,HLS-VI.S30.T48RTR.2018332T034101.v2.0.NDVI.tif,S30,T48RTR,2018-11-28,2018332,034101,EPSG:32648,199980.0,2990220.0,309780.0,3100020.0,True
/home/ec2-user/ndvi_sqs_work/sichuan/raw/HLS-VI.S30.T48RTS.2018332T034101.v2.0.NDVI.tif,HLS-VI.S30.T48RTS.2018332T034101.v2.0.NDVI.tif,S30,T48RTS,2018-11-28,2018332,034101,EPSG:32648,199980.0,3090240.0,309780.0,3200040.0,True
/home/ec2-user/ndvi_sqs_work/sichuan/raw/HLS-VI.S30.T48RUQ.2018332T034101.v2.0.NDVI.tif,HLS-VI.S30.T48RUQ.2018332T034101.v2.0.NDVI.tif,S30,T48RUQ,2018-11-28,2018332,034101,EPSG:32648,300000.0,2890200.0,409800.0,3000000.0,True
/home/ec2-user/ndvi_sqs_work/sichuan/raw/HLS-VI.S30.T48RUR.2018332T034101.v2.0.NDVI.tif,HLS-VI.S30.T48RUR.2018332T034101.v2.0.NDVI.tif,S30,T48RUR,2018-11-28,2018332,034101,EPSG:32648,300000.0,2990220.0,409800.0,3100020.0,True
/home/ec2-user/ndvi_sqs_work/sichuan/raw/HLS-VI.S30.T47RPL.2018333T040119.v2.0.NDVI.tif,HLS-VI.S30.T47RPL.2018333T040119.v2.0.NDVI.tif,S30,T47RPL,2018-11-29,2018333,040119,EPSG:32647,600000.0,2990220.0,709800.0,3100020.0,True
/home/ec2-user/ndvi_sqs_work/sichuan/raw/HLS-VI.S30.T47SPR.2018333T040119.v2.0.NDVI.tif,HLS-VI.S30.T47SPR.2018333T040119.v2.0.NDVI.tif,S30,T47SPR,2018-11-29,2018333,040119,EPSG:32647,600000.0,3490200.0,709800.0,3600000.0,True
/home/ec2-user/ndvi_sqs_work/sichuan/raw/HLS-VI.S30.T47RPL.2018335T035111.v2.0.NDVI.tif,HLS-VI.S30.T47RPL.2018335T035111.v2.0.NDVI.tif,S30,T47RPL,2018-12-01,2018335,035111,EPSG:32647,600000.0,2990220.0,709800.0,3100020.0,True
/home/ec2-user/ndvi_sqs_work/sichuan/raw/HLS-VI.S30.T47RPM.2018335T035111.v2.0.NDVI.tif,HLS-VI.S30.T47RPM.2018335T035111.v2.0.NDVI.tif,S30,T47RPM,2018-12-01,2018335,035111,EPSG:32647,600000.0,3090240.0,709800.0,3200040.0,True
/home/ec2-user/ndvi_sqs_work/sichuan/raw/HLS-VI.S30.T47RPN.2018335T035111.v2.0.NDVI.tif,HLS-VI.S30.T47RPN.2018335T035111.v2.0.NDVI.tif,S30,T47RPN,2018-12-01,2018335,035111,EPSG:32647,600000.0,3190200.0,709800.0,3300000.0,True
/home/ec2-user/ndvi_sqs_work/sichuan/raw/HLS-VI.S30.T47RPP.2018335T035111.v2.0.NDVI.tif,HLS-VI.S30.T47RPP.2018335T035111.v2.0.NDVI.tif,S30,T47RPP,2018-12-01,2018335,035111,EPSG:32647,600000.0,3290220.0,709800.0,3400020.0,True
/home/ec2-user/ndvi_sqs_work/sichuan/raw/HLS-VI.S30.T47RQK.2018335T035111.v2.0.NDVI.tif,HLS-VI.S30.T47RQK.2018335T035111.v2.0.NDVI.tif,S30,T47RQK,2018-12-01,2018335,035111,EPSG:32647,699960.0,2890200.0,809760.0,3000000.0,True
/home/ec2-user/ndvi_sqs_work/sichuan/raw/HLS-VI.S30.T48RTQ.2018337T034149.v2.0.NDVI.tif,HLS-VI.S30.T48RTQ.2018337T034149.v2.0.NDVI.tif,S30,T48RTQ,2018-12-03,2018337,034149,EPSG:32648,199980.0,2890200.0,309780.0,3000000.0,True
/home/ec2-user/ndvi_sqs_work/sichuan/raw/HLS-VI.S30.T48RTR.2018337T034149.v2.0.NDVI.tif,HLS-VI.S30.T48RTR.2018337T034149.v2.0.NDVI.tif,S30,T48RTR,2018-12-03,2018337,034149,EPSG:32648,199980.0,2990220.0,309780.0,3100020.0,True
/home/ec2-user/ndvi_sqs_work/sichuan/raw/HLS-VI.S30.T48RTS.2018337T034149.v2.0.NDVI.tif,HLS-VI.S30.T48RTS.2018337T034149.v2.0.NDVI.tif,S30,T48RTS,2018-12-03,2018337,034149,EPSG:32648,199980.0,3090240.0,309780.0,3200040.0,True
/home/ec2-user/ndvi_sqs_work/sichuan/raw/HLS-VI.S30.T48RUQ.2018337T034149.v2.0.NDVI.tif,HLS-VI.S30.T48RUQ.2018337T034149.v2.0.NDVI.tif,S30,T48RUQ,2018-12-03,2018337,034149,EPSG:32648,300000.0,2890200.0,409800.0,3000000.0,True
/home/ec2-user/ndvi_sqs_work/sichuan/raw/HLS-VI.S30.T47RPL.2018338T040121.v2.0.NDVI.tif,HLS-VI.S30.T47RPL.2018338T040121.v2.0.NDVI.tif,S30,T47RPL,2018-12-04,2018338,040121,EPSG:32647,600000.0,2990220.0,709800.0,3100020.0,True
/home/ec2-user/ndvi_sqs_work/sichuan/raw/HLS-VI.S30.T47RQM.2018338T040121.v2.0.NDVI.tif,HLS-VI.S30.T47RQM.2018338T040121.v2.0.NDVI.tif,S30,T47RQM,2018-12-04,2018338,040121,EPSG:32647,699960.0,3090240.0,809760.0,3200040.0,True
/home/ec2-user/ndvi_sqs_work/sichuan/raw/HLS-VI.S30.T47RPL.2018343T040139.v2.0.NDVI.tif,HLS-VI.S30.T47RPL.2018343T040139.v2.0.NDVI.tif,S30,T47RPL,2018-12-09,2018343,040139,EPSG:32647,600000.0,2990220.0,709800.0,3100020.0,True
/home/ec2-user/ndvi_sqs_work/sichuan/raw/HLS-VI.S30.T48STB.2018343T040139.v2.0.NDVI.tif,HLS-VI.S30.T48STB.2018343T040139.v2.0.NDVI.tif,S30,T48STB,2018-12-09,2018343,040139,EPSG:32648,199980.0,3590220.0,309780.0,3700020.0,True
/home/ec2-user/ndvi_sqs_work/sichuan/raw/HLS-VI.S30.T48STC.2018343T040139.v2.0.NDVI.tif,HLS-VI.S30.T48STC.2018343T040139.v2.0.NDVI.tif,S30,T48STC,2018-12-09,2018343,040139,EPSG:32648,199980.0,3690240.0,309780.0,3800040.0,True
/home/ec2-user/ndvi_sqs_work/sichuan/raw/HLS-VI.S30.T47RPL.2018345T035131.v2.0.NDVI.tif,HLS-VI.S30.T47RPL.2018345T035131.v2.0.NDVI.tif,S30,T47RPL,2018-12-11,2018345,035131,EPSG:32647,600000.0,2990220.0,709800.0,3100020.0,True
/home/ec2-user/ndvi_sqs_work/sichuan/raw/HLS-VI.S30.T47RQK.2018345T035131.v2.0.NDVI.tif,HLS-VI.S30.T47RQK.2018345T035131.v2.0.NDVI.tif,S30,T47RQK,2018-12-11,2018345,035131,EPSG:32647,699960.0,2890200.0,809760.0,3000000.0,True
/home/ec2-user/ndvi_sqs_work/sichuan/raw/HLS-VI.S30.T47RQL.2018345T035131.v2.0.NDVI.tif,HLS-VI.S30.T47RQL.2018345T035131.v2.0.NDVI.tif,S30,T47RQL,2018-12-11,2018345,035131,EPSG:32647,699960.0,2990220.0,809760.0,3100020.0,True
/home/ec2-user/ndvi_sqs_work/sichuan/raw/HLS-VI.S30.T47SQR.2018345T035131.v2.0.NDVI.tif,HLS-VI.S30.T47SQR.2018345T035131.v2.0.NDVI.tif,S30,T47SQR,2018-12-11,2018345,035131,EPSG:32647,699960.0,3490200.0,809760.0,3600000.0,True
/home/ec2-user/ndvi_sqs_work/sichuan/raw/HLS-VI.S30.T47SQS.2018345T035131.v2.0.NDVI.tif,HLS-VI.S30.T47SQS.2018345T035131.v2.0.NDVI.tif,S30,T47SQS,2018-12-11,2018345,035131,EPSG:32647,699960.0,3590220.0,809760.0,3700020.0,True
/home/ec2-user/ndvi_sqs_work/sichuan/raw/HLS-VI.S30.T48RTQ.2018345T035131.v2.0.NDVI.tif,HLS-VI.S30.T48RTQ.2018345T035131.v2.0.NDVI.tif,S30,T48RTQ,2018-12-11,2018345,035131,EPSG:32648,199980.0,2890200.0,309780.0,3000000.0,True
/home/ec2-user/ndvi_sqs_work/sichuan/raw/HLS-VI.S30.T48RUQ.2018345T035131.v2.0.NDVI.tif,HLS-VI.S30.T48RUQ.2018345T035131.v2.0.NDVI.tif,S30,T48RUQ,2018-12-11,2018345,035131,EPSG:32648,300000.0,2890200.0,409800.0,3000000.0,True
/home/ec2-user/ndvi_sqs_work/sichuan/raw/HLS-VI.S30.T48STA.2018345T035131.v2.0.NDVI.tif,HLS-VI.S30.T48STA.2018345T035131.v2.0.NDVI.tif,S30,T48STA,2018-12-11,2018345,035131,EPSG:32648,199980.0,3490200.0,309780.0,3600000.0,True
/home/ec2-user/ndvi_sqs_work/sichuan/raw/HLS-VI.S30.T48STB.2018345T035131.v2.0.NDVI.tif,HLS-VI.S30.T48STB.2018345T035131.v2.0.NDVI.tif,S30,T48STB,2018-12-11,2018345,035131,EPSG:32648,199980.0,3590220.0,309780.0,3700020.0,True
/home/ec2-user/ndvi_sqs_work/sichuan/raw/HLS-VI.S30.T48RTQ.2018347T034139.v2.0.NDVI.tif,HLS-VI.S30.T48RTQ.2018347T034139.v2.0.NDVI.tif,S30,T48RTQ,2018-12-13,2018347,034139,EPSG:32648,199980.0,2890200.0,309780.0,3000000.0,True
/home/ec2-user/ndvi_sqs_work/sichuan/raw/HLS-VI.S30.T48RUQ.2018347T034139.v2.0.NDVI.tif,HLS-VI.S30.T48RUQ.2018347T034139.v2.0.NDVI.tif,S30,T48RUQ,2018-12-13,2018347,034139,EPSG:32648,300000.0,2890200.0,409800.0,3000000.0,True
/home/ec2-user/ndvi_sqs_work/sichuan/raw/HLS-VI.S30.T47SQS.2018348T040141.v2.0.NDVI.tif,HLS-VI.S30.T47SQS.2018348T040141.v2.0.NDVI.tif,S30,T47SQS,2018-12-14,2018348,040141,EPSG:32647,699960.0,3590220.0,809760.0,3700020.0,True
/home/ec2-user/ndvi_sqs_work/sichuan/raw/HLS-VI.S30.T47SQT.2018348T040141.v2.0.NDVI.tif,HLS-VI.S30.T47SQT.2018348T040141.v2.0.NDVI.tif,S30,T47SQT,2018-12-14,2018348,040141,EPSG:32647,699960.0,3690240.0,809760.0,3800040.0,True
/home/ec2-user/ndvi_sqs_work/sichuan/raw/HLS-VI.S30.T48STB.2018348T040141.v2.0.NDVI.tif,HLS-VI.S30.T48STB.2018348T040141.v2.0.NDVI.tif,S30,T48STB,2018-12-14,2018348,040141,EPSG:32648,199980.0,3590220.0,309780.0,3700020.0,True
/home/ec2-user/ndvi_sqs_work/sichuan/raw/HLS-VI.S30.T48STC.2018348T040141.v2.0.NDVI.tif,HLS-VI.S30.T48STC.2018348T040141.v2.0.NDVI.tif,S30,T48STC,2018-12-14,2018348,040141,EPSG:32648,199980.0,3690240.0,309780.0,3800040.0,True
/home/ec2-user/ndvi_sqs_work/sichuan/raw/HLS-VI.S30.T48STD.2018348T040141.v2.0.NDVI.tif,HLS-VI.S30.T48STD.2018348T040141.v2.0.NDVI.tif,S30,T48STD,2018-12-14,2018348,040141,EPSG:32648,199980.0,3790200.0,309780.0,3900000.0,True
/home/ec2-user/ndvi_sqs_work/sichuan/raw/HLS-VI.S30.T48RTS.2018350T035149.v2.0.NDVI.tif,HLS-VI.S30.T48RTS.2018350T035149.v2.0.NDVI.tif,S30,T48RTS,2018-12-16,2018350,035149,EPSG:32648,199980.0,3090240.0,309780.0,3200040.0,True
/home/ec2-user/ndvi_sqs_work/sichuan/raw/HLS-VI.S30.T48RUS.2018350T035149.v2.0.NDVI.tif,HLS-VI.S30.T48RUS.2018350T035149.v2.0.NDVI.tif,S30,T48RUS,2018-12-16,2018350,035149,EPSG:32648,300000.0,3090240.0,409800.0,3200040.0,True
/home/ec2-user/ndvi_sqs_work/sichuan/raw/HLS-VI.S30.T48RUT.2018350T035149.v2.0.NDVI.tif,HLS-VI.S30.T48RUT.2018350T035149.v2.0.NDVI.tif,S30,T48RUT,2018-12-16,2018350,035149,EPSG:32648,300000.0,3190200.0,409800.0,3300000.0,True
/home/ec2-user/ndvi_sqs_work/sichuan/raw/HLS-VI.S30.T48RUU.2018350T035149.v2.0.NDVI.tif,HLS-VI.S30.T48RUU.2018350T035149.v2.0.NDVI.tif,S30,T48RUU,2018-12-16,2018350,035149,EPSG:32648,300000.0,3290220.0,409800.0,3400020.0,True
/home/ec2-user/ndvi_sqs_work/sichuan/raw/HLS-VI.S30.T48RVT.2018350T035149.v2.0.NDVI.tif,HLS-VI.S30.T48RVT.2018350T035149.v2.0.NDVI.tif,S30,T48RVT,2018-12-16,2018350,035149,EPSG:32648,399960.0,3190200.0,509760.0,3300000.0,True
/home/ec2-user/ndvi_sqs_work/sichuan/raw/HLS-VI.S30.T48RVU.2018350T035149.v2.0.NDVI.tif,HLS-VI.S30.T48RVU.2018350T035149.v2.0.NDVI.tif,S30,T48RVU,2018-12-16,2018350,035149,EPSG:32648,399960.0,3290220.0,509760.0,3400020.0,True
/home/ec2-user/ndvi_sqs_work/sichuan/raw/HLS-VI.S30.T48RVV.2018350T035149.v2.0.NDVI.tif,HLS-VI.S30.T48RVV.2018350T035149.v2.0.NDVI.tif,S30,T48RVV,2018-12-16,2018350,035149,EPSG:32648,399960.0,3390240.0,509760.0,3500040.0,True
/home/ec2-user/ndvi_sqs_work/sichuan/raw/HLS-VI.S30.T48SVA.2018350T035149.v2.0.NDVI.tif,HLS-VI.S30.T48SVA.2018350T035149.v2.0.NDVI.tif,S30,T48SVA,2018-12-16,2018350,035149,EPSG:32648,399960.0,3490200.0,509760.0,3600000.0,True
/home/ec2-user/ndvi_sqs_work/sichuan/raw/HLS-VI.S30.T47RQK.2018355T035141.v2.0.NDVI.tif,HLS-VI.S30.T47RQK.2018355T035141.v2.0.NDVI.tif,S30,T47RQK,2018-12-21,2018355,035141,EPSG:32647,699960.0,2890200.0,809760.0,3000000.0,True
/home/ec2-user/ndvi_sqs_work/sichuan/raw/HLS-VI.S30.T47RQL.2018355T035141.v2.0.NDVI.tif,HLS-VI.S30.T47RQL.2018355T035141.v2.0.NDVI.tif,S30,T47RQL,2018-12-21,2018355,035141,EPSG:32647,699960.0,2990220.0,809760.0,3100020.0,True
/home/ec2-user/ndvi_sqs_work/sichuan/raw/HLS-VI.S30.T47SQS.2018355T035141.v2.0.NDVI.tif,HLS-VI.S30.T47SQS.2018355T035141.v2.0.NDVI.tif,S30,T47SQS,2018-12-21,2018355,035141,EPSG:32647,699960.0,3590220.0,809760.0,3700020.0,True
/home/ec2-user/ndvi_sqs_work/sichuan/raw/HLS-VI.S30.T48RTQ.2018355T035141.v2.0.NDVI.tif,HLS-VI.S30.T48RTQ.2018355T035141.v2.0.NDVI.tif,S30,T48RTQ,2018-12-21,2018355,035141,EPSG:32648,199980.0,2890200.0,309780.0,3000000.0,True
/home/ec2-user/ndvi_sqs_work/sichuan/raw/HLS-VI.S30.T48RUQ.2018355T035141.v2.0.NDVI.tif,HLS-VI.S30.T48RUQ.2018355T035141.v2.0.NDVI.tif,S30,T48RUQ,2018-12-21,2018355,035141,EPSG:32648,300000.0,2890200.0,409800.0,3000000.0,True
/home/ec2-user/ndvi_sqs_work/sichuan/raw/HLS-VI.S30.T48STB.2018355T035141.v2.0.NDVI.tif,HLS-VI.S30.T48STB.2018355T035141.v2.0.NDVI.tif,S30,T48STB,2018-12-21,2018355,035141,EPSG:32648,199980.0,3590220.0,309780.0,3700020.0,True
/home/ec2-user/ndvi_sqs_work/sichuan/raw/HLS-VI.S30.T48STC.2018355T035141.v2.0.NDVI.tif,HLS-VI.S30.T48STC.2018355T035141.v2.0.NDVI.tif,S30,T48STC,2018-12-21,2018355,035141,EPSG:32648,199980.0,3690240.0,309780.0,3800040.0,True
/home/ec2-user/ndvi_sqs_work/sichuan/raw/HLS-VI.S30.T48SUC.2018355T035141.v2.0.NDVI.tif,HLS-VI.S30.T48SUC.2018355T035141.v2.0.NDVI.tif,S30,T48SUC,2018-12-21,2018355,035141,EPSG:32648,300000.0,3690240.0,409800.0,3800040.0,True
/home/ec2-user/ndvi_sqs_work/sichuan/raw/HLS-VI.S30.T48RTQ.2018357T034149.v2.0.NDVI.tif,HLS-VI.S30.T48RTQ.2018357T034149.v2.0.NDVI.tif,S30,T48RTQ,2018-12-23,2018357,034149,EPSG:32648,199980.0,2890200.0,309780.0,3000000.0,True
/home/ec2-user/ndvi_sqs_work/sichuan/raw/HLS-VI.S30.T47RQK.2018360T035149.v2.0.NDVI.tif,HLS-VI.S30.T47RQK.2018360T035149.v2.0.NDVI.tif,S30,T47RQK,2018-12-26,2018360,035149,EPSG:32647,699960.0,2890200.0,809760.0,3000000.0,True
/home/ec2-user/ndvi_sqs_work/sichuan/raw/HLS-VI.S30.T47RQL.2018360T035149.v2.0.NDVI.tif,HLS-VI.S30.T47RQL.2018360T035149.v2.0.NDVI.tif,S30,T47RQL,2018-12-26,2018360,035149,EPSG:32647,699960.0,2990220.0,809760.0,3100020.0,True
/home/ec2-user/ndvi_sqs_work/sichuan/raw/HLS-VI.S30.T47SQS.2018360T035149.v2.0.NDVI.tif,HLS-VI.S30.T47SQS.2018360T035149.v2.0.NDVI.tif,S30,T47SQS,2018-12-26,2018360,035149,EPSG:32647,699960.0,3590220.0,809760.0,3700020.0,True
/home/ec2-user/ndvi_sqs_work/sichuan/raw/HLS-VI.S30.T48RTQ.2018360T035149.v2.0.NDVI.tif,HLS-VI.S30.T48RTQ.2018360T035149.v2.0.NDVI.tif,S30,T48RTQ,2018-12-26,2018360,035149,EPSG:32648,199980.0,2890200.0,309780.0,3000000.0,True
/home/ec2-user/ndvi_sqs_work/sichuan/raw/HLS-VI.S30.T48RUQ.2018360T035149.v2.0.NDVI.tif,HLS-VI.S30.T48RUQ.2018360T035149.v2.0.NDVI.tif,S30,T48RUQ,2018-12-26,2018360,035149,EPSG:32648,300000.0,2890200.0,409800.0,3000000.0,True
/home/ec2-user/ndvi_sqs_work/sichuan/raw/HLS-VI.S30.T48STB.2018360T035149.v2.0.NDVI.tif,HLS-VI.S30.T48STB.2018360T035149.v2.0.NDVI.tif,S30,T48STB,2018-12-26,2018360,035149,EPSG:32648,199980.0,3590220.0,309780.0,3700020.0,True
/home/ec2-user/ndvi_sqs_work/sichuan/raw/HLS-VI.S30.T47SMT.2018361T041141.v2.0.NDVI.tif,HLS-VI.S30.T47SMT.2018361T041141.v2.0.NDVI.tif,S30,T47SMT,2018-12-27,2018361,041141,EPSG:32647,399960.0,3690240.0,509760.0,3800040.0,True
/home/ec2-user/ndvi_sqs_work/sichuan/raw/HLS-VI.S30.T47SNT.2018361T041141.v2.0.NDVI.tif,HLS-VI.S30.T47SNT.2018361T041141.v2.0.NDVI.tif,S30,T47SNT,2018-12-27,2018361,041141,EPSG:32647,499980.0,3690240.0,609780.0,3800040.0,True
/home/ec2-user/ndvi_sqs_work/sichuan/raw/HLS-VI.S30.T47RQK.2018365T035141.v2.0.NDVI.tif,HLS-VI.S30.T47RQK.2018365T035141.v2.0.NDVI.tif,S30,T47RQK,2018-12-31,2018365,035141,EPSG:32647,699960.0,2890200.0,809760.0,3000000.0,True
/home/ec2-user/ndvi_sqs_work/sichuan/raw/HLS-VI.S30.T47RQL.2018365T035141.v2.0.NDVI.tif,HLS-VI.S30.T47RQL.2018365T035141.v2.0.NDVI.tif,S30,T47RQL,2018-12-31,2018365,035141,EPSG:32647,699960.0,2990220.0,809760.0,3100020.0,True
