path,filename,sensor,tile,date,julian_date,hms,raster_crs,raster_left,raster_bottom,raster_right,raster_top,intersects_target
/home/ec2-user/ndvi_sqs_work/shaanxi/raw/HLS-VI.S30.T49SCV.2018001T032119.v2.0.NDVI.tif,HLS-VI.S30.T49SCV.2018001T032119.v2.0.NDVI.tif,S30,T49SCV,2018-01-01,2018001,032119,EPSG:32649,300000.0,3890220.0,409800.0,4000020.0,True
/home/ec2-user/ndvi_sqs_work/shaanxi/raw/HLS-VI.S30.T49SDA.2018001T032119.v2.0.NDVI.tif,HLS-VI.S30.T49SDA.2018001T032119.v2.0.NDVI.tif,S30,T49SDA,2018-01-01,2018001,032119,EPSG:32649,399960.0,3990240.0,509760.0,4100040.0,True
/home/ec2-user/ndvi_sqs_work/shaanxi/raw/HLS-VI.S30.T49SDB.2018001T032119.v2.0.NDVI.tif,HLS-VI.S30.T49SDB.2018001T032119.v2.0.NDVI.tif,S30,T49SDB,2018-01-01,2018001,032119,EPSG:32649,399960.0,4090200.0,509760.0,4200000.0,True
/home/ec2-user/ndvi_sqs_work/shaanxi/raw/HLS-VI.S30.T49SDC.2018001T032119.v2.0.NDVI.tif,HLS-VI.S30.T49SDC.2018001T032119.v2.0.NDVI.tif,S30,T49SDC,2018-01-01,2018001,032119,EPSG:32649,399960.0,4190220.0,509760.0,4300020.0,True
/home/ec2-user/ndvi_sqs_work/shaanxi/raw/HLS-VI.S30.T49SDD.2018001T032119.v2.0.NDVI.tif,HLS-VI.S30.T49SDD.2018001T032119.v2.0.NDVI.tif,S30,T49SDD,2018-01-01,2018001,032119,EPSG:32649,399960.0,4290240.0,509760.0,4400040.0,True
/home/ec2-user/ndvi_sqs_work/shaanxi/raw/HLS-VI.S30.T49SEC.2018001T032119.v2.0.NDVI.tif,HLS-VI.S30.T49SEC.2018001T032119.v2.0.NDVI.tif,S30,T49SEC,2018-01-01,2018001,032119,EPSG:32649,499980.0,4190220.0,609780.0,4300020.0,True
/home/ec2-user/ndvi_sqs_work/shaanxi/raw/HLS-VI.S30.T49SED.2018001T032119.v2.0.NDVI.tif,HLS-VI.S30.T49SED.2018001T032119.v2.0.NDVI.tif,S30,T49SED,2018-01-01,2018001,032119,EPSG:32649,499980.0,4290240.0,609780.0,4400040.0,True
/home/ec2-user/ndvi_sqs_work/shaanxi/raw/HLS-VI.S30.T49SCS.2018011T032109.v2.0.NDVI.tif,HLS-VI.S30.T49SCS.2018011T032109.v2.0.NDVI.tif,S30,T49SCS,2018-01-11,2018011,032109,EPSG:32649,300000.0,3590220.0,409800.0,3700020.0,True
/home/ec2-user/ndvi_sqs_work/shaanxi/raw/HLS-VI.S30.T49SCT.2018011T032109.v2.0.NDVI.tif,HLS-VI.S30.T49SCT.2018011T032109.v2.0.NDVI.tif,S30,T49SCT,2018-01-11,2018011,032109,EPSG:32649,300000.0,3690240.0,409800.0,3800040.0,True
/home/ec2-user/ndvi_sqs_work/shaanxi/raw/HLS-VI.S30.T49SCU.2018011T032109.v2.0.NDVI.tif,HLS-VI.S30.T49SCU.2018011T032109.v2.0.NDVI.tif,S30,T49SCU,2018-01-11,2018011,032109,EPSG:32649,300000.0,3790200.0,409800.0,3900000.0,True
/home/ec2-user/ndvi_sqs_work/shaanxi/raw/HLS-VI.S30.T49SCV.2018011T032109.v2.0.NDVI.tif,HLS-VI.S30.T49SCV.2018011T032109.v2.0.NDVI.tif,S30,T49SCV,2018-01-11,2018011,032109,EPSG:32649,300000.0,3890220.0,409800.0,4000020.0,True
/home/ec2-user/ndvi_sqs_work/shaanxi/raw/HLS-VI.S30.T49SDA.2018011T032109.v2.0.NDVI.tif,HLS-VI.S30.T49SDA.2018011T032109.v2.0.NDVI.tif,S30,T49SDA,2018-01-11,2018011,032109,EPSG:32649,399960.0,3990240.0,509760.0,4100040.0,True
/home/ec2-user/ndvi_sqs_work/shaanxi/raw/HLS-VI.S30.T49SDB.2018011T032109.v2.0.NDVI.tif,HLS-VI.S30.T49SDB.2018011T032109.v2.0.NDVI.tif,S30,T49SDB,2018-01-11,2018011,032109,EPSG:32649,399960.0,4090200.0,509760.0,4200000.0,True
/home/ec2-user/ndvi_sqs_work/shaanxi/raw/HLS-VI.S30.T49SDC.2018011T032109.v2.0.NDVI.tif,HLS-VI.S30.T49SDC.2018011T032109.v2.0.NDVI.tif,S30,T49SDC,2018-01-11,2018011,032109,EPSG:32649,399960.0,4190220.0,509760.0,4300020.0,True
/home/ec2-user/ndvi_sqs_work/shaanxi/raw/HLS-VI.S30.T49SDD.2018011T032109.v2.0.NDVI.tif,HLS-VI.S30.T49SDD.2018011T032109.v2.0.NDVI.tif,S30,T49SDD,2018-01-11,2018011,032109,EPSG:32649,399960.0,4290240.0,509760.0,4400040.0,True
/home/ec2-user/ndvi_sqs_work/shaanxi/raw/HLS-VI.S30.T49SDS.2018011T032109.v2.0.NDVI.tif,HLS-VI.S30.T49SDS.2018011T032109.v2.0.NDVI.tif,S30,T49SDS,2018-01-11,2018011,032109,EPSG:32649,399960.0,3590220.0,509760.0,3700020.0,True
/home/ec2-user/ndvi_sqs_work/shaanxi/raw/HLS-VI.S30.T49SDT.2018011T032109.v2.0.NDVI.tif,HLS-VI.S30.T49SDT.2018011T032109.v2.0.NDVI.tif,S30,T49SDT,2018-01-11,2018011,032109,EPSG:32649,399960.0,3690240.0,509760.0,3800040.0,True
/home/ec2-user/ndvi_sqs_work/shaanxi/raw/HLS-VI.S30.T49SDV.2018011T032109.v2.0.NDVI.tif,HLS-VI.S30.T49SDV.2018011T032109.v2.0.NDVI.tif,S30,T49SDV,2018-01-11,2018011,032109,EPSG:32649,399960.0,3890220.0,509760.0,4000020.0,True
/home/ec2-user/ndvi_sqs_work/shaanxi/raw/HLS-VI.S30.T49SES.2018011T032109.v2.0.NDVI.tif,HLS-VI.S30.T49SES.2018011T032109.v2.0.NDVI.tif,S30,T49SES,2018-01-11,2018011,032109,EPSG:32649,499980.0,3590220.0,609780.0,3700020.0,True
/home/ec2-user/ndvi_sqs_work/shaanxi/raw/HLS-VI.S30.T49SET.2018011T032109.v2.0.NDVI.tif,HLS-VI.S30.T49SET.2018011T032109.v2.0.NDVI.tif,S30,T49SET,2018-01-11,2018011,032109,EPSG:32649,499980.0,3690240.0,609780.0,3800040.0,True
/home/ec2-user/ndvi_sqs_work/shaanxi/raw/HLS-VI.S30.T48SXG.2018012T034111.v2.0.NDVI.tif,HLS-VI.S30.T48SXG.2018012T034111.v2.0.NDVI.tif,S30,T48SXG,2018-01-12,2018012,034111,EPSG:32648,600000.0,4090200.0,709800.0,4200000.0,True
/home/ec2-user/ndvi_sqs_work/shaanxi/raw/HLS-VI.S30.T48SYF.2018012T034111.v2.0.NDVI.tif,HLS-VI.S30.T48SYF.2018012T034111.v2.0.NDVI.tif,S30,T48SYF,2018-01-12,2018012,034111,EPSG:32648,699960.0,3990240.0,809760.0,4100040.0,True
/home/ec2-user/ndvi_sqs_work/shaanxi/raw/HLS-VI.S30.T48SYG.2018012T034111.v2.0.NDVI.tif,HLS-VI.S30.T48SYG.2018012T034111.v2.0.NDVI.tif,S30,T48SYG,2018-01-12,2018012,034111,EPSG:32648,699960.0,4090200.0,809760.0,4200000.0,True
/home/ec2-user/ndvi_sqs_work/shaanxi/raw/HLS-VI.S30.T48SYH.2018012T034111.v2.0.NDVI.tif,HLS-VI.S30.T48SYH.2018012T034111.v2.0.NDVI.tif,S30,T48SYH,2018-01-12,2018012,034111,EPSG:32648,699960.0,4190220.0,809760.0,4300020.0,True
/home/ec2-user/ndvi_sqs_work/shaanxi/raw/HLS-VI.S30.T49SBA.2018012T034111.v2.0.NDVI.tif,HLS-VI.S30.T49SBA.2018012T034111.v2.0.NDVI.tif,S30,T49SBA,2018-01-12,2018012,034111,EPSG:32649,199980.0,3990240.0,309780.0,4100040.0,True
/home/ec2-user/ndvi_sqs_work/shaanxi/raw/HLS-VI.S30.T49SBB.2018012T034111.v2.0.NDVI.tif,HLS-VI.S30.T49SBB.2018012T034111.v2.0.NDVI.tif,S30,T49SBB,2018-01-12,2018012,034111,EPSG:32649,199980.0,4090200.0,309780.0,4200000.0,True
/home/ec2-user/ndvi_sqs_work/shaanxi/raw/HLS-VI.S30.T49SBC.2018012T034111.v2.0.NDVI.tif,HLS-VI.S30.T49SBC.2018012T034111.v2.0.NDVI.tif,S30,T49SBC,2018-01-12,2018012,034111,EPSG:32649,199980.0,4190220.0,309780.0,4300020.0,True
/home/ec2-user/ndvi_sqs_work/shaanxi/raw/HLS-VI.S30.T49SBV.2018012T034111.v2.0.NDVI.tif,HLS-VI.S30.T49SBV.2018012T034111.v2.0.NDVI.tif,S30,T49SBV,2018-01-12,2018012,034111,EPSG:32649,199980.0,3890220.0,309780.0,4000020.0,True
/home/ec2-user/ndvi_sqs_work/shaanxi/raw/HLS-VI.S30.T49SCB.2018012T034111.v2.0.NDVI.tif,HLS-VI.S30.T49SCB.2018012T034111.v2.0.NDVI.tif,S30,T49SCB,2018-01-12,2018012,034111,EPSG:32649,300000.0,4090200.0,409800.0,4200000.0,True
/home/ec2-user/ndvi_sqs_work/shaanxi/raw/HLS-VI.S30.T49SCC.2018012T034111.v2.0.NDVI.tif,HLS-VI.S30.T49SCC.2018012T034111.v2.0.NDVI.tif,S30,T49SCC,2018-01-12,2018012,034111,EPSG:32649,300000.0,4190220.0,409800.0,4300020.0,True
/home/ec2-user/ndvi_sqs_work/shaanxi/raw/HLS-VI.S30.T48SYD.2018014T033059.v2.0.NDVI.tif,HLS-VI.S30.T48SYD.2018014T033059.v2.0.NDVI.tif,S30,T48SYD,2018-01-14,2018014,033059,EPSG:32648,699960.0,3790200.0,809760.0,3900000.0,True
/home/ec2-user/ndvi_sqs_work/shaanxi/raw/HLS-VI.S30.T48SYG.2018014T033059.v2.0.NDVI.tif,HLS-VI.S30.T48SYG.2018014T033059.v2.0.NDVI.tif,S30,T48SYG,2018-01-14,2018014,033059,EPSG:32648,699960.0,4090200.0,809760.0,4200000.0,True
/home/ec2-user/ndvi_sqs_work/shaanxi/raw/HLS-VI.S30.T49SBB.2018014T033059.v2.0.NDVI.tif,HLS-VI.S30.T49SBB.2018014T033059.v2.0.NDVI.tif,S30,T49SBB,2018-01-14,2018014,033059,EPSG:32649,199980.0,4090200.0,309780.0,4200000.0,True
/home/ec2-user/ndvi_sqs_work/shaanxi/raw/HLS-VI.S30.T49SBU.2018014T033059.v2.0.NDVI.tif,HLS-VI.S30.T49SBU.2018014T033059.v2.0.NDVI.tif,S30,T49SBU,2018-01-14,2018014,033059,EPSG:32649,199980.0,3790200.0,309780.0,3900000.0,True
/home/ec2-user/ndvi_sqs_work/shaanxi/raw/HLS-VI.S30.T49SCA.2018014T033059.v2.0.NDVI.tif,HLS-VI.S30.T49SCA.2018014T033059.v2.0.NDVI.tif,S30,T49SCA,2018-01-14,2018014,033059,EPSG:32649,300000.0,3990240.0,409800.0,4100040.0,True
/home/ec2-user/ndvi_sqs_work/shaanxi/raw/HLS-VI.S30.T49SCB.2018014T033059.v2.0.NDVI.tif,HLS-VI.S30.T49SCB.2018014T033059.v2.0.NDVI.tif,S30,T49SCB,2018-01-14,2018014,033059,EPSG:32649,300000.0,4090200.0,409800.0,4200000.0,True
/home/ec2-user/ndvi_sqs_work/shaanxi/raw/HLS-VI.S30.T49SCD.2018014T033059.v2.0.NDVI.tif,HLS-VI.S30.T49SCD.2018014T033059.v2.0.NDVI.tif,S30,T49SCD,2018-01-14,2018014,033059,EPSG:32649,300000.0,4290240.0,409800.0,4400040.0,True
/home/ec2-user/ndvi_sqs_work/shaanxi/raw/HLS-VI.S30.T49SCU.2018014T033059.v2.0.NDVI.tif,HLS-VI.S30.T49SCU.2018014T033059.v2.0.NDVI.tif,S30,T49SCU,2018-01-14,2018014,033059,EPSG:32649,300000.0,3790200.0,409800.0,3900000.0,True
/home/ec2-user/ndvi_sqs_work/shaanxi/raw/HLS-VI.S30.T49SDA.2018014T033059.v2.0.NDVI.tif,HLS-VI.S30.T49SDA.2018014T033059.v2.0.NDVI.tif,S30,T49SDA,2018-01-14,2018014,033059,EPSG:32649,399960.0,3990240.0,509760.0,4100040.0,True
/home/ec2-user/ndvi_sqs_work/shaanxi/raw/HLS-VI.S30.T49SDD.2018014T033059.v2.0.NDVI.tif,HLS-VI.S30.T49SDD.2018014T033059.v2.0.NDVI.tif,S30,T49SDD,2018-01-14,2018014,033059,EPSG:32649,399960.0,4290240.0,509760.0,4400040.0,True
/home/ec2-user/ndvi_sqs_work/shaanxi/raw/HLS-VI.S30.T49SDS.2018014T033059.v2.0.NDVI.tif,HLS-VI.S30.T49SDS.2018014T033059.v2.0.NDVI.tif,S30,T49SDS,2018-01-14,2018014,033059,EPSG:32649,399960.0,3590220.0,509760.0,3700020.0,True
/home/ec2-user/ndvi_sqs_work/shaanxi/raw/HLS-VI.S30.T49SDT.2018014T033059.v2.0.NDVI.tif,HLS-VI.S30.T49SDT.2018014T033059.v2.0.NDVI.tif,S30,T49SDT,2018-01-14,2018014,033059,EPSG:32649,399960.0,3690240.0,509760.0,3800040.0,True
/home/ec2-user/ndvi_sqs_work/shaanxi/raw/HLS-VI.S30.T49SDV.2018014T033059.v2.0.NDVI.tif,HLS-VI.S30.T49SDV.2018014T033059.v2.0.NDVI.tif,S30,T49SDV,2018-01-14,2018014,033059,EPSG:32649,399960.0,3890220.0,509760.0,4000020.0,True
/home/ec2-user/ndvi_sqs_work/shaanxi/raw/HLS-VI.S30.T49SEC.2018014T033059.v2.0.NDVI.tif,HLS-VI.S30.T49SEC.2018014T033059.v2.0.NDVI.tif,S30,T49SEC,2018-01-14,2018014,033059,EPSG:32649,499980.0,4190220.0,609780.0,4300020.0,True
/home/ec2-user/ndvi_sqs_work/shaanxi/raw/HLS-VI.S30.T49SED.2018014T033059.v2.0.NDVI.tif,HLS-VI.S30.T49SED.2018014T033059.v2.0.NDVI.tif,S30,T49SED,2018-01-14,2018014,033059,EPSG:32649,499980.0,4290240.0,609780.0,4400040.0,True
/home/ec2-user/ndvi_sqs_work/shaanxi/raw/HLS-VI.S30.T48SXC.2018019T033041.v2.0.NDVI.tif,HLS-VI.S30.T48SXC.2018019T033041.v2.0.NDVI.tif,S30,T48SXC,2018-01-19,2018019,033041,EPSG:32648,600000.0,3690240.0,709800.0,3800040.0,True
/home/ec2-user/ndvi_sqs_work/shaanxi/raw/HLS-VI.S30.T48SXD.2018019T033041.v2.0.NDVI.tif,HLS-VI.S30.T48SXD.2018019T033041.v2.0.NDVI.tif,S30,T48SXD,2018-01-19,2018019,033041,EPSG:32648,600000.0,3790200.0,709800.0,3900000.0,True
/home/ec2-user/ndvi_sqs_work/shaanxi/raw/HLS-VI.S30.T48SYC.2018019T033041.v2.0.NDVI.tif,HLS-VI.S30.T48SYC.2018019T033041.v2.0.NDVI.tif,S30,T48SYC,2018-01-19,2018019,033041,EPSG:32648,699960.0,3690240.0,809760.0,3800040.0,True
/home/ec2-user/ndvi_sqs_work/shaanxi/raw/HLS-VI.S30.T48SYD.2018019T033041.v2.0.NDVI.tif,HLS-VI.S30.T48SYD.2018019T033041.v2.0.NDVI.tif,S30,T48SYD,2018-01-19,2018019,033041,EPSG:32648,699960.0,3790200.0,809760.0,3900000.0,True
/home/ec2-user/ndvi_sqs_work/shaanxi/raw/HLS-VI.S30.T48SYE.2018019T033041.v2.0.NDVI.tif,HLS-VI.S30.T48SYE.2018019T033041.v2.0.NDVI.tif,S30,T48SYE,2018-01-19,2018019,033041,EPSG:32648,699960.0,3890220.0,809760.0,4000020.0,True
/home/ec2-user/ndvi_sqs_work/shaanxi/raw/HLS-VI.S30.T48SYF.2018019T033041.v2.0.NDVI.tif,HLS-VI.S30.T48SYF.2018019T033041.v2.0.NDVI.tif,S30,T48SYF,2018-01-19,2018019,033041,EPSG:32648,699960.0,3990240.0,809760.0,4100040.0,True
/home/ec2-user/ndvi_sqs_work/shaanxi/raw/HLS-VI.S30.T48SYG.2018019T033041.v2.0.NDVI.tif,HLS-VI.S30.T48SYG.2018019T033041.v2.0.NDVI.tif,S30,T48SYG,2018-01-19,2018019,033041,EPSG:32648,699960.0,4090200.0,809760.0,4200000.0,True
/home/ec2-user/ndvi_sqs_work/shaanxi/raw/HLS-VI.S30.T48SYH.2018019T033041.v2.0.NDVI.tif,HLS-VI.S30.T48SYH.2018019T033041.v2.0.NDVI.tif,S30,T48SYH,2018-01-19,2018019,033041,EPSG:32648,699960.0,4190220.0,809760.0,4300020.0,True
/home/ec2-user/ndvi_sqs_work/shaanxi/raw/HLS-VI.S30.T49SBA.2018019T033041.v2.0.NDVI.tif,HLS-VI.S30.T49SBA.2018019T033041.v2.0.NDVI.tif,S30,T49SBA,2018-01-19,2018019,033041,EPSG:32649,199980.0,3990240.0,309780.0,4100040.0,True
/home/ec2-user/ndvi_sqs_work/shaanxi/raw/HLS-VI.S30.T49SBB.2018019T033041.v2.0.NDVI.tif,HLS-VI.S30.T49SBB.2018019T033041.v2.0.NDVI.tif,S30,T49SBB,2018-01-19,2018019,033041,EPSG:32649,199980.0,4090200.0,309780.0,4200000.0,True
/home/ec2-user/ndvi_sqs_work/shaanxi/raw/HLS-VI.S30.T49SBC.2018019T033041.v2.0.NDVI.tif,HLS-VI.S30.T49SBC.2018019T033041.v2.0.NDVI.tif,S30,T49SBC,2018-01-19,2018019,033041,EPSG:32649,199980.0,4190220.0,309780.0,4300020.0,True
/home/ec2-user/ndvi_sqs_work/shaanxi/raw/HLS-VI.S30.T49SBU.2018019T033041.v2.0.NDVI.tif,HLS-VI.S30.T49SBU.2018019T033041.v2.0.NDVI.tif,S30,T49SBU,2018-01-19,2018019,033041,EPSG:32649,199980.0,3790200.0,309780.0,3900000.0,True
/home/ec2-user/ndvi_sqs_work/shaanxi/raw/HLS-VI.S30.T49SBV.2018019T033041.v2.0.NDVI.tif,HLS-VI.S30.T49SBV.2018019T033041.v2.0.NDVI.tif,S30,T49SBV,2018-01-19,2018019,033041,EPSG:32649,199980.0,3890220.0,309780.0,4000020.0,True
/home/ec2-user/ndvi_sqs_work/shaanxi/raw/HLS-VI.S30.T49SCA.2018019T033041.v2.0.NDVI.tif,HLS-VI.S30.T49SCA.2018019T033041.v2.0.NDVI.tif,S30,T49SCA,2018-01-19,2018019,033041,EPSG:32649,300000.0,3990240.0,409800.0,4100040.0,True
/home/ec2-user/ndvi_sqs_work/shaanxi/raw/HLS-VI.S30.T49SCB.2018019T033041.v2.0.NDVI.tif,HLS-VI.S30.T49SCB.2018019T033041.v2.0.NDVI.tif,S30,T49SCB,2018-01-19,2018019,033041,EPSG:32649,300000.0,4090200.0,409800.0,4200000.0,True
/home/ec2-user/ndvi_sqs_work/shaanxi/raw/HLS-VI.S30.T49SCC.2018019T033041.v2.0.NDVI.tif,HLS-VI.S30.T49SCC.2018019T033041.v2.0.NDVI.tif,S30,T49SCC,2018-01-19,2018019,033041,EPSG:32649,300000.0,4190220.0,409800.0,4300020.0,True
/home/ec2-user/ndvi_sqs_work/shaanxi/raw/HLS-VI.S30.T49SCD.2018019T033041.v2.0.NDVI.tif,HLS-VI.S30.T49SCD.2018019T033041.v2.0.NDVI.tif,S30,T49SCD,2018-01-19,2018019,033041,EPSG:32649,300000.0,4290240.0,409800.0,4400040.0,True
/home/ec2-user/ndvi_sqs_work/shaanxi/raw/HLS-VI.S30.T49SCT.2018019T033041.v2.0.NDVI.tif,HLS-VI.S30.T49SCT.2018019T033041.v2.0.NDVI.tif,S30,T49SCT,2018-01-19,2018019,033041,EPSG:32649,300000.0,3690240.0,409800.0,3800040.0,True
/home/ec2-user/ndvi_sqs_work/shaanxi/raw/HLS-VI.S30.T49SCU.2018019T033041.v2.0.NDVI.tif,HLS-VI.S30.T49SCU.2018019T033041.v2.0.NDVI.tif,S30,T49SCU,2018-01-19,2018019,033041,EPSG:32649,300000.0,3790200.0,409800.0,3900000.0,True
/home/ec2-user/ndvi_sqs_work/shaanxi/raw/HLS-VI.S30.T49SCV.2018019T033041.v2.0.NDVI.tif,HLS-VI.S30.T49SCV.2018019T033041.v2.0.NDVI.tif,S30,T49SCV,2018-01-19,2018019,033041,EPSG:32649,300000.0,3890220.0,409800.0,4000020.0,True
/home/ec2-user/ndvi_sqs_work/shaanxi/raw/HLS-VI.S30.T49SDA.2018019T033041.v2.0.NDVI.tif,HLS-VI.S30.T49SDA.2018019T033041.v2.0.NDVI.tif,S30,T49SDA,2018-01-19,2018019,033041,EPSG:32649,399960.0,3990240.0,509760.0,4100040.0,True
/home/ec2-user/ndvi_sqs_work/shaanxi/raw/HLS-VI.S30.T49SDB.2018019T033041.v2.0.NDVI.tif,HLS-VI.S30.T49SDB.2018019T033041.v2.0.NDVI.tif,S30,T49SDB,2018-01-19,2018019,033041,EPSG:32649,399960.0,4090200.0,509760.0,4200000.0,True
/home/ec2-user/ndvi_sqs_work/shaanxi/raw/HLS-VI.S30.T49SDC.2018019T033041.v2.0.NDVI.tif,HLS-VI.S30.T49SDC.2018019T033041.v2.0.NDVI.tif,S30,T49SDC,2018-01-19,2018019,033041,EPSG:32649,399960.0,4190220.0,509760.0,4300020.0,True
/home/ec2-user/ndvi_sqs_work/shaanxi/raw/HLS-VI.S30.T49SDD.2018019T033041.v2.0.NDVI.tif,HLS-VI.S30.T49SDD.2018019T033041.v2.0.NDVI.tif,S30,T49SDD,2018-01-19,2018019,033041,EPSG:32649,399960.0,4290240.0,509760.0,4400040.0,True
/home/ec2-user/ndvi_sqs_work/shaanxi/raw/HLS-VI.S30.T49SDS.2018019T033041.v2.0.NDVI.tif,HLS-VI.S30.T49SDS.2018019T033041.v2.0.NDVI.tif,S30,T49SDS,2018-01-19,2018019,033041,EPSG:32649,399960.0,3590220.0,509760.0,3700020.0,True
/home/ec2-user/ndvi_sqs_work/shaanxi/raw/HLS-VI.S30.T49SDT.2018019T033041.v2.0.NDVI.tif,HLS-VI.S30.T49SDT.2018019T033041.v2.0.NDVI.tif,S30,T49SDT,2018-01-19,2018019,033041,EPSG:32649,399960.0,3690240.0,509760.0,3800040.0,True
/home/ec2-user/ndvi_sqs_work/shaanxi/raw/HLS-VI.S30.T49SDU.2018019T033041.v2.0.NDVI.tif,HLS-VI.S30.T49SDU.2018019T033041.v2.0.NDVI.tif,S30,T49SDU,2018-01-19,2018019,033041,EPSG:32649,399960.0,3790200.0,509760.0,3900000.0,True
/home/ec2-user/ndvi_sqs_work/shaanxi/raw/HLS-VI.S30.T49SDV.2018019T033041.v2.0.NDVI.tif,HLS-VI.S30.T49SDV.2018019T033041.v2.0.NDVI.tif,S30,T49SDV,2018-01-19,2018019,033041,EPSG:32649,399960.0,3890220.0,509760.0,4000020.0,True
/home/ec2-user/ndvi_sqs_work/shaanxi/raw/HLS-VI.S30.T49SEC.2018019T033041.v2.0.NDVI.tif,HLS-VI.S30.T49SEC.2018019T033041.v2.0.NDVI.tif,S30,T49SEC,2018-01-19,2018019,033041,EPSG:32649,499980.0,4190220.0,609780.0,4300020.0,True
/home/ec2-user/ndvi_sqs_work/shaanxi/raw/HLS-VI.S30.T49SED.2018019T033041.v2.0.NDVI.tif,HLS-VI.S30.T49SED.2018019T033041.v2.0.NDVI.tif,S30,T49SED,2018-01-19,2018019,033041,EPSG:32649,499980.0,4290240.0,609780.0,4400040.0,True
/home/ec2-user/ndvi_sqs_work/shaanxi/raw/HLS-VI.S30.T49SDA.2018031T031949.v2.0.NDVI.tif,HLS-VI.S30.T49SDA.2018031T031949.v2.0.NDVI.tif,S30,T49SDA,2018-01-31,2018031,031949,EPSG:32649,399960.0,3990240.0,509760.0,4100040.0,True
/home/ec2-user/ndvi_sqs_work/shaanxi/raw/HLS-VI.S30.T49SDB.2018031T031949.v2.0.NDVI.tif,HLS-VI.S30.T49SDB.2018031T031949.v2.0.NDVI.tif,S30,T49SDB,2018-01-31,2018031,031949,EPSG:32649,399960.0,4090200.0,509760.0,4200000.0,True
/home/ec2-user/ndvi_sqs_work/shaanxi/raw/HLS-VI.S30.T49SDC.2018031T031949.v2.0.NDVI.tif,HLS-VI.S30.T49SDC.2018031T031949.v2.0.NDVI.tif,S30,T49SDC,2018-01-31,2018031,031949,EPSG:32649,399960.0,4190220.0,509760.0,4300020.0,True
/home/ec2-user/ndvi_sqs_work/shaanxi/raw/HLS-VI.S30.T49SDD.2018031T031949.v2.0.NDVI.tif,HLS-VI.S30.T49SDD.2018031T031949.v2.0.NDVI.tif,S30,T49SDD,2018-01-31,2018031,031949,EPSG:32649,399960.0,4290240.0,509760.0,4400040.0,True
/home/ec2-user/ndvi_sqs_work/shaanxi/raw/HLS-VI.S30.T49SDS.2018031T031949.v2.0.NDVI.tif,HLS-VI.S30.T49SDS.2018031T031949.v2.0.NDVI.tif,S30,T49SDS,2018-01-31,2018031,031949,EPSG:32649,399960.0,3590220.0,509760.0,3700020.0,True
/home/ec2-user/ndvi_sqs_work/shaanxi/raw/HLS-VI.S30.T49SES.2018031T031949.v2.0.NDVI.tif,HLS-VI.S30.T49SES.2018031T031949.v2.0.NDVI.tif,S30,T49SES,2018-01-31,2018031,031949,EPSG:32649,499980.0,3590220.0,609780.0,3700020.0,True
/home/ec2-user/ndvi_sqs_work/shaanxi/raw/HLS-VI.S30.T48SXE.2018032T033951.v2.0.NDVI.tif,HLS-VI.S30.T48SXE.2018032T033951.v2.0.NDVI.tif,S30,T48SXE,2018-02-01,2018032,033951,EPSG:32648,600000.0,3890220.0,709800.0,4000020.0,True
/home/ec2-user/ndvi_sqs_work/shaanxi/raw/HLS-VI.S30.T48SXG.2018032T033951.v2.0.NDVI.tif,HLS-VI.S30.T48SXG.2018032T033951.v2.0.NDVI.tif,S30,T48SXG,2018-02-01,2018032,033951,EPSG:32648,600000.0,4090200.0,709800.0,4200000.0,True
/home/ec2-user/ndvi_sqs_work/shaanxi/raw/HLS-VI.S30.T48SYE.2018032T033951.v2.0.NDVI.tif,HLS-VI.S30.T48SYE.2018032T033951.v2.0.NDVI.tif,S30,T48SYE,2018-02-01,2018032,033951,EPSG:32648,699960.0,3890220.0,809760.0,4000020.0,True
/home/ec2-user/ndvi_sqs_work/shaanxi/raw/HLS-VI.S30.T48SYF.2018032T033951.v2.0.NDVI.tif,HLS-VI.S30.T48SYF.2018032T033951.v2.0.NDVI.tif,S30,T48SYF,2018-02-01,2018032,033951,EPSG:32648,699960.0,3990240.0,809760.0,4100040.0,True
/home/ec2-user/ndvi_sqs_work/shaanxi/raw/HLS-VI.S30.T48SYG.2018032T033951.v2.0.NDVI.tif,HLS-VI.S30.T48SYG.2018032T033951.v2.0.NDVI.tif,S30,T48SYG,2018-02-01,2018032,033951,EPSG:32648,699960.0,4090200.0,809760.0,4200000.0,True
/home/ec2-user/ndvi_sqs_work/shaanxi/raw/HLS-VI.S30.T48SYH.2018032T033951.v2.0.NDVI.tif,HLS-VI.S30.T48SYH.2018032T033951.v2.0.NDVI.tif,S30,T48SYH,2018-02-01,2018032,033951,EPSG:32648,699960.0,4190220.0,809760.0,4300020.0,True
/home/ec2-user/ndvi_sqs_work/shaanxi/raw/HLS-VI.S30.T49SBA.2018032T033951.v2.0.NDVI.tif,HLS-VI.S30.T49SBA.2018032T033951.v2.0.NDVI.tif,S30,T49SBA,2018-02-01,2018032,033951,EPSG:32649,199980.0,3990240.0,309780.0,4100040.0,True
/home/ec2-user/ndvi_sqs_work/shaanxi/raw/HLS-VI.S30.T49SBB.2018032T033951.v2.0.NDVI.tif,HLS-VI.S30.T49SBB.2018032T033951.v2.0.NDVI.tif,S30,T49SBB,2018-02-01,2018032,033951,EPSG:32649,199980.0,4090200.0,309780.0,4200000.0,True
/home/ec2-user/ndvi_sqs_work/shaanxi/raw/HLS-VI.S30.T49SBC.2018032T033951.v2.0.NDVI.tif,HLS-VI.S30.T49SBC.2018032T033951.v2.0.NDVI.tif,S30,T49SBC,2018-02-01,2018032,033951,EPSG:32649,199980.0,4190220.0,309780.0,4300020.0,True
/home/ec2-user/ndvi_sqs_work/shaanxi/raw/HLS-VI.S30.T49SBV.2018032T033951.v2.0.NDVI.tif,HLS-VI.S30.T49SBV.2018032T033951.v2.0.NDVI.tif,S30,T49SBV,2018-02-01,2018032,033951,EPSG:32649,199980.0,3890220.0,309780.0,4000020.0,True
/home/ec2-user/ndvi_sqs_work/shaanxi/raw/HLS-VI.S30.T49SCC.2018032T033951.v2.0.NDVI.tif,HLS-VI.S30.T49SCC.2018032T033951.v2.0.NDVI.tif,S30,T49SCC,2018-02-01,2018032,033951,EPSG:32649,300000.0,4190220.0,409800.0,4300020.0,True
/home/ec2-user/ndvi_sqs_work/shaanxi/raw/HLS-VI.S30.T48SYF.2018034T032939.v2.0.NDVI.tif,HLS-VI.S30.T48SYF.2018034T032939.v2.0.NDVI.tif,S30,T48SYF,2018-02-03,2018034,032939,EPSG:32648,699960.0,3990240.0,809760.0,4100040.0,True
/home/ec2-user/ndvi_sqs_work/shaanxi/raw/HLS-VI.S30.T48SYH.2018034T032939.v2.0.NDVI.tif,HLS-VI.S30.T48SYH.2018034T032939.v2.0.NDVI.tif,S30,T48SYH,2018-02-03,2018034,032939,EPSG:32648,699960.0,4190220.0,809760.0,4300020.0,True
/home/ec2-user/ndvi_sqs_work/shaanxi/raw/HLS-VI.S30.T49SBA.2018034T032939.v2.0.NDVI.tif,HLS-VI.S30.T49SBA.2018034T032939.v2.0.NDVI.tif,S30,T49SBA,2018-02-03,2018034,032939,EPSG:32649,199980.0,3990240.0,309780.0,4100040.0,True
/home/ec2-user/ndvi_sqs_work/shaanxi/raw/HLS-VI.S30.T49SBU.2018034T032939.v2.0.NDVI.tif,HLS-VI.S30.T49SBU.2018034T032939.v2.0.NDVI.tif,S30,T49SBU,2018-02-03,2018034,032939,EPSG:32649,199980.0,3790200.0,309780.0,3900000.0,True
/home/ec2-user/ndvi_sqs_work/shaanxi/raw/HLS-VI.S30.T49SBV.2018034T032939.v2.0.NDVI.tif,HLS-VI.S30.T49SBV.2018034T032939.v2.0.NDVI.tif,S30,T49SBV,2018-02-03,2018034,032939,EPSG:32649,199980.0,3890220.0,309780.0,4000020.0,True
/home/ec2-user/ndvi_sqs_work/shaanxi/raw/HLS-VI.S30.T49SCA.2018034T032939.v2.0.NDVI.tif,HLS-VI.S30.T49SCA.2018034T032939.v2.0.NDVI.tif,S30,T49SCA,2018-02-03,2018034,032939,EPSG:32649,300000.0,3990240.0,409800.0,4100040.0,True
/home/ec2-user/ndvi_sqs_work/shaanxi/raw/HLS-VI.S30.T49SCB.2018034T032939.v2.0.NDVI.tif,HLS-VI.S30.T49SCB.2018034T032939.v2.0.NDVI.tif,S30,T49SCB,2018-02-03,2018034,032939,EPSG:32649,300000.0,4090200.0,409800.0,4200000.0,True
/home/ec2-user/ndvi_sqs_work/shaanxi/raw/HLS-VI.S30.T49SCC.2018034T032939.v2.0.NDVI.tif,HLS-VI.S30.T49SCC.2018034T032939.v2.0.NDVI.tif,S30,T49SCC,2018-02-03,2018034,032939,EPSG:32649,300000.0,4190220.0,409800.0,4300020.0,True
/home/ec2-user/ndvi_sqs_work/shaanxi/raw/HLS-VI.S30.T49SCD.2018034T032939.v2.0.NDVI.tif,HLS-VI.S30.T49SCD.2018034T032939.v2.0.NDVI.tif,S30,T49SCD,2018-02-03,2018034,032939,EPSG:32649,300000.0,4290240.0,409800.0,4400040.0,True
/home/ec2-user/ndvi_sqs_work/shaanxi/raw/HLS-VI.S30.T49SCU.2018034T032939.v2.0.NDVI.tif,HLS-VI.S30.T49SCU.2018034T032939.v2.0.NDVI.tif,S30,T49SCU,2018-02-03,2018034,032939,EPSG:32649,300000.0,3790200.0,409800.0,3900000.0,True
/home/ec2-user/ndvi_sqs_work/shaanxi/raw/HLS-VI.S30.T49SDA.2018034T032939.v2.0.NDVI.tif,HLS-VI.S30.T49SDA.2018034T032939.v2.0.NDVI.tif,S30,T49SDA,2018-02-03,2018034,032939,EPSG:32649,399960.0,3990240.0,509760.0,4100040.0,True
/home/ec2-user/ndvi_sqs_work/shaanxi/raw/HLS-VI.S30.T49SDB.2018034T032939.v2.0.NDVI.tif,HLS-VI.S30.T49SDB.2018034T032939.v2.0.NDVI.tif,S30,T49SDB,2018-02-03,2018034,032939,EPSG:32649,399960.0,4090200.0,509760.0,4200000.0,True
/home/ec2-user/ndvi_sqs_work/shaanxi/raw/HLS-VI.S30.T49SDC.2018034T032939.v2.0.NDVI.tif,HLS-VI.S30.T49SDC.2018034T032939.v2.0.NDVI.tif,S30,T49SDC,2018-02-03,2018034,032939,EPSG:32649,399960.0,4190220.0,509760.0,4300020.0,True
/home/ec2-user/ndvi_sqs_work/shaanxi/raw/HLS-VI.S30.T49SDD.2018034T032939.v2.0.NDVI.tif,HLS-VI.S30.T49SDD.2018034T032939.v2.0.NDVI.tif,S30,T49SDD,2018-02-03,2018034,032939,EPSG:32649,399960.0,4290240.0,509760.0,4400040.0,True
/home/ec2-user/ndvi_sqs_work/shaanxi/raw/HLS-VI.S30.T49SDU.2018034T032939.v2.0.NDVI.tif,HLS-VI.S30.T49SDU.2018034T032939.v2.0.NDVI.tif,S30,T49SDU,2018-02-03,2018034,032939,EPSG:32649,399960.0,3790200.0,509760.0,3900000.0,True
/home/ec2-user/ndvi_sqs_work/shaanxi/raw/HLS-VI.S30.T49SDV.2018034T032939.v2.0.NDVI.tif,HLS-VI.S30.T49SDV.2018034T032939.v2.0.NDVI.tif,S30,T49SDV,2018-02-03,2018034,032939,EPSG:32649,399960.0,3890220.0,509760.0,4000020.0,True
/home/ec2-user/ndvi_sqs_work/shaanxi/raw/HLS-VI.S30.T49SED.2018034T032939.v2.0.NDVI.tif,HLS-VI.S30.T49SED.2018034T032939.v2.0.NDVI.tif,S30,T49SED,2018-02-03,2018034,032939,EPSG:32649,499980.0,4290240.0,609780.0,4400040.0,True
/home/ec2-user/ndvi_sqs_work/shaanxi/raw/HLS-VI.S30.T48SXE.2018037T033919.v2.0.NDVI.tif,HLS-VI.S30.T48SXE.2018037T033919.v2.0.NDVI.tif,S30,T48SXE,2018-02-06,2018037,033919,EPSG:32648,600000.0,3890220.0,709800.0,4000020.0,True
/home/ec2-user/ndvi_sqs_work/shaanxi/raw/HLS-VI.S30.T48SXG.2018037T033919.v2.0.NDVI.tif,HLS-VI.S30.T48SXG.2018037T033919.v2.0.NDVI.tif,S30,T48SXG,2018-02-06,2018037,033919,EPSG:32648,600000.0,4090200.0,709800.0,4200000.0,True
/home/ec2-user/ndvi_sqs_work/shaanxi/raw/HLS-VI.S30.T48SYD.2018037T033919.v2.0.NDVI.tif,HLS-VI.S30.T48SYD.2018037T033919.v2.0.NDVI.tif,S30,T48SYD,2018-02-06,2018037,033919,EPSG:32648,699960.0,3790200.0,809760.0,3900000.0,True
/home/ec2-user/ndvi_sqs_work/shaanxi/raw/HLS-VI.S30.T48SYE.2018037T033919.v2.0.NDVI.tif,HLS-VI.S30.T48SYE.2018037T033919.v2.0.NDVI.tif,S30,T48SYE,2018-02-06,2018037,033919,EPSG:32648,699960.0,3890220.0,809760.0,4000020.0,True
/home/ec2-user/ndvi_sqs_work/shaanxi/raw/HLS-VI.S30.T48SYF.2018037T033919.v2.0.NDVI.tif,HLS-VI.S30.T48SYF.2018037T033919.v2.0.NDVI.tif,S30,T48SYF,2018-02-06,2018037,033919,EPSG:32648,699960.0,3990240.0,809760.0,4100040.0,True
/home/ec2-user/ndvi_sqs_work/shaanxi/raw/HLS-VI.S30.T48SYG.2018037T033919.v2.0.NDVI.tif,HLS-VI.S30.T48SYG.2018037T033919.v2.0.NDVI.tif,S30,T48SYG,2018-02-06,2018037,033919,EPSG:32648,699960.0,4090200.0,809760.0,4200000.0,True
/home/ec2-user/ndvi_sqs_work/shaanxi/raw/HLS-VI.S30.T48SYH.2018037T033919.v2.0.NDVI.tif,HLS-VI.S30.T48SYH.2018037T033919.v2.0.NDVI.tif,S30,T48SYH,2018-02-06,2018037,033919,EPSG:32648,699960.0,4190220.0,809760.0,4300020.0,True
/home/ec2-user/ndvi_sqs_work/shaanxi/raw/HLS-VI.S30.T49SBA.2018037T033919.v2.0.NDVI.tif,HLS-VI.S30.T49SBA.2018037T033919.v2.0.NDVI.tif,S30,T49SBA,2018-02-06,2018037,033919,EPSG:32649,199980.0,3990240.0,309780.0,4100040.0,True
/home/ec2-user/ndvi_sqs_work/shaanxi/raw/HLS-VI.S30.T49SBB.2018037T033919.v2.0.NDVI.tif,HLS-VI.S30.T49SBB.2018037T033919.v2.0.NDVI.tif,S30,T49SBB,2018-02-06,2018037,033919,EPSG:32649,199980.0,4090200.0,309780.0,4200000.0,True
/home/ec2-user/ndvi_sqs_work/shaanxi/raw/HLS-VI.S30.T49SBC.2018037T033919.v2.0.NDVI.tif,HLS-VI.S30.T49SBC.2018037T033919.v2.0.NDVI.tif,S30,T49SBC,2018-02-06,2018037,033919,EPSG:32649,199980.0,4190220.0,309780.0,4300020.0,True
/home/ec2-user/ndvi_sqs_work/shaanxi/raw/HLS-VI.S30.T49SBT.2018037T033919.v2.0.NDVI.tif,HLS-VI.S30.T49SBT.2018037T033919.v2.0.NDVI.tif,S30,T49SBT,2018-02-06,2018037,033919,EPSG:32649,199980.0,3690240.0,309780.0,3800040.0,True
/home/ec2-user/ndvi_sqs_work/shaanxi/raw/HLS-VI.S30.T49SBU.2018037T033919.v2.0.NDVI.tif,HLS-VI.S30.T49SBU.2018037T033919.v2.0.NDVI.tif,S30,T49SBU,2018-02-06,2018037,033919,EPSG:32649,199980.0,3790200.0,309780.0,3900000.0,True
/home/ec2-user/ndvi_sqs_work/shaanxi/raw/HLS-VI.S30.T49SBV.2018037T033919.v2.0.NDVI.tif,HLS-VI.S30.T49SBV.2018037T033919.v2.0.NDVI.tif,S30,T49SBV,2018-02-06,2018037,033919,EPSG:32649,199980.0,3890220.0,309780.0,4000020.0,True
/home/ec2-user/ndvi_sqs_work/shaanxi/raw/HLS-VI.S30.T49SCB.2018037T033919.v2.0.NDVI.tif,HLS-VI.S30.T49SCB.2018037T033919.v2.0.NDVI.tif,S30,T49SCB,2018-02-06,2018037,033919,EPSG:32649,300000.0,4090200.0,409800.0,4200000.0,True
/home/ec2-user/ndvi_sqs_work/shaanxi/raw/HLS-VI.S30.T49SCC.2018037T033919.v2.0.NDVI.tif,HLS-VI.S30.T49SCC.2018037T033919.v2.0.NDVI.tif,S30,T49SCC,2018-02-06,2018037,033919,EPSG:32649,300000.0,4190220.0,409800.0,4300020.0,True
/home/ec2-user/ndvi_sqs_work/shaanxi/raw/HLS-VI.S30.T48SYG.2018039T032911.v2.0.NDVI.tif,HLS-VI.S30.T48SYG.2018039T032911.v2.0.NDVI.tif,S30,T48SYG,2018-02-08,2018039,032911,EPSG:32648,699960.0,4090200.0,809760.0,4200000.0,True
/home/ec2-user/ndvi_sqs_work/shaanxi/raw/HLS-VI.S30.T48SYH.2018039T032911.v2.0.NDVI.tif,HLS-VI.S30.T48SYH.2018039T032911.v2.0.NDVI.tif,S30,T48SYH,2018-02-08,2018039,032911,EPSG:32648,699960.0,4190220.0,809760.0,4300020.0,True
/home/ec2-user/ndvi_sqs_work/shaanxi/raw/HLS-VI.S30.T49SBB.2018039T032911.v2.0.NDVI.tif,HLS-VI.S30.T49SBB.2018039T032911.v2.0.NDVI.tif,S30,T49SBB,2018-02-08,2018039,032911,EPSG:32649,199980.0,4090200.0,309780.0,4200000.0,True
/home/ec2-user/ndvi_sqs_work/shaanxi/raw/HLS-VI.S30.T49SBC.2018039T032911.v2.0.NDVI.tif,HLS-VI.S30.T49SBC.2018039T032911.v2.0.NDVI.tif,S30,T49SBC,2018-02-08,2018039,032911,EPSG:32649,199980.0,4190220.0,309780.0,4300020.0,True
/home/ec2-user/ndvi_sqs_work/shaanxi/raw/HLS-VI.S30.T49SCA.2018039T032911.v2.0.NDVI.tif,HLS-VI.S30.T49SCA.2018039T032911.v2.0.NDVI.tif,S30,T49SCA,2018-02-08,2018039,032911,EPSG:32649,300000.0,3990240.0,409800.0,4100040.0,True
/home/ec2-user/ndvi_sqs_work/shaanxi/raw/HLS-VI.S30.T49SCB.2018039T032911.v2.0.NDVI.tif,HLS-VI.S30.T49SCB.2018039T032911.v2.0.NDVI.tif,S30,T49SCB,2018-02-08,2018039,032911,EPSG:32649,300000.0,4090200.0,409800.0,4200000.0,True
/home/ec2-user/ndvi_sqs_work/shaanxi/raw/HLS-VI.S30.T49SCC.2018039T032911.v2.0.NDVI.tif,HLS-VI.S30.T49SCC.2018039T032911.v2.0.NDVI.tif,S30,T49SCC,2018-02-08,2018039,032911,EPSG:32649,300000.0,4190220.0,409800.0,4300020.0,True
/home/ec2-user/ndvi_sqs_work/shaanxi/raw/HLS-VI.S30.T49SCU.2018039T032911.v2.0.NDVI.tif,HLS-VI.S30.T49SCU.2018039T032911.v2.0.NDVI.tif,S30,T49SCU,2018-02-08,2018039,032911,EPSG:32649,300000.0,3790200.0,409800.0,3900000.0,True
/home/ec2-user/ndvi_sqs_work/shaanxi/raw/HLS-VI.S30.T49SDD.2018039T032911.v2.0.NDVI.tif,HLS-VI.S30.T49SDD.2018039T032911.v2.0.NDVI.tif,S30,T49SDD,2018-02-08,2018039,032911,EPSG:32649,399960.0,4290240.0,509760.0,4400040.0,True
/home/ec2-user/ndvi_sqs_work/shaanxi/raw/HLS-VI.S30.T49SDU.2018039T032911.v2.0.NDVI.tif,HLS-VI.S30.T49SDU.2018039T032911.v2.0.NDVI.tif,S30,T49SDU,2018-02-08,2018039,032911,EPSG:32649,399960.0,3790200.0,509760.0,3900000.0,True
/home/ec2-user/ndvi_sqs_work/shaanxi/raw/HLS-VI.S30.T49SDV.2018039T032911.v2.0.NDVI.tif,HLS-VI.S30.T49SDV.2018039T032911.v2.0.NDVI.tif,S30,T49SDV,2018-02-08,2018039,032911,EPSG:32649,399960.0,3890220.0,509760.0,4000020.0,True
/home/ec2-user/ndvi_sqs_work/shaanxi/raw/HLS-VI.S30.T49SCV.2018041T031849.v2.0.NDVI.tif,HLS-VI.S30.T49SCV.2018041T031849.v2.0.NDVI.tif,S30,T49SCV,2018-02-10,2018041,031849,EPSG:32649,300000.0,3890220.0,409800.0,4000020.0,True
/home/ec2-user/ndvi_sqs_work/shaanxi/raw/HLS-VI.S30.T49SDV.2018041T031849.v2.0.NDVI.tif,HLS-VI.S30.T49SDV.2018041T031849.v2.0.NDVI.tif,S30,T49SDV,2018-02-10,2018041,031849,EPSG:32649,399960.0,3890220.0,509760.0,4000020.0,True
/home/ec2-user/ndvi_sqs_work/shaanxi/raw/HLS-VI.S30.T48SWB.2018042T033851.v2.0.NDVI.tif,HLS-VI.S30.T48SWB.2018042T033851.v2.0.NDVI.tif,S30,T48SWB,2018-02-11,2018042,033851,EPSG:32648,499980.0,3590220.0,609780.0,3700020.0,True
/home/ec2-user/ndvi_sqs_work/shaanxi/raw/HLS-VI.S30.T48SXB.2018042T033851.v2.0.NDVI.tif,HLS-VI.S30.T48SXB.2018042T033851.v2.0.NDVI.tif,S30,T48SXB,2018-02-11,2018042,033851,EPSG:32648,600000.0,3590220.0,709800.0,3700020.0,True
/home/ec2-user/ndvi_sqs_work/shaanxi/raw/HLS-VI.S30.T48SXC.2018042T033851.v2.0.NDVI.tif,HLS-VI.S30.T48SXC.2018042T033851.v2.0.NDVI.tif,S30,T48SXC,2018-02-11,2018042,033851,EPSG:32648,600000.0,3690240.0,709800.0,3800040.0,True
/home/ec2-user/ndvi_sqs_work/shaanxi/raw/HLS-VI.S30.T48SXD.2018042T033851.v2.0.NDVI.tif,HLS-VI.S30.T48SXD.2018042T033851.v2.0.NDVI.tif,S30,T48SXD,2018-02-11,2018042,033851,EPSG:32648,600000.0,3790200.0,709800.0,3900000.0,True
/home/ec2-user/ndvi_sqs_work/shaanxi/raw/HLS-VI.S30.T48SXE.2018042T033851.v2.0.NDVI.tif,HLS-VI.S30.T48SXE.2018042T033851.v2.0.NDVI.tif,S30,T48SXE,2018-02-11,2018042,033851,EPSG:32648,600000.0,3890220.0,709800.0,4000020.0,True
/home/ec2-user/ndvi_sqs_work/shaanxi/raw/HLS-VI.S30.T48SYB.2018042T033851.v2.0.NDVI.tif,HLS-VI.S30.T48SYB.2018042T033851.v2.0.NDVI.tif,S30,T48SYB,2018-02-11,2018042,033851,EPSG:32648,699960.0,3590220.0,809760.0,3700020.0,True
/home/ec2-user/ndvi_sqs_work/shaanxi/raw/HLS-VI.S30.T48SYD.2018042T033851.v2.0.NDVI.tif,HLS-VI.S30.T48SYD.2018042T033851.v2.0.NDVI.tif,S30,T48SYD,2018-02-11,2018042,033851,EPSG:32648,699960.0,3790200.0,809760.0,3900000.0,True
/home/ec2-user/ndvi_sqs_work/shaanxi/raw/HLS-VI.S30.T48SYE.2018042T033851.v2.0.NDVI.tif,HLS-VI.S30.T48SYE.2018042T033851.v2.0.NDVI.tif,S30,T48SYE,2018-02-11,2018042,033851,EPSG:32648,699960.0,3890220.0,809760.0,4000020.0,True
/home/ec2-user/ndvi_sqs_work/shaanxi/raw/HLS-VI.S30.T48SYF.2018042T033851.v2.0.NDVI.tif,HLS-VI.S30.T48SYF.2018042T033851.v2.0.NDVI.tif,S30,T48SYF,2018-02-11,2018042,033851,EPSG:32648,699960.0,3990240.0,809760.0,4100040.0,True
/home/ec2-user/ndvi_sqs_work/shaanxi/raw/HLS-VI.S30.T48SYG.2018042T033851.v2.0.NDVI.tif,HLS-VI.S30.T48SYG.2018042T033851.v2.0.NDVI.tif,S30,T48SYG,2018-02-11,2018042,033851,EPSG:32648,699960.0,4090200.0,809760.0,4200000.0,True
/home/ec2-user/ndvi_sqs_work/shaanxi/raw/HLS-VI.S30.T48SYH.2018042T033851.v2.0.NDVI.tif,HLS-VI.S30.T48SYH.2018042T033851.v2.0.NDVI.tif,S30,T48SYH,2018-02-11,2018042,033851,EPSG:32648,699960.0,4190220.0,809760.0,4300020.0,True
/home/ec2-user/ndvi_sqs_work/shaanxi/raw/HLS-VI.S30.T49SBA.2018042T033851.v2.0.NDVI.tif,HLS-VI.S30.T49SBA.2018042T033851.v2.0.NDVI.tif,S30,T49SBA,2018-02-11,2018042,033851,EPSG:32649,199980.0,3990240.0,309780.0,4100040.0,True
/home/ec2-user/ndvi_sqs_work/shaanxi/raw/HLS-VI.S30.T49SBB.2018042T033851.v2.0.NDVI.tif,HLS-VI.S30.T49SBB.2018042T033851.v2.0.NDVI.tif,S30,T49SBB,2018-02-11,2018042,033851,EPSG:32649,199980.0,4090200.0,309780.0,4200000.0,True
/home/ec2-user/ndvi_sqs_work/shaanxi/raw/HLS-VI.S30.T49SBC.2018042T033851.v2.0.NDVI.tif,HLS-VI.S30.T49SBC.2018042T033851.v2.0.NDVI.tif,S30,T49SBC,2018-02-11,2018042,033851,EPSG:32649,199980.0,4190220.0,309780.0,4300020.0,True
/home/ec2-user/ndvi_sqs_work/shaanxi/raw/HLS-VI.S30.T49SBT.2018042T033851.v2.0.NDVI.tif,HLS-VI.S30.T49SBT.2018042T033851.v2.0.NDVI.tif,S30,T49SBT,2018-02-11,2018042,033851,EPSG:32649,199980.0,3690240.0,309780.0,3800040.0,True
/home/ec2-user/ndvi_sqs_work/shaanxi/raw/HLS-VI.S30.T49SBU.2018042T033851.v2.0.NDVI.tif,HLS-VI.S30.T49SBU.2018042T033851.v2.0.NDVI.tif,S30,T49SBU,2018-02-11,2018042,033851,EPSG:32649,199980.0,3790200.0,309780.0,3900000.0,True
/home/ec2-user/ndvi_sqs_work/shaanxi/raw/HLS-VI.S30.T49SBV.2018042T033851.v2.0.NDVI.tif,HLS-VI.S30.T49SBV.2018042T033851.v2.0.NDVI.tif,S30,T49SBV,2018-02-11,2018042,033851,EPSG:32649,199980.0,3890220.0,309780.0,4000020.0,True
/home/ec2-user/ndvi_sqs_work/shaanxi/raw/HLS-VI.S30.T49SCB.2018042T033851.v2.0.NDVI.tif,HLS-VI.S30.T49SCB.2018042T033851.v2.0.NDVI.tif,S30,T49SCB,2018-02-11,2018042,033851,EPSG:32649,300000.0,4090200.0,409800.0,4200000.0,True
/home/ec2-user/ndvi_sqs_work/shaanxi/raw/HLS-VI.S30.T49SCC.2018042T033851.v2.0.NDVI.tif,HLS-VI.S30.T49SCC.2018042T033851.v2.0.NDVI.tif,S30,T49SCC,2018-02-11,2018042,033851,EPSG:32649,300000.0,4190220.0,409800.0,4300020.0,True
/home/ec2-user/ndvi_sqs_work/shaanxi/raw/HLS-VI.S30.T48SXC.2018044T032829.v2.0.NDVI.tif,HLS-VI.S30.T48SXC.2018044T032829.v2.0.NDVI.tif,S30,T48SXC,2018-02-13,2018044,032829,EPSG:32648,600000.0,3690240.0,709800.0,3800040.0,True
/home/ec2-user/ndvi_sqs_work/shaanxi/raw/HLS-VI.S30.T48SXD.2018044T032829.v2.0.NDVI.tif,HLS-VI.S30.T48SXD.2018044T032829.v2.0.NDVI.tif,S30,T48SXD,2018-02-13,2018044,032829,EPSG:32648,600000.0,3790200.0,709800.0,3900000.0,True
/home/ec2-user/ndvi_sqs_work/shaanxi/raw/HLS-VI.S30.T48SYC.2018044T032829.v2.0.NDVI.tif,HLS-VI.S30.T48SYC.2018044T032829.v2.0.NDVI.tif,S30,T48SYC,2018-02-13,2018044,032829,EPSG:32648,699960.0,3690240.0,809760.0,3800040.0,True
/home/ec2-user/ndvi_sqs_work/shaanxi/raw/HLS-VI.S30.T48SYD.2018044T032829.v2.0.NDVI.tif,HLS-VI.S30.T48SYD.2018044T032829.v2.0.NDVI.tif,S30,T48SYD,2018-02-13,2018044,032829,EPSG:32648,699960.0,3790200.0,809760.0,3900000.0,True
/home/ec2-user/ndvi_sqs_work/shaanxi/raw/HLS-VI.S30.T48SYE.2018044T032829.v2.0.NDVI.tif,HLS-VI.S30.T48SYE.2018044T032829.v2.0.NDVI.tif,S30,T48SYE,2018-02-13,2018044,032829,EPSG:32648,699960.0,3890220.0,809760.0,4000020.0,True
/home/ec2-user/ndvi_sqs_work/shaanxi/raw/HLS-VI.S30.T48SYF.2018044T032829.v2.0.NDVI.tif,HLS-VI.S30.T48SYF.2018044T032829.v2.0.NDVI.tif,S30,T48SYF,2018-02-13,2018044,032829,EPSG:32648,699960.0,3990240.0,809760.0,4100040.0,True
/home/ec2-user/ndvi_sqs_work/shaanxi/raw/HLS-VI.S30.T49SBA.2018044T032829.v2.0.NDVI.tif,HLS-VI.S30.T49SBA.2018044T032829.v2.0.NDVI.tif,S30,T49SBA,2018-02-13,2018044,032829,EPSG:32649,199980.0,3990240.0,309780.0,4100040.0,True
/home/ec2-user/ndvi_sqs_work/shaanxi/raw/HLS-VI.S30.T49SBT.2018044T032829.v2.0.NDVI.tif,HLS-VI.S30.T49SBT.2018044T032829.v2.0.NDVI.tif,S30,T49SBT,2018-02-13,2018044,032829,EPSG:32649,199980.0,3690240.0,309780.0,3800040.0,True
/home/ec2-user/ndvi_sqs_work/shaanxi/raw/HLS-VI.S30.T49SBU.2018044T032829.v2.0.NDVI.tif,HLS-VI.S30.T49SBU.2018044T032829.v2.0.NDVI.tif,S30,T49SBU,2018-02-13,2018044,032829,EPSG:32649,199980.0,3790200.0,309780.0,3900000.0,True
/home/ec2-user/ndvi_sqs_work/shaanxi/raw/HLS-VI.S30.T49SBV.2018044T032829.v2.0.NDVI.tif,HLS-VI.S30.T49SBV.2018044T032829.v2.0.NDVI.tif,S30,T49SBV,2018-02-13,2018044,032829,EPSG:32649,199980.0,3890220.0,309780.0,4000020.0,True
/home/ec2-user/ndvi_sqs_work/shaanxi/raw/HLS-VI.S30.T49SCA.2018044T032829.v2.0.NDVI.tif,HLS-VI.S30.T49SCA.2018044T032829.v2.0.NDVI.tif,S30,T49SCA,2018-02-13,2018044,032829,EPSG:32649,300000.0,3990240.0,409800.0,4100040.0,True
/home/ec2-user/ndvi_sqs_work/shaanxi/raw/HLS-VI.S30.T49SCB.2018044T032829.v2.0.NDVI.tif,HLS-VI.S30.T49SCB.2018044T032829.v2.0.NDVI.tif,S30,T49SCB,2018-02-13,2018044,032829,EPSG:32649,300000.0,4090200.0,409800.0,4200000.0,True
/home/ec2-user/ndvi_sqs_work/shaanxi/raw/HLS-VI.S30.T49SCC.2018044T032829.v2.0.NDVI.tif,HLS-VI.S30.T49SCC.2018044T032829.v2.0.NDVI.tif,S30,T49SCC,2018-02-13,2018044,032829,EPSG:32649,300000.0,4190220.0,409800.0,4300020.0,True
/home/ec2-user/ndvi_sqs_work/shaanxi/raw/HLS-VI.S30.T49SCD.2018044T032829.v2.0.NDVI.tif,HLS-VI.S30.T49SCD.2018044T032829.v2.0.NDVI.tif,S30,T49SCD,2018-02-13,2018044,032829,EPSG:32649,300000.0,4290240.0,409800.0,4400040.0,True
/home/ec2-user/ndvi_sqs_work/shaanxi/raw/HLS-VI.S30.T49SCU.2018044T032829.v2.0.NDVI.tif,HLS-VI.S30.T49SCU.2018044T032829.v2.0.NDVI.tif,S30,T49SCU,2018-02-13,2018044,032829,EPSG:32649,300000.0,3790200.0,409800.0,3900000.0,True
/home/ec2-user/ndvi_sqs_work/shaanxi/raw/HLS-VI.S30.T49SDA.2018044T032829.v2.0.NDVI.tif,HLS-VI.S30.T49SDA.2018044T032829.v2.0.NDVI.tif,S30,T49SDA,2018-02-13,2018044,032829,EPSG:32649,399960.0,3990240.0,509760.0,4100040.0,True
/home/ec2-user/ndvi_sqs_work/shaanxi/raw/HLS-VI.S30.T49SDB.2018044T032829.v2.0.NDVI.tif,HLS-VI.S30.T49SDB.2018044T032829.v2.0.NDVI.tif,S30,T49SDB,2018-02-13,2018044,032829,EPSG:32649,399960.0,4090200.0,509760.0,4200000.0,True
/home/ec2-user/ndvi_sqs_work/shaanxi/raw/HLS-VI.S30.T49SDC.2018044T032829.v2.0.NDVI.tif,HLS-VI.S30.T49SDC.2018044T032829.v2.0.NDVI.tif,S30,T49SDC,2018-02-13,2018044,032829,EPSG:32649,399960.0,4190220.0,509760.0,4300020.0,True
/home/ec2-user/ndvi_sqs_work/shaanxi/raw/HLS-VI.S30.T49SDD.2018044T032829.v2.0.NDVI.tif,HLS-VI.S30.T49SDD.2018044T032829.v2.0.NDVI.tif,S30,T49SDD,2018-02-13,2018044,032829,EPSG:32649,399960.0,4290240.0,509760.0,4400040.0,True
/home/ec2-user/ndvi_sqs_work/shaanxi/raw/HLS-VI.S30.T49SDU.2018044T032829.v2.0.NDVI.tif,HLS-VI.S30.T49SDU.2018044T032829.v2.0.NDVI.tif,S30,T49SDU,2018-02-13,2018044,032829,EPSG:32649,399960.0,3790200.0,509760.0,3900000.0,True
/home/ec2-user/ndvi_sqs_work/shaanxi/raw/HLS-VI.S30.T49SDV.2018044T032829.v2.0.NDVI.tif,HLS-VI.S30.T49SDV.2018044T032829.v2.0.NDVI.tif,S30,T49SDV,2018-02-13,2018044,032829,EPSG:32649,399960.0,3890220.0,509760.0,4000020.0,True
/home/ec2-user/ndvi_sqs_work/shaanxi/raw/HLS-VI.S30.T49SEC.2018044T032829.v2.0.NDVI.tif,HLS-VI.S30.T49SEC.2018044T032829.v2.0.NDVI.tif,S30,T49SEC,2018-02-13,2018044,032829,EPSG:32649,499980.0,4190220.0,609780.0,4300020.0,True
/home/ec2-user/ndvi_sqs_work/shaanxi/raw/HLS-VI.S30.T49SED.2018044T032829.v2.0.NDVI.tif,HLS-VI.S30.T49SED.2018044T032829.v2.0.NDVI.tif,S30,T49SED,2018-02-13,2018044,032829,EPSG:32649,499980.0,4290240.0,609780.0,4400040.0,True
/home/ec2-user/ndvi_sqs_work/shaanxi/raw/HLS-VI.S30.T49SDD.2018046T031821.v2.0.NDVI.tif,HLS-VI.S30.T49SDD.2018046T031821.v2.0.NDVI.tif,S30,T49SDD,2018-02-15,2018046,031821,EPSG:32649,399960.0,4290240.0,509760.0,4400040.0,True
/home/ec2-user/ndvi_sqs_work/shaanxi/raw/HLS-VI.S30.T49SED.2018046T031821.v2.0.NDVI.tif,HLS-VI.S30.T49SED.2018046T031821.v2.0.NDVI.tif,S30,T49SED,2018-02-15,2018046,031821,EPSG:32649,499980.0,4290240.0,609780.0,4400040.0,True
/home/ec2-user/ndvi_sqs_work/shaanxi/raw/HLS-VI.S30.T48SXD.2018047T033819.v2.0.NDVI.tif,HLS-VI.S30.T48SXD.2018047T033819.v2.0.NDVI.tif,S30,T48SXD,2018-02-16,2018047,033819,EPSG:32648,600000.0,3790200.0,709800.0,3900000.0,True
/home/ec2-user/ndvi_sqs_work/shaanxi/raw/HLS-VI.S30.T48SXE.2018047T033819.v2.0.NDVI.tif,HLS-VI.S30.T48SXE.2018047T033819.v2.0.NDVI.tif,S30,T48SXE,2018-02-16,2018047,033819,EPSG:32648,600000.0,3890220.0,709800.0,4000020.0,True
/home/ec2-user/ndvi_sqs_work/shaanxi/raw/HLS-VI.S30.T48SXG.2018047T033819.v2.0.NDVI.tif,HLS-VI.S30.T48SXG.2018047T033819.v2.0.NDVI.tif,S30,T48SXG,2018-02-16,2018047,033819,EPSG:32648,600000.0,4090200.0,709800.0,4200000.0,True
/home/ec2-user/ndvi_sqs_work/shaanxi/raw/HLS-VI.S30.T48SYD.2018047T033819.v2.0.NDVI.tif,HLS-VI.S30.T48SYD.2018047T033819.v2.0.NDVI.tif,S30,T48SYD,2018-02-16,2018047,033819,EPSG:32648,699960.0,3790200.0,809760.0,3900000.0,True
/home/ec2-user/ndvi_sqs_work/shaanxi/raw/HLS-VI.S30.T48SYE.2018047T033819.v2.0.NDVI.tif,HLS-VI.S30.T48SYE.2018047T033819.v2.0.NDVI.tif,S30,T48SYE,2018-02-16,2018047,033819,EPSG:32648,699960.0,3890220.0,809760.0,4000020.0,True
/home/ec2-user/ndvi_sqs_work/shaanxi/raw/HLS-VI.S30.T48SYF.2018047T033819.v2.0.NDVI.tif,HLS-VI.S30.T48SYF.2018047T033819.v2.0.NDVI.tif,S30,T48SYF,2018-02-16,2018047,033819,EPSG:32648,699960.0,3990240.0,809760.0,4100040.0,True
/home/ec2-user/ndvi_sqs_work/shaanxi/raw/HLS-VI.S30.T48SYG.2018047T033819.v2.0.NDVI.tif,HLS-VI.S30.T48SYG.2018047T033819.v2.0.NDVI.tif,S30,T48SYG,2018-02-16,2018047,033819,EPSG:32648,699960.0,4090200.0,809760.0,4200000.0,True
/home/ec2-user/ndvi_sqs_work/shaanxi/raw/HLS-VI.S30.T49SBA.2018047T033819.v2.0.NDVI.tif,HLS-VI.S30.T49SBA.2018047T033819.v2.0.NDVI.tif,S30,T49SBA,2018-02-16,2018047,033819,EPSG:32649,199980.0,3990240.0,309780.0,4100040.0,True
/home/ec2-user/ndvi_sqs_work/shaanxi/raw/HLS-VI.S30.T49SBB.2018047T033819.v2.0.NDVI.tif,HLS-VI.S30.T49SBB.2018047T033819.v2.0.NDVI.tif,S30,T49SBB,2018-02-16,2018047,033819,EPSG:32649,199980.0,4090200.0,309780.0,4200000.0,True
/home/ec2-user/ndvi_sqs_work/shaanxi/raw/HLS-VI.S30.T49SBT.2018047T033819.v2.0.NDVI.tif,HLS-VI.S30.T49SBT.2018047T033819.v2.0.NDVI.tif,S30,T49SBT,2018-02-16,2018047,033819,EPSG:32649,199980.0,3690240.0,309780.0,3800040.0,True
/home/ec2-user/ndvi_sqs_work/shaanxi/raw/HLS-VI.S30.T49SBU.2018047T033819.v2.0.NDVI.tif,HLS-VI.S30.T49SBU.2018047T033819.v2.0.NDVI.tif,S30,T49SBU,2018-02-16,2018047,033819,EPSG:32649,199980.0,3790200.0,309780.0,3900000.0,True
/home/ec2-user/ndvi_sqs_work/shaanxi/raw/HLS-VI.S30.T49SBV.2018047T033819.v2.0.NDVI.tif,HLS-VI.S30.T49SBV.2018047T033819.v2.0.NDVI.tif,S30,T49SBV,2018-02-16,2018047,033819,EPSG:32649,199980.0,3890220.0,309780.0,4000020.0,True
/home/ec2-user/ndvi_sqs_work/shaanxi/raw/HLS-VI.S30.T49SCB.2018047T033819.v2.0.NDVI.tif,HLS-VI.S30.T49SCB.2018047T033819.v2.0.NDVI.tif,S30,T49SCB,2018-02-16,2018047,033819,EPSG:32649,300000.0,4090200.0,409800.0,4200000.0,True
/home/ec2-user/ndvi_sqs_work/shaanxi/raw/HLS-VI.S30.T49SCC.2018047T033819.v2.0.NDVI.tif,HLS-VI.S30.T49SCC.2018047T033819.v2.0.NDVI.tif,S30,T49SCC,2018-02-16,2018047,033819,EPSG:32649,300000.0,4190220.0,409800.0,4300020.0,True
/home/ec2-user/ndvi_sqs_work/shaanxi/raw/HLS-VI.S30.T49SCD.2018049T032801.v2.0.NDVI.tif,HLS-VI.S30.T49SCD.2018049T032801.v2.0.NDVI.tif,S30,T49SCD,2018-02-18,2018049,032801,EPSG:32649,300000.0,4290240.0,409800.0,4400040.0,True
/home/ec2-user/ndvi_sqs_work/shaanxi/raw/HLS-VI.S30.T49SDD.2018049T032801.v2.0.NDVI.tif,HLS-VI.S30.T49SDD.2018049T032801.v2.0.NDVI.tif,S30,T49SDD,2018-02-18,2018049,032801,EPSG:32649,399960.0,4290240.0,509760.0,4400040.0,True
/home/ec2-user/ndvi_sqs_work/shaanxi/raw/HLS-VI.S30.T49SEC.2018049T032801.v2.0.NDVI.tif,HLS-VI.S30.T49SEC.2018049T032801.v2.0.NDVI.tif,S30,T49SEC,2018-02-18,2018049,032801,EPSG:32649,499980.0,4190220.0,609780.0,4300020.0,True
/home/ec2-user/ndvi_sqs_work/shaanxi/raw/HLS-VI.S30.T49SED.2018049T032801.v2.0.NDVI.tif,HLS-VI.S30.T49SED.2018049T032801.v2.0.NDVI.tif,S30,T49SED,2018-02-18,2018049,032801,EPSG:32649,499980.0,4290240.0,609780.0,4400040.0,True
/home/ec2-user/ndvi_sqs_work/shaanxi/raw/HLS-VI.S30.T48SYH.2018052T033751.v2.0.NDVI.tif,HLS-VI.S30.T48SYH.2018052T033751.v2.0.NDVI.tif,S30,T48SYH,2018-02-21,2018052,033751,EPSG:32648,699960.0,4190220.0,809760.0,4300020.0,True
/home/ec2-user/ndvi_sqs_work/shaanxi/raw/HLS-VI.S30.T49SBC.2018052T033751.v2.0.NDVI.tif,HLS-VI.S30.T49SBC.2018052T033751.v2.0.NDVI.tif,S30,T49SBC,2018-02-21,2018052,033751,EPSG:32649,199980.0,4190220.0,309780.0,4300020.0,True
/home/ec2-user/ndvi_sqs_work/shaanxi/raw/HLS-VI.S30.T49SBV.2018052T033751.v2.0.NDVI.tif,HLS-VI.S30.T49SBV.2018052T033751.v2.0.NDVI.tif,S30,T49SBV,2018-02-21,2018052,033751,EPSG:32649,199980.0,3890220.0,309780.0,4000020.0,True
/home/ec2-user/ndvi_sqs_work/shaanxi/raw/HLS-VI.S30.T49SCC.2018052T033751.v2.0.NDVI.tif,HLS-VI.S30.T49SCC.2018052T033751.v2.0.NDVI.tif,S30,T49SCC,2018-02-21,2018052,033751,EPSG:32649,300000.0,4190220.0,409800.0,4300020.0,True
/home/ec2-user/ndvi_sqs_work/shaanxi/raw/HLS-VI.S30.T48SXD.2018054T032729.v2.0.NDVI.tif,HLS-VI.S30.T48SXD.2018054T032729.v2.0.NDVI.tif,S30,T48SXD,2018-02-23,2018054,032729,EPSG:32648,600000.0,3790200.0,709800.0,3900000.0,True
/home/ec2-user/ndvi_sqs_work/shaanxi/raw/HLS-VI.S30.T48SYD.2018054T032729.v2.0.NDVI.tif,HLS-VI.S30.T48SYD.2018054T032729.v2.0.NDVI.tif,S30,T48SYD,2018-02-23,2018054,032729,EPSG:32648,699960.0,3790200.0,809760.0,3900000.0,True
/home/ec2-user/ndvi_sqs_work/shaanxi/raw/HLS-VI.S30.T48SYE.2018054T032729.v2.0.NDVI.tif,HLS-VI.S30.T48SYE.2018054T032729.v2.0.NDVI.tif,S30,T48SYE,2018-02-23,2018054,032729,EPSG:32648,699960.0,3890220.0,809760.0,4000020.0,True
/home/ec2-user/ndvi_sqs_work/shaanxi/raw/HLS-VI.S30.T48SYF.2018054T032729.v2.0.NDVI.tif,HLS-VI.S30.T48SYF.2018054T032729.v2.0.NDVI.tif,S30,T48SYF,2018-02-23,2018054,032729,EPSG:32648,699960.0,3990240.0,809760.0,4100040.0,True
/home/ec2-user/ndvi_sqs_work/shaanxi/raw/HLS-VI.S30.T49SBV.2018054T032729.v2.0.NDVI.tif,HLS-VI.S30.T49SBV.2018054T032729.v2.0.NDVI.tif,S30,T49SBV,2018-02-23,2018054,032729,EPSG:32649,199980.0,3890220.0,309780.0,4000020.0,True
/home/ec2-user/ndvi_sqs_work/shaanxi/raw/HLS-VI.S30.T49SCA.2018054T032729.v2.0.NDVI.tif,HLS-VI.S30.T49SCA.2018054T032729.v2.0.NDVI.tif,S30,T49SCA,2018-02-23,2018054,032729,EPSG:32649,300000.0,3990240.0,409800.0,4100040.0,True
/home/ec2-user/ndvi_sqs_work/shaanxi/raw/HLS-VI.S30.T49SCB.2018054T032729.v2.0.NDVI.tif,HLS-VI.S30.T49SCB.2018054T032729.v2.0.NDVI.tif,S30,T49SCB,2018-02-23,2018054,032729,EPSG:32649,300000.0,4090200.0,409800.0,4200000.0,True
/home/ec2-user/ndvi_sqs_work/shaanxi/raw/HLS-VI.S30.T49SCU.2018054T032729.v2.0.NDVI.tif,HLS-VI.S30.T49SCU.2018054T032729.v2.0.NDVI.tif,S30,T49SCU,2018-02-23,2018054,032729,EPSG:32649,300000.0,3790200.0,409800.0,3900000.0,True
/home/ec2-user/ndvi_sqs_work/shaanxi/raw/HLS-VI.S30.T49SDB.2018054T032729.v2.0.NDVI.tif,HLS-VI.S30.T49SDB.2018054T032729.v2.0.NDVI.tif,S30,T49SDB,2018-02-23,2018054,032729,EPSG:32649,399960.0,4090200.0,509760.0,4200000.0,True
/home/ec2-user/ndvi_sqs_work/shaanxi/raw/HLS-VI.S30.T49SCT.2018056T031711.v2.0.NDVI.tif,HLS-VI.S30.T49SCT.2018056T031711.v2.0.NDVI.tif,S30,T49SCT,2018-02-25,2018056,031711,EPSG:32649,300000.0,3690240.0,409800.0,3800040.0,True
/home/ec2-user/ndvi_sqs_work/shaanxi/raw/HLS-VI.S30.T49SCU.2018056T031711.v2.0.NDVI.tif,HLS-VI.S30.T49SCU.2018056T031711.v2.0.NDVI.tif,S30,T49SCU,2018-02-25,2018056,031711,EPSG:32649,300000.0,3790200.0,409800.0,3900000.0,True
/home/ec2-user/ndvi_sqs_work/shaanxi/raw/HLS-VI.S30.T49SCV.2018056T031711.v2.0.NDVI.tif,HLS-VI.S30.T49SCV.2018056T031711.v2.0.NDVI.tif,S30,T49SCV,2018-02-25,2018056,031711,EPSG:32649,300000.0,3890220.0,409800.0,4000020.0,True
/home/ec2-user/ndvi_sqs_work/shaanxi/raw/HLS-VI.S30.T49SDA.2018056T031711.v2.0.NDVI.tif,HLS-VI.S30.T49SDA.2018056T031711.v2.0.NDVI.tif,S30,T49SDA,2018-02-25,2018056,031711,EPSG:32649,399960.0,3990240.0,509760.0,4100040.0,True
/home/ec2-user/ndvi_sqs_work/shaanxi/raw/HLS-VI.S30.T49SDB.2018056T031711.v2.0.NDVI.tif,HLS-VI.S30.T49SDB.2018056T031711.v2.0.NDVI.tif,S30,T49SDB,2018-02-25,2018056,031711,EPSG:32649,399960.0,4090200.0,509760.0,4200000.0,True
/home/ec2-user/ndvi_sqs_work/shaanxi/raw/HLS-VI.S30.T49SDC.2018056T031711.v2.0.NDVI.tif,HLS-VI.S30.T49SDC.2018056T031711.v2.0.NDVI.tif,S30,T49SDC,2018-02-25,2018056,031711,EPSG:32649,399960.0,4190220.0,509760.0,4300020.0,True
/home/ec2-user/ndvi_sqs_work/shaanxi/raw/HLS-VI.S30.T49SDT.2018056T031711.v2.0.NDVI.tif,HLS-VI.S30.T49SDT.2018056T031711.v2.0.NDVI.tif,S30,T49SDT,2018-02-25,2018056,031711,EPSG:32649,399960.0,3690240.0,509760.0,3800040.0,True
/home/ec2-user/ndvi_sqs_work/shaanxi/raw/HLS-VI.S30.T49SDU.2018056T031711.v2.0.NDVI.tif,HLS-VI.S30.T49SDU.2018056T031711.v2.0.NDVI.tif,S30,T49SDU,2018-02-25,2018056,031711,EPSG:32649,399960.0,3790200.0,509760.0,3900000.0,True
/home/ec2-user/ndvi_sqs_work/shaanxi/raw/HLS-VI.S30.T49SDV.2018056T031711.v2.0.NDVI.tif,HLS-VI.S30.T49SDV.2018056T031711.v2.0.NDVI.tif,S30,T49SDV,2018-02-25,2018056,031711,EPSG:32649,399960.0,3890220.0,509760.0,4000020.0,True
/home/ec2-user/ndvi_sqs_work/shaanxi/raw/HLS-VI.S30.T48SXB.2018059T032701.v2.0.NDVI.tif,HLS-VI.S30.T48SXB.2018059T032701.v2.0.NDVI.tif,S30,T48SXB,2018-02-28,2018059,032701,EPSG:32648,600000.0,3590220.0,709800.0,3700020.0,True
/home/ec2-user/ndvi_sqs_work/shaanxi/raw/HLS-VI.S30.T48SXC.2018059T032701.v2.0.NDVI.tif,HLS-VI.S30.T48SXC.2018059T032701.v2.0.NDVI.tif,S30,T48SXC,2018-02-28,2018059,032701,EPSG:32648,600000.0,3690240.0,709800.0,3800040.0,True
/home/ec2-user/ndvi_sqs_work/shaanxi/raw/HLS-VI.S30.T48SXD.2018059T032701.v2.0.NDVI.tif,HLS-VI.S30.T48SXD.2018059T032701.v2.0.NDVI.tif,S30,T48SXD,2018-02-28,2018059,032701,EPSG:32648,600000.0,3790200.0,709800.0,3900000.0,True
/home/ec2-user/ndvi_sqs_work/shaanxi/raw/HLS-VI.S30.T48SYC.2018059T032701.v2.0.NDVI.tif,HLS-VI.S30.T48SYC.2018059T032701.v2.0.NDVI.tif,S30,T48SYC,2018-02-28,2018059,032701,EPSG:32648,699960.0,3690240.0,809760.0,3800040.0,True
/home/ec2-user/ndvi_sqs_work/shaanxi/raw/HLS-VI.S30.T48SYD.2018059T032701.v2.0.NDVI.tif,HLS-VI.S30.T48SYD.2018059T032701.v2.0.NDVI.tif,S30,T48SYD,2018-02-28,2018059,032701,EPSG:32648,699960.0,3790200.0,809760.0,3900000.0,True
/home/ec2-user/ndvi_sqs_work/shaanxi/raw/HLS-VI.S30.T48SYE.2018059T032701.v2.0.NDVI.tif,HLS-VI.S30.T48SYE.2018059T032701.v2.0.NDVI.tif,S30,T48SYE,2018-02-28,2018059,032701,EPSG:32648,699960.0,3890220.0,809760.0,4000020.0,True
/home/ec2-user/ndvi_sqs_work/shaanxi/raw/HLS-VI.S30.T48SYF.2018059T032701.v2.0.NDVI.tif,HLS-VI.S30.T48SYF.2018059T032701.v2.0.NDVI.tif,S30,T48SYF,2018-02-28,2018059,032701,EPSG:32648,699960.0,3990240.0,809760.0,4100040.0,True
/home/ec2-user/ndvi_sqs_work/shaanxi/raw/HLS-VI.S30.T48SYH.2018059T032701.v2.0.NDVI.tif,HLS-VI.S30.T48SYH.2018059T032701.v2.0.NDVI.tif,S30,T48SYH,2018-02-28,2018059,032701,EPSG:32648,699960.0,4190220.0,809760.0,4300020.0,True
/home/ec2-user/ndvi_sqs_work/shaanxi/raw/HLS-VI.S30.T49SBA.2018059T032701.v2.0.NDVI.tif,HLS-VI.S30.T49SBA.2018059T032701.v2.0.NDVI.tif,S30,T49SBA,2018-02-28,2018059,032701,EPSG:32649,199980.0,3990240.0,309780.0,4100040.0,True
/home/ec2-user/ndvi_sqs_work/shaanxi/raw/HLS-VI.S30.T49SBB.2018059T032701.v2.0.NDVI.tif,HLS-VI.S30.T49SBB.2018059T032701.v2.0.NDVI.tif,S30,T49SBB,2018-02-28,2018059,032701,EPSG:32649,199980.0,4090200.0,309780.0,4200000.0,True
/home/ec2-user/ndvi_sqs_work/shaanxi/raw/HLS-VI.S30.T49SBC.2018059T032701.v2.0.NDVI.tif,HLS-VI.S30.T49SBC.2018059T032701.v2.0.NDVI.tif,S30,T49SBC,2018-02-28,2018059,032701,EPSG:32649,199980.0,4190220.0,309780.0,4300020.0,True
/home/ec2-user/ndvi_sqs_work/shaanxi/raw/HLS-VI.S30.T49SBT.2018059T032701.v2.0.NDVI.tif,HLS-VI.S30.T49SBT.2018059T032701.v2.0.NDVI.tif,S30,T49SBT,2018-02-28,2018059,032701,EPSG:32649,199980.0,3690240.0,309780.0,3800040.0,True
/home/ec2-user/ndvi_sqs_work/shaanxi/raw/HLS-VI.S30.T49SBU.2018059T032701.v2.0.NDVI.tif,HLS-VI.S30.T49SBU.2018059T032701.v2.0.NDVI.tif,S30,T49SBU,2018-02-28,2018059,032701,EPSG:32649,199980.0,3790200.0,309780.0,3900000.0,True
/home/ec2-user/ndvi_sqs_work/shaanxi/raw/HLS-VI.S30.T49SBV.2018059T032701.v2.0.NDVI.tif,HLS-VI.S30.T49SBV.2018059T032701.v2.0.NDVI.tif,S30,T49SBV,2018-02-28,2018059,032701,EPSG:32649,199980.0,3890220.0,309780.0,4000020.0,True
/home/ec2-user/ndvi_sqs_work/shaanxi/raw/HLS-VI.S30.T49SCA.2018059T032701.v2.0.NDVI.tif,HLS-VI.S30.T49SCA.2018059T032701.v2.0.NDVI.tif,S30,T49SCA,2018-02-28,2018059,032701,EPSG:32649,300000.0,3990240.0,409800.0,4100040.0,True
/home/ec2-user/ndvi_sqs_work/shaanxi/raw/HLS-VI.S30.T49SCB.2018059T032701.v2.0.NDVI.tif,HLS-VI.S30.T49SCB.2018059T032701.v2.0.NDVI.tif,S30,T49SCB,2018-02-28,2018059,032701,EPSG:32649,300000.0,4090200.0,409800.0,4200000.0,True
/home/ec2-user/ndvi_sqs_work/shaanxi/raw/HLS-VI.S30.T49SCC.2018059T032701.v2.0.NDVI.tif,HLS-VI.S30.T49SCC.2018059T032701.v2.0.NDVI.tif,S30,T49SCC,2018-02-28,2018059,032701,EPSG:32649,300000.0,4190220.0,409800.0,4300020.0,True
/home/ec2-user/ndvi_sqs_work/shaanxi/raw/HLS-VI.S30.T49SCD.2018059T032701.v2.0.NDVI.tif,HLS-VI.S30.T49SCD.2018059T032701.v2.0.NDVI.tif,S30,T49SCD,2018-02-28,2018059,032701,EPSG:32649,300000.0,4290240.0,409800.0,4400040.0,True
/home/ec2-user/ndvi_sqs_work/shaanxi/raw/HLS-VI.S30.T49SCU.2018059T032701.v2.0.NDVI.tif,HLS-VI.S30.T49SCU.2018059T032701.v2.0.NDVI.tif,S30,T49SCU,2018-02-28,2018059,032701,EPSG:32649,300000.0,3790200.0,409800.0,3900000.0,True
/home/ec2-user/ndvi_sqs_work/shaanxi/raw/HLS-VI.S30.T49SCV.2018059T032701.v2.0.NDVI.tif,HLS-VI.S30.T49SCV.2018059T032701.v2.0.NDVI.tif,S30,T49SCV,2018-02-28,2018059,032701,EPSG:32649,300000.0,3890220.0,409800.0,4000020.0,True
/home/ec2-user/ndvi_sqs_work/shaanxi/raw/HLS-VI.S30.T49SDA.2018059T032701.v2.0.NDVI.tif,HLS-VI.S30.T49SDA.2018059T032701.v2.0.NDVI.tif,S30,T49SDA,2018-02-28,2018059,032701,EPSG:32649,399960.0,3990240.0,509760.0,4100040.0,True
/home/ec2-user/ndvi_sqs_work/shaanxi/raw/HLS-VI.S30.T49SDB.2018059T032701.v2.0.NDVI.tif,HLS-VI.S30.T49SDB.2018059T032701.v2.0.NDVI.tif,S30,T49SDB,2018-02-28,2018059,032701,EPSG:32649,399960.0,4090200.0,509760.0,4200000.0,True
/home/ec2-user/ndvi_sqs_work/shaanxi/raw/HLS-VI.S30.T49SDC.2018059T032701.v2.0.NDVI.tif,HLS-VI.S30.T49SDC.2018059T032701.v2.0.NDVI.tif,S30,T49SDC,2018-02-28,2018059,032701,EPSG:32649,399960.0,4190220.0,509760.0,4300020.0,True
/home/ec2-user/ndvi_sqs_work/shaanxi/raw/HLS-VI.S30.T49SDD.2018059T032701.v2.0.NDVI.tif,HLS-VI.S30.T49SDD.2018059T032701.v2.0.NDVI.tif,S30,T49SDD,2018-02-28,2018059,032701,EPSG:32649,399960.0,4290240.0,509760.0,4400040.0,True
/home/ec2-user/ndvi_sqs_work/shaanxi/raw/HLS-VI.S30.T49SDU.2018059T032701.v2.0.NDVI.tif,HLS-VI.S30.T49SDU.2018059T032701.v2.0.NDVI.tif,S30,T49SDU,2018-02-28,2018059,032701,EPSG:32649,399960.0,3790200.0,509760.0,3900000.0,True
/home/ec2-user/ndvi_sqs_work/shaanxi/raw/HLS-VI.S30.T49SDV.2018059T032701.v2.0.NDVI.tif,HLS-VI.S30.T49SDV.2018059T032701.v2.0.NDVI.tif,S30,T49SDV,2018-02-28,2018059,032701,EPSG:32649,399960.0,3890220.0,509760.0,4000020.0,True
/home/ec2-user/ndvi_sqs_work/shaanxi/raw/HLS-VI.S30.T49SEC.2018059T032701.v2.0.NDVI.tif,HLS-VI.S30.T49SEC.2018059T032701.v2.0.NDVI.tif,S30,T49SEC,2018-02-28,2018059,032701,EPSG:32649,499980.0,4190220.0,609780.0,4300020.0,True
/home/ec2-user/ndvi_sqs_work/shaanxi/raw/HLS-VI.S30.T49SED.2018059T032701.v2.0.NDVI.tif,HLS-VI.S30.T49SED.2018059T032701.v2.0.NDVI.tif,S30,T49SED,2018-02-28,2018059,032701,EPSG:32649,499980.0,4290240.0,609780.0,4400040.0,True
/home/ec2-user/ndvi_sqs_work/shaanxi/raw/HLS-VI.S30.T49SCV.2018061T031629.v2.0.NDVI.tif,HLS-VI.S30.T49SCV.2018061T031629.v2.0.NDVI.tif,S30,T49SCV,2018-03-02,2018061,031629,EPSG:32649,300000.0,3890220.0,409800.0,4000020.0,True
/home/ec2-user/ndvi_sqs_work/shaanxi/raw/HLS-VI.S30.T49SDB.2018061T031629.v2.0.NDVI.tif,HLS-VI.S30.T49SDB.2018061T031629.v2.0.NDVI.tif,S30,T49SDB,2018-03-02,2018061,031629,EPSG:32649,399960.0,4090200.0,509760.0,4200000.0,True
/home/ec2-user/ndvi_sqs_work/shaanxi/raw/HLS-VI.S30.T49SDC.2018061T031629.v2.0.NDVI.tif,HLS-VI.S30.T49SDC.2018061T031629.v2.0.NDVI.tif,S30,T49SDC,2018-03-02,2018061,031629,EPSG:32649,399960.0,4190220.0,509760.0,4300020.0,True
/home/ec2-user/ndvi_sqs_work/shaanxi/raw/HLS-VI.S30.T49SDD.2018061T031629.v2.0.NDVI.tif,HLS-VI.S30.T49SDD.2018061T031629.v2.0.NDVI.tif,S30,T49SDD,2018-03-02,2018061,031629,EPSG:32649,399960.0,4290240.0,509760.0,4400040.0,True
/home/ec2-user/ndvi_sqs_work/shaanxi/raw/HLS-VI.S30.T49SDV.2018061T031629.v2.0.NDVI.tif,HLS-VI.S30.T49SDV.2018061T031629.v2.0.NDVI.tif,S30,T49SDV,2018-03-02,2018061,031629,EPSG:32649,399960.0,3890220.0,509760.0,4000020.0,True
/home/ec2-user/ndvi_sqs_work/shaanxi/raw/HLS-VI.S30.T49SEC.2018061T031629.v2.0.NDVI.tif,HLS-VI.S30.T49SEC.2018061T031629.v2.0.NDVI.tif,S30,T49SEC,2018-03-02,2018061,031629,EPSG:32649,499980.0,4190220.0,609780.0,4300020.0,True
/home/ec2-user/ndvi_sqs_work/shaanxi/raw/HLS-VI.S30.T48SXG.2018067T033559.v2.0.NDVI.tif,HLS-VI.S30.T48SXG.2018067T033559.v2.0.NDVI.tif,S30,T48SXG,2018-03-08,2018067,033559,EPSG:32648,600000.0,4090200.0,709800.0,4200000.0,True
/home/ec2-user/ndvi_sqs_work/shaanxi/raw/HLS-VI.S30.T48SYE.2018067T033559.v2.0.NDVI.tif,HLS-VI.S30.T48SYE.2018067T033559.v2.0.NDVI.tif,S30,T48SYE,2018-03-08,2018067,033559,EPSG:32648,699960.0,3890220.0,809760.0,4000020.0,True
/home/ec2-user/ndvi_sqs_work/shaanxi/raw/HLS-VI.S30.T48SYF.2018067T033559.v2.0.NDVI.tif,HLS-VI.S30.T48SYF.2018067T033559.v2.0.NDVI.tif,S30,T48SYF,2018-03-08,2018067,033559,EPSG:32648,699960.0,3990240.0,809760.0,4100040.0,True
/home/ec2-user/ndvi_sqs_work/shaanxi/raw/HLS-VI.S30.T48SYG.2018067T033559.v2.0.NDVI.tif,HLS-VI.S30.T48SYG.2018067T033559.v2.0.NDVI.tif,S30,T48SYG,2018-03-08,2018067,033559,EPSG:32648,699960.0,4090200.0,809760.0,4200000.0,True
/home/ec2-user/ndvi_sqs_work/shaanxi/raw/HLS-VI.S30.T48SYH.2018067T033559.v2.0.NDVI.tif,HLS-VI.S30.T48SYH.2018067T033559.v2.0.NDVI.tif,S30,T48SYH,2018-03-08,2018067,033559,EPSG:32648,699960.0,4190220.0,809760.0,4300020.0,True
/home/ec2-user/ndvi_sqs_work/shaanxi/raw/HLS-VI.S30.T49SBA.2018067T033559.v2.0.NDVI.tif,HLS-VI.S30.T49SBA.2018067T033559.v2.0.NDVI.tif,S30,T49SBA,2018-03-08,2018067,033559,EPSG:32649,199980.0,3990240.0,309780.0,4100040.0,True
/home/ec2-user/ndvi_sqs_work/shaanxi/raw/HLS-VI.S30.T49SBB.2018067T033559.v2.0.NDVI.tif,HLS-VI.S30.T49SBB.2018067T033559.v2.0.NDVI.tif,S30,T49SBB,2018-03-08,2018067,033559,EPSG:32649,199980.0,4090200.0,309780.0,4200000.0,True
/home/ec2-user/ndvi_sqs_work/shaanxi/raw/HLS-VI.S30.T49SBC.2018067T033559.v2.0.NDVI.tif,HLS-VI.S30.T49SBC.2018067T033559.v2.0.NDVI.tif,S30,T49SBC,2018-03-08,2018067,033559,EPSG:32649,199980.0,4190220.0,309780.0,4300020.0,True
/home/ec2-user/ndvi_sqs_work/shaanxi/raw/HLS-VI.S30.T49SBV.2018067T033559.v2.0.NDVI.tif,HLS-VI.S30.T49SBV.2018067T033559.v2.0.NDVI.tif,S30,T49SBV,2018-03-08,2018067,033559,EPSG:32649,199980.0,3890220.0,309780.0,4000020.0,True
/home/ec2-user/ndvi_sqs_work/shaanxi/raw/HLS-VI.S30.T49SCB.2018067T033559.v2.0.NDVI.tif,HLS-VI.S30.T49SCB.2018067T033559.v2.0.NDVI.tif,S30,T49SCB,2018-03-08,2018067,033559,EPSG:32649,300000.0,4090200.0,409800.0,4200000.0,True
/home/ec2-user/ndvi_sqs_work/shaanxi/raw/HLS-VI.S30.T49SCC.2018067T033559.v2.0.NDVI.tif,HLS-VI.S30.T49SCC.2018067T033559.v2.0.NDVI.tif,S30,T49SCC,2018-03-08,2018067,033559,EPSG:32649,300000.0,4190220.0,409800.0,4300020.0,True
/home/ec2-user/ndvi_sqs_work/shaanxi/raw/HLS-VI.S30.T48SYH.2018069T032541.v2.0.NDVI.tif,HLS-VI.S30.T48SYH.2018069T032541.v2.0.NDVI.tif,S30,T48SYH,2018-03-10,2018069,032541,EPSG:32648,699960.0,4190220.0,809760.0,4300020.0,True
/home/ec2-user/ndvi_sqs_work/shaanxi/raw/HLS-VI.S30.T49SBC.2018069T032541.v2.0.NDVI.tif,HLS-VI.S30.T49SBC.2018069T032541.v2.0.NDVI.tif,S30,T49SBC,2018-03-10,2018069,032541,EPSG:32649,199980.0,4190220.0,309780.0,4300020.0,True
/home/ec2-user/ndvi_sqs_work/shaanxi/raw/HLS-VI.S30.T49SCB.2018069T032541.v2.0.NDVI.tif,HLS-VI.S30.T49SCB.2018069T032541.v2.0.NDVI.tif,S30,T49SCB,2018-03-10,2018069,032541,EPSG:32649,300000.0,4090200.0,409800.0,4200000.0,True
/home/ec2-user/ndvi_sqs_work/shaanxi/raw/HLS-VI.S30.T49SCC.2018069T032541.v2.0.NDVI.tif,HLS-VI.S30.T49SCC.2018069T032541.v2.0.NDVI.tif,S30,T49SCC,2018-03-10,2018069,032541,EPSG:32649,300000.0,4190220.0,409800.0,4300020.0,True
/home/ec2-user/ndvi_sqs_work/shaanxi/raw/HLS-VI.S30.T49SCD.2018069T032541.v2.0.NDVI.tif,HLS-VI.S30.T49SCD.2018069T032541.v2.0.NDVI.tif,S30,T49SCD,2018-03-10,2018069,032541,EPSG:32649,300000.0,4290240.0,409800.0,4400040.0,True
/home/ec2-user/ndvi_sqs_work/shaanxi/raw/HLS-VI.S30.T49SDA.2018069T032541.v2.0.NDVI.tif,HLS-VI.S30.T49SDA.2018069T032541.v2.0.NDVI.tif,S30,T49SDA,2018-03-10,2018069,032541,EPSG:32649,399960.0,3990240.0,509760.0,4100040.0,True
/home/ec2-user/ndvi_sqs_work/shaanxi/raw/HLS-VI.S30.T49SDB.2018069T032541.v2.0.NDVI.tif,HLS-VI.S30.T49SDB.2018069T032541.v2.0.NDVI.tif,S30,T49SDB,2018-03-10,2018069,032541,EPSG:32649,399960.0,4090200.0,509760.0,4200000.0,True
/home/ec2-user/ndvi_sqs_work/shaanxi/raw/HLS-VI.S30.T49SDC.2018069T032541.v2.0.NDVI.tif,HLS-VI.S30.T49SDC.2018069T032541.v2.0.NDVI.tif,S30,T49SDC,2018-03-10,2018069,032541,EPSG:32649,399960.0,4190220.0,509760.0,4300020.0,True
/home/ec2-user/ndvi_sqs_work/shaanxi/raw/HLS-VI.S30.T49SDD.2018069T032541.v2.0.NDVI.tif,HLS-VI.S30.T49SDD.2018069T032541.v2.0.NDVI.tif,S30,T49SDD,2018-03-10,2018069,032541,EPSG:32649,399960.0,4290240.0,509760.0,4400040.0,True
/home/ec2-user/ndvi_sqs_work/shaanxi/raw/HLS-VI.S30.T49SEC.2018069T032541.v2.0.NDVI.tif,HLS-VI.S30.T49SEC.2018069T032541.v2.0.NDVI.tif,S30,T49SEC,2018-03-10,2018069,032541,EPSG:32649,499980.0,4190220.0,609780.0,4300020.0,True
/home/ec2-user/ndvi_sqs_work/shaanxi/raw/HLS-VI.S30.T49SED.2018069T032541.v2.0.NDVI.tif,HLS-VI.S30.T49SED.2018069T032541.v2.0.NDVI.tif,S30,T49SED,2018-03-10,2018069,032541,EPSG:32649,499980.0,4290240.0,609780.0,4400040.0,True
/home/ec2-user/ndvi_sqs_work/shaanxi/raw/HLS-VI.S30.T49SCT.2018071T031529.v2.0.NDVI.tif,HLS-VI.S30.T49SCT.2018071T031529.v2.0.NDVI.tif,S30,T49SCT,2018-03-12,2018071,031529,EPSG:32649,300000.0,3690240.0,409800.0,3800040.0,True
/home/ec2-user/ndvi_sqs_work/shaanxi/raw/HLS-VI.S30.T49SCV.2018071T031529.v2.0.NDVI.tif,HLS-VI.S30.T49SCV.2018071T031529.v2.0.NDVI.tif,S30,T49SCV,2018-03-12,2018071,031529,EPSG:32649,300000.0,3890220.0,409800.0,4000020.0,True
/home/ec2-user/ndvi_sqs_work/shaanxi/raw/HLS-VI.S30.T49SDA.2018071T031529.v2.0.NDVI.tif,HLS-VI.S30.T49SDA.2018071T031529.v2.0.NDVI.tif,S30,T49SDA,2018-03-12,2018071,031529,EPSG:32649,399960.0,3990240.0,509760.0,4100040.0,True
/home/ec2-user/ndvi_sqs_work/shaanxi/raw/HLS-VI.S30.T49SDB.2018071T031529.v2.0.NDVI.tif,HLS-VI.S30.T49SDB.2018071T031529.v2.0.NDVI.tif,S30,T49SDB,2018-03-12,2018071,031529,EPSG:32649,399960.0,4090200.0,509760.0,4200000.0,True
/home/ec2-user/ndvi_sqs_work/shaanxi/raw/HLS-VI.S30.T49SDC.2018071T031529.v2.0.NDVI.tif,HLS-VI.S30.T49SDC.2018071T031529.v2.0.NDVI.tif,S30,T49SDC,2018-03-12,2018071,031529,EPSG:32649,399960.0,4190220.0,509760.0,4300020.0,True
/home/ec2-user/ndvi_sqs_work/shaanxi/raw/HLS-VI.S30.T49SDD.2018071T031529.v2.0.NDVI.tif,HLS-VI.S30.T49SDD.2018071T031529.v2.0.NDVI.tif,S30,T49SDD,2018-03-12,2018071,031529,EPSG:32649,399960.0,4290240.0,509760.0,4400040.0,True
/home/ec2-user/ndvi_sqs_work/shaanxi/raw/HLS-VI.S30.T49SDS.2018071T031529.v2.0.NDVI.tif,HLS-VI.S30.T49SDS.2018071T031529.v2.0.NDVI.tif,S30,T49SDS,2018-03-12,2018071,031529,EPSG:32649,399960.0,3590220.0,509760.0,3700020.0,True
/home/ec2-user/ndvi_sqs_work/shaanxi/raw/HLS-VI.S30.T49SDT.2018071T031529.v2.0.NDVI.tif,HLS-VI.S30.T49SDT.2018071T031529.v2.0.NDVI.tif,S30,T49SDT,2018-03-12,2018071,031529,EPSG:32649,399960.0,3690240.0,509760.0,3800040.0,True
/home/ec2-user/ndvi_sqs_work/shaanxi/raw/HLS-VI.S30.T49SED.2018071T031529.v2.0.NDVI.tif,HLS-VI.S30.T49SED.2018071T031529.v2.0.NDVI.tif,S30,T49SED,2018-03-12,2018071,031529,EPSG:32649,499980.0,4290240.0,609780.0,4400040.0,True
/home/ec2-user/ndvi_sqs_work/shaanxi/raw/HLS-VI.S30.T49SES.2018071T031529.v2.0.NDVI.tif,HLS-VI.S30.T49SES.2018071T031529.v2.0.NDVI.tif,S30,T49SES,2018-03-12,2018071,031529,EPSG:32649,499980.0,3590220.0,609780.0,3700020.0,True
/home/ec2-user/ndvi_sqs_work/shaanxi/raw/HLS-VI.S30.T49SET.2018071T031529.v2.0.NDVI.tif,HLS-VI.S30.T49SET.2018071T031529.v2.0.NDVI.tif,S30,T49SET,2018-03-12,2018071,031529,EPSG:32649,499980.0,3690240.0,609780.0,3800040.0,True
/home/ec2-user/ndvi_sqs_work/shaanxi/raw/HLS-VI.S30.T48SWC.2018072T033531.v2.0.NDVI.tif,HLS-VI.S30.T48SWC.2018072T033531.v2.0.NDVI.tif,S30,T48SWC,2018-03-13,2018072,033531,EPSG:32648,499980.0,3690240.0,609780.0,3800040.0,True
/home/ec2-user/ndvi_sqs_work/shaanxi/raw/HLS-VI.S30.T48SXC.2018072T033531.v2.0.NDVI.tif,HLS-VI.S30.T48SXC.2018072T033531.v2.0.NDVI.tif,S30,T48SXC,2018-03-13,2018072,033531,EPSG:32648,600000.0,3690240.0,709800.0,3800040.0,True
/home/ec2-user/ndvi_sqs_work/shaanxi/raw/HLS-VI.S30.T48SXD.2018072T033531.v2.0.NDVI.tif,HLS-VI.S30.T48SXD.2018072T033531.v2.0.NDVI.tif,S30,T48SXD,2018-03-13,2018072,033531,EPSG:32648,600000.0,3790200.0,709800.0,3900000.0,True
/home/ec2-user/ndvi_sqs_work/shaanxi/raw/HLS-VI.S30.T48SXG.2018072T033531.v2.0.NDVI.tif,HLS-VI.S30.T48SXG.2018072T033531.v2.0.NDVI.tif,S30,T48SXG,2018-03-13,2018072,033531,EPSG:32648,600000.0,4090200.0,709800.0,4200000.0,True
/home/ec2-user/ndvi_sqs_work/shaanxi/raw/HLS-VI.S30.T48SYC.2018072T033531.v2.0.NDVI.tif,HLS-VI.S30.T48SYC.2018072T033531.v2.0.NDVI.tif,S30,T48SYC,2018-03-13,2018072,033531,EPSG:32648,699960.0,3690240.0,809760.0,3800040.0,True
/home/ec2-user/ndvi_sqs_work/shaanxi/raw/HLS-VI.S30.T48SYD.2018072T033531.v2.0.NDVI.tif,HLS-VI.S30.T48SYD.2018072T033531.v2.0.NDVI.tif,S30,T48SYD,2018-03-13,2018072,033531,EPSG:32648,699960.0,3790200.0,809760.0,3900000.0,True
/home/ec2-user/ndvi_sqs_work/shaanxi/raw/HLS-VI.S30.T48SYG.2018072T033531.v2.0.NDVI.tif,HLS-VI.S30.T48SYG.2018072T033531.v2.0.NDVI.tif,S30,T48SYG,2018-03-13,2018072,033531,EPSG:32648,699960.0,4090200.0,809760.0,4200000.0,True
/home/ec2-user/ndvi_sqs_work/shaanxi/raw/HLS-VI.S30.T48SYH.2018072T033531.v2.0.NDVI.tif,HLS-VI.S30.T48SYH.2018072T033531.v2.0.NDVI.tif,S30,T48SYH,2018-03-13,2018072,033531,EPSG:32648,699960.0,4190220.0,809760.0,4300020.0,True
/home/ec2-user/ndvi_sqs_work/shaanxi/raw/HLS-VI.S30.T49SBB.2018072T033531.v2.0.NDVI.tif,HLS-VI.S30.T49SBB.2018072T033531.v2.0.NDVI.tif,S30,T49SBB,2018-03-13,2018072,033531,EPSG:32649,199980.0,4090200.0,309780.0,4200000.0,True
/home/ec2-user/ndvi_sqs_work/shaanxi/raw/HLS-VI.S30.T49SBC.2018072T033531.v2.0.NDVI.tif,HLS-VI.S30.T49SBC.2018072T033531.v2.0.NDVI.tif,S30,T49SBC,2018-03-13,2018072,033531,EPSG:32649,199980.0,4190220.0,309780.0,4300020.0,True
/home/ec2-user/ndvi_sqs_work/shaanxi/raw/HLS-VI.S30.T49SBT.2018072T033531.v2.0.NDVI.tif,HLS-VI.S30.T49SBT.2018072T033531.v2.0.NDVI.tif,S30,T49SBT,2018-03-13,2018072,033531,EPSG:32649,199980.0,3690240.0,309780.0,3800040.0,True
/home/ec2-user/ndvi_sqs_work/shaanxi/raw/HLS-VI.S30.T49SBU.2018072T033531.v2.0.NDVI.tif,HLS-VI.S30.T49SBU.2018072T033531.v2.0.NDVI.tif,S30,T49SBU,2018-03-13,2018072,033531,EPSG:32649,199980.0,3790200.0,309780.0,3900000.0,True
/home/ec2-user/ndvi_sqs_work/shaanxi/raw/HLS-VI.S30.T49SCB.2018072T033531.v2.0.NDVI.tif,HLS-VI.S30.T49SCB.2018072T033531.v2.0.NDVI.tif,S30,T49SCB,2018-03-13,2018072,033531,EPSG:32649,300000.0,4090200.0,409800.0,4200000.0,True
/home/ec2-user/ndvi_sqs_work/shaanxi/raw/HLS-VI.S30.T49SCC.2018072T033531.v2.0.NDVI.tif,HLS-VI.S30.T49SCC.2018072T033531.v2.0.NDVI.tif,S30,T49SCC,2018-03-13,2018072,033531,EPSG:32649,300000.0,4190220.0,409800.0,4300020.0,True
/home/ec2-user/ndvi_sqs_work/shaanxi/raw/HLS-VI.S30.T48SXC.2018074T032529.v2.0.NDVI.tif,HLS-VI.S30.T48SXC.2018074T032529.v2.0.NDVI.tif,S30,T48SXC,2018-03-15,2018074,032529,EPSG:32648,600000.0,3690240.0,709800.0,3800040.0,True
/home/ec2-user/ndvi_sqs_work/shaanxi/raw/HLS-VI.S30.T48SXD.2018074T032529.v2.0.NDVI.tif,HLS-VI.S30.T48SXD.2018074T032529.v2.0.NDVI.tif,S30,T48SXD,2018-03-15,2018074,032529,EPSG:32648,600000.0,3790200.0,709800.0,3900000.0,True
/home/ec2-user/ndvi_sqs_work/shaanxi/raw/HLS-VI.S30.T48SYA.2018074T032529.v2.0.NDVI.tif,HLS-VI.S30.T48SYA.2018074T032529.v2.0.NDVI.tif,S30,T48SYA,2018-03-15,2018074,032529,EPSG:32648,699960.0,3490200.0,809760.0,3600000.0,True
/home/ec2-user/ndvi_sqs_work/shaanxi/raw/HLS-VI.S30.T48SYB.2018074T032529.v2.0.NDVI.tif,HLS-VI.S30.T48SYB.2018074T032529.v2.0.NDVI.tif,S30,T48SYB,2018-03-15,2018074,032529,EPSG:32648,699960.0,3590220.0,809760.0,3700020.0,True
/home/ec2-user/ndvi_sqs_work/shaanxi/raw/HLS-VI.S30.T48SYC.2018074T032529.v2.0.NDVI.tif,HLS-VI.S30.T48SYC.2018074T032529.v2.0.NDVI.tif,S30,T48SYC,2018-03-15,2018074,032529,EPSG:32648,699960.0,3690240.0,809760.0,3800040.0,True
/home/ec2-user/ndvi_sqs_work/shaanxi/raw/HLS-VI.S30.T48SYD.2018074T032529.v2.0.NDVI.tif,HLS-VI.S30.T48SYD.2018074T032529.v2.0.NDVI.tif,S30,T48SYD,2018-03-15,2018074,032529,EPSG:32648,699960.0,3790200.0,809760.0,3900000.0,True
/home/ec2-user/ndvi_sqs_work/shaanxi/raw/HLS-VI.S30.T48SYE.2018074T032529.v2.0.NDVI.tif,HLS-VI.S30.T48SYE.2018074T032529.v2.0.NDVI.tif,S30,T48SYE,2018-03-15,2018074,032529,EPSG:32648,699960.0,3890220.0,809760.0,4000020.0,True
/home/ec2-user/ndvi_sqs_work/shaanxi/raw/HLS-VI.S30.T48SYF.2018074T032529.v2.0.NDVI.tif,HLS-VI.S30.T48SYF.2018074T032529.v2.0.NDVI.tif,S30,T48SYF,2018-03-15,2018074,032529,EPSG:32648,699960.0,3990240.0,809760.0,4100040.0,True
/home/ec2-user/ndvi_sqs_work/shaanxi/raw/HLS-VI.S30.T48SYG.2018074T032529.v2.0.NDVI.tif,HLS-VI.S30.T48SYG.2018074T032529.v2.0.NDVI.tif,S30,T48SYG,2018-03-15,2018074,032529,EPSG:32648,699960.0,4090200.0,809760.0,4200000.0,True
/home/ec2-user/ndvi_sqs_work/shaanxi/raw/HLS-VI.S30.T48SYH.2018074T032529.v2.0.NDVI.tif,HLS-VI.S30.T48SYH.2018074T032529.v2.0.NDVI.tif,S30,T48SYH,2018-03-15,2018074,032529,EPSG:32648,699960.0,4190220.0,809760.0,4300020.0,True
/home/ec2-user/ndvi_sqs_work/shaanxi/raw/HLS-VI.S30.T49SBA.2018074T032529.v2.0.NDVI.tif,HLS-VI.S30.T49SBA.2018074T032529.v2.0.NDVI.tif,S30,T49SBA,2018-03-15,2018074,032529,EPSG:32649,199980.0,3990240.0,309780.0,4100040.0,True
/home/ec2-user/ndvi_sqs_work/shaanxi/raw/HLS-VI.S30.T49SBB.2018074T032529.v2.0.NDVI.tif,HLS-VI.S30.T49SBB.2018074T032529.v2.0.NDVI.tif,S30,T49SBB,2018-03-15,2018074,032529,EPSG:32649,199980.0,4090200.0,309780.0,4200000.0,True
/home/ec2-user/ndvi_sqs_work/shaanxi/raw/HLS-VI.S30.T49SBC.2018074T032529.v2.0.NDVI.tif,HLS-VI.S30.T49SBC.2018074T032529.v2.0.NDVI.tif,S30,T49SBC,2018-03-15,2018074,032529,EPSG:32649,199980.0,4190220.0,309780.0,4300020.0,True
/home/ec2-user/ndvi_sqs_work/shaanxi/raw/HLS-VI.S30.T49SBS.2018074T032529.v2.0.NDVI.tif,HLS-VI.S30.T49SBS.2018074T032529.v2.0.NDVI.tif,S30,T49SBS,2018-03-15,2018074,032529,EPSG:32649,199980.0,3590220.0,309780.0,3700020.0,True
/home/ec2-user/ndvi_sqs_work/shaanxi/raw/HLS-VI.S30.T49SBU.2018074T032529.v2.0.NDVI.tif,HLS-VI.S30.T49SBU.2018074T032529.v2.0.NDVI.tif,S30,T49SBU,2018-03-15,2018074,032529,EPSG:32649,199980.0,3790200.0,309780.0,3900000.0,True
/home/ec2-user/ndvi_sqs_work/shaanxi/raw/HLS-VI.S30.T49SBV.2018074T032529.v2.0.NDVI.tif,HLS-VI.S30.T49SBV.2018074T032529.v2.0.NDVI.tif,S30,T49SBV,2018-03-15,2018074,032529,EPSG:32649,199980.0,3890220.0,309780.0,4000020.0,True
/home/ec2-user/ndvi_sqs_work/shaanxi/raw/HLS-VI.S30.T49SCA.2018074T032529.v2.0.NDVI.tif,HLS-VI.S30.T49SCA.2018074T032529.v2.0.NDVI.tif,S30,T49SCA,2018-03-15,2018074,032529,EPSG:32649,300000.0,3990240.0,409800.0,4100040.0,True
/home/ec2-user/ndvi_sqs_work/shaanxi/raw/HLS-VI.S30.T49SCB.2018074T032529.v2.0.NDVI.tif,HLS-VI.S30.T49SCB.2018074T032529.v2.0.NDVI.tif,S30,T49SCB,2018-03-15,2018074,032529,EPSG:32649,300000.0,4090200.0,409800.0,4200000.0,True
/home/ec2-user/ndvi_sqs_work/shaanxi/raw/HLS-VI.S30.T49SCC.2018074T032529.v2.0.NDVI.tif,HLS-VI.S30.T49SCC.2018074T032529.v2.0.NDVI.tif,S30,T49SCC,2018-03-15,2018074,032529,EPSG:32649,300000.0,4190220.0,409800.0,4300020.0,True
/home/ec2-user/ndvi_sqs_work/shaanxi/raw/HLS-VI.S30.T49SCS.2018074T032529.v2.0.NDVI.tif,HLS-VI.S30.T49SCS.2018074T032529.v2.0.NDVI.tif,S30,T49SCS,2018-03-15,2018074,032529,EPSG:32649,300000.0,3590220.0,409800.0,3700020.0,True
/home/ec2-user/ndvi_sqs_work/shaanxi/raw/HLS-VI.S30.T49SCT.2018074T032529.v2.0.NDVI.tif,HLS-VI.S30.T49SCT.2018074T032529.v2.0.NDVI.tif,S30,T49SCT,2018-03-15,2018074,032529,EPSG:32649,300000.0,3690240.0,409800.0,3800040.0,True
/home/ec2-user/ndvi_sqs_work/shaanxi/raw/HLS-VI.S30.T49SCU.2018074T032529.v2.0.NDVI.tif,HLS-VI.S30.T49SCU.2018074T032529.v2.0.NDVI.tif,S30,T49SCU,2018-03-15,2018074,032529,EPSG:32649,300000.0,3790200.0,409800.0,3900000.0,True
/home/ec2-user/ndvi_sqs_work/shaanxi/raw/HLS-VI.S30.T49SCV.2018074T032529.v2.0.NDVI.tif,HLS-VI.S30.T49SCV.2018074T032529.v2.0.NDVI.tif,S30,T49SCV,2018-03-15,2018074,032529,EPSG:32649,300000.0,3890220.0,409800.0,4000020.0,True
/home/ec2-user/ndvi_sqs_work/shaanxi/raw/HLS-VI.S30.T49SDA.2018074T032529.v2.0.NDVI.tif,HLS-VI.S30.T49SDA.2018074T032529.v2.0.NDVI.tif,S30,T49SDA,2018-03-15,2018074,032529,EPSG:32649,399960.0,3990240.0,509760.0,4100040.0,True
/home/ec2-user/ndvi_sqs_work/shaanxi/raw/HLS-VI.S30.T49SDC.2018074T032529.v2.0.NDVI.tif,HLS-VI.S30.T49SDC.2018074T032529.v2.0.NDVI.tif,S30,T49SDC,2018-03-15,2018074,032529,EPSG:32649,399960.0,4190220.0,509760.0,4300020.0,True
/home/ec2-user/ndvi_sqs_work/shaanxi/raw/HLS-VI.S30.T49SDS.2018074T032529.v2.0.NDVI.tif,HLS-VI.S30.T49SDS.2018074T032529.v2.0.NDVI.tif,S30,T49SDS,2018-03-15,2018074,032529,EPSG:32649,399960.0,3590220.0,509760.0,3700020.0,True
/home/ec2-user/ndvi_sqs_work/shaanxi/raw/HLS-VI.S30.T49SDU.2018074T032529.v2.0.NDVI.tif,HLS-VI.S30.T49SDU.2018074T032529.v2.0.NDVI.tif,S30,T49SDU,2018-03-15,2018074,032529,EPSG:32649,399960.0,3790200.0,509760.0,3900000.0,True
/home/ec2-user/ndvi_sqs_work/shaanxi/raw/HLS-VI.S30.T49SDV.2018074T032529.v2.0.NDVI.tif,HLS-VI.S30.T49SDV.2018074T032529.v2.0.NDVI.tif,S30,T49SDV,2018-03-15,2018074,032529,EPSG:32649,399960.0,3890220.0,509760.0,4000020.0,True
/home/ec2-user/ndvi_sqs_work/shaanxi/raw/HLS-VI.S30.T49SEC.2018074T032529.v2.0.NDVI.tif,HLS-VI.S30.T49SEC.2018074T032529.v2.0.NDVI.tif,S30,T49SEC,2018-03-15,2018074,032529,EPSG:32649,499980.0,4190220.0,609780.0,4300020.0,True
/home/ec2-user/ndvi_sqs_work/shaanxi/raw/HLS-VI.S30.T49SCU.2018081T031539.v2.0.NDVI.tif,HLS-VI.S30.T49SCU.2018081T031539.v2.0.NDVI.tif,S30,T49SCU,2018-03-22,2018081,031539,EPSG:32649,300000.0,3790200.0,409800.0,3900000.0,True
/home/ec2-user/ndvi_sqs_work/shaanxi/raw/HLS-VI.S30.T49SDD.2018081T031539.v2.0.NDVI.tif,HLS-VI.S30.T49SDD.2018081T031539.v2.0.NDVI.tif,S30,T49SDD,2018-03-22,2018081,031539,EPSG:32649,399960.0,4290240.0,509760.0,4400040.0,True
/home/ec2-user/ndvi_sqs_work/shaanxi/raw/HLS-VI.S30.T49SDU.2018081T031539.v2.0.NDVI.tif,HLS-VI.S30.T49SDU.2018081T031539.v2.0.NDVI.tif,S30,T49SDU,2018-03-22,2018081,031539,EPSG:32649,399960.0,3790200.0,509760.0,3900000.0,True
/home/ec2-user/ndvi_sqs_work/shaanxi/raw/HLS-VI.S30.T49SES.2018081T031539.v2.0.NDVI.tif,HLS-VI.S30.T49SES.2018081T031539.v2.0.NDVI.tif,S30,T49SES,2018-03-22,2018081,031539,EPSG:32649,499980.0,3590220.0,609780.0,3700020.0,True
/home/ec2-user/ndvi_sqs_work/shaanxi/raw/HLS-VI.S30.T48SXG.2018082T033531.v2.0.NDVI.tif,HLS-VI.S30.T48SXG.2018082T033531.v2.0.NDVI.tif,S30,T48SXG,2018-03-23,2018082,033531,EPSG:32648,600000.0,4090200.0,709800.0,4200000.0,True
/home/ec2-user/ndvi_sqs_work/shaanxi/raw/HLS-VI.S30.T48SYG.2018082T033531.v2.0.NDVI.tif,HLS-VI.S30.T48SYG.2018082T033531.v2.0.NDVI.tif,S30,T48SYG,2018-03-23,2018082,033531,EPSG:32648,699960.0,4090200.0,809760.0,4200000.0,True
/home/ec2-user/ndvi_sqs_work/shaanxi/raw/HLS-VI.S30.T49SBB.2018082T033531.v2.0.NDVI.tif,HLS-VI.S30.T49SBB.2018082T033531.v2.0.NDVI.tif,S30,T49SBB,2018-03-23,2018082,033531,EPSG:32649,199980.0,4090200.0,309780.0,4200000.0,True
/home/ec2-user/ndvi_sqs_work/shaanxi/raw/HLS-VI.S30.T49SCB.2018082T033531.v2.0.NDVI.tif,HLS-VI.S30.T49SCB.2018082T033531.v2.0.NDVI.tif,S30,T49SCB,2018-03-23,2018082,033531,EPSG:32649,300000.0,4090200.0,409800.0,4200000.0,True
/home/ec2-user/ndvi_sqs_work/shaanxi/raw/HLS-VI.S30.T49SCB.2018084T032529.v2.0.NDVI.tif,HLS-VI.S30.T49SCB.2018084T032529.v2.0.NDVI.tif,S30,T49SCB,2018-03-25,2018084,032529,EPSG:32649,300000.0,4090200.0,409800.0,4200000.0,True
/home/ec2-user/ndvi_sqs_work/shaanxi/raw/HLS-VI.S30.T49SCC.2018084T032529.v2.0.NDVI.tif,HLS-VI.S30.T49SCC.2018084T032529.v2.0.NDVI.tif,S30,T49SCC,2018-03-25,2018084,032529,EPSG:32649,300000.0,4190220.0,409800.0,4300020.0,True
/home/ec2-user/ndvi_sqs_work/shaanxi/raw/HLS-VI.S30.T49SCD.2018084T032529.v2.0.NDVI.tif,HLS-VI.S30.T49SCD.2018084T032529.v2.0.NDVI.tif,S30,T49SCD,2018-03-25,2018084,032529,EPSG:32649,300000.0,4290240.0,409800.0,4400040.0,True
/home/ec2-user/ndvi_sqs_work/shaanxi/raw/HLS-VI.S30.T49SDC.2018084T032529.v2.0.NDVI.tif,HLS-VI.S30.T49SDC.2018084T032529.v2.0.NDVI.tif,S30,T49SDC,2018-03-25,2018084,032529,EPSG:32649,399960.0,4190220.0,509760.0,4300020.0,True
/home/ec2-user/ndvi_sqs_work/shaanxi/raw/HLS-VI.S30.T49SEC.2018084T032529.v2.0.NDVI.tif,HLS-VI.S30.T49SEC.2018084T032529.v2.0.NDVI.tif,S30,T49SEC,2018-03-25,2018084,032529,EPSG:32649,499980.0,4190220.0,609780.0,4300020.0,True
/home/ec2-user/ndvi_sqs_work/shaanxi/raw/HLS-VI.S30.T49SCT.2018086T031701.v2.0.NDVI.tif,HLS-VI.S30.T49SCT.2018086T031701.v2.0.NDVI.tif,S30,T49SCT,2018-03-27,2018086,031701,EPSG:32649,300000.0,3690240.0,409800.0,3800040.0,True
/home/ec2-user/ndvi_sqs_work/shaanxi/raw/HLS-VI.S30.T49SCU.2018086T031701.v2.0.NDVI.tif,HLS-VI.S30.T49SCU.2018086T031701.v2.0.NDVI.tif,S30,T49SCU,2018-03-27,2018086,031701,EPSG:32649,300000.0,3790200.0,409800.0,3900000.0,True
/home/ec2-user/ndvi_sqs_work/shaanxi/raw/HLS-VI.S30.T49SDT.2018086T031701.v2.0.NDVI.tif,HLS-VI.S30.T49SDT.2018086T031701.v2.0.NDVI.tif,S30,T49SDT,2018-03-27,2018086,031701,EPSG:32649,399960.0,3690240.0,509760.0,3800040.0,True
/home/ec2-user/ndvi_sqs_work/shaanxi/raw/HLS-VI.S30.T49SDV.2018086T031701.v2.0.NDVI.tif,HLS-VI.S30.T49SDV.2018086T031701.v2.0.NDVI.tif,S30,T49SDV,2018-03-27,2018086,031701,EPSG:32649,399960.0,3890220.0,509760.0,4000020.0,True
/home/ec2-user/ndvi_sqs_work/shaanxi/raw/HLS-VI.S30.T49SET.2018086T031701.v2.0.NDVI.tif,HLS-VI.S30.T49SET.2018086T031701.v2.0.NDVI.tif,S30,T49SET,2018-03-27,2018086,031701,EPSG:32649,499980.0,3690240.0,609780.0,3800040.0,True
/home/ec2-user/ndvi_sqs_work/shaanxi/raw/HLS-VI.S30.T48SWC.2018087T033739.v2.0.NDVI.tif,HLS-VI.S30.T48SWC.2018087T033739.v2.0.NDVI.tif,S30,T48SWC,2018-03-28,2018087,033739,EPSG:32648,499980.0,3690240.0,609780.0,3800040.0,True
/home/ec2-user/ndvi_sqs_work/shaanxi/raw/HLS-VI.S30.T48SXC.2018087T033739.v2.0.NDVI.tif,HLS-VI.S30.T48SXC.2018087T033739.v2.0.NDVI.tif,S30,T48SXC,2018-03-28,2018087,033739,EPSG:32648,600000.0,3690240.0,709800.0,3800040.0,True
/home/ec2-user/ndvi_sqs_work/shaanxi/raw/HLS-VI.S30.T48SXD.2018087T033739.v2.0.NDVI.tif,HLS-VI.S30.T48SXD.2018087T033739.v2.0.NDVI.tif,S30,T48SXD,2018-03-28,2018087,033739,EPSG:32648,600000.0,3790200.0,709800.0,3900000.0,True
/home/ec2-user/ndvi_sqs_work/shaanxi/raw/HLS-VI.S30.T48SXE.2018087T033739.v2.0.NDVI.tif,HLS-VI.S30.T48SXE.2018087T033739.v2.0.NDVI.tif,S30,T48SXE,2018-03-28,2018087,033739,EPSG:32648,600000.0,3890220.0,709800.0,4000020.0,True
/home/ec2-user/ndvi_sqs_work/shaanxi/raw/HLS-VI.S30.T48SXG.2018087T033739.v2.0.NDVI.tif,HLS-VI.S30.T48SXG.2018087T033739.v2.0.NDVI.tif,S30,T48SXG,2018-03-28,2018087,033739,EPSG:32648,600000.0,4090200.0,709800.0,4200000.0,True
/home/ec2-user/ndvi_sqs_work/shaanxi/raw/HLS-VI.S30.T48SYC.2018087T033739.v2.0.NDVI.tif,HLS-VI.S30.T48SYC.2018087T033739.v2.0.NDVI.tif,S30,T48SYC,2018-03-28,2018087,033739,EPSG:32648,699960.0,3690240.0,809760.0,3800040.0,True
/home/ec2-user/ndvi_sqs_work/shaanxi/raw/HLS-VI.S30.T48SYD.2018087T033739.v2.0.NDVI.tif,HLS-VI.S30.T48SYD.2018087T033739.v2.0.NDVI.tif,S30,T48SYD,2018-03-28,2018087,033739,EPSG:32648,699960.0,3790200.0,809760.0,3900000.0,True
/home/ec2-user/ndvi_sqs_work/shaanxi/raw/HLS-VI.S30.T48SYE.2018087T033739.v2.0.NDVI.tif,HLS-VI.S30.T48SYE.2018087T033739.v2.0.NDVI.tif,S30,T48SYE,2018-03-28,2018087,033739,EPSG:32648,699960.0,3890220.0,809760.0,4000020.0,True
/home/ec2-user/ndvi_sqs_work/shaanxi/raw/HLS-VI.S30.T48SYF.2018087T033739.v2.0.NDVI.tif,HLS-VI.S30.T48SYF.2018087T033739.v2.0.NDVI.tif,S30,T48SYF,2018-03-28,2018087,033739,EPSG:32648,699960.0,3990240.0,809760.0,4100040.0,True
/home/ec2-user/ndvi_sqs_work/shaanxi/raw/HLS-VI.S30.T48SYG.2018087T033739.v2.0.NDVI.tif,HLS-VI.S30.T48SYG.2018087T033739.v2.0.NDVI.tif,S30,T48SYG,2018-03-28,2018087,033739,EPSG:32648,699960.0,4090200.0,809760.0,4200000.0,True
/home/ec2-user/ndvi_sqs_work/shaanxi/raw/HLS-VI.S30.T48SYH.2018087T033739.v2.0.NDVI.tif,HLS-VI.S30.T48SYH.2018087T033739.v2.0.NDVI.tif,S30,T48SYH,2018-03-28,2018087,033739,EPSG:32648,699960.0,4190220.0,809760.0,4300020.0,True
/home/ec2-user/ndvi_sqs_work/shaanxi/raw/HLS-VI.S30.T49SBA.2018087T033739.v2.0.NDVI.tif,HLS-VI.S30.T49SBA.2018087T033739.v2.0.NDVI.tif,S30,T49SBA,2018-03-28,2018087,033739,EPSG:32649,199980.0,3990240.0,309780.0,4100040.0,True
/home/ec2-user/ndvi_sqs_work/shaanxi/raw/HLS-VI.S30.T49SBB.2018087T033739.v2.0.NDVI.tif,HLS-VI.S30.T49SBB.2018087T033739.v2.0.NDVI.tif,S30,T49SBB,2018-03-28,2018087,033739,EPSG:32649,199980.0,4090200.0,309780.0,4200000.0,True
/home/ec2-user/ndvi_sqs_work/shaanxi/raw/HLS-VI.S30.T49SBC.2018087T033739.v2.0.NDVI.tif,HLS-VI.S30.T49SBC.2018087T033739.v2.0.NDVI.tif,S30,T49SBC,2018-03-28,2018087,033739,EPSG:32649,199980.0,4190220.0,309780.0,4300020.0,True
/home/ec2-user/ndvi_sqs_work/shaanxi/raw/HLS-VI.S30.T49SBT.2018087T033739.v2.0.NDVI.tif,HLS-VI.S30.T49SBT.2018087T033739.v2.0.NDVI.tif,S30,T49SBT,2018-03-28,2018087,033739,EPSG:32649,199980.0,3690240.0,309780.0,3800040.0,True
/home/ec2-user/ndvi_sqs_work/shaanxi/raw/HLS-VI.S30.T49SBU.2018087T033739.v2.0.NDVI.tif,HLS-VI.S30.T49SBU.2018087T033739.v2.0.NDVI.tif,S30,T49SBU,2018-03-28,2018087,033739,EPSG:32649,199980.0,3790200.0,309780.0,3900000.0,True
/home/ec2-user/ndvi_sqs_work/shaanxi/raw/HLS-VI.S30.T49SBV.2018087T033739.v2.0.NDVI.tif,HLS-VI.S30.T49SBV.2018087T033739.v2.0.NDVI.tif,S30,T49SBV,2018-03-28,2018087,033739,EPSG:32649,199980.0,3890220.0,309780.0,4000020.0,True
/home/ec2-user/ndvi_sqs_work/shaanxi/raw/HLS-VI.S30.T49SCB.2018087T033739.v2.0.NDVI.tif,HLS-VI.S30.T49SCB.2018087T033739.v2.0.NDVI.tif,S30,T49SCB,2018-03-28,2018087,033739,EPSG:32649,300000.0,4090200.0,409800.0,4200000.0,True
/home/ec2-user/ndvi_sqs_work/shaanxi/raw/HLS-VI.S30.T49SCC.2018087T033739.v2.0.NDVI.tif,HLS-VI.S30.T49SCC.2018087T033739.v2.0.NDVI.tif,S30,T49SCC,2018-03-28,2018087,033739,EPSG:32649,300000.0,4190220.0,409800.0,4300020.0,True
/home/ec2-user/ndvi_sqs_work/shaanxi/raw/HLS-VI.S30.T49SCV.2018091T031539.v2.0.NDVI.tif,HLS-VI.S30.T49SCV.2018091T031539.v2.0.NDVI.tif,S30,T49SCV,2018-04-01,2018091,031539,EPSG:32649,300000.0,3890220.0,409800.0,4000020.0,True
/home/ec2-user/ndvi_sqs_work/shaanxi/raw/HLS-VI.S30.T49SDA.2018091T031539.v2.0.NDVI.tif,HLS-VI.S30.T49SDA.2018091T031539.v2.0.NDVI.tif,S30,T49SDA,2018-04-01,2018091,031539,EPSG:32649,399960.0,3990240.0,509760.0,4100040.0,True
/home/ec2-user/ndvi_sqs_work/shaanxi/raw/HLS-VI.S30.T49SDB.2018091T031539.v2.0.NDVI.tif,HLS-VI.S30.T49SDB.2018091T031539.v2.0.NDVI.tif,S30,T49SDB,2018-04-01,2018091,031539,EPSG:32649,399960.0,4090200.0,509760.0,4200000.0,True
/home/ec2-user/ndvi_sqs_work/shaanxi/raw/HLS-VI.S30.T49SDC.2018091T031539.v2.0.NDVI.tif,HLS-VI.S30.T49SDC.2018091T031539.v2.0.NDVI.tif,S30,T49SDC,2018-04-01,2018091,031539,EPSG:32649,399960.0,4190220.0,509760.0,4300020.0,True
/home/ec2-user/ndvi_sqs_work/shaanxi/raw/HLS-VI.S30.T49SDD.2018091T031539.v2.0.NDVI.tif,HLS-VI.S30.T49SDD.2018091T031539.v2.0.NDVI.tif,S30,T49SDD,2018-04-01,2018091,031539,EPSG:32649,399960.0,4290240.0,509760.0,4400040.0,True
/home/ec2-user/ndvi_sqs_work/shaanxi/raw/HLS-VI.S30.T49SDV.2018091T031539.v2.0.NDVI.tif,HLS-VI.S30.T49SDV.2018091T031539.v2.0.NDVI.tif,S30,T49SDV,2018-04-01,2018091,031539,EPSG:32649,399960.0,3890220.0,509760.0,4000020.0,True
/home/ec2-user/ndvi_sqs_work/shaanxi/raw/HLS-VI.S30.T49SEC.2018091T031539.v2.0.NDVI.tif,HLS-VI.S30.T49SEC.2018091T031539.v2.0.NDVI.tif,S30,T49SEC,2018-04-01,2018091,031539,EPSG:32649,499980.0,4190220.0,609780.0,4300020.0,True
/home/ec2-user/ndvi_sqs_work/shaanxi/raw/HLS-VI.S30.T49SED.2018091T031539.v2.0.NDVI.tif,HLS-VI.S30.T49SED.2018091T031539.v2.0.NDVI.tif,S30,T49SED,2018-04-01,2018091,031539,EPSG:32649,499980.0,4290240.0,609780.0,4400040.0,True
/home/ec2-user/ndvi_sqs_work/shaanxi/raw/HLS-VI.S30.T48SWB.2018092T033531.v2.0.NDVI.tif,HLS-VI.S30.T48SWB.2018092T033531.v2.0.NDVI.tif,S30,T48SWB,2018-04-02,2018092,033531,EPSG:32648,499980.0,3590220.0,609780.0,3700020.0,True
/home/ec2-user/ndvi_sqs_work/shaanxi/raw/HLS-VI.S30.T48SWC.2018092T033531.v2.0.NDVI.tif,HLS-VI.S30.T48SWC.2018092T033531.v2.0.NDVI.tif,S30,T48SWC,2018-04-02,2018092,033531,EPSG:32648,499980.0,3690240.0,609780.0,3800040.0,True
/home/ec2-user/ndvi_sqs_work/shaanxi/raw/HLS-VI.S30.T48SXB.2018092T033531.v2.0.NDVI.tif,HLS-VI.S30.T48SXB.2018092T033531.v2.0.NDVI.tif,S30,T48SXB,2018-04-02,2018092,033531,EPSG:32648,600000.0,3590220.0,709800.0,3700020.0,True
/home/ec2-user/ndvi_sqs_work/shaanxi/raw/HLS-VI.S30.T48SXC.2018092T033531.v2.0.NDVI.tif,HLS-VI.S30.T48SXC.2018092T033531.v2.0.NDVI.tif,S30,T48SXC,2018-04-02,2018092,033531,EPSG:32648,600000.0,3690240.0,709800.0,3800040.0,True
/home/ec2-user/ndvi_sqs_work/shaanxi/raw/HLS-VI.S30.T48SXD.2018092T033531.v2.0.NDVI.tif,HLS-VI.S30.T48SXD.2018092T033531.v2.0.NDVI.tif,S30,T48SXD,2018-04-02,2018092,033531,EPSG:32648,600000.0,3790200.0,709800.0,3900000.0,True
/home/ec2-user/ndvi_sqs_work/shaanxi/raw/HLS-VI.S30.T48SXE.2018092T033531.v2.0.NDVI.tif,HLS-VI.S30.T48SXE.2018092T033531.v2.0.NDVI.tif,S30,T48SXE,2018-04-02,2018092,033531,EPSG:32648,600000.0,3890220.0,709800.0,4000020.0,True
/home/ec2-user/ndvi_sqs_work/shaanxi/raw/HLS-VI.S30.T48SXG.2018092T033531.v2.0.NDVI.tif,HLS-VI.S30.T48SXG.2018092T033531.v2.0.NDVI.tif,S30,T48SXG,2018-04-02,2018092,033531,EPSG:32648,600000.0,4090200.0,709800.0,4200000.0,True
/home/ec2-user/ndvi_sqs_work/shaanxi/raw/HLS-VI.S30.T48SYB.2018092T033531.v2.0.NDVI.tif,HLS-VI.S30.T48SYB.2018092T033531.v2.0.NDVI.tif,S30,T48SYB,2018-04-02,2018092,033531,EPSG:32648,699960.0,3590220.0,809760.0,3700020.0,True
/home/ec2-user/ndvi_sqs_work/shaanxi/raw/HLS-VI.S30.T48SYC.2018092T033531.v2.0.NDVI.tif,HLS-VI.S30.T48SYC.2018092T033531.v2.0.NDVI.tif,S30,T48SYC,2018-04-02,2018092,033531,EPSG:32648,699960.0,3690240.0,809760.0,3800040.0,True
/home/ec2-user/ndvi_sqs_work/shaanxi/raw/HLS-VI.S30.T48SYD.2018092T033531.v2.0.NDVI.tif,HLS-VI.S30.T48SYD.2018092T033531.v2.0.NDVI.tif,S30,T48SYD,2018-04-02,2018092,033531,EPSG:32648,699960.0,3790200.0,809760.0,3900000.0,True
/home/ec2-user/ndvi_sqs_work/shaanxi/raw/HLS-VI.S30.T48SYE.2018092T033531.v2.0.NDVI.tif,HLS-VI.S30.T48SYE.2018092T033531.v2.0.NDVI.tif,S30,T48SYE,2018-04-02,2018092,033531,EPSG:32648,699960.0,3890220.0,809760.0,4000020.0,True
/home/ec2-user/ndvi_sqs_work/shaanxi/raw/HLS-VI.S30.T48SYF.2018092T033531.v2.0.NDVI.tif,HLS-VI.S30.T48SYF.2018092T033531.v2.0.NDVI.tif,S30,T48SYF,2018-04-02,2018092,033531,EPSG:32648,699960.0,3990240.0,809760.0,4100040.0,True
/home/ec2-user/ndvi_sqs_work/shaanxi/raw/HLS-VI.S30.T48SYG.2018092T033531.v2.0.NDVI.tif,HLS-VI.S30.T48SYG.2018092T033531.v2.0.NDVI.tif,S30,T48SYG,2018-04-02,2018092,033531,EPSG:32648,699960.0,4090200.0,809760.0,4200000.0,True
/home/ec2-user/ndvi_sqs_work/shaanxi/raw/HLS-VI.S30.T49SBA.2018092T033531.v2.0.NDVI.tif,HLS-VI.S30.T49SBA.2018092T033531.v2.0.NDVI.tif,S30,T49SBA,2018-04-02,2018092,033531,EPSG:32649,199980.0,3990240.0,309780.0,4100040.0,True
/home/ec2-user/ndvi_sqs_work/shaanxi/raw/HLS-VI.S30.T49SBB.2018092T033531.v2.0.NDVI.tif,HLS-VI.S30.T49SBB.2018092T033531.v2.0.NDVI.tif,S30,T49SBB,2018-04-02,2018092,033531,EPSG:32649,199980.0,4090200.0,309780.0,4200000.0,True
/home/ec2-user/ndvi_sqs_work/shaanxi/raw/HLS-VI.S30.T49SBT.2018092T033531.v2.0.NDVI.tif,HLS-VI.S30.T49SBT.2018092T033531.v2.0.NDVI.tif,S30,T49SBT,2018-04-02,2018092,033531,EPSG:32649,199980.0,3690240.0,309780.0,3800040.0,True
/home/ec2-user/ndvi_sqs_work/shaanxi/raw/HLS-VI.S30.T49SBU.2018092T033531.v2.0.NDVI.tif,HLS-VI.S30.T49SBU.2018092T033531.v2.0.NDVI.tif,S30,T49SBU,2018-04-02,2018092,033531,EPSG:32649,199980.0,3790200.0,309780.0,3900000.0,True
/home/ec2-user/ndvi_sqs_work/shaanxi/raw/HLS-VI.S30.T49SBV.2018092T033531.v2.0.NDVI.tif,HLS-VI.S30.T49SBV.2018092T033531.v2.0.NDVI.tif,S30,T49SBV,2018-04-02,2018092,033531,EPSG:32649,199980.0,3890220.0,309780.0,4000020.0,True
/home/ec2-user/ndvi_sqs_work/shaanxi/raw/HLS-VI.S30.T49SCB.2018092T033531.v2.0.NDVI.tif,HLS-VI.S30.T49SCB.2018092T033531.v2.0.NDVI.tif,S30,T49SCB,2018-04-02,2018092,033531,EPSG:32649,300000.0,4090200.0,409800.0,4200000.0,True
/home/ec2-user/ndvi_sqs_work/shaanxi/raw/HLS-VI.S30.T49SCC.2018092T033531.v2.0.NDVI.tif,HLS-VI.S30.T49SCC.2018092T033531.v2.0.NDVI.tif,S30,T49SCC,2018-04-02,2018092,033531,EPSG:32649,300000.0,4190220.0,409800.0,4300020.0,True
/home/ec2-user/ndvi_sqs_work/shaanxi/raw/HLS-VI.S30.T48SWB.2018097T033529.v2.0.NDVI.tif,HLS-VI.S30.T48SWB.2018097T033529.v2.0.NDVI.tif,S30,T48SWB,2018-04-07,2018097,033529,EPSG:32648,499980.0,3590220.0,609780.0,3700020.0,True
/home/ec2-user/ndvi_sqs_work/shaanxi/raw/HLS-VI.S30.T48SWC.2018097T033529.v2.0.NDVI.tif,HLS-VI.S30.T48SWC.2018097T033529.v2.0.NDVI.tif,S30,T48SWC,2018-04-07,2018097,033529,EPSG:32648,499980.0,3690240.0,609780.0,3800040.0,True
/home/ec2-user/ndvi_sqs_work/shaanxi/raw/HLS-VI.S30.T48SXD.2018097T033529.v2.0.NDVI.tif,HLS-VI.S30.T48SXD.2018097T033529.v2.0.NDVI.tif,S30,T48SXD,2018-04-07,2018097,033529,EPSG:32648,600000.0,3790200.0,709800.0,3900000.0,True
/home/ec2-user/ndvi_sqs_work/shaanxi/raw/HLS-VI.S30.T48SXE.2018097T033529.v2.0.NDVI.tif,HLS-VI.S30.T48SXE.2018097T033529.v2.0.NDVI.tif,S30,T48SXE,2018-04-07,2018097,033529,EPSG:32648,600000.0,3890220.0,709800.0,4000020.0,True
/home/ec2-user/ndvi_sqs_work/shaanxi/raw/HLS-VI.S30.T48SXG.2018097T033529.v2.0.NDVI.tif,HLS-VI.S30.T48SXG.2018097T033529.v2.0.NDVI.tif,S30,T48SXG,2018-04-07,2018097,033529,EPSG:32648,600000.0,4090200.0,709800.0,4200000.0,True
/home/ec2-user/ndvi_sqs_work/shaanxi/raw/HLS-VI.S30.T48SYB.2018097T033529.v2.0.NDVI.tif,HLS-VI.S30.T48SYB.2018097T033529.v2.0.NDVI.tif,S30,T48SYB,2018-04-07,2018097,033529,EPSG:32648,699960.0,3590220.0,809760.0,3700020.0,True
/home/ec2-user/ndvi_sqs_work/shaanxi/raw/HLS-VI.S30.T48SYD.2018097T033529.v2.0.NDVI.tif,HLS-VI.S30.T48SYD.2018097T033529.v2.0.NDVI.tif,S30,T48SYD,2018-04-07,2018097,033529,EPSG:32648,699960.0,3790200.0,809760.0,3900000.0,True
/home/ec2-user/ndvi_sqs_work/shaanxi/raw/HLS-VI.S30.T48SYE.2018097T033529.v2.0.NDVI.tif,HLS-VI.S30.T48SYE.2018097T033529.v2.0.NDVI.tif,S30,T48SYE,2018-04-07,2018097,033529,EPSG:32648,699960.0,3890220.0,809760.0,4000020.0,True
/home/ec2-user/ndvi_sqs_work/shaanxi/raw/HLS-VI.S30.T48SYF.2018097T033529.v2.0.NDVI.tif,HLS-VI.S30.T48SYF.2018097T033529.v2.0.NDVI.tif,S30,T48SYF,2018-04-07,2018097,033529,EPSG:32648,699960.0,3990240.0,809760.0,4100040.0,True
/home/ec2-user/ndvi_sqs_work/shaanxi/raw/HLS-VI.S30.T49SBA.2018097T033529.v2.0.NDVI.tif,HLS-VI.S30.T49SBA.2018097T033529.v2.0.NDVI.tif,S30,T49SBA,2018-04-07,2018097,033529,EPSG:32649,199980.0,3990240.0,309780.0,4100040.0,True
/home/ec2-user/ndvi_sqs_work/shaanxi/raw/HLS-VI.S30.T49SBC.2018097T033529.v2.0.NDVI.tif,HLS-VI.S30.T49SBC.2018097T033529.v2.0.NDVI.tif,S30,T49SBC,2018-04-07,2018097,033529,EPSG:32649,199980.0,4190220.0,309780.0,4300020.0,True
/home/ec2-user/ndvi_sqs_work/shaanxi/raw/HLS-VI.S30.T49SBT.2018097T033529.v2.0.NDVI.tif,HLS-VI.S30.T49SBT.2018097T033529.v2.0.NDVI.tif,S30,T49SBT,2018-04-07,2018097,033529,EPSG:32649,199980.0,3690240.0,309780.0,3800040.0,True
/home/ec2-user/ndvi_sqs_work/shaanxi/raw/HLS-VI.S30.T49SBU.2018097T033529.v2.0.NDVI.tif,HLS-VI.S30.T49SBU.2018097T033529.v2.0.NDVI.tif,S30,T49SBU,2018-04-07,2018097,033529,EPSG:32649,199980.0,3790200.0,309780.0,3900000.0,True
/home/ec2-user/ndvi_sqs_work/shaanxi/raw/HLS-VI.S30.T49SBV.2018097T033529.v2.0.NDVI.tif,HLS-VI.S30.T49SBV.2018097T033529.v2.0.NDVI.tif,S30,T49SBV,2018-04-07,2018097,033529,EPSG:32649,199980.0,3890220.0,309780.0,4000020.0,True
/home/ec2-user/ndvi_sqs_work/shaanxi/raw/HLS-VI.S30.T49SCB.2018097T033529.v2.0.NDVI.tif,HLS-VI.S30.T49SCB.2018097T033529.v2.0.NDVI.tif,S30,T49SCB,2018-04-07,2018097,033529,EPSG:32649,300000.0,4090200.0,409800.0,4200000.0,True
/home/ec2-user/ndvi_sqs_work/shaanxi/raw/HLS-VI.S30.T49SCC.2018097T033529.v2.0.NDVI.tif,HLS-VI.S30.T49SCC.2018097T033529.v2.0.NDVI.tif,S30,T49SCC,2018-04-07,2018097,033529,EPSG:32649,300000.0,4190220.0,409800.0,4300020.0,True
/home/ec2-user/ndvi_sqs_work/shaanxi/raw/HLS-VI.S30.T48SXB.2018099T032541.v2.0.NDVI.tif,HLS-VI.S30.T48SXB.2018099T032541.v2.0.NDVI.tif,S30,T48SXB,2018-04-09,2018099,032541,EPSG:32648,600000.0,3590220.0,709800.0,3700020.0,True
/home/ec2-user/ndvi_sqs_work/shaanxi/raw/HLS-VI.S30.T48SXC.2018099T032541.v2.0.NDVI.tif,HLS-VI.S30.T48SXC.2018099T032541.v2.0.NDVI.tif,S30,T48SXC,2018-04-09,2018099,032541,EPSG:32648,600000.0,3690240.0,709800.0,3800040.0,True
/home/ec2-user/ndvi_sqs_work/shaanxi/raw/HLS-VI.S30.T48SXD.2018099T032541.v2.0.NDVI.tif,HLS-VI.S30.T48SXD.2018099T032541.v2.0.NDVI.tif,S30,T48SXD,2018-04-09,2018099,032541,EPSG:32648,600000.0,3790200.0,709800.0,3900000.0,True
/home/ec2-user/ndvi_sqs_work/shaanxi/raw/HLS-VI.S30.T48SYA.2018099T032541.v2.0.NDVI.tif,HLS-VI.S30.T48SYA.2018099T032541.v2.0.NDVI.tif,S30,T48SYA,2018-04-09,2018099,032541,EPSG:32648,699960.0,3490200.0,809760.0,3600000.0,True
/home/ec2-user/ndvi_sqs_work/shaanxi/raw/HLS-VI.S30.T48SYB.2018099T032541.v2.0.NDVI.tif,HLS-VI.S30.T48SYB.2018099T032541.v2.0.NDVI.tif,S30,T48SYB,2018-04-09,2018099,032541,EPSG:32648,699960.0,3590220.0,809760.0,3700020.0,True
/home/ec2-user/ndvi_sqs_work/shaanxi/raw/HLS-VI.S30.T48SYC.2018099T032541.v2.0.NDVI.tif,HLS-VI.S30.T48SYC.2018099T032541.v2.0.NDVI.tif,S30,T48SYC,2018-04-09,2018099,032541,EPSG:32648,699960.0,3690240.0,809760.0,3800040.0,True
/home/ec2-user/ndvi_sqs_work/shaanxi/raw/HLS-VI.S30.T48SYD.2018099T032541.v2.0.NDVI.tif,HLS-VI.S30.T48SYD.2018099T032541.v2.0.NDVI.tif,S30,T48SYD,2018-04-09,2018099,032541,EPSG:32648,699960.0,3790200.0,809760.0,3900000.0,True
/home/ec2-user/ndvi_sqs_work/shaanxi/raw/HLS-VI.S30.T48SYE.2018099T032541.v2.0.NDVI.tif,HLS-VI.S30.T48SYE.2018099T032541.v2.0.NDVI.tif,S30,T48SYE,2018-04-09,2018099,032541,EPSG:32648,699960.0,3890220.0,809760.0,4000020.0,True
/home/ec2-user/ndvi_sqs_work/shaanxi/raw/HLS-VI.S30.T48SYF.2018099T032541.v2.0.NDVI.tif,HLS-VI.S30.T48SYF.2018099T032541.v2.0.NDVI.tif,S30,T48SYF,2018-04-09,2018099,032541,EPSG:32648,699960.0,3990240.0,809760.0,4100040.0,True
/home/ec2-user/ndvi_sqs_work/shaanxi/raw/HLS-VI.S30.T49SBA.2018099T032541.v2.0.NDVI.tif,HLS-VI.S30.T49SBA.2018099T032541.v2.0.NDVI.tif,S30,T49SBA,2018-04-09,2018099,032541,EPSG:32649,199980.0,3990240.0,309780.0,4100040.0,True
/home/ec2-user/ndvi_sqs_work/shaanxi/raw/HLS-VI.S30.T49SBB.2018099T032541.v2.0.NDVI.tif,HLS-VI.S30.T49SBB.2018099T032541.v2.0.NDVI.tif,S30,T49SBB,2018-04-09,2018099,032541,EPSG:32649,199980.0,4090200.0,309780.0,4200000.0,True
/home/ec2-user/ndvi_sqs_work/shaanxi/raw/HLS-VI.S30.T49SBR.2018099T032541.v2.0.NDVI.tif,HLS-VI.S30.T49SBR.2018099T032541.v2.0.NDVI.tif,S30,T49SBR,2018-04-09,2018099,032541,EPSG:32649,199980.0,3490200.0,309780.0,3600000.0,True
/home/ec2-user/ndvi_sqs_work/shaanxi/raw/HLS-VI.S30.T49SBS.2018099T032541.v2.0.NDVI.tif,HLS-VI.S30.T49SBS.2018099T032541.v2.0.NDVI.tif,S30,T49SBS,2018-04-09,2018099,032541,EPSG:32649,199980.0,3590220.0,309780.0,3700020.0,True
/home/ec2-user/ndvi_sqs_work/shaanxi/raw/HLS-VI.S30.T49SBT.2018099T032541.v2.0.NDVI.tif,HLS-VI.S30.T49SBT.2018099T032541.v2.0.NDVI.tif,S30,T49SBT,2018-04-09,2018099,032541,EPSG:32649,199980.0,3690240.0,309780.0,3800040.0,True
/home/ec2-user/ndvi_sqs_work/shaanxi/raw/HLS-VI.S30.T49SBU.2018099T032541.v2.0.NDVI.tif,HLS-VI.S30.T49SBU.2018099T032541.v2.0.NDVI.tif,S30,T49SBU,2018-04-09,2018099,032541,EPSG:32649,199980.0,3790200.0,309780.0,3900000.0,True
/home/ec2-user/ndvi_sqs_work/shaanxi/raw/HLS-VI.S30.T49SBV.2018099T032541.v2.0.NDVI.tif,HLS-VI.S30.T49SBV.2018099T032541.v2.0.NDVI.tif,S30,T49SBV,2018-04-09,2018099,032541,EPSG:32649,199980.0,3890220.0,309780.0,4000020.0,True
/home/ec2-user/ndvi_sqs_work/shaanxi/raw/HLS-VI.S30.T49SCA.2018099T032541.v2.0.NDVI.tif,HLS-VI.S30.T49SCA.2018099T032541.v2.0.NDVI.tif,S30,T49SCA,2018-04-09,2018099,032541,EPSG:32649,300000.0,3990240.0,409800.0,4100040.0,True
/home/ec2-user/ndvi_sqs_work/shaanxi/raw/HLS-VI.S30.T49SCB.2018099T032541.v2.0.NDVI.tif,HLS-VI.S30.T49SCB.2018099T032541.v2.0.NDVI.tif,S30,T49SCB,2018-04-09,2018099,032541,EPSG:32649,300000.0,4090200.0,409800.0,4200000.0,True
/home/ec2-user/ndvi_sqs_work/shaanxi/raw/HLS-VI.S30.T49SCR.2018099T032541.v2.0.NDVI.tif,HLS-VI.S30.T49SCR.2018099T032541.v2.0.NDVI.tif,S30,T49SCR,2018-04-09,2018099,032541,EPSG:32649,300000.0,3490200.0,409800.0,3600000.0,True
/home/ec2-user/ndvi_sqs_work/shaanxi/raw/HLS-VI.S30.T49SCT.2018099T032541.v2.0.NDVI.tif,HLS-VI.S30.T49SCT.2018099T032541.v2.0.NDVI.tif,S30,T49SCT,2018-04-09,2018099,032541,EPSG:32649,300000.0,3690240.0,409800.0,3800040.0,True
/home/ec2-user/ndvi_sqs_work/shaanxi/raw/HLS-VI.S30.T49SCU.2018099T032541.v2.0.NDVI.tif,HLS-VI.S30.T49SCU.2018099T032541.v2.0.NDVI.tif,S30,T49SCU,2018-04-09,2018099,032541,EPSG:32649,300000.0,3790200.0,409800.0,3900000.0,True
/home/ec2-user/ndvi_sqs_work/shaanxi/raw/HLS-VI.S30.T49SCV.2018099T032541.v2.0.NDVI.tif,HLS-VI.S30.T49SCV.2018099T032541.v2.0.NDVI.tif,S30,T49SCV,2018-04-09,2018099,032541,EPSG:32649,300000.0,3890220.0,409800.0,4000020.0,True
/home/ec2-user/ndvi_sqs_work/shaanxi/raw/HLS-VI.S30.T49SDA.2018099T032541.v2.0.NDVI.tif,HLS-VI.S30.T49SDA.2018099T032541.v2.0.NDVI.tif,S30,T49SDA,2018-04-09,2018099,032541,EPSG:32649,399960.0,3990240.0,509760.0,4100040.0,True
/home/ec2-user/ndvi_sqs_work/shaanxi/raw/HLS-VI.S30.T49SDS.2018099T032541.v2.0.NDVI.tif,HLS-VI.S30.T49SDS.2018099T032541.v2.0.NDVI.tif,S30,T49SDS,2018-04-09,2018099,032541,EPSG:32649,399960.0,3590220.0,509760.0,3700020.0,True
/home/ec2-user/ndvi_sqs_work/shaanxi/raw/HLS-VI.S30.T49SDT.2018099T032541.v2.0.NDVI.tif,HLS-VI.S30.T49SDT.2018099T032541.v2.0.NDVI.tif,S30,T49SDT,2018-04-09,2018099,032541,EPSG:32649,399960.0,3690240.0,509760.0,3800040.0,True
/home/ec2-user/ndvi_sqs_work/shaanxi/raw/HLS-VI.S30.T49SDU.2018099T032541.v2.0.NDVI.tif,HLS-VI.S30.T49SDU.2018099T032541.v2.0.NDVI.tif,S30,T49SDU,2018-04-09,2018099,032541,EPSG:32649,399960.0,3790200.0,509760.0,3900000.0,True
/home/ec2-user/ndvi_sqs_work/shaanxi/raw/HLS-VI.S30.T49SDV.2018099T032541.v2.0.NDVI.tif,HLS-VI.S30.T49SDV.2018099T032541.v2.0.NDVI.tif,S30,T49SDV,2018-04-09,2018099,032541,EPSG:32649,399960.0,3890220.0,509760.0,4000020.0,True
/home/ec2-user/ndvi_sqs_work/shaanxi/raw/HLS-VI.S30.T48SYH.2018104T032539.v2.0.NDVI.tif,HLS-VI.S30.T48SYH.2018104T032539.v2.0.NDVI.tif,S30,T48SYH,2018-04-14,2018104,032539,EPSG:32648,699960.0,4190220.0,809760.0,4300020.0,True
/home/ec2-user/ndvi_sqs_work/shaanxi/raw/HLS-VI.S30.T49SBC.2018104T032539.v2.0.NDVI.tif,HLS-VI.S30.T49SBC.2018104T032539.v2.0.NDVI.tif,S30,T49SBC,2018-04-14,2018104,032539,EPSG:32649,199980.0,4190220.0,309780.0,4300020.0,True
/home/ec2-user/ndvi_sqs_work/shaanxi/raw/HLS-VI.S30.T49SCC.2018104T032539.v2.0.NDVI.tif,HLS-VI.S30.T49SCC.2018104T032539.v2.0.NDVI.tif,S30,T49SCC,2018-04-14,2018104,032539,EPSG:32649,300000.0,4190220.0,409800.0,4300020.0,True
/home/ec2-user/ndvi_sqs_work/shaanxi/raw/HLS-VI.S30.T49SCD.2018104T032539.v2.0.NDVI.tif,HLS-VI.S30.T49SCD.2018104T032539.v2.0.NDVI.tif,S30,T49SCD,2018-04-14,2018104,032539,EPSG:32649,300000.0,4290240.0,409800.0,4400040.0,True
/home/ec2-user/ndvi_sqs_work/shaanxi/raw/HLS-VI.S30.T49SDC.2018104T032539.v2.0.NDVI.tif,HLS-VI.S30.T49SDC.2018104T032539.v2.0.NDVI.tif,S30,T49SDC,2018-04-14,2018104,032539,EPSG:32649,399960.0,4190220.0,509760.0,4300020.0,True
/home/ec2-user/ndvi_sqs_work/shaanxi/raw/HLS-VI.S30.T49SCS.2018106T031541.v2.0.NDVI.tif,HLS-VI.S30.T49SCS.2018106T031541.v2.0.NDVI.tif,S30,T49SCS,2018-04-16,2018106,031541,EPSG:32649,300000.0,3590220.0,409800.0,3700020.0,True
/home/ec2-user/ndvi_sqs_work/shaanxi/raw/HLS-VI.S30.T49SCT.2018106T031541.v2.0.NDVI.tif,HLS-VI.S30.T49SCT.2018106T031541.v2.0.NDVI.tif,S30,T49SCT,2018-04-16,2018106,031541,EPSG:32649,300000.0,3690240.0,409800.0,3800040.0,True
/home/ec2-user/ndvi_sqs_work/shaanxi/raw/HLS-VI.S30.T49SCU.2018106T031541.v2.0.NDVI.tif,HLS-VI.S30.T49SCU.2018106T031541.v2.0.NDVI.tif,S30,T49SCU,2018-04-16,2018106,031541,EPSG:32649,300000.0,3790200.0,409800.0,3900000.0,True
/home/ec2-user/ndvi_sqs_work/shaanxi/raw/HLS-VI.S30.T49SCV.2018106T031541.v2.0.NDVI.tif,HLS-VI.S30.T49SCV.2018106T031541.v2.0.NDVI.tif,S30,T49SCV,2018-04-16,2018106,031541,EPSG:32649,300000.0,3890220.0,409800.0,4000020.0,True
/home/ec2-user/ndvi_sqs_work/shaanxi/raw/HLS-VI.S30.T49SDA.2018106T031541.v2.0.NDVI.tif,HLS-VI.S30.T49SDA.2018106T031541.v2.0.NDVI.tif,S30,T49SDA,2018-04-16,2018106,031541,EPSG:32649,399960.0,3990240.0,509760.0,4100040.0,True
/home/ec2-user/ndvi_sqs_work/shaanxi/raw/HLS-VI.S30.T49SDB.2018106T031541.v2.0.NDVI.tif,HLS-VI.S30.T49SDB.2018106T031541.v2.0.NDVI.tif,S30,T49SDB,2018-04-16,2018106,031541,EPSG:32649,399960.0,4090200.0,509760.0,4200000.0,True
/home/ec2-user/ndvi_sqs_work/shaanxi/raw/HLS-VI.S30.T49SDC.2018106T031541.v2.0.NDVI.tif,HLS-VI.S30.T49SDC.2018106T031541.v2.0.NDVI.tif,S30,T49SDC,2018-04-16,2018106,031541,EPSG:32649,399960.0,4190220.0,509760.0,4300020.0,True
/home/ec2-user/ndvi_sqs_work/shaanxi/raw/HLS-VI.S30.T49SDD.2018106T031541.v2.0.NDVI.tif,HLS-VI.S30.T49SDD.2018106T031541.v2.0.NDVI.tif,S30,T49SDD,2018-04-16,2018106,031541,EPSG:32649,399960.0,4290240.0,509760.0,4400040.0,True
/home/ec2-user/ndvi_sqs_work/shaanxi/raw/HLS-VI.S30.T49SDS.2018106T031541.v2.0.NDVI.tif,HLS-VI.S30.T49SDS.2018106T031541.v2.0.NDVI.tif,S30,T49SDS,2018-04-16,2018106,031541,EPSG:32649,399960.0,3590220.0,509760.0,3700020.0,True
/home/ec2-user/ndvi_sqs_work/shaanxi/raw/HLS-VI.S30.T49SDT.2018106T031541.v2.0.NDVI.tif,HLS-VI.S30.T49SDT.2018106T031541.v2.0.NDVI.tif,S30,T49SDT,2018-04-16,2018106,031541,EPSG:32649,399960.0,3690240.0,509760.0,3800040.0,True
/home/ec2-user/ndvi_sqs_work/shaanxi/raw/HLS-VI.S30.T49SDU.2018106T031541.v2.0.NDVI.tif,HLS-VI.S30.T49SDU.2018106T031541.v2.0.NDVI.tif,S30,T49SDU,2018-04-16,2018106,031541,EPSG:32649,399960.0,3790200.0,509760.0,3900000.0,True
/home/ec2-user/ndvi_sqs_work/shaanxi/raw/HLS-VI.S30.T49SDV.2018106T031541.v2.0.NDVI.tif,HLS-VI.S30.T49SDV.2018106T031541.v2.0.NDVI.tif,S30,T49SDV,2018-04-16,2018106,031541,EPSG:32649,399960.0,3890220.0,509760.0,4000020.0,True
/home/ec2-user/ndvi_sqs_work/shaanxi/raw/HLS-VI.S30.T49SEC.2018106T031541.v2.0.NDVI.tif,HLS-VI.S30.T49SEC.2018106T031541.v2.0.NDVI.tif,S30,T49SEC,2018-04-16,2018106,031541,EPSG:32649,499980.0,4190220.0,609780.0,4300020.0,True
/home/ec2-user/ndvi_sqs_work/shaanxi/raw/HLS-VI.S30.T49SED.2018106T031541.v2.0.NDVI.tif,HLS-VI.S30.T49SED.2018106T031541.v2.0.NDVI.tif,S30,T49SED,2018-04-16,2018106,031541,EPSG:32649,499980.0,4290240.0,609780.0,4400040.0,True
/home/ec2-user/ndvi_sqs_work/shaanxi/raw/HLS-VI.S30.T49SES.2018106T031541.v2.0.NDVI.tif,HLS-VI.S30.T49SES.2018106T031541.v2.0.NDVI.tif,S30,T49SES,2018-04-16,2018106,031541,EPSG:32649,499980.0,3590220.0,609780.0,3700020.0,True
/home/ec2-user/ndvi_sqs_work/shaanxi/raw/HLS-VI.S30.T49SET.2018106T031541.v2.0.NDVI.tif,HLS-VI.S30.T49SET.2018106T031541.v2.0.NDVI.tif,S30,T49SET,2018-04-16,2018106,031541,EPSG:32649,499980.0,3690240.0,609780.0,3800040.0,True
/home/ec2-user/ndvi_sqs_work/shaanxi/raw/HLS-VI.S30.T48SXD.2018107T033539.v2.0.NDVI.tif,HLS-VI.S30.T48SXD.2018107T033539.v2.0.NDVI.tif,S30,T48SXD,2018-04-17,2018107,033539,EPSG:32648,600000.0,3790200.0,709800.0,3900000.0,True
/home/ec2-user/ndvi_sqs_work/shaanxi/raw/HLS-VI.S30.T48SXE.2018107T033539.v2.0.NDVI.tif,HLS-VI.S30.T48SXE.2018107T033539.v2.0.NDVI.tif,S30,T48SXE,2018-04-17,2018107,033539,EPSG:32648,600000.0,3890220.0,709800.0,4000020.0,True
/home/ec2-user/ndvi_sqs_work/shaanxi/raw/HLS-VI.S30.T48SYD.2018107T033539.v2.0.NDVI.tif,HLS-VI.S30.T48SYD.2018107T033539.v2.0.NDVI.tif,S30,T48SYD,2018-04-17,2018107,033539,EPSG:32648,699960.0,3790200.0,809760.0,3900000.0,True
/home/ec2-user/ndvi_sqs_work/shaanxi/raw/HLS-VI.S30.T48SYF.2018107T033539.v2.0.NDVI.tif,HLS-VI.S30.T48SYF.2018107T033539.v2.0.NDVI.tif,S30,T48SYF,2018-04-17,2018107,033539,EPSG:32648,699960.0,3990240.0,809760.0,4100040.0,True
/home/ec2-user/ndvi_sqs_work/shaanxi/raw/HLS-VI.S30.T48SYG.2018107T033539.v2.0.NDVI.tif,HLS-VI.S30.T48SYG.2018107T033539.v2.0.NDVI.tif,S30,T48SYG,2018-04-17,2018107,033539,EPSG:32648,699960.0,4090200.0,809760.0,4200000.0,True
/home/ec2-user/ndvi_sqs_work/shaanxi/raw/HLS-VI.S30.T49SBA.2018107T033539.v2.0.NDVI.tif,HLS-VI.S30.T49SBA.2018107T033539.v2.0.NDVI.tif,S30,T49SBA,2018-04-17,2018107,033539,EPSG:32649,199980.0,3990240.0,309780.0,4100040.0,True
/home/ec2-user/ndvi_sqs_work/shaanxi/raw/HLS-VI.S30.T49SBB.2018107T033539.v2.0.NDVI.tif,HLS-VI.S30.T49SBB.2018107T033539.v2.0.NDVI.tif,S30,T49SBB,2018-04-17,2018107,033539,EPSG:32649,199980.0,4090200.0,309780.0,4200000.0,True
/home/ec2-user/ndvi_sqs_work/shaanxi/raw/HLS-VI.S30.T49SBT.2018107T033539.v2.0.NDVI.tif,HLS-VI.S30.T49SBT.2018107T033539.v2.0.NDVI.tif,S30,T49SBT,2018-04-17,2018107,033539,EPSG:32649,199980.0,3690240.0,309780.0,3800040.0,True
/home/ec2-user/ndvi_sqs_work/shaanxi/raw/HLS-VI.S30.T49SBU.2018107T033539.v2.0.NDVI.tif,HLS-VI.S30.T49SBU.2018107T033539.v2.0.NDVI.tif,S30,T49SBU,2018-04-17,2018107,033539,EPSG:32649,199980.0,3790200.0,309780.0,3900000.0,True
/home/ec2-user/ndvi_sqs_work/shaanxi/raw/HLS-VI.S30.T49SBV.2018107T033539.v2.0.NDVI.tif,HLS-VI.S30.T49SBV.2018107T033539.v2.0.NDVI.tif,S30,T49SBV,2018-04-17,2018107,033539,EPSG:32649,199980.0,3890220.0,309780.0,4000020.0,True
/home/ec2-user/ndvi_sqs_work/shaanxi/raw/HLS-VI.S30.T49SCB.2018107T033539.v2.0.NDVI.tif,HLS-VI.S30.T49SCB.2018107T033539.v2.0.NDVI.tif,S30,T49SCB,2018-04-17,2018107,033539,EPSG:32649,300000.0,4090200.0,409800.0,4200000.0,True
/home/ec2-user/ndvi_sqs_work/shaanxi/raw/HLS-VI.S30.T49SCC.2018107T033539.v2.0.NDVI.tif,HLS-VI.S30.T49SCC.2018107T033539.v2.0.NDVI.tif,S30,T49SCC,2018-04-17,2018107,033539,EPSG:32649,300000.0,4190220.0,409800.0,4300020.0,True
/home/ec2-user/ndvi_sqs_work/shaanxi/raw/HLS-VI.S30.T48SYA.2018109T032541.v2.0.NDVI.tif,HLS-VI.S30.T48SYA.2018109T032541.v2.0.NDVI.tif,S30,T48SYA,2018-04-19,2018109,032541,EPSG:32648,699960.0,3490200.0,809760.0,3600000.0,True
/home/ec2-user/ndvi_sqs_work/shaanxi/raw/HLS-VI.S30.T48SYC.2018109T032541.v2.0.NDVI.tif,HLS-VI.S30.T48SYC.2018109T032541.v2.0.NDVI.tif,S30,T48SYC,2018-04-19,2018109,032541,EPSG:32648,699960.0,3690240.0,809760.0,3800040.0,True
/home/ec2-user/ndvi_sqs_work/shaanxi/raw/HLS-VI.S30.T48SYD.2018109T032541.v2.0.NDVI.tif,HLS-VI.S30.T48SYD.2018109T032541.v2.0.NDVI.tif,S30,T48SYD,2018-04-19,2018109,032541,EPSG:32648,699960.0,3790200.0,809760.0,3900000.0,True
/home/ec2-user/ndvi_sqs_work/shaanxi/raw/HLS-VI.S30.T48SYE.2018109T032541.v2.0.NDVI.tif,HLS-VI.S30.T48SYE.2018109T032541.v2.0.NDVI.tif,S30,T48SYE,2018-04-19,2018109,032541,EPSG:32648,699960.0,3890220.0,809760.0,4000020.0,True
/home/ec2-user/ndvi_sqs_work/shaanxi/raw/HLS-VI.S30.T48SYF.2018109T032541.v2.0.NDVI.tif,HLS-VI.S30.T48SYF.2018109T032541.v2.0.NDVI.tif,S30,T48SYF,2018-04-19,2018109,032541,EPSG:32648,699960.0,3990240.0,809760.0,4100040.0,True
/home/ec2-user/ndvi_sqs_work/shaanxi/raw/HLS-VI.S30.T48SYG.2018109T032541.v2.0.NDVI.tif,HLS-VI.S30.T48SYG.2018109T032541.v2.0.NDVI.tif,S30,T48SYG,2018-04-19,2018109,032541,EPSG:32648,699960.0,4090200.0,809760.0,4200000.0,True
/home/ec2-user/ndvi_sqs_work/shaanxi/raw/HLS-VI.S30.T48SYH.2018109T032541.v2.0.NDVI.tif,HLS-VI.S30.T48SYH.2018109T032541.v2.0.NDVI.tif,S30,T48SYH,2018-04-19,2018109,032541,EPSG:32648,699960.0,4190220.0,809760.0,4300020.0,True
/home/ec2-user/ndvi_sqs_work/shaanxi/raw/HLS-VI.S30.T49SBA.2018109T032541.v2.0.NDVI.tif,HLS-VI.S30.T49SBA.2018109T032541.v2.0.NDVI.tif,S30,T49SBA,2018-04-19,2018109,032541,EPSG:32649,199980.0,3990240.0,309780.0,4100040.0,True
/home/ec2-user/ndvi_sqs_work/shaanxi/raw/HLS-VI.S30.T49SBB.2018109T032541.v2.0.NDVI.tif,HLS-VI.S30.T49SBB.2018109T032541.v2.0.NDVI.tif,S30,T49SBB,2018-04-19,2018109,032541,EPSG:32649,199980.0,4090200.0,309780.0,4200000.0,True
/home/ec2-user/ndvi_sqs_work/shaanxi/raw/HLS-VI.S30.T49SBC.2018109T032541.v2.0.NDVI.tif,HLS-VI.S30.T49SBC.2018109T032541.v2.0.NDVI.tif,S30,T49SBC,2018-04-19,2018109,032541,EPSG:32649,199980.0,4190220.0,309780.0,4300020.0,True
/home/ec2-user/ndvi_sqs_work/shaanxi/raw/HLS-VI.S30.T49SBR.2018109T032541.v2.0.NDVI.tif,HLS-VI.S30.T49SBR.2018109T032541.v2.0.NDVI.tif,S30,T49SBR,2018-04-19,2018109,032541,EPSG:32649,199980.0,3490200.0,309780.0,3600000.0,True
/home/ec2-user/ndvi_sqs_work/shaanxi/raw/HLS-VI.S30.T49SBS.2018109T032541.v2.0.NDVI.tif,HLS-VI.S30.T49SBS.2018109T032541.v2.0.NDVI.tif,S30,T49SBS,2018-04-19,2018109,032541,EPSG:32649,199980.0,3590220.0,309780.0,3700020.0,True
/home/ec2-user/ndvi_sqs_work/shaanxi/raw/HLS-VI.S30.T49SBT.2018109T032541.v2.0.NDVI.tif,HLS-VI.S30.T49SBT.2018109T032541.v2.0.NDVI.tif,S30,T49SBT,2018-04-19,2018109,032541,EPSG:32649,199980.0,3690240.0,309780.0,3800040.0,True
/home/ec2-user/ndvi_sqs_work/shaanxi/raw/HLS-VI.S30.T49SBU.2018109T032541.v2.0.NDVI.tif,HLS-VI.S30.T49SBU.2018109T032541.v2.0.NDVI.tif,S30,T49SBU,2018-04-19,2018109,032541,EPSG:32649,199980.0,3790200.0,309780.0,3900000.0,True
/home/ec2-user/ndvi_sqs_work/shaanxi/raw/HLS-VI.S30.T49SBV.2018109T032541.v2.0.NDVI.tif,HLS-VI.S30.T49SBV.2018109T032541.v2.0.NDVI.tif,S30,T49SBV,2018-04-19,2018109,032541,EPSG:32649,199980.0,3890220.0,309780.0,4000020.0,True
/home/ec2-user/ndvi_sqs_work/shaanxi/raw/HLS-VI.S30.T49SCA.2018109T032541.v2.0.NDVI.tif,HLS-VI.S30.T49SCA.2018109T032541.v2.0.NDVI.tif,S30,T49SCA,2018-04-19,2018109,032541,EPSG:32649,300000.0,3990240.0,409800.0,4100040.0,True
/home/ec2-user/ndvi_sqs_work/shaanxi/raw/HLS-VI.S30.T49SCC.2018109T032541.v2.0.NDVI.tif,HLS-VI.S30.T49SCC.2018109T032541.v2.0.NDVI.tif,S30,T49SCC,2018-04-19,2018109,032541,EPSG:32649,300000.0,4190220.0,409800.0,4300020.0,True
/home/ec2-user/ndvi_sqs_work/shaanxi/raw/HLS-VI.S30.T49SCD.2018109T032541.v2.0.NDVI.tif,HLS-VI.S30.T49SCD.2018109T032541.v2.0.NDVI.tif,S30,T49SCD,2018-04-19,2018109,032541,EPSG:32649,300000.0,4290240.0,409800.0,4400040.0,True
/home/ec2-user/ndvi_sqs_work/shaanxi/raw/HLS-VI.S30.T49SCR.2018109T032541.v2.0.NDVI.tif,HLS-VI.S30.T49SCR.2018109T032541.v2.0.NDVI.tif,S30,T49SCR,2018-04-19,2018109,032541,EPSG:32649,300000.0,3490200.0,409800.0,3600000.0,True
/home/ec2-user/ndvi_sqs_work/shaanxi/raw/HLS-VI.S30.T49SCS.2018109T032541.v2.0.NDVI.tif,HLS-VI.S30.T49SCS.2018109T032541.v2.0.NDVI.tif,S30,T49SCS,2018-04-19,2018109,032541,EPSG:32649,300000.0,3590220.0,409800.0,3700020.0,True
/home/ec2-user/ndvi_sqs_work/shaanxi/raw/HLS-VI.S30.T49SCT.2018109T032541.v2.0.NDVI.tif,HLS-VI.S30.T49SCT.2018109T032541.v2.0.NDVI.tif,S30,T49SCT,2018-04-19,2018109,032541,EPSG:32649,300000.0,3690240.0,409800.0,3800040.0,True
/home/ec2-user/ndvi_sqs_work/shaanxi/raw/HLS-VI.S30.T49SCU.2018109T032541.v2.0.NDVI.tif,HLS-VI.S30.T49SCU.2018109T032541.v2.0.NDVI.tif,S30,T49SCU,2018-04-19,2018109,032541,EPSG:32649,300000.0,3790200.0,409800.0,3900000.0,True
/home/ec2-user/ndvi_sqs_work/shaanxi/raw/HLS-VI.S30.T49SCV.2018109T032541.v2.0.NDVI.tif,HLS-VI.S30.T49SCV.2018109T032541.v2.0.NDVI.tif,S30,T49SCV,2018-04-19,2018109,032541,EPSG:32649,300000.0,3890220.0,409800.0,4000020.0,True
/home/ec2-user/ndvi_sqs_work/shaanxi/raw/HLS-VI.S30.T49SDS.2018109T032541.v2.0.NDVI.tif,HLS-VI.S30.T49SDS.2018109T032541.v2.0.NDVI.tif,S30,T49SDS,2018-04-19,2018109,032541,EPSG:32649,399960.0,3590220.0,509760.0,3700020.0,True
/home/ec2-user/ndvi_sqs_work/shaanxi/raw/HLS-VI.S30.T49SDT.2018109T032541.v2.0.NDVI.tif,HLS-VI.S30.T49SDT.2018109T032541.v2.0.NDVI.tif,S30,T49SDT,2018-04-19,2018109,032541,EPSG:32649,399960.0,3690240.0,509760.0,3800040.0,True
/home/ec2-user/ndvi_sqs_work/shaanxi/raw/HLS-VI.S30.T49SDU.2018109T032541.v2.0.NDVI.tif,HLS-VI.S30.T49SDU.2018109T032541.v2.0.NDVI.tif,S30,T49SDU,2018-04-19,2018109,032541,EPSG:32649,399960.0,3790200.0,509760.0,3900000.0,True
/home/ec2-user/ndvi_sqs_work/shaanxi/raw/HLS-VI.S30.T49SDV.2018109T032541.v2.0.NDVI.tif,HLS-VI.S30.T49SDV.2018109T032541.v2.0.NDVI.tif,S30,T49SDV,2018-04-19,2018109,032541,EPSG:32649,399960.0,3890220.0,509760.0,4000020.0,True
/home/ec2-user/ndvi_sqs_work/shaanxi/raw/HLS-VI.S30.T49SDA.2018116T031731.v2.0.NDVI.tif,HLS-VI.S30.T49SDA.2018116T031731.v2.0.NDVI.tif,S30,T49SDA,2018-04-26,2018116,031731,EPSG:32649,399960.0,3990240.0,509760.0,4100040.0,True
/home/ec2-user/ndvi_sqs_work/shaanxi/raw/HLS-VI.S30.T49SDB.2018116T031731.v2.0.NDVI.tif,HLS-VI.S30.T49SDB.2018116T031731.v2.0.NDVI.tif,S30,T49SDB,2018-04-26,2018116,031731,EPSG:32649,399960.0,4090200.0,509760.0,4200000.0,True
/home/ec2-user/ndvi_sqs_work/shaanxi/raw/HLS-VI.S30.T49SDC.2018116T031731.v2.0.NDVI.tif,HLS-VI.S30.T49SDC.2018116T031731.v2.0.NDVI.tif,S30,T49SDC,2018-04-26,2018116,031731,EPSG:32649,399960.0,4190220.0,509760.0,4300020.0,True
/home/ec2-user/ndvi_sqs_work/shaanxi/raw/HLS-VI.S30.T49SDD.2018116T031731.v2.0.NDVI.tif,HLS-VI.S30.T49SDD.2018116T031731.v2.0.NDVI.tif,S30,T49SDD,2018-04-26,2018116,031731,EPSG:32649,399960.0,4290240.0,509760.0,4400040.0,True
/home/ec2-user/ndvi_sqs_work/shaanxi/raw/HLS-VI.S30.T49SEC.2018116T031731.v2.0.NDVI.tif,HLS-VI.S30.T49SEC.2018116T031731.v2.0.NDVI.tif,S30,T49SEC,2018-04-26,2018116,031731,EPSG:32649,499980.0,4190220.0,609780.0,4300020.0,True
/home/ec2-user/ndvi_sqs_work/shaanxi/raw/HLS-VI.S30.T49SED.2018116T031731.v2.0.NDVI.tif,HLS-VI.S30.T49SED.2018116T031731.v2.0.NDVI.tif,S30,T49SED,2018-04-26,2018116,031731,EPSG:32649,499980.0,4290240.0,609780.0,4400040.0,True
/home/ec2-user/ndvi_sqs_work/shaanxi/raw/HLS-VI.S30.T48SXG.2018117T033539.v2.0.NDVI.tif,HLS-VI.S30.T48SXG.2018117T033539.v2.0.NDVI.tif,S30,T48SXG,2018-04-27,2018117,033539,EPSG:32648,600000.0,4090200.0,709800.0,4200000.0,True
/home/ec2-user/ndvi_sqs_work/shaanxi/raw/HLS-VI.S30.T48SYE.2018117T033539.v2.0.NDVI.tif,HLS-VI.S30.T48SYE.2018117T033539.v2.0.NDVI.tif,S30,T48SYE,2018-04-27,2018117,033539,EPSG:32648,699960.0,3890220.0,809760.0,4000020.0,True
/home/ec2-user/ndvi_sqs_work/shaanxi/raw/HLS-VI.S30.T48SYH.2018117T033539.v2.0.NDVI.tif,HLS-VI.S30.T48SYH.2018117T033539.v2.0.NDVI.tif,S30,T48SYH,2018-04-27,2018117,033539,EPSG:32648,699960.0,4190220.0,809760.0,4300020.0,True
/home/ec2-user/ndvi_sqs_work/shaanxi/raw/HLS-VI.S30.T49SBC.2018117T033539.v2.0.NDVI.tif,HLS-VI.S30.T49SBC.2018117T033539.v2.0.NDVI.tif,S30,T49SBC,2018-04-27,2018117,033539,EPSG:32649,199980.0,4190220.0,309780.0,4300020.0,True
/home/ec2-user/ndvi_sqs_work/shaanxi/raw/HLS-VI.S30.T49SBV.2018117T033539.v2.0.NDVI.tif,HLS-VI.S30.T49SBV.2018117T033539.v2.0.NDVI.tif,S30,T49SBV,2018-04-27,2018117,033539,EPSG:32649,199980.0,3890220.0,309780.0,4000020.0,True
/home/ec2-user/ndvi_sqs_work/shaanxi/raw/HLS-VI.S30.T49SCB.2018117T033539.v2.0.NDVI.tif,HLS-VI.S30.T49SCB.2018117T033539.v2.0.NDVI.tif,S30,T49SCB,2018-04-27,2018117,033539,EPSG:32649,300000.0,4090200.0,409800.0,4200000.0,True
/home/ec2-user/ndvi_sqs_work/shaanxi/raw/HLS-VI.S30.T49SCC.2018117T033539.v2.0.NDVI.tif,HLS-VI.S30.T49SCC.2018117T033539.v2.0.NDVI.tif,S30,T49SCC,2018-04-27,2018117,033539,EPSG:32649,300000.0,4190220.0,409800.0,4300020.0,True
/home/ec2-user/ndvi_sqs_work/shaanxi/raw/HLS-VI.S30.T48SXC.2018119T032541.v2.0.NDVI.tif,HLS-VI.S30.T48SXC.2018119T032541.v2.0.NDVI.tif,S30,T48SXC,2018-04-29,2018119,032541,EPSG:32648,600000.0,3690240.0,709800.0,3800040.0,True
/home/ec2-user/ndvi_sqs_work/shaanxi/raw/HLS-VI.S30.T48SXD.2018119T032541.v2.0.NDVI.tif,HLS-VI.S30.T48SXD.2018119T032541.v2.0.NDVI.tif,S30,T48SXD,2018-04-29,2018119,032541,EPSG:32648,600000.0,3790200.0,709800.0,3900000.0,True
/home/ec2-user/ndvi_sqs_work/shaanxi/raw/HLS-VI.S30.T48SYD.2018119T032541.v2.0.NDVI.tif,HLS-VI.S30.T48SYD.2018119T032541.v2.0.NDVI.tif,S30,T48SYD,2018-04-29,2018119,032541,EPSG:32648,699960.0,3790200.0,809760.0,3900000.0,True
/home/ec2-user/ndvi_sqs_work/shaanxi/raw/HLS-VI.S30.T48SYE.2018119T032541.v2.0.NDVI.tif,HLS-VI.S30.T48SYE.2018119T032541.v2.0.NDVI.tif,S30,T48SYE,2018-04-29,2018119,032541,EPSG:32648,699960.0,3890220.0,809760.0,4000020.0,True
/home/ec2-user/ndvi_sqs_work/shaanxi/raw/HLS-VI.S30.T48SYF.2018119T032541.v2.0.NDVI.tif,HLS-VI.S30.T48SYF.2018119T032541.v2.0.NDVI.tif,S30,T48SYF,2018-04-29,2018119,032541,EPSG:32648,699960.0,3990240.0,809760.0,4100040.0,True
/home/ec2-user/ndvi_sqs_work/shaanxi/raw/HLS-VI.S30.T49SBA.2018119T032541.v2.0.NDVI.tif,HLS-VI.S30.T49SBA.2018119T032541.v2.0.NDVI.tif,S30,T49SBA,2018-04-29,2018119,032541,EPSG:32649,199980.0,3990240.0,309780.0,4100040.0,True
/home/ec2-user/ndvi_sqs_work/shaanxi/raw/HLS-VI.S30.T49SBB.2018119T032541.v2.0.NDVI.tif,HLS-VI.S30.T49SBB.2018119T032541.v2.0.NDVI.tif,S30,T49SBB,2018-04-29,2018119,032541,EPSG:32649,199980.0,4090200.0,309780.0,4200000.0,True
/home/ec2-user/ndvi_sqs_work/shaanxi/raw/HLS-VI.S30.T49SBU.2018119T032541.v2.0.NDVI.tif,HLS-VI.S30.T49SBU.2018119T032541.v2.0.NDVI.tif,S30,T49SBU,2018-04-29,2018119,032541,EPSG:32649,199980.0,3790200.0,309780.0,3900000.0,True
/home/ec2-user/ndvi_sqs_work/shaanxi/raw/HLS-VI.S30.T49SBV.2018119T032541.v2.0.NDVI.tif,HLS-VI.S30.T49SBV.2018119T032541.v2.0.NDVI.tif,S30,T49SBV,2018-04-29,2018119,032541,EPSG:32649,199980.0,3890220.0,309780.0,4000020.0,True
/home/ec2-user/ndvi_sqs_work/shaanxi/raw/HLS-VI.S30.T49SCA.2018119T032541.v2.0.NDVI.tif,HLS-VI.S30.T49SCA.2018119T032541.v2.0.NDVI.tif,S30,T49SCA,2018-04-29,2018119,032541,EPSG:32649,300000.0,3990240.0,409800.0,4100040.0,True
/home/ec2-user/ndvi_sqs_work/shaanxi/raw/HLS-VI.S30.T49SCB.2018119T032541.v2.0.NDVI.tif,HLS-VI.S30.T49SCB.2018119T032541.v2.0.NDVI.tif,S30,T49SCB,2018-04-29,2018119,032541,EPSG:32649,300000.0,4090200.0,409800.0,4200000.0,True
/home/ec2-user/ndvi_sqs_work/shaanxi/raw/HLS-VI.S30.T49SCU.2018119T032541.v2.0.NDVI.tif,HLS-VI.S30.T49SCU.2018119T032541.v2.0.NDVI.tif,S30,T49SCU,2018-04-29,2018119,032541,EPSG:32649,300000.0,3790200.0,409800.0,3900000.0,True
/home/ec2-user/ndvi_sqs_work/shaanxi/raw/HLS-VI.S30.T49SCV.2018119T032541.v2.0.NDVI.tif,HLS-VI.S30.T49SCV.2018119T032541.v2.0.NDVI.tif,S30,T49SCV,2018-04-29,2018119,032541,EPSG:32649,300000.0,3890220.0,409800.0,4000020.0,True
/home/ec2-user/ndvi_sqs_work/shaanxi/raw/HLS-VI.S30.T49SDA.2018119T032541.v2.0.NDVI.tif,HLS-VI.S30.T49SDA.2018119T032541.v2.0.NDVI.tif,S30,T49SDA,2018-04-29,2018119,032541,EPSG:32649,399960.0,3990240.0,509760.0,4100040.0,True
/home/ec2-user/ndvi_sqs_work/shaanxi/raw/HLS-VI.S30.T49SDB.2018119T032541.v2.0.NDVI.tif,HLS-VI.S30.T49SDB.2018119T032541.v2.0.NDVI.tif,S30,T49SDB,2018-04-29,2018119,032541,EPSG:32649,399960.0,4090200.0,509760.0,4200000.0,True
/home/ec2-user/ndvi_sqs_work/shaanxi/raw/HLS-VI.S30.T49SDS.2018119T032541.v2.0.NDVI.tif,HLS-VI.S30.T49SDS.2018119T032541.v2.0.NDVI.tif,S30,T49SDS,2018-04-29,2018119,032541,EPSG:32649,399960.0,3590220.0,509760.0,3700020.0,True
/home/ec2-user/ndvi_sqs_work/shaanxi/raw/HLS-VI.S30.T49SDV.2018119T032541.v2.0.NDVI.tif,HLS-VI.S30.T49SDV.2018119T032541.v2.0.NDVI.tif,S30,T49SDV,2018-04-29,2018119,032541,EPSG:32649,399960.0,3890220.0,509760.0,4000020.0,True
/home/ec2-user/ndvi_sqs_work/shaanxi/raw/HLS-VI.S30.T48SWB.2018122T033541.v2.0.NDVI.tif,HLS-VI.S30.T48SWB.2018122T033541.v2.0.NDVI.tif,S30,T48SWB,2018-05-02,2018122,033541,EPSG:32648,499980.0,3590220.0,609780.0,3700020.0,True
/home/ec2-user/ndvi_sqs_work/shaanxi/raw/HLS-VI.S30.T48SWC.2018122T033541.v2.0.NDVI.tif,HLS-VI.S30.T48SWC.2018122T033541.v2.0.NDVI.tif,S30,T48SWC,2018-05-02,2018122,033541,EPSG:32648,499980.0,3690240.0,609780.0,3800040.0,True
/home/ec2-user/ndvi_sqs_work/shaanxi/raw/HLS-VI.S30.T48SXC.2018122T033541.v2.0.NDVI.tif,HLS-VI.S30.T48SXC.2018122T033541.v2.0.NDVI.tif,S30,T48SXC,2018-05-02,2018122,033541,EPSG:32648,600000.0,3690240.0,709800.0,3800040.0,True
/home/ec2-user/ndvi_sqs_work/shaanxi/raw/HLS-VI.S30.T48SXD.2018122T033541.v2.0.NDVI.tif,HLS-VI.S30.T48SXD.2018122T033541.v2.0.NDVI.tif,S30,T48SXD,2018-05-02,2018122,033541,EPSG:32648,600000.0,3790200.0,709800.0,3900000.0,True
/home/ec2-user/ndvi_sqs_work/shaanxi/raw/HLS-VI.S30.T48SXE.2018122T033541.v2.0.NDVI.tif,HLS-VI.S30.T48SXE.2018122T033541.v2.0.NDVI.tif,S30,T48SXE,2018-05-02,2018122,033541,EPSG:32648,600000.0,3890220.0,709800.0,4000020.0,True
/home/ec2-user/ndvi_sqs_work/shaanxi/raw/HLS-VI.S30.T48SXG.2018122T033541.v2.0.NDVI.tif,HLS-VI.S30.T48SXG.2018122T033541.v2.0.NDVI.tif,S30,T48SXG,2018-05-02,2018122,033541,EPSG:32648,600000.0,4090200.0,709800.0,4200000.0,True
/home/ec2-user/ndvi_sqs_work/shaanxi/raw/HLS-VI.S30.T48SYC.2018122T033541.v2.0.NDVI.tif,HLS-VI.S30.T48SYC.2018122T033541.v2.0.NDVI.tif,S30,T48SYC,2018-05-02,2018122,033541,EPSG:32648,699960.0,3690240.0,809760.0,3800040.0,True
/home/ec2-user/ndvi_sqs_work/shaanxi/raw/HLS-VI.S30.T48SYD.2018122T033541.v2.0.NDVI.tif,HLS-VI.S30.T48SYD.2018122T033541.v2.0.NDVI.tif,S30,T48SYD,2018-05-02,2018122,033541,EPSG:32648,699960.0,3790200.0,809760.0,3900000.0,True
/home/ec2-user/ndvi_sqs_work/shaanxi/raw/HLS-VI.S30.T48SYE.2018122T033541.v2.0.NDVI.tif,HLS-VI.S30.T48SYE.2018122T033541.v2.0.NDVI.tif,S30,T48SYE,2018-05-02,2018122,033541,EPSG:32648,699960.0,3890220.0,809760.0,4000020.0,True
/home/ec2-user/ndvi_sqs_work/shaanxi/raw/HLS-VI.S30.T48SYF.2018122T033541.v2.0.NDVI.tif,HLS-VI.S30.T48SYF.2018122T033541.v2.0.NDVI.tif,S30,T48SYF,2018-05-02,2018122,033541,EPSG:32648,699960.0,3990240.0,809760.0,4100040.0,True
/home/ec2-user/ndvi_sqs_work/shaanxi/raw/HLS-VI.S30.T48SYG.2018122T033541.v2.0.NDVI.tif,HLS-VI.S30.T48SYG.2018122T033541.v2.0.NDVI.tif,S30,T48SYG,2018-05-02,2018122,033541,EPSG:32648,699960.0,4090200.0,809760.0,4200000.0,True
/home/ec2-user/ndvi_sqs_work/shaanxi/raw/HLS-VI.S30.T48SYH.2018122T033541.v2.0.NDVI.tif,HLS-VI.S30.T48SYH.2018122T033541.v2.0.NDVI.tif,S30,T48SYH,2018-05-02,2018122,033541,EPSG:32648,699960.0,4190220.0,809760.0,4300020.0,True
/home/ec2-user/ndvi_sqs_work/shaanxi/raw/HLS-VI.S30.T49SBA.2018122T033541.v2.0.NDVI.tif,HLS-VI.S30.T49SBA.2018122T033541.v2.0.NDVI.tif,S30,T49SBA,2018-05-02,2018122,033541,EPSG:32649,199980.0,3990240.0,309780.0,4100040.0,True
/home/ec2-user/ndvi_sqs_work/shaanxi/raw/HLS-VI.S30.T49SBB.2018122T033541.v2.0.NDVI.tif,HLS-VI.S30.T49SBB.2018122T033541.v2.0.NDVI.tif,S30,T49SBB,2018-05-02,2018122,033541,EPSG:32649,199980.0,4090200.0,309780.0,4200000.0,True
/home/ec2-user/ndvi_sqs_work/shaanxi/raw/HLS-VI.S30.T49SBC.2018122T033541.v2.0.NDVI.tif,HLS-VI.S30.T49SBC.2018122T033541.v2.0.NDVI.tif,S30,T49SBC,2018-05-02,2018122,033541,EPSG:32649,199980.0,4190220.0,309780.0,4300020.0,True
/home/ec2-user/ndvi_sqs_work/shaanxi/raw/HLS-VI.S30.T49SBU.2018122T033541.v2.0.NDVI.tif,HLS-VI.S30.T49SBU.2018122T033541.v2.0.NDVI.tif,S30,T49SBU,2018-05-02,2018122,033541,EPSG:32649,199980.0,3790200.0,309780.0,3900000.0,True
/home/ec2-user/ndvi_sqs_work/shaanxi/raw/HLS-VI.S30.T49SBV.2018122T033541.v2.0.NDVI.tif,HLS-VI.S30.T49SBV.2018122T033541.v2.0.NDVI.tif,S30,T49SBV,2018-05-02,2018122,033541,EPSG:32649,199980.0,3890220.0,309780.0,4000020.0,True
/home/ec2-user/ndvi_sqs_work/shaanxi/raw/HLS-VI.S30.T49SCB.2018122T033541.v2.0.NDVI.tif,HLS-VI.S30.T49SCB.2018122T033541.v2.0.NDVI.tif,S30,T49SCB,2018-05-02,2018122,033541,EPSG:32649,300000.0,4090200.0,409800.0,4200000.0,True
/home/ec2-user/ndvi_sqs_work/shaanxi/raw/HLS-VI.S30.T49SCC.2018122T033541.v2.0.NDVI.tif,HLS-VI.S30.T49SCC.2018122T033541.v2.0.NDVI.tif,S30,T49SCC,2018-05-02,2018122,033541,EPSG:32649,300000.0,4190220.0,409800.0,4300020.0,True
/home/ec2-user/ndvi_sqs_work/shaanxi/raw/HLS-VI.S30.T49SCD.2018124T032539.v2.0.NDVI.tif,HLS-VI.S30.T49SCD.2018124T032539.v2.0.NDVI.tif,S30,T49SCD,2018-05-04,2018124,032539,EPSG:32649,300000.0,4290240.0,409800.0,4400040.0,True
/home/ec2-user/ndvi_sqs_work/shaanxi/raw/HLS-VI.S30.T49SDC.2018124T032539.v2.0.NDVI.tif,HLS-VI.S30.T49SDC.2018124T032539.v2.0.NDVI.tif,S30,T49SDC,2018-05-04,2018124,032539,EPSG:32649,399960.0,4190220.0,509760.0,4300020.0,True
/home/ec2-user/ndvi_sqs_work/shaanxi/raw/HLS-VI.S30.T49SDD.2018124T032539.v2.0.NDVI.tif,HLS-VI.S30.T49SDD.2018124T032539.v2.0.NDVI.tif,S30,T49SDD,2018-05-04,2018124,032539,EPSG:32649,399960.0,4290240.0,509760.0,4400040.0,True
/home/ec2-user/ndvi_sqs_work/shaanxi/raw/HLS-VI.S30.T49SED.2018124T032539.v2.0.NDVI.tif,HLS-VI.S30.T49SED.2018124T032539.v2.0.NDVI.tif,S30,T49SED,2018-05-04,2018124,032539,EPSG:32649,499980.0,4290240.0,609780.0,4400040.0,True
/home/ec2-user/ndvi_sqs_work/shaanxi/raw/HLS-VI.S30.T48SXD.2018127T033539.v2.0.NDVI.tif,HLS-VI.S30.T48SXD.2018127T033539.v2.0.NDVI.tif,S30,T48SXD,2018-05-07,2018127,033539,EPSG:32648,600000.0,3790200.0,709800.0,3900000.0,True
/home/ec2-user/ndvi_sqs_work/shaanxi/raw/HLS-VI.S30.T48SXE.2018127T033539.v2.0.NDVI.tif,HLS-VI.S30.T48SXE.2018127T033539.v2.0.NDVI.tif,S30,T48SXE,2018-05-07,2018127,033539,EPSG:32648,600000.0,3890220.0,709800.0,4000020.0,True
/home/ec2-user/ndvi_sqs_work/shaanxi/raw/HLS-VI.S30.T48SWB.2018132T033541.v2.0.NDVI.tif,HLS-VI.S30.T48SWB.2018132T033541.v2.0.NDVI.tif,S30,T48SWB,2018-05-12,2018132,033541,EPSG:32648,499980.0,3590220.0,609780.0,3700020.0,True
/home/ec2-user/ndvi_sqs_work/shaanxi/raw/HLS-VI.S30.T48SWC.2018132T033541.v2.0.NDVI.tif,HLS-VI.S30.T48SWC.2018132T033541.v2.0.NDVI.tif,S30,T48SWC,2018-05-12,2018132,033541,EPSG:32648,499980.0,3690240.0,609780.0,3800040.0,True
/home/ec2-user/ndvi_sqs_work/shaanxi/raw/HLS-VI.S30.T48SXB.2018132T033541.v2.0.NDVI.tif,HLS-VI.S30.T48SXB.2018132T033541.v2.0.NDVI.tif,S30,T48SXB,2018-05-12,2018132,033541,EPSG:32648,600000.0,3590220.0,709800.0,3700020.0,True
/home/ec2-user/ndvi_sqs_work/shaanxi/raw/HLS-VI.S30.T48SXC.2018132T033541.v2.0.NDVI.tif,HLS-VI.S30.T48SXC.2018132T033541.v2.0.NDVI.tif,S30,T48SXC,2018-05-12,2018132,033541,EPSG:32648,600000.0,3690240.0,709800.0,3800040.0,True
/home/ec2-user/ndvi_sqs_work/shaanxi/raw/HLS-VI.S30.T48SXD.2018132T033541.v2.0.NDVI.tif,HLS-VI.S30.T48SXD.2018132T033541.v2.0.NDVI.tif,S30,T48SXD,2018-05-12,2018132,033541,EPSG:32648,600000.0,3790200.0,709800.0,3900000.0,True
/home/ec2-user/ndvi_sqs_work/shaanxi/raw/HLS-VI.S30.T48SXE.2018132T033541.v2.0.NDVI.tif,HLS-VI.S30.T48SXE.2018132T033541.v2.0.NDVI.tif,S30,T48SXE,2018-05-12,2018132,033541,EPSG:32648,600000.0,3890220.0,709800.0,4000020.0,True
/home/ec2-user/ndvi_sqs_work/shaanxi/raw/HLS-VI.S30.T48SXG.2018132T033541.v2.0.NDVI.tif,HLS-VI.S30.T48SXG.2018132T033541.v2.0.NDVI.tif,S30,T48SXG,2018-05-12,2018132,033541,EPSG:32648,600000.0,4090200.0,709800.0,4200000.0,True
/home/ec2-user/ndvi_sqs_work/shaanxi/raw/HLS-VI.S30.T48SYB.2018132T033541.v2.0.NDVI.tif,HLS-VI.S30.T48SYB.2018132T033541.v2.0.NDVI.tif,S30,T48SYB,2018-05-12,2018132,033541,EPSG:32648,699960.0,3590220.0,809760.0,3700020.0,True
/home/ec2-user/ndvi_sqs_work/shaanxi/raw/HLS-VI.S30.T48SYC.2018132T033541.v2.0.NDVI.tif,HLS-VI.S30.T48SYC.2018132T033541.v2.0.NDVI.tif,S30,T48SYC,2018-05-12,2018132,033541,EPSG:32648,699960.0,3690240.0,809760.0,3800040.0,True
/home/ec2-user/ndvi_sqs_work/shaanxi/raw/HLS-VI.S30.T48SYD.2018132T033541.v2.0.NDVI.tif,HLS-VI.S30.T48SYD.2018132T033541.v2.0.NDVI.tif,S30,T48SYD,2018-05-12,2018132,033541,EPSG:32648,699960.0,3790200.0,809760.0,3900000.0,True
/home/ec2-user/ndvi_sqs_work/shaanxi/raw/HLS-VI.S30.T48SYE.2018132T033541.v2.0.NDVI.tif,HLS-VI.S30.T48SYE.2018132T033541.v2.0.NDVI.tif,S30,T48SYE,2018-05-12,2018132,033541,EPSG:32648,699960.0,3890220.0,809760.0,4000020.0,True
/home/ec2-user/ndvi_sqs_work/shaanxi/raw/HLS-VI.S30.T48SYF.2018132T033541.v2.0.NDVI.tif,HLS-VI.S30.T48SYF.2018132T033541.v2.0.NDVI.tif,S30,T48SYF,2018-05-12,2018132,033541,EPSG:32648,699960.0,3990240.0,809760.0,4100040.0,True
/home/ec2-user/ndvi_sqs_work/shaanxi/raw/HLS-VI.S30.T48SYG.2018132T033541.v2.0.NDVI.tif,HLS-VI.S30.T48SYG.2018132T033541.v2.0.NDVI.tif,S30,T48SYG,2018-05-12,2018132,033541,EPSG:32648,699960.0,4090200.0,809760.0,4200000.0,True
/home/ec2-user/ndvi_sqs_work/shaanxi/raw/HLS-VI.S30.T49SBA.2018132T033541.v2.0.NDVI.tif,HLS-VI.S30.T49SBA.2018132T033541.v2.0.NDVI.tif,S30,T49SBA,2018-05-12,2018132,033541,EPSG:32649,199980.0,3990240.0,309780.0,4100040.0,True
/home/ec2-user/ndvi_sqs_work/shaanxi/raw/HLS-VI.S30.T49SBB.2018132T033541.v2.0.NDVI.tif,HLS-VI.S30.T49SBB.2018132T033541.v2.0.NDVI.tif,S30,T49SBB,2018-05-12,2018132,033541,EPSG:32649,199980.0,4090200.0,309780.0,4200000.0,True
/home/ec2-user/ndvi_sqs_work/shaanxi/raw/HLS-VI.S30.T49SBT.2018132T033541.v2.0.NDVI.tif,HLS-VI.S30.T49SBT.2018132T033541.v2.0.NDVI.tif,S30,T49SBT,2018-05-12,2018132,033541,EPSG:32649,199980.0,3690240.0,309780.0,3800040.0,True
/home/ec2-user/ndvi_sqs_work/shaanxi/raw/HLS-VI.S30.T49SBU.2018132T033541.v2.0.NDVI.tif,HLS-VI.S30.T49SBU.2018132T033541.v2.0.NDVI.tif,S30,T49SBU,2018-05-12,2018132,033541,EPSG:32649,199980.0,3790200.0,309780.0,3900000.0,True
/home/ec2-user/ndvi_sqs_work/shaanxi/raw/HLS-VI.S30.T49SBV.2018132T033541.v2.0.NDVI.tif,HLS-VI.S30.T49SBV.2018132T033541.v2.0.NDVI.tif,S30,T49SBV,2018-05-12,2018132,033541,EPSG:32649,199980.0,3890220.0,309780.0,4000020.0,True
/home/ec2-user/ndvi_sqs_work/shaanxi/raw/HLS-VI.S30.T49SCB.2018132T033541.v2.0.NDVI.tif,HLS-VI.S30.T49SCB.2018132T033541.v2.0.NDVI.tif,S30,T49SCB,2018-05-12,2018132,033541,EPSG:32649,300000.0,4090200.0,409800.0,4200000.0,True
/home/ec2-user/ndvi_sqs_work/shaanxi/raw/HLS-VI.S30.T48SYG.2018134T032539.v2.0.NDVI.tif,HLS-VI.S30.T48SYG.2018134T032539.v2.0.NDVI.tif,S30,T48SYG,2018-05-14,2018134,032539,EPSG:32648,699960.0,4090200.0,809760.0,4200000.0,True
/home/ec2-user/ndvi_sqs_work/shaanxi/raw/HLS-VI.S30.T48SYH.2018134T032539.v2.0.NDVI.tif,HLS-VI.S30.T48SYH.2018134T032539.v2.0.NDVI.tif,S30,T48SYH,2018-05-14,2018134,032539,EPSG:32648,699960.0,4190220.0,809760.0,4300020.0,True
/home/ec2-user/ndvi_sqs_work/shaanxi/raw/HLS-VI.S30.T49SBB.2018134T032539.v2.0.NDVI.tif,HLS-VI.S30.T49SBB.2018134T032539.v2.0.NDVI.tif,S30,T49SBB,2018-05-14,2018134,032539,EPSG:32649,199980.0,4090200.0,309780.0,4200000.0,True
/home/ec2-user/ndvi_sqs_work/shaanxi/raw/HLS-VI.S30.T49SBC.2018134T032539.v2.0.NDVI.tif,HLS-VI.S30.T49SBC.2018134T032539.v2.0.NDVI.tif,S30,T49SBC,2018-05-14,2018134,032539,EPSG:32649,199980.0,4190220.0,309780.0,4300020.0,True
/home/ec2-user/ndvi_sqs_work/shaanxi/raw/HLS-VI.S30.T49SCC.2018134T032539.v2.0.NDVI.tif,HLS-VI.S30.T49SCC.2018134T032539.v2.0.NDVI.tif,S30,T49SCC,2018-05-14,2018134,032539,EPSG:32649,300000.0,4190220.0,409800.0,4300020.0,True
/home/ec2-user/ndvi_sqs_work/shaanxi/raw/HLS-VI.S30.T49SCD.2018134T032539.v2.0.NDVI.tif,HLS-VI.S30.T49SCD.2018134T032539.v2.0.NDVI.tif,S30,T49SCD,2018-05-14,2018134,032539,EPSG:32649,300000.0,4290240.0,409800.0,4400040.0,True
/home/ec2-user/ndvi_sqs_work/shaanxi/raw/HLS-VI.S30.T49SDC.2018134T032539.v2.0.NDVI.tif,HLS-VI.S30.T49SDC.2018134T032539.v2.0.NDVI.tif,S30,T49SDC,2018-05-14,2018134,032539,EPSG:32649,399960.0,4190220.0,509760.0,4300020.0,True
/home/ec2-user/ndvi_sqs_work/shaanxi/raw/HLS-VI.S30.T49SDD.2018134T032539.v2.0.NDVI.tif,HLS-VI.S30.T49SDD.2018134T032539.v2.0.NDVI.tif,S30,T49SDD,2018-05-14,2018134,032539,EPSG:32649,399960.0,4290240.0,509760.0,4400040.0,True
/home/ec2-user/ndvi_sqs_work/shaanxi/raw/HLS-VI.S30.T49SEC.2018134T032539.v2.0.NDVI.tif,HLS-VI.S30.T49SEC.2018134T032539.v2.0.NDVI.tif,S30,T49SEC,2018-05-14,2018134,032539,EPSG:32649,499980.0,4190220.0,609780.0,4300020.0,True
/home/ec2-user/ndvi_sqs_work/shaanxi/raw/HLS-VI.S30.T49SED.2018134T032539.v2.0.NDVI.tif,HLS-VI.S30.T49SED.2018134T032539.v2.0.NDVI.tif,S30,T49SED,2018-05-14,2018134,032539,EPSG:32649,499980.0,4290240.0,609780.0,4400040.0,True
/home/ec2-user/ndvi_sqs_work/shaanxi/raw/HLS-VI.S30.T49SDA.2018136T031541.v2.0.NDVI.tif,HLS-VI.S30.T49SDA.2018136T031541.v2.0.NDVI.tif,S30,T49SDA,2018-05-16,2018136,031541,EPSG:32649,399960.0,3990240.0,509760.0,4100040.0,True
/home/ec2-user/ndvi_sqs_work/shaanxi/raw/HLS-VI.S30.T49SDB.2018136T031541.v2.0.NDVI.tif,HLS-VI.S30.T49SDB.2018136T031541.v2.0.NDVI.tif,S30,T49SDB,2018-05-16,2018136,031541,EPSG:32649,399960.0,4090200.0,509760.0,4200000.0,True
/home/ec2-user/ndvi_sqs_work/shaanxi/raw/HLS-VI.S30.T49SDD.2018136T031541.v2.0.NDVI.tif,HLS-VI.S30.T49SDD.2018136T031541.v2.0.NDVI.tif,S30,T49SDD,2018-05-16,2018136,031541,EPSG:32649,399960.0,4290240.0,509760.0,4400040.0,True
/home/ec2-user/ndvi_sqs_work/shaanxi/raw/HLS-VI.S30.T49SDU.2018136T031541.v2.0.NDVI.tif,HLS-VI.S30.T49SDU.2018136T031541.v2.0.NDVI.tif,S30,T49SDU,2018-05-16,2018136,031541,EPSG:32649,399960.0,3790200.0,509760.0,3900000.0,True
/home/ec2-user/ndvi_sqs_work/shaanxi/raw/HLS-VI.S30.T49SCB.2018137T033539.v2.0.NDVI.tif,HLS-VI.S30.T49SCB.2018137T033539.v2.0.NDVI.tif,S30,T49SCB,2018-05-17,2018137,033539,EPSG:32649,300000.0,4090200.0,409800.0,4200000.0,True
/home/ec2-user/ndvi_sqs_work/shaanxi/raw/HLS-VI.S30.T48SWC.2018142T033541.v2.0.NDVI.tif,HLS-VI.S30.T48SWC.2018142T033541.v2.0.NDVI.tif,S30,T48SWC,2018-05-22,2018142,033541,EPSG:32648,499980.0,3690240.0,609780.0,3800040.0,True
/home/ec2-user/ndvi_sqs_work/shaanxi/raw/HLS-VI.S30.T48SXD.2018142T033541.v2.0.NDVI.tif,HLS-VI.S30.T48SXD.2018142T033541.v2.0.NDVI.tif,S30,T48SXD,2018-05-22,2018142,033541,EPSG:32648,600000.0,3790200.0,709800.0,3900000.0,True
/home/ec2-user/ndvi_sqs_work/shaanxi/raw/HLS-VI.S30.T48SXE.2018142T033541.v2.0.NDVI.tif,HLS-VI.S30.T48SXE.2018142T033541.v2.0.NDVI.tif,S30,T48SXE,2018-05-22,2018142,033541,EPSG:32648,600000.0,3890220.0,709800.0,4000020.0,True
/home/ec2-user/ndvi_sqs_work/shaanxi/raw/HLS-VI.S30.T48SXG.2018142T033541.v2.0.NDVI.tif,HLS-VI.S30.T48SXG.2018142T033541.v2.0.NDVI.tif,S30,T48SXG,2018-05-22,2018142,033541,EPSG:32648,600000.0,4090200.0,709800.0,4200000.0,True
/home/ec2-user/ndvi_sqs_work/shaanxi/raw/HLS-VI.S30.T48SYD.2018142T033541.v2.0.NDVI.tif,HLS-VI.S30.T48SYD.2018142T033541.v2.0.NDVI.tif,S30,T48SYD,2018-05-22,2018142,033541,EPSG:32648,699960.0,3790200.0,809760.0,3900000.0,True
/home/ec2-user/ndvi_sqs_work/shaanxi/raw/HLS-VI.S30.T48SYE.2018142T033541.v2.0.NDVI.tif,HLS-VI.S30.T48SYE.2018142T033541.v2.0.NDVI.tif,S30,T48SYE,2018-05-22,2018142,033541,EPSG:32648,699960.0,3890220.0,809760.0,4000020.0,True
/home/ec2-user/ndvi_sqs_work/shaanxi/raw/HLS-VI.S30.T48SYF.2018142T033541.v2.0.NDVI.tif,HLS-VI.S30.T48SYF.2018142T033541.v2.0.NDVI.tif,S30,T48SYF,2018-05-22,2018142,033541,EPSG:32648,699960.0,3990240.0,809760.0,4100040.0,True
/home/ec2-user/ndvi_sqs_work/shaanxi/raw/HLS-VI.S30.T48SYG.2018142T033541.v2.0.NDVI.tif,HLS-VI.S30.T48SYG.2018142T033541.v2.0.NDVI.tif,S30,T48SYG,2018-05-22,2018142,033541,EPSG:32648,699960.0,4090200.0,809760.0,4200000.0,True
/home/ec2-user/ndvi_sqs_work/shaanxi/raw/HLS-VI.S30.T48SYH.2018142T033541.v2.0.NDVI.tif,HLS-VI.S30.T48SYH.2018142T033541.v2.0.NDVI.tif,S30,T48SYH,2018-05-22,2018142,033541,EPSG:32648,699960.0,4190220.0,809760.0,4300020.0,True
/home/ec2-user/ndvi_sqs_work/shaanxi/raw/HLS-VI.S30.T49SBA.2018142T033541.v2.0.NDVI.tif,HLS-VI.S30.T49SBA.2018142T033541.v2.0.NDVI.tif,S30,T49SBA,2018-05-22,2018142,033541,EPSG:32649,199980.0,3990240.0,309780.0,4100040.0,True
/home/ec2-user/ndvi_sqs_work/shaanxi/raw/HLS-VI.S30.T49SBB.2018142T033541.v2.0.NDVI.tif,HLS-VI.S30.T49SBB.2018142T033541.v2.0.NDVI.tif,S30,T49SBB,2018-05-22,2018142,033541,EPSG:32649,199980.0,4090200.0,309780.0,4200000.0,True
/home/ec2-user/ndvi_sqs_work/shaanxi/raw/HLS-VI.S30.T49SBC.2018142T033541.v2.0.NDVI.tif,HLS-VI.S30.T49SBC.2018142T033541.v2.0.NDVI.tif,S30,T49SBC,2018-05-22,2018142,033541,EPSG:32649,199980.0,4190220.0,309780.0,4300020.0,True
/home/ec2-user/ndvi_sqs_work/shaanxi/raw/HLS-VI.S30.T49SBT.2018142T033541.v2.0.NDVI.tif,HLS-VI.S30.T49SBT.2018142T033541.v2.0.NDVI.tif,S30,T49SBT,2018-05-22,2018142,033541,EPSG:32649,199980.0,3690240.0,309780.0,3800040.0,True
/home/ec2-user/ndvi_sqs_work/shaanxi/raw/HLS-VI.S30.T49SBU.2018142T033541.v2.0.NDVI.tif,HLS-VI.S30.T49SBU.2018142T033541.v2.0.NDVI.tif,S30,T49SBU,2018-05-22,2018142,033541,EPSG:32649,199980.0,3790200.0,309780.0,3900000.0,True
/home/ec2-user/ndvi_sqs_work/shaanxi/raw/HLS-VI.S30.T49SBV.2018142T033541.v2.0.NDVI.tif,HLS-VI.S30.T49SBV.2018142T033541.v2.0.NDVI.tif,S30,T49SBV,2018-05-22,2018142,033541,EPSG:32649,199980.0,3890220.0,309780.0,4000020.0,True
/home/ec2-user/ndvi_sqs_work/shaanxi/raw/HLS-VI.S30.T49SCB.2018142T033541.v2.0.NDVI.tif,HLS-VI.S30.T49SCB.2018142T033541.v2.0.NDVI.tif,S30,T49SCB,2018-05-22,2018142,033541,EPSG:32649,300000.0,4090200.0,409800.0,4200000.0,True
/home/ec2-user/ndvi_sqs_work/shaanxi/raw/HLS-VI.S30.T49SCC.2018142T033541.v2.0.NDVI.tif,HLS-VI.S30.T49SCC.2018142T033541.v2.0.NDVI.tif,S30,T49SCC,2018-05-22,2018142,033541,EPSG:32649,300000.0,4190220.0,409800.0,4300020.0,True
/home/ec2-user/ndvi_sqs_work/shaanxi/raw/HLS-VI.S30.T48SYH.2018144T032539.v2.0.NDVI.tif,HLS-VI.S30.T48SYH.2018144T032539.v2.0.NDVI.tif,S30,T48SYH,2018-05-24,2018144,032539,EPSG:32648,699960.0,4190220.0,809760.0,4300020.0,True
/home/ec2-user/ndvi_sqs_work/shaanxi/raw/HLS-VI.S30.T49SBC.2018144T032539.v2.0.NDVI.tif,HLS-VI.S30.T49SBC.2018144T032539.v2.0.NDVI.tif,S30,T49SBC,2018-05-24,2018144,032539,EPSG:32649,199980.0,4190220.0,309780.0,4300020.0,True
/home/ec2-user/ndvi_sqs_work/shaanxi/raw/HLS-VI.S30.T49SCC.2018144T032539.v2.0.NDVI.tif,HLS-VI.S30.T49SCC.2018144T032539.v2.0.NDVI.tif,S30,T49SCC,2018-05-24,2018144,032539,EPSG:32649,300000.0,4190220.0,409800.0,4300020.0,True
/home/ec2-user/ndvi_sqs_work/shaanxi/raw/HLS-VI.S30.T49SCD.2018144T032539.v2.0.NDVI.tif,HLS-VI.S30.T49SCD.2018144T032539.v2.0.NDVI.tif,S30,T49SCD,2018-05-24,2018144,032539,EPSG:32649,300000.0,4290240.0,409800.0,4400040.0,True
/home/ec2-user/ndvi_sqs_work/shaanxi/raw/HLS-VI.S30.T49SDC.2018144T032539.v2.0.NDVI.tif,HLS-VI.S30.T49SDC.2018144T032539.v2.0.NDVI.tif,S30,T49SDC,2018-05-24,2018144,032539,EPSG:32649,399960.0,4190220.0,509760.0,4300020.0,True
/home/ec2-user/ndvi_sqs_work/shaanxi/raw/HLS-VI.S30.T49SEC.2018144T032539.v2.0.NDVI.tif,HLS-VI.S30.T49SEC.2018144T032539.v2.0.NDVI.tif,S30,T49SEC,2018-05-24,2018144,032539,EPSG:32649,499980.0,4190220.0,609780.0,4300020.0,True
/home/ec2-user/ndvi_sqs_work/shaanxi/raw/HLS-VI.S30.T49SED.2018144T032539.v2.0.NDVI.tif,HLS-VI.S30.T49SED.2018144T032539.v2.0.NDVI.tif,S30,T49SED,2018-05-24,2018144,032539,EPSG:32649,499980.0,4290240.0,609780.0,4400040.0,True
/home/ec2-user/ndvi_sqs_work/shaanxi/raw/HLS-VI.S30.T48SYG.2018149T032541.v2.0.NDVI.tif,HLS-VI.S30.T48SYG.2018149T032541.v2.0.NDVI.tif,S30,T48SYG,2018-05-29,2018149,032541,EPSG:32648,699960.0,4090200.0,809760.0,4200000.0,True
/home/ec2-user/ndvi_sqs_work/shaanxi/raw/HLS-VI.S30.T49SCA.2018149T032541.v2.0.NDVI.tif,HLS-VI.S30.T49SCA.2018149T032541.v2.0.NDVI.tif,S30,T49SCA,2018-05-29,2018149,032541,EPSG:32649,300000.0,3990240.0,409800.0,4100040.0,True
/home/ec2-user/ndvi_sqs_work/shaanxi/raw/HLS-VI.S30.T49SCC.2018149T032541.v2.0.NDVI.tif,HLS-VI.S30.T49SCC.2018149T032541.v2.0.NDVI.tif,S30,T49SCC,2018-05-29,2018149,032541,EPSG:32649,300000.0,4190220.0,409800.0,4300020.0,True
/home/ec2-user/ndvi_sqs_work/shaanxi/raw/HLS-VI.S30.T49SCD.2018149T032541.v2.0.NDVI.tif,HLS-VI.S30.T49SCD.2018149T032541.v2.0.NDVI.tif,S30,T49SCD,2018-05-29,2018149,032541,EPSG:32649,300000.0,4290240.0,409800.0,4400040.0,True
/home/ec2-user/ndvi_sqs_work/shaanxi/raw/HLS-VI.S30.T49SDA.2018149T032541.v2.0.NDVI.tif,HLS-VI.S30.T49SDA.2018149T032541.v2.0.NDVI.tif,S30,T49SDA,2018-05-29,2018149,032541,EPSG:32649,399960.0,3990240.0,509760.0,4100040.0,True
/home/ec2-user/ndvi_sqs_work/shaanxi/raw/HLS-VI.S30.T49SDC.2018149T032541.v2.0.NDVI.tif,HLS-VI.S30.T49SDC.2018149T032541.v2.0.NDVI.tif,S30,T49SDC,2018-05-29,2018149,032541,EPSG:32649,399960.0,4190220.0,509760.0,4300020.0,True
/home/ec2-user/ndvi_sqs_work/shaanxi/raw/HLS-VI.S30.T49SDD.2018149T032541.v2.0.NDVI.tif,HLS-VI.S30.T49SDD.2018149T032541.v2.0.NDVI.tif,S30,T49SDD,2018-05-29,2018149,032541,EPSG:32649,399960.0,4290240.0,509760.0,4400040.0,True
/home/ec2-user/ndvi_sqs_work/shaanxi/raw/HLS-VI.S30.T49SEC.2018149T032541.v2.0.NDVI.tif,HLS-VI.S30.T49SEC.2018149T032541.v2.0.NDVI.tif,S30,T49SEC,2018-05-29,2018149,032541,EPSG:32649,499980.0,4190220.0,609780.0,4300020.0,True
/home/ec2-user/ndvi_sqs_work/shaanxi/raw/HLS-VI.S30.T49SED.2018149T032541.v2.0.NDVI.tif,HLS-VI.S30.T49SED.2018149T032541.v2.0.NDVI.tif,S30,T49SED,2018-05-29,2018149,032541,EPSG:32649,499980.0,4290240.0,609780.0,4400040.0,True
/home/ec2-user/ndvi_sqs_work/shaanxi/raw/HLS-VI.S30.T49SCU.2018151T031539.v2.0.NDVI.tif,HLS-VI.S30.T49SCU.2018151T031539.v2.0.NDVI.tif,S30,T49SCU,2018-05-31,2018151,031539,EPSG:32649,300000.0,3790200.0,409800.0,3900000.0,True
/home/ec2-user/ndvi_sqs_work/shaanxi/raw/HLS-VI.S30.T49SCV.2018151T031539.v2.0.NDVI.tif,HLS-VI.S30.T49SCV.2018151T031539.v2.0.NDVI.tif,S30,T49SCV,2018-05-31,2018151,031539,EPSG:32649,300000.0,3890220.0,409800.0,4000020.0,True
/home/ec2-user/ndvi_sqs_work/shaanxi/raw/HLS-VI.S30.T49SDD.2018151T031539.v2.0.NDVI.tif,HLS-VI.S30.T49SDD.2018151T031539.v2.0.NDVI.tif,S30,T49SDD,2018-05-31,2018151,031539,EPSG:32649,399960.0,4290240.0,509760.0,4400040.0,True
/home/ec2-user/ndvi_sqs_work/shaanxi/raw/HLS-VI.S30.T49SDU.2018151T031539.v2.0.NDVI.tif,HLS-VI.S30.T49SDU.2018151T031539.v2.0.NDVI.tif,S30,T49SDU,2018-05-31,2018151,031539,EPSG:32649,399960.0,3790200.0,509760.0,3900000.0,True
/home/ec2-user/ndvi_sqs_work/shaanxi/raw/HLS-VI.S30.T49SED.2018151T031539.v2.0.NDVI.tif,HLS-VI.S30.T49SED.2018151T031539.v2.0.NDVI.tif,S30,T49SED,2018-05-31,2018151,031539,EPSG:32649,499980.0,4290240.0,609780.0,4400040.0,True
/home/ec2-user/ndvi_sqs_work/shaanxi/raw/HLS-VI.S30.T49SCS.2018156T031541.v2.0.NDVI.tif,HLS-VI.S30.T49SCS.2018156T031541.v2.0.NDVI.tif,S30,T49SCS,2018-06-05,2018156,031541,EPSG:32649,300000.0,3590220.0,409800.0,3700020.0,True
/home/ec2-user/ndvi_sqs_work/shaanxi/raw/HLS-VI.S30.T49SCT.2018156T031541.v2.0.NDVI.tif,HLS-VI.S30.T49SCT.2018156T031541.v2.0.NDVI.tif,S30,T49SCT,2018-06-05,2018156,031541,EPSG:32649,300000.0,3690240.0,409800.0,3800040.0,True
/home/ec2-user/ndvi_sqs_work/shaanxi/raw/HLS-VI.S30.T49SCU.2018156T031541.v2.0.NDVI.tif,HLS-VI.S30.T49SCU.2018156T031541.v2.0.NDVI.tif,S30,T49SCU,2018-06-05,2018156,031541,EPSG:32649,300000.0,3790200.0,409800.0,3900000.0,True
/home/ec2-user/ndvi_sqs_work/shaanxi/raw/HLS-VI.S30.T49SCV.2018156T031541.v2.0.NDVI.tif,HLS-VI.S30.T49SCV.2018156T031541.v2.0.NDVI.tif,S30,T49SCV,2018-06-05,2018156,031541,EPSG:32649,300000.0,3890220.0,409800.0,4000020.0,True
/home/ec2-user/ndvi_sqs_work/shaanxi/raw/HLS-VI.S30.T49SDA.2018156T031541.v2.0.NDVI.tif,HLS-VI.S30.T49SDA.2018156T031541.v2.0.NDVI.tif,S30,T49SDA,2018-06-05,2018156,031541,EPSG:32649,399960.0,3990240.0,509760.0,4100040.0,True
/home/ec2-user/ndvi_sqs_work/shaanxi/raw/HLS-VI.S30.T49SDB.2018156T031541.v2.0.NDVI.tif,HLS-VI.S30.T49SDB.2018156T031541.v2.0.NDVI.tif,S30,T49SDB,2018-06-05,2018156,031541,EPSG:32649,399960.0,4090200.0,509760.0,4200000.0,True
/home/ec2-user/ndvi_sqs_work/shaanxi/raw/HLS-VI.S30.T49SDS.2018156T031541.v2.0.NDVI.tif,HLS-VI.S30.T49SDS.2018156T031541.v2.0.NDVI.tif,S30,T49SDS,2018-06-05,2018156,031541,EPSG:32649,399960.0,3590220.0,509760.0,3700020.0,True
/home/ec2-user/ndvi_sqs_work/shaanxi/raw/HLS-VI.S30.T49SDT.2018156T031541.v2.0.NDVI.tif,HLS-VI.S30.T49SDT.2018156T031541.v2.0.NDVI.tif,S30,T49SDT,2018-06-05,2018156,031541,EPSG:32649,399960.0,3690240.0,509760.0,3800040.0,True
/home/ec2-user/ndvi_sqs_work/shaanxi/raw/HLS-VI.S30.T49SDU.2018156T031541.v2.0.NDVI.tif,HLS-VI.S30.T49SDU.2018156T031541.v2.0.NDVI.tif,S30,T49SDU,2018-06-05,2018156,031541,EPSG:32649,399960.0,3790200.0,509760.0,3900000.0,True
/home/ec2-user/ndvi_sqs_work/shaanxi/raw/HLS-VI.S30.T49SDV.2018156T031541.v2.0.NDVI.tif,HLS-VI.S30.T49SDV.2018156T031541.v2.0.NDVI.tif,S30,T49SDV,2018-06-05,2018156,031541,EPSG:32649,399960.0,3890220.0,509760.0,4000020.0,True
/home/ec2-user/ndvi_sqs_work/shaanxi/raw/HLS-VI.S30.T49SES.2018156T031541.v2.0.NDVI.tif,HLS-VI.S30.T49SES.2018156T031541.v2.0.NDVI.tif,S30,T49SES,2018-06-05,2018156,031541,EPSG:32649,499980.0,3590220.0,609780.0,3700020.0,True
/home/ec2-user/ndvi_sqs_work/shaanxi/raw/HLS-VI.S30.T49SET.2018156T031541.v2.0.NDVI.tif,HLS-VI.S30.T49SET.2018156T031541.v2.0.NDVI.tif,S30,T49SET,2018-06-05,2018156,031541,EPSG:32649,499980.0,3690240.0,609780.0,3800040.0,True
/home/ec2-user/ndvi_sqs_work/shaanxi/raw/HLS-VI.S30.T48SXC.2018157T033629.v2.0.NDVI.tif,HLS-VI.S30.T48SXC.2018157T033629.v2.0.NDVI.tif,S30,T48SXC,2018-06-06,2018157,033629,EPSG:32648,600000.0,3690240.0,709800.0,3800040.0,True
/home/ec2-user/ndvi_sqs_work/shaanxi/raw/HLS-VI.S30.T48SXD.2018157T033629.v2.0.NDVI.tif,HLS-VI.S30.T48SXD.2018157T033629.v2.0.NDVI.tif,S30,T48SXD,2018-06-06,2018157,033629,EPSG:32648,600000.0,3790200.0,709800.0,3900000.0,True
/home/ec2-user/ndvi_sqs_work/shaanxi/raw/HLS-VI.S30.T48SYB.2018157T033629.v2.0.NDVI.tif,HLS-VI.S30.T48SYB.2018157T033629.v2.0.NDVI.tif,S30,T48SYB,2018-06-06,2018157,033629,EPSG:32648,699960.0,3590220.0,809760.0,3700020.0,True
/home/ec2-user/ndvi_sqs_work/shaanxi/raw/HLS-VI.S30.T48SYC.2018157T033629.v2.0.NDVI.tif,HLS-VI.S30.T48SYC.2018157T033629.v2.0.NDVI.tif,S30,T48SYC,2018-06-06,2018157,033629,EPSG:32648,699960.0,3690240.0,809760.0,3800040.0,True
/home/ec2-user/ndvi_sqs_work/shaanxi/raw/HLS-VI.S30.T49SBT.2018157T033629.v2.0.NDVI.tif,HLS-VI.S30.T49SBT.2018157T033629.v2.0.NDVI.tif,S30,T49SBT,2018-06-06,2018157,033629,EPSG:32649,199980.0,3690240.0,309780.0,3800040.0,True
/home/ec2-user/ndvi_sqs_work/shaanxi/raw/HLS-VI.S30.T49SCR.2018161T031539.v2.0.NDVI.tif,HLS-VI.S30.T49SCR.2018161T031539.v2.0.NDVI.tif,S30,T49SCR,2018-06-10,2018161,031539,EPSG:32649,300000.0,3490200.0,409800.0,3600000.0,True
/home/ec2-user/ndvi_sqs_work/shaanxi/raw/HLS-VI.S30.T49SCS.2018161T031539.v2.0.NDVI.tif,HLS-VI.S30.T49SCS.2018161T031539.v2.0.NDVI.tif,S30,T49SCS,2018-06-10,2018161,031539,EPSG:32649,300000.0,3590220.0,409800.0,3700020.0,True
/home/ec2-user/ndvi_sqs_work/shaanxi/raw/HLS-VI.S30.T49SCU.2018161T031539.v2.0.NDVI.tif,HLS-VI.S30.T49SCU.2018161T031539.v2.0.NDVI.tif,S30,T49SCU,2018-06-10,2018161,031539,EPSG:32649,300000.0,3790200.0,409800.0,3900000.0,True
/home/ec2-user/ndvi_sqs_work/shaanxi/raw/HLS-VI.S30.T49SCV.2018161T031539.v2.0.NDVI.tif,HLS-VI.S30.T49SCV.2018161T031539.v2.0.NDVI.tif,S30,T49SCV,2018-06-10,2018161,031539,EPSG:32649,300000.0,3890220.0,409800.0,4000020.0,True
/home/ec2-user/ndvi_sqs_work/shaanxi/raw/HLS-VI.S30.T49SDA.2018161T031539.v2.0.NDVI.tif,HLS-VI.S30.T49SDA.2018161T031539.v2.0.NDVI.tif,S30,T49SDA,2018-06-10,2018161,031539,EPSG:32649,399960.0,3990240.0,509760.0,4100040.0,True
/home/ec2-user/ndvi_sqs_work/shaanxi/raw/HLS-VI.S30.T49SDB.2018161T031539.v2.0.NDVI.tif,HLS-VI.S30.T49SDB.2018161T031539.v2.0.NDVI.tif,S30,T49SDB,2018-06-10,2018161,031539,EPSG:32649,399960.0,4090200.0,509760.0,4200000.0,True
/home/ec2-user/ndvi_sqs_work/shaanxi/raw/HLS-VI.S30.T49SDC.2018161T031539.v2.0.NDVI.tif,HLS-VI.S30.T49SDC.2018161T031539.v2.0.NDVI.tif,S30,T49SDC,2018-06-10,2018161,031539,EPSG:32649,399960.0,4190220.0,509760.0,4300020.0,True
/home/ec2-user/ndvi_sqs_work/shaanxi/raw/HLS-VI.S30.T49SDS.2018161T031539.v2.0.NDVI.tif,HLS-VI.S30.T49SDS.2018161T031539.v2.0.NDVI.tif,S30,T49SDS,2018-06-10,2018161,031539,EPSG:32649,399960.0,3590220.0,509760.0,3700020.0,True
/home/ec2-user/ndvi_sqs_work/shaanxi/raw/HLS-VI.S30.T49SDU.2018161T031539.v2.0.NDVI.tif,HLS-VI.S30.T49SDU.2018161T031539.v2.0.NDVI.tif,S30,T49SDU,2018-06-10,2018161,031539,EPSG:32649,399960.0,3790200.0,509760.0,3900000.0,True
/home/ec2-user/ndvi_sqs_work/shaanxi/raw/HLS-VI.S30.T49SDV.2018161T031539.v2.0.NDVI.tif,HLS-VI.S30.T49SDV.2018161T031539.v2.0.NDVI.tif,S30,T49SDV,2018-06-10,2018161,031539,EPSG:32649,399960.0,3890220.0,509760.0,4000020.0,True
/home/ec2-user/ndvi_sqs_work/shaanxi/raw/HLS-VI.S30.T49SES.2018161T031539.v2.0.NDVI.tif,HLS-VI.S30.T49SES.2018161T031539.v2.0.NDVI.tif,S30,T49SES,2018-06-10,2018161,031539,EPSG:32649,499980.0,3590220.0,609780.0,3700020.0,True
/home/ec2-user/ndvi_sqs_work/shaanxi/raw/HLS-VI.S30.T49SET.2018161T031539.v2.0.NDVI.tif,HLS-VI.S30.T49SET.2018161T031539.v2.0.NDVI.tif,S30,T49SET,2018-06-10,2018161,031539,EPSG:32649,499980.0,3690240.0,609780.0,3800040.0,True
/home/ec2-user/ndvi_sqs_work/shaanxi/raw/HLS-VI.S30.T48SXG.2018162T033531.v2.0.NDVI.tif,HLS-VI.S30.T48SXG.2018162T033531.v2.0.NDVI.tif,S30,T48SXG,2018-06-11,2018162,033531,EPSG:32648,600000.0,4090200.0,709800.0,4200000.0,True
/home/ec2-user/ndvi_sqs_work/shaanxi/raw/HLS-VI.S30.T48SYD.2018162T033531.v2.0.NDVI.tif,HLS-VI.S30.T48SYD.2018162T033531.v2.0.NDVI.tif,S30,T48SYD,2018-06-11,2018162,033531,EPSG:32648,699960.0,3790200.0,809760.0,3900000.0,True
/home/ec2-user/ndvi_sqs_work/shaanxi/raw/HLS-VI.S30.T48SYE.2018162T033531.v2.0.NDVI.tif,HLS-VI.S30.T48SYE.2018162T033531.v2.0.NDVI.tif,S30,T48SYE,2018-06-11,2018162,033531,EPSG:32648,699960.0,3890220.0,809760.0,4000020.0,True
/home/ec2-user/ndvi_sqs_work/shaanxi/raw/HLS-VI.S30.T48SYF.2018162T033531.v2.0.NDVI.tif,HLS-VI.S30.T48SYF.2018162T033531.v2.0.NDVI.tif,S30,T48SYF,2018-06-11,2018162,033531,EPSG:32648,699960.0,3990240.0,809760.0,4100040.0,True
/home/ec2-user/ndvi_sqs_work/shaanxi/raw/HLS-VI.S30.T49SBA.2018162T033531.v2.0.NDVI.tif,HLS-VI.S30.T49SBA.2018162T033531.v2.0.NDVI.tif,S30,T49SBA,2018-06-11,2018162,033531,EPSG:32649,199980.0,3990240.0,309780.0,4100040.0,True
/home/ec2-user/ndvi_sqs_work/shaanxi/raw/HLS-VI.S30.T49SBV.2018162T033531.v2.0.NDVI.tif,HLS-VI.S30.T49SBV.2018162T033531.v2.0.NDVI.tif,S30,T49SBV,2018-06-11,2018162,033531,EPSG:32649,199980.0,3890220.0,309780.0,4000020.0,True
/home/ec2-user/ndvi_sqs_work/shaanxi/raw/HLS-VI.S30.T48SYE.2018164T032539.v2.0.NDVI.tif,HLS-VI.S30.T48SYE.2018164T032539.v2.0.NDVI.tif,S30,T48SYE,2018-06-13,2018164,032539,EPSG:32648,699960.0,3890220.0,809760.0,4000020.0,True
/home/ec2-user/ndvi_sqs_work/shaanxi/raw/HLS-VI.S30.T48SYF.2018164T032539.v2.0.NDVI.tif,HLS-VI.S30.T48SYF.2018164T032539.v2.0.NDVI.tif,S30,T48SYF,2018-06-13,2018164,032539,EPSG:32648,699960.0,3990240.0,809760.0,4100040.0,True
/home/ec2-user/ndvi_sqs_work/shaanxi/raw/HLS-VI.S30.T48SYG.2018164T032539.v2.0.NDVI.tif,HLS-VI.S30.T48SYG.2018164T032539.v2.0.NDVI.tif,S30,T48SYG,2018-06-13,2018164,032539,EPSG:32648,699960.0,4090200.0,809760.0,4200000.0,True
/home/ec2-user/ndvi_sqs_work/shaanxi/raw/HLS-VI.S30.T48SYH.2018164T032539.v2.0.NDVI.tif,HLS-VI.S30.T48SYH.2018164T032539.v2.0.NDVI.tif,S30,T48SYH,2018-06-13,2018164,032539,EPSG:32648,699960.0,4190220.0,809760.0,4300020.0,True
/home/ec2-user/ndvi_sqs_work/shaanxi/raw/HLS-VI.S30.T49SBA.2018164T032539.v2.0.NDVI.tif,HLS-VI.S30.T49SBA.2018164T032539.v2.0.NDVI.tif,S30,T49SBA,2018-06-13,2018164,032539,EPSG:32649,199980.0,3990240.0,309780.0,4100040.0,True
/home/ec2-user/ndvi_sqs_work/shaanxi/raw/HLS-VI.S30.T49SBB.2018164T032539.v2.0.NDVI.tif,HLS-VI.S30.T49SBB.2018164T032539.v2.0.NDVI.tif,S30,T49SBB,2018-06-13,2018164,032539,EPSG:32649,199980.0,4090200.0,309780.0,4200000.0,True
/home/ec2-user/ndvi_sqs_work/shaanxi/raw/HLS-VI.S30.T49SBC.2018164T032539.v2.0.NDVI.tif,HLS-VI.S30.T49SBC.2018164T032539.v2.0.NDVI.tif,S30,T49SBC,2018-06-13,2018164,032539,EPSG:32649,199980.0,4190220.0,309780.0,4300020.0,True
/home/ec2-user/ndvi_sqs_work/shaanxi/raw/HLS-VI.S30.T49SBV.2018164T032539.v2.0.NDVI.tif,HLS-VI.S30.T49SBV.2018164T032539.v2.0.NDVI.tif,S30,T49SBV,2018-06-13,2018164,032539,EPSG:32649,199980.0,3890220.0,309780.0,4000020.0,True
/home/ec2-user/ndvi_sqs_work/shaanxi/raw/HLS-VI.S30.T49SCA.2018164T032539.v2.0.NDVI.tif,HLS-VI.S30.T49SCA.2018164T032539.v2.0.NDVI.tif,S30,T49SCA,2018-06-13,2018164,032539,EPSG:32649,300000.0,3990240.0,409800.0,4100040.0,True
/home/ec2-user/ndvi_sqs_work/shaanxi/raw/HLS-VI.S30.T49SCB.2018164T032539.v2.0.NDVI.tif,HLS-VI.S30.T49SCB.2018164T032539.v2.0.NDVI.tif,S30,T49SCB,2018-06-13,2018164,032539,EPSG:32649,300000.0,4090200.0,409800.0,4200000.0,True
/home/ec2-user/ndvi_sqs_work/shaanxi/raw/HLS-VI.S30.T49SCC.2018164T032539.v2.0.NDVI.tif,HLS-VI.S30.T49SCC.2018164T032539.v2.0.NDVI.tif,S30,T49SCC,2018-06-13,2018164,032539,EPSG:32649,300000.0,4190220.0,409800.0,4300020.0,True
/home/ec2-user/ndvi_sqs_work/shaanxi/raw/HLS-VI.S30.T49SCD.2018164T032539.v2.0.NDVI.tif,HLS-VI.S30.T49SCD.2018164T032539.v2.0.NDVI.tif,S30,T49SCD,2018-06-13,2018164,032539,EPSG:32649,300000.0,4290240.0,409800.0,4400040.0,True
/home/ec2-user/ndvi_sqs_work/shaanxi/raw/HLS-VI.S30.T49SCV.2018164T032539.v2.0.NDVI.tif,HLS-VI.S30.T49SCV.2018164T032539.v2.0.NDVI.tif,S30,T49SCV,2018-06-13,2018164,032539,EPSG:32649,300000.0,3890220.0,409800.0,4000020.0,True
/home/ec2-user/ndvi_sqs_work/shaanxi/raw/HLS-VI.S30.T49SDA.2018164T032539.v2.0.NDVI.tif,HLS-VI.S30.T49SDA.2018164T032539.v2.0.NDVI.tif,S30,T49SDA,2018-06-13,2018164,032539,EPSG:32649,399960.0,3990240.0,509760.0,4100040.0,True
/home/ec2-user/ndvi_sqs_work/shaanxi/raw/HLS-VI.S30.T49SDC.2018164T032539.v2.0.NDVI.tif,HLS-VI.S30.T49SDC.2018164T032539.v2.0.NDVI.tif,S30,T49SDC,2018-06-13,2018164,032539,EPSG:32649,399960.0,4190220.0,509760.0,4300020.0,True
/home/ec2-user/ndvi_sqs_work/shaanxi/raw/HLS-VI.S30.T49SDD.2018164T032539.v2.0.NDVI.tif,HLS-VI.S30.T49SDD.2018164T032539.v2.0.NDVI.tif,S30,T49SDD,2018-06-13,2018164,032539,EPSG:32649,399960.0,4290240.0,509760.0,4400040.0,True
/home/ec2-user/ndvi_sqs_work/shaanxi/raw/HLS-VI.S30.T49SDV.2018164T032539.v2.0.NDVI.tif,HLS-VI.S30.T49SDV.2018164T032539.v2.0.NDVI.tif,S30,T49SDV,2018-06-13,2018164,032539,EPSG:32649,399960.0,3890220.0,509760.0,4000020.0,True
/home/ec2-user/ndvi_sqs_work/shaanxi/raw/HLS-VI.S30.T49SEC.2018164T032539.v2.0.NDVI.tif,HLS-VI.S30.T49SEC.2018164T032539.v2.0.NDVI.tif,S30,T49SEC,2018-06-13,2018164,032539,EPSG:32649,499980.0,4190220.0,609780.0,4300020.0,True
/home/ec2-user/ndvi_sqs_work/shaanxi/raw/HLS-VI.S30.T48SYH.2018174T032539.v2.0.NDVI.tif,HLS-VI.S30.T48SYH.2018174T032539.v2.0.NDVI.tif,S30,T48SYH,2018-06-23,2018174,032539,EPSG:32648,699960.0,4190220.0,809760.0,4300020.0,True
/home/ec2-user/ndvi_sqs_work/shaanxi/raw/HLS-VI.S30.T49SBC.2018174T032539.v2.0.NDVI.tif,HLS-VI.S30.T49SBC.2018174T032539.v2.0.NDVI.tif,S30,T49SBC,2018-06-23,2018174,032539,EPSG:32649,199980.0,4190220.0,309780.0,4300020.0,True
/home/ec2-user/ndvi_sqs_work/shaanxi/raw/HLS-VI.S30.T49SCC.2018174T032539.v2.0.NDVI.tif,HLS-VI.S30.T49SCC.2018174T032539.v2.0.NDVI.tif,S30,T49SCC,2018-06-23,2018174,032539,EPSG:32649,300000.0,4190220.0,409800.0,4300020.0,True
/home/ec2-user/ndvi_sqs_work/shaanxi/raw/HLS-VI.S30.T49SDB.2018174T032539.v2.0.NDVI.tif,HLS-VI.S30.T49SDB.2018174T032539.v2.0.NDVI.tif,S30,T49SDB,2018-06-23,2018174,032539,EPSG:32649,399960.0,4090200.0,509760.0,4200000.0,True
/home/ec2-user/ndvi_sqs_work/shaanxi/raw/HLS-VI.S30.T49SED.2018174T032539.v2.0.NDVI.tif,HLS-VI.S30.T49SED.2018174T032539.v2.0.NDVI.tif,S30,T49SED,2018-06-23,2018174,032539,EPSG:32649,499980.0,4290240.0,609780.0,4400040.0,True
/home/ec2-user/ndvi_sqs_work/shaanxi/raw/HLS-VI.S30.T48SYD.2018179T032541.v2.0.NDVI.tif,HLS-VI.S30.T48SYD.2018179T032541.v2.0.NDVI.tif,S30,T48SYD,2018-06-28,2018179,032541,EPSG:32648,699960.0,3790200.0,809760.0,3900000.0,True
/home/ec2-user/ndvi_sqs_work/shaanxi/raw/HLS-VI.S30.T48SYF.2018179T032541.v2.0.NDVI.tif,HLS-VI.S30.T48SYF.2018179T032541.v2.0.NDVI.tif,S30,T48SYF,2018-06-28,2018179,032541,EPSG:32648,699960.0,3990240.0,809760.0,4100040.0,True
/home/ec2-user/ndvi_sqs_work/shaanxi/raw/HLS-VI.S30.T48SYG.2018179T032541.v2.0.NDVI.tif,HLS-VI.S30.T48SYG.2018179T032541.v2.0.NDVI.tif,S30,T48SYG,2018-06-28,2018179,032541,EPSG:32648,699960.0,4090200.0,809760.0,4200000.0,True
/home/ec2-user/ndvi_sqs_work/shaanxi/raw/HLS-VI.S30.T48SYH.2018179T032541.v2.0.NDVI.tif,HLS-VI.S30.T48SYH.2018179T032541.v2.0.NDVI.tif,S30,T48SYH,2018-06-28,2018179,032541,EPSG:32648,699960.0,4190220.0,809760.0,4300020.0,True
/home/ec2-user/ndvi_sqs_work/shaanxi/raw/HLS-VI.S30.T49SBA.2018179T032541.v2.0.NDVI.tif,HLS-VI.S30.T49SBA.2018179T032541.v2.0.NDVI.tif,S30,T49SBA,2018-06-28,2018179,032541,EPSG:32649,199980.0,3990240.0,309780.0,4100040.0,True
/home/ec2-user/ndvi_sqs_work/shaanxi/raw/HLS-VI.S30.T49SBB.2018179T032541.v2.0.NDVI.tif,HLS-VI.S30.T49SBB.2018179T032541.v2.0.NDVI.tif,S30,T49SBB,2018-06-28,2018179,032541,EPSG:32649,199980.0,4090200.0,309780.0,4200000.0,True
/home/ec2-user/ndvi_sqs_work/shaanxi/raw/HLS-VI.S30.T49SBC.2018179T032541.v2.0.NDVI.tif,HLS-VI.S30.T49SBC.2018179T032541.v2.0.NDVI.tif,S30,T49SBC,2018-06-28,2018179,032541,EPSG:32649,199980.0,4190220.0,309780.0,4300020.0,True
/home/ec2-user/ndvi_sqs_work/shaanxi/raw/HLS-VI.S30.T49SBU.2018179T032541.v2.0.NDVI.tif,HLS-VI.S30.T49SBU.2018179T032541.v2.0.NDVI.tif,S30,T49SBU,2018-06-28,2018179,032541,EPSG:32649,199980.0,3790200.0,309780.0,3900000.0,True
/home/ec2-user/ndvi_sqs_work/shaanxi/raw/HLS-VI.S30.T49SCA.2018179T032541.v2.0.NDVI.tif,HLS-VI.S30.T49SCA.2018179T032541.v2.0.NDVI.tif,S30,T49SCA,2018-06-28,2018179,032541,EPSG:32649,300000.0,3990240.0,409800.0,4100040.0,True
/home/ec2-user/ndvi_sqs_work/shaanxi/raw/HLS-VI.S30.T49SCB.2018179T032541.v2.0.NDVI.tif,HLS-VI.S30.T49SCB.2018179T032541.v2.0.NDVI.tif,S30,T49SCB,2018-06-28,2018179,032541,EPSG:32649,300000.0,4090200.0,409800.0,4200000.0,True
/home/ec2-user/ndvi_sqs_work/shaanxi/raw/HLS-VI.S30.T49SCC.2018179T032541.v2.0.NDVI.tif,HLS-VI.S30.T49SCC.2018179T032541.v2.0.NDVI.tif,S30,T49SCC,2018-06-28,2018179,032541,EPSG:32649,300000.0,4190220.0,409800.0,4300020.0,True
/home/ec2-user/ndvi_sqs_work/shaanxi/raw/HLS-VI.S30.T49SCD.2018179T032541.v2.0.NDVI.tif,HLS-VI.S30.T49SCD.2018179T032541.v2.0.NDVI.tif,S30,T49SCD,2018-06-28,2018179,032541,EPSG:32649,300000.0,4290240.0,409800.0,4400040.0,True
/home/ec2-user/ndvi_sqs_work/shaanxi/raw/HLS-VI.S30.T49SDA.2018179T032541.v2.0.NDVI.tif,HLS-VI.S30.T49SDA.2018179T032541.v2.0.NDVI.tif,S30,T49SDA,2018-06-28,2018179,032541,EPSG:32649,399960.0,3990240.0,509760.0,4100040.0,True
/home/ec2-user/ndvi_sqs_work/shaanxi/raw/HLS-VI.S30.T49SDT.2018179T032541.v2.0.NDVI.tif,HLS-VI.S30.T49SDT.2018179T032541.v2.0.NDVI.tif,S30,T49SDT,2018-06-28,2018179,032541,EPSG:32649,399960.0,3690240.0,509760.0,3800040.0,True
/home/ec2-user/ndvi_sqs_work/shaanxi/raw/HLS-VI.S30.T49SDV.2018179T032541.v2.0.NDVI.tif,HLS-VI.S30.T49SDV.2018179T032541.v2.0.NDVI.tif,S30,T49SDV,2018-06-28,2018179,032541,EPSG:32649,399960.0,3890220.0,509760.0,4000020.0,True
/home/ec2-user/ndvi_sqs_work/shaanxi/raw/HLS-VI.S30.T49SDD.2018181T031539.v2.0.NDVI.tif,HLS-VI.S30.T49SDD.2018181T031539.v2.0.NDVI.tif,S30,T49SDD,2018-06-30,2018181,031539,EPSG:32649,399960.0,4290240.0,509760.0,4400040.0,True
/home/ec2-user/ndvi_sqs_work/shaanxi/raw/HLS-VI.S30.T49SDB.2018186T031541.v2.0.NDVI.tif,HLS-VI.S30.T49SDB.2018186T031541.v2.0.NDVI.tif,S30,T49SDB,2018-07-05,2018186,031541,EPSG:32649,399960.0,4090200.0,509760.0,4200000.0,True
/home/ec2-user/ndvi_sqs_work/shaanxi/raw/HLS-VI.S30.T49SDC.2018186T031541.v2.0.NDVI.tif,HLS-VI.S30.T49SDC.2018186T031541.v2.0.NDVI.tif,S30,T49SDC,2018-07-05,2018186,031541,EPSG:32649,399960.0,4190220.0,509760.0,4300020.0,True
/home/ec2-user/ndvi_sqs_work/shaanxi/raw/HLS-VI.S30.T49SDD.2018186T031541.v2.0.NDVI.tif,HLS-VI.S30.T49SDD.2018186T031541.v2.0.NDVI.tif,S30,T49SDD,2018-07-05,2018186,031541,EPSG:32649,399960.0,4290240.0,509760.0,4400040.0,True
/home/ec2-user/ndvi_sqs_work/shaanxi/raw/HLS-VI.S30.T49SCU.2018199T032711.v2.0.NDVI.tif,HLS-VI.S30.T49SCU.2018199T032711.v2.0.NDVI.tif,S30,T49SCU,2018-07-18,2018199,032711,EPSG:32649,300000.0,3790200.0,409800.0,3900000.0,True
/home/ec2-user/ndvi_sqs_work/shaanxi/raw/HLS-VI.S30.T49SCV.2018201T031539.v2.0.NDVI.tif,HLS-VI.S30.T49SCV.2018201T031539.v2.0.NDVI.tif,S30,T49SCV,2018-07-20,2018201,031539,EPSG:32649,300000.0,3890220.0,409800.0,4000020.0,True
/home/ec2-user/ndvi_sqs_work/shaanxi/raw/HLS-VI.S30.T49SDA.2018201T031539.v2.0.NDVI.tif,HLS-VI.S30.T49SDA.2018201T031539.v2.0.NDVI.tif,S30,T49SDA,2018-07-20,2018201,031539,EPSG:32649,399960.0,3990240.0,509760.0,4100040.0,True
/home/ec2-user/ndvi_sqs_work/shaanxi/raw/HLS-VI.S30.T49SDB.2018201T031539.v2.0.NDVI.tif,HLS-VI.S30.T49SDB.2018201T031539.v2.0.NDVI.tif,S30,T49SDB,2018-07-20,2018201,031539,EPSG:32649,399960.0,4090200.0,509760.0,4200000.0,True
/home/ec2-user/ndvi_sqs_work/shaanxi/raw/HLS-VI.S30.T49SDC.2018201T031539.v2.0.NDVI.tif,HLS-VI.S30.T49SDC.2018201T031539.v2.0.NDVI.tif,S30,T49SDC,2018-07-20,2018201,031539,EPSG:32649,399960.0,4190220.0,509760.0,4300020.0,True
/home/ec2-user/ndvi_sqs_work/shaanxi/raw/HLS-VI.S30.T49SDV.2018201T031539.v2.0.NDVI.tif,HLS-VI.S30.T49SDV.2018201T031539.v2.0.NDVI.tif,S30,T49SDV,2018-07-20,2018201,031539,EPSG:32649,399960.0,3890220.0,509760.0,4000020.0,True
/home/ec2-user/ndvi_sqs_work/shaanxi/raw/HLS-VI.S30.T49SDD.2018211T031539.v2.0.NDVI.tif,HLS-VI.S30.T49SDD.2018211T031539.v2.0.NDVI.tif,S30,T49SDD,2018-07-30,2018211,031539,EPSG:32649,399960.0,4290240.0,509760.0,4400040.0,True
/home/ec2-user/ndvi_sqs_work/shaanxi/raw/HLS-VI.S30.T48SYH.2018217T033529.v2.0.NDVI.tif,HLS-VI.S30.T48SYH.2018217T033529.v2.0.NDVI.tif,S30,T48SYH,2018-08-05,2018217,033529,EPSG:32648,699960.0,4190220.0,809760.0,4300020.0,True
/home/ec2-user/ndvi_sqs_work/shaanxi/raw/HLS-VI.S30.T48SYH.2018234T032529.v2.0.NDVI.tif,HLS-VI.S30.T48SYH.2018234T032529.v2.0.NDVI.tif,S30,T48SYH,2018-08-22,2018234,032529,EPSG:32648,699960.0,4190220.0,809760.0,4300020.0,True
/home/ec2-user/ndvi_sqs_work/shaanxi/raw/HLS-VI.S30.T49SCC.2018234T032529.v2.0.NDVI.tif,HLS-VI.S30.T49SCC.2018234T032529.v2.0.NDVI.tif,S30,T49SCC,2018-08-22,2018234,032529,EPSG:32649,300000.0,4190220.0,409800.0,4300020.0,True
/home/ec2-user/ndvi_sqs_work/shaanxi/raw/HLS-VI.S30.T48SYA.2018239T032541.v2.0.NDVI.tif,HLS-VI.S30.T48SYA.2018239T032541.v2.0.NDVI.tif,S30,T48SYA,2018-08-27,2018239,032541,EPSG:32648,699960.0,3490200.0,809760.0,3600000.0,True
/home/ec2-user/ndvi_sqs_work/shaanxi/raw/HLS-VI.S30.T48SYB.2018239T032541.v2.0.NDVI.tif,HLS-VI.S30.T48SYB.2018239T032541.v2.0.NDVI.tif,S30,T48SYB,2018-08-27,2018239,032541,EPSG:32648,699960.0,3590220.0,809760.0,3700020.0,True
/home/ec2-user/ndvi_sqs_work/shaanxi/raw/HLS-VI.S30.T49SBS.2018239T032541.v2.0.NDVI.tif,HLS-VI.S30.T49SBS.2018239T032541.v2.0.NDVI.tif,S30,T49SBS,2018-08-27,2018239,032541,EPSG:32649,199980.0,3590220.0,309780.0,3700020.0,True
/home/ec2-user/ndvi_sqs_work/shaanxi/raw/HLS-VI.S30.T49SDA.2018239T032541.v2.0.NDVI.tif,HLS-VI.S30.T49SDA.2018239T032541.v2.0.NDVI.tif,S30,T49SDA,2018-08-27,2018239,032541,EPSG:32649,399960.0,3990240.0,509760.0,4100040.0,True
/home/ec2-user/ndvi_sqs_work/shaanxi/raw/HLS-VI.S30.T49SDV.2018239T032541.v2.0.NDVI.tif,HLS-VI.S30.T49SDV.2018239T032541.v2.0.NDVI.tif,S30,T49SDV,2018-08-27,2018239,032541,EPSG:32649,399960.0,3890220.0,509760.0,4000020.0,True
/home/ec2-user/ndvi_sqs_work/shaanxi/raw/HLS-VI.S30.T49SCR.2018241T031529.v2.0.NDVI.tif,HLS-VI.S30.T49SCR.2018241T031529.v2.0.NDVI.tif,S30,T49SCR,2018-08-29,2018241,031529,EPSG:32649,300000.0,3490200.0,409800.0,3600000.0,True
/home/ec2-user/ndvi_sqs_work/shaanxi/raw/HLS-VI.S30.T49SCV.2018241T031529.v2.0.NDVI.tif,HLS-VI.S30.T49SCV.2018241T031529.v2.0.NDVI.tif,S30,T49SCV,2018-08-29,2018241,031529,EPSG:32649,300000.0,3890220.0,409800.0,4000020.0,True
/home/ec2-user/ndvi_sqs_work/shaanxi/raw/HLS-VI.S30.T49SDC.2018241T031529.v2.0.NDVI.tif,HLS-VI.S30.T49SDC.2018241T031529.v2.0.NDVI.tif,S30,T49SDC,2018-08-29,2018241,031529,EPSG:32649,399960.0,4190220.0,509760.0,4300020.0,True
/home/ec2-user/ndvi_sqs_work/shaanxi/raw/HLS-VI.S30.T49SDD.2018241T031529.v2.0.NDVI.tif,HLS-VI.S30.T49SDD.2018241T031529.v2.0.NDVI.tif,S30,T49SDD,2018-08-29,2018241,031529,EPSG:32649,399960.0,4290240.0,509760.0,4400040.0,True
/home/ec2-user/ndvi_sqs_work/shaanxi/raw/HLS-VI.S30.T49SDU.2018241T031529.v2.0.NDVI.tif,HLS-VI.S30.T49SDU.2018241T031529.v2.0.NDVI.tif,S30,T49SDU,2018-08-29,2018241,031529,EPSG:32649,399960.0,3790200.0,509760.0,3900000.0,True
/home/ec2-user/ndvi_sqs_work/shaanxi/raw/HLS-VI.S30.T49SCU.2018246T031541.v2.0.NDVI.tif,HLS-VI.S30.T49SCU.2018246T031541.v2.0.NDVI.tif,S30,T49SCU,2018-09-03,2018246,031541,EPSG:32649,300000.0,3790200.0,409800.0,3900000.0,True
/home/ec2-user/ndvi_sqs_work/shaanxi/raw/HLS-VI.S30.T49SCV.2018246T031541.v2.0.NDVI.tif,HLS-VI.S30.T49SCV.2018246T031541.v2.0.NDVI.tif,S30,T49SCV,2018-09-03,2018246,031541,EPSG:32649,300000.0,3890220.0,409800.0,4000020.0,True
/home/ec2-user/ndvi_sqs_work/shaanxi/raw/HLS-VI.S30.T49SDA.2018246T031541.v2.0.NDVI.tif,HLS-VI.S30.T49SDA.2018246T031541.v2.0.NDVI.tif,S30,T49SDA,2018-09-03,2018246,031541,EPSG:32649,399960.0,3990240.0,509760.0,4100040.0,True
/home/ec2-user/ndvi_sqs_work/shaanxi/raw/HLS-VI.S30.T49SDB.2018246T031541.v2.0.NDVI.tif,HLS-VI.S30.T49SDB.2018246T031541.v2.0.NDVI.tif,S30,T49SDB,2018-09-03,2018246,031541,EPSG:32649,399960.0,4090200.0,509760.0,4200000.0,True
/home/ec2-user/ndvi_sqs_work/shaanxi/raw/HLS-VI.S30.T49SDC.2018246T031541.v2.0.NDVI.tif,HLS-VI.S30.T49SDC.2018246T031541.v2.0.NDVI.tif,S30,T49SDC,2018-09-03,2018246,031541,EPSG:32649,399960.0,4190220.0,509760.0,4300020.0,True
/home/ec2-user/ndvi_sqs_work/shaanxi/raw/HLS-VI.S30.T49SDU.2018246T031541.v2.0.NDVI.tif,HLS-VI.S30.T49SDU.2018246T031541.v2.0.NDVI.tif,S30,T49SDU,2018-09-03,2018246,031541,EPSG:32649,399960.0,3790200.0,509760.0,3900000.0,True
/home/ec2-user/ndvi_sqs_work/shaanxi/raw/HLS-VI.S30.T49SDV.2018246T031541.v2.0.NDVI.tif,HLS-VI.S30.T49SDV.2018246T031541.v2.0.NDVI.tif,S30,T49SDV,2018-09-03,2018246,031541,EPSG:32649,399960.0,3890220.0,509760.0,4000020.0,True
/home/ec2-user/ndvi_sqs_work/shaanxi/raw/HLS-VI.S30.T49SEC.2018246T031541.v2.0.NDVI.tif,HLS-VI.S30.T49SEC.2018246T031541.v2.0.NDVI.tif,S30,T49SEC,2018-09-03,2018246,031541,EPSG:32649,499980.0,4190220.0,609780.0,4300020.0,True
/home/ec2-user/ndvi_sqs_work/shaanxi/raw/HLS-VI.S30.T48SYG.2018249T032531.v2.0.NDVI.tif,HLS-VI.S30.T48SYG.2018249T032531.v2.0.NDVI.tif,S30,T48SYG,2018-09-06,2018249,032531,EPSG:32648,699960.0,4090200.0,809760.0,4200000.0,True
/home/ec2-user/ndvi_sqs_work/shaanxi/raw/HLS-VI.S30.T48SYH.2018249T032531.v2.0.NDVI.tif,HLS-VI.S30.T48SYH.2018249T032531.v2.0.NDVI.tif,S30,T48SYH,2018-09-06,2018249,032531,EPSG:32648,699960.0,4190220.0,809760.0,4300020.0,True
/home/ec2-user/ndvi_sqs_work/shaanxi/raw/HLS-VI.S30.T49SBB.2018249T032531.v2.0.NDVI.tif,HLS-VI.S30.T49SBB.2018249T032531.v2.0.NDVI.tif,S30,T49SBB,2018-09-06,2018249,032531,EPSG:32649,199980.0,4090200.0,309780.0,4200000.0,True
/home/ec2-user/ndvi_sqs_work/shaanxi/raw/HLS-VI.S30.T49SBC.2018249T032531.v2.0.NDVI.tif,HLS-VI.S30.T49SBC.2018249T032531.v2.0.NDVI.tif,S30,T49SBC,2018-09-06,2018249,032531,EPSG:32649,199980.0,4190220.0,309780.0,4300020.0,True
/home/ec2-user/ndvi_sqs_work/shaanxi/raw/HLS-VI.S30.T49SCA.2018249T032531.v2.0.NDVI.tif,HLS-VI.S30.T49SCA.2018249T032531.v2.0.NDVI.tif,S30,T49SCA,2018-09-06,2018249,032531,EPSG:32649,300000.0,3990240.0,409800.0,4100040.0,True
/home/ec2-user/ndvi_sqs_work/shaanxi/raw/HLS-VI.S30.T49SCB.2018249T032531.v2.0.NDVI.tif,HLS-VI.S30.T49SCB.2018249T032531.v2.0.NDVI.tif,S30,T49SCB,2018-09-06,2018249,032531,EPSG:32649,300000.0,4090200.0,409800.0,4200000.0,True
/home/ec2-user/ndvi_sqs_work/shaanxi/raw/HLS-VI.S30.T49SCC.2018249T032531.v2.0.NDVI.tif,HLS-VI.S30.T49SCC.2018249T032531.v2.0.NDVI.tif,S30,T49SCC,2018-09-06,2018249,032531,EPSG:32649,300000.0,4190220.0,409800.0,4300020.0,True
/home/ec2-user/ndvi_sqs_work/shaanxi/raw/HLS-VI.S30.T49SDA.2018249T032531.v2.0.NDVI.tif,HLS-VI.S30.T49SDA.2018249T032531.v2.0.NDVI.tif,S30,T49SDA,2018-09-06,2018249,032531,EPSG:32649,399960.0,3990240.0,509760.0,4100040.0,True
/home/ec2-user/ndvi_sqs_work/shaanxi/raw/HLS-VI.S30.T49SDB.2018249T032531.v2.0.NDVI.tif,HLS-VI.S30.T49SDB.2018249T032531.v2.0.NDVI.tif,S30,T49SDB,2018-09-06,2018249,032531,EPSG:32649,399960.0,4090200.0,509760.0,4200000.0,True
/home/ec2-user/ndvi_sqs_work/shaanxi/raw/HLS-VI.S30.T49SCR.2018251T031529.v2.0.NDVI.tif,HLS-VI.S30.T49SCR.2018251T031529.v2.0.NDVI.tif,S30,T49SCR,2018-09-08,2018251,031529,EPSG:32649,300000.0,3490200.0,409800.0,3600000.0,True
/home/ec2-user/ndvi_sqs_work/shaanxi/raw/HLS-VI.S30.T49SCS.2018251T031529.v2.0.NDVI.tif,HLS-VI.S30.T49SCS.2018251T031529.v2.0.NDVI.tif,S30,T49SCS,2018-09-08,2018251,031529,EPSG:32649,300000.0,3590220.0,409800.0,3700020.0,True
/home/ec2-user/ndvi_sqs_work/shaanxi/raw/HLS-VI.S30.T49SCT.2018251T031529.v2.0.NDVI.tif,HLS-VI.S30.T49SCT.2018251T031529.v2.0.NDVI.tif,S30,T49SCT,2018-09-08,2018251,031529,EPSG:32649,300000.0,3690240.0,409800.0,3800040.0,True
/home/ec2-user/ndvi_sqs_work/shaanxi/raw/HLS-VI.S30.T49SCU.2018251T031529.v2.0.NDVI.tif,HLS-VI.S30.T49SCU.2018251T031529.v2.0.NDVI.tif,S30,T49SCU,2018-09-08,2018251,031529,EPSG:32649,300000.0,3790200.0,409800.0,3900000.0,True
/home/ec2-user/ndvi_sqs_work/shaanxi/raw/HLS-VI.S30.T49SCV.2018251T031529.v2.0.NDVI.tif,HLS-VI.S30.T49SCV.2018251T031529.v2.0.NDVI.tif,S30,T49SCV,2018-09-08,2018251,031529,EPSG:32649,300000.0,3890220.0,409800.0,4000020.0,True
/home/ec2-user/ndvi_sqs_work/shaanxi/raw/HLS-VI.S30.T49SDD.2018251T031529.v2.0.NDVI.tif,HLS-VI.S30.T49SDD.2018251T031529.v2.0.NDVI.tif,S30,T49SDD,2018-09-08,2018251,031529,EPSG:32649,399960.0,4290240.0,509760.0,4400040.0,True
/home/ec2-user/ndvi_sqs_work/shaanxi/raw/HLS-VI.S30.T49SDT.2018251T031529.v2.0.NDVI.tif,HLS-VI.S30.T49SDT.2018251T031529.v2.0.NDVI.tif,S30,T49SDT,2018-09-08,2018251,031529,EPSG:32649,399960.0,3690240.0,509760.0,3800040.0,True
/home/ec2-user/ndvi_sqs_work/shaanxi/raw/HLS-VI.S30.T49SDU.2018251T031529.v2.0.NDVI.tif,HLS-VI.S30.T49SDU.2018251T031529.v2.0.NDVI.tif,S30,T49SDU,2018-09-08,2018251,031529,EPSG:32649,399960.0,3790200.0,509760.0,3900000.0,True
/home/ec2-user/ndvi_sqs_work/shaanxi/raw/HLS-VI.S30.T48SXD.2018254T032529.v2.0.NDVI.tif,HLS-VI.S30.T48SXD.2018254T032529.v2.0.NDVI.tif,S30,T48SXD,2018-09-11,2018254,032529,EPSG:32648,600000.0,3790200.0,709800.0,3900000.0,True
/home/ec2-user/ndvi_sqs_work/shaanxi/raw/HLS-VI.S30.T48SXC.2018264T032529.v2.0.NDVI.tif,HLS-VI.S30.T48SXC.2018264T032529.v2.0.NDVI.tif,S30,T48SXC,2018-09-21,2018264,032529,EPSG:32648,600000.0,3690240.0,709800.0,3800040.0,True
/home/ec2-user/ndvi_sqs_work/shaanxi/raw/HLS-VI.S30.T48SXD.2018264T032529.v2.0.NDVI.tif,HLS-VI.S30.T48SXD.2018264T032529.v2.0.NDVI.tif,S30,T48SXD,2018-09-21,2018264,032529,EPSG:32648,600000.0,3790200.0,709800.0,3900000.0,True
/home/ec2-user/ndvi_sqs_work/shaanxi/raw/HLS-VI.S30.T48SYC.2018264T032529.v2.0.NDVI.tif,HLS-VI.S30.T48SYC.2018264T032529.v2.0.NDVI.tif,S30,T48SYC,2018-09-21,2018264,032529,EPSG:32648,699960.0,3690240.0,809760.0,3800040.0,True
/home/ec2-user/ndvi_sqs_work/shaanxi/raw/HLS-VI.S30.T48SYH.2018264T032529.v2.0.NDVI.tif,HLS-VI.S30.T48SYH.2018264T032529.v2.0.NDVI.tif,S30,T48SYH,2018-09-21,2018264,032529,EPSG:32648,699960.0,4190220.0,809760.0,4300020.0,True
/home/ec2-user/ndvi_sqs_work/shaanxi/raw/HLS-VI.S30.T49SBC.2018264T032529.v2.0.NDVI.tif,HLS-VI.S30.T49SBC.2018264T032529.v2.0.NDVI.tif,S30,T49SBC,2018-09-21,2018264,032529,EPSG:32649,199980.0,4190220.0,309780.0,4300020.0,True
/home/ec2-user/ndvi_sqs_work/shaanxi/raw/HLS-VI.S30.T49SBT.2018264T032529.v2.0.NDVI.tif,HLS-VI.S30.T49SBT.2018264T032529.v2.0.NDVI.tif,S30,T49SBT,2018-09-21,2018264,032529,EPSG:32649,199980.0,3690240.0,309780.0,3800040.0,True
/home/ec2-user/ndvi_sqs_work/shaanxi/raw/HLS-VI.S30.T49SCC.2018264T032529.v2.0.NDVI.tif,HLS-VI.S30.T49SCC.2018264T032529.v2.0.NDVI.tif,S30,T49SCC,2018-09-21,2018264,032529,EPSG:32649,300000.0,4190220.0,409800.0,4300020.0,True
/home/ec2-user/ndvi_sqs_work/shaanxi/raw/HLS-VI.S30.T49SCD.2018264T032529.v2.0.NDVI.tif,HLS-VI.S30.T49SCD.2018264T032529.v2.0.NDVI.tif,S30,T49SCD,2018-09-21,2018264,032529,EPSG:32649,300000.0,4290240.0,409800.0,4400040.0,True
/home/ec2-user/ndvi_sqs_work/shaanxi/raw/HLS-VI.S30.T49SCT.2018264T032529.v2.0.NDVI.tif,HLS-VI.S30.T49SCT.2018264T032529.v2.0.NDVI.tif,S30,T49SCT,2018-09-21,2018264,032529,EPSG:32649,300000.0,3690240.0,409800.0,3800040.0,True
/home/ec2-user/ndvi_sqs_work/shaanxi/raw/HLS-VI.S30.T49SCU.2018264T032529.v2.0.NDVI.tif,HLS-VI.S30.T49SCU.2018264T032529.v2.0.NDVI.tif,S30,T49SCU,2018-09-21,2018264,032529,EPSG:32649,300000.0,3790200.0,409800.0,3900000.0,True
/home/ec2-user/ndvi_sqs_work/shaanxi/raw/HLS-VI.S30.T49SDB.2018264T032529.v2.0.NDVI.tif,HLS-VI.S30.T49SDB.2018264T032529.v2.0.NDVI.tif,S30,T49SDB,2018-09-21,2018264,032529,EPSG:32649,399960.0,4090200.0,509760.0,4200000.0,True
/home/ec2-user/ndvi_sqs_work/shaanxi/raw/HLS-VI.S30.T49SDC.2018264T032529.v2.0.NDVI.tif,HLS-VI.S30.T49SDC.2018264T032529.v2.0.NDVI.tif,S30,T49SDC,2018-09-21,2018264,032529,EPSG:32649,399960.0,4190220.0,509760.0,4300020.0,True
/home/ec2-user/ndvi_sqs_work/shaanxi/raw/HLS-VI.S30.T49SDD.2018264T032529.v2.0.NDVI.tif,HLS-VI.S30.T49SDD.2018264T032529.v2.0.NDVI.tif,S30,T49SDD,2018-09-21,2018264,032529,EPSG:32649,399960.0,4290240.0,509760.0,4400040.0,True
/home/ec2-user/ndvi_sqs_work/shaanxi/raw/HLS-VI.S30.T49SDS.2018264T032529.v2.0.NDVI.tif,HLS-VI.S30.T49SDS.2018264T032529.v2.0.NDVI.tif,S30,T49SDS,2018-09-21,2018264,032529,EPSG:32649,399960.0,3590220.0,509760.0,3700020.0,True
/home/ec2-user/ndvi_sqs_work/shaanxi/raw/HLS-VI.S30.T49SDT.2018264T032529.v2.0.NDVI.tif,HLS-VI.S30.T49SDT.2018264T032529.v2.0.NDVI.tif,S30,T49SDT,2018-09-21,2018264,032529,EPSG:32649,399960.0,3690240.0,509760.0,3800040.0,True
/home/ec2-user/ndvi_sqs_work/shaanxi/raw/HLS-VI.S30.T49SEC.2018264T032529.v2.0.NDVI.tif,HLS-VI.S30.T49SEC.2018264T032529.v2.0.NDVI.tif,S30,T49SEC,2018-09-21,2018264,032529,EPSG:32649,499980.0,4190220.0,609780.0,4300020.0,True
/home/ec2-user/ndvi_sqs_work/shaanxi/raw/HLS-VI.S30.T49SED.2018264T032529.v2.0.NDVI.tif,HLS-VI.S30.T49SED.2018264T032529.v2.0.NDVI.tif,S30,T49SED,2018-09-21,2018264,032529,EPSG:32649,499980.0,4290240.0,609780.0,4400040.0,True
/home/ec2-user/ndvi_sqs_work/shaanxi/raw/HLS-VI.S30.T49SCV.2018271T031539.v2.0.NDVI.tif,HLS-VI.S30.T49SCV.2018271T031539.v2.0.NDVI.tif,S30,T49SCV,2018-09-28,2018271,031539,EPSG:32649,300000.0,3890220.0,409800.0,4000020.0,True
/home/ec2-user/ndvi_sqs_work/shaanxi/raw/HLS-VI.S30.T49SDC.2018271T031539.v2.0.NDVI.tif,HLS-VI.S30.T49SDC.2018271T031539.v2.0.NDVI.tif,S30,T49SDC,2018-09-28,2018271,031539,EPSG:32649,399960.0,4190220.0,509760.0,4300020.0,True
/home/ec2-user/ndvi_sqs_work/shaanxi/raw/HLS-VI.S30.T49SDD.2018271T031539.v2.0.NDVI.tif,HLS-VI.S30.T49SDD.2018271T031539.v2.0.NDVI.tif,S30,T49SDD,2018-09-28,2018271,031539,EPSG:32649,399960.0,4290240.0,509760.0,4400040.0,True
/home/ec2-user/ndvi_sqs_work/shaanxi/raw/HLS-VI.S30.T49SDT.2018271T031539.v2.0.NDVI.tif,HLS-VI.S30.T49SDT.2018271T031539.v2.0.NDVI.tif,S30,T49SDT,2018-09-28,2018271,031539,EPSG:32649,399960.0,3690240.0,509760.0,3800040.0,True
/home/ec2-user/ndvi_sqs_work/shaanxi/raw/HLS-VI.S30.T49SES.2018271T031539.v2.0.NDVI.tif,HLS-VI.S30.T49SES.2018271T031539.v2.0.NDVI.tif,S30,T49SES,2018-09-28,2018271,031539,EPSG:32649,499980.0,3590220.0,609780.0,3700020.0,True
/home/ec2-user/ndvi_sqs_work/shaanxi/raw/HLS-VI.S30.T48SXG.2018272T033531.v2.0.NDVI.tif,HLS-VI.S30.T48SXG.2018272T033531.v2.0.NDVI.tif,S30,T48SXG,2018-09-29,2018272,033531,EPSG:32648,600000.0,4090200.0,709800.0,4200000.0,True
/home/ec2-user/ndvi_sqs_work/shaanxi/raw/HLS-VI.S30.T48SYF.2018272T033531.v2.0.NDVI.tif,HLS-VI.S30.T48SYF.2018272T033531.v2.0.NDVI.tif,S30,T48SYF,2018-09-29,2018272,033531,EPSG:32648,699960.0,3990240.0,809760.0,4100040.0,True
/home/ec2-user/ndvi_sqs_work/shaanxi/raw/HLS-VI.S30.T48SYH.2018272T033531.v2.0.NDVI.tif,HLS-VI.S30.T48SYH.2018272T033531.v2.0.NDVI.tif,S30,T48SYH,2018-09-29,2018272,033531,EPSG:32648,699960.0,4190220.0,809760.0,4300020.0,True
/home/ec2-user/ndvi_sqs_work/shaanxi/raw/HLS-VI.S30.T49SBA.2018272T033531.v2.0.NDVI.tif,HLS-VI.S30.T49SBA.2018272T033531.v2.0.NDVI.tif,S30,T49SBA,2018-09-29,2018272,033531,EPSG:32649,199980.0,3990240.0,309780.0,4100040.0,True
/home/ec2-user/ndvi_sqs_work/shaanxi/raw/HLS-VI.S30.T49SBB.2018272T033531.v2.0.NDVI.tif,HLS-VI.S30.T49SBB.2018272T033531.v2.0.NDVI.tif,S30,T49SBB,2018-09-29,2018272,033531,EPSG:32649,199980.0,4090200.0,309780.0,4200000.0,True
/home/ec2-user/ndvi_sqs_work/shaanxi/raw/HLS-VI.S30.T49SBC.2018272T033531.v2.0.NDVI.tif,HLS-VI.S30.T49SBC.2018272T033531.v2.0.NDVI.tif,S30,T49SBC,2018-09-29,2018272,033531,EPSG:32649,199980.0,4190220.0,309780.0,4300020.0,True
/home/ec2-user/ndvi_sqs_work/shaanxi/raw/HLS-VI.S30.T49SBT.2018272T033531.v2.0.NDVI.tif,HLS-VI.S30.T49SBT.2018272T033531.v2.0.NDVI.tif,S30,T49SBT,2018-09-29,2018272,033531,EPSG:32649,199980.0,3690240.0,309780.0,3800040.0,True
/home/ec2-user/ndvi_sqs_work/shaanxi/raw/HLS-VI.S30.T49SBV.2018272T033531.v2.0.NDVI.tif,HLS-VI.S30.T49SBV.2018272T033531.v2.0.NDVI.tif,S30,T49SBV,2018-09-29,2018272,033531,EPSG:32649,199980.0,3890220.0,309780.0,4000020.0,True
/home/ec2-user/ndvi_sqs_work/shaanxi/raw/HLS-VI.S30.T49SCB.2018272T033531.v2.0.NDVI.tif,HLS-VI.S30.T49SCB.2018272T033531.v2.0.NDVI.tif,S30,T49SCB,2018-09-29,2018272,033531,EPSG:32649,300000.0,4090200.0,409800.0,4200000.0,True
/home/ec2-user/ndvi_sqs_work/shaanxi/raw/HLS-VI.S30.T49SCC.2018272T033531.v2.0.NDVI.tif,HLS-VI.S30.T49SCC.2018272T033531.v2.0.NDVI.tif,S30,T49SCC,2018-09-29,2018272,033531,EPSG:32649,300000.0,4190220.0,409800.0,4300020.0,True
/home/ec2-user/ndvi_sqs_work/shaanxi/raw/HLS-VI.S30.T48SYD.2018274T032529.v2.0.NDVI.tif,HLS-VI.S30.T48SYD.2018274T032529.v2.0.NDVI.tif,S30,T48SYD,2018-10-01,2018274,032529,EPSG:32648,699960.0,3790200.0,809760.0,3900000.0,True
/home/ec2-user/ndvi_sqs_work/shaanxi/raw/HLS-VI.S30.T48SYE.2018274T032529.v2.0.NDVI.tif,HLS-VI.S30.T48SYE.2018274T032529.v2.0.NDVI.tif,S30,T48SYE,2018-10-01,2018274,032529,EPSG:32648,699960.0,3890220.0,809760.0,4000020.0,True
/home/ec2-user/ndvi_sqs_work/shaanxi/raw/HLS-VI.S30.T48SYF.2018274T032529.v2.0.NDVI.tif,HLS-VI.S30.T48SYF.2018274T032529.v2.0.NDVI.tif,S30,T48SYF,2018-10-01,2018274,032529,EPSG:32648,699960.0,3990240.0,809760.0,4100040.0,True
/home/ec2-user/ndvi_sqs_work/shaanxi/raw/HLS-VI.S30.T48SYG.2018274T032529.v2.0.NDVI.tif,HLS-VI.S30.T48SYG.2018274T032529.v2.0.NDVI.tif,S30,T48SYG,2018-10-01,2018274,032529,EPSG:32648,699960.0,4090200.0,809760.0,4200000.0,True
/home/ec2-user/ndvi_sqs_work/shaanxi/raw/HLS-VI.S30.T48SYH.2018274T032529.v2.0.NDVI.tif,HLS-VI.S30.T48SYH.2018274T032529.v2.0.NDVI.tif,S30,T48SYH,2018-10-01,2018274,032529,EPSG:32648,699960.0,4190220.0,809760.0,4300020.0,True
/home/ec2-user/ndvi_sqs_work/shaanxi/raw/HLS-VI.S30.T49SBA.2018274T032529.v2.0.NDVI.tif,HLS-VI.S30.T49SBA.2018274T032529.v2.0.NDVI.tif,S30,T49SBA,2018-10-01,2018274,032529,EPSG:32649,199980.0,3990240.0,309780.0,4100040.0,True
/home/ec2-user/ndvi_sqs_work/shaanxi/raw/HLS-VI.S30.T49SBB.2018274T032529.v2.0.NDVI.tif,HLS-VI.S30.T49SBB.2018274T032529.v2.0.NDVI.tif,S30,T49SBB,2018-10-01,2018274,032529,EPSG:32649,199980.0,4090200.0,309780.0,4200000.0,True
/home/ec2-user/ndvi_sqs_work/shaanxi/raw/HLS-VI.S30.T49SBC.2018274T032529.v2.0.NDVI.tif,HLS-VI.S30.T49SBC.2018274T032529.v2.0.NDVI.tif,S30,T49SBC,2018-10-01,2018274,032529,EPSG:32649,199980.0,4190220.0,309780.0,4300020.0,True
/home/ec2-user/ndvi_sqs_work/shaanxi/raw/HLS-VI.S30.T49SBU.2018274T032529.v2.0.NDVI.tif,HLS-VI.S30.T49SBU.2018274T032529.v2.0.NDVI.tif,S30,T49SBU,2018-10-01,2018274,032529,EPSG:32649,199980.0,3790200.0,309780.0,3900000.0,True
/home/ec2-user/ndvi_sqs_work/shaanxi/raw/HLS-VI.S30.T49SBV.2018274T032529.v2.0.NDVI.tif,HLS-VI.S30.T49SBV.2018274T032529.v2.0.NDVI.tif,S30,T49SBV,2018-10-01,2018274,032529,EPSG:32649,199980.0,3890220.0,309780.0,4000020.0,True
/home/ec2-user/ndvi_sqs_work/shaanxi/raw/HLS-VI.S30.T49SCA.2018274T032529.v2.0.NDVI.tif,HLS-VI.S30.T49SCA.2018274T032529.v2.0.NDVI.tif,S30,T49SCA,2018-10-01,2018274,032529,EPSG:32649,300000.0,3990240.0,409800.0,4100040.0,True
/home/ec2-user/ndvi_sqs_work/shaanxi/raw/HLS-VI.S30.T49SCB.2018274T032529.v2.0.NDVI.tif,HLS-VI.S30.T49SCB.2018274T032529.v2.0.NDVI.tif,S30,T49SCB,2018-10-01,2018274,032529,EPSG:32649,300000.0,4090200.0,409800.0,4200000.0,True
/home/ec2-user/ndvi_sqs_work/shaanxi/raw/HLS-VI.S30.T49SCC.2018274T032529.v2.0.NDVI.tif,HLS-VI.S30.T49SCC.2018274T032529.v2.0.NDVI.tif,S30,T49SCC,2018-10-01,2018274,032529,EPSG:32649,300000.0,4190220.0,409800.0,4300020.0,True
/home/ec2-user/ndvi_sqs_work/shaanxi/raw/HLS-VI.S30.T49SCD.2018274T032529.v2.0.NDVI.tif,HLS-VI.S30.T49SCD.2018274T032529.v2.0.NDVI.tif,S30,T49SCD,2018-10-01,2018274,032529,EPSG:32649,300000.0,4290240.0,409800.0,4400040.0,True
/home/ec2-user/ndvi_sqs_work/shaanxi/raw/HLS-VI.S30.T49SCV.2018274T032529.v2.0.NDVI.tif,HLS-VI.S30.T49SCV.2018274T032529.v2.0.NDVI.tif,S30,T49SCV,2018-10-01,2018274,032529,EPSG:32649,300000.0,3890220.0,409800.0,4000020.0,True
/home/ec2-user/ndvi_sqs_work/shaanxi/raw/HLS-VI.S30.T49SDA.2018274T032529.v2.0.NDVI.tif,HLS-VI.S30.T49SDA.2018274T032529.v2.0.NDVI.tif,S30,T49SDA,2018-10-01,2018274,032529,EPSG:32649,399960.0,3990240.0,509760.0,4100040.0,True
/home/ec2-user/ndvi_sqs_work/shaanxi/raw/HLS-VI.S30.T49SDV.2018274T032529.v2.0.NDVI.tif,HLS-VI.S30.T49SDV.2018274T032529.v2.0.NDVI.tif,S30,T49SDV,2018-10-01,2018274,032529,EPSG:32649,399960.0,3890220.0,509760.0,4000020.0,True
/home/ec2-user/ndvi_sqs_work/shaanxi/raw/HLS-VI.S30.T49SCU.2018276T031541.v2.0.NDVI.tif,HLS-VI.S30.T49SCU.2018276T031541.v2.0.NDVI.tif,S30,T49SCU,2018-10-03,2018276,031541,EPSG:32649,300000.0,3790200.0,409800.0,3900000.0,True
/home/ec2-user/ndvi_sqs_work/shaanxi/raw/HLS-VI.S30.T49SCV.2018276T031541.v2.0.NDVI.tif,HLS-VI.S30.T49SCV.2018276T031541.v2.0.NDVI.tif,S30,T49SCV,2018-10-03,2018276,031541,EPSG:32649,300000.0,3890220.0,409800.0,4000020.0,True
/home/ec2-user/ndvi_sqs_work/shaanxi/raw/HLS-VI.S30.T49SDA.2018276T031541.v2.0.NDVI.tif,HLS-VI.S30.T49SDA.2018276T031541.v2.0.NDVI.tif,S30,T49SDA,2018-10-03,2018276,031541,EPSG:32649,399960.0,3990240.0,509760.0,4100040.0,True
/home/ec2-user/ndvi_sqs_work/shaanxi/raw/HLS-VI.S30.T49SDB.2018276T031541.v2.0.NDVI.tif,HLS-VI.S30.T49SDB.2018276T031541.v2.0.NDVI.tif,S30,T49SDB,2018-10-03,2018276,031541,EPSG:32649,399960.0,4090200.0,509760.0,4200000.0,True
/home/ec2-user/ndvi_sqs_work/shaanxi/raw/HLS-VI.S30.T49SDC.2018276T031541.v2.0.NDVI.tif,HLS-VI.S30.T49SDC.2018276T031541.v2.0.NDVI.tif,S30,T49SDC,2018-10-03,2018276,031541,EPSG:32649,399960.0,4190220.0,509760.0,4300020.0,True
/home/ec2-user/ndvi_sqs_work/shaanxi/raw/HLS-VI.S30.T49SDD.2018276T031541.v2.0.NDVI.tif,HLS-VI.S30.T49SDD.2018276T031541.v2.0.NDVI.tif,S30,T49SDD,2018-10-03,2018276,031541,EPSG:32649,399960.0,4290240.0,509760.0,4400040.0,True
/home/ec2-user/ndvi_sqs_work/shaanxi/raw/HLS-VI.S30.T49SDU.2018276T031541.v2.0.NDVI.tif,HLS-VI.S30.T49SDU.2018276T031541.v2.0.NDVI.tif,S30,T49SDU,2018-10-03,2018276,031541,EPSG:32649,399960.0,3790200.0,509760.0,3900000.0,True
/home/ec2-user/ndvi_sqs_work/shaanxi/raw/HLS-VI.S30.T49SDV.2018276T031541.v2.0.NDVI.tif,HLS-VI.S30.T49SDV.2018276T031541.v2.0.NDVI.tif,S30,T49SDV,2018-10-03,2018276,031541,EPSG:32649,399960.0,3890220.0,509760.0,4000020.0,True
/home/ec2-user/ndvi_sqs_work/shaanxi/raw/HLS-VI.S30.T49SEC.2018276T031541.v2.0.NDVI.tif,HLS-VI.S30.T49SEC.2018276T031541.v2.0.NDVI.tif,S30,T49SEC,2018-10-03,2018276,031541,EPSG:32649,499980.0,4190220.0,609780.0,4300020.0,True
/home/ec2-user/ndvi_sqs_work/shaanxi/raw/HLS-VI.S30.T49SED.2018276T031541.v2.0.NDVI.tif,HLS-VI.S30.T49SED.2018276T031541.v2.0.NDVI.tif,S30,T49SED,2018-10-03,2018276,031541,EPSG:32649,499980.0,4290240.0,609780.0,4400040.0,True
/home/ec2-user/ndvi_sqs_work/shaanxi/raw/HLS-VI.S30.T48SXC.2018277T033559.v2.0.NDVI.tif,HLS-VI.S30.T48SXC.2018277T033559.v2.0.NDVI.tif,S30,T48SXC,2018-10-04,2018277,033559,EPSG:32648,600000.0,3690240.0,709800.0,3800040.0,True
/home/ec2-user/ndvi_sqs_work/shaanxi/raw/HLS-VI.S30.T48SXD.2018277T033559.v2.0.NDVI.tif,HLS-VI.S30.T48SXD.2018277T033559.v2.0.NDVI.tif,S30,T48SXD,2018-10-04,2018277,033559,EPSG:32648,600000.0,3790200.0,709800.0,3900000.0,True
/home/ec2-user/ndvi_sqs_work/shaanxi/raw/HLS-VI.S30.T48SXE.2018277T033559.v2.0.NDVI.tif,HLS-VI.S30.T48SXE.2018277T033559.v2.0.NDVI.tif,S30,T48SXE,2018-10-04,2018277,033559,EPSG:32648,600000.0,3890220.0,709800.0,4000020.0,True
/home/ec2-user/ndvi_sqs_work/shaanxi/raw/HLS-VI.S30.T48SXG.2018277T033559.v2.0.NDVI.tif,HLS-VI.S30.T48SXG.2018277T033559.v2.0.NDVI.tif,S30,T48SXG,2018-10-04,2018277,033559,EPSG:32648,600000.0,4090200.0,709800.0,4200000.0,True
/home/ec2-user/ndvi_sqs_work/shaanxi/raw/HLS-VI.S30.T48SYD.2018277T033559.v2.0.NDVI.tif,HLS-VI.S30.T48SYD.2018277T033559.v2.0.NDVI.tif,S30,T48SYD,2018-10-04,2018277,033559,EPSG:32648,699960.0,3790200.0,809760.0,3900000.0,True
/home/ec2-user/ndvi_sqs_work/shaanxi/raw/HLS-VI.S30.T48SYE.2018277T033559.v2.0.NDVI.tif,HLS-VI.S30.T48SYE.2018277T033559.v2.0.NDVI.tif,S30,T48SYE,2018-10-04,2018277,033559,EPSG:32648,699960.0,3890220.0,809760.0,4000020.0,True
/home/ec2-user/ndvi_sqs_work/shaanxi/raw/HLS-VI.S30.T48SYF.2018277T033559.v2.0.NDVI.tif,HLS-VI.S30.T48SYF.2018277T033559.v2.0.NDVI.tif,S30,T48SYF,2018-10-04,2018277,033559,EPSG:32648,699960.0,3990240.0,809760.0,4100040.0,True
/home/ec2-user/ndvi_sqs_work/shaanxi/raw/HLS-VI.S30.T48SYG.2018277T033559.v2.0.NDVI.tif,HLS-VI.S30.T48SYG.2018277T033559.v2.0.NDVI.tif,S30,T48SYG,2018-10-04,2018277,033559,EPSG:32648,699960.0,4090200.0,809760.0,4200000.0,True
/home/ec2-user/ndvi_sqs_work/shaanxi/raw/HLS-VI.S30.T48SYH.2018277T033559.v2.0.NDVI.tif,HLS-VI.S30.T48SYH.2018277T033559.v2.0.NDVI.tif,S30,T48SYH,2018-10-04,2018277,033559,EPSG:32648,699960.0,4190220.0,809760.0,4300020.0,True
/home/ec2-user/ndvi_sqs_work/shaanxi/raw/HLS-VI.S30.T49SBA.2018277T033559.v2.0.NDVI.tif,HLS-VI.S30.T49SBA.2018277T033559.v2.0.NDVI.tif,S30,T49SBA,2018-10-04,2018277,033559,EPSG:32649,199980.0,3990240.0,309780.0,4100040.0,True
/home/ec2-user/ndvi_sqs_work/shaanxi/raw/HLS-VI.S30.T49SBB.2018277T033559.v2.0.NDVI.tif,HLS-VI.S30.T49SBB.2018277T033559.v2.0.NDVI.tif,S30,T49SBB,2018-10-04,2018277,033559,EPSG:32649,199980.0,4090200.0,309780.0,4200000.0,True
/home/ec2-user/ndvi_sqs_work/shaanxi/raw/HLS-VI.S30.T49SBC.2018277T033559.v2.0.NDVI.tif,HLS-VI.S30.T49SBC.2018277T033559.v2.0.NDVI.tif,S30,T49SBC,2018-10-04,2018277,033559,EPSG:32649,199980.0,4190220.0,309780.0,4300020.0,True
/home/ec2-user/ndvi_sqs_work/shaanxi/raw/HLS-VI.S30.T49SBT.2018277T033559.v2.0.NDVI.tif,HLS-VI.S30.T49SBT.2018277T033559.v2.0.NDVI.tif,S30,T49SBT,2018-10-04,2018277,033559,EPSG:32649,199980.0,3690240.0,309780.0,3800040.0,True
/home/ec2-user/ndvi_sqs_work/shaanxi/raw/HLS-VI.S30.T49SBU.2018277T033559.v2.0.NDVI.tif,HLS-VI.S30.T49SBU.2018277T033559.v2.0.NDVI.tif,S30,T49SBU,2018-10-04,2018277,033559,EPSG:32649,199980.0,3790200.0,309780.0,3900000.0,True
/home/ec2-user/ndvi_sqs_work/shaanxi/raw/HLS-VI.S30.T49SBV.2018277T033559.v2.0.NDVI.tif,HLS-VI.S30.T49SBV.2018277T033559.v2.0.NDVI.tif,S30,T49SBV,2018-10-04,2018277,033559,EPSG:32649,199980.0,3890220.0,309780.0,4000020.0,True
/home/ec2-user/ndvi_sqs_work/shaanxi/raw/HLS-VI.S30.T48SYH.2018279T032611.v2.0.NDVI.tif,HLS-VI.S30.T48SYH.2018279T032611.v2.0.NDVI.tif,S30,T48SYH,2018-10-06,2018279,032611,EPSG:32648,699960.0,4190220.0,809760.0,4300020.0,True
/home/ec2-user/ndvi_sqs_work/shaanxi/raw/HLS-VI.S30.T49SBC.2018279T032611.v2.0.NDVI.tif,HLS-VI.S30.T49SBC.2018279T032611.v2.0.NDVI.tif,S30,T49SBC,2018-10-06,2018279,032611,EPSG:32649,199980.0,4190220.0,309780.0,4300020.0,True
/home/ec2-user/ndvi_sqs_work/shaanxi/raw/HLS-VI.S30.T49SCC.2018279T032611.v2.0.NDVI.tif,HLS-VI.S30.T49SCC.2018279T032611.v2.0.NDVI.tif,S30,T49SCC,2018-10-06,2018279,032611,EPSG:32649,300000.0,4190220.0,409800.0,4300020.0,True
/home/ec2-user/ndvi_sqs_work/shaanxi/raw/HLS-VI.S30.T49SCD.2018279T032611.v2.0.NDVI.tif,HLS-VI.S30.T49SCD.2018279T032611.v2.0.NDVI.tif,S30,T49SCD,2018-10-06,2018279,032611,EPSG:32649,300000.0,4290240.0,409800.0,4400040.0,True
/home/ec2-user/ndvi_sqs_work/shaanxi/raw/HLS-VI.S30.T49SDD.2018279T032611.v2.0.NDVI.tif,HLS-VI.S30.T49SDD.2018279T032611.v2.0.NDVI.tif,S30,T49SDD,2018-10-06,2018279,032611,EPSG:32649,399960.0,4290240.0,509760.0,4400040.0,True
/home/ec2-user/ndvi_sqs_work/shaanxi/raw/HLS-VI.S30.T49SED.2018279T032611.v2.0.NDVI.tif,HLS-VI.S30.T49SED.2018279T032611.v2.0.NDVI.tif,S30,T49SED,2018-10-06,2018279,032611,EPSG:32649,499980.0,4290240.0,609780.0,4400040.0,True
/home/ec2-user/ndvi_sqs_work/shaanxi/raw/HLS-VI.S30.T49SDD.2018281T031619.v2.0.NDVI.tif,HLS-VI.S30.T49SDD.2018281T031619.v2.0.NDVI.tif,S30,T49SDD,2018-10-08,2018281,031619,EPSG:32649,399960.0,4290240.0,509760.0,4400040.0,True
/home/ec2-user/ndvi_sqs_work/shaanxi/raw/HLS-VI.S30.T49SED.2018281T031619.v2.0.NDVI.tif,HLS-VI.S30.T49SED.2018281T031619.v2.0.NDVI.tif,S30,T49SED,2018-10-08,2018281,031619,EPSG:32649,499980.0,4290240.0,609780.0,4400040.0,True
/home/ec2-user/ndvi_sqs_work/shaanxi/raw/HLS-VI.S30.T48SXE.2018282T033631.v2.0.NDVI.tif,HLS-VI.S30.T48SXE.2018282T033631.v2.0.NDVI.tif,S30,T48SXE,2018-10-09,2018282,033631,EPSG:32648,600000.0,3890220.0,709800.0,4000020.0,True
/home/ec2-user/ndvi_sqs_work/shaanxi/raw/HLS-VI.S30.T48SXG.2018282T033631.v2.0.NDVI.tif,HLS-VI.S30.T48SXG.2018282T033631.v2.0.NDVI.tif,S30,T48SXG,2018-10-09,2018282,033631,EPSG:32648,600000.0,4090200.0,709800.0,4200000.0,True
/home/ec2-user/ndvi_sqs_work/shaanxi/raw/HLS-VI.S30.T48SYF.2018282T033631.v2.0.NDVI.tif,HLS-VI.S30.T48SYF.2018282T033631.v2.0.NDVI.tif,S30,T48SYF,2018-10-09,2018282,033631,EPSG:32648,699960.0,3990240.0,809760.0,4100040.0,True
/home/ec2-user/ndvi_sqs_work/shaanxi/raw/HLS-VI.S30.T48SYG.2018282T033631.v2.0.NDVI.tif,HLS-VI.S30.T48SYG.2018282T033631.v2.0.NDVI.tif,S30,T48SYG,2018-10-09,2018282,033631,EPSG:32648,699960.0,4090200.0,809760.0,4200000.0,True
/home/ec2-user/ndvi_sqs_work/shaanxi/raw/HLS-VI.S30.T48SYH.2018282T033631.v2.0.NDVI.tif,HLS-VI.S30.T48SYH.2018282T033631.v2.0.NDVI.tif,S30,T48SYH,2018-10-09,2018282,033631,EPSG:32648,699960.0,4190220.0,809760.0,4300020.0,True
/home/ec2-user/ndvi_sqs_work/shaanxi/raw/HLS-VI.S30.T49SBA.2018282T033631.v2.0.NDVI.tif,HLS-VI.S30.T49SBA.2018282T033631.v2.0.NDVI.tif,S30,T49SBA,2018-10-09,2018282,033631,EPSG:32649,199980.0,3990240.0,309780.0,4100040.0,True
/home/ec2-user/ndvi_sqs_work/shaanxi/raw/HLS-VI.S30.T49SBB.2018282T033631.v2.0.NDVI.tif,HLS-VI.S30.T49SBB.2018282T033631.v2.0.NDVI.tif,S30,T49SBB,2018-10-09,2018282,033631,EPSG:32649,199980.0,4090200.0,309780.0,4200000.0,True
/home/ec2-user/ndvi_sqs_work/shaanxi/raw/HLS-VI.S30.T49SBC.2018282T033631.v2.0.NDVI.tif,HLS-VI.S30.T49SBC.2018282T033631.v2.0.NDVI.tif,S30,T49SBC,2018-10-09,2018282,033631,EPSG:32649,199980.0,4190220.0,309780.0,4300020.0,True
/home/ec2-user/ndvi_sqs_work/shaanxi/raw/HLS-VI.S30.T49SCB.2018282T033631.v2.0.NDVI.tif,HLS-VI.S30.T49SCB.2018282T033631.v2.0.NDVI.tif,S30,T49SCB,2018-10-09,2018282,033631,EPSG:32649,300000.0,4090200.0,409800.0,4200000.0,True
/home/ec2-user/ndvi_sqs_work/shaanxi/raw/HLS-VI.S30.T49SCC.2018282T033631.v2.0.NDVI.tif,HLS-VI.S30.T49SCC.2018282T033631.v2.0.NDVI.tif,S30,T49SCC,2018-10-09,2018282,033631,EPSG:32649,300000.0,4190220.0,409800.0,4300020.0,True
/home/ec2-user/ndvi_sqs_work/shaanxi/raw/HLS-VI.S30.T48SYE.2018284T032639.v2.0.NDVI.tif,HLS-VI.S30.T48SYE.2018284T032639.v2.0.NDVI.tif,S30,T48SYE,2018-10-11,2018284,032639,EPSG:32648,699960.0,3890220.0,809760.0,4000020.0,True
/home/ec2-user/ndvi_sqs_work/shaanxi/raw/HLS-VI.S30.T48SYF.2018284T032639.v2.0.NDVI.tif,HLS-VI.S30.T48SYF.2018284T032639.v2.0.NDVI.tif,S30,T48SYF,2018-10-11,2018284,032639,EPSG:32648,699960.0,3990240.0,809760.0,4100040.0,True
/home/ec2-user/ndvi_sqs_work/shaanxi/raw/HLS-VI.S30.T48SYG.2018284T032639.v2.0.NDVI.tif,HLS-VI.S30.T48SYG.2018284T032639.v2.0.NDVI.tif,S30,T48SYG,2018-10-11,2018284,032639,EPSG:32648,699960.0,4090200.0,809760.0,4200000.0,True
/home/ec2-user/ndvi_sqs_work/shaanxi/raw/HLS-VI.S30.T48SYH.2018284T032639.v2.0.NDVI.tif,HLS-VI.S30.T48SYH.2018284T032639.v2.0.NDVI.tif,S30,T48SYH,2018-10-11,2018284,032639,EPSG:32648,699960.0,4190220.0,809760.0,4300020.0,True
/home/ec2-user/ndvi_sqs_work/shaanxi/raw/HLS-VI.S30.T49SBA.2018284T032639.v2.0.NDVI.tif,HLS-VI.S30.T49SBA.2018284T032639.v2.0.NDVI.tif,S30,T49SBA,2018-10-11,2018284,032639,EPSG:32649,199980.0,3990240.0,309780.0,4100040.0,True
/home/ec2-user/ndvi_sqs_work/shaanxi/raw/HLS-VI.S30.T49SBB.2018284T032639.v2.0.NDVI.tif,HLS-VI.S30.T49SBB.2018284T032639.v2.0.NDVI.tif,S30,T49SBB,2018-10-11,2018284,032639,EPSG:32649,199980.0,4090200.0,309780.0,4200000.0,True
/home/ec2-user/ndvi_sqs_work/shaanxi/raw/HLS-VI.S30.T49SBC.2018284T032639.v2.0.NDVI.tif,HLS-VI.S30.T49SBC.2018284T032639.v2.0.NDVI.tif,S30,T49SBC,2018-10-11,2018284,032639,EPSG:32649,199980.0,4190220.0,309780.0,4300020.0,True
/home/ec2-user/ndvi_sqs_work/shaanxi/raw/HLS-VI.S30.T49SBV.2018284T032639.v2.0.NDVI.tif,HLS-VI.S30.T49SBV.2018284T032639.v2.0.NDVI.tif,S30,T49SBV,2018-10-11,2018284,032639,EPSG:32649,199980.0,3890220.0,309780.0,4000020.0,True
/home/ec2-user/ndvi_sqs_work/shaanxi/raw/HLS-VI.S30.T49SCA.2018284T032639.v2.0.NDVI.tif,HLS-VI.S30.T49SCA.2018284T032639.v2.0.NDVI.tif,S30,T49SCA,2018-10-11,2018284,032639,EPSG:32649,300000.0,3990240.0,409800.0,4100040.0,True
/home/ec2-user/ndvi_sqs_work/shaanxi/raw/HLS-VI.S30.T49SCB.2018284T032639.v2.0.NDVI.tif,HLS-VI.S30.T49SCB.2018284T032639.v2.0.NDVI.tif,S30,T49SCB,2018-10-11,2018284,032639,EPSG:32649,300000.0,4090200.0,409800.0,4200000.0,True
/home/ec2-user/ndvi_sqs_work/shaanxi/raw/HLS-VI.S30.T49SCV.2018284T032639.v2.0.NDVI.tif,HLS-VI.S30.T49SCV.2018284T032639.v2.0.NDVI.tif,S30,T49SCV,2018-10-11,2018284,032639,EPSG:32649,300000.0,3890220.0,409800.0,4000020.0,True
/home/ec2-user/ndvi_sqs_work/shaanxi/raw/HLS-VI.S30.T49SDA.2018284T032639.v2.0.NDVI.tif,HLS-VI.S30.T49SDA.2018284T032639.v2.0.NDVI.tif,S30,T49SDA,2018-10-11,2018284,032639,EPSG:32649,399960.0,3990240.0,509760.0,4100040.0,True
/home/ec2-user/ndvi_sqs_work/shaanxi/raw/HLS-VI.S30.T49SDB.2018284T032639.v2.0.NDVI.tif,HLS-VI.S30.T49SDB.2018284T032639.v2.0.NDVI.tif,S30,T49SDB,2018-10-11,2018284,032639,EPSG:32649,399960.0,4090200.0,509760.0,4200000.0,True
/home/ec2-user/ndvi_sqs_work/shaanxi/raw/HLS-VI.S30.T49SDC.2018284T032639.v2.0.NDVI.tif,HLS-VI.S30.T49SDC.2018284T032639.v2.0.NDVI.tif,S30,T49SDC,2018-10-11,2018284,032639,EPSG:32649,399960.0,4190220.0,509760.0,4300020.0,True
/home/ec2-user/ndvi_sqs_work/shaanxi/raw/HLS-VI.S30.T49SDV.2018284T032639.v2.0.NDVI.tif,HLS-VI.S30.T49SDV.2018284T032639.v2.0.NDVI.tif,S30,T49SDV,2018-10-11,2018284,032639,EPSG:32649,399960.0,3890220.0,509760.0,4000020.0,True
/home/ec2-user/ndvi_sqs_work/shaanxi/raw/HLS-VI.S30.T49SEC.2018284T032639.v2.0.NDVI.tif,HLS-VI.S30.T49SEC.2018284T032639.v2.0.NDVI.tif,S30,T49SEC,2018-10-11,2018284,032639,EPSG:32649,499980.0,4190220.0,609780.0,4300020.0,True
/home/ec2-user/ndvi_sqs_work/shaanxi/raw/HLS-VI.S30.T49SED.2018284T032639.v2.0.NDVI.tif,HLS-VI.S30.T49SED.2018284T032639.v2.0.NDVI.tif,S30,T49SED,2018-10-11,2018284,032639,EPSG:32649,499980.0,4290240.0,609780.0,4400040.0,True
/home/ec2-user/ndvi_sqs_work/shaanxi/raw/HLS-VI.S30.T48SYF.2018289T032711.v2.0.NDVI.tif,HLS-VI.S30.T48SYF.2018289T032711.v2.0.NDVI.tif,S30,T48SYF,2018-10-16,2018289,032711,EPSG:32648,699960.0,3990240.0,809760.0,4100040.0,True
/home/ec2-user/ndvi_sqs_work/shaanxi/raw/HLS-VI.S30.T48SYG.2018289T032711.v2.0.NDVI.tif,HLS-VI.S30.T48SYG.2018289T032711.v2.0.NDVI.tif,S30,T48SYG,2018-10-16,2018289,032711,EPSG:32648,699960.0,4090200.0,809760.0,4200000.0,True
/home/ec2-user/ndvi_sqs_work/shaanxi/raw/HLS-VI.S30.T48SYH.2018289T032711.v2.0.NDVI.tif,HLS-VI.S30.T48SYH.2018289T032711.v2.0.NDVI.tif,S30,T48SYH,2018-10-16,2018289,032711,EPSG:32648,699960.0,4190220.0,809760.0,4300020.0,True
/home/ec2-user/ndvi_sqs_work/shaanxi/raw/HLS-VI.S30.T49SBA.2018289T032711.v2.0.NDVI.tif,HLS-VI.S30.T49SBA.2018289T032711.v2.0.NDVI.tif,S30,T49SBA,2018-10-16,2018289,032711,EPSG:32649,199980.0,3990240.0,309780.0,4100040.0,True
/home/ec2-user/ndvi_sqs_work/shaanxi/raw/HLS-VI.S30.T49SBB.2018289T032711.v2.0.NDVI.tif,HLS-VI.S30.T49SBB.2018289T032711.v2.0.NDVI.tif,S30,T49SBB,2018-10-16,2018289,032711,EPSG:32649,199980.0,4090200.0,309780.0,4200000.0,True
/home/ec2-user/ndvi_sqs_work/shaanxi/raw/HLS-VI.S30.T49SBC.2018289T032711.v2.0.NDVI.tif,HLS-VI.S30.T49SBC.2018289T032711.v2.0.NDVI.tif,S30,T49SBC,2018-10-16,2018289,032711,EPSG:32649,199980.0,4190220.0,309780.0,4300020.0,True
/home/ec2-user/ndvi_sqs_work/shaanxi/raw/HLS-VI.S30.T49SCA.2018289T032711.v2.0.NDVI.tif,HLS-VI.S30.T49SCA.2018289T032711.v2.0.NDVI.tif,S30,T49SCA,2018-10-16,2018289,032711,EPSG:32649,300000.0,3990240.0,409800.0,4100040.0,True
/home/ec2-user/ndvi_sqs_work/shaanxi/raw/HLS-VI.S30.T49SCB.2018289T032711.v2.0.NDVI.tif,HLS-VI.S30.T49SCB.2018289T032711.v2.0.NDVI.tif,S30,T49SCB,2018-10-16,2018289,032711,EPSG:32649,300000.0,4090200.0,409800.0,4200000.0,True
/home/ec2-user/ndvi_sqs_work/shaanxi/raw/HLS-VI.S30.T49SCC.2018289T032711.v2.0.NDVI.tif,HLS-VI.S30.T49SCC.2018289T032711.v2.0.NDVI.tif,S30,T49SCC,2018-10-16,2018289,032711,EPSG:32649,300000.0,4190220.0,409800.0,4300020.0,True
/home/ec2-user/ndvi_sqs_work/shaanxi/raw/HLS-VI.S30.T49SCD.2018289T032711.v2.0.NDVI.tif,HLS-VI.S30.T49SCD.2018289T032711.v2.0.NDVI.tif,S30,T49SCD,2018-10-16,2018289,032711,EPSG:32649,300000.0,4290240.0,409800.0,4400040.0,True
/home/ec2-user/ndvi_sqs_work/shaanxi/raw/HLS-VI.S30.T49SDC.2018289T032711.v2.0.NDVI.tif,HLS-VI.S30.T49SDC.2018289T032711.v2.0.NDVI.tif,S30,T49SDC,2018-10-16,2018289,032711,EPSG:32649,399960.0,4190220.0,509760.0,4300020.0,True
/home/ec2-user/ndvi_sqs_work/shaanxi/raw/HLS-VI.S30.T49SDD.2018289T032711.v2.0.NDVI.tif,HLS-VI.S30.T49SDD.2018289T032711.v2.0.NDVI.tif,S30,T49SDD,2018-10-16,2018289,032711,EPSG:32649,399960.0,4290240.0,509760.0,4400040.0,True
/home/ec2-user/ndvi_sqs_work/shaanxi/raw/HLS-VI.S30.T49SDS.2018289T032711.v2.0.NDVI.tif,HLS-VI.S30.T49SDS.2018289T032711.v2.0.NDVI.tif,S30,T49SDS,2018-10-16,2018289,032711,EPSG:32649,399960.0,3590220.0,509760.0,3700020.0,True
/home/ec2-user/ndvi_sqs_work/shaanxi/raw/HLS-VI.S30.T49SEC.2018289T032711.v2.0.NDVI.tif,HLS-VI.S30.T49SEC.2018289T032711.v2.0.NDVI.tif,S30,T49SEC,2018-10-16,2018289,032711,EPSG:32649,499980.0,4190220.0,609780.0,4300020.0,True
/home/ec2-user/ndvi_sqs_work/shaanxi/raw/HLS-VI.S30.T49SED.2018289T032711.v2.0.NDVI.tif,HLS-VI.S30.T49SED.2018289T032711.v2.0.NDVI.tif,S30,T49SED,2018-10-16,2018289,032711,EPSG:32649,499980.0,4290240.0,609780.0,4400040.0,True
/home/ec2-user/ndvi_sqs_work/shaanxi/raw/HLS-VI.S30.T49SDA.2018296T031801.v2.0.NDVI.tif,HLS-VI.S30.T49SDA.2018296T031801.v2.0.NDVI.tif,S30,T49SDA,2018-10-23,2018296,031801,EPSG:32649,399960.0,3990240.0,509760.0,4100040.0,True
/home/ec2-user/ndvi_sqs_work/shaanxi/raw/HLS-VI.S30.T49SDB.2018296T031801.v2.0.NDVI.tif,HLS-VI.S30.T49SDB.2018296T031801.v2.0.NDVI.tif,S30,T49SDB,2018-10-23,2018296,031801,EPSG:32649,399960.0,4090200.0,509760.0,4200000.0,True
/home/ec2-user/ndvi_sqs_work/shaanxi/raw/HLS-VI.S30.T49SDC.2018296T031801.v2.0.NDVI.tif,HLS-VI.S30.T49SDC.2018296T031801.v2.0.NDVI.tif,S30,T49SDC,2018-10-23,2018296,031801,EPSG:32649,399960.0,4190220.0,509760.0,4300020.0,True
/home/ec2-user/ndvi_sqs_work/shaanxi/raw/HLS-VI.S30.T49SDD.2018296T031801.v2.0.NDVI.tif,HLS-VI.S30.T49SDD.2018296T031801.v2.0.NDVI.tif,S30,T49SDD,2018-10-23,2018296,031801,EPSG:32649,399960.0,4290240.0,509760.0,4400040.0,True
/home/ec2-user/ndvi_sqs_work/shaanxi/raw/HLS-VI.S30.T49SEC.2018296T031801.v2.0.NDVI.tif,HLS-VI.S30.T49SEC.2018296T031801.v2.0.NDVI.tif,S30,T49SEC,2018-10-23,2018296,031801,EPSG:32649,499980.0,4190220.0,609780.0,4300020.0,True
/home/ec2-user/ndvi_sqs_work/shaanxi/raw/HLS-VI.S30.T49SED.2018296T031801.v2.0.NDVI.tif,HLS-VI.S30.T49SED.2018296T031801.v2.0.NDVI.tif,S30,T49SED,2018-10-23,2018296,031801,EPSG:32649,499980.0,4290240.0,609780.0,4400040.0,True
/home/ec2-user/ndvi_sqs_work/shaanxi/raw/HLS-VI.S30.T49SES.2018296T031801.v2.0.NDVI.tif,HLS-VI.S30.T49SES.2018296T031801.v2.0.NDVI.tif,S30,T49SES,2018-10-23,2018296,031801,EPSG:32649,499980.0,3590220.0,609780.0,3700020.0,True
/home/ec2-user/ndvi_sqs_work/shaanxi/raw/HLS-VI.S30.T49SBC.2018297T033809.v2.0.NDVI.tif,HLS-VI.S30.T49SBC.2018297T033809.v2.0.NDVI.tif,S30,T49SBC,2018-10-24,2018297,033809,EPSG:32649,199980.0,4190220.0,309780.0,4300020.0,True
/home/ec2-user/ndvi_sqs_work/shaanxi/raw/HLS-VI.S30.T49SCB.2018297T033809.v2.0.NDVI.tif,HLS-VI.S30.T49SCB.2018297T033809.v2.0.NDVI.tif,S30,T49SCB,2018-10-24,2018297,033809,EPSG:32649,300000.0,4090200.0,409800.0,4200000.0,True
/home/ec2-user/ndvi_sqs_work/shaanxi/raw/HLS-VI.S30.T48SXB.2018299T032821.v2.0.NDVI.tif,HLS-VI.S30.T48SXB.2018299T032821.v2.0.NDVI.tif,S30,T48SXB,2018-10-26,2018299,032821,EPSG:32648,600000.0,3590220.0,709800.0,3700020.0,True
/home/ec2-user/ndvi_sqs_work/shaanxi/raw/HLS-VI.S30.T48SXD.2018299T032821.v2.0.NDVI.tif,HLS-VI.S30.T48SXD.2018299T032821.v2.0.NDVI.tif,S30,T48SXD,2018-10-26,2018299,032821,EPSG:32648,600000.0,3790200.0,709800.0,3900000.0,True
/home/ec2-user/ndvi_sqs_work/shaanxi/raw/HLS-VI.S30.T48SYD.2018299T032821.v2.0.NDVI.tif,HLS-VI.S30.T48SYD.2018299T032821.v2.0.NDVI.tif,S30,T48SYD,2018-10-26,2018299,032821,EPSG:32648,699960.0,3790200.0,809760.0,3900000.0,True
/home/ec2-user/ndvi_sqs_work/shaanxi/raw/HLS-VI.S30.T48SYE.2018299T032821.v2.0.NDVI.tif,HLS-VI.S30.T48SYE.2018299T032821.v2.0.NDVI.tif,S30,T48SYE,2018-10-26,2018299,032821,EPSG:32648,699960.0,3890220.0,809760.0,4000020.0,True
/home/ec2-user/ndvi_sqs_work/shaanxi/raw/HLS-VI.S30.T48SYG.2018299T032821.v2.0.NDVI.tif,HLS-VI.S30.T48SYG.2018299T032821.v2.0.NDVI.tif,S30,T48SYG,2018-10-26,2018299,032821,EPSG:32648,699960.0,4090200.0,809760.0,4200000.0,True
/home/ec2-user/ndvi_sqs_work/shaanxi/raw/HLS-VI.S30.T48SYH.2018299T032821.v2.0.NDVI.tif,HLS-VI.S30.T48SYH.2018299T032821.v2.0.NDVI.tif,S30,T48SYH,2018-10-26,2018299,032821,EPSG:32648,699960.0,4190220.0,809760.0,4300020.0,True
/home/ec2-user/ndvi_sqs_work/shaanxi/raw/HLS-VI.S30.T49SBA.2018299T032821.v2.0.NDVI.tif,HLS-VI.S30.T49SBA.2018299T032821.v2.0.NDVI.tif,S30,T49SBA,2018-10-26,2018299,032821,EPSG:32649,199980.0,3990240.0,309780.0,4100040.0,True
/home/ec2-user/ndvi_sqs_work/shaanxi/raw/HLS-VI.S30.T49SBB.2018299T032821.v2.0.NDVI.tif,HLS-VI.S30.T49SBB.2018299T032821.v2.0.NDVI.tif,S30,T49SBB,2018-10-26,2018299,032821,EPSG:32649,199980.0,4090200.0,309780.0,4200000.0,True
/home/ec2-user/ndvi_sqs_work/shaanxi/raw/HLS-VI.S30.T49SBC.2018299T032821.v2.0.NDVI.tif,HLS-VI.S30.T49SBC.2018299T032821.v2.0.NDVI.tif,S30,T49SBC,2018-10-26,2018299,032821,EPSG:32649,199980.0,4190220.0,309780.0,4300020.0,True
/home/ec2-user/ndvi_sqs_work/shaanxi/raw/HLS-VI.S30.T49SBS.2018299T032821.v2.0.NDVI.tif,HLS-VI.S30.T49SBS.2018299T032821.v2.0.NDVI.tif,S30,T49SBS,2018-10-26,2018299,032821,EPSG:32649,199980.0,3590220.0,309780.0,3700020.0,True
/home/ec2-user/ndvi_sqs_work/shaanxi/raw/HLS-VI.S30.T49SBT.2018299T032821.v2.0.NDVI.tif,HLS-VI.S30.T49SBT.2018299T032821.v2.0.NDVI.tif,S30,T49SBT,2018-10-26,2018299,032821,EPSG:32649,199980.0,3690240.0,309780.0,3800040.0,True
/home/ec2-user/ndvi_sqs_work/shaanxi/raw/HLS-VI.S30.T49SBU.2018299T032821.v2.0.NDVI.tif,HLS-VI.S30.T49SBU.2018299T032821.v2.0.NDVI.tif,S30,T49SBU,2018-10-26,2018299,032821,EPSG:32649,199980.0,3790200.0,309780.0,3900000.0,True
/home/ec2-user/ndvi_sqs_work/shaanxi/raw/HLS-VI.S30.T49SBV.2018299T032821.v2.0.NDVI.tif,HLS-VI.S30.T49SBV.2018299T032821.v2.0.NDVI.tif,S30,T49SBV,2018-10-26,2018299,032821,EPSG:32649,199980.0,3890220.0,309780.0,4000020.0,True
/home/ec2-user/ndvi_sqs_work/shaanxi/raw/HLS-VI.S30.T49SCA.2018299T032821.v2.0.NDVI.tif,HLS-VI.S30.T49SCA.2018299T032821.v2.0.NDVI.tif,S30,T49SCA,2018-10-26,2018299,032821,EPSG:32649,300000.0,3990240.0,409800.0,4100040.0,True
/home/ec2-user/ndvi_sqs_work/shaanxi/raw/HLS-VI.S30.T49SCB.2018299T032821.v2.0.NDVI.tif,HLS-VI.S30.T49SCB.2018299T032821.v2.0.NDVI.tif,S30,T49SCB,2018-10-26,2018299,032821,EPSG:32649,300000.0,4090200.0,409800.0,4200000.0,True
/home/ec2-user/ndvi_sqs_work/shaanxi/raw/HLS-VI.S30.T49SCC.2018299T032821.v2.0.NDVI.tif,HLS-VI.S30.T49SCC.2018299T032821.v2.0.NDVI.tif,S30,T49SCC,2018-10-26,2018299,032821,EPSG:32649,300000.0,4190220.0,409800.0,4300020.0,True
/home/ec2-user/ndvi_sqs_work/shaanxi/raw/HLS-VI.S30.T49SCD.2018299T032821.v2.0.NDVI.tif,HLS-VI.S30.T49SCD.2018299T032821.v2.0.NDVI.tif,S30,T49SCD,2018-10-26,2018299,032821,EPSG:32649,300000.0,4290240.0,409800.0,4400040.0,True
/home/ec2-user/ndvi_sqs_work/shaanxi/raw/HLS-VI.S30.T49SCS.2018299T032821.v2.0.NDVI.tif,HLS-VI.S30.T49SCS.2018299T032821.v2.0.NDVI.tif,S30,T49SCS,2018-10-26,2018299,032821,EPSG:32649,300000.0,3590220.0,409800.0,3700020.0,True
/home/ec2-user/ndvi_sqs_work/shaanxi/raw/HLS-VI.S30.T49SCT.2018299T032821.v2.0.NDVI.tif,HLS-VI.S30.T49SCT.2018299T032821.v2.0.NDVI.tif,S30,T49SCT,2018-10-26,2018299,032821,EPSG:32649,300000.0,3690240.0,409800.0,3800040.0,True
/home/ec2-user/ndvi_sqs_work/shaanxi/raw/HLS-VI.S30.T49SCU.2018299T032821.v2.0.NDVI.tif,HLS-VI.S30.T49SCU.2018299T032821.v2.0.NDVI.tif,S30,T49SCU,2018-10-26,2018299,032821,EPSG:32649,300000.0,3790200.0,409800.0,3900000.0,True
/home/ec2-user/ndvi_sqs_work/shaanxi/raw/HLS-VI.S30.T49SCV.2018299T032821.v2.0.NDVI.tif,HLS-VI.S30.T49SCV.2018299T032821.v2.0.NDVI.tif,S30,T49SCV,2018-10-26,2018299,032821,EPSG:32649,300000.0,3890220.0,409800.0,4000020.0,True
/home/ec2-user/ndvi_sqs_work/shaanxi/raw/HLS-VI.S30.T49SDA.2018299T032821.v2.0.NDVI.tif,HLS-VI.S30.T49SDA.2018299T032821.v2.0.NDVI.tif,S30,T49SDA,2018-10-26,2018299,032821,EPSG:32649,399960.0,3990240.0,509760.0,4100040.0,True
/home/ec2-user/ndvi_sqs_work/shaanxi/raw/HLS-VI.S30.T49SDB.2018299T032821.v2.0.NDVI.tif,HLS-VI.S30.T49SDB.2018299T032821.v2.0.NDVI.tif,S30,T49SDB,2018-10-26,2018299,032821,EPSG:32649,399960.0,4090200.0,509760.0,4200000.0,True
/home/ec2-user/ndvi_sqs_work/shaanxi/raw/HLS-VI.S30.T49SDC.2018299T032821.v2.0.NDVI.tif,HLS-VI.S30.T49SDC.2018299T032821.v2.0.NDVI.tif,S30,T49SDC,2018-10-26,2018299,032821,EPSG:32649,399960.0,4190220.0,509760.0,4300020.0,True
/home/ec2-user/ndvi_sqs_work/shaanxi/raw/HLS-VI.S30.T49SDD.2018299T032821.v2.0.NDVI.tif,HLS-VI.S30.T49SDD.2018299T032821.v2.0.NDVI.tif,S30,T49SDD,2018-10-26,2018299,032821,EPSG:32649,399960.0,4290240.0,509760.0,4400040.0,True
/home/ec2-user/ndvi_sqs_work/shaanxi/raw/HLS-VI.S30.T49SDS.2018299T032821.v2.0.NDVI.tif,HLS-VI.S30.T49SDS.2018299T032821.v2.0.NDVI.tif,S30,T49SDS,2018-10-26,2018299,032821,EPSG:32649,399960.0,3590220.0,509760.0,3700020.0,True
/home/ec2-user/ndvi_sqs_work/shaanxi/raw/HLS-VI.S30.T49SDT.2018299T032821.v2.0.NDVI.tif,HLS-VI.S30.T49SDT.2018299T032821.v2.0.NDVI.tif,S30,T49SDT,2018-10-26,2018299,032821,EPSG:32649,399960.0,3690240.0,509760.0,3800040.0,True
/home/ec2-user/ndvi_sqs_work/shaanxi/raw/HLS-VI.S30.T49SDU.2018299T032821.v2.0.NDVI.tif,HLS-VI.S30.T49SDU.2018299T032821.v2.0.NDVI.tif,S30,T49SDU,2018-10-26,2018299,032821,EPSG:32649,399960.0,3790200.0,509760.0,3900000.0,True
/home/ec2-user/ndvi_sqs_work/shaanxi/raw/HLS-VI.S30.T49SDV.2018299T032821.v2.0.NDVI.tif,HLS-VI.S30.T49SDV.2018299T032821.v2.0.NDVI.tif,S30,T49SDV,2018-10-26,2018299,032821,EPSG:32649,399960.0,3890220.0,509760.0,4000020.0,True
/home/ec2-user/ndvi_sqs_work/shaanxi/raw/HLS-VI.S30.T49SEC.2018299T032821.v2.0.NDVI.tif,HLS-VI.S30.T49SEC.2018299T032821.v2.0.NDVI.tif,S30,T49SEC,2018-10-26,2018299,032821,EPSG:32649,499980.0,4190220.0,609780.0,4300020.0,True
/home/ec2-user/ndvi_sqs_work/shaanxi/raw/HLS-VI.S30.T49SED.2018299T032821.v2.0.NDVI.tif,HLS-VI.S30.T49SED.2018299T032821.v2.0.NDVI.tif,S30,T49SED,2018-10-26,2018299,032821,EPSG:32649,499980.0,4290240.0,609780.0,4400040.0,True
/home/ec2-user/ndvi_sqs_work/shaanxi/raw/HLS-VI.S30.T49SCS.2018301T031829.v2.0.NDVI.tif,HLS-VI.S30.T49SCS.2018301T031829.v2.0.NDVI.tif,S30,T49SCS,2018-10-28,2018301,031829,EPSG:32649,300000.0,3590220.0,409800.0,3700020.0,True
/home/ec2-user/ndvi_sqs_work/shaanxi/raw/HLS-VI.S30.T49SCT.2018301T031829.v2.0.NDVI.tif,HLS-VI.S30.T49SCT.2018301T031829.v2.0.NDVI.tif,S30,T49SCT,2018-10-28,2018301,031829,EPSG:32649,300000.0,3690240.0,409800.0,3800040.0,True
/home/ec2-user/ndvi_sqs_work/shaanxi/raw/HLS-VI.S30.T49SCU.2018301T031829.v2.0.NDVI.tif,HLS-VI.S30.T49SCU.2018301T031829.v2.0.NDVI.tif,S30,T49SCU,2018-10-28,2018301,031829,EPSG:32649,300000.0,3790200.0,409800.0,3900000.0,True
/home/ec2-user/ndvi_sqs_work/shaanxi/raw/HLS-VI.S30.T49SCV.2018301T031829.v2.0.NDVI.tif,HLS-VI.S30.T49SCV.2018301T031829.v2.0.NDVI.tif,S30,T49SCV,2018-10-28,2018301,031829,EPSG:32649,300000.0,3890220.0,409800.0,4000020.0,True
/home/ec2-user/ndvi_sqs_work/shaanxi/raw/HLS-VI.S30.T49SDA.2018301T031829.v2.0.NDVI.tif,HLS-VI.S30.T49SDA.2018301T031829.v2.0.NDVI.tif,S30,T49SDA,2018-10-28,2018301,031829,EPSG:32649,399960.0,3990240.0,509760.0,4100040.0,True
/home/ec2-user/ndvi_sqs_work/shaanxi/raw/HLS-VI.S30.T49SDB.2018301T031829.v2.0.NDVI.tif,HLS-VI.S30.T49SDB.2018301T031829.v2.0.NDVI.tif,S30,T49SDB,2018-10-28,2018301,031829,EPSG:32649,399960.0,4090200.0,509760.0,4200000.0,True
/home/ec2-user/ndvi_sqs_work/shaanxi/raw/HLS-VI.S30.T49SDC.2018301T031829.v2.0.NDVI.tif,HLS-VI.S30.T49SDC.2018301T031829.v2.0.NDVI.tif,S30,T49SDC,2018-10-28,2018301,031829,EPSG:32649,399960.0,4190220.0,509760.0,4300020.0,True
/home/ec2-user/ndvi_sqs_work/shaanxi/raw/HLS-VI.S30.T49SDD.2018301T031829.v2.0.NDVI.tif,HLS-VI.S30.T49SDD.2018301T031829.v2.0.NDVI.tif,S30,T49SDD,2018-10-28,2018301,031829,EPSG:32649,399960.0,4290240.0,509760.0,4400040.0,True
/home/ec2-user/ndvi_sqs_work/shaanxi/raw/HLS-VI.S30.T49SDS.2018301T031829.v2.0.NDVI.tif,HLS-VI.S30.T49SDS.2018301T031829.v2.0.NDVI.tif,S30,T49SDS,2018-10-28,2018301,031829,EPSG:32649,399960.0,3590220.0,509760.0,3700020.0,True
/home/ec2-user/ndvi_sqs_work/shaanxi/raw/HLS-VI.S30.T49SDT.2018301T031829.v2.0.NDVI.tif,HLS-VI.S30.T49SDT.2018301T031829.v2.0.NDVI.tif,S30,T49SDT,2018-10-28,2018301,031829,EPSG:32649,399960.0,3690240.0,509760.0,3800040.0,True
/home/ec2-user/ndvi_sqs_work/shaanxi/raw/HLS-VI.S30.T49SDU.2018301T031829.v2.0.NDVI.tif,HLS-VI.S30.T49SDU.2018301T031829.v2.0.NDVI.tif,S30,T49SDU,2018-10-28,2018301,031829,EPSG:32649,399960.0,3790200.0,509760.0,3900000.0,True
/home/ec2-user/ndvi_sqs_work/shaanxi/raw/HLS-VI.S30.T49SDV.2018301T031829.v2.0.NDVI.tif,HLS-VI.S30.T49SDV.2018301T031829.v2.0.NDVI.tif,S30,T49SDV,2018-10-28,2018301,031829,EPSG:32649,399960.0,3890220.0,509760.0,4000020.0,True
/home/ec2-user/ndvi_sqs_work/shaanxi/raw/HLS-VI.S30.T49SEC.2018301T031829.v2.0.NDVI.tif,HLS-VI.S30.T49SEC.2018301T031829.v2.0.NDVI.tif,S30,T49SEC,2018-10-28,2018301,031829,EPSG:32649,499980.0,4190220.0,609780.0,4300020.0,True
/home/ec2-user/ndvi_sqs_work/shaanxi/raw/HLS-VI.S30.T49SED.2018301T031829.v2.0.NDVI.tif,HLS-VI.S30.T49SED.2018301T031829.v2.0.NDVI.tif,S30,T49SED,2018-10-28,2018301,031829,EPSG:32649,499980.0,4290240.0,609780.0,4400040.0,True
/home/ec2-user/ndvi_sqs_work/shaanxi/raw/HLS-VI.S30.T49SES.2018301T031829.v2.0.NDVI.tif,HLS-VI.S30.T49SES.2018301T031829.v2.0.NDVI.tif,S30,T49SES,2018-10-28,2018301,031829,EPSG:32649,499980.0,3590220.0,609780.0,3700020.0,True
/home/ec2-user/ndvi_sqs_work/shaanxi/raw/HLS-VI.S30.T49SET.2018301T031829.v2.0.NDVI.tif,HLS-VI.S30.T49SET.2018301T031829.v2.0.NDVI.tif,S30,T49SET,2018-10-28,2018301,031829,EPSG:32649,499980.0,3690240.0,609780.0,3800040.0,True
/home/ec2-user/ndvi_sqs_work/shaanxi/raw/HLS-VI.S30.T48SXB.2018302T033841.v2.0.NDVI.tif,HLS-VI.S30.T48SXB.2018302T033841.v2.0.NDVI.tif,S30,T48SXB,2018-10-29,2018302,033841,EPSG:32648,600000.0,3590220.0,709800.0,3700020.0,True
/home/ec2-user/ndvi_sqs_work/shaanxi/raw/HLS-VI.S30.T48SXC.2018302T033841.v2.0.NDVI.tif,HLS-VI.S30.T48SXC.2018302T033841.v2.0.NDVI.tif,S30,T48SXC,2018-10-29,2018302,033841,EPSG:32648,600000.0,3690240.0,709800.0,3800040.0,True
/home/ec2-user/ndvi_sqs_work/shaanxi/raw/HLS-VI.S30.T48SXD.2018302T033841.v2.0.NDVI.tif,HLS-VI.S30.T48SXD.2018302T033841.v2.0.NDVI.tif,S30,T48SXD,2018-10-29,2018302,033841,EPSG:32648,600000.0,3790200.0,709800.0,3900000.0,True
/home/ec2-user/ndvi_sqs_work/shaanxi/raw/HLS-VI.S30.T48SXE.2018302T033841.v2.0.NDVI.tif,HLS-VI.S30.T48SXE.2018302T033841.v2.0.NDVI.tif,S30,T48SXE,2018-10-29,2018302,033841,EPSG:32648,600000.0,3890220.0,709800.0,4000020.0,True
/home/ec2-user/ndvi_sqs_work/shaanxi/raw/HLS-VI.S30.T48SXG.2018302T033841.v2.0.NDVI.tif,HLS-VI.S30.T48SXG.2018302T033841.v2.0.NDVI.tif,S30,T48SXG,2018-10-29,2018302,033841,EPSG:32648,600000.0,4090200.0,709800.0,4200000.0,True
/home/ec2-user/ndvi_sqs_work/shaanxi/raw/HLS-VI.S30.T48SYB.2018302T033841.v2.0.NDVI.tif,HLS-VI.S30.T48SYB.2018302T033841.v2.0.NDVI.tif,S30,T48SYB,2018-10-29,2018302,033841,EPSG:32648,699960.0,3590220.0,809760.0,3700020.0,True
/home/ec2-user/ndvi_sqs_work/shaanxi/raw/HLS-VI.S30.T48SYD.2018302T033841.v2.0.NDVI.tif,HLS-VI.S30.T48SYD.2018302T033841.v2.0.NDVI.tif,S30,T48SYD,2018-10-29,2018302,033841,EPSG:32648,699960.0,3790200.0,809760.0,3900000.0,True
/home/ec2-user/ndvi_sqs_work/shaanxi/raw/HLS-VI.S30.T48SYF.2018302T033841.v2.0.NDVI.tif,HLS-VI.S30.T48SYF.2018302T033841.v2.0.NDVI.tif,S30,T48SYF,2018-10-29,2018302,033841,EPSG:32648,699960.0,3990240.0,809760.0,4100040.0,True
/home/ec2-user/ndvi_sqs_work/shaanxi/raw/HLS-VI.S30.T48SYG.2018302T033841.v2.0.NDVI.tif,HLS-VI.S30.T48SYG.2018302T033841.v2.0.NDVI.tif,S30,T48SYG,2018-10-29,2018302,033841,EPSG:32648,699960.0,4090200.0,809760.0,4200000.0,True
/home/ec2-user/ndvi_sqs_work/shaanxi/raw/HLS-VI.S30.T48SYH.2018302T033841.v2.0.NDVI.tif,HLS-VI.S30.T48SYH.2018302T033841.v2.0.NDVI.tif,S30,T48SYH,2018-10-29,2018302,033841,EPSG:32648,699960.0,4190220.0,809760.0,4300020.0,True
/home/ec2-user/ndvi_sqs_work/shaanxi/raw/HLS-VI.S30.T49SBA.2018302T033841.v2.0.NDVI.tif,HLS-VI.S30.T49SBA.2018302T033841.v2.0.NDVI.tif,S30,T49SBA,2018-10-29,2018302,033841,EPSG:32649,199980.0,3990240.0,309780.0,4100040.0,True
/home/ec2-user/ndvi_sqs_work/shaanxi/raw/HLS-VI.S30.T49SBB.2018302T033841.v2.0.NDVI.tif,HLS-VI.S30.T49SBB.2018302T033841.v2.0.NDVI.tif,S30,T49SBB,2018-10-29,2018302,033841,EPSG:32649,199980.0,4090200.0,309780.0,4200000.0,True
/home/ec2-user/ndvi_sqs_work/shaanxi/raw/HLS-VI.S30.T49SBC.2018302T033841.v2.0.NDVI.tif,HLS-VI.S30.T49SBC.2018302T033841.v2.0.NDVI.tif,S30,T49SBC,2018-10-29,2018302,033841,EPSG:32649,199980.0,4190220.0,309780.0,4300020.0,True
/home/ec2-user/ndvi_sqs_work/shaanxi/raw/HLS-VI.S30.T49SBT.2018302T033841.v2.0.NDVI.tif,HLS-VI.S30.T49SBT.2018302T033841.v2.0.NDVI.tif,S30,T49SBT,2018-10-29,2018302,033841,EPSG:32649,199980.0,3690240.0,309780.0,3800040.0,True
/home/ec2-user/ndvi_sqs_work/shaanxi/raw/HLS-VI.S30.T49SBU.2018302T033841.v2.0.NDVI.tif,HLS-VI.S30.T49SBU.2018302T033841.v2.0.NDVI.tif,S30,T49SBU,2018-10-29,2018302,033841,EPSG:32649,199980.0,3790200.0,309780.0,3900000.0,True
/home/ec2-user/ndvi_sqs_work/shaanxi/raw/HLS-VI.S30.T49SBV.2018302T033841.v2.0.NDVI.tif,HLS-VI.S30.T49SBV.2018302T033841.v2.0.NDVI.tif,S30,T49SBV,2018-10-29,2018302,033841,EPSG:32649,199980.0,3890220.0,309780.0,4000020.0,True
/home/ec2-user/ndvi_sqs_work/shaanxi/raw/HLS-VI.S30.T49SCB.2018302T033841.v2.0.NDVI.tif,HLS-VI.S30.T49SCB.2018302T033841.v2.0.NDVI.tif,S30,T49SCB,2018-10-29,2018302,033841,EPSG:32649,300000.0,4090200.0,409800.0,4200000.0,True
/home/ec2-user/ndvi_sqs_work/shaanxi/raw/HLS-VI.S30.T49SCC.2018302T033841.v2.0.NDVI.tif,HLS-VI.S30.T49SCC.2018302T033841.v2.0.NDVI.tif,S30,T49SCC,2018-10-29,2018302,033841,EPSG:32649,300000.0,4190220.0,409800.0,4300020.0,True
/home/ec2-user/ndvi_sqs_work/shaanxi/raw/HLS-VI.S30.T48SXB.2018304T032849.v2.0.NDVI.tif,HLS-VI.S30.T48SXB.2018304T032849.v2.0.NDVI.tif,S30,T48SXB,2018-10-31,2018304,032849,EPSG:32648,600000.0,3590220.0,709800.0,3700020.0,True
/home/ec2-user/ndvi_sqs_work/shaanxi/raw/HLS-VI.S30.T48SXC.2018304T032849.v2.0.NDVI.tif,HLS-VI.S30.T48SXC.2018304T032849.v2.0.NDVI.tif,S30,T48SXC,2018-10-31,2018304,032849,EPSG:32648,600000.0,3690240.0,709800.0,3800040.0,True
/home/ec2-user/ndvi_sqs_work/shaanxi/raw/HLS-VI.S30.T48SXD.2018304T032849.v2.0.NDVI.tif,HLS-VI.S30.T48SXD.2018304T032849.v2.0.NDVI.tif,S30,T48SXD,2018-10-31,2018304,032849,EPSG:32648,600000.0,3790200.0,709800.0,3900000.0,True
/home/ec2-user/ndvi_sqs_work/shaanxi/raw/HLS-VI.S30.T48SYB.2018304T032849.v2.0.NDVI.tif,HLS-VI.S30.T48SYB.2018304T032849.v2.0.NDVI.tif,S30,T48SYB,2018-10-31,2018304,032849,EPSG:32648,699960.0,3590220.0,809760.0,3700020.0,True
/home/ec2-user/ndvi_sqs_work/shaanxi/raw/HLS-VI.S30.T48SYC.2018304T032849.v2.0.NDVI.tif,HLS-VI.S30.T48SYC.2018304T032849.v2.0.NDVI.tif,S30,T48SYC,2018-10-31,2018304,032849,EPSG:32648,699960.0,3690240.0,809760.0,3800040.0,True
/home/ec2-user/ndvi_sqs_work/shaanxi/raw/HLS-VI.S30.T48SYD.2018304T032849.v2.0.NDVI.tif,HLS-VI.S30.T48SYD.2018304T032849.v2.0.NDVI.tif,S30,T48SYD,2018-10-31,2018304,032849,EPSG:32648,699960.0,3790200.0,809760.0,3900000.0,True
/home/ec2-user/ndvi_sqs_work/shaanxi/raw/HLS-VI.S30.T48SYE.2018304T032849.v2.0.NDVI.tif,HLS-VI.S30.T48SYE.2018304T032849.v2.0.NDVI.tif,S30,T48SYE,2018-10-31,2018304,032849,EPSG:32648,699960.0,3890220.0,809760.0,4000020.0,True
/home/ec2-user/ndvi_sqs_work/shaanxi/raw/HLS-VI.S30.T48SYF.2018304T032849.v2.0.NDVI.tif,HLS-VI.S30.T48SYF.2018304T032849.v2.0.NDVI.tif,S30,T48SYF,2018-10-31,2018304,032849,EPSG:32648,699960.0,3990240.0,809760.0,4100040.0,True
/home/ec2-user/ndvi_sqs_work/shaanxi/raw/HLS-VI.S30.T49SBA.2018304T032849.v2.0.NDVI.tif,HLS-VI.S30.T49SBA.2018304T032849.v2.0.NDVI.tif,S30,T49SBA,2018-10-31,2018304,032849,EPSG:32649,199980.0,3990240.0,309780.0,4100040.0,True
/home/ec2-user/ndvi_sqs_work/shaanxi/raw/HLS-VI.S30.T49SBR.2018304T032849.v2.0.NDVI.tif,HLS-VI.S30.T49SBR.2018304T032849.v2.0.NDVI.tif,S30,T49SBR,2018-10-31,2018304,032849,EPSG:32649,199980.0,3490200.0,309780.0,3600000.0,True
/home/ec2-user/ndvi_sqs_work/shaanxi/raw/HLS-VI.S30.T49SBS.2018304T032849.v2.0.NDVI.tif,HLS-VI.S30.T49SBS.2018304T032849.v2.0.NDVI.tif,S30,T49SBS,2018-10-31,2018304,032849,EPSG:32649,199980.0,3590220.0,309780.0,3700020.0,True
/home/ec2-user/ndvi_sqs_work/shaanxi/raw/HLS-VI.S30.T49SBT.2018304T032849.v2.0.NDVI.tif,HLS-VI.S30.T49SBT.2018304T032849.v2.0.NDVI.tif,S30,T49SBT,2018-10-31,2018304,032849,EPSG:32649,199980.0,3690240.0,309780.0,3800040.0,True
/home/ec2-user/ndvi_sqs_work/shaanxi/raw/HLS-VI.S30.T49SBU.2018304T032849.v2.0.NDVI.tif,HLS-VI.S30.T49SBU.2018304T032849.v2.0.NDVI.tif,S30,T49SBU,2018-10-31,2018304,032849,EPSG:32649,199980.0,3790200.0,309780.0,3900000.0,True
/home/ec2-user/ndvi_sqs_work/shaanxi/raw/HLS-VI.S30.T49SBV.2018304T032849.v2.0.NDVI.tif,HLS-VI.S30.T49SBV.2018304T032849.v2.0.NDVI.tif,S30,T49SBV,2018-10-31,2018304,032849,EPSG:32649,199980.0,3890220.0,309780.0,4000020.0,True
/home/ec2-user/ndvi_sqs_work/shaanxi/raw/HLS-VI.S30.T49SCA.2018304T032849.v2.0.NDVI.tif,HLS-VI.S30.T49SCA.2018304T032849.v2.0.NDVI.tif,S30,T49SCA,2018-10-31,2018304,032849,EPSG:32649,300000.0,3990240.0,409800.0,4100040.0,True
/home/ec2-user/ndvi_sqs_work/shaanxi/raw/HLS-VI.S30.T49SCR.2018304T032849.v2.0.NDVI.tif,HLS-VI.S30.T49SCR.2018304T032849.v2.0.NDVI.tif,S30,T49SCR,2018-10-31,2018304,032849,EPSG:32649,300000.0,3490200.0,409800.0,3600000.0,True
/home/ec2-user/ndvi_sqs_work/shaanxi/raw/HLS-VI.S30.T49SCS.2018304T032849.v2.0.NDVI.tif,HLS-VI.S30.T49SCS.2018304T032849.v2.0.NDVI.tif,S30,T49SCS,2018-10-31,2018304,032849,EPSG:32649,300000.0,3590220.0,409800.0,3700020.0,True
/home/ec2-user/ndvi_sqs_work/shaanxi/raw/HLS-VI.S30.T49SCT.2018304T032849.v2.0.NDVI.tif,HLS-VI.S30.T49SCT.2018304T032849.v2.0.NDVI.tif,S30,T49SCT,2018-10-31,2018304,032849,EPSG:32649,300000.0,3690240.0,409800.0,3800040.0,True
/home/ec2-user/ndvi_sqs_work/shaanxi/raw/HLS-VI.S30.T49SCU.2018304T032849.v2.0.NDVI.tif,HLS-VI.S30.T49SCU.2018304T032849.v2.0.NDVI.tif,S30,T49SCU,2018-10-31,2018304,032849,EPSG:32649,300000.0,3790200.0,409800.0,3900000.0,True
/home/ec2-user/ndvi_sqs_work/shaanxi/raw/HLS-VI.S30.T49SCV.2018304T032849.v2.0.NDVI.tif,HLS-VI.S30.T49SCV.2018304T032849.v2.0.NDVI.tif,S30,T49SCV,2018-10-31,2018304,032849,EPSG:32649,300000.0,3890220.0,409800.0,4000020.0,True
/home/ec2-user/ndvi_sqs_work/shaanxi/raw/HLS-VI.S30.T49SDA.2018304T032849.v2.0.NDVI.tif,HLS-VI.S30.T49SDA.2018304T032849.v2.0.NDVI.tif,S30,T49SDA,2018-10-31,2018304,032849,EPSG:32649,399960.0,3990240.0,509760.0,4100040.0,True
/home/ec2-user/ndvi_sqs_work/shaanxi/raw/HLS-VI.S30.T49SDD.2018304T032849.v2.0.NDVI.tif,HLS-VI.S30.T49SDD.2018304T032849.v2.0.NDVI.tif,S30,T49SDD,2018-10-31,2018304,032849,EPSG:32649,399960.0,4290240.0,509760.0,4400040.0,True
/home/ec2-user/ndvi_sqs_work/shaanxi/raw/HLS-VI.S30.T49SDS.2018304T032849.v2.0.NDVI.tif,HLS-VI.S30.T49SDS.2018304T032849.v2.0.NDVI.tif,S30,T49SDS,2018-10-31,2018304,032849,EPSG:32649,399960.0,3590220.0,509760.0,3700020.0,True
/home/ec2-user/ndvi_sqs_work/shaanxi/raw/HLS-VI.S30.T49SDT.2018304T032849.v2.0.NDVI.tif,HLS-VI.S30.T49SDT.2018304T032849.v2.0.NDVI.tif,S30,T49SDT,2018-10-31,2018304,032849,EPSG:32649,399960.0,3690240.0,509760.0,3800040.0,True
/home/ec2-user/ndvi_sqs_work/shaanxi/raw/HLS-VI.S30.T49SDU.2018304T032849.v2.0.NDVI.tif,HLS-VI.S30.T49SDU.2018304T032849.v2.0.NDVI.tif,S30,T49SDU,2018-10-31,2018304,032849,EPSG:32649,399960.0,3790200.0,509760.0,3900000.0,True
/home/ec2-user/ndvi_sqs_work/shaanxi/raw/HLS-VI.S30.T49SDV.2018304T032849.v2.0.NDVI.tif,HLS-VI.S30.T49SDV.2018304T032849.v2.0.NDVI.tif,S30,T49SDV,2018-10-31,2018304,032849,EPSG:32649,399960.0,3890220.0,509760.0,4000020.0,True
/home/ec2-user/ndvi_sqs_work/shaanxi/raw/HLS-VI.S30.T49SEC.2018304T032849.v2.0.NDVI.tif,HLS-VI.S30.T49SEC.2018304T032849.v2.0.NDVI.tif,S30,T49SEC,2018-10-31,2018304,032849,EPSG:32649,499980.0,4190220.0,609780.0,4300020.0,True
/home/ec2-user/ndvi_sqs_work/shaanxi/raw/HLS-VI.S30.T49SED.2018304T032849.v2.0.NDVI.tif,HLS-VI.S30.T49SED.2018304T032849.v2.0.NDVI.tif,S30,T49SED,2018-10-31,2018304,032849,EPSG:32649,499980.0,4290240.0,609780.0,4400040.0,True
/home/ec2-user/ndvi_sqs_work/shaanxi/raw/HLS-VI.S30.T49SCS.2018306T031901.v2.0.NDVI.tif,HLS-VI.S30.T49SCS.2018306T031901.v2.0.NDVI.tif,S30,T49SCS,2018-11-02,2018306,031901,EPSG:32649,300000.0,3590220.0,409800.0,3700020.0,True
/home/ec2-user/ndvi_sqs_work/shaanxi/raw/HLS-VI.S30.T49SCT.2018306T031901.v2.0.NDVI.tif,HLS-VI.S30.T49SCT.2018306T031901.v2.0.NDVI.tif,S30,T49SCT,2018-11-02,2018306,031901,EPSG:32649,300000.0,3690240.0,409800.0,3800040.0,True
/home/ec2-user/ndvi_sqs_work/shaanxi/raw/HLS-VI.S30.T49SCU.2018306T031901.v2.0.NDVI.tif,HLS-VI.S30.T49SCU.2018306T031901.v2.0.NDVI.tif,S30,T49SCU,2018-11-02,2018306,031901,EPSG:32649,300000.0,3790200.0,409800.0,3900000.0,True
/home/ec2-user/ndvi_sqs_work/shaanxi/raw/HLS-VI.S30.T49SCV.2018306T031901.v2.0.NDVI.tif,HLS-VI.S30.T49SCV.2018306T031901.v2.0.NDVI.tif,S30,T49SCV,2018-11-02,2018306,031901,EPSG:32649,300000.0,3890220.0,409800.0,4000020.0,True
/home/ec2-user/ndvi_sqs_work/shaanxi/raw/HLS-VI.S30.T49SDA.2018306T031901.v2.0.NDVI.tif,HLS-VI.S30.T49SDA.2018306T031901.v2.0.NDVI.tif,S30,T49SDA,2018-11-02,2018306,031901,EPSG:32649,399960.0,3990240.0,509760.0,4100040.0,True
/home/ec2-user/ndvi_sqs_work/shaanxi/raw/HLS-VI.S30.T49SDB.2018306T031901.v2.0.NDVI.tif,HLS-VI.S30.T49SDB.2018306T031901.v2.0.NDVI.tif,S30,T49SDB,2018-11-02,2018306,031901,EPSG:32649,399960.0,4090200.0,509760.0,4200000.0,True
/home/ec2-user/ndvi_sqs_work/shaanxi/raw/HLS-VI.S30.T49SDC.2018306T031901.v2.0.NDVI.tif,HLS-VI.S30.T49SDC.2018306T031901.v2.0.NDVI.tif,S30,T49SDC,2018-11-02,2018306,031901,EPSG:32649,399960.0,4190220.0,509760.0,4300020.0,True
/home/ec2-user/ndvi_sqs_work/shaanxi/raw/HLS-VI.S30.T49SDD.2018306T031901.v2.0.NDVI.tif,HLS-VI.S30.T49SDD.2018306T031901.v2.0.NDVI.tif,S30,T49SDD,2018-11-02,2018306,031901,EPSG:32649,399960.0,4290240.0,509760.0,4400040.0,True
/home/ec2-user/ndvi_sqs_work/shaanxi/raw/HLS-VI.S30.T49SDS.2018306T031901.v2.0.NDVI.tif,HLS-VI.S30.T49SDS.2018306T031901.v2.0.NDVI.tif,S30,T49SDS,2018-11-02,2018306,031901,EPSG:32649,399960.0,3590220.0,509760.0,3700020.0,True
/home/ec2-user/ndvi_sqs_work/shaanxi/raw/HLS-VI.S30.T49SDT.2018306T031901.v2.0.NDVI.tif,HLS-VI.S30.T49SDT.2018306T031901.v2.0.NDVI.tif,S30,T49SDT,2018-11-02,2018306,031901,EPSG:32649,399960.0,3690240.0,509760.0,3800040.0,True
/home/ec2-user/ndvi_sqs_work/shaanxi/raw/HLS-VI.S30.T49SDU.2018306T031901.v2.0.NDVI.tif,HLS-VI.S30.T49SDU.2018306T031901.v2.0.NDVI.tif,S30,T49SDU,2018-11-02,2018306,031901,EPSG:32649,399960.0,3790200.0,509760.0,3900000.0,True
/home/ec2-user/ndvi_sqs_work/shaanxi/raw/HLS-VI.S30.T49SDV.2018306T031901.v2.0.NDVI.tif,HLS-VI.S30.T49SDV.2018306T031901.v2.0.NDVI.tif,S30,T49SDV,2018-11-02,2018306,031901,EPSG:32649,399960.0,3890220.0,509760.0,4000020.0,True
/home/ec2-user/ndvi_sqs_work/shaanxi/raw/HLS-VI.S30.T49SEC.2018306T031901.v2.0.NDVI.tif,HLS-VI.S30.T49SEC.2018306T031901.v2.0.NDVI.tif,S30,T49SEC,2018-11-02,2018306,031901,EPSG:32649,499980.0,4190220.0,609780.0,4300020.0,True
/home/ec2-user/ndvi_sqs_work/shaanxi/raw/HLS-VI.S30.T49SED.2018306T031901.v2.0.NDVI.tif,HLS-VI.S30.T49SED.2018306T031901.v2.0.NDVI.tif,S30,T49SED,2018-11-02,2018306,031901,EPSG:32649,499980.0,4290240.0,609780.0,4400040.0,True
/home/ec2-user/ndvi_sqs_work/shaanxi/raw/HLS-VI.S30.T49SES.2018306T031901.v2.0.NDVI.tif,HLS-VI.S30.T49SES.2018306T031901.v2.0.NDVI.tif,S30,T49SES,2018-11-02,2018306,031901,EPSG:32649,499980.0,3590220.0,609780.0,3700020.0,True
/home/ec2-user/ndvi_sqs_work/shaanxi/raw/HLS-VI.S30.T49SET.2018306T031901.v2.0.NDVI.tif,HLS-VI.S30.T49SET.2018306T031901.v2.0.NDVI.tif,S30,T49SET,2018-11-02,2018306,031901,EPSG:32649,499980.0,3690240.0,609780.0,3800040.0,True
/home/ec2-user/ndvi_sqs_work/shaanxi/raw/HLS-VI.S30.T48SXE.2018312T033941.v2.0.NDVI.tif,HLS-VI.S30.T48SXE.2018312T033941.v2.0.NDVI.tif,S30,T48SXE,2018-11-08,2018312,033941,EPSG:32648,600000.0,3890220.0,709800.0,4000020.0,True
/home/ec2-user/ndvi_sqs_work/shaanxi/raw/HLS-VI.S30.T48SXG.2018312T033941.v2.0.NDVI.tif,HLS-VI.S30.T48SXG.2018312T033941.v2.0.NDVI.tif,S30,T48SXG,2018-11-08,2018312,033941,EPSG:32648,600000.0,4090200.0,709800.0,4200000.0,True
/home/ec2-user/ndvi_sqs_work/shaanxi/raw/HLS-VI.S30.T48SYD.2018312T033941.v2.0.NDVI.tif,HLS-VI.S30.T48SYD.2018312T033941.v2.0.NDVI.tif,S30,T48SYD,2018-11-08,2018312,033941,EPSG:32648,699960.0,3790200.0,809760.0,3900000.0,True
/home/ec2-user/ndvi_sqs_work/shaanxi/raw/HLS-VI.S30.T48SYE.2018312T033941.v2.0.NDVI.tif,HLS-VI.S30.T48SYE.2018312T033941.v2.0.NDVI.tif,S30,T48SYE,2018-11-08,2018312,033941,EPSG:32648,699960.0,3890220.0,809760.0,4000020.0,True
/home/ec2-user/ndvi_sqs_work/shaanxi/raw/HLS-VI.S30.T48SYF.2018312T033941.v2.0.NDVI.tif,HLS-VI.S30.T48SYF.2018312T033941.v2.0.NDVI.tif,S30,T48SYF,2018-11-08,2018312,033941,EPSG:32648,699960.0,3990240.0,809760.0,4100040.0,True
/home/ec2-user/ndvi_sqs_work/shaanxi/raw/HLS-VI.S30.T48SYG.2018312T033941.v2.0.NDVI.tif,HLS-VI.S30.T48SYG.2018312T033941.v2.0.NDVI.tif,S30,T48SYG,2018-11-08,2018312,033941,EPSG:32648,699960.0,4090200.0,809760.0,4200000.0,True
/home/ec2-user/ndvi_sqs_work/shaanxi/raw/HLS-VI.S30.T48SYH.2018312T033941.v2.0.NDVI.tif,HLS-VI.S30.T48SYH.2018312T033941.v2.0.NDVI.tif,S30,T48SYH,2018-11-08,2018312,033941,EPSG:32648,699960.0,4190220.0,809760.0,4300020.0,True
/home/ec2-user/ndvi_sqs_work/shaanxi/raw/HLS-VI.S30.T49SBA.2018312T033941.v2.0.NDVI.tif,HLS-VI.S30.T49SBA.2018312T033941.v2.0.NDVI.tif,S30,T49SBA,2018-11-08,2018312,033941,EPSG:32649,199980.0,3990240.0,309780.0,4100040.0,True
/home/ec2-user/ndvi_sqs_work/shaanxi/raw/HLS-VI.S30.T49SBB.2018312T033941.v2.0.NDVI.tif,HLS-VI.S30.T49SBB.2018312T033941.v2.0.NDVI.tif,S30,T49SBB,2018-11-08,2018312,033941,EPSG:32649,199980.0,4090200.0,309780.0,4200000.0,True
/home/ec2-user/ndvi_sqs_work/shaanxi/raw/HLS-VI.S30.T49SBC.2018312T033941.v2.0.NDVI.tif,HLS-VI.S30.T49SBC.2018312T033941.v2.0.NDVI.tif,S30,T49SBC,2018-11-08,2018312,033941,EPSG:32649,199980.0,4190220.0,309780.0,4300020.0,True
/home/ec2-user/ndvi_sqs_work/shaanxi/raw/HLS-VI.S30.T49SBT.2018312T033941.v2.0.NDVI.tif,HLS-VI.S30.T49SBT.2018312T033941.v2.0.NDVI.tif,S30,T49SBT,2018-11-08,2018312,033941,EPSG:32649,199980.0,3690240.0,309780.0,3800040.0,True
/home/ec2-user/ndvi_sqs_work/shaanxi/raw/HLS-VI.S30.T49SBV.2018312T033941.v2.0.NDVI.tif,HLS-VI.S30.T49SBV.2018312T033941.v2.0.NDVI.tif,S30,T49SBV,2018-11-08,2018312,033941,EPSG:32649,199980.0,3890220.0,309780.0,4000020.0,True
/home/ec2-user/ndvi_sqs_work/shaanxi/raw/HLS-VI.S30.T49SCC.2018312T033941.v2.0.NDVI.tif,HLS-VI.S30.T49SCC.2018312T033941.v2.0.NDVI.tif,S30,T49SCC,2018-11-08,2018312,033941,EPSG:32649,300000.0,4190220.0,409800.0,4300020.0,True
/home/ec2-user/ndvi_sqs_work/shaanxi/raw/HLS-VI.S30.T49SCV.2018316T031951.v2.0.NDVI.tif,HLS-VI.S30.T49SCV.2018316T031951.v2.0.NDVI.tif,S30,T49SCV,2018-11-12,2018316,031951,EPSG:32649,300000.0,3890220.0,409800.0,4000020.0,True
/home/ec2-user/ndvi_sqs_work/shaanxi/raw/HLS-VI.S30.T49SDD.2018316T031951.v2.0.NDVI.tif,HLS-VI.S30.T49SDD.2018316T031951.v2.0.NDVI.tif,S30,T49SDD,2018-11-12,2018316,031951,EPSG:32649,399960.0,4290240.0,509760.0,4400040.0,True
/home/ec2-user/ndvi_sqs_work/shaanxi/raw/HLS-VI.S30.T49SEC.2018316T031951.v2.0.NDVI.tif,HLS-VI.S30.T49SEC.2018316T031951.v2.0.NDVI.tif,S30,T49SEC,2018-11-12,2018316,031951,EPSG:32649,499980.0,4190220.0,609780.0,4300020.0,True
/home/ec2-user/ndvi_sqs_work/shaanxi/raw/HLS-VI.S30.T49SED.2018316T031951.v2.0.NDVI.tif,HLS-VI.S30.T49SED.2018316T031951.v2.0.NDVI.tif,S30,T49SED,2018-11-12,2018316,031951,EPSG:32649,499980.0,4290240.0,609780.0,4400040.0,True
/home/ec2-user/ndvi_sqs_work/shaanxi/raw/HLS-VI.S30.T48SWC.2018322T034021.v2.0.NDVI.tif,HLS-VI.S30.T48SWC.2018322T034021.v2.0.NDVI.tif,S30,T48SWC,2018-11-18,2018322,034021,EPSG:32648,499980.0,3690240.0,609780.0,3800040.0,True
/home/ec2-user/ndvi_sqs_work/shaanxi/raw/HLS-VI.S30.T48SXC.2018322T034021.v2.0.NDVI.tif,HLS-VI.S30.T48SXC.2018322T034021.v2.0.NDVI.tif,S30,T48SXC,2018-11-18,2018322,034021,EPSG:32648,600000.0,3690240.0,709800.0,3800040.0,True
/home/ec2-user/ndvi_sqs_work/shaanxi/raw/HLS-VI.S30.T48SXD.2018322T034021.v2.0.NDVI.tif,HLS-VI.S30.T48SXD.2018322T034021.v2.0.NDVI.tif,S30,T48SXD,2018-11-18,2018322,034021,EPSG:32648,600000.0,3790200.0,709800.0,3900000.0,True
/home/ec2-user/ndvi_sqs_work/shaanxi/raw/HLS-VI.S30.T48SXE.2018322T034021.v2.0.NDVI.tif,HLS-VI.S30.T48SXE.2018322T034021.v2.0.NDVI.tif,S30,T48SXE,2018-11-18,2018322,034021,EPSG:32648,600000.0,3890220.0,709800.0,4000020.0,True
/home/ec2-user/ndvi_sqs_work/shaanxi/raw/HLS-VI.S30.T48SYE.2018322T034021.v2.0.NDVI.tif,HLS-VI.S30.T48SYE.2018322T034021.v2.0.NDVI.tif,S30,T48SYE,2018-11-18,2018322,034021,EPSG:32648,699960.0,3890220.0,809760.0,4000020.0,True
/home/ec2-user/ndvi_sqs_work/shaanxi/raw/HLS-VI.S30.T48SYF.2018322T034021.v2.0.NDVI.tif,HLS-VI.S30.T48SYF.2018322T034021.v2.0.NDVI.tif,S30,T48SYF,2018-11-18,2018322,034021,EPSG:32648,699960.0,3990240.0,809760.0,4100040.0,True
/home/ec2-user/ndvi_sqs_work/shaanxi/raw/HLS-VI.S30.T48SYG.2018322T034021.v2.0.NDVI.tif,HLS-VI.S30.T48SYG.2018322T034021.v2.0.NDVI.tif,S30,T48SYG,2018-11-18,2018322,034021,EPSG:32648,699960.0,4090200.0,809760.0,4200000.0,True
/home/ec2-user/ndvi_sqs_work/shaanxi/raw/HLS-VI.S30.T48SYH.2018322T034021.v2.0.NDVI.tif,HLS-VI.S30.T48SYH.2018322T034021.v2.0.NDVI.tif,S30,T48SYH,2018-11-18,2018322,034021,EPSG:32648,699960.0,4190220.0,809760.0,4300020.0,True
/home/ec2-user/ndvi_sqs_work/shaanxi/raw/HLS-VI.S30.T49SBA.2018322T034021.v2.0.NDVI.tif,HLS-VI.S30.T49SBA.2018322T034021.v2.0.NDVI.tif,S30,T49SBA,2018-11-18,2018322,034021,EPSG:32649,199980.0,3990240.0,309780.0,4100040.0,True
/home/ec2-user/ndvi_sqs_work/shaanxi/raw/HLS-VI.S30.T49SBB.2018322T034021.v2.0.NDVI.tif,HLS-VI.S30.T49SBB.2018322T034021.v2.0.NDVI.tif,S30,T49SBB,2018-11-18,2018322,034021,EPSG:32649,199980.0,4090200.0,309780.0,4200000.0,True
/home/ec2-user/ndvi_sqs_work/shaanxi/raw/HLS-VI.S30.T49SBC.2018322T034021.v2.0.NDVI.tif,HLS-VI.S30.T49SBC.2018322T034021.v2.0.NDVI.tif,S30,T49SBC,2018-11-18,2018322,034021,EPSG:32649,199980.0,4190220.0,309780.0,4300020.0,True
/home/ec2-user/ndvi_sqs_work/shaanxi/raw/HLS-VI.S30.T49SBU.2018322T034021.v2.0.NDVI.tif,HLS-VI.S30.T49SBU.2018322T034021.v2.0.NDVI.tif,S30,T49SBU,2018-11-18,2018322,034021,EPSG:32649,199980.0,3790200.0,309780.0,3900000.0,True
/home/ec2-user/ndvi_sqs_work/shaanxi/raw/HLS-VI.S30.T49SBV.2018322T034021.v2.0.NDVI.tif,HLS-VI.S30.T49SBV.2018322T034021.v2.0.NDVI.tif,S30,T49SBV,2018-11-18,2018322,034021,EPSG:32649,199980.0,3890220.0,309780.0,4000020.0,True
/home/ec2-user/ndvi_sqs_work/shaanxi/raw/HLS-VI.S30.T49SCB.2018322T034021.v2.0.NDVI.tif,HLS-VI.S30.T49SCB.2018322T034021.v2.0.NDVI.tif,S30,T49SCB,2018-11-18,2018322,034021,EPSG:32649,300000.0,4090200.0,409800.0,4200000.0,True
/home/ec2-user/ndvi_sqs_work/shaanxi/raw/HLS-VI.S30.T49SCC.2018322T034021.v2.0.NDVI.tif,HLS-VI.S30.T49SCC.2018322T034021.v2.0.NDVI.tif,S30,T49SCC,2018-11-18,2018322,034021,EPSG:32649,300000.0,4190220.0,409800.0,4300020.0,True
/home/ec2-user/ndvi_sqs_work/shaanxi/raw/HLS-VI.S30.T49SCU.2018326T032031.v2.0.NDVI.tif,HLS-VI.S30.T49SCU.2018326T032031.v2.0.NDVI.tif,S30,T49SCU,2018-11-22,2018326,032031,EPSG:32649,300000.0,3790200.0,409800.0,3900000.0,True
/home/ec2-user/ndvi_sqs_work/shaanxi/raw/HLS-VI.S30.T49SCV.2018326T032031.v2.0.NDVI.tif,HLS-VI.S30.T49SCV.2018326T032031.v2.0.NDVI.tif,S30,T49SCV,2018-11-22,2018326,032031,EPSG:32649,300000.0,3890220.0,409800.0,4000020.0,True
/home/ec2-user/ndvi_sqs_work/shaanxi/raw/HLS-VI.S30.T49SDA.2018326T032031.v2.0.NDVI.tif,HLS-VI.S30.T49SDA.2018326T032031.v2.0.NDVI.tif,S30,T49SDA,2018-11-22,2018326,032031,EPSG:32649,399960.0,3990240.0,509760.0,4100040.0,True
/home/ec2-user/ndvi_sqs_work/shaanxi/raw/HLS-VI.S30.T49SDB.2018326T032031.v2.0.NDVI.tif,HLS-VI.S30.T49SDB.2018326T032031.v2.0.NDVI.tif,S30,T49SDB,2018-11-22,2018326,032031,EPSG:32649,399960.0,4090200.0,509760.0,4200000.0,True
/home/ec2-user/ndvi_sqs_work/shaanxi/raw/HLS-VI.S30.T49SDC.2018326T032031.v2.0.NDVI.tif,HLS-VI.S30.T49SDC.2018326T032031.v2.0.NDVI.tif,S30,T49SDC,2018-11-22,2018326,032031,EPSG:32649,399960.0,4190220.0,509760.0,4300020.0,True
/home/ec2-user/ndvi_sqs_work/shaanxi/raw/HLS-VI.S30.T49SDD.2018326T032031.v2.0.NDVI.tif,HLS-VI.S30.T49SDD.2018326T032031.v2.0.NDVI.tif,S30,T49SDD,2018-11-22,2018326,032031,EPSG:32649,399960.0,4290240.0,509760.0,4400040.0,True
/home/ec2-user/ndvi_sqs_work/shaanxi/raw/HLS-VI.S30.T49SEC.2018326T032031.v2.0.NDVI.tif,HLS-VI.S30.T49SEC.2018326T032031.v2.0.NDVI.tif,S30,T49SEC,2018-11-22,2018326,032031,EPSG:32649,499980.0,4190220.0,609780.0,4300020.0,True
/home/ec2-user/ndvi_sqs_work/shaanxi/raw/HLS-VI.S30.T49SED.2018326T032031.v2.0.NDVI.tif,HLS-VI.S30.T49SED.2018326T032031.v2.0.NDVI.tif,S30,T49SED,2018-11-22,2018326,032031,EPSG:32649,499980.0,4290240.0,609780.0,4400040.0,True
/home/ec2-user/ndvi_sqs_work/shaanxi/raw/HLS-VI.S30.T48SXE.2018327T034049.v2.0.NDVI.tif,HLS-VI.S30.T48SXE.2018327T034049.v2.0.NDVI.tif,S30,T48SXE,2018-11-23,2018327,034049,EPSG:32648,600000.0,3890220.0,709800.0,4000020.0,True
/home/ec2-user/ndvi_sqs_work/shaanxi/raw/HLS-VI.S30.T48SXG.2018327T034049.v2.0.NDVI.tif,HLS-VI.S30.T48SXG.2018327T034049.v2.0.NDVI.tif,S30,T48SXG,2018-11-23,2018327,034049,EPSG:32648,600000.0,4090200.0,709800.0,4200000.0,True
/home/ec2-user/ndvi_sqs_work/shaanxi/raw/HLS-VI.S30.T48SYD.2018327T034049.v2.0.NDVI.tif,HLS-VI.S30.T48SYD.2018327T034049.v2.0.NDVI.tif,S30,T48SYD,2018-11-23,2018327,034049,EPSG:32648,699960.0,3790200.0,809760.0,3900000.0,True
/home/ec2-user/ndvi_sqs_work/shaanxi/raw/HLS-VI.S30.T48SYE.2018327T034049.v2.0.NDVI.tif,HLS-VI.S30.T48SYE.2018327T034049.v2.0.NDVI.tif,S30,T48SYE,2018-11-23,2018327,034049,EPSG:32648,699960.0,3890220.0,809760.0,4000020.0,True
/home/ec2-user/ndvi_sqs_work/shaanxi/raw/HLS-VI.S30.T48SYF.2018327T034049.v2.0.NDVI.tif,HLS-VI.S30.T48SYF.2018327T034049.v2.0.NDVI.tif,S30,T48SYF,2018-11-23,2018327,034049,EPSG:32648,699960.0,3990240.0,809760.0,4100040.0,True
/home/ec2-user/ndvi_sqs_work/shaanxi/raw/HLS-VI.S30.T48SYG.2018327T034049.v2.0.NDVI.tif,HLS-VI.S30.T48SYG.2018327T034049.v2.0.NDVI.tif,S30,T48SYG,2018-11-23,2018327,034049,EPSG:32648,699960.0,4090200.0,809760.0,4200000.0,True
/home/ec2-user/ndvi_sqs_work/shaanxi/raw/HLS-VI.S30.T48SYH.2018327T034049.v2.0.NDVI.tif,HLS-VI.S30.T48SYH.2018327T034049.v2.0.NDVI.tif,S30,T48SYH,2018-11-23,2018327,034049,EPSG:32648,699960.0,4190220.0,809760.0,4300020.0,True
/home/ec2-user/ndvi_sqs_work/shaanxi/raw/HLS-VI.S30.T49SBA.2018327T034049.v2.0.NDVI.tif,HLS-VI.S30.T49SBA.2018327T034049.v2.0.NDVI.tif,S30,T49SBA,2018-11-23,2018327,034049,EPSG:32649,199980.0,3990240.0,309780.0,4100040.0,True
/home/ec2-user/ndvi_sqs_work/shaanxi/raw/HLS-VI.S30.T49SBB.2018327T034049.v2.0.NDVI.tif,HLS-VI.S30.T49SBB.2018327T034049.v2.0.NDVI.tif,S30,T49SBB,2018-11-23,2018327,034049,EPSG:32649,199980.0,4090200.0,309780.0,4200000.0,True
/home/ec2-user/ndvi_sqs_work/shaanxi/raw/HLS-VI.S30.T49SBC.2018327T034049.v2.0.NDVI.tif,HLS-VI.S30.T49SBC.2018327T034049.v2.0.NDVI.tif,S30,T49SBC,2018-11-23,2018327,034049,EPSG:32649,199980.0,4190220.0,309780.0,4300020.0,True
/home/ec2-user/ndvi_sqs_work/shaanxi/raw/HLS-VI.S30.T49SBT.2018327T034049.v2.0.NDVI.tif,HLS-VI.S30.T49SBT.2018327T034049.v2.0.NDVI.tif,S30,T49SBT,2018-11-23,2018327,034049,EPSG:32649,199980.0,3690240.0,309780.0,3800040.0,True
/home/ec2-user/ndvi_sqs_work/shaanxi/raw/HLS-VI.S30.T49SBU.2018327T034049.v2.0.NDVI.tif,HLS-VI.S30.T49SBU.2018327T034049.v2.0.NDVI.tif,S30,T49SBU,2018-11-23,2018327,034049,EPSG:32649,199980.0,3790200.0,309780.0,3900000.0,True
/home/ec2-user/ndvi_sqs_work/shaanxi/raw/HLS-VI.S30.T49SBV.2018327T034049.v2.0.NDVI.tif,HLS-VI.S30.T49SBV.2018327T034049.v2.0.NDVI.tif,S30,T49SBV,2018-11-23,2018327,034049,EPSG:32649,199980.0,3890220.0,309780.0,4000020.0,True
/home/ec2-user/ndvi_sqs_work/shaanxi/raw/HLS-VI.S30.T49SCB.2018327T034049.v2.0.NDVI.tif,HLS-VI.S30.T49SCB.2018327T034049.v2.0.NDVI.tif,S30,T49SCB,2018-11-23,2018327,034049,EPSG:32649,300000.0,4090200.0,409800.0,4200000.0,True
/home/ec2-user/ndvi_sqs_work/shaanxi/raw/HLS-VI.S30.T49SCC.2018327T034049.v2.0.NDVI.tif,HLS-VI.S30.T49SCC.2018327T034049.v2.0.NDVI.tif,S30,T49SCC,2018-11-23,2018327,034049,EPSG:32649,300000.0,4190220.0,409800.0,4300020.0,True
/home/ec2-user/ndvi_sqs_work/shaanxi/raw/HLS-VI.S30.T48SXC.2018329T033051.v2.0.NDVI.tif,HLS-VI.S30.T48SXC.2018329T033051.v2.0.NDVI.tif,S30,T48SXC,2018-11-25,2018329,033051,EPSG:32648,600000.0,3690240.0,709800.0,3800040.0,True
/home/ec2-user/ndvi_sqs_work/shaanxi/raw/HLS-VI.S30.T48SXD.2018329T033051.v2.0.NDVI.tif,HLS-VI.S30.T48SXD.2018329T033051.v2.0.NDVI.tif,S30,T48SXD,2018-11-25,2018329,033051,EPSG:32648,600000.0,3790200.0,709800.0,3900000.0,True
/home/ec2-user/ndvi_sqs_work/shaanxi/raw/HLS-VI.S30.T48SYC.2018329T033051.v2.0.NDVI.tif,HLS-VI.S30.T48SYC.2018329T033051.v2.0.NDVI.tif,S30,T48SYC,2018-11-25,2018329,033051,EPSG:32648,699960.0,3690240.0,809760.0,3800040.0,True
/home/ec2-user/ndvi_sqs_work/shaanxi/raw/HLS-VI.S30.T48SYD.2018329T033051.v2.0.NDVI.tif,HLS-VI.S30.T48SYD.2018329T033051.v2.0.NDVI.tif,S30,T48SYD,2018-11-25,2018329,033051,EPSG:32648,699960.0,3790200.0,809760.0,3900000.0,True
/home/ec2-user/ndvi_sqs_work/shaanxi/raw/HLS-VI.S30.T48SYE.2018329T033051.v2.0.NDVI.tif,HLS-VI.S30.T48SYE.2018329T033051.v2.0.NDVI.tif,S30,T48SYE,2018-11-25,2018329,033051,EPSG:32648,699960.0,3890220.0,809760.0,4000020.0,True
/home/ec2-user/ndvi_sqs_work/shaanxi/raw/HLS-VI.S30.T48SYF.2018329T033051.v2.0.NDVI.tif,HLS-VI.S30.T48SYF.2018329T033051.v2.0.NDVI.tif,S30,T48SYF,2018-11-25,2018329,033051,EPSG:32648,699960.0,3990240.0,809760.0,4100040.0,True
/home/ec2-user/ndvi_sqs_work/shaanxi/raw/HLS-VI.S30.T48SYG.2018329T033051.v2.0.NDVI.tif,HLS-VI.S30.T48SYG.2018329T033051.v2.0.NDVI.tif,S30,T48SYG,2018-11-25,2018329,033051,EPSG:32648,699960.0,4090200.0,809760.0,4200000.0,True
/home/ec2-user/ndvi_sqs_work/shaanxi/raw/HLS-VI.S30.T48SYH.2018329T033051.v2.0.NDVI.tif,HLS-VI.S30.T48SYH.2018329T033051.v2.0.NDVI.tif,S30,T48SYH,2018-11-25,2018329,033051,EPSG:32648,699960.0,4190220.0,809760.0,4300020.0,True
/home/ec2-user/ndvi_sqs_work/shaanxi/raw/HLS-VI.S30.T49SBA.2018329T033051.v2.0.NDVI.tif,HLS-VI.S30.T49SBA.2018329T033051.v2.0.NDVI.tif,S30,T49SBA,2018-11-25,2018329,033051,EPSG:32649,199980.0,3990240.0,309780.0,4100040.0,True
/home/ec2-user/ndvi_sqs_work/shaanxi/raw/HLS-VI.S30.T49SBB.2018329T033051.v2.0.NDVI.tif,HLS-VI.S30.T49SBB.2018329T033051.v2.0.NDVI.tif,S30,T49SBB,2018-11-25,2018329,033051,EPSG:32649,199980.0,4090200.0,309780.0,4200000.0,True
/home/ec2-user/ndvi_sqs_work/shaanxi/raw/HLS-VI.S30.T49SBC.2018329T033051.v2.0.NDVI.tif,HLS-VI.S30.T49SBC.2018329T033051.v2.0.NDVI.tif,S30,T49SBC,2018-11-25,2018329,033051,EPSG:32649,199980.0,4190220.0,309780.0,4300020.0,True
/home/ec2-user/ndvi_sqs_work/shaanxi/raw/HLS-VI.S30.T49SBU.2018329T033051.v2.0.NDVI.tif,HLS-VI.S30.T49SBU.2018329T033051.v2.0.NDVI.tif,S30,T49SBU,2018-11-25,2018329,033051,EPSG:32649,199980.0,3790200.0,309780.0,3900000.0,True
/home/ec2-user/ndvi_sqs_work/shaanxi/raw/HLS-VI.S30.T49SBV.2018329T033051.v2.0.NDVI.tif,HLS-VI.S30.T49SBV.2018329T033051.v2.0.NDVI.tif,S30,T49SBV,2018-11-25,2018329,033051,EPSG:32649,199980.0,3890220.0,309780.0,4000020.0,True
/home/ec2-user/ndvi_sqs_work/shaanxi/raw/HLS-VI.S30.T49SCB.2018329T033051.v2.0.NDVI.tif,HLS-VI.S30.T49SCB.2018329T033051.v2.0.NDVI.tif,S30,T49SCB,2018-11-25,2018329,033051,EPSG:32649,300000.0,4090200.0,409800.0,4200000.0,True
/home/ec2-user/ndvi_sqs_work/shaanxi/raw/HLS-VI.S30.T49SCD.2018329T033051.v2.0.NDVI.tif,HLS-VI.S30.T49SCD.2018329T033051.v2.0.NDVI.tif,S30,T49SCD,2018-11-25,2018329,033051,EPSG:32649,300000.0,4290240.0,409800.0,4400040.0,True
/home/ec2-user/ndvi_sqs_work/shaanxi/raw/HLS-VI.S30.T49SCR.2018329T033051.v2.0.NDVI.tif,HLS-VI.S30.T49SCR.2018329T033051.v2.0.NDVI.tif,S30,T49SCR,2018-11-25,2018329,033051,EPSG:32649,300000.0,3490200.0,409800.0,3600000.0,True
/home/ec2-user/ndvi_sqs_work/shaanxi/raw/HLS-VI.S30.T49SCS.2018329T033051.v2.0.NDVI.tif,HLS-VI.S30.T49SCS.2018329T033051.v2.0.NDVI.tif,S30,T49SCS,2018-11-25,2018329,033051,EPSG:32649,300000.0,3590220.0,409800.0,3700020.0,True
/home/ec2-user/ndvi_sqs_work/shaanxi/raw/HLS-VI.S30.T49SCT.2018329T033051.v2.0.NDVI.tif,HLS-VI.S30.T49SCT.2018329T033051.v2.0.NDVI.tif,S30,T49SCT,2018-11-25,2018329,033051,EPSG:32649,300000.0,3690240.0,409800.0,3800040.0,True
/home/ec2-user/ndvi_sqs_work/shaanxi/raw/HLS-VI.S30.T49SDA.2018329T033051.v2.0.NDVI.tif,HLS-VI.S30.T49SDA.2018329T033051.v2.0.NDVI.tif,S30,T49SDA,2018-11-25,2018329,033051,EPSG:32649,399960.0,3990240.0,509760.0,4100040.0,True
/home/ec2-user/ndvi_sqs_work/shaanxi/raw/HLS-VI.S30.T49SDB.2018329T033051.v2.0.NDVI.tif,HLS-VI.S30.T49SDB.2018329T033051.v2.0.NDVI.tif,S30,T49SDB,2018-11-25,2018329,033051,EPSG:32649,399960.0,4090200.0,509760.0,4200000.0,True
/home/ec2-user/ndvi_sqs_work/shaanxi/raw/HLS-VI.S30.T49SDC.2018329T033051.v2.0.NDVI.tif,HLS-VI.S30.T49SDC.2018329T033051.v2.0.NDVI.tif,S30,T49SDC,2018-11-25,2018329,033051,EPSG:32649,399960.0,4190220.0,509760.0,4300020.0,True
/home/ec2-user/ndvi_sqs_work/shaanxi/raw/HLS-VI.S30.T49SDD.2018329T033051.v2.0.NDVI.tif,HLS-VI.S30.T49SDD.2018329T033051.v2.0.NDVI.tif,S30,T49SDD,2018-11-25,2018329,033051,EPSG:32649,399960.0,4290240.0,509760.0,4400040.0,True
/home/ec2-user/ndvi_sqs_work/shaanxi/raw/HLS-VI.S30.T49SDS.2018329T033051.v2.0.NDVI.tif,HLS-VI.S30.T49SDS.2018329T033051.v2.0.NDVI.tif,S30,T49SDS,2018-11-25,2018329,033051,EPSG:32649,399960.0,3590220.0,509760.0,3700020.0,True
/home/ec2-user/ndvi_sqs_work/shaanxi/raw/HLS-VI.S30.T49SDT.2018329T033051.v2.0.NDVI.tif,HLS-VI.S30.T49SDT.2018329T033051.v2.0.NDVI.tif,S30,T49SDT,2018-11-25,2018329,033051,EPSG:32649,399960.0,3690240.0,509760.0,3800040.0,True
/home/ec2-user/ndvi_sqs_work/shaanxi/raw/HLS-VI.S30.T49SDU.2018329T033051.v2.0.NDVI.tif,HLS-VI.S30.T49SDU.2018329T033051.v2.0.NDVI.tif,S30,T49SDU,2018-11-25,2018329,033051,EPSG:32649,399960.0,3790200.0,509760.0,3900000.0,True
/home/ec2-user/ndvi_sqs_work/shaanxi/raw/HLS-VI.S30.T49SDV.2018329T033051.v2.0.NDVI.tif,HLS-VI.S30.T49SDV.2018329T033051.v2.0.NDVI.tif,S30,T49SDV,2018-11-25,2018329,033051,EPSG:32649,399960.0,3890220.0,509760.0,4000020.0,True
/home/ec2-user/ndvi_sqs_work/shaanxi/raw/HLS-VI.S30.T49SEC.2018329T033051.v2.0.NDVI.tif,HLS-VI.S30.T49SEC.2018329T033051.v2.0.NDVI.tif,S30,T49SEC,2018-11-25,2018329,033051,EPSG:32649,499980.0,4190220.0,609780.0,4300020.0,True
/home/ec2-user/ndvi_sqs_work/shaanxi/raw/HLS-VI.S30.T49SED.2018329T033051.v2.0.NDVI.tif,HLS-VI.S30.T49SED.2018329T033051.v2.0.NDVI.tif,S30,T49SED,2018-11-25,2018329,033051,EPSG:32649,499980.0,4290240.0,609780.0,4400040.0,True
/home/ec2-user/ndvi_sqs_work/shaanxi/raw/HLS-VI.S30.T49SDC.2018331T032049.v2.0.NDVI.tif,HLS-VI.S30.T49SDC.2018331T032049.v2.0.NDVI.tif,S30,T49SDC,2018-11-27,2018331,032049,EPSG:32649,399960.0,4190220.0,509760.0,4300020.0,True
/home/ec2-user/ndvi_sqs_work/shaanxi/raw/HLS-VI.S30.T49SDD.2018331T032049.v2.0.NDVI.tif,HLS-VI.S30.T49SDD.2018331T032049.v2.0.NDVI.tif,S30,T49SDD,2018-11-27,2018331,032049,EPSG:32649,399960.0,4290240.0,509760.0,4400040.0,True
/home/ec2-user/ndvi_sqs_work/shaanxi/raw/HLS-VI.S30.T49SEC.2018331T032049.v2.0.NDVI.tif,HLS-VI.S30.T49SEC.2018331T032049.v2.0.NDVI.tif,S30,T49SEC,2018-11-27,2018331,032049,EPSG:32649,499980.0,4190220.0,609780.0,4300020.0,True
/home/ec2-user/ndvi_sqs_work/shaanxi/raw/HLS-VI.S30.T49SED.2018331T032049.v2.0.NDVI.tif,HLS-VI.S30.T49SED.2018331T032049.v2.0.NDVI.tif,S30,T49SED,2018-11-27,2018331,032049,EPSG:32649,499980.0,4290240.0,609780.0,4400040.0,True
/home/ec2-user/ndvi_sqs_work/shaanxi/raw/HLS-VI.S30.T48SYD.2018332T034101.v2.0.NDVI.tif,HLS-VI.S30.T48SYD.2018332T034101.v2.0.NDVI.tif,S30,T48SYD,2018-11-28,2018332,034101,EPSG:32648,699960.0,3790200.0,809760.0,3900000.0,True
/home/ec2-user/ndvi_sqs_work/shaanxi/raw/HLS-VI.S30.T49SBT.2018332T034101.v2.0.NDVI.tif,HLS-VI.S30.T49SBT.2018332T034101.v2.0.NDVI.tif,S30,T49SBT,2018-11-28,2018332,034101,EPSG:32649,199980.0,3690240.0,309780.0,3800040.0,True
/home/ec2-user/ndvi_sqs_work/shaanxi/raw/HLS-VI.S30.T49SBU.2018332T034101.v2.0.NDVI.tif,HLS-VI.S30.T49SBU.2018332T034101.v2.0.NDVI.tif,S30,T49SBU,2018-11-28,2018332,034101,EPSG:32649,199980.0,3790200.0,309780.0,3900000.0,True
/home/ec2-user/ndvi_sqs_work/shaanxi/raw/HLS-VI.S30.T48SYH.2018344T033129.v2.0.NDVI.tif,HLS-VI.S30.T48SYH.2018344T033129.v2.0.NDVI.tif,S30,T48SYH,2018-12-10,2018344,033129,EPSG:32648,699960.0,4190220.0,809760.0,4300020.0,True
/home/ec2-user/ndvi_sqs_work/shaanxi/raw/HLS-VI.S30.T49SBC.2018344T033129.v2.0.NDVI.tif,HLS-VI.S30.T49SBC.2018344T033129.v2.0.NDVI.tif,S30,T49SBC,2018-12-10,2018344,033129,EPSG:32649,199980.0,4190220.0,309780.0,4300020.0,True
/home/ec2-user/ndvi_sqs_work/shaanxi/raw/HLS-VI.S30.T49SCC.2018344T033129.v2.0.NDVI.tif,HLS-VI.S30.T49SCC.2018344T033129.v2.0.NDVI.tif,S30,T49SCC,2018-12-10,2018344,033129,EPSG:32649,300000.0,4190220.0,409800.0,4300020.0,True
/home/ec2-user/ndvi_sqs_work/shaanxi/raw/HLS-VI.S30.T49SCD.2018344T033129.v2.0.NDVI.tif,HLS-VI.S30.T49SCD.2018344T033129.v2.0.NDVI.tif,S30,T49SCD,2018-12-10,2018344,033129,EPSG:32649,300000.0,4290240.0,409800.0,4400040.0,True
/home/ec2-user/ndvi_sqs_work/shaanxi/raw/HLS-VI.S30.T49SDC.2018344T033129.v2.0.NDVI.tif,HLS-VI.S30.T49SDC.2018344T033129.v2.0.NDVI.tif,S30,T49SDC,2018-12-10,2018344,033129,EPSG:32649,399960.0,4190220.0,509760.0,4300020.0,True
/home/ec2-user/ndvi_sqs_work/shaanxi/raw/HLS-VI.S30.T49SCV.2018346T032121.v2.0.NDVI.tif,HLS-VI.S30.T49SCV.2018346T032121.v2.0.NDVI.tif,S30,T49SCV,2018-12-12,2018346,032121,EPSG:32649,300000.0,3890220.0,409800.0,4000020.0,True
/home/ec2-user/ndvi_sqs_work/shaanxi/raw/HLS-VI.S30.T49SDA.2018346T032121.v2.0.NDVI.tif,HLS-VI.S30.T49SDA.2018346T032121.v2.0.NDVI.tif,S30,T49SDA,2018-12-12,2018346,032121,EPSG:32649,399960.0,3990240.0,509760.0,4100040.0,True
/home/ec2-user/ndvi_sqs_work/shaanxi/raw/HLS-VI.S30.T49SDB.2018346T032121.v2.0.NDVI.tif,HLS-VI.S30.T49SDB.2018346T032121.v2.0.NDVI.tif,S30,T49SDB,2018-12-12,2018346,032121,EPSG:32649,399960.0,4090200.0,509760.0,4200000.0,True
/home/ec2-user/ndvi_sqs_work/shaanxi/raw/HLS-VI.S30.T49SDC.2018346T032121.v2.0.NDVI.tif,HLS-VI.S30.T49SDC.2018346T032121.v2.0.NDVI.tif,S30,T49SDC,2018-12-12,2018346,032121,EPSG:32649,399960.0,4190220.0,509760.0,4300020.0,True
/home/ec2-user/ndvi_sqs_work/shaanxi/raw/HLS-VI.S30.T49SDD.2018346T032121.v2.0.NDVI.tif,HLS-VI.S30.T49SDD.2018346T032121.v2.0.NDVI.tif,S30,T49SDD,2018-12-12,2018346,032121,EPSG:32649,399960.0,4290240.0,509760.0,4400040.0,True
/home/ec2-user/ndvi_sqs_work/shaanxi/raw/HLS-VI.S30.T49SDT.2018346T032121.v2.0.NDVI.tif,HLS-VI.S30.T49SDT.2018346T032121.v2.0.NDVI.tif,S30,T49SDT,2018-12-12,2018346,032121,EPSG:32649,399960.0,3690240.0,509760.0,3800040.0,True
/home/ec2-user/ndvi_sqs_work/shaanxi/raw/HLS-VI.S30.T49SDU.2018346T032121.v2.0.NDVI.tif,HLS-VI.S30.T49SDU.2018346T032121.v2.0.NDVI.tif,S30,T49SDU,2018-12-12,2018346,032121,EPSG:32649,399960.0,3790200.0,509760.0,3900000.0,True
/home/ec2-user/ndvi_sqs_work/shaanxi/raw/HLS-VI.S30.T49SDV.2018346T032121.v2.0.NDVI.tif,HLS-VI.S30.T49SDV.2018346T032121.v2.0.NDVI.tif,S30,T49SDV,2018-12-12,2018346,032121,EPSG:32649,399960.0,3890220.0,509760.0,4000020.0,True
/home/ec2-user/ndvi_sqs_work/shaanxi/raw/HLS-VI.S30.T49SEC.2018346T032121.v2.0.NDVI.tif,HLS-VI.S30.T49SEC.2018346T032121.v2.0.NDVI.tif,S30,T49SEC,2018-12-12,2018346,032121,EPSG:32649,499980.0,4190220.0,609780.0,4300020.0,True
/home/ec2-user/ndvi_sqs_work/shaanxi/raw/HLS-VI.S30.T49SBT.2018347T034139.v2.0.NDVI.tif,HLS-VI.S30.T49SBT.2018347T034139.v2.0.NDVI.tif,S30,T49SBT,2018-12-13,2018347,034139,EPSG:32649,199980.0,3690240.0,309780.0,3800040.0,True
/home/ec2-user/ndvi_sqs_work/shaanxi/raw/HLS-VI.S30.T49SCR.2018351T032129.v2.0.NDVI.tif,HLS-VI.S30.T49SCR.2018351T032129.v2.0.NDVI.tif,S30,T49SCR,2018-12-17,2018351,032129,EPSG:32649,300000.0,3490200.0,409800.0,3600000.0,True
/home/ec2-user/ndvi_sqs_work/shaanxi/raw/HLS-VI.S30.T49SCT.2018351T032129.v2.0.NDVI.tif,HLS-VI.S30.T49SCT.2018351T032129.v2.0.NDVI.tif,S30,T49SCT,2018-12-17,2018351,032129,EPSG:32649,300000.0,3690240.0,409800.0,3800040.0,True
/home/ec2-user/ndvi_sqs_work/shaanxi/raw/HLS-VI.S30.T49SCU.2018351T032129.v2.0.NDVI.tif,HLS-VI.S30.T49SCU.2018351T032129.v2.0.NDVI.tif,S30,T49SCU,2018-12-17,2018351,032129,EPSG:32649,300000.0,3790200.0,409800.0,3900000.0,True
/home/ec2-user/ndvi_sqs_work/shaanxi/raw/HLS-VI.S30.T49SCV.2018351T032129.v2.0.NDVI.tif,HLS-VI.S30.T49SCV.2018351T032129.v2.0.NDVI.tif,S30,T49SCV,2018-12-17,2018351,032129,EPSG:32649,300000.0,3890220.0,409800.0,4000020.0,True
/home/ec2-user/ndvi_sqs_work/shaanxi/raw/HLS-VI.S30.T49SDA.2018351T032129.v2.0.NDVI.tif,HLS-VI.S30.T49SDA.2018351T032129.v2.0.NDVI.tif,S30,T49SDA,2018-12-17,2018351,032129,EPSG:32649,399960.0,3990240.0,509760.0,4100040.0,True
/home/ec2-user/ndvi_sqs_work/shaanxi/raw/HLS-VI.S30.T49SDB.2018351T032129.v2.0.NDVI.tif,HLS-VI.S30.T49SDB.2018351T032129.v2.0.NDVI.tif,S30,T49SDB,2018-12-17,2018351,032129,EPSG:32649,399960.0,4090200.0,509760.0,4200000.0,True
/home/ec2-user/ndvi_sqs_work/shaanxi/raw/HLS-VI.S30.T49SDC.2018351T032129.v2.0.NDVI.tif,HLS-VI.S30.T49SDC.2018351T032129.v2.0.NDVI.tif,S30,T49SDC,2018-12-17,2018351,032129,EPSG:32649,399960.0,4190220.0,509760.0,4300020.0,True
/home/ec2-user/ndvi_sqs_work/shaanxi/raw/HLS-VI.S30.T49SDD.2018351T032129.v2.0.NDVI.tif,HLS-VI.S30.T49SDD.2018351T032129.v2.0.NDVI.tif,S30,T49SDD,2018-12-17,2018351,032129,EPSG:32649,399960.0,4290240.0,509760.0,4400040.0,True
/home/ec2-user/ndvi_sqs_work/shaanxi/raw/HLS-VI.S30.T49SDS.2018351T032129.v2.0.NDVI.tif,HLS-VI.S30.T49SDS.2018351T032129.v2.0.NDVI.tif,S30,T49SDS,2018-12-17,2018351,032129,EPSG:32649,399960.0,3590220.0,509760.0,3700020.0,True
/home/ec2-user/ndvi_sqs_work/shaanxi/raw/HLS-VI.S30.T49SDU.2018351T032129.v2.0.NDVI.tif,HLS-VI.S30.T49SDU.2018351T032129.v2.0.NDVI.tif,S30,T49SDU,2018-12-17,2018351,032129,EPSG:32649,399960.0,3790200.0,509760.0,3900000.0,True
/home/ec2-user/ndvi_sqs_work/shaanxi/raw/HLS-VI.S30.T49SDV.2018351T032129.v2.0.NDVI.tif,HLS-VI.S30.T49SDV.2018351T032129.v2.0.NDVI.tif,S30,T49SDV,2018-12-17,2018351,032129,EPSG:32649,399960.0,3890220.0,509760.0,4000020.0,True
/home/ec2-user/ndvi_sqs_work/shaanxi/raw/HLS-VI.S30.T49SED.2018351T032129.v2.0.NDVI.tif,HLS-VI.S30.T49SED.2018351T032129.v2.0.NDVI.tif,S30,T49SED,2018-12-17,2018351,032129,EPSG:32649,499980.0,4290240.0,609780.0,4400040.0,True
/home/ec2-user/ndvi_sqs_work/shaanxi/raw/HLS-VI.S30.T49SES.2018351T032129.v2.0.NDVI.tif,HLS-VI.S30.T49SES.2018351T032129.v2.0.NDVI.tif,S30,T49SES,2018-12-17,2018351,032129,EPSG:32649,499980.0,3590220.0,609780.0,3700020.0,True
/home/ec2-user/ndvi_sqs_work/shaanxi/raw/HLS-VI.S30.T49SET.2018351T032129.v2.0.NDVI.tif,HLS-VI.S30.T49SET.2018351T032129.v2.0.NDVI.tif,S30,T49SET,2018-12-17,2018351,032129,EPSG:32649,499980.0,3690240.0,609780.0,3800040.0,True
/home/ec2-user/ndvi_sqs_work/shaanxi/raw/HLS-VI.S30.T48SXG.2018352T034141.v2.0.NDVI.tif,HLS-VI.S30.T48SXG.2018352T034141.v2.0.NDVI.tif,S30,T48SXG,2018-12-18,2018352,034141,EPSG:32648,600000.0,4090200.0,709800.0,4200000.0,True
/home/ec2-user/ndvi_sqs_work/shaanxi/raw/HLS-VI.S30.T48SYG.2018352T034141.v2.0.NDVI.tif,HLS-VI.S30.T48SYG.2018352T034141.v2.0.NDVI.tif,S30,T48SYG,2018-12-18,2018352,034141,EPSG:32648,699960.0,4090200.0,809760.0,4200000.0,True
/home/ec2-user/ndvi_sqs_work/shaanxi/raw/HLS-VI.S30.T48SYH.2018352T034141.v2.0.NDVI.tif,HLS-VI.S30.T48SYH.2018352T034141.v2.0.NDVI.tif,S30,T48SYH,2018-12-18,2018352,034141,EPSG:32648,699960.0,4190220.0,809760.0,4300020.0,True
/home/ec2-user/ndvi_sqs_work/shaanxi/raw/HLS-VI.S30.T49SBB.2018352T034141.v2.0.NDVI.tif,HLS-VI.S30.T49SBB.2018352T034141.v2.0.NDVI.tif,S30,T49SBB,2018-12-18,2018352,034141,EPSG:32649,199980.0,4090200.0,309780.0,4200000.0,True
/home/ec2-user/ndvi_sqs_work/shaanxi/raw/HLS-VI.S30.T49SBC.2018352T034141.v2.0.NDVI.tif,HLS-VI.S30.T49SBC.2018352T034141.v2.0.NDVI.tif,S30,T49SBC,2018-12-18,2018352,034141,EPSG:32649,199980.0,4190220.0,309780.0,4300020.0,True
/home/ec2-user/ndvi_sqs_work/shaanxi/raw/HLS-VI.S30.T49SCB.2018352T034141.v2.0.NDVI.tif,HLS-VI.S30.T49SCB.2018352T034141.v2.0.NDVI.tif,S30,T49SCB,2018-12-18,2018352,034141,EPSG:32649,300000.0,4090200.0,409800.0,4200000.0,True
/home/ec2-user/ndvi_sqs_work/shaanxi/raw/HLS-VI.S30.T49SCC.2018352T034141.v2.0.NDVI.tif,HLS-VI.S30.T49SCC.2018352T034141.v2.0.NDVI.tif,S30,T49SCC,2018-12-18,2018352,034141,EPSG:32649,300000.0,4190220.0,409800.0,4300020.0,True
/home/ec2-user/ndvi_sqs_work/shaanxi/raw/HLS-VI.S30.T48SYG.2018357T034149.v2.0.NDVI.tif,HLS-VI.S30.T48SYG.2018357T034149.v2.0.NDVI.tif,S30,T48SYG,2018-12-23,2018357,034149,EPSG:32648,699960.0,4090200.0,809760.0,4200000.0,True
/home/ec2-user/ndvi_sqs_work/shaanxi/raw/HLS-VI.S30.T49SBB.2018357T034149.v2.0.NDVI.tif,HLS-VI.S30.T49SBB.2018357T034149.v2.0.NDVI.tif,S30,T49SBB,2018-12-23,2018357,034149,EPSG:32649,199980.0,4090200.0,309780.0,4200000.0,True
/home/ec2-user/ndvi_sqs_work/shaanxi/raw/HLS-VI.S30.T49SCB.2018357T034149.v2.0.NDVI.tif,HLS-VI.S30.T49SCB.2018357T034149.v2.0.NDVI.tif,S30,T49SCB,2018-12-23,2018357,034149,EPSG:32649,300000.0,4090200.0,409800.0,4200000.0,True
/home/ec2-user/ndvi_sqs_work/shaanxi/raw/HLS-VI.S30.T49SCD.2018359T033141.v2.0.NDVI.tif,HLS-VI.S30.T49SCD.2018359T033141.v2.0.NDVI.tif,S30,T49SCD,2018-12-25,2018359,033141,EPSG:32649,300000.0,4290240.0,409800.0,4400040.0,True
/home/ec2-user/ndvi_sqs_work/shaanxi/raw/HLS-VI.S30.T49SDD.2018359T033141.v2.0.NDVI.tif,HLS-VI.S30.T49SDD.2018359T033141.v2.0.NDVI.tif,S30,T49SDD,2018-12-25,2018359,033141,EPSG:32649,399960.0,4290240.0,509760.0,4400040.0,True
/home/ec2-user/ndvi_sqs_work/shaanxi/raw/HLS-VI.S30.T49SED.2018359T033141.v2.0.NDVI.tif,HLS-VI.S30.T49SED.2018359T033141.v2.0.NDVI.tif,S30,T49SED,2018-12-25,2018359,033141,EPSG:32649,499980.0,4290240.0,609780.0,4400040.0,True
/home/ec2-user/ndvi_sqs_work/shaanxi/raw/HLS-VI.S30.T49SDD.2018361T032139.v2.0.NDVI.tif,HLS-VI.S30.T49SDD.2018361T032139.v2.0.NDVI.tif,S30,T49SDD,2018-12-27,2018361,032139,EPSG:32649,399960.0,4290240.0,509760.0,4400040.0,True
/home/ec2-user/ndvi_sqs_work/shaanxi/raw/HLS-VI.S30.T49SED.2018361T032139.v2.0.NDVI.tif,HLS-VI.S30.T49SED.2018361T032139.v2.0.NDVI.tif,S30,T49SED,2018-12-27,2018361,032139,EPSG:32649,499980.0,4290240.0,609780.0,4400040.0,True
/home/ec2-user/ndvi_sqs_work/shaanxi/raw/HLS-VI.S30.T49SBV.2018362T034141.v2.0.NDVI.tif,HLS-VI.S30.T49SBV.2018362T034141.v2.0.NDVI.tif,S30,T49SBV,2018-12-28,2018362,034141,EPSG:32649,199980.0,3890220.0,309780.0,4000020.0,True
/home/ec2-user/ndvi_sqs_work/shaanxi/raw/HLS-VI.S30.T49SCU.2018364T033139.v2.0.NDVI.tif,HLS-VI.S30.T49SCU.2018364T033139.v2.0.NDVI.tif,S30,T49SCU,2018-12-30,2018364,033139,EPSG:32649,300000.0,3790200.0,409800.0,3900000.0,True
/home/ec2-user/ndvi_sqs_work/shaanxi/raw/HLS-VI.S30.T49SCV.2018364T033139.v2.0.NDVI.tif,HLS-VI.S30.T49SCV.2018364T033139.v2.0.NDVI.tif,S30,T49SCV,2018-12-30,2018364,033139,EPSG:32649,300000.0,3890220.0,409800.0,4000020.0,True
