path,filename,sensor,tile,date,julian_date,hms
/home/ec2-user/ndvi_sqs_work/gansu/raw/HLS-VI.S30.T47SPD.2018001T041721.v2.0.NDVI.tif,HLS-VI.S30.T47SPD.2018001T041721.v2.0.NDVI.tif,S30,T47SPD,2018-01-01,2018001,041721
/home/ec2-user/ndvi_sqs_work/gansu/raw/HLS-VI.S30.T47SQC.2018001T041721.v2.0.NDVI.tif,HLS-VI.S30.T47SQC.2018001T041721.v2.0.NDVI.tif,S30,T47SQC,2018-01-01,2018001,041721
/home/ec2-user/ndvi_sqs_work/gansu/raw/HLS-VI.S30.T47SQD.2018001T041721.v2.0.NDVI.tif,HLS-VI.S30.T47SQD.2018001T041721.v2.0.NDVI.tif,S30,T47SQD,2018-01-01,2018001,041721
/home/ec2-user/ndvi_sqs_work/gansu/raw/HLS-VI.S30.T48STH.2018001T041721.v2.0.NDVI.tif,HLS-VI.S30.T48STH.2018001T041721.v2.0.NDVI.tif,S30,T48STH,2018-01-01,2018001,041721
/home/ec2-user/ndvi_sqs_work/gansu/raw/HLS-VI.S30.T48STJ.2018001T041721.v2.0.NDVI.tif,HLS-VI.S30.T48STJ.2018001T041721.v2.0.NDVI.tif,S30,T48STJ,2018-01-01,2018001,041721
/home/ec2-user/ndvi_sqs_work/gansu/raw/HLS-VI.S30.T46TGN.2018002T043149.v2.0.NDVI.tif,HLS-VI.S30.T46TGN.2018002T043149.v2.0.NDVI.tif,S30,T46TGN,2018-01-02,2018002,043149
/home/ec2-user/ndvi_sqs_work/gansu/raw/HLS-VI.S30.T47TLF.2018002T043149.v2.0.NDVI.tif,HLS-VI.S30.T47TLF.2018002T043149.v2.0.NDVI.tif,S30,T47TLF,2018-01-02,2018002,043149
/home/ec2-user/ndvi_sqs_work/gansu/raw/HLS-VI.S30.T46TDK.2018005T044149.v2.0.NDVI.tif,HLS-VI.S30.T46TDK.2018005T044149.v2.0.NDVI.tif,S30,T46TDK,2018-01-05,2018005,044149
/home/ec2-user/ndvi_sqs_work/gansu/raw/HLS-VI.S30.T46TEL.2018005T044149.v2.0.NDVI.tif,HLS-VI.S30.T46TEL.2018005T044149.v2.0.NDVI.tif,S30,T46TEL,2018-01-05,2018005,044149
/home/ec2-user/ndvi_sqs_work/gansu/raw/HLS-VI.S30.T46TEK.2018007T043701.v2.0.NDVI.tif,HLS-VI.S30.T46TEK.2018007T043701.v2.0.NDVI.tif,S30,T46TEK,2018-01-07,2018007,043701
/home/ec2-user/ndvi_sqs_work/gansu/raw/HLS-VI.S30.T46TEL.2018007T043701.v2.0.NDVI.tif,HLS-VI.S30.T46TEL.2018007T043701.v2.0.NDVI.tif,S30,T46TEL,2018-01-07,2018007,043701
/home/ec2-user/ndvi_sqs_work/gansu/raw/HLS-VI.S30.T46TFL.2018007T043701.v2.0.NDVI.tif,HLS-VI.S30.T46TFL.2018007T043701.v2.0.NDVI.tif,S30,T46TFL,2018-01-07,2018007,043701
/home/ec2-user/ndvi_sqs_work/gansu/raw/HLS-VI.S30.T46TGL.2018007T043701.v2.0.NDVI.tif,HLS-VI.S30.T46TGL.2018007T043701.v2.0.NDVI.tif,S30,T46TGL,2018-01-07,2018007,043701
/home/ec2-user/ndvi_sqs_work/gansu/raw/HLS-VI.S30.T47TKF.2018007T043701.v2.0.NDVI.tif,HLS-VI.S30.T47TKF.2018007T043701.v2.0.NDVI.tif,S30,T47TKF,2018-01-07,2018007,043701
/home/ec2-user/ndvi_sqs_work/gansu/raw/HLS-VI.S30.T48SUJ.2018008T040131.v2.0.NDVI.tif,HLS-VI.S30.T48SUJ.2018008T040131.v2.0.NDVI.tif,S30,T48SUJ,2018-01-08,2018008,040131
/home/ec2-user/ndvi_sqs_work/gansu/raw/HLS-VI.S30.T48SVH.2018008T040131.v2.0.NDVI.tif,HLS-VI.S30.T48SVH.2018008T040131.v2.0.NDVI.tif,S30,T48SVH,2018-01-08,2018008,040131
/home/ec2-user/ndvi_sqs_work/gansu/raw/HLS-VI.S30.T48SVJ.2018008T040131.v2.0.NDVI.tif,HLS-VI.S30.T48SVJ.2018008T040131.v2.0.NDVI.tif,S30,T48SVJ,2018-01-08,2018008,040131
/home/ec2-user/ndvi_sqs_work/gansu/raw/HLS-VI.S30.T46TGL.2018009T042139.v2.0.NDVI.tif,HLS-VI.S30.T46TGL.2018009T042139.v2.0.NDVI.tif,S30,T46TGL,2018-01-09,2018009,042139
/home/ec2-user/ndvi_sqs_work/gansu/raw/HLS-VI.S30.T47TME.2018009T042139.v2.0.NDVI.tif,HLS-VI.S30.T47TME.2018009T042139.v2.0.NDVI.tif,S30,T47TME,2018-01-09,2018009,042139
/home/ec2-user/ndvi_sqs_work/gansu/raw/HLS-VI.S30.T47TMF.2018009T042139.v2.0.NDVI.tif,HLS-VI.S30.T47TMF.2018009T042139.v2.0.NDVI.tif,S30,T47TMF,2018-01-09,2018009,042139
/home/ec2-user/ndvi_sqs_work/gansu/raw/HLS-VI.S30.T47TNE.2018009T042139.v2.0.NDVI.tif,HLS-VI.S30.T47TNE.2018009T042139.v2.0.NDVI.tif,S30,T47TNE,2018-01-09,2018009,042139
/home/ec2-user/ndvi_sqs_work/gansu/raw/HLS-VI.S30.T47TNF.2018009T042139.v2.0.NDVI.tif,HLS-VI.S30.T47TNF.2018009T042139.v2.0.NDVI.tif,S30,T47TNF,2018-01-09,2018009,042139
/home/ec2-user/ndvi_sqs_work/gansu/raw/HLS-VI.S30.T46SEH.2018010T044141.v2.0.NDVI.tif,HLS-VI.S30.T46SEH.2018010T044141.v2.0.NDVI.tif,S30,T46SEH,2018-01-10,2018010,044141
/home/ec2-user/ndvi_sqs_work/gansu/raw/HLS-VI.S30.T46TDK.2018010T044141.v2.0.NDVI.tif,HLS-VI.S30.T46TDK.2018010T044141.v2.0.NDVI.tif,S30,T46TDK,2018-01-10,2018010,044141
/home/ec2-user/ndvi_sqs_work/gansu/raw/HLS-VI.S30.T46TEK.2018010T044141.v2.0.NDVI.tif,HLS-VI.S30.T46TEK.2018010T044141.v2.0.NDVI.tif,S30,T46TEK,2018-01-10,2018010,044141
/home/ec2-user/ndvi_sqs_work/gansu/raw/HLS-VI.S30.T46TEL.2018010T044141.v2.0.NDVI.tif,HLS-VI.S30.T46TEL.2018010T044141.v2.0.NDVI.tif,S30,T46TEL,2018-01-10,2018010,044141
/home/ec2-user/ndvi_sqs_work/gansu/raw/HLS-VI.S30.T46TFK.2018010T044141.v2.0.NDVI.tif,HLS-VI.S30.T46TFK.2018010T044141.v2.0.NDVI.tif,S30,T46TFK,2018-01-10,2018010,044141
/home/ec2-user/ndvi_sqs_work/gansu/raw/HLS-VI.S30.T46TFL.2018010T044141.v2.0.NDVI.tif,HLS-VI.S30.T46TFL.2018010T044141.v2.0.NDVI.tif,S30,T46TFL,2018-01-10,2018010,044141
/home/ec2-user/ndvi_sqs_work/gansu/raw/HLS-VI.S30.T47SPD.2018011T041131.v2.0.NDVI.tif,HLS-VI.S30.T47SPD.2018011T041131.v2.0.NDVI.tif,S30,T47SPD,2018-01-11,2018011,041131
/home/ec2-user/ndvi_sqs_work/gansu/raw/HLS-VI.S30.T47SQD.2018011T041131.v2.0.NDVI.tif,HLS-VI.S30.T47SQD.2018011T041131.v2.0.NDVI.tif,S30,T47SQD,2018-01-11,2018011,041131
/home/ec2-user/ndvi_sqs_work/gansu/raw/HLS-VI.S30.T47TME.2018011T041131.v2.0.NDVI.tif,HLS-VI.S30.T47TME.2018011T041131.v2.0.NDVI.tif,S30,T47TME,2018-01-11,2018011,041131
/home/ec2-user/ndvi_sqs_work/gansu/raw/HLS-VI.S30.T47TMF.2018011T041131.v2.0.NDVI.tif,HLS-VI.S30.T47TMF.2018011T041131.v2.0.NDVI.tif,S30,T47TMF,2018-01-11,2018011,041131
/home/ec2-user/ndvi_sqs_work/gansu/raw/HLS-VI.S30.T47TNE.2018011T041131.v2.0.NDVI.tif,HLS-VI.S30.T47TNE.2018011T041131.v2.0.NDVI.tif,S30,T47TNE,2018-01-11,2018011,041131
/home/ec2-user/ndvi_sqs_work/gansu/raw/HLS-VI.S30.T47TNF.2018011T041131.v2.0.NDVI.tif,HLS-VI.S30.T47TNF.2018011T041131.v2.0.NDVI.tif,S30,T47TNF,2018-01-11,2018011,041131
/home/ec2-user/ndvi_sqs_work/gansu/raw/HLS-VI.S30.T47TPE.2018011T041131.v2.0.NDVI.tif,HLS-VI.S30.T47TPE.2018011T041131.v2.0.NDVI.tif,S30,T47TPE,2018-01-11,2018011,041131
/home/ec2-user/ndvi_sqs_work/gansu/raw/HLS-VI.S30.T47TPF.2018011T041131.v2.0.NDVI.tif,HLS-VI.S30.T47TPF.2018011T041131.v2.0.NDVI.tif,S30,T47TPF,2018-01-11,2018011,041131
/home/ec2-user/ndvi_sqs_work/gansu/raw/HLS-VI.S30.T48STJ.2018011T041131.v2.0.NDVI.tif,HLS-VI.S30.T48STJ.2018011T041131.v2.0.NDVI.tif,S30,T48STJ,2018-01-11,2018011,041131
/home/ec2-user/ndvi_sqs_work/gansu/raw/HLS-VI.S30.T46TGN.2018012T043129.v2.0.NDVI.tif,HLS-VI.S30.T46TGN.2018012T043129.v2.0.NDVI.tif,S30,T46TGN,2018-01-12,2018012,043129
/home/ec2-user/ndvi_sqs_work/gansu/raw/HLS-VI.S30.T47TLG.2018012T043129.v2.0.NDVI.tif,HLS-VI.S30.T47TLG.2018012T043129.v2.0.NDVI.tif,S30,T47TLG,2018-01-12,2018012,043129
/home/ec2-user/ndvi_sqs_work/gansu/raw/HLS-VI.S30.T47TLH.2018012T043129.v2.0.NDVI.tif,HLS-VI.S30.T47TLH.2018012T043129.v2.0.NDVI.tif,S30,T47TLH,2018-01-12,2018012,043129
/home/ec2-user/ndvi_sqs_work/gansu/raw/HLS-VI.S30.T48SXF.2018012T034111.v2.0.NDVI.tif,HLS-VI.S30.T48SXF.2018012T034111.v2.0.NDVI.tif,S30,T48SXF,2018-01-12,2018012,034111
/home/ec2-user/ndvi_sqs_work/gansu/raw/HLS-VI.S30.T48SXG.2018012T034111.v2.0.NDVI.tif,HLS-VI.S30.T48SXG.2018012T034111.v2.0.NDVI.tif,S30,T48SXG,2018-01-12,2018012,034111
/home/ec2-user/ndvi_sqs_work/gansu/raw/HLS-VI.S30.T48SYF.2018012T034111.v2.0.NDVI.tif,HLS-VI.S30.T48SYF.2018012T034111.v2.0.NDVI.tif,S30,T48SYF,2018-01-12,2018012,034111
/home/ec2-user/ndvi_sqs_work/gansu/raw/HLS-VI.S30.T48SYG.2018012T034111.v2.0.NDVI.tif,HLS-VI.S30.T48SYG.2018012T034111.v2.0.NDVI.tif,S30,T48SYG,2018-01-12,2018012,034111
/home/ec2-user/ndvi_sqs_work/gansu/raw/HLS-VI.S30.T49SBA.2018012T034111.v2.0.NDVI.tif,HLS-VI.S30.T49SBA.2018012T034111.v2.0.NDVI.tif,S30,T49SBA,2018-01-12,2018012,034111
/home/ec2-user/ndvi_sqs_work/gansu/raw/HLS-VI.S30.T49SBB.2018012T034111.v2.0.NDVI.tif,HLS-VI.S30.T49SBB.2018012T034111.v2.0.NDVI.tif,S30,T49SBB,2018-01-12,2018012,034111
/home/ec2-user/ndvi_sqs_work/gansu/raw/HLS-VI.S30.T49SBV.2018012T034111.v2.0.NDVI.tif,HLS-VI.S30.T49SBV.2018012T034111.v2.0.NDVI.tif,S30,T49SBV,2018-01-12,2018012,034111
/home/ec2-user/ndvi_sqs_work/gansu/raw/HLS-VI.S30.T47SPD.2018013T040119.v2.0.NDVI.tif,HLS-VI.S30.T47SPD.2018013T040119.v2.0.NDVI.tif,S30,T47SPD,2018-01-13,2018013,040119
/home/ec2-user/ndvi_sqs_work/gansu/raw/HLS-VI.S30.T48STH.2018013T040119.v2.0.NDVI.tif,HLS-VI.S30.T48STH.2018013T040119.v2.0.NDVI.tif,S30,T48STH,2018-01-13,2018013,040119
/home/ec2-user/ndvi_sqs_work/gansu/raw/HLS-VI.S30.T48SUE.2018013T040119.v2.0.NDVI.tif,HLS-VI.S30.T48SUE.2018013T040119.v2.0.NDVI.tif,S30,T48SUE,2018-01-13,2018013,040119
/home/ec2-user/ndvi_sqs_work/gansu/raw/HLS-VI.S30.T48SUF.2018013T040119.v2.0.NDVI.tif,HLS-VI.S30.T48SUF.2018013T040119.v2.0.NDVI.tif,S30,T48SUF,2018-01-13,2018013,040119
/home/ec2-user/ndvi_sqs_work/gansu/raw/HLS-VI.S30.T48SUG.2018013T040119.v2.0.NDVI.tif,HLS-VI.S30.T48SUG.2018013T040119.v2.0.NDVI.tif,S30,T48SUG,2018-01-13,2018013,040119
/home/ec2-user/ndvi_sqs_work/gansu/raw/HLS-VI.S30.T48SYD.2018014T033059.v2.0.NDVI.tif,HLS-VI.S30.T48SYD.2018014T033059.v2.0.NDVI.tif,S30,T48SYD,2018-01-14,2018014,033059
/home/ec2-user/ndvi_sqs_work/gansu/raw/HLS-VI.S30.T48SYF.2018014T033059.v2.0.NDVI.tif,HLS-VI.S30.T48SYF.2018014T033059.v2.0.NDVI.tif,S30,T48SYF,2018-01-14,2018014,033059
/home/ec2-user/ndvi_sqs_work/gansu/raw/HLS-VI.S30.T49SBA.2018014T033059.v2.0.NDVI.tif,HLS-VI.S30.T49SBA.2018014T033059.v2.0.NDVI.tif,S30,T49SBA,2018-01-14,2018014,033059
/home/ec2-user/ndvi_sqs_work/gansu/raw/HLS-VI.S30.T49SBU.2018014T033059.v2.0.NDVI.tif,HLS-VI.S30.T49SBU.2018014T033059.v2.0.NDVI.tif,S30,T49SBU,2018-01-14,2018014,033059
/home/ec2-user/ndvi_sqs_work/gansu/raw/HLS-VI.S30.T49SCA.2018014T033059.v2.0.NDVI.tif,HLS-VI.S30.T49SCA.2018014T033059.v2.0.NDVI.tif,S30,T49SCA,2018-01-14,2018014,033059
/home/ec2-user/ndvi_sqs_work/gansu/raw/HLS-VI.S30.T47SQC.2018016T041109.v2.0.NDVI.tif,HLS-VI.S30.T47SQC.2018016T041109.v2.0.NDVI.tif,S30,T47SQC,2018-01-16,2018016,041109
/home/ec2-user/ndvi_sqs_work/gansu/raw/HLS-VI.S30.T46TEK.2018017T043121.v2.0.NDVI.tif,HLS-VI.S30.T46TEK.2018017T043121.v2.0.NDVI.tif,S30,T46TEK,2018-01-17,2018017,043121
/home/ec2-user/ndvi_sqs_work/gansu/raw/HLS-VI.S30.T46TEL.2018017T043121.v2.0.NDVI.tif,HLS-VI.S30.T46TEL.2018017T043121.v2.0.NDVI.tif,S30,T46TEL,2018-01-17,2018017,043121
/home/ec2-user/ndvi_sqs_work/gansu/raw/HLS-VI.S30.T46TFL.2018017T043121.v2.0.NDVI.tif,HLS-VI.S30.T46TFL.2018017T043121.v2.0.NDVI.tif,S30,T46TFL,2018-01-17,2018017,043121
/home/ec2-user/ndvi_sqs_work/gansu/raw/HLS-VI.S30.T46TFM.2018017T043121.v2.0.NDVI.tif,HLS-VI.S30.T46TFM.2018017T043121.v2.0.NDVI.tif,S30,T46TFM,2018-01-17,2018017,043121
/home/ec2-user/ndvi_sqs_work/gansu/raw/HLS-VI.S30.T46TGK.2018017T043121.v2.0.NDVI.tif,HLS-VI.S30.T46TGK.2018017T043121.v2.0.NDVI.tif,S30,T46TGK,2018-01-17,2018017,043121
/home/ec2-user/ndvi_sqs_work/gansu/raw/HLS-VI.S30.T46TGN.2018017T043121.v2.0.NDVI.tif,HLS-VI.S30.T46TGN.2018017T043121.v2.0.NDVI.tif,S30,T46TGN,2018-01-17,2018017,043121
/home/ec2-user/ndvi_sqs_work/gansu/raw/HLS-VI.S30.T47TKE.2018017T043121.v2.0.NDVI.tif,HLS-VI.S30.T47TKE.2018017T043121.v2.0.NDVI.tif,S30,T47TKE,2018-01-17,2018017,043121
/home/ec2-user/ndvi_sqs_work/gansu/raw/HLS-VI.S30.T47TLE.2018017T043121.v2.0.NDVI.tif,HLS-VI.S30.T47TLE.2018017T043121.v2.0.NDVI.tif,S30,T47TLE,2018-01-17,2018017,043121
/home/ec2-user/ndvi_sqs_work/gansu/raw/HLS-VI.S30.T47TLH.2018017T043121.v2.0.NDVI.tif,HLS-VI.S30.T47TLH.2018017T043121.v2.0.NDVI.tif,S30,T47TLH,2018-01-17,2018017,043121
/home/ec2-user/ndvi_sqs_work/gansu/raw/HLS-VI.S30.T48SXG.2018017T034059.v2.0.NDVI.tif,HLS-VI.S30.T48SXG.2018017T034059.v2.0.NDVI.tif,S30,T48SXG,2018-01-17,2018017,034059
/home/ec2-user/ndvi_sqs_work/gansu/raw/HLS-VI.S30.T48SYD.2018019T033041.v2.0.NDVI.tif,HLS-VI.S30.T48SYD.2018019T033041.v2.0.NDVI.tif,S30,T48SYD,2018-01-19,2018019,033041
/home/ec2-user/ndvi_sqs_work/gansu/raw/HLS-VI.S30.T48SYE.2018019T033041.v2.0.NDVI.tif,HLS-VI.S30.T48SYE.2018019T033041.v2.0.NDVI.tif,S30,T48SYE,2018-01-19,2018019,033041
/home/ec2-user/ndvi_sqs_work/gansu/raw/HLS-VI.S30.T48SYF.2018019T033041.v2.0.NDVI.tif,HLS-VI.S30.T48SYF.2018019T033041.v2.0.NDVI.tif,S30,T48SYF,2018-01-19,2018019,033041
/home/ec2-user/ndvi_sqs_work/gansu/raw/HLS-VI.S30.T49SBA.2018019T033041.v2.0.NDVI.tif,HLS-VI.S30.T49SBA.2018019T033041.v2.0.NDVI.tif,S30,T49SBA,2018-01-19,2018019,033041
/home/ec2-user/ndvi_sqs_work/gansu/raw/HLS-VI.S30.T49SBU.2018019T033041.v2.0.NDVI.tif,HLS-VI.S30.T49SBU.2018019T033041.v2.0.NDVI.tif,S30,T49SBU,2018-01-19,2018019,033041
/home/ec2-user/ndvi_sqs_work/gansu/raw/HLS-VI.S30.T49SBV.2018019T033041.v2.0.NDVI.tif,HLS-VI.S30.T49SBV.2018019T033041.v2.0.NDVI.tif,S30,T49SBV,2018-01-19,2018019,033041
/home/ec2-user/ndvi_sqs_work/gansu/raw/HLS-VI.S30.T49SCA.2018019T033041.v2.0.NDVI.tif,HLS-VI.S30.T49SCA.2018019T033041.v2.0.NDVI.tif,S30,T49SCA,2018-01-19,2018019,033041
/home/ec2-user/ndvi_sqs_work/gansu/raw/HLS-VI.S30.T48SUH.2018020T035049.v2.0.NDVI.tif,HLS-VI.S30.T48SUH.2018020T035049.v2.0.NDVI.tif,S30,T48SUH,2018-01-20,2018020,035049
/home/ec2-user/ndvi_sqs_work/gansu/raw/HLS-VI.S30.T48SUJ.2018020T035049.v2.0.NDVI.tif,HLS-VI.S30.T48SUJ.2018020T035049.v2.0.NDVI.tif,S30,T48SUJ,2018-01-20,2018020,035049
/home/ec2-user/ndvi_sqs_work/gansu/raw/HLS-VI.S30.T48SVB.2018020T035049.v2.0.NDVI.tif,HLS-VI.S30.T48SVB.2018020T035049.v2.0.NDVI.tif,S30,T48SVB,2018-01-20,2018020,035049
/home/ec2-user/ndvi_sqs_work/gansu/raw/HLS-VI.S30.T48SVG.2018020T035049.v2.0.NDVI.tif,HLS-VI.S30.T48SVG.2018020T035049.v2.0.NDVI.tif,S30,T48SVG,2018-01-20,2018020,035049
/home/ec2-user/ndvi_sqs_work/gansu/raw/HLS-VI.S30.T48SVH.2018020T035049.v2.0.NDVI.tif,HLS-VI.S30.T48SVH.2018020T035049.v2.0.NDVI.tif,S30,T48SVH,2018-01-20,2018020,035049
/home/ec2-user/ndvi_sqs_work/gansu/raw/HLS-VI.S30.T48SWB.2018020T035049.v2.0.NDVI.tif,HLS-VI.S30.T48SWB.2018020T035049.v2.0.NDVI.tif,S30,T48SWB,2018-01-20,2018020,035049
/home/ec2-user/ndvi_sqs_work/gansu/raw/HLS-VI.S30.T48SWG.2018020T035049.v2.0.NDVI.tif,HLS-VI.S30.T48SWG.2018020T035049.v2.0.NDVI.tif,S30,T48SWG,2018-01-20,2018020,035049
/home/ec2-user/ndvi_sqs_work/gansu/raw/HLS-VI.S30.T46TEK.2018022T043059.v2.0.NDVI.tif,HLS-VI.S30.T46TEK.2018022T043059.v2.0.NDVI.tif,S30,T46TEK,2018-01-22,2018022,043059
/home/ec2-user/ndvi_sqs_work/gansu/raw/HLS-VI.S30.T46TGN.2018022T043059.v2.0.NDVI.tif,HLS-VI.S30.T46TGN.2018022T043059.v2.0.NDVI.tif,S30,T46TGN,2018-01-22,2018022,043059
/home/ec2-user/ndvi_sqs_work/gansu/raw/HLS-VI.S30.T47SPD.2018023T040039.v2.0.NDVI.tif,HLS-VI.S30.T47SPD.2018023T040039.v2.0.NDVI.tif,S30,T47SPD,2018-01-23,2018023,040039
/home/ec2-user/ndvi_sqs_work/gansu/raw/HLS-VI.S30.T47SQC.2018023T040039.v2.0.NDVI.tif,HLS-VI.S30.T47SQC.2018023T040039.v2.0.NDVI.tif,S30,T47SQC,2018-01-23,2018023,040039
/home/ec2-user/ndvi_sqs_work/gansu/raw/HLS-VI.S30.T47SQD.2018023T040039.v2.0.NDVI.tif,HLS-VI.S30.T47SQD.2018023T040039.v2.0.NDVI.tif,S30,T47SQD,2018-01-23,2018023,040039
/home/ec2-user/ndvi_sqs_work/gansu/raw/HLS-VI.S30.T48STH.2018023T040039.v2.0.NDVI.tif,HLS-VI.S30.T48STH.2018023T040039.v2.0.NDVI.tif,S30,T48STH,2018-01-23,2018023,040039
/home/ec2-user/ndvi_sqs_work/gansu/raw/HLS-VI.S30.T48STJ.2018023T040039.v2.0.NDVI.tif,HLS-VI.S30.T48STJ.2018023T040039.v2.0.NDVI.tif,S30,T48STJ,2018-01-23,2018023,040039
/home/ec2-user/ndvi_sqs_work/gansu/raw/HLS-VI.S30.T48SUF.2018023T040039.v2.0.NDVI.tif,HLS-VI.S30.T48SUF.2018023T040039.v2.0.NDVI.tif,S30,T48SUF,2018-01-23,2018023,040039
/home/ec2-user/ndvi_sqs_work/gansu/raw/HLS-VI.S30.T48SUG.2018023T040039.v2.0.NDVI.tif,HLS-VI.S30.T48SUG.2018023T040039.v2.0.NDVI.tif,S30,T48SUG,2018-01-23,2018023,040039
/home/ec2-user/ndvi_sqs_work/gansu/raw/HLS-VI.S30.T48SUH.2018023T040039.v2.0.NDVI.tif,HLS-VI.S30.T48SUH.2018023T040039.v2.0.NDVI.tif,S30,T48SUH,2018-01-23,2018023,040039
/home/ec2-user/ndvi_sqs_work/gansu/raw/HLS-VI.S30.T48SUJ.2018023T040039.v2.0.NDVI.tif,HLS-VI.S30.T48SUJ.2018023T040039.v2.0.NDVI.tif,S30,T48SUJ,2018-01-23,2018023,040039
/home/ec2-user/ndvi_sqs_work/gansu/raw/HLS-VI.S30.T48SVG.2018023T040039.v2.0.NDVI.tif,HLS-VI.S30.T48SVG.2018023T040039.v2.0.NDVI.tif,S30,T48SVG,2018-01-23,2018023,040039
/home/ec2-user/ndvi_sqs_work/gansu/raw/HLS-VI.S30.T48SVH.2018023T040039.v2.0.NDVI.tif,HLS-VI.S30.T48SVH.2018023T040039.v2.0.NDVI.tif,S30,T48SVH,2018-01-23,2018023,040039
/home/ec2-user/ndvi_sqs_work/gansu/raw/HLS-VI.S30.T47TLH.2018024T042041.v2.0.NDVI.tif,HLS-VI.S30.T47TLH.2018024T042041.v2.0.NDVI.tif,S30,T47TLH,2018-01-24,2018024,042041
/home/ec2-user/ndvi_sqs_work/gansu/raw/HLS-VI.S30.T46TDK.2018025T044049.v2.0.NDVI.tif,HLS-VI.S30.T46TDK.2018025T044049.v2.0.NDVI.tif,S30,T46TDK,2018-01-25,2018025,044049
/home/ec2-user/ndvi_sqs_work/gansu/raw/HLS-VI.S30.T46TEK.2018025T044049.v2.0.NDVI.tif,HLS-VI.S30.T46TEK.2018025T044049.v2.0.NDVI.tif,S30,T46TEK,2018-01-25,2018025,044049
/home/ec2-user/ndvi_sqs_work/gansu/raw/HLS-VI.S30.T46TEL.2018025T044049.v2.0.NDVI.tif,HLS-VI.S30.T46TEL.2018025T044049.v2.0.NDVI.tif,S30,T46TEL,2018-01-25,2018025,044049
/home/ec2-user/ndvi_sqs_work/gansu/raw/HLS-VI.S30.T46TFK.2018025T044049.v2.0.NDVI.tif,HLS-VI.S30.T46TFK.2018025T044049.v2.0.NDVI.tif,S30,T46TFK,2018-01-25,2018025,044049
/home/ec2-user/ndvi_sqs_work/gansu/raw/HLS-VI.S30.T48SUH.2018025T035031.v2.0.NDVI.tif,HLS-VI.S30.T48SUH.2018025T035031.v2.0.NDVI.tif,S30,T48SUH,2018-01-25,2018025,035031
/home/ec2-user/ndvi_sqs_work/gansu/raw/HLS-VI.S30.T47TNF.2018031T041011.v2.0.NDVI.tif,HLS-VI.S30.T47TNF.2018031T041011.v2.0.NDVI.tif,S30,T47TNF,2018-01-31,2018031,041011
/home/ec2-user/ndvi_sqs_work/gansu/raw/HLS-VI.S30.T47TPE.2018031T041011.v2.0.NDVI.tif,HLS-VI.S30.T47TPE.2018031T041011.v2.0.NDVI.tif,S30,T47TPE,2018-01-31,2018031,041011
/home/ec2-user/ndvi_sqs_work/gansu/raw/HLS-VI.S30.T47TPF.2018031T041011.v2.0.NDVI.tif,HLS-VI.S30.T47TPF.2018031T041011.v2.0.NDVI.tif,S30,T47TPF,2018-01-31,2018031,041011
/home/ec2-user/ndvi_sqs_work/gansu/raw/HLS-VI.S30.T46TEK.2018032T043009.v2.0.NDVI.tif,HLS-VI.S30.T46TEK.2018032T043009.v2.0.NDVI.tif,S30,T46TEK,2018-02-01,2018032,043009
/home/ec2-user/ndvi_sqs_work/gansu/raw/HLS-VI.S30.T46TEL.2018032T043009.v2.0.NDVI.tif,HLS-VI.S30.T46TEL.2018032T043009.v2.0.NDVI.tif,S30,T46TEL,2018-02-01,2018032,043009
/home/ec2-user/ndvi_sqs_work/gansu/raw/HLS-VI.S30.T48SWE.2018032T033951.v2.0.NDVI.tif,HLS-VI.S30.T48SWE.2018032T033951.v2.0.NDVI.tif,S30,T48SWE,2018-02-01,2018032,033951
/home/ec2-user/ndvi_sqs_work/gansu/raw/HLS-VI.S30.T48SWF.2018032T033951.v2.0.NDVI.tif,HLS-VI.S30.T48SWF.2018032T033951.v2.0.NDVI.tif,S30,T48SWF,2018-02-01,2018032,033951
/home/ec2-user/ndvi_sqs_work/gansu/raw/HLS-VI.S30.T48SXE.2018032T033951.v2.0.NDVI.tif,HLS-VI.S30.T48SXE.2018032T033951.v2.0.NDVI.tif,S30,T48SXE,2018-02-01,2018032,033951
/home/ec2-user/ndvi_sqs_work/gansu/raw/HLS-VI.S30.T48SXF.2018032T033951.v2.0.NDVI.tif,HLS-VI.S30.T48SXF.2018032T033951.v2.0.NDVI.tif,S30,T48SXF,2018-02-01,2018032,033951
/home/ec2-user/ndvi_sqs_work/gansu/raw/HLS-VI.S30.T48SXG.2018032T033951.v2.0.NDVI.tif,HLS-VI.S30.T48SXG.2018032T033951.v2.0.NDVI.tif,S30,T48SXG,2018-02-01,2018032,033951
/home/ec2-user/ndvi_sqs_work/gansu/raw/HLS-VI.S30.T48SYE.2018032T033951.v2.0.NDVI.tif,HLS-VI.S30.T48SYE.2018032T033951.v2.0.NDVI.tif,S30,T48SYE,2018-02-01,2018032,033951
/home/ec2-user/ndvi_sqs_work/gansu/raw/HLS-VI.S30.T48SYF.2018032T033951.v2.0.NDVI.tif,HLS-VI.S30.T48SYF.2018032T033951.v2.0.NDVI.tif,S30,T48SYF,2018-02-01,2018032,033951
/home/ec2-user/ndvi_sqs_work/gansu/raw/HLS-VI.S30.T48SYG.2018032T033951.v2.0.NDVI.tif,HLS-VI.S30.T48SYG.2018032T033951.v2.0.NDVI.tif,S30,T48SYG,2018-02-01,2018032,033951
/home/ec2-user/ndvi_sqs_work/gansu/raw/HLS-VI.S30.T49SBA.2018032T033951.v2.0.NDVI.tif,HLS-VI.S30.T49SBA.2018032T033951.v2.0.NDVI.tif,S30,T49SBA,2018-02-01,2018032,033951
/home/ec2-user/ndvi_sqs_work/gansu/raw/HLS-VI.S30.T49SBB.2018032T033951.v2.0.NDVI.tif,HLS-VI.S30.T49SBB.2018032T033951.v2.0.NDVI.tif,S30,T49SBB,2018-02-01,2018032,033951
/home/ec2-user/ndvi_sqs_work/gansu/raw/HLS-VI.S30.T49SBV.2018032T033951.v2.0.NDVI.tif,HLS-VI.S30.T49SBV.2018032T033951.v2.0.NDVI.tif,S30,T49SBV,2018-02-01,2018032,033951
/home/ec2-user/ndvi_sqs_work/gansu/raw/HLS-VI.S30.T48SUH.2018033T035949.v2.0.NDVI.tif,HLS-VI.S30.T48SUH.2018033T035949.v2.0.NDVI.tif,S30,T48SUH,2018-02-02,2018033,035949
/home/ec2-user/ndvi_sqs_work/gansu/raw/HLS-VI.S30.T48SUJ.2018033T035949.v2.0.NDVI.tif,HLS-VI.S30.T48SUJ.2018033T035949.v2.0.NDVI.tif,S30,T48SUJ,2018-02-02,2018033,035949
/home/ec2-user/ndvi_sqs_work/gansu/raw/HLS-VI.S30.T48SVH.2018033T035949.v2.0.NDVI.tif,HLS-VI.S30.T48SVH.2018033T035949.v2.0.NDVI.tif,S30,T48SVH,2018-02-02,2018033,035949
/home/ec2-user/ndvi_sqs_work/gansu/raw/HLS-VI.S30.T48SVJ.2018033T035949.v2.0.NDVI.tif,HLS-VI.S30.T48SVJ.2018033T035949.v2.0.NDVI.tif,S30,T48SVJ,2018-02-02,2018033,035949
/home/ec2-user/ndvi_sqs_work/gansu/raw/HLS-VI.S30.T48SYD.2018034T032939.v2.0.NDVI.tif,HLS-VI.S30.T48SYD.2018034T032939.v2.0.NDVI.tif,S30,T48SYD,2018-02-03,2018034,032939
/home/ec2-user/ndvi_sqs_work/gansu/raw/HLS-VI.S30.T48SYE.2018034T032939.v2.0.NDVI.tif,HLS-VI.S30.T48SYE.2018034T032939.v2.0.NDVI.tif,S30,T48SYE,2018-02-03,2018034,032939
/home/ec2-user/ndvi_sqs_work/gansu/raw/HLS-VI.S30.T48SYF.2018034T032939.v2.0.NDVI.tif,HLS-VI.S30.T48SYF.2018034T032939.v2.0.NDVI.tif,S30,T48SYF,2018-02-03,2018034,032939
/home/ec2-user/ndvi_sqs_work/gansu/raw/HLS-VI.S30.T49SBA.2018034T032939.v2.0.NDVI.tif,HLS-VI.S30.T49SBA.2018034T032939.v2.0.NDVI.tif,S30,T49SBA,2018-02-03,2018034,032939
/home/ec2-user/ndvi_sqs_work/gansu/raw/HLS-VI.S30.T49SBU.2018034T032939.v2.0.NDVI.tif,HLS-VI.S30.T49SBU.2018034T032939.v2.0.NDVI.tif,S30,T49SBU,2018-02-03,2018034,032939
/home/ec2-user/ndvi_sqs_work/gansu/raw/HLS-VI.S30.T49SBV.2018034T032939.v2.0.NDVI.tif,HLS-VI.S30.T49SBV.2018034T032939.v2.0.NDVI.tif,S30,T49SBV,2018-02-03,2018034,032939
/home/ec2-user/ndvi_sqs_work/gansu/raw/HLS-VI.S30.T49SCA.2018034T032939.v2.0.NDVI.tif,HLS-VI.S30.T49SCA.2018034T032939.v2.0.NDVI.tif,S30,T49SCA,2018-02-03,2018034,032939
/home/ec2-user/ndvi_sqs_work/gansu/raw/HLS-VI.S30.T46TEK.2018035T043959.v2.0.NDVI.tif,HLS-VI.S30.T46TEK.2018035T043959.v2.0.NDVI.tif,S30,T46TEK,2018-02-04,2018035,043959
/home/ec2-user/ndvi_sqs_work/gansu/raw/HLS-VI.S30.T47TMF.2018036T040939.v2.0.NDVI.tif,HLS-VI.S30.T47TMF.2018036T040939.v2.0.NDVI.tif,S30,T47TMF,2018-02-05,2018036,040939
/home/ec2-user/ndvi_sqs_work/gansu/raw/HLS-VI.S30.T47TNE.2018036T040939.v2.0.NDVI.tif,HLS-VI.S30.T47TNE.2018036T040939.v2.0.NDVI.tif,S30,T47TNE,2018-02-05,2018036,040939
/home/ec2-user/ndvi_sqs_work/gansu/raw/HLS-VI.S30.T47TPE.2018036T040939.v2.0.NDVI.tif,HLS-VI.S30.T47TPE.2018036T040939.v2.0.NDVI.tif,S30,T47TPE,2018-02-05,2018036,040939
/home/ec2-user/ndvi_sqs_work/gansu/raw/HLS-VI.S30.T47TPF.2018036T040939.v2.0.NDVI.tif,HLS-VI.S30.T47TPF.2018036T040939.v2.0.NDVI.tif,S30,T47TPF,2018-02-05,2018036,040939
/home/ec2-user/ndvi_sqs_work/gansu/raw/HLS-VI.S30.T46TEL.2018037T042941.v2.0.NDVI.tif,HLS-VI.S30.T46TEL.2018037T042941.v2.0.NDVI.tif,S30,T46TEL,2018-02-06,2018037,042941
/home/ec2-user/ndvi_sqs_work/gansu/raw/HLS-VI.S30.T46TFM.2018037T042941.v2.0.NDVI.tif,HLS-VI.S30.T46TFM.2018037T042941.v2.0.NDVI.tif,S30,T46TFM,2018-02-06,2018037,042941
/home/ec2-user/ndvi_sqs_work/gansu/raw/HLS-VI.S30.T46TGM.2018037T042941.v2.0.NDVI.tif,HLS-VI.S30.T46TGM.2018037T042941.v2.0.NDVI.tif,S30,T46TGM,2018-02-06,2018037,042941
/home/ec2-user/ndvi_sqs_work/gansu/raw/HLS-VI.S30.T46TGN.2018037T042941.v2.0.NDVI.tif,HLS-VI.S30.T46TGN.2018037T042941.v2.0.NDVI.tif,S30,T46TGN,2018-02-06,2018037,042941
/home/ec2-user/ndvi_sqs_work/gansu/raw/HLS-VI.S30.T47TKG.2018037T042941.v2.0.NDVI.tif,HLS-VI.S30.T47TKG.2018037T042941.v2.0.NDVI.tif,S30,T47TKG,2018-02-06,2018037,042941
/home/ec2-user/ndvi_sqs_work/gansu/raw/HLS-VI.S30.T47TLF.2018037T042941.v2.0.NDVI.tif,HLS-VI.S30.T47TLF.2018037T042941.v2.0.NDVI.tif,S30,T47TLF,2018-02-06,2018037,042941
/home/ec2-user/ndvi_sqs_work/gansu/raw/HLS-VI.S30.T47TLG.2018037T042941.v2.0.NDVI.tif,HLS-VI.S30.T47TLG.2018037T042941.v2.0.NDVI.tif,S30,T47TLG,2018-02-06,2018037,042941
/home/ec2-user/ndvi_sqs_work/gansu/raw/HLS-VI.S30.T47TLH.2018037T042941.v2.0.NDVI.tif,HLS-VI.S30.T47TLH.2018037T042941.v2.0.NDVI.tif,S30,T47TLH,2018-02-06,2018037,042941
/home/ec2-user/ndvi_sqs_work/gansu/raw/HLS-VI.S30.T48SVE.2018037T033919.v2.0.NDVI.tif,HLS-VI.S30.T48SVE.2018037T033919.v2.0.NDVI.tif,S30,T48SVE,2018-02-06,2018037,033919
/home/ec2-user/ndvi_sqs_work/gansu/raw/HLS-VI.S30.T48SWE.2018037T033919.v2.0.NDVI.tif,HLS-VI.S30.T48SWE.2018037T033919.v2.0.NDVI.tif,S30,T48SWE,2018-02-06,2018037,033919
/home/ec2-user/ndvi_sqs_work/gansu/raw/HLS-VI.S30.T48SWF.2018037T033919.v2.0.NDVI.tif,HLS-VI.S30.T48SWF.2018037T033919.v2.0.NDVI.tif,S30,T48SWF,2018-02-06,2018037,033919
/home/ec2-user/ndvi_sqs_work/gansu/raw/HLS-VI.S30.T48SXD.2018037T033919.v2.0.NDVI.tif,HLS-VI.S30.T48SXD.2018037T033919.v2.0.NDVI.tif,S30,T48SXD,2018-02-06,2018037,033919
/home/ec2-user/ndvi_sqs_work/gansu/raw/HLS-VI.S30.T48SXE.2018037T033919.v2.0.NDVI.tif,HLS-VI.S30.T48SXE.2018037T033919.v2.0.NDVI.tif,S30,T48SXE,2018-02-06,2018037,033919
/home/ec2-user/ndvi_sqs_work/gansu/raw/HLS-VI.S30.T48SXF.2018037T033919.v2.0.NDVI.tif,HLS-VI.S30.T48SXF.2018037T033919.v2.0.NDVI.tif,S30,T48SXF,2018-02-06,2018037,033919
/home/ec2-user/ndvi_sqs_work/gansu/raw/HLS-VI.S30.T48SXG.2018037T033919.v2.0.NDVI.tif,HLS-VI.S30.T48SXG.2018037T033919.v2.0.NDVI.tif,S30,T48SXG,2018-02-06,2018037,033919
/home/ec2-user/ndvi_sqs_work/gansu/raw/HLS-VI.S30.T48SYD.2018037T033919.v2.0.NDVI.tif,HLS-VI.S30.T48SYD.2018037T033919.v2.0.NDVI.tif,S30,T48SYD,2018-02-06,2018037,033919
/home/ec2-user/ndvi_sqs_work/gansu/raw/HLS-VI.S30.T48SYE.2018037T033919.v2.0.NDVI.tif,HLS-VI.S30.T48SYE.2018037T033919.v2.0.NDVI.tif,S30,T48SYE,2018-02-06,2018037,033919
/home/ec2-user/ndvi_sqs_work/gansu/raw/HLS-VI.S30.T48SYF.2018037T033919.v2.0.NDVI.tif,HLS-VI.S30.T48SYF.2018037T033919.v2.0.NDVI.tif,S30,T48SYF,2018-02-06,2018037,033919
/home/ec2-user/ndvi_sqs_work/gansu/raw/HLS-VI.S30.T48SYG.2018037T033919.v2.0.NDVI.tif,HLS-VI.S30.T48SYG.2018037T033919.v2.0.NDVI.tif,S30,T48SYG,2018-02-06,2018037,033919
/home/ec2-user/ndvi_sqs_work/gansu/raw/HLS-VI.S30.T49SBA.2018037T033919.v2.0.NDVI.tif,HLS-VI.S30.T49SBA.2018037T033919.v2.0.NDVI.tif,S30,T49SBA,2018-02-06,2018037,033919
/home/ec2-user/ndvi_sqs_work/gansu/raw/HLS-VI.S30.T49SBB.2018037T033919.v2.0.NDVI.tif,HLS-VI.S30.T49SBB.2018037T033919.v2.0.NDVI.tif,S30,T49SBB,2018-02-06,2018037,033919
/home/ec2-user/ndvi_sqs_work/gansu/raw/HLS-VI.S30.T49SBU.2018037T033919.v2.0.NDVI.tif,HLS-VI.S30.T49SBU.2018037T033919.v2.0.NDVI.tif,S30,T49SBU,2018-02-06,2018037,033919
/home/ec2-user/ndvi_sqs_work/gansu/raw/HLS-VI.S30.T49SBV.2018037T033919.v2.0.NDVI.tif,HLS-VI.S30.T49SBV.2018037T033919.v2.0.NDVI.tif,S30,T49SBV,2018-02-06,2018037,033919
/home/ec2-user/ndvi_sqs_work/gansu/raw/HLS-VI.S30.T46TGL.2018039T041929.v2.0.NDVI.tif,HLS-VI.S30.T46TGL.2018039T041929.v2.0.NDVI.tif,S30,T46TGL,2018-02-08,2018039,041929
/home/ec2-user/ndvi_sqs_work/gansu/raw/HLS-VI.S30.T47TKF.2018039T041929.v2.0.NDVI.tif,HLS-VI.S30.T47TKF.2018039T041929.v2.0.NDVI.tif,S30,T47TKF,2018-02-08,2018039,041929
/home/ec2-user/ndvi_sqs_work/gansu/raw/HLS-VI.S30.T47TLF.2018039T041929.v2.0.NDVI.tif,HLS-VI.S30.T47TLF.2018039T041929.v2.0.NDVI.tif,S30,T47TLF,2018-02-08,2018039,041929
/home/ec2-user/ndvi_sqs_work/gansu/raw/HLS-VI.S30.T47TMF.2018039T041929.v2.0.NDVI.tif,HLS-VI.S30.T47TMF.2018039T041929.v2.0.NDVI.tif,S30,T47TMF,2018-02-08,2018039,041929
/home/ec2-user/ndvi_sqs_work/gansu/raw/HLS-VI.S30.T47TNF.2018039T041929.v2.0.NDVI.tif,HLS-VI.S30.T47TNF.2018039T041929.v2.0.NDVI.tif,S30,T47TNF,2018-02-08,2018039,041929
/home/ec2-user/ndvi_sqs_work/gansu/raw/HLS-VI.S30.T49SCA.2018039T032911.v2.0.NDVI.tif,HLS-VI.S30.T49SCA.2018039T032911.v2.0.NDVI.tif,S30,T49SCA,2018-02-08,2018039,032911
/home/ec2-user/ndvi_sqs_work/gansu/raw/HLS-VI.S30.T47TNF.2018041T040911.v2.0.NDVI.tif,HLS-VI.S30.T47TNF.2018041T040911.v2.0.NDVI.tif,S30,T47TNF,2018-02-10,2018041,040911
/home/ec2-user/ndvi_sqs_work/gansu/raw/HLS-VI.S30.T47TPE.2018041T040911.v2.0.NDVI.tif,HLS-VI.S30.T47TPE.2018041T040911.v2.0.NDVI.tif,S30,T47TPE,2018-02-10,2018041,040911
/home/ec2-user/ndvi_sqs_work/gansu/raw/HLS-VI.S30.T47TPF.2018041T040911.v2.0.NDVI.tif,HLS-VI.S30.T47TPF.2018041T040911.v2.0.NDVI.tif,S30,T47TPF,2018-02-10,2018041,040911
/home/ec2-user/ndvi_sqs_work/gansu/raw/HLS-VI.S30.T46TEK.2018042T042909.v2.0.NDVI.tif,HLS-VI.S30.T46TEK.2018042T042909.v2.0.NDVI.tif,S30,T46TEK,2018-02-11,2018042,042909
/home/ec2-user/ndvi_sqs_work/gansu/raw/HLS-VI.S30.T47TLH.2018042T042909.v2.0.NDVI.tif,HLS-VI.S30.T47TLH.2018042T042909.v2.0.NDVI.tif,S30,T47TLH,2018-02-11,2018042,042909
/home/ec2-user/ndvi_sqs_work/gansu/raw/HLS-VI.S30.T48SVE.2018042T033851.v2.0.NDVI.tif,HLS-VI.S30.T48SVE.2018042T033851.v2.0.NDVI.tif,S30,T48SVE,2018-02-11,2018042,033851
/home/ec2-user/ndvi_sqs_work/gansu/raw/HLS-VI.S30.T48SWB.2018042T033851.v2.0.NDVI.tif,HLS-VI.S30.T48SWB.2018042T033851.v2.0.NDVI.tif,S30,T48SWB,2018-02-11,2018042,033851
/home/ec2-user/ndvi_sqs_work/gansu/raw/HLS-VI.S30.T48SWC.2018042T033851.v2.0.NDVI.tif,HLS-VI.S30.T48SWC.2018042T033851.v2.0.NDVI.tif,S30,T48SWC,2018-02-11,2018042,033851
/home/ec2-user/ndvi_sqs_work/gansu/raw/HLS-VI.S30.T48SWD.2018042T033851.v2.0.NDVI.tif,HLS-VI.S30.T48SWD.2018042T033851.v2.0.NDVI.tif,S30,T48SWD,2018-02-11,2018042,033851
/home/ec2-user/ndvi_sqs_work/gansu/raw/HLS-VI.S30.T48SWE.2018042T033851.v2.0.NDVI.tif,HLS-VI.S30.T48SWE.2018042T033851.v2.0.NDVI.tif,S30,T48SWE,2018-02-11,2018042,033851
/home/ec2-user/ndvi_sqs_work/gansu/raw/HLS-VI.S30.T48SWF.2018042T033851.v2.0.NDVI.tif,HLS-VI.S30.T48SWF.2018042T033851.v2.0.NDVI.tif,S30,T48SWF,2018-02-11,2018042,033851
/home/ec2-user/ndvi_sqs_work/gansu/raw/HLS-VI.S30.T48SXC.2018042T033851.v2.0.NDVI.tif,HLS-VI.S30.T48SXC.2018042T033851.v2.0.NDVI.tif,S30,T48SXC,2018-02-11,2018042,033851
/home/ec2-user/ndvi_sqs_work/gansu/raw/HLS-VI.S30.T48SXD.2018042T033851.v2.0.NDVI.tif,HLS-VI.S30.T48SXD.2018042T033851.v2.0.NDVI.tif,S30,T48SXD,2018-02-11,2018042,033851
/home/ec2-user/ndvi_sqs_work/gansu/raw/HLS-VI.S30.T48SXE.2018042T033851.v2.0.NDVI.tif,HLS-VI.S30.T48SXE.2018042T033851.v2.0.NDVI.tif,S30,T48SXE,2018-02-11,2018042,033851
/home/ec2-user/ndvi_sqs_work/gansu/raw/HLS-VI.S30.T48SYD.2018042T033851.v2.0.NDVI.tif,HLS-VI.S30.T48SYD.2018042T033851.v2.0.NDVI.tif,S30,T48SYD,2018-02-11,2018042,033851
/home/ec2-user/ndvi_sqs_work/gansu/raw/HLS-VI.S30.T48SYE.2018042T033851.v2.0.NDVI.tif,HLS-VI.S30.T48SYE.2018042T033851.v2.0.NDVI.tif,S30,T48SYE,2018-02-11,2018042,033851
/home/ec2-user/ndvi_sqs_work/gansu/raw/HLS-VI.S30.T48SYF.2018042T033851.v2.0.NDVI.tif,HLS-VI.S30.T48SYF.2018042T033851.v2.0.NDVI.tif,S30,T48SYF,2018-02-11,2018042,033851
/home/ec2-user/ndvi_sqs_work/gansu/raw/HLS-VI.S30.T48SYG.2018042T033851.v2.0.NDVI.tif,HLS-VI.S30.T48SYG.2018042T033851.v2.0.NDVI.tif,S30,T48SYG,2018-02-11,2018042,033851
/home/ec2-user/ndvi_sqs_work/gansu/raw/HLS-VI.S30.T49SBA.2018042T033851.v2.0.NDVI.tif,HLS-VI.S30.T49SBA.2018042T033851.v2.0.NDVI.tif,S30,T49SBA,2018-02-11,2018042,033851
/home/ec2-user/ndvi_sqs_work/gansu/raw/HLS-VI.S30.T49SBB.2018042T033851.v2.0.NDVI.tif,HLS-VI.S30.T49SBB.2018042T033851.v2.0.NDVI.tif,S30,T49SBB,2018-02-11,2018042,033851
/home/ec2-user/ndvi_sqs_work/gansu/raw/HLS-VI.S30.T49SBU.2018042T033851.v2.0.NDVI.tif,HLS-VI.S30.T49SBU.2018042T033851.v2.0.NDVI.tif,S30,T49SBU,2018-02-11,2018042,033851
/home/ec2-user/ndvi_sqs_work/gansu/raw/HLS-VI.S30.T49SBV.2018042T033851.v2.0.NDVI.tif,HLS-VI.S30.T49SBV.2018042T033851.v2.0.NDVI.tif,S30,T49SBV,2018-02-11,2018042,033851
/home/ec2-user/ndvi_sqs_work/gansu/raw/HLS-VI.S30.T48SVG.2018043T035849.v2.0.NDVI.tif,HLS-VI.S30.T48SVG.2018043T035849.v2.0.NDVI.tif,S30,T48SVG,2018-02-12,2018043,035849
/home/ec2-user/ndvi_sqs_work/gansu/raw/HLS-VI.S30.T48SVH.2018043T035849.v2.0.NDVI.tif,HLS-VI.S30.T48SVH.2018043T035849.v2.0.NDVI.tif,S30,T48SVH,2018-02-12,2018043,035849
/home/ec2-user/ndvi_sqs_work/gansu/raw/HLS-VI.S30.T47TLH.2018044T041901.v2.0.NDVI.tif,HLS-VI.S30.T47TLH.2018044T041901.v2.0.NDVI.tif,S30,T47TLH,2018-02-13,2018044,041901
/home/ec2-user/ndvi_sqs_work/gansu/raw/HLS-VI.S30.T48SYD.2018044T032829.v2.0.NDVI.tif,HLS-VI.S30.T48SYD.2018044T032829.v2.0.NDVI.tif,S30,T48SYD,2018-02-13,2018044,032829
/home/ec2-user/ndvi_sqs_work/gansu/raw/HLS-VI.S30.T48SYE.2018044T032829.v2.0.NDVI.tif,HLS-VI.S30.T48SYE.2018044T032829.v2.0.NDVI.tif,S30,T48SYE,2018-02-13,2018044,032829
/home/ec2-user/ndvi_sqs_work/gansu/raw/HLS-VI.S30.T48SYF.2018044T032829.v2.0.NDVI.tif,HLS-VI.S30.T48SYF.2018044T032829.v2.0.NDVI.tif,S30,T48SYF,2018-02-13,2018044,032829
/home/ec2-user/ndvi_sqs_work/gansu/raw/HLS-VI.S30.T49SBA.2018044T032829.v2.0.NDVI.tif,HLS-VI.S30.T49SBA.2018044T032829.v2.0.NDVI.tif,S30,T49SBA,2018-02-13,2018044,032829
/home/ec2-user/ndvi_sqs_work/gansu/raw/HLS-VI.S30.T49SBU.2018044T032829.v2.0.NDVI.tif,HLS-VI.S30.T49SBU.2018044T032829.v2.0.NDVI.tif,S30,T49SBU,2018-02-13,2018044,032829
/home/ec2-user/ndvi_sqs_work/gansu/raw/HLS-VI.S30.T49SBV.2018044T032829.v2.0.NDVI.tif,HLS-VI.S30.T49SBV.2018044T032829.v2.0.NDVI.tif,S30,T49SBV,2018-02-13,2018044,032829
/home/ec2-user/ndvi_sqs_work/gansu/raw/HLS-VI.S30.T49SCA.2018044T032829.v2.0.NDVI.tif,HLS-VI.S30.T49SCA.2018044T032829.v2.0.NDVI.tif,S30,T49SCA,2018-02-13,2018044,032829
/home/ec2-user/ndvi_sqs_work/gansu/raw/HLS-VI.S30.T48SWB.2018045T034841.v2.0.NDVI.tif,HLS-VI.S30.T48SWB.2018045T034841.v2.0.NDVI.tif,S30,T48SWB,2018-02-14,2018045,034841
/home/ec2-user/ndvi_sqs_work/gansu/raw/HLS-VI.S30.T47TPF.2018046T040839.v2.0.NDVI.tif,HLS-VI.S30.T47TPF.2018046T040839.v2.0.NDVI.tif,S30,T47TPF,2018-02-15,2018046,040839
/home/ec2-user/ndvi_sqs_work/gansu/raw/HLS-VI.S30.T47SLC.2018047T042841.v2.0.NDVI.tif,HLS-VI.S30.T47SLC.2018047T042841.v2.0.NDVI.tif,S30,T47SLC,2018-02-16,2018047,042841
/home/ec2-user/ndvi_sqs_work/gansu/raw/HLS-VI.S30.T47TLE.2018047T042841.v2.0.NDVI.tif,HLS-VI.S30.T47TLE.2018047T042841.v2.0.NDVI.tif,S30,T47TLE,2018-02-16,2018047,042841
/home/ec2-user/ndvi_sqs_work/gansu/raw/HLS-VI.S30.T48SVE.2018047T033819.v2.0.NDVI.tif,HLS-VI.S30.T48SVE.2018047T033819.v2.0.NDVI.tif,S30,T48SVE,2018-02-16,2018047,033819
/home/ec2-user/ndvi_sqs_work/gansu/raw/HLS-VI.S30.T48SWD.2018047T033819.v2.0.NDVI.tif,HLS-VI.S30.T48SWD.2018047T033819.v2.0.NDVI.tif,S30,T48SWD,2018-02-16,2018047,033819
/home/ec2-user/ndvi_sqs_work/gansu/raw/HLS-VI.S30.T48SWE.2018047T033819.v2.0.NDVI.tif,HLS-VI.S30.T48SWE.2018047T033819.v2.0.NDVI.tif,S30,T48SWE,2018-02-16,2018047,033819
/home/ec2-user/ndvi_sqs_work/gansu/raw/HLS-VI.S30.T48SWF.2018047T033819.v2.0.NDVI.tif,HLS-VI.S30.T48SWF.2018047T033819.v2.0.NDVI.tif,S30,T48SWF,2018-02-16,2018047,033819
/home/ec2-user/ndvi_sqs_work/gansu/raw/HLS-VI.S30.T48SXD.2018047T033819.v2.0.NDVI.tif,HLS-VI.S30.T48SXD.2018047T033819.v2.0.NDVI.tif,S30,T48SXD,2018-02-16,2018047,033819
/home/ec2-user/ndvi_sqs_work/gansu/raw/HLS-VI.S30.T48SXE.2018047T033819.v2.0.NDVI.tif,HLS-VI.S30.T48SXE.2018047T033819.v2.0.NDVI.tif,S30,T48SXE,2018-02-16,2018047,033819
/home/ec2-user/ndvi_sqs_work/gansu/raw/HLS-VI.S30.T48SXF.2018047T033819.v2.0.NDVI.tif,HLS-VI.S30.T48SXF.2018047T033819.v2.0.NDVI.tif,S30,T48SXF,2018-02-16,2018047,033819
/home/ec2-user/ndvi_sqs_work/gansu/raw/HLS-VI.S30.T48SXG.2018047T033819.v2.0.NDVI.tif,HLS-VI.S30.T48SXG.2018047T033819.v2.0.NDVI.tif,S30,T48SXG,2018-02-16,2018047,033819
/home/ec2-user/ndvi_sqs_work/gansu/raw/HLS-VI.S30.T48SYD.2018047T033819.v2.0.NDVI.tif,HLS-VI.S30.T48SYD.2018047T033819.v2.0.NDVI.tif,S30,T48SYD,2018-02-16,2018047,033819
/home/ec2-user/ndvi_sqs_work/gansu/raw/HLS-VI.S30.T48SYE.2018047T033819.v2.0.NDVI.tif,HLS-VI.S30.T48SYE.2018047T033819.v2.0.NDVI.tif,S30,T48SYE,2018-02-16,2018047,033819
/home/ec2-user/ndvi_sqs_work/gansu/raw/HLS-VI.S30.T48SYF.2018047T033819.v2.0.NDVI.tif,HLS-VI.S30.T48SYF.2018047T033819.v2.0.NDVI.tif,S30,T48SYF,2018-02-16,2018047,033819
/home/ec2-user/ndvi_sqs_work/gansu/raw/HLS-VI.S30.T48SYG.2018047T033819.v2.0.NDVI.tif,HLS-VI.S30.T48SYG.2018047T033819.v2.0.NDVI.tif,S30,T48SYG,2018-02-16,2018047,033819
/home/ec2-user/ndvi_sqs_work/gansu/raw/HLS-VI.S30.T49SBA.2018047T033819.v2.0.NDVI.tif,HLS-VI.S30.T49SBA.2018047T033819.v2.0.NDVI.tif,S30,T49SBA,2018-02-16,2018047,033819
/home/ec2-user/ndvi_sqs_work/gansu/raw/HLS-VI.S30.T49SBB.2018047T033819.v2.0.NDVI.tif,HLS-VI.S30.T49SBB.2018047T033819.v2.0.NDVI.tif,S30,T49SBB,2018-02-16,2018047,033819
/home/ec2-user/ndvi_sqs_work/gansu/raw/HLS-VI.S30.T49SBU.2018047T033819.v2.0.NDVI.tif,HLS-VI.S30.T49SBU.2018047T033819.v2.0.NDVI.tif,S30,T49SBU,2018-02-16,2018047,033819
/home/ec2-user/ndvi_sqs_work/gansu/raw/HLS-VI.S30.T49SBV.2018047T033819.v2.0.NDVI.tif,HLS-VI.S30.T49SBV.2018047T033819.v2.0.NDVI.tif,S30,T49SBV,2018-02-16,2018047,033819
/home/ec2-user/ndvi_sqs_work/gansu/raw/HLS-VI.S30.T47SQV.2018048T035821.v2.0.NDVI.tif,HLS-VI.S30.T47SQV.2018048T035821.v2.0.NDVI.tif,S30,T47SQV,2018-02-17,2018048,035821
/home/ec2-user/ndvi_sqs_work/gansu/raw/HLS-VI.S30.T46TEL.2018050T043831.v2.0.NDVI.tif,HLS-VI.S30.T46TEL.2018050T043831.v2.0.NDVI.tif,S30,T46TEL,2018-02-19,2018050,043831
/home/ec2-user/ndvi_sqs_work/gansu/raw/HLS-VI.S30.T46TFK.2018050T043831.v2.0.NDVI.tif,HLS-VI.S30.T46TFK.2018050T043831.v2.0.NDVI.tif,S30,T46TFK,2018-02-19,2018050,043831
/home/ec2-user/ndvi_sqs_work/gansu/raw/HLS-VI.S30.T46TFM.2018050T043831.v2.0.NDVI.tif,HLS-VI.S30.T46TFM.2018050T043831.v2.0.NDVI.tif,S30,T46TFM,2018-02-19,2018050,043831
/home/ec2-user/ndvi_sqs_work/gansu/raw/HLS-VI.S30.T46TEK.2018052T042809.v2.0.NDVI.tif,HLS-VI.S30.T46TEK.2018052T042809.v2.0.NDVI.tif,S30,T46TEK,2018-02-21,2018052,042809
/home/ec2-user/ndvi_sqs_work/gansu/raw/HLS-VI.S30.T46TEL.2018052T042809.v2.0.NDVI.tif,HLS-VI.S30.T46TEL.2018052T042809.v2.0.NDVI.tif,S30,T46TEL,2018-02-21,2018052,042809
/home/ec2-user/ndvi_sqs_work/gansu/raw/HLS-VI.S30.T46TFM.2018052T042809.v2.0.NDVI.tif,HLS-VI.S30.T46TFM.2018052T042809.v2.0.NDVI.tif,S30,T46TFM,2018-02-21,2018052,042809
/home/ec2-user/ndvi_sqs_work/gansu/raw/HLS-VI.S30.T46TGN.2018052T042809.v2.0.NDVI.tif,HLS-VI.S30.T46TGN.2018052T042809.v2.0.NDVI.tif,S30,T46TGN,2018-02-21,2018052,042809
/home/ec2-user/ndvi_sqs_work/gansu/raw/HLS-VI.S30.T47TLF.2018052T042809.v2.0.NDVI.tif,HLS-VI.S30.T47TLF.2018052T042809.v2.0.NDVI.tif,S30,T47TLF,2018-02-21,2018052,042809
/home/ec2-user/ndvi_sqs_work/gansu/raw/HLS-VI.S30.T47TLG.2018052T042809.v2.0.NDVI.tif,HLS-VI.S30.T47TLG.2018052T042809.v2.0.NDVI.tif,S30,T47TLG,2018-02-21,2018052,042809
/home/ec2-user/ndvi_sqs_work/gansu/raw/HLS-VI.S30.T47TLH.2018052T042809.v2.0.NDVI.tif,HLS-VI.S30.T47TLH.2018052T042809.v2.0.NDVI.tif,S30,T47TLH,2018-02-21,2018052,042809
/home/ec2-user/ndvi_sqs_work/gansu/raw/HLS-VI.S30.T48SXE.2018052T033751.v2.0.NDVI.tif,HLS-VI.S30.T48SXE.2018052T033751.v2.0.NDVI.tif,S30,T48SXE,2018-02-21,2018052,033751
/home/ec2-user/ndvi_sqs_work/gansu/raw/HLS-VI.S30.T48SYE.2018052T033751.v2.0.NDVI.tif,HLS-VI.S30.T48SYE.2018052T033751.v2.0.NDVI.tif,S30,T48SYE,2018-02-21,2018052,033751
/home/ec2-user/ndvi_sqs_work/gansu/raw/HLS-VI.S30.T48SYF.2018052T033751.v2.0.NDVI.tif,HLS-VI.S30.T48SYF.2018052T033751.v2.0.NDVI.tif,S30,T48SYF,2018-02-21,2018052,033751
/home/ec2-user/ndvi_sqs_work/gansu/raw/HLS-VI.S30.T48SYG.2018052T033751.v2.0.NDVI.tif,HLS-VI.S30.T48SYG.2018052T033751.v2.0.NDVI.tif,S30,T48SYG,2018-02-21,2018052,033751
/home/ec2-user/ndvi_sqs_work/gansu/raw/HLS-VI.S30.T49SBA.2018052T033751.v2.0.NDVI.tif,HLS-VI.S30.T49SBA.2018052T033751.v2.0.NDVI.tif,S30,T49SBA,2018-02-21,2018052,033751
/home/ec2-user/ndvi_sqs_work/gansu/raw/HLS-VI.S30.T49SBV.2018052T033751.v2.0.NDVI.tif,HLS-VI.S30.T49SBV.2018052T033751.v2.0.NDVI.tif,S30,T49SBV,2018-02-21,2018052,033751
/home/ec2-user/ndvi_sqs_work/gansu/raw/HLS-VI.S30.T48SUH.2018053T035749.v2.0.NDVI.tif,HLS-VI.S30.T48SUH.2018053T035749.v2.0.NDVI.tif,S30,T48SUH,2018-02-22,2018053,035749
/home/ec2-user/ndvi_sqs_work/gansu/raw/HLS-VI.S30.T48SUJ.2018053T035749.v2.0.NDVI.tif,HLS-VI.S30.T48SUJ.2018053T035749.v2.0.NDVI.tif,S30,T48SUJ,2018-02-22,2018053,035749
/home/ec2-user/ndvi_sqs_work/gansu/raw/HLS-VI.S30.T48SVG.2018053T035749.v2.0.NDVI.tif,HLS-VI.S30.T48SVG.2018053T035749.v2.0.NDVI.tif,S30,T48SVG,2018-02-22,2018053,035749
/home/ec2-user/ndvi_sqs_work/gansu/raw/HLS-VI.S30.T48SVH.2018053T035749.v2.0.NDVI.tif,HLS-VI.S30.T48SVH.2018053T035749.v2.0.NDVI.tif,S30,T48SVH,2018-02-22,2018053,035749
/home/ec2-user/ndvi_sqs_work/gansu/raw/HLS-VI.S30.T48SVJ.2018053T035749.v2.0.NDVI.tif,HLS-VI.S30.T48SVJ.2018053T035749.v2.0.NDVI.tif,S30,T48SVJ,2018-02-22,2018053,035749
/home/ec2-user/ndvi_sqs_work/gansu/raw/HLS-VI.S30.T47TLG.2018054T041751.v2.0.NDVI.tif,HLS-VI.S30.T47TLG.2018054T041751.v2.0.NDVI.tif,S30,T47TLG,2018-02-23,2018054,041751
/home/ec2-user/ndvi_sqs_work/gansu/raw/HLS-VI.S30.T47TLH.2018054T041751.v2.0.NDVI.tif,HLS-VI.S30.T47TLH.2018054T041751.v2.0.NDVI.tif,S30,T47TLH,2018-02-23,2018054,041751
/home/ec2-user/ndvi_sqs_work/gansu/raw/HLS-VI.S30.T48SYD.2018054T032729.v2.0.NDVI.tif,HLS-VI.S30.T48SYD.2018054T032729.v2.0.NDVI.tif,S30,T48SYD,2018-02-23,2018054,032729
/home/ec2-user/ndvi_sqs_work/gansu/raw/HLS-VI.S30.T48SYE.2018054T032729.v2.0.NDVI.tif,HLS-VI.S30.T48SYE.2018054T032729.v2.0.NDVI.tif,S30,T48SYE,2018-02-23,2018054,032729
/home/ec2-user/ndvi_sqs_work/gansu/raw/HLS-VI.S30.T48SYF.2018054T032729.v2.0.NDVI.tif,HLS-VI.S30.T48SYF.2018054T032729.v2.0.NDVI.tif,S30,T48SYF,2018-02-23,2018054,032729
/home/ec2-user/ndvi_sqs_work/gansu/raw/HLS-VI.S30.T49SBV.2018054T032729.v2.0.NDVI.tif,HLS-VI.S30.T49SBV.2018054T032729.v2.0.NDVI.tif,S30,T49SBV,2018-02-23,2018054,032729
/home/ec2-user/ndvi_sqs_work/gansu/raw/HLS-VI.S30.T49SCA.2018054T032729.v2.0.NDVI.tif,HLS-VI.S30.T49SCA.2018054T032729.v2.0.NDVI.tif,S30,T49SCA,2018-02-23,2018054,032729
/home/ec2-user/ndvi_sqs_work/gansu/raw/HLS-VI.S30.T46TDK.2018055T043749.v2.0.NDVI.tif,HLS-VI.S30.T46TDK.2018055T043749.v2.0.NDVI.tif,S30,T46TDK,2018-02-24,2018055,043749
/home/ec2-user/ndvi_sqs_work/gansu/raw/HLS-VI.S30.T46TEK.2018055T043749.v2.0.NDVI.tif,HLS-VI.S30.T46TEK.2018055T043749.v2.0.NDVI.tif,S30,T46TEK,2018-02-24,2018055,043749
/home/ec2-user/ndvi_sqs_work/gansu/raw/HLS-VI.S30.T46TEL.2018055T043749.v2.0.NDVI.tif,HLS-VI.S30.T46TEL.2018055T043749.v2.0.NDVI.tif,S30,T46TEL,2018-02-24,2018055,043749
/home/ec2-user/ndvi_sqs_work/gansu/raw/HLS-VI.S30.T46TFK.2018055T043749.v2.0.NDVI.tif,HLS-VI.S30.T46TFK.2018055T043749.v2.0.NDVI.tif,S30,T46TFK,2018-02-24,2018055,043749
/home/ec2-user/ndvi_sqs_work/gansu/raw/HLS-VI.S30.T46TFL.2018055T043749.v2.0.NDVI.tif,HLS-VI.S30.T46TFL.2018055T043749.v2.0.NDVI.tif,S30,T46TFL,2018-02-24,2018055,043749
/home/ec2-user/ndvi_sqs_work/gansu/raw/HLS-VI.S30.T46TFM.2018055T043749.v2.0.NDVI.tif,HLS-VI.S30.T46TFM.2018055T043749.v2.0.NDVI.tif,S30,T46TFM,2018-02-24,2018055,043749
/home/ec2-user/ndvi_sqs_work/gansu/raw/HLS-VI.S30.T48SUG.2018055T034731.v2.0.NDVI.tif,HLS-VI.S30.T48SUG.2018055T034731.v2.0.NDVI.tif,S30,T48SUG,2018-02-24,2018055,034731
/home/ec2-user/ndvi_sqs_work/gansu/raw/HLS-VI.S30.T48SUJ.2018055T034731.v2.0.NDVI.tif,HLS-VI.S30.T48SUJ.2018055T034731.v2.0.NDVI.tif,S30,T48SUJ,2018-02-24,2018055,034731
/home/ec2-user/ndvi_sqs_work/gansu/raw/HLS-VI.S30.T48SVD.2018055T034731.v2.0.NDVI.tif,HLS-VI.S30.T48SVD.2018055T034731.v2.0.NDVI.tif,S30,T48SVD,2018-02-24,2018055,034731
/home/ec2-user/ndvi_sqs_work/gansu/raw/HLS-VI.S30.T48SVE.2018055T034731.v2.0.NDVI.tif,HLS-VI.S30.T48SVE.2018055T034731.v2.0.NDVI.tif,S30,T48SVE,2018-02-24,2018055,034731
/home/ec2-user/ndvi_sqs_work/gansu/raw/HLS-VI.S30.T48SVF.2018055T034731.v2.0.NDVI.tif,HLS-VI.S30.T48SVF.2018055T034731.v2.0.NDVI.tif,S30,T48SVF,2018-02-24,2018055,034731
/home/ec2-user/ndvi_sqs_work/gansu/raw/HLS-VI.S30.T48SVJ.2018055T034731.v2.0.NDVI.tif,HLS-VI.S30.T48SVJ.2018055T034731.v2.0.NDVI.tif,S30,T48SVJ,2018-02-24,2018055,034731
/home/ec2-user/ndvi_sqs_work/gansu/raw/HLS-VI.S30.T48SWC.2018055T034731.v2.0.NDVI.tif,HLS-VI.S30.T48SWC.2018055T034731.v2.0.NDVI.tif,S30,T48SWC,2018-02-24,2018055,034731
/home/ec2-user/ndvi_sqs_work/gansu/raw/HLS-VI.S30.T48SWD.2018055T034731.v2.0.NDVI.tif,HLS-VI.S30.T48SWD.2018055T034731.v2.0.NDVI.tif,S30,T48SWD,2018-02-24,2018055,034731
/home/ec2-user/ndvi_sqs_work/gansu/raw/HLS-VI.S30.T48SWE.2018055T034731.v2.0.NDVI.tif,HLS-VI.S30.T48SWE.2018055T034731.v2.0.NDVI.tif,S30,T48SWE,2018-02-24,2018055,034731
/home/ec2-user/ndvi_sqs_work/gansu/raw/HLS-VI.S30.T48SWF.2018055T034731.v2.0.NDVI.tif,HLS-VI.S30.T48SWF.2018055T034731.v2.0.NDVI.tif,S30,T48SWF,2018-02-24,2018055,034731
/home/ec2-user/ndvi_sqs_work/gansu/raw/HLS-VI.S30.T47SQD.2018056T040729.v2.0.NDVI.tif,HLS-VI.S30.T47SQD.2018056T040729.v2.0.NDVI.tif,S30,T47SQD,2018-02-25,2018056,040729
/home/ec2-user/ndvi_sqs_work/gansu/raw/HLS-VI.S30.T47TMF.2018056T040729.v2.0.NDVI.tif,HLS-VI.S30.T47TMF.2018056T040729.v2.0.NDVI.tif,S30,T47TMF,2018-02-25,2018056,040729
/home/ec2-user/ndvi_sqs_work/gansu/raw/HLS-VI.S30.T47TNE.2018056T040729.v2.0.NDVI.tif,HLS-VI.S30.T47TNE.2018056T040729.v2.0.NDVI.tif,S30,T47TNE,2018-02-25,2018056,040729
/home/ec2-user/ndvi_sqs_work/gansu/raw/HLS-VI.S30.T47TNF.2018056T040729.v2.0.NDVI.tif,HLS-VI.S30.T47TNF.2018056T040729.v2.0.NDVI.tif,S30,T47TNF,2018-02-25,2018056,040729
/home/ec2-user/ndvi_sqs_work/gansu/raw/HLS-VI.S30.T47TPE.2018056T040729.v2.0.NDVI.tif,HLS-VI.S30.T47TPE.2018056T040729.v2.0.NDVI.tif,S30,T47TPE,2018-02-25,2018056,040729
/home/ec2-user/ndvi_sqs_work/gansu/raw/HLS-VI.S30.T47TPF.2018056T040729.v2.0.NDVI.tif,HLS-VI.S30.T47TPF.2018056T040729.v2.0.NDVI.tif,S30,T47TPF,2018-02-25,2018056,040729
/home/ec2-user/ndvi_sqs_work/gansu/raw/HLS-VI.S30.T48STH.2018056T040729.v2.0.NDVI.tif,HLS-VI.S30.T48STH.2018056T040729.v2.0.NDVI.tif,S30,T48STH,2018-02-25,2018056,040729
/home/ec2-user/ndvi_sqs_work/gansu/raw/HLS-VI.S30.T48STJ.2018056T040729.v2.0.NDVI.tif,HLS-VI.S30.T48STJ.2018056T040729.v2.0.NDVI.tif,S30,T48STJ,2018-02-25,2018056,040729
/home/ec2-user/ndvi_sqs_work/gansu/raw/HLS-VI.S30.T49SBB.2018057T033709.v2.0.NDVI.tif,HLS-VI.S30.T49SBB.2018057T033709.v2.0.NDVI.tif,S30,T49SBB,2018-02-26,2018057,033709
/home/ec2-user/ndvi_sqs_work/gansu/raw/HLS-VI.S30.T48SXD.2018059T032701.v2.0.NDVI.tif,HLS-VI.S30.T48SXD.2018059T032701.v2.0.NDVI.tif,S30,T48SXD,2018-02-28,2018059,032701
/home/ec2-user/ndvi_sqs_work/gansu/raw/HLS-VI.S30.T48SYD.2018059T032701.v2.0.NDVI.tif,HLS-VI.S30.T48SYD.2018059T032701.v2.0.NDVI.tif,S30,T48SYD,2018-02-28,2018059,032701
/home/ec2-user/ndvi_sqs_work/gansu/raw/HLS-VI.S30.T48SYE.2018059T032701.v2.0.NDVI.tif,HLS-VI.S30.T48SYE.2018059T032701.v2.0.NDVI.tif,S30,T48SYE,2018-02-28,2018059,032701
/home/ec2-user/ndvi_sqs_work/gansu/raw/HLS-VI.S30.T48SYF.2018059T032701.v2.0.NDVI.tif,HLS-VI.S30.T48SYF.2018059T032701.v2.0.NDVI.tif,S30,T48SYF,2018-02-28,2018059,032701
/home/ec2-user/ndvi_sqs_work/gansu/raw/HLS-VI.S30.T49SBA.2018059T032701.v2.0.NDVI.tif,HLS-VI.S30.T49SBA.2018059T032701.v2.0.NDVI.tif,S30,T49SBA,2018-02-28,2018059,032701
/home/ec2-user/ndvi_sqs_work/gansu/raw/HLS-VI.S30.T49SBU.2018059T032701.v2.0.NDVI.tif,HLS-VI.S30.T49SBU.2018059T032701.v2.0.NDVI.tif,S30,T49SBU,2018-02-28,2018059,032701
/home/ec2-user/ndvi_sqs_work/gansu/raw/HLS-VI.S30.T49SBV.2018059T032701.v2.0.NDVI.tif,HLS-VI.S30.T49SBV.2018059T032701.v2.0.NDVI.tif,S30,T49SBV,2018-02-28,2018059,032701
/home/ec2-user/ndvi_sqs_work/gansu/raw/HLS-VI.S30.T49SCA.2018059T032701.v2.0.NDVI.tif,HLS-VI.S30.T49SCA.2018059T032701.v2.0.NDVI.tif,S30,T49SCA,2018-02-28,2018059,032701
/home/ec2-user/ndvi_sqs_work/gansu/raw/HLS-VI.S30.T46SDJ.2018060T043721.v2.0.NDVI.tif,HLS-VI.S30.T46SDJ.2018060T043721.v2.0.NDVI.tif,S30,T46SDJ,2018-03-01,2018060,043721
/home/ec2-user/ndvi_sqs_work/gansu/raw/HLS-VI.S30.T46SEH.2018060T043721.v2.0.NDVI.tif,HLS-VI.S30.T46SEH.2018060T043721.v2.0.NDVI.tif,S30,T46SEH,2018-03-01,2018060,043721
/home/ec2-user/ndvi_sqs_work/gansu/raw/HLS-VI.S30.T46SFJ.2018060T043721.v2.0.NDVI.tif,HLS-VI.S30.T46SFJ.2018060T043721.v2.0.NDVI.tif,S30,T46SFJ,2018-03-01,2018060,043721
/home/ec2-user/ndvi_sqs_work/gansu/raw/HLS-VI.S30.T46TDK.2018060T043721.v2.0.NDVI.tif,HLS-VI.S30.T46TDK.2018060T043721.v2.0.NDVI.tif,S30,T46TDK,2018-03-01,2018060,043721
/home/ec2-user/ndvi_sqs_work/gansu/raw/HLS-VI.S30.T46TEK.2018060T043721.v2.0.NDVI.tif,HLS-VI.S30.T46TEK.2018060T043721.v2.0.NDVI.tif,S30,T46TEK,2018-03-01,2018060,043721
/home/ec2-user/ndvi_sqs_work/gansu/raw/HLS-VI.S30.T46TEL.2018060T043721.v2.0.NDVI.tif,HLS-VI.S30.T46TEL.2018060T043721.v2.0.NDVI.tif,S30,T46TEL,2018-03-01,2018060,043721
/home/ec2-user/ndvi_sqs_work/gansu/raw/HLS-VI.S30.T46TFK.2018060T043721.v2.0.NDVI.tif,HLS-VI.S30.T46TFK.2018060T043721.v2.0.NDVI.tif,S30,T46TFK,2018-03-01,2018060,043721
/home/ec2-user/ndvi_sqs_work/gansu/raw/HLS-VI.S30.T46TFL.2018060T043721.v2.0.NDVI.tif,HLS-VI.S30.T46TFL.2018060T043721.v2.0.NDVI.tif,S30,T46TFL,2018-03-01,2018060,043721
/home/ec2-user/ndvi_sqs_work/gansu/raw/HLS-VI.S30.T46TFM.2018060T043721.v2.0.NDVI.tif,HLS-VI.S30.T46TFM.2018060T043721.v2.0.NDVI.tif,S30,T46TFM,2018-03-01,2018060,043721
/home/ec2-user/ndvi_sqs_work/gansu/raw/HLS-VI.S30.T47SQU.2018060T034649.v2.0.NDVI.tif,HLS-VI.S30.T47SQU.2018060T034649.v2.0.NDVI.tif,S30,T47SQU,2018-03-01,2018060,034649
/home/ec2-user/ndvi_sqs_work/gansu/raw/HLS-VI.S30.T48STC.2018060T034649.v2.0.NDVI.tif,HLS-VI.S30.T48STC.2018060T034649.v2.0.NDVI.tif,S30,T48STC,2018-03-01,2018060,034649
/home/ec2-user/ndvi_sqs_work/gansu/raw/HLS-VI.S30.T48STD.2018060T034649.v2.0.NDVI.tif,HLS-VI.S30.T48STD.2018060T034649.v2.0.NDVI.tif,S30,T48STD,2018-03-01,2018060,034649
/home/ec2-user/ndvi_sqs_work/gansu/raw/HLS-VI.S30.T48STE.2018060T034649.v2.0.NDVI.tif,HLS-VI.S30.T48STE.2018060T034649.v2.0.NDVI.tif,S30,T48STE,2018-03-01,2018060,034649
/home/ec2-user/ndvi_sqs_work/gansu/raw/HLS-VI.S30.T48SUD.2018060T034649.v2.0.NDVI.tif,HLS-VI.S30.T48SUD.2018060T034649.v2.0.NDVI.tif,S30,T48SUD,2018-03-01,2018060,034649
/home/ec2-user/ndvi_sqs_work/gansu/raw/HLS-VI.S30.T48SUE.2018060T034649.v2.0.NDVI.tif,HLS-VI.S30.T48SUE.2018060T034649.v2.0.NDVI.tif,S30,T48SUE,2018-03-01,2018060,034649
/home/ec2-user/ndvi_sqs_work/gansu/raw/HLS-VI.S30.T48SUF.2018060T034649.v2.0.NDVI.tif,HLS-VI.S30.T48SUF.2018060T034649.v2.0.NDVI.tif,S30,T48SUF,2018-03-01,2018060,034649
/home/ec2-user/ndvi_sqs_work/gansu/raw/HLS-VI.S30.T48SVC.2018060T034649.v2.0.NDVI.tif,HLS-VI.S30.T48SVC.2018060T034649.v2.0.NDVI.tif,S30,T48SVC,2018-03-01,2018060,034649
/home/ec2-user/ndvi_sqs_work/gansu/raw/HLS-VI.S30.T48SVD.2018060T034649.v2.0.NDVI.tif,HLS-VI.S30.T48SVD.2018060T034649.v2.0.NDVI.tif,S30,T48SVD,2018-03-01,2018060,034649
/home/ec2-user/ndvi_sqs_work/gansu/raw/HLS-VI.S30.T48SVE.2018060T034649.v2.0.NDVI.tif,HLS-VI.S30.T48SVE.2018060T034649.v2.0.NDVI.tif,S30,T48SVE,2018-03-01,2018060,034649
/home/ec2-user/ndvi_sqs_work/gansu/raw/HLS-VI.S30.T48SVF.2018060T034649.v2.0.NDVI.tif,HLS-VI.S30.T48SVF.2018060T034649.v2.0.NDVI.tif,S30,T48SVF,2018-03-01,2018060,034649
/home/ec2-user/ndvi_sqs_work/gansu/raw/HLS-VI.S30.T48SVG.2018060T034649.v2.0.NDVI.tif,HLS-VI.S30.T48SVG.2018060T034649.v2.0.NDVI.tif,S30,T48SVG,2018-03-01,2018060,034649
/home/ec2-user/ndvi_sqs_work/gansu/raw/HLS-VI.S30.T48SWC.2018060T034649.v2.0.NDVI.tif,HLS-VI.S30.T48SWC.2018060T034649.v2.0.NDVI.tif,S30,T48SWC,2018-03-01,2018060,034649
/home/ec2-user/ndvi_sqs_work/gansu/raw/HLS-VI.S30.T48SWD.2018060T034649.v2.0.NDVI.tif,HLS-VI.S30.T48SWD.2018060T034649.v2.0.NDVI.tif,S30,T48SWD,2018-03-01,2018060,034649
/home/ec2-user/ndvi_sqs_work/gansu/raw/HLS-VI.S30.T48STH.2018061T040701.v2.0.NDVI.tif,HLS-VI.S30.T48STH.2018061T040701.v2.0.NDVI.tif,S30,T48STH,2018-03-02,2018061,040701
/home/ec2-user/ndvi_sqs_work/gansu/raw/HLS-VI.S30.T47SPD.2018063T035629.v2.0.NDVI.tif,HLS-VI.S30.T47SPD.2018063T035629.v2.0.NDVI.tif,S30,T47SPD,2018-03-04,2018063,035629
/home/ec2-user/ndvi_sqs_work/gansu/raw/HLS-VI.S30.T47SQC.2018063T035629.v2.0.NDVI.tif,HLS-VI.S30.T47SQC.2018063T035629.v2.0.NDVI.tif,S30,T47SQC,2018-03-04,2018063,035629
/home/ec2-user/ndvi_sqs_work/gansu/raw/HLS-VI.S30.T48STH.2018063T035629.v2.0.NDVI.tif,HLS-VI.S30.T48STH.2018063T035629.v2.0.NDVI.tif,S30,T48STH,2018-03-04,2018063,035629
/home/ec2-user/ndvi_sqs_work/gansu/raw/HLS-VI.S30.T48SUH.2018063T035629.v2.0.NDVI.tif,HLS-VI.S30.T48SUH.2018063T035629.v2.0.NDVI.tif,S30,T48SUH,2018-03-04,2018063,035629
/home/ec2-user/ndvi_sqs_work/gansu/raw/HLS-VI.S30.T48SVG.2018063T035629.v2.0.NDVI.tif,HLS-VI.S30.T48SVG.2018063T035629.v2.0.NDVI.tif,S30,T48SVG,2018-03-04,2018063,035629
/home/ec2-user/ndvi_sqs_work/gansu/raw/HLS-VI.S30.T48SVH.2018063T035629.v2.0.NDVI.tif,HLS-VI.S30.T48SVH.2018063T035629.v2.0.NDVI.tif,S30,T48SVH,2018-03-04,2018063,035629
/home/ec2-user/ndvi_sqs_work/gansu/raw/HLS-VI.S30.T48SVJ.2018063T035629.v2.0.NDVI.tif,HLS-VI.S30.T48SVJ.2018063T035629.v2.0.NDVI.tif,S30,T48SVJ,2018-03-04,2018063,035629
/home/ec2-user/ndvi_sqs_work/gansu/raw/HLS-VI.S30.T47TLG.2018064T041701.v2.0.NDVI.tif,HLS-VI.S30.T47TLG.2018064T041701.v2.0.NDVI.tif,S30,T47TLG,2018-03-05,2018064,041701
/home/ec2-user/ndvi_sqs_work/gansu/raw/HLS-VI.S30.T47TLH.2018064T041701.v2.0.NDVI.tif,HLS-VI.S30.T47TLH.2018064T041701.v2.0.NDVI.tif,S30,T47TLH,2018-03-05,2018064,041701
/home/ec2-user/ndvi_sqs_work/gansu/raw/HLS-VI.S30.T47TMF.2018064T041701.v2.0.NDVI.tif,HLS-VI.S30.T47TMF.2018064T041701.v2.0.NDVI.tif,S30,T47TMF,2018-03-05,2018064,041701
/home/ec2-user/ndvi_sqs_work/gansu/raw/HLS-VI.S30.T47TNF.2018064T041701.v2.0.NDVI.tif,HLS-VI.S30.T47TNF.2018064T041701.v2.0.NDVI.tif,S30,T47TNF,2018-03-05,2018064,041701
/home/ec2-user/ndvi_sqs_work/gansu/raw/HLS-VI.S30.T46TEK.2018065T043649.v2.0.NDVI.tif,HLS-VI.S30.T46TEK.2018065T043649.v2.0.NDVI.tif,S30,T46TEK,2018-03-06,2018065,043649
/home/ec2-user/ndvi_sqs_work/gansu/raw/HLS-VI.S30.T46TEL.2018065T043649.v2.0.NDVI.tif,HLS-VI.S30.T46TEL.2018065T043649.v2.0.NDVI.tif,S30,T46TEL,2018-03-06,2018065,043649
/home/ec2-user/ndvi_sqs_work/gansu/raw/HLS-VI.S30.T46TFK.2018065T043649.v2.0.NDVI.tif,HLS-VI.S30.T46TFK.2018065T043649.v2.0.NDVI.tif,S30,T46TFK,2018-03-06,2018065,043649
/home/ec2-user/ndvi_sqs_work/gansu/raw/HLS-VI.S30.T46TFL.2018065T043649.v2.0.NDVI.tif,HLS-VI.S30.T46TFL.2018065T043649.v2.0.NDVI.tif,S30,T46TFL,2018-03-06,2018065,043649
/home/ec2-user/ndvi_sqs_work/gansu/raw/HLS-VI.S30.T46TFM.2018065T043649.v2.0.NDVI.tif,HLS-VI.S30.T46TFM.2018065T043649.v2.0.NDVI.tif,S30,T46TFM,2018-03-06,2018065,043649
/home/ec2-user/ndvi_sqs_work/gansu/raw/HLS-VI.S30.T47SPD.2018066T040619.v2.0.NDVI.tif,HLS-VI.S30.T47SPD.2018066T040619.v2.0.NDVI.tif,S30,T47SPD,2018-03-07,2018066,040619
/home/ec2-user/ndvi_sqs_work/gansu/raw/HLS-VI.S30.T47SQD.2018066T040619.v2.0.NDVI.tif,HLS-VI.S30.T47SQD.2018066T040619.v2.0.NDVI.tif,S30,T47SQD,2018-03-07,2018066,040619
/home/ec2-user/ndvi_sqs_work/gansu/raw/HLS-VI.S30.T47TME.2018066T040619.v2.0.NDVI.tif,HLS-VI.S30.T47TME.2018066T040619.v2.0.NDVI.tif,S30,T47TME,2018-03-07,2018066,040619
/home/ec2-user/ndvi_sqs_work/gansu/raw/HLS-VI.S30.T47TMF.2018066T040619.v2.0.NDVI.tif,HLS-VI.S30.T47TMF.2018066T040619.v2.0.NDVI.tif,S30,T47TMF,2018-03-07,2018066,040619
/home/ec2-user/ndvi_sqs_work/gansu/raw/HLS-VI.S30.T47TNE.2018066T040619.v2.0.NDVI.tif,HLS-VI.S30.T47TNE.2018066T040619.v2.0.NDVI.tif,S30,T47TNE,2018-03-07,2018066,040619
/home/ec2-user/ndvi_sqs_work/gansu/raw/HLS-VI.S30.T47TNF.2018066T040619.v2.0.NDVI.tif,HLS-VI.S30.T47TNF.2018066T040619.v2.0.NDVI.tif,S30,T47TNF,2018-03-07,2018066,040619
/home/ec2-user/ndvi_sqs_work/gansu/raw/HLS-VI.S30.T47TPE.2018066T040619.v2.0.NDVI.tif,HLS-VI.S30.T47TPE.2018066T040619.v2.0.NDVI.tif,S30,T47TPE,2018-03-07,2018066,040619
/home/ec2-user/ndvi_sqs_work/gansu/raw/HLS-VI.S30.T47TPF.2018066T040619.v2.0.NDVI.tif,HLS-VI.S30.T47TPF.2018066T040619.v2.0.NDVI.tif,S30,T47TPF,2018-03-07,2018066,040619
/home/ec2-user/ndvi_sqs_work/gansu/raw/HLS-VI.S30.T48STH.2018066T040619.v2.0.NDVI.tif,HLS-VI.S30.T48STH.2018066T040619.v2.0.NDVI.tif,S30,T48STH,2018-03-07,2018066,040619
/home/ec2-user/ndvi_sqs_work/gansu/raw/HLS-VI.S30.T48STJ.2018066T040619.v2.0.NDVI.tif,HLS-VI.S30.T48STJ.2018066T040619.v2.0.NDVI.tif,S30,T48STJ,2018-03-07,2018066,040619
/home/ec2-user/ndvi_sqs_work/gansu/raw/HLS-VI.S30.T46TEK.2018067T042701.v2.0.NDVI.tif,HLS-VI.S30.T46TEK.2018067T042701.v2.0.NDVI.tif,S30,T46TEK,2018-03-08,2018067,042701
/home/ec2-user/ndvi_sqs_work/gansu/raw/HLS-VI.S30.T46TGL.2018067T042701.v2.0.NDVI.tif,HLS-VI.S30.T46TGL.2018067T042701.v2.0.NDVI.tif,S30,T46TGL,2018-03-08,2018067,042701
/home/ec2-user/ndvi_sqs_work/gansu/raw/HLS-VI.S30.T46TGM.2018067T042701.v2.0.NDVI.tif,HLS-VI.S30.T46TGM.2018067T042701.v2.0.NDVI.tif,S30,T46TGM,2018-03-08,2018067,042701
/home/ec2-user/ndvi_sqs_work/gansu/raw/HLS-VI.S30.T47TKF.2018067T042701.v2.0.NDVI.tif,HLS-VI.S30.T47TKF.2018067T042701.v2.0.NDVI.tif,S30,T47TKF,2018-03-08,2018067,042701
/home/ec2-user/ndvi_sqs_work/gansu/raw/HLS-VI.S30.T47TKG.2018067T042701.v2.0.NDVI.tif,HLS-VI.S30.T47TKG.2018067T042701.v2.0.NDVI.tif,S30,T47TKG,2018-03-08,2018067,042701
/home/ec2-user/ndvi_sqs_work/gansu/raw/HLS-VI.S30.T47TLF.2018067T042701.v2.0.NDVI.tif,HLS-VI.S30.T47TLF.2018067T042701.v2.0.NDVI.tif,S30,T47TLF,2018-03-08,2018067,042701
/home/ec2-user/ndvi_sqs_work/gansu/raw/HLS-VI.S30.T47TLG.2018067T042701.v2.0.NDVI.tif,HLS-VI.S30.T47TLG.2018067T042701.v2.0.NDVI.tif,S30,T47TLG,2018-03-08,2018067,042701
/home/ec2-user/ndvi_sqs_work/gansu/raw/HLS-VI.S30.T47TLH.2018067T042701.v2.0.NDVI.tif,HLS-VI.S30.T47TLH.2018067T042701.v2.0.NDVI.tif,S30,T47TLH,2018-03-08,2018067,042701
/home/ec2-user/ndvi_sqs_work/gansu/raw/HLS-VI.S30.T48SWD.2018067T033559.v2.0.NDVI.tif,HLS-VI.S30.T48SWD.2018067T033559.v2.0.NDVI.tif,S30,T48SWD,2018-03-08,2018067,033559
/home/ec2-user/ndvi_sqs_work/gansu/raw/HLS-VI.S30.T48SWF.2018067T033559.v2.0.NDVI.tif,HLS-VI.S30.T48SWF.2018067T033559.v2.0.NDVI.tif,S30,T48SWF,2018-03-08,2018067,033559
/home/ec2-user/ndvi_sqs_work/gansu/raw/HLS-VI.S30.T48SXF.2018067T033559.v2.0.NDVI.tif,HLS-VI.S30.T48SXF.2018067T033559.v2.0.NDVI.tif,S30,T48SXF,2018-03-08,2018067,033559
/home/ec2-user/ndvi_sqs_work/gansu/raw/HLS-VI.S30.T48SXG.2018067T033559.v2.0.NDVI.tif,HLS-VI.S30.T48SXG.2018067T033559.v2.0.NDVI.tif,S30,T48SXG,2018-03-08,2018067,033559
/home/ec2-user/ndvi_sqs_work/gansu/raw/HLS-VI.S30.T48SYE.2018067T033559.v2.0.NDVI.tif,HLS-VI.S30.T48SYE.2018067T033559.v2.0.NDVI.tif,S30,T48SYE,2018-03-08,2018067,033559
/home/ec2-user/ndvi_sqs_work/gansu/raw/HLS-VI.S30.T48SYF.2018067T033559.v2.0.NDVI.tif,HLS-VI.S30.T48SYF.2018067T033559.v2.0.NDVI.tif,S30,T48SYF,2018-03-08,2018067,033559
/home/ec2-user/ndvi_sqs_work/gansu/raw/HLS-VI.S30.T48SYG.2018067T033559.v2.0.NDVI.tif,HLS-VI.S30.T48SYG.2018067T033559.v2.0.NDVI.tif,S30,T48SYG,2018-03-08,2018067,033559
/home/ec2-user/ndvi_sqs_work/gansu/raw/HLS-VI.S30.T49SBA.2018067T033559.v2.0.NDVI.tif,HLS-VI.S30.T49SBA.2018067T033559.v2.0.NDVI.tif,S30,T49SBA,2018-03-08,2018067,033559
/home/ec2-user/ndvi_sqs_work/gansu/raw/HLS-VI.S30.T49SBB.2018067T033559.v2.0.NDVI.tif,HLS-VI.S30.T49SBB.2018067T033559.v2.0.NDVI.tif,S30,T49SBB,2018-03-08,2018067,033559
/home/ec2-user/ndvi_sqs_work/gansu/raw/HLS-VI.S30.T49SBU.2018067T033559.v2.0.NDVI.tif,HLS-VI.S30.T49SBU.2018067T033559.v2.0.NDVI.tif,S30,T49SBU,2018-03-08,2018067,033559
/home/ec2-user/ndvi_sqs_work/gansu/raw/HLS-VI.S30.T49SBV.2018067T033559.v2.0.NDVI.tif,HLS-VI.S30.T49SBV.2018067T033559.v2.0.NDVI.tif,S30,T49SBV,2018-03-08,2018067,033559
/home/ec2-user/ndvi_sqs_work/gansu/raw/HLS-VI.S30.T47SQD.2018068T035601.v2.0.NDVI.tif,HLS-VI.S30.T47SQD.2018068T035601.v2.0.NDVI.tif,S30,T47SQD,2018-03-09,2018068,035601
/home/ec2-user/ndvi_sqs_work/gansu/raw/HLS-VI.S30.T48STJ.2018068T035601.v2.0.NDVI.tif,HLS-VI.S30.T48STJ.2018068T035601.v2.0.NDVI.tif,S30,T48STJ,2018-03-09,2018068,035601
/home/ec2-user/ndvi_sqs_work/gansu/raw/HLS-VI.S30.T48SUF.2018068T035601.v2.0.NDVI.tif,HLS-VI.S30.T48SUF.2018068T035601.v2.0.NDVI.tif,S30,T48SUF,2018-03-09,2018068,035601
/home/ec2-user/ndvi_sqs_work/gansu/raw/HLS-VI.S30.T48SUH.2018068T035601.v2.0.NDVI.tif,HLS-VI.S30.T48SUH.2018068T035601.v2.0.NDVI.tif,S30,T48SUH,2018-03-09,2018068,035601
/home/ec2-user/ndvi_sqs_work/gansu/raw/HLS-VI.S30.T48SUJ.2018068T035601.v2.0.NDVI.tif,HLS-VI.S30.T48SUJ.2018068T035601.v2.0.NDVI.tif,S30,T48SUJ,2018-03-09,2018068,035601
/home/ec2-user/ndvi_sqs_work/gansu/raw/HLS-VI.S30.T48SVG.2018068T035601.v2.0.NDVI.tif,HLS-VI.S30.T48SVG.2018068T035601.v2.0.NDVI.tif,S30,T48SVG,2018-03-09,2018068,035601
/home/ec2-user/ndvi_sqs_work/gansu/raw/HLS-VI.S30.T48SVH.2018068T035601.v2.0.NDVI.tif,HLS-VI.S30.T48SVH.2018068T035601.v2.0.NDVI.tif,S30,T48SVH,2018-03-09,2018068,035601
/home/ec2-user/ndvi_sqs_work/gansu/raw/HLS-VI.S30.T48SVJ.2018068T035601.v2.0.NDVI.tif,HLS-VI.S30.T48SVJ.2018068T035601.v2.0.NDVI.tif,S30,T48SVJ,2018-03-09,2018068,035601
/home/ec2-user/ndvi_sqs_work/gansu/raw/HLS-VI.S30.T46TGK.2018069T041559.v2.0.NDVI.tif,HLS-VI.S30.T46TGK.2018069T041559.v2.0.NDVI.tif,S30,T46TGK,2018-03-10,2018069,041559
/home/ec2-user/ndvi_sqs_work/gansu/raw/HLS-VI.S30.T46TGL.2018069T041559.v2.0.NDVI.tif,HLS-VI.S30.T46TGL.2018069T041559.v2.0.NDVI.tif,S30,T46TGL,2018-03-10,2018069,041559
/home/ec2-user/ndvi_sqs_work/gansu/raw/HLS-VI.S30.T47TKE.2018069T041559.v2.0.NDVI.tif,HLS-VI.S30.T47TKE.2018069T041559.v2.0.NDVI.tif,S30,T47TKE,2018-03-10,2018069,041559
/home/ec2-user/ndvi_sqs_work/gansu/raw/HLS-VI.S30.T47TKF.2018069T041559.v2.0.NDVI.tif,HLS-VI.S30.T47TKF.2018069T041559.v2.0.NDVI.tif,S30,T47TKF,2018-03-10,2018069,041559
/home/ec2-user/ndvi_sqs_work/gansu/raw/HLS-VI.S30.T47TLE.2018069T041559.v2.0.NDVI.tif,HLS-VI.S30.T47TLE.2018069T041559.v2.0.NDVI.tif,S30,T47TLE,2018-03-10,2018069,041559
/home/ec2-user/ndvi_sqs_work/gansu/raw/HLS-VI.S30.T47TLF.2018069T041559.v2.0.NDVI.tif,HLS-VI.S30.T47TLF.2018069T041559.v2.0.NDVI.tif,S30,T47TLF,2018-03-10,2018069,041559
/home/ec2-user/ndvi_sqs_work/gansu/raw/HLS-VI.S30.T47TLG.2018069T041559.v2.0.NDVI.tif,HLS-VI.S30.T47TLG.2018069T041559.v2.0.NDVI.tif,S30,T47TLG,2018-03-10,2018069,041559
/home/ec2-user/ndvi_sqs_work/gansu/raw/HLS-VI.S30.T47TLH.2018069T041559.v2.0.NDVI.tif,HLS-VI.S30.T47TLH.2018069T041559.v2.0.NDVI.tif,S30,T47TLH,2018-03-10,2018069,041559
/home/ec2-user/ndvi_sqs_work/gansu/raw/HLS-VI.S30.T47TME.2018069T041559.v2.0.NDVI.tif,HLS-VI.S30.T47TME.2018069T041559.v2.0.NDVI.tif,S30,T47TME,2018-03-10,2018069,041559
/home/ec2-user/ndvi_sqs_work/gansu/raw/HLS-VI.S30.T47TMF.2018069T041559.v2.0.NDVI.tif,HLS-VI.S30.T47TMF.2018069T041559.v2.0.NDVI.tif,S30,T47TMF,2018-03-10,2018069,041559
/home/ec2-user/ndvi_sqs_work/gansu/raw/HLS-VI.S30.T47TNE.2018069T041559.v2.0.NDVI.tif,HLS-VI.S30.T47TNE.2018069T041559.v2.0.NDVI.tif,S30,T47TNE,2018-03-10,2018069,041559
/home/ec2-user/ndvi_sqs_work/gansu/raw/HLS-VI.S30.T47TNF.2018069T041559.v2.0.NDVI.tif,HLS-VI.S30.T47TNF.2018069T041559.v2.0.NDVI.tif,S30,T47TNF,2018-03-10,2018069,041559
/home/ec2-user/ndvi_sqs_work/gansu/raw/HLS-VI.S30.T48STF.2018070T034539.v2.0.NDVI.tif,HLS-VI.S30.T48STF.2018070T034539.v2.0.NDVI.tif,S30,T48STF,2018-03-11,2018070,034539
/home/ec2-user/ndvi_sqs_work/gansu/raw/HLS-VI.S30.T48SUE.2018070T034539.v2.0.NDVI.tif,HLS-VI.S30.T48SUE.2018070T034539.v2.0.NDVI.tif,S30,T48SUE,2018-03-11,2018070,034539
/home/ec2-user/ndvi_sqs_work/gansu/raw/HLS-VI.S30.T48SUF.2018070T034539.v2.0.NDVI.tif,HLS-VI.S30.T48SUF.2018070T034539.v2.0.NDVI.tif,S30,T48SUF,2018-03-11,2018070,034539
/home/ec2-user/ndvi_sqs_work/gansu/raw/HLS-VI.S30.T48SUG.2018070T034539.v2.0.NDVI.tif,HLS-VI.S30.T48SUG.2018070T034539.v2.0.NDVI.tif,S30,T48SUG,2018-03-11,2018070,034539
/home/ec2-user/ndvi_sqs_work/gansu/raw/HLS-VI.S30.T48SUH.2018070T034539.v2.0.NDVI.tif,HLS-VI.S30.T48SUH.2018070T034539.v2.0.NDVI.tif,S30,T48SUH,2018-03-11,2018070,034539
/home/ec2-user/ndvi_sqs_work/gansu/raw/HLS-VI.S30.T48SUJ.2018070T034539.v2.0.NDVI.tif,HLS-VI.S30.T48SUJ.2018070T034539.v2.0.NDVI.tif,S30,T48SUJ,2018-03-11,2018070,034539
/home/ec2-user/ndvi_sqs_work/gansu/raw/HLS-VI.S30.T48SVD.2018070T034539.v2.0.NDVI.tif,HLS-VI.S30.T48SVD.2018070T034539.v2.0.NDVI.tif,S30,T48SVD,2018-03-11,2018070,034539
/home/ec2-user/ndvi_sqs_work/gansu/raw/HLS-VI.S30.T48SVE.2018070T034539.v2.0.NDVI.tif,HLS-VI.S30.T48SVE.2018070T034539.v2.0.NDVI.tif,S30,T48SVE,2018-03-11,2018070,034539
/home/ec2-user/ndvi_sqs_work/gansu/raw/HLS-VI.S30.T48SVF.2018070T034539.v2.0.NDVI.tif,HLS-VI.S30.T48SVF.2018070T034539.v2.0.NDVI.tif,S30,T48SVF,2018-03-11,2018070,034539
/home/ec2-user/ndvi_sqs_work/gansu/raw/HLS-VI.S30.T48SVG.2018070T034539.v2.0.NDVI.tif,HLS-VI.S30.T48SVG.2018070T034539.v2.0.NDVI.tif,S30,T48SVG,2018-03-11,2018070,034539
/home/ec2-user/ndvi_sqs_work/gansu/raw/HLS-VI.S30.T48SVH.2018070T034539.v2.0.NDVI.tif,HLS-VI.S30.T48SVH.2018070T034539.v2.0.NDVI.tif,S30,T48SVH,2018-03-11,2018070,034539
/home/ec2-user/ndvi_sqs_work/gansu/raw/HLS-VI.S30.T48SVJ.2018070T034539.v2.0.NDVI.tif,HLS-VI.S30.T48SVJ.2018070T034539.v2.0.NDVI.tif,S30,T48SVJ,2018-03-11,2018070,034539
/home/ec2-user/ndvi_sqs_work/gansu/raw/HLS-VI.S30.T48SWC.2018070T034539.v2.0.NDVI.tif,HLS-VI.S30.T48SWC.2018070T034539.v2.0.NDVI.tif,S30,T48SWC,2018-03-11,2018070,034539
/home/ec2-user/ndvi_sqs_work/gansu/raw/HLS-VI.S30.T48SWD.2018070T034539.v2.0.NDVI.tif,HLS-VI.S30.T48SWD.2018070T034539.v2.0.NDVI.tif,S30,T48SWD,2018-03-11,2018070,034539
/home/ec2-user/ndvi_sqs_work/gansu/raw/HLS-VI.S30.T48SWE.2018070T034539.v2.0.NDVI.tif,HLS-VI.S30.T48SWE.2018070T034539.v2.0.NDVI.tif,S30,T48SWE,2018-03-11,2018070,034539
/home/ec2-user/ndvi_sqs_work/gansu/raw/HLS-VI.S30.T48SWF.2018070T034539.v2.0.NDVI.tif,HLS-VI.S30.T48SWF.2018070T034539.v2.0.NDVI.tif,S30,T48SWF,2018-03-11,2018070,034539
/home/ec2-user/ndvi_sqs_work/gansu/raw/HLS-VI.S30.T48SWG.2018070T034539.v2.0.NDVI.tif,HLS-VI.S30.T48SWG.2018070T034539.v2.0.NDVI.tif,S30,T48SWG,2018-03-11,2018070,034539
/home/ec2-user/ndvi_sqs_work/gansu/raw/HLS-VI.S30.T47SPD.2018071T040551.v2.0.NDVI.tif,HLS-VI.S30.T47SPD.2018071T040551.v2.0.NDVI.tif,S30,T47SPD,2018-03-12,2018071,040551
/home/ec2-user/ndvi_sqs_work/gansu/raw/HLS-VI.S30.T47SQC.2018071T040551.v2.0.NDVI.tif,HLS-VI.S30.T47SQC.2018071T040551.v2.0.NDVI.tif,S30,T47SQC,2018-03-12,2018071,040551
/home/ec2-user/ndvi_sqs_work/gansu/raw/HLS-VI.S30.T47SQD.2018071T040551.v2.0.NDVI.tif,HLS-VI.S30.T47SQD.2018071T040551.v2.0.NDVI.tif,S30,T47SQD,2018-03-12,2018071,040551
/home/ec2-user/ndvi_sqs_work/gansu/raw/HLS-VI.S30.T47TME.2018071T040551.v2.0.NDVI.tif,HLS-VI.S30.T47TME.2018071T040551.v2.0.NDVI.tif,S30,T47TME,2018-03-12,2018071,040551
/home/ec2-user/ndvi_sqs_work/gansu/raw/HLS-VI.S30.T47TMF.2018071T040551.v2.0.NDVI.tif,HLS-VI.S30.T47TMF.2018071T040551.v2.0.NDVI.tif,S30,T47TMF,2018-03-12,2018071,040551
/home/ec2-user/ndvi_sqs_work/gansu/raw/HLS-VI.S30.T47TNE.2018071T040551.v2.0.NDVI.tif,HLS-VI.S30.T47TNE.2018071T040551.v2.0.NDVI.tif,S30,T47TNE,2018-03-12,2018071,040551
/home/ec2-user/ndvi_sqs_work/gansu/raw/HLS-VI.S30.T47TNF.2018071T040551.v2.0.NDVI.tif,HLS-VI.S30.T47TNF.2018071T040551.v2.0.NDVI.tif,S30,T47TNF,2018-03-12,2018071,040551
/home/ec2-user/ndvi_sqs_work/gansu/raw/HLS-VI.S30.T47TPE.2018071T040551.v2.0.NDVI.tif,HLS-VI.S30.T47TPE.2018071T040551.v2.0.NDVI.tif,S30,T47TPE,2018-03-12,2018071,040551
/home/ec2-user/ndvi_sqs_work/gansu/raw/HLS-VI.S30.T47TPF.2018071T040551.v2.0.NDVI.tif,HLS-VI.S30.T47TPF.2018071T040551.v2.0.NDVI.tif,S30,T47TPF,2018-03-12,2018071,040551
/home/ec2-user/ndvi_sqs_work/gansu/raw/HLS-VI.S30.T48STH.2018071T040551.v2.0.NDVI.tif,HLS-VI.S30.T48STH.2018071T040551.v2.0.NDVI.tif,S30,T48STH,2018-03-12,2018071,040551
/home/ec2-user/ndvi_sqs_work/gansu/raw/HLS-VI.S30.T48STJ.2018071T040551.v2.0.NDVI.tif,HLS-VI.S30.T48STJ.2018071T040551.v2.0.NDVI.tif,S30,T48STJ,2018-03-12,2018071,040551
/home/ec2-user/ndvi_sqs_work/gansu/raw/HLS-VI.S30.T46TGN.2018072T042659.v2.0.NDVI.tif,HLS-VI.S30.T46TGN.2018072T042659.v2.0.NDVI.tif,S30,T46TGN,2018-03-13,2018072,042659
/home/ec2-user/ndvi_sqs_work/gansu/raw/HLS-VI.S30.T48SVD.2018072T033531.v2.0.NDVI.tif,HLS-VI.S30.T48SVD.2018072T033531.v2.0.NDVI.tif,S30,T48SVD,2018-03-13,2018072,033531
/home/ec2-user/ndvi_sqs_work/gansu/raw/HLS-VI.S30.T48SWC.2018072T033531.v2.0.NDVI.tif,HLS-VI.S30.T48SWC.2018072T033531.v2.0.NDVI.tif,S30,T48SWC,2018-03-13,2018072,033531
/home/ec2-user/ndvi_sqs_work/gansu/raw/HLS-VI.S30.T48SWD.2018072T033531.v2.0.NDVI.tif,HLS-VI.S30.T48SWD.2018072T033531.v2.0.NDVI.tif,S30,T48SWD,2018-03-13,2018072,033531
/home/ec2-user/ndvi_sqs_work/gansu/raw/HLS-VI.S30.T48SXC.2018072T033531.v2.0.NDVI.tif,HLS-VI.S30.T48SXC.2018072T033531.v2.0.NDVI.tif,S30,T48SXC,2018-03-13,2018072,033531
/home/ec2-user/ndvi_sqs_work/gansu/raw/HLS-VI.S30.T48SXD.2018072T033531.v2.0.NDVI.tif,HLS-VI.S30.T48SXD.2018072T033531.v2.0.NDVI.tif,S30,T48SXD,2018-03-13,2018072,033531
/home/ec2-user/ndvi_sqs_work/gansu/raw/HLS-VI.S30.T48SXG.2018072T033531.v2.0.NDVI.tif,HLS-VI.S30.T48SXG.2018072T033531.v2.0.NDVI.tif,S30,T48SXG,2018-03-13,2018072,033531
/home/ec2-user/ndvi_sqs_work/gansu/raw/HLS-VI.S30.T48SYD.2018072T033531.v2.0.NDVI.tif,HLS-VI.S30.T48SYD.2018072T033531.v2.0.NDVI.tif,S30,T48SYD,2018-03-13,2018072,033531
/home/ec2-user/ndvi_sqs_work/gansu/raw/HLS-VI.S30.T48SYG.2018072T033531.v2.0.NDVI.tif,HLS-VI.S30.T48SYG.2018072T033531.v2.0.NDVI.tif,S30,T48SYG,2018-03-13,2018072,033531
/home/ec2-user/ndvi_sqs_work/gansu/raw/HLS-VI.S30.T49SBB.2018072T033531.v2.0.NDVI.tif,HLS-VI.S30.T49SBB.2018072T033531.v2.0.NDVI.tif,S30,T49SBB,2018-03-13,2018072,033531
/home/ec2-user/ndvi_sqs_work/gansu/raw/HLS-VI.S30.T49SBU.2018072T033531.v2.0.NDVI.tif,HLS-VI.S30.T49SBU.2018072T033531.v2.0.NDVI.tif,S30,T49SBU,2018-03-13,2018072,033531
/home/ec2-user/ndvi_sqs_work/gansu/raw/HLS-VI.S30.T48SUD.2018073T035529.v2.0.NDVI.tif,HLS-VI.S30.T48SUD.2018073T035529.v2.0.NDVI.tif,S30,T48SUD,2018-03-14,2018073,035529
/home/ec2-user/ndvi_sqs_work/gansu/raw/HLS-VI.S30.T48SUE.2018073T035529.v2.0.NDVI.tif,HLS-VI.S30.T48SUE.2018073T035529.v2.0.NDVI.tif,S30,T48SUE,2018-03-14,2018073,035529
/home/ec2-user/ndvi_sqs_work/gansu/raw/HLS-VI.S30.T48SUJ.2018073T035529.v2.0.NDVI.tif,HLS-VI.S30.T48SUJ.2018073T035529.v2.0.NDVI.tif,S30,T48SUJ,2018-03-14,2018073,035529
/home/ec2-user/ndvi_sqs_work/gansu/raw/HLS-VI.S30.T48SVJ.2018073T035529.v2.0.NDVI.tif,HLS-VI.S30.T48SVJ.2018073T035529.v2.0.NDVI.tif,S30,T48SVJ,2018-03-14,2018073,035529
/home/ec2-user/ndvi_sqs_work/gansu/raw/HLS-VI.S30.T48SYD.2018074T032529.v2.0.NDVI.tif,HLS-VI.S30.T48SYD.2018074T032529.v2.0.NDVI.tif,S30,T48SYD,2018-03-15,2018074,032529
/home/ec2-user/ndvi_sqs_work/gansu/raw/HLS-VI.S30.T48SYE.2018074T032529.v2.0.NDVI.tif,HLS-VI.S30.T48SYE.2018074T032529.v2.0.NDVI.tif,S30,T48SYE,2018-03-15,2018074,032529
/home/ec2-user/ndvi_sqs_work/gansu/raw/HLS-VI.S30.T48SYF.2018074T032529.v2.0.NDVI.tif,HLS-VI.S30.T48SYF.2018074T032529.v2.0.NDVI.tif,S30,T48SYF,2018-03-15,2018074,032529
/home/ec2-user/ndvi_sqs_work/gansu/raw/HLS-VI.S30.T49SBA.2018074T032529.v2.0.NDVI.tif,HLS-VI.S30.T49SBA.2018074T032529.v2.0.NDVI.tif,S30,T49SBA,2018-03-15,2018074,032529
/home/ec2-user/ndvi_sqs_work/gansu/raw/HLS-VI.S30.T49SBU.2018074T032529.v2.0.NDVI.tif,HLS-VI.S30.T49SBU.2018074T032529.v2.0.NDVI.tif,S30,T49SBU,2018-03-15,2018074,032529
/home/ec2-user/ndvi_sqs_work/gansu/raw/HLS-VI.S30.T49SBV.2018074T032529.v2.0.NDVI.tif,HLS-VI.S30.T49SBV.2018074T032529.v2.0.NDVI.tif,S30,T49SBV,2018-03-15,2018074,032529
/home/ec2-user/ndvi_sqs_work/gansu/raw/HLS-VI.S30.T49SCA.2018074T032529.v2.0.NDVI.tif,HLS-VI.S30.T49SCA.2018074T032529.v2.0.NDVI.tif,S30,T49SCA,2018-03-15,2018074,032529
/home/ec2-user/ndvi_sqs_work/gansu/raw/HLS-VI.S30.T46SDJ.2018075T043659.v2.0.NDVI.tif,HLS-VI.S30.T46SDJ.2018075T043659.v2.0.NDVI.tif,S30,T46SDJ,2018-03-16,2018075,043659
/home/ec2-user/ndvi_sqs_work/gansu/raw/HLS-VI.S30.T46SEH.2018075T043659.v2.0.NDVI.tif,HLS-VI.S30.T46SEH.2018075T043659.v2.0.NDVI.tif,S30,T46SEH,2018-03-16,2018075,043659
/home/ec2-user/ndvi_sqs_work/gansu/raw/HLS-VI.S30.T46SEJ.2018075T043659.v2.0.NDVI.tif,HLS-VI.S30.T46SEJ.2018075T043659.v2.0.NDVI.tif,S30,T46SEJ,2018-03-16,2018075,043659
/home/ec2-user/ndvi_sqs_work/gansu/raw/HLS-VI.S30.T46SFH.2018075T043659.v2.0.NDVI.tif,HLS-VI.S30.T46SFH.2018075T043659.v2.0.NDVI.tif,S30,T46SFH,2018-03-16,2018075,043659
/home/ec2-user/ndvi_sqs_work/gansu/raw/HLS-VI.S30.T46SFJ.2018075T043659.v2.0.NDVI.tif,HLS-VI.S30.T46SFJ.2018075T043659.v2.0.NDVI.tif,S30,T46SFJ,2018-03-16,2018075,043659
/home/ec2-user/ndvi_sqs_work/gansu/raw/HLS-VI.S30.T46TEK.2018075T043659.v2.0.NDVI.tif,HLS-VI.S30.T46TEK.2018075T043659.v2.0.NDVI.tif,S30,T46TEK,2018-03-16,2018075,043659
/home/ec2-user/ndvi_sqs_work/gansu/raw/HLS-VI.S30.T47SQT.2018075T034531.v2.0.NDVI.tif,HLS-VI.S30.T47SQT.2018075T034531.v2.0.NDVI.tif,S30,T47SQT,2018-03-16,2018075,034531
/home/ec2-user/ndvi_sqs_work/gansu/raw/HLS-VI.S30.T47SQU.2018075T034531.v2.0.NDVI.tif,HLS-VI.S30.T47SQU.2018075T034531.v2.0.NDVI.tif,S30,T47SQU,2018-03-16,2018075,034531
/home/ec2-user/ndvi_sqs_work/gansu/raw/HLS-VI.S30.T48STC.2018075T034531.v2.0.NDVI.tif,HLS-VI.S30.T48STC.2018075T034531.v2.0.NDVI.tif,S30,T48STC,2018-03-16,2018075,034531
/home/ec2-user/ndvi_sqs_work/gansu/raw/HLS-VI.S30.T48STD.2018075T034531.v2.0.NDVI.tif,HLS-VI.S30.T48STD.2018075T034531.v2.0.NDVI.tif,S30,T48STD,2018-03-16,2018075,034531
/home/ec2-user/ndvi_sqs_work/gansu/raw/HLS-VI.S30.T48STE.2018075T034531.v2.0.NDVI.tif,HLS-VI.S30.T48STE.2018075T034531.v2.0.NDVI.tif,S30,T48STE,2018-03-16,2018075,034531
/home/ec2-user/ndvi_sqs_work/gansu/raw/HLS-VI.S30.T48SUJ.2018075T034531.v2.0.NDVI.tif,HLS-VI.S30.T48SUJ.2018075T034531.v2.0.NDVI.tif,S30,T48SUJ,2018-03-16,2018075,034531
/home/ec2-user/ndvi_sqs_work/gansu/raw/HLS-VI.S30.T46TEK.2018077T042701.v2.0.NDVI.tif,HLS-VI.S30.T46TEK.2018077T042701.v2.0.NDVI.tif,S30,T46TEK,2018-03-18,2018077,042701
/home/ec2-user/ndvi_sqs_work/gansu/raw/HLS-VI.S30.T46TEL.2018077T042701.v2.0.NDVI.tif,HLS-VI.S30.T46TEL.2018077T042701.v2.0.NDVI.tif,S30,T46TEL,2018-03-18,2018077,042701
/home/ec2-user/ndvi_sqs_work/gansu/raw/HLS-VI.S30.T46TFL.2018077T042701.v2.0.NDVI.tif,HLS-VI.S30.T46TFL.2018077T042701.v2.0.NDVI.tif,S30,T46TFL,2018-03-18,2018077,042701
/home/ec2-user/ndvi_sqs_work/gansu/raw/HLS-VI.S30.T46TFM.2018077T042701.v2.0.NDVI.tif,HLS-VI.S30.T46TFM.2018077T042701.v2.0.NDVI.tif,S30,T46TFM,2018-03-18,2018077,042701
/home/ec2-user/ndvi_sqs_work/gansu/raw/HLS-VI.S30.T46TGK.2018077T042701.v2.0.NDVI.tif,HLS-VI.S30.T46TGK.2018077T042701.v2.0.NDVI.tif,S30,T46TGK,2018-03-18,2018077,042701
/home/ec2-user/ndvi_sqs_work/gansu/raw/HLS-VI.S30.T46TGL.2018077T042701.v2.0.NDVI.tif,HLS-VI.S30.T46TGL.2018077T042701.v2.0.NDVI.tif,S30,T46TGL,2018-03-18,2018077,042701
/home/ec2-user/ndvi_sqs_work/gansu/raw/HLS-VI.S30.T46TGM.2018077T042701.v2.0.NDVI.tif,HLS-VI.S30.T46TGM.2018077T042701.v2.0.NDVI.tif,S30,T46TGM,2018-03-18,2018077,042701
/home/ec2-user/ndvi_sqs_work/gansu/raw/HLS-VI.S30.T46TGN.2018077T042701.v2.0.NDVI.tif,HLS-VI.S30.T46TGN.2018077T042701.v2.0.NDVI.tif,S30,T46TGN,2018-03-18,2018077,042701
/home/ec2-user/ndvi_sqs_work/gansu/raw/HLS-VI.S30.T47TKE.2018077T042701.v2.0.NDVI.tif,HLS-VI.S30.T47TKE.2018077T042701.v2.0.NDVI.tif,S30,T47TKE,2018-03-18,2018077,042701
/home/ec2-user/ndvi_sqs_work/gansu/raw/HLS-VI.S30.T47TKF.2018077T042701.v2.0.NDVI.tif,HLS-VI.S30.T47TKF.2018077T042701.v2.0.NDVI.tif,S30,T47TKF,2018-03-18,2018077,042701
/home/ec2-user/ndvi_sqs_work/gansu/raw/HLS-VI.S30.T47TKG.2018077T042701.v2.0.NDVI.tif,HLS-VI.S30.T47TKG.2018077T042701.v2.0.NDVI.tif,S30,T47TKG,2018-03-18,2018077,042701
/home/ec2-user/ndvi_sqs_work/gansu/raw/HLS-VI.S30.T47TLG.2018077T042701.v2.0.NDVI.tif,HLS-VI.S30.T47TLG.2018077T042701.v2.0.NDVI.tif,S30,T47TLG,2018-03-18,2018077,042701
/home/ec2-user/ndvi_sqs_work/gansu/raw/HLS-VI.S30.T47TLH.2018077T042701.v2.0.NDVI.tif,HLS-VI.S30.T47TLH.2018077T042701.v2.0.NDVI.tif,S30,T47TLH,2018-03-18,2018077,042701
/home/ec2-user/ndvi_sqs_work/gansu/raw/HLS-VI.S30.T48STF.2018078T035531.v2.0.NDVI.tif,HLS-VI.S30.T48STF.2018078T035531.v2.0.NDVI.tif,S30,T48STF,2018-03-19,2018078,035531
/home/ec2-user/ndvi_sqs_work/gansu/raw/HLS-VI.S30.T48SUD.2018078T035531.v2.0.NDVI.tif,HLS-VI.S30.T48SUD.2018078T035531.v2.0.NDVI.tif,S30,T48SUD,2018-03-19,2018078,035531
/home/ec2-user/ndvi_sqs_work/gansu/raw/HLS-VI.S30.T48SUE.2018078T035531.v2.0.NDVI.tif,HLS-VI.S30.T48SUE.2018078T035531.v2.0.NDVI.tif,S30,T48SUE,2018-03-19,2018078,035531
/home/ec2-user/ndvi_sqs_work/gansu/raw/HLS-VI.S30.T48SUF.2018078T035531.v2.0.NDVI.tif,HLS-VI.S30.T48SUF.2018078T035531.v2.0.NDVI.tif,S30,T48SUF,2018-03-19,2018078,035531
/home/ec2-user/ndvi_sqs_work/gansu/raw/HLS-VI.S30.T48SVG.2018078T035531.v2.0.NDVI.tif,HLS-VI.S30.T48SVG.2018078T035531.v2.0.NDVI.tif,S30,T48SVG,2018-03-19,2018078,035531
/home/ec2-user/ndvi_sqs_work/gansu/raw/HLS-VI.S30.T48SVH.2018078T035531.v2.0.NDVI.tif,HLS-VI.S30.T48SVH.2018078T035531.v2.0.NDVI.tif,S30,T48SVH,2018-03-19,2018078,035531
/home/ec2-user/ndvi_sqs_work/gansu/raw/HLS-VI.S30.T47TNF.2018079T041539.v2.0.NDVI.tif,HLS-VI.S30.T47TNF.2018079T041539.v2.0.NDVI.tif,S30,T47TNF,2018-03-20,2018079,041539
/home/ec2-user/ndvi_sqs_work/gansu/raw/HLS-VI.S30.T46SDJ.2018080T043701.v2.0.NDVI.tif,HLS-VI.S30.T46SDJ.2018080T043701.v2.0.NDVI.tif,S30,T46SDJ,2018-03-21,2018080,043701
/home/ec2-user/ndvi_sqs_work/gansu/raw/HLS-VI.S30.T46SEJ.2018080T043701.v2.0.NDVI.tif,HLS-VI.S30.T46SEJ.2018080T043701.v2.0.NDVI.tif,S30,T46SEJ,2018-03-21,2018080,043701
/home/ec2-user/ndvi_sqs_work/gansu/raw/HLS-VI.S30.T46SFJ.2018080T043701.v2.0.NDVI.tif,HLS-VI.S30.T46SFJ.2018080T043701.v2.0.NDVI.tif,S30,T46SFJ,2018-03-21,2018080,043701
/home/ec2-user/ndvi_sqs_work/gansu/raw/HLS-VI.S30.T46TDK.2018080T043701.v2.0.NDVI.tif,HLS-VI.S30.T46TDK.2018080T043701.v2.0.NDVI.tif,S30,T46TDK,2018-03-21,2018080,043701
/home/ec2-user/ndvi_sqs_work/gansu/raw/HLS-VI.S30.T46TEK.2018080T043701.v2.0.NDVI.tif,HLS-VI.S30.T46TEK.2018080T043701.v2.0.NDVI.tif,S30,T46TEK,2018-03-21,2018080,043701
/home/ec2-user/ndvi_sqs_work/gansu/raw/HLS-VI.S30.T46TEL.2018080T043701.v2.0.NDVI.tif,HLS-VI.S30.T46TEL.2018080T043701.v2.0.NDVI.tif,S30,T46TEL,2018-03-21,2018080,043701
/home/ec2-user/ndvi_sqs_work/gansu/raw/HLS-VI.S30.T46TFK.2018080T043701.v2.0.NDVI.tif,HLS-VI.S30.T46TFK.2018080T043701.v2.0.NDVI.tif,S30,T46TFK,2018-03-21,2018080,043701
/home/ec2-user/ndvi_sqs_work/gansu/raw/HLS-VI.S30.T46TFL.2018080T043701.v2.0.NDVI.tif,HLS-VI.S30.T46TFL.2018080T043701.v2.0.NDVI.tif,S30,T46TFL,2018-03-21,2018080,043701
/home/ec2-user/ndvi_sqs_work/gansu/raw/HLS-VI.S30.T46TFM.2018080T043701.v2.0.NDVI.tif,HLS-VI.S30.T46TFM.2018080T043701.v2.0.NDVI.tif,S30,T46TFM,2018-03-21,2018080,043701
/home/ec2-user/ndvi_sqs_work/gansu/raw/HLS-VI.S30.T47SND.2018081T040701.v2.0.NDVI.tif,HLS-VI.S30.T47SND.2018081T040701.v2.0.NDVI.tif,S30,T47SND,2018-03-22,2018081,040701
/home/ec2-user/ndvi_sqs_work/gansu/raw/HLS-VI.S30.T47SPC.2018081T040701.v2.0.NDVI.tif,HLS-VI.S30.T47SPC.2018081T040701.v2.0.NDVI.tif,S30,T47SPC,2018-03-22,2018081,040701
/home/ec2-user/ndvi_sqs_work/gansu/raw/HLS-VI.S30.T47SPD.2018081T040701.v2.0.NDVI.tif,HLS-VI.S30.T47SPD.2018081T040701.v2.0.NDVI.tif,S30,T47SPD,2018-03-22,2018081,040701
/home/ec2-user/ndvi_sqs_work/gansu/raw/HLS-VI.S30.T47SQC.2018081T040701.v2.0.NDVI.tif,HLS-VI.S30.T47SQC.2018081T040701.v2.0.NDVI.tif,S30,T47SQC,2018-03-22,2018081,040701
/home/ec2-user/ndvi_sqs_work/gansu/raw/HLS-VI.S30.T47SQD.2018081T040701.v2.0.NDVI.tif,HLS-VI.S30.T47SQD.2018081T040701.v2.0.NDVI.tif,S30,T47SQD,2018-03-22,2018081,040701
/home/ec2-user/ndvi_sqs_work/gansu/raw/HLS-VI.S30.T47TME.2018081T040701.v2.0.NDVI.tif,HLS-VI.S30.T47TME.2018081T040701.v2.0.NDVI.tif,S30,T47TME,2018-03-22,2018081,040701
/home/ec2-user/ndvi_sqs_work/gansu/raw/HLS-VI.S30.T47TMF.2018081T040701.v2.0.NDVI.tif,HLS-VI.S30.T47TMF.2018081T040701.v2.0.NDVI.tif,S30,T47TMF,2018-03-22,2018081,040701
/home/ec2-user/ndvi_sqs_work/gansu/raw/HLS-VI.S30.T47TNE.2018081T040701.v2.0.NDVI.tif,HLS-VI.S30.T47TNE.2018081T040701.v2.0.NDVI.tif,S30,T47TNE,2018-03-22,2018081,040701
/home/ec2-user/ndvi_sqs_work/gansu/raw/HLS-VI.S30.T47TNF.2018081T040701.v2.0.NDVI.tif,HLS-VI.S30.T47TNF.2018081T040701.v2.0.NDVI.tif,S30,T47TNF,2018-03-22,2018081,040701
/home/ec2-user/ndvi_sqs_work/gansu/raw/HLS-VI.S30.T47TPE.2018081T040701.v2.0.NDVI.tif,HLS-VI.S30.T47TPE.2018081T040701.v2.0.NDVI.tif,S30,T47TPE,2018-03-22,2018081,040701
/home/ec2-user/ndvi_sqs_work/gansu/raw/HLS-VI.S30.T47TPF.2018081T040701.v2.0.NDVI.tif,HLS-VI.S30.T47TPF.2018081T040701.v2.0.NDVI.tif,S30,T47TPF,2018-03-22,2018081,040701
/home/ec2-user/ndvi_sqs_work/gansu/raw/HLS-VI.S30.T48STH.2018081T040701.v2.0.NDVI.tif,HLS-VI.S30.T48STH.2018081T040701.v2.0.NDVI.tif,S30,T48STH,2018-03-22,2018081,040701
/home/ec2-user/ndvi_sqs_work/gansu/raw/HLS-VI.S30.T48STJ.2018081T040701.v2.0.NDVI.tif,HLS-VI.S30.T48STJ.2018081T040701.v2.0.NDVI.tif,S30,T48STJ,2018-03-22,2018081,040701
/home/ec2-user/ndvi_sqs_work/gansu/raw/HLS-VI.S30.T46TEK.2018082T042659.v2.0.NDVI.tif,HLS-VI.S30.T46TEK.2018082T042659.v2.0.NDVI.tif,S30,T46TEK,2018-03-23,2018082,042659
/home/ec2-user/ndvi_sqs_work/gansu/raw/HLS-VI.S30.T46TEL.2018082T042659.v2.0.NDVI.tif,HLS-VI.S30.T46TEL.2018082T042659.v2.0.NDVI.tif,S30,T46TEL,2018-03-23,2018082,042659
/home/ec2-user/ndvi_sqs_work/gansu/raw/HLS-VI.S30.T46TFK.2018082T042659.v2.0.NDVI.tif,HLS-VI.S30.T46TFK.2018082T042659.v2.0.NDVI.tif,S30,T46TFK,2018-03-23,2018082,042659
/home/ec2-user/ndvi_sqs_work/gansu/raw/HLS-VI.S30.T46TFL.2018082T042659.v2.0.NDVI.tif,HLS-VI.S30.T46TFL.2018082T042659.v2.0.NDVI.tif,S30,T46TFL,2018-03-23,2018082,042659
/home/ec2-user/ndvi_sqs_work/gansu/raw/HLS-VI.S30.T46TFM.2018082T042659.v2.0.NDVI.tif,HLS-VI.S30.T46TFM.2018082T042659.v2.0.NDVI.tif,S30,T46TFM,2018-03-23,2018082,042659
/home/ec2-user/ndvi_sqs_work/gansu/raw/HLS-VI.S30.T46TGK.2018082T042659.v2.0.NDVI.tif,HLS-VI.S30.T46TGK.2018082T042659.v2.0.NDVI.tif,S30,T46TGK,2018-03-23,2018082,042659
/home/ec2-user/ndvi_sqs_work/gansu/raw/HLS-VI.S30.T46TGL.2018082T042659.v2.0.NDVI.tif,HLS-VI.S30.T46TGL.2018082T042659.v2.0.NDVI.tif,S30,T46TGL,2018-03-23,2018082,042659
/home/ec2-user/ndvi_sqs_work/gansu/raw/HLS-VI.S30.T46TGM.2018082T042659.v2.0.NDVI.tif,HLS-VI.S30.T46TGM.2018082T042659.v2.0.NDVI.tif,S30,T46TGM,2018-03-23,2018082,042659
/home/ec2-user/ndvi_sqs_work/gansu/raw/HLS-VI.S30.T46TGN.2018082T042659.v2.0.NDVI.tif,HLS-VI.S30.T46TGN.2018082T042659.v2.0.NDVI.tif,S30,T46TGN,2018-03-23,2018082,042659
/home/ec2-user/ndvi_sqs_work/gansu/raw/HLS-VI.S30.T47TKE.2018082T042659.v2.0.NDVI.tif,HLS-VI.S30.T47TKE.2018082T042659.v2.0.NDVI.tif,S30,T47TKE,2018-03-23,2018082,042659
/home/ec2-user/ndvi_sqs_work/gansu/raw/HLS-VI.S30.T47TKF.2018082T042659.v2.0.NDVI.tif,HLS-VI.S30.T47TKF.2018082T042659.v2.0.NDVI.tif,S30,T47TKF,2018-03-23,2018082,042659
/home/ec2-user/ndvi_sqs_work/gansu/raw/HLS-VI.S30.T47TKG.2018082T042659.v2.0.NDVI.tif,HLS-VI.S30.T47TKG.2018082T042659.v2.0.NDVI.tif,S30,T47TKG,2018-03-23,2018082,042659
/home/ec2-user/ndvi_sqs_work/gansu/raw/HLS-VI.S30.T47TLE.2018082T042659.v2.0.NDVI.tif,HLS-VI.S30.T47TLE.2018082T042659.v2.0.NDVI.tif,S30,T47TLE,2018-03-23,2018082,042659
/home/ec2-user/ndvi_sqs_work/gansu/raw/HLS-VI.S30.T47TLF.2018082T042659.v2.0.NDVI.tif,HLS-VI.S30.T47TLF.2018082T042659.v2.0.NDVI.tif,S30,T47TLF,2018-03-23,2018082,042659
/home/ec2-user/ndvi_sqs_work/gansu/raw/HLS-VI.S30.T47TLG.2018082T042659.v2.0.NDVI.tif,HLS-VI.S30.T47TLG.2018082T042659.v2.0.NDVI.tif,S30,T47TLG,2018-03-23,2018082,042659
/home/ec2-user/ndvi_sqs_work/gansu/raw/HLS-VI.S30.T47TLH.2018082T042659.v2.0.NDVI.tif,HLS-VI.S30.T47TLH.2018082T042659.v2.0.NDVI.tif,S30,T47TLH,2018-03-23,2018082,042659
/home/ec2-user/ndvi_sqs_work/gansu/raw/HLS-VI.S30.T48SXG.2018082T033531.v2.0.NDVI.tif,HLS-VI.S30.T48SXG.2018082T033531.v2.0.NDVI.tif,S30,T48SXG,2018-03-23,2018082,033531
/home/ec2-user/ndvi_sqs_work/gansu/raw/HLS-VI.S30.T48SYG.2018082T033531.v2.0.NDVI.tif,HLS-VI.S30.T48SYG.2018082T033531.v2.0.NDVI.tif,S30,T48SYG,2018-03-23,2018082,033531
/home/ec2-user/ndvi_sqs_work/gansu/raw/HLS-VI.S30.T49SBB.2018082T033531.v2.0.NDVI.tif,HLS-VI.S30.T49SBB.2018082T033531.v2.0.NDVI.tif,S30,T49SBB,2018-03-23,2018082,033531
/home/ec2-user/ndvi_sqs_work/gansu/raw/HLS-VI.S30.T47SPD.2018083T035529.v2.0.NDVI.tif,HLS-VI.S30.T47SPD.2018083T035529.v2.0.NDVI.tif,S30,T47SPD,2018-03-24,2018083,035529
/home/ec2-user/ndvi_sqs_work/gansu/raw/HLS-VI.S30.T47SQD.2018083T035529.v2.0.NDVI.tif,HLS-VI.S30.T47SQD.2018083T035529.v2.0.NDVI.tif,S30,T47SQD,2018-03-24,2018083,035529
/home/ec2-user/ndvi_sqs_work/gansu/raw/HLS-VI.S30.T48STH.2018083T035529.v2.0.NDVI.tif,HLS-VI.S30.T48STH.2018083T035529.v2.0.NDVI.tif,S30,T48STH,2018-03-24,2018083,035529
/home/ec2-user/ndvi_sqs_work/gansu/raw/HLS-VI.S30.T48STJ.2018083T035529.v2.0.NDVI.tif,HLS-VI.S30.T48STJ.2018083T035529.v2.0.NDVI.tif,S30,T48STJ,2018-03-24,2018083,035529
/home/ec2-user/ndvi_sqs_work/gansu/raw/HLS-VI.S30.T48SUG.2018083T035529.v2.0.NDVI.tif,HLS-VI.S30.T48SUG.2018083T035529.v2.0.NDVI.tif,S30,T48SUG,2018-03-24,2018083,035529
/home/ec2-user/ndvi_sqs_work/gansu/raw/HLS-VI.S30.T48SUH.2018083T035529.v2.0.NDVI.tif,HLS-VI.S30.T48SUH.2018083T035529.v2.0.NDVI.tif,S30,T48SUH,2018-03-24,2018083,035529
/home/ec2-user/ndvi_sqs_work/gansu/raw/HLS-VI.S30.T48SUJ.2018083T035529.v2.0.NDVI.tif,HLS-VI.S30.T48SUJ.2018083T035529.v2.0.NDVI.tif,S30,T48SUJ,2018-03-24,2018083,035529
/home/ec2-user/ndvi_sqs_work/gansu/raw/HLS-VI.S30.T48SVG.2018083T035529.v2.0.NDVI.tif,HLS-VI.S30.T48SVG.2018083T035529.v2.0.NDVI.tif,S30,T48SVG,2018-03-24,2018083,035529
/home/ec2-user/ndvi_sqs_work/gansu/raw/HLS-VI.S30.T48SVH.2018083T035529.v2.0.NDVI.tif,HLS-VI.S30.T48SVH.2018083T035529.v2.0.NDVI.tif,S30,T48SVH,2018-03-24,2018083,035529
/home/ec2-user/ndvi_sqs_work/gansu/raw/HLS-VI.S30.T48SVJ.2018083T035529.v2.0.NDVI.tif,HLS-VI.S30.T48SVJ.2018083T035529.v2.0.NDVI.tif,S30,T48SVJ,2018-03-24,2018083,035529
/home/ec2-user/ndvi_sqs_work/gansu/raw/HLS-VI.S30.T48SUH.2018085T034701.v2.0.NDVI.tif,HLS-VI.S30.T48SUH.2018085T034701.v2.0.NDVI.tif,S30,T48SUH,2018-03-26,2018085,034701
/home/ec2-user/ndvi_sqs_work/gansu/raw/HLS-VI.S30.T48SUJ.2018085T034701.v2.0.NDVI.tif,HLS-VI.S30.T48SUJ.2018085T034701.v2.0.NDVI.tif,S30,T48SUJ,2018-03-26,2018085,034701
/home/ec2-user/ndvi_sqs_work/gansu/raw/HLS-VI.S30.T48SVH.2018085T034701.v2.0.NDVI.tif,HLS-VI.S30.T48SVH.2018085T034701.v2.0.NDVI.tif,S30,T48SVH,2018-03-26,2018085,034701
/home/ec2-user/ndvi_sqs_work/gansu/raw/HLS-VI.S30.T48SVJ.2018085T034701.v2.0.NDVI.tif,HLS-VI.S30.T48SVJ.2018085T034701.v2.0.NDVI.tif,S30,T48SVJ,2018-03-26,2018085,034701
/home/ec2-user/ndvi_sqs_work/gansu/raw/HLS-VI.S30.T47TMF.2018086T040539.v2.0.NDVI.tif,HLS-VI.S30.T47TMF.2018086T040539.v2.0.NDVI.tif,S30,T47TMF,2018-03-27,2018086,040539
/home/ec2-user/ndvi_sqs_work/gansu/raw/HLS-VI.S30.T47TNF.2018086T040539.v2.0.NDVI.tif,HLS-VI.S30.T47TNF.2018086T040539.v2.0.NDVI.tif,S30,T47TNF,2018-03-27,2018086,040539
/home/ec2-user/ndvi_sqs_work/gansu/raw/HLS-VI.S30.T47TLG.2018087T042701.v2.0.NDVI.tif,HLS-VI.S30.T47TLG.2018087T042701.v2.0.NDVI.tif,S30,T47TLG,2018-03-28,2018087,042701
/home/ec2-user/ndvi_sqs_work/gansu/raw/HLS-VI.S30.T47TLH.2018087T042701.v2.0.NDVI.tif,HLS-VI.S30.T47TLH.2018087T042701.v2.0.NDVI.tif,S30,T47TLH,2018-03-28,2018087,042701
/home/ec2-user/ndvi_sqs_work/gansu/raw/HLS-VI.S30.T48SVB.2018087T033739.v2.0.NDVI.tif,HLS-VI.S30.T48SVB.2018087T033739.v2.0.NDVI.tif,S30,T48SVB,2018-03-28,2018087,033739
/home/ec2-user/ndvi_sqs_work/gansu/raw/HLS-VI.S30.T48SVC.2018087T033739.v2.0.NDVI.tif,HLS-VI.S30.T48SVC.2018087T033739.v2.0.NDVI.tif,S30,T48SVC,2018-03-28,2018087,033739
/home/ec2-user/ndvi_sqs_work/gansu/raw/HLS-VI.S30.T48SVD.2018087T033739.v2.0.NDVI.tif,HLS-VI.S30.T48SVD.2018087T033739.v2.0.NDVI.tif,S30,T48SVD,2018-03-28,2018087,033739
/home/ec2-user/ndvi_sqs_work/gansu/raw/HLS-VI.S30.T48SVE.2018087T033739.v2.0.NDVI.tif,HLS-VI.S30.T48SVE.2018087T033739.v2.0.NDVI.tif,S30,T48SVE,2018-03-28,2018087,033739
/home/ec2-user/ndvi_sqs_work/gansu/raw/HLS-VI.S30.T48SWB.2018087T033739.v2.0.NDVI.tif,HLS-VI.S30.T48SWB.2018087T033739.v2.0.NDVI.tif,S30,T48SWB,2018-03-28,2018087,033739
/home/ec2-user/ndvi_sqs_work/gansu/raw/HLS-VI.S30.T48SWC.2018087T033739.v2.0.NDVI.tif,HLS-VI.S30.T48SWC.2018087T033739.v2.0.NDVI.tif,S30,T48SWC,2018-03-28,2018087,033739
/home/ec2-user/ndvi_sqs_work/gansu/raw/HLS-VI.S30.T48SWD.2018087T033739.v2.0.NDVI.tif,HLS-VI.S30.T48SWD.2018087T033739.v2.0.NDVI.tif,S30,T48SWD,2018-03-28,2018087,033739
/home/ec2-user/ndvi_sqs_work/gansu/raw/HLS-VI.S30.T48SWE.2018087T033739.v2.0.NDVI.tif,HLS-VI.S30.T48SWE.2018087T033739.v2.0.NDVI.tif,S30,T48SWE,2018-03-28,2018087,033739
/home/ec2-user/ndvi_sqs_work/gansu/raw/HLS-VI.S30.T48SWF.2018087T033739.v2.0.NDVI.tif,HLS-VI.S30.T48SWF.2018087T033739.v2.0.NDVI.tif,S30,T48SWF,2018-03-28,2018087,033739
/home/ec2-user/ndvi_sqs_work/gansu/raw/HLS-VI.S30.T48SXC.2018087T033739.v2.0.NDVI.tif,HLS-VI.S30.T48SXC.2018087T033739.v2.0.NDVI.tif,S30,T48SXC,2018-03-28,2018087,033739
/home/ec2-user/ndvi_sqs_work/gansu/raw/HLS-VI.S30.T48SXD.2018087T033739.v2.0.NDVI.tif,HLS-VI.S30.T48SXD.2018087T033739.v2.0.NDVI.tif,S30,T48SXD,2018-03-28,2018087,033739
/home/ec2-user/ndvi_sqs_work/gansu/raw/HLS-VI.S30.T48SXE.2018087T033739.v2.0.NDVI.tif,HLS-VI.S30.T48SXE.2018087T033739.v2.0.NDVI.tif,S30,T48SXE,2018-03-28,2018087,033739
/home/ec2-user/ndvi_sqs_work/gansu/raw/HLS-VI.S30.T48SXF.2018087T033739.v2.0.NDVI.tif,HLS-VI.S30.T48SXF.2018087T033739.v2.0.NDVI.tif,S30,T48SXF,2018-03-28,2018087,033739
/home/ec2-user/ndvi_sqs_work/gansu/raw/HLS-VI.S30.T48SXG.2018087T033739.v2.0.NDVI.tif,HLS-VI.S30.T48SXG.2018087T033739.v2.0.NDVI.tif,S30,T48SXG,2018-03-28,2018087,033739
/home/ec2-user/ndvi_sqs_work/gansu/raw/HLS-VI.S30.T48SYD.2018087T033739.v2.0.NDVI.tif,HLS-VI.S30.T48SYD.2018087T033739.v2.0.NDVI.tif,S30,T48SYD,2018-03-28,2018087,033739
/home/ec2-user/ndvi_sqs_work/gansu/raw/HLS-VI.S30.T48SYE.2018087T033739.v2.0.NDVI.tif,HLS-VI.S30.T48SYE.2018087T033739.v2.0.NDVI.tif,S30,T48SYE,2018-03-28,2018087,033739
/home/ec2-user/ndvi_sqs_work/gansu/raw/HLS-VI.S30.T48SYF.2018087T033739.v2.0.NDVI.tif,HLS-VI.S30.T48SYF.2018087T033739.v2.0.NDVI.tif,S30,T48SYF,2018-03-28,2018087,033739
/home/ec2-user/ndvi_sqs_work/gansu/raw/HLS-VI.S30.T48SYG.2018087T033739.v2.0.NDVI.tif,HLS-VI.S30.T48SYG.2018087T033739.v2.0.NDVI.tif,S30,T48SYG,2018-03-28,2018087,033739
/home/ec2-user/ndvi_sqs_work/gansu/raw/HLS-VI.S30.T49SBA.2018087T033739.v2.0.NDVI.tif,HLS-VI.S30.T49SBA.2018087T033739.v2.0.NDVI.tif,S30,T49SBA,2018-03-28,2018087,033739
/home/ec2-user/ndvi_sqs_work/gansu/raw/HLS-VI.S30.T49SBB.2018087T033739.v2.0.NDVI.tif,HLS-VI.S30.T49SBB.2018087T033739.v2.0.NDVI.tif,S30,T49SBB,2018-03-28,2018087,033739
/home/ec2-user/ndvi_sqs_work/gansu/raw/HLS-VI.S30.T49SBU.2018087T033739.v2.0.NDVI.tif,HLS-VI.S30.T49SBU.2018087T033739.v2.0.NDVI.tif,S30,T49SBU,2018-03-28,2018087,033739
/home/ec2-user/ndvi_sqs_work/gansu/raw/HLS-VI.S30.T49SBV.2018087T033739.v2.0.NDVI.tif,HLS-VI.S30.T49SBV.2018087T033739.v2.0.NDVI.tif,S30,T49SBV,2018-03-28,2018087,033739
/home/ec2-user/ndvi_sqs_work/gansu/raw/HLS-VI.S30.T47SPT.2018088T035711.v2.0.NDVI.tif,HLS-VI.S30.T47SPT.2018088T035711.v2.0.NDVI.tif,S30,T47SPT,2018-03-29,2018088,035711
/home/ec2-user/ndvi_sqs_work/gansu/raw/HLS-VI.S30.T47SPU.2018088T035711.v2.0.NDVI.tif,HLS-VI.S30.T47SPU.2018088T035711.v2.0.NDVI.tif,S30,T47SPU,2018-03-29,2018088,035711
/home/ec2-user/ndvi_sqs_work/gansu/raw/HLS-VI.S30.T47SQT.2018088T035711.v2.0.NDVI.tif,HLS-VI.S30.T47SQT.2018088T035711.v2.0.NDVI.tif,S30,T47SQT,2018-03-29,2018088,035711
/home/ec2-user/ndvi_sqs_work/gansu/raw/HLS-VI.S30.T47SQU.2018088T035711.v2.0.NDVI.tif,HLS-VI.S30.T47SQU.2018088T035711.v2.0.NDVI.tif,S30,T47SQU,2018-03-29,2018088,035711
/home/ec2-user/ndvi_sqs_work/gansu/raw/HLS-VI.S30.T47SQV.2018088T035711.v2.0.NDVI.tif,HLS-VI.S30.T47SQV.2018088T035711.v2.0.NDVI.tif,S30,T47SQV,2018-03-29,2018088,035711
/home/ec2-user/ndvi_sqs_work/gansu/raw/HLS-VI.S30.T48STC.2018088T035711.v2.0.NDVI.tif,HLS-VI.S30.T48STC.2018088T035711.v2.0.NDVI.tif,S30,T48STC,2018-03-29,2018088,035711
/home/ec2-user/ndvi_sqs_work/gansu/raw/HLS-VI.S30.T48STD.2018088T035711.v2.0.NDVI.tif,HLS-VI.S30.T48STD.2018088T035711.v2.0.NDVI.tif,S30,T48STD,2018-03-29,2018088,035711
/home/ec2-user/ndvi_sqs_work/gansu/raw/HLS-VI.S30.T48STE.2018088T035711.v2.0.NDVI.tif,HLS-VI.S30.T48STE.2018088T035711.v2.0.NDVI.tif,S30,T48STE,2018-03-29,2018088,035711
/home/ec2-user/ndvi_sqs_work/gansu/raw/HLS-VI.S30.T48SUD.2018088T035711.v2.0.NDVI.tif,HLS-VI.S30.T48SUD.2018088T035711.v2.0.NDVI.tif,S30,T48SUD,2018-03-29,2018088,035711
/home/ec2-user/ndvi_sqs_work/gansu/raw/HLS-VI.S30.T48SUE.2018088T035711.v2.0.NDVI.tif,HLS-VI.S30.T48SUE.2018088T035711.v2.0.NDVI.tif,S30,T48SUE,2018-03-29,2018088,035711
/home/ec2-user/ndvi_sqs_work/gansu/raw/HLS-VI.S30.T48SUF.2018088T035711.v2.0.NDVI.tif,HLS-VI.S30.T48SUF.2018088T035711.v2.0.NDVI.tif,S30,T48SUF,2018-03-29,2018088,035711
/home/ec2-user/ndvi_sqs_work/gansu/raw/HLS-VI.S30.T48SUG.2018088T035711.v2.0.NDVI.tif,HLS-VI.S30.T48SUG.2018088T035711.v2.0.NDVI.tif,S30,T48SUG,2018-03-29,2018088,035711
/home/ec2-user/ndvi_sqs_work/gansu/raw/HLS-VI.S30.T48SVG.2018088T035711.v2.0.NDVI.tif,HLS-VI.S30.T48SVG.2018088T035711.v2.0.NDVI.tif,S30,T48SVG,2018-03-29,2018088,035711
/home/ec2-user/ndvi_sqs_work/gansu/raw/HLS-VI.S30.T47SND.2018089T041659.v2.0.NDVI.tif,HLS-VI.S30.T47SND.2018089T041659.v2.0.NDVI.tif,S30,T47SND,2018-03-30,2018089,041659
/home/ec2-user/ndvi_sqs_work/gansu/raw/HLS-VI.S30.T47TME.2018089T041659.v2.0.NDVI.tif,HLS-VI.S30.T47TME.2018089T041659.v2.0.NDVI.tif,S30,T47TME,2018-03-30,2018089,041659
/home/ec2-user/ndvi_sqs_work/gansu/raw/HLS-VI.S30.T47TMF.2018089T041659.v2.0.NDVI.tif,HLS-VI.S30.T47TMF.2018089T041659.v2.0.NDVI.tif,S30,T47TMF,2018-03-30,2018089,041659
/home/ec2-user/ndvi_sqs_work/gansu/raw/HLS-VI.S30.T47TNE.2018089T041659.v2.0.NDVI.tif,HLS-VI.S30.T47TNE.2018089T041659.v2.0.NDVI.tif,S30,T47TNE,2018-03-30,2018089,041659
/home/ec2-user/ndvi_sqs_work/gansu/raw/HLS-VI.S30.T47TNF.2018089T041659.v2.0.NDVI.tif,HLS-VI.S30.T47TNF.2018089T041659.v2.0.NDVI.tif,S30,T47TNF,2018-03-30,2018089,041659
/home/ec2-user/ndvi_sqs_work/gansu/raw/HLS-VI.S30.T46TFK.2018090T043701.v2.0.NDVI.tif,HLS-VI.S30.T46TFK.2018090T043701.v2.0.NDVI.tif,S30,T46TFK,2018-03-31,2018090,043701
/home/ec2-user/ndvi_sqs_work/gansu/raw/HLS-VI.S30.T47SPB.2018091T040541.v2.0.NDVI.tif,HLS-VI.S30.T47SPB.2018091T040541.v2.0.NDVI.tif,S30,T47SPB,2018-04-01,2018091,040541
/home/ec2-user/ndvi_sqs_work/gansu/raw/HLS-VI.S30.T47SQB.2018091T040541.v2.0.NDVI.tif,HLS-VI.S30.T47SQB.2018091T040541.v2.0.NDVI.tif,S30,T47SQB,2018-04-01,2018091,040541
/home/ec2-user/ndvi_sqs_work/gansu/raw/HLS-VI.S30.T47TME.2018091T040541.v2.0.NDVI.tif,HLS-VI.S30.T47TME.2018091T040541.v2.0.NDVI.tif,S30,T47TME,2018-04-01,2018091,040541
/home/ec2-user/ndvi_sqs_work/gansu/raw/HLS-VI.S30.T47TMF.2018091T040541.v2.0.NDVI.tif,HLS-VI.S30.T47TMF.2018091T040541.v2.0.NDVI.tif,S30,T47TMF,2018-04-01,2018091,040541
/home/ec2-user/ndvi_sqs_work/gansu/raw/HLS-VI.S30.T48STH.2018091T040541.v2.0.NDVI.tif,HLS-VI.S30.T48STH.2018091T040541.v2.0.NDVI.tif,S30,T48STH,2018-04-01,2018091,040541
/home/ec2-user/ndvi_sqs_work/gansu/raw/HLS-VI.S30.T46SFH.2018092T042659.v2.0.NDVI.tif,HLS-VI.S30.T46SFH.2018092T042659.v2.0.NDVI.tif,S30,T46SFH,2018-04-02,2018092,042659
/home/ec2-user/ndvi_sqs_work/gansu/raw/HLS-VI.S30.T46TGK.2018092T042659.v2.0.NDVI.tif,HLS-VI.S30.T46TGK.2018092T042659.v2.0.NDVI.tif,S30,T46TGK,2018-04-02,2018092,042659
/home/ec2-user/ndvi_sqs_work/gansu/raw/HLS-VI.S30.T47SKD.2018092T042659.v2.0.NDVI.tif,HLS-VI.S30.T47SKD.2018092T042659.v2.0.NDVI.tif,S30,T47SKD,2018-04-02,2018092,042659
/home/ec2-user/ndvi_sqs_work/gansu/raw/HLS-VI.S30.T47SLC.2018092T042659.v2.0.NDVI.tif,HLS-VI.S30.T47SLC.2018092T042659.v2.0.NDVI.tif,S30,T47SLC,2018-04-02,2018092,042659
/home/ec2-user/ndvi_sqs_work/gansu/raw/HLS-VI.S30.T47SLD.2018092T042659.v2.0.NDVI.tif,HLS-VI.S30.T47SLD.2018092T042659.v2.0.NDVI.tif,S30,T47SLD,2018-04-02,2018092,042659
/home/ec2-user/ndvi_sqs_work/gansu/raw/HLS-VI.S30.T47TKE.2018092T042659.v2.0.NDVI.tif,HLS-VI.S30.T47TKE.2018092T042659.v2.0.NDVI.tif,S30,T47TKE,2018-04-02,2018092,042659
/home/ec2-user/ndvi_sqs_work/gansu/raw/HLS-VI.S30.T47TLE.2018092T042659.v2.0.NDVI.tif,HLS-VI.S30.T47TLE.2018092T042659.v2.0.NDVI.tif,S30,T47TLE,2018-04-02,2018092,042659
/home/ec2-user/ndvi_sqs_work/gansu/raw/HLS-VI.S30.T47TLF.2018092T042659.v2.0.NDVI.tif,HLS-VI.S30.T47TLF.2018092T042659.v2.0.NDVI.tif,S30,T47TLF,2018-04-02,2018092,042659
/home/ec2-user/ndvi_sqs_work/gansu/raw/HLS-VI.S30.T48SVB.2018092T033531.v2.0.NDVI.tif,HLS-VI.S30.T48SVB.2018092T033531.v2.0.NDVI.tif,S30,T48SVB,2018-04-02,2018092,033531
/home/ec2-user/ndvi_sqs_work/gansu/raw/HLS-VI.S30.T48SVC.2018092T033531.v2.0.NDVI.tif,HLS-VI.S30.T48SVC.2018092T033531.v2.0.NDVI.tif,S30,T48SVC,2018-04-02,2018092,033531
/home/ec2-user/ndvi_sqs_work/gansu/raw/HLS-VI.S30.T48SVD.2018092T033531.v2.0.NDVI.tif,HLS-VI.S30.T48SVD.2018092T033531.v2.0.NDVI.tif,S30,T48SVD,2018-04-02,2018092,033531
/home/ec2-user/ndvi_sqs_work/gansu/raw/HLS-VI.S30.T48SVE.2018092T033531.v2.0.NDVI.tif,HLS-VI.S30.T48SVE.2018092T033531.v2.0.NDVI.tif,S30,T48SVE,2018-04-02,2018092,033531
/home/ec2-user/ndvi_sqs_work/gansu/raw/HLS-VI.S30.T48SWB.2018092T033531.v2.0.NDVI.tif,HLS-VI.S30.T48SWB.2018092T033531.v2.0.NDVI.tif,S30,T48SWB,2018-04-02,2018092,033531
/home/ec2-user/ndvi_sqs_work/gansu/raw/HLS-VI.S30.T48SWC.2018092T033531.v2.0.NDVI.tif,HLS-VI.S30.T48SWC.2018092T033531.v2.0.NDVI.tif,S30,T48SWC,2018-04-02,2018092,033531
/home/ec2-user/ndvi_sqs_work/gansu/raw/HLS-VI.S30.T48SWD.2018092T033531.v2.0.NDVI.tif,HLS-VI.S30.T48SWD.2018092T033531.v2.0.NDVI.tif,S30,T48SWD,2018-04-02,2018092,033531
/home/ec2-user/ndvi_sqs_work/gansu/raw/HLS-VI.S30.T48SWE.2018092T033531.v2.0.NDVI.tif,HLS-VI.S30.T48SWE.2018092T033531.v2.0.NDVI.tif,S30,T48SWE,2018-04-02,2018092,033531
/home/ec2-user/ndvi_sqs_work/gansu/raw/HLS-VI.S30.T48SWF.2018092T033531.v2.0.NDVI.tif,HLS-VI.S30.T48SWF.2018092T033531.v2.0.NDVI.tif,S30,T48SWF,2018-04-02,2018092,033531
/home/ec2-user/ndvi_sqs_work/gansu/raw/HLS-VI.S30.T48SXC.2018092T033531.v2.0.NDVI.tif,HLS-VI.S30.T48SXC.2018092T033531.v2.0.NDVI.tif,S30,T48SXC,2018-04-02,2018092,033531
/home/ec2-user/ndvi_sqs_work/gansu/raw/HLS-VI.S30.T48SXD.2018092T033531.v2.0.NDVI.tif,HLS-VI.S30.T48SXD.2018092T033531.v2.0.NDVI.tif,S30,T48SXD,2018-04-02,2018092,033531
/home/ec2-user/ndvi_sqs_work/gansu/raw/HLS-VI.S30.T48SXE.2018092T033531.v2.0.NDVI.tif,HLS-VI.S30.T48SXE.2018092T033531.v2.0.NDVI.tif,S30,T48SXE,2018-04-02,2018092,033531
/home/ec2-user/ndvi_sqs_work/gansu/raw/HLS-VI.S30.T48SXF.2018092T033531.v2.0.NDVI.tif,HLS-VI.S30.T48SXF.2018092T033531.v2.0.NDVI.tif,S30,T48SXF,2018-04-02,2018092,033531
/home/ec2-user/ndvi_sqs_work/gansu/raw/HLS-VI.S30.T48SXG.2018092T033531.v2.0.NDVI.tif,HLS-VI.S30.T48SXG.2018092T033531.v2.0.NDVI.tif,S30,T48SXG,2018-04-02,2018092,033531
/home/ec2-user/ndvi_sqs_work/gansu/raw/HLS-VI.S30.T48SYD.2018092T033531.v2.0.NDVI.tif,HLS-VI.S30.T48SYD.2018092T033531.v2.0.NDVI.tif,S30,T48SYD,2018-04-02,2018092,033531
/home/ec2-user/ndvi_sqs_work/gansu/raw/HLS-VI.S30.T48SYE.2018092T033531.v2.0.NDVI.tif,HLS-VI.S30.T48SYE.2018092T033531.v2.0.NDVI.tif,S30,T48SYE,2018-04-02,2018092,033531
/home/ec2-user/ndvi_sqs_work/gansu/raw/HLS-VI.S30.T48SYF.2018092T033531.v2.0.NDVI.tif,HLS-VI.S30.T48SYF.2018092T033531.v2.0.NDVI.tif,S30,T48SYF,2018-04-02,2018092,033531
/home/ec2-user/ndvi_sqs_work/gansu/raw/HLS-VI.S30.T48SYG.2018092T033531.v2.0.NDVI.tif,HLS-VI.S30.T48SYG.2018092T033531.v2.0.NDVI.tif,S30,T48SYG,2018-04-02,2018092,033531
/home/ec2-user/ndvi_sqs_work/gansu/raw/HLS-VI.S30.T49SBA.2018092T033531.v2.0.NDVI.tif,HLS-VI.S30.T49SBA.2018092T033531.v2.0.NDVI.tif,S30,T49SBA,2018-04-02,2018092,033531
/home/ec2-user/ndvi_sqs_work/gansu/raw/HLS-VI.S30.T49SBB.2018092T033531.v2.0.NDVI.tif,HLS-VI.S30.T49SBB.2018092T033531.v2.0.NDVI.tif,S30,T49SBB,2018-04-02,2018092,033531
/home/ec2-user/ndvi_sqs_work/gansu/raw/HLS-VI.S30.T49SBU.2018092T033531.v2.0.NDVI.tif,HLS-VI.S30.T49SBU.2018092T033531.v2.0.NDVI.tif,S30,T49SBU,2018-04-02,2018092,033531
/home/ec2-user/ndvi_sqs_work/gansu/raw/HLS-VI.S30.T49SBV.2018092T033531.v2.0.NDVI.tif,HLS-VI.S30.T49SBV.2018092T033531.v2.0.NDVI.tif,S30,T49SBV,2018-04-02,2018092,033531
/home/ec2-user/ndvi_sqs_work/gansu/raw/HLS-VI.S30.T47SPT.2018093T035539.v2.0.NDVI.tif,HLS-VI.S30.T47SPT.2018093T035539.v2.0.NDVI.tif,S30,T47SPT,2018-04-03,2018093,035539
/home/ec2-user/ndvi_sqs_work/gansu/raw/HLS-VI.S30.T47SQD.2018093T035539.v2.0.NDVI.tif,HLS-VI.S30.T47SQD.2018093T035539.v2.0.NDVI.tif,S30,T47SQD,2018-04-03,2018093,035539
/home/ec2-user/ndvi_sqs_work/gansu/raw/HLS-VI.S30.T47SQT.2018093T035539.v2.0.NDVI.tif,HLS-VI.S30.T47SQT.2018093T035539.v2.0.NDVI.tif,S30,T47SQT,2018-04-03,2018093,035539
/home/ec2-user/ndvi_sqs_work/gansu/raw/HLS-VI.S30.T47SQU.2018093T035539.v2.0.NDVI.tif,HLS-VI.S30.T47SQU.2018093T035539.v2.0.NDVI.tif,S30,T47SQU,2018-04-03,2018093,035539
/home/ec2-user/ndvi_sqs_work/gansu/raw/HLS-VI.S30.T48STC.2018093T035539.v2.0.NDVI.tif,HLS-VI.S30.T48STC.2018093T035539.v2.0.NDVI.tif,S30,T48STC,2018-04-03,2018093,035539
/home/ec2-user/ndvi_sqs_work/gansu/raw/HLS-VI.S30.T48STD.2018093T035539.v2.0.NDVI.tif,HLS-VI.S30.T48STD.2018093T035539.v2.0.NDVI.tif,S30,T48STD,2018-04-03,2018093,035539
/home/ec2-user/ndvi_sqs_work/gansu/raw/HLS-VI.S30.T48STE.2018093T035539.v2.0.NDVI.tif,HLS-VI.S30.T48STE.2018093T035539.v2.0.NDVI.tif,S30,T48STE,2018-04-03,2018093,035539
/home/ec2-user/ndvi_sqs_work/gansu/raw/HLS-VI.S30.T48STJ.2018093T035539.v2.0.NDVI.tif,HLS-VI.S30.T48STJ.2018093T035539.v2.0.NDVI.tif,S30,T48STJ,2018-04-03,2018093,035539
/home/ec2-user/ndvi_sqs_work/gansu/raw/HLS-VI.S30.T48SUD.2018093T035539.v2.0.NDVI.tif,HLS-VI.S30.T48SUD.2018093T035539.v2.0.NDVI.tif,S30,T48SUD,2018-04-03,2018093,035539
/home/ec2-user/ndvi_sqs_work/gansu/raw/HLS-VI.S30.T48SUE.2018093T035539.v2.0.NDVI.tif,HLS-VI.S30.T48SUE.2018093T035539.v2.0.NDVI.tif,S30,T48SUE,2018-04-03,2018093,035539
/home/ec2-user/ndvi_sqs_work/gansu/raw/HLS-VI.S30.T46TEK.2018095T043659.v2.0.NDVI.tif,HLS-VI.S30.T46TEK.2018095T043659.v2.0.NDVI.tif,S30,T46TEK,2018-04-05,2018095,043659
/home/ec2-user/ndvi_sqs_work/gansu/raw/HLS-VI.S30.T46TFK.2018095T043659.v2.0.NDVI.tif,HLS-VI.S30.T46TFK.2018095T043659.v2.0.NDVI.tif,S30,T46TFK,2018-04-05,2018095,043659
/home/ec2-user/ndvi_sqs_work/gansu/raw/HLS-VI.S30.T46TFL.2018095T043659.v2.0.NDVI.tif,HLS-VI.S30.T46TFL.2018095T043659.v2.0.NDVI.tif,S30,T46TFL,2018-04-05,2018095,043659
/home/ec2-user/ndvi_sqs_work/gansu/raw/HLS-VI.S30.T46TFM.2018095T043659.v2.0.NDVI.tif,HLS-VI.S30.T46TFM.2018095T043659.v2.0.NDVI.tif,S30,T46TFM,2018-04-05,2018095,043659
/home/ec2-user/ndvi_sqs_work/gansu/raw/HLS-VI.S30.T47TMF.2018096T040539.v2.0.NDVI.tif,HLS-VI.S30.T47TMF.2018096T040539.v2.0.NDVI.tif,S30,T47TMF,2018-04-06,2018096,040539
/home/ec2-user/ndvi_sqs_work/gansu/raw/HLS-VI.S30.T47TNE.2018096T040539.v2.0.NDVI.tif,HLS-VI.S30.T47TNE.2018096T040539.v2.0.NDVI.tif,S30,T47TNE,2018-04-06,2018096,040539
/home/ec2-user/ndvi_sqs_work/gansu/raw/HLS-VI.S30.T47TNF.2018096T040539.v2.0.NDVI.tif,HLS-VI.S30.T47TNF.2018096T040539.v2.0.NDVI.tif,S30,T47TNF,2018-04-06,2018096,040539
/home/ec2-user/ndvi_sqs_work/gansu/raw/HLS-VI.S30.T47TPE.2018096T040539.v2.0.NDVI.tif,HLS-VI.S30.T47TPE.2018096T040539.v2.0.NDVI.tif,S30,T47TPE,2018-04-06,2018096,040539
/home/ec2-user/ndvi_sqs_work/gansu/raw/HLS-VI.S30.T47TPF.2018096T040539.v2.0.NDVI.tif,HLS-VI.S30.T47TPF.2018096T040539.v2.0.NDVI.tif,S30,T47TPF,2018-04-06,2018096,040539
/home/ec2-user/ndvi_sqs_work/gansu/raw/HLS-VI.S30.T46TEK.2018097T042701.v2.0.NDVI.tif,HLS-VI.S30.T46TEK.2018097T042701.v2.0.NDVI.tif,S30,T46TEK,2018-04-07,2018097,042701
/home/ec2-user/ndvi_sqs_work/gansu/raw/HLS-VI.S30.T46TEL.2018097T042701.v2.0.NDVI.tif,HLS-VI.S30.T46TEL.2018097T042701.v2.0.NDVI.tif,S30,T46TEL,2018-04-07,2018097,042701
/home/ec2-user/ndvi_sqs_work/gansu/raw/HLS-VI.S30.T46TFM.2018097T042701.v2.0.NDVI.tif,HLS-VI.S30.T46TFM.2018097T042701.v2.0.NDVI.tif,S30,T46TFM,2018-04-07,2018097,042701
/home/ec2-user/ndvi_sqs_work/gansu/raw/HLS-VI.S30.T47TLH.2018097T042701.v2.0.NDVI.tif,HLS-VI.S30.T47TLH.2018097T042701.v2.0.NDVI.tif,S30,T47TLH,2018-04-07,2018097,042701
/home/ec2-user/ndvi_sqs_work/gansu/raw/HLS-VI.S30.T48SVC.2018097T033529.v2.0.NDVI.tif,HLS-VI.S30.T48SVC.2018097T033529.v2.0.NDVI.tif,S30,T48SVC,2018-04-07,2018097,033529
/home/ec2-user/ndvi_sqs_work/gansu/raw/HLS-VI.S30.T48SVD.2018097T033529.v2.0.NDVI.tif,HLS-VI.S30.T48SVD.2018097T033529.v2.0.NDVI.tif,S30,T48SVD,2018-04-07,2018097,033529
/home/ec2-user/ndvi_sqs_work/gansu/raw/HLS-VI.S30.T48SVE.2018097T033529.v2.0.NDVI.tif,HLS-VI.S30.T48SVE.2018097T033529.v2.0.NDVI.tif,S30,T48SVE,2018-04-07,2018097,033529
/home/ec2-user/ndvi_sqs_work/gansu/raw/HLS-VI.S30.T48SWB.2018097T033529.v2.0.NDVI.tif,HLS-VI.S30.T48SWB.2018097T033529.v2.0.NDVI.tif,S30,T48SWB,2018-04-07,2018097,033529
/home/ec2-user/ndvi_sqs_work/gansu/raw/HLS-VI.S30.T48SWC.2018097T033529.v2.0.NDVI.tif,HLS-VI.S30.T48SWC.2018097T033529.v2.0.NDVI.tif,S30,T48SWC,2018-04-07,2018097,033529
/home/ec2-user/ndvi_sqs_work/gansu/raw/HLS-VI.S30.T48SWD.2018097T033529.v2.0.NDVI.tif,HLS-VI.S30.T48SWD.2018097T033529.v2.0.NDVI.tif,S30,T48SWD,2018-04-07,2018097,033529
/home/ec2-user/ndvi_sqs_work/gansu/raw/HLS-VI.S30.T48SWE.2018097T033529.v2.0.NDVI.tif,HLS-VI.S30.T48SWE.2018097T033529.v2.0.NDVI.tif,S30,T48SWE,2018-04-07,2018097,033529
/home/ec2-user/ndvi_sqs_work/gansu/raw/HLS-VI.S30.T48SWF.2018097T033529.v2.0.NDVI.tif,HLS-VI.S30.T48SWF.2018097T033529.v2.0.NDVI.tif,S30,T48SWF,2018-04-07,2018097,033529
/home/ec2-user/ndvi_sqs_work/gansu/raw/HLS-VI.S30.T48SXC.2018097T033529.v2.0.NDVI.tif,HLS-VI.S30.T48SXC.2018097T033529.v2.0.NDVI.tif,S30,T48SXC,2018-04-07,2018097,033529
/home/ec2-user/ndvi_sqs_work/gansu/raw/HLS-VI.S30.T48SXD.2018097T033529.v2.0.NDVI.tif,HLS-VI.S30.T48SXD.2018097T033529.v2.0.NDVI.tif,S30,T48SXD,2018-04-07,2018097,033529
/home/ec2-user/ndvi_sqs_work/gansu/raw/HLS-VI.S30.T48SXE.2018097T033529.v2.0.NDVI.tif,HLS-VI.S30.T48SXE.2018097T033529.v2.0.NDVI.tif,S30,T48SXE,2018-04-07,2018097,033529
/home/ec2-user/ndvi_sqs_work/gansu/raw/HLS-VI.S30.T48SXG.2018097T033529.v2.0.NDVI.tif,HLS-VI.S30.T48SXG.2018097T033529.v2.0.NDVI.tif,S30,T48SXG,2018-04-07,2018097,033529
/home/ec2-user/ndvi_sqs_work/gansu/raw/HLS-VI.S30.T48SYD.2018097T033529.v2.0.NDVI.tif,HLS-VI.S30.T48SYD.2018097T033529.v2.0.NDVI.tif,S30,T48SYD,2018-04-07,2018097,033529
/home/ec2-user/ndvi_sqs_work/gansu/raw/HLS-VI.S30.T48SYE.2018097T033529.v2.0.NDVI.tif,HLS-VI.S30.T48SYE.2018097T033529.v2.0.NDVI.tif,S30,T48SYE,2018-04-07,2018097,033529
/home/ec2-user/ndvi_sqs_work/gansu/raw/HLS-VI.S30.T48SYF.2018097T033529.v2.0.NDVI.tif,HLS-VI.S30.T48SYF.2018097T033529.v2.0.NDVI.tif,S30,T48SYF,2018-04-07,2018097,033529
/home/ec2-user/ndvi_sqs_work/gansu/raw/HLS-VI.S30.T49SBA.2018097T033529.v2.0.NDVI.tif,HLS-VI.S30.T49SBA.2018097T033529.v2.0.NDVI.tif,S30,T49SBA,2018-04-07,2018097,033529
/home/ec2-user/ndvi_sqs_work/gansu/raw/HLS-VI.S30.T49SBB.2018097T033529.v2.0.NDVI.tif,HLS-VI.S30.T49SBB.2018097T033529.v2.0.NDVI.tif,S30,T49SBB,2018-04-07,2018097,033529
/home/ec2-user/ndvi_sqs_work/gansu/raw/HLS-VI.S30.T49SBU.2018097T033529.v2.0.NDVI.tif,HLS-VI.S30.T49SBU.2018097T033529.v2.0.NDVI.tif,S30,T49SBU,2018-04-07,2018097,033529
/home/ec2-user/ndvi_sqs_work/gansu/raw/HLS-VI.S30.T49SBV.2018097T033529.v2.0.NDVI.tif,HLS-VI.S30.T49SBV.2018097T033529.v2.0.NDVI.tif,S30,T49SBV,2018-04-07,2018097,033529
/home/ec2-user/ndvi_sqs_work/gansu/raw/HLS-VI.S30.T48SUE.2018098T035541.v2.0.NDVI.tif,HLS-VI.S30.T48SUE.2018098T035541.v2.0.NDVI.tif,S30,T48SUE,2018-04-08,2018098,035541
/home/ec2-user/ndvi_sqs_work/gansu/raw/HLS-VI.S30.T48SUG.2018098T035541.v2.0.NDVI.tif,HLS-VI.S30.T48SUG.2018098T035541.v2.0.NDVI.tif,S30,T48SUG,2018-04-08,2018098,035541
/home/ec2-user/ndvi_sqs_work/gansu/raw/HLS-VI.S30.T48SUH.2018098T035541.v2.0.NDVI.tif,HLS-VI.S30.T48SUH.2018098T035541.v2.0.NDVI.tif,S30,T48SUH,2018-04-08,2018098,035541
/home/ec2-user/ndvi_sqs_work/gansu/raw/HLS-VI.S30.T48SUJ.2018098T035541.v2.0.NDVI.tif,HLS-VI.S30.T48SUJ.2018098T035541.v2.0.NDVI.tif,S30,T48SUJ,2018-04-08,2018098,035541
/home/ec2-user/ndvi_sqs_work/gansu/raw/HLS-VI.S30.T48SVG.2018098T035541.v2.0.NDVI.tif,HLS-VI.S30.T48SVG.2018098T035541.v2.0.NDVI.tif,S30,T48SVG,2018-04-08,2018098,035541
/home/ec2-user/ndvi_sqs_work/gansu/raw/HLS-VI.S30.T48SVH.2018098T035541.v2.0.NDVI.tif,HLS-VI.S30.T48SVH.2018098T035541.v2.0.NDVI.tif,S30,T48SVH,2018-04-08,2018098,035541
/home/ec2-user/ndvi_sqs_work/gansu/raw/HLS-VI.S30.T48SVJ.2018098T035541.v2.0.NDVI.tif,HLS-VI.S30.T48SVJ.2018098T035541.v2.0.NDVI.tif,S30,T48SVJ,2018-04-08,2018098,035541
/home/ec2-user/ndvi_sqs_work/gansu/raw/HLS-VI.S30.T47SMC.2018099T041549.v2.0.NDVI.tif,HLS-VI.S30.T47SMC.2018099T041549.v2.0.NDVI.tif,S30,T47SMC,2018-04-09,2018099,041549
/home/ec2-user/ndvi_sqs_work/gansu/raw/HLS-VI.S30.T47TLG.2018099T041549.v2.0.NDVI.tif,HLS-VI.S30.T47TLG.2018099T041549.v2.0.NDVI.tif,S30,T47TLG,2018-04-09,2018099,041549
/home/ec2-user/ndvi_sqs_work/gansu/raw/HLS-VI.S30.T47TLH.2018099T041549.v2.0.NDVI.tif,HLS-VI.S30.T47TLH.2018099T041549.v2.0.NDVI.tif,S30,T47TLH,2018-04-09,2018099,041549
/home/ec2-user/ndvi_sqs_work/gansu/raw/HLS-VI.S30.T48SXD.2018099T032541.v2.0.NDVI.tif,HLS-VI.S30.T48SXD.2018099T032541.v2.0.NDVI.tif,S30,T48SXD,2018-04-09,2018099,032541
/home/ec2-user/ndvi_sqs_work/gansu/raw/HLS-VI.S30.T48SYD.2018099T032541.v2.0.NDVI.tif,HLS-VI.S30.T48SYD.2018099T032541.v2.0.NDVI.tif,S30,T48SYD,2018-04-09,2018099,032541
/home/ec2-user/ndvi_sqs_work/gansu/raw/HLS-VI.S30.T48SYE.2018099T032541.v2.0.NDVI.tif,HLS-VI.S30.T48SYE.2018099T032541.v2.0.NDVI.tif,S30,T48SYE,2018-04-09,2018099,032541
/home/ec2-user/ndvi_sqs_work/gansu/raw/HLS-VI.S30.T48SYF.2018099T032541.v2.0.NDVI.tif,HLS-VI.S30.T48SYF.2018099T032541.v2.0.NDVI.tif,S30,T48SYF,2018-04-09,2018099,032541
/home/ec2-user/ndvi_sqs_work/gansu/raw/HLS-VI.S30.T49SBA.2018099T032541.v2.0.NDVI.tif,HLS-VI.S30.T49SBA.2018099T032541.v2.0.NDVI.tif,S30,T49SBA,2018-04-09,2018099,032541
/home/ec2-user/ndvi_sqs_work/gansu/raw/HLS-VI.S30.T49SBU.2018099T032541.v2.0.NDVI.tif,HLS-VI.S30.T49SBU.2018099T032541.v2.0.NDVI.tif,S30,T49SBU,2018-04-09,2018099,032541
/home/ec2-user/ndvi_sqs_work/gansu/raw/HLS-VI.S30.T49SBV.2018099T032541.v2.0.NDVI.tif,HLS-VI.S30.T49SBV.2018099T032541.v2.0.NDVI.tif,S30,T49SBV,2018-04-09,2018099,032541
/home/ec2-user/ndvi_sqs_work/gansu/raw/HLS-VI.S30.T49SCA.2018099T032541.v2.0.NDVI.tif,HLS-VI.S30.T49SCA.2018099T032541.v2.0.NDVI.tif,S30,T49SCA,2018-04-09,2018099,032541
/home/ec2-user/ndvi_sqs_work/gansu/raw/HLS-VI.S30.T46SDJ.2018100T043701.v2.0.NDVI.tif,HLS-VI.S30.T46SDJ.2018100T043701.v2.0.NDVI.tif,S30,T46SDJ,2018-04-10,2018100,043701
/home/ec2-user/ndvi_sqs_work/gansu/raw/HLS-VI.S30.T46SEH.2018100T043701.v2.0.NDVI.tif,HLS-VI.S30.T46SEH.2018100T043701.v2.0.NDVI.tif,S30,T46SEH,2018-04-10,2018100,043701
/home/ec2-user/ndvi_sqs_work/gansu/raw/HLS-VI.S30.T46SEJ.2018100T043701.v2.0.NDVI.tif,HLS-VI.S30.T46SEJ.2018100T043701.v2.0.NDVI.tif,S30,T46SEJ,2018-04-10,2018100,043701
/home/ec2-user/ndvi_sqs_work/gansu/raw/HLS-VI.S30.T46SFJ.2018100T043701.v2.0.NDVI.tif,HLS-VI.S30.T46SFJ.2018100T043701.v2.0.NDVI.tif,S30,T46SFJ,2018-04-10,2018100,043701
/home/ec2-user/ndvi_sqs_work/gansu/raw/HLS-VI.S30.T46TDK.2018100T043701.v2.0.NDVI.tif,HLS-VI.S30.T46TDK.2018100T043701.v2.0.NDVI.tif,S30,T46TDK,2018-04-10,2018100,043701
/home/ec2-user/ndvi_sqs_work/gansu/raw/HLS-VI.S30.T46TEK.2018100T043701.v2.0.NDVI.tif,HLS-VI.S30.T46TEK.2018100T043701.v2.0.NDVI.tif,S30,T46TEK,2018-04-10,2018100,043701
/home/ec2-user/ndvi_sqs_work/gansu/raw/HLS-VI.S30.T46TEL.2018100T043701.v2.0.NDVI.tif,HLS-VI.S30.T46TEL.2018100T043701.v2.0.NDVI.tif,S30,T46TEL,2018-04-10,2018100,043701
/home/ec2-user/ndvi_sqs_work/gansu/raw/HLS-VI.S30.T46TFK.2018100T043701.v2.0.NDVI.tif,HLS-VI.S30.T46TFK.2018100T043701.v2.0.NDVI.tif,S30,T46TFK,2018-04-10,2018100,043701
/home/ec2-user/ndvi_sqs_work/gansu/raw/HLS-VI.S30.T46TFL.2018100T043701.v2.0.NDVI.tif,HLS-VI.S30.T46TFL.2018100T043701.v2.0.NDVI.tif,S30,T46TFL,2018-04-10,2018100,043701
/home/ec2-user/ndvi_sqs_work/gansu/raw/HLS-VI.S30.T47SQT.2018100T034529.v2.0.NDVI.tif,HLS-VI.S30.T47SQT.2018100T034529.v2.0.NDVI.tif,S30,T47SQT,2018-04-10,2018100,034529
/home/ec2-user/ndvi_sqs_work/gansu/raw/HLS-VI.S30.T48STC.2018100T034529.v2.0.NDVI.tif,HLS-VI.S30.T48STC.2018100T034529.v2.0.NDVI.tif,S30,T48STC,2018-04-10,2018100,034529
/home/ec2-user/ndvi_sqs_work/gansu/raw/HLS-VI.S30.T48SUH.2018100T034529.v2.0.NDVI.tif,HLS-VI.S30.T48SUH.2018100T034529.v2.0.NDVI.tif,S30,T48SUH,2018-04-10,2018100,034529
/home/ec2-user/ndvi_sqs_work/gansu/raw/HLS-VI.S30.T48SUJ.2018100T034529.v2.0.NDVI.tif,HLS-VI.S30.T48SUJ.2018100T034529.v2.0.NDVI.tif,S30,T48SUJ,2018-04-10,2018100,034529
/home/ec2-user/ndvi_sqs_work/gansu/raw/HLS-VI.S30.T48SVJ.2018100T034529.v2.0.NDVI.tif,HLS-VI.S30.T48SVJ.2018100T034529.v2.0.NDVI.tif,S30,T48SVJ,2018-04-10,2018100,034529
/home/ec2-user/ndvi_sqs_work/gansu/raw/HLS-VI.S30.T48SUJ.2018103T035539.v2.0.NDVI.tif,HLS-VI.S30.T48SUJ.2018103T035539.v2.0.NDVI.tif,S30,T48SUJ,2018-04-13,2018103,035539
/home/ec2-user/ndvi_sqs_work/gansu/raw/HLS-VI.S30.T46TGL.2018104T041551.v2.0.NDVI.tif,HLS-VI.S30.T46TGL.2018104T041551.v2.0.NDVI.tif,S30,T46TGL,2018-04-14,2018104,041551
/home/ec2-user/ndvi_sqs_work/gansu/raw/HLS-VI.S30.T47TLH.2018104T041551.v2.0.NDVI.tif,HLS-VI.S30.T47TLH.2018104T041551.v2.0.NDVI.tif,S30,T47TLH,2018-04-14,2018104,041551
/home/ec2-user/ndvi_sqs_work/gansu/raw/HLS-VI.S30.T46TDK.2018105T043659.v2.0.NDVI.tif,HLS-VI.S30.T46TDK.2018105T043659.v2.0.NDVI.tif,S30,T46TDK,2018-04-15,2018105,043659
/home/ec2-user/ndvi_sqs_work/gansu/raw/HLS-VI.S30.T46TEL.2018105T043659.v2.0.NDVI.tif,HLS-VI.S30.T46TEL.2018105T043659.v2.0.NDVI.tif,S30,T46TEL,2018-04-15,2018105,043659
/home/ec2-user/ndvi_sqs_work/gansu/raw/HLS-VI.S30.T46TFK.2018105T043659.v2.0.NDVI.tif,HLS-VI.S30.T46TFK.2018105T043659.v2.0.NDVI.tif,S30,T46TFK,2018-04-15,2018105,043659
/home/ec2-user/ndvi_sqs_work/gansu/raw/HLS-VI.S30.T46TFL.2018105T043659.v2.0.NDVI.tif,HLS-VI.S30.T46TFL.2018105T043659.v2.0.NDVI.tif,S30,T46TFL,2018-04-15,2018105,043659
/home/ec2-user/ndvi_sqs_work/gansu/raw/HLS-VI.S30.T46TFM.2018105T043659.v2.0.NDVI.tif,HLS-VI.S30.T46TFM.2018105T043659.v2.0.NDVI.tif,S30,T46TFM,2018-04-15,2018105,043659
/home/ec2-user/ndvi_sqs_work/gansu/raw/HLS-VI.S30.T47SQT.2018105T034541.v2.0.NDVI.tif,HLS-VI.S30.T47SQT.2018105T034541.v2.0.NDVI.tif,S30,T47SQT,2018-04-15,2018105,034541
/home/ec2-user/ndvi_sqs_work/gansu/raw/HLS-VI.S30.T48SUE.2018105T034541.v2.0.NDVI.tif,HLS-VI.S30.T48SUE.2018105T034541.v2.0.NDVI.tif,S30,T48SUE,2018-04-15,2018105,034541
/home/ec2-user/ndvi_sqs_work/gansu/raw/HLS-VI.S30.T48SUJ.2018105T034541.v2.0.NDVI.tif,HLS-VI.S30.T48SUJ.2018105T034541.v2.0.NDVI.tif,S30,T48SUJ,2018-04-15,2018105,034541
/home/ec2-user/ndvi_sqs_work/gansu/raw/HLS-VI.S30.T48SVC.2018105T034541.v2.0.NDVI.tif,HLS-VI.S30.T48SVC.2018105T034541.v2.0.NDVI.tif,S30,T48SVC,2018-04-15,2018105,034541
/home/ec2-user/ndvi_sqs_work/gansu/raw/HLS-VI.S30.T48SVD.2018105T034541.v2.0.NDVI.tif,HLS-VI.S30.T48SVD.2018105T034541.v2.0.NDVI.tif,S30,T48SVD,2018-04-15,2018105,034541
/home/ec2-user/ndvi_sqs_work/gansu/raw/HLS-VI.S30.T48SVE.2018105T034541.v2.0.NDVI.tif,HLS-VI.S30.T48SVE.2018105T034541.v2.0.NDVI.tif,S30,T48SVE,2018-04-15,2018105,034541
/home/ec2-user/ndvi_sqs_work/gansu/raw/HLS-VI.S30.T48SVJ.2018105T034541.v2.0.NDVI.tif,HLS-VI.S30.T48SVJ.2018105T034541.v2.0.NDVI.tif,S30,T48SVJ,2018-04-15,2018105,034541
/home/ec2-user/ndvi_sqs_work/gansu/raw/HLS-VI.S30.T48SWB.2018105T034541.v2.0.NDVI.tif,HLS-VI.S30.T48SWB.2018105T034541.v2.0.NDVI.tif,S30,T48SWB,2018-04-15,2018105,034541
/home/ec2-user/ndvi_sqs_work/gansu/raw/HLS-VI.S30.T48SWD.2018105T034541.v2.0.NDVI.tif,HLS-VI.S30.T48SWD.2018105T034541.v2.0.NDVI.tif,S30,T48SWD,2018-04-15,2018105,034541
/home/ec2-user/ndvi_sqs_work/gansu/raw/HLS-VI.S30.T48SWE.2018105T034541.v2.0.NDVI.tif,HLS-VI.S30.T48SWE.2018105T034541.v2.0.NDVI.tif,S30,T48SWE,2018-04-15,2018105,034541
/home/ec2-user/ndvi_sqs_work/gansu/raw/HLS-VI.S30.T47SQB.2018106T040539.v2.0.NDVI.tif,HLS-VI.S30.T47SQB.2018106T040539.v2.0.NDVI.tif,S30,T47SQB,2018-04-16,2018106,040539
/home/ec2-user/ndvi_sqs_work/gansu/raw/HLS-VI.S30.T47SQC.2018106T040539.v2.0.NDVI.tif,HLS-VI.S30.T47SQC.2018106T040539.v2.0.NDVI.tif,S30,T47SQC,2018-04-16,2018106,040539
/home/ec2-user/ndvi_sqs_work/gansu/raw/HLS-VI.S30.T47SQD.2018106T040539.v2.0.NDVI.tif,HLS-VI.S30.T47SQD.2018106T040539.v2.0.NDVI.tif,S30,T47SQD,2018-04-16,2018106,040539
/home/ec2-user/ndvi_sqs_work/gansu/raw/HLS-VI.S30.T47TME.2018106T040539.v2.0.NDVI.tif,HLS-VI.S30.T47TME.2018106T040539.v2.0.NDVI.tif,S30,T47TME,2018-04-16,2018106,040539
/home/ec2-user/ndvi_sqs_work/gansu/raw/HLS-VI.S30.T47TMF.2018106T040539.v2.0.NDVI.tif,HLS-VI.S30.T47TMF.2018106T040539.v2.0.NDVI.tif,S30,T47TMF,2018-04-16,2018106,040539
/home/ec2-user/ndvi_sqs_work/gansu/raw/HLS-VI.S30.T47TNE.2018106T040539.v2.0.NDVI.tif,HLS-VI.S30.T47TNE.2018106T040539.v2.0.NDVI.tif,S30,T47TNE,2018-04-16,2018106,040539
/home/ec2-user/ndvi_sqs_work/gansu/raw/HLS-VI.S30.T47TNF.2018106T040539.v2.0.NDVI.tif,HLS-VI.S30.T47TNF.2018106T040539.v2.0.NDVI.tif,S30,T47TNF,2018-04-16,2018106,040539
/home/ec2-user/ndvi_sqs_work/gansu/raw/HLS-VI.S30.T47TPE.2018106T040539.v2.0.NDVI.tif,HLS-VI.S30.T47TPE.2018106T040539.v2.0.NDVI.tif,S30,T47TPE,2018-04-16,2018106,040539
/home/ec2-user/ndvi_sqs_work/gansu/raw/HLS-VI.S30.T47TPF.2018106T040539.v2.0.NDVI.tif,HLS-VI.S30.T47TPF.2018106T040539.v2.0.NDVI.tif,S30,T47TPF,2018-04-16,2018106,040539
/home/ec2-user/ndvi_sqs_work/gansu/raw/HLS-VI.S30.T48STH.2018106T040539.v2.0.NDVI.tif,HLS-VI.S30.T48STH.2018106T040539.v2.0.NDVI.tif,S30,T48STH,2018-04-16,2018106,040539
/home/ec2-user/ndvi_sqs_work/gansu/raw/HLS-VI.S30.T48STJ.2018106T040539.v2.0.NDVI.tif,HLS-VI.S30.T48STJ.2018106T040539.v2.0.NDVI.tif,S30,T48STJ,2018-04-16,2018106,040539
/home/ec2-user/ndvi_sqs_work/gansu/raw/HLS-VI.S30.T48SVE.2018107T033539.v2.0.NDVI.tif,HLS-VI.S30.T48SVE.2018107T033539.v2.0.NDVI.tif,S30,T48SVE,2018-04-17,2018107,033539
/home/ec2-user/ndvi_sqs_work/gansu/raw/HLS-VI.S30.T48SWE.2018107T033539.v2.0.NDVI.tif,HLS-VI.S30.T48SWE.2018107T033539.v2.0.NDVI.tif,S30,T48SWE,2018-04-17,2018107,033539
/home/ec2-user/ndvi_sqs_work/gansu/raw/HLS-VI.S30.T48SWF.2018107T033539.v2.0.NDVI.tif,HLS-VI.S30.T48SWF.2018107T033539.v2.0.NDVI.tif,S30,T48SWF,2018-04-17,2018107,033539
/home/ec2-user/ndvi_sqs_work/gansu/raw/HLS-VI.S30.T48SXD.2018107T033539.v2.0.NDVI.tif,HLS-VI.S30.T48SXD.2018107T033539.v2.0.NDVI.tif,S30,T48SXD,2018-04-17,2018107,033539
/home/ec2-user/ndvi_sqs_work/gansu/raw/HLS-VI.S30.T48SXE.2018107T033539.v2.0.NDVI.tif,HLS-VI.S30.T48SXE.2018107T033539.v2.0.NDVI.tif,S30,T48SXE,2018-04-17,2018107,033539
/home/ec2-user/ndvi_sqs_work/gansu/raw/HLS-VI.S30.T48SXF.2018107T033539.v2.0.NDVI.tif,HLS-VI.S30.T48SXF.2018107T033539.v2.0.NDVI.tif,S30,T48SXF,2018-04-17,2018107,033539
/home/ec2-user/ndvi_sqs_work/gansu/raw/HLS-VI.S30.T48SYD.2018107T033539.v2.0.NDVI.tif,HLS-VI.S30.T48SYD.2018107T033539.v2.0.NDVI.tif,S30,T48SYD,2018-04-17,2018107,033539
/home/ec2-user/ndvi_sqs_work/gansu/raw/HLS-VI.S30.T48SYF.2018107T033539.v2.0.NDVI.tif,HLS-VI.S30.T48SYF.2018107T033539.v2.0.NDVI.tif,S30,T48SYF,2018-04-17,2018107,033539
/home/ec2-user/ndvi_sqs_work/gansu/raw/HLS-VI.S30.T48SYG.2018107T033539.v2.0.NDVI.tif,HLS-VI.S30.T48SYG.2018107T033539.v2.0.NDVI.tif,S30,T48SYG,2018-04-17,2018107,033539
/home/ec2-user/ndvi_sqs_work/gansu/raw/HLS-VI.S30.T49SBA.2018107T033539.v2.0.NDVI.tif,HLS-VI.S30.T49SBA.2018107T033539.v2.0.NDVI.tif,S30,T49SBA,2018-04-17,2018107,033539
/home/ec2-user/ndvi_sqs_work/gansu/raw/HLS-VI.S30.T49SBB.2018107T033539.v2.0.NDVI.tif,HLS-VI.S30.T49SBB.2018107T033539.v2.0.NDVI.tif,S30,T49SBB,2018-04-17,2018107,033539
/home/ec2-user/ndvi_sqs_work/gansu/raw/HLS-VI.S30.T49SBU.2018107T033539.v2.0.NDVI.tif,HLS-VI.S30.T49SBU.2018107T033539.v2.0.NDVI.tif,S30,T49SBU,2018-04-17,2018107,033539
/home/ec2-user/ndvi_sqs_work/gansu/raw/HLS-VI.S30.T49SBV.2018107T033539.v2.0.NDVI.tif,HLS-VI.S30.T49SBV.2018107T033539.v2.0.NDVI.tif,S30,T49SBV,2018-04-17,2018107,033539
/home/ec2-user/ndvi_sqs_work/gansu/raw/HLS-VI.S30.T47SPU.2018108T035541.v2.0.NDVI.tif,HLS-VI.S30.T47SPU.2018108T035541.v2.0.NDVI.tif,S30,T47SPU,2018-04-18,2018108,035541
/home/ec2-user/ndvi_sqs_work/gansu/raw/HLS-VI.S30.T47SQB.2018108T035541.v2.0.NDVI.tif,HLS-VI.S30.T47SQB.2018108T035541.v2.0.NDVI.tif,S30,T47SQB,2018-04-18,2018108,035541
/home/ec2-user/ndvi_sqs_work/gansu/raw/HLS-VI.S30.T47SQT.2018108T035541.v2.0.NDVI.tif,HLS-VI.S30.T47SQT.2018108T035541.v2.0.NDVI.tif,S30,T47SQT,2018-04-18,2018108,035541
/home/ec2-user/ndvi_sqs_work/gansu/raw/HLS-VI.S30.T47SQU.2018108T035541.v2.0.NDVI.tif,HLS-VI.S30.T47SQU.2018108T035541.v2.0.NDVI.tif,S30,T47SQU,2018-04-18,2018108,035541
/home/ec2-user/ndvi_sqs_work/gansu/raw/HLS-VI.S30.T48STC.2018108T035541.v2.0.NDVI.tif,HLS-VI.S30.T48STC.2018108T035541.v2.0.NDVI.tif,S30,T48STC,2018-04-18,2018108,035541
/home/ec2-user/ndvi_sqs_work/gansu/raw/HLS-VI.S30.T48STD.2018108T035541.v2.0.NDVI.tif,HLS-VI.S30.T48STD.2018108T035541.v2.0.NDVI.tif,S30,T48STD,2018-04-18,2018108,035541
/home/ec2-user/ndvi_sqs_work/gansu/raw/HLS-VI.S30.T48STF.2018108T035541.v2.0.NDVI.tif,HLS-VI.S30.T48STF.2018108T035541.v2.0.NDVI.tif,S30,T48STF,2018-04-18,2018108,035541
/home/ec2-user/ndvi_sqs_work/gansu/raw/HLS-VI.S30.T48STG.2018108T035541.v2.0.NDVI.tif,HLS-VI.S30.T48STG.2018108T035541.v2.0.NDVI.tif,S30,T48STG,2018-04-18,2018108,035541
/home/ec2-user/ndvi_sqs_work/gansu/raw/HLS-VI.S30.T48SUD.2018108T035541.v2.0.NDVI.tif,HLS-VI.S30.T48SUD.2018108T035541.v2.0.NDVI.tif,S30,T48SUD,2018-04-18,2018108,035541
/home/ec2-user/ndvi_sqs_work/gansu/raw/HLS-VI.S30.T48SUE.2018108T035541.v2.0.NDVI.tif,HLS-VI.S30.T48SUE.2018108T035541.v2.0.NDVI.tif,S30,T48SUE,2018-04-18,2018108,035541
/home/ec2-user/ndvi_sqs_work/gansu/raw/HLS-VI.S30.T48SUF.2018108T035541.v2.0.NDVI.tif,HLS-VI.S30.T48SUF.2018108T035541.v2.0.NDVI.tif,S30,T48SUF,2018-04-18,2018108,035541
/home/ec2-user/ndvi_sqs_work/gansu/raw/HLS-VI.S30.T48SUG.2018108T035541.v2.0.NDVI.tif,HLS-VI.S30.T48SUG.2018108T035541.v2.0.NDVI.tif,S30,T48SUG,2018-04-18,2018108,035541
/home/ec2-user/ndvi_sqs_work/gansu/raw/HLS-VI.S30.T48SVG.2018108T035541.v2.0.NDVI.tif,HLS-VI.S30.T48SVG.2018108T035541.v2.0.NDVI.tif,S30,T48SVG,2018-04-18,2018108,035541
/home/ec2-user/ndvi_sqs_work/gansu/raw/HLS-VI.S30.T46SGJ.2018109T041549.v2.0.NDVI.tif,HLS-VI.S30.T46SGJ.2018109T041549.v2.0.NDVI.tif,S30,T46SGJ,2018-04-19,2018109,041549
/home/ec2-user/ndvi_sqs_work/gansu/raw/HLS-VI.S30.T48SYD.2018109T032541.v2.0.NDVI.tif,HLS-VI.S30.T48SYD.2018109T032541.v2.0.NDVI.tif,S30,T48SYD,2018-04-19,2018109,032541
/home/ec2-user/ndvi_sqs_work/gansu/raw/HLS-VI.S30.T48SYE.2018109T032541.v2.0.NDVI.tif,HLS-VI.S30.T48SYE.2018109T032541.v2.0.NDVI.tif,S30,T48SYE,2018-04-19,2018109,032541
/home/ec2-user/ndvi_sqs_work/gansu/raw/HLS-VI.S30.T48SYF.2018109T032541.v2.0.NDVI.tif,HLS-VI.S30.T48SYF.2018109T032541.v2.0.NDVI.tif,S30,T48SYF,2018-04-19,2018109,032541
/home/ec2-user/ndvi_sqs_work/gansu/raw/HLS-VI.S30.T49SBA.2018109T032541.v2.0.NDVI.tif,HLS-VI.S30.T49SBA.2018109T032541.v2.0.NDVI.tif,S30,T49SBA,2018-04-19,2018109,032541
/home/ec2-user/ndvi_sqs_work/gansu/raw/HLS-VI.S30.T49SBU.2018109T032541.v2.0.NDVI.tif,HLS-VI.S30.T49SBU.2018109T032541.v2.0.NDVI.tif,S30,T49SBU,2018-04-19,2018109,032541
/home/ec2-user/ndvi_sqs_work/gansu/raw/HLS-VI.S30.T49SBV.2018109T032541.v2.0.NDVI.tif,HLS-VI.S30.T49SBV.2018109T032541.v2.0.NDVI.tif,S30,T49SBV,2018-04-19,2018109,032541
/home/ec2-user/ndvi_sqs_work/gansu/raw/HLS-VI.S30.T49SCA.2018109T032541.v2.0.NDVI.tif,HLS-VI.S30.T49SCA.2018109T032541.v2.0.NDVI.tif,S30,T49SCA,2018-04-19,2018109,032541
/home/ec2-user/ndvi_sqs_work/gansu/raw/HLS-VI.S30.T47SQT.2018110T034539.v2.0.NDVI.tif,HLS-VI.S30.T47SQT.2018110T034539.v2.0.NDVI.tif,S30,T47SQT,2018-04-20,2018110,034539
/home/ec2-user/ndvi_sqs_work/gansu/raw/HLS-VI.S30.T48SUG.2018110T034539.v2.0.NDVI.tif,HLS-VI.S30.T48SUG.2018110T034539.v2.0.NDVI.tif,S30,T48SUG,2018-04-20,2018110,034539
/home/ec2-user/ndvi_sqs_work/gansu/raw/HLS-VI.S30.T48SUH.2018110T034539.v2.0.NDVI.tif,HLS-VI.S30.T48SUH.2018110T034539.v2.0.NDVI.tif,S30,T48SUH,2018-04-20,2018110,034539
/home/ec2-user/ndvi_sqs_work/gansu/raw/HLS-VI.S30.T48SUJ.2018110T034539.v2.0.NDVI.tif,HLS-VI.S30.T48SUJ.2018110T034539.v2.0.NDVI.tif,S30,T48SUJ,2018-04-20,2018110,034539
/home/ec2-user/ndvi_sqs_work/gansu/raw/HLS-VI.S30.T48SVF.2018110T034539.v2.0.NDVI.tif,HLS-VI.S30.T48SVF.2018110T034539.v2.0.NDVI.tif,S30,T48SVF,2018-04-20,2018110,034539
/home/ec2-user/ndvi_sqs_work/gansu/raw/HLS-VI.S30.T48SWE.2018110T034539.v2.0.NDVI.tif,HLS-VI.S30.T48SWE.2018110T034539.v2.0.NDVI.tif,S30,T48SWE,2018-04-20,2018110,034539
/home/ec2-user/ndvi_sqs_work/gansu/raw/HLS-VI.S30.T48SWF.2018110T034539.v2.0.NDVI.tif,HLS-VI.S30.T48SWF.2018110T034539.v2.0.NDVI.tif,S30,T48SWF,2018-04-20,2018110,034539
/home/ec2-user/ndvi_sqs_work/gansu/raw/HLS-VI.S30.T48STH.2018111T040551.v2.0.NDVI.tif,HLS-VI.S30.T48STH.2018111T040551.v2.0.NDVI.tif,S30,T48STH,2018-04-21,2018111,040551
/home/ec2-user/ndvi_sqs_work/gansu/raw/HLS-VI.S30.T47TMF.2018114T041711.v2.0.NDVI.tif,HLS-VI.S30.T47TMF.2018114T041711.v2.0.NDVI.tif,S30,T47TMF,2018-04-24,2018114,041711
/home/ec2-user/ndvi_sqs_work/gansu/raw/HLS-VI.S30.T47TNE.2018114T041711.v2.0.NDVI.tif,HLS-VI.S30.T47TNE.2018114T041711.v2.0.NDVI.tif,S30,T47TNE,2018-04-24,2018114,041711
/home/ec2-user/ndvi_sqs_work/gansu/raw/HLS-VI.S30.T47TNF.2018114T041711.v2.0.NDVI.tif,HLS-VI.S30.T47TNF.2018114T041711.v2.0.NDVI.tif,S30,T47TNF,2018-04-24,2018114,041711
/home/ec2-user/ndvi_sqs_work/gansu/raw/HLS-VI.S30.T46SDJ.2018115T043659.v2.0.NDVI.tif,HLS-VI.S30.T46SDJ.2018115T043659.v2.0.NDVI.tif,S30,T46SDJ,2018-04-25,2018115,043659
/home/ec2-user/ndvi_sqs_work/gansu/raw/HLS-VI.S30.T46SEJ.2018115T043659.v2.0.NDVI.tif,HLS-VI.S30.T46SEJ.2018115T043659.v2.0.NDVI.tif,S30,T46SEJ,2018-04-25,2018115,043659
/home/ec2-user/ndvi_sqs_work/gansu/raw/HLS-VI.S30.T46SFH.2018115T043659.v2.0.NDVI.tif,HLS-VI.S30.T46SFH.2018115T043659.v2.0.NDVI.tif,S30,T46SFH,2018-04-25,2018115,043659
/home/ec2-user/ndvi_sqs_work/gansu/raw/HLS-VI.S30.T46SFJ.2018115T043659.v2.0.NDVI.tif,HLS-VI.S30.T46SFJ.2018115T043659.v2.0.NDVI.tif,S30,T46SFJ,2018-04-25,2018115,043659
/home/ec2-user/ndvi_sqs_work/gansu/raw/HLS-VI.S30.T46TDK.2018115T043659.v2.0.NDVI.tif,HLS-VI.S30.T46TDK.2018115T043659.v2.0.NDVI.tif,S30,T46TDK,2018-04-25,2018115,043659
/home/ec2-user/ndvi_sqs_work/gansu/raw/HLS-VI.S30.T46TEK.2018115T043659.v2.0.NDVI.tif,HLS-VI.S30.T46TEK.2018115T043659.v2.0.NDVI.tif,S30,T46TEK,2018-04-25,2018115,043659
/home/ec2-user/ndvi_sqs_work/gansu/raw/HLS-VI.S30.T48SUH.2018115T034711.v2.0.NDVI.tif,HLS-VI.S30.T48SUH.2018115T034711.v2.0.NDVI.tif,S30,T48SUH,2018-04-25,2018115,034711
/home/ec2-user/ndvi_sqs_work/gansu/raw/HLS-VI.S30.T48SUJ.2018115T034711.v2.0.NDVI.tif,HLS-VI.S30.T48SUJ.2018115T034711.v2.0.NDVI.tif,S30,T48SUJ,2018-04-25,2018115,034711
/home/ec2-user/ndvi_sqs_work/gansu/raw/HLS-VI.S30.T48SVH.2018115T034711.v2.0.NDVI.tif,HLS-VI.S30.T48SVH.2018115T034711.v2.0.NDVI.tif,S30,T48SVH,2018-04-25,2018115,034711
/home/ec2-user/ndvi_sqs_work/gansu/raw/HLS-VI.S30.T48SVJ.2018115T034711.v2.0.NDVI.tif,HLS-VI.S30.T48SVJ.2018115T034711.v2.0.NDVI.tif,S30,T48SVJ,2018-04-25,2018115,034711
/home/ec2-user/ndvi_sqs_work/gansu/raw/HLS-VI.S30.T47SQD.2018116T040539.v2.0.NDVI.tif,HLS-VI.S30.T47SQD.2018116T040539.v2.0.NDVI.tif,S30,T47SQD,2018-04-26,2018116,040539
/home/ec2-user/ndvi_sqs_work/gansu/raw/HLS-VI.S30.T47TME.2018116T040539.v2.0.NDVI.tif,HLS-VI.S30.T47TME.2018116T040539.v2.0.NDVI.tif,S30,T47TME,2018-04-26,2018116,040539
/home/ec2-user/ndvi_sqs_work/gansu/raw/HLS-VI.S30.T47TMF.2018116T040539.v2.0.NDVI.tif,HLS-VI.S30.T47TMF.2018116T040539.v2.0.NDVI.tif,S30,T47TMF,2018-04-26,2018116,040539
/home/ec2-user/ndvi_sqs_work/gansu/raw/HLS-VI.S30.T47TNE.2018116T040539.v2.0.NDVI.tif,HLS-VI.S30.T47TNE.2018116T040539.v2.0.NDVI.tif,S30,T47TNE,2018-04-26,2018116,040539
/home/ec2-user/ndvi_sqs_work/gansu/raw/HLS-VI.S30.T47TNF.2018116T040539.v2.0.NDVI.tif,HLS-VI.S30.T47TNF.2018116T040539.v2.0.NDVI.tif,S30,T47TNF,2018-04-26,2018116,040539
/home/ec2-user/ndvi_sqs_work/gansu/raw/HLS-VI.S30.T47TPF.2018116T040539.v2.0.NDVI.tif,HLS-VI.S30.T47TPF.2018116T040539.v2.0.NDVI.tif,S30,T47TPF,2018-04-26,2018116,040539
/home/ec2-user/ndvi_sqs_work/gansu/raw/HLS-VI.S30.T48STJ.2018116T040539.v2.0.NDVI.tif,HLS-VI.S30.T48STJ.2018116T040539.v2.0.NDVI.tif,S30,T48STJ,2018-04-26,2018116,040539
/home/ec2-user/ndvi_sqs_work/gansu/raw/HLS-VI.S30.T46SEH.2018117T042711.v2.0.NDVI.tif,HLS-VI.S30.T46SEH.2018117T042711.v2.0.NDVI.tif,S30,T46SEH,2018-04-27,2018117,042711
/home/ec2-user/ndvi_sqs_work/gansu/raw/HLS-VI.S30.T46SFH.2018117T042711.v2.0.NDVI.tif,HLS-VI.S30.T46SFH.2018117T042711.v2.0.NDVI.tif,S30,T46SFH,2018-04-27,2018117,042711
/home/ec2-user/ndvi_sqs_work/gansu/raw/HLS-VI.S30.T46TEK.2018117T042711.v2.0.NDVI.tif,HLS-VI.S30.T46TEK.2018117T042711.v2.0.NDVI.tif,S30,T46TEK,2018-04-27,2018117,042711
/home/ec2-user/ndvi_sqs_work/gansu/raw/HLS-VI.S30.T46TEL.2018117T042711.v2.0.NDVI.tif,HLS-VI.S30.T46TEL.2018117T042711.v2.0.NDVI.tif,S30,T46TEL,2018-04-27,2018117,042711
/home/ec2-user/ndvi_sqs_work/gansu/raw/HLS-VI.S30.T46TFK.2018117T042711.v2.0.NDVI.tif,HLS-VI.S30.T46TFK.2018117T042711.v2.0.NDVI.tif,S30,T46TFK,2018-04-27,2018117,042711
/home/ec2-user/ndvi_sqs_work/gansu/raw/HLS-VI.S30.T46TFL.2018117T042711.v2.0.NDVI.tif,HLS-VI.S30.T46TFL.2018117T042711.v2.0.NDVI.tif,S30,T46TFL,2018-04-27,2018117,042711
/home/ec2-user/ndvi_sqs_work/gansu/raw/HLS-VI.S30.T46TFM.2018117T042711.v2.0.NDVI.tif,HLS-VI.S30.T46TFM.2018117T042711.v2.0.NDVI.tif,S30,T46TFM,2018-04-27,2018117,042711
/home/ec2-user/ndvi_sqs_work/gansu/raw/HLS-VI.S30.T46TGK.2018117T042711.v2.0.NDVI.tif,HLS-VI.S30.T46TGK.2018117T042711.v2.0.NDVI.tif,S30,T46TGK,2018-04-27,2018117,042711
/home/ec2-user/ndvi_sqs_work/gansu/raw/HLS-VI.S30.T46TGL.2018117T042711.v2.0.NDVI.tif,HLS-VI.S30.T46TGL.2018117T042711.v2.0.NDVI.tif,S30,T46TGL,2018-04-27,2018117,042711
/home/ec2-user/ndvi_sqs_work/gansu/raw/HLS-VI.S30.T46TGM.2018117T042711.v2.0.NDVI.tif,HLS-VI.S30.T46TGM.2018117T042711.v2.0.NDVI.tif,S30,T46TGM,2018-04-27,2018117,042711
/home/ec2-user/ndvi_sqs_work/gansu/raw/HLS-VI.S30.T46TGN.2018117T042711.v2.0.NDVI.tif,HLS-VI.S30.T46TGN.2018117T042711.v2.0.NDVI.tif,S30,T46TGN,2018-04-27,2018117,042711
/home/ec2-user/ndvi_sqs_work/gansu/raw/HLS-VI.S30.T47SLC.2018117T042711.v2.0.NDVI.tif,HLS-VI.S30.T47SLC.2018117T042711.v2.0.NDVI.tif,S30,T47SLC,2018-04-27,2018117,042711
/home/ec2-user/ndvi_sqs_work/gansu/raw/HLS-VI.S30.T47TKE.2018117T042711.v2.0.NDVI.tif,HLS-VI.S30.T47TKE.2018117T042711.v2.0.NDVI.tif,S30,T47TKE,2018-04-27,2018117,042711
/home/ec2-user/ndvi_sqs_work/gansu/raw/HLS-VI.S30.T47TKF.2018117T042711.v2.0.NDVI.tif,HLS-VI.S30.T47TKF.2018117T042711.v2.0.NDVI.tif,S30,T47TKF,2018-04-27,2018117,042711
/home/ec2-user/ndvi_sqs_work/gansu/raw/HLS-VI.S30.T47TKG.2018117T042711.v2.0.NDVI.tif,HLS-VI.S30.T47TKG.2018117T042711.v2.0.NDVI.tif,S30,T47TKG,2018-04-27,2018117,042711
/home/ec2-user/ndvi_sqs_work/gansu/raw/HLS-VI.S30.T47TLE.2018117T042711.v2.0.NDVI.tif,HLS-VI.S30.T47TLE.2018117T042711.v2.0.NDVI.tif,S30,T47TLE,2018-04-27,2018117,042711
/home/ec2-user/ndvi_sqs_work/gansu/raw/HLS-VI.S30.T47TLF.2018117T042711.v2.0.NDVI.tif,HLS-VI.S30.T47TLF.2018117T042711.v2.0.NDVI.tif,S30,T47TLF,2018-04-27,2018117,042711
/home/ec2-user/ndvi_sqs_work/gansu/raw/HLS-VI.S30.T47TLG.2018117T042711.v2.0.NDVI.tif,HLS-VI.S30.T47TLG.2018117T042711.v2.0.NDVI.tif,S30,T47TLG,2018-04-27,2018117,042711
/home/ec2-user/ndvi_sqs_work/gansu/raw/HLS-VI.S30.T47TLH.2018117T042711.v2.0.NDVI.tif,HLS-VI.S30.T47TLH.2018117T042711.v2.0.NDVI.tif,S30,T47TLH,2018-04-27,2018117,042711
/home/ec2-user/ndvi_sqs_work/gansu/raw/HLS-VI.S30.T48SWF.2018117T033539.v2.0.NDVI.tif,HLS-VI.S30.T48SWF.2018117T033539.v2.0.NDVI.tif,S30,T48SWF,2018-04-27,2018117,033539
/home/ec2-user/ndvi_sqs_work/gansu/raw/HLS-VI.S30.T48SXG.2018117T033539.v2.0.NDVI.tif,HLS-VI.S30.T48SXG.2018117T033539.v2.0.NDVI.tif,S30,T48SXG,2018-04-27,2018117,033539
/home/ec2-user/ndvi_sqs_work/gansu/raw/HLS-VI.S30.T48SYE.2018117T033539.v2.0.NDVI.tif,HLS-VI.S30.T48SYE.2018117T033539.v2.0.NDVI.tif,S30,T48SYE,2018-04-27,2018117,033539
/home/ec2-user/ndvi_sqs_work/gansu/raw/HLS-VI.S30.T48SYG.2018117T033539.v2.0.NDVI.tif,HLS-VI.S30.T48SYG.2018117T033539.v2.0.NDVI.tif,S30,T48SYG,2018-04-27,2018117,033539
/home/ec2-user/ndvi_sqs_work/gansu/raw/HLS-VI.S30.T49SBB.2018117T033539.v2.0.NDVI.tif,HLS-VI.S30.T49SBB.2018117T033539.v2.0.NDVI.tif,S30,T49SBB,2018-04-27,2018117,033539
/home/ec2-user/ndvi_sqs_work/gansu/raw/HLS-VI.S30.T49SBV.2018117T033539.v2.0.NDVI.tif,HLS-VI.S30.T49SBV.2018117T033539.v2.0.NDVI.tif,S30,T49SBV,2018-04-27,2018117,033539
/home/ec2-user/ndvi_sqs_work/gansu/raw/HLS-VI.S30.T47SPD.2018118T035541.v2.0.NDVI.tif,HLS-VI.S30.T47SPD.2018118T035541.v2.0.NDVI.tif,S30,T47SPD,2018-04-28,2018118,035541
/home/ec2-user/ndvi_sqs_work/gansu/raw/HLS-VI.S30.T47SQC.2018118T035541.v2.0.NDVI.tif,HLS-VI.S30.T47SQC.2018118T035541.v2.0.NDVI.tif,S30,T47SQC,2018-04-28,2018118,035541
/home/ec2-user/ndvi_sqs_work/gansu/raw/HLS-VI.S30.T47SQD.2018118T035541.v2.0.NDVI.tif,HLS-VI.S30.T47SQD.2018118T035541.v2.0.NDVI.tif,S30,T47SQD,2018-04-28,2018118,035541
/home/ec2-user/ndvi_sqs_work/gansu/raw/HLS-VI.S30.T48STH.2018118T035541.v2.0.NDVI.tif,HLS-VI.S30.T48STH.2018118T035541.v2.0.NDVI.tif,S30,T48STH,2018-04-28,2018118,035541
/home/ec2-user/ndvi_sqs_work/gansu/raw/HLS-VI.S30.T48STJ.2018118T035541.v2.0.NDVI.tif,HLS-VI.S30.T48STJ.2018118T035541.v2.0.NDVI.tif,S30,T48STJ,2018-04-28,2018118,035541
/home/ec2-user/ndvi_sqs_work/gansu/raw/HLS-VI.S30.T48SUJ.2018118T035541.v2.0.NDVI.tif,HLS-VI.S30.T48SUJ.2018118T035541.v2.0.NDVI.tif,S30,T48SUJ,2018-04-28,2018118,035541
/home/ec2-user/ndvi_sqs_work/gansu/raw/HLS-VI.S30.T48SVG.2018118T035541.v2.0.NDVI.tif,HLS-VI.S30.T48SVG.2018118T035541.v2.0.NDVI.tif,S30,T48SVG,2018-04-28,2018118,035541
/home/ec2-user/ndvi_sqs_work/gansu/raw/HLS-VI.S30.T48SVH.2018118T035541.v2.0.NDVI.tif,HLS-VI.S30.T48SVH.2018118T035541.v2.0.NDVI.tif,S30,T48SVH,2018-04-28,2018118,035541
/home/ec2-user/ndvi_sqs_work/gansu/raw/HLS-VI.S30.T48SVJ.2018118T035541.v2.0.NDVI.tif,HLS-VI.S30.T48SVJ.2018118T035541.v2.0.NDVI.tif,S30,T48SVJ,2018-04-28,2018118,035541
/home/ec2-user/ndvi_sqs_work/gansu/raw/HLS-VI.S30.T48SXD.2018119T032541.v2.0.NDVI.tif,HLS-VI.S30.T48SXD.2018119T032541.v2.0.NDVI.tif,S30,T48SXD,2018-04-29,2018119,032541
/home/ec2-user/ndvi_sqs_work/gansu/raw/HLS-VI.S30.T48SYD.2018119T032541.v2.0.NDVI.tif,HLS-VI.S30.T48SYD.2018119T032541.v2.0.NDVI.tif,S30,T48SYD,2018-04-29,2018119,032541
/home/ec2-user/ndvi_sqs_work/gansu/raw/HLS-VI.S30.T48SYE.2018119T032541.v2.0.NDVI.tif,HLS-VI.S30.T48SYE.2018119T032541.v2.0.NDVI.tif,S30,T48SYE,2018-04-29,2018119,032541
/home/ec2-user/ndvi_sqs_work/gansu/raw/HLS-VI.S30.T48SYF.2018119T032541.v2.0.NDVI.tif,HLS-VI.S30.T48SYF.2018119T032541.v2.0.NDVI.tif,S30,T48SYF,2018-04-29,2018119,032541
/home/ec2-user/ndvi_sqs_work/gansu/raw/HLS-VI.S30.T49SBA.2018119T032541.v2.0.NDVI.tif,HLS-VI.S30.T49SBA.2018119T032541.v2.0.NDVI.tif,S30,T49SBA,2018-04-29,2018119,032541
/home/ec2-user/ndvi_sqs_work/gansu/raw/HLS-VI.S30.T49SBU.2018119T032541.v2.0.NDVI.tif,HLS-VI.S30.T49SBU.2018119T032541.v2.0.NDVI.tif,S30,T49SBU,2018-04-29,2018119,032541
/home/ec2-user/ndvi_sqs_work/gansu/raw/HLS-VI.S30.T49SBV.2018119T032541.v2.0.NDVI.tif,HLS-VI.S30.T49SBV.2018119T032541.v2.0.NDVI.tif,S30,T49SBV,2018-04-29,2018119,032541
/home/ec2-user/ndvi_sqs_work/gansu/raw/HLS-VI.S30.T49SCA.2018119T032541.v2.0.NDVI.tif,HLS-VI.S30.T49SCA.2018119T032541.v2.0.NDVI.tif,S30,T49SCA,2018-04-29,2018119,032541
/home/ec2-user/ndvi_sqs_work/gansu/raw/HLS-VI.S30.T46TEL.2018120T043701.v2.0.NDVI.tif,HLS-VI.S30.T46TEL.2018120T043701.v2.0.NDVI.tif,S30,T46TEL,2018-04-30,2018120,043701
/home/ec2-user/ndvi_sqs_work/gansu/raw/HLS-VI.S30.T46TFK.2018120T043701.v2.0.NDVI.tif,HLS-VI.S30.T46TFK.2018120T043701.v2.0.NDVI.tif,S30,T46TFK,2018-04-30,2018120,043701
/home/ec2-user/ndvi_sqs_work/gansu/raw/HLS-VI.S30.T46TFL.2018120T043701.v2.0.NDVI.tif,HLS-VI.S30.T46TFL.2018120T043701.v2.0.NDVI.tif,S30,T46TFL,2018-04-30,2018120,043701
/home/ec2-user/ndvi_sqs_work/gansu/raw/HLS-VI.S30.T46TFM.2018120T043701.v2.0.NDVI.tif,HLS-VI.S30.T46TFM.2018120T043701.v2.0.NDVI.tif,S30,T46TFM,2018-04-30,2018120,043701
/home/ec2-user/ndvi_sqs_work/gansu/raw/HLS-VI.S30.T48SUH.2018120T034539.v2.0.NDVI.tif,HLS-VI.S30.T48SUH.2018120T034539.v2.0.NDVI.tif,S30,T48SUH,2018-04-30,2018120,034539
/home/ec2-user/ndvi_sqs_work/gansu/raw/HLS-VI.S30.T47SNC.2018121T040551.v2.0.NDVI.tif,HLS-VI.S30.T47SNC.2018121T040551.v2.0.NDVI.tif,S30,T47SNC,2018-05-01,2018121,040551
/home/ec2-user/ndvi_sqs_work/gansu/raw/HLS-VI.S30.T47SND.2018121T040551.v2.0.NDVI.tif,HLS-VI.S30.T47SND.2018121T040551.v2.0.NDVI.tif,S30,T47SND,2018-05-01,2018121,040551
/home/ec2-user/ndvi_sqs_work/gansu/raw/HLS-VI.S30.T47SPD.2018121T040551.v2.0.NDVI.tif,HLS-VI.S30.T47SPD.2018121T040551.v2.0.NDVI.tif,S30,T47SPD,2018-05-01,2018121,040551
/home/ec2-user/ndvi_sqs_work/gansu/raw/HLS-VI.S30.T47SQC.2018121T040551.v2.0.NDVI.tif,HLS-VI.S30.T47SQC.2018121T040551.v2.0.NDVI.tif,S30,T47SQC,2018-05-01,2018121,040551
/home/ec2-user/ndvi_sqs_work/gansu/raw/HLS-VI.S30.T47SQD.2018121T040551.v2.0.NDVI.tif,HLS-VI.S30.T47SQD.2018121T040551.v2.0.NDVI.tif,S30,T47SQD,2018-05-01,2018121,040551
/home/ec2-user/ndvi_sqs_work/gansu/raw/HLS-VI.S30.T47TME.2018121T040551.v2.0.NDVI.tif,HLS-VI.S30.T47TME.2018121T040551.v2.0.NDVI.tif,S30,T47TME,2018-05-01,2018121,040551
/home/ec2-user/ndvi_sqs_work/gansu/raw/HLS-VI.S30.T47TMF.2018121T040551.v2.0.NDVI.tif,HLS-VI.S30.T47TMF.2018121T040551.v2.0.NDVI.tif,S30,T47TMF,2018-05-01,2018121,040551
/home/ec2-user/ndvi_sqs_work/gansu/raw/HLS-VI.S30.T47TNE.2018121T040551.v2.0.NDVI.tif,HLS-VI.S30.T47TNE.2018121T040551.v2.0.NDVI.tif,S30,T47TNE,2018-05-01,2018121,040551
/home/ec2-user/ndvi_sqs_work/gansu/raw/HLS-VI.S30.T47TNF.2018121T040551.v2.0.NDVI.tif,HLS-VI.S30.T47TNF.2018121T040551.v2.0.NDVI.tif,S30,T47TNF,2018-05-01,2018121,040551
/home/ec2-user/ndvi_sqs_work/gansu/raw/HLS-VI.S30.T47TPE.2018121T040551.v2.0.NDVI.tif,HLS-VI.S30.T47TPE.2018121T040551.v2.0.NDVI.tif,S30,T47TPE,2018-05-01,2018121,040551
/home/ec2-user/ndvi_sqs_work/gansu/raw/HLS-VI.S30.T47TPF.2018121T040551.v2.0.NDVI.tif,HLS-VI.S30.T47TPF.2018121T040551.v2.0.NDVI.tif,S30,T47TPF,2018-05-01,2018121,040551
/home/ec2-user/ndvi_sqs_work/gansu/raw/HLS-VI.S30.T48STH.2018121T040551.v2.0.NDVI.tif,HLS-VI.S30.T48STH.2018121T040551.v2.0.NDVI.tif,S30,T48STH,2018-05-01,2018121,040551
/home/ec2-user/ndvi_sqs_work/gansu/raw/HLS-VI.S30.T48STJ.2018121T040551.v2.0.NDVI.tif,HLS-VI.S30.T48STJ.2018121T040551.v2.0.NDVI.tif,S30,T48STJ,2018-05-01,2018121,040551
/home/ec2-user/ndvi_sqs_work/gansu/raw/HLS-VI.S30.T46SFH.2018122T042659.v2.0.NDVI.tif,HLS-VI.S30.T46SFH.2018122T042659.v2.0.NDVI.tif,S30,T46SFH,2018-05-02,2018122,042659
/home/ec2-user/ndvi_sqs_work/gansu/raw/HLS-VI.S30.T46TEK.2018122T042659.v2.0.NDVI.tif,HLS-VI.S30.T46TEK.2018122T042659.v2.0.NDVI.tif,S30,T46TEK,2018-05-02,2018122,042659
/home/ec2-user/ndvi_sqs_work/gansu/raw/HLS-VI.S30.T46TEL.2018122T042659.v2.0.NDVI.tif,HLS-VI.S30.T46TEL.2018122T042659.v2.0.NDVI.tif,S30,T46TEL,2018-05-02,2018122,042659
/home/ec2-user/ndvi_sqs_work/gansu/raw/HLS-VI.S30.T46TFK.2018122T042659.v2.0.NDVI.tif,HLS-VI.S30.T46TFK.2018122T042659.v2.0.NDVI.tif,S30,T46TFK,2018-05-02,2018122,042659
/home/ec2-user/ndvi_sqs_work/gansu/raw/HLS-VI.S30.T46TFL.2018122T042659.v2.0.NDVI.tif,HLS-VI.S30.T46TFL.2018122T042659.v2.0.NDVI.tif,S30,T46TFL,2018-05-02,2018122,042659
/home/ec2-user/ndvi_sqs_work/gansu/raw/HLS-VI.S30.T46TGK.2018122T042659.v2.0.NDVI.tif,HLS-VI.S30.T46TGK.2018122T042659.v2.0.NDVI.tif,S30,T46TGK,2018-05-02,2018122,042659
/home/ec2-user/ndvi_sqs_work/gansu/raw/HLS-VI.S30.T46TGL.2018122T042659.v2.0.NDVI.tif,HLS-VI.S30.T46TGL.2018122T042659.v2.0.NDVI.tif,S30,T46TGL,2018-05-02,2018122,042659
/home/ec2-user/ndvi_sqs_work/gansu/raw/HLS-VI.S30.T47SLC.2018122T042659.v2.0.NDVI.tif,HLS-VI.S30.T47SLC.2018122T042659.v2.0.NDVI.tif,S30,T47SLC,2018-05-02,2018122,042659
/home/ec2-user/ndvi_sqs_work/gansu/raw/HLS-VI.S30.T47SLD.2018122T042659.v2.0.NDVI.tif,HLS-VI.S30.T47SLD.2018122T042659.v2.0.NDVI.tif,S30,T47SLD,2018-05-02,2018122,042659
/home/ec2-user/ndvi_sqs_work/gansu/raw/HLS-VI.S30.T47TKE.2018122T042659.v2.0.NDVI.tif,HLS-VI.S30.T47TKE.2018122T042659.v2.0.NDVI.tif,S30,T47TKE,2018-05-02,2018122,042659
/home/ec2-user/ndvi_sqs_work/gansu/raw/HLS-VI.S30.T47TKF.2018122T042659.v2.0.NDVI.tif,HLS-VI.S30.T47TKF.2018122T042659.v2.0.NDVI.tif,S30,T47TKF,2018-05-02,2018122,042659
/home/ec2-user/ndvi_sqs_work/gansu/raw/HLS-VI.S30.T47TLE.2018122T042659.v2.0.NDVI.tif,HLS-VI.S30.T47TLE.2018122T042659.v2.0.NDVI.tif,S30,T47TLE,2018-05-02,2018122,042659
/home/ec2-user/ndvi_sqs_work/gansu/raw/HLS-VI.S30.T47TLF.2018122T042659.v2.0.NDVI.tif,HLS-VI.S30.T47TLF.2018122T042659.v2.0.NDVI.tif,S30,T47TLF,2018-05-02,2018122,042659
/home/ec2-user/ndvi_sqs_work/gansu/raw/HLS-VI.S30.T47TLG.2018122T042659.v2.0.NDVI.tif,HLS-VI.S30.T47TLG.2018122T042659.v2.0.NDVI.tif,S30,T47TLG,2018-05-02,2018122,042659
/home/ec2-user/ndvi_sqs_work/gansu/raw/HLS-VI.S30.T48SVC.2018122T033541.v2.0.NDVI.tif,HLS-VI.S30.T48SVC.2018122T033541.v2.0.NDVI.tif,S30,T48SVC,2018-05-02,2018122,033541
/home/ec2-user/ndvi_sqs_work/gansu/raw/HLS-VI.S30.T48SVD.2018122T033541.v2.0.NDVI.tif,HLS-VI.S30.T48SVD.2018122T033541.v2.0.NDVI.tif,S30,T48SVD,2018-05-02,2018122,033541
/home/ec2-user/ndvi_sqs_work/gansu/raw/HLS-VI.S30.T48SVE.2018122T033541.v2.0.NDVI.tif,HLS-VI.S30.T48SVE.2018122T033541.v2.0.NDVI.tif,S30,T48SVE,2018-05-02,2018122,033541
/home/ec2-user/ndvi_sqs_work/gansu/raw/HLS-VI.S30.T48SWB.2018122T033541.v2.0.NDVI.tif,HLS-VI.S30.T48SWB.2018122T033541.v2.0.NDVI.tif,S30,T48SWB,2018-05-02,2018122,033541
/home/ec2-user/ndvi_sqs_work/gansu/raw/HLS-VI.S30.T48SWC.2018122T033541.v2.0.NDVI.tif,HLS-VI.S30.T48SWC.2018122T033541.v2.0.NDVI.tif,S30,T48SWC,2018-05-02,2018122,033541
/home/ec2-user/ndvi_sqs_work/gansu/raw/HLS-VI.S30.T48SWD.2018122T033541.v2.0.NDVI.tif,HLS-VI.S30.T48SWD.2018122T033541.v2.0.NDVI.tif,S30,T48SWD,2018-05-02,2018122,033541
/home/ec2-user/ndvi_sqs_work/gansu/raw/HLS-VI.S30.T48SWE.2018122T033541.v2.0.NDVI.tif,HLS-VI.S30.T48SWE.2018122T033541.v2.0.NDVI.tif,S30,T48SWE,2018-05-02,2018122,033541
/home/ec2-user/ndvi_sqs_work/gansu/raw/HLS-VI.S30.T48SWF.2018122T033541.v2.0.NDVI.tif,HLS-VI.S30.T48SWF.2018122T033541.v2.0.NDVI.tif,S30,T48SWF,2018-05-02,2018122,033541
/home/ec2-user/ndvi_sqs_work/gansu/raw/HLS-VI.S30.T48SXC.2018122T033541.v2.0.NDVI.tif,HLS-VI.S30.T48SXC.2018122T033541.v2.0.NDVI.tif,S30,T48SXC,2018-05-02,2018122,033541
/home/ec2-user/ndvi_sqs_work/gansu/raw/HLS-VI.S30.T48SXD.2018122T033541.v2.0.NDVI.tif,HLS-VI.S30.T48SXD.2018122T033541.v2.0.NDVI.tif,S30,T48SXD,2018-05-02,2018122,033541
/home/ec2-user/ndvi_sqs_work/gansu/raw/HLS-VI.S30.T48SXE.2018122T033541.v2.0.NDVI.tif,HLS-VI.S30.T48SXE.2018122T033541.v2.0.NDVI.tif,S30,T48SXE,2018-05-02,2018122,033541
/home/ec2-user/ndvi_sqs_work/gansu/raw/HLS-VI.S30.T48SXF.2018122T033541.v2.0.NDVI.tif,HLS-VI.S30.T48SXF.2018122T033541.v2.0.NDVI.tif,S30,T48SXF,2018-05-02,2018122,033541
/home/ec2-user/ndvi_sqs_work/gansu/raw/HLS-VI.S30.T48SXG.2018122T033541.v2.0.NDVI.tif,HLS-VI.S30.T48SXG.2018122T033541.v2.0.NDVI.tif,S30,T48SXG,2018-05-02,2018122,033541
/home/ec2-user/ndvi_sqs_work/gansu/raw/HLS-VI.S30.T48SYD.2018122T033541.v2.0.NDVI.tif,HLS-VI.S30.T48SYD.2018122T033541.v2.0.NDVI.tif,S30,T48SYD,2018-05-02,2018122,033541
/home/ec2-user/ndvi_sqs_work/gansu/raw/HLS-VI.S30.T48SYE.2018122T033541.v2.0.NDVI.tif,HLS-VI.S30.T48SYE.2018122T033541.v2.0.NDVI.tif,S30,T48SYE,2018-05-02,2018122,033541
/home/ec2-user/ndvi_sqs_work/gansu/raw/HLS-VI.S30.T48SYF.2018122T033541.v2.0.NDVI.tif,HLS-VI.S30.T48SYF.2018122T033541.v2.0.NDVI.tif,S30,T48SYF,2018-05-02,2018122,033541
/home/ec2-user/ndvi_sqs_work/gansu/raw/HLS-VI.S30.T48SYG.2018122T033541.v2.0.NDVI.tif,HLS-VI.S30.T48SYG.2018122T033541.v2.0.NDVI.tif,S30,T48SYG,2018-05-02,2018122,033541
/home/ec2-user/ndvi_sqs_work/gansu/raw/HLS-VI.S30.T49SBA.2018122T033541.v2.0.NDVI.tif,HLS-VI.S30.T49SBA.2018122T033541.v2.0.NDVI.tif,S30,T49SBA,2018-05-02,2018122,033541
/home/ec2-user/ndvi_sqs_work/gansu/raw/HLS-VI.S30.T49SBB.2018122T033541.v2.0.NDVI.tif,HLS-VI.S30.T49SBB.2018122T033541.v2.0.NDVI.tif,S30,T49SBB,2018-05-02,2018122,033541
/home/ec2-user/ndvi_sqs_work/gansu/raw/HLS-VI.S30.T49SBU.2018122T033541.v2.0.NDVI.tif,HLS-VI.S30.T49SBU.2018122T033541.v2.0.NDVI.tif,S30,T49SBU,2018-05-02,2018122,033541
/home/ec2-user/ndvi_sqs_work/gansu/raw/HLS-VI.S30.T49SBV.2018122T033541.v2.0.NDVI.tif,HLS-VI.S30.T49SBV.2018122T033541.v2.0.NDVI.tif,S30,T49SBV,2018-05-02,2018122,033541
/home/ec2-user/ndvi_sqs_work/gansu/raw/HLS-VI.S30.T47SPB.2018123T035539.v2.0.NDVI.tif,HLS-VI.S30.T47SPB.2018123T035539.v2.0.NDVI.tif,S30,T47SPB,2018-05-03,2018123,035539
/home/ec2-user/ndvi_sqs_work/gansu/raw/HLS-VI.S30.T47SPC.2018123T035539.v2.0.NDVI.tif,HLS-VI.S30.T47SPC.2018123T035539.v2.0.NDVI.tif,S30,T47SPC,2018-05-03,2018123,035539
/home/ec2-user/ndvi_sqs_work/gansu/raw/HLS-VI.S30.T47SPD.2018123T035539.v2.0.NDVI.tif,HLS-VI.S30.T47SPD.2018123T035539.v2.0.NDVI.tif,S30,T47SPD,2018-05-03,2018123,035539
/home/ec2-user/ndvi_sqs_work/gansu/raw/HLS-VI.S30.T47SQB.2018123T035539.v2.0.NDVI.tif,HLS-VI.S30.T47SQB.2018123T035539.v2.0.NDVI.tif,S30,T47SQB,2018-05-03,2018123,035539
/home/ec2-user/ndvi_sqs_work/gansu/raw/HLS-VI.S30.T47SQC.2018123T035539.v2.0.NDVI.tif,HLS-VI.S30.T47SQC.2018123T035539.v2.0.NDVI.tif,S30,T47SQC,2018-05-03,2018123,035539
/home/ec2-user/ndvi_sqs_work/gansu/raw/HLS-VI.S30.T47SQD.2018123T035539.v2.0.NDVI.tif,HLS-VI.S30.T47SQD.2018123T035539.v2.0.NDVI.tif,S30,T47SQD,2018-05-03,2018123,035539
/home/ec2-user/ndvi_sqs_work/gansu/raw/HLS-VI.S30.T48STG.2018123T035539.v2.0.NDVI.tif,HLS-VI.S30.T48STG.2018123T035539.v2.0.NDVI.tif,S30,T48STG,2018-05-03,2018123,035539
/home/ec2-user/ndvi_sqs_work/gansu/raw/HLS-VI.S30.T48STH.2018123T035539.v2.0.NDVI.tif,HLS-VI.S30.T48STH.2018123T035539.v2.0.NDVI.tif,S30,T48STH,2018-05-03,2018123,035539
/home/ec2-user/ndvi_sqs_work/gansu/raw/HLS-VI.S30.T48STJ.2018123T035539.v2.0.NDVI.tif,HLS-VI.S30.T48STJ.2018123T035539.v2.0.NDVI.tif,S30,T48STJ,2018-05-03,2018123,035539
/home/ec2-user/ndvi_sqs_work/gansu/raw/HLS-VI.S30.T48SUG.2018123T035539.v2.0.NDVI.tif,HLS-VI.S30.T48SUG.2018123T035539.v2.0.NDVI.tif,S30,T48SUG,2018-05-03,2018123,035539
/home/ec2-user/ndvi_sqs_work/gansu/raw/HLS-VI.S30.T48SUH.2018123T035539.v2.0.NDVI.tif,HLS-VI.S30.T48SUH.2018123T035539.v2.0.NDVI.tif,S30,T48SUH,2018-05-03,2018123,035539
/home/ec2-user/ndvi_sqs_work/gansu/raw/HLS-VI.S30.T48SUJ.2018123T035539.v2.0.NDVI.tif,HLS-VI.S30.T48SUJ.2018123T035539.v2.0.NDVI.tif,S30,T48SUJ,2018-05-03,2018123,035539
/home/ec2-user/ndvi_sqs_work/gansu/raw/HLS-VI.S30.T48SVG.2018123T035539.v2.0.NDVI.tif,HLS-VI.S30.T48SVG.2018123T035539.v2.0.NDVI.tif,S30,T48SVG,2018-05-03,2018123,035539
/home/ec2-user/ndvi_sqs_work/gansu/raw/HLS-VI.S30.T48SVH.2018123T035539.v2.0.NDVI.tif,HLS-VI.S30.T48SVH.2018123T035539.v2.0.NDVI.tif,S30,T48SVH,2018-05-03,2018123,035539
/home/ec2-user/ndvi_sqs_work/gansu/raw/HLS-VI.S30.T48SVJ.2018123T035539.v2.0.NDVI.tif,HLS-VI.S30.T48SVJ.2018123T035539.v2.0.NDVI.tif,S30,T48SVJ,2018-05-03,2018123,035539
/home/ec2-user/ndvi_sqs_work/gansu/raw/HLS-VI.S30.T47SND.2018124T041551.v2.0.NDVI.tif,HLS-VI.S30.T47SND.2018124T041551.v2.0.NDVI.tif,S30,T47SND,2018-05-04,2018124,041551
/home/ec2-user/ndvi_sqs_work/gansu/raw/HLS-VI.S30.T46TDK.2018125T043659.v2.0.NDVI.tif,HLS-VI.S30.T46TDK.2018125T043659.v2.0.NDVI.tif,S30,T46TDK,2018-05-05,2018125,043659
/home/ec2-user/ndvi_sqs_work/gansu/raw/HLS-VI.S30.T46TEK.2018125T043659.v2.0.NDVI.tif,HLS-VI.S30.T46TEK.2018125T043659.v2.0.NDVI.tif,S30,T46TEK,2018-05-05,2018125,043659
/home/ec2-user/ndvi_sqs_work/gansu/raw/HLS-VI.S30.T46TEL.2018125T043659.v2.0.NDVI.tif,HLS-VI.S30.T46TEL.2018125T043659.v2.0.NDVI.tif,S30,T46TEL,2018-05-05,2018125,043659
/home/ec2-user/ndvi_sqs_work/gansu/raw/HLS-VI.S30.T46TFK.2018125T043659.v2.0.NDVI.tif,HLS-VI.S30.T46TFK.2018125T043659.v2.0.NDVI.tif,S30,T46TFK,2018-05-05,2018125,043659
/home/ec2-user/ndvi_sqs_work/gansu/raw/HLS-VI.S30.T46TFL.2018125T043659.v2.0.NDVI.tif,HLS-VI.S30.T46TFL.2018125T043659.v2.0.NDVI.tif,S30,T46TFL,2018-05-05,2018125,043659
/home/ec2-user/ndvi_sqs_work/gansu/raw/HLS-VI.S30.T46TFM.2018125T043659.v2.0.NDVI.tif,HLS-VI.S30.T46TFM.2018125T043659.v2.0.NDVI.tif,S30,T46TFM,2018-05-05,2018125,043659
/home/ec2-user/ndvi_sqs_work/gansu/raw/HLS-VI.S30.T47SND.2018126T040539.v2.0.NDVI.tif,HLS-VI.S30.T47SND.2018126T040539.v2.0.NDVI.tif,S30,T47SND,2018-05-06,2018126,040539
/home/ec2-user/ndvi_sqs_work/gansu/raw/HLS-VI.S30.T47SPD.2018126T040539.v2.0.NDVI.tif,HLS-VI.S30.T47SPD.2018126T040539.v2.0.NDVI.tif,S30,T47SPD,2018-05-06,2018126,040539
/home/ec2-user/ndvi_sqs_work/gansu/raw/HLS-VI.S30.T47SQC.2018126T040539.v2.0.NDVI.tif,HLS-VI.S30.T47SQC.2018126T040539.v2.0.NDVI.tif,S30,T47SQC,2018-05-06,2018126,040539
/home/ec2-user/ndvi_sqs_work/gansu/raw/HLS-VI.S30.T47SQD.2018126T040539.v2.0.NDVI.tif,HLS-VI.S30.T47SQD.2018126T040539.v2.0.NDVI.tif,S30,T47SQD,2018-05-06,2018126,040539
/home/ec2-user/ndvi_sqs_work/gansu/raw/HLS-VI.S30.T47TME.2018126T040539.v2.0.NDVI.tif,HLS-VI.S30.T47TME.2018126T040539.v2.0.NDVI.tif,S30,T47TME,2018-05-06,2018126,040539
/home/ec2-user/ndvi_sqs_work/gansu/raw/HLS-VI.S30.T47TMF.2018126T040539.v2.0.NDVI.tif,HLS-VI.S30.T47TMF.2018126T040539.v2.0.NDVI.tif,S30,T47TMF,2018-05-06,2018126,040539
/home/ec2-user/ndvi_sqs_work/gansu/raw/HLS-VI.S30.T47TNE.2018126T040539.v2.0.NDVI.tif,HLS-VI.S30.T47TNE.2018126T040539.v2.0.NDVI.tif,S30,T47TNE,2018-05-06,2018126,040539
/home/ec2-user/ndvi_sqs_work/gansu/raw/HLS-VI.S30.T47TNF.2018126T040539.v2.0.NDVI.tif,HLS-VI.S30.T47TNF.2018126T040539.v2.0.NDVI.tif,S30,T47TNF,2018-05-06,2018126,040539
/home/ec2-user/ndvi_sqs_work/gansu/raw/HLS-VI.S30.T47TPE.2018126T040539.v2.0.NDVI.tif,HLS-VI.S30.T47TPE.2018126T040539.v2.0.NDVI.tif,S30,T47TPE,2018-05-06,2018126,040539
/home/ec2-user/ndvi_sqs_work/gansu/raw/HLS-VI.S30.T47TPF.2018126T040539.v2.0.NDVI.tif,HLS-VI.S30.T47TPF.2018126T040539.v2.0.NDVI.tif,S30,T47TPF,2018-05-06,2018126,040539
/home/ec2-user/ndvi_sqs_work/gansu/raw/HLS-VI.S30.T48STH.2018126T040539.v2.0.NDVI.tif,HLS-VI.S30.T48STH.2018126T040539.v2.0.NDVI.tif,S30,T48STH,2018-05-06,2018126,040539
/home/ec2-user/ndvi_sqs_work/gansu/raw/HLS-VI.S30.T48STJ.2018126T040539.v2.0.NDVI.tif,HLS-VI.S30.T48STJ.2018126T040539.v2.0.NDVI.tif,S30,T48STJ,2018-05-06,2018126,040539
/home/ec2-user/ndvi_sqs_work/gansu/raw/HLS-VI.S30.T46TEK.2018127T042711.v2.0.NDVI.tif,HLS-VI.S30.T46TEK.2018127T042711.v2.0.NDVI.tif,S30,T46TEK,2018-05-07,2018127,042711
/home/ec2-user/ndvi_sqs_work/gansu/raw/HLS-VI.S30.T46TFK.2018127T042711.v2.0.NDVI.tif,HLS-VI.S30.T46TFK.2018127T042711.v2.0.NDVI.tif,S30,T46TFK,2018-05-07,2018127,042711
/home/ec2-user/ndvi_sqs_work/gansu/raw/HLS-VI.S30.T46TGN.2018127T042711.v2.0.NDVI.tif,HLS-VI.S30.T46TGN.2018127T042711.v2.0.NDVI.tif,S30,T46TGN,2018-05-07,2018127,042711
/home/ec2-user/ndvi_sqs_work/gansu/raw/HLS-VI.S30.T47TLH.2018127T042711.v2.0.NDVI.tif,HLS-VI.S30.T47TLH.2018127T042711.v2.0.NDVI.tif,S30,T47TLH,2018-05-07,2018127,042711
/home/ec2-user/ndvi_sqs_work/gansu/raw/HLS-VI.S30.T48SVB.2018127T033539.v2.0.NDVI.tif,HLS-VI.S30.T48SVB.2018127T033539.v2.0.NDVI.tif,S30,T48SVB,2018-05-07,2018127,033539
/home/ec2-user/ndvi_sqs_work/gansu/raw/HLS-VI.S30.T48SVC.2018127T033539.v2.0.NDVI.tif,HLS-VI.S30.T48SVC.2018127T033539.v2.0.NDVI.tif,S30,T48SVC,2018-05-07,2018127,033539
/home/ec2-user/ndvi_sqs_work/gansu/raw/HLS-VI.S30.T48SVD.2018127T033539.v2.0.NDVI.tif,HLS-VI.S30.T48SVD.2018127T033539.v2.0.NDVI.tif,S30,T48SVD,2018-05-07,2018127,033539
/home/ec2-user/ndvi_sqs_work/gansu/raw/HLS-VI.S30.T48SVE.2018127T033539.v2.0.NDVI.tif,HLS-VI.S30.T48SVE.2018127T033539.v2.0.NDVI.tif,S30,T48SVE,2018-05-07,2018127,033539
/home/ec2-user/ndvi_sqs_work/gansu/raw/HLS-VI.S30.T48SWC.2018127T033539.v2.0.NDVI.tif,HLS-VI.S30.T48SWC.2018127T033539.v2.0.NDVI.tif,S30,T48SWC,2018-05-07,2018127,033539
/home/ec2-user/ndvi_sqs_work/gansu/raw/HLS-VI.S30.T48SWD.2018127T033539.v2.0.NDVI.tif,HLS-VI.S30.T48SWD.2018127T033539.v2.0.NDVI.tif,S30,T48SWD,2018-05-07,2018127,033539
/home/ec2-user/ndvi_sqs_work/gansu/raw/HLS-VI.S30.T48SWE.2018127T033539.v2.0.NDVI.tif,HLS-VI.S30.T48SWE.2018127T033539.v2.0.NDVI.tif,S30,T48SWE,2018-05-07,2018127,033539
/home/ec2-user/ndvi_sqs_work/gansu/raw/HLS-VI.S30.T48SWF.2018127T033539.v2.0.NDVI.tif,HLS-VI.S30.T48SWF.2018127T033539.v2.0.NDVI.tif,S30,T48SWF,2018-05-07,2018127,033539
/home/ec2-user/ndvi_sqs_work/gansu/raw/HLS-VI.S30.T48SXD.2018127T033539.v2.0.NDVI.tif,HLS-VI.S30.T48SXD.2018127T033539.v2.0.NDVI.tif,S30,T48SXD,2018-05-07,2018127,033539
/home/ec2-user/ndvi_sqs_work/gansu/raw/HLS-VI.S30.T48SXE.2018127T033539.v2.0.NDVI.tif,HLS-VI.S30.T48SXE.2018127T033539.v2.0.NDVI.tif,S30,T48SXE,2018-05-07,2018127,033539
/home/ec2-user/ndvi_sqs_work/gansu/raw/HLS-VI.S30.T48SXF.2018127T033539.v2.0.NDVI.tif,HLS-VI.S30.T48SXF.2018127T033539.v2.0.NDVI.tif,S30,T48SXF,2018-05-07,2018127,033539
/home/ec2-user/ndvi_sqs_work/gansu/raw/HLS-VI.S30.T47TLH.2018129T041549.v2.0.NDVI.tif,HLS-VI.S30.T47TLH.2018129T041549.v2.0.NDVI.tif,S30,T47TLH,2018-05-09,2018129,041549
/home/ec2-user/ndvi_sqs_work/gansu/raw/HLS-VI.S30.T46SDJ.2018130T043701.v2.0.NDVI.tif,HLS-VI.S30.T46SDJ.2018130T043701.v2.0.NDVI.tif,S30,T46SDJ,2018-05-10,2018130,043701
/home/ec2-user/ndvi_sqs_work/gansu/raw/HLS-VI.S30.T46SEH.2018130T043701.v2.0.NDVI.tif,HLS-VI.S30.T46SEH.2018130T043701.v2.0.NDVI.tif,S30,T46SEH,2018-05-10,2018130,043701
/home/ec2-user/ndvi_sqs_work/gansu/raw/HLS-VI.S30.T46SFH.2018130T043701.v2.0.NDVI.tif,HLS-VI.S30.T46SFH.2018130T043701.v2.0.NDVI.tif,S30,T46SFH,2018-05-10,2018130,043701
/home/ec2-user/ndvi_sqs_work/gansu/raw/HLS-VI.S30.T46SFJ.2018130T043701.v2.0.NDVI.tif,HLS-VI.S30.T46SFJ.2018130T043701.v2.0.NDVI.tif,S30,T46SFJ,2018-05-10,2018130,043701
/home/ec2-user/ndvi_sqs_work/gansu/raw/HLS-VI.S30.T46TDK.2018130T043701.v2.0.NDVI.tif,HLS-VI.S30.T46TDK.2018130T043701.v2.0.NDVI.tif,S30,T46TDK,2018-05-10,2018130,043701
/home/ec2-user/ndvi_sqs_work/gansu/raw/HLS-VI.S30.T46TEK.2018130T043701.v2.0.NDVI.tif,HLS-VI.S30.T46TEK.2018130T043701.v2.0.NDVI.tif,S30,T46TEK,2018-05-10,2018130,043701
/home/ec2-user/ndvi_sqs_work/gansu/raw/HLS-VI.S30.T46TEL.2018130T043701.v2.0.NDVI.tif,HLS-VI.S30.T46TEL.2018130T043701.v2.0.NDVI.tif,S30,T46TEL,2018-05-10,2018130,043701
/home/ec2-user/ndvi_sqs_work/gansu/raw/HLS-VI.S30.T46TFK.2018130T043701.v2.0.NDVI.tif,HLS-VI.S30.T46TFK.2018130T043701.v2.0.NDVI.tif,S30,T46TFK,2018-05-10,2018130,043701
/home/ec2-user/ndvi_sqs_work/gansu/raw/HLS-VI.S30.T46TFL.2018130T043701.v2.0.NDVI.tif,HLS-VI.S30.T46TFL.2018130T043701.v2.0.NDVI.tif,S30,T46TFL,2018-05-10,2018130,043701
/home/ec2-user/ndvi_sqs_work/gansu/raw/HLS-VI.S30.T46TFM.2018130T043701.v2.0.NDVI.tif,HLS-VI.S30.T46TFM.2018130T043701.v2.0.NDVI.tif,S30,T46TFM,2018-05-10,2018130,043701
/home/ec2-user/ndvi_sqs_work/gansu/raw/HLS-VI.S30.T47SPD.2018131T040551.v2.0.NDVI.tif,HLS-VI.S30.T47SPD.2018131T040551.v2.0.NDVI.tif,S30,T47SPD,2018-05-11,2018131,040551
/home/ec2-user/ndvi_sqs_work/gansu/raw/HLS-VI.S30.T47SQC.2018131T040551.v2.0.NDVI.tif,HLS-VI.S30.T47SQC.2018131T040551.v2.0.NDVI.tif,S30,T47SQC,2018-05-11,2018131,040551
/home/ec2-user/ndvi_sqs_work/gansu/raw/HLS-VI.S30.T47SQD.2018131T040551.v2.0.NDVI.tif,HLS-VI.S30.T47SQD.2018131T040551.v2.0.NDVI.tif,S30,T47SQD,2018-05-11,2018131,040551
/home/ec2-user/ndvi_sqs_work/gansu/raw/HLS-VI.S30.T47TME.2018131T040551.v2.0.NDVI.tif,HLS-VI.S30.T47TME.2018131T040551.v2.0.NDVI.tif,S30,T47TME,2018-05-11,2018131,040551
/home/ec2-user/ndvi_sqs_work/gansu/raw/HLS-VI.S30.T47TMF.2018131T040551.v2.0.NDVI.tif,HLS-VI.S30.T47TMF.2018131T040551.v2.0.NDVI.tif,S30,T47TMF,2018-05-11,2018131,040551
/home/ec2-user/ndvi_sqs_work/gansu/raw/HLS-VI.S30.T47TNE.2018131T040551.v2.0.NDVI.tif,HLS-VI.S30.T47TNE.2018131T040551.v2.0.NDVI.tif,S30,T47TNE,2018-05-11,2018131,040551
/home/ec2-user/ndvi_sqs_work/gansu/raw/HLS-VI.S30.T47TPE.2018131T040551.v2.0.NDVI.tif,HLS-VI.S30.T47TPE.2018131T040551.v2.0.NDVI.tif,S30,T47TPE,2018-05-11,2018131,040551
/home/ec2-user/ndvi_sqs_work/gansu/raw/HLS-VI.S30.T47TPF.2018131T040551.v2.0.NDVI.tif,HLS-VI.S30.T47TPF.2018131T040551.v2.0.NDVI.tif,S30,T47TPF,2018-05-11,2018131,040551
/home/ec2-user/ndvi_sqs_work/gansu/raw/HLS-VI.S30.T48STH.2018131T040551.v2.0.NDVI.tif,HLS-VI.S30.T48STH.2018131T040551.v2.0.NDVI.tif,S30,T48STH,2018-05-11,2018131,040551
/home/ec2-user/ndvi_sqs_work/gansu/raw/HLS-VI.S30.T48STJ.2018131T040551.v2.0.NDVI.tif,HLS-VI.S30.T48STJ.2018131T040551.v2.0.NDVI.tif,S30,T48STJ,2018-05-11,2018131,040551
/home/ec2-user/ndvi_sqs_work/gansu/raw/HLS-VI.S30.T46SEH.2018132T042659.v2.0.NDVI.tif,HLS-VI.S30.T46SEH.2018132T042659.v2.0.NDVI.tif,S30,T46SEH,2018-05-12,2018132,042659
/home/ec2-user/ndvi_sqs_work/gansu/raw/HLS-VI.S30.T46SEJ.2018132T042659.v2.0.NDVI.tif,HLS-VI.S30.T46SEJ.2018132T042659.v2.0.NDVI.tif,S30,T46SEJ,2018-05-12,2018132,042659
/home/ec2-user/ndvi_sqs_work/gansu/raw/HLS-VI.S30.T46SFH.2018132T042659.v2.0.NDVI.tif,HLS-VI.S30.T46SFH.2018132T042659.v2.0.NDVI.tif,S30,T46SFH,2018-05-12,2018132,042659
/home/ec2-user/ndvi_sqs_work/gansu/raw/HLS-VI.S30.T46SFJ.2018132T042659.v2.0.NDVI.tif,HLS-VI.S30.T46SFJ.2018132T042659.v2.0.NDVI.tif,S30,T46SFJ,2018-05-12,2018132,042659
/home/ec2-user/ndvi_sqs_work/gansu/raw/HLS-VI.S30.T46SGH.2018132T042659.v2.0.NDVI.tif,HLS-VI.S30.T46SGH.2018132T042659.v2.0.NDVI.tif,S30,T46SGH,2018-05-12,2018132,042659
/home/ec2-user/ndvi_sqs_work/gansu/raw/HLS-VI.S30.T46SGJ.2018132T042659.v2.0.NDVI.tif,HLS-VI.S30.T46SGJ.2018132T042659.v2.0.NDVI.tif,S30,T46SGJ,2018-05-12,2018132,042659
/home/ec2-user/ndvi_sqs_work/gansu/raw/HLS-VI.S30.T46TEK.2018132T042659.v2.0.NDVI.tif,HLS-VI.S30.T46TEK.2018132T042659.v2.0.NDVI.tif,S30,T46TEK,2018-05-12,2018132,042659
/home/ec2-user/ndvi_sqs_work/gansu/raw/HLS-VI.S30.T46TEL.2018132T042659.v2.0.NDVI.tif,HLS-VI.S30.T46TEL.2018132T042659.v2.0.NDVI.tif,S30,T46TEL,2018-05-12,2018132,042659
/home/ec2-user/ndvi_sqs_work/gansu/raw/HLS-VI.S30.T46TFK.2018132T042659.v2.0.NDVI.tif,HLS-VI.S30.T46TFK.2018132T042659.v2.0.NDVI.tif,S30,T46TFK,2018-05-12,2018132,042659
/home/ec2-user/ndvi_sqs_work/gansu/raw/HLS-VI.S30.T46TFL.2018132T042659.v2.0.NDVI.tif,HLS-VI.S30.T46TFL.2018132T042659.v2.0.NDVI.tif,S30,T46TFL,2018-05-12,2018132,042659
/home/ec2-user/ndvi_sqs_work/gansu/raw/HLS-VI.S30.T47SKD.2018132T042659.v2.0.NDVI.tif,HLS-VI.S30.T47SKD.2018132T042659.v2.0.NDVI.tif,S30,T47SKD,2018-05-12,2018132,042659
/home/ec2-user/ndvi_sqs_work/gansu/raw/HLS-VI.S30.T47SLC.2018132T042659.v2.0.NDVI.tif,HLS-VI.S30.T47SLC.2018132T042659.v2.0.NDVI.tif,S30,T47SLC,2018-05-12,2018132,042659
/home/ec2-user/ndvi_sqs_work/gansu/raw/HLS-VI.S30.T47SLD.2018132T042659.v2.0.NDVI.tif,HLS-VI.S30.T47SLD.2018132T042659.v2.0.NDVI.tif,S30,T47SLD,2018-05-12,2018132,042659
/home/ec2-user/ndvi_sqs_work/gansu/raw/HLS-VI.S30.T47TLE.2018132T042659.v2.0.NDVI.tif,HLS-VI.S30.T47TLE.2018132T042659.v2.0.NDVI.tif,S30,T47TLE,2018-05-12,2018132,042659
/home/ec2-user/ndvi_sqs_work/gansu/raw/HLS-VI.S30.T47TLF.2018132T042659.v2.0.NDVI.tif,HLS-VI.S30.T47TLF.2018132T042659.v2.0.NDVI.tif,S30,T47TLF,2018-05-12,2018132,042659
/home/ec2-user/ndvi_sqs_work/gansu/raw/HLS-VI.S30.T48SVD.2018132T033541.v2.0.NDVI.tif,HLS-VI.S30.T48SVD.2018132T033541.v2.0.NDVI.tif,S30,T48SVD,2018-05-12,2018132,033541
/home/ec2-user/ndvi_sqs_work/gansu/raw/HLS-VI.S30.T48SVE.2018132T033541.v2.0.NDVI.tif,HLS-VI.S30.T48SVE.2018132T033541.v2.0.NDVI.tif,S30,T48SVE,2018-05-12,2018132,033541
/home/ec2-user/ndvi_sqs_work/gansu/raw/HLS-VI.S30.T48SWB.2018132T033541.v2.0.NDVI.tif,HLS-VI.S30.T48SWB.2018132T033541.v2.0.NDVI.tif,S30,T48SWB,2018-05-12,2018132,033541
/home/ec2-user/ndvi_sqs_work/gansu/raw/HLS-VI.S30.T48SWC.2018132T033541.v2.0.NDVI.tif,HLS-VI.S30.T48SWC.2018132T033541.v2.0.NDVI.tif,S30,T48SWC,2018-05-12,2018132,033541
/home/ec2-user/ndvi_sqs_work/gansu/raw/HLS-VI.S30.T48SWD.2018132T033541.v2.0.NDVI.tif,HLS-VI.S30.T48SWD.2018132T033541.v2.0.NDVI.tif,S30,T48SWD,2018-05-12,2018132,033541
/home/ec2-user/ndvi_sqs_work/gansu/raw/HLS-VI.S30.T48SWE.2018132T033541.v2.0.NDVI.tif,HLS-VI.S30.T48SWE.2018132T033541.v2.0.NDVI.tif,S30,T48SWE,2018-05-12,2018132,033541
/home/ec2-user/ndvi_sqs_work/gansu/raw/HLS-VI.S30.T48SWF.2018132T033541.v2.0.NDVI.tif,HLS-VI.S30.T48SWF.2018132T033541.v2.0.NDVI.tif,S30,T48SWF,2018-05-12,2018132,033541
/home/ec2-user/ndvi_sqs_work/gansu/raw/HLS-VI.S30.T48SXC.2018132T033541.v2.0.NDVI.tif,HLS-VI.S30.T48SXC.2018132T033541.v2.0.NDVI.tif,S30,T48SXC,2018-05-12,2018132,033541
/home/ec2-user/ndvi_sqs_work/gansu/raw/HLS-VI.S30.T48SXD.2018132T033541.v2.0.NDVI.tif,HLS-VI.S30.T48SXD.2018132T033541.v2.0.NDVI.tif,S30,T48SXD,2018-05-12,2018132,033541
/home/ec2-user/ndvi_sqs_work/gansu/raw/HLS-VI.S30.T48SXE.2018132T033541.v2.0.NDVI.tif,HLS-VI.S30.T48SXE.2018132T033541.v2.0.NDVI.tif,S30,T48SXE,2018-05-12,2018132,033541
/home/ec2-user/ndvi_sqs_work/gansu/raw/HLS-VI.S30.T48SXF.2018132T033541.v2.0.NDVI.tif,HLS-VI.S30.T48SXF.2018132T033541.v2.0.NDVI.tif,S30,T48SXF,2018-05-12,2018132,033541
/home/ec2-user/ndvi_sqs_work/gansu/raw/HLS-VI.S30.T48SXG.2018132T033541.v2.0.NDVI.tif,HLS-VI.S30.T48SXG.2018132T033541.v2.0.NDVI.tif,S30,T48SXG,2018-05-12,2018132,033541
/home/ec2-user/ndvi_sqs_work/gansu/raw/HLS-VI.S30.T48SYD.2018132T033541.v2.0.NDVI.tif,HLS-VI.S30.T48SYD.2018132T033541.v2.0.NDVI.tif,S30,T48SYD,2018-05-12,2018132,033541
/home/ec2-user/ndvi_sqs_work/gansu/raw/HLS-VI.S30.T48SYE.2018132T033541.v2.0.NDVI.tif,HLS-VI.S30.T48SYE.2018132T033541.v2.0.NDVI.tif,S30,T48SYE,2018-05-12,2018132,033541
/home/ec2-user/ndvi_sqs_work/gansu/raw/HLS-VI.S30.T48SYF.2018132T033541.v2.0.NDVI.tif,HLS-VI.S30.T48SYF.2018132T033541.v2.0.NDVI.tif,S30,T48SYF,2018-05-12,2018132,033541
/home/ec2-user/ndvi_sqs_work/gansu/raw/HLS-VI.S30.T48SYG.2018132T033541.v2.0.NDVI.tif,HLS-VI.S30.T48SYG.2018132T033541.v2.0.NDVI.tif,S30,T48SYG,2018-05-12,2018132,033541
/home/ec2-user/ndvi_sqs_work/gansu/raw/HLS-VI.S30.T49SBA.2018132T033541.v2.0.NDVI.tif,HLS-VI.S30.T49SBA.2018132T033541.v2.0.NDVI.tif,S30,T49SBA,2018-05-12,2018132,033541
/home/ec2-user/ndvi_sqs_work/gansu/raw/HLS-VI.S30.T49SBB.2018132T033541.v2.0.NDVI.tif,HLS-VI.S30.T49SBB.2018132T033541.v2.0.NDVI.tif,S30,T49SBB,2018-05-12,2018132,033541
/home/ec2-user/ndvi_sqs_work/gansu/raw/HLS-VI.S30.T49SBU.2018132T033541.v2.0.NDVI.tif,HLS-VI.S30.T49SBU.2018132T033541.v2.0.NDVI.tif,S30,T49SBU,2018-05-12,2018132,033541
/home/ec2-user/ndvi_sqs_work/gansu/raw/HLS-VI.S30.T49SBV.2018132T033541.v2.0.NDVI.tif,HLS-VI.S30.T49SBV.2018132T033541.v2.0.NDVI.tif,S30,T49SBV,2018-05-12,2018132,033541
/home/ec2-user/ndvi_sqs_work/gansu/raw/HLS-VI.S30.T47SPB.2018133T035539.v2.0.NDVI.tif,HLS-VI.S30.T47SPB.2018133T035539.v2.0.NDVI.tif,S30,T47SPB,2018-05-13,2018133,035539
/home/ec2-user/ndvi_sqs_work/gansu/raw/HLS-VI.S30.T47SPC.2018133T035539.v2.0.NDVI.tif,HLS-VI.S30.T47SPC.2018133T035539.v2.0.NDVI.tif,S30,T47SPC,2018-05-13,2018133,035539
/home/ec2-user/ndvi_sqs_work/gansu/raw/HLS-VI.S30.T47SPD.2018133T035539.v2.0.NDVI.tif,HLS-VI.S30.T47SPD.2018133T035539.v2.0.NDVI.tif,S30,T47SPD,2018-05-13,2018133,035539
/home/ec2-user/ndvi_sqs_work/gansu/raw/HLS-VI.S30.T47SPT.2018133T035539.v2.0.NDVI.tif,HLS-VI.S30.T47SPT.2018133T035539.v2.0.NDVI.tif,S30,T47SPT,2018-05-13,2018133,035539
/home/ec2-user/ndvi_sqs_work/gansu/raw/HLS-VI.S30.T47SPU.2018133T035539.v2.0.NDVI.tif,HLS-VI.S30.T47SPU.2018133T035539.v2.0.NDVI.tif,S30,T47SPU,2018-05-13,2018133,035539
/home/ec2-user/ndvi_sqs_work/gansu/raw/HLS-VI.S30.T47SQB.2018133T035539.v2.0.NDVI.tif,HLS-VI.S30.T47SQB.2018133T035539.v2.0.NDVI.tif,S30,T47SQB,2018-05-13,2018133,035539
/home/ec2-user/ndvi_sqs_work/gansu/raw/HLS-VI.S30.T47SQC.2018133T035539.v2.0.NDVI.tif,HLS-VI.S30.T47SQC.2018133T035539.v2.0.NDVI.tif,S30,T47SQC,2018-05-13,2018133,035539
/home/ec2-user/ndvi_sqs_work/gansu/raw/HLS-VI.S30.T47SQD.2018133T035539.v2.0.NDVI.tif,HLS-VI.S30.T47SQD.2018133T035539.v2.0.NDVI.tif,S30,T47SQD,2018-05-13,2018133,035539
/home/ec2-user/ndvi_sqs_work/gansu/raw/HLS-VI.S30.T47SQT.2018133T035539.v2.0.NDVI.tif,HLS-VI.S30.T47SQT.2018133T035539.v2.0.NDVI.tif,S30,T47SQT,2018-05-13,2018133,035539
/home/ec2-user/ndvi_sqs_work/gansu/raw/HLS-VI.S30.T47SQU.2018133T035539.v2.0.NDVI.tif,HLS-VI.S30.T47SQU.2018133T035539.v2.0.NDVI.tif,S30,T47SQU,2018-05-13,2018133,035539
/home/ec2-user/ndvi_sqs_work/gansu/raw/HLS-VI.S30.T47SQV.2018133T035539.v2.0.NDVI.tif,HLS-VI.S30.T47SQV.2018133T035539.v2.0.NDVI.tif,S30,T47SQV,2018-05-13,2018133,035539
/home/ec2-user/ndvi_sqs_work/gansu/raw/HLS-VI.S30.T48STC.2018133T035539.v2.0.NDVI.tif,HLS-VI.S30.T48STC.2018133T035539.v2.0.NDVI.tif,S30,T48STC,2018-05-13,2018133,035539
/home/ec2-user/ndvi_sqs_work/gansu/raw/HLS-VI.S30.T48STD.2018133T035539.v2.0.NDVI.tif,HLS-VI.S30.T48STD.2018133T035539.v2.0.NDVI.tif,S30,T48STD,2018-05-13,2018133,035539
/home/ec2-user/ndvi_sqs_work/gansu/raw/HLS-VI.S30.T48STE.2018133T035539.v2.0.NDVI.tif,HLS-VI.S30.T48STE.2018133T035539.v2.0.NDVI.tif,S30,T48STE,2018-05-13,2018133,035539
/home/ec2-user/ndvi_sqs_work/gansu/raw/HLS-VI.S30.T48STF.2018133T035539.v2.0.NDVI.tif,HLS-VI.S30.T48STF.2018133T035539.v2.0.NDVI.tif,S30,T48STF,2018-05-13,2018133,035539
/home/ec2-user/ndvi_sqs_work/gansu/raw/HLS-VI.S30.T48STG.2018133T035539.v2.0.NDVI.tif,HLS-VI.S30.T48STG.2018133T035539.v2.0.NDVI.tif,S30,T48STG,2018-05-13,2018133,035539
/home/ec2-user/ndvi_sqs_work/gansu/raw/HLS-VI.S30.T48STH.2018133T035539.v2.0.NDVI.tif,HLS-VI.S30.T48STH.2018133T035539.v2.0.NDVI.tif,S30,T48STH,2018-05-13,2018133,035539
/home/ec2-user/ndvi_sqs_work/gansu/raw/HLS-VI.S30.T48STJ.2018133T035539.v2.0.NDVI.tif,HLS-VI.S30.T48STJ.2018133T035539.v2.0.NDVI.tif,S30,T48STJ,2018-05-13,2018133,035539
/home/ec2-user/ndvi_sqs_work/gansu/raw/HLS-VI.S30.T48SUD.2018133T035539.v2.0.NDVI.tif,HLS-VI.S30.T48SUD.2018133T035539.v2.0.NDVI.tif,S30,T48SUD,2018-05-13,2018133,035539
/home/ec2-user/ndvi_sqs_work/gansu/raw/HLS-VI.S30.T48SUE.2018133T035539.v2.0.NDVI.tif,HLS-VI.S30.T48SUE.2018133T035539.v2.0.NDVI.tif,S30,T48SUE,2018-05-13,2018133,035539
/home/ec2-user/ndvi_sqs_work/gansu/raw/HLS-VI.S30.T48SUF.2018133T035539.v2.0.NDVI.tif,HLS-VI.S30.T48SUF.2018133T035539.v2.0.NDVI.tif,S30,T48SUF,2018-05-13,2018133,035539
/home/ec2-user/ndvi_sqs_work/gansu/raw/HLS-VI.S30.T48SUG.2018133T035539.v2.0.NDVI.tif,HLS-VI.S30.T48SUG.2018133T035539.v2.0.NDVI.tif,S30,T48SUG,2018-05-13,2018133,035539
/home/ec2-user/ndvi_sqs_work/gansu/raw/HLS-VI.S30.T48SUH.2018133T035539.v2.0.NDVI.tif,HLS-VI.S30.T48SUH.2018133T035539.v2.0.NDVI.tif,S30,T48SUH,2018-05-13,2018133,035539
/home/ec2-user/ndvi_sqs_work/gansu/raw/HLS-VI.S30.T48SUJ.2018133T035539.v2.0.NDVI.tif,HLS-VI.S30.T48SUJ.2018133T035539.v2.0.NDVI.tif,S30,T48SUJ,2018-05-13,2018133,035539
/home/ec2-user/ndvi_sqs_work/gansu/raw/HLS-VI.S30.T48SVG.2018133T035539.v2.0.NDVI.tif,HLS-VI.S30.T48SVG.2018133T035539.v2.0.NDVI.tif,S30,T48SVG,2018-05-13,2018133,035539
/home/ec2-user/ndvi_sqs_work/gansu/raw/HLS-VI.S30.T48SVH.2018133T035539.v2.0.NDVI.tif,HLS-VI.S30.T48SVH.2018133T035539.v2.0.NDVI.tif,S30,T48SVH,2018-05-13,2018133,035539
/home/ec2-user/ndvi_sqs_work/gansu/raw/HLS-VI.S30.T48SVJ.2018133T035539.v2.0.NDVI.tif,HLS-VI.S30.T48SVJ.2018133T035539.v2.0.NDVI.tif,S30,T48SVJ,2018-05-13,2018133,035539
/home/ec2-user/ndvi_sqs_work/gansu/raw/HLS-VI.S30.T46SGH.2018134T041551.v2.0.NDVI.tif,HLS-VI.S30.T46SGH.2018134T041551.v2.0.NDVI.tif,S30,T46SGH,2018-05-14,2018134,041551
/home/ec2-user/ndvi_sqs_work/gansu/raw/HLS-VI.S30.T46SGJ.2018134T041551.v2.0.NDVI.tif,HLS-VI.S30.T46SGJ.2018134T041551.v2.0.NDVI.tif,S30,T46SGJ,2018-05-14,2018134,041551
/home/ec2-user/ndvi_sqs_work/gansu/raw/HLS-VI.S30.T46TGK.2018134T041551.v2.0.NDVI.tif,HLS-VI.S30.T46TGK.2018134T041551.v2.0.NDVI.tif,S30,T46TGK,2018-05-14,2018134,041551
/home/ec2-user/ndvi_sqs_work/gansu/raw/HLS-VI.S30.T46TGL.2018134T041551.v2.0.NDVI.tif,HLS-VI.S30.T46TGL.2018134T041551.v2.0.NDVI.tif,S30,T46TGL,2018-05-14,2018134,041551
/home/ec2-user/ndvi_sqs_work/gansu/raw/HLS-VI.S30.T47SKC.2018134T041551.v2.0.NDVI.tif,HLS-VI.S30.T47SKC.2018134T041551.v2.0.NDVI.tif,S30,T47SKC,2018-05-14,2018134,041551
/home/ec2-user/ndvi_sqs_work/gansu/raw/HLS-VI.S30.T47SKD.2018134T041551.v2.0.NDVI.tif,HLS-VI.S30.T47SKD.2018134T041551.v2.0.NDVI.tif,S30,T47SKD,2018-05-14,2018134,041551
/home/ec2-user/ndvi_sqs_work/gansu/raw/HLS-VI.S30.T47SLC.2018134T041551.v2.0.NDVI.tif,HLS-VI.S30.T47SLC.2018134T041551.v2.0.NDVI.tif,S30,T47SLC,2018-05-14,2018134,041551
/home/ec2-user/ndvi_sqs_work/gansu/raw/HLS-VI.S30.T47SMC.2018134T041551.v2.0.NDVI.tif,HLS-VI.S30.T47SMC.2018134T041551.v2.0.NDVI.tif,S30,T47SMC,2018-05-14,2018134,041551
/home/ec2-user/ndvi_sqs_work/gansu/raw/HLS-VI.S30.T47TKE.2018134T041551.v2.0.NDVI.tif,HLS-VI.S30.T47TKE.2018134T041551.v2.0.NDVI.tif,S30,T47TKE,2018-05-14,2018134,041551
/home/ec2-user/ndvi_sqs_work/gansu/raw/HLS-VI.S30.T47TKF.2018134T041551.v2.0.NDVI.tif,HLS-VI.S30.T47TKF.2018134T041551.v2.0.NDVI.tif,S30,T47TKF,2018-05-14,2018134,041551
/home/ec2-user/ndvi_sqs_work/gansu/raw/HLS-VI.S30.T47TLF.2018134T041551.v2.0.NDVI.tif,HLS-VI.S30.T47TLF.2018134T041551.v2.0.NDVI.tif,S30,T47TLF,2018-05-14,2018134,041551
/home/ec2-user/ndvi_sqs_work/gansu/raw/HLS-VI.S30.T47TLG.2018134T041551.v2.0.NDVI.tif,HLS-VI.S30.T47TLG.2018134T041551.v2.0.NDVI.tif,S30,T47TLG,2018-05-14,2018134,041551
/home/ec2-user/ndvi_sqs_work/gansu/raw/HLS-VI.S30.T47TMF.2018134T041551.v2.0.NDVI.tif,HLS-VI.S30.T47TMF.2018134T041551.v2.0.NDVI.tif,S30,T47TMF,2018-05-14,2018134,041551
/home/ec2-user/ndvi_sqs_work/gansu/raw/HLS-VI.S30.T47TNF.2018134T041551.v2.0.NDVI.tif,HLS-VI.S30.T47TNF.2018134T041551.v2.0.NDVI.tif,S30,T47TNF,2018-05-14,2018134,041551
/home/ec2-user/ndvi_sqs_work/gansu/raw/HLS-VI.S30.T47SQT.2018135T034541.v2.0.NDVI.tif,HLS-VI.S30.T47SQT.2018135T034541.v2.0.NDVI.tif,S30,T47SQT,2018-05-15,2018135,034541
/home/ec2-user/ndvi_sqs_work/gansu/raw/HLS-VI.S30.T47SQU.2018135T034541.v2.0.NDVI.tif,HLS-VI.S30.T47SQU.2018135T034541.v2.0.NDVI.tif,S30,T47SQU,2018-05-15,2018135,034541
/home/ec2-user/ndvi_sqs_work/gansu/raw/HLS-VI.S30.T48STC.2018135T034541.v2.0.NDVI.tif,HLS-VI.S30.T48STC.2018135T034541.v2.0.NDVI.tif,S30,T48STC,2018-05-15,2018135,034541
/home/ec2-user/ndvi_sqs_work/gansu/raw/HLS-VI.S30.T48STD.2018135T034541.v2.0.NDVI.tif,HLS-VI.S30.T48STD.2018135T034541.v2.0.NDVI.tif,S30,T48STD,2018-05-15,2018135,034541
/home/ec2-user/ndvi_sqs_work/gansu/raw/HLS-VI.S30.T48STE.2018135T034541.v2.0.NDVI.tif,HLS-VI.S30.T48STE.2018135T034541.v2.0.NDVI.tif,S30,T48STE,2018-05-15,2018135,034541
/home/ec2-user/ndvi_sqs_work/gansu/raw/HLS-VI.S30.T48STF.2018135T034541.v2.0.NDVI.tif,HLS-VI.S30.T48STF.2018135T034541.v2.0.NDVI.tif,S30,T48STF,2018-05-15,2018135,034541
/home/ec2-user/ndvi_sqs_work/gansu/raw/HLS-VI.S30.T48SUB.2018135T034541.v2.0.NDVI.tif,HLS-VI.S30.T48SUB.2018135T034541.v2.0.NDVI.tif,S30,T48SUB,2018-05-15,2018135,034541
/home/ec2-user/ndvi_sqs_work/gansu/raw/HLS-VI.S30.T48SUC.2018135T034541.v2.0.NDVI.tif,HLS-VI.S30.T48SUC.2018135T034541.v2.0.NDVI.tif,S30,T48SUC,2018-05-15,2018135,034541
/home/ec2-user/ndvi_sqs_work/gansu/raw/HLS-VI.S30.T48SUD.2018135T034541.v2.0.NDVI.tif,HLS-VI.S30.T48SUD.2018135T034541.v2.0.NDVI.tif,S30,T48SUD,2018-05-15,2018135,034541
/home/ec2-user/ndvi_sqs_work/gansu/raw/HLS-VI.S30.T48SUE.2018135T034541.v2.0.NDVI.tif,HLS-VI.S30.T48SUE.2018135T034541.v2.0.NDVI.tif,S30,T48SUE,2018-05-15,2018135,034541
/home/ec2-user/ndvi_sqs_work/gansu/raw/HLS-VI.S30.T48SUF.2018135T034541.v2.0.NDVI.tif,HLS-VI.S30.T48SUF.2018135T034541.v2.0.NDVI.tif,S30,T48SUF,2018-05-15,2018135,034541
/home/ec2-user/ndvi_sqs_work/gansu/raw/HLS-VI.S30.T48SUG.2018135T034541.v2.0.NDVI.tif,HLS-VI.S30.T48SUG.2018135T034541.v2.0.NDVI.tif,S30,T48SUG,2018-05-15,2018135,034541
/home/ec2-user/ndvi_sqs_work/gansu/raw/HLS-VI.S30.T48SVB.2018135T034541.v2.0.NDVI.tif,HLS-VI.S30.T48SVB.2018135T034541.v2.0.NDVI.tif,S30,T48SVB,2018-05-15,2018135,034541
/home/ec2-user/ndvi_sqs_work/gansu/raw/HLS-VI.S30.T48SVC.2018135T034541.v2.0.NDVI.tif,HLS-VI.S30.T48SVC.2018135T034541.v2.0.NDVI.tif,S30,T48SVC,2018-05-15,2018135,034541
/home/ec2-user/ndvi_sqs_work/gansu/raw/HLS-VI.S30.T48SVD.2018135T034541.v2.0.NDVI.tif,HLS-VI.S30.T48SVD.2018135T034541.v2.0.NDVI.tif,S30,T48SVD,2018-05-15,2018135,034541
/home/ec2-user/ndvi_sqs_work/gansu/raw/HLS-VI.S30.T48SVE.2018135T034541.v2.0.NDVI.tif,HLS-VI.S30.T48SVE.2018135T034541.v2.0.NDVI.tif,S30,T48SVE,2018-05-15,2018135,034541
/home/ec2-user/ndvi_sqs_work/gansu/raw/HLS-VI.S30.T48SVF.2018135T034541.v2.0.NDVI.tif,HLS-VI.S30.T48SVF.2018135T034541.v2.0.NDVI.tif,S30,T48SVF,2018-05-15,2018135,034541
/home/ec2-user/ndvi_sqs_work/gansu/raw/HLS-VI.S30.T48SVG.2018135T034541.v2.0.NDVI.tif,HLS-VI.S30.T48SVG.2018135T034541.v2.0.NDVI.tif,S30,T48SVG,2018-05-15,2018135,034541
/home/ec2-user/ndvi_sqs_work/gansu/raw/HLS-VI.S30.T48SVH.2018135T034541.v2.0.NDVI.tif,HLS-VI.S30.T48SVH.2018135T034541.v2.0.NDVI.tif,S30,T48SVH,2018-05-15,2018135,034541
/home/ec2-user/ndvi_sqs_work/gansu/raw/HLS-VI.S30.T48SWB.2018135T034541.v2.0.NDVI.tif,HLS-VI.S30.T48SWB.2018135T034541.v2.0.NDVI.tif,S30,T48SWB,2018-05-15,2018135,034541
/home/ec2-user/ndvi_sqs_work/gansu/raw/HLS-VI.S30.T48SWC.2018135T034541.v2.0.NDVI.tif,HLS-VI.S30.T48SWC.2018135T034541.v2.0.NDVI.tif,S30,T48SWC,2018-05-15,2018135,034541
/home/ec2-user/ndvi_sqs_work/gansu/raw/HLS-VI.S30.T48SWD.2018135T034541.v2.0.NDVI.tif,HLS-VI.S30.T48SWD.2018135T034541.v2.0.NDVI.tif,S30,T48SWD,2018-05-15,2018135,034541
/home/ec2-user/ndvi_sqs_work/gansu/raw/HLS-VI.S30.T48SWE.2018135T034541.v2.0.NDVI.tif,HLS-VI.S30.T48SWE.2018135T034541.v2.0.NDVI.tif,S30,T48SWE,2018-05-15,2018135,034541
/home/ec2-user/ndvi_sqs_work/gansu/raw/HLS-VI.S30.T48SWF.2018135T034541.v2.0.NDVI.tif,HLS-VI.S30.T48SWF.2018135T034541.v2.0.NDVI.tif,S30,T48SWF,2018-05-15,2018135,034541
/home/ec2-user/ndvi_sqs_work/gansu/raw/HLS-VI.S30.T48SWG.2018135T034541.v2.0.NDVI.tif,HLS-VI.S30.T48SWG.2018135T034541.v2.0.NDVI.tif,S30,T48SWG,2018-05-15,2018135,034541
/home/ec2-user/ndvi_sqs_work/gansu/raw/HLS-VI.S30.T48SXG.2018137T033539.v2.0.NDVI.tif,HLS-VI.S30.T48SXG.2018137T033539.v2.0.NDVI.tif,S30,T48SXG,2018-05-17,2018137,033539
/home/ec2-user/ndvi_sqs_work/gansu/raw/HLS-VI.S30.T46TGL.2018139T041549.v2.0.NDVI.tif,HLS-VI.S30.T46TGL.2018139T041549.v2.0.NDVI.tif,S30,T46TGL,2018-05-19,2018139,041549
/home/ec2-user/ndvi_sqs_work/gansu/raw/HLS-VI.S30.T47SND.2018139T041549.v2.0.NDVI.tif,HLS-VI.S30.T47SND.2018139T041549.v2.0.NDVI.tif,S30,T47SND,2018-05-19,2018139,041549
/home/ec2-user/ndvi_sqs_work/gansu/raw/HLS-VI.S30.T47TKF.2018139T041549.v2.0.NDVI.tif,HLS-VI.S30.T47TKF.2018139T041549.v2.0.NDVI.tif,S30,T47TKF,2018-05-19,2018139,041549
/home/ec2-user/ndvi_sqs_work/gansu/raw/HLS-VI.S30.T47TLG.2018139T041549.v2.0.NDVI.tif,HLS-VI.S30.T47TLG.2018139T041549.v2.0.NDVI.tif,S30,T47TLG,2018-05-19,2018139,041549
/home/ec2-user/ndvi_sqs_work/gansu/raw/HLS-VI.S30.T47TLH.2018139T041549.v2.0.NDVI.tif,HLS-VI.S30.T47TLH.2018139T041549.v2.0.NDVI.tif,S30,T47TLH,2018-05-19,2018139,041549
/home/ec2-user/ndvi_sqs_work/gansu/raw/HLS-VI.S30.T47TME.2018139T041549.v2.0.NDVI.tif,HLS-VI.S30.T47TME.2018139T041549.v2.0.NDVI.tif,S30,T47TME,2018-05-19,2018139,041549
/home/ec2-user/ndvi_sqs_work/gansu/raw/HLS-VI.S30.T47TMF.2018139T041549.v2.0.NDVI.tif,HLS-VI.S30.T47TMF.2018139T041549.v2.0.NDVI.tif,S30,T47TMF,2018-05-19,2018139,041549
/home/ec2-user/ndvi_sqs_work/gansu/raw/HLS-VI.S30.T47TNE.2018139T041549.v2.0.NDVI.tif,HLS-VI.S30.T47TNE.2018139T041549.v2.0.NDVI.tif,S30,T47TNE,2018-05-19,2018139,041549
/home/ec2-user/ndvi_sqs_work/gansu/raw/HLS-VI.S30.T47TNF.2018139T041549.v2.0.NDVI.tif,HLS-VI.S30.T47TNF.2018139T041549.v2.0.NDVI.tif,S30,T47TNF,2018-05-19,2018139,041549
/home/ec2-user/ndvi_sqs_work/gansu/raw/HLS-VI.S30.T46TEK.2018140T043701.v2.0.NDVI.tif,HLS-VI.S30.T46TEK.2018140T043701.v2.0.NDVI.tif,S30,T46TEK,2018-05-20,2018140,043701
/home/ec2-user/ndvi_sqs_work/gansu/raw/HLS-VI.S30.T46TFK.2018140T043701.v2.0.NDVI.tif,HLS-VI.S30.T46TFK.2018140T043701.v2.0.NDVI.tif,S30,T46TFK,2018-05-20,2018140,043701
/home/ec2-user/ndvi_sqs_work/gansu/raw/HLS-VI.S30.T47SQT.2018140T034529.v2.0.NDVI.tif,HLS-VI.S30.T47SQT.2018140T034529.v2.0.NDVI.tif,S30,T47SQT,2018-05-20,2018140,034529
/home/ec2-user/ndvi_sqs_work/gansu/raw/HLS-VI.S30.T47TMF.2018141T040551.v2.0.NDVI.tif,HLS-VI.S30.T47TMF.2018141T040551.v2.0.NDVI.tif,S30,T47TMF,2018-05-21,2018141,040551
/home/ec2-user/ndvi_sqs_work/gansu/raw/HLS-VI.S30.T46TFL.2018142T042659.v2.0.NDVI.tif,HLS-VI.S30.T46TFL.2018142T042659.v2.0.NDVI.tif,S30,T46TFL,2018-05-22,2018142,042659
/home/ec2-user/ndvi_sqs_work/gansu/raw/HLS-VI.S30.T46TFM.2018142T042659.v2.0.NDVI.tif,HLS-VI.S30.T46TFM.2018142T042659.v2.0.NDVI.tif,S30,T46TFM,2018-05-22,2018142,042659
/home/ec2-user/ndvi_sqs_work/gansu/raw/HLS-VI.S30.T46TGL.2018142T042659.v2.0.NDVI.tif,HLS-VI.S30.T46TGL.2018142T042659.v2.0.NDVI.tif,S30,T46TGL,2018-05-22,2018142,042659
/home/ec2-user/ndvi_sqs_work/gansu/raw/HLS-VI.S30.T46TGM.2018142T042659.v2.0.NDVI.tif,HLS-VI.S30.T46TGM.2018142T042659.v2.0.NDVI.tif,S30,T46TGM,2018-05-22,2018142,042659
/home/ec2-user/ndvi_sqs_work/gansu/raw/HLS-VI.S30.T46TGN.2018142T042659.v2.0.NDVI.tif,HLS-VI.S30.T46TGN.2018142T042659.v2.0.NDVI.tif,S30,T46TGN,2018-05-22,2018142,042659
/home/ec2-user/ndvi_sqs_work/gansu/raw/HLS-VI.S30.T47TKF.2018142T042659.v2.0.NDVI.tif,HLS-VI.S30.T47TKF.2018142T042659.v2.0.NDVI.tif,S30,T47TKF,2018-05-22,2018142,042659
/home/ec2-user/ndvi_sqs_work/gansu/raw/HLS-VI.S30.T47TKG.2018142T042659.v2.0.NDVI.tif,HLS-VI.S30.T47TKG.2018142T042659.v2.0.NDVI.tif,S30,T47TKG,2018-05-22,2018142,042659
/home/ec2-user/ndvi_sqs_work/gansu/raw/HLS-VI.S30.T47TLF.2018142T042659.v2.0.NDVI.tif,HLS-VI.S30.T47TLF.2018142T042659.v2.0.NDVI.tif,S30,T47TLF,2018-05-22,2018142,042659
/home/ec2-user/ndvi_sqs_work/gansu/raw/HLS-VI.S30.T47TLG.2018142T042659.v2.0.NDVI.tif,HLS-VI.S30.T47TLG.2018142T042659.v2.0.NDVI.tif,S30,T47TLG,2018-05-22,2018142,042659
/home/ec2-user/ndvi_sqs_work/gansu/raw/HLS-VI.S30.T47TLH.2018142T042659.v2.0.NDVI.tif,HLS-VI.S30.T47TLH.2018142T042659.v2.0.NDVI.tif,S30,T47TLH,2018-05-22,2018142,042659
/home/ec2-user/ndvi_sqs_work/gansu/raw/HLS-VI.S30.T48SVB.2018142T033541.v2.0.NDVI.tif,HLS-VI.S30.T48SVB.2018142T033541.v2.0.NDVI.tif,S30,T48SVB,2018-05-22,2018142,033541
/home/ec2-user/ndvi_sqs_work/gansu/raw/HLS-VI.S30.T48SVC.2018142T033541.v2.0.NDVI.tif,HLS-VI.S30.T48SVC.2018142T033541.v2.0.NDVI.tif,S30,T48SVC,2018-05-22,2018142,033541
/home/ec2-user/ndvi_sqs_work/gansu/raw/HLS-VI.S30.T48SVD.2018142T033541.v2.0.NDVI.tif,HLS-VI.S30.T48SVD.2018142T033541.v2.0.NDVI.tif,S30,T48SVD,2018-05-22,2018142,033541
/home/ec2-user/ndvi_sqs_work/gansu/raw/HLS-VI.S30.T48SVE.2018142T033541.v2.0.NDVI.tif,HLS-VI.S30.T48SVE.2018142T033541.v2.0.NDVI.tif,S30,T48SVE,2018-05-22,2018142,033541
/home/ec2-user/ndvi_sqs_work/gansu/raw/HLS-VI.S30.T48SWB.2018142T033541.v2.0.NDVI.tif,HLS-VI.S30.T48SWB.2018142T033541.v2.0.NDVI.tif,S30,T48SWB,2018-05-22,2018142,033541
/home/ec2-user/ndvi_sqs_work/gansu/raw/HLS-VI.S30.T48SWC.2018142T033541.v2.0.NDVI.tif,HLS-VI.S30.T48SWC.2018142T033541.v2.0.NDVI.tif,S30,T48SWC,2018-05-22,2018142,033541
/home/ec2-user/ndvi_sqs_work/gansu/raw/HLS-VI.S30.T48SWD.2018142T033541.v2.0.NDVI.tif,HLS-VI.S30.T48SWD.2018142T033541.v2.0.NDVI.tif,S30,T48SWD,2018-05-22,2018142,033541
/home/ec2-user/ndvi_sqs_work/gansu/raw/HLS-VI.S30.T48SWE.2018142T033541.v2.0.NDVI.tif,HLS-VI.S30.T48SWE.2018142T033541.v2.0.NDVI.tif,S30,T48SWE,2018-05-22,2018142,033541
/home/ec2-user/ndvi_sqs_work/gansu/raw/HLS-VI.S30.T48SXD.2018142T033541.v2.0.NDVI.tif,HLS-VI.S30.T48SXD.2018142T033541.v2.0.NDVI.tif,S30,T48SXD,2018-05-22,2018142,033541
/home/ec2-user/ndvi_sqs_work/gansu/raw/HLS-VI.S30.T48SXE.2018142T033541.v2.0.NDVI.tif,HLS-VI.S30.T48SXE.2018142T033541.v2.0.NDVI.tif,S30,T48SXE,2018-05-22,2018142,033541
/home/ec2-user/ndvi_sqs_work/gansu/raw/HLS-VI.S30.T48SXF.2018142T033541.v2.0.NDVI.tif,HLS-VI.S30.T48SXF.2018142T033541.v2.0.NDVI.tif,S30,T48SXF,2018-05-22,2018142,033541
/home/ec2-user/ndvi_sqs_work/gansu/raw/HLS-VI.S30.T48SXG.2018142T033541.v2.0.NDVI.tif,HLS-VI.S30.T48SXG.2018142T033541.v2.0.NDVI.tif,S30,T48SXG,2018-05-22,2018142,033541
/home/ec2-user/ndvi_sqs_work/gansu/raw/HLS-VI.S30.T48SYD.2018142T033541.v2.0.NDVI.tif,HLS-VI.S30.T48SYD.2018142T033541.v2.0.NDVI.tif,S30,T48SYD,2018-05-22,2018142,033541
/home/ec2-user/ndvi_sqs_work/gansu/raw/HLS-VI.S30.T48SYE.2018142T033541.v2.0.NDVI.tif,HLS-VI.S30.T48SYE.2018142T033541.v2.0.NDVI.tif,S30,T48SYE,2018-05-22,2018142,033541
/home/ec2-user/ndvi_sqs_work/gansu/raw/HLS-VI.S30.T48SYF.2018142T033541.v2.0.NDVI.tif,HLS-VI.S30.T48SYF.2018142T033541.v2.0.NDVI.tif,S30,T48SYF,2018-05-22,2018142,033541
/home/ec2-user/ndvi_sqs_work/gansu/raw/HLS-VI.S30.T48SYG.2018142T033541.v2.0.NDVI.tif,HLS-VI.S30.T48SYG.2018142T033541.v2.0.NDVI.tif,S30,T48SYG,2018-05-22,2018142,033541
/home/ec2-user/ndvi_sqs_work/gansu/raw/HLS-VI.S30.T49SBA.2018142T033541.v2.0.NDVI.tif,HLS-VI.S30.T49SBA.2018142T033541.v2.0.NDVI.tif,S30,T49SBA,2018-05-22,2018142,033541
/home/ec2-user/ndvi_sqs_work/gansu/raw/HLS-VI.S30.T49SBB.2018142T033541.v2.0.NDVI.tif,HLS-VI.S30.T49SBB.2018142T033541.v2.0.NDVI.tif,S30,T49SBB,2018-05-22,2018142,033541
/home/ec2-user/ndvi_sqs_work/gansu/raw/HLS-VI.S30.T49SBU.2018142T033541.v2.0.NDVI.tif,HLS-VI.S30.T49SBU.2018142T033541.v2.0.NDVI.tif,S30,T49SBU,2018-05-22,2018142,033541
/home/ec2-user/ndvi_sqs_work/gansu/raw/HLS-VI.S30.T49SBV.2018142T033541.v2.0.NDVI.tif,HLS-VI.S30.T49SBV.2018142T033541.v2.0.NDVI.tif,S30,T49SBV,2018-05-22,2018142,033541
/home/ec2-user/ndvi_sqs_work/gansu/raw/HLS-VI.S30.T49SCA.2018144T032539.v2.0.NDVI.tif,HLS-VI.S30.T49SCA.2018144T032539.v2.0.NDVI.tif,S30,T49SCA,2018-05-24,2018144,032539
/home/ec2-user/ndvi_sqs_work/gansu/raw/HLS-VI.S30.T47SND.2018146T040659.v2.0.NDVI.tif,HLS-VI.S30.T47SND.2018146T040659.v2.0.NDVI.tif,S30,T47SND,2018-05-26,2018146,040659
/home/ec2-user/ndvi_sqs_work/gansu/raw/HLS-VI.S30.T47SPD.2018146T040659.v2.0.NDVI.tif,HLS-VI.S30.T47SPD.2018146T040659.v2.0.NDVI.tif,S30,T47SPD,2018-05-26,2018146,040659
/home/ec2-user/ndvi_sqs_work/gansu/raw/HLS-VI.S30.T47SQD.2018146T040659.v2.0.NDVI.tif,HLS-VI.S30.T47SQD.2018146T040659.v2.0.NDVI.tif,S30,T47SQD,2018-05-26,2018146,040659
/home/ec2-user/ndvi_sqs_work/gansu/raw/HLS-VI.S30.T47TME.2018146T040659.v2.0.NDVI.tif,HLS-VI.S30.T47TME.2018146T040659.v2.0.NDVI.tif,S30,T47TME,2018-05-26,2018146,040659
/home/ec2-user/ndvi_sqs_work/gansu/raw/HLS-VI.S30.T47TMF.2018146T040659.v2.0.NDVI.tif,HLS-VI.S30.T47TMF.2018146T040659.v2.0.NDVI.tif,S30,T47TMF,2018-05-26,2018146,040659
/home/ec2-user/ndvi_sqs_work/gansu/raw/HLS-VI.S30.T47TNE.2018146T040659.v2.0.NDVI.tif,HLS-VI.S30.T47TNE.2018146T040659.v2.0.NDVI.tif,S30,T47TNE,2018-05-26,2018146,040659
/home/ec2-user/ndvi_sqs_work/gansu/raw/HLS-VI.S30.T47TNF.2018146T040659.v2.0.NDVI.tif,HLS-VI.S30.T47TNF.2018146T040659.v2.0.NDVI.tif,S30,T47TNF,2018-05-26,2018146,040659
/home/ec2-user/ndvi_sqs_work/gansu/raw/HLS-VI.S30.T47TPE.2018146T040659.v2.0.NDVI.tif,HLS-VI.S30.T47TPE.2018146T040659.v2.0.NDVI.tif,S30,T47TPE,2018-05-26,2018146,040659
/home/ec2-user/ndvi_sqs_work/gansu/raw/HLS-VI.S30.T47TPF.2018146T040659.v2.0.NDVI.tif,HLS-VI.S30.T47TPF.2018146T040659.v2.0.NDVI.tif,S30,T47TPF,2018-05-26,2018146,040659
/home/ec2-user/ndvi_sqs_work/gansu/raw/HLS-VI.S30.T48STJ.2018146T040659.v2.0.NDVI.tif,HLS-VI.S30.T48STJ.2018146T040659.v2.0.NDVI.tif,S30,T48STJ,2018-05-26,2018146,040659
/home/ec2-user/ndvi_sqs_work/gansu/raw/HLS-VI.S30.T46SFH.2018147T042711.v2.0.NDVI.tif,HLS-VI.S30.T46SFH.2018147T042711.v2.0.NDVI.tif,S30,T46SFH,2018-05-27,2018147,042711
/home/ec2-user/ndvi_sqs_work/gansu/raw/HLS-VI.S30.T46TEK.2018147T042711.v2.0.NDVI.tif,HLS-VI.S30.T46TEK.2018147T042711.v2.0.NDVI.tif,S30,T46TEK,2018-05-27,2018147,042711
/home/ec2-user/ndvi_sqs_work/gansu/raw/HLS-VI.S30.T46TEL.2018147T042711.v2.0.NDVI.tif,HLS-VI.S30.T46TEL.2018147T042711.v2.0.NDVI.tif,S30,T46TEL,2018-05-27,2018147,042711
/home/ec2-user/ndvi_sqs_work/gansu/raw/HLS-VI.S30.T46TFK.2018147T042711.v2.0.NDVI.tif,HLS-VI.S30.T46TFK.2018147T042711.v2.0.NDVI.tif,S30,T46TFK,2018-05-27,2018147,042711
/home/ec2-user/ndvi_sqs_work/gansu/raw/HLS-VI.S30.T46TFL.2018147T042711.v2.0.NDVI.tif,HLS-VI.S30.T46TFL.2018147T042711.v2.0.NDVI.tif,S30,T46TFL,2018-05-27,2018147,042711
/home/ec2-user/ndvi_sqs_work/gansu/raw/HLS-VI.S30.T46TFM.2018147T042711.v2.0.NDVI.tif,HLS-VI.S30.T46TFM.2018147T042711.v2.0.NDVI.tif,S30,T46TFM,2018-05-27,2018147,042711
/home/ec2-user/ndvi_sqs_work/gansu/raw/HLS-VI.S30.T46TGK.2018147T042711.v2.0.NDVI.tif,HLS-VI.S30.T46TGK.2018147T042711.v2.0.NDVI.tif,S30,T46TGK,2018-05-27,2018147,042711
/home/ec2-user/ndvi_sqs_work/gansu/raw/HLS-VI.S30.T46TGL.2018147T042711.v2.0.NDVI.tif,HLS-VI.S30.T46TGL.2018147T042711.v2.0.NDVI.tif,S30,T46TGL,2018-05-27,2018147,042711
/home/ec2-user/ndvi_sqs_work/gansu/raw/HLS-VI.S30.T46TGM.2018147T042711.v2.0.NDVI.tif,HLS-VI.S30.T46TGM.2018147T042711.v2.0.NDVI.tif,S30,T46TGM,2018-05-27,2018147,042711
/home/ec2-user/ndvi_sqs_work/gansu/raw/HLS-VI.S30.T47TKE.2018147T042711.v2.0.NDVI.tif,HLS-VI.S30.T47TKE.2018147T042711.v2.0.NDVI.tif,S30,T47TKE,2018-05-27,2018147,042711
/home/ec2-user/ndvi_sqs_work/gansu/raw/HLS-VI.S30.T47TKF.2018147T042711.v2.0.NDVI.tif,HLS-VI.S30.T47TKF.2018147T042711.v2.0.NDVI.tif,S30,T47TKF,2018-05-27,2018147,042711
/home/ec2-user/ndvi_sqs_work/gansu/raw/HLS-VI.S30.T47TKG.2018147T042711.v2.0.NDVI.tif,HLS-VI.S30.T47TKG.2018147T042711.v2.0.NDVI.tif,S30,T47TKG,2018-05-27,2018147,042711
/home/ec2-user/ndvi_sqs_work/gansu/raw/HLS-VI.S30.T47TLE.2018147T042711.v2.0.NDVI.tif,HLS-VI.S30.T47TLE.2018147T042711.v2.0.NDVI.tif,S30,T47TLE,2018-05-27,2018147,042711
/home/ec2-user/ndvi_sqs_work/gansu/raw/HLS-VI.S30.T47TLF.2018147T042711.v2.0.NDVI.tif,HLS-VI.S30.T47TLF.2018147T042711.v2.0.NDVI.tif,S30,T47TLF,2018-05-27,2018147,042711
/home/ec2-user/ndvi_sqs_work/gansu/raw/HLS-VI.S30.T47TLG.2018147T042711.v2.0.NDVI.tif,HLS-VI.S30.T47TLG.2018147T042711.v2.0.NDVI.tif,S30,T47TLG,2018-05-27,2018147,042711
/home/ec2-user/ndvi_sqs_work/gansu/raw/HLS-VI.S30.T47TLH.2018147T042711.v2.0.NDVI.tif,HLS-VI.S30.T47TLH.2018147T042711.v2.0.NDVI.tif,S30,T47TLH,2018-05-27,2018147,042711
/home/ec2-user/ndvi_sqs_work/gansu/raw/HLS-VI.S30.T47SPD.2018148T035711.v2.0.NDVI.tif,HLS-VI.S30.T47SPD.2018148T035711.v2.0.NDVI.tif,S30,T47SPD,2018-05-28,2018148,035711
/home/ec2-user/ndvi_sqs_work/gansu/raw/HLS-VI.S30.T47SQC.2018148T035711.v2.0.NDVI.tif,HLS-VI.S30.T47SQC.2018148T035711.v2.0.NDVI.tif,S30,T47SQC,2018-05-28,2018148,035711
/home/ec2-user/ndvi_sqs_work/gansu/raw/HLS-VI.S30.T47SQD.2018148T035711.v2.0.NDVI.tif,HLS-VI.S30.T47SQD.2018148T035711.v2.0.NDVI.tif,S30,T47SQD,2018-05-28,2018148,035711
/home/ec2-user/ndvi_sqs_work/gansu/raw/HLS-VI.S30.T48STH.2018148T035711.v2.0.NDVI.tif,HLS-VI.S30.T48STH.2018148T035711.v2.0.NDVI.tif,S30,T48STH,2018-05-28,2018148,035711
/home/ec2-user/ndvi_sqs_work/gansu/raw/HLS-VI.S30.T48STJ.2018148T035711.v2.0.NDVI.tif,HLS-VI.S30.T48STJ.2018148T035711.v2.0.NDVI.tif,S30,T48STJ,2018-05-28,2018148,035711
/home/ec2-user/ndvi_sqs_work/gansu/raw/HLS-VI.S30.T48SUJ.2018148T035711.v2.0.NDVI.tif,HLS-VI.S30.T48SUJ.2018148T035711.v2.0.NDVI.tif,S30,T48SUJ,2018-05-28,2018148,035711
/home/ec2-user/ndvi_sqs_work/gansu/raw/HLS-VI.S30.T48SVJ.2018148T035711.v2.0.NDVI.tif,HLS-VI.S30.T48SVJ.2018148T035711.v2.0.NDVI.tif,S30,T48SVJ,2018-05-28,2018148,035711
/home/ec2-user/ndvi_sqs_work/gansu/raw/HLS-VI.S30.T46TGL.2018149T041549.v2.0.NDVI.tif,HLS-VI.S30.T46TGL.2018149T041549.v2.0.NDVI.tif,S30,T46TGL,2018-05-29,2018149,041549
/home/ec2-user/ndvi_sqs_work/gansu/raw/HLS-VI.S30.T47TKF.2018149T041549.v2.0.NDVI.tif,HLS-VI.S30.T47TKF.2018149T041549.v2.0.NDVI.tif,S30,T47TKF,2018-05-29,2018149,041549
/home/ec2-user/ndvi_sqs_work/gansu/raw/HLS-VI.S30.T47TNE.2018149T041549.v2.0.NDVI.tif,HLS-VI.S30.T47TNE.2018149T041549.v2.0.NDVI.tif,S30,T47TNE,2018-05-29,2018149,041549
/home/ec2-user/ndvi_sqs_work/gansu/raw/HLS-VI.S30.T49SBA.2018149T032541.v2.0.NDVI.tif,HLS-VI.S30.T49SBA.2018149T032541.v2.0.NDVI.tif,S30,T49SBA,2018-05-29,2018149,032541
/home/ec2-user/ndvi_sqs_work/gansu/raw/HLS-VI.S30.T49SCA.2018149T032541.v2.0.NDVI.tif,HLS-VI.S30.T49SCA.2018149T032541.v2.0.NDVI.tif,S30,T49SCA,2018-05-29,2018149,032541
/home/ec2-user/ndvi_sqs_work/gansu/raw/HLS-VI.S30.T48SUE.2018150T034529.v2.0.NDVI.tif,HLS-VI.S30.T48SUE.2018150T034529.v2.0.NDVI.tif,S30,T48SUE,2018-05-30,2018150,034529
/home/ec2-user/ndvi_sqs_work/gansu/raw/HLS-VI.S30.T48SUH.2018150T034529.v2.0.NDVI.tif,HLS-VI.S30.T48SUH.2018150T034529.v2.0.NDVI.tif,S30,T48SUH,2018-05-30,2018150,034529
/home/ec2-user/ndvi_sqs_work/gansu/raw/HLS-VI.S30.T48SVH.2018150T034529.v2.0.NDVI.tif,HLS-VI.S30.T48SVH.2018150T034529.v2.0.NDVI.tif,S30,T48SVH,2018-05-30,2018150,034529
/home/ec2-user/ndvi_sqs_work/gansu/raw/HLS-VI.S30.T48SWG.2018150T034529.v2.0.NDVI.tif,HLS-VI.S30.T48SWG.2018150T034529.v2.0.NDVI.tif,S30,T48SWG,2018-05-30,2018150,034529
/home/ec2-user/ndvi_sqs_work/gansu/raw/HLS-VI.S30.T46TFM.2018152T042659.v2.0.NDVI.tif,HLS-VI.S30.T46TFM.2018152T042659.v2.0.NDVI.tif,S30,T46TFM,2018-06-01,2018152,042659
/home/ec2-user/ndvi_sqs_work/gansu/raw/HLS-VI.S30.T46TGM.2018152T042659.v2.0.NDVI.tif,HLS-VI.S30.T46TGM.2018152T042659.v2.0.NDVI.tif,S30,T46TGM,2018-06-01,2018152,042659
/home/ec2-user/ndvi_sqs_work/gansu/raw/HLS-VI.S30.T46TGN.2018152T042659.v2.0.NDVI.tif,HLS-VI.S30.T46TGN.2018152T042659.v2.0.NDVI.tif,S30,T46TGN,2018-06-01,2018152,042659
/home/ec2-user/ndvi_sqs_work/gansu/raw/HLS-VI.S30.T47SLC.2018152T042659.v2.0.NDVI.tif,HLS-VI.S30.T47SLC.2018152T042659.v2.0.NDVI.tif,S30,T47SLC,2018-06-01,2018152,042659
/home/ec2-user/ndvi_sqs_work/gansu/raw/HLS-VI.S30.T47TKG.2018152T042659.v2.0.NDVI.tif,HLS-VI.S30.T47TKG.2018152T042659.v2.0.NDVI.tif,S30,T47TKG,2018-06-01,2018152,042659
/home/ec2-user/ndvi_sqs_work/gansu/raw/HLS-VI.S30.T47TLG.2018152T042659.v2.0.NDVI.tif,HLS-VI.S30.T47TLG.2018152T042659.v2.0.NDVI.tif,S30,T47TLG,2018-06-01,2018152,042659
/home/ec2-user/ndvi_sqs_work/gansu/raw/HLS-VI.S30.T47TLH.2018152T042659.v2.0.NDVI.tif,HLS-VI.S30.T47TLH.2018152T042659.v2.0.NDVI.tif,S30,T47TLH,2018-06-01,2018152,042659
/home/ec2-user/ndvi_sqs_work/gansu/raw/HLS-VI.S30.T48SVG.2018153T035709.v2.0.NDVI.tif,HLS-VI.S30.T48SVG.2018153T035709.v2.0.NDVI.tif,S30,T48SVG,2018-06-02,2018153,035709
/home/ec2-user/ndvi_sqs_work/gansu/raw/HLS-VI.S30.T47SND.2018154T041701.v2.0.NDVI.tif,HLS-VI.S30.T47SND.2018154T041701.v2.0.NDVI.tif,S30,T47SND,2018-06-03,2018154,041701
/home/ec2-user/ndvi_sqs_work/gansu/raw/HLS-VI.S30.T47TLF.2018154T041701.v2.0.NDVI.tif,HLS-VI.S30.T47TLF.2018154T041701.v2.0.NDVI.tif,S30,T47TLF,2018-06-03,2018154,041701
/home/ec2-user/ndvi_sqs_work/gansu/raw/HLS-VI.S30.T47TLG.2018154T041701.v2.0.NDVI.tif,HLS-VI.S30.T47TLG.2018154T041701.v2.0.NDVI.tif,S30,T47TLG,2018-06-03,2018154,041701
/home/ec2-user/ndvi_sqs_work/gansu/raw/HLS-VI.S30.T47TLH.2018154T041701.v2.0.NDVI.tif,HLS-VI.S30.T47TLH.2018154T041701.v2.0.NDVI.tif,S30,T47TLH,2018-06-03,2018154,041701
/home/ec2-user/ndvi_sqs_work/gansu/raw/HLS-VI.S30.T47TME.2018154T041701.v2.0.NDVI.tif,HLS-VI.S30.T47TME.2018154T041701.v2.0.NDVI.tif,S30,T47TME,2018-06-03,2018154,041701
/home/ec2-user/ndvi_sqs_work/gansu/raw/HLS-VI.S30.T47TNE.2018154T041701.v2.0.NDVI.tif,HLS-VI.S30.T47TNE.2018154T041701.v2.0.NDVI.tif,S30,T47TNE,2018-06-03,2018154,041701
/home/ec2-user/ndvi_sqs_work/gansu/raw/HLS-VI.S30.T47TNF.2018154T041701.v2.0.NDVI.tif,HLS-VI.S30.T47TNF.2018154T041701.v2.0.NDVI.tif,S30,T47TNF,2018-06-03,2018154,041701
/home/ec2-user/ndvi_sqs_work/gansu/raw/HLS-VI.S30.T48SUE.2018155T034541.v2.0.NDVI.tif,HLS-VI.S30.T48SUE.2018155T034541.v2.0.NDVI.tif,S30,T48SUE,2018-06-04,2018155,034541
/home/ec2-user/ndvi_sqs_work/gansu/raw/HLS-VI.S30.T48SUH.2018155T034541.v2.0.NDVI.tif,HLS-VI.S30.T48SUH.2018155T034541.v2.0.NDVI.tif,S30,T48SUH,2018-06-04,2018155,034541
/home/ec2-user/ndvi_sqs_work/gansu/raw/HLS-VI.S30.T48SUJ.2018155T034541.v2.0.NDVI.tif,HLS-VI.S30.T48SUJ.2018155T034541.v2.0.NDVI.tif,S30,T48SUJ,2018-06-04,2018155,034541
/home/ec2-user/ndvi_sqs_work/gansu/raw/HLS-VI.S30.T48SVD.2018155T034541.v2.0.NDVI.tif,HLS-VI.S30.T48SVD.2018155T034541.v2.0.NDVI.tif,S30,T48SVD,2018-06-04,2018155,034541
/home/ec2-user/ndvi_sqs_work/gansu/raw/HLS-VI.S30.T48SVE.2018155T034541.v2.0.NDVI.tif,HLS-VI.S30.T48SVE.2018155T034541.v2.0.NDVI.tif,S30,T48SVE,2018-06-04,2018155,034541
/home/ec2-user/ndvi_sqs_work/gansu/raw/HLS-VI.S30.T48SVF.2018155T034541.v2.0.NDVI.tif,HLS-VI.S30.T48SVF.2018155T034541.v2.0.NDVI.tif,S30,T48SVF,2018-06-04,2018155,034541
/home/ec2-user/ndvi_sqs_work/gansu/raw/HLS-VI.S30.T48SVG.2018155T034541.v2.0.NDVI.tif,HLS-VI.S30.T48SVG.2018155T034541.v2.0.NDVI.tif,S30,T48SVG,2018-06-04,2018155,034541
/home/ec2-user/ndvi_sqs_work/gansu/raw/HLS-VI.S30.T48SVH.2018155T034541.v2.0.NDVI.tif,HLS-VI.S30.T48SVH.2018155T034541.v2.0.NDVI.tif,S30,T48SVH,2018-06-04,2018155,034541
/home/ec2-user/ndvi_sqs_work/gansu/raw/HLS-VI.S30.T48SVJ.2018155T034541.v2.0.NDVI.tif,HLS-VI.S30.T48SVJ.2018155T034541.v2.0.NDVI.tif,S30,T48SVJ,2018-06-04,2018155,034541
/home/ec2-user/ndvi_sqs_work/gansu/raw/HLS-VI.S30.T48SWD.2018155T034541.v2.0.NDVI.tif,HLS-VI.S30.T48SWD.2018155T034541.v2.0.NDVI.tif,S30,T48SWD,2018-06-04,2018155,034541
/home/ec2-user/ndvi_sqs_work/gansu/raw/HLS-VI.S30.T48SWE.2018155T034541.v2.0.NDVI.tif,HLS-VI.S30.T48SWE.2018155T034541.v2.0.NDVI.tif,S30,T48SWE,2018-06-04,2018155,034541
/home/ec2-user/ndvi_sqs_work/gansu/raw/HLS-VI.S30.T48SWF.2018155T034541.v2.0.NDVI.tif,HLS-VI.S30.T48SWF.2018155T034541.v2.0.NDVI.tif,S30,T48SWF,2018-06-04,2018155,034541
/home/ec2-user/ndvi_sqs_work/gansu/raw/HLS-VI.S30.T48SWG.2018155T034541.v2.0.NDVI.tif,HLS-VI.S30.T48SWG.2018155T034541.v2.0.NDVI.tif,S30,T48SWG,2018-06-04,2018155,034541
/home/ec2-user/ndvi_sqs_work/gansu/raw/HLS-VI.S30.T47SNC.2018156T040659.v2.0.NDVI.tif,HLS-VI.S30.T47SNC.2018156T040659.v2.0.NDVI.tif,S30,T47SNC,2018-06-05,2018156,040659
/home/ec2-user/ndvi_sqs_work/gansu/raw/HLS-VI.S30.T47SQC.2018156T040659.v2.0.NDVI.tif,HLS-VI.S30.T47SQC.2018156T040659.v2.0.NDVI.tif,S30,T47SQC,2018-06-05,2018156,040659
/home/ec2-user/ndvi_sqs_work/gansu/raw/HLS-VI.S30.T47SQD.2018156T040659.v2.0.NDVI.tif,HLS-VI.S30.T47SQD.2018156T040659.v2.0.NDVI.tif,S30,T47SQD,2018-06-05,2018156,040659
/home/ec2-user/ndvi_sqs_work/gansu/raw/HLS-VI.S30.T47TME.2018156T040659.v2.0.NDVI.tif,HLS-VI.S30.T47TME.2018156T040659.v2.0.NDVI.tif,S30,T47TME,2018-06-05,2018156,040659
/home/ec2-user/ndvi_sqs_work/gansu/raw/HLS-VI.S30.T48STH.2018156T040659.v2.0.NDVI.tif,HLS-VI.S30.T48STH.2018156T040659.v2.0.NDVI.tif,S30,T48STH,2018-06-05,2018156,040659
/home/ec2-user/ndvi_sqs_work/gansu/raw/HLS-VI.S30.T48STJ.2018156T040659.v2.0.NDVI.tif,HLS-VI.S30.T48STJ.2018156T040659.v2.0.NDVI.tif,S30,T48STJ,2018-06-05,2018156,040659
/home/ec2-user/ndvi_sqs_work/gansu/raw/HLS-VI.S30.T48SVB.2018157T033629.v2.0.NDVI.tif,HLS-VI.S30.T48SVB.2018157T033629.v2.0.NDVI.tif,S30,T48SVB,2018-06-06,2018157,033629
/home/ec2-user/ndvi_sqs_work/gansu/raw/HLS-VI.S30.T48SXC.2018157T033629.v2.0.NDVI.tif,HLS-VI.S30.T48SXC.2018157T033629.v2.0.NDVI.tif,S30,T48SXC,2018-06-06,2018157,033629
/home/ec2-user/ndvi_sqs_work/gansu/raw/HLS-VI.S30.T48SXD.2018157T033629.v2.0.NDVI.tif,HLS-VI.S30.T48SXD.2018157T033629.v2.0.NDVI.tif,S30,T48SXD,2018-06-06,2018157,033629
/home/ec2-user/ndvi_sqs_work/gansu/raw/HLS-VI.S30.T48SYD.2018157T033629.v2.0.NDVI.tif,HLS-VI.S30.T48SYD.2018157T033629.v2.0.NDVI.tif,S30,T48SYD,2018-06-06,2018157,033629
/home/ec2-user/ndvi_sqs_work/gansu/raw/HLS-VI.S30.T49SBU.2018157T033629.v2.0.NDVI.tif,HLS-VI.S30.T49SBU.2018157T033629.v2.0.NDVI.tif,S30,T49SBU,2018-06-06,2018157,033629
/home/ec2-user/ndvi_sqs_work/gansu/raw/HLS-VI.S30.T47TLG.2018159T041659.v2.0.NDVI.tif,HLS-VI.S30.T47TLG.2018159T041659.v2.0.NDVI.tif,S30,T47TLG,2018-06-08,2018159,041659
/home/ec2-user/ndvi_sqs_work/gansu/raw/HLS-VI.S30.T47TMF.2018159T041659.v2.0.NDVI.tif,HLS-VI.S30.T47TMF.2018159T041659.v2.0.NDVI.tif,S30,T47TMF,2018-06-08,2018159,041659
/home/ec2-user/ndvi_sqs_work/gansu/raw/HLS-VI.S30.T47TNE.2018159T041659.v2.0.NDVI.tif,HLS-VI.S30.T47TNE.2018159T041659.v2.0.NDVI.tif,S30,T47TNE,2018-06-08,2018159,041659
/home/ec2-user/ndvi_sqs_work/gansu/raw/HLS-VI.S30.T47TNF.2018159T041659.v2.0.NDVI.tif,HLS-VI.S30.T47TNF.2018159T041659.v2.0.NDVI.tif,S30,T47TNF,2018-06-08,2018159,041659
/home/ec2-user/ndvi_sqs_work/gansu/raw/HLS-VI.S30.T48SUJ.2018160T034529.v2.0.NDVI.tif,HLS-VI.S30.T48SUJ.2018160T034529.v2.0.NDVI.tif,S30,T48SUJ,2018-06-09,2018160,034529
/home/ec2-user/ndvi_sqs_work/gansu/raw/HLS-VI.S30.T48SVH.2018160T034529.v2.0.NDVI.tif,HLS-VI.S30.T48SVH.2018160T034529.v2.0.NDVI.tif,S30,T48SVH,2018-06-09,2018160,034529
/home/ec2-user/ndvi_sqs_work/gansu/raw/HLS-VI.S30.T48SVJ.2018160T034529.v2.0.NDVI.tif,HLS-VI.S30.T48SVJ.2018160T034529.v2.0.NDVI.tif,S30,T48SVJ,2018-06-09,2018160,034529
/home/ec2-user/ndvi_sqs_work/gansu/raw/HLS-VI.S30.T46TEL.2018162T042659.v2.0.NDVI.tif,HLS-VI.S30.T46TEL.2018162T042659.v2.0.NDVI.tif,S30,T46TEL,2018-06-11,2018162,042659
/home/ec2-user/ndvi_sqs_work/gansu/raw/HLS-VI.S30.T46TFL.2018162T042659.v2.0.NDVI.tif,HLS-VI.S30.T46TFL.2018162T042659.v2.0.NDVI.tif,S30,T46TFL,2018-06-11,2018162,042659
/home/ec2-user/ndvi_sqs_work/gansu/raw/HLS-VI.S30.T46TGN.2018162T042659.v2.0.NDVI.tif,HLS-VI.S30.T46TGN.2018162T042659.v2.0.NDVI.tif,S30,T46TGN,2018-06-11,2018162,042659
/home/ec2-user/ndvi_sqs_work/gansu/raw/HLS-VI.S30.T47SLC.2018162T042659.v2.0.NDVI.tif,HLS-VI.S30.T47SLC.2018162T042659.v2.0.NDVI.tif,S30,T47SLC,2018-06-11,2018162,042659
/home/ec2-user/ndvi_sqs_work/gansu/raw/HLS-VI.S30.T47SLD.2018162T042659.v2.0.NDVI.tif,HLS-VI.S30.T47SLD.2018162T042659.v2.0.NDVI.tif,S30,T47SLD,2018-06-11,2018162,042659
/home/ec2-user/ndvi_sqs_work/gansu/raw/HLS-VI.S30.T47TLE.2018162T042659.v2.0.NDVI.tif,HLS-VI.S30.T47TLE.2018162T042659.v2.0.NDVI.tif,S30,T47TLE,2018-06-11,2018162,042659
/home/ec2-user/ndvi_sqs_work/gansu/raw/HLS-VI.S30.T47TLG.2018162T042659.v2.0.NDVI.tif,HLS-VI.S30.T47TLG.2018162T042659.v2.0.NDVI.tif,S30,T47TLG,2018-06-11,2018162,042659
/home/ec2-user/ndvi_sqs_work/gansu/raw/HLS-VI.S30.T47TLH.2018162T042659.v2.0.NDVI.tif,HLS-VI.S30.T47TLH.2018162T042659.v2.0.NDVI.tif,S30,T47TLH,2018-06-11,2018162,042659
/home/ec2-user/ndvi_sqs_work/gansu/raw/HLS-VI.S30.T48SVE.2018162T033531.v2.0.NDVI.tif,HLS-VI.S30.T48SVE.2018162T033531.v2.0.NDVI.tif,S30,T48SVE,2018-06-11,2018162,033531
/home/ec2-user/ndvi_sqs_work/gansu/raw/HLS-VI.S30.T48SWE.2018162T033531.v2.0.NDVI.tif,HLS-VI.S30.T48SWE.2018162T033531.v2.0.NDVI.tif,S30,T48SWE,2018-06-11,2018162,033531
/home/ec2-user/ndvi_sqs_work/gansu/raw/HLS-VI.S30.T48SWF.2018162T033531.v2.0.NDVI.tif,HLS-VI.S30.T48SWF.2018162T033531.v2.0.NDVI.tif,S30,T48SWF,2018-06-11,2018162,033531
/home/ec2-user/ndvi_sqs_work/gansu/raw/HLS-VI.S30.T48SXD.2018162T033531.v2.0.NDVI.tif,HLS-VI.S30.T48SXD.2018162T033531.v2.0.NDVI.tif,S30,T48SXD,2018-06-11,2018162,033531
/home/ec2-user/ndvi_sqs_work/gansu/raw/HLS-VI.S30.T48SXE.2018162T033531.v2.0.NDVI.tif,HLS-VI.S30.T48SXE.2018162T033531.v2.0.NDVI.tif,S30,T48SXE,2018-06-11,2018162,033531
/home/ec2-user/ndvi_sqs_work/gansu/raw/HLS-VI.S30.T48SXF.2018162T033531.v2.0.NDVI.tif,HLS-VI.S30.T48SXF.2018162T033531.v2.0.NDVI.tif,S30,T48SXF,2018-06-11,2018162,033531
/home/ec2-user/ndvi_sqs_work/gansu/raw/HLS-VI.S30.T48SXG.2018162T033531.v2.0.NDVI.tif,HLS-VI.S30.T48SXG.2018162T033531.v2.0.NDVI.tif,S30,T48SXG,2018-06-11,2018162,033531
/home/ec2-user/ndvi_sqs_work/gansu/raw/HLS-VI.S30.T48SYD.2018162T033531.v2.0.NDVI.tif,HLS-VI.S30.T48SYD.2018162T033531.v2.0.NDVI.tif,S30,T48SYD,2018-06-11,2018162,033531
/home/ec2-user/ndvi_sqs_work/gansu/raw/HLS-VI.S30.T48SYE.2018162T033531.v2.0.NDVI.tif,HLS-VI.S30.T48SYE.2018162T033531.v2.0.NDVI.tif,S30,T48SYE,2018-06-11,2018162,033531
/home/ec2-user/ndvi_sqs_work/gansu/raw/HLS-VI.S30.T48SYF.2018162T033531.v2.0.NDVI.tif,HLS-VI.S30.T48SYF.2018162T033531.v2.0.NDVI.tif,S30,T48SYF,2018-06-11,2018162,033531
/home/ec2-user/ndvi_sqs_work/gansu/raw/HLS-VI.S30.T49SBA.2018162T033531.v2.0.NDVI.tif,HLS-VI.S30.T49SBA.2018162T033531.v2.0.NDVI.tif,S30,T49SBA,2018-06-11,2018162,033531
/home/ec2-user/ndvi_sqs_work/gansu/raw/HLS-VI.S30.T49SBB.2018162T033531.v2.0.NDVI.tif,HLS-VI.S30.T49SBB.2018162T033531.v2.0.NDVI.tif,S30,T49SBB,2018-06-11,2018162,033531
/home/ec2-user/ndvi_sqs_work/gansu/raw/HLS-VI.S30.T49SBU.2018162T033531.v2.0.NDVI.tif,HLS-VI.S30.T49SBU.2018162T033531.v2.0.NDVI.tif,S30,T49SBU,2018-06-11,2018162,033531
/home/ec2-user/ndvi_sqs_work/gansu/raw/HLS-VI.S30.T49SBV.2018162T033531.v2.0.NDVI.tif,HLS-VI.S30.T49SBV.2018162T033531.v2.0.NDVI.tif,S30,T49SBV,2018-06-11,2018162,033531
/home/ec2-user/ndvi_sqs_work/gansu/raw/HLS-VI.S30.T47SPD.2018163T035539.v2.0.NDVI.tif,HLS-VI.S30.T47SPD.2018163T035539.v2.0.NDVI.tif,S30,T47SPD,2018-06-12,2018163,035539
/home/ec2-user/ndvi_sqs_work/gansu/raw/HLS-VI.S30.T47SQD.2018163T035539.v2.0.NDVI.tif,HLS-VI.S30.T47SQD.2018163T035539.v2.0.NDVI.tif,S30,T47SQD,2018-06-12,2018163,035539
/home/ec2-user/ndvi_sqs_work/gansu/raw/HLS-VI.S30.T48STF.2018163T035539.v2.0.NDVI.tif,HLS-VI.S30.T48STF.2018163T035539.v2.0.NDVI.tif,S30,T48STF,2018-06-12,2018163,035539
/home/ec2-user/ndvi_sqs_work/gansu/raw/HLS-VI.S30.T48STH.2018163T035539.v2.0.NDVI.tif,HLS-VI.S30.T48STH.2018163T035539.v2.0.NDVI.tif,S30,T48STH,2018-06-12,2018163,035539
/home/ec2-user/ndvi_sqs_work/gansu/raw/HLS-VI.S30.T48STJ.2018163T035539.v2.0.NDVI.tif,HLS-VI.S30.T48STJ.2018163T035539.v2.0.NDVI.tif,S30,T48STJ,2018-06-12,2018163,035539
/home/ec2-user/ndvi_sqs_work/gansu/raw/HLS-VI.S30.T48SUF.2018163T035539.v2.0.NDVI.tif,HLS-VI.S30.T48SUF.2018163T035539.v2.0.NDVI.tif,S30,T48SUF,2018-06-12,2018163,035539
/home/ec2-user/ndvi_sqs_work/gansu/raw/HLS-VI.S30.T48SUH.2018163T035539.v2.0.NDVI.tif,HLS-VI.S30.T48SUH.2018163T035539.v2.0.NDVI.tif,S30,T48SUH,2018-06-12,2018163,035539
/home/ec2-user/ndvi_sqs_work/gansu/raw/HLS-VI.S30.T48SUJ.2018163T035539.v2.0.NDVI.tif,HLS-VI.S30.T48SUJ.2018163T035539.v2.0.NDVI.tif,S30,T48SUJ,2018-06-12,2018163,035539
/home/ec2-user/ndvi_sqs_work/gansu/raw/HLS-VI.S30.T48SVG.2018163T035539.v2.0.NDVI.tif,HLS-VI.S30.T48SVG.2018163T035539.v2.0.NDVI.tif,S30,T48SVG,2018-06-12,2018163,035539
/home/ec2-user/ndvi_sqs_work/gansu/raw/HLS-VI.S30.T48SVH.2018163T035539.v2.0.NDVI.tif,HLS-VI.S30.T48SVH.2018163T035539.v2.0.NDVI.tif,S30,T48SVH,2018-06-12,2018163,035539
/home/ec2-user/ndvi_sqs_work/gansu/raw/HLS-VI.S30.T48SVJ.2018163T035539.v2.0.NDVI.tif,HLS-VI.S30.T48SVJ.2018163T035539.v2.0.NDVI.tif,S30,T48SVJ,2018-06-12,2018163,035539
/home/ec2-user/ndvi_sqs_work/gansu/raw/HLS-VI.S30.T47TLH.2018164T041551.v2.0.NDVI.tif,HLS-VI.S30.T47TLH.2018164T041551.v2.0.NDVI.tif,S30,T47TLH,2018-06-13,2018164,041551
/home/ec2-user/ndvi_sqs_work/gansu/raw/HLS-VI.S30.T48SYE.2018164T032539.v2.0.NDVI.tif,HLS-VI.S30.T48SYE.2018164T032539.v2.0.NDVI.tif,S30,T48SYE,2018-06-13,2018164,032539
/home/ec2-user/ndvi_sqs_work/gansu/raw/HLS-VI.S30.T48SYF.2018164T032539.v2.0.NDVI.tif,HLS-VI.S30.T48SYF.2018164T032539.v2.0.NDVI.tif,S30,T48SYF,2018-06-13,2018164,032539
/home/ec2-user/ndvi_sqs_work/gansu/raw/HLS-VI.S30.T49SBA.2018164T032539.v2.0.NDVI.tif,HLS-VI.S30.T49SBA.2018164T032539.v2.0.NDVI.tif,S30,T49SBA,2018-06-13,2018164,032539
/home/ec2-user/ndvi_sqs_work/gansu/raw/HLS-VI.S30.T49SBV.2018164T032539.v2.0.NDVI.tif,HLS-VI.S30.T49SBV.2018164T032539.v2.0.NDVI.tif,S30,T49SBV,2018-06-13,2018164,032539
/home/ec2-user/ndvi_sqs_work/gansu/raw/HLS-VI.S30.T49SCA.2018164T032539.v2.0.NDVI.tif,HLS-VI.S30.T49SCA.2018164T032539.v2.0.NDVI.tif,S30,T49SCA,2018-06-13,2018164,032539
/home/ec2-user/ndvi_sqs_work/gansu/raw/HLS-VI.S30.T48SUH.2018165T034531.v2.0.NDVI.tif,HLS-VI.S30.T48SUH.2018165T034531.v2.0.NDVI.tif,S30,T48SUH,2018-06-14,2018165,034531
/home/ec2-user/ndvi_sqs_work/gansu/raw/HLS-VI.S30.T48SUJ.2018165T034531.v2.0.NDVI.tif,HLS-VI.S30.T48SUJ.2018165T034531.v2.0.NDVI.tif,S30,T48SUJ,2018-06-14,2018165,034531
/home/ec2-user/ndvi_sqs_work/gansu/raw/HLS-VI.S30.T48SVH.2018165T034531.v2.0.NDVI.tif,HLS-VI.S30.T48SVH.2018165T034531.v2.0.NDVI.tif,S30,T48SVH,2018-06-14,2018165,034531
/home/ec2-user/ndvi_sqs_work/gansu/raw/HLS-VI.S30.T48SVJ.2018165T034531.v2.0.NDVI.tif,HLS-VI.S30.T48SVJ.2018165T034531.v2.0.NDVI.tif,S30,T48SVJ,2018-06-14,2018165,034531
/home/ec2-user/ndvi_sqs_work/gansu/raw/HLS-VI.S30.T48SWG.2018165T034531.v2.0.NDVI.tif,HLS-VI.S30.T48SWG.2018165T034531.v2.0.NDVI.tif,S30,T48SWG,2018-06-14,2018165,034531
/home/ec2-user/ndvi_sqs_work/gansu/raw/HLS-VI.S30.T46TEK.2018167T042701.v2.0.NDVI.tif,HLS-VI.S30.T46TEK.2018167T042701.v2.0.NDVI.tif,S30,T46TEK,2018-06-16,2018167,042701
/home/ec2-user/ndvi_sqs_work/gansu/raw/HLS-VI.S30.T46TFK.2018167T042701.v2.0.NDVI.tif,HLS-VI.S30.T46TFK.2018167T042701.v2.0.NDVI.tif,S30,T46TFK,2018-06-16,2018167,042701
/home/ec2-user/ndvi_sqs_work/gansu/raw/HLS-VI.S30.T46TGK.2018167T042701.v2.0.NDVI.tif,HLS-VI.S30.T46TGK.2018167T042701.v2.0.NDVI.tif,S30,T46TGK,2018-06-16,2018167,042701
/home/ec2-user/ndvi_sqs_work/gansu/raw/HLS-VI.S30.T46TGL.2018167T042701.v2.0.NDVI.tif,HLS-VI.S30.T46TGL.2018167T042701.v2.0.NDVI.tif,S30,T46TGL,2018-06-16,2018167,042701
/home/ec2-user/ndvi_sqs_work/gansu/raw/HLS-VI.S30.T46TGM.2018167T042701.v2.0.NDVI.tif,HLS-VI.S30.T46TGM.2018167T042701.v2.0.NDVI.tif,S30,T46TGM,2018-06-16,2018167,042701
/home/ec2-user/ndvi_sqs_work/gansu/raw/HLS-VI.S30.T46TGN.2018167T042701.v2.0.NDVI.tif,HLS-VI.S30.T46TGN.2018167T042701.v2.0.NDVI.tif,S30,T46TGN,2018-06-16,2018167,042701
/home/ec2-user/ndvi_sqs_work/gansu/raw/HLS-VI.S30.T47TKE.2018167T042701.v2.0.NDVI.tif,HLS-VI.S30.T47TKE.2018167T042701.v2.0.NDVI.tif,S30,T47TKE,2018-06-16,2018167,042701
/home/ec2-user/ndvi_sqs_work/gansu/raw/HLS-VI.S30.T47TKF.2018167T042701.v2.0.NDVI.tif,HLS-VI.S30.T47TKF.2018167T042701.v2.0.NDVI.tif,S30,T47TKF,2018-06-16,2018167,042701
/home/ec2-user/ndvi_sqs_work/gansu/raw/HLS-VI.S30.T47TKG.2018167T042701.v2.0.NDVI.tif,HLS-VI.S30.T47TKG.2018167T042701.v2.0.NDVI.tif,S30,T47TKG,2018-06-16,2018167,042701
/home/ec2-user/ndvi_sqs_work/gansu/raw/HLS-VI.S30.T47TLE.2018167T042701.v2.0.NDVI.tif,HLS-VI.S30.T47TLE.2018167T042701.v2.0.NDVI.tif,S30,T47TLE,2018-06-16,2018167,042701
/home/ec2-user/ndvi_sqs_work/gansu/raw/HLS-VI.S30.T47TLF.2018167T042701.v2.0.NDVI.tif,HLS-VI.S30.T47TLF.2018167T042701.v2.0.NDVI.tif,S30,T47TLF,2018-06-16,2018167,042701
/home/ec2-user/ndvi_sqs_work/gansu/raw/HLS-VI.S30.T47TLG.2018167T042701.v2.0.NDVI.tif,HLS-VI.S30.T47TLG.2018167T042701.v2.0.NDVI.tif,S30,T47TLG,2018-06-16,2018167,042701
/home/ec2-user/ndvi_sqs_work/gansu/raw/HLS-VI.S30.T47TLH.2018167T042701.v2.0.NDVI.tif,HLS-VI.S30.T47TLH.2018167T042701.v2.0.NDVI.tif,S30,T47TLH,2018-06-16,2018167,042701
/home/ec2-user/ndvi_sqs_work/gansu/raw/HLS-VI.S30.T47SPD.2018168T035541.v2.0.NDVI.tif,HLS-VI.S30.T47SPD.2018168T035541.v2.0.NDVI.tif,S30,T47SPD,2018-06-17,2018168,035541
/home/ec2-user/ndvi_sqs_work/gansu/raw/HLS-VI.S30.T48STJ.2018168T035541.v2.0.NDVI.tif,HLS-VI.S30.T48STJ.2018168T035541.v2.0.NDVI.tif,S30,T48STJ,2018-06-17,2018168,035541
/home/ec2-user/ndvi_sqs_work/gansu/raw/HLS-VI.S30.T48SUJ.2018168T035541.v2.0.NDVI.tif,HLS-VI.S30.T48SUJ.2018168T035541.v2.0.NDVI.tif,S30,T48SUJ,2018-06-17,2018168,035541
/home/ec2-user/ndvi_sqs_work/gansu/raw/HLS-VI.S30.T48SVG.2018168T035541.v2.0.NDVI.tif,HLS-VI.S30.T48SVG.2018168T035541.v2.0.NDVI.tif,S30,T48SVG,2018-06-17,2018168,035541
/home/ec2-user/ndvi_sqs_work/gansu/raw/HLS-VI.S30.T48SVJ.2018168T035541.v2.0.NDVI.tif,HLS-VI.S30.T48SVJ.2018168T035541.v2.0.NDVI.tif,S30,T48SVJ,2018-06-17,2018168,035541
/home/ec2-user/ndvi_sqs_work/gansu/raw/HLS-VI.S30.T47TME.2018171T040541.v2.0.NDVI.tif,HLS-VI.S30.T47TME.2018171T040541.v2.0.NDVI.tif,S30,T47TME,2018-06-20,2018171,040541
/home/ec2-user/ndvi_sqs_work/gansu/raw/HLS-VI.S30.T47TMF.2018171T040541.v2.0.NDVI.tif,HLS-VI.S30.T47TMF.2018171T040541.v2.0.NDVI.tif,S30,T47TMF,2018-06-20,2018171,040541
/home/ec2-user/ndvi_sqs_work/gansu/raw/HLS-VI.S30.T47TNE.2018171T040541.v2.0.NDVI.tif,HLS-VI.S30.T47TNE.2018171T040541.v2.0.NDVI.tif,S30,T47TNE,2018-06-20,2018171,040541
/home/ec2-user/ndvi_sqs_work/gansu/raw/HLS-VI.S30.T47TNF.2018171T040541.v2.0.NDVI.tif,HLS-VI.S30.T47TNF.2018171T040541.v2.0.NDVI.tif,S30,T47TNF,2018-06-20,2018171,040541
/home/ec2-user/ndvi_sqs_work/gansu/raw/HLS-VI.S30.T47TPE.2018171T040541.v2.0.NDVI.tif,HLS-VI.S30.T47TPE.2018171T040541.v2.0.NDVI.tif,S30,T47TPE,2018-06-20,2018171,040541
/home/ec2-user/ndvi_sqs_work/gansu/raw/HLS-VI.S30.T47TPF.2018171T040541.v2.0.NDVI.tif,HLS-VI.S30.T47TPF.2018171T040541.v2.0.NDVI.tif,S30,T47TPF,2018-06-20,2018171,040541
/home/ec2-user/ndvi_sqs_work/gansu/raw/HLS-VI.S30.T47SLC.2018172T042659.v2.0.NDVI.tif,HLS-VI.S30.T47SLC.2018172T042659.v2.0.NDVI.tif,S30,T47SLC,2018-06-21,2018172,042659
/home/ec2-user/ndvi_sqs_work/gansu/raw/HLS-VI.S30.T48SUJ.2018173T035539.v2.0.NDVI.tif,HLS-VI.S30.T48SUJ.2018173T035539.v2.0.NDVI.tif,S30,T48SUJ,2018-06-22,2018173,035539
/home/ec2-user/ndvi_sqs_work/gansu/raw/HLS-VI.S30.T48SYD.2018179T032541.v2.0.NDVI.tif,HLS-VI.S30.T48SYD.2018179T032541.v2.0.NDVI.tif,S30,T48SYD,2018-06-28,2018179,032541
/home/ec2-user/ndvi_sqs_work/gansu/raw/HLS-VI.S30.T48SYF.2018179T032541.v2.0.NDVI.tif,HLS-VI.S30.T48SYF.2018179T032541.v2.0.NDVI.tif,S30,T48SYF,2018-06-28,2018179,032541
/home/ec2-user/ndvi_sqs_work/gansu/raw/HLS-VI.S30.T49SBA.2018179T032541.v2.0.NDVI.tif,HLS-VI.S30.T49SBA.2018179T032541.v2.0.NDVI.tif,S30,T49SBA,2018-06-28,2018179,032541
/home/ec2-user/ndvi_sqs_work/gansu/raw/HLS-VI.S30.T49SBU.2018179T032541.v2.0.NDVI.tif,HLS-VI.S30.T49SBU.2018179T032541.v2.0.NDVI.tif,S30,T49SBU,2018-06-28,2018179,032541
/home/ec2-user/ndvi_sqs_work/gansu/raw/HLS-VI.S30.T49SBV.2018179T032541.v2.0.NDVI.tif,HLS-VI.S30.T49SBV.2018179T032541.v2.0.NDVI.tif,S30,T49SBV,2018-06-28,2018179,032541
/home/ec2-user/ndvi_sqs_work/gansu/raw/HLS-VI.S30.T49SCA.2018179T032541.v2.0.NDVI.tif,HLS-VI.S30.T49SCA.2018179T032541.v2.0.NDVI.tif,S30,T49SCA,2018-06-28,2018179,032541
/home/ec2-user/ndvi_sqs_work/gansu/raw/HLS-VI.S30.T48SVJ.2018185T034541.v2.0.NDVI.tif,HLS-VI.S30.T48SVJ.2018185T034541.v2.0.NDVI.tif,S30,T48SVJ,2018-07-04,2018185,034541
/home/ec2-user/ndvi_sqs_work/gansu/raw/HLS-VI.S30.T47TLG.2018187T042701.v2.0.NDVI.tif,HLS-VI.S30.T47TLG.2018187T042701.v2.0.NDVI.tif,S30,T47TLG,2018-07-06,2018187,042701
/home/ec2-user/ndvi_sqs_work/gansu/raw/HLS-VI.S30.T47TLE.2018189T041549.v2.0.NDVI.tif,HLS-VI.S30.T47TLE.2018189T041549.v2.0.NDVI.tif,S30,T47TLE,2018-07-08,2018189,041549
/home/ec2-user/ndvi_sqs_work/gansu/raw/HLS-VI.S30.T47TLH.2018189T041549.v2.0.NDVI.tif,HLS-VI.S30.T47TLH.2018189T041549.v2.0.NDVI.tif,S30,T47TLH,2018-07-08,2018189,041549
/home/ec2-user/ndvi_sqs_work/gansu/raw/HLS-VI.S30.T47TME.2018189T041549.v2.0.NDVI.tif,HLS-VI.S30.T47TME.2018189T041549.v2.0.NDVI.tif,S30,T47TME,2018-07-08,2018189,041549
/home/ec2-user/ndvi_sqs_work/gansu/raw/HLS-VI.S30.T47TNE.2018189T041549.v2.0.NDVI.tif,HLS-VI.S30.T47TNE.2018189T041549.v2.0.NDVI.tif,S30,T47TNE,2018-07-08,2018189,041549
/home/ec2-user/ndvi_sqs_work/gansu/raw/HLS-VI.S30.T46TFK.2018190T043701.v2.0.NDVI.tif,HLS-VI.S30.T46TFK.2018190T043701.v2.0.NDVI.tif,S30,T46TFK,2018-07-09,2018190,043701
/home/ec2-user/ndvi_sqs_work/gansu/raw/HLS-VI.S30.T48SUG.2018190T034539.v2.0.NDVI.tif,HLS-VI.S30.T48SUG.2018190T034539.v2.0.NDVI.tif,S30,T48SUG,2018-07-09,2018190,034539
/home/ec2-user/ndvi_sqs_work/gansu/raw/HLS-VI.S30.T48SUH.2018190T034539.v2.0.NDVI.tif,HLS-VI.S30.T48SUH.2018190T034539.v2.0.NDVI.tif,S30,T48SUH,2018-07-09,2018190,034539
/home/ec2-user/ndvi_sqs_work/gansu/raw/HLS-VI.S30.T48SUJ.2018190T034539.v2.0.NDVI.tif,HLS-VI.S30.T48SUJ.2018190T034539.v2.0.NDVI.tif,S30,T48SUJ,2018-07-09,2018190,034539
/home/ec2-user/ndvi_sqs_work/gansu/raw/HLS-VI.S30.T48SVG.2018190T034539.v2.0.NDVI.tif,HLS-VI.S30.T48SVG.2018190T034539.v2.0.NDVI.tif,S30,T48SVG,2018-07-09,2018190,034539
/home/ec2-user/ndvi_sqs_work/gansu/raw/HLS-VI.S30.T48SVH.2018190T034539.v2.0.NDVI.tif,HLS-VI.S30.T48SVH.2018190T034539.v2.0.NDVI.tif,S30,T48SVH,2018-07-09,2018190,034539
/home/ec2-user/ndvi_sqs_work/gansu/raw/HLS-VI.S30.T48SVJ.2018190T034539.v2.0.NDVI.tif,HLS-VI.S30.T48SVJ.2018190T034539.v2.0.NDVI.tif,S30,T48SVJ,2018-07-09,2018190,034539
/home/ec2-user/ndvi_sqs_work/gansu/raw/HLS-VI.S30.T46SEJ.2018192T042659.v2.0.NDVI.tif,HLS-VI.S30.T46SEJ.2018192T042659.v2.0.NDVI.tif,S30,T46SEJ,2018-07-11,2018192,042659
/home/ec2-user/ndvi_sqs_work/gansu/raw/HLS-VI.S30.T46SFH.2018192T042659.v2.0.NDVI.tif,HLS-VI.S30.T46SFH.2018192T042659.v2.0.NDVI.tif,S30,T46SFH,2018-07-11,2018192,042659
/home/ec2-user/ndvi_sqs_work/gansu/raw/HLS-VI.S30.T46TEK.2018192T042659.v2.0.NDVI.tif,HLS-VI.S30.T46TEK.2018192T042659.v2.0.NDVI.tif,S30,T46TEK,2018-07-11,2018192,042659
/home/ec2-user/ndvi_sqs_work/gansu/raw/HLS-VI.S30.T46TFK.2018192T042659.v2.0.NDVI.tif,HLS-VI.S30.T46TFK.2018192T042659.v2.0.NDVI.tif,S30,T46TFK,2018-07-11,2018192,042659
/home/ec2-user/ndvi_sqs_work/gansu/raw/HLS-VI.S30.T46TFL.2018192T042659.v2.0.NDVI.tif,HLS-VI.S30.T46TFL.2018192T042659.v2.0.NDVI.tif,S30,T46TFL,2018-07-11,2018192,042659
/home/ec2-user/ndvi_sqs_work/gansu/raw/HLS-VI.S30.T47SLC.2018192T042659.v2.0.NDVI.tif,HLS-VI.S30.T47SLC.2018192T042659.v2.0.NDVI.tif,S30,T47SLC,2018-07-11,2018192,042659
/home/ec2-user/ndvi_sqs_work/gansu/raw/HLS-VI.S30.T48SXG.2018192T033541.v2.0.NDVI.tif,HLS-VI.S30.T48SXG.2018192T033541.v2.0.NDVI.tif,S30,T48SXG,2018-07-11,2018192,033541
/home/ec2-user/ndvi_sqs_work/gansu/raw/HLS-VI.S30.T47SPB.2018193T035539.v2.0.NDVI.tif,HLS-VI.S30.T47SPB.2018193T035539.v2.0.NDVI.tif,S30,T47SPB,2018-07-12,2018193,035539
/home/ec2-user/ndvi_sqs_work/gansu/raw/HLS-VI.S30.T47SPC.2018193T035539.v2.0.NDVI.tif,HLS-VI.S30.T47SPC.2018193T035539.v2.0.NDVI.tif,S30,T47SPC,2018-07-12,2018193,035539
/home/ec2-user/ndvi_sqs_work/gansu/raw/HLS-VI.S30.T47SPD.2018193T035539.v2.0.NDVI.tif,HLS-VI.S30.T47SPD.2018193T035539.v2.0.NDVI.tif,S30,T47SPD,2018-07-12,2018193,035539
/home/ec2-user/ndvi_sqs_work/gansu/raw/HLS-VI.S30.T47SQB.2018193T035539.v2.0.NDVI.tif,HLS-VI.S30.T47SQB.2018193T035539.v2.0.NDVI.tif,S30,T47SQB,2018-07-12,2018193,035539
/home/ec2-user/ndvi_sqs_work/gansu/raw/HLS-VI.S30.T47SQC.2018193T035539.v2.0.NDVI.tif,HLS-VI.S30.T47SQC.2018193T035539.v2.0.NDVI.tif,S30,T47SQC,2018-07-12,2018193,035539
/home/ec2-user/ndvi_sqs_work/gansu/raw/HLS-VI.S30.T47SQD.2018193T035539.v2.0.NDVI.tif,HLS-VI.S30.T47SQD.2018193T035539.v2.0.NDVI.tif,S30,T47SQD,2018-07-12,2018193,035539
/home/ec2-user/ndvi_sqs_work/gansu/raw/HLS-VI.S30.T48STG.2018193T035539.v2.0.NDVI.tif,HLS-VI.S30.T48STG.2018193T035539.v2.0.NDVI.tif,S30,T48STG,2018-07-12,2018193,035539
/home/ec2-user/ndvi_sqs_work/gansu/raw/HLS-VI.S30.T48STH.2018193T035539.v2.0.NDVI.tif,HLS-VI.S30.T48STH.2018193T035539.v2.0.NDVI.tif,S30,T48STH,2018-07-12,2018193,035539
/home/ec2-user/ndvi_sqs_work/gansu/raw/HLS-VI.S30.T48STJ.2018193T035539.v2.0.NDVI.tif,HLS-VI.S30.T48STJ.2018193T035539.v2.0.NDVI.tif,S30,T48STJ,2018-07-12,2018193,035539
/home/ec2-user/ndvi_sqs_work/gansu/raw/HLS-VI.S30.T48SUG.2018193T035539.v2.0.NDVI.tif,HLS-VI.S30.T48SUG.2018193T035539.v2.0.NDVI.tif,S30,T48SUG,2018-07-12,2018193,035539
/home/ec2-user/ndvi_sqs_work/gansu/raw/HLS-VI.S30.T48SUH.2018193T035539.v2.0.NDVI.tif,HLS-VI.S30.T48SUH.2018193T035539.v2.0.NDVI.tif,S30,T48SUH,2018-07-12,2018193,035539
/home/ec2-user/ndvi_sqs_work/gansu/raw/HLS-VI.S30.T48SUJ.2018193T035539.v2.0.NDVI.tif,HLS-VI.S30.T48SUJ.2018193T035539.v2.0.NDVI.tif,S30,T48SUJ,2018-07-12,2018193,035539
/home/ec2-user/ndvi_sqs_work/gansu/raw/HLS-VI.S30.T48SVG.2018193T035539.v2.0.NDVI.tif,HLS-VI.S30.T48SVG.2018193T035539.v2.0.NDVI.tif,S30,T48SVG,2018-07-12,2018193,035539
/home/ec2-user/ndvi_sqs_work/gansu/raw/HLS-VI.S30.T48SVH.2018193T035539.v2.0.NDVI.tif,HLS-VI.S30.T48SVH.2018193T035539.v2.0.NDVI.tif,S30,T48SVH,2018-07-12,2018193,035539
/home/ec2-user/ndvi_sqs_work/gansu/raw/HLS-VI.S30.T48SVJ.2018193T035539.v2.0.NDVI.tif,HLS-VI.S30.T48SVJ.2018193T035539.v2.0.NDVI.tif,S30,T48SVJ,2018-07-12,2018193,035539
/home/ec2-user/ndvi_sqs_work/gansu/raw/HLS-VI.S30.T46TGL.2018194T041551.v2.0.NDVI.tif,HLS-VI.S30.T46TGL.2018194T041551.v2.0.NDVI.tif,S30,T46TGL,2018-07-13,2018194,041551
/home/ec2-user/ndvi_sqs_work/gansu/raw/HLS-VI.S30.T47SLD.2018194T041551.v2.0.NDVI.tif,HLS-VI.S30.T47SLD.2018194T041551.v2.0.NDVI.tif,S30,T47SLD,2018-07-13,2018194,041551
/home/ec2-user/ndvi_sqs_work/gansu/raw/HLS-VI.S30.T47SMC.2018194T041551.v2.0.NDVI.tif,HLS-VI.S30.T47SMC.2018194T041551.v2.0.NDVI.tif,S30,T47SMC,2018-07-13,2018194,041551
/home/ec2-user/ndvi_sqs_work/gansu/raw/HLS-VI.S30.T47SMD.2018194T041551.v2.0.NDVI.tif,HLS-VI.S30.T47SMD.2018194T041551.v2.0.NDVI.tif,S30,T47SMD,2018-07-13,2018194,041551
/home/ec2-user/ndvi_sqs_work/gansu/raw/HLS-VI.S30.T47TKF.2018194T041551.v2.0.NDVI.tif,HLS-VI.S30.T47TKF.2018194T041551.v2.0.NDVI.tif,S30,T47TKF,2018-07-13,2018194,041551
/home/ec2-user/ndvi_sqs_work/gansu/raw/HLS-VI.S30.T47TLG.2018194T041551.v2.0.NDVI.tif,HLS-VI.S30.T47TLG.2018194T041551.v2.0.NDVI.tif,S30,T47TLG,2018-07-13,2018194,041551
/home/ec2-user/ndvi_sqs_work/gansu/raw/HLS-VI.S30.T47TLH.2018194T041551.v2.0.NDVI.tif,HLS-VI.S30.T47TLH.2018194T041551.v2.0.NDVI.tif,S30,T47TLH,2018-07-13,2018194,041551
/home/ec2-user/ndvi_sqs_work/gansu/raw/HLS-VI.S30.T46TEK.2018195T043659.v2.0.NDVI.tif,HLS-VI.S30.T46TEK.2018195T043659.v2.0.NDVI.tif,S30,T46TEK,2018-07-14,2018195,043659
/home/ec2-user/ndvi_sqs_work/gansu/raw/HLS-VI.S30.T46TFK.2018195T043659.v2.0.NDVI.tif,HLS-VI.S30.T46TFK.2018195T043659.v2.0.NDVI.tif,S30,T46TFK,2018-07-14,2018195,043659
/home/ec2-user/ndvi_sqs_work/gansu/raw/HLS-VI.S30.T47SPD.2018196T040539.v2.0.NDVI.tif,HLS-VI.S30.T47SPD.2018196T040539.v2.0.NDVI.tif,S30,T47SPD,2018-07-15,2018196,040539
/home/ec2-user/ndvi_sqs_work/gansu/raw/HLS-VI.S30.T47SQC.2018196T040539.v2.0.NDVI.tif,HLS-VI.S30.T47SQC.2018196T040539.v2.0.NDVI.tif,S30,T47SQC,2018-07-15,2018196,040539
/home/ec2-user/ndvi_sqs_work/gansu/raw/HLS-VI.S30.T47SQD.2018196T040539.v2.0.NDVI.tif,HLS-VI.S30.T47SQD.2018196T040539.v2.0.NDVI.tif,S30,T47SQD,2018-07-15,2018196,040539
/home/ec2-user/ndvi_sqs_work/gansu/raw/HLS-VI.S30.T47TME.2018196T040539.v2.0.NDVI.tif,HLS-VI.S30.T47TME.2018196T040539.v2.0.NDVI.tif,S30,T47TME,2018-07-15,2018196,040539
/home/ec2-user/ndvi_sqs_work/gansu/raw/HLS-VI.S30.T47TMF.2018196T040539.v2.0.NDVI.tif,HLS-VI.S30.T47TMF.2018196T040539.v2.0.NDVI.tif,S30,T47TMF,2018-07-15,2018196,040539
/home/ec2-user/ndvi_sqs_work/gansu/raw/HLS-VI.S30.T47TNE.2018196T040539.v2.0.NDVI.tif,HLS-VI.S30.T47TNE.2018196T040539.v2.0.NDVI.tif,S30,T47TNE,2018-07-15,2018196,040539
/home/ec2-user/ndvi_sqs_work/gansu/raw/HLS-VI.S30.T47TNF.2018196T040539.v2.0.NDVI.tif,HLS-VI.S30.T47TNF.2018196T040539.v2.0.NDVI.tif,S30,T47TNF,2018-07-15,2018196,040539
/home/ec2-user/ndvi_sqs_work/gansu/raw/HLS-VI.S30.T47TPE.2018196T040539.v2.0.NDVI.tif,HLS-VI.S30.T47TPE.2018196T040539.v2.0.NDVI.tif,S30,T47TPE,2018-07-15,2018196,040539
/home/ec2-user/ndvi_sqs_work/gansu/raw/HLS-VI.S30.T47TPF.2018196T040539.v2.0.NDVI.tif,HLS-VI.S30.T47TPF.2018196T040539.v2.0.NDVI.tif,S30,T47TPF,2018-07-15,2018196,040539
/home/ec2-user/ndvi_sqs_work/gansu/raw/HLS-VI.S30.T48STH.2018196T040539.v2.0.NDVI.tif,HLS-VI.S30.T48STH.2018196T040539.v2.0.NDVI.tif,S30,T48STH,2018-07-15,2018196,040539
/home/ec2-user/ndvi_sqs_work/gansu/raw/HLS-VI.S30.T48STJ.2018196T040539.v2.0.NDVI.tif,HLS-VI.S30.T48STJ.2018196T040539.v2.0.NDVI.tif,S30,T48STJ,2018-07-15,2018196,040539
/home/ec2-user/ndvi_sqs_work/gansu/raw/HLS-VI.S30.T46TEK.2018197T042711.v2.0.NDVI.tif,HLS-VI.S30.T46TEK.2018197T042711.v2.0.NDVI.tif,S30,T46TEK,2018-07-16,2018197,042711
/home/ec2-user/ndvi_sqs_work/gansu/raw/HLS-VI.S30.T46TEL.2018197T042711.v2.0.NDVI.tif,HLS-VI.S30.T46TEL.2018197T042711.v2.0.NDVI.tif,S30,T46TEL,2018-07-16,2018197,042711
/home/ec2-user/ndvi_sqs_work/gansu/raw/HLS-VI.S30.T46TFL.2018197T042711.v2.0.NDVI.tif,HLS-VI.S30.T46TFL.2018197T042711.v2.0.NDVI.tif,S30,T46TFL,2018-07-16,2018197,042711
/home/ec2-user/ndvi_sqs_work/gansu/raw/HLS-VI.S30.T46TFM.2018197T042711.v2.0.NDVI.tif,HLS-VI.S30.T46TFM.2018197T042711.v2.0.NDVI.tif,S30,T46TFM,2018-07-16,2018197,042711
/home/ec2-user/ndvi_sqs_work/gansu/raw/HLS-VI.S30.T46TGL.2018197T042711.v2.0.NDVI.tif,HLS-VI.S30.T46TGL.2018197T042711.v2.0.NDVI.tif,S30,T46TGL,2018-07-16,2018197,042711
/home/ec2-user/ndvi_sqs_work/gansu/raw/HLS-VI.S30.T46TGN.2018197T042711.v2.0.NDVI.tif,HLS-VI.S30.T46TGN.2018197T042711.v2.0.NDVI.tif,S30,T46TGN,2018-07-16,2018197,042711
/home/ec2-user/ndvi_sqs_work/gansu/raw/HLS-VI.S30.T47TKF.2018197T042711.v2.0.NDVI.tif,HLS-VI.S30.T47TKF.2018197T042711.v2.0.NDVI.tif,S30,T47TKF,2018-07-16,2018197,042711
/home/ec2-user/ndvi_sqs_work/gansu/raw/HLS-VI.S30.T47TLE.2018197T042711.v2.0.NDVI.tif,HLS-VI.S30.T47TLE.2018197T042711.v2.0.NDVI.tif,S30,T47TLE,2018-07-16,2018197,042711
/home/ec2-user/ndvi_sqs_work/gansu/raw/HLS-VI.S30.T47TLF.2018197T042711.v2.0.NDVI.tif,HLS-VI.S30.T47TLF.2018197T042711.v2.0.NDVI.tif,S30,T47TLF,2018-07-16,2018197,042711
/home/ec2-user/ndvi_sqs_work/gansu/raw/HLS-VI.S30.T47TLG.2018197T042711.v2.0.NDVI.tif,HLS-VI.S30.T47TLG.2018197T042711.v2.0.NDVI.tif,S30,T47TLG,2018-07-16,2018197,042711
/home/ec2-user/ndvi_sqs_work/gansu/raw/HLS-VI.S30.T47TLH.2018197T042711.v2.0.NDVI.tif,HLS-VI.S30.T47TLH.2018197T042711.v2.0.NDVI.tif,S30,T47TLH,2018-07-16,2018197,042711
/home/ec2-user/ndvi_sqs_work/gansu/raw/HLS-VI.S30.T47SPC.2018198T035541.v2.0.NDVI.tif,HLS-VI.S30.T47SPC.2018198T035541.v2.0.NDVI.tif,S30,T47SPC,2018-07-17,2018198,035541
/home/ec2-user/ndvi_sqs_work/gansu/raw/HLS-VI.S30.T47SPD.2018198T035541.v2.0.NDVI.tif,HLS-VI.S30.T47SPD.2018198T035541.v2.0.NDVI.tif,S30,T47SPD,2018-07-17,2018198,035541
/home/ec2-user/ndvi_sqs_work/gansu/raw/HLS-VI.S30.T47SPT.2018198T035541.v2.0.NDVI.tif,HLS-VI.S30.T47SPT.2018198T035541.v2.0.NDVI.tif,S30,T47SPT,2018-07-17,2018198,035541
/home/ec2-user/ndvi_sqs_work/gansu/raw/HLS-VI.S30.T47SPU.2018198T035541.v2.0.NDVI.tif,HLS-VI.S30.T47SPU.2018198T035541.v2.0.NDVI.tif,S30,T47SPU,2018-07-17,2018198,035541
/home/ec2-user/ndvi_sqs_work/gansu/raw/HLS-VI.S30.T47SQB.2018198T035541.v2.0.NDVI.tif,HLS-VI.S30.T47SQB.2018198T035541.v2.0.NDVI.tif,S30,T47SQB,2018-07-17,2018198,035541
/home/ec2-user/ndvi_sqs_work/gansu/raw/HLS-VI.S30.T47SQC.2018198T035541.v2.0.NDVI.tif,HLS-VI.S30.T47SQC.2018198T035541.v2.0.NDVI.tif,S30,T47SQC,2018-07-17,2018198,035541
/home/ec2-user/ndvi_sqs_work/gansu/raw/HLS-VI.S30.T47SQD.2018198T035541.v2.0.NDVI.tif,HLS-VI.S30.T47SQD.2018198T035541.v2.0.NDVI.tif,S30,T47SQD,2018-07-17,2018198,035541
/home/ec2-user/ndvi_sqs_work/gansu/raw/HLS-VI.S30.T47SQT.2018198T035541.v2.0.NDVI.tif,HLS-VI.S30.T47SQT.2018198T035541.v2.0.NDVI.tif,S30,T47SQT,2018-07-17,2018198,035541
/home/ec2-user/ndvi_sqs_work/gansu/raw/HLS-VI.S30.T47SQU.2018198T035541.v2.0.NDVI.tif,HLS-VI.S30.T47SQU.2018198T035541.v2.0.NDVI.tif,S30,T47SQU,2018-07-17,2018198,035541
/home/ec2-user/ndvi_sqs_work/gansu/raw/HLS-VI.S30.T48STC.2018198T035541.v2.0.NDVI.tif,HLS-VI.S30.T48STC.2018198T035541.v2.0.NDVI.tif,S30,T48STC,2018-07-17,2018198,035541
/home/ec2-user/ndvi_sqs_work/gansu/raw/HLS-VI.S30.T48STD.2018198T035541.v2.0.NDVI.tif,HLS-VI.S30.T48STD.2018198T035541.v2.0.NDVI.tif,S30,T48STD,2018-07-17,2018198,035541
/home/ec2-user/ndvi_sqs_work/gansu/raw/HLS-VI.S30.T48STG.2018198T035541.v2.0.NDVI.tif,HLS-VI.S30.T48STG.2018198T035541.v2.0.NDVI.tif,S30,T48STG,2018-07-17,2018198,035541
/home/ec2-user/ndvi_sqs_work/gansu/raw/HLS-VI.S30.T48STH.2018198T035541.v2.0.NDVI.tif,HLS-VI.S30.T48STH.2018198T035541.v2.0.NDVI.tif,S30,T48STH,2018-07-17,2018198,035541
/home/ec2-user/ndvi_sqs_work/gansu/raw/HLS-VI.S30.T48STJ.2018198T035541.v2.0.NDVI.tif,HLS-VI.S30.T48STJ.2018198T035541.v2.0.NDVI.tif,S30,T48STJ,2018-07-17,2018198,035541
/home/ec2-user/ndvi_sqs_work/gansu/raw/HLS-VI.S30.T48SUD.2018198T035541.v2.0.NDVI.tif,HLS-VI.S30.T48SUD.2018198T035541.v2.0.NDVI.tif,S30,T48SUD,2018-07-17,2018198,035541
/home/ec2-user/ndvi_sqs_work/gansu/raw/HLS-VI.S30.T48SUE.2018198T035541.v2.0.NDVI.tif,HLS-VI.S30.T48SUE.2018198T035541.v2.0.NDVI.tif,S30,T48SUE,2018-07-17,2018198,035541
/home/ec2-user/ndvi_sqs_work/gansu/raw/HLS-VI.S30.T48SUF.2018198T035541.v2.0.NDVI.tif,HLS-VI.S30.T48SUF.2018198T035541.v2.0.NDVI.tif,S30,T48SUF,2018-07-17,2018198,035541
/home/ec2-user/ndvi_sqs_work/gansu/raw/HLS-VI.S30.T48SUH.2018198T035541.v2.0.NDVI.tif,HLS-VI.S30.T48SUH.2018198T035541.v2.0.NDVI.tif,S30,T48SUH,2018-07-17,2018198,035541
/home/ec2-user/ndvi_sqs_work/gansu/raw/HLS-VI.S30.T48SUJ.2018198T035541.v2.0.NDVI.tif,HLS-VI.S30.T48SUJ.2018198T035541.v2.0.NDVI.tif,S30,T48SUJ,2018-07-17,2018198,035541
/home/ec2-user/ndvi_sqs_work/gansu/raw/HLS-VI.S30.T48SVG.2018198T035541.v2.0.NDVI.tif,HLS-VI.S30.T48SVG.2018198T035541.v2.0.NDVI.tif,S30,T48SVG,2018-07-17,2018198,035541
/home/ec2-user/ndvi_sqs_work/gansu/raw/HLS-VI.S30.T48SVH.2018198T035541.v2.0.NDVI.tif,HLS-VI.S30.T48SVH.2018198T035541.v2.0.NDVI.tif,S30,T48SVH,2018-07-17,2018198,035541
/home/ec2-user/ndvi_sqs_work/gansu/raw/HLS-VI.S30.T48SVJ.2018198T035541.v2.0.NDVI.tif,HLS-VI.S30.T48SVJ.2018198T035541.v2.0.NDVI.tif,S30,T48SVJ,2018-07-17,2018198,035541
/home/ec2-user/ndvi_sqs_work/gansu/raw/HLS-VI.S30.T49SBU.2018199T032711.v2.0.NDVI.tif,HLS-VI.S30.T49SBU.2018199T032711.v2.0.NDVI.tif,S30,T49SBU,2018-07-18,2018199,032711
/home/ec2-user/ndvi_sqs_work/gansu/raw/HLS-VI.S30.T48SUH.2018200T034529.v2.0.NDVI.tif,HLS-VI.S30.T48SUH.2018200T034529.v2.0.NDVI.tif,S30,T48SUH,2018-07-19,2018200,034529
/home/ec2-user/ndvi_sqs_work/gansu/raw/HLS-VI.S30.T48SVH.2018200T034529.v2.0.NDVI.tif,HLS-VI.S30.T48SVH.2018200T034529.v2.0.NDVI.tif,S30,T48SVH,2018-07-19,2018200,034529
/home/ec2-user/ndvi_sqs_work/gansu/raw/HLS-VI.S30.T47SMD.2018201T040541.v2.0.NDVI.tif,HLS-VI.S30.T47SMD.2018201T040541.v2.0.NDVI.tif,S30,T47SMD,2018-07-20,2018201,040541
/home/ec2-user/ndvi_sqs_work/gansu/raw/HLS-VI.S30.T47SND.2018201T040541.v2.0.NDVI.tif,HLS-VI.S30.T47SND.2018201T040541.v2.0.NDVI.tif,S30,T47SND,2018-07-20,2018201,040541
/home/ec2-user/ndvi_sqs_work/gansu/raw/HLS-VI.S30.T47SPD.2018201T040541.v2.0.NDVI.tif,HLS-VI.S30.T47SPD.2018201T040541.v2.0.NDVI.tif,S30,T47SPD,2018-07-20,2018201,040541
/home/ec2-user/ndvi_sqs_work/gansu/raw/HLS-VI.S30.T47TME.2018201T040541.v2.0.NDVI.tif,HLS-VI.S30.T47TME.2018201T040541.v2.0.NDVI.tif,S30,T47TME,2018-07-20,2018201,040541
/home/ec2-user/ndvi_sqs_work/gansu/raw/HLS-VI.S30.T47TMF.2018201T040541.v2.0.NDVI.tif,HLS-VI.S30.T47TMF.2018201T040541.v2.0.NDVI.tif,S30,T47TMF,2018-07-20,2018201,040541
/home/ec2-user/ndvi_sqs_work/gansu/raw/HLS-VI.S30.T47TPE.2018201T040541.v2.0.NDVI.tif,HLS-VI.S30.T47TPE.2018201T040541.v2.0.NDVI.tif,S30,T47TPE,2018-07-20,2018201,040541
/home/ec2-user/ndvi_sqs_work/gansu/raw/HLS-VI.S30.T47TPF.2018201T040541.v2.0.NDVI.tif,HLS-VI.S30.T47TPF.2018201T040541.v2.0.NDVI.tif,S30,T47TPF,2018-07-20,2018201,040541
/home/ec2-user/ndvi_sqs_work/gansu/raw/HLS-VI.S30.T46SGJ.2018202T042659.v2.0.NDVI.tif,HLS-VI.S30.T46SGJ.2018202T042659.v2.0.NDVI.tif,S30,T46SGJ,2018-07-21,2018202,042659
/home/ec2-user/ndvi_sqs_work/gansu/raw/HLS-VI.S30.T46TEK.2018202T042659.v2.0.NDVI.tif,HLS-VI.S30.T46TEK.2018202T042659.v2.0.NDVI.tif,S30,T46TEK,2018-07-21,2018202,042659
/home/ec2-user/ndvi_sqs_work/gansu/raw/HLS-VI.S30.T46TGM.2018202T042659.v2.0.NDVI.tif,HLS-VI.S30.T46TGM.2018202T042659.v2.0.NDVI.tif,S30,T46TGM,2018-07-21,2018202,042659
/home/ec2-user/ndvi_sqs_work/gansu/raw/HLS-VI.S30.T46TGN.2018202T042659.v2.0.NDVI.tif,HLS-VI.S30.T46TGN.2018202T042659.v2.0.NDVI.tif,S30,T46TGN,2018-07-21,2018202,042659
/home/ec2-user/ndvi_sqs_work/gansu/raw/HLS-VI.S30.T47SKD.2018202T042659.v2.0.NDVI.tif,HLS-VI.S30.T47SKD.2018202T042659.v2.0.NDVI.tif,S30,T47SKD,2018-07-21,2018202,042659
/home/ec2-user/ndvi_sqs_work/gansu/raw/HLS-VI.S30.T47SLC.2018202T042659.v2.0.NDVI.tif,HLS-VI.S30.T47SLC.2018202T042659.v2.0.NDVI.tif,S30,T47SLC,2018-07-21,2018202,042659
/home/ec2-user/ndvi_sqs_work/gansu/raw/HLS-VI.S30.T47TKF.2018202T042659.v2.0.NDVI.tif,HLS-VI.S30.T47TKF.2018202T042659.v2.0.NDVI.tif,S30,T47TKF,2018-07-21,2018202,042659
/home/ec2-user/ndvi_sqs_work/gansu/raw/HLS-VI.S30.T47TKG.2018202T042659.v2.0.NDVI.tif,HLS-VI.S30.T47TKG.2018202T042659.v2.0.NDVI.tif,S30,T47TKG,2018-07-21,2018202,042659
/home/ec2-user/ndvi_sqs_work/gansu/raw/HLS-VI.S30.T47TLF.2018202T042659.v2.0.NDVI.tif,HLS-VI.S30.T47TLF.2018202T042659.v2.0.NDVI.tif,S30,T47TLF,2018-07-21,2018202,042659
/home/ec2-user/ndvi_sqs_work/gansu/raw/HLS-VI.S30.T47TLG.2018202T042659.v2.0.NDVI.tif,HLS-VI.S30.T47TLG.2018202T042659.v2.0.NDVI.tif,S30,T47TLG,2018-07-21,2018202,042659
/home/ec2-user/ndvi_sqs_work/gansu/raw/HLS-VI.S30.T47TLH.2018202T042659.v2.0.NDVI.tif,HLS-VI.S30.T47TLH.2018202T042659.v2.0.NDVI.tif,S30,T47TLH,2018-07-21,2018202,042659
/home/ec2-user/ndvi_sqs_work/gansu/raw/HLS-VI.S30.T48STF.2018203T035539.v2.0.NDVI.tif,HLS-VI.S30.T48STF.2018203T035539.v2.0.NDVI.tif,S30,T48STF,2018-07-22,2018203,035539
/home/ec2-user/ndvi_sqs_work/gansu/raw/HLS-VI.S30.T48SUF.2018203T035539.v2.0.NDVI.tif,HLS-VI.S30.T48SUF.2018203T035539.v2.0.NDVI.tif,S30,T48SUF,2018-07-22,2018203,035539
/home/ec2-user/ndvi_sqs_work/gansu/raw/HLS-VI.S30.T46SGJ.2018204T041551.v2.0.NDVI.tif,HLS-VI.S30.T46SGJ.2018204T041551.v2.0.NDVI.tif,S30,T46SGJ,2018-07-23,2018204,041551
/home/ec2-user/ndvi_sqs_work/gansu/raw/HLS-VI.S30.T46TGK.2018204T041551.v2.0.NDVI.tif,HLS-VI.S30.T46TGK.2018204T041551.v2.0.NDVI.tif,S30,T46TGK,2018-07-23,2018204,041551
/home/ec2-user/ndvi_sqs_work/gansu/raw/HLS-VI.S30.T46TGL.2018204T041551.v2.0.NDVI.tif,HLS-VI.S30.T46TGL.2018204T041551.v2.0.NDVI.tif,S30,T46TGL,2018-07-23,2018204,041551
/home/ec2-user/ndvi_sqs_work/gansu/raw/HLS-VI.S30.T47SKD.2018204T041551.v2.0.NDVI.tif,HLS-VI.S30.T47SKD.2018204T041551.v2.0.NDVI.tif,S30,T47SKD,2018-07-23,2018204,041551
/home/ec2-user/ndvi_sqs_work/gansu/raw/HLS-VI.S30.T47TKE.2018204T041551.v2.0.NDVI.tif,HLS-VI.S30.T47TKE.2018204T041551.v2.0.NDVI.tif,S30,T47TKE,2018-07-23,2018204,041551
/home/ec2-user/ndvi_sqs_work/gansu/raw/HLS-VI.S30.T47TKF.2018204T041551.v2.0.NDVI.tif,HLS-VI.S30.T47TKF.2018204T041551.v2.0.NDVI.tif,S30,T47TKF,2018-07-23,2018204,041551
/home/ec2-user/ndvi_sqs_work/gansu/raw/HLS-VI.S30.T47TLE.2018204T041551.v2.0.NDVI.tif,HLS-VI.S30.T47TLE.2018204T041551.v2.0.NDVI.tif,S30,T47TLE,2018-07-23,2018204,041551
/home/ec2-user/ndvi_sqs_work/gansu/raw/HLS-VI.S30.T47TLF.2018204T041551.v2.0.NDVI.tif,HLS-VI.S30.T47TLF.2018204T041551.v2.0.NDVI.tif,S30,T47TLF,2018-07-23,2018204,041551
/home/ec2-user/ndvi_sqs_work/gansu/raw/HLS-VI.S30.T47TLG.2018204T041551.v2.0.NDVI.tif,HLS-VI.S30.T47TLG.2018204T041551.v2.0.NDVI.tif,S30,T47TLG,2018-07-23,2018204,041551
/home/ec2-user/ndvi_sqs_work/gansu/raw/HLS-VI.S30.T47TLH.2018204T041551.v2.0.NDVI.tif,HLS-VI.S30.T47TLH.2018204T041551.v2.0.NDVI.tif,S30,T47TLH,2018-07-23,2018204,041551
/home/ec2-user/ndvi_sqs_work/gansu/raw/HLS-VI.S30.T47TME.2018204T041551.v2.0.NDVI.tif,HLS-VI.S30.T47TME.2018204T041551.v2.0.NDVI.tif,S30,T47TME,2018-07-23,2018204,041551
/home/ec2-user/ndvi_sqs_work/gansu/raw/HLS-VI.S30.T47TMF.2018204T041551.v2.0.NDVI.tif,HLS-VI.S30.T47TMF.2018204T041551.v2.0.NDVI.tif,S30,T47TMF,2018-07-23,2018204,041551
/home/ec2-user/ndvi_sqs_work/gansu/raw/HLS-VI.S30.T47TNE.2018204T041551.v2.0.NDVI.tif,HLS-VI.S30.T47TNE.2018204T041551.v2.0.NDVI.tif,S30,T47TNE,2018-07-23,2018204,041551
/home/ec2-user/ndvi_sqs_work/gansu/raw/HLS-VI.S30.T47TNF.2018204T041551.v2.0.NDVI.tif,HLS-VI.S30.T47TNF.2018204T041551.v2.0.NDVI.tif,S30,T47TNF,2018-07-23,2018204,041551
/home/ec2-user/ndvi_sqs_work/gansu/raw/HLS-VI.S30.T46SDJ.2018205T043659.v2.0.NDVI.tif,HLS-VI.S30.T46SDJ.2018205T043659.v2.0.NDVI.tif,S30,T46SDJ,2018-07-24,2018205,043659
/home/ec2-user/ndvi_sqs_work/gansu/raw/HLS-VI.S30.T46SEH.2018205T043659.v2.0.NDVI.tif,HLS-VI.S30.T46SEH.2018205T043659.v2.0.NDVI.tif,S30,T46SEH,2018-07-24,2018205,043659
/home/ec2-user/ndvi_sqs_work/gansu/raw/HLS-VI.S30.T46SFH.2018205T043659.v2.0.NDVI.tif,HLS-VI.S30.T46SFH.2018205T043659.v2.0.NDVI.tif,S30,T46SFH,2018-07-24,2018205,043659
/home/ec2-user/ndvi_sqs_work/gansu/raw/HLS-VI.S30.T46SFJ.2018205T043659.v2.0.NDVI.tif,HLS-VI.S30.T46SFJ.2018205T043659.v2.0.NDVI.tif,S30,T46SFJ,2018-07-24,2018205,043659
/home/ec2-user/ndvi_sqs_work/gansu/raw/HLS-VI.S30.T46TDK.2018205T043659.v2.0.NDVI.tif,HLS-VI.S30.T46TDK.2018205T043659.v2.0.NDVI.tif,S30,T46TDK,2018-07-24,2018205,043659
/home/ec2-user/ndvi_sqs_work/gansu/raw/HLS-VI.S30.T46TEK.2018205T043659.v2.0.NDVI.tif,HLS-VI.S30.T46TEK.2018205T043659.v2.0.NDVI.tif,S30,T46TEK,2018-07-24,2018205,043659
/home/ec2-user/ndvi_sqs_work/gansu/raw/HLS-VI.S30.T46TEL.2018205T043659.v2.0.NDVI.tif,HLS-VI.S30.T46TEL.2018205T043659.v2.0.NDVI.tif,S30,T46TEL,2018-07-24,2018205,043659
/home/ec2-user/ndvi_sqs_work/gansu/raw/HLS-VI.S30.T46TFK.2018205T043659.v2.0.NDVI.tif,HLS-VI.S30.T46TFK.2018205T043659.v2.0.NDVI.tif,S30,T46TFK,2018-07-24,2018205,043659
/home/ec2-user/ndvi_sqs_work/gansu/raw/HLS-VI.S30.T46TFL.2018205T043659.v2.0.NDVI.tif,HLS-VI.S30.T46TFL.2018205T043659.v2.0.NDVI.tif,S30,T46TFL,2018-07-24,2018205,043659
/home/ec2-user/ndvi_sqs_work/gansu/raw/HLS-VI.S30.T46TFM.2018205T043659.v2.0.NDVI.tif,HLS-VI.S30.T46TFM.2018205T043659.v2.0.NDVI.tif,S30,T46TFM,2018-07-24,2018205,043659
/home/ec2-user/ndvi_sqs_work/gansu/raw/HLS-VI.S30.T48SUG.2018205T034541.v2.0.NDVI.tif,HLS-VI.S30.T48SUG.2018205T034541.v2.0.NDVI.tif,S30,T48SUG,2018-07-24,2018205,034541
/home/ec2-user/ndvi_sqs_work/gansu/raw/HLS-VI.S30.T48SUH.2018205T034541.v2.0.NDVI.tif,HLS-VI.S30.T48SUH.2018205T034541.v2.0.NDVI.tif,S30,T48SUH,2018-07-24,2018205,034541
/home/ec2-user/ndvi_sqs_work/gansu/raw/HLS-VI.S30.T48SUJ.2018205T034541.v2.0.NDVI.tif,HLS-VI.S30.T48SUJ.2018205T034541.v2.0.NDVI.tif,S30,T48SUJ,2018-07-24,2018205,034541
/home/ec2-user/ndvi_sqs_work/gansu/raw/HLS-VI.S30.T48SVG.2018205T034541.v2.0.NDVI.tif,HLS-VI.S30.T48SVG.2018205T034541.v2.0.NDVI.tif,S30,T48SVG,2018-07-24,2018205,034541
/home/ec2-user/ndvi_sqs_work/gansu/raw/HLS-VI.S30.T48SVH.2018205T034541.v2.0.NDVI.tif,HLS-VI.S30.T48SVH.2018205T034541.v2.0.NDVI.tif,S30,T48SVH,2018-07-24,2018205,034541
/home/ec2-user/ndvi_sqs_work/gansu/raw/HLS-VI.S30.T48SVJ.2018205T034541.v2.0.NDVI.tif,HLS-VI.S30.T48SVJ.2018205T034541.v2.0.NDVI.tif,S30,T48SVJ,2018-07-24,2018205,034541
/home/ec2-user/ndvi_sqs_work/gansu/raw/HLS-VI.S30.T48SWC.2018205T034541.v2.0.NDVI.tif,HLS-VI.S30.T48SWC.2018205T034541.v2.0.NDVI.tif,S30,T48SWC,2018-07-24,2018205,034541
/home/ec2-user/ndvi_sqs_work/gansu/raw/HLS-VI.S30.T47SMD.2018206T040539.v2.0.NDVI.tif,HLS-VI.S30.T47SMD.2018206T040539.v2.0.NDVI.tif,S30,T47SMD,2018-07-25,2018206,040539
/home/ec2-user/ndvi_sqs_work/gansu/raw/HLS-VI.S30.T47SNC.2018206T040539.v2.0.NDVI.tif,HLS-VI.S30.T47SNC.2018206T040539.v2.0.NDVI.tif,S30,T47SNC,2018-07-25,2018206,040539
/home/ec2-user/ndvi_sqs_work/gansu/raw/HLS-VI.S30.T47SND.2018206T040539.v2.0.NDVI.tif,HLS-VI.S30.T47SND.2018206T040539.v2.0.NDVI.tif,S30,T47SND,2018-07-25,2018206,040539
/home/ec2-user/ndvi_sqs_work/gansu/raw/HLS-VI.S30.T47SPB.2018206T040539.v2.0.NDVI.tif,HLS-VI.S30.T47SPB.2018206T040539.v2.0.NDVI.tif,S30,T47SPB,2018-07-25,2018206,040539
/home/ec2-user/ndvi_sqs_work/gansu/raw/HLS-VI.S30.T47SPC.2018206T040539.v2.0.NDVI.tif,HLS-VI.S30.T47SPC.2018206T040539.v2.0.NDVI.tif,S30,T47SPC,2018-07-25,2018206,040539
/home/ec2-user/ndvi_sqs_work/gansu/raw/HLS-VI.S30.T47SPD.2018206T040539.v2.0.NDVI.tif,HLS-VI.S30.T47SPD.2018206T040539.v2.0.NDVI.tif,S30,T47SPD,2018-07-25,2018206,040539
/home/ec2-user/ndvi_sqs_work/gansu/raw/HLS-VI.S30.T47SQB.2018206T040539.v2.0.NDVI.tif,HLS-VI.S30.T47SQB.2018206T040539.v2.0.NDVI.tif,S30,T47SQB,2018-07-25,2018206,040539
/home/ec2-user/ndvi_sqs_work/gansu/raw/HLS-VI.S30.T47SQC.2018206T040539.v2.0.NDVI.tif,HLS-VI.S30.T47SQC.2018206T040539.v2.0.NDVI.tif,S30,T47SQC,2018-07-25,2018206,040539
/home/ec2-user/ndvi_sqs_work/gansu/raw/HLS-VI.S30.T47SQD.2018206T040539.v2.0.NDVI.tif,HLS-VI.S30.T47SQD.2018206T040539.v2.0.NDVI.tif,S30,T47SQD,2018-07-25,2018206,040539
/home/ec2-user/ndvi_sqs_work/gansu/raw/HLS-VI.S30.T47TMF.2018206T040539.v2.0.NDVI.tif,HLS-VI.S30.T47TMF.2018206T040539.v2.0.NDVI.tif,S30,T47TMF,2018-07-25,2018206,040539
/home/ec2-user/ndvi_sqs_work/gansu/raw/HLS-VI.S30.T47TNE.2018206T040539.v2.0.NDVI.tif,HLS-VI.S30.T47TNE.2018206T040539.v2.0.NDVI.tif,S30,T47TNE,2018-07-25,2018206,040539
/home/ec2-user/ndvi_sqs_work/gansu/raw/HLS-VI.S30.T47TNF.2018206T040539.v2.0.NDVI.tif,HLS-VI.S30.T47TNF.2018206T040539.v2.0.NDVI.tif,S30,T47TNF,2018-07-25,2018206,040539
/home/ec2-user/ndvi_sqs_work/gansu/raw/HLS-VI.S30.T47TPE.2018206T040539.v2.0.NDVI.tif,HLS-VI.S30.T47TPE.2018206T040539.v2.0.NDVI.tif,S30,T47TPE,2018-07-25,2018206,040539
/home/ec2-user/ndvi_sqs_work/gansu/raw/HLS-VI.S30.T48STH.2018206T040539.v2.0.NDVI.tif,HLS-VI.S30.T48STH.2018206T040539.v2.0.NDVI.tif,S30,T48STH,2018-07-25,2018206,040539
/home/ec2-user/ndvi_sqs_work/gansu/raw/HLS-VI.S30.T48STJ.2018206T040539.v2.0.NDVI.tif,HLS-VI.S30.T48STJ.2018206T040539.v2.0.NDVI.tif,S30,T48STJ,2018-07-25,2018206,040539
/home/ec2-user/ndvi_sqs_work/gansu/raw/HLS-VI.S30.T46TEL.2018207T042701.v2.0.NDVI.tif,HLS-VI.S30.T46TEL.2018207T042701.v2.0.NDVI.tif,S30,T46TEL,2018-07-26,2018207,042701
/home/ec2-user/ndvi_sqs_work/gansu/raw/HLS-VI.S30.T46TFK.2018207T042701.v2.0.NDVI.tif,HLS-VI.S30.T46TFK.2018207T042701.v2.0.NDVI.tif,S30,T46TFK,2018-07-26,2018207,042701
/home/ec2-user/ndvi_sqs_work/gansu/raw/HLS-VI.S30.T46TFL.2018207T042701.v2.0.NDVI.tif,HLS-VI.S30.T46TFL.2018207T042701.v2.0.NDVI.tif,S30,T46TFL,2018-07-26,2018207,042701
/home/ec2-user/ndvi_sqs_work/gansu/raw/HLS-VI.S30.T46TGL.2018207T042701.v2.0.NDVI.tif,HLS-VI.S30.T46TGL.2018207T042701.v2.0.NDVI.tif,S30,T46TGL,2018-07-26,2018207,042701
/home/ec2-user/ndvi_sqs_work/gansu/raw/HLS-VI.S30.T46TGM.2018207T042701.v2.0.NDVI.tif,HLS-VI.S30.T46TGM.2018207T042701.v2.0.NDVI.tif,S30,T46TGM,2018-07-26,2018207,042701
/home/ec2-user/ndvi_sqs_work/gansu/raw/HLS-VI.S30.T46TGN.2018207T042701.v2.0.NDVI.tif,HLS-VI.S30.T46TGN.2018207T042701.v2.0.NDVI.tif,S30,T46TGN,2018-07-26,2018207,042701
/home/ec2-user/ndvi_sqs_work/gansu/raw/HLS-VI.S30.T47TKF.2018207T042701.v2.0.NDVI.tif,HLS-VI.S30.T47TKF.2018207T042701.v2.0.NDVI.tif,S30,T47TKF,2018-07-26,2018207,042701
/home/ec2-user/ndvi_sqs_work/gansu/raw/HLS-VI.S30.T47TKG.2018207T042701.v2.0.NDVI.tif,HLS-VI.S30.T47TKG.2018207T042701.v2.0.NDVI.tif,S30,T47TKG,2018-07-26,2018207,042701
/home/ec2-user/ndvi_sqs_work/gansu/raw/HLS-VI.S30.T48SUG.2018208T035541.v2.0.NDVI.tif,HLS-VI.S30.T48SUG.2018208T035541.v2.0.NDVI.tif,S30,T48SUG,2018-07-27,2018208,035541
/home/ec2-user/ndvi_sqs_work/gansu/raw/HLS-VI.S30.T48SVG.2018208T035541.v2.0.NDVI.tif,HLS-VI.S30.T48SVG.2018208T035541.v2.0.NDVI.tif,S30,T48SVG,2018-07-27,2018208,035541
/home/ec2-user/ndvi_sqs_work/gansu/raw/HLS-VI.S30.T48SVH.2018208T035541.v2.0.NDVI.tif,HLS-VI.S30.T48SVH.2018208T035541.v2.0.NDVI.tif,S30,T48SVH,2018-07-27,2018208,035541
/home/ec2-user/ndvi_sqs_work/gansu/raw/HLS-VI.S30.T48SVJ.2018208T035541.v2.0.NDVI.tif,HLS-VI.S30.T48SVJ.2018208T035541.v2.0.NDVI.tif,S30,T48SVJ,2018-07-27,2018208,035541
/home/ec2-user/ndvi_sqs_work/gansu/raw/HLS-VI.S30.T46SEH.2018212T042659.v2.0.NDVI.tif,HLS-VI.S30.T46SEH.2018212T042659.v2.0.NDVI.tif,S30,T46SEH,2018-07-31,2018212,042659
/home/ec2-user/ndvi_sqs_work/gansu/raw/HLS-VI.S30.T48SUH.2018213T035709.v2.0.NDVI.tif,HLS-VI.S30.T48SUH.2018213T035709.v2.0.NDVI.tif,S30,T48SUH,2018-08-01,2018213,035709
/home/ec2-user/ndvi_sqs_work/gansu/raw/HLS-VI.S30.T48SVG.2018213T035709.v2.0.NDVI.tif,HLS-VI.S30.T48SVG.2018213T035709.v2.0.NDVI.tif,S30,T48SVG,2018-08-01,2018213,035709
/home/ec2-user/ndvi_sqs_work/gansu/raw/HLS-VI.S30.T47TPF.2018216T040539.v2.0.NDVI.tif,HLS-VI.S30.T47TPF.2018216T040539.v2.0.NDVI.tif,S30,T47TPF,2018-08-04,2018216,040539
/home/ec2-user/ndvi_sqs_work/gansu/raw/HLS-VI.S30.T46TEK.2018217T042701.v2.0.NDVI.tif,HLS-VI.S30.T46TEK.2018217T042701.v2.0.NDVI.tif,S30,T46TEK,2018-08-05,2018217,042701
/home/ec2-user/ndvi_sqs_work/gansu/raw/HLS-VI.S30.T46TEL.2018217T042701.v2.0.NDVI.tif,HLS-VI.S30.T46TEL.2018217T042701.v2.0.NDVI.tif,S30,T46TEL,2018-08-05,2018217,042701
/home/ec2-user/ndvi_sqs_work/gansu/raw/HLS-VI.S30.T46TFK.2018217T042701.v2.0.NDVI.tif,HLS-VI.S30.T46TFK.2018217T042701.v2.0.NDVI.tif,S30,T46TFK,2018-08-05,2018217,042701
/home/ec2-user/ndvi_sqs_work/gansu/raw/HLS-VI.S30.T46TGN.2018217T042701.v2.0.NDVI.tif,HLS-VI.S30.T46TGN.2018217T042701.v2.0.NDVI.tif,S30,T46TGN,2018-08-05,2018217,042701
/home/ec2-user/ndvi_sqs_work/gansu/raw/HLS-VI.S30.T47TLG.2018217T042701.v2.0.NDVI.tif,HLS-VI.S30.T47TLG.2018217T042701.v2.0.NDVI.tif,S30,T47TLG,2018-08-05,2018217,042701
/home/ec2-user/ndvi_sqs_work/gansu/raw/HLS-VI.S30.T47TLH.2018217T042701.v2.0.NDVI.tif,HLS-VI.S30.T47TLH.2018217T042701.v2.0.NDVI.tif,S30,T47TLH,2018-08-05,2018217,042701
/home/ec2-user/ndvi_sqs_work/gansu/raw/HLS-VI.S30.T47TLE.2018219T041549.v2.0.NDVI.tif,HLS-VI.S30.T47TLE.2018219T041549.v2.0.NDVI.tif,S30,T47TLE,2018-08-07,2018219,041549
/home/ec2-user/ndvi_sqs_work/gansu/raw/HLS-VI.S30.T47TLG.2018219T041549.v2.0.NDVI.tif,HLS-VI.S30.T47TLG.2018219T041549.v2.0.NDVI.tif,S30,T47TLG,2018-08-07,2018219,041549
/home/ec2-user/ndvi_sqs_work/gansu/raw/HLS-VI.S30.T47TLH.2018219T041549.v2.0.NDVI.tif,HLS-VI.S30.T47TLH.2018219T041549.v2.0.NDVI.tif,S30,T47TLH,2018-08-07,2018219,041549
/home/ec2-user/ndvi_sqs_work/gansu/raw/HLS-VI.S30.T47TME.2018219T041549.v2.0.NDVI.tif,HLS-VI.S30.T47TME.2018219T041549.v2.0.NDVI.tif,S30,T47TME,2018-08-07,2018219,041549
/home/ec2-user/ndvi_sqs_work/gansu/raw/HLS-VI.S30.T47TMF.2018219T041549.v2.0.NDVI.tif,HLS-VI.S30.T47TMF.2018219T041549.v2.0.NDVI.tif,S30,T47TMF,2018-08-07,2018219,041549
/home/ec2-user/ndvi_sqs_work/gansu/raw/HLS-VI.S30.T47TNE.2018219T041549.v2.0.NDVI.tif,HLS-VI.S30.T47TNE.2018219T041549.v2.0.NDVI.tif,S30,T47TNE,2018-08-07,2018219,041549
/home/ec2-user/ndvi_sqs_work/gansu/raw/HLS-VI.S30.T47TNF.2018219T041549.v2.0.NDVI.tif,HLS-VI.S30.T47TNF.2018219T041549.v2.0.NDVI.tif,S30,T47TNF,2018-08-07,2018219,041549
/home/ec2-user/ndvi_sqs_work/gansu/raw/HLS-VI.S30.T46SDJ.2018220T043701.v2.0.NDVI.tif,HLS-VI.S30.T46SDJ.2018220T043701.v2.0.NDVI.tif,S30,T46SDJ,2018-08-08,2018220,043701
/home/ec2-user/ndvi_sqs_work/gansu/raw/HLS-VI.S30.T46SEH.2018220T043701.v2.0.NDVI.tif,HLS-VI.S30.T46SEH.2018220T043701.v2.0.NDVI.tif,S30,T46SEH,2018-08-08,2018220,043701
/home/ec2-user/ndvi_sqs_work/gansu/raw/HLS-VI.S30.T46SEJ.2018220T043701.v2.0.NDVI.tif,HLS-VI.S30.T46SEJ.2018220T043701.v2.0.NDVI.tif,S30,T46SEJ,2018-08-08,2018220,043701
/home/ec2-user/ndvi_sqs_work/gansu/raw/HLS-VI.S30.T46SFH.2018220T043701.v2.0.NDVI.tif,HLS-VI.S30.T46SFH.2018220T043701.v2.0.NDVI.tif,S30,T46SFH,2018-08-08,2018220,043701
/home/ec2-user/ndvi_sqs_work/gansu/raw/HLS-VI.S30.T46SFJ.2018220T043701.v2.0.NDVI.tif,HLS-VI.S30.T46SFJ.2018220T043701.v2.0.NDVI.tif,S30,T46SFJ,2018-08-08,2018220,043701
/home/ec2-user/ndvi_sqs_work/gansu/raw/HLS-VI.S30.T46TDK.2018220T043701.v2.0.NDVI.tif,HLS-VI.S30.T46TDK.2018220T043701.v2.0.NDVI.tif,S30,T46TDK,2018-08-08,2018220,043701
/home/ec2-user/ndvi_sqs_work/gansu/raw/HLS-VI.S30.T46TEK.2018220T043701.v2.0.NDVI.tif,HLS-VI.S30.T46TEK.2018220T043701.v2.0.NDVI.tif,S30,T46TEK,2018-08-08,2018220,043701
/home/ec2-user/ndvi_sqs_work/gansu/raw/HLS-VI.S30.T46TEL.2018220T043701.v2.0.NDVI.tif,HLS-VI.S30.T46TEL.2018220T043701.v2.0.NDVI.tif,S30,T46TEL,2018-08-08,2018220,043701
/home/ec2-user/ndvi_sqs_work/gansu/raw/HLS-VI.S30.T46TFK.2018220T043701.v2.0.NDVI.tif,HLS-VI.S30.T46TFK.2018220T043701.v2.0.NDVI.tif,S30,T46TFK,2018-08-08,2018220,043701
/home/ec2-user/ndvi_sqs_work/gansu/raw/HLS-VI.S30.T46TFL.2018220T043701.v2.0.NDVI.tif,HLS-VI.S30.T46TFL.2018220T043701.v2.0.NDVI.tif,S30,T46TFL,2018-08-08,2018220,043701
/home/ec2-user/ndvi_sqs_work/gansu/raw/HLS-VI.S30.T46TFM.2018220T043701.v2.0.NDVI.tif,HLS-VI.S30.T46TFM.2018220T043701.v2.0.NDVI.tif,S30,T46TFM,2018-08-08,2018220,043701
/home/ec2-user/ndvi_sqs_work/gansu/raw/HLS-VI.S30.T47SMD.2018221T040541.v2.0.NDVI.tif,HLS-VI.S30.T47SMD.2018221T040541.v2.0.NDVI.tif,S30,T47SMD,2018-08-09,2018221,040541
/home/ec2-user/ndvi_sqs_work/gansu/raw/HLS-VI.S30.T47TME.2018221T040541.v2.0.NDVI.tif,HLS-VI.S30.T47TME.2018221T040541.v2.0.NDVI.tif,S30,T47TME,2018-08-09,2018221,040541
/home/ec2-user/ndvi_sqs_work/gansu/raw/HLS-VI.S30.T47TMF.2018221T040541.v2.0.NDVI.tif,HLS-VI.S30.T47TMF.2018221T040541.v2.0.NDVI.tif,S30,T47TMF,2018-08-09,2018221,040541
/home/ec2-user/ndvi_sqs_work/gansu/raw/HLS-VI.S30.T47TPE.2018221T040541.v2.0.NDVI.tif,HLS-VI.S30.T47TPE.2018221T040541.v2.0.NDVI.tif,S30,T47TPE,2018-08-09,2018221,040541
/home/ec2-user/ndvi_sqs_work/gansu/raw/HLS-VI.S30.T47TPF.2018221T040541.v2.0.NDVI.tif,HLS-VI.S30.T47TPF.2018221T040541.v2.0.NDVI.tif,S30,T47TPF,2018-08-09,2018221,040541
/home/ec2-user/ndvi_sqs_work/gansu/raw/HLS-VI.S30.T46TEK.2018222T042659.v2.0.NDVI.tif,HLS-VI.S30.T46TEK.2018222T042659.v2.0.NDVI.tif,S30,T46TEK,2018-08-10,2018222,042659
/home/ec2-user/ndvi_sqs_work/gansu/raw/HLS-VI.S30.T46TEL.2018222T042659.v2.0.NDVI.tif,HLS-VI.S30.T46TEL.2018222T042659.v2.0.NDVI.tif,S30,T46TEL,2018-08-10,2018222,042659
/home/ec2-user/ndvi_sqs_work/gansu/raw/HLS-VI.S30.T47SLC.2018222T042659.v2.0.NDVI.tif,HLS-VI.S30.T47SLC.2018222T042659.v2.0.NDVI.tif,S30,T47SLC,2018-08-10,2018222,042659
/home/ec2-user/ndvi_sqs_work/gansu/raw/HLS-VI.S30.T48SVJ.2018223T035529.v2.0.NDVI.tif,HLS-VI.S30.T48SVJ.2018223T035529.v2.0.NDVI.tif,S30,T48SVJ,2018-08-11,2018223,035529
/home/ec2-user/ndvi_sqs_work/gansu/raw/HLS-VI.S30.T46SDJ.2018225T043659.v2.0.NDVI.tif,HLS-VI.S30.T46SDJ.2018225T043659.v2.0.NDVI.tif,S30,T46SDJ,2018-08-13,2018225,043659
/home/ec2-user/ndvi_sqs_work/gansu/raw/HLS-VI.S30.T46SEH.2018225T043659.v2.0.NDVI.tif,HLS-VI.S30.T46SEH.2018225T043659.v2.0.NDVI.tif,S30,T46SEH,2018-08-13,2018225,043659
/home/ec2-user/ndvi_sqs_work/gansu/raw/HLS-VI.S30.T46SEJ.2018225T043659.v2.0.NDVI.tif,HLS-VI.S30.T46SEJ.2018225T043659.v2.0.NDVI.tif,S30,T46SEJ,2018-08-13,2018225,043659
/home/ec2-user/ndvi_sqs_work/gansu/raw/HLS-VI.S30.T46SFH.2018225T043659.v2.0.NDVI.tif,HLS-VI.S30.T46SFH.2018225T043659.v2.0.NDVI.tif,S30,T46SFH,2018-08-13,2018225,043659
/home/ec2-user/ndvi_sqs_work/gansu/raw/HLS-VI.S30.T46SFJ.2018225T043659.v2.0.NDVI.tif,HLS-VI.S30.T46SFJ.2018225T043659.v2.0.NDVI.tif,S30,T46SFJ,2018-08-13,2018225,043659
/home/ec2-user/ndvi_sqs_work/gansu/raw/HLS-VI.S30.T46TEK.2018225T043659.v2.0.NDVI.tif,HLS-VI.S30.T46TEK.2018225T043659.v2.0.NDVI.tif,S30,T46TEK,2018-08-13,2018225,043659
/home/ec2-user/ndvi_sqs_work/gansu/raw/HLS-VI.S30.T46TEL.2018225T043659.v2.0.NDVI.tif,HLS-VI.S30.T46TEL.2018225T043659.v2.0.NDVI.tif,S30,T46TEL,2018-08-13,2018225,043659
/home/ec2-user/ndvi_sqs_work/gansu/raw/HLS-VI.S30.T46TFK.2018225T043659.v2.0.NDVI.tif,HLS-VI.S30.T46TFK.2018225T043659.v2.0.NDVI.tif,S30,T46TFK,2018-08-13,2018225,043659
/home/ec2-user/ndvi_sqs_work/gansu/raw/HLS-VI.S30.T46TFL.2018225T043659.v2.0.NDVI.tif,HLS-VI.S30.T46TFL.2018225T043659.v2.0.NDVI.tif,S30,T46TFL,2018-08-13,2018225,043659
/home/ec2-user/ndvi_sqs_work/gansu/raw/HLS-VI.S30.T46TFM.2018225T043659.v2.0.NDVI.tif,HLS-VI.S30.T46TFM.2018225T043659.v2.0.NDVI.tif,S30,T46TFM,2018-08-13,2018225,043659
/home/ec2-user/ndvi_sqs_work/gansu/raw/HLS-VI.S30.T47SPD.2018226T040539.v2.0.NDVI.tif,HLS-VI.S30.T47SPD.2018226T040539.v2.0.NDVI.tif,S30,T47SPD,2018-08-14,2018226,040539
/home/ec2-user/ndvi_sqs_work/gansu/raw/HLS-VI.S30.T46TEK.2018227T042701.v2.0.NDVI.tif,HLS-VI.S30.T46TEK.2018227T042701.v2.0.NDVI.tif,S30,T46TEK,2018-08-15,2018227,042701
/home/ec2-user/ndvi_sqs_work/gansu/raw/HLS-VI.S30.T46TEL.2018227T042701.v2.0.NDVI.tif,HLS-VI.S30.T46TEL.2018227T042701.v2.0.NDVI.tif,S30,T46TEL,2018-08-15,2018227,042701
/home/ec2-user/ndvi_sqs_work/gansu/raw/HLS-VI.S30.T46SGJ.2018229T041539.v2.0.NDVI.tif,HLS-VI.S30.T46SGJ.2018229T041539.v2.0.NDVI.tif,S30,T46SGJ,2018-08-17,2018229,041539
/home/ec2-user/ndvi_sqs_work/gansu/raw/HLS-VI.S30.T47SKD.2018229T041539.v2.0.NDVI.tif,HLS-VI.S30.T47SKD.2018229T041539.v2.0.NDVI.tif,S30,T47SKD,2018-08-17,2018229,041539
/home/ec2-user/ndvi_sqs_work/gansu/raw/HLS-VI.S30.T47SLD.2018229T041539.v2.0.NDVI.tif,HLS-VI.S30.T47SLD.2018229T041539.v2.0.NDVI.tif,S30,T47SLD,2018-08-17,2018229,041539
/home/ec2-user/ndvi_sqs_work/gansu/raw/HLS-VI.S30.T47SMC.2018229T041539.v2.0.NDVI.tif,HLS-VI.S30.T47SMC.2018229T041539.v2.0.NDVI.tif,S30,T47SMC,2018-08-17,2018229,041539
/home/ec2-user/ndvi_sqs_work/gansu/raw/HLS-VI.S30.T47SMD.2018229T041539.v2.0.NDVI.tif,HLS-VI.S30.T47SMD.2018229T041539.v2.0.NDVI.tif,S30,T47SMD,2018-08-17,2018229,041539
/home/ec2-user/ndvi_sqs_work/gansu/raw/HLS-VI.S30.T47SND.2018229T041539.v2.0.NDVI.tif,HLS-VI.S30.T47SND.2018229T041539.v2.0.NDVI.tif,S30,T47SND,2018-08-17,2018229,041539
/home/ec2-user/ndvi_sqs_work/gansu/raw/HLS-VI.S30.T47TKE.2018229T041539.v2.0.NDVI.tif,HLS-VI.S30.T47TKE.2018229T041539.v2.0.NDVI.tif,S30,T47TKE,2018-08-17,2018229,041539
/home/ec2-user/ndvi_sqs_work/gansu/raw/HLS-VI.S30.T47TKF.2018229T041539.v2.0.NDVI.tif,HLS-VI.S30.T47TKF.2018229T041539.v2.0.NDVI.tif,S30,T47TKF,2018-08-17,2018229,041539
/home/ec2-user/ndvi_sqs_work/gansu/raw/HLS-VI.S30.T47TLE.2018229T041539.v2.0.NDVI.tif,HLS-VI.S30.T47TLE.2018229T041539.v2.0.NDVI.tif,S30,T47TLE,2018-08-17,2018229,041539
/home/ec2-user/ndvi_sqs_work/gansu/raw/HLS-VI.S30.T47TLF.2018229T041539.v2.0.NDVI.tif,HLS-VI.S30.T47TLF.2018229T041539.v2.0.NDVI.tif,S30,T47TLF,2018-08-17,2018229,041539
/home/ec2-user/ndvi_sqs_work/gansu/raw/HLS-VI.S30.T47TLG.2018229T041539.v2.0.NDVI.tif,HLS-VI.S30.T47TLG.2018229T041539.v2.0.NDVI.tif,S30,T47TLG,2018-08-17,2018229,041539
/home/ec2-user/ndvi_sqs_work/gansu/raw/HLS-VI.S30.T47TLH.2018229T041539.v2.0.NDVI.tif,HLS-VI.S30.T47TLH.2018229T041539.v2.0.NDVI.tif,S30,T47TLH,2018-08-17,2018229,041539
/home/ec2-user/ndvi_sqs_work/gansu/raw/HLS-VI.S30.T47TME.2018229T041539.v2.0.NDVI.tif,HLS-VI.S30.T47TME.2018229T041539.v2.0.NDVI.tif,S30,T47TME,2018-08-17,2018229,041539
/home/ec2-user/ndvi_sqs_work/gansu/raw/HLS-VI.S30.T47TNE.2018229T041539.v2.0.NDVI.tif,HLS-VI.S30.T47TNE.2018229T041539.v2.0.NDVI.tif,S30,T47TNE,2018-08-17,2018229,041539
/home/ec2-user/ndvi_sqs_work/gansu/raw/HLS-VI.S30.T47TNF.2018229T041539.v2.0.NDVI.tif,HLS-VI.S30.T47TNF.2018229T041539.v2.0.NDVI.tif,S30,T47TNF,2018-08-17,2018229,041539
/home/ec2-user/ndvi_sqs_work/gansu/raw/HLS-VI.S30.T46SEJ.2018230T043701.v2.0.NDVI.tif,HLS-VI.S30.T46SEJ.2018230T043701.v2.0.NDVI.tif,S30,T46SEJ,2018-08-18,2018230,043701
/home/ec2-user/ndvi_sqs_work/gansu/raw/HLS-VI.S30.T46SFJ.2018230T043701.v2.0.NDVI.tif,HLS-VI.S30.T46SFJ.2018230T043701.v2.0.NDVI.tif,S30,T46SFJ,2018-08-18,2018230,043701
/home/ec2-user/ndvi_sqs_work/gansu/raw/HLS-VI.S30.T46TEK.2018230T043701.v2.0.NDVI.tif,HLS-VI.S30.T46TEK.2018230T043701.v2.0.NDVI.tif,S30,T46TEK,2018-08-18,2018230,043701
/home/ec2-user/ndvi_sqs_work/gansu/raw/HLS-VI.S30.T46TEL.2018230T043701.v2.0.NDVI.tif,HLS-VI.S30.T46TEL.2018230T043701.v2.0.NDVI.tif,S30,T46TEL,2018-08-18,2018230,043701
/home/ec2-user/ndvi_sqs_work/gansu/raw/HLS-VI.S30.T46TFK.2018230T043701.v2.0.NDVI.tif,HLS-VI.S30.T46TFK.2018230T043701.v2.0.NDVI.tif,S30,T46TFK,2018-08-18,2018230,043701
/home/ec2-user/ndvi_sqs_work/gansu/raw/HLS-VI.S30.T46TFL.2018230T043701.v2.0.NDVI.tif,HLS-VI.S30.T46TFL.2018230T043701.v2.0.NDVI.tif,S30,T46TFL,2018-08-18,2018230,043701
/home/ec2-user/ndvi_sqs_work/gansu/raw/HLS-VI.S30.T46TFM.2018230T043701.v2.0.NDVI.tif,HLS-VI.S30.T46TFM.2018230T043701.v2.0.NDVI.tif,S30,T46TFM,2018-08-18,2018230,043701
/home/ec2-user/ndvi_sqs_work/gansu/raw/HLS-VI.S30.T48SUJ.2018230T034529.v2.0.NDVI.tif,HLS-VI.S30.T48SUJ.2018230T034529.v2.0.NDVI.tif,S30,T48SUJ,2018-08-18,2018230,034529
/home/ec2-user/ndvi_sqs_work/gansu/raw/HLS-VI.S30.T48SVJ.2018230T034529.v2.0.NDVI.tif,HLS-VI.S30.T48SVJ.2018230T034529.v2.0.NDVI.tif,S30,T48SVJ,2018-08-18,2018230,034529
/home/ec2-user/ndvi_sqs_work/gansu/raw/HLS-VI.S30.T47SLC.2018232T042659.v2.0.NDVI.tif,HLS-VI.S30.T47SLC.2018232T042659.v2.0.NDVI.tif,S30,T47SLC,2018-08-20,2018232,042659
/home/ec2-user/ndvi_sqs_work/gansu/raw/HLS-VI.S30.T46SGH.2018234T041551.v2.0.NDVI.tif,HLS-VI.S30.T46SGH.2018234T041551.v2.0.NDVI.tif,S30,T46SGH,2018-08-22,2018234,041551
/home/ec2-user/ndvi_sqs_work/gansu/raw/HLS-VI.S30.T46SGJ.2018234T041551.v2.0.NDVI.tif,HLS-VI.S30.T46SGJ.2018234T041551.v2.0.NDVI.tif,S30,T46SGJ,2018-08-22,2018234,041551
/home/ec2-user/ndvi_sqs_work/gansu/raw/HLS-VI.S30.T46TGK.2018234T041551.v2.0.NDVI.tif,HLS-VI.S30.T46TGK.2018234T041551.v2.0.NDVI.tif,S30,T46TGK,2018-08-22,2018234,041551
/home/ec2-user/ndvi_sqs_work/gansu/raw/HLS-VI.S30.T46TGL.2018234T041551.v2.0.NDVI.tif,HLS-VI.S30.T46TGL.2018234T041551.v2.0.NDVI.tif,S30,T46TGL,2018-08-22,2018234,041551
/home/ec2-user/ndvi_sqs_work/gansu/raw/HLS-VI.S30.T46TGM.2018234T041551.v2.0.NDVI.tif,HLS-VI.S30.T46TGM.2018234T041551.v2.0.NDVI.tif,S30,T46TGM,2018-08-22,2018234,041551
/home/ec2-user/ndvi_sqs_work/gansu/raw/HLS-VI.S30.T47SKC.2018234T041551.v2.0.NDVI.tif,HLS-VI.S30.T47SKC.2018234T041551.v2.0.NDVI.tif,S30,T47SKC,2018-08-22,2018234,041551
/home/ec2-user/ndvi_sqs_work/gansu/raw/HLS-VI.S30.T47SKD.2018234T041551.v2.0.NDVI.tif,HLS-VI.S30.T47SKD.2018234T041551.v2.0.NDVI.tif,S30,T47SKD,2018-08-22,2018234,041551
/home/ec2-user/ndvi_sqs_work/gansu/raw/HLS-VI.S30.T47SMC.2018234T041551.v2.0.NDVI.tif,HLS-VI.S30.T47SMC.2018234T041551.v2.0.NDVI.tif,S30,T47SMC,2018-08-22,2018234,041551
/home/ec2-user/ndvi_sqs_work/gansu/raw/HLS-VI.S30.T47SMD.2018234T041551.v2.0.NDVI.tif,HLS-VI.S30.T47SMD.2018234T041551.v2.0.NDVI.tif,S30,T47SMD,2018-08-22,2018234,041551
/home/ec2-user/ndvi_sqs_work/gansu/raw/HLS-VI.S30.T47SND.2018234T041551.v2.0.NDVI.tif,HLS-VI.S30.T47SND.2018234T041551.v2.0.NDVI.tif,S30,T47SND,2018-08-22,2018234,041551
/home/ec2-user/ndvi_sqs_work/gansu/raw/HLS-VI.S30.T47TKE.2018234T041551.v2.0.NDVI.tif,HLS-VI.S30.T47TKE.2018234T041551.v2.0.NDVI.tif,S30,T47TKE,2018-08-22,2018234,041551
/home/ec2-user/ndvi_sqs_work/gansu/raw/HLS-VI.S30.T47TKF.2018234T041551.v2.0.NDVI.tif,HLS-VI.S30.T47TKF.2018234T041551.v2.0.NDVI.tif,S30,T47TKF,2018-08-22,2018234,041551
/home/ec2-user/ndvi_sqs_work/gansu/raw/HLS-VI.S30.T47TLE.2018234T041551.v2.0.NDVI.tif,HLS-VI.S30.T47TLE.2018234T041551.v2.0.NDVI.tif,S30,T47TLE,2018-08-22,2018234,041551
/home/ec2-user/ndvi_sqs_work/gansu/raw/HLS-VI.S30.T47TLF.2018234T041551.v2.0.NDVI.tif,HLS-VI.S30.T47TLF.2018234T041551.v2.0.NDVI.tif,S30,T47TLF,2018-08-22,2018234,041551
/home/ec2-user/ndvi_sqs_work/gansu/raw/HLS-VI.S30.T47TLH.2018234T041551.v2.0.NDVI.tif,HLS-VI.S30.T47TLH.2018234T041551.v2.0.NDVI.tif,S30,T47TLH,2018-08-22,2018234,041551
/home/ec2-user/ndvi_sqs_work/gansu/raw/HLS-VI.S30.T47TME.2018234T041551.v2.0.NDVI.tif,HLS-VI.S30.T47TME.2018234T041551.v2.0.NDVI.tif,S30,T47TME,2018-08-22,2018234,041551
/home/ec2-user/ndvi_sqs_work/gansu/raw/HLS-VI.S30.T47TMF.2018234T041551.v2.0.NDVI.tif,HLS-VI.S30.T47TMF.2018234T041551.v2.0.NDVI.tif,S30,T47TMF,2018-08-22,2018234,041551
/home/ec2-user/ndvi_sqs_work/gansu/raw/HLS-VI.S30.T47TNE.2018234T041551.v2.0.NDVI.tif,HLS-VI.S30.T47TNE.2018234T041551.v2.0.NDVI.tif,S30,T47TNE,2018-08-22,2018234,041551
/home/ec2-user/ndvi_sqs_work/gansu/raw/HLS-VI.S30.T47TNF.2018234T041551.v2.0.NDVI.tif,HLS-VI.S30.T47TNF.2018234T041551.v2.0.NDVI.tif,S30,T47TNF,2018-08-22,2018234,041551
/home/ec2-user/ndvi_sqs_work/gansu/raw/HLS-VI.S30.T46SFH.2018235T043659.v2.0.NDVI.tif,HLS-VI.S30.T46SFH.2018235T043659.v2.0.NDVI.tif,S30,T46SFH,2018-08-23,2018235,043659
/home/ec2-user/ndvi_sqs_work/gansu/raw/HLS-VI.S30.T46TEK.2018235T043659.v2.0.NDVI.tif,HLS-VI.S30.T46TEK.2018235T043659.v2.0.NDVI.tif,S30,T46TEK,2018-08-23,2018235,043659
/home/ec2-user/ndvi_sqs_work/gansu/raw/HLS-VI.S30.T47SQT.2018235T034531.v2.0.NDVI.tif,HLS-VI.S30.T47SQT.2018235T034531.v2.0.NDVI.tif,S30,T47SQT,2018-08-23,2018235,034531
/home/ec2-user/ndvi_sqs_work/gansu/raw/HLS-VI.S30.T47SQU.2018235T034531.v2.0.NDVI.tif,HLS-VI.S30.T47SQU.2018235T034531.v2.0.NDVI.tif,S30,T47SQU,2018-08-23,2018235,034531
/home/ec2-user/ndvi_sqs_work/gansu/raw/HLS-VI.S30.T48STC.2018235T034531.v2.0.NDVI.tif,HLS-VI.S30.T48STC.2018235T034531.v2.0.NDVI.tif,S30,T48STC,2018-08-23,2018235,034531
/home/ec2-user/ndvi_sqs_work/gansu/raw/HLS-VI.S30.T48STD.2018235T034531.v2.0.NDVI.tif,HLS-VI.S30.T48STD.2018235T034531.v2.0.NDVI.tif,S30,T48STD,2018-08-23,2018235,034531
/home/ec2-user/ndvi_sqs_work/gansu/raw/HLS-VI.S30.T48SUB.2018235T034531.v2.0.NDVI.tif,HLS-VI.S30.T48SUB.2018235T034531.v2.0.NDVI.tif,S30,T48SUB,2018-08-23,2018235,034531
/home/ec2-user/ndvi_sqs_work/gansu/raw/HLS-VI.S30.T48SUC.2018235T034531.v2.0.NDVI.tif,HLS-VI.S30.T48SUC.2018235T034531.v2.0.NDVI.tif,S30,T48SUC,2018-08-23,2018235,034531
/home/ec2-user/ndvi_sqs_work/gansu/raw/HLS-VI.S30.T48SUD.2018235T034531.v2.0.NDVI.tif,HLS-VI.S30.T48SUD.2018235T034531.v2.0.NDVI.tif,S30,T48SUD,2018-08-23,2018235,034531
/home/ec2-user/ndvi_sqs_work/gansu/raw/HLS-VI.S30.T48SUE.2018235T034531.v2.0.NDVI.tif,HLS-VI.S30.T48SUE.2018235T034531.v2.0.NDVI.tif,S30,T48SUE,2018-08-23,2018235,034531
/home/ec2-user/ndvi_sqs_work/gansu/raw/HLS-VI.S30.T48SUF.2018235T034531.v2.0.NDVI.tif,HLS-VI.S30.T48SUF.2018235T034531.v2.0.NDVI.tif,S30,T48SUF,2018-08-23,2018235,034531
/home/ec2-user/ndvi_sqs_work/gansu/raw/HLS-VI.S30.T48SUG.2018235T034531.v2.0.NDVI.tif,HLS-VI.S30.T48SUG.2018235T034531.v2.0.NDVI.tif,S30,T48SUG,2018-08-23,2018235,034531
/home/ec2-user/ndvi_sqs_work/gansu/raw/HLS-VI.S30.T48SUH.2018235T034531.v2.0.NDVI.tif,HLS-VI.S30.T48SUH.2018235T034531.v2.0.NDVI.tif,S30,T48SUH,2018-08-23,2018235,034531
/home/ec2-user/ndvi_sqs_work/gansu/raw/HLS-VI.S30.T48SVF.2018235T034531.v2.0.NDVI.tif,HLS-VI.S30.T48SVF.2018235T034531.v2.0.NDVI.tif,S30,T48SVF,2018-08-23,2018235,034531
/home/ec2-user/ndvi_sqs_work/gansu/raw/HLS-VI.S30.T48SVG.2018235T034531.v2.0.NDVI.tif,HLS-VI.S30.T48SVG.2018235T034531.v2.0.NDVI.tif,S30,T48SVG,2018-08-23,2018235,034531
/home/ec2-user/ndvi_sqs_work/gansu/raw/HLS-VI.S30.T48SVH.2018235T034531.v2.0.NDVI.tif,HLS-VI.S30.T48SVH.2018235T034531.v2.0.NDVI.tif,S30,T48SVH,2018-08-23,2018235,034531
/home/ec2-user/ndvi_sqs_work/gansu/raw/HLS-VI.S30.T48SWE.2018235T034531.v2.0.NDVI.tif,HLS-VI.S30.T48SWE.2018235T034531.v2.0.NDVI.tif,S30,T48SWE,2018-08-23,2018235,034531
/home/ec2-user/ndvi_sqs_work/gansu/raw/HLS-VI.S30.T48SWF.2018235T034531.v2.0.NDVI.tif,HLS-VI.S30.T48SWF.2018235T034531.v2.0.NDVI.tif,S30,T48SWF,2018-08-23,2018235,034531
/home/ec2-user/ndvi_sqs_work/gansu/raw/HLS-VI.S30.T48SWG.2018235T034531.v2.0.NDVI.tif,HLS-VI.S30.T48SWG.2018235T034531.v2.0.NDVI.tif,S30,T48SWG,2018-08-23,2018235,034531
/home/ec2-user/ndvi_sqs_work/gansu/raw/HLS-VI.S30.T46SGJ.2018237T042701.v2.0.NDVI.tif,HLS-VI.S30.T46SGJ.2018237T042701.v2.0.NDVI.tif,S30,T46SGJ,2018-08-25,2018237,042701
/home/ec2-user/ndvi_sqs_work/gansu/raw/HLS-VI.S30.T46TFM.2018237T042701.v2.0.NDVI.tif,HLS-VI.S30.T46TFM.2018237T042701.v2.0.NDVI.tif,S30,T46TFM,2018-08-25,2018237,042701
/home/ec2-user/ndvi_sqs_work/gansu/raw/HLS-VI.S30.T46TGK.2018237T042701.v2.0.NDVI.tif,HLS-VI.S30.T46TGK.2018237T042701.v2.0.NDVI.tif,S30,T46TGK,2018-08-25,2018237,042701
/home/ec2-user/ndvi_sqs_work/gansu/raw/HLS-VI.S30.T46TGL.2018237T042701.v2.0.NDVI.tif,HLS-VI.S30.T46TGL.2018237T042701.v2.0.NDVI.tif,S30,T46TGL,2018-08-25,2018237,042701
/home/ec2-user/ndvi_sqs_work/gansu/raw/HLS-VI.S30.T46TGM.2018237T042701.v2.0.NDVI.tif,HLS-VI.S30.T46TGM.2018237T042701.v2.0.NDVI.tif,S30,T46TGM,2018-08-25,2018237,042701
/home/ec2-user/ndvi_sqs_work/gansu/raw/HLS-VI.S30.T47TKE.2018237T042701.v2.0.NDVI.tif,HLS-VI.S30.T47TKE.2018237T042701.v2.0.NDVI.tif,S30,T47TKE,2018-08-25,2018237,042701
/home/ec2-user/ndvi_sqs_work/gansu/raw/HLS-VI.S30.T47TKF.2018237T042701.v2.0.NDVI.tif,HLS-VI.S30.T47TKF.2018237T042701.v2.0.NDVI.tif,S30,T47TKF,2018-08-25,2018237,042701
/home/ec2-user/ndvi_sqs_work/gansu/raw/HLS-VI.S30.T47TKG.2018237T042701.v2.0.NDVI.tif,HLS-VI.S30.T47TKG.2018237T042701.v2.0.NDVI.tif,S30,T47TKG,2018-08-25,2018237,042701
/home/ec2-user/ndvi_sqs_work/gansu/raw/HLS-VI.S30.T47TLE.2018237T042701.v2.0.NDVI.tif,HLS-VI.S30.T47TLE.2018237T042701.v2.0.NDVI.tif,S30,T47TLE,2018-08-25,2018237,042701
/home/ec2-user/ndvi_sqs_work/gansu/raw/HLS-VI.S30.T47TLF.2018237T042701.v2.0.NDVI.tif,HLS-VI.S30.T47TLF.2018237T042701.v2.0.NDVI.tif,S30,T47TLF,2018-08-25,2018237,042701
/home/ec2-user/ndvi_sqs_work/gansu/raw/HLS-VI.S30.T47TLG.2018237T042701.v2.0.NDVI.tif,HLS-VI.S30.T47TLG.2018237T042701.v2.0.NDVI.tif,S30,T47TLG,2018-08-25,2018237,042701
/home/ec2-user/ndvi_sqs_work/gansu/raw/HLS-VI.S30.T46TGK.2018239T041539.v2.0.NDVI.tif,HLS-VI.S30.T46TGK.2018239T041539.v2.0.NDVI.tif,S30,T46TGK,2018-08-27,2018239,041539
/home/ec2-user/ndvi_sqs_work/gansu/raw/HLS-VI.S30.T46TGL.2018239T041539.v2.0.NDVI.tif,HLS-VI.S30.T46TGL.2018239T041539.v2.0.NDVI.tif,S30,T46TGL,2018-08-27,2018239,041539
/home/ec2-user/ndvi_sqs_work/gansu/raw/HLS-VI.S30.T47TKE.2018239T041539.v2.0.NDVI.tif,HLS-VI.S30.T47TKE.2018239T041539.v2.0.NDVI.tif,S30,T47TKE,2018-08-27,2018239,041539
/home/ec2-user/ndvi_sqs_work/gansu/raw/HLS-VI.S30.T47TKF.2018239T041539.v2.0.NDVI.tif,HLS-VI.S30.T47TKF.2018239T041539.v2.0.NDVI.tif,S30,T47TKF,2018-08-27,2018239,041539
/home/ec2-user/ndvi_sqs_work/gansu/raw/HLS-VI.S30.T47TLE.2018239T041539.v2.0.NDVI.tif,HLS-VI.S30.T47TLE.2018239T041539.v2.0.NDVI.tif,S30,T47TLE,2018-08-27,2018239,041539
/home/ec2-user/ndvi_sqs_work/gansu/raw/HLS-VI.S30.T47TLF.2018239T041539.v2.0.NDVI.tif,HLS-VI.S30.T47TLF.2018239T041539.v2.0.NDVI.tif,S30,T47TLF,2018-08-27,2018239,041539
/home/ec2-user/ndvi_sqs_work/gansu/raw/HLS-VI.S30.T47TLG.2018239T041539.v2.0.NDVI.tif,HLS-VI.S30.T47TLG.2018239T041539.v2.0.NDVI.tif,S30,T47TLG,2018-08-27,2018239,041539
/home/ec2-user/ndvi_sqs_work/gansu/raw/HLS-VI.S30.T47TLH.2018239T041539.v2.0.NDVI.tif,HLS-VI.S30.T47TLH.2018239T041539.v2.0.NDVI.tif,S30,T47TLH,2018-08-27,2018239,041539
/home/ec2-user/ndvi_sqs_work/gansu/raw/HLS-VI.S30.T47TME.2018239T041539.v2.0.NDVI.tif,HLS-VI.S30.T47TME.2018239T041539.v2.0.NDVI.tif,S30,T47TME,2018-08-27,2018239,041539
/home/ec2-user/ndvi_sqs_work/gansu/raw/HLS-VI.S30.T47TMF.2018239T041539.v2.0.NDVI.tif,HLS-VI.S30.T47TMF.2018239T041539.v2.0.NDVI.tif,S30,T47TMF,2018-08-27,2018239,041539
/home/ec2-user/ndvi_sqs_work/gansu/raw/HLS-VI.S30.T47TNE.2018239T041539.v2.0.NDVI.tif,HLS-VI.S30.T47TNE.2018239T041539.v2.0.NDVI.tif,S30,T47TNE,2018-08-27,2018239,041539
/home/ec2-user/ndvi_sqs_work/gansu/raw/HLS-VI.S30.T47TNF.2018239T041539.v2.0.NDVI.tif,HLS-VI.S30.T47TNF.2018239T041539.v2.0.NDVI.tif,S30,T47TNF,2018-08-27,2018239,041539
/home/ec2-user/ndvi_sqs_work/gansu/raw/HLS-VI.S30.T47TKG.2018244T041551.v2.0.NDVI.tif,HLS-VI.S30.T47TKG.2018244T041551.v2.0.NDVI.tif,S30,T47TKG,2018-09-01,2018244,041551
/home/ec2-user/ndvi_sqs_work/gansu/raw/HLS-VI.S30.T47TMF.2018244T041551.v2.0.NDVI.tif,HLS-VI.S30.T47TMF.2018244T041551.v2.0.NDVI.tif,S30,T47TMF,2018-09-01,2018244,041551
/home/ec2-user/ndvi_sqs_work/gansu/raw/HLS-VI.S30.T47TNF.2018244T041551.v2.0.NDVI.tif,HLS-VI.S30.T47TNF.2018244T041551.v2.0.NDVI.tif,S30,T47TNF,2018-09-01,2018244,041551
/home/ec2-user/ndvi_sqs_work/gansu/raw/HLS-VI.S30.T46SDJ.2018245T043649.v2.0.NDVI.tif,HLS-VI.S30.T46SDJ.2018245T043649.v2.0.NDVI.tif,S30,T46SDJ,2018-09-02,2018245,043649
/home/ec2-user/ndvi_sqs_work/gansu/raw/HLS-VI.S30.T46SEH.2018245T043649.v2.0.NDVI.tif,HLS-VI.S30.T46SEH.2018245T043649.v2.0.NDVI.tif,S30,T46SEH,2018-09-02,2018245,043649
/home/ec2-user/ndvi_sqs_work/gansu/raw/HLS-VI.S30.T46SEJ.2018245T043649.v2.0.NDVI.tif,HLS-VI.S30.T46SEJ.2018245T043649.v2.0.NDVI.tif,S30,T46SEJ,2018-09-02,2018245,043649
/home/ec2-user/ndvi_sqs_work/gansu/raw/HLS-VI.S30.T46SFH.2018245T043649.v2.0.NDVI.tif,HLS-VI.S30.T46SFH.2018245T043649.v2.0.NDVI.tif,S30,T46SFH,2018-09-02,2018245,043649
/home/ec2-user/ndvi_sqs_work/gansu/raw/HLS-VI.S30.T46SFJ.2018245T043649.v2.0.NDVI.tif,HLS-VI.S30.T46SFJ.2018245T043649.v2.0.NDVI.tif,S30,T46SFJ,2018-09-02,2018245,043649
/home/ec2-user/ndvi_sqs_work/gansu/raw/HLS-VI.S30.T46TDK.2018245T043649.v2.0.NDVI.tif,HLS-VI.S30.T46TDK.2018245T043649.v2.0.NDVI.tif,S30,T46TDK,2018-09-02,2018245,043649
/home/ec2-user/ndvi_sqs_work/gansu/raw/HLS-VI.S30.T46TEK.2018245T043649.v2.0.NDVI.tif,HLS-VI.S30.T46TEK.2018245T043649.v2.0.NDVI.tif,S30,T46TEK,2018-09-02,2018245,043649
/home/ec2-user/ndvi_sqs_work/gansu/raw/HLS-VI.S30.T46TEL.2018245T043649.v2.0.NDVI.tif,HLS-VI.S30.T46TEL.2018245T043649.v2.0.NDVI.tif,S30,T46TEL,2018-09-02,2018245,043649
/home/ec2-user/ndvi_sqs_work/gansu/raw/HLS-VI.S30.T46TFK.2018245T043649.v2.0.NDVI.tif,HLS-VI.S30.T46TFK.2018245T043649.v2.0.NDVI.tif,S30,T46TFK,2018-09-02,2018245,043649
/home/ec2-user/ndvi_sqs_work/gansu/raw/HLS-VI.S30.T46TFL.2018245T043649.v2.0.NDVI.tif,HLS-VI.S30.T46TFL.2018245T043649.v2.0.NDVI.tif,S30,T46TFL,2018-09-02,2018245,043649
/home/ec2-user/ndvi_sqs_work/gansu/raw/HLS-VI.S30.T46TFM.2018245T043649.v2.0.NDVI.tif,HLS-VI.S30.T46TFM.2018245T043649.v2.0.NDVI.tif,S30,T46TFM,2018-09-02,2018245,043649
/home/ec2-user/ndvi_sqs_work/gansu/raw/HLS-VI.S30.T47SQB.2018246T040659.v2.0.NDVI.tif,HLS-VI.S30.T47SQB.2018246T040659.v2.0.NDVI.tif,S30,T47SQB,2018-09-03,2018246,040659
/home/ec2-user/ndvi_sqs_work/gansu/raw/HLS-VI.S30.T47TPE.2018246T040659.v2.0.NDVI.tif,HLS-VI.S30.T47TPE.2018246T040659.v2.0.NDVI.tif,S30,T47TPE,2018-09-03,2018246,040659
/home/ec2-user/ndvi_sqs_work/gansu/raw/HLS-VI.S30.T46TEL.2018247T042701.v2.0.NDVI.tif,HLS-VI.S30.T46TEL.2018247T042701.v2.0.NDVI.tif,S30,T46TEL,2018-09-04,2018247,042701
/home/ec2-user/ndvi_sqs_work/gansu/raw/HLS-VI.S30.T46TFM.2018247T042701.v2.0.NDVI.tif,HLS-VI.S30.T46TFM.2018247T042701.v2.0.NDVI.tif,S30,T46TFM,2018-09-04,2018247,042701
/home/ec2-user/ndvi_sqs_work/gansu/raw/HLS-VI.S30.T46TGL.2018249T041659.v2.0.NDVI.tif,HLS-VI.S30.T46TGL.2018249T041659.v2.0.NDVI.tif,S30,T46TGL,2018-09-06,2018249,041659
/home/ec2-user/ndvi_sqs_work/gansu/raw/HLS-VI.S30.T47TKF.2018249T041659.v2.0.NDVI.tif,HLS-VI.S30.T47TKF.2018249T041659.v2.0.NDVI.tif,S30,T47TKF,2018-09-06,2018249,041659
/home/ec2-user/ndvi_sqs_work/gansu/raw/HLS-VI.S30.T47TLF.2018249T041659.v2.0.NDVI.tif,HLS-VI.S30.T47TLF.2018249T041659.v2.0.NDVI.tif,S30,T47TLF,2018-09-06,2018249,041659
/home/ec2-user/ndvi_sqs_work/gansu/raw/HLS-VI.S30.T47TLG.2018249T041659.v2.0.NDVI.tif,HLS-VI.S30.T47TLG.2018249T041659.v2.0.NDVI.tif,S30,T47TLG,2018-09-06,2018249,041659
/home/ec2-user/ndvi_sqs_work/gansu/raw/HLS-VI.S30.T47TLH.2018249T041659.v2.0.NDVI.tif,HLS-VI.S30.T47TLH.2018249T041659.v2.0.NDVI.tif,S30,T47TLH,2018-09-06,2018249,041659
/home/ec2-user/ndvi_sqs_work/gansu/raw/HLS-VI.S30.T47TME.2018249T041659.v2.0.NDVI.tif,HLS-VI.S30.T47TME.2018249T041659.v2.0.NDVI.tif,S30,T47TME,2018-09-06,2018249,041659
/home/ec2-user/ndvi_sqs_work/gansu/raw/HLS-VI.S30.T47TMF.2018249T041659.v2.0.NDVI.tif,HLS-VI.S30.T47TMF.2018249T041659.v2.0.NDVI.tif,S30,T47TMF,2018-09-06,2018249,041659
/home/ec2-user/ndvi_sqs_work/gansu/raw/HLS-VI.S30.T47TNE.2018249T041659.v2.0.NDVI.tif,HLS-VI.S30.T47TNE.2018249T041659.v2.0.NDVI.tif,S30,T47TNE,2018-09-06,2018249,041659
/home/ec2-user/ndvi_sqs_work/gansu/raw/HLS-VI.S30.T47TNF.2018249T041659.v2.0.NDVI.tif,HLS-VI.S30.T47TNF.2018249T041659.v2.0.NDVI.tif,S30,T47TNF,2018-09-06,2018249,041659
/home/ec2-user/ndvi_sqs_work/gansu/raw/HLS-VI.S30.T48SYE.2018249T032531.v2.0.NDVI.tif,HLS-VI.S30.T48SYE.2018249T032531.v2.0.NDVI.tif,S30,T48SYE,2018-09-06,2018249,032531
/home/ec2-user/ndvi_sqs_work/gansu/raw/HLS-VI.S30.T48SYF.2018249T032531.v2.0.NDVI.tif,HLS-VI.S30.T48SYF.2018249T032531.v2.0.NDVI.tif,S30,T48SYF,2018-09-06,2018249,032531
/home/ec2-user/ndvi_sqs_work/gansu/raw/HLS-VI.S30.T49SBA.2018249T032531.v2.0.NDVI.tif,HLS-VI.S30.T49SBA.2018249T032531.v2.0.NDVI.tif,S30,T49SBA,2018-09-06,2018249,032531
/home/ec2-user/ndvi_sqs_work/gansu/raw/HLS-VI.S30.T49SBV.2018249T032531.v2.0.NDVI.tif,HLS-VI.S30.T49SBV.2018249T032531.v2.0.NDVI.tif,S30,T49SBV,2018-09-06,2018249,032531
/home/ec2-user/ndvi_sqs_work/gansu/raw/HLS-VI.S30.T49SCA.2018249T032531.v2.0.NDVI.tif,HLS-VI.S30.T49SCA.2018249T032531.v2.0.NDVI.tif,S30,T49SCA,2018-09-06,2018249,032531
/home/ec2-user/ndvi_sqs_work/gansu/raw/HLS-VI.S30.T46SFH.2018250T043701.v2.0.NDVI.tif,HLS-VI.S30.T46SFH.2018250T043701.v2.0.NDVI.tif,S30,T46SFH,2018-09-07,2018250,043701
/home/ec2-user/ndvi_sqs_work/gansu/raw/HLS-VI.S30.T48SUF.2018250T034529.v2.0.NDVI.tif,HLS-VI.S30.T48SUF.2018250T034529.v2.0.NDVI.tif,S30,T48SUF,2018-09-07,2018250,034529
/home/ec2-user/ndvi_sqs_work/gansu/raw/HLS-VI.S30.T48SUG.2018250T034529.v2.0.NDVI.tif,HLS-VI.S30.T48SUG.2018250T034529.v2.0.NDVI.tif,S30,T48SUG,2018-09-07,2018250,034529
/home/ec2-user/ndvi_sqs_work/gansu/raw/HLS-VI.S30.T48SUH.2018250T034529.v2.0.NDVI.tif,HLS-VI.S30.T48SUH.2018250T034529.v2.0.NDVI.tif,S30,T48SUH,2018-09-07,2018250,034529
/home/ec2-user/ndvi_sqs_work/gansu/raw/HLS-VI.S30.T48SUJ.2018250T034529.v2.0.NDVI.tif,HLS-VI.S30.T48SUJ.2018250T034529.v2.0.NDVI.tif,S30,T48SUJ,2018-09-07,2018250,034529
/home/ec2-user/ndvi_sqs_work/gansu/raw/HLS-VI.S30.T48SVG.2018250T034529.v2.0.NDVI.tif,HLS-VI.S30.T48SVG.2018250T034529.v2.0.NDVI.tif,S30,T48SVG,2018-09-07,2018250,034529
/home/ec2-user/ndvi_sqs_work/gansu/raw/HLS-VI.S30.T48SVH.2018250T034529.v2.0.NDVI.tif,HLS-VI.S30.T48SVH.2018250T034529.v2.0.NDVI.tif,S30,T48SVH,2018-09-07,2018250,034529
/home/ec2-user/ndvi_sqs_work/gansu/raw/HLS-VI.S30.T48SWF.2018250T034529.v2.0.NDVI.tif,HLS-VI.S30.T48SWF.2018250T034529.v2.0.NDVI.tif,S30,T48SWF,2018-09-07,2018250,034529
/home/ec2-user/ndvi_sqs_work/gansu/raw/HLS-VI.S30.T48SWG.2018250T034529.v2.0.NDVI.tif,HLS-VI.S30.T48SWG.2018250T034529.v2.0.NDVI.tif,S30,T48SWG,2018-09-07,2018250,034529
/home/ec2-user/ndvi_sqs_work/gansu/raw/HLS-VI.S30.T46SEH.2018252T042659.v2.0.NDVI.tif,HLS-VI.S30.T46SEH.2018252T042659.v2.0.NDVI.tif,S30,T46SEH,2018-09-09,2018252,042659
/home/ec2-user/ndvi_sqs_work/gansu/raw/HLS-VI.S30.T46SEJ.2018252T042659.v2.0.NDVI.tif,HLS-VI.S30.T46SEJ.2018252T042659.v2.0.NDVI.tif,S30,T46SEJ,2018-09-09,2018252,042659
/home/ec2-user/ndvi_sqs_work/gansu/raw/HLS-VI.S30.T46SFH.2018252T042659.v2.0.NDVI.tif,HLS-VI.S30.T46SFH.2018252T042659.v2.0.NDVI.tif,S30,T46SFH,2018-09-09,2018252,042659
/home/ec2-user/ndvi_sqs_work/gansu/raw/HLS-VI.S30.T46TEK.2018252T042659.v2.0.NDVI.tif,HLS-VI.S30.T46TEK.2018252T042659.v2.0.NDVI.tif,S30,T46TEK,2018-09-09,2018252,042659
/home/ec2-user/ndvi_sqs_work/gansu/raw/HLS-VI.S30.T46TEL.2018252T042659.v2.0.NDVI.tif,HLS-VI.S30.T46TEL.2018252T042659.v2.0.NDVI.tif,S30,T46TEL,2018-09-09,2018252,042659
/home/ec2-user/ndvi_sqs_work/gansu/raw/HLS-VI.S30.T46TFK.2018252T042659.v2.0.NDVI.tif,HLS-VI.S30.T46TFK.2018252T042659.v2.0.NDVI.tif,S30,T46TFK,2018-09-09,2018252,042659
/home/ec2-user/ndvi_sqs_work/gansu/raw/HLS-VI.S30.T46TFL.2018252T042659.v2.0.NDVI.tif,HLS-VI.S30.T46TFL.2018252T042659.v2.0.NDVI.tif,S30,T46TFL,2018-09-09,2018252,042659
/home/ec2-user/ndvi_sqs_work/gansu/raw/HLS-VI.S30.T46TFM.2018252T042659.v2.0.NDVI.tif,HLS-VI.S30.T46TFM.2018252T042659.v2.0.NDVI.tif,S30,T46TFM,2018-09-09,2018252,042659
/home/ec2-user/ndvi_sqs_work/gansu/raw/HLS-VI.S30.T46TGK.2018252T042659.v2.0.NDVI.tif,HLS-VI.S30.T46TGK.2018252T042659.v2.0.NDVI.tif,S30,T46TGK,2018-09-09,2018252,042659
/home/ec2-user/ndvi_sqs_work/gansu/raw/HLS-VI.S30.T46TGL.2018252T042659.v2.0.NDVI.tif,HLS-VI.S30.T46TGL.2018252T042659.v2.0.NDVI.tif,S30,T46TGL,2018-09-09,2018252,042659
/home/ec2-user/ndvi_sqs_work/gansu/raw/HLS-VI.S30.T46TGM.2018252T042659.v2.0.NDVI.tif,HLS-VI.S30.T46TGM.2018252T042659.v2.0.NDVI.tif,S30,T46TGM,2018-09-09,2018252,042659
/home/ec2-user/ndvi_sqs_work/gansu/raw/HLS-VI.S30.T46TGN.2018252T042659.v2.0.NDVI.tif,HLS-VI.S30.T46TGN.2018252T042659.v2.0.NDVI.tif,S30,T46TGN,2018-09-09,2018252,042659
/home/ec2-user/ndvi_sqs_work/gansu/raw/HLS-VI.S30.T47TKE.2018252T042659.v2.0.NDVI.tif,HLS-VI.S30.T47TKE.2018252T042659.v2.0.NDVI.tif,S30,T47TKE,2018-09-09,2018252,042659
/home/ec2-user/ndvi_sqs_work/gansu/raw/HLS-VI.S30.T47TKF.2018252T042659.v2.0.NDVI.tif,HLS-VI.S30.T47TKF.2018252T042659.v2.0.NDVI.tif,S30,T47TKF,2018-09-09,2018252,042659
/home/ec2-user/ndvi_sqs_work/gansu/raw/HLS-VI.S30.T47TKG.2018252T042659.v2.0.NDVI.tif,HLS-VI.S30.T47TKG.2018252T042659.v2.0.NDVI.tif,S30,T47TKG,2018-09-09,2018252,042659
/home/ec2-user/ndvi_sqs_work/gansu/raw/HLS-VI.S30.T47TLE.2018252T042659.v2.0.NDVI.tif,HLS-VI.S30.T47TLE.2018252T042659.v2.0.NDVI.tif,S30,T47TLE,2018-09-09,2018252,042659
/home/ec2-user/ndvi_sqs_work/gansu/raw/HLS-VI.S30.T47TLF.2018252T042659.v2.0.NDVI.tif,HLS-VI.S30.T47TLF.2018252T042659.v2.0.NDVI.tif,S30,T47TLF,2018-09-09,2018252,042659
/home/ec2-user/ndvi_sqs_work/gansu/raw/HLS-VI.S30.T47TLG.2018252T042659.v2.0.NDVI.tif,HLS-VI.S30.T47TLG.2018252T042659.v2.0.NDVI.tif,S30,T47TLG,2018-09-09,2018252,042659
/home/ec2-user/ndvi_sqs_work/gansu/raw/HLS-VI.S30.T47TLH.2018252T042659.v2.0.NDVI.tif,HLS-VI.S30.T47TLH.2018252T042659.v2.0.NDVI.tif,S30,T47TLH,2018-09-09,2018252,042659
/home/ec2-user/ndvi_sqs_work/gansu/raw/HLS-VI.S30.T47SPC.2018253T035529.v2.0.NDVI.tif,HLS-VI.S30.T47SPC.2018253T035529.v2.0.NDVI.tif,S30,T47SPC,2018-09-10,2018253,035529
/home/ec2-user/ndvi_sqs_work/gansu/raw/HLS-VI.S30.T47SPD.2018253T035529.v2.0.NDVI.tif,HLS-VI.S30.T47SPD.2018253T035529.v2.0.NDVI.tif,S30,T47SPD,2018-09-10,2018253,035529
/home/ec2-user/ndvi_sqs_work/gansu/raw/HLS-VI.S30.T47SQC.2018253T035529.v2.0.NDVI.tif,HLS-VI.S30.T47SQC.2018253T035529.v2.0.NDVI.tif,S30,T47SQC,2018-09-10,2018253,035529
/home/ec2-user/ndvi_sqs_work/gansu/raw/HLS-VI.S30.T47SQD.2018253T035529.v2.0.NDVI.tif,HLS-VI.S30.T47SQD.2018253T035529.v2.0.NDVI.tif,S30,T47SQD,2018-09-10,2018253,035529
/home/ec2-user/ndvi_sqs_work/gansu/raw/HLS-VI.S30.T48STE.2018253T035529.v2.0.NDVI.tif,HLS-VI.S30.T48STE.2018253T035529.v2.0.NDVI.tif,S30,T48STE,2018-09-10,2018253,035529
/home/ec2-user/ndvi_sqs_work/gansu/raw/HLS-VI.S30.T48STH.2018253T035529.v2.0.NDVI.tif,HLS-VI.S30.T48STH.2018253T035529.v2.0.NDVI.tif,S30,T48STH,2018-09-10,2018253,035529
/home/ec2-user/ndvi_sqs_work/gansu/raw/HLS-VI.S30.T48STJ.2018253T035529.v2.0.NDVI.tif,HLS-VI.S30.T48STJ.2018253T035529.v2.0.NDVI.tif,S30,T48STJ,2018-09-10,2018253,035529
/home/ec2-user/ndvi_sqs_work/gansu/raw/HLS-VI.S30.T48SUD.2018253T035529.v2.0.NDVI.tif,HLS-VI.S30.T48SUD.2018253T035529.v2.0.NDVI.tif,S30,T48SUD,2018-09-10,2018253,035529
/home/ec2-user/ndvi_sqs_work/gansu/raw/HLS-VI.S30.T48SUE.2018253T035529.v2.0.NDVI.tif,HLS-VI.S30.T48SUE.2018253T035529.v2.0.NDVI.tif,S30,T48SUE,2018-09-10,2018253,035529
/home/ec2-user/ndvi_sqs_work/gansu/raw/HLS-VI.S30.T48SUG.2018253T035529.v2.0.NDVI.tif,HLS-VI.S30.T48SUG.2018253T035529.v2.0.NDVI.tif,S30,T48SUG,2018-09-10,2018253,035529
/home/ec2-user/ndvi_sqs_work/gansu/raw/HLS-VI.S30.T48SUH.2018253T035529.v2.0.NDVI.tif,HLS-VI.S30.T48SUH.2018253T035529.v2.0.NDVI.tif,S30,T48SUH,2018-09-10,2018253,035529
/home/ec2-user/ndvi_sqs_work/gansu/raw/HLS-VI.S30.T48SUJ.2018253T035529.v2.0.NDVI.tif,HLS-VI.S30.T48SUJ.2018253T035529.v2.0.NDVI.tif,S30,T48SUJ,2018-09-10,2018253,035529
/home/ec2-user/ndvi_sqs_work/gansu/raw/HLS-VI.S30.T48SVG.2018253T035529.v2.0.NDVI.tif,HLS-VI.S30.T48SVG.2018253T035529.v2.0.NDVI.tif,S30,T48SVG,2018-09-10,2018253,035529
/home/ec2-user/ndvi_sqs_work/gansu/raw/HLS-VI.S30.T48SVH.2018253T035529.v2.0.NDVI.tif,HLS-VI.S30.T48SVH.2018253T035529.v2.0.NDVI.tif,S30,T48SVH,2018-09-10,2018253,035529
/home/ec2-user/ndvi_sqs_work/gansu/raw/HLS-VI.S30.T48SVJ.2018253T035529.v2.0.NDVI.tif,HLS-VI.S30.T48SVJ.2018253T035529.v2.0.NDVI.tif,S30,T48SVJ,2018-09-10,2018253,035529
/home/ec2-user/ndvi_sqs_work/gansu/raw/HLS-VI.S30.T46TGK.2018254T041551.v2.0.NDVI.tif,HLS-VI.S30.T46TGK.2018254T041551.v2.0.NDVI.tif,S30,T46TGK,2018-09-11,2018254,041551
/home/ec2-user/ndvi_sqs_work/gansu/raw/HLS-VI.S30.T46TGL.2018254T041551.v2.0.NDVI.tif,HLS-VI.S30.T46TGL.2018254T041551.v2.0.NDVI.tif,S30,T46TGL,2018-09-11,2018254,041551
/home/ec2-user/ndvi_sqs_work/gansu/raw/HLS-VI.S30.T46TGM.2018254T041551.v2.0.NDVI.tif,HLS-VI.S30.T46TGM.2018254T041551.v2.0.NDVI.tif,S30,T46TGM,2018-09-11,2018254,041551
/home/ec2-user/ndvi_sqs_work/gansu/raw/HLS-VI.S30.T47SMD.2018254T041551.v2.0.NDVI.tif,HLS-VI.S30.T47SMD.2018254T041551.v2.0.NDVI.tif,S30,T47SMD,2018-09-11,2018254,041551
/home/ec2-user/ndvi_sqs_work/gansu/raw/HLS-VI.S30.T47TKE.2018254T041551.v2.0.NDVI.tif,HLS-VI.S30.T47TKE.2018254T041551.v2.0.NDVI.tif,S30,T47TKE,2018-09-11,2018254,041551
/home/ec2-user/ndvi_sqs_work/gansu/raw/HLS-VI.S30.T47TKF.2018254T041551.v2.0.NDVI.tif,HLS-VI.S30.T47TKF.2018254T041551.v2.0.NDVI.tif,S30,T47TKF,2018-09-11,2018254,041551
/home/ec2-user/ndvi_sqs_work/gansu/raw/HLS-VI.S30.T47TKG.2018254T041551.v2.0.NDVI.tif,HLS-VI.S30.T47TKG.2018254T041551.v2.0.NDVI.tif,S30,T47TKG,2018-09-11,2018254,041551
/home/ec2-user/ndvi_sqs_work/gansu/raw/HLS-VI.S30.T47TLE.2018254T041551.v2.0.NDVI.tif,HLS-VI.S30.T47TLE.2018254T041551.v2.0.NDVI.tif,S30,T47TLE,2018-09-11,2018254,041551
/home/ec2-user/ndvi_sqs_work/gansu/raw/HLS-VI.S30.T47TLF.2018254T041551.v2.0.NDVI.tif,HLS-VI.S30.T47TLF.2018254T041551.v2.0.NDVI.tif,S30,T47TLF,2018-09-11,2018254,041551
/home/ec2-user/ndvi_sqs_work/gansu/raw/HLS-VI.S30.T47TME.2018254T041551.v2.0.NDVI.tif,HLS-VI.S30.T47TME.2018254T041551.v2.0.NDVI.tif,S30,T47TME,2018-09-11,2018254,041551
/home/ec2-user/ndvi_sqs_work/gansu/raw/HLS-VI.S30.T47TMF.2018254T041551.v2.0.NDVI.tif,HLS-VI.S30.T47TMF.2018254T041551.v2.0.NDVI.tif,S30,T47TMF,2018-09-11,2018254,041551
/home/ec2-user/ndvi_sqs_work/gansu/raw/HLS-VI.S30.T47TNE.2018254T041551.v2.0.NDVI.tif,HLS-VI.S30.T47TNE.2018254T041551.v2.0.NDVI.tif,S30,T47TNE,2018-09-11,2018254,041551
/home/ec2-user/ndvi_sqs_work/gansu/raw/HLS-VI.S30.T47TNF.2018254T041551.v2.0.NDVI.tif,HLS-VI.S30.T47TNF.2018254T041551.v2.0.NDVI.tif,S30,T47TNF,2018-09-11,2018254,041551
/home/ec2-user/ndvi_sqs_work/gansu/raw/HLS-VI.S30.T46TDK.2018255T043649.v2.0.NDVI.tif,HLS-VI.S30.T46TDK.2018255T043649.v2.0.NDVI.tif,S30,T46TDK,2018-09-12,2018255,043649
/home/ec2-user/ndvi_sqs_work/gansu/raw/HLS-VI.S30.T46TEK.2018255T043649.v2.0.NDVI.tif,HLS-VI.S30.T46TEK.2018255T043649.v2.0.NDVI.tif,S30,T46TEK,2018-09-12,2018255,043649
/home/ec2-user/ndvi_sqs_work/gansu/raw/HLS-VI.S30.T46TEL.2018255T043649.v2.0.NDVI.tif,HLS-VI.S30.T46TEL.2018255T043649.v2.0.NDVI.tif,S30,T46TEL,2018-09-12,2018255,043649
/home/ec2-user/ndvi_sqs_work/gansu/raw/HLS-VI.S30.T46TFK.2018255T043649.v2.0.NDVI.tif,HLS-VI.S30.T46TFK.2018255T043649.v2.0.NDVI.tif,S30,T46TFK,2018-09-12,2018255,043649
/home/ec2-user/ndvi_sqs_work/gansu/raw/HLS-VI.S30.T46TFL.2018255T043649.v2.0.NDVI.tif,HLS-VI.S30.T46TFL.2018255T043649.v2.0.NDVI.tif,S30,T46TFL,2018-09-12,2018255,043649
/home/ec2-user/ndvi_sqs_work/gansu/raw/HLS-VI.S30.T46TFM.2018255T043649.v2.0.NDVI.tif,HLS-VI.S30.T46TFM.2018255T043649.v2.0.NDVI.tif,S30,T46TFM,2018-09-12,2018255,043649
/home/ec2-user/ndvi_sqs_work/gansu/raw/HLS-VI.S30.T48SUH.2018255T034531.v2.0.NDVI.tif,HLS-VI.S30.T48SUH.2018255T034531.v2.0.NDVI.tif,S30,T48SUH,2018-09-12,2018255,034531
/home/ec2-user/ndvi_sqs_work/gansu/raw/HLS-VI.S30.T48SUJ.2018255T034531.v2.0.NDVI.tif,HLS-VI.S30.T48SUJ.2018255T034531.v2.0.NDVI.tif,S30,T48SUJ,2018-09-12,2018255,034531
/home/ec2-user/ndvi_sqs_work/gansu/raw/HLS-VI.S30.T48SVJ.2018255T034531.v2.0.NDVI.tif,HLS-VI.S30.T48SVJ.2018255T034531.v2.0.NDVI.tif,S30,T48SVJ,2018-09-12,2018255,034531
/home/ec2-user/ndvi_sqs_work/gansu/raw/HLS-VI.S30.T47SPD.2018256T040659.v2.0.NDVI.tif,HLS-VI.S30.T47SPD.2018256T040659.v2.0.NDVI.tif,S30,T47SPD,2018-09-13,2018256,040659
/home/ec2-user/ndvi_sqs_work/gansu/raw/HLS-VI.S30.T47SQD.2018256T040659.v2.0.NDVI.tif,HLS-VI.S30.T47SQD.2018256T040659.v2.0.NDVI.tif,S30,T47SQD,2018-09-13,2018256,040659
/home/ec2-user/ndvi_sqs_work/gansu/raw/HLS-VI.S30.T47TMF.2018256T040659.v2.0.NDVI.tif,HLS-VI.S30.T47TMF.2018256T040659.v2.0.NDVI.tif,S30,T47TMF,2018-09-13,2018256,040659
/home/ec2-user/ndvi_sqs_work/gansu/raw/HLS-VI.S30.T48STH.2018256T040659.v2.0.NDVI.tif,HLS-VI.S30.T48STH.2018256T040659.v2.0.NDVI.tif,S30,T48STH,2018-09-13,2018256,040659
/home/ec2-user/ndvi_sqs_work/gansu/raw/HLS-VI.S30.T48STJ.2018256T040659.v2.0.NDVI.tif,HLS-VI.S30.T48STJ.2018256T040659.v2.0.NDVI.tif,S30,T48STJ,2018-09-13,2018256,040659
/home/ec2-user/ndvi_sqs_work/gansu/raw/HLS-VI.S30.T46TEK.2018257T042701.v2.0.NDVI.tif,HLS-VI.S30.T46TEK.2018257T042701.v2.0.NDVI.tif,S30,T46TEK,2018-09-14,2018257,042701
/home/ec2-user/ndvi_sqs_work/gansu/raw/HLS-VI.S30.T46TEL.2018257T042701.v2.0.NDVI.tif,HLS-VI.S30.T46TEL.2018257T042701.v2.0.NDVI.tif,S30,T46TEL,2018-09-14,2018257,042701
/home/ec2-user/ndvi_sqs_work/gansu/raw/HLS-VI.S30.T46TFK.2018257T042701.v2.0.NDVI.tif,HLS-VI.S30.T46TFK.2018257T042701.v2.0.NDVI.tif,S30,T46TFK,2018-09-14,2018257,042701
/home/ec2-user/ndvi_sqs_work/gansu/raw/HLS-VI.S30.T46TFL.2018257T042701.v2.0.NDVI.tif,HLS-VI.S30.T46TFL.2018257T042701.v2.0.NDVI.tif,S30,T46TFL,2018-09-14,2018257,042701
/home/ec2-user/ndvi_sqs_work/gansu/raw/HLS-VI.S30.T46TGL.2018257T042701.v2.0.NDVI.tif,HLS-VI.S30.T46TGL.2018257T042701.v2.0.NDVI.tif,S30,T46TGL,2018-09-14,2018257,042701
/home/ec2-user/ndvi_sqs_work/gansu/raw/HLS-VI.S30.T46TGN.2018257T042701.v2.0.NDVI.tif,HLS-VI.S30.T46TGN.2018257T042701.v2.0.NDVI.tif,S30,T46TGN,2018-09-14,2018257,042701
/home/ec2-user/ndvi_sqs_work/gansu/raw/HLS-VI.S30.T47TKF.2018257T042701.v2.0.NDVI.tif,HLS-VI.S30.T47TKF.2018257T042701.v2.0.NDVI.tif,S30,T47TKF,2018-09-14,2018257,042701
/home/ec2-user/ndvi_sqs_work/gansu/raw/HLS-VI.S30.T47TKG.2018257T042701.v2.0.NDVI.tif,HLS-VI.S30.T47TKG.2018257T042701.v2.0.NDVI.tif,S30,T47TKG,2018-09-14,2018257,042701
/home/ec2-user/ndvi_sqs_work/gansu/raw/HLS-VI.S30.T47TLG.2018257T042701.v2.0.NDVI.tif,HLS-VI.S30.T47TLG.2018257T042701.v2.0.NDVI.tif,S30,T47TLG,2018-09-14,2018257,042701
/home/ec2-user/ndvi_sqs_work/gansu/raw/HLS-VI.S30.T47TLH.2018257T042701.v2.0.NDVI.tif,HLS-VI.S30.T47TLH.2018257T042701.v2.0.NDVI.tif,S30,T47TLH,2018-09-14,2018257,042701
/home/ec2-user/ndvi_sqs_work/gansu/raw/HLS-VI.S30.T47TLH.2018259T041539.v2.0.NDVI.tif,HLS-VI.S30.T47TLH.2018259T041539.v2.0.NDVI.tif,S30,T47TLH,2018-09-16,2018259,041539
/home/ec2-user/ndvi_sqs_work/gansu/raw/HLS-VI.S30.T46SDJ.2018260T043701.v2.0.NDVI.tif,HLS-VI.S30.T46SDJ.2018260T043701.v2.0.NDVI.tif,S30,T46SDJ,2018-09-17,2018260,043701
/home/ec2-user/ndvi_sqs_work/gansu/raw/HLS-VI.S30.T46SEH.2018260T043701.v2.0.NDVI.tif,HLS-VI.S30.T46SEH.2018260T043701.v2.0.NDVI.tif,S30,T46SEH,2018-09-17,2018260,043701
/home/ec2-user/ndvi_sqs_work/gansu/raw/HLS-VI.S30.T46SEJ.2018260T043701.v2.0.NDVI.tif,HLS-VI.S30.T46SEJ.2018260T043701.v2.0.NDVI.tif,S30,T46SEJ,2018-09-17,2018260,043701
/home/ec2-user/ndvi_sqs_work/gansu/raw/HLS-VI.S30.T46SFH.2018260T043701.v2.0.NDVI.tif,HLS-VI.S30.T46SFH.2018260T043701.v2.0.NDVI.tif,S30,T46SFH,2018-09-17,2018260,043701
/home/ec2-user/ndvi_sqs_work/gansu/raw/HLS-VI.S30.T46SFJ.2018260T043701.v2.0.NDVI.tif,HLS-VI.S30.T46SFJ.2018260T043701.v2.0.NDVI.tif,S30,T46SFJ,2018-09-17,2018260,043701
/home/ec2-user/ndvi_sqs_work/gansu/raw/HLS-VI.S30.T46TEK.2018260T043701.v2.0.NDVI.tif,HLS-VI.S30.T46TEK.2018260T043701.v2.0.NDVI.tif,S30,T46TEK,2018-09-17,2018260,043701
/home/ec2-user/ndvi_sqs_work/gansu/raw/HLS-VI.S30.T46TEL.2018260T043701.v2.0.NDVI.tif,HLS-VI.S30.T46TEL.2018260T043701.v2.0.NDVI.tif,S30,T46TEL,2018-09-17,2018260,043701
/home/ec2-user/ndvi_sqs_work/gansu/raw/HLS-VI.S30.T46TFK.2018260T043701.v2.0.NDVI.tif,HLS-VI.S30.T46TFK.2018260T043701.v2.0.NDVI.tif,S30,T46TFK,2018-09-17,2018260,043701
/home/ec2-user/ndvi_sqs_work/gansu/raw/HLS-VI.S30.T46TFL.2018260T043701.v2.0.NDVI.tif,HLS-VI.S30.T46TFL.2018260T043701.v2.0.NDVI.tif,S30,T46TFL,2018-09-17,2018260,043701
/home/ec2-user/ndvi_sqs_work/gansu/raw/HLS-VI.S30.T46SEH.2018262T042659.v2.0.NDVI.tif,HLS-VI.S30.T46SEH.2018262T042659.v2.0.NDVI.tif,S30,T46SEH,2018-09-19,2018262,042659
/home/ec2-user/ndvi_sqs_work/gansu/raw/HLS-VI.S30.T46SEJ.2018262T042659.v2.0.NDVI.tif,HLS-VI.S30.T46SEJ.2018262T042659.v2.0.NDVI.tif,S30,T46SEJ,2018-09-19,2018262,042659
/home/ec2-user/ndvi_sqs_work/gansu/raw/HLS-VI.S30.T46SFJ.2018262T042659.v2.0.NDVI.tif,HLS-VI.S30.T46SFJ.2018262T042659.v2.0.NDVI.tif,S30,T46SFJ,2018-09-19,2018262,042659
/home/ec2-user/ndvi_sqs_work/gansu/raw/HLS-VI.S30.T46TEK.2018262T042659.v2.0.NDVI.tif,HLS-VI.S30.T46TEK.2018262T042659.v2.0.NDVI.tif,S30,T46TEK,2018-09-19,2018262,042659
/home/ec2-user/ndvi_sqs_work/gansu/raw/HLS-VI.S30.T46TEL.2018262T042659.v2.0.NDVI.tif,HLS-VI.S30.T46TEL.2018262T042659.v2.0.NDVI.tif,S30,T46TEL,2018-09-19,2018262,042659
/home/ec2-user/ndvi_sqs_work/gansu/raw/HLS-VI.S30.T46TFK.2018262T042659.v2.0.NDVI.tif,HLS-VI.S30.T46TFK.2018262T042659.v2.0.NDVI.tif,S30,T46TFK,2018-09-19,2018262,042659
/home/ec2-user/ndvi_sqs_work/gansu/raw/HLS-VI.S30.T46TFL.2018262T042659.v2.0.NDVI.tif,HLS-VI.S30.T46TFL.2018262T042659.v2.0.NDVI.tif,S30,T46TFL,2018-09-19,2018262,042659
/home/ec2-user/ndvi_sqs_work/gansu/raw/HLS-VI.S30.T46TFM.2018262T042659.v2.0.NDVI.tif,HLS-VI.S30.T46TFM.2018262T042659.v2.0.NDVI.tif,S30,T46TFM,2018-09-19,2018262,042659
/home/ec2-user/ndvi_sqs_work/gansu/raw/HLS-VI.S30.T46TGK.2018262T042659.v2.0.NDVI.tif,HLS-VI.S30.T46TGK.2018262T042659.v2.0.NDVI.tif,S30,T46TGK,2018-09-19,2018262,042659
/home/ec2-user/ndvi_sqs_work/gansu/raw/HLS-VI.S30.T46TGL.2018262T042659.v2.0.NDVI.tif,HLS-VI.S30.T46TGL.2018262T042659.v2.0.NDVI.tif,S30,T46TGL,2018-09-19,2018262,042659
/home/ec2-user/ndvi_sqs_work/gansu/raw/HLS-VI.S30.T46TGM.2018262T042659.v2.0.NDVI.tif,HLS-VI.S30.T46TGM.2018262T042659.v2.0.NDVI.tif,S30,T46TGM,2018-09-19,2018262,042659
/home/ec2-user/ndvi_sqs_work/gansu/raw/HLS-VI.S30.T47SLC.2018262T042659.v2.0.NDVI.tif,HLS-VI.S30.T47SLC.2018262T042659.v2.0.NDVI.tif,S30,T47SLC,2018-09-19,2018262,042659
/home/ec2-user/ndvi_sqs_work/gansu/raw/HLS-VI.S30.T47TKE.2018262T042659.v2.0.NDVI.tif,HLS-VI.S30.T47TKE.2018262T042659.v2.0.NDVI.tif,S30,T47TKE,2018-09-19,2018262,042659
/home/ec2-user/ndvi_sqs_work/gansu/raw/HLS-VI.S30.T47TKF.2018262T042659.v2.0.NDVI.tif,HLS-VI.S30.T47TKF.2018262T042659.v2.0.NDVI.tif,S30,T47TKF,2018-09-19,2018262,042659
/home/ec2-user/ndvi_sqs_work/gansu/raw/HLS-VI.S30.T47TKG.2018262T042659.v2.0.NDVI.tif,HLS-VI.S30.T47TKG.2018262T042659.v2.0.NDVI.tif,S30,T47TKG,2018-09-19,2018262,042659
/home/ec2-user/ndvi_sqs_work/gansu/raw/HLS-VI.S30.T47TLE.2018262T042659.v2.0.NDVI.tif,HLS-VI.S30.T47TLE.2018262T042659.v2.0.NDVI.tif,S30,T47TLE,2018-09-19,2018262,042659
/home/ec2-user/ndvi_sqs_work/gansu/raw/HLS-VI.S30.T47SPC.2018263T035529.v2.0.NDVI.tif,HLS-VI.S30.T47SPC.2018263T035529.v2.0.NDVI.tif,S30,T47SPC,2018-09-20,2018263,035529
/home/ec2-user/ndvi_sqs_work/gansu/raw/HLS-VI.S30.T47SPD.2018263T035529.v2.0.NDVI.tif,HLS-VI.S30.T47SPD.2018263T035529.v2.0.NDVI.tif,S30,T47SPD,2018-09-20,2018263,035529
/home/ec2-user/ndvi_sqs_work/gansu/raw/HLS-VI.S30.T47SQC.2018263T035529.v2.0.NDVI.tif,HLS-VI.S30.T47SQC.2018263T035529.v2.0.NDVI.tif,S30,T47SQC,2018-09-20,2018263,035529
/home/ec2-user/ndvi_sqs_work/gansu/raw/HLS-VI.S30.T47SQD.2018263T035529.v2.0.NDVI.tif,HLS-VI.S30.T47SQD.2018263T035529.v2.0.NDVI.tif,S30,T47SQD,2018-09-20,2018263,035529
/home/ec2-user/ndvi_sqs_work/gansu/raw/HLS-VI.S30.T48STH.2018263T035529.v2.0.NDVI.tif,HLS-VI.S30.T48STH.2018263T035529.v2.0.NDVI.tif,S30,T48STH,2018-09-20,2018263,035529
/home/ec2-user/ndvi_sqs_work/gansu/raw/HLS-VI.S30.T48STJ.2018263T035529.v2.0.NDVI.tif,HLS-VI.S30.T48STJ.2018263T035529.v2.0.NDVI.tif,S30,T48STJ,2018-09-20,2018263,035529
/home/ec2-user/ndvi_sqs_work/gansu/raw/HLS-VI.S30.T48SUH.2018263T035529.v2.0.NDVI.tif,HLS-VI.S30.T48SUH.2018263T035529.v2.0.NDVI.tif,S30,T48SUH,2018-09-20,2018263,035529
/home/ec2-user/ndvi_sqs_work/gansu/raw/HLS-VI.S30.T48SVH.2018263T035529.v2.0.NDVI.tif,HLS-VI.S30.T48SVH.2018263T035529.v2.0.NDVI.tif,S30,T48SVH,2018-09-20,2018263,035529
/home/ec2-user/ndvi_sqs_work/gansu/raw/HLS-VI.S30.T48SVJ.2018263T035529.v2.0.NDVI.tif,HLS-VI.S30.T48SVJ.2018263T035529.v2.0.NDVI.tif,S30,T48SVJ,2018-09-20,2018263,035529
/home/ec2-user/ndvi_sqs_work/gansu/raw/HLS-VI.S30.T48SYD.2018264T032529.v2.0.NDVI.tif,HLS-VI.S30.T48SYD.2018264T032529.v2.0.NDVI.tif,S30,T48SYD,2018-09-21,2018264,032529
/home/ec2-user/ndvi_sqs_work/gansu/raw/HLS-VI.S30.T46SDJ.2018265T043659.v2.0.NDVI.tif,HLS-VI.S30.T46SDJ.2018265T043659.v2.0.NDVI.tif,S30,T46SDJ,2018-09-22,2018265,043659
/home/ec2-user/ndvi_sqs_work/gansu/raw/HLS-VI.S30.T46SEH.2018265T043659.v2.0.NDVI.tif,HLS-VI.S30.T46SEH.2018265T043659.v2.0.NDVI.tif,S30,T46SEH,2018-09-22,2018265,043659
/home/ec2-user/ndvi_sqs_work/gansu/raw/HLS-VI.S30.T46SEJ.2018265T043659.v2.0.NDVI.tif,HLS-VI.S30.T46SEJ.2018265T043659.v2.0.NDVI.tif,S30,T46SEJ,2018-09-22,2018265,043659
/home/ec2-user/ndvi_sqs_work/gansu/raw/HLS-VI.S30.T46SFH.2018265T043659.v2.0.NDVI.tif,HLS-VI.S30.T46SFH.2018265T043659.v2.0.NDVI.tif,S30,T46SFH,2018-09-22,2018265,043659
/home/ec2-user/ndvi_sqs_work/gansu/raw/HLS-VI.S30.T46SFJ.2018265T043659.v2.0.NDVI.tif,HLS-VI.S30.T46SFJ.2018265T043659.v2.0.NDVI.tif,S30,T46SFJ,2018-09-22,2018265,043659
/home/ec2-user/ndvi_sqs_work/gansu/raw/HLS-VI.S30.T46TDK.2018265T043659.v2.0.NDVI.tif,HLS-VI.S30.T46TDK.2018265T043659.v2.0.NDVI.tif,S30,T46TDK,2018-09-22,2018265,043659
/home/ec2-user/ndvi_sqs_work/gansu/raw/HLS-VI.S30.T46TEK.2018265T043659.v2.0.NDVI.tif,HLS-VI.S30.T46TEK.2018265T043659.v2.0.NDVI.tif,S30,T46TEK,2018-09-22,2018265,043659
/home/ec2-user/ndvi_sqs_work/gansu/raw/HLS-VI.S30.T46TEL.2018265T043659.v2.0.NDVI.tif,HLS-VI.S30.T46TEL.2018265T043659.v2.0.NDVI.tif,S30,T46TEL,2018-09-22,2018265,043659
/home/ec2-user/ndvi_sqs_work/gansu/raw/HLS-VI.S30.T46TFK.2018265T043659.v2.0.NDVI.tif,HLS-VI.S30.T46TFK.2018265T043659.v2.0.NDVI.tif,S30,T46TFK,2018-09-22,2018265,043659
/home/ec2-user/ndvi_sqs_work/gansu/raw/HLS-VI.S30.T46TFL.2018265T043659.v2.0.NDVI.tif,HLS-VI.S30.T46TFL.2018265T043659.v2.0.NDVI.tif,S30,T46TFL,2018-09-22,2018265,043659
/home/ec2-user/ndvi_sqs_work/gansu/raw/HLS-VI.S30.T46TFM.2018265T043659.v2.0.NDVI.tif,HLS-VI.S30.T46TFM.2018265T043659.v2.0.NDVI.tif,S30,T46TFM,2018-09-22,2018265,043659
/home/ec2-user/ndvi_sqs_work/gansu/raw/HLS-VI.S30.T47SQU.2018265T034531.v2.0.NDVI.tif,HLS-VI.S30.T47SQU.2018265T034531.v2.0.NDVI.tif,S30,T47SQU,2018-09-22,2018265,034531
/home/ec2-user/ndvi_sqs_work/gansu/raw/HLS-VI.S30.T48STD.2018265T034531.v2.0.NDVI.tif,HLS-VI.S30.T48STD.2018265T034531.v2.0.NDVI.tif,S30,T48STD,2018-09-22,2018265,034531
/home/ec2-user/ndvi_sqs_work/gansu/raw/HLS-VI.S30.T48STE.2018265T034531.v2.0.NDVI.tif,HLS-VI.S30.T48STE.2018265T034531.v2.0.NDVI.tif,S30,T48STE,2018-09-22,2018265,034531
/home/ec2-user/ndvi_sqs_work/gansu/raw/HLS-VI.S30.T48STF.2018265T034531.v2.0.NDVI.tif,HLS-VI.S30.T48STF.2018265T034531.v2.0.NDVI.tif,S30,T48STF,2018-09-22,2018265,034531
/home/ec2-user/ndvi_sqs_work/gansu/raw/HLS-VI.S30.T48SUF.2018265T034531.v2.0.NDVI.tif,HLS-VI.S30.T48SUF.2018265T034531.v2.0.NDVI.tif,S30,T48SUF,2018-09-22,2018265,034531
/home/ec2-user/ndvi_sqs_work/gansu/raw/HLS-VI.S30.T48SUG.2018265T034531.v2.0.NDVI.tif,HLS-VI.S30.T48SUG.2018265T034531.v2.0.NDVI.tif,S30,T48SUG,2018-09-22,2018265,034531
/home/ec2-user/ndvi_sqs_work/gansu/raw/HLS-VI.S30.T48SUH.2018265T034531.v2.0.NDVI.tif,HLS-VI.S30.T48SUH.2018265T034531.v2.0.NDVI.tif,S30,T48SUH,2018-09-22,2018265,034531
/home/ec2-user/ndvi_sqs_work/gansu/raw/HLS-VI.S30.T48SUJ.2018265T034531.v2.0.NDVI.tif,HLS-VI.S30.T48SUJ.2018265T034531.v2.0.NDVI.tif,S30,T48SUJ,2018-09-22,2018265,034531
/home/ec2-user/ndvi_sqs_work/gansu/raw/HLS-VI.S30.T48SVC.2018265T034531.v2.0.NDVI.tif,HLS-VI.S30.T48SVC.2018265T034531.v2.0.NDVI.tif,S30,T48SVC,2018-09-22,2018265,034531
/home/ec2-user/ndvi_sqs_work/gansu/raw/HLS-VI.S30.T48SVF.2018265T034531.v2.0.NDVI.tif,HLS-VI.S30.T48SVF.2018265T034531.v2.0.NDVI.tif,S30,T48SVF,2018-09-22,2018265,034531
/home/ec2-user/ndvi_sqs_work/gansu/raw/HLS-VI.S30.T48SVG.2018265T034531.v2.0.NDVI.tif,HLS-VI.S30.T48SVG.2018265T034531.v2.0.NDVI.tif,S30,T48SVG,2018-09-22,2018265,034531
/home/ec2-user/ndvi_sqs_work/gansu/raw/HLS-VI.S30.T48SVH.2018265T034531.v2.0.NDVI.tif,HLS-VI.S30.T48SVH.2018265T034531.v2.0.NDVI.tif,S30,T48SVH,2018-09-22,2018265,034531
/home/ec2-user/ndvi_sqs_work/gansu/raw/HLS-VI.S30.T48SVJ.2018265T034531.v2.0.NDVI.tif,HLS-VI.S30.T48SVJ.2018265T034531.v2.0.NDVI.tif,S30,T48SVJ,2018-09-22,2018265,034531
/home/ec2-user/ndvi_sqs_work/gansu/raw/HLS-VI.S30.T48SWC.2018265T034531.v2.0.NDVI.tif,HLS-VI.S30.T48SWC.2018265T034531.v2.0.NDVI.tif,S30,T48SWC,2018-09-22,2018265,034531
/home/ec2-user/ndvi_sqs_work/gansu/raw/HLS-VI.S30.T48SWD.2018265T034531.v2.0.NDVI.tif,HLS-VI.S30.T48SWD.2018265T034531.v2.0.NDVI.tif,S30,T48SWD,2018-09-22,2018265,034531
/home/ec2-user/ndvi_sqs_work/gansu/raw/HLS-VI.S30.T48SWF.2018265T034531.v2.0.NDVI.tif,HLS-VI.S30.T48SWF.2018265T034531.v2.0.NDVI.tif,S30,T48SWF,2018-09-22,2018265,034531
/home/ec2-user/ndvi_sqs_work/gansu/raw/HLS-VI.S30.T48SWG.2018265T034531.v2.0.NDVI.tif,HLS-VI.S30.T48SWG.2018265T034531.v2.0.NDVI.tif,S30,T48SWG,2018-09-22,2018265,034531
/home/ec2-user/ndvi_sqs_work/gansu/raw/HLS-VI.S30.T47TPF.2018266T040539.v2.0.NDVI.tif,HLS-VI.S30.T47TPF.2018266T040539.v2.0.NDVI.tif,S30,T47TPF,2018-09-23,2018266,040539
/home/ec2-user/ndvi_sqs_work/gansu/raw/HLS-VI.S30.T46TFM.2018267T042701.v2.0.NDVI.tif,HLS-VI.S30.T46TFM.2018267T042701.v2.0.NDVI.tif,S30,T46TFM,2018-09-24,2018267,042701
/home/ec2-user/ndvi_sqs_work/gansu/raw/HLS-VI.S30.T46TGM.2018267T042701.v2.0.NDVI.tif,HLS-VI.S30.T46TGM.2018267T042701.v2.0.NDVI.tif,S30,T46TGM,2018-09-24,2018267,042701
/home/ec2-user/ndvi_sqs_work/gansu/raw/HLS-VI.S30.T46TGN.2018267T042701.v2.0.NDVI.tif,HLS-VI.S30.T46TGN.2018267T042701.v2.0.NDVI.tif,S30,T46TGN,2018-09-24,2018267,042701
/home/ec2-user/ndvi_sqs_work/gansu/raw/HLS-VI.S30.T47SLC.2018267T042701.v2.0.NDVI.tif,HLS-VI.S30.T47SLC.2018267T042701.v2.0.NDVI.tif,S30,T47SLC,2018-09-24,2018267,042701
/home/ec2-user/ndvi_sqs_work/gansu/raw/HLS-VI.S30.T47TKG.2018267T042701.v2.0.NDVI.tif,HLS-VI.S30.T47TKG.2018267T042701.v2.0.NDVI.tif,S30,T47TKG,2018-09-24,2018267,042701
/home/ec2-user/ndvi_sqs_work/gansu/raw/HLS-VI.S30.T47TLG.2018267T042701.v2.0.NDVI.tif,HLS-VI.S30.T47TLG.2018267T042701.v2.0.NDVI.tif,S30,T47TLG,2018-09-24,2018267,042701
/home/ec2-user/ndvi_sqs_work/gansu/raw/HLS-VI.S30.T47TLH.2018267T042701.v2.0.NDVI.tif,HLS-VI.S30.T47TLH.2018267T042701.v2.0.NDVI.tif,S30,T47TLH,2018-09-24,2018267,042701
/home/ec2-user/ndvi_sqs_work/gansu/raw/HLS-VI.S30.T48SUH.2018268T035531.v2.0.NDVI.tif,HLS-VI.S30.T48SUH.2018268T035531.v2.0.NDVI.tif,S30,T48SUH,2018-09-25,2018268,035531
/home/ec2-user/ndvi_sqs_work/gansu/raw/HLS-VI.S30.T48SVH.2018268T035531.v2.0.NDVI.tif,HLS-VI.S30.T48SVH.2018268T035531.v2.0.NDVI.tif,S30,T48SVH,2018-09-25,2018268,035531
/home/ec2-user/ndvi_sqs_work/gansu/raw/HLS-VI.S30.T48SVJ.2018268T035531.v2.0.NDVI.tif,HLS-VI.S30.T48SVJ.2018268T035531.v2.0.NDVI.tif,S30,T48SVJ,2018-09-25,2018268,035531
/home/ec2-user/ndvi_sqs_work/gansu/raw/HLS-VI.S30.T47TLH.2018269T041539.v2.0.NDVI.tif,HLS-VI.S30.T47TLH.2018269T041539.v2.0.NDVI.tif,S30,T47TLH,2018-09-26,2018269,041539
/home/ec2-user/ndvi_sqs_work/gansu/raw/HLS-VI.S30.T47TNE.2018269T041539.v2.0.NDVI.tif,HLS-VI.S30.T47TNE.2018269T041539.v2.0.NDVI.tif,S30,T47TNE,2018-09-26,2018269,041539
/home/ec2-user/ndvi_sqs_work/gansu/raw/HLS-VI.S30.T46TDK.2018270T043701.v2.0.NDVI.tif,HLS-VI.S30.T46TDK.2018270T043701.v2.0.NDVI.tif,S30,T46TDK,2018-09-27,2018270,043701
/home/ec2-user/ndvi_sqs_work/gansu/raw/HLS-VI.S30.T46TEK.2018270T043701.v2.0.NDVI.tif,HLS-VI.S30.T46TEK.2018270T043701.v2.0.NDVI.tif,S30,T46TEK,2018-09-27,2018270,043701
/home/ec2-user/ndvi_sqs_work/gansu/raw/HLS-VI.S30.T46TEL.2018270T043701.v2.0.NDVI.tif,HLS-VI.S30.T46TEL.2018270T043701.v2.0.NDVI.tif,S30,T46TEL,2018-09-27,2018270,043701
/home/ec2-user/ndvi_sqs_work/gansu/raw/HLS-VI.S30.T46TFK.2018270T043701.v2.0.NDVI.tif,HLS-VI.S30.T46TFK.2018270T043701.v2.0.NDVI.tif,S30,T46TFK,2018-09-27,2018270,043701
/home/ec2-user/ndvi_sqs_work/gansu/raw/HLS-VI.S30.T46TFL.2018270T043701.v2.0.NDVI.tif,HLS-VI.S30.T46TFL.2018270T043701.v2.0.NDVI.tif,S30,T46TFL,2018-09-27,2018270,043701
/home/ec2-user/ndvi_sqs_work/gansu/raw/HLS-VI.S30.T46TFM.2018270T043701.v2.0.NDVI.tif,HLS-VI.S30.T46TFM.2018270T043701.v2.0.NDVI.tif,S30,T46TFM,2018-09-27,2018270,043701
/home/ec2-user/ndvi_sqs_work/gansu/raw/HLS-VI.S30.T48SUH.2018270T034529.v2.0.NDVI.tif,HLS-VI.S30.T48SUH.2018270T034529.v2.0.NDVI.tif,S30,T48SUH,2018-09-27,2018270,034529
/home/ec2-user/ndvi_sqs_work/gansu/raw/HLS-VI.S30.T48SUJ.2018270T034529.v2.0.NDVI.tif,HLS-VI.S30.T48SUJ.2018270T034529.v2.0.NDVI.tif,S30,T48SUJ,2018-09-27,2018270,034529
/home/ec2-user/ndvi_sqs_work/gansu/raw/HLS-VI.S30.T48SVH.2018270T034529.v2.0.NDVI.tif,HLS-VI.S30.T48SVH.2018270T034529.v2.0.NDVI.tif,S30,T48SVH,2018-09-27,2018270,034529
/home/ec2-user/ndvi_sqs_work/gansu/raw/HLS-VI.S30.T48SVJ.2018270T034529.v2.0.NDVI.tif,HLS-VI.S30.T48SVJ.2018270T034529.v2.0.NDVI.tif,S30,T48SVJ,2018-09-27,2018270,034529
/home/ec2-user/ndvi_sqs_work/gansu/raw/HLS-VI.S30.T47SND.2018271T040541.v2.0.NDVI.tif,HLS-VI.S30.T47SND.2018271T040541.v2.0.NDVI.tif,S30,T47SND,2018-09-28,2018271,040541
/home/ec2-user/ndvi_sqs_work/gansu/raw/HLS-VI.S30.T47SPD.2018271T040541.v2.0.NDVI.tif,HLS-VI.S30.T47SPD.2018271T040541.v2.0.NDVI.tif,S30,T47SPD,2018-09-28,2018271,040541
/home/ec2-user/ndvi_sqs_work/gansu/raw/HLS-VI.S30.T47SQD.2018271T040541.v2.0.NDVI.tif,HLS-VI.S30.T47SQD.2018271T040541.v2.0.NDVI.tif,S30,T47SQD,2018-09-28,2018271,040541
/home/ec2-user/ndvi_sqs_work/gansu/raw/HLS-VI.S30.T47TME.2018271T040541.v2.0.NDVI.tif,HLS-VI.S30.T47TME.2018271T040541.v2.0.NDVI.tif,S30,T47TME,2018-09-28,2018271,040541
/home/ec2-user/ndvi_sqs_work/gansu/raw/HLS-VI.S30.T47TMF.2018271T040541.v2.0.NDVI.tif,HLS-VI.S30.T47TMF.2018271T040541.v2.0.NDVI.tif,S30,T47TMF,2018-09-28,2018271,040541
/home/ec2-user/ndvi_sqs_work/gansu/raw/HLS-VI.S30.T47TNE.2018271T040541.v2.0.NDVI.tif,HLS-VI.S30.T47TNE.2018271T040541.v2.0.NDVI.tif,S30,T47TNE,2018-09-28,2018271,040541
/home/ec2-user/ndvi_sqs_work/gansu/raw/HLS-VI.S30.T47TNF.2018271T040541.v2.0.NDVI.tif,HLS-VI.S30.T47TNF.2018271T040541.v2.0.NDVI.tif,S30,T47TNF,2018-09-28,2018271,040541
/home/ec2-user/ndvi_sqs_work/gansu/raw/HLS-VI.S30.T47TPE.2018271T040541.v2.0.NDVI.tif,HLS-VI.S30.T47TPE.2018271T040541.v2.0.NDVI.tif,S30,T47TPE,2018-09-28,2018271,040541
/home/ec2-user/ndvi_sqs_work/gansu/raw/HLS-VI.S30.T47TPF.2018271T040541.v2.0.NDVI.tif,HLS-VI.S30.T47TPF.2018271T040541.v2.0.NDVI.tif,S30,T47TPF,2018-09-28,2018271,040541
/home/ec2-user/ndvi_sqs_work/gansu/raw/HLS-VI.S30.T48STH.2018271T040541.v2.0.NDVI.tif,HLS-VI.S30.T48STH.2018271T040541.v2.0.NDVI.tif,S30,T48STH,2018-09-28,2018271,040541
/home/ec2-user/ndvi_sqs_work/gansu/raw/HLS-VI.S30.T48STJ.2018271T040541.v2.0.NDVI.tif,HLS-VI.S30.T48STJ.2018271T040541.v2.0.NDVI.tif,S30,T48STJ,2018-09-28,2018271,040541
/home/ec2-user/ndvi_sqs_work/gansu/raw/HLS-VI.S30.T47SLC.2018272T042659.v2.0.NDVI.tif,HLS-VI.S30.T47SLC.2018272T042659.v2.0.NDVI.tif,S30,T47SLC,2018-09-29,2018272,042659
/home/ec2-user/ndvi_sqs_work/gansu/raw/HLS-VI.S30.T48SWF.2018272T033531.v2.0.NDVI.tif,HLS-VI.S30.T48SWF.2018272T033531.v2.0.NDVI.tif,S30,T48SWF,2018-09-29,2018272,033531
/home/ec2-user/ndvi_sqs_work/gansu/raw/HLS-VI.S30.T48SXF.2018272T033531.v2.0.NDVI.tif,HLS-VI.S30.T48SXF.2018272T033531.v2.0.NDVI.tif,S30,T48SXF,2018-09-29,2018272,033531
/home/ec2-user/ndvi_sqs_work/gansu/raw/HLS-VI.S30.T48SXG.2018272T033531.v2.0.NDVI.tif,HLS-VI.S30.T48SXG.2018272T033531.v2.0.NDVI.tif,S30,T48SXG,2018-09-29,2018272,033531
/home/ec2-user/ndvi_sqs_work/gansu/raw/HLS-VI.S30.T48SYD.2018272T033531.v2.0.NDVI.tif,HLS-VI.S30.T48SYD.2018272T033531.v2.0.NDVI.tif,S30,T48SYD,2018-09-29,2018272,033531
/home/ec2-user/ndvi_sqs_work/gansu/raw/HLS-VI.S30.T48SYE.2018272T033531.v2.0.NDVI.tif,HLS-VI.S30.T48SYE.2018272T033531.v2.0.NDVI.tif,S30,T48SYE,2018-09-29,2018272,033531
/home/ec2-user/ndvi_sqs_work/gansu/raw/HLS-VI.S30.T48SYF.2018272T033531.v2.0.NDVI.tif,HLS-VI.S30.T48SYF.2018272T033531.v2.0.NDVI.tif,S30,T48SYF,2018-09-29,2018272,033531
/home/ec2-user/ndvi_sqs_work/gansu/raw/HLS-VI.S30.T49SBA.2018272T033531.v2.0.NDVI.tif,HLS-VI.S30.T49SBA.2018272T033531.v2.0.NDVI.tif,S30,T49SBA,2018-09-29,2018272,033531
/home/ec2-user/ndvi_sqs_work/gansu/raw/HLS-VI.S30.T49SBB.2018272T033531.v2.0.NDVI.tif,HLS-VI.S30.T49SBB.2018272T033531.v2.0.NDVI.tif,S30,T49SBB,2018-09-29,2018272,033531
/home/ec2-user/ndvi_sqs_work/gansu/raw/HLS-VI.S30.T49SBU.2018272T033531.v2.0.NDVI.tif,HLS-VI.S30.T49SBU.2018272T033531.v2.0.NDVI.tif,S30,T49SBU,2018-09-29,2018272,033531
/home/ec2-user/ndvi_sqs_work/gansu/raw/HLS-VI.S30.T49SBV.2018272T033531.v2.0.NDVI.tif,HLS-VI.S30.T49SBV.2018272T033531.v2.0.NDVI.tif,S30,T49SBV,2018-09-29,2018272,033531
/home/ec2-user/ndvi_sqs_work/gansu/raw/HLS-VI.S30.T46TGK.2018274T041551.v2.0.NDVI.tif,HLS-VI.S30.T46TGK.2018274T041551.v2.0.NDVI.tif,S30,T46TGK,2018-10-01,2018274,041551
/home/ec2-user/ndvi_sqs_work/gansu/raw/HLS-VI.S30.T46TGL.2018274T041551.v2.0.NDVI.tif,HLS-VI.S30.T46TGL.2018274T041551.v2.0.NDVI.tif,S30,T46TGL,2018-10-01,2018274,041551
/home/ec2-user/ndvi_sqs_work/gansu/raw/HLS-VI.S30.T47TKE.2018274T041551.v2.0.NDVI.tif,HLS-VI.S30.T47TKE.2018274T041551.v2.0.NDVI.tif,S30,T47TKE,2018-10-01,2018274,041551
/home/ec2-user/ndvi_sqs_work/gansu/raw/HLS-VI.S30.T47TKF.2018274T041551.v2.0.NDVI.tif,HLS-VI.S30.T47TKF.2018274T041551.v2.0.NDVI.tif,S30,T47TKF,2018-10-01,2018274,041551
/home/ec2-user/ndvi_sqs_work/gansu/raw/HLS-VI.S30.T47TLF.2018274T041551.v2.0.NDVI.tif,HLS-VI.S30.T47TLF.2018274T041551.v2.0.NDVI.tif,S30,T47TLF,2018-10-01,2018274,041551
/home/ec2-user/ndvi_sqs_work/gansu/raw/HLS-VI.S30.T47TLG.2018274T041551.v2.0.NDVI.tif,HLS-VI.S30.T47TLG.2018274T041551.v2.0.NDVI.tif,S30,T47TLG,2018-10-01,2018274,041551
/home/ec2-user/ndvi_sqs_work/gansu/raw/HLS-VI.S30.T47TLH.2018274T041551.v2.0.NDVI.tif,HLS-VI.S30.T47TLH.2018274T041551.v2.0.NDVI.tif,S30,T47TLH,2018-10-01,2018274,041551
/home/ec2-user/ndvi_sqs_work/gansu/raw/HLS-VI.S30.T47TME.2018274T041551.v2.0.NDVI.tif,HLS-VI.S30.T47TME.2018274T041551.v2.0.NDVI.tif,S30,T47TME,2018-10-01,2018274,041551
/home/ec2-user/ndvi_sqs_work/gansu/raw/HLS-VI.S30.T47TMF.2018274T041551.v2.0.NDVI.tif,HLS-VI.S30.T47TMF.2018274T041551.v2.0.NDVI.tif,S30,T47TMF,2018-10-01,2018274,041551
/home/ec2-user/ndvi_sqs_work/gansu/raw/HLS-VI.S30.T47TNE.2018274T041551.v2.0.NDVI.tif,HLS-VI.S30.T47TNE.2018274T041551.v2.0.NDVI.tif,S30,T47TNE,2018-10-01,2018274,041551
/home/ec2-user/ndvi_sqs_work/gansu/raw/HLS-VI.S30.T47TNF.2018274T041551.v2.0.NDVI.tif,HLS-VI.S30.T47TNF.2018274T041551.v2.0.NDVI.tif,S30,T47TNF,2018-10-01,2018274,041551
/home/ec2-user/ndvi_sqs_work/gansu/raw/HLS-VI.S30.T48SYD.2018274T032529.v2.0.NDVI.tif,HLS-VI.S30.T48SYD.2018274T032529.v2.0.NDVI.tif,S30,T48SYD,2018-10-01,2018274,032529
/home/ec2-user/ndvi_sqs_work/gansu/raw/HLS-VI.S30.T48SYE.2018274T032529.v2.0.NDVI.tif,HLS-VI.S30.T48SYE.2018274T032529.v2.0.NDVI.tif,S30,T48SYE,2018-10-01,2018274,032529
/home/ec2-user/ndvi_sqs_work/gansu/raw/HLS-VI.S30.T48SYF.2018274T032529.v2.0.NDVI.tif,HLS-VI.S30.T48SYF.2018274T032529.v2.0.NDVI.tif,S30,T48SYF,2018-10-01,2018274,032529
/home/ec2-user/ndvi_sqs_work/gansu/raw/HLS-VI.S30.T49SBA.2018274T032529.v2.0.NDVI.tif,HLS-VI.S30.T49SBA.2018274T032529.v2.0.NDVI.tif,S30,T49SBA,2018-10-01,2018274,032529
/home/ec2-user/ndvi_sqs_work/gansu/raw/HLS-VI.S30.T49SBU.2018274T032529.v2.0.NDVI.tif,HLS-VI.S30.T49SBU.2018274T032529.v2.0.NDVI.tif,S30,T49SBU,2018-10-01,2018274,032529
/home/ec2-user/ndvi_sqs_work/gansu/raw/HLS-VI.S30.T49SBV.2018274T032529.v2.0.NDVI.tif,HLS-VI.S30.T49SBV.2018274T032529.v2.0.NDVI.tif,S30,T49SBV,2018-10-01,2018274,032529
/home/ec2-user/ndvi_sqs_work/gansu/raw/HLS-VI.S30.T49SCA.2018274T032529.v2.0.NDVI.tif,HLS-VI.S30.T49SCA.2018274T032529.v2.0.NDVI.tif,S30,T49SCA,2018-10-01,2018274,032529
/home/ec2-user/ndvi_sqs_work/gansu/raw/HLS-VI.S30.T46SFH.2018275T043659.v2.0.NDVI.tif,HLS-VI.S30.T46SFH.2018275T043659.v2.0.NDVI.tif,S30,T46SFH,2018-10-02,2018275,043659
/home/ec2-user/ndvi_sqs_work/gansu/raw/HLS-VI.S30.T46TDK.2018275T043659.v2.0.NDVI.tif,HLS-VI.S30.T46TDK.2018275T043659.v2.0.NDVI.tif,S30,T46TDK,2018-10-02,2018275,043659
/home/ec2-user/ndvi_sqs_work/gansu/raw/HLS-VI.S30.T46TEK.2018275T043659.v2.0.NDVI.tif,HLS-VI.S30.T46TEK.2018275T043659.v2.0.NDVI.tif,S30,T46TEK,2018-10-02,2018275,043659
/home/ec2-user/ndvi_sqs_work/gansu/raw/HLS-VI.S30.T46TEL.2018275T043659.v2.0.NDVI.tif,HLS-VI.S30.T46TEL.2018275T043659.v2.0.NDVI.tif,S30,T46TEL,2018-10-02,2018275,043659
/home/ec2-user/ndvi_sqs_work/gansu/raw/HLS-VI.S30.T46TFK.2018275T043659.v2.0.NDVI.tif,HLS-VI.S30.T46TFK.2018275T043659.v2.0.NDVI.tif,S30,T46TFK,2018-10-02,2018275,043659
/home/ec2-user/ndvi_sqs_work/gansu/raw/HLS-VI.S30.T46TFL.2018275T043659.v2.0.NDVI.tif,HLS-VI.S30.T46TFL.2018275T043659.v2.0.NDVI.tif,S30,T46TFL,2018-10-02,2018275,043659
/home/ec2-user/ndvi_sqs_work/gansu/raw/HLS-VI.S30.T46TFM.2018275T043659.v2.0.NDVI.tif,HLS-VI.S30.T46TFM.2018275T043659.v2.0.NDVI.tif,S30,T46TFM,2018-10-02,2018275,043659
/home/ec2-user/ndvi_sqs_work/gansu/raw/HLS-VI.S30.T48SUH.2018275T034551.v2.0.NDVI.tif,HLS-VI.S30.T48SUH.2018275T034551.v2.0.NDVI.tif,S30,T48SUH,2018-10-02,2018275,034551
/home/ec2-user/ndvi_sqs_work/gansu/raw/HLS-VI.S30.T48SUJ.2018275T034551.v2.0.NDVI.tif,HLS-VI.S30.T48SUJ.2018275T034551.v2.0.NDVI.tif,S30,T48SUJ,2018-10-02,2018275,034551
/home/ec2-user/ndvi_sqs_work/gansu/raw/HLS-VI.S30.T48SVH.2018275T034551.v2.0.NDVI.tif,HLS-VI.S30.T48SVH.2018275T034551.v2.0.NDVI.tif,S30,T48SVH,2018-10-02,2018275,034551
/home/ec2-user/ndvi_sqs_work/gansu/raw/HLS-VI.S30.T48SVJ.2018275T034551.v2.0.NDVI.tif,HLS-VI.S30.T48SVJ.2018275T034551.v2.0.NDVI.tif,S30,T48SVJ,2018-10-02,2018275,034551
/home/ec2-user/ndvi_sqs_work/gansu/raw/HLS-VI.S30.T48SWD.2018275T034551.v2.0.NDVI.tif,HLS-VI.S30.T48SWD.2018275T034551.v2.0.NDVI.tif,S30,T48SWD,2018-10-02,2018275,034551
/home/ec2-user/ndvi_sqs_work/gansu/raw/HLS-VI.S30.T47SND.2018276T040559.v2.0.NDVI.tif,HLS-VI.S30.T47SND.2018276T040559.v2.0.NDVI.tif,S30,T47SND,2018-10-03,2018276,040559
/home/ec2-user/ndvi_sqs_work/gansu/raw/HLS-VI.S30.T47SPD.2018276T040559.v2.0.NDVI.tif,HLS-VI.S30.T47SPD.2018276T040559.v2.0.NDVI.tif,S30,T47SPD,2018-10-03,2018276,040559
/home/ec2-user/ndvi_sqs_work/gansu/raw/HLS-VI.S30.T47SQD.2018276T040559.v2.0.NDVI.tif,HLS-VI.S30.T47SQD.2018276T040559.v2.0.NDVI.tif,S30,T47SQD,2018-10-03,2018276,040559
/home/ec2-user/ndvi_sqs_work/gansu/raw/HLS-VI.S30.T47TME.2018276T040559.v2.0.NDVI.tif,HLS-VI.S30.T47TME.2018276T040559.v2.0.NDVI.tif,S30,T47TME,2018-10-03,2018276,040559
/home/ec2-user/ndvi_sqs_work/gansu/raw/HLS-VI.S30.T47TMF.2018276T040559.v2.0.NDVI.tif,HLS-VI.S30.T47TMF.2018276T040559.v2.0.NDVI.tif,S30,T47TMF,2018-10-03,2018276,040559
/home/ec2-user/ndvi_sqs_work/gansu/raw/HLS-VI.S30.T47TNE.2018276T040559.v2.0.NDVI.tif,HLS-VI.S30.T47TNE.2018276T040559.v2.0.NDVI.tif,S30,T47TNE,2018-10-03,2018276,040559
/home/ec2-user/ndvi_sqs_work/gansu/raw/HLS-VI.S30.T47TNF.2018276T040559.v2.0.NDVI.tif,HLS-VI.S30.T47TNF.2018276T040559.v2.0.NDVI.tif,S30,T47TNF,2018-10-03,2018276,040559
/home/ec2-user/ndvi_sqs_work/gansu/raw/HLS-VI.S30.T47TPE.2018276T040559.v2.0.NDVI.tif,HLS-VI.S30.T47TPE.2018276T040559.v2.0.NDVI.tif,S30,T47TPE,2018-10-03,2018276,040559
/home/ec2-user/ndvi_sqs_work/gansu/raw/HLS-VI.S30.T47TPF.2018276T040559.v2.0.NDVI.tif,HLS-VI.S30.T47TPF.2018276T040559.v2.0.NDVI.tif,S30,T47TPF,2018-10-03,2018276,040559
/home/ec2-user/ndvi_sqs_work/gansu/raw/HLS-VI.S30.T48STH.2018276T040559.v2.0.NDVI.tif,HLS-VI.S30.T48STH.2018276T040559.v2.0.NDVI.tif,S30,T48STH,2018-10-03,2018276,040559
/home/ec2-user/ndvi_sqs_work/gansu/raw/HLS-VI.S30.T48STJ.2018276T040559.v2.0.NDVI.tif,HLS-VI.S30.T48STJ.2018276T040559.v2.0.NDVI.tif,S30,T48STJ,2018-10-03,2018276,040559
/home/ec2-user/ndvi_sqs_work/gansu/raw/HLS-VI.S30.T46SEH.2018277T042701.v2.0.NDVI.tif,HLS-VI.S30.T46SEH.2018277T042701.v2.0.NDVI.tif,S30,T46SEH,2018-10-04,2018277,042701
/home/ec2-user/ndvi_sqs_work/gansu/raw/HLS-VI.S30.T46SEJ.2018277T042701.v2.0.NDVI.tif,HLS-VI.S30.T46SEJ.2018277T042701.v2.0.NDVI.tif,S30,T46SEJ,2018-10-04,2018277,042701
/home/ec2-user/ndvi_sqs_work/gansu/raw/HLS-VI.S30.T46SFH.2018277T042701.v2.0.NDVI.tif,HLS-VI.S30.T46SFH.2018277T042701.v2.0.NDVI.tif,S30,T46SFH,2018-10-04,2018277,042701
/home/ec2-user/ndvi_sqs_work/gansu/raw/HLS-VI.S30.T46SFJ.2018277T042701.v2.0.NDVI.tif,HLS-VI.S30.T46SFJ.2018277T042701.v2.0.NDVI.tif,S30,T46SFJ,2018-10-04,2018277,042701
/home/ec2-user/ndvi_sqs_work/gansu/raw/HLS-VI.S30.T46SGJ.2018277T042701.v2.0.NDVI.tif,HLS-VI.S30.T46SGJ.2018277T042701.v2.0.NDVI.tif,S30,T46SGJ,2018-10-04,2018277,042701
/home/ec2-user/ndvi_sqs_work/gansu/raw/HLS-VI.S30.T46TGK.2018277T042701.v2.0.NDVI.tif,HLS-VI.S30.T46TGK.2018277T042701.v2.0.NDVI.tif,S30,T46TGK,2018-10-04,2018277,042701
/home/ec2-user/ndvi_sqs_work/gansu/raw/HLS-VI.S30.T46TGN.2018277T042701.v2.0.NDVI.tif,HLS-VI.S30.T46TGN.2018277T042701.v2.0.NDVI.tif,S30,T46TGN,2018-10-04,2018277,042701
/home/ec2-user/ndvi_sqs_work/gansu/raw/HLS-VI.S30.T47SKD.2018277T042701.v2.0.NDVI.tif,HLS-VI.S30.T47SKD.2018277T042701.v2.0.NDVI.tif,S30,T47SKD,2018-10-04,2018277,042701
/home/ec2-user/ndvi_sqs_work/gansu/raw/HLS-VI.S30.T47SLC.2018277T042701.v2.0.NDVI.tif,HLS-VI.S30.T47SLC.2018277T042701.v2.0.NDVI.tif,S30,T47SLC,2018-10-04,2018277,042701
/home/ec2-user/ndvi_sqs_work/gansu/raw/HLS-VI.S30.T47TKE.2018277T042701.v2.0.NDVI.tif,HLS-VI.S30.T47TKE.2018277T042701.v2.0.NDVI.tif,S30,T47TKE,2018-10-04,2018277,042701
/home/ec2-user/ndvi_sqs_work/gansu/raw/HLS-VI.S30.T47TLH.2018277T042701.v2.0.NDVI.tif,HLS-VI.S30.T47TLH.2018277T042701.v2.0.NDVI.tif,S30,T47TLH,2018-10-04,2018277,042701
/home/ec2-user/ndvi_sqs_work/gansu/raw/HLS-VI.S30.T48SVE.2018277T033559.v2.0.NDVI.tif,HLS-VI.S30.T48SVE.2018277T033559.v2.0.NDVI.tif,S30,T48SVE,2018-10-04,2018277,033559
/home/ec2-user/ndvi_sqs_work/gansu/raw/HLS-VI.S30.T48SWD.2018277T033559.v2.0.NDVI.tif,HLS-VI.S30.T48SWD.2018277T033559.v2.0.NDVI.tif,S30,T48SWD,2018-10-04,2018277,033559
/home/ec2-user/ndvi_sqs_work/gansu/raw/HLS-VI.S30.T48SWE.2018277T033559.v2.0.NDVI.tif,HLS-VI.S30.T48SWE.2018277T033559.v2.0.NDVI.tif,S30,T48SWE,2018-10-04,2018277,033559
/home/ec2-user/ndvi_sqs_work/gansu/raw/HLS-VI.S30.T48SWF.2018277T033559.v2.0.NDVI.tif,HLS-VI.S30.T48SWF.2018277T033559.v2.0.NDVI.tif,S30,T48SWF,2018-10-04,2018277,033559
/home/ec2-user/ndvi_sqs_work/gansu/raw/HLS-VI.S30.T48SXC.2018277T033559.v2.0.NDVI.tif,HLS-VI.S30.T48SXC.2018277T033559.v2.0.NDVI.tif,S30,T48SXC,2018-10-04,2018277,033559
/home/ec2-user/ndvi_sqs_work/gansu/raw/HLS-VI.S30.T48SXD.2018277T033559.v2.0.NDVI.tif,HLS-VI.S30.T48SXD.2018277T033559.v2.0.NDVI.tif,S30,T48SXD,2018-10-04,2018277,033559
/home/ec2-user/ndvi_sqs_work/gansu/raw/HLS-VI.S30.T48SXE.2018277T033559.v2.0.NDVI.tif,HLS-VI.S30.T48SXE.2018277T033559.v2.0.NDVI.tif,S30,T48SXE,2018-10-04,2018277,033559
/home/ec2-user/ndvi_sqs_work/gansu/raw/HLS-VI.S30.T48SXF.2018277T033559.v2.0.NDVI.tif,HLS-VI.S30.T48SXF.2018277T033559.v2.0.NDVI.tif,S30,T48SXF,2018-10-04,2018277,033559
/home/ec2-user/ndvi_sqs_work/gansu/raw/HLS-VI.S30.T48SXG.2018277T033559.v2.0.NDVI.tif,HLS-VI.S30.T48SXG.2018277T033559.v2.0.NDVI.tif,S30,T48SXG,2018-10-04,2018277,033559
/home/ec2-user/ndvi_sqs_work/gansu/raw/HLS-VI.S30.T48SYD.2018277T033559.v2.0.NDVI.tif,HLS-VI.S30.T48SYD.2018277T033559.v2.0.NDVI.tif,S30,T48SYD,2018-10-04,2018277,033559
/home/ec2-user/ndvi_sqs_work/gansu/raw/HLS-VI.S30.T48SYE.2018277T033559.v2.0.NDVI.tif,HLS-VI.S30.T48SYE.2018277T033559.v2.0.NDVI.tif,S30,T48SYE,2018-10-04,2018277,033559
/home/ec2-user/ndvi_sqs_work/gansu/raw/HLS-VI.S30.T48SYF.2018277T033559.v2.0.NDVI.tif,HLS-VI.S30.T48SYF.2018277T033559.v2.0.NDVI.tif,S30,T48SYF,2018-10-04,2018277,033559
/home/ec2-user/ndvi_sqs_work/gansu/raw/HLS-VI.S30.T48SYG.2018277T033559.v2.0.NDVI.tif,HLS-VI.S30.T48SYG.2018277T033559.v2.0.NDVI.tif,S30,T48SYG,2018-10-04,2018277,033559
/home/ec2-user/ndvi_sqs_work/gansu/raw/HLS-VI.S30.T49SBA.2018277T033559.v2.0.NDVI.tif,HLS-VI.S30.T49SBA.2018277T033559.v2.0.NDVI.tif,S30,T49SBA,2018-10-04,2018277,033559
/home/ec2-user/ndvi_sqs_work/gansu/raw/HLS-VI.S30.T49SBB.2018277T033559.v2.0.NDVI.tif,HLS-VI.S30.T49SBB.2018277T033559.v2.0.NDVI.tif,S30,T49SBB,2018-10-04,2018277,033559
/home/ec2-user/ndvi_sqs_work/gansu/raw/HLS-VI.S30.T49SBU.2018277T033559.v2.0.NDVI.tif,HLS-VI.S30.T49SBU.2018277T033559.v2.0.NDVI.tif,S30,T49SBU,2018-10-04,2018277,033559
/home/ec2-user/ndvi_sqs_work/gansu/raw/HLS-VI.S30.T49SBV.2018277T033559.v2.0.NDVI.tif,HLS-VI.S30.T49SBV.2018277T033559.v2.0.NDVI.tif,S30,T49SBV,2018-10-04,2018277,033559
/home/ec2-user/ndvi_sqs_work/gansu/raw/HLS-VI.S30.T47SPD.2018278T035611.v2.0.NDVI.tif,HLS-VI.S30.T47SPD.2018278T035611.v2.0.NDVI.tif,S30,T47SPD,2018-10-05,2018278,035611
/home/ec2-user/ndvi_sqs_work/gansu/raw/HLS-VI.S30.T48SVG.2018278T035611.v2.0.NDVI.tif,HLS-VI.S30.T48SVG.2018278T035611.v2.0.NDVI.tif,S30,T48SVG,2018-10-05,2018278,035611
/home/ec2-user/ndvi_sqs_work/gansu/raw/HLS-VI.S30.T46TGK.2018279T041619.v2.0.NDVI.tif,HLS-VI.S30.T46TGK.2018279T041619.v2.0.NDVI.tif,S30,T46TGK,2018-10-06,2018279,041619
/home/ec2-user/ndvi_sqs_work/gansu/raw/HLS-VI.S30.T46TGL.2018279T041619.v2.0.NDVI.tif,HLS-VI.S30.T46TGL.2018279T041619.v2.0.NDVI.tif,S30,T46TGL,2018-10-06,2018279,041619
/home/ec2-user/ndvi_sqs_work/gansu/raw/HLS-VI.S30.T47SND.2018279T041619.v2.0.NDVI.tif,HLS-VI.S30.T47SND.2018279T041619.v2.0.NDVI.tif,S30,T47SND,2018-10-06,2018279,041619
/home/ec2-user/ndvi_sqs_work/gansu/raw/HLS-VI.S30.T47TKE.2018279T041619.v2.0.NDVI.tif,HLS-VI.S30.T47TKE.2018279T041619.v2.0.NDVI.tif,S30,T47TKE,2018-10-06,2018279,041619
/home/ec2-user/ndvi_sqs_work/gansu/raw/HLS-VI.S30.T47TKF.2018279T041619.v2.0.NDVI.tif,HLS-VI.S30.T47TKF.2018279T041619.v2.0.NDVI.tif,S30,T47TKF,2018-10-06,2018279,041619
/home/ec2-user/ndvi_sqs_work/gansu/raw/HLS-VI.S30.T47TLE.2018279T041619.v2.0.NDVI.tif,HLS-VI.S30.T47TLE.2018279T041619.v2.0.NDVI.tif,S30,T47TLE,2018-10-06,2018279,041619
/home/ec2-user/ndvi_sqs_work/gansu/raw/HLS-VI.S30.T47TLF.2018279T041619.v2.0.NDVI.tif,HLS-VI.S30.T47TLF.2018279T041619.v2.0.NDVI.tif,S30,T47TLF,2018-10-06,2018279,041619
/home/ec2-user/ndvi_sqs_work/gansu/raw/HLS-VI.S30.T47TLH.2018279T041619.v2.0.NDVI.tif,HLS-VI.S30.T47TLH.2018279T041619.v2.0.NDVI.tif,S30,T47TLH,2018-10-06,2018279,041619
/home/ec2-user/ndvi_sqs_work/gansu/raw/HLS-VI.S30.T47TME.2018279T041619.v2.0.NDVI.tif,HLS-VI.S30.T47TME.2018279T041619.v2.0.NDVI.tif,S30,T47TME,2018-10-06,2018279,041619
/home/ec2-user/ndvi_sqs_work/gansu/raw/HLS-VI.S30.T47TMF.2018279T041619.v2.0.NDVI.tif,HLS-VI.S30.T47TMF.2018279T041619.v2.0.NDVI.tif,S30,T47TMF,2018-10-06,2018279,041619
/home/ec2-user/ndvi_sqs_work/gansu/raw/HLS-VI.S30.T47TNE.2018279T041619.v2.0.NDVI.tif,HLS-VI.S30.T47TNE.2018279T041619.v2.0.NDVI.tif,S30,T47TNE,2018-10-06,2018279,041619
/home/ec2-user/ndvi_sqs_work/gansu/raw/HLS-VI.S30.T47TNF.2018279T041619.v2.0.NDVI.tif,HLS-VI.S30.T47TNF.2018279T041619.v2.0.NDVI.tif,S30,T47TNF,2018-10-06,2018279,041619
/home/ec2-user/ndvi_sqs_work/gansu/raw/HLS-VI.S30.T46SDJ.2018280T043701.v2.0.NDVI.tif,HLS-VI.S30.T46SDJ.2018280T043701.v2.0.NDVI.tif,S30,T46SDJ,2018-10-07,2018280,043701
/home/ec2-user/ndvi_sqs_work/gansu/raw/HLS-VI.S30.T46SFH.2018280T043701.v2.0.NDVI.tif,HLS-VI.S30.T46SFH.2018280T043701.v2.0.NDVI.tif,S30,T46SFH,2018-10-07,2018280,043701
/home/ec2-user/ndvi_sqs_work/gansu/raw/HLS-VI.S30.T46TDK.2018280T043701.v2.0.NDVI.tif,HLS-VI.S30.T46TDK.2018280T043701.v2.0.NDVI.tif,S30,T46TDK,2018-10-07,2018280,043701
/home/ec2-user/ndvi_sqs_work/gansu/raw/HLS-VI.S30.T46TEK.2018280T043701.v2.0.NDVI.tif,HLS-VI.S30.T46TEK.2018280T043701.v2.0.NDVI.tif,S30,T46TEK,2018-10-07,2018280,043701
/home/ec2-user/ndvi_sqs_work/gansu/raw/HLS-VI.S30.T46TEL.2018280T043701.v2.0.NDVI.tif,HLS-VI.S30.T46TEL.2018280T043701.v2.0.NDVI.tif,S30,T46TEL,2018-10-07,2018280,043701
/home/ec2-user/ndvi_sqs_work/gansu/raw/HLS-VI.S30.T46TFL.2018280T043701.v2.0.NDVI.tif,HLS-VI.S30.T46TFL.2018280T043701.v2.0.NDVI.tif,S30,T46TFL,2018-10-07,2018280,043701
/home/ec2-user/ndvi_sqs_work/gansu/raw/HLS-VI.S30.T46TFM.2018280T043701.v2.0.NDVI.tif,HLS-VI.S30.T46TFM.2018280T043701.v2.0.NDVI.tif,S30,T46TFM,2018-10-07,2018280,043701
/home/ec2-user/ndvi_sqs_work/gansu/raw/HLS-VI.S30.T48SUH.2018280T034619.v2.0.NDVI.tif,HLS-VI.S30.T48SUH.2018280T034619.v2.0.NDVI.tif,S30,T48SUH,2018-10-07,2018280,034619
/home/ec2-user/ndvi_sqs_work/gansu/raw/HLS-VI.S30.T48SUJ.2018280T034619.v2.0.NDVI.tif,HLS-VI.S30.T48SUJ.2018280T034619.v2.0.NDVI.tif,S30,T48SUJ,2018-10-07,2018280,034619
/home/ec2-user/ndvi_sqs_work/gansu/raw/HLS-VI.S30.T48SVG.2018280T034619.v2.0.NDVI.tif,HLS-VI.S30.T48SVG.2018280T034619.v2.0.NDVI.tif,S30,T48SVG,2018-10-07,2018280,034619
/home/ec2-user/ndvi_sqs_work/gansu/raw/HLS-VI.S30.T48SVH.2018280T034619.v2.0.NDVI.tif,HLS-VI.S30.T48SVH.2018280T034619.v2.0.NDVI.tif,S30,T48SVH,2018-10-07,2018280,034619
/home/ec2-user/ndvi_sqs_work/gansu/raw/HLS-VI.S30.T48SVJ.2018280T034619.v2.0.NDVI.tif,HLS-VI.S30.T48SVJ.2018280T034619.v2.0.NDVI.tif,S30,T48SVJ,2018-10-07,2018280,034619
/home/ec2-user/ndvi_sqs_work/gansu/raw/HLS-VI.S30.T48SWG.2018280T034619.v2.0.NDVI.tif,HLS-VI.S30.T48SWG.2018280T034619.v2.0.NDVI.tif,S30,T48SWG,2018-10-07,2018280,034619
/home/ec2-user/ndvi_sqs_work/gansu/raw/HLS-VI.S30.T47SND.2018281T040631.v2.0.NDVI.tif,HLS-VI.S30.T47SND.2018281T040631.v2.0.NDVI.tif,S30,T47SND,2018-10-08,2018281,040631
/home/ec2-user/ndvi_sqs_work/gansu/raw/HLS-VI.S30.T47SPD.2018281T040631.v2.0.NDVI.tif,HLS-VI.S30.T47SPD.2018281T040631.v2.0.NDVI.tif,S30,T47SPD,2018-10-08,2018281,040631
/home/ec2-user/ndvi_sqs_work/gansu/raw/HLS-VI.S30.T47SQD.2018281T040631.v2.0.NDVI.tif,HLS-VI.S30.T47SQD.2018281T040631.v2.0.NDVI.tif,S30,T47SQD,2018-10-08,2018281,040631
/home/ec2-user/ndvi_sqs_work/gansu/raw/HLS-VI.S30.T47TME.2018281T040631.v2.0.NDVI.tif,HLS-VI.S30.T47TME.2018281T040631.v2.0.NDVI.tif,S30,T47TME,2018-10-08,2018281,040631
/home/ec2-user/ndvi_sqs_work/gansu/raw/HLS-VI.S30.T47TMF.2018281T040631.v2.0.NDVI.tif,HLS-VI.S30.T47TMF.2018281T040631.v2.0.NDVI.tif,S30,T47TMF,2018-10-08,2018281,040631
/home/ec2-user/ndvi_sqs_work/gansu/raw/HLS-VI.S30.T47TNE.2018281T040631.v2.0.NDVI.tif,HLS-VI.S30.T47TNE.2018281T040631.v2.0.NDVI.tif,S30,T47TNE,2018-10-08,2018281,040631
/home/ec2-user/ndvi_sqs_work/gansu/raw/HLS-VI.S30.T47TNF.2018281T040631.v2.0.NDVI.tif,HLS-VI.S30.T47TNF.2018281T040631.v2.0.NDVI.tif,S30,T47TNF,2018-10-08,2018281,040631
/home/ec2-user/ndvi_sqs_work/gansu/raw/HLS-VI.S30.T47TPE.2018281T040631.v2.0.NDVI.tif,HLS-VI.S30.T47TPE.2018281T040631.v2.0.NDVI.tif,S30,T47TPE,2018-10-08,2018281,040631
/home/ec2-user/ndvi_sqs_work/gansu/raw/HLS-VI.S30.T47TPF.2018281T040631.v2.0.NDVI.tif,HLS-VI.S30.T47TPF.2018281T040631.v2.0.NDVI.tif,S30,T47TPF,2018-10-08,2018281,040631
/home/ec2-user/ndvi_sqs_work/gansu/raw/HLS-VI.S30.T48STJ.2018281T040631.v2.0.NDVI.tif,HLS-VI.S30.T48STJ.2018281T040631.v2.0.NDVI.tif,S30,T48STJ,2018-10-08,2018281,040631
/home/ec2-user/ndvi_sqs_work/gansu/raw/HLS-VI.S30.T48SWE.2018282T033631.v2.0.NDVI.tif,HLS-VI.S30.T48SWE.2018282T033631.v2.0.NDVI.tif,S30,T48SWE,2018-10-09,2018282,033631
/home/ec2-user/ndvi_sqs_work/gansu/raw/HLS-VI.S30.T48SWF.2018282T033631.v2.0.NDVI.tif,HLS-VI.S30.T48SWF.2018282T033631.v2.0.NDVI.tif,S30,T48SWF,2018-10-09,2018282,033631
/home/ec2-user/ndvi_sqs_work/gansu/raw/HLS-VI.S30.T48SXE.2018282T033631.v2.0.NDVI.tif,HLS-VI.S30.T48SXE.2018282T033631.v2.0.NDVI.tif,S30,T48SXE,2018-10-09,2018282,033631
/home/ec2-user/ndvi_sqs_work/gansu/raw/HLS-VI.S30.T48SXF.2018282T033631.v2.0.NDVI.tif,HLS-VI.S30.T48SXF.2018282T033631.v2.0.NDVI.tif,S30,T48SXF,2018-10-09,2018282,033631
/home/ec2-user/ndvi_sqs_work/gansu/raw/HLS-VI.S30.T48SXG.2018282T033631.v2.0.NDVI.tif,HLS-VI.S30.T48SXG.2018282T033631.v2.0.NDVI.tif,S30,T48SXG,2018-10-09,2018282,033631
/home/ec2-user/ndvi_sqs_work/gansu/raw/HLS-VI.S30.T48SYF.2018282T033631.v2.0.NDVI.tif,HLS-VI.S30.T48SYF.2018282T033631.v2.0.NDVI.tif,S30,T48SYF,2018-10-09,2018282,033631
/home/ec2-user/ndvi_sqs_work/gansu/raw/HLS-VI.S30.T48SYG.2018282T033631.v2.0.NDVI.tif,HLS-VI.S30.T48SYG.2018282T033631.v2.0.NDVI.tif,S30,T48SYG,2018-10-09,2018282,033631
/home/ec2-user/ndvi_sqs_work/gansu/raw/HLS-VI.S30.T49SBA.2018282T033631.v2.0.NDVI.tif,HLS-VI.S30.T49SBA.2018282T033631.v2.0.NDVI.tif,S30,T49SBA,2018-10-09,2018282,033631
/home/ec2-user/ndvi_sqs_work/gansu/raw/HLS-VI.S30.T49SBB.2018282T033631.v2.0.NDVI.tif,HLS-VI.S30.T49SBB.2018282T033631.v2.0.NDVI.tif,S30,T49SBB,2018-10-09,2018282,033631
/home/ec2-user/ndvi_sqs_work/gansu/raw/HLS-VI.S30.T47SPD.2018283T035649.v2.0.NDVI.tif,HLS-VI.S30.T47SPD.2018283T035649.v2.0.NDVI.tif,S30,T47SPD,2018-10-10,2018283,035649
/home/ec2-user/ndvi_sqs_work/gansu/raw/HLS-VI.S30.T47SQC.2018283T035649.v2.0.NDVI.tif,HLS-VI.S30.T47SQC.2018283T035649.v2.0.NDVI.tif,S30,T47SQC,2018-10-10,2018283,035649
/home/ec2-user/ndvi_sqs_work/gansu/raw/HLS-VI.S30.T47SQD.2018283T035649.v2.0.NDVI.tif,HLS-VI.S30.T47SQD.2018283T035649.v2.0.NDVI.tif,S30,T47SQD,2018-10-10,2018283,035649
/home/ec2-user/ndvi_sqs_work/gansu/raw/HLS-VI.S30.T48STH.2018283T035649.v2.0.NDVI.tif,HLS-VI.S30.T48STH.2018283T035649.v2.0.NDVI.tif,S30,T48STH,2018-10-10,2018283,035649
/home/ec2-user/ndvi_sqs_work/gansu/raw/HLS-VI.S30.T48STJ.2018283T035649.v2.0.NDVI.tif,HLS-VI.S30.T48STJ.2018283T035649.v2.0.NDVI.tif,S30,T48STJ,2018-10-10,2018283,035649
/home/ec2-user/ndvi_sqs_work/gansu/raw/HLS-VI.S30.T48SUG.2018283T035649.v2.0.NDVI.tif,HLS-VI.S30.T48SUG.2018283T035649.v2.0.NDVI.tif,S30,T48SUG,2018-10-10,2018283,035649
/home/ec2-user/ndvi_sqs_work/gansu/raw/HLS-VI.S30.T48SUH.2018283T035649.v2.0.NDVI.tif,HLS-VI.S30.T48SUH.2018283T035649.v2.0.NDVI.tif,S30,T48SUH,2018-10-10,2018283,035649
/home/ec2-user/ndvi_sqs_work/gansu/raw/HLS-VI.S30.T48SUJ.2018283T035649.v2.0.NDVI.tif,HLS-VI.S30.T48SUJ.2018283T035649.v2.0.NDVI.tif,S30,T48SUJ,2018-10-10,2018283,035649
/home/ec2-user/ndvi_sqs_work/gansu/raw/HLS-VI.S30.T48SVG.2018283T035649.v2.0.NDVI.tif,HLS-VI.S30.T48SVG.2018283T035649.v2.0.NDVI.tif,S30,T48SVG,2018-10-10,2018283,035649
/home/ec2-user/ndvi_sqs_work/gansu/raw/HLS-VI.S30.T48SVH.2018283T035649.v2.0.NDVI.tif,HLS-VI.S30.T48SVH.2018283T035649.v2.0.NDVI.tif,S30,T48SVH,2018-10-10,2018283,035649
/home/ec2-user/ndvi_sqs_work/gansu/raw/HLS-VI.S30.T48SVJ.2018283T035649.v2.0.NDVI.tif,HLS-VI.S30.T48SVJ.2018283T035649.v2.0.NDVI.tif,S30,T48SVJ,2018-10-10,2018283,035649
/home/ec2-user/ndvi_sqs_work/gansu/raw/HLS-VI.S30.T46TGK.2018284T041701.v2.0.NDVI.tif,HLS-VI.S30.T46TGK.2018284T041701.v2.0.NDVI.tif,S30,T46TGK,2018-10-11,2018284,041701
/home/ec2-user/ndvi_sqs_work/gansu/raw/HLS-VI.S30.T46TGL.2018284T041701.v2.0.NDVI.tif,HLS-VI.S30.T46TGL.2018284T041701.v2.0.NDVI.tif,S30,T46TGL,2018-10-11,2018284,041701
/home/ec2-user/ndvi_sqs_work/gansu/raw/HLS-VI.S30.T47SND.2018284T041701.v2.0.NDVI.tif,HLS-VI.S30.T47SND.2018284T041701.v2.0.NDVI.tif,S30,T47SND,2018-10-11,2018284,041701
/home/ec2-user/ndvi_sqs_work/gansu/raw/HLS-VI.S30.T47TKE.2018284T041701.v2.0.NDVI.tif,HLS-VI.S30.T47TKE.2018284T041701.v2.0.NDVI.tif,S30,T47TKE,2018-10-11,2018284,041701
/home/ec2-user/ndvi_sqs_work/gansu/raw/HLS-VI.S30.T47TKF.2018284T041701.v2.0.NDVI.tif,HLS-VI.S30.T47TKF.2018284T041701.v2.0.NDVI.tif,S30,T47TKF,2018-10-11,2018284,041701
/home/ec2-user/ndvi_sqs_work/gansu/raw/HLS-VI.S30.T47TLE.2018284T041701.v2.0.NDVI.tif,HLS-VI.S30.T47TLE.2018284T041701.v2.0.NDVI.tif,S30,T47TLE,2018-10-11,2018284,041701
/home/ec2-user/ndvi_sqs_work/gansu/raw/HLS-VI.S30.T47TLF.2018284T041701.v2.0.NDVI.tif,HLS-VI.S30.T47TLF.2018284T041701.v2.0.NDVI.tif,S30,T47TLF,2018-10-11,2018284,041701
/home/ec2-user/ndvi_sqs_work/gansu/raw/HLS-VI.S30.T47TLG.2018284T041701.v2.0.NDVI.tif,HLS-VI.S30.T47TLG.2018284T041701.v2.0.NDVI.tif,S30,T47TLG,2018-10-11,2018284,041701
/home/ec2-user/ndvi_sqs_work/gansu/raw/HLS-VI.S30.T47TLH.2018284T041701.v2.0.NDVI.tif,HLS-VI.S30.T47TLH.2018284T041701.v2.0.NDVI.tif,S30,T47TLH,2018-10-11,2018284,041701
/home/ec2-user/ndvi_sqs_work/gansu/raw/HLS-VI.S30.T47TME.2018284T041701.v2.0.NDVI.tif,HLS-VI.S30.T47TME.2018284T041701.v2.0.NDVI.tif,S30,T47TME,2018-10-11,2018284,041701
/home/ec2-user/ndvi_sqs_work/gansu/raw/HLS-VI.S30.T47TMF.2018284T041701.v2.0.NDVI.tif,HLS-VI.S30.T47TMF.2018284T041701.v2.0.NDVI.tif,S30,T47TMF,2018-10-11,2018284,041701
/home/ec2-user/ndvi_sqs_work/gansu/raw/HLS-VI.S30.T47TNE.2018284T041701.v2.0.NDVI.tif,HLS-VI.S30.T47TNE.2018284T041701.v2.0.NDVI.tif,S30,T47TNE,2018-10-11,2018284,041701
/home/ec2-user/ndvi_sqs_work/gansu/raw/HLS-VI.S30.T47TNF.2018284T041701.v2.0.NDVI.tif,HLS-VI.S30.T47TNF.2018284T041701.v2.0.NDVI.tif,S30,T47TNF,2018-10-11,2018284,041701
/home/ec2-user/ndvi_sqs_work/gansu/raw/HLS-VI.S30.T48SYE.2018284T032639.v2.0.NDVI.tif,HLS-VI.S30.T48SYE.2018284T032639.v2.0.NDVI.tif,S30,T48SYE,2018-10-11,2018284,032639
/home/ec2-user/ndvi_sqs_work/gansu/raw/HLS-VI.S30.T48SYF.2018284T032639.v2.0.NDVI.tif,HLS-VI.S30.T48SYF.2018284T032639.v2.0.NDVI.tif,S30,T48SYF,2018-10-11,2018284,032639
/home/ec2-user/ndvi_sqs_work/gansu/raw/HLS-VI.S30.T49SBA.2018284T032639.v2.0.NDVI.tif,HLS-VI.S30.T49SBA.2018284T032639.v2.0.NDVI.tif,S30,T49SBA,2018-10-11,2018284,032639
/home/ec2-user/ndvi_sqs_work/gansu/raw/HLS-VI.S30.T49SBV.2018284T032639.v2.0.NDVI.tif,HLS-VI.S30.T49SBV.2018284T032639.v2.0.NDVI.tif,S30,T49SBV,2018-10-11,2018284,032639
/home/ec2-user/ndvi_sqs_work/gansu/raw/HLS-VI.S30.T49SCA.2018284T032639.v2.0.NDVI.tif,HLS-VI.S30.T49SCA.2018284T032639.v2.0.NDVI.tif,S30,T49SCA,2018-10-11,2018284,032639
/home/ec2-user/ndvi_sqs_work/gansu/raw/HLS-VI.S30.T46SFH.2018285T043719.v2.0.NDVI.tif,HLS-VI.S30.T46SFH.2018285T043719.v2.0.NDVI.tif,S30,T46SFH,2018-10-12,2018285,043719
/home/ec2-user/ndvi_sqs_work/gansu/raw/HLS-VI.S30.T46TDK.2018285T043719.v2.0.NDVI.tif,HLS-VI.S30.T46TDK.2018285T043719.v2.0.NDVI.tif,S30,T46TDK,2018-10-12,2018285,043719
/home/ec2-user/ndvi_sqs_work/gansu/raw/HLS-VI.S30.T46TEK.2018285T043719.v2.0.NDVI.tif,HLS-VI.S30.T46TEK.2018285T043719.v2.0.NDVI.tif,S30,T46TEK,2018-10-12,2018285,043719
/home/ec2-user/ndvi_sqs_work/gansu/raw/HLS-VI.S30.T46TEL.2018285T043719.v2.0.NDVI.tif,HLS-VI.S30.T46TEL.2018285T043719.v2.0.NDVI.tif,S30,T46TEL,2018-10-12,2018285,043719
/home/ec2-user/ndvi_sqs_work/gansu/raw/HLS-VI.S30.T46TFK.2018285T043719.v2.0.NDVI.tif,HLS-VI.S30.T46TFK.2018285T043719.v2.0.NDVI.tif,S30,T46TFK,2018-10-12,2018285,043719
/home/ec2-user/ndvi_sqs_work/gansu/raw/HLS-VI.S30.T46TFL.2018285T043719.v2.0.NDVI.tif,HLS-VI.S30.T46TFL.2018285T043719.v2.0.NDVI.tif,S30,T46TFL,2018-10-12,2018285,043719
/home/ec2-user/ndvi_sqs_work/gansu/raw/HLS-VI.S30.T48STE.2018285T034701.v2.0.NDVI.tif,HLS-VI.S30.T48STE.2018285T034701.v2.0.NDVI.tif,S30,T48STE,2018-10-12,2018285,034701
/home/ec2-user/ndvi_sqs_work/gansu/raw/HLS-VI.S30.T48STF.2018285T034701.v2.0.NDVI.tif,HLS-VI.S30.T48STF.2018285T034701.v2.0.NDVI.tif,S30,T48STF,2018-10-12,2018285,034701
/home/ec2-user/ndvi_sqs_work/gansu/raw/HLS-VI.S30.T48SUE.2018285T034701.v2.0.NDVI.tif,HLS-VI.S30.T48SUE.2018285T034701.v2.0.NDVI.tif,S30,T48SUE,2018-10-12,2018285,034701
/home/ec2-user/ndvi_sqs_work/gansu/raw/HLS-VI.S30.T48SUF.2018285T034701.v2.0.NDVI.tif,HLS-VI.S30.T48SUF.2018285T034701.v2.0.NDVI.tif,S30,T48SUF,2018-10-12,2018285,034701
/home/ec2-user/ndvi_sqs_work/gansu/raw/HLS-VI.S30.T48SUG.2018285T034701.v2.0.NDVI.tif,HLS-VI.S30.T48SUG.2018285T034701.v2.0.NDVI.tif,S30,T48SUG,2018-10-12,2018285,034701
/home/ec2-user/ndvi_sqs_work/gansu/raw/HLS-VI.S30.T48SUH.2018285T034701.v2.0.NDVI.tif,HLS-VI.S30.T48SUH.2018285T034701.v2.0.NDVI.tif,S30,T48SUH,2018-10-12,2018285,034701
/home/ec2-user/ndvi_sqs_work/gansu/raw/HLS-VI.S30.T48SUJ.2018285T034701.v2.0.NDVI.tif,HLS-VI.S30.T48SUJ.2018285T034701.v2.0.NDVI.tif,S30,T48SUJ,2018-10-12,2018285,034701
/home/ec2-user/ndvi_sqs_work/gansu/raw/HLS-VI.S30.T48SVG.2018285T034701.v2.0.NDVI.tif,HLS-VI.S30.T48SVG.2018285T034701.v2.0.NDVI.tif,S30,T48SVG,2018-10-12,2018285,034701
/home/ec2-user/ndvi_sqs_work/gansu/raw/HLS-VI.S30.T48SVH.2018285T034701.v2.0.NDVI.tif,HLS-VI.S30.T48SVH.2018285T034701.v2.0.NDVI.tif,S30,T48SVH,2018-10-12,2018285,034701
/home/ec2-user/ndvi_sqs_work/gansu/raw/HLS-VI.S30.T48SVJ.2018285T034701.v2.0.NDVI.tif,HLS-VI.S30.T48SVJ.2018285T034701.v2.0.NDVI.tif,S30,T48SVJ,2018-10-12,2018285,034701
/home/ec2-user/ndvi_sqs_work/gansu/raw/HLS-VI.S30.T48SWG.2018285T034701.v2.0.NDVI.tif,HLS-VI.S30.T48SWG.2018285T034701.v2.0.NDVI.tif,S30,T48SWG,2018-10-12,2018285,034701
/home/ec2-user/ndvi_sqs_work/gansu/raw/HLS-VI.S30.T46SFJ.2018287T042731.v2.0.NDVI.tif,HLS-VI.S30.T46SFJ.2018287T042731.v2.0.NDVI.tif,S30,T46SFJ,2018-10-14,2018287,042731
/home/ec2-user/ndvi_sqs_work/gansu/raw/HLS-VI.S30.T46TEK.2018287T042731.v2.0.NDVI.tif,HLS-VI.S30.T46TEK.2018287T042731.v2.0.NDVI.tif,S30,T46TEK,2018-10-14,2018287,042731
/home/ec2-user/ndvi_sqs_work/gansu/raw/HLS-VI.S30.T46TEL.2018287T042731.v2.0.NDVI.tif,HLS-VI.S30.T46TEL.2018287T042731.v2.0.NDVI.tif,S30,T46TEL,2018-10-14,2018287,042731
/home/ec2-user/ndvi_sqs_work/gansu/raw/HLS-VI.S30.T46TFK.2018287T042731.v2.0.NDVI.tif,HLS-VI.S30.T46TFK.2018287T042731.v2.0.NDVI.tif,S30,T46TFK,2018-10-14,2018287,042731
/home/ec2-user/ndvi_sqs_work/gansu/raw/HLS-VI.S30.T46TFL.2018287T042731.v2.0.NDVI.tif,HLS-VI.S30.T46TFL.2018287T042731.v2.0.NDVI.tif,S30,T46TFL,2018-10-14,2018287,042731
/home/ec2-user/ndvi_sqs_work/gansu/raw/HLS-VI.S30.T46TFM.2018287T042731.v2.0.NDVI.tif,HLS-VI.S30.T46TFM.2018287T042731.v2.0.NDVI.tif,S30,T46TFM,2018-10-14,2018287,042731
/home/ec2-user/ndvi_sqs_work/gansu/raw/HLS-VI.S30.T46TGK.2018287T042731.v2.0.NDVI.tif,HLS-VI.S30.T46TGK.2018287T042731.v2.0.NDVI.tif,S30,T46TGK,2018-10-14,2018287,042731
/home/ec2-user/ndvi_sqs_work/gansu/raw/HLS-VI.S30.T46TGL.2018287T042731.v2.0.NDVI.tif,HLS-VI.S30.T46TGL.2018287T042731.v2.0.NDVI.tif,S30,T46TGL,2018-10-14,2018287,042731
/home/ec2-user/ndvi_sqs_work/gansu/raw/HLS-VI.S30.T46TGM.2018287T042731.v2.0.NDVI.tif,HLS-VI.S30.T46TGM.2018287T042731.v2.0.NDVI.tif,S30,T46TGM,2018-10-14,2018287,042731
/home/ec2-user/ndvi_sqs_work/gansu/raw/HLS-VI.S30.T46TGN.2018287T042731.v2.0.NDVI.tif,HLS-VI.S30.T46TGN.2018287T042731.v2.0.NDVI.tif,S30,T46TGN,2018-10-14,2018287,042731
/home/ec2-user/ndvi_sqs_work/gansu/raw/HLS-VI.S30.T47TKF.2018287T042731.v2.0.NDVI.tif,HLS-VI.S30.T47TKF.2018287T042731.v2.0.NDVI.tif,S30,T47TKF,2018-10-14,2018287,042731
/home/ec2-user/ndvi_sqs_work/gansu/raw/HLS-VI.S30.T47TKG.2018287T042731.v2.0.NDVI.tif,HLS-VI.S30.T47TKG.2018287T042731.v2.0.NDVI.tif,S30,T47TKG,2018-10-14,2018287,042731
/home/ec2-user/ndvi_sqs_work/gansu/raw/HLS-VI.S30.T47TLE.2018287T042731.v2.0.NDVI.tif,HLS-VI.S30.T47TLE.2018287T042731.v2.0.NDVI.tif,S30,T47TLE,2018-10-14,2018287,042731
/home/ec2-user/ndvi_sqs_work/gansu/raw/HLS-VI.S30.T47TLF.2018287T042731.v2.0.NDVI.tif,HLS-VI.S30.T47TLF.2018287T042731.v2.0.NDVI.tif,S30,T47TLF,2018-10-14,2018287,042731
/home/ec2-user/ndvi_sqs_work/gansu/raw/HLS-VI.S30.T47TLG.2018287T042731.v2.0.NDVI.tif,HLS-VI.S30.T47TLG.2018287T042731.v2.0.NDVI.tif,S30,T47TLG,2018-10-14,2018287,042731
/home/ec2-user/ndvi_sqs_work/gansu/raw/HLS-VI.S30.T47TLH.2018287T042731.v2.0.NDVI.tif,HLS-VI.S30.T47TLH.2018287T042731.v2.0.NDVI.tif,S30,T47TLH,2018-10-14,2018287,042731
/home/ec2-user/ndvi_sqs_work/gansu/raw/HLS-VI.S30.T47SPD.2018288T035721.v2.0.NDVI.tif,HLS-VI.S30.T47SPD.2018288T035721.v2.0.NDVI.tif,S30,T47SPD,2018-10-15,2018288,035721
/home/ec2-user/ndvi_sqs_work/gansu/raw/HLS-VI.S30.T47SQC.2018288T035721.v2.0.NDVI.tif,HLS-VI.S30.T47SQC.2018288T035721.v2.0.NDVI.tif,S30,T47SQC,2018-10-15,2018288,035721
/home/ec2-user/ndvi_sqs_work/gansu/raw/HLS-VI.S30.T47SQD.2018288T035721.v2.0.NDVI.tif,HLS-VI.S30.T47SQD.2018288T035721.v2.0.NDVI.tif,S30,T47SQD,2018-10-15,2018288,035721
/home/ec2-user/ndvi_sqs_work/gansu/raw/HLS-VI.S30.T48STF.2018288T035721.v2.0.NDVI.tif,HLS-VI.S30.T48STF.2018288T035721.v2.0.NDVI.tif,S30,T48STF,2018-10-15,2018288,035721
/home/ec2-user/ndvi_sqs_work/gansu/raw/HLS-VI.S30.T48STH.2018288T035721.v2.0.NDVI.tif,HLS-VI.S30.T48STH.2018288T035721.v2.0.NDVI.tif,S30,T48STH,2018-10-15,2018288,035721
/home/ec2-user/ndvi_sqs_work/gansu/raw/HLS-VI.S30.T48STJ.2018288T035721.v2.0.NDVI.tif,HLS-VI.S30.T48STJ.2018288T035721.v2.0.NDVI.tif,S30,T48STJ,2018-10-15,2018288,035721
/home/ec2-user/ndvi_sqs_work/gansu/raw/HLS-VI.S30.T48SUE.2018288T035721.v2.0.NDVI.tif,HLS-VI.S30.T48SUE.2018288T035721.v2.0.NDVI.tif,S30,T48SUE,2018-10-15,2018288,035721
/home/ec2-user/ndvi_sqs_work/gansu/raw/HLS-VI.S30.T48SUF.2018288T035721.v2.0.NDVI.tif,HLS-VI.S30.T48SUF.2018288T035721.v2.0.NDVI.tif,S30,T48SUF,2018-10-15,2018288,035721
/home/ec2-user/ndvi_sqs_work/gansu/raw/HLS-VI.S30.T48SUG.2018288T035721.v2.0.NDVI.tif,HLS-VI.S30.T48SUG.2018288T035721.v2.0.NDVI.tif,S30,T48SUG,2018-10-15,2018288,035721
/home/ec2-user/ndvi_sqs_work/gansu/raw/HLS-VI.S30.T48SUH.2018288T035721.v2.0.NDVI.tif,HLS-VI.S30.T48SUH.2018288T035721.v2.0.NDVI.tif,S30,T48SUH,2018-10-15,2018288,035721
/home/ec2-user/ndvi_sqs_work/gansu/raw/HLS-VI.S30.T48SUJ.2018288T035721.v2.0.NDVI.tif,HLS-VI.S30.T48SUJ.2018288T035721.v2.0.NDVI.tif,S30,T48SUJ,2018-10-15,2018288,035721
/home/ec2-user/ndvi_sqs_work/gansu/raw/HLS-VI.S30.T48SVG.2018288T035721.v2.0.NDVI.tif,HLS-VI.S30.T48SVG.2018288T035721.v2.0.NDVI.tif,S30,T48SVG,2018-10-15,2018288,035721
/home/ec2-user/ndvi_sqs_work/gansu/raw/HLS-VI.S30.T48SVJ.2018288T035721.v2.0.NDVI.tif,HLS-VI.S30.T48SVJ.2018288T035721.v2.0.NDVI.tif,S30,T48SVJ,2018-10-15,2018288,035721
/home/ec2-user/ndvi_sqs_work/gansu/raw/HLS-VI.S30.T46TGK.2018289T041739.v2.0.NDVI.tif,HLS-VI.S30.T46TGK.2018289T041739.v2.0.NDVI.tif,S30,T46TGK,2018-10-16,2018289,041739
/home/ec2-user/ndvi_sqs_work/gansu/raw/HLS-VI.S30.T46TGL.2018289T041739.v2.0.NDVI.tif,HLS-VI.S30.T46TGL.2018289T041739.v2.0.NDVI.tif,S30,T46TGL,2018-10-16,2018289,041739
/home/ec2-user/ndvi_sqs_work/gansu/raw/HLS-VI.S30.T47SND.2018289T041739.v2.0.NDVI.tif,HLS-VI.S30.T47SND.2018289T041739.v2.0.NDVI.tif,S30,T47SND,2018-10-16,2018289,041739
/home/ec2-user/ndvi_sqs_work/gansu/raw/HLS-VI.S30.T47TKE.2018289T041739.v2.0.NDVI.tif,HLS-VI.S30.T47TKE.2018289T041739.v2.0.NDVI.tif,S30,T47TKE,2018-10-16,2018289,041739
/home/ec2-user/ndvi_sqs_work/gansu/raw/HLS-VI.S30.T47TKF.2018289T041739.v2.0.NDVI.tif,HLS-VI.S30.T47TKF.2018289T041739.v2.0.NDVI.tif,S30,T47TKF,2018-10-16,2018289,041739
/home/ec2-user/ndvi_sqs_work/gansu/raw/HLS-VI.S30.T47TLE.2018289T041739.v2.0.NDVI.tif,HLS-VI.S30.T47TLE.2018289T041739.v2.0.NDVI.tif,S30,T47TLE,2018-10-16,2018289,041739
/home/ec2-user/ndvi_sqs_work/gansu/raw/HLS-VI.S30.T47TLF.2018289T041739.v2.0.NDVI.tif,HLS-VI.S30.T47TLF.2018289T041739.v2.0.NDVI.tif,S30,T47TLF,2018-10-16,2018289,041739
/home/ec2-user/ndvi_sqs_work/gansu/raw/HLS-VI.S30.T47TLG.2018289T041739.v2.0.NDVI.tif,HLS-VI.S30.T47TLG.2018289T041739.v2.0.NDVI.tif,S30,T47TLG,2018-10-16,2018289,041739
/home/ec2-user/ndvi_sqs_work/gansu/raw/HLS-VI.S30.T47TLH.2018289T041739.v2.0.NDVI.tif,HLS-VI.S30.T47TLH.2018289T041739.v2.0.NDVI.tif,S30,T47TLH,2018-10-16,2018289,041739
/home/ec2-user/ndvi_sqs_work/gansu/raw/HLS-VI.S30.T47TME.2018289T041739.v2.0.NDVI.tif,HLS-VI.S30.T47TME.2018289T041739.v2.0.NDVI.tif,S30,T47TME,2018-10-16,2018289,041739
/home/ec2-user/ndvi_sqs_work/gansu/raw/HLS-VI.S30.T47TMF.2018289T041739.v2.0.NDVI.tif,HLS-VI.S30.T47TMF.2018289T041739.v2.0.NDVI.tif,S30,T47TMF,2018-10-16,2018289,041739
/home/ec2-user/ndvi_sqs_work/gansu/raw/HLS-VI.S30.T47TNE.2018289T041739.v2.0.NDVI.tif,HLS-VI.S30.T47TNE.2018289T041739.v2.0.NDVI.tif,S30,T47TNE,2018-10-16,2018289,041739
/home/ec2-user/ndvi_sqs_work/gansu/raw/HLS-VI.S30.T47TNF.2018289T041739.v2.0.NDVI.tif,HLS-VI.S30.T47TNF.2018289T041739.v2.0.NDVI.tif,S30,T47TNF,2018-10-16,2018289,041739
/home/ec2-user/ndvi_sqs_work/gansu/raw/HLS-VI.S30.T48SYF.2018289T032711.v2.0.NDVI.tif,HLS-VI.S30.T48SYF.2018289T032711.v2.0.NDVI.tif,S30,T48SYF,2018-10-16,2018289,032711
/home/ec2-user/ndvi_sqs_work/gansu/raw/HLS-VI.S30.T49SBA.2018289T032711.v2.0.NDVI.tif,HLS-VI.S30.T49SBA.2018289T032711.v2.0.NDVI.tif,S30,T49SBA,2018-10-16,2018289,032711
/home/ec2-user/ndvi_sqs_work/gansu/raw/HLS-VI.S30.T49SCA.2018289T032711.v2.0.NDVI.tif,HLS-VI.S30.T49SCA.2018289T032711.v2.0.NDVI.tif,S30,T49SCA,2018-10-16,2018289,032711
/home/ec2-user/ndvi_sqs_work/gansu/raw/HLS-VI.S30.T46TFM.2018290T043751.v2.0.NDVI.tif,HLS-VI.S30.T46TFM.2018290T043751.v2.0.NDVI.tif,S30,T46TFM,2018-10-17,2018290,043751
/home/ec2-user/ndvi_sqs_work/gansu/raw/HLS-VI.S30.T47SQU.2018290T034729.v2.0.NDVI.tif,HLS-VI.S30.T47SQU.2018290T034729.v2.0.NDVI.tif,S30,T47SQU,2018-10-17,2018290,034729
/home/ec2-user/ndvi_sqs_work/gansu/raw/HLS-VI.S30.T48STD.2018290T034729.v2.0.NDVI.tif,HLS-VI.S30.T48STD.2018290T034729.v2.0.NDVI.tif,S30,T48STD,2018-10-17,2018290,034729
/home/ec2-user/ndvi_sqs_work/gansu/raw/HLS-VI.S30.T48STE.2018290T034729.v2.0.NDVI.tif,HLS-VI.S30.T48STE.2018290T034729.v2.0.NDVI.tif,S30,T48STE,2018-10-17,2018290,034729
/home/ec2-user/ndvi_sqs_work/gansu/raw/HLS-VI.S30.T48STF.2018290T034729.v2.0.NDVI.tif,HLS-VI.S30.T48STF.2018290T034729.v2.0.NDVI.tif,S30,T48STF,2018-10-17,2018290,034729
/home/ec2-user/ndvi_sqs_work/gansu/raw/HLS-VI.S30.T48SUG.2018290T034729.v2.0.NDVI.tif,HLS-VI.S30.T48SUG.2018290T034729.v2.0.NDVI.tif,S30,T48SUG,2018-10-17,2018290,034729
/home/ec2-user/ndvi_sqs_work/gansu/raw/HLS-VI.S30.T46SEH.2018292T042759.v2.0.NDVI.tif,HLS-VI.S30.T46SEH.2018292T042759.v2.0.NDVI.tif,S30,T46SEH,2018-10-19,2018292,042759
/home/ec2-user/ndvi_sqs_work/gansu/raw/HLS-VI.S30.T46TFM.2018292T042759.v2.0.NDVI.tif,HLS-VI.S30.T46TFM.2018292T042759.v2.0.NDVI.tif,S30,T46TFM,2018-10-19,2018292,042759
/home/ec2-user/ndvi_sqs_work/gansu/raw/HLS-VI.S30.T47SLC.2018292T042759.v2.0.NDVI.tif,HLS-VI.S30.T47SLC.2018292T042759.v2.0.NDVI.tif,S30,T47SLC,2018-10-19,2018292,042759
/home/ec2-user/ndvi_sqs_work/gansu/raw/HLS-VI.S30.T46TGK.2018294T041811.v2.0.NDVI.tif,HLS-VI.S30.T46TGK.2018294T041811.v2.0.NDVI.tif,S30,T46TGK,2018-10-21,2018294,041811
/home/ec2-user/ndvi_sqs_work/gansu/raw/HLS-VI.S30.T46TGL.2018294T041811.v2.0.NDVI.tif,HLS-VI.S30.T46TGL.2018294T041811.v2.0.NDVI.tif,S30,T46TGL,2018-10-21,2018294,041811
/home/ec2-user/ndvi_sqs_work/gansu/raw/HLS-VI.S30.T47TKE.2018294T041811.v2.0.NDVI.tif,HLS-VI.S30.T47TKE.2018294T041811.v2.0.NDVI.tif,S30,T47TKE,2018-10-21,2018294,041811
/home/ec2-user/ndvi_sqs_work/gansu/raw/HLS-VI.S30.T47TKF.2018294T041811.v2.0.NDVI.tif,HLS-VI.S30.T47TKF.2018294T041811.v2.0.NDVI.tif,S30,T47TKF,2018-10-21,2018294,041811
/home/ec2-user/ndvi_sqs_work/gansu/raw/HLS-VI.S30.T47TLF.2018294T041811.v2.0.NDVI.tif,HLS-VI.S30.T47TLF.2018294T041811.v2.0.NDVI.tif,S30,T47TLF,2018-10-21,2018294,041811
/home/ec2-user/ndvi_sqs_work/gansu/raw/HLS-VI.S30.T47TMF.2018294T041811.v2.0.NDVI.tif,HLS-VI.S30.T47TMF.2018294T041811.v2.0.NDVI.tif,S30,T47TMF,2018-10-21,2018294,041811
/home/ec2-user/ndvi_sqs_work/gansu/raw/HLS-VI.S30.T47TNE.2018294T041811.v2.0.NDVI.tif,HLS-VI.S30.T47TNE.2018294T041811.v2.0.NDVI.tif,S30,T47TNE,2018-10-21,2018294,041811
/home/ec2-user/ndvi_sqs_work/gansu/raw/HLS-VI.S30.T47TNF.2018294T041811.v2.0.NDVI.tif,HLS-VI.S30.T47TNF.2018294T041811.v2.0.NDVI.tif,S30,T47TNF,2018-10-21,2018294,041811
/home/ec2-user/ndvi_sqs_work/gansu/raw/HLS-VI.S30.T46SDJ.2018295T043829.v2.0.NDVI.tif,HLS-VI.S30.T46SDJ.2018295T043829.v2.0.NDVI.tif,S30,T46SDJ,2018-10-22,2018295,043829
/home/ec2-user/ndvi_sqs_work/gansu/raw/HLS-VI.S30.T46SEH.2018295T043829.v2.0.NDVI.tif,HLS-VI.S30.T46SEH.2018295T043829.v2.0.NDVI.tif,S30,T46SEH,2018-10-22,2018295,043829
/home/ec2-user/ndvi_sqs_work/gansu/raw/HLS-VI.S30.T46SFH.2018295T043829.v2.0.NDVI.tif,HLS-VI.S30.T46SFH.2018295T043829.v2.0.NDVI.tif,S30,T46SFH,2018-10-22,2018295,043829
/home/ec2-user/ndvi_sqs_work/gansu/raw/HLS-VI.S30.T46SFJ.2018295T043829.v2.0.NDVI.tif,HLS-VI.S30.T46SFJ.2018295T043829.v2.0.NDVI.tif,S30,T46SFJ,2018-10-22,2018295,043829
/home/ec2-user/ndvi_sqs_work/gansu/raw/HLS-VI.S30.T46TDK.2018295T043829.v2.0.NDVI.tif,HLS-VI.S30.T46TDK.2018295T043829.v2.0.NDVI.tif,S30,T46TDK,2018-10-22,2018295,043829
/home/ec2-user/ndvi_sqs_work/gansu/raw/HLS-VI.S30.T46TEK.2018295T043829.v2.0.NDVI.tif,HLS-VI.S30.T46TEK.2018295T043829.v2.0.NDVI.tif,S30,T46TEK,2018-10-22,2018295,043829
/home/ec2-user/ndvi_sqs_work/gansu/raw/HLS-VI.S30.T46TEL.2018295T043829.v2.0.NDVI.tif,HLS-VI.S30.T46TEL.2018295T043829.v2.0.NDVI.tif,S30,T46TEL,2018-10-22,2018295,043829
/home/ec2-user/ndvi_sqs_work/gansu/raw/HLS-VI.S30.T46TFK.2018295T043829.v2.0.NDVI.tif,HLS-VI.S30.T46TFK.2018295T043829.v2.0.NDVI.tif,S30,T46TFK,2018-10-22,2018295,043829
/home/ec2-user/ndvi_sqs_work/gansu/raw/HLS-VI.S30.T46TFL.2018295T043829.v2.0.NDVI.tif,HLS-VI.S30.T46TFL.2018295T043829.v2.0.NDVI.tif,S30,T46TFL,2018-10-22,2018295,043829
/home/ec2-user/ndvi_sqs_work/gansu/raw/HLS-VI.S30.T46TFM.2018295T043829.v2.0.NDVI.tif,HLS-VI.S30.T46TFM.2018295T043829.v2.0.NDVI.tif,S30,T46TFM,2018-10-22,2018295,043829
/home/ec2-user/ndvi_sqs_work/gansu/raw/HLS-VI.S30.T48SUH.2018295T034801.v2.0.NDVI.tif,HLS-VI.S30.T48SUH.2018295T034801.v2.0.NDVI.tif,S30,T48SUH,2018-10-22,2018295,034801
/home/ec2-user/ndvi_sqs_work/gansu/raw/HLS-VI.S30.T48SUJ.2018295T034801.v2.0.NDVI.tif,HLS-VI.S30.T48SUJ.2018295T034801.v2.0.NDVI.tif,S30,T48SUJ,2018-10-22,2018295,034801
/home/ec2-user/ndvi_sqs_work/gansu/raw/HLS-VI.S30.T48SVG.2018295T034801.v2.0.NDVI.tif,HLS-VI.S30.T48SVG.2018295T034801.v2.0.NDVI.tif,S30,T48SVG,2018-10-22,2018295,034801
/home/ec2-user/ndvi_sqs_work/gansu/raw/HLS-VI.S30.T48SVH.2018295T034801.v2.0.NDVI.tif,HLS-VI.S30.T48SVH.2018295T034801.v2.0.NDVI.tif,S30,T48SVH,2018-10-22,2018295,034801
/home/ec2-user/ndvi_sqs_work/gansu/raw/HLS-VI.S30.T48SVJ.2018295T034801.v2.0.NDVI.tif,HLS-VI.S30.T48SVJ.2018295T034801.v2.0.NDVI.tif,S30,T48SVJ,2018-10-22,2018295,034801
/home/ec2-user/ndvi_sqs_work/gansu/raw/HLS-VI.S30.T48SWG.2018295T034801.v2.0.NDVI.tif,HLS-VI.S30.T48SWG.2018295T034801.v2.0.NDVI.tif,S30,T48SWG,2018-10-22,2018295,034801
/home/ec2-user/ndvi_sqs_work/gansu/raw/HLS-VI.S30.T47SPD.2018296T040819.v2.0.NDVI.tif,HLS-VI.S30.T47SPD.2018296T040819.v2.0.NDVI.tif,S30,T47SPD,2018-10-23,2018296,040819
/home/ec2-user/ndvi_sqs_work/gansu/raw/HLS-VI.S30.T47SQC.2018296T040819.v2.0.NDVI.tif,HLS-VI.S30.T47SQC.2018296T040819.v2.0.NDVI.tif,S30,T47SQC,2018-10-23,2018296,040819
/home/ec2-user/ndvi_sqs_work/gansu/raw/HLS-VI.S30.T47SQD.2018296T040819.v2.0.NDVI.tif,HLS-VI.S30.T47SQD.2018296T040819.v2.0.NDVI.tif,S30,T47SQD,2018-10-23,2018296,040819
/home/ec2-user/ndvi_sqs_work/gansu/raw/HLS-VI.S30.T47TME.2018296T040819.v2.0.NDVI.tif,HLS-VI.S30.T47TME.2018296T040819.v2.0.NDVI.tif,S30,T47TME,2018-10-23,2018296,040819
/home/ec2-user/ndvi_sqs_work/gansu/raw/HLS-VI.S30.T47TMF.2018296T040819.v2.0.NDVI.tif,HLS-VI.S30.T47TMF.2018296T040819.v2.0.NDVI.tif,S30,T47TMF,2018-10-23,2018296,040819
/home/ec2-user/ndvi_sqs_work/gansu/raw/HLS-VI.S30.T47TNE.2018296T040819.v2.0.NDVI.tif,HLS-VI.S30.T47TNE.2018296T040819.v2.0.NDVI.tif,S30,T47TNE,2018-10-23,2018296,040819
/home/ec2-user/ndvi_sqs_work/gansu/raw/HLS-VI.S30.T47TNF.2018296T040819.v2.0.NDVI.tif,HLS-VI.S30.T47TNF.2018296T040819.v2.0.NDVI.tif,S30,T47TNF,2018-10-23,2018296,040819
/home/ec2-user/ndvi_sqs_work/gansu/raw/HLS-VI.S30.T47TPE.2018296T040819.v2.0.NDVI.tif,HLS-VI.S30.T47TPE.2018296T040819.v2.0.NDVI.tif,S30,T47TPE,2018-10-23,2018296,040819
/home/ec2-user/ndvi_sqs_work/gansu/raw/HLS-VI.S30.T47TPF.2018296T040819.v2.0.NDVI.tif,HLS-VI.S30.T47TPF.2018296T040819.v2.0.NDVI.tif,S30,T47TPF,2018-10-23,2018296,040819
/home/ec2-user/ndvi_sqs_work/gansu/raw/HLS-VI.S30.T48STH.2018296T040819.v2.0.NDVI.tif,HLS-VI.S30.T48STH.2018296T040819.v2.0.NDVI.tif,S30,T48STH,2018-10-23,2018296,040819
/home/ec2-user/ndvi_sqs_work/gansu/raw/HLS-VI.S30.T48STJ.2018296T040819.v2.0.NDVI.tif,HLS-VI.S30.T48STJ.2018296T040819.v2.0.NDVI.tif,S30,T48STJ,2018-10-23,2018296,040819
/home/ec2-user/ndvi_sqs_work/gansu/raw/HLS-VI.S30.T46TEL.2018297T042831.v2.0.NDVI.tif,HLS-VI.S30.T46TEL.2018297T042831.v2.0.NDVI.tif,S30,T46TEL,2018-10-24,2018297,042831
/home/ec2-user/ndvi_sqs_work/gansu/raw/HLS-VI.S30.T47TKE.2018297T042831.v2.0.NDVI.tif,HLS-VI.S30.T47TKE.2018297T042831.v2.0.NDVI.tif,S30,T47TKE,2018-10-24,2018297,042831
/home/ec2-user/ndvi_sqs_work/gansu/raw/HLS-VI.S30.T47TLF.2018297T042831.v2.0.NDVI.tif,HLS-VI.S30.T47TLF.2018297T042831.v2.0.NDVI.tif,S30,T47TLF,2018-10-24,2018297,042831
/home/ec2-user/ndvi_sqs_work/gansu/raw/HLS-VI.S30.T47SPD.2018298T035821.v2.0.NDVI.tif,HLS-VI.S30.T47SPD.2018298T035821.v2.0.NDVI.tif,S30,T47SPD,2018-10-25,2018298,035821
/home/ec2-user/ndvi_sqs_work/gansu/raw/HLS-VI.S30.T47SQD.2018298T035821.v2.0.NDVI.tif,HLS-VI.S30.T47SQD.2018298T035821.v2.0.NDVI.tif,S30,T47SQD,2018-10-25,2018298,035821
/home/ec2-user/ndvi_sqs_work/gansu/raw/HLS-VI.S30.T47SQU.2018298T035821.v2.0.NDVI.tif,HLS-VI.S30.T47SQU.2018298T035821.v2.0.NDVI.tif,S30,T47SQU,2018-10-25,2018298,035821
/home/ec2-user/ndvi_sqs_work/gansu/raw/HLS-VI.S30.T47SQV.2018298T035821.v2.0.NDVI.tif,HLS-VI.S30.T47SQV.2018298T035821.v2.0.NDVI.tif,S30,T47SQV,2018-10-25,2018298,035821
/home/ec2-user/ndvi_sqs_work/gansu/raw/HLS-VI.S30.T48STH.2018298T035821.v2.0.NDVI.tif,HLS-VI.S30.T48STH.2018298T035821.v2.0.NDVI.tif,S30,T48STH,2018-10-25,2018298,035821
/home/ec2-user/ndvi_sqs_work/gansu/raw/HLS-VI.S30.T48STJ.2018298T035821.v2.0.NDVI.tif,HLS-VI.S30.T48STJ.2018298T035821.v2.0.NDVI.tif,S30,T48STJ,2018-10-25,2018298,035821
/home/ec2-user/ndvi_sqs_work/gansu/raw/HLS-VI.S30.T48SUE.2018298T035821.v2.0.NDVI.tif,HLS-VI.S30.T48SUE.2018298T035821.v2.0.NDVI.tif,S30,T48SUE,2018-10-25,2018298,035821
/home/ec2-user/ndvi_sqs_work/gansu/raw/HLS-VI.S30.T48SUH.2018298T035821.v2.0.NDVI.tif,HLS-VI.S30.T48SUH.2018298T035821.v2.0.NDVI.tif,S30,T48SUH,2018-10-25,2018298,035821
/home/ec2-user/ndvi_sqs_work/gansu/raw/HLS-VI.S30.T48SVG.2018298T035821.v2.0.NDVI.tif,HLS-VI.S30.T48SVG.2018298T035821.v2.0.NDVI.tif,S30,T48SVG,2018-10-25,2018298,035821
/home/ec2-user/ndvi_sqs_work/gansu/raw/HLS-VI.S30.T48SVH.2018298T035821.v2.0.NDVI.tif,HLS-VI.S30.T48SVH.2018298T035821.v2.0.NDVI.tif,S30,T48SVH,2018-10-25,2018298,035821
/home/ec2-user/ndvi_sqs_work/gansu/raw/HLS-VI.S30.T48SVJ.2018298T035821.v2.0.NDVI.tif,HLS-VI.S30.T48SVJ.2018298T035821.v2.0.NDVI.tif,S30,T48SVJ,2018-10-25,2018298,035821
/home/ec2-user/ndvi_sqs_work/gansu/raw/HLS-VI.S30.T46TGK.2018299T041839.v2.0.NDVI.tif,HLS-VI.S30.T46TGK.2018299T041839.v2.0.NDVI.tif,S30,T46TGK,2018-10-26,2018299,041839
/home/ec2-user/ndvi_sqs_work/gansu/raw/HLS-VI.S30.T46TGL.2018299T041839.v2.0.NDVI.tif,HLS-VI.S30.T46TGL.2018299T041839.v2.0.NDVI.tif,S30,T46TGL,2018-10-26,2018299,041839
/home/ec2-user/ndvi_sqs_work/gansu/raw/HLS-VI.S30.T47TKE.2018299T041839.v2.0.NDVI.tif,HLS-VI.S30.T47TKE.2018299T041839.v2.0.NDVI.tif,S30,T47TKE,2018-10-26,2018299,041839
/home/ec2-user/ndvi_sqs_work/gansu/raw/HLS-VI.S30.T47TKF.2018299T041839.v2.0.NDVI.tif,HLS-VI.S30.T47TKF.2018299T041839.v2.0.NDVI.tif,S30,T47TKF,2018-10-26,2018299,041839
/home/ec2-user/ndvi_sqs_work/gansu/raw/HLS-VI.S30.T47TLE.2018299T041839.v2.0.NDVI.tif,HLS-VI.S30.T47TLE.2018299T041839.v2.0.NDVI.tif,S30,T47TLE,2018-10-26,2018299,041839
/home/ec2-user/ndvi_sqs_work/gansu/raw/HLS-VI.S30.T47TLF.2018299T041839.v2.0.NDVI.tif,HLS-VI.S30.T47TLF.2018299T041839.v2.0.NDVI.tif,S30,T47TLF,2018-10-26,2018299,041839
/home/ec2-user/ndvi_sqs_work/gansu/raw/HLS-VI.S30.T47TLG.2018299T041839.v2.0.NDVI.tif,HLS-VI.S30.T47TLG.2018299T041839.v2.0.NDVI.tif,S30,T47TLG,2018-10-26,2018299,041839
/home/ec2-user/ndvi_sqs_work/gansu/raw/HLS-VI.S30.T47TLH.2018299T041839.v2.0.NDVI.tif,HLS-VI.S30.T47TLH.2018299T041839.v2.0.NDVI.tif,S30,T47TLH,2018-10-26,2018299,041839
/home/ec2-user/ndvi_sqs_work/gansu/raw/HLS-VI.S30.T47TME.2018299T041839.v2.0.NDVI.tif,HLS-VI.S30.T47TME.2018299T041839.v2.0.NDVI.tif,S30,T47TME,2018-10-26,2018299,041839
/home/ec2-user/ndvi_sqs_work/gansu/raw/HLS-VI.S30.T47TMF.2018299T041839.v2.0.NDVI.tif,HLS-VI.S30.T47TMF.2018299T041839.v2.0.NDVI.tif,S30,T47TMF,2018-10-26,2018299,041839
/home/ec2-user/ndvi_sqs_work/gansu/raw/HLS-VI.S30.T47TNE.2018299T041839.v2.0.NDVI.tif,HLS-VI.S30.T47TNE.2018299T041839.v2.0.NDVI.tif,S30,T47TNE,2018-10-26,2018299,041839
/home/ec2-user/ndvi_sqs_work/gansu/raw/HLS-VI.S30.T47TNF.2018299T041839.v2.0.NDVI.tif,HLS-VI.S30.T47TNF.2018299T041839.v2.0.NDVI.tif,S30,T47TNF,2018-10-26,2018299,041839
/home/ec2-user/ndvi_sqs_work/gansu/raw/HLS-VI.S30.T48SXD.2018299T032821.v2.0.NDVI.tif,HLS-VI.S30.T48SXD.2018299T032821.v2.0.NDVI.tif,S30,T48SXD,2018-10-26,2018299,032821
/home/ec2-user/ndvi_sqs_work/gansu/raw/HLS-VI.S30.T48SYD.2018299T032821.v2.0.NDVI.tif,HLS-VI.S30.T48SYD.2018299T032821.v2.0.NDVI.tif,S30,T48SYD,2018-10-26,2018299,032821
/home/ec2-user/ndvi_sqs_work/gansu/raw/HLS-VI.S30.T48SYE.2018299T032821.v2.0.NDVI.tif,HLS-VI.S30.T48SYE.2018299T032821.v2.0.NDVI.tif,S30,T48SYE,2018-10-26,2018299,032821
/home/ec2-user/ndvi_sqs_work/gansu/raw/HLS-VI.S30.T49SBA.2018299T032821.v2.0.NDVI.tif,HLS-VI.S30.T49SBA.2018299T032821.v2.0.NDVI.tif,S30,T49SBA,2018-10-26,2018299,032821
/home/ec2-user/ndvi_sqs_work/gansu/raw/HLS-VI.S30.T49SBU.2018299T032821.v2.0.NDVI.tif,HLS-VI.S30.T49SBU.2018299T032821.v2.0.NDVI.tif,S30,T49SBU,2018-10-26,2018299,032821
/home/ec2-user/ndvi_sqs_work/gansu/raw/HLS-VI.S30.T49SBV.2018299T032821.v2.0.NDVI.tif,HLS-VI.S30.T49SBV.2018299T032821.v2.0.NDVI.tif,S30,T49SBV,2018-10-26,2018299,032821
/home/ec2-user/ndvi_sqs_work/gansu/raw/HLS-VI.S30.T49SCA.2018299T032821.v2.0.NDVI.tif,HLS-VI.S30.T49SCA.2018299T032821.v2.0.NDVI.tif,S30,T49SCA,2018-10-26,2018299,032821
/home/ec2-user/ndvi_sqs_work/gansu/raw/HLS-VI.S30.T46TDK.2018300T043851.v2.0.NDVI.tif,HLS-VI.S30.T46TDK.2018300T043851.v2.0.NDVI.tif,S30,T46TDK,2018-10-27,2018300,043851
/home/ec2-user/ndvi_sqs_work/gansu/raw/HLS-VI.S30.T46TEK.2018300T043851.v2.0.NDVI.tif,HLS-VI.S30.T46TEK.2018300T043851.v2.0.NDVI.tif,S30,T46TEK,2018-10-27,2018300,043851
/home/ec2-user/ndvi_sqs_work/gansu/raw/HLS-VI.S30.T46TEL.2018300T043851.v2.0.NDVI.tif,HLS-VI.S30.T46TEL.2018300T043851.v2.0.NDVI.tif,S30,T46TEL,2018-10-27,2018300,043851
/home/ec2-user/ndvi_sqs_work/gansu/raw/HLS-VI.S30.T46TFL.2018300T043851.v2.0.NDVI.tif,HLS-VI.S30.T46TFL.2018300T043851.v2.0.NDVI.tif,S30,T46TFL,2018-10-27,2018300,043851
/home/ec2-user/ndvi_sqs_work/gansu/raw/HLS-VI.S30.T46TFM.2018300T043851.v2.0.NDVI.tif,HLS-VI.S30.T46TFM.2018300T043851.v2.0.NDVI.tif,S30,T46TFM,2018-10-27,2018300,043851
/home/ec2-user/ndvi_sqs_work/gansu/raw/HLS-VI.S30.T48STE.2018300T034839.v2.0.NDVI.tif,HLS-VI.S30.T48STE.2018300T034839.v2.0.NDVI.tif,S30,T48STE,2018-10-27,2018300,034839
/home/ec2-user/ndvi_sqs_work/gansu/raw/HLS-VI.S30.T48STF.2018300T034839.v2.0.NDVI.tif,HLS-VI.S30.T48STF.2018300T034839.v2.0.NDVI.tif,S30,T48STF,2018-10-27,2018300,034839
/home/ec2-user/ndvi_sqs_work/gansu/raw/HLS-VI.S30.T48SUE.2018300T034839.v2.0.NDVI.tif,HLS-VI.S30.T48SUE.2018300T034839.v2.0.NDVI.tif,S30,T48SUE,2018-10-27,2018300,034839
/home/ec2-user/ndvi_sqs_work/gansu/raw/HLS-VI.S30.T48SUF.2018300T034839.v2.0.NDVI.tif,HLS-VI.S30.T48SUF.2018300T034839.v2.0.NDVI.tif,S30,T48SUF,2018-10-27,2018300,034839
/home/ec2-user/ndvi_sqs_work/gansu/raw/HLS-VI.S30.T48SUG.2018300T034839.v2.0.NDVI.tif,HLS-VI.S30.T48SUG.2018300T034839.v2.0.NDVI.tif,S30,T48SUG,2018-10-27,2018300,034839
/home/ec2-user/ndvi_sqs_work/gansu/raw/HLS-VI.S30.T48SUH.2018300T034839.v2.0.NDVI.tif,HLS-VI.S30.T48SUH.2018300T034839.v2.0.NDVI.tif,S30,T48SUH,2018-10-27,2018300,034839
/home/ec2-user/ndvi_sqs_work/gansu/raw/HLS-VI.S30.T48SUJ.2018300T034839.v2.0.NDVI.tif,HLS-VI.S30.T48SUJ.2018300T034839.v2.0.NDVI.tif,S30,T48SUJ,2018-10-27,2018300,034839
/home/ec2-user/ndvi_sqs_work/gansu/raw/HLS-VI.S30.T48SVE.2018300T034839.v2.0.NDVI.tif,HLS-VI.S30.T48SVE.2018300T034839.v2.0.NDVI.tif,S30,T48SVE,2018-10-27,2018300,034839
/home/ec2-user/ndvi_sqs_work/gansu/raw/HLS-VI.S30.T48SVF.2018300T034839.v2.0.NDVI.tif,HLS-VI.S30.T48SVF.2018300T034839.v2.0.NDVI.tif,S30,T48SVF,2018-10-27,2018300,034839
/home/ec2-user/ndvi_sqs_work/gansu/raw/HLS-VI.S30.T48SVG.2018300T034839.v2.0.NDVI.tif,HLS-VI.S30.T48SVG.2018300T034839.v2.0.NDVI.tif,S30,T48SVG,2018-10-27,2018300,034839
/home/ec2-user/ndvi_sqs_work/gansu/raw/HLS-VI.S30.T48SVH.2018300T034839.v2.0.NDVI.tif,HLS-VI.S30.T48SVH.2018300T034839.v2.0.NDVI.tif,S30,T48SVH,2018-10-27,2018300,034839
/home/ec2-user/ndvi_sqs_work/gansu/raw/HLS-VI.S30.T48SVJ.2018300T034839.v2.0.NDVI.tif,HLS-VI.S30.T48SVJ.2018300T034839.v2.0.NDVI.tif,S30,T48SVJ,2018-10-27,2018300,034839
/home/ec2-user/ndvi_sqs_work/gansu/raw/HLS-VI.S30.T48SWB.2018300T034839.v2.0.NDVI.tif,HLS-VI.S30.T48SWB.2018300T034839.v2.0.NDVI.tif,S30,T48SWB,2018-10-27,2018300,034839
/home/ec2-user/ndvi_sqs_work/gansu/raw/HLS-VI.S30.T48SWC.2018300T034839.v2.0.NDVI.tif,HLS-VI.S30.T48SWC.2018300T034839.v2.0.NDVI.tif,S30,T48SWC,2018-10-27,2018300,034839
/home/ec2-user/ndvi_sqs_work/gansu/raw/HLS-VI.S30.T48SWD.2018300T034839.v2.0.NDVI.tif,HLS-VI.S30.T48SWD.2018300T034839.v2.0.NDVI.tif,S30,T48SWD,2018-10-27,2018300,034839
/home/ec2-user/ndvi_sqs_work/gansu/raw/HLS-VI.S30.T48SWE.2018300T034839.v2.0.NDVI.tif,HLS-VI.S30.T48SWE.2018300T034839.v2.0.NDVI.tif,S30,T48SWE,2018-10-27,2018300,034839
/home/ec2-user/ndvi_sqs_work/gansu/raw/HLS-VI.S30.T48SWF.2018300T034839.v2.0.NDVI.tif,HLS-VI.S30.T48SWF.2018300T034839.v2.0.NDVI.tif,S30,T48SWF,2018-10-27,2018300,034839
/home/ec2-user/ndvi_sqs_work/gansu/raw/HLS-VI.S30.T48SWG.2018300T034839.v2.0.NDVI.tif,HLS-VI.S30.T48SWG.2018300T034839.v2.0.NDVI.tif,S30,T48SWG,2018-10-27,2018300,034839
/home/ec2-user/ndvi_sqs_work/gansu/raw/HLS-VI.S30.T47SND.2018301T040851.v2.0.NDVI.tif,HLS-VI.S30.T47SND.2018301T040851.v2.0.NDVI.tif,S30,T47SND,2018-10-28,2018301,040851
/home/ec2-user/ndvi_sqs_work/gansu/raw/HLS-VI.S30.T47SPD.2018301T040851.v2.0.NDVI.tif,HLS-VI.S30.T47SPD.2018301T040851.v2.0.NDVI.tif,S30,T47SPD,2018-10-28,2018301,040851
/home/ec2-user/ndvi_sqs_work/gansu/raw/HLS-VI.S30.T47SQC.2018301T040851.v2.0.NDVI.tif,HLS-VI.S30.T47SQC.2018301T040851.v2.0.NDVI.tif,S30,T47SQC,2018-10-28,2018301,040851
/home/ec2-user/ndvi_sqs_work/gansu/raw/HLS-VI.S30.T47SQD.2018301T040851.v2.0.NDVI.tif,HLS-VI.S30.T47SQD.2018301T040851.v2.0.NDVI.tif,S30,T47SQD,2018-10-28,2018301,040851
/home/ec2-user/ndvi_sqs_work/gansu/raw/HLS-VI.S30.T47TME.2018301T040851.v2.0.NDVI.tif,HLS-VI.S30.T47TME.2018301T040851.v2.0.NDVI.tif,S30,T47TME,2018-10-28,2018301,040851
/home/ec2-user/ndvi_sqs_work/gansu/raw/HLS-VI.S30.T47TNF.2018301T040851.v2.0.NDVI.tif,HLS-VI.S30.T47TNF.2018301T040851.v2.0.NDVI.tif,S30,T47TNF,2018-10-28,2018301,040851
/home/ec2-user/ndvi_sqs_work/gansu/raw/HLS-VI.S30.T47TPE.2018301T040851.v2.0.NDVI.tif,HLS-VI.S30.T47TPE.2018301T040851.v2.0.NDVI.tif,S30,T47TPE,2018-10-28,2018301,040851
/home/ec2-user/ndvi_sqs_work/gansu/raw/HLS-VI.S30.T47TPF.2018301T040851.v2.0.NDVI.tif,HLS-VI.S30.T47TPF.2018301T040851.v2.0.NDVI.tif,S30,T47TPF,2018-10-28,2018301,040851
/home/ec2-user/ndvi_sqs_work/gansu/raw/HLS-VI.S30.T48STH.2018301T040851.v2.0.NDVI.tif,HLS-VI.S30.T48STH.2018301T040851.v2.0.NDVI.tif,S30,T48STH,2018-10-28,2018301,040851
/home/ec2-user/ndvi_sqs_work/gansu/raw/HLS-VI.S30.T48STJ.2018301T040851.v2.0.NDVI.tif,HLS-VI.S30.T48STJ.2018301T040851.v2.0.NDVI.tif,S30,T48STJ,2018-10-28,2018301,040851
/home/ec2-user/ndvi_sqs_work/gansu/raw/HLS-VI.S30.T46SEH.2018302T042909.v2.0.NDVI.tif,HLS-VI.S30.T46SEH.2018302T042909.v2.0.NDVI.tif,S30,T46SEH,2018-10-29,2018302,042909
/home/ec2-user/ndvi_sqs_work/gansu/raw/HLS-VI.S30.T46SFH.2018302T042909.v2.0.NDVI.tif,HLS-VI.S30.T46SFH.2018302T042909.v2.0.NDVI.tif,S30,T46SFH,2018-10-29,2018302,042909
/home/ec2-user/ndvi_sqs_work/gansu/raw/HLS-VI.S30.T46TEK.2018302T042909.v2.0.NDVI.tif,HLS-VI.S30.T46TEK.2018302T042909.v2.0.NDVI.tif,S30,T46TEK,2018-10-29,2018302,042909
/home/ec2-user/ndvi_sqs_work/gansu/raw/HLS-VI.S30.T46TEL.2018302T042909.v2.0.NDVI.tif,HLS-VI.S30.T46TEL.2018302T042909.v2.0.NDVI.tif,S30,T46TEL,2018-10-29,2018302,042909
/home/ec2-user/ndvi_sqs_work/gansu/raw/HLS-VI.S30.T46TFK.2018302T042909.v2.0.NDVI.tif,HLS-VI.S30.T46TFK.2018302T042909.v2.0.NDVI.tif,S30,T46TFK,2018-10-29,2018302,042909
/home/ec2-user/ndvi_sqs_work/gansu/raw/HLS-VI.S30.T46TFM.2018302T042909.v2.0.NDVI.tif,HLS-VI.S30.T46TFM.2018302T042909.v2.0.NDVI.tif,S30,T46TFM,2018-10-29,2018302,042909
/home/ec2-user/ndvi_sqs_work/gansu/raw/HLS-VI.S30.T46TGK.2018302T042909.v2.0.NDVI.tif,HLS-VI.S30.T46TGK.2018302T042909.v2.0.NDVI.tif,S30,T46TGK,2018-10-29,2018302,042909
/home/ec2-user/ndvi_sqs_work/gansu/raw/HLS-VI.S30.T46TGL.2018302T042909.v2.0.NDVI.tif,HLS-VI.S30.T46TGL.2018302T042909.v2.0.NDVI.tif,S30,T46TGL,2018-10-29,2018302,042909
/home/ec2-user/ndvi_sqs_work/gansu/raw/HLS-VI.S30.T46TGM.2018302T042909.v2.0.NDVI.tif,HLS-VI.S30.T46TGM.2018302T042909.v2.0.NDVI.tif,S30,T46TGM,2018-10-29,2018302,042909
/home/ec2-user/ndvi_sqs_work/gansu/raw/HLS-VI.S30.T46TGN.2018302T042909.v2.0.NDVI.tif,HLS-VI.S30.T46TGN.2018302T042909.v2.0.NDVI.tif,S30,T46TGN,2018-10-29,2018302,042909
/home/ec2-user/ndvi_sqs_work/gansu/raw/HLS-VI.S30.T47SLC.2018302T042909.v2.0.NDVI.tif,HLS-VI.S30.T47SLC.2018302T042909.v2.0.NDVI.tif,S30,T47SLC,2018-10-29,2018302,042909
/home/ec2-user/ndvi_sqs_work/gansu/raw/HLS-VI.S30.T47TKE.2018302T042909.v2.0.NDVI.tif,HLS-VI.S30.T47TKE.2018302T042909.v2.0.NDVI.tif,S30,T47TKE,2018-10-29,2018302,042909
/home/ec2-user/ndvi_sqs_work/gansu/raw/HLS-VI.S30.T47TKF.2018302T042909.v2.0.NDVI.tif,HLS-VI.S30.T47TKF.2018302T042909.v2.0.NDVI.tif,S30,T47TKF,2018-10-29,2018302,042909
/home/ec2-user/ndvi_sqs_work/gansu/raw/HLS-VI.S30.T47TLE.2018302T042909.v2.0.NDVI.tif,HLS-VI.S30.T47TLE.2018302T042909.v2.0.NDVI.tif,S30,T47TLE,2018-10-29,2018302,042909
/home/ec2-user/ndvi_sqs_work/gansu/raw/HLS-VI.S30.T47TLF.2018302T042909.v2.0.NDVI.tif,HLS-VI.S30.T47TLF.2018302T042909.v2.0.NDVI.tif,S30,T47TLF,2018-10-29,2018302,042909
/home/ec2-user/ndvi_sqs_work/gansu/raw/HLS-VI.S30.T47TLG.2018302T042909.v2.0.NDVI.tif,HLS-VI.S30.T47TLG.2018302T042909.v2.0.NDVI.tif,S30,T47TLG,2018-10-29,2018302,042909
/home/ec2-user/ndvi_sqs_work/gansu/raw/HLS-VI.S30.T47TLH.2018302T042909.v2.0.NDVI.tif,HLS-VI.S30.T47TLH.2018302T042909.v2.0.NDVI.tif,S30,T47TLH,2018-10-29,2018302,042909
/home/ec2-user/ndvi_sqs_work/gansu/raw/HLS-VI.S30.T48SVC.2018302T033841.v2.0.NDVI.tif,HLS-VI.S30.T48SVC.2018302T033841.v2.0.NDVI.tif,S30,T48SVC,2018-10-29,2018302,033841
/home/ec2-user/ndvi_sqs_work/gansu/raw/HLS-VI.S30.T48SWD.2018302T033841.v2.0.NDVI.tif,HLS-VI.S30.T48SWD.2018302T033841.v2.0.NDVI.tif,S30,T48SWD,2018-10-29,2018302,033841
/home/ec2-user/ndvi_sqs_work/gansu/raw/HLS-VI.S30.T48SWF.2018302T033841.v2.0.NDVI.tif,HLS-VI.S30.T48SWF.2018302T033841.v2.0.NDVI.tif,S30,T48SWF,2018-10-29,2018302,033841
/home/ec2-user/ndvi_sqs_work/gansu/raw/HLS-VI.S30.T48SXC.2018302T033841.v2.0.NDVI.tif,HLS-VI.S30.T48SXC.2018302T033841.v2.0.NDVI.tif,S30,T48SXC,2018-10-29,2018302,033841
/home/ec2-user/ndvi_sqs_work/gansu/raw/HLS-VI.S30.T48SXD.2018302T033841.v2.0.NDVI.tif,HLS-VI.S30.T48SXD.2018302T033841.v2.0.NDVI.tif,S30,T48SXD,2018-10-29,2018302,033841
/home/ec2-user/ndvi_sqs_work/gansu/raw/HLS-VI.S30.T48SXE.2018302T033841.v2.0.NDVI.tif,HLS-VI.S30.T48SXE.2018302T033841.v2.0.NDVI.tif,S30,T48SXE,2018-10-29,2018302,033841
/home/ec2-user/ndvi_sqs_work/gansu/raw/HLS-VI.S30.T48SXF.2018302T033841.v2.0.NDVI.tif,HLS-VI.S30.T48SXF.2018302T033841.v2.0.NDVI.tif,S30,T48SXF,2018-10-29,2018302,033841
/home/ec2-user/ndvi_sqs_work/gansu/raw/HLS-VI.S30.T48SXG.2018302T033841.v2.0.NDVI.tif,HLS-VI.S30.T48SXG.2018302T033841.v2.0.NDVI.tif,S30,T48SXG,2018-10-29,2018302,033841
/home/ec2-user/ndvi_sqs_work/gansu/raw/HLS-VI.S30.T48SYD.2018302T033841.v2.0.NDVI.tif,HLS-VI.S30.T48SYD.2018302T033841.v2.0.NDVI.tif,S30,T48SYD,2018-10-29,2018302,033841
/home/ec2-user/ndvi_sqs_work/gansu/raw/HLS-VI.S30.T48SYF.2018302T033841.v2.0.NDVI.tif,HLS-VI.S30.T48SYF.2018302T033841.v2.0.NDVI.tif,S30,T48SYF,2018-10-29,2018302,033841
/home/ec2-user/ndvi_sqs_work/gansu/raw/HLS-VI.S30.T48SYG.2018302T033841.v2.0.NDVI.tif,HLS-VI.S30.T48SYG.2018302T033841.v2.0.NDVI.tif,S30,T48SYG,2018-10-29,2018302,033841
/home/ec2-user/ndvi_sqs_work/gansu/raw/HLS-VI.S30.T49SBA.2018302T033841.v2.0.NDVI.tif,HLS-VI.S30.T49SBA.2018302T033841.v2.0.NDVI.tif,S30,T49SBA,2018-10-29,2018302,033841
/home/ec2-user/ndvi_sqs_work/gansu/raw/HLS-VI.S30.T49SBB.2018302T033841.v2.0.NDVI.tif,HLS-VI.S30.T49SBB.2018302T033841.v2.0.NDVI.tif,S30,T49SBB,2018-10-29,2018302,033841
/home/ec2-user/ndvi_sqs_work/gansu/raw/HLS-VI.S30.T49SBU.2018302T033841.v2.0.NDVI.tif,HLS-VI.S30.T49SBU.2018302T033841.v2.0.NDVI.tif,S30,T49SBU,2018-10-29,2018302,033841
/home/ec2-user/ndvi_sqs_work/gansu/raw/HLS-VI.S30.T49SBV.2018302T033841.v2.0.NDVI.tif,HLS-VI.S30.T49SBV.2018302T033841.v2.0.NDVI.tif,S30,T49SBV,2018-10-29,2018302,033841
/home/ec2-user/ndvi_sqs_work/gansu/raw/HLS-VI.S30.T47SPD.2018303T035859.v2.0.NDVI.tif,HLS-VI.S30.T47SPD.2018303T035859.v2.0.NDVI.tif,S30,T47SPD,2018-10-30,2018303,035859
/home/ec2-user/ndvi_sqs_work/gansu/raw/HLS-VI.S30.T48STF.2018303T035859.v2.0.NDVI.tif,HLS-VI.S30.T48STF.2018303T035859.v2.0.NDVI.tif,S30,T48STF,2018-10-30,2018303,035859
/home/ec2-user/ndvi_sqs_work/gansu/raw/HLS-VI.S30.T48SUF.2018303T035859.v2.0.NDVI.tif,HLS-VI.S30.T48SUF.2018303T035859.v2.0.NDVI.tif,S30,T48SUF,2018-10-30,2018303,035859
/home/ec2-user/ndvi_sqs_work/gansu/raw/HLS-VI.S30.T48SUG.2018303T035859.v2.0.NDVI.tif,HLS-VI.S30.T48SUG.2018303T035859.v2.0.NDVI.tif,S30,T48SUG,2018-10-30,2018303,035859
/home/ec2-user/ndvi_sqs_work/gansu/raw/HLS-VI.S30.T48SVG.2018303T035859.v2.0.NDVI.tif,HLS-VI.S30.T48SVG.2018303T035859.v2.0.NDVI.tif,S30,T48SVG,2018-10-30,2018303,035859
/home/ec2-user/ndvi_sqs_work/gansu/raw/HLS-VI.S30.T47TKE.2018304T041911.v2.0.NDVI.tif,HLS-VI.S30.T47TKE.2018304T041911.v2.0.NDVI.tif,S30,T47TKE,2018-10-31,2018304,041911
/home/ec2-user/ndvi_sqs_work/gansu/raw/HLS-VI.S30.T47TLE.2018304T041911.v2.0.NDVI.tif,HLS-VI.S30.T47TLE.2018304T041911.v2.0.NDVI.tif,S30,T47TLE,2018-10-31,2018304,041911
/home/ec2-user/ndvi_sqs_work/gansu/raw/HLS-VI.S30.T47TME.2018304T041911.v2.0.NDVI.tif,HLS-VI.S30.T47TME.2018304T041911.v2.0.NDVI.tif,S30,T47TME,2018-10-31,2018304,041911
/home/ec2-user/ndvi_sqs_work/gansu/raw/HLS-VI.S30.T47TNE.2018304T041911.v2.0.NDVI.tif,HLS-VI.S30.T47TNE.2018304T041911.v2.0.NDVI.tif,S30,T47TNE,2018-10-31,2018304,041911
/home/ec2-user/ndvi_sqs_work/gansu/raw/HLS-VI.S30.T48SXD.2018304T032849.v2.0.NDVI.tif,HLS-VI.S30.T48SXD.2018304T032849.v2.0.NDVI.tif,S30,T48SXD,2018-10-31,2018304,032849
/home/ec2-user/ndvi_sqs_work/gansu/raw/HLS-VI.S30.T48SYD.2018304T032849.v2.0.NDVI.tif,HLS-VI.S30.T48SYD.2018304T032849.v2.0.NDVI.tif,S30,T48SYD,2018-10-31,2018304,032849
/home/ec2-user/ndvi_sqs_work/gansu/raw/HLS-VI.S30.T48SYE.2018304T032849.v2.0.NDVI.tif,HLS-VI.S30.T48SYE.2018304T032849.v2.0.NDVI.tif,S30,T48SYE,2018-10-31,2018304,032849
/home/ec2-user/ndvi_sqs_work/gansu/raw/HLS-VI.S30.T48SYF.2018304T032849.v2.0.NDVI.tif,HLS-VI.S30.T48SYF.2018304T032849.v2.0.NDVI.tif,S30,T48SYF,2018-10-31,2018304,032849
/home/ec2-user/ndvi_sqs_work/gansu/raw/HLS-VI.S30.T49SBA.2018304T032849.v2.0.NDVI.tif,HLS-VI.S30.T49SBA.2018304T032849.v2.0.NDVI.tif,S30,T49SBA,2018-10-31,2018304,032849
/home/ec2-user/ndvi_sqs_work/gansu/raw/HLS-VI.S30.T49SBU.2018304T032849.v2.0.NDVI.tif,HLS-VI.S30.T49SBU.2018304T032849.v2.0.NDVI.tif,S30,T49SBU,2018-10-31,2018304,032849
/home/ec2-user/ndvi_sqs_work/gansu/raw/HLS-VI.S30.T49SBV.2018304T032849.v2.0.NDVI.tif,HLS-VI.S30.T49SBV.2018304T032849.v2.0.NDVI.tif,S30,T49SBV,2018-10-31,2018304,032849
/home/ec2-user/ndvi_sqs_work/gansu/raw/HLS-VI.S30.T49SCA.2018304T032849.v2.0.NDVI.tif,HLS-VI.S30.T49SCA.2018304T032849.v2.0.NDVI.tif,S30,T49SCA,2018-10-31,2018304,032849
/home/ec2-user/ndvi_sqs_work/gansu/raw/HLS-VI.S30.T46SFH.2018305T043929.v2.0.NDVI.tif,HLS-VI.S30.T46SFH.2018305T043929.v2.0.NDVI.tif,S30,T46SFH,2018-11-01,2018305,043929
/home/ec2-user/ndvi_sqs_work/gansu/raw/HLS-VI.S30.T47SQT.2018305T034901.v2.0.NDVI.tif,HLS-VI.S30.T47SQT.2018305T034901.v2.0.NDVI.tif,S30,T47SQT,2018-11-01,2018305,034901
/home/ec2-user/ndvi_sqs_work/gansu/raw/HLS-VI.S30.T47SQU.2018305T034901.v2.0.NDVI.tif,HLS-VI.S30.T47SQU.2018305T034901.v2.0.NDVI.tif,S30,T47SQU,2018-11-01,2018305,034901
/home/ec2-user/ndvi_sqs_work/gansu/raw/HLS-VI.S30.T48STC.2018305T034901.v2.0.NDVI.tif,HLS-VI.S30.T48STC.2018305T034901.v2.0.NDVI.tif,S30,T48STC,2018-11-01,2018305,034901
/home/ec2-user/ndvi_sqs_work/gansu/raw/HLS-VI.S30.T48STD.2018305T034901.v2.0.NDVI.tif,HLS-VI.S30.T48STD.2018305T034901.v2.0.NDVI.tif,S30,T48STD,2018-11-01,2018305,034901
/home/ec2-user/ndvi_sqs_work/gansu/raw/HLS-VI.S30.T48STE.2018305T034901.v2.0.NDVI.tif,HLS-VI.S30.T48STE.2018305T034901.v2.0.NDVI.tif,S30,T48STE,2018-11-01,2018305,034901
/home/ec2-user/ndvi_sqs_work/gansu/raw/HLS-VI.S30.T48STF.2018305T034901.v2.0.NDVI.tif,HLS-VI.S30.T48STF.2018305T034901.v2.0.NDVI.tif,S30,T48STF,2018-11-01,2018305,034901
/home/ec2-user/ndvi_sqs_work/gansu/raw/HLS-VI.S30.T48SUB.2018305T034901.v2.0.NDVI.tif,HLS-VI.S30.T48SUB.2018305T034901.v2.0.NDVI.tif,S30,T48SUB,2018-11-01,2018305,034901
/home/ec2-user/ndvi_sqs_work/gansu/raw/HLS-VI.S30.T48SUC.2018305T034901.v2.0.NDVI.tif,HLS-VI.S30.T48SUC.2018305T034901.v2.0.NDVI.tif,S30,T48SUC,2018-11-01,2018305,034901
/home/ec2-user/ndvi_sqs_work/gansu/raw/HLS-VI.S30.T48SUD.2018305T034901.v2.0.NDVI.tif,HLS-VI.S30.T48SUD.2018305T034901.v2.0.NDVI.tif,S30,T48SUD,2018-11-01,2018305,034901
/home/ec2-user/ndvi_sqs_work/gansu/raw/HLS-VI.S30.T48SUE.2018305T034901.v2.0.NDVI.tif,HLS-VI.S30.T48SUE.2018305T034901.v2.0.NDVI.tif,S30,T48SUE,2018-11-01,2018305,034901
/home/ec2-user/ndvi_sqs_work/gansu/raw/HLS-VI.S30.T48SUF.2018305T034901.v2.0.NDVI.tif,HLS-VI.S30.T48SUF.2018305T034901.v2.0.NDVI.tif,S30,T48SUF,2018-11-01,2018305,034901
/home/ec2-user/ndvi_sqs_work/gansu/raw/HLS-VI.S30.T48SUG.2018305T034901.v2.0.NDVI.tif,HLS-VI.S30.T48SUG.2018305T034901.v2.0.NDVI.tif,S30,T48SUG,2018-11-01,2018305,034901
/home/ec2-user/ndvi_sqs_work/gansu/raw/HLS-VI.S30.T48SUH.2018305T034901.v2.0.NDVI.tif,HLS-VI.S30.T48SUH.2018305T034901.v2.0.NDVI.tif,S30,T48SUH,2018-11-01,2018305,034901
/home/ec2-user/ndvi_sqs_work/gansu/raw/HLS-VI.S30.T48SUJ.2018305T034901.v2.0.NDVI.tif,HLS-VI.S30.T48SUJ.2018305T034901.v2.0.NDVI.tif,S30,T48SUJ,2018-11-01,2018305,034901
/home/ec2-user/ndvi_sqs_work/gansu/raw/HLS-VI.S30.T48SVB.2018305T034901.v2.0.NDVI.tif,HLS-VI.S30.T48SVB.2018305T034901.v2.0.NDVI.tif,S30,T48SVB,2018-11-01,2018305,034901
/home/ec2-user/ndvi_sqs_work/gansu/raw/HLS-VI.S30.T48SVC.2018305T034901.v2.0.NDVI.tif,HLS-VI.S30.T48SVC.2018305T034901.v2.0.NDVI.tif,S30,T48SVC,2018-11-01,2018305,034901
/home/ec2-user/ndvi_sqs_work/gansu/raw/HLS-VI.S30.T48SVD.2018305T034901.v2.0.NDVI.tif,HLS-VI.S30.T48SVD.2018305T034901.v2.0.NDVI.tif,S30,T48SVD,2018-11-01,2018305,034901
/home/ec2-user/ndvi_sqs_work/gansu/raw/HLS-VI.S30.T48SVE.2018305T034901.v2.0.NDVI.tif,HLS-VI.S30.T48SVE.2018305T034901.v2.0.NDVI.tif,S30,T48SVE,2018-11-01,2018305,034901
/home/ec2-user/ndvi_sqs_work/gansu/raw/HLS-VI.S30.T48SVF.2018305T034901.v2.0.NDVI.tif,HLS-VI.S30.T48SVF.2018305T034901.v2.0.NDVI.tif,S30,T48SVF,2018-11-01,2018305,034901
/home/ec2-user/ndvi_sqs_work/gansu/raw/HLS-VI.S30.T48SVG.2018305T034901.v2.0.NDVI.tif,HLS-VI.S30.T48SVG.2018305T034901.v2.0.NDVI.tif,S30,T48SVG,2018-11-01,2018305,034901
/home/ec2-user/ndvi_sqs_work/gansu/raw/HLS-VI.S30.T48SVH.2018305T034901.v2.0.NDVI.tif,HLS-VI.S30.T48SVH.2018305T034901.v2.0.NDVI.tif,S30,T48SVH,2018-11-01,2018305,034901
/home/ec2-user/ndvi_sqs_work/gansu/raw/HLS-VI.S30.T48SVJ.2018305T034901.v2.0.NDVI.tif,HLS-VI.S30.T48SVJ.2018305T034901.v2.0.NDVI.tif,S30,T48SVJ,2018-11-01,2018305,034901
/home/ec2-user/ndvi_sqs_work/gansu/raw/HLS-VI.S30.T48SWB.2018305T034901.v2.0.NDVI.tif,HLS-VI.S30.T48SWB.2018305T034901.v2.0.NDVI.tif,S30,T48SWB,2018-11-01,2018305,034901
/home/ec2-user/ndvi_sqs_work/gansu/raw/HLS-VI.S30.T48SWF.2018305T034901.v2.0.NDVI.tif,HLS-VI.S30.T48SWF.2018305T034901.v2.0.NDVI.tif,S30,T48SWF,2018-11-01,2018305,034901
/home/ec2-user/ndvi_sqs_work/gansu/raw/HLS-VI.S30.T48SWG.2018305T034901.v2.0.NDVI.tif,HLS-VI.S30.T48SWG.2018305T034901.v2.0.NDVI.tif,S30,T48SWG,2018-11-01,2018305,034901
/home/ec2-user/ndvi_sqs_work/gansu/raw/HLS-VI.S30.T47SND.2018306T040919.v2.0.NDVI.tif,HLS-VI.S30.T47SND.2018306T040919.v2.0.NDVI.tif,S30,T47SND,2018-11-02,2018306,040919
/home/ec2-user/ndvi_sqs_work/gansu/raw/HLS-VI.S30.T47SPB.2018306T040919.v2.0.NDVI.tif,HLS-VI.S30.T47SPB.2018306T040919.v2.0.NDVI.tif,S30,T47SPB,2018-11-02,2018306,040919
/home/ec2-user/ndvi_sqs_work/gansu/raw/HLS-VI.S30.T47SPC.2018306T040919.v2.0.NDVI.tif,HLS-VI.S30.T47SPC.2018306T040919.v2.0.NDVI.tif,S30,T47SPC,2018-11-02,2018306,040919
/home/ec2-user/ndvi_sqs_work/gansu/raw/HLS-VI.S30.T47SPD.2018306T040919.v2.0.NDVI.tif,HLS-VI.S30.T47SPD.2018306T040919.v2.0.NDVI.tif,S30,T47SPD,2018-11-02,2018306,040919
/home/ec2-user/ndvi_sqs_work/gansu/raw/HLS-VI.S30.T47SQC.2018306T040919.v2.0.NDVI.tif,HLS-VI.S30.T47SQC.2018306T040919.v2.0.NDVI.tif,S30,T47SQC,2018-11-02,2018306,040919
/home/ec2-user/ndvi_sqs_work/gansu/raw/HLS-VI.S30.T47SQD.2018306T040919.v2.0.NDVI.tif,HLS-VI.S30.T47SQD.2018306T040919.v2.0.NDVI.tif,S30,T47SQD,2018-11-02,2018306,040919
/home/ec2-user/ndvi_sqs_work/gansu/raw/HLS-VI.S30.T47TPE.2018306T040919.v2.0.NDVI.tif,HLS-VI.S30.T47TPE.2018306T040919.v2.0.NDVI.tif,S30,T47TPE,2018-11-02,2018306,040919
/home/ec2-user/ndvi_sqs_work/gansu/raw/HLS-VI.S30.T48STH.2018306T040919.v2.0.NDVI.tif,HLS-VI.S30.T48STH.2018306T040919.v2.0.NDVI.tif,S30,T48STH,2018-11-02,2018306,040919
/home/ec2-user/ndvi_sqs_work/gansu/raw/HLS-VI.S30.T48STJ.2018306T040919.v2.0.NDVI.tif,HLS-VI.S30.T48STJ.2018306T040919.v2.0.NDVI.tif,S30,T48STJ,2018-11-02,2018306,040919
/home/ec2-user/ndvi_sqs_work/gansu/raw/HLS-VI.S30.T46TGM.2018309T041939.v2.0.NDVI.tif,HLS-VI.S30.T46TGM.2018309T041939.v2.0.NDVI.tif,S30,T46TGM,2018-11-05,2018309,041939
/home/ec2-user/ndvi_sqs_work/gansu/raw/HLS-VI.S30.T47TKG.2018309T041939.v2.0.NDVI.tif,HLS-VI.S30.T47TKG.2018309T041939.v2.0.NDVI.tif,S30,T47TKG,2018-11-05,2018309,041939
/home/ec2-user/ndvi_sqs_work/gansu/raw/HLS-VI.S30.T47TLH.2018309T041939.v2.0.NDVI.tif,HLS-VI.S30.T47TLH.2018309T041939.v2.0.NDVI.tif,S30,T47TLH,2018-11-05,2018309,041939
/home/ec2-user/ndvi_sqs_work/gansu/raw/HLS-VI.S30.T46SFH.2018310T043951.v2.0.NDVI.tif,HLS-VI.S30.T46SFH.2018310T043951.v2.0.NDVI.tif,S30,T46SFH,2018-11-06,2018310,043951
/home/ec2-user/ndvi_sqs_work/gansu/raw/HLS-VI.S30.T46TFK.2018310T043951.v2.0.NDVI.tif,HLS-VI.S30.T46TFK.2018310T043951.v2.0.NDVI.tif,S30,T46TFK,2018-11-06,2018310,043951
/home/ec2-user/ndvi_sqs_work/gansu/raw/HLS-VI.S30.T46TFM.2018310T043951.v2.0.NDVI.tif,HLS-VI.S30.T46TFM.2018310T043951.v2.0.NDVI.tif,S30,T46TFM,2018-11-06,2018310,043951
/home/ec2-user/ndvi_sqs_work/gansu/raw/HLS-VI.S30.T48SUH.2018310T034929.v2.0.NDVI.tif,HLS-VI.S30.T48SUH.2018310T034929.v2.0.NDVI.tif,S30,T48SUH,2018-11-06,2018310,034929
/home/ec2-user/ndvi_sqs_work/gansu/raw/HLS-VI.S30.T48SUJ.2018310T034929.v2.0.NDVI.tif,HLS-VI.S30.T48SUJ.2018310T034929.v2.0.NDVI.tif,S30,T48SUJ,2018-11-06,2018310,034929
/home/ec2-user/ndvi_sqs_work/gansu/raw/HLS-VI.S30.T48SVG.2018310T034929.v2.0.NDVI.tif,HLS-VI.S30.T48SVG.2018310T034929.v2.0.NDVI.tif,S30,T48SVG,2018-11-06,2018310,034929
/home/ec2-user/ndvi_sqs_work/gansu/raw/HLS-VI.S30.T48SVH.2018310T034929.v2.0.NDVI.tif,HLS-VI.S30.T48SVH.2018310T034929.v2.0.NDVI.tif,S30,T48SVH,2018-11-06,2018310,034929
/home/ec2-user/ndvi_sqs_work/gansu/raw/HLS-VI.S30.T48SWG.2018310T034929.v2.0.NDVI.tif,HLS-VI.S30.T48SWG.2018310T034929.v2.0.NDVI.tif,S30,T48SWG,2018-11-06,2018310,034929
/home/ec2-user/ndvi_sqs_work/gansu/raw/HLS-VI.S30.T47SPD.2018311T040941.v2.0.NDVI.tif,HLS-VI.S30.T47SPD.2018311T040941.v2.0.NDVI.tif,S30,T47SPD,2018-11-07,2018311,040941
/home/ec2-user/ndvi_sqs_work/gansu/raw/HLS-VI.S30.T47SQC.2018311T040941.v2.0.NDVI.tif,HLS-VI.S30.T47SQC.2018311T040941.v2.0.NDVI.tif,S30,T47SQC,2018-11-07,2018311,040941
/home/ec2-user/ndvi_sqs_work/gansu/raw/HLS-VI.S30.T47SQD.2018311T040941.v2.0.NDVI.tif,HLS-VI.S30.T47SQD.2018311T040941.v2.0.NDVI.tif,S30,T47SQD,2018-11-07,2018311,040941
/home/ec2-user/ndvi_sqs_work/gansu/raw/HLS-VI.S30.T47TME.2018311T040941.v2.0.NDVI.tif,HLS-VI.S30.T47TME.2018311T040941.v2.0.NDVI.tif,S30,T47TME,2018-11-07,2018311,040941
/home/ec2-user/ndvi_sqs_work/gansu/raw/HLS-VI.S30.T47TMF.2018311T040941.v2.0.NDVI.tif,HLS-VI.S30.T47TMF.2018311T040941.v2.0.NDVI.tif,S30,T47TMF,2018-11-07,2018311,040941
/home/ec2-user/ndvi_sqs_work/gansu/raw/HLS-VI.S30.T47TNE.2018311T040941.v2.0.NDVI.tif,HLS-VI.S30.T47TNE.2018311T040941.v2.0.NDVI.tif,S30,T47TNE,2018-11-07,2018311,040941
/home/ec2-user/ndvi_sqs_work/gansu/raw/HLS-VI.S30.T47TNF.2018311T040941.v2.0.NDVI.tif,HLS-VI.S30.T47TNF.2018311T040941.v2.0.NDVI.tif,S30,T47TNF,2018-11-07,2018311,040941
/home/ec2-user/ndvi_sqs_work/gansu/raw/HLS-VI.S30.T47TPE.2018311T040941.v2.0.NDVI.tif,HLS-VI.S30.T47TPE.2018311T040941.v2.0.NDVI.tif,S30,T47TPE,2018-11-07,2018311,040941
/home/ec2-user/ndvi_sqs_work/gansu/raw/HLS-VI.S30.T47TPF.2018311T040941.v2.0.NDVI.tif,HLS-VI.S30.T47TPF.2018311T040941.v2.0.NDVI.tif,S30,T47TPF,2018-11-07,2018311,040941
/home/ec2-user/ndvi_sqs_work/gansu/raw/HLS-VI.S30.T48STH.2018311T040941.v2.0.NDVI.tif,HLS-VI.S30.T48STH.2018311T040941.v2.0.NDVI.tif,S30,T48STH,2018-11-07,2018311,040941
/home/ec2-user/ndvi_sqs_work/gansu/raw/HLS-VI.S30.T48STJ.2018311T040941.v2.0.NDVI.tif,HLS-VI.S30.T48STJ.2018311T040941.v2.0.NDVI.tif,S30,T48STJ,2018-11-07,2018311,040941
/home/ec2-user/ndvi_sqs_work/gansu/raw/HLS-VI.S30.T46TEL.2018312T042959.v2.0.NDVI.tif,HLS-VI.S30.T46TEL.2018312T042959.v2.0.NDVI.tif,S30,T46TEL,2018-11-08,2018312,042959
/home/ec2-user/ndvi_sqs_work/gansu/raw/HLS-VI.S30.T46TFM.2018312T042959.v2.0.NDVI.tif,HLS-VI.S30.T46TFM.2018312T042959.v2.0.NDVI.tif,S30,T46TFM,2018-11-08,2018312,042959
/home/ec2-user/ndvi_sqs_work/gansu/raw/HLS-VI.S30.T46TGM.2018312T042959.v2.0.NDVI.tif,HLS-VI.S30.T46TGM.2018312T042959.v2.0.NDVI.tif,S30,T46TGM,2018-11-08,2018312,042959
/home/ec2-user/ndvi_sqs_work/gansu/raw/HLS-VI.S30.T46TGN.2018312T042959.v2.0.NDVI.tif,HLS-VI.S30.T46TGN.2018312T042959.v2.0.NDVI.tif,S30,T46TGN,2018-11-08,2018312,042959
/home/ec2-user/ndvi_sqs_work/gansu/raw/HLS-VI.S30.T47TKG.2018312T042959.v2.0.NDVI.tif,HLS-VI.S30.T47TKG.2018312T042959.v2.0.NDVI.tif,S30,T47TKG,2018-11-08,2018312,042959
/home/ec2-user/ndvi_sqs_work/gansu/raw/HLS-VI.S30.T48SVB.2018312T033941.v2.0.NDVI.tif,HLS-VI.S30.T48SVB.2018312T033941.v2.0.NDVI.tif,S30,T48SVB,2018-11-08,2018312,033941
/home/ec2-user/ndvi_sqs_work/gansu/raw/HLS-VI.S30.T48SVD.2018312T033941.v2.0.NDVI.tif,HLS-VI.S30.T48SVD.2018312T033941.v2.0.NDVI.tif,S30,T48SVD,2018-11-08,2018312,033941
/home/ec2-user/ndvi_sqs_work/gansu/raw/HLS-VI.S30.T48SVE.2018312T033941.v2.0.NDVI.tif,HLS-VI.S30.T48SVE.2018312T033941.v2.0.NDVI.tif,S30,T48SVE,2018-11-08,2018312,033941
/home/ec2-user/ndvi_sqs_work/gansu/raw/HLS-VI.S30.T48SWD.2018312T033941.v2.0.NDVI.tif,HLS-VI.S30.T48SWD.2018312T033941.v2.0.NDVI.tif,S30,T48SWD,2018-11-08,2018312,033941
/home/ec2-user/ndvi_sqs_work/gansu/raw/HLS-VI.S30.T48SWE.2018312T033941.v2.0.NDVI.tif,HLS-VI.S30.T48SWE.2018312T033941.v2.0.NDVI.tif,S30,T48SWE,2018-11-08,2018312,033941
/home/ec2-user/ndvi_sqs_work/gansu/raw/HLS-VI.S30.T48SWF.2018312T033941.v2.0.NDVI.tif,HLS-VI.S30.T48SWF.2018312T033941.v2.0.NDVI.tif,S30,T48SWF,2018-11-08,2018312,033941
/home/ec2-user/ndvi_sqs_work/gansu/raw/HLS-VI.S30.T48SXD.2018312T033941.v2.0.NDVI.tif,HLS-VI.S30.T48SXD.2018312T033941.v2.0.NDVI.tif,S30,T48SXD,2018-11-08,2018312,033941
/home/ec2-user/ndvi_sqs_work/gansu/raw/HLS-VI.S30.T48SXE.2018312T033941.v2.0.NDVI.tif,HLS-VI.S30.T48SXE.2018312T033941.v2.0.NDVI.tif,S30,T48SXE,2018-11-08,2018312,033941
/home/ec2-user/ndvi_sqs_work/gansu/raw/HLS-VI.S30.T48SXF.2018312T033941.v2.0.NDVI.tif,HLS-VI.S30.T48SXF.2018312T033941.v2.0.NDVI.tif,S30,T48SXF,2018-11-08,2018312,033941
/home/ec2-user/ndvi_sqs_work/gansu/raw/HLS-VI.S30.T48SXG.2018312T033941.v2.0.NDVI.tif,HLS-VI.S30.T48SXG.2018312T033941.v2.0.NDVI.tif,S30,T48SXG,2018-11-08,2018312,033941
/home/ec2-user/ndvi_sqs_work/gansu/raw/HLS-VI.S30.T48SYD.2018312T033941.v2.0.NDVI.tif,HLS-VI.S30.T48SYD.2018312T033941.v2.0.NDVI.tif,S30,T48SYD,2018-11-08,2018312,033941
/home/ec2-user/ndvi_sqs_work/gansu/raw/HLS-VI.S30.T48SYE.2018312T033941.v2.0.NDVI.tif,HLS-VI.S30.T48SYE.2018312T033941.v2.0.NDVI.tif,S30,T48SYE,2018-11-08,2018312,033941
/home/ec2-user/ndvi_sqs_work/gansu/raw/HLS-VI.S30.T48SYF.2018312T033941.v2.0.NDVI.tif,HLS-VI.S30.T48SYF.2018312T033941.v2.0.NDVI.tif,S30,T48SYF,2018-11-08,2018312,033941
/home/ec2-user/ndvi_sqs_work/gansu/raw/HLS-VI.S30.T48SYG.2018312T033941.v2.0.NDVI.tif,HLS-VI.S30.T48SYG.2018312T033941.v2.0.NDVI.tif,S30,T48SYG,2018-11-08,2018312,033941
/home/ec2-user/ndvi_sqs_work/gansu/raw/HLS-VI.S30.T49SBA.2018312T033941.v2.0.NDVI.tif,HLS-VI.S30.T49SBA.2018312T033941.v2.0.NDVI.tif,S30,T49SBA,2018-11-08,2018312,033941
/home/ec2-user/ndvi_sqs_work/gansu/raw/HLS-VI.S30.T49SBB.2018312T033941.v2.0.NDVI.tif,HLS-VI.S30.T49SBB.2018312T033941.v2.0.NDVI.tif,S30,T49SBB,2018-11-08,2018312,033941
/home/ec2-user/ndvi_sqs_work/gansu/raw/HLS-VI.S30.T49SBU.2018312T033941.v2.0.NDVI.tif,HLS-VI.S30.T49SBU.2018312T033941.v2.0.NDVI.tif,S30,T49SBU,2018-11-08,2018312,033941
/home/ec2-user/ndvi_sqs_work/gansu/raw/HLS-VI.S30.T49SBV.2018312T033941.v2.0.NDVI.tif,HLS-VI.S30.T49SBV.2018312T033941.v2.0.NDVI.tif,S30,T49SBV,2018-11-08,2018312,033941
/home/ec2-user/ndvi_sqs_work/gansu/raw/HLS-VI.S30.T47SQU.2018313T035949.v2.0.NDVI.tif,HLS-VI.S30.T47SQU.2018313T035949.v2.0.NDVI.tif,S30,T47SQU,2018-11-09,2018313,035949
/home/ec2-user/ndvi_sqs_work/gansu/raw/HLS-VI.S30.T47SQV.2018313T035949.v2.0.NDVI.tif,HLS-VI.S30.T47SQV.2018313T035949.v2.0.NDVI.tif,S30,T47SQV,2018-11-09,2018313,035949
/home/ec2-user/ndvi_sqs_work/gansu/raw/HLS-VI.S30.T48STC.2018313T035949.v2.0.NDVI.tif,HLS-VI.S30.T48STC.2018313T035949.v2.0.NDVI.tif,S30,T48STC,2018-11-09,2018313,035949
/home/ec2-user/ndvi_sqs_work/gansu/raw/HLS-VI.S30.T48STD.2018313T035949.v2.0.NDVI.tif,HLS-VI.S30.T48STD.2018313T035949.v2.0.NDVI.tif,S30,T48STD,2018-11-09,2018313,035949
/home/ec2-user/ndvi_sqs_work/gansu/raw/HLS-VI.S30.T48STE.2018313T035949.v2.0.NDVI.tif,HLS-VI.S30.T48STE.2018313T035949.v2.0.NDVI.tif,S30,T48STE,2018-11-09,2018313,035949
/home/ec2-user/ndvi_sqs_work/gansu/raw/HLS-VI.S30.T48STF.2018313T035949.v2.0.NDVI.tif,HLS-VI.S30.T48STF.2018313T035949.v2.0.NDVI.tif,S30,T48STF,2018-11-09,2018313,035949
/home/ec2-user/ndvi_sqs_work/gansu/raw/HLS-VI.S30.T48STH.2018313T035949.v2.0.NDVI.tif,HLS-VI.S30.T48STH.2018313T035949.v2.0.NDVI.tif,S30,T48STH,2018-11-09,2018313,035949
/home/ec2-user/ndvi_sqs_work/gansu/raw/HLS-VI.S30.T48SUD.2018313T035949.v2.0.NDVI.tif,HLS-VI.S30.T48SUD.2018313T035949.v2.0.NDVI.tif,S30,T48SUD,2018-11-09,2018313,035949
/home/ec2-user/ndvi_sqs_work/gansu/raw/HLS-VI.S30.T48SUE.2018313T035949.v2.0.NDVI.tif,HLS-VI.S30.T48SUE.2018313T035949.v2.0.NDVI.tif,S30,T48SUE,2018-11-09,2018313,035949
/home/ec2-user/ndvi_sqs_work/gansu/raw/HLS-VI.S30.T48SUF.2018313T035949.v2.0.NDVI.tif,HLS-VI.S30.T48SUF.2018313T035949.v2.0.NDVI.tif,S30,T48SUF,2018-11-09,2018313,035949
/home/ec2-user/ndvi_sqs_work/gansu/raw/HLS-VI.S30.T48SUG.2018313T035949.v2.0.NDVI.tif,HLS-VI.S30.T48SUG.2018313T035949.v2.0.NDVI.tif,S30,T48SUG,2018-11-09,2018313,035949
/home/ec2-user/ndvi_sqs_work/gansu/raw/HLS-VI.S30.T48SUH.2018313T035949.v2.0.NDVI.tif,HLS-VI.S30.T48SUH.2018313T035949.v2.0.NDVI.tif,S30,T48SUH,2018-11-09,2018313,035949
/home/ec2-user/ndvi_sqs_work/gansu/raw/HLS-VI.S30.T48SUJ.2018313T035949.v2.0.NDVI.tif,HLS-VI.S30.T48SUJ.2018313T035949.v2.0.NDVI.tif,S30,T48SUJ,2018-11-09,2018313,035949
/home/ec2-user/ndvi_sqs_work/gansu/raw/HLS-VI.S30.T48SVG.2018313T035949.v2.0.NDVI.tif,HLS-VI.S30.T48SVG.2018313T035949.v2.0.NDVI.tif,S30,T48SVG,2018-11-09,2018313,035949
/home/ec2-user/ndvi_sqs_work/gansu/raw/HLS-VI.S30.T48SVH.2018313T035949.v2.0.NDVI.tif,HLS-VI.S30.T48SVH.2018313T035949.v2.0.NDVI.tif,S30,T48SVH,2018-11-09,2018313,035949
/home/ec2-user/ndvi_sqs_work/gansu/raw/HLS-VI.S30.T48SVJ.2018313T035949.v2.0.NDVI.tif,HLS-VI.S30.T48SVJ.2018313T035949.v2.0.NDVI.tif,S30,T48SVJ,2018-11-09,2018313,035949
/home/ec2-user/ndvi_sqs_work/gansu/raw/HLS-VI.S30.T46TGK.2018314T042001.v2.0.NDVI.tif,HLS-VI.S30.T46TGK.2018314T042001.v2.0.NDVI.tif,S30,T46TGK,2018-11-10,2018314,042001
/home/ec2-user/ndvi_sqs_work/gansu/raw/HLS-VI.S30.T46TGL.2018314T042001.v2.0.NDVI.tif,HLS-VI.S30.T46TGL.2018314T042001.v2.0.NDVI.tif,S30,T46TGL,2018-11-10,2018314,042001
/home/ec2-user/ndvi_sqs_work/gansu/raw/HLS-VI.S30.T47TKE.2018314T042001.v2.0.NDVI.tif,HLS-VI.S30.T47TKE.2018314T042001.v2.0.NDVI.tif,S30,T47TKE,2018-11-10,2018314,042001
/home/ec2-user/ndvi_sqs_work/gansu/raw/HLS-VI.S30.T47TKF.2018314T042001.v2.0.NDVI.tif,HLS-VI.S30.T47TKF.2018314T042001.v2.0.NDVI.tif,S30,T47TKF,2018-11-10,2018314,042001
/home/ec2-user/ndvi_sqs_work/gansu/raw/HLS-VI.S30.T47TLE.2018314T042001.v2.0.NDVI.tif,HLS-VI.S30.T47TLE.2018314T042001.v2.0.NDVI.tif,S30,T47TLE,2018-11-10,2018314,042001
/home/ec2-user/ndvi_sqs_work/gansu/raw/HLS-VI.S30.T47TLF.2018314T042001.v2.0.NDVI.tif,HLS-VI.S30.T47TLF.2018314T042001.v2.0.NDVI.tif,S30,T47TLF,2018-11-10,2018314,042001
/home/ec2-user/ndvi_sqs_work/gansu/raw/HLS-VI.S30.T47TLG.2018314T042001.v2.0.NDVI.tif,HLS-VI.S30.T47TLG.2018314T042001.v2.0.NDVI.tif,S30,T47TLG,2018-11-10,2018314,042001
/home/ec2-user/ndvi_sqs_work/gansu/raw/HLS-VI.S30.T47TLH.2018314T042001.v2.0.NDVI.tif,HLS-VI.S30.T47TLH.2018314T042001.v2.0.NDVI.tif,S30,T47TLH,2018-11-10,2018314,042001
/home/ec2-user/ndvi_sqs_work/gansu/raw/HLS-VI.S30.T47TME.2018314T042001.v2.0.NDVI.tif,HLS-VI.S30.T47TME.2018314T042001.v2.0.NDVI.tif,S30,T47TME,2018-11-10,2018314,042001
/home/ec2-user/ndvi_sqs_work/gansu/raw/HLS-VI.S30.T47TMF.2018314T042001.v2.0.NDVI.tif,HLS-VI.S30.T47TMF.2018314T042001.v2.0.NDVI.tif,S30,T47TMF,2018-11-10,2018314,042001
/home/ec2-user/ndvi_sqs_work/gansu/raw/HLS-VI.S30.T47TNE.2018314T042001.v2.0.NDVI.tif,HLS-VI.S30.T47TNE.2018314T042001.v2.0.NDVI.tif,S30,T47TNE,2018-11-10,2018314,042001
/home/ec2-user/ndvi_sqs_work/gansu/raw/HLS-VI.S30.T47TNF.2018314T042001.v2.0.NDVI.tif,HLS-VI.S30.T47TNF.2018314T042001.v2.0.NDVI.tif,S30,T47TNF,2018-11-10,2018314,042001
/home/ec2-user/ndvi_sqs_work/gansu/raw/HLS-VI.S30.T46SDJ.2018315T044019.v2.0.NDVI.tif,HLS-VI.S30.T46SDJ.2018315T044019.v2.0.NDVI.tif,S30,T46SDJ,2018-11-11,2018315,044019
/home/ec2-user/ndvi_sqs_work/gansu/raw/HLS-VI.S30.T46SEH.2018315T044019.v2.0.NDVI.tif,HLS-VI.S30.T46SEH.2018315T044019.v2.0.NDVI.tif,S30,T46SEH,2018-11-11,2018315,044019
/home/ec2-user/ndvi_sqs_work/gansu/raw/HLS-VI.S30.T46SFH.2018315T044019.v2.0.NDVI.tif,HLS-VI.S30.T46SFH.2018315T044019.v2.0.NDVI.tif,S30,T46SFH,2018-11-11,2018315,044019
/home/ec2-user/ndvi_sqs_work/gansu/raw/HLS-VI.S30.T46TEL.2018315T044019.v2.0.NDVI.tif,HLS-VI.S30.T46TEL.2018315T044019.v2.0.NDVI.tif,S30,T46TEL,2018-11-11,2018315,044019
/home/ec2-user/ndvi_sqs_work/gansu/raw/HLS-VI.S30.T46TFM.2018315T044019.v2.0.NDVI.tif,HLS-VI.S30.T46TFM.2018315T044019.v2.0.NDVI.tif,S30,T46TFM,2018-11-11,2018315,044019
/home/ec2-user/ndvi_sqs_work/gansu/raw/HLS-VI.S30.T48STF.2018315T035001.v2.0.NDVI.tif,HLS-VI.S30.T48STF.2018315T035001.v2.0.NDVI.tif,S30,T48STF,2018-11-11,2018315,035001
/home/ec2-user/ndvi_sqs_work/gansu/raw/HLS-VI.S30.T48SUG.2018315T035001.v2.0.NDVI.tif,HLS-VI.S30.T48SUG.2018315T035001.v2.0.NDVI.tif,S30,T48SUG,2018-11-11,2018315,035001
/home/ec2-user/ndvi_sqs_work/gansu/raw/HLS-VI.S30.T48SUH.2018315T035001.v2.0.NDVI.tif,HLS-VI.S30.T48SUH.2018315T035001.v2.0.NDVI.tif,S30,T48SUH,2018-11-11,2018315,035001
/home/ec2-user/ndvi_sqs_work/gansu/raw/HLS-VI.S30.T48SUJ.2018315T035001.v2.0.NDVI.tif,HLS-VI.S30.T48SUJ.2018315T035001.v2.0.NDVI.tif,S30,T48SUJ,2018-11-11,2018315,035001
/home/ec2-user/ndvi_sqs_work/gansu/raw/HLS-VI.S30.T48SVF.2018315T035001.v2.0.NDVI.tif,HLS-VI.S30.T48SVF.2018315T035001.v2.0.NDVI.tif,S30,T48SVF,2018-11-11,2018315,035001
/home/ec2-user/ndvi_sqs_work/gansu/raw/HLS-VI.S30.T48SVG.2018315T035001.v2.0.NDVI.tif,HLS-VI.S30.T48SVG.2018315T035001.v2.0.NDVI.tif,S30,T48SVG,2018-11-11,2018315,035001
/home/ec2-user/ndvi_sqs_work/gansu/raw/HLS-VI.S30.T48SVH.2018315T035001.v2.0.NDVI.tif,HLS-VI.S30.T48SVH.2018315T035001.v2.0.NDVI.tif,S30,T48SVH,2018-11-11,2018315,035001
/home/ec2-user/ndvi_sqs_work/gansu/raw/HLS-VI.S30.T48SVJ.2018315T035001.v2.0.NDVI.tif,HLS-VI.S30.T48SVJ.2018315T035001.v2.0.NDVI.tif,S30,T48SVJ,2018-11-11,2018315,035001
/home/ec2-user/ndvi_sqs_work/gansu/raw/HLS-VI.S30.T48SWB.2018315T035001.v2.0.NDVI.tif,HLS-VI.S30.T48SWB.2018315T035001.v2.0.NDVI.tif,S30,T48SWB,2018-11-11,2018315,035001
/home/ec2-user/ndvi_sqs_work/gansu/raw/HLS-VI.S30.T48SWC.2018315T035001.v2.0.NDVI.tif,HLS-VI.S30.T48SWC.2018315T035001.v2.0.NDVI.tif,S30,T48SWC,2018-11-11,2018315,035001
/home/ec2-user/ndvi_sqs_work/gansu/raw/HLS-VI.S30.T48SWF.2018315T035001.v2.0.NDVI.tif,HLS-VI.S30.T48SWF.2018315T035001.v2.0.NDVI.tif,S30,T48SWF,2018-11-11,2018315,035001
/home/ec2-user/ndvi_sqs_work/gansu/raw/HLS-VI.S30.T48SWG.2018315T035001.v2.0.NDVI.tif,HLS-VI.S30.T48SWG.2018315T035001.v2.0.NDVI.tif,S30,T48SWG,2018-11-11,2018315,035001
/home/ec2-user/ndvi_sqs_work/gansu/raw/HLS-VI.S30.T47TME.2018316T041009.v2.0.NDVI.tif,HLS-VI.S30.T47TME.2018316T041009.v2.0.NDVI.tif,S30,T47TME,2018-11-12,2018316,041009
/home/ec2-user/ndvi_sqs_work/gansu/raw/HLS-VI.S30.T47TMF.2018316T041009.v2.0.NDVI.tif,HLS-VI.S30.T47TMF.2018316T041009.v2.0.NDVI.tif,S30,T47TMF,2018-11-12,2018316,041009
/home/ec2-user/ndvi_sqs_work/gansu/raw/HLS-VI.S30.T47TNE.2018316T041009.v2.0.NDVI.tif,HLS-VI.S30.T47TNE.2018316T041009.v2.0.NDVI.tif,S30,T47TNE,2018-11-12,2018316,041009
/home/ec2-user/ndvi_sqs_work/gansu/raw/HLS-VI.S30.T47TNF.2018316T041009.v2.0.NDVI.tif,HLS-VI.S30.T47TNF.2018316T041009.v2.0.NDVI.tif,S30,T47TNF,2018-11-12,2018316,041009
/home/ec2-user/ndvi_sqs_work/gansu/raw/HLS-VI.S30.T47TPE.2018316T041009.v2.0.NDVI.tif,HLS-VI.S30.T47TPE.2018316T041009.v2.0.NDVI.tif,S30,T47TPE,2018-11-12,2018316,041009
/home/ec2-user/ndvi_sqs_work/gansu/raw/HLS-VI.S30.T47TPF.2018316T041009.v2.0.NDVI.tif,HLS-VI.S30.T47TPF.2018316T041009.v2.0.NDVI.tif,S30,T47TPF,2018-11-12,2018316,041009
/home/ec2-user/ndvi_sqs_work/gansu/raw/HLS-VI.S30.T48STC.2018318T040011.v2.0.NDVI.tif,HLS-VI.S30.T48STC.2018318T040011.v2.0.NDVI.tif,S30,T48STC,2018-11-14,2018318,040011
/home/ec2-user/ndvi_sqs_work/gansu/raw/HLS-VI.S30.T48STH.2018318T040011.v2.0.NDVI.tif,HLS-VI.S30.T48STH.2018318T040011.v2.0.NDVI.tif,S30,T48STH,2018-11-14,2018318,040011
/home/ec2-user/ndvi_sqs_work/gansu/raw/HLS-VI.S30.T46TGK.2018319T042029.v2.0.NDVI.tif,HLS-VI.S30.T46TGK.2018319T042029.v2.0.NDVI.tif,S30,T46TGK,2018-11-15,2018319,042029
/home/ec2-user/ndvi_sqs_work/gansu/raw/HLS-VI.S30.T46TGM.2018319T042029.v2.0.NDVI.tif,HLS-VI.S30.T46TGM.2018319T042029.v2.0.NDVI.tif,S30,T46TGM,2018-11-15,2018319,042029
/home/ec2-user/ndvi_sqs_work/gansu/raw/HLS-VI.S30.T47TKE.2018319T042029.v2.0.NDVI.tif,HLS-VI.S30.T47TKE.2018319T042029.v2.0.NDVI.tif,S30,T47TKE,2018-11-15,2018319,042029
/home/ec2-user/ndvi_sqs_work/gansu/raw/HLS-VI.S30.T47TKG.2018319T042029.v2.0.NDVI.tif,HLS-VI.S30.T47TKG.2018319T042029.v2.0.NDVI.tif,S30,T47TKG,2018-11-15,2018319,042029
/home/ec2-user/ndvi_sqs_work/gansu/raw/HLS-VI.S30.T47TLE.2018319T042029.v2.0.NDVI.tif,HLS-VI.S30.T47TLE.2018319T042029.v2.0.NDVI.tif,S30,T47TLE,2018-11-15,2018319,042029
/home/ec2-user/ndvi_sqs_work/gansu/raw/HLS-VI.S30.T47TLH.2018319T042029.v2.0.NDVI.tif,HLS-VI.S30.T47TLH.2018319T042029.v2.0.NDVI.tif,S30,T47TLH,2018-11-15,2018319,042029
/home/ec2-user/ndvi_sqs_work/gansu/raw/HLS-VI.S30.T47TME.2018319T042029.v2.0.NDVI.tif,HLS-VI.S30.T47TME.2018319T042029.v2.0.NDVI.tif,S30,T47TME,2018-11-15,2018319,042029
/home/ec2-user/ndvi_sqs_work/gansu/raw/HLS-VI.S30.T47TMF.2018319T042029.v2.0.NDVI.tif,HLS-VI.S30.T47TMF.2018319T042029.v2.0.NDVI.tif,S30,T47TMF,2018-11-15,2018319,042029
/home/ec2-user/ndvi_sqs_work/gansu/raw/HLS-VI.S30.T47TNF.2018319T042029.v2.0.NDVI.tif,HLS-VI.S30.T47TNF.2018319T042029.v2.0.NDVI.tif,S30,T47TNF,2018-11-15,2018319,042029
/home/ec2-user/ndvi_sqs_work/gansu/raw/HLS-VI.S30.T47SQD.2018321T041031.v2.0.NDVI.tif,HLS-VI.S30.T47SQD.2018321T041031.v2.0.NDVI.tif,S30,T47SQD,2018-11-17,2018321,041031
/home/ec2-user/ndvi_sqs_work/gansu/raw/HLS-VI.S30.T47TMF.2018321T041031.v2.0.NDVI.tif,HLS-VI.S30.T47TMF.2018321T041031.v2.0.NDVI.tif,S30,T47TMF,2018-11-17,2018321,041031
/home/ec2-user/ndvi_sqs_work/gansu/raw/HLS-VI.S30.T47TNF.2018321T041031.v2.0.NDVI.tif,HLS-VI.S30.T47TNF.2018321T041031.v2.0.NDVI.tif,S30,T47TNF,2018-11-17,2018321,041031
/home/ec2-user/ndvi_sqs_work/gansu/raw/HLS-VI.S30.T47TPE.2018321T041031.v2.0.NDVI.tif,HLS-VI.S30.T47TPE.2018321T041031.v2.0.NDVI.tif,S30,T47TPE,2018-11-17,2018321,041031
/home/ec2-user/ndvi_sqs_work/gansu/raw/HLS-VI.S30.T48STJ.2018321T041031.v2.0.NDVI.tif,HLS-VI.S30.T48STJ.2018321T041031.v2.0.NDVI.tif,S30,T48STJ,2018-11-17,2018321,041031
/home/ec2-user/ndvi_sqs_work/gansu/raw/HLS-VI.S30.T48SVD.2018322T034021.v2.0.NDVI.tif,HLS-VI.S30.T48SVD.2018322T034021.v2.0.NDVI.tif,S30,T48SVD,2018-11-18,2018322,034021
/home/ec2-user/ndvi_sqs_work/gansu/raw/HLS-VI.S30.T48SVE.2018322T034021.v2.0.NDVI.tif,HLS-VI.S30.T48SVE.2018322T034021.v2.0.NDVI.tif,S30,T48SVE,2018-11-18,2018322,034021
/home/ec2-user/ndvi_sqs_work/gansu/raw/HLS-VI.S30.T48SWC.2018322T034021.v2.0.NDVI.tif,HLS-VI.S30.T48SWC.2018322T034021.v2.0.NDVI.tif,S30,T48SWC,2018-11-18,2018322,034021
/home/ec2-user/ndvi_sqs_work/gansu/raw/HLS-VI.S30.T48SWD.2018322T034021.v2.0.NDVI.tif,HLS-VI.S30.T48SWD.2018322T034021.v2.0.NDVI.tif,S30,T48SWD,2018-11-18,2018322,034021
/home/ec2-user/ndvi_sqs_work/gansu/raw/HLS-VI.S30.T48SWE.2018322T034021.v2.0.NDVI.tif,HLS-VI.S30.T48SWE.2018322T034021.v2.0.NDVI.tif,S30,T48SWE,2018-11-18,2018322,034021
/home/ec2-user/ndvi_sqs_work/gansu/raw/HLS-VI.S30.T48SWF.2018322T034021.v2.0.NDVI.tif,HLS-VI.S30.T48SWF.2018322T034021.v2.0.NDVI.tif,S30,T48SWF,2018-11-18,2018322,034021
/home/ec2-user/ndvi_sqs_work/gansu/raw/HLS-VI.S30.T48SXC.2018322T034021.v2.0.NDVI.tif,HLS-VI.S30.T48SXC.2018322T034021.v2.0.NDVI.tif,S30,T48SXC,2018-11-18,2018322,034021
/home/ec2-user/ndvi_sqs_work/gansu/raw/HLS-VI.S30.T48SXD.2018322T034021.v2.0.NDVI.tif,HLS-VI.S30.T48SXD.2018322T034021.v2.0.NDVI.tif,S30,T48SXD,2018-11-18,2018322,034021
/home/ec2-user/ndvi_sqs_work/gansu/raw/HLS-VI.S30.T48SXE.2018322T034021.v2.0.NDVI.tif,HLS-VI.S30.T48SXE.2018322T034021.v2.0.NDVI.tif,S30,T48SXE,2018-11-18,2018322,034021
/home/ec2-user/ndvi_sqs_work/gansu/raw/HLS-VI.S30.T48SXF.2018322T034021.v2.0.NDVI.tif,HLS-VI.S30.T48SXF.2018322T034021.v2.0.NDVI.tif,S30,T48SXF,2018-11-18,2018322,034021
/home/ec2-user/ndvi_sqs_work/gansu/raw/HLS-VI.S30.T48SXG.2018322T034021.v2.0.NDVI.tif,HLS-VI.S30.T48SXG.2018322T034021.v2.0.NDVI.tif,S30,T48SXG,2018-11-18,2018322,034021
/home/ec2-user/ndvi_sqs_work/gansu/raw/HLS-VI.S30.T48SYE.2018322T034021.v2.0.NDVI.tif,HLS-VI.S30.T48SYE.2018322T034021.v2.0.NDVI.tif,S30,T48SYE,2018-11-18,2018322,034021
/home/ec2-user/ndvi_sqs_work/gansu/raw/HLS-VI.S30.T48SYF.2018322T034021.v2.0.NDVI.tif,HLS-VI.S30.T48SYF.2018322T034021.v2.0.NDVI.tif,S30,T48SYF,2018-11-18,2018322,034021
/home/ec2-user/ndvi_sqs_work/gansu/raw/HLS-VI.S30.T48SYG.2018322T034021.v2.0.NDVI.tif,HLS-VI.S30.T48SYG.2018322T034021.v2.0.NDVI.tif,S30,T48SYG,2018-11-18,2018322,034021
/home/ec2-user/ndvi_sqs_work/gansu/raw/HLS-VI.S30.T49SBA.2018322T034021.v2.0.NDVI.tif,HLS-VI.S30.T49SBA.2018322T034021.v2.0.NDVI.tif,S30,T49SBA,2018-11-18,2018322,034021
/home/ec2-user/ndvi_sqs_work/gansu/raw/HLS-VI.S30.T49SBB.2018322T034021.v2.0.NDVI.tif,HLS-VI.S30.T49SBB.2018322T034021.v2.0.NDVI.tif,S30,T49SBB,2018-11-18,2018322,034021
/home/ec2-user/ndvi_sqs_work/gansu/raw/HLS-VI.S30.T49SBU.2018322T034021.v2.0.NDVI.tif,HLS-VI.S30.T49SBU.2018322T034021.v2.0.NDVI.tif,S30,T49SBU,2018-11-18,2018322,034021
/home/ec2-user/ndvi_sqs_work/gansu/raw/HLS-VI.S30.T49SBV.2018322T034021.v2.0.NDVI.tif,HLS-VI.S30.T49SBV.2018322T034021.v2.0.NDVI.tif,S30,T49SBV,2018-11-18,2018322,034021
/home/ec2-user/ndvi_sqs_work/gansu/raw/HLS-VI.S30.T47SPD.2018323T040039.v2.0.NDVI.tif,HLS-VI.S30.T47SPD.2018323T040039.v2.0.NDVI.tif,S30,T47SPD,2018-11-19,2018323,040039
/home/ec2-user/ndvi_sqs_work/gansu/raw/HLS-VI.S30.T47SQD.2018323T040039.v2.0.NDVI.tif,HLS-VI.S30.T47SQD.2018323T040039.v2.0.NDVI.tif,S30,T47SQD,2018-11-19,2018323,040039
/home/ec2-user/ndvi_sqs_work/gansu/raw/HLS-VI.S30.T47SQU.2018323T040039.v2.0.NDVI.tif,HLS-VI.S30.T47SQU.2018323T040039.v2.0.NDVI.tif,S30,T47SQU,2018-11-19,2018323,040039
/home/ec2-user/ndvi_sqs_work/gansu/raw/HLS-VI.S30.T48STC.2018323T040039.v2.0.NDVI.tif,HLS-VI.S30.T48STC.2018323T040039.v2.0.NDVI.tif,S30,T48STC,2018-11-19,2018323,040039
/home/ec2-user/ndvi_sqs_work/gansu/raw/HLS-VI.S30.T48STJ.2018323T040039.v2.0.NDVI.tif,HLS-VI.S30.T48STJ.2018323T040039.v2.0.NDVI.tif,S30,T48STJ,2018-11-19,2018323,040039
/home/ec2-user/ndvi_sqs_work/gansu/raw/HLS-VI.S30.T48SUD.2018323T040039.v2.0.NDVI.tif,HLS-VI.S30.T48SUD.2018323T040039.v2.0.NDVI.tif,S30,T48SUD,2018-11-19,2018323,040039
/home/ec2-user/ndvi_sqs_work/gansu/raw/HLS-VI.S30.T48SUE.2018323T040039.v2.0.NDVI.tif,HLS-VI.S30.T48SUE.2018323T040039.v2.0.NDVI.tif,S30,T48SUE,2018-11-19,2018323,040039
/home/ec2-user/ndvi_sqs_work/gansu/raw/HLS-VI.S30.T48SUJ.2018323T040039.v2.0.NDVI.tif,HLS-VI.S30.T48SUJ.2018323T040039.v2.0.NDVI.tif,S30,T48SUJ,2018-11-19,2018323,040039
/home/ec2-user/ndvi_sqs_work/gansu/raw/HLS-VI.S30.T48SVG.2018323T040039.v2.0.NDVI.tif,HLS-VI.S30.T48SVG.2018323T040039.v2.0.NDVI.tif,S30,T48SVG,2018-11-19,2018323,040039
/home/ec2-user/ndvi_sqs_work/gansu/raw/HLS-VI.S30.T48SVH.2018323T040039.v2.0.NDVI.tif,HLS-VI.S30.T48SVH.2018323T040039.v2.0.NDVI.tif,S30,T48SVH,2018-11-19,2018323,040039
/home/ec2-user/ndvi_sqs_work/gansu/raw/HLS-VI.S30.T48SVJ.2018323T040039.v2.0.NDVI.tif,HLS-VI.S30.T48SVJ.2018323T040039.v2.0.NDVI.tif,S30,T48SVJ,2018-11-19,2018323,040039
/home/ec2-user/ndvi_sqs_work/gansu/raw/HLS-VI.S30.T47TLG.2018324T042051.v2.0.NDVI.tif,HLS-VI.S30.T47TLG.2018324T042051.v2.0.NDVI.tif,S30,T47TLG,2018-11-20,2018324,042051
/home/ec2-user/ndvi_sqs_work/gansu/raw/HLS-VI.S30.T47TLH.2018324T042051.v2.0.NDVI.tif,HLS-VI.S30.T47TLH.2018324T042051.v2.0.NDVI.tif,S30,T47TLH,2018-11-20,2018324,042051
/home/ec2-user/ndvi_sqs_work/gansu/raw/HLS-VI.S30.T47SQT.2018325T035041.v2.0.NDVI.tif,HLS-VI.S30.T47SQT.2018325T035041.v2.0.NDVI.tif,S30,T47SQT,2018-11-21,2018325,035041
/home/ec2-user/ndvi_sqs_work/gansu/raw/HLS-VI.S30.T48SUH.2018325T035041.v2.0.NDVI.tif,HLS-VI.S30.T48SUH.2018325T035041.v2.0.NDVI.tif,S30,T48SUH,2018-11-21,2018325,035041
/home/ec2-user/ndvi_sqs_work/gansu/raw/HLS-VI.S30.T48SUJ.2018325T035041.v2.0.NDVI.tif,HLS-VI.S30.T48SUJ.2018325T035041.v2.0.NDVI.tif,S30,T48SUJ,2018-11-21,2018325,035041
/home/ec2-user/ndvi_sqs_work/gansu/raw/HLS-VI.S30.T48SVD.2018325T035041.v2.0.NDVI.tif,HLS-VI.S30.T48SVD.2018325T035041.v2.0.NDVI.tif,S30,T48SVD,2018-11-21,2018325,035041
/home/ec2-user/ndvi_sqs_work/gansu/raw/HLS-VI.S30.T48SVE.2018325T035041.v2.0.NDVI.tif,HLS-VI.S30.T48SVE.2018325T035041.v2.0.NDVI.tif,S30,T48SVE,2018-11-21,2018325,035041
/home/ec2-user/ndvi_sqs_work/gansu/raw/HLS-VI.S30.T48SVF.2018325T035041.v2.0.NDVI.tif,HLS-VI.S30.T48SVF.2018325T035041.v2.0.NDVI.tif,S30,T48SVF,2018-11-21,2018325,035041
/home/ec2-user/ndvi_sqs_work/gansu/raw/HLS-VI.S30.T48SVG.2018325T035041.v2.0.NDVI.tif,HLS-VI.S30.T48SVG.2018325T035041.v2.0.NDVI.tif,S30,T48SVG,2018-11-21,2018325,035041
/home/ec2-user/ndvi_sqs_work/gansu/raw/HLS-VI.S30.T48SVJ.2018325T035041.v2.0.NDVI.tif,HLS-VI.S30.T48SVJ.2018325T035041.v2.0.NDVI.tif,S30,T48SVJ,2018-11-21,2018325,035041
/home/ec2-user/ndvi_sqs_work/gansu/raw/HLS-VI.S30.T48SWB.2018325T035041.v2.0.NDVI.tif,HLS-VI.S30.T48SWB.2018325T035041.v2.0.NDVI.tif,S30,T48SWB,2018-11-21,2018325,035041
/home/ec2-user/ndvi_sqs_work/gansu/raw/HLS-VI.S30.T48SWC.2018325T035041.v2.0.NDVI.tif,HLS-VI.S30.T48SWC.2018325T035041.v2.0.NDVI.tif,S30,T48SWC,2018-11-21,2018325,035041
/home/ec2-user/ndvi_sqs_work/gansu/raw/HLS-VI.S30.T48SWD.2018325T035041.v2.0.NDVI.tif,HLS-VI.S30.T48SWD.2018325T035041.v2.0.NDVI.tif,S30,T48SWD,2018-11-21,2018325,035041
/home/ec2-user/ndvi_sqs_work/gansu/raw/HLS-VI.S30.T48SWE.2018325T035041.v2.0.NDVI.tif,HLS-VI.S30.T48SWE.2018325T035041.v2.0.NDVI.tif,S30,T48SWE,2018-11-21,2018325,035041
/home/ec2-user/ndvi_sqs_work/gansu/raw/HLS-VI.S30.T48SWF.2018325T035041.v2.0.NDVI.tif,HLS-VI.S30.T48SWF.2018325T035041.v2.0.NDVI.tif,S30,T48SWF,2018-11-21,2018325,035041
/home/ec2-user/ndvi_sqs_work/gansu/raw/HLS-VI.S30.T48SWG.2018325T035041.v2.0.NDVI.tif,HLS-VI.S30.T48SWG.2018325T035041.v2.0.NDVI.tif,S30,T48SWG,2018-11-21,2018325,035041
/home/ec2-user/ndvi_sqs_work/gansu/raw/HLS-VI.S30.T47SPD.2018326T041059.v2.0.NDVI.tif,HLS-VI.S30.T47SPD.2018326T041059.v2.0.NDVI.tif,S30,T47SPD,2018-11-22,2018326,041059
/home/ec2-user/ndvi_sqs_work/gansu/raw/HLS-VI.S30.T47SQD.2018326T041059.v2.0.NDVI.tif,HLS-VI.S30.T47SQD.2018326T041059.v2.0.NDVI.tif,S30,T47SQD,2018-11-22,2018326,041059
/home/ec2-user/ndvi_sqs_work/gansu/raw/HLS-VI.S30.T47TME.2018326T041059.v2.0.NDVI.tif,HLS-VI.S30.T47TME.2018326T041059.v2.0.NDVI.tif,S30,T47TME,2018-11-22,2018326,041059
/home/ec2-user/ndvi_sqs_work/gansu/raw/HLS-VI.S30.T47TMF.2018326T041059.v2.0.NDVI.tif,HLS-VI.S30.T47TMF.2018326T041059.v2.0.NDVI.tif,S30,T47TMF,2018-11-22,2018326,041059
/home/ec2-user/ndvi_sqs_work/gansu/raw/HLS-VI.S30.T47TNE.2018326T041059.v2.0.NDVI.tif,HLS-VI.S30.T47TNE.2018326T041059.v2.0.NDVI.tif,S30,T47TNE,2018-11-22,2018326,041059
/home/ec2-user/ndvi_sqs_work/gansu/raw/HLS-VI.S30.T47TPE.2018326T041059.v2.0.NDVI.tif,HLS-VI.S30.T47TPE.2018326T041059.v2.0.NDVI.tif,S30,T47TPE,2018-11-22,2018326,041059
/home/ec2-user/ndvi_sqs_work/gansu/raw/HLS-VI.S30.T47TPF.2018326T041059.v2.0.NDVI.tif,HLS-VI.S30.T47TPF.2018326T041059.v2.0.NDVI.tif,S30,T47TPF,2018-11-22,2018326,041059
/home/ec2-user/ndvi_sqs_work/gansu/raw/HLS-VI.S30.T48STH.2018326T041059.v2.0.NDVI.tif,HLS-VI.S30.T48STH.2018326T041059.v2.0.NDVI.tif,S30,T48STH,2018-11-22,2018326,041059
/home/ec2-user/ndvi_sqs_work/gansu/raw/HLS-VI.S30.T48STJ.2018326T041059.v2.0.NDVI.tif,HLS-VI.S30.T48STJ.2018326T041059.v2.0.NDVI.tif,S30,T48STJ,2018-11-22,2018326,041059
/home/ec2-user/ndvi_sqs_work/gansu/raw/HLS-VI.S30.T48SWF.2018327T034049.v2.0.NDVI.tif,HLS-VI.S30.T48SWF.2018327T034049.v2.0.NDVI.tif,S30,T48SWF,2018-11-23,2018327,034049
/home/ec2-user/ndvi_sqs_work/gansu/raw/HLS-VI.S30.T48SXE.2018327T034049.v2.0.NDVI.tif,HLS-VI.S30.T48SXE.2018327T034049.v2.0.NDVI.tif,S30,T48SXE,2018-11-23,2018327,034049
/home/ec2-user/ndvi_sqs_work/gansu/raw/HLS-VI.S30.T48SXF.2018327T034049.v2.0.NDVI.tif,HLS-VI.S30.T48SXF.2018327T034049.v2.0.NDVI.tif,S30,T48SXF,2018-11-23,2018327,034049
/home/ec2-user/ndvi_sqs_work/gansu/raw/HLS-VI.S30.T48SXG.2018327T034049.v2.0.NDVI.tif,HLS-VI.S30.T48SXG.2018327T034049.v2.0.NDVI.tif,S30,T48SXG,2018-11-23,2018327,034049
/home/ec2-user/ndvi_sqs_work/gansu/raw/HLS-VI.S30.T48SYD.2018327T034049.v2.0.NDVI.tif,HLS-VI.S30.T48SYD.2018327T034049.v2.0.NDVI.tif,S30,T48SYD,2018-11-23,2018327,034049
/home/ec2-user/ndvi_sqs_work/gansu/raw/HLS-VI.S30.T48SYE.2018327T034049.v2.0.NDVI.tif,HLS-VI.S30.T48SYE.2018327T034049.v2.0.NDVI.tif,S30,T48SYE,2018-11-23,2018327,034049
/home/ec2-user/ndvi_sqs_work/gansu/raw/HLS-VI.S30.T48SYF.2018327T034049.v2.0.NDVI.tif,HLS-VI.S30.T48SYF.2018327T034049.v2.0.NDVI.tif,S30,T48SYF,2018-11-23,2018327,034049
/home/ec2-user/ndvi_sqs_work/gansu/raw/HLS-VI.S30.T48SYG.2018327T034049.v2.0.NDVI.tif,HLS-VI.S30.T48SYG.2018327T034049.v2.0.NDVI.tif,S30,T48SYG,2018-11-23,2018327,034049
/home/ec2-user/ndvi_sqs_work/gansu/raw/HLS-VI.S30.T49SBA.2018327T034049.v2.0.NDVI.tif,HLS-VI.S30.T49SBA.2018327T034049.v2.0.NDVI.tif,S30,T49SBA,2018-11-23,2018327,034049
/home/ec2-user/ndvi_sqs_work/gansu/raw/HLS-VI.S30.T49SBB.2018327T034049.v2.0.NDVI.tif,HLS-VI.S30.T49SBB.2018327T034049.v2.0.NDVI.tif,S30,T49SBB,2018-11-23,2018327,034049
/home/ec2-user/ndvi_sqs_work/gansu/raw/HLS-VI.S30.T49SBU.2018327T034049.v2.0.NDVI.tif,HLS-VI.S30.T49SBU.2018327T034049.v2.0.NDVI.tif,S30,T49SBU,2018-11-23,2018327,034049
/home/ec2-user/ndvi_sqs_work/gansu/raw/HLS-VI.S30.T49SBV.2018327T034049.v2.0.NDVI.tif,HLS-VI.S30.T49SBV.2018327T034049.v2.0.NDVI.tif,S30,T49SBV,2018-11-23,2018327,034049
/home/ec2-user/ndvi_sqs_work/gansu/raw/HLS-VI.S30.T47SPC.2018328T040051.v2.0.NDVI.tif,HLS-VI.S30.T47SPC.2018328T040051.v2.0.NDVI.tif,S30,T47SPC,2018-11-24,2018328,040051
/home/ec2-user/ndvi_sqs_work/gansu/raw/HLS-VI.S30.T47SPD.2018328T040051.v2.0.NDVI.tif,HLS-VI.S30.T47SPD.2018328T040051.v2.0.NDVI.tif,S30,T47SPD,2018-11-24,2018328,040051
/home/ec2-user/ndvi_sqs_work/gansu/raw/HLS-VI.S30.T47SQC.2018328T040051.v2.0.NDVI.tif,HLS-VI.S30.T47SQC.2018328T040051.v2.0.NDVI.tif,S30,T47SQC,2018-11-24,2018328,040051
/home/ec2-user/ndvi_sqs_work/gansu/raw/HLS-VI.S30.T47SQD.2018328T040051.v2.0.NDVI.tif,HLS-VI.S30.T47SQD.2018328T040051.v2.0.NDVI.tif,S30,T47SQD,2018-11-24,2018328,040051
/home/ec2-user/ndvi_sqs_work/gansu/raw/HLS-VI.S30.T48STF.2018328T040051.v2.0.NDVI.tif,HLS-VI.S30.T48STF.2018328T040051.v2.0.NDVI.tif,S30,T48STF,2018-11-24,2018328,040051
/home/ec2-user/ndvi_sqs_work/gansu/raw/HLS-VI.S30.T48STG.2018328T040051.v2.0.NDVI.tif,HLS-VI.S30.T48STG.2018328T040051.v2.0.NDVI.tif,S30,T48STG,2018-11-24,2018328,040051
/home/ec2-user/ndvi_sqs_work/gansu/raw/HLS-VI.S30.T48STH.2018328T040051.v2.0.NDVI.tif,HLS-VI.S30.T48STH.2018328T040051.v2.0.NDVI.tif,S30,T48STH,2018-11-24,2018328,040051
/home/ec2-user/ndvi_sqs_work/gansu/raw/HLS-VI.S30.T48STJ.2018328T040051.v2.0.NDVI.tif,HLS-VI.S30.T48STJ.2018328T040051.v2.0.NDVI.tif,S30,T48STJ,2018-11-24,2018328,040051
/home/ec2-user/ndvi_sqs_work/gansu/raw/HLS-VI.S30.T48SUG.2018328T040051.v2.0.NDVI.tif,HLS-VI.S30.T48SUG.2018328T040051.v2.0.NDVI.tif,S30,T48SUG,2018-11-24,2018328,040051
/home/ec2-user/ndvi_sqs_work/gansu/raw/HLS-VI.S30.T48SUH.2018328T040051.v2.0.NDVI.tif,HLS-VI.S30.T48SUH.2018328T040051.v2.0.NDVI.tif,S30,T48SUH,2018-11-24,2018328,040051
/home/ec2-user/ndvi_sqs_work/gansu/raw/HLS-VI.S30.T48SUJ.2018328T040051.v2.0.NDVI.tif,HLS-VI.S30.T48SUJ.2018328T040051.v2.0.NDVI.tif,S30,T48SUJ,2018-11-24,2018328,040051
/home/ec2-user/ndvi_sqs_work/gansu/raw/HLS-VI.S30.T48SVG.2018328T040051.v2.0.NDVI.tif,HLS-VI.S30.T48SVG.2018328T040051.v2.0.NDVI.tif,S30,T48SVG,2018-11-24,2018328,040051
/home/ec2-user/ndvi_sqs_work/gansu/raw/HLS-VI.S30.T48SVJ.2018328T040051.v2.0.NDVI.tif,HLS-VI.S30.T48SVJ.2018328T040051.v2.0.NDVI.tif,S30,T48SVJ,2018-11-24,2018328,040051
/home/ec2-user/ndvi_sqs_work/gansu/raw/HLS-VI.S30.T48SYD.2018329T033051.v2.0.NDVI.tif,HLS-VI.S30.T48SYD.2018329T033051.v2.0.NDVI.tif,S30,T48SYD,2018-11-25,2018329,033051
/home/ec2-user/ndvi_sqs_work/gansu/raw/HLS-VI.S30.T48SYE.2018329T033051.v2.0.NDVI.tif,HLS-VI.S30.T48SYE.2018329T033051.v2.0.NDVI.tif,S30,T48SYE,2018-11-25,2018329,033051
/home/ec2-user/ndvi_sqs_work/gansu/raw/HLS-VI.S30.T48SYF.2018329T033051.v2.0.NDVI.tif,HLS-VI.S30.T48SYF.2018329T033051.v2.0.NDVI.tif,S30,T48SYF,2018-11-25,2018329,033051
/home/ec2-user/ndvi_sqs_work/gansu/raw/HLS-VI.S30.T49SBA.2018329T033051.v2.0.NDVI.tif,HLS-VI.S30.T49SBA.2018329T033051.v2.0.NDVI.tif,S30,T49SBA,2018-11-25,2018329,033051
/home/ec2-user/ndvi_sqs_work/gansu/raw/HLS-VI.S30.T49SBU.2018329T033051.v2.0.NDVI.tif,HLS-VI.S30.T49SBU.2018329T033051.v2.0.NDVI.tif,S30,T49SBU,2018-11-25,2018329,033051
/home/ec2-user/ndvi_sqs_work/gansu/raw/HLS-VI.S30.T49SBV.2018329T033051.v2.0.NDVI.tif,HLS-VI.S30.T49SBV.2018329T033051.v2.0.NDVI.tif,S30,T49SBV,2018-11-25,2018329,033051
/home/ec2-user/ndvi_sqs_work/gansu/raw/HLS-VI.S30.T46SFH.2018330T044121.v2.0.NDVI.tif,HLS-VI.S30.T46SFH.2018330T044121.v2.0.NDVI.tif,S30,T46SFH,2018-11-26,2018330,044121
/home/ec2-user/ndvi_sqs_work/gansu/raw/HLS-VI.S30.T46SFJ.2018330T044121.v2.0.NDVI.tif,HLS-VI.S30.T46SFJ.2018330T044121.v2.0.NDVI.tif,S30,T46SFJ,2018-11-26,2018330,044121
/home/ec2-user/ndvi_sqs_work/gansu/raw/HLS-VI.S30.T46TDK.2018330T044121.v2.0.NDVI.tif,HLS-VI.S30.T46TDK.2018330T044121.v2.0.NDVI.tif,S30,T46TDK,2018-11-26,2018330,044121
/home/ec2-user/ndvi_sqs_work/gansu/raw/HLS-VI.S30.T46TEK.2018330T044121.v2.0.NDVI.tif,HLS-VI.S30.T46TEK.2018330T044121.v2.0.NDVI.tif,S30,T46TEK,2018-11-26,2018330,044121
/home/ec2-user/ndvi_sqs_work/gansu/raw/HLS-VI.S30.T46TEL.2018330T044121.v2.0.NDVI.tif,HLS-VI.S30.T46TEL.2018330T044121.v2.0.NDVI.tif,S30,T46TEL,2018-11-26,2018330,044121
/home/ec2-user/ndvi_sqs_work/gansu/raw/HLS-VI.S30.T46TFK.2018330T044121.v2.0.NDVI.tif,HLS-VI.S30.T46TFK.2018330T044121.v2.0.NDVI.tif,S30,T46TFK,2018-11-26,2018330,044121
/home/ec2-user/ndvi_sqs_work/gansu/raw/HLS-VI.S30.T46TFL.2018330T044121.v2.0.NDVI.tif,HLS-VI.S30.T46TFL.2018330T044121.v2.0.NDVI.tif,S30,T46TFL,2018-11-26,2018330,044121
/home/ec2-user/ndvi_sqs_work/gansu/raw/HLS-VI.S30.T46TFM.2018330T044121.v2.0.NDVI.tif,HLS-VI.S30.T46TFM.2018330T044121.v2.0.NDVI.tif,S30,T46TFM,2018-11-26,2018330,044121
/home/ec2-user/ndvi_sqs_work/gansu/raw/HLS-VI.S30.T48SUJ.2018330T035059.v2.0.NDVI.tif,HLS-VI.S30.T48SUJ.2018330T035059.v2.0.NDVI.tif,S30,T48SUJ,2018-11-26,2018330,035059
/home/ec2-user/ndvi_sqs_work/gansu/raw/HLS-VI.S30.T48SVJ.2018330T035059.v2.0.NDVI.tif,HLS-VI.S30.T48SVJ.2018330T035059.v2.0.NDVI.tif,S30,T48SVJ,2018-11-26,2018330,035059
/home/ec2-user/ndvi_sqs_work/gansu/raw/HLS-VI.S30.T48SWB.2018330T035059.v2.0.NDVI.tif,HLS-VI.S30.T48SWB.2018330T035059.v2.0.NDVI.tif,S30,T48SWB,2018-11-26,2018330,035059
/home/ec2-user/ndvi_sqs_work/gansu/raw/HLS-VI.S30.T47SND.2018331T041111.v2.0.NDVI.tif,HLS-VI.S30.T47SND.2018331T041111.v2.0.NDVI.tif,S30,T47SND,2018-11-27,2018331,041111
/home/ec2-user/ndvi_sqs_work/gansu/raw/HLS-VI.S30.T47SPD.2018331T041111.v2.0.NDVI.tif,HLS-VI.S30.T47SPD.2018331T041111.v2.0.NDVI.tif,S30,T47SPD,2018-11-27,2018331,041111
/home/ec2-user/ndvi_sqs_work/gansu/raw/HLS-VI.S30.T47SQC.2018331T041111.v2.0.NDVI.tif,HLS-VI.S30.T47SQC.2018331T041111.v2.0.NDVI.tif,S30,T47SQC,2018-11-27,2018331,041111
/home/ec2-user/ndvi_sqs_work/gansu/raw/HLS-VI.S30.T47SQD.2018331T041111.v2.0.NDVI.tif,HLS-VI.S30.T47SQD.2018331T041111.v2.0.NDVI.tif,S30,T47SQD,2018-11-27,2018331,041111
/home/ec2-user/ndvi_sqs_work/gansu/raw/HLS-VI.S30.T47TNF.2018331T041111.v2.0.NDVI.tif,HLS-VI.S30.T47TNF.2018331T041111.v2.0.NDVI.tif,S30,T47TNF,2018-11-27,2018331,041111
/home/ec2-user/ndvi_sqs_work/gansu/raw/HLS-VI.S30.T47TPE.2018331T041111.v2.0.NDVI.tif,HLS-VI.S30.T47TPE.2018331T041111.v2.0.NDVI.tif,S30,T47TPE,2018-11-27,2018331,041111
/home/ec2-user/ndvi_sqs_work/gansu/raw/HLS-VI.S30.T47TPF.2018331T041111.v2.0.NDVI.tif,HLS-VI.S30.T47TPF.2018331T041111.v2.0.NDVI.tif,S30,T47TPF,2018-11-27,2018331,041111
/home/ec2-user/ndvi_sqs_work/gansu/raw/HLS-VI.S30.T48STH.2018331T041111.v2.0.NDVI.tif,HLS-VI.S30.T48STH.2018331T041111.v2.0.NDVI.tif,S30,T48STH,2018-11-27,2018331,041111
/home/ec2-user/ndvi_sqs_work/gansu/raw/HLS-VI.S30.T48STJ.2018331T041111.v2.0.NDVI.tif,HLS-VI.S30.T48STJ.2018331T041111.v2.0.NDVI.tif,S30,T48STJ,2018-11-27,2018331,041111
/home/ec2-user/ndvi_sqs_work/gansu/raw/HLS-VI.S30.T48SWF.2018332T034101.v2.0.NDVI.tif,HLS-VI.S30.T48SWF.2018332T034101.v2.0.NDVI.tif,S30,T48SWF,2018-11-28,2018332,034101
/home/ec2-user/ndvi_sqs_work/gansu/raw/HLS-VI.S30.T48SYD.2018332T034101.v2.0.NDVI.tif,HLS-VI.S30.T48SYD.2018332T034101.v2.0.NDVI.tif,S30,T48SYD,2018-11-28,2018332,034101
/home/ec2-user/ndvi_sqs_work/gansu/raw/HLS-VI.S30.T49SBU.2018332T034101.v2.0.NDVI.tif,HLS-VI.S30.T49SBU.2018332T034101.v2.0.NDVI.tif,S30,T49SBU,2018-11-28,2018332,034101
/home/ec2-user/ndvi_sqs_work/gansu/raw/HLS-VI.S30.T47SPD.2018333T040119.v2.0.NDVI.tif,HLS-VI.S30.T47SPD.2018333T040119.v2.0.NDVI.tif,S30,T47SPD,2018-11-29,2018333,040119
/home/ec2-user/ndvi_sqs_work/gansu/raw/HLS-VI.S30.T47SQC.2018333T040119.v2.0.NDVI.tif,HLS-VI.S30.T47SQC.2018333T040119.v2.0.NDVI.tif,S30,T47SQC,2018-11-29,2018333,040119
/home/ec2-user/ndvi_sqs_work/gansu/raw/HLS-VI.S30.T47SQD.2018333T040119.v2.0.NDVI.tif,HLS-VI.S30.T47SQD.2018333T040119.v2.0.NDVI.tif,S30,T47SQD,2018-11-29,2018333,040119
/home/ec2-user/ndvi_sqs_work/gansu/raw/HLS-VI.S30.T48STH.2018333T040119.v2.0.NDVI.tif,HLS-VI.S30.T48STH.2018333T040119.v2.0.NDVI.tif,S30,T48STH,2018-11-29,2018333,040119
/home/ec2-user/ndvi_sqs_work/gansu/raw/HLS-VI.S30.T48STJ.2018333T040119.v2.0.NDVI.tif,HLS-VI.S30.T48STJ.2018333T040119.v2.0.NDVI.tif,S30,T48STJ,2018-11-29,2018333,040119
/home/ec2-user/ndvi_sqs_work/gansu/raw/HLS-VI.S30.T48SUG.2018333T040119.v2.0.NDVI.tif,HLS-VI.S30.T48SUG.2018333T040119.v2.0.NDVI.tif,S30,T48SUG,2018-11-29,2018333,040119
/home/ec2-user/ndvi_sqs_work/gansu/raw/HLS-VI.S30.T48SUH.2018333T040119.v2.0.NDVI.tif,HLS-VI.S30.T48SUH.2018333T040119.v2.0.NDVI.tif,S30,T48SUH,2018-11-29,2018333,040119
/home/ec2-user/ndvi_sqs_work/gansu/raw/HLS-VI.S30.T48SUJ.2018333T040119.v2.0.NDVI.tif,HLS-VI.S30.T48SUJ.2018333T040119.v2.0.NDVI.tif,S30,T48SUJ,2018-11-29,2018333,040119
/home/ec2-user/ndvi_sqs_work/gansu/raw/HLS-VI.S30.T48SVG.2018333T040119.v2.0.NDVI.tif,HLS-VI.S30.T48SVG.2018333T040119.v2.0.NDVI.tif,S30,T48SVG,2018-11-29,2018333,040119
/home/ec2-user/ndvi_sqs_work/gansu/raw/HLS-VI.S30.T48SVH.2018333T040119.v2.0.NDVI.tif,HLS-VI.S30.T48SVH.2018333T040119.v2.0.NDVI.tif,S30,T48SVH,2018-11-29,2018333,040119
/home/ec2-user/ndvi_sqs_work/gansu/raw/HLS-VI.S30.T48SVJ.2018333T040119.v2.0.NDVI.tif,HLS-VI.S30.T48SVJ.2018333T040119.v2.0.NDVI.tif,S30,T48SVJ,2018-11-29,2018333,040119
/home/ec2-user/ndvi_sqs_work/gansu/raw/HLS-VI.S30.T46TGL.2018334T042121.v2.0.NDVI.tif,HLS-VI.S30.T46TGL.2018334T042121.v2.0.NDVI.tif,S30,T46TGL,2018-11-30,2018334,042121
/home/ec2-user/ndvi_sqs_work/gansu/raw/HLS-VI.S30.T47TKF.2018334T042121.v2.0.NDVI.tif,HLS-VI.S30.T47TKF.2018334T042121.v2.0.NDVI.tif,S30,T47TKF,2018-11-30,2018334,042121
/home/ec2-user/ndvi_sqs_work/gansu/raw/HLS-VI.S30.T47TLF.2018334T042121.v2.0.NDVI.tif,HLS-VI.S30.T47TLF.2018334T042121.v2.0.NDVI.tif,S30,T47TLF,2018-11-30,2018334,042121
/home/ec2-user/ndvi_sqs_work/gansu/raw/HLS-VI.S30.T47TLG.2018334T042121.v2.0.NDVI.tif,HLS-VI.S30.T47TLG.2018334T042121.v2.0.NDVI.tif,S30,T47TLG,2018-11-30,2018334,042121
/home/ec2-user/ndvi_sqs_work/gansu/raw/HLS-VI.S30.T47TLH.2018334T042121.v2.0.NDVI.tif,HLS-VI.S30.T47TLH.2018334T042121.v2.0.NDVI.tif,S30,T47TLH,2018-11-30,2018334,042121
/home/ec2-user/ndvi_sqs_work/gansu/raw/HLS-VI.S30.T46SFH.2018335T044139.v2.0.NDVI.tif,HLS-VI.S30.T46SFH.2018335T044139.v2.0.NDVI.tif,S30,T46SFH,2018-12-01,2018335,044139
/home/ec2-user/ndvi_sqs_work/gansu/raw/HLS-VI.S30.T46TFL.2018335T044139.v2.0.NDVI.tif,HLS-VI.S30.T46TFL.2018335T044139.v2.0.NDVI.tif,S30,T46TFL,2018-12-01,2018335,044139
/home/ec2-user/ndvi_sqs_work/gansu/raw/HLS-VI.S30.T48STE.2018335T035111.v2.0.NDVI.tif,HLS-VI.S30.T48STE.2018335T035111.v2.0.NDVI.tif,S30,T48STE,2018-12-01,2018335,035111
/home/ec2-user/ndvi_sqs_work/gansu/raw/HLS-VI.S30.T48STF.2018335T035111.v2.0.NDVI.tif,HLS-VI.S30.T48STF.2018335T035111.v2.0.NDVI.tif,S30,T48STF,2018-12-01,2018335,035111
/home/ec2-user/ndvi_sqs_work/gansu/raw/HLS-VI.S30.T48SUE.2018335T035111.v2.0.NDVI.tif,HLS-VI.S30.T48SUE.2018335T035111.v2.0.NDVI.tif,S30,T48SUE,2018-12-01,2018335,035111
/home/ec2-user/ndvi_sqs_work/gansu/raw/HLS-VI.S30.T48SUF.2018335T035111.v2.0.NDVI.tif,HLS-VI.S30.T48SUF.2018335T035111.v2.0.NDVI.tif,S30,T48SUF,2018-12-01,2018335,035111
/home/ec2-user/ndvi_sqs_work/gansu/raw/HLS-VI.S30.T48SUG.2018335T035111.v2.0.NDVI.tif,HLS-VI.S30.T48SUG.2018335T035111.v2.0.NDVI.tif,S30,T48SUG,2018-12-01,2018335,035111
/home/ec2-user/ndvi_sqs_work/gansu/raw/HLS-VI.S30.T48SUH.2018335T035111.v2.0.NDVI.tif,HLS-VI.S30.T48SUH.2018335T035111.v2.0.NDVI.tif,S30,T48SUH,2018-12-01,2018335,035111
/home/ec2-user/ndvi_sqs_work/gansu/raw/HLS-VI.S30.T48SUJ.2018335T035111.v2.0.NDVI.tif,HLS-VI.S30.T48SUJ.2018335T035111.v2.0.NDVI.tif,S30,T48SUJ,2018-12-01,2018335,035111
/home/ec2-user/ndvi_sqs_work/gansu/raw/HLS-VI.S30.T48SVF.2018335T035111.v2.0.NDVI.tif,HLS-VI.S30.T48SVF.2018335T035111.v2.0.NDVI.tif,S30,T48SVF,2018-12-01,2018335,035111
/home/ec2-user/ndvi_sqs_work/gansu/raw/HLS-VI.S30.T48SVG.2018335T035111.v2.0.NDVI.tif,HLS-VI.S30.T48SVG.2018335T035111.v2.0.NDVI.tif,S30,T48SVG,2018-12-01,2018335,035111
/home/ec2-user/ndvi_sqs_work/gansu/raw/HLS-VI.S30.T48SVH.2018335T035111.v2.0.NDVI.tif,HLS-VI.S30.T48SVH.2018335T035111.v2.0.NDVI.tif,S30,T48SVH,2018-12-01,2018335,035111
/home/ec2-user/ndvi_sqs_work/gansu/raw/HLS-VI.S30.T48SVJ.2018335T035111.v2.0.NDVI.tif,HLS-VI.S30.T48SVJ.2018335T035111.v2.0.NDVI.tif,S30,T48SVJ,2018-12-01,2018335,035111
/home/ec2-user/ndvi_sqs_work/gansu/raw/HLS-VI.S30.T48SWG.2018335T035111.v2.0.NDVI.tif,HLS-VI.S30.T48SWG.2018335T035111.v2.0.NDVI.tif,S30,T48SWG,2018-12-01,2018335,035111
/home/ec2-user/ndvi_sqs_work/gansu/raw/HLS-VI.S30.T48STF.2018338T040121.v2.0.NDVI.tif,HLS-VI.S30.T48STF.2018338T040121.v2.0.NDVI.tif,S30,T48STF,2018-12-04,2018338,040121
/home/ec2-user/ndvi_sqs_work/gansu/raw/HLS-VI.S30.T48SUH.2018338T040121.v2.0.NDVI.tif,HLS-VI.S30.T48SUH.2018338T040121.v2.0.NDVI.tif,S30,T48SUH,2018-12-04,2018338,040121
/home/ec2-user/ndvi_sqs_work/gansu/raw/HLS-VI.S30.T48SUJ.2018338T040121.v2.0.NDVI.tif,HLS-VI.S30.T48SUJ.2018338T040121.v2.0.NDVI.tif,S30,T48SUJ,2018-12-04,2018338,040121
/home/ec2-user/ndvi_sqs_work/gansu/raw/HLS-VI.S30.T48SVH.2018338T040121.v2.0.NDVI.tif,HLS-VI.S30.T48SVH.2018338T040121.v2.0.NDVI.tif,S30,T48SVH,2018-12-04,2018338,040121
/home/ec2-user/ndvi_sqs_work/gansu/raw/HLS-VI.S30.T48SVJ.2018338T040121.v2.0.NDVI.tif,HLS-VI.S30.T48SVJ.2018338T040121.v2.0.NDVI.tif,S30,T48SVJ,2018-12-04,2018338,040121
/home/ec2-user/ndvi_sqs_work/gansu/raw/HLS-VI.S30.T48SUH.2018340T035129.v2.0.NDVI.tif,HLS-VI.S30.T48SUH.2018340T035129.v2.0.NDVI.tif,S30,T48SUH,2018-12-06,2018340,035129
/home/ec2-user/ndvi_sqs_work/gansu/raw/HLS-VI.S30.T48SUJ.2018340T035129.v2.0.NDVI.tif,HLS-VI.S30.T48SUJ.2018340T035129.v2.0.NDVI.tif,S30,T48SUJ,2018-12-06,2018340,035129
/home/ec2-user/ndvi_sqs_work/gansu/raw/HLS-VI.S30.T48SVH.2018340T035129.v2.0.NDVI.tif,HLS-VI.S30.T48SVH.2018340T035129.v2.0.NDVI.tif,S30,T48SVH,2018-12-06,2018340,035129
/home/ec2-user/ndvi_sqs_work/gansu/raw/HLS-VI.S30.T48SWG.2018340T035129.v2.0.NDVI.tif,HLS-VI.S30.T48SWG.2018340T035129.v2.0.NDVI.tif,S30,T48SWG,2018-12-06,2018340,035129
/home/ec2-user/ndvi_sqs_work/gansu/raw/HLS-VI.S30.T47TNE.2018341T041131.v2.0.NDVI.tif,HLS-VI.S30.T47TNE.2018341T041131.v2.0.NDVI.tif,S30,T47TNE,2018-12-07,2018341,041131
/home/ec2-user/ndvi_sqs_work/gansu/raw/HLS-VI.S30.T47TPE.2018341T041131.v2.0.NDVI.tif,HLS-VI.S30.T47TPE.2018341T041131.v2.0.NDVI.tif,S30,T47TPE,2018-12-07,2018341,041131
/home/ec2-user/ndvi_sqs_work/gansu/raw/HLS-VI.S30.T46TEK.2018342T043149.v2.0.NDVI.tif,HLS-VI.S30.T46TEK.2018342T043149.v2.0.NDVI.tif,S30,T46TEK,2018-12-08,2018342,043149
/home/ec2-user/ndvi_sqs_work/gansu/raw/HLS-VI.S30.T46TFL.2018342T043149.v2.0.NDVI.tif,HLS-VI.S30.T46TFL.2018342T043149.v2.0.NDVI.tif,S30,T46TFL,2018-12-08,2018342,043149
/home/ec2-user/ndvi_sqs_work/gansu/raw/HLS-VI.S30.T46TFM.2018342T043149.v2.0.NDVI.tif,HLS-VI.S30.T46TFM.2018342T043149.v2.0.NDVI.tif,S30,T46TFM,2018-12-08,2018342,043149
/home/ec2-user/ndvi_sqs_work/gansu/raw/HLS-VI.S30.T46TGM.2018342T043149.v2.0.NDVI.tif,HLS-VI.S30.T46TGM.2018342T043149.v2.0.NDVI.tif,S30,T46TGM,2018-12-08,2018342,043149
/home/ec2-user/ndvi_sqs_work/gansu/raw/HLS-VI.S30.T47TKG.2018342T043149.v2.0.NDVI.tif,HLS-VI.S30.T47TKG.2018342T043149.v2.0.NDVI.tif,S30,T47TKG,2018-12-08,2018342,043149
/home/ec2-user/ndvi_sqs_work/gansu/raw/HLS-VI.S30.T47TLH.2018342T043149.v2.0.NDVI.tif,HLS-VI.S30.T47TLH.2018342T043149.v2.0.NDVI.tif,S30,T47TLH,2018-12-08,2018342,043149
/home/ec2-user/ndvi_sqs_work/gansu/raw/HLS-VI.S30.T48STC.2018343T040139.v2.0.NDVI.tif,HLS-VI.S30.T48STC.2018343T040139.v2.0.NDVI.tif,S30,T48STC,2018-12-09,2018343,040139
/home/ec2-user/ndvi_sqs_work/gansu/raw/HLS-VI.S30.T48STF.2018343T040139.v2.0.NDVI.tif,HLS-VI.S30.T48STF.2018343T040139.v2.0.NDVI.tif,S30,T48STF,2018-12-09,2018343,040139
/home/ec2-user/ndvi_sqs_work/gansu/raw/HLS-VI.S30.T48STJ.2018343T040139.v2.0.NDVI.tif,HLS-VI.S30.T48STJ.2018343T040139.v2.0.NDVI.tif,S30,T48STJ,2018-12-09,2018343,040139
/home/ec2-user/ndvi_sqs_work/gansu/raw/HLS-VI.S30.T48SUD.2018343T040139.v2.0.NDVI.tif,HLS-VI.S30.T48SUD.2018343T040139.v2.0.NDVI.tif,S30,T48SUD,2018-12-09,2018343,040139
/home/ec2-user/ndvi_sqs_work/gansu/raw/HLS-VI.S30.T48SUH.2018343T040139.v2.0.NDVI.tif,HLS-VI.S30.T48SUH.2018343T040139.v2.0.NDVI.tif,S30,T48SUH,2018-12-09,2018343,040139
/home/ec2-user/ndvi_sqs_work/gansu/raw/HLS-VI.S30.T48SUJ.2018343T040139.v2.0.NDVI.tif,HLS-VI.S30.T48SUJ.2018343T040139.v2.0.NDVI.tif,S30,T48SUJ,2018-12-09,2018343,040139
/home/ec2-user/ndvi_sqs_work/gansu/raw/HLS-VI.S30.T48SVG.2018343T040139.v2.0.NDVI.tif,HLS-VI.S30.T48SVG.2018343T040139.v2.0.NDVI.tif,S30,T48SVG,2018-12-09,2018343,040139
/home/ec2-user/ndvi_sqs_work/gansu/raw/HLS-VI.S30.T48SVH.2018343T040139.v2.0.NDVI.tif,HLS-VI.S30.T48SVH.2018343T040139.v2.0.NDVI.tif,S30,T48SVH,2018-12-09,2018343,040139
/home/ec2-user/ndvi_sqs_work/gansu/raw/HLS-VI.S30.T48SVJ.2018343T040139.v2.0.NDVI.tif,HLS-VI.S30.T48SVJ.2018343T040139.v2.0.NDVI.tif,S30,T48SVJ,2018-12-09,2018343,040139
/home/ec2-user/ndvi_sqs_work/gansu/raw/HLS-VI.S30.T47TLH.2018344T042141.v2.0.NDVI.tif,HLS-VI.S30.T47TLH.2018344T042141.v2.0.NDVI.tif,S30,T47TLH,2018-12-10,2018344,042141
/home/ec2-user/ndvi_sqs_work/gansu/raw/HLS-VI.S30.T47TNE.2018344T042141.v2.0.NDVI.tif,HLS-VI.S30.T47TNE.2018344T042141.v2.0.NDVI.tif,S30,T47TNE,2018-12-10,2018344,042141
/home/ec2-user/ndvi_sqs_work/gansu/raw/HLS-VI.S30.T46SFH.2018345T044159.v2.0.NDVI.tif,HLS-VI.S30.T46SFH.2018345T044159.v2.0.NDVI.tif,S30,T46SFH,2018-12-11,2018345,044159
/home/ec2-user/ndvi_sqs_work/gansu/raw/HLS-VI.S30.T46SFJ.2018345T044159.v2.0.NDVI.tif,HLS-VI.S30.T46SFJ.2018345T044159.v2.0.NDVI.tif,S30,T46SFJ,2018-12-11,2018345,044159
/home/ec2-user/ndvi_sqs_work/gansu/raw/HLS-VI.S30.T46TDK.2018345T044159.v2.0.NDVI.tif,HLS-VI.S30.T46TDK.2018345T044159.v2.0.NDVI.tif,S30,T46TDK,2018-12-11,2018345,044159
/home/ec2-user/ndvi_sqs_work/gansu/raw/HLS-VI.S30.T46TEK.2018345T044159.v2.0.NDVI.tif,HLS-VI.S30.T46TEK.2018345T044159.v2.0.NDVI.tif,S30,T46TEK,2018-12-11,2018345,044159
/home/ec2-user/ndvi_sqs_work/gansu/raw/HLS-VI.S30.T46TFK.2018345T044159.v2.0.NDVI.tif,HLS-VI.S30.T46TFK.2018345T044159.v2.0.NDVI.tif,S30,T46TFK,2018-12-11,2018345,044159
/home/ec2-user/ndvi_sqs_work/gansu/raw/HLS-VI.S30.T48SUH.2018345T035131.v2.0.NDVI.tif,HLS-VI.S30.T48SUH.2018345T035131.v2.0.NDVI.tif,S30,T48SUH,2018-12-11,2018345,035131
/home/ec2-user/ndvi_sqs_work/gansu/raw/HLS-VI.S30.T48SUJ.2018345T035131.v2.0.NDVI.tif,HLS-VI.S30.T48SUJ.2018345T035131.v2.0.NDVI.tif,S30,T48SUJ,2018-12-11,2018345,035131
/home/ec2-user/ndvi_sqs_work/gansu/raw/HLS-VI.S30.T48SVG.2018345T035131.v2.0.NDVI.tif,HLS-VI.S30.T48SVG.2018345T035131.v2.0.NDVI.tif,S30,T48SVG,2018-12-11,2018345,035131
/home/ec2-user/ndvi_sqs_work/gansu/raw/HLS-VI.S30.T48SVH.2018345T035131.v2.0.NDVI.tif,HLS-VI.S30.T48SVH.2018345T035131.v2.0.NDVI.tif,S30,T48SVH,2018-12-11,2018345,035131
/home/ec2-user/ndvi_sqs_work/gansu/raw/HLS-VI.S30.T48SVJ.2018345T035131.v2.0.NDVI.tif,HLS-VI.S30.T48SVJ.2018345T035131.v2.0.NDVI.tif,S30,T48SVJ,2018-12-11,2018345,035131
/home/ec2-user/ndvi_sqs_work/gansu/raw/HLS-VI.S30.T48SWB.2018345T035131.v2.0.NDVI.tif,HLS-VI.S30.T48SWB.2018345T035131.v2.0.NDVI.tif,S30,T48SWB,2018-12-11,2018345,035131
/home/ec2-user/ndvi_sqs_work/gansu/raw/HLS-VI.S30.T48SWF.2018345T035131.v2.0.NDVI.tif,HLS-VI.S30.T48SWF.2018345T035131.v2.0.NDVI.tif,S30,T48SWF,2018-12-11,2018345,035131
/home/ec2-user/ndvi_sqs_work/gansu/raw/HLS-VI.S30.T48SWG.2018345T035131.v2.0.NDVI.tif,HLS-VI.S30.T48SWG.2018345T035131.v2.0.NDVI.tif,S30,T48SWG,2018-12-11,2018345,035131
/home/ec2-user/ndvi_sqs_work/gansu/raw/HLS-VI.S30.T47SQD.2018346T041139.v2.0.NDVI.tif,HLS-VI.S30.T47SQD.2018346T041139.v2.0.NDVI.tif,S30,T47SQD,2018-12-12,2018346,041139
/home/ec2-user/ndvi_sqs_work/gansu/raw/HLS-VI.S30.T47TME.2018346T041139.v2.0.NDVI.tif,HLS-VI.S30.T47TME.2018346T041139.v2.0.NDVI.tif,S30,T47TME,2018-12-12,2018346,041139
/home/ec2-user/ndvi_sqs_work/gansu/raw/HLS-VI.S30.T47TNE.2018346T041139.v2.0.NDVI.tif,HLS-VI.S30.T47TNE.2018346T041139.v2.0.NDVI.tif,S30,T47TNE,2018-12-12,2018346,041139
/home/ec2-user/ndvi_sqs_work/gansu/raw/HLS-VI.S30.T47TPE.2018346T041139.v2.0.NDVI.tif,HLS-VI.S30.T47TPE.2018346T041139.v2.0.NDVI.tif,S30,T47TPE,2018-12-12,2018346,041139
/home/ec2-user/ndvi_sqs_work/gansu/raw/HLS-VI.S30.T48STH.2018346T041139.v2.0.NDVI.tif,HLS-VI.S30.T48STH.2018346T041139.v2.0.NDVI.tif,S30,T48STH,2018-12-12,2018346,041139
/home/ec2-user/ndvi_sqs_work/gansu/raw/HLS-VI.S30.T48STJ.2018346T041139.v2.0.NDVI.tif,HLS-VI.S30.T48STJ.2018346T041139.v2.0.NDVI.tif,S30,T48STJ,2018-12-12,2018346,041139
/home/ec2-user/ndvi_sqs_work/gansu/raw/HLS-VI.S30.T46TEK.2018347T043151.v2.0.NDVI.tif,HLS-VI.S30.T46TEK.2018347T043151.v2.0.NDVI.tif,S30,T46TEK,2018-12-13,2018347,043151
/home/ec2-user/ndvi_sqs_work/gansu/raw/HLS-VI.S30.T46TEL.2018347T043151.v2.0.NDVI.tif,HLS-VI.S30.T46TEL.2018347T043151.v2.0.NDVI.tif,S30,T46TEL,2018-12-13,2018347,043151
/home/ec2-user/ndvi_sqs_work/gansu/raw/HLS-VI.S30.T46TFK.2018347T043151.v2.0.NDVI.tif,HLS-VI.S30.T46TFK.2018347T043151.v2.0.NDVI.tif,S30,T46TFK,2018-12-13,2018347,043151
/home/ec2-user/ndvi_sqs_work/gansu/raw/HLS-VI.S30.T46TFM.2018347T043151.v2.0.NDVI.tif,HLS-VI.S30.T46TFM.2018347T043151.v2.0.NDVI.tif,S30,T46TFM,2018-12-13,2018347,043151
/home/ec2-user/ndvi_sqs_work/gansu/raw/HLS-VI.S30.T46TGM.2018347T043151.v2.0.NDVI.tif,HLS-VI.S30.T46TGM.2018347T043151.v2.0.NDVI.tif,S30,T46TGM,2018-12-13,2018347,043151
/home/ec2-user/ndvi_sqs_work/gansu/raw/HLS-VI.S30.T47TKG.2018347T043151.v2.0.NDVI.tif,HLS-VI.S30.T47TKG.2018347T043151.v2.0.NDVI.tif,S30,T47TKG,2018-12-13,2018347,043151
/home/ec2-user/ndvi_sqs_work/gansu/raw/HLS-VI.S30.T47TLH.2018347T043151.v2.0.NDVI.tif,HLS-VI.S30.T47TLH.2018347T043151.v2.0.NDVI.tif,S30,T47TLH,2018-12-13,2018347,043151
/home/ec2-user/ndvi_sqs_work/gansu/raw/HLS-VI.S30.T47SPU.2018348T040141.v2.0.NDVI.tif,HLS-VI.S30.T47SPU.2018348T040141.v2.0.NDVI.tif,S30,T47SPU,2018-12-14,2018348,040141
/home/ec2-user/ndvi_sqs_work/gansu/raw/HLS-VI.S30.T47SQT.2018348T040141.v2.0.NDVI.tif,HLS-VI.S30.T47SQT.2018348T040141.v2.0.NDVI.tif,S30,T47SQT,2018-12-14,2018348,040141
/home/ec2-user/ndvi_sqs_work/gansu/raw/HLS-VI.S30.T47SQU.2018348T040141.v2.0.NDVI.tif,HLS-VI.S30.T47SQU.2018348T040141.v2.0.NDVI.tif,S30,T47SQU,2018-12-14,2018348,040141
/home/ec2-user/ndvi_sqs_work/gansu/raw/HLS-VI.S30.T48STC.2018348T040141.v2.0.NDVI.tif,HLS-VI.S30.T48STC.2018348T040141.v2.0.NDVI.tif,S30,T48STC,2018-12-14,2018348,040141
/home/ec2-user/ndvi_sqs_work/gansu/raw/HLS-VI.S30.T48STD.2018348T040141.v2.0.NDVI.tif,HLS-VI.S30.T48STD.2018348T040141.v2.0.NDVI.tif,S30,T48STD,2018-12-14,2018348,040141
/home/ec2-user/ndvi_sqs_work/gansu/raw/HLS-VI.S30.T48SUD.2018348T040141.v2.0.NDVI.tif,HLS-VI.S30.T48SUD.2018348T040141.v2.0.NDVI.tif,S30,T48SUD,2018-12-14,2018348,040141
/home/ec2-user/ndvi_sqs_work/gansu/raw/HLS-VI.S30.T48SVJ.2018348T040141.v2.0.NDVI.tif,HLS-VI.S30.T48SVJ.2018348T040141.v2.0.NDVI.tif,S30,T48SVJ,2018-12-14,2018348,040141
/home/ec2-user/ndvi_sqs_work/gansu/raw/HLS-VI.S30.T47TME.2018349T042149.v2.0.NDVI.tif,HLS-VI.S30.T47TME.2018349T042149.v2.0.NDVI.tif,S30,T47TME,2018-12-15,2018349,042149
/home/ec2-user/ndvi_sqs_work/gansu/raw/HLS-VI.S30.T47TNE.2018349T042149.v2.0.NDVI.tif,HLS-VI.S30.T47TNE.2018349T042149.v2.0.NDVI.tif,S30,T47TNE,2018-12-15,2018349,042149
/home/ec2-user/ndvi_sqs_work/gansu/raw/HLS-VI.S30.T47TNF.2018349T042149.v2.0.NDVI.tif,HLS-VI.S30.T47TNF.2018349T042149.v2.0.NDVI.tif,S30,T47TNF,2018-12-15,2018349,042149
/home/ec2-user/ndvi_sqs_work/gansu/raw/HLS-VI.S30.T48SUF.2018350T035149.v2.0.NDVI.tif,HLS-VI.S30.T48SUF.2018350T035149.v2.0.NDVI.tif,S30,T48SUF,2018-12-16,2018350,035149
/home/ec2-user/ndvi_sqs_work/gansu/raw/HLS-VI.S30.T48SUH.2018350T035149.v2.0.NDVI.tif,HLS-VI.S30.T48SUH.2018350T035149.v2.0.NDVI.tif,S30,T48SUH,2018-12-16,2018350,035149
/home/ec2-user/ndvi_sqs_work/gansu/raw/HLS-VI.S30.T48SUJ.2018350T035149.v2.0.NDVI.tif,HLS-VI.S30.T48SUJ.2018350T035149.v2.0.NDVI.tif,S30,T48SUJ,2018-12-16,2018350,035149
/home/ec2-user/ndvi_sqs_work/gansu/raw/HLS-VI.S30.T48SVE.2018350T035149.v2.0.NDVI.tif,HLS-VI.S30.T48SVE.2018350T035149.v2.0.NDVI.tif,S30,T48SVE,2018-12-16,2018350,035149
/home/ec2-user/ndvi_sqs_work/gansu/raw/HLS-VI.S30.T48SVF.2018350T035149.v2.0.NDVI.tif,HLS-VI.S30.T48SVF.2018350T035149.v2.0.NDVI.tif,S30,T48SVF,2018-12-16,2018350,035149
/home/ec2-user/ndvi_sqs_work/gansu/raw/HLS-VI.S30.T48SVG.2018350T035149.v2.0.NDVI.tif,HLS-VI.S30.T48SVG.2018350T035149.v2.0.NDVI.tif,S30,T48SVG,2018-12-16,2018350,035149
/home/ec2-user/ndvi_sqs_work/gansu/raw/HLS-VI.S30.T48SVH.2018350T035149.v2.0.NDVI.tif,HLS-VI.S30.T48SVH.2018350T035149.v2.0.NDVI.tif,S30,T48SVH,2018-12-16,2018350,035149
/home/ec2-user/ndvi_sqs_work/gansu/raw/HLS-VI.S30.T48SVJ.2018350T035149.v2.0.NDVI.tif,HLS-VI.S30.T48SVJ.2018350T035149.v2.0.NDVI.tif,S30,T48SVJ,2018-12-16,2018350,035149
/home/ec2-user/ndvi_sqs_work/gansu/raw/HLS-VI.S30.T48SWB.2018350T035149.v2.0.NDVI.tif,HLS-VI.S30.T48SWB.2018350T035149.v2.0.NDVI.tif,S30,T48SWB,2018-12-16,2018350,035149
/home/ec2-user/ndvi_sqs_work/gansu/raw/HLS-VI.S30.T48SWC.2018350T035149.v2.0.NDVI.tif,HLS-VI.S30.T48SWC.2018350T035149.v2.0.NDVI.tif,S30,T48SWC,2018-12-16,2018350,035149
/home/ec2-user/ndvi_sqs_work/gansu/raw/HLS-VI.S30.T48SWD.2018350T035149.v2.0.NDVI.tif,HLS-VI.S30.T48SWD.2018350T035149.v2.0.NDVI.tif,S30,T48SWD,2018-12-16,2018350,035149
/home/ec2-user/ndvi_sqs_work/gansu/raw/HLS-VI.S30.T48SWE.2018350T035149.v2.0.NDVI.tif,HLS-VI.S30.T48SWE.2018350T035149.v2.0.NDVI.tif,S30,T48SWE,2018-12-16,2018350,035149
/home/ec2-user/ndvi_sqs_work/gansu/raw/HLS-VI.S30.T48SWF.2018350T035149.v2.0.NDVI.tif,HLS-VI.S30.T48SWF.2018350T035149.v2.0.NDVI.tif,S30,T48SWF,2018-12-16,2018350,035149
/home/ec2-user/ndvi_sqs_work/gansu/raw/HLS-VI.S30.T48SWG.2018350T035149.v2.0.NDVI.tif,HLS-VI.S30.T48SWG.2018350T035149.v2.0.NDVI.tif,S30,T48SWG,2018-12-16,2018350,035149
/home/ec2-user/ndvi_sqs_work/gansu/raw/HLS-VI.S30.T47SQD.2018351T041141.v2.0.NDVI.tif,HLS-VI.S30.T47SQD.2018351T041141.v2.0.NDVI.tif,S30,T47SQD,2018-12-17,2018351,041141
/home/ec2-user/ndvi_sqs_work/gansu/raw/HLS-VI.S30.T48STJ.2018351T041141.v2.0.NDVI.tif,HLS-VI.S30.T48STJ.2018351T041141.v2.0.NDVI.tif,S30,T48STJ,2018-12-17,2018351,041141
/home/ec2-user/ndvi_sqs_work/gansu/raw/HLS-VI.S30.T47TLH.2018352T043159.v2.0.NDVI.tif,HLS-VI.S30.T47TLH.2018352T043159.v2.0.NDVI.tif,S30,T47TLH,2018-12-18,2018352,043159
/home/ec2-user/ndvi_sqs_work/gansu/raw/HLS-VI.S30.T48SXG.2018352T034141.v2.0.NDVI.tif,HLS-VI.S30.T48SXG.2018352T034141.v2.0.NDVI.tif,S30,T48SXG,2018-12-18,2018352,034141
/home/ec2-user/ndvi_sqs_work/gansu/raw/HLS-VI.S30.T48SYG.2018352T034141.v2.0.NDVI.tif,HLS-VI.S30.T48SYG.2018352T034141.v2.0.NDVI.tif,S30,T48SYG,2018-12-18,2018352,034141
/home/ec2-user/ndvi_sqs_work/gansu/raw/HLS-VI.S30.T49SBB.2018352T034141.v2.0.NDVI.tif,HLS-VI.S30.T49SBB.2018352T034141.v2.0.NDVI.tif,S30,T49SBB,2018-12-18,2018352,034141
/home/ec2-user/ndvi_sqs_work/gansu/raw/HLS-VI.S30.T47TLH.2018354T042151.v2.0.NDVI.tif,HLS-VI.S30.T47TLH.2018354T042151.v2.0.NDVI.tif,S30,T47TLH,2018-12-20,2018354,042151
/home/ec2-user/ndvi_sqs_work/gansu/raw/HLS-VI.S30.T48STC.2018355T035141.v2.0.NDVI.tif,HLS-VI.S30.T48STC.2018355T035141.v2.0.NDVI.tif,S30,T48STC,2018-12-21,2018355,035141
/home/ec2-user/ndvi_sqs_work/gansu/raw/HLS-VI.S30.T48SUC.2018355T035141.v2.0.NDVI.tif,HLS-VI.S30.T48SUC.2018355T035141.v2.0.NDVI.tif,S30,T48SUC,2018-12-21,2018355,035141
/home/ec2-user/ndvi_sqs_work/gansu/raw/HLS-VI.S30.T46SEH.2018357T043201.v2.0.NDVI.tif,HLS-VI.S30.T46SEH.2018357T043201.v2.0.NDVI.tif,S30,T46SEH,2018-12-23,2018357,043201
/home/ec2-user/ndvi_sqs_work/gansu/raw/HLS-VI.S30.T46TEL.2018357T043201.v2.0.NDVI.tif,HLS-VI.S30.T46TEL.2018357T043201.v2.0.NDVI.tif,S30,T46TEL,2018-12-23,2018357,043201
/home/ec2-user/ndvi_sqs_work/gansu/raw/HLS-VI.S30.T46TFM.2018357T043201.v2.0.NDVI.tif,HLS-VI.S30.T46TFM.2018357T043201.v2.0.NDVI.tif,S30,T46TFM,2018-12-23,2018357,043201
/home/ec2-user/ndvi_sqs_work/gansu/raw/HLS-VI.S30.T47TLH.2018357T043201.v2.0.NDVI.tif,HLS-VI.S30.T47TLH.2018357T043201.v2.0.NDVI.tif,S30,T47TLH,2018-12-23,2018357,043201
/home/ec2-user/ndvi_sqs_work/gansu/raw/HLS-VI.S30.T48SYG.2018357T034149.v2.0.NDVI.tif,HLS-VI.S30.T48SYG.2018357T034149.v2.0.NDVI.tif,S30,T48SYG,2018-12-23,2018357,034149
/home/ec2-user/ndvi_sqs_work/gansu/raw/HLS-VI.S30.T49SBB.2018357T034149.v2.0.NDVI.tif,HLS-VI.S30.T49SBB.2018357T034149.v2.0.NDVI.tif,S30,T49SBB,2018-12-23,2018357,034149
/home/ec2-user/ndvi_sqs_work/gansu/raw/HLS-VI.S30.T48STJ.2018358T040151.v2.0.NDVI.tif,HLS-VI.S30.T48STJ.2018358T040151.v2.0.NDVI.tif,S30,T48STJ,2018-12-24,2018358,040151
/home/ec2-user/ndvi_sqs_work/gansu/raw/HLS-VI.S30.T48SUJ.2018358T040151.v2.0.NDVI.tif,HLS-VI.S30.T48SUJ.2018358T040151.v2.0.NDVI.tif,S30,T48SUJ,2018-12-24,2018358,040151
/home/ec2-user/ndvi_sqs_work/gansu/raw/HLS-VI.S30.T48SVH.2018358T040151.v2.0.NDVI.tif,HLS-VI.S30.T48SVH.2018358T040151.v2.0.NDVI.tif,S30,T48SVH,2018-12-24,2018358,040151
/home/ec2-user/ndvi_sqs_work/gansu/raw/HLS-VI.S30.T47TLE.2018359T042159.v2.0.NDVI.tif,HLS-VI.S30.T47TLE.2018359T042159.v2.0.NDVI.tif,S30,T47TLE,2018-12-25,2018359,042159
/home/ec2-user/ndvi_sqs_work/gansu/raw/HLS-VI.S30.T47TLG.2018359T042159.v2.0.NDVI.tif,HLS-VI.S30.T47TLG.2018359T042159.v2.0.NDVI.tif,S30,T47TLG,2018-12-25,2018359,042159
/home/ec2-user/ndvi_sqs_work/gansu/raw/HLS-VI.S30.T47TLH.2018359T042159.v2.0.NDVI.tif,HLS-VI.S30.T47TLH.2018359T042159.v2.0.NDVI.tif,S30,T47TLH,2018-12-25,2018359,042159
/home/ec2-user/ndvi_sqs_work/gansu/raw/HLS-VI.S30.T47TME.2018359T042159.v2.0.NDVI.tif,HLS-VI.S30.T47TME.2018359T042159.v2.0.NDVI.tif,S30,T47TME,2018-12-25,2018359,042159
/home/ec2-user/ndvi_sqs_work/gansu/raw/HLS-VI.S30.T47TNF.2018359T042159.v2.0.NDVI.tif,HLS-VI.S30.T47TNF.2018359T042159.v2.0.NDVI.tif,S30,T47TNF,2018-12-25,2018359,042159
/home/ec2-user/ndvi_sqs_work/gansu/raw/HLS-VI.S30.T46SEH.2018360T044211.v2.0.NDVI.tif,HLS-VI.S30.T46SEH.2018360T044211.v2.0.NDVI.tif,S30,T46SEH,2018-12-26,2018360,044211
/home/ec2-user/ndvi_sqs_work/gansu/raw/HLS-VI.S30.T48STF.2018360T035149.v2.0.NDVI.tif,HLS-VI.S30.T48STF.2018360T035149.v2.0.NDVI.tif,S30,T48STF,2018-12-26,2018360,035149
/home/ec2-user/ndvi_sqs_work/gansu/raw/HLS-VI.S30.T48SUE.2018360T035149.v2.0.NDVI.tif,HLS-VI.S30.T48SUE.2018360T035149.v2.0.NDVI.tif,S30,T48SUE,2018-12-26,2018360,035149
/home/ec2-user/ndvi_sqs_work/gansu/raw/HLS-VI.S30.T48SUF.2018360T035149.v2.0.NDVI.tif,HLS-VI.S30.T48SUF.2018360T035149.v2.0.NDVI.tif,S30,T48SUF,2018-12-26,2018360,035149
/home/ec2-user/ndvi_sqs_work/gansu/raw/HLS-VI.S30.T48SVD.2018360T035149.v2.0.NDVI.tif,HLS-VI.S30.T48SVD.2018360T035149.v2.0.NDVI.tif,S30,T48SVD,2018-12-26,2018360,035149
/home/ec2-user/ndvi_sqs_work/gansu/raw/HLS-VI.S30.T48SVE.2018360T035149.v2.0.NDVI.tif,HLS-VI.S30.T48SVE.2018360T035149.v2.0.NDVI.tif,S30,T48SVE,2018-12-26,2018360,035149
/home/ec2-user/ndvi_sqs_work/gansu/raw/HLS-VI.S30.T48SVG.2018360T035149.v2.0.NDVI.tif,HLS-VI.S30.T48SVG.2018360T035149.v2.0.NDVI.tif,S30,T48SVG,2018-12-26,2018360,035149
/home/ec2-user/ndvi_sqs_work/gansu/raw/HLS-VI.S30.T48SVH.2018360T035149.v2.0.NDVI.tif,HLS-VI.S30.T48SVH.2018360T035149.v2.0.NDVI.tif,S30,T48SVH,2018-12-26,2018360,035149
/home/ec2-user/ndvi_sqs_work/gansu/raw/HLS-VI.S30.T48SWB.2018360T035149.v2.0.NDVI.tif,HLS-VI.S30.T48SWB.2018360T035149.v2.0.NDVI.tif,S30,T48SWB,2018-12-26,2018360,035149
/home/ec2-user/ndvi_sqs_work/gansu/raw/HLS-VI.S30.T48SWE.2018360T035149.v2.0.NDVI.tif,HLS-VI.S30.T48SWE.2018360T035149.v2.0.NDVI.tif,S30,T48SWE,2018-12-26,2018360,035149
/home/ec2-user/ndvi_sqs_work/gansu/raw/HLS-VI.S30.T48SWG.2018360T035149.v2.0.NDVI.tif,HLS-VI.S30.T48SWG.2018360T035149.v2.0.NDVI.tif,S30,T48SWG,2018-12-26,2018360,035149
/home/ec2-user/ndvi_sqs_work/gansu/raw/HLS-VI.S30.T46TEK.2018362T043209.v2.0.NDVI.tif,HLS-VI.S30.T46TEK.2018362T043209.v2.0.NDVI.tif,S30,T46TEK,2018-12-28,2018362,043209
/home/ec2-user/ndvi_sqs_work/gansu/raw/HLS-VI.S30.T46TEL.2018362T043209.v2.0.NDVI.tif,HLS-VI.S30.T46TEL.2018362T043209.v2.0.NDVI.tif,S30,T46TEL,2018-12-28,2018362,043209
/home/ec2-user/ndvi_sqs_work/gansu/raw/HLS-VI.S30.T46TFK.2018362T043209.v2.0.NDVI.tif,HLS-VI.S30.T46TFK.2018362T043209.v2.0.NDVI.tif,S30,T46TFK,2018-12-28,2018362,043209
/home/ec2-user/ndvi_sqs_work/gansu/raw/HLS-VI.S30.T46TFM.2018362T043209.v2.0.NDVI.tif,HLS-VI.S30.T46TFM.2018362T043209.v2.0.NDVI.tif,S30,T46TFM,2018-12-28,2018362,043209
/home/ec2-user/ndvi_sqs_work/gansu/raw/HLS-VI.S30.T49SBV.2018362T034141.v2.0.NDVI.tif,HLS-VI.S30.T49SBV.2018362T034141.v2.0.NDVI.tif,S30,T49SBV,2018-12-28,2018362,034141
/home/ec2-user/ndvi_sqs_work/gansu/raw/HLS-VI.S30.T47TLG.2018364T042151.v2.0.NDVI.tif,HLS-VI.S30.T47TLG.2018364T042151.v2.0.NDVI.tif,S30,T47TLG,2018-12-30,2018364,042151
/home/ec2-user/ndvi_sqs_work/gansu/raw/HLS-VI.S30.T48SUG.2018365T035141.v2.0.NDVI.tif,HLS-VI.S30.T48SUG.2018365T035141.v2.0.NDVI.tif,S30,T48SUG,2018-12-31,2018365,035141
/home/ec2-user/ndvi_sqs_work/gansu/raw/HLS-VI.S30.T48SUH.2018365T035141.v2.0.NDVI.tif,HLS-VI.S30.T48SUH.2018365T035141.v2.0.NDVI.tif,S30,T48SUH,2018-12-31,2018365,035141
/home/ec2-user/ndvi_sqs_work/gansu/raw/HLS-VI.S30.T48SUJ.2018365T035141.v2.0.NDVI.tif,HLS-VI.S30.T48SUJ.2018365T035141.v2.0.NDVI.tif,S30,T48SUJ,2018-12-31,2018365,035141
/home/ec2-user/ndvi_sqs_work/gansu/raw/HLS-VI.S30.T48SVG.2018365T035141.v2.0.NDVI.tif,HLS-VI.S30.T48SVG.2018365T035141.v2.0.NDVI.tif,S30,T48SVG,2018-12-31,2018365,035141
/home/ec2-user/ndvi_sqs_work/gansu/raw/HLS-VI.S30.T48SVH.2018365T035141.v2.0.NDVI.tif,HLS-VI.S30.T48SVH.2018365T035141.v2.0.NDVI.tif,S30,T48SVH,2018-12-31,2018365,035141
/home/ec2-user/ndvi_sqs_work/gansu/raw/HLS-VI.S30.T48SVJ.2018365T035141.v2.0.NDVI.tif,HLS-VI.S30.T48SVJ.2018365T035141.v2.0.NDVI.tif,S30,T48SVJ,2018-12-31,2018365,035141
/home/ec2-user/ndvi_sqs_work/gansu/raw/HLS-VI.S30.T48SWG.2018365T035141.v2.0.NDVI.tif,HLS-VI.S30.T48SWG.2018365T035141.v2.0.NDVI.tif,S30,T48SWG,2018-12-31,2018365,035141
