date,n_tiles,tiles,n_crs_groups,crs_groups,n_chunks_processed,n_chunks_with_valid_pixels,mean_ndvi,sd_ndvi,n_valid_pixels,n_inside_pixels,valid_pixel_coverage,per_crs_debug,files
2018-01-01,5,"T47SPD,T47SQC,T47SQD,T48STH,T48STJ",2,"EPSG:32647,EPSG:32648",18,7,0.13034680704323487,0.04515339500858504,6323274,42779006,0.14781255085730605,EPSG:32647:3files:5597921valid:12chunks|EPSG:32648:2files:725353valid:6chunks,HLS-VI.S30.T47SPD.2018001T041721.v2.0.NDVI.tif|HLS-VI.S30.T47SQC.2018001T041721.v2.0.NDVI.tif|HLS-VI.S30.T47SQD.2018001T041721.v2.0.NDVI.tif|HLS-VI.S30.T48STH.2018001T041721.v2.0.NDVI.tif|HLS-VI.S30.T48STJ.2018001T041721.v2.0.NDVI.tif
2018-01-02,2,"T46TGN,T47TLF",2,"EPSG:32646,EPSG:32647",5,5,0.0641907201903749,0.03939434380762522,9307352,12745160,0.7302656067087427,EPSG:32646:1files:1429145valid:1chunks|EPSG:32647:1files:7878207valid:4chunks,HLS-VI.S30.T46TGN.2018002T043149.v2.0.NDVI.tif|HLS-VI.S30.T47TLF.2018002T043149.v2.0.NDVI.tif
2018-01-05,2,"T46TDK,T46TEL",1,EPSG:32646,7,6,0.041911587052185575,0.019653644618482045,4623901,7491601,0.6172113277255422,EPSG:32646:2files:4623901valid:7chunks,HLS-VI.S30.T46TDK.2018005T044149.v2.0.NDVI.tif|HLS-VI.S30.T46TEL.2018005T044149.v2.0.NDVI.tif
2018-01-07,5,"T46TEK,T46TEL,T46TFL,T46TGL,T47TKF",2,"EPSG:32646,EPSG:32647",19,7,0.04659496988389408,0.028387040170188872,8150716,55959728,0.1456532454911146,EPSG:32646:4files:7785224valid:15chunks|EPSG:32647:1files:365492valid:4chunks,HLS-VI.S30.T46TEK.2018007T043701.v2.0.NDVI.tif|HLS-VI.S30.T46TEL.2018007T043701.v2.0.NDVI.tif|HLS-VI.S30.T46TFL.2018007T043701.v2.0.NDVI.tif|HLS-VI.S30.T46TGL.2018007T043701.v2.0.NDVI.tif|HLS-VI.S30.T47TKF.2018007T043701.v2.0.NDVI.tif
2018-01-08,3,"T48SUJ,T48SVH,T48SVJ",1,EPSG:32648,9,8,0.030737835215878702,0.030935571570271228,9182428,14190350,0.647089606669321,EPSG:32648:3files:9182428valid:9chunks,HLS-VI.S30.T48SUJ.2018008T040131.v2.0.NDVI.tif|HLS-VI.S30.T48SVH.2018008T040131.v2.0.NDVI.tif|HLS-VI.S30.T48SVJ.2018008T040131.v2.0.NDVI.tif
2018-01-09,5,"T46TGL,T47TME,T47TMF,T47TNE,T47TNF",2,"EPSG:32646,EPSG:32647",16,12,0.06528505999831063,0.04302435376463032,24699056,40721852,0.6065307638758669,EPSG:32646:1files:2067187valid:4chunks|EPSG:32647:4files:22631869valid:12chunks,HLS-VI.S30.T46TGL.2018009T042139.v2.0.NDVI.tif|HLS-VI.S30.T47TME.2018009T042139.v2.0.NDVI.tif|HLS-VI.S30.T47TMF.2018009T042139.v2.0.NDVI.tif|HLS-VI.S30.T47TNE.2018009T042139.v2.0.NDVI.tif|HLS-VI.S30.T47TNF.2018009T042139.v2.0.NDVI.tif
2018-01-10,6,"T46SEH,T46TDK,T46TEK,T46TEL,T46TFK,T46TFL",1,EPSG:32646,21,20,0.052714387897040756,0.03279355409653103,26996079,61124269,0.44165892601513157,EPSG:32646:6files:26996079valid:21chunks,HLS-VI.S30.T46SEH.2018010T044141.v2.0.NDVI.tif|HLS-VI.S30.T46TDK.2018010T044141.v2.0.NDVI.tif|HLS-VI.S30.T46TEK.2018010T044141.v2.0.NDVI.tif|HLS-VI.S30.T46TEL.2018010T044141.v2.0.NDVI.tif|HLS-VI.S30.T46TFK.2018010T044141.v2.0.NDVI.tif|HLS-VI.S30.T46TFL.2018010T044141.v2.0.NDVI.tif
2018-01-11,9,"T47SPD,T47SQD,T47TME,T47TMF,T47TNE,T47TNF,T47TPE,T47TPF,T48STJ",2,"EPSG:32647,EPSG:32648",23,17,0.07898173778979145,0.049004478182019376,27402087,51064221,0.5366200925693158,EPSG:32647:8files:26821673valid:21chunks|EPSG:32648:1files:580414valid:2chunks,HLS-VI.S30.T47SPD.2018011T041131.v2.0.NDVI.tif|HLS-VI.S30.T47SQD.2018011T041131.v2.0.NDVI.tif|HLS-VI.S30.T47TME.2018011T041131.v2.0.NDVI.tif|HLS-VI.S30.T47TMF.2018011T041131.v2.0.NDVI.tif|HLS-VI.S30.T47TNE.2018011T041131.v2.0.NDVI.tif|HLS-VI.S30.T47TNF.2018011T041131.v2.0.NDVI.tif|HLS-VI.S30.T47TPE.2018011T041131.v2.0.NDVI.tif|HLS-VI.S30.T47TPF.2018011T041131.v2.0.NDVI.tif|HLS-VI.S30.T48STJ.2018011T041131.v2.0.NDVI.tif
2018-01-12,10,"T46TGN,T47TLG,T47TLH,T48SXF,T48SXG,T48SYF,T48SYG,T49SBA,T49SBB,T49SBV",4,"EPSG:32646,EPSG:32647,EPSG:32648,EPSG:32649",25,24,0.11337455705779942,0.10757440482967735,37578229,45495355,0.8259794653761906,EPSG:32646:1files:1381261valid:1chunks|EPSG:32647:2files:9357075valid:6chunks|EPSG:32648:4files:17003475valid:10chunks|EPSG:32649:3files:9836418valid:8chunks,HLS-VI.S30.T46TGN.2018012T043129.v2.0.NDVI.tif|HLS-VI.S30.T47TLG.2018012T043129.v2.0.NDVI.tif|HLS-VI.S30.T47TLH.2018012T043129.v2.0.NDVI.tif|HLS-VI.S30.T48SXF.2018012T034111.v2.0.NDVI.tif|HLS-VI.S30.T48SXG.2018012T034111.v2.0.NDVI.tif|HLS-VI.S30.T48SYF.2018012T034111.v2.0.NDVI.tif|HLS-VI.S30.T48SYG.2018012T034111.v2.0.NDVI.tif|HLS-VI.S30.T49SBA.2018012T034111.v2.0.NDVI.tif|HLS-VI.S30.T49SBB.2018012T034111.v2.0.NDVI.tif|HLS-VI.S30.T49SBV.2018012T034111.v2.0.NDVI.tif
2018-01-13,5,"T47SPD,T48STH,T48SUE,T48SUF,T48SUG",2,"EPSG:32647,EPSG:32648",25,20,0.13280277212421782,0.07712891582727562,32227308,67030002,0.4807893038702281,EPSG:32647:1files:1864387valid:4chunks|EPSG:32648:4files:30362921valid:21chunks,HLS-VI.S30.T47SPD.2018013T040119.v2.0.NDVI.tif|HLS-VI.S30.T48STH.2018013T040119.v2.0.NDVI.tif|HLS-VI.S30.T48SUE.2018013T040119.v2.0.NDVI.tif|HLS-VI.S30.T48SUF.2018013T040119.v2.0.NDVI.tif|HLS-VI.S30.T48SUG.2018013T040119.v2.0.NDVI.tif
2018-01-14,5,"T48SYD,T48SYF,T49SBA,T49SBU,T49SCA",2,"EPSG:32648,EPSG:32649",11,11,0.15835212936809945,0.13563063320384405,11539833,24903027,0.4633907757478639,EPSG:32648:2files:5615860valid:6chunks|EPSG:32649:3files:5923973valid:5chunks,HLS-VI.S30.T48SYD.2018014T033059.v2.0.NDVI.tif|HLS-VI.S30.T48SYF.2018014T033059.v2.0.NDVI.tif|HLS-VI.S30.T49SBA.2018014T033059.v2.0.NDVI.tif|HLS-VI.S30.T49SBU.2018014T033059.v2.0.NDVI.tif|HLS-VI.S30.T49SCA.2018014T033059.v2.0.NDVI.tif
2018-01-16,1,T47SQC,1,EPSG:32647,4,2,0.14389779053578064,0.05704560423011507,3096684,13388302,0.2312977403706609,EPSG:32647:1files:3096684valid:4chunks,HLS-VI.S30.T47SQC.2018016T041109.v2.0.NDVI.tif
2018-01-17,10,"T46TEK,T46TEL,T46TFL,T46TFM,T46TGK,T46TGN,T47TKE,T47TLE,T47TLH,T48SXG",3,"EPSG:32646,EPSG:32647,EPSG:32648",39,35,0.06485912870727764,0.041658856854032485,54035010,98981235,0.5459116568913289,EPSG:32646:6files:33536322valid:23chunks|EPSG:32647:3files:18499021valid:14chunks|EPSG:32648:1files:1999667valid:2chunks,HLS-VI.S30.T46TEK.2018017T043121.v2.0.NDVI.tif|HLS-VI.S30.T46TEL.2018017T043121.v2.0.NDVI.tif|HLS-VI.S30.T46TFL.2018017T043121.v2.0.NDVI.tif|HLS-VI.S30.T46TFM.2018017T043121.v2.0.NDVI.tif|HLS-VI.S30.T46TGK.2018017T043121.v2.0.NDVI.tif|HLS-VI.S30.T46TGN.2018017T043121.v2.0.NDVI.tif|HLS-VI.S30.T47TKE.2018017T043121.v2.0.NDVI.tif|HLS-VI.S30.T47TLE.2018017T043121.v2.0.NDVI.tif|HLS-VI.S30.T47TLH.2018017T043121.v2.0.NDVI.tif|HLS-VI.S30.T48SXG.2018017T034059.v2.0.NDVI.tif
2018-01-19,7,"T48SYD,T48SYE,T48SYF,T49SBA,T49SBU,T49SBV,T49SCA",2,"EPSG:32648,EPSG:32649",15,15,0.1885278839242915,0.1234206368156655,27482593,37683917,0.7292923662898418,EPSG:32648:3files:13734231valid:8chunks|EPSG:32649:4files:13748362valid:7chunks,HLS-VI.S30.T48SYD.2018019T033041.v2.0.NDVI.tif|HLS-VI.S30.T48SYE.2018019T033041.v2.0.NDVI.tif|HLS-VI.S30.T48SYF.2018019T033041.v2.0.NDVI.tif|HLS-VI.S30.T49SBA.2018019T033041.v2.0.NDVI.tif|HLS-VI.S30.T49SBU.2018019T033041.v2.0.NDVI.tif|HLS-VI.S30.T49SBV.2018019T033041.v2.0.NDVI.tif|HLS-VI.S30.T49SCA.2018019T033041.v2.0.NDVI.tif
2018-01-20,7,"T48SUH,T48SUJ,T48SVB,T48SVG,T48SVH,T48SWB,T48SWG",1,EPSG:32648,24,20,0.13995464064001745,0.11327621350821412,19327684,61846671,0.31250969029521414,EPSG:32648:7files:19327684valid:24chunks,HLS-VI.S30.T48SUH.2018020T035049.v2.0.NDVI.tif|HLS-VI.S30.T48SUJ.2018020T035049.v2.0.NDVI.tif|HLS-VI.S30.T48SVB.2018020T035049.v2.0.NDVI.tif|HLS-VI.S30.T48SVG.2018020T035049.v2.0.NDVI.tif|HLS-VI.S30.T48SVH.2018020T035049.v2.0.NDVI.tif|HLS-VI.S30.T48SWB.2018020T035049.v2.0.NDVI.tif|HLS-VI.S30.T48SWG.2018020T035049.v2.0.NDVI.tif
2018-01-22,2,"T46TEK,T46TGN",1,EPSG:32646,8,7,0.04263089182594552,0.027380543436988043,7389899,18913519,0.3907204682534223,EPSG:32646:2files:7389899valid:8chunks,HLS-VI.S30.T46TEK.2018022T043059.v2.0.NDVI.tif|HLS-VI.S30.T46TGN.2018022T043059.v2.0.NDVI.tif
2018-01-23,11,"T47SPD,T47SQC,T47SQD,T48STH,T48STJ,T48SUF,T48SUG,T48SUH,T48SUJ,T48SVG,T48SVH",2,"EPSG:32647,EPSG:32648",40,31,0.11778383879390733,0.059507136556072045,61717440,102707701,0.6009037238600053,EPSG:32647:3files:15201044valid:12chunks|EPSG:32648:8files:46516396valid:28chunks,HLS-VI.S30.T47SPD.2018023T040039.v2.0.NDVI.tif|HLS-VI.S30.T47SQC.2018023T040039.v2.0.NDVI.tif|HLS-VI.S30.T47SQD.2018023T040039.v2.0.NDVI.tif|HLS-VI.S30.T48STH.2018023T040039.v2.0.NDVI.tif|HLS-VI.S30.T48STJ.2018023T040039.v2.0.NDVI.tif|HLS-VI.S30.T48SUF.2018023T040039.v2.0.NDVI.tif|HLS-VI.S30.T48SUG.2018023T040039.v2.0.NDVI.tif|HLS-VI.S30.T48SUH.2018023T040039.v2.0.NDVI.tif|HLS-VI.S30.T48SUJ.2018023T040039.v2.0.NDVI.tif|HLS-VI.S30.T48SVG.2018023T040039.v2.0.NDVI.tif|HLS-VI.S30.T48SVH.2018023T040039.v2.0.NDVI.tif
2018-01-24,1,T47TLH,1,EPSG:32647,2,2,0.05218948479994454,0.017057845817098873,973549,1904313,0.5112337100046054,EPSG:32647:1files:973549valid:2chunks,HLS-VI.S30.T47TLH.2018024T042041.v2.0.NDVI.tif
2018-01-25,5,"T46TDK,T46TEK,T46TEL,T46TFK,T48SUH",2,"EPSG:32646,EPSG:32648",18,17,0.05542359673324889,0.030770633925789513,24790221,45596262,0.5436897656215766,EPSG:32646:4files:19213502valid:14chunks|EPSG:32648:1files:5576719valid:4chunks,HLS-VI.S30.T46TDK.2018025T044049.v2.0.NDVI.tif|HLS-VI.S30.T46TEK.2018025T044049.v2.0.NDVI.tif|HLS-VI.S30.T46TEL.2018025T044049.v2.0.NDVI.tif|HLS-VI.S30.T46TFK.2018025T044049.v2.0.NDVI.tif|HLS-VI.S30.T48SUH.2018025T035031.v2.0.NDVI.tif
2018-01-31,3,"T47TNF,T47TPE,T47TPF",1,EPSG:32647,4,4,0.05552355601251834,0.0276219880869487,4797228,9198803,0.5215056785105627,EPSG:32647:3files:4797228valid:4chunks,HLS-VI.S30.T47TNF.2018031T041011.v2.0.NDVI.tif|HLS-VI.S30.T47TPE.2018031T041011.v2.0.NDVI.tif|HLS-VI.S30.T47TPF.2018031T041011.v2.0.NDVI.tif
2018-02-01,13,"T46TEK,T46TEL,T48SWE,T48SWF,T48SXE,T48SXF,T48SXG,T48SYE,T48SYF,T48SYG,T49SBA,T49SBB,T49SBV",3,"EPSG:32646,EPSG:32648,EPSG:32649",41,38,0.11950975617288856,0.12157903295094867,61117073,79444972,0.7693007053989521,EPSG:32646:2files:7959989valid:7chunks|EPSG:32648:8files:42350688valid:26chunks|EPSG:32649:3files:10806396valid:8chunks,HLS-VI.S30.T46TEK.2018032T043009.v2.0.NDVI.tif|HLS-VI.S30.T46TEL.2018032T043009.v2.0.NDVI.tif|HLS-VI.S30.T48SWE.2018032T033951.v2.0.NDVI.tif|HLS-VI.S30.T48SWF.2018032T033951.v2.0.NDVI.tif|HLS-VI.S30.T48SXE.2018032T033951.v2.0.NDVI.tif|HLS-VI.S30.T48SXF.2018032T033951.v2.0.NDVI.tif|HLS-VI.S30.T48SXG.2018032T033951.v2.0.NDVI.tif|HLS-VI.S30.T48SYE.2018032T033951.v2.0.NDVI.tif|HLS-VI.S30.T48SYF.2018032T033951.v2.0.NDVI.tif|HLS-VI.S30.T48SYG.2018032T033951.v2.0.NDVI.tif|HLS-VI.S30.T49SBA.2018032T033951.v2.0.NDVI.tif|HLS-VI.S30.T49SBB.2018032T033951.v2.0.NDVI.tif|HLS-VI.S30.T49SBV.2018032T033951.v2.0.NDVI.tif
2018-02-02,4,"T48SUH,T48SUJ,T48SVH,T48SVJ",1,EPSG:32648,11,11,0.06897072207588935,0.033275903407116184,18290349,20125454,0.908816715389377,EPSG:32648:4files:18290349valid:11chunks,HLS-VI.S30.T48SUH.2018033T035949.v2.0.NDVI.tif|HLS-VI.S30.T48SUJ.2018033T035949.v2.0.NDVI.tif|HLS-VI.S30.T48SVH.2018033T035949.v2.0.NDVI.tif|HLS-VI.S30.T48SVJ.2018033T035949.v2.0.NDVI.tif
2018-02-03,7,"T48SYD,T48SYE,T48SYF,T49SBA,T49SBU,T49SBV,T49SCA",2,"EPSG:32648,EPSG:32649",15,15,0.18339353375553877,0.12793289398250784,24478147,37683917,0.6495648262891567,EPSG:32648:3files:12137675valid:8chunks|EPSG:32649:4files:12340472valid:7chunks,HLS-VI.S30.T48SYD.2018034T032939.v2.0.NDVI.tif|HLS-VI.S30.T48SYE.2018034T032939.v2.0.NDVI.tif|HLS-VI.S30.T48SYF.2018034T032939.v2.0.NDVI.tif|HLS-VI.S30.T49SBA.2018034T032939.v2.0.NDVI.tif|HLS-VI.S30.T49SBU.2018034T032939.v2.0.NDVI.tif|HLS-VI.S30.T49SBV.2018034T032939.v2.0.NDVI.tif|HLS-VI.S30.T49SCA.2018034T032939.v2.0.NDVI.tif
2018-02-04,1,T46TEK,1,EPSG:32646,4,4,0.017300786065213198,0.047368371242493726,11866521,12221909,0.9709220548115683,EPSG:32646:1files:11866521valid:4chunks,HLS-VI.S30.T46TEK.2018035T043959.v2.0.NDVI.tif
2018-02-05,4,"T47TMF,T47TNE,T47TPE,T47TPF",1,EPSG:32647,10,9,0.047313892908052324,0.03219085131535623,11908783,21916217,0.5433776732544672,EPSG:32647:4files:11908783valid:10chunks,HLS-VI.S30.T47TMF.2018036T040939.v2.0.NDVI.tif|HLS-VI.S30.T47TNE.2018036T040939.v2.0.NDVI.tif|HLS-VI.S30.T47TPE.2018036T040939.v2.0.NDVI.tif|HLS-VI.S30.T47TPF.2018036T040939.v2.0.NDVI.tif
2018-02-06,23,"T46TEL,T46TFM,T46TGM,T46TGN,T47TKG,T47TLF,T47TLG,T47TLH,T48SVE,T48SWE,T48SWF,T48SXD,T48SXE,T48SXF,T48SXG,T48SYD,T48SYE,T48SYF,T48SYG,T49SBA,T49SBB,T49SBU,T49SBV",4,"EPSG:32646,EPSG:32647,EPSG:32648,EPSG:32649",66,58,0.1293791497826993,0.10147400732774078,97436864,165991612,0.5869987213570768,EPSG:32646:4files:13000877valid:13chunks|EPSG:32647:4files:23986616valid:12chunks|EPSG:32648:11files:49129479valid:33chunks|EPSG:32649:4files:11319892valid:8chunks,HLS-VI.S30.T46TEL.2018037T042941.v2.0.NDVI.tif|HLS-VI.S30.T46TFM.2018037T042941.v2.0.NDVI.tif|HLS-VI.S30.T46TGM.2018037T042941.v2.0.NDVI.tif|HLS-VI.S30.T46TGN.2018037T042941.v2.0.NDVI.tif|HLS-VI.S30.T47TKG.2018037T042941.v2.0.NDVI.tif|HLS-VI.S30.T47TLF.2018037T042941.v2.0.NDVI.tif|HLS-VI.S30.T47TLG.2018037T042941.v2.0.NDVI.tif|HLS-VI.S30.T47TLH.2018037T042941.v2.0.NDVI.tif|HLS-VI.S30.T48SVE.2018037T033919.v2.0.NDVI.tif|HLS-VI.S30.T48SWE.2018037T033919.v2.0.NDVI.tif|HLS-VI.S30.T48SWF.2018037T033919.v2.0.NDVI.tif|HLS-VI.S30.T48SXD.2018037T033919.v2.0.NDVI.tif|HLS-VI.S30.T48SXE.2018037T033919.v2.0.NDVI.tif|HLS-VI.S30.T48SXF.2018037T033919.v2.0.NDVI.tif|HLS-VI.S30.T48SXG.2018037T033919.v2.0.NDVI.tif|HLS-VI.S30.T48SYD.2018037T033919.v2.0.NDVI.tif|HLS-VI.S30.T48SYE.2018037T033919.v2.0.NDVI.tif|HLS-VI.S30.T48SYF.2018037T033919.v2.0.NDVI.tif|HLS-VI.S30.T48SYG.2018037T033919.v2.0.NDVI.tif|HLS-VI.S30.T49SBA.2018037T033919.v2.0.NDVI.tif|HLS-VI.S30.T49SBB.2018037T033919.v2.0.NDVI.tif|HLS-VI.S30.T49SBU.2018037T033919.v2.0.NDVI.tif|HLS-VI.S30.T49SBV.2018037T033919.v2.0.NDVI.tif
2018-02-08,6,"T46TGL,T47TKF,T47TLF,T47TMF,T47TNF,T49SCA",3,"EPSG:32646,EPSG:32647,EPSG:32649",16,12,0.05909091929277243,0.029236623019628795,19391534,42492554,0.4563513409902356,EPSG:32646:1files:2328822valid:4chunks|EPSG:32647:4files:17051161valid:11chunks|EPSG:32649:1files:11551valid:1chunks,HLS-VI.S30.T46TGL.2018039T041929.v2.0.NDVI.tif|HLS-VI.S30.T47TKF.2018039T041929.v2.0.NDVI.tif|HLS-VI.S30.T47TLF.2018039T041929.v2.0.NDVI.tif|HLS-VI.S30.T47TMF.2018039T041929.v2.0.NDVI.tif|HLS-VI.S30.T47TNF.2018039T041929.v2.0.NDVI.tif|HLS-VI.S30.T49SCA.2018039T032911.v2.0.NDVI.tif
2018-02-10,3,"T47TNF,T47TPE,T47TPF",1,EPSG:32647,4,4,0.055897807095511676,0.02454406945105291,4523902,9198803,0.49179246473698807,EPSG:32647:3files:4523902valid:4chunks,HLS-VI.S30.T47TNF.2018041T040911.v2.0.NDVI.tif|HLS-VI.S30.T47TPE.2018041T040911.v2.0.NDVI.tif|HLS-VI.S30.T47TPF.2018041T040911.v2.0.NDVI.tif
2018-02-11,19,"T46TEK,T47TLH,T48SVE,T48SWB,T48SWC,T48SWD,T48SWE,T48SWF,T48SXC,T48SXD,T48SXE,T48SYD,T48SYE,T48SYF,T48SYG,T49SBA,T49SBB,T49SBU,T49SBV",4,"EPSG:32646,EPSG:32647,EPSG:32648,EPSG:32649",57,50,0.21146110304848126,0.12450686126471387,91023650,149253159,0.6098607936331853,EPSG:32646:1files:5860727valid:4chunks|EPSG:32647:1files:1491734valid:2chunks|EPSG:32648:13files:72149056valid:43chunks|EPSG:32649:4files:11522133valid:8chunks,HLS-VI.S30.T46TEK.2018042T042909.v2.0.NDVI.tif|HLS-VI.S30.T47TLH.2018042T042909.v2.0.NDVI.tif|HLS-VI.S30.T48SVE.2018042T033851.v2.0.NDVI.tif|HLS-VI.S30.T48SWB.2018042T033851.v2.0.NDVI.tif|HLS-VI.S30.T48SWC.2018042T033851.v2.0.NDVI.tif|HLS-VI.S30.T48SWD.2018042T033851.v2.0.NDVI.tif|HLS-VI.S30.T48SWE.2018042T033851.v2.0.NDVI.tif|HLS-VI.S30.T48SWF.2018042T033851.v2.0.NDVI.tif|HLS-VI.S30.T48SXC.2018042T033851.v2.0.NDVI.tif|HLS-VI.S30.T48SXD.2018042T033851.v2.0.NDVI.tif|HLS-VI.S30.T48SXE.2018042T033851.v2.0.NDVI.tif|HLS-VI.S30.T48SYD.2018042T033851.v2.0.NDVI.tif|HLS-VI.S30.T48SYE.2018042T033851.v2.0.NDVI.tif|HLS-VI.S30.T48SYF.2018042T033851.v2.0.NDVI.tif|HLS-VI.S30.T48SYG.2018042T033851.v2.0.NDVI.tif|HLS-VI.S30.T49SBA.2018042T033851.v2.0.NDVI.tif|HLS-VI.S30.T49SBB.2018042T033851.v2.0.NDVI.tif|HLS-VI.S30.T49SBU.2018042T033851.v2.0.NDVI.tif|HLS-VI.S30.T49SBV.2018042T033851.v2.0.NDVI.tif
2018-02-12,2,"T48SVG,T48SVH",1,EPSG:32648,5,2,0.08765309525946668,0.016741779969498372,1056687,8167909,0.12937056473082645,EPSG:32648:2files:1056687valid:5chunks,HLS-VI.S30.T48SVG.2018043T035849.v2.0.NDVI.tif|HLS-VI.S30.T48SVH.2018043T035849.v2.0.NDVI.tif
2018-02-13,8,"T47TLH,T48SYD,T48SYE,T48SYF,T49SBA,T49SBU,T49SBV,T49SCA",3,"EPSG:32647,EPSG:32648,EPSG:32649",17,17,0.21275901221150223,0.09657405118815193,29955166,39588230,0.7566684845470485,EPSG:32647:1files:983331valid:2chunks|EPSG:32648:3files:14330193valid:8chunks|EPSG:32649:4files:14641642valid:7chunks,HLS-VI.S30.T47TLH.2018044T041901.v2.0.NDVI.tif|HLS-VI.S30.T48SYD.2018044T032829.v2.0.NDVI.tif|HLS-VI.S30.T48SYE.2018044T032829.v2.0.NDVI.tif|HLS-VI.S30.T48SYF.2018044T032829.v2.0.NDVI.tif|HLS-VI.S30.T49SBA.2018044T032829.v2.0.NDVI.tif|HLS-VI.S30.T49SBU.2018044T032829.v2.0.NDVI.tif|HLS-VI.S30.T49SBV.2018044T032829.v2.0.NDVI.tif|HLS-VI.S30.T49SCA.2018044T032829.v2.0.NDVI.tif
2018-02-14,1,T48SWB,1,EPSG:32648,3,1,0.21908294914500284,0.08602327492481575,115498,6694757,0.017252007802523676,EPSG:32648:1files:115498valid:3chunks,HLS-VI.S30.T48SWB.2018045T034841.v2.0.NDVI.tif
2018-02-15,1,T47TPF,1,EPSG:32647,1,1,0.05188228439828913,0.005080911776459058,668155,668155,1.0,EPSG:32647:1files:668155valid:1chunks,HLS-VI.S30.T47TPF.2018046T040839.v2.0.NDVI.tif
2018-02-16,18,"T47SLC,T47TLE,T48SVE,T48SWD,T48SWE,T48SWF,T48SXD,T48SXE,T48SXF,T48SXG,T48SYD,T48SYE,T48SYF,T48SYG,T49SBA,T49SBB,T49SBU,T49SBV",3,"EPSG:32647,EPSG:32648,EPSG:32649",49,42,0.1924208682281152,0.08387365904984899,78887626,126036547,0.6259107209593738,EPSG:32647:2files:5169272valid:6chunks|EPSG:32648:12files:61793583valid:35chunks|EPSG:32649:4files:11924771valid:8chunks,HLS-VI.S30.T47SLC.2018047T042841.v2.0.NDVI.tif|HLS-VI.S30.T47TLE.2018047T042841.v2.0.NDVI.tif|HLS-VI.S30.T48SVE.2018047T033819.v2.0.NDVI.tif|HLS-VI.S30.T48SWD.2018047T033819.v2.0.NDVI.tif|HLS-VI.S30.T48SWE.2018047T033819.v2.0.NDVI.tif|HLS-VI.S30.T48SWF.2018047T033819.v2.0.NDVI.tif|HLS-VI.S30.T48SXD.2018047T033819.v2.0.NDVI.tif|HLS-VI.S30.T48SXE.2018047T033819.v2.0.NDVI.tif|HLS-VI.S30.T48SXF.2018047T033819.v2.0.NDVI.tif|HLS-VI.S30.T48SXG.2018047T033819.v2.0.NDVI.tif|HLS-VI.S30.T48SYD.2018047T033819.v2.0.NDVI.tif|HLS-VI.S30.T48SYE.2018047T033819.v2.0.NDVI.tif|HLS-VI.S30.T48SYF.2018047T033819.v2.0.NDVI.tif|HLS-VI.S30.T48SYG.2018047T033819.v2.0.NDVI.tif|HLS-VI.S30.T49SBA.2018047T033819.v2.0.NDVI.tif|HLS-VI.S30.T49SBB.2018047T033819.v2.0.NDVI.tif|HLS-VI.S30.T49SBU.2018047T033819.v2.0.NDVI.tif|HLS-VI.S30.T49SBV.2018047T033819.v2.0.NDVI.tif
2018-02-17,1,T47SQV,1,EPSG:32647,1,1,0.24441705125623772,0.03891488980089296,20390,122050,0.16706267922982385,EPSG:32647:1files:20390valid:1chunks,HLS-VI.S30.T47SQV.2018048T035821.v2.0.NDVI.tif
2018-02-19,3,"T46TEL,T46TFK,T46TFM",1,EPSG:32646,15,11,0.05649956878308465,0.033585006410329056,9300921,28752292,0.3234845069047017,EPSG:32646:3files:9300921valid:15chunks,HLS-VI.S30.T46TEL.2018050T043831.v2.0.NDVI.tif|HLS-VI.S30.T46TFK.2018050T043831.v2.0.NDVI.tif|HLS-VI.S30.T46TFM.2018050T043831.v2.0.NDVI.tif
2018-02-21,13,"T46TEK,T46TEL,T46TFM,T46TGN,T47TLF,T47TLG,T47TLH,T48SXE,T48SYE,T48SYF,T48SYG,T49SBA,T49SBV",4,"EPSG:32646,EPSG:32647,EPSG:32648,EPSG:32649",44,43,0.13177395136604578,0.1261493311088262,60674890,100791808,0.6019823555501653,EPSG:32646:4files:11816326valid:13chunks|EPSG:32647:3files:16753867valid:8chunks|EPSG:32648:4files:23049368valid:16chunks|EPSG:32649:2files:9055329valid:7chunks,HLS-VI.S30.T46TEK.2018052T042809.v2.0.NDVI.tif|HLS-VI.S30.T46TEL.2018052T042809.v2.0.NDVI.tif|HLS-VI.S30.T46TFM.2018052T042809.v2.0.NDVI.tif|HLS-VI.S30.T46TGN.2018052T042809.v2.0.NDVI.tif|HLS-VI.S30.T47TLF.2018052T042809.v2.0.NDVI.tif|HLS-VI.S30.T47TLG.2018052T042809.v2.0.NDVI.tif|HLS-VI.S30.T47TLH.2018052T042809.v2.0.NDVI.tif|HLS-VI.S30.T48SXE.2018052T033751.v2.0.NDVI.tif|HLS-VI.S30.T48SYE.2018052T033751.v2.0.NDVI.tif|HLS-VI.S30.T48SYF.2018052T033751.v2.0.NDVI.tif|HLS-VI.S30.T48SYG.2018052T033751.v2.0.NDVI.tif|HLS-VI.S30.T49SBA.2018052T033751.v2.0.NDVI.tif|HLS-VI.S30.T49SBV.2018052T033751.v2.0.NDVI.tif
2018-02-22,5,"T48SUH,T48SUJ,T48SVG,T48SVH,T48SVJ",1,EPSG:32648,18,12,0.08038906549034086,0.030607994068996454,18769154,33648470,0.557801112502292,EPSG:32648:5files:18769154valid:18chunks,HLS-VI.S30.T48SUH.2018053T035749.v2.0.NDVI.tif|HLS-VI.S30.T48SUJ.2018053T035749.v2.0.NDVI.tif|HLS-VI.S30.T48SVG.2018053T035749.v2.0.NDVI.tif|HLS-VI.S30.T48SVH.2018053T035749.v2.0.NDVI.tif|HLS-VI.S30.T48SVJ.2018053T035749.v2.0.NDVI.tif
2018-02-23,7,"T47TLG,T47TLH,T48SYD,T48SYE,T48SYF,T49SBV,T49SCA",3,"EPSG:32647,EPSG:32648,EPSG:32649",20,19,0.20116718548708123,0.10405481203868977,29140117,44892524,0.6491084573458156,EPSG:32647:2files:6457079valid:6chunks|EPSG:32648:3files:14504789valid:8chunks|EPSG:32649:2files:8178249valid:6chunks,HLS-VI.S30.T47TLG.2018054T041751.v2.0.NDVI.tif|HLS-VI.S30.T47TLH.2018054T041751.v2.0.NDVI.tif|HLS-VI.S30.T48SYD.2018054T032729.v2.0.NDVI.tif|HLS-VI.S30.T48SYE.2018054T032729.v2.0.NDVI.tif|HLS-VI.S30.T48SYF.2018054T032729.v2.0.NDVI.tif|HLS-VI.S30.T49SBV.2018054T032729.v2.0.NDVI.tif|HLS-VI.S30.T49SCA.2018054T032729.v2.0.NDVI.tif
2018-02-24,16,"T46TDK,T46TEK,T46TEL,T46TFK,T46TFL,T46TFM,T48SUG,T48SUJ,T48SVD,T48SVE,T48SVF,T48SVJ,T48SWC,T48SWD,T48SWE,T48SWF",2,"EPSG:32646,EPSG:32648",58,47,0.12377732964948997,0.08196912383588315,89765676,160204201,0.5603203626351846,EPSG:32646:6files:25991274valid:18chunks|EPSG:32648:10files:63774402valid:40chunks,HLS-VI.S30.T46TDK.2018055T043749.v2.0.NDVI.tif|HLS-VI.S30.T46TEK.2018055T043749.v2.0.NDVI.tif|HLS-VI.S30.T46TEL.2018055T043749.v2.0.NDVI.tif|HLS-VI.S30.T46TFK.2018055T043749.v2.0.NDVI.tif|HLS-VI.S30.T46TFL.2018055T043749.v2.0.NDVI.tif|HLS-VI.S30.T46TFM.2018055T043749.v2.0.NDVI.tif|HLS-VI.S30.T48SUG.2018055T034731.v2.0.NDVI.tif|HLS-VI.S30.T48SUJ.2018055T034731.v2.0.NDVI.tif|HLS-VI.S30.T48SVD.2018055T034731.v2.0.NDVI.tif|HLS-VI.S30.T48SVE.2018055T034731.v2.0.NDVI.tif|HLS-VI.S30.T48SVF.2018055T034731.v2.0.NDVI.tif|HLS-VI.S30.T48SVJ.2018055T034731.v2.0.NDVI.tif|HLS-VI.S30.T48SWC.2018055T034731.v2.0.NDVI.tif|HLS-VI.S30.T48SWD.2018055T034731.v2.0.NDVI.tif|HLS-VI.S30.T48SWE.2018055T034731.v2.0.NDVI.tif|HLS-VI.S30.T48SWF.2018055T034731.v2.0.NDVI.tif
2018-02-25,8,"T47SQD,T47TMF,T47TNE,T47TNF,T47TPE,T47TPF,T48STH,T48STJ",2,"EPSG:32647,EPSG:32648",23,15,0.06061549180571368,0.04188134040462297,16738428,50507621,0.33140400732792386,EPSG:32647:6files:15610976valid:17chunks|EPSG:32648:2files:1127452valid:6chunks,HLS-VI.S30.T47SQD.2018056T040729.v2.0.NDVI.tif|HLS-VI.S30.T47TMF.2018056T040729.v2.0.NDVI.tif|HLS-VI.S30.T47TNE.2018056T040729.v2.0.NDVI.tif|HLS-VI.S30.T47TNF.2018056T040729.v2.0.NDVI.tif|HLS-VI.S30.T47TPE.2018056T040729.v2.0.NDVI.tif|HLS-VI.S30.T47TPF.2018056T040729.v2.0.NDVI.tif|HLS-VI.S30.T48STH.2018056T040729.v2.0.NDVI.tif|HLS-VI.S30.T48STJ.2018056T040729.v2.0.NDVI.tif
2018-02-26,1,T49SBB,1,EPSG:32649,1,1,0.1630151967369384,0.024972372967741956,921,7816,0.11783520982599795,EPSG:32649:1files:921valid:1chunks,HLS-VI.S30.T49SBB.2018057T033709.v2.0.NDVI.tif
2018-02-28,8,"T48SXD,T48SYD,T48SYE,T48SYF,T49SBA,T49SBU,T49SBV,T49SCA",2,"EPSG:32648,EPSG:32649",22,16,0.24963782204795518,0.08187254254565693,29627156,52537840,0.5639203286621605,EPSG:32648:4files:14606686valid:15chunks|EPSG:32649:4files:15020470valid:7chunks,HLS-VI.S30.T48SXD.2018059T032701.v2.0.NDVI.tif|HLS-VI.S30.T48SYD.2018059T032701.v2.0.NDVI.tif|HLS-VI.S30.T48SYE.2018059T032701.v2.0.NDVI.tif|HLS-VI.S30.T48SYF.2018059T032701.v2.0.NDVI.tif|HLS-VI.S30.T49SBA.2018059T032701.v2.0.NDVI.tif|HLS-VI.S30.T49SBU.2018059T032701.v2.0.NDVI.tif|HLS-VI.S30.T49SBV.2018059T032701.v2.0.NDVI.tif|HLS-VI.S30.T49SCA.2018059T032701.v2.0.NDVI.tif
2018-03-01,23,"T46SDJ,T46SEH,T46SFJ,T46TDK,T46TEK,T46TEL,T46TFK,T46TFL,T46TFM,T47SQU,T48STC,T48STD,T48STE,T48SUD,T48SUE,T48SUF,T48SVC,T48SVD,T48SVE,T48SVF,T48SVG,T48SWC,T48SWD",3,"EPSG:32646,EPSG:32647,EPSG:32648",74,64,0.171274788239296,0.11523037872522496,131240530,216143814,0.6071907753048162,EPSG:32646:9files:32175084valid:24chunks|EPSG:32647:1files:2040231valid:3chunks|EPSG:32648:13files:97025215valid:47chunks,HLS-VI.S30.T46SDJ.2018060T043721.v2.0.NDVI.tif|HLS-VI.S30.T46SEH.2018060T043721.v2.0.NDVI.tif|HLS-VI.S30.T46SFJ.2018060T043721.v2.0.NDVI.tif|HLS-VI.S30.T46TDK.2018060T043721.v2.0.NDVI.tif|HLS-VI.S30.T46TEK.2018060T043721.v2.0.NDVI.tif|HLS-VI.S30.T46TEL.2018060T043721.v2.0.NDVI.tif|HLS-VI.S30.T46TFK.2018060T043721.v2.0.NDVI.tif|HLS-VI.S30.T46TFL.2018060T043721.v2.0.NDVI.tif|HLS-VI.S30.T46TFM.2018060T043721.v2.0.NDVI.tif|HLS-VI.S30.T47SQU.2018060T034649.v2.0.NDVI.tif|HLS-VI.S30.T48STC.2018060T034649.v2.0.NDVI.tif|HLS-VI.S30.T48STD.2018060T034649.v2.0.NDVI.tif|HLS-VI.S30.T48STE.2018060T034649.v2.0.NDVI.tif|HLS-VI.S30.T48SUD.2018060T034649.v2.0.NDVI.tif|HLS-VI.S30.T48SUE.2018060T034649.v2.0.NDVI.tif|HLS-VI.S30.T48SUF.2018060T034649.v2.0.NDVI.tif|HLS-VI.S30.T48SVC.2018060T034649.v2.0.NDVI.tif|HLS-VI.S30.T48SVD.2018060T034649.v2.0.NDVI.tif|HLS-VI.S30.T48SVE.2018060T034649.v2.0.NDVI.tif|HLS-VI.S30.T48SVF.2018060T034649.v2.0.NDVI.tif|HLS-VI.S30.T48SVG.2018060T034649.v2.0.NDVI.tif|HLS-VI.S30.T48SWC.2018060T034649.v2.0.NDVI.tif|HLS-VI.S30.T48SWD.2018060T034649.v2.0.NDVI.tif
2018-03-02,1,T48STH,1,EPSG:32648,4,2,0.12654937866761237,0.030360782681914132,756523,13395600,0.05647548448744364,EPSG:32648:1files:756523valid:4chunks,HLS-VI.S30.T48STH.2018061T040701.v2.0.NDVI.tif
2018-03-04,7,"T47SPD,T47SQC,T48STH,T48SUH,T48SVG,T48SVH,T48SVJ",2,"EPSG:32647,EPSG:32648",32,24,0.1083782779500329,0.048778110485020766,38331726,74423193,0.5150508121843146,EPSG:32647:2files:13478856valid:12chunks|EPSG:32648:5files:24852870valid:20chunks,HLS-VI.S30.T47SPD.2018063T035629.v2.0.NDVI.tif|HLS-VI.S30.T47SQC.2018063T035629.v2.0.NDVI.tif|HLS-VI.S30.T48STH.2018063T035629.v2.0.NDVI.tif|HLS-VI.S30.T48SUH.2018063T035629.v2.0.NDVI.tif|HLS-VI.S30.T48SVG.2018063T035629.v2.0.NDVI.tif|HLS-VI.S30.T48SVH.2018063T035629.v2.0.NDVI.tif|HLS-VI.S30.T48SVJ.2018063T035629.v2.0.NDVI.tif
2018-03-05,4,"T47TLG,T47TLH,T47TMF,T47TNF",1,EPSG:32647,11,10,0.06509594731777303,0.01807495704049571,10980096,22452134,0.4890446493861118,EPSG:32647:4files:10980096valid:11chunks,HLS-VI.S30.T47TLG.2018064T041701.v2.0.NDVI.tif|HLS-VI.S30.T47TLH.2018064T041701.v2.0.NDVI.tif|HLS-VI.S30.T47TMF.2018064T041701.v2.0.NDVI.tif|HLS-VI.S30.T47TNF.2018064T041701.v2.0.NDVI.tif
2018-03-06,5,"T46TEK,T46TEL,T46TFK,T46TFL,T46TFM",1,EPSG:32646,19,14,0.04650687727888057,0.02200742713547115,25879369,39060952,0.6625381019899361,EPSG:32646:5files:25879369valid:19chunks,HLS-VI.S30.T46TEK.2018065T043649.v2.0.NDVI.tif|HLS-VI.S30.T46TEL.2018065T043649.v2.0.NDVI.tif|HLS-VI.S30.T46TFK.2018065T043649.v2.0.NDVI.tif|HLS-VI.S30.T46TFL.2018065T043649.v2.0.NDVI.tif|HLS-VI.S30.T46TFM.2018065T043649.v2.0.NDVI.tif
2018-03-07,10,"T47SPD,T47SQD,T47TME,T47TMF,T47TNE,T47TNF,T47TPE,T47TPF,T48STH,T48STJ",2,"EPSG:32647,EPSG:32648",27,18,0.07355900554883983,0.04448167204425319,28089041,63266661,0.44397855926046104,EPSG:32647:8files:26925897valid:21chunks|EPSG:32648:2files:1163144valid:6chunks,HLS-VI.S30.T47SPD.2018066T040619.v2.0.NDVI.tif|HLS-VI.S30.T47SQD.2018066T040619.v2.0.NDVI.tif|HLS-VI.S30.T47TME.2018066T040619.v2.0.NDVI.tif|HLS-VI.S30.T47TMF.2018066T040619.v2.0.NDVI.tif|HLS-VI.S30.T47TNE.2018066T040619.v2.0.NDVI.tif|HLS-VI.S30.T47TNF.2018066T040619.v2.0.NDVI.tif|HLS-VI.S30.T47TPE.2018066T040619.v2.0.NDVI.tif|HLS-VI.S30.T47TPF.2018066T040619.v2.0.NDVI.tif|HLS-VI.S30.T48STH.2018066T040619.v2.0.NDVI.tif|HLS-VI.S30.T48STJ.2018066T040619.v2.0.NDVI.tif
2018-03-08,19,"T46TEK,T46TGL,T46TGM,T47TKF,T47TKG,T47TLF,T47TLG,T47TLH,T48SWD,T48SWF,T48SXF,T48SXG,T48SYE,T48SYF,T48SYG,T49SBA,T49SBB,T49SBU,T49SBV",4,"EPSG:32646,EPSG:32647,EPSG:32648,EPSG:32649",65,60,0.1342074034661737,0.09219351751139307,115511459,159641616,0.7235673372286585,EPSG:32646:3files:26182735valid:18chunks|EPSG:32647:5files:35362773valid:13chunks|EPSG:32648:7files:41896981valid:26chunks|EPSG:32649:4files:12068970valid:8chunks,HLS-VI.S30.T46TEK.2018067T042701.v2.0.NDVI.tif|HLS-VI.S30.T46TGL.2018067T042701.v2.0.NDVI.tif|HLS-VI.S30.T46TGM.2018067T042701.v2.0.NDVI.tif|HLS-VI.S30.T47TKF.2018067T042701.v2.0.NDVI.tif|HLS-VI.S30.T47TKG.2018067T042701.v2.0.NDVI.tif|HLS-VI.S30.T47TLF.2018067T042701.v2.0.NDVI.tif|HLS-VI.S30.T47TLG.2018067T042701.v2.0.NDVI.tif|HLS-VI.S30.T47TLH.2018067T042701.v2.0.NDVI.tif|HLS-VI.S30.T48SWD.2018067T033559.v2.0.NDVI.tif|HLS-VI.S30.T48SWF.2018067T033559.v2.0.NDVI.tif|HLS-VI.S30.T48SXF.2018067T033559.v2.0.NDVI.tif|HLS-VI.S30.T48SXG.2018067T033559.v2.0.NDVI.tif|HLS-VI.S30.T48SYE.2018067T033559.v2.0.NDVI.tif|HLS-VI.S30.T48SYF.2018067T033559.v2.0.NDVI.tif|HLS-VI.S30.T48SYG.2018067T033559.v2.0.NDVI.tif|HLS-VI.S30.T49SBA.2018067T033559.v2.0.NDVI.tif|HLS-VI.S30.T49SBB.2018067T033559.v2.0.NDVI.tif|HLS-VI.S30.T49SBU.2018067T033559.v2.0.NDVI.tif|HLS-VI.S30.T49SBV.2018067T033559.v2.0.NDVI.tif
2018-03-09,8,"T47SQD,T48STJ,T48SUF,T48SUH,T48SUJ,T48SVG,T48SVH,T48SVJ",2,"EPSG:32647,EPSG:32648",28,21,0.10168900705037981,0.05471629497908876,29404462,71360285,0.41205639803708743,EPSG:32647:1files:2023922valid:2chunks|EPSG:32648:7files:27380540valid:26chunks,HLS-VI.S30.T47SQD.2018068T035601.v2.0.NDVI.tif|HLS-VI.S30.T48STJ.2018068T035601.v2.0.NDVI.tif|HLS-VI.S30.T48SUF.2018068T035601.v2.0.NDVI.tif|HLS-VI.S30.T48SUH.2018068T035601.v2.0.NDVI.tif|HLS-VI.S30.T48SUJ.2018068T035601.v2.0.NDVI.tif|HLS-VI.S30.T48SVG.2018068T035601.v2.0.NDVI.tif|HLS-VI.S30.T48SVH.2018068T035601.v2.0.NDVI.tif|HLS-VI.S30.T48SVJ.2018068T035601.v2.0.NDVI.tif
2018-03-10,12,"T46TGK,T46TGL,T47TKE,T47TKF,T47TLE,T47TLF,T47TLG,T47TLH,T47TME,T47TMF,T47TNE,T47TNF",2,"EPSG:32646,EPSG:32647",37,31,0.06431123074547719,0.03200904953281384,63297110,111673493,0.5668051414850971,EPSG:32646:2files:6374176valid:8chunks|EPSG:32647:10files:56922934valid:29chunks,HLS-VI.S30.T46TGK.2018069T041559.v2.0.NDVI.tif|HLS-VI.S30.T46TGL.2018069T041559.v2.0.NDVI.tif|HLS-VI.S30.T47TKE.2018069T041559.v2.0.NDVI.tif|HLS-VI.S30.T47TKF.2018069T041559.v2.0.NDVI.tif|HLS-VI.S30.T47TLE.2018069T041559.v2.0.NDVI.tif|HLS-VI.S30.T47TLF.2018069T041559.v2.0.NDVI.tif|HLS-VI.S30.T47TLG.2018069T041559.v2.0.NDVI.tif|HLS-VI.S30.T47TLH.2018069T041559.v2.0.NDVI.tif|HLS-VI.S30.T47TME.2018069T041559.v2.0.NDVI.tif|HLS-VI.S30.T47TMF.2018069T041559.v2.0.NDVI.tif|HLS-VI.S30.T47TNE.2018069T041559.v2.0.NDVI.tif|HLS-VI.S30.T47TNF.2018069T041559.v2.0.NDVI.tif
2018-03-11,17,"T48STF,T48SUE,T48SUF,T48SUG,T48SUH,T48SUJ,T48SVD,T48SVE,T48SVF,T48SVG,T48SVH,T48SVJ,T48SWC,T48SWD,T48SWE,T48SWF,T48SWG",1,EPSG:32648,49,43,0.1617000319095392,0.07982843248725144,96981954,153567260,0.6315275404405861,EPSG:32648:17files:96981954valid:49chunks,HLS-VI.S30.T48STF.2018070T034539.v2.0.NDVI.tif|HLS-VI.S30.T48SUE.2018070T034539.v2.0.NDVI.tif|HLS-VI.S30.T48SUF.2018070T034539.v2.0.NDVI.tif|HLS-VI.S30.T48SUG.2018070T034539.v2.0.NDVI.tif|HLS-VI.S30.T48SUH.2018070T034539.v2.0.NDVI.tif|HLS-VI.S30.T48SUJ.2018070T034539.v2.0.NDVI.tif|HLS-VI.S30.T48SVD.2018070T034539.v2.0.NDVI.tif|HLS-VI.S30.T48SVE.2018070T034539.v2.0.NDVI.tif|HLS-VI.S30.T48SVF.2018070T034539.v2.0.NDVI.tif|HLS-VI.S30.T48SVG.2018070T034539.v2.0.NDVI.tif|HLS-VI.S30.T48SVH.2018070T034539.v2.0.NDVI.tif|HLS-VI.S30.T48SVJ.2018070T034539.v2.0.NDVI.tif|HLS-VI.S30.T48SWC.2018070T034539.v2.0.NDVI.tif|HLS-VI.S30.T48SWD.2018070T034539.v2.0.NDVI.tif|HLS-VI.S30.T48SWE.2018070T034539.v2.0.NDVI.tif|HLS-VI.S30.T48SWF.2018070T034539.v2.0.NDVI.tif|HLS-VI.S30.T48SWG.2018070T034539.v2.0.NDVI.tif
2018-03-12,11,"T47SPD,T47SQC,T47SQD,T47TME,T47TMF,T47TNE,T47TNF,T47TPE,T47TPF,T48STH,T48STJ",2,"EPSG:32647,EPSG:32648",30,20,0.08251673333216218,0.05279441379804191,31361027,82464127,0.38029902384099695,EPSG:32647:9files:30244109valid:24chunks|EPSG:32648:2files:1116918valid:6chunks,HLS-VI.S30.T47SPD.2018071T040551.v2.0.NDVI.tif|HLS-VI.S30.T47SQC.2018071T040551.v2.0.NDVI.tif|HLS-VI.S30.T47SQD.2018071T040551.v2.0.NDVI.tif|HLS-VI.S30.T47TME.2018071T040551.v2.0.NDVI.tif|HLS-VI.S30.T47TMF.2018071T040551.v2.0.NDVI.tif|HLS-VI.S30.T47TNE.2018071T040551.v2.0.NDVI.tif|HLS-VI.S30.T47TNF.2018071T040551.v2.0.NDVI.tif|HLS-VI.S30.T47TPE.2018071T040551.v2.0.NDVI.tif|HLS-VI.S30.T47TPF.2018071T040551.v2.0.NDVI.tif|HLS-VI.S30.T48STH.2018071T040551.v2.0.NDVI.tif|HLS-VI.S30.T48STJ.2018071T040551.v2.0.NDVI.tif
2018-03-13,11,"T46TGN,T48SVD,T48SWC,T48SWD,T48SXC,T48SXD,T48SXG,T48SYD,T48SYG,T49SBB,T49SBU",3,"EPSG:32646,EPSG:32648,EPSG:32649",32,28,0.2902052548523965,0.12581179237522747,37241512,82047625,0.4539011580164569,EPSG:32646:1files:1430376valid:1chunks|EPSG:32648:8files:35644377valid:27chunks|EPSG:32649:2files:166759valid:4chunks,HLS-VI.S30.T46TGN.2018072T042659.v2.0.NDVI.tif|HLS-VI.S30.T48SVD.2018072T033531.v2.0.NDVI.tif|HLS-VI.S30.T48SWC.2018072T033531.v2.0.NDVI.tif|HLS-VI.S30.T48SWD.2018072T033531.v2.0.NDVI.tif|HLS-VI.S30.T48SXC.2018072T033531.v2.0.NDVI.tif|HLS-VI.S30.T48SXD.2018072T033531.v2.0.NDVI.tif|HLS-VI.S30.T48SXG.2018072T033531.v2.0.NDVI.tif|HLS-VI.S30.T48SYD.2018072T033531.v2.0.NDVI.tif|HLS-VI.S30.T48SYG.2018072T033531.v2.0.NDVI.tif|HLS-VI.S30.T49SBB.2018072T033531.v2.0.NDVI.tif|HLS-VI.S30.T49SBU.2018072T033531.v2.0.NDVI.tif
2018-03-14,4,"T48SUD,T48SUE,T48SUJ,T48SVJ",1,EPSG:32648,14,10,0.13213982505283514,0.1029192417105593,13742714,42232914,0.32540293099358475,EPSG:32648:4files:13742714valid:14chunks,HLS-VI.S30.T48SUD.2018073T035529.v2.0.NDVI.tif|HLS-VI.S30.T48SUE.2018073T035529.v2.0.NDVI.tif|HLS-VI.S30.T48SUJ.2018073T035529.v2.0.NDVI.tif|HLS-VI.S30.T48SVJ.2018073T035529.v2.0.NDVI.tif
2018-03-15,7,"T48SYD,T48SYE,T48SYF,T49SBA,T49SBU,T49SBV,T49SCA",2,"EPSG:32648,EPSG:32649",15,15,0.24119803389737526,0.07597005101468733,29288333,37683917,0.7772104210929028,EPSG:32648:3files:14348913valid:8chunks|EPSG:32649:4files:14939420valid:7chunks,HLS-VI.S30.T48SYD.2018074T032529.v2.0.NDVI.tif|HLS-VI.S30.T48SYE.2018074T032529.v2.0.NDVI.tif|HLS-VI.S30.T48SYF.2018074T032529.v2.0.NDVI.tif|HLS-VI.S30.T49SBA.2018074T032529.v2.0.NDVI.tif|HLS-VI.S30.T49SBU.2018074T032529.v2.0.NDVI.tif|HLS-VI.S30.T49SBV.2018074T032529.v2.0.NDVI.tif|HLS-VI.S30.T49SCA.2018074T032529.v2.0.NDVI.tif
2018-03-16,12,"T46SDJ,T46SEH,T46SEJ,T46SFH,T46SFJ,T46TEK,T47SQT,T47SQU,T48STC,T48STD,T48STE,T48SUJ",3,"EPSG:32646,EPSG:32647,EPSG:32648",36,27,0.1247051753844771,0.11124855503639318,44754645,88850208,0.5037089502367851,EPSG:32646:6files:25415976valid:17chunks|EPSG:32647:2files:3575441valid:5chunks|EPSG:32648:4files:15763228valid:14chunks,HLS-VI.S30.T46SDJ.2018075T043659.v2.0.NDVI.tif|HLS-VI.S30.T46SEH.2018075T043659.v2.0.NDVI.tif|HLS-VI.S30.T46SEJ.2018075T043659.v2.0.NDVI.tif|HLS-VI.S30.T46SFH.2018075T043659.v2.0.NDVI.tif|HLS-VI.S30.T46SFJ.2018075T043659.v2.0.NDVI.tif|HLS-VI.S30.T46TEK.2018075T043659.v2.0.NDVI.tif|HLS-VI.S30.T47SQT.2018075T034531.v2.0.NDVI.tif|HLS-VI.S30.T47SQU.2018075T034531.v2.0.NDVI.tif|HLS-VI.S30.T48STC.2018075T034531.v2.0.NDVI.tif|HLS-VI.S30.T48STD.2018075T034531.v2.0.NDVI.tif|HLS-VI.S30.T48STE.2018075T034531.v2.0.NDVI.tif|HLS-VI.S30.T48SUJ.2018075T034531.v2.0.NDVI.tif
2018-03-18,13,"T46TEK,T46TEL,T46TFL,T46TFM,T46TGK,T46TGL,T46TGM,T46TGN,T47TKE,T47TKF,T47TKG,T47TLG,T47TLH",2,"EPSG:32646,EPSG:32647",42,40,0.058101489822065644,0.02368309118059446,95052097,113890412,0.8345926169799087,EPSG:32646:8files:53864683valid:27chunks|EPSG:32647:5files:41187414valid:15chunks,HLS-VI.S30.T46TEK.2018077T042701.v2.0.NDVI.tif|HLS-VI.S30.T46TEL.2018077T042701.v2.0.NDVI.tif|HLS-VI.S30.T46TFL.2018077T042701.v2.0.NDVI.tif|HLS-VI.S30.T46TFM.2018077T042701.v2.0.NDVI.tif|HLS-VI.S30.T46TGK.2018077T042701.v2.0.NDVI.tif|HLS-VI.S30.T46TGL.2018077T042701.v2.0.NDVI.tif|HLS-VI.S30.T46TGM.2018077T042701.v2.0.NDVI.tif|HLS-VI.S30.T46TGN.2018077T042701.v2.0.NDVI.tif|HLS-VI.S30.T47TKE.2018077T042701.v2.0.NDVI.tif|HLS-VI.S30.T47TKF.2018077T042701.v2.0.NDVI.tif|HLS-VI.S30.T47TKG.2018077T042701.v2.0.NDVI.tif|HLS-VI.S30.T47TLG.2018077T042701.v2.0.NDVI.tif|HLS-VI.S30.T47TLH.2018077T042701.v2.0.NDVI.tif
2018-03-19,6,"T48STF,T48SUD,T48SUE,T48SUF,T48SVG,T48SVH",1,EPSG:32648,24,13,0.17358478671330577,0.09911031137875531,12950708,69155590,0.18726914194499678,EPSG:32648:6files:12950708valid:24chunks,HLS-VI.S30.T48STF.2018078T035531.v2.0.NDVI.tif|HLS-VI.S30.T48SUD.2018078T035531.v2.0.NDVI.tif|HLS-VI.S30.T48SUE.2018078T035531.v2.0.NDVI.tif|HLS-VI.S30.T48SUF.2018078T035531.v2.0.NDVI.tif|HLS-VI.S30.T48SVG.2018078T035531.v2.0.NDVI.tif|HLS-VI.S30.T48SVH.2018078T035531.v2.0.NDVI.tif
2018-03-20,1,T47TNF,1,EPSG:32647,2,2,0.05341566649507672,0.010523611943372223,2933009,4385265,0.6688327843357242,EPSG:32647:1files:2933009valid:2chunks,HLS-VI.S30.T47TNF.2018079T041539.v2.0.NDVI.tif
2018-03-21,9,"T46SDJ,T46SEJ,T46SFJ,T46TDK,T46TEK,T46TEL,T46TFK,T46TFL,T46TFM",1,EPSG:32646,22,18,0.053812709679136136,0.03530495283251616,38921812,64008358,0.6080739018488804,EPSG:32646:9files:38921812valid:22chunks,HLS-VI.S30.T46SDJ.2018080T043701.v2.0.NDVI.tif|HLS-VI.S30.T46SEJ.2018080T043701.v2.0.NDVI.tif|HLS-VI.S30.T46SFJ.2018080T043701.v2.0.NDVI.tif|HLS-VI.S30.T46TDK.2018080T043701.v2.0.NDVI.tif|HLS-VI.S30.T46TEK.2018080T043701.v2.0.NDVI.tif|HLS-VI.S30.T46TEL.2018080T043701.v2.0.NDVI.tif|HLS-VI.S30.T46TFK.2018080T043701.v2.0.NDVI.tif|HLS-VI.S30.T46TFL.2018080T043701.v2.0.NDVI.tif|HLS-VI.S30.T46TFM.2018080T043701.v2.0.NDVI.tif
2018-03-22,13,"T47SND,T47SPC,T47SPD,T47SQC,T47SQD,T47TME,T47TMF,T47TNE,T47TNF,T47TPE,T47TPF,T48STH,T48STJ",2,"EPSG:32647,EPSG:32648",33,23,0.09956000324140003,0.07162797155771035,47086319,89825830,0.5241957575009326,EPSG:32647:11files:45950250valid:27chunks|EPSG:32648:2files:1136069valid:6chunks,HLS-VI.S30.T47SND.2018081T040701.v2.0.NDVI.tif|HLS-VI.S30.T47SPC.2018081T040701.v2.0.NDVI.tif|HLS-VI.S30.T47SPD.2018081T040701.v2.0.NDVI.tif|HLS-VI.S30.T47SQC.2018081T040701.v2.0.NDVI.tif|HLS-VI.S30.T47SQD.2018081T040701.v2.0.NDVI.tif|HLS-VI.S30.T47TME.2018081T040701.v2.0.NDVI.tif|HLS-VI.S30.T47TMF.2018081T040701.v2.0.NDVI.tif|HLS-VI.S30.T47TNE.2018081T040701.v2.0.NDVI.tif|HLS-VI.S30.T47TNF.2018081T040701.v2.0.NDVI.tif|HLS-VI.S30.T47TPE.2018081T040701.v2.0.NDVI.tif|HLS-VI.S30.T47TPF.2018081T040701.v2.0.NDVI.tif|HLS-VI.S30.T48STH.2018081T040701.v2.0.NDVI.tif|HLS-VI.S30.T48STJ.2018081T040701.v2.0.NDVI.tif
2018-03-23,19,"T46TEK,T46TEL,T46TFK,T46TFL,T46TFM,T46TGK,T46TGL,T46TGM,T46TGN,T47TKE,T47TKF,T47TKG,T47TLE,T47TLF,T47TLG,T47TLH,T48SXG,T48SYG,T49SBB",4,"EPSG:32646,EPSG:32647,EPSG:32648,EPSG:32649",54,49,0.06310700850782115,0.029685002542188445,118036691,137086992,0.8610349477943173,EPSG:32646:9files:63070469valid:29chunks|EPSG:32647:7files:52615043valid:21chunks|EPSG:32648:2files:2343363valid:3chunks|EPSG:32649:1files:7816valid:1chunks,HLS-VI.S30.T46TEK.2018082T042659.v2.0.NDVI.tif|HLS-VI.S30.T46TEL.2018082T042659.v2.0.NDVI.tif|HLS-VI.S30.T46TFK.2018082T042659.v2.0.NDVI.tif|HLS-VI.S30.T46TFL.2018082T042659.v2.0.NDVI.tif|HLS-VI.S30.T46TFM.2018082T042659.v2.0.NDVI.tif|HLS-VI.S30.T46TGK.2018082T042659.v2.0.NDVI.tif|HLS-VI.S30.T46TGL.2018082T042659.v2.0.NDVI.tif|HLS-VI.S30.T46TGM.2018082T042659.v2.0.NDVI.tif|HLS-VI.S30.T46TGN.2018082T042659.v2.0.NDVI.tif|HLS-VI.S30.T47TKE.2018082T042659.v2.0.NDVI.tif|HLS-VI.S30.T47TKF.2018082T042659.v2.0.NDVI.tif|HLS-VI.S30.T47TKG.2018082T042659.v2.0.NDVI.tif|HLS-VI.S30.T47TLE.2018082T042659.v2.0.NDVI.tif|HLS-VI.S30.T47TLF.2018082T042659.v2.0.NDVI.tif|HLS-VI.S30.T47TLG.2018082T042659.v2.0.NDVI.tif|HLS-VI.S30.T47TLH.2018082T042659.v2.0.NDVI.tif|HLS-VI.S30.T48SXG.2018082T033531.v2.0.NDVI.tif|HLS-VI.S30.T48SYG.2018082T033531.v2.0.NDVI.tif|HLS-VI.S30.T49SBB.2018082T033531.v2.0.NDVI.tif
2018-03-24,10,"T47SPD,T47SQD,T48STH,T48STJ,T48SUG,T48SUH,T48SUJ,T48SVG,T48SVH,T48SVJ",2,"EPSG:32647,EPSG:32648",31,23,0.10535683261517091,0.05678817633251732,46325427,67114741,0.6902422077438993,EPSG:32647:2files:4491160valid:6chunks|EPSG:32648:8files:41834267valid:25chunks,HLS-VI.S30.T47SPD.2018083T035529.v2.0.NDVI.tif|HLS-VI.S30.T47SQD.2018083T035529.v2.0.NDVI.tif|HLS-VI.S30.T48STH.2018083T035529.v2.0.NDVI.tif|HLS-VI.S30.T48STJ.2018083T035529.v2.0.NDVI.tif|HLS-VI.S30.T48SUG.2018083T035529.v2.0.NDVI.tif|HLS-VI.S30.T48SUH.2018083T035529.v2.0.NDVI.tif|HLS-VI.S30.T48SUJ.2018083T035529.v2.0.NDVI.tif|HLS-VI.S30.T48SVG.2018083T035529.v2.0.NDVI.tif|HLS-VI.S30.T48SVH.2018083T035529.v2.0.NDVI.tif|HLS-VI.S30.T48SVJ.2018083T035529.v2.0.NDVI.tif
2018-03-26,4,"T48SUH,T48SUJ,T48SVH,T48SVJ",1,EPSG:32648,11,10,0.07842005462684344,0.014614233003296792,10966324,20125454,0.5448982169545095,EPSG:32648:4files:10966324valid:11chunks,HLS-VI.S30.T48SUH.2018085T034701.v2.0.NDVI.tif|HLS-VI.S30.T48SUJ.2018085T034701.v2.0.NDVI.tif|HLS-VI.S30.T48SVH.2018085T034701.v2.0.NDVI.tif|HLS-VI.S30.T48SVJ.2018085T034701.v2.0.NDVI.tif
2018-03-27,2,"T47TMF,T47TNF",1,EPSG:32647,4,3,0.049716013822758344,0.012237775532565125,3531000,6020569,0.5864894165318926,EPSG:32647:2files:3531000valid:4chunks,HLS-VI.S30.T47TMF.2018086T040539.v2.0.NDVI.tif|HLS-VI.S30.T47TNF.2018086T040539.v2.0.NDVI.tif
2018-03-28,24,"T47TLG,T47TLH,T48SVB,T48SVC,T48SVD,T48SVE,T48SWB,T48SWC,T48SWD,T48SWE,T48SWF,T48SXC,T48SXD,T48SXE,T48SXF,T48SXG,T48SYD,T48SYE,T48SYF,T48SYG,T49SBA,T49SBB,T49SBU,T49SBV",3,"EPSG:32647,EPSG:32648,EPSG:32649",61,56,0.2710331244870521,0.13484048965040404,115022842,155156507,0.7413343096206723,EPSG:32647:2files:9147547valid:6chunks|EPSG:32648:18files:93900017valid:47chunks|EPSG:32649:4files:11975278valid:8chunks,HLS-VI.S30.T47TLG.2018087T042701.v2.0.NDVI.tif|HLS-VI.S30.T47TLH.2018087T042701.v2.0.NDVI.tif|HLS-VI.S30.T48SVB.2018087T033739.v2.0.NDVI.tif|HLS-VI.S30.T48SVC.2018087T033739.v2.0.NDVI.tif|HLS-VI.S30.T48SVD.2018087T033739.v2.0.NDVI.tif|HLS-VI.S30.T48SVE.2018087T033739.v2.0.NDVI.tif|HLS-VI.S30.T48SWB.2018087T033739.v2.0.NDVI.tif|HLS-VI.S30.T48SWC.2018087T033739.v2.0.NDVI.tif|HLS-VI.S30.T48SWD.2018087T033739.v2.0.NDVI.tif|HLS-VI.S30.T48SWE.2018087T033739.v2.0.NDVI.tif|HLS-VI.S30.T48SWF.2018087T033739.v2.0.NDVI.tif|HLS-VI.S30.T48SXC.2018087T033739.v2.0.NDVI.tif|HLS-VI.S30.T48SXD.2018087T033739.v2.0.NDVI.tif|HLS-VI.S30.T48SXE.2018087T033739.v2.0.NDVI.tif|HLS-VI.S30.T48SXF.2018087T033739.v2.0.NDVI.tif|HLS-VI.S30.T48SXG.2018087T033739.v2.0.NDVI.tif|HLS-VI.S30.T48SYD.2018087T033739.v2.0.NDVI.tif|HLS-VI.S30.T48SYE.2018087T033739.v2.0.NDVI.tif|HLS-VI.S30.T48SYF.2018087T033739.v2.0.NDVI.tif|HLS-VI.S30.T48SYG.2018087T033739.v2.0.NDVI.tif|HLS-VI.S30.T49SBA.2018087T033739.v2.0.NDVI.tif|HLS-VI.S30.T49SBB.2018087T033739.v2.0.NDVI.tif|HLS-VI.S30.T49SBU.2018087T033739.v2.0.NDVI.tif|HLS-VI.S30.T49SBV.2018087T033739.v2.0.NDVI.tif
2018-03-29,13,"T47SPT,T47SPU,T47SQT,T47SQU,T47SQV,T48STC,T48STD,T48STE,T48SUD,T48SUE,T48SUF,T48SUG,T48SVG",2,"EPSG:32647,EPSG:32648",38,29,0.21431767601579793,0.09505849692967382,43460797,94770150,0.4585916240503998,EPSG:32647:5files:8698100valid:10chunks|EPSG:32648:8files:34762697valid:28chunks,HLS-VI.S30.T47SPT.2018088T035711.v2.0.NDVI.tif|HLS-VI.S30.T47SPU.2018088T035711.v2.0.NDVI.tif|HLS-VI.S30.T47SQT.2018088T035711.v2.0.NDVI.tif|HLS-VI.S30.T47SQU.2018088T035711.v2.0.NDVI.tif|HLS-VI.S30.T47SQV.2018088T035711.v2.0.NDVI.tif|HLS-VI.S30.T48STC.2018088T035711.v2.0.NDVI.tif|HLS-VI.S30.T48STD.2018088T035711.v2.0.NDVI.tif|HLS-VI.S30.T48STE.2018088T035711.v2.0.NDVI.tif|HLS-VI.S30.T48SUD.2018088T035711.v2.0.NDVI.tif|HLS-VI.S30.T48SUE.2018088T035711.v2.0.NDVI.tif|HLS-VI.S30.T48SUF.2018088T035711.v2.0.NDVI.tif|HLS-VI.S30.T48SUG.2018088T035711.v2.0.NDVI.tif|HLS-VI.S30.T48SVG.2018088T035711.v2.0.NDVI.tif
2018-03-30,5,"T47SND,T47TME,T47TMF,T47TNE,T47TNF",1,EPSG:32647,17,12,0.06007352077006245,0.030697114441975336,25522264,44105848,0.5786594104255744,EPSG:32647:5files:25522264valid:17chunks,HLS-VI.S30.T47SND.2018089T041659.v2.0.NDVI.tif|HLS-VI.S30.T47TME.2018089T041659.v2.0.NDVI.tif|HLS-VI.S30.T47TMF.2018089T041659.v2.0.NDVI.tif|HLS-VI.S30.T47TNE.2018089T041659.v2.0.NDVI.tif|HLS-VI.S30.T47TNF.2018089T041659.v2.0.NDVI.tif
2018-03-31,1,T46TFK,1,EPSG:32646,4,2,0.056949738121687125,0.04084351448511217,5459815,13395600,0.4075827137268954,EPSG:32646:1files:5459815valid:4chunks,HLS-VI.S30.T46TFK.2018090T043701.v2.0.NDVI.tif
2018-04-01,5,"T47SPB,T47SQB,T47TME,T47TMF,T48STH",2,"EPSG:32647,EPSG:32648",14,7,0.07856163381112334,0.05638227828116516,5278486,42331702,0.12469345078541845,EPSG:32647:4files:4585528valid:10chunks|EPSG:32648:1files:692958valid:4chunks,HLS-VI.S30.T47SPB.2018091T040541.v2.0.NDVI.tif|HLS-VI.S30.T47SQB.2018091T040541.v2.0.NDVI.tif|HLS-VI.S30.T47TME.2018091T040541.v2.0.NDVI.tif|HLS-VI.S30.T47TMF.2018091T040541.v2.0.NDVI.tif|HLS-VI.S30.T48STH.2018091T040541.v2.0.NDVI.tif
2018-04-02,30,"T46SFH,T46TGK,T47SKD,T47SLC,T47SLD,T47TKE,T47TLE,T47TLF,T48SVB,T48SVC,T48SVD,T48SVE,T48SWB,T48SWC,T48SWD,T48SWE,T48SWF,T48SXC,T48SXD,T48SXE,T48SXF,T48SXG,T48SYD,T48SYE,T48SYF,T48SYG,T49SBA,T49SBB,T49SBU,T49SBV",4,"EPSG:32646,EPSG:32647,EPSG:32648,EPSG:32649",88,75,0.23993747611013494,0.17327646574729005,159933951,244893141,0.6530764820399768,EPSG:32646:2files:17754737valid:10chunks|EPSG:32647:6files:35770694valid:23chunks|EPSG:32648:18files:94548579valid:47chunks|EPSG:32649:4files:11859941valid:8chunks,HLS-VI.S30.T46SFH.2018092T042659.v2.0.NDVI.tif|HLS-VI.S30.T46TGK.2018092T042659.v2.0.NDVI.tif|HLS-VI.S30.T47SKD.2018092T042659.v2.0.NDVI.tif|HLS-VI.S30.T47SLC.2018092T042659.v2.0.NDVI.tif|HLS-VI.S30.T47SLD.2018092T042659.v2.0.NDVI.tif|HLS-VI.S30.T47TKE.2018092T042659.v2.0.NDVI.tif|HLS-VI.S30.T47TLE.2018092T042659.v2.0.NDVI.tif|HLS-VI.S30.T47TLF.2018092T042659.v2.0.NDVI.tif|HLS-VI.S30.T48SVB.2018092T033531.v2.0.NDVI.tif|HLS-VI.S30.T48SVC.2018092T033531.v2.0.NDVI.tif|HLS-VI.S30.T48SVD.2018092T033531.v2.0.NDVI.tif|HLS-VI.S30.T48SVE.2018092T033531.v2.0.NDVI.tif|HLS-VI.S30.T48SWB.2018092T033531.v2.0.NDVI.tif|HLS-VI.S30.T48SWC.2018092T033531.v2.0.NDVI.tif|HLS-VI.S30.T48SWD.2018092T033531.v2.0.NDVI.tif|HLS-VI.S30.T48SWE.2018092T033531.v2.0.NDVI.tif|HLS-VI.S30.T48SWF.2018092T033531.v2.0.NDVI.tif|HLS-VI.S30.T48SXC.2018092T033531.v2.0.NDVI.tif|HLS-VI.S30.T48SXD.2018092T033531.v2.0.NDVI.tif|HLS-VI.S30.T48SXE.2018092T033531.v2.0.NDVI.tif|HLS-VI.S30.T48SXF.2018092T033531.v2.0.NDVI.tif|HLS-VI.S30.T48SXG.2018092T033531.v2.0.NDVI.tif|HLS-VI.S30.T48SYD.2018092T033531.v2.0.NDVI.tif|HLS-VI.S30.T48SYE.2018092T033531.v2.0.NDVI.tif|HLS-VI.S30.T48SYF.2018092T033531.v2.0.NDVI.tif|HLS-VI.S30.T48SYG.2018092T033531.v2.0.NDVI.tif|HLS-VI.S30.T49SBA.2018092T033531.v2.0.NDVI.tif|HLS-VI.S30.T49SBB.2018092T033531.v2.0.NDVI.tif|HLS-VI.S30.T49SBU.2018092T033531.v2.0.NDVI.tif|HLS-VI.S30.T49SBV.2018092T033531.v2.0.NDVI.tif
2018-04-03,10,"T47SPT,T47SQD,T47SQT,T47SQU,T48STC,T48STD,T48STE,T48STJ,T48SUD,T48SUE",2,"EPSG:32647,EPSG:32648",31,25,0.2145084574597003,0.10966306884089655,32544831,62679441,0.5192265674481685,EPSG:32647:4files:10939245valid:12chunks|EPSG:32648:6files:21605586valid:19chunks,HLS-VI.S30.T47SPT.2018093T035539.v2.0.NDVI.tif|HLS-VI.S30.T47SQD.2018093T035539.v2.0.NDVI.tif|HLS-VI.S30.T47SQT.2018093T035539.v2.0.NDVI.tif|HLS-VI.S30.T47SQU.2018093T035539.v2.0.NDVI.tif|HLS-VI.S30.T48STC.2018093T035539.v2.0.NDVI.tif|HLS-VI.S30.T48STD.2018093T035539.v2.0.NDVI.tif|HLS-VI.S30.T48STE.2018093T035539.v2.0.NDVI.tif|HLS-VI.S30.T48STJ.2018093T035539.v2.0.NDVI.tif|HLS-VI.S30.T48SUD.2018093T035539.v2.0.NDVI.tif|HLS-VI.S30.T48SUE.2018093T035539.v2.0.NDVI.tif
2018-04-05,4,"T46TEK,T46TFK,T46TFL,T46TFM",1,EPSG:32646,18,13,0.04984096854608316,0.0325579086747276,22954008,39060547,0.5876519855187896,EPSG:32646:4files:22954008valid:18chunks,HLS-VI.S30.T46TEK.2018095T043659.v2.0.NDVI.tif|HLS-VI.S30.T46TFK.2018095T043659.v2.0.NDVI.tif|HLS-VI.S30.T46TFL.2018095T043659.v2.0.NDVI.tif|HLS-VI.S30.T46TFM.2018095T043659.v2.0.NDVI.tif
2018-04-06,5,"T47TMF,T47TNE,T47TNF,T47TPE,T47TPF",1,EPSG:32647,10,9,0.0551734619887802,0.0339083446873697,14584854,21916217,0.665482277347409,EPSG:32647:5files:14584854valid:10chunks,HLS-VI.S30.T47TMF.2018096T040539.v2.0.NDVI.tif|HLS-VI.S30.T47TNE.2018096T040539.v2.0.NDVI.tif|HLS-VI.S30.T47TNF.2018096T040539.v2.0.NDVI.tif|HLS-VI.S30.T47TPE.2018096T040539.v2.0.NDVI.tif|HLS-VI.S30.T47TPF.2018096T040539.v2.0.NDVI.tif
2018-04-07,23,"T46TEK,T46TEL,T46TFM,T47TLH,T48SVC,T48SVD,T48SVE,T48SWB,T48SWC,T48SWD,T48SWE,T48SWF,T48SXC,T48SXD,T48SXE,T48SXG,T48SYD,T48SYE,T48SYF,T49SBA,T49SBB,T49SBU,T49SBV",4,"EPSG:32646,EPSG:32647,EPSG:32648,EPSG:32649",67,59,0.3104320354545555,0.1795695185956031,106299948,168130461,0.6322468121942519,EPSG:32646:3files:10805731valid:11chunks|EPSG:32647:1files:1883223valid:2chunks|EPSG:32648:15files:82000860valid:46chunks|EPSG:32649:4files:11610134valid:8chunks,HLS-VI.S30.T46TEK.2018097T042701.v2.0.NDVI.tif|HLS-VI.S30.T46TEL.2018097T042701.v2.0.NDVI.tif|HLS-VI.S30.T46TFM.2018097T042701.v2.0.NDVI.tif|HLS-VI.S30.T47TLH.2018097T042701.v2.0.NDVI.tif|HLS-VI.S30.T48SVC.2018097T033529.v2.0.NDVI.tif|HLS-VI.S30.T48SVD.2018097T033529.v2.0.NDVI.tif|HLS-VI.S30.T48SVE.2018097T033529.v2.0.NDVI.tif|HLS-VI.S30.T48SWB.2018097T033529.v2.0.NDVI.tif|HLS-VI.S30.T48SWC.2018097T033529.v2.0.NDVI.tif|HLS-VI.S30.T48SWD.2018097T033529.v2.0.NDVI.tif|HLS-VI.S30.T48SWE.2018097T033529.v2.0.NDVI.tif|HLS-VI.S30.T48SWF.2018097T033529.v2.0.NDVI.tif|HLS-VI.S30.T48SXC.2018097T033529.v2.0.NDVI.tif|HLS-VI.S30.T48SXD.2018097T033529.v2.0.NDVI.tif|HLS-VI.S30.T48SXE.2018097T033529.v2.0.NDVI.tif|HLS-VI.S30.T48SXG.2018097T033529.v2.0.NDVI.tif|HLS-VI.S30.T48SYD.2018097T033529.v2.0.NDVI.tif|HLS-VI.S30.T48SYE.2018097T033529.v2.0.NDVI.tif|HLS-VI.S30.T48SYF.2018097T033529.v2.0.NDVI.tif|HLS-VI.S30.T49SBA.2018097T033529.v2.0.NDVI.tif|HLS-VI.S30.T49SBB.2018097T033529.v2.0.NDVI.tif|HLS-VI.S30.T49SBU.2018097T033529.v2.0.NDVI.tif|HLS-VI.S30.T49SBV.2018097T033529.v2.0.NDVI.tif
2018-04-08,7,"T48SUE,T48SUG,T48SUH,T48SUJ,T48SVG,T48SVH,T48SVJ",1,EPSG:32648,26,18,0.11811720597654228,0.07859592268495083,32380474,69106573,0.4685585262634858,EPSG:32648:7files:32380474valid:26chunks,HLS-VI.S30.T48SUE.2018098T035541.v2.0.NDVI.tif|HLS-VI.S30.T48SUG.2018098T035541.v2.0.NDVI.tif|HLS-VI.S30.T48SUH.2018098T035541.v2.0.NDVI.tif|HLS-VI.S30.T48SUJ.2018098T035541.v2.0.NDVI.tif|HLS-VI.S30.T48SVG.2018098T035541.v2.0.NDVI.tif|HLS-VI.S30.T48SVH.2018098T035541.v2.0.NDVI.tif|HLS-VI.S30.T48SVJ.2018098T035541.v2.0.NDVI.tif
2018-04-09,11,"T47SMC,T47TLG,T47TLH,T48SXD,T48SYD,T48SYE,T48SYF,T49SBA,T49SBU,T49SBV,T49SCA",3,"EPSG:32647,EPSG:32648,EPSG:32649",31,23,0.2672291398245948,0.14127679599959048,37248051,72933407,0.5107131633107446,EPSG:32647:3files:7652479valid:9chunks|EPSG:32648:4files:14584937valid:15chunks|EPSG:32649:4files:15010635valid:7chunks,HLS-VI.S30.T47SMC.2018099T041549.v2.0.NDVI.tif|HLS-VI.S30.T47TLG.2018099T041549.v2.0.NDVI.tif|HLS-VI.S30.T47TLH.2018099T041549.v2.0.NDVI.tif|HLS-VI.S30.T48SXD.2018099T032541.v2.0.NDVI.tif|HLS-VI.S30.T48SYD.2018099T032541.v2.0.NDVI.tif|HLS-VI.S30.T48SYE.2018099T032541.v2.0.NDVI.tif|HLS-VI.S30.T48SYF.2018099T032541.v2.0.NDVI.tif|HLS-VI.S30.T49SBA.2018099T032541.v2.0.NDVI.tif|HLS-VI.S30.T49SBU.2018099T032541.v2.0.NDVI.tif|HLS-VI.S30.T49SBV.2018099T032541.v2.0.NDVI.tif|HLS-VI.S30.T49SCA.2018099T032541.v2.0.NDVI.tif
2018-04-10,14,"T46SDJ,T46SEH,T46SEJ,T46SFJ,T46TDK,T46TEK,T46TEL,T46TFK,T46TFL,T47SQT,T48STC,T48SUH,T48SUJ,T48SVJ",3,"EPSG:32646,EPSG:32647,EPSG:32648",40,32,0.07507788676380567,0.06714829974492689,55429195,113270756,0.48935132912858814,EPSG:32646:9files:40376046valid:23chunks|EPSG:32647:1files:1869641valid:2chunks|EPSG:32648:4files:13183508valid:15chunks,HLS-VI.S30.T46SDJ.2018100T043701.v2.0.NDVI.tif|HLS-VI.S30.T46SEH.2018100T043701.v2.0.NDVI.tif|HLS-VI.S30.T46SEJ.2018100T043701.v2.0.NDVI.tif|HLS-VI.S30.T46SFJ.2018100T043701.v2.0.NDVI.tif|HLS-VI.S30.T46TDK.2018100T043701.v2.0.NDVI.tif|HLS-VI.S30.T46TEK.2018100T043701.v2.0.NDVI.tif|HLS-VI.S30.T46TEL.2018100T043701.v2.0.NDVI.tif|HLS-VI.S30.T46TFK.2018100T043701.v2.0.NDVI.tif|HLS-VI.S30.T46TFL.2018100T043701.v2.0.NDVI.tif|HLS-VI.S30.T47SQT.2018100T034529.v2.0.NDVI.tif|HLS-VI.S30.T48STC.2018100T034529.v2.0.NDVI.tif|HLS-VI.S30.T48SUH.2018100T034529.v2.0.NDVI.tif|HLS-VI.S30.T48SUJ.2018100T034529.v2.0.NDVI.tif|HLS-VI.S30.T48SVJ.2018100T034529.v2.0.NDVI.tif
2018-04-13,1,T48SUJ,1,EPSG:32648,4,4,0.0765122812319595,0.014997669035574826,6459019,7890344,0.8185978963654816,EPSG:32648:1files:6459019valid:4chunks,HLS-VI.S30.T48SUJ.2018103T035539.v2.0.NDVI.tif
2018-04-14,2,"T46TGL,T47TLH",2,"EPSG:32646,EPSG:32647",6,4,0.06016105988263492,0.05839052990321245,2794935,15299913,0.1826765289449685,EPSG:32646:1files:2087571valid:4chunks|EPSG:32647:1files:707364valid:2chunks,HLS-VI.S30.T46TGL.2018104T041551.v2.0.NDVI.tif|HLS-VI.S30.T47TLH.2018104T041551.v2.0.NDVI.tif
2018-04-15,15,"T46TDK,T46TEL,T46TFK,T46TFL,T46TFM,T47SQT,T48SUE,T48SUJ,T48SVC,T48SVD,T48SVE,T48SVJ,T48SWB,T48SWD,T48SWE",3,"EPSG:32646,EPSG:32647,EPSG:32648",55,42,0.20450501100743143,0.15866281828480258,77005281,151884469,0.5069990467557285,EPSG:32646:5files:17219315valid:16chunks|EPSG:32647:1files:1632044valid:2chunks|EPSG:32648:9files:58153922valid:37chunks,HLS-VI.S30.T46TDK.2018105T043659.v2.0.NDVI.tif|HLS-VI.S30.T46TEL.2018105T043659.v2.0.NDVI.tif|HLS-VI.S30.T46TFK.2018105T043659.v2.0.NDVI.tif|HLS-VI.S30.T46TFL.2018105T043659.v2.0.NDVI.tif|HLS-VI.S30.T46TFM.2018105T043659.v2.0.NDVI.tif|HLS-VI.S30.T47SQT.2018105T034541.v2.0.NDVI.tif|HLS-VI.S30.T48SUE.2018105T034541.v2.0.NDVI.tif|HLS-VI.S30.T48SUJ.2018105T034541.v2.0.NDVI.tif|HLS-VI.S30.T48SVC.2018105T034541.v2.0.NDVI.tif|HLS-VI.S30.T48SVD.2018105T034541.v2.0.NDVI.tif|HLS-VI.S30.T48SVE.2018105T034541.v2.0.NDVI.tif|HLS-VI.S30.T48SVJ.2018105T034541.v2.0.NDVI.tif|HLS-VI.S30.T48SWB.2018105T034541.v2.0.NDVI.tif|HLS-VI.S30.T48SWD.2018105T034541.v2.0.NDVI.tif|HLS-VI.S30.T48SWE.2018105T034541.v2.0.NDVI.tif
2018-04-16,11,"T47SQB,T47SQC,T47SQD,T47TME,T47TMF,T47TNE,T47TNF,T47TPE,T47TPF,T48STH,T48STJ",2,"EPSG:32647,EPSG:32648",29,17,0.07714924606810096,0.05806686968903051,21626315,77481112,0.27911725118245595,EPSG:32647:9files:20475265valid:23chunks|EPSG:32648:2files:1151050valid:6chunks,HLS-VI.S30.T47SQB.2018106T040539.v2.0.NDVI.tif|HLS-VI.S30.T47SQC.2018106T040539.v2.0.NDVI.tif|HLS-VI.S30.T47SQD.2018106T040539.v2.0.NDVI.tif|HLS-VI.S30.T47TME.2018106T040539.v2.0.NDVI.tif|HLS-VI.S30.T47TMF.2018106T040539.v2.0.NDVI.tif|HLS-VI.S30.T47TNE.2018106T040539.v2.0.NDVI.tif|HLS-VI.S30.T47TNF.2018106T040539.v2.0.NDVI.tif|HLS-VI.S30.T47TPE.2018106T040539.v2.0.NDVI.tif|HLS-VI.S30.T47TPF.2018106T040539.v2.0.NDVI.tif|HLS-VI.S30.T48STH.2018106T040539.v2.0.NDVI.tif|HLS-VI.S30.T48STJ.2018106T040539.v2.0.NDVI.tif
2018-04-17,13,"T48SVE,T48SWE,T48SWF,T48SXD,T48SXE,T48SXF,T48SYD,T48SYF,T48SYG,T49SBA,T49SBB,T49SBU,T49SBV",2,"EPSG:32648,EPSG:32649",41,35,0.30749565245685434,0.13150529150514195,54468903,103171488,0.5279453079129769,EPSG:32648:9files:42585948valid:33chunks|EPSG:32649:4files:11882955valid:8chunks,HLS-VI.S30.T48SVE.2018107T033539.v2.0.NDVI.tif|HLS-VI.S30.T48SWE.2018107T033539.v2.0.NDVI.tif|HLS-VI.S30.T48SWF.2018107T033539.v2.0.NDVI.tif|HLS-VI.S30.T48SXD.2018107T033539.v2.0.NDVI.tif|HLS-VI.S30.T48SXE.2018107T033539.v2.0.NDVI.tif|HLS-VI.S30.T48SXF.2018107T033539.v2.0.NDVI.tif|HLS-VI.S30.T48SYD.2018107T033539.v2.0.NDVI.tif|HLS-VI.S30.T48SYF.2018107T033539.v2.0.NDVI.tif|HLS-VI.S30.T48SYG.2018107T033539.v2.0.NDVI.tif|HLS-VI.S30.T49SBA.2018107T033539.v2.0.NDVI.tif|HLS-VI.S30.T49SBB.2018107T033539.v2.0.NDVI.tif|HLS-VI.S30.T49SBU.2018107T033539.v2.0.NDVI.tif|HLS-VI.S30.T49SBV.2018107T033539.v2.0.NDVI.tif
2018-04-18,13,"T47SPU,T47SQB,T47SQT,T47SQU,T48STC,T48STD,T48STF,T48STG,T48SUD,T48SUE,T48SUF,T48SUG,T48SVG",2,"EPSG:32647,EPSG:32648",41,32,0.2410861906981382,0.11595361583007159,47638325,99794175,0.4773657881334256,EPSG:32647:4files:10488560valid:12chunks|EPSG:32648:9files:37149765valid:29chunks,HLS-VI.S30.T47SPU.2018108T035541.v2.0.NDVI.tif|HLS-VI.S30.T47SQB.2018108T035541.v2.0.NDVI.tif|HLS-VI.S30.T47SQT.2018108T035541.v2.0.NDVI.tif|HLS-VI.S30.T47SQU.2018108T035541.v2.0.NDVI.tif|HLS-VI.S30.T48STC.2018108T035541.v2.0.NDVI.tif|HLS-VI.S30.T48STD.2018108T035541.v2.0.NDVI.tif|HLS-VI.S30.T48STF.2018108T035541.v2.0.NDVI.tif|HLS-VI.S30.T48STG.2018108T035541.v2.0.NDVI.tif|HLS-VI.S30.T48SUD.2018108T035541.v2.0.NDVI.tif|HLS-VI.S30.T48SUE.2018108T035541.v2.0.NDVI.tif|HLS-VI.S30.T48SUF.2018108T035541.v2.0.NDVI.tif|HLS-VI.S30.T48SUG.2018108T035541.v2.0.NDVI.tif|HLS-VI.S30.T48SVG.2018108T035541.v2.0.NDVI.tif
2018-04-19,8,"T46SGJ,T48SYD,T48SYE,T48SYF,T49SBA,T49SBU,T49SBV,T49SCA",3,"EPSG:32646,EPSG:32648,EPSG:32649",19,19,0.3304364659902991,0.1663971279790835,36037107,51079517,0.705509940510988,EPSG:32646:1files:6540148valid:4chunks|EPSG:32648:3files:14529838valid:8chunks|EPSG:32649:4files:14967121valid:7chunks,HLS-VI.S30.T46SGJ.2018109T041549.v2.0.NDVI.tif|HLS-VI.S30.T48SYD.2018109T032541.v2.0.NDVI.tif|HLS-VI.S30.T48SYE.2018109T032541.v2.0.NDVI.tif|HLS-VI.S30.T48SYF.2018109T032541.v2.0.NDVI.tif|HLS-VI.S30.T49SBA.2018109T032541.v2.0.NDVI.tif|HLS-VI.S30.T49SBU.2018109T032541.v2.0.NDVI.tif|HLS-VI.S30.T49SBV.2018109T032541.v2.0.NDVI.tif|HLS-VI.S30.T49SCA.2018109T032541.v2.0.NDVI.tif
2018-04-20,7,"T47SQT,T48SUG,T48SUH,T48SUJ,T48SVF,T48SWE,T48SWF",2,"EPSG:32647,EPSG:32648",28,24,0.1723469736681611,0.0879008859401215,40171198,78743316,0.5101537507005673,EPSG:32647:1files:1530169valid:2chunks|EPSG:32648:6files:38641029valid:26chunks,HLS-VI.S30.T47SQT.2018110T034539.v2.0.NDVI.tif|HLS-VI.S30.T48SUG.2018110T034539.v2.0.NDVI.tif|HLS-VI.S30.T48SUH.2018110T034539.v2.0.NDVI.tif|HLS-VI.S30.T48SUJ.2018110T034539.v2.0.NDVI.tif|HLS-VI.S30.T48SVF.2018110T034539.v2.0.NDVI.tif|HLS-VI.S30.T48SWE.2018110T034539.v2.0.NDVI.tif|HLS-VI.S30.T48SWF.2018110T034539.v2.0.NDVI.tif
2018-04-21,1,T48STH,1,EPSG:32648,4,2,0.13027948908153347,0.023422546081364907,641405,13395600,0.04788176714742154,EPSG:32648:1files:641405valid:4chunks,HLS-VI.S30.T48STH.2018111T040551.v2.0.NDVI.tif
2018-04-24,3,"T47TMF,T47TNE,T47TNF",1,EPSG:32647,10,8,0.06416759313337794,0.031100065901105516,11575856,21391148,0.5411516950843405,EPSG:32647:3files:11575856valid:10chunks,HLS-VI.S30.T47TMF.2018114T041711.v2.0.NDVI.tif|HLS-VI.S30.T47TNE.2018114T041711.v2.0.NDVI.tif|HLS-VI.S30.T47TNF.2018114T041711.v2.0.NDVI.tif
2018-04-25,10,"T46SDJ,T46SEJ,T46SFH,T46SFJ,T46TDK,T46TEK,T48SUH,T48SUJ,T48SVH,T48SVJ",2,"EPSG:32646,EPSG:32648",28,22,0.06424038425436,0.03770488241390207,36473844,71730300,0.5084858699879967,EPSG:32646:6files:25400452valid:17chunks|EPSG:32648:4files:11073392valid:11chunks,HLS-VI.S30.T46SDJ.2018115T043659.v2.0.NDVI.tif|HLS-VI.S30.T46SEJ.2018115T043659.v2.0.NDVI.tif|HLS-VI.S30.T46SFH.2018115T043659.v2.0.NDVI.tif|HLS-VI.S30.T46SFJ.2018115T043659.v2.0.NDVI.tif|HLS-VI.S30.T46TDK.2018115T043659.v2.0.NDVI.tif|HLS-VI.S30.T46TEK.2018115T043659.v2.0.NDVI.tif|HLS-VI.S30.T48SUH.2018115T034711.v2.0.NDVI.tif|HLS-VI.S30.T48SUJ.2018115T034711.v2.0.NDVI.tif|HLS-VI.S30.T48SVH.2018115T034711.v2.0.NDVI.tif|HLS-VI.S30.T48SVJ.2018115T034711.v2.0.NDVI.tif
2018-04-26,7,"T47SQD,T47TME,T47TMF,T47TNE,T47TNF,T47TPF,T48STJ",2,"EPSG:32647,EPSG:32648",21,13,0.06661300732121335,0.05366248478705245,18947481,46693789,0.4057816126251823,EPSG:32647:6files:18497970valid:19chunks|EPSG:32648:1files:449511valid:2chunks,HLS-VI.S30.T47SQD.2018116T040539.v2.0.NDVI.tif|HLS-VI.S30.T47TME.2018116T040539.v2.0.NDVI.tif|HLS-VI.S30.T47TMF.2018116T040539.v2.0.NDVI.tif|HLS-VI.S30.T47TNE.2018116T040539.v2.0.NDVI.tif|HLS-VI.S30.T47TNF.2018116T040539.v2.0.NDVI.tif|HLS-VI.S30.T47TPF.2018116T040539.v2.0.NDVI.tif|HLS-VI.S30.T48STJ.2018116T040539.v2.0.NDVI.tif
2018-04-27,25,"T46SEH,T46SFH,T46TEK,T46TEL,T46TFK,T46TFL,T46TFM,T46TGK,T46TGL,T46TGM,T46TGN,T47SLC,T47TKE,T47TKF,T47TKG,T47TLE,T47TLF,T47TLG,T47TLH,T48SWF,T48SXG,T48SYE,T48SYG,T49SBB,T49SBV",4,"EPSG:32646,EPSG:32647,EPSG:32648,EPSG:32649",87,73,0.10955731528870165,0.13046003032623502,144360767,227581105,0.634326681030923,EPSG:32646:11files:71588452valid:39chunks|EPSG:32647:8files:52750804valid:27chunks|EPSG:32648:4files:14730479valid:15chunks|EPSG:32649:2files:5291032valid:6chunks,HLS-VI.S30.T46SEH.2018117T042711.v2.0.NDVI.tif|HLS-VI.S30.T46SFH.2018117T042711.v2.0.NDVI.tif|HLS-VI.S30.T46TEK.2018117T042711.v2.0.NDVI.tif|HLS-VI.S30.T46TEL.2018117T042711.v2.0.NDVI.tif|HLS-VI.S30.T46TFK.2018117T042711.v2.0.NDVI.tif|HLS-VI.S30.T46TFL.2018117T042711.v2.0.NDVI.tif|HLS-VI.S30.T46TFM.2018117T042711.v2.0.NDVI.tif|HLS-VI.S30.T46TGK.2018117T042711.v2.0.NDVI.tif|HLS-VI.S30.T46TGL.2018117T042711.v2.0.NDVI.tif|HLS-VI.S30.T46TGM.2018117T042711.v2.0.NDVI.tif|HLS-VI.S30.T46TGN.2018117T042711.v2.0.NDVI.tif|HLS-VI.S30.T47SLC.2018117T042711.v2.0.NDVI.tif|HLS-VI.S30.T47TKE.2018117T042711.v2.0.NDVI.tif|HLS-VI.S30.T47TKF.2018117T042711.v2.0.NDVI.tif|HLS-VI.S30.T47TKG.2018117T042711.v2.0.NDVI.tif|HLS-VI.S30.T47TLE.2018117T042711.v2.0.NDVI.tif|HLS-VI.S30.T47TLF.2018117T042711.v2.0.NDVI.tif|HLS-VI.S30.T47TLG.2018117T042711.v2.0.NDVI.tif|HLS-VI.S30.T47TLH.2018117T042711.v2.0.NDVI.tif|HLS-VI.S30.T48SWF.2018117T033539.v2.0.NDVI.tif|HLS-VI.S30.T48SXG.2018117T033539.v2.0.NDVI.tif|HLS-VI.S30.T48SYE.2018117T033539.v2.0.NDVI.tif|HLS-VI.S30.T48SYG.2018117T033539.v2.0.NDVI.tif|HLS-VI.S30.T49SBB.2018117T033539.v2.0.NDVI.tif|HLS-VI.S30.T49SBV.2018117T033539.v2.0.NDVI.tif
2018-04-28,9,"T47SPD,T47SQC,T47SQD,T48STH,T48STJ,T48SUJ,T48SVG,T48SVH,T48SVJ",2,"EPSG:32647,EPSG:32648",31,22,0.12784929413517787,0.07586843348574733,40168387,67670620,0.5935868032537607,EPSG:32647:3files:16053099valid:12chunks|EPSG:32648:6files:24115288valid:19chunks,HLS-VI.S30.T47SPD.2018118T035541.v2.0.NDVI.tif|HLS-VI.S30.T47SQC.2018118T035541.v2.0.NDVI.tif|HLS-VI.S30.T47SQD.2018118T035541.v2.0.NDVI.tif|HLS-VI.S30.T48STH.2018118T035541.v2.0.NDVI.tif|HLS-VI.S30.T48STJ.2018118T035541.v2.0.NDVI.tif|HLS-VI.S30.T48SUJ.2018118T035541.v2.0.NDVI.tif|HLS-VI.S30.T48SVG.2018118T035541.v2.0.NDVI.tif|HLS-VI.S30.T48SVH.2018118T035541.v2.0.NDVI.tif|HLS-VI.S30.T48SVJ.2018118T035541.v2.0.NDVI.tif
2018-04-29,8,"T48SXD,T48SYD,T48SYE,T48SYF,T49SBA,T49SBU,T49SBV,T49SCA",2,"EPSG:32648,EPSG:32649",22,16,0.43858208747048194,0.1356711830846546,29356656,52537840,0.5587716586749665,EPSG:32648:4files:14532312valid:15chunks|EPSG:32649:4files:14824344valid:7chunks,HLS-VI.S30.T48SXD.2018119T032541.v2.0.NDVI.tif|HLS-VI.S30.T48SYD.2018119T032541.v2.0.NDVI.tif|HLS-VI.S30.T48SYE.2018119T032541.v2.0.NDVI.tif|HLS-VI.S30.T48SYF.2018119T032541.v2.0.NDVI.tif|HLS-VI.S30.T49SBA.2018119T032541.v2.0.NDVI.tif|HLS-VI.S30.T49SBU.2018119T032541.v2.0.NDVI.tif|HLS-VI.S30.T49SBV.2018119T032541.v2.0.NDVI.tif|HLS-VI.S30.T49SCA.2018119T032541.v2.0.NDVI.tif
2018-04-30,5,"T46TEL,T46TFK,T46TFL,T46TFM,T48SUH",2,"EPSG:32646,EPSG:32648",21,16,0.06324251318127262,0.03209509918078382,20717055,46218291,0.4482436401640208,EPSG:32646:4files:15082918valid:17chunks|EPSG:32648:1files:5634137valid:4chunks,HLS-VI.S30.T46TEL.2018120T043701.v2.0.NDVI.tif|HLS-VI.S30.T46TFK.2018120T043701.v2.0.NDVI.tif|HLS-VI.S30.T46TFL.2018120T043701.v2.0.NDVI.tif|HLS-VI.S30.T46TFM.2018120T043701.v2.0.NDVI.tif|HLS-VI.S30.T48SUH.2018120T034539.v2.0.NDVI.tif
2018-05-01,13,"T47SNC,T47SND,T47SPD,T47SQC,T47SQD,T47TME,T47TMF,T47TNE,T47TNF,T47TPE,T47TPF,T48STH,T48STJ",2,"EPSG:32647,EPSG:32648",33,23,0.1101209649567694,0.08967424028355828,42224646,89825830,0.47007242794194054,EPSG:32647:11files:41165388valid:27chunks|EPSG:32648:2files:1059258valid:6chunks,HLS-VI.S30.T47SNC.2018121T040551.v2.0.NDVI.tif|HLS-VI.S30.T47SND.2018121T040551.v2.0.NDVI.tif|HLS-VI.S30.T47SPD.2018121T040551.v2.0.NDVI.tif|HLS-VI.S30.T47SQC.2018121T040551.v2.0.NDVI.tif|HLS-VI.S30.T47SQD.2018121T040551.v2.0.NDVI.tif|HLS-VI.S30.T47TME.2018121T040551.v2.0.NDVI.tif|HLS-VI.S30.T47TMF.2018121T040551.v2.0.NDVI.tif|HLS-VI.S30.T47TNE.2018121T040551.v2.0.NDVI.tif|HLS-VI.S30.T47TNF.2018121T040551.v2.0.NDVI.tif|HLS-VI.S30.T47TPE.2018121T040551.v2.0.NDVI.tif|HLS-VI.S30.T47TPF.2018121T040551.v2.0.NDVI.tif|HLS-VI.S30.T48STH.2018121T040551.v2.0.NDVI.tif|HLS-VI.S30.T48STJ.2018121T040551.v2.0.NDVI.tif
2018-05-02,35,"T46SFH,T46TEK,T46TEL,T46TFK,T46TFL,T46TGK,T46TGL,T47SLC,T47SLD,T47TKE,T47TKF,T47TLE,T47TLF,T47TLG,T48SVC,T48SVD,T48SVE,T48SWB,T48SWC,T48SWD,T48SWE,T48SWF,T48SXC,T48SXD,T48SXE,T48SXF,T48SXG,T48SYD,T48SYE,T48SYF,T48SYG,T49SBA,T49SBB,T49SBU,T49SBV",4,"EPSG:32646,EPSG:32647,EPSG:32648,EPSG:32649",108,95,0.2570996025737418,0.244607345765116,204680994,321065348,0.6375057142572732,EPSG:32646:7files:59827736valid:29chunks|EPSG:32647:7files:46462120valid:25chunks|EPSG:32648:17files:86653464valid:46chunks|EPSG:32649:4files:11737674valid:8chunks,HLS-VI.S30.T46SFH.2018122T042659.v2.0.NDVI.tif|HLS-VI.S30.T46TEK.2018122T042659.v2.0.NDVI.tif|HLS-VI.S30.T46TEL.2018122T042659.v2.0.NDVI.tif|HLS-VI.S30.T46TFK.2018122T042659.v2.0.NDVI.tif|HLS-VI.S30.T46TFL.2018122T042659.v2.0.NDVI.tif|HLS-VI.S30.T46TGK.2018122T042659.v2.0.NDVI.tif|HLS-VI.S30.T46TGL.2018122T042659.v2.0.NDVI.tif|HLS-VI.S30.T47SLC.2018122T042659.v2.0.NDVI.tif|HLS-VI.S30.T47SLD.2018122T042659.v2.0.NDVI.tif|HLS-VI.S30.T47TKE.2018122T042659.v2.0.NDVI.tif|HLS-VI.S30.T47TKF.2018122T042659.v2.0.NDVI.tif|HLS-VI.S30.T47TLE.2018122T042659.v2.0.NDVI.tif|HLS-VI.S30.T47TLF.2018122T042659.v2.0.NDVI.tif|HLS-VI.S30.T47TLG.2018122T042659.v2.0.NDVI.tif|HLS-VI.S30.T48SVC.2018122T033541.v2.0.NDVI.tif|HLS-VI.S30.T48SVD.2018122T033541.v2.0.NDVI.tif|HLS-VI.S30.T48SVE.2018122T033541.v2.0.NDVI.tif|HLS-VI.S30.T48SWB.2018122T033541.v2.0.NDVI.tif|HLS-VI.S30.T48SWC.2018122T033541.v2.0.NDVI.tif|HLS-VI.S30.T48SWD.2018122T033541.v2.0.NDVI.tif|HLS-VI.S30.T48SWE.2018122T033541.v2.0.NDVI.tif|HLS-VI.S30.T48SWF.2018122T033541.v2.0.NDVI.tif|HLS-VI.S30.T48SXC.2018122T033541.v2.0.NDVI.tif|HLS-VI.S30.T48SXD.2018122T033541.v2.0.NDVI.tif|HLS-VI.S30.T48SXE.2018122T033541.v2.0.NDVI.tif|HLS-VI.S30.T48SXF.2018122T033541.v2.0.NDVI.tif|HLS-VI.S30.T48SXG.2018122T033541.v2.0.NDVI.tif|HLS-VI.S30.T48SYD.2018122T033541.v2.0.NDVI.tif|HLS-VI.S30.T48SYE.2018122T033541.v2.0.NDVI.tif|HLS-VI.S30.T48SYF.2018122T033541.v2.0.NDVI.tif|HLS-VI.S30.T48SYG.2018122T033541.v2.0.NDVI.tif|HLS-VI.S30.T49SBA.2018122T033541.v2.0.NDVI.tif|HLS-VI.S30.T49SBB.2018122T033541.v2.0.NDVI.tif|HLS-VI.S30.T49SBU.2018122T033541.v2.0.NDVI.tif|HLS-VI.S30.T49SBV.2018122T033541.v2.0.NDVI.tif
2018-05-03,15,"T47SPB,T47SPC,T47SPD,T47SQB,T47SQC,T47SQD,T48STG,T48STH,T48STJ,T48SUG,T48SUH,T48SUJ,T48SVG,T48SVH,T48SVJ",2,"EPSG:32647,EPSG:32648",39,31,0.15571000923317246,0.10770302342178928,69363532,87670174,0.7911873426873773,EPSG:32647:6files:22153650valid:14chunks|EPSG:32648:9files:47209882valid:25chunks,HLS-VI.S30.T47SPB.2018123T035539.v2.0.NDVI.tif|HLS-VI.S30.T47SPC.2018123T035539.v2.0.NDVI.tif|HLS-VI.S30.T47SPD.2018123T035539.v2.0.NDVI.tif|HLS-VI.S30.T47SQB.2018123T035539.v2.0.NDVI.tif|HLS-VI.S30.T47SQC.2018123T035539.v2.0.NDVI.tif|HLS-VI.S30.T47SQD.2018123T035539.v2.0.NDVI.tif|HLS-VI.S30.T48STG.2018123T035539.v2.0.NDVI.tif|HLS-VI.S30.T48STH.2018123T035539.v2.0.NDVI.tif|HLS-VI.S30.T48STJ.2018123T035539.v2.0.NDVI.tif|HLS-VI.S30.T48SUG.2018123T035539.v2.0.NDVI.tif|HLS-VI.S30.T48SUH.2018123T035539.v2.0.NDVI.tif|HLS-VI.S30.T48SUJ.2018123T035539.v2.0.NDVI.tif|HLS-VI.S30.T48SVG.2018123T035539.v2.0.NDVI.tif|HLS-VI.S30.T48SVH.2018123T035539.v2.0.NDVI.tif|HLS-VI.S30.T48SVJ.2018123T035539.v2.0.NDVI.tif
2018-05-04,1,T47SND,1,EPSG:32647,4,2,0.10293894173413856,0.06432294545624048,3329356,12516411,0.26599925489822923,EPSG:32647:1files:3329356valid:4chunks,HLS-VI.S30.T47SND.2018124T041551.v2.0.NDVI.tif
2018-05-05,6,"T46TDK,T46TEK,T46TEL,T46TFK,T46TFL,T46TFM",1,EPSG:32646,18,15,0.05287909698134251,0.033568311257134886,26435756,39808229,0.6640776709760186,EPSG:32646:6files:26435756valid:18chunks,HLS-VI.S30.T46TDK.2018125T043659.v2.0.NDVI.tif|HLS-VI.S30.T46TEK.2018125T043659.v2.0.NDVI.tif|HLS-VI.S30.T46TEL.2018125T043659.v2.0.NDVI.tif|HLS-VI.S30.T46TFK.2018125T043659.v2.0.NDVI.tif|HLS-VI.S30.T46TFL.2018125T043659.v2.0.NDVI.tif|HLS-VI.S30.T46TFM.2018125T043659.v2.0.NDVI.tif
2018-05-06,12,"T47SND,T47SPD,T47SQC,T47SQD,T47TME,T47TMF,T47TNE,T47TNF,T47TPE,T47TPF,T48STH,T48STJ",2,"EPSG:32647,EPSG:32648",33,23,0.10485358458891253,0.08079059223318391,40602990,89825830,0.45201909072256835,EPSG:32647:10files:39443412valid:27chunks|EPSG:32648:2files:1159578valid:6chunks,HLS-VI.S30.T47SND.2018126T040539.v2.0.NDVI.tif|HLS-VI.S30.T47SPD.2018126T040539.v2.0.NDVI.tif|HLS-VI.S30.T47SQC.2018126T040539.v2.0.NDVI.tif|HLS-VI.S30.T47SQD.2018126T040539.v2.0.NDVI.tif|HLS-VI.S30.T47TME.2018126T040539.v2.0.NDVI.tif|HLS-VI.S30.T47TMF.2018126T040539.v2.0.NDVI.tif|HLS-VI.S30.T47TNE.2018126T040539.v2.0.NDVI.tif|HLS-VI.S30.T47TNF.2018126T040539.v2.0.NDVI.tif|HLS-VI.S30.T47TPE.2018126T040539.v2.0.NDVI.tif|HLS-VI.S30.T47TPF.2018126T040539.v2.0.NDVI.tif|HLS-VI.S30.T48STH.2018126T040539.v2.0.NDVI.tif|HLS-VI.S30.T48STJ.2018126T040539.v2.0.NDVI.tif
2018-05-07,15,"T46TEK,T46TFK,T46TGN,T47TLH,T48SVB,T48SVC,T48SVD,T48SVE,T48SWC,T48SWD,T48SWE,T48SWF,T48SXD,T48SXE,T48SXF",3,"EPSG:32646,EPSG:32647,EPSG:32648",55,50,0.37524420172658346,0.25338796708606365,83256939,148289214,0.5614497289061091,EPSG:32646:3files:18462090valid:14chunks|EPSG:32647:1files:1582971valid:2chunks|EPSG:32648:11files:63211878valid:39chunks,HLS-VI.S30.T46TEK.2018127T042711.v2.0.NDVI.tif|HLS-VI.S30.T46TFK.2018127T042711.v2.0.NDVI.tif|HLS-VI.S30.T46TGN.2018127T042711.v2.0.NDVI.tif|HLS-VI.S30.T47TLH.2018127T042711.v2.0.NDVI.tif|HLS-VI.S30.T48SVB.2018127T033539.v2.0.NDVI.tif|HLS-VI.S30.T48SVC.2018127T033539.v2.0.NDVI.tif|HLS-VI.S30.T48SVD.2018127T033539.v2.0.NDVI.tif|HLS-VI.S30.T48SVE.2018127T033539.v2.0.NDVI.tif|HLS-VI.S30.T48SWC.2018127T033539.v2.0.NDVI.tif|HLS-VI.S30.T48SWD.2018127T033539.v2.0.NDVI.tif|HLS-VI.S30.T48SWE.2018127T033539.v2.0.NDVI.tif|HLS-VI.S30.T48SWF.2018127T033539.v2.0.NDVI.tif|HLS-VI.S30.T48SXD.2018127T033539.v2.0.NDVI.tif|HLS-VI.S30.T48SXE.2018127T033539.v2.0.NDVI.tif|HLS-VI.S30.T48SXF.2018127T033539.v2.0.NDVI.tif
2018-05-09,1,T47TLH,1,EPSG:32647,2,2,0.05069392674007094,0.011330277860593447,979628,1904313,0.5144259373327809,EPSG:32647:1files:979628valid:2chunks,HLS-VI.S30.T47TLH.2018129T041549.v2.0.NDVI.tif
2018-05-10,10,"T46SDJ,T46SEH,T46SFH,T46SFJ,T46TDK,T46TEK,T46TEL,T46TFK,T46TFL,T46TFM",1,EPSG:32646,25,20,0.054438331436500106,0.03358005242569328,32466471,70238660,0.46223078572398735,EPSG:32646:10files:32466471valid:25chunks,HLS-VI.S30.T46SDJ.2018130T043701.v2.0.NDVI.tif|HLS-VI.S30.T46SEH.2018130T043701.v2.0.NDVI.tif|HLS-VI.S30.T46SFH.2018130T043701.v2.0.NDVI.tif|HLS-VI.S30.T46SFJ.2018130T043701.v2.0.NDVI.tif|HLS-VI.S30.T46TDK.2018130T043701.v2.0.NDVI.tif|HLS-VI.S30.T46TEK.2018130T043701.v2.0.NDVI.tif|HLS-VI.S30.T46TEL.2018130T043701.v2.0.NDVI.tif|HLS-VI.S30.T46TFK.2018130T043701.v2.0.NDVI.tif|HLS-VI.S30.T46TFL.2018130T043701.v2.0.NDVI.tif|HLS-VI.S30.T46TFM.2018130T043701.v2.0.NDVI.tif
2018-05-11,10,"T47SPD,T47SQC,T47SQD,T47TME,T47TMF,T47TNE,T47TPE,T47TPF,T48STH,T48STJ",2,"EPSG:32647,EPSG:32648",30,20,0.10212170132740275,0.07378535447569702,28227990,82464127,0.3423062976219951,EPSG:32647:8files:27126587valid:24chunks|EPSG:32648:2files:1101403valid:6chunks,HLS-VI.S30.T47SPD.2018131T040551.v2.0.NDVI.tif|HLS-VI.S30.T47SQC.2018131T040551.v2.0.NDVI.tif|HLS-VI.S30.T47SQD.2018131T040551.v2.0.NDVI.tif|HLS-VI.S30.T47TME.2018131T040551.v2.0.NDVI.tif|HLS-VI.S30.T47TMF.2018131T040551.v2.0.NDVI.tif|HLS-VI.S30.T47TNE.2018131T040551.v2.0.NDVI.tif|HLS-VI.S30.T47TPE.2018131T040551.v2.0.NDVI.tif|HLS-VI.S30.T47TPF.2018131T040551.v2.0.NDVI.tif|HLS-VI.S30.T48STH.2018131T040551.v2.0.NDVI.tif|HLS-VI.S30.T48STJ.2018131T040551.v2.0.NDVI.tif
2018-05-12,35,"T46SEH,T46SEJ,T46SFH,T46SFJ,T46SGH,T46SGJ,T46TEK,T46TEL,T46TFK,T46TFL,T47SKD,T47SLC,T47SLD,T47TLE,T47TLF,T48SVD,T48SVE,T48SWB,T48SWC,T48SWD,T48SWE,T48SWF,T48SXC,T48SXD,T48SXE,T48SXF,T48SXG,T48SYD,T48SYE,T48SYF,T48SYG,T49SBA,T49SBB,T49SBU,T49SBV",4,"EPSG:32646,EPSG:32647,EPSG:32648,EPSG:32649",104,90,0.27544141395114524,0.25634909658679345,194054804,294991334,0.6578322195729316,EPSG:32646:10files:72719954valid:31chunks|EPSG:32647:5files:27049601valid:21chunks|EPSG:32648:16files:82580511valid:44chunks|EPSG:32649:4files:11704738valid:8chunks,HLS-VI.S30.T46SEH.2018132T042659.v2.0.NDVI.tif|HLS-VI.S30.T46SEJ.2018132T042659.v2.0.NDVI.tif|HLS-VI.S30.T46SFH.2018132T042659.v2.0.NDVI.tif|HLS-VI.S30.T46SFJ.2018132T042659.v2.0.NDVI.tif|HLS-VI.S30.T46SGH.2018132T042659.v2.0.NDVI.tif|HLS-VI.S30.T46SGJ.2018132T042659.v2.0.NDVI.tif|HLS-VI.S30.T46TEK.2018132T042659.v2.0.NDVI.tif|HLS-VI.S30.T46TEL.2018132T042659.v2.0.NDVI.tif|HLS-VI.S30.T46TFK.2018132T042659.v2.0.NDVI.tif|HLS-VI.S30.T46TFL.2018132T042659.v2.0.NDVI.tif|HLS-VI.S30.T47SKD.2018132T042659.v2.0.NDVI.tif|HLS-VI.S30.T47SLC.2018132T042659.v2.0.NDVI.tif|HLS-VI.S30.T47SLD.2018132T042659.v2.0.NDVI.tif|HLS-VI.S30.T47TLE.2018132T042659.v2.0.NDVI.tif|HLS-VI.S30.T47TLF.2018132T042659.v2.0.NDVI.tif|HLS-VI.S30.T48SVD.2018132T033541.v2.0.NDVI.tif|HLS-VI.S30.T48SVE.2018132T033541.v2.0.NDVI.tif|HLS-VI.S30.T48SWB.2018132T033541.v2.0.NDVI.tif|HLS-VI.S30.T48SWC.2018132T033541.v2.0.NDVI.tif|HLS-VI.S30.T48SWD.2018132T033541.v2.0.NDVI.tif|HLS-VI.S30.T48SWE.2018132T033541.v2.0.NDVI.tif|HLS-VI.S30.T48SWF.2018132T033541.v2.0.NDVI.tif|HLS-VI.S30.T48SXC.2018132T033541.v2.0.NDVI.tif|HLS-VI.S30.T48SXD.2018132T033541.v2.0.NDVI.tif|HLS-VI.S30.T48SXE.2018132T033541.v2.0.NDVI.tif|HLS-VI.S30.T48SXF.2018132T033541.v2.0.NDVI.tif|HLS-VI.S30.T48SXG.2018132T033541.v2.0.NDVI.tif|HLS-VI.S30.T48SYD.2018132T033541.v2.0.NDVI.tif|HLS-VI.S30.T48SYE.2018132T033541.v2.0.NDVI.tif|HLS-VI.S30.T48SYF.2018132T033541.v2.0.NDVI.tif|HLS-VI.S30.T48SYG.2018132T033541.v2.0.NDVI.tif|HLS-VI.S30.T49SBA.2018132T033541.v2.0.NDVI.tif|HLS-VI.S30.T49SBB.2018132T033541.v2.0.NDVI.tif|HLS-VI.S30.T49SBU.2018132T033541.v2.0.NDVI.tif|HLS-VI.S30.T49SBV.2018132T033541.v2.0.NDVI.tif
2018-05-13,27,"T47SPB,T47SPC,T47SPD,T47SPT,T47SPU,T47SQB,T47SQC,T47SQD,T47SQT,T47SQU,T47SQV,T48STC,T48STD,T48STE,T48STF,T48STG,T48STH,T48STJ,T48SUD,T48SUE,T48SUF,T48SUG,T48SUH,T48SUJ,T48SVG,T48SVH,T48SVJ",2,"EPSG:32647,EPSG:32648",65,52,0.23619890890226256,0.1566307846460804,103488893,161373089,0.6413020512980327,EPSG:32647:11files:31002750valid:23chunks|EPSG:32648:16files:72486143valid:42chunks,HLS-VI.S30.T47SPB.2018133T035539.v2.0.NDVI.tif|HLS-VI.S30.T47SPC.2018133T035539.v2.0.NDVI.tif|HLS-VI.S30.T47SPD.2018133T035539.v2.0.NDVI.tif|HLS-VI.S30.T47SPT.2018133T035539.v2.0.NDVI.tif|HLS-VI.S30.T47SPU.2018133T035539.v2.0.NDVI.tif|HLS-VI.S30.T47SQB.2018133T035539.v2.0.NDVI.tif|HLS-VI.S30.T47SQC.2018133T035539.v2.0.NDVI.tif|HLS-VI.S30.T47SQD.2018133T035539.v2.0.NDVI.tif|HLS-VI.S30.T47SQT.2018133T035539.v2.0.NDVI.tif|HLS-VI.S30.T47SQU.2018133T035539.v2.0.NDVI.tif|HLS-VI.S30.T47SQV.2018133T035539.v2.0.NDVI.tif|HLS-VI.S30.T48STC.2018133T035539.v2.0.NDVI.tif|HLS-VI.S30.T48STD.2018133T035539.v2.0.NDVI.tif|HLS-VI.S30.T48STE.2018133T035539.v2.0.NDVI.tif|HLS-VI.S30.T48STF.2018133T035539.v2.0.NDVI.tif|HLS-VI.S30.T48STG.2018133T035539.v2.0.NDVI.tif|HLS-VI.S30.T48STH.2018133T035539.v2.0.NDVI.tif|HLS-VI.S30.T48STJ.2018133T035539.v2.0.NDVI.tif|HLS-VI.S30.T48SUD.2018133T035539.v2.0.NDVI.tif|HLS-VI.S30.T48SUE.2018133T035539.v2.0.NDVI.tif|HLS-VI.S30.T48SUF.2018133T035539.v2.0.NDVI.tif|HLS-VI.S30.T48SUG.2018133T035539.v2.0.NDVI.tif|HLS-VI.S30.T48SUH.2018133T035539.v2.0.NDVI.tif|HLS-VI.S30.T48SUJ.2018133T035539.v2.0.NDVI.tif|HLS-VI.S30.T48SVG.2018133T035539.v2.0.NDVI.tif|HLS-VI.S30.T48SVH.2018133T035539.v2.0.NDVI.tif|HLS-VI.S30.T48SVJ.2018133T035539.v2.0.NDVI.tif
2018-05-14,14,"T46SGH,T46SGJ,T46TGK,T46TGL,T47SKC,T47SKD,T47SLC,T47SMC,T47TKE,T47TKF,T47TLF,T47TLG,T47TMF,T47TNF",2,"EPSG:32646,EPSG:32647",45,36,0.07578690508454736,0.03596474727062781,60632684,138806955,0.4368130112788657,EPSG:32646:4files:17390706valid:13chunks|EPSG:32647:10files:43241978valid:32chunks,HLS-VI.S30.T46SGH.2018134T041551.v2.0.NDVI.tif|HLS-VI.S30.T46SGJ.2018134T041551.v2.0.NDVI.tif|HLS-VI.S30.T46TGK.2018134T041551.v2.0.NDVI.tif|HLS-VI.S30.T46TGL.2018134T041551.v2.0.NDVI.tif|HLS-VI.S30.T47SKC.2018134T041551.v2.0.NDVI.tif|HLS-VI.S30.T47SKD.2018134T041551.v2.0.NDVI.tif|HLS-VI.S30.T47SLC.2018134T041551.v2.0.NDVI.tif|HLS-VI.S30.T47SMC.2018134T041551.v2.0.NDVI.tif|HLS-VI.S30.T47TKE.2018134T041551.v2.0.NDVI.tif|HLS-VI.S30.T47TKF.2018134T041551.v2.0.NDVI.tif|HLS-VI.S30.T47TLF.2018134T041551.v2.0.NDVI.tif|HLS-VI.S30.T47TLG.2018134T041551.v2.0.NDVI.tif|HLS-VI.S30.T47TMF.2018134T041551.v2.0.NDVI.tif|HLS-VI.S30.T47TNF.2018134T041551.v2.0.NDVI.tif
2018-05-15,25,"T47SQT,T47SQU,T48STC,T48STD,T48STE,T48STF,T48SUB,T48SUC,T48SUD,T48SUE,T48SUF,T48SUG,T48SVB,T48SVC,T48SVD,T48SVE,T48SVF,T48SVG,T48SVH,T48SWB,T48SWC,T48SWD,T48SWE,T48SWF,T48SWG",2,"EPSG:32647,EPSG:32648",62,51,0.37639412920973603,0.19941223636645622,130795099,178020684,0.7347185510196107,EPSG:32647:2files:3759989valid:5chunks|EPSG:32648:23files:127035110valid:57chunks,HLS-VI.S30.T47SQT.2018135T034541.v2.0.NDVI.tif|HLS-VI.S30.T47SQU.2018135T034541.v2.0.NDVI.tif|HLS-VI.S30.T48STC.2018135T034541.v2.0.NDVI.tif|HLS-VI.S30.T48STD.2018135T034541.v2.0.NDVI.tif|HLS-VI.S30.T48STE.2018135T034541.v2.0.NDVI.tif|HLS-VI.S30.T48STF.2018135T034541.v2.0.NDVI.tif|HLS-VI.S30.T48SUB.2018135T034541.v2.0.NDVI.tif|HLS-VI.S30.T48SUC.2018135T034541.v2.0.NDVI.tif|HLS-VI.S30.T48SUD.2018135T034541.v2.0.NDVI.tif|HLS-VI.S30.T48SUE.2018135T034541.v2.0.NDVI.tif|HLS-VI.S30.T48SUF.2018135T034541.v2.0.NDVI.tif|HLS-VI.S30.T48SUG.2018135T034541.v2.0.NDVI.tif|HLS-VI.S30.T48SVB.2018135T034541.v2.0.NDVI.tif|HLS-VI.S30.T48SVC.2018135T034541.v2.0.NDVI.tif|HLS-VI.S30.T48SVD.2018135T034541.v2.0.NDVI.tif|HLS-VI.S30.T48SVE.2018135T034541.v2.0.NDVI.tif|HLS-VI.S30.T48SVF.2018135T034541.v2.0.NDVI.tif|HLS-VI.S30.T48SVG.2018135T034541.v2.0.NDVI.tif|HLS-VI.S30.T48SVH.2018135T034541.v2.0.NDVI.tif|HLS-VI.S30.T48SWB.2018135T034541.v2.0.NDVI.tif|HLS-VI.S30.T48SWC.2018135T034541.v2.0.NDVI.tif|HLS-VI.S30.T48SWD.2018135T034541.v2.0.NDVI.tif|HLS-VI.S30.T48SWE.2018135T034541.v2.0.NDVI.tif|HLS-VI.S30.T48SWF.2018135T034541.v2.0.NDVI.tif|HLS-VI.S30.T48SWG.2018135T034541.v2.0.NDVI.tif
2018-05-17,1,T48SXG,1,EPSG:32648,2,2,0.229177699450095,0.057443830049772195,2083827,2167295,0.9614874763241736,EPSG:32648:1files:2083827valid:2chunks,HLS-VI.S30.T48SXG.2018137T033539.v2.0.NDVI.tif
2018-05-19,9,"T46TGL,T47SND,T47TKF,T47TLG,T47TLH,T47TME,T47TMF,T47TNE,T47TNF",2,"EPSG:32646,EPSG:32647",31,22,0.08273139484791801,0.07803202618262602,35587296,94530201,0.3764648294781474,EPSG:32646:1files:2191294valid:4chunks|EPSG:32647:8files:33396002valid:27chunks,HLS-VI.S30.T46TGL.2018139T041549.v2.0.NDVI.tif|HLS-VI.S30.T47SND.2018139T041549.v2.0.NDVI.tif|HLS-VI.S30.T47TKF.2018139T041549.v2.0.NDVI.tif|HLS-VI.S30.T47TLG.2018139T041549.v2.0.NDVI.tif|HLS-VI.S30.T47TLH.2018139T041549.v2.0.NDVI.tif|HLS-VI.S30.T47TME.2018139T041549.v2.0.NDVI.tif|HLS-VI.S30.T47TMF.2018139T041549.v2.0.NDVI.tif|HLS-VI.S30.T47TNE.2018139T041549.v2.0.NDVI.tif|HLS-VI.S30.T47TNF.2018139T041549.v2.0.NDVI.tif
2018-05-20,3,"T46TEK,T46TFK,T47SQT",2,"EPSG:32646,EPSG:32647",10,7,0.09492357391244646,0.13006071326385615,16924275,28757368,0.5885196100004702,EPSG:32646:2files:15574527valid:8chunks|EPSG:32647:1files:1349748valid:2chunks,HLS-VI.S30.T46TEK.2018140T043701.v2.0.NDVI.tif|HLS-VI.S30.T46TFK.2018140T043701.v2.0.NDVI.tif|HLS-VI.S30.T47SQT.2018140T034529.v2.0.NDVI.tif
2018-05-21,1,T47TMF,1,EPSG:32647,2,1,0.06927807181695396,0.015612980144660928,658784,1984336,0.3319921626176212,EPSG:32647:1files:658784valid:2chunks,HLS-VI.S30.T47TMF.2018141T040551.v2.0.NDVI.tif
2018-05-22,30,"T46TFL,T46TFM,T46TGL,T46TGM,T46TGN,T47TKF,T47TKG,T47TLF,T47TLG,T47TLH,T48SVB,T48SVC,T48SVD,T48SVE,T48SWB,T48SWC,T48SWD,T48SWE,T48SXD,T48SXE,T48SXF,T48SXG,T48SYD,T48SYE,T48SYF,T48SYG,T49SBA,T49SBB,T49SBU,T49SBV",4,"EPSG:32646,EPSG:32647,EPSG:32648,EPSG:32649",78,72,0.3760966050867448,0.3052283189968464,170439733,212355932,0.8026134772632582,EPSG:32646:5files:33018624valid:14chunks|EPSG:32647:5files:36657148valid:13chunks|EPSG:32648:16files:89070174valid:43chunks|EPSG:32649:4files:11693787valid:8chunks,HLS-VI.S30.T46TFL.2018142T042659.v2.0.NDVI.tif|HLS-VI.S30.T46TFM.2018142T042659.v2.0.NDVI.tif|HLS-VI.S30.T46TGL.2018142T042659.v2.0.NDVI.tif|HLS-VI.S30.T46TGM.2018142T042659.v2.0.NDVI.tif|HLS-VI.S30.T46TGN.2018142T042659.v2.0.NDVI.tif|HLS-VI.S30.T47TKF.2018142T042659.v2.0.NDVI.tif|HLS-VI.S30.T47TKG.2018142T042659.v2.0.NDVI.tif|HLS-VI.S30.T47TLF.2018142T042659.v2.0.NDVI.tif|HLS-VI.S30.T47TLG.2018142T042659.v2.0.NDVI.tif|HLS-VI.S30.T47TLH.2018142T042659.v2.0.NDVI.tif|HLS-VI.S30.T48SVB.2018142T033541.v2.0.NDVI.tif|HLS-VI.S30.T48SVC.2018142T033541.v2.0.NDVI.tif|HLS-VI.S30.T48SVD.2018142T033541.v2.0.NDVI.tif|HLS-VI.S30.T48SVE.2018142T033541.v2.0.NDVI.tif|HLS-VI.S30.T48SWB.2018142T033541.v2.0.NDVI.tif|HLS-VI.S30.T48SWC.2018142T033541.v2.0.NDVI.tif|HLS-VI.S30.T48SWD.2018142T033541.v2.0.NDVI.tif|HLS-VI.S30.T48SWE.2018142T033541.v2.0.NDVI.tif|HLS-VI.S30.T48SXD.2018142T033541.v2.0.NDVI.tif|HLS-VI.S30.T48SXE.2018142T033541.v2.0.NDVI.tif|HLS-VI.S30.T48SXF.2018142T033541.v2.0.NDVI.tif|HLS-VI.S30.T48SXG.2018142T033541.v2.0.NDVI.tif|HLS-VI.S30.T48SYD.2018142T033541.v2.0.NDVI.tif|HLS-VI.S30.T48SYE.2018142T033541.v2.0.NDVI.tif|HLS-VI.S30.T48SYF.2018142T033541.v2.0.NDVI.tif|HLS-VI.S30.T48SYG.2018142T033541.v2.0.NDVI.tif|HLS-VI.S30.T49SBA.2018142T033541.v2.0.NDVI.tif|HLS-VI.S30.T49SBB.2018142T033541.v2.0.NDVI.tif|HLS-VI.S30.T49SBU.2018142T033541.v2.0.NDVI.tif|HLS-VI.S30.T49SBV.2018142T033541.v2.0.NDVI.tif
2018-05-24,1,T49SCA,1,EPSG:32649,1,1,0.7510257578330608,0.10920993781730617,14610,14610,1.0,EPSG:32649:1files:14610valid:1chunks,HLS-VI.S30.T49SCA.2018144T032539.v2.0.NDVI.tif
2018-05-26,10,"T47SND,T47SPD,T47SQD,T47TME,T47TMF,T47TNE,T47TNF,T47TPE,T47TPF,T48STJ",2,"EPSG:32647,EPSG:32648",26,20,0.11536495935871582,0.10605201667361011,36693750,57651105,0.6364795609728556,EPSG:32647:9files:36256342valid:24chunks|EPSG:32648:1files:437408valid:2chunks,HLS-VI.S30.T47SND.2018146T040659.v2.0.NDVI.tif|HLS-VI.S30.T47SPD.2018146T040659.v2.0.NDVI.tif|HLS-VI.S30.T47SQD.2018146T040659.v2.0.NDVI.tif|HLS-VI.S30.T47TME.2018146T040659.v2.0.NDVI.tif|HLS-VI.S30.T47TMF.2018146T040659.v2.0.NDVI.tif|HLS-VI.S30.T47TNE.2018146T040659.v2.0.NDVI.tif|HLS-VI.S30.T47TNF.2018146T040659.v2.0.NDVI.tif|HLS-VI.S30.T47TPE.2018146T040659.v2.0.NDVI.tif|HLS-VI.S30.T47TPF.2018146T040659.v2.0.NDVI.tif|HLS-VI.S30.T48STJ.2018146T040659.v2.0.NDVI.tif
2018-05-27,16,"T46SFH,T46TEK,T46TEL,T46TFK,T46TFL,T46TFM,T46TGK,T46TGL,T46TGM,T47TKE,T47TKF,T47TKG,T47TLE,T47TLF,T47TLG,T47TLH",2,"EPSG:32646,EPSG:32647",58,53,0.06932068064636486,0.04874597802351632,122704277,170316744,0.7204475268738111,EPSG:32646:9files:69380857valid:37chunks|EPSG:32647:7files:53323420valid:21chunks,HLS-VI.S30.T46SFH.2018147T042711.v2.0.NDVI.tif|HLS-VI.S30.T46TEK.2018147T042711.v2.0.NDVI.tif|HLS-VI.S30.T46TEL.2018147T042711.v2.0.NDVI.tif|HLS-VI.S30.T46TFK.2018147T042711.v2.0.NDVI.tif|HLS-VI.S30.T46TFL.2018147T042711.v2.0.NDVI.tif|HLS-VI.S30.T46TFM.2018147T042711.v2.0.NDVI.tif|HLS-VI.S30.T46TGK.2018147T042711.v2.0.NDVI.tif|HLS-VI.S30.T46TGL.2018147T042711.v2.0.NDVI.tif|HLS-VI.S30.T46TGM.2018147T042711.v2.0.NDVI.tif|HLS-VI.S30.T47TKE.2018147T042711.v2.0.NDVI.tif|HLS-VI.S30.T47TKF.2018147T042711.v2.0.NDVI.tif|HLS-VI.S30.T47TKG.2018147T042711.v2.0.NDVI.tif|HLS-VI.S30.T47TLE.2018147T042711.v2.0.NDVI.tif|HLS-VI.S30.T47TLF.2018147T042711.v2.0.NDVI.tif|HLS-VI.S30.T47TLG.2018147T042711.v2.0.NDVI.tif|HLS-VI.S30.T47TLH.2018147T042711.v2.0.NDVI.tif
2018-05-28,7,"T47SPD,T47SQC,T47SQD,T48STH,T48STJ,T48SUJ,T48SVJ",2,"EPSG:32647,EPSG:32648",22,20,0.16945008941907022,0.14212561402535565,38014639,54631792,0.6958336457277476,EPSG:32647:3files:15058828valid:12chunks|EPSG:32648:4files:22955811valid:10chunks,HLS-VI.S30.T47SPD.2018148T035711.v2.0.NDVI.tif|HLS-VI.S30.T47SQC.2018148T035711.v2.0.NDVI.tif|HLS-VI.S30.T47SQD.2018148T035711.v2.0.NDVI.tif|HLS-VI.S30.T48STH.2018148T035711.v2.0.NDVI.tif|HLS-VI.S30.T48STJ.2018148T035711.v2.0.NDVI.tif|HLS-VI.S30.T48SUJ.2018148T035711.v2.0.NDVI.tif|HLS-VI.S30.T48SVJ.2018148T035711.v2.0.NDVI.tif
2018-05-29,5,"T46TGL,T47TKF,T47TNE,T49SBA,T49SCA",3,"EPSG:32646,EPSG:32647,EPSG:32649",21,16,0.24510653978711225,0.26193281912832056,18871201,59791734,0.31561554980158296,EPSG:32646:1files:2211520valid:4chunks|EPSG:32647:2files:10145451valid:13chunks|EPSG:32649:2files:6514230valid:4chunks,HLS-VI.S30.T46TGL.2018149T041549.v2.0.NDVI.tif|HLS-VI.S30.T47TKF.2018149T041549.v2.0.NDVI.tif|HLS-VI.S30.T47TNE.2018149T041549.v2.0.NDVI.tif|HLS-VI.S30.T49SBA.2018149T032541.v2.0.NDVI.tif|HLS-VI.S30.T49SCA.2018149T032541.v2.0.NDVI.tif
2018-05-30,4,"T48SUE,T48SUH,T48SVH,T48SWG",1,EPSG:32648,13,12,0.31504846323127655,0.22986222150331184,17481372,36744652,0.47575282520024953,EPSG:32648:4files:17481372valid:13chunks,HLS-VI.S30.T48SUE.2018150T034529.v2.0.NDVI.tif|HLS-VI.S30.T48SUH.2018150T034529.v2.0.NDVI.tif|HLS-VI.S30.T48SVH.2018150T034529.v2.0.NDVI.tif|HLS-VI.S30.T48SWG.2018150T034529.v2.0.NDVI.tif
2018-06-01,7,"T46TFM,T46TGM,T46TGN,T47SLC,T47TKG,T47TLG,T47TLH",2,"EPSG:32646,EPSG:32647",25,20,0.05796290115635452,0.013250612667323415,30296348,52195240,0.5804427376902568,EPSG:32646:3files:12339477valid:10chunks|EPSG:32647:4files:17956871valid:15chunks,HLS-VI.S30.T46TFM.2018152T042659.v2.0.NDVI.tif|HLS-VI.S30.T46TGM.2018152T042659.v2.0.NDVI.tif|HLS-VI.S30.T46TGN.2018152T042659.v2.0.NDVI.tif|HLS-VI.S30.T47SLC.2018152T042659.v2.0.NDVI.tif|HLS-VI.S30.T47TKG.2018152T042659.v2.0.NDVI.tif|HLS-VI.S30.T47TLG.2018152T042659.v2.0.NDVI.tif|HLS-VI.S30.T47TLH.2018152T042659.v2.0.NDVI.tif
2018-06-02,1,T48SVG,1,EPSG:32648,4,1,0.18681513974519828,0.08091219758887751,88217,7013483,0.012578201159110245,EPSG:32648:1files:88217valid:4chunks,HLS-VI.S30.T48SVG.2018153T035709.v2.0.NDVI.tif
2018-06-03,7,"T47SND,T47TLF,T47TLG,T47TLH,T47TME,T47TNE,T47TNF",1,EPSG:32647,28,20,0.08686773419181489,0.0886560134530452,38572160,69202027,0.5573848292044972,EPSG:32647:7files:38572160valid:28chunks,HLS-VI.S30.T47SND.2018154T041701.v2.0.NDVI.tif|HLS-VI.S30.T47TLF.2018154T041701.v2.0.NDVI.tif|HLS-VI.S30.T47TLG.2018154T041701.v2.0.NDVI.tif|HLS-VI.S30.T47TLH.2018154T041701.v2.0.NDVI.tif|HLS-VI.S30.T47TME.2018154T041701.v2.0.NDVI.tif|HLS-VI.S30.T47TNE.2018154T041701.v2.0.NDVI.tif|HLS-VI.S30.T47TNF.2018154T041701.v2.0.NDVI.tif
2018-06-04,13,"T48SUE,T48SUH,T48SUJ,T48SVD,T48SVE,T48SVF,T48SVG,T48SVH,T48SVJ,T48SWD,T48SWE,T48SWF,T48SWG",1,EPSG:32648,40,35,0.3476828490468406,0.22267093438059335,75011994,116414165,0.6443545250700377,EPSG:32648:13files:75011994valid:40chunks,HLS-VI.S30.T48SUE.2018155T034541.v2.0.NDVI.tif|HLS-VI.S30.T48SUH.2018155T034541.v2.0.NDVI.tif|HLS-VI.S30.T48SUJ.2018155T034541.v2.0.NDVI.tif|HLS-VI.S30.T48SVD.2018155T034541.v2.0.NDVI.tif|HLS-VI.S30.T48SVE.2018155T034541.v2.0.NDVI.tif|HLS-VI.S30.T48SVF.2018155T034541.v2.0.NDVI.tif|HLS-VI.S30.T48SVG.2018155T034541.v2.0.NDVI.tif|HLS-VI.S30.T48SVH.2018155T034541.v2.0.NDVI.tif|HLS-VI.S30.T48SVJ.2018155T034541.v2.0.NDVI.tif|HLS-VI.S30.T48SWD.2018155T034541.v2.0.NDVI.tif|HLS-VI.S30.T48SWE.2018155T034541.v2.0.NDVI.tif|HLS-VI.S30.T48SWF.2018155T034541.v2.0.NDVI.tif|HLS-VI.S30.T48SWG.2018155T034541.v2.0.NDVI.tif
2018-06-05,6,"T47SNC,T47SQC,T47SQD,T47TME,T48STH,T48STJ",2,"EPSG:32647,EPSG:32648",27,15,0.21552124311938736,0.1665082827822873,11902041,61301113,0.1941570131034978,EPSG:32647:4files:10678159valid:21chunks|EPSG:32648:2files:1223882valid:6chunks,HLS-VI.S30.T47SNC.2018156T040659.v2.0.NDVI.tif|HLS-VI.S30.T47SQC.2018156T040659.v2.0.NDVI.tif|HLS-VI.S30.T47SQD.2018156T040659.v2.0.NDVI.tif|HLS-VI.S30.T47TME.2018156T040659.v2.0.NDVI.tif|HLS-VI.S30.T48STH.2018156T040659.v2.0.NDVI.tif|HLS-VI.S30.T48STJ.2018156T040659.v2.0.NDVI.tif
2018-06-06,5,"T48SVB,T48SXC,T48SXD,T48SYD,T49SBU",2,"EPSG:32648,EPSG:32649",12,11,0.7382251520792477,0.14753476304496188,13648611,22458829,0.6077169473083391,EPSG:32648:4files:13606630valid:11chunks|EPSG:32649:1files:41981valid:1chunks,HLS-VI.S30.T48SVB.2018157T033629.v2.0.NDVI.tif|HLS-VI.S30.T48SXC.2018157T033629.v2.0.NDVI.tif|HLS-VI.S30.T48SXD.2018157T033629.v2.0.NDVI.tif|HLS-VI.S30.T48SYD.2018157T033629.v2.0.NDVI.tif|HLS-VI.S30.T49SBU.2018157T033629.v2.0.NDVI.tif
2018-06-08,4,"T47TLG,T47TMF,T47TNE,T47TNF",1,EPSG:32647,19,15,0.07241921231162769,0.058873685852681115,18124787,35715797,0.5074725617910752,EPSG:32647:4files:18124787valid:19chunks,HLS-VI.S30.T47TLG.2018159T041659.v2.0.NDVI.tif|HLS-VI.S30.T47TMF.2018159T041659.v2.0.NDVI.tif|HLS-VI.S30.T47TNE.2018159T041659.v2.0.NDVI.tif|HLS-VI.S30.T47TNF.2018159T041659.v2.0.NDVI.tif
2018-06-09,3,"T48SUJ,T48SVH,T48SVJ",1,EPSG:32648,9,7,0.10780706579453445,0.06928172718945827,5954478,14190350,0.41961459724390165,EPSG:32648:3files:5954478valid:9chunks,HLS-VI.S30.T48SUJ.2018160T034529.v2.0.NDVI.tif|HLS-VI.S30.T48SVH.2018160T034529.v2.0.NDVI.tif|HLS-VI.S30.T48SVJ.2018160T034529.v2.0.NDVI.tif
2018-06-11,22,"T46TEL,T46TFL,T46TGN,T47SLC,T47SLD,T47TLE,T47TLG,T47TLH,T48SVE,T48SWE,T48SWF,T48SXD,T48SXE,T48SXF,T48SXG,T48SYD,T48SYE,T48SYF,T49SBA,T49SBB,T49SBU,T49SBV",4,"EPSG:32646,EPSG:32647,EPSG:32648,EPSG:32649",66,56,0.3660832025317953,0.26972098956810486,94338159,167615786,0.562823832118056,EPSG:32646:3files:15462829valid:9chunks|EPSG:32647:5files:16924637valid:16chunks|EPSG:32648:10files:49945184valid:33chunks|EPSG:32649:4files:12005509valid:8chunks,HLS-VI.S30.T46TEL.2018162T042659.v2.0.NDVI.tif|HLS-VI.S30.T46TFL.2018162T042659.v2.0.NDVI.tif|HLS-VI.S30.T46TGN.2018162T042659.v2.0.NDVI.tif|HLS-VI.S30.T47SLC.2018162T042659.v2.0.NDVI.tif|HLS-VI.S30.T47SLD.2018162T042659.v2.0.NDVI.tif|HLS-VI.S30.T47TLE.2018162T042659.v2.0.NDVI.tif|HLS-VI.S30.T47TLG.2018162T042659.v2.0.NDVI.tif|HLS-VI.S30.T47TLH.2018162T042659.v2.0.NDVI.tif|HLS-VI.S30.T48SVE.2018162T033531.v2.0.NDVI.tif|HLS-VI.S30.T48SWE.2018162T033531.v2.0.NDVI.tif|HLS-VI.S30.T48SWF.2018162T033531.v2.0.NDVI.tif|HLS-VI.S30.T48SXD.2018162T033531.v2.0.NDVI.tif|HLS-VI.S30.T48SXE.2018162T033531.v2.0.NDVI.tif|HLS-VI.S30.T48SXF.2018162T033531.v2.0.NDVI.tif|HLS-VI.S30.T48SXG.2018162T033531.v2.0.NDVI.tif|HLS-VI.S30.T48SYD.2018162T033531.v2.0.NDVI.tif|HLS-VI.S30.T48SYE.2018162T033531.v2.0.NDVI.tif|HLS-VI.S30.T48SYF.2018162T033531.v2.0.NDVI.tif|HLS-VI.S30.T49SBA.2018162T033531.v2.0.NDVI.tif|HLS-VI.S30.T49SBB.2018162T033531.v2.0.NDVI.tif|HLS-VI.S30.T49SBU.2018162T033531.v2.0.NDVI.tif|HLS-VI.S30.T49SBV.2018162T033531.v2.0.NDVI.tif
2018-06-12,11,"T47SPD,T47SQD,T48STF,T48STH,T48STJ,T48SUF,T48SUH,T48SUJ,T48SVG,T48SVH,T48SVJ",2,"EPSG:32647,EPSG:32648",34,25,0.16954544416309822,0.15368994724603885,43333393,86307591,0.5020809003926433,EPSG:32647:2files:4484131valid:6chunks|EPSG:32648:9files:38849262valid:28chunks,HLS-VI.S30.T47SPD.2018163T035539.v2.0.NDVI.tif|HLS-VI.S30.T47SQD.2018163T035539.v2.0.NDVI.tif|HLS-VI.S30.T48STF.2018163T035539.v2.0.NDVI.tif|HLS-VI.S30.T48STH.2018163T035539.v2.0.NDVI.tif|HLS-VI.S30.T48STJ.2018163T035539.v2.0.NDVI.tif|HLS-VI.S30.T48SUF.2018163T035539.v2.0.NDVI.tif|HLS-VI.S30.T48SUH.2018163T035539.v2.0.NDVI.tif|HLS-VI.S30.T48SUJ.2018163T035539.v2.0.NDVI.tif|HLS-VI.S30.T48SVG.2018163T035539.v2.0.NDVI.tif|HLS-VI.S30.T48SVH.2018163T035539.v2.0.NDVI.tif|HLS-VI.S30.T48SVJ.2018163T035539.v2.0.NDVI.tif
2018-06-13,6,"T47TLH,T48SYE,T48SYF,T49SBA,T49SBV,T49SCA",3,"EPSG:32647,EPSG:32648,EPSG:32649",17,17,0.5734147079973254,0.19499209775854875,29294501,39169279,0.7478948233895242,EPSG:32647:1files:820629valid:2chunks|EPSG:32648:2files:13781448valid:8chunks|EPSG:32649:3files:14692424valid:7chunks,HLS-VI.S30.T47TLH.2018164T041551.v2.0.NDVI.tif|HLS-VI.S30.T48SYE.2018164T032539.v2.0.NDVI.tif|HLS-VI.S30.T48SYF.2018164T032539.v2.0.NDVI.tif|HLS-VI.S30.T49SBA.2018164T032539.v2.0.NDVI.tif|HLS-VI.S30.T49SBV.2018164T032539.v2.0.NDVI.tif|HLS-VI.S30.T49SCA.2018164T032539.v2.0.NDVI.tif
2018-06-14,5,"T48SUH,T48SUJ,T48SVH,T48SVJ,T48SWG",1,EPSG:32648,14,12,0.11065522120531682,0.06659052274982778,10692190,25302675,0.4225715265283216,EPSG:32648:5files:10692190valid:14chunks,HLS-VI.S30.T48SUH.2018165T034531.v2.0.NDVI.tif|HLS-VI.S30.T48SUJ.2018165T034531.v2.0.NDVI.tif|HLS-VI.S30.T48SVH.2018165T034531.v2.0.NDVI.tif|HLS-VI.S30.T48SVJ.2018165T034531.v2.0.NDVI.tif|HLS-VI.S30.T48SWG.2018165T034531.v2.0.NDVI.tif
2018-06-16,13,"T46TEK,T46TFK,T46TGK,T46TGL,T46TGM,T46TGN,T47TKE,T47TKF,T47TKG,T47TLE,T47TLF,T47TLG,T47TLH",2,"EPSG:32646,EPSG:32647",47,42,0.08025797209298444,0.07352425402792233,96850949,129680376,0.7468435239577035,EPSG:32646:6files:48526353valid:26chunks|EPSG:32647:7files:48324596valid:21chunks,HLS-VI.S30.T46TEK.2018167T042701.v2.0.NDVI.tif|HLS-VI.S30.T46TFK.2018167T042701.v2.0.NDVI.tif|HLS-VI.S30.T46TGK.2018167T042701.v2.0.NDVI.tif|HLS-VI.S30.T46TGL.2018167T042701.v2.0.NDVI.tif|HLS-VI.S30.T46TGM.2018167T042701.v2.0.NDVI.tif|HLS-VI.S30.T46TGN.2018167T042701.v2.0.NDVI.tif|HLS-VI.S30.T47TKE.2018167T042701.v2.0.NDVI.tif|HLS-VI.S30.T47TKF.2018167T042701.v2.0.NDVI.tif|HLS-VI.S30.T47TKG.2018167T042701.v2.0.NDVI.tif|HLS-VI.S30.T47TLE.2018167T042701.v2.0.NDVI.tif|HLS-VI.S30.T47TLF.2018167T042701.v2.0.NDVI.tif|HLS-VI.S30.T47TLG.2018167T042701.v2.0.NDVI.tif|HLS-VI.S30.T47TLH.2018167T042701.v2.0.NDVI.tif
2018-06-17,5,"T47SPD,T48STJ,T48SUJ,T48SVG,T48SVJ",2,"EPSG:32647,EPSG:32648",18,10,0.11446912572246784,0.091473208354666,13269586,32213273,0.4119291448590151,EPSG:32647:1files:1454603valid:4chunks|EPSG:32648:4files:11814983valid:14chunks,HLS-VI.S30.T47SPD.2018168T035541.v2.0.NDVI.tif|HLS-VI.S30.T48STJ.2018168T035541.v2.0.NDVI.tif|HLS-VI.S30.T48SUJ.2018168T035541.v2.0.NDVI.tif|HLS-VI.S30.T48SVG.2018168T035541.v2.0.NDVI.tif|HLS-VI.S30.T48SVJ.2018168T035541.v2.0.NDVI.tif
2018-06-20,6,"T47TME,T47TMF,T47TNE,T47TNF,T47TPE,T47TPF",1,EPSG:32647,12,9,0.09915567660299425,0.11978934282295037,18174488,27851321,0.6525538950199167,EPSG:32647:6files:18174488valid:12chunks,HLS-VI.S30.T47TME.2018171T040541.v2.0.NDVI.tif|HLS-VI.S30.T47TMF.2018171T040541.v2.0.NDVI.tif|HLS-VI.S30.T47TNE.2018171T040541.v2.0.NDVI.tif|HLS-VI.S30.T47TNF.2018171T040541.v2.0.NDVI.tif|HLS-VI.S30.T47TPE.2018171T040541.v2.0.NDVI.tif|HLS-VI.S30.T47TPF.2018171T040541.v2.0.NDVI.tif
2018-06-21,1,T47SLC,1,EPSG:32647,2,1,0.20648421556307703,0.06845689232907512,50237,1654022,0.03037263107745846,EPSG:32647:1files:50237valid:2chunks,HLS-VI.S30.T47SLC.2018172T042659.v2.0.NDVI.tif
2018-06-22,1,T48SUJ,1,EPSG:32648,4,4,0.11846308256503864,0.1157554995124903,7034203,7890344,0.8914950983125705,EPSG:32648:1files:7034203valid:4chunks,HLS-VI.S30.T48SUJ.2018173T035539.v2.0.NDVI.tif
2018-06-28,6,"T48SYD,T48SYF,T49SBA,T49SBU,T49SBV,T49SCA",2,"EPSG:32648,EPSG:32649",13,13,0.6388437284241341,0.16842686858509673,20179176,30447018,0.6627636243391717,EPSG:32648:2files:6734989valid:6chunks|EPSG:32649:4files:13444187valid:7chunks,HLS-VI.S30.T48SYD.2018179T032541.v2.0.NDVI.tif|HLS-VI.S30.T48SYF.2018179T032541.v2.0.NDVI.tif|HLS-VI.S30.T49SBA.2018179T032541.v2.0.NDVI.tif|HLS-VI.S30.T49SBU.2018179T032541.v2.0.NDVI.tif|HLS-VI.S30.T49SBV.2018179T032541.v2.0.NDVI.tif|HLS-VI.S30.T49SCA.2018179T032541.v2.0.NDVI.tif
2018-07-04,1,T48SVJ,1,EPSG:32648,2,2,0.09714114827062809,0.04110877352954695,1933305,2196785,0.8800610892736431,EPSG:32648:1files:1933305valid:2chunks,HLS-VI.S30.T48SVJ.2018185T034541.v2.0.NDVI.tif
2018-07-06,1,T47TLG,1,EPSG:32647,4,4,0.0789085850416905,0.018141705655758837,7671890,8677259,0.8841374908827776,EPSG:32647:1files:7671890valid:4chunks,HLS-VI.S30.T47TLG.2018187T042701.v2.0.NDVI.tif
2018-07-08,4,"T47TLE,T47TLH,T47TME,T47TNE",1,EPSG:32647,20,17,0.1344936603178117,0.17112103846875137,29225883,47981664,0.6091052407019482,EPSG:32647:4files:29225883valid:20chunks,HLS-VI.S30.T47TLE.2018189T041549.v2.0.NDVI.tif|HLS-VI.S30.T47TLH.2018189T041549.v2.0.NDVI.tif|HLS-VI.S30.T47TME.2018189T041549.v2.0.NDVI.tif|HLS-VI.S30.T47TNE.2018189T041549.v2.0.NDVI.tif
2018-07-09,7,"T46TFK,T48SUG,T48SUH,T48SUJ,T48SVG,T48SVH,T48SVJ",2,"EPSG:32646,EPSG:32648",24,21,0.18201994491701184,0.17548308188173592,29331060,51418598,0.570436790205754,EPSG:32646:1files:5087103valid:4chunks|EPSG:32648:6files:24243957valid:20chunks,HLS-VI.S30.T46TFK.2018190T043701.v2.0.NDVI.tif|HLS-VI.S30.T48SUG.2018190T034539.v2.0.NDVI.tif|HLS-VI.S30.T48SUH.2018190T034539.v2.0.NDVI.tif|HLS-VI.S30.T48SUJ.2018190T034539.v2.0.NDVI.tif|HLS-VI.S30.T48SVG.2018190T034539.v2.0.NDVI.tif|HLS-VI.S30.T48SVH.2018190T034539.v2.0.NDVI.tif|HLS-VI.S30.T48SVJ.2018190T034539.v2.0.NDVI.tif
2018-07-11,7,"T46SEJ,T46SFH,T46TEK,T46TFK,T46TFL,T47SLC,T48SXG",3,"EPSG:32646,EPSG:32647,EPSG:32648",27,25,0.09367816207047427,0.10865630946184265,41972854,70429559,0.5959550875506688,EPSG:32646:5files:40099334valid:23chunks|EPSG:32647:1files:49642valid:2chunks|EPSG:32648:1files:1823878valid:2chunks,HLS-VI.S30.T46SEJ.2018192T042659.v2.0.NDVI.tif|HLS-VI.S30.T46SFH.2018192T042659.v2.0.NDVI.tif|HLS-VI.S30.T46TEK.2018192T042659.v2.0.NDVI.tif|HLS-VI.S30.T46TFK.2018192T042659.v2.0.NDVI.tif|HLS-VI.S30.T46TFL.2018192T042659.v2.0.NDVI.tif|HLS-VI.S30.T47SLC.2018192T042659.v2.0.NDVI.tif|HLS-VI.S30.T48SXG.2018192T033541.v2.0.NDVI.tif
2018-07-12,15,"T47SPB,T47SPC,T47SPD,T47SQB,T47SQC,T47SQD,T48STG,T48STH,T48STJ,T48SUG,T48SUH,T48SUJ,T48SVG,T48SVH,T48SVJ",2,"EPSG:32647,EPSG:32648",39,31,0.28620390856063077,0.24788932960924911,68456118,87670174,0.780837026740702,EPSG:32647:6files:21661723valid:14chunks|EPSG:32648:9files:46794395valid:25chunks,HLS-VI.S30.T47SPB.2018193T035539.v2.0.NDVI.tif|HLS-VI.S30.T47SPC.2018193T035539.v2.0.NDVI.tif|HLS-VI.S30.T47SPD.2018193T035539.v2.0.NDVI.tif|HLS-VI.S30.T47SQB.2018193T035539.v2.0.NDVI.tif|HLS-VI.S30.T47SQC.2018193T035539.v2.0.NDVI.tif|HLS-VI.S30.T47SQD.2018193T035539.v2.0.NDVI.tif|HLS-VI.S30.T48STG.2018193T035539.v2.0.NDVI.tif|HLS-VI.S30.T48STH.2018193T035539.v2.0.NDVI.tif|HLS-VI.S30.T48STJ.2018193T035539.v2.0.NDVI.tif|HLS-VI.S30.T48SUG.2018193T035539.v2.0.NDVI.tif|HLS-VI.S30.T48SUH.2018193T035539.v2.0.NDVI.tif|HLS-VI.S30.T48SUJ.2018193T035539.v2.0.NDVI.tif|HLS-VI.S30.T48SVG.2018193T035539.v2.0.NDVI.tif|HLS-VI.S30.T48SVH.2018193T035539.v2.0.NDVI.tif|HLS-VI.S30.T48SVJ.2018193T035539.v2.0.NDVI.tif
2018-07-13,7,"T46TGL,T47SLD,T47SMC,T47SMD,T47TKF,T47TLG,T47TLH",2,"EPSG:32646,EPSG:32647",26,21,0.1785841762542266,0.1615007056273673,29348442,79502302,0.36915210329381404,EPSG:32646:1files:2299796valid:4chunks|EPSG:32647:6files:27048646valid:22chunks,HLS-VI.S30.T46TGL.2018194T041551.v2.0.NDVI.tif|HLS-VI.S30.T47SLD.2018194T041551.v2.0.NDVI.tif|HLS-VI.S30.T47SMC.2018194T041551.v2.0.NDVI.tif|HLS-VI.S30.T47SMD.2018194T041551.v2.0.NDVI.tif|HLS-VI.S30.T47TKF.2018194T041551.v2.0.NDVI.tif|HLS-VI.S30.T47TLG.2018194T041551.v2.0.NDVI.tif|HLS-VI.S30.T47TLH.2018194T041551.v2.0.NDVI.tif
2018-07-14,2,"T46TEK,T46TFK",1,EPSG:32646,8,6,0.06780377187839527,0.0856961095455552,15289831,24424349,0.6260077187727706,EPSG:32646:2files:15289831valid:8chunks,HLS-VI.S30.T46TEK.2018195T043659.v2.0.NDVI.tif|HLS-VI.S30.T46TFK.2018195T043659.v2.0.NDVI.tif
2018-07-15,11,"T47SPD,T47SQC,T47SQD,T47TME,T47TMF,T47TNE,T47TNF,T47TPE,T47TPF,T48STH,T48STJ",2,"EPSG:32647,EPSG:32648",30,20,0.17096060951135705,0.20393410578497367,30502226,82464127,0.3698847863871766,EPSG:32647:9files:29349241valid:24chunks|EPSG:32648:2files:1152985valid:6chunks,HLS-VI.S30.T47SPD.2018196T040539.v2.0.NDVI.tif|HLS-VI.S30.T47SQC.2018196T040539.v2.0.NDVI.tif|HLS-VI.S30.T47SQD.2018196T040539.v2.0.NDVI.tif|HLS-VI.S30.T47TME.2018196T040539.v2.0.NDVI.tif|HLS-VI.S30.T47TMF.2018196T040539.v2.0.NDVI.tif|HLS-VI.S30.T47TNE.2018196T040539.v2.0.NDVI.tif|HLS-VI.S30.T47TNF.2018196T040539.v2.0.NDVI.tif|HLS-VI.S30.T47TPE.2018196T040539.v2.0.NDVI.tif|HLS-VI.S30.T47TPF.2018196T040539.v2.0.NDVI.tif|HLS-VI.S30.T48STH.2018196T040539.v2.0.NDVI.tif|HLS-VI.S30.T48STJ.2018196T040539.v2.0.NDVI.tif
2018-07-16,11,"T46TEK,T46TEL,T46TFL,T46TFM,T46TGL,T46TGN,T47TKF,T47TLE,T47TLF,T47TLG,T47TLH",2,"EPSG:32646,EPSG:32647",37,32,0.0753562850960112,0.0730415075691822,64479739,101955255,0.6324317368437753,EPSG:32646:6files:32080553valid:19chunks|EPSG:32647:5files:32399186valid:18chunks,HLS-VI.S30.T46TEK.2018197T042711.v2.0.NDVI.tif|HLS-VI.S30.T46TEL.2018197T042711.v2.0.NDVI.tif|HLS-VI.S30.T46TFL.2018197T042711.v2.0.NDVI.tif|HLS-VI.S30.T46TFM.2018197T042711.v2.0.NDVI.tif|HLS-VI.S30.T46TGL.2018197T042711.v2.0.NDVI.tif|HLS-VI.S30.T46TGN.2018197T042711.v2.0.NDVI.tif|HLS-VI.S30.T47TKF.2018197T042711.v2.0.NDVI.tif|HLS-VI.S30.T47TLE.2018197T042711.v2.0.NDVI.tif|HLS-VI.S30.T47TLF.2018197T042711.v2.0.NDVI.tif|HLS-VI.S30.T47TLG.2018197T042711.v2.0.NDVI.tif|HLS-VI.S30.T47TLH.2018197T042711.v2.0.NDVI.tif
2018-07-17,22,"T47SPC,T47SPD,T47SPT,T47SPU,T47SQB,T47SQC,T47SQD,T47SQT,T47SQU,T48STC,T48STD,T48STG,T48STH,T48STJ,T48SUD,T48SUE,T48SUF,T48SUH,T48SUJ,T48SVG,T48SVH,T48SVJ",2,"EPSG:32647,EPSG:32648",63,50,0.4088699177530008,0.3084229834337548,90933126,161248061,0.5639331439774646,EPSG:32647:9files:30386537valid:22chunks|EPSG:32648:13files:60546589valid:41chunks,HLS-VI.S30.T47SPC.2018198T035541.v2.0.NDVI.tif|HLS-VI.S30.T47SPD.2018198T035541.v2.0.NDVI.tif|HLS-VI.S30.T47SPT.2018198T035541.v2.0.NDVI.tif|HLS-VI.S30.T47SPU.2018198T035541.v2.0.NDVI.tif|HLS-VI.S30.T47SQB.2018198T035541.v2.0.NDVI.tif|HLS-VI.S30.T47SQC.2018198T035541.v2.0.NDVI.tif|HLS-VI.S30.T47SQD.2018198T035541.v2.0.NDVI.tif|HLS-VI.S30.T47SQT.2018198T035541.v2.0.NDVI.tif|HLS-VI.S30.T47SQU.2018198T035541.v2.0.NDVI.tif|HLS-VI.S30.T48STC.2018198T035541.v2.0.NDVI.tif|HLS-VI.S30.T48STD.2018198T035541.v2.0.NDVI.tif|HLS-VI.S30.T48STG.2018198T035541.v2.0.NDVI.tif|HLS-VI.S30.T48STH.2018198T035541.v2.0.NDVI.tif|HLS-VI.S30.T48STJ.2018198T035541.v2.0.NDVI.tif|HLS-VI.S30.T48SUD.2018198T035541.v2.0.NDVI.tif|HLS-VI.S30.T48SUE.2018198T035541.v2.0.NDVI.tif|HLS-VI.S30.T48SUF.2018198T035541.v2.0.NDVI.tif|HLS-VI.S30.T48SUH.2018198T035541.v2.0.NDVI.tif|HLS-VI.S30.T48SUJ.2018198T035541.v2.0.NDVI.tif|HLS-VI.S30.T48SVG.2018198T035541.v2.0.NDVI.tif|HLS-VI.S30.T48SVH.2018198T035541.v2.0.NDVI.tif|HLS-VI.S30.T48SVJ.2018198T035541.v2.0.NDVI.tif
2018-07-18,1,T49SBU,1,EPSG:32649,1,1,0.7014189020728782,0.13109935552630636,122321,158944,0.769585514395007,EPSG:32649:1files:122321valid:1chunks,HLS-VI.S30.T49SBU.2018199T032711.v2.0.NDVI.tif
2018-07-19,2,"T48SUH,T48SVH",1,EPSG:32648,5,5,0.1196619899649624,0.09101046414834998,6455215,12207404,0.5287950656830888,EPSG:32648:2files:6455215valid:5chunks,HLS-VI.S30.T48SUH.2018200T034529.v2.0.NDVI.tif|HLS-VI.S30.T48SVH.2018200T034529.v2.0.NDVI.tif
2018-07-20,7,"T47SMD,T47SND,T47SPD,T47TME,T47TMF,T47TPE,T47TPF",1,EPSG:32647,21,19,0.24893338665249387,0.23529626523265296,26868991,47282778,0.56826168293242,EPSG:32647:7files:26868991valid:21chunks,HLS-VI.S30.T47SMD.2018201T040541.v2.0.NDVI.tif|HLS-VI.S30.T47SND.2018201T040541.v2.0.NDVI.tif|HLS-VI.S30.T47SPD.2018201T040541.v2.0.NDVI.tif|HLS-VI.S30.T47TME.2018201T040541.v2.0.NDVI.tif|HLS-VI.S30.T47TMF.2018201T040541.v2.0.NDVI.tif|HLS-VI.S30.T47TPE.2018201T040541.v2.0.NDVI.tif|HLS-VI.S30.T47TPF.2018201T040541.v2.0.NDVI.tif
2018-07-21,11,"T46SGJ,T46TEK,T46TGM,T46TGN,T47SKD,T47SLC,T47TKF,T47TKG,T47TLF,T47TLG,T47TLH",2,"EPSG:32646,EPSG:32647",46,39,0.10645832968343667,0.08449631630405129,76242633,127124465,0.5997479163432468,EPSG:32646:4files:28593685valid:23chunks|EPSG:32647:7files:47648948valid:23chunks,HLS-VI.S30.T46SGJ.2018202T042659.v2.0.NDVI.tif|HLS-VI.S30.T46TEK.2018202T042659.v2.0.NDVI.tif|HLS-VI.S30.T46TGM.2018202T042659.v2.0.NDVI.tif|HLS-VI.S30.T46TGN.2018202T042659.v2.0.NDVI.tif|HLS-VI.S30.T47SKD.2018202T042659.v2.0.NDVI.tif|HLS-VI.S30.T47SLC.2018202T042659.v2.0.NDVI.tif|HLS-VI.S30.T47TKF.2018202T042659.v2.0.NDVI.tif|HLS-VI.S30.T47TKG.2018202T042659.v2.0.NDVI.tif|HLS-VI.S30.T47TLF.2018202T042659.v2.0.NDVI.tif|HLS-VI.S30.T47TLG.2018202T042659.v2.0.NDVI.tif|HLS-VI.S30.T47TLH.2018202T042659.v2.0.NDVI.tif
2018-07-22,2,"T48STF,T48SUF",1,EPSG:32648,6,4,0.425753633704081,0.19753509260617294,6180955,12395522,0.4986441877962058,EPSG:32648:2files:6180955valid:6chunks,HLS-VI.S30.T48STF.2018203T035539.v2.0.NDVI.tif|HLS-VI.S30.T48SUF.2018203T035539.v2.0.NDVI.tif
2018-07-23,14,"T46SGJ,T46TGK,T46TGL,T47SKD,T47TKE,T47TKF,T47TLE,T47TLF,T47TLG,T47TLH,T47TME,T47TMF,T47TNE,T47TNF",2,"EPSG:32646,EPSG:32647",45,39,0.12190238328488288,0.11810236431422462,78762930,147883861,0.5325999028386201,EPSG:32646:3files:13199340valid:12chunks|EPSG:32647:11files:65563590valid:33chunks,HLS-VI.S30.T46SGJ.2018204T041551.v2.0.NDVI.tif|HLS-VI.S30.T46TGK.2018204T041551.v2.0.NDVI.tif|HLS-VI.S30.T46TGL.2018204T041551.v2.0.NDVI.tif|HLS-VI.S30.T47SKD.2018204T041551.v2.0.NDVI.tif|HLS-VI.S30.T47TKE.2018204T041551.v2.0.NDVI.tif|HLS-VI.S30.T47TKF.2018204T041551.v2.0.NDVI.tif|HLS-VI.S30.T47TLE.2018204T041551.v2.0.NDVI.tif|HLS-VI.S30.T47TLF.2018204T041551.v2.0.NDVI.tif|HLS-VI.S30.T47TLG.2018204T041551.v2.0.NDVI.tif|HLS-VI.S30.T47TLH.2018204T041551.v2.0.NDVI.tif|HLS-VI.S30.T47TME.2018204T041551.v2.0.NDVI.tif|HLS-VI.S30.T47TMF.2018204T041551.v2.0.NDVI.tif|HLS-VI.S30.T47TNE.2018204T041551.v2.0.NDVI.tif|HLS-VI.S30.T47TNF.2018204T041551.v2.0.NDVI.tif
2018-07-24,17,"T46SDJ,T46SEH,T46SFH,T46SFJ,T46TDK,T46TEK,T46TEL,T46TFK,T46TFL,T46TFM,T48SUG,T48SUH,T48SUJ,T48SVG,T48SVH,T48SVJ,T48SWC",2,"EPSG:32646,EPSG:32648",53,42,0.16433219171388455,0.19374924306500912,62173566,144355684,0.43069704134407344,EPSG:32646:10files:32959384valid:25chunks|EPSG:32648:7files:29214182valid:28chunks,HLS-VI.S30.T46SDJ.2018205T043659.v2.0.NDVI.tif|HLS-VI.S30.T46SEH.2018205T043659.v2.0.NDVI.tif|HLS-VI.S30.T46SFH.2018205T043659.v2.0.NDVI.tif|HLS-VI.S30.T46SFJ.2018205T043659.v2.0.NDVI.tif|HLS-VI.S30.T46TDK.2018205T043659.v2.0.NDVI.tif|HLS-VI.S30.T46TEK.2018205T043659.v2.0.NDVI.tif|HLS-VI.S30.T46TEL.2018205T043659.v2.0.NDVI.tif|HLS-VI.S30.T46TFK.2018205T043659.v2.0.NDVI.tif|HLS-VI.S30.T46TFL.2018205T043659.v2.0.NDVI.tif|HLS-VI.S30.T46TFM.2018205T043659.v2.0.NDVI.tif|HLS-VI.S30.T48SUG.2018205T034541.v2.0.NDVI.tif|HLS-VI.S30.T48SUH.2018205T034541.v2.0.NDVI.tif|HLS-VI.S30.T48SUJ.2018205T034541.v2.0.NDVI.tif|HLS-VI.S30.T48SVG.2018205T034541.v2.0.NDVI.tif|HLS-VI.S30.T48SVH.2018205T034541.v2.0.NDVI.tif|HLS-VI.S30.T48SVJ.2018205T034541.v2.0.NDVI.tif|HLS-VI.S30.T48SWC.2018205T034541.v2.0.NDVI.tif
2018-07-25,15,"T47SMD,T47SNC,T47SND,T47SPB,T47SPC,T47SPD,T47SQB,T47SQC,T47SQD,T47TMF,T47TNE,T47TNF,T47TPE,T48STH,T48STJ",2,"EPSG:32647,EPSG:32648",34,25,0.25516639413546294,0.2485489217385644,48698820,90555781,0.5377770415342119,EPSG:32647:13files:47524981valid:28chunks|EPSG:32648:2files:1173839valid:6chunks,HLS-VI.S30.T47SMD.2018206T040539.v2.0.NDVI.tif|HLS-VI.S30.T47SNC.2018206T040539.v2.0.NDVI.tif|HLS-VI.S30.T47SND.2018206T040539.v2.0.NDVI.tif|HLS-VI.S30.T47SPB.2018206T040539.v2.0.NDVI.tif|HLS-VI.S30.T47SPC.2018206T040539.v2.0.NDVI.tif|HLS-VI.S30.T47SPD.2018206T040539.v2.0.NDVI.tif|HLS-VI.S30.T47SQB.2018206T040539.v2.0.NDVI.tif|HLS-VI.S30.T47SQC.2018206T040539.v2.0.NDVI.tif|HLS-VI.S30.T47SQD.2018206T040539.v2.0.NDVI.tif|HLS-VI.S30.T47TMF.2018206T040539.v2.0.NDVI.tif|HLS-VI.S30.T47TNE.2018206T040539.v2.0.NDVI.tif|HLS-VI.S30.T47TNF.2018206T040539.v2.0.NDVI.tif|HLS-VI.S30.T47TPE.2018206T040539.v2.0.NDVI.tif|HLS-VI.S30.T48STH.2018206T040539.v2.0.NDVI.tif|HLS-VI.S30.T48STJ.2018206T040539.v2.0.NDVI.tif
2018-07-26,8,"T46TEL,T46TFK,T46TFL,T46TGL,T46TGM,T46TGN,T47TKF,T47TKG",2,"EPSG:32646,EPSG:32647",30,29,0.07683083625632182,0.05680994698578461,64217679,79651192,0.8062362582094189,EPSG:32646:6files:44655206valid:22chunks|EPSG:32647:2files:19562473valid:8chunks,HLS-VI.S30.T46TEL.2018207T042701.v2.0.NDVI.tif|HLS-VI.S30.T46TFK.2018207T042701.v2.0.NDVI.tif|HLS-VI.S30.T46TFL.2018207T042701.v2.0.NDVI.tif|HLS-VI.S30.T46TGL.2018207T042701.v2.0.NDVI.tif|HLS-VI.S30.T46TGM.2018207T042701.v2.0.NDVI.tif|HLS-VI.S30.T46TGN.2018207T042701.v2.0.NDVI.tif|HLS-VI.S30.T47TKF.2018207T042701.v2.0.NDVI.tif|HLS-VI.S30.T47TKG.2018207T042701.v2.0.NDVI.tif
2018-07-27,4,"T48SUG,T48SVG,T48SVH,T48SVJ",1,EPSG:32648,17,12,0.2874711925623277,0.21865236146713746,12606468,29215048,0.43150598280721636,EPSG:32648:4files:12606468valid:17chunks,HLS-VI.S30.T48SUG.2018208T035541.v2.0.NDVI.tif|HLS-VI.S30.T48SVG.2018208T035541.v2.0.NDVI.tif|HLS-VI.S30.T48SVH.2018208T035541.v2.0.NDVI.tif|HLS-VI.S30.T48SVJ.2018208T035541.v2.0.NDVI.tif
2018-07-31,1,T46SEH,1,EPSG:32646,2,2,0.07158436270011498,0.08067562749757194,1369415,2293008,0.5972133546851995,EPSG:32646:1files:1369415valid:2chunks,HLS-VI.S30.T46SEH.2018212T042659.v2.0.NDVI.tif
2018-08-01,2,"T48SUH,T48SVG",1,EPSG:32648,10,5,0.15855335092310185,0.17158210101935442,10498721,24068420,0.43620316580814195,EPSG:32648:2files:10498721valid:10chunks,HLS-VI.S30.T48SUH.2018213T035709.v2.0.NDVI.tif|HLS-VI.S30.T48SVG.2018213T035709.v2.0.NDVI.tif
2018-08-04,1,T47TPF,1,EPSG:32647,1,1,0.05822105530301002,0.010363269607103934,668119,668155,0.9999461202864605,EPSG:32647:1files:668119valid:1chunks,HLS-VI.S30.T47TPF.2018216T040539.v2.0.NDVI.tif
2018-08-05,6,"T46TEK,T46TEL,T46TFK,T46TGN,T47TLG,T47TLH",2,"EPSG:32646,EPSG:32647",21,20,0.07976309472697081,0.08182195431054284,29023201,50495126,0.5747723255507868,EPSG:32646:4files:20349088valid:15chunks|EPSG:32647:2files:8674113valid:6chunks,HLS-VI.S30.T46TEK.2018217T042701.v2.0.NDVI.tif|HLS-VI.S30.T46TEL.2018217T042701.v2.0.NDVI.tif|HLS-VI.S30.T46TFK.2018217T042701.v2.0.NDVI.tif|HLS-VI.S30.T46TGN.2018217T042701.v2.0.NDVI.tif|HLS-VI.S30.T47TLG.2018217T042701.v2.0.NDVI.tif|HLS-VI.S30.T47TLH.2018217T042701.v2.0.NDVI.tif
2018-08-07,7,"T47TLE,T47TLG,T47TLH,T47TME,T47TMF,T47TNE,T47TNF",1,EPSG:32647,24,21,0.11453275053592585,0.13960326328493647,39424873,58401591,0.6750650508819186,EPSG:32647:7files:39424873valid:24chunks,HLS-VI.S30.T47TLE.2018219T041549.v2.0.NDVI.tif|HLS-VI.S30.T47TLG.2018219T041549.v2.0.NDVI.tif|HLS-VI.S30.T47TLH.2018219T041549.v2.0.NDVI.tif|HLS-VI.S30.T47TME.2018219T041549.v2.0.NDVI.tif|HLS-VI.S30.T47TMF.2018219T041549.v2.0.NDVI.tif|HLS-VI.S30.T47TNE.2018219T041549.v2.0.NDVI.tif|HLS-VI.S30.T47TNF.2018219T041549.v2.0.NDVI.tif
2018-08-08,11,"T46SDJ,T46SEH,T46SEJ,T46SFH,T46SFJ,T46TDK,T46TEK,T46TEL,T46TFK,T46TFL,T46TFM",1,EPSG:32646,25,19,0.07700963669497633,0.08314086675815213,40459170,70238660,0.5760242293916199,EPSG:32646:11files:40459170valid:25chunks,HLS-VI.S30.T46SDJ.2018220T043701.v2.0.NDVI.tif|HLS-VI.S30.T46SEH.2018220T043701.v2.0.NDVI.tif|HLS-VI.S30.T46SEJ.2018220T043701.v2.0.NDVI.tif|HLS-VI.S30.T46SFH.2018220T043701.v2.0.NDVI.tif|HLS-VI.S30.T46SFJ.2018220T043701.v2.0.NDVI.tif|HLS-VI.S30.T46TDK.2018220T043701.v2.0.NDVI.tif|HLS-VI.S30.T46TEK.2018220T043701.v2.0.NDVI.tif|HLS-VI.S30.T46TEL.2018220T043701.v2.0.NDVI.tif|HLS-VI.S30.T46TFK.2018220T043701.v2.0.NDVI.tif|HLS-VI.S30.T46TFL.2018220T043701.v2.0.NDVI.tif|HLS-VI.S30.T46TFM.2018220T043701.v2.0.NDVI.tif
2018-08-09,5,"T47SMD,T47TME,T47TMF,T47TPE,T47TPF",1,EPSG:32647,12,9,0.23756770495838384,0.23725295180816033,9071105,31492997,0.28803562264969573,EPSG:32647:5files:9071105valid:12chunks,HLS-VI.S30.T47SMD.2018221T040541.v2.0.NDVI.tif|HLS-VI.S30.T47TME.2018221T040541.v2.0.NDVI.tif|HLS-VI.S30.T47TMF.2018221T040541.v2.0.NDVI.tif|HLS-VI.S30.T47TPE.2018221T040541.v2.0.NDVI.tif|HLS-VI.S30.T47TPF.2018221T040541.v2.0.NDVI.tif
2018-08-10,3,"T46TEK,T46TEL,T47SLC",2,"EPSG:32646,EPSG:32647",9,7,0.05725776330959892,0.05753773030166912,7857406,16263253,0.4831386439109076,EPSG:32646:2files:7793855valid:7chunks|EPSG:32647:1files:63551valid:2chunks,HLS-VI.S30.T46TEK.2018222T042659.v2.0.NDVI.tif|HLS-VI.S30.T46TEL.2018222T042659.v2.0.NDVI.tif|HLS-VI.S30.T47SLC.2018222T042659.v2.0.NDVI.tif
2018-08-11,1,T48SVJ,1,EPSG:32648,2,2,0.0967037672368675,0.03518663449644448,1622846,2196785,0.7387368358760643,EPSG:32648:1files:1622846valid:2chunks,HLS-VI.S30.T48SVJ.2018223T035529.v2.0.NDVI.tif
2018-08-13,10,"T46SDJ,T46SEH,T46SEJ,T46SFH,T46SFJ,T46TEK,T46TEL,T46TFK,T46TFL,T46TFM",1,EPSG:32646,25,20,0.07285707753489823,0.07844426921101899,39740645,70238660,0.5657944641882405,EPSG:32646:10files:39740645valid:25chunks,HLS-VI.S30.T46SDJ.2018225T043659.v2.0.NDVI.tif|HLS-VI.S30.T46SEH.2018225T043659.v2.0.NDVI.tif|HLS-VI.S30.T46SEJ.2018225T043659.v2.0.NDVI.tif|HLS-VI.S30.T46SFH.2018225T043659.v2.0.NDVI.tif|HLS-VI.S30.T46SFJ.2018225T043659.v2.0.NDVI.tif|HLS-VI.S30.T46TEK.2018225T043659.v2.0.NDVI.tif|HLS-VI.S30.T46TEL.2018225T043659.v2.0.NDVI.tif|HLS-VI.S30.T46TFK.2018225T043659.v2.0.NDVI.tif|HLS-VI.S30.T46TFL.2018225T043659.v2.0.NDVI.tif|HLS-VI.S30.T46TFM.2018225T043659.v2.0.NDVI.tif
2018-08-14,1,T47SPD,1,EPSG:32647,4,4,0.2206942600603825,0.1874491709641992,7128777,8306666,0.8581995472070263,EPSG:32647:1files:7128777valid:4chunks,HLS-VI.S30.T47SPD.2018226T040539.v2.0.NDVI.tif
2018-08-15,2,"T46TEK,T46TEL",1,EPSG:32646,7,6,0.05703587507991003,0.05675224980336971,8067238,14609231,0.5522014129285792,EPSG:32646:2files:8067238valid:7chunks,HLS-VI.S30.T46TEK.2018227T042701.v2.0.NDVI.tif|HLS-VI.S30.T46TEL.2018227T042701.v2.0.NDVI.tif
2018-08-17,15,"T46SGJ,T47SKD,T47SLD,T47SMC,T47SMD,T47SND,T47TKE,T47TKF,T47TLE,T47TLF,T47TLG,T47TLH,T47TME,T47TNE,T47TNF",2,"EPSG:32646,EPSG:32647",45,39,0.14885035164809945,0.14905194095862587,88480483,147270827,0.6008011552756474,EPSG:32646:1files:6807731valid:4chunks|EPSG:32647:14files:81672752valid:41chunks,HLS-VI.S30.T46SGJ.2018229T041539.v2.0.NDVI.tif|HLS-VI.S30.T47SKD.2018229T041539.v2.0.NDVI.tif|HLS-VI.S30.T47SLD.2018229T041539.v2.0.NDVI.tif|HLS-VI.S30.T47SMC.2018229T041539.v2.0.NDVI.tif|HLS-VI.S30.T47SMD.2018229T041539.v2.0.NDVI.tif|HLS-VI.S30.T47SND.2018229T041539.v2.0.NDVI.tif|HLS-VI.S30.T47TKE.2018229T041539.v2.0.NDVI.tif|HLS-VI.S30.T47TKF.2018229T041539.v2.0.NDVI.tif|HLS-VI.S30.T47TLE.2018229T041539.v2.0.NDVI.tif|HLS-VI.S30.T47TLF.2018229T041539.v2.0.NDVI.tif|HLS-VI.S30.T47TLG.2018229T041539.v2.0.NDVI.tif|HLS-VI.S30.T47TLH.2018229T041539.v2.0.NDVI.tif|HLS-VI.S30.T47TME.2018229T041539.v2.0.NDVI.tif|HLS-VI.S30.T47TNE.2018229T041539.v2.0.NDVI.tif|HLS-VI.S30.T47TNF.2018229T041539.v2.0.NDVI.tif
2018-08-18,9,"T46SEJ,T46SFJ,T46TEK,T46TEL,T46TFK,T46TFL,T46TFM,T48SUJ,T48SVJ",2,"EPSG:32646,EPSG:32648",29,21,0.08397082605612159,0.09323987391708909,42174607,71408403,0.5906112618146635,EPSG:32646:7files:37014109valid:23chunks|EPSG:32648:2files:5160498valid:6chunks,HLS-VI.S30.T46SEJ.2018230T043701.v2.0.NDVI.tif|HLS-VI.S30.T46SFJ.2018230T043701.v2.0.NDVI.tif|HLS-VI.S30.T46TEK.2018230T043701.v2.0.NDVI.tif|HLS-VI.S30.T46TEL.2018230T043701.v2.0.NDVI.tif|HLS-VI.S30.T46TFK.2018230T043701.v2.0.NDVI.tif|HLS-VI.S30.T46TFL.2018230T043701.v2.0.NDVI.tif|HLS-VI.S30.T46TFM.2018230T043701.v2.0.NDVI.tif|HLS-VI.S30.T48SUJ.2018230T034529.v2.0.NDVI.tif|HLS-VI.S30.T48SVJ.2018230T034529.v2.0.NDVI.tif
2018-08-20,1,T47SLC,1,EPSG:32647,2,1,0.2835410722326698,0.07825677408310333,65909,1654022,0.039847716656731286,EPSG:32647:1files:65909valid:2chunks,HLS-VI.S30.T47SLC.2018232T042659.v2.0.NDVI.tif
2018-08-22,19,"T46SGH,T46SGJ,T46TGK,T46TGL,T46TGM,T47SKC,T47SKD,T47SMC,T47SMD,T47SND,T47TKE,T47TKF,T47TLE,T47TLF,T47TLH,T47TME,T47TMF,T47TNE,T47TNF",2,"EPSG:32646,EPSG:32647",55,44,0.14749339448050738,0.13997916866137222,94984813,177344763,0.5355941240847355,EPSG:32646:5files:18029628valid:16chunks|EPSG:32647:14files:76955185valid:39chunks,HLS-VI.S30.T46SGH.2018234T041551.v2.0.NDVI.tif|HLS-VI.S30.T46SGJ.2018234T041551.v2.0.NDVI.tif|HLS-VI.S30.T46TGK.2018234T041551.v2.0.NDVI.tif|HLS-VI.S30.T46TGL.2018234T041551.v2.0.NDVI.tif|HLS-VI.S30.T46TGM.2018234T041551.v2.0.NDVI.tif|HLS-VI.S30.T47SKC.2018234T041551.v2.0.NDVI.tif|HLS-VI.S30.T47SKD.2018234T041551.v2.0.NDVI.tif|HLS-VI.S30.T47SMC.2018234T041551.v2.0.NDVI.tif|HLS-VI.S30.T47SMD.2018234T041551.v2.0.NDVI.tif|HLS-VI.S30.T47SND.2018234T041551.v2.0.NDVI.tif|HLS-VI.S30.T47TKE.2018234T041551.v2.0.NDVI.tif|HLS-VI.S30.T47TKF.2018234T041551.v2.0.NDVI.tif|HLS-VI.S30.T47TLE.2018234T041551.v2.0.NDVI.tif|HLS-VI.S30.T47TLF.2018234T041551.v2.0.NDVI.tif|HLS-VI.S30.T47TLH.2018234T041551.v2.0.NDVI.tif|HLS-VI.S30.T47TME.2018234T041551.v2.0.NDVI.tif|HLS-VI.S30.T47TMF.2018234T041551.v2.0.NDVI.tif|HLS-VI.S30.T47TNE.2018234T041551.v2.0.NDVI.tif|HLS-VI.S30.T47TNF.2018234T041551.v2.0.NDVI.tif
2018-08-23,19,"T46SFH,T46TEK,T47SQT,T47SQU,T48STC,T48STD,T48SUB,T48SUC,T48SUD,T48SUE,T48SUF,T48SUG,T48SUH,T48SVF,T48SVG,T48SVH,T48SWE,T48SWF,T48SWG",3,"EPSG:32646,EPSG:32647,EPSG:32648",59,49,0.49218002003858813,0.2752549808530534,100399976,171027775,0.5870390116459154,EPSG:32646:2files:10589666valid:9chunks|EPSG:32647:2files:3785340valid:5chunks|EPSG:32648:15files:86024970valid:45chunks,HLS-VI.S30.T46SFH.2018235T043659.v2.0.NDVI.tif|HLS-VI.S30.T46TEK.2018235T043659.v2.0.NDVI.tif|HLS-VI.S30.T47SQT.2018235T034531.v2.0.NDVI.tif|HLS-VI.S30.T47SQU.2018235T034531.v2.0.NDVI.tif|HLS-VI.S30.T48STC.2018235T034531.v2.0.NDVI.tif|HLS-VI.S30.T48STD.2018235T034531.v2.0.NDVI.tif|HLS-VI.S30.T48SUB.2018235T034531.v2.0.NDVI.tif|HLS-VI.S30.T48SUC.2018235T034531.v2.0.NDVI.tif|HLS-VI.S30.T48SUD.2018235T034531.v2.0.NDVI.tif|HLS-VI.S30.T48SUE.2018235T034531.v2.0.NDVI.tif|HLS-VI.S30.T48SUF.2018235T034531.v2.0.NDVI.tif|HLS-VI.S30.T48SUG.2018235T034531.v2.0.NDVI.tif|HLS-VI.S30.T48SUH.2018235T034531.v2.0.NDVI.tif|HLS-VI.S30.T48SVF.2018235T034531.v2.0.NDVI.tif|HLS-VI.S30.T48SVG.2018235T034531.v2.0.NDVI.tif|HLS-VI.S30.T48SVH.2018235T034531.v2.0.NDVI.tif|HLS-VI.S30.T48SWE.2018235T034531.v2.0.NDVI.tif|HLS-VI.S30.T48SWF.2018235T034531.v2.0.NDVI.tif|HLS-VI.S30.T48SWG.2018235T034531.v2.0.NDVI.tif
2018-08-25,11,"T46SGJ,T46TFM,T46TGK,T46TGL,T46TGM,T47TKE,T47TKF,T47TKG,T47TLE,T47TLF,T47TLG",2,"EPSG:32646,EPSG:32647",44,40,0.10253385458303482,0.08683395764390951,94605168,123264361,0.767498141656695,EPSG:32646:5files:44141240valid:22chunks|EPSG:32647:6files:50463928valid:22chunks,HLS-VI.S30.T46SGJ.2018237T042701.v2.0.NDVI.tif|HLS-VI.S30.T46TFM.2018237T042701.v2.0.NDVI.tif|HLS-VI.S30.T46TGK.2018237T042701.v2.0.NDVI.tif|HLS-VI.S30.T46TGL.2018237T042701.v2.0.NDVI.tif|HLS-VI.S30.T46TGM.2018237T042701.v2.0.NDVI.tif|HLS-VI.S30.T47TKE.2018237T042701.v2.0.NDVI.tif|HLS-VI.S30.T47TKF.2018237T042701.v2.0.NDVI.tif|HLS-VI.S30.T47TKG.2018237T042701.v2.0.NDVI.tif|HLS-VI.S30.T47TLE.2018237T042701.v2.0.NDVI.tif|HLS-VI.S30.T47TLF.2018237T042701.v2.0.NDVI.tif|HLS-VI.S30.T47TLG.2018237T042701.v2.0.NDVI.tif
2018-08-27,12,"T46TGK,T46TGL,T47TKE,T47TKF,T47TLE,T47TLF,T47TLG,T47TLH,T47TME,T47TMF,T47TNE,T47TNF",2,"EPSG:32646,EPSG:32647",37,31,0.10746431045671778,0.10714928862305485,63335995,111673493,0.5671533440796017,EPSG:32646:2files:6468035valid:8chunks|EPSG:32647:10files:56867960valid:29chunks,HLS-VI.S30.T46TGK.2018239T041539.v2.0.NDVI.tif|HLS-VI.S30.T46TGL.2018239T041539.v2.0.NDVI.tif|HLS-VI.S30.T47TKE.2018239T041539.v2.0.NDVI.tif|HLS-VI.S30.T47TKF.2018239T041539.v2.0.NDVI.tif|HLS-VI.S30.T47TLE.2018239T041539.v2.0.NDVI.tif|HLS-VI.S30.T47TLF.2018239T041539.v2.0.NDVI.tif|HLS-VI.S30.T47TLG.2018239T041539.v2.0.NDVI.tif|HLS-VI.S30.T47TLH.2018239T041539.v2.0.NDVI.tif|HLS-VI.S30.T47TME.2018239T041539.v2.0.NDVI.tif|HLS-VI.S30.T47TMF.2018239T041539.v2.0.NDVI.tif|HLS-VI.S30.T47TNE.2018239T041539.v2.0.NDVI.tif|HLS-VI.S30.T47TNF.2018239T041539.v2.0.NDVI.tif
2018-09-01,3,"T47TKG,T47TMF,T47TNF",1,EPSG:32647,12,9,0.07653988996102619,0.02158290289925642,4112075,19707701,0.20865320617559602,EPSG:32647:3files:4112075valid:12chunks,HLS-VI.S30.T47TKG.2018244T041551.v2.0.NDVI.tif|HLS-VI.S30.T47TMF.2018244T041551.v2.0.NDVI.tif|HLS-VI.S30.T47TNF.2018244T041551.v2.0.NDVI.tif
2018-09-02,11,"T46SDJ,T46SEH,T46SEJ,T46SFH,T46SFJ,T46TDK,T46TEK,T46TEL,T46TFK,T46TFL,T46TFM",1,EPSG:32646,25,20,0.07334902403675092,0.08249952992406503,41650488,70238660,0.5929852306407896,EPSG:32646:11files:41650488valid:25chunks,HLS-VI.S30.T46SDJ.2018245T043649.v2.0.NDVI.tif|HLS-VI.S30.T46SEH.2018245T043649.v2.0.NDVI.tif|HLS-VI.S30.T46SEJ.2018245T043649.v2.0.NDVI.tif|HLS-VI.S30.T46SFH.2018245T043649.v2.0.NDVI.tif|HLS-VI.S30.T46SFJ.2018245T043649.v2.0.NDVI.tif|HLS-VI.S30.T46TDK.2018245T043649.v2.0.NDVI.tif|HLS-VI.S30.T46TEK.2018245T043649.v2.0.NDVI.tif|HLS-VI.S30.T46TEL.2018245T043649.v2.0.NDVI.tif|HLS-VI.S30.T46TFK.2018245T043649.v2.0.NDVI.tif|HLS-VI.S30.T46TFL.2018245T043649.v2.0.NDVI.tif|HLS-VI.S30.T46TFM.2018245T043649.v2.0.NDVI.tif
2018-09-03,2,"T47SQB,T47TPE",1,EPSG:32647,9,3,0.1619743289673902,0.21511763732460001,936437,12753367,0.07342664882144456,EPSG:32647:2files:936437valid:9chunks,HLS-VI.S30.T47SQB.2018246T040659.v2.0.NDVI.tif|HLS-VI.S30.T47TPE.2018246T040659.v2.0.NDVI.tif
2018-09-04,2,"T46TEL,T46TFM",1,EPSG:32646,7,5,0.05928522580975096,0.02171809319526977,4766519,7950872,0.5994963822836036,EPSG:32646:2files:4766519valid:7chunks,HLS-VI.S30.T46TEL.2018247T042701.v2.0.NDVI.tif|HLS-VI.S30.T46TFM.2018247T042701.v2.0.NDVI.tif
2018-09-06,14,"T46TGL,T47TKF,T47TLF,T47TLG,T47TLH,T47TME,T47TMF,T47TNE,T47TNF,T48SYE,T48SYF,T49SBA,T49SBV,T49SCA",4,"EPSG:32646,EPSG:32647,EPSG:32648,EPSG:32649",42,37,0.2975651886273678,0.2903115294480607,68257282,118230291,0.5773248244817396,EPSG:32646:1files:2346205valid:4chunks|EPSG:32647:8files:40779433valid:23chunks|EPSG:32648:2files:12308985valid:8chunks|EPSG:32649:3files:12822659valid:7chunks,HLS-VI.S30.T46TGL.2018249T041659.v2.0.NDVI.tif|HLS-VI.S30.T47TKF.2018249T041659.v2.0.NDVI.tif|HLS-VI.S30.T47TLF.2018249T041659.v2.0.NDVI.tif|HLS-VI.S30.T47TLG.2018249T041659.v2.0.NDVI.tif|HLS-VI.S30.T47TLH.2018249T041659.v2.0.NDVI.tif|HLS-VI.S30.T47TME.2018249T041659.v2.0.NDVI.tif|HLS-VI.S30.T47TMF.2018249T041659.v2.0.NDVI.tif|HLS-VI.S30.T47TNE.2018249T041659.v2.0.NDVI.tif|HLS-VI.S30.T47TNF.2018249T041659.v2.0.NDVI.tif|HLS-VI.S30.T48SYE.2018249T032531.v2.0.NDVI.tif|HLS-VI.S30.T48SYF.2018249T032531.v2.0.NDVI.tif|HLS-VI.S30.T49SBA.2018249T032531.v2.0.NDVI.tif|HLS-VI.S30.T49SBV.2018249T032531.v2.0.NDVI.tif|HLS-VI.S30.T49SCA.2018249T032531.v2.0.NDVI.tif
2018-09-07,9,"T46SFH,T48SUF,T48SUG,T48SUH,T48SUJ,T48SVG,T48SVH,T48SWF,T48SWG",2,"EPSG:32646,EPSG:32648",27,23,0.3526850823514432,0.20450835181521032,39188996,66675063,0.5877609144516294,EPSG:32646:1files:99669valid:4chunks|EPSG:32648:8files:39089327valid:23chunks,HLS-VI.S30.T46SFH.2018250T043701.v2.0.NDVI.tif|HLS-VI.S30.T48SUF.2018250T034529.v2.0.NDVI.tif|HLS-VI.S30.T48SUG.2018250T034529.v2.0.NDVI.tif|HLS-VI.S30.T48SUH.2018250T034529.v2.0.NDVI.tif|HLS-VI.S30.T48SUJ.2018250T034529.v2.0.NDVI.tif|HLS-VI.S30.T48SVG.2018250T034529.v2.0.NDVI.tif|HLS-VI.S30.T48SVH.2018250T034529.v2.0.NDVI.tif|HLS-VI.S30.T48SWF.2018250T034529.v2.0.NDVI.tif|HLS-VI.S30.T48SWG.2018250T034529.v2.0.NDVI.tif
2018-09-09,19,"T46SEH,T46SEJ,T46SFH,T46TEK,T46TEL,T46TFK,T46TFL,T46TFM,T46TGK,T46TGL,T46TGM,T46TGN,T47TKE,T47TKF,T47TKG,T47TLE,T47TLF,T47TLG,T47TLH",2,"EPSG:32646,EPSG:32647",60,54,0.08511998545741065,0.07857606119507612,130006834,172255518,0.7547324782942512,EPSG:32646:12files:77741291valid:39chunks|EPSG:32647:7files:52265543valid:21chunks,HLS-VI.S30.T46SEH.2018252T042659.v2.0.NDVI.tif|HLS-VI.S30.T46SEJ.2018252T042659.v2.0.NDVI.tif|HLS-VI.S30.T46SFH.2018252T042659.v2.0.NDVI.tif|HLS-VI.S30.T46TEK.2018252T042659.v2.0.NDVI.tif|HLS-VI.S30.T46TEL.2018252T042659.v2.0.NDVI.tif|HLS-VI.S30.T46TFK.2018252T042659.v2.0.NDVI.tif|HLS-VI.S30.T46TFL.2018252T042659.v2.0.NDVI.tif|HLS-VI.S30.T46TFM.2018252T042659.v2.0.NDVI.tif|HLS-VI.S30.T46TGK.2018252T042659.v2.0.NDVI.tif|HLS-VI.S30.T46TGL.2018252T042659.v2.0.NDVI.tif|HLS-VI.S30.T46TGM.2018252T042659.v2.0.NDVI.tif|HLS-VI.S30.T46TGN.2018252T042659.v2.0.NDVI.tif|HLS-VI.S30.T47TKE.2018252T042659.v2.0.NDVI.tif|HLS-VI.S30.T47TKF.2018252T042659.v2.0.NDVI.tif|HLS-VI.S30.T47TKG.2018252T042659.v2.0.NDVI.tif|HLS-VI.S30.T47TLE.2018252T042659.v2.0.NDVI.tif|HLS-VI.S30.T47TLF.2018252T042659.v2.0.NDVI.tif|HLS-VI.S30.T47TLG.2018252T042659.v2.0.NDVI.tif|HLS-VI.S30.T47TLH.2018252T042659.v2.0.NDVI.tif
2018-09-10,15,"T47SPC,T47SPD,T47SQC,T47SQD,T48STE,T48STH,T48STJ,T48SUD,T48SUE,T48SUG,T48SUH,T48SUJ,T48SVG,T48SVH,T48SVJ",2,"EPSG:32647,EPSG:32648",52,39,0.3211045279094287,0.2359539919394946,69808646,144326470,0.4836856745682202,EPSG:32647:4files:19756515valid:13chunks|EPSG:32648:11files:50052131valid:39chunks,HLS-VI.S30.T47SPC.2018253T035529.v2.0.NDVI.tif|HLS-VI.S30.T47SPD.2018253T035529.v2.0.NDVI.tif|HLS-VI.S30.T47SQC.2018253T035529.v2.0.NDVI.tif|HLS-VI.S30.T47SQD.2018253T035529.v2.0.NDVI.tif|HLS-VI.S30.T48STE.2018253T035529.v2.0.NDVI.tif|HLS-VI.S30.T48STH.2018253T035529.v2.0.NDVI.tif|HLS-VI.S30.T48STJ.2018253T035529.v2.0.NDVI.tif|HLS-VI.S30.T48SUD.2018253T035529.v2.0.NDVI.tif|HLS-VI.S30.T48SUE.2018253T035529.v2.0.NDVI.tif|HLS-VI.S30.T48SUG.2018253T035529.v2.0.NDVI.tif|HLS-VI.S30.T48SUH.2018253T035529.v2.0.NDVI.tif|HLS-VI.S30.T48SUJ.2018253T035529.v2.0.NDVI.tif|HLS-VI.S30.T48SVG.2018253T035529.v2.0.NDVI.tif|HLS-VI.S30.T48SVH.2018253T035529.v2.0.NDVI.tif|HLS-VI.S30.T48SVJ.2018253T035529.v2.0.NDVI.tif
2018-09-11,13,"T46TGK,T46TGL,T46TGM,T47SMD,T47TKE,T47TKF,T47TKG,T47TLE,T47TLF,T47TME,T47TMF,T47TNE,T47TNF",2,"EPSG:32646,EPSG:32647",48,38,0.1284763544738474,0.12538225776807002,65618498,148680617,0.44133861779709993,EPSG:32646:3files:7300422valid:12chunks|EPSG:32647:10files:58318076valid:36chunks,HLS-VI.S30.T46TGK.2018254T041551.v2.0.NDVI.tif|HLS-VI.S30.T46TGL.2018254T041551.v2.0.NDVI.tif|HLS-VI.S30.T46TGM.2018254T041551.v2.0.NDVI.tif|HLS-VI.S30.T47SMD.2018254T041551.v2.0.NDVI.tif|HLS-VI.S30.T47TKE.2018254T041551.v2.0.NDVI.tif|HLS-VI.S30.T47TKF.2018254T041551.v2.0.NDVI.tif|HLS-VI.S30.T47TKG.2018254T041551.v2.0.NDVI.tif|HLS-VI.S30.T47TLE.2018254T041551.v2.0.NDVI.tif|HLS-VI.S30.T47TLF.2018254T041551.v2.0.NDVI.tif|HLS-VI.S30.T47TME.2018254T041551.v2.0.NDVI.tif|HLS-VI.S30.T47TMF.2018254T041551.v2.0.NDVI.tif|HLS-VI.S30.T47TNE.2018254T041551.v2.0.NDVI.tif|HLS-VI.S30.T47TNF.2018254T041551.v2.0.NDVI.tif
2018-09-12,9,"T46TDK,T46TEK,T46TEL,T46TFK,T46TFL,T46TFM,T48SUH,T48SUJ,T48SVJ",2,"EPSG:32646,EPSG:32648",28,24,0.08278723192385065,0.08428983667794472,37249115,59908785,0.6217638197803544,EPSG:32646:6files:26856045valid:18chunks|EPSG:32648:3files:10393070valid:10chunks,HLS-VI.S30.T46TDK.2018255T043649.v2.0.NDVI.tif|HLS-VI.S30.T46TEK.2018255T043649.v2.0.NDVI.tif|HLS-VI.S30.T46TEL.2018255T043649.v2.0.NDVI.tif|HLS-VI.S30.T46TFK.2018255T043649.v2.0.NDVI.tif|HLS-VI.S30.T46TFL.2018255T043649.v2.0.NDVI.tif|HLS-VI.S30.T46TFM.2018255T043649.v2.0.NDVI.tif|HLS-VI.S30.T48SUH.2018255T034531.v2.0.NDVI.tif|HLS-VI.S30.T48SUJ.2018255T034531.v2.0.NDVI.tif|HLS-VI.S30.T48SVJ.2018255T034531.v2.0.NDVI.tif
2018-09-13,5,"T47SPD,T47SQD,T47TMF,T48STH,T48STJ",2,"EPSG:32647,EPSG:32648",18,11,0.21468406531153308,0.16229332577064998,10408618,32557399,0.3197005387316106,EPSG:32647:3files:9344381valid:12chunks|EPSG:32648:2files:1064237valid:6chunks,HLS-VI.S30.T47SPD.2018256T040659.v2.0.NDVI.tif|HLS-VI.S30.T47SQD.2018256T040659.v2.0.NDVI.tif|HLS-VI.S30.T47TMF.2018256T040659.v2.0.NDVI.tif|HLS-VI.S30.T48STH.2018256T040659.v2.0.NDVI.tif|HLS-VI.S30.T48STJ.2018256T040659.v2.0.NDVI.tif
2018-09-14,10,"T46TEK,T46TEL,T46TFK,T46TFL,T46TGL,T46TGN,T47TKF,T47TKG,T47TLG,T47TLH",2,"EPSG:32646,EPSG:32647",32,30,0.07519005565851994,0.06152504499888289,73910969,92770505,0.7967076281410778,EPSG:32646:6files:43782157valid:21chunks|EPSG:32647:4files:30128812valid:11chunks,HLS-VI.S30.T46TEK.2018257T042701.v2.0.NDVI.tif|HLS-VI.S30.T46TEL.2018257T042701.v2.0.NDVI.tif|HLS-VI.S30.T46TFK.2018257T042701.v2.0.NDVI.tif|HLS-VI.S30.T46TFL.2018257T042701.v2.0.NDVI.tif|HLS-VI.S30.T46TGL.2018257T042701.v2.0.NDVI.tif|HLS-VI.S30.T46TGN.2018257T042701.v2.0.NDVI.tif|HLS-VI.S30.T47TKF.2018257T042701.v2.0.NDVI.tif|HLS-VI.S30.T47TKG.2018257T042701.v2.0.NDVI.tif|HLS-VI.S30.T47TLG.2018257T042701.v2.0.NDVI.tif|HLS-VI.S30.T47TLH.2018257T042701.v2.0.NDVI.tif
2018-09-16,1,T47TLH,1,EPSG:32647,2,2,0.0552043937692191,0.013382870541251634,956692,1904313,0.5023816988068663,EPSG:32647:1files:956692valid:2chunks,HLS-VI.S30.T47TLH.2018259T041539.v2.0.NDVI.tif
2018-09-17,9,"T46SDJ,T46SEH,T46SEJ,T46SFH,T46SFJ,T46TEK,T46TEL,T46TFK,T46TFL",1,EPSG:32646,23,20,0.07052994326592439,0.07138719501749798,38598084,68492522,0.5635371989952421,EPSG:32646:9files:38598084valid:23chunks,HLS-VI.S30.T46SDJ.2018260T043701.v2.0.NDVI.tif|HLS-VI.S30.T46SEH.2018260T043701.v2.0.NDVI.tif|HLS-VI.S30.T46SEJ.2018260T043701.v2.0.NDVI.tif|HLS-VI.S30.T46SFH.2018260T043701.v2.0.NDVI.tif|HLS-VI.S30.T46SFJ.2018260T043701.v2.0.NDVI.tif|HLS-VI.S30.T46TEK.2018260T043701.v2.0.NDVI.tif|HLS-VI.S30.T46TEL.2018260T043701.v2.0.NDVI.tif|HLS-VI.S30.T46TFK.2018260T043701.v2.0.NDVI.tif|HLS-VI.S30.T46TFL.2018260T043701.v2.0.NDVI.tif
2018-09-19,16,"T46SEH,T46SEJ,T46SFJ,T46TEK,T46TEL,T46TFK,T46TFL,T46TFM,T46TGK,T46TGL,T46TGM,T47SLC,T47TKE,T47TKF,T47TKG,T47TLE",2,"EPSG:32646,EPSG:32647",58,51,0.08473602144060606,0.07562275465284152,117697612,176937762,0.6651921594893915,EPSG:32646:11files:80760401valid:36chunks|EPSG:32647:5files:36937211valid:22chunks,HLS-VI.S30.T46SEH.2018262T042659.v2.0.NDVI.tif|HLS-VI.S30.T46SEJ.2018262T042659.v2.0.NDVI.tif|HLS-VI.S30.T46SFJ.2018262T042659.v2.0.NDVI.tif|HLS-VI.S30.T46TEK.2018262T042659.v2.0.NDVI.tif|HLS-VI.S30.T46TEL.2018262T042659.v2.0.NDVI.tif|HLS-VI.S30.T46TFK.2018262T042659.v2.0.NDVI.tif|HLS-VI.S30.T46TFL.2018262T042659.v2.0.NDVI.tif|HLS-VI.S30.T46TFM.2018262T042659.v2.0.NDVI.tif|HLS-VI.S30.T46TGK.2018262T042659.v2.0.NDVI.tif|HLS-VI.S30.T46TGL.2018262T042659.v2.0.NDVI.tif|HLS-VI.S30.T46TGM.2018262T042659.v2.0.NDVI.tif|HLS-VI.S30.T47SLC.2018262T042659.v2.0.NDVI.tif|HLS-VI.S30.T47TKE.2018262T042659.v2.0.NDVI.tif|HLS-VI.S30.T47TKF.2018262T042659.v2.0.NDVI.tif|HLS-VI.S30.T47TKG.2018262T042659.v2.0.NDVI.tif|HLS-VI.S30.T47TLE.2018262T042659.v2.0.NDVI.tif
2018-09-20,9,"T47SPC,T47SPD,T47SQC,T47SQD,T48STH,T48STJ,T48SUH,T48SVH,T48SVJ",2,"EPSG:32647,EPSG:32648",25,23,0.2409388938345672,0.17455076113294615,48156184,62027162,0.776372518865203,EPSG:32647:4files:20242104valid:13chunks|EPSG:32648:5files:27914080valid:12chunks,HLS-VI.S30.T47SPC.2018263T035529.v2.0.NDVI.tif|HLS-VI.S30.T47SPD.2018263T035529.v2.0.NDVI.tif|HLS-VI.S30.T47SQC.2018263T035529.v2.0.NDVI.tif|HLS-VI.S30.T47SQD.2018263T035529.v2.0.NDVI.tif|HLS-VI.S30.T48STH.2018263T035529.v2.0.NDVI.tif|HLS-VI.S30.T48STJ.2018263T035529.v2.0.NDVI.tif|HLS-VI.S30.T48SUH.2018263T035529.v2.0.NDVI.tif|HLS-VI.S30.T48SVH.2018263T035529.v2.0.NDVI.tif|HLS-VI.S30.T48SVJ.2018263T035529.v2.0.NDVI.tif
2018-09-21,1,T48SYD,1,EPSG:32648,2,2,0.6127122431418355,0.1328899544058688,731321,1064640,0.686918582807334,EPSG:32648:1files:731321valid:2chunks,HLS-VI.S30.T48SYD.2018264T032529.v2.0.NDVI.tif
2018-09-22,28,"T46SDJ,T46SEH,T46SEJ,T46SFH,T46SFJ,T46TDK,T46TEK,T46TEL,T46TFK,T46TFL,T46TFM,T47SQU,T48STD,T48STE,T48STF,T48SUF,T48SUG,T48SUH,T48SUJ,T48SVC,T48SVF,T48SVG,T48SVH,T48SVJ,T48SWC,T48SWD,T48SWF,T48SWG",3,"EPSG:32646,EPSG:32647,EPSG:32648",76,64,0.319411237620632,0.26230855763960303,121570048,216747953,0.56088210438601,EPSG:32646:11files:41505820valid:25chunks|EPSG:32647:1files:2021719valid:3chunks|EPSG:32648:16files:78042509valid:48chunks,HLS-VI.S30.T46SDJ.2018265T043659.v2.0.NDVI.tif|HLS-VI.S30.T46SEH.2018265T043659.v2.0.NDVI.tif|HLS-VI.S30.T46SEJ.2018265T043659.v2.0.NDVI.tif|HLS-VI.S30.T46SFH.2018265T043659.v2.0.NDVI.tif|HLS-VI.S30.T46SFJ.2018265T043659.v2.0.NDVI.tif|HLS-VI.S30.T46TDK.2018265T043659.v2.0.NDVI.tif|HLS-VI.S30.T46TEK.2018265T043659.v2.0.NDVI.tif|HLS-VI.S30.T46TEL.2018265T043659.v2.0.NDVI.tif|HLS-VI.S30.T46TFK.2018265T043659.v2.0.NDVI.tif|HLS-VI.S30.T46TFL.2018265T043659.v2.0.NDVI.tif|HLS-VI.S30.T46TFM.2018265T043659.v2.0.NDVI.tif|HLS-VI.S30.T47SQU.2018265T034531.v2.0.NDVI.tif|HLS-VI.S30.T48STD.2018265T034531.v2.0.NDVI.tif|HLS-VI.S30.T48STE.2018265T034531.v2.0.NDVI.tif|HLS-VI.S30.T48STF.2018265T034531.v2.0.NDVI.tif|HLS-VI.S30.T48SUF.2018265T034531.v2.0.NDVI.tif|HLS-VI.S30.T48SUG.2018265T034531.v2.0.NDVI.tif|HLS-VI.S30.T48SUH.2018265T034531.v2.0.NDVI.tif|HLS-VI.S30.T48SUJ.2018265T034531.v2.0.NDVI.tif|HLS-VI.S30.T48SVC.2018265T034531.v2.0.NDVI.tif|HLS-VI.S30.T48SVF.2018265T034531.v2.0.NDVI.tif|HLS-VI.S30.T48SVG.2018265T034531.v2.0.NDVI.tif|HLS-VI.S30.T48SVH.2018265T034531.v2.0.NDVI.tif|HLS-VI.S30.T48SVJ.2018265T034531.v2.0.NDVI.tif|HLS-VI.S30.T48SWC.2018265T034531.v2.0.NDVI.tif|HLS-VI.S30.T48SWD.2018265T034531.v2.0.NDVI.tif|HLS-VI.S30.T48SWF.2018265T034531.v2.0.NDVI.tif|HLS-VI.S30.T48SWG.2018265T034531.v2.0.NDVI.tif
2018-09-23,1,T47TPF,1,EPSG:32647,1,1,0.055869278382069926,0.0102320499212223,623185,668155,0.9326952578368791,EPSG:32647:1files:623185valid:1chunks,HLS-VI.S30.T47TPF.2018266T040539.v2.0.NDVI.tif
2018-09-24,7,"T46TFM,T46TGM,T46TGN,T47SLC,T47TKG,T47TLG,T47TLH",2,"EPSG:32646,EPSG:32647",25,20,0.07866049252392185,0.022783967946696827,26864680,52195240,0.5146959761081662,EPSG:32646:3files:10680009valid:10chunks|EPSG:32647:4files:16184671valid:15chunks,HLS-VI.S30.T46TFM.2018267T042701.v2.0.NDVI.tif|HLS-VI.S30.T46TGM.2018267T042701.v2.0.NDVI.tif|HLS-VI.S30.T46TGN.2018267T042701.v2.0.NDVI.tif|HLS-VI.S30.T47SLC.2018267T042701.v2.0.NDVI.tif|HLS-VI.S30.T47TKG.2018267T042701.v2.0.NDVI.tif|HLS-VI.S30.T47TLG.2018267T042701.v2.0.NDVI.tif|HLS-VI.S30.T47TLH.2018267T042701.v2.0.NDVI.tif
2018-09-25,3,"T48SUH,T48SVH,T48SVJ",1,EPSG:32648,10,10,0.1523963487781419,0.10875319538920315,11923530,19465146,0.6125579535853468,EPSG:32648:3files:11923530valid:10chunks,HLS-VI.S30.T48SUH.2018268T035531.v2.0.NDVI.tif|HLS-VI.S30.T48SVH.2018268T035531.v2.0.NDVI.tif|HLS-VI.S30.T48SVJ.2018268T035531.v2.0.NDVI.tif
2018-09-26,2,"T47TLH,T47TNE",1,EPSG:32647,11,8,0.07650402180086596,0.0721139653704056,7480122,20552517,0.3639516269467141,EPSG:32647:2files:7480122valid:11chunks,HLS-VI.S30.T47TLH.2018269T041539.v2.0.NDVI.tif|HLS-VI.S30.T47TNE.2018269T041539.v2.0.NDVI.tif
2018-09-27,10,"T46TDK,T46TEK,T46TEL,T46TFK,T46TFL,T46TFM,T48SUH,T48SUJ,T48SVH,T48SVJ",2,"EPSG:32646,EPSG:32648",29,25,0.07909839248058098,0.07100553938216,37813421,59933683,0.6309210298322564,EPSG:32646:6files:26718637valid:18chunks|EPSG:32648:4files:11094784valid:11chunks,HLS-VI.S30.T46TDK.2018270T043701.v2.0.NDVI.tif|HLS-VI.S30.T46TEK.2018270T043701.v2.0.NDVI.tif|HLS-VI.S30.T46TEL.2018270T043701.v2.0.NDVI.tif|HLS-VI.S30.T46TFK.2018270T043701.v2.0.NDVI.tif|HLS-VI.S30.T46TFL.2018270T043701.v2.0.NDVI.tif|HLS-VI.S30.T46TFM.2018270T043701.v2.0.NDVI.tif|HLS-VI.S30.T48SUH.2018270T034529.v2.0.NDVI.tif|HLS-VI.S30.T48SUJ.2018270T034529.v2.0.NDVI.tif|HLS-VI.S30.T48SVH.2018270T034529.v2.0.NDVI.tif|HLS-VI.S30.T48SVJ.2018270T034529.v2.0.NDVI.tif
2018-09-28,11,"T47SND,T47SPD,T47SQD,T47TME,T47TMF,T47TNE,T47TNF,T47TPE,T47TPF,T48STH,T48STJ",2,"EPSG:32647,EPSG:32648",30,21,0.14744813436885015,0.1359693025706166,37058545,69853545,0.5305177425139984,EPSG:32647:9files:35950695valid:24chunks|EPSG:32648:2files:1107850valid:6chunks,HLS-VI.S30.T47SND.2018271T040541.v2.0.NDVI.tif|HLS-VI.S30.T47SPD.2018271T040541.v2.0.NDVI.tif|HLS-VI.S30.T47SQD.2018271T040541.v2.0.NDVI.tif|HLS-VI.S30.T47TME.2018271T040541.v2.0.NDVI.tif|HLS-VI.S30.T47TMF.2018271T040541.v2.0.NDVI.tif|HLS-VI.S30.T47TNE.2018271T040541.v2.0.NDVI.tif|HLS-VI.S30.T47TNF.2018271T040541.v2.0.NDVI.tif|HLS-VI.S30.T47TPE.2018271T040541.v2.0.NDVI.tif|HLS-VI.S30.T47TPF.2018271T040541.v2.0.NDVI.tif|HLS-VI.S30.T48STH.2018271T040541.v2.0.NDVI.tif|HLS-VI.S30.T48STJ.2018271T040541.v2.0.NDVI.tif
2018-09-29,11,"T47SLC,T48SWF,T48SXF,T48SXG,T48SYD,T48SYE,T48SYF,T49SBA,T49SBB,T49SBU,T49SBV",3,"EPSG:32647,EPSG:32648,EPSG:32649",30,26,0.5457458841325221,0.14929596281214433,41190819,55712279,0.7393490221428565,EPSG:32647:1files:55207valid:2chunks|EPSG:32648:6files:29655990valid:20chunks|EPSG:32649:4files:11479622valid:8chunks,HLS-VI.S30.T47SLC.2018272T042659.v2.0.NDVI.tif|HLS-VI.S30.T48SWF.2018272T033531.v2.0.NDVI.tif|HLS-VI.S30.T48SXF.2018272T033531.v2.0.NDVI.tif|HLS-VI.S30.T48SXG.2018272T033531.v2.0.NDVI.tif|HLS-VI.S30.T48SYD.2018272T033531.v2.0.NDVI.tif|HLS-VI.S30.T48SYE.2018272T033531.v2.0.NDVI.tif|HLS-VI.S30.T48SYF.2018272T033531.v2.0.NDVI.tif|HLS-VI.S30.T49SBA.2018272T033531.v2.0.NDVI.tif|HLS-VI.S30.T49SBB.2018272T033531.v2.0.NDVI.tif|HLS-VI.S30.T49SBU.2018272T033531.v2.0.NDVI.tif|HLS-VI.S30.T49SBV.2018272T033531.v2.0.NDVI.tif
2018-10-01,18,"T46TGK,T46TGL,T47TKE,T47TKF,T47TLF,T47TLG,T47TLH,T47TME,T47TMF,T47TNE,T47TNF,T48SYD,T48SYE,T48SYF,T49SBA,T49SBU,T49SBV,T49SCA",4,"EPSG:32646,EPSG:32647,EPSG:32648,EPSG:32649",50,44,0.2633246013228525,0.2599122621262916,83845384,143188834,0.5855581169129431,EPSG:32646:2files:6878927valid:8chunks|EPSG:32647:9files:47562279valid:27chunks|EPSG:32648:3files:14456131valid:8chunks|EPSG:32649:4files:14948047valid:7chunks,HLS-VI.S30.T46TGK.2018274T041551.v2.0.NDVI.tif|HLS-VI.S30.T46TGL.2018274T041551.v2.0.NDVI.tif|HLS-VI.S30.T47TKE.2018274T041551.v2.0.NDVI.tif|HLS-VI.S30.T47TKF.2018274T041551.v2.0.NDVI.tif|HLS-VI.S30.T47TLF.2018274T041551.v2.0.NDVI.tif|HLS-VI.S30.T47TLG.2018274T041551.v2.0.NDVI.tif|HLS-VI.S30.T47TLH.2018274T041551.v2.0.NDVI.tif|HLS-VI.S30.T47TME.2018274T041551.v2.0.NDVI.tif|HLS-VI.S30.T47TMF.2018274T041551.v2.0.NDVI.tif|HLS-VI.S30.T47TNE.2018274T041551.v2.0.NDVI.tif|HLS-VI.S30.T47TNF.2018274T041551.v2.0.NDVI.tif|HLS-VI.S30.T48SYD.2018274T032529.v2.0.NDVI.tif|HLS-VI.S30.T48SYE.2018274T032529.v2.0.NDVI.tif|HLS-VI.S30.T48SYF.2018274T032529.v2.0.NDVI.tif|HLS-VI.S30.T49SBA.2018274T032529.v2.0.NDVI.tif|HLS-VI.S30.T49SBU.2018274T032529.v2.0.NDVI.tif|HLS-VI.S30.T49SBV.2018274T032529.v2.0.NDVI.tif|HLS-VI.S30.T49SCA.2018274T032529.v2.0.NDVI.tif
2018-10-02,12,"T46SFH,T46TDK,T46TEK,T46TEL,T46TFK,T46TFL,T46TFM,T48SUH,T48SUJ,T48SVH,T48SVJ,T48SWD",2,"EPSG:32646,EPSG:32648",40,30,0.12477514066657851,0.1590484616382496,42577460,105829382,0.4023217295174227,EPSG:32646:7files:26913180valid:22chunks|EPSG:32648:5files:15664280valid:18chunks,HLS-VI.S30.T46SFH.2018275T043659.v2.0.NDVI.tif|HLS-VI.S30.T46TDK.2018275T043659.v2.0.NDVI.tif|HLS-VI.S30.T46TEK.2018275T043659.v2.0.NDVI.tif|HLS-VI.S30.T46TEL.2018275T043659.v2.0.NDVI.tif|HLS-VI.S30.T46TFK.2018275T043659.v2.0.NDVI.tif|HLS-VI.S30.T46TFL.2018275T043659.v2.0.NDVI.tif|HLS-VI.S30.T46TFM.2018275T043659.v2.0.NDVI.tif|HLS-VI.S30.T48SUH.2018275T034551.v2.0.NDVI.tif|HLS-VI.S30.T48SUJ.2018275T034551.v2.0.NDVI.tif|HLS-VI.S30.T48SVH.2018275T034551.v2.0.NDVI.tif|HLS-VI.S30.T48SVJ.2018275T034551.v2.0.NDVI.tif|HLS-VI.S30.T48SWD.2018275T034551.v2.0.NDVI.tif
2018-10-03,11,"T47SND,T47SPD,T47SQD,T47TME,T47TMF,T47TNE,T47TNF,T47TPE,T47TPF,T48STH,T48STJ",2,"EPSG:32647,EPSG:32648",30,21,0.1385621114141316,0.1203744189315214,37331909,69853545,0.5344311301595359,EPSG:32647:9files:36168192valid:24chunks|EPSG:32648:2files:1163717valid:6chunks,HLS-VI.S30.T47SND.2018276T040559.v2.0.NDVI.tif|HLS-VI.S30.T47SPD.2018276T040559.v2.0.NDVI.tif|HLS-VI.S30.T47SQD.2018276T040559.v2.0.NDVI.tif|HLS-VI.S30.T47TME.2018276T040559.v2.0.NDVI.tif|HLS-VI.S30.T47TMF.2018276T040559.v2.0.NDVI.tif|HLS-VI.S30.T47TNE.2018276T040559.v2.0.NDVI.tif|HLS-VI.S30.T47TNF.2018276T040559.v2.0.NDVI.tif|HLS-VI.S30.T47TPE.2018276T040559.v2.0.NDVI.tif|HLS-VI.S30.T47TPF.2018276T040559.v2.0.NDVI.tif|HLS-VI.S30.T48STH.2018276T040559.v2.0.NDVI.tif|HLS-VI.S30.T48STJ.2018276T040559.v2.0.NDVI.tif
2018-10-04,28,"T46SEH,T46SEJ,T46SFH,T46SFJ,T46SGJ,T46TGK,T46TGN,T47SKD,T47SLC,T47TKE,T47TLH,T48SVE,T48SWD,T48SWE,T48SWF,T48SXC,T48SXD,T48SXE,T48SXF,T48SXG,T48SYD,T48SYE,T48SYF,T48SYG,T49SBA,T49SBB,T49SBU,T49SBV",4,"EPSG:32646,EPSG:32647,EPSG:32648,EPSG:32649",89,78,0.31472702706805394,0.24784364985263518,147704879,242423196,0.6092852558548069,EPSG:32646:7files:47545024valid:28chunks|EPSG:32647:4files:23974666valid:16chunks|EPSG:32648:13files:64286206valid:37chunks|EPSG:32649:4files:11898983valid:8chunks,HLS-VI.S30.T46SEH.2018277T042701.v2.0.NDVI.tif|HLS-VI.S30.T46SEJ.2018277T042701.v2.0.NDVI.tif|HLS-VI.S30.T46SFH.2018277T042701.v2.0.NDVI.tif|HLS-VI.S30.T46SFJ.2018277T042701.v2.0.NDVI.tif|HLS-VI.S30.T46SGJ.2018277T042701.v2.0.NDVI.tif|HLS-VI.S30.T46TGK.2018277T042701.v2.0.NDVI.tif|HLS-VI.S30.T46TGN.2018277T042701.v2.0.NDVI.tif|HLS-VI.S30.T47SKD.2018277T042701.v2.0.NDVI.tif|HLS-VI.S30.T47SLC.2018277T042701.v2.0.NDVI.tif|HLS-VI.S30.T47TKE.2018277T042701.v2.0.NDVI.tif|HLS-VI.S30.T47TLH.2018277T042701.v2.0.NDVI.tif|HLS-VI.S30.T48SVE.2018277T033559.v2.0.NDVI.tif|HLS-VI.S30.T48SWD.2018277T033559.v2.0.NDVI.tif|HLS-VI.S30.T48SWE.2018277T033559.v2.0.NDVI.tif|HLS-VI.S30.T48SWF.2018277T033559.v2.0.NDVI.tif|HLS-VI.S30.T48SXC.2018277T033559.v2.0.NDVI.tif|HLS-VI.S30.T48SXD.2018277T033559.v2.0.NDVI.tif|HLS-VI.S30.T48SXE.2018277T033559.v2.0.NDVI.tif|HLS-VI.S30.T48SXF.2018277T033559.v2.0.NDVI.tif|HLS-VI.S30.T48SXG.2018277T033559.v2.0.NDVI.tif|HLS-VI.S30.T48SYD.2018277T033559.v2.0.NDVI.tif|HLS-VI.S30.T48SYE.2018277T033559.v2.0.NDVI.tif|HLS-VI.S30.T48SYF.2018277T033559.v2.0.NDVI.tif|HLS-VI.S30.T48SYG.2018277T033559.v2.0.NDVI.tif|HLS-VI.S30.T49SBA.2018277T033559.v2.0.NDVI.tif|HLS-VI.S30.T49SBB.2018277T033559.v2.0.NDVI.tif|HLS-VI.S30.T49SBU.2018277T033559.v2.0.NDVI.tif|HLS-VI.S30.T49SBV.2018277T033559.v2.0.NDVI.tif
2018-10-05,2,"T47SPD,T48SVG",2,"EPSG:32647,EPSG:32648",8,3,0.17492766499471182,0.06164841460890662,1847666,15320149,0.12060365731429896,EPSG:32647:1files:1784411valid:4chunks|EPSG:32648:1files:63255valid:4chunks,HLS-VI.S30.T47SPD.2018278T035611.v2.0.NDVI.tif|HLS-VI.S30.T48SVG.2018278T035611.v2.0.NDVI.tif
2018-10-06,12,"T46TGK,T46TGL,T47SND,T47TKE,T47TKF,T47TLE,T47TLF,T47TLH,T47TME,T47TMF,T47TNE,T47TNF",2,"EPSG:32646,EPSG:32647",40,30,0.09245311056183261,0.07774248012581476,61151124,128451309,0.47606462305495073,EPSG:32646:2files:6763876valid:8chunks|EPSG:32647:10files:54387248valid:32chunks,HLS-VI.S30.T46TGK.2018279T041619.v2.0.NDVI.tif|HLS-VI.S30.T46TGL.2018279T041619.v2.0.NDVI.tif|HLS-VI.S30.T47SND.2018279T041619.v2.0.NDVI.tif|HLS-VI.S30.T47TKE.2018279T041619.v2.0.NDVI.tif|HLS-VI.S30.T47TKF.2018279T041619.v2.0.NDVI.tif|HLS-VI.S30.T47TLE.2018279T041619.v2.0.NDVI.tif|HLS-VI.S30.T47TLF.2018279T041619.v2.0.NDVI.tif|HLS-VI.S30.T47TLH.2018279T041619.v2.0.NDVI.tif|HLS-VI.S30.T47TME.2018279T041619.v2.0.NDVI.tif|HLS-VI.S30.T47TMF.2018279T041619.v2.0.NDVI.tif|HLS-VI.S30.T47TNE.2018279T041619.v2.0.NDVI.tif|HLS-VI.S30.T47TNF.2018279T041619.v2.0.NDVI.tif
2018-10-07,13,"T46SDJ,T46SFH,T46TDK,T46TEK,T46TEL,T46TFL,T46TFM,T48SUH,T48SUJ,T48SVG,T48SVH,T48SVJ,T48SWG",2,"EPSG:32646,EPSG:32648",39,34,0.09966839053887555,0.08568101445313901,41902692,92533058,0.452840237917999,EPSG:32646:7files:24726206valid:21chunks|EPSG:32648:6files:17176486valid:18chunks,HLS-VI.S30.T46SDJ.2018280T043701.v2.0.NDVI.tif|HLS-VI.S30.T46SFH.2018280T043701.v2.0.NDVI.tif|HLS-VI.S30.T46TDK.2018280T043701.v2.0.NDVI.tif|HLS-VI.S30.T46TEK.2018280T043701.v2.0.NDVI.tif|HLS-VI.S30.T46TEL.2018280T043701.v2.0.NDVI.tif|HLS-VI.S30.T46TFL.2018280T043701.v2.0.NDVI.tif|HLS-VI.S30.T46TFM.2018280T043701.v2.0.NDVI.tif|HLS-VI.S30.T48SUH.2018280T034619.v2.0.NDVI.tif|HLS-VI.S30.T48SUJ.2018280T034619.v2.0.NDVI.tif|HLS-VI.S30.T48SVG.2018280T034619.v2.0.NDVI.tif|HLS-VI.S30.T48SVH.2018280T034619.v2.0.NDVI.tif|HLS-VI.S30.T48SVJ.2018280T034619.v2.0.NDVI.tif|HLS-VI.S30.T48SWG.2018280T034619.v2.0.NDVI.tif
2018-10-08,10,"T47SND,T47SPD,T47SQD,T47TME,T47TMF,T47TNE,T47TNF,T47TPE,T47TPF,T48STJ",2,"EPSG:32647,EPSG:32648",26,20,0.12936399689884084,0.10585375628798711,37072396,57651105,0.6430474489604319,EPSG:32647:9files:36512290valid:24chunks|EPSG:32648:1files:560106valid:2chunks,HLS-VI.S30.T47SND.2018281T040631.v2.0.NDVI.tif|HLS-VI.S30.T47SPD.2018281T040631.v2.0.NDVI.tif|HLS-VI.S30.T47SQD.2018281T040631.v2.0.NDVI.tif|HLS-VI.S30.T47TME.2018281T040631.v2.0.NDVI.tif|HLS-VI.S30.T47TMF.2018281T040631.v2.0.NDVI.tif|HLS-VI.S30.T47TNE.2018281T040631.v2.0.NDVI.tif|HLS-VI.S30.T47TNF.2018281T040631.v2.0.NDVI.tif|HLS-VI.S30.T47TPE.2018281T040631.v2.0.NDVI.tif|HLS-VI.S30.T47TPF.2018281T040631.v2.0.NDVI.tif|HLS-VI.S30.T48STJ.2018281T040631.v2.0.NDVI.tif
2018-10-09,9,"T48SWE,T48SWF,T48SXE,T48SXF,T48SXG,T48SYF,T48SYG,T49SBA,T49SBB",2,"EPSG:32648,EPSG:32649",28,28,0.45303482713021626,0.13577597969973007,42911700,54858351,0.7822273039158614,EPSG:32648:7files:35920400valid:23chunks|EPSG:32649:2files:6991300valid:5chunks,HLS-VI.S30.T48SWE.2018282T033631.v2.0.NDVI.tif|HLS-VI.S30.T48SWF.2018282T033631.v2.0.NDVI.tif|HLS-VI.S30.T48SXE.2018282T033631.v2.0.NDVI.tif|HLS-VI.S30.T48SXF.2018282T033631.v2.0.NDVI.tif|HLS-VI.S30.T48SXG.2018282T033631.v2.0.NDVI.tif|HLS-VI.S30.T48SYF.2018282T033631.v2.0.NDVI.tif|HLS-VI.S30.T48SYG.2018282T033631.v2.0.NDVI.tif|HLS-VI.S30.T49SBA.2018282T033631.v2.0.NDVI.tif|HLS-VI.S30.T49SBB.2018282T033631.v2.0.NDVI.tif
2018-10-10,11,"T47SPD,T47SQC,T47SQD,T48STH,T48STJ,T48SUG,T48SUH,T48SUJ,T48SVG,T48SVH,T48SVJ",2,"EPSG:32647,EPSG:32648",37,29,0.18979288918546552,0.1250096546418129,57616640,83514851,0.6898969382104267,EPSG:32647:3files:16041038valid:12chunks|EPSG:32648:8files:41575602valid:25chunks,HLS-VI.S30.T47SPD.2018283T035649.v2.0.NDVI.tif|HLS-VI.S30.T47SQC.2018283T035649.v2.0.NDVI.tif|HLS-VI.S30.T47SQD.2018283T035649.v2.0.NDVI.tif|HLS-VI.S30.T48STH.2018283T035649.v2.0.NDVI.tif|HLS-VI.S30.T48STJ.2018283T035649.v2.0.NDVI.tif|HLS-VI.S30.T48SUG.2018283T035649.v2.0.NDVI.tif|HLS-VI.S30.T48SUH.2018283T035649.v2.0.NDVI.tif|HLS-VI.S30.T48SUJ.2018283T035649.v2.0.NDVI.tif|HLS-VI.S30.T48SVG.2018283T035649.v2.0.NDVI.tif|HLS-VI.S30.T48SVH.2018283T035649.v2.0.NDVI.tif|HLS-VI.S30.T48SVJ.2018283T035649.v2.0.NDVI.tif
2018-10-11,18,"T46TGK,T46TGL,T47SND,T47TKE,T47TKF,T47TLE,T47TLF,T47TLG,T47TLH,T47TME,T47TMF,T47TNE,T47TNF,T48SYE,T48SYF,T49SBA,T49SBV,T49SCA",4,"EPSG:32646,EPSG:32647,EPSG:32648,EPSG:32649",57,48,0.2096614789042698,0.2025328976311581,96166548,173357735,0.5547289135959235,EPSG:32646:2files:6881797valid:8chunks|EPSG:32647:11files:60467722valid:34chunks|EPSG:32648:2files:14044307valid:8chunks|EPSG:32649:3files:14772722valid:7chunks,HLS-VI.S30.T46TGK.2018284T041701.v2.0.NDVI.tif|HLS-VI.S30.T46TGL.2018284T041701.v2.0.NDVI.tif|HLS-VI.S30.T47SND.2018284T041701.v2.0.NDVI.tif|HLS-VI.S30.T47TKE.2018284T041701.v2.0.NDVI.tif|HLS-VI.S30.T47TKF.2018284T041701.v2.0.NDVI.tif|HLS-VI.S30.T47TLE.2018284T041701.v2.0.NDVI.tif|HLS-VI.S30.T47TLF.2018284T041701.v2.0.NDVI.tif|HLS-VI.S30.T47TLG.2018284T041701.v2.0.NDVI.tif|HLS-VI.S30.T47TLH.2018284T041701.v2.0.NDVI.tif|HLS-VI.S30.T47TME.2018284T041701.v2.0.NDVI.tif|HLS-VI.S30.T47TMF.2018284T041701.v2.0.NDVI.tif|HLS-VI.S30.T47TNE.2018284T041701.v2.0.NDVI.tif|HLS-VI.S30.T47TNF.2018284T041701.v2.0.NDVI.tif|HLS-VI.S30.T48SYE.2018284T032639.v2.0.NDVI.tif|HLS-VI.S30.T48SYF.2018284T032639.v2.0.NDVI.tif|HLS-VI.S30.T49SBA.2018284T032639.v2.0.NDVI.tif|HLS-VI.S30.T49SBV.2018284T032639.v2.0.NDVI.tif|HLS-VI.S30.T49SCA.2018284T032639.v2.0.NDVI.tif
2018-10-12,17,"T46SFH,T46TDK,T46TEK,T46TEL,T46TFK,T46TFL,T48STE,T48STF,T48SUE,T48SUF,T48SUG,T48SUH,T48SUJ,T48SVG,T48SVH,T48SVJ,T48SWG",2,"EPSG:32646,EPSG:32648",52,47,0.2184672910850685,0.17905286574598217,76407017,146068836,0.5230891071111158,EPSG:32646:6files:26045482valid:19chunks|EPSG:32648:11files:50361535valid:33chunks,HLS-VI.S30.T46SFH.2018285T043719.v2.0.NDVI.tif|HLS-VI.S30.T46TDK.2018285T043719.v2.0.NDVI.tif|HLS-VI.S30.T46TEK.2018285T043719.v2.0.NDVI.tif|HLS-VI.S30.T46TEL.2018285T043719.v2.0.NDVI.tif|HLS-VI.S30.T46TFK.2018285T043719.v2.0.NDVI.tif|HLS-VI.S30.T46TFL.2018285T043719.v2.0.NDVI.tif|HLS-VI.S30.T48STE.2018285T034701.v2.0.NDVI.tif|HLS-VI.S30.T48STF.2018285T034701.v2.0.NDVI.tif|HLS-VI.S30.T48SUE.2018285T034701.v2.0.NDVI.tif|HLS-VI.S30.T48SUF.2018285T034701.v2.0.NDVI.tif|HLS-VI.S30.T48SUG.2018285T034701.v2.0.NDVI.tif|HLS-VI.S30.T48SUH.2018285T034701.v2.0.NDVI.tif|HLS-VI.S30.T48SUJ.2018285T034701.v2.0.NDVI.tif|HLS-VI.S30.T48SVG.2018285T034701.v2.0.NDVI.tif|HLS-VI.S30.T48SVH.2018285T034701.v2.0.NDVI.tif|HLS-VI.S30.T48SVJ.2018285T034701.v2.0.NDVI.tif|HLS-VI.S30.T48SWG.2018285T034701.v2.0.NDVI.tif
2018-10-14,16,"T46SFJ,T46TEK,T46TEL,T46TFK,T46TFL,T46TFM,T46TGK,T46TGL,T46TGM,T46TGN,T47TKF,T47TKG,T47TLE,T47TLF,T47TLG,T47TLH",2,"EPSG:32646,EPSG:32647",54,49,0.0729957253476129,0.04481663001203646,117341542,153243188,0.7657210968490162,EPSG:32646:10files:75339570valid:35chunks|EPSG:32647:6files:42001972valid:19chunks,HLS-VI.S30.T46SFJ.2018287T042731.v2.0.NDVI.tif|HLS-VI.S30.T46TEK.2018287T042731.v2.0.NDVI.tif|HLS-VI.S30.T46TEL.2018287T042731.v2.0.NDVI.tif|HLS-VI.S30.T46TFK.2018287T042731.v2.0.NDVI.tif|HLS-VI.S30.T46TFL.2018287T042731.v2.0.NDVI.tif|HLS-VI.S30.T46TFM.2018287T042731.v2.0.NDVI.tif|HLS-VI.S30.T46TGK.2018287T042731.v2.0.NDVI.tif|HLS-VI.S30.T46TGL.2018287T042731.v2.0.NDVI.tif|HLS-VI.S30.T46TGM.2018287T042731.v2.0.NDVI.tif|HLS-VI.S30.T46TGN.2018287T042731.v2.0.NDVI.tif|HLS-VI.S30.T47TKF.2018287T042731.v2.0.NDVI.tif|HLS-VI.S30.T47TKG.2018287T042731.v2.0.NDVI.tif|HLS-VI.S30.T47TLE.2018287T042731.v2.0.NDVI.tif|HLS-VI.S30.T47TLF.2018287T042731.v2.0.NDVI.tif|HLS-VI.S30.T47TLG.2018287T042731.v2.0.NDVI.tif|HLS-VI.S30.T47TLH.2018287T042731.v2.0.NDVI.tif
2018-10-15,13,"T47SPD,T47SQC,T47SQD,T48STF,T48STH,T48STJ,T48SUE,T48SUF,T48SUG,T48SUH,T48SUJ,T48SVG,T48SVJ",2,"EPSG:32647,EPSG:32648",46,35,0.21670136637268042,0.1399405018304949,65553758,120510770,0.543965970842274,EPSG:32647:3files:15515797valid:12chunks|EPSG:32648:10files:50037961valid:34chunks,HLS-VI.S30.T47SPD.2018288T035721.v2.0.NDVI.tif|HLS-VI.S30.T47SQC.2018288T035721.v2.0.NDVI.tif|HLS-VI.S30.T47SQD.2018288T035721.v2.0.NDVI.tif|HLS-VI.S30.T48STF.2018288T035721.v2.0.NDVI.tif|HLS-VI.S30.T48STH.2018288T035721.v2.0.NDVI.tif|HLS-VI.S30.T48STJ.2018288T035721.v2.0.NDVI.tif|HLS-VI.S30.T48SUE.2018288T035721.v2.0.NDVI.tif|HLS-VI.S30.T48SUF.2018288T035721.v2.0.NDVI.tif|HLS-VI.S30.T48SUG.2018288T035721.v2.0.NDVI.tif|HLS-VI.S30.T48SUH.2018288T035721.v2.0.NDVI.tif|HLS-VI.S30.T48SUJ.2018288T035721.v2.0.NDVI.tif|HLS-VI.S30.T48SVG.2018288T035721.v2.0.NDVI.tif|HLS-VI.S30.T48SVJ.2018288T035721.v2.0.NDVI.tif
2018-10-16,16,"T46TGK,T46TGL,T47SND,T47TKE,T47TKF,T47TLE,T47TLF,T47TLG,T47TLH,T47TME,T47TMF,T47TNE,T47TNF,T48SYF,T49SBA,T49SCA",4,"EPSG:32646,EPSG:32647,EPSG:32648,EPSG:32649",50,41,0.14595167881003915,0.15018536982717323,81185921,155731861,0.5213186336994972,EPSG:32646:2files:6904047valid:8chunks|EPSG:32647:11files:60736559valid:34chunks|EPSG:32648:1files:5983757valid:4chunks|EPSG:32649:2files:7561558valid:4chunks,HLS-VI.S30.T46TGK.2018289T041739.v2.0.NDVI.tif|HLS-VI.S30.T46TGL.2018289T041739.v2.0.NDVI.tif|HLS-VI.S30.T47SND.2018289T041739.v2.0.NDVI.tif|HLS-VI.S30.T47TKE.2018289T041739.v2.0.NDVI.tif|HLS-VI.S30.T47TKF.2018289T041739.v2.0.NDVI.tif|HLS-VI.S30.T47TLE.2018289T041739.v2.0.NDVI.tif|HLS-VI.S30.T47TLF.2018289T041739.v2.0.NDVI.tif|HLS-VI.S30.T47TLG.2018289T041739.v2.0.NDVI.tif|HLS-VI.S30.T47TLH.2018289T041739.v2.0.NDVI.tif|HLS-VI.S30.T47TME.2018289T041739.v2.0.NDVI.tif|HLS-VI.S30.T47TMF.2018289T041739.v2.0.NDVI.tif|HLS-VI.S30.T47TNE.2018289T041739.v2.0.NDVI.tif|HLS-VI.S30.T47TNF.2018289T041739.v2.0.NDVI.tif|HLS-VI.S30.T48SYF.2018289T032711.v2.0.NDVI.tif|HLS-VI.S30.T49SBA.2018289T032711.v2.0.NDVI.tif|HLS-VI.S30.T49SCA.2018289T032711.v2.0.NDVI.tif
2018-10-17,6,"T46TFM,T47SQU,T48STD,T48STE,T48STF,T48SUG",3,"EPSG:32646,EPSG:32647,EPSG:32648",20,18,0.36072735863658256,0.1743013768931058,23398092,41329551,0.5661346768562765,EPSG:32646:1files:1385403valid:3chunks|EPSG:32647:1files:2113468valid:3chunks|EPSG:32648:4files:19899221valid:14chunks,HLS-VI.S30.T46TFM.2018290T043751.v2.0.NDVI.tif|HLS-VI.S30.T47SQU.2018290T034729.v2.0.NDVI.tif|HLS-VI.S30.T48STD.2018290T034729.v2.0.NDVI.tif|HLS-VI.S30.T48STE.2018290T034729.v2.0.NDVI.tif|HLS-VI.S30.T48STF.2018290T034729.v2.0.NDVI.tif|HLS-VI.S30.T48SUG.2018290T034729.v2.0.NDVI.tif
2018-10-19,3,"T46SEH,T46TFM,T47SLC",2,"EPSG:32646,EPSG:32647",8,7,0.046591799200285805,0.03318101334120269,4191001,12360542,0.3390628825176113,EPSG:32646:2files:4148004valid:6chunks|EPSG:32647:1files:42997valid:2chunks,HLS-VI.S30.T46SEH.2018292T042759.v2.0.NDVI.tif|HLS-VI.S30.T46TFM.2018292T042759.v2.0.NDVI.tif|HLS-VI.S30.T47SLC.2018292T042759.v2.0.NDVI.tif
2018-10-21,8,"T46TGK,T46TGL,T47TKE,T47TKF,T47TLF,T47TMF,T47TNE,T47TNF",2,"EPSG:32646,EPSG:32647",29,23,0.07250213863649534,0.04037516246256749,35895406,86340303,0.41574334062737767,EPSG:32646:2files:6807847valid:8chunks|EPSG:32647:6files:29087559valid:21chunks,HLS-VI.S30.T46TGK.2018294T041811.v2.0.NDVI.tif|HLS-VI.S30.T46TGL.2018294T041811.v2.0.NDVI.tif|HLS-VI.S30.T47TKE.2018294T041811.v2.0.NDVI.tif|HLS-VI.S30.T47TKF.2018294T041811.v2.0.NDVI.tif|HLS-VI.S30.T47TLF.2018294T041811.v2.0.NDVI.tif|HLS-VI.S30.T47TMF.2018294T041811.v2.0.NDVI.tif|HLS-VI.S30.T47TNE.2018294T041811.v2.0.NDVI.tif|HLS-VI.S30.T47TNF.2018294T041811.v2.0.NDVI.tif
2018-10-22,16,"T46SDJ,T46SEH,T46SFH,T46SFJ,T46TDK,T46TEK,T46TEL,T46TFK,T46TFL,T46TFM,T48SUH,T48SUJ,T48SVG,T48SVH,T48SVJ,T48SWG",2,"EPSG:32646,EPSG:32648",43,37,0.08139241409455598,0.06379975472716987,49023782,104057052,0.4711240714372727,EPSG:32646:10files:32148109valid:25chunks|EPSG:32648:6files:16875673valid:18chunks,HLS-VI.S30.T46SDJ.2018295T043829.v2.0.NDVI.tif|HLS-VI.S30.T46SEH.2018295T043829.v2.0.NDVI.tif|HLS-VI.S30.T46SFH.2018295T043829.v2.0.NDVI.tif|HLS-VI.S30.T46SFJ.2018295T043829.v2.0.NDVI.tif|HLS-VI.S30.T46TDK.2018295T043829.v2.0.NDVI.tif|HLS-VI.S30.T46TEK.2018295T043829.v2.0.NDVI.tif|HLS-VI.S30.T46TEL.2018295T043829.v2.0.NDVI.tif|HLS-VI.S30.T46TFK.2018295T043829.v2.0.NDVI.tif|HLS-VI.S30.T46TFL.2018295T043829.v2.0.NDVI.tif|HLS-VI.S30.T46TFM.2018295T043829.v2.0.NDVI.tif|HLS-VI.S30.T48SUH.2018295T034801.v2.0.NDVI.tif|HLS-VI.S30.T48SUJ.2018295T034801.v2.0.NDVI.tif|HLS-VI.S30.T48SVG.2018295T034801.v2.0.NDVI.tif|HLS-VI.S30.T48SVH.2018295T034801.v2.0.NDVI.tif|HLS-VI.S30.T48SVJ.2018295T034801.v2.0.NDVI.tif|HLS-VI.S30.T48SWG.2018295T034801.v2.0.NDVI.tif
2018-10-23,11,"T47SPD,T47SQC,T47SQD,T47TME,T47TMF,T47TNE,T47TNF,T47TPE,T47TPF,T48STH,T48STJ",2,"EPSG:32647,EPSG:32648",30,20,0.10629384803433471,0.08166933155684396,30925875,82464127,0.37502215963554675,EPSG:32647:9files:29809148valid:24chunks|EPSG:32648:2files:1116727valid:6chunks,HLS-VI.S30.T47SPD.2018296T040819.v2.0.NDVI.tif|HLS-VI.S30.T47SQC.2018296T040819.v2.0.NDVI.tif|HLS-VI.S30.T47SQD.2018296T040819.v2.0.NDVI.tif|HLS-VI.S30.T47TME.2018296T040819.v2.0.NDVI.tif|HLS-VI.S30.T47TMF.2018296T040819.v2.0.NDVI.tif|HLS-VI.S30.T47TNE.2018296T040819.v2.0.NDVI.tif|HLS-VI.S30.T47TNF.2018296T040819.v2.0.NDVI.tif|HLS-VI.S30.T47TPE.2018296T040819.v2.0.NDVI.tif|HLS-VI.S30.T47TPF.2018296T040819.v2.0.NDVI.tif|HLS-VI.S30.T48STH.2018296T040819.v2.0.NDVI.tif|HLS-VI.S30.T48STJ.2018296T040819.v2.0.NDVI.tif
2018-10-24,3,"T46TEL,T47TKE,T47TLF",2,"EPSG:32646,EPSG:32647",14,11,0.07125791678303349,0.0423806979160216,22583886,37241413,0.6064186125268662,EPSG:32646:1files:2398228valid:3chunks|EPSG:32647:2files:20185658valid:11chunks,HLS-VI.S30.T46TEL.2018297T042831.v2.0.NDVI.tif|HLS-VI.S30.T47TKE.2018297T042831.v2.0.NDVI.tif|HLS-VI.S30.T47TLF.2018297T042831.v2.0.NDVI.tif
2018-10-25,11,"T47SPD,T47SQD,T47SQU,T47SQV,T48STH,T48STJ,T48SUE,T48SUH,T48SVG,T48SVH,T48SVJ",2,"EPSG:32647,EPSG:32648",41,30,0.17419118974156605,0.1282142285717016,38818361,98079365,0.3957851990579262,EPSG:32647:4files:8538348valid:12chunks|EPSG:32648:7files:30280013valid:29chunks,HLS-VI.S30.T47SPD.2018298T035821.v2.0.NDVI.tif|HLS-VI.S30.T47SQD.2018298T035821.v2.0.NDVI.tif|HLS-VI.S30.T47SQU.2018298T035821.v2.0.NDVI.tif|HLS-VI.S30.T47SQV.2018298T035821.v2.0.NDVI.tif|HLS-VI.S30.T48STH.2018298T035821.v2.0.NDVI.tif|HLS-VI.S30.T48STJ.2018298T035821.v2.0.NDVI.tif|HLS-VI.S30.T48SUE.2018298T035821.v2.0.NDVI.tif|HLS-VI.S30.T48SUH.2018298T035821.v2.0.NDVI.tif|HLS-VI.S30.T48SVG.2018298T035821.v2.0.NDVI.tif|HLS-VI.S30.T48SVH.2018298T035821.v2.0.NDVI.tif|HLS-VI.S30.T48SVJ.2018298T035821.v2.0.NDVI.tif
2018-10-26,19,"T46TGK,T46TGL,T47TKE,T47TKF,T47TLE,T47TLF,T47TLG,T47TLH,T47TME,T47TMF,T47TNE,T47TNF,T48SXD,T48SYD,T48SYE,T49SBA,T49SBU,T49SBV,T49SCA",4,"EPSG:32646,EPSG:32647,EPSG:32648,EPSG:32649",55,44,0.16612265905440307,0.16254868681773738,88434469,151216505,0.5848202152271672,EPSG:32646:2files:6889266valid:8chunks|EPSG:32647:10files:57419540valid:29chunks|EPSG:32648:3files:9139069valid:11chunks|EPSG:32649:4files:14986594valid:7chunks,HLS-VI.S30.T46TGK.2018299T041839.v2.0.NDVI.tif|HLS-VI.S30.T46TGL.2018299T041839.v2.0.NDVI.tif|HLS-VI.S30.T47TKE.2018299T041839.v2.0.NDVI.tif|HLS-VI.S30.T47TKF.2018299T041839.v2.0.NDVI.tif|HLS-VI.S30.T47TLE.2018299T041839.v2.0.NDVI.tif|HLS-VI.S30.T47TLF.2018299T041839.v2.0.NDVI.tif|HLS-VI.S30.T47TLG.2018299T041839.v2.0.NDVI.tif|HLS-VI.S30.T47TLH.2018299T041839.v2.0.NDVI.tif|HLS-VI.S30.T47TME.2018299T041839.v2.0.NDVI.tif|HLS-VI.S30.T47TMF.2018299T041839.v2.0.NDVI.tif|HLS-VI.S30.T47TNE.2018299T041839.v2.0.NDVI.tif|HLS-VI.S30.T47TNF.2018299T041839.v2.0.NDVI.tif|HLS-VI.S30.T48SXD.2018299T032821.v2.0.NDVI.tif|HLS-VI.S30.T48SYD.2018299T032821.v2.0.NDVI.tif|HLS-VI.S30.T48SYE.2018299T032821.v2.0.NDVI.tif|HLS-VI.S30.T49SBA.2018299T032821.v2.0.NDVI.tif|HLS-VI.S30.T49SBU.2018299T032821.v2.0.NDVI.tif|HLS-VI.S30.T49SBV.2018299T032821.v2.0.NDVI.tif|HLS-VI.S30.T49SCA.2018299T032821.v2.0.NDVI.tif
2018-10-27,23,"T46TDK,T46TEK,T46TEL,T46TFL,T46TFM,T48STE,T48STF,T48SUE,T48SUF,T48SUG,T48SUH,T48SUJ,T48SVE,T48SVF,T48SVG,T48SVH,T48SVJ,T48SWB,T48SWC,T48SWD,T48SWE,T48SWF,T48SWG",2,"EPSG:32646,EPSG:32648",69,59,0.2130006235644347,0.13478692065164474,109579345,195643769,0.5600962686422177,EPSG:32646:5files:22957631valid:16chunks|EPSG:32648:18files:86621714valid:53chunks,HLS-VI.S30.T46TDK.2018300T043851.v2.0.NDVI.tif|HLS-VI.S30.T46TEK.2018300T043851.v2.0.NDVI.tif|HLS-VI.S30.T46TEL.2018300T043851.v2.0.NDVI.tif|HLS-VI.S30.T46TFL.2018300T043851.v2.0.NDVI.tif|HLS-VI.S30.T46TFM.2018300T043851.v2.0.NDVI.tif|HLS-VI.S30.T48STE.2018300T034839.v2.0.NDVI.tif|HLS-VI.S30.T48STF.2018300T034839.v2.0.NDVI.tif|HLS-VI.S30.T48SUE.2018300T034839.v2.0.NDVI.tif|HLS-VI.S30.T48SUF.2018300T034839.v2.0.NDVI.tif|HLS-VI.S30.T48SUG.2018300T034839.v2.0.NDVI.tif|HLS-VI.S30.T48SUH.2018300T034839.v2.0.NDVI.tif|HLS-VI.S30.T48SUJ.2018300T034839.v2.0.NDVI.tif|HLS-VI.S30.T48SVE.2018300T034839.v2.0.NDVI.tif|HLS-VI.S30.T48SVF.2018300T034839.v2.0.NDVI.tif|HLS-VI.S30.T48SVG.2018300T034839.v2.0.NDVI.tif|HLS-VI.S30.T48SVH.2018300T034839.v2.0.NDVI.tif|HLS-VI.S30.T48SVJ.2018300T034839.v2.0.NDVI.tif|HLS-VI.S30.T48SWB.2018300T034839.v2.0.NDVI.tif|HLS-VI.S30.T48SWC.2018300T034839.v2.0.NDVI.tif|HLS-VI.S30.T48SWD.2018300T034839.v2.0.NDVI.tif|HLS-VI.S30.T48SWE.2018300T034839.v2.0.NDVI.tif|HLS-VI.S30.T48SWF.2018300T034839.v2.0.NDVI.tif|HLS-VI.S30.T48SWG.2018300T034839.v2.0.NDVI.tif
2018-10-28,10,"T47SND,T47SPD,T47SQC,T47SQD,T47TME,T47TNF,T47TPE,T47TPF,T48STH,T48STJ",2,"EPSG:32647,EPSG:32648",32,22,0.1260547437593448,0.08424417912022801,32398768,85917820,0.3770902008454125,EPSG:32647:8files:31271980valid:26chunks|EPSG:32648:2files:1126788valid:6chunks,HLS-VI.S30.T47SND.2018301T040851.v2.0.NDVI.tif|HLS-VI.S30.T47SPD.2018301T040851.v2.0.NDVI.tif|HLS-VI.S30.T47SQC.2018301T040851.v2.0.NDVI.tif|HLS-VI.S30.T47SQD.2018301T040851.v2.0.NDVI.tif|HLS-VI.S30.T47TME.2018301T040851.v2.0.NDVI.tif|HLS-VI.S30.T47TNF.2018301T040851.v2.0.NDVI.tif|HLS-VI.S30.T47TPE.2018301T040851.v2.0.NDVI.tif|HLS-VI.S30.T47TPF.2018301T040851.v2.0.NDVI.tif|HLS-VI.S30.T48STH.2018301T040851.v2.0.NDVI.tif|HLS-VI.S30.T48STJ.2018301T040851.v2.0.NDVI.tif
2018-10-29,32,"T46SEH,T46SFH,T46TEK,T46TEL,T46TFK,T46TFM,T46TGK,T46TGL,T46TGM,T46TGN,T47SLC,T47TKE,T47TKF,T47TLE,T47TLF,T47TLG,T47TLH,T48SVC,T48SWD,T48SWF,T48SXC,T48SXD,T48SXE,T48SXF,T48SXG,T48SYD,T48SYF,T48SYG,T49SBA,T49SBB,T49SBU,T49SBV",4,"EPSG:32646,EPSG:32647,EPSG:32648,EPSG:32649",112,98,0.18907126411432498,0.17725966167934493,176679099,306172382,0.5770575969193721,EPSG:32646:10files:63472119valid:39chunks|EPSG:32647:7files:46424008valid:26chunks|EPSG:32648:11files:54938089valid:39chunks|EPSG:32649:4files:11844883valid:8chunks,HLS-VI.S30.T46SEH.2018302T042909.v2.0.NDVI.tif|HLS-VI.S30.T46SFH.2018302T042909.v2.0.NDVI.tif|HLS-VI.S30.T46TEK.2018302T042909.v2.0.NDVI.tif|HLS-VI.S30.T46TEL.2018302T042909.v2.0.NDVI.tif|HLS-VI.S30.T46TFK.2018302T042909.v2.0.NDVI.tif|HLS-VI.S30.T46TFM.2018302T042909.v2.0.NDVI.tif|HLS-VI.S30.T46TGK.2018302T042909.v2.0.NDVI.tif|HLS-VI.S30.T46TGL.2018302T042909.v2.0.NDVI.tif|HLS-VI.S30.T46TGM.2018302T042909.v2.0.NDVI.tif|HLS-VI.S30.T46TGN.2018302T042909.v2.0.NDVI.tif|HLS-VI.S30.T47SLC.2018302T042909.v2.0.NDVI.tif|HLS-VI.S30.T47TKE.2018302T042909.v2.0.NDVI.tif|HLS-VI.S30.T47TKF.2018302T042909.v2.0.NDVI.tif|HLS-VI.S30.T47TLE.2018302T042909.v2.0.NDVI.tif|HLS-VI.S30.T47TLF.2018302T042909.v2.0.NDVI.tif|HLS-VI.S30.T47TLG.2018302T042909.v2.0.NDVI.tif|HLS-VI.S30.T47TLH.2018302T042909.v2.0.NDVI.tif|HLS-VI.S30.T48SVC.2018302T033841.v2.0.NDVI.tif|HLS-VI.S30.T48SWD.2018302T033841.v2.0.NDVI.tif|HLS-VI.S30.T48SWF.2018302T033841.v2.0.NDVI.tif|HLS-VI.S30.T48SXC.2018302T033841.v2.0.NDVI.tif|HLS-VI.S30.T48SXD.2018302T033841.v2.0.NDVI.tif|HLS-VI.S30.T48SXE.2018302T033841.v2.0.NDVI.tif|HLS-VI.S30.T48SXF.2018302T033841.v2.0.NDVI.tif|HLS-VI.S30.T48SXG.2018302T033841.v2.0.NDVI.tif|HLS-VI.S30.T48SYD.2018302T033841.v2.0.NDVI.tif|HLS-VI.S30.T48SYF.2018302T033841.v2.0.NDVI.tif|HLS-VI.S30.T48SYG.2018302T033841.v2.0.NDVI.tif|HLS-VI.S30.T49SBA.2018302T033841.v2.0.NDVI.tif|HLS-VI.S30.T49SBB.2018302T033841.v2.0.NDVI.tif|HLS-VI.S30.T49SBU.2018302T033841.v2.0.NDVI.tif|HLS-VI.S30.T49SBV.2018302T033841.v2.0.NDVI.tif
2018-10-30,5,"T47SPD,T48STF,T48SUF,T48SUG,T48SVG",2,"EPSG:32647,EPSG:32648",19,12,0.24352263605684912,0.10415148521725923,18108299,46610165,0.38850536143778935,EPSG:32647:1files:1645209valid:4chunks|EPSG:32648:4files:16463090valid:15chunks,HLS-VI.S30.T47SPD.2018303T035859.v2.0.NDVI.tif|HLS-VI.S30.T48STF.2018303T035859.v2.0.NDVI.tif|HLS-VI.S30.T48SUF.2018303T035859.v2.0.NDVI.tif|HLS-VI.S30.T48SUG.2018303T035859.v2.0.NDVI.tif|HLS-VI.S30.T48SVG.2018303T035859.v2.0.NDVI.tif
2018-10-31,12,"T47TKE,T47TLE,T47TME,T47TNE,T48SXD,T48SYD,T48SYE,T48SYF,T49SBA,T49SBU,T49SBV,T49SCA",3,"EPSG:32647,EPSG:32648,EPSG:32649",36,29,0.20238143022407382,0.15072967301709506,64824319,100143291,0.6473156449392101,EPSG:32647:4files:35120022valid:14chunks|EPSG:32648:4files:14680237valid:15chunks|EPSG:32649:4files:15024060valid:7chunks,HLS-VI.S30.T47TKE.2018304T041911.v2.0.NDVI.tif|HLS-VI.S30.T47TLE.2018304T041911.v2.0.NDVI.tif|HLS-VI.S30.T47TME.2018304T041911.v2.0.NDVI.tif|HLS-VI.S30.T47TNE.2018304T041911.v2.0.NDVI.tif|HLS-VI.S30.T48SXD.2018304T032849.v2.0.NDVI.tif|HLS-VI.S30.T48SYD.2018304T032849.v2.0.NDVI.tif|HLS-VI.S30.T48SYE.2018304T032849.v2.0.NDVI.tif|HLS-VI.S30.T48SYF.2018304T032849.v2.0.NDVI.tif|HLS-VI.S30.T49SBA.2018304T032849.v2.0.NDVI.tif|HLS-VI.S30.T49SBU.2018304T032849.v2.0.NDVI.tif|HLS-VI.S30.T49SBV.2018304T032849.v2.0.NDVI.tif|HLS-VI.S30.T49SCA.2018304T032849.v2.0.NDVI.tif
2018-11-01,26,"T46SFH,T47SQT,T47SQU,T48STC,T48STD,T48STE,T48STF,T48SUB,T48SUC,T48SUD,T48SUE,T48SUF,T48SUG,T48SUH,T48SUJ,T48SVB,T48SVC,T48SVD,T48SVE,T48SVF,T48SVG,T48SVH,T48SVJ,T48SWB,T48SWF,T48SWG",3,"EPSG:32646,EPSG:32647,EPSG:32648",68,58,0.30757771123002603,0.15597198427351425,126883236,191635662,0.6621065968399974,EPSG:32646:1files:117450valid:4chunks|EPSG:32647:2files:3671803valid:5chunks|EPSG:32648:23files:123093983valid:59chunks,HLS-VI.S30.T46SFH.2018305T043929.v2.0.NDVI.tif|HLS-VI.S30.T47SQT.2018305T034901.v2.0.NDVI.tif|HLS-VI.S30.T47SQU.2018305T034901.v2.0.NDVI.tif|HLS-VI.S30.T48STC.2018305T034901.v2.0.NDVI.tif|HLS-VI.S30.T48STD.2018305T034901.v2.0.NDVI.tif|HLS-VI.S30.T48STE.2018305T034901.v2.0.NDVI.tif|HLS-VI.S30.T48STF.2018305T034901.v2.0.NDVI.tif|HLS-VI.S30.T48SUB.2018305T034901.v2.0.NDVI.tif|HLS-VI.S30.T48SUC.2018305T034901.v2.0.NDVI.tif|HLS-VI.S30.T48SUD.2018305T034901.v2.0.NDVI.tif|HLS-VI.S30.T48SUE.2018305T034901.v2.0.NDVI.tif|HLS-VI.S30.T48SUF.2018305T034901.v2.0.NDVI.tif|HLS-VI.S30.T48SUG.2018305T034901.v2.0.NDVI.tif|HLS-VI.S30.T48SUH.2018305T034901.v2.0.NDVI.tif|HLS-VI.S30.T48SUJ.2018305T034901.v2.0.NDVI.tif|HLS-VI.S30.T48SVB.2018305T034901.v2.0.NDVI.tif|HLS-VI.S30.T48SVC.2018305T034901.v2.0.NDVI.tif|HLS-VI.S30.T48SVD.2018305T034901.v2.0.NDVI.tif|HLS-VI.S30.T48SVE.2018305T034901.v2.0.NDVI.tif|HLS-VI.S30.T48SVF.2018305T034901.v2.0.NDVI.tif|HLS-VI.S30.T48SVG.2018305T034901.v2.0.NDVI.tif|HLS-VI.S30.T48SVH.2018305T034901.v2.0.NDVI.tif|HLS-VI.S30.T48SVJ.2018305T034901.v2.0.NDVI.tif|HLS-VI.S30.T48SWB.2018305T034901.v2.0.NDVI.tif|HLS-VI.S30.T48SWF.2018305T034901.v2.0.NDVI.tif|HLS-VI.S30.T48SWG.2018305T034901.v2.0.NDVI.tif
2018-11-02,9,"T47SND,T47SPB,T47SPC,T47SPD,T47SQC,T47SQD,T47TPE,T48STH,T48STJ",2,"EPSG:32647,EPSG:32648",30,18,0.14910951963431382,0.08697227694137326,29996185,66236045,0.45286799657195714,EPSG:32647:7files:28904079valid:24chunks|EPSG:32648:2files:1092106valid:6chunks,HLS-VI.S30.T47SND.2018306T040919.v2.0.NDVI.tif|HLS-VI.S30.T47SPB.2018306T040919.v2.0.NDVI.tif|HLS-VI.S30.T47SPC.2018306T040919.v2.0.NDVI.tif|HLS-VI.S30.T47SPD.2018306T040919.v2.0.NDVI.tif|HLS-VI.S30.T47SQC.2018306T040919.v2.0.NDVI.tif|HLS-VI.S30.T47SQD.2018306T040919.v2.0.NDVI.tif|HLS-VI.S30.T47TPE.2018306T040919.v2.0.NDVI.tif|HLS-VI.S30.T48STH.2018306T040919.v2.0.NDVI.tif|HLS-VI.S30.T48STJ.2018306T040919.v2.0.NDVI.tif
2018-11-05,3,"T46TGM,T47TKG,T47TLH",2,"EPSG:32646,EPSG:32647",10,5,0.05619843418035914,0.017234007982212796,1684715,23861700,0.07060330990667052,EPSG:32646:1files:401369valid:4chunks|EPSG:32647:2files:1283346valid:6chunks,HLS-VI.S30.T46TGM.2018309T041939.v2.0.NDVI.tif|HLS-VI.S30.T47TKG.2018309T041939.v2.0.NDVI.tif|HLS-VI.S30.T47TLH.2018309T041939.v2.0.NDVI.tif
2018-11-06,8,"T46SFH,T46TFK,T46TFM,T48SUH,T48SUJ,T48SVG,T48SVH,T48SWG",2,"EPSG:32646,EPSG:32648",30,22,0.10286368416367402,0.06157303750884599,22557002,70215841,0.32125232253502456,EPSG:32646:3files:6752641valid:13chunks|EPSG:32648:5files:15804361valid:17chunks,HLS-VI.S30.T46SFH.2018310T043951.v2.0.NDVI.tif|HLS-VI.S30.T46TFK.2018310T043951.v2.0.NDVI.tif|HLS-VI.S30.T46TFM.2018310T043951.v2.0.NDVI.tif|HLS-VI.S30.T48SUH.2018310T034929.v2.0.NDVI.tif|HLS-VI.S30.T48SUJ.2018310T034929.v2.0.NDVI.tif|HLS-VI.S30.T48SVG.2018310T034929.v2.0.NDVI.tif|HLS-VI.S30.T48SVH.2018310T034929.v2.0.NDVI.tif|HLS-VI.S30.T48SWG.2018310T034929.v2.0.NDVI.tif
2018-11-07,11,"T47SPD,T47SQC,T47SQD,T47TME,T47TMF,T47TNE,T47TNF,T47TPE,T47TPF,T48STH,T48STJ",2,"EPSG:32647,EPSG:32648",30,20,0.09481030357118335,0.06354548115789345,30665806,82464127,0.3718684368052547,EPSG:32647:9files:29509328valid:24chunks|EPSG:32648:2files:1156478valid:6chunks,HLS-VI.S30.T47SPD.2018311T040941.v2.0.NDVI.tif|HLS-VI.S30.T47SQC.2018311T040941.v2.0.NDVI.tif|HLS-VI.S30.T47SQD.2018311T040941.v2.0.NDVI.tif|HLS-VI.S30.T47TME.2018311T040941.v2.0.NDVI.tif|HLS-VI.S30.T47TMF.2018311T040941.v2.0.NDVI.tif|HLS-VI.S30.T47TNE.2018311T040941.v2.0.NDVI.tif|HLS-VI.S30.T47TNF.2018311T040941.v2.0.NDVI.tif|HLS-VI.S30.T47TPE.2018311T040941.v2.0.NDVI.tif|HLS-VI.S30.T47TPF.2018311T040941.v2.0.NDVI.tif|HLS-VI.S30.T48STH.2018311T040941.v2.0.NDVI.tif|HLS-VI.S30.T48STJ.2018311T040941.v2.0.NDVI.tif
2018-11-08,23,"T46TEL,T46TFM,T46TGM,T46TGN,T47TKG,T48SVB,T48SVD,T48SVE,T48SWD,T48SWE,T48SWF,T48SXD,T48SXE,T48SXF,T48SXG,T48SYD,T48SYE,T48SYF,T48SYG,T49SBA,T49SBB,T49SBU,T49SBV",4,"EPSG:32646,EPSG:32647,EPSG:32648,EPSG:32649",65,59,0.2569076875050227,0.15861057387476282,100927173,160311167,0.6295704465803059,EPSG:32646:4files:14300353valid:13chunks|EPSG:32647:1files:8541941valid:4chunks|EPSG:32648:14files:66302228valid:40chunks|EPSG:32649:4files:11782651valid:8chunks,HLS-VI.S30.T46TEL.2018312T042959.v2.0.NDVI.tif|HLS-VI.S30.T46TFM.2018312T042959.v2.0.NDVI.tif|HLS-VI.S30.T46TGM.2018312T042959.v2.0.NDVI.tif|HLS-VI.S30.T46TGN.2018312T042959.v2.0.NDVI.tif|HLS-VI.S30.T47TKG.2018312T042959.v2.0.NDVI.tif|HLS-VI.S30.T48SVB.2018312T033941.v2.0.NDVI.tif|HLS-VI.S30.T48SVD.2018312T033941.v2.0.NDVI.tif|HLS-VI.S30.T48SVE.2018312T033941.v2.0.NDVI.tif|HLS-VI.S30.T48SWD.2018312T033941.v2.0.NDVI.tif|HLS-VI.S30.T48SWE.2018312T033941.v2.0.NDVI.tif|HLS-VI.S30.T48SWF.2018312T033941.v2.0.NDVI.tif|HLS-VI.S30.T48SXD.2018312T033941.v2.0.NDVI.tif|HLS-VI.S30.T48SXE.2018312T033941.v2.0.NDVI.tif|HLS-VI.S30.T48SXF.2018312T033941.v2.0.NDVI.tif|HLS-VI.S30.T48SXG.2018312T033941.v2.0.NDVI.tif|HLS-VI.S30.T48SYD.2018312T033941.v2.0.NDVI.tif|HLS-VI.S30.T48SYE.2018312T033941.v2.0.NDVI.tif|HLS-VI.S30.T48SYF.2018312T033941.v2.0.NDVI.tif|HLS-VI.S30.T48SYG.2018312T033941.v2.0.NDVI.tif|HLS-VI.S30.T49SBA.2018312T033941.v2.0.NDVI.tif|HLS-VI.S30.T49SBB.2018312T033941.v2.0.NDVI.tif|HLS-VI.S30.T49SBU.2018312T033941.v2.0.NDVI.tif|HLS-VI.S30.T49SBV.2018312T033941.v2.0.NDVI.tif
2018-11-09,16,"T47SQU,T47SQV,T48STC,T48STD,T48STE,T48STF,T48STH,T48SUD,T48SUE,T48SUF,T48SUG,T48SUH,T48SUJ,T48SVG,T48SVH,T48SVJ",2,"EPSG:32647,EPSG:32648",47,36,0.126806644782168,0.11413582341680326,65388702,125866577,0.5195080660690408,EPSG:32647:2files:4630251valid:5chunks|EPSG:32648:14files:60758451valid:42chunks,HLS-VI.S30.T47SQU.2018313T035949.v2.0.NDVI.tif|HLS-VI.S30.T47SQV.2018313T035949.v2.0.NDVI.tif|HLS-VI.S30.T48STC.2018313T035949.v2.0.NDVI.tif|HLS-VI.S30.T48STD.2018313T035949.v2.0.NDVI.tif|HLS-VI.S30.T48STE.2018313T035949.v2.0.NDVI.tif|HLS-VI.S30.T48STF.2018313T035949.v2.0.NDVI.tif|HLS-VI.S30.T48STH.2018313T035949.v2.0.NDVI.tif|HLS-VI.S30.T48SUD.2018313T035949.v2.0.NDVI.tif|HLS-VI.S30.T48SUE.2018313T035949.v2.0.NDVI.tif|HLS-VI.S30.T48SUF.2018313T035949.v2.0.NDVI.tif|HLS-VI.S30.T48SUG.2018313T035949.v2.0.NDVI.tif|HLS-VI.S30.T48SUH.2018313T035949.v2.0.NDVI.tif|HLS-VI.S30.T48SUJ.2018313T035949.v2.0.NDVI.tif|HLS-VI.S30.T48SVG.2018313T035949.v2.0.NDVI.tif|HLS-VI.S30.T48SVH.2018313T035949.v2.0.NDVI.tif|HLS-VI.S30.T48SVJ.2018313T035949.v2.0.NDVI.tif
2018-11-10,12,"T46TGK,T46TGL,T47TKE,T47TKF,T47TLE,T47TLF,T47TLG,T47TLH,T47TME,T47TMF,T47TNE,T47TNF",2,"EPSG:32646,EPSG:32647",37,31,0.07510828705265171,0.04560072197775531,62957045,111673493,0.5637599694316,EPSG:32646:2files:6359552valid:8chunks|EPSG:32647:10files:56597493valid:29chunks,HLS-VI.S30.T46TGK.2018314T042001.v2.0.NDVI.tif|HLS-VI.S30.T46TGL.2018314T042001.v2.0.NDVI.tif|HLS-VI.S30.T47TKE.2018314T042001.v2.0.NDVI.tif|HLS-VI.S30.T47TKF.2018314T042001.v2.0.NDVI.tif|HLS-VI.S30.T47TLE.2018314T042001.v2.0.NDVI.tif|HLS-VI.S30.T47TLF.2018314T042001.v2.0.NDVI.tif|HLS-VI.S30.T47TLG.2018314T042001.v2.0.NDVI.tif|HLS-VI.S30.T47TLH.2018314T042001.v2.0.NDVI.tif|HLS-VI.S30.T47TME.2018314T042001.v2.0.NDVI.tif|HLS-VI.S30.T47TMF.2018314T042001.v2.0.NDVI.tif|HLS-VI.S30.T47TNE.2018314T042001.v2.0.NDVI.tif|HLS-VI.S30.T47TNF.2018314T042001.v2.0.NDVI.tif
2018-11-11,17,"T46SDJ,T46SEH,T46SFH,T46TEL,T46TFM,T48STF,T48SUG,T48SUH,T48SUJ,T48SVF,T48SVG,T48SVH,T48SVJ,T48SWB,T48SWC,T48SWF,T48SWG",2,"EPSG:32646,EPSG:32648",55,42,0.1511396844595106,0.0985642282770261,49052003,147150924,0.3333448521193112,EPSG:32646:5files:7729470valid:17chunks|EPSG:32648:12files:41322533valid:38chunks,HLS-VI.S30.T46SDJ.2018315T044019.v2.0.NDVI.tif|HLS-VI.S30.T46SEH.2018315T044019.v2.0.NDVI.tif|HLS-VI.S30.T46SFH.2018315T044019.v2.0.NDVI.tif|HLS-VI.S30.T46TEL.2018315T044019.v2.0.NDVI.tif|HLS-VI.S30.T46TFM.2018315T044019.v2.0.NDVI.tif|HLS-VI.S30.T48STF.2018315T035001.v2.0.NDVI.tif|HLS-VI.S30.T48SUG.2018315T035001.v2.0.NDVI.tif|HLS-VI.S30.T48SUH.2018315T035001.v2.0.NDVI.tif|HLS-VI.S30.T48SUJ.2018315T035001.v2.0.NDVI.tif|HLS-VI.S30.T48SVF.2018315T035001.v2.0.NDVI.tif|HLS-VI.S30.T48SVG.2018315T035001.v2.0.NDVI.tif|HLS-VI.S30.T48SVH.2018315T035001.v2.0.NDVI.tif|HLS-VI.S30.T48SVJ.2018315T035001.v2.0.NDVI.tif|HLS-VI.S30.T48SWB.2018315T035001.v2.0.NDVI.tif|HLS-VI.S30.T48SWC.2018315T035001.v2.0.NDVI.tif|HLS-VI.S30.T48SWF.2018315T035001.v2.0.NDVI.tif|HLS-VI.S30.T48SWG.2018315T035001.v2.0.NDVI.tif
2018-11-12,6,"T47TME,T47TMF,T47TNE,T47TNF,T47TPE,T47TPF",1,EPSG:32647,12,10,0.0652136677428468,0.04680401246864561,17788348,27851321,0.6386895616189983,EPSG:32647:6files:17788348valid:12chunks,HLS-VI.S30.T47TME.2018316T041009.v2.0.NDVI.tif|HLS-VI.S30.T47TMF.2018316T041009.v2.0.NDVI.tif|HLS-VI.S30.T47TNE.2018316T041009.v2.0.NDVI.tif|HLS-VI.S30.T47TNF.2018316T041009.v2.0.NDVI.tif|HLS-VI.S30.T47TPE.2018316T041009.v2.0.NDVI.tif|HLS-VI.S30.T47TPF.2018316T041009.v2.0.NDVI.tif
2018-11-14,2,"T48STC,T48STH",1,EPSG:32648,7,7,0.15520358811016308,0.1001738775286647,14766561,19586190,0.7539271803245041,EPSG:32648:2files:14766561valid:7chunks,HLS-VI.S30.T48STC.2018318T040011.v2.0.NDVI.tif|HLS-VI.S30.T48STH.2018318T040011.v2.0.NDVI.tif
2018-11-15,9,"T46TGK,T46TGM,T47TKE,T47TKG,T47TLE,T47TLH,T47TME,T47TMF,T47TNF",2,"EPSG:32646,EPSG:32647",36,28,0.07584642795091352,0.05156009277945906,38019426,106346870,0.3575039491054133,EPSG:32646:2files:4798190valid:10chunks|EPSG:32647:7files:33221236valid:26chunks,HLS-VI.S30.T46TGK.2018319T042029.v2.0.NDVI.tif|HLS-VI.S30.T46TGM.2018319T042029.v2.0.NDVI.tif|HLS-VI.S30.T47TKE.2018319T042029.v2.0.NDVI.tif|HLS-VI.S30.T47TKG.2018319T042029.v2.0.NDVI.tif|HLS-VI.S30.T47TLE.2018319T042029.v2.0.NDVI.tif|HLS-VI.S30.T47TLH.2018319T042029.v2.0.NDVI.tif|HLS-VI.S30.T47TME.2018319T042029.v2.0.NDVI.tif|HLS-VI.S30.T47TMF.2018319T042029.v2.0.NDVI.tif|HLS-VI.S30.T47TNF.2018319T042029.v2.0.NDVI.tif
2018-11-17,5,"T47SQD,T47TMF,T47TNF,T47TPE,T48STJ",2,"EPSG:32647,EPSG:32648",15,10,0.0713601380243474,0.03417678137639449,6461256,21858744,0.29559136609129966,EPSG:32647:4files:5978915valid:13chunks|EPSG:32648:1files:482341valid:2chunks,HLS-VI.S30.T47SQD.2018321T041031.v2.0.NDVI.tif|HLS-VI.S30.T47TMF.2018321T041031.v2.0.NDVI.tif|HLS-VI.S30.T47TNF.2018321T041031.v2.0.NDVI.tif|HLS-VI.S30.T47TPE.2018321T041031.v2.0.NDVI.tif|HLS-VI.S30.T48STJ.2018321T041031.v2.0.NDVI.tif
2018-11-18,18,"T48SVD,T48SVE,T48SWC,T48SWD,T48SWE,T48SWF,T48SXC,T48SXD,T48SXE,T48SXF,T48SXG,T48SYE,T48SYF,T48SYG,T49SBA,T49SBB,T49SBU,T49SBV",2,"EPSG:32648,EPSG:32649",50,45,0.2269556699456201,0.18103909107392446,82058449,130890576,0.6269240422625996,EPSG:32648:14files:71523715valid:42chunks|EPSG:32649:4files:10534734valid:8chunks,HLS-VI.S30.T48SVD.2018322T034021.v2.0.NDVI.tif|HLS-VI.S30.T48SVE.2018322T034021.v2.0.NDVI.tif|HLS-VI.S30.T48SWC.2018322T034021.v2.0.NDVI.tif|HLS-VI.S30.T48SWD.2018322T034021.v2.0.NDVI.tif|HLS-VI.S30.T48SWE.2018322T034021.v2.0.NDVI.tif|HLS-VI.S30.T48SWF.2018322T034021.v2.0.NDVI.tif|HLS-VI.S30.T48SXC.2018322T034021.v2.0.NDVI.tif|HLS-VI.S30.T48SXD.2018322T034021.v2.0.NDVI.tif|HLS-VI.S30.T48SXE.2018322T034021.v2.0.NDVI.tif|HLS-VI.S30.T48SXF.2018322T034021.v2.0.NDVI.tif|HLS-VI.S30.T48SXG.2018322T034021.v2.0.NDVI.tif|HLS-VI.S30.T48SYE.2018322T034021.v2.0.NDVI.tif|HLS-VI.S30.T48SYF.2018322T034021.v2.0.NDVI.tif|HLS-VI.S30.T48SYG.2018322T034021.v2.0.NDVI.tif|HLS-VI.S30.T49SBA.2018322T034021.v2.0.NDVI.tif|HLS-VI.S30.T49SBB.2018322T034021.v2.0.NDVI.tif|HLS-VI.S30.T49SBU.2018322T034021.v2.0.NDVI.tif|HLS-VI.S30.T49SBV.2018322T034021.v2.0.NDVI.tif
2018-11-19,11,"T47SPD,T47SQD,T47SQU,T48STC,T48STJ,T48SUD,T48SUE,T48SUJ,T48SVG,T48SVH,T48SVJ",2,"EPSG:32647,EPSG:32648",41,27,0.12370092023037407,0.11199919795368202,27781983,102235507,0.2717449525633007,EPSG:32647:3files:8227238valid:11chunks|EPSG:32648:8files:19554745valid:30chunks,HLS-VI.S30.T47SPD.2018323T040039.v2.0.NDVI.tif|HLS-VI.S30.T47SQD.2018323T040039.v2.0.NDVI.tif|HLS-VI.S30.T47SQU.2018323T040039.v2.0.NDVI.tif|HLS-VI.S30.T48STC.2018323T040039.v2.0.NDVI.tif|HLS-VI.S30.T48STJ.2018323T040039.v2.0.NDVI.tif|HLS-VI.S30.T48SUD.2018323T040039.v2.0.NDVI.tif|HLS-VI.S30.T48SUE.2018323T040039.v2.0.NDVI.tif|HLS-VI.S30.T48SUJ.2018323T040039.v2.0.NDVI.tif|HLS-VI.S30.T48SVG.2018323T040039.v2.0.NDVI.tif|HLS-VI.S30.T48SVH.2018323T040039.v2.0.NDVI.tif|HLS-VI.S30.T48SVJ.2018323T040039.v2.0.NDVI.tif
2018-11-20,2,"T47TLG,T47TLH",1,EPSG:32647,6,6,0.06858802436413435,0.027182088868080642,7429529,9850495,0.7542290006745854,EPSG:32647:2files:7429529valid:6chunks,HLS-VI.S30.T47TLG.2018324T042051.v2.0.NDVI.tif|HLS-VI.S30.T47TLH.2018324T042051.v2.0.NDVI.tif
2018-11-21,14,"T47SQT,T48SUH,T48SUJ,T48SVD,T48SVE,T48SVF,T48SVG,T48SVJ,T48SWB,T48SWC,T48SWD,T48SWE,T48SWF,T48SWG",2,"EPSG:32647,EPSG:32648",45,34,0.1799513390030331,0.11975281079468125,66072611,130279341,0.5071610778258389,EPSG:32647:1files:1466216valid:2chunks|EPSG:32648:13files:64606395valid:43chunks,HLS-VI.S30.T47SQT.2018325T035041.v2.0.NDVI.tif|HLS-VI.S30.T48SUH.2018325T035041.v2.0.NDVI.tif|HLS-VI.S30.T48SUJ.2018325T035041.v2.0.NDVI.tif|HLS-VI.S30.T48SVD.2018325T035041.v2.0.NDVI.tif|HLS-VI.S30.T48SVE.2018325T035041.v2.0.NDVI.tif|HLS-VI.S30.T48SVF.2018325T035041.v2.0.NDVI.tif|HLS-VI.S30.T48SVG.2018325T035041.v2.0.NDVI.tif|HLS-VI.S30.T48SVJ.2018325T035041.v2.0.NDVI.tif|HLS-VI.S30.T48SWB.2018325T035041.v2.0.NDVI.tif|HLS-VI.S30.T48SWC.2018325T035041.v2.0.NDVI.tif|HLS-VI.S30.T48SWD.2018325T035041.v2.0.NDVI.tif|HLS-VI.S30.T48SWE.2018325T035041.v2.0.NDVI.tif|HLS-VI.S30.T48SWF.2018325T035041.v2.0.NDVI.tif|HLS-VI.S30.T48SWG.2018325T035041.v2.0.NDVI.tif
2018-11-22,9,"T47SPD,T47SQD,T47TME,T47TMF,T47TNE,T47TPE,T47TPF,T48STH,T48STJ",2,"EPSG:32647,EPSG:32648",27,19,0.08500105627524444,0.05517114469263264,25210655,63266661,0.3984824645637613,EPSG:32647:7files:24136799valid:21chunks|EPSG:32648:2files:1073856valid:6chunks,HLS-VI.S30.T47SPD.2018326T041059.v2.0.NDVI.tif|HLS-VI.S30.T47SQD.2018326T041059.v2.0.NDVI.tif|HLS-VI.S30.T47TME.2018326T041059.v2.0.NDVI.tif|HLS-VI.S30.T47TMF.2018326T041059.v2.0.NDVI.tif|HLS-VI.S30.T47TNE.2018326T041059.v2.0.NDVI.tif|HLS-VI.S30.T47TPE.2018326T041059.v2.0.NDVI.tif|HLS-VI.S30.T47TPF.2018326T041059.v2.0.NDVI.tif|HLS-VI.S30.T48STH.2018326T041059.v2.0.NDVI.tif|HLS-VI.S30.T48STJ.2018326T041059.v2.0.NDVI.tif
2018-11-23,12,"T48SWF,T48SXE,T48SXF,T48SXG,T48SYD,T48SYE,T48SYF,T48SYG,T49SBA,T49SBB,T49SBU,T49SBV",2,"EPSG:32648,EPSG:32649",32,29,0.26405814037080966,0.09725641809046033,48744928,66072755,0.737746261677752,EPSG:32648:8files:36981978valid:24chunks|EPSG:32649:4files:11762950valid:8chunks,HLS-VI.S30.T48SWF.2018327T034049.v2.0.NDVI.tif|HLS-VI.S30.T48SXE.2018327T034049.v2.0.NDVI.tif|HLS-VI.S30.T48SXF.2018327T034049.v2.0.NDVI.tif|HLS-VI.S30.T48SXG.2018327T034049.v2.0.NDVI.tif|HLS-VI.S30.T48SYD.2018327T034049.v2.0.NDVI.tif|HLS-VI.S30.T48SYE.2018327T034049.v2.0.NDVI.tif|HLS-VI.S30.T48SYF.2018327T034049.v2.0.NDVI.tif|HLS-VI.S30.T48SYG.2018327T034049.v2.0.NDVI.tif|HLS-VI.S30.T49SBA.2018327T034049.v2.0.NDVI.tif|HLS-VI.S30.T49SBB.2018327T034049.v2.0.NDVI.tif|HLS-VI.S30.T49SBU.2018327T034049.v2.0.NDVI.tif|HLS-VI.S30.T49SBV.2018327T034049.v2.0.NDVI.tif
2018-11-24,13,"T47SPC,T47SPD,T47SQC,T47SQD,T48STF,T48STG,T48STH,T48STJ,T48SUG,T48SUH,T48SUJ,T48SVG,T48SVJ",2,"EPSG:32647,EPSG:32648",39,30,0.13211731241009486,0.08250068293321706,63530043,99168980,0.6406241447678498,EPSG:32647:4files:18627622valid:13chunks|EPSG:32648:9files:44902421valid:26chunks,HLS-VI.S30.T47SPC.2018328T040051.v2.0.NDVI.tif|HLS-VI.S30.T47SPD.2018328T040051.v2.0.NDVI.tif|HLS-VI.S30.T47SQC.2018328T040051.v2.0.NDVI.tif|HLS-VI.S30.T47SQD.2018328T040051.v2.0.NDVI.tif|HLS-VI.S30.T48STF.2018328T040051.v2.0.NDVI.tif|HLS-VI.S30.T48STG.2018328T040051.v2.0.NDVI.tif|HLS-VI.S30.T48STH.2018328T040051.v2.0.NDVI.tif|HLS-VI.S30.T48STJ.2018328T040051.v2.0.NDVI.tif|HLS-VI.S30.T48SUG.2018328T040051.v2.0.NDVI.tif|HLS-VI.S30.T48SUH.2018328T040051.v2.0.NDVI.tif|HLS-VI.S30.T48SUJ.2018328T040051.v2.0.NDVI.tif|HLS-VI.S30.T48SVG.2018328T040051.v2.0.NDVI.tif|HLS-VI.S30.T48SVJ.2018328T040051.v2.0.NDVI.tif
2018-11-25,6,"T48SYD,T48SYE,T48SYF,T49SBA,T49SBU,T49SBV",2,"EPSG:32648,EPSG:32649",15,15,0.3052684784976336,0.09740920844388182,29268008,37683917,0.7766710663331522,EPSG:32648:3files:14346147valid:8chunks|EPSG:32649:3files:14921861valid:7chunks,HLS-VI.S30.T48SYD.2018329T033051.v2.0.NDVI.tif|HLS-VI.S30.T48SYE.2018329T033051.v2.0.NDVI.tif|HLS-VI.S30.T48SYF.2018329T033051.v2.0.NDVI.tif|HLS-VI.S30.T49SBA.2018329T033051.v2.0.NDVI.tif|HLS-VI.S30.T49SBU.2018329T033051.v2.0.NDVI.tif|HLS-VI.S30.T49SBV.2018329T033051.v2.0.NDVI.tif
2018-11-26,11,"T46SFH,T46SFJ,T46TDK,T46TEK,T46TEL,T46TFK,T46TFL,T46TFM,T48SUJ,T48SVJ,T48SWB",2,"EPSG:32646,EPSG:32648",32,23,0.05571423108028854,0.03937054710061705,33038831,86956071,0.37994852596318435,EPSG:32646:8files:28329649valid:22chunks|EPSG:32648:3files:4709182valid:10chunks,HLS-VI.S30.T46SFH.2018330T044121.v2.0.NDVI.tif|HLS-VI.S30.T46SFJ.2018330T044121.v2.0.NDVI.tif|HLS-VI.S30.T46TDK.2018330T044121.v2.0.NDVI.tif|HLS-VI.S30.T46TEK.2018330T044121.v2.0.NDVI.tif|HLS-VI.S30.T46TEL.2018330T044121.v2.0.NDVI.tif|HLS-VI.S30.T46TFK.2018330T044121.v2.0.NDVI.tif|HLS-VI.S30.T46TFL.2018330T044121.v2.0.NDVI.tif|HLS-VI.S30.T46TFM.2018330T044121.v2.0.NDVI.tif|HLS-VI.S30.T48SUJ.2018330T035059.v2.0.NDVI.tif|HLS-VI.S30.T48SVJ.2018330T035059.v2.0.NDVI.tif|HLS-VI.S30.T48SWB.2018330T035059.v2.0.NDVI.tif
2018-11-27,9,"T47SND,T47SPD,T47SQC,T47SQD,T47TNF,T47TPE,T47TPF,T48STH,T48STJ",2,"EPSG:32647,EPSG:32648",27,18,0.10855511380894113,0.06643028734357119,27290072,67249493,0.40580338650285436,EPSG:32647:7files:26073338valid:21chunks|EPSG:32648:2files:1216734valid:6chunks,HLS-VI.S30.T47SND.2018331T041111.v2.0.NDVI.tif|HLS-VI.S30.T47SPD.2018331T041111.v2.0.NDVI.tif|HLS-VI.S30.T47SQC.2018331T041111.v2.0.NDVI.tif|HLS-VI.S30.T47SQD.2018331T041111.v2.0.NDVI.tif|HLS-VI.S30.T47TNF.2018331T041111.v2.0.NDVI.tif|HLS-VI.S30.T47TPE.2018331T041111.v2.0.NDVI.tif|HLS-VI.S30.T47TPF.2018331T041111.v2.0.NDVI.tif|HLS-VI.S30.T48STH.2018331T041111.v2.0.NDVI.tif|HLS-VI.S30.T48STJ.2018331T041111.v2.0.NDVI.tif
2018-11-28,3,"T48SWF,T48SYD,T49SBU",2,"EPSG:32648,EPSG:32649",5,5,0.22733547597842724,0.07555948606090632,3209588,7548246,0.42520977721181846,EPSG:32648:2files:3050644valid:4chunks|EPSG:32649:1files:158944valid:1chunks,HLS-VI.S30.T48SWF.2018332T034101.v2.0.NDVI.tif|HLS-VI.S30.T48SYD.2018332T034101.v2.0.NDVI.tif|HLS-VI.S30.T49SBU.2018332T034101.v2.0.NDVI.tif
2018-11-29,11,"T47SPD,T47SQC,T47SQD,T48STH,T48STJ,T48SUG,T48SUH,T48SUJ,T48SVG,T48SVH,T48SVJ",2,"EPSG:32647,EPSG:32648",37,29,0.12082922679067304,0.06752009318738555,58542416,83514851,0.7009821043684793,EPSG:32647:3files:16202482valid:12chunks|EPSG:32648:8files:42339934valid:25chunks,HLS-VI.S30.T47SPD.2018333T040119.v2.0.NDVI.tif|HLS-VI.S30.T47SQC.2018333T040119.v2.0.NDVI.tif|HLS-VI.S30.T47SQD.2018333T040119.v2.0.NDVI.tif|HLS-VI.S30.T48STH.2018333T040119.v2.0.NDVI.tif|HLS-VI.S30.T48STJ.2018333T040119.v2.0.NDVI.tif|HLS-VI.S30.T48SUG.2018333T040119.v2.0.NDVI.tif|HLS-VI.S30.T48SUH.2018333T040119.v2.0.NDVI.tif|HLS-VI.S30.T48SUJ.2018333T040119.v2.0.NDVI.tif|HLS-VI.S30.T48SVG.2018333T040119.v2.0.NDVI.tif|HLS-VI.S30.T48SVH.2018333T040119.v2.0.NDVI.tif|HLS-VI.S30.T48SVJ.2018333T040119.v2.0.NDVI.tif
2018-11-30,5,"T46TGL,T47TKF,T47TLF,T47TLG,T47TLH",2,"EPSG:32646,EPSG:32647",16,12,0.06876960694264063,0.03210749785866108,21951032,50362266,0.4358626754403783,EPSG:32646:1files:2292467valid:4chunks|EPSG:32647:4files:19658565valid:12chunks,HLS-VI.S30.T46TGL.2018334T042121.v2.0.NDVI.tif|HLS-VI.S30.T47TKF.2018334T042121.v2.0.NDVI.tif|HLS-VI.S30.T47TLF.2018334T042121.v2.0.NDVI.tif|HLS-VI.S30.T47TLG.2018334T042121.v2.0.NDVI.tif|HLS-VI.S30.T47TLH.2018334T042121.v2.0.NDVI.tif
2018-12-01,14,"T46SFH,T46TFL,T48STE,T48STF,T48SUE,T48SUF,T48SUG,T48SUH,T48SUJ,T48SVF,T48SVG,T48SVH,T48SVJ,T48SWG",2,"EPSG:32646,EPSG:32648",43,39,0.14937423980990278,0.09154353522261385,67553253,118880331,0.5682458353855021,EPSG:32646:2files:7590087valid:8chunks|EPSG:32648:12files:59963166valid:35chunks,HLS-VI.S30.T46SFH.2018335T044139.v2.0.NDVI.tif|HLS-VI.S30.T46TFL.2018335T044139.v2.0.NDVI.tif|HLS-VI.S30.T48STE.2018335T035111.v2.0.NDVI.tif|HLS-VI.S30.T48STF.2018335T035111.v2.0.NDVI.tif|HLS-VI.S30.T48SUE.2018335T035111.v2.0.NDVI.tif|HLS-VI.S30.T48SUF.2018335T035111.v2.0.NDVI.tif|HLS-VI.S30.T48SUG.2018335T035111.v2.0.NDVI.tif|HLS-VI.S30.T48SUH.2018335T035111.v2.0.NDVI.tif|HLS-VI.S30.T48SUJ.2018335T035111.v2.0.NDVI.tif|HLS-VI.S30.T48SVF.2018335T035111.v2.0.NDVI.tif|HLS-VI.S30.T48SVG.2018335T035111.v2.0.NDVI.tif|HLS-VI.S30.T48SVH.2018335T035111.v2.0.NDVI.tif|HLS-VI.S30.T48SVJ.2018335T035111.v2.0.NDVI.tif|HLS-VI.S30.T48SWG.2018335T035111.v2.0.NDVI.tif
2018-12-04,5,"T48STF,T48SUH,T48SUJ,T48SVH,T48SVJ",1,EPSG:32648,15,12,0.08758439043325876,0.057371237009127336,19433528,35960413,0.5404144830038521,EPSG:32648:5files:19433528valid:15chunks,HLS-VI.S30.T48STF.2018338T040121.v2.0.NDVI.tif|HLS-VI.S30.T48SUH.2018338T040121.v2.0.NDVI.tif|HLS-VI.S30.T48SUJ.2018338T040121.v2.0.NDVI.tif|HLS-VI.S30.T48SVH.2018338T040121.v2.0.NDVI.tif|HLS-VI.S30.T48SVJ.2018338T040121.v2.0.NDVI.tif
2018-12-06,4,"T48SUH,T48SUJ,T48SVH,T48SWG",1,EPSG:32648,13,11,0.07988578190366526,0.031496696040528224,10254198,25233199,0.4063772492738634,EPSG:32648:4files:10254198valid:13chunks,HLS-VI.S30.T48SUH.2018340T035129.v2.0.NDVI.tif|HLS-VI.S30.T48SUJ.2018340T035129.v2.0.NDVI.tif|HLS-VI.S30.T48SVH.2018340T035129.v2.0.NDVI.tif|HLS-VI.S30.T48SWG.2018340T035129.v2.0.NDVI.tif
2018-12-07,2,"T47TNE,T47TPE",1,EPSG:32647,4,4,0.010016275612696041,0.046938850804133576,11156091,11754030,0.9491290221311329,EPSG:32647:2files:11156091valid:4chunks,HLS-VI.S30.T47TNE.2018341T041131.v2.0.NDVI.tif|HLS-VI.S30.T47TPE.2018341T041131.v2.0.NDVI.tif
2018-12-08,6,"T46TEK,T46TFL,T46TFM,T46TGM,T47TKG,T47TLH",2,"EPSG:32646,EPSG:32647",24,24,0.01277547239096326,0.04958267064747565,37191718,62531241,0.5947701885526309,EPSG:32646:4files:27151129valid:18chunks|EPSG:32647:2files:10040589valid:6chunks,HLS-VI.S30.T46TEK.2018342T043149.v2.0.NDVI.tif|HLS-VI.S30.T46TFL.2018342T043149.v2.0.NDVI.tif|HLS-VI.S30.T46TFM.2018342T043149.v2.0.NDVI.tif|HLS-VI.S30.T46TGM.2018342T043149.v2.0.NDVI.tif|HLS-VI.S30.T47TKG.2018342T043149.v2.0.NDVI.tif|HLS-VI.S30.T47TLH.2018342T043149.v2.0.NDVI.tif
2018-12-09,9,"T48STC,T48STF,T48STJ,T48SUD,T48SUH,T48SUJ,T48SVG,T48SVH,T48SVJ",1,EPSG:32648,31,20,0.1079406606819141,0.08822575015780959,26881006,84516020,0.3180581148994001,EPSG:32648:9files:26881006valid:31chunks,HLS-VI.S30.T48STC.2018343T040139.v2.0.NDVI.tif|HLS-VI.S30.T48STF.2018343T040139.v2.0.NDVI.tif|HLS-VI.S30.T48STJ.2018343T040139.v2.0.NDVI.tif|HLS-VI.S30.T48SUD.2018343T040139.v2.0.NDVI.tif|HLS-VI.S30.T48SUH.2018343T040139.v2.0.NDVI.tif|HLS-VI.S30.T48SUJ.2018343T040139.v2.0.NDVI.tif|HLS-VI.S30.T48SVG.2018343T040139.v2.0.NDVI.tif|HLS-VI.S30.T48SVH.2018343T040139.v2.0.NDVI.tif|HLS-VI.S30.T48SVJ.2018343T040139.v2.0.NDVI.tif
2018-12-10,2,"T47TLH,T47TNE",1,EPSG:32647,11,8,0.02795120431957149,0.05410203909270143,8085147,20552517,0.39338962716829284,EPSG:32647:2files:8085147valid:11chunks,HLS-VI.S30.T47TLH.2018344T042141.v2.0.NDVI.tif|HLS-VI.S30.T47TNE.2018344T042141.v2.0.NDVI.tif
2018-12-11,13,"T46SFH,T46SFJ,T46TDK,T46TEK,T46TFK,T48SUH,T48SUJ,T48SVG,T48SVH,T48SVJ,T48SWB,T48SWF,T48SWG",2,"EPSG:32646,EPSG:32648",38,29,0.07618531049923621,0.06435500176096955,38944803,105092239,0.3705773458685184,EPSG:32646:5files:18877238valid:14chunks|EPSG:32648:8files:20067565valid:24chunks,HLS-VI.S30.T46SFH.2018345T044159.v2.0.NDVI.tif|HLS-VI.S30.T46SFJ.2018345T044159.v2.0.NDVI.tif|HLS-VI.S30.T46TDK.2018345T044159.v2.0.NDVI.tif|HLS-VI.S30.T46TEK.2018345T044159.v2.0.NDVI.tif|HLS-VI.S30.T46TFK.2018345T044159.v2.0.NDVI.tif|HLS-VI.S30.T48SUH.2018345T035131.v2.0.NDVI.tif|HLS-VI.S30.T48SUJ.2018345T035131.v2.0.NDVI.tif|HLS-VI.S30.T48SVG.2018345T035131.v2.0.NDVI.tif|HLS-VI.S30.T48SVH.2018345T035131.v2.0.NDVI.tif|HLS-VI.S30.T48SVJ.2018345T035131.v2.0.NDVI.tif|HLS-VI.S30.T48SWB.2018345T035131.v2.0.NDVI.tif|HLS-VI.S30.T48SWF.2018345T035131.v2.0.NDVI.tif|HLS-VI.S30.T48SWG.2018345T035131.v2.0.NDVI.tif
2018-12-12,6,"T47SQD,T47TME,T47TNE,T47TPE,T48STH,T48STJ",2,"EPSG:32647,EPSG:32648",20,12,0.02879218303451257,0.054318556790951815,16408443,48347792,0.33938350276678614,EPSG:32647:4files:15496845valid:14chunks|EPSG:32648:2files:911598valid:6chunks,HLS-VI.S30.T47SQD.2018346T041139.v2.0.NDVI.tif|HLS-VI.S30.T47TME.2018346T041139.v2.0.NDVI.tif|HLS-VI.S30.T47TNE.2018346T041139.v2.0.NDVI.tif|HLS-VI.S30.T47TPE.2018346T041139.v2.0.NDVI.tif|HLS-VI.S30.T48STH.2018346T041139.v2.0.NDVI.tif|HLS-VI.S30.T48STJ.2018346T041139.v2.0.NDVI.tif
2018-12-13,7,"T46TEK,T46TEL,T46TFK,T46TFM,T46TGM,T47TKG,T47TLH",2,"EPSG:32646,EPSG:32647",27,26,0.03166440589900214,0.05292262945856283,41224228,62893066,0.6554653894596266,EPSG:32646:5files:30931396valid:21chunks|EPSG:32647:2files:10292832valid:6chunks,HLS-VI.S30.T46TEK.2018347T043151.v2.0.NDVI.tif|HLS-VI.S30.T46TEL.2018347T043151.v2.0.NDVI.tif|HLS-VI.S30.T46TFK.2018347T043151.v2.0.NDVI.tif|HLS-VI.S30.T46TFM.2018347T043151.v2.0.NDVI.tif|HLS-VI.S30.T46TGM.2018347T043151.v2.0.NDVI.tif|HLS-VI.S30.T47TKG.2018347T043151.v2.0.NDVI.tif|HLS-VI.S30.T47TLH.2018347T043151.v2.0.NDVI.tif
2018-12-14,7,"T47SPU,T47SQT,T47SQU,T48STC,T48STD,T48SUD,T48SVJ",2,"EPSG:32647,EPSG:32648",19,16,0.22741643884016896,0.11445516670267099,21932304,44436629,0.49356363193076597,EPSG:32647:3files:8134097valid:7chunks|EPSG:32648:4files:13798207valid:12chunks,HLS-VI.S30.T47SPU.2018348T040141.v2.0.NDVI.tif|HLS-VI.S30.T47SQT.2018348T040141.v2.0.NDVI.tif|HLS-VI.S30.T47SQU.2018348T040141.v2.0.NDVI.tif|HLS-VI.S30.T48STC.2018348T040141.v2.0.NDVI.tif|HLS-VI.S30.T48STD.2018348T040141.v2.0.NDVI.tif|HLS-VI.S30.T48SUD.2018348T040141.v2.0.NDVI.tif|HLS-VI.S30.T48SVJ.2018348T040141.v2.0.NDVI.tif
2018-12-15,3,"T47TME,T47TNE,T47TNF",1,EPSG:32647,12,10,0.033647673585615816,0.047841015537571474,20864079,27326252,0.7635177703843176,EPSG:32647:3files:20864079valid:12chunks,HLS-VI.S30.T47TME.2018349T042149.v2.0.NDVI.tif|HLS-VI.S30.T47TNE.2018349T042149.v2.0.NDVI.tif|HLS-VI.S30.T47TNF.2018349T042149.v2.0.NDVI.tif
2018-12-16,14,"T48SUF,T48SUH,T48SUJ,T48SVE,T48SVF,T48SVG,T48SVH,T48SVJ,T48SWB,T48SWC,T48SWD,T48SWE,T48SWF,T48SWG",1,EPSG:32648,45,35,0.1614537528037254,0.08247252585735279,64482274,128416605,0.5021334585196362,EPSG:32648:14files:64482274valid:45chunks,HLS-VI.S30.T48SUF.2018350T035149.v2.0.NDVI.tif|HLS-VI.S30.T48SUH.2018350T035149.v2.0.NDVI.tif|HLS-VI.S30.T48SUJ.2018350T035149.v2.0.NDVI.tif|HLS-VI.S30.T48SVE.2018350T035149.v2.0.NDVI.tif|HLS-VI.S30.T48SVF.2018350T035149.v2.0.NDVI.tif|HLS-VI.S30.T48SVG.2018350T035149.v2.0.NDVI.tif|HLS-VI.S30.T48SVH.2018350T035149.v2.0.NDVI.tif|HLS-VI.S30.T48SVJ.2018350T035149.v2.0.NDVI.tif|HLS-VI.S30.T48SWB.2018350T035149.v2.0.NDVI.tif|HLS-VI.S30.T48SWC.2018350T035149.v2.0.NDVI.tif|HLS-VI.S30.T48SWD.2018350T035149.v2.0.NDVI.tif|HLS-VI.S30.T48SWE.2018350T035149.v2.0.NDVI.tif|HLS-VI.S30.T48SWF.2018350T035149.v2.0.NDVI.tif|HLS-VI.S30.T48SWG.2018350T035149.v2.0.NDVI.tif
2018-12-17,2,"T47SQD,T48STJ",2,"EPSG:32647,EPSG:32648",4,2,0.10949596189027046,0.04583231458882744,1577731,6165408,0.2559005016375234,EPSG:32647:1files:1052683valid:2chunks|EPSG:32648:1files:525048valid:2chunks,HLS-VI.S30.T47SQD.2018351T041141.v2.0.NDVI.tif|HLS-VI.S30.T48STJ.2018351T041141.v2.0.NDVI.tif
2018-12-18,4,"T47TLH,T48SXG,T48SYG,T49SBB",3,"EPSG:32647,EPSG:32648,EPSG:32649",6,6,0.12220512820472593,0.07322321141460435,4145262,4258441,0.973422433233195,EPSG:32647:1files:1791874valid:2chunks|EPSG:32648:2files:2345572valid:3chunks|EPSG:32649:1files:7816valid:1chunks,HLS-VI.S30.T47TLH.2018352T043159.v2.0.NDVI.tif|HLS-VI.S30.T48SXG.2018352T034141.v2.0.NDVI.tif|HLS-VI.S30.T48SYG.2018352T034141.v2.0.NDVI.tif|HLS-VI.S30.T49SBB.2018352T034141.v2.0.NDVI.tif
2018-12-20,1,T47TLH,1,EPSG:32647,2,2,0.04883711412197511,0.01937240538703196,591917,1904313,0.31082967978478326,EPSG:32647:1files:591917valid:2chunks,HLS-VI.S30.T47TLH.2018354T042151.v2.0.NDVI.tif
2018-12-21,2,"T48STC,T48SUC",1,EPSG:32648,6,6,0.32548079047168527,0.15577781664679158,7539528,10937997,0.6892969526321867,EPSG:32648:2files:7539528valid:6chunks,HLS-VI.S30.T48STC.2018355T035141.v2.0.NDVI.tif|HLS-VI.S30.T48SUC.2018355T035141.v2.0.NDVI.tif
2018-12-23,6,"T46SEH,T46TEL,T46TFM,T47TLH,T48SYG,T49SBB",4,"EPSG:32646,EPSG:32647,EPSG:32648,EPSG:32649",14,12,0.04251479257104798,0.05302952052125159,8091947,21602056,0.3745915203626914,EPSG:32646:3files:6175538valid:10chunks|EPSG:32647:1files:1529986valid:2chunks|EPSG:32648:1files:378655valid:1chunks|EPSG:32649:1files:7768valid:1chunks,HLS-VI.S30.T46SEH.2018357T043201.v2.0.NDVI.tif|HLS-VI.S30.T46TEL.2018357T043201.v2.0.NDVI.tif|HLS-VI.S30.T46TFM.2018357T043201.v2.0.NDVI.tif|HLS-VI.S30.T47TLH.2018357T043201.v2.0.NDVI.tif|HLS-VI.S30.T48SYG.2018357T034149.v2.0.NDVI.tif|HLS-VI.S30.T49SBB.2018357T034149.v2.0.NDVI.tif
2018-12-24,3,"T48STJ,T48SUJ,T48SVH",1,EPSG:32648,7,7,0.08196056002832001,0.026343257534798676,10307100,16371180,0.6295880932223579,EPSG:32648:3files:10307100valid:7chunks,HLS-VI.S30.T48STJ.2018358T040151.v2.0.NDVI.tif|HLS-VI.S30.T48SUJ.2018358T040151.v2.0.NDVI.tif|HLS-VI.S30.T48SVH.2018358T040151.v2.0.NDVI.tif
2018-12-25,5,"T47TLE,T47TLG,T47TLH,T47TME,T47TNF",1,EPSG:32647,20,19,0.039204856371007145,0.0491603023288573,33583693,53952848,0.6224637668802951,EPSG:32647:5files:33583693valid:20chunks,HLS-VI.S30.T47TLE.2018359T042159.v2.0.NDVI.tif|HLS-VI.S30.T47TLG.2018359T042159.v2.0.NDVI.tif|HLS-VI.S30.T47TLH.2018359T042159.v2.0.NDVI.tif|HLS-VI.S30.T47TME.2018359T042159.v2.0.NDVI.tif|HLS-VI.S30.T47TNF.2018359T042159.v2.0.NDVI.tif
2018-12-26,11,"T46SEH,T48STF,T48SUE,T48SUF,T48SVD,T48SVE,T48SVG,T48SVH,T48SWB,T48SWE,T48SWG",2,"EPSG:32646,EPSG:32648",42,35,0.17448703901964813,0.08497018429849834,57804887,125731487,0.45974869445391986,EPSG:32646:1files:1397855valid:2chunks|EPSG:32648:10files:56407032valid:40chunks,HLS-VI.S30.T46SEH.2018360T044211.v2.0.NDVI.tif|HLS-VI.S30.T48STF.2018360T035149.v2.0.NDVI.tif|HLS-VI.S30.T48SUE.2018360T035149.v2.0.NDVI.tif|HLS-VI.S30.T48SUF.2018360T035149.v2.0.NDVI.tif|HLS-VI.S30.T48SVD.2018360T035149.v2.0.NDVI.tif|HLS-VI.S30.T48SVE.2018360T035149.v2.0.NDVI.tif|HLS-VI.S30.T48SVG.2018360T035149.v2.0.NDVI.tif|HLS-VI.S30.T48SVH.2018360T035149.v2.0.NDVI.tif|HLS-VI.S30.T48SWB.2018360T035149.v2.0.NDVI.tif|HLS-VI.S30.T48SWE.2018360T035149.v2.0.NDVI.tif|HLS-VI.S30.T48SWG.2018360T035149.v2.0.NDVI.tif
2018-12-28,5,"T46TEK,T46TEL,T46TFK,T46TFM,T49SBV",2,"EPSG:32646,EPSG:32649",21,19,0.08393856958389365,0.10839686823809329,26744876,41322194,0.6472278795264356,EPSG:32646:4files:21343933valid:17chunks|EPSG:32649:1files:5400943valid:4chunks,HLS-VI.S30.T46TEK.2018362T043209.v2.0.NDVI.tif|HLS-VI.S30.T46TEL.2018362T043209.v2.0.NDVI.tif|HLS-VI.S30.T46TFK.2018362T043209.v2.0.NDVI.tif|HLS-VI.S30.T46TFM.2018362T043209.v2.0.NDVI.tif|HLS-VI.S30.T49SBV.2018362T034141.v2.0.NDVI.tif
2018-12-30,1,T47TLG,1,EPSG:32647,4,4,0.00867002475896513,0.015481386034231801,6543855,8677259,0.7541384900462231,EPSG:32647:1files:6543855valid:4chunks,HLS-VI.S30.T47TLG.2018364T042151.v2.0.NDVI.tif
2018-12-31,7,"T48SUG,T48SUH,T48SUJ,T48SVG,T48SVH,T48SVJ,T48SWG",1,EPSG:32648,20,19,0.11342892390562428,0.06025736920500822,24689600,38192920,0.6464444195416323,EPSG:32648:7files:24689600valid:20chunks,HLS-VI.S30.T48SUG.2018365T035141.v2.0.NDVI.tif|HLS-VI.S30.T48SUH.2018365T035141.v2.0.NDVI.tif|HLS-VI.S30.T48SUJ.2018365T035141.v2.0.NDVI.tif|HLS-VI.S30.T48SVG.2018365T035141.v2.0.NDVI.tif|HLS-VI.S30.T48SVH.2018365T035141.v2.0.NDVI.tif|HLS-VI.S30.T48SVJ.2018365T035141.v2.0.NDVI.tif|HLS-VI.S30.T48SWG.2018365T035141.v2.0.NDVI.tif
